{"type":"FeatureCollection","features":[{"type":"Feature","properties":{"kod":"14800101","namn":"Nordöstra Göteborg, Bergum"},"geometry":{"type":"Polygon","coordinates":[[[12.14605,57.864766],[12.145445,57.864713],[12.145206,57.864726],[12.14459,57.864822],[12.144163,57.865116],[12.143204,57.865447],[12.14249,57.865894],[12.142318,57.866081],[12.142141,57.866051],[12.141574,57.866033],[12.141357,57.866008],[12.140928,57.865928],[12.140765,57.865889],[12.138202,57.865916],[12.137823,57.865967],[12.137548,57.866004],[12.137538,57.866001],[12.13753,57.866003],[12.137466,57.865975],[12.135901,57.865416],[12.135134,57.865327],[12.132627,57.865035],[12.130804,57.864823],[12.130102,57.864739],[12.129546,57.86456],[12.129301,57.864479],[12.129233,57.864456],[12.12886,57.864332],[12.128854,57.86433],[12.128835,57.864325],[12.126536,57.863676],[12.126531,57.863667],[12.125891,57.862351],[12.125699,57.86205],[12.125448,57.861863],[12.125361,57.861798],[12.125361,57.861798],[12.124733,57.861593],[12.123855,57.861306],[12.122313,57.860802],[12.114982,57.858406],[12.112441,57.857576],[12.110953,57.857098],[12.110193,57.856853],[12.110125,57.856832],[12.109413,57.856603],[12.108837,57.856418],[12.105592,57.855375],[12.10449,57.855021],[12.100808,57.853837],[12.098815,57.853225],[12.09855,57.853143],[12.098133,57.853015],[12.096301,57.852419],[12.094788,57.851927],[12.093518,57.851514],[12.093498,57.851507],[12.093454,57.851491],[12.093446,57.851489],[12.09327,57.851433],[12.092943,57.85131],[12.092929,57.851305],[12.091488,57.850764],[12.090571,57.85042],[12.089077,57.849859],[12.087181,57.849146],[12.085941,57.84868],[12.08282,57.847507],[12.080074,57.846476],[12.080029,57.846461],[12.078996,57.846121],[12.078992,57.846119],[12.078965,57.846111],[12.074727,57.844978],[12.074722,57.844977],[12.073241,57.844581],[12.07322,57.844575],[12.068942,57.843459],[12.062501,57.841858],[12.062349,57.84182],[12.061667,57.841651],[12.061359,57.841564],[12.061347,57.841561],[12.061306,57.841549],[12.061288,57.841544],[12.060038,57.841108],[12.060008,57.841098],[12.060001,57.841095],[12.060007,57.841097],[12.060161,57.840987],[12.072645,57.832698],[12.076648,57.830047],[12.078834,57.828597],[12.080701,57.82736],[12.084228,57.824099],[12.085827,57.822621],[12.086042,57.822317],[12.08659,57.821877],[12.089543,57.81924],[12.094423,57.814964],[12.101887,57.808422],[12.105047,57.805654],[12.105998,57.805305],[12.112449,57.805223],[12.122612,57.798719],[12.127673,57.79732],[12.128663,57.798538],[12.135753,57.802844],[12.144589,57.808497],[12.147683,57.806239],[12.148013,57.804722],[12.146476,57.803162],[12.149116,57.799594],[12.152343,57.800132],[12.154158,57.800719],[12.157266,57.802172],[12.162868,57.80418],[12.164348,57.804991],[12.166157,57.804166],[12.166556,57.803567],[12.163643,57.802099],[12.162595,57.801711],[12.164253,57.799669],[12.161636,57.799343],[12.161699,57.798841],[12.162075,57.798442],[12.162,57.798266],[12.162764,57.797776],[12.16293,57.797347],[12.162255,57.795749],[12.1665,57.795819],[12.171117,57.798357],[12.172498,57.797972],[12.172383,57.798377],[12.172838,57.79865],[12.173437,57.799119],[12.173557,57.799452],[12.173242,57.799922],[12.173171,57.800138],[12.173201,57.800343],[12.173361,57.800457],[12.173813,57.800683],[12.173971,57.80079],[12.174252,57.80137],[12.17258,57.802112],[12.172443,57.802464],[12.171794,57.803423],[12.171906,57.803642],[12.171841,57.803747],[12.171709,57.803797],[12.170701,57.80406],[12.170224,57.804054],[12.169945,57.804308],[12.169955,57.804513],[12.170236,57.804612],[12.169893,57.805107],[12.170323,57.805186],[12.172214,57.805373],[12.174383,57.805684],[12.173401,57.80822],[12.173454,57.808229],[12.17352,57.808251],[12.173553,57.808274],[12.173578,57.808299],[12.1736,57.808339],[12.173618,57.808392],[12.173635,57.808425],[12.173669,57.808454],[12.173725,57.808491],[12.17377,57.808527],[12.173821,57.808561],[12.173902,57.808599],[12.173965,57.808626],[12.174015,57.80864],[12.174066,57.808664],[12.174111,57.808683],[12.1742,57.808703],[12.17426,57.808729],[12.174552,57.808814],[12.174771,57.808857],[12.175039,57.808859],[12.175148,57.808838],[12.175259,57.808834],[12.175357,57.808865],[12.175419,57.808909],[12.175458,57.808976],[12.175468,57.809058],[12.175485,57.809111],[12.175503,57.809127],[12.17555,57.809141],[12.175643,57.809147],[12.175743,57.809139],[12.175964,57.809137],[12.176101,57.809164],[12.176325,57.809242],[12.176365,57.809246],[12.176404,57.80922],[12.176439,57.809211],[12.176538,57.809214],[12.176656,57.809229],[12.176728,57.809261],[12.176748,57.809281],[12.176742,57.809298],[12.176678,57.809332],[12.176532,57.809411],[12.176486,57.809504],[12.176527,57.809627],[12.176515,57.809694],[12.176518,57.809813],[12.176537,57.809886],[12.176592,57.809978],[12.176667,57.810045],[12.176858,57.810148],[12.176888,57.810172],[12.176918,57.810183],[12.177038,57.810188],[12.177125,57.810182],[12.177174,57.810188],[12.177378,57.810229],[12.177427,57.810243],[12.177515,57.810303],[12.177594,57.810305],[12.177649,57.810297],[12.177925,57.810286],[12.178188,57.810297],[12.17828,57.810286],[12.178317,57.810274],[12.178433,57.8102],[12.178479,57.810114],[12.178485,57.810067],[12.178462,57.810016],[12.178464,57.809964],[12.178417,57.809906],[12.178389,57.809871],[12.178277,57.809805],[12.178212,57.809743],[12.177966,57.809615],[12.177828,57.80947],[12.177772,57.809334],[12.177782,57.809308],[12.177852,57.809268],[12.178073,57.809246],[12.17816,57.809267],[12.17841,57.809255],[12.178586,57.809272],[12.1787,57.809271],[12.178808,57.80929],[12.178846,57.809316],[12.178931,57.809404],[12.17894,57.809481],[12.178966,57.809551],[12.179057,57.809672],[12.179047,57.809739],[12.179058,57.80976],[12.179351,57.809924],[12.179381,57.809969],[12.179369,57.809999],[12.179367,57.810047],[12.179346,57.810101],[12.179331,57.810129],[12.179327,57.810161],[12.17931,57.810195],[12.179293,57.810228],[12.179291,57.810256],[12.179306,57.810277],[12.179319,57.810296],[12.179327,57.810321],[12.179339,57.810347],[12.179368,57.810371],[12.179395,57.810389],[12.179429,57.810402],[12.179473,57.810408],[12.179529,57.810411],[12.179569,57.810408],[12.179625,57.810402],[12.179678,57.810391],[12.179742,57.810376],[12.179798,57.810352],[12.179856,57.81033],[12.179888,57.810302],[12.179951,57.810232],[12.18,57.810205],[12.180037,57.810177],[12.180083,57.810156],[12.180155,57.810152],[12.180225,57.810155],[12.180299,57.810061],[12.180277,57.80998],[12.180244,57.809941],[12.180226,57.80991],[12.180214,57.809858],[12.180213,57.809813],[12.180258,57.80977],[12.18034,57.809723],[12.180437,57.809683],[12.180518,57.809555],[12.180565,57.809514],[12.180592,57.809496],[12.180655,57.809474],[12.180694,57.80946],[12.180755,57.809437],[12.180809,57.809413],[12.18085,57.809392],[12.180889,57.80937],[12.180934,57.809344],[12.180936,57.80933],[12.180905,57.809283],[12.180865,57.809229],[12.180793,57.809166],[12.180731,57.809117],[12.180666,57.809075],[12.1806,57.809],[12.18057,57.80893],[12.18056,57.808856],[12.180548,57.808784],[12.180552,57.808727],[12.180609,57.808669],[12.180636,57.808651],[12.180676,57.808646],[12.180706,57.808638],[12.180732,57.808618],[12.180772,57.808597],[12.180874,57.808559],[12.181009,57.808521],[12.181258,57.808516],[12.181547,57.808563],[12.181761,57.80861],[12.181885,57.808664],[12.182234,57.808903],[12.182279,57.808987],[12.182326,57.809059],[12.182364,57.809118],[12.182353,57.809175],[12.182311,57.809209],[12.182222,57.809268],[12.18211,57.809301],[12.181922,57.809379],[12.181768,57.809468],[12.181668,57.809534],[12.181536,57.809614],[12.181364,57.80965],[12.181235,57.809673],[12.181105,57.809719],[12.180953,57.809775],[12.180833,57.809802],[12.180709,57.809845],[12.180658,57.809863],[12.181181,57.810318],[12.181212,57.810323],[12.181232,57.810298],[12.181246,57.810276],[12.181272,57.810258],[12.181291,57.810233],[12.181317,57.810213],[12.181337,57.810193],[12.181358,57.810178],[12.181379,57.810158],[12.181418,57.810139],[12.181462,57.810122],[12.181504,57.810108],[12.181554,57.810089],[12.18159,57.810074],[12.181634,57.810058],[12.181682,57.810043],[12.181734,57.810031],[12.181769,57.810022],[12.18181,57.810008],[12.181842,57.809998],[12.181873,57.809986],[12.181928,57.809976],[12.181963,57.809982],[12.182006,57.809991],[12.182059,57.810006],[12.182096,57.810026],[12.182138,57.810046],[12.182171,57.810065],[12.182205,57.810087],[12.182238,57.810106],[12.182272,57.810126],[12.182321,57.810138],[12.182369,57.810145],[12.18241,57.810148],[12.18246,57.810146],[12.182507,57.810136],[12.182517,57.810128],[12.182534,57.810127],[12.182567,57.810123],[12.182601,57.810116],[12.182645,57.81011],[12.182695,57.810105],[12.182755,57.810103],[12.182821,57.810105],[12.18286,57.81011],[12.182957,57.810118],[12.183018,57.810117],[12.183054,57.810126],[12.183088,57.810141],[12.18311,57.810148],[12.183148,57.810155],[12.183203,57.810165],[12.183264,57.810169],[12.183306,57.810166],[12.18335,57.81016],[12.183378,57.81014],[12.183402,57.810117],[12.183435,57.810102],[12.183466,57.810096],[12.183536,57.81008],[12.183728,57.810058],[12.183774,57.810062],[12.183837,57.81007],[12.183887,57.810078],[12.18392,57.810091],[12.183943,57.810106],[12.183962,57.810119],[12.183971,57.810137],[12.183975,57.810158],[12.183967,57.810178],[12.183945,57.810192],[12.183917,57.810201],[12.183885,57.810207],[12.183856,57.810209],[12.183828,57.810211],[12.183812,57.81021],[12.1838,57.810214],[12.183781,57.810222],[12.183746,57.810228],[12.183709,57.81023],[12.183678,57.81023],[12.183646,57.81023],[12.183621,57.810232],[12.183582,57.81024],[12.183554,57.810249],[12.18353,57.810257],[12.183513,57.810268],[12.183497,57.810277],[12.183485,57.810291],[12.183473,57.810307],[12.183469,57.810322],[12.183465,57.810341],[12.183467,57.810357],[12.183471,57.810397],[12.183474,57.810436],[12.183477,57.810458],[12.183493,57.810481],[12.183501,57.810493],[12.183516,57.810509],[12.183516,57.810525],[12.183514,57.81054],[12.183511,57.810553],[12.183519,57.810574],[12.183541,57.810598],[12.183555,57.810621],[12.183559,57.810635],[12.183569,57.810652],[12.18358,57.810668],[12.183593,57.810684],[12.183597,57.810699],[12.183584,57.810707],[12.183558,57.810727],[12.183525,57.810744],[12.183498,57.810757],[12.183471,57.810767],[12.183414,57.810782],[12.183389,57.81078],[12.18337,57.810775],[12.183352,57.810769],[12.183335,57.810762],[12.183319,57.810748],[12.183308,57.810742],[12.183251,57.810727],[12.183233,57.810719],[12.183214,57.810708],[12.183187,57.810695],[12.183156,57.810673],[12.183124,57.810655],[12.183092,57.810636],[12.183058,57.810623],[12.183026,57.810609],[12.182996,57.810591],[12.182966,57.810579],[12.182926,57.810568],[12.182877,57.810555],[12.18282,57.810551],[12.18275,57.810552],[12.182674,57.810554],[12.182623,57.81055],[12.182585,57.81055],[12.182562,57.810554],[12.182515,57.810564],[12.18246,57.810579],[12.182427,57.810595],[12.182379,57.810611],[12.182336,57.810624],[12.182297,57.810637],[12.18226,57.810644],[12.182216,57.810645],[12.182186,57.81064],[12.18215,57.810641],[12.18213,57.81065],[12.1821,57.810661],[12.18207,57.810673],[12.18203,57.810684],[12.182007,57.810696],[12.181981,57.810707],[12.181966,57.810718],[12.181953,57.810729],[12.181945,57.810738],[12.181944,57.810748],[12.181947,57.810759],[12.181954,57.810768],[12.181967,57.810778],[12.181978,57.81079],[12.181993,57.810804],[12.181996,57.810816],[12.182004,57.81083],[12.182012,57.810857],[12.182023,57.810871],[12.182025,57.810883],[12.18202,57.810896],[12.182017,57.810909],[12.182012,57.810921],[12.182005,57.810933],[12.181997,57.810941],[12.181973,57.810958],[12.181951,57.810972],[12.181927,57.810984],[12.1819,57.810995],[12.181885,57.811005],[12.181866,57.811018],[12.18184,57.81103],[12.181825,57.81104],[12.181804,57.81105],[12.181779,57.811058],[12.181751,57.811065],[12.18173,57.811077],[12.181703,57.811091],[12.181671,57.811105],[12.181644,57.811117],[12.181628,57.81113],[12.181618,57.811145],[12.181598,57.811158],[12.181576,57.811171],[12.18157,57.811181],[12.181567,57.811194],[12.181561,57.811208],[12.181564,57.811226],[12.181571,57.81124],[12.181587,57.811256],[12.181609,57.811271],[12.181623,57.811282],[12.181638,57.811294],[12.181649,57.811304],[12.181663,57.811318],[12.181678,57.811326],[12.181697,57.81133],[12.181717,57.811334],[12.181738,57.811338],[12.181747,57.811344],[12.181755,57.811354],[12.181757,57.811372],[12.18175,57.811386],[12.18174,57.811402],[12.181731,57.811414],[12.181724,57.811427],[12.181718,57.811443],[12.18172,57.811463],[12.181716,57.811481],[12.181712,57.811499],[12.181715,57.811517],[12.181734,57.811536],[12.181761,57.811554],[12.181806,57.811575],[12.181864,57.811603],[12.181891,57.811621],[12.181925,57.811638],[12.181966,57.811654],[12.182001,57.81167],[12.182029,57.811688],[12.182057,57.811703],[12.182079,57.811718],[12.182099,57.811727],[12.182123,57.811741],[12.182144,57.811751],[12.182179,57.811765],[12.182199,57.811775],[12.182226,57.811788],[12.182258,57.811804],[12.182295,57.811818],[12.182328,57.811838],[12.182367,57.81186],[12.182408,57.811882],[12.182438,57.811904],[12.182461,57.811926],[12.182472,57.811943],[12.182488,57.811963],[12.182506,57.811982],[12.182526,57.812001],[12.182551,57.81202],[12.182579,57.812032],[12.182635,57.812044],[12.182692,57.812054],[12.182735,57.812059],[12.182771,57.812063],[12.182802,57.81207],[12.182831,57.812073],[12.182874,57.81207],[12.182915,57.81207],[12.182957,57.812076],[12.182993,57.812085],[12.183033,57.812098],[12.183063,57.812115],[12.183084,57.81213],[12.183104,57.812149],[12.183138,57.812178],[12.183175,57.812212],[12.183208,57.812234],[12.183231,57.812257],[12.183267,57.812276],[12.183301,57.812296],[12.183331,57.812321],[12.183348,57.81234],[12.183359,57.812364],[12.183372,57.812388],[12.183363,57.812408],[12.183376,57.812433],[12.183391,57.812454],[12.18341,57.812477],[12.18345,57.812494],[12.183487,57.81251],[12.183524,57.812519],[12.183562,57.812531],[12.183597,57.812534],[12.183644,57.812543],[12.183687,57.812549],[12.183724,57.812546],[12.183766,57.812544],[12.183821,57.81254],[12.183846,57.812532],[12.183872,57.812527],[12.183899,57.81252],[12.183917,57.812515],[12.18395,57.81251],[12.183983,57.812505],[12.184012,57.812495],[12.184033,57.812488],[12.184056,57.812481],[12.184085,57.812471],[12.184117,57.812461],[12.184148,57.812451],[12.184178,57.812441],[12.184209,57.81243],[12.184244,57.812419],[12.18429,57.812403],[12.184325,57.812394],[12.184368,57.812385],[12.184404,57.812375],[12.184434,57.812366],[12.184463,57.812351],[12.184498,57.812343],[12.184522,57.812334],[12.184541,57.812321],[12.184575,57.812309],[12.184593,57.812298],[12.184623,57.812276],[12.184658,57.812258],[12.184697,57.812239],[12.184714,57.812227],[12.184748,57.81222],[12.184753,57.812199],[12.184752,57.81218],[12.184763,57.81215],[12.184766,57.812133],[12.184759,57.812117],[12.184746,57.812105],[12.184725,57.812093],[12.184695,57.812081],[12.184656,57.812071],[12.184613,57.812062],[12.184572,57.812058],[12.184543,57.81206],[12.184499,57.812057],[12.184453,57.812069],[12.184404,57.812076],[12.184358,57.812077],[12.184304,57.812078],[12.18422,57.812077],[12.184168,57.812067],[12.1841,57.812054],[12.184029,57.81204],[12.183964,57.812021],[12.183925,57.812011],[12.183879,57.811992],[12.183834,57.811974],[12.183807,57.811953],[12.183777,57.811929],[12.183765,57.811911],[12.18376,57.81189],[12.18374,57.811867],[12.183726,57.811844],[12.183724,57.811792],[12.183743,57.811757],[12.183772,57.811731],[12.183798,57.811705],[12.183838,57.811677],[12.183867,57.811646],[12.183908,57.811626],[12.183954,57.81161],[12.184002,57.811593],[12.184048,57.811578],[12.184099,57.811562],[12.18415,57.811557],[12.18418,57.811543],[12.184205,57.811537],[12.184232,57.811524],[12.18425,57.811515],[12.18428,57.811495],[12.184304,57.811482],[12.184327,57.811473],[12.184361,57.811466],[12.184407,57.811456],[12.184439,57.811441],[12.184481,57.811423],[12.184529,57.811403],[12.184559,57.811396],[12.184598,57.811387],[12.184661,57.811386],[12.184708,57.811391],[12.184734,57.811401],[12.184752,57.811413],[12.18476,57.811431],[12.184754,57.81145],[12.184738,57.811467],[12.184718,57.811479],[12.184691,57.811489],[12.184618,57.811507],[12.184537,57.811523],[12.18445,57.811531],[12.184386,57.81155],[12.184278,57.811628],[12.184253,57.811661],[12.184254,57.81169],[12.184263,57.811705],[12.184295,57.811723],[12.184317,57.811732],[12.184347,57.811738],[12.184371,57.811742],[12.184405,57.811741],[12.184455,57.811738],[12.184516,57.811735],[12.184558,57.811733],[12.184662,57.811745],[12.184708,57.811744],[12.184753,57.811741],[12.184842,57.811728],[12.184889,57.811735],[12.184927,57.811745],[12.184959,57.811752],[12.184985,57.811756],[12.185013,57.811759],[12.185074,57.811761],[12.185148,57.811766],[12.185293,57.811768],[12.185358,57.811778],[12.185438,57.811789],[12.185492,57.811801],[12.185543,57.811817],[12.185569,57.811834],[12.185599,57.811848],[12.185641,57.811865],[12.185686,57.811885],[12.185742,57.811901],[12.185772,57.811913],[12.185805,57.811932],[12.185832,57.811952],[12.185905,57.812002],[12.18594,57.812024],[12.185992,57.812076],[12.186005,57.812101],[12.186017,57.812135],[12.186041,57.812157],[12.186216,57.81226],[12.186275,57.81231],[12.186329,57.812397],[12.186347,57.81241],[12.18641,57.812414],[12.186494,57.812406],[12.186582,57.812374],[12.186699,57.812288],[12.186813,57.812164],[12.186891,57.812118],[12.186944,57.812096],[12.187059,57.812074],[12.187106,57.812068],[12.187156,57.812079],[12.187195,57.812087],[12.187228,57.812095],[12.187248,57.812105],[12.187268,57.812116],[12.187287,57.81213],[12.187312,57.812143],[12.187334,57.812153],[12.187366,57.812178],[12.187378,57.812191],[12.187389,57.8122],[12.187419,57.812231],[12.187432,57.812243],[12.187477,57.812263],[12.187541,57.812275],[12.187583,57.812279],[12.18763,57.812282],[12.187692,57.812279],[12.187751,57.812281],[12.18785,57.812278],[12.187947,57.812281],[12.187974,57.812276],[12.188009,57.812262],[12.188035,57.812246],[12.188042,57.812223],[12.188055,57.812207],[12.188063,57.812192],[12.188059,57.812163],[12.188058,57.812144],[12.188048,57.812127],[12.188026,57.812108],[12.188007,57.812098],[12.187985,57.812088],[12.18796,57.812067],[12.187938,57.812051],[12.18792,57.812032],[12.187915,57.812014],[12.187907,57.811994],[12.1879,57.811979],[12.187883,57.811959],[12.18786,57.811933],[12.187837,57.811914],[12.187815,57.811898],[12.187786,57.811884],[12.18775,57.811877],[12.187718,57.81188],[12.187683,57.811888],[12.187658,57.811898],[12.187633,57.811908],[12.187604,57.81192],[12.187572,57.811917],[12.187544,57.811908],[12.187494,57.811896],[12.187449,57.811885],[12.187407,57.811876],[12.187318,57.811871],[12.187209,57.811879],[12.187069,57.81191],[12.187005,57.811893],[12.186905,57.811808],[12.186819,57.811767],[12.18665,57.81171],[12.186602,57.811603],[12.186697,57.811446],[12.186846,57.811432],[12.186973,57.811381],[12.187105,57.811353],[12.187146,57.811347],[12.187172,57.811338],[12.187189,57.81132],[12.187217,57.811313],[12.187247,57.811301],[12.187271,57.811291],[12.187325,57.811265],[12.187358,57.811247],[12.187401,57.811229],[12.187447,57.81121],[12.187496,57.811187],[12.187538,57.811167],[12.187625,57.81115],[12.187664,57.811145],[12.187683,57.811135],[12.187691,57.811122],[12.187685,57.811104],[12.187687,57.811078],[12.187686,57.811053],[12.187685,57.81102],[12.187688,57.810989],[12.187685,57.810957],[12.187702,57.810934],[12.187739,57.810917],[12.187786,57.810898],[12.18784,57.810894],[12.187943,57.810893],[12.18797,57.810899],[12.188008,57.810894],[12.188045,57.810889],[12.188085,57.810881],[12.188112,57.810869],[12.188143,57.810846],[12.188164,57.810829],[12.18819,57.810815],[12.188206,57.810797],[12.188221,57.810781],[12.188254,57.810774],[12.188286,57.810772],[12.18832,57.810773],[12.188352,57.810777],[12.188423,57.810779],[12.188462,57.810776],[12.188506,57.810768],[12.188614,57.810745],[12.18877,57.810799],[12.188856,57.810818],[12.188879,57.810816],[12.188902,57.810804],[12.18895,57.810742],[12.189005,57.810698],[12.18902,57.810594],[12.189012,57.810576],[12.188861,57.81052],[12.188768,57.810506],[12.188527,57.810546],[12.188389,57.810512],[12.188341,57.810507],[12.188294,57.810502],[12.188244,57.810499],[12.188141,57.810502],[12.188091,57.810502],[12.188026,57.810507],[12.188004,57.810501],[12.187974,57.810494],[12.187952,57.810486],[12.187929,57.810478],[12.187912,57.810467],[12.187901,57.810442],[12.187881,57.810413],[12.187858,57.810381],[12.187833,57.810348],[12.187817,57.810326],[12.187794,57.810299],[12.187771,57.810277],[12.187749,57.810266],[12.187723,57.810253],[12.187703,57.810239],[12.187684,57.810225],[12.187666,57.810206],[12.187658,57.810178],[12.187647,57.810153],[12.187643,57.81012],[12.187635,57.810097],[12.187609,57.810065],[12.187598,57.81004],[12.187586,57.810013],[12.187573,57.809989],[12.187537,57.809942],[12.187523,57.809919],[12.187518,57.809899],[12.187518,57.80988],[12.18751,57.809863],[12.187482,57.809851],[12.187451,57.809836],[12.187416,57.809813],[12.187381,57.809784],[12.187362,57.809758],[12.187363,57.809731],[12.187389,57.809688],[12.187402,57.80966],[12.187427,57.809631],[12.187457,57.80961],[12.187493,57.809594],[12.187515,57.809592],[12.187608,57.809592],[12.187723,57.809633],[12.187768,57.809655],[12.187796,57.80967],[12.18782,57.809687],[12.187831,57.809704],[12.187838,57.809721],[12.187841,57.809742],[12.187842,57.809755],[12.187855,57.80977],[12.187869,57.809786],[12.187882,57.809801],[12.187898,57.809817],[12.187923,57.809824],[12.187963,57.809843],[12.187986,57.809858],[12.188014,57.809873],[12.188045,57.809886],[12.188075,57.809893],[12.188158,57.809915],[12.188201,57.809929],[12.188244,57.809951],[12.188277,57.809969],[12.188304,57.809989],[12.188317,57.810005],[12.188339,57.810027],[12.188336,57.810044],[12.188339,57.810062],[12.188356,57.810078],[12.188375,57.810099],[12.188384,57.810118],[12.18839,57.810137],[12.188403,57.810156],[12.188432,57.810172],[12.188454,57.810185],[12.188484,57.810189],[12.188516,57.81019],[12.188554,57.810178],[12.188604,57.810168],[12.188644,57.810159],[12.188666,57.810145],[12.188691,57.81013],[12.188714,57.810112],[12.188729,57.810101],[12.188732,57.810083],[12.188739,57.81006],[12.188741,57.810041],[12.188746,57.810022],[12.188754,57.81],[12.188761,57.809981],[12.188764,57.809929],[12.188753,57.809915],[12.188679,57.809882],[12.188629,57.809847],[12.188567,57.809715],[12.188636,57.80966],[12.188781,57.809582],[12.189071,57.809552],[12.189181,57.809527],[12.189218,57.809509],[12.189269,57.80946],[12.189309,57.809441],[12.189446,57.809416],[12.189504,57.809418],[12.189565,57.809425],[12.189633,57.809456],[12.189677,57.809516],[12.189799,57.809591],[12.18988,57.809614],[12.189963,57.809628],[12.189998,57.809638],[12.190016,57.809661],[12.190025,57.809694],[12.190038,57.809731],[12.190041,57.80976],[12.190048,57.809794],[12.190054,57.809836],[12.190057,57.809863],[12.19005,57.809887],[12.190073,57.809905],[12.190096,57.809919],[12.190107,57.809932],[12.1901,57.809948],[12.190092,57.809968],[12.190081,57.809993],[12.190065,57.810015],[12.190061,57.810042],[12.190045,57.810057],[12.189981,57.810091],[12.189879,57.810125],[12.189845,57.810148],[12.189814,57.810215],[12.189793,57.810338],[12.1898,57.810365],[12.189857,57.81041],[12.189985,57.810464],[12.190115,57.810584],[12.190239,57.810619],[12.19038,57.81062],[12.190473,57.810577],[12.190535,57.810559],[12.19075,57.810511],[12.190812,57.810488],[12.190869,57.810453],[12.190872,57.810403],[12.19077,57.81033],[12.19075,57.810306],[12.190747,57.810278],[12.19078,57.810239],[12.190887,57.810194],[12.190975,57.810166],[12.191005,57.810147],[12.191012,57.810117],[12.190996,57.810047],[12.190958,57.809995],[12.190937,57.809905],[12.190879,57.809809],[12.19084,57.80978],[12.190699,57.809707],[12.190632,57.809687],[12.190599,57.809615],[12.190534,57.809527],[12.190546,57.809423],[12.190693,57.809345],[12.190834,57.809319],[12.190875,57.809324],[12.190957,57.809362],[12.191119,57.809412],[12.191312,57.809451],[12.191373,57.809471],[12.191543,57.809541],[12.191633,57.809589],[12.191674,57.809602],[12.191714,57.809612],[12.191751,57.80962],[12.191788,57.809629],[12.191832,57.809643],[12.191888,57.809645],[12.19195,57.809644],[12.192003,57.809649],[12.192056,57.809648],[12.192105,57.809656],[12.192156,57.80967],[12.192231,57.809677],[12.192278,57.809675],[12.192325,57.809671],[12.192385,57.809664],[12.192394,57.809646],[12.192389,57.809632],[12.19237,57.809613],[12.192341,57.809591],[12.192329,57.809559],[12.192331,57.809527],[12.192349,57.809505],[12.192375,57.809479],[12.192403,57.80946],[12.192442,57.80945],[12.192499,57.809446],[12.192548,57.809446],[12.192592,57.809441],[12.192636,57.809444],[12.192695,57.809452],[12.192767,57.809458],[12.192831,57.80947],[12.192886,57.809484],[12.192941,57.809488],[12.193007,57.809487],[12.193083,57.80949],[12.193139,57.809491],[12.193175,57.809494],[12.193228,57.809507],[12.193268,57.809532],[12.193307,57.809566],[12.193325,57.809607],[12.193342,57.80965],[12.193364,57.809699],[12.193356,57.809738],[12.193339,57.809776],[12.193314,57.809807],[12.193286,57.809842],[12.193258,57.809876],[12.193237,57.809928],[12.19321,57.809976],[12.193178,57.810019],[12.193132,57.810075],[12.193088,57.810148],[12.193062,57.810183],[12.193039,57.810223],[12.193011,57.810332],[12.192907,57.810549],[12.192953,57.810622],[12.193049,57.810679],[12.193194,57.810749],[12.193228,57.810835],[12.193342,57.810845],[12.193612,57.810826],[12.193894,57.810765],[12.194018,57.810761],[12.194077,57.810758],[12.194137,57.810771],[12.194195,57.810789],[12.194268,57.810805],[12.194296,57.810823],[12.194311,57.810839],[12.19433,57.81087],[12.194351,57.810892],[12.194342,57.810916],[12.194291,57.810941],[12.194237,57.81097],[12.194186,57.810978],[12.194137,57.810972],[12.194095,57.810985],[12.194034,57.811032],[12.194029,57.811062],[12.194048,57.811091],[12.194074,57.811116],[12.194105,57.811142],[12.194144,57.811162],[12.194188,57.811183],[12.194233,57.811194],[12.194273,57.811204],[12.194328,57.811207],[12.194393,57.811201],[12.194439,57.811195],[12.1945,57.811191],[12.194558,57.811179],[12.194609,57.811172],[12.194681,57.811168],[12.194809,57.811167],[12.194869,57.811157],[12.194903,57.811145],[12.194975,57.811151],[12.195123,57.811151],[12.195166,57.811147],[12.195203,57.811139],[12.195248,57.811123],[12.195277,57.811104],[12.195313,57.811076],[12.195328,57.811059],[12.195336,57.811035],[12.195356,57.810999],[12.195376,57.810969],[12.195379,57.810929],[12.195372,57.810895],[12.195371,57.810862],[12.195383,57.810835],[12.19539,57.810806],[12.195417,57.810779],[12.195432,57.810745],[12.195474,57.810699],[12.195512,57.810666],[12.195547,57.810646],[12.19559,57.810633],[12.195647,57.810634],[12.195696,57.810639],[12.195785,57.810656],[12.195812,57.81068],[12.195838,57.810698],[12.195888,57.810764],[12.19592,57.810807],[12.195949,57.81085],[12.195963,57.810893],[12.19596,57.810939],[12.195961,57.810978],[12.19599,57.810998],[12.196044,57.811002],[12.196089,57.810998],[12.196148,57.810995],[12.1962,57.810979],[12.196267,57.810958],[12.196326,57.810951],[12.196403,57.810959],[12.196476,57.810964],[12.196528,57.810973],[12.196571,57.810994],[12.196601,57.811017],[12.196624,57.81104],[12.196661,57.811057],[12.196707,57.811072],[12.196748,57.811087],[12.196857,57.811102],[12.19693,57.811117],[12.196995,57.811117],[12.197182,57.811143],[12.197231,57.811161],[12.197203,57.811195],[12.197195,57.811219],[12.19719,57.811245],[12.197169,57.811266],[12.197139,57.811295],[12.197096,57.811324],[12.197062,57.811345],[12.197024,57.811361],[12.196956,57.811383],[12.196895,57.811395],[12.196834,57.811405],[12.196783,57.811417],[12.196732,57.811429],[12.196654,57.811439],[12.196595,57.811461],[12.196536,57.811485],[12.19649,57.811508],[12.196463,57.811529],[12.196456,57.811561],[12.196464,57.811586],[12.196474,57.811608],[12.19647,57.811636],[12.196454,57.811667],[12.196437,57.811694],[12.196423,57.81172],[12.196411,57.811752],[12.196408,57.811783],[12.196402,57.811816],[12.196393,57.811834],[12.196377,57.811855],[12.196373,57.811875],[12.19638,57.811897],[12.196386,57.811911],[12.19641,57.811929],[12.196451,57.81193],[12.196486,57.811929],[12.196502,57.811942],[12.196529,57.811952],[12.196558,57.81196],[12.196585,57.811965],[12.196661,57.811961],[12.1967,57.811953],[12.196752,57.811939],[12.196803,57.811924],[12.196875,57.811901],[12.196916,57.81189],[12.196971,57.811874],[12.19702,57.811865],[12.197061,57.811856],[12.197101,57.811846],[12.197151,57.811834],[12.197199,57.811824],[12.197236,57.811816],[12.197292,57.81181],[12.197335,57.811806],[12.197369,57.811808],[12.197421,57.811807],[12.197466,57.811802],[12.197499,57.811803],[12.197535,57.811799],[12.197585,57.811814],[12.197614,57.811828],[12.19764,57.811846],[12.197651,57.811867],[12.197669,57.811888],[12.197704,57.811911],[12.197748,57.811927],[12.197785,57.811945],[12.197829,57.811966],[12.197879,57.811978],[12.197926,57.811991],[12.19799,57.812021],[12.198077,57.812047],[12.198098,57.812093],[12.198061,57.812126],[12.198025,57.812141],[12.197971,57.812159],[12.197818,57.812192],[12.197756,57.812192],[12.197695,57.812186],[12.197646,57.812175],[12.197604,57.812167],[12.197562,57.812154],[12.197515,57.812145],[12.197485,57.812139],[12.197428,57.812134],[12.197392,57.812124],[12.197361,57.812115],[12.197321,57.812111],[12.197269,57.812099],[12.197223,57.812092],[12.197139,57.812091],[12.19714,57.81211],[12.197127,57.812129],[12.197111,57.812148],[12.197104,57.812167],[12.197098,57.812186],[12.197097,57.812203],[12.19711,57.81222],[12.19714,57.812237],[12.197199,57.812262],[12.197245,57.812272],[12.1973,57.812274],[12.197344,57.812275],[12.197414,57.812286],[12.197472,57.812301],[12.197532,57.812331],[12.197551,57.812347],[12.197557,57.812366],[12.197568,57.812394],[12.197568,57.812416],[12.197549,57.812444],[12.197534,57.812463],[12.197541,57.812503],[12.197538,57.81255],[12.197522,57.812592],[12.197557,57.812645],[12.197584,57.812684],[12.197592,57.812714],[12.197616,57.812749],[12.197658,57.812805],[12.197701,57.812833],[12.197748,57.812856],[12.197785,57.812863],[12.197828,57.812854],[12.197866,57.812836],[12.197904,57.812811],[12.197957,57.812785],[12.198007,57.81277],[12.198054,57.812753],[12.198107,57.812739],[12.198164,57.812737],[12.198267,57.812711],[12.198325,57.812698],[12.198378,57.812676],[12.198412,57.81266],[12.198423,57.812642],[12.198444,57.812624],[12.198479,57.812605],[12.198529,57.812582],[12.198579,57.812564],[12.198622,57.812545],[12.198687,57.812529],[12.198747,57.812515],[12.198819,57.812508],[12.198887,57.812503],[12.198946,57.812501],[12.199006,57.812493],[12.199114,57.812471],[12.19917,57.812458],[12.199207,57.812421],[12.19924,57.81239],[12.199269,57.812361],[12.199461,57.812443],[12.199351,57.812565],[12.199339,57.812586],[12.199327,57.812603],[12.199307,57.812617],[12.199277,57.812633],[12.199243,57.812646],[12.199191,57.812667],[12.199143,57.812703],[12.199101,57.812754],[12.199102,57.812789],[12.199131,57.812842],[12.199146,57.812883],[12.199174,57.812939],[12.199229,57.812985],[12.199302,57.813033],[12.199374,57.813063],[12.199452,57.813059],[12.199542,57.813038],[12.199616,57.81301],[12.19967,57.812975],[12.199694,57.812945],[12.199738,57.812894],[12.199775,57.812824],[12.199813,57.812761],[12.19983,57.812705],[12.199864,57.81267],[12.199862,57.812548],[12.199833,57.812494],[12.199773,57.812433],[12.19973,57.812412],[12.199672,57.812397],[12.199635,57.812383],[12.199593,57.812366],[12.199536,57.812334],[12.199468,57.812301],[12.199398,57.812283],[12.199341,57.812271],[12.199357,57.812257],[12.19938,57.812225],[12.199416,57.81218],[12.199434,57.812139],[12.199483,57.812103],[12.199511,57.81206],[12.199543,57.812028],[12.199599,57.812002],[12.199675,57.811992],[12.199768,57.811986],[12.199859,57.811988],[12.199926,57.812002],[12.199992,57.812014],[12.200059,57.812032],[12.200094,57.812046],[12.200141,57.812055],[12.200204,57.812074],[12.200242,57.81209],[12.200273,57.812112],[12.200323,57.812166],[12.200336,57.812197],[12.200349,57.812225],[12.200366,57.812253],[12.200394,57.812271],[12.200445,57.81229],[12.200489,57.812308],[12.200532,57.81232],[12.200579,57.81233],[12.200617,57.812346],[12.200659,57.812357],[12.200721,57.81237],[12.200778,57.81238],[12.200864,57.812399],[12.200912,57.812406],[12.200965,57.812408],[12.201032,57.812421],[12.201115,57.812447],[12.201144,57.812465],[12.20119,57.812507],[12.201244,57.812527],[12.201313,57.812543],[12.201366,57.812561],[12.201393,57.812573],[12.201425,57.812596],[12.201455,57.812615],[12.201495,57.812642],[12.201535,57.812672],[12.201545,57.812704],[12.201541,57.812746],[12.201552,57.812791],[12.201529,57.812816],[12.201491,57.812833],[12.201454,57.812842],[12.201405,57.812863],[12.20135,57.81287],[12.201321,57.812878],[12.201272,57.812881],[12.201195,57.812877],[12.201118,57.812871],[12.20106,57.812864],[12.201025,57.812858],[12.200993,57.812848],[12.200947,57.812846],[12.200909,57.812849],[12.200825,57.812872],[12.200744,57.812904],[12.200664,57.812941],[12.20064,57.812981],[12.200651,57.813035],[12.200659,57.813057],[12.200683,57.81307],[12.200721,57.813079],[12.200761,57.813088],[12.200799,57.813098],[12.200836,57.813109],[12.200904,57.81315],[12.200908,57.813165],[12.2009,57.813178],[12.20089,57.813197],[12.200858,57.813221],[12.20082,57.81324],[12.200787,57.813251],[12.200748,57.81325],[12.200724,57.813247],[12.20067,57.813225],[12.200603,57.8132],[12.20053,57.813188],[12.200464,57.81318],[12.200392,57.813176],[12.200324,57.813177],[12.200283,57.81317],[12.200247,57.813167],[12.200221,57.813165],[12.200177,57.813168],[12.200128,57.813168],[12.20002,57.813176],[12.199981,57.81318],[12.199937,57.813182],[12.1999,57.81319],[12.199867,57.813199],[12.199837,57.813204],[12.199804,57.81321],[12.199773,57.813213],[12.199709,57.813218],[12.19965,57.813226],[12.199572,57.813229],[12.199526,57.813231],[12.199484,57.813239],[12.19944,57.813251],[12.199387,57.813265],[12.199352,57.813276],[12.199306,57.813289],[12.199274,57.813298],[12.19925,57.813302],[12.199215,57.813316],[12.199197,57.813329],[12.199179,57.813354],[12.199183,57.813374],[12.199183,57.813394],[12.199202,57.813414],[12.199223,57.813422],[12.199263,57.813428],[12.199295,57.813439],[12.199345,57.813459],[12.199383,57.813468],[12.199441,57.813475],[12.199476,57.813474],[12.199508,57.813473],[12.199538,57.813465],[12.199575,57.81345],[12.199614,57.813432],[12.199637,57.813421],[12.199649,57.813408],[12.199676,57.813395],[12.19971,57.813375],[12.199745,57.813355],[12.199764,57.81334],[12.199798,57.813319],[12.19983,57.813307],[12.199879,57.8133],[12.199918,57.8133],[12.199953,57.813304],[12.200002,57.81331],[12.20002,57.813327],[12.200024,57.81334],[12.200022,57.813356],[12.200018,57.813363],[12.200012,57.813375],[12.200006,57.813387],[12.200002,57.813406],[12.200003,57.813427],[12.20001,57.813451],[12.200019,57.813474],[12.200032,57.813491],[12.200045,57.813505],[12.200067,57.813528],[12.20008,57.813543],[12.200111,57.813555],[12.20014,57.813565],[12.200213,57.813578],[12.20029,57.813577],[12.200379,57.813573],[12.20045,57.81357],[12.200513,57.813575],[12.200582,57.813581],[12.20066,57.813589],[12.20071,57.813601],[12.20074,57.81361],[12.200781,57.813629],[12.200819,57.813651],[12.200852,57.813669],[12.200872,57.813683],[12.200894,57.813705],[12.200915,57.813724],[12.200912,57.813734],[12.200916,57.813754],[12.200882,57.813793],[12.200848,57.813811],[12.200812,57.813826],[12.200789,57.813836],[12.200776,57.81385],[12.200757,57.813866],[12.200751,57.813881],[12.200758,57.813897],[12.200752,57.813921],[12.200754,57.813936],[12.200767,57.813947],[12.200786,57.813964],[12.200826,57.813978],[12.200884,57.813987],[12.201061,57.813978],[12.201127,57.813977],[12.201169,57.813973],[12.20122,57.813969],[12.201245,57.813967],[12.201284,57.813966],[12.20133,57.813963],[12.201384,57.813955],[12.201438,57.813947],[12.201483,57.813936],[12.20153,57.813932],[12.201575,57.813933],[12.20162,57.813931],[12.201656,57.813926],[12.201701,57.813916],[12.20174,57.813918],[12.201774,57.813909],[12.201812,57.813887],[12.20185,57.813864],[12.201895,57.813827],[12.201926,57.813803],[12.201939,57.813779],[12.201965,57.81375],[12.201992,57.81372],[12.202016,57.813698],[12.202059,57.813674],[12.20211,57.813644],[12.202157,57.813616],[12.202192,57.813598],[12.202218,57.813573],[12.202254,57.813551],[12.202282,57.813531],[12.202304,57.813515],[12.202316,57.813498],[12.202325,57.81348],[12.20234,57.81346],[12.202359,57.81345],[12.20238,57.813435],[12.202419,57.813421],[12.202449,57.813415],[12.202499,57.813409],[12.202535,57.81341],[12.202553,57.813414],[12.202558,57.813423],[12.202573,57.813442],[12.202579,57.813453],[12.202609,57.813474],[12.202628,57.81349],[12.202656,57.813511],[12.202691,57.813532],[12.202715,57.813549],[12.202744,57.813564],[12.202766,57.813578],[12.202801,57.813598],[12.202825,57.813615],[12.202857,57.813629],[12.202882,57.813643],[12.202902,57.813657],[12.202921,57.813672],[12.202943,57.813683],[12.202944,57.813683],[12.202969,57.813692],[12.202993,57.813703],[12.203027,57.813714],[12.203068,57.813734],[12.20312,57.813756],[12.203168,57.813769],[12.203212,57.813781],[12.203252,57.813795],[12.203265,57.813812],[12.203266,57.813832],[12.20324,57.813853],[12.203191,57.813876],[12.20315,57.81389],[12.203117,57.81391],[12.203066,57.813938],[12.203004,57.81397],[12.202958,57.813993],[12.202909,57.814015],[12.202865,57.814035],[12.20284,57.814049],[12.202808,57.814045],[12.202767,57.814036],[12.202727,57.814028],[12.202696,57.814016],[12.202675,57.814],[12.20264,57.813987],[12.202622,57.813969],[12.202593,57.813951],[12.202548,57.813932],[12.202509,57.813927],[12.202459,57.813927],[12.20241,57.813943],[12.202372,57.813968],[12.202346,57.813997],[12.202316,57.814029],[12.202309,57.814057],[12.202315,57.814085],[12.202331,57.814113],[12.202342,57.814137],[12.202353,57.814164],[12.202364,57.814194],[12.202381,57.814225],[12.2024,57.814248],[12.202405,57.814269],[12.202408,57.814296],[12.202386,57.814319],[12.202355,57.814333],[12.20233,57.81435],[12.202301,57.81435],[12.202259,57.814349],[12.202215,57.814355],[12.202158,57.814362],[12.202111,57.814369],[12.202059,57.814375],[12.202021,57.814384],[12.201976,57.814394],[12.201932,57.814398],[12.201886,57.814398],[12.201836,57.814395],[12.201787,57.814397],[12.201743,57.814397],[12.201701,57.814398],[12.201649,57.814405],[12.201621,57.814408],[12.201585,57.814412],[12.20155,57.814413],[12.201519,57.814414],[12.201491,57.814418],[12.201455,57.814421],[12.201432,57.814427],[12.201407,57.814433],[12.201385,57.814439],[12.201359,57.814445],[12.201334,57.814449],[12.201314,57.81445],[12.201291,57.814454],[12.201222,57.81447],[12.201193,57.814477],[12.201169,57.814487],[12.201152,57.814497],[12.201133,57.814507],[12.201116,57.814527],[12.201095,57.814549],[12.201076,57.814585],[12.20106,57.814608],[12.201052,57.814617],[12.201045,57.814626],[12.201041,57.81464],[12.201032,57.814655],[12.201021,57.814667],[12.201005,57.814679],[12.20099,57.814692],[12.200978,57.814703],[12.200975,57.814718],[12.200972,57.814736],[12.200968,57.814751],[12.20097,57.814766],[12.200974,57.814779],[12.200978,57.814794],[12.20098,57.814804],[12.200988,57.814815],[12.200994,57.814825],[12.201009,57.814832],[12.201024,57.814842],[12.201045,57.814849],[12.201069,57.814851],[12.201096,57.814847],[12.201126,57.814843],[12.20115,57.814839],[12.201177,57.814836],[12.2012,57.814832],[12.201225,57.814823],[12.201251,57.81481],[12.201269,57.814796],[12.201279,57.81478],[12.201285,57.814765],[12.201283,57.814747],[12.201287,57.814733],[12.201292,57.814721],[12.201301,57.814704],[12.201316,57.814687],[12.201336,57.814671],[12.201368,57.814654],[12.201405,57.814637],[12.201441,57.814626],[12.201494,57.814613],[12.201544,57.814615],[12.201578,57.814622],[12.201615,57.814626],[12.201644,57.814626],[12.201675,57.81462],[12.201688,57.814622],[12.201701,57.814638],[12.20172,57.814644],[12.201754,57.814652],[12.201772,57.814662],[12.201807,57.814679],[12.201839,57.814689],[12.201874,57.814702],[12.201903,57.81471],[12.201939,57.814722],[12.201982,57.814738],[12.202019,57.814755],[12.202055,57.814773],[12.202077,57.814783],[12.202094,57.814792],[12.202109,57.814804],[12.202124,57.814818],[12.202158,57.814838],[12.20217,57.814855],[12.20218,57.814877],[12.202194,57.814895],[12.202211,57.814908],[12.202237,57.814924],[12.202243,57.814928],[12.20227,57.814946],[12.202304,57.814977],[12.202296,57.814989],[12.202258,57.815005],[12.202176,57.815045],[12.202122,57.815065],[12.2019,57.814977],[12.20179,57.814975],[12.201636,57.815053],[12.201529,57.815158],[12.201533,57.815238],[12.201573,57.815275],[12.201654,57.815321],[12.201788,57.815376],[12.20188,57.815363],[12.201942,57.81535],[12.202129,57.815309],[12.202282,57.815293],[12.202323,57.815236],[12.202336,57.815177],[12.202448,57.815067],[12.202518,57.815114],[12.202541,57.815121],[12.202567,57.815127],[12.202591,57.815131],[12.202611,57.815132],[12.202627,57.815128],[12.202645,57.815123],[12.20267,57.815118],[12.20269,57.815115],[12.202714,57.815112],[12.20276,57.815108],[12.202791,57.815094],[12.202819,57.815096],[12.202837,57.815099],[12.20286,57.815105],[12.20289,57.815115],[12.202914,57.815128],[12.202954,57.815141],[12.202982,57.81515],[12.203016,57.815162],[12.203028,57.815175],[12.203049,57.815191],[12.203057,57.815206],[12.203061,57.815226],[12.203059,57.815254],[12.203055,57.815282],[12.203047,57.815306],[12.203039,57.815327],[12.20303,57.815343],[12.203012,57.815352],[12.202994,57.815357],[12.202963,57.815363],[12.202935,57.815364],[12.202909,57.815371],[12.20289,57.815382],[12.202868,57.815399],[12.202841,57.815411],[12.202821,57.815425],[12.202801,57.815439],[12.202792,57.815456],[12.202794,57.815471],[12.202807,57.815481],[12.202828,57.815489],[12.202856,57.815496],[12.202891,57.815498],[12.20292,57.815498],[12.20294,57.815505],[12.202956,57.815518],[12.202981,57.81553],[12.203009,57.815544],[12.203036,57.815557],[12.20306,57.815572],[12.203126,57.815619],[12.2031,57.815672],[12.20296,57.815766],[12.202923,57.815852],[12.202952,57.815886],[12.20304,57.815888],[12.202918,57.816001],[12.202954,57.816037],[12.203008,57.816038],[12.203113,57.81606],[12.203165,57.816045],[12.203217,57.815984],[12.203142,57.815859],[12.203182,57.815816],[12.203217,57.815722],[12.203224,57.815695],[12.203308,57.815631],[12.203372,57.815594],[12.203469,57.81557],[12.203664,57.815518],[12.203808,57.815562],[12.203781,57.815618],[12.20372,57.815683],[12.203614,57.815751],[12.203607,57.815759],[12.203684,57.815778],[12.203718,57.815791],[12.20382,57.815834],[12.203679,57.815972],[12.203662,57.816012],[12.203701,57.816047],[12.203804,57.816065],[12.20387,57.816049],[12.203993,57.815994],[12.204025,57.815959],[12.204023,57.815897],[12.203977,57.815831],[12.204013,57.815827],[12.204065,57.815811],[12.204105,57.815786],[12.204154,57.815767],[12.204204,57.815754],[12.204237,57.815746],[12.204278,57.815749],[12.204316,57.815753],[12.204348,57.815764],[12.204364,57.815773],[12.204385,57.815778],[12.204416,57.815784],[12.204438,57.81579],[12.204455,57.815803],[12.20447,57.815821],[12.204492,57.815837],[12.204512,57.81586],[12.204529,57.815885],[12.204562,57.815908],[12.204595,57.815924],[12.204636,57.815953],[12.204667,57.81597],[12.204694,57.815991],[12.204708,57.816003],[12.204707,57.816003],[12.204712,57.816007],[12.204724,57.816018],[12.204744,57.816039],[12.20475,57.816045],[12.204753,57.816051],[12.204759,57.816061],[12.204767,57.816072],[12.204756,57.816096],[12.204747,57.81612],[12.204729,57.816143],[12.204725,57.816147],[12.204718,57.816153],[12.204584,57.816315],[12.204605,57.816353],[12.204605,57.816353],[12.204614,57.816357],[12.204623,57.81636],[12.204634,57.816358],[12.204666,57.816352],[12.204684,57.816348],[12.204703,57.816343],[12.204721,57.816339],[12.204736,57.816335],[12.204782,57.816326],[12.204788,57.816323],[12.204824,57.816306],[12.204865,57.816285],[12.204903,57.816269],[12.204951,57.816269],[12.205018,57.816278],[12.205077,57.816287],[12.205127,57.816306],[12.205171,57.816327],[12.205175,57.816329],[12.205178,57.81633],[12.205201,57.816341],[12.205212,57.816347],[12.205249,57.816359],[12.205299,57.81637],[12.205299,57.81637],[12.205326,57.81637],[12.20541,57.816361],[12.205428,57.816357],[12.205428,57.816357],[12.205432,57.816357],[12.205476,57.816354],[12.205627,57.816338],[12.205659,57.816337],[12.205676,57.816333],[12.205682,57.816332],[12.205701,57.816328],[12.205727,57.816325],[12.205755,57.816322],[12.205787,57.816309],[12.205793,57.816308],[12.205836,57.816304],[12.205866,57.816308],[12.205887,57.816311],[12.205944,57.816333],[12.20595,57.816337],[12.205976,57.816353],[12.205997,57.816367],[12.206032,57.816393],[12.206039,57.816398],[12.206047,57.816438],[12.206052,57.816462],[12.206052,57.816462],[12.20605,57.816464],[12.206041,57.816469],[12.206034,57.816473],[12.20602,57.816477],[12.206002,57.816482],[12.205981,57.816484],[12.205946,57.816489],[12.205938,57.816489],[12.205873,57.81649],[12.205805,57.816493],[12.20573,57.816497],[12.205683,57.8165],[12.205662,57.816501],[12.205643,57.816502],[12.205622,57.816504],[12.205607,57.816504],[12.205583,57.816501],[12.205564,57.816499],[12.205501,57.816506],[12.205499,57.816507],[12.205439,57.816526],[12.205361,57.816554],[12.205361,57.816555],[12.205352,57.81664],[12.205465,57.816663],[12.205613,57.816649],[12.205622,57.816648],[12.205647,57.816642],[12.205653,57.816641],[12.205666,57.816638],[12.205717,57.816629],[12.205726,57.816627],[12.205769,57.816627],[12.205781,57.816628],[12.205798,57.816631],[12.205815,57.816633],[12.205833,57.816636],[12.205857,57.81664],[12.20587,57.816642],[12.205884,57.816647],[12.205911,57.816658],[12.205991,57.816697],[12.206015,57.81672],[12.205998,57.816742],[12.20598,57.816768],[12.205949,57.816794],[12.205915,57.816823],[12.205915,57.816823],[12.205912,57.816826],[12.205887,57.81687],[12.205792,57.816974],[12.205792,57.816974],[12.205793,57.816981],[12.205795,57.81699],[12.205795,57.816991],[12.205795,57.816991],[12.205798,57.816997],[12.205809,57.817016],[12.205821,57.817025],[12.20583,57.817031],[12.205832,57.817033],[12.205836,57.817036],[12.205857,57.817052],[12.205892,57.817063],[12.205895,57.817063],[12.205923,57.817067],[12.205955,57.817074],[12.205956,57.817074],[12.205967,57.81708],[12.205983,57.817088],[12.205984,57.817108],[12.205986,57.817137],[12.205987,57.817147],[12.205977,57.817163],[12.205968,57.817178],[12.205994,57.817189],[12.20593,57.817313],[12.205973,57.817411],[12.205975,57.817413],[12.20598,57.817419],[12.205992,57.817444],[12.205995,57.817449],[12.206014,57.81748],[12.206057,57.817494],[12.205346,57.819069],[12.205073,57.819657],[12.205014,57.819797],[12.204816,57.819971],[12.203916,57.820647],[12.203441,57.820924],[12.203089,57.821065],[12.202771,57.821232],[12.202764,57.821236],[12.202693,57.821274],[12.202524,57.821377],[12.202411,57.821461],[12.202202,57.821583],[12.201928,57.821743],[12.201779,57.821855],[12.201474,57.822082],[12.201476,57.822101],[12.201466,57.82213],[12.201456,57.822161],[12.201451,57.822181],[12.201415,57.822197],[12.201366,57.822212],[12.201348,57.822218],[12.201297,57.822234],[12.201271,57.822239],[12.201245,57.822248],[12.201196,57.822266],[12.20102,57.822297],[12.201004,57.822301],[12.200992,57.822304],[12.200943,57.822323],[12.200838,57.822368],[12.200721,57.822417],[12.200418,57.822518],[12.200368,57.822585],[12.20032,57.822649],[12.200321,57.822692],[12.200324,57.822711],[12.200338,57.822752],[12.200339,57.822756],[12.200349,57.822768],[12.200364,57.822785],[12.200395,57.822822],[12.200426,57.822863],[12.200433,57.822914],[12.200434,57.822955],[12.20043,57.822989],[12.200425,57.823],[12.200416,57.823018],[12.200387,57.82304],[12.200377,57.823048],[12.200346,57.823079],[12.200327,57.82309],[12.200326,57.823091],[12.200326,57.823096],[12.200326,57.823098],[12.200323,57.823102],[12.199868,57.823702],[12.199858,57.823715],[12.199647,57.823787],[12.199633,57.823795],[12.199626,57.823799],[12.199607,57.823807],[12.199578,57.823819],[12.199545,57.823831],[12.199453,57.823854],[12.199441,57.823858],[12.199414,57.823867],[12.199352,57.823888],[12.19919,57.823991],[12.19878,57.824554],[12.198779,57.824555],[12.198517,57.824655],[12.198257,57.82472],[12.198046,57.824812],[12.19763,57.824872],[12.197533,57.824886],[12.196985,57.825007],[12.194313,57.825596],[12.193759,57.82573],[12.193758,57.82573],[12.193561,57.826659],[12.193463,57.827122],[12.192987,57.829366],[12.192332,57.832467],[12.192047,57.833817],[12.191969,57.834186],[12.191956,57.834247],[12.191944,57.834259],[12.186183,57.840032],[12.186099,57.840115],[12.186059,57.840156],[12.180784,57.845213],[12.177786,57.848168],[12.17252,57.853357],[12.170212,57.855628],[12.170173,57.855666],[12.170154,57.855684],[12.167991,57.856375],[12.161041,57.858573],[12.157651,57.859645],[12.156582,57.859983],[12.156181,57.860172],[12.155136,57.860666],[12.154149,57.860837],[12.154064,57.860852],[12.153741,57.860918],[12.153215,57.861203],[12.153035,57.861301],[12.152452,57.861513],[12.151208,57.861962],[12.150797,57.862086],[12.150356,57.862219],[12.149849,57.8624],[12.149162,57.862626],[12.149091,57.86265],[12.149087,57.862653],[12.148447,57.863097],[12.147803,57.863113],[12.147537,57.863196],[12.147444,57.86328],[12.147251,57.86369],[12.146322,57.864214],[12.146182,57.864293],[12.146167,57.864301],[12.146107,57.864685],[12.146094,57.86477],[12.14605,57.864766]]]}},{"type":"Feature","properties":{"kod":"14800102","namn":"Nordöstra Göteborg, Olofstorp"},"geometry":{"type":"Polygon","coordinates":[[[12.210407,57.812814],[12.206814,57.814824],[12.204708,57.816003],[12.204694,57.815991],[12.204667,57.81597],[12.204636,57.815953],[12.204595,57.815924],[12.204562,57.815908],[12.204529,57.815885],[12.204512,57.81586],[12.204492,57.815837],[12.20447,57.815821],[12.204455,57.815803],[12.204438,57.81579],[12.204416,57.815784],[12.204385,57.815778],[12.204364,57.815773],[12.204348,57.815764],[12.204316,57.815753],[12.204278,57.815749],[12.204237,57.815746],[12.204204,57.815754],[12.204154,57.815767],[12.204105,57.815786],[12.204065,57.815811],[12.204013,57.815827],[12.203977,57.815831],[12.204023,57.815897],[12.204025,57.815959],[12.203993,57.815994],[12.20387,57.816049],[12.203804,57.816065],[12.203701,57.816047],[12.203662,57.816012],[12.203679,57.815972],[12.20382,57.815834],[12.203718,57.815791],[12.203684,57.815778],[12.203607,57.815759],[12.203614,57.815751],[12.20372,57.815683],[12.203781,57.815618],[12.203808,57.815562],[12.203664,57.815518],[12.203469,57.81557],[12.203372,57.815594],[12.203308,57.815631],[12.203224,57.815695],[12.203217,57.815722],[12.203182,57.815816],[12.203142,57.815859],[12.203217,57.815984],[12.203165,57.816045],[12.203113,57.81606],[12.203008,57.816038],[12.202954,57.816037],[12.202918,57.816001],[12.20304,57.815888],[12.202952,57.815886],[12.202923,57.815852],[12.20296,57.815766],[12.2031,57.815672],[12.203126,57.815619],[12.20306,57.815572],[12.203036,57.815557],[12.203009,57.815544],[12.202981,57.81553],[12.202956,57.815518],[12.20294,57.815505],[12.20292,57.815498],[12.202891,57.815498],[12.202856,57.815496],[12.202828,57.815489],[12.202807,57.815481],[12.202794,57.815471],[12.202792,57.815456],[12.202801,57.815439],[12.202821,57.815425],[12.202841,57.815411],[12.202868,57.815399],[12.20289,57.815382],[12.202909,57.815371],[12.202935,57.815364],[12.202963,57.815363],[12.202994,57.815357],[12.203012,57.815352],[12.20303,57.815343],[12.203039,57.815327],[12.203047,57.815306],[12.203055,57.815282],[12.203059,57.815254],[12.203061,57.815226],[12.203057,57.815206],[12.203049,57.815191],[12.203028,57.815175],[12.203016,57.815162],[12.202982,57.81515],[12.202954,57.815141],[12.202914,57.815128],[12.20289,57.815115],[12.20286,57.815105],[12.202837,57.815099],[12.202819,57.815096],[12.202791,57.815094],[12.20276,57.815108],[12.202714,57.815112],[12.20269,57.815115],[12.20267,57.815118],[12.202645,57.815123],[12.202627,57.815128],[12.202611,57.815132],[12.202591,57.815131],[12.202567,57.815127],[12.202541,57.815121],[12.202518,57.815114],[12.202448,57.815067],[12.202336,57.815177],[12.202323,57.815236],[12.202282,57.815293],[12.202129,57.815309],[12.201942,57.81535],[12.20188,57.815363],[12.201788,57.815376],[12.201654,57.815321],[12.201573,57.815275],[12.201533,57.815238],[12.201529,57.815158],[12.201636,57.815053],[12.20179,57.814975],[12.2019,57.814977],[12.202122,57.815065],[12.202176,57.815045],[12.202258,57.815005],[12.202296,57.814989],[12.202304,57.814977],[12.20227,57.814946],[12.202243,57.814928],[12.202237,57.814924],[12.202211,57.814908],[12.202194,57.814895],[12.20218,57.814877],[12.20217,57.814855],[12.202158,57.814838],[12.202124,57.814818],[12.202109,57.814804],[12.202094,57.814792],[12.202077,57.814783],[12.202055,57.814773],[12.202019,57.814755],[12.201982,57.814738],[12.201939,57.814722],[12.201903,57.81471],[12.201874,57.814702],[12.201839,57.814689],[12.201807,57.814679],[12.201772,57.814662],[12.201754,57.814652],[12.20172,57.814644],[12.201701,57.814638],[12.201688,57.814622],[12.201675,57.81462],[12.201644,57.814626],[12.201615,57.814626],[12.201578,57.814622],[12.201544,57.814615],[12.201494,57.814613],[12.201441,57.814626],[12.201405,57.814637],[12.201368,57.814654],[12.201336,57.814671],[12.201316,57.814687],[12.201301,57.814704],[12.201292,57.814721],[12.201287,57.814733],[12.201283,57.814747],[12.201285,57.814765],[12.201279,57.81478],[12.201269,57.814796],[12.201251,57.81481],[12.201225,57.814823],[12.2012,57.814832],[12.201177,57.814836],[12.20115,57.814839],[12.201126,57.814843],[12.201096,57.814847],[12.201069,57.814851],[12.201045,57.814849],[12.201024,57.814842],[12.201009,57.814832],[12.200994,57.814825],[12.200988,57.814815],[12.20098,57.814804],[12.200978,57.814794],[12.200974,57.814779],[12.20097,57.814766],[12.200968,57.814751],[12.200972,57.814736],[12.200975,57.814718],[12.200978,57.814703],[12.20099,57.814692],[12.201005,57.814679],[12.201021,57.814667],[12.201032,57.814655],[12.201041,57.81464],[12.201045,57.814626],[12.201052,57.814617],[12.20106,57.814608],[12.201076,57.814585],[12.201095,57.814549],[12.201116,57.814527],[12.201133,57.814507],[12.201152,57.814497],[12.201169,57.814487],[12.201193,57.814477],[12.201222,57.81447],[12.201291,57.814454],[12.201314,57.81445],[12.201334,57.814449],[12.201359,57.814445],[12.201385,57.814439],[12.201407,57.814433],[12.201432,57.814427],[12.201455,57.814421],[12.201491,57.814418],[12.201519,57.814414],[12.20155,57.814413],[12.201585,57.814412],[12.201621,57.814408],[12.201649,57.814405],[12.201701,57.814398],[12.201743,57.814397],[12.201787,57.814397],[12.201836,57.814395],[12.201886,57.814398],[12.201932,57.814398],[12.201976,57.814394],[12.202021,57.814384],[12.202059,57.814375],[12.202111,57.814369],[12.202158,57.814362],[12.202215,57.814355],[12.202259,57.814349],[12.202301,57.81435],[12.20233,57.81435],[12.202355,57.814333],[12.202386,57.814319],[12.202408,57.814296],[12.202405,57.814269],[12.2024,57.814248],[12.202381,57.814225],[12.202364,57.814194],[12.202353,57.814164],[12.202342,57.814137],[12.202331,57.814113],[12.202315,57.814085],[12.202309,57.814057],[12.202316,57.814029],[12.202346,57.813997],[12.202372,57.813968],[12.20241,57.813943],[12.202459,57.813927],[12.202509,57.813927],[12.202548,57.813932],[12.202593,57.813951],[12.202622,57.813969],[12.20264,57.813987],[12.202675,57.814],[12.202696,57.814016],[12.202727,57.814028],[12.202767,57.814036],[12.202808,57.814045],[12.20284,57.814049],[12.202865,57.814035],[12.202909,57.814015],[12.202958,57.813993],[12.203004,57.81397],[12.203066,57.813938],[12.203117,57.81391],[12.20315,57.81389],[12.203191,57.813876],[12.20324,57.813853],[12.203266,57.813832],[12.203265,57.813812],[12.203252,57.813795],[12.203212,57.813781],[12.203168,57.813769],[12.20312,57.813756],[12.203068,57.813734],[12.203027,57.813714],[12.202993,57.813703],[12.202969,57.813692],[12.202944,57.813683],[12.202943,57.813683],[12.202921,57.813672],[12.202902,57.813657],[12.202882,57.813643],[12.202857,57.813629],[12.202825,57.813615],[12.202801,57.813598],[12.202766,57.813578],[12.202744,57.813564],[12.202715,57.813549],[12.202691,57.813532],[12.202656,57.813511],[12.202628,57.81349],[12.202609,57.813474],[12.202579,57.813453],[12.202573,57.813442],[12.202558,57.813423],[12.202553,57.813414],[12.202535,57.81341],[12.202499,57.813409],[12.202449,57.813415],[12.202419,57.813421],[12.20238,57.813435],[12.202359,57.81345],[12.20234,57.81346],[12.202325,57.81348],[12.202316,57.813498],[12.202304,57.813515],[12.202282,57.813531],[12.202254,57.813551],[12.202218,57.813573],[12.202192,57.813598],[12.202157,57.813616],[12.20211,57.813644],[12.202059,57.813674],[12.202016,57.813698],[12.201992,57.81372],[12.201965,57.81375],[12.201939,57.813779],[12.201926,57.813803],[12.201895,57.813827],[12.20185,57.813864],[12.201812,57.813887],[12.201774,57.813909],[12.20174,57.813918],[12.201701,57.813916],[12.201656,57.813926],[12.20162,57.813931],[12.201575,57.813933],[12.20153,57.813932],[12.201483,57.813936],[12.201438,57.813947],[12.201384,57.813955],[12.20133,57.813963],[12.201284,57.813966],[12.201245,57.813967],[12.20122,57.813969],[12.201169,57.813973],[12.201127,57.813977],[12.201061,57.813978],[12.200884,57.813987],[12.200826,57.813978],[12.200786,57.813964],[12.200767,57.813947],[12.200754,57.813936],[12.200752,57.813921],[12.200758,57.813897],[12.200751,57.813881],[12.200757,57.813866],[12.200776,57.81385],[12.200789,57.813836],[12.200812,57.813826],[12.200848,57.813811],[12.200882,57.813793],[12.200916,57.813754],[12.200912,57.813734],[12.200915,57.813724],[12.200894,57.813705],[12.200872,57.813683],[12.200852,57.813669],[12.200819,57.813651],[12.200781,57.813629],[12.20074,57.81361],[12.20071,57.813601],[12.20066,57.813589],[12.200582,57.813581],[12.200513,57.813575],[12.20045,57.81357],[12.200379,57.813573],[12.20029,57.813577],[12.200213,57.813578],[12.20014,57.813565],[12.200111,57.813555],[12.20008,57.813543],[12.200067,57.813528],[12.200045,57.813505],[12.200032,57.813491],[12.200019,57.813474],[12.20001,57.813451],[12.200003,57.813427],[12.200002,57.813406],[12.200006,57.813387],[12.200012,57.813375],[12.200018,57.813363],[12.200022,57.813356],[12.200024,57.81334],[12.20002,57.813327],[12.200002,57.81331],[12.199953,57.813304],[12.199918,57.8133],[12.199879,57.8133],[12.19983,57.813307],[12.199798,57.813319],[12.199764,57.81334],[12.199745,57.813355],[12.19971,57.813375],[12.199676,57.813395],[12.199649,57.813408],[12.199637,57.813421],[12.199614,57.813432],[12.199575,57.81345],[12.199538,57.813465],[12.199508,57.813473],[12.199476,57.813474],[12.199441,57.813475],[12.199383,57.813468],[12.199345,57.813459],[12.199295,57.813439],[12.199263,57.813428],[12.199223,57.813422],[12.199202,57.813414],[12.199183,57.813394],[12.199183,57.813374],[12.199179,57.813354],[12.199197,57.813329],[12.199215,57.813316],[12.19925,57.813302],[12.199274,57.813298],[12.199306,57.813289],[12.199352,57.813276],[12.199387,57.813265],[12.19944,57.813251],[12.199484,57.813239],[12.199526,57.813231],[12.199572,57.813229],[12.19965,57.813226],[12.199709,57.813218],[12.199773,57.813213],[12.199804,57.81321],[12.199837,57.813204],[12.199867,57.813199],[12.1999,57.81319],[12.199937,57.813182],[12.199981,57.81318],[12.20002,57.813176],[12.200128,57.813168],[12.200177,57.813168],[12.200221,57.813165],[12.200247,57.813167],[12.200283,57.81317],[12.200324,57.813177],[12.200392,57.813176],[12.200464,57.81318],[12.20053,57.813188],[12.200603,57.8132],[12.20067,57.813225],[12.200724,57.813247],[12.200748,57.81325],[12.200787,57.813251],[12.20082,57.81324],[12.200858,57.813221],[12.20089,57.813197],[12.2009,57.813178],[12.200908,57.813165],[12.200904,57.81315],[12.200836,57.813109],[12.200799,57.813098],[12.200761,57.813088],[12.200721,57.813079],[12.200683,57.81307],[12.200659,57.813057],[12.200651,57.813035],[12.20064,57.812981],[12.200664,57.812941],[12.200744,57.812904],[12.200825,57.812872],[12.200909,57.812849],[12.200947,57.812846],[12.200993,57.812848],[12.201025,57.812858],[12.20106,57.812864],[12.201118,57.812871],[12.201195,57.812877],[12.201272,57.812881],[12.201321,57.812878],[12.20135,57.81287],[12.201405,57.812863],[12.201454,57.812842],[12.201491,57.812833],[12.201529,57.812816],[12.201552,57.812791],[12.201541,57.812746],[12.201545,57.812704],[12.201535,57.812672],[12.201495,57.812642],[12.201455,57.812615],[12.201425,57.812596],[12.201393,57.812573],[12.201366,57.812561],[12.201313,57.812543],[12.201244,57.812527],[12.20119,57.812507],[12.201144,57.812465],[12.201115,57.812447],[12.201032,57.812421],[12.200965,57.812408],[12.200912,57.812406],[12.200864,57.812399],[12.200778,57.81238],[12.200721,57.81237],[12.200659,57.812357],[12.200617,57.812346],[12.200579,57.81233],[12.200532,57.81232],[12.200489,57.812308],[12.200445,57.81229],[12.200394,57.812271],[12.200366,57.812253],[12.200349,57.812225],[12.200336,57.812197],[12.200323,57.812166],[12.200273,57.812112],[12.200242,57.81209],[12.200204,57.812074],[12.200141,57.812055],[12.200094,57.812046],[12.200059,57.812032],[12.199992,57.812014],[12.199926,57.812002],[12.199859,57.811988],[12.199768,57.811986],[12.199675,57.811992],[12.199599,57.812002],[12.199543,57.812028],[12.199511,57.81206],[12.199483,57.812103],[12.199434,57.812139],[12.199416,57.81218],[12.19938,57.812225],[12.199357,57.812257],[12.199341,57.812271],[12.199398,57.812283],[12.199468,57.812301],[12.199536,57.812334],[12.199593,57.812366],[12.199635,57.812383],[12.199672,57.812397],[12.19973,57.812412],[12.199773,57.812433],[12.199833,57.812494],[12.199862,57.812548],[12.199864,57.81267],[12.19983,57.812705],[12.199813,57.812761],[12.199775,57.812824],[12.199738,57.812894],[12.199694,57.812945],[12.19967,57.812975],[12.199616,57.81301],[12.199542,57.813038],[12.199452,57.813059],[12.199374,57.813063],[12.199302,57.813033],[12.199229,57.812985],[12.199174,57.812939],[12.199146,57.812883],[12.199131,57.812842],[12.199102,57.812789],[12.199101,57.812754],[12.199143,57.812703],[12.199191,57.812667],[12.199243,57.812646],[12.199277,57.812633],[12.199307,57.812617],[12.199327,57.812603],[12.199339,57.812586],[12.199351,57.812565],[12.199461,57.812443],[12.199269,57.812361],[12.19924,57.81239],[12.199207,57.812421],[12.19917,57.812458],[12.199114,57.812471],[12.199006,57.812493],[12.198946,57.812501],[12.198887,57.812503],[12.198819,57.812508],[12.198747,57.812515],[12.198687,57.812529],[12.198622,57.812545],[12.198579,57.812564],[12.198529,57.812582],[12.198479,57.812605],[12.198444,57.812624],[12.198423,57.812642],[12.198412,57.81266],[12.198378,57.812676],[12.198325,57.812698],[12.198267,57.812711],[12.198164,57.812737],[12.198107,57.812739],[12.198054,57.812753],[12.198007,57.81277],[12.197957,57.812785],[12.197904,57.812811],[12.197866,57.812836],[12.197828,57.812854],[12.197785,57.812863],[12.197748,57.812856],[12.197701,57.812833],[12.197658,57.812805],[12.197616,57.812749],[12.197592,57.812714],[12.197584,57.812684],[12.197557,57.812645],[12.197522,57.812592],[12.197538,57.81255],[12.197541,57.812503],[12.197534,57.812463],[12.197549,57.812444],[12.197568,57.812416],[12.197568,57.812394],[12.197557,57.812366],[12.197551,57.812347],[12.197532,57.812331],[12.197472,57.812301],[12.197414,57.812286],[12.197344,57.812275],[12.1973,57.812274],[12.197245,57.812272],[12.197199,57.812262],[12.19714,57.812237],[12.19711,57.81222],[12.197097,57.812203],[12.197098,57.812186],[12.197104,57.812167],[12.197111,57.812148],[12.197127,57.812129],[12.19714,57.81211],[12.197139,57.812091],[12.197223,57.812092],[12.197269,57.812099],[12.197321,57.812111],[12.197361,57.812115],[12.197392,57.812124],[12.197428,57.812134],[12.197485,57.812139],[12.197515,57.812145],[12.197562,57.812154],[12.197604,57.812167],[12.197646,57.812175],[12.197695,57.812186],[12.197756,57.812192],[12.197818,57.812192],[12.197971,57.812159],[12.198025,57.812141],[12.198061,57.812126],[12.198098,57.812093],[12.198077,57.812047],[12.19799,57.812021],[12.197926,57.811991],[12.197879,57.811978],[12.197829,57.811966],[12.197785,57.811945],[12.197748,57.811927],[12.197704,57.811911],[12.197669,57.811888],[12.197651,57.811867],[12.19764,57.811846],[12.197614,57.811828],[12.197585,57.811814],[12.197535,57.811799],[12.197499,57.811803],[12.197466,57.811802],[12.197421,57.811807],[12.197369,57.811808],[12.197335,57.811806],[12.197292,57.81181],[12.197236,57.811816],[12.197199,57.811824],[12.197151,57.811834],[12.197101,57.811846],[12.197061,57.811856],[12.19702,57.811865],[12.196971,57.811874],[12.196916,57.81189],[12.196875,57.811901],[12.196803,57.811924],[12.196752,57.811939],[12.1967,57.811953],[12.196661,57.811961],[12.196585,57.811965],[12.196558,57.81196],[12.196529,57.811952],[12.196502,57.811942],[12.196486,57.811929],[12.196451,57.81193],[12.19641,57.811929],[12.196386,57.811911],[12.19638,57.811897],[12.196373,57.811875],[12.196377,57.811855],[12.196393,57.811834],[12.196402,57.811816],[12.196408,57.811783],[12.196411,57.811752],[12.196423,57.81172],[12.196437,57.811694],[12.196454,57.811667],[12.19647,57.811636],[12.196474,57.811608],[12.196464,57.811586],[12.196456,57.811561],[12.196463,57.811529],[12.19649,57.811508],[12.196536,57.811485],[12.196595,57.811461],[12.196654,57.811439],[12.196732,57.811429],[12.196783,57.811417],[12.196834,57.811405],[12.196895,57.811395],[12.196956,57.811383],[12.197024,57.811361],[12.197062,57.811345],[12.197096,57.811324],[12.197139,57.811295],[12.197169,57.811266],[12.19719,57.811245],[12.197195,57.811219],[12.197203,57.811195],[12.197231,57.811161],[12.197182,57.811143],[12.196995,57.811117],[12.19693,57.811117],[12.196857,57.811102],[12.196748,57.811087],[12.196707,57.811072],[12.196661,57.811057],[12.196624,57.81104],[12.196601,57.811017],[12.196571,57.810994],[12.196528,57.810973],[12.196476,57.810964],[12.196403,57.810959],[12.196326,57.810951],[12.196267,57.810958],[12.1962,57.810979],[12.196148,57.810995],[12.196089,57.810998],[12.196044,57.811002],[12.19599,57.810998],[12.195961,57.810978],[12.19596,57.810939],[12.195963,57.810893],[12.195949,57.81085],[12.19592,57.810807],[12.195888,57.810764],[12.195838,57.810698],[12.195812,57.81068],[12.195785,57.810656],[12.195696,57.810639],[12.195647,57.810634],[12.19559,57.810633],[12.195547,57.810646],[12.195512,57.810666],[12.195474,57.810699],[12.195432,57.810745],[12.195417,57.810779],[12.19539,57.810806],[12.195383,57.810835],[12.195371,57.810862],[12.195372,57.810895],[12.195379,57.810929],[12.195376,57.810969],[12.195356,57.810999],[12.195336,57.811035],[12.195328,57.811059],[12.195313,57.811076],[12.195277,57.811104],[12.195248,57.811123],[12.195203,57.811139],[12.195166,57.811147],[12.195123,57.811151],[12.194975,57.811151],[12.194903,57.811145],[12.194869,57.811157],[12.194809,57.811167],[12.194681,57.811168],[12.194609,57.811172],[12.194558,57.811179],[12.1945,57.811191],[12.194439,57.811195],[12.194393,57.811201],[12.194328,57.811207],[12.194273,57.811204],[12.194233,57.811194],[12.194188,57.811183],[12.194144,57.811162],[12.194105,57.811142],[12.194074,57.811116],[12.194048,57.811091],[12.194029,57.811062],[12.194034,57.811032],[12.194095,57.810985],[12.194137,57.810972],[12.194186,57.810978],[12.194237,57.81097],[12.194291,57.810941],[12.194342,57.810916],[12.194351,57.810892],[12.19433,57.81087],[12.194311,57.810839],[12.194296,57.810823],[12.194268,57.810805],[12.194195,57.810789],[12.194137,57.810771],[12.194077,57.810758],[12.194018,57.810761],[12.193894,57.810765],[12.193612,57.810826],[12.193342,57.810845],[12.193228,57.810835],[12.193194,57.810749],[12.193049,57.810679],[12.192953,57.810622],[12.192907,57.810549],[12.193011,57.810332],[12.193039,57.810223],[12.193062,57.810183],[12.193088,57.810148],[12.193132,57.810075],[12.193178,57.810019],[12.19321,57.809976],[12.193237,57.809928],[12.193258,57.809876],[12.193286,57.809842],[12.193314,57.809807],[12.193339,57.809776],[12.193356,57.809738],[12.193364,57.809699],[12.193342,57.80965],[12.193325,57.809607],[12.193307,57.809566],[12.193268,57.809532],[12.193228,57.809507],[12.193175,57.809494],[12.193139,57.809491],[12.193083,57.80949],[12.193007,57.809487],[12.192941,57.809488],[12.192886,57.809484],[12.192831,57.80947],[12.192767,57.809458],[12.192695,57.809452],[12.192636,57.809444],[12.192592,57.809441],[12.192548,57.809446],[12.192499,57.809446],[12.192442,57.80945],[12.192403,57.80946],[12.192375,57.809479],[12.192349,57.809505],[12.192331,57.809527],[12.192329,57.809559],[12.192341,57.809591],[12.19237,57.809613],[12.192389,57.809632],[12.192394,57.809646],[12.192385,57.809664],[12.192325,57.809671],[12.192278,57.809675],[12.192231,57.809677],[12.192156,57.80967],[12.192105,57.809656],[12.192056,57.809648],[12.192003,57.809649],[12.19195,57.809644],[12.191888,57.809645],[12.191832,57.809643],[12.191788,57.809629],[12.191751,57.80962],[12.191714,57.809612],[12.191674,57.809602],[12.191633,57.809589],[12.191543,57.809541],[12.191373,57.809471],[12.191312,57.809451],[12.191119,57.809412],[12.190957,57.809362],[12.190875,57.809324],[12.190834,57.809319],[12.190693,57.809345],[12.190546,57.809423],[12.190534,57.809527],[12.190599,57.809615],[12.190632,57.809687],[12.190699,57.809707],[12.19084,57.80978],[12.190879,57.809809],[12.190937,57.809905],[12.190958,57.809995],[12.190996,57.810047],[12.191012,57.810117],[12.191005,57.810147],[12.190975,57.810166],[12.190887,57.810194],[12.19078,57.810239],[12.190747,57.810278],[12.19075,57.810306],[12.19077,57.81033],[12.190872,57.810403],[12.190869,57.810453],[12.190812,57.810488],[12.19075,57.810511],[12.190535,57.810559],[12.190473,57.810577],[12.19038,57.81062],[12.190239,57.810619],[12.190115,57.810584],[12.189985,57.810464],[12.189857,57.81041],[12.1898,57.810365],[12.189793,57.810338],[12.189814,57.810215],[12.189845,57.810148],[12.189879,57.810125],[12.189981,57.810091],[12.190045,57.810057],[12.190061,57.810042],[12.190065,57.810015],[12.190081,57.809993],[12.190092,57.809968],[12.1901,57.809948],[12.190107,57.809932],[12.190096,57.809919],[12.190073,57.809905],[12.19005,57.809887],[12.190057,57.809863],[12.190054,57.809836],[12.190048,57.809794],[12.190041,57.80976],[12.190038,57.809731],[12.190025,57.809694],[12.190016,57.809661],[12.189998,57.809638],[12.189963,57.809628],[12.18988,57.809614],[12.189799,57.809591],[12.189677,57.809516],[12.189633,57.809456],[12.189565,57.809425],[12.189504,57.809418],[12.189446,57.809416],[12.189309,57.809441],[12.189269,57.80946],[12.189218,57.809509],[12.189181,57.809527],[12.189071,57.809552],[12.188781,57.809582],[12.188636,57.80966],[12.188567,57.809715],[12.188629,57.809847],[12.188679,57.809882],[12.188753,57.809915],[12.188764,57.809929],[12.188761,57.809981],[12.188754,57.81],[12.188746,57.810022],[12.188741,57.810041],[12.188739,57.81006],[12.188732,57.810083],[12.188729,57.810101],[12.188714,57.810112],[12.188691,57.81013],[12.188666,57.810145],[12.188644,57.810159],[12.188604,57.810168],[12.188554,57.810178],[12.188516,57.81019],[12.188484,57.810189],[12.188454,57.810185],[12.188432,57.810172],[12.188403,57.810156],[12.18839,57.810137],[12.188384,57.810118],[12.188375,57.810099],[12.188356,57.810078],[12.188339,57.810062],[12.188336,57.810044],[12.188339,57.810027],[12.188317,57.810005],[12.188304,57.809989],[12.188277,57.809969],[12.188244,57.809951],[12.188201,57.809929],[12.188158,57.809915],[12.188075,57.809893],[12.188045,57.809886],[12.188014,57.809873],[12.187986,57.809858],[12.187963,57.809843],[12.187923,57.809824],[12.187898,57.809817],[12.187882,57.809801],[12.187869,57.809786],[12.187855,57.80977],[12.187842,57.809755],[12.187841,57.809742],[12.187838,57.809721],[12.187831,57.809704],[12.18782,57.809687],[12.187796,57.80967],[12.187768,57.809655],[12.187723,57.809633],[12.187608,57.809592],[12.187515,57.809592],[12.187493,57.809594],[12.187457,57.80961],[12.187427,57.809631],[12.187402,57.80966],[12.187389,57.809688],[12.187363,57.809731],[12.187362,57.809758],[12.187381,57.809784],[12.187416,57.809813],[12.187451,57.809836],[12.187482,57.809851],[12.18751,57.809863],[12.187518,57.80988],[12.187518,57.809899],[12.187523,57.809919],[12.187537,57.809942],[12.187573,57.809989],[12.187586,57.810013],[12.187598,57.81004],[12.187609,57.810065],[12.187635,57.810097],[12.187643,57.81012],[12.187647,57.810153],[12.187658,57.810178],[12.187666,57.810206],[12.187684,57.810225],[12.187703,57.810239],[12.187723,57.810253],[12.187749,57.810266],[12.187771,57.810277],[12.187794,57.810299],[12.187817,57.810326],[12.187833,57.810348],[12.187858,57.810381],[12.187881,57.810413],[12.187901,57.810442],[12.187912,57.810467],[12.187929,57.810478],[12.187952,57.810486],[12.187974,57.810494],[12.188004,57.810501],[12.188026,57.810507],[12.188091,57.810502],[12.188141,57.810502],[12.188244,57.810499],[12.188294,57.810502],[12.188341,57.810507],[12.188389,57.810512],[12.188527,57.810546],[12.188768,57.810506],[12.188861,57.81052],[12.189012,57.810576],[12.18902,57.810594],[12.189005,57.810698],[12.18895,57.810742],[12.188902,57.810804],[12.188879,57.810816],[12.188856,57.810818],[12.18877,57.810799],[12.188614,57.810745],[12.188506,57.810768],[12.188462,57.810776],[12.188423,57.810779],[12.188352,57.810777],[12.18832,57.810773],[12.188286,57.810772],[12.188254,57.810774],[12.188221,57.810781],[12.188206,57.810797],[12.18819,57.810815],[12.188164,57.810829],[12.188143,57.810846],[12.188112,57.810869],[12.188085,57.810881],[12.188045,57.810889],[12.188008,57.810894],[12.18797,57.810899],[12.187943,57.810893],[12.18784,57.810894],[12.187786,57.810898],[12.187739,57.810917],[12.187702,57.810934],[12.187685,57.810957],[12.187688,57.810989],[12.187685,57.81102],[12.187686,57.811053],[12.187687,57.811078],[12.187685,57.811104],[12.187691,57.811122],[12.187683,57.811135],[12.187664,57.811145],[12.187625,57.81115],[12.187538,57.811167],[12.187496,57.811187],[12.187447,57.81121],[12.187401,57.811229],[12.187358,57.811247],[12.187325,57.811265],[12.187271,57.811291],[12.187247,57.811301],[12.187217,57.811313],[12.187189,57.81132],[12.187172,57.811338],[12.187146,57.811347],[12.187105,57.811353],[12.186973,57.811381],[12.186846,57.811432],[12.186697,57.811446],[12.186602,57.811603],[12.18665,57.81171],[12.186819,57.811767],[12.186905,57.811808],[12.187005,57.811893],[12.187069,57.81191],[12.187209,57.811879],[12.187318,57.811871],[12.187407,57.811876],[12.187449,57.811885],[12.187494,57.811896],[12.187544,57.811908],[12.187572,57.811917],[12.187604,57.81192],[12.187633,57.811908],[12.187658,57.811898],[12.187683,57.811888],[12.187718,57.81188],[12.18775,57.811877],[12.187786,57.811884],[12.187815,57.811898],[12.187837,57.811914],[12.18786,57.811933],[12.187883,57.811959],[12.1879,57.811979],[12.187907,57.811994],[12.187915,57.812014],[12.18792,57.812032],[12.187938,57.812051],[12.18796,57.812067],[12.187985,57.812088],[12.188007,57.812098],[12.188026,57.812108],[12.188048,57.812127],[12.188058,57.812144],[12.188059,57.812163],[12.188063,57.812192],[12.188055,57.812207],[12.188042,57.812223],[12.188035,57.812246],[12.188009,57.812262],[12.187974,57.812276],[12.187947,57.812281],[12.18785,57.812278],[12.187751,57.812281],[12.187692,57.812279],[12.18763,57.812282],[12.187583,57.812279],[12.187541,57.812275],[12.187477,57.812263],[12.187432,57.812243],[12.187419,57.812231],[12.187389,57.8122],[12.187378,57.812191],[12.187366,57.812178],[12.187334,57.812153],[12.187312,57.812143],[12.187287,57.81213],[12.187268,57.812116],[12.187248,57.812105],[12.187228,57.812095],[12.187195,57.812087],[12.187156,57.812079],[12.187106,57.812068],[12.187059,57.812074],[12.186944,57.812096],[12.186891,57.812118],[12.186813,57.812164],[12.186699,57.812288],[12.186582,57.812374],[12.186494,57.812406],[12.18641,57.812414],[12.186347,57.81241],[12.186329,57.812397],[12.186275,57.81231],[12.186216,57.81226],[12.186041,57.812157],[12.186017,57.812135],[12.186005,57.812101],[12.185992,57.812076],[12.18594,57.812024],[12.185905,57.812002],[12.185832,57.811952],[12.185805,57.811932],[12.185772,57.811913],[12.185742,57.811901],[12.185686,57.811885],[12.185641,57.811865],[12.185599,57.811848],[12.185569,57.811834],[12.185543,57.811817],[12.185492,57.811801],[12.185438,57.811789],[12.185358,57.811778],[12.185293,57.811768],[12.185148,57.811766],[12.185074,57.811761],[12.185013,57.811759],[12.184985,57.811756],[12.184959,57.811752],[12.184927,57.811745],[12.184889,57.811735],[12.184842,57.811728],[12.184753,57.811741],[12.184708,57.811744],[12.184662,57.811745],[12.184558,57.811733],[12.184516,57.811735],[12.184455,57.811738],[12.184405,57.811741],[12.184371,57.811742],[12.184347,57.811738],[12.184317,57.811732],[12.184295,57.811723],[12.184263,57.811705],[12.184254,57.81169],[12.184253,57.811661],[12.184278,57.811628],[12.184386,57.81155],[12.18445,57.811531],[12.184537,57.811523],[12.184618,57.811507],[12.184691,57.811489],[12.184718,57.811479],[12.184738,57.811467],[12.184754,57.81145],[12.18476,57.811431],[12.184752,57.811413],[12.184734,57.811401],[12.184708,57.811391],[12.184661,57.811386],[12.184598,57.811387],[12.184559,57.811396],[12.184529,57.811403],[12.184481,57.811423],[12.184439,57.811441],[12.184407,57.811456],[12.184361,57.811466],[12.184327,57.811473],[12.184304,57.811482],[12.18428,57.811495],[12.18425,57.811515],[12.184232,57.811524],[12.184205,57.811537],[12.18418,57.811543],[12.18415,57.811557],[12.184099,57.811562],[12.184048,57.811578],[12.184002,57.811593],[12.183954,57.81161],[12.183908,57.811626],[12.183867,57.811646],[12.183838,57.811677],[12.183798,57.811705],[12.183772,57.811731],[12.183743,57.811757],[12.183724,57.811792],[12.183726,57.811844],[12.18374,57.811867],[12.18376,57.81189],[12.183765,57.811911],[12.183777,57.811929],[12.183807,57.811953],[12.183834,57.811974],[12.183879,57.811992],[12.183925,57.812011],[12.183964,57.812021],[12.184029,57.81204],[12.1841,57.812054],[12.184168,57.812067],[12.18422,57.812077],[12.184304,57.812078],[12.184358,57.812077],[12.184404,57.812076],[12.184453,57.812069],[12.184499,57.812057],[12.184543,57.81206],[12.184572,57.812058],[12.184613,57.812062],[12.184656,57.812071],[12.184695,57.812081],[12.184725,57.812093],[12.184746,57.812105],[12.184759,57.812117],[12.184766,57.812133],[12.184763,57.81215],[12.184752,57.81218],[12.184753,57.812199],[12.184748,57.81222],[12.184714,57.812227],[12.184697,57.812239],[12.184658,57.812258],[12.184623,57.812276],[12.184593,57.812298],[12.184575,57.812309],[12.184541,57.812321],[12.184522,57.812334],[12.184498,57.812343],[12.184463,57.812351],[12.184434,57.812366],[12.184404,57.812375],[12.184368,57.812385],[12.184325,57.812394],[12.18429,57.812403],[12.184244,57.812419],[12.184209,57.81243],[12.184178,57.812441],[12.184148,57.812451],[12.184117,57.812461],[12.184085,57.812471],[12.184056,57.812481],[12.184033,57.812488],[12.184012,57.812495],[12.183983,57.812505],[12.18395,57.81251],[12.183917,57.812515],[12.183899,57.81252],[12.183872,57.812527],[12.183846,57.812532],[12.183821,57.81254],[12.183766,57.812544],[12.183724,57.812546],[12.183687,57.812549],[12.183644,57.812543],[12.183597,57.812534],[12.183562,57.812531],[12.183524,57.812519],[12.183487,57.81251],[12.18345,57.812494],[12.18341,57.812477],[12.183391,57.812454],[12.183376,57.812433],[12.183363,57.812408],[12.183372,57.812388],[12.183359,57.812364],[12.183348,57.81234],[12.183331,57.812321],[12.183301,57.812296],[12.183267,57.812276],[12.183231,57.812257],[12.183208,57.812234],[12.183175,57.812212],[12.183138,57.812178],[12.183104,57.812149],[12.183084,57.81213],[12.183063,57.812115],[12.183033,57.812098],[12.182993,57.812085],[12.182957,57.812076],[12.182915,57.81207],[12.182874,57.81207],[12.182831,57.812073],[12.182802,57.81207],[12.182771,57.812063],[12.182735,57.812059],[12.182692,57.812054],[12.182635,57.812044],[12.182579,57.812032],[12.182551,57.81202],[12.182526,57.812001],[12.182506,57.811982],[12.182488,57.811963],[12.182472,57.811943],[12.182461,57.811926],[12.182438,57.811904],[12.182408,57.811882],[12.182367,57.81186],[12.182328,57.811838],[12.182295,57.811818],[12.182258,57.811804],[12.182226,57.811788],[12.182199,57.811775],[12.182179,57.811765],[12.182144,57.811751],[12.182123,57.811741],[12.182099,57.811727],[12.182079,57.811718],[12.182057,57.811703],[12.182029,57.811688],[12.182001,57.81167],[12.181966,57.811654],[12.181925,57.811638],[12.181891,57.811621],[12.181864,57.811603],[12.181806,57.811575],[12.181761,57.811554],[12.181734,57.811536],[12.181715,57.811517],[12.181712,57.811499],[12.181716,57.811481],[12.18172,57.811463],[12.181718,57.811443],[12.181724,57.811427],[12.181731,57.811414],[12.18174,57.811402],[12.18175,57.811386],[12.181757,57.811372],[12.181755,57.811354],[12.181747,57.811344],[12.181738,57.811338],[12.181717,57.811334],[12.181697,57.81133],[12.181678,57.811326],[12.181663,57.811318],[12.181649,57.811304],[12.181638,57.811294],[12.181623,57.811282],[12.181609,57.811271],[12.181587,57.811256],[12.181571,57.81124],[12.181564,57.811226],[12.181561,57.811208],[12.181567,57.811194],[12.18157,57.811181],[12.181576,57.811171],[12.181598,57.811158],[12.181618,57.811145],[12.181628,57.81113],[12.181644,57.811117],[12.181671,57.811105],[12.181703,57.811091],[12.18173,57.811077],[12.181751,57.811065],[12.181779,57.811058],[12.181804,57.81105],[12.181825,57.81104],[12.18184,57.81103],[12.181866,57.811018],[12.181885,57.811005],[12.1819,57.810995],[12.181927,57.810984],[12.181951,57.810972],[12.181973,57.810958],[12.181997,57.810941],[12.182005,57.810933],[12.182012,57.810921],[12.182017,57.810909],[12.18202,57.810896],[12.182025,57.810883],[12.182023,57.810871],[12.182012,57.810857],[12.182004,57.81083],[12.181996,57.810816],[12.181993,57.810804],[12.181978,57.81079],[12.181967,57.810778],[12.181954,57.810768],[12.181947,57.810759],[12.181944,57.810748],[12.181945,57.810738],[12.181953,57.810729],[12.181966,57.810718],[12.181981,57.810707],[12.182007,57.810696],[12.18203,57.810684],[12.18207,57.810673],[12.1821,57.810661],[12.18213,57.81065],[12.18215,57.810641],[12.182186,57.81064],[12.182216,57.810645],[12.18226,57.810644],[12.182297,57.810637],[12.182336,57.810624],[12.182379,57.810611],[12.182427,57.810595],[12.18246,57.810579],[12.182515,57.810564],[12.182562,57.810554],[12.182585,57.81055],[12.182623,57.81055],[12.182674,57.810554],[12.18275,57.810552],[12.18282,57.810551],[12.182877,57.810555],[12.182926,57.810568],[12.182966,57.810579],[12.182996,57.810591],[12.183026,57.810609],[12.183058,57.810623],[12.183092,57.810636],[12.183124,57.810655],[12.183156,57.810673],[12.183187,57.810695],[12.183214,57.810708],[12.183233,57.810719],[12.183251,57.810727],[12.183308,57.810742],[12.183319,57.810748],[12.183335,57.810762],[12.183352,57.810769],[12.18337,57.810775],[12.183389,57.81078],[12.183414,57.810782],[12.183471,57.810767],[12.183498,57.810757],[12.183525,57.810744],[12.183558,57.810727],[12.183584,57.810707],[12.183597,57.810699],[12.183593,57.810684],[12.18358,57.810668],[12.183569,57.810652],[12.183559,57.810635],[12.183555,57.810621],[12.183541,57.810598],[12.183519,57.810574],[12.183511,57.810553],[12.183514,57.81054],[12.183516,57.810525],[12.183516,57.810509],[12.183501,57.810493],[12.183493,57.810481],[12.183477,57.810458],[12.183474,57.810436],[12.183471,57.810397],[12.183467,57.810357],[12.183465,57.810341],[12.183469,57.810322],[12.183473,57.810307],[12.183485,57.810291],[12.183497,57.810277],[12.183513,57.810268],[12.18353,57.810257],[12.183554,57.810249],[12.183582,57.81024],[12.183621,57.810232],[12.183646,57.81023],[12.183678,57.81023],[12.183709,57.81023],[12.183746,57.810228],[12.183781,57.810222],[12.1838,57.810214],[12.183812,57.81021],[12.183828,57.810211],[12.183856,57.810209],[12.183885,57.810207],[12.183917,57.810201],[12.183945,57.810192],[12.183967,57.810178],[12.183975,57.810158],[12.183971,57.810137],[12.183962,57.810119],[12.183943,57.810106],[12.18392,57.810091],[12.183887,57.810078],[12.183837,57.81007],[12.183774,57.810062],[12.183728,57.810058],[12.183536,57.81008],[12.183466,57.810096],[12.183435,57.810102],[12.183402,57.810117],[12.183378,57.81014],[12.18335,57.81016],[12.183306,57.810166],[12.183264,57.810169],[12.183203,57.810165],[12.183148,57.810155],[12.18311,57.810148],[12.183088,57.810141],[12.183054,57.810126],[12.183018,57.810117],[12.182957,57.810118],[12.18286,57.81011],[12.182821,57.810105],[12.182755,57.810103],[12.182695,57.810105],[12.182645,57.81011],[12.182601,57.810116],[12.182567,57.810123],[12.182534,57.810127],[12.182517,57.810128],[12.182507,57.810136],[12.18246,57.810146],[12.18241,57.810148],[12.182369,57.810145],[12.182321,57.810138],[12.182272,57.810126],[12.182238,57.810106],[12.182205,57.810087],[12.182171,57.810065],[12.182138,57.810046],[12.182096,57.810026],[12.182059,57.810006],[12.182006,57.809991],[12.181963,57.809982],[12.181928,57.809976],[12.181873,57.809986],[12.181842,57.809998],[12.18181,57.810008],[12.181769,57.810022],[12.181734,57.810031],[12.181682,57.810043],[12.181634,57.810058],[12.18159,57.810074],[12.181554,57.810089],[12.181504,57.810108],[12.181462,57.810122],[12.181418,57.810139],[12.181379,57.810158],[12.181358,57.810178],[12.181337,57.810193],[12.181317,57.810213],[12.181291,57.810233],[12.181272,57.810258],[12.181246,57.810276],[12.181232,57.810298],[12.181212,57.810323],[12.181181,57.810318],[12.180658,57.809863],[12.180709,57.809845],[12.180833,57.809802],[12.180953,57.809775],[12.181105,57.809719],[12.181235,57.809673],[12.181364,57.80965],[12.181536,57.809614],[12.181668,57.809534],[12.181768,57.809468],[12.181922,57.809379],[12.18211,57.809301],[12.182222,57.809268],[12.182311,57.809209],[12.182353,57.809175],[12.182364,57.809118],[12.182326,57.809059],[12.182279,57.808987],[12.182234,57.808903],[12.181885,57.808664],[12.181761,57.80861],[12.181547,57.808563],[12.181258,57.808516],[12.181009,57.808521],[12.180874,57.808559],[12.180772,57.808597],[12.180732,57.808618],[12.180706,57.808638],[12.180676,57.808646],[12.180636,57.808651],[12.180609,57.808669],[12.180552,57.808727],[12.180548,57.808784],[12.18056,57.808856],[12.18057,57.80893],[12.1806,57.809],[12.180666,57.809075],[12.180731,57.809117],[12.180793,57.809166],[12.180865,57.809229],[12.180905,57.809283],[12.180936,57.80933],[12.180934,57.809344],[12.180889,57.80937],[12.18085,57.809392],[12.180809,57.809413],[12.180755,57.809437],[12.180694,57.80946],[12.180655,57.809474],[12.180592,57.809496],[12.180565,57.809514],[12.180518,57.809555],[12.180437,57.809683],[12.18034,57.809723],[12.180258,57.80977],[12.180213,57.809813],[12.180214,57.809858],[12.180226,57.80991],[12.180244,57.809941],[12.180277,57.80998],[12.180299,57.810061],[12.180225,57.810155],[12.180155,57.810152],[12.180083,57.810156],[12.180037,57.810177],[12.18,57.810205],[12.179951,57.810232],[12.179888,57.810302],[12.179856,57.81033],[12.179798,57.810352],[12.179742,57.810376],[12.179678,57.810391],[12.179625,57.810402],[12.179569,57.810408],[12.179529,57.810411],[12.179473,57.810408],[12.179429,57.810402],[12.179395,57.810389],[12.179368,57.810371],[12.179339,57.810347],[12.179327,57.810321],[12.179319,57.810296],[12.179306,57.810277],[12.179291,57.810256],[12.179293,57.810228],[12.17931,57.810195],[12.179327,57.810161],[12.179331,57.810129],[12.179346,57.810101],[12.179367,57.810047],[12.179369,57.809999],[12.179381,57.809969],[12.179351,57.809924],[12.179058,57.80976],[12.179047,57.809739],[12.179057,57.809672],[12.178966,57.809551],[12.17894,57.809481],[12.178931,57.809404],[12.178846,57.809316],[12.178808,57.80929],[12.1787,57.809271],[12.178586,57.809272],[12.17841,57.809255],[12.17816,57.809267],[12.178073,57.809246],[12.177852,57.809268],[12.177782,57.809308],[12.177772,57.809334],[12.177828,57.80947],[12.177966,57.809615],[12.178212,57.809743],[12.178277,57.809805],[12.178389,57.809871],[12.178417,57.809906],[12.178464,57.809964],[12.178462,57.810016],[12.178485,57.810067],[12.178479,57.810114],[12.178433,57.8102],[12.178317,57.810274],[12.17828,57.810286],[12.178188,57.810297],[12.177925,57.810286],[12.177649,57.810297],[12.177594,57.810305],[12.177515,57.810303],[12.177427,57.810243],[12.177378,57.810229],[12.177174,57.810188],[12.177125,57.810182],[12.177038,57.810188],[12.176918,57.810183],[12.176888,57.810172],[12.176858,57.810148],[12.176667,57.810045],[12.176592,57.809978],[12.176537,57.809886],[12.176518,57.809813],[12.176515,57.809694],[12.176527,57.809627],[12.176486,57.809504],[12.176532,57.809411],[12.176678,57.809332],[12.176742,57.809298],[12.176748,57.809281],[12.176728,57.809261],[12.176656,57.809229],[12.176538,57.809214],[12.176439,57.809211],[12.176404,57.80922],[12.176365,57.809246],[12.176325,57.809242],[12.176101,57.809164],[12.175964,57.809137],[12.175743,57.809139],[12.175643,57.809147],[12.17555,57.809141],[12.175503,57.809127],[12.175485,57.809111],[12.175468,57.809058],[12.175458,57.808976],[12.175419,57.808909],[12.175357,57.808865],[12.175259,57.808834],[12.175148,57.808838],[12.175039,57.808859],[12.174771,57.808857],[12.174552,57.808814],[12.17426,57.808729],[12.1742,57.808703],[12.174111,57.808683],[12.174066,57.808664],[12.174015,57.80864],[12.173965,57.808626],[12.173902,57.808599],[12.173821,57.808561],[12.17377,57.808527],[12.173725,57.808491],[12.173669,57.808454],[12.173635,57.808425],[12.173618,57.808392],[12.1736,57.808339],[12.173578,57.808299],[12.173553,57.808274],[12.17352,57.808251],[12.173454,57.808229],[12.173401,57.80822],[12.174383,57.805684],[12.172214,57.805373],[12.170323,57.805186],[12.169893,57.805107],[12.170236,57.804612],[12.169955,57.804513],[12.169945,57.804308],[12.170224,57.804054],[12.170701,57.80406],[12.171709,57.803797],[12.171841,57.803747],[12.171906,57.803642],[12.171794,57.803423],[12.172443,57.802464],[12.17258,57.802112],[12.174252,57.80137],[12.173971,57.80079],[12.173813,57.800683],[12.173361,57.800457],[12.173201,57.800343],[12.173171,57.800138],[12.173242,57.799922],[12.173557,57.799452],[12.173437,57.799119],[12.172838,57.79865],[12.172383,57.798377],[12.172498,57.797972],[12.171117,57.798357],[12.1665,57.795819],[12.162255,57.795749],[12.154067,57.790127],[12.156435,57.786517],[12.160052,57.781105],[12.164082,57.775073],[12.164226,57.775087],[12.164509,57.775113],[12.17218,57.775828],[12.172897,57.775888],[12.173642,57.775949],[12.173684,57.775954],[12.173711,57.775957],[12.183453,57.780005],[12.186688,57.780932],[12.188076,57.781332],[12.19333,57.782816],[12.19426,57.783074],[12.198115,57.784143],[12.19967,57.784574],[12.199684,57.784578],[12.200999,57.784943],[12.201788,57.785307],[12.202533,57.78565],[12.202848,57.785795],[12.20297,57.785852],[12.203531,57.78611],[12.203606,57.786153],[12.203611,57.786156],[12.203474,57.786255],[12.202937,57.786543],[12.202767,57.786724],[12.20276,57.786731],[12.202725,57.786892],[12.202749,57.786931],[12.203422,57.788039],[12.20376,57.788625],[12.203864,57.788812],[12.203913,57.788829],[12.203944,57.788839],[12.204147,57.788917],[12.204265,57.788963],[12.204698,57.789109],[12.205767,57.789486],[12.20621,57.789598],[12.206424,57.789642],[12.206592,57.789707],[12.206822,57.789803],[12.207318,57.789882],[12.207405,57.789896],[12.207468,57.789907],[12.207813,57.789524],[12.20785,57.789364],[12.20785,57.789364],[12.207967,57.789336],[12.208564,57.78919],[12.208564,57.789191],[12.208477,57.789362],[12.208386,57.789542],[12.208256,57.789638],[12.208231,57.789657],[12.208228,57.789659],[12.208176,57.789716],[12.208037,57.789859],[12.208339,57.789993],[12.208532,57.790044],[12.208727,57.790095],[12.208823,57.790104],[12.20904,57.790102],[12.209172,57.790091],[12.209322,57.790123],[12.209366,57.790125],[12.209616,57.790097],[12.20969,57.790081],[12.209691,57.790081],[12.209926,57.790087],[12.209948,57.790087],[12.210247,57.790081],[12.210248,57.790081],[12.210478,57.790054],[12.210478,57.790054],[12.21102,57.790177],[12.211009,57.790251],[12.21102,57.790294],[12.211007,57.790361],[12.210771,57.790728],[12.210434,57.791013],[12.210309,57.791185],[12.209978,57.791454],[12.209863,57.791567],[12.209858,57.79157],[12.209528,57.79181],[12.209491,57.791858],[12.209364,57.792338],[12.210804,57.792765],[12.210804,57.792765],[12.210831,57.792744],[12.211038,57.792586],[12.211116,57.792539],[12.211202,57.792347],[12.211418,57.792118],[12.211858,57.791629],[12.211922,57.791514],[12.212247,57.791139],[12.212387,57.790948],[12.212452,57.790894],[12.212475,57.790875],[12.21253,57.790845],[12.212602,57.790806],[12.212603,57.790806],[12.212716,57.790802],[12.212866,57.790813],[12.213085,57.790846],[12.213391,57.79091],[12.213484,57.790928],[12.21354,57.790936],[12.21365,57.790949],[12.214019,57.790995],[12.214194,57.791031],[12.214475,57.791121],[12.214586,57.79117],[12.214664,57.791216],[12.214741,57.79127],[12.214814,57.791326],[12.214908,57.791422],[12.214984,57.79157],[12.215152,57.792094],[12.215165,57.792144],[12.215175,57.792179],[12.215176,57.792182],[12.215257,57.792303],[12.215339,57.792894],[12.215399,57.793037],[12.215497,57.793196],[12.215595,57.79332],[12.216216,57.793791],[12.216571,57.794115],[12.216577,57.794121],[12.216636,57.794166],[12.216637,57.794166],[12.217529,57.793992],[12.217666,57.793922],[12.217863,57.793791],[12.218001,57.793672],[12.218215,57.79341],[12.218289,57.793354],[12.218483,57.793207],[12.218484,57.793207],[12.218536,57.793229],[12.218571,57.793244],[12.218572,57.793244],[12.218692,57.793182],[12.218891,57.793121],[12.219425,57.792956],[12.219426,57.792956],[12.219551,57.792983],[12.219688,57.793082],[12.220044,57.79325],[12.220218,57.793332],[12.220219,57.793332],[12.220529,57.79331],[12.220588,57.793307],[12.220588,57.793307],[12.220628,57.793305],[12.2207,57.793301],[12.2207,57.793301],[12.22096,57.793317],[12.221259,57.793335],[12.221845,57.793375],[12.221946,57.793383],[12.221973,57.793385],[12.222089,57.793397],[12.222219,57.793405],[12.222315,57.79341],[12.222318,57.79341],[12.222446,57.793416],[12.2226,57.793422],[12.222627,57.793423],[12.222635,57.793423],[12.222816,57.793433],[12.222904,57.793426],[12.223117,57.793403],[12.223176,57.793376],[12.223225,57.793339],[12.22327,57.793302],[12.223289,57.793286],[12.223319,57.793258],[12.223362,57.793217],[12.223444,57.793232],[12.22346,57.793235],[12.223614,57.793263],[12.223618,57.793263],[12.228781,57.79419],[12.228954,57.794221],[12.229014,57.794246],[12.229428,57.794418],[12.229447,57.794426],[12.229491,57.794434],[12.229907,57.794511],[12.231041,57.794601],[12.231041,57.794601],[12.23108,57.794579],[12.231081,57.794579],[12.231316,57.794605],[12.231356,57.794744],[12.231357,57.794746],[12.231441,57.794852],[12.231515,57.794942],[12.231515,57.794942],[12.231546,57.794949],[12.231558,57.794998],[12.231559,57.795001],[12.23159,57.795047],[12.232014,57.795321],[12.23236,57.795448],[12.232361,57.795448],[12.23254,57.795478],[12.233851,57.795522],[12.233852,57.795522],[12.234334,57.795539],[12.234465,57.795532],[12.234627,57.795522],[12.235189,57.795439],[12.235852,57.795232],[12.235853,57.795233],[12.237646,57.795582],[12.24161,57.796359],[12.241578,57.796385],[12.24042,57.797369],[12.240416,57.797373],[12.240406,57.797382],[12.239039,57.798534],[12.237684,57.799677],[12.234114,57.802706],[12.233388,57.803321],[12.23022,57.806008],[12.224477,57.810895],[12.220939,57.812036],[12.217292,57.813027],[12.214409,57.81384],[12.213547,57.813877],[12.211246,57.813057],[12.210981,57.812948],[12.210649,57.812856],[12.210407,57.812815],[12.210407,57.812814]]]}},{"type":"Feature","properties":{"kod":"14800103","namn":"Nordöstra Göteborg, Björsared"},"geometry":{"type":"Polygon","coordinates":[[[12.162255,57.795749],[12.16293,57.797347],[12.162764,57.797776],[12.162,57.798266],[12.162075,57.798442],[12.161699,57.798841],[12.161636,57.799343],[12.164253,57.799669],[12.162595,57.801711],[12.163643,57.802099],[12.166556,57.803567],[12.166157,57.804166],[12.164348,57.804991],[12.162868,57.80418],[12.157266,57.802172],[12.154158,57.800719],[12.152343,57.800132],[12.149116,57.799594],[12.146476,57.803162],[12.148013,57.804722],[12.147683,57.806239],[12.144589,57.808497],[12.135753,57.802844],[12.128663,57.798538],[12.127673,57.79732],[12.127605,57.796813],[12.129289,57.792297],[12.129848,57.791838],[12.130436,57.791493],[12.131005,57.791352],[12.131808,57.791402],[12.132695,57.791311],[12.133348,57.791076],[12.134727,57.789947],[12.144176,57.791568],[12.145713,57.790568],[12.148116,57.788767],[12.154067,57.790127],[12.162255,57.795749]]]}},{"type":"Feature","properties":{"kod":"14800104","namn":"Nordöstra Göteborg, Gunnilse"},"geometry":{"type":"Polygon","coordinates":[[[12.130436,57.791493],[12.129848,57.791838],[12.129289,57.792297],[12.127605,57.796813],[12.127673,57.79732],[12.122612,57.798719],[12.112449,57.805223],[12.105998,57.805305],[12.105047,57.805654],[12.103467,57.805547],[12.103222,57.804781],[12.103368,57.804108],[12.104249,57.802323],[12.099687,57.801985],[12.100232,57.801401],[12.090186,57.79951],[12.089596,57.795173],[12.093903,57.789676],[12.095522,57.789436],[12.096319,57.789548],[12.096868,57.789303],[12.094588,57.788706],[12.093427,57.787909],[12.091966,57.786064],[12.090132,57.784739],[12.08273,57.782369],[12.077816,57.781395],[12.076376,57.780817],[12.075497,57.780079],[12.074187,57.778973],[12.072393,57.778226],[12.06918,57.777709],[12.069695,57.775805],[12.079462,57.773284],[12.079171,57.771337],[12.078933,57.76734],[12.079345,57.765462],[12.079663,57.764009],[12.079446,57.763961],[12.078734,57.763626],[12.079759,57.762124],[12.085319,57.763218],[12.096875,57.765524],[12.098322,57.766104],[12.098328,57.766106],[12.098351,57.766115],[12.107026,57.769622],[12.113952,57.772381],[12.113996,57.772384],[12.114025,57.772396],[12.125881,57.773202],[12.126021,57.773212],[12.132187,57.773646],[12.133855,57.773766],[12.13703,57.773903],[12.138199,57.773953],[12.139128,57.773993],[12.139354,57.774003],[12.139512,57.77401],[12.141373,57.774084],[12.14181,57.774103],[12.142236,57.774121],[12.144876,57.774236],[12.146755,57.774317],[12.150094,57.774461],[12.152432,57.774563],[12.156552,57.774741],[12.157716,57.774792],[12.163557,57.775047],[12.163735,57.775055],[12.164029,57.775068],[12.164082,57.775073],[12.160052,57.781105],[12.156435,57.786517],[12.154067,57.790127],[12.148116,57.788767],[12.145713,57.790568],[12.144176,57.791568],[12.134727,57.789947],[12.133348,57.791076],[12.132695,57.791311],[12.131808,57.791402],[12.131005,57.791352],[12.130436,57.791493]]]}},{"type":"Feature","properties":{"kod":"14800105","namn":"Nordöstra Göteborg, Linnarhult"},"geometry":{"type":"Polygon","coordinates":[[[12.090186,57.79951],[12.081912,57.799652],[12.078191,57.799715],[12.077752,57.799641],[12.077549,57.799494],[12.077697,57.799236],[12.075949,57.79866],[12.075631,57.798985],[12.073648,57.797878],[12.073052,57.797851],[12.072311,57.798755],[12.070633,57.798519],[12.069975,57.798426],[12.069316,57.798334],[12.069058,57.799158],[12.06904,57.799218],[12.066783,57.798802],[12.068396,57.795292],[12.066824,57.794931],[12.066567,57.794745],[12.065563,57.794479],[12.065524,57.794457],[12.065492,57.794465],[12.065458,57.794472],[12.065423,57.794478],[12.065387,57.794482],[12.065351,57.794484],[12.065314,57.794486],[12.065277,57.794486],[12.065241,57.794484],[12.065205,57.79448],[12.06517,57.794476],[12.065135,57.79447],[12.065101,57.794463],[12.065068,57.794454],[12.065036,57.794444],[12.065007,57.794432],[12.064978,57.79442],[12.064952,57.794407],[12.064927,57.794392],[12.064905,57.794377],[12.064885,57.794361],[12.064867,57.794344],[12.064742,57.794213],[12.064727,57.794197],[12.064709,57.794181],[12.064688,57.794166],[12.064666,57.794152],[12.064641,57.794139],[12.064615,57.794127],[12.064586,57.794117],[12.064556,57.794107],[12.064525,57.794099],[12.064352,57.794056],[12.064315,57.794049],[12.064277,57.794044],[12.064239,57.794039],[12.064199,57.794036],[12.064161,57.794035],[12.064121,57.794035],[12.064082,57.794037],[12.064044,57.79404],[12.064005,57.794044],[12.063967,57.79405],[12.06393,57.794057],[12.063895,57.794066],[12.06386,57.794076],[12.063827,57.794086],[12.063795,57.794099],[12.063764,57.794112],[12.063737,57.794127],[12.06371,57.794142],[12.063678,57.794166],[12.063649,57.794191],[12.063621,57.794217],[12.063597,57.794243],[12.063575,57.79427],[12.063557,57.794298],[12.06354,57.794326],[12.063527,57.794354],[12.063518,57.794383],[12.063511,57.794412],[12.063507,57.794442],[12.063506,57.794471],[12.063508,57.7945],[12.063504,57.794526],[12.063496,57.794552],[12.063486,57.794577],[12.063473,57.794602],[12.063456,57.794627],[12.063438,57.79465],[12.063415,57.794673],[12.063398,57.794684],[12.063379,57.794694],[12.063359,57.794702],[12.063336,57.79471],[12.063313,57.794715],[12.063289,57.79472],[12.063263,57.794723],[12.063237,57.794725],[12.06321,57.794725],[12.063185,57.794724],[12.063159,57.794721],[12.063134,57.794716],[12.063111,57.794711],[12.063088,57.794704],[12.063056,57.794693],[12.063026,57.79468],[12.062999,57.794667],[12.062973,57.794652],[12.06295,57.794636],[12.06293,57.794619],[12.062913,57.794601],[12.062483,57.794156],[12.062466,57.794136],[12.062451,57.794115],[12.062439,57.794094],[12.06243,57.794073],[12.062424,57.794051],[12.062421,57.794029],[12.062421,57.794007],[12.062423,57.793984],[12.062437,57.7938],[12.062437,57.793773],[12.062435,57.793746],[12.06243,57.79372],[12.06242,57.793693],[12.062409,57.793667],[12.062394,57.793641],[12.062376,57.793616],[12.062275,57.793485],[12.062267,57.793465],[12.062261,57.793446],[12.062258,57.793426],[12.062258,57.793406],[12.062262,57.793386],[12.06227,57.793367],[12.06228,57.793347],[12.062293,57.793328],[12.062308,57.79331],[12.062332,57.793281],[12.062351,57.793251],[12.062367,57.79322],[12.062379,57.793189],[12.062389,57.793157],[12.062419,57.793113],[12.062451,57.793068],[12.062487,57.793025],[12.062525,57.792983],[12.062568,57.792941],[12.062612,57.7929],[12.06266,57.79286],[12.06271,57.792821],[12.062763,57.792783],[12.062847,57.792713],[12.06289,57.792658],[12.063026,57.792488],[12.063082,57.792422],[12.063214,57.79221],[12.063229,57.792193],[12.06324,57.792176],[12.063249,57.792158],[12.063255,57.792139],[12.063258,57.792121],[12.063258,57.792102],[12.063254,57.792084],[12.063248,57.792066],[12.063239,57.792048],[12.063227,57.79203],[12.063213,57.792013],[12.063196,57.791997],[12.063175,57.791982],[12.063152,57.791965],[12.063127,57.791949],[12.063098,57.791934],[12.063068,57.79192],[12.063037,57.791907],[12.063004,57.791896],[12.062969,57.791885],[12.062932,57.791876],[12.062896,57.791869],[12.062857,57.791864],[12.062819,57.791859],[12.062779,57.791856],[12.062739,57.791855],[12.062699,57.791856],[12.06266,57.791858],[12.062621,57.791861],[12.062582,57.791866],[12.062545,57.791873],[12.062508,57.791881],[12.062472,57.79189],[12.062438,57.791901],[12.061969,57.792054],[12.061931,57.792067],[12.061894,57.792082],[12.061859,57.792097],[12.061827,57.792114],[12.061797,57.792132],[12.061768,57.792151],[12.061742,57.79217],[12.061719,57.792191],[12.061698,57.792213],[12.06168,57.792235],[12.061657,57.792262],[12.061637,57.79229],[12.061619,57.792318],[12.061604,57.792347],[12.061592,57.792376],[12.061582,57.792405],[12.061575,57.792435],[12.06157,57.792464],[12.061569,57.792494],[12.06157,57.792524],[12.061574,57.792554],[12.06158,57.792583],[12.061589,57.792613],[12.061601,57.792642],[12.061616,57.792671],[12.061633,57.792699],[12.06165,57.79272],[12.061665,57.792743],[12.061677,57.792765],[12.061686,57.792788],[12.061692,57.792811],[12.061696,57.792834],[12.061696,57.792857],[12.061694,57.79288],[12.06169,57.792891],[12.061683,57.792901],[12.061674,57.79291],[12.061662,57.792919],[12.061649,57.792927],[12.061633,57.792934],[12.061615,57.792939],[12.061596,57.792943],[12.061577,57.792945],[12.061557,57.792946],[12.061536,57.792946],[12.061517,57.792944],[12.061498,57.79294],[12.061374,57.792913],[12.061341,57.792904],[12.06131,57.792895],[12.061281,57.792883],[12.061253,57.79287],[12.061228,57.792856],[12.061205,57.792841],[12.061185,57.792825],[12.061167,57.792808],[12.061152,57.79279],[12.06114,57.792772],[12.061078,57.792685],[12.061017,57.792598],[12.06096,57.79251],[12.060883,57.79235],[12.060797,57.792172],[12.060783,57.792154],[12.060766,57.792137],[12.060748,57.79212],[12.060726,57.792104],[12.060704,57.792089],[12.060679,57.792075],[12.060651,57.792063],[12.060623,57.792051],[12.060592,57.79204],[12.06056,57.792031],[12.060527,57.792023],[12.060494,57.792016],[12.060459,57.792011],[12.060423,57.792007],[12.060387,57.792004],[12.060351,57.792003],[12.060315,57.792004],[12.060279,57.792006],[12.059887,57.792012],[12.059624,57.792009],[12.059576,57.792008],[12.059529,57.792006],[12.059482,57.792002],[12.059435,57.791996],[12.05939,57.791989],[12.059345,57.791981],[12.059301,57.791971],[12.059259,57.791959],[12.059218,57.791946],[12.059178,57.791932],[12.05914,57.791917],[12.059105,57.7919],[12.059071,57.791882],[12.059039,57.791863],[12.058937,57.791763],[12.058823,57.791771],[12.058683,57.791628],[12.058472,57.791162],[12.058773,57.791252],[12.059026,57.791245],[12.059433,57.791233],[12.059479,57.791246],[12.059506,57.791186],[12.059519,57.791011],[12.059625,57.790898],[12.059751,57.790776],[12.059806,57.790654],[12.059824,57.790594],[12.059817,57.790558],[12.059788,57.79052],[12.059713,57.790467],[12.059584,57.790385],[12.059511,57.790307],[12.059403,57.790152],[12.059343,57.790064],[12.059322,57.790003],[12.059318,57.789975],[12.05932,57.789956],[12.059325,57.789931],[12.059316,57.789897],[12.059287,57.789822],[12.059286,57.789778],[12.059288,57.789629],[12.059283,57.789573],[12.05927,57.789529],[12.059207,57.789424],[12.059167,57.789306],[12.059161,57.789197],[12.059161,57.789194],[12.059138,57.789049],[12.059083,57.788885],[12.059064,57.788772],[12.05907,57.788677],[12.059121,57.788598],[12.0592,57.788513],[12.059353,57.788407],[12.059621,57.788257],[12.059805,57.788172],[12.059905,57.788118],[12.060024,57.788039],[12.060134,57.787954],[12.060351,57.787762],[12.060495,57.787647],[12.060671,57.787531],[12.060788,57.787405],[12.060854,57.787294],[12.060889,57.787207],[12.060905,57.78717],[12.06093,57.787123],[12.060965,57.787082],[12.061004,57.787042],[12.061044,57.787003],[12.061088,57.786965],[12.061135,57.786928],[12.061184,57.786891],[12.061228,57.786863],[12.061274,57.786835],[12.061323,57.786808],[12.061374,57.786782],[12.061427,57.786758],[12.061482,57.786735],[12.061539,57.786713],[12.061574,57.786698],[12.061607,57.786682],[12.061638,57.786665],[12.061667,57.786647],[12.061694,57.786628],[12.06172,57.786609],[12.061742,57.786588],[12.061763,57.786567],[12.061847,57.786492],[12.061927,57.786415],[12.062006,57.786338],[12.062081,57.786259],[12.062153,57.78618],[12.062255,57.786045],[12.062358,57.785911],[12.062466,57.785777],[12.062576,57.785645],[12.062603,57.785614],[12.062626,57.785583],[12.062647,57.785552],[12.062664,57.785519],[12.062677,57.785487],[12.062687,57.785454],[12.062736,57.785268],[12.062745,57.78524],[12.062757,57.785212],[12.062772,57.785185],[12.062791,57.785158],[12.062813,57.785132],[12.062838,57.785107],[12.062866,57.785082],[12.062911,57.785046],[12.06293,57.785029],[12.062947,57.785012],[12.062961,57.784994],[12.062972,57.784975],[12.062981,57.784956],[12.062986,57.784937],[12.062989,57.784918],[12.062989,57.784898],[12.062986,57.784879],[12.062985,57.784825],[12.062989,57.784803],[12.062996,57.784781],[12.063006,57.784759],[12.06302,57.784738],[12.063036,57.784717],[12.063055,57.784697],[12.063077,57.784678],[12.063102,57.78466],[12.063128,57.784643],[12.063158,57.784627],[12.063352,57.784526],[12.063404,57.784496],[12.063453,57.784466],[12.0635,57.784434],[12.063545,57.784402],[12.063553,57.784396],[12.063587,57.784369],[12.063627,57.784335],[12.063665,57.7843],[12.0637,57.784264],[12.063732,57.784228],[12.058867,57.783611],[12.057393,57.783424],[12.057117,57.783116],[12.055923,57.781789],[12.053474,57.779067],[12.053903,57.777945],[12.055027,57.777936],[12.053772,57.77639],[12.053331,57.775855],[12.052167,57.775685],[12.051897,57.775013],[12.051937,57.774839],[12.051801,57.774715],[12.051737,57.773872],[12.051781,57.773423],[12.051753,57.773029],[12.052476,57.772582],[12.052948,57.771714],[12.053609,57.771156],[12.054077,57.771123],[12.054427,57.771062],[12.054814,57.77097],[12.055128,57.770944],[12.055414,57.770932],[12.055582,57.770986],[12.055711,57.770985],[12.055914,57.770944],[12.05621,57.770918],[12.056655,57.770935],[12.057146,57.770996],[12.057703,57.771067],[12.058242,57.771143],[12.058592,57.77121],[12.05904,57.771401],[12.059405,57.771528],[12.05983,57.771622],[12.060152,57.77162],[12.060352,57.771554],[12.06049,57.77137],[12.060602,57.770982],[12.060781,57.770841],[12.061283,57.770796],[12.061948,57.770792],[12.062753,57.770798],[12.063259,57.770913],[12.063505,57.771247],[12.063591,57.771363],[12.063918,57.771608],[12.064325,57.771767],[12.064627,57.771765],[12.065432,57.771739],[12.065731,57.77163],[12.066154,57.771627],[12.06658,57.771743],[12.066785,57.771925],[12.066749,57.77213],[12.066816,57.772463],[12.066903,57.772731],[12.067009,57.772978],[12.067015,57.773301],[12.066797,57.773496],[12.066761,57.773679],[12.067066,57.773807],[12.06751,57.773847],[12.067993,57.773812],[12.068495,57.773722],[12.068977,57.773688],[12.069301,57.773771],[12.069386,57.773954],[12.06939,57.774159],[12.069354,57.774395],[12.069438,57.774546],[12.069684,57.774695],[12.070007,57.774757],[12.070211,57.774896],[12.070256,57.775122],[12.069998,57.775295],[12.069618,57.775405],[12.069459,57.775503],[12.069482,57.775643],[12.069695,57.775805],[12.06918,57.777709],[12.072393,57.778226],[12.074187,57.778973],[12.075497,57.780079],[12.076376,57.780817],[12.077816,57.781395],[12.08273,57.782369],[12.090132,57.784739],[12.091966,57.786064],[12.093427,57.787909],[12.094588,57.788706],[12.096868,57.789303],[12.096319,57.789548],[12.095522,57.789436],[12.093903,57.789676],[12.089596,57.795173],[12.090186,57.79951]]]}},{"type":"Feature","properties":{"kod":"14800106","namn":"Nordöstra Göteborg, Angereds Centrum"},"geometry":{"type":"Polygon","coordinates":[[[12.059161,57.789197],[12.059167,57.789306],[12.059207,57.789424],[12.05927,57.789529],[12.059283,57.789573],[12.059288,57.789629],[12.059286,57.789778],[12.059287,57.789822],[12.059316,57.789897],[12.059325,57.789931],[12.05932,57.789956],[12.059318,57.789975],[12.059322,57.790003],[12.059343,57.790064],[12.059403,57.790152],[12.059511,57.790307],[12.059584,57.790385],[12.059713,57.790467],[12.059788,57.79052],[12.059817,57.790558],[12.059824,57.790594],[12.059806,57.790654],[12.059751,57.790776],[12.059625,57.790898],[12.059519,57.791011],[12.059506,57.791186],[12.059479,57.791246],[12.059433,57.791233],[12.059026,57.791245],[12.058773,57.791252],[12.058472,57.791162],[12.058683,57.791628],[12.058823,57.791771],[12.058937,57.791763],[12.059039,57.791863],[12.059071,57.791882],[12.059105,57.7919],[12.05914,57.791917],[12.059178,57.791932],[12.059218,57.791946],[12.059259,57.791959],[12.059301,57.791971],[12.059345,57.791981],[12.05939,57.791989],[12.059435,57.791996],[12.059482,57.792002],[12.059529,57.792006],[12.059576,57.792008],[12.059624,57.792009],[12.059887,57.792012],[12.060279,57.792006],[12.060315,57.792004],[12.060351,57.792003],[12.060387,57.792004],[12.060423,57.792007],[12.060459,57.792011],[12.060494,57.792016],[12.060527,57.792023],[12.06056,57.792031],[12.060592,57.79204],[12.060623,57.792051],[12.060651,57.792063],[12.060679,57.792075],[12.060704,57.792089],[12.060726,57.792104],[12.060748,57.79212],[12.060766,57.792137],[12.060783,57.792154],[12.060797,57.792172],[12.060883,57.79235],[12.06096,57.79251],[12.061017,57.792598],[12.061078,57.792685],[12.06114,57.792772],[12.061152,57.79279],[12.061167,57.792808],[12.061185,57.792825],[12.061205,57.792841],[12.061228,57.792856],[12.061253,57.79287],[12.061281,57.792883],[12.06131,57.792895],[12.061341,57.792904],[12.061374,57.792913],[12.061498,57.79294],[12.061517,57.792944],[12.061536,57.792946],[12.061557,57.792946],[12.061577,57.792945],[12.061596,57.792943],[12.061615,57.792939],[12.061633,57.792934],[12.061649,57.792927],[12.061662,57.792919],[12.061674,57.79291],[12.061683,57.792901],[12.06169,57.792891],[12.061694,57.79288],[12.061696,57.792857],[12.061696,57.792834],[12.061692,57.792811],[12.061686,57.792788],[12.061677,57.792765],[12.061665,57.792743],[12.06165,57.79272],[12.061633,57.792699],[12.061616,57.792671],[12.061601,57.792642],[12.061589,57.792613],[12.06158,57.792583],[12.061574,57.792554],[12.06157,57.792524],[12.061569,57.792494],[12.06157,57.792464],[12.061575,57.792435],[12.061582,57.792405],[12.061592,57.792376],[12.061604,57.792347],[12.061619,57.792318],[12.061637,57.79229],[12.061657,57.792262],[12.06168,57.792235],[12.061698,57.792213],[12.061719,57.792191],[12.061742,57.79217],[12.061768,57.792151],[12.061797,57.792132],[12.061827,57.792114],[12.061859,57.792097],[12.061894,57.792082],[12.061931,57.792067],[12.061969,57.792054],[12.062438,57.791901],[12.062472,57.79189],[12.062508,57.791881],[12.062545,57.791873],[12.062582,57.791866],[12.062621,57.791861],[12.06266,57.791858],[12.062699,57.791856],[12.062739,57.791855],[12.062779,57.791856],[12.062819,57.791859],[12.062857,57.791864],[12.062896,57.791869],[12.062932,57.791876],[12.062969,57.791885],[12.063004,57.791896],[12.063037,57.791907],[12.063068,57.79192],[12.063098,57.791934],[12.063127,57.791949],[12.063152,57.791965],[12.063175,57.791982],[12.063196,57.791997],[12.063213,57.792013],[12.063227,57.79203],[12.063239,57.792048],[12.063248,57.792066],[12.063254,57.792084],[12.063258,57.792102],[12.063258,57.792121],[12.063255,57.792139],[12.063249,57.792158],[12.06324,57.792176],[12.063229,57.792193],[12.063214,57.79221],[12.063082,57.792422],[12.063026,57.792488],[12.06289,57.792658],[12.062847,57.792713],[12.062763,57.792783],[12.06271,57.792821],[12.06266,57.79286],[12.062612,57.7929],[12.062568,57.792941],[12.062525,57.792983],[12.062487,57.793025],[12.062451,57.793068],[12.062419,57.793113],[12.062389,57.793157],[12.062379,57.793189],[12.062367,57.79322],[12.062351,57.793251],[12.062332,57.793281],[12.062308,57.79331],[12.062293,57.793328],[12.06228,57.793347],[12.06227,57.793367],[12.062262,57.793386],[12.062258,57.793406],[12.062258,57.793426],[12.062261,57.793446],[12.062267,57.793465],[12.062275,57.793485],[12.062376,57.793616],[12.062394,57.793641],[12.062409,57.793667],[12.06242,57.793693],[12.06243,57.79372],[12.062435,57.793746],[12.062437,57.793773],[12.062437,57.7938],[12.062423,57.793984],[12.062421,57.794007],[12.062421,57.794029],[12.062424,57.794051],[12.06243,57.794073],[12.062439,57.794094],[12.062451,57.794115],[12.062466,57.794136],[12.062483,57.794156],[12.062913,57.794601],[12.06293,57.794619],[12.06295,57.794636],[12.062973,57.794652],[12.062999,57.794667],[12.063026,57.79468],[12.063056,57.794693],[12.063088,57.794704],[12.063111,57.794711],[12.063134,57.794716],[12.063159,57.794721],[12.063185,57.794724],[12.06321,57.794725],[12.063237,57.794725],[12.063263,57.794723],[12.063289,57.79472],[12.063313,57.794715],[12.063336,57.79471],[12.063359,57.794702],[12.063379,57.794694],[12.063398,57.794684],[12.063415,57.794673],[12.063438,57.79465],[12.063456,57.794627],[12.063473,57.794602],[12.063486,57.794577],[12.063496,57.794552],[12.063504,57.794526],[12.063508,57.7945],[12.063506,57.794471],[12.063507,57.794442],[12.063511,57.794412],[12.063518,57.794383],[12.063527,57.794354],[12.06354,57.794326],[12.063557,57.794298],[12.063575,57.79427],[12.063597,57.794243],[12.063621,57.794217],[12.063649,57.794191],[12.063678,57.794166],[12.06371,57.794142],[12.063737,57.794127],[12.063764,57.794112],[12.063795,57.794099],[12.063827,57.794086],[12.06386,57.794076],[12.063895,57.794066],[12.06393,57.794057],[12.063967,57.79405],[12.064005,57.794044],[12.064044,57.79404],[12.064082,57.794037],[12.064121,57.794035],[12.064161,57.794035],[12.064199,57.794036],[12.064239,57.794039],[12.064277,57.794044],[12.064315,57.794049],[12.064352,57.794056],[12.064525,57.794099],[12.064556,57.794107],[12.064586,57.794117],[12.064615,57.794127],[12.064641,57.794139],[12.064666,57.794152],[12.064688,57.794166],[12.064709,57.794181],[12.064727,57.794197],[12.064742,57.794213],[12.064867,57.794344],[12.064885,57.794361],[12.064905,57.794377],[12.064927,57.794392],[12.064952,57.794407],[12.064978,57.79442],[12.065007,57.794432],[12.065036,57.794444],[12.065068,57.794454],[12.065101,57.794463],[12.065135,57.79447],[12.06517,57.794476],[12.065205,57.79448],[12.065241,57.794484],[12.065277,57.794486],[12.065314,57.794486],[12.065351,57.794484],[12.065387,57.794482],[12.065423,57.794478],[12.065458,57.794472],[12.065492,57.794465],[12.065524,57.794457],[12.065563,57.794479],[12.066567,57.794745],[12.066824,57.794931],[12.068396,57.795292],[12.066783,57.798802],[12.065669,57.798599],[12.064597,57.797794],[12.062579,57.797398],[12.059216,57.79746],[12.057925,57.797389],[12.056846,57.797584],[12.056874,57.797715],[12.055746,57.797922],[12.05467,57.798113],[12.054296,57.797476],[12.053217,57.797678],[12.052083,57.797881],[12.051116,57.798038],[12.050626,57.7983],[12.050099,57.798439],[12.049444,57.798335],[12.048834,57.798246],[12.048435,57.798113],[12.048144,57.797973],[12.047947,57.797848],[12.047632,57.797547],[12.047255,57.797057],[12.046047,57.796908],[12.043188,57.796363],[12.042148,57.796407],[12.042189,57.795629],[12.042183,57.794709],[12.042182,57.793939],[12.042178,57.791233],[12.042048,57.790665],[12.041713,57.790193],[12.041023,57.789692],[12.040936,57.789659],[12.041301,57.789105],[12.041687,57.788777],[12.041751,57.788767],[12.041802,57.788721],[12.041742,57.78873],[12.042833,57.7878],[12.042949,57.787853],[12.043199,57.787647],[12.04593,57.788467],[12.046166,57.788152],[12.046309,57.787918],[12.047886,57.788349],[12.048756,57.788586],[12.048997,57.788521],[12.049049,57.78845],[12.049298,57.787985],[12.049745,57.788211],[12.050217,57.78837],[12.050218,57.788369],[12.050221,57.788366],[12.050224,57.788364],[12.050228,57.788362],[12.050231,57.78836],[12.050235,57.788357],[12.050239,57.788356],[12.050243,57.788354],[12.050247,57.788352],[12.050252,57.788351],[12.050257,57.788349],[12.050262,57.788348],[12.050266,57.788347],[12.05027,57.788346],[12.050271,57.788346],[12.050277,57.788345],[12.050282,57.788344],[12.050287,57.788344],[12.050292,57.788343],[12.050297,57.788343],[12.050303,57.788342],[12.050309,57.788342],[12.050313,57.788343],[12.050319,57.788342],[12.050325,57.788343],[12.050329,57.788344],[12.050335,57.788344],[12.05034,57.788345],[12.050351,57.788348],[12.050374,57.788354],[12.050378,57.788355],[12.050395,57.78836],[12.050416,57.788367],[12.050523,57.788406],[12.050633,57.788443],[12.050777,57.78849],[12.050923,57.788535],[12.051071,57.788577],[12.051221,57.788618],[12.051373,57.788656],[12.051527,57.788692],[12.051668,57.788723],[12.05181,57.788752],[12.051853,57.78876],[12.051896,57.788768],[12.051957,57.788779],[12.052001,57.788786],[12.052032,57.78879],[12.052108,57.788798],[12.05214,57.788801],[12.052143,57.788802],[12.052217,57.788807],[12.052295,57.788811],[12.052356,57.788813],[12.052372,57.788813],[12.05245,57.788812],[12.052528,57.78881],[12.052605,57.788805],[12.05268,57.788799],[12.05272,57.788794],[12.052756,57.78879],[12.052831,57.788779],[12.052854,57.788775],[12.052877,57.788772],[12.053021,57.788737],[12.05316,57.788699],[12.053483,57.78861],[12.053506,57.788669],[12.05354,57.788776],[12.053559,57.788855],[12.053564,57.788884],[12.053577,57.788993],[12.053581,57.789103],[12.053661,57.789111],[12.055249,57.789053],[12.055482,57.789066],[12.055694,57.789142],[12.056232,57.789123],[12.056492,57.789152],[12.057074,57.789059],[12.059161,57.789197]]]}},{"type":"Feature","properties":{"kod":"14800107","namn":"Nordöstra Göteborg, Storås"},"geometry":{"type":"Polygon","coordinates":[[[12.059161,57.789197],[12.057074,57.789059],[12.056492,57.789152],[12.056232,57.789123],[12.055694,57.789142],[12.055482,57.789066],[12.055249,57.789053],[12.053661,57.789111],[12.053581,57.789103],[12.053577,57.788993],[12.053564,57.788884],[12.053559,57.788855],[12.05354,57.788776],[12.053506,57.788669],[12.053483,57.78861],[12.05316,57.788699],[12.053021,57.788737],[12.052877,57.788772],[12.052854,57.788775],[12.052831,57.788779],[12.052756,57.78879],[12.05272,57.788794],[12.05268,57.788799],[12.052605,57.788805],[12.052528,57.78881],[12.05245,57.788812],[12.052372,57.788813],[12.052356,57.788813],[12.052295,57.788811],[12.052217,57.788807],[12.052143,57.788802],[12.05214,57.788801],[12.052108,57.788798],[12.052032,57.78879],[12.052001,57.788786],[12.051957,57.788779],[12.051896,57.788768],[12.051853,57.78876],[12.05181,57.788752],[12.051668,57.788723],[12.051527,57.788692],[12.051373,57.788656],[12.051221,57.788618],[12.051071,57.788577],[12.050923,57.788535],[12.050777,57.78849],[12.050633,57.788443],[12.050523,57.788406],[12.050416,57.788367],[12.050395,57.78836],[12.050378,57.788355],[12.050374,57.788354],[12.050351,57.788348],[12.05034,57.788345],[12.050335,57.788344],[12.050329,57.788344],[12.050325,57.788343],[12.050319,57.788342],[12.050313,57.788343],[12.050309,57.788342],[12.050303,57.788342],[12.050297,57.788343],[12.050292,57.788343],[12.050287,57.788344],[12.050282,57.788344],[12.050277,57.788345],[12.050271,57.788346],[12.05027,57.788346],[12.050266,57.788347],[12.050262,57.788348],[12.050257,57.788349],[12.050252,57.788351],[12.050247,57.788352],[12.050243,57.788354],[12.050239,57.788356],[12.050235,57.788357],[12.050231,57.78836],[12.050228,57.788362],[12.050224,57.788364],[12.050221,57.788366],[12.050218,57.788369],[12.050217,57.78837],[12.049745,57.788211],[12.049298,57.787985],[12.049049,57.78845],[12.048997,57.788521],[12.048756,57.788586],[12.047886,57.788349],[12.046309,57.787918],[12.046166,57.788152],[12.04593,57.788467],[12.043199,57.787647],[12.042949,57.787853],[12.042833,57.7878],[12.041742,57.78873],[12.041802,57.788721],[12.041751,57.788767],[12.041687,57.788777],[12.041301,57.789105],[12.040936,57.789659],[12.0398,57.789225],[12.041271,57.787066],[12.04459,57.785354],[12.043936,57.784783],[12.043033,57.784682],[12.041047,57.783166],[12.040322,57.78262],[12.037715,57.784141],[12.035314,57.783329],[12.035831,57.78279],[12.037031,57.782745],[12.037065,57.781907],[12.038016,57.781894],[12.038021,57.78145],[12.039384,57.781453],[12.03927,57.779717],[12.041073,57.779713],[12.040884,57.778984],[12.040818,57.778591],[12.040732,57.778184],[12.042334,57.7782],[12.042776,57.778233],[12.043726,57.778417],[12.043934,57.778106],[12.045199,57.778349],[12.045923,57.778154],[12.046556,57.778275],[12.04681,57.778658],[12.047879,57.778707],[12.047855,57.778623],[12.047834,57.778538],[12.047816,57.778453],[12.047799,57.778368],[12.047787,57.778284],[12.047776,57.778198],[12.047769,57.778113],[12.047764,57.778028],[12.047761,57.777943],[12.047762,57.777858],[12.047765,57.777772],[12.047771,57.777687],[12.04778,57.777602],[12.047791,57.777517],[12.047864,57.776425],[12.048471,57.77505],[12.050607,57.772697],[12.050861,57.77275],[12.051352,57.772884],[12.051753,57.773029],[12.051781,57.773423],[12.051737,57.773872],[12.051801,57.774715],[12.051937,57.774839],[12.051897,57.775013],[12.052167,57.775685],[12.053331,57.775855],[12.053772,57.77639],[12.055027,57.777936],[12.053903,57.777945],[12.053474,57.779067],[12.055923,57.781789],[12.057117,57.783116],[12.057393,57.783424],[12.058867,57.783611],[12.063732,57.784228],[12.0637,57.784264],[12.063665,57.7843],[12.063627,57.784335],[12.063587,57.784369],[12.063553,57.784396],[12.063545,57.784402],[12.0635,57.784434],[12.063453,57.784466],[12.063404,57.784496],[12.063352,57.784526],[12.063158,57.784627],[12.063128,57.784643],[12.063102,57.78466],[12.063077,57.784678],[12.063055,57.784697],[12.063036,57.784717],[12.06302,57.784738],[12.063006,57.784759],[12.062996,57.784781],[12.062989,57.784803],[12.062985,57.784825],[12.062986,57.784879],[12.062989,57.784898],[12.062989,57.784918],[12.062986,57.784937],[12.062981,57.784956],[12.062972,57.784975],[12.062961,57.784994],[12.062947,57.785012],[12.06293,57.785029],[12.062911,57.785046],[12.062866,57.785082],[12.062838,57.785107],[12.062813,57.785132],[12.062791,57.785158],[12.062772,57.785185],[12.062757,57.785212],[12.062745,57.78524],[12.062736,57.785268],[12.062687,57.785454],[12.062677,57.785487],[12.062664,57.785519],[12.062647,57.785552],[12.062626,57.785583],[12.062603,57.785614],[12.062576,57.785645],[12.062466,57.785777],[12.062358,57.785911],[12.062255,57.786045],[12.062153,57.78618],[12.062081,57.786259],[12.062006,57.786338],[12.061927,57.786415],[12.061847,57.786492],[12.061763,57.786567],[12.061742,57.786588],[12.06172,57.786609],[12.061694,57.786628],[12.061667,57.786647],[12.061638,57.786665],[12.061607,57.786682],[12.061574,57.786698],[12.061539,57.786713],[12.061482,57.786735],[12.061427,57.786758],[12.061374,57.786782],[12.061323,57.786808],[12.061274,57.786835],[12.061228,57.786863],[12.061184,57.786891],[12.061135,57.786928],[12.061088,57.786965],[12.061044,57.787003],[12.061004,57.787042],[12.060965,57.787082],[12.06093,57.787123],[12.060905,57.78717],[12.060889,57.787207],[12.060854,57.787294],[12.060788,57.787405],[12.060671,57.787531],[12.060495,57.787647],[12.060351,57.787762],[12.060134,57.787954],[12.060024,57.788039],[12.059905,57.788118],[12.059805,57.788172],[12.059621,57.788257],[12.059353,57.788407],[12.0592,57.788513],[12.059121,57.788598],[12.05907,57.788677],[12.059064,57.788772],[12.059083,57.788885],[12.059138,57.789049],[12.059161,57.789194],[12.059161,57.789197]]]}},{"type":"Feature","properties":{"kod":"14800108","namn":"Nordöstra Göteborg, Eriksbo Östra"},"geometry":{"type":"Polygon","coordinates":[[[12.051753,57.773029],[12.051352,57.772884],[12.050861,57.77275],[12.050607,57.772697],[12.048471,57.77505],[12.047864,57.776425],[12.047791,57.777517],[12.04778,57.777602],[12.047771,57.777687],[12.047765,57.777772],[12.047762,57.777858],[12.047761,57.777943],[12.047764,57.778028],[12.047769,57.778113],[12.047776,57.778198],[12.047787,57.778284],[12.047799,57.778368],[12.047816,57.778453],[12.047834,57.778538],[12.047855,57.778623],[12.047879,57.778707],[12.04681,57.778658],[12.046556,57.778275],[12.045923,57.778154],[12.045199,57.778349],[12.043934,57.778106],[12.043726,57.778417],[12.042776,57.778233],[12.042334,57.7782],[12.040732,57.778184],[12.040399,57.778189],[12.040426,57.777795],[12.040886,57.777655],[12.041041,57.777029],[12.039872,57.775912],[12.039008,57.775917],[12.038997,57.775372],[12.038533,57.77432],[12.037906,57.772792],[12.037918,57.772194],[12.038097,57.770754],[12.039253,57.769283],[12.039553,57.768987],[12.040202,57.76852],[12.040517,57.768494],[12.041073,57.768675],[12.041627,57.76872],[12.041713,57.768739],[12.04222,57.768866],[12.042546,57.768854],[12.042799,57.768767],[12.043141,57.768736],[12.043378,57.768787],[12.043949,57.768744],[12.044586,57.768839],[12.045343,57.768749],[12.04553,57.768815],[12.046123,57.769027],[12.046458,57.769062],[12.046739,57.76927],[12.047145,57.769404],[12.047996,57.769443],[12.048407,57.769539],[12.048789,57.770014],[12.048794,57.770163],[12.048651,57.770369],[12.048738,57.770566],[12.048932,57.770684],[12.049764,57.770692],[12.050599,57.770588],[12.051065,57.770591],[12.051579,57.770667],[12.052014,57.770795],[12.052381,57.770941],[12.052795,57.771103],[12.053171,57.771158],[12.053379,57.771171],[12.053609,57.771156],[12.052948,57.771714],[12.052476,57.772582],[12.051753,57.773029]]]}},{"type":"Feature","properties":{"kod":"14800109","namn":"Nordöstra Göteborg, Hammarkullen C"},"geometry":{"type":"Polygon","coordinates":[[[12.03927,57.779717],[12.039384,57.781453],[12.038021,57.78145],[12.038016,57.781894],[12.037065,57.781907],[12.037031,57.782745],[12.035831,57.78279],[12.035314,57.783329],[12.031104,57.782402],[12.029123,57.781977],[12.029223,57.781261],[12.0291,57.781118],[12.029683,57.780799],[12.030013,57.780475],[12.030095,57.779745],[12.033256,57.779846],[12.033927,57.77988],[12.035745,57.779978],[12.036095,57.779705],[12.03927,57.779717]]]}},{"type":"Feature","properties":{"kod":"14800110","namn":"Nordöstra Göteborg, Hammarkullen Ö"},"geometry":{"type":"Polygon","coordinates":[[[12.03927,57.779717],[12.036095,57.779705],[12.035745,57.779978],[12.033927,57.77988],[12.033903,57.779525],[12.034764,57.779226],[12.034758,57.778767],[12.034747,57.778223],[12.034776,57.777999],[12.034792,57.777037],[12.036312,57.777037],[12.036888,57.776909],[12.037933,57.778205],[12.039677,57.778198],[12.040399,57.778189],[12.040732,57.778184],[12.040818,57.778591],[12.040884,57.778984],[12.041073,57.779713],[12.03927,57.779717]]]}},{"type":"Feature","properties":{"kod":"14800111","namn":"Nordöstra Göteborg, Sandeslätt"},"geometry":{"type":"Polygon","coordinates":[[[12.040399,57.778189],[12.039677,57.778198],[12.037933,57.778205],[12.036888,57.776909],[12.036312,57.777037],[12.034792,57.777037],[12.034776,57.777999],[12.032351,57.778005],[12.03227,57.776442],[12.031443,57.776352],[12.032605,57.775122],[12.035291,57.774981],[12.038533,57.77432],[12.038997,57.775372],[12.039008,57.775917],[12.039872,57.775912],[12.041041,57.777029],[12.040886,57.777655],[12.040426,57.777795],[12.040399,57.778189]]]}},{"type":"Feature","properties":{"kod":"14800112","namn":"Nordöstra Göteborg, Hammarkullen V"},"geometry":{"type":"Polygon","coordinates":[[[12.0291,57.781118],[12.02873,57.781262],[12.028338,57.781142],[12.027661,57.78104],[12.027174,57.780748],[12.02671,57.779809],[12.025628,57.778864],[12.025556,57.778489],[12.0259,57.777423],[12.024296,57.777271],[12.026456,57.774224],[12.028962,57.774254],[12.030074,57.776359],[12.031443,57.776352],[12.03227,57.776442],[12.032351,57.778005],[12.034776,57.777999],[12.034747,57.778223],[12.034758,57.778767],[12.034764,57.779226],[12.033903,57.779525],[12.033927,57.77988],[12.033256,57.779846],[12.030095,57.779745],[12.030013,57.780475],[12.029683,57.780799],[12.0291,57.781118]]]}},{"type":"Feature","properties":{"kod":"14800113","namn":"Nordöstra Göteborg, Eriksbo Västra"},"geometry":{"type":"Polygon","coordinates":[[[12.031443,57.776352],[12.030074,57.776359],[12.028962,57.774254],[12.030802,57.773983],[12.030277,57.771675],[12.029448,57.771429],[12.028751,57.771097],[12.028278,57.770711],[12.027032,57.769108],[12.026185,57.768709],[12.026708,57.768184],[12.028201,57.768077],[12.030256,57.766363],[12.030442,57.7664],[12.03098,57.766423],[12.031229,57.766477],[12.031543,57.766639],[12.031631,57.766758],[12.031829,57.767029],[12.032031,57.767182],[12.032424,57.76735],[12.032672,57.767332],[12.033174,57.767184],[12.033702,57.766896],[12.033941,57.766831],[12.034223,57.766826],[12.034415,57.766805],[12.034639,57.766778],[12.034835,57.766803],[12.035079,57.766834],[12.035664,57.76682],[12.037039,57.767006],[12.037563,57.767101],[12.038371,57.76744],[12.038703,57.767691],[12.03893,57.768058],[12.03899,57.768329],[12.039126,57.768592],[12.039145,57.768757],[12.039296,57.768912],[12.039553,57.768987],[12.039253,57.769283],[12.038097,57.770754],[12.037918,57.772194],[12.037906,57.772792],[12.038533,57.77432],[12.035291,57.774981],[12.032605,57.775122],[12.031443,57.776352]]]}},{"type":"Feature","properties":{"kod":"14800114","namn":"Nordöstra Göteborg, Bläsebo"},"geometry":{"type":"Polygon","coordinates":[[[12.028962,57.774254],[12.026456,57.774224],[12.024296,57.777271],[12.021089,57.777005],[12.021112,57.776167],[12.023319,57.773286],[12.023085,57.771892],[12.022756,57.771169],[12.022077,57.769637],[12.021214,57.767771],[12.020381,57.766592],[12.021409,57.765976],[12.021647,57.765801],[12.021958,57.765573],[12.022294,57.764589],[12.023529,57.764657],[12.024108,57.76463],[12.024236,57.764639],[12.024236,57.764639],[12.024445,57.764758],[12.024694,57.764802],[12.025084,57.764779],[12.025868,57.76487],[12.02609,57.764943],[12.026454,57.765166],[12.026561,57.765384],[12.026639,57.765554],[12.026765,57.765638],[12.027029,57.765717],[12.027041,57.765721],[12.027262,57.765769],[12.027976,57.765789],[12.02843,57.765809],[12.028567,57.765818],[12.029171,57.765861],[12.029321,57.765865],[12.029633,57.765876],[12.029687,57.765873],[12.030021,57.765832],[12.030157,57.765877],[12.030233,57.765956],[12.030256,57.766363],[12.028201,57.768077],[12.026708,57.768184],[12.026185,57.768709],[12.027032,57.769108],[12.028278,57.770711],[12.028751,57.771097],[12.029448,57.771429],[12.030277,57.771675],[12.030802,57.773983],[12.028962,57.774254]]]}},{"type":"Feature","properties":{"kod":"14800115","namn":"Nordöstra Göteborg, Hjällbo Norra"},"geometry":{"type":"Polygon","coordinates":[[[12.021089,57.777005],[12.018808,57.777247],[12.018593,57.776219],[12.01986,57.773466],[12.019406,57.771923],[12.019321,57.771401],[12.018787,57.770544],[12.018614,57.770107],[12.022077,57.769637],[12.022756,57.771169],[12.023085,57.771892],[12.023319,57.773286],[12.021112,57.776167],[12.021089,57.777005]]]}},{"type":"Feature","properties":{"kod":"14800116","namn":"Nordöstra Göteborg, Skolspåret"},"geometry":{"type":"Polygon","coordinates":[[[12.019321,57.771401],[12.014363,57.772049],[12.012164,57.770143],[12.01193,57.7698],[12.01202,57.769648],[12.013232,57.769496],[12.013069,57.76909],[12.012606,57.767907],[12.014409,57.767651],[12.015098,57.768857],[12.014314,57.7692],[12.014552,57.769543],[12.018222,57.769199],[12.017782,57.768203],[12.021214,57.767771],[12.022077,57.769637],[12.018614,57.770107],[12.018787,57.770544],[12.019321,57.771401]]]}},{"type":"Feature","properties":{"kod":"14800117","namn":"Nordöstra Göteborg, Hjällbo Södra"},"geometry":{"type":"Polygon","coordinates":[[[12.01202,57.769648],[12.010165,57.769889],[12.005542,57.770356],[12.005241,57.768441],[12.005075,57.767943],[12.00468,57.76697],[12.004241,57.765899],[12.003425,57.764665],[12.001538,57.763475],[12.003557,57.761697],[12.004406,57.761252],[12.004637,57.761025],[12.004963,57.760741],[12.005214,57.76061],[12.005409,57.760543],[12.005768,57.760476],[12.006251,57.760455],[12.006736,57.760525],[12.007336,57.760826],[12.007845,57.760876],[12.008187,57.760864],[12.008715,57.760741],[12.009298,57.760477],[12.009579,57.760411],[12.010029,57.760526],[12.010668,57.76118],[12.010792,57.761444],[12.010862,57.761774],[12.011267,57.762019],[12.012119,57.762106],[12.012373,57.762199],[12.012618,57.76227],[12.012936,57.762231],[12.013176,57.762235],[12.013609,57.762217],[12.014015,57.761464],[12.014237,57.761364],[12.014481,57.761378],[12.015257,57.762477],[12.015257,57.762678],[12.016512,57.763099],[12.016792,57.763232],[12.017206,57.763566],[12.017474,57.763701],[12.017982,57.763792],[12.018445,57.764006],[12.018652,57.764209],[12.018701,57.764326],[12.018913,57.76446],[12.019182,57.764506],[12.019364,57.764475],[12.019497,57.764404],[12.01972,57.764142],[12.01994,57.764014],[12.020158,57.763954],[12.020477,57.763949],[12.020959,57.764006],[12.021152,57.764119],[12.021181,57.764135],[12.021298,57.764307],[12.021297,57.76431],[12.021328,57.764542],[12.021429,57.764593],[12.021623,57.764543],[12.021999,57.764543],[12.022255,57.764588],[12.022294,57.764589],[12.021958,57.765573],[12.021647,57.765801],[12.021409,57.765976],[12.020381,57.766592],[12.021214,57.767771],[12.017782,57.768203],[12.018222,57.769199],[12.014552,57.769543],[12.014314,57.7692],[12.015098,57.768857],[12.014409,57.767651],[12.012606,57.767907],[12.013069,57.76909],[12.013232,57.769496],[12.01202,57.769648]]]}},{"type":"Feature","properties":{"kod":"14800118","namn":"Nordöstra Göteborg, Agnesberg"},"geometry":{"type":"Polygon","coordinates":[[[12.016111,57.80616],[12.013928,57.80619],[12.013923,57.805288],[12.01405,57.803768],[12.013902,57.800001],[12.013792,57.799644],[12.013337,57.798172],[12.013183,57.797702],[12.013022,57.797209],[12.012767,57.796222],[12.012582,57.795507],[12.012459,57.795169],[12.012149,57.794316],[12.011979,57.794078],[12.011519,57.793425],[12.011109,57.792844],[12.010812,57.792258],[12.010749,57.792133],[12.010308,57.791613],[12.010115,57.791385],[12.009568,57.790737],[12.009186,57.790211],[12.009089,57.790076],[12.008951,57.789734],[12.008608,57.78888],[12.008334,57.788197],[12.007844,57.787428],[12.007393,57.786723],[12.006649,57.785558],[12.006572,57.785422],[12.006367,57.784987],[12.006231,57.784698],[12.005995,57.784199],[12.005227,57.782537],[12.005039,57.78182],[12.00493,57.781406],[12.004478,57.779774],[12.004623,57.777677],[12.004851,57.776449],[12.004997,57.776064],[12.00538,57.773219],[12.005575,57.772184],[12.005333,57.771799],[12.005096,57.771756],[12.005142,57.77145],[12.005714,57.771492],[12.005664,57.771131],[12.005542,57.770356],[12.010165,57.769889],[12.01202,57.769648],[12.01193,57.7698],[12.012164,57.770143],[12.014363,57.772049],[12.019321,57.771401],[12.019406,57.771923],[12.01986,57.773466],[12.018593,57.776219],[12.018808,57.777247],[12.021089,57.777005],[12.024296,57.777271],[12.0259,57.777423],[12.025556,57.778489],[12.025628,57.778864],[12.02671,57.779809],[12.027174,57.780748],[12.027661,57.78104],[12.028338,57.781142],[12.02873,57.781262],[12.0291,57.781118],[12.029223,57.781261],[12.029123,57.781977],[12.031104,57.782402],[12.035314,57.783329],[12.037715,57.784141],[12.040322,57.78262],[12.041047,57.783166],[12.043033,57.784682],[12.043936,57.784783],[12.04459,57.785354],[12.041271,57.787066],[12.0398,57.789225],[12.040936,57.789659],[12.041023,57.789692],[12.041713,57.790193],[12.042048,57.790665],[12.042178,57.791233],[12.042182,57.793939],[12.042183,57.794709],[12.042189,57.795629],[12.042148,57.796407],[12.042135,57.797096],[12.041351,57.797125],[12.040948,57.79703],[12.040541,57.796863],[12.040236,57.796787],[12.039616,57.796791],[12.038827,57.796988],[12.037198,57.797589],[12.036548,57.797749],[12.036215,57.797817],[12.036159,57.797828],[12.03554,57.797894],[12.034805,57.797936],[12.033967,57.797841],[12.03307,57.797715],[12.032225,57.797683],[12.032213,57.797466],[12.032168,57.797373],[12.031949,57.797282],[12.03166,57.797268],[12.031116,57.797418],[12.03074,57.797451],[12.030365,57.797453],[12.029801,57.797356],[12.029429,57.797246],[12.028917,57.797214],[12.028397,57.797223],[12.027706,57.79732],[12.025543,57.797888],[12.025,57.79804],[12.024841,57.798107],[12.024343,57.798384],[12.024127,57.798581],[12.024041,57.798659],[12.023901,57.798857],[12.023812,57.798984],[12.023715,57.799291],[12.023152,57.799358],[12.021499,57.799522],[12.020349,57.799584],[12.019566,57.799608],[12.018557,57.799614],[12.016326,57.799624],[12.016509,57.800218],[12.016521,57.800258],[12.016546,57.800402],[12.016571,57.800539],[12.01659,57.80065],[12.016598,57.800743],[12.016595,57.800823],[12.016583,57.800996],[12.016565,57.801155],[12.016231,57.803541],[12.016184,57.803999],[12.01617,57.804113],[12.016149,57.804406],[12.016145,57.804535],[12.016145,57.804535],[12.016144,57.804623],[12.016159,57.804683],[12.016179,57.80475],[12.016209,57.804816],[12.016268,57.804923],[12.016289,57.804989],[12.016294,57.805026],[12.016293,57.80507],[12.016286,57.805114],[12.016261,57.805182],[12.016197,57.805277],[12.016157,57.80534],[12.01611,57.805451],[12.016087,57.80556],[12.016076,57.805649],[12.016111,57.80616]]]}},{"type":"Feature","properties":{"kod":"14800119","namn":"Nordöstra Göteborg, Gårdsten Västra"},"geometry":{"type":"Polygon","coordinates":[[[12.029693,57.812401],[12.029695,57.812526],[12.029742,57.812655],[12.029796,57.812777],[12.029903,57.812897],[12.030164,57.813127],[12.03091,57.813515],[12.029097,57.814548],[12.029097,57.814549],[12.028589,57.814364],[12.027652,57.814023],[12.027589,57.814],[12.027371,57.81392],[12.027397,57.813629],[12.027397,57.813629],[12.027731,57.812973],[12.027731,57.812972],[12.026997,57.812586],[12.026749,57.812574],[12.025946,57.812537],[12.025528,57.812415],[12.02479,57.812017],[12.024633,57.811933],[12.024151,57.811921],[12.023904,57.811914],[12.023782,57.811875],[12.023053,57.811882],[12.022917,57.811899],[12.021972,57.812022],[12.021668,57.811969],[12.021659,57.811967],[12.020321,57.811922],[12.019578,57.811821],[12.018886,57.811808],[12.017636,57.810599],[12.017179,57.810619],[12.016886,57.810633],[12.016797,57.810504],[12.016695,57.810274],[12.016695,57.810274],[12.016682,57.80951],[12.016682,57.80951],[12.016931,57.808583],[12.017166,57.808228],[12.017166,57.808228],[12.017116,57.807912],[12.017104,57.807837],[12.016718,57.807328],[12.016719,57.807328],[12.016863,57.807292],[12.016863,57.807292],[12.016741,57.807081],[12.016701,57.80696],[12.016684,57.806911],[12.016684,57.806906],[12.016667,57.806786],[12.01665,57.806665],[12.016649,57.80666],[12.016592,57.806662],[12.016389,57.806636],[12.016361,57.806632],[12.016167,57.806654],[12.016167,57.806654],[12.016138,57.806585],[12.016138,57.806584],[12.016134,57.806575],[12.016134,57.806574],[12.016128,57.806463],[12.016111,57.80616],[12.016076,57.805649],[12.016087,57.80556],[12.01611,57.805451],[12.016157,57.80534],[12.016197,57.805277],[12.016261,57.805182],[12.016286,57.805114],[12.016293,57.80507],[12.016294,57.805026],[12.016289,57.804989],[12.016268,57.804923],[12.016209,57.804816],[12.016179,57.80475],[12.016159,57.804683],[12.016144,57.804623],[12.016145,57.804535],[12.016145,57.804535],[12.016149,57.804406],[12.01617,57.804113],[12.016184,57.803999],[12.016231,57.803541],[12.016565,57.801155],[12.016583,57.800996],[12.016595,57.800823],[12.016598,57.800743],[12.01659,57.80065],[12.016571,57.800539],[12.016546,57.800402],[12.016521,57.800258],[12.016509,57.800218],[12.016326,57.799624],[12.018557,57.799614],[12.019566,57.799608],[12.020349,57.799584],[12.021499,57.799522],[12.023152,57.799358],[12.023715,57.799291],[12.02371,57.799565],[12.023809,57.799893],[12.024067,57.800585],[12.024591,57.801532],[12.024796,57.802095],[12.024838,57.802464],[12.025682,57.802473],[12.025711,57.802565],[12.025719,57.802978],[12.026035,57.802976],[12.026035,57.802949],[12.026809,57.802945],[12.026835,57.80426],[12.027109,57.804894],[12.027089,57.805597],[12.027106,57.806472],[12.027034,57.806881],[12.025643,57.807186],[12.022531,57.807499],[12.022602,57.808928],[12.023009,57.809744],[12.02378,57.810312],[12.024762,57.810649],[12.025695,57.810771],[12.026058,57.81079],[12.026991,57.810768],[12.028583,57.810752],[12.029832,57.810735],[12.029842,57.811037],[12.029693,57.812401]]]}},{"type":"Feature","properties":{"kod":"14800120","namn":"Nordöstra Göteborg, Gårdsten Södra"},"geometry":{"type":"Polygon","coordinates":[[[12.026809,57.802945],[12.026035,57.802949],[12.026035,57.802976],[12.025719,57.802978],[12.025711,57.802565],[12.025682,57.802473],[12.024838,57.802464],[12.024796,57.802095],[12.024591,57.801532],[12.024067,57.800585],[12.023809,57.799893],[12.02371,57.799565],[12.023715,57.799291],[12.023812,57.798984],[12.023901,57.798857],[12.024041,57.798659],[12.024127,57.798581],[12.024343,57.798384],[12.024841,57.798107],[12.025,57.79804],[12.025543,57.797888],[12.027706,57.79732],[12.028397,57.797223],[12.028917,57.797214],[12.029429,57.797246],[12.029801,57.797356],[12.030365,57.797453],[12.03074,57.797451],[12.031116,57.797418],[12.03166,57.797268],[12.031949,57.797282],[12.032168,57.797373],[12.032213,57.797466],[12.032225,57.797683],[12.03307,57.797715],[12.033967,57.797841],[12.034805,57.797936],[12.03554,57.797894],[12.036159,57.797828],[12.036215,57.797817],[12.036411,57.798041],[12.03693,57.798638],[12.035621,57.79896],[12.035853,57.799085],[12.036345,57.799778],[12.036163,57.800228],[12.035746,57.800247],[12.03568,57.800483],[12.035022,57.801471],[12.033644,57.801256],[12.033084,57.801256],[12.031854,57.80127],[12.031839,57.800211],[12.031079,57.800217],[12.030589,57.800531],[12.029904,57.802552],[12.026809,57.802945]]]}},{"type":"Feature","properties":{"kod":"14800121","namn":"Nordöstra Göteborg, Gårdsten Centrum"},"geometry":{"type":"Polygon","coordinates":[[[12.035022,57.801471],[12.033759,57.803462],[12.033318,57.804496],[12.033333,57.805394],[12.031819,57.805432],[12.031763,57.805727],[12.029226,57.805747],[12.027089,57.805597],[12.027109,57.804894],[12.026835,57.80426],[12.026809,57.802945],[12.029904,57.802552],[12.030589,57.800531],[12.031079,57.800217],[12.031839,57.800211],[12.031854,57.80127],[12.033084,57.801256],[12.033644,57.801256],[12.035022,57.801471]]]}},{"type":"Feature","properties":{"kod":"14800122","namn":"Nordöstra Göteborg, Gårdsten Östra"},"geometry":{"type":"Polygon","coordinates":[[[12.041198,57.807936],[12.039299,57.80892],[12.037729,57.808443],[12.03482,57.808029],[12.034554,57.808266],[12.03436,57.808338],[12.033703,57.808401],[12.033585,57.807483],[12.031216,57.807521],[12.031169,57.807119],[12.030731,57.806945],[12.030422,57.806639],[12.028095,57.806647],[12.027759,57.806817],[12.027034,57.806881],[12.027106,57.806472],[12.027089,57.805597],[12.029226,57.805747],[12.031763,57.805727],[12.031819,57.805432],[12.033333,57.805394],[12.033318,57.804496],[12.033759,57.803462],[12.035022,57.801471],[12.03568,57.800483],[12.035746,57.800247],[12.036163,57.800228],[12.036345,57.799778],[12.035853,57.799085],[12.035621,57.79896],[12.03693,57.798638],[12.039254,57.801432],[12.039005,57.801477],[12.03857,57.801837],[12.038552,57.802419],[12.039032,57.80273],[12.0373,57.803731],[12.036923,57.804252],[12.037414,57.80478],[12.037189,57.804981],[12.038894,57.807472],[12.041198,57.807936]]]}},{"type":"Feature","properties":{"kod":"14800123","namn":"Nordöstra Göteborg, Gårdstensdalen"},"geometry":{"type":"Polygon","coordinates":[[[12.031216,57.807521],[12.031228,57.807933],[12.031001,57.807966],[12.030153,57.807955],[12.030167,57.808023],[12.030387,57.808159],[12.028256,57.808167],[12.028242,57.808541],[12.025663,57.808556],[12.025695,57.810771],[12.024762,57.810649],[12.02378,57.810312],[12.023009,57.809744],[12.022602,57.808928],[12.022531,57.807499],[12.025643,57.807186],[12.027034,57.806881],[12.027759,57.806817],[12.028095,57.806647],[12.030422,57.806639],[12.030731,57.806945],[12.031169,57.807119],[12.031216,57.807521]]]}},{"type":"Feature","properties":{"kod":"14800124","namn":"Nordöstra Göteborg, Gårdsten Norra"},"geometry":{"type":"Polygon","coordinates":[[[12.038071,57.809652],[12.036999,57.809606],[12.036994,57.809606],[12.035187,57.809721],[12.033743,57.810051],[12.033452,57.810166],[12.033629,57.810852],[12.030967,57.813095],[12.03091,57.813515],[12.030164,57.813127],[12.029903,57.812897],[12.029796,57.812777],[12.029742,57.812655],[12.029695,57.812526],[12.029693,57.812401],[12.029842,57.811037],[12.029832,57.810735],[12.028583,57.810752],[12.026991,57.810768],[12.026058,57.81079],[12.025695,57.810771],[12.025663,57.808556],[12.028242,57.808541],[12.028256,57.808167],[12.030387,57.808159],[12.030167,57.808023],[12.030153,57.807955],[12.031001,57.807966],[12.031228,57.807933],[12.031216,57.807521],[12.033585,57.807483],[12.033703,57.808401],[12.03436,57.808338],[12.034554,57.808266],[12.03482,57.808029],[12.037729,57.808443],[12.039299,57.80892],[12.038495,57.809375],[12.038071,57.809652]]]}},{"type":"Feature","properties":{"kod":"14800125","namn":"Nordöstra Göteborg, Lövgärdet C"},"geometry":{"type":"Polygon","coordinates":[[[12.035163,57.815978],[12.034779,57.81599],[12.03387,57.816082],[12.032915,57.816178],[12.032617,57.816211],[12.032099,57.816328],[12.031439,57.816587],[12.031027,57.816881],[12.03077,57.81721],[12.030658,57.817634],[12.030665,57.817848],[12.03065,57.818075],[12.030256,57.818079],[12.030256,57.818079],[12.030249,57.818071],[12.028729,57.816123],[12.028517,57.815852],[12.028801,57.815213],[12.028884,57.815028],[12.029097,57.814549],[12.029097,57.814549],[12.029097,57.814548],[12.03091,57.813515],[12.030967,57.813095],[12.033629,57.810852],[12.033452,57.810166],[12.033743,57.810051],[12.035187,57.809721],[12.036994,57.809606],[12.036999,57.809606],[12.038071,57.809652],[12.03801,57.809826],[12.03803,57.81],[12.038213,57.81019],[12.038775,57.810575],[12.039103,57.810958],[12.039377,57.811416],[12.039483,57.81173],[12.039564,57.811876],[12.039565,57.811879],[12.039917,57.812824],[12.040014,57.813015],[12.040193,57.813493],[12.040387,57.815153],[12.041794,57.815403],[12.042204,57.815365],[12.042433,57.81537],[12.043469,57.815216],[12.043693,57.815617],[12.043641,57.816362],[12.042851,57.817282],[12.0428,57.817332],[12.042495,57.817688],[12.04139,57.817807],[12.041013,57.817582],[12.040305,57.817404],[12.039639,57.817442],[12.038563,57.817555],[12.038276,57.816858],[12.037369,57.816921],[12.037125,57.81631],[12.037009,57.816077],[12.035973,57.815997],[12.035401,57.815982],[12.035163,57.815978]]]}},{"type":"Feature","properties":{"kod":"14800126","namn":"Nordöstra Göteborg, Senapsgatan m fl"},"geometry":{"type":"Polygon","coordinates":[[[12.042708,57.813209],[12.043469,57.815216],[12.042433,57.81537],[12.042204,57.815365],[12.041794,57.815403],[12.040387,57.815153],[12.040193,57.813493],[12.040014,57.813015],[12.039917,57.812824],[12.039565,57.811879],[12.039564,57.811876],[12.039483,57.81173],[12.039377,57.811416],[12.039103,57.810958],[12.040436,57.81091],[12.04086,57.810891],[12.041193,57.811733],[12.042147,57.811669],[12.042708,57.813209]]]}},{"type":"Feature","properties":{"kod":"14800127","namn":"Nordöstra Göteborg, Mejramgatan m fl"},"geometry":{"type":"Polygon","coordinates":[[[12.032286,57.818777],[12.032112,57.818882],[12.031099,57.819],[12.031185,57.819281],[12.030548,57.819301],[12.030535,57.819633],[12.030121,57.819627],[12.030205,57.818668],[12.030241,57.818256],[12.030256,57.818079],[12.030256,57.818079],[12.030256,57.818079],[12.03065,57.818075],[12.030665,57.817848],[12.030658,57.817634],[12.03077,57.81721],[12.031027,57.816881],[12.031439,57.816587],[12.032099,57.816328],[12.032617,57.816211],[12.032915,57.816178],[12.03387,57.816082],[12.034779,57.81599],[12.035163,57.815978],[12.035401,57.815982],[12.035973,57.815997],[12.037009,57.816077],[12.037125,57.81631],[12.037369,57.816921],[12.038276,57.816858],[12.038563,57.817555],[12.037561,57.817666],[12.037087,57.817777],[12.035933,57.817902],[12.035531,57.818156],[12.034311,57.818287],[12.0345,57.81878],[12.034163,57.818845],[12.033445,57.818659],[12.032286,57.818777]]]}},{"type":"Feature","properties":{"kod":"14800128","namn":"Nordöstra Göteborg, Lövgärdet Övre"},"geometry":{"type":"Polygon","coordinates":[[[12.047964,57.821071],[12.048416,57.82124],[12.052036,57.826588],[12.051653,57.826836],[12.052035,57.826588],[12.05201,57.826552],[12.048415,57.82124],[12.048271,57.821186],[12.04801,57.821089],[12.047963,57.821072],[12.046896,57.820675],[12.046497,57.820994],[12.045965,57.82142],[12.045964,57.82142],[12.043176,57.822097],[12.043176,57.822097],[12.04256,57.822869],[12.042011,57.823558],[12.042011,57.823558],[12.0406,57.824197],[12.038774,57.825861],[12.037415,57.826404],[12.036251,57.825779],[12.034456,57.823474],[12.033527,57.822281],[12.033161,57.82181],[12.032867,57.821433],[12.032622,57.821128],[12.03003,57.820828],[12.03003,57.820828],[12.03005,57.820561],[12.030078,57.820198],[12.030081,57.820159],[12.030117,57.819673],[12.030121,57.819626],[12.030126,57.819566],[12.030205,57.818668],[12.030121,57.819627],[12.030535,57.819633],[12.030548,57.819301],[12.031185,57.819281],[12.031099,57.819],[12.032112,57.818882],[12.032286,57.818777],[12.033445,57.818659],[12.034163,57.818845],[12.0345,57.81878],[12.034311,57.818287],[12.035531,57.818156],[12.035933,57.817902],[12.037087,57.817777],[12.037561,57.817666],[12.038563,57.817555],[12.039639,57.817442],[12.040305,57.817404],[12.041013,57.817582],[12.04139,57.817807],[12.042495,57.817688],[12.0428,57.817332],[12.042801,57.817373],[12.042825,57.817443],[12.042846,57.81751],[12.042907,57.817624],[12.04296,57.81771],[12.043015,57.817793],[12.0431,57.817872],[12.04321,57.817964],[12.043332,57.818056],[12.04345,57.818143],[12.043548,57.818215],[12.043696,57.818326],[12.043884,57.818452],[12.044074,57.818563],[12.044241,57.818658],[12.044506,57.818785],[12.044698,57.818876],[12.044905,57.818976],[12.045019,57.819025],[12.045115,57.819062],[12.045235,57.819077],[12.045347,57.81908],[12.045466,57.819081],[12.045573,57.819072],[12.045742,57.819061],[12.045909,57.819046],[12.046073,57.819029],[12.046259,57.818997],[12.046451,57.818966],[12.046654,57.818933],[12.046781,57.818906],[12.04777,57.818862],[12.047904,57.818859],[12.047859,57.818903],[12.049012,57.818887],[12.049217,57.818888],[12.049383,57.818895],[12.049553,57.81892],[12.049717,57.818958],[12.049818,57.818991],[12.049625,57.819514],[12.049877,57.819734],[12.049236,57.820547],[12.047964,57.821071]]]}},{"type":"Feature","properties":{"kod":"14800129","namn":"Nordöstra Göteborg, Lövgärdet Nedre"},"geometry":{"type":"Polygon","coordinates":[[[12.076648,57.830047],[12.072645,57.832698],[12.060161,57.840987],[12.060007,57.841097],[12.060001,57.841095],[12.06,57.841095],[12.05994,57.841074],[12.059509,57.840924],[12.056291,57.839985],[12.055926,57.839896],[12.053326,57.839153],[12.053318,57.839149],[12.051907,57.83855],[12.051861,57.83853],[12.051785,57.838497],[12.043683,57.834951],[12.043683,57.83495],[12.043698,57.834932],[12.043698,57.834932],[12.043693,57.83493],[12.047035,57.830807],[12.047076,57.830756],[12.047194,57.830611],[12.047194,57.830611],[12.047194,57.830611],[12.047194,57.83061],[12.047726,57.829204],[12.047729,57.829198],[12.047729,57.829197],[12.0478,57.829135],[12.048164,57.829175],[12.04899,57.829264],[12.049226,57.829174],[12.049367,57.829121],[12.049366,57.82912],[12.048932,57.828855],[12.048426,57.828546],[12.048552,57.82843],[12.048645,57.828344],[12.048858,57.828147],[12.049499,57.828009],[12.050006,57.8279],[12.051074,57.82721],[12.051641,57.826843],[12.051653,57.826836],[12.052036,57.826588],[12.048416,57.82124],[12.047964,57.821071],[12.049236,57.820547],[12.049877,57.819734],[12.049625,57.819514],[12.049818,57.818991],[12.049717,57.818958],[12.049553,57.81892],[12.049383,57.818895],[12.049217,57.818888],[12.049012,57.818887],[12.047859,57.818903],[12.047904,57.818859],[12.04777,57.818862],[12.046781,57.818906],[12.046654,57.818933],[12.046451,57.818966],[12.046259,57.818997],[12.046073,57.819029],[12.045909,57.819046],[12.045742,57.819061],[12.045573,57.819072],[12.045466,57.819081],[12.045347,57.81908],[12.045235,57.819077],[12.045115,57.819062],[12.045019,57.819025],[12.044905,57.818976],[12.044698,57.818876],[12.044506,57.818785],[12.044241,57.818658],[12.044074,57.818563],[12.043884,57.818452],[12.043696,57.818326],[12.043548,57.818215],[12.04345,57.818143],[12.043332,57.818056],[12.04321,57.817964],[12.0431,57.817872],[12.043015,57.817793],[12.04296,57.81771],[12.042907,57.817624],[12.042846,57.81751],[12.042825,57.817443],[12.042801,57.817373],[12.0428,57.817332],[12.042851,57.817282],[12.043641,57.816362],[12.043693,57.815617],[12.043469,57.815216],[12.042708,57.813209],[12.042147,57.811669],[12.041193,57.811733],[12.04086,57.810891],[12.040436,57.81091],[12.039103,57.810958],[12.038775,57.810575],[12.038213,57.81019],[12.03803,57.81],[12.03801,57.809826],[12.038071,57.809652],[12.038495,57.809375],[12.039299,57.80892],[12.041198,57.807936],[12.041631,57.808144],[12.042215,57.808361],[12.042885,57.808548],[12.043586,57.808669],[12.044322,57.808717],[12.045257,57.808683],[12.046461,57.80859],[12.046959,57.808562],[12.047415,57.808536],[12.048248,57.808522],[12.049085,57.808542],[12.049881,57.808584],[12.050523,57.808635],[12.051521,57.808741],[12.052481,57.808798],[12.053353,57.808828],[12.054361,57.808731],[12.054746,57.808657],[12.055172,57.808571],[12.055598,57.808447],[12.056037,57.808292],[12.059403,57.808726],[12.065462,57.809516],[12.065494,57.809562],[12.065632,57.809603],[12.066046,57.809724],[12.066529,57.809694],[12.066551,57.809662],[12.07095,57.810236],[12.071376,57.810326],[12.07103,57.810683],[12.070428,57.810993],[12.070802,57.811117],[12.071547,57.812028],[12.071715,57.812516],[12.071741,57.812673],[12.07725,57.813544],[12.076434,57.814428],[12.076419,57.814732],[12.076241,57.815093],[12.075848,57.815064],[12.071868,57.819378],[12.069836,57.821559],[12.069255,57.822183],[12.075956,57.823031],[12.078601,57.823372],[12.081891,57.823797],[12.084228,57.824099],[12.080701,57.82736],[12.078834,57.828597],[12.076648,57.830047]]]}},{"type":"Feature","properties":{"kod":"14800130","namn":"Nordöstra Göteborg, Trädgårdsgärdet"},"geometry":{"type":"Polygon","coordinates":[[[12.05467,57.798113],[12.053582,57.798308],[12.054094,57.799127],[12.054088,57.799318],[12.053969,57.799576],[12.053962,57.799897],[12.053476,57.799885],[12.052973,57.799827],[12.052732,57.80043],[12.05255,57.801021],[12.052565,57.801256],[12.05267,57.801612],[12.052986,57.801982],[12.053204,57.802521],[12.053065,57.803104],[12.051862,57.805095],[12.051948,57.805798],[12.051836,57.806322],[12.051333,57.806996],[12.051277,57.80728],[12.051726,57.807923],[12.052287,57.808088],[12.05254,57.808357],[12.052481,57.808798],[12.051521,57.808741],[12.050523,57.808635],[12.049881,57.808584],[12.049085,57.808542],[12.048248,57.808522],[12.047415,57.808536],[12.046959,57.808562],[12.046461,57.80859],[12.045257,57.808683],[12.044322,57.808717],[12.043586,57.808669],[12.042885,57.808548],[12.042215,57.808361],[12.041631,57.808144],[12.041198,57.807936],[12.038894,57.807472],[12.037189,57.804981],[12.037414,57.80478],[12.036923,57.804252],[12.0373,57.803731],[12.039032,57.80273],[12.038552,57.802419],[12.03857,57.801837],[12.039005,57.801477],[12.039254,57.801432],[12.03693,57.798638],[12.036411,57.798041],[12.036215,57.797817],[12.036548,57.797749],[12.037198,57.797589],[12.038827,57.796988],[12.039616,57.796791],[12.040236,57.796787],[12.040541,57.796863],[12.040948,57.79703],[12.041351,57.797125],[12.042135,57.797096],[12.042148,57.796407],[12.043188,57.796363],[12.046047,57.796908],[12.047255,57.797057],[12.047632,57.797547],[12.047947,57.797848],[12.048144,57.797973],[12.048435,57.798113],[12.048834,57.798246],[12.049444,57.798335],[12.050099,57.798439],[12.050626,57.7983],[12.051116,57.798038],[12.052083,57.797881],[12.053217,57.797678],[12.054296,57.797476],[12.05467,57.798113]]]}},{"type":"Feature","properties":{"kod":"14800131","namn":"Nordöstra Göteborg, Titteridamm"},"geometry":{"type":"Polygon","coordinates":[[[12.056037,57.808292],[12.055598,57.808447],[12.055172,57.808571],[12.054746,57.808657],[12.054361,57.808731],[12.053353,57.808828],[12.052481,57.808798],[12.05254,57.808357],[12.052287,57.808088],[12.051726,57.807923],[12.051277,57.80728],[12.051333,57.806996],[12.051836,57.806322],[12.051948,57.805798],[12.051862,57.805095],[12.053065,57.803104],[12.053204,57.802521],[12.052986,57.801982],[12.05267,57.801612],[12.052565,57.801256],[12.05255,57.801021],[12.052732,57.80043],[12.052973,57.799827],[12.053476,57.799885],[12.053962,57.799897],[12.053969,57.799576],[12.054088,57.799318],[12.054094,57.799127],[12.053582,57.798308],[12.05467,57.798113],[12.055746,57.797922],[12.056874,57.797715],[12.056846,57.797584],[12.057925,57.797389],[12.059216,57.79746],[12.062579,57.797398],[12.064597,57.797794],[12.065669,57.798599],[12.065287,57.799335],[12.064941,57.799319],[12.06419,57.800491],[12.06304,57.800561],[12.063095,57.800708],[12.063093,57.800933],[12.062958,57.801198],[12.062796,57.801436],[12.062492,57.801927],[12.062128,57.802583],[12.062031,57.802979],[12.06199,57.803273],[12.062019,57.803536],[12.062094,57.803774],[12.062251,57.803986],[12.062641,57.80423],[12.062216,57.804525],[12.061925,57.804652],[12.06119,57.804876],[12.060423,57.805231],[12.059789,57.805594],[12.059333,57.805913],[12.058797,57.806249],[12.05854,57.806464],[12.057358,57.807538],[12.056861,57.807879],[12.056405,57.80812],[12.056037,57.808292]]]}},{"type":"Feature","properties":{"kod":"14800132","namn":"Nordöstra Göteborg, Rannebergen S"},"geometry":{"type":"Polygon","coordinates":[[[12.074389,57.800099],[12.073169,57.800137],[12.072728,57.800419],[12.072622,57.800499],[12.071078,57.800172],[12.070746,57.800468],[12.068334,57.803011],[12.066919,57.804721],[12.064867,57.80451],[12.06394,57.804483],[12.063434,57.80443],[12.062998,57.804345],[12.062641,57.80423],[12.062251,57.803986],[12.062094,57.803774],[12.062019,57.803536],[12.06199,57.803273],[12.062031,57.802979],[12.062128,57.802583],[12.062492,57.801927],[12.062796,57.801436],[12.062958,57.801198],[12.063093,57.800933],[12.063095,57.800708],[12.06304,57.800561],[12.06419,57.800491],[12.064941,57.799319],[12.065287,57.799335],[12.065669,57.798599],[12.066783,57.798802],[12.06904,57.799218],[12.069058,57.799158],[12.069316,57.798334],[12.069975,57.798426],[12.070633,57.798519],[12.072311,57.798755],[12.073052,57.797851],[12.073648,57.797878],[12.075631,57.798985],[12.074389,57.800099]]]}},{"type":"Feature","properties":{"kod":"14800133","namn":"Nordöstra Göteborg, Rannebergen C"},"geometry":{"type":"Polygon","coordinates":[[[12.075688,57.800597],[12.075901,57.800677],[12.07627,57.800925],[12.076402,57.801062],[12.076452,57.8012],[12.076491,57.80135],[12.076494,57.801519],[12.076415,57.801676],[12.076086,57.802089],[12.07589,57.80235],[12.075811,57.80252],[12.075745,57.802733],[12.075705,57.803009],[12.075558,57.803358],[12.075402,57.803706],[12.07515,57.80399],[12.074897,57.80423],[12.074496,57.804504],[12.07381,57.804852],[12.072833,57.80513],[12.072092,57.805257],[12.071067,57.805232],[12.066919,57.804721],[12.068334,57.803011],[12.070746,57.800468],[12.071078,57.800172],[12.072622,57.800499],[12.072728,57.800419],[12.073169,57.800137],[12.074389,57.800099],[12.074801,57.800278],[12.075688,57.800597]]]}},{"type":"Feature","properties":{"kod":"14800134","namn":"Nordöstra Göteborg, Rannebergen N"},"geometry":{"type":"Polygon","coordinates":[[[12.089543,57.81924],[12.08659,57.821877],[12.086042,57.822317],[12.085827,57.822621],[12.084228,57.824099],[12.081891,57.823797],[12.078601,57.823372],[12.075956,57.823031],[12.069255,57.822183],[12.069836,57.821559],[12.071868,57.819378],[12.075848,57.815064],[12.076241,57.815093],[12.076419,57.814732],[12.076434,57.814428],[12.07725,57.813544],[12.071741,57.812673],[12.071715,57.812516],[12.071547,57.812028],[12.070802,57.811117],[12.070428,57.810993],[12.07103,57.810683],[12.071376,57.810326],[12.07095,57.810236],[12.066551,57.809662],[12.066529,57.809694],[12.066046,57.809724],[12.065632,57.809603],[12.065494,57.809562],[12.065462,57.809516],[12.059403,57.808726],[12.056037,57.808292],[12.056405,57.80812],[12.056861,57.807879],[12.057358,57.807538],[12.05854,57.806464],[12.058797,57.806249],[12.059333,57.805913],[12.059789,57.805594],[12.060423,57.805231],[12.06119,57.804876],[12.061925,57.804652],[12.062216,57.804525],[12.062641,57.80423],[12.062998,57.804345],[12.063434,57.80443],[12.06394,57.804483],[12.064867,57.80451],[12.066919,57.804721],[12.071067,57.805232],[12.072092,57.805257],[12.072833,57.80513],[12.07381,57.804852],[12.074496,57.804504],[12.074897,57.80423],[12.07515,57.80399],[12.075402,57.803706],[12.075558,57.803358],[12.075705,57.803009],[12.075745,57.802733],[12.075811,57.80252],[12.07589,57.80235],[12.076086,57.802089],[12.076415,57.801676],[12.076494,57.801519],[12.076491,57.80135],[12.076452,57.8012],[12.076402,57.801062],[12.07627,57.800925],[12.075901,57.800677],[12.075688,57.800597],[12.074801,57.800278],[12.074389,57.800099],[12.075631,57.798985],[12.075949,57.79866],[12.077697,57.799236],[12.077549,57.799494],[12.077752,57.799641],[12.078191,57.799715],[12.081912,57.799652],[12.090186,57.79951],[12.100232,57.801401],[12.099687,57.801985],[12.104249,57.802323],[12.103368,57.804108],[12.103222,57.804781],[12.103467,57.805547],[12.105047,57.805654],[12.101887,57.808422],[12.094423,57.814964],[12.089543,57.81924]]]}},{"type":"Feature","properties":{"kod":"14800201","namn":"Östra Göteborg, Rymdtorget"},"geometry":{"type":"Polygon","coordinates":[[[12.079759,57.762124],[12.078734,57.763626],[12.079446,57.763961],[12.079663,57.764009],[12.079345,57.765462],[12.078933,57.76734],[12.079171,57.771337],[12.079462,57.773284],[12.069695,57.775805],[12.069482,57.775643],[12.069459,57.775503],[12.069618,57.775405],[12.069998,57.775295],[12.070256,57.775122],[12.070211,57.774896],[12.070007,57.774757],[12.069684,57.774695],[12.069438,57.774546],[12.069354,57.774395],[12.06939,57.774159],[12.069386,57.773954],[12.069301,57.773771],[12.068977,57.773688],[12.068495,57.773722],[12.067993,57.773812],[12.06751,57.773847],[12.067066,57.773807],[12.066761,57.773679],[12.066797,57.773496],[12.067015,57.773301],[12.067009,57.772978],[12.066903,57.772731],[12.066816,57.772463],[12.066749,57.77213],[12.066785,57.771925],[12.06658,57.771743],[12.066154,57.771627],[12.065731,57.77163],[12.065432,57.771739],[12.064627,57.771765],[12.064325,57.771767],[12.063918,57.771608],[12.063591,57.771363],[12.063505,57.771247],[12.063535,57.771244],[12.063563,57.771255],[12.063589,57.771259],[12.063603,57.77125],[12.063627,57.771232],[12.063687,57.771205],[12.063744,57.771193],[12.063811,57.771192],[12.063979,57.771223],[12.064039,57.771229],[12.06408,57.771214],[12.064106,57.771191],[12.064162,57.771178],[12.064233,57.771191],[12.064288,57.771194],[12.06433,57.77118],[12.064346,57.77117],[12.064417,57.77116],[12.064467,57.771156],[12.064531,57.771153],[12.064604,57.771139],[12.06466,57.771114],[12.064695,57.771083],[12.064709,57.771061],[12.06473,57.771041],[12.064764,57.771026],[12.06483,57.771016],[12.064879,57.77102],[12.064934,57.771024],[12.065028,57.771027],[12.065108,57.771028],[12.065194,57.771022],[12.065258,57.770996],[12.06532,57.770972],[12.065362,57.770963],[12.065427,57.77096],[12.0655,57.770953],[12.065559,57.77094],[12.065605,57.770923],[12.065672,57.770893],[12.065783,57.770847],[12.065917,57.770794],[12.06604,57.770735],[12.066094,57.770697],[12.066152,57.770639],[12.066211,57.770567],[12.066341,57.770406],[12.066372,57.77037],[12.066414,57.770335],[12.066542,57.770251],[12.06661,57.770207],[12.066667,57.770169],[12.0667,57.770122],[12.066714,57.770094],[12.066802,57.770014],[12.066867,57.770003],[12.066928,57.769948],[12.066979,57.769853],[12.066965,57.769774],[12.067263,57.769528],[12.067299,57.769465],[12.067417,57.769383],[12.067473,57.769318],[12.067496,57.76928],[12.067605,57.769198],[12.068087,57.76553],[12.068201,57.764661],[12.071873,57.76272],[12.072128,57.762584],[12.074016,57.761574],[12.074965,57.759416],[12.072831,57.758733],[12.072904,57.757916],[12.07236,57.757899],[12.072541,57.756618],[12.070477,57.756584],[12.070345,57.757301],[12.069911,57.757526],[12.068697,57.757482],[12.068404,57.757108],[12.068438,57.756686],[12.068522,57.756563],[12.067917,57.756549],[12.066767,57.756431],[12.066868,57.756239],[12.066908,57.755955],[12.067415,57.754983],[12.067382,57.754978],[12.067717,57.754346],[12.067766,57.75426],[12.067818,57.754175],[12.067872,57.75409],[12.067929,57.754006],[12.067988,57.753923],[12.068051,57.753839],[12.068116,57.753757],[12.068183,57.753675],[12.068253,57.753593],[12.068325,57.753513],[12.0684,57.753433],[12.068478,57.753353],[12.069174,57.753369],[12.06967,57.753362],[12.070315,57.753377],[12.072212,57.75434],[12.073583,57.754754],[12.074614,57.754916],[12.075738,57.755207],[12.076092,57.754275],[12.076745,57.754351],[12.077294,57.752619],[12.079348,57.752567],[12.079348,57.752567],[12.079348,57.752568],[12.079368,57.752643],[12.079521,57.753204],[12.079357,57.753892],[12.07942,57.753973],[12.079989,57.754707],[12.080041,57.754775],[12.080059,57.754797],[12.080069,57.754797],[12.082676,57.754696],[12.082796,57.755576],[12.082797,57.755586],[12.082609,57.756408],[12.081783,57.757497],[12.07824,57.761765],[12.078197,57.761817],[12.078745,57.761924],[12.078775,57.76193],[12.079205,57.762015],[12.079759,57.762124],[12.079759,57.762124]]]}},{"type":"Feature","properties":{"kod":"14800202","namn":"Östra Göteborg, Gärdsmosse"},"geometry":{"type":"Polygon","coordinates":[[[12.063505,57.771247],[12.063259,57.770913],[12.062753,57.770798],[12.061948,57.770792],[12.061283,57.770796],[12.060781,57.770841],[12.060602,57.770982],[12.06049,57.77137],[12.060352,57.771554],[12.060152,57.77162],[12.05983,57.771622],[12.059405,57.771528],[12.05904,57.771401],[12.058592,57.77121],[12.058242,57.771143],[12.057703,57.771067],[12.057146,57.770996],[12.056655,57.770935],[12.05621,57.770918],[12.055914,57.770944],[12.055711,57.770985],[12.055582,57.770986],[12.055414,57.770932],[12.055128,57.770944],[12.054814,57.77097],[12.054427,57.771062],[12.054077,57.771123],[12.053609,57.771156],[12.053379,57.771171],[12.053171,57.771158],[12.052795,57.771103],[12.052381,57.770941],[12.052014,57.770795],[12.051579,57.770667],[12.051065,57.770591],[12.050599,57.770588],[12.049764,57.770692],[12.048932,57.770684],[12.048738,57.770566],[12.048651,57.770369],[12.048794,57.770163],[12.048789,57.770014],[12.048407,57.769539],[12.047996,57.769443],[12.047145,57.769404],[12.046739,57.76927],[12.046458,57.769062],[12.046123,57.769027],[12.04553,57.768815],[12.046182,57.767643],[12.047392,57.766857],[12.04757,57.766851],[12.047603,57.766851],[12.047636,57.766852],[12.047669,57.766855],[12.047701,57.76686],[12.047732,57.766868],[12.047762,57.766876],[12.047789,57.766886],[12.047815,57.766897],[12.04802,57.766996],[12.048044,57.767007],[12.048068,57.767015],[12.048095,57.767023],[12.048122,57.76703],[12.048151,57.767035],[12.048181,57.767039],[12.04821,57.767041],[12.048241,57.767043],[12.048271,57.767042],[12.048301,57.76704],[12.04833,57.767037],[12.048359,57.767032],[12.048387,57.767026],[12.048414,57.767018],[12.048557,57.766974],[12.048337,57.766494],[12.048563,57.766069],[12.049149,57.765848],[12.049054,57.765775],[12.049259,57.765642],[12.050085,57.765037],[12.049065,57.762653],[12.049016,57.762585],[12.048504,57.762229],[12.048243,57.761801],[12.048177,57.761758],[12.047946,57.761607],[12.04792,57.761461],[12.047771,57.761214],[12.047573,57.760892],[12.04732,57.760786],[12.047148,57.760589],[12.046932,57.760247],[12.046461,57.759961],[12.046238,57.759799],[12.046069,57.759399],[12.046548,57.759208],[12.046344,57.757833],[12.045545,57.756572],[12.044605,57.755501],[12.045706,57.755349],[12.045916,57.75527],[12.046277,57.755154],[12.046701,57.755071],[12.047185,57.755035],[12.04764,57.755065],[12.048346,57.755244],[12.048879,57.755364],[12.049289,57.755467],[12.049442,57.755696],[12.049609,57.75629],[12.049636,57.756388],[12.049918,57.756927],[12.050164,57.7574],[12.050548,57.758134],[12.050571,57.758175],[12.050597,57.758216],[12.050626,57.758256],[12.050658,57.758295],[12.050692,57.758334],[12.05073,57.758372],[12.051034,57.758669],[12.051958,57.759713],[12.052249,57.760041],[12.052334,57.760138],[12.052667,57.760055],[12.05275,57.760014],[12.052848,57.760087],[12.053013,57.760274],[12.053255,57.760213],[12.05363,57.760152],[12.053707,57.759783],[12.054203,57.759709],[12.054939,57.7596],[12.055365,57.759536],[12.056305,57.759649],[12.056614,57.759814],[12.057265,57.761004],[12.057514,57.761101],[12.057369,57.761473],[12.05714,57.761979],[12.056961,57.7623],[12.056857,57.762471],[12.056689,57.762686],[12.056533,57.76285],[12.056232,57.763104],[12.055923,57.763358],[12.055599,57.763566],[12.055289,57.763774],[12.055037,57.764058],[12.054969,57.764285],[12.057159,57.76445],[12.058469,57.764528],[12.059409,57.764518],[12.059918,57.76449],[12.06034,57.764452],[12.060733,57.764417],[12.061419,57.76431],[12.061991,57.764143],[12.062561,57.763932],[12.06307,57.763759],[12.06355,57.763618],[12.064132,57.763411],[12.064698,57.763214],[12.065316,57.763035],[12.066208,57.762827],[12.068064,57.762537],[12.068079,57.762535],[12.069048,57.762413],[12.069617,57.76241],[12.070626,57.762438],[12.071322,57.762487],[12.072128,57.762584],[12.071873,57.76272],[12.068201,57.764661],[12.068087,57.76553],[12.067605,57.769198],[12.067496,57.76928],[12.067473,57.769318],[12.067417,57.769383],[12.067299,57.769465],[12.067263,57.769528],[12.066965,57.769774],[12.066979,57.769853],[12.066928,57.769948],[12.066867,57.770003],[12.066802,57.770014],[12.066714,57.770094],[12.0667,57.770122],[12.066667,57.770169],[12.06661,57.770207],[12.066542,57.770251],[12.066414,57.770335],[12.066372,57.77037],[12.066341,57.770406],[12.066211,57.770567],[12.066152,57.770639],[12.066094,57.770697],[12.06604,57.770735],[12.065917,57.770794],[12.065783,57.770847],[12.065672,57.770893],[12.065605,57.770923],[12.065559,57.77094],[12.0655,57.770953],[12.065427,57.77096],[12.065362,57.770963],[12.06532,57.770972],[12.065258,57.770996],[12.065194,57.771022],[12.065108,57.771028],[12.065028,57.771027],[12.064934,57.771024],[12.064879,57.77102],[12.06483,57.771016],[12.064764,57.771026],[12.06473,57.771041],[12.064709,57.771061],[12.064695,57.771083],[12.06466,57.771114],[12.064604,57.771139],[12.064531,57.771153],[12.064467,57.771156],[12.064417,57.77116],[12.064346,57.77117],[12.06433,57.77118],[12.064288,57.771194],[12.064233,57.771191],[12.064162,57.771178],[12.064106,57.771191],[12.06408,57.771214],[12.064039,57.771229],[12.063979,57.771223],[12.063811,57.771192],[12.063744,57.771193],[12.063687,57.771205],[12.063627,57.771232],[12.063603,57.77125],[12.063589,57.771259],[12.063563,57.771255],[12.063535,57.771244],[12.063505,57.771247]]]}},{"type":"Feature","properties":{"kod":"14800203","namn":"Östra Göteborg, Tellusgatan m fl"},"geometry":{"type":"Polygon","coordinates":[[[12.069911,57.757526],[12.070345,57.757301],[12.070477,57.756584],[12.072541,57.756618],[12.07236,57.757899],[12.072904,57.757916],[12.072831,57.758733],[12.074965,57.759416],[12.074016,57.761574],[12.072128,57.762584],[12.071322,57.762487],[12.070626,57.762438],[12.070708,57.761652],[12.069173,57.761393],[12.069259,57.759871],[12.069591,57.759788],[12.069911,57.757526]]]}},{"type":"Feature","properties":{"kod":"14800204","namn":"Östra Göteborg, Bergsjön Östra"},"geometry":{"type":"Polygon","coordinates":[[[12.070626,57.762438],[12.069617,57.76241],[12.069048,57.762413],[12.068079,57.762535],[12.068064,57.762537],[12.066208,57.762827],[12.065316,57.763035],[12.064698,57.763214],[12.064132,57.763411],[12.06355,57.763618],[12.06307,57.763759],[12.062561,57.763932],[12.062563,57.763483],[12.062567,57.762558],[12.062571,57.76166],[12.062573,57.761127],[12.062955,57.760995],[12.063403,57.760868],[12.063375,57.760787],[12.063399,57.760263],[12.063433,57.760142],[12.063567,57.759961],[12.063021,57.759649],[12.063054,57.759244],[12.06338,57.758965],[12.063522,57.758939],[12.063953,57.758298],[12.063987,57.757937],[12.064077,57.757777],[12.064253,57.757764],[12.066703,57.757819],[12.068697,57.757482],[12.069911,57.757526],[12.069591,57.759788],[12.069259,57.759871],[12.069173,57.761393],[12.070708,57.761652],[12.070626,57.762438]]]}},{"type":"Feature","properties":{"kod":"14800205","namn":"Östra Göteborg, Bergsjön Norra"},"geometry":{"type":"Polygon","coordinates":[[[12.062561,57.763932],[12.061991,57.764143],[12.061419,57.76431],[12.060733,57.764417],[12.06034,57.764452],[12.059918,57.76449],[12.059409,57.764518],[12.058469,57.764528],[12.057159,57.76445],[12.054969,57.764285],[12.055037,57.764058],[12.055289,57.763774],[12.055599,57.763566],[12.055923,57.763358],[12.056232,57.763104],[12.056533,57.76285],[12.056689,57.762686],[12.056857,57.762471],[12.056961,57.7623],[12.05714,57.761979],[12.057369,57.761473],[12.057514,57.761101],[12.057869,57.76057],[12.058388,57.76068],[12.058604,57.760456],[12.058876,57.760137],[12.05888,57.759683],[12.059045,57.759496],[12.058838,57.759182],[12.060496,57.759101],[12.061801,57.759038],[12.062029,57.758748],[12.063522,57.758939],[12.06338,57.758965],[12.063054,57.759244],[12.063021,57.759649],[12.063567,57.759961],[12.063433,57.760142],[12.063399,57.760263],[12.063375,57.760787],[12.063403,57.760868],[12.062955,57.760995],[12.062573,57.761127],[12.062571,57.76166],[12.062567,57.762558],[12.062563,57.763483],[12.062561,57.763932]]]}},{"type":"Feature","properties":{"kod":"14800206","namn":"Östra Göteborg, Siriusgatan Östra"},"geometry":{"type":"Polygon","coordinates":[[[12.058838,57.759182],[12.059045,57.759496],[12.05888,57.759683],[12.058876,57.760137],[12.058604,57.760456],[12.058388,57.76068],[12.057869,57.76057],[12.057514,57.761101],[12.057265,57.761004],[12.056614,57.759814],[12.056305,57.759649],[12.055365,57.759536],[12.054178,57.757994],[12.053439,57.75656],[12.052918,57.755539],[12.05389,57.755185],[12.05463,57.754835],[12.054828,57.75474],[12.055324,57.754975],[12.05636,57.756908],[12.05663,57.756868],[12.057255,57.757829],[12.057883,57.7583],[12.058156,57.758617],[12.058805,57.759184],[12.058838,57.759182]]]}},{"type":"Feature","properties":{"kod":"14800207","namn":"Östra Göteborg, Siriusgatan Västra"},"geometry":{"type":"Polygon","coordinates":[[[12.055365,57.759536],[12.054939,57.7596],[12.054203,57.759709],[12.053707,57.759783],[12.05363,57.760152],[12.053255,57.760213],[12.053013,57.760274],[12.052848,57.760087],[12.05275,57.760014],[12.052667,57.760055],[12.052334,57.760138],[12.052249,57.760041],[12.051958,57.759713],[12.051034,57.758669],[12.05073,57.758372],[12.050692,57.758334],[12.050658,57.758295],[12.050626,57.758256],[12.050597,57.758216],[12.050571,57.758175],[12.050548,57.758134],[12.050164,57.7574],[12.049918,57.756927],[12.049636,57.756388],[12.049609,57.75629],[12.049442,57.755696],[12.049289,57.755467],[12.050074,57.755631],[12.050635,57.755703],[12.051208,57.755743],[12.051557,57.755728],[12.052046,57.755688],[12.052499,57.755629],[12.052918,57.755539],[12.053439,57.75656],[12.054178,57.757994],[12.055365,57.759536]]]}},{"type":"Feature","properties":{"kod":"14800208","namn":"Östra Göteborg, Gärdsås"},"geometry":{"type":"Polygon","coordinates":[[[12.058838,57.759182],[12.058805,57.759184],[12.058156,57.758617],[12.057883,57.7583],[12.057255,57.757829],[12.05663,57.756868],[12.05636,57.756908],[12.055324,57.754975],[12.054828,57.75474],[12.05463,57.754835],[12.05389,57.755185],[12.052918,57.755539],[12.052499,57.755629],[12.052046,57.755688],[12.051557,57.755728],[12.051208,57.755743],[12.050635,57.755703],[12.050074,57.755631],[12.049289,57.755467],[12.048879,57.755364],[12.048346,57.755244],[12.04889,57.75498],[12.048874,57.754869],[12.048757,57.754755],[12.048661,57.75468],[12.048454,57.754563],[12.047708,57.754315],[12.047357,57.754081],[12.047259,57.753956],[12.047201,57.753866],[12.047132,57.753775],[12.047113,57.753726],[12.046815,57.752853],[12.046827,57.752655],[12.046702,57.752501],[12.046634,57.752372],[12.046589,57.752327],[12.046536,57.752278],[12.046495,57.752265],[12.046471,57.752244],[12.046529,57.752224],[12.046526,57.752223],[12.046517,57.752219],[12.046508,57.752215],[12.046498,57.75221],[12.046489,57.752205],[12.046481,57.752201],[12.046472,57.752197],[12.046463,57.752192],[12.046454,57.752187],[12.046445,57.752182],[12.046437,57.752178],[12.046428,57.752173],[12.04642,57.752168],[12.046412,57.752163],[12.046404,57.752158],[12.046396,57.752153],[12.046388,57.752148],[12.04638,57.752142],[12.046372,57.752137],[12.046364,57.752132],[12.046357,57.752127],[12.04635,57.752122],[12.046342,57.752116],[12.046335,57.752111],[12.046328,57.752106],[12.04632,57.7521],[12.046314,57.752095],[12.046307,57.752089],[12.0463,57.752083],[12.046294,57.752078],[12.046287,57.752072],[12.046281,57.752066],[12.046275,57.752061],[12.046268,57.752055],[12.046263,57.752049],[12.046257,57.752043],[12.046251,57.752037],[12.046245,57.752031],[12.04624,57.752025],[12.046234,57.75202],[12.046229,57.752014],[12.046223,57.752008],[12.046218,57.752002],[12.046214,57.751995],[12.046209,57.751989],[12.046204,57.751983],[12.0462,57.751977],[12.046195,57.751971],[12.046191,57.751965],[12.046186,57.751958],[12.046182,57.751952],[12.046178,57.751946],[12.046174,57.75194],[12.046171,57.751933],[12.046167,57.751927],[12.046081,57.751918],[12.047621,57.751403],[12.047468,57.751162],[12.047403,57.751059],[12.047342,57.750955],[12.047284,57.750851],[12.047229,57.750746],[12.047176,57.750642],[12.047126,57.750536],[12.047079,57.750431],[12.047035,57.750324],[12.046995,57.750218],[12.046957,57.750111],[12.046923,57.750004],[12.04689,57.749896],[12.046871,57.749822],[12.046854,57.749747],[12.04684,57.749672],[12.046829,57.749596],[12.046821,57.749521],[12.046815,57.749445],[12.046813,57.74937],[12.046813,57.749294],[12.046817,57.749219],[12.046823,57.749144],[12.046832,57.749068],[12.046844,57.748993],[12.046859,57.748918],[12.046877,57.748843],[12.046897,57.748768],[12.04692,57.748694],[12.046946,57.748619],[12.046975,57.748546],[12.047007,57.748472],[12.047042,57.748399],[12.047079,57.748326],[12.047182,57.748143],[12.047212,57.748143],[12.047236,57.7481],[12.047249,57.7481],[12.047299,57.748017],[12.047352,57.747934],[12.047409,57.747852],[12.04747,57.747771],[12.04761,57.747581],[12.05242,57.748381],[12.053182,57.748535],[12.054155,57.74867],[12.055032,57.749206],[12.055864,57.750728],[12.055884,57.750733],[12.055906,57.750736],[12.055928,57.750738],[12.055951,57.750738],[12.055972,57.750737],[12.055981,57.750763],[12.055961,57.750766],[12.055941,57.75077],[12.055924,57.750775],[12.055907,57.750783],[12.055894,57.750791],[12.055883,57.7508],[12.055874,57.750811],[12.055869,57.750821],[12.055866,57.750832],[12.055867,57.750843],[12.055884,57.750919],[12.055895,57.750995],[12.055903,57.751071],[12.055938,57.75111],[12.055957,57.751421],[12.055959,57.751488],[12.055958,57.751555],[12.055955,57.751621],[12.055948,57.751688],[12.055938,57.751755],[12.055926,57.751821],[12.05591,57.751887],[12.055891,57.751953],[12.05587,57.752019],[12.055808,57.752196],[12.055797,57.752231],[12.055789,57.752267],[12.055784,57.752302],[12.055782,57.752337],[12.055783,57.752373],[12.055786,57.752408],[12.055793,57.752444],[12.055802,57.752479],[12.055815,57.752514],[12.05583,57.752548],[12.055848,57.752582],[12.055869,57.752616],[12.055893,57.752649],[12.055919,57.752682],[12.055964,57.752734],[12.056506,57.752848],[12.057148,57.752982],[12.057551,57.752998],[12.059035,57.753063],[12.059492,57.752904],[12.059895,57.753112],[12.059696,57.753278],[12.05959,57.753496],[12.058512,57.754454],[12.057811,57.754627],[12.058108,57.755068],[12.05817,57.755179],[12.058209,57.755248],[12.058251,57.755316],[12.058296,57.755384],[12.058344,57.755452],[12.058394,57.755519],[12.058446,57.755585],[12.058501,57.75565],[12.058588,57.755751],[12.058557,57.755758],[12.059031,57.756307],[12.059953,57.756465],[12.060755,57.757395],[12.06093,57.757351],[12.062085,57.757724],[12.062327,57.758006],[12.062505,57.758184],[12.062029,57.758748],[12.061801,57.759038],[12.060496,57.759101],[12.058838,57.759182]]]}},{"type":"Feature","properties":{"kod":"14800209","namn":"Östra Göteborg, Bergsjön Södra"},"geometry":{"type":"Polygon","coordinates":[[[12.068697,57.757482],[12.066703,57.757819],[12.064253,57.757764],[12.064077,57.757777],[12.063987,57.757937],[12.063953,57.758298],[12.063522,57.758939],[12.062029,57.758748],[12.062505,57.758184],[12.062327,57.758006],[12.062085,57.757724],[12.06093,57.757351],[12.060755,57.757395],[12.059953,57.756465],[12.059031,57.756307],[12.058557,57.755758],[12.058588,57.755751],[12.058501,57.75565],[12.058446,57.755585],[12.058394,57.755519],[12.058344,57.755452],[12.058296,57.755384],[12.058251,57.755316],[12.058209,57.755248],[12.05817,57.755179],[12.058108,57.755068],[12.057811,57.754627],[12.058512,57.754454],[12.05959,57.753496],[12.059696,57.753278],[12.059895,57.753112],[12.059492,57.752904],[12.059035,57.753063],[12.057551,57.752998],[12.057148,57.752982],[12.056506,57.752848],[12.055964,57.752734],[12.055919,57.752682],[12.055893,57.752649],[12.055869,57.752616],[12.055848,57.752582],[12.05583,57.752548],[12.055815,57.752514],[12.055802,57.752479],[12.055793,57.752444],[12.055786,57.752408],[12.055783,57.752373],[12.055782,57.752337],[12.055784,57.752302],[12.055789,57.752267],[12.055797,57.752231],[12.055808,57.752196],[12.05587,57.752019],[12.055891,57.751953],[12.05591,57.751887],[12.055926,57.751821],[12.055938,57.751755],[12.055948,57.751688],[12.055955,57.751621],[12.055958,57.751555],[12.055959,57.751488],[12.055957,57.751421],[12.055938,57.75111],[12.055903,57.751071],[12.055895,57.750995],[12.055884,57.750919],[12.055867,57.750843],[12.055866,57.750832],[12.055869,57.750821],[12.055874,57.750811],[12.055883,57.7508],[12.055894,57.750791],[12.055907,57.750783],[12.055924,57.750775],[12.055941,57.75077],[12.055961,57.750766],[12.055981,57.750763],[12.055972,57.750737],[12.055951,57.750738],[12.055928,57.750738],[12.055906,57.750736],[12.055884,57.750733],[12.055864,57.750728],[12.055032,57.749206],[12.054155,57.74867],[12.053182,57.748535],[12.05242,57.748381],[12.053452,57.747102],[12.053516,57.74611],[12.055506,57.74572],[12.056613,57.744966],[12.055498,57.74455],[12.056845,57.74355],[12.058034,57.743461],[12.058634,57.743399],[12.059696,57.744021],[12.061427,57.743683],[12.06332,57.742671],[12.064061,57.742774],[12.066289,57.74294],[12.067309,57.741861],[12.068291,57.741966],[12.068695,57.742087],[12.068956,57.742258],[12.069227,57.742156],[12.069561,57.742432],[12.069215,57.74243],[12.070218,57.743256],[12.070638,57.743301],[12.070943,57.743334],[12.07164,57.743409],[12.071922,57.74323],[12.071998,57.742963],[12.071918,57.742794],[12.072058,57.742742],[12.072481,57.742548],[12.073138,57.742322],[12.073606,57.742193],[12.073841,57.742207],[12.074057,57.742173],[12.074136,57.742187],[12.074165,57.742157],[12.074196,57.742128],[12.07423,57.742101],[12.074266,57.742073],[12.074305,57.742047],[12.074346,57.742022],[12.074388,57.741998],[12.074489,57.741988],[12.074589,57.74198],[12.07469,57.741974],[12.074792,57.741969],[12.074893,57.741965],[12.074995,57.741963],[12.075097,57.741962],[12.075198,57.741963],[12.0753,57.741965],[12.075402,57.741969],[12.075502,57.741974],[12.075582,57.741978],[12.075662,57.741983],[12.075742,57.74199],[12.07582,57.741998],[12.075898,57.742008],[12.075976,57.742019],[12.076052,57.742032],[12.076128,57.742047],[12.076202,57.742063],[12.076275,57.74208],[12.076348,57.742099],[12.076418,57.74212],[12.076484,57.742162],[12.07646,57.742196],[12.07653,57.742209],[12.076683,57.742239],[12.076706,57.74222],[12.076738,57.742232],[12.076843,57.742135],[12.07705,57.742144],[12.077108,57.742241],[12.077163,57.74225],[12.077264,57.742267],[12.077416,57.742307],[12.077548,57.742261],[12.077628,57.742284],[12.079429,57.742339],[12.079429,57.74234],[12.079206,57.743977],[12.079204,57.743993],[12.079119,57.744616],[12.075806,57.744479],[12.071782,57.744652],[12.071098,57.745398],[12.07099,57.746175],[12.070858,57.746876],[12.071291,57.747058],[12.071229,57.747184],[12.071192,57.747338],[12.071193,57.747651],[12.070598,57.747681],[12.069582,57.747752],[12.068278,57.748083],[12.068644,57.748396],[12.069037,57.74876],[12.068897,57.750717],[12.068466,57.751036],[12.068247,57.751861],[12.068726,57.751914],[12.068951,57.75193],[12.068902,57.752556],[12.069255,57.752692],[12.069006,57.752877],[12.068932,57.752934],[12.06886,57.752991],[12.06879,57.75305],[12.068723,57.753109],[12.068658,57.753169],[12.068595,57.75323],[12.068535,57.753291],[12.068478,57.753353],[12.0684,57.753433],[12.068325,57.753513],[12.068253,57.753593],[12.068183,57.753675],[12.068116,57.753757],[12.068051,57.753839],[12.067988,57.753923],[12.067929,57.754006],[12.067872,57.75409],[12.067818,57.754175],[12.067766,57.75426],[12.067717,57.754346],[12.067382,57.754978],[12.067415,57.754983],[12.066908,57.755955],[12.066868,57.756239],[12.066767,57.756431],[12.067917,57.756549],[12.068522,57.756563],[12.068438,57.756686],[12.068404,57.757108],[12.068697,57.757482]]]}},{"type":"Feature","properties":{"kod":"14800210","namn":"Östra Göteborg, Komettorget"},"geometry":{"type":"Polygon","coordinates":[[[12.079348,57.752567],[12.077294,57.752619],[12.076745,57.754351],[12.076092,57.754275],[12.075738,57.755207],[12.074614,57.754916],[12.073583,57.754754],[12.072212,57.75434],[12.070315,57.753377],[12.06967,57.753362],[12.069174,57.753369],[12.068478,57.753353],[12.068535,57.753291],[12.068595,57.75323],[12.068658,57.753169],[12.068723,57.753109],[12.06879,57.75305],[12.06886,57.752991],[12.068932,57.752934],[12.069006,57.752877],[12.069255,57.752692],[12.068902,57.752556],[12.068951,57.75193],[12.06963,57.751323],[12.07118,57.750257],[12.073098,57.74983],[12.074679,57.750037],[12.07585,57.749575],[12.075581,57.747624],[12.075806,57.744479],[12.079119,57.744616],[12.079119,57.744617],[12.078974,57.745679],[12.078803,57.747117],[12.079172,57.748596],[12.079678,57.750357],[12.07965,57.750549],[12.079632,57.750666],[12.079348,57.752567]]]}},{"type":"Feature","properties":{"kod":"14800211","namn":"Östra Göteborg, Zenitgatan m fl"},"geometry":{"type":"Polygon","coordinates":[[[12.075806,57.744479],[12.075581,57.747624],[12.07585,57.749575],[12.074679,57.750037],[12.073098,57.74983],[12.07118,57.750257],[12.06963,57.751323],[12.068951,57.75193],[12.068726,57.751914],[12.068247,57.751861],[12.068466,57.751036],[12.068897,57.750717],[12.069037,57.74876],[12.068644,57.748396],[12.068278,57.748083],[12.069582,57.747752],[12.070598,57.747681],[12.071193,57.747651],[12.071192,57.747338],[12.071229,57.747184],[12.071291,57.747058],[12.070858,57.746876],[12.07099,57.746175],[12.071098,57.745398],[12.071782,57.744652],[12.075806,57.744479]]]}},{"type":"Feature","properties":{"kod":"14800212","namn":"Östra Göteborg, Fjällbo"},"geometry":{"type":"Polygon","coordinates":[[[12.079429,57.742339],[12.077628,57.742284],[12.077548,57.742261],[12.077416,57.742307],[12.077264,57.742267],[12.077163,57.74225],[12.077108,57.742241],[12.07705,57.742144],[12.076843,57.742135],[12.076738,57.742232],[12.076706,57.74222],[12.076683,57.742239],[12.07653,57.742209],[12.07646,57.742196],[12.076484,57.742162],[12.076418,57.74212],[12.076348,57.742099],[12.076275,57.74208],[12.076202,57.742063],[12.076128,57.742047],[12.076052,57.742032],[12.075976,57.742019],[12.075898,57.742008],[12.07582,57.741998],[12.075742,57.74199],[12.075662,57.741983],[12.075582,57.741978],[12.075502,57.741974],[12.075402,57.741969],[12.0753,57.741965],[12.075198,57.741963],[12.075097,57.741962],[12.074995,57.741963],[12.074893,57.741965],[12.074792,57.741969],[12.07469,57.741974],[12.074589,57.74198],[12.074489,57.741988],[12.074388,57.741998],[12.074346,57.742022],[12.074305,57.742047],[12.074266,57.742073],[12.07423,57.742101],[12.074196,57.742128],[12.074165,57.742157],[12.074136,57.742187],[12.074057,57.742173],[12.073841,57.742207],[12.073606,57.742193],[12.073138,57.742322],[12.072481,57.742548],[12.072058,57.742742],[12.071918,57.742794],[12.071998,57.742963],[12.071922,57.74323],[12.07164,57.743409],[12.070943,57.743334],[12.070638,57.743301],[12.070218,57.743256],[12.069215,57.74243],[12.069561,57.742432],[12.069227,57.742156],[12.068956,57.742258],[12.068695,57.742087],[12.068291,57.741966],[12.067309,57.741861],[12.066289,57.74294],[12.064061,57.742774],[12.06332,57.742671],[12.061427,57.743683],[12.059696,57.744021],[12.058634,57.743399],[12.059182,57.742017],[12.05996,57.740385],[12.06052,57.739094],[12.060739,57.739061],[12.061063,57.738505],[12.060996,57.738427],[12.061309,57.737922],[12.062103,57.738067],[12.064709,57.738518],[12.066587,57.738847],[12.067493,57.738994],[12.069865,57.739349],[12.071151,57.739585],[12.072466,57.739821],[12.075443,57.740378],[12.076324,57.740563],[12.076927,57.74067],[12.078105,57.740888],[12.078717,57.74102],[12.078802,57.741031],[12.078802,57.741032],[12.078797,57.741045],[12.078762,57.74115],[12.078762,57.741151],[12.0788,57.741163],[12.079483,57.741378],[12.079672,57.741409],[12.079498,57.741909],[12.079482,57.741954],[12.079429,57.742339]]]}},{"type":"Feature","properties":{"kod":"14800213","namn":"Östra Göteborg, Utbynäs"},"geometry":{"type":"Polygon","coordinates":[[[12.078965,57.735258],[12.07897,57.735262],[12.07907,57.735305],[12.079554,57.735429],[12.079647,57.735462],[12.07976,57.735522],[12.079818,57.73556],[12.0799,57.735613],[12.080026,57.735729],[12.080032,57.735735],[12.080044,57.735744],[12.080091,57.73578],[12.080125,57.735807],[12.080218,57.735836],[12.080252,57.735847],[12.080349,57.735865],[12.080677,57.735924],[12.080658,57.735976],[12.080086,57.737533],[12.078875,57.740819],[12.07882,57.74098],[12.078813,57.741],[12.078802,57.741031],[12.078717,57.74102],[12.078105,57.740888],[12.076927,57.74067],[12.076324,57.740563],[12.075443,57.740378],[12.072466,57.739821],[12.071151,57.739585],[12.069865,57.739349],[12.067493,57.738994],[12.066587,57.738847],[12.064709,57.738518],[12.062103,57.738067],[12.061309,57.737922],[12.060819,57.737834],[12.060353,57.73774],[12.059624,57.737501],[12.058847,57.737264],[12.058208,57.737047],[12.057895,57.736949],[12.056636,57.736558],[12.055067,57.736163],[12.053619,57.735943],[12.052696,57.735813],[12.049084,57.735358],[12.049035,57.735663],[12.049019,57.73579],[12.048993,57.73599],[12.048967,57.736195],[12.048945,57.736244],[12.048943,57.736303],[12.049228,57.736311],[12.049313,57.736318],[12.050004,57.736466],[12.050023,57.736867],[12.050047,57.737458],[12.049986,57.737703],[12.049652,57.737753],[12.049821,57.738522],[12.049456,57.738603],[12.048975,57.738721],[12.048762,57.738787],[12.048492,57.738703],[12.046852,57.738488],[12.045966,57.739347],[12.04605,57.739428],[12.04541,57.73962],[12.045295,57.739654],[12.045251,57.739625],[12.045142,57.739606],[12.045007,57.739584],[12.044886,57.739586],[12.044744,57.739519],[12.044754,57.739416],[12.044582,57.739372],[12.044502,57.739278],[12.044437,57.739212],[12.044278,57.739081],[12.044122,57.738956],[12.043949,57.738852],[12.04382,57.738826],[12.043634,57.738793],[12.043617,57.738653],[12.043522,57.738587],[12.043583,57.738491],[12.043374,57.738212],[12.043503,57.738161],[12.043416,57.738095],[12.04362,57.737863],[12.043572,57.737808],[12.043345,57.737754],[12.043266,57.737663],[12.043153,57.737632],[12.043,57.737614],[12.042792,57.73753],[12.042759,57.737384],[12.042678,57.737327],[12.042565,57.737299],[12.04248,57.737224],[12.042526,57.737154],[12.042582,57.737109],[12.042584,57.737095],[12.042589,57.737045],[12.042525,57.736988],[12.042577,57.736923],[12.04257,57.736894],[12.042532,57.736838],[12.042513,57.736739],[12.042394,57.736733],[12.042367,57.73671],[12.042318,57.736596],[12.042403,57.736462],[12.042367,57.736445],[12.042292,57.736473],[12.042214,57.736456],[12.042196,57.736409],[12.0423,57.736391],[12.042313,57.73636],[12.042236,57.736266],[12.042293,57.736228],[12.042372,57.736291],[12.042438,57.736281],[12.042398,57.736168],[12.042308,57.736136],[12.042382,57.736046],[12.04235,57.736021],[12.042209,57.736008],[12.04214,57.735952],[12.042048,57.735942],[12.042044,57.735912],[12.042098,57.735867],[12.041987,57.735826],[12.041954,57.735785],[12.041828,57.735819],[12.041748,57.735823],[12.041675,57.735791],[12.04162,57.7357],[12.041679,57.735656],[12.04175,57.735663],[12.041827,57.735641],[12.041852,57.735529],[12.041814,57.735503],[12.041685,57.735507],[12.041661,57.735472],[12.041725,57.735432],[12.041703,57.735398],[12.041634,57.735351],[12.04161,57.735294],[12.041694,57.735227],[12.041688,57.735179],[12.041705,57.73514],[12.04176,57.735048],[12.04172,57.735004],[12.041659,57.734992],[12.041594,57.734922],[12.041409,57.734733],[12.041185,57.73445],[12.040758,57.734216],[12.040881,57.733554],[12.042329,57.732579],[12.04236,57.732456],[12.045479,57.732856],[12.04883,57.733329],[12.049839,57.733504],[12.050909,57.733579],[12.051669,57.733684],[12.052367,57.733729],[12.052875,57.733787],[12.053786,57.733836],[12.054102,57.733865],[12.054103,57.733865],[12.055785,57.734036],[12.057395,57.734096],[12.05789,57.7341],[12.058838,57.734195],[12.05981,57.734357],[12.060434,57.734438],[12.061892,57.734529],[12.062154,57.734537],[12.062708,57.734538],[12.062729,57.73454],[12.062765,57.734542],[12.062879,57.73455],[12.062896,57.73455],[12.062912,57.734551],[12.062923,57.734551],[12.063106,57.734563],[12.063112,57.734564],[12.063126,57.734565],[12.063138,57.734566],[12.063682,57.73463],[12.063713,57.734634],[12.063714,57.734634],[12.063724,57.734635],[12.063742,57.734637],[12.063775,57.734643],[12.063792,57.734646],[12.063861,57.734657],[12.064207,57.734699],[12.064214,57.7347],[12.064264,57.734706],[12.064311,57.734709],[12.064315,57.734709],[12.064412,57.734715],[12.064511,57.734721],[12.064732,57.734741],[12.065164,57.734781],[12.065215,57.734787],[12.065291,57.734791],[12.065927,57.734828],[12.066382,57.734853],[12.066392,57.734854],[12.06665,57.734884],[12.067053,57.73492],[12.067054,57.73492],[12.067071,57.734924],[12.067176,57.734947],[12.067176,57.734947],[12.067203,57.734947],[12.067595,57.734952],[12.067604,57.734953],[12.067753,57.734954],[12.067782,57.734954],[12.067929,57.734953],[12.068549,57.734949],[12.06862,57.734948],[12.068631,57.734948],[12.068989,57.734942],[12.069034,57.734942],[12.069039,57.734942],[12.069563,57.73497],[12.069594,57.734971],[12.0697,57.734977],[12.069712,57.734977],[12.069714,57.734977],[12.069731,57.734978],[12.069876,57.734973],[12.069882,57.734973],[12.070796,57.734948],[12.071739,57.734872],[12.072198,57.734885],[12.072322,57.734899],[12.072337,57.734901],[12.072523,57.734922],[12.072706,57.734927],[12.072717,57.734928],[12.073013,57.734948],[12.073209,57.734961],[12.07321,57.734961],[12.073211,57.734961],[12.073943,57.734922],[12.073944,57.734922],[12.074004,57.734926],[12.074322,57.734949],[12.074398,57.734961],[12.074569,57.734988],[12.074659,57.735003],[12.074784,57.735023],[12.074899,57.735041],[12.075212,57.735029],[12.075233,57.735028],[12.075435,57.735021],[12.075463,57.73502],[12.075508,57.735018],[12.075869,57.734991],[12.076184,57.734939],[12.076305,57.734919],[12.076513,57.73487],[12.076628,57.734844],[12.076882,57.734784],[12.076882,57.734784],[12.076971,57.734864],[12.077016,57.734869],[12.078071,57.73499],[12.078755,57.735165],[12.078914,57.735206],[12.078913,57.735218],[12.078912,57.735229],[12.078924,57.735235],[12.078924,57.735235],[12.078965,57.735258]]]}},{"type":"Feature","properties":{"kod":"14800214","namn":"Östra Göteborg, Utby"},"geometry":{"type":"Polygon","coordinates":[[[12.058634,57.743399],[12.058034,57.743461],[12.056845,57.74355],[12.055498,57.74455],[12.054082,57.743866],[12.054441,57.743664],[12.054944,57.743077],[12.05517,57.742985],[12.05506,57.742718],[12.055402,57.74259],[12.055781,57.742445],[12.055882,57.742372],[12.055594,57.741922],[12.056295,57.741678],[12.054997,57.741361],[12.053778,57.741022],[12.052941,57.740719],[12.052087,57.740374],[12.051767,57.740218],[12.050884,57.740447],[12.050572,57.740524],[12.05037,57.740599],[12.050081,57.740761],[12.049694,57.740975],[12.049455,57.74099],[12.049523,57.741293],[12.049582,57.741477],[12.049642,57.741645],[12.049631,57.741919],[12.049645,57.742141],[12.04947,57.742135],[12.048936,57.742164],[12.048647,57.742206],[12.048154,57.742326],[12.047862,57.742205],[12.04748,57.741842],[12.046485,57.741599],[12.045558,57.740771],[12.04527,57.739933],[12.045295,57.739654],[12.04541,57.73962],[12.04605,57.739428],[12.045966,57.739347],[12.046852,57.738488],[12.048492,57.738703],[12.048762,57.738787],[12.048975,57.738721],[12.049456,57.738603],[12.049821,57.738522],[12.049652,57.737753],[12.049986,57.737703],[12.050047,57.737458],[12.050023,57.736867],[12.050004,57.736466],[12.049313,57.736318],[12.049228,57.736311],[12.048943,57.736303],[12.048945,57.736244],[12.048967,57.736195],[12.048993,57.73599],[12.049019,57.73579],[12.049035,57.735663],[12.049084,57.735358],[12.052696,57.735813],[12.053619,57.735943],[12.055067,57.736163],[12.056636,57.736558],[12.057895,57.736949],[12.058208,57.737047],[12.058847,57.737264],[12.059624,57.737501],[12.060353,57.73774],[12.060819,57.737834],[12.061309,57.737922],[12.060996,57.738427],[12.061063,57.738505],[12.060739,57.739061],[12.06052,57.739094],[12.05996,57.740385],[12.059182,57.742017],[12.058634,57.743399]]]}},{"type":"Feature","properties":{"kod":"14800215","namn":"Östra Göteborg, Kamgatan m fl"},"geometry":{"type":"Polygon","coordinates":[[[12.05242,57.748381],[12.04761,57.747581],[12.04767,57.747501],[12.047652,57.747506],[12.047604,57.747494],[12.047317,57.74693],[12.047043,57.746391],[12.047044,57.746372],[12.047152,57.746252],[12.047165,57.746211],[12.047173,57.746121],[12.04708,57.746024],[12.046994,57.746002],[12.046928,57.745993],[12.04686,57.745974],[12.046692,57.745875],[12.046644,57.745653],[12.046657,57.745634],[12.046627,57.745469],[12.046667,57.745346],[12.046659,57.745232],[12.046712,57.745148],[12.046752,57.745078],[12.046894,57.744974],[12.046957,57.744905],[12.046979,57.744854],[12.046994,57.744807],[12.046929,57.744753],[12.046982,57.744672],[12.047048,57.744666],[12.047107,57.744636],[12.04735,57.744676],[12.047402,57.74465],[12.04741,57.744602],[12.047382,57.74456],[12.047577,57.744463],[12.047662,57.744434],[12.04771,57.744434],[12.047778,57.74444],[12.047828,57.744429],[12.047882,57.744394],[12.047934,57.744355],[12.047991,57.744273],[12.048061,57.74422],[12.048096,57.744172],[12.048116,57.74413],[12.048119,57.744124],[12.047898,57.743751],[12.047846,57.742652],[12.048154,57.742326],[12.048647,57.742206],[12.048936,57.742164],[12.04947,57.742135],[12.049645,57.742141],[12.049631,57.741919],[12.049642,57.741645],[12.049582,57.741477],[12.049523,57.741293],[12.049455,57.74099],[12.049694,57.740975],[12.050081,57.740761],[12.05037,57.740599],[12.050572,57.740524],[12.050884,57.740447],[12.051767,57.740218],[12.052087,57.740374],[12.052941,57.740719],[12.053778,57.741022],[12.054997,57.741361],[12.056295,57.741678],[12.055594,57.741922],[12.055882,57.742372],[12.055781,57.742445],[12.055402,57.74259],[12.05506,57.742718],[12.05517,57.742985],[12.054944,57.743077],[12.054441,57.743664],[12.054082,57.743866],[12.055498,57.74455],[12.056613,57.744966],[12.055506,57.74572],[12.053516,57.74611],[12.053452,57.747102],[12.05242,57.748381]]]}},{"type":"Feature","properties":{"kod":"14800216","namn":"Östra Göteborg, Kviberg Östra"},"geometry":{"type":"Polygon","coordinates":[[[12.04761,57.747581],[12.046969,57.747475],[12.046811,57.747455],[12.040784,57.747329],[12.04081,57.747323],[12.041629,57.747143],[12.041599,57.747101],[12.04154,57.747113],[12.041506,57.747115],[12.041481,57.747115],[12.041448,57.747111],[12.041425,57.747106],[12.040976,57.746984],[12.040915,57.746969],[12.040852,57.746955],[12.040787,57.746943],[12.040723,57.746932],[12.040632,57.746921],[12.040498,57.74691],[12.040387,57.746907],[12.039295,57.74691],[12.039233,57.74655],[12.039248,57.746255],[12.039262,57.745778],[12.039061,57.745459],[12.039512,57.744985],[12.039282,57.744767],[12.039018,57.744838],[12.038906,57.744688],[12.039177,57.744267],[12.038194,57.744122],[12.037203,57.743639],[12.035546,57.743585],[12.035459,57.743472],[12.035289,57.74327],[12.034854,57.742856],[12.034701,57.742618],[12.034069,57.742641],[12.0341,57.742698],[12.033425,57.742891],[12.032978,57.74304],[12.032424,57.743659],[12.032346,57.743739],[12.031152,57.742873],[12.029877,57.741952],[12.029573,57.741729],[12.029464,57.741782],[12.029096,57.742009],[12.02893,57.742078],[12.028651,57.741686],[12.028227,57.741412],[12.028165,57.7413],[12.02823,57.74129],[12.027886,57.740664],[12.027797,57.740501],[12.027893,57.740486],[12.027723,57.740176],[12.028457,57.74006],[12.02856,57.74004],[12.027396,57.738825],[12.027186,57.738606],[12.027117,57.738532],[12.027051,57.738458],[12.026987,57.738383],[12.026927,57.738307],[12.026868,57.738231],[12.026813,57.738154],[12.02676,57.738077],[12.026711,57.737999],[12.026663,57.73792],[12.026619,57.737841],[12.026577,57.737762],[12.026539,57.737682],[12.026503,57.737602],[12.02647,57.737522],[12.02644,57.737441],[12.026413,57.73736],[12.026389,57.737279],[12.026311,57.736232],[12.026345,57.73616],[12.02634,57.736043],[12.026199,57.735347],[12.026112,57.734917],[12.026145,57.73422],[12.0262,57.733674],[12.026475,57.733171],[12.027028,57.73333],[12.027438,57.733473],[12.027232,57.734123],[12.028404,57.734415],[12.028603,57.734143],[12.02945,57.73443],[12.029793,57.733825],[12.03132,57.734117],[12.033246,57.734432],[12.035958,57.734803],[12.037165,57.73486],[12.03785,57.734863],[12.039389,57.734805],[12.040248,57.734772],[12.041409,57.734733],[12.041594,57.734922],[12.041659,57.734992],[12.04172,57.735004],[12.04176,57.735048],[12.041705,57.73514],[12.041688,57.735179],[12.041694,57.735227],[12.04161,57.735294],[12.041634,57.735351],[12.041703,57.735398],[12.041725,57.735432],[12.041661,57.735472],[12.041685,57.735507],[12.041814,57.735503],[12.041852,57.735529],[12.041827,57.735641],[12.04175,57.735663],[12.041679,57.735656],[12.04162,57.7357],[12.041675,57.735791],[12.041748,57.735823],[12.041828,57.735819],[12.041954,57.735785],[12.041987,57.735826],[12.042098,57.735867],[12.042044,57.735912],[12.042048,57.735942],[12.04214,57.735952],[12.042209,57.736008],[12.04235,57.736021],[12.042382,57.736046],[12.042308,57.736136],[12.042398,57.736168],[12.042438,57.736281],[12.042372,57.736291],[12.042293,57.736228],[12.042236,57.736266],[12.042313,57.73636],[12.0423,57.736391],[12.042196,57.736409],[12.042214,57.736456],[12.042292,57.736473],[12.042367,57.736445],[12.042403,57.736462],[12.042318,57.736596],[12.042367,57.73671],[12.042394,57.736733],[12.042513,57.736739],[12.042532,57.736838],[12.04257,57.736894],[12.042577,57.736923],[12.042525,57.736988],[12.042589,57.737045],[12.042584,57.737095],[12.042582,57.737109],[12.042526,57.737154],[12.04248,57.737224],[12.042565,57.737299],[12.042678,57.737327],[12.042759,57.737384],[12.042792,57.73753],[12.043,57.737614],[12.043153,57.737632],[12.043266,57.737663],[12.043345,57.737754],[12.043572,57.737808],[12.04362,57.737863],[12.043416,57.738095],[12.043503,57.738161],[12.043374,57.738212],[12.043583,57.738491],[12.043522,57.738587],[12.043617,57.738653],[12.043634,57.738793],[12.04382,57.738826],[12.043949,57.738852],[12.044122,57.738956],[12.044278,57.739081],[12.044437,57.739212],[12.044502,57.739278],[12.044582,57.739372],[12.044754,57.739416],[12.044744,57.739519],[12.044886,57.739586],[12.045007,57.739584],[12.045142,57.739606],[12.045251,57.739625],[12.045295,57.739654],[12.04527,57.739933],[12.045558,57.740771],[12.046485,57.741599],[12.04748,57.741842],[12.047862,57.742205],[12.048154,57.742326],[12.047846,57.742652],[12.047898,57.743751],[12.048119,57.744124],[12.048116,57.74413],[12.048096,57.744172],[12.048061,57.74422],[12.047991,57.744273],[12.047934,57.744355],[12.047882,57.744394],[12.047828,57.744429],[12.047778,57.74444],[12.04771,57.744434],[12.047662,57.744434],[12.047577,57.744463],[12.047382,57.74456],[12.04741,57.744602],[12.047402,57.74465],[12.04735,57.744676],[12.047107,57.744636],[12.047048,57.744666],[12.046982,57.744672],[12.046929,57.744753],[12.046994,57.744807],[12.046979,57.744854],[12.046957,57.744905],[12.046894,57.744974],[12.046752,57.745078],[12.046712,57.745148],[12.046659,57.745232],[12.046667,57.745346],[12.046627,57.745469],[12.046657,57.745634],[12.046644,57.745653],[12.046692,57.745875],[12.04686,57.745974],[12.046928,57.745993],[12.046994,57.746002],[12.04708,57.746024],[12.047173,57.746121],[12.047165,57.746211],[12.047152,57.746252],[12.047044,57.746372],[12.047043,57.746391],[12.047317,57.74693],[12.047604,57.747494],[12.047652,57.747506],[12.04767,57.747501],[12.04761,57.747581]]]}},{"type":"Feature","properties":{"kod":"14800217","namn":"Östra Göteborg, Kvibergsnäs"},"geometry":{"type":"Polygon","coordinates":[[[12.041409,57.734733],[12.040248,57.734772],[12.039389,57.734805],[12.03785,57.734863],[12.037165,57.73486],[12.035958,57.734803],[12.033246,57.734432],[12.03132,57.734117],[12.029793,57.733825],[12.02945,57.73443],[12.028603,57.734143],[12.028404,57.734415],[12.027232,57.734123],[12.027438,57.733473],[12.027028,57.73333],[12.027382,57.732915],[12.027095,57.732843],[12.027589,57.73226],[12.027826,57.731945],[12.029441,57.731172],[12.030924,57.731487],[12.031638,57.731585],[12.031797,57.731606],[12.031958,57.731625],[12.032118,57.731641],[12.03228,57.731656],[12.03258,57.731673],[12.033531,57.731727],[12.035086,57.731768],[12.03601,57.731786],[12.037518,57.731849],[12.038264,57.731871],[12.038659,57.731899],[12.039133,57.731944],[12.040562,57.732108],[12.04236,57.732456],[12.042329,57.732579],[12.040881,57.733554],[12.040758,57.734216],[12.041185,57.73445],[12.041409,57.734733]]]}},{"type":"Feature","properties":{"kod":"14800218","namn":"Östra Göteborg, Bellevue Park"},"geometry":{"type":"Polygon","coordinates":[[[12.026868,57.738231],[12.024037,57.738552],[12.023823,57.738107],[12.02372,57.737744],[12.023637,57.736285],[12.023626,57.736079],[12.023481,57.735102],[12.023406,57.734592],[12.023201,57.734129],[12.023168,57.734056],[12.022629,57.733032],[12.022763,57.732383],[12.023326,57.732069],[12.02261,57.731791],[12.020869,57.730891],[12.020279,57.730675],[12.019459,57.730452],[12.019484,57.730317],[12.020235,57.72954],[12.020555,57.729636],[12.020904,57.729276],[12.022532,57.729649],[12.022556,57.729616],[12.022812,57.729295],[12.022888,57.729188],[12.023685,57.729365],[12.02446,57.729662],[12.025041,57.729839],[12.02582,57.72995],[12.025827,57.72995],[12.025845,57.72995],[12.025863,57.729951],[12.025881,57.729951],[12.025898,57.729951],[12.025916,57.729951],[12.025933,57.729951],[12.025951,57.729951],[12.025968,57.729951],[12.025987,57.729951],[12.026006,57.72995],[12.026025,57.72995],[12.026045,57.72995],[12.026064,57.72995],[12.026084,57.72995],[12.026103,57.729951],[12.026123,57.729951],[12.026142,57.729951],[12.026161,57.729951],[12.026181,57.729952],[12.026201,57.729952],[12.026221,57.729953],[12.02624,57.729953],[12.026259,57.729954],[12.026279,57.729955],[12.026298,57.729956],[12.026317,57.729957],[12.026337,57.729957],[12.026356,57.729959],[12.026376,57.72996],[12.026395,57.729961],[12.026414,57.729962],[12.026434,57.729964],[12.026453,57.729965],[12.026472,57.729966],[12.026491,57.729968],[12.026511,57.72997],[12.02653,57.729971],[12.026549,57.729973],[12.026568,57.729975],[12.026587,57.729977],[12.026607,57.729979],[12.026626,57.729981],[12.026645,57.729983],[12.026664,57.729985],[12.026683,57.729987],[12.026702,57.72999],[12.026721,57.729992],[12.02674,57.729994],[12.026759,57.729997],[12.026778,57.73],[12.026797,57.730002],[12.026815,57.730005],[12.026835,57.730008],[12.026853,57.730011],[12.026871,57.730014],[12.026891,57.730017],[12.026909,57.73002],[12.026927,57.730023],[12.026946,57.730026],[12.026964,57.730029],[12.026983,57.730033],[12.027001,57.730036],[12.02702,57.73004],[12.027038,57.730043],[12.027056,57.730047],[12.027075,57.730051],[12.027093,57.730054],[12.027111,57.730058],[12.027129,57.730062],[12.027147,57.730066],[12.027165,57.73007],[12.027183,57.730074],[12.027201,57.730078],[12.027219,57.730082],[12.027237,57.730086],[12.027254,57.730091],[12.027272,57.730095],[12.02729,57.7301],[12.027307,57.730104],[12.027325,57.730109],[12.027342,57.730114],[12.02736,57.730118],[12.027377,57.730123],[12.027394,57.730128],[12.027412,57.730133],[12.027429,57.730138],[12.027445,57.730143],[12.027462,57.730148],[12.027479,57.730153],[12.027496,57.730158],[12.027513,57.730164],[12.02753,57.730169],[12.027547,57.730174],[12.027564,57.73018],[12.02758,57.730186],[12.027596,57.730191],[12.027613,57.730197],[12.027629,57.730202],[12.027646,57.730208],[12.027662,57.730214],[12.027678,57.73022],[12.027694,57.730226],[12.027709,57.730232],[12.027725,57.730238],[12.027741,57.730244],[12.027756,57.73025],[12.027773,57.730256],[12.027788,57.730263],[12.027803,57.730269],[12.027818,57.730276],[12.027834,57.730282],[12.027849,57.730288],[12.027864,57.730295],[12.02788,57.730302],[12.027894,57.730309],[12.027909,57.730315],[12.027924,57.730322],[12.027938,57.730329],[12.027954,57.730335],[12.027968,57.730343],[12.027983,57.730349],[12.027996,57.730357],[12.028011,57.730364],[12.028025,57.730371],[12.028039,57.730378],[12.028053,57.730385],[12.028067,57.730393],[12.028081,57.7304],[12.028095,57.730408],[12.028109,57.730415],[12.028121,57.730422],[12.028135,57.73043],[12.028148,57.730438],[12.028162,57.730445],[12.028175,57.730453],[12.028188,57.730461],[12.028201,57.730469],[12.028214,57.730477],[12.028226,57.730484],[12.028239,57.730492],[12.028252,57.7305],[12.028264,57.730508],[12.028277,57.730516],[12.028289,57.730524],[12.028301,57.730533],[12.028312,57.730541],[12.028324,57.730549],[12.028336,57.730557],[12.028348,57.730566],[12.028359,57.730574],[12.028371,57.730583],[12.028383,57.730591],[12.028394,57.7306],[12.028405,57.730608],[12.028416,57.730617],[12.028426,57.730626],[12.028438,57.730634],[12.028448,57.730643],[12.028459,57.730652],[12.028469,57.73066],[12.02848,57.730669],[12.02849,57.730678],[12.0285,57.730687],[12.02851,57.730696],[12.02852,57.730705],[12.02853,57.730714],[12.028539,57.730723],[12.028549,57.730732],[12.028559,57.730741],[12.028577,57.73076],[12.028584,57.730767],[12.028591,57.730774],[12.028599,57.730781],[12.028606,57.730788],[12.028613,57.730795],[12.028622,57.730801],[12.028629,57.730808],[12.028637,57.730815],[12.028645,57.730822],[12.028653,57.730828],[12.028661,57.730835],[12.028669,57.730842],[12.028678,57.730848],[12.028686,57.730855],[12.028695,57.730862],[12.028704,57.730868],[12.028713,57.730875],[12.028722,57.730881],[12.028731,57.730887],[12.028741,57.730894],[12.02875,57.7309],[12.028759,57.730906],[12.028769,57.730912],[12.028779,57.730918],[12.028788,57.730924],[12.028798,57.730931],[12.028808,57.730936],[12.028817,57.730942],[12.028828,57.730948],[12.028838,57.730954],[12.028848,57.73096],[12.028859,57.730966],[12.028869,57.730972],[12.02888,57.730977],[12.028891,57.730983],[12.028901,57.730988],[12.028913,57.730994],[12.028923,57.730999],[12.028934,57.731004],[12.028946,57.73101],[12.028957,57.731015],[12.028968,57.731021],[12.02898,57.731026],[12.028991,57.731031],[12.029003,57.731036],[12.029014,57.731041],[12.029026,57.731046],[12.029038,57.73105],[12.02905,57.731056],[12.029062,57.73106],[12.029074,57.731065],[12.029086,57.731069],[12.029099,57.731074],[12.029111,57.731079],[12.029123,57.731083],[12.029136,57.731087],[12.029148,57.731092],[12.029161,57.731096],[12.029173,57.7311],[12.029186,57.731105],[12.029199,57.731109],[12.029212,57.731113],[12.029225,57.731117],[12.029238,57.731121],[12.029251,57.731125],[12.029264,57.731129],[12.029277,57.731132],[12.029291,57.731136],[12.029304,57.73114],[12.029317,57.731143],[12.029331,57.731147],[12.029344,57.73115],[12.029358,57.731154],[12.029372,57.731157],[12.029385,57.73116],[12.029399,57.731163],[12.029413,57.731167],[12.029426,57.731169],[12.029441,57.731172],[12.027826,57.731945],[12.027589,57.73226],[12.027095,57.732843],[12.027382,57.732915],[12.027028,57.73333],[12.026475,57.733171],[12.0262,57.733674],[12.026145,57.73422],[12.026112,57.734917],[12.026199,57.735347],[12.02634,57.736043],[12.026345,57.73616],[12.026311,57.736232],[12.026389,57.737279],[12.026413,57.73736],[12.02644,57.737441],[12.02647,57.737522],[12.026503,57.737602],[12.026539,57.737682],[12.026577,57.737762],[12.026619,57.737841],[12.026663,57.73792],[12.026711,57.737999],[12.02676,57.738077],[12.026813,57.738154],[12.026868,57.738231]]]}},{"type":"Feature","properties":{"kod":"14800219","namn":"Östra Göteborg, Bellevue"},"geometry":{"type":"Polygon","coordinates":[[[12.023168,57.734056],[12.017845,57.734539],[12.016495,57.734907],[12.016349,57.734947],[12.015834,57.735088],[12.016121,57.733742],[12.015665,57.733756],[12.015424,57.733751],[12.015159,57.73374],[12.014883,57.733714],[12.014575,57.733679],[12.013971,57.733582],[12.013706,57.733522],[12.013598,57.733489],[12.013935,57.733185],[12.013935,57.733059],[12.013806,57.732542],[12.014979,57.732467],[12.014912,57.732103],[12.014911,57.731881],[12.015596,57.73092],[12.015978,57.730932],[12.016199,57.730701],[12.016768,57.730823],[12.017139,57.730947],[12.017991,57.730926],[12.018201,57.73072],[12.019173,57.730488],[12.019459,57.730452],[12.020279,57.730675],[12.020869,57.730891],[12.02261,57.731791],[12.023326,57.732069],[12.022763,57.732383],[12.022629,57.733032],[12.023168,57.734056]]]}},{"type":"Feature","properties":{"kod":"14800220","namn":"Östra Göteborg, Gamlestaden Norra"},"geometry":{"type":"Polygon","coordinates":[[[12.014911,57.731881],[12.014912,57.732103],[12.014979,57.732467],[12.013806,57.732542],[12.013935,57.733059],[12.013935,57.733185],[12.013598,57.733489],[12.012501,57.733147],[12.012315,57.733053],[12.011287,57.732388],[12.01096,57.732177],[12.010497,57.731879],[12.010025,57.731497],[12.00907,57.730743],[12.008179,57.731058],[12.007438,57.731139],[12.007218,57.731184],[12.007052,57.730666],[12.00672,57.729927],[12.006832,57.729586],[12.007033,57.729332],[12.00776,57.729529],[12.009289,57.729849],[12.010222,57.730076],[12.012579,57.730588],[12.013851,57.730866],[12.014165,57.730475],[12.014281,57.730291],[12.014419,57.730321],[12.014764,57.730395],[12.016199,57.730701],[12.015978,57.730932],[12.015596,57.73092],[12.014911,57.731881]]]}},{"type":"Feature","properties":{"kod":"14800221","namn":"Östra Göteborg, Gamlestaden Södra"},"geometry":{"type":"Polygon","coordinates":[[[12.019459,57.730452],[12.019173,57.730488],[12.018201,57.73072],[12.017991,57.730926],[12.017139,57.730947],[12.016768,57.730823],[12.016199,57.730701],[12.014764,57.730395],[12.014419,57.730321],[12.014281,57.730291],[12.014165,57.730475],[12.013851,57.730866],[12.012579,57.730588],[12.010222,57.730076],[12.009289,57.729849],[12.00776,57.729529],[12.007033,57.729332],[12.007533,57.729058],[12.007731,57.728744],[12.007963,57.72777],[12.007852,57.727335],[12.010242,57.727325],[12.010699,57.72734],[12.011494,57.72739],[12.015383,57.727516],[12.015408,57.727518],[12.015432,57.727519],[12.015457,57.72752],[12.015482,57.727522],[12.015507,57.727523],[12.015531,57.727525],[12.015556,57.727527],[12.015581,57.727529],[12.015606,57.72753],[12.015631,57.727532],[12.015655,57.727535],[12.01568,57.727537],[12.015704,57.727539],[12.015729,57.727541],[12.015754,57.727544],[12.015778,57.727546],[12.015802,57.727549],[12.015827,57.727551],[12.015852,57.727554],[12.015876,57.727556],[12.015901,57.727559],[12.015925,57.727562],[12.01595,57.727565],[12.015974,57.727568],[12.015998,57.727571],[12.016022,57.727574],[12.016046,57.727577],[12.016071,57.72758],[12.016095,57.727584],[12.016119,57.727587],[12.016143,57.727591],[12.016167,57.727594],[12.016191,57.727598],[12.016215,57.727601],[12.016239,57.727605],[12.016263,57.727609],[12.016287,57.727612],[12.016311,57.727617],[12.016335,57.72762],[12.016359,57.727624],[12.016383,57.727629],[12.016407,57.727633],[12.01643,57.727637],[12.016454,57.727641],[12.016477,57.727646],[12.016501,57.72765],[12.016524,57.727655],[12.016548,57.727659],[12.016571,57.727664],[12.016594,57.727669],[12.016618,57.727673],[12.016641,57.727678],[12.016665,57.727683],[12.016688,57.727688],[12.01671,57.727693],[12.016734,57.727698],[12.016757,57.727704],[12.01678,57.727709],[12.016803,57.727714],[12.016826,57.72772],[12.016848,57.727725],[12.016871,57.72773],[12.019988,57.728522],[12.02004,57.728537],[12.020071,57.728547],[12.020102,57.728556],[12.020134,57.728566],[12.020165,57.728575],[12.020197,57.728584],[12.020228,57.728594],[12.020261,57.728603],[12.020292,57.728612],[12.020324,57.728621],[12.020356,57.728631],[12.020387,57.728639],[12.02042,57.728648],[12.020452,57.728657],[12.020484,57.728666],[12.020516,57.728674],[12.020549,57.728683],[12.020581,57.728692],[12.020613,57.7287],[12.020646,57.728709],[12.020678,57.728718],[12.020711,57.728726],[12.020743,57.728734],[12.020776,57.728742],[12.020809,57.728751],[12.020841,57.728758],[12.020874,57.728766],[12.020906,57.728775],[12.020939,57.728783],[12.020973,57.72879],[12.021006,57.728798],[12.021039,57.728806],[12.021072,57.728814],[12.021105,57.728821],[12.021138,57.728829],[12.021172,57.728836],[12.021205,57.728844],[12.021238,57.728851],[12.021272,57.728858],[12.021305,57.728866],[12.021339,57.728873],[12.021372,57.72888],[12.021406,57.728887],[12.02144,57.728893],[12.021473,57.7289],[12.022888,57.729188],[12.022812,57.729295],[12.022556,57.729616],[12.022532,57.729649],[12.020904,57.729276],[12.020555,57.729636],[12.020235,57.72954],[12.019484,57.730317],[12.019459,57.730452]]]}},{"type":"Feature","properties":{"kod":"14800222","namn":"Östra Göteborg, Nylöse"},"geometry":{"type":"Polygon","coordinates":[[[12.020158,57.763954],[12.01994,57.764014],[12.01972,57.764142],[12.019497,57.764404],[12.019364,57.764475],[12.019182,57.764506],[12.018913,57.76446],[12.018701,57.764326],[12.018652,57.764209],[12.018445,57.764006],[12.017982,57.763792],[12.017474,57.763701],[12.017206,57.763566],[12.016792,57.763232],[12.016512,57.763099],[12.015257,57.762678],[12.015257,57.762477],[12.014481,57.761378],[12.014237,57.761364],[12.014015,57.761464],[12.013609,57.762217],[12.013176,57.762235],[12.012936,57.762231],[12.012618,57.76227],[12.012373,57.762199],[12.012119,57.762106],[12.011267,57.762019],[12.010862,57.761774],[12.010792,57.761444],[12.010668,57.76118],[12.010029,57.760526],[12.009579,57.760411],[12.009298,57.760477],[12.008715,57.760741],[12.008187,57.760864],[12.007845,57.760876],[12.007336,57.760826],[12.006736,57.760525],[12.006251,57.760455],[12.005768,57.760476],[12.005409,57.760543],[12.005214,57.76061],[12.004963,57.760741],[12.004637,57.761025],[12.004406,57.761252],[12.003557,57.761697],[12.001538,57.763475],[12.001422,57.763426],[12.001307,57.763375],[12.001194,57.763324],[12.001084,57.763271],[12.000975,57.763217],[12.000868,57.763162],[12.000763,57.763106],[12.000659,57.763049],[12.000559,57.762991],[12.00046,57.762932],[12.000364,57.762872],[12.000269,57.76281],[12.000177,57.762748],[12.000086,57.762685],[11.999999,57.762621],[11.999913,57.762556],[11.99983,57.762491],[11.999749,57.762424],[11.99967,57.762357],[11.999594,57.762289],[11.99952,57.76222],[11.999449,57.76215],[11.99938,57.76208],[11.999314,57.762009],[11.99925,57.761937],[11.99919,57.761865],[11.999131,57.761792],[11.999075,57.761719],[11.999022,57.761645],[11.998971,57.76157],[11.998923,57.761495],[11.998878,57.761419],[11.998836,57.761343],[11.998796,57.761267],[11.998758,57.76119],[11.998544,57.760592],[11.998458,57.760246],[11.998407,57.759965],[11.998368,57.75948],[11.998412,57.759055],[11.998593,57.758626],[11.998986,57.757583],[11.999386,57.756781],[11.999883,57.755655],[12.000391,57.754592],[12.000679,57.753998],[12.001311,57.752694],[12.001744,57.751846],[12.001999,57.751089],[12.002158,57.750841],[12.002485,57.750329],[12.002617,57.750121],[12.00271,57.749873],[12.002994,57.749181],[12.003253,57.748534],[12.003407,57.748036],[12.003641,57.747287],[12.003944,57.746449],[12.003944,57.746364],[12.003951,57.745956],[12.003896,57.745695],[12.003379,57.74446],[12.003188,57.743802],[12.002894,57.743328],[12.002616,57.742878],[12.002337,57.742428],[12.001965,57.741826],[12.00185,57.741652],[12.001118,57.740537],[12.000788,57.740124],[12.0007,57.740013],[11.999455,57.738454],[11.999279,57.738233],[11.998947,57.737818],[11.998396,57.737128],[11.99818,57.736791],[11.998025,57.736564],[11.997899,57.736358],[11.997735,57.736112],[11.997581,57.735873],[11.997422,57.735638],[11.997292,57.735426],[11.997149,57.73518],[11.997012,57.734943],[11.996866,57.734686],[11.99677,57.734522],[11.996529,57.734111],[11.996261,57.733904],[11.995811,57.733045],[11.995751,57.732942],[11.995504,57.732512],[11.995042,57.731713],[11.994362,57.730537],[11.994087,57.730061],[11.993986,57.729886],[11.993495,57.729036],[11.992694,57.727759],[11.992013,57.726747],[11.991464,57.72593],[11.991253,57.725676],[11.990805,57.725145],[11.989914,57.724291],[11.989301,57.723815],[11.989008,57.723607],[11.988166,57.722872],[11.986679,57.721896],[11.987601,57.721133],[11.988692,57.721111],[11.993626,57.720953],[11.995235,57.720871],[11.995286,57.720889],[11.995339,57.720905],[11.995393,57.72092],[11.995449,57.720933],[11.995507,57.720943],[11.995629,57.720964],[11.995752,57.720982],[11.995781,57.720983],[11.99581,57.720986],[11.995837,57.720991],[11.995864,57.720997],[11.99589,57.721004],[11.995914,57.721013],[11.995936,57.721023],[11.995957,57.721034],[11.995974,57.721047],[11.995991,57.72106],[11.996035,57.721101],[11.996083,57.721141],[11.996133,57.72118],[11.996186,57.721218],[11.996241,57.721256],[11.996297,57.721292],[11.996357,57.721327],[11.996419,57.721361],[11.996483,57.721394],[11.996549,57.721426],[11.996617,57.721457],[11.996687,57.721486],[11.997018,57.721644],[11.997367,57.721872],[11.997419,57.721902],[11.997818,57.722201],[11.998412,57.722806],[12.001188,57.725352],[12.001423,57.725669],[12.001539,57.725909],[12.001848,57.726132],[12.002193,57.726381],[12.002244,57.726414],[12.002299,57.726445],[12.002356,57.726475],[12.002414,57.726504],[12.002475,57.726532],[12.002537,57.726559],[12.0026,57.726585],[12.002666,57.726609],[12.002733,57.726632],[12.002802,57.726654],[12.0029,57.72667],[12.002999,57.726685],[12.003099,57.726698],[12.0032,57.726709],[12.0033,57.726718],[12.003403,57.726726],[12.003504,57.726732],[12.003975,57.72677],[12.004162,57.72681],[12.004167,57.726811],[12.004173,57.726812],[12.004179,57.726813],[12.004185,57.726815],[12.004191,57.726815],[12.004197,57.726817],[12.004203,57.726817],[12.00421,57.726819],[12.004215,57.726819],[12.004222,57.72682],[12.004228,57.726821],[12.004235,57.726822],[12.004241,57.726822],[12.004247,57.726823],[12.004253,57.726823],[12.004259,57.726824],[12.004266,57.726824],[12.004272,57.726824],[12.004278,57.726824],[12.004285,57.726824],[12.004291,57.726824],[12.004298,57.726824],[12.004304,57.726824],[12.00431,57.726824],[12.004317,57.726824],[12.004323,57.726824],[12.00433,57.726823],[12.004336,57.726823],[12.004342,57.726822],[12.004349,57.726822],[12.004355,57.726821],[12.004361,57.72682],[12.004372,57.72682],[12.004383,57.72682],[12.004394,57.72682],[12.004404,57.726821],[12.004416,57.726821],[12.004427,57.726821],[12.004437,57.726821],[12.004448,57.726822],[12.004459,57.726822],[12.00447,57.726822],[12.004481,57.726823],[12.004492,57.726824],[12.004503,57.726824],[12.004513,57.726825],[12.004524,57.726826],[12.004535,57.726827],[12.004546,57.726828],[12.004556,57.726829],[12.004567,57.72683],[12.004578,57.726832],[12.004588,57.726833],[12.004599,57.726834],[12.004609,57.726836],[12.00462,57.726837],[12.004807,57.72687],[12.005072,57.726916],[12.00694,57.727285],[12.007252,57.727315],[12.00748,57.727337],[12.007852,57.727335],[12.007963,57.72777],[12.007731,57.728744],[12.007533,57.729058],[12.007033,57.729332],[12.006832,57.729586],[12.00672,57.729927],[12.007052,57.730666],[12.007218,57.731184],[12.007438,57.731139],[12.008179,57.731058],[12.00907,57.730743],[12.010025,57.731497],[12.010497,57.731879],[12.01096,57.732177],[12.011287,57.732388],[12.012315,57.733053],[12.012501,57.733147],[12.013598,57.733489],[12.013706,57.733522],[12.013971,57.733582],[12.014575,57.733679],[12.014883,57.733714],[12.015159,57.73374],[12.015424,57.733751],[12.015665,57.733756],[12.016121,57.733742],[12.015834,57.735088],[12.015599,57.736185],[12.015881,57.737402],[12.014901,57.738785],[12.015805,57.739127],[12.015627,57.739474],[12.011217,57.741814],[12.01402,57.747055],[12.013872,57.747235],[12.013879,57.747419],[12.013924,57.747542],[12.014009,57.747705],[12.014053,57.747936],[12.014054,57.748171],[12.014008,57.748203],[12.014006,57.748286],[12.014001,57.748459],[12.014001,57.748531],[12.014029,57.748684],[12.014028,57.748869],[12.01402,57.749154],[12.01402,57.749443],[12.014027,57.749511],[12.014035,57.749901],[12.014027,57.750046],[12.014044,57.750178],[12.014059,57.750398],[12.014098,57.75058],[12.014106,57.750617],[12.014121,57.75072],[12.014219,57.750811],[12.01427,57.750903],[12.014449,57.75107],[12.014473,57.751124],[12.014487,57.751244],[12.014477,57.751343],[12.014442,57.751411],[12.014456,57.75148],[12.014565,57.751565],[12.014701,57.751674],[12.014774,57.751769],[12.014828,57.751862],[12.01485,57.751936],[12.014969,57.752027],[12.014879,57.752066],[12.01484,57.752117],[12.014908,57.75221],[12.015098,57.752288],[12.015154,57.752383],[12.015241,57.752542],[12.016543,57.755056],[12.018819,57.759532],[12.021152,57.764119],[12.020959,57.764006],[12.020477,57.763949],[12.020158,57.763954]]]}},{"type":"Feature","properties":{"kod":"14800223","namn":"Östra Göteborg, Kviberg Västra"},"geometry":{"type":"Polygon","coordinates":[[[12.016011,57.746676],[12.01402,57.747055],[12.011217,57.741814],[12.015627,57.739474],[12.015805,57.739127],[12.014901,57.738785],[12.015881,57.737402],[12.015599,57.736185],[12.015834,57.735088],[12.016349,57.734947],[12.016495,57.734907],[12.017845,57.734539],[12.023168,57.734056],[12.023201,57.734129],[12.023406,57.734592],[12.023481,57.735102],[12.023626,57.736079],[12.023637,57.736285],[12.02372,57.737744],[12.023823,57.738107],[12.024037,57.738552],[12.026868,57.738231],[12.026927,57.738307],[12.026987,57.738383],[12.027051,57.738458],[12.027117,57.738532],[12.027186,57.738606],[12.027396,57.738825],[12.02856,57.74004],[12.028457,57.74006],[12.027723,57.740176],[12.027893,57.740486],[12.027797,57.740501],[12.027886,57.740664],[12.02823,57.74129],[12.028165,57.7413],[12.028227,57.741412],[12.028651,57.741686],[12.02893,57.742078],[12.029102,57.742134],[12.029069,57.742169],[12.029033,57.742204],[12.028995,57.742238],[12.028984,57.742246],[12.028969,57.742253],[12.028954,57.742258],[12.028935,57.742262],[12.028917,57.742264],[12.028898,57.742263],[12.028767,57.742255],[12.028706,57.742252],[12.028645,57.742253],[12.028497,57.742257],[12.028339,57.742323],[12.028093,57.742425],[12.027987,57.742469],[12.02764,57.7427],[12.027408,57.742854],[12.027039,57.743106],[12.0261,57.743642],[12.024362,57.74424],[12.023576,57.744509],[12.023836,57.7447],[12.022979,57.744996],[12.022651,57.744817],[12.020238,57.745669],[12.019858,57.745792],[12.01957,57.74588],[12.018936,57.746084],[12.016011,57.746676]]]}},{"type":"Feature","properties":{"kod":"14800224","namn":"Östra Göteborg, Kortedala Södra"},"geometry":{"type":"Polygon","coordinates":[[[12.037747,57.747845],[12.037722,57.747857],[12.037649,57.747884],[12.037571,57.747905],[12.037486,57.74792],[12.037398,57.747927],[12.037336,57.747928],[12.037072,57.747924],[12.035527,57.747874],[12.034759,57.746485],[12.034252,57.745565],[12.034244,57.745464],[12.034296,57.74533],[12.034226,57.745226],[12.032996,57.74554],[12.032481,57.745767],[12.032347,57.745823],[12.032047,57.746038],[12.031219,57.746708],[12.030874,57.746914],[12.030577,57.747051],[12.030358,57.747141],[12.030139,57.747208],[12.029877,57.747269],[12.029628,57.746752],[12.029639,57.746307],[12.029717,57.745551],[12.027996,57.745722],[12.027876,57.745402],[12.026897,57.745482],[12.026099,57.745494],[12.025446,57.745274],[12.024846,57.745],[12.024397,57.74515],[12.023836,57.7447],[12.023576,57.744509],[12.024362,57.74424],[12.0261,57.743642],[12.027039,57.743106],[12.027408,57.742854],[12.02764,57.7427],[12.027987,57.742469],[12.028093,57.742425],[12.028339,57.742323],[12.028497,57.742257],[12.028645,57.742253],[12.028706,57.742252],[12.028767,57.742255],[12.028898,57.742263],[12.028917,57.742264],[12.028935,57.742262],[12.028954,57.742258],[12.028969,57.742253],[12.028984,57.742246],[12.028995,57.742238],[12.029033,57.742204],[12.029069,57.742169],[12.029102,57.742134],[12.02893,57.742078],[12.029096,57.742009],[12.029464,57.741782],[12.029573,57.741729],[12.029877,57.741952],[12.031152,57.742873],[12.032346,57.743739],[12.032424,57.743659],[12.032978,57.74304],[12.033425,57.742891],[12.0341,57.742698],[12.034069,57.742641],[12.034701,57.742618],[12.034854,57.742856],[12.035289,57.74327],[12.035459,57.743472],[12.035546,57.743585],[12.037203,57.743639],[12.038194,57.744122],[12.039177,57.744267],[12.038906,57.744688],[12.039018,57.744838],[12.039282,57.744767],[12.039512,57.744985],[12.039061,57.745459],[12.039262,57.745778],[12.039248,57.746255],[12.039233,57.74655],[12.039295,57.74691],[12.040387,57.746907],[12.040498,57.74691],[12.040632,57.746921],[12.040723,57.746932],[12.040787,57.746943],[12.040852,57.746955],[12.040915,57.746969],[12.040976,57.746984],[12.041425,57.747106],[12.041448,57.747111],[12.041481,57.747115],[12.041506,57.747115],[12.04154,57.747113],[12.041599,57.747101],[12.041629,57.747143],[12.04081,57.747323],[12.040784,57.747329],[12.040089,57.747482],[12.040033,57.747492],[12.039986,57.747498],[12.039928,57.747505],[12.03987,57.74751],[12.039799,57.747515],[12.039739,57.747516],[12.039691,57.747516],[12.039632,57.747515],[12.039561,57.747511],[12.039022,57.747476],[12.038923,57.747471],[12.038821,57.747473],[12.038717,57.74748],[12.038621,57.747492],[12.038308,57.747542],[12.038238,57.747555],[12.038172,57.747575],[12.038111,57.7476],[12.038058,57.74763],[12.03801,57.747665],[12.037825,57.747799],[12.037777,57.74783],[12.037747,57.747845]]]}},{"type":"Feature","properties":{"kod":"14800225","namn":"Östra Göteborg, Månadsparken"},"geometry":{"type":"Polygon","coordinates":[[[12.034932,57.750143],[12.03464,57.750407],[12.034419,57.750938],[12.033917,57.75085],[12.033138,57.749985],[12.032823,57.75013],[12.032584,57.750382],[12.032184,57.750472],[12.031562,57.750534],[12.030685,57.750648],[12.03036,57.750738],[12.030284,57.75019],[12.029835,57.749886],[12.029191,57.749886],[12.028743,57.750016],[12.028597,57.750161],[12.028445,57.750365],[12.028221,57.750511],[12.028007,57.750425],[12.027825,57.75033],[12.027714,57.750249],[12.02756,57.750139],[12.027194,57.749802],[12.027026,57.749714],[12.026759,57.749643],[12.02687,57.749494],[12.027417,57.747837],[12.027497,57.747696],[12.027619,57.747614],[12.027811,57.747517],[12.028099,57.747419],[12.028291,57.747382],[12.028512,57.747358],[12.029284,57.747329],[12.029676,57.747289],[12.029877,57.747269],[12.030139,57.747208],[12.030358,57.747141],[12.030577,57.747051],[12.030874,57.746914],[12.031219,57.746708],[12.032047,57.746038],[12.032347,57.745823],[12.032481,57.745767],[12.032996,57.74554],[12.034226,57.745226],[12.034296,57.74533],[12.034244,57.745464],[12.034252,57.745565],[12.034759,57.746485],[12.035527,57.747874],[12.037072,57.747924],[12.037336,57.747928],[12.037398,57.747927],[12.037486,57.74792],[12.037571,57.747905],[12.037649,57.747884],[12.037722,57.747857],[12.037747,57.747845],[12.037747,57.747845],[12.037747,57.747845],[12.03698,57.749164],[12.036657,57.749721],[12.035311,57.749988],[12.034932,57.750143]]]}},{"type":"Feature","properties":{"kod":"14800226","namn":"Östra Göteborg, Gregorianska G. m fl"},"geometry":{"type":"Polygon","coordinates":[[[12.027417,57.747837],[12.02627,57.748086],[12.025562,57.748308],[12.025236,57.748182],[12.024765,57.748206],[12.024405,57.748381],[12.024349,57.748825],[12.024449,57.749062],[12.024779,57.749238],[12.025183,57.749294],[12.025213,57.749671],[12.024361,57.749879],[12.02453,57.750137],[12.024479,57.750351],[12.02389,57.750072],[12.023418,57.749777],[12.023223,57.749804],[12.023123,57.749821],[12.022171,57.749809],[12.021672,57.749734],[12.021522,57.749693],[12.021423,57.749607],[12.021392,57.749464],[12.021358,57.749267],[12.021309,57.749183],[12.021026,57.749235],[12.018949,57.748079],[12.018589,57.748083],[12.018213,57.748189],[12.0171,57.747669],[12.017476,57.747427],[12.016011,57.746676],[12.018936,57.746084],[12.01957,57.74588],[12.019858,57.745792],[12.020238,57.745669],[12.022651,57.744817],[12.022979,57.744996],[12.023836,57.7447],[12.024397,57.74515],[12.024846,57.745],[12.025446,57.745274],[12.026099,57.745494],[12.026897,57.745482],[12.027876,57.745402],[12.027996,57.745722],[12.029717,57.745551],[12.029639,57.746307],[12.029628,57.746752],[12.029877,57.747269],[12.029676,57.747289],[12.029284,57.747329],[12.028512,57.747358],[12.028291,57.747382],[12.028099,57.747419],[12.027811,57.747517],[12.027619,57.747614],[12.027497,57.747696],[12.027417,57.747837]]]}},{"type":"Feature","properties":{"kod":"14800227","namn":"Östra Göteborg, Kortedala Västra"},"geometry":{"type":"Polygon","coordinates":[[[12.027776,57.756964],[12.027608,57.756847],[12.027583,57.756924],[12.027528,57.757235],[12.027113,57.757214],[12.027101,57.75727],[12.027009,57.75754],[12.026917,57.757743],[12.026687,57.757936],[12.026457,57.758103],[12.026149,57.758219],[12.025793,57.758325],[12.025029,57.75849],[12.02413,57.758677],[12.023764,57.758819],[12.023437,57.758971],[12.023109,57.759119],[12.022811,57.759208],[12.022288,57.759331],[12.02167,57.759443],[12.020964,57.759587],[12.020499,57.759652],[12.020034,57.759665],[12.019683,57.759631],[12.01909,57.759551],[12.018819,57.759532],[12.016543,57.755056],[12.015241,57.752542],[12.015154,57.752383],[12.015098,57.752288],[12.014908,57.75221],[12.01484,57.752117],[12.014879,57.752066],[12.014969,57.752027],[12.01485,57.751936],[12.014828,57.751862],[12.014774,57.751769],[12.014701,57.751674],[12.014565,57.751565],[12.014456,57.75148],[12.014442,57.751411],[12.014477,57.751343],[12.014487,57.751244],[12.014473,57.751124],[12.014449,57.75107],[12.01427,57.750903],[12.014219,57.750811],[12.014121,57.75072],[12.014106,57.750617],[12.014098,57.75058],[12.014059,57.750398],[12.014044,57.750178],[12.014027,57.750046],[12.014035,57.749901],[12.014027,57.749511],[12.01402,57.749443],[12.01402,57.749154],[12.014028,57.748869],[12.014029,57.748684],[12.014001,57.748531],[12.014001,57.748459],[12.014006,57.748286],[12.014008,57.748203],[12.014054,57.748171],[12.014053,57.747936],[12.014009,57.747705],[12.013924,57.747542],[12.013879,57.747419],[12.013872,57.747235],[12.01402,57.747055],[12.016011,57.746676],[12.017476,57.747427],[12.0171,57.747669],[12.018213,57.748189],[12.018589,57.748083],[12.018949,57.748079],[12.021026,57.749235],[12.021309,57.749183],[12.021358,57.749267],[12.021392,57.749464],[12.021423,57.749607],[12.021522,57.749693],[12.021672,57.749734],[12.022171,57.749809],[12.023123,57.749821],[12.023223,57.749804],[12.023418,57.749777],[12.02389,57.750072],[12.024479,57.750351],[12.024308,57.75049],[12.023701,57.750894],[12.024553,57.751259],[12.024814,57.751372],[12.02522,57.751546],[12.026874,57.75251],[12.027333,57.752406],[12.028277,57.752805],[12.02849,57.752895],[12.028761,57.75301],[12.029426,57.753346],[12.029948,57.753809],[12.030326,57.754317],[12.030589,57.754602],[12.030775,57.754828],[12.030804,57.755223],[12.030356,57.756434],[12.030249,57.756666],[12.029443,57.756407],[12.029283,57.756347],[12.028958,57.756708],[12.028642,57.756629],[12.028325,57.75655],[12.028019,57.756781],[12.027776,57.756964]]]}},{"type":"Feature","properties":{"kod":"14800228","namn":"Östra Göteborg, Kortedala Torg"},"geometry":{"type":"Polygon","coordinates":[[[12.032584,57.750382],[12.033416,57.751731],[12.033495,57.752038],[12.032333,57.752798],[12.03256,57.75299],[12.033375,57.753461],[12.03283,57.753727],[12.032618,57.753722],[12.032434,57.753614],[12.032143,57.753443],[12.03195,57.753331],[12.030924,57.753458],[12.030733,57.752989],[12.030013,57.753135],[12.029426,57.753346],[12.028761,57.75301],[12.02849,57.752895],[12.028277,57.752805],[12.027333,57.752406],[12.026874,57.75251],[12.02522,57.751546],[12.024814,57.751372],[12.024553,57.751259],[12.023701,57.750894],[12.024308,57.75049],[12.024479,57.750351],[12.02453,57.750137],[12.024361,57.749879],[12.025213,57.749671],[12.025183,57.749294],[12.024779,57.749238],[12.024449,57.749062],[12.024349,57.748825],[12.024405,57.748381],[12.024765,57.748206],[12.025236,57.748182],[12.025562,57.748308],[12.02627,57.748086],[12.027417,57.747837],[12.02687,57.749494],[12.026759,57.749643],[12.027026,57.749714],[12.027194,57.749802],[12.02756,57.750139],[12.027714,57.750249],[12.027825,57.75033],[12.028007,57.750425],[12.028221,57.750511],[12.028445,57.750365],[12.028597,57.750161],[12.028743,57.750016],[12.029191,57.749886],[12.029835,57.749886],[12.030284,57.75019],[12.03036,57.750738],[12.030685,57.750648],[12.031562,57.750534],[12.032184,57.750472],[12.032584,57.750382]]]}},{"type":"Feature","properties":{"kod":"14800229","namn":"Östra Göteborg, Förstamajgatan m fl"},"geometry":{"type":"Polygon","coordinates":[[[12.038204,57.756627],[12.037893,57.756743],[12.037613,57.756846],[12.037334,57.756931],[12.03711,57.756977],[12.036906,57.757002],[12.03597,57.757035],[12.034759,57.757074],[12.03405,57.7571],[12.033247,57.757186],[12.033202,57.756826],[12.033359,57.756339],[12.033651,57.756249],[12.034494,57.756315],[12.034314,57.756003],[12.032847,57.755101],[12.032595,57.754867],[12.032004,57.754319],[12.032434,57.753614],[12.032618,57.753722],[12.03283,57.753727],[12.033375,57.753461],[12.03256,57.75299],[12.032333,57.752798],[12.033495,57.752038],[12.033416,57.751731],[12.032584,57.750382],[12.032823,57.75013],[12.033138,57.749985],[12.033917,57.75085],[12.034419,57.750938],[12.03464,57.750407],[12.034932,57.750143],[12.035311,57.749988],[12.035319,57.750109],[12.035574,57.750418],[12.035661,57.750595],[12.035762,57.750831],[12.03611,57.751648],[12.036183,57.751847],[12.036311,57.752053],[12.036467,57.752258],[12.036707,57.752501],[12.036876,57.752655],[12.037212,57.752889],[12.037575,57.753101],[12.037874,57.753243],[12.038538,57.75359],[12.03893,57.753809],[12.039362,57.754021],[12.039838,57.75428],[12.040078,57.754568],[12.040138,57.754872],[12.040199,57.755169],[12.040349,57.755513],[12.040589,57.755753],[12.040919,57.756009],[12.041421,57.756314],[12.041616,57.75657],[12.041661,57.756938],[12.041557,57.757178],[12.040815,57.757018],[12.040242,57.756796],[12.039545,57.756502],[12.039028,57.75646],[12.038204,57.756627]]]}},{"type":"Feature","properties":{"kod":"14800230","namn":"Östra Göteborg, Kortedala Östra"},"geometry":{"type":"Polygon","coordinates":[[[12.046344,57.757833],[12.046548,57.759208],[12.046069,57.759399],[12.044076,57.759161],[12.04209,57.75854],[12.040471,57.757667],[12.040815,57.757018],[12.041557,57.757178],[12.041661,57.756938],[12.041616,57.75657],[12.041421,57.756314],[12.040919,57.756009],[12.040589,57.755753],[12.040349,57.755513],[12.040199,57.755169],[12.040138,57.754872],[12.040078,57.754568],[12.039838,57.75428],[12.039362,57.754021],[12.03893,57.753809],[12.038538,57.75359],[12.037874,57.753243],[12.037575,57.753101],[12.037212,57.752889],[12.036876,57.752655],[12.036707,57.752501],[12.036467,57.752258],[12.036311,57.752053],[12.036183,57.751847],[12.03611,57.751648],[12.035762,57.750831],[12.035661,57.750595],[12.035574,57.750418],[12.035319,57.750109],[12.035311,57.749988],[12.036657,57.749721],[12.03698,57.749164],[12.037747,57.747845],[12.037747,57.747845],[12.037747,57.747845],[12.037777,57.74783],[12.037825,57.747799],[12.03801,57.747665],[12.038058,57.74763],[12.038111,57.7476],[12.038172,57.747575],[12.038238,57.747555],[12.038308,57.747542],[12.038621,57.747492],[12.038717,57.74748],[12.038821,57.747473],[12.038923,57.747471],[12.039022,57.747476],[12.039561,57.747511],[12.039632,57.747515],[12.039691,57.747516],[12.039739,57.747516],[12.039799,57.747515],[12.03987,57.74751],[12.039928,57.747505],[12.039986,57.747498],[12.040033,57.747492],[12.040089,57.747482],[12.040784,57.747329],[12.046811,57.747455],[12.046969,57.747475],[12.04761,57.747581],[12.04747,57.747771],[12.047409,57.747852],[12.047352,57.747934],[12.047299,57.748017],[12.047249,57.7481],[12.047236,57.7481],[12.047212,57.748143],[12.047182,57.748143],[12.047079,57.748326],[12.047042,57.748399],[12.047007,57.748472],[12.046975,57.748546],[12.046946,57.748619],[12.04692,57.748694],[12.046897,57.748768],[12.046877,57.748843],[12.046859,57.748918],[12.046844,57.748993],[12.046832,57.749068],[12.046823,57.749144],[12.046817,57.749219],[12.046813,57.749294],[12.046813,57.74937],[12.046815,57.749445],[12.046821,57.749521],[12.046829,57.749596],[12.04684,57.749672],[12.046854,57.749747],[12.046871,57.749822],[12.04689,57.749896],[12.046923,57.750004],[12.046957,57.750111],[12.046995,57.750218],[12.047035,57.750324],[12.047079,57.750431],[12.047126,57.750536],[12.047176,57.750642],[12.047229,57.750746],[12.047284,57.750851],[12.047342,57.750955],[12.047403,57.751059],[12.047468,57.751162],[12.047621,57.751403],[12.046081,57.751918],[12.046167,57.751927],[12.046171,57.751933],[12.046174,57.75194],[12.046178,57.751946],[12.046182,57.751952],[12.046186,57.751958],[12.046191,57.751965],[12.046195,57.751971],[12.0462,57.751977],[12.046204,57.751983],[12.046209,57.751989],[12.046214,57.751995],[12.046218,57.752002],[12.046223,57.752008],[12.046229,57.752014],[12.046234,57.75202],[12.04624,57.752025],[12.046245,57.752031],[12.046251,57.752037],[12.046257,57.752043],[12.046263,57.752049],[12.046268,57.752055],[12.046275,57.752061],[12.046281,57.752066],[12.046287,57.752072],[12.046294,57.752078],[12.0463,57.752083],[12.046307,57.752089],[12.046314,57.752095],[12.04632,57.7521],[12.046328,57.752106],[12.046335,57.752111],[12.046342,57.752116],[12.04635,57.752122],[12.046357,57.752127],[12.046364,57.752132],[12.046372,57.752137],[12.04638,57.752142],[12.046388,57.752148],[12.046396,57.752153],[12.046404,57.752158],[12.046412,57.752163],[12.04642,57.752168],[12.046428,57.752173],[12.046437,57.752178],[12.046445,57.752182],[12.046454,57.752187],[12.046463,57.752192],[12.046472,57.752197],[12.046481,57.752201],[12.046489,57.752205],[12.046498,57.75221],[12.046508,57.752215],[12.046517,57.752219],[12.046526,57.752223],[12.046529,57.752224],[12.046471,57.752244],[12.046495,57.752265],[12.046536,57.752278],[12.046589,57.752327],[12.046634,57.752372],[12.046702,57.752501],[12.046827,57.752655],[12.046815,57.752853],[12.047113,57.753726],[12.047132,57.753775],[12.047201,57.753866],[12.047259,57.753956],[12.047357,57.754081],[12.047708,57.754315],[12.048454,57.754563],[12.048661,57.75468],[12.048757,57.754755],[12.048874,57.754869],[12.04889,57.75498],[12.048346,57.755244],[12.04764,57.755065],[12.047185,57.755035],[12.046701,57.755071],[12.046277,57.755154],[12.045916,57.75527],[12.045706,57.755349],[12.044605,57.755501],[12.045545,57.756572],[12.046344,57.757833]]]}},{"type":"Feature","properties":{"kod":"14800231","namn":"Östra Göteborg, Månadsgatorna m fl"},"geometry":{"type":"Polygon","coordinates":[[[12.048557,57.766974],[12.048414,57.767018],[12.048387,57.767026],[12.048359,57.767032],[12.04833,57.767037],[12.048301,57.76704],[12.048271,57.767042],[12.048241,57.767043],[12.04821,57.767041],[12.048181,57.767039],[12.048151,57.767035],[12.048122,57.76703],[12.048095,57.767023],[12.048068,57.767015],[12.048044,57.767007],[12.04802,57.766996],[12.047815,57.766897],[12.047789,57.766886],[12.047762,57.766876],[12.047732,57.766868],[12.047701,57.76686],[12.047669,57.766855],[12.047636,57.766852],[12.047603,57.766851],[12.04757,57.766851],[12.047392,57.766857],[12.047241,57.766861],[12.047202,57.76686],[12.047162,57.766853],[12.047119,57.76684],[12.047089,57.766826],[12.046927,57.766729],[12.046364,57.766943],[12.04545,57.766667],[12.045358,57.766536],[12.043661,57.766023],[12.043268,57.765597],[12.043164,57.765538],[12.043151,57.765524],[12.04314,57.765508],[12.043133,57.765493],[12.043128,57.765477],[12.043126,57.765461],[12.043127,57.765444],[12.043131,57.765428],[12.043137,57.765412],[12.043147,57.765397],[12.043159,57.765382],[12.043173,57.765368],[12.043191,57.765354],[12.043211,57.765342],[12.043232,57.76533],[12.043256,57.76532],[12.043281,57.765311],[12.043307,57.765303],[12.043335,57.765297],[12.043334,57.765261],[12.044088,57.765208],[12.0447,57.765033],[12.045475,57.76456],[12.04576,57.764298],[12.044849,57.764015],[12.042503,57.76347],[12.042911,57.762946],[12.041475,57.762611],[12.041898,57.76179],[12.041486,57.76172],[12.041036,57.761663],[12.040889,57.7616],[12.040018,57.761949],[12.039685,57.761748],[12.039662,57.760967],[12.039785,57.760739],[12.040358,57.760624],[12.039784,57.759736],[12.039356,57.759195],[12.038747,57.758673],[12.038282,57.758239],[12.03786,57.758159],[12.037539,57.757806],[12.037883,57.757679],[12.037611,57.757399],[12.037317,57.75706],[12.037196,57.757083],[12.037111,57.756978],[12.03711,57.756977],[12.037334,57.756931],[12.037613,57.756846],[12.037893,57.756743],[12.038204,57.756627],[12.039028,57.75646],[12.039545,57.756502],[12.040242,57.756796],[12.040815,57.757018],[12.040471,57.757667],[12.04209,57.75854],[12.044076,57.759161],[12.046069,57.759399],[12.046238,57.759799],[12.046461,57.759961],[12.046932,57.760247],[12.047148,57.760589],[12.04732,57.760786],[12.047573,57.760892],[12.047771,57.761214],[12.04792,57.761461],[12.047946,57.761607],[12.048177,57.761758],[12.048243,57.761801],[12.048504,57.762229],[12.049016,57.762585],[12.049065,57.762653],[12.050085,57.765037],[12.049259,57.765642],[12.049054,57.765775],[12.049149,57.765848],[12.048563,57.766069],[12.048337,57.766494],[12.048557,57.766974]]]}},{"type":"Feature","properties":{"kod":"14800232","namn":"Östra Göteborg, Adventsparken Östra"},"geometry":{"type":"Polygon","coordinates":[[[12.040018,57.761949],[12.039964,57.762472],[12.038114,57.762705],[12.037597,57.762633],[12.036917,57.762168],[12.036671,57.761586],[12.035736,57.761177],[12.035392,57.761081],[12.0358,57.76058],[12.035065,57.760217],[12.035459,57.759831],[12.03555,57.759613],[12.03615,57.759531],[12.03654,57.75907],[12.037184,57.759094],[12.037204,57.759005],[12.037609,57.759017],[12.037729,57.758457],[12.038747,57.758673],[12.039356,57.759195],[12.039784,57.759736],[12.040358,57.760624],[12.039785,57.760739],[12.039662,57.760967],[12.039685,57.761748],[12.040018,57.761949]]]}},{"type":"Feature","properties":{"kod":"14800233","namn":"Östra Göteborg, Adventsparken Västra"},"geometry":{"type":"Polygon","coordinates":[[[12.035392,57.761081],[12.035736,57.761177],[12.035676,57.761452],[12.03397,57.761433],[12.033723,57.761853],[12.033555,57.76216],[12.032232,57.762079],[12.032185,57.762037],[12.031825,57.761724],[12.031757,57.761543],[12.031492,57.760835],[12.031853,57.76077],[12.031989,57.760876],[12.032391,57.760891],[12.033112,57.759912],[12.033301,57.759502],[12.033649,57.758487],[12.034008,57.758361],[12.034412,57.757526],[12.03405,57.7571],[12.034759,57.757074],[12.03597,57.757035],[12.036906,57.757002],[12.03711,57.756977],[12.037111,57.756978],[12.037196,57.757083],[12.037317,57.75706],[12.037611,57.757399],[12.037883,57.757679],[12.037539,57.757806],[12.03786,57.758159],[12.038282,57.758239],[12.038747,57.758673],[12.037729,57.758457],[12.037609,57.759017],[12.037204,57.759005],[12.037184,57.759094],[12.03654,57.75907],[12.03615,57.759531],[12.03555,57.759613],[12.035459,57.759831],[12.035065,57.760217],[12.0358,57.76058],[12.035392,57.761081]]]}},{"type":"Feature","properties":{"kod":"14800234","namn":"Östra Göteborg, Söndagsgatan m fl"},"geometry":{"type":"Polygon","coordinates":[[[12.033112,57.759912],[12.032918,57.759872],[12.032077,57.760247],[12.031122,57.760212],[12.030358,57.760068],[12.029612,57.759869],[12.028741,57.759702],[12.028659,57.759332],[12.028031,57.758891],[12.027936,57.75783],[12.028173,57.75721],[12.027776,57.756964],[12.028019,57.756781],[12.028325,57.75655],[12.028642,57.756629],[12.028958,57.756708],[12.029283,57.756347],[12.029443,57.756407],[12.030249,57.756666],[12.030356,57.756434],[12.030804,57.755223],[12.030775,57.754828],[12.030589,57.754602],[12.030326,57.754317],[12.029948,57.753809],[12.029426,57.753346],[12.030013,57.753135],[12.030733,57.752989],[12.030924,57.753458],[12.03195,57.753331],[12.032143,57.753443],[12.032434,57.753614],[12.032004,57.754319],[12.032595,57.754867],[12.032847,57.755101],[12.034314,57.756003],[12.034494,57.756315],[12.033651,57.756249],[12.033359,57.756339],[12.033202,57.756826],[12.033247,57.757186],[12.03405,57.7571],[12.034412,57.757526],[12.034008,57.758361],[12.033649,57.758487],[12.033301,57.759502],[12.033112,57.759912]]]}},{"type":"Feature","properties":{"kod":"14800235","namn":"Östra Göteborg, Kortedala Norra"},"geometry":{"type":"Polygon","coordinates":[[[12.040202,57.76852],[12.039553,57.768987],[12.039296,57.768912],[12.039145,57.768757],[12.039126,57.768592],[12.03899,57.768329],[12.03893,57.768058],[12.038703,57.767691],[12.038371,57.76744],[12.037563,57.767101],[12.037039,57.767006],[12.035664,57.76682],[12.035079,57.766834],[12.034835,57.766803],[12.034639,57.766778],[12.034415,57.766805],[12.034223,57.766826],[12.033941,57.766831],[12.033702,57.766896],[12.033174,57.767184],[12.032672,57.767332],[12.032424,57.76735],[12.032031,57.767182],[12.031829,57.767029],[12.031631,57.766758],[12.031543,57.766639],[12.031229,57.766477],[12.03098,57.766423],[12.030442,57.7664],[12.030256,57.766363],[12.030233,57.765956],[12.030157,57.765877],[12.030021,57.765832],[12.029687,57.765873],[12.029633,57.765876],[12.029321,57.765865],[12.029171,57.765861],[12.028567,57.765818],[12.02843,57.765809],[12.027976,57.765789],[12.027262,57.765769],[12.027041,57.765721],[12.027029,57.765717],[12.026765,57.765638],[12.026639,57.765554],[12.026561,57.765384],[12.026454,57.765166],[12.02609,57.764943],[12.025868,57.76487],[12.025084,57.764779],[12.024694,57.764802],[12.024445,57.764758],[12.024236,57.764639],[12.024236,57.764639],[12.024108,57.76463],[12.023529,57.764657],[12.022294,57.764589],[12.022255,57.764588],[12.021999,57.764543],[12.021623,57.764543],[12.021429,57.764593],[12.021328,57.764542],[12.021297,57.76431],[12.021298,57.764307],[12.021181,57.764135],[12.021152,57.764119],[12.018819,57.759532],[12.01909,57.759551],[12.019683,57.759631],[12.020034,57.759665],[12.020499,57.759652],[12.020964,57.759587],[12.02167,57.759443],[12.022288,57.759331],[12.022811,57.759208],[12.023109,57.759119],[12.023437,57.758971],[12.023764,57.758819],[12.02413,57.758677],[12.025029,57.75849],[12.025793,57.758325],[12.026149,57.758219],[12.026457,57.758103],[12.026687,57.757936],[12.026917,57.757743],[12.027009,57.75754],[12.027101,57.75727],[12.027113,57.757214],[12.027528,57.757235],[12.027583,57.756924],[12.027608,57.756847],[12.027776,57.756964],[12.028173,57.75721],[12.027936,57.75783],[12.028031,57.758891],[12.028659,57.759332],[12.028741,57.759702],[12.029612,57.759869],[12.030358,57.760068],[12.031122,57.760212],[12.032077,57.760247],[12.032918,57.759872],[12.033112,57.759912],[12.032391,57.760891],[12.031989,57.760876],[12.031853,57.76077],[12.031492,57.760835],[12.031757,57.761543],[12.031825,57.761724],[12.032185,57.762037],[12.032232,57.762079],[12.033555,57.76216],[12.033723,57.761853],[12.03397,57.761433],[12.035676,57.761452],[12.035736,57.761177],[12.036671,57.761586],[12.036917,57.762168],[12.037597,57.762633],[12.038114,57.762705],[12.039964,57.762472],[12.040018,57.761949],[12.040889,57.7616],[12.041036,57.761663],[12.041486,57.76172],[12.041898,57.76179],[12.041475,57.762611],[12.042911,57.762946],[12.042503,57.76347],[12.044849,57.764015],[12.04576,57.764298],[12.045475,57.76456],[12.0447,57.765033],[12.044088,57.765208],[12.043334,57.765261],[12.043335,57.765297],[12.043307,57.765303],[12.043281,57.765311],[12.043256,57.76532],[12.043232,57.76533],[12.043211,57.765342],[12.043191,57.765354],[12.043173,57.765368],[12.043159,57.765382],[12.043147,57.765397],[12.043137,57.765412],[12.043131,57.765428],[12.043127,57.765444],[12.043126,57.765461],[12.043128,57.765477],[12.043133,57.765493],[12.04314,57.765508],[12.043151,57.765524],[12.043164,57.765538],[12.043268,57.765597],[12.043661,57.766023],[12.045358,57.766536],[12.04545,57.766667],[12.046364,57.766943],[12.046927,57.766729],[12.047089,57.766826],[12.047119,57.76684],[12.047162,57.766853],[12.047202,57.76686],[12.047241,57.766861],[12.047392,57.766857],[12.046182,57.767643],[12.04553,57.768815],[12.045343,57.768749],[12.044586,57.768839],[12.043949,57.768744],[12.043378,57.768787],[12.043141,57.768736],[12.042799,57.768767],[12.042546,57.768854],[12.04222,57.768866],[12.041713,57.768739],[12.041627,57.76872],[12.041073,57.768675],[12.040517,57.768494],[12.040202,57.76852]]]}},{"type":"Feature","properties":{"kod":"14800301","namn":"Östra Centrum, Fräntorp"},"geometry":{"type":"Polygon","coordinates":[[[12.054102,57.733865],[12.053786,57.733836],[12.052875,57.733787],[12.052367,57.733729],[12.051669,57.733684],[12.050909,57.733579],[12.049839,57.733504],[12.04883,57.733329],[12.045479,57.732856],[12.04236,57.732456],[12.040562,57.732108],[12.039133,57.731944],[12.038659,57.731899],[12.038264,57.731871],[12.037518,57.731849],[12.03601,57.731786],[12.035086,57.731768],[12.033531,57.731727],[12.03258,57.731673],[12.03228,57.731656],[12.032118,57.731641],[12.031958,57.731625],[12.031797,57.731606],[12.031638,57.731585],[12.030924,57.731487],[12.029441,57.731172],[12.029426,57.731169],[12.029413,57.731167],[12.029399,57.731163],[12.029385,57.73116],[12.029372,57.731157],[12.029358,57.731154],[12.029344,57.73115],[12.029331,57.731147],[12.029317,57.731143],[12.029304,57.73114],[12.029291,57.731136],[12.029277,57.731132],[12.029264,57.731129],[12.029251,57.731125],[12.029238,57.731121],[12.029225,57.731117],[12.029212,57.731113],[12.029199,57.731109],[12.029186,57.731105],[12.029173,57.7311],[12.029161,57.731096],[12.029148,57.731092],[12.029136,57.731087],[12.029123,57.731083],[12.029111,57.731079],[12.029099,57.731074],[12.029086,57.731069],[12.029074,57.731065],[12.029062,57.73106],[12.02905,57.731056],[12.029038,57.73105],[12.029026,57.731046],[12.029014,57.731041],[12.029003,57.731036],[12.028991,57.731031],[12.02898,57.731026],[12.028968,57.731021],[12.028957,57.731015],[12.028946,57.73101],[12.028934,57.731004],[12.028923,57.730999],[12.028913,57.730994],[12.028901,57.730988],[12.028891,57.730983],[12.02888,57.730977],[12.028869,57.730972],[12.028859,57.730966],[12.028848,57.73096],[12.028838,57.730954],[12.028828,57.730948],[12.028817,57.730942],[12.028808,57.730936],[12.028798,57.730931],[12.028788,57.730924],[12.028779,57.730918],[12.028769,57.730912],[12.028759,57.730906],[12.02875,57.7309],[12.028741,57.730894],[12.028731,57.730887],[12.028722,57.730881],[12.028713,57.730875],[12.028704,57.730868],[12.028695,57.730862],[12.028686,57.730855],[12.028678,57.730848],[12.028669,57.730842],[12.028661,57.730835],[12.028653,57.730828],[12.028645,57.730822],[12.028637,57.730815],[12.028629,57.730808],[12.028622,57.730801],[12.028613,57.730795],[12.028606,57.730788],[12.028599,57.730781],[12.028591,57.730774],[12.028584,57.730767],[12.028577,57.73076],[12.028559,57.730741],[12.028549,57.730732],[12.028539,57.730723],[12.02853,57.730714],[12.02852,57.730705],[12.02851,57.730696],[12.0285,57.730687],[12.02849,57.730678],[12.02848,57.730669],[12.028469,57.73066],[12.028459,57.730652],[12.028448,57.730643],[12.028438,57.730634],[12.028426,57.730626],[12.028416,57.730617],[12.028405,57.730608],[12.028394,57.7306],[12.028383,57.730591],[12.028371,57.730583],[12.028359,57.730574],[12.028348,57.730566],[12.028336,57.730557],[12.028324,57.730549],[12.028312,57.730541],[12.028301,57.730533],[12.028289,57.730524],[12.028277,57.730516],[12.028264,57.730508],[12.028252,57.7305],[12.028239,57.730492],[12.028226,57.730484],[12.028214,57.730477],[12.028201,57.730469],[12.028188,57.730461],[12.028175,57.730453],[12.028162,57.730445],[12.028148,57.730438],[12.028135,57.73043],[12.028121,57.730422],[12.028109,57.730415],[12.028095,57.730408],[12.028081,57.7304],[12.028067,57.730393],[12.028053,57.730385],[12.028039,57.730378],[12.028025,57.730371],[12.028011,57.730364],[12.027996,57.730357],[12.027983,57.730349],[12.027968,57.730343],[12.027954,57.730335],[12.027938,57.730329],[12.027924,57.730322],[12.027909,57.730315],[12.027894,57.730309],[12.02788,57.730302],[12.027864,57.730295],[12.027849,57.730288],[12.027834,57.730282],[12.027818,57.730276],[12.027803,57.730269],[12.027788,57.730263],[12.027773,57.730256],[12.027756,57.73025],[12.027741,57.730244],[12.027725,57.730238],[12.027709,57.730232],[12.027694,57.730226],[12.027678,57.73022],[12.027662,57.730214],[12.027646,57.730208],[12.027629,57.730202],[12.027613,57.730197],[12.027596,57.730191],[12.02758,57.730186],[12.027564,57.73018],[12.027547,57.730174],[12.02753,57.730169],[12.027513,57.730164],[12.027496,57.730158],[12.027479,57.730153],[12.027462,57.730148],[12.027445,57.730143],[12.027429,57.730138],[12.027412,57.730133],[12.027394,57.730128],[12.027377,57.730123],[12.02736,57.730118],[12.027342,57.730114],[12.027325,57.730109],[12.027307,57.730104],[12.02729,57.7301],[12.027272,57.730095],[12.027254,57.730091],[12.027237,57.730086],[12.027219,57.730082],[12.027201,57.730078],[12.027183,57.730074],[12.027165,57.73007],[12.027147,57.730066],[12.027129,57.730062],[12.027111,57.730058],[12.027093,57.730054],[12.027075,57.730051],[12.027056,57.730047],[12.027038,57.730043],[12.02702,57.73004],[12.027001,57.730036],[12.026983,57.730033],[12.026964,57.730029],[12.026946,57.730026],[12.026927,57.730023],[12.026909,57.73002],[12.026891,57.730017],[12.026871,57.730014],[12.026853,57.730011],[12.026835,57.730008],[12.026815,57.730005],[12.026797,57.730002],[12.026778,57.73],[12.026759,57.729997],[12.02674,57.729994],[12.026721,57.729992],[12.026702,57.72999],[12.026683,57.729987],[12.026664,57.729985],[12.026645,57.729983],[12.026626,57.729981],[12.026607,57.729979],[12.026587,57.729977],[12.026568,57.729975],[12.026549,57.729973],[12.02653,57.729971],[12.026511,57.72997],[12.026491,57.729968],[12.026472,57.729966],[12.026453,57.729965],[12.026434,57.729964],[12.026414,57.729962],[12.026395,57.729961],[12.026376,57.72996],[12.026356,57.729959],[12.026337,57.729957],[12.026317,57.729957],[12.026298,57.729956],[12.026279,57.729955],[12.026259,57.729954],[12.02624,57.729953],[12.026221,57.729953],[12.026201,57.729952],[12.026181,57.729952],[12.026161,57.729951],[12.026142,57.729951],[12.026123,57.729951],[12.026103,57.729951],[12.026084,57.72995],[12.026064,57.72995],[12.026045,57.72995],[12.026025,57.72995],[12.026006,57.72995],[12.025987,57.729951],[12.025968,57.729951],[12.025951,57.729951],[12.025933,57.729951],[12.025916,57.729951],[12.025898,57.729951],[12.025881,57.729951],[12.025863,57.729951],[12.025845,57.72995],[12.025827,57.72995],[12.02582,57.72995],[12.025041,57.729839],[12.02446,57.729662],[12.023685,57.729365],[12.022888,57.729188],[12.021473,57.7289],[12.02144,57.728893],[12.021406,57.728887],[12.021372,57.72888],[12.021339,57.728873],[12.021305,57.728866],[12.021272,57.728858],[12.021238,57.728851],[12.021205,57.728844],[12.021172,57.728836],[12.021138,57.728829],[12.021105,57.728821],[12.021072,57.728814],[12.021039,57.728806],[12.021006,57.728798],[12.020973,57.72879],[12.020939,57.728783],[12.020906,57.728775],[12.020874,57.728766],[12.020841,57.728758],[12.020809,57.728751],[12.020776,57.728742],[12.020743,57.728734],[12.020711,57.728726],[12.020678,57.728718],[12.020646,57.728709],[12.020613,57.7287],[12.020581,57.728692],[12.020549,57.728683],[12.020516,57.728674],[12.020484,57.728666],[12.020452,57.728657],[12.02042,57.728648],[12.020387,57.728639],[12.020356,57.728631],[12.020324,57.728621],[12.020292,57.728612],[12.020261,57.728603],[12.020228,57.728594],[12.020197,57.728584],[12.020165,57.728575],[12.020134,57.728566],[12.020102,57.728556],[12.020071,57.728547],[12.02004,57.728537],[12.019988,57.728522],[12.016871,57.72773],[12.016848,57.727725],[12.016826,57.72772],[12.016803,57.727714],[12.01678,57.727709],[12.016757,57.727704],[12.016734,57.727698],[12.01671,57.727693],[12.016688,57.727688],[12.016665,57.727683],[12.016641,57.727678],[12.016618,57.727673],[12.016594,57.727669],[12.016571,57.727664],[12.016548,57.727659],[12.016524,57.727655],[12.016501,57.72765],[12.016477,57.727646],[12.016454,57.727641],[12.01643,57.727637],[12.016407,57.727633],[12.016383,57.727629],[12.016359,57.727624],[12.016335,57.72762],[12.016311,57.727617],[12.016287,57.727612],[12.016263,57.727609],[12.016239,57.727605],[12.016215,57.727601],[12.016191,57.727598],[12.016167,57.727594],[12.016143,57.727591],[12.016119,57.727587],[12.016095,57.727584],[12.016071,57.72758],[12.016046,57.727577],[12.016022,57.727574],[12.015998,57.727571],[12.015974,57.727568],[12.01595,57.727565],[12.015925,57.727562],[12.015901,57.727559],[12.015876,57.727556],[12.015852,57.727554],[12.015827,57.727551],[12.015802,57.727549],[12.015778,57.727546],[12.015754,57.727544],[12.015729,57.727541],[12.015704,57.727539],[12.01568,57.727537],[12.015655,57.727535],[12.015631,57.727532],[12.015606,57.72753],[12.015581,57.727529],[12.015556,57.727527],[12.015531,57.727525],[12.015507,57.727523],[12.015482,57.727522],[12.015457,57.72752],[12.015432,57.727519],[12.015408,57.727518],[12.015383,57.727516],[12.011494,57.72739],[12.010699,57.72734],[12.010242,57.727325],[12.007852,57.727335],[12.00748,57.727337],[12.007252,57.727315],[12.007409,57.726689],[12.008331,57.724708],[12.008646,57.72403],[12.008877,57.723535],[12.009167,57.723622],[12.009259,57.723472],[12.009944,57.723657],[12.010783,57.723782],[12.011382,57.723835],[12.011591,57.723853],[12.013531,57.72406],[12.01563,57.7243],[12.015935,57.724404],[12.015947,57.724428],[12.016353,57.724442],[12.016642,57.724402],[12.01667,57.724452],[12.016783,57.724454],[12.017168,57.724434],[12.017216,57.724347],[12.018073,57.724327],[12.018299,57.724362],[12.019379,57.724296],[12.021473,57.724166],[12.02213,57.724046],[12.02244,57.723965],[12.022666,57.72401],[12.02377,57.723988],[12.024674,57.723994],[12.024651,57.724042],[12.02562,57.72411],[12.025826,57.724224],[12.029619,57.725008],[12.030796,57.725096],[12.031711,57.725281],[12.03382,57.725727],[12.038495,57.72674],[12.039543,57.726188],[12.040739,57.72543],[12.04247,57.725044],[12.042072,57.724484],[12.044524,57.723835],[12.045321,57.723605],[12.045348,57.723615],[12.045375,57.723624],[12.045405,57.723632],[12.045435,57.723638],[12.045467,57.723643],[12.045499,57.723646],[12.045532,57.723647],[12.045565,57.723646],[12.045598,57.723644],[12.045629,57.72364],[12.04566,57.723635],[12.045806,57.723605],[12.045953,57.723576],[12.046101,57.723549],[12.046249,57.723524],[12.046399,57.723499],[12.04655,57.723477],[12.046701,57.723456],[12.046853,57.723436],[12.047005,57.723418],[12.047159,57.723401],[12.047313,57.723386],[12.047466,57.723373],[12.047622,57.723361],[12.047776,57.72335],[12.047932,57.723341],[12.049682,57.72325],[12.049868,57.72324],[12.050526,57.723236],[12.051071,57.723287],[12.051069,57.723252],[12.051606,57.723293],[12.05476,57.723274],[12.056059,57.722948],[12.057621,57.721765],[12.05791,57.721882],[12.057963,57.721807],[12.057983,57.721776],[12.058033,57.721726],[12.058096,57.721684],[12.058212,57.721634],[12.058296,57.721603],[12.058424,57.721578],[12.058656,57.721555],[12.058881,57.721545],[12.059037,57.721557],[12.059208,57.721561],[12.059397,57.721525],[12.059435,57.721531],[12.059531,57.72154],[12.059628,57.721548],[12.059724,57.721554],[12.059822,57.721558],[12.059919,57.721561],[12.060017,57.721563],[12.060114,57.721562],[12.060211,57.72156],[12.060309,57.721557],[12.060406,57.721551],[12.060503,57.721545],[12.060597,57.721537],[12.060597,57.721537],[12.060435,57.721773],[12.058901,57.723996],[12.056576,57.727363],[12.055975,57.728233],[12.055722,57.7286],[12.054932,57.730361],[12.054916,57.730429],[12.054889,57.730543],[12.054632,57.731625],[12.054611,57.731716],[12.054102,57.733865]]]}},{"type":"Feature","properties":{"kod":"14800302","namn":"Östra Centrum, Vidkärr"},"geometry":{"type":"Polygon","coordinates":[[[12.044524,57.723835],[12.042072,57.724484],[12.04247,57.725044],[12.040739,57.72543],[12.039543,57.726188],[12.038495,57.72674],[12.03382,57.725727],[12.031711,57.725281],[12.031868,57.724359],[12.032338,57.724375],[12.032834,57.723663],[12.033059,57.723416],[12.033404,57.723231],[12.033654,57.723133],[12.033382,57.722882],[12.033865,57.722799],[12.034228,57.722479],[12.034472,57.722144],[12.035309,57.722272],[12.035519,57.721936],[12.035877,57.721995],[12.037138,57.722408],[12.037639,57.721896],[12.039111,57.721293],[12.040218,57.72141],[12.040095,57.721984],[12.041849,57.723248],[12.04233,57.723471],[12.042664,57.723666],[12.044314,57.723638],[12.044524,57.723835]]]}},{"type":"Feature","properties":{"kod":"14800303","namn":"Östra Centrum, Munkebäck Norra"},"geometry":{"type":"Polygon","coordinates":[[[12.032834,57.723663],[12.032338,57.724375],[12.031868,57.724359],[12.031711,57.725281],[12.030796,57.725096],[12.029619,57.725008],[12.025826,57.724224],[12.02562,57.72411],[12.024651,57.724042],[12.024674,57.723994],[12.02377,57.723988],[12.022666,57.72401],[12.02244,57.723965],[12.02213,57.724046],[12.021473,57.724166],[12.019379,57.724296],[12.019301,57.723817],[12.018738,57.723817],[12.018738,57.723566],[12.01874,57.723306],[12.01874,57.723284],[12.018741,57.723082],[12.018856,57.72308],[12.019065,57.723209],[12.019254,57.723245],[12.019358,57.723256],[12.020295,57.722962],[12.020411,57.722906],[12.020472,57.722853],[12.020616,57.722781],[12.020701,57.722707],[12.021008,57.722627],[12.021225,57.722593],[12.021313,57.722555],[12.021342,57.722574],[12.021398,57.722566],[12.021558,57.722562],[12.021685,57.722489],[12.021895,57.722489],[12.02205,57.722521],[12.022168,57.7224],[12.022588,57.721968],[12.022678,57.721876],[12.022905,57.721716],[12.023085,57.721475],[12.023097,57.721458],[12.023109,57.721441],[12.023219,57.721294],[12.023253,57.721249],[12.023289,57.721201],[12.023327,57.721149],[12.023382,57.721075],[12.023439,57.720999],[12.023962,57.720296],[12.024032,57.720367],[12.024389,57.720633],[12.025164,57.7206],[12.024904,57.721848],[12.025555,57.721918],[12.026545,57.721975],[12.027052,57.721085],[12.027166,57.721029],[12.027262,57.721],[12.02795,57.720906],[12.028113,57.72094],[12.028805,57.721082],[12.028914,57.721118],[12.029246,57.721295],[12.029825,57.721664],[12.03006,57.721779],[12.030737,57.722193],[12.031477,57.722646],[12.031721,57.722982],[12.031836,57.723298],[12.032538,57.723577],[12.032834,57.723663]]]}},{"type":"Feature","properties":{"kod":"14800304","namn":"Östra Centrum, Munkebäck Södra"},"geometry":{"type":"Polygon","coordinates":[[[12.033382,57.722882],[12.033654,57.723133],[12.033404,57.723231],[12.033059,57.723416],[12.032834,57.723663],[12.032538,57.723577],[12.031836,57.723298],[12.031721,57.722982],[12.031477,57.722646],[12.030737,57.722193],[12.03006,57.721779],[12.029825,57.721664],[12.029246,57.721295],[12.028914,57.721118],[12.028805,57.721082],[12.028113,57.72094],[12.02795,57.720906],[12.027262,57.721],[12.027166,57.721029],[12.027052,57.721085],[12.026545,57.721975],[12.025555,57.721918],[12.024904,57.721848],[12.025164,57.7206],[12.024389,57.720633],[12.024032,57.720367],[12.023962,57.720296],[12.02373,57.720058],[12.023739,57.720068],[12.023474,57.71985],[12.023534,57.719829],[12.023519,57.719811],[12.023409,57.719723],[12.023344,57.719745],[12.023313,57.719719],[12.023243,57.719664],[12.02317,57.719611],[12.023094,57.719558],[12.023015,57.719507],[12.022933,57.719457],[12.022565,57.71927],[12.022518,57.7193],[12.021805,57.718962],[12.021353,57.718776],[12.022203,57.718602],[12.023373,57.718295],[12.023787,57.718183],[12.02534,57.718078],[12.026258,57.718533],[12.02762,57.719419],[12.02878,57.720137],[12.031357,57.721521],[12.032363,57.722097],[12.033382,57.722882]]]}},{"type":"Feature","properties":{"kod":"14800305","namn":"Östra Centrum, Kålltorp Norra"},"geometry":{"type":"Polygon","coordinates":[[[12.035519,57.721936],[12.035309,57.722272],[12.034472,57.722144],[12.034228,57.722479],[12.033865,57.722799],[12.033382,57.722882],[12.032363,57.722097],[12.031357,57.721521],[12.02878,57.720137],[12.02762,57.719419],[12.026258,57.718533],[12.02534,57.718078],[12.025304,57.717265],[12.026873,57.717228],[12.026868,57.717997],[12.028129,57.71798],[12.030653,57.71798],[12.030471,57.718099],[12.030628,57.718507],[12.031916,57.719231],[12.032699,57.719742],[12.033646,57.720146],[12.034282,57.720781],[12.035556,57.721869],[12.035519,57.721936]]]}},{"type":"Feature","properties":{"kod":"14800306","namn":"Östra Centrum, Torpa"},"geometry":{"type":"Polygon","coordinates":[[[12.045321,57.723605],[12.044524,57.723835],[12.044314,57.723638],[12.042664,57.723666],[12.04233,57.723471],[12.041849,57.723248],[12.040095,57.721984],[12.040218,57.72141],[12.039111,57.721293],[12.037639,57.721896],[12.037138,57.722408],[12.035877,57.721995],[12.035519,57.721936],[12.035556,57.721869],[12.034282,57.720781],[12.033646,57.720146],[12.032699,57.719742],[12.031916,57.719231],[12.030628,57.718507],[12.030471,57.718099],[12.030653,57.71798],[12.031268,57.717939],[12.031483,57.717928],[12.036237,57.717702],[12.03635,57.717796],[12.039411,57.717651],[12.04117,57.717542],[12.041339,57.717144],[12.043087,57.716414],[12.044074,57.71669],[12.044493,57.717372],[12.045053,57.717538],[12.045407,57.718215],[12.045832,57.718676],[12.046334,57.719044],[12.0467,57.719307],[12.047849,57.719921],[12.047004,57.720251],[12.046499,57.720567],[12.044724,57.720954],[12.044142,57.720766],[12.044062,57.720811],[12.043984,57.720856],[12.043907,57.720902],[12.043832,57.72095],[12.04376,57.720998],[12.04369,57.721047],[12.04364,57.721084],[12.043593,57.721121],[12.043548,57.72116],[12.043505,57.721199],[12.043464,57.721239],[12.043427,57.72128],[12.043391,57.721321],[12.043358,57.721363],[12.043328,57.721405],[12.0433,57.721448],[12.043275,57.721491],[12.043252,57.721535],[12.043232,57.721579],[12.043215,57.721624],[12.0432,57.721669],[12.043188,57.721714],[12.043179,57.721759],[12.043173,57.721804],[12.043169,57.721851],[12.043169,57.721898],[12.043171,57.721945],[12.043176,57.721992],[12.043184,57.722038],[12.043195,57.722085],[12.043209,57.722131],[12.043226,57.722178],[12.043246,57.722223],[12.043268,57.722269],[12.043294,57.722314],[12.043322,57.722358],[12.043353,57.722402],[12.043387,57.722445],[12.043423,57.722488],[12.043462,57.72253],[12.043504,57.722572],[12.043548,57.722612],[12.043595,57.722652],[12.043909,57.722909],[12.044441,57.723345],[12.044682,57.723258],[12.044766,57.723311],[12.044853,57.723363],[12.044942,57.723414],[12.045034,57.723464],[12.045127,57.723512],[12.045223,57.723559],[12.045321,57.723605]]]}},{"type":"Feature","properties":{"kod":"14800307","namn":"Östra Centrum, Björkekärr Norra"},"geometry":{"type":"Polygon","coordinates":[[[12.057621,57.721765],[12.056059,57.722948],[12.05476,57.723274],[12.051606,57.723293],[12.051069,57.723252],[12.051071,57.723287],[12.050526,57.723236],[12.049868,57.72324],[12.049682,57.72325],[12.047932,57.723341],[12.047776,57.72335],[12.047622,57.723361],[12.047466,57.723373],[12.047313,57.723386],[12.047159,57.723401],[12.047005,57.723418],[12.046853,57.723436],[12.046701,57.723456],[12.04655,57.723477],[12.046399,57.723499],[12.046249,57.723524],[12.046101,57.723549],[12.045953,57.723576],[12.045806,57.723605],[12.04566,57.723635],[12.045629,57.72364],[12.045598,57.723644],[12.045565,57.723646],[12.045532,57.723647],[12.045499,57.723646],[12.045467,57.723643],[12.045435,57.723638],[12.045405,57.723632],[12.045375,57.723624],[12.045348,57.723615],[12.045321,57.723605],[12.045223,57.723559],[12.045127,57.723512],[12.045034,57.723464],[12.044942,57.723414],[12.044853,57.723363],[12.044766,57.723311],[12.044682,57.723258],[12.044441,57.723345],[12.043909,57.722909],[12.043595,57.722652],[12.043548,57.722612],[12.043504,57.722572],[12.043462,57.72253],[12.043423,57.722488],[12.043387,57.722445],[12.043353,57.722402],[12.043322,57.722358],[12.043294,57.722314],[12.043268,57.722269],[12.043246,57.722223],[12.043226,57.722178],[12.043209,57.722131],[12.043195,57.722085],[12.043184,57.722038],[12.043176,57.721992],[12.043171,57.721945],[12.043169,57.721898],[12.043169,57.721851],[12.043173,57.721804],[12.043179,57.721759],[12.043188,57.721714],[12.0432,57.721669],[12.043215,57.721624],[12.043232,57.721579],[12.043252,57.721535],[12.043275,57.721491],[12.0433,57.721448],[12.043328,57.721405],[12.043358,57.721363],[12.043391,57.721321],[12.043427,57.72128],[12.043464,57.721239],[12.043505,57.721199],[12.043548,57.72116],[12.043593,57.721121],[12.04364,57.721084],[12.04369,57.721047],[12.04376,57.720998],[12.043832,57.72095],[12.043907,57.720902],[12.043984,57.720856],[12.044062,57.720811],[12.044142,57.720766],[12.044724,57.720954],[12.046499,57.720567],[12.047004,57.720251],[12.047849,57.719921],[12.0467,57.719307],[12.046334,57.719044],[12.045832,57.718676],[12.045407,57.718215],[12.045053,57.717538],[12.044493,57.717372],[12.044074,57.71669],[12.043087,57.716414],[12.044672,57.715783],[12.045706,57.714468],[12.045809,57.714496],[12.046072,57.714226],[12.0462,57.714261],[12.04701,57.714406],[12.048815,57.714719],[12.04917,57.714796],[12.050567,57.715322],[12.050835,57.715423],[12.051162,57.715516],[12.051664,57.715581],[12.051673,57.715581],[12.051226,57.716147],[12.050231,57.716977],[12.050412,57.717128],[12.050428,57.717226],[12.050473,57.717513],[12.050484,57.717866],[12.050841,57.71787],[12.054785,57.717753],[12.054889,57.71849],[12.055067,57.719314],[12.055274,57.719842],[12.055599,57.720354],[12.056381,57.720985],[12.057621,57.721765]]]}},{"type":"Feature","properties":{"kod":"14800308","namn":"Östra Centrum, Smörslätten"},"geometry":{"type":"Polygon","coordinates":[[[12.060597,57.721537],[12.060503,57.721545],[12.060406,57.721551],[12.060309,57.721557],[12.060211,57.72156],[12.060114,57.721562],[12.060017,57.721563],[12.059919,57.721561],[12.059822,57.721558],[12.059724,57.721554],[12.059628,57.721548],[12.059531,57.72154],[12.059435,57.721531],[12.059397,57.721525],[12.059208,57.721561],[12.059037,57.721557],[12.058881,57.721545],[12.058656,57.721555],[12.058424,57.721578],[12.058296,57.721603],[12.058212,57.721634],[12.058096,57.721684],[12.058033,57.721726],[12.057983,57.721776],[12.057963,57.721807],[12.05791,57.721882],[12.057621,57.721765],[12.056381,57.720985],[12.055599,57.720354],[12.055274,57.719842],[12.055067,57.719314],[12.054889,57.71849],[12.056108,57.718407],[12.056388,57.718714],[12.056801,57.718966],[12.057302,57.719136],[12.058039,57.719222],[12.058753,57.719174],[12.059173,57.719107],[12.060474,57.719434],[12.061475,57.719418],[12.061931,57.718889],[12.062353,57.718992],[12.062353,57.718993],[12.060921,57.721067],[12.06091,57.721085],[12.060909,57.721085],[12.060597,57.721537]]]}},{"type":"Feature","properties":{"kod":"14800309","namn":"Östra Centrum, Björkekärr Östra"},"geometry":{"type":"Polygon","coordinates":[[[12.062353,57.718992],[12.061931,57.718889],[12.061475,57.719418],[12.060474,57.719434],[12.059173,57.719107],[12.058753,57.719174],[12.058039,57.719222],[12.057302,57.719136],[12.056801,57.718966],[12.056388,57.718714],[12.056108,57.718407],[12.054889,57.71849],[12.054785,57.717753],[12.050841,57.71787],[12.050484,57.717866],[12.050473,57.717513],[12.050428,57.717226],[12.050412,57.717128],[12.050231,57.716977],[12.051226,57.716147],[12.051673,57.715581],[12.052067,57.715589],[12.052699,57.715532],[12.053381,57.715411],[12.054047,57.715293],[12.054508,57.715286],[12.054854,57.71533],[12.055294,57.715464],[12.055861,57.715567],[12.055053,57.716601],[12.055732,57.716743],[12.056197,57.716899],[12.057188,57.716992],[12.058337,57.716676],[12.059273,57.716955],[12.060416,57.717113],[12.060795,57.71721],[12.061173,57.717306],[12.061499,57.7174],[12.061729,57.717535],[12.061946,57.717716],[12.062174,57.717905],[12.062401,57.718094],[12.062766,57.718396],[12.062765,57.718396],[12.062765,57.718397],[12.062737,57.718437],[12.062672,57.718532],[12.062353,57.718992]]]}},{"type":"Feature","properties":{"kod":"14800310","namn":"Östra Centrum, Robertshöjd m fl"},"geometry":{"type":"Polygon","coordinates":[[[12.058337,57.716676],[12.057188,57.716992],[12.056197,57.716899],[12.055732,57.716743],[12.055053,57.716601],[12.055861,57.715567],[12.055294,57.715464],[12.054854,57.71533],[12.054508,57.715286],[12.054047,57.715293],[12.053381,57.715411],[12.052699,57.715532],[12.052531,57.715224],[12.051677,57.715165],[12.051478,57.71509],[12.051374,57.714976],[12.051454,57.714152],[12.051479,57.713605],[12.051803,57.713202],[12.052156,57.712989],[12.052525,57.712935],[12.052472,57.71277],[12.05283,57.712257],[12.053502,57.712248],[12.054095,57.712373],[12.054819,57.71264],[12.055038,57.712755],[12.055715,57.71173],[12.056117,57.7111],[12.057068,57.711841],[12.057445,57.712008],[12.058253,57.712636],[12.058432,57.712745],[12.058571,57.712721],[12.057792,57.713091],[12.058051,57.713141],[12.058075,57.713132],[12.0581,57.713125],[12.058127,57.713119],[12.058154,57.713115],[12.058182,57.713112],[12.058211,57.71311],[12.058239,57.71311],[12.058268,57.713111],[12.058296,57.713114],[12.058323,57.713118],[12.05835,57.713124],[12.058375,57.713131],[12.0584,57.713139],[12.058423,57.713148],[12.058444,57.713159],[12.058462,57.71317],[12.058479,57.713182],[12.058494,57.713195],[12.058506,57.71321],[12.058516,57.713224],[12.059764,57.71539],[12.058836,57.715761],[12.058337,57.716676]]]}},{"type":"Feature","properties":{"kod":"14800311","namn":"Östra Centrum, Björkekärr Västra"},"geometry":{"type":"Polygon","coordinates":[[[12.043087,57.716414],[12.041339,57.717144],[12.04117,57.717542],[12.039411,57.717651],[12.03635,57.717796],[12.036237,57.717702],[12.036026,57.717527],[12.036668,57.717497],[12.036253,57.717153],[12.03587,57.716837],[12.036409,57.716393],[12.036776,57.715668],[12.035936,57.715132],[12.035831,57.714293],[12.03676,57.713747],[12.037148,57.712639],[12.038127,57.711316],[12.03836,57.711098],[12.038904,57.710768],[12.0391,57.710858],[12.039674,57.71192],[12.041716,57.712095],[12.042121,57.712583],[12.042033,57.712753],[12.041901,57.712808],[12.041862,57.713027],[12.042381,57.713031],[12.043211,57.713226],[12.044877,57.713868],[12.045262,57.714004],[12.046072,57.714226],[12.045809,57.714496],[12.045706,57.714468],[12.044672,57.715783],[12.043087,57.716414]]]}},{"type":"Feature","properties":{"kod":"14800312","namn":"Östra Centrum, Kålltorp Östra"},"geometry":{"type":"Polygon","coordinates":[[[12.036237,57.717702],[12.031483,57.717928],[12.031268,57.717939],[12.030653,57.71798],[12.030599,57.716848],[12.030487,57.715923],[12.02919,57.715936],[12.029134,57.715377],[12.028974,57.714687],[12.028843,57.714058],[12.028727,57.713492],[12.028567,57.712944],[12.02853,57.712462],[12.028543,57.712256],[12.029146,57.712269],[12.029571,57.712273],[12.02971,57.713245],[12.029729,57.713513],[12.030241,57.713524],[12.030565,57.713579],[12.031016,57.713828],[12.031014,57.714226],[12.031293,57.714343],[12.031521,57.714308],[12.032425,57.71417],[12.03246,57.714221],[12.033488,57.715689],[12.03377,57.715923],[12.034036,57.715953],[12.034575,57.715767],[12.035572,57.715284],[12.035936,57.715132],[12.036776,57.715668],[12.036409,57.716393],[12.03587,57.716837],[12.036253,57.717153],[12.036668,57.717497],[12.036026,57.717527],[12.036237,57.717702]]]}},{"type":"Feature","properties":{"kod":"14800313","namn":"Östra Centrum, Solrosparken"},"geometry":{"type":"Polygon","coordinates":[[[12.030653,57.71798],[12.028129,57.71798],[12.026868,57.717997],[12.026873,57.717228],[12.025304,57.717265],[12.025296,57.717065],[12.025311,57.716779],[12.02524,57.716179],[12.025185,57.716011],[12.026509,57.71598],[12.02638,57.715411],[12.029134,57.715377],[12.02919,57.715936],[12.030487,57.715923],[12.030599,57.716848],[12.030653,57.71798]]]}},{"type":"Feature","properties":{"kod":"14800314","namn":"Östra Centrum, Kålltorp Västra"},"geometry":{"type":"Polygon","coordinates":[[[12.029134,57.715377],[12.02638,57.715411],[12.026509,57.71598],[12.025185,57.716011],[12.02506,57.715626],[12.024819,57.71483],[12.024281,57.713424],[12.024164,57.713144],[12.023875,57.712315],[12.023876,57.712255],[12.023896,57.711079],[12.025029,57.711065],[12.028414,57.711035],[12.028428,57.711615],[12.028465,57.712114],[12.028543,57.712256],[12.02853,57.712462],[12.028567,57.712944],[12.028727,57.713492],[12.028843,57.714058],[12.028974,57.714687],[12.029134,57.715377]]]}},{"type":"Feature","properties":{"kod":"14800315","namn":"Östra Centrum, Kålltorp Södra"},"geometry":{"type":"Polygon","coordinates":[[[12.035936,57.715132],[12.035572,57.715284],[12.034575,57.715767],[12.034036,57.715953],[12.03377,57.715923],[12.033488,57.715689],[12.03246,57.714221],[12.032425,57.71417],[12.031521,57.714308],[12.031293,57.714343],[12.031014,57.714226],[12.031016,57.713828],[12.030565,57.713579],[12.030241,57.713524],[12.029729,57.713513],[12.02971,57.713245],[12.029571,57.712273],[12.029146,57.712269],[12.028543,57.712256],[12.028465,57.712114],[12.028428,57.711615],[12.028414,57.711035],[12.025029,57.711065],[12.023896,57.711079],[12.02385,57.71084],[12.023865,57.710094],[12.02382,57.709629],[12.023908,57.708696],[12.023914,57.708628],[12.02401,57.707962],[12.024161,57.707333],[12.024392,57.706572],[12.024563,57.706039],[12.025266,57.706137],[12.025557,57.706173],[12.026129,57.706264],[12.026523,57.706309],[12.026846,57.706313],[12.028038,57.70629],[12.028849,57.706296],[12.02906,57.706314],[12.0291,57.706317],[12.029286,57.706736],[12.029193,57.707235],[12.029162,57.7074],[12.029791,57.707341],[12.039351,57.704926],[12.041634,57.705554],[12.040995,57.707121],[12.040927,57.707266],[12.04093,57.707414],[12.041059,57.707474],[12.041531,57.707468],[12.042119,57.707394],[12.042743,57.707361],[12.043286,57.707272],[12.043753,57.707293],[12.044435,57.707362],[12.044513,57.707368],[12.040919,57.709546],[12.040482,57.709754],[12.04051,57.709794],[12.038904,57.710768],[12.03836,57.711098],[12.038127,57.711316],[12.037148,57.712639],[12.03676,57.713747],[12.035831,57.714293],[12.035936,57.715132]]]}},{"type":"Feature","properties":{"kod":"14800316","namn":"Östra Centrum, Björkekärr Södra"},"geometry":{"type":"Polygon","coordinates":[[[12.065718,57.714114],[12.065093,57.715022],[12.064413,57.716007],[12.063554,57.717253],[12.063012,57.718038],[12.06295,57.718128],[12.062766,57.718396],[12.062401,57.718094],[12.062174,57.717905],[12.061946,57.717716],[12.061729,57.717535],[12.061499,57.7174],[12.061173,57.717306],[12.060795,57.71721],[12.060416,57.717113],[12.059273,57.716955],[12.058337,57.716676],[12.058836,57.715761],[12.059764,57.71539],[12.058516,57.713224],[12.058506,57.71321],[12.058494,57.713195],[12.058479,57.713182],[12.058462,57.71317],[12.058444,57.713159],[12.058423,57.713148],[12.0584,57.713139],[12.058375,57.713131],[12.05835,57.713124],[12.058323,57.713118],[12.058296,57.713114],[12.058268,57.713111],[12.058239,57.71311],[12.058211,57.71311],[12.058182,57.713112],[12.058154,57.713115],[12.058127,57.713119],[12.0581,57.713125],[12.058075,57.713132],[12.058051,57.713141],[12.057792,57.713091],[12.058571,57.712721],[12.058432,57.712745],[12.058253,57.712636],[12.057445,57.712008],[12.057068,57.711841],[12.056117,57.7111],[12.055715,57.71173],[12.055038,57.712755],[12.054819,57.71264],[12.054095,57.712373],[12.053502,57.712248],[12.05283,57.712257],[12.052472,57.71277],[12.052525,57.712935],[12.052156,57.712989],[12.051803,57.713202],[12.051479,57.713605],[12.051454,57.714152],[12.051374,57.714976],[12.051478,57.71509],[12.051677,57.715165],[12.052531,57.715224],[12.052699,57.715532],[12.052067,57.715589],[12.051673,57.715581],[12.051664,57.715581],[12.051162,57.715516],[12.050835,57.715423],[12.050567,57.715322],[12.04917,57.714796],[12.048815,57.714719],[12.04701,57.714406],[12.0462,57.714261],[12.046072,57.714226],[12.045262,57.714004],[12.044877,57.713868],[12.043211,57.713226],[12.042381,57.713031],[12.041862,57.713027],[12.041901,57.712808],[12.042033,57.712753],[12.042121,57.712583],[12.041716,57.712095],[12.039674,57.71192],[12.0391,57.710858],[12.038904,57.710768],[12.04051,57.709794],[12.040482,57.709754],[12.040919,57.709546],[12.044513,57.707368],[12.044435,57.707362],[12.043753,57.707293],[12.043286,57.707272],[12.042743,57.707361],[12.042119,57.707394],[12.041531,57.707468],[12.041059,57.707474],[12.04093,57.707414],[12.040927,57.707266],[12.040995,57.707121],[12.041634,57.705554],[12.039351,57.704926],[12.029791,57.707341],[12.029162,57.7074],[12.029193,57.707235],[12.029286,57.706736],[12.0291,57.706317],[12.02906,57.706314],[12.029864,57.7056],[12.030539,57.705241],[12.030878,57.70486],[12.031663,57.703245],[12.031445,57.70307],[12.030899,57.702996],[12.030876,57.702877],[12.030675,57.702482],[12.030675,57.702198],[12.030636,57.701953],[12.030629,57.701617],[12.030491,57.701207],[12.030556,57.700944],[12.030638,57.700806],[12.030791,57.700683],[12.030874,57.700613],[12.030899,57.700529],[12.031138,57.700416],[12.031452,57.70023],[12.031709,57.700058],[12.031952,57.699865],[12.032168,57.699641],[12.032378,57.69941],[12.032652,57.699088],[12.032922,57.698662],[12.033156,57.698288],[12.033389,57.697897],[12.033557,57.697552],[12.03368,57.697213],[12.033751,57.696868],[12.033783,57.696509],[12.033756,57.696116],[12.033706,57.695591],[12.033676,57.695051],[12.033686,57.694898],[12.03374,57.694727],[12.03384,57.694501],[12.034043,57.694218],[12.034297,57.693955],[12.034571,57.693675],[12.034666,57.693535],[12.034715,57.693388],[12.034682,57.693215],[12.03466,57.693054],[12.034557,57.692793],[12.034519,57.692446],[12.03433,57.692296],[12.034378,57.692255],[12.036752,57.690447],[12.037219,57.690454],[12.037166,57.690373],[12.03716,57.690288],[12.03733,57.689481],[12.037345,57.689281],[12.037394,57.689168],[12.037413,57.689061],[12.03747,57.688969],[12.037476,57.688882],[12.037788,57.688781],[12.037828,57.688752],[12.037843,57.68872],[12.037869,57.688655],[12.038183,57.688673],[12.038331,57.688738],[12.038508,57.688648],[12.038543,57.688608],[12.038555,57.688568],[12.038559,57.688421],[12.038603,57.688391],[12.03903,57.688213],[12.039737,57.687815],[12.040231,57.687452],[12.040988,57.687041],[12.041518,57.686509],[12.041901,57.686169],[12.041978,57.686051],[12.0418,57.685948],[12.041595,57.685999],[12.041465,57.685928],[12.041461,57.685803],[12.041611,57.68572],[12.041716,57.685325],[12.041818,57.685085],[12.043201,57.683516],[12.043413,57.683495],[12.043458,57.6835],[12.043553,57.68349],[12.043686,57.683424],[12.043864,57.68327],[12.043911,57.683055],[12.043968,57.682942],[12.044484,57.682891],[12.044756,57.68296],[12.044847,57.683037],[12.044915,57.683071],[12.044986,57.683049],[12.045044,57.683054],[12.045855,57.682873],[12.046072,57.682707],[12.046265,57.682624],[12.046346,57.682427],[12.046748,57.681757],[12.047012,57.681455],[12.047087,57.681435],[12.047104,57.681403],[12.047079,57.681352],[12.04726,57.681052],[12.047308,57.680984],[12.047403,57.680927],[12.04748,57.680862],[12.047701,57.680771],[12.047879,57.680738],[12.048233,57.680557],[12.04845,57.680493],[12.048596,57.680453],[12.048744,57.680421],[12.048834,57.680381],[12.049373,57.680351],[12.049422,57.680329],[12.049537,57.680323],[12.049681,57.680233],[12.049841,57.680116],[12.049942,57.680114],[12.04994,57.680127],[12.049961,57.680129],[12.05019,57.679983],[12.050208,57.679879],[12.050304,57.679752],[12.050338,57.679734],[12.050364,57.679606],[12.050454,57.679521],[12.050506,57.679435],[12.050547,57.679369],[12.05065,57.679228],[12.050675,57.679191],[12.050769,57.679114],[12.050958,57.679046],[12.051251,57.678926],[12.051343,57.678891],[12.051508,57.678885],[12.051604,57.678928],[12.051662,57.678946],[12.05189,57.678891],[12.051922,57.67886],[12.051939,57.67884],[12.052152,57.67877],[12.052193,57.678738],[12.052377,57.678623],[12.052479,57.6786],[12.052864,57.678533],[12.053129,57.678484],[12.053185,57.678487],[12.05324,57.678488],[12.05328,57.6785],[12.053336,57.678522],[12.053644,57.678473],[12.054011,57.678406],[12.054236,57.678365],[12.054304,57.678336],[12.05438,57.678349],[12.054481,57.678367],[12.054544,57.678386],[12.054597,57.678403],[12.054709,57.67845],[12.054801,57.678503],[12.054975,57.678534],[12.055062,57.678543],[12.055179,57.678532],[12.055366,57.678428],[12.055436,57.678396],[12.055577,57.678347],[12.055767,57.678226],[12.055974,57.678124],[12.056111,57.678105],[12.056186,57.678107],[12.056236,57.678082],[12.056236,57.678082],[12.056341,57.678115],[12.056676,57.678219],[12.056726,57.678234],[12.056736,57.678237],[12.057047,57.678329],[12.057177,57.678368],[12.057446,57.678447],[12.058206,57.678672],[12.058811,57.678852],[12.06058,57.679376],[12.061687,57.679704],[12.061727,57.679716],[12.075818,57.68389],[12.081185,57.683175],[12.083593,57.682853],[12.088666,57.682167],[12.088619,57.682234],[12.088148,57.6829],[12.087734,57.683485],[12.087461,57.683871],[12.087345,57.684035],[12.087151,57.684309],[12.087049,57.684453],[12.086703,57.684942],[12.08662,57.685059],[12.086385,57.68539],[12.086157,57.685712],[12.086086,57.685813],[12.085719,57.686331],[12.085312,57.686906],[12.084309,57.688321],[12.08373,57.689138],[12.077843,57.697437],[12.075126,57.701267],[12.07465,57.701938],[12.07465,57.701939],[12.074289,57.701913],[12.074139,57.701903],[12.074138,57.701903],[12.073005,57.703552],[12.072977,57.703588],[12.072916,57.70368],[12.072887,57.703723],[12.072867,57.703754],[12.072524,57.704252],[12.072508,57.704274],[12.072397,57.70443],[12.07235,57.704498],[12.072159,57.704783],[12.072129,57.704827],[12.072127,57.704829],[12.071562,57.705651],[12.07156,57.705655],[12.071556,57.70566],[12.07153,57.705697],[12.071394,57.705888],[12.071173,57.706205],[12.070903,57.706596],[12.070806,57.706738],[12.070654,57.706957],[12.070549,57.707113],[12.070278,57.707518],[12.070094,57.707771],[12.070074,57.707799],[12.06693,57.712358],[12.066931,57.712358],[12.066939,57.712358],[12.066482,57.713009],[12.066445,57.713061],[12.066416,57.713103],[12.065718,57.714114]]]}},{"type":"Feature","properties":{"kod":"14800317","namn":"Östra Centrum, Kallebäck Östra"},"geometry":{"type":"Polygon","coordinates":[[[12.017647,57.689319],[12.017875,57.687862],[12.019606,57.687059],[12.018578,57.685879],[12.015376,57.685788],[12.011497,57.685687],[12.013758,57.684199],[12.012224,57.683837],[12.011817,57.683515],[12.011074,57.683345],[12.012414,57.682529],[12.012618,57.681354],[12.01266,57.680965],[12.014247,57.680093],[12.014619,57.67993],[12.014204,57.679505],[12.014006,57.679242],[12.013884,57.678891],[12.013923,57.678623],[12.013191,57.67864],[12.013171,57.678426],[12.013198,57.678174],[12.013253,57.678015],[12.013387,57.677717],[12.013478,57.67763],[12.013478,57.677629],[12.013521,57.677587],[12.015032,57.677576],[12.016746,57.677564],[12.018016,57.676223],[12.018196,57.676034],[12.018434,57.675784],[12.01956,57.675019],[12.020123,57.674637],[12.02096,57.674129],[12.021015,57.674099],[12.022684,57.673194],[12.022904,57.673282],[12.023343,57.673456],[12.02334,57.673506],[12.023223,57.675574],[12.025241,57.675486],[12.025868,57.675459],[12.025869,57.675459],[12.025892,57.675533],[12.027111,57.675738],[12.028112,57.675536],[12.029229,57.675312],[12.029492,57.6753],[12.029504,57.675351],[12.031007,57.675424],[12.030995,57.675235],[12.036516,57.674993],[12.042359,57.676286],[12.047537,57.676065],[12.047878,57.676051],[12.048163,57.676039],[12.049494,57.675982],[12.049533,57.675994],[12.050409,57.676267],[12.050559,57.676314],[12.05073,57.676367],[12.053019,57.67708],[12.056236,57.678082],[12.056186,57.678107],[12.056111,57.678105],[12.055974,57.678124],[12.055767,57.678226],[12.055577,57.678347],[12.055436,57.678396],[12.055366,57.678428],[12.055179,57.678532],[12.055062,57.678543],[12.054975,57.678534],[12.054801,57.678503],[12.054709,57.67845],[12.054597,57.678403],[12.054544,57.678386],[12.054481,57.678367],[12.05438,57.678349],[12.054304,57.678336],[12.054236,57.678365],[12.054011,57.678406],[12.053644,57.678473],[12.053336,57.678522],[12.05328,57.6785],[12.05324,57.678488],[12.053185,57.678487],[12.053129,57.678484],[12.052864,57.678533],[12.052479,57.6786],[12.052377,57.678623],[12.052193,57.678738],[12.052152,57.67877],[12.051939,57.67884],[12.051922,57.67886],[12.05189,57.678891],[12.051662,57.678946],[12.051604,57.678928],[12.051508,57.678885],[12.051343,57.678891],[12.051251,57.678926],[12.050958,57.679046],[12.050769,57.679114],[12.050675,57.679191],[12.05065,57.679228],[12.050547,57.679369],[12.050506,57.679435],[12.050454,57.679521],[12.050364,57.679606],[12.050338,57.679734],[12.050304,57.679752],[12.050208,57.679879],[12.05019,57.679983],[12.049961,57.680129],[12.04994,57.680127],[12.049942,57.680114],[12.049841,57.680116],[12.049681,57.680233],[12.049537,57.680323],[12.049422,57.680329],[12.049373,57.680351],[12.048834,57.680381],[12.048744,57.680421],[12.048596,57.680453],[12.04845,57.680493],[12.048233,57.680557],[12.047879,57.680738],[12.047701,57.680771],[12.04748,57.680862],[12.047403,57.680927],[12.047308,57.680984],[12.04726,57.681052],[12.047079,57.681352],[12.047104,57.681403],[12.047087,57.681435],[12.047012,57.681455],[12.046748,57.681757],[12.046346,57.682427],[12.046265,57.682624],[12.046072,57.682707],[12.045855,57.682873],[12.045044,57.683054],[12.044986,57.683049],[12.044915,57.683071],[12.044847,57.683037],[12.044756,57.68296],[12.044484,57.682891],[12.043968,57.682942],[12.043911,57.683055],[12.043864,57.68327],[12.043686,57.683424],[12.043553,57.68349],[12.043458,57.6835],[12.043413,57.683495],[12.043201,57.683516],[12.041818,57.685085],[12.041725,57.685028],[12.04149,57.685002],[12.034881,57.684783],[12.033341,57.684748],[12.029848,57.684684],[12.030895,57.685275],[12.030704,57.685306],[12.030534,57.685417],[12.030267,57.685704],[12.030021,57.685939],[12.029891,57.686064],[12.029606,57.686086],[12.029044,57.686247],[12.02896,57.68629],[12.028529,57.686512],[12.02825,57.686934],[12.027879,57.687109],[12.027624,57.687156],[12.027303,57.687354],[12.027167,57.687438],[12.026784,57.68777],[12.026569,57.688038],[12.026521,57.688119],[12.026498,57.688302],[12.026445,57.688393],[12.025806,57.689503],[12.022644,57.688429],[12.017647,57.689319]]]}},{"type":"Feature","properties":{"kod":"14800318","namn":"Östra Centrum, Kallebäck Västra"},"geometry":{"type":"Polygon","coordinates":[[[12.006209,57.684795],[12.005033,57.684769],[12.004624,57.684275],[12.004432,57.684244],[12.004218,57.68421],[12.003793,57.684124],[12.003861,57.68403],[12.004641,57.682928],[12.005507,57.681683],[12.005757,57.681312],[12.005691,57.681305],[12.005817,57.681126],[12.005877,57.681132],[12.006322,57.680501],[12.006263,57.680494],[12.006654,57.679966],[12.00717,57.679225],[12.007227,57.679232],[12.007227,57.679232],[12.007227,57.679232],[12.007402,57.679252],[12.007502,57.679263],[12.007498,57.679268],[12.007849,57.679325],[12.007955,57.679342],[12.007977,57.679346],[12.008434,57.67942],[12.008438,57.679413],[12.008871,57.678645],[12.008876,57.678645],[12.009475,57.678641],[12.009993,57.677858],[12.009997,57.677851],[12.013361,57.677718],[12.013387,57.677717],[12.013253,57.678015],[12.013198,57.678174],[12.013171,57.678426],[12.013191,57.67864],[12.013923,57.678623],[12.013884,57.678891],[12.014006,57.679242],[12.014204,57.679505],[12.014619,57.67993],[12.014247,57.680093],[12.01266,57.680965],[12.012618,57.681354],[12.012414,57.682529],[12.011074,57.683345],[12.010386,57.683514],[12.008301,57.683421],[12.008231,57.684183],[12.00628,57.684123],[12.006209,57.684795]]]}},{"type":"Feature","properties":{"kod":"14800319","namn":"Östra Centrum, Kallebäck Norra"},"geometry":{"type":"Polygon","coordinates":[[[12.011497,57.685687],[12.009773,57.686785],[12.007676,57.68774],[12.006966,57.68672],[12.006405,57.68616],[12.005555,57.685344],[12.005303,57.685101],[12.005041,57.684859],[12.005033,57.684769],[12.006209,57.684795],[12.00628,57.684123],[12.008231,57.684183],[12.008301,57.683421],[12.010386,57.683514],[12.011074,57.683345],[12.011817,57.683515],[12.012224,57.683837],[12.013758,57.684199],[12.011497,57.685687]]]}},{"type":"Feature","properties":{"kod":"14800320","namn":"Östra Centrum, Skår Södra"},"geometry":{"type":"Polygon","coordinates":[[[12.0163,57.695898],[12.010813,57.696446],[12.010878,57.696412],[12.01105,57.696323],[12.011038,57.696214],[12.011115,57.696069],[12.011208,57.695897],[12.011301,57.695724],[12.011394,57.695552],[12.011496,57.695362],[12.011598,57.695172],[12.011068,57.69509],[12.011215,57.694968],[12.0114,57.69483],[12.011596,57.694685],[12.011796,57.694536],[12.012004,57.69436],[12.012179,57.694175],[12.012319,57.693981],[12.012418,57.693797],[12.012507,57.693623],[12.012596,57.69345],[12.012684,57.693277],[12.012773,57.693103],[12.012861,57.69293],[12.01295,57.692757],[12.013005,57.692649],[12.012868,57.692404],[12.012706,57.692117],[12.012427,57.692081],[12.012239,57.692064],[12.012002,57.692083],[12.011798,57.692123],[12.011604,57.692225],[12.011492,57.692313],[12.010562,57.693694],[12.010135,57.694159],[12.009625,57.694167],[12.009543,57.694179],[12.00948,57.694278],[12.009313,57.694365],[12.009118,57.694182],[12.008841,57.694015],[12.00844,57.693754],[12.008351,57.693811],[12.008318,57.693885],[12.008316,57.694238],[12.008246,57.694239],[12.00816,57.694236],[12.008075,57.694231],[12.007989,57.694225],[12.007904,57.694217],[12.00782,57.694208],[12.007736,57.694197],[12.007653,57.694184],[12.007571,57.69417],[12.00749,57.694154],[12.00741,57.694137],[12.007393,57.694153],[12.007252,57.694132],[12.006688,57.694042],[12.006182,57.693938],[12.005515,57.693823],[12.004653,57.694333],[12.00399,57.694726],[12.003854,57.694852],[12.003591,57.695127],[12.003539,57.695235],[12.003066,57.695061],[12.00135,57.694499],[12.001194,57.694427],[12.000786,57.694419],[12.000245,57.694464],[11.999859,57.69457],[11.999524,57.694733],[11.999734,57.694431],[12.000184,57.69347],[12.000336,57.693285],[12.000747,57.693],[12.000741,57.692999],[12.000521,57.692949],[12.000416,57.692835],[12.000229,57.692749],[12.000037,57.692661],[11.999928,57.692661],[11.999721,57.69279],[11.99948,57.69294],[11.99946,57.692954],[11.998923,57.693194],[11.99891,57.693201],[11.9989,57.693209],[11.998893,57.693217],[11.998889,57.693227],[11.998887,57.693236],[11.998889,57.693245],[11.9989,57.693281],[11.998909,57.693317],[11.998913,57.693353],[11.998916,57.693388],[11.998915,57.693424],[11.998911,57.69346],[11.998905,57.693496],[11.998895,57.693532],[11.998882,57.693567],[11.998867,57.693602],[11.998848,57.693636],[11.998828,57.693671],[11.998804,57.693704],[11.998776,57.693737],[11.998765,57.693751],[11.998639,57.693737],[11.997414,57.693651],[11.997057,57.693626],[11.997214,57.693129],[11.997236,57.693059],[11.997286,57.6929],[11.997633,57.691806],[11.997775,57.691394],[11.997914,57.691107],[11.998223,57.690544],[11.998548,57.690042],[11.998817,57.689705],[11.998954,57.68954],[11.999278,57.689192],[11.999385,57.689081],[11.999918,57.688525],[12.000682,57.687674],[12.000792,57.687571],[12.001364,57.686941],[12.001378,57.686925],[12.00178,57.686482],[12.002427,57.685769],[12.002545,57.685638],[12.002332,57.68573],[12.00266,57.685329],[12.002629,57.685276],[12.002684,57.685209],[12.002925,57.685216],[12.003068,57.685071],[12.003133,57.684993],[12.003487,57.684542],[12.003577,57.684419],[12.003775,57.68415],[12.003793,57.684124],[12.004218,57.68421],[12.004432,57.684244],[12.004624,57.684275],[12.005033,57.684769],[12.005041,57.684859],[12.005303,57.685101],[12.005555,57.685344],[12.006405,57.68616],[12.006966,57.68672],[12.007676,57.68774],[12.009773,57.686785],[12.011497,57.685687],[12.015376,57.685788],[12.018578,57.685879],[12.019606,57.687059],[12.017875,57.687862],[12.017647,57.689319],[12.022644,57.688429],[12.025806,57.689503],[12.026445,57.688393],[12.026498,57.688302],[12.026521,57.688119],[12.026569,57.688038],[12.026784,57.68777],[12.027167,57.687438],[12.027303,57.687354],[12.027624,57.687156],[12.027879,57.687109],[12.02825,57.686934],[12.028529,57.686512],[12.02896,57.68629],[12.029044,57.686247],[12.029606,57.686086],[12.029891,57.686064],[12.030021,57.685939],[12.030267,57.685704],[12.030534,57.685417],[12.030704,57.685306],[12.030895,57.685275],[12.029848,57.684684],[12.033341,57.684748],[12.034881,57.684783],[12.04149,57.685002],[12.041725,57.685028],[12.041818,57.685085],[12.041716,57.685325],[12.041611,57.68572],[12.041461,57.685803],[12.041465,57.685928],[12.041595,57.685999],[12.0418,57.685948],[12.041978,57.686051],[12.041901,57.686169],[12.041518,57.686509],[12.040988,57.687041],[12.040231,57.687452],[12.039737,57.687815],[12.03903,57.688213],[12.038603,57.688391],[12.038559,57.688421],[12.038555,57.688568],[12.038543,57.688608],[12.038508,57.688648],[12.038331,57.688738],[12.038183,57.688673],[12.037869,57.688655],[12.037843,57.68872],[12.037828,57.688752],[12.037788,57.688781],[12.037476,57.688882],[12.03747,57.688969],[12.037413,57.689061],[12.037394,57.689168],[12.037345,57.689281],[12.03733,57.689481],[12.03716,57.690288],[12.037166,57.690373],[12.037219,57.690454],[12.036752,57.690447],[12.034378,57.692255],[12.03433,57.692296],[12.033599,57.692856],[12.025041,57.692734],[12.018479,57.69264],[12.0163,57.695898]]]}},{"type":"Feature","properties":{"kod":"14800321","namn":"Östra Centrum, Jakobsdal"},"geometry":{"type":"Polygon","coordinates":[[[12.001975,57.696832],[11.998163,57.697935],[11.99593,57.697679],[11.995957,57.697539],[11.996124,57.696664],[11.996162,57.696342],[11.996263,57.695853],[11.996381,57.695499],[11.996421,57.695377],[11.996448,57.695295],[11.996736,57.694522],[11.996888,57.694039],[11.997018,57.693623],[11.997057,57.693626],[11.997414,57.693651],[11.998639,57.693737],[11.998765,57.693751],[11.998776,57.693737],[11.998804,57.693704],[11.998828,57.693671],[11.998848,57.693636],[11.998867,57.693602],[11.998882,57.693567],[11.998895,57.693532],[11.998905,57.693496],[11.998911,57.69346],[11.998915,57.693424],[11.998916,57.693388],[11.998913,57.693353],[11.998909,57.693317],[11.9989,57.693281],[11.998889,57.693245],[11.998887,57.693236],[11.998889,57.693227],[11.998893,57.693217],[11.9989,57.693209],[11.99891,57.693201],[11.998923,57.693194],[11.99946,57.692954],[11.99948,57.69294],[11.999721,57.69279],[11.999928,57.692661],[12.000037,57.692661],[12.000229,57.692749],[12.000416,57.692835],[12.000521,57.692949],[12.000741,57.692999],[12.000747,57.693],[12.000336,57.693285],[12.000184,57.69347],[11.999734,57.694431],[11.999524,57.694733],[11.999859,57.69457],[12.000245,57.694464],[12.000786,57.694419],[12.001194,57.694427],[12.00135,57.694499],[12.003066,57.695061],[12.003539,57.695235],[12.002855,57.695997],[12.001975,57.696832]]]}},{"type":"Feature","properties":{"kod":"14800322","namn":"Östra Centrum, Skår Norra"},"geometry":{"type":"Polygon","coordinates":[[[12.0163,57.695898],[12.014951,57.697128],[12.014129,57.697887],[12.013988,57.698113],[12.013856,57.698436],[12.013888,57.698668],[12.012851,57.699851],[12.012409,57.699741],[12.011802,57.69964],[12.010787,57.699512],[12.009493,57.699392],[12.008372,57.699297],[12.007199,57.699259],[12.003995,57.699362],[12.003105,57.699274],[12.002652,57.699175],[12.002402,57.699022],[12.0021,57.698706],[12.001526,57.698551],[12.001499,57.698546],[12.002279,57.697299],[12.00205,57.697042],[12.001975,57.696832],[12.002855,57.695997],[12.003539,57.695235],[12.003591,57.695127],[12.003854,57.694852],[12.00399,57.694726],[12.004653,57.694333],[12.005515,57.693823],[12.006182,57.693938],[12.006688,57.694042],[12.007252,57.694132],[12.007393,57.694153],[12.00741,57.694137],[12.00749,57.694154],[12.007571,57.69417],[12.007653,57.694184],[12.007736,57.694197],[12.00782,57.694208],[12.007904,57.694217],[12.007989,57.694225],[12.008075,57.694231],[12.00816,57.694236],[12.008246,57.694239],[12.008316,57.694238],[12.008318,57.693885],[12.008351,57.693811],[12.00844,57.693754],[12.008841,57.694015],[12.009118,57.694182],[12.009313,57.694365],[12.00948,57.694278],[12.009543,57.694179],[12.009625,57.694167],[12.010135,57.694159],[12.010562,57.693694],[12.011492,57.692313],[12.011604,57.692225],[12.011798,57.692123],[12.012002,57.692083],[12.012239,57.692064],[12.012427,57.692081],[12.012706,57.692117],[12.012868,57.692404],[12.013005,57.692649],[12.01295,57.692757],[12.012861,57.69293],[12.012773,57.693103],[12.012684,57.693277],[12.012596,57.69345],[12.012507,57.693623],[12.012418,57.693797],[12.012319,57.693981],[12.012179,57.694175],[12.012004,57.69436],[12.011796,57.694536],[12.011596,57.694685],[12.0114,57.69483],[12.011215,57.694968],[12.011068,57.69509],[12.011598,57.695172],[12.011496,57.695362],[12.011394,57.695552],[12.011301,57.695724],[12.011208,57.695897],[12.011115,57.696069],[12.011038,57.696214],[12.01105,57.696323],[12.010878,57.696412],[12.010813,57.696446],[12.0163,57.695898]]]}},{"type":"Feature","properties":{"kod":"14800323","namn":"Östra Centrum, Stora Torp"},"geometry":{"type":"Polygon","coordinates":[[[12.025041,57.692734],[12.024723,57.698248],[12.023696,57.69819],[12.022593,57.698456],[12.021952,57.699208],[12.022835,57.699277],[12.022245,57.699972],[12.021124,57.701233],[12.020446,57.70194],[12.0195,57.701679],[12.018832,57.701544],[12.018082,57.701339],[12.016384,57.700855],[12.013212,57.69994],[12.012851,57.699851],[12.013888,57.698668],[12.013856,57.698436],[12.013988,57.698113],[12.014129,57.697887],[12.014951,57.697128],[12.0163,57.695898],[12.018479,57.69264],[12.025041,57.692734]]]}},{"type":"Feature","properties":{"kod":"14800324","namn":"Östra Centrum, Lilla Torp"},"geometry":{"type":"Polygon","coordinates":[[[12.02906,57.706314],[12.028849,57.706296],[12.028038,57.70629],[12.026846,57.706313],[12.026523,57.706309],[12.026129,57.706264],[12.025557,57.706173],[12.025266,57.706137],[12.024563,57.706039],[12.024392,57.706572],[12.024161,57.707333],[12.02401,57.707962],[12.023914,57.708628],[12.023908,57.708696],[12.022741,57.708624],[12.022429,57.708638],[12.020572,57.708533],[12.020753,57.707846],[12.021275,57.705603],[12.021514,57.704362],[12.019877,57.7039],[12.020446,57.70194],[12.021124,57.701233],[12.022245,57.699972],[12.022835,57.699277],[12.021952,57.699208],[12.022593,57.698456],[12.023696,57.69819],[12.024723,57.698248],[12.025041,57.692734],[12.033599,57.692856],[12.03433,57.692296],[12.034519,57.692446],[12.034557,57.692793],[12.03466,57.693054],[12.034682,57.693215],[12.034715,57.693388],[12.034666,57.693535],[12.034571,57.693675],[12.034297,57.693955],[12.034043,57.694218],[12.03384,57.694501],[12.03374,57.694727],[12.033686,57.694898],[12.033676,57.695051],[12.033706,57.695591],[12.033756,57.696116],[12.033783,57.696509],[12.033751,57.696868],[12.03368,57.697213],[12.033557,57.697552],[12.033389,57.697897],[12.033156,57.698288],[12.032922,57.698662],[12.032652,57.699088],[12.032378,57.69941],[12.032168,57.699641],[12.031952,57.699865],[12.031709,57.700058],[12.031452,57.70023],[12.031138,57.700416],[12.030899,57.700529],[12.030874,57.700613],[12.030791,57.700683],[12.030638,57.700806],[12.030556,57.700944],[12.030491,57.701207],[12.030629,57.701617],[12.030636,57.701953],[12.030675,57.702198],[12.030675,57.702482],[12.030876,57.702877],[12.030899,57.702996],[12.031445,57.70307],[12.031663,57.703245],[12.030878,57.70486],[12.030539,57.705241],[12.029864,57.7056],[12.02906,57.706314]]]}},{"type":"Feature","properties":{"kod":"14800325","namn":"Östra Centrum, Bö"},"geometry":{"type":"Polygon","coordinates":[[[12.021275,57.705603],[12.021193,57.705592],[12.020702,57.705522],[12.020043,57.705524],[12.019348,57.705517],[12.018286,57.70485],[12.017474,57.703714],[12.015929,57.703857],[12.014883,57.703891],[12.014424,57.703989],[12.014506,57.70362],[12.013458,57.703605],[12.013476,57.703023],[12.013497,57.702704],[12.012338,57.702642],[12.011664,57.7026],[12.0112,57.702666],[12.01063,57.702684],[12.010021,57.702617],[12.010076,57.70213],[12.009956,57.701702],[12.009476,57.701756],[12.009509,57.70122],[12.00946,57.700368],[12.009431,57.699857],[12.009493,57.699392],[12.010787,57.699512],[12.011802,57.69964],[12.012409,57.699741],[12.012851,57.699851],[12.013212,57.69994],[12.016384,57.700855],[12.018082,57.701339],[12.018832,57.701544],[12.0195,57.701679],[12.020446,57.70194],[12.019877,57.7039],[12.021514,57.704362],[12.021275,57.705603]]]}},{"type":"Feature","properties":{"kod":"14800326","namn":"Östra Centrum, Örgryte"},"geometry":{"type":"Polygon","coordinates":[[[12.006039,57.704511],[12.006237,57.704931],[12.007157,57.707595],[12.007279,57.708125],[12.007279,57.708125],[12.007276,57.708833],[12.007276,57.708833],[12.007132,57.708844],[12.007072,57.708847],[12.007052,57.708848],[12.007029,57.708849],[12.006682,57.708868],[12.006598,57.708866],[12.006397,57.708861],[12.005997,57.708851],[12.005629,57.708841],[12.005471,57.708823],[12.004665,57.708783],[12.003885,57.708744],[12.003748,57.708737],[12.002919,57.708688],[12.002927,57.70865],[12.003156,57.707645],[12.003222,57.706857],[12.003041,57.706758],[12.002586,57.706576],[12.002169,57.706468],[12.001765,57.706389],[12.001291,57.706347],[12.000249,57.70628],[11.998107,57.706108],[11.998272,57.705375],[11.998604,57.70391],[11.998104,57.703881],[11.998112,57.703999],[11.998125,57.704202],[11.997676,57.70425],[11.997663,57.704585],[11.996897,57.704587],[11.996905,57.704672],[11.996221,57.704739],[11.996282,57.704941],[11.996112,57.704954],[11.995892,57.704971],[11.99587,57.7049],[11.995731,57.704802],[11.995449,57.704826],[11.995162,57.703657],[11.995085,57.703384],[11.995009,57.703113],[11.994858,57.702656],[11.994819,57.702089],[11.994919,57.701575],[11.994972,57.701301],[11.99508,57.700554],[11.995284,57.699856],[11.995686,57.698805],[11.99574,57.698505],[11.99593,57.697758],[11.99593,57.697679],[11.998163,57.697935],[12.001975,57.696832],[12.00205,57.697042],[12.002279,57.697299],[12.001499,57.698546],[12.001526,57.698551],[12.0021,57.698706],[12.002402,57.699022],[12.002652,57.699175],[12.003105,57.699274],[12.003995,57.699362],[12.007199,57.699259],[12.008372,57.699297],[12.009493,57.699392],[12.009431,57.699857],[12.00946,57.700368],[12.009509,57.70122],[12.009476,57.701756],[12.008154,57.701883],[12.007077,57.701862],[12.006712,57.701829],[12.004758,57.701574],[12.004562,57.701645],[12.004492,57.70175],[12.003511,57.702444],[12.004256,57.703078],[12.004613,57.703307],[12.005299,57.703829],[12.006039,57.704511]]]}},{"type":"Feature","properties":{"kod":"14800327","namn":"Östra Centrum, Prästgårdsängen m fl"},"geometry":{"type":"Polygon","coordinates":[[[12.014401,57.708534],[12.013592,57.70844],[12.012554,57.708369],[12.012552,57.708369],[12.012187,57.708373],[12.012095,57.708375],[12.012004,57.708375],[12.011913,57.708374],[12.011821,57.708372],[12.01173,57.708367],[12.011639,57.708362],[12.011548,57.708355],[12.011457,57.708347],[12.011368,57.708337],[12.011279,57.708326],[12.01119,57.708313],[12.011102,57.708299],[12.011015,57.708284],[12.010929,57.708267],[12.010844,57.708249],[12.010097,57.708107],[12.009791,57.708076],[12.009624,57.708075],[12.009021,57.708072],[12.008329,57.708104],[12.007856,57.708116],[12.007558,57.708121],[12.007279,57.708125],[12.007279,57.708125],[12.007157,57.707595],[12.006237,57.704931],[12.006039,57.704511],[12.005299,57.703829],[12.004613,57.703307],[12.004256,57.703078],[12.003511,57.702444],[12.004492,57.70175],[12.004562,57.701645],[12.004758,57.701574],[12.006712,57.701829],[12.007077,57.701862],[12.008154,57.701883],[12.009476,57.701756],[12.009956,57.701702],[12.010076,57.70213],[12.010021,57.702617],[12.01063,57.702684],[12.0112,57.702666],[12.011664,57.7026],[12.012338,57.702642],[12.013497,57.702704],[12.013476,57.703023],[12.013458,57.703605],[12.014506,57.70362],[12.014424,57.703989],[12.01441,57.70443],[12.014484,57.705158],[12.013141,57.705483],[12.013124,57.706931],[12.014816,57.70758],[12.014401,57.708534]]]}},{"type":"Feature","properties":{"kod":"14800328","namn":"Östra Centrum, Kärralund Södra"},"geometry":{"type":"Polygon","coordinates":[[[12.015233,57.710786],[12.013965,57.711007],[12.012732,57.709225],[12.012538,57.708849],[12.012554,57.708369],[12.013592,57.70844],[12.014401,57.708534],[12.014816,57.70758],[12.013124,57.706931],[12.013141,57.705483],[12.014484,57.705158],[12.01441,57.70443],[12.014424,57.703989],[12.014883,57.703891],[12.015929,57.703857],[12.017474,57.703714],[12.018286,57.70485],[12.019348,57.705517],[12.020043,57.705524],[12.020702,57.705522],[12.021193,57.705592],[12.021275,57.705603],[12.020753,57.707846],[12.020572,57.708533],[12.020251,57.709058],[12.019813,57.709535],[12.019308,57.710086],[12.018328,57.709853],[12.017841,57.710473],[12.017413,57.711022],[12.015675,57.710457],[12.015233,57.710786]]]}},{"type":"Feature","properties":{"kod":"14800329","namn":"Östra Centrum, Kärralund Norra"},"geometry":{"type":"Polygon","coordinates":[[[12.014418,57.713221],[12.014624,57.71293],[12.014754,57.712677],[12.014832,57.712447],[12.014792,57.712213],[12.014437,57.711671],[12.013965,57.711007],[12.015233,57.710786],[12.015675,57.710457],[12.017413,57.711022],[12.017841,57.710473],[12.018328,57.709853],[12.019308,57.710086],[12.019813,57.709535],[12.020251,57.709058],[12.020572,57.708533],[12.022429,57.708638],[12.022741,57.708624],[12.023908,57.708696],[12.02382,57.709629],[12.023865,57.710094],[12.02385,57.71084],[12.023896,57.711079],[12.023876,57.712255],[12.023875,57.712315],[12.024164,57.713144],[12.023183,57.713112],[12.021098,57.712469],[12.020031,57.712909],[12.019823,57.713066],[12.018805,57.712624],[12.017931,57.712911],[12.017088,57.712364],[12.016637,57.712024],[12.014418,57.713221]]]}},{"type":"Feature","properties":{"kod":"14800330","namn":"Östra Centrum, Härlanda"},"geometry":{"type":"Polygon","coordinates":[[[12.02534,57.718078],[12.023787,57.718183],[12.023373,57.718295],[12.022203,57.718602],[12.021353,57.718776],[12.020994,57.718629],[12.020905,57.718594],[12.020815,57.71856],[12.020722,57.718528],[12.020628,57.718497],[12.020534,57.718466],[12.020436,57.718438],[12.020339,57.71841],[12.02024,57.718384],[12.02014,57.71836],[12.020038,57.718336],[12.019936,57.718314],[12.019832,57.718293],[12.01906,57.718148],[12.018895,57.718058],[12.015792,57.717468],[12.01517,57.717371],[12.014498,57.717268],[12.014372,57.717257],[12.014235,57.717246],[12.014098,57.717237],[12.013959,57.717229],[12.013196,57.717183],[12.011809,57.717083],[12.01086,57.716983],[12.009723,57.716848],[12.008686,57.716724],[12.008267,57.716726],[12.007642,57.716806],[12.007257,57.716814],[12.006882,57.716775],[12.00614,57.716591],[12.005618,57.716393],[12.004668,57.716039],[12.004277,57.715789],[12.004219,57.715702],[12.004185,57.71556],[12.005062,57.714406],[12.005251,57.714262],[12.005674,57.714095],[12.006048,57.714335],[12.006432,57.714096],[12.009868,57.713953],[12.01088,57.713911],[12.012723,57.713604],[12.013171,57.713529],[12.014418,57.713221],[12.016637,57.712024],[12.017088,57.712364],[12.017931,57.712911],[12.018805,57.712624],[12.019823,57.713066],[12.020031,57.712909],[12.021098,57.712469],[12.023183,57.713112],[12.024164,57.713144],[12.024281,57.713424],[12.024819,57.71483],[12.02506,57.715626],[12.025185,57.716011],[12.02524,57.716179],[12.025311,57.716779],[12.025296,57.717065],[12.025304,57.717265],[12.02534,57.718078]]]}},{"type":"Feature","properties":{"kod":"14800331","namn":"Östra Centrum, Lunden Nya"},"geometry":{"type":"Polygon","coordinates":[[[12.014792,57.712213],[12.014832,57.712447],[12.014754,57.712677],[12.014624,57.71293],[12.014418,57.713221],[12.013171,57.713529],[12.012723,57.713604],[12.01088,57.713911],[12.010913,57.71371],[12.010568,57.712794],[12.010652,57.712778],[12.010491,57.711985],[12.010386,57.711995],[12.010366,57.711888],[12.011091,57.711757],[12.011321,57.711716],[12.011231,57.711573],[12.011097,57.710742],[12.011192,57.710725],[12.011298,57.710706],[12.011313,57.710703],[12.011325,57.710699],[12.011336,57.710693],[12.011345,57.710686],[12.011351,57.710679],[12.011355,57.710671],[12.011356,57.710662],[12.011349,57.71056],[12.011357,57.710555],[12.01133,57.710494],[12.011163,57.710509],[12.011153,57.71051],[12.010566,57.71056],[12.010087,57.710184],[12.00999,57.710069],[12.009922,57.710015],[12.009793,57.709914],[12.00977,57.709897],[12.009744,57.709881],[12.009717,57.709866],[12.009686,57.709853],[12.009655,57.709841],[12.009621,57.70983],[12.009586,57.70982],[12.00955,57.709812],[12.009512,57.709806],[12.009474,57.709801],[12.009435,57.709798],[12.008832,57.709762],[12.008877,57.709739],[12.008909,57.709713],[12.008969,57.709609],[12.008976,57.709584],[12.008993,57.709533],[12.009064,57.709452],[12.009087,57.709422],[12.009113,57.709375],[12.009101,57.709349],[12.009024,57.709236],[12.009149,57.709086],[12.009213,57.708972],[12.009196,57.708942],[12.009123,57.70889],[12.00901,57.708823],[12.008982,57.7088],[12.008707,57.708703],[12.008357,57.70859],[12.008239,57.708278],[12.008201,57.708257],[12.00815,57.708239],[12.008105,57.708225],[12.008061,57.708216],[12.007964,57.708196],[12.007558,57.708121],[12.007856,57.708116],[12.008329,57.708104],[12.009021,57.708072],[12.009624,57.708075],[12.009791,57.708076],[12.010097,57.708107],[12.010844,57.708249],[12.010929,57.708267],[12.011015,57.708284],[12.011102,57.708299],[12.01119,57.708313],[12.011279,57.708326],[12.011368,57.708337],[12.011457,57.708347],[12.011548,57.708355],[12.011639,57.708362],[12.01173,57.708367],[12.011821,57.708372],[12.011913,57.708374],[12.012004,57.708375],[12.012095,57.708375],[12.012187,57.708373],[12.012552,57.708369],[12.012554,57.708369],[12.012538,57.708849],[12.012732,57.709225],[12.013965,57.711007],[12.014437,57.711671],[12.014792,57.712213]]]}},{"type":"Feature","properties":{"kod":"14800332","namn":"Östra Centrum, Danska Vägen m fl"},"geometry":{"type":"Polygon","coordinates":[[[12.011231,57.711573],[12.011321,57.711716],[12.011091,57.711757],[12.010366,57.711888],[12.010386,57.711995],[12.009673,57.712036],[12.009631,57.712038],[12.009077,57.712075],[12.008897,57.71208],[12.008809,57.712047],[12.008691,57.711406],[12.007176,57.711432],[12.007058,57.710937],[12.007207,57.709844],[12.005222,57.70997],[12.004358,57.709488],[12.003699,57.709141],[12.003748,57.708737],[12.003885,57.708744],[12.004665,57.708783],[12.005471,57.708823],[12.005629,57.708841],[12.005997,57.708851],[12.006397,57.708861],[12.006598,57.708866],[12.006682,57.708868],[12.007029,57.708849],[12.007052,57.708848],[12.007072,57.708847],[12.007132,57.708844],[12.007276,57.708833],[12.007276,57.708833],[12.007279,57.708125],[12.007558,57.708121],[12.007964,57.708196],[12.008061,57.708216],[12.008105,57.708225],[12.00815,57.708239],[12.008201,57.708257],[12.008239,57.708278],[12.008357,57.70859],[12.008707,57.708703],[12.008982,57.7088],[12.00901,57.708823],[12.009123,57.70889],[12.009196,57.708942],[12.009213,57.708972],[12.009149,57.709086],[12.009024,57.709236],[12.009101,57.709349],[12.009113,57.709375],[12.009087,57.709422],[12.009064,57.709452],[12.008993,57.709533],[12.008976,57.709584],[12.008969,57.709609],[12.008909,57.709713],[12.008877,57.709739],[12.008832,57.709762],[12.009435,57.709798],[12.009474,57.709801],[12.009512,57.709806],[12.00955,57.709812],[12.009586,57.70982],[12.009621,57.70983],[12.009655,57.709841],[12.009686,57.709853],[12.009717,57.709866],[12.009744,57.709881],[12.00977,57.709897],[12.009793,57.709914],[12.009922,57.710015],[12.00999,57.710069],[12.010087,57.710184],[12.010566,57.71056],[12.011153,57.71051],[12.011163,57.710509],[12.01133,57.710494],[12.011357,57.710555],[12.011349,57.71056],[12.011356,57.710662],[12.011355,57.710671],[12.011351,57.710679],[12.011345,57.710686],[12.011336,57.710693],[12.011325,57.710699],[12.011313,57.710703],[12.011298,57.710706],[12.011192,57.710725],[12.011097,57.710742],[12.011231,57.711573]]]}},{"type":"Feature","properties":{"kod":"14800333","namn":"Östra Centrum, Nobelplatsen"},"geometry":{"type":"Polygon","coordinates":[[[12.01088,57.713911],[12.009868,57.713953],[12.006432,57.714096],[12.006048,57.714335],[12.005674,57.714095],[12.006241,57.71379],[12.007091,57.713206],[12.007199,57.712982],[12.007467,57.712993],[12.007664,57.712734],[12.008183,57.712613],[12.007836,57.712119],[12.008809,57.712047],[12.008897,57.71208],[12.009077,57.712075],[12.009631,57.712038],[12.009673,57.712036],[12.010386,57.711995],[12.010491,57.711985],[12.010652,57.712778],[12.010568,57.712794],[12.010913,57.71371],[12.01088,57.713911]]]}},{"type":"Feature","properties":{"kod":"14800334","namn":"Östra Centrum, Sankt Pauli"},"geometry":{"type":"Polygon","coordinates":[[[12.005674,57.714095],[12.005251,57.714262],[12.004722,57.714119],[12.004506,57.714078],[12.004254,57.714034],[12.004134,57.714013],[12.003763,57.713964],[12.003738,57.713944],[12.002998,57.713583],[12.00362,57.713043],[12.004511,57.712264],[12.004378,57.711949],[12.005537,57.711816],[12.005232,57.711065],[12.00521,57.710449],[12.005222,57.70997],[12.007207,57.709844],[12.007058,57.710937],[12.007176,57.711432],[12.008691,57.711406],[12.008809,57.712047],[12.007836,57.712119],[12.008183,57.712613],[12.007664,57.712734],[12.007467,57.712993],[12.007199,57.712982],[12.007091,57.713206],[12.006241,57.71379],[12.005674,57.714095]]]}},{"type":"Feature","properties":{"kod":"14800335","namn":"Östra Centrum, Lunden Gamla"},"geometry":{"type":"Polygon","coordinates":[[[12.00521,57.710449],[12.005232,57.711065],[12.005537,57.711816],[12.004378,57.711949],[12.004511,57.712264],[12.00362,57.713043],[12.002918,57.712686],[12.002571,57.711895],[12.002286,57.711354],[12.001324,57.710581],[12.000902,57.710366],[12.001607,57.710026],[12.001588,57.709571],[12.002793,57.70961],[12.003652,57.710055],[12.004307,57.710421],[12.00521,57.710449]]]}},{"type":"Feature","properties":{"kod":"14800336","namn":"Östra Centrum, Överås"},"geometry":{"type":"Polygon","coordinates":[[[12.000902,57.710366],[12.000184,57.710704],[11.999887,57.710416],[11.999352,57.709935],[11.999227,57.709802],[11.999177,57.709768],[11.999073,57.709776],[11.998876,57.709768],[11.998776,57.709734],[11.998675,57.709636],[11.998604,57.70947],[11.998361,57.709105],[11.997622,57.706585],[11.998063,57.706303],[11.998107,57.706108],[12.000249,57.70628],[12.001291,57.706347],[12.001765,57.706389],[12.002169,57.706468],[12.002586,57.706576],[12.003041,57.706758],[12.003222,57.706857],[12.003156,57.707645],[12.002927,57.70865],[12.002919,57.708688],[12.003748,57.708737],[12.003699,57.709141],[12.004358,57.709488],[12.005222,57.70997],[12.00521,57.710449],[12.004307,57.710421],[12.003652,57.710055],[12.002793,57.70961],[12.001588,57.709571],[12.001607,57.710026],[12.000902,57.710366]]]}},{"type":"Feature","properties":{"kod":"14800337","namn":"Östra Centrum, Gubbero"},"geometry":{"type":"Polygon","coordinates":[[[12.003738,57.713944],[12.002723,57.714061],[12.002171,57.714207],[12.001717,57.714433],[12.001069,57.714029],[12.000421,57.713598],[11.999949,57.713083],[11.999463,57.712602],[11.998983,57.711928],[11.99884,57.71165],[11.998622,57.710994],[11.998441,57.710333],[11.998317,57.710128],[11.999227,57.709802],[11.999352,57.709935],[11.999887,57.710416],[12.000184,57.710704],[12.000902,57.710366],[12.001324,57.710581],[12.002286,57.711354],[12.002571,57.711895],[12.002918,57.712686],[12.00362,57.713043],[12.002998,57.713583],[12.003738,57.713944]]]}},{"type":"Feature","properties":{"kod":"14800338","namn":"Östra Centrum, Gubberoparken"},"geometry":{"type":"Polygon","coordinates":[[[11.998983,57.711928],[11.998739,57.711972],[11.99868,57.712351],[11.999564,57.713675],[12.000727,57.714305],[12.000551,57.714723],[11.999976,57.71468],[11.998465,57.714541],[11.998206,57.714517],[11.997977,57.714484],[11.997748,57.714449],[11.997521,57.714413],[11.997294,57.714376],[11.997068,57.714337],[11.996844,57.714297],[11.996819,57.714292],[11.995453,57.714115],[11.994577,57.714025],[11.994579,57.713882],[11.994412,57.713499],[11.995318,57.712894],[11.996174,57.712309],[11.996973,57.711556],[11.997125,57.711315],[11.997267,57.710911],[11.997223,57.710309],[11.996836,57.709204],[11.996635,57.708626],[11.996372,57.707999],[11.995903,57.706324],[11.995819,57.706023],[11.99564,57.705601],[11.995449,57.704826],[11.995731,57.704802],[11.99587,57.7049],[11.995892,57.704971],[11.996112,57.704954],[11.996282,57.704941],[11.996221,57.704739],[11.996905,57.704672],[11.996897,57.704587],[11.997663,57.704585],[11.997676,57.70425],[11.998125,57.704202],[11.998112,57.703999],[11.998104,57.703881],[11.998604,57.70391],[11.998272,57.705375],[11.998107,57.706108],[11.998063,57.706303],[11.997622,57.706585],[11.998361,57.709105],[11.998604,57.70947],[11.998675,57.709636],[11.998776,57.709734],[11.998876,57.709768],[11.999073,57.709776],[11.999177,57.709768],[11.999227,57.709802],[11.998317,57.710128],[11.998441,57.710333],[11.998622,57.710994],[11.99884,57.71165],[11.998983,57.711928]]]}},{"type":"Feature","properties":{"kod":"14800339","namn":"Östra Centrum, Redbergsplatsen"},"geometry":{"type":"Polygon","coordinates":[[[12.004711,57.716984],[12.004013,57.717075],[12.003915,57.717033],[12.003783,57.716828],[12.003518,57.716412],[12.003421,57.716428],[12.002953,57.716507],[12.001862,57.71581],[12.001855,57.715804],[12.001849,57.715797],[12.001847,57.715791],[12.001847,57.715783],[12.00185,57.715776],[12.001856,57.71577],[12.001983,57.715649],[12.00186,57.715611],[12.001789,57.715677],[12.001693,57.715651],[12.001515,57.715836],[12.001427,57.715859],[12.001169,57.715788],[12.001051,57.715819],[12.000878,57.715771],[11.999334,57.715346],[11.999976,57.71468],[12.000551,57.714723],[12.000727,57.714305],[11.999564,57.713675],[11.99868,57.712351],[11.998739,57.711972],[11.998983,57.711928],[11.999463,57.712602],[11.999949,57.713083],[12.000421,57.713598],[12.001069,57.714029],[12.001717,57.714433],[12.002171,57.714207],[12.002723,57.714061],[12.003738,57.713944],[12.003763,57.713964],[12.004134,57.714013],[12.004254,57.714034],[12.004506,57.714078],[12.004722,57.714119],[12.005251,57.714262],[12.005062,57.714406],[12.004185,57.71556],[12.004219,57.715702],[12.004277,57.715789],[12.004059,57.715859],[12.004711,57.716984]]]}},{"type":"Feature","properties":{"kod":"14800340","namn":"Östra Centrum, Olskroken"},"geometry":{"type":"Polygon","coordinates":[[[12.007252,57.727315],[12.00694,57.727285],[12.005072,57.726916],[12.004807,57.72687],[12.00462,57.726837],[12.004609,57.726836],[12.004599,57.726834],[12.004588,57.726833],[12.004578,57.726832],[12.004567,57.72683],[12.004556,57.726829],[12.004546,57.726828],[12.004535,57.726827],[12.004524,57.726826],[12.004513,57.726825],[12.004503,57.726824],[12.004492,57.726824],[12.004481,57.726823],[12.00447,57.726822],[12.004459,57.726822],[12.004448,57.726822],[12.004437,57.726821],[12.004427,57.726821],[12.004416,57.726821],[12.004404,57.726821],[12.004394,57.72682],[12.004383,57.72682],[12.004372,57.72682],[12.004361,57.72682],[12.004355,57.726821],[12.004349,57.726822],[12.004342,57.726822],[12.004336,57.726823],[12.00433,57.726823],[12.004323,57.726824],[12.004317,57.726824],[12.00431,57.726824],[12.004304,57.726824],[12.004298,57.726824],[12.004291,57.726824],[12.004285,57.726824],[12.004278,57.726824],[12.004272,57.726824],[12.004266,57.726824],[12.004259,57.726824],[12.004253,57.726823],[12.004247,57.726823],[12.004241,57.726822],[12.004235,57.726822],[12.004228,57.726821],[12.004222,57.72682],[12.004215,57.726819],[12.00421,57.726819],[12.004203,57.726817],[12.004197,57.726817],[12.004191,57.726815],[12.004185,57.726815],[12.004179,57.726813],[12.004173,57.726812],[12.004167,57.726811],[12.004162,57.72681],[12.003975,57.72677],[12.003504,57.726732],[12.003403,57.726726],[12.0033,57.726718],[12.0032,57.726709],[12.003099,57.726698],[12.002999,57.726685],[12.0029,57.72667],[12.002802,57.726654],[12.002733,57.726632],[12.002666,57.726609],[12.0026,57.726585],[12.002537,57.726559],[12.002475,57.726532],[12.002414,57.726504],[12.002356,57.726475],[12.002299,57.726445],[12.002244,57.726414],[12.002193,57.726381],[12.001848,57.726132],[12.001539,57.725909],[12.001423,57.725669],[12.001188,57.725352],[11.998412,57.722806],[11.997818,57.722201],[11.997419,57.721902],[11.997367,57.721872],[11.997018,57.721644],[11.996687,57.721486],[11.996617,57.721457],[11.996549,57.721426],[11.996483,57.721394],[11.996419,57.721361],[11.996357,57.721327],[11.996297,57.721292],[11.996241,57.721256],[11.996186,57.721218],[11.996133,57.72118],[11.996083,57.721141],[11.996035,57.721101],[11.995991,57.72106],[11.995974,57.721047],[11.995957,57.721034],[11.995936,57.721023],[11.995914,57.721013],[11.99589,57.721004],[11.995864,57.720997],[11.995837,57.720991],[11.99581,57.720986],[11.995781,57.720983],[11.995752,57.720982],[11.995629,57.720964],[11.995507,57.720943],[11.995449,57.720933],[11.995393,57.72092],[11.995339,57.720905],[11.995286,57.720889],[11.995235,57.720871],[11.993626,57.720953],[11.988692,57.721111],[11.987601,57.721133],[11.988548,57.720394],[11.988681,57.720287],[11.990371,57.718738],[11.990974,57.718179],[11.991644,57.717715],[11.992103,57.717366],[11.99234,57.717257],[11.992805,57.717092],[11.99286,57.717071],[11.992914,57.717049],[11.992965,57.717025],[11.993016,57.717],[11.993064,57.716975],[11.993111,57.716948],[11.993155,57.716921],[11.993197,57.716892],[11.993238,57.716862],[11.993275,57.716832],[11.993311,57.716801],[11.993344,57.716769],[11.993375,57.716737],[11.993403,57.716704],[11.993429,57.71667],[11.994093,57.715758],[11.994158,57.71565],[11.994385,57.715273],[11.994466,57.715197],[11.994503,57.715174],[11.994537,57.715149],[11.994566,57.715123],[11.994603,57.715094],[11.994643,57.715066],[11.994674,57.715044],[11.994702,57.715022],[11.994728,57.714998],[11.994752,57.714974],[11.994774,57.714949],[11.994792,57.714924],[11.994808,57.714898],[11.994823,57.714873],[11.994836,57.714847],[11.994846,57.714821],[11.994853,57.714795],[11.994857,57.714769],[11.994858,57.714742],[11.994855,57.714715],[11.99485,57.714689],[11.994799,57.71455],[11.994577,57.714025],[11.995453,57.714115],[11.996819,57.714292],[11.996844,57.714297],[11.997068,57.714337],[11.997294,57.714376],[11.997521,57.714413],[11.997748,57.714449],[11.997977,57.714484],[11.998206,57.714517],[11.998465,57.714541],[11.999976,57.71468],[11.999334,57.715346],[12.000878,57.715771],[12.000859,57.715767],[12.00084,57.715765],[12.00082,57.715764],[12.000801,57.715765],[12.000782,57.715767],[12.000763,57.715771],[12.000746,57.715777],[12.000731,57.715784],[12.000718,57.715792],[12.000707,57.715801],[12.000487,57.716031],[12.00115,57.716214],[12.000796,57.716582],[12.00087,57.716603],[12.000679,57.716802],[12.0011,57.717053],[12.000472,57.717356],[12.001146,57.719237],[12.002159,57.720052],[12.002322,57.72017],[12.003011,57.72067],[12.003712,57.721178],[12.004286,57.721462],[12.004864,57.721794],[12.005795,57.722229],[12.006519,57.722416],[12.009136,57.722973],[12.008775,57.723366],[12.009259,57.723472],[12.009167,57.723622],[12.008877,57.723535],[12.008646,57.72403],[12.008331,57.724708],[12.007409,57.726689],[12.007252,57.727315]]]}},{"type":"Feature","properties":{"kod":"14800341","namn":"Östra Centrum, Redberget"},"geometry":{"type":"Polygon","coordinates":[[[12.005183,57.718418],[12.005254,57.7186],[12.005648,57.719856],[12.006113,57.721257],[12.004286,57.721462],[12.003712,57.721178],[12.003011,57.72067],[12.002322,57.72017],[12.002159,57.720052],[12.001146,57.719237],[12.000472,57.717356],[12.0011,57.717053],[12.000679,57.716802],[12.00087,57.716603],[12.000796,57.716582],[12.00115,57.716214],[12.000487,57.716031],[12.000707,57.715801],[12.000718,57.715792],[12.000731,57.715784],[12.000746,57.715777],[12.000763,57.715771],[12.000782,57.715767],[12.000801,57.715765],[12.00082,57.715764],[12.00084,57.715765],[12.000859,57.715767],[12.000878,57.715771],[12.001051,57.715819],[12.001169,57.715788],[12.001427,57.715859],[12.001515,57.715836],[12.001693,57.715651],[12.001789,57.715677],[12.00186,57.715611],[12.001983,57.715649],[12.001856,57.71577],[12.00185,57.715776],[12.001847,57.715783],[12.001847,57.715791],[12.001849,57.715797],[12.001855,57.715804],[12.001862,57.71581],[12.002953,57.716507],[12.003421,57.716428],[12.003518,57.716412],[12.003783,57.716828],[12.003915,57.717033],[12.004013,57.717075],[12.004711,57.716984],[12.004739,57.71703],[12.00496,57.717759],[12.005084,57.718168],[12.005183,57.718418]]]}},{"type":"Feature","properties":{"kod":"14800342","namn":"Östra Centrum, Bagaregården"},"geometry":{"type":"Polygon","coordinates":[[[12.011814,57.719467],[12.010278,57.718889],[12.010406,57.718506],[12.008491,57.717837],[12.007707,57.718106],[12.007535,57.718122],[12.007436,57.718199],[12.005183,57.718418],[12.005084,57.718168],[12.00496,57.717759],[12.004739,57.71703],[12.004711,57.716984],[12.004059,57.715859],[12.004277,57.715789],[12.004668,57.716039],[12.005618,57.716393],[12.00614,57.716591],[12.006882,57.716775],[12.007257,57.716814],[12.007642,57.716806],[12.008267,57.716726],[12.008686,57.716724],[12.009723,57.716848],[12.01086,57.716983],[12.011809,57.717083],[12.013196,57.717183],[12.013959,57.717229],[12.014098,57.717237],[12.014235,57.717246],[12.014372,57.717257],[12.014498,57.717268],[12.014499,57.717372],[12.014607,57.717887],[12.013699,57.718772],[12.012826,57.718863],[12.012746,57.718936],[12.012496,57.718859],[12.011814,57.719467]]]}},{"type":"Feature","properties":{"kod":"14800343","namn":"Östra Centrum, Redbergslid"},"geometry":{"type":"Polygon","coordinates":[[[12.007436,57.718199],[12.008527,57.718659],[12.007923,57.71925],[12.008468,57.71948],[12.007756,57.720045],[12.009744,57.720806],[12.009351,57.721036],[12.009904,57.722631],[12.009278,57.722624],[12.009136,57.722973],[12.006519,57.722416],[12.005795,57.722229],[12.004864,57.721794],[12.004286,57.721462],[12.006113,57.721257],[12.005648,57.719856],[12.005254,57.7186],[12.005183,57.718418],[12.007436,57.718199]]]}},{"type":"Feature","properties":{"kod":"14800344","namn":"Östra Centrum, Ånäs"},"geometry":{"type":"Polygon","coordinates":[[[12.019379,57.724296],[12.018299,57.724362],[12.018073,57.724327],[12.017216,57.724347],[12.017168,57.724434],[12.016783,57.724454],[12.01667,57.724452],[12.016642,57.724402],[12.016353,57.724442],[12.015947,57.724428],[12.015935,57.724404],[12.01563,57.7243],[12.013531,57.72406],[12.011591,57.723853],[12.011382,57.723835],[12.010783,57.723782],[12.009944,57.723657],[12.009259,57.723472],[12.008775,57.723366],[12.009136,57.722973],[12.009278,57.722624],[12.009904,57.722631],[12.009351,57.721036],[12.009744,57.720806],[12.007756,57.720045],[12.008468,57.71948],[12.007923,57.71925],[12.008527,57.718659],[12.007436,57.718199],[12.007535,57.718122],[12.007707,57.718106],[12.008491,57.717837],[12.010406,57.718506],[12.010278,57.718889],[12.011814,57.719467],[12.011435,57.719809],[12.013251,57.719862],[12.013043,57.720877],[12.013273,57.721732],[12.013669,57.721488],[12.014344,57.721619],[12.016448,57.721676],[12.016401,57.721945],[12.016242,57.722139],[12.016066,57.722267],[12.015435,57.722737],[12.015424,57.722745],[12.015654,57.722834],[12.016001,57.722856],[12.016105,57.722863],[12.016572,57.722835],[12.01704,57.722808],[12.017184,57.722799],[12.017494,57.722905],[12.017707,57.722978],[12.017821,57.722998],[12.018297,57.723005],[12.018339,57.723012],[12.018741,57.723082],[12.01874,57.723284],[12.01874,57.723306],[12.018738,57.723566],[12.018738,57.723817],[12.019301,57.723817],[12.019379,57.724296]]]}},{"type":"Feature","properties":{"kod":"14800345","namn":"Östra Centrum, Strömmensberg Västra"},"geometry":{"type":"Polygon","coordinates":[[[12.016448,57.721676],[12.014344,57.721619],[12.013669,57.721488],[12.013273,57.721732],[12.013043,57.720877],[12.013251,57.719862],[12.011435,57.719809],[12.011814,57.719467],[12.012496,57.718859],[12.012746,57.718936],[12.012826,57.718863],[12.013699,57.718772],[12.014607,57.717887],[12.014499,57.717372],[12.014498,57.717268],[12.01517,57.717371],[12.015792,57.717468],[12.015713,57.717732],[12.016278,57.718086],[12.017505,57.718788],[12.017725,57.718998],[12.018425,57.719418],[12.018309,57.720208],[12.018301,57.720405],[12.018213,57.720497],[12.018065,57.720612],[12.017945,57.720658],[12.017227,57.720772],[12.016946,57.720794],[12.016759,57.720862],[12.016598,57.720968],[12.016519,57.721095],[12.0165,57.721201],[12.016448,57.721676]]]}},{"type":"Feature","properties":{"kod":"14800346","namn":"Östra Centrum, Strömmensberg Östra"},"geometry":{"type":"Polygon","coordinates":[[[12.019358,57.723256],[12.019254,57.723245],[12.019065,57.723209],[12.018856,57.72308],[12.018741,57.723082],[12.018339,57.723012],[12.018297,57.723005],[12.017821,57.722998],[12.017707,57.722978],[12.017494,57.722905],[12.017184,57.722799],[12.01704,57.722808],[12.016572,57.722835],[12.016105,57.722863],[12.016001,57.722856],[12.015654,57.722834],[12.015424,57.722745],[12.015435,57.722737],[12.016066,57.722267],[12.016242,57.722139],[12.016401,57.721945],[12.016448,57.721676],[12.0165,57.721201],[12.016519,57.721095],[12.016598,57.720968],[12.016759,57.720862],[12.016946,57.720794],[12.017227,57.720772],[12.017945,57.720658],[12.018065,57.720612],[12.018213,57.720497],[12.018301,57.720405],[12.018309,57.720208],[12.018425,57.719418],[12.017725,57.718998],[12.017505,57.718788],[12.016278,57.718086],[12.015713,57.717732],[12.015792,57.717468],[12.018895,57.718058],[12.01906,57.718148],[12.019832,57.718293],[12.019936,57.718314],[12.020038,57.718336],[12.02014,57.71836],[12.02024,57.718384],[12.020339,57.71841],[12.020436,57.718438],[12.020534,57.718466],[12.020628,57.718497],[12.020722,57.718528],[12.020815,57.71856],[12.020905,57.718594],[12.020994,57.718629],[12.021353,57.718776],[12.021805,57.718962],[12.022518,57.7193],[12.022565,57.71927],[12.022933,57.719457],[12.023015,57.719507],[12.023094,57.719558],[12.02317,57.719611],[12.023243,57.719664],[12.023313,57.719719],[12.023344,57.719745],[12.023409,57.719723],[12.023519,57.719811],[12.023534,57.719829],[12.023474,57.71985],[12.023739,57.720068],[12.02373,57.720058],[12.023962,57.720296],[12.023439,57.720999],[12.023382,57.721075],[12.023327,57.721149],[12.023289,57.721201],[12.023253,57.721249],[12.023219,57.721294],[12.023109,57.721441],[12.023097,57.721458],[12.023085,57.721475],[12.022905,57.721716],[12.022678,57.721876],[12.022588,57.721968],[12.022168,57.7224],[12.02205,57.722521],[12.021895,57.722489],[12.021685,57.722489],[12.021558,57.722562],[12.021398,57.722566],[12.021342,57.722574],[12.021313,57.722555],[12.021225,57.722593],[12.021008,57.722627],[12.020701,57.722707],[12.020616,57.722781],[12.020472,57.722853],[12.020411,57.722906],[12.020295,57.722962],[12.019358,57.723256]]]}},{"type":"Feature","properties":{"kod":"14800401","namn":"Centrum, Otterhällan"},"geometry":{"type":"Polygon","coordinates":[[[11.961438,57.706102],[11.960412,57.706256],[11.958822,57.706494],[11.956084,57.707059],[11.95407,57.705791],[11.951317,57.704216],[11.951312,57.704214],[11.953272,57.702865],[11.9545,57.70202],[11.954529,57.702002],[11.95456,57.701985],[11.954593,57.701969],[11.954628,57.701954],[11.954664,57.701941],[11.954703,57.701929],[11.954743,57.701919],[11.954783,57.70191],[11.954825,57.701903],[11.954868,57.701896],[11.955417,57.70216],[11.955917,57.70243],[11.956471,57.702716],[11.957216,57.702816],[11.958309,57.702995],[11.958946,57.703088],[11.959805,57.703214],[11.961278,57.703571],[11.961184,57.704209],[11.960957,57.705162],[11.961528,57.705295],[11.961514,57.705419],[11.961438,57.706102]]]}},{"type":"Feature","properties":{"kod":"14800402","namn":"Centrum, Inom Vallgraven"},"geometry":{"type":"Polygon","coordinates":[[[11.962815,57.705896],[11.961438,57.706102],[11.961514,57.705419],[11.961528,57.705295],[11.960957,57.705162],[11.961184,57.704209],[11.961278,57.703571],[11.959805,57.703214],[11.958946,57.703088],[11.958309,57.702995],[11.957216,57.702816],[11.956471,57.702716],[11.955917,57.70243],[11.955417,57.70216],[11.954868,57.701896],[11.954917,57.701891],[11.954964,57.701884],[11.955011,57.701876],[11.955057,57.701866],[11.955102,57.701855],[11.955146,57.701842],[11.955188,57.701829],[11.955229,57.701814],[11.955268,57.701798],[11.955306,57.701781],[11.955341,57.701762],[11.955375,57.701743],[11.955407,57.701723],[11.955437,57.701701],[11.955464,57.701679],[11.955625,57.701509],[11.955993,57.701152],[11.956021,57.701124],[11.956052,57.701098],[11.956085,57.701072],[11.95612,57.701047],[11.956157,57.701024],[11.956198,57.701001],[11.956239,57.700979],[11.956284,57.700958],[11.95633,57.700939],[11.956377,57.700922],[11.956426,57.700905],[11.956477,57.70089],[11.956529,57.700876],[11.956583,57.700863],[11.956637,57.700852],[11.956693,57.700843],[11.95675,57.700835],[11.95894,57.700442],[11.959035,57.700428],[11.959131,57.700416],[11.959228,57.700406],[11.959326,57.700397],[11.959423,57.700389],[11.959522,57.700384],[11.95962,57.700379],[11.959718,57.700376],[11.959817,57.700375],[11.959916,57.700375],[11.960014,57.700376],[11.960113,57.70038],[11.960211,57.700384],[11.96031,57.70039],[11.960407,57.700398],[11.960504,57.700407],[11.960601,57.700418],[11.960698,57.70043],[11.960793,57.700444],[11.960951,57.700469],[11.964762,57.701078],[11.964805,57.701082],[11.964848,57.701089],[11.96489,57.701096],[11.964931,57.701105],[11.964971,57.701115],[11.96501,57.701127],[11.965047,57.701141],[11.965082,57.701155],[11.965115,57.701171],[11.965146,57.701188],[11.965175,57.701206],[11.965201,57.701225],[11.965225,57.701245],[11.965247,57.701266],[11.965764,57.701911],[11.965947,57.702138],[11.966459,57.702423],[11.967545,57.702365],[11.969092,57.702265],[11.969116,57.702266],[11.969141,57.702267],[11.969165,57.70227],[11.969188,57.702274],[11.969211,57.70228],[11.969232,57.702287],[11.969251,57.702295],[11.969269,57.702304],[11.969285,57.702314],[11.969298,57.702325],[11.969309,57.702337],[11.969318,57.702349],[11.969324,57.702362],[11.969802,57.70332],[11.969817,57.703342],[11.969835,57.703364],[11.969855,57.703385],[11.969879,57.703406],[11.969905,57.703425],[11.969933,57.703443],[11.969963,57.703461],[11.969996,57.703477],[11.970031,57.703492],[11.970251,57.703577],[11.969346,57.704209],[11.969186,57.704387],[11.968936,57.70482],[11.966446,57.704435],[11.963828,57.704023],[11.962919,57.705642],[11.962815,57.705896]]]}},{"type":"Feature","properties":{"kod":"14800403","namn":"Centrum, Nordstan"},"geometry":{"type":"Polygon","coordinates":[[[11.973764,57.708489],[11.972905,57.708339],[11.972419,57.708337],[11.971294,57.708155],[11.970887,57.708787],[11.969137,57.710505],[11.96626,57.710125],[11.965816,57.710771],[11.964188,57.713136],[11.962309,57.71225],[11.961675,57.711972],[11.959835,57.710499],[11.956084,57.707059],[11.958822,57.706494],[11.960412,57.706256],[11.961438,57.706102],[11.962815,57.705896],[11.967694,57.706657],[11.967876,57.706722],[11.96837,57.706898],[11.9718,57.707438],[11.974332,57.707449],[11.973764,57.708489]]]}},{"type":"Feature","properties":{"kod":"14800404","namn":"Centrum, Stampen Västra"},"geometry":{"type":"Polygon","coordinates":[[[11.983002,57.707485],[11.982961,57.708667],[11.982987,57.709359],[11.980507,57.708978],[11.978803,57.708708],[11.977319,57.708503],[11.977099,57.708868],[11.975834,57.708645],[11.97573,57.70883],[11.973764,57.708489],[11.974332,57.707449],[11.9718,57.707438],[11.96837,57.706898],[11.967876,57.706722],[11.967694,57.706657],[11.962815,57.705896],[11.962919,57.705642],[11.963828,57.704023],[11.966446,57.704435],[11.968936,57.70482],[11.969186,57.704387],[11.969346,57.704209],[11.970251,57.703577],[11.972061,57.702427],[11.973102,57.702875],[11.976902,57.704531],[11.977779,57.705579],[11.977756,57.707455],[11.983002,57.707485]]]}},{"type":"Feature","properties":{"kod":"14800405","namn":"Centrum, Odinsgatan m fl"},"geometry":{"type":"Polygon","coordinates":[[[11.987912,57.711143],[11.987948,57.71127],[11.990263,57.712391],[11.990473,57.712771],[11.991217,57.713512],[11.992136,57.714303],[11.993962,57.715543],[11.994158,57.71565],[11.994093,57.715758],[11.993429,57.71667],[11.993403,57.716704],[11.993375,57.716737],[11.993344,57.716769],[11.993311,57.716801],[11.993275,57.716832],[11.993238,57.716862],[11.993197,57.716892],[11.993155,57.716921],[11.993111,57.716948],[11.993064,57.716975],[11.993016,57.717],[11.992965,57.717025],[11.992914,57.717049],[11.99286,57.717071],[11.992805,57.717092],[11.99234,57.717257],[11.992103,57.717366],[11.991644,57.717715],[11.990974,57.718179],[11.990371,57.718738],[11.988681,57.720287],[11.988548,57.720394],[11.987601,57.721133],[11.986679,57.721896],[11.983562,57.72073],[11.978532,57.71908],[11.976975,57.71857],[11.974439,57.717649],[11.972436,57.716922],[11.971315,57.716515],[11.967054,57.714495],[11.964188,57.713136],[11.965816,57.710771],[11.96626,57.710125],[11.969137,57.710505],[11.970887,57.708787],[11.971294,57.708155],[11.972419,57.708337],[11.972905,57.708339],[11.973764,57.708489],[11.97573,57.70883],[11.975834,57.708645],[11.977099,57.708868],[11.977319,57.708503],[11.978803,57.708708],[11.980507,57.708978],[11.982987,57.709359],[11.984203,57.709551],[11.984836,57.709607],[11.987912,57.711143]]]}},{"type":"Feature","properties":{"kod":"14800406","namn":"Centrum, Stampen Östra"},"geometry":{"type":"Polygon","coordinates":[[[11.991398,57.710059],[11.989117,57.710744],[11.988969,57.710709],[11.986847,57.708771],[11.986705,57.709058],[11.98587,57.709475],[11.984836,57.709607],[11.984203,57.709551],[11.982987,57.709359],[11.982961,57.708667],[11.983002,57.707485],[11.985019,57.707497],[11.985538,57.707499],[11.986691,57.707506],[11.988222,57.707556],[11.9888,57.70757],[11.989508,57.707547],[11.989818,57.707986],[11.990132,57.708539],[11.990326,57.708836],[11.990507,57.709074],[11.990803,57.709441],[11.991134,57.7098],[11.991398,57.710059]]]}},{"type":"Feature","properties":{"kod":"14800407","namn":"Centrum, Friggagatan m fl"},"geometry":{"type":"Polygon","coordinates":[[[11.988969,57.710709],[11.988934,57.710832],[11.987912,57.711143],[11.984836,57.709607],[11.98587,57.709475],[11.986705,57.709058],[11.986847,57.708771],[11.988969,57.710709]]]}},{"type":"Feature","properties":{"kod":"14800408","namn":"Centrum, Svingeln"},"geometry":{"type":"Polygon","coordinates":[[[11.994577,57.714025],[11.994799,57.71455],[11.99485,57.714689],[11.994855,57.714715],[11.994858,57.714742],[11.994857,57.714769],[11.994853,57.714795],[11.994846,57.714821],[11.994836,57.714847],[11.994823,57.714873],[11.994808,57.714898],[11.994792,57.714924],[11.994774,57.714949],[11.994752,57.714974],[11.994728,57.714998],[11.994702,57.715022],[11.994674,57.715044],[11.994643,57.715066],[11.994603,57.715094],[11.994566,57.715123],[11.994537,57.715149],[11.994503,57.715174],[11.994466,57.715197],[11.994385,57.715273],[11.994158,57.71565],[11.993962,57.715543],[11.992136,57.714303],[11.991217,57.713512],[11.990473,57.712771],[11.990263,57.712391],[11.987948,57.71127],[11.987912,57.711143],[11.988934,57.710832],[11.988969,57.710709],[11.989117,57.710744],[11.991398,57.710059],[11.992874,57.711443],[11.993522,57.712077],[11.994042,57.71278],[11.994232,57.71311],[11.994412,57.713499],[11.994579,57.713882],[11.994577,57.714025]]]}},{"type":"Feature","properties":{"kod":"14800409","namn":"Centrum, Gårda Norra"},"geometry":{"type":"Polygon","coordinates":[[[11.995903,57.706324],[11.996372,57.707999],[11.996635,57.708626],[11.996836,57.709204],[11.997223,57.710309],[11.997267,57.710911],[11.997125,57.711315],[11.996973,57.711556],[11.996174,57.712309],[11.995318,57.712894],[11.994412,57.713499],[11.994232,57.71311],[11.994042,57.71278],[11.993522,57.712077],[11.992874,57.711443],[11.991398,57.710059],[11.991134,57.7098],[11.990803,57.709441],[11.990507,57.709074],[11.990326,57.708836],[11.990132,57.708539],[11.989818,57.707986],[11.989508,57.707547],[11.991485,57.707387],[11.991818,57.707351],[11.99202,57.70733],[11.99274,57.707194],[11.993081,57.707106],[11.993349,57.707011],[11.994107,57.706715],[11.994673,57.706564],[11.995903,57.706324]]]}},{"type":"Feature","properties":{"kod":"14800410","namn":"Centrum, Gårda Södra"},"geometry":{"type":"Polygon","coordinates":[[[11.985538,57.707499],[11.985019,57.707497],[11.985015,57.707288],[11.984972,57.707081],[11.984991,57.706852],[11.984975,57.706467],[11.984967,57.70627],[11.985014,57.704686],[11.985016,57.704666],[11.985041,57.704443],[11.985093,57.704043],[11.985222,57.703534],[11.985565,57.702166],[11.985677,57.701625],[11.985737,57.701351],[11.985826,57.701041],[11.985996,57.700623],[11.986192,57.69993],[11.986548,57.69852],[11.986583,57.698376],[11.986956,57.696814],[11.987107,57.696186],[11.989189,57.694226],[11.99001,57.693443],[11.99111,57.692395],[11.991164,57.692344],[11.991948,57.691707],[11.992152,57.691523],[11.992391,57.691709],[11.994835,57.692091],[11.994664,57.692548],[11.995044,57.692583],[11.995043,57.692592],[11.995045,57.692601],[11.995051,57.692609],[11.99506,57.692617],[11.995071,57.692623],[11.995084,57.692628],[11.995099,57.692632],[11.995115,57.692634],[11.996632,57.692757],[11.997055,57.692879],[11.997286,57.6929],[11.997236,57.693059],[11.997214,57.693129],[11.997057,57.693626],[11.997018,57.693623],[11.996888,57.694039],[11.996736,57.694522],[11.996448,57.695295],[11.996421,57.695377],[11.996381,57.695499],[11.996263,57.695853],[11.996162,57.696342],[11.996124,57.696664],[11.995957,57.697539],[11.99593,57.697679],[11.99593,57.697758],[11.99574,57.698505],[11.995686,57.698805],[11.995284,57.699856],[11.99508,57.700554],[11.994972,57.701301],[11.994919,57.701575],[11.994819,57.702089],[11.994858,57.702656],[11.995009,57.703113],[11.995085,57.703384],[11.995162,57.703657],[11.995449,57.704826],[11.99564,57.705601],[11.995819,57.706023],[11.995903,57.706324],[11.994673,57.706564],[11.994107,57.706715],[11.993349,57.707011],[11.993081,57.707106],[11.99274,57.707194],[11.99202,57.70733],[11.991818,57.707351],[11.991485,57.707387],[11.989508,57.707547],[11.9888,57.70757],[11.988222,57.707556],[11.986691,57.707506],[11.985538,57.707499]]]}},{"type":"Feature","properties":{"kod":"14800411","namn":"Centrum, Bohusgatan m fl"},"geometry":{"type":"Polygon","coordinates":[[[11.985093,57.704043],[11.985041,57.704443],[11.985016,57.704666],[11.985014,57.704686],[11.984967,57.70627],[11.984975,57.706467],[11.984991,57.706852],[11.984972,57.707081],[11.985015,57.707288],[11.985019,57.707497],[11.983002,57.707485],[11.977756,57.707455],[11.977779,57.705579],[11.976902,57.704531],[11.973102,57.702875],[11.972061,57.702427],[11.973214,57.701643],[11.975891,57.69975],[11.977763,57.700516],[11.979507,57.699657],[11.979505,57.699657],[11.980995,57.700286],[11.982026,57.700707],[11.983186,57.701201],[11.982927,57.701366],[11.98173,57.702188],[11.982876,57.702689],[11.982284,57.703072],[11.983304,57.703506],[11.985182,57.702278],[11.985565,57.702166],[11.985222,57.703534],[11.985093,57.704043]]]}},{"type":"Feature","properties":{"kod":"14800412","namn":"Centrum, Sten Sturegatan m fl"},"geometry":{"type":"Polygon","coordinates":[[[11.985565,57.702166],[11.985182,57.702278],[11.983304,57.703506],[11.982284,57.703072],[11.982876,57.702689],[11.98173,57.702188],[11.982927,57.701366],[11.983186,57.701201],[11.982026,57.700707],[11.983082,57.700636],[11.984118,57.699892],[11.984966,57.699927],[11.985157,57.699784],[11.986192,57.69993],[11.985996,57.700623],[11.985826,57.701041],[11.985737,57.701351],[11.985677,57.701625],[11.985565,57.702166]]]}},{"type":"Feature","properties":{"kod":"14800413","namn":"Centrum, Heden"},"geometry":{"type":"Polygon","coordinates":[[[11.984118,57.699892],[11.983082,57.700636],[11.982026,57.700707],[11.980995,57.700286],[11.979505,57.699657],[11.979507,57.699657],[11.977763,57.700516],[11.975891,57.69975],[11.977256,57.69872],[11.979324,57.697365],[11.981948,57.698442],[11.983024,57.698874],[11.984055,57.699311],[11.983756,57.699516],[11.984118,57.699892]]]}},{"type":"Feature","properties":{"kod":"14800414","namn":"Centrum, Hedås"},"geometry":{"type":"Polygon","coordinates":[[[11.986956,57.696814],[11.986583,57.698376],[11.986548,57.69852],[11.986192,57.69993],[11.985157,57.699784],[11.984966,57.699927],[11.984118,57.699892],[11.983756,57.699516],[11.984055,57.699311],[11.983024,57.698874],[11.981948,57.698442],[11.983497,57.697716],[11.984198,57.697373],[11.984609,57.697555],[11.985124,57.697362],[11.985388,57.69745],[11.985772,57.69733],[11.986087,57.6969],[11.98634,57.696774],[11.986956,57.696814]]]}},{"type":"Feature","properties":{"kod":"14800415","namn":"Centrum, Götaplatsen"},"geometry":{"type":"Polygon","coordinates":[[[11.977256,57.69872],[11.976596,57.698476],[11.976391,57.698379],[11.975487,57.698001],[11.974482,57.697574],[11.974907,57.697237],[11.976621,57.697361],[11.977573,57.696642],[11.97807,57.696204],[11.980497,57.69715],[11.982962,57.695811],[11.982557,57.695299],[11.982024,57.695072],[11.981776,57.694592],[11.982496,57.693857],[11.982638,57.69396],[11.982819,57.694001],[11.983261,57.694008],[11.983443,57.694007],[11.983676,57.694038],[11.984091,57.693957],[11.984367,57.69389],[11.984813,57.693617],[11.985479,57.693446],[11.98569,57.693402],[11.985938,57.693393],[11.986139,57.693441],[11.98629,57.693488],[11.986008,57.694991],[11.987197,57.695117],[11.987107,57.696186],[11.986956,57.696814],[11.98634,57.696774],[11.986087,57.6969],[11.985772,57.69733],[11.985388,57.69745],[11.985124,57.697362],[11.984609,57.697555],[11.984198,57.697373],[11.983497,57.697716],[11.981948,57.698442],[11.979324,57.697365],[11.977256,57.69872]]]}},{"type":"Feature","properties":{"kod":"14800416","namn":"Centrum, Carlandersplatsen"},"geometry":{"type":"Polygon","coordinates":[[[11.989014,57.691553],[11.99006,57.691578],[11.990125,57.691775],[11.990616,57.692025],[11.990842,57.692292],[11.99111,57.692395],[11.99001,57.693443],[11.989189,57.694226],[11.987107,57.696186],[11.987197,57.695117],[11.986008,57.694991],[11.98629,57.693488],[11.986357,57.69341],[11.986611,57.693213],[11.98685,57.692911],[11.987167,57.692402],[11.98752,57.691819],[11.987724,57.691507],[11.989014,57.691553]]]}},{"type":"Feature","properties":{"kod":"14800417","namn":"Centrum, Eklanda Östra"},"geometry":{"type":"Polygon","coordinates":[[[11.98752,57.691819],[11.986915,57.691724],[11.987373,57.690964],[11.987567,57.690088],[11.988178,57.689884],[11.98935,57.689689],[11.989472,57.689981],[11.98994,57.690256],[11.991462,57.690642],[11.990718,57.691518],[11.990313,57.691597],[11.99006,57.691578],[11.989014,57.691553],[11.987724,57.691507],[11.98752,57.691819]]]}},{"type":"Feature","properties":{"kod":"14800418","namn":"Centrum, Eklanda Norra"},"geometry":{"type":"Polygon","coordinates":[[[11.983676,57.694038],[11.983443,57.694007],[11.983261,57.694008],[11.982819,57.694001],[11.982638,57.69396],[11.982496,57.693857],[11.982554,57.693352],[11.982061,57.693268],[11.981407,57.693129],[11.981663,57.692919],[11.981357,57.692807],[11.981852,57.692424],[11.982382,57.692089],[11.982407,57.692072],[11.982429,57.692053],[11.982449,57.692035],[11.982466,57.692015],[11.982481,57.691995],[11.982492,57.691974],[11.982318,57.691917],[11.982502,57.691756],[11.982824,57.691687],[11.983782,57.691925],[11.984511,57.691694],[11.984956,57.691288],[11.984753,57.691209],[11.985583,57.690596],[11.985569,57.69035],[11.985449,57.690177],[11.984669,57.689914],[11.983848,57.689651],[11.984815,57.688709],[11.986521,57.688996],[11.98735,57.688901],[11.987567,57.688805],[11.988178,57.689884],[11.987567,57.690088],[11.987373,57.690964],[11.986915,57.691724],[11.98752,57.691819],[11.987167,57.692402],[11.98685,57.692911],[11.986611,57.693213],[11.986357,57.69341],[11.98629,57.693488],[11.986139,57.693441],[11.985938,57.693393],[11.98569,57.693402],[11.985479,57.693446],[11.984813,57.693617],[11.984367,57.69389],[11.984091,57.693957],[11.983676,57.694038]]]}},{"type":"Feature","properties":{"kod":"14800419","namn":"Centrum, Johanneberg Övre"},"geometry":{"type":"Polygon","coordinates":[[[11.983848,57.689651],[11.984669,57.689914],[11.985449,57.690177],[11.985569,57.69035],[11.985583,57.690596],[11.984753,57.691209],[11.984956,57.691288],[11.984511,57.691694],[11.983782,57.691925],[11.982824,57.691687],[11.982502,57.691756],[11.982318,57.691917],[11.982492,57.691974],[11.982481,57.691995],[11.982466,57.692015],[11.982449,57.692035],[11.982429,57.692053],[11.982407,57.692072],[11.982382,57.692089],[11.981852,57.692424],[11.981357,57.692807],[11.981178,57.692725],[11.98087,57.692596],[11.980019,57.692305],[11.979831,57.692238],[11.978228,57.691745],[11.978363,57.691603],[11.978771,57.691238],[11.979358,57.691437],[11.979454,57.691332],[11.97952,57.691348],[11.979915,57.6909],[11.979928,57.690887],[11.979945,57.690876],[11.979963,57.690866],[11.979982,57.690857],[11.980005,57.690849],[11.980028,57.690842],[11.980053,57.690837],[11.980078,57.690833],[11.980105,57.690832],[11.980131,57.690831],[11.980157,57.690833],[11.980183,57.690835],[11.980209,57.69084],[11.981033,57.691028],[11.981388,57.691117],[11.982469,57.690313],[11.982574,57.69022],[11.982846,57.690044],[11.983488,57.689451],[11.983848,57.689651]]]}},{"type":"Feature","properties":{"kod":"14800420","namn":"Centrum, Johanneberg Östra"},"geometry":{"type":"Polygon","coordinates":[[[11.983488,57.689451],[11.982846,57.690044],[11.982574,57.69022],[11.982469,57.690313],[11.981388,57.691117],[11.981033,57.691028],[11.980209,57.69084],[11.980183,57.690835],[11.980157,57.690833],[11.980131,57.690831],[11.980105,57.690832],[11.980078,57.690833],[11.980053,57.690837],[11.980028,57.690842],[11.980005,57.690849],[11.979982,57.690857],[11.979963,57.690866],[11.979945,57.690876],[11.979928,57.690887],[11.979915,57.6909],[11.97952,57.691348],[11.979454,57.691332],[11.979358,57.691437],[11.978771,57.691238],[11.979476,57.690609],[11.981233,57.688656],[11.982174,57.68761],[11.982305,57.687464],[11.983434,57.68621],[11.983576,57.68592],[11.984255,57.68601],[11.984255,57.686442],[11.983879,57.686647],[11.983302,57.687784],[11.983303,57.687984],[11.983303,57.688184],[11.983303,57.688383],[11.983303,57.68865],[11.983304,57.688899],[11.983304,57.689079],[11.983304,57.68926],[11.983304,57.689349],[11.983488,57.689451]]]}},{"type":"Feature","properties":{"kod":"14800421","namn":"Centrum, Eklanda Södra"},"geometry":{"type":"Polygon","coordinates":[[[11.987567,57.688805],[11.98735,57.688901],[11.986521,57.688996],[11.984815,57.688709],[11.983848,57.689651],[11.983488,57.689451],[11.983304,57.689349],[11.983304,57.68926],[11.983304,57.689079],[11.983304,57.688899],[11.983303,57.68865],[11.983303,57.688383],[11.983303,57.688184],[11.983303,57.687984],[11.983302,57.687784],[11.983879,57.686647],[11.984255,57.686442],[11.984255,57.68601],[11.984813,57.686085],[11.984882,57.686173],[11.984968,57.686193],[11.985053,57.686215],[11.985136,57.686239],[11.985219,57.686263],[11.9853,57.686289],[11.985379,57.686316],[11.985457,57.686345],[11.985533,57.686374],[11.985609,57.686405],[11.985682,57.686436],[11.985753,57.686469],[11.985823,57.686504],[11.985891,57.686539],[11.985956,57.686575],[11.98602,57.686612],[11.986066,57.686641],[11.986082,57.68665],[11.986141,57.68669],[11.986199,57.686729],[11.986254,57.686771],[11.986307,57.686812],[11.986357,57.686855],[11.986406,57.686898],[11.986452,57.686942],[11.986495,57.686987],[11.986537,57.687033],[11.986575,57.687078],[11.986611,57.687125],[11.986645,57.687172],[11.986676,57.68722],[11.986705,57.687268],[11.98673,57.687317],[11.986754,57.687366],[11.98731,57.688356],[11.987364,57.688446],[11.987567,57.688805]]]}},{"type":"Feature","properties":{"kod":"14800422","namn":"Centrum, Kristinehöjd Västra"},"geometry":{"type":"Polygon","coordinates":[[[11.991462,57.690642],[11.98994,57.690256],[11.989472,57.689981],[11.98935,57.689689],[11.988178,57.689884],[11.987567,57.688805],[11.987364,57.688446],[11.98731,57.688356],[11.986754,57.687366],[11.98673,57.687317],[11.986705,57.687268],[11.986676,57.68722],[11.986645,57.687172],[11.986611,57.687125],[11.986575,57.687078],[11.986537,57.687033],[11.986495,57.686987],[11.986452,57.686942],[11.986406,57.686898],[11.986357,57.686855],[11.986307,57.686812],[11.986254,57.686771],[11.986199,57.686729],[11.986141,57.68669],[11.986082,57.68665],[11.986066,57.686641],[11.98602,57.686612],[11.986198,57.68655],[11.986601,57.686225],[11.987221,57.685519],[11.988144,57.685798],[11.988873,57.686142],[11.98955,57.686258],[11.990911,57.685283],[11.991817,57.685677],[11.991807,57.685907],[11.99153,57.686353],[11.991347,57.686672],[11.990863,57.687544],[11.990711,57.688129],[11.990601,57.688452],[11.990831,57.688552],[11.991208,57.688563],[11.9917,57.688639],[11.99189,57.68869],[11.99232,57.688767],[11.992538,57.688777],[11.992729,57.688735],[11.992842,57.68874],[11.993094,57.688558],[11.9931,57.688554],[11.9933,57.688586],[11.993759,57.688653],[11.993538,57.689027],[11.993303,57.689318],[11.992853,57.689458],[11.992646,57.689288],[11.991462,57.690642]]]}},{"type":"Feature","properties":{"kod":"14800423","namn":"Centrum, Olofshöjd"},"geometry":{"type":"Polygon","coordinates":[[[11.993094,57.688558],[11.992842,57.68874],[11.992729,57.688735],[11.992538,57.688777],[11.99232,57.688767],[11.99189,57.68869],[11.9917,57.688639],[11.991208,57.688563],[11.990831,57.688552],[11.990601,57.688452],[11.990711,57.688129],[11.990863,57.687544],[11.991347,57.686672],[11.99153,57.686353],[11.991732,57.686444],[11.991778,57.686535],[11.991787,57.686697],[11.992771,57.686855],[11.993162,57.686296],[11.993805,57.68636],[11.993943,57.686217],[11.994448,57.686341],[11.994476,57.686483],[11.994807,57.686528],[11.994701,57.686804],[11.994779,57.686816],[11.995133,57.686865],[11.994939,57.68707],[11.994909,57.687098],[11.994875,57.687125],[11.994838,57.687151],[11.994799,57.687175],[11.994757,57.687198],[11.994713,57.68722],[11.994367,57.687598],[11.994311,57.687828],[11.994217,57.687929],[11.994113,57.688168],[11.994114,57.688268],[11.994066,57.688339],[11.993999,57.68844],[11.993846,57.688672],[11.993759,57.688653],[11.9933,57.688586],[11.9931,57.688554],[11.993094,57.688558]]]}},{"type":"Feature","properties":{"kod":"14800424","namn":"Centrum, Kristinehöjd Östra"},"geometry":{"type":"Polygon","coordinates":[[[11.997633,57.691806],[11.997286,57.6929],[11.997055,57.692879],[11.996632,57.692757],[11.995115,57.692634],[11.995099,57.692632],[11.995084,57.692628],[11.995071,57.692623],[11.99506,57.692617],[11.995051,57.692609],[11.995045,57.692601],[11.995043,57.692592],[11.995044,57.692583],[11.994664,57.692548],[11.994835,57.692091],[11.992391,57.691709],[11.992152,57.691523],[11.991948,57.691707],[11.991164,57.692344],[11.99111,57.692395],[11.990842,57.692292],[11.990616,57.692025],[11.990125,57.691775],[11.99006,57.691578],[11.990313,57.691597],[11.990718,57.691518],[11.991462,57.690642],[11.992646,57.689288],[11.992853,57.689458],[11.993303,57.689318],[11.993538,57.689027],[11.993759,57.688653],[11.993846,57.688672],[11.993999,57.68844],[11.994066,57.688339],[11.994114,57.688268],[11.994113,57.688168],[11.994217,57.687929],[11.994311,57.687828],[11.994367,57.687598],[11.994713,57.68722],[11.994757,57.687198],[11.994799,57.687175],[11.994838,57.687151],[11.994875,57.687125],[11.994909,57.687098],[11.994939,57.68707],[11.995133,57.686865],[11.99516,57.686869],[11.995863,57.686961],[11.996066,57.687009],[11.996441,57.687075],[11.996717,57.687108],[11.997571,57.68721],[11.998021,57.687289],[11.998107,57.687305],[11.998263,57.687113],[11.998648,57.686657],[11.999222,57.685936],[11.999717,57.685282],[11.999722,57.685278],[11.999809,57.6852],[11.999878,57.685118],[12.000331,57.68448],[12.000385,57.684376],[12.000408,57.684285],[12.000676,57.683777],[12.000892,57.683801],[12.003793,57.684124],[12.003775,57.68415],[12.003577,57.684419],[12.003487,57.684542],[12.003133,57.684993],[12.003068,57.685071],[12.002925,57.685216],[12.002684,57.685209],[12.002629,57.685276],[12.00266,57.685329],[12.002332,57.68573],[12.002545,57.685638],[12.002427,57.685769],[12.00178,57.686482],[12.001378,57.686925],[12.001364,57.686941],[12.000792,57.687571],[12.000682,57.687674],[11.999918,57.688525],[11.999385,57.689081],[11.999278,57.689192],[11.998954,57.68954],[11.998817,57.689705],[11.998548,57.690042],[11.998223,57.690544],[11.997914,57.691107],[11.997775,57.691394],[11.997633,57.691806]]]}},{"type":"Feature","properties":{"kod":"14800425","namn":"Centrum, Getebergsäng"},"geometry":{"type":"Polygon","coordinates":[[[11.998648,57.686657],[11.998263,57.687113],[11.998107,57.687305],[11.998021,57.687289],[11.997571,57.68721],[11.996717,57.687108],[11.996441,57.687075],[11.996066,57.687009],[11.995863,57.686961],[11.99516,57.686869],[11.995133,57.686865],[11.994779,57.686816],[11.994701,57.686804],[11.994807,57.686528],[11.994476,57.686483],[11.994448,57.686341],[11.993943,57.686217],[11.993805,57.68636],[11.993162,57.686296],[11.992771,57.686855],[11.991787,57.686697],[11.991778,57.686535],[11.991732,57.686444],[11.99153,57.686353],[11.991807,57.685907],[11.991817,57.685677],[11.992006,57.685658],[11.99347,57.684699],[11.994004,57.684389],[11.994276,57.684359],[11.994362,57.684582],[11.996535,57.684819],[11.996703,57.684781],[11.998013,57.684997],[11.998238,57.685013],[11.999717,57.685282],[11.999222,57.685936],[11.998648,57.686657]]]}},{"type":"Feature","properties":{"kod":"14800426","namn":"Centrum, Krokslätt Norra"},"geometry":{"type":"Polygon","coordinates":[[[11.999878,57.685118],[11.999809,57.6852],[11.999722,57.685278],[11.999717,57.685282],[11.998238,57.685013],[11.998013,57.684997],[11.996703,57.684781],[11.996535,57.684819],[11.994362,57.684582],[11.994276,57.684359],[11.994042,57.683934],[11.994478,57.683727],[11.9949,57.683518],[11.994952,57.683491],[11.995004,57.683463],[11.995053,57.683434],[11.9951,57.683403],[11.995145,57.683372],[11.995188,57.68334],[11.995229,57.683308],[11.995267,57.683274],[11.995304,57.68324],[11.995338,57.683204],[11.996119,57.68236],[11.996158,57.68232],[11.9962,57.682281],[11.996245,57.682243],[11.996293,57.682206],[11.996344,57.68217],[11.996756,57.68189],[11.995985,57.681563],[11.996333,57.681138],[11.996498,57.680476],[11.996686,57.680135],[11.9977,57.679826],[11.998488,57.679401],[11.998764,57.679396],[12.000749,57.679706],[11.99988,57.680961],[11.999127,57.682064],[11.998781,57.682593],[12.001292,57.683017],[12.001176,57.683127],[12.000903,57.683414],[12.000784,57.683588],[12.000676,57.683777],[12.000408,57.684285],[12.000385,57.684376],[12.000331,57.68448],[11.999878,57.685118]]]}},{"type":"Feature","properties":{"kod":"14800427","namn":"Centrum, Krokslätt Södra"},"geometry":{"type":"Polygon","coordinates":[[[12.007227,57.679232],[12.007227,57.679232],[12.00717,57.679225],[12.006654,57.679966],[12.006263,57.680494],[12.006322,57.680501],[12.005877,57.681132],[12.005817,57.681126],[12.005691,57.681305],[12.005757,57.681312],[12.005507,57.681683],[12.004641,57.682928],[12.003861,57.68403],[12.003793,57.684124],[12.000892,57.683801],[12.000676,57.683777],[12.000784,57.683588],[12.000903,57.683414],[12.001176,57.683127],[12.001292,57.683017],[11.998781,57.682593],[11.999127,57.682064],[11.99988,57.680961],[12.000749,57.679706],[11.998764,57.679396],[11.998488,57.679401],[11.998423,57.678338],[11.99904,57.6781],[11.999405,57.67796],[11.999767,57.67782],[11.999772,57.67782],[11.999983,57.677837],[11.999982,57.677824],[11.999958,57.677252],[12.000126,57.676997],[12.000689,57.677076],[12.00074,57.677083],[12.001985,57.677257],[12.004416,57.677597],[12.004928,57.677668],[12.005221,57.677709],[12.005327,57.677724],[12.004646,57.678409],[12.007528,57.678801],[12.007374,57.679022],[12.007227,57.679232]]]}},{"type":"Feature","properties":{"kod":"14800428","namn":"Centrum, Fredriksdal"},"geometry":{"type":"Polygon","coordinates":[[[11.984161,57.68135],[11.983955,57.681396],[11.983687,57.680919],[11.983687,57.680675],[11.983966,57.680695],[11.984296,57.680064],[11.984381,57.680012],[11.984617,57.679529],[11.984056,57.679413],[11.984149,57.679209],[11.984166,57.67917],[11.984349,57.678798],[11.984374,57.678748],[11.984257,57.678651],[11.984291,57.678055],[11.984712,57.678061],[11.984822,57.67784],[11.984985,57.677861],[11.985383,57.677957],[11.985481,57.677962],[11.985726,57.677974],[11.985773,57.677912],[11.98594,57.677893],[11.986368,57.677843],[11.986678,57.677807],[11.987163,57.677829],[11.989074,57.677917],[11.993678,57.678128],[11.994356,57.678159],[11.99634,57.67825],[11.996642,57.678264],[11.998004,57.678326],[11.998407,57.678345],[11.998423,57.678338],[11.998488,57.679401],[11.9977,57.679826],[11.996686,57.680135],[11.996498,57.680476],[11.996333,57.681138],[11.995985,57.681563],[11.994342,57.681082],[11.994633,57.680298],[11.994516,57.680095],[11.994141,57.680084],[11.994047,57.679746],[11.993119,57.679867],[11.992274,57.680218],[11.99171,57.680404],[11.99093,57.680534],[11.990626,57.680473],[11.990243,57.679687],[11.989718,57.67982],[11.98946,57.679962],[11.987971,57.68088],[11.987428,57.680721],[11.987221,57.68056],[11.986924,57.680413],[11.986458,57.680332],[11.985718,57.680384],[11.985279,57.680615],[11.985115,57.680984],[11.985115,57.681142],[11.984161,57.68135]]]}},{"type":"Feature","properties":{"kod":"14800429","namn":"Centrum, Framnäs"},"geometry":{"type":"Polygon","coordinates":[[[11.996344,57.68217],[11.996293,57.682206],[11.996245,57.682243],[11.9962,57.682281],[11.996158,57.68232],[11.996119,57.68236],[11.995338,57.683204],[11.995304,57.68324],[11.995267,57.683274],[11.995229,57.683308],[11.995188,57.68334],[11.995145,57.683372],[11.9951,57.683403],[11.995053,57.683434],[11.995004,57.683463],[11.994952,57.683491],[11.9949,57.683518],[11.994478,57.683727],[11.994042,57.683934],[11.994276,57.684359],[11.994004,57.684389],[11.99347,57.684699],[11.992006,57.685658],[11.991817,57.685677],[11.990911,57.685283],[11.990609,57.685117],[11.990271,57.684821],[11.990646,57.68388],[11.990945,57.683066],[11.99113,57.682493],[11.991062,57.682247],[11.990943,57.681914],[11.990543,57.681866],[11.988695,57.682548],[11.988599,57.682785],[11.987568,57.682662],[11.987713,57.681929],[11.987971,57.68088],[11.98946,57.679962],[11.989718,57.67982],[11.990243,57.679687],[11.990626,57.680473],[11.99093,57.680534],[11.99171,57.680404],[11.992274,57.680218],[11.993119,57.679867],[11.994047,57.679746],[11.994141,57.680084],[11.994516,57.680095],[11.994633,57.680298],[11.994342,57.681082],[11.995985,57.681563],[11.996756,57.68189],[11.996344,57.68217]]]}},{"type":"Feature","properties":{"kod":"14800430","namn":"Centrum, Mossen"},"geometry":{"type":"Polygon","coordinates":[[[11.987713,57.681929],[11.986634,57.681698],[11.985755,57.682011],[11.985521,57.682576],[11.985392,57.682814],[11.985205,57.682898],[11.984623,57.682904],[11.984512,57.682901],[11.98456,57.682127],[11.984161,57.68135],[11.985115,57.681142],[11.985115,57.680984],[11.985279,57.680615],[11.985718,57.680384],[11.986458,57.680332],[11.986924,57.680413],[11.987221,57.68056],[11.987428,57.680721],[11.987971,57.68088],[11.987713,57.681929]]]}},{"type":"Feature","properties":{"kod":"14800431","namn":"Centrum, Fridkullagatan m fl"},"geometry":{"type":"Polygon","coordinates":[[[11.986601,57.686225],[11.986198,57.68655],[11.98602,57.686612],[11.985956,57.686575],[11.985891,57.686539],[11.985823,57.686504],[11.985753,57.686469],[11.985682,57.686436],[11.985609,57.686405],[11.985533,57.686374],[11.985457,57.686345],[11.985379,57.686316],[11.9853,57.686289],[11.985219,57.686263],[11.985136,57.686239],[11.985053,57.686215],[11.984968,57.686193],[11.984882,57.686173],[11.984813,57.686085],[11.984255,57.68601],[11.983576,57.68592],[11.982973,57.685839],[11.982821,57.685867],[11.980501,57.685647],[11.980377,57.685492],[11.979808,57.685415],[11.979324,57.685727],[11.979192,57.685741],[11.977607,57.685339],[11.977443,57.685534],[11.977067,57.685441],[11.977011,57.685343],[11.976937,57.685218],[11.977749,57.684331],[11.978234,57.684169],[11.978861,57.683483],[11.979117,57.68355],[11.97908,57.683591],[11.979179,57.683617],[11.979283,57.683491],[11.979681,57.683088],[11.979846,57.682941],[11.980034,57.682712],[11.9803,57.682389],[11.980568,57.681826],[11.980522,57.681819],[11.980655,57.681643],[11.980714,57.681565],[11.981046,57.681124],[11.981096,57.681057],[11.981422,57.680766],[11.982124,57.680603],[11.982323,57.680345],[11.983501,57.68063],[11.983687,57.680675],[11.983687,57.680919],[11.983955,57.681396],[11.984161,57.68135],[11.98456,57.682127],[11.984512,57.682901],[11.984623,57.682904],[11.985205,57.682898],[11.985392,57.682814],[11.985521,57.682576],[11.985755,57.682011],[11.986634,57.681698],[11.987713,57.681929],[11.987568,57.682662],[11.988599,57.682785],[11.988695,57.682548],[11.990543,57.681866],[11.990943,57.681914],[11.991062,57.682247],[11.99113,57.682493],[11.990945,57.683066],[11.990646,57.68388],[11.990271,57.684821],[11.990609,57.685117],[11.990911,57.685283],[11.98955,57.686258],[11.988873,57.686142],[11.988144,57.685798],[11.987221,57.685519],[11.986601,57.686225]]]}},{"type":"Feature","properties":{"kod":"14800432","namn":"Centrum, Guldheden Östra"},"geometry":{"type":"Polygon","coordinates":[[[11.983687,57.680675],[11.983501,57.68063],[11.982323,57.680345],[11.982124,57.680603],[11.981422,57.680766],[11.981096,57.681057],[11.981046,57.681124],[11.980714,57.681565],[11.980655,57.681643],[11.980522,57.681819],[11.980568,57.681826],[11.9803,57.682389],[11.980034,57.682712],[11.979846,57.682941],[11.979681,57.683088],[11.979283,57.683491],[11.979179,57.683617],[11.97908,57.683591],[11.979117,57.68355],[11.978861,57.683483],[11.978234,57.684169],[11.977749,57.684331],[11.976937,57.685218],[11.976843,57.685148],[11.976318,57.68499],[11.975895,57.68493],[11.974849,57.684641],[11.975741,57.684384],[11.975508,57.684073],[11.97571,57.683981],[11.976199,57.683649],[11.976859,57.683117],[11.977361,57.682521],[11.977686,57.681917],[11.97866,57.682049],[11.978708,57.681759],[11.978668,57.681411],[11.978585,57.681174],[11.978936,57.680976],[11.980264,57.67983],[11.980441,57.679696],[11.980976,57.679364],[11.981579,57.679066],[11.982258,57.678754],[11.982673,57.678626],[11.983051,57.678589],[11.983535,57.678783],[11.984149,57.679209],[11.984056,57.679413],[11.984617,57.679529],[11.984381,57.680012],[11.984296,57.680064],[11.983966,57.680695],[11.983687,57.680675]]]}},{"type":"Feature","properties":{"kod":"14800433","namn":"Centrum, Doktor Forselius Backe m fl"},"geometry":{"type":"Polygon","coordinates":[[[11.984763,57.677832],[11.984822,57.67784],[11.984712,57.678061],[11.984291,57.678055],[11.984257,57.678651],[11.984374,57.678748],[11.984349,57.678798],[11.984166,57.67917],[11.984149,57.679209],[11.983535,57.678783],[11.983051,57.678589],[11.982673,57.678626],[11.982258,57.678754],[11.981579,57.679066],[11.980976,57.679364],[11.980441,57.679696],[11.979745,57.679395],[11.979645,57.679146],[11.979199,57.6788],[11.978494,57.67863],[11.97818,57.678405],[11.9773,57.6783],[11.977463,57.677383],[11.977473,57.677384],[11.978049,57.67741],[11.982562,57.677617],[11.982562,57.677618],[11.982982,57.677637],[11.984219,57.677694],[11.984344,57.677736],[11.984549,57.67779],[11.984763,57.677832]]]}},{"type":"Feature","properties":{"kod":"14800434","namn":"Centrum, Guldheden Södra"},"geometry":{"type":"Polygon","coordinates":[[[11.978585,57.681174],[11.976906,57.680813],[11.975732,57.681166],[11.975074,57.680705],[11.974516,57.680162],[11.975426,57.679767],[11.97583,57.679592],[11.975476,57.679309],[11.974316,57.678762],[11.97389,57.678783],[11.973425,57.678974],[11.973006,57.679219],[11.972502,57.679352],[11.972262,57.679335],[11.971898,57.679206],[11.971751,57.678795],[11.971464,57.678537],[11.971108,57.678467],[11.970403,57.678516],[11.969945,57.678371],[11.970892,57.677516],[11.971502,57.677167],[11.971756,57.677121],[11.973948,57.677221],[11.975641,57.677299],[11.977462,57.677383],[11.977463,57.677383],[11.9773,57.6783],[11.97818,57.678405],[11.978494,57.67863],[11.979199,57.6788],[11.979645,57.679146],[11.979745,57.679395],[11.980441,57.679696],[11.980264,57.67983],[11.978936,57.680976],[11.978585,57.681174]]]}},{"type":"Feature","properties":{"kod":"14800435","namn":"Centrum, Guldheden Vattentornet"},"geometry":{"type":"Polygon","coordinates":[[[11.969972,57.68192],[11.969777,57.68183],[11.969724,57.681861],[11.969708,57.681869],[11.969691,57.681876],[11.969673,57.681881],[11.969653,57.681885],[11.969633,57.681888],[11.969612,57.681889],[11.96962,57.68203],[11.96962,57.682046],[11.969616,57.682061],[11.969611,57.682077],[11.969602,57.682092],[11.969591,57.682106],[11.969577,57.68212],[11.969561,57.682133],[11.969543,57.682145],[11.969524,57.682157],[11.969501,57.682167],[11.969478,57.682177],[11.969452,57.682184],[11.969426,57.682191],[11.969398,57.682197],[11.96937,57.6822],[11.969341,57.682203],[11.969312,57.682204],[11.969283,57.682204],[11.969253,57.682202],[11.969225,57.682198],[11.969197,57.682193],[11.96917,57.682188],[11.969145,57.68218],[11.96912,57.682172],[11.969097,57.682161],[11.969076,57.68215],[11.969058,57.682139],[11.969041,57.682126],[11.969026,57.682112],[11.969014,57.682098],[11.969004,57.682083],[11.968997,57.682068],[11.968993,57.682053],[11.968991,57.682037],[11.968993,57.682021],[11.968996,57.682006],[11.969003,57.68199],[11.969012,57.681975],[11.969023,57.681961],[11.969038,57.681947],[11.969054,57.681935],[11.969223,57.681814],[11.969472,57.681807],[11.969477,57.681781],[11.969485,57.681756],[11.969496,57.68173],[11.969509,57.681704],[11.969525,57.68168],[11.969544,57.681655],[11.96955,57.681646],[11.969553,57.681637],[11.969553,57.681627],[11.96955,57.681618],[11.969543,57.68161],[11.969534,57.681601],[11.969523,57.681594],[11.969509,57.681588],[11.969494,57.681583],[11.969477,57.68158],[11.969192,57.681543],[11.969158,57.681539],[11.969122,57.681537],[11.969087,57.681537],[11.969052,57.681538],[11.969017,57.681541],[11.968984,57.681546],[11.968951,57.681553],[11.968919,57.681561],[11.968889,57.68157],[11.96861,57.681668],[11.968757,57.681937],[11.96861,57.682246],[11.968415,57.682298],[11.967662,57.682116],[11.967093,57.682198],[11.966891,57.682228],[11.966459,57.682172],[11.966362,57.682067],[11.96644,57.681894],[11.966356,57.681868],[11.96634,57.681862],[11.966326,57.681856],[11.966315,57.681848],[11.966305,57.681839],[11.966297,57.681829],[11.966293,57.68182],[11.966292,57.681809],[11.966294,57.6818],[11.966298,57.68179],[11.966305,57.68178],[11.966039,57.681712],[11.965881,57.681536],[11.964881,57.681402],[11.964901,57.681365],[11.965127,57.681172],[11.965248,57.681051],[11.965304,57.681008],[11.965514,57.680858],[11.965696,57.680723],[11.965952,57.680557],[11.966265,57.680379],[11.966375,57.680323],[11.96656,57.680232],[11.966932,57.680057],[11.967269,57.679899],[11.967272,57.679897],[11.96733,57.679871],[11.967335,57.679868],[11.967339,57.679864],[11.967343,57.679861],[11.967346,57.679857],[11.967349,57.679853],[11.967353,57.67985],[11.967354,57.679847],[11.96745,57.679805],[11.96756,57.679754],[11.967668,57.679702],[11.967774,57.679648],[11.967879,57.679594],[11.967981,57.679538],[11.968081,57.679482],[11.96818,57.679424],[11.968275,57.679366],[11.968369,57.679306],[11.968646,57.679117],[11.968455,57.679022],[11.968452,57.678889],[11.968427,57.678869],[11.968325,57.678795],[11.968188,57.678746],[11.965333,57.678246],[11.965301,57.678197],[11.96506,57.677824],[11.965018,57.677775],[11.965434,57.677673],[11.965859,57.677561],[11.966251,57.677478],[11.965744,57.677187],[11.966311,57.676914],[11.966092,57.676763],[11.966185,57.676725],[11.966904,57.676372],[11.967389,57.676083],[11.967446,57.676039],[11.967581,57.676088],[11.968271,57.675829],[11.968272,57.675829],[11.968288,57.675842],[11.968347,57.675888],[11.968667,57.676135],[11.969172,57.676525],[11.96926,57.676594],[11.969272,57.676603],[11.969667,57.676907],[11.969224,57.676945],[11.969523,57.67741],[11.969591,57.677516],[11.971308,57.677202],[11.971502,57.677167],[11.970892,57.677516],[11.969945,57.678371],[11.970403,57.678516],[11.971108,57.678467],[11.971464,57.678537],[11.971751,57.678795],[11.971898,57.679206],[11.972262,57.679335],[11.972502,57.679352],[11.973006,57.679219],[11.973425,57.678974],[11.97389,57.678783],[11.974316,57.678762],[11.975476,57.679309],[11.97583,57.679592],[11.975426,57.679767],[11.974516,57.680162],[11.973473,57.680616],[11.973436,57.680582],[11.973402,57.680548],[11.973371,57.680513],[11.973342,57.680477],[11.973317,57.68044],[11.973295,57.680403],[11.973275,57.680366],[11.973259,57.680328],[11.973227,57.680335],[11.973194,57.680342],[11.973161,57.680346],[11.973126,57.680349],[11.973091,57.68035],[11.973057,57.68035],[11.973022,57.680348],[11.972988,57.680345],[11.972944,57.680447],[11.972564,57.680517],[11.972378,57.680228],[11.971193,57.681156],[11.969972,57.68192]]]}},{"type":"Feature","properties":{"kod":"14800436","namn":"Centrum, Doktor Fries Torg"},"geometry":{"type":"Polygon","coordinates":[[[11.974849,57.684641],[11.974283,57.684643],[11.973009,57.684739],[11.972893,57.68447],[11.97264,57.684334],[11.972192,57.684056],[11.971301,57.68355],[11.970588,57.683271],[11.971217,57.682914],[11.969972,57.68192],[11.971193,57.681156],[11.972378,57.680228],[11.972564,57.680517],[11.972944,57.680447],[11.972988,57.680345],[11.973022,57.680348],[11.973057,57.68035],[11.973091,57.68035],[11.973126,57.680349],[11.973161,57.680346],[11.973194,57.680342],[11.973227,57.680335],[11.973259,57.680328],[11.973275,57.680366],[11.973295,57.680403],[11.973317,57.68044],[11.973342,57.680477],[11.973371,57.680513],[11.973402,57.680548],[11.973436,57.680582],[11.973473,57.680616],[11.974516,57.680162],[11.975074,57.680705],[11.975732,57.681166],[11.976906,57.680813],[11.978585,57.681174],[11.978668,57.681411],[11.978708,57.681759],[11.97866,57.682049],[11.977686,57.681917],[11.977361,57.682521],[11.976859,57.683117],[11.976199,57.683649],[11.97571,57.683981],[11.975508,57.684073],[11.975741,57.684384],[11.974849,57.684641]]]}},{"type":"Feature","properties":{"kod":"14800437","namn":"Centrum, Guldheden Västra"},"geometry":{"type":"Polygon","coordinates":[[[11.973009,57.684739],[11.972919,57.684751],[11.972824,57.684765],[11.97273,57.684781],[11.972638,57.684798],[11.972546,57.684816],[11.972501,57.684827],[11.972457,57.684838],[11.972414,57.684852],[11.972373,57.684867],[11.972333,57.684883],[11.972295,57.6849],[11.972259,57.684918],[11.972226,57.684938],[11.972194,57.684958],[11.972165,57.68498],[11.972138,57.685002],[11.972114,57.685025],[11.972093,57.685049],[11.971782,57.68573],[11.971411,57.686309],[11.971374,57.68638],[11.9713,57.68662],[11.97126,57.686751],[11.971028,57.686992],[11.970822,57.687342],[11.970455,57.687858],[11.970043,57.688547],[11.969906,57.68875],[11.969203,57.689468],[11.967455,57.688467],[11.967019,57.688155],[11.966455,57.68756],[11.965998,57.687013],[11.965249,57.686269],[11.96465,57.685634],[11.964106,57.68504],[11.963589,57.684445],[11.963734,57.684206],[11.963789,57.684047],[11.963935,57.683667],[11.964107,57.683219],[11.964342,57.682644],[11.964342,57.682644],[11.964343,57.682643],[11.964343,57.682642],[11.964343,57.682641],[11.964344,57.682641],[11.964345,57.68264],[11.964345,57.682639],[11.964345,57.682638],[11.96442,57.682484],[11.964504,57.682313],[11.964562,57.682198],[11.964629,57.682064],[11.96469,57.68193],[11.964741,57.681814],[11.964786,57.681658],[11.964827,57.681505],[11.964881,57.681402],[11.965881,57.681536],[11.966039,57.681712],[11.966305,57.68178],[11.966298,57.68179],[11.966294,57.6818],[11.966292,57.681809],[11.966293,57.68182],[11.966297,57.681829],[11.966305,57.681839],[11.966315,57.681848],[11.966326,57.681856],[11.96634,57.681862],[11.966356,57.681868],[11.96644,57.681894],[11.966362,57.682067],[11.966459,57.682172],[11.966891,57.682228],[11.967093,57.682198],[11.967662,57.682116],[11.968415,57.682298],[11.96861,57.682246],[11.968757,57.681937],[11.96861,57.681668],[11.968889,57.68157],[11.968919,57.681561],[11.968951,57.681553],[11.968984,57.681546],[11.969017,57.681541],[11.969052,57.681538],[11.969087,57.681537],[11.969122,57.681537],[11.969158,57.681539],[11.969192,57.681543],[11.969477,57.68158],[11.969494,57.681583],[11.969509,57.681588],[11.969523,57.681594],[11.969534,57.681601],[11.969543,57.68161],[11.96955,57.681618],[11.969553,57.681627],[11.969553,57.681637],[11.96955,57.681646],[11.969544,57.681655],[11.969525,57.68168],[11.969509,57.681704],[11.969496,57.68173],[11.969485,57.681756],[11.969477,57.681781],[11.969472,57.681807],[11.969223,57.681814],[11.969054,57.681935],[11.969038,57.681947],[11.969023,57.681961],[11.969012,57.681975],[11.969003,57.68199],[11.968996,57.682006],[11.968993,57.682021],[11.968991,57.682037],[11.968993,57.682053],[11.968997,57.682068],[11.969004,57.682083],[11.969014,57.682098],[11.969026,57.682112],[11.969041,57.682126],[11.969058,57.682139],[11.969076,57.68215],[11.969097,57.682161],[11.96912,57.682172],[11.969145,57.68218],[11.96917,57.682188],[11.969197,57.682193],[11.969225,57.682198],[11.969253,57.682202],[11.969283,57.682204],[11.969312,57.682204],[11.969341,57.682203],[11.96937,57.6822],[11.969398,57.682197],[11.969426,57.682191],[11.969452,57.682184],[11.969478,57.682177],[11.969501,57.682167],[11.969524,57.682157],[11.969543,57.682145],[11.969561,57.682133],[11.969577,57.68212],[11.969591,57.682106],[11.969602,57.682092],[11.969611,57.682077],[11.969616,57.682061],[11.96962,57.682046],[11.96962,57.68203],[11.969612,57.681889],[11.969633,57.681888],[11.969653,57.681885],[11.969673,57.681881],[11.969691,57.681876],[11.969708,57.681869],[11.969724,57.681861],[11.969777,57.68183],[11.969972,57.68192],[11.971217,57.682914],[11.970588,57.683271],[11.971301,57.68355],[11.972192,57.684056],[11.97264,57.684334],[11.972893,57.68447],[11.973009,57.684739]]]}},{"type":"Feature","properties":{"kod":"14800438","namn":"Centrum, Guldheden Norra"},"geometry":{"type":"Polygon","coordinates":[[[11.961912,57.692612],[11.961789,57.69264],[11.961553,57.692708],[11.961509,57.692659],[11.961,57.692196],[11.960349,57.69132],[11.960321,57.691074],[11.960261,57.690814],[11.96025,57.69076],[11.960185,57.6907],[11.959946,57.690443],[11.960008,57.690422],[11.960017,57.69007],[11.959602,57.689636],[11.959097,57.689308],[11.959513,57.689207],[11.959946,57.689006],[11.960072,57.688895],[11.960025,57.688823],[11.960258,57.688675],[11.960386,57.688617],[11.960399,57.688593],[11.960784,57.688437],[11.961186,57.688573],[11.961406,57.68863],[11.961472,57.688644],[11.961661,57.688509],[11.961839,57.688242],[11.961772,57.688131],[11.961849,57.687901],[11.961393,57.687782],[11.961153,57.687647],[11.961638,57.68692],[11.962135,57.686633],[11.962228,57.686514],[11.962065,57.686463],[11.962176,57.686308],[11.962629,57.685439],[11.962712,57.685368],[11.962735,57.68535],[11.962761,57.685334],[11.962787,57.685318],[11.962817,57.685303],[11.962847,57.68529],[11.96288,57.685277],[11.962914,57.685266],[11.96295,57.685256],[11.962986,57.685247],[11.963027,57.685205],[11.96338,57.684788],[11.963589,57.684445],[11.964106,57.68504],[11.96465,57.685634],[11.965249,57.686269],[11.965998,57.687013],[11.966455,57.68756],[11.967019,57.688155],[11.967455,57.688467],[11.969203,57.689468],[11.968592,57.690107],[11.968445,57.690061],[11.968248,57.690035],[11.967634,57.690179],[11.967425,57.690324],[11.966578,57.690468],[11.96597,57.690822],[11.965304,57.691338],[11.965547,57.691448],[11.96588,57.691473],[11.965573,57.691834],[11.965709,57.69215],[11.965314,57.692255],[11.96347,57.692258],[11.961912,57.692612]]]}},{"type":"Feature","properties":{"kod":"14800439","namn":"Centrum, Landala Egnahem"},"geometry":{"type":"Polygon","coordinates":[[[11.967692,57.691638],[11.965709,57.69215],[11.965573,57.691834],[11.96588,57.691473],[11.965547,57.691448],[11.965304,57.691338],[11.96597,57.690822],[11.966578,57.690468],[11.967425,57.690324],[11.967634,57.690179],[11.968248,57.690035],[11.968445,57.690061],[11.968592,57.690107],[11.969203,57.689468],[11.969906,57.68875],[11.970043,57.688547],[11.970455,57.687858],[11.970822,57.687342],[11.971028,57.686992],[11.97126,57.686751],[11.9713,57.68662],[11.971374,57.68638],[11.971411,57.686309],[11.971782,57.68573],[11.972093,57.685049],[11.972114,57.685025],[11.972138,57.685002],[11.972165,57.68498],[11.972194,57.684958],[11.972226,57.684938],[11.972259,57.684918],[11.972295,57.6849],[11.972333,57.684883],[11.972373,57.684867],[11.972414,57.684852],[11.972457,57.684838],[11.972501,57.684827],[11.972546,57.684816],[11.972638,57.684798],[11.97273,57.684781],[11.972824,57.684765],[11.972919,57.684751],[11.973009,57.684739],[11.974283,57.684643],[11.974849,57.684641],[11.975895,57.68493],[11.976318,57.68499],[11.976843,57.685148],[11.976937,57.685218],[11.977011,57.685343],[11.977067,57.685441],[11.977443,57.685534],[11.977297,57.685696],[11.977249,57.685718],[11.976428,57.685806],[11.976292,57.685806],[11.976225,57.685904],[11.975981,57.686167],[11.974905,57.687038],[11.973758,57.687994],[11.973155,57.688577],[11.972352,57.689476],[11.971428,57.689473],[11.970295,57.689541],[11.970261,57.690006],[11.970228,57.690472],[11.970215,57.690658],[11.970139,57.691028],[11.970016,57.691226],[11.970142,57.691309],[11.969866,57.691346],[11.969539,57.691537],[11.968124,57.691304],[11.967692,57.691638]]]}},{"type":"Feature","properties":{"kod":"14800440","namn":"Centrum, Landalagången m fl"},"geometry":{"type":"Polygon","coordinates":[[[11.972352,57.689476],[11.973472,57.690184],[11.973818,57.69234],[11.973191,57.693621],[11.973049,57.69358],[11.971982,57.693271],[11.971185,57.692978],[11.971544,57.692638],[11.971397,57.692569],[11.972841,57.691353],[11.972308,57.691156],[11.971565,57.691759],[11.971002,57.691565],[11.970142,57.691309],[11.970016,57.691226],[11.970139,57.691028],[11.970215,57.690658],[11.970228,57.690472],[11.970261,57.690006],[11.970295,57.689541],[11.971428,57.689473],[11.972352,57.689476]]]}},{"type":"Feature","properties":{"kod":"14800441","namn":"Centrum, Johanneberg Västra"},"geometry":{"type":"Polygon","coordinates":[[[11.983576,57.68592],[11.983434,57.68621],[11.982305,57.687464],[11.982174,57.68761],[11.981233,57.688656],[11.979476,57.690609],[11.978771,57.691238],[11.978363,57.691603],[11.978228,57.691745],[11.977175,57.692784],[11.976568,57.693456],[11.975772,57.694247],[11.974665,57.693985],[11.974491,57.693943],[11.973356,57.693662],[11.973191,57.693621],[11.973818,57.69234],[11.973472,57.690184],[11.972352,57.689476],[11.973155,57.688577],[11.973758,57.687994],[11.974905,57.687038],[11.975981,57.686167],[11.976225,57.685904],[11.976292,57.685806],[11.976428,57.685806],[11.977249,57.685718],[11.977297,57.685696],[11.977443,57.685534],[11.977607,57.685339],[11.979192,57.685741],[11.979324,57.685727],[11.979808,57.685415],[11.980377,57.685492],[11.980501,57.685647],[11.982821,57.685867],[11.982973,57.685839],[11.983576,57.68592]]]}},{"type":"Feature","properties":{"kod":"14800442","namn":"Centrum, Johanneberg Nedre"},"geometry":{"type":"Polygon","coordinates":[[[11.979831,57.692238],[11.979562,57.692549],[11.979268,57.693061],[11.979385,57.693615],[11.978739,57.693794],[11.978334,57.693858],[11.977598,57.694365],[11.977175,57.69468],[11.976696,57.694541],[11.976522,57.694494],[11.975772,57.694247],[11.976568,57.693456],[11.977175,57.692784],[11.978228,57.691745],[11.979831,57.692238]]]}},{"type":"Feature","properties":{"kod":"14800443","namn":"Centrum, Lorensberg"},"geometry":{"type":"Polygon","coordinates":[[[11.982496,57.693857],[11.981776,57.694592],[11.982024,57.695072],[11.982557,57.695299],[11.982962,57.695811],[11.980497,57.69715],[11.97807,57.696204],[11.977573,57.696642],[11.976621,57.697361],[11.974907,57.697237],[11.974482,57.697574],[11.974078,57.697431],[11.973628,57.697365],[11.971611,57.697267],[11.970503,57.697214],[11.970948,57.696539],[11.972067,57.695215],[11.972357,57.694888],[11.972685,57.694338],[11.973191,57.693621],[11.973356,57.693662],[11.974491,57.693943],[11.974665,57.693985],[11.975772,57.694247],[11.976522,57.694494],[11.976696,57.694541],[11.977175,57.69468],[11.977598,57.694365],[11.978334,57.693858],[11.978739,57.693794],[11.979385,57.693615],[11.979268,57.693061],[11.979562,57.692549],[11.979831,57.692238],[11.980019,57.692305],[11.98087,57.692596],[11.981178,57.692725],[11.981357,57.692807],[11.981663,57.692919],[11.981407,57.693129],[11.982061,57.693268],[11.982554,57.693352],[11.982496,57.693857]]]}},{"type":"Feature","properties":{"kod":"14800444","namn":"Centrum, Vasastaden Södra"},"geometry":{"type":"Polygon","coordinates":[[[11.973191,57.693621],[11.972685,57.694338],[11.972357,57.694888],[11.972067,57.695215],[11.970948,57.696539],[11.970503,57.697214],[11.969582,57.697078],[11.96988,57.696552],[11.970611,57.696455],[11.970405,57.696236],[11.97014,57.696039],[11.969904,57.695922],[11.96958,57.695788],[11.969257,57.695641],[11.968956,57.695495],[11.968785,57.695444],[11.96853,57.695419],[11.967256,57.695218],[11.966624,57.695186],[11.966674,57.69475],[11.967267,57.694854],[11.967327,57.69486],[11.967388,57.694864],[11.967449,57.694867],[11.96751,57.694869],[11.967572,57.694868],[11.967633,57.694867],[11.967695,57.694863],[11.967755,57.694859],[11.967816,57.694852],[11.967875,57.694845],[11.967934,57.694836],[11.967992,57.694825],[11.968049,57.694814],[11.968106,57.6948],[11.96816,57.694786],[11.968214,57.69477],[11.968267,57.694753],[11.968317,57.694734],[11.968366,57.694715],[11.968414,57.694694],[11.96846,57.694672],[11.968503,57.694649],[11.968545,57.694625],[11.968584,57.694599],[11.968622,57.694574],[11.968658,57.694547],[11.968691,57.694519],[11.968721,57.69449],[11.968749,57.694461],[11.969464,57.694577],[11.969487,57.694532],[11.97008,57.694621],[11.970271,57.694255],[11.971182,57.69427],[11.971136,57.693645],[11.971304,57.693657],[11.971681,57.693563],[11.971982,57.693271],[11.973049,57.69358],[11.973191,57.693621]]]}},{"type":"Feature","properties":{"kod":"14800445","namn":"Centrum, Kapellplatsen"},"geometry":{"type":"Polygon","coordinates":[[[11.971982,57.693271],[11.971681,57.693563],[11.971304,57.693657],[11.971136,57.693645],[11.971182,57.69427],[11.970271,57.694255],[11.97008,57.694621],[11.969487,57.694532],[11.969464,57.694577],[11.968749,57.694461],[11.968713,57.694162],[11.968382,57.693867],[11.968144,57.693744],[11.968463,57.693336],[11.968748,57.693386],[11.96951,57.692783],[11.971002,57.691565],[11.971565,57.691759],[11.972308,57.691156],[11.972841,57.691353],[11.971397,57.692569],[11.971544,57.692638],[11.971185,57.692978],[11.971982,57.693271]]]}},{"type":"Feature","properties":{"kod":"14800446","namn":"Centrum, Landalabergen m fl"},"geometry":{"type":"Polygon","coordinates":[[[11.968749,57.694461],[11.968721,57.69449],[11.968691,57.694519],[11.968658,57.694547],[11.968622,57.694574],[11.968584,57.694599],[11.968545,57.694625],[11.968503,57.694649],[11.96846,57.694672],[11.968414,57.694694],[11.968366,57.694715],[11.968317,57.694734],[11.968267,57.694753],[11.968214,57.69477],[11.96816,57.694786],[11.968106,57.6948],[11.968049,57.694814],[11.967992,57.694825],[11.967934,57.694836],[11.967875,57.694845],[11.967816,57.694852],[11.967755,57.694859],[11.967695,57.694863],[11.967633,57.694867],[11.967572,57.694868],[11.96751,57.694869],[11.967449,57.694867],[11.967388,57.694864],[11.967327,57.69486],[11.967267,57.694854],[11.966674,57.69475],[11.966725,57.69422],[11.966161,57.694202],[11.965925,57.694232],[11.965528,57.694221],[11.96539,57.694217],[11.965392,57.694196],[11.964729,57.694001],[11.963244,57.693865],[11.963149,57.69371],[11.962991,57.693621],[11.961912,57.692612],[11.96347,57.692258],[11.965314,57.692255],[11.965709,57.69215],[11.967692,57.691638],[11.968124,57.691304],[11.969539,57.691537],[11.969866,57.691346],[11.970142,57.691309],[11.971002,57.691565],[11.96951,57.692783],[11.968748,57.693386],[11.968463,57.693336],[11.968144,57.693744],[11.968382,57.693867],[11.968713,57.694162],[11.968749,57.694461]]]}},{"type":"Feature","properties":{"kod":"14800447","namn":"Centrum, Fogelbergsparken"},"geometry":{"type":"Polygon","coordinates":[[[11.966674,57.69475],[11.966624,57.695186],[11.966564,57.695966],[11.966549,57.696255],[11.96641,57.696576],[11.965578,57.698033],[11.964024,57.697787],[11.9628,57.697594],[11.962637,57.6963],[11.962528,57.695417],[11.962417,57.694517],[11.96248,57.694515],[11.963237,57.694611],[11.963393,57.694113],[11.963313,57.693974],[11.963244,57.693865],[11.964729,57.694001],[11.965392,57.694196],[11.96539,57.694217],[11.965528,57.694221],[11.965925,57.694232],[11.966161,57.694202],[11.966725,57.69422],[11.966674,57.69475]]]}},{"type":"Feature","properties":{"kod":"14800448","namn":"Centrum, Vasastaden Västra"},"geometry":{"type":"Polygon","coordinates":[[[11.969185,57.69702],[11.968378,57.698475],[11.965578,57.698033],[11.96641,57.696576],[11.966549,57.696255],[11.966564,57.695966],[11.966624,57.695186],[11.967256,57.695218],[11.96853,57.695419],[11.968785,57.695444],[11.968956,57.695495],[11.969257,57.695641],[11.96958,57.695788],[11.969904,57.695922],[11.97014,57.696039],[11.970405,57.696236],[11.970611,57.696455],[11.96988,57.696552],[11.969582,57.697078],[11.969185,57.69702]]]}},{"type":"Feature","properties":{"kod":"14800449","namn":"Centrum, Vasastaden Östra"},"geometry":{"type":"Polygon","coordinates":[[[11.977256,57.69872],[11.975891,57.69975],[11.974944,57.699375],[11.974031,57.699005],[11.973052,57.698578],[11.971679,57.699524],[11.969611,57.698669],[11.968378,57.698475],[11.969185,57.69702],[11.969582,57.697078],[11.970503,57.697214],[11.971611,57.697267],[11.973628,57.697365],[11.974078,57.697431],[11.974482,57.697574],[11.975487,57.698001],[11.976391,57.698379],[11.976596,57.698476],[11.977256,57.69872]]]}},{"type":"Feature","properties":{"kod":"14800450","namn":"Centrum, Valand"},"geometry":{"type":"Polygon","coordinates":[[[11.972061,57.702427],[11.970251,57.703577],[11.970031,57.703492],[11.969996,57.703477],[11.969963,57.703461],[11.969933,57.703443],[11.969905,57.703425],[11.969879,57.703406],[11.969855,57.703385],[11.969835,57.703364],[11.969817,57.703342],[11.969802,57.70332],[11.969324,57.702362],[11.969318,57.702349],[11.969309,57.702337],[11.969298,57.702325],[11.969285,57.702314],[11.969269,57.702304],[11.969251,57.702295],[11.969232,57.702287],[11.969211,57.70228],[11.969188,57.702274],[11.969165,57.70227],[11.969141,57.702267],[11.969116,57.702266],[11.969092,57.702265],[11.967545,57.702365],[11.966459,57.702423],[11.965947,57.702138],[11.965764,57.701911],[11.966774,57.701389],[11.967439,57.700169],[11.967678,57.699722],[11.968236,57.699587],[11.968293,57.699483],[11.968449,57.6995],[11.968733,57.699003],[11.968422,57.698663],[11.968378,57.698475],[11.969611,57.698669],[11.971679,57.699524],[11.973052,57.698578],[11.974031,57.699005],[11.974944,57.699375],[11.975891,57.69975],[11.973214,57.701643],[11.972061,57.702427]]]}},{"type":"Feature","properties":{"kod":"14800451","namn":"Centrum, Vasastaden Norra"},"geometry":{"type":"Polygon","coordinates":[[[11.967439,57.700169],[11.966774,57.701389],[11.965764,57.701911],[11.965247,57.701266],[11.965225,57.701245],[11.965201,57.701225],[11.965175,57.701206],[11.965146,57.701188],[11.965115,57.701171],[11.965082,57.701155],[11.965047,57.701141],[11.96501,57.701127],[11.964971,57.701115],[11.964931,57.701105],[11.96489,57.701096],[11.964848,57.701089],[11.964805,57.701082],[11.964762,57.701078],[11.960951,57.700469],[11.960844,57.699841],[11.961092,57.699835],[11.963093,57.699913],[11.963037,57.699469],[11.9628,57.697594],[11.964024,57.697787],[11.965578,57.698033],[11.968378,57.698475],[11.968422,57.698663],[11.968733,57.699003],[11.968449,57.6995],[11.968293,57.699483],[11.968236,57.699587],[11.967678,57.699722],[11.967439,57.700169]]]}},{"type":"Feature","properties":{"kod":"14800501","namn":"Västra Centrum, Långgatorna"},"geometry":{"type":"Polygon","coordinates":[[[11.9545,57.70202],[11.953272,57.702865],[11.951312,57.704214],[11.949854,57.703648],[11.947451,57.703047],[11.946692,57.702857],[11.947512,57.701025],[11.945878,57.700843],[11.946016,57.700296],[11.946143,57.699679],[11.946435,57.698954],[11.946668,57.69831],[11.946964,57.697693],[11.949823,57.697973],[11.951338,57.698132],[11.951415,57.698039],[11.951895,57.698851],[11.952243,57.699439],[11.952365,57.699646],[11.953486,57.700236],[11.953769,57.700433],[11.954461,57.701515],[11.954693,57.701796],[11.954868,57.701896],[11.954825,57.701903],[11.954783,57.70191],[11.954743,57.701919],[11.954703,57.701929],[11.954664,57.701941],[11.954628,57.701954],[11.954593,57.701969],[11.95456,57.701985],[11.954529,57.702002],[11.9545,57.70202]]]}},{"type":"Feature","properties":{"kod":"14800502","namn":"Västra Centrum, Masthuggstorget"},"geometry":{"type":"Polygon","coordinates":[[[11.946964,57.697693],[11.946668,57.69831],[11.946435,57.698954],[11.946143,57.699679],[11.946016,57.700296],[11.945878,57.700843],[11.947512,57.701025],[11.946692,57.702857],[11.94617,57.702726],[11.943083,57.702071],[11.941673,57.701922],[11.938578,57.701596],[11.936561,57.70144],[11.936639,57.700948],[11.936206,57.700923],[11.936261,57.700582],[11.93612,57.700579],[11.936608,57.700369],[11.936741,57.70038],[11.936953,57.700278],[11.936788,57.700256],[11.936818,57.700093],[11.936856,57.699881],[11.936831,57.69982],[11.936713,57.699502],[11.936907,57.699469],[11.937087,57.699439],[11.937263,57.699415],[11.937655,57.699371],[11.938403,57.699291],[11.938822,57.699258],[11.940489,57.69913],[11.940528,57.69895],[11.940575,57.698737],[11.941928,57.698482],[11.942441,57.698534],[11.942869,57.698578],[11.943706,57.698658],[11.943863,57.698242],[11.944112,57.698203],[11.944302,57.698172],[11.944437,57.69814],[11.944559,57.698095],[11.945218,57.698155],[11.94532,57.697991],[11.9463,57.697886],[11.946443,57.697642],[11.946964,57.697693]]]}},{"type":"Feature","properties":{"kod":"14800503","namn":"Västra Centrum, Stigberget"},"geometry":{"type":"Polygon","coordinates":[[[11.938822,57.699258],[11.938403,57.699291],[11.937655,57.699371],[11.937263,57.699415],[11.937087,57.699439],[11.936907,57.699469],[11.936713,57.699502],[11.936831,57.69982],[11.936856,57.699881],[11.936818,57.700093],[11.936349,57.700042],[11.935377,57.699982],[11.934171,57.699938],[11.934391,57.699226],[11.93449,57.699068],[11.934592,57.698812],[11.934753,57.698414],[11.935,57.697762],[11.935147,57.697375],[11.935311,57.696878],[11.936128,57.694611],[11.936282,57.694627],[11.936941,57.694695],[11.937184,57.694725],[11.937344,57.694744],[11.937513,57.694766],[11.938242,57.694855],[11.938469,57.694925],[11.938577,57.694958],[11.938457,57.695136],[11.938391,57.695463],[11.938426,57.695943],[11.938696,57.696378],[11.938857,57.696469],[11.93899,57.69658],[11.939162,57.696715],[11.939279,57.696879],[11.939351,57.697039],[11.939378,57.697214],[11.939335,57.697426],[11.939238,57.697603],[11.939125,57.697739],[11.939001,57.697869],[11.938845,57.697971],[11.938655,57.698067],[11.938264,57.698198],[11.938346,57.698271],[11.938603,57.698515],[11.938789,57.699047],[11.938749,57.699055],[11.938822,57.699258]]]}},{"type":"Feature","properties":{"kod":"14800504","namn":"Västra Centrum, Masthugget Övre"},"geometry":{"type":"Polygon","coordinates":[[[11.941891,57.694862],[11.94083,57.694949],[11.940788,57.69528],[11.940418,57.69557],[11.940076,57.695445],[11.939608,57.695274],[11.938577,57.694958],[11.938469,57.694925],[11.938242,57.694855],[11.937513,57.694766],[11.937344,57.694744],[11.937184,57.694725],[11.936941,57.694695],[11.936282,57.694627],[11.936128,57.694611],[11.936147,57.694557],[11.936394,57.693922],[11.936612,57.693503],[11.937078,57.692142],[11.937144,57.692061],[11.938974,57.692336],[11.940596,57.692573],[11.94068,57.692585],[11.941743,57.692748],[11.941798,57.693525],[11.941891,57.694862]]]}},{"type":"Feature","properties":{"kod":"14800505","namn":"Västra Centrum, Masthugget Nedre"},"geometry":{"type":"Polygon","coordinates":[[[11.942498,57.695842],[11.941919,57.6965],[11.942659,57.696691],[11.942411,57.696966],[11.943169,57.697162],[11.942921,57.697437],[11.942587,57.697681],[11.940242,57.698083],[11.940031,57.698189],[11.939732,57.698396],[11.938603,57.698515],[11.938346,57.698271],[11.938264,57.698198],[11.938655,57.698067],[11.938845,57.697971],[11.939001,57.697869],[11.939125,57.697739],[11.939238,57.697603],[11.939335,57.697426],[11.939378,57.697214],[11.939351,57.697039],[11.939279,57.696879],[11.939162,57.696715],[11.93899,57.69658],[11.938857,57.696469],[11.938696,57.696378],[11.938426,57.695943],[11.938391,57.695463],[11.938457,57.695136],[11.938577,57.694958],[11.939608,57.695274],[11.940076,57.695445],[11.940418,57.69557],[11.940788,57.69528],[11.94083,57.694949],[11.941891,57.694862],[11.941923,57.695692],[11.942214,57.695765],[11.942498,57.695842]]]}},{"type":"Feature","properties":{"kod":"14800506","namn":"Västra Centrum, Oscar Fredrik"},"geometry":{"type":"Polygon","coordinates":[[[11.946443,57.697642],[11.9463,57.697886],[11.94532,57.697991],[11.945218,57.698155],[11.944559,57.698095],[11.944437,57.69814],[11.944302,57.698172],[11.944112,57.698203],[11.943863,57.698242],[11.943706,57.698658],[11.942869,57.698578],[11.942441,57.698534],[11.941928,57.698482],[11.940575,57.698737],[11.940528,57.69895],[11.940489,57.69913],[11.938822,57.699258],[11.938749,57.699055],[11.938789,57.699047],[11.938603,57.698515],[11.939732,57.698396],[11.940031,57.698189],[11.940242,57.698083],[11.942587,57.697681],[11.942921,57.697437],[11.943169,57.697162],[11.942411,57.696966],[11.942659,57.696691],[11.941919,57.6965],[11.942498,57.695842],[11.942958,57.695966],[11.944303,57.696328],[11.944779,57.696383],[11.945154,57.696324],[11.945659,57.696164],[11.945876,57.696134],[11.945907,57.696133],[11.94595,57.696134],[11.945992,57.696136],[11.946034,57.696139],[11.946077,57.696144],[11.946118,57.696151],[11.94616,57.696177],[11.946593,57.697138],[11.946322,57.697139],[11.946188,57.697617],[11.946443,57.697642]]]}},{"type":"Feature","properties":{"kod":"14800507","namn":"Västra Centrum, Sjömansgatan m fl"},"geometry":{"type":"Polygon","coordinates":[[[11.945876,57.696134],[11.945659,57.696164],[11.945154,57.696324],[11.944779,57.696383],[11.944303,57.696328],[11.942958,57.695966],[11.942498,57.695842],[11.942214,57.695765],[11.941923,57.695692],[11.941891,57.694862],[11.941798,57.693525],[11.944169,57.693705],[11.943927,57.69455],[11.943823,57.694717],[11.944559,57.69511],[11.944589,57.694952],[11.944607,57.694886],[11.9463,57.695039],[11.946255,57.69526],[11.946215,57.695587],[11.945876,57.696134]]]}},{"type":"Feature","properties":{"kod":"14800508","namn":"Västra Centrum, Vegastaden"},"geometry":{"type":"Polygon","coordinates":[[[11.948153,57.69653],[11.948122,57.696704],[11.948028,57.696946],[11.947767,57.697092],[11.946964,57.697693],[11.946443,57.697642],[11.946188,57.697617],[11.946322,57.697139],[11.946593,57.697138],[11.94616,57.696177],[11.946118,57.696151],[11.946077,57.696144],[11.946034,57.696139],[11.945992,57.696136],[11.94595,57.696134],[11.945907,57.696133],[11.945876,57.696134],[11.946215,57.695587],[11.946255,57.69526],[11.9463,57.695039],[11.944607,57.694886],[11.944589,57.694952],[11.944559,57.69511],[11.943823,57.694717],[11.943927,57.69455],[11.944169,57.693705],[11.945668,57.693819],[11.946686,57.693899],[11.946836,57.693889],[11.947574,57.693783],[11.948104,57.693752],[11.948145,57.694034],[11.948139,57.694708],[11.947493,57.694718],[11.947462,57.6963],[11.948153,57.69653]]]}},{"type":"Feature","properties":{"kod":"14800509","namn":"Västra Centrum, Slottsskogen"},"geometry":{"type":"Polygon","coordinates":[[[11.948104,57.693752],[11.947574,57.693783],[11.946836,57.693889],[11.946686,57.693899],[11.945668,57.693819],[11.945695,57.693753],[11.946015,57.692548],[11.946004,57.692507],[11.945723,57.691469],[11.945266,57.691243],[11.945228,57.691074],[11.946459,57.690992],[11.946558,57.690985],[11.946518,57.690781],[11.946419,57.690403],[11.946411,57.690379],[11.946407,57.690354],[11.946406,57.69033],[11.946407,57.690305],[11.946411,57.69028],[11.946419,57.690256],[11.946429,57.690232],[11.946442,57.690208],[11.946458,57.690185],[11.946476,57.690162],[11.946498,57.69014],[11.946521,57.690119],[11.946559,57.6901],[11.946599,57.690082],[11.94664,57.690065],[11.946683,57.690049],[11.946727,57.690034],[11.946773,57.69002],[11.94682,57.690008],[11.946868,57.689997],[11.946917,57.689988],[11.946967,57.68998],[11.947018,57.689973],[11.947069,57.689968],[11.947121,57.689964],[11.947172,57.689961],[11.947225,57.68996],[11.947277,57.689961],[11.947329,57.689963],[11.947381,57.689966],[11.947432,57.689971],[11.947483,57.689977],[11.947533,57.689985],[11.947583,57.689994],[11.947632,57.690004],[11.947679,57.690016],[11.947724,57.690029],[11.947769,57.690043],[11.947813,57.690059],[11.947855,57.690075],[11.947895,57.690093],[11.947934,57.690112],[11.94797,57.690132],[11.948003,57.690152],[11.948033,57.690173],[11.948061,57.690195],[11.948087,57.690218],[11.94811,57.690241],[11.948131,57.690266],[11.948149,57.69029],[11.948165,57.690316],[11.948178,57.690341],[11.948188,57.690367],[11.948196,57.690394],[11.9482,57.69042],[11.948202,57.690447],[11.948202,57.690474],[11.948202,57.690772],[11.948161,57.691047],[11.948153,57.691699],[11.94812,57.691992],[11.948132,57.692678],[11.948104,57.693752]]]}},{"type":"Feature","properties":{"kod":"14800510","namn":"Västra Centrum, Linnéplatsen"},"geometry":{"type":"Polygon","coordinates":[[[11.950253,57.692655],[11.950052,57.692632],[11.948132,57.692678],[11.94812,57.691992],[11.948153,57.691699],[11.948161,57.691047],[11.948202,57.690772],[11.948229,57.690835],[11.948309,57.690883],[11.948551,57.69098],[11.948701,57.690872],[11.948902,57.690728],[11.949551,57.690749],[11.949999,57.690718],[11.950343,57.690637],[11.95099,57.690612],[11.951126,57.690602],[11.951764,57.690532],[11.951778,57.690948],[11.952092,57.691254],[11.952451,57.69193],[11.950391,57.69195],[11.950196,57.691923],[11.950253,57.692655]]]}},{"type":"Feature","properties":{"kod":"14800511","namn":"Västra Centrum, Sveaplan"},"geometry":{"type":"Polygon","coordinates":[[[11.955443,57.692565],[11.954511,57.692621],[11.954122,57.692748],[11.953231,57.692758],[11.952612,57.692625],[11.952451,57.69193],[11.952092,57.691254],[11.951778,57.690948],[11.951764,57.690532],[11.95287,57.69051],[11.952912,57.690505],[11.952952,57.690498],[11.952993,57.690491],[11.953032,57.690482],[11.953033,57.690482],[11.9534,57.690929],[11.953889,57.691314],[11.954809,57.692027],[11.954946,57.692143],[11.955443,57.692565]]]}},{"type":"Feature","properties":{"kod":"14800512","namn":"Västra Centrum, Kommendantsängen"},"geometry":{"type":"Polygon","coordinates":[[[11.957171,57.694072],[11.957013,57.694173],[11.956966,57.694437],[11.956487,57.694575],[11.955705,57.694569],[11.955039,57.693956],[11.954037,57.693822],[11.952961,57.693728],[11.953113,57.693415],[11.953162,57.692941],[11.953231,57.692758],[11.954122,57.692748],[11.954511,57.692621],[11.955443,57.692565],[11.955793,57.692861],[11.956111,57.693131],[11.957171,57.694072]]]}},{"type":"Feature","properties":{"kod":"14800513","namn":"Västra Centrum, Linné"},"geometry":{"type":"Polygon","coordinates":[[[11.952961,57.693728],[11.952887,57.693847],[11.952432,57.693797],[11.951552,57.693719],[11.95051,57.693732],[11.950253,57.692655],[11.950196,57.691923],[11.950391,57.69195],[11.952451,57.69193],[11.952612,57.692625],[11.953231,57.692758],[11.953162,57.692941],[11.953113,57.693415],[11.952961,57.693728]]]}},{"type":"Feature","properties":{"kod":"14800514","namn":"Västra Centrum, Nordhem"},"geometry":{"type":"Polygon","coordinates":[[[11.952432,57.693797],[11.951951,57.694994],[11.951154,57.694904],[11.950793,57.694902],[11.948148,57.694953],[11.948139,57.694708],[11.948145,57.694034],[11.948104,57.693752],[11.948132,57.692678],[11.950052,57.692632],[11.950253,57.692655],[11.95051,57.693732],[11.951552,57.693719],[11.952432,57.693797]]]}},{"type":"Feature","properties":{"kod":"14800515","namn":"Västra Centrum, Risåsen"},"geometry":{"type":"Polygon","coordinates":[[[11.956875,57.695463],[11.955839,57.695585],[11.955061,57.695425],[11.954673,57.695604],[11.954182,57.696286],[11.953636,57.695972],[11.953361,57.695875],[11.953233,57.695839],[11.952581,57.696372],[11.952115,57.696437],[11.951948,57.696383],[11.951467,57.696227],[11.951951,57.694994],[11.952432,57.693797],[11.952887,57.693847],[11.952961,57.693728],[11.954037,57.693822],[11.955039,57.693956],[11.955705,57.694569],[11.956875,57.695463]]]}},{"type":"Feature","properties":{"kod":"14800516","namn":"Västra Centrum, Olivedal"},"geometry":{"type":"Polygon","coordinates":[[[11.951467,57.696227],[11.951335,57.696184],[11.950426,57.696284],[11.949725,57.69637],[11.948153,57.69653],[11.947462,57.6963],[11.947493,57.694718],[11.948139,57.694708],[11.948148,57.694953],[11.950793,57.694902],[11.951154,57.694904],[11.951951,57.694994],[11.951467,57.696227]]]}},{"type":"Feature","properties":{"kod":"14800517","namn":"Västra Centrum, Plantagegatan m fl"},"geometry":{"type":"Polygon","coordinates":[[[11.951415,57.698039],[11.951338,57.698132],[11.949823,57.697973],[11.946964,57.697693],[11.947767,57.697092],[11.948028,57.696946],[11.948122,57.696704],[11.948153,57.69653],[11.949725,57.69637],[11.950426,57.696284],[11.951335,57.696184],[11.951467,57.696227],[11.951425,57.69637],[11.951086,57.69728],[11.95104,57.697405],[11.951055,57.69743],[11.951415,57.698039]]]}},{"type":"Feature","properties":{"kod":"14800518","namn":"Västra Centrum, Skansberget"},"geometry":{"type":"Polygon","coordinates":[[[11.956563,57.697409],[11.955961,57.697488],[11.956412,57.698533],[11.955272,57.698667],[11.954129,57.698812],[11.953123,57.698951],[11.952658,57.69789],[11.951415,57.698039],[11.951055,57.69743],[11.95104,57.697405],[11.951086,57.69728],[11.951425,57.69637],[11.951467,57.696227],[11.951948,57.696383],[11.952115,57.696437],[11.952581,57.696372],[11.953233,57.695839],[11.953361,57.695875],[11.953636,57.695972],[11.954182,57.696286],[11.954673,57.695604],[11.955061,57.695425],[11.955839,57.695585],[11.956875,57.695463],[11.957015,57.696222],[11.95662,57.696678],[11.956404,57.696927],[11.956275,57.69704],[11.956563,57.697409]]]}},{"type":"Feature","properties":{"kod":"14800519","namn":"Västra Centrum, Haga Västra"},"geometry":{"type":"Polygon","coordinates":[[[11.960951,57.700469],[11.960793,57.700444],[11.960698,57.70043],[11.960601,57.700418],[11.960504,57.700407],[11.960407,57.700398],[11.96031,57.70039],[11.960211,57.700384],[11.960113,57.70038],[11.960014,57.700376],[11.959916,57.700375],[11.959817,57.700375],[11.959718,57.700376],[11.95962,57.700379],[11.959522,57.700384],[11.959423,57.700389],[11.959326,57.700397],[11.959228,57.700406],[11.959131,57.700416],[11.959035,57.700428],[11.95894,57.700442],[11.95675,57.700835],[11.956693,57.700843],[11.956637,57.700852],[11.956583,57.700863],[11.956529,57.700876],[11.956477,57.70089],[11.956426,57.700905],[11.956377,57.700922],[11.95633,57.700939],[11.956284,57.700958],[11.956239,57.700979],[11.956198,57.701001],[11.956157,57.701024],[11.95612,57.701047],[11.956085,57.701072],[11.956052,57.701098],[11.956021,57.701124],[11.955993,57.701152],[11.955625,57.701509],[11.955464,57.701679],[11.955437,57.701701],[11.955407,57.701723],[11.955375,57.701743],[11.955341,57.701762],[11.955306,57.701781],[11.955268,57.701798],[11.955229,57.701814],[11.955188,57.701829],[11.955146,57.701842],[11.955102,57.701855],[11.955057,57.701866],[11.955011,57.701876],[11.954964,57.701884],[11.954917,57.701891],[11.954868,57.701896],[11.954693,57.701796],[11.954461,57.701515],[11.953769,57.700433],[11.953486,57.700236],[11.952365,57.699646],[11.952243,57.699439],[11.951895,57.698851],[11.951415,57.698039],[11.952658,57.69789],[11.953123,57.698951],[11.954129,57.698812],[11.955272,57.698667],[11.956412,57.698533],[11.955961,57.697488],[11.956563,57.697409],[11.956953,57.697936],[11.95722,57.697879],[11.957866,57.697793],[11.95788,57.697826],[11.958151,57.69779],[11.958428,57.698407],[11.958513,57.699025],[11.958648,57.699884],[11.960844,57.699841],[11.960951,57.700469]]]}},{"type":"Feature","properties":{"kod":"14800520","namn":"Västra Centrum, Haga Östra"},"geometry":{"type":"Polygon","coordinates":[[[11.9628,57.697594],[11.963037,57.699469],[11.963093,57.699913],[11.961092,57.699835],[11.960844,57.699841],[11.958648,57.699884],[11.958513,57.699025],[11.958428,57.698407],[11.958151,57.69779],[11.95788,57.697826],[11.957866,57.697793],[11.95722,57.697879],[11.956953,57.697936],[11.956563,57.697409],[11.956275,57.69704],[11.956404,57.696927],[11.95662,57.696678],[11.957015,57.696222],[11.956875,57.695463],[11.957034,57.695468],[11.957287,57.695476],[11.958155,57.695248],[11.960059,57.696396],[11.960961,57.696357],[11.962637,57.6963],[11.9628,57.697594]]]}},{"type":"Feature","properties":{"kod":"14800521","namn":"Västra Centrum, Nilssonsberg Västra"},"geometry":{"type":"Polygon","coordinates":[[[11.960961,57.696357],[11.960059,57.696396],[11.958155,57.695248],[11.957287,57.695476],[11.957034,57.695468],[11.956875,57.695463],[11.955705,57.694569],[11.956487,57.694575],[11.956966,57.694437],[11.957013,57.694173],[11.957171,57.694072],[11.958787,57.693563],[11.959405,57.693791],[11.958553,57.694236],[11.95877,57.694442],[11.959621,57.694259],[11.959856,57.694411],[11.95965,57.694678],[11.960647,57.695465],[11.96089,57.695882],[11.960961,57.696357]]]}},{"type":"Feature","properties":{"kod":"14800522","namn":"Västra Centrum, Nilssonsberg Östra"},"geometry":{"type":"Polygon","coordinates":[[[11.962637,57.6963],[11.960961,57.696357],[11.96089,57.695882],[11.960647,57.695465],[11.95965,57.694678],[11.959856,57.694411],[11.959621,57.694259],[11.95877,57.694442],[11.958553,57.694236],[11.959405,57.693791],[11.958787,57.693563],[11.961553,57.692708],[11.961789,57.69264],[11.961912,57.692612],[11.962991,57.693621],[11.963149,57.69371],[11.963244,57.693865],[11.963313,57.693974],[11.963393,57.694113],[11.963237,57.694611],[11.96248,57.694515],[11.962417,57.694517],[11.962528,57.695417],[11.962637,57.6963]]]}},{"type":"Feature","properties":{"kod":"14800523","namn":"Västra Centrum, Annedal Östra"},"geometry":{"type":"Polygon","coordinates":[[[11.961553,57.692708],[11.958787,57.693563],[11.957652,57.6925],[11.956654,57.691599],[11.958846,57.690867],[11.95941,57.691364],[11.960321,57.691074],[11.960349,57.69132],[11.961,57.692196],[11.961509,57.692659],[11.961553,57.692708]]]}},{"type":"Feature","properties":{"kod":"14800524","namn":"Västra Centrum, Annedal Västra"},"geometry":{"type":"Polygon","coordinates":[[[11.958787,57.693563],[11.957171,57.694072],[11.956111,57.693131],[11.955793,57.692861],[11.955443,57.692565],[11.954946,57.692143],[11.954809,57.692027],[11.953889,57.691314],[11.9534,57.690929],[11.953033,57.690482],[11.95307,57.690472],[11.953107,57.690461],[11.953142,57.690448],[11.953176,57.690434],[11.953208,57.690419],[11.953238,57.690403],[11.953266,57.690386],[11.953292,57.690368],[11.953316,57.690349],[11.953338,57.690329],[11.953356,57.690309],[11.953374,57.690288],[11.953387,57.690266],[11.953398,57.690244],[11.953407,57.690222],[11.953413,57.690199],[11.953416,57.690177],[11.953417,57.690154],[11.953415,57.690131],[11.95341,57.690108],[11.953403,57.690086],[11.953392,57.690064],[11.952984,57.688625],[11.952987,57.686569],[11.9542,57.68625],[11.954504,57.685973],[11.954876,57.685271],[11.956785,57.684161],[11.957186,57.683967],[11.957577,57.683894],[11.960091,57.683638],[11.960991,57.683602],[11.962467,57.683859],[11.963093,57.684042],[11.963589,57.684445],[11.96338,57.684788],[11.963027,57.685205],[11.962986,57.685247],[11.96295,57.685256],[11.962914,57.685266],[11.96288,57.685277],[11.962847,57.68529],[11.962817,57.685303],[11.962787,57.685318],[11.962761,57.685334],[11.962735,57.68535],[11.962712,57.685368],[11.962629,57.685439],[11.962176,57.686308],[11.962065,57.686463],[11.962228,57.686514],[11.962135,57.686633],[11.961638,57.68692],[11.961153,57.687647],[11.961393,57.687782],[11.961849,57.687901],[11.961772,57.688131],[11.961839,57.688242],[11.961661,57.688509],[11.961472,57.688644],[11.961406,57.68863],[11.961186,57.688573],[11.960784,57.688437],[11.960399,57.688593],[11.960386,57.688617],[11.960258,57.688675],[11.960025,57.688823],[11.960072,57.688895],[11.959946,57.689006],[11.959513,57.689207],[11.959097,57.689308],[11.959602,57.689636],[11.960017,57.69007],[11.960008,57.690422],[11.959946,57.690443],[11.960185,57.6907],[11.96025,57.69076],[11.960261,57.690814],[11.960321,57.691074],[11.95941,57.691364],[11.958846,57.690867],[11.956654,57.691599],[11.957652,57.6925],[11.958787,57.693563]]]}},{"type":"Feature","properties":{"kod":"14800525","namn":"Västra Centrum, Änggården"},"geometry":{"type":"Polygon","coordinates":[[[11.9677,57.675359],[11.967678,57.675371],[11.968271,57.675829],[11.967581,57.676088],[11.967446,57.676039],[11.967389,57.676083],[11.966904,57.676372],[11.966185,57.676725],[11.966092,57.676763],[11.966311,57.676914],[11.965744,57.677187],[11.966251,57.677478],[11.965859,57.677561],[11.965434,57.677673],[11.965018,57.677775],[11.96506,57.677824],[11.965301,57.678197],[11.965333,57.678246],[11.968188,57.678746],[11.968325,57.678795],[11.968427,57.678869],[11.968452,57.678889],[11.968455,57.679022],[11.968646,57.679117],[11.968369,57.679306],[11.968275,57.679366],[11.96818,57.679424],[11.968081,57.679482],[11.967981,57.679538],[11.967879,57.679594],[11.967774,57.679648],[11.967668,57.679702],[11.96756,57.679754],[11.96745,57.679805],[11.967354,57.679847],[11.967353,57.67985],[11.967349,57.679853],[11.967346,57.679857],[11.967343,57.679861],[11.967339,57.679864],[11.967335,57.679868],[11.96733,57.679871],[11.967272,57.679897],[11.967269,57.679899],[11.966932,57.680057],[11.96656,57.680232],[11.966375,57.680323],[11.966265,57.680379],[11.965952,57.680557],[11.965696,57.680723],[11.965514,57.680858],[11.965304,57.681008],[11.965248,57.681051],[11.965127,57.681172],[11.964901,57.681365],[11.964881,57.681402],[11.964827,57.681505],[11.964786,57.681658],[11.964741,57.681814],[11.96469,57.68193],[11.964629,57.682064],[11.964562,57.682198],[11.964504,57.682313],[11.96442,57.682484],[11.964345,57.682638],[11.964345,57.682639],[11.964345,57.68264],[11.964344,57.682641],[11.964343,57.682641],[11.964343,57.682642],[11.964343,57.682643],[11.964342,57.682644],[11.964342,57.682644],[11.964107,57.683219],[11.963935,57.683667],[11.963789,57.684047],[11.963734,57.684206],[11.963589,57.684445],[11.963093,57.684042],[11.962467,57.683859],[11.960991,57.683602],[11.960091,57.683638],[11.957577,57.683894],[11.957186,57.683967],[11.956785,57.684161],[11.954876,57.685271],[11.954504,57.685973],[11.9542,57.68625],[11.952987,57.686569],[11.952984,57.688625],[11.953392,57.690064],[11.953403,57.690086],[11.95341,57.690108],[11.953415,57.690131],[11.953417,57.690154],[11.953416,57.690177],[11.953413,57.690199],[11.953407,57.690222],[11.953398,57.690244],[11.953387,57.690266],[11.953374,57.690288],[11.953356,57.690309],[11.953338,57.690329],[11.953316,57.690349],[11.953292,57.690368],[11.953266,57.690386],[11.953238,57.690403],[11.953208,57.690419],[11.953176,57.690434],[11.953142,57.690448],[11.953107,57.690461],[11.95307,57.690472],[11.953033,57.690482],[11.953032,57.690482],[11.952993,57.690491],[11.952952,57.690498],[11.952912,57.690505],[11.95287,57.69051],[11.951764,57.690532],[11.951126,57.690602],[11.95099,57.690612],[11.950343,57.690637],[11.949999,57.690718],[11.949551,57.690749],[11.948902,57.690728],[11.948701,57.690872],[11.948551,57.69098],[11.948309,57.690883],[11.948229,57.690835],[11.948202,57.690772],[11.948202,57.690474],[11.948202,57.690447],[11.9482,57.69042],[11.948196,57.690394],[11.948188,57.690367],[11.948178,57.690341],[11.948165,57.690316],[11.948149,57.69029],[11.948131,57.690266],[11.94811,57.690241],[11.948087,57.690218],[11.948061,57.690195],[11.948033,57.690173],[11.948003,57.690152],[11.94797,57.690132],[11.947934,57.690112],[11.947895,57.690093],[11.947855,57.690075],[11.947813,57.690059],[11.947769,57.690043],[11.947724,57.690029],[11.947679,57.690016],[11.947632,57.690004],[11.947583,57.689994],[11.947533,57.689985],[11.947483,57.689977],[11.947432,57.689971],[11.947381,57.689966],[11.947329,57.689963],[11.947277,57.689961],[11.947225,57.68996],[11.947172,57.689961],[11.947121,57.689964],[11.947069,57.689968],[11.947018,57.689973],[11.946967,57.68998],[11.946917,57.689988],[11.946868,57.689997],[11.94682,57.690008],[11.946773,57.69002],[11.946727,57.690034],[11.946683,57.690049],[11.94664,57.690065],[11.946599,57.690082],[11.946559,57.6901],[11.946521,57.690119],[11.946498,57.69014],[11.946476,57.690162],[11.946458,57.690185],[11.946442,57.690208],[11.946429,57.690232],[11.946419,57.690256],[11.946411,57.69028],[11.946407,57.690305],[11.946406,57.69033],[11.946407,57.690354],[11.946411,57.690379],[11.946419,57.690403],[11.946518,57.690781],[11.946558,57.690985],[11.946459,57.690992],[11.945228,57.691074],[11.945266,57.691243],[11.945723,57.691469],[11.946004,57.692507],[11.946015,57.692548],[11.945695,57.693753],[11.945668,57.693819],[11.944169,57.693705],[11.941798,57.693525],[11.941743,57.692748],[11.94068,57.692585],[11.940596,57.692573],[11.938974,57.692336],[11.937144,57.692061],[11.93738,57.691771],[11.937662,57.691514],[11.937948,57.691061],[11.938089,57.690958],[11.938448,57.690819],[11.939554,57.690673],[11.939528,57.690313],[11.939073,57.690259],[11.938701,57.690216],[11.934487,57.689782],[11.933899,57.689058],[11.933857,57.689009],[11.933813,57.688961],[11.933767,57.688914],[11.933718,57.688868],[11.933665,57.688822],[11.93361,57.688777],[11.933553,57.688734],[11.933492,57.688691],[11.933439,57.688653],[11.931745,57.687455],[11.932008,57.68735],[11.931505,57.686233],[11.931482,57.686187],[11.931462,57.686141],[11.931444,57.686095],[11.931429,57.686048],[11.931416,57.686001],[11.931407,57.685954],[11.9314,57.685907],[11.931269,57.684966],[11.931423,57.685012],[11.931406,57.684905],[11.931332,57.683946],[11.931185,57.683898],[11.93117,57.683618],[11.931979,57.683251],[11.93207,57.683213],[11.932161,57.683176],[11.932255,57.68314],[11.93235,57.683106],[11.932446,57.683073],[11.932544,57.683042],[11.932643,57.683011],[11.932744,57.682982],[11.932845,57.682954],[11.933221,57.682857],[11.933267,57.682845],[11.933312,57.682831],[11.933356,57.682815],[11.933398,57.682799],[11.933438,57.682781],[11.933477,57.682762],[11.933513,57.682743],[11.933548,57.682721],[11.933579,57.6827],[11.93361,57.682677],[11.933637,57.682654],[11.933662,57.682629],[11.933685,57.682604],[11.933705,57.682578],[11.933723,57.682552],[11.933738,57.682525],[11.93375,57.682498],[11.933759,57.682471],[11.933799,57.682274],[11.933833,57.682021],[11.933857,57.681889],[11.933866,57.681858],[11.933878,57.681828],[11.933894,57.681799],[11.933911,57.68177],[11.933932,57.681741],[11.933956,57.681713],[11.933997,57.681674],[11.93404,57.681635],[11.934086,57.681597],[11.934136,57.68156],[11.934188,57.681524],[11.935037,57.680971],[11.935093,57.680929],[11.935147,57.680886],[11.935199,57.680842],[11.935247,57.680798],[11.935294,57.680753],[11.935338,57.680706],[11.935379,57.680659],[11.935418,57.680612],[11.935454,57.680564],[11.935489,57.680515],[11.935519,57.680466],[11.935547,57.680417],[11.935573,57.680367],[11.935595,57.680316],[11.935615,57.680266],[11.935632,57.680215],[11.935646,57.680164],[11.935658,57.680112],[11.935666,57.680061],[11.935674,57.680024],[11.93568,57.679988],[11.935683,57.679952],[11.935682,57.679915],[11.935678,57.679879],[11.935672,57.679842],[11.935662,57.679806],[11.935649,57.67977],[11.935634,57.679735],[11.935615,57.6797],[11.935553,57.679619],[11.935218,57.679183],[11.935195,57.67915],[11.935176,57.679116],[11.935159,57.679082],[11.935146,57.679047],[11.935135,57.679012],[11.935127,57.678977],[11.935122,57.678942],[11.93512,57.678906],[11.935121,57.678871],[11.935124,57.678836],[11.93514,57.678562],[11.935138,57.678502],[11.935135,57.678442],[11.935127,57.678382],[11.935118,57.678322],[11.935106,57.678262],[11.935091,57.678202],[11.935074,57.678143],[11.934994,57.677983],[11.934984,57.67796],[11.93497,57.677939],[11.934954,57.677918],[11.934935,57.677897],[11.934914,57.677877],[11.93489,57.677858],[11.934864,57.677841],[11.934835,57.677824],[11.934803,57.677808],[11.934324,57.677635],[11.934284,57.677616],[11.934246,57.677596],[11.934211,57.677575],[11.934177,57.677553],[11.934146,57.67753],[11.934117,57.677507],[11.93409,57.677482],[11.934065,57.677457],[11.934043,57.677431],[11.934023,57.677405],[11.934006,57.677378],[11.933991,57.677351],[11.933979,57.677323],[11.933969,57.677295],[11.933963,57.677267],[11.933959,57.677239],[11.933958,57.67721],[11.933959,57.677182],[11.933963,57.677154],[11.93397,57.677125],[11.933979,57.677097],[11.933991,57.67707],[11.934006,57.677043],[11.934291,57.676416],[11.934305,57.676397],[11.93437,57.676383],[11.934864,57.67626],[11.935693,57.676055],[11.936643,57.675832],[11.937706,57.675542],[11.937796,57.675517],[11.938109,57.675439],[11.938294,57.675375],[11.938523,57.675292],[11.938601,57.675296],[11.938942,57.675312],[11.939173,57.675356],[11.939544,57.675615],[11.939772,57.675597],[11.93994,57.675584],[11.939561,57.67444],[11.939185,57.6732],[11.93886,57.672017],[11.938555,57.670934],[11.938235,57.669785],[11.937952,57.668755],[11.937833,57.668322],[11.940177,57.668378],[11.940198,57.668348],[11.940707,57.667644],[11.940845,57.667399],[11.940832,57.667366],[11.940873,57.667325],[11.940969,57.667305],[11.940989,57.667284],[11.940988,57.667207],[11.941212,57.666904],[11.941199,57.666851],[11.94127,57.666752],[11.942316,57.666534],[11.942498,57.666399],[11.943165,57.666359],[11.943537,57.666101],[11.9435,57.665925],[11.943478,57.665924],[11.943457,57.665923],[11.943436,57.66592],[11.943416,57.665915],[11.943398,57.665909],[11.943381,57.665902],[11.943366,57.665894],[11.943353,57.665885],[11.943341,57.665875],[11.943333,57.665864],[11.943327,57.665853],[11.943631,57.665888],[11.943646,57.666028],[11.943826,57.66609],[11.943982,57.666126],[11.944893,57.666234],[11.945089,57.666237],[11.945679,57.666324],[11.945686,57.66631],[11.94672,57.666516],[11.949221,57.663545],[11.949269,57.66356],[11.950474,57.663937],[11.952603,57.664603],[11.953365,57.664842],[11.955291,57.665444],[11.957055,57.665998],[11.957126,57.666018],[11.957138,57.666022],[11.957172,57.666032],[11.957472,57.666118],[11.957819,57.666219],[11.957969,57.666263],[11.958477,57.666426],[11.95907,57.666617],[11.959586,57.666782],[11.960163,57.666965],[11.960173,57.666968],[11.959535,57.667559],[11.959299,57.667779],[11.960832,57.668255],[11.961031,57.668317],[11.961094,57.668337],[11.96112,57.668345],[11.962238,57.668692],[11.962633,57.668815],[11.962926,57.668906],[11.964563,57.669414],[11.965969,57.669831],[11.966014,57.669844],[11.966064,57.669859],[11.966643,57.670035],[11.966665,57.670042],[11.96677,57.670076],[11.966932,57.670128],[11.967087,57.670178],[11.967809,57.670412],[11.968479,57.670629],[11.968553,57.670653],[11.968605,57.670669],[11.969422,57.670923],[11.969422,57.670923],[11.969423,57.670923],[11.965992,57.672787],[11.965991,57.672788],[11.966062,57.672828],[11.966058,57.67283],[11.966062,57.672833],[11.968784,57.674402],[11.968784,57.674403],[11.968093,57.674727],[11.967621,57.674973],[11.96762,57.674973],[11.967668,57.675008],[11.967663,57.675011],[11.967737,57.675066],[11.967918,57.675196],[11.967918,57.675196],[11.96796,57.675226],[11.967701,57.675359],[11.9677,57.675359]]]}},{"type":"Feature","properties":{"kod":"14800526","namn":"Västra Centrum, Svalebo"},"geometry":{"type":"Polygon","coordinates":[[[11.927439,57.679142],[11.92701,57.679282],[11.92661,57.679318],[11.925982,57.679376],[11.924843,57.679479],[11.924188,57.679539],[11.922278,57.679726],[11.921124,57.676555],[11.919398,57.675647],[11.919637,57.675132],[11.920585,57.674938],[11.921368,57.674827],[11.922116,57.674772],[11.923066,57.674767],[11.923944,57.674806],[11.92469,57.674961],[11.926048,57.675242],[11.929136,57.675971],[11.929284,57.676006],[11.929424,57.676039],[11.930055,57.676188],[11.930231,57.676164],[11.931487,57.675981],[11.93151,57.67624],[11.932185,57.676295],[11.93215,57.675886],[11.932882,57.675779],[11.932968,57.676227],[11.933202,57.676211],[11.933475,57.675872],[11.934259,57.675817],[11.934246,57.675863],[11.934237,57.675909],[11.934231,57.675955],[11.934228,57.676002],[11.934229,57.676048],[11.934232,57.676094],[11.93424,57.676141],[11.934232,57.676413],[11.934305,57.676397],[11.934291,57.676416],[11.934006,57.677043],[11.933991,57.67707],[11.933979,57.677097],[11.93397,57.677125],[11.933963,57.677154],[11.933959,57.677182],[11.933958,57.67721],[11.933959,57.677239],[11.933963,57.677267],[11.933969,57.677295],[11.933979,57.677323],[11.933991,57.677351],[11.934006,57.677378],[11.934023,57.677405],[11.934043,57.677431],[11.934065,57.677457],[11.93409,57.677482],[11.934117,57.677507],[11.934146,57.67753],[11.934177,57.677553],[11.934211,57.677575],[11.934246,57.677596],[11.934284,57.677616],[11.934324,57.677635],[11.934803,57.677808],[11.934835,57.677824],[11.934864,57.677841],[11.93489,57.677858],[11.934914,57.677877],[11.934935,57.677897],[11.934954,57.677918],[11.93497,57.677939],[11.934984,57.67796],[11.934994,57.677983],[11.935074,57.678143],[11.935091,57.678202],[11.935106,57.678262],[11.935118,57.678322],[11.935127,57.678382],[11.935135,57.678442],[11.935138,57.678502],[11.93514,57.678562],[11.935124,57.678836],[11.935121,57.678871],[11.93512,57.678906],[11.935122,57.678942],[11.935127,57.678977],[11.935135,57.679012],[11.935146,57.679047],[11.935159,57.679082],[11.935176,57.679116],[11.935195,57.67915],[11.935218,57.679183],[11.935553,57.679619],[11.935038,57.679615],[11.932962,57.679316],[11.932432,57.679249],[11.932111,57.6793],[11.930145,57.678919],[11.929976,57.679106],[11.929649,57.679316],[11.929331,57.679441],[11.928971,57.679294],[11.928743,57.679291],[11.927585,57.678962],[11.927439,57.679142]]]}},{"type":"Feature","properties":{"kod":"14800527","namn":"Västra Centrum, Skytteskogen"},"geometry":{"type":"Polygon","coordinates":[[[11.93117,57.683618],[11.931185,57.683898],[11.931332,57.683946],[11.931406,57.684905],[11.931423,57.685012],[11.931269,57.684966],[11.931166,57.684936],[11.931045,57.684904],[11.930269,57.684679],[11.930214,57.684659],[11.92996,57.684585],[11.930043,57.684528],[11.92955,57.684383],[11.929831,57.684091],[11.927758,57.683504],[11.927355,57.683756],[11.92684,57.683612],[11.925709,57.683301],[11.924802,57.683066],[11.925021,57.682855],[11.924363,57.682679],[11.923904,57.683134],[11.923806,57.683337],[11.923866,57.683675],[11.924147,57.68375],[11.923813,57.684068],[11.922521,57.684071],[11.922288,57.680902],[11.922278,57.679726],[11.924188,57.679539],[11.924843,57.679479],[11.925982,57.679376],[11.92661,57.679318],[11.92701,57.679282],[11.927439,57.679142],[11.927585,57.678962],[11.928743,57.679291],[11.928971,57.679294],[11.929331,57.679441],[11.929649,57.679316],[11.929976,57.679106],[11.930145,57.678919],[11.932111,57.6793],[11.932432,57.679249],[11.932962,57.679316],[11.935038,57.679615],[11.935553,57.679619],[11.935615,57.6797],[11.935634,57.679735],[11.935649,57.67977],[11.935662,57.679806],[11.935672,57.679842],[11.935678,57.679879],[11.935682,57.679915],[11.935683,57.679952],[11.93568,57.679988],[11.935674,57.680024],[11.935666,57.680061],[11.935658,57.680112],[11.935646,57.680164],[11.935632,57.680215],[11.935615,57.680266],[11.935595,57.680316],[11.935573,57.680367],[11.935547,57.680417],[11.935519,57.680466],[11.935489,57.680515],[11.935454,57.680564],[11.935418,57.680612],[11.935379,57.680659],[11.935338,57.680706],[11.935294,57.680753],[11.935247,57.680798],[11.935199,57.680842],[11.935147,57.680886],[11.935093,57.680929],[11.935037,57.680971],[11.934188,57.681524],[11.934136,57.68156],[11.934086,57.681597],[11.93404,57.681635],[11.933997,57.681674],[11.933956,57.681713],[11.933932,57.681741],[11.933911,57.68177],[11.933894,57.681799],[11.933878,57.681828],[11.933866,57.681858],[11.933857,57.681889],[11.933833,57.682021],[11.933799,57.682274],[11.933759,57.682471],[11.93375,57.682498],[11.933738,57.682525],[11.933723,57.682552],[11.933705,57.682578],[11.933685,57.682604],[11.933662,57.682629],[11.933637,57.682654],[11.93361,57.682677],[11.933579,57.6827],[11.933548,57.682721],[11.933513,57.682743],[11.933477,57.682762],[11.933438,57.682781],[11.933398,57.682799],[11.933356,57.682815],[11.933312,57.682831],[11.933267,57.682845],[11.933221,57.682857],[11.932845,57.682954],[11.932744,57.682982],[11.932643,57.683011],[11.932544,57.683042],[11.932446,57.683073],[11.93235,57.683106],[11.932255,57.68314],[11.932161,57.683176],[11.93207,57.683213],[11.931979,57.683251],[11.93117,57.683618]]]}},{"type":"Feature","properties":{"kod":"14800528","namn":"Västra Centrum, Kungsladugård Östra"},"geometry":{"type":"Polygon","coordinates":[[[11.931269,57.684966],[11.9314,57.685907],[11.931407,57.685954],[11.931416,57.686001],[11.931429,57.686048],[11.931444,57.686095],[11.931462,57.686141],[11.931482,57.686187],[11.931505,57.686233],[11.932008,57.68735],[11.931745,57.687455],[11.93112,57.68738],[11.929612,57.687221],[11.928004,57.687025],[11.925759,57.687035],[11.925757,57.687042],[11.925285,57.68704],[11.925389,57.686887],[11.924719,57.686486],[11.92496,57.686358],[11.926636,57.685507],[11.925401,57.685054],[11.925414,57.685042],[11.924574,57.684758],[11.924582,57.684366],[11.92477,57.684283],[11.925445,57.683586],[11.924553,57.683343],[11.924802,57.683066],[11.925709,57.683301],[11.92684,57.683612],[11.927355,57.683756],[11.927758,57.683504],[11.929831,57.684091],[11.92955,57.684383],[11.930043,57.684528],[11.92996,57.684585],[11.930214,57.684659],[11.930269,57.684679],[11.931045,57.684904],[11.931166,57.684936],[11.931269,57.684966]]]}},{"type":"Feature","properties":{"kod":"14800529","namn":"Västra Centrum, Kungsladugård Västra"},"geometry":{"type":"Polygon","coordinates":[[[11.925285,57.68704],[11.92522,57.687039],[11.922418,57.68721],[11.922403,57.687101],[11.922345,57.686808],[11.922169,57.686737],[11.923059,57.686306],[11.92261,57.686094],[11.922026,57.686014],[11.9214,57.686028],[11.921265,57.685461],[11.920504,57.685475],[11.920049,57.685259],[11.920274,57.684826],[11.919248,57.684589],[11.919466,57.684283],[11.919578,57.683967],[11.920895,57.684127],[11.921468,57.684196],[11.922521,57.684071],[11.923813,57.684068],[11.924147,57.68375],[11.923866,57.683675],[11.923806,57.683337],[11.923904,57.683134],[11.924363,57.682679],[11.925021,57.682855],[11.924802,57.683066],[11.924553,57.683343],[11.925445,57.683586],[11.92477,57.684283],[11.924582,57.684366],[11.924574,57.684758],[11.925414,57.685042],[11.925401,57.685054],[11.926636,57.685507],[11.92496,57.686358],[11.924719,57.686486],[11.925389,57.686887],[11.925285,57.68704]]]}},{"type":"Feature","properties":{"kod":"14800530","namn":"Västra Centrum, Mariaplan"},"geometry":{"type":"Polygon","coordinates":[[[11.922418,57.68721],[11.921311,57.68734],[11.921292,57.687404],[11.920957,57.687595],[11.920773,57.687703],[11.920297,57.687981],[11.919648,57.688452],[11.918449,57.689291],[11.917607,57.688884],[11.916996,57.688622],[11.916208,57.688253],[11.915319,57.687718],[11.91924,57.685846],[11.919008,57.68571],[11.920049,57.685259],[11.920504,57.685475],[11.921265,57.685461],[11.9214,57.686028],[11.922026,57.686014],[11.92261,57.686094],[11.923059,57.686306],[11.922169,57.686737],[11.922345,57.686808],[11.922403,57.687101],[11.922418,57.68721]]]}},{"type":"Feature","properties":{"kod":"14800531","namn":"Västra Centrum, Silverkällan"},"geometry":{"type":"Polygon","coordinates":[[[11.919008,57.68571],[11.91924,57.685846],[11.915319,57.687718],[11.915006,57.687499],[11.914152,57.687009],[11.913204,57.686435],[11.914437,57.685844],[11.915341,57.685388],[11.917025,57.684573],[11.917724,57.684932],[11.91837,57.68532],[11.919008,57.68571]]]}},{"type":"Feature","properties":{"kod":"14800532","namn":"Västra Centrum, Sannaplan"},"geometry":{"type":"Polygon","coordinates":[[[11.912809,57.686434],[11.912203,57.686207],[11.913257,57.685646],[11.912376,57.68523],[11.912129,57.685097],[11.912179,57.684688],[11.912179,57.684609],[11.909601,57.684354],[11.909592,57.684047],[11.909858,57.683895],[11.908821,57.68342],[11.910327,57.682917],[11.911796,57.683045],[11.913274,57.683226],[11.915052,57.683442],[11.91536,57.683457],[11.919578,57.683967],[11.919466,57.684283],[11.919248,57.684589],[11.920274,57.684826],[11.920049,57.685259],[11.919008,57.68571],[11.91837,57.68532],[11.917724,57.684932],[11.917025,57.684573],[11.915341,57.685388],[11.914437,57.685844],[11.913204,57.686435],[11.913028,57.686333],[11.912809,57.686434]]]}},{"type":"Feature","properties":{"kod":"14800533","namn":"Västra Centrum, Sandarne"},"geometry":{"type":"Polygon","coordinates":[[[11.906783,57.686385],[11.906593,57.686444],[11.906239,57.686538],[11.903977,57.687139],[11.902829,57.688959],[11.901837,57.690467],[11.89778,57.689297],[11.897724,57.68928],[11.893934,57.68885],[11.897033,57.686994],[11.89389,57.682486],[11.893874,57.682456],[11.897025,57.68215],[11.90255,57.681625],[11.902754,57.681606],[11.905788,57.681318],[11.905384,57.680946],[11.905345,57.680917],[11.905304,57.680888],[11.90526,57.68086],[11.905215,57.680834],[11.905168,57.680807],[11.905119,57.680783],[11.904694,57.680573],[11.904826,57.680491],[11.904991,57.680312],[11.90596,57.680206],[11.906521,57.680149],[11.909306,57.680101],[11.910014,57.680055],[11.910768,57.679913],[11.911409,57.679686],[11.912111,57.679268],[11.912475,57.678895],[11.91274,57.678394],[11.913101,57.677848],[11.913594,57.677475],[11.913977,57.677266],[11.915087,57.676792],[11.916303,57.676271],[11.916486,57.676202],[11.918052,57.675606],[11.918656,57.675376],[11.919498,57.67516],[11.919637,57.675132],[11.919398,57.675647],[11.921124,57.676555],[11.922278,57.679726],[11.922288,57.680902],[11.922521,57.684071],[11.921468,57.684196],[11.920895,57.684127],[11.919578,57.683967],[11.91536,57.683457],[11.915052,57.683442],[11.913274,57.683226],[11.911796,57.683045],[11.910327,57.682917],[11.908821,57.68342],[11.909858,57.683895],[11.909592,57.684047],[11.909601,57.684354],[11.912179,57.684609],[11.912179,57.684688],[11.912129,57.685097],[11.912376,57.68523],[11.913257,57.685646],[11.912203,57.686207],[11.911553,57.685963],[11.910422,57.686496],[11.909775,57.686149],[11.909597,57.686101],[11.908927,57.685726],[11.907937,57.686112],[11.907685,57.685973],[11.906783,57.686385]]]}},{"type":"Feature","properties":{"kod":"14800534","namn":"Västra Centrum, Klippan"},"geometry":{"type":"Polygon","coordinates":[[[11.913698,57.691767],[11.913627,57.691806],[11.913265,57.691973],[11.912903,57.692165],[11.91272,57.692306],[11.912607,57.692203],[11.911965,57.692685],[11.911309,57.693178],[11.91121,57.693121],[11.91107,57.693039],[11.910047,57.693522],[11.908385,57.693261],[11.907659,57.693082],[11.906331,57.692288],[11.904743,57.69148],[11.903642,57.690991],[11.901893,57.690484],[11.901837,57.690467],[11.902829,57.688959],[11.903977,57.687139],[11.906239,57.686538],[11.906593,57.686444],[11.906783,57.686385],[11.907685,57.685973],[11.907937,57.686112],[11.908927,57.685726],[11.909597,57.686101],[11.909775,57.686149],[11.910422,57.686496],[11.911553,57.685963],[11.912203,57.686207],[11.912809,57.686434],[11.913028,57.686333],[11.913204,57.686435],[11.914152,57.687009],[11.915006,57.687499],[11.915319,57.687718],[11.91267,57.688983],[11.914769,57.690233],[11.91571,57.690798],[11.915458,57.690935],[11.914755,57.691264],[11.914724,57.691279],[11.914194,57.691492],[11.913887,57.691664],[11.913698,57.691767]]]}},{"type":"Feature","properties":{"kod":"14800535","namn":"Västra Centrum, Gröna Vallen"},"geometry":{"type":"Polygon","coordinates":[[[11.918449,57.689291],[11.91788,57.6896],[11.917605,57.689744],[11.917417,57.689848],[11.917021,57.690057],[11.916468,57.690386],[11.916317,57.690469],[11.91571,57.690798],[11.914769,57.690233],[11.91267,57.688983],[11.915319,57.687718],[11.916208,57.688253],[11.916996,57.688622],[11.917607,57.688884],[11.918449,57.689291]]]}},{"type":"Feature","properties":{"kod":"14800536","namn":"Västra Centrum, Kusttorget"},"geometry":{"type":"Polygon","coordinates":[[[11.924214,57.695355],[11.924097,57.695596],[11.923066,57.695797],[11.924856,57.696321],[11.924148,57.697012],[11.925833,57.697445],[11.926662,57.697733],[11.927549,57.698041],[11.929755,57.698888],[11.92997,57.698977],[11.929068,57.699794],[11.928626,57.700826],[11.928212,57.700794],[11.922948,57.699522],[11.922773,57.699501],[11.921438,57.699345],[11.920136,57.699069],[11.91932,57.698897],[11.918885,57.698705],[11.916352,57.69759],[11.914335,57.696566],[11.913708,57.696119],[11.913149,57.695581],[11.912007,57.695113],[11.912328,57.694792],[11.912062,57.694536],[11.91113,57.693947],[11.910047,57.693522],[11.91107,57.693039],[11.91121,57.693121],[11.911309,57.693178],[11.911965,57.692685],[11.912607,57.692203],[11.91272,57.692306],[11.912903,57.692165],[11.913265,57.691973],[11.913627,57.691806],[11.913698,57.691767],[11.913811,57.691836],[11.915301,57.692813],[11.916423,57.693583],[11.916659,57.693744],[11.916803,57.693663],[11.917561,57.693111],[11.917596,57.692978],[11.917703,57.693042],[11.917812,57.693108],[11.919103,57.694162],[11.92098,57.695176],[11.921234,57.695004],[11.92116,57.694472],[11.920475,57.693805],[11.920878,57.693605],[11.920963,57.693429],[11.921383,57.693454],[11.921955,57.693382],[11.922217,57.693227],[11.922451,57.693246],[11.922452,57.693233],[11.922514,57.693239],[11.922648,57.693254],[11.922626,57.693345],[11.923184,57.693433],[11.923196,57.693453],[11.922966,57.694356],[11.92288,57.694669],[11.922982,57.694844],[11.923336,57.695042],[11.923696,57.695194],[11.924214,57.695355]]]}},{"type":"Feature","properties":{"kod":"14800537","namn":"Västra Centrum, Chapmans Torg"},"geometry":{"type":"Polygon","coordinates":[[[11.920963,57.693429],[11.920878,57.693605],[11.920475,57.693805],[11.92116,57.694472],[11.921234,57.695004],[11.92098,57.695176],[11.919103,57.694162],[11.917812,57.693108],[11.917703,57.693042],[11.917596,57.692978],[11.917561,57.693111],[11.916803,57.693663],[11.916659,57.693744],[11.916423,57.693583],[11.915301,57.692813],[11.913811,57.691836],[11.913698,57.691767],[11.913887,57.691664],[11.914194,57.691492],[11.914724,57.691279],[11.914755,57.691264],[11.915458,57.690935],[11.91571,57.690798],[11.915988,57.690966],[11.916173,57.691077],[11.918744,57.692629],[11.918745,57.692629],[11.919071,57.69267],[11.919356,57.692812],[11.920963,57.693429]]]}},{"type":"Feature","properties":{"kod":"14800538","namn":"Västra Centrum, Slottsskogsgat. m fl"},"geometry":{"type":"Polygon","coordinates":[[[11.923805,57.688127],[11.923653,57.688111],[11.923447,57.688003],[11.923271,57.687942],[11.923226,57.68794],[11.923137,57.687959],[11.922856,57.687845],[11.922651,57.687859],[11.92143,57.688727],[11.922108,57.68903],[11.921734,57.68925],[11.921262,57.689511],[11.92088,57.689688],[11.921225,57.690186],[11.920812,57.690197],[11.920657,57.690122],[11.920337,57.689969],[11.920166,57.689736],[11.91978,57.689702],[11.919664,57.689727],[11.919557,57.689749],[11.91946,57.689891],[11.919576,57.690377],[11.920211,57.691307],[11.920184,57.691385],[11.920139,57.691515],[11.919925,57.691686],[11.919653,57.691984],[11.919624,57.692232],[11.91968,57.692434],[11.919565,57.692673],[11.919356,57.692812],[11.919071,57.69267],[11.918745,57.692629],[11.918744,57.692629],[11.916173,57.691077],[11.915988,57.690966],[11.91571,57.690798],[11.916317,57.690469],[11.916468,57.690386],[11.917021,57.690057],[11.917417,57.689848],[11.917605,57.689744],[11.91788,57.6896],[11.918449,57.689291],[11.919648,57.688452],[11.920297,57.687981],[11.920773,57.687703],[11.920957,57.687595],[11.921292,57.687404],[11.921311,57.68734],[11.922418,57.68721],[11.92522,57.687039],[11.925285,57.68704],[11.925757,57.687042],[11.925759,57.687035],[11.928004,57.687025],[11.929612,57.687221],[11.929445,57.687634],[11.928265,57.687712],[11.928403,57.68803],[11.928511,57.68839],[11.92839,57.688398],[11.927487,57.688254],[11.926899,57.687955],[11.926093,57.687894],[11.925979,57.68791],[11.92545,57.687984],[11.925414,57.688017],[11.925511,57.688219],[11.925187,57.688343],[11.924818,57.68826],[11.924737,57.688255],[11.924372,57.688059],[11.924003,57.688106],[11.923805,57.688127]]]}},{"type":"Feature","properties":{"kod":"14800539","namn":"Västra Centrum, Gråberget Västra"},"geometry":{"type":"Polygon","coordinates":[[[11.922648,57.693254],[11.922514,57.693239],[11.922452,57.693233],[11.922451,57.693246],[11.922217,57.693227],[11.921955,57.693382],[11.921383,57.693454],[11.920963,57.693429],[11.919356,57.692812],[11.919565,57.692673],[11.91968,57.692434],[11.919624,57.692232],[11.919653,57.691984],[11.919925,57.691686],[11.920139,57.691515],[11.920184,57.691385],[11.920211,57.691307],[11.919576,57.690377],[11.91946,57.689891],[11.919557,57.689749],[11.919664,57.689727],[11.91978,57.689702],[11.920166,57.689736],[11.920337,57.689969],[11.920657,57.690122],[11.920812,57.690197],[11.921225,57.690186],[11.92088,57.689688],[11.921262,57.689511],[11.921734,57.68925],[11.922108,57.68903],[11.92143,57.688727],[11.922651,57.687859],[11.922856,57.687845],[11.923137,57.687959],[11.923226,57.68794],[11.923271,57.687942],[11.923447,57.688003],[11.923653,57.688111],[11.923805,57.688127],[11.922642,57.689429],[11.923394,57.689547],[11.923754,57.689668],[11.924671,57.68982],[11.924444,57.690308],[11.924032,57.690893],[11.923088,57.692114],[11.92286,57.692408],[11.922648,57.693254]]]}},{"type":"Feature","properties":{"kod":"14800540","namn":"Västra Centrum, Gråberget Östra"},"geometry":{"type":"Polygon","coordinates":[[[11.925398,57.692861],[11.923967,57.692923],[11.923698,57.693531],[11.923196,57.693453],[11.923184,57.693433],[11.922626,57.693345],[11.922648,57.693254],[11.92286,57.692408],[11.923088,57.692114],[11.924032,57.690893],[11.924444,57.690308],[11.924671,57.68982],[11.923754,57.689668],[11.923394,57.689547],[11.922642,57.689429],[11.923805,57.688127],[11.924003,57.688106],[11.924372,57.688059],[11.924737,57.688255],[11.924818,57.68826],[11.925187,57.688343],[11.925511,57.688219],[11.925414,57.688017],[11.92545,57.687984],[11.925979,57.68791],[11.926093,57.687894],[11.926899,57.687955],[11.927487,57.688254],[11.92839,57.688398],[11.928511,57.68839],[11.928511,57.68839],[11.928566,57.688573],[11.92873,57.68934],[11.928836,57.689764],[11.928895,57.689888],[11.928971,57.69001],[11.929065,57.690128],[11.929176,57.690242],[11.929291,57.690348],[11.929419,57.69045],[11.92956,57.690547],[11.929987,57.690864],[11.930083,57.690919],[11.929722,57.69108],[11.929418,57.691221],[11.928902,57.691488],[11.927886,57.692129],[11.927854,57.692149],[11.927216,57.692683],[11.926867,57.692975],[11.926672,57.693338],[11.925835,57.693174],[11.925892,57.693019],[11.92627,57.692868],[11.926124,57.692661],[11.925398,57.692861]]]}},{"type":"Feature","properties":{"kod":"14800541","namn":"Västra Centrum, Godhem"},"geometry":{"type":"Polygon","coordinates":[[[11.932637,57.6905],[11.932351,57.690867],[11.931952,57.690983],[11.93134,57.690464],[11.930548,57.690774],[11.930083,57.690919],[11.929987,57.690864],[11.92956,57.690547],[11.929419,57.69045],[11.929291,57.690348],[11.929176,57.690242],[11.929065,57.690128],[11.928971,57.69001],[11.928895,57.689888],[11.928836,57.689764],[11.92873,57.68934],[11.928566,57.688573],[11.928511,57.68839],[11.928511,57.68839],[11.928403,57.68803],[11.928265,57.687712],[11.929445,57.687634],[11.929612,57.687221],[11.93112,57.68738],[11.931745,57.687455],[11.933439,57.688653],[11.933492,57.688691],[11.933553,57.688734],[11.93361,57.688777],[11.933665,57.688822],[11.933718,57.688868],[11.933767,57.688914],[11.933813,57.688961],[11.933857,57.689009],[11.933899,57.689058],[11.934487,57.689782],[11.934401,57.689821],[11.933913,57.689896],[11.933012,57.690034],[11.932742,57.690104],[11.932935,57.690356],[11.932586,57.690433],[11.932637,57.6905]]]}},{"type":"Feature","properties":{"kod":"14800542","namn":"Västra Centrum, Marieberg"},"geometry":{"type":"Polygon","coordinates":[[[11.928395,57.695096],[11.928765,57.695153],[11.929295,57.695255],[11.928814,57.696145],[11.928198,57.696247],[11.928172,57.696236],[11.926851,57.695884],[11.925448,57.695722],[11.924097,57.695596],[11.924214,57.695355],[11.923696,57.695194],[11.923336,57.695042],[11.922982,57.694844],[11.92288,57.694669],[11.922966,57.694356],[11.923196,57.693453],[11.923698,57.693531],[11.923967,57.692923],[11.925398,57.692861],[11.926124,57.692661],[11.92627,57.692868],[11.925892,57.693019],[11.925835,57.693174],[11.926672,57.693338],[11.926596,57.6935],[11.926386,57.693908],[11.925957,57.69474],[11.928395,57.695096]]]}},{"type":"Feature","properties":{"kod":"14800543","namn":"Västra Centrum, Klareborgsgatan m fl"},"geometry":{"type":"Polygon","coordinates":[[[11.931952,57.690983],[11.931979,57.691007],[11.93186,57.691237],[11.931693,57.691562],[11.931526,57.691886],[11.931446,57.691875],[11.931432,57.691899],[11.931148,57.692078],[11.930857,57.69226],[11.930795,57.692309],[11.930608,57.692461],[11.930565,57.692538],[11.930553,57.692558],[11.93054,57.692581],[11.931156,57.692672],[11.930843,57.69284],[11.930656,57.693204],[11.930627,57.693395],[11.930693,57.693483],[11.930113,57.69363],[11.930062,57.693574],[11.929572,57.693495],[11.929305,57.693906],[11.929096,57.694362],[11.92877,57.694321],[11.928395,57.695096],[11.925957,57.69474],[11.926386,57.693908],[11.926596,57.6935],[11.926672,57.693338],[11.926867,57.692975],[11.927216,57.692683],[11.927854,57.692149],[11.927886,57.692129],[11.928902,57.691488],[11.929418,57.691221],[11.929722,57.69108],[11.930083,57.690919],[11.930548,57.690774],[11.93134,57.690464],[11.931952,57.690983]]]}},{"type":"Feature","properties":{"kod":"14800544","namn":"Västra Centrum, Karl Johan"},"geometry":{"type":"Polygon","coordinates":[[[11.932752,57.694108],[11.932522,57.69391],[11.932078,57.694198],[11.931788,57.6945],[11.931521,57.695013],[11.930774,57.694973],[11.930587,57.695511],[11.929382,57.696702],[11.928198,57.696247],[11.928814,57.696145],[11.929295,57.695255],[11.928765,57.695153],[11.928395,57.695096],[11.92877,57.694321],[11.929096,57.694362],[11.929305,57.693906],[11.929572,57.693495],[11.930062,57.693574],[11.930113,57.69363],[11.930693,57.693483],[11.930627,57.693395],[11.930656,57.693204],[11.930843,57.69284],[11.931156,57.692672],[11.93054,57.692581],[11.930553,57.692558],[11.930565,57.692538],[11.930608,57.692461],[11.930795,57.692309],[11.930857,57.69226],[11.931148,57.692078],[11.931432,57.691899],[11.931446,57.691875],[11.931526,57.691886],[11.931693,57.691562],[11.93186,57.691237],[11.931979,57.691007],[11.931952,57.690983],[11.932351,57.690867],[11.932637,57.6905],[11.932586,57.690433],[11.932935,57.690356],[11.932742,57.690104],[11.933012,57.690034],[11.933913,57.689896],[11.935435,57.691762],[11.934213,57.692208],[11.934001,57.692574],[11.93389,57.693331],[11.933606,57.693343],[11.933355,57.693629],[11.933103,57.693884],[11.932752,57.694108]]]}},{"type":"Feature","properties":{"kod":"14800545","namn":"Västra Centrum, Söderlingska Ängen"},"geometry":{"type":"Polygon","coordinates":[[[11.936394,57.693922],[11.935704,57.693838],[11.935049,57.694419],[11.933443,57.694208],[11.932752,57.694108],[11.933103,57.693884],[11.933355,57.693629],[11.933606,57.693343],[11.93389,57.693331],[11.934001,57.692574],[11.934213,57.692208],[11.935435,57.691762],[11.933913,57.689896],[11.934401,57.689821],[11.934487,57.689782],[11.938701,57.690216],[11.939073,57.690259],[11.939528,57.690313],[11.939554,57.690673],[11.938448,57.690819],[11.938089,57.690958],[11.937948,57.691061],[11.937662,57.691514],[11.93738,57.691771],[11.937144,57.692061],[11.937078,57.692142],[11.936612,57.693503],[11.936394,57.693922]]]}},{"type":"Feature","properties":{"kod":"14800546","namn":"Västra Centrum, Kommendörsgatan m fl"},"geometry":{"type":"Polygon","coordinates":[[[11.935049,57.694419],[11.933913,57.695446],[11.933049,57.696211],[11.931575,57.697561],[11.930462,57.697117],[11.929382,57.696702],[11.930587,57.695511],[11.930774,57.694973],[11.931521,57.695013],[11.931788,57.6945],[11.932078,57.694198],[11.932522,57.69391],[11.932752,57.694108],[11.933443,57.694208],[11.935049,57.694419]]]}},{"type":"Feature","properties":{"kod":"14800547","namn":"Västra Centrum, Hängmattan"},"geometry":{"type":"Polygon","coordinates":[[[11.931575,57.697561],[11.931514,57.697577],[11.92997,57.698977],[11.929755,57.698888],[11.927549,57.698041],[11.926662,57.697733],[11.925833,57.697445],[11.924148,57.697012],[11.924856,57.696321],[11.923066,57.695797],[11.924097,57.695596],[11.925448,57.695722],[11.926851,57.695884],[11.928172,57.696236],[11.928198,57.696247],[11.929382,57.696702],[11.930462,57.697117],[11.931575,57.697561]]]}},{"type":"Feature","properties":{"kod":"14800548","namn":"Västra Centrum, Gatenhielmska"},"geometry":{"type":"Polygon","coordinates":[[[11.936818,57.700093],[11.936788,57.700256],[11.936953,57.700278],[11.936741,57.70038],[11.936608,57.700369],[11.93612,57.700579],[11.936261,57.700582],[11.936206,57.700923],[11.936639,57.700948],[11.936561,57.70144],[11.933869,57.701232],[11.928626,57.700826],[11.929068,57.699794],[11.92997,57.698977],[11.931514,57.697577],[11.931575,57.697561],[11.933049,57.696211],[11.933913,57.695446],[11.935049,57.694419],[11.935704,57.693838],[11.936394,57.693922],[11.936147,57.694557],[11.936128,57.694611],[11.935311,57.696878],[11.935147,57.697375],[11.935,57.697762],[11.934753,57.698414],[11.934592,57.698812],[11.93449,57.699068],[11.934391,57.699226],[11.934171,57.699938],[11.935377,57.699982],[11.936349,57.700042],[11.936818,57.700093]]]}},{"type":"Feature","properties":{"kod":"14800601","namn":"Sydvästra Göteborg, Högsbohöjd Norra"},"geometry":{"type":"Polygon","coordinates":[[[11.919637,57.675132],[11.919498,57.67516],[11.918656,57.675376],[11.918052,57.675606],[11.916486,57.676202],[11.916303,57.676271],[11.915087,57.676792],[11.91504,57.676172],[11.914975,57.676185],[11.914908,57.676195],[11.914842,57.676205],[11.914773,57.676213],[11.914705,57.676219],[11.914636,57.676224],[11.914566,57.676227],[11.914497,57.676229],[11.914428,57.676229],[11.914358,57.676228],[11.914289,57.676225],[11.914219,57.676221],[11.914151,57.676215],[11.914082,57.676208],[11.914015,57.676199],[11.913948,57.676189],[11.913882,57.676177],[11.913827,57.676165],[11.913774,57.676152],[11.913722,57.676138],[11.913671,57.676123],[11.913621,57.676106],[11.913574,57.676087],[11.913528,57.676068],[11.913484,57.676047],[11.913442,57.676025],[11.913402,57.676002],[11.913364,57.675978],[11.913329,57.675953],[11.913161,57.675969],[11.912376,57.673666],[11.913325,57.673577],[11.915965,57.673331],[11.917459,57.673185],[11.918309,57.673109],[11.919227,57.673223],[11.919502,57.674055],[11.91965,57.674062],[11.919601,57.674212],[11.919577,57.674342],[11.919615,57.674434],[11.919704,57.674689],[11.919671,57.674773],[11.919611,57.67482],[11.919637,57.675132]]]}},{"type":"Feature","properties":{"kod":"14800602","namn":"Sydvästra Göteborg, Högsbohöjd Södra"},"geometry":{"type":"Polygon","coordinates":[[[11.917459,57.673185],[11.915965,57.673331],[11.913325,57.673577],[11.912376,57.673666],[11.912026,57.672691],[11.910562,57.672814],[11.910363,57.672696],[11.91021,57.672232],[11.909525,57.671157],[11.909879,57.670556],[11.911543,57.670401],[11.915817,57.669997],[11.916787,57.669387],[11.918341,57.669309],[11.918535,57.66977],[11.918582,57.670261],[11.91692,57.670494],[11.917051,57.670807],[11.917213,57.671031],[11.917704,57.672468],[11.917396,57.672516],[11.917298,57.672772],[11.917459,57.673185]]]}},{"type":"Feature","properties":{"kod":"14800603","namn":"Sydvästra Göteborg, Högsbohöjd Östra"},"geometry":{"type":"Polygon","coordinates":[[[11.92469,57.674961],[11.923944,57.674806],[11.923066,57.674767],[11.922116,57.674772],[11.921368,57.674827],[11.920585,57.674938],[11.919637,57.675132],[11.919611,57.67482],[11.919671,57.674773],[11.919704,57.674689],[11.919615,57.674434],[11.919577,57.674342],[11.919601,57.674212],[11.91965,57.674062],[11.919502,57.674055],[11.919227,57.673223],[11.918309,57.673109],[11.917459,57.673185],[11.917298,57.672772],[11.917396,57.672516],[11.917704,57.672468],[11.917213,57.671031],[11.917051,57.670807],[11.91692,57.670494],[11.918582,57.670261],[11.918535,57.66977],[11.918341,57.669309],[11.919194,57.669267],[11.920053,57.668931],[11.921401,57.669018],[11.922001,57.669001],[11.921898,57.670548],[11.922348,57.670701],[11.922604,57.671366],[11.923213,57.670824],[11.923448,57.670781],[11.923625,57.671354],[11.923786,57.671862],[11.924232,57.672368],[11.924325,57.672473],[11.924323,57.672665],[11.923248,57.673661],[11.923724,57.673854],[11.924828,57.674124],[11.925286,57.674216],[11.924743,57.674777],[11.92469,57.674961]]]}},{"type":"Feature","properties":{"kod":"14800604","namn":"Sydvästra Göteborg, Högsbotorp V"},"geometry":{"type":"Polygon","coordinates":[[[11.931121,57.673861],[11.930633,57.674444],[11.9294,57.675868],[11.929284,57.676006],[11.929136,57.675971],[11.926048,57.675242],[11.92469,57.674961],[11.924743,57.674777],[11.925286,57.674216],[11.924828,57.674124],[11.923724,57.673854],[11.923248,57.673661],[11.924323,57.672665],[11.924325,57.672473],[11.924695,57.672443],[11.925265,57.672358],[11.925713,57.67224],[11.926649,57.671942],[11.926823,57.672049],[11.927043,57.672104],[11.927212,57.672025],[11.927505,57.67222],[11.927762,57.672372],[11.928222,57.672601],[11.929156,57.673031],[11.92975,57.673296],[11.93014,57.673475],[11.930517,57.673636],[11.930805,57.673754],[11.931121,57.673861]]]}},{"type":"Feature","properties":{"kod":"14800605","namn":"Sydvästra Göteborg, Högsbotorp S"},"geometry":{"type":"Polygon","coordinates":[[[11.927212,57.672025],[11.927043,57.672104],[11.926823,57.672049],[11.926649,57.671942],[11.925713,57.67224],[11.925265,57.672358],[11.924695,57.672443],[11.924325,57.672473],[11.924232,57.672368],[11.923786,57.671862],[11.923625,57.671354],[11.923448,57.670781],[11.923213,57.670824],[11.922604,57.671366],[11.922348,57.670701],[11.921898,57.670548],[11.922001,57.669001],[11.92274,57.668763],[11.92193,57.66815],[11.922433,57.667864],[11.923075,57.66713],[11.923505,57.667152],[11.924009,57.666097],[11.924811,57.666397],[11.924707,57.667563],[11.924709,57.66792],[11.924738,57.668151],[11.924922,57.668121],[11.925251,57.667996],[11.925549,57.667656],[11.926112,57.667451],[11.926739,57.667499],[11.927669,57.668095],[11.928449,57.66818],[11.928584,57.668928],[11.928509,57.669127],[11.928145,57.669165],[11.927973,57.669639],[11.927665,57.670034],[11.926109,57.66962],[11.926174,57.669937],[11.925857,57.67015],[11.925856,57.670758],[11.926948,57.671561],[11.92722,57.67178],[11.92717,57.671866],[11.927299,57.671984],[11.927212,57.672025]]]}},{"type":"Feature","properties":{"kod":"14800606","namn":"Sydvästra Göteborg, Högsbo"},"geometry":{"type":"Polygon","coordinates":[[[11.931505,57.671589],[11.930609,57.671589],[11.930121,57.671738],[11.930402,57.672008],[11.931337,57.672887],[11.931501,57.673081],[11.93155,57.673217],[11.931469,57.673444],[11.931121,57.673861],[11.930805,57.673754],[11.930517,57.673636],[11.93014,57.673475],[11.92975,57.673296],[11.929156,57.673031],[11.928222,57.672601],[11.927762,57.672372],[11.927505,57.67222],[11.927212,57.672025],[11.927299,57.671984],[11.92717,57.671866],[11.92722,57.67178],[11.926948,57.671561],[11.925856,57.670758],[11.925857,57.67015],[11.926174,57.669937],[11.926109,57.66962],[11.927665,57.670034],[11.927973,57.669639],[11.928145,57.669165],[11.928509,57.669127],[11.928584,57.668928],[11.928449,57.66818],[11.930842,57.668102],[11.931455,57.668082],[11.931495,57.668083],[11.931503,57.671152],[11.931505,57.671589]]]}},{"type":"Feature","properties":{"kod":"14800607","namn":"Sydvästra Göteborg, Högsbotorp Östra"},"geometry":{"type":"Polygon","coordinates":[[[11.933202,57.676211],[11.932968,57.676227],[11.932882,57.675779],[11.93215,57.675886],[11.932185,57.676295],[11.93151,57.67624],[11.931487,57.675981],[11.930231,57.676164],[11.930055,57.676188],[11.929424,57.676039],[11.929284,57.676006],[11.9294,57.675868],[11.930633,57.674444],[11.931121,57.673861],[11.931469,57.673444],[11.93155,57.673217],[11.931501,57.673081],[11.931337,57.672887],[11.930402,57.672008],[11.930121,57.671738],[11.930609,57.671589],[11.931505,57.671589],[11.93145,57.672125],[11.931636,57.67214],[11.932143,57.671908],[11.93229,57.671606],[11.93342,57.6716],[11.935281,57.67156],[11.935232,57.672459],[11.934202,57.672463],[11.934222,57.673357],[11.933612,57.674278],[11.935018,57.674408],[11.934259,57.675817],[11.933475,57.675872],[11.933202,57.676211]]]}},{"type":"Feature","properties":{"kod":"14800608","namn":"Sydvästra Göteborg, Marklandsgatan"},"geometry":{"type":"Polygon","coordinates":[[[11.938294,57.675375],[11.938109,57.675439],[11.937796,57.675517],[11.937706,57.675542],[11.936643,57.675832],[11.935693,57.676055],[11.934864,57.67626],[11.93437,57.676383],[11.934305,57.676397],[11.934232,57.676413],[11.93424,57.676141],[11.934232,57.676094],[11.934229,57.676048],[11.934228,57.676002],[11.934231,57.675955],[11.934237,57.675909],[11.934246,57.675863],[11.934259,57.675817],[11.935018,57.674408],[11.933612,57.674278],[11.934222,57.673357],[11.934202,57.672463],[11.935232,57.672459],[11.935281,57.67156],[11.935232,57.670214],[11.935219,57.669716],[11.934814,57.669716],[11.934767,57.669],[11.935188,57.669],[11.935262,57.668243],[11.937833,57.668322],[11.937952,57.668755],[11.938235,57.669785],[11.938555,57.670934],[11.93886,57.672017],[11.939185,57.6732],[11.939561,57.67444],[11.93994,57.675584],[11.939772,57.675597],[11.939544,57.675615],[11.939173,57.675356],[11.938942,57.675312],[11.938601,57.675296],[11.938523,57.675292],[11.938294,57.675375]]]}},{"type":"Feature","properties":{"kod":"14800609","namn":"Sydvästra Göteborg, Kapplandsgatan"},"geometry":{"type":"Polygon","coordinates":[[[11.935232,57.670214],[11.935281,57.67156],[11.93342,57.6716],[11.93229,57.671606],[11.932143,57.671908],[11.931636,57.67214],[11.93145,57.672125],[11.931505,57.671589],[11.931503,57.671152],[11.931495,57.668083],[11.933533,57.668102],[11.934558,57.668111],[11.934565,57.668245],[11.934744,57.668227],[11.935262,57.668243],[11.935188,57.669],[11.934767,57.669],[11.934814,57.669716],[11.935219,57.669716],[11.935232,57.670214]]]}},{"type":"Feature","properties":{"kod":"14800610","namn":"Sydvästra Göteborg, Flatås Västra"},"geometry":{"type":"Polygon","coordinates":[[[11.937833,57.668322],[11.935262,57.668243],[11.934744,57.668227],[11.934565,57.668245],[11.934558,57.668111],[11.933533,57.668102],[11.931495,57.668083],[11.931455,57.668082],[11.930842,57.668102],[11.928449,57.66818],[11.928415,57.66798],[11.928401,57.667745],[11.928527,57.667437],[11.928533,57.667336],[11.928382,57.667298],[11.928011,57.667208],[11.9275,57.667084],[11.927703,57.667035],[11.927893,57.665706],[11.926498,57.665416],[11.926469,57.665381],[11.926026,57.664842],[11.926065,57.664573],[11.925313,57.664542],[11.925335,57.664345],[11.925146,57.664335],[11.925179,57.664117],[11.925238,57.663713],[11.925251,57.663294],[11.925209,57.662996],[11.925101,57.662657],[11.925273,57.662656],[11.925567,57.662726],[11.92951,57.66249],[11.929772,57.663744],[11.930731,57.663687],[11.93088,57.664404],[11.931421,57.664371],[11.931446,57.664492],[11.93154,57.664939],[11.931663,57.66501],[11.936818,57.6647],[11.936853,57.664823],[11.937075,57.665624],[11.937387,57.666722],[11.937623,57.667561],[11.937833,57.668322]]]}},{"type":"Feature","properties":{"kod":"14800611","namn":"Sydvästra Göteborg, Flatås Södra"},"geometry":{"type":"Polygon","coordinates":[[[11.931297,57.663653],[11.930731,57.663687],[11.929772,57.663744],[11.92951,57.66249],[11.925567,57.662726],[11.925273,57.662656],[11.925101,57.662657],[11.924922,57.662299],[11.92469,57.66198],[11.924488,57.66175],[11.924183,57.661451],[11.923708,57.661041],[11.923887,57.660918],[11.923502,57.660637],[11.923206,57.660422],[11.923393,57.659898],[11.923743,57.659942],[11.925112,57.660072],[11.925715,57.660029],[11.926841,57.659958],[11.930478,57.659731],[11.930737,57.659715],[11.932021,57.659657],[11.93246,57.661735],[11.930917,57.661834],[11.931297,57.663653]]]}},{"type":"Feature","properties":{"kod":"14800612","namn":"Sydvästra Göteborg, Kaverös Norra"},"geometry":{"type":"Polygon","coordinates":[[[11.922001,57.669001],[11.921401,57.669018],[11.920053,57.668931],[11.920041,57.668222],[11.919838,57.667833],[11.918743,57.667691],[11.918277,57.667693],[11.918279,57.667801],[11.917555,57.667804],[11.917586,57.667919],[11.91759,57.668167],[11.917191,57.668384],[11.916486,57.668013],[11.916472,57.667187],[11.918054,57.666519],[11.918595,57.665554],[11.919036,57.665625],[11.91923,57.665278],[11.920228,57.66545],[11.920836,57.665497],[11.921168,57.665522],[11.922249,57.665491],[11.923232,57.665426],[11.923841,57.665535],[11.924074,57.665855],[11.924009,57.666097],[11.923505,57.667152],[11.923075,57.66713],[11.922433,57.667864],[11.92193,57.66815],[11.92274,57.668763],[11.922001,57.669001]]]}},{"type":"Feature","properties":{"kod":"14800613","namn":"Sydvästra Göteborg, Kavås"},"geometry":{"type":"Polygon","coordinates":[[[11.925146,57.664335],[11.925335,57.664345],[11.925313,57.664542],[11.926065,57.664573],[11.926026,57.664842],[11.926469,57.665381],[11.926498,57.665416],[11.927893,57.665706],[11.927703,57.667035],[11.9275,57.667084],[11.928011,57.667208],[11.928382,57.667298],[11.928533,57.667336],[11.928527,57.667437],[11.928401,57.667745],[11.928415,57.66798],[11.928449,57.66818],[11.927669,57.668095],[11.926739,57.667499],[11.926112,57.667451],[11.925549,57.667656],[11.925251,57.667996],[11.924922,57.668121],[11.924738,57.668151],[11.924709,57.66792],[11.924707,57.667563],[11.924811,57.666397],[11.924009,57.666097],[11.924074,57.665855],[11.923841,57.665535],[11.923232,57.665426],[11.922249,57.665491],[11.921168,57.665522],[11.920836,57.665497],[11.920228,57.66545],[11.91923,57.665278],[11.919354,57.664972],[11.918551,57.664879],[11.918693,57.664528],[11.918284,57.664481],[11.918298,57.664446],[11.917971,57.664408],[11.918004,57.664324],[11.917562,57.664273],[11.917892,57.663457],[11.918944,57.662963],[11.920773,57.663175],[11.920522,57.663799],[11.921258,57.663884],[11.921394,57.663631],[11.921417,57.663586],[11.921437,57.66354],[11.921453,57.663494],[11.921467,57.663447],[11.921477,57.6634],[11.921485,57.663353],[11.922209,57.663354],[11.922209,57.66348],[11.922477,57.66348],[11.922481,57.662945],[11.923144,57.662903],[11.923354,57.662791],[11.923992,57.662955],[11.924305,57.66313],[11.924558,57.663477],[11.924409,57.663798],[11.924017,57.664073],[11.924333,57.664292],[11.925146,57.664335]]]}},{"type":"Feature","properties":{"kod":"14800614","namn":"Sydvästra Göteborg, Kaverös Södra"},"geometry":{"type":"Polygon","coordinates":[[[11.925101,57.662657],[11.925209,57.662996],[11.925251,57.663294],[11.925238,57.663713],[11.925179,57.664117],[11.925146,57.664335],[11.924333,57.664292],[11.924017,57.664073],[11.924409,57.663798],[11.924558,57.663477],[11.924305,57.66313],[11.923992,57.662955],[11.923354,57.662791],[11.923144,57.662903],[11.922481,57.662945],[11.922477,57.66348],[11.922209,57.66348],[11.922209,57.663354],[11.921485,57.663353],[11.921477,57.6634],[11.921467,57.663447],[11.921453,57.663494],[11.921437,57.66354],[11.921417,57.663586],[11.921394,57.663631],[11.921258,57.663884],[11.920522,57.663799],[11.920773,57.663175],[11.918944,57.662963],[11.917892,57.663457],[11.91756,57.663475],[11.91661,57.663794],[11.916252,57.663752],[11.915888,57.663845],[11.915741,57.663783],[11.915021,57.663966],[11.914885,57.663812],[11.915979,57.663534],[11.915994,57.66355],[11.916215,57.663485],[11.916191,57.663461],[11.916103,57.663487],[11.91609,57.66349],[11.916077,57.66349],[11.916065,57.663489],[11.916052,57.663487],[11.916042,57.663482],[11.916034,57.663476],[11.915894,57.663339],[11.915933,57.663266],[11.912378,57.663246],[11.913265,57.662661],[11.913941,57.662072],[11.913919,57.661766],[11.913915,57.661697],[11.914316,57.661664],[11.914893,57.661516],[11.915679,57.661085],[11.916225,57.660823],[11.916963,57.660514],[11.917754,57.660195],[11.918385,57.659951],[11.919281,57.659647],[11.919514,57.659562],[11.919893,57.659781],[11.920483,57.659881],[11.920938,57.659932],[11.921435,57.659988],[11.922005,57.660107],[11.922483,57.660331],[11.923571,57.661135],[11.923708,57.661041],[11.924183,57.661451],[11.924488,57.66175],[11.92469,57.66198],[11.924922,57.662299],[11.925101,57.662657]]]}},{"type":"Feature","properties":{"kod":"14800615","namn":"Sydvästra Göteborg, Altplatsen"},"geometry":{"type":"Polygon","coordinates":[[[11.923708,57.661041],[11.923571,57.661135],[11.922483,57.660331],[11.922005,57.660107],[11.921435,57.659988],[11.920938,57.659932],[11.920483,57.659881],[11.919893,57.659781],[11.919514,57.659562],[11.919281,57.659647],[11.918385,57.659951],[11.917754,57.660195],[11.916963,57.660514],[11.916397,57.660105],[11.915188,57.659913],[11.91514,57.657048],[11.916571,57.657034],[11.917727,57.656622],[11.917874,57.656738],[11.918278,57.656611],[11.919867,57.656762],[11.920452,57.656555],[11.92119,57.656876],[11.921845,57.6571],[11.921709,57.657386],[11.921589,57.657476],[11.922239,57.657908],[11.922222,57.658373],[11.921859,57.658501],[11.922445,57.658847],[11.922677,57.659106],[11.922704,57.659414],[11.922639,57.659598],[11.922539,57.659788],[11.923393,57.659898],[11.923206,57.660422],[11.923502,57.660637],[11.923887,57.660918],[11.923708,57.661041]]]}},{"type":"Feature","properties":{"kod":"14800616","namn":"Sydvästra Göteborg, Ruddalen"},"geometry":{"type":"Polygon","coordinates":[[[11.918341,57.669309],[11.916787,57.669387],[11.915817,57.669997],[11.911543,57.670401],[11.909879,57.670556],[11.909525,57.671157],[11.91021,57.672232],[11.910363,57.672696],[11.908543,57.672587],[11.908508,57.67234],[11.908458,57.671997],[11.90842,57.67174],[11.908392,57.671547],[11.908369,57.671384],[11.907735,57.671144],[11.907533,57.671068],[11.907151,57.671046],[11.907159,57.671002],[11.90717,57.670948],[11.907261,57.670953],[11.907021,57.670698],[11.906926,57.670597],[11.906359,57.670566],[11.906248,57.670409],[11.906271,57.670402],[11.906292,57.670394],[11.906312,57.670385],[11.906329,57.670375],[11.906345,57.670364],[11.906358,57.670352],[11.90637,57.670339],[11.906378,57.670326],[11.906385,57.670313],[11.906424,57.670198],[11.906501,57.669975],[11.906523,57.669938],[11.90655,57.669902],[11.906579,57.669867],[11.906611,57.669833],[11.906641,57.669796],[11.906667,57.669758],[11.90669,57.66972],[11.906696,57.66971],[11.906698,57.669699],[11.906697,57.669688],[11.906693,57.669677],[11.906685,57.669667],[11.906676,57.669657],[11.906663,57.669649],[11.906647,57.669641],[11.906564,57.669604],[11.906585,57.669556],[11.906867,57.669536],[11.906963,57.669272],[11.907218,57.668981],[11.908021,57.668938],[11.907969,57.668567],[11.907671,57.668584],[11.907794,57.668387],[11.905601,57.668414],[11.9055,57.668701],[11.905046,57.668729],[11.904808,57.668743],[11.904568,57.668384],[11.904524,57.668149],[11.905402,57.668103],[11.905398,57.668078],[11.905364,57.667896],[11.904486,57.667942],[11.90446,57.667799],[11.904478,57.667514],[11.905025,57.667387],[11.90505,57.667199],[11.905051,57.667186],[11.905011,57.667153],[11.90456,57.666781],[11.904872,57.666759],[11.904855,57.666612],[11.904829,57.666384],[11.90482,57.666307],[11.904787,57.666016],[11.904338,57.665988],[11.903992,57.665967],[11.903765,57.666107],[11.903711,57.666112],[11.903125,57.6658],[11.902713,57.66576],[11.902307,57.66572],[11.901918,57.665683],[11.901564,57.665648],[11.900817,57.665462],[11.900321,57.665364],[11.900317,57.665251],[11.900294,57.664572],[11.90029,57.664441],[11.900286,57.664338],[11.900283,57.664253],[11.900278,57.664091],[11.900275,57.664021],[11.900078,57.663972],[11.899933,57.663936],[11.899653,57.663865],[11.899608,57.663854],[11.898892,57.663674],[11.897912,57.663427],[11.897767,57.66356],[11.897453,57.663469],[11.89732,57.66343],[11.897318,57.66329],[11.897397,57.663062],[11.897895,57.662336],[11.89812,57.662013],[11.898518,57.661452],[11.898753,57.660436],[11.899524,57.660474],[11.899847,57.66049],[11.899938,57.660494],[11.900612,57.659542],[11.900791,57.659427],[11.900875,57.659352],[11.900959,57.659278],[11.901044,57.659203],[11.901127,57.65913],[11.901209,57.659057],[11.901273,57.659001],[11.901476,57.659019],[11.902138,57.65908],[11.902125,57.659119],[11.902116,57.659159],[11.902038,57.659539],[11.902062,57.659622],[11.902112,57.659687],[11.902162,57.659754],[11.902388,57.659804],[11.902673,57.659695],[11.902756,57.659663],[11.902882,57.65958],[11.90299,57.659509],[11.903476,57.659037],[11.903491,57.659022],[11.903789,57.658733],[11.903443,57.658531],[11.90407,57.658188],[11.904582,57.658234],[11.904906,57.657192],[11.906848,57.657366],[11.911847,57.657451],[11.912079,57.656944],[11.913062,57.657005],[11.915139,57.656995],[11.91514,57.657048],[11.915188,57.659913],[11.916397,57.660105],[11.916963,57.660514],[11.916225,57.660823],[11.915679,57.661085],[11.914893,57.661516],[11.914316,57.661664],[11.913915,57.661697],[11.913919,57.661766],[11.913941,57.662072],[11.913265,57.662661],[11.912378,57.663246],[11.915933,57.663266],[11.915894,57.663339],[11.916034,57.663476],[11.916042,57.663482],[11.916052,57.663487],[11.916065,57.663489],[11.916077,57.66349],[11.91609,57.66349],[11.916103,57.663487],[11.916191,57.663461],[11.916215,57.663485],[11.915994,57.66355],[11.915979,57.663534],[11.914885,57.663812],[11.915021,57.663966],[11.915741,57.663783],[11.915888,57.663845],[11.916252,57.663752],[11.91661,57.663794],[11.91756,57.663475],[11.917892,57.663457],[11.917562,57.664273],[11.918004,57.664324],[11.917971,57.664408],[11.918298,57.664446],[11.918284,57.664481],[11.918693,57.664528],[11.918551,57.664879],[11.919354,57.664972],[11.91923,57.665278],[11.919036,57.665625],[11.918595,57.665554],[11.918054,57.666519],[11.916472,57.667187],[11.916486,57.668013],[11.917191,57.668384],[11.91759,57.668167],[11.917586,57.667919],[11.917555,57.667804],[11.918279,57.667801],[11.918277,57.667693],[11.918743,57.667691],[11.919838,57.667833],[11.920041,57.668222],[11.920053,57.668931],[11.919194,57.669267],[11.918341,57.669309]]]}},{"type":"Feature","properties":{"kod":"14800617","namn":"Sydvästra Göteborg, Gånglåten"},"geometry":{"type":"Polygon","coordinates":[[[11.906848,57.657366],[11.904906,57.657192],[11.904582,57.658234],[11.90407,57.658188],[11.903443,57.658531],[11.903789,57.658733],[11.903491,57.659022],[11.903476,57.659037],[11.90299,57.659509],[11.902882,57.65958],[11.902756,57.659663],[11.902673,57.659695],[11.902388,57.659804],[11.902162,57.659754],[11.902112,57.659687],[11.902062,57.659622],[11.902038,57.659539],[11.902116,57.659159],[11.902125,57.659119],[11.902138,57.65908],[11.901476,57.659019],[11.901273,57.659001],[11.901209,57.659057],[11.901127,57.65913],[11.901044,57.659203],[11.900959,57.659278],[11.900875,57.659352],[11.900791,57.659427],[11.900612,57.659542],[11.899938,57.660494],[11.899847,57.66049],[11.899524,57.660474],[11.898753,57.660436],[11.898768,57.660371],[11.898843,57.659865],[11.898921,57.659067],[11.898932,57.658764],[11.899089,57.658561],[11.899142,57.658488],[11.898984,57.658375],[11.898958,57.658357],[11.898924,57.658339],[11.898618,57.658176],[11.898544,57.65817],[11.898472,57.658163],[11.898399,57.658154],[11.898327,57.658144],[11.898256,57.658133],[11.898187,57.65812],[11.898146,57.658112],[11.898107,57.658103],[11.898069,57.658093],[11.898032,57.658081],[11.897997,57.658069],[11.897934,57.658045],[11.897676,57.658067],[11.897623,57.658069],[11.897509,57.658024],[11.896255,57.657541],[11.897236,57.656805],[11.897925,57.65631],[11.898741,57.655755],[11.899504,57.655255],[11.90024,57.654809],[11.901049,57.654328],[11.902358,57.653589],[11.903368,57.653062],[11.904577,57.652486],[11.905792,57.651906],[11.906811,57.652559],[11.905695,57.653116],[11.905257,57.653314],[11.904613,57.653625],[11.904223,57.653764],[11.904287,57.653786],[11.903585,57.654224],[11.903474,57.654308],[11.90333,57.654426],[11.903081,57.654641],[11.903052,57.654663],[11.902533,57.655115],[11.905449,57.655359],[11.905324,57.65578],[11.90705,57.655934],[11.906937,57.656556],[11.906933,57.656622],[11.906896,57.656619],[11.906848,57.657366]]]}},{"type":"Feature","properties":{"kod":"14800618","namn":"Sydvästra Göteborg, Frölunda"},"geometry":{"type":"Polygon","coordinates":[[[11.912079,57.656944],[11.911847,57.657451],[11.906848,57.657366],[11.906896,57.656619],[11.906933,57.656622],[11.906937,57.656556],[11.90705,57.655934],[11.905324,57.65578],[11.905449,57.655359],[11.902533,57.655115],[11.903052,57.654663],[11.903081,57.654641],[11.90333,57.654426],[11.903474,57.654308],[11.903585,57.654224],[11.904287,57.653786],[11.904223,57.653764],[11.904613,57.653625],[11.905866,57.65423],[11.907233,57.654201],[11.907547,57.654115],[11.907814,57.653257],[11.910332,57.653173],[11.91075,57.653238],[11.910843,57.653743],[11.911245,57.654458],[11.911564,57.654713],[11.911678,57.654816],[11.911688,57.654827],[11.911696,57.654839],[11.911701,57.654851],[11.911702,57.654862],[11.9117,57.654874],[11.911696,57.654886],[11.911619,57.655038],[11.911597,57.655086],[11.911578,57.655134],[11.911563,57.655183],[11.91155,57.655232],[11.911541,57.655281],[11.911536,57.65533],[11.911501,57.655749],[11.911411,57.65595],[11.911403,57.65597],[11.911399,57.65599],[11.911397,57.656009],[11.911399,57.65603],[11.911404,57.656049],[11.911411,57.656069],[11.911422,57.656088],[11.911681,57.656505],[11.912079,57.656944]]]}},{"type":"Feature","properties":{"kod":"14800619","namn":"Sydvästra Göteborg, Frölunda Torg V"},"geometry":{"type":"Polygon","coordinates":[[[11.91075,57.653238],[11.910332,57.653173],[11.907814,57.653257],[11.907547,57.654115],[11.907233,57.654201],[11.905866,57.65423],[11.904613,57.653625],[11.905257,57.653314],[11.905695,57.653116],[11.906811,57.652559],[11.905792,57.651906],[11.90727,57.651248],[11.90866,57.650686],[11.910355,57.650034],[11.911732,57.64953],[11.912473,57.65007],[11.912557,57.650586],[11.912409,57.650782],[11.912405,57.652102],[11.91075,57.653238]]]}},{"type":"Feature","properties":{"kod":"14800620","namn":"Sydvästra Göteborg, Frölunda Torg Ö"},"geometry":{"type":"Polygon","coordinates":[[[11.915717,57.654992],[11.914564,57.655405],[11.913096,57.654252],[11.912041,57.654514],[11.911564,57.654713],[11.911245,57.654458],[11.910843,57.653743],[11.91075,57.653238],[11.912405,57.652102],[11.912409,57.650782],[11.912557,57.650586],[11.912473,57.65007],[11.911732,57.64953],[11.912991,57.649096],[11.913294,57.649002],[11.914895,57.648506],[11.914962,57.64889],[11.914983,57.649039],[11.914986,57.64937],[11.915032,57.650171],[11.915208,57.653099],[11.915103,57.65386],[11.91522,57.654358],[11.915717,57.654992]]]}},{"type":"Feature","properties":{"kod":"14800621","namn":"Sydvästra Göteborg, Positivparken"},"geometry":{"type":"Polygon","coordinates":[[[11.917727,57.656622],[11.916571,57.657034],[11.91514,57.657048],[11.915139,57.656995],[11.913062,57.657005],[11.912079,57.656944],[11.911681,57.656505],[11.911422,57.656088],[11.911411,57.656069],[11.911404,57.656049],[11.911399,57.65603],[11.911397,57.656009],[11.911399,57.65599],[11.911403,57.65597],[11.911411,57.65595],[11.911501,57.655749],[11.911536,57.65533],[11.911541,57.655281],[11.91155,57.655232],[11.911563,57.655183],[11.911578,57.655134],[11.911597,57.655086],[11.911619,57.655038],[11.911696,57.654886],[11.9117,57.654874],[11.911702,57.654862],[11.911701,57.654851],[11.911696,57.654839],[11.911688,57.654827],[11.911678,57.654816],[11.911564,57.654713],[11.912041,57.654514],[11.913096,57.654252],[11.914564,57.655405],[11.915717,57.654992],[11.915914,57.655162],[11.916528,57.655647],[11.917727,57.656622]]]}},{"type":"Feature","properties":{"kod":"14800622","namn":"Sydvästra Göteborg, Spinetten"},"geometry":{"type":"Polygon","coordinates":[[[11.915032,57.650171],[11.915713,57.650174],[11.915768,57.650013],[11.918241,57.649935],[11.91835,57.649932],[11.91846,57.649931],[11.918569,57.649932],[11.918678,57.649933],[11.918787,57.649937],[11.918896,57.649942],[11.919005,57.649948],[11.919113,57.649956],[11.91922,57.649966],[11.919328,57.649977],[11.919435,57.649989],[11.919463,57.649993],[11.91949,57.649999],[11.919517,57.650006],[11.919541,57.650014],[11.919565,57.650024],[11.919586,57.650035],[11.919606,57.650046],[11.919623,57.650059],[11.919638,57.650071],[11.919639,57.650072],[11.919652,57.650087],[11.919662,57.650101],[11.91967,57.650116],[11.919675,57.650132],[11.919677,57.650147],[11.919677,57.650163],[11.919674,57.650179],[11.919669,57.650194],[11.91966,57.650209],[11.919602,57.650293],[11.919432,57.650536],[11.918873,57.651165],[11.918518,57.651565],[11.918219,57.651901],[11.918201,57.651917],[11.918186,57.651933],[11.918172,57.65195],[11.918162,57.651968],[11.918154,57.651986],[11.918149,57.652004],[11.918146,57.652022],[11.918147,57.65204],[11.918153,57.65219],[11.919045,57.652216],[11.920164,57.65354],[11.919369,57.653699],[11.919387,57.653735],[11.919402,57.65377],[11.919414,57.653806],[11.919424,57.653843],[11.919431,57.653879],[11.919434,57.653916],[11.919436,57.653952],[11.919435,57.653989],[11.919431,57.654026],[11.919423,57.654062],[11.919414,57.654098],[11.919402,57.654134],[11.919387,57.65417],[11.919369,57.654206],[11.919348,57.654241],[11.919326,57.654275],[11.9193,57.654309],[11.919272,57.654343],[11.919242,57.654376],[11.919209,57.654408],[11.919173,57.654439],[11.919136,57.65447],[11.919096,57.654499],[11.919054,57.654528],[11.91901,57.654556],[11.918963,57.654583],[11.918915,57.654609],[11.918865,57.654634],[11.918813,57.654658],[11.918759,57.654681],[11.918704,57.654702],[11.918647,57.654722],[11.918588,57.654741],[11.918528,57.654759],[11.918467,57.654776],[11.918405,57.654791],[11.918342,57.654804],[11.918277,57.654817],[11.918212,57.654828],[11.918146,57.654837],[11.918079,57.654846],[11.918011,57.654852],[11.917943,57.654858],[11.917874,57.654861],[11.917806,57.654864],[11.917736,57.654865],[11.917668,57.654864],[11.917599,57.654862],[11.91753,57.654858],[11.917462,57.654853],[11.917394,57.654846],[11.917327,57.654838],[11.91726,57.654828],[11.917195,57.654818],[11.91713,57.654805],[11.917066,57.654791],[11.917003,57.654776],[11.916941,57.654759],[11.916881,57.654742],[11.916822,57.654722],[11.916765,57.654702],[11.916709,57.65468],[11.916655,57.654658],[11.915717,57.654992],[11.91522,57.654358],[11.915103,57.65386],[11.915208,57.653099],[11.915032,57.650171]]]}},{"type":"Feature","properties":{"kod":"14800623","namn":"Sydvästra Göteborg, Tofta"},"geometry":{"type":"Polygon","coordinates":[[[11.920452,57.656555],[11.919867,57.656762],[11.918278,57.656611],[11.917874,57.656738],[11.917727,57.656622],[11.916528,57.655647],[11.915914,57.655162],[11.915717,57.654992],[11.916655,57.654658],[11.916709,57.65468],[11.916765,57.654702],[11.916822,57.654722],[11.916881,57.654742],[11.916941,57.654759],[11.917003,57.654776],[11.917066,57.654791],[11.91713,57.654805],[11.917195,57.654818],[11.91726,57.654828],[11.917327,57.654838],[11.917394,57.654846],[11.917462,57.654853],[11.91753,57.654858],[11.917599,57.654862],[11.917668,57.654864],[11.917736,57.654865],[11.917806,57.654864],[11.917874,57.654861],[11.917943,57.654858],[11.918011,57.654852],[11.918079,57.654846],[11.918146,57.654837],[11.918212,57.654828],[11.918277,57.654817],[11.918342,57.654804],[11.918405,57.654791],[11.918467,57.654776],[11.918528,57.654759],[11.918588,57.654741],[11.918647,57.654722],[11.918704,57.654702],[11.918759,57.654681],[11.918813,57.654658],[11.918865,57.654634],[11.918915,57.654609],[11.918963,57.654583],[11.91901,57.654556],[11.919054,57.654528],[11.919096,57.654499],[11.919136,57.65447],[11.919173,57.654439],[11.919209,57.654408],[11.919242,57.654376],[11.919272,57.654343],[11.9193,57.654309],[11.919326,57.654275],[11.919348,57.654241],[11.919369,57.654206],[11.919387,57.65417],[11.919402,57.654134],[11.919414,57.654098],[11.919423,57.654062],[11.919431,57.654026],[11.919435,57.653989],[11.919436,57.653952],[11.919434,57.653916],[11.919431,57.653879],[11.919424,57.653843],[11.919414,57.653806],[11.919402,57.65377],[11.919387,57.653735],[11.919369,57.653699],[11.920164,57.65354],[11.919045,57.652216],[11.918153,57.65219],[11.918147,57.65204],[11.918146,57.652022],[11.918149,57.652004],[11.918154,57.651986],[11.918162,57.651968],[11.918172,57.65195],[11.918186,57.651933],[11.918201,57.651917],[11.918219,57.651901],[11.918518,57.651565],[11.918873,57.651165],[11.919432,57.650536],[11.919602,57.650293],[11.91966,57.650209],[11.919669,57.650194],[11.919674,57.650179],[11.919677,57.650163],[11.919677,57.650147],[11.919675,57.650132],[11.91967,57.650116],[11.919662,57.650101],[11.919652,57.650087],[11.919639,57.650072],[11.919638,57.650071],[11.919623,57.650059],[11.919606,57.650046],[11.919586,57.650035],[11.919565,57.650024],[11.919541,57.650014],[11.919517,57.650006],[11.91949,57.649999],[11.919463,57.649993],[11.919435,57.649989],[11.919328,57.649977],[11.91922,57.649966],[11.919113,57.649956],[11.919005,57.649948],[11.918896,57.649942],[11.918787,57.649937],[11.918678,57.649933],[11.918569,57.649932],[11.91846,57.649931],[11.91835,57.649932],[11.918241,57.649935],[11.915768,57.650013],[11.915713,57.650174],[11.915032,57.650171],[11.914986,57.64937],[11.914983,57.649039],[11.914962,57.64889],[11.914895,57.648506],[11.915328,57.648372],[11.916615,57.648011],[11.917848,57.647686],[11.918069,57.647636],[11.920498,57.647092],[11.921632,57.646865],[11.923004,57.646618],[11.924358,57.64641],[11.925723,57.646255],[11.927316,57.646119],[11.928875,57.646043],[11.930149,57.646002],[11.932532,57.645946],[11.932755,57.647647],[11.933105,57.648836],[11.932354,57.649132],[11.932367,57.649223],[11.931949,57.649347],[11.931683,57.649378],[11.929664,57.649613],[11.927256,57.649893],[11.927108,57.649907],[11.926618,57.649956],[11.926239,57.649991],[11.925816,57.650022],[11.925566,57.65004],[11.925155,57.650059],[11.924999,57.650066],[11.924885,57.650072],[11.924772,57.650077],[11.924658,57.650082],[11.924544,57.650087],[11.924505,57.650089],[11.924417,57.650096],[11.924422,57.650174],[11.924434,57.65027],[11.92447,57.650457],[11.924545,57.650662],[11.924618,57.65087],[11.924696,57.651164],[11.92384,57.651239],[11.924025,57.651842],[11.924128,57.651861],[11.924084,57.652025],[11.924067,57.652513],[11.923903,57.652961],[11.923919,57.653153],[11.924188,57.65379],[11.924154,57.653881],[11.923444,57.653859],[11.923227,57.653853],[11.923177,57.654337],[11.923158,57.654773],[11.923093,57.655574],[11.92267,57.655616],[11.921817,57.655957],[11.920473,57.656448],[11.920452,57.656555]]]}},{"type":"Feature","properties":{"kod":"14800624","namn":"Sydvästra Göteborg, Järnbrott Västra"},"geometry":{"type":"Polygon","coordinates":[[[11.927477,57.657055],[11.925987,57.657955],[11.926284,57.658354],[11.9265,57.658945],[11.926841,57.659958],[11.925715,57.660029],[11.925112,57.660072],[11.923743,57.659942],[11.923393,57.659898],[11.922539,57.659788],[11.922639,57.659598],[11.922704,57.659414],[11.922677,57.659106],[11.922445,57.658847],[11.921859,57.658501],[11.922222,57.658373],[11.922239,57.657908],[11.921589,57.657476],[11.921709,57.657386],[11.921845,57.6571],[11.92119,57.656876],[11.920452,57.656555],[11.920473,57.656448],[11.921817,57.655957],[11.92267,57.655616],[11.923093,57.655574],[11.923158,57.654773],[11.923177,57.654337],[11.923227,57.653853],[11.923444,57.653859],[11.924154,57.653881],[11.924188,57.65379],[11.926303,57.654138],[11.927167,57.654677],[11.928191,57.654471],[11.92812,57.654698],[11.927932,57.655182],[11.927831,57.655173],[11.927731,57.655167],[11.92763,57.655162],[11.927529,57.65516],[11.926232,57.655244],[11.926319,57.655574],[11.926239,57.655736],[11.926651,57.656347],[11.926649,57.656443],[11.926787,57.656618],[11.92647,57.65673],[11.926801,57.656934],[11.9273,57.65687],[11.927477,57.657055]]]}},{"type":"Feature","properties":{"kod":"14800625","namn":"Sydvästra Göteborg, Järnbrott Östra"},"geometry":{"type":"Polygon","coordinates":[[[11.934905,57.657139],[11.93496,57.657375],[11.935231,57.658483],[11.935482,57.659501],[11.932021,57.659657],[11.930737,57.659715],[11.930478,57.659731],[11.926841,57.659958],[11.9265,57.658945],[11.926284,57.658354],[11.925987,57.657955],[11.927477,57.657055],[11.9273,57.65687],[11.926801,57.656934],[11.92647,57.65673],[11.926787,57.656618],[11.926649,57.656443],[11.926651,57.656347],[11.926239,57.655736],[11.926319,57.655574],[11.926232,57.655244],[11.927529,57.65516],[11.92763,57.655162],[11.927731,57.655167],[11.927831,57.655173],[11.927932,57.655182],[11.92812,57.654698],[11.928191,57.654471],[11.928424,57.654465],[11.928562,57.654462],[11.92863,57.654459],[11.928698,57.654455],[11.928764,57.65445],[11.928831,57.654443],[11.928897,57.654435],[11.928962,57.654425],[11.929027,57.654413],[11.929091,57.654401],[11.929154,57.654386],[11.929215,57.654371],[11.929275,57.654354],[11.929334,57.654336],[11.929391,57.654316],[11.929447,57.654296],[11.929501,57.654274],[11.929554,57.654251],[11.929605,57.654227],[11.929654,57.654201],[11.9297,57.654175],[11.929745,57.654148],[11.929788,57.654119],[11.929829,57.65409],[11.929866,57.65406],[11.929902,57.654029],[11.929935,57.653997],[11.929967,57.653965],[11.929995,57.653932],[11.93002,57.653898],[11.930044,57.653864],[11.930065,57.653829],[11.930082,57.653794],[11.930098,57.653758],[11.93011,57.653722],[11.930119,57.653686],[11.930127,57.65365],[11.930131,57.653614],[11.930132,57.653578],[11.930131,57.653541],[11.930126,57.653505],[11.930119,57.653468],[11.930562,57.653439],[11.930562,57.65374],[11.929806,57.655114],[11.929704,57.655436],[11.930204,57.655708],[11.931218,57.656109],[11.932041,57.656062],[11.932367,57.6557],[11.934551,57.655464],[11.934673,57.656152],[11.934905,57.657139]]]}},{"type":"Feature","properties":{"kod":"14800626","namn":"Sydvästra Göteborg, Järnbrott Södra"},"geometry":{"type":"Polygon","coordinates":[[[11.934551,57.655464],[11.932367,57.6557],[11.932041,57.656062],[11.931218,57.656109],[11.930204,57.655708],[11.929704,57.655436],[11.929806,57.655114],[11.930562,57.65374],[11.930562,57.653439],[11.930119,57.653468],[11.930126,57.653505],[11.930131,57.653541],[11.930132,57.653578],[11.930131,57.653614],[11.930127,57.65365],[11.930119,57.653686],[11.93011,57.653722],[11.930098,57.653758],[11.930082,57.653794],[11.930065,57.653829],[11.930044,57.653864],[11.93002,57.653898],[11.929995,57.653932],[11.929967,57.653965],[11.929935,57.653997],[11.929902,57.654029],[11.929866,57.65406],[11.929829,57.65409],[11.929788,57.654119],[11.929745,57.654148],[11.9297,57.654175],[11.929654,57.654201],[11.929605,57.654227],[11.929554,57.654251],[11.929501,57.654274],[11.929447,57.654296],[11.929391,57.654316],[11.929334,57.654336],[11.929275,57.654354],[11.929215,57.654371],[11.929154,57.654386],[11.929091,57.654401],[11.929027,57.654413],[11.928962,57.654425],[11.928897,57.654435],[11.928831,57.654443],[11.928764,57.65445],[11.928698,57.654455],[11.92863,57.654459],[11.928562,57.654462],[11.928424,57.654465],[11.928191,57.654471],[11.927167,57.654677],[11.926303,57.654138],[11.924188,57.65379],[11.923919,57.653153],[11.923903,57.652961],[11.924067,57.652513],[11.924084,57.652025],[11.924128,57.651861],[11.924025,57.651842],[11.92384,57.651239],[11.924696,57.651164],[11.924618,57.65087],[11.924545,57.650662],[11.92447,57.650457],[11.924434,57.65027],[11.924422,57.650174],[11.924417,57.650096],[11.924505,57.650089],[11.924544,57.650087],[11.924658,57.650082],[11.924772,57.650077],[11.924885,57.650072],[11.924999,57.650066],[11.925155,57.650059],[11.925566,57.65004],[11.925816,57.650022],[11.926239,57.649991],[11.926618,57.649956],[11.927108,57.649907],[11.927256,57.649893],[11.929664,57.649613],[11.931683,57.649378],[11.931949,57.649347],[11.932367,57.649223],[11.932354,57.649132],[11.933105,57.648836],[11.933125,57.648904],[11.93331,57.649484],[11.933474,57.64997],[11.933582,57.650338],[11.933623,57.650589],[11.933653,57.651272],[11.933687,57.651666],[11.933757,57.65201],[11.933936,57.652801],[11.934133,57.653592],[11.93438,57.654604],[11.934551,57.655464]]]}},{"type":"Feature","properties":{"kod":"14800627","namn":"Sydvästra Göteborg, Flatås Östra"},"geometry":{"type":"Polygon","coordinates":[[[11.949221,57.663545],[11.949221,57.663545],[11.94672,57.666516],[11.945686,57.66631],[11.945679,57.666324],[11.945089,57.666237],[11.944893,57.666234],[11.943982,57.666126],[11.943826,57.66609],[11.943646,57.666028],[11.943631,57.665888],[11.943327,57.665853],[11.943333,57.665864],[11.943341,57.665875],[11.943353,57.665885],[11.943366,57.665894],[11.943381,57.665902],[11.943398,57.665909],[11.943416,57.665915],[11.943436,57.66592],[11.943457,57.665923],[11.943478,57.665924],[11.9435,57.665925],[11.943537,57.666101],[11.943165,57.666359],[11.942498,57.666399],[11.942316,57.666534],[11.94127,57.666752],[11.941199,57.666851],[11.941212,57.666904],[11.940988,57.667207],[11.940989,57.667284],[11.940969,57.667305],[11.940873,57.667325],[11.940832,57.667366],[11.940845,57.667399],[11.940707,57.667644],[11.940198,57.668348],[11.940177,57.668378],[11.937833,57.668322],[11.937623,57.667561],[11.937387,57.666722],[11.937075,57.665624],[11.936853,57.664823],[11.936818,57.6647],[11.931663,57.66501],[11.93154,57.664939],[11.931446,57.664492],[11.931421,57.664371],[11.93088,57.664404],[11.930731,57.663687],[11.931297,57.663653],[11.930917,57.661834],[11.93246,57.661735],[11.932021,57.659657],[11.935482,57.659501],[11.935231,57.658483],[11.93496,57.657375],[11.934905,57.657139],[11.934673,57.656152],[11.934551,57.655464],[11.93438,57.654604],[11.934133,57.653592],[11.933936,57.652801],[11.933757,57.65201],[11.933687,57.651666],[11.933653,57.651272],[11.933623,57.650589],[11.933582,57.650338],[11.933474,57.64997],[11.93331,57.649484],[11.933125,57.648904],[11.933105,57.648836],[11.932755,57.647647],[11.932532,57.645946],[11.935681,57.645898],[11.937237,57.645887],[11.939425,57.645883],[11.939601,57.645883],[11.941156,57.645881],[11.943131,57.645874],[11.944839,57.645871],[11.948897,57.645862],[11.951703,57.64585],[11.951813,57.64585],[11.953457,57.64585],[11.955997,57.645845],[11.957799,57.645842],[11.960585,57.645833],[11.960585,57.645834],[11.960668,57.646586],[11.960673,57.646637],[11.96066,57.646783],[11.960657,57.646806],[11.96065,57.64687],[11.96064,57.646952],[11.960637,57.646982],[11.960583,57.647382],[11.960522,57.64783],[11.960451,57.648367],[11.960366,57.648992],[11.960366,57.648993],[11.959629,57.649182],[11.95957,57.649198],[11.959569,57.649198],[11.959578,57.649209],[11.959565,57.649213],[11.95954,57.649223],[11.959549,57.64924],[11.959549,57.649241],[11.958634,57.649485],[11.958523,57.649513],[11.958412,57.649541],[11.958298,57.649566],[11.958183,57.64959],[11.958068,57.649613],[11.957951,57.649635],[11.957834,57.649654],[11.957763,57.649665],[11.95775,57.649667],[11.957747,57.649667],[11.95743,57.649703],[11.95741,57.649705],[11.95699,57.649719],[11.956633,57.649736],[11.956627,57.649751],[11.956622,57.649765],[11.956615,57.649786],[11.956571,57.649916],[11.956552,57.649916],[11.956116,57.649917],[11.955616,57.649919],[11.955546,57.649991],[11.955407,57.650132],[11.954223,57.651342],[11.954191,57.651374],[11.953775,57.652494],[11.953857,57.652526],[11.954734,57.652877],[11.954736,57.652878],[11.954742,57.65288],[11.954798,57.652902],[11.955599,57.653013],[11.955888,57.653159],[11.955893,57.653162],[11.956155,57.653306],[11.956159,57.653326],[11.95622,57.653649],[11.95622,57.65365],[11.956296,57.653858],[11.956298,57.653907],[11.956313,57.654232],[11.956358,57.654294],[11.956416,57.654335],[11.95646,57.654363],[11.956461,57.654364],[11.956532,57.654409],[11.95653,57.654433],[11.956529,57.654435],[11.956521,57.654463],[11.95652,57.654523],[11.956473,57.654774],[11.956472,57.654779],[11.956371,57.655052],[11.956117,57.655347],[11.955886,57.655614],[11.955807,57.655704],[11.955561,57.655989],[11.953554,57.658381],[11.953521,57.65842],[11.953158,57.658853],[11.953032,57.659003],[11.952936,57.659117],[11.952911,57.659148],[11.952832,57.659242],[11.952768,57.659318],[11.952638,57.659472],[11.95251,57.659625],[11.952397,57.65976],[11.952347,57.659819],[11.951179,57.661211],[11.950704,57.661776],[11.950233,57.662338],[11.950181,57.662399],[11.950152,57.662434],[11.950123,57.662469],[11.95006,57.662544],[11.949577,57.663119],[11.949523,57.663183],[11.949221,57.663545]]]}},{"type":"Feature","properties":{"kod":"14800628","namn":"Sydvästra Göteborg, Sisjön Norra"},"geometry":{"type":"Polygon","coordinates":[[[11.961942,57.637486],[11.961958,57.637491],[11.962028,57.637511],[11.962247,57.637568],[11.962494,57.637642],[11.962912,57.63769],[11.963156,57.637721],[11.963366,57.637766],[11.963369,57.637767],[11.963217,57.638351],[11.962847,57.639768],[11.962747,57.640149],[11.962344,57.64169],[11.962344,57.64169],[11.961052,57.641633],[11.960677,57.641616],[11.960676,57.641616],[11.960684,57.641815],[11.960718,57.642621],[11.960765,57.643716],[11.960805,57.644627],[11.960464,57.644656],[11.960457,57.644657],[11.960458,57.644673],[11.960463,57.644711],[11.960486,57.644927],[11.960567,57.645669],[11.960584,57.645819],[11.960585,57.645833],[11.957799,57.645842],[11.955997,57.645845],[11.953457,57.64585],[11.951813,57.64585],[11.951703,57.64585],[11.948897,57.645862],[11.944839,57.645871],[11.943131,57.645874],[11.941156,57.645881],[11.939601,57.645883],[11.939425,57.645883],[11.937237,57.645887],[11.935681,57.645898],[11.932532,57.645946],[11.932496,57.645542],[11.932463,57.645547],[11.932427,57.645555],[11.932391,57.645557],[11.932351,57.645555],[11.932281,57.645537],[11.932254,57.645526],[11.932127,57.64547],[11.931747,57.645301],[11.931728,57.645289],[11.931715,57.645274],[11.931705,57.64526],[11.931699,57.645244],[11.931692,57.645219],[11.931687,57.645197],[11.931685,57.645176],[11.931686,57.645136],[11.931711,57.645068],[11.931722,57.645046],[11.931754,57.644972],[11.93177,57.644929],[11.931787,57.64487],[11.931789,57.644823],[11.931777,57.644782],[11.931756,57.64474],[11.931748,57.644708],[11.931742,57.64468],[11.931746,57.644663],[11.931744,57.64466],[11.932389,57.64435],[11.934113,57.64352],[11.934791,57.643614],[11.936119,57.643787],[11.93708,57.643911],[11.937932,57.644032],[11.938649,57.644135],[11.939583,57.644241],[11.939801,57.643568],[11.940355,57.642358],[11.940756,57.641538],[11.942152,57.641526],[11.942132,57.640919],[11.943481,57.640304],[11.944603,57.639792],[11.945152,57.639542],[11.945535,57.639367],[11.947543,57.638451],[11.94806,57.638548],[11.948692,57.63863],[11.948889,57.638651],[11.949496,57.637232],[11.949994,57.637068],[11.95044,57.636883],[11.951126,57.63658],[11.951529,57.636377],[11.951959,57.636182],[11.952295,57.636038],[11.952662,57.635904],[11.95356,57.635639],[11.95434,57.635416],[11.954705,57.635263],[11.954965,57.635137],[11.955564,57.634782],[11.95634,57.634134],[11.95739,57.633496],[11.960015,57.63183],[11.962233,57.632137],[11.963454,57.63224],[11.96339,57.632508],[11.963164,57.632887],[11.961828,57.634326],[11.9631,57.634434],[11.9631,57.634434],[11.962965,57.634654],[11.961665,57.636782],[11.961635,57.636831],[11.961633,57.636833],[11.961312,57.637348],[11.961589,57.637382],[11.961594,57.637382],[11.961625,57.637389],[11.96183,57.637454],[11.961935,57.637484],[11.961942,57.637486]]]}},{"type":"Feature","properties":{"kod":"14800629","namn":"Sydvästra Göteborg, Pilegården"},"geometry":{"type":"Polygon","coordinates":[[[11.940355,57.642358],[11.939801,57.643568],[11.939583,57.644241],[11.938649,57.644135],[11.937932,57.644032],[11.93708,57.643911],[11.936119,57.643787],[11.934791,57.643614],[11.934113,57.64352],[11.932389,57.64435],[11.932161,57.641844],[11.932053,57.64061],[11.932024,57.640139],[11.931985,57.639506],[11.932821,57.639508],[11.933602,57.639498],[11.933631,57.640117],[11.934012,57.640166],[11.935347,57.640337],[11.935777,57.64007],[11.936074,57.64014],[11.937187,57.640543],[11.938052,57.641296],[11.938239,57.64122],[11.938985,57.641887],[11.939117,57.642228],[11.939519,57.642323],[11.940355,57.642358]]]}},{"type":"Feature","properties":{"kod":"14800630","namn":"Sydvästra Göteborg, Kobbegården"},"geometry":{"type":"Polygon","coordinates":[[[11.947543,57.638451],[11.945535,57.639367],[11.945152,57.639542],[11.944603,57.639792],[11.943481,57.640304],[11.942132,57.640919],[11.942152,57.641526],[11.940756,57.641538],[11.940355,57.642358],[11.939519,57.642323],[11.939117,57.642228],[11.938985,57.641887],[11.938239,57.64122],[11.938052,57.641296],[11.937187,57.640543],[11.939677,57.639493],[11.939419,57.639242],[11.939384,57.638926],[11.939516,57.638202],[11.93977,57.637633],[11.939866,57.637478],[11.940202,57.63712],[11.940445,57.636745],[11.940895,57.63693],[11.94145,57.636654],[11.941874,57.63618],[11.941341,57.636043],[11.941503,57.635866],[11.942223,57.635578],[11.942519,57.635963],[11.942674,57.636086],[11.943206,57.636419],[11.945343,57.637608],[11.945901,57.637929],[11.946691,57.638214],[11.947543,57.638451]]]}},{"type":"Feature","properties":{"kod":"14800631","namn":"Sydvästra Göteborg, Askim"},"geometry":{"type":"Polygon","coordinates":[[[11.942223,57.635578],[11.941503,57.635866],[11.941341,57.636043],[11.941874,57.63618],[11.94145,57.636654],[11.940895,57.63693],[11.940445,57.636745],[11.940202,57.63712],[11.939866,57.637478],[11.93977,57.637633],[11.939516,57.638202],[11.939384,57.638926],[11.939419,57.639242],[11.939677,57.639493],[11.937187,57.640543],[11.936074,57.64014],[11.935777,57.64007],[11.935347,57.640337],[11.934012,57.640166],[11.933631,57.640117],[11.933602,57.639498],[11.932821,57.639508],[11.931985,57.639506],[11.931967,57.639225],[11.931938,57.638479],[11.931864,57.637473],[11.931796,57.637025],[11.931656,57.636306],[11.931608,57.635993],[11.93154,57.634908],[11.931527,57.634689],[11.931553,57.633846],[11.931631,57.63248],[11.931642,57.632297],[11.931733,57.631525],[11.931808,57.631152],[11.931907,57.630822],[11.932041,57.630517],[11.932219,57.63008],[11.932223,57.63007],[11.933201,57.630232],[11.933966,57.629176],[11.935179,57.62941],[11.936384,57.629579],[11.937967,57.629881],[11.938899,57.630088],[11.938479,57.631136],[11.940028,57.631244],[11.94022,57.630817],[11.941256,57.630905],[11.941322,57.631048],[11.940868,57.632065],[11.940225,57.632536],[11.939637,57.633344],[11.93962,57.633425],[11.939082,57.633546],[11.938583,57.633628],[11.938213,57.633778],[11.938133,57.63405],[11.938068,57.634352],[11.938172,57.634658],[11.938662,57.634598],[11.939819,57.634637],[11.940491,57.634734],[11.942205,57.634926],[11.942139,57.635176],[11.942122,57.63529],[11.942149,57.635404],[11.942204,57.635546],[11.942223,57.635578]]]}},{"type":"Feature","properties":{"kod":"14800632","namn":"Sydvästra Göteborg, Sisjön Västra"},"geometry":{"type":"Polygon","coordinates":[[[11.954965,57.635137],[11.954705,57.635263],[11.95434,57.635416],[11.95356,57.635639],[11.952662,57.635904],[11.952295,57.636038],[11.951959,57.636182],[11.951529,57.636377],[11.951126,57.63658],[11.95044,57.636883],[11.949994,57.637068],[11.949496,57.637232],[11.948889,57.638651],[11.948692,57.63863],[11.94806,57.638548],[11.947543,57.638451],[11.946691,57.638214],[11.945901,57.637929],[11.945343,57.637608],[11.943206,57.636419],[11.942674,57.636086],[11.942519,57.635963],[11.942223,57.635578],[11.942204,57.635546],[11.942149,57.635404],[11.942122,57.63529],[11.942139,57.635176],[11.942205,57.634926],[11.940491,57.634734],[11.939819,57.634637],[11.938662,57.634598],[11.938172,57.634658],[11.938068,57.634352],[11.938133,57.63405],[11.938213,57.633778],[11.938583,57.633628],[11.939082,57.633546],[11.93962,57.633425],[11.939637,57.633344],[11.940225,57.632536],[11.940868,57.632065],[11.941322,57.631048],[11.941256,57.630905],[11.942567,57.631077],[11.942616,57.631143],[11.943189,57.631255],[11.945484,57.631686],[11.945485,57.631682],[11.945537,57.631498],[11.945588,57.631288],[11.945601,57.631079],[11.94545,57.630833],[11.945345,57.630705],[11.944982,57.630336],[11.94451,57.629898],[11.944262,57.629652],[11.944179,57.629584],[11.944127,57.62941],[11.94412,57.629217],[11.944117,57.629036],[11.944352,57.629035],[11.946196,57.629227],[11.946333,57.629232],[11.946823,57.629338],[11.947122,57.629426],[11.947557,57.629593],[11.948114,57.629221],[11.94824,57.629158],[11.948431,57.629093],[11.948531,57.629066],[11.948668,57.629045],[11.949729,57.62998],[11.949398,57.630543],[11.949961,57.630674],[11.950006,57.630685],[11.95143,57.631016],[11.951773,57.631097],[11.951986,57.631195],[11.954334,57.630102],[11.95529,57.630489],[11.954503,57.631132],[11.954105,57.631408],[11.957463,57.631946],[11.956003,57.632833],[11.956141,57.632899],[11.956152,57.632893],[11.956165,57.632889],[11.956179,57.632887],[11.956194,57.632887],[11.956209,57.632888],[11.956223,57.632891],[11.956236,57.632895],[11.956295,57.632924],[11.956308,57.632931],[11.956319,57.632939],[11.956328,57.632947],[11.956333,57.632957],[11.956337,57.632967],[11.956342,57.632979],[11.956349,57.632992],[11.95636,57.633004],[11.956375,57.633014],[11.956393,57.633024],[11.957127,57.633372],[11.95739,57.633496],[11.95634,57.634134],[11.955564,57.634782],[11.954965,57.635137]]]}},{"type":"Feature","properties":{"kod":"14800633","namn":"Sydvästra Göteborg, Sisjön Södra"},"geometry":{"type":"Polygon","coordinates":[[[11.964528,57.63309],[11.963855,57.633724],[11.9631,57.634434],[11.961828,57.634326],[11.963164,57.632887],[11.96339,57.632508],[11.963454,57.63224],[11.962233,57.632137],[11.960015,57.63183],[11.95739,57.633496],[11.957127,57.633372],[11.956393,57.633024],[11.956375,57.633014],[11.95636,57.633004],[11.956349,57.632992],[11.956342,57.632979],[11.956337,57.632967],[11.956333,57.632957],[11.956328,57.632947],[11.956319,57.632939],[11.956308,57.632931],[11.956295,57.632924],[11.956236,57.632895],[11.956223,57.632891],[11.956209,57.632888],[11.956194,57.632887],[11.956179,57.632887],[11.956165,57.632889],[11.956152,57.632893],[11.956141,57.632899],[11.956003,57.632833],[11.957463,57.631946],[11.954105,57.631408],[11.954503,57.631132],[11.95529,57.630489],[11.954334,57.630102],[11.951986,57.631195],[11.951773,57.631097],[11.95143,57.631016],[11.950006,57.630685],[11.949961,57.630674],[11.949398,57.630543],[11.949729,57.62998],[11.948668,57.629045],[11.948531,57.629066],[11.948431,57.629093],[11.94824,57.629158],[11.948114,57.629221],[11.947557,57.629593],[11.947122,57.629426],[11.946823,57.629338],[11.946333,57.629232],[11.946196,57.629227],[11.944352,57.629035],[11.944117,57.629036],[11.944139,57.628706],[11.944183,57.628508],[11.944228,57.628342],[11.944265,57.628254],[11.944381,57.628055],[11.944461,57.627897],[11.944605,57.627698],[11.944739,57.627485],[11.944917,57.627218],[11.944984,57.627038],[11.945166,57.626434],[11.945266,57.625901],[11.945702,57.624181],[11.946025,57.623052],[11.947327,57.623173],[11.952364,57.623073],[11.955231,57.623794],[11.958565,57.626451],[11.959281,57.627517],[11.959534,57.627514],[11.959679,57.627457],[11.960889,57.627448],[11.961038,57.627516],[11.961573,57.627512],[11.961869,57.627158],[11.962289,57.626984],[11.962364,57.627004],[11.963037,57.627188],[11.963477,57.627308],[11.963909,57.627426],[11.964298,57.627534],[11.964775,57.627667],[11.965266,57.627804],[11.965266,57.627885],[11.966391,57.629229],[11.968066,57.629761],[11.968066,57.629761],[11.968066,57.629761],[11.968065,57.629762],[11.967817,57.629995],[11.967147,57.630627],[11.966875,57.630882],[11.965725,57.631964],[11.964528,57.63309]]]}},{"type":"Feature","properties":{"kod":"14800634","namn":"Sydvästra Göteborg, Trollåsen"},"geometry":{"type":"Polygon","coordinates":[[[11.997589,57.601457],[11.997546,57.60148],[11.996379,57.601944],[11.995243,57.602396],[11.994548,57.602671],[11.991958,57.603674],[11.991894,57.603699],[11.992067,57.604341],[11.992325,57.605212],[11.991913,57.60625],[11.991913,57.60625],[11.991573,57.606225],[11.98938,57.606061],[11.989257,57.606051],[11.989256,57.606051],[11.983283,57.613385],[11.983166,57.613528],[11.981827,57.615172],[11.980743,57.616503],[11.979215,57.618366],[11.979154,57.618441],[11.979145,57.618452],[11.976413,57.621886],[11.976035,57.622361],[11.976002,57.622388],[11.975975,57.62241],[11.975201,57.623039],[11.974962,57.623264],[11.974363,57.623829],[11.972061,57.625998],[11.970833,57.627159],[11.970804,57.627185],[11.970765,57.627221],[11.970644,57.627334],[11.969104,57.628784],[11.968488,57.629364],[11.968066,57.629761],[11.966391,57.629229],[11.965266,57.627885],[11.965266,57.627804],[11.964775,57.627667],[11.964298,57.627534],[11.963909,57.627426],[11.963477,57.627308],[11.963037,57.627188],[11.962364,57.627004],[11.962289,57.626984],[11.961869,57.627158],[11.961573,57.627512],[11.961038,57.627516],[11.960889,57.627448],[11.959679,57.627457],[11.959534,57.627514],[11.959281,57.627517],[11.958565,57.626451],[11.955231,57.623794],[11.952364,57.623073],[11.947327,57.623173],[11.946025,57.623052],[11.945702,57.624181],[11.945266,57.625901],[11.943715,57.625806],[11.942391,57.625725],[11.940578,57.625188],[11.939443,57.626472],[11.939314,57.626666],[11.938664,57.626558],[11.937983,57.626304],[11.937617,57.626249],[11.937368,57.626382],[11.936984,57.626458],[11.935467,57.626387],[11.935017,57.626303],[11.934171,57.626106],[11.934737,57.624959],[11.934952,57.624498],[11.935387,57.623683],[11.936039,57.622618],[11.936986,57.621053],[11.937489,57.620229],[11.938133,57.619152],[11.93862,57.618324],[11.939427,57.616989],[11.940173,57.615716],[11.940253,57.615581],[11.940704,57.614852],[11.941429,57.613678],[11.94158,57.613445],[11.942237,57.61269],[11.942491,57.612428],[11.943022,57.611955],[11.943142,57.61186],[11.943458,57.611606],[11.94409,57.611161],[11.944466,57.610923],[11.945761,57.610116],[11.946423,57.609704],[11.947084,57.609255],[11.94764,57.608836],[11.948463,57.608149],[11.94907,57.60758],[11.949746,57.606865],[11.950267,57.606195],[11.955298,57.608711],[11.956985,57.608277],[11.959784,57.607561],[11.960067,57.607488],[11.961673,57.607077],[11.962295,57.606918],[11.963159,57.606696],[11.964041,57.606471],[11.964619,57.606323],[11.964692,57.606304],[11.966178,57.605923],[11.966411,57.606086],[11.966469,57.606097],[11.966465,57.606086],[11.966486,57.606063],[11.966506,57.606051],[11.96653,57.606031],[11.966553,57.60602],[11.96659,57.606007],[11.966614,57.605991],[11.966672,57.605987],[11.966726,57.605978],[11.96679,57.60597],[11.966919,57.605948],[11.966977,57.605941],[11.967025,57.605937],[11.967177,57.605917],[11.967231,57.605905],[11.967326,57.605881],[11.96736,57.605863],[11.967455,57.605847],[11.967476,57.605843],[11.967553,57.605819],[11.967672,57.605786],[11.967713,57.605784],[11.967778,57.605777],[11.967838,57.605783],[11.967917,57.605807],[11.967958,57.605829],[11.967992,57.605862],[11.967989,57.605909],[11.967956,57.605947],[11.96795,57.606],[11.967957,57.60604],[11.967933,57.606099],[11.967913,57.606141],[11.967903,57.606177],[11.967914,57.606194],[11.967948,57.606225],[11.967965,57.606235],[11.967986,57.60625],[11.968025,57.606286],[11.968032,57.606292],[11.968037,57.606299],[11.968037,57.606305],[11.968042,57.606317],[11.968043,57.606329],[11.968041,57.606341],[11.968043,57.60635],[11.968049,57.606358],[11.968058,57.606365],[11.968071,57.606371],[11.968121,57.606384],[11.968146,57.606384],[11.968178,57.606376],[11.96826,57.606358],[11.968315,57.606343],[11.968363,57.606333],[11.968373,57.606328],[11.968381,57.606323],[11.968397,57.606282],[11.968441,57.606244],[11.968471,57.606223],[11.96861,57.60615],[11.968739,57.606091],[11.968902,57.606043],[11.968969,57.60603],[11.969114,57.605977],[11.969264,57.605928],[11.969382,57.605886],[11.969393,57.605882],[11.969416,57.605876],[11.969528,57.605843],[11.969684,57.605802],[11.969738,57.60578],[11.969805,57.605742],[11.969826,57.605691],[11.969809,57.60566],[11.969777,57.605638],[11.969746,57.605607],[11.969723,57.605576],[11.969708,57.605516],[11.969708,57.605465],[11.969724,57.605445],[11.969735,57.605403],[11.969771,57.605368],[11.969815,57.605337],[11.969846,57.605322],[11.969971,57.605293],[11.970032,57.605276],[11.970154,57.605225],[11.970215,57.60519],[11.970208,57.605139],[11.970163,57.605114],[11.970136,57.605101],[11.970064,57.605079],[11.970003,57.605043],[11.969944,57.604992],[11.969886,57.604939],[11.969832,57.604868],[11.969796,57.60481],[11.969715,57.604743],[11.969659,57.604659],[11.969611,57.604586],[11.969543,57.60451],[11.969515,57.60447],[11.969525,57.604463],[11.969531,57.604453],[11.969533,57.604451],[11.969529,57.604446],[11.969525,57.604435],[11.96952,57.604423],[11.969514,57.604413],[11.969505,57.604398],[11.969497,57.604383],[11.969488,57.604371],[11.969483,57.604362],[11.969473,57.604352],[11.969462,57.604337],[11.969457,57.604327],[11.96945,57.604317],[11.96944,57.604308],[11.969431,57.604298],[11.969427,57.604285],[11.96942,57.604275],[11.969417,57.60426],[11.969408,57.604248],[11.969397,57.604235],[11.969389,57.604222],[11.969382,57.604211],[11.969376,57.6042],[11.969367,57.604187],[11.96936,57.604174],[11.969353,57.604164],[11.969348,57.604154],[11.969341,57.60414],[11.969335,57.604129],[11.969329,57.604116],[11.96932,57.604102],[11.969315,57.604092],[11.969312,57.604085],[11.969308,57.604079],[11.969305,57.604073],[11.969301,57.604065],[11.969295,57.604049],[11.969291,57.604034],[11.969288,57.604023],[11.969279,57.60401],[11.969276,57.603995],[11.969281,57.60399],[11.969278,57.603972],[11.969275,57.603962],[11.969271,57.603944],[11.969268,57.603936],[11.969267,57.603924],[11.969266,57.603915],[11.969265,57.603907],[11.969266,57.603898],[11.969262,57.603885],[11.969261,57.603875],[11.969258,57.603866],[11.969255,57.603851],[11.969254,57.603831],[11.969256,57.603822],[11.969257,57.603812],[11.969259,57.603806],[11.969258,57.603795],[11.969257,57.603786],[11.969258,57.603775],[11.969259,57.603763],[11.96926,57.603747],[11.969261,57.603738],[11.969262,57.603728],[11.969271,57.603706],[11.969276,57.603684],[11.969285,57.603662],[11.969291,57.603646],[11.969293,57.603629],[11.969302,57.603612],[11.969308,57.603598],[11.969313,57.603582],[11.969319,57.60357],[11.969329,57.603557],[11.969333,57.603547],[11.969338,57.603535],[11.969346,57.603527],[11.969357,57.603512],[11.969358,57.603499],[11.969369,57.603486],[11.969382,57.603471],[11.96939,57.603459],[11.969398,57.603446],[11.969405,57.603439],[11.96942,57.60343],[11.969434,57.603419],[11.969445,57.603407],[11.969449,57.603397],[11.969459,57.60339],[11.969466,57.603386],[11.969475,57.603378],[11.969492,57.603367],[11.969504,57.603355],[11.969524,57.603339],[11.969542,57.603324],[11.969547,57.603313],[11.96956,57.603306],[11.969571,57.603297],[11.969594,57.603282],[11.969608,57.603274],[11.96962,57.603269],[11.969628,57.603265],[11.969639,57.603255],[11.969649,57.603251],[11.969663,57.603239],[11.969678,57.603227],[11.969695,57.603217],[11.969709,57.603208],[11.969727,57.6032],[11.969738,57.60319],[11.969754,57.603183],[11.969767,57.603177],[11.969781,57.60317],[11.969797,57.603167],[11.969808,57.603164],[11.969822,57.603158],[11.969834,57.603155],[11.969846,57.603149],[11.969858,57.603143],[11.96987,57.603136],[11.969874,57.603129],[11.969876,57.603125],[11.969882,57.60312],[11.969883,57.603114],[11.969888,57.603105],[11.969904,57.603094],[11.969921,57.60309],[11.969945,57.603093],[11.969962,57.603095],[11.969988,57.603096],[11.969997,57.603093],[11.970014,57.603083],[11.970022,57.603074],[11.970036,57.603066],[11.970046,57.603057],[11.970052,57.603049],[11.970063,57.60304],[11.970068,57.603033],[11.97008,57.603022],[11.970093,57.603008],[11.970101,57.602999],[11.970108,57.602993],[11.970122,57.602979],[11.970132,57.602973],[11.97014,57.602962],[11.970152,57.602955],[11.970162,57.602946],[11.970171,57.60294],[11.970185,57.602932],[11.970202,57.602924],[11.97021,57.602916],[11.970214,57.602915],[11.970223,57.602911],[11.970232,57.602906],[11.970239,57.6029],[11.970248,57.602896],[11.970256,57.602893],[11.970264,57.602888],[11.970271,57.602883],[11.970279,57.602879],[11.970284,57.602876],[11.970294,57.60287],[11.970308,57.602863],[11.970323,57.602855],[11.970334,57.602847],[11.970366,57.602835],[11.970385,57.602824],[11.970406,57.602814],[11.970425,57.602806],[11.970446,57.602794],[11.970461,57.602783],[11.970474,57.602773],[11.970495,57.602764],[11.970508,57.602756],[11.970525,57.602748],[11.970542,57.602738],[11.970558,57.602727],[11.97058,57.602715],[11.970596,57.602706],[11.970617,57.602695],[11.970632,57.602684],[11.970647,57.602674],[11.970666,57.602662],[11.970683,57.602652],[11.970708,57.60264],[11.970722,57.602632],[11.970738,57.60262],[11.970749,57.602611],[11.970805,57.602582],[11.97082,57.602572],[11.970834,57.602564],[11.970853,57.60255],[11.97087,57.602541],[11.970884,57.602534],[11.970896,57.602525],[11.970313,57.602412],[11.969694,57.602292],[11.969165,57.602192],[11.968246,57.60201],[11.967332,57.601833],[11.964753,57.601332],[11.963997,57.601189],[11.963028,57.600998],[11.961597,57.600719],[11.961005,57.599964],[11.960563,57.599375],[11.960514,57.599311],[11.959986,57.598505],[11.961505,57.598115],[11.961889,57.597406],[11.96139,57.597472],[11.961844,57.596626],[11.964174,57.596138],[11.963644,57.595439],[11.968256,57.593694],[11.968549,57.593583],[11.969482,57.593229],[11.970833,57.594745],[11.974324,57.594014],[11.974913,57.593889],[11.975238,57.593823],[11.975526,57.593763],[11.987895,57.591173],[11.98793,57.591264],[11.988219,57.591367],[11.988045,57.591607],[11.988125,57.591814],[11.988341,57.591964],[11.98859,57.591978],[11.988879,57.592389],[11.988854,57.595809],[11.98895,57.596116],[11.989387,57.596325],[11.989957,57.596424],[11.99048,57.596571],[11.990597,57.596829],[11.991152,57.597137],[11.991578,57.597453],[11.991987,57.597257],[11.991107,57.595824],[11.991898,57.595754],[11.999238,57.596038],[11.999238,57.596038],[11.999267,57.59608],[12.00147,57.599216],[12.001522,57.599285],[12.00163,57.599429],[12.000172,57.600133],[12.000145,57.600146],[12.000112,57.600161],[11.999679,57.600365],[11.998978,57.600696],[11.99894,57.600717],[11.998878,57.600752],[11.997719,57.601386],[11.997589,57.601457]]]}},{"type":"Feature","properties":{"kod":"14800635","namn":"Sydvästra Göteborg, Lyckhem"},"geometry":{"type":"Polygon","coordinates":[[[11.963644,57.595439],[11.964174,57.596138],[11.961844,57.596626],[11.96139,57.597472],[11.961889,57.597406],[11.961505,57.598115],[11.959986,57.598505],[11.960514,57.599311],[11.960563,57.599375],[11.961005,57.599964],[11.961597,57.600719],[11.963028,57.600998],[11.963997,57.601189],[11.964753,57.601332],[11.967332,57.601833],[11.968246,57.60201],[11.969165,57.602192],[11.969694,57.602292],[11.970313,57.602412],[11.970896,57.602525],[11.970884,57.602534],[11.97087,57.602541],[11.970853,57.60255],[11.970834,57.602564],[11.97082,57.602572],[11.970805,57.602582],[11.970749,57.602611],[11.970738,57.60262],[11.970722,57.602632],[11.970708,57.60264],[11.970683,57.602652],[11.970666,57.602662],[11.970647,57.602674],[11.970632,57.602684],[11.970617,57.602695],[11.970596,57.602706],[11.97058,57.602715],[11.970558,57.602727],[11.970542,57.602738],[11.970525,57.602748],[11.970508,57.602756],[11.970495,57.602764],[11.970474,57.602773],[11.970461,57.602783],[11.970446,57.602794],[11.970425,57.602806],[11.970406,57.602814],[11.970385,57.602824],[11.970366,57.602835],[11.970334,57.602847],[11.970323,57.602855],[11.970308,57.602863],[11.970294,57.60287],[11.970284,57.602876],[11.970279,57.602879],[11.970271,57.602883],[11.970264,57.602888],[11.970256,57.602893],[11.970248,57.602896],[11.970239,57.6029],[11.970232,57.602906],[11.970223,57.602911],[11.970214,57.602915],[11.97021,57.602916],[11.970202,57.602924],[11.970185,57.602932],[11.970171,57.60294],[11.970162,57.602946],[11.970152,57.602955],[11.97014,57.602962],[11.970132,57.602973],[11.970122,57.602979],[11.970108,57.602993],[11.970101,57.602999],[11.970093,57.603008],[11.97008,57.603022],[11.970068,57.603033],[11.970063,57.60304],[11.970052,57.603049],[11.970046,57.603057],[11.970036,57.603066],[11.970022,57.603074],[11.970014,57.603083],[11.969997,57.603093],[11.969988,57.603096],[11.969962,57.603095],[11.969945,57.603093],[11.969921,57.60309],[11.969904,57.603094],[11.969888,57.603105],[11.969883,57.603114],[11.969882,57.60312],[11.969876,57.603125],[11.969874,57.603129],[11.96987,57.603136],[11.969858,57.603143],[11.969846,57.603149],[11.969834,57.603155],[11.969822,57.603158],[11.969808,57.603164],[11.969797,57.603167],[11.969781,57.60317],[11.969767,57.603177],[11.969754,57.603183],[11.969738,57.60319],[11.969727,57.6032],[11.969709,57.603208],[11.969695,57.603217],[11.969678,57.603227],[11.969663,57.603239],[11.969649,57.603251],[11.969639,57.603255],[11.969628,57.603265],[11.96962,57.603269],[11.969608,57.603274],[11.969594,57.603282],[11.969571,57.603297],[11.96956,57.603306],[11.969547,57.603313],[11.969542,57.603324],[11.969524,57.603339],[11.969504,57.603355],[11.969492,57.603367],[11.969475,57.603378],[11.969466,57.603386],[11.969459,57.60339],[11.969449,57.603397],[11.969445,57.603407],[11.969434,57.603419],[11.96942,57.60343],[11.969405,57.603439],[11.969398,57.603446],[11.96939,57.603459],[11.969382,57.603471],[11.969369,57.603486],[11.969358,57.603499],[11.969357,57.603512],[11.969346,57.603527],[11.969338,57.603535],[11.969333,57.603547],[11.969329,57.603557],[11.969319,57.60357],[11.969313,57.603582],[11.969308,57.603598],[11.969302,57.603612],[11.969293,57.603629],[11.969291,57.603646],[11.969285,57.603662],[11.969276,57.603684],[11.969271,57.603706],[11.969262,57.603728],[11.969261,57.603738],[11.96926,57.603747],[11.969259,57.603763],[11.969258,57.603775],[11.969257,57.603786],[11.969258,57.603795],[11.969259,57.603806],[11.969257,57.603812],[11.969256,57.603822],[11.969254,57.603831],[11.969255,57.603851],[11.969258,57.603866],[11.969261,57.603875],[11.969262,57.603885],[11.969266,57.603898],[11.969265,57.603907],[11.969266,57.603915],[11.969267,57.603924],[11.969268,57.603936],[11.969271,57.603944],[11.969275,57.603962],[11.969278,57.603972],[11.969281,57.60399],[11.969276,57.603995],[11.969279,57.60401],[11.969288,57.604023],[11.969291,57.604034],[11.969295,57.604049],[11.969301,57.604065],[11.969305,57.604073],[11.969308,57.604079],[11.969312,57.604085],[11.969315,57.604092],[11.96932,57.604102],[11.969329,57.604116],[11.969335,57.604129],[11.969341,57.60414],[11.969348,57.604154],[11.969353,57.604164],[11.96936,57.604174],[11.969367,57.604187],[11.969376,57.6042],[11.969382,57.604211],[11.969389,57.604222],[11.969397,57.604235],[11.969408,57.604248],[11.969417,57.60426],[11.96942,57.604275],[11.969427,57.604285],[11.969431,57.604298],[11.96944,57.604308],[11.96945,57.604317],[11.969457,57.604327],[11.969462,57.604337],[11.969473,57.604352],[11.969483,57.604362],[11.969488,57.604371],[11.969497,57.604383],[11.969505,57.604398],[11.969514,57.604413],[11.96952,57.604423],[11.969525,57.604435],[11.969529,57.604446],[11.969533,57.604451],[11.969531,57.604453],[11.969525,57.604463],[11.969515,57.60447],[11.969543,57.60451],[11.969611,57.604586],[11.969659,57.604659],[11.969715,57.604743],[11.969796,57.60481],[11.969832,57.604868],[11.969886,57.604939],[11.969944,57.604992],[11.970003,57.605043],[11.970064,57.605079],[11.970136,57.605101],[11.970163,57.605114],[11.970208,57.605139],[11.970215,57.60519],[11.970154,57.605225],[11.970032,57.605276],[11.969971,57.605293],[11.969846,57.605322],[11.969815,57.605337],[11.969771,57.605368],[11.969735,57.605403],[11.969724,57.605445],[11.969708,57.605465],[11.969708,57.605516],[11.969723,57.605576],[11.969746,57.605607],[11.969777,57.605638],[11.969809,57.60566],[11.969826,57.605691],[11.969805,57.605742],[11.969738,57.60578],[11.969684,57.605802],[11.969528,57.605843],[11.969416,57.605876],[11.969393,57.605882],[11.969382,57.605886],[11.969264,57.605928],[11.969114,57.605977],[11.968969,57.60603],[11.968902,57.606043],[11.968739,57.606091],[11.96861,57.60615],[11.968471,57.606223],[11.968441,57.606244],[11.968397,57.606282],[11.968381,57.606323],[11.968373,57.606328],[11.968363,57.606333],[11.968315,57.606343],[11.96826,57.606358],[11.968178,57.606376],[11.968146,57.606384],[11.968121,57.606384],[11.968071,57.606371],[11.968058,57.606365],[11.968049,57.606358],[11.968043,57.60635],[11.968041,57.606341],[11.968043,57.606329],[11.968042,57.606317],[11.968037,57.606305],[11.968037,57.606299],[11.968032,57.606292],[11.968025,57.606286],[11.967986,57.60625],[11.967965,57.606235],[11.967948,57.606225],[11.967914,57.606194],[11.967903,57.606177],[11.967913,57.606141],[11.967933,57.606099],[11.967957,57.60604],[11.96795,57.606],[11.967956,57.605947],[11.967989,57.605909],[11.967992,57.605862],[11.967958,57.605829],[11.967917,57.605807],[11.967838,57.605783],[11.967778,57.605777],[11.967713,57.605784],[11.967672,57.605786],[11.967553,57.605819],[11.967476,57.605843],[11.967455,57.605847],[11.96736,57.605863],[11.967326,57.605881],[11.967231,57.605905],[11.967177,57.605917],[11.967025,57.605937],[11.966977,57.605941],[11.966919,57.605948],[11.96679,57.60597],[11.966726,57.605978],[11.966672,57.605987],[11.966614,57.605991],[11.96659,57.606007],[11.966553,57.60602],[11.96653,57.606031],[11.966506,57.606051],[11.966486,57.606063],[11.966465,57.606086],[11.966469,57.606097],[11.966411,57.606086],[11.966178,57.605923],[11.964692,57.606304],[11.964619,57.606323],[11.964041,57.606471],[11.963159,57.606696],[11.962295,57.606918],[11.961673,57.607077],[11.960067,57.607488],[11.959784,57.607561],[11.956985,57.608277],[11.955298,57.608711],[11.950267,57.606195],[11.950673,57.605653],[11.951134,57.604846],[11.952824,57.601984],[11.953438,57.60101],[11.952049,57.600488],[11.950893,57.600151],[11.949071,57.599521],[11.950068,57.598883],[11.949584,57.598655],[11.949055,57.598327],[11.949644,57.597964],[11.950608,57.59774],[11.951009,57.597956],[11.952501,57.598879],[11.953287,57.599215],[11.953496,57.599379],[11.954453,57.599414],[11.954872,57.598711],[11.95541,57.598003],[11.955552,57.597816],[11.956472,57.596805],[11.957979,57.595357],[11.959316,57.594071],[11.962402,57.594728],[11.963501,57.595252],[11.963644,57.595439]]]}},{"type":"Feature","properties":{"kod":"14800636","namn":"Sydvästra Göteborg, Lindås"},"geometry":{"type":"Polygon","coordinates":[[[11.998677,57.584334],[11.998597,57.584434],[11.998763,57.58485],[11.99877,57.584867],[11.999563,57.584996],[12.000169,57.585188],[12.000107,57.586808],[12.000313,57.587273],[12.000041,57.588036],[11.999233,57.588689],[11.999041,57.590332],[11.999094,57.590504],[11.998817,57.590755],[11.998956,57.592517],[11.999038,57.593528],[11.999079,57.594049],[11.999238,57.596038],[11.991898,57.595754],[11.991107,57.595824],[11.991987,57.597257],[11.991578,57.597453],[11.991152,57.597137],[11.990597,57.596829],[11.99048,57.596571],[11.989957,57.596424],[11.989387,57.596325],[11.98895,57.596116],[11.988854,57.595809],[11.988879,57.592389],[11.98859,57.591978],[11.988341,57.591964],[11.988125,57.591814],[11.988045,57.591607],[11.988219,57.591367],[11.98793,57.591264],[11.987895,57.591173],[11.975526,57.593763],[11.975238,57.593823],[11.974913,57.593889],[11.974324,57.594014],[11.970833,57.594745],[11.969482,57.593229],[11.968549,57.593583],[11.968256,57.593694],[11.963644,57.595439],[11.963501,57.595252],[11.962402,57.594728],[11.959316,57.594071],[11.959723,57.593679],[11.961229,57.592263],[11.96212,57.591451],[11.963047,57.590519],[11.963593,57.590028],[11.963867,57.589738],[11.964109,57.589483],[11.964778,57.588738],[11.965473,57.587833],[11.96622,57.586684],[11.966647,57.58591],[11.967085,57.584945],[11.96741,57.584065],[11.967665,57.583239],[11.967896,57.582169],[11.968,57.581484],[11.968075,57.580675],[11.968073,57.579881],[11.968084,57.579087],[11.967996,57.578459],[11.967919,57.577788],[11.967856,57.577364],[11.967766,57.576962],[11.96766,57.576523],[11.967541,57.576032],[11.967246,57.575167],[11.965704,57.570294],[11.961637,57.570376],[11.958682,57.570504],[11.958392,57.57153],[11.954284,57.571528],[11.953915,57.571123],[11.953853,57.570904],[11.952986,57.57099],[11.948863,57.570644],[11.946616,57.570505],[11.945766,57.570651],[11.944539,57.571073],[11.94435,57.570936],[11.944114,57.570806],[11.943487,57.570345],[11.943121,57.57009],[11.942896,57.569915],[11.942659,57.569709],[11.94241,57.56946],[11.942266,57.569266],[11.942157,57.569072],[11.942036,57.568822],[11.941985,57.568578],[11.941992,57.568289],[11.942023,57.568057],[11.942122,57.567743],[11.942258,57.567479],[11.942448,57.567026],[11.94263,57.566749],[11.942882,57.566416],[11.943052,57.566183],[11.943429,57.565679],[11.943864,57.565201],[11.944023,57.564999],[11.944309,57.564653],[11.944459,57.564526],[11.944736,57.564381],[11.945661,57.563881],[11.946263,57.563583],[11.94656,57.563453],[11.946899,57.563252],[11.947469,57.562909],[11.947657,57.562745],[11.947904,57.562511],[11.947962,57.562442],[11.947962,57.562443],[11.948012,57.562482],[11.948129,57.562551],[11.948266,57.562594],[11.94828,57.562598],[11.948415,57.562603],[11.948804,57.562644],[11.948955,57.562576],[11.94915,57.562527],[11.949656,57.562595],[11.949908,57.562628],[11.949958,57.562636],[11.950419,57.56271],[11.950617,57.562731],[11.950737,57.562744],[11.950891,57.562754],[11.95099,57.56278],[11.951111,57.562811],[11.951267,57.562852],[11.951936,57.563025],[11.952004,57.563024],[11.952141,57.563023],[11.952265,57.563021],[11.952712,57.563096],[11.95278,57.563143],[11.95303,57.563341],[11.953047,57.56334],[11.953053,57.563339],[11.953308,57.563315],[11.953321,57.563314],[11.95356,57.563372],[11.953569,57.563374],[11.95368,57.563325],[11.95368,57.563324],[11.95368,57.563324],[11.953661,57.56329],[11.953796,57.563287],[11.953997,57.563271],[11.954101,57.56325],[11.954148,57.563209],[11.954147,57.563209],[11.954148,57.563208],[11.954095,57.563083],[11.954094,57.563017],[11.954222,57.56305],[11.954252,57.563004],[11.954788,57.563016],[11.954988,57.562995],[11.955249,57.56305],[11.955272,57.563055],[11.95528,57.563057],[11.955431,57.563104],[11.955519,57.563142],[11.955572,57.563139],[11.955589,57.563136],[11.955976,57.563056],[11.956747,57.563305],[11.956792,57.563319],[11.957877,57.563982],[11.958725,57.563777],[11.958772,57.563765],[11.958779,57.563764],[11.958804,57.563757],[11.959558,57.563479],[11.95958,57.563471],[11.960408,57.563209],[11.960477,57.563187],[11.960719,57.563118],[11.961174,57.562981],[11.962003,57.562679],[11.962233,57.562594],[11.962428,57.562522],[11.962901,57.56237],[11.962934,57.562359],[11.963481,57.562246],[11.963814,57.562176],[11.964799,57.562117],[11.966515,57.562248],[11.966515,57.562249],[11.966543,57.562444],[11.966544,57.562445],[11.966658,57.562457],[11.966737,57.562531],[11.967014,57.562495],[11.967061,57.562513],[11.967061,57.562513],[11.967082,57.562527],[11.967132,57.56256],[11.967298,57.562617],[11.967299,57.562617],[11.967331,57.562687],[11.967343,57.562714],[11.967392,57.562822],[11.967752,57.563258],[11.967805,57.563287],[11.967806,57.563288],[11.96792,57.56333],[11.967956,57.563346],[11.968051,57.563387],[11.968106,57.563448],[11.968108,57.563451],[11.968122,57.563483],[11.968253,57.563796],[11.968748,57.56384],[11.969174,57.563803],[11.969774,57.563857],[11.970222,57.563728],[11.970368,57.563579],[11.970827,57.563485],[11.971076,57.563458],[11.97123,57.563463],[11.97123,57.563463],[11.97214,57.563496],[11.972262,57.5635],[11.972595,57.563246],[11.973225,57.563137],[11.974099,57.563038],[11.974293,57.563024],[11.974659,57.563023],[11.974814,57.56291],[11.975185,57.562638],[11.975399,57.561961],[11.975646,57.561787],[11.97574,57.561761],[11.976021,57.561682],[11.976041,57.561679],[11.976222,57.561651],[11.976237,57.561654],[11.976818,57.56175],[11.976954,57.561766],[11.977096,57.561783],[11.977154,57.561799],[11.977277,57.561833],[11.977278,57.561833],[11.977452,57.561838],[11.977459,57.561845],[11.977946,57.562352],[11.978255,57.562691],[11.978255,57.562692],[11.978256,57.562692],[11.978601,57.562942],[11.97893,57.563219],[11.979424,57.563634],[11.979424,57.563694],[11.979268,57.563835],[11.979121,57.564014],[11.979122,57.564014],[11.979122,57.564015],[11.979121,57.564015],[11.982853,57.564544],[11.983519,57.564643],[11.984722,57.564699],[11.985956,57.564842],[11.986054,57.564851],[11.987496,57.564987],[11.987958,57.565029],[11.987959,57.56503],[11.987961,57.565042],[11.987965,57.565074],[11.988062,57.565111],[11.98844,57.565257],[11.98892,57.565366],[11.989174,57.565485],[11.98931,57.565791],[11.989891,57.565921],[11.990384,57.566055],[11.990915,57.566232],[11.990885,57.566257],[11.990849,57.566288],[11.990848,57.566289],[11.991395,57.566565],[11.992145,57.566425],[11.992508,57.566358],[11.992608,57.566348],[11.993038,57.56644],[11.993142,57.566436],[11.993165,57.566456],[11.993224,57.566452],[11.993292,57.566518],[11.993436,57.566559],[11.994074,57.566605],[11.994065,57.566617],[11.993973,57.566751],[11.993947,57.56679],[11.993947,57.566791],[11.99489,57.566907],[11.995052,57.566978],[11.995203,57.567078],[11.995335,57.567125],[11.995643,57.567236],[11.995989,57.567417],[11.996368,57.567533],[11.996542,57.567708],[11.996854,57.567817],[11.997174,57.567628],[11.997458,57.567526],[11.99799,57.567469],[11.998117,57.56738],[11.998118,57.567379],[11.998172,57.567305],[11.998175,57.5673],[11.998345,57.567069],[11.998345,57.567068],[11.99837,57.567051],[11.998415,57.567006],[11.998448,57.566982],[11.998493,57.566956],[11.998532,57.566933],[11.998589,57.566905],[11.998631,57.566887],[11.998656,57.566876],[11.998691,57.566861],[11.998725,57.566847],[11.998762,57.56683],[11.998801,57.566821],[11.998801,57.56682],[11.998777,57.566658],[11.998777,57.566658],[11.998875,57.566593],[11.998889,57.566583],[11.998889,57.566583],[11.998786,57.566266],[11.998758,57.566246],[11.998731,57.566227],[11.998728,57.566224],[11.998717,57.566211],[11.998714,57.566192],[11.998714,57.566191],[11.998726,57.566171],[11.998739,57.56616],[11.998746,57.566149],[11.998746,57.566148],[11.998767,57.566072],[11.998767,57.566072],[11.998796,57.566076],[12.00001,57.566231],[12.003263,57.566646],[12.003332,57.566655],[12.009787,57.569829],[12.009739,57.569894],[12.009687,57.569965],[12.008506,57.571563],[12.00779,57.572531],[12.004323,57.57722],[12.004204,57.57738],[12.004089,57.577536],[12.003954,57.577706],[12.003895,57.57778],[12.003515,57.578256],[12.001176,57.581192],[12.00111,57.581276],[12.000675,57.581823],[11.999939,57.582749],[11.999652,57.583107],[11.999638,57.583124],[11.999609,57.58316],[11.999294,57.583551],[11.999211,57.58366],[11.999173,57.58371],[11.999164,57.583721],[11.999149,57.583741],[11.998929,57.584017],[11.998846,57.584122],[11.998677,57.584334]]]}},{"type":"Feature","properties":{"kod":"14800637","namn":"Sydvästra Göteborg, Billdal Södra"},"geometry":{"type":"Polygon","coordinates":[[[11.928291,57.581139],[11.926598,57.581143],[11.919446,57.581159],[11.918076,57.581119],[11.917651,57.580974],[11.915214,57.580062],[11.913122,57.579894],[11.910595,57.579864],[11.909389,57.579796],[11.908385,57.579619],[11.906895,57.579449],[11.905809,57.579364],[11.903655,57.580078],[11.899486,57.579847],[11.894163,57.579351],[11.865714,57.57648],[11.862387,57.574015],[11.861462,57.573396],[11.860368,57.572665],[11.856353,57.569718],[11.849392,57.564607],[11.8556,57.558124],[11.866845,57.558631],[11.877965,57.559132],[11.878031,57.559135],[11.889858,57.562188],[11.889895,57.562181],[11.897762,57.560767],[11.903237,57.561695],[11.908734,57.562626],[11.912021,57.56255],[11.919079,57.563384],[11.921084,57.563076],[11.922356,57.56367],[11.924338,57.5633],[11.924766,57.56251],[11.927443,57.562094],[11.927443,57.562094],[11.927783,57.562369],[11.929024,57.562173],[11.92903,57.562168],[11.929127,57.562155],[11.9296,57.561721],[11.930317,57.561755],[11.930637,57.56177],[11.930738,57.561809],[11.931265,57.562016],[11.931297,57.562029],[11.931599,57.562034],[11.931625,57.562125],[11.932397,57.562035],[11.932539,57.562035],[11.932651,57.562023],[11.933509,57.561931],[11.933617,57.561919],[11.934237,57.561852],[11.934571,57.561815],[11.93488,57.561797],[11.936128,57.561724],[11.937128,57.56167],[11.93768,57.561641],[11.938761,57.561791],[11.938762,57.561791],[11.939326,57.561754],[11.939965,57.561571],[11.940313,57.561463],[11.941323,57.561386],[11.94189,57.561353],[11.942399,57.561365],[11.942568,57.561369],[11.943696,57.561395],[11.943892,57.561397],[11.943934,57.561407],[11.94462,57.561562],[11.945144,57.561679],[11.945526,57.561766],[11.945569,57.561776],[11.946165,57.561829],[11.946519,57.561898],[11.946741,57.561941],[11.946793,57.561951],[11.946834,57.561979],[11.946919,57.562035],[11.94694,57.562021],[11.946957,57.562029],[11.947061,57.56196],[11.947348,57.562083],[11.947477,57.562139],[11.947629,57.562204],[11.947827,57.562334],[11.947962,57.562442],[11.947904,57.562511],[11.947657,57.562745],[11.947469,57.562909],[11.946899,57.563252],[11.94656,57.563453],[11.946263,57.563583],[11.945661,57.563881],[11.944736,57.564381],[11.944459,57.564526],[11.944309,57.564653],[11.944023,57.564999],[11.943864,57.565201],[11.943429,57.565679],[11.943052,57.566183],[11.942882,57.566416],[11.94263,57.566749],[11.942448,57.567026],[11.942258,57.567479],[11.942122,57.567743],[11.942023,57.568057],[11.941992,57.568289],[11.941985,57.568578],[11.942036,57.568822],[11.942157,57.569072],[11.942266,57.569266],[11.94241,57.56946],[11.942659,57.569709],[11.942896,57.569915],[11.943121,57.57009],[11.943487,57.570345],[11.944114,57.570806],[11.94435,57.570936],[11.944539,57.571073],[11.944685,57.571399],[11.944689,57.571656],[11.944499,57.572165],[11.944318,57.572442],[11.944046,57.572742],[11.943047,57.572454],[11.94187,57.57184],[11.933984,57.570052],[11.929451,57.569973],[11.923171,57.57183],[11.924247,57.577681],[11.928291,57.581139]]]}},{"type":"Feature","properties":{"kod":"14800638","namn":"Sydvästra Göteborg, Billdal Norra"},"geometry":{"type":"Polygon","coordinates":[[[11.961637,57.570376],[11.961682,57.572588],[11.959946,57.574967],[11.956831,57.576432],[11.952593,57.577051],[11.9515,57.578465],[11.948867,57.579361],[11.94686,57.579877],[11.944902,57.579256],[11.942558,57.579789],[11.94156,57.581392],[11.943136,57.582585],[11.941756,57.583826],[11.939415,57.584376],[11.934799,57.582822],[11.931339,57.582157],[11.929809,57.582163],[11.929419,57.581842],[11.929024,57.581522],[11.928291,57.581139],[11.924247,57.577681],[11.923171,57.57183],[11.929451,57.569973],[11.933984,57.570052],[11.94187,57.57184],[11.943047,57.572454],[11.944046,57.572742],[11.944318,57.572442],[11.944499,57.572165],[11.944689,57.571656],[11.944685,57.571399],[11.944539,57.571073],[11.945766,57.570651],[11.946616,57.570505],[11.948863,57.570644],[11.952986,57.57099],[11.953853,57.570904],[11.953915,57.571123],[11.954284,57.571528],[11.958392,57.57153],[11.958682,57.570504],[11.961637,57.570376]]]}},{"type":"Feature","properties":{"kod":"14800639","namn":"Sydvästra Göteborg, Nygård"},"geometry":{"type":"Polygon","coordinates":[[[11.96212,57.591451],[11.960579,57.590933],[11.956471,57.589294],[11.954544,57.58969],[11.949084,57.590033],[11.949327,57.591544],[11.948492,57.591638],[11.946982,57.592129],[11.946468,57.592189],[11.945168,57.59224],[11.944816,57.592082],[11.94476,57.591564],[11.944512,57.591465],[11.943564,57.591538],[11.943363,57.591559],[11.94303,57.591661],[11.941656,57.59238],[11.940326,57.592368],[11.94032,57.592341],[11.940311,57.592314],[11.940298,57.592288],[11.940281,57.592262],[11.940177,57.592112],[11.940162,57.592088],[11.940151,57.592065],[11.940142,57.59204],[11.940136,57.592016],[11.940133,57.591991],[11.940133,57.591967],[11.940136,57.591942],[11.940142,57.591918],[11.94015,57.591893],[11.940219,57.591735],[11.940227,57.591713],[11.940232,57.59169],[11.940234,57.591667],[11.940234,57.591644],[11.94023,57.591622],[11.940225,57.591599],[11.940215,57.591577],[11.940203,57.591555],[11.940188,57.591534],[11.940171,57.591513],[11.94015,57.591493],[11.940128,57.591474],[11.940103,57.591455],[11.940075,57.591438],[11.939792,57.591269],[11.939765,57.591252],[11.93974,57.591234],[11.939718,57.591215],[11.939698,57.591195],[11.939681,57.591175],[11.939666,57.591154],[11.939654,57.591132],[11.939644,57.591111],[11.939638,57.591089],[11.939634,57.591066],[11.939633,57.591044],[11.939636,57.590805],[11.939523,57.590603],[11.939522,57.590097],[11.939556,57.589401],[11.939234,57.589121],[11.938588,57.589323],[11.93831,57.589396],[11.937886,57.589465],[11.937216,57.589534],[11.936857,57.589512],[11.936554,57.589477],[11.936218,57.589431],[11.935802,57.589349],[11.93551,57.589272],[11.935173,57.58919],[11.934825,57.589119],[11.934488,57.589073],[11.934074,57.589045],[11.933547,57.589023],[11.932998,57.588966],[11.932617,57.588914],[11.932234,57.588808],[11.931735,57.588573],[11.931552,57.588404],[11.931414,57.588254],[11.931233,57.587846],[11.931117,57.587617],[11.931059,57.58742],[11.93093,57.587219],[11.930549,57.586729],[11.930506,57.586672],[11.930466,57.586615],[11.930428,57.586558],[11.930394,57.586499],[11.930362,57.586441],[11.930332,57.586382],[11.930305,57.586322],[11.930281,57.586263],[11.930259,57.586203],[11.93024,57.586142],[11.930224,57.586082],[11.930211,57.586021],[11.930201,57.58596],[11.930142,57.585568],[11.929861,57.585557],[11.929907,57.585349],[11.929955,57.585198],[11.930026,57.585025],[11.930138,57.584834],[11.930242,57.584683],[11.930437,57.584465],[11.930631,57.584279],[11.930851,57.584109],[11.931103,57.583935],[11.931381,57.583792],[11.931568,57.5837],[11.931516,57.583656],[11.931379,57.583563],[11.93115,57.583394],[11.930783,57.583139],[11.930755,57.583121],[11.92986,57.582205],[11.929809,57.582163],[11.931339,57.582157],[11.934799,57.582822],[11.939415,57.584376],[11.941756,57.583826],[11.943136,57.582585],[11.94156,57.581392],[11.942558,57.579789],[11.944902,57.579256],[11.94686,57.579877],[11.948867,57.579361],[11.9515,57.578465],[11.952593,57.577051],[11.956831,57.576432],[11.959946,57.574967],[11.961682,57.572588],[11.961637,57.570376],[11.965704,57.570294],[11.967246,57.575167],[11.967541,57.576032],[11.96766,57.576523],[11.967766,57.576962],[11.967856,57.577364],[11.967919,57.577788],[11.967996,57.578459],[11.968084,57.579087],[11.968073,57.579881],[11.968075,57.580675],[11.968,57.581484],[11.967896,57.582169],[11.967665,57.583239],[11.96741,57.584065],[11.967085,57.584945],[11.966647,57.58591],[11.96622,57.586684],[11.965473,57.587833],[11.964778,57.588738],[11.964109,57.589483],[11.963867,57.589738],[11.963593,57.590028],[11.963047,57.590519],[11.96212,57.591451]]]}},{"type":"Feature","properties":{"kod":"14800640","namn":"Sydvästra Göteborg, Skintebo Västra"},"geometry":{"type":"Polygon","coordinates":[[[11.941387,57.594121],[11.941542,57.59421],[11.941637,57.594321],[11.941876,57.59467],[11.940008,57.595938],[11.939412,57.596275],[11.939326,57.596362],[11.939136,57.596499],[11.938613,57.596835],[11.938272,57.597102],[11.937679,57.597459],[11.937673,57.597462],[11.934481,57.596737],[11.93304,57.59664],[11.932919,57.596566],[11.931817,57.595894],[11.93083,57.595019],[11.930813,57.59498],[11.930092,57.594191],[11.929729,57.59411],[11.92946,57.594156],[11.929366,57.594284],[11.929259,57.594252],[11.929096,57.594075],[11.929181,57.593511],[11.929157,57.593335],[11.926996,57.593209],[11.926256,57.593253],[11.926358,57.592795],[11.926611,57.592811],[11.92699,57.592064],[11.927071,57.591914],[11.927409,57.591346],[11.927864,57.591226],[11.928038,57.590996],[11.927819,57.590899],[11.927838,57.590792],[11.927932,57.590658],[11.927726,57.590418],[11.927549,57.590371],[11.927173,57.590424],[11.926114,57.590285],[11.925328,57.590189],[11.924553,57.59024],[11.924456,57.590245],[11.924153,57.58999],[11.924485,57.589784],[11.924654,57.589674],[11.924242,57.588765],[11.924098,57.588532],[11.924084,57.588505],[11.92209,57.587961],[11.921825,57.586459],[11.92186,57.586418],[11.921683,57.586334],[11.921022,57.586112],[11.918307,57.585436],[11.916219,57.584391],[11.91266,57.58495],[11.909265,57.58707],[11.907305,57.586483],[11.903063,57.585894],[11.901639,57.585352],[11.898303,57.586143],[11.888081,57.593111],[11.875019,57.583374],[11.865714,57.57648],[11.894163,57.579351],[11.899486,57.579847],[11.903655,57.580078],[11.905809,57.579364],[11.906895,57.579449],[11.908385,57.579619],[11.909389,57.579796],[11.910595,57.579864],[11.913122,57.579894],[11.915214,57.580062],[11.917651,57.580974],[11.918076,57.581119],[11.919446,57.581159],[11.926598,57.581143],[11.928291,57.581139],[11.929024,57.581522],[11.929419,57.581842],[11.929809,57.582163],[11.92986,57.582205],[11.930755,57.583121],[11.930783,57.583139],[11.93115,57.583394],[11.931379,57.583563],[11.931516,57.583656],[11.931568,57.5837],[11.931381,57.583792],[11.931103,57.583935],[11.930851,57.584109],[11.930631,57.584279],[11.930437,57.584465],[11.930242,57.584683],[11.930138,57.584834],[11.930026,57.585025],[11.929955,57.585198],[11.929907,57.585349],[11.929861,57.585557],[11.930142,57.585568],[11.930201,57.58596],[11.930211,57.586021],[11.930224,57.586082],[11.93024,57.586142],[11.930259,57.586203],[11.930281,57.586263],[11.930305,57.586322],[11.930332,57.586382],[11.930362,57.586441],[11.930394,57.586499],[11.930428,57.586558],[11.930466,57.586615],[11.930506,57.586672],[11.930549,57.586729],[11.93093,57.587219],[11.931059,57.58742],[11.931117,57.587617],[11.931233,57.587846],[11.931414,57.588254],[11.931552,57.588404],[11.931735,57.588573],[11.932234,57.588808],[11.932617,57.588914],[11.932998,57.588966],[11.933547,57.589023],[11.934074,57.589045],[11.934488,57.589073],[11.934825,57.589119],[11.935173,57.58919],[11.93551,57.589272],[11.935802,57.589349],[11.936218,57.589431],[11.936554,57.589477],[11.936857,57.589512],[11.937216,57.589534],[11.937886,57.589465],[11.93831,57.589396],[11.938588,57.589323],[11.939234,57.589121],[11.939556,57.589401],[11.939522,57.590097],[11.939523,57.590603],[11.939636,57.590805],[11.939633,57.591044],[11.939634,57.591066],[11.939638,57.591089],[11.939644,57.591111],[11.939654,57.591132],[11.939666,57.591154],[11.939681,57.591175],[11.939698,57.591195],[11.939718,57.591215],[11.93974,57.591234],[11.939765,57.591252],[11.939792,57.591269],[11.940075,57.591438],[11.940103,57.591455],[11.940128,57.591474],[11.94015,57.591493],[11.940171,57.591513],[11.940188,57.591534],[11.940203,57.591555],[11.940215,57.591577],[11.940225,57.591599],[11.94023,57.591622],[11.940234,57.591644],[11.940234,57.591667],[11.940232,57.59169],[11.940227,57.591713],[11.940219,57.591735],[11.94015,57.591893],[11.940142,57.591918],[11.940136,57.591942],[11.940133,57.591967],[11.940133,57.591991],[11.940136,57.592016],[11.940142,57.59204],[11.940151,57.592065],[11.940162,57.592088],[11.940177,57.592112],[11.940281,57.592262],[11.940298,57.592288],[11.940311,57.592314],[11.94032,57.592341],[11.940326,57.592368],[11.940248,57.593466],[11.94034,57.593629],[11.94059,57.593792],[11.941387,57.594121]]]}},{"type":"Feature","properties":{"kod":"14800641","namn":"Sydvästra Göteborg, Skintebo Östra"},"geometry":{"type":"Polygon","coordinates":[[[11.949055,57.598327],[11.948356,57.598715],[11.947237,57.59905],[11.946089,57.599283],[11.94519,57.599492],[11.945085,57.599514],[11.94503,57.599125],[11.945409,57.598792],[11.945631,57.598415],[11.944437,57.598212],[11.944609,57.597931],[11.944265,57.597256],[11.941008,57.597515],[11.939136,57.596499],[11.939326,57.596362],[11.939412,57.596275],[11.940008,57.595938],[11.941876,57.59467],[11.941637,57.594321],[11.941542,57.59421],[11.941387,57.594121],[11.94059,57.593792],[11.94034,57.593629],[11.940248,57.593466],[11.940326,57.592368],[11.941656,57.59238],[11.94303,57.591661],[11.943363,57.591559],[11.943564,57.591538],[11.944512,57.591465],[11.94476,57.591564],[11.944816,57.592082],[11.945168,57.59224],[11.946468,57.592189],[11.946982,57.592129],[11.948492,57.591638],[11.949327,57.591544],[11.949084,57.590033],[11.954544,57.58969],[11.956471,57.589294],[11.960579,57.590933],[11.96212,57.591451],[11.961229,57.592263],[11.959723,57.593679],[11.959316,57.594071],[11.957979,57.595357],[11.952873,57.594327],[11.951752,57.596018],[11.952063,57.596257],[11.952101,57.596387],[11.952016,57.596552],[11.951883,57.596651],[11.952096,57.596796],[11.95218,57.597009],[11.951875,57.597143],[11.949811,57.597237],[11.94953,57.597168],[11.94933,57.596974],[11.948294,57.596904],[11.949055,57.598327]]]}},{"type":"Feature","properties":{"kod":"14800642","namn":"Sydvästra Göteborg, Uggleberget"},"geometry":{"type":"Polygon","coordinates":[[[11.957979,57.595357],[11.956472,57.596805],[11.955552,57.597816],[11.95541,57.598003],[11.954872,57.598711],[11.954453,57.599414],[11.953496,57.599379],[11.953287,57.599215],[11.952501,57.598879],[11.951009,57.597956],[11.950608,57.59774],[11.949644,57.597964],[11.949055,57.598327],[11.948294,57.596904],[11.94933,57.596974],[11.94953,57.597168],[11.949811,57.597237],[11.951875,57.597143],[11.95218,57.597009],[11.952096,57.596796],[11.951883,57.596651],[11.952016,57.596552],[11.952101,57.596387],[11.952063,57.596257],[11.951752,57.596018],[11.952873,57.594327],[11.957979,57.595357]]]}},{"type":"Feature","properties":{"kod":"14800643","namn":"Sydvästra Göteborg, Brottkärr Östra"},"geometry":{"type":"Polygon","coordinates":[[[11.950893,57.600151],[11.952049,57.600488],[11.953438,57.60101],[11.952824,57.601984],[11.951134,57.604846],[11.950673,57.605653],[11.950267,57.606195],[11.949746,57.606865],[11.94907,57.60758],[11.948463,57.608149],[11.94764,57.608836],[11.947084,57.609255],[11.946423,57.609704],[11.945761,57.610116],[11.944466,57.610923],[11.94409,57.611161],[11.943458,57.611606],[11.943142,57.61186],[11.942682,57.611637],[11.942554,57.611575],[11.942243,57.611425],[11.939615,57.610156],[11.939299,57.610002],[11.939183,57.609952],[11.938436,57.609576],[11.938441,57.609531],[11.938465,57.609397],[11.939225,57.609142],[11.941182,57.609001],[11.941795,57.608206],[11.940409,57.606728],[11.940059,57.605475],[11.939269,57.601813],[11.939255,57.600864],[11.939584,57.600675],[11.939835,57.59967],[11.93762,57.599782],[11.936661,57.599803],[11.935396,57.599811],[11.934878,57.599746],[11.934453,57.599606],[11.933891,57.599435],[11.933409,57.599388],[11.933784,57.598903],[11.933596,57.598433],[11.934481,57.596737],[11.937673,57.597462],[11.937679,57.597459],[11.938272,57.597102],[11.938613,57.596835],[11.939136,57.596499],[11.941008,57.597515],[11.944265,57.597256],[11.944609,57.597931],[11.944437,57.598212],[11.945631,57.598415],[11.945409,57.598792],[11.94503,57.599125],[11.945085,57.599514],[11.94519,57.599492],[11.946089,57.599283],[11.947237,57.59905],[11.948356,57.598715],[11.949055,57.598327],[11.949584,57.598655],[11.950068,57.598883],[11.949071,57.599521],[11.950893,57.600151]]]}},{"type":"Feature","properties":{"kod":"14800644","namn":"Sydvästra Göteborg, Brottkärr Västra"},"geometry":{"type":"Polygon","coordinates":[[[11.938441,57.609531],[11.938254,57.60955],[11.937933,57.609585],[11.937013,57.609603],[11.936898,57.609629],[11.936619,57.609781],[11.936658,57.609806],[11.936602,57.609814],[11.93542,57.609963],[11.935332,57.609786],[11.934935,57.609839],[11.934925,57.609803],[11.934484,57.609726],[11.934092,57.609623],[11.934075,57.609249],[11.933055,57.609134],[11.933051,57.608611],[11.932968,57.608596],[11.932058,57.608426],[11.93198,57.608411],[11.931963,57.608726],[11.931947,57.608765],[11.931888,57.608905],[11.931589,57.608895],[11.930816,57.608637],[11.930552,57.608603],[11.930266,57.608723],[11.929868,57.609327],[11.929718,57.609361],[11.929827,57.609634],[11.929279,57.60994],[11.927847,57.61032],[11.927812,57.610341],[11.927775,57.61036],[11.927736,57.610379],[11.927696,57.610395],[11.927653,57.610411],[11.927609,57.610425],[11.926467,57.610578],[11.926471,57.611088],[11.925052,57.611266],[11.923699,57.611437],[11.921456,57.611721],[11.921001,57.611779],[11.92064,57.611824],[11.909741,57.613349],[11.907224,57.610861],[11.901098,57.604804],[11.899703,57.603903],[11.896628,57.601916],[11.894473,57.598537],[11.892238,57.596209],[11.889386,57.594083],[11.888081,57.593111],[11.898303,57.586143],[11.901639,57.585352],[11.903063,57.585894],[11.907305,57.586483],[11.909265,57.58707],[11.91266,57.58495],[11.916219,57.584391],[11.918307,57.585436],[11.921022,57.586112],[11.921683,57.586334],[11.92186,57.586418],[11.921825,57.586459],[11.92209,57.587961],[11.924084,57.588505],[11.924098,57.588532],[11.924242,57.588765],[11.924654,57.589674],[11.924485,57.589784],[11.924153,57.58999],[11.924456,57.590245],[11.924553,57.59024],[11.925328,57.590189],[11.926114,57.590285],[11.927173,57.590424],[11.927549,57.590371],[11.927726,57.590418],[11.927932,57.590658],[11.927838,57.590792],[11.927819,57.590899],[11.928038,57.590996],[11.927864,57.591226],[11.927409,57.591346],[11.927071,57.591914],[11.92699,57.592064],[11.926611,57.592811],[11.926358,57.592795],[11.926256,57.593253],[11.926996,57.593209],[11.929157,57.593335],[11.929181,57.593511],[11.929096,57.594075],[11.929259,57.594252],[11.929366,57.594284],[11.92946,57.594156],[11.929729,57.59411],[11.930092,57.594191],[11.930813,57.59498],[11.93083,57.595019],[11.931817,57.595894],[11.932919,57.596566],[11.93304,57.59664],[11.934481,57.596737],[11.933596,57.598433],[11.933784,57.598903],[11.933409,57.599388],[11.933891,57.599435],[11.934453,57.599606],[11.934878,57.599746],[11.935396,57.599811],[11.936661,57.599803],[11.93762,57.599782],[11.939835,57.59967],[11.939584,57.600675],[11.939255,57.600864],[11.939269,57.601813],[11.940059,57.605475],[11.940409,57.606728],[11.941795,57.608206],[11.941182,57.609001],[11.939225,57.609142],[11.938465,57.609397],[11.938441,57.609531]]]}},{"type":"Feature","properties":{"kod":"14800645","namn":"Sydvästra Göteborg, Hovås Södra"},"geometry":{"type":"Polygon","coordinates":[[[11.932557,57.626197],[11.931127,57.626101],[11.930404,57.625687],[11.930646,57.624349],[11.929596,57.624172],[11.927702,57.623854],[11.922974,57.622516],[11.922676,57.622142],[11.922432,57.621846],[11.922154,57.621505],[11.921622,57.621343],[11.919669,57.62083],[11.917421,57.61984],[11.917417,57.619838],[11.917404,57.619824],[11.917387,57.619798],[11.917367,57.619758],[11.917335,57.619728],[11.917314,57.619711],[11.917304,57.619702],[11.91728,57.619667],[11.917257,57.61964],[11.917245,57.619622],[11.917238,57.619605],[11.917217,57.619573],[11.9172,57.619542],[11.917186,57.619515],[11.917171,57.619492],[11.917162,57.619475],[11.917147,57.619441],[11.917128,57.619404],[11.917103,57.61936],[11.917079,57.619318],[11.917069,57.619287],[11.917054,57.619244],[11.917037,57.619196],[11.917026,57.619158],[11.917012,57.619116],[11.916993,57.619068],[11.916984,57.619064],[11.916963,57.619041],[11.916938,57.619027],[11.916898,57.619002],[11.916864,57.618978],[11.916831,57.618949],[11.916806,57.618928],[11.916786,57.61891],[11.916764,57.618895],[11.916742,57.618877],[11.916688,57.618832],[11.916663,57.618813],[11.916638,57.61879],[11.916613,57.618767],[11.916583,57.618743],[11.91653,57.618698],[11.916505,57.618673],[11.916486,57.618652],[11.916473,57.618632],[11.916453,57.618608],[11.91643,57.61858],[11.916412,57.618563],[11.916379,57.61853],[11.916357,57.618506],[11.916335,57.618482],[11.916316,57.618457],[11.916298,57.618431],[11.91628,57.618408],[11.916267,57.618387],[11.916231,57.618336],[11.916205,57.618299],[11.916182,57.618269],[11.916172,57.618249],[11.916156,57.618223],[11.916144,57.618202],[11.916128,57.618177],[11.916123,57.618167],[11.916112,57.618147],[11.9161,57.618124],[11.916087,57.618095],[11.916076,57.61807],[11.916062,57.618036],[11.91605,57.618011],[11.916038,57.617985],[11.916028,57.617958],[11.916018,57.617935],[11.916004,57.61791],[11.915989,57.617882],[11.91598,57.61785],[11.915968,57.617815],[11.915959,57.617779],[11.915953,57.617752],[11.915947,57.617725],[11.915939,57.617685],[11.915937,57.617662],[11.915934,57.617638],[11.91593,57.617608],[11.915929,57.617582],[11.915925,57.617553],[11.915922,57.617522],[11.915916,57.617498],[11.915912,57.617472],[11.915909,57.617439],[11.915908,57.617413],[11.915909,57.617379],[11.915912,57.617352],[11.915913,57.617308],[11.915917,57.617281],[11.915449,57.617311],[11.915427,57.617238],[11.915402,57.617166],[11.915385,57.617093],[11.915364,57.617021],[11.915341,57.616949],[11.915315,57.616878],[11.915286,57.616806],[11.915254,57.616735],[11.915219,57.616665],[11.915181,57.616595],[11.91514,57.616525],[11.915097,57.616456],[11.91505,57.616387],[11.915002,57.616319],[11.914989,57.616267],[11.914973,57.616214],[11.914955,57.616162],[11.914934,57.616111],[11.91491,57.61606],[11.914884,57.616008],[11.914855,57.615958],[11.914827,57.615906],[11.914796,57.615856],[11.914761,57.615805],[11.914725,57.615755],[11.914686,57.615706],[11.914644,57.615657],[11.914598,57.615609],[11.91455,57.615562],[11.9145,57.615516],[11.914448,57.615458],[11.914393,57.615401],[11.914335,57.615344],[11.914275,57.615289],[11.914212,57.615234],[11.914146,57.615179],[11.914079,57.615126],[11.914008,57.615074],[11.913935,57.615023],[11.91386,57.614973],[11.913782,57.614924],[11.913702,57.614875],[11.91362,57.614828],[11.913536,57.614782],[11.91345,57.614738],[11.913374,57.614678],[11.913296,57.61462],[11.913216,57.614563],[11.913133,57.614506],[11.913048,57.614451],[11.912961,57.614397],[11.912871,57.614343],[11.91278,57.614291],[11.912686,57.61424],[11.912589,57.61419],[11.912492,57.614141],[11.912391,57.614094],[11.91229,57.614047],[11.912185,57.614002],[11.91208,57.613958],[11.911983,57.61392],[11.911885,57.613883],[11.911785,57.613846],[11.911684,57.613811],[11.911581,57.613778],[11.911477,57.613745],[11.911372,57.613714],[11.911265,57.613684],[11.911157,57.613655],[11.911049,57.613628],[11.910938,57.613602],[11.910827,57.613577],[11.910715,57.613554],[11.910602,57.613532],[11.910488,57.613511],[11.910373,57.613491],[11.910258,57.613474],[11.910141,57.613457],[11.910024,57.613442],[11.909907,57.613428],[11.90981,57.613418],[11.909741,57.613349],[11.92064,57.611824],[11.921001,57.611779],[11.921456,57.611721],[11.923699,57.611437],[11.925052,57.611266],[11.926471,57.611088],[11.926467,57.610578],[11.927609,57.610425],[11.927653,57.610411],[11.927696,57.610395],[11.927736,57.610379],[11.927775,57.61036],[11.927812,57.610341],[11.927847,57.61032],[11.929279,57.60994],[11.929827,57.609634],[11.929718,57.609361],[11.929868,57.609327],[11.930266,57.608723],[11.930552,57.608603],[11.930816,57.608637],[11.931589,57.608895],[11.931888,57.608905],[11.931947,57.608765],[11.931963,57.608726],[11.93198,57.608411],[11.932058,57.608426],[11.932968,57.608596],[11.933051,57.608611],[11.933055,57.609134],[11.934075,57.609249],[11.934092,57.609623],[11.934484,57.609726],[11.934925,57.609803],[11.934935,57.609839],[11.935332,57.609786],[11.93542,57.609963],[11.936602,57.609814],[11.936658,57.609806],[11.936619,57.609781],[11.936898,57.609629],[11.937013,57.609603],[11.937933,57.609585],[11.938254,57.60955],[11.938441,57.609531],[11.938436,57.609576],[11.939183,57.609952],[11.939299,57.610002],[11.939615,57.610156],[11.942243,57.611425],[11.942554,57.611575],[11.942682,57.611637],[11.943142,57.61186],[11.943022,57.611955],[11.942491,57.612428],[11.942237,57.61269],[11.94158,57.613445],[11.941429,57.613678],[11.940704,57.614852],[11.940253,57.615581],[11.940173,57.615716],[11.939427,57.616989],[11.93862,57.618324],[11.938133,57.619152],[11.937489,57.620229],[11.936986,57.621053],[11.936039,57.622618],[11.935387,57.623683],[11.934952,57.624498],[11.934737,57.624959],[11.934171,57.626106],[11.933248,57.626007],[11.932557,57.626197]]]}},{"type":"Feature","properties":{"kod":"14800646","namn":"Sydvästra Göteborg, Hovås Norra"},"geometry":{"type":"Polygon","coordinates":[[[11.923003,57.636074],[11.922799,57.636108],[11.922232,57.636187],[11.921874,57.636242],[11.92157,57.636299],[11.921372,57.636],[11.921182,57.635618],[11.921126,57.635516],[11.92104,57.635275],[11.920966,57.634903],[11.920947,57.634626],[11.920993,57.634509],[11.921066,57.634377],[11.92128,57.634183],[11.921475,57.634039],[11.921711,57.633921],[11.922171,57.633718],[11.922529,57.633563],[11.923104,57.633323],[11.923341,57.633227],[11.923489,57.63316],[11.92359,57.633076],[11.923597,57.632972],[11.923516,57.632755],[11.923395,57.632452],[11.923296,57.632237],[11.923239,57.632055],[11.923067,57.631913],[11.922865,57.631797],[11.922704,57.631727],[11.922963,57.631511],[11.923118,57.631351],[11.923223,57.631233],[11.923348,57.630811],[11.923278,57.630357],[11.923208,57.630108],[11.923109,57.629867],[11.92299,57.62966],[11.922747,57.629396],[11.922622,57.629269],[11.92244,57.629176],[11.92193,57.62901],[11.921505,57.628914],[11.921197,57.62886],[11.920903,57.628782],[11.92038,57.62835],[11.92096,57.627706],[11.921037,57.627244],[11.92122,57.626987],[11.921324,57.626746],[11.921179,57.625988],[11.921832,57.625024],[11.921676,57.624456],[11.922421,57.623926],[11.922629,57.623764],[11.922711,57.623662],[11.922807,57.623545],[11.922847,57.623363],[11.922938,57.622965],[11.922974,57.622516],[11.927702,57.623854],[11.929596,57.624172],[11.930646,57.624349],[11.930404,57.625687],[11.931127,57.626101],[11.932557,57.626197],[11.933248,57.626007],[11.934171,57.626106],[11.935017,57.626303],[11.935467,57.626387],[11.936984,57.626458],[11.937368,57.626382],[11.937617,57.626249],[11.937983,57.626304],[11.938664,57.626558],[11.939314,57.626666],[11.939443,57.626472],[11.940578,57.625188],[11.942391,57.625725],[11.943715,57.625806],[11.945266,57.625901],[11.945166,57.626434],[11.944984,57.627038],[11.944917,57.627218],[11.944739,57.627485],[11.944605,57.627698],[11.944461,57.627897],[11.944381,57.628055],[11.944265,57.628254],[11.944228,57.628342],[11.944183,57.628508],[11.944139,57.628706],[11.944117,57.629036],[11.94412,57.629217],[11.944127,57.62941],[11.944179,57.629584],[11.944262,57.629652],[11.94451,57.629898],[11.944982,57.630336],[11.945345,57.630705],[11.94545,57.630833],[11.945601,57.631079],[11.945588,57.631288],[11.945537,57.631498],[11.945485,57.631682],[11.945484,57.631686],[11.943189,57.631255],[11.942616,57.631143],[11.942567,57.631077],[11.941256,57.630905],[11.94022,57.630817],[11.940028,57.631244],[11.938479,57.631136],[11.938899,57.630088],[11.937967,57.629881],[11.936384,57.629579],[11.935179,57.62941],[11.933966,57.629176],[11.933201,57.630232],[11.932223,57.63007],[11.932219,57.63008],[11.932041,57.630517],[11.931907,57.630822],[11.931808,57.631152],[11.931733,57.631525],[11.931642,57.632297],[11.931631,57.63248],[11.931553,57.633846],[11.931527,57.634689],[11.93154,57.634908],[11.931105,57.634958],[11.930889,57.634984],[11.929075,57.635196],[11.928938,57.634854],[11.928648,57.634915],[11.928583,57.634928],[11.928562,57.634926],[11.928564,57.634964],[11.928584,57.635235],[11.928613,57.635403],[11.928364,57.635426],[11.927986,57.63546],[11.927575,57.635502],[11.92714,57.635547],[11.926721,57.63559],[11.926287,57.635627],[11.925298,57.635723],[11.925375,57.635861],[11.925239,57.63583],[11.925164,57.635829],[11.925089,57.63583],[11.925013,57.635832],[11.924939,57.635836],[11.924864,57.635841],[11.92479,57.635848],[11.924717,57.635856],[11.924644,57.635866],[11.924571,57.635877],[11.9245,57.635889],[11.924429,57.635903],[11.92436,57.635918],[11.924291,57.635935],[11.924224,57.635954],[11.924154,57.635972],[11.924082,57.63599],[11.924009,57.636006],[11.923936,57.63602],[11.92386,57.636033],[11.923785,57.636044],[11.923708,57.636054],[11.923631,57.636062],[11.923553,57.636068],[11.923377,57.636085],[11.923322,57.636015],[11.923003,57.636074]]]}},{"type":"Feature","properties":{"kod":"14800647","namn":"Sydvästra Göteborg, Hult"},"geometry":{"type":"Polygon","coordinates":[[[11.932161,57.641844],[11.932389,57.64435],[11.931744,57.64466],[11.931725,57.644629],[11.93171,57.644619],[11.931635,57.64459],[11.931592,57.644579],[11.931548,57.644566],[11.931502,57.644553],[11.931456,57.644538],[11.931414,57.644521],[11.931365,57.644501],[11.931326,57.644484],[11.931301,57.644469],[11.931292,57.644437],[11.931295,57.644405],[11.931307,57.644369],[11.931314,57.64434],[11.931324,57.64432],[11.931323,57.644292],[11.931323,57.644268],[11.931329,57.644253],[11.931346,57.644237],[11.931367,57.644224],[11.931405,57.644211],[11.931433,57.644197],[11.931461,57.644183],[11.931483,57.644167],[11.931498,57.644149],[11.931504,57.644125],[11.931508,57.644097],[11.931498,57.644069],[11.931484,57.644046],[11.931469,57.644026],[11.93147,57.644016],[11.931478,57.644004],[11.931498,57.643992],[11.931529,57.643974],[11.93156,57.643951],[11.931584,57.643927],[11.9316,57.643889],[11.931555,57.643878],[11.930803,57.643729],[11.930754,57.643716],[11.930729,57.643705],[11.930707,57.643689],[11.930683,57.64367],[11.930611,57.643607],[11.93056,57.643567],[11.930498,57.643521],[11.930409,57.643474],[11.930386,57.643467],[11.93034,57.643452],[11.930179,57.643411],[11.930078,57.6434],[11.930043,57.643396],[11.929975,57.643384],[11.92993,57.643376],[11.9297,57.643337],[11.929661,57.643329],[11.929605,57.643318],[11.929566,57.643312],[11.929525,57.643304],[11.929463,57.64329],[11.929422,57.643276],[11.929406,57.64327],[11.929363,57.643246],[11.929292,57.643187],[11.92928,57.643173],[11.929253,57.643142],[11.929162,57.643077],[11.929086,57.643029],[11.929064,57.643004],[11.929048,57.642983],[11.929039,57.642969],[11.929028,57.64295],[11.929017,57.64292],[11.929012,57.642854],[11.929012,57.642824],[11.929015,57.642758],[11.928998,57.642651],[11.928989,57.642563],[11.928954,57.642371],[11.928936,57.642299],[11.928924,57.642258],[11.928913,57.642219],[11.928905,57.642192],[11.928894,57.642151],[11.928888,57.642139],[11.928891,57.642128],[11.928898,57.642122],[11.928908,57.642113],[11.928924,57.642104],[11.928935,57.642098],[11.928951,57.642093],[11.928959,57.64209],[11.928978,57.642084],[11.929004,57.64208],[11.929036,57.642076],[11.929065,57.642073],[11.929105,57.642068],[11.929162,57.64206],[11.929208,57.642052],[11.929245,57.642045],[11.929286,57.642036],[11.929323,57.642028],[11.929364,57.642017],[11.929392,57.642009],[11.929424,57.641999],[11.929458,57.641986],[11.929489,57.641973],[11.929512,57.641961],[11.92953,57.641949],[11.929542,57.641941],[11.929549,57.641932],[11.929555,57.641924],[11.92957,57.641909],[11.929578,57.641893],[11.929583,57.641877],[11.929579,57.641861],[11.929573,57.641844],[11.929567,57.641835],[11.929561,57.641825],[11.929553,57.641818],[11.92953,57.641802],[11.929496,57.641774],[11.929475,57.641757],[11.92945,57.641738],[11.929436,57.641727],[11.92942,57.641716],[11.929408,57.641709],[11.929393,57.641705],[11.929375,57.641703],[11.929334,57.641703],[11.929277,57.641705],[11.929235,57.641711],[11.929185,57.641716],[11.92915,57.641718],[11.929095,57.641717],[11.929055,57.641712],[11.929026,57.641708],[11.928992,57.641704],[11.928947,57.641695],[11.928906,57.641686],[11.928877,57.641675],[11.928848,57.641667],[11.928811,57.641655],[11.928774,57.641641],[11.928732,57.641616],[11.928701,57.641602],[11.928658,57.641583],[11.928622,57.64157],[11.928569,57.641556],[11.928526,57.641545],[11.928475,57.641536],[11.928418,57.641528],[11.928349,57.641523],[11.928306,57.641521],[11.928263,57.64152],[11.928227,57.641519],[11.928204,57.64152],[11.928175,57.64152],[11.928153,57.641521],[11.928122,57.64152],[11.928095,57.64152],[11.92807,57.641516],[11.928038,57.641512],[11.928008,57.641509],[11.927981,57.641504],[11.927954,57.641497],[11.927924,57.641487],[11.927898,57.641475],[11.927871,57.641459],[11.927851,57.641445],[11.927833,57.641427],[11.927818,57.641415],[11.927792,57.641391],[11.927773,57.641366],[11.927757,57.641351],[11.927742,57.641332],[11.927727,57.641316],[11.927708,57.641299],[11.927692,57.641285],[11.927677,57.641273],[11.927658,57.641261],[11.927641,57.64125],[11.927617,57.641237],[11.927581,57.641222],[11.927521,57.6412],[11.927424,57.641172],[11.927329,57.641155],[11.927231,57.641138],[11.927119,57.641112],[11.927033,57.64109],[11.926928,57.64106],[11.926845,57.641033],[11.926812,57.64102],[11.926628,57.640941],[11.92638,57.640821],[11.926027,57.64068],[11.925798,57.64058],[11.925688,57.640526],[11.925554,57.640443],[11.925529,57.64043],[11.925501,57.64042],[11.925442,57.6404],[11.925343,57.640366],[11.924974,57.640222],[11.924935,57.64021],[11.924899,57.640199],[11.92484,57.640183],[11.924771,57.640166],[11.924719,57.640153],[11.924635,57.640134],[11.924569,57.640117],[11.924513,57.640099],[11.924454,57.640077],[11.924391,57.640054],[11.924281,57.640019],[11.924211,57.640003],[11.924116,57.639983],[11.924026,57.639967],[11.923955,57.639956],[11.923894,57.639948],[11.923846,57.639945],[11.923781,57.63994],[11.923641,57.639934],[11.922559,57.639725],[11.922491,57.639711],[11.922378,57.639694],[11.922245,57.639689],[11.922088,57.639697],[11.922056,57.639697],[11.921909,57.639683],[11.921091,57.63967],[11.920409,57.639658],[11.920174,57.639647],[11.919754,57.639609],[11.919371,57.639528],[11.919065,57.639443],[11.918897,57.639382],[11.917986,57.638911],[11.917557,57.638717],[11.917315,57.638626],[11.916396,57.638277],[11.916044,57.638181],[11.91561,57.638045],[11.915421,57.637972],[11.914747,57.637663],[11.914483,57.637496],[11.914108,57.637063],[11.913518,57.636834],[11.913328,57.636761],[11.913267,57.636737],[11.913071,57.636634],[11.911225,57.635664],[11.91166,57.635324],[11.9114,57.63507],[11.911349,57.635034],[11.910979,57.634772],[11.910604,57.634586],[11.909966,57.634326],[11.909876,57.634273],[11.909706,57.633994],[11.909598,57.633611],[11.909472,57.632861],[11.909269,57.632306],[11.909063,57.631993],[11.908874,57.631731],[11.908615,57.630938],[11.908544,57.630664],[11.908563,57.630472],[11.908687,57.629925],[11.908724,57.629807],[11.908774,57.629641],[11.908868,57.629349],[11.908959,57.629077],[11.909203,57.62877],[11.909583,57.628344],[11.909754,57.628122],[11.910014,57.627609],[11.910265,57.627021],[11.910493,57.626553],[11.910555,57.626425],[11.911532,57.624615],[11.911544,57.623659],[11.911372,57.62346],[11.910525,57.622479],[11.911211,57.621148],[11.911287,57.621093],[11.911363,57.621041],[11.911442,57.620991],[11.911522,57.620942],[11.911616,57.620887],[11.911637,57.620874],[11.911654,57.620863],[11.91168,57.620851],[11.911705,57.620837],[11.911758,57.620811],[11.911789,57.620791],[11.911817,57.620774],[11.911859,57.620755],[11.911895,57.620737],[11.911937,57.620716],[11.911973,57.620701],[11.912017,57.620682],[11.91206,57.620661],[11.912111,57.620639],[11.912168,57.620613],[11.912213,57.620593],[11.912261,57.620574],[11.912313,57.620553],[11.912345,57.620537],[11.912374,57.620525],[11.912407,57.620508],[11.912435,57.620497],[11.912466,57.620481],[11.912511,57.620464],[11.912554,57.620447],[11.912589,57.620436],[11.912627,57.62042],[11.912665,57.620408],[11.912702,57.620394],[11.912755,57.620375],[11.912794,57.620362],[11.91284,57.620347],[11.912886,57.620329],[11.912925,57.620318],[11.912975,57.620302],[11.913029,57.620286],[11.91309,57.620265],[11.913156,57.62024],[11.913228,57.620218],[11.913284,57.6202],[11.913295,57.620199],[11.914094,57.620032],[11.914328,57.619989],[11.914383,57.61998],[11.914432,57.61997],[11.914487,57.61996],[11.914535,57.61995],[11.914558,57.619943],[11.914617,57.619931],[11.914693,57.619915],[11.914768,57.619904],[11.914834,57.619897],[11.91489,57.619892],[11.914948,57.619885],[11.915011,57.619878],[11.915062,57.619871],[11.915105,57.619866],[11.915141,57.61986],[11.915183,57.619856],[11.915264,57.619847],[11.915311,57.619843],[11.915357,57.619841],[11.915427,57.619836],[11.915522,57.619831],[11.915543,57.619831],[11.915585,57.619827],[11.915659,57.61982],[11.915748,57.619813],[11.915809,57.619811],[11.915924,57.619808],[11.915982,57.619805],[11.916047,57.619802],[11.916114,57.619799],[11.916186,57.619799],[11.916252,57.619795],[11.916327,57.619795],[11.916414,57.619795],[11.916497,57.619795],[11.916587,57.619794],[11.916649,57.619796],[11.916739,57.619797],[11.916837,57.619797],[11.916913,57.6198],[11.916963,57.619805],[11.91704,57.619811],[11.91713,57.619816],[11.9172,57.619822],[11.917288,57.619833],[11.917353,57.619839],[11.917359,57.61984],[11.917386,57.619841],[11.917421,57.61984],[11.919669,57.62083],[11.921622,57.621343],[11.922154,57.621505],[11.922432,57.621846],[11.922676,57.622142],[11.922974,57.622516],[11.922938,57.622965],[11.922847,57.623363],[11.922807,57.623545],[11.922711,57.623662],[11.922629,57.623764],[11.922421,57.623926],[11.921676,57.624456],[11.921832,57.625024],[11.921179,57.625988],[11.921324,57.626746],[11.92122,57.626987],[11.921037,57.627244],[11.92096,57.627706],[11.92038,57.62835],[11.920903,57.628782],[11.921197,57.62886],[11.921505,57.628914],[11.92193,57.62901],[11.92244,57.629176],[11.922622,57.629269],[11.922747,57.629396],[11.92299,57.62966],[11.923109,57.629867],[11.923208,57.630108],[11.923278,57.630357],[11.923348,57.630811],[11.923223,57.631233],[11.923118,57.631351],[11.922963,57.631511],[11.922704,57.631727],[11.922865,57.631797],[11.923067,57.631913],[11.923239,57.632055],[11.923296,57.632237],[11.923395,57.632452],[11.923516,57.632755],[11.923597,57.632972],[11.92359,57.633076],[11.923489,57.63316],[11.923341,57.633227],[11.923104,57.633323],[11.922529,57.633563],[11.922171,57.633718],[11.921711,57.633921],[11.921475,57.634039],[11.92128,57.634183],[11.921066,57.634377],[11.920993,57.634509],[11.920947,57.634626],[11.920966,57.634903],[11.92104,57.635275],[11.921126,57.635516],[11.921182,57.635618],[11.921372,57.636],[11.92157,57.636299],[11.921874,57.636242],[11.922232,57.636187],[11.922799,57.636108],[11.923003,57.636074],[11.923322,57.636015],[11.923377,57.636085],[11.923553,57.636068],[11.923631,57.636062],[11.923708,57.636054],[11.923785,57.636044],[11.92386,57.636033],[11.923936,57.63602],[11.924009,57.636006],[11.924082,57.63599],[11.924154,57.635972],[11.924224,57.635954],[11.924291,57.635935],[11.92436,57.635918],[11.924429,57.635903],[11.9245,57.635889],[11.924571,57.635877],[11.924644,57.635866],[11.924717,57.635856],[11.92479,57.635848],[11.924864,57.635841],[11.924939,57.635836],[11.925013,57.635832],[11.925089,57.63583],[11.925164,57.635829],[11.925239,57.63583],[11.925375,57.635861],[11.925298,57.635723],[11.926287,57.635627],[11.926721,57.63559],[11.92714,57.635547],[11.927575,57.635502],[11.927986,57.63546],[11.928364,57.635426],[11.928613,57.635403],[11.928584,57.635235],[11.928564,57.634964],[11.928562,57.634926],[11.928583,57.634928],[11.928648,57.634915],[11.928938,57.634854],[11.929075,57.635196],[11.930889,57.634984],[11.931105,57.634958],[11.93154,57.634908],[11.931608,57.635993],[11.931656,57.636306],[11.931796,57.637025],[11.931864,57.637473],[11.931938,57.638479],[11.931967,57.639225],[11.931985,57.639506],[11.932024,57.640139],[11.932053,57.64061],[11.932161,57.641844]]]}},{"type":"Feature","properties":{"kod":"14800701","namn":"Västra Göteborg, Långedrag Västra"},"geometry":{"type":"Polygon","coordinates":[[[11.866626,57.685739],[11.866612,57.685738],[11.866499,57.68573],[11.866385,57.685723],[11.866271,57.685718],[11.866157,57.685714],[11.866043,57.685712],[11.865928,57.685711],[11.865814,57.685712],[11.857347,57.685743],[11.848352,57.685777],[11.848245,57.685752],[11.848137,57.685729],[11.848029,57.685707],[11.847919,57.685686],[11.847808,57.685666],[11.847696,57.685649],[11.847584,57.685632],[11.847471,57.685618],[11.847358,57.685604],[11.847243,57.685593],[11.847128,57.685582],[11.847013,57.685574],[11.846897,57.685566],[11.846781,57.685561],[11.846665,57.685557],[11.84651,57.685552],[11.846356,57.68555],[11.846202,57.685548],[11.846047,57.685548],[11.845892,57.68555],[11.845738,57.685554],[11.845584,57.685558],[11.845429,57.685564],[11.845276,57.685572],[11.845122,57.685581],[11.844969,57.685592],[11.844815,57.685603],[11.844663,57.685617],[11.844656,57.685692],[11.844647,57.685767],[11.844635,57.685842],[11.844619,57.685917],[11.844601,57.685992],[11.844581,57.686066],[11.844557,57.686141],[11.84453,57.686215],[11.844502,57.686288],[11.84447,57.686362],[11.844435,57.686434],[11.844398,57.686507],[11.844357,57.686579],[11.844314,57.686651],[11.844269,57.686722],[11.844221,57.686793],[11.84417,57.686863],[11.844116,57.686933],[11.84406,57.687002],[11.844033,57.687063],[11.844002,57.687123],[11.843969,57.687183],[11.843933,57.687242],[11.843894,57.687301],[11.843853,57.68736],[11.843809,57.687417],[11.843763,57.687474],[11.843714,57.687531],[11.843662,57.687587],[11.843608,57.687642],[11.843551,57.687697],[11.843492,57.687751],[11.84344,57.687819],[11.843385,57.687888],[11.843328,57.687955],[11.843267,57.688022],[11.843204,57.688088],[11.843139,57.688153],[11.843071,57.688218],[11.843001,57.688282],[11.842927,57.688344],[11.842851,57.688406],[11.842773,57.688467],[11.842693,57.688528],[11.842609,57.688587],[11.842524,57.688645],[11.842447,57.688697],[11.842368,57.688748],[11.842286,57.688798],[11.842202,57.688846],[11.842116,57.688894],[11.842028,57.688941],[11.841938,57.688986],[11.841846,57.689031],[11.841753,57.689074],[11.841657,57.689116],[11.84156,57.689157],[11.84146,57.689196],[11.841359,57.689234],[11.841256,57.689271],[11.841152,57.689307],[11.841046,57.689341],[11.840939,57.689374],[11.84083,57.689406],[11.840676,57.68975],[11.837023,57.689922],[11.836006,57.688339],[11.835896,57.687652],[11.835976,57.686688],[11.835801,57.686228],[11.835072,57.685754],[11.834484,57.685275],[11.833884,57.684871],[11.832788,57.683858],[11.824974,57.680564],[11.819508,57.678241],[11.819562,57.678186],[11.821917,57.676102],[11.821447,57.675767],[11.820299,57.674952],[11.821155,57.673522],[11.822033,57.669801],[11.822347,57.6684],[11.823317,57.665881],[11.823068,57.664992],[11.822257,57.662106],[11.822328,57.662052],[11.822396,57.661998],[11.822462,57.661944],[11.822526,57.661888],[11.822586,57.661831],[11.822644,57.661774],[11.822706,57.661719],[11.822766,57.661664],[11.822823,57.661607],[11.822878,57.66155],[11.822929,57.661493],[11.822979,57.661434],[11.823026,57.661375],[11.82307,57.661316],[11.823112,57.661255],[11.823151,57.661195],[11.823196,57.661135],[11.823239,57.661075],[11.823279,57.661014],[11.823317,57.660952],[11.823352,57.660891],[11.823384,57.660828],[11.823413,57.660766],[11.823439,57.660702],[11.823463,57.660639],[11.823483,57.660575],[11.823501,57.660512],[11.823516,57.660448],[11.82353,57.660386],[11.823541,57.660324],[11.82355,57.660262],[11.823555,57.6602],[11.823559,57.660138],[11.823559,57.660075],[11.823557,57.660013],[11.823552,57.659951],[11.823545,57.659889],[11.823534,57.659827],[11.823521,57.659765],[11.823506,57.659704],[11.823488,57.659642],[11.823467,57.659581],[11.823444,57.65952],[11.823417,57.659459],[11.823415,57.659396],[11.823409,57.659333],[11.823401,57.659271],[11.823391,57.659208],[11.823377,57.659146],[11.82336,57.659083],[11.823341,57.659021],[11.823247,57.658963],[11.824335,57.654959],[11.824228,57.654922],[11.824123,57.654883],[11.82402,57.654844],[11.823918,57.654803],[11.823818,57.654761],[11.823719,57.654718],[11.823623,57.654674],[11.823528,57.654628],[11.823435,57.654582],[11.823344,57.654534],[11.823255,57.654486],[11.823167,57.654436],[11.823082,57.654386],[11.823,57.654334],[11.822918,57.654282],[11.822839,57.654228],[11.822762,57.654174],[11.822687,57.654119],[11.822615,57.654063],[11.822545,57.654006],[11.822477,57.653949],[11.822412,57.65389],[11.822349,57.653831],[11.822287,57.653771],[11.822229,57.653711],[11.822173,57.65365],[11.82212,57.653588],[11.822069,57.653525],[11.82202,57.653462],[11.821975,57.653399],[11.821932,57.653335],[11.82189,57.65327],[11.821852,57.653205],[11.821817,57.65314],[11.821784,57.653074],[11.821753,57.653008],[11.821725,57.652941],[11.8217,57.652875],[11.821678,57.652808],[11.821659,57.65274],[11.821642,57.652673],[11.821627,57.652605],[11.821616,57.652537],[11.821607,57.652469],[11.821601,57.652401],[11.821598,57.652333],[11.821597,57.652265],[11.821599,57.652197],[11.821605,57.652129],[11.821612,57.652061],[11.821623,57.651993],[11.821635,57.651925],[11.821633,57.651856],[11.821635,57.651786],[11.821639,57.651716],[11.821645,57.651646],[11.82165,57.65161],[11.825286,57.65163],[11.831003,57.652428],[11.838203,57.653796],[11.841386,57.654492],[11.841785,57.65467],[11.843989,57.655583],[11.847706,57.658283],[11.848663,57.658914],[11.849108,57.659209],[11.850128,57.659529],[11.850719,57.659965],[11.852389,57.661593],[11.853307,57.662347],[11.853637,57.662571],[11.854514,57.66316],[11.854864,57.663396],[11.855268,57.663604],[11.855792,57.663875],[11.856543,57.664272],[11.856867,57.664432],[11.856837,57.664508],[11.856754,57.664713],[11.856691,57.664868],[11.856643,57.664986],[11.856626,57.665031],[11.856596,57.665105],[11.856078,57.666162],[11.855787,57.666755],[11.85568,57.667256],[11.855912,57.668239],[11.855828,57.66879],[11.85574,57.669374],[11.855974,57.669385],[11.85601,57.669563],[11.856244,57.66964],[11.85699,57.669714],[11.858271,57.669446],[11.858409,57.669442],[11.859122,57.669528],[11.859337,57.669621],[11.859631,57.66995],[11.859769,57.67001],[11.859987,57.670048],[11.861912,57.67021],[11.862248,57.670259],[11.86294,57.670457],[11.863733,57.670705],[11.864,57.670858],[11.864226,57.671088],[11.864541,57.671462],[11.863075,57.671834],[11.860186,57.672552],[11.860202,57.672821],[11.860098,57.673342],[11.859822,57.673411],[11.859486,57.673537],[11.859955,57.673798],[11.860364,57.673811],[11.86416,57.674302],[11.864653,57.674545],[11.865811,57.674877],[11.868284,57.675969],[11.86826,57.677169],[11.868243,57.677185],[11.868228,57.677201],[11.868215,57.677219],[11.868205,57.677236],[11.868107,57.677318],[11.868123,57.677371],[11.868152,57.677373],[11.868251,57.677415],[11.868271,57.677431],[11.868294,57.677447],[11.868389,57.677511],[11.868448,57.677572],[11.868504,57.677643],[11.868584,57.677759],[11.868709,57.677961],[11.868833,57.678168],[11.868928,57.67815],[11.868892,57.67809],[11.868924,57.678055],[11.869039,57.678033],[11.869004,57.677982],[11.86928,57.677929],[11.869554,57.678374],[11.869649,57.678524],[11.869671,57.678552],[11.869695,57.678579],[11.869722,57.678605],[11.869752,57.67863],[11.869784,57.678655],[11.869818,57.678679],[11.869855,57.678701],[11.869893,57.678723],[11.869934,57.678743],[11.869978,57.678763],[11.870022,57.678781],[11.870068,57.678798],[11.870123,57.678817],[11.870178,57.678834],[11.870235,57.678851],[11.870293,57.678866],[11.870352,57.678879],[11.870413,57.678892],[11.870475,57.678903],[11.870537,57.678912],[11.870599,57.678921],[11.870663,57.678927],[11.870727,57.678932],[11.870792,57.678936],[11.870856,57.678938],[11.870921,57.678939],[11.870985,57.678938],[11.87105,57.678936],[11.871056,57.679051],[11.871073,57.679323],[11.871075,57.679367],[11.871464,57.679345],[11.871543,57.679351],[11.871578,57.679633],[11.870885,57.680233],[11.870504,57.680796],[11.870039,57.680664],[11.868817,57.682544],[11.866626,57.685739]]]}},{"type":"Feature","properties":{"kod":"14800702","namn":"Västra Göteborg, Långedrag Östra"},"geometry":{"type":"Polygon","coordinates":[[[11.873412,57.669884],[11.873273,57.670189],[11.873304,57.670521],[11.873127,57.670936],[11.873409,57.671194],[11.872999,57.671474],[11.873088,57.6716],[11.872915,57.67184],[11.872104,57.672015],[11.871243,57.672353],[11.870901,57.672752],[11.870555,57.673394],[11.87082,57.673885],[11.871069,57.674602],[11.870839,57.675414],[11.869168,57.675742],[11.868284,57.675969],[11.865811,57.674877],[11.864653,57.674545],[11.86416,57.674302],[11.860364,57.673811],[11.859955,57.673798],[11.859486,57.673537],[11.859822,57.673411],[11.860098,57.673342],[11.860202,57.672821],[11.860186,57.672552],[11.863075,57.671834],[11.864541,57.671462],[11.864226,57.671088],[11.864,57.670858],[11.863733,57.670705],[11.86294,57.670457],[11.862248,57.670259],[11.861912,57.67021],[11.859987,57.670048],[11.859769,57.67001],[11.859631,57.66995],[11.859337,57.669621],[11.859122,57.669528],[11.858409,57.669442],[11.858271,57.669446],[11.85699,57.669714],[11.856244,57.66964],[11.85601,57.669563],[11.855974,57.669385],[11.85574,57.669374],[11.855828,57.66879],[11.855912,57.668239],[11.85568,57.667256],[11.855787,57.666755],[11.856078,57.666162],[11.85831,57.666368],[11.858319,57.666341],[11.858709,57.666377],[11.858994,57.666403],[11.859052,57.666408],[11.859399,57.666441],[11.859476,57.666447],[11.859618,57.666461],[11.859771,57.666472],[11.860008,57.66649],[11.860058,57.666494],[11.860109,57.66649],[11.860571,57.666455],[11.860917,57.666322],[11.861618,57.666378],[11.861721,57.665963],[11.861886,57.665143],[11.862009,57.664297],[11.863754,57.664631],[11.865228,57.664975],[11.866644,57.665502],[11.867193,57.666055],[11.866479,57.666301],[11.865784,57.666843],[11.866416,57.667005],[11.86708,57.667175],[11.867962,57.667415],[11.868334,57.667628],[11.86813,57.668001],[11.869114,57.668221],[11.869657,57.668292],[11.8702,57.668327],[11.870662,57.668349],[11.871667,57.668341],[11.87195,57.668337],[11.871681,57.669121],[11.871576,57.669391],[11.87173,57.669433],[11.873412,57.669884]]]}},{"type":"Feature","properties":{"kod":"14800703","namn":"Västra Göteborg, Tångudden"},"geometry":{"type":"Polygon","coordinates":[[[11.879093,57.678274],[11.879081,57.678304],[11.87905,57.67838],[11.878962,57.678595],[11.878891,57.678772],[11.878819,57.678949],[11.8788,57.678993],[11.878331,57.678988],[11.878323,57.679176],[11.878315,57.679365],[11.878466,57.679367],[11.878351,57.679569],[11.878261,57.679726],[11.878172,57.679882],[11.878103,57.680004],[11.87808,57.680042],[11.878042,57.68011],[11.878175,57.680123],[11.878335,57.680138],[11.878256,57.680337],[11.878015,57.680924],[11.877902,57.681199],[11.877711,57.68167],[11.877082,57.683127],[11.876946,57.683447],[11.877036,57.683581],[11.87697,57.683709],[11.876626,57.683937],[11.868966,57.686283],[11.868882,57.686248],[11.868782,57.686209],[11.86868,57.686171],[11.868577,57.686134],[11.868472,57.686099],[11.868365,57.686065],[11.868256,57.686033],[11.868147,57.686001],[11.868035,57.685972],[11.867923,57.685944],[11.867819,57.68592],[11.867713,57.685896],[11.867606,57.685874],[11.867499,57.685854],[11.86739,57.685834],[11.867281,57.685817],[11.867171,57.6858],[11.86706,57.685785],[11.866949,57.685771],[11.866837,57.685759],[11.866725,57.685748],[11.866626,57.685739],[11.868817,57.682544],[11.870039,57.680664],[11.870504,57.680796],[11.870885,57.680233],[11.871578,57.679633],[11.871543,57.679351],[11.871464,57.679345],[11.871075,57.679367],[11.871073,57.679323],[11.871056,57.679051],[11.87105,57.678936],[11.870985,57.678938],[11.870921,57.678939],[11.870856,57.678938],[11.870792,57.678936],[11.870727,57.678932],[11.870663,57.678927],[11.870599,57.678921],[11.870537,57.678912],[11.870475,57.678903],[11.870413,57.678892],[11.870352,57.678879],[11.870293,57.678866],[11.870235,57.678851],[11.870178,57.678834],[11.870123,57.678817],[11.870068,57.678798],[11.870022,57.678781],[11.869978,57.678763],[11.869934,57.678743],[11.869893,57.678723],[11.869855,57.678701],[11.869818,57.678679],[11.869784,57.678655],[11.869752,57.67863],[11.869722,57.678605],[11.869695,57.678579],[11.869671,57.678552],[11.869649,57.678524],[11.869554,57.678374],[11.86928,57.677929],[11.869004,57.677982],[11.869039,57.678033],[11.868924,57.678055],[11.868892,57.67809],[11.868928,57.67815],[11.868833,57.678168],[11.868709,57.677961],[11.868584,57.677759],[11.868504,57.677643],[11.868448,57.677572],[11.868389,57.677511],[11.868294,57.677447],[11.868271,57.677431],[11.868251,57.677415],[11.868152,57.677373],[11.868123,57.677371],[11.868107,57.677318],[11.868205,57.677236],[11.868215,57.677219],[11.868228,57.677201],[11.868243,57.677185],[11.86826,57.677169],[11.868284,57.675969],[11.869168,57.675742],[11.870839,57.675414],[11.871069,57.674602],[11.87082,57.673885],[11.870555,57.673394],[11.870901,57.672752],[11.871243,57.672353],[11.872104,57.672015],[11.872915,57.67184],[11.873088,57.6716],[11.872999,57.671474],[11.873409,57.671194],[11.873127,57.670936],[11.873304,57.670521],[11.873273,57.670189],[11.873412,57.669884],[11.87615,57.67062],[11.87671,57.670768],[11.877063,57.670877],[11.877417,57.67101],[11.877724,57.671149],[11.878032,57.671314],[11.878337,57.671506],[11.878602,57.671718],[11.87952,57.67251],[11.87903,57.672822],[11.879093,57.673243],[11.879173,57.67366],[11.879351,57.673951],[11.879099,57.67399],[11.878775,57.673868],[11.878346,57.673742],[11.877941,57.673798],[11.878021,57.674045],[11.878081,57.675296],[11.878373,57.675531],[11.878802,57.675701],[11.877631,57.676168],[11.87801,57.67662],[11.877588,57.676742],[11.878782,57.678093],[11.879093,57.678274]]]}},{"type":"Feature","properties":{"kod":"14800704","namn":"Västra Göteborg, Hagen Norra"},"geometry":{"type":"Polygon","coordinates":[[[11.885413,57.679312],[11.885022,57.679815],[11.88417,57.680214],[11.881696,57.677923],[11.880339,57.678285],[11.879093,57.678274],[11.878782,57.678093],[11.877588,57.676742],[11.87801,57.67662],[11.877631,57.676168],[11.878802,57.675701],[11.878373,57.675531],[11.878081,57.675296],[11.878021,57.674045],[11.877941,57.673798],[11.878346,57.673742],[11.878775,57.673868],[11.879099,57.67399],[11.879351,57.673951],[11.879173,57.67366],[11.879093,57.673243],[11.87903,57.672822],[11.87952,57.67251],[11.880707,57.673534],[11.881028,57.673784],[11.881327,57.673969],[11.881616,57.674126],[11.88165,57.674141],[11.882938,57.674479],[11.885157,57.674937],[11.886267,57.675142],[11.88779,57.675534],[11.88962,57.67614],[11.89124,57.676636],[11.892034,57.676889],[11.893038,57.677207],[11.89354,57.677372],[11.893694,57.677407],[11.893864,57.677545],[11.895508,57.67808],[11.894988,57.678665],[11.894837,57.678623],[11.8948,57.678677],[11.894521,57.678651],[11.894221,57.678624],[11.893497,57.67856],[11.893073,57.678535],[11.892665,57.678539],[11.892382,57.67856],[11.892094,57.678582],[11.891756,57.678651],[11.89115,57.678774],[11.890841,57.67883],[11.890657,57.67886],[11.890442,57.678881],[11.889832,57.67892],[11.889631,57.678971],[11.888256,57.678984],[11.887066,57.678746],[11.886208,57.678689],[11.885911,57.678667],[11.885366,57.678634],[11.885413,57.679312]]]}},{"type":"Feature","properties":{"kod":"14800705","namn":"Västra Göteborg, Nya Varvet"},"geometry":{"type":"Polygon","coordinates":[[[11.877294,57.688175],[11.877176,57.688187],[11.877059,57.688201],[11.876941,57.688216],[11.876825,57.688232],[11.87671,57.688251],[11.876595,57.68827],[11.876481,57.688291],[11.876369,57.688314],[11.871666,57.689286],[11.870952,57.688081],[11.870695,57.687653],[11.870659,57.687591],[11.870621,57.687531],[11.87058,57.68747],[11.870536,57.68741],[11.870491,57.687351],[11.870442,57.687293],[11.870391,57.687235],[11.870337,57.687177],[11.870281,57.68712],[11.870223,57.687065],[11.870162,57.68701],[11.870099,57.686955],[11.870032,57.686902],[11.869965,57.686849],[11.869895,57.686797],[11.869822,57.686746],[11.869747,57.686695],[11.869671,57.686646],[11.869592,57.686598],[11.86951,57.686551],[11.869428,57.686505],[11.869342,57.68646],[11.869256,57.686416],[11.869166,57.686373],[11.869076,57.686331],[11.868979,57.686289],[11.868966,57.686283],[11.876626,57.683937],[11.87697,57.683709],[11.877036,57.683581],[11.876946,57.683447],[11.877082,57.683127],[11.877711,57.68167],[11.877902,57.681199],[11.878015,57.680924],[11.878256,57.680337],[11.878335,57.680138],[11.878175,57.680123],[11.878042,57.68011],[11.87808,57.680042],[11.878103,57.680004],[11.878172,57.679882],[11.878261,57.679726],[11.878351,57.679569],[11.878466,57.679367],[11.878315,57.679365],[11.878323,57.679176],[11.878331,57.678988],[11.8788,57.678993],[11.878819,57.678949],[11.878891,57.678772],[11.878962,57.678595],[11.87905,57.67838],[11.879081,57.678304],[11.879093,57.678274],[11.880339,57.678285],[11.881696,57.677923],[11.88417,57.680214],[11.885022,57.679815],[11.885413,57.679312],[11.885366,57.678634],[11.885911,57.678667],[11.886208,57.678689],[11.887066,57.678746],[11.888256,57.678984],[11.889631,57.678971],[11.889832,57.67892],[11.890442,57.678881],[11.890657,57.67886],[11.890841,57.67883],[11.89115,57.678774],[11.891756,57.678651],[11.892094,57.678582],[11.892382,57.67856],[11.892665,57.678539],[11.893073,57.678535],[11.893497,57.67856],[11.894221,57.678624],[11.894521,57.678651],[11.8948,57.678677],[11.894837,57.678623],[11.894988,57.678665],[11.895111,57.678699],[11.895161,57.678651],[11.898112,57.678727],[11.899031,57.679142],[11.900843,57.679744],[11.900829,57.679813],[11.900696,57.679924],[11.900661,57.679956],[11.900371,57.679845],[11.899881,57.68035],[11.901142,57.680836],[11.901908,57.681158],[11.902561,57.68149],[11.902754,57.681606],[11.90255,57.681625],[11.897025,57.68215],[11.893874,57.682456],[11.89389,57.682486],[11.897033,57.686994],[11.893934,57.68885],[11.893236,57.688649],[11.892562,57.688569],[11.890077,57.687385],[11.889548,57.687337],[11.884522,57.688253],[11.881948,57.688722],[11.877511,57.688185],[11.877413,57.688164],[11.877294,57.688175]]]}},{"type":"Feature","properties":{"kod":"14800706","namn":"Västra Göteborg, Kungsten"},"geometry":{"type":"Polygon","coordinates":[[[11.906521,57.680149],[11.90596,57.680206],[11.904991,57.680312],[11.904826,57.680491],[11.904694,57.680573],[11.905119,57.680783],[11.905168,57.680807],[11.905215,57.680834],[11.90526,57.68086],[11.905304,57.680888],[11.905345,57.680917],[11.905384,57.680946],[11.905788,57.681318],[11.902754,57.681606],[11.902561,57.68149],[11.901908,57.681158],[11.901142,57.680836],[11.899881,57.68035],[11.900371,57.679845],[11.900661,57.679956],[11.900696,57.679924],[11.900829,57.679813],[11.900843,57.679744],[11.899031,57.679142],[11.898112,57.678727],[11.895161,57.678651],[11.895111,57.678699],[11.894988,57.678665],[11.895508,57.67808],[11.893864,57.677545],[11.893694,57.677407],[11.89382,57.67724],[11.893805,57.677236],[11.893871,57.677154],[11.894039,57.676948],[11.894197,57.67676],[11.894351,57.676578],[11.894505,57.676396],[11.894656,57.676215],[11.894768,57.676083],[11.894809,57.676034],[11.894951,57.675866],[11.895766,57.675902],[11.89591,57.675442],[11.896274,57.675475],[11.896349,57.675476],[11.896409,57.67526],[11.896464,57.675067],[11.896518,57.67487],[11.896585,57.674627],[11.89695,57.674542],[11.89668,57.674212],[11.896588,57.673914],[11.896701,57.67269],[11.897107,57.672766],[11.897327,57.672867],[11.897964,57.673258],[11.898159,57.673383],[11.89848,57.673497],[11.898813,57.673533],[11.899071,57.673518],[11.899372,57.673411],[11.899492,57.673239],[11.899896,57.673212],[11.900413,57.673245],[11.900357,57.672703],[11.900035,57.672491],[11.899703,57.672273],[11.90091,57.672166],[11.901518,57.672133],[11.900958,57.672426],[11.900971,57.672501],[11.901034,57.672837],[11.901638,57.672806],[11.901645,57.672841],[11.901653,57.672877],[11.90375,57.672789],[11.903466,57.673437],[11.903309,57.673747],[11.903141,57.67398],[11.903064,57.67414],[11.902736,57.675039],[11.902675,57.675155],[11.902334,57.675351],[11.902239,57.67549],[11.902214,57.67562],[11.902243,57.675746],[11.902228,57.675876],[11.902204,57.67597],[11.90217,57.676054],[11.901956,57.676338],[11.901878,57.676477],[11.901859,57.676555],[11.901879,57.67666],[11.901862,57.676732],[11.901828,57.676839],[11.90174,57.676979],[11.901698,57.677119],[11.90169,57.67724],[11.901621,57.677356],[11.901489,57.677514],[11.901906,57.677608],[11.901947,57.677695],[11.902458,57.677738],[11.902874,57.677707],[11.903073,57.677593],[11.903124,57.677298],[11.903503,57.677356],[11.904299,57.677499],[11.905357,57.677681],[11.90521,57.677216],[11.905009,57.676629],[11.904943,57.676465],[11.904757,57.675969],[11.90522,57.675984],[11.906375,57.676061],[11.906442,57.675727],[11.906665,57.675563],[11.908788,57.675522],[11.909306,57.675603],[11.909377,57.675635],[11.909446,57.675667],[11.909848,57.675897],[11.910197,57.676026],[11.910294,57.676053],[11.910389,57.67608],[11.910829,57.676098],[11.912206,57.676058],[11.913161,57.675969],[11.913329,57.675953],[11.913364,57.675978],[11.913402,57.676002],[11.913442,57.676025],[11.913484,57.676047],[11.913528,57.676068],[11.913574,57.676087],[11.913621,57.676106],[11.913671,57.676123],[11.913722,57.676138],[11.913774,57.676152],[11.913827,57.676165],[11.913882,57.676177],[11.913948,57.676189],[11.914015,57.676199],[11.914082,57.676208],[11.914151,57.676215],[11.914219,57.676221],[11.914289,57.676225],[11.914358,57.676228],[11.914428,57.676229],[11.914497,57.676229],[11.914566,57.676227],[11.914636,57.676224],[11.914705,57.676219],[11.914773,57.676213],[11.914842,57.676205],[11.914908,57.676195],[11.914975,57.676185],[11.91504,57.676172],[11.915087,57.676792],[11.913977,57.677266],[11.913594,57.677475],[11.913101,57.677848],[11.91274,57.678394],[11.912475,57.678895],[11.912111,57.679268],[11.911409,57.679686],[11.910768,57.679913],[11.910014,57.680055],[11.909306,57.680101],[11.906521,57.680149]]]}},{"type":"Feature","properties":{"kod":"14800707","namn":"Västra Göteborg, Ekebäck"},"geometry":{"type":"Polygon","coordinates":[[[11.903073,57.677593],[11.902874,57.677707],[11.902458,57.677738],[11.901947,57.677695],[11.901906,57.677608],[11.901489,57.677514],[11.901621,57.677356],[11.90169,57.67724],[11.901698,57.677119],[11.90174,57.676979],[11.901828,57.676839],[11.901862,57.676732],[11.901879,57.67666],[11.901859,57.676555],[11.901878,57.676477],[11.901956,57.676338],[11.90217,57.676054],[11.902204,57.67597],[11.902228,57.675876],[11.902243,57.675746],[11.902214,57.67562],[11.902239,57.67549],[11.902334,57.675351],[11.902675,57.675155],[11.902736,57.675039],[11.903064,57.67414],[11.903141,57.67398],[11.903309,57.673747],[11.903466,57.673437],[11.90375,57.672789],[11.901653,57.672877],[11.901645,57.672841],[11.901638,57.672806],[11.901034,57.672837],[11.900971,57.672501],[11.900958,57.672426],[11.901518,57.672133],[11.90091,57.672166],[11.899703,57.672273],[11.900035,57.672491],[11.900357,57.672703],[11.900413,57.673245],[11.899896,57.673212],[11.899492,57.673239],[11.899372,57.673411],[11.899071,57.673518],[11.898813,57.673533],[11.89848,57.673497],[11.898159,57.673383],[11.897964,57.673258],[11.897327,57.672867],[11.897107,57.672766],[11.896701,57.67269],[11.896734,57.672326],[11.897124,57.671026],[11.897289,57.670343],[11.897361,57.669677],[11.897383,57.669471],[11.897372,57.66932],[11.897925,57.66926],[11.900368,57.669064],[11.900846,57.668999],[11.90172,57.668692],[11.902128,57.668963],[11.902472,57.668956],[11.903574,57.668835],[11.904808,57.668743],[11.905046,57.668729],[11.9055,57.668701],[11.905601,57.668414],[11.907794,57.668387],[11.907671,57.668584],[11.907969,57.668567],[11.908021,57.668938],[11.907218,57.668981],[11.906963,57.669272],[11.906867,57.669536],[11.906585,57.669556],[11.906564,57.669604],[11.906647,57.669641],[11.906663,57.669649],[11.906676,57.669657],[11.906685,57.669667],[11.906693,57.669677],[11.906697,57.669688],[11.906698,57.669699],[11.906696,57.66971],[11.90669,57.66972],[11.906667,57.669758],[11.906641,57.669796],[11.906611,57.669833],[11.906579,57.669867],[11.90655,57.669902],[11.906523,57.669938],[11.906501,57.669975],[11.906424,57.670198],[11.906385,57.670313],[11.906378,57.670326],[11.90637,57.670339],[11.906358,57.670352],[11.906345,57.670364],[11.906329,57.670375],[11.906312,57.670385],[11.906292,57.670394],[11.906271,57.670402],[11.906248,57.670409],[11.906359,57.670566],[11.906926,57.670597],[11.907021,57.670698],[11.907261,57.670953],[11.90717,57.670948],[11.907159,57.671002],[11.907151,57.671046],[11.907533,57.671068],[11.907735,57.671144],[11.908369,57.671384],[11.908392,57.671547],[11.90842,57.67174],[11.908458,57.671997],[11.908508,57.67234],[11.908543,57.672587],[11.910363,57.672696],[11.910562,57.672814],[11.912026,57.672691],[11.912376,57.673666],[11.913161,57.675969],[11.912206,57.676058],[11.910829,57.676098],[11.910389,57.67608],[11.910294,57.676053],[11.910197,57.676026],[11.909848,57.675897],[11.909446,57.675667],[11.909377,57.675635],[11.909306,57.675603],[11.908788,57.675522],[11.906665,57.675563],[11.906442,57.675727],[11.906375,57.676061],[11.90522,57.675984],[11.904757,57.675969],[11.904943,57.676465],[11.905009,57.676629],[11.90521,57.677216],[11.905357,57.677681],[11.904299,57.677499],[11.903503,57.677356],[11.903124,57.677298],[11.903073,57.677593]]]}},{"type":"Feature","properties":{"kod":"14800708","namn":"Västra Göteborg, Hagen Södra"},"geometry":{"type":"Polygon","coordinates":[[[11.896701,57.67269],[11.896588,57.673914],[11.89668,57.674212],[11.89695,57.674542],[11.896585,57.674627],[11.896518,57.67487],[11.896464,57.675067],[11.896409,57.67526],[11.896349,57.675476],[11.896274,57.675475],[11.89591,57.675442],[11.895766,57.675902],[11.894951,57.675866],[11.894809,57.676034],[11.894768,57.676083],[11.894656,57.676215],[11.894505,57.676396],[11.894351,57.676578],[11.894197,57.67676],[11.894039,57.676948],[11.893871,57.677154],[11.893805,57.677236],[11.89382,57.67724],[11.893694,57.677407],[11.89354,57.677372],[11.893038,57.677207],[11.892034,57.676889],[11.89124,57.676636],[11.88962,57.67614],[11.88779,57.675534],[11.886267,57.675142],[11.885157,57.674937],[11.882938,57.674479],[11.88165,57.674141],[11.881733,57.674085],[11.884411,57.671998],[11.885104,57.671381],[11.886981,57.669519],[11.887466,57.668846],[11.88876,57.66989],[11.890878,57.6716],[11.891024,57.671718],[11.891025,57.671771],[11.890741,57.671773],[11.890746,57.67207],[11.891107,57.672069],[11.89111,57.672257],[11.891622,57.672255],[11.891689,57.672255],[11.892111,57.672595],[11.893827,57.6724],[11.894482,57.673195],[11.89501,57.673134],[11.894957,57.673021],[11.894947,57.672996],[11.894941,57.672971],[11.894938,57.672946],[11.894939,57.672921],[11.894944,57.672896],[11.894952,57.672871],[11.895119,57.672806],[11.895284,57.672786],[11.895315,57.672782],[11.895345,57.672775],[11.895374,57.672768],[11.895402,57.672759],[11.895427,57.672749],[11.895452,57.672738],[11.895474,57.672726],[11.895494,57.672712],[11.895512,57.672698],[11.895755,57.672483],[11.896595,57.672344],[11.896734,57.672326],[11.896701,57.67269]]]}},{"type":"Feature","properties":{"kod":"14800709","namn":"Västra Göteborg, Grimmered"},"geometry":{"type":"Polygon","coordinates":[[[11.895755,57.672483],[11.895512,57.672698],[11.895494,57.672712],[11.895474,57.672726],[11.895452,57.672738],[11.895427,57.672749],[11.895402,57.672759],[11.895374,57.672768],[11.895345,57.672775],[11.895315,57.672782],[11.895284,57.672786],[11.895119,57.672806],[11.894952,57.672871],[11.894944,57.672896],[11.894939,57.672921],[11.894938,57.672946],[11.894941,57.672971],[11.894947,57.672996],[11.894957,57.673021],[11.89501,57.673134],[11.894482,57.673195],[11.893827,57.6724],[11.892111,57.672595],[11.891689,57.672255],[11.891622,57.672255],[11.89111,57.672257],[11.891107,57.672069],[11.890746,57.67207],[11.890741,57.671773],[11.891025,57.671771],[11.891024,57.671718],[11.890878,57.6716],[11.88876,57.66989],[11.887466,57.668846],[11.888472,57.667449],[11.889186,57.665983],[11.889443,57.665169],[11.890645,57.66309],[11.890923,57.662692],[11.891446,57.661982],[11.892049,57.661271],[11.892326,57.66097],[11.892376,57.660916],[11.892782,57.660516],[11.893587,57.659762],[11.895251,57.658349],[11.896148,57.657622],[11.896255,57.657541],[11.897509,57.658024],[11.897623,57.658069],[11.897676,57.658067],[11.897934,57.658045],[11.897997,57.658069],[11.898032,57.658081],[11.898069,57.658093],[11.898107,57.658103],[11.898146,57.658112],[11.898187,57.65812],[11.898256,57.658133],[11.898327,57.658144],[11.898399,57.658154],[11.898472,57.658163],[11.898544,57.65817],[11.898618,57.658176],[11.898924,57.658339],[11.898958,57.658357],[11.898984,57.658375],[11.899142,57.658488],[11.899089,57.658561],[11.898932,57.658764],[11.898921,57.659067],[11.898843,57.659865],[11.898768,57.660371],[11.898753,57.660436],[11.898518,57.661452],[11.89812,57.662013],[11.897895,57.662336],[11.897397,57.663062],[11.897318,57.66329],[11.89732,57.66343],[11.897453,57.663469],[11.897767,57.66356],[11.897912,57.663427],[11.898892,57.663674],[11.899608,57.663854],[11.899653,57.663865],[11.899933,57.663936],[11.900078,57.663972],[11.900275,57.664021],[11.900278,57.664091],[11.900283,57.664253],[11.900286,57.664338],[11.90029,57.664441],[11.900294,57.664572],[11.900317,57.665251],[11.900321,57.665364],[11.900817,57.665462],[11.901564,57.665648],[11.901918,57.665683],[11.902307,57.66572],[11.902713,57.66576],[11.903125,57.6658],[11.903711,57.666112],[11.903765,57.666107],[11.903992,57.665967],[11.904338,57.665988],[11.904787,57.666016],[11.90482,57.666307],[11.904829,57.666384],[11.904855,57.666612],[11.904872,57.666759],[11.90456,57.666781],[11.905011,57.667153],[11.905051,57.667186],[11.90505,57.667199],[11.905025,57.667387],[11.904478,57.667514],[11.90446,57.667799],[11.904486,57.667942],[11.905364,57.667896],[11.905398,57.668078],[11.905402,57.668103],[11.904524,57.668149],[11.904568,57.668384],[11.904808,57.668743],[11.903574,57.668835],[11.902472,57.668956],[11.902128,57.668963],[11.90172,57.668692],[11.900846,57.668999],[11.900368,57.669064],[11.897925,57.66926],[11.897372,57.66932],[11.897383,57.669471],[11.897361,57.669677],[11.897289,57.670343],[11.897124,57.671026],[11.896734,57.672326],[11.896595,57.672344],[11.895755,57.672483]]]}},{"type":"Feature","properties":{"kod":"14800710","namn":"Västra Göteborg, Påvelund"},"geometry":{"type":"Polygon","coordinates":[[[11.889819,57.660182],[11.892326,57.66097],[11.892049,57.661271],[11.891446,57.661982],[11.890923,57.662692],[11.890645,57.66309],[11.889443,57.665169],[11.889186,57.665983],[11.888472,57.667449],[11.887466,57.668846],[11.886981,57.669519],[11.885104,57.671381],[11.884411,57.671998],[11.881733,57.674085],[11.88165,57.674141],[11.881616,57.674126],[11.881327,57.673969],[11.881028,57.673784],[11.880707,57.673534],[11.87952,57.67251],[11.878602,57.671718],[11.878337,57.671506],[11.878032,57.671314],[11.877724,57.671149],[11.877417,57.67101],[11.877063,57.670877],[11.87671,57.670768],[11.87615,57.67062],[11.873412,57.669884],[11.87173,57.669433],[11.871576,57.669391],[11.871681,57.669121],[11.87195,57.668337],[11.872416,57.667139],[11.87291,57.666255],[11.872983,57.666048],[11.873225,57.665372],[11.873346,57.664387],[11.874853,57.664295],[11.878015,57.662946],[11.878714,57.662671],[11.880335,57.662205],[11.881282,57.662028],[11.882634,57.661686],[11.882806,57.661642],[11.884201,57.661334],[11.885451,57.66117],[11.886326,57.661084],[11.887736,57.660931],[11.888286,57.660807],[11.889114,57.660258],[11.889383,57.660047],[11.889819,57.660182]]]}},{"type":"Feature","properties":{"kod":"14800711","namn":"Västra Göteborg, Björnekulla"},"geometry":{"type":"Polygon","coordinates":[[[11.889383,57.660047],[11.889114,57.660258],[11.888286,57.660807],[11.887736,57.660931],[11.886326,57.661084],[11.885451,57.66117],[11.884201,57.661334],[11.882806,57.661642],[11.882634,57.661686],[11.881282,57.662028],[11.880335,57.662205],[11.878714,57.662671],[11.878015,57.662946],[11.874853,57.664295],[11.873346,57.664387],[11.87329,57.663522],[11.873095,57.662956],[11.873012,57.662946],[11.872992,57.662944],[11.872872,57.662926],[11.872733,57.66291],[11.872684,57.662909],[11.87264,57.662893],[11.872121,57.662899],[11.872122,57.662907],[11.872094,57.662893],[11.872058,57.66274],[11.871984,57.662659],[11.871862,57.662594],[11.871746,57.662529],[11.87153,57.662393],[11.871326,57.662265],[11.871285,57.662232],[11.871284,57.66223],[11.871223,57.662152],[11.871115,57.661915],[11.871185,57.661886],[11.871106,57.661686],[11.871037,57.661508],[11.871669,57.661498],[11.871702,57.661497],[11.87164,57.661299],[11.871594,57.661148],[11.871811,57.661128],[11.871891,57.661076],[11.8723,57.661],[11.872237,57.660677],[11.872189,57.660442],[11.872181,57.660044],[11.872203,57.659992],[11.872153,57.659818],[11.871968,57.659091],[11.87194,57.658987],[11.871852,57.658659],[11.871683,57.658295],[11.871416,57.65796],[11.870829,57.657452],[11.870644,57.657236],[11.870438,57.656982],[11.870288,57.656643],[11.870196,57.656226],[11.870247,57.655847],[11.870444,57.655514],[11.870614,57.655327],[11.871097,57.654892],[11.871556,57.654504],[11.87214,57.654644],[11.873217,57.654851],[11.874073,57.65497],[11.875723,57.655231],[11.875825,57.655253],[11.876831,57.655475],[11.87801,57.655809],[11.879233,57.656202],[11.879882,57.656439],[11.881576,57.657085],[11.883009,57.65763],[11.886045,57.658706],[11.886544,57.658883],[11.887699,57.659377],[11.888952,57.659913],[11.889383,57.660047]]]}},{"type":"Feature","properties":{"kod":"14800712","namn":"Västra Göteborg, Osberget"},"geometry":{"type":"Polygon","coordinates":[[[11.87195,57.668337],[11.871667,57.668341],[11.870662,57.668349],[11.8702,57.668327],[11.869657,57.668292],[11.869114,57.668221],[11.86813,57.668001],[11.868334,57.667628],[11.867962,57.667415],[11.86708,57.667175],[11.866416,57.667005],[11.865784,57.666843],[11.866479,57.666301],[11.867193,57.666055],[11.866644,57.665502],[11.865228,57.664975],[11.863754,57.664631],[11.862009,57.664297],[11.862067,57.663279],[11.861916,57.66326],[11.860267,57.663005],[11.860177,57.662681],[11.861906,57.661984],[11.862376,57.661576],[11.862373,57.661292],[11.862186,57.660364],[11.861605,57.659777],[11.862967,57.659614],[11.864588,57.659394],[11.865575,57.659981],[11.866568,57.659861],[11.866937,57.659575],[11.867829,57.659326],[11.868681,57.659173],[11.869942,57.658961],[11.870321,57.658883],[11.870744,57.658846],[11.871222,57.658767],[11.871852,57.658659],[11.87194,57.658987],[11.871968,57.659091],[11.872153,57.659818],[11.872203,57.659992],[11.872181,57.660044],[11.872189,57.660442],[11.872237,57.660677],[11.8723,57.661],[11.871891,57.661076],[11.871811,57.661128],[11.871594,57.661148],[11.87164,57.661299],[11.871702,57.661497],[11.871669,57.661498],[11.871037,57.661508],[11.871106,57.661686],[11.871185,57.661886],[11.871115,57.661915],[11.871223,57.662152],[11.871284,57.66223],[11.871285,57.662232],[11.871326,57.662265],[11.87153,57.662393],[11.871746,57.662529],[11.871862,57.662594],[11.871984,57.662659],[11.872058,57.66274],[11.872094,57.662893],[11.872122,57.662907],[11.872121,57.662899],[11.87264,57.662893],[11.872684,57.662909],[11.872733,57.66291],[11.872872,57.662926],[11.872992,57.662944],[11.873012,57.662946],[11.873095,57.662956],[11.87329,57.663522],[11.873346,57.664387],[11.873225,57.665372],[11.872983,57.666048],[11.87291,57.666255],[11.872416,57.667139],[11.87195,57.668337]]]}},{"type":"Feature","properties":{"kod":"14800713","namn":"Västra Göteborg, Källängen"},"geometry":{"type":"Polygon","coordinates":[[[11.862009,57.664297],[11.861886,57.665143],[11.861721,57.665963],[11.861618,57.666378],[11.860917,57.666322],[11.860571,57.666455],[11.860109,57.66649],[11.860058,57.666494],[11.860008,57.66649],[11.859771,57.666472],[11.859618,57.666461],[11.859476,57.666447],[11.859399,57.666441],[11.859052,57.666408],[11.858994,57.666403],[11.858709,57.666377],[11.858319,57.666341],[11.85831,57.666368],[11.856078,57.666162],[11.856596,57.665105],[11.856626,57.665031],[11.856643,57.664986],[11.856691,57.664868],[11.856754,57.664713],[11.856837,57.664508],[11.856867,57.664432],[11.856543,57.664272],[11.855792,57.663875],[11.855268,57.663604],[11.854864,57.663396],[11.854514,57.66316],[11.853637,57.662571],[11.853307,57.662347],[11.852389,57.661593],[11.850719,57.659965],[11.850128,57.659529],[11.849108,57.659209],[11.848663,57.658914],[11.847706,57.658283],[11.850218,57.657755],[11.852384,57.658308],[11.852768,57.65823],[11.856457,57.658496],[11.856507,57.657748],[11.856629,57.65757],[11.856867,57.657456],[11.857554,57.657313],[11.858064,57.657329],[11.859809,57.657394],[11.859897,57.657241],[11.86074,57.657288],[11.860903,57.657241],[11.861041,57.657216],[11.86095,57.657124],[11.86103,57.656848],[11.86119,57.656564],[11.861341,57.656321],[11.861499,57.656299],[11.86139,57.656052],[11.861218,57.656077],[11.860849,57.656129],[11.860495,57.656295],[11.860378,57.65635],[11.859285,57.656483],[11.859148,57.656187],[11.859106,57.656136],[11.858868,57.655847],[11.858665,57.655605],[11.858717,57.65534],[11.858726,57.655294],[11.858761,57.655046],[11.858766,57.655012],[11.858783,57.654874],[11.858075,57.653852],[11.857112,57.653525],[11.856633,57.652819],[11.858839,57.652057],[11.858894,57.651456],[11.859864,57.651016],[11.8603,57.651468],[11.860886,57.651346],[11.861865,57.651668],[11.862186,57.651753],[11.862913,57.651653],[11.863471,57.651513],[11.864235,57.650975],[11.864559,57.650862],[11.865467,57.650755],[11.865683,57.651454],[11.866083,57.652101],[11.866099,57.652098],[11.86642,57.652547],[11.866538,57.652526],[11.867886,57.652284],[11.867816,57.652151],[11.867955,57.652088],[11.867929,57.652064],[11.86796,57.65206],[11.86819,57.652037],[11.868103,57.651922],[11.86838,57.651875],[11.868386,57.651884],[11.868875,57.652546],[11.869405,57.653229],[11.869993,57.653719],[11.870619,57.654134],[11.871556,57.654504],[11.871097,57.654892],[11.870614,57.655327],[11.870444,57.655514],[11.870247,57.655847],[11.870196,57.656226],[11.870288,57.656643],[11.870438,57.656982],[11.870644,57.657236],[11.870829,57.657452],[11.871416,57.65796],[11.871683,57.658295],[11.871852,57.658659],[11.871222,57.658767],[11.870744,57.658846],[11.870321,57.658883],[11.869942,57.658961],[11.868681,57.659173],[11.867829,57.659326],[11.866937,57.659575],[11.866568,57.659861],[11.865575,57.659981],[11.864588,57.659394],[11.862967,57.659614],[11.861605,57.659777],[11.862186,57.660364],[11.862373,57.661292],[11.862376,57.661576],[11.861906,57.661984],[11.860177,57.662681],[11.860267,57.663005],[11.861916,57.66326],[11.862067,57.663279],[11.862009,57.664297]]]}},{"type":"Feature","properties":{"kod":"14800714","namn":"Västra Göteborg, Fiskebäck"},"geometry":{"type":"Polygon","coordinates":[[[11.86838,57.651875],[11.868103,57.651922],[11.86819,57.652037],[11.86796,57.65206],[11.867929,57.652064],[11.867955,57.652088],[11.867816,57.652151],[11.867886,57.652284],[11.866538,57.652526],[11.86642,57.652547],[11.866099,57.652098],[11.866083,57.652101],[11.865683,57.651454],[11.865467,57.650755],[11.864559,57.650862],[11.864235,57.650975],[11.863471,57.651513],[11.862913,57.651653],[11.862186,57.651753],[11.861865,57.651668],[11.860886,57.651346],[11.8603,57.651468],[11.859864,57.651016],[11.858894,57.651456],[11.858839,57.652057],[11.856633,57.652819],[11.857112,57.653525],[11.858075,57.653852],[11.858783,57.654874],[11.858766,57.655012],[11.858761,57.655046],[11.858726,57.655294],[11.858717,57.65534],[11.858665,57.655605],[11.858868,57.655847],[11.859106,57.656136],[11.859148,57.656187],[11.859285,57.656483],[11.860378,57.65635],[11.860495,57.656295],[11.860849,57.656129],[11.861218,57.656077],[11.86139,57.656052],[11.861499,57.656299],[11.861341,57.656321],[11.86119,57.656564],[11.86103,57.656848],[11.86095,57.657124],[11.861041,57.657216],[11.860903,57.657241],[11.86074,57.657288],[11.859897,57.657241],[11.859809,57.657394],[11.858064,57.657329],[11.857554,57.657313],[11.856867,57.657456],[11.856629,57.65757],[11.856507,57.657748],[11.856457,57.658496],[11.852768,57.65823],[11.852384,57.658308],[11.850218,57.657755],[11.847706,57.658283],[11.843989,57.655583],[11.841785,57.65467],[11.841386,57.654492],[11.838203,57.653796],[11.831003,57.652428],[11.825286,57.65163],[11.82165,57.65161],[11.821654,57.651577],[11.821666,57.651508],[11.821681,57.651438],[11.821697,57.651369],[11.821718,57.6513],[11.82174,57.651231],[11.821766,57.651163],[11.821794,57.651095],[11.821825,57.651027],[11.821858,57.65096],[11.821894,57.650893],[11.821932,57.650826],[11.821973,57.65076],[11.822017,57.650694],[11.822063,57.650629],[11.822112,57.650565],[11.822164,57.650501],[11.822217,57.650438],[11.822273,57.650375],[11.822332,57.650312],[11.822393,57.650251],[11.822456,57.65019],[11.822522,57.65013],[11.822591,57.650071],[11.822661,57.650012],[11.822734,57.649954],[11.822809,57.649897],[11.822886,57.649841],[11.822966,57.649786],[11.823047,57.649731],[11.823131,57.649678],[11.823216,57.649626],[11.823303,57.649574],[11.823394,57.649524],[11.823485,57.649474],[11.823578,57.649426],[11.823674,57.649379],[11.823771,57.649332],[11.82387,57.649287],[11.823971,57.649243],[11.824074,57.6492],[11.824154,57.649151],[11.824237,57.649104],[11.824322,57.649057],[11.824409,57.649011],[11.824497,57.648967],[11.824587,57.648923],[11.82468,57.648881],[11.824773,57.64884],[11.824869,57.6488],[11.824967,57.64876],[11.825066,57.648722],[11.825165,57.648686],[11.825268,57.64865],[11.825371,57.648616],[11.825475,57.648583],[11.825581,57.648551],[11.825689,57.648521],[11.825798,57.648492],[11.825908,57.648463],[11.826019,57.648437],[11.826131,57.648412],[11.826517,57.646951],[11.826905,57.64549],[11.826789,57.645461],[11.826675,57.645431],[11.826562,57.6454],[11.82645,57.645367],[11.82634,57.645333],[11.826231,57.645297],[11.826123,57.64526],[11.826017,57.645222],[11.825912,57.645183],[11.82581,57.645143],[11.825708,57.645101],[11.825609,57.645058],[11.825511,57.645014],[11.825415,57.64497],[11.825321,57.644923],[11.825229,57.644876],[11.825139,57.644828],[11.82505,57.644779],[11.824965,57.644728],[11.82488,57.644677],[11.824798,57.644625],[11.824718,57.644571],[11.824641,57.644517],[11.824565,57.644462],[11.824492,57.644406],[11.824421,57.64435],[11.824352,57.644292],[11.824285,57.644234],[11.824222,57.644174],[11.82416,57.644114],[11.824101,57.644054],[11.824045,57.643992],[11.82399,57.643931],[11.823939,57.643868],[11.82389,57.643805],[11.823843,57.643741],[11.823799,57.643677],[11.823758,57.643613],[11.823719,57.643548],[11.823683,57.643482],[11.82365,57.643416],[11.82362,57.643349],[11.823592,57.643283],[11.823566,57.643216],[11.823544,57.643149],[11.823524,57.643081],[11.823507,57.643013],[11.823493,57.642945],[11.823481,57.642877],[11.823468,57.64281],[11.823458,57.642742],[11.82345,57.642674],[11.823445,57.642606],[11.823443,57.642538],[11.823443,57.64247],[11.823446,57.642401],[11.823452,57.642334],[11.823461,57.642266],[11.823472,57.642198],[11.823486,57.64213],[11.823503,57.642063],[11.823522,57.641996],[11.823544,57.641928],[11.823568,57.641862],[11.823596,57.641795],[11.823625,57.641729],[11.823658,57.641663],[11.823694,57.641598],[11.823731,57.641533],[11.823771,57.641468],[11.823814,57.641404],[11.823859,57.641341],[11.823908,57.641278],[11.823958,57.641215],[11.824011,57.641153],[11.824066,57.641092],[11.824124,57.641031],[11.824184,57.640972],[11.824247,57.640912],[11.824312,57.640854],[11.824379,57.640796],[11.824448,57.640739],[11.82452,57.640683],[11.824594,57.640627],[11.82467,57.640573],[11.824748,57.640519],[11.824841,57.640465],[11.824935,57.64041],[11.82503,57.640358],[11.825128,57.640306],[11.825228,57.640255],[11.82533,57.640206],[11.825434,57.640157],[11.82554,57.64011],[11.825648,57.640064],[11.825757,57.640019],[11.825868,57.639975],[11.82598,57.639933],[11.826094,57.639892],[11.82621,57.639851],[11.826327,57.639813],[11.826446,57.639775],[11.826566,57.639739],[11.826687,57.639705],[11.82681,57.639671],[11.824055,57.638334],[11.832548,57.638179],[11.832609,57.638155],[11.832674,57.638132],[11.832739,57.63811],[11.832805,57.63809],[11.832873,57.638071],[11.832943,57.638054],[11.833014,57.638038],[11.833086,57.638024],[11.833158,57.638011],[11.833232,57.637999],[11.833306,57.637989],[11.833381,57.637981],[11.833457,57.637974],[11.833561,57.637943],[11.833665,57.637913],[11.833772,57.637884],[11.833879,57.637857],[11.833988,57.637831],[11.834098,57.637806],[11.834208,57.637783],[11.83432,57.637762],[11.834433,57.637741],[11.834546,57.637722],[11.834661,57.637705],[11.834776,57.637689],[11.834891,57.637674],[11.835008,57.637661],[11.835125,57.63765],[11.835243,57.637639],[11.83536,57.637631],[11.835478,57.637624],[11.835597,57.637618],[11.835715,57.637614],[11.835834,57.637612],[11.835953,57.63761],[11.836072,57.637611],[11.836191,57.637613],[11.83631,57.637617],[11.836428,57.637621],[11.836546,57.637628],[11.836664,57.637636],[11.836782,57.637645],[11.836899,57.637656],[11.837016,57.637669],[11.837132,57.637682],[11.837247,57.637698],[11.837362,57.637715],[11.837475,57.637733],[11.837589,57.637752],[11.837717,57.637779],[11.837844,57.637806],[11.83797,57.637836],[11.838095,57.637866],[11.838218,57.637899],[11.83834,57.637932],[11.83846,57.637968],[11.83858,57.638004],[11.838697,57.638043],[11.838812,57.638082],[11.838921,57.638109],[11.839028,57.638137],[11.839134,57.638166],[11.839238,57.638197],[11.839342,57.638229],[11.839443,57.638262],[11.839543,57.638296],[11.839642,57.638332],[11.839739,57.638369],[11.839835,57.638408],[11.839928,57.638447],[11.84002,57.638488],[11.84011,57.63853],[11.840198,57.638573],[11.840284,57.638617],[11.840369,57.638662],[11.84045,57.638708],[11.840531,57.638755],[11.840609,57.638804],[11.840685,57.638853],[11.840758,57.638903],[11.84083,57.638954],[11.840899,57.639007],[11.840966,57.639059],[11.84103,57.639113],[11.841093,57.639168],[11.841151,57.639223],[11.841209,57.639279],[11.841264,57.639336],[11.841316,57.639393],[11.841552,57.639195],[11.841678,57.639132],[11.848207,57.640476],[11.853091,57.642486],[11.858064,57.641251],[11.858521,57.641297],[11.858456,57.641333],[11.857878,57.641643],[11.856753,57.643042],[11.858793,57.644159],[11.859061,57.644488],[11.859161,57.644611],[11.859429,57.644941],[11.859663,57.645229],[11.860396,57.645358],[11.860798,57.645413],[11.861346,57.645509],[11.861584,57.645324],[11.861731,57.645188],[11.86175,57.645004],[11.861687,57.644618],[11.861719,57.644452],[11.861854,57.644329],[11.862082,57.644248],[11.862356,57.64421],[11.862597,57.644246],[11.863124,57.644366],[11.863768,57.644548],[11.864308,57.644698],[11.865043,57.644934],[11.865802,57.64517],[11.866399,57.645351],[11.866905,57.645515],[11.86725,57.645635],[11.867842,57.646094],[11.867988,57.646306],[11.868057,57.646495],[11.868071,57.646684],[11.868041,57.646856],[11.867968,57.647122],[11.867803,57.64788],[11.867757,57.648056],[11.867663,57.648711],[11.867602,57.649658],[11.867715,57.650527],[11.868036,57.651286],[11.86838,57.651875]]]}},{"type":"Feature","properties":{"kod":"14800715","namn":"Västra Göteborg, Bratthammar"},"geometry":{"type":"Polygon","coordinates":[[[11.881753,57.652184],[11.881928,57.652371],[11.882026,57.652529],[11.882018,57.652711],[11.882016,57.652756],[11.881996,57.653198],[11.881947,57.653267],[11.884322,57.654094],[11.88618,57.655103],[11.88622,57.655358],[11.886164,57.655398],[11.886025,57.655408],[11.886021,57.655409],[11.886016,57.65541],[11.886012,57.655411],[11.886008,57.655411],[11.886004,57.655412],[11.886,57.655413],[11.885995,57.655414],[11.885991,57.655415],[11.885987,57.655415],[11.885982,57.655416],[11.885978,57.655417],[11.885974,57.655418],[11.88597,57.655419],[11.885966,57.65542],[11.885962,57.655421],[11.885958,57.655422],[11.885953,57.655423],[11.885949,57.655424],[11.885945,57.655425],[11.885941,57.655426],[11.885937,57.655427],[11.885933,57.655428],[11.885928,57.655429],[11.885924,57.655431],[11.88592,57.655432],[11.885916,57.655433],[11.885912,57.655434],[11.885909,57.655435],[11.885905,57.655436],[11.885901,57.655438],[11.885897,57.655439],[11.885893,57.65544],[11.885889,57.655442],[11.885886,57.655443],[11.885882,57.655444],[11.885878,57.655445],[11.885874,57.655447],[11.88587,57.655448],[11.885866,57.655449],[11.885863,57.655451],[11.885859,57.655452],[11.885855,57.655453],[11.885851,57.655454],[11.885848,57.655456],[11.885844,57.655458],[11.88584,57.655459],[11.885836,57.655461],[11.885832,57.655462],[11.885829,57.655464],[11.885825,57.655465],[11.885822,57.655467],[11.885818,57.655468],[11.885815,57.65547],[11.885811,57.655471],[11.885808,57.655473],[11.885805,57.655474],[11.885801,57.655476],[11.885798,57.655477],[11.885795,57.655479],[11.885791,57.655481],[11.885787,57.655482],[11.885784,57.655484],[11.885781,57.655486],[11.885777,57.655487],[11.885774,57.655489],[11.885771,57.655491],[11.885768,57.655492],[11.885765,57.655494],[11.885761,57.655496],[11.885758,57.655498],[11.885755,57.655499],[11.885752,57.655501],[11.885749,57.655503],[11.885746,57.655505],[11.885643,57.655589],[11.884213,57.656749],[11.884204,57.656753],[11.884196,57.656757],[11.884188,57.65676],[11.884179,57.656764],[11.884171,57.656768],[11.884162,57.656772],[11.884154,57.656776],[11.884146,57.656779],[11.884137,57.656783],[11.884128,57.656787],[11.88412,57.65679],[11.884111,57.656794],[11.884103,57.656798],[11.884094,57.656801],[11.884086,57.656805],[11.884077,57.656809],[11.884068,57.656812],[11.88406,57.656816],[11.884051,57.65682],[11.884042,57.656823],[11.884034,57.656827],[11.884025,57.65683],[11.884016,57.656833],[11.884007,57.656837],[11.883998,57.656841],[11.883989,57.656844],[11.88398,57.656848],[11.883972,57.656851],[11.883962,57.656855],[11.883954,57.656858],[11.883945,57.656862],[11.883936,57.656865],[11.883927,57.656868],[11.883918,57.656871],[11.883908,57.656875],[11.8839,57.656878],[11.883891,57.656881],[11.883882,57.656885],[11.883873,57.656888],[11.883863,57.656891],[11.883855,57.656895],[11.883845,57.656898],[11.883836,57.656901],[11.883827,57.656904],[11.883817,57.656908],[11.883809,57.656911],[11.883799,57.656914],[11.88379,57.656917],[11.88378,57.65692],[11.883771,57.656923],[11.883762,57.656927],[11.883752,57.65693],[11.883743,57.656933],[11.883734,57.656936],[11.883725,57.656939],[11.883715,57.656942],[11.883706,57.656945],[11.883696,57.656948],[11.883687,57.656951],[11.883677,57.656954],[11.883668,57.656957],[11.883658,57.65696],[11.883649,57.656963],[11.883639,57.656966],[11.88363,57.656969],[11.88362,57.656972],[11.883611,57.656974],[11.883601,57.656978],[11.883592,57.65698],[11.883582,57.656983],[11.883572,57.656986],[11.883565,57.656988],[11.883559,57.65699],[11.883553,57.656992],[11.883546,57.656994],[11.88354,57.656997],[11.883534,57.656999],[11.883527,57.657001],[11.883521,57.657003],[11.883515,57.657006],[11.883508,57.657008],[11.883502,57.65701],[11.883496,57.657013],[11.883489,57.657015],[11.883484,57.657017],[11.883477,57.657019],[11.883471,57.657022],[11.883465,57.657024],[11.883459,57.657026],[11.883453,57.657029],[11.883447,57.657031],[11.88344,57.657034],[11.883435,57.657036],[11.883428,57.657038],[11.883423,57.657041],[11.883416,57.657044],[11.883411,57.657046],[11.883405,57.657048],[11.883399,57.657051],[11.883393,57.657054],[11.883387,57.657056],[11.883381,57.657059],[11.883375,57.657061],[11.883369,57.657064],[11.883363,57.657067],[11.883358,57.657069],[11.883352,57.657072],[11.883346,57.657074],[11.883341,57.657077],[11.883335,57.65708],[11.883329,57.657082],[11.883324,57.657085],[11.883318,57.657088],[11.883312,57.657091],[11.883307,57.657093],[11.883301,57.657096],[11.883296,57.657099],[11.88329,57.657101],[11.883284,57.657104],[11.883279,57.657107],[11.883274,57.65711],[11.883269,57.657113],[11.883263,57.657116],[11.883261,57.657117],[11.883258,57.657117],[11.883255,57.657118],[11.883253,57.657119],[11.88325,57.65712],[11.883248,57.657121],[11.883246,57.657122],[11.883243,57.657123],[11.88324,57.657123],[11.883238,57.657124],[11.883235,57.657125],[11.883232,57.657125],[11.88323,57.657126],[11.883227,57.657127],[11.883224,57.657127],[11.883221,57.657128],[11.883219,57.657129],[11.883216,57.65713],[11.883213,57.65713],[11.883211,57.65713],[11.883208,57.657131],[11.883205,57.657132],[11.883202,57.657132],[11.883199,57.657133],[11.883196,57.657133],[11.883193,57.657134],[11.883191,57.657134],[11.883188,57.657135],[11.883185,57.657135],[11.883182,57.657136],[11.883179,57.657136],[11.883177,57.657136],[11.883173,57.657137],[11.88317,57.657137],[11.883168,57.657137],[11.883165,57.657137],[11.883162,57.657138],[11.883159,57.657138],[11.883156,57.657138],[11.883153,57.657139],[11.88315,57.657139],[11.883147,57.657139],[11.883144,57.657139],[11.883142,57.65714],[11.883138,57.65714],[11.883135,57.65714],[11.883132,57.65714],[11.88313,57.65714],[11.883127,57.65714],[11.883123,57.65714],[11.88312,57.65714],[11.883118,57.65714],[11.883115,57.65714],[11.883111,57.65714],[11.883108,57.65714],[11.883106,57.65714],[11.883103,57.65714],[11.883099,57.65714],[11.883097,57.65714],[11.883094,57.65714],[11.883091,57.65714],[11.883087,57.65714],[11.883085,57.65714],[11.883082,57.65714],[11.883079,57.657139],[11.883076,57.657139],[11.883073,57.657139],[11.88307,57.657138],[11.883064,57.657138],[11.883057,57.657138],[11.883051,57.657137],[11.883044,57.657136],[11.883038,57.657135],[11.883032,57.657135],[11.883025,57.657134],[11.88302,57.657133],[11.883013,57.657133],[11.883007,57.657132],[11.883001,57.657131],[11.882994,57.657131],[11.882988,57.65713],[11.882981,57.657129],[11.882975,57.657128],[11.882969,57.657127],[11.882963,57.657126],[11.882957,57.657126],[11.88295,57.657125],[11.882944,57.657124],[11.882937,57.657123],[11.882932,57.657122],[11.882925,57.657121],[11.882919,57.65712],[11.882913,57.657119],[11.882907,57.657118],[11.882901,57.657117],[11.882894,57.657116],[11.882888,57.657115],[11.882882,57.657114],[11.882876,57.657113],[11.88287,57.657112],[11.882864,57.657111],[11.882858,57.65711],[11.882851,57.657109],[11.882846,57.657107],[11.882839,57.657106],[11.882834,57.657105],[11.882827,57.657104],[11.882822,57.657102],[11.882385,57.657013],[11.88238,57.657012],[11.882373,57.65701],[11.882368,57.657009],[11.882361,57.657008],[11.882356,57.657007],[11.88235,57.657005],[11.882344,57.657004],[11.882338,57.657002],[11.882332,57.657001],[11.882326,57.657],[11.882321,57.656998],[11.882314,57.656997],[11.882309,57.656995],[11.882303,57.656994],[11.882297,57.656992],[11.882291,57.656991],[11.882285,57.656989],[11.88228,57.656988],[11.882274,57.656987],[11.882268,57.656985],[11.882262,57.656983],[11.882257,57.656982],[11.882251,57.65698],[11.882245,57.656979],[11.88224,57.656977],[11.882234,57.656975],[11.882229,57.656974],[11.882223,57.656972],[11.882217,57.65697],[11.882212,57.656968],[11.882206,57.656967],[11.882201,57.656965],[11.882195,57.656963],[11.882189,57.656962],[11.882184,57.65696],[11.882178,57.656958],[11.882173,57.656956],[11.882168,57.656955],[11.882162,57.656952],[11.882157,57.656951],[11.882151,57.656949],[11.882146,57.656947],[11.88214,57.656945],[11.882135,57.656943],[11.88213,57.656941],[11.882124,57.656939],[11.882119,57.656937],[11.882114,57.656935],[11.882108,57.656934],[11.882104,57.656931],[11.881889,57.656849],[11.881576,57.657085],[11.879882,57.656439],[11.879233,57.656202],[11.87801,57.655809],[11.876831,57.655475],[11.875825,57.655253],[11.875723,57.655231],[11.874073,57.65497],[11.873217,57.654851],[11.87214,57.654644],[11.871556,57.654504],[11.870619,57.654134],[11.869993,57.653719],[11.869405,57.653229],[11.868875,57.652546],[11.868386,57.651884],[11.86838,57.651875],[11.868036,57.651286],[11.867715,57.650527],[11.867602,57.649658],[11.867663,57.648711],[11.867757,57.648056],[11.867803,57.64788],[11.870186,57.647869],[11.871498,57.647863],[11.87378,57.647847],[11.876023,57.647843],[11.877109,57.647812],[11.878183,57.647782],[11.878258,57.647779],[11.87903,57.647752],[11.87977,57.64771],[11.881023,57.647646],[11.881537,57.647619],[11.882013,57.647578],[11.882632,57.647473],[11.883084,57.647349],[11.883583,57.647193],[11.883999,57.647025],[11.884346,57.646862],[11.884951,57.647298],[11.886191,57.648245],[11.886769,57.64856],[11.886929,57.648867],[11.886609,57.649616],[11.884907,57.649813],[11.883474,57.649886],[11.883159,57.649945],[11.882505,57.650117],[11.881958,57.650212],[11.88196,57.650231],[11.881961,57.650282],[11.88196,57.650334],[11.881956,57.650386],[11.881949,57.650438],[11.881939,57.65049],[11.881926,57.650541],[11.881911,57.650592],[11.881893,57.650643],[11.881872,57.650694],[11.881849,57.650745],[11.881823,57.650795],[11.881794,57.650844],[11.881762,57.650893],[11.881729,57.650942],[11.881691,57.65099],[11.881652,57.651038],[11.881611,57.651084],[11.881566,57.651131],[11.881547,57.651149],[11.881523,57.651165],[11.881497,57.651181],[11.881468,57.651196],[11.881438,57.651209],[11.881481,57.651256],[11.88149,57.651274],[11.881478,57.651283],[11.881468,57.651292],[11.881458,57.651312],[11.881458,57.651323],[11.88149,57.651619],[11.881605,57.651655],[11.881618,57.651786],[11.881739,57.652072],[11.881753,57.652184]]]}},{"type":"Feature","properties":{"kod":"14800716","namn":"Västra Göteborg, Tynnered Södra"},"geometry":{"type":"Polygon","coordinates":[[[11.898712,57.650432],[11.898273,57.65089],[11.898272,57.65114],[11.898147,57.651349],[11.898551,57.651508],[11.898798,57.652134],[11.897659,57.653192],[11.895523,57.652558],[11.89509,57.652932],[11.893738,57.654097],[11.893023,57.653844],[11.89287,57.653796],[11.892779,57.653635],[11.892564,57.653406],[11.892156,57.652985],[11.891848,57.652688],[11.891512,57.652383],[11.891134,57.652094],[11.890702,57.651796],[11.889246,57.651733],[11.888234,57.651758],[11.885372,57.651697],[11.883705,57.652129],[11.881753,57.652184],[11.881739,57.652072],[11.881618,57.651786],[11.881605,57.651655],[11.88149,57.651619],[11.881458,57.651323],[11.881458,57.651312],[11.881468,57.651292],[11.881478,57.651283],[11.88149,57.651274],[11.881481,57.651256],[11.881438,57.651209],[11.881468,57.651196],[11.881497,57.651181],[11.881523,57.651165],[11.881547,57.651149],[11.881566,57.651131],[11.881611,57.651084],[11.881652,57.651038],[11.881691,57.65099],[11.881729,57.650942],[11.881762,57.650893],[11.881794,57.650844],[11.881823,57.650795],[11.881849,57.650745],[11.881872,57.650694],[11.881893,57.650643],[11.881911,57.650592],[11.881926,57.650541],[11.881939,57.65049],[11.881949,57.650438],[11.881956,57.650386],[11.88196,57.650334],[11.881961,57.650282],[11.88196,57.650231],[11.881958,57.650212],[11.882505,57.650117],[11.883159,57.649945],[11.883474,57.649886],[11.884907,57.649813],[11.886609,57.649616],[11.886929,57.648867],[11.886769,57.64856],[11.886191,57.648245],[11.884951,57.647298],[11.884346,57.646862],[11.884942,57.646567],[11.885368,57.646433],[11.88609,57.646283],[11.886439,57.646241],[11.887034,57.646217],[11.887513,57.646212],[11.887928,57.646269],[11.888435,57.646385],[11.88889,57.646507],[11.889334,57.646693],[11.889725,57.646892],[11.890026,57.64712],[11.890303,57.647382],[11.890723,57.647762],[11.891137,57.648061],[11.891859,57.648448],[11.892228,57.648547],[11.892755,57.648688],[11.894063,57.649081],[11.895247,57.649437],[11.897267,57.650016],[11.89772,57.650146],[11.898712,57.650432]]]}},{"type":"Feature","properties":{"kod":"14800717","namn":"Västra Göteborg, Tynnered Norra"},"geometry":{"type":"Polygon","coordinates":[[[11.893029,57.65515],[11.890409,57.657276],[11.889479,57.658031],[11.889395,57.658002],[11.888446,57.658773],[11.890141,57.659367],[11.889383,57.660047],[11.888952,57.659913],[11.887699,57.659377],[11.886544,57.658883],[11.886045,57.658706],[11.883009,57.65763],[11.881576,57.657085],[11.881889,57.656849],[11.882104,57.656931],[11.882108,57.656934],[11.882114,57.656935],[11.882119,57.656937],[11.882124,57.656939],[11.88213,57.656941],[11.882135,57.656943],[11.88214,57.656945],[11.882146,57.656947],[11.882151,57.656949],[11.882157,57.656951],[11.882162,57.656952],[11.882168,57.656955],[11.882173,57.656956],[11.882178,57.656958],[11.882184,57.65696],[11.882189,57.656962],[11.882195,57.656963],[11.882201,57.656965],[11.882206,57.656967],[11.882212,57.656968],[11.882217,57.65697],[11.882223,57.656972],[11.882229,57.656974],[11.882234,57.656975],[11.88224,57.656977],[11.882245,57.656979],[11.882251,57.65698],[11.882257,57.656982],[11.882262,57.656983],[11.882268,57.656985],[11.882274,57.656987],[11.88228,57.656988],[11.882285,57.656989],[11.882291,57.656991],[11.882297,57.656992],[11.882303,57.656994],[11.882309,57.656995],[11.882314,57.656997],[11.882321,57.656998],[11.882326,57.657],[11.882332,57.657001],[11.882338,57.657002],[11.882344,57.657004],[11.88235,57.657005],[11.882356,57.657007],[11.882361,57.657008],[11.882368,57.657009],[11.882373,57.65701],[11.88238,57.657012],[11.882385,57.657013],[11.882822,57.657102],[11.882827,57.657104],[11.882834,57.657105],[11.882839,57.657106],[11.882846,57.657107],[11.882851,57.657109],[11.882858,57.65711],[11.882864,57.657111],[11.88287,57.657112],[11.882876,57.657113],[11.882882,57.657114],[11.882888,57.657115],[11.882894,57.657116],[11.882901,57.657117],[11.882907,57.657118],[11.882913,57.657119],[11.882919,57.65712],[11.882925,57.657121],[11.882932,57.657122],[11.882937,57.657123],[11.882944,57.657124],[11.88295,57.657125],[11.882957,57.657126],[11.882963,57.657126],[11.882969,57.657127],[11.882975,57.657128],[11.882981,57.657129],[11.882988,57.65713],[11.882994,57.657131],[11.883001,57.657131],[11.883007,57.657132],[11.883013,57.657133],[11.88302,57.657133],[11.883025,57.657134],[11.883032,57.657135],[11.883038,57.657135],[11.883044,57.657136],[11.883051,57.657137],[11.883057,57.657138],[11.883064,57.657138],[11.88307,57.657138],[11.883073,57.657139],[11.883076,57.657139],[11.883079,57.657139],[11.883082,57.65714],[11.883085,57.65714],[11.883087,57.65714],[11.883091,57.65714],[11.883094,57.65714],[11.883097,57.65714],[11.883099,57.65714],[11.883103,57.65714],[11.883106,57.65714],[11.883108,57.65714],[11.883111,57.65714],[11.883115,57.65714],[11.883118,57.65714],[11.88312,57.65714],[11.883123,57.65714],[11.883127,57.65714],[11.88313,57.65714],[11.883132,57.65714],[11.883135,57.65714],[11.883138,57.65714],[11.883142,57.65714],[11.883144,57.657139],[11.883147,57.657139],[11.88315,57.657139],[11.883153,57.657139],[11.883156,57.657138],[11.883159,57.657138],[11.883162,57.657138],[11.883165,57.657137],[11.883168,57.657137],[11.88317,57.657137],[11.883173,57.657137],[11.883177,57.657136],[11.883179,57.657136],[11.883182,57.657136],[11.883185,57.657135],[11.883188,57.657135],[11.883191,57.657134],[11.883193,57.657134],[11.883196,57.657133],[11.883199,57.657133],[11.883202,57.657132],[11.883205,57.657132],[11.883208,57.657131],[11.883211,57.65713],[11.883213,57.65713],[11.883216,57.65713],[11.883219,57.657129],[11.883221,57.657128],[11.883224,57.657127],[11.883227,57.657127],[11.88323,57.657126],[11.883232,57.657125],[11.883235,57.657125],[11.883238,57.657124],[11.88324,57.657123],[11.883243,57.657123],[11.883246,57.657122],[11.883248,57.657121],[11.88325,57.65712],[11.883253,57.657119],[11.883255,57.657118],[11.883258,57.657117],[11.883261,57.657117],[11.883263,57.657116],[11.883269,57.657113],[11.883274,57.65711],[11.883279,57.657107],[11.883284,57.657104],[11.88329,57.657101],[11.883296,57.657099],[11.883301,57.657096],[11.883307,57.657093],[11.883312,57.657091],[11.883318,57.657088],[11.883324,57.657085],[11.883329,57.657082],[11.883335,57.65708],[11.883341,57.657077],[11.883346,57.657074],[11.883352,57.657072],[11.883358,57.657069],[11.883363,57.657067],[11.883369,57.657064],[11.883375,57.657061],[11.883381,57.657059],[11.883387,57.657056],[11.883393,57.657054],[11.883399,57.657051],[11.883405,57.657048],[11.883411,57.657046],[11.883416,57.657044],[11.883423,57.657041],[11.883428,57.657038],[11.883435,57.657036],[11.88344,57.657034],[11.883447,57.657031],[11.883453,57.657029],[11.883459,57.657026],[11.883465,57.657024],[11.883471,57.657022],[11.883477,57.657019],[11.883484,57.657017],[11.883489,57.657015],[11.883496,57.657013],[11.883502,57.65701],[11.883508,57.657008],[11.883515,57.657006],[11.883521,57.657003],[11.883527,57.657001],[11.883534,57.656999],[11.88354,57.656997],[11.883546,57.656994],[11.883553,57.656992],[11.883559,57.65699],[11.883565,57.656988],[11.883572,57.656986],[11.883582,57.656983],[11.883592,57.65698],[11.883601,57.656978],[11.883611,57.656974],[11.88362,57.656972],[11.88363,57.656969],[11.883639,57.656966],[11.883649,57.656963],[11.883658,57.65696],[11.883668,57.656957],[11.883677,57.656954],[11.883687,57.656951],[11.883696,57.656948],[11.883706,57.656945],[11.883715,57.656942],[11.883725,57.656939],[11.883734,57.656936],[11.883743,57.656933],[11.883752,57.65693],[11.883762,57.656927],[11.883771,57.656923],[11.88378,57.65692],[11.88379,57.656917],[11.883799,57.656914],[11.883809,57.656911],[11.883817,57.656908],[11.883827,57.656904],[11.883836,57.656901],[11.883845,57.656898],[11.883855,57.656895],[11.883863,57.656891],[11.883873,57.656888],[11.883882,57.656885],[11.883891,57.656881],[11.8839,57.656878],[11.883908,57.656875],[11.883918,57.656871],[11.883927,57.656868],[11.883936,57.656865],[11.883945,57.656862],[11.883954,57.656858],[11.883962,57.656855],[11.883972,57.656851],[11.88398,57.656848],[11.883989,57.656844],[11.883998,57.656841],[11.884007,57.656837],[11.884016,57.656833],[11.884025,57.65683],[11.884034,57.656827],[11.884042,57.656823],[11.884051,57.65682],[11.88406,57.656816],[11.884068,57.656812],[11.884077,57.656809],[11.884086,57.656805],[11.884094,57.656801],[11.884103,57.656798],[11.884111,57.656794],[11.88412,57.65679],[11.884128,57.656787],[11.884137,57.656783],[11.884146,57.656779],[11.884154,57.656776],[11.884162,57.656772],[11.884171,57.656768],[11.884179,57.656764],[11.884188,57.65676],[11.884196,57.656757],[11.884204,57.656753],[11.884213,57.656749],[11.885643,57.655589],[11.885746,57.655505],[11.885749,57.655503],[11.885752,57.655501],[11.885755,57.655499],[11.885758,57.655498],[11.885761,57.655496],[11.885765,57.655494],[11.885768,57.655492],[11.885771,57.655491],[11.885774,57.655489],[11.885777,57.655487],[11.885781,57.655486],[11.885784,57.655484],[11.885787,57.655482],[11.885791,57.655481],[11.885795,57.655479],[11.885798,57.655477],[11.885801,57.655476],[11.885805,57.655474],[11.885808,57.655473],[11.885811,57.655471],[11.885815,57.65547],[11.885818,57.655468],[11.885822,57.655467],[11.885825,57.655465],[11.885829,57.655464],[11.885832,57.655462],[11.885836,57.655461],[11.88584,57.655459],[11.885844,57.655458],[11.885848,57.655456],[11.885851,57.655454],[11.885855,57.655453],[11.885859,57.655452],[11.885863,57.655451],[11.885866,57.655449],[11.88587,57.655448],[11.885874,57.655447],[11.885878,57.655445],[11.885882,57.655444],[11.885886,57.655443],[11.885889,57.655442],[11.885893,57.65544],[11.885897,57.655439],[11.885901,57.655438],[11.885905,57.655436],[11.885909,57.655435],[11.885912,57.655434],[11.885916,57.655433],[11.88592,57.655432],[11.885924,57.655431],[11.885928,57.655429],[11.885933,57.655428],[11.885937,57.655427],[11.885941,57.655426],[11.885945,57.655425],[11.885949,57.655424],[11.885953,57.655423],[11.885958,57.655422],[11.885962,57.655421],[11.885966,57.65542],[11.88597,57.655419],[11.885974,57.655418],[11.885978,57.655417],[11.885982,57.655416],[11.885987,57.655415],[11.885991,57.655415],[11.885995,57.655414],[11.886,57.655413],[11.886004,57.655412],[11.886008,57.655411],[11.886012,57.655411],[11.886016,57.65541],[11.886021,57.655409],[11.886025,57.655408],[11.886164,57.655398],[11.88622,57.655358],[11.88618,57.655103],[11.884322,57.654094],[11.881947,57.653267],[11.881996,57.653198],[11.882016,57.652756],[11.882018,57.652711],[11.882026,57.652529],[11.881928,57.652371],[11.881753,57.652184],[11.883705,57.652129],[11.885372,57.651697],[11.888234,57.651758],[11.889246,57.651733],[11.890702,57.651796],[11.891134,57.652094],[11.891512,57.652383],[11.891848,57.652688],[11.892156,57.652985],[11.892564,57.653406],[11.892779,57.653635],[11.89287,57.653796],[11.893023,57.653844],[11.893738,57.654097],[11.894147,57.654242],[11.893029,57.65515]]]}},{"type":"Feature","properties":{"kod":"14800718","namn":"Västra Göteborg, Guldringen m fl"},"geometry":{"type":"Polygon","coordinates":[[[11.896255,57.657541],[11.896148,57.657622],[11.895251,57.658349],[11.893587,57.659762],[11.892782,57.660516],[11.892376,57.660916],[11.892326,57.66097],[11.889819,57.660182],[11.889383,57.660047],[11.890141,57.659367],[11.888446,57.658773],[11.889395,57.658002],[11.889479,57.658031],[11.890409,57.657276],[11.893029,57.65515],[11.89617,57.656298],[11.896207,57.656268],[11.896795,57.656484],[11.895785,57.657303],[11.896255,57.657541]]]}},{"type":"Feature","properties":{"kod":"14800719","namn":"Västra Göteborg, Tynnered Östra"},"geometry":{"type":"Polygon","coordinates":[[[11.904577,57.652486],[11.903368,57.653062],[11.902358,57.653589],[11.901049,57.654328],[11.90024,57.654809],[11.899504,57.655255],[11.898741,57.655755],[11.897925,57.65631],[11.897236,57.656805],[11.896255,57.657541],[11.895785,57.657303],[11.896795,57.656484],[11.896207,57.656268],[11.89617,57.656298],[11.893029,57.65515],[11.894147,57.654242],[11.893738,57.654097],[11.89509,57.652932],[11.895523,57.652558],[11.897659,57.653192],[11.898798,57.652134],[11.898551,57.651508],[11.898147,57.651349],[11.898272,57.65114],[11.898273,57.65089],[11.898712,57.650432],[11.899923,57.650781],[11.901243,57.651152],[11.902068,57.65138],[11.902498,57.65151],[11.902976,57.651683],[11.903451,57.651866],[11.9038,57.652041],[11.90412,57.652218],[11.904577,57.652486]]]}},{"type":"Feature","properties":{"kod":"14800720","namn":"Västra Göteborg, Skattegården"},"geometry":{"type":"Polygon","coordinates":[[[11.905792,57.651906],[11.904577,57.652486],[11.90412,57.652218],[11.9038,57.652041],[11.903451,57.651866],[11.902976,57.651683],[11.902498,57.65151],[11.902068,57.65138],[11.901243,57.651152],[11.899923,57.650781],[11.898712,57.650432],[11.89772,57.650146],[11.897267,57.650016],[11.895247,57.649437],[11.894063,57.649081],[11.895668,57.64679],[11.896287,57.646914],[11.897213,57.647151],[11.898923,57.647683],[11.899322,57.647341],[11.900212,57.647733],[11.900727,57.649027],[11.901456,57.648993],[11.903093,57.648873],[11.903562,57.649096],[11.905567,57.649068],[11.905468,57.649771],[11.90545,57.650562],[11.905301,57.650855],[11.905648,57.650966],[11.905967,57.651044],[11.90633,57.651115],[11.906833,57.65119],[11.90727,57.651248],[11.905792,57.651906]]]}},{"type":"Feature","properties":{"kod":"14800721","namn":"Västra Göteborg, Rubingatan m fl"},"geometry":{"type":"Polygon","coordinates":[[[11.903477,57.644435],[11.903496,57.647011],[11.9033,57.647125],[11.902986,57.647339],[11.903063,57.647438],[11.903156,57.647586],[11.903228,57.647762],[11.903288,57.647916],[11.903358,57.648193],[11.903562,57.649096],[11.903093,57.648873],[11.901456,57.648993],[11.900727,57.649027],[11.900212,57.647733],[11.899322,57.647341],[11.898923,57.647683],[11.897213,57.647151],[11.89744,57.646864],[11.898573,57.645905],[11.898858,57.645447],[11.899074,57.645167],[11.89962,57.645074],[11.900317,57.64491],[11.901726,57.644902],[11.901727,57.644512],[11.903477,57.644435]]]}},{"type":"Feature","properties":{"kod":"14800722","namn":"Västra Göteborg, Ängås"},"geometry":{"type":"Polygon","coordinates":[[[11.910307,57.645116],[11.910295,57.645659],[11.9097,57.645655],[11.909668,57.646999],[11.9078,57.646986],[11.907751,57.649017],[11.905567,57.649068],[11.903562,57.649096],[11.903358,57.648193],[11.903288,57.647916],[11.903228,57.647762],[11.903156,57.647586],[11.903063,57.647438],[11.902986,57.647339],[11.9033,57.647125],[11.903496,57.647011],[11.903477,57.644435],[11.903435,57.643892],[11.90437,57.643908],[11.905179,57.643921],[11.90566,57.643928],[11.905868,57.643931],[11.905882,57.643944],[11.905898,57.643956],[11.905918,57.643967],[11.905939,57.643977],[11.905961,57.643985],[11.905985,57.643993],[11.906011,57.643999],[11.906037,57.644004],[11.906877,57.644125],[11.908211,57.64429],[11.908334,57.644305],[11.90848,57.644321],[11.908624,57.644334],[11.908768,57.644346],[11.908913,57.644356],[11.909058,57.644365],[11.909171,57.644371],[11.909158,57.644645],[11.909409,57.644648],[11.910307,57.645116]]]}},{"type":"Feature","properties":{"kod":"14800723","namn":"Västra Göteborg, Topasgatan"},"geometry":{"type":"Polygon","coordinates":[[[11.91277,57.648563],[11.912769,57.648576],[11.913294,57.649002],[11.912991,57.649096],[11.911732,57.64953],[11.910355,57.650034],[11.90866,57.650686],[11.90727,57.651248],[11.906833,57.65119],[11.90633,57.651115],[11.905967,57.651044],[11.905648,57.650966],[11.905301,57.650855],[11.90545,57.650562],[11.905468,57.649771],[11.905567,57.649068],[11.907751,57.649017],[11.9078,57.646986],[11.909668,57.646999],[11.9097,57.645655],[11.910295,57.645659],[11.91063,57.645661],[11.912291,57.64623],[11.912284,57.64654],[11.912803,57.646543],[11.91277,57.648563]]]}},{"type":"Feature","properties":{"kod":"14800724","namn":"Västra Göteborg, Korsåsen"},"geometry":{"type":"Polygon","coordinates":[[[11.921632,57.646865],[11.920498,57.647092],[11.918069,57.647636],[11.917848,57.647686],[11.916615,57.648011],[11.915328,57.648372],[11.914895,57.648506],[11.913294,57.649002],[11.912769,57.648576],[11.91277,57.648563],[11.912803,57.646543],[11.912284,57.64654],[11.912291,57.64623],[11.91063,57.645661],[11.910295,57.645659],[11.910307,57.645116],[11.909409,57.644648],[11.909158,57.644645],[11.909171,57.644371],[11.909058,57.644365],[11.908913,57.644356],[11.908768,57.644346],[11.908624,57.644334],[11.90848,57.644321],[11.908334,57.644305],[11.908211,57.64429],[11.906877,57.644125],[11.906037,57.644004],[11.906011,57.643999],[11.905985,57.643993],[11.905961,57.643985],[11.905939,57.643977],[11.905918,57.643967],[11.905898,57.643956],[11.905882,57.643944],[11.905868,57.643931],[11.90566,57.643928],[11.905179,57.643921],[11.90437,57.643908],[11.906026,57.640386],[11.906127,57.640013],[11.906001,57.639269],[11.905548,57.639286],[11.905159,57.639155],[11.904399,57.638807],[11.903913,57.638789],[11.903508,57.638858],[11.903234,57.638485],[11.903818,57.637886],[11.903739,57.63713],[11.90476,57.637096],[11.904774,57.636595],[11.905383,57.636142],[11.905158,57.636059],[11.905561,57.635712],[11.911213,57.637845],[11.911918,57.638082],[11.912095,57.637946],[11.913319,57.63699],[11.913518,57.636834],[11.914108,57.637063],[11.914483,57.637496],[11.914747,57.637663],[11.915421,57.637972],[11.91561,57.638045],[11.916044,57.638181],[11.916396,57.638277],[11.917315,57.638626],[11.917557,57.638717],[11.917986,57.638911],[11.918897,57.639382],[11.919065,57.639443],[11.919371,57.639528],[11.919754,57.639609],[11.920174,57.639647],[11.920409,57.639658],[11.921091,57.63967],[11.921909,57.639683],[11.922056,57.639697],[11.922088,57.639697],[11.922245,57.639689],[11.922378,57.639694],[11.922491,57.639711],[11.922559,57.639725],[11.923641,57.639934],[11.923781,57.63994],[11.923846,57.639945],[11.923894,57.639948],[11.923955,57.639956],[11.924026,57.639967],[11.924116,57.639983],[11.924211,57.640003],[11.924281,57.640019],[11.924391,57.640054],[11.924454,57.640077],[11.924513,57.640099],[11.924569,57.640117],[11.924635,57.640134],[11.924719,57.640153],[11.924771,57.640166],[11.92484,57.640183],[11.924899,57.640199],[11.924935,57.64021],[11.924974,57.640222],[11.925343,57.640366],[11.925442,57.6404],[11.925501,57.64042],[11.925529,57.64043],[11.925554,57.640443],[11.925688,57.640526],[11.925798,57.64058],[11.926027,57.64068],[11.92638,57.640821],[11.926628,57.640941],[11.926812,57.64102],[11.926845,57.641033],[11.926928,57.64106],[11.927033,57.64109],[11.927119,57.641112],[11.927231,57.641138],[11.927329,57.641155],[11.927424,57.641172],[11.927521,57.6412],[11.927581,57.641222],[11.927617,57.641237],[11.927641,57.64125],[11.927658,57.641261],[11.927677,57.641273],[11.927692,57.641285],[11.927708,57.641299],[11.927727,57.641316],[11.927742,57.641332],[11.927757,57.641351],[11.927773,57.641366],[11.927792,57.641391],[11.927818,57.641415],[11.927833,57.641427],[11.927851,57.641445],[11.927871,57.641459],[11.927898,57.641475],[11.927924,57.641487],[11.927954,57.641497],[11.927981,57.641504],[11.928008,57.641509],[11.928038,57.641512],[11.92807,57.641516],[11.928095,57.64152],[11.928122,57.64152],[11.928153,57.641521],[11.928175,57.64152],[11.928204,57.64152],[11.928227,57.641519],[11.928263,57.64152],[11.928306,57.641521],[11.928349,57.641523],[11.928418,57.641528],[11.928475,57.641536],[11.928526,57.641545],[11.928569,57.641556],[11.928622,57.64157],[11.928658,57.641583],[11.928701,57.641602],[11.928732,57.641616],[11.928774,57.641641],[11.928811,57.641655],[11.928848,57.641667],[11.928877,57.641675],[11.928906,57.641686],[11.928947,57.641695],[11.928992,57.641704],[11.929026,57.641708],[11.929055,57.641712],[11.929095,57.641717],[11.92915,57.641718],[11.929185,57.641716],[11.929235,57.641711],[11.929277,57.641705],[11.929334,57.641703],[11.929375,57.641703],[11.929393,57.641705],[11.929408,57.641709],[11.92942,57.641716],[11.929436,57.641727],[11.92945,57.641738],[11.929475,57.641757],[11.929496,57.641774],[11.92953,57.641802],[11.929553,57.641818],[11.929561,57.641825],[11.929567,57.641835],[11.929573,57.641844],[11.929579,57.641861],[11.929583,57.641877],[11.929578,57.641893],[11.92957,57.641909],[11.929555,57.641924],[11.929549,57.641932],[11.929542,57.641941],[11.92953,57.641949],[11.929512,57.641961],[11.929489,57.641973],[11.929458,57.641986],[11.929424,57.641999],[11.929392,57.642009],[11.929364,57.642017],[11.929323,57.642028],[11.929286,57.642036],[11.929245,57.642045],[11.929208,57.642052],[11.929162,57.64206],[11.929105,57.642068],[11.929065,57.642073],[11.929036,57.642076],[11.929004,57.64208],[11.928978,57.642084],[11.928959,57.64209],[11.928951,57.642093],[11.928935,57.642098],[11.928924,57.642104],[11.928908,57.642113],[11.928898,57.642122],[11.928891,57.642128],[11.928888,57.642139],[11.928894,57.642151],[11.928905,57.642192],[11.928913,57.642219],[11.928924,57.642258],[11.928936,57.642299],[11.928954,57.642371],[11.928989,57.642563],[11.928998,57.642651],[11.929015,57.642758],[11.929012,57.642824],[11.929012,57.642854],[11.929017,57.64292],[11.929028,57.64295],[11.929039,57.642969],[11.929048,57.642983],[11.929064,57.643004],[11.929086,57.643029],[11.929162,57.643077],[11.929253,57.643142],[11.92928,57.643173],[11.929292,57.643187],[11.929363,57.643246],[11.929406,57.64327],[11.929422,57.643276],[11.929463,57.64329],[11.929525,57.643304],[11.929566,57.643312],[11.929605,57.643318],[11.929661,57.643329],[11.9297,57.643337],[11.92993,57.643376],[11.929975,57.643384],[11.930043,57.643396],[11.930078,57.6434],[11.930179,57.643411],[11.93034,57.643452],[11.930386,57.643467],[11.930409,57.643474],[11.930498,57.643521],[11.93056,57.643567],[11.930611,57.643607],[11.930683,57.64367],[11.930707,57.643689],[11.930729,57.643705],[11.930754,57.643716],[11.930803,57.643729],[11.931555,57.643878],[11.9316,57.643889],[11.931584,57.643927],[11.93156,57.643951],[11.931529,57.643974],[11.931498,57.643992],[11.931478,57.644004],[11.93147,57.644016],[11.931469,57.644026],[11.931484,57.644046],[11.931498,57.644069],[11.931508,57.644097],[11.931504,57.644125],[11.931498,57.644149],[11.931483,57.644167],[11.931461,57.644183],[11.931433,57.644197],[11.931405,57.644211],[11.931367,57.644224],[11.931346,57.644237],[11.931329,57.644253],[11.931323,57.644268],[11.931323,57.644292],[11.931324,57.64432],[11.931314,57.64434],[11.931307,57.644369],[11.931295,57.644405],[11.931292,57.644437],[11.931301,57.644469],[11.931326,57.644484],[11.931365,57.644501],[11.931414,57.644521],[11.931456,57.644538],[11.931502,57.644553],[11.931548,57.644566],[11.931592,57.644579],[11.931635,57.64459],[11.93171,57.644619],[11.931725,57.644629],[11.931744,57.64466],[11.931746,57.644663],[11.931742,57.64468],[11.931748,57.644708],[11.931756,57.64474],[11.931777,57.644782],[11.931789,57.644823],[11.931787,57.64487],[11.93177,57.644929],[11.931754,57.644972],[11.931722,57.645046],[11.931711,57.645068],[11.931686,57.645136],[11.931685,57.645176],[11.931687,57.645197],[11.931692,57.645219],[11.931699,57.645244],[11.931705,57.64526],[11.931715,57.645274],[11.931728,57.645289],[11.931747,57.645301],[11.932127,57.64547],[11.932254,57.645526],[11.932281,57.645537],[11.932351,57.645555],[11.932391,57.645557],[11.932427,57.645555],[11.932463,57.645547],[11.932496,57.645542],[11.932532,57.645946],[11.930149,57.646002],[11.928875,57.646043],[11.927316,57.646119],[11.925723,57.646255],[11.924358,57.64641],[11.923004,57.646618],[11.921632,57.646865]]]}},{"type":"Feature","properties":{"kod":"14800725","namn":"Västra Göteborg, Opaltorget Norra"},"geometry":{"type":"Polygon","coordinates":[[[11.903477,57.644435],[11.901727,57.644512],[11.901726,57.644902],[11.900317,57.64491],[11.89962,57.645074],[11.899074,57.645167],[11.899051,57.645135],[11.898962,57.645012],[11.898872,57.644835],[11.898859,57.644799],[11.898805,57.644637],[11.898789,57.644434],[11.898812,57.644202],[11.898885,57.643998],[11.898981,57.643832],[11.899139,57.643632],[11.899331,57.643452],[11.899621,57.643226],[11.899731,57.643005],[11.899918,57.642803],[11.900186,57.642482],[11.901131,57.6418],[11.901852,57.641311],[11.901806,57.641133],[11.900913,57.640642],[11.900699,57.640201],[11.900786,57.640187],[11.901066,57.640122],[11.90128,57.640052],[11.901603,57.639905],[11.901966,57.639695],[11.902395,57.639473],[11.902791,57.639268],[11.903508,57.638858],[11.903913,57.638789],[11.904399,57.638807],[11.905159,57.639155],[11.905548,57.639286],[11.906001,57.639269],[11.906127,57.640013],[11.906026,57.640386],[11.90437,57.643908],[11.903435,57.643892],[11.903477,57.644435]]]}},{"type":"Feature","properties":{"kod":"14800726","namn":"Västra Göteborg, Opaltorget Södra"},"geometry":{"type":"Polygon","coordinates":[[[11.903508,57.638858],[11.902791,57.639268],[11.902395,57.639473],[11.901966,57.639695],[11.901603,57.639905],[11.90128,57.640052],[11.901066,57.640122],[11.900786,57.640187],[11.900699,57.640201],[11.900913,57.640642],[11.901806,57.641133],[11.901852,57.641311],[11.901131,57.6418],[11.900186,57.642482],[11.899918,57.642803],[11.899731,57.643005],[11.899621,57.643226],[11.898924,57.643096],[11.898143,57.642904],[11.897708,57.642791],[11.896499,57.642566],[11.896045,57.642522],[11.895444,57.642462],[11.8957,57.642092],[11.896004,57.641622],[11.896028,57.64159],[11.896247,57.641289],[11.896548,57.640899],[11.896828,57.640414],[11.897022,57.640158],[11.8974,57.639611],[11.89756,57.639399],[11.897773,57.639141],[11.897925,57.638835],[11.898025,57.638539],[11.898053,57.638272],[11.898056,57.638187],[11.898062,57.63799],[11.898014,57.637473],[11.897962,57.637055],[11.897892,57.636402],[11.897909,57.635839],[11.898144,57.634803],[11.898212,57.634571],[11.898747,57.63462],[11.899372,57.634641],[11.900585,57.634722],[11.902151,57.634861],[11.903299,57.635044],[11.90438,57.635306],[11.905561,57.635712],[11.905158,57.636059],[11.905383,57.636142],[11.904774,57.636595],[11.90476,57.637096],[11.903739,57.63713],[11.903818,57.637886],[11.903234,57.638485],[11.903508,57.638858]]]}},{"type":"Feature","properties":{"kod":"14800727","namn":"Västra Göteborg, Grevegården"},"geometry":{"type":"Polygon","coordinates":[[[11.899074,57.645167],[11.898858,57.645447],[11.898573,57.645905],[11.89744,57.646864],[11.897213,57.647151],[11.896287,57.646914],[11.895668,57.64679],[11.89381,57.646416],[11.893897,57.646297],[11.894402,57.645545],[11.894631,57.645238],[11.894756,57.645002],[11.894831,57.6448],[11.894828,57.644619],[11.894784,57.644361],[11.894651,57.6441],[11.894639,57.644043],[11.894595,57.643836],[11.894668,57.643558],[11.89487,57.643273],[11.895173,57.642813],[11.895444,57.642462],[11.896045,57.642522],[11.896499,57.642566],[11.897708,57.642791],[11.898143,57.642904],[11.898924,57.643096],[11.899621,57.643226],[11.899331,57.643452],[11.899139,57.643632],[11.898981,57.643832],[11.898885,57.643998],[11.898812,57.644202],[11.898789,57.644434],[11.898805,57.644637],[11.898859,57.644799],[11.898872,57.644835],[11.898962,57.645012],[11.899051,57.645135],[11.899074,57.645167]]]}},{"type":"Feature","properties":{"kod":"14800728","namn":"Västra Göteborg, Önnered Norra"},"geometry":{"type":"Polygon","coordinates":[[[11.89381,57.646416],[11.895668,57.64679],[11.894063,57.649081],[11.892755,57.648688],[11.892228,57.648547],[11.891859,57.648448],[11.891137,57.648061],[11.890723,57.647762],[11.890303,57.647382],[11.890026,57.64712],[11.889725,57.646892],[11.889334,57.646693],[11.88889,57.646507],[11.888435,57.646385],[11.887928,57.646269],[11.887513,57.646212],[11.887034,57.646217],[11.886439,57.646241],[11.88609,57.646283],[11.885368,57.646433],[11.884942,57.646567],[11.884346,57.646862],[11.883999,57.647025],[11.883583,57.647193],[11.883084,57.647349],[11.882632,57.647473],[11.882013,57.647578],[11.881537,57.647619],[11.881023,57.647646],[11.87977,57.64771],[11.87903,57.647752],[11.878258,57.647779],[11.878183,57.647782],[11.877109,57.647812],[11.876023,57.647843],[11.87378,57.647847],[11.871498,57.647863],[11.870186,57.647869],[11.867803,57.64788],[11.867968,57.647122],[11.868041,57.646856],[11.868071,57.646684],[11.868057,57.646495],[11.867988,57.646306],[11.867842,57.646094],[11.86725,57.645635],[11.867943,57.645425],[11.868215,57.645775],[11.869186,57.645746],[11.8693,57.64537],[11.870875,57.643163],[11.872586,57.642402],[11.875476,57.642566],[11.876012,57.642669],[11.876966,57.642853],[11.877605,57.64291],[11.878172,57.64291],[11.877717,57.643353],[11.87932,57.643398],[11.880049,57.643338],[11.880616,57.643321],[11.881118,57.643323],[11.881604,57.643354],[11.881598,57.643397],[11.881538,57.643643],[11.881823,57.643669],[11.882042,57.643876],[11.884159,57.644032],[11.884031,57.64444],[11.884775,57.644814],[11.885463,57.644793],[11.886609,57.644746],[11.887322,57.64479],[11.888018,57.645008],[11.888876,57.645261],[11.889831,57.64547],[11.890656,57.645688],[11.892374,57.645273],[11.894402,57.645545],[11.893897,57.646297],[11.89381,57.646416]]]}},{"type":"Feature","properties":{"kod":"14800729","namn":"Västra Göteborg, Önnered Östra"},"geometry":{"type":"Polygon","coordinates":[[[11.894402,57.645545],[11.892374,57.645273],[11.890656,57.645688],[11.889831,57.64547],[11.888876,57.645261],[11.888018,57.645008],[11.887322,57.64479],[11.886609,57.644746],[11.885463,57.644793],[11.884775,57.644814],[11.884031,57.64444],[11.884159,57.644032],[11.884334,57.643519],[11.884531,57.643451],[11.884592,57.643442],[11.884708,57.64336],[11.884773,57.643314],[11.884908,57.643238],[11.885038,57.643193],[11.885125,57.643079],[11.885224,57.642948],[11.885306,57.642829],[11.885051,57.64281],[11.885141,57.642458],[11.885184,57.642294],[11.885205,57.642207],[11.885262,57.641988],[11.885346,57.641658],[11.885651,57.641348],[11.885751,57.641247],[11.885895,57.641101],[11.886067,57.64098],[11.885977,57.640896],[11.885878,57.640596],[11.885903,57.640184],[11.885908,57.6401],[11.886052,57.639877],[11.885792,57.639642],[11.885344,57.639454],[11.885046,57.639351],[11.885459,57.639068],[11.885029,57.638889],[11.885552,57.638891],[11.885773,57.638722],[11.88603,57.638576],[11.886639,57.638583],[11.886637,57.638542],[11.886608,57.638491],[11.886487,57.638435],[11.885593,57.637768],[11.885547,57.637814],[11.885452,57.637825],[11.883869,57.637161],[11.883219,57.637431],[11.883114,57.63737],[11.882868,57.637199],[11.88271,57.637134],[11.882552,57.637088],[11.882422,57.637042],[11.882333,57.636968],[11.882172,57.636642],[11.882108,57.636498],[11.882045,57.636298],[11.881963,57.636153],[11.881682,57.635936],[11.882078,57.635782],[11.882574,57.635511],[11.883225,57.635128],[11.883739,57.634847],[11.884357,57.634585],[11.885165,57.634322],[11.886026,57.634142],[11.887026,57.634035],[11.887853,57.63406],[11.889795,57.634338],[11.890784,57.634502],[11.891715,57.634629],[11.892532,57.634705],[11.893357,57.634746],[11.893904,57.634768],[11.894478,57.634775],[11.895824,57.634741],[11.896668,57.634683],[11.898212,57.634571],[11.898144,57.634803],[11.897909,57.635839],[11.897892,57.636402],[11.897962,57.637055],[11.898014,57.637473],[11.898062,57.63799],[11.898056,57.638187],[11.898053,57.638272],[11.898025,57.638539],[11.897925,57.638835],[11.897773,57.639141],[11.89756,57.639399],[11.8974,57.639611],[11.897022,57.640158],[11.896828,57.640414],[11.896548,57.640899],[11.896247,57.641289],[11.896028,57.64159],[11.896004,57.641622],[11.8957,57.642092],[11.895444,57.642462],[11.895173,57.642813],[11.89487,57.643273],[11.894668,57.643558],[11.894595,57.643836],[11.894639,57.644043],[11.894651,57.6441],[11.894784,57.644361],[11.894828,57.644619],[11.894831,57.6448],[11.894756,57.645002],[11.894631,57.645238],[11.894402,57.645545]]]}},{"type":"Feature","properties":{"kod":"14800730","namn":"Västra Göteborg, Önnered Västra"},"geometry":{"type":"Polygon","coordinates":[[[11.884159,57.644032],[11.882042,57.643876],[11.881823,57.643669],[11.881538,57.643643],[11.881598,57.643397],[11.881604,57.643354],[11.881118,57.643323],[11.880616,57.643321],[11.880049,57.643338],[11.87932,57.643398],[11.877717,57.643353],[11.878172,57.64291],[11.877605,57.64291],[11.876966,57.642853],[11.876012,57.642669],[11.875476,57.642566],[11.872586,57.642402],[11.870875,57.643163],[11.8693,57.64537],[11.869186,57.645746],[11.868215,57.645775],[11.867943,57.645425],[11.86725,57.645635],[11.866905,57.645515],[11.866399,57.645351],[11.865802,57.64517],[11.865043,57.644934],[11.864308,57.644698],[11.863768,57.644548],[11.863124,57.644366],[11.862597,57.644246],[11.862356,57.64421],[11.862082,57.644248],[11.861854,57.644329],[11.861719,57.644452],[11.861687,57.644618],[11.86175,57.645004],[11.861731,57.645188],[11.861584,57.645324],[11.861346,57.645509],[11.860798,57.645413],[11.860396,57.645358],[11.859663,57.645229],[11.859429,57.644941],[11.859161,57.644611],[11.859061,57.644488],[11.858793,57.644159],[11.856753,57.643042],[11.857878,57.641643],[11.858456,57.641333],[11.858521,57.641297],[11.858064,57.641251],[11.853091,57.642486],[11.848207,57.640476],[11.841678,57.639132],[11.841552,57.639195],[11.841316,57.639393],[11.841264,57.639336],[11.841209,57.639279],[11.841151,57.639223],[11.841093,57.639168],[11.84103,57.639113],[11.840966,57.639059],[11.840899,57.639007],[11.84083,57.638954],[11.840758,57.638903],[11.840685,57.638853],[11.840609,57.638804],[11.840531,57.638755],[11.84045,57.638708],[11.840369,57.638662],[11.840284,57.638617],[11.840198,57.638573],[11.84011,57.63853],[11.84002,57.638488],[11.839928,57.638447],[11.839835,57.638408],[11.839739,57.638369],[11.839642,57.638332],[11.839543,57.638296],[11.839443,57.638262],[11.839342,57.638229],[11.839238,57.638197],[11.839134,57.638166],[11.839028,57.638137],[11.838921,57.638109],[11.838812,57.638082],[11.838697,57.638043],[11.83858,57.638004],[11.83846,57.637968],[11.83834,57.637932],[11.838218,57.637899],[11.838095,57.637866],[11.83797,57.637836],[11.837844,57.637806],[11.837717,57.637779],[11.837589,57.637752],[11.838449,57.637407],[11.838845,57.637251],[11.84151,57.636197],[11.84415,57.635177],[11.846807,57.635128],[11.850065,57.634854],[11.853551,57.633619],[11.858877,57.633196],[11.859267,57.63356],[11.863705,57.634188],[11.865287,57.633667],[11.867158,57.633454],[11.868259,57.633719],[11.869066,57.634053],[11.86985,57.632652],[11.870079,57.632478],[11.871162,57.632041],[11.871712,57.632384],[11.872246,57.632862],[11.872488,57.633328],[11.872724,57.633439],[11.873819,57.633313],[11.87486,57.633532],[11.875074,57.633837],[11.874498,57.634209],[11.874205,57.634841],[11.873853,57.635002],[11.872028,57.635834],[11.872617,57.636387],[11.872736,57.636694],[11.872746,57.637035],[11.872888,57.637197],[11.873292,57.637153],[11.87335,57.637257],[11.873504,57.637533],[11.873227,57.637578],[11.873266,57.637621],[11.873801,57.637525],[11.874425,57.637396],[11.874979,57.637235],[11.875437,57.637074],[11.876432,57.636715],[11.876908,57.63655],[11.87735,57.636436],[11.877748,57.636359],[11.878122,57.636311],[11.878843,57.636247],[11.879885,57.636153],[11.880673,57.636085],[11.880797,57.636075],[11.881274,57.636016],[11.881682,57.635936],[11.881963,57.636153],[11.882045,57.636298],[11.882108,57.636498],[11.882172,57.636642],[11.882333,57.636968],[11.882422,57.637042],[11.882552,57.637088],[11.88271,57.637134],[11.882868,57.637199],[11.883114,57.63737],[11.883219,57.637431],[11.883869,57.637161],[11.885452,57.637825],[11.885547,57.637814],[11.885593,57.637768],[11.886487,57.638435],[11.886608,57.638491],[11.886637,57.638542],[11.886639,57.638583],[11.88603,57.638576],[11.885773,57.638722],[11.885552,57.638891],[11.885029,57.638889],[11.885459,57.639068],[11.885046,57.639351],[11.885344,57.639454],[11.885792,57.639642],[11.886052,57.639877],[11.885908,57.6401],[11.885903,57.640184],[11.885878,57.640596],[11.885977,57.640896],[11.886067,57.64098],[11.885895,57.641101],[11.885751,57.641247],[11.885651,57.641348],[11.885346,57.641658],[11.885262,57.641988],[11.885205,57.642207],[11.885184,57.642294],[11.885141,57.642458],[11.885051,57.64281],[11.885306,57.642829],[11.885224,57.642948],[11.885125,57.643079],[11.885038,57.643193],[11.884908,57.643238],[11.884773,57.643314],[11.884708,57.64336],[11.884592,57.643442],[11.884531,57.643451],[11.884334,57.643519],[11.884159,57.644032]]]}},{"type":"Feature","properties":{"kod":"14800731","namn":"Västra Göteborg, Åkered"},"geometry":{"type":"Polygon","coordinates":[[[11.874979,57.637235],[11.874425,57.637396],[11.873801,57.637525],[11.873266,57.637621],[11.873227,57.637578],[11.873504,57.637533],[11.87335,57.637257],[11.873292,57.637153],[11.872888,57.637197],[11.872746,57.637035],[11.872736,57.636694],[11.872617,57.636387],[11.872028,57.635834],[11.873853,57.635002],[11.874205,57.634841],[11.874498,57.634209],[11.875074,57.633837],[11.87486,57.633532],[11.873819,57.633313],[11.872724,57.633439],[11.872488,57.633328],[11.872246,57.632862],[11.871712,57.632384],[11.871162,57.632041],[11.870985,57.630353],[11.871842,57.629452],[11.874479,57.627913],[11.874489,57.627213],[11.87444,57.625442],[11.878462,57.625669],[11.878889,57.625593],[11.87998,57.625944],[11.880395,57.62604],[11.880691,57.6262],[11.881023,57.626289],[11.883785,57.627208],[11.883986,57.62726],[11.884164,57.627285],[11.88477,57.627273],[11.885232,57.627318],[11.885683,57.627318],[11.886478,57.627434],[11.887558,57.627371],[11.888935,57.627315],[11.889326,57.627252],[11.888696,57.627754],[11.888399,57.627919],[11.888054,57.628237],[11.889322,57.628856],[11.889131,57.628983],[11.888728,57.629091],[11.888779,57.629158],[11.888939,57.629317],[11.889052,57.629471],[11.889098,57.629482],[11.88909,57.629509],[11.889095,57.62951],[11.889275,57.629553],[11.889293,57.629549],[11.889308,57.629544],[11.889322,57.629537],[11.889334,57.62953],[11.889343,57.629521],[11.889349,57.629516],[11.889357,57.629511],[11.889367,57.629507],[11.889379,57.629505],[11.889978,57.629556],[11.890127,57.629569],[11.890277,57.629561],[11.890477,57.62955],[11.890897,57.629789],[11.890872,57.629895],[11.89058,57.629954],[11.890972,57.630025],[11.89129,57.630101],[11.891559,57.630098],[11.892112,57.629925],[11.893365,57.630051],[11.893366,57.630347],[11.894003,57.630349],[11.894075,57.630406],[11.896022,57.631087],[11.89665,57.630562],[11.899015,57.631361],[11.898917,57.631444],[11.899158,57.631526],[11.898621,57.631984],[11.899258,57.63221],[11.899208,57.632388],[11.898871,57.63311],[11.898679,57.633484],[11.898294,57.634297],[11.898212,57.634571],[11.896668,57.634683],[11.895824,57.634741],[11.894478,57.634775],[11.893904,57.634768],[11.893357,57.634746],[11.892532,57.634705],[11.891715,57.634629],[11.890784,57.634502],[11.889795,57.634338],[11.887853,57.63406],[11.887026,57.634035],[11.886026,57.634142],[11.885165,57.634322],[11.884357,57.634585],[11.883739,57.634847],[11.883225,57.635128],[11.882574,57.635511],[11.882078,57.635782],[11.881682,57.635936],[11.881274,57.636016],[11.880797,57.636075],[11.880673,57.636085],[11.879885,57.636153],[11.878843,57.636247],[11.878122,57.636311],[11.877748,57.636359],[11.87735,57.636436],[11.876908,57.63655],[11.876432,57.636715],[11.875437,57.637074],[11.874979,57.637235]]]}},{"type":"Feature","properties":{"kod":"14800732","namn":"Västra Göteborg, Välen"},"geometry":{"type":"Polygon","coordinates":[[[11.908615,57.630938],[11.908874,57.631731],[11.909063,57.631993],[11.909269,57.632306],[11.909472,57.632861],[11.909598,57.633611],[11.909706,57.633994],[11.909876,57.634273],[11.909966,57.634326],[11.910604,57.634586],[11.910979,57.634772],[11.911349,57.635034],[11.9114,57.63507],[11.91166,57.635324],[11.911225,57.635664],[11.913071,57.636634],[11.913267,57.636737],[11.913328,57.636761],[11.913518,57.636834],[11.913319,57.63699],[11.912095,57.637946],[11.911918,57.638082],[11.911213,57.637845],[11.905561,57.635712],[11.90438,57.635306],[11.903299,57.635044],[11.902151,57.634861],[11.900585,57.634722],[11.899372,57.634641],[11.898747,57.63462],[11.898212,57.634571],[11.898294,57.634297],[11.898679,57.633484],[11.898871,57.63311],[11.899208,57.632388],[11.899258,57.63221],[11.898621,57.631984],[11.899158,57.631526],[11.898917,57.631444],[11.899015,57.631361],[11.89665,57.630562],[11.896022,57.631087],[11.894075,57.630406],[11.894003,57.630349],[11.893366,57.630347],[11.893365,57.630051],[11.892112,57.629925],[11.89255,57.629213],[11.893619,57.62921],[11.893939,57.62829],[11.894398,57.627758],[11.895973,57.626498],[11.897104,57.627012],[11.897446,57.626849],[11.898044,57.627242],[11.898029,57.627328],[11.898505,57.627336],[11.899147,57.627353],[11.899676,57.627364],[11.900405,57.627368],[11.900403,57.627156],[11.900473,57.626357],[11.90051,57.625858],[11.900546,57.625344],[11.900571,57.625171],[11.900612,57.624955],[11.900714,57.624701],[11.900872,57.624476],[11.901118,57.624067],[11.900677,57.62396],[11.901047,57.623399],[11.901287,57.62321],[11.901352,57.622989],[11.901354,57.622691],[11.90111,57.621463],[11.900873,57.620734],[11.900284,57.620367],[11.902448,57.619658],[11.901681,57.617807],[11.89845,57.617229],[11.898478,57.615824],[11.898266,57.615592],[11.898297,57.615448],[11.897157,57.615013],[11.898326,57.61393],[11.901102,57.613106],[11.907224,57.610861],[11.909741,57.613349],[11.90981,57.613418],[11.909907,57.613428],[11.910024,57.613442],[11.910141,57.613457],[11.910258,57.613474],[11.910373,57.613491],[11.910488,57.613511],[11.910602,57.613532],[11.910715,57.613554],[11.910827,57.613577],[11.910938,57.613602],[11.911049,57.613628],[11.911157,57.613655],[11.911265,57.613684],[11.911372,57.613714],[11.911477,57.613745],[11.911581,57.613778],[11.911684,57.613811],[11.911785,57.613846],[11.911885,57.613883],[11.911983,57.61392],[11.91208,57.613958],[11.912185,57.614002],[11.91229,57.614047],[11.912391,57.614094],[11.912492,57.614141],[11.912589,57.61419],[11.912686,57.61424],[11.91278,57.614291],[11.912871,57.614343],[11.912961,57.614397],[11.913048,57.614451],[11.913133,57.614506],[11.913216,57.614563],[11.913296,57.61462],[11.913374,57.614678],[11.91345,57.614738],[11.913536,57.614782],[11.91362,57.614828],[11.913702,57.614875],[11.913782,57.614924],[11.91386,57.614973],[11.913935,57.615023],[11.914008,57.615074],[11.914079,57.615126],[11.914146,57.615179],[11.914212,57.615234],[11.914275,57.615289],[11.914335,57.615344],[11.914393,57.615401],[11.914448,57.615458],[11.9145,57.615516],[11.91455,57.615562],[11.914598,57.615609],[11.914644,57.615657],[11.914686,57.615706],[11.914725,57.615755],[11.914761,57.615805],[11.914796,57.615856],[11.914827,57.615906],[11.914855,57.615958],[11.914884,57.616008],[11.91491,57.61606],[11.914934,57.616111],[11.914955,57.616162],[11.914973,57.616214],[11.914989,57.616267],[11.915002,57.616319],[11.91505,57.616387],[11.915097,57.616456],[11.91514,57.616525],[11.915181,57.616595],[11.915219,57.616665],[11.915254,57.616735],[11.915286,57.616806],[11.915315,57.616878],[11.915341,57.616949],[11.915364,57.617021],[11.915385,57.617093],[11.915402,57.617166],[11.915427,57.617238],[11.915449,57.617311],[11.915917,57.617281],[11.915913,57.617308],[11.915912,57.617352],[11.915909,57.617379],[11.915908,57.617413],[11.915909,57.617439],[11.915912,57.617472],[11.915916,57.617498],[11.915922,57.617522],[11.915925,57.617553],[11.915929,57.617582],[11.91593,57.617608],[11.915934,57.617638],[11.915937,57.617662],[11.915939,57.617685],[11.915947,57.617725],[11.915953,57.617752],[11.915959,57.617779],[11.915968,57.617815],[11.91598,57.61785],[11.915989,57.617882],[11.916004,57.61791],[11.916018,57.617935],[11.916028,57.617958],[11.916038,57.617985],[11.91605,57.618011],[11.916062,57.618036],[11.916076,57.61807],[11.916087,57.618095],[11.9161,57.618124],[11.916112,57.618147],[11.916123,57.618167],[11.916128,57.618177],[11.916144,57.618202],[11.916156,57.618223],[11.916172,57.618249],[11.916182,57.618269],[11.916205,57.618299],[11.916231,57.618336],[11.916267,57.618387],[11.91628,57.618408],[11.916298,57.618431],[11.916316,57.618457],[11.916335,57.618482],[11.916357,57.618506],[11.916379,57.61853],[11.916412,57.618563],[11.91643,57.61858],[11.916453,57.618608],[11.916473,57.618632],[11.916486,57.618652],[11.916505,57.618673],[11.91653,57.618698],[11.916583,57.618743],[11.916613,57.618767],[11.916638,57.61879],[11.916663,57.618813],[11.916688,57.618832],[11.916742,57.618877],[11.916764,57.618895],[11.916786,57.61891],[11.916806,57.618928],[11.916831,57.618949],[11.916864,57.618978],[11.916898,57.619002],[11.916938,57.619027],[11.916963,57.619041],[11.916984,57.619064],[11.916993,57.619068],[11.917012,57.619116],[11.917026,57.619158],[11.917037,57.619196],[11.917054,57.619244],[11.917069,57.619287],[11.917079,57.619318],[11.917103,57.61936],[11.917128,57.619404],[11.917147,57.619441],[11.917162,57.619475],[11.917171,57.619492],[11.917186,57.619515],[11.9172,57.619542],[11.917217,57.619573],[11.917238,57.619605],[11.917245,57.619622],[11.917257,57.61964],[11.91728,57.619667],[11.917304,57.619702],[11.917314,57.619711],[11.917335,57.619728],[11.917367,57.619758],[11.917387,57.619798],[11.917404,57.619824],[11.917417,57.619838],[11.917421,57.61984],[11.917386,57.619841],[11.917359,57.61984],[11.917353,57.619839],[11.917288,57.619833],[11.9172,57.619822],[11.91713,57.619816],[11.91704,57.619811],[11.916963,57.619805],[11.916913,57.6198],[11.916837,57.619797],[11.916739,57.619797],[11.916649,57.619796],[11.916587,57.619794],[11.916497,57.619795],[11.916414,57.619795],[11.916327,57.619795],[11.916252,57.619795],[11.916186,57.619799],[11.916114,57.619799],[11.916047,57.619802],[11.915982,57.619805],[11.915924,57.619808],[11.915809,57.619811],[11.915748,57.619813],[11.915659,57.61982],[11.915585,57.619827],[11.915543,57.619831],[11.915522,57.619831],[11.915427,57.619836],[11.915357,57.619841],[11.915311,57.619843],[11.915264,57.619847],[11.915183,57.619856],[11.915141,57.61986],[11.915105,57.619866],[11.915062,57.619871],[11.915011,57.619878],[11.914948,57.619885],[11.91489,57.619892],[11.914834,57.619897],[11.914768,57.619904],[11.914693,57.619915],[11.914617,57.619931],[11.914558,57.619943],[11.914535,57.61995],[11.914487,57.61996],[11.914432,57.61997],[11.914383,57.61998],[11.914328,57.619989],[11.914094,57.620032],[11.913295,57.620199],[11.913284,57.6202],[11.913228,57.620218],[11.913156,57.62024],[11.91309,57.620265],[11.913029,57.620286],[11.912975,57.620302],[11.912925,57.620318],[11.912886,57.620329],[11.91284,57.620347],[11.912794,57.620362],[11.912755,57.620375],[11.912702,57.620394],[11.912665,57.620408],[11.912627,57.62042],[11.912589,57.620436],[11.912554,57.620447],[11.912511,57.620464],[11.912466,57.620481],[11.912435,57.620497],[11.912407,57.620508],[11.912374,57.620525],[11.912345,57.620537],[11.912313,57.620553],[11.912261,57.620574],[11.912213,57.620593],[11.912168,57.620613],[11.912111,57.620639],[11.91206,57.620661],[11.912017,57.620682],[11.911973,57.620701],[11.911937,57.620716],[11.911895,57.620737],[11.911859,57.620755],[11.911817,57.620774],[11.911789,57.620791],[11.911758,57.620811],[11.911705,57.620837],[11.91168,57.620851],[11.911654,57.620863],[11.911637,57.620874],[11.911616,57.620887],[11.911522,57.620942],[11.911442,57.620991],[11.911363,57.621041],[11.911287,57.621093],[11.911211,57.621148],[11.910525,57.622479],[11.911372,57.62346],[11.911544,57.623659],[11.911532,57.624615],[11.910555,57.626425],[11.910493,57.626553],[11.910265,57.627021],[11.910014,57.627609],[11.909754,57.628122],[11.909583,57.628344],[11.909203,57.62877],[11.908959,57.629077],[11.908868,57.629349],[11.908774,57.629641],[11.908724,57.629807],[11.908687,57.629925],[11.908563,57.630472],[11.908544,57.630664],[11.908615,57.630938]]]}},{"type":"Feature","properties":{"kod":"14800733","namn":"Västra Göteborg, Näset Norra"},"geometry":{"type":"Polygon","coordinates":[[[11.865287,57.633667],[11.863705,57.634188],[11.859267,57.63356],[11.858877,57.633196],[11.855449,57.629197],[11.856055,57.626813],[11.855919,57.626559],[11.854961,57.624769],[11.856623,57.621084],[11.853764,57.619112],[11.85291,57.617664],[11.837363,57.616731],[11.835505,57.614769],[11.83925,57.614131],[11.841534,57.615187],[11.845212,57.615017],[11.859855,57.615442],[11.870659,57.61982],[11.872329,57.620187],[11.872631,57.61852],[11.874763,57.617118],[11.881967,57.61967],[11.882799,57.6191],[11.885753,57.620062],[11.886477,57.619914],[11.887921,57.620737],[11.88909,57.621321],[11.889641,57.621892],[11.890045,57.622235],[11.890731,57.622724],[11.890959,57.622856],[11.891318,57.623085],[11.891621,57.623343],[11.892253,57.623665],[11.892881,57.623685],[11.893147,57.623731],[11.893396,57.62381],[11.8936,57.623894],[11.893778,57.62395],[11.893946,57.623987],[11.894274,57.623991],[11.894546,57.623961],[11.894885,57.62392],[11.895442,57.623859],[11.895794,57.623831],[11.896098,57.623843],[11.89639,57.623891],[11.896616,57.623951],[11.897043,57.62409],[11.897406,57.6242],[11.89772,57.624207],[11.898643,57.62421],[11.899684,57.624273],[11.899999,57.624236],[11.900331,57.624153],[11.900537,57.624067],[11.900677,57.62396],[11.901118,57.624067],[11.900872,57.624476],[11.900714,57.624701],[11.900612,57.624955],[11.900571,57.625171],[11.900546,57.625344],[11.90051,57.625858],[11.900473,57.626357],[11.900403,57.627156],[11.900405,57.627368],[11.899676,57.627364],[11.899147,57.627353],[11.898505,57.627336],[11.898029,57.627328],[11.898044,57.627242],[11.897446,57.626849],[11.897104,57.627012],[11.895973,57.626498],[11.894398,57.627758],[11.893939,57.62829],[11.893619,57.62921],[11.89255,57.629213],[11.892112,57.629925],[11.891559,57.630098],[11.89129,57.630101],[11.890972,57.630025],[11.89058,57.629954],[11.890872,57.629895],[11.890897,57.629789],[11.890477,57.62955],[11.890277,57.629561],[11.890127,57.629569],[11.889978,57.629556],[11.889379,57.629505],[11.889367,57.629507],[11.889357,57.629511],[11.889349,57.629516],[11.889343,57.629521],[11.889334,57.62953],[11.889322,57.629537],[11.889308,57.629544],[11.889293,57.629549],[11.889275,57.629553],[11.889095,57.62951],[11.88909,57.629509],[11.889098,57.629482],[11.889052,57.629471],[11.888939,57.629317],[11.888779,57.629158],[11.888728,57.629091],[11.889131,57.628983],[11.889322,57.628856],[11.888054,57.628237],[11.888399,57.627919],[11.888696,57.627754],[11.889326,57.627252],[11.888935,57.627315],[11.887558,57.627371],[11.886478,57.627434],[11.885683,57.627318],[11.885232,57.627318],[11.88477,57.627273],[11.884164,57.627285],[11.883986,57.62726],[11.883785,57.627208],[11.881023,57.626289],[11.880691,57.6262],[11.880395,57.62604],[11.87998,57.625944],[11.878889,57.625593],[11.878462,57.625669],[11.87444,57.625442],[11.874489,57.627213],[11.874479,57.627913],[11.871842,57.629452],[11.870985,57.630353],[11.871162,57.632041],[11.870079,57.632478],[11.86985,57.632652],[11.869066,57.634053],[11.868259,57.633719],[11.867158,57.633454],[11.865287,57.633667]]]}},{"type":"Feature","properties":{"kod":"14800734","namn":"Västra Göteborg, Näset Södra"},"geometry":{"type":"Polygon","coordinates":[[[11.900677,57.62396],[11.900537,57.624067],[11.900331,57.624153],[11.899999,57.624236],[11.899684,57.624273],[11.898643,57.62421],[11.89772,57.624207],[11.897406,57.6242],[11.897043,57.62409],[11.896616,57.623951],[11.89639,57.623891],[11.896098,57.623843],[11.895794,57.623831],[11.895442,57.623859],[11.894885,57.62392],[11.894546,57.623961],[11.894274,57.623991],[11.893946,57.623987],[11.893778,57.62395],[11.8936,57.623894],[11.893396,57.62381],[11.893147,57.623731],[11.892881,57.623685],[11.892253,57.623665],[11.891621,57.623343],[11.891318,57.623085],[11.890959,57.622856],[11.890731,57.622724],[11.890045,57.622235],[11.889641,57.621892],[11.88909,57.621321],[11.887921,57.620737],[11.886477,57.619914],[11.885753,57.620062],[11.882799,57.6191],[11.881967,57.61967],[11.874763,57.617118],[11.872631,57.61852],[11.872329,57.620187],[11.870659,57.61982],[11.859855,57.615442],[11.845212,57.615017],[11.841534,57.615187],[11.83925,57.614131],[11.835505,57.614769],[11.831426,57.61046],[11.831015,57.607066],[11.83154,57.606257],[11.831652,57.606234],[11.831763,57.60621],[11.831873,57.606185],[11.831981,57.606159],[11.832089,57.60613],[11.832195,57.606101],[11.8323,57.606071],[11.832403,57.606039],[11.832505,57.606005],[11.832605,57.605971],[11.832704,57.605935],[11.832801,57.605898],[11.832897,57.605859],[11.832991,57.60582],[11.833083,57.605779],[11.833173,57.605737],[11.833261,57.605694],[11.833348,57.60565],[11.833433,57.605605],[11.833515,57.605558],[11.833595,57.605511],[11.833673,57.605462],[11.83375,57.605413],[11.833823,57.605363],[11.833895,57.605312],[11.833964,57.605259],[11.834044,57.605203],[11.834121,57.605145],[11.834196,57.605087],[11.834267,57.605027],[11.834336,57.604966],[11.834401,57.604904],[11.83446,57.604848],[11.834516,57.60479],[11.834569,57.604732],[11.83462,57.604673],[11.834669,57.604614],[11.834714,57.604554],[11.834764,57.604495],[11.834812,57.604435],[11.834856,57.604375],[11.834898,57.604315],[11.834938,57.604254],[11.834974,57.604192],[11.835008,57.604129],[11.835045,57.60407],[11.835079,57.60401],[11.83511,57.603951],[11.835139,57.60389],[11.835165,57.603829],[11.835189,57.603768],[11.83521,57.603706],[11.835229,57.603645],[11.835245,57.603583],[11.835257,57.603521],[11.835267,57.603459],[11.835275,57.603396],[11.83528,57.603334],[11.835282,57.603271],[11.835282,57.603209],[11.835279,57.603147],[11.835273,57.603084],[11.835264,57.603022],[11.835253,57.60296],[11.835239,57.602898],[11.835223,57.602836],[11.835203,57.602774],[11.835182,57.602713],[11.835157,57.602652],[11.83513,57.602591],[11.8351,57.602531],[11.835068,57.602471],[11.835033,57.602411],[11.834995,57.602352],[11.834955,57.602293],[11.834912,57.602235],[11.834868,57.602178],[11.83482,57.602121],[11.83477,57.602064],[11.834717,57.602009],[11.834663,57.601953],[11.834605,57.601899],[11.834546,57.601845],[11.834484,57.601793],[11.83442,57.60174],[11.840846,57.591926],[11.842301,57.590279],[11.842405,57.589949],[11.850922,57.582584],[11.851656,57.581946],[11.852042,57.58161],[11.861462,57.573396],[11.862387,57.574015],[11.865714,57.57648],[11.875019,57.583374],[11.888081,57.593111],[11.889386,57.594083],[11.892238,57.596209],[11.894473,57.598537],[11.896628,57.601916],[11.899703,57.603903],[11.901098,57.604804],[11.907224,57.610861],[11.901102,57.613106],[11.898326,57.61393],[11.897157,57.615013],[11.898297,57.615448],[11.898266,57.615592],[11.898478,57.615824],[11.89845,57.617229],[11.901681,57.617807],[11.902448,57.619658],[11.900284,57.620367],[11.900873,57.620734],[11.90111,57.621463],[11.901354,57.622691],[11.901352,57.622989],[11.901287,57.62321],[11.901047,57.623399],[11.900677,57.62396]]]}},{"type":"Feature","properties":{"kod":"14800735","namn":"Västra Göteborg, Donsö-Vrångö"},"geometry":{"type":"Polygon","coordinates":[[[11.858877,57.633196],[11.853551,57.633619],[11.850065,57.634854],[11.846807,57.635128],[11.84415,57.635177],[11.84151,57.636197],[11.838845,57.637251],[11.835294,57.628693],[11.835636,57.628364],[11.834767,57.62713],[11.832245,57.626899],[11.83139,57.627103],[11.828811,57.627536],[11.827079,57.628018],[11.824899,57.628946],[11.820808,57.629534],[11.820999,57.627771],[11.820462,57.626432],[11.820446,57.624171],[11.821587,57.622948],[11.821666,57.619907],[11.822991,57.618259],[11.823372,57.617462],[11.807707,57.616846],[11.806852,57.615988],[11.799235,57.608348],[11.796931,57.607746],[11.794049,57.604968],[11.791535,57.602135],[11.789187,57.597999],[11.782302,57.595668],[11.763477,57.596532],[11.758269,57.597518],[11.746267,57.59736],[11.742787,57.597448],[11.664587,57.599282],[11.656667,57.583403],[11.644794,57.575029],[11.712439,57.499906],[11.779078,57.499673],[11.796048,57.524415],[11.805847,57.538688],[11.817528,57.555685],[11.818034,57.556421],[11.8556,57.558124],[11.8556,57.558124],[11.849392,57.564607],[11.856353,57.569718],[11.860368,57.572665],[11.861462,57.573396],[11.852042,57.58161],[11.851656,57.581946],[11.850922,57.582584],[11.842405,57.589949],[11.842301,57.590279],[11.840846,57.591926],[11.83442,57.60174],[11.834484,57.601793],[11.834546,57.601845],[11.834605,57.601899],[11.834663,57.601953],[11.834717,57.602009],[11.83477,57.602064],[11.83482,57.602121],[11.834868,57.602178],[11.834912,57.602235],[11.834955,57.602293],[11.834995,57.602352],[11.835033,57.602411],[11.835068,57.602471],[11.8351,57.602531],[11.83513,57.602591],[11.835157,57.602652],[11.835182,57.602713],[11.835203,57.602774],[11.835223,57.602836],[11.835239,57.602898],[11.835253,57.60296],[11.835264,57.603022],[11.835273,57.603084],[11.835279,57.603147],[11.835282,57.603209],[11.835282,57.603271],[11.83528,57.603334],[11.835275,57.603396],[11.835267,57.603459],[11.835257,57.603521],[11.835245,57.603583],[11.835229,57.603645],[11.83521,57.603706],[11.835189,57.603768],[11.835165,57.603829],[11.835139,57.60389],[11.83511,57.603951],[11.835079,57.60401],[11.835045,57.60407],[11.835008,57.604129],[11.834974,57.604192],[11.834938,57.604254],[11.834898,57.604315],[11.834856,57.604375],[11.834812,57.604435],[11.834764,57.604495],[11.834714,57.604554],[11.834669,57.604614],[11.83462,57.604673],[11.834569,57.604732],[11.834516,57.60479],[11.83446,57.604848],[11.834401,57.604904],[11.834336,57.604966],[11.834267,57.605027],[11.834196,57.605087],[11.834121,57.605145],[11.834044,57.605203],[11.833964,57.605259],[11.833895,57.605312],[11.833823,57.605363],[11.83375,57.605413],[11.833673,57.605462],[11.833595,57.605511],[11.833515,57.605558],[11.833433,57.605605],[11.833348,57.60565],[11.833261,57.605694],[11.833173,57.605737],[11.833083,57.605779],[11.832991,57.60582],[11.832897,57.605859],[11.832801,57.605898],[11.832704,57.605935],[11.832605,57.605971],[11.832505,57.606005],[11.832403,57.606039],[11.8323,57.606071],[11.832195,57.606101],[11.832089,57.60613],[11.831981,57.606159],[11.831873,57.606185],[11.831763,57.60621],[11.831652,57.606234],[11.83154,57.606257],[11.831015,57.607066],[11.831426,57.61046],[11.835505,57.614769],[11.837363,57.616731],[11.85291,57.617664],[11.853764,57.619112],[11.856623,57.621084],[11.854961,57.624769],[11.855919,57.626559],[11.856055,57.626813],[11.855449,57.629197],[11.858877,57.633196]]]}},{"type":"Feature","properties":{"kod":"14800736","namn":"Västra Göteborg, Styrsö-Köpstadsö"},"geometry":{"type":"Polygon","coordinates":[[[11.837589,57.637752],[11.837475,57.637733],[11.837362,57.637715],[11.837247,57.637698],[11.837132,57.637682],[11.837016,57.637669],[11.836899,57.637656],[11.836782,57.637645],[11.836664,57.637636],[11.836546,57.637628],[11.836428,57.637621],[11.83631,57.637617],[11.836191,57.637613],[11.836072,57.637611],[11.835953,57.63761],[11.835834,57.637612],[11.835715,57.637614],[11.835597,57.637618],[11.835478,57.637624],[11.83536,57.637631],[11.835243,57.637639],[11.835125,57.63765],[11.835008,57.637661],[11.834891,57.637674],[11.834776,57.637689],[11.834661,57.637705],[11.834546,57.637722],[11.834433,57.637741],[11.83432,57.637762],[11.834208,57.637783],[11.834098,57.637806],[11.833988,57.637831],[11.833879,57.637857],[11.833772,57.637884],[11.833665,57.637913],[11.833561,57.637943],[11.833457,57.637974],[11.833381,57.637981],[11.833306,57.637989],[11.833232,57.637999],[11.833158,57.638011],[11.833086,57.638024],[11.833014,57.638038],[11.832943,57.638054],[11.832873,57.638071],[11.832805,57.63809],[11.832739,57.63811],[11.832674,57.638132],[11.832609,57.638155],[11.832548,57.638179],[11.824055,57.638334],[11.814751,57.638116],[11.806279,57.637787],[11.805771,57.637543],[11.803304,57.636353],[11.80169,57.635056],[11.790393,57.633983],[11.79053,57.633692],[11.788864,57.631364],[11.788633,57.630385],[11.787786,57.629484],[11.785101,57.629311],[11.784022,57.629241],[11.779136,57.629719],[11.778014,57.63012],[11.775342,57.630803],[11.773496,57.629744],[11.773503,57.627528],[11.774012,57.627108],[11.773548,57.626467],[11.772371,57.626267],[11.771275,57.625754],[11.770218,57.624892],[11.770858,57.623075],[11.767512,57.622049],[11.765706,57.621753],[11.763816,57.623241],[11.764921,57.624475],[11.766087,57.62656],[11.764807,57.627078],[11.76389,57.62726],[11.764869,57.628881],[11.764371,57.629847],[11.761067,57.629515],[11.759239,57.629332],[11.758875,57.630351],[11.760293,57.631747],[11.760457,57.632204],[11.756079,57.632501],[11.747688,57.633324],[11.744501,57.633767],[11.740287,57.633409],[11.736397,57.630272],[11.734279,57.628996],[11.684334,57.637195],[11.677697,57.622816],[11.664587,57.599282],[11.742787,57.597448],[11.746267,57.59736],[11.758269,57.597518],[11.763477,57.596532],[11.782302,57.595668],[11.789187,57.597999],[11.791535,57.602135],[11.794049,57.604968],[11.796931,57.607746],[11.799235,57.608348],[11.806852,57.615988],[11.807707,57.616846],[11.823372,57.617462],[11.822991,57.618259],[11.821666,57.619907],[11.821587,57.622948],[11.820446,57.624171],[11.820462,57.626432],[11.820999,57.627771],[11.820808,57.629534],[11.824899,57.628946],[11.827079,57.628018],[11.828811,57.627536],[11.83139,57.627103],[11.832245,57.626899],[11.834767,57.62713],[11.835636,57.628364],[11.835294,57.628693],[11.838845,57.637251],[11.838449,57.637407],[11.837589,57.637752]]]}},{"type":"Feature","properties":{"kod":"14800737","namn":"Västra Göteborg, Brännö-Asperö"},"geometry":{"type":"Polygon","coordinates":[[[11.579874,57.652577],[11.589195,57.636518],[11.644794,57.57503],[11.644794,57.575029],[11.656667,57.583403],[11.664587,57.599282],[11.677697,57.622816],[11.684334,57.637195],[11.734279,57.628996],[11.736397,57.630272],[11.740287,57.633409],[11.744501,57.633767],[11.747688,57.633324],[11.756079,57.632501],[11.760457,57.632204],[11.760293,57.631747],[11.758875,57.630351],[11.759239,57.629332],[11.761067,57.629515],[11.764371,57.629847],[11.764869,57.628881],[11.76389,57.62726],[11.764807,57.627078],[11.766087,57.62656],[11.764921,57.624475],[11.763816,57.623241],[11.765706,57.621753],[11.767512,57.622049],[11.770858,57.623075],[11.770218,57.624892],[11.771275,57.625754],[11.772371,57.626267],[11.773548,57.626467],[11.774012,57.627108],[11.773503,57.627528],[11.773496,57.629744],[11.775342,57.630803],[11.778014,57.63012],[11.779136,57.629719],[11.784022,57.629241],[11.785101,57.629311],[11.787786,57.629484],[11.788633,57.630385],[11.788864,57.631364],[11.79053,57.633692],[11.790393,57.633983],[11.80169,57.635056],[11.803304,57.636353],[11.805771,57.637543],[11.806279,57.637787],[11.814751,57.638116],[11.824055,57.638334],[11.82681,57.639671],[11.826687,57.639705],[11.826566,57.639739],[11.826446,57.639775],[11.826327,57.639813],[11.82621,57.639851],[11.826094,57.639892],[11.82598,57.639933],[11.825868,57.639975],[11.825757,57.640019],[11.825648,57.640064],[11.82554,57.64011],[11.825434,57.640157],[11.82533,57.640206],[11.825228,57.640255],[11.825128,57.640306],[11.82503,57.640358],[11.824935,57.64041],[11.824841,57.640465],[11.824748,57.640519],[11.82467,57.640573],[11.824594,57.640627],[11.82452,57.640683],[11.824448,57.640739],[11.824379,57.640796],[11.824312,57.640854],[11.824247,57.640912],[11.824184,57.640972],[11.824124,57.641031],[11.824066,57.641092],[11.824011,57.641153],[11.823958,57.641215],[11.823908,57.641278],[11.823859,57.641341],[11.823814,57.641404],[11.823771,57.641468],[11.823731,57.641533],[11.823694,57.641598],[11.823658,57.641663],[11.823625,57.641729],[11.823596,57.641795],[11.823568,57.641862],[11.823544,57.641928],[11.823522,57.641996],[11.823503,57.642063],[11.823486,57.64213],[11.823472,57.642198],[11.823461,57.642266],[11.823452,57.642334],[11.823446,57.642401],[11.823443,57.64247],[11.823443,57.642538],[11.823445,57.642606],[11.82345,57.642674],[11.823458,57.642742],[11.823468,57.64281],[11.823481,57.642877],[11.823493,57.642945],[11.823507,57.643013],[11.823524,57.643081],[11.823544,57.643149],[11.823566,57.643216],[11.823592,57.643283],[11.82362,57.643349],[11.82365,57.643416],[11.823683,57.643482],[11.823719,57.643548],[11.823758,57.643613],[11.823799,57.643677],[11.823843,57.643741],[11.82389,57.643805],[11.823939,57.643868],[11.82399,57.643931],[11.824045,57.643992],[11.824101,57.644054],[11.82416,57.644114],[11.824222,57.644174],[11.824285,57.644234],[11.824352,57.644292],[11.824421,57.64435],[11.824492,57.644406],[11.824565,57.644462],[11.824641,57.644517],[11.824718,57.644571],[11.824798,57.644625],[11.82488,57.644677],[11.824965,57.644728],[11.82505,57.644779],[11.825139,57.644828],[11.825229,57.644876],[11.825321,57.644923],[11.825415,57.64497],[11.825511,57.645014],[11.825609,57.645058],[11.825708,57.645101],[11.82581,57.645143],[11.825912,57.645183],[11.826017,57.645222],[11.826123,57.64526],[11.826231,57.645297],[11.82634,57.645333],[11.82645,57.645367],[11.826562,57.6454],[11.826675,57.645431],[11.826789,57.645461],[11.826905,57.64549],[11.826517,57.646951],[11.826131,57.648412],[11.826019,57.648437],[11.825908,57.648463],[11.825798,57.648492],[11.825689,57.648521],[11.825581,57.648551],[11.825475,57.648583],[11.825371,57.648616],[11.825268,57.64865],[11.825165,57.648686],[11.825066,57.648722],[11.824967,57.64876],[11.824869,57.6488],[11.824773,57.64884],[11.82468,57.648881],[11.824587,57.648923],[11.824497,57.648967],[11.824409,57.649011],[11.824322,57.649057],[11.824237,57.649104],[11.824154,57.649151],[11.824074,57.6492],[11.823971,57.649243],[11.82387,57.649287],[11.823771,57.649332],[11.823674,57.649379],[11.823578,57.649426],[11.823485,57.649474],[11.823394,57.649524],[11.823303,57.649574],[11.823216,57.649626],[11.823131,57.649678],[11.823047,57.649731],[11.822966,57.649786],[11.822886,57.649841],[11.822809,57.649897],[11.822734,57.649954],[11.822661,57.650012],[11.822591,57.650071],[11.822522,57.65013],[11.822456,57.65019],[11.822393,57.650251],[11.822332,57.650312],[11.822273,57.650375],[11.822217,57.650438],[11.822164,57.650501],[11.822112,57.650565],[11.822063,57.650629],[11.822017,57.650694],[11.821973,57.65076],[11.821932,57.650826],[11.821894,57.650893],[11.821858,57.65096],[11.821825,57.651027],[11.821794,57.651095],[11.821766,57.651163],[11.82174,57.651231],[11.821718,57.6513],[11.821697,57.651369],[11.821681,57.651438],[11.821666,57.651508],[11.821654,57.651577],[11.82165,57.65161],[11.821645,57.651646],[11.821639,57.651716],[11.821635,57.651786],[11.821633,57.651856],[11.821635,57.651925],[11.821623,57.651993],[11.821612,57.652061],[11.821605,57.652129],[11.821599,57.652197],[11.821597,57.652265],[11.821598,57.652333],[11.821601,57.652401],[11.821607,57.652469],[11.821616,57.652537],[11.821627,57.652605],[11.821642,57.652673],[11.821659,57.65274],[11.821678,57.652808],[11.8217,57.652875],[11.821725,57.652941],[11.821753,57.653008],[11.821784,57.653074],[11.821817,57.65314],[11.821852,57.653205],[11.82189,57.65327],[11.821932,57.653335],[11.821975,57.653399],[11.82202,57.653462],[11.822069,57.653525],[11.82212,57.653588],[11.822173,57.65365],[11.822229,57.653711],[11.822287,57.653771],[11.822349,57.653831],[11.822412,57.65389],[11.822477,57.653949],[11.822545,57.654006],[11.822615,57.654063],[11.822687,57.654119],[11.822762,57.654174],[11.822839,57.654228],[11.822918,57.654282],[11.823,57.654334],[11.823082,57.654386],[11.823167,57.654436],[11.823255,57.654486],[11.823344,57.654534],[11.823435,57.654582],[11.823528,57.654628],[11.823623,57.654674],[11.823719,57.654718],[11.823818,57.654761],[11.823918,57.654803],[11.82402,57.654844],[11.824123,57.654883],[11.824228,57.654922],[11.824335,57.654959],[11.823247,57.658963],[11.823341,57.659021],[11.82336,57.659083],[11.823377,57.659146],[11.823391,57.659208],[11.823401,57.659271],[11.823409,57.659333],[11.823415,57.659396],[11.823417,57.659459],[11.823444,57.65952],[11.823467,57.659581],[11.823488,57.659642],[11.823506,57.659704],[11.823521,57.659765],[11.823534,57.659827],[11.823545,57.659889],[11.823552,57.659951],[11.823557,57.660013],[11.823559,57.660075],[11.823559,57.660138],[11.823555,57.6602],[11.82355,57.660262],[11.823541,57.660324],[11.82353,57.660386],[11.823516,57.660448],[11.823501,57.660512],[11.823483,57.660575],[11.823463,57.660639],[11.823439,57.660702],[11.823413,57.660766],[11.823384,57.660828],[11.823352,57.660891],[11.823317,57.660952],[11.823279,57.661014],[11.823239,57.661075],[11.823196,57.661135],[11.823151,57.661195],[11.823112,57.661255],[11.82307,57.661316],[11.823026,57.661375],[11.822979,57.661434],[11.822929,57.661493],[11.822878,57.66155],[11.822823,57.661607],[11.822766,57.661664],[11.822706,57.661719],[11.822644,57.661774],[11.822586,57.661831],[11.822526,57.661888],[11.822462,57.661944],[11.822396,57.661998],[11.822328,57.662052],[11.822257,57.662106],[11.823068,57.664992],[11.823317,57.665881],[11.822347,57.6684],[11.822033,57.669801],[11.821155,57.673522],[11.820299,57.674952],[11.815261,57.674843],[11.788439,57.674316],[11.784311,57.674299],[11.773803,57.672622],[11.769533,57.672168],[11.766521,57.67169],[11.764469,57.671365],[11.761607,57.671421],[11.758415,57.671453],[11.752305,57.671234],[11.748558,57.670081],[11.734712,57.665695],[11.732063,57.664915],[11.707898,57.665126],[11.704225,57.665159],[11.698795,57.658029],[11.696053,57.654718],[11.691992,57.653808],[11.663597,57.647437],[11.643658,57.651861],[11.643657,57.651861],[11.631262,57.64773],[11.631262,57.64773],[11.625475,57.648461],[11.625474,57.648461],[11.617927,57.651156],[11.615746,57.651557],[11.61509,57.651578],[11.600558,57.652043],[11.600007,57.652057],[11.579874,57.652577]]]}},{"type":"Feature","properties":{"kod":"14800801","namn":"Västra Hisingen, Länsmansgården Ö"},"geometry":{"type":"Polygon","coordinates":[[[11.903369,57.734638],[11.903597,57.735051],[11.903712,57.735258],[11.903867,57.735539],[11.900923,57.737699],[11.901907,57.738818],[11.901567,57.739056],[11.901416,57.739162],[11.89997,57.738424],[11.899097,57.737742],[11.898671,57.737236],[11.89812,57.736515],[11.896803,57.734882],[11.896235,57.733985],[11.896235,57.733985],[11.896239,57.733984],[11.896236,57.733984],[11.896234,57.733983],[11.895856,57.733385],[11.895509,57.732518],[11.895369,57.731886],[11.895248,57.731586],[11.895248,57.731585],[11.89483,57.730555],[11.898339,57.73008],[11.899128,57.732319],[11.899548,57.732618],[11.899796,57.73307],[11.900264,57.734611],[11.903369,57.734638]]]}},{"type":"Feature","properties":{"kod":"14800802","namn":"Västra Hisingen, Svartedalen Norra"},"geometry":{"type":"Polygon","coordinates":[[[11.909499,57.731067],[11.9094,57.731376],[11.909348,57.731538],[11.909222,57.731931],[11.909178,57.732068],[11.908922,57.732027],[11.908777,57.732285],[11.908426,57.732228],[11.907766,57.73215],[11.907666,57.732159],[11.907129,57.732206],[11.907132,57.732385],[11.907136,57.732583],[11.907139,57.732781],[11.907143,57.733057],[11.907138,57.733171],[11.905576,57.734289],[11.904376,57.734479],[11.903369,57.734638],[11.900264,57.734611],[11.899796,57.73307],[11.899548,57.732618],[11.899128,57.732319],[11.898339,57.73008],[11.89483,57.730555],[11.894097,57.728612],[11.894034,57.728354],[11.893949,57.727942],[11.896021,57.727636],[11.896035,57.727768],[11.897174,57.727629],[11.896861,57.726557],[11.897849,57.725254],[11.900588,57.725127],[11.900664,57.725831],[11.90136,57.725801],[11.901828,57.725688],[11.904113,57.725558],[11.907862,57.727393],[11.905203,57.729008],[11.90468,57.728914],[11.9041,57.729176],[11.904183,57.729224],[11.904965,57.729549],[11.907074,57.730333],[11.908541,57.730879],[11.909169,57.731041],[11.909499,57.731067]]]}},{"type":"Feature","properties":{"kod":"14800803","namn":"Västra Hisingen, Väderbodarna m fl"},"geometry":{"type":"Polygon","coordinates":[[[11.897849,57.725254],[11.896861,57.726557],[11.897174,57.727629],[11.896035,57.727768],[11.896021,57.727636],[11.893949,57.727942],[11.89383,57.72755],[11.893388,57.725824],[11.893226,57.723332],[11.894652,57.723201],[11.895452,57.723184],[11.895514,57.724],[11.896818,57.723963],[11.897849,57.725254]]]}},{"type":"Feature","properties":{"kod":"14800804","namn":"Västra Hisingen, Önskevädersg. m fl"},"geometry":{"type":"Polygon","coordinates":[[[11.896818,57.723963],[11.895514,57.724],[11.895452,57.723184],[11.894652,57.723201],[11.893226,57.723332],[11.893546,57.721592],[11.893846,57.721433],[11.893937,57.720802],[11.89412,57.720365],[11.894329,57.720055],[11.894836,57.719511],[11.895335,57.718978],[11.895607,57.719027],[11.895817,57.719064],[11.895885,57.719044],[11.896064,57.719031],[11.897391,57.719118],[11.897688,57.71892],[11.898274,57.718961],[11.898031,57.719437],[11.897764,57.72004],[11.897675,57.720245],[11.89727,57.720162],[11.897241,57.720354],[11.897173,57.720795],[11.896853,57.720891],[11.896927,57.721491],[11.896959,57.72175],[11.896973,57.721868],[11.896876,57.722108],[11.896749,57.722422],[11.896624,57.722728],[11.89664,57.722826],[11.896671,57.723025],[11.896755,57.723557],[11.896818,57.723963]]]}},{"type":"Feature","properties":{"kod":"14800805","namn":"Västra Hisingen, Svartedalen Södra"},"geometry":{"type":"Polygon","coordinates":[[[11.904113,57.725558],[11.901828,57.725688],[11.90136,57.725801],[11.900664,57.725831],[11.900588,57.725127],[11.897849,57.725254],[11.896818,57.723963],[11.896755,57.723557],[11.896671,57.723025],[11.89664,57.722826],[11.896624,57.722728],[11.896749,57.722422],[11.896876,57.722108],[11.896973,57.721868],[11.896959,57.72175],[11.896927,57.721491],[11.896853,57.720891],[11.897173,57.720795],[11.897241,57.720354],[11.89727,57.720162],[11.897675,57.720245],[11.897873,57.72034],[11.897911,57.720436],[11.897981,57.720612],[11.898178,57.72076],[11.898592,57.720765],[11.898744,57.720766],[11.89917,57.720771],[11.899204,57.720772],[11.899674,57.720777],[11.899791,57.720779],[11.899741,57.720992],[11.900043,57.721012],[11.899723,57.721082],[11.900342,57.721078],[11.901206,57.721136],[11.901361,57.721101],[11.901619,57.721118],[11.90172,57.72102],[11.902454,57.720855],[11.902754,57.721213],[11.903302,57.721097],[11.903435,57.721163],[11.903687,57.721016],[11.904739,57.720792],[11.904813,57.720879],[11.904931,57.721019],[11.905106,57.721224],[11.905816,57.722055],[11.905211,57.722193],[11.905516,57.72255],[11.905602,57.722855],[11.905615,57.722901],[11.905949,57.72319],[11.905906,57.723463],[11.905892,57.723554],[11.905849,57.723826],[11.905472,57.723905],[11.905117,57.723986],[11.904734,57.724074],[11.904948,57.724298],[11.904994,57.724345],[11.905097,57.724453],[11.904886,57.724508],[11.904845,57.724523],[11.904806,57.724538],[11.904734,57.724573],[11.904701,57.724591],[11.904669,57.724611],[11.904641,57.724632],[11.904614,57.724653],[11.90459,57.724676],[11.904568,57.724699],[11.904548,57.724723],[11.904531,57.724747],[11.904517,57.724771],[11.904113,57.725558]]]}},{"type":"Feature","properties":{"kod":"14800806","namn":"Västra Hisingen, Kärrmossen"},"geometry":{"type":"Polygon","coordinates":[[[11.919247,57.71841],[11.919153,57.718555],[11.918925,57.718782],[11.918618,57.719087],[11.917905,57.719736],[11.917892,57.719748],[11.917183,57.720449],[11.916863,57.720982],[11.916651,57.72153],[11.916489,57.721533],[11.916223,57.721461],[11.916115,57.721295],[11.915408,57.721362],[11.914428,57.721549],[11.91424,57.721725],[11.914042,57.721724],[11.913666,57.722272],[11.913163,57.723093],[11.912846,57.72369],[11.91275,57.723673],[11.912742,57.723681],[11.912713,57.723651],[11.911831,57.723497],[11.911786,57.723508],[11.911651,57.723727],[11.911456,57.723693],[11.911469,57.723686],[11.911028,57.723609],[11.910642,57.72352],[11.910474,57.723729],[11.910306,57.723938],[11.910139,57.724147],[11.910546,57.724245],[11.910355,57.724495],[11.910855,57.724611],[11.910896,57.724605],[11.910827,57.724735],[11.910809,57.724715],[11.909941,57.724515],[11.909871,57.724603],[11.909698,57.724817],[11.909692,57.725033],[11.909686,57.725248],[11.90968,57.725464],[11.909674,57.725679],[11.909205,57.725676],[11.909118,57.725675],[11.908857,57.725673],[11.90845,57.725669],[11.908251,57.725668],[11.907858,57.725578],[11.907789,57.725664],[11.907703,57.725772],[11.907817,57.725772],[11.907948,57.725773],[11.907941,57.726153],[11.907854,57.726938],[11.907862,57.727393],[11.904113,57.725558],[11.904517,57.724771],[11.904531,57.724747],[11.904548,57.724723],[11.904568,57.724699],[11.90459,57.724676],[11.904614,57.724653],[11.904641,57.724632],[11.904669,57.724611],[11.904701,57.724591],[11.904734,57.724573],[11.904806,57.724538],[11.904845,57.724523],[11.904886,57.724508],[11.905097,57.724453],[11.904994,57.724345],[11.904948,57.724298],[11.904734,57.724074],[11.905117,57.723986],[11.905472,57.723905],[11.905849,57.723826],[11.905892,57.723554],[11.905906,57.723463],[11.905949,57.72319],[11.905615,57.722901],[11.905602,57.722855],[11.905516,57.72255],[11.905211,57.722193],[11.905816,57.722055],[11.905106,57.721224],[11.904931,57.721019],[11.904813,57.720879],[11.904739,57.720792],[11.905658,57.72015],[11.905699,57.720131],[11.905738,57.720112],[11.905775,57.720091],[11.905808,57.720069],[11.906084,57.71988],[11.906311,57.719719],[11.906799,57.71909],[11.906888,57.718997],[11.907461,57.718461],[11.907706,57.718355],[11.907858,57.718135],[11.908123,57.718022],[11.908991,57.716584],[11.909928,57.716347],[11.911895,57.717177],[11.916162,57.717875],[11.919247,57.71841]]]}},{"type":"Feature","properties":{"kod":"14800807","namn":"Västra Hisingen, Jättesten"},"geometry":{"type":"Polygon","coordinates":[[[11.902754,57.721213],[11.902454,57.720855],[11.90172,57.72102],[11.901619,57.721118],[11.901361,57.721101],[11.901206,57.721136],[11.900342,57.721078],[11.899723,57.721082],[11.900043,57.721012],[11.899741,57.720992],[11.899791,57.720779],[11.899674,57.720777],[11.899204,57.720772],[11.89917,57.720771],[11.898744,57.720766],[11.898592,57.720765],[11.898178,57.72076],[11.897981,57.720612],[11.897911,57.720436],[11.897873,57.72034],[11.897675,57.720245],[11.897764,57.72004],[11.898031,57.719437],[11.898274,57.718961],[11.897688,57.71892],[11.897391,57.719118],[11.896064,57.719031],[11.895885,57.719044],[11.895817,57.719064],[11.895607,57.719027],[11.895335,57.718978],[11.895336,57.718977],[11.89576,57.718369],[11.896137,57.717536],[11.8964,57.716982],[11.89665,57.7164],[11.896755,57.716035],[11.896797,57.715517],[11.896727,57.714871],[11.896678,57.714398],[11.896243,57.712866],[11.897687,57.713106],[11.899566,57.713419],[11.90233,57.713841],[11.903769,57.714061],[11.904997,57.714362],[11.905243,57.714423],[11.906295,57.714896],[11.90728,57.715548],[11.908675,57.716392],[11.908991,57.716584],[11.908123,57.718022],[11.907858,57.718135],[11.907706,57.718355],[11.907461,57.718461],[11.906888,57.718997],[11.906799,57.71909],[11.906311,57.719719],[11.906084,57.71988],[11.905808,57.720069],[11.905775,57.720091],[11.905738,57.720112],[11.905699,57.720131],[11.905658,57.72015],[11.904739,57.720792],[11.903687,57.721016],[11.903435,57.721163],[11.903302,57.721097],[11.902754,57.721213]]]}},{"type":"Feature","properties":{"kod":"14800808","namn":"Västra Hisingen, Treröset"},"geometry":{"type":"Polygon","coordinates":[[[11.896243,57.712866],[11.896678,57.714398],[11.896727,57.714871],[11.896797,57.715517],[11.896755,57.716035],[11.89665,57.7164],[11.8964,57.716982],[11.896137,57.717536],[11.89576,57.718369],[11.895336,57.718977],[11.893745,57.718798],[11.894157,57.717286],[11.893113,57.717063],[11.89273,57.716364],[11.891308,57.716425],[11.890588,57.716363],[11.890943,57.715256],[11.891135,57.714063],[11.891523,57.713649],[11.89186,57.713332],[11.89209,57.7133],[11.892232,57.713412],[11.89239,57.713528],[11.892852,57.713366],[11.892884,57.713355],[11.893572,57.713082],[11.894829,57.712782],[11.896243,57.712866]]]}},{"type":"Feature","properties":{"kod":"14800809","namn":"Västra Hisingen, Vårväderstorget"},"geometry":{"type":"Polygon","coordinates":[[[11.896243,57.712866],[11.894829,57.712782],[11.893572,57.713082],[11.892884,57.713355],[11.892852,57.713366],[11.89239,57.713528],[11.892232,57.713412],[11.89209,57.7133],[11.891936,57.713179],[11.891543,57.713045],[11.891175,57.712911],[11.891267,57.712647],[11.890877,57.711983],[11.890494,57.711637],[11.890117,57.711376],[11.889871,57.71117],[11.889633,57.71091],[11.889466,57.710766],[11.889227,57.71063],[11.889005,57.710558],[11.889327,57.709951],[11.889327,57.709843],[11.889555,57.708969],[11.889959,57.709021],[11.890455,57.709134],[11.890816,57.709263],[11.891169,57.70941],[11.891282,57.709478],[11.891346,57.709506],[11.891916,57.709751],[11.892562,57.709824],[11.892665,57.709823],[11.893362,57.709814],[11.893927,57.710121],[11.894357,57.710402],[11.89491,57.71081],[11.895549,57.711354],[11.895999,57.711826],[11.89632,57.71213],[11.896598,57.712574],[11.896243,57.712866]]]}},{"type":"Feature","properties":{"kod":"14800810","namn":"Västra Hisingen, Blåsvädersgat. m fl"},"geometry":{"type":"Polygon","coordinates":[[[11.890588,57.716363],[11.890704,57.71724],[11.888896,57.717545],[11.888614,57.717118],[11.886845,57.716872],[11.887482,57.715992],[11.887194,57.715904],[11.886986,57.715478],[11.886938,57.715012],[11.887208,57.714508],[11.889028,57.714004],[11.888197,57.712939],[11.888133,57.712648],[11.889274,57.712573],[11.888488,57.710981],[11.889156,57.710791],[11.889227,57.71063],[11.889466,57.710766],[11.889633,57.71091],[11.889871,57.71117],[11.890117,57.711376],[11.890494,57.711637],[11.890877,57.711983],[11.891267,57.712647],[11.891175,57.712911],[11.891543,57.713045],[11.891936,57.713179],[11.89209,57.7133],[11.89186,57.713332],[11.891523,57.713649],[11.891135,57.714063],[11.890943,57.715256],[11.890588,57.716363]]]}},{"type":"Feature","properties":{"kod":"14800811","namn":"Västra Hisingen, Biskopsgården Södra"},"geometry":{"type":"Polygon","coordinates":[[[11.887208,57.714508],[11.875884,57.715919],[11.877655,57.720703],[11.866402,57.719434],[11.862881,57.719037],[11.861863,57.717531],[11.861138,57.716361],[11.860909,57.715762],[11.860879,57.715384],[11.860967,57.714783],[11.861227,57.714222],[11.861562,57.71379],[11.862139,57.713291],[11.863056,57.712726],[11.871571,57.708448],[11.87512,57.706661],[11.875879,57.706339],[11.877262,57.705618],[11.878115,57.70527],[11.878745,57.705023],[11.879313,57.70485],[11.879969,57.704684],[11.880588,57.704539],[11.881275,57.704426],[11.881265,57.703725],[11.884228,57.703642],[11.890851,57.704008],[11.891552,57.70375],[11.891586,57.704188],[11.891684,57.705439],[11.891717,57.705872],[11.890996,57.708135],[11.890984,57.708184],[11.890975,57.708232],[11.890969,57.708281],[11.890965,57.708329],[11.890964,57.708378],[11.890966,57.708427],[11.89097,57.708475],[11.890978,57.708524],[11.890988,57.708572],[11.891001,57.70862],[11.891016,57.708668],[11.891034,57.708716],[11.891055,57.708763],[11.891078,57.70881],[11.891104,57.708857],[11.891133,57.708903],[11.891164,57.708948],[11.891198,57.708994],[11.891234,57.709038],[11.891273,57.709082],[11.891314,57.709125],[11.891358,57.709168],[11.891404,57.70921],[11.891453,57.709251],[11.891504,57.709291],[11.891556,57.709331],[11.891612,57.70937],[11.891669,57.709407],[11.891728,57.709444],[11.89179,57.70948],[11.891854,57.709515],[11.891919,57.709548],[11.891986,57.709581],[11.892055,57.709613],[11.892126,57.709643],[11.892198,57.709672],[11.892272,57.709701],[11.892348,57.709728],[11.892425,57.709753],[11.892504,57.709778],[11.892583,57.709801],[11.892665,57.709823],[11.892562,57.709824],[11.891916,57.709751],[11.891346,57.709506],[11.891282,57.709478],[11.891169,57.70941],[11.890816,57.709263],[11.890455,57.709134],[11.889959,57.709021],[11.889555,57.708969],[11.889327,57.709843],[11.889327,57.709951],[11.889005,57.710558],[11.889227,57.71063],[11.889156,57.710791],[11.888488,57.710981],[11.889274,57.712573],[11.888133,57.712648],[11.888197,57.712939],[11.889028,57.714004],[11.887208,57.714508]]]}},{"type":"Feature","properties":{"kod":"14800812","namn":"Västra Hisingen, Väderlekstorget"},"geometry":{"type":"Polygon","coordinates":[[[11.884489,57.720217],[11.878168,57.72209],[11.877655,57.720703],[11.875884,57.715919],[11.887208,57.714508],[11.886938,57.715012],[11.886986,57.715478],[11.887194,57.715904],[11.887482,57.715992],[11.886845,57.716872],[11.888614,57.717118],[11.888896,57.717545],[11.890704,57.71724],[11.890588,57.716363],[11.891308,57.716425],[11.89273,57.716364],[11.893113,57.717063],[11.894157,57.717286],[11.893745,57.718798],[11.895336,57.718977],[11.895335,57.718978],[11.894836,57.719511],[11.894329,57.720055],[11.89412,57.720365],[11.892674,57.720142],[11.891946,57.718667],[11.890735,57.717936],[11.888856,57.717825],[11.888889,57.71899],[11.887909,57.719106],[11.887836,57.719292],[11.886557,57.719582],[11.884489,57.720217]]]}},{"type":"Feature","properties":{"kod":"14800813","namn":"Västra Hisingen, Biskopsgården Norra"},"geometry":{"type":"Polygon","coordinates":[[[11.891056,57.723627],[11.889731,57.723887],[11.88809,57.724197],[11.887582,57.724351],[11.887233,57.724584],[11.885984,57.724653],[11.884489,57.720217],[11.886557,57.719582],[11.887836,57.719292],[11.887909,57.719106],[11.888889,57.71899],[11.888856,57.717825],[11.890735,57.717936],[11.891946,57.718667],[11.892674,57.720142],[11.89412,57.720365],[11.893937,57.720802],[11.893846,57.721433],[11.893546,57.721592],[11.893226,57.723332],[11.891056,57.723627]]]}},{"type":"Feature","properties":{"kod":"14800814","namn":"Västra Hisingen, Svarte Mosse"},"geometry":{"type":"Polygon","coordinates":[[[11.88083,57.729278],[11.872034,57.729915],[11.8717,57.729473],[11.870904,57.728433],[11.870206,57.727687],[11.868765,57.725691],[11.868069,57.724794],[11.867374,57.724015],[11.866457,57.723067],[11.865839,57.722548],[11.865039,57.721753],[11.864466,57.721206],[11.863234,57.71956],[11.862881,57.719037],[11.866402,57.719434],[11.877655,57.720703],[11.878168,57.72209],[11.884489,57.720217],[11.885984,57.724653],[11.887233,57.724584],[11.887582,57.724351],[11.88809,57.724197],[11.889731,57.723887],[11.891056,57.723627],[11.890992,57.723808],[11.891248,57.724627],[11.891187,57.724674],[11.891279,57.72497],[11.889226,57.725142],[11.889663,57.726673],[11.889348,57.7267],[11.889558,57.727281],[11.889098,57.727322],[11.887462,57.727467],[11.886098,57.727564],[11.885994,57.728903],[11.88083,57.729278]]]}},{"type":"Feature","properties":{"kod":"14800815","namn":"Västra Hisingen, Friskväderstorget"},"geometry":{"type":"Polygon","coordinates":[[[11.89383,57.72755],[11.889304,57.727977],[11.889098,57.727322],[11.889558,57.727281],[11.889348,57.7267],[11.889663,57.726673],[11.889226,57.725142],[11.891279,57.72497],[11.891187,57.724674],[11.891248,57.724627],[11.890992,57.723808],[11.891056,57.723627],[11.893226,57.723332],[11.893388,57.725824],[11.89383,57.72755]]]}},{"type":"Feature","properties":{"kod":"14800816","namn":"Västra Hisingen, Länsmansgården S"},"geometry":{"type":"Polygon","coordinates":[[[11.892767,57.732571],[11.892508,57.731887],[11.88947,57.731672],[11.888623,57.730124],[11.887839,57.730139],[11.887743,57.729818],[11.886591,57.729899],[11.886902,57.732659],[11.882236,57.733027],[11.881167,57.730187],[11.88083,57.729278],[11.885994,57.728903],[11.886098,57.727564],[11.887462,57.727467],[11.889098,57.727322],[11.889304,57.727977],[11.89383,57.72755],[11.893949,57.727942],[11.894034,57.728354],[11.894097,57.728612],[11.89483,57.730555],[11.895248,57.731585],[11.89467,57.731644],[11.894914,57.732331],[11.894034,57.732407],[11.894103,57.732624],[11.893584,57.732616],[11.892767,57.732571]]]}},{"type":"Feature","properties":{"kod":"14800817","namn":"Västra Hisingen, Länsmansgården V"},"geometry":{"type":"Polygon","coordinates":[[[11.892767,57.732571],[11.891666,57.732514],[11.891305,57.732503],[11.891001,57.732516],[11.889949,57.732611],[11.890428,57.734743],[11.889799,57.734789],[11.889636,57.734365],[11.888348,57.734451],[11.888375,57.735104],[11.888567,57.735689],[11.886398,57.735899],[11.882236,57.733027],[11.886902,57.732659],[11.886591,57.729899],[11.887743,57.729818],[11.887839,57.730139],[11.888623,57.730124],[11.88947,57.731672],[11.892508,57.731887],[11.892767,57.732571]]]}},{"type":"Feature","properties":{"kod":"14800818","namn":"Västra Hisingen, Länsmansgården C"},"geometry":{"type":"Polygon","coordinates":[[[11.876707,57.746917],[11.876502,57.747602],[11.877281,57.747664],[11.876851,57.749211],[11.874793,57.749919],[11.873978,57.750195],[11.873754,57.749758],[11.873329,57.748647],[11.872825,57.746952],[11.872766,57.745955],[11.872814,57.744923],[11.872992,57.743959],[11.873319,57.742949],[11.873795,57.741812],[11.87454,57.740169],[11.874655,57.739849],[11.874869,57.739251],[11.875089,57.738286],[11.875166,57.737713],[11.875193,57.736727],[11.875094,57.735822],[11.874885,57.734814],[11.874678,57.734224],[11.874322,57.733334],[11.87397,57.73271],[11.873321,57.731708],[11.872573,57.730629],[11.872034,57.729915],[11.88083,57.729278],[11.881167,57.730187],[11.882236,57.733027],[11.886398,57.735899],[11.888567,57.735689],[11.888375,57.735104],[11.888348,57.734451],[11.889636,57.734365],[11.889799,57.734789],[11.890428,57.734743],[11.889949,57.732611],[11.891001,57.732516],[11.891305,57.732503],[11.891666,57.732514],[11.892767,57.732571],[11.893584,57.732616],[11.894103,57.732624],[11.894034,57.732407],[11.894914,57.732331],[11.89467,57.731644],[11.895248,57.731585],[11.895248,57.731586],[11.895369,57.731886],[11.895509,57.732518],[11.895856,57.733385],[11.896234,57.733983],[11.896236,57.733984],[11.896239,57.733984],[11.896235,57.733985],[11.896235,57.733985],[11.896803,57.734882],[11.89812,57.736515],[11.895246,57.736974],[11.895139,57.736835],[11.894878,57.735984],[11.89334,57.735331],[11.892818,57.735123],[11.892382,57.735087],[11.892824,57.736627],[11.89314,57.737603],[11.891852,57.737747],[11.892569,57.74016],[11.891983,57.740999],[11.892901,57.741325],[11.892382,57.741429],[11.887891,57.741223],[11.886704,57.741827],[11.886579,57.743242],[11.886948,57.743249],[11.88733,57.743256],[11.887312,57.743541],[11.887425,57.743622],[11.887708,57.743627],[11.888115,57.743634],[11.888452,57.743639],[11.888555,57.743588],[11.888704,57.743614],[11.889066,57.74366],[11.88945,57.743708],[11.889799,57.743714],[11.889929,57.743716],[11.889919,57.743805],[11.890108,57.743892],[11.890134,57.743917],[11.890212,57.743992],[11.89025,57.74401],[11.890249,57.744076],[11.890059,57.744108],[11.889644,57.744279],[11.88927,57.744346],[11.888835,57.744425],[11.888457,57.744496],[11.888017,57.744625],[11.887918,57.74464],[11.887424,57.74468],[11.886934,57.744719],[11.886653,57.744722],[11.886483,57.744557],[11.886249,57.744329],[11.886013,57.744099],[11.885661,57.743988],[11.885524,57.743728],[11.885392,57.74347],[11.885282,57.743256],[11.884414,57.743236],[11.88318,57.74319],[11.881661,57.743862],[11.881622,57.744985],[11.881608,57.745401],[11.881587,57.745465],[11.881562,57.745789],[11.881997,57.745795],[11.882172,57.745799],[11.882804,57.745812],[11.883319,57.746518],[11.881455,57.747066],[11.881414,57.747064],[11.881374,57.74706],[11.881334,57.747055],[11.881294,57.747048],[11.881256,57.74704],[11.881219,57.74703],[11.881183,57.747019],[11.881148,57.747007],[11.881116,57.746994],[11.881085,57.746979],[11.881056,57.746964],[11.881029,57.746947],[11.881004,57.74693],[11.880982,57.746911],[11.880444,57.747103],[11.880128,57.746715],[11.876707,57.746917]]]}},{"type":"Feature","properties":{"kod":"14800819","namn":"Västra Hisingen, Länsmansgården N"},"geometry":{"type":"Polygon","coordinates":[[[11.901416,57.739162],[11.901244,57.739282],[11.900402,57.739871],[11.899317,57.740018],[11.899318,57.740624],[11.897791,57.7417],[11.897061,57.742211],[11.896812,57.742385],[11.89657,57.742258],[11.8955,57.741698],[11.894113,57.74097],[11.893413,57.740603],[11.892569,57.74016],[11.891852,57.737747],[11.89314,57.737603],[11.892824,57.736627],[11.892382,57.735087],[11.892818,57.735123],[11.89334,57.735331],[11.894878,57.735984],[11.895139,57.736835],[11.895246,57.736974],[11.89812,57.736515],[11.898671,57.737236],[11.899097,57.737742],[11.89997,57.738424],[11.901416,57.739162]]]}},{"type":"Feature","properties":{"kod":"14800820","namn":"Västra Hisingen, Amhult-Arendal"},"geometry":{"type":"Polygon","coordinates":[[[11.828445,57.73279],[11.827232,57.740953],[11.82553,57.741606],[11.821904,57.741418],[11.820534,57.740279],[11.820756,57.738629],[11.820415,57.736471],[11.819903,57.729969],[11.813978,57.729993],[11.811329,57.726112],[11.807961,57.72508],[11.802933,57.723751],[11.80138,57.723335],[11.799948,57.722959],[11.798337,57.722539],[11.797416,57.719649],[11.797685,57.719155],[11.797742,57.7189],[11.798028,57.71837],[11.79813,57.718257],[11.798422,57.71806],[11.79865,57.717868],[11.798729,57.717697],[11.798762,57.717626],[11.799165,57.717556],[11.799931,57.717363],[11.800562,57.717178],[11.800972,57.717053],[11.80139,57.716869],[11.801895,57.716728],[11.802035,57.716744],[11.802148,57.716981],[11.802896,57.716878],[11.803031,57.717162],[11.803682,57.717072],[11.80341,57.716506],[11.803428,57.716404],[11.802532,57.716364],[11.801771,57.716367],[11.800616,57.71644],[11.799223,57.716594],[11.799222,57.716594],[11.799221,57.716594],[11.797816,57.716742],[11.797173,57.716819],[11.795544,57.716945],[11.794202,57.716956],[11.793192,57.716913],[11.792885,57.716886],[11.79169,57.71675],[11.790345,57.716514],[11.789331,57.716276],[11.787416,57.71572],[11.784216,57.714859],[11.784196,57.71485],[11.784199,57.714851],[11.784189,57.714852],[11.78389,57.714706],[11.783184,57.71404],[11.783073,57.713763],[11.783047,57.713698],[11.782892,57.713197],[11.782737,57.712705],[11.782653,57.712437],[11.782375,57.712118],[11.781892,57.711828],[11.781046,57.711433],[11.780945,57.711497],[11.780649,57.711387],[11.780247,57.71135],[11.779571,57.711176],[11.778741,57.711039],[11.778388,57.710973],[11.778125,57.710923],[11.777817,57.710897],[11.777534,57.71085],[11.77609,57.711164],[11.775962,57.711579],[11.773027,57.712079],[11.772513,57.711884],[11.771902,57.711644],[11.771719,57.711562],[11.77138,57.711432],[11.771005,57.711313],[11.770883,57.711287],[11.770814,57.711205],[11.769768,57.711026],[11.768658,57.710906],[11.768828,57.71013],[11.768843,57.709393],[11.770484,57.709211],[11.771261,57.708967],[11.771761,57.70881],[11.771817,57.708563],[11.772284,57.707794],[11.773416,57.706714],[11.774014,57.70358],[11.773277,57.702393],[11.776943,57.702517],[11.777072,57.702507],[11.77711,57.702528],[11.777191,57.702587],[11.777377,57.702657],[11.777669,57.702746],[11.778055,57.702869],[11.778123,57.702887],[11.778328,57.702996],[11.778426,57.703039],[11.77853,57.703071],[11.778597,57.703079],[11.778753,57.703057],[11.778954,57.703034],[11.779208,57.703031],[11.779352,57.703022],[11.779483,57.703011],[11.779598,57.702997],[11.779697,57.70298],[11.779813,57.702953],[11.779921,57.70292],[11.780012,57.702888],[11.780124,57.702842],[11.780215,57.702799],[11.780345,57.70273],[11.780509,57.702637],[11.780785,57.702478],[11.781069,57.702313],[11.781383,57.702138],[11.781669,57.701969],[11.781995,57.70177],[11.782312,57.701584],[11.782556,57.701442],[11.782634,57.701402],[11.782717,57.701364],[11.782837,57.701328],[11.782875,57.701316],[11.783034,57.701291],[11.783181,57.701268],[11.783252,57.701258],[11.783459,57.701218],[11.783613,57.701189],[11.78381,57.701139],[11.78389,57.701118],[11.783999,57.701093],[11.784034,57.701082],[11.784111,57.701051],[11.784216,57.700993],[11.784338,57.700932],[11.784444,57.700877],[11.784531,57.700867],[11.784631,57.700886],[11.78469,57.700842],[11.784594,57.70081],[11.784594,57.700801],[11.784751,57.700712],[11.784867,57.700651],[11.78502,57.700563],[11.785233,57.700452],[11.785391,57.700362],[11.785464,57.700321],[11.785517,57.700302],[11.785594,57.700282],[11.785682,57.700274],[11.785755,57.700227],[11.78571,57.700222],[11.78567,57.700214],[11.785726,57.700178],[11.78588,57.700091],[11.786016,57.700013],[11.786251,57.699884],[11.786443,57.699787],[11.786692,57.699652],[11.786894,57.699538],[11.787065,57.699442],[11.787307,57.699314],[11.787416,57.699355],[11.78749,57.699393],[11.787945,57.699117],[11.788025,57.699383],[11.789067,57.699836],[11.789861,57.699312],[11.792862,57.698455],[11.792876,57.697876],[11.792757,57.697716],[11.792476,57.697546],[11.791718,57.696992],[11.791457,57.696763],[11.791127,57.696545],[11.790653,57.696193],[11.7903,57.69494],[11.790043,57.694025],[11.789888,57.693082],[11.789753,57.692],[11.787125,57.690809],[11.786024,57.69029],[11.784728,57.689864],[11.782887,57.688856],[11.782448,57.686282],[11.782627,57.683521],[11.78304,57.680729],[11.784311,57.674299],[11.788439,57.674316],[11.815261,57.674843],[11.820299,57.674952],[11.821447,57.675767],[11.821917,57.676102],[11.819562,57.678186],[11.819508,57.678241],[11.824974,57.680564],[11.832788,57.683858],[11.833884,57.684871],[11.834484,57.685275],[11.835072,57.685754],[11.835801,57.686228],[11.835976,57.686688],[11.835896,57.687652],[11.836006,57.688339],[11.837023,57.689922],[11.840676,57.68975],[11.84083,57.689406],[11.840939,57.689374],[11.841046,57.689341],[11.841152,57.689307],[11.841256,57.689271],[11.841359,57.689234],[11.84146,57.689196],[11.84156,57.689157],[11.841657,57.689116],[11.841753,57.689074],[11.841846,57.689031],[11.841938,57.688986],[11.842028,57.688941],[11.842116,57.688894],[11.842202,57.688846],[11.842286,57.688798],[11.842368,57.688748],[11.842447,57.688697],[11.842524,57.688645],[11.842609,57.688587],[11.842693,57.688528],[11.842773,57.688467],[11.842851,57.688406],[11.842927,57.688344],[11.843001,57.688282],[11.843071,57.688218],[11.843139,57.688153],[11.843204,57.688088],[11.843267,57.688022],[11.843328,57.687955],[11.843385,57.687888],[11.84344,57.687819],[11.843492,57.687751],[11.843551,57.687697],[11.843608,57.687642],[11.843662,57.687587],[11.843714,57.687531],[11.843763,57.687474],[11.843809,57.687417],[11.843853,57.68736],[11.843894,57.687301],[11.843933,57.687242],[11.843969,57.687183],[11.844002,57.687123],[11.844033,57.687063],[11.84406,57.687002],[11.844116,57.686933],[11.84417,57.686863],[11.844221,57.686793],[11.844269,57.686722],[11.844314,57.686651],[11.844357,57.686579],[11.844398,57.686507],[11.844435,57.686434],[11.84447,57.686362],[11.844502,57.686288],[11.84453,57.686215],[11.844557,57.686141],[11.844581,57.686066],[11.844601,57.685992],[11.844619,57.685917],[11.844635,57.685842],[11.844647,57.685767],[11.844656,57.685692],[11.844663,57.685617],[11.844815,57.685603],[11.844969,57.685592],[11.845122,57.685581],[11.845276,57.685572],[11.845429,57.685564],[11.845584,57.685558],[11.845738,57.685554],[11.845892,57.68555],[11.846047,57.685548],[11.846202,57.685548],[11.846356,57.68555],[11.84651,57.685552],[11.846665,57.685557],[11.846781,57.685561],[11.846897,57.685566],[11.847013,57.685574],[11.847128,57.685582],[11.847243,57.685593],[11.847358,57.685604],[11.847471,57.685618],[11.847584,57.685632],[11.847696,57.685649],[11.847808,57.685666],[11.847919,57.685686],[11.848029,57.685707],[11.848137,57.685729],[11.848245,57.685752],[11.848352,57.685777],[11.857347,57.685743],[11.865814,57.685712],[11.865928,57.685711],[11.866043,57.685712],[11.866157,57.685714],[11.866271,57.685718],[11.866385,57.685723],[11.866499,57.68573],[11.866612,57.685738],[11.866626,57.685739],[11.866725,57.685748],[11.866837,57.685759],[11.866949,57.685771],[11.86706,57.685785],[11.867171,57.6858],[11.867281,57.685817],[11.86739,57.685834],[11.867499,57.685854],[11.867606,57.685874],[11.867713,57.685896],[11.867819,57.68592],[11.867923,57.685944],[11.868035,57.685972],[11.868147,57.686001],[11.868256,57.686033],[11.868365,57.686065],[11.868472,57.686099],[11.868577,57.686134],[11.86868,57.686171],[11.868782,57.686209],[11.868882,57.686248],[11.868966,57.686283],[11.868979,57.686289],[11.869076,57.686331],[11.869166,57.686373],[11.869256,57.686416],[11.869342,57.68646],[11.869428,57.686505],[11.86951,57.686551],[11.869592,57.686598],[11.869671,57.686646],[11.869747,57.686695],[11.869822,57.686746],[11.869895,57.686797],[11.869965,57.686849],[11.870032,57.686902],[11.870099,57.686955],[11.870162,57.68701],[11.870223,57.687065],[11.870281,57.68712],[11.870337,57.687177],[11.870391,57.687235],[11.870442,57.687293],[11.870491,57.687351],[11.870536,57.68741],[11.87058,57.68747],[11.870621,57.687531],[11.870659,57.687591],[11.870695,57.687653],[11.870952,57.688081],[11.871666,57.689286],[11.876369,57.688314],[11.876481,57.688291],[11.876595,57.68827],[11.87671,57.688251],[11.876825,57.688232],[11.876941,57.688216],[11.877059,57.688201],[11.877176,57.688187],[11.877294,57.688175],[11.877413,57.688164],[11.877511,57.688185],[11.881948,57.688722],[11.884522,57.688253],[11.889548,57.687337],[11.890077,57.687385],[11.892562,57.688569],[11.893236,57.688649],[11.893934,57.68885],[11.897724,57.68928],[11.89778,57.689297],[11.901837,57.690467],[11.901893,57.690484],[11.900721,57.692365],[11.899825,57.693795],[11.899543,57.694239],[11.899079,57.694929],[11.898781,57.695354],[11.898391,57.695855],[11.897785,57.696572],[11.896558,57.698017],[11.896492,57.698023],[11.896492,57.698023],[11.896545,57.698105],[11.896452,57.698111],[11.896373,57.698113],[11.896373,57.698113],[11.896475,57.698269],[11.896102,57.698722],[11.895931,57.698902],[11.895828,57.69901],[11.895456,57.6994],[11.894706,57.70036],[11.894479,57.700726],[11.894307,57.701001],[11.89325,57.703003],[11.892848,57.703469],[11.892377,57.703827],[11.892005,57.704011],[11.891586,57.704188],[11.891552,57.70375],[11.890851,57.704008],[11.884228,57.703642],[11.881265,57.703725],[11.881275,57.704426],[11.880588,57.704539],[11.879969,57.704684],[11.879313,57.70485],[11.878745,57.705023],[11.878115,57.70527],[11.877262,57.705618],[11.875879,57.706339],[11.87512,57.706661],[11.871571,57.708448],[11.863056,57.712726],[11.862139,57.713291],[11.861562,57.71379],[11.861227,57.714222],[11.860967,57.714783],[11.860879,57.715384],[11.860909,57.715762],[11.861138,57.716361],[11.861863,57.717531],[11.862881,57.719037],[11.863234,57.71956],[11.864466,57.721206],[11.865039,57.721753],[11.865839,57.722548],[11.866457,57.723067],[11.867374,57.724015],[11.868069,57.724794],[11.868765,57.725691],[11.870206,57.727687],[11.870904,57.728433],[11.8717,57.729473],[11.872034,57.729915],[11.872573,57.730629],[11.873321,57.731708],[11.87397,57.73271],[11.874322,57.733334],[11.874678,57.734224],[11.874885,57.734814],[11.875094,57.735822],[11.875193,57.736727],[11.875166,57.737713],[11.875089,57.738286],[11.874869,57.739251],[11.874655,57.739849],[11.874141,57.739847],[11.87384,57.739832],[11.873495,57.739816],[11.873028,57.739791],[11.872879,57.739862],[11.872715,57.739865],[11.872302,57.739618],[11.872153,57.739504],[11.871179,57.739107],[11.870958,57.739044],[11.870461,57.738794],[11.870322,57.738742],[11.870134,57.738485],[11.870086,57.738314],[11.870005,57.738065],[11.86988,57.737947],[11.869678,57.737776],[11.869491,57.737673],[11.869256,57.737534],[11.869039,57.737418],[11.868883,57.737374],[11.868724,57.737315],[11.868557,57.737267],[11.868426,57.737213],[11.868313,57.737158],[11.868214,57.737126],[11.868043,57.73707],[11.867948,57.737009],[11.867725,57.736901],[11.867447,57.736794],[11.867166,57.736689],[11.866986,57.736643],[11.866733,57.736602],[11.86656,57.736539],[11.86633,57.736422],[11.866097,57.736358],[11.865862,57.736321],[11.865758,57.736324],[11.865512,57.736327],[11.865237,57.7363],[11.864858,57.736292],[11.86476,57.736296],[11.864405,57.736286],[11.864096,57.736277],[11.86393,57.736266],[11.860568,57.736319],[11.860295,57.735768],[11.855245,57.734986],[11.853074,57.735573],[11.850307,57.733604],[11.848425,57.731214],[11.846905,57.729954],[11.828445,57.73279]]]}},{"type":"Feature","properties":{"kod":"14800821","namn":"Västra Hisingen, Andalen"},"geometry":{"type":"Polygon","coordinates":[[[11.773277,57.702393],[11.77107,57.701687],[11.766204,57.701777],[11.765308,57.704114],[11.762915,57.705024],[11.762855,57.705889],[11.761851,57.705945],[11.759986,57.706418],[11.755901,57.706172],[11.752573,57.706415],[11.751524,57.705942],[11.751348,57.705884],[11.750261,57.705576],[11.749868,57.705458],[11.748876,57.705082],[11.748881,57.705046],[11.7489,57.705009],[11.749148,57.704801],[11.751145,57.703124],[11.749275,57.702506],[11.748819,57.702355],[11.748829,57.702285],[11.74874,57.702249],[11.748151,57.702005],[11.747809,57.701864],[11.747356,57.701703],[11.747002,57.701575],[11.746904,57.701655],[11.746824,57.701624],[11.746651,57.70143],[11.746584,57.701403],[11.746444,57.701346],[11.746145,57.701349],[11.743058,57.700102],[11.741552,57.699904],[11.74065,57.699775],[11.738878,57.69951],[11.738389,57.699377],[11.737887,57.699184],[11.737756,57.69913],[11.735098,57.698296],[11.734459,57.698097],[11.734089,57.698085],[11.733512,57.698108],[11.733262,57.698061],[11.733232,57.698055],[11.730696,57.69743],[11.729301,57.69722],[11.727927,57.696763],[11.725206,57.695499],[11.724552,57.695128],[11.723583,57.694711],[11.717218,57.693373],[11.717079,57.693283],[11.717521,57.692585],[11.717945,57.691734],[11.718372,57.690853],[11.718819,57.689534],[11.717662,57.688533],[11.716923,57.688034],[11.715942,57.687256],[11.715097,57.686448],[11.71414,57.685716],[11.69789,57.6738],[11.701286,57.669169],[11.704225,57.665159],[11.707898,57.665126],[11.732063,57.664915],[11.734712,57.665695],[11.748558,57.670081],[11.752305,57.671234],[11.758415,57.671453],[11.761607,57.671421],[11.764469,57.671365],[11.766521,57.67169],[11.769533,57.672168],[11.773803,57.672622],[11.784311,57.674299],[11.78304,57.680729],[11.782627,57.683521],[11.782448,57.686282],[11.782887,57.688856],[11.784728,57.689864],[11.786024,57.69029],[11.787125,57.690809],[11.789753,57.692],[11.789888,57.693082],[11.790043,57.694025],[11.7903,57.69494],[11.790653,57.696193],[11.791127,57.696545],[11.791457,57.696763],[11.791718,57.696992],[11.792476,57.697546],[11.792757,57.697716],[11.792876,57.697876],[11.792862,57.698455],[11.789861,57.699312],[11.789067,57.699836],[11.788025,57.699383],[11.787945,57.699117],[11.78749,57.699393],[11.787416,57.699355],[11.787307,57.699314],[11.787065,57.699442],[11.786894,57.699538],[11.786692,57.699652],[11.786443,57.699787],[11.786251,57.699884],[11.786016,57.700013],[11.78588,57.700091],[11.785726,57.700178],[11.78567,57.700214],[11.78571,57.700222],[11.785755,57.700227],[11.785682,57.700274],[11.785594,57.700282],[11.785517,57.700302],[11.785464,57.700321],[11.785391,57.700362],[11.785233,57.700452],[11.78502,57.700563],[11.784867,57.700651],[11.784751,57.700712],[11.784594,57.700801],[11.784594,57.70081],[11.78469,57.700842],[11.784631,57.700886],[11.784531,57.700867],[11.784444,57.700877],[11.784338,57.700932],[11.784216,57.700993],[11.784111,57.701051],[11.784034,57.701082],[11.783999,57.701093],[11.78389,57.701118],[11.78381,57.701139],[11.783613,57.701189],[11.783459,57.701218],[11.783252,57.701258],[11.783181,57.701268],[11.783034,57.701291],[11.782875,57.701316],[11.782837,57.701328],[11.782717,57.701364],[11.782634,57.701402],[11.782556,57.701442],[11.782312,57.701584],[11.781995,57.70177],[11.781669,57.701969],[11.781383,57.702138],[11.781069,57.702313],[11.780785,57.702478],[11.780509,57.702637],[11.780345,57.70273],[11.780215,57.702799],[11.780124,57.702842],[11.780012,57.702888],[11.779921,57.70292],[11.779813,57.702953],[11.779697,57.70298],[11.779598,57.702997],[11.779483,57.703011],[11.779352,57.703022],[11.779208,57.703031],[11.778954,57.703034],[11.778753,57.703057],[11.778597,57.703079],[11.77853,57.703071],[11.778426,57.703039],[11.778328,57.702996],[11.778123,57.702887],[11.778055,57.702869],[11.777669,57.702746],[11.777377,57.702657],[11.777191,57.702587],[11.77711,57.702528],[11.777072,57.702507],[11.776943,57.702517],[11.773277,57.702393]]]}},{"type":"Feature","properties":{"kod":"14800822","namn":"Västra Hisingen, Hjuvik"},"geometry":{"type":"Polygon","coordinates":[[[11.69779,57.713649],[11.69779,57.713649],[11.69433,57.706931],[11.694234,57.706806],[11.69094,57.70254],[11.695772,57.690459],[11.69789,57.6738],[11.71414,57.685716],[11.715097,57.686448],[11.715942,57.687256],[11.716923,57.688034],[11.717662,57.688533],[11.718819,57.689534],[11.718372,57.690853],[11.717945,57.691734],[11.717521,57.692585],[11.717079,57.693283],[11.717218,57.693373],[11.723583,57.694711],[11.724552,57.695128],[11.725206,57.695499],[11.727927,57.696763],[11.729301,57.69722],[11.730696,57.69743],[11.733232,57.698055],[11.733262,57.698061],[11.732362,57.698967],[11.731817,57.699649],[11.731726,57.699854],[11.729821,57.699299],[11.726127,57.69913],[11.725903,57.699767],[11.726634,57.699987],[11.726431,57.700464],[11.726143,57.701124],[11.726036,57.701358],[11.726429,57.701458],[11.726046,57.701846],[11.7261,57.702002],[11.726229,57.702383],[11.725928,57.702448],[11.72557,57.702589],[11.725321,57.702715],[11.72524,57.702827],[11.725208,57.702956],[11.725185,57.703008],[11.725115,57.703003],[11.72501,57.703149],[11.724968,57.703294],[11.725022,57.703373],[11.725076,57.703401],[11.72593,57.703839],[11.725971,57.703949],[11.726319,57.704031],[11.726833,57.704155],[11.727382,57.704431],[11.727856,57.704669],[11.72815,57.704887],[11.72896,57.704793],[11.729181,57.704831],[11.729533,57.70479],[11.729912,57.704671],[11.730196,57.704899],[11.731682,57.705152],[11.732024,57.705808],[11.732355,57.706767],[11.729792,57.706847],[11.730249,57.707355],[11.728384,57.70786],[11.726381,57.708297],[11.726538,57.70873],[11.726676,57.70912],[11.726732,57.70927],[11.726817,57.709514],[11.726873,57.709665],[11.725383,57.70963],[11.725923,57.710351],[11.7237,57.710499],[11.723664,57.710692],[11.723665,57.710688],[11.723585,57.711081],[11.723559,57.711204],[11.723262,57.711194],[11.723023,57.711207],[11.722894,57.711232],[11.72266,57.711277],[11.722941,57.711708],[11.721951,57.711578],[11.719281,57.711127],[11.718365,57.710941],[11.71862,57.711824],[11.718003,57.713469],[11.71512,57.713655],[11.709541,57.712122],[11.69779,57.713649]]]}},{"type":"Feature","properties":{"kod":"14800823","namn":"Västra Hisingen, Hällsvik"},"geometry":{"type":"Polygon","coordinates":[[[11.727808,57.711426],[11.726888,57.711584],[11.726409,57.711667],[11.724682,57.711887],[11.72386,57.711826],[11.722941,57.711708],[11.72266,57.711277],[11.722894,57.711232],[11.723023,57.711207],[11.723262,57.711194],[11.723559,57.711204],[11.723585,57.711081],[11.723665,57.710688],[11.723664,57.710692],[11.7237,57.710499],[11.725923,57.710351],[11.725383,57.70963],[11.726873,57.709665],[11.726817,57.709514],[11.726732,57.70927],[11.726676,57.70912],[11.726538,57.70873],[11.726381,57.708297],[11.728384,57.70786],[11.730249,57.707355],[11.729792,57.706847],[11.732355,57.706767],[11.732024,57.705808],[11.731682,57.705152],[11.730196,57.704899],[11.729912,57.704671],[11.729533,57.70479],[11.729181,57.704831],[11.72896,57.704793],[11.72815,57.704887],[11.727856,57.704669],[11.727382,57.704431],[11.726833,57.704155],[11.726319,57.704031],[11.725971,57.703949],[11.72593,57.703839],[11.725076,57.703401],[11.725022,57.703373],[11.724968,57.703294],[11.72501,57.703149],[11.725115,57.703003],[11.725185,57.703008],[11.725208,57.702956],[11.72524,57.702827],[11.725321,57.702715],[11.72557,57.702589],[11.725928,57.702448],[11.726229,57.702383],[11.7261,57.702002],[11.726046,57.701846],[11.726429,57.701458],[11.726036,57.701358],[11.726143,57.701124],[11.726431,57.700464],[11.726634,57.699987],[11.725903,57.699767],[11.726127,57.69913],[11.729821,57.699299],[11.731726,57.699854],[11.731817,57.699649],[11.732362,57.698967],[11.733262,57.698061],[11.733512,57.698108],[11.734089,57.698085],[11.734459,57.698097],[11.735098,57.698296],[11.737756,57.69913],[11.737887,57.699184],[11.738389,57.699377],[11.738878,57.69951],[11.74065,57.699775],[11.741552,57.699904],[11.743058,57.700102],[11.746145,57.701349],[11.746444,57.701346],[11.746584,57.701403],[11.746651,57.70143],[11.746824,57.701624],[11.746904,57.701655],[11.747002,57.701575],[11.747356,57.701703],[11.747809,57.701864],[11.748151,57.702005],[11.74874,57.702249],[11.748829,57.702285],[11.748819,57.702355],[11.749275,57.702506],[11.751145,57.703124],[11.749148,57.704801],[11.7489,57.705009],[11.748881,57.705046],[11.748876,57.705082],[11.749868,57.705458],[11.748898,57.706161],[11.747482,57.706726],[11.747294,57.706725],[11.745307,57.707311],[11.743051,57.707796],[11.741451,57.707963],[11.741115,57.708106],[11.739287,57.708076],[11.738354,57.708451],[11.73874,57.709577],[11.736458,57.709948],[11.734038,57.710345],[11.727808,57.711426]]]}},{"type":"Feature","properties":{"kod":"14800824","namn":"Västra Hisingen, Trånget"},"geometry":{"type":"Polygon","coordinates":[[[11.720304,57.723768],[11.717166,57.726285],[11.717087,57.72718],[11.716482,57.730314],[11.705417,57.731374],[11.698294,57.721731],[11.69891,57.715824],[11.69779,57.713649],[11.69779,57.713649],[11.709541,57.712122],[11.71512,57.713655],[11.718003,57.713469],[11.71862,57.711824],[11.718365,57.710941],[11.719281,57.711127],[11.721951,57.711578],[11.722941,57.711708],[11.72386,57.711826],[11.724682,57.711887],[11.726409,57.711667],[11.726888,57.711584],[11.727808,57.711426],[11.734038,57.710345],[11.736458,57.709948],[11.73874,57.709577],[11.738354,57.708451],[11.739287,57.708076],[11.741115,57.708106],[11.741451,57.707963],[11.743051,57.707796],[11.745307,57.707311],[11.747294,57.706725],[11.747482,57.706726],[11.748898,57.706161],[11.749868,57.705458],[11.750261,57.705576],[11.751348,57.705884],[11.751524,57.705942],[11.752573,57.706415],[11.754199,57.707012],[11.754401,57.707661],[11.747233,57.708689],[11.747032,57.709534],[11.747789,57.711443],[11.743788,57.712184],[11.742908,57.712651],[11.736624,57.713763],[11.734241,57.714883],[11.73275,57.717632],[11.732781,57.720708],[11.72776,57.721104],[11.727876,57.721865],[11.728005,57.722713],[11.728205,57.724024],[11.728486,57.725868],[11.728518,57.72608],[11.728568,57.726409],[11.728607,57.726664],[11.728652,57.726958],[11.728064,57.727066],[11.727484,57.727034],[11.727416,57.727064],[11.726862,57.727361],[11.726629,57.727346],[11.72641,57.727303],[11.726345,57.726945],[11.725947,57.726505],[11.725424,57.725927],[11.724988,57.725446],[11.724676,57.7251],[11.724196,57.724821],[11.723578,57.724461],[11.722847,57.724036],[11.724297,57.722821],[11.723746,57.722668],[11.723477,57.722578],[11.722891,57.722217],[11.720304,57.723768]]]}},{"type":"Feature","properties":{"kod":"14800825","namn":"Västra Hisingen, Tumlehed"},"geometry":{"type":"Polygon","coordinates":[[[11.718467,57.74611],[11.71803,57.7456],[11.708681,57.735334],[11.706753,57.733202],[11.705417,57.731374],[11.716482,57.730314],[11.717087,57.72718],[11.717166,57.726285],[11.720304,57.723768],[11.722891,57.722217],[11.723477,57.722578],[11.723746,57.722668],[11.724297,57.722821],[11.722847,57.724036],[11.723578,57.724461],[11.724196,57.724821],[11.724676,57.7251],[11.724988,57.725446],[11.725424,57.725927],[11.725947,57.726505],[11.726345,57.726945],[11.72641,57.727303],[11.726629,57.727346],[11.726862,57.727361],[11.727416,57.727064],[11.727484,57.727034],[11.728064,57.727066],[11.728652,57.726958],[11.728607,57.726664],[11.728568,57.726409],[11.728518,57.72608],[11.728486,57.725868],[11.728205,57.724024],[11.728005,57.722713],[11.727876,57.721865],[11.72776,57.721104],[11.732781,57.720708],[11.73275,57.717632],[11.752464,57.722672],[11.756193,57.723186],[11.756962,57.723523],[11.759056,57.723789],[11.760781,57.724183],[11.760708,57.724809],[11.759575,57.726126],[11.759025,57.726549],[11.758433,57.727197],[11.75723,57.728175],[11.757057,57.72909],[11.757119,57.729492],[11.757937,57.729397],[11.758769,57.729416],[11.759846,57.729584],[11.760742,57.729953],[11.76257,57.730932],[11.7629,57.731121],[11.763307,57.731354],[11.763738,57.731537],[11.764273,57.731675],[11.764774,57.731784],[11.7648,57.732012],[11.764942,57.733161],[11.768747,57.734231],[11.769376,57.734347],[11.770649,57.734402],[11.771263,57.733889],[11.772896,57.733508],[11.773511,57.734679],[11.772896,57.735026],[11.772704,57.735031],[11.772551,57.734989],[11.771401,57.735071],[11.770896,57.735156],[11.770478,57.735362],[11.770152,57.735464],[11.767995,57.735689],[11.764086,57.736746],[11.753479,57.735748],[11.74416,57.737818],[11.737345,57.739325],[11.735733,57.740841],[11.730991,57.741403],[11.718467,57.74611]]]}},{"type":"Feature","properties":{"kod":"14800826","namn":"Västra Hisingen, Torslanda Röd"},"geometry":{"type":"Polygon","coordinates":[[[11.773535,57.718928],[11.771959,57.719612],[11.771234,57.719904],[11.770511,57.72023],[11.769328,57.720747],[11.768781,57.721034],[11.768386,57.721311],[11.768146,57.72154],[11.767826,57.721377],[11.766124,57.720602],[11.766051,57.720575],[11.76586,57.720527],[11.76518,57.720454],[11.764682,57.721358],[11.76338,57.723646],[11.763608,57.723839],[11.76308,57.724944],[11.760708,57.724809],[11.760781,57.724183],[11.759056,57.723789],[11.756962,57.723523],[11.756193,57.723186],[11.752464,57.722672],[11.73275,57.717632],[11.734241,57.714883],[11.736624,57.713763],[11.742908,57.712651],[11.743788,57.712184],[11.747789,57.711443],[11.755563,57.716585],[11.758531,57.716036],[11.75933,57.716316],[11.763015,57.715655],[11.764206,57.715526],[11.764731,57.714519],[11.765338,57.714086],[11.767397,57.715096],[11.76974,57.715529],[11.772022,57.71553],[11.775227,57.718182],[11.773535,57.718928]]]}},{"type":"Feature","properties":{"kod":"14800827","namn":"Västra Hisingen, Gossbydal"},"geometry":{"type":"Polygon","coordinates":[[[11.765338,57.714086],[11.764731,57.714519],[11.764206,57.715526],[11.763015,57.715655],[11.75933,57.716316],[11.758531,57.716036],[11.755563,57.716585],[11.747789,57.711443],[11.747032,57.709534],[11.747233,57.708689],[11.754401,57.707661],[11.754199,57.707012],[11.752573,57.706415],[11.755901,57.706172],[11.759986,57.706418],[11.761851,57.705945],[11.762855,57.705889],[11.762915,57.705024],[11.765308,57.704114],[11.766204,57.701777],[11.77107,57.701687],[11.773277,57.702393],[11.774014,57.70358],[11.773416,57.706714],[11.772284,57.707794],[11.771817,57.708563],[11.771761,57.70881],[11.771261,57.708967],[11.770484,57.709211],[11.768843,57.709393],[11.768828,57.71013],[11.768658,57.710906],[11.767841,57.710797],[11.765908,57.711828],[11.764351,57.712743],[11.764495,57.713306],[11.765338,57.714086]]]}},{"type":"Feature","properties":{"kod":"14800828","namn":"Västra Hisingen, Nolered"},"geometry":{"type":"Polygon","coordinates":[[[11.798337,57.722539],[11.784985,57.723821],[11.783976,57.72212],[11.781857,57.722151],[11.780343,57.721432],[11.779885,57.721492],[11.77884,57.721499],[11.778009,57.721323],[11.776737,57.720997],[11.775942,57.720576],[11.775697,57.720394],[11.775391,57.720158],[11.775127,57.719987],[11.77466,57.719688],[11.77391,57.719181],[11.773535,57.718928],[11.775227,57.718182],[11.772022,57.71553],[11.76974,57.715529],[11.767397,57.715096],[11.765338,57.714086],[11.764495,57.713306],[11.764351,57.712743],[11.765908,57.711828],[11.767841,57.710797],[11.768658,57.710906],[11.769768,57.711026],[11.770814,57.711205],[11.770883,57.711287],[11.771005,57.711313],[11.77138,57.711432],[11.771719,57.711562],[11.771902,57.711644],[11.772513,57.711884],[11.773027,57.712079],[11.775962,57.711579],[11.77609,57.711164],[11.777534,57.71085],[11.777817,57.710897],[11.778125,57.710923],[11.778388,57.710973],[11.778741,57.711039],[11.779571,57.711176],[11.780247,57.71135],[11.780649,57.711387],[11.780945,57.711497],[11.781046,57.711433],[11.781892,57.711828],[11.782375,57.712118],[11.782653,57.712437],[11.782737,57.712705],[11.782892,57.713197],[11.783047,57.713698],[11.783073,57.713763],[11.783184,57.71404],[11.78389,57.714706],[11.784189,57.714852],[11.784199,57.714851],[11.784196,57.71485],[11.784216,57.714859],[11.787416,57.71572],[11.789331,57.716276],[11.790345,57.716514],[11.79169,57.71675],[11.792885,57.716886],[11.793192,57.716913],[11.794202,57.716956],[11.795544,57.716945],[11.797173,57.716819],[11.797816,57.716742],[11.799221,57.716594],[11.799222,57.716594],[11.799223,57.716594],[11.800616,57.71644],[11.801771,57.716367],[11.802532,57.716364],[11.803428,57.716404],[11.80341,57.716506],[11.803682,57.717072],[11.803031,57.717162],[11.802896,57.716878],[11.802148,57.716981],[11.802035,57.716744],[11.801895,57.716728],[11.80139,57.716869],[11.800972,57.717053],[11.800562,57.717178],[11.799931,57.717363],[11.799165,57.717556],[11.798762,57.717626],[11.798729,57.717697],[11.79865,57.717868],[11.798422,57.71806],[11.79813,57.718257],[11.798028,57.71837],[11.797742,57.7189],[11.797685,57.719155],[11.797416,57.719649],[11.798337,57.722539]]]}},{"type":"Feature","properties":{"kod":"14800829","namn":"Västra Hisingen, Torslanda Torg"},"geometry":{"type":"Polygon","coordinates":[[[11.784985,57.723821],[11.785188,57.726206],[11.78243,57.725904],[11.781306,57.725483],[11.779731,57.725337],[11.77773,57.725399],[11.777457,57.72657],[11.774933,57.726397],[11.774427,57.727106],[11.774284,57.727265],[11.774032,57.727171],[11.773507,57.726949],[11.772792,57.726627],[11.772391,57.726422],[11.771538,57.72591],[11.770876,57.725589],[11.770778,57.725536],[11.76801,57.725452],[11.76308,57.724944],[11.763608,57.723839],[11.76338,57.723646],[11.764682,57.721358],[11.76518,57.720454],[11.76586,57.720527],[11.766051,57.720575],[11.766124,57.720602],[11.767826,57.721377],[11.768146,57.72154],[11.768386,57.721311],[11.768781,57.721034],[11.769328,57.720747],[11.770511,57.72023],[11.771234,57.719904],[11.771959,57.719612],[11.773535,57.718928],[11.77391,57.719181],[11.77466,57.719688],[11.775127,57.719987],[11.775391,57.720158],[11.775697,57.720394],[11.775942,57.720576],[11.776737,57.720997],[11.778009,57.721323],[11.77884,57.721499],[11.779885,57.721492],[11.780343,57.721432],[11.781857,57.722151],[11.783976,57.72212],[11.784985,57.723821]]]}},{"type":"Feature","properties":{"kod":"14800830","namn":"Västra Hisingen, Torslanda"},"geometry":{"type":"Polygon","coordinates":[[[11.772896,57.733508],[11.771263,57.733889],[11.770649,57.734402],[11.769376,57.734347],[11.768747,57.734231],[11.764942,57.733161],[11.7648,57.732012],[11.764774,57.731784],[11.764273,57.731675],[11.763738,57.731537],[11.763307,57.731354],[11.7629,57.731121],[11.76257,57.730932],[11.760742,57.729953],[11.759846,57.729584],[11.758769,57.729416],[11.757937,57.729397],[11.757119,57.729492],[11.757057,57.72909],[11.75723,57.728175],[11.758433,57.727197],[11.759025,57.726549],[11.759575,57.726126],[11.760708,57.724809],[11.76308,57.724944],[11.76801,57.725452],[11.770778,57.725536],[11.770876,57.725589],[11.771538,57.72591],[11.772391,57.726422],[11.772792,57.726627],[11.771016,57.727831],[11.77008,57.727789],[11.770232,57.729519],[11.771528,57.729469],[11.774425,57.729235],[11.774334,57.729845],[11.774529,57.731305],[11.774599,57.731701],[11.773849,57.731805],[11.772805,57.731858],[11.772896,57.733508]]]}},{"type":"Feature","properties":{"kod":"14800831","namn":"Västra Hisingen, Domarringen m fl"},"geometry":{"type":"Polygon","coordinates":[[[11.807961,57.72508],[11.803904,57.730994],[11.800128,57.731612],[11.799038,57.732301],[11.800415,57.733499],[11.795945,57.733963],[11.792216,57.734336],[11.790232,57.733307],[11.788885,57.732757],[11.787668,57.732231],[11.78617,57.731472],[11.785106,57.730981],[11.782228,57.729674],[11.78048,57.729001],[11.778784,57.728556],[11.77759,57.729841],[11.774425,57.729235],[11.771528,57.729469],[11.770232,57.729519],[11.77008,57.727789],[11.771016,57.727831],[11.772792,57.726627],[11.773507,57.726949],[11.774032,57.727171],[11.774284,57.727265],[11.774427,57.727106],[11.774933,57.726397],[11.777457,57.72657],[11.77773,57.725399],[11.779731,57.725337],[11.781306,57.725483],[11.78243,57.725904],[11.785188,57.726206],[11.784985,57.723821],[11.798337,57.722539],[11.799948,57.722959],[11.80138,57.723335],[11.802933,57.723751],[11.807961,57.72508]]]}},{"type":"Feature","properties":{"kod":"14800832","namn":"Västra Hisingen, Änghagen"},"geometry":{"type":"Polygon","coordinates":[[[11.806595,57.741687],[11.803949,57.741253],[11.803137,57.741374],[11.801549,57.741372],[11.800242,57.741053],[11.799914,57.741059],[11.799696,57.740949],[11.798333,57.740619],[11.797562,57.740204],[11.797308,57.73976],[11.797087,57.739548],[11.79678,57.738848],[11.794935,57.738714],[11.794169,57.738359],[11.791399,57.738678],[11.79075,57.737873],[11.788992,57.738167],[11.786838,57.737832],[11.786702,57.738705],[11.78564,57.738716],[11.784512,57.73895],[11.784049,57.739858],[11.780034,57.739231],[11.77712,57.737557],[11.775936,57.734952],[11.77462,57.73498],[11.773517,57.73468],[11.773511,57.734679],[11.772896,57.733508],[11.772805,57.731858],[11.773849,57.731805],[11.774599,57.731701],[11.774529,57.731305],[11.774334,57.729845],[11.774425,57.729235],[11.77759,57.729841],[11.778784,57.728556],[11.78048,57.729001],[11.782228,57.729674],[11.785106,57.730981],[11.78617,57.731472],[11.787668,57.732231],[11.788885,57.732757],[11.790232,57.733307],[11.792216,57.734336],[11.795522,57.735938],[11.798074,57.736781],[11.800247,57.737358],[11.806266,57.739042],[11.805706,57.739871],[11.806812,57.740816],[11.806595,57.741687]]]}},{"type":"Feature","properties":{"kod":"14800833","namn":"Västra Hisingen, Älvegården"},"geometry":{"type":"Polygon","coordinates":[[[11.82553,57.741606],[11.825162,57.743208],[11.825913,57.743367],[11.826623,57.743599],[11.827413,57.743958],[11.827991,57.744352],[11.828332,57.744785],[11.828502,57.745253],[11.828459,57.74572],[11.828183,57.747017],[11.825635,57.746708],[11.825129,57.746668],[11.825123,57.746207],[11.821569,57.746405],[11.820939,57.746601],[11.820246,57.74625],[11.819977,57.746176],[11.819291,57.746149],[11.818739,57.746956],[11.810888,57.7446],[11.811705,57.743434],[11.806595,57.741687],[11.806812,57.740816],[11.805706,57.739871],[11.806266,57.739042],[11.800247,57.737358],[11.798074,57.736781],[11.795522,57.735938],[11.792216,57.734336],[11.795945,57.733963],[11.800415,57.733499],[11.799038,57.732301],[11.800128,57.731612],[11.803904,57.730994],[11.807961,57.72508],[11.811329,57.726112],[11.813978,57.729993],[11.819903,57.729969],[11.820415,57.736471],[11.820756,57.738629],[11.820534,57.740279],[11.821904,57.741418],[11.82553,57.741606]]]}},{"type":"Feature","properties":{"kod":"14800834","namn":"Västra Hisingen, Lilleby"},"geometry":{"type":"Polygon","coordinates":[[[11.766449,57.753022],[11.7629,57.754386],[11.762081,57.754789],[11.761612,57.756152],[11.7614,57.759066],[11.731663,57.771107],[11.731617,57.771096],[11.731615,57.771095],[11.728707,57.765268],[11.725739,57.759321],[11.725516,57.758873],[11.724262,57.75636],[11.719977,57.747772],[11.718467,57.74611],[11.730991,57.741403],[11.735733,57.740841],[11.737345,57.739325],[11.74416,57.737818],[11.753479,57.735748],[11.764086,57.736746],[11.767995,57.735689],[11.770152,57.735464],[11.770478,57.735362],[11.770896,57.735156],[11.771401,57.735071],[11.772551,57.734989],[11.772704,57.735031],[11.772896,57.735026],[11.773511,57.734679],[11.773517,57.73468],[11.77462,57.73498],[11.775936,57.734952],[11.77712,57.737557],[11.780034,57.739231],[11.784049,57.739858],[11.784512,57.73895],[11.78564,57.738716],[11.786702,57.738705],[11.786838,57.737832],[11.788992,57.738167],[11.79075,57.737873],[11.791399,57.738678],[11.794169,57.738359],[11.794935,57.738714],[11.79678,57.738848],[11.797087,57.739548],[11.797308,57.73976],[11.797562,57.740204],[11.798333,57.740619],[11.799696,57.740949],[11.799914,57.741059],[11.800242,57.741053],[11.801549,57.741372],[11.803137,57.741374],[11.803949,57.741253],[11.806595,57.741687],[11.811705,57.743434],[11.810888,57.7446],[11.809581,57.75038],[11.809411,57.750487],[11.809621,57.750678],[11.809642,57.750871],[11.809389,57.750959],[11.809044,57.750952],[11.808958,57.750914],[11.808764,57.750925],[11.808288,57.750725],[11.808,57.750687],[11.807905,57.750652],[11.807762,57.750587],[11.807659,57.750578],[11.807615,57.750616],[11.807563,57.750616],[11.807243,57.750528],[11.807015,57.750363],[11.806996,57.750345],[11.806479,57.750191],[11.806015,57.75005],[11.805607,57.749829],[11.805335,57.749696],[11.805175,57.749735],[11.804937,57.749733],[11.804781,57.749708],[11.804515,57.749698],[11.804334,57.7498],[11.804246,57.749749],[11.804034,57.749719],[11.803873,57.749644],[11.80381,57.749585],[11.803572,57.749551],[11.803471,57.749627],[11.803305,57.749686],[11.802752,57.749774],[11.802451,57.749875],[11.802168,57.749819],[11.801628,57.749895],[11.801511,57.749953],[11.800591,57.750075],[11.800079,57.750163],[11.799621,57.750555],[11.79962,57.750632],[11.799703,57.750794],[11.800035,57.750986],[11.800029,57.75107],[11.79993,57.751191],[11.799667,57.751348],[11.799447,57.751448],[11.798709,57.751619],[11.798253,57.751661],[11.797632,57.751971],[11.797742,57.752852],[11.797648,57.753219],[11.797051,57.754402],[11.796363,57.754452],[11.794649,57.753668],[11.793538,57.753267],[11.792325,57.753216],[11.79136,57.753154],[11.790244,57.752944],[11.789604,57.752843],[11.788358,57.752673],[11.787044,57.752595],[11.786139,57.752471],[11.785214,57.752584],[11.784451,57.752776],[11.783056,57.753275],[11.782465,57.75352],[11.780628,57.753305],[11.779802,57.753055],[11.778847,57.752877],[11.777515,57.752734],[11.776141,57.752393],[11.773621,57.752233],[11.76924,57.752447],[11.767847,57.752205],[11.766449,57.753022]]]}},{"type":"Feature","properties":{"kod":"14800835","namn":"Västra Hisingen, Kvisljungeby"},"geometry":{"type":"Polygon","coordinates":[[[11.853074,57.735573],[11.855952,57.738762],[11.851755,57.74635],[11.843938,57.750792],[11.839773,57.750376],[11.837738,57.752252],[11.835364,57.757707],[11.82348,57.757669],[11.812261,57.752413],[11.810575,57.750823],[11.809581,57.75038],[11.810888,57.7446],[11.818739,57.746956],[11.819291,57.746149],[11.819977,57.746176],[11.820246,57.74625],[11.820939,57.746601],[11.821569,57.746405],[11.825123,57.746207],[11.825129,57.746668],[11.825635,57.746708],[11.828183,57.747017],[11.828459,57.74572],[11.828502,57.745253],[11.828332,57.744785],[11.827991,57.744352],[11.827413,57.743958],[11.826623,57.743599],[11.825913,57.743367],[11.825162,57.743208],[11.82553,57.741606],[11.827232,57.740953],[11.828445,57.73279],[11.846905,57.729954],[11.848425,57.731214],[11.850307,57.733604],[11.853074,57.735573]]]}},{"type":"Feature","properties":{"kod":"14800836","namn":"Västra Hisingen, Björlanda"},"geometry":{"type":"Polygon","coordinates":[[[11.806797,57.778063],[11.792116,57.785525],[11.785894,57.784026],[11.779243,57.782441],[11.771477,57.78059],[11.769817,57.780201],[11.763552,57.778734],[11.731663,57.771107],[11.7614,57.759066],[11.761612,57.756152],[11.762081,57.754789],[11.7629,57.754386],[11.766449,57.753022],[11.767847,57.752205],[11.76924,57.752447],[11.773621,57.752233],[11.776141,57.752393],[11.777515,57.752734],[11.778847,57.752877],[11.779802,57.753055],[11.780628,57.753305],[11.782465,57.75352],[11.783056,57.753275],[11.784451,57.752776],[11.785214,57.752584],[11.786139,57.752471],[11.787044,57.752595],[11.788358,57.752673],[11.789604,57.752843],[11.790244,57.752944],[11.79136,57.753154],[11.792325,57.753216],[11.793538,57.753267],[11.794649,57.753668],[11.796363,57.754452],[11.797051,57.754402],[11.797648,57.753219],[11.797742,57.752852],[11.797632,57.751971],[11.798253,57.751661],[11.798709,57.751619],[11.799447,57.751448],[11.799667,57.751348],[11.79993,57.751191],[11.800029,57.75107],[11.800035,57.750986],[11.799703,57.750794],[11.79962,57.750632],[11.799621,57.750555],[11.800079,57.750163],[11.800591,57.750075],[11.801511,57.749953],[11.801628,57.749895],[11.802168,57.749819],[11.802451,57.749875],[11.802752,57.749774],[11.803305,57.749686],[11.803471,57.749627],[11.803572,57.749551],[11.80381,57.749585],[11.803873,57.749644],[11.804034,57.749719],[11.804246,57.749749],[11.804334,57.7498],[11.804515,57.749698],[11.804781,57.749708],[11.804937,57.749733],[11.805175,57.749735],[11.805335,57.749696],[11.805607,57.749829],[11.806015,57.75005],[11.806479,57.750191],[11.806996,57.750345],[11.807015,57.750363],[11.807243,57.750528],[11.807563,57.750616],[11.807615,57.750616],[11.807659,57.750578],[11.807762,57.750587],[11.807905,57.750652],[11.808,57.750687],[11.808288,57.750725],[11.808764,57.750925],[11.808958,57.750914],[11.809044,57.750952],[11.809389,57.750959],[11.809642,57.750871],[11.809621,57.750678],[11.809411,57.750487],[11.809581,57.75038],[11.810575,57.750823],[11.812261,57.752413],[11.82348,57.757669],[11.835364,57.757707],[11.837738,57.752252],[11.839773,57.750376],[11.843938,57.750792],[11.851755,57.74635],[11.855952,57.738762],[11.853074,57.735573],[11.855245,57.734986],[11.860295,57.735768],[11.860568,57.736319],[11.86393,57.736266],[11.864096,57.736277],[11.864405,57.736286],[11.86476,57.736296],[11.864858,57.736292],[11.865237,57.7363],[11.865512,57.736327],[11.865758,57.736324],[11.865862,57.736321],[11.866097,57.736358],[11.86633,57.736422],[11.86656,57.736539],[11.866733,57.736602],[11.866986,57.736643],[11.867166,57.736689],[11.867447,57.736794],[11.867725,57.736901],[11.867948,57.737009],[11.868043,57.73707],[11.868214,57.737126],[11.868313,57.737158],[11.868426,57.737213],[11.868557,57.737267],[11.868724,57.737315],[11.868883,57.737374],[11.869039,57.737418],[11.869256,57.737534],[11.869491,57.737673],[11.869678,57.737776],[11.86988,57.737947],[11.870005,57.738065],[11.870086,57.738314],[11.870134,57.738485],[11.870322,57.738742],[11.870461,57.738794],[11.870958,57.739044],[11.871179,57.739107],[11.872153,57.739504],[11.872302,57.739618],[11.872715,57.739865],[11.872879,57.739862],[11.873028,57.739791],[11.873495,57.739816],[11.87384,57.739832],[11.874141,57.739847],[11.874655,57.739849],[11.87454,57.740169],[11.873795,57.741812],[11.873319,57.742949],[11.872992,57.743959],[11.872814,57.744923],[11.872766,57.745955],[11.872825,57.746952],[11.873329,57.748647],[11.873754,57.749758],[11.873978,57.750195],[11.874301,57.750824],[11.874995,57.75213],[11.875351,57.75275],[11.876,57.753751],[11.876584,57.754566],[11.877457,57.755761],[11.877756,57.756191],[11.880044,57.759042],[11.882259,57.761162],[11.884099,57.763263],[11.884834,57.764871],[11.885227,57.766444],[11.883366,57.7668],[11.883171,57.767133],[11.882392,57.768468],[11.8807,57.771363],[11.870443,57.77405],[11.863021,57.776],[11.861987,57.775178],[11.853805,57.76867],[11.847265,57.768854],[11.839491,57.766983],[11.83468,57.768035],[11.83109,57.770144],[11.818907,57.774579],[11.813011,57.775904],[11.811421,57.777572],[11.806797,57.778063]]]}},{"type":"Feature","properties":{"kod":"14800837","namn":"Västra Hisingen, Nolvik"},"geometry":{"type":"Polygon","coordinates":[[[11.836122,57.794194],[11.833674,57.79411],[11.832954,57.793912],[11.832557,57.793766],[11.832272,57.793661],[11.829119,57.792388],[11.828789,57.792255],[11.828787,57.792252],[11.828374,57.791892],[11.828333,57.791885],[11.828332,57.791885],[11.827559,57.791739],[11.827268,57.791678],[11.827263,57.791677],[11.824968,57.791289],[11.821801,57.790628],[11.816894,57.790238],[11.808812,57.789533],[11.807688,57.789265],[11.804935,57.788608],[11.804735,57.788568],[11.803421,57.788247],[11.803184,57.78819],[11.79213,57.785528],[11.792116,57.785525],[11.806797,57.778063],[11.811421,57.777572],[11.813011,57.775904],[11.818907,57.774579],[11.83109,57.770144],[11.83468,57.768035],[11.839491,57.766983],[11.847265,57.768854],[11.853805,57.76867],[11.861987,57.775178],[11.863021,57.776],[11.8577,57.777397],[11.854063,57.778373],[11.852328,57.778838],[11.852329,57.778838],[11.852329,57.778838],[11.852444,57.778941],[11.852769,57.779502],[11.85103,57.77966],[11.850411,57.77976],[11.849387,57.77987],[11.848782,57.78004],[11.848144,57.780264],[11.847512,57.780493],[11.847342,57.780513],[11.847345,57.78076],[11.84711,57.781006],[11.846231,57.782161],[11.846069,57.782415],[11.843723,57.785392],[11.842262,57.787244],[11.84207,57.7875],[11.841527,57.788242],[11.841169,57.788731],[11.841138,57.788782],[11.840903,57.789132],[11.840095,57.790131],[11.840007,57.790272],[11.839952,57.790396],[11.839698,57.790629],[11.839613,57.790827],[11.839505,57.79087],[11.83936,57.790957],[11.839165,57.791061],[11.838859,57.791394],[11.838487,57.79154],[11.837682,57.791753],[11.837682,57.791753],[11.837682,57.791754],[11.837925,57.791932],[11.837969,57.792048],[11.837961,57.792237],[11.837776,57.792725],[11.836122,57.794194]]]}},{"type":"Feature","properties":{"kod":"14800901","namn":"Centrala Hisingen, Kärrdalen"},"geometry":{"type":"Polygon","coordinates":[[[11.883617,57.756351],[11.882835,57.756396],[11.881516,57.756569],[11.881008,57.756663],[11.880368,57.756231],[11.879596,57.755988],[11.878704,57.756018],[11.877756,57.756191],[11.877457,57.755761],[11.876584,57.754566],[11.876,57.753751],[11.875351,57.75275],[11.874995,57.75213],[11.874301,57.750824],[11.873978,57.750195],[11.874793,57.749919],[11.876851,57.749211],[11.877281,57.747664],[11.876502,57.747602],[11.876707,57.746917],[11.880128,57.746715],[11.880444,57.747103],[11.880982,57.746911],[11.881004,57.74693],[11.881029,57.746947],[11.881056,57.746964],[11.881085,57.746979],[11.881116,57.746994],[11.881148,57.747007],[11.881183,57.747019],[11.881219,57.74703],[11.881256,57.74704],[11.881294,57.747048],[11.881334,57.747055],[11.881374,57.74706],[11.881414,57.747064],[11.881455,57.747066],[11.883319,57.746518],[11.882804,57.745812],[11.882172,57.745799],[11.881997,57.745795],[11.881562,57.745789],[11.881587,57.745465],[11.881608,57.745401],[11.881622,57.744985],[11.881661,57.743862],[11.88318,57.74319],[11.884414,57.743236],[11.885282,57.743256],[11.885392,57.74347],[11.885524,57.743728],[11.885661,57.743988],[11.886013,57.744099],[11.886249,57.744329],[11.886483,57.744557],[11.886653,57.744722],[11.886934,57.744719],[11.887424,57.74468],[11.887918,57.74464],[11.888017,57.744625],[11.888457,57.744496],[11.888835,57.744425],[11.88927,57.744346],[11.889644,57.744279],[11.890059,57.744108],[11.890249,57.744076],[11.89025,57.74401],[11.890212,57.743992],[11.890134,57.743917],[11.890108,57.743892],[11.889919,57.743805],[11.889929,57.743716],[11.889799,57.743714],[11.88945,57.743708],[11.889066,57.74366],[11.888704,57.743614],[11.888555,57.743588],[11.888452,57.743639],[11.888115,57.743634],[11.887708,57.743627],[11.887425,57.743622],[11.887312,57.743541],[11.88733,57.743256],[11.886948,57.743249],[11.886579,57.743242],[11.886704,57.741827],[11.887891,57.741223],[11.892382,57.741429],[11.892901,57.741325],[11.891983,57.740999],[11.892569,57.74016],[11.893413,57.740603],[11.894113,57.74097],[11.8955,57.741698],[11.89657,57.742258],[11.896812,57.742385],[11.897061,57.742211],[11.897791,57.7417],[11.899318,57.740624],[11.899317,57.740018],[11.900402,57.739871],[11.901244,57.739282],[11.901416,57.739162],[11.902561,57.739675],[11.903232,57.740119],[11.904608,57.739478],[11.906725,57.738524],[11.907566,57.738121],[11.907736,57.738033],[11.90834,57.737729],[11.909022,57.737895],[11.910171,57.738822],[11.911953,57.738653],[11.912225,57.738192],[11.912642,57.738032],[11.913268,57.739404],[11.914574,57.739685],[11.916524,57.742067],[11.916959,57.742482],[11.91745,57.743554],[11.917952,57.744025],[11.923298,57.74319],[11.925186,57.743734],[11.92382,57.74555],[11.923727,57.745568],[11.923426,57.745627],[11.923342,57.745633],[11.923257,57.74564],[11.923174,57.745649],[11.923091,57.745659],[11.923009,57.745671],[11.922927,57.745684],[11.922846,57.745698],[11.921896,57.745843],[11.921716,57.745869],[11.921535,57.745894],[11.921353,57.745917],[11.92117,57.745938],[11.918365,57.746247],[11.918116,57.746274],[11.916578,57.746444],[11.915755,57.746558],[11.915611,57.746583],[11.915467,57.746609],[11.915324,57.746637],[11.915183,57.746666],[11.915042,57.746696],[11.914903,57.746728],[11.914764,57.746761],[11.914627,57.746796],[11.914491,57.746832],[11.914356,57.746869],[11.914222,57.746908],[11.91409,57.746947],[11.913959,57.746989],[11.91383,57.747031],[11.91372,57.747068],[11.913613,57.747106],[11.913508,57.747146],[11.913403,57.747187],[11.913301,57.74723],[11.9132,57.747273],[11.913101,57.747318],[11.913003,57.747363],[11.912935,57.747397],[11.912869,57.747432],[11.912805,57.747468],[11.912742,57.747505],[11.912682,57.747543],[11.912624,57.747582],[11.912568,57.747622],[11.912513,57.747662],[11.912462,57.747703],[11.912413,57.747746],[11.912365,57.747789],[11.912321,57.747832],[11.912278,57.747877],[11.912238,57.747922],[11.912208,57.747957],[11.912201,57.747967],[11.90821,57.748948],[11.900899,57.750005],[11.897977,57.751424],[11.89241,57.754775],[11.891461,57.755163],[11.889196,57.755749],[11.888112,57.755954],[11.886913,57.756264],[11.88643,57.756338],[11.885937,57.756344],[11.884757,57.756312],[11.883617,57.756351]]]}},{"type":"Feature","properties":{"kod":"14800902","namn":"Centrala Hisingen, Tolered Norra"},"geometry":{"type":"Polygon","coordinates":[[[11.923298,57.74319],[11.917952,57.744025],[11.91745,57.743554],[11.916959,57.742482],[11.916524,57.742067],[11.914574,57.739685],[11.913268,57.739404],[11.912642,57.738032],[11.912225,57.738192],[11.911953,57.738653],[11.910171,57.738822],[11.909022,57.737895],[11.90834,57.737729],[11.907736,57.738033],[11.907566,57.738121],[11.906725,57.738524],[11.904608,57.739478],[11.903232,57.740119],[11.902561,57.739675],[11.901416,57.739162],[11.901567,57.739056],[11.901907,57.738818],[11.900923,57.737699],[11.903867,57.735539],[11.903712,57.735258],[11.903597,57.735051],[11.903369,57.734638],[11.904376,57.734479],[11.905576,57.734289],[11.907138,57.733171],[11.907143,57.733057],[11.907139,57.732781],[11.907136,57.732583],[11.907132,57.732385],[11.907129,57.732206],[11.907666,57.732159],[11.907766,57.73215],[11.908426,57.732228],[11.908777,57.732285],[11.908922,57.732027],[11.909178,57.732068],[11.909222,57.731931],[11.909348,57.731538],[11.9094,57.731376],[11.909499,57.731067],[11.909656,57.731079],[11.910313,57.731079],[11.911036,57.73099],[11.912009,57.731584],[11.912289,57.731817],[11.912819,57.732837],[11.913731,57.731904],[11.915143,57.732356],[11.913883,57.733099],[11.913718,57.733255],[11.914869,57.733439],[11.9139,57.733977],[11.913377,57.73437],[11.912057,57.73557],[11.912765,57.735738],[11.914006,57.734776],[11.916241,57.735228],[11.916431,57.736225],[11.918,57.736649],[11.924445,57.741234],[11.923298,57.74319]]]}},{"type":"Feature","properties":{"kod":"14800903","namn":"Centrala Hisingen, Slätta Damm"},"geometry":{"type":"Polygon","coordinates":[[[11.938718,57.734416],[11.936524,57.734439],[11.932781,57.734904],[11.92887,57.735389],[11.927762,57.737958],[11.930491,57.741759],[11.93026,57.742997],[11.925186,57.743734],[11.923298,57.74319],[11.924445,57.741234],[11.918,57.736649],[11.916431,57.736225],[11.916241,57.735228],[11.914006,57.734776],[11.912765,57.735738],[11.912057,57.73557],[11.913377,57.73437],[11.9139,57.733977],[11.914869,57.733439],[11.917029,57.732215],[11.919489,57.730827],[11.92051,57.730225],[11.921505,57.729746],[11.922442,57.72937],[11.923663,57.728972],[11.925108,57.728624],[11.926302,57.728425],[11.92745,57.728259],[11.929051,57.728117],[11.929185,57.728764],[11.927617,57.728858],[11.927719,57.729135],[11.927799,57.729388],[11.927856,57.729667],[11.927907,57.729869],[11.927974,57.730163],[11.928064,57.73042],[11.928595,57.730381],[11.928709,57.730624],[11.929048,57.731973],[11.934267,57.732633],[11.937056,57.732439],[11.938718,57.734416]]]}},{"type":"Feature","properties":{"kod":"14800904","namn":"Centrala Hisingen, Bjurslätt Norra"},"geometry":{"type":"Polygon","coordinates":[[[11.937056,57.732439],[11.934267,57.732633],[11.929048,57.731973],[11.928709,57.730624],[11.928595,57.730381],[11.928064,57.73042],[11.927974,57.730163],[11.927907,57.729869],[11.927856,57.729667],[11.927799,57.729388],[11.927719,57.729135],[11.927617,57.728858],[11.929185,57.728764],[11.929051,57.728117],[11.92932,57.728092],[11.935277,57.727802],[11.935346,57.72828],[11.936541,57.72825],[11.939801,57.728068],[11.939877,57.728896],[11.938131,57.729141],[11.938262,57.729458],[11.935,57.729875],[11.935166,57.72994],[11.935453,57.730069],[11.935351,57.730318],[11.935188,57.730482],[11.935085,57.730803],[11.935197,57.730978],[11.935215,57.731028],[11.935392,57.731241],[11.935667,57.73144],[11.936177,57.731807],[11.93673,57.732205],[11.937056,57.732439]]]}},{"type":"Feature","properties":{"kod":"14800905","namn":"Centrala Hisingen, Hildedal"},"geometry":{"type":"Polygon","coordinates":[[[11.944402,57.729855],[11.944188,57.730242],[11.943917,57.730619],[11.94284,57.731984],[11.942223,57.73287],[11.941864,57.73428],[11.941235,57.734124],[11.940828,57.734001],[11.938718,57.734416],[11.937056,57.732439],[11.93673,57.732205],[11.936177,57.731807],[11.935667,57.73144],[11.935392,57.731241],[11.935215,57.731028],[11.935197,57.730978],[11.935085,57.730803],[11.935188,57.730482],[11.935351,57.730318],[11.935453,57.730069],[11.935166,57.72994],[11.935,57.729875],[11.938262,57.729458],[11.938131,57.729141],[11.939877,57.728896],[11.939801,57.728068],[11.936541,57.72825],[11.935346,57.72828],[11.935277,57.727802],[11.939756,57.727573],[11.945795,57.727263],[11.945656,57.727791],[11.944402,57.729855]]]}},{"type":"Feature","properties":{"kod":"14800906","namn":"Centrala Hisingen, Tolered Södra"},"geometry":{"type":"Polygon","coordinates":[[[11.915143,57.732356],[11.913731,57.731904],[11.912819,57.732837],[11.912289,57.731817],[11.912009,57.731584],[11.911036,57.73099],[11.910313,57.731079],[11.909656,57.731079],[11.909499,57.731067],[11.909169,57.731041],[11.908541,57.730879],[11.907074,57.730333],[11.904965,57.729549],[11.904183,57.729224],[11.9041,57.729176],[11.90468,57.728914],[11.905203,57.729008],[11.907862,57.727393],[11.907854,57.726938],[11.907941,57.726153],[11.907948,57.725773],[11.907817,57.725772],[11.907703,57.725772],[11.907789,57.725664],[11.907858,57.725578],[11.908251,57.725668],[11.90845,57.725669],[11.908857,57.725673],[11.909118,57.725675],[11.909205,57.725676],[11.909674,57.725679],[11.90968,57.725464],[11.909686,57.725248],[11.909692,57.725033],[11.909698,57.724817],[11.909871,57.724603],[11.909941,57.724515],[11.910809,57.724715],[11.910827,57.724735],[11.910896,57.724605],[11.910855,57.724611],[11.910355,57.724495],[11.910546,57.724245],[11.910139,57.724147],[11.910306,57.723938],[11.910474,57.723729],[11.910642,57.72352],[11.911028,57.723609],[11.911469,57.723686],[11.911456,57.723693],[11.911651,57.723727],[11.911786,57.723508],[11.911831,57.723497],[11.912713,57.723651],[11.912742,57.723681],[11.91275,57.723673],[11.912846,57.72369],[11.913163,57.723093],[11.913666,57.722272],[11.914042,57.721724],[11.91424,57.721725],[11.914428,57.721549],[11.915408,57.721362],[11.916115,57.721295],[11.916223,57.721461],[11.916489,57.721533],[11.916651,57.72153],[11.916863,57.720982],[11.917183,57.720449],[11.917892,57.719748],[11.917905,57.719736],[11.918618,57.719087],[11.918925,57.718782],[11.919153,57.718555],[11.919247,57.71841],[11.921628,57.718756],[11.920387,57.722075],[11.919565,57.724165],[11.918381,57.723951],[11.917569,57.723974],[11.919725,57.728213],[11.918254,57.728347],[11.918234,57.728735],[11.918049,57.729232],[11.917486,57.729843],[11.916372,57.730365],[11.915591,57.730558],[11.914894,57.730656],[11.914292,57.731295],[11.915147,57.731572],[11.916024,57.731874],[11.915143,57.732356]]]}},{"type":"Feature","properties":{"kod":"14800907","namn":"Centrala Hisingen, Tolered Östra"},"geometry":{"type":"Polygon","coordinates":[[[11.931455,57.724679],[11.932036,57.725104],[11.929937,57.725192],[11.929975,57.725726],[11.929577,57.726145],[11.93066,57.726347],[11.930823,57.727212],[11.929609,57.727255],[11.929628,57.727522],[11.929138,57.727559],[11.92932,57.728092],[11.929051,57.728117],[11.92745,57.728259],[11.926302,57.728425],[11.925108,57.728624],[11.923663,57.728972],[11.922442,57.72937],[11.921505,57.729746],[11.92051,57.730225],[11.919489,57.730827],[11.917029,57.732215],[11.914869,57.733439],[11.913718,57.733255],[11.913883,57.733099],[11.915143,57.732356],[11.916024,57.731874],[11.915147,57.731572],[11.914292,57.731295],[11.914894,57.730656],[11.915591,57.730558],[11.916372,57.730365],[11.917486,57.729843],[11.918049,57.729232],[11.918234,57.728735],[11.918254,57.728347],[11.919725,57.728213],[11.917569,57.723974],[11.918381,57.723951],[11.919565,57.724165],[11.920387,57.722075],[11.922603,57.722118],[11.927208,57.722048],[11.927972,57.72239],[11.92661,57.723782],[11.930116,57.723699],[11.931455,57.724679]]]}},{"type":"Feature","properties":{"kod":"14800908","namn":"Centrala Hisingen, Flunsås"},"geometry":{"type":"Polygon","coordinates":[[[11.933116,57.722882],[11.933159,57.723617],[11.931703,57.723654],[11.930116,57.723699],[11.92661,57.723782],[11.927972,57.72239],[11.927208,57.722048],[11.922603,57.722118],[11.920387,57.722075],[11.921628,57.718756],[11.922472,57.718893],[11.92328,57.718992],[11.925814,57.719348],[11.926105,57.71939],[11.929167,57.719829],[11.930106,57.720967],[11.929399,57.722152],[11.933081,57.722088],[11.933116,57.722882]]]}},{"type":"Feature","properties":{"kod":"14800909","namn":"Centrala Hisingen, Wieselgrenspl."},"geometry":{"type":"Polygon","coordinates":[[[11.938544,57.723445],[11.936063,57.723503],[11.93594,57.722022],[11.934504,57.72203],[11.933081,57.722088],[11.929399,57.722152],[11.930106,57.720967],[11.929167,57.719829],[11.932986,57.720308],[11.934253,57.720438],[11.936255,57.720667],[11.937368,57.720802],[11.937851,57.720782],[11.937927,57.721977],[11.939181,57.721941],[11.939179,57.723122],[11.938553,57.723145],[11.938544,57.723445]]]}},{"type":"Feature","properties":{"kod":"14800910","namn":"Centrala Hisingen, Bjurslätt Södra"},"geometry":{"type":"Polygon","coordinates":[[[11.939072,57.723433],[11.939271,57.725359],[11.939601,57.725361],[11.939722,57.726696],[11.935176,57.72691],[11.935071,57.726166],[11.932982,57.726264],[11.93066,57.726347],[11.929577,57.726145],[11.929975,57.725726],[11.929937,57.725192],[11.932036,57.725104],[11.931455,57.724679],[11.930116,57.723699],[11.931703,57.723654],[11.933159,57.723617],[11.933116,57.722882],[11.933081,57.722088],[11.934504,57.72203],[11.93594,57.722022],[11.936063,57.723503],[11.938544,57.723445],[11.939072,57.723433]]]}},{"type":"Feature","properties":{"kod":"14800911","namn":"Centrala Hisingen, Fyrklövern"},"geometry":{"type":"Polygon","coordinates":[[[11.935277,57.727802],[11.92932,57.728092],[11.929138,57.727559],[11.929628,57.727522],[11.929609,57.727255],[11.930823,57.727212],[11.93066,57.726347],[11.932982,57.726264],[11.935071,57.726166],[11.935176,57.72691],[11.935213,57.727252],[11.935277,57.727802]]]}},{"type":"Feature","properties":{"kod":"14800912","namn":"Centrala Hisingen, Kvillebäcken N"},"geometry":{"type":"Polygon","coordinates":[[[11.945795,57.727263],[11.939756,57.727573],[11.935277,57.727802],[11.935213,57.727252],[11.935176,57.72691],[11.939722,57.726696],[11.939601,57.725361],[11.939271,57.725359],[11.939072,57.723433],[11.939749,57.723419],[11.940436,57.723404],[11.941015,57.723391],[11.941091,57.723389],[11.942277,57.723363],[11.942164,57.721883],[11.943183,57.721857],[11.944192,57.721838],[11.944333,57.7238],[11.945413,57.723788],[11.945523,57.725105],[11.945592,57.726179],[11.945795,57.727263]]]}},{"type":"Feature","properties":{"kod":"14800913","namn":"Centrala Hisingen, Kvillebäcken S"},"geometry":{"type":"Polygon","coordinates":[[[11.939072,57.723433],[11.938544,57.723445],[11.938553,57.723145],[11.939179,57.723122],[11.939181,57.721941],[11.937927,57.721977],[11.937851,57.720782],[11.939594,57.720757],[11.942017,57.720701],[11.942164,57.721883],[11.942277,57.723363],[11.941091,57.723389],[11.941015,57.723391],[11.940436,57.723404],[11.939749,57.723419],[11.939072,57.723433]]]}},{"type":"Feature","properties":{"kod":"14800914","namn":"Centrala Hisingen, Kvillebäcken Ö"},"geometry":{"type":"Polygon","coordinates":[[[11.945413,57.723788],[11.944333,57.7238],[11.944192,57.721838],[11.943183,57.721857],[11.942164,57.721883],[11.942017,57.720701],[11.943087,57.720639],[11.944181,57.720577],[11.945129,57.720562],[11.945243,57.721832],[11.945304,57.722455],[11.947348,57.722419],[11.947194,57.722752],[11.947074,57.723043],[11.945395,57.723099],[11.945413,57.723788]]]}},{"type":"Feature","properties":{"kod":"14800915","namn":"Centrala Hisingen, Vågmästareplatsen"},"geometry":{"type":"Polygon","coordinates":[[[11.947348,57.722419],[11.945304,57.722455],[11.945243,57.721832],[11.945129,57.720562],[11.948085,57.720718],[11.949311,57.720719],[11.949755,57.72235],[11.948753,57.722384],[11.948681,57.72205],[11.94798,57.722005],[11.947854,57.721759],[11.947627,57.72177],[11.947348,57.722419]]]}},{"type":"Feature","properties":{"kod":"14800916","namn":"Centrala Hisingen, Backaplan"},"geometry":{"type":"Polygon","coordinates":[[[11.960757,57.728438],[11.960244,57.728795],[11.9598,57.729088],[11.959427,57.729419],[11.959149,57.729724],[11.95886,57.730107],[11.955749,57.729987],[11.954428,57.729817],[11.952324,57.729654],[11.949341,57.729583],[11.944402,57.729855],[11.945656,57.727791],[11.945795,57.727263],[11.945592,57.726179],[11.945523,57.725105],[11.945413,57.723788],[11.945395,57.723099],[11.947074,57.723043],[11.947194,57.722752],[11.947348,57.722419],[11.947627,57.72177],[11.947854,57.721759],[11.94798,57.722005],[11.948681,57.72205],[11.948753,57.722384],[11.949755,57.72235],[11.949311,57.720719],[11.952654,57.720677],[11.955757,57.720474],[11.957066,57.721537],[11.960314,57.723837],[11.963951,57.725122],[11.969209,57.72623],[11.967983,57.726451],[11.967042,57.726628],[11.966734,57.726686],[11.966081,57.726797],[11.965508,57.726895],[11.964706,57.727038],[11.963787,57.727258],[11.962893,57.727503],[11.962797,57.72754],[11.962094,57.727811],[11.961344,57.728144],[11.960757,57.728438]]]}},{"type":"Feature","properties":{"kod":"14800917","namn":"Centrala Hisingen, Lundbyvassen"},"geometry":{"type":"Polygon","coordinates":[[[11.986679,57.721896],[11.985612,57.722587],[11.985587,57.722678],[11.985377,57.722701],[11.984931,57.722951],[11.981162,57.724859],[11.979223,57.726051],[11.975599,57.725605],[11.971401,57.725851],[11.969209,57.72623],[11.963951,57.725122],[11.960314,57.723837],[11.957066,57.721537],[11.955757,57.720474],[11.955042,57.71976],[11.953671,57.718383],[11.953625,57.718358],[11.952145,57.717555],[11.95028,57.716545],[11.949619,57.716173],[11.945632,57.713918],[11.942229,57.712568],[11.940567,57.712357],[11.939821,57.711484],[11.940026,57.710747],[11.941463,57.710059],[11.940502,57.70951],[11.937564,57.707839],[11.9366,57.707738],[11.9354,57.706498],[11.93492,57.706127],[11.934592,57.705755],[11.934197,57.705206],[11.934578,57.70314],[11.936561,57.70144],[11.938578,57.701596],[11.941673,57.701922],[11.943083,57.702071],[11.94617,57.702726],[11.946692,57.702857],[11.947451,57.703047],[11.949854,57.703648],[11.951312,57.704214],[11.951317,57.704216],[11.95407,57.705791],[11.956084,57.707059],[11.959835,57.710499],[11.961675,57.711972],[11.962309,57.71225],[11.964188,57.713136],[11.967054,57.714495],[11.971315,57.716515],[11.972436,57.716922],[11.974439,57.717649],[11.976975,57.71857],[11.978532,57.71908],[11.983562,57.72073],[11.986679,57.721896]]]}},{"type":"Feature","properties":{"kod":"14800918","namn":"Centrala Hisingen, Porslinsfabriken"},"geometry":{"type":"Polygon","coordinates":[[[11.952145,57.717555],[11.953625,57.718358],[11.953671,57.718383],[11.955042,57.71976],[11.955757,57.720474],[11.952654,57.720677],[11.949311,57.720719],[11.949087,57.71977],[11.949018,57.719542],[11.949037,57.719483],[11.949138,57.719415],[11.950584,57.719024],[11.95038,57.718618],[11.950116,57.718358],[11.949444,57.717843],[11.948713,57.717262],[11.948888,57.71722],[11.95028,57.716545],[11.952145,57.717555]]]}},{"type":"Feature","properties":{"kod":"14800919","namn":"Centrala Hisingen, Brämaregården S"},"geometry":{"type":"Polygon","coordinates":[[[11.948713,57.717262],[11.948008,57.716686],[11.94734,57.716831],[11.946527,57.717198],[11.945825,57.717636],[11.945412,57.717877],[11.945042,57.717948],[11.944999,57.717375],[11.944962,57.717124],[11.944805,57.716109],[11.944754,57.715621],[11.944618,57.714428],[11.945632,57.713918],[11.949619,57.716173],[11.95028,57.716545],[11.948888,57.71722],[11.948713,57.717262]]]}},{"type":"Feature","properties":{"kod":"14800920","namn":"Centrala Hisingen, Kvillestaden"},"geometry":{"type":"Polygon","coordinates":[[[11.950584,57.719024],[11.949138,57.719415],[11.949037,57.719483],[11.949018,57.719542],[11.949087,57.71977],[11.946165,57.719797],[11.94608,57.718797],[11.944988,57.71881],[11.945042,57.717948],[11.945412,57.717877],[11.945825,57.717636],[11.946527,57.717198],[11.94734,57.716831],[11.948008,57.716686],[11.948713,57.717262],[11.949444,57.717843],[11.950116,57.718358],[11.95038,57.718618],[11.950584,57.719024]]]}},{"type":"Feature","properties":{"kod":"14800921","namn":"Centrala Hisingen, Brämaregården N"},"geometry":{"type":"Polygon","coordinates":[[[11.942017,57.720701],[11.939594,57.720757],[11.939574,57.72055],[11.939558,57.720301],[11.939674,57.719121],[11.941118,57.71761],[11.942668,57.716244],[11.943903,57.715651],[11.944754,57.715621],[11.944805,57.716109],[11.944962,57.717124],[11.944999,57.717375],[11.945042,57.717948],[11.944988,57.71881],[11.94608,57.718797],[11.946165,57.719797],[11.949087,57.71977],[11.949311,57.720719],[11.948085,57.720718],[11.945129,57.720562],[11.944181,57.720577],[11.943087,57.720639],[11.942017,57.720701]]]}},{"type":"Feature","properties":{"kod":"14800922","namn":"Centrala Hisingen, Rambergsstaden Ö"},"geometry":{"type":"Polygon","coordinates":[[[11.937851,57.720782],[11.937368,57.720802],[11.936255,57.720667],[11.936406,57.720319],[11.936617,57.719945],[11.936767,57.719678],[11.936766,57.719576],[11.93676,57.71893],[11.936744,57.717172],[11.934575,57.71715],[11.934274,57.717157],[11.93274,57.717168],[11.932573,57.716783],[11.932859,57.71675],[11.933729,57.716641],[11.934281,57.716643],[11.936821,57.71666],[11.937396,57.716657],[11.937562,57.716651],[11.937728,57.716642],[11.937824,57.716636],[11.937919,57.716628],[11.938015,57.716618],[11.938109,57.716608],[11.938203,57.716596],[11.938297,57.716582],[11.938389,57.716567],[11.93848,57.71655],[11.938572,57.716532],[11.938662,57.716513],[11.93875,57.716493],[11.938837,57.716471],[11.938924,57.716447],[11.939464,57.716251],[11.939696,57.715895],[11.939796,57.715892],[11.941506,57.71584],[11.942668,57.716244],[11.941118,57.71761],[11.939674,57.719121],[11.939558,57.720301],[11.939574,57.72055],[11.939594,57.720757],[11.937851,57.720782]]]}},{"type":"Feature","properties":{"kod":"14800923","namn":"Centrala Hisingen, Rambergsstaden N"},"geometry":{"type":"Polygon","coordinates":[[[11.932573,57.716783],[11.93274,57.717168],[11.934274,57.717157],[11.934575,57.71715],[11.936744,57.717172],[11.93676,57.71893],[11.936766,57.719576],[11.936767,57.719678],[11.936617,57.719945],[11.936406,57.720319],[11.936255,57.720667],[11.934253,57.720438],[11.934173,57.720022],[11.933963,57.719565],[11.933872,57.719418],[11.933398,57.719215],[11.931397,57.718339],[11.930837,57.717977],[11.93,57.717168],[11.931409,57.716915],[11.932066,57.716841],[11.932573,57.716783]]]}},{"type":"Feature","properties":{"kod":"14800924","namn":"Centrala Hisingen, Rambergsvallen"},"geometry":{"type":"Polygon","coordinates":[[[11.93,57.717168],[11.930837,57.717977],[11.931397,57.718339],[11.933398,57.719215],[11.933872,57.719418],[11.933963,57.719565],[11.934173,57.720022],[11.934253,57.720438],[11.932986,57.720308],[11.929167,57.719829],[11.926105,57.71939],[11.927211,57.717171],[11.927907,57.717176],[11.927169,57.716303],[11.927238,57.716086],[11.927259,57.715594],[11.92659,57.71556],[11.925594,57.714933],[11.927308,57.714137],[11.927888,57.714598],[11.928621,57.715582],[11.929031,57.716169],[11.93,57.717168]]]}},{"type":"Feature","properties":{"kod":"14800925","namn":"Centrala Hisingen, Rambergsstaden S"},"geometry":{"type":"Polygon","coordinates":[[[11.925594,57.714933],[11.92659,57.71556],[11.927259,57.715594],[11.927238,57.716086],[11.927169,57.716303],[11.927907,57.717176],[11.927211,57.717171],[11.926105,57.71939],[11.925814,57.719348],[11.92328,57.718992],[11.922472,57.718893],[11.921628,57.718756],[11.919247,57.71841],[11.919525,57.717983],[11.919639,57.717689],[11.918745,57.717472],[11.918197,57.717317],[11.917266,57.716914],[11.91713,57.715409],[11.916602,57.714858],[11.916415,57.714323],[11.915802,57.713575],[11.918478,57.713612],[11.919228,57.71363],[11.919354,57.713577],[11.920389,57.713576],[11.920708,57.71297],[11.921128,57.712877],[11.921401,57.712435],[11.921316,57.71237],[11.921368,57.712364],[11.921531,57.712153],[11.921921,57.710573],[11.92104,57.71051],[11.921099,57.710333],[11.92113,57.710241],[11.921141,57.710198],[11.920933,57.709771],[11.922903,57.709896],[11.9243,57.710204],[11.925881,57.710448],[11.927494,57.710724],[11.929547,57.711162],[11.930265,57.711474],[11.932806,57.711864],[11.934492,57.711892],[11.939821,57.711484],[11.940567,57.712357],[11.942229,57.712568],[11.945632,57.713918],[11.944618,57.714428],[11.944754,57.715621],[11.943903,57.715651],[11.942668,57.716244],[11.941506,57.71584],[11.939796,57.715892],[11.939696,57.715895],[11.939464,57.716251],[11.938924,57.716447],[11.938837,57.716471],[11.93875,57.716493],[11.938662,57.716513],[11.938572,57.716532],[11.93848,57.71655],[11.938389,57.716567],[11.938297,57.716582],[11.938203,57.716596],[11.938109,57.716608],[11.938015,57.716618],[11.937919,57.716628],[11.937824,57.716636],[11.937728,57.716642],[11.937562,57.716651],[11.937396,57.716657],[11.936821,57.71666],[11.934281,57.716643],[11.933729,57.716641],[11.932859,57.71675],[11.932573,57.716783],[11.932066,57.716841],[11.931409,57.716915],[11.93,57.717168],[11.929031,57.716169],[11.928621,57.715582],[11.927888,57.714598],[11.927308,57.714137],[11.925594,57.714933]]]}},{"type":"Feature","properties":{"kod":"14800926","namn":"Centrala Hisingen, Kyrkbyn Norra"},"geometry":{"type":"Polygon","coordinates":[[[11.915802,57.713575],[11.916415,57.714323],[11.916602,57.714858],[11.91713,57.715409],[11.917266,57.716914],[11.918197,57.717317],[11.918745,57.717472],[11.919639,57.717689],[11.919525,57.717983],[11.919247,57.71841],[11.916162,57.717875],[11.911895,57.717177],[11.909928,57.716347],[11.908991,57.716584],[11.908675,57.716392],[11.90728,57.715548],[11.906295,57.714896],[11.905243,57.714423],[11.904997,57.714362],[11.903769,57.714061],[11.90233,57.713841],[11.902326,57.713333],[11.902441,57.713038],[11.903424,57.713153],[11.903629,57.712888],[11.90379,57.712682],[11.904076,57.712315],[11.906615,57.712696],[11.90645,57.712235],[11.907354,57.712326],[11.907426,57.712487],[11.908195,57.712557],[11.90789,57.711889],[11.911822,57.711418],[11.912093,57.712108],[11.912404,57.712794],[11.912394,57.71294],[11.912348,57.713035],[11.911556,57.714251],[11.912726,57.714019],[11.914506,57.714362],[11.915533,57.713322],[11.915802,57.713575]]]}},{"type":"Feature","properties":{"kod":"14800927","namn":"Centrala Hisingen, Lundby Norra"},"geometry":{"type":"Polygon","coordinates":[[[11.914506,57.714362],[11.912726,57.714019],[11.911556,57.714251],[11.912348,57.713035],[11.912394,57.71294],[11.912404,57.712794],[11.912093,57.712108],[11.911822,57.711418],[11.911822,57.711417],[11.911727,57.711197],[11.91138,57.710383],[11.91185,57.70968],[11.91202,57.709713],[11.913377,57.709712],[11.916359,57.709733],[11.918412,57.709747],[11.920933,57.709771],[11.921141,57.710198],[11.92113,57.710241],[11.921099,57.710333],[11.92104,57.71051],[11.921921,57.710573],[11.921531,57.712153],[11.921368,57.712364],[11.921316,57.71237],[11.921401,57.712435],[11.921128,57.712877],[11.920708,57.71297],[11.920389,57.713576],[11.919354,57.713577],[11.919228,57.71363],[11.918478,57.713612],[11.915802,57.713575],[11.915533,57.713322],[11.914506,57.714362]]]}},{"type":"Feature","properties":{"kod":"14800928","namn":"Centrala Hisingen, Kyrkbyn Södra"},"geometry":{"type":"Polygon","coordinates":[[[11.911822,57.711418],[11.90789,57.711889],[11.908195,57.712557],[11.907426,57.712487],[11.907354,57.712326],[11.90645,57.712235],[11.906107,57.711305],[11.90582,57.71023],[11.90561,57.708853],[11.905477,57.708004],[11.906164,57.70812],[11.906368,57.707737],[11.906262,57.707369],[11.906843,57.707131],[11.909028,57.707501],[11.909221,57.707842],[11.909346,57.708205],[11.909326,57.708438],[11.909194,57.708622],[11.909704,57.708791],[11.909779,57.708751],[11.910647,57.708547],[11.913433,57.708616],[11.913377,57.709712],[11.91202,57.709713],[11.91185,57.70968],[11.91138,57.710383],[11.911727,57.711197],[11.911822,57.711417],[11.911822,57.711418]]]}},{"type":"Feature","properties":{"kod":"14800929","namn":"Centrala Hisingen, Lundby Södra"},"geometry":{"type":"Polygon","coordinates":[[[11.918574,57.709443],[11.918412,57.709747],[11.916359,57.709733],[11.913377,57.709712],[11.913433,57.708616],[11.910647,57.708547],[11.909779,57.708751],[11.909704,57.708791],[11.909194,57.708622],[11.909326,57.708438],[11.909346,57.708205],[11.909221,57.707842],[11.909028,57.707501],[11.906843,57.707131],[11.906262,57.707369],[11.906368,57.707737],[11.906164,57.70812],[11.905477,57.708004],[11.903851,57.707716],[11.902587,57.707511],[11.902667,57.707268],[11.90288,57.707096],[11.902578,57.706987],[11.903176,57.706633],[11.903876,57.706311],[11.904036,57.706445],[11.904586,57.706221],[11.904603,57.706239],[11.905126,57.70607],[11.905245,57.706035],[11.905633,57.706399],[11.905888,57.706353],[11.905995,57.706334],[11.90604,57.706326],[11.906274,57.706347],[11.90835,57.706535],[11.90835,57.706535],[11.90835,57.706535],[11.908913,57.706585],[11.9099,57.706659],[11.90986,57.706591],[11.910024,57.706233],[11.912597,57.706336],[11.912361,57.705699],[11.912594,57.705655],[11.91337,57.705173],[11.915063,57.705742],[11.915375,57.705847],[11.915752,57.705994],[11.916367,57.706233],[11.916697,57.706375],[11.917024,57.706515],[11.917438,57.706749],[11.917863,57.707059],[11.918219,57.707408],[11.918493,57.707772],[11.918522,57.708049],[11.918562,57.708388],[11.918574,57.709443]]]}},{"type":"Feature","properties":{"kod":"14800930","namn":"Centrala Hisingen, Bräcke Norra"},"geometry":{"type":"Polygon","coordinates":[[[11.902326,57.713333],[11.90233,57.713841],[11.899566,57.713419],[11.897687,57.713106],[11.896243,57.712866],[11.896598,57.712574],[11.89632,57.71213],[11.895999,57.711826],[11.895549,57.711354],[11.89491,57.71081],[11.894357,57.710402],[11.893927,57.710121],[11.893362,57.709814],[11.892665,57.709823],[11.892583,57.709801],[11.892504,57.709778],[11.892425,57.709753],[11.892348,57.709728],[11.892272,57.709701],[11.892198,57.709672],[11.892126,57.709643],[11.892055,57.709613],[11.891986,57.709581],[11.891919,57.709548],[11.891854,57.709515],[11.89179,57.70948],[11.891728,57.709444],[11.891669,57.709407],[11.891612,57.70937],[11.891556,57.709331],[11.891504,57.709291],[11.891453,57.709251],[11.891404,57.70921],[11.891358,57.709168],[11.891314,57.709125],[11.891273,57.709082],[11.891234,57.709038],[11.891198,57.708994],[11.891164,57.708948],[11.891133,57.708903],[11.891104,57.708857],[11.891078,57.70881],[11.891055,57.708763],[11.891034,57.708716],[11.891016,57.708668],[11.891001,57.70862],[11.890988,57.708572],[11.890978,57.708524],[11.89097,57.708475],[11.890966,57.708427],[11.890964,57.708378],[11.890965,57.708329],[11.890969,57.708281],[11.890975,57.708232],[11.890984,57.708184],[11.890996,57.708135],[11.891717,57.705872],[11.891684,57.705439],[11.893053,57.704997],[11.892906,57.704925],[11.893015,57.704871],[11.893127,57.704819],[11.89324,57.704767],[11.893355,57.704716],[11.893472,57.704667],[11.893591,57.704619],[11.893712,57.704572],[11.893834,57.704527],[11.893957,57.704483],[11.894083,57.70444],[11.89421,57.704398],[11.894339,57.704359],[11.894468,57.70432],[11.895634,57.703981],[11.895764,57.70382],[11.896127,57.703519],[11.896173,57.703468],[11.896457,57.703719],[11.896539,57.703686],[11.896618,57.703652],[11.896696,57.703616],[11.896772,57.70358],[11.896847,57.703543],[11.896907,57.70351],[11.896965,57.703476],[11.897021,57.703441],[11.897074,57.703404],[11.897125,57.703367],[11.897173,57.703329],[11.897218,57.70329],[11.897261,57.70325],[11.897339,57.703168],[11.897579,57.703276],[11.89781,57.703266],[11.897877,57.703186],[11.898283,57.703163],[11.898272,57.703046],[11.898427,57.702957],[11.898776,57.702936],[11.899033,57.703119],[11.899399,57.703098],[11.899444,57.703149],[11.899674,57.703375],[11.901297,57.704475],[11.903876,57.706311],[11.903176,57.706633],[11.902578,57.706987],[11.90288,57.707096],[11.902667,57.707268],[11.902587,57.707511],[11.903851,57.707716],[11.905477,57.708004],[11.90561,57.708853],[11.90582,57.71023],[11.906107,57.711305],[11.90645,57.712235],[11.906615,57.712696],[11.904076,57.712315],[11.90379,57.712682],[11.903629,57.712888],[11.903424,57.713153],[11.902441,57.713038],[11.902326,57.713333]]]}},{"type":"Feature","properties":{"kod":"14800931","namn":"Centrala Hisingen, Bräcke Södra"},"geometry":{"type":"Polygon","coordinates":[[[11.90986,57.706591],[11.9099,57.706659],[11.908913,57.706585],[11.90835,57.706535],[11.90835,57.706535],[11.90835,57.706535],[11.906274,57.706347],[11.90604,57.706326],[11.905995,57.706334],[11.905888,57.706353],[11.905633,57.706399],[11.905245,57.706035],[11.905126,57.70607],[11.904603,57.706239],[11.904586,57.706221],[11.904036,57.706445],[11.903876,57.706311],[11.901297,57.704475],[11.899674,57.703375],[11.899444,57.703149],[11.899399,57.703098],[11.899033,57.703119],[11.898776,57.702936],[11.898427,57.702957],[11.898272,57.703046],[11.898283,57.703163],[11.897877,57.703186],[11.89781,57.703266],[11.897579,57.703276],[11.897339,57.703168],[11.897261,57.70325],[11.897218,57.70329],[11.897173,57.703329],[11.897125,57.703367],[11.897074,57.703404],[11.897021,57.703441],[11.896965,57.703476],[11.896907,57.70351],[11.896847,57.703543],[11.896772,57.70358],[11.896696,57.703616],[11.896618,57.703652],[11.896539,57.703686],[11.896457,57.703719],[11.896173,57.703468],[11.896127,57.703519],[11.895764,57.70382],[11.895634,57.703981],[11.894468,57.70432],[11.894339,57.704359],[11.89421,57.704398],[11.894083,57.70444],[11.893957,57.704483],[11.893834,57.704527],[11.893712,57.704572],[11.893591,57.704619],[11.893472,57.704667],[11.893355,57.704716],[11.89324,57.704767],[11.893127,57.704819],[11.893015,57.704871],[11.892906,57.704925],[11.893053,57.704997],[11.891684,57.705439],[11.891586,57.704188],[11.892005,57.704011],[11.892377,57.703827],[11.892848,57.703469],[11.89325,57.703003],[11.894307,57.701001],[11.894479,57.700726],[11.896506,57.700372],[11.897457,57.700206],[11.897683,57.700167],[11.897679,57.700158],[11.897678,57.700149],[11.89768,57.70014],[11.897685,57.700131],[11.897693,57.700123],[11.897702,57.700116],[11.897714,57.70011],[11.897729,57.700105],[11.897744,57.700101],[11.89776,57.700098],[11.897776,57.700097],[11.897793,57.700098],[11.898127,57.700124],[11.898438,57.700148],[11.898841,57.70018],[11.899327,57.700218],[11.899633,57.700242],[11.899776,57.700253],[11.901825,57.700415],[11.901974,57.700433],[11.902194,57.700469],[11.902312,57.700497],[11.902544,57.700542],[11.903455,57.700729],[11.903685,57.700777],[11.903817,57.700592],[11.905833,57.701007],[11.907795,57.701432],[11.908183,57.70151],[11.908211,57.701711],[11.908237,57.701716],[11.908238,57.70173],[11.908342,57.701756],[11.908444,57.701784],[11.908544,57.701814],[11.908644,57.701844],[11.908741,57.701875],[11.908839,57.701909],[11.908933,57.701943],[11.909026,57.701978],[11.909118,57.702015],[11.909209,57.702052],[11.909296,57.702092],[11.909383,57.702132],[11.909467,57.702173],[11.90955,57.702215],[11.909632,57.702259],[11.90971,57.702303],[11.909787,57.702349],[11.909862,57.702395],[11.909934,57.702442],[11.910005,57.702491],[11.910073,57.70254],[11.910139,57.70259],[11.910607,57.702379],[11.910941,57.702516],[11.910897,57.702594],[11.910909,57.702793],[11.910939,57.703069],[11.911148,57.703897],[11.911198,57.703977],[11.911278,57.704105],[11.911324,57.70416],[11.911581,57.704431],[11.911802,57.704595],[11.912043,57.704714],[11.912302,57.70483],[11.912541,57.704913],[11.912788,57.704989],[11.91337,57.705173],[11.912594,57.705655],[11.912361,57.705699],[11.912597,57.706336],[11.910024,57.706233],[11.90986,57.706591]]]}},{"type":"Feature","properties":{"kod":"14800932","namn":"Centrala Hisingen, Pölsebo-Bratterås"},"geometry":{"type":"Polygon","coordinates":[[[11.910941,57.702516],[11.910607,57.702379],[11.910139,57.70259],[11.910073,57.70254],[11.910005,57.702491],[11.909934,57.702442],[11.909862,57.702395],[11.909787,57.702349],[11.90971,57.702303],[11.909632,57.702259],[11.90955,57.702215],[11.909467,57.702173],[11.909383,57.702132],[11.909296,57.702092],[11.909209,57.702052],[11.909118,57.702015],[11.909026,57.701978],[11.908933,57.701943],[11.908839,57.701909],[11.908741,57.701875],[11.908644,57.701844],[11.908544,57.701814],[11.908444,57.701784],[11.908342,57.701756],[11.908238,57.70173],[11.908237,57.701716],[11.908211,57.701711],[11.908183,57.70151],[11.907795,57.701432],[11.905833,57.701007],[11.903817,57.700592],[11.903685,57.700777],[11.903455,57.700729],[11.902544,57.700542],[11.902312,57.700497],[11.902194,57.700469],[11.901974,57.700433],[11.901825,57.700415],[11.899776,57.700253],[11.899633,57.700242],[11.899327,57.700218],[11.898841,57.70018],[11.898438,57.700148],[11.898127,57.700124],[11.897793,57.700098],[11.897776,57.700097],[11.89776,57.700098],[11.897744,57.700101],[11.897729,57.700105],[11.897714,57.70011],[11.897702,57.700116],[11.897693,57.700123],[11.897685,57.700131],[11.89768,57.70014],[11.897678,57.700149],[11.897679,57.700158],[11.897683,57.700167],[11.897457,57.700206],[11.896506,57.700372],[11.894479,57.700726],[11.894706,57.70036],[11.895456,57.6994],[11.895828,57.69901],[11.895931,57.698902],[11.896102,57.698722],[11.896475,57.698269],[11.89662,57.698094],[11.896996,57.698207],[11.89803,57.697639],[11.898388,57.697784],[11.898496,57.697828],[11.898536,57.697835],[11.898929,57.697907],[11.899708,57.69805],[11.900278,57.698151],[11.901015,57.698288],[11.901257,57.69811],[11.901491,57.697934],[11.90204,57.697585],[11.905473,57.696925],[11.90716,57.696801],[11.906843,57.698262],[11.907624,57.698457],[11.907325,57.699887],[11.908872,57.699986],[11.909385,57.69993],[11.909433,57.699712],[11.910342,57.699773],[11.910095,57.701031],[11.910899,57.70134],[11.911907,57.701727],[11.911185,57.702281],[11.911339,57.70234],[11.911198,57.702417],[11.911111,57.702381],[11.910963,57.702476],[11.910941,57.702516]]]}},{"type":"Feature","properties":{"kod":"14800933","namn":"Centrala Hisingen, Färjenäs"},"geometry":{"type":"Polygon","coordinates":[[[11.909081,57.698513],[11.908872,57.699986],[11.907325,57.699887],[11.907624,57.698457],[11.906843,57.698262],[11.90716,57.696801],[11.905473,57.696925],[11.90204,57.697585],[11.901491,57.697934],[11.901257,57.69811],[11.901015,57.698288],[11.900278,57.698151],[11.899708,57.69805],[11.898929,57.697907],[11.898536,57.697835],[11.898496,57.697828],[11.898388,57.697784],[11.89803,57.697639],[11.896996,57.698207],[11.89662,57.698094],[11.896475,57.698269],[11.896373,57.698113],[11.896373,57.698113],[11.896452,57.698111],[11.896545,57.698105],[11.896492,57.698023],[11.896492,57.698023],[11.896558,57.698017],[11.897785,57.696572],[11.898391,57.695855],[11.898781,57.695354],[11.899079,57.694929],[11.899543,57.694239],[11.899825,57.693795],[11.900721,57.692365],[11.901893,57.690484],[11.903642,57.690991],[11.904743,57.69148],[11.906331,57.692288],[11.907659,57.693082],[11.908385,57.693261],[11.910047,57.693522],[11.91113,57.693947],[11.912062,57.694536],[11.912328,57.694792],[11.912007,57.695113],[11.909498,57.696606],[11.909081,57.698513]]]}},{"type":"Feature","properties":{"kod":"14800934","namn":"Centrala Hisingen, Eriksberg Västra"},"geometry":{"type":"Polygon","coordinates":[[[11.916352,57.69759],[11.913174,57.699162],[11.912767,57.699752],[11.911713,57.699669],[11.911551,57.700311],[11.911447,57.700894],[11.910899,57.70134],[11.910095,57.701031],[11.910342,57.699773],[11.909433,57.699712],[11.909385,57.69993],[11.908872,57.699986],[11.909081,57.698513],[11.909498,57.696606],[11.912007,57.695113],[11.913149,57.695581],[11.913708,57.696119],[11.914335,57.696566],[11.916352,57.69759]]]}},{"type":"Feature","properties":{"kod":"14800935","namn":"Centrala Hisingen, Eriksberg Östra"},"geometry":{"type":"Polygon","coordinates":[[[11.916726,57.703165],[11.91774,57.703968],[11.918413,57.704342],[11.918129,57.704548],[11.917856,57.704856],[11.917703,57.705096],[11.917664,57.705269],[11.917707,57.705504],[11.916697,57.706375],[11.916367,57.706233],[11.915752,57.705994],[11.915375,57.705847],[11.915063,57.705742],[11.91337,57.705173],[11.912788,57.704989],[11.912541,57.704913],[11.912302,57.70483],[11.912043,57.704714],[11.911802,57.704595],[11.911581,57.704431],[11.911324,57.70416],[11.911278,57.704105],[11.911198,57.703977],[11.911148,57.703897],[11.910939,57.703069],[11.910909,57.702793],[11.910897,57.702594],[11.910941,57.702516],[11.910963,57.702476],[11.911111,57.702381],[11.911198,57.702417],[11.911339,57.70234],[11.911185,57.702281],[11.911907,57.701727],[11.910899,57.70134],[11.911447,57.700894],[11.911551,57.700311],[11.911713,57.699669],[11.912767,57.699752],[11.913174,57.699162],[11.916352,57.69759],[11.918885,57.698705],[11.91932,57.698897],[11.920136,57.699069],[11.919387,57.700089],[11.916925,57.6996],[11.915721,57.701949],[11.916129,57.702311],[11.916726,57.703165]]]}},{"type":"Feature","properties":{"kod":"14800936","namn":"Centrala Hisingen, Sörhallsberget S"},"geometry":{"type":"Polygon","coordinates":[[[11.920284,57.702654],[11.920385,57.702923],[11.920423,57.703296],[11.919704,57.703297],[11.91921,57.703923],[11.918413,57.704342],[11.91774,57.703968],[11.916726,57.703165],[11.916129,57.702311],[11.915721,57.701949],[11.916925,57.6996],[11.919387,57.700089],[11.920136,57.699069],[11.921438,57.699345],[11.922773,57.699501],[11.922948,57.699522],[11.928212,57.700794],[11.927869,57.70138],[11.927712,57.70165],[11.926786,57.703031],[11.926738,57.703114],[11.926692,57.703198],[11.92665,57.703282],[11.926611,57.703366],[11.926574,57.703451],[11.926541,57.703537],[11.926511,57.703623],[11.926484,57.703709],[11.92646,57.703795],[11.92644,57.703882],[11.926401,57.704265],[11.923982,57.704137],[11.923031,57.703273],[11.921564,57.703286],[11.921565,57.703038],[11.921362,57.702755],[11.921329,57.702647],[11.920284,57.702654]]]}},{"type":"Feature","properties":{"kod":"14800937","namn":"Centrala Hisingen, Sörhallsberget N"},"geometry":{"type":"Polygon","coordinates":[[[11.92464,57.709494],[11.9243,57.710204],[11.922903,57.709896],[11.920933,57.709771],[11.918412,57.709747],[11.918574,57.709443],[11.918562,57.708388],[11.918522,57.708049],[11.918493,57.707772],[11.918219,57.707408],[11.917863,57.707059],[11.917438,57.706749],[11.917024,57.706515],[11.916697,57.706375],[11.917707,57.705504],[11.917664,57.705269],[11.917703,57.705096],[11.917856,57.704856],[11.918129,57.704548],[11.918413,57.704342],[11.91921,57.703923],[11.919704,57.703297],[11.920423,57.703296],[11.920385,57.702923],[11.920284,57.702654],[11.921329,57.702647],[11.921362,57.702755],[11.921565,57.703038],[11.921564,57.703286],[11.923031,57.703273],[11.923982,57.704137],[11.926401,57.704265],[11.926247,57.705733],[11.922832,57.706111],[11.922459,57.706487],[11.922064,57.706535],[11.922937,57.707543],[11.924219,57.709061],[11.92464,57.709494]]]}},{"type":"Feature","properties":{"kod":"14800938","namn":"Centrala Hisingen, Sannegården V"},"geometry":{"type":"Polygon","coordinates":[[[11.926247,57.705733],[11.92718,57.708278],[11.927411,57.70868],[11.92697,57.708819],[11.92464,57.709494],[11.924219,57.709061],[11.922937,57.707543],[11.922064,57.706535],[11.922459,57.706487],[11.922832,57.706111],[11.926247,57.705733]]]}},{"type":"Feature","properties":{"kod":"14800939","namn":"Centrala Hisingen, Sannegården Ö"},"geometry":{"type":"Polygon","coordinates":[[[11.929169,57.708158],[11.929643,57.708922],[11.92983,57.709121],[11.930382,57.709568],[11.930742,57.709833],[11.931062,57.710048],[11.929547,57.711162],[11.927494,57.710724],[11.925881,57.710448],[11.9243,57.710204],[11.92464,57.709494],[11.92697,57.708819],[11.927411,57.70868],[11.92718,57.708278],[11.926247,57.705733],[11.926401,57.704265],[11.927864,57.704272],[11.928152,57.704273],[11.928504,57.704757],[11.928484,57.705554],[11.928608,57.706362],[11.92879,57.707154],[11.929169,57.708158]]]}},{"type":"Feature","properties":{"kod":"14800940","namn":"Centrala Hisingen, Lindholmen Södra"},"geometry":{"type":"Polygon","coordinates":[[[11.9354,57.706498],[11.934873,57.706611],[11.93281,57.707089],[11.932578,57.707255],[11.932335,57.707731],[11.930803,57.707739],[11.930009,57.707829],[11.929169,57.708158],[11.92879,57.707154],[11.928608,57.706362],[11.928484,57.705554],[11.928504,57.704757],[11.928152,57.704273],[11.927864,57.704272],[11.926401,57.704265],[11.92644,57.703882],[11.92646,57.703795],[11.926484,57.703709],[11.926511,57.703623],[11.926541,57.703537],[11.926574,57.703451],[11.926611,57.703366],[11.92665,57.703282],[11.926692,57.703198],[11.926738,57.703114],[11.926786,57.703031],[11.927712,57.70165],[11.927869,57.70138],[11.928212,57.700794],[11.928626,57.700826],[11.933869,57.701232],[11.936561,57.70144],[11.934578,57.70314],[11.934197,57.705206],[11.934592,57.705755],[11.93492,57.706127],[11.9354,57.706498]]]}},{"type":"Feature","properties":{"kod":"14800941","namn":"Centrala Hisingen, Lindholmen Norra"},"geometry":{"type":"Polygon","coordinates":[[[11.939821,57.711484],[11.934492,57.711892],[11.932806,57.711864],[11.930265,57.711474],[11.929547,57.711162],[11.931062,57.710048],[11.930742,57.709833],[11.930382,57.709568],[11.92983,57.709121],[11.929643,57.708922],[11.929169,57.708158],[11.930009,57.707829],[11.930803,57.707739],[11.932335,57.707731],[11.932578,57.707255],[11.93281,57.707089],[11.934873,57.706611],[11.9354,57.706498],[11.9366,57.707738],[11.937564,57.707839],[11.940502,57.70951],[11.941463,57.710059],[11.940026,57.710747],[11.939821,57.711484]]]}},{"type":"Feature","properties":{"kod":"14801001","namn":"Norra Hisingen, Rödbo"},"geometry":{"type":"Polygon","coordinates":[[[11.983301,57.862927],[11.982971,57.863008],[11.982969,57.863008],[11.982674,57.863081],[11.982674,57.863081],[11.982314,57.86317],[11.981771,57.8633],[11.981767,57.863301],[11.981755,57.863301],[11.981615,57.863311],[11.981561,57.863315],[11.981476,57.863328],[11.981337,57.863361],[11.981257,57.863378],[11.981169,57.863395],[11.981169,57.863395],[11.981038,57.863421],[11.980991,57.863432],[11.980958,57.86344],[11.980505,57.863558],[11.980419,57.863576],[11.979343,57.863786],[11.979103,57.863817],[11.978938,57.863841],[11.978804,57.863871],[11.978686,57.863907],[11.978485,57.863969],[11.977703,57.864209],[11.977608,57.86423],[11.977337,57.864278],[11.976516,57.864454],[11.976431,57.86447],[11.976255,57.864491],[11.975958,57.864516],[11.975872,57.864529],[11.975603,57.864569],[11.975353,57.864592],[11.975352,57.864592],[11.975254,57.864593],[11.975254,57.864593],[11.974721,57.864575],[11.974548,57.864585],[11.97437,57.864616],[11.974115,57.86468],[11.973912,57.864732],[11.97374,57.864774],[11.973612,57.864793],[11.973521,57.864797],[11.973286,57.864787],[11.973202,57.864782],[11.972927,57.864765],[11.972536,57.864737],[11.972288,57.864712],[11.971847,57.864667],[11.971402,57.864617],[11.971031,57.864561],[11.970584,57.864486],[11.970256,57.864428],[11.969933,57.864366],[11.969686,57.864316],[11.969424,57.864224],[11.969174,57.864139],[11.968937,57.864049],[11.968724,57.863972],[11.968479,57.863882],[11.968274,57.863796],[11.968058,57.863697],[11.967954,57.863642],[11.967914,57.863621],[11.967796,57.863553],[11.967613,57.863436],[11.967335,57.863224],[11.967093,57.863071],[11.966239,57.8626],[11.965725,57.861427],[11.965381,57.860611],[11.965378,57.860604],[11.965265,57.860242],[11.965228,57.860141],[11.965201,57.86007],[11.965124,57.859961],[11.96508,57.859907],[11.965031,57.859847],[11.964705,57.859533],[11.964222,57.859069],[11.964118,57.858972],[11.963758,57.858637],[11.96354,57.858434],[11.963511,57.858407],[11.96351,57.858405],[11.963431,57.858332],[11.963156,57.858122],[11.963077,57.858062],[11.962968,57.857964],[11.962968,57.857963],[11.962944,57.857943],[11.961934,57.857246],[11.961929,57.857243],[11.961928,57.857242],[11.961351,57.856845],[11.96055,57.856293],[11.959293,57.855426],[11.959292,57.855426],[11.959261,57.855404],[11.958602,57.854951],[11.958241,57.854702],[11.957599,57.85426],[11.956879,57.853462],[11.956139,57.852283],[11.955854,57.851828],[11.955637,57.851483],[11.955609,57.851437],[11.955406,57.851115],[11.955405,57.851112],[11.955404,57.851112],[11.955185,57.850762],[11.955184,57.850761],[11.954671,57.849943],[11.95414,57.849097],[11.95385,57.848621],[11.953601,57.848285],[11.953381,57.848108],[11.953216,57.84796],[11.953189,57.847941],[11.952962,57.847784],[11.952879,57.847727],[11.952858,57.847716],[11.952404,57.847466],[11.952368,57.847447],[11.951768,57.847216],[11.951675,57.847193],[11.951476,57.847145],[11.951472,57.847144],[11.951465,57.847141],[11.95104,57.847039],[11.951015,57.847032],[11.950792,57.847005],[11.950445,57.846983],[11.950325,57.846975],[11.950048,57.846958],[11.949277,57.846966],[11.94906,57.846979],[11.949058,57.846979],[11.949031,57.846981],[11.949007,57.846983],[11.94897,57.846985],[11.948879,57.846991],[11.948766,57.84701],[11.948001,57.847143],[11.947986,57.847145],[11.947969,57.847148],[11.947676,57.847203],[11.94683,57.84742],[11.946257,57.847566],[11.944289,57.84819],[11.943501,57.84829],[11.942774,57.84831],[11.942314,57.848254],[11.942309,57.848253],[11.939332,57.847566],[11.938883,57.847434],[11.938695,57.847383],[11.938689,57.847381],[11.937855,57.847069],[11.93532,57.845844],[11.934489,57.845438],[11.934183,57.845289],[11.934118,57.845253],[11.93396,57.845167],[11.932529,57.844535],[11.931208,57.844158],[11.931008,57.844109],[11.930996,57.844106],[11.930672,57.844027],[11.929802,57.843862],[11.929789,57.843859],[11.929761,57.843854],[11.929722,57.843847],[11.929443,57.843798],[11.928823,57.843691],[11.928315,57.84366],[11.928306,57.84366],[11.926876,57.843467],[11.925412,57.843431],[11.924368,57.843399],[11.924209,57.843406],[11.922837,57.843469],[11.921559,57.843547],[11.921131,57.843613],[11.921126,57.843614],[11.921118,57.843614],[11.920424,57.843669],[11.919648,57.843725],[11.918736,57.843845],[11.918562,57.843874],[11.917404,57.844133],[11.916178,57.844462],[11.91543,57.844707],[11.915418,57.844714],[11.914014,57.845289],[11.913293,57.845453],[11.913127,57.845491],[11.912552,57.845621],[11.911656,57.845731],[11.911499,57.845751],[11.911133,57.845795],[11.911131,57.845796],[11.91021,57.845613],[11.910199,57.845613],[11.910195,57.845612],[11.910081,57.84559],[11.909995,57.845572],[11.909238,57.845598],[11.909224,57.845599],[11.90922,57.845599],[11.90789,57.84558],[11.905838,57.844966],[11.90475,57.84437],[11.904749,57.844369],[11.903586,57.843253],[11.903091,57.84184],[11.903012,57.841054],[11.903066,57.839343],[11.9031,57.839193],[11.903135,57.839026],[11.903167,57.838875],[11.903218,57.838611],[11.903342,57.838],[11.903314,57.837915],[11.903262,57.837457],[11.903223,57.837007],[11.903141,57.836719],[11.90309,57.836539],[11.903084,57.836456],[11.902962,57.836139],[11.902739,57.835642],[11.902632,57.835432],[11.902549,57.835269],[11.902429,57.835067],[11.902346,57.834928],[11.902187,57.834664],[11.902094,57.834551],[11.901936,57.834358],[11.901585,57.833865],[11.901531,57.833788],[11.901521,57.833775],[11.901424,57.833667],[11.901403,57.833644],[11.901401,57.833642],[11.900033,57.832135],[11.899738,57.831799],[11.899736,57.831797],[11.899735,57.831796],[11.899593,57.831634],[11.899422,57.831519],[11.899422,57.831519],[11.89913,57.831323],[11.896833,57.830098],[11.896829,57.830096],[11.896818,57.83009],[11.895685,57.829486],[11.894624,57.828921],[11.894623,57.82892],[11.894605,57.828911],[11.894086,57.828624],[11.893491,57.828306],[11.891638,57.827315],[11.891005,57.826877],[11.890711,57.826647],[11.890709,57.826645],[11.890371,57.82638],[11.890058,57.826135],[11.889512,57.825252],[11.888531,57.824394],[11.888177,57.824085],[11.884969,57.822316],[11.88496,57.82231],[11.884413,57.821983],[11.883621,57.821508],[11.882839,57.821042],[11.882496,57.820838],[11.882045,57.82057],[11.881567,57.820262],[11.879678,57.819049],[11.878064,57.818011],[11.878059,57.818008],[11.878053,57.818004],[11.87502,57.81589],[11.875014,57.815886],[11.875009,57.815882],[11.873166,57.814504],[11.872045,57.813665],[11.871767,57.813471],[11.871384,57.813203],[11.869009,57.811591],[11.868709,57.811387],[11.868709,57.811387],[11.870549,57.810902],[11.870778,57.810882],[11.871019,57.81088],[11.871862,57.81091],[11.872595,57.81088],[11.872907,57.810846],[11.873316,57.810789],[11.874062,57.810649],[11.874465,57.810563],[11.875296,57.810366],[11.87626,57.810179],[11.877371,57.809981],[11.877901,57.809861],[11.878335,57.809742],[11.878699,57.809628],[11.880535,57.809052],[11.880664,57.809013],[11.880934,57.808963],[11.881282,57.808887],[11.88152,57.808846],[11.881811,57.808799],[11.882138,57.808743],[11.882682,57.808666],[11.883304,57.808625],[11.884452,57.808591],[11.884988,57.808597],[11.885525,57.808625],[11.886216,57.808677],[11.887137,57.808764],[11.887506,57.808816],[11.887728,57.808858],[11.887981,57.808898],[11.888209,57.80895],[11.888542,57.809008],[11.88884,57.809052],[11.889121,57.809067],[11.889448,57.809086],[11.889715,57.809109],[11.890301,57.809118],[11.890597,57.809104],[11.890938,57.809076],[11.891343,57.80904],[11.891672,57.809012],[11.891974,57.80899],[11.892357,57.808982],[11.892575,57.808969],[11.893097,57.808938],[11.89359,57.808882],[11.894053,57.808817],[11.894353,57.808766],[11.894701,57.808681],[11.894957,57.808606],[11.895296,57.808485],[11.895426,57.808422],[11.895575,57.808338],[11.895811,57.808197],[11.896097,57.808051],[11.896479,57.807966],[11.896504,57.807959],[11.896616,57.808117],[11.896591,57.808182],[11.896585,57.808262],[11.896773,57.808405],[11.896909,57.808405],[11.897379,57.808545],[11.897577,57.808532],[11.897673,57.808483],[11.897704,57.80848],[11.897749,57.808479],[11.897826,57.808493],[11.897896,57.808478],[11.898675,57.808319],[11.903228,57.809103],[11.907918,57.810257],[11.911522,57.81039],[11.913367,57.809591],[11.919196,57.809438],[11.920419,57.813846],[11.922877,57.81483],[11.924594,57.815519],[11.924618,57.815554],[11.924936,57.815731],[11.925601,57.816094],[11.925925,57.816189],[11.926085,57.816007],[11.926383,57.815801],[11.927741,57.81559],[11.928031,57.815305],[11.928316,57.814676],[11.928315,57.81458],[11.929381,57.813952],[11.930573,57.814238],[11.930741,57.814439],[11.930785,57.815406],[11.930889,57.815759],[11.931823,57.816143],[11.933074,57.816438],[11.932934,57.817229],[11.933468,57.817707],[11.933652,57.817997],[11.933759,57.817991],[11.933853,57.818281],[11.946297,57.819368],[11.946271,57.819524],[11.946194,57.819586],[11.946146,57.819745],[11.946161,57.819861],[11.946142,57.819927],[11.946048,57.820082],[11.945945,57.820252],[11.945941,57.820321],[11.945735,57.820488],[11.945513,57.820764],[11.945547,57.820853],[11.945538,57.82088],[11.945721,57.821042],[11.945824,57.821379],[11.945915,57.821459],[11.946042,57.821518],[11.946266,57.821744],[11.946281,57.822271],[11.946645,57.822694],[11.946627,57.822803],[11.946584,57.822881],[11.946464,57.822965],[11.946389,57.823042],[11.946385,57.823125],[11.946337,57.823174],[11.946209,57.823215],[11.946132,57.823215],[11.946014,57.823271],[11.94595,57.823259],[11.945917,57.823285],[11.946052,57.823454],[11.947069,57.824357],[11.947739,57.824699],[11.951992,57.823373],[11.960518,57.821295],[11.965393,57.820371],[11.966337,57.82021],[11.967672,57.819939],[11.969776,57.819512],[11.978829,57.818585],[11.988539,57.817589],[11.989051,57.817537],[11.989565,57.817439],[11.990293,57.817206],[11.991262,57.816971],[11.993118,57.81658],[11.9933,57.816554],[11.994784,57.816473],[11.995511,57.816492],[11.996209,57.816474],[11.996242,57.81655],[11.99614,57.81656],[11.996123,57.816671],[11.99616,57.816753],[11.99703,57.816588],[11.99761,57.816418],[11.998038,57.816325],[11.999138,57.816525],[11.999868,57.816546],[12.000198,57.816571],[12.000369,57.816591],[12.000679,57.816628],[12.000591,57.816846],[12.004971,57.816799],[12.005717,57.816791],[12.012294,57.81672],[12.013036,57.816768],[12.013036,57.816769],[12.01229,57.819007],[12.011969,57.819717],[12.011809,57.820072],[12.011728,57.820252],[12.011693,57.820329],[12.011593,57.820551],[12.011244,57.821324],[12.010338,57.823339],[12.010294,57.823608],[12.010251,57.823895],[12.010173,57.824414],[12.009989,57.825629],[12.009758,57.826157],[12.009167,57.827527],[12.008775,57.828432],[12.008763,57.828458],[12.008763,57.828459],[12.008762,57.82846],[12.008762,57.828461],[12.00875,57.829516],[12.008743,57.830146],[12.008736,57.830835],[12.008735,57.830925],[12.008724,57.831894],[12.008718,57.83273],[12.008719,57.832731],[12.010297,57.84232],[12.010313,57.842415],[12.010335,57.842553],[12.010359,57.842701],[12.01062,57.843438],[12.010813,57.84436],[12.010843,57.844505],[12.010843,57.844506],[12.010106,57.845274],[12.010097,57.845284],[12.010056,57.845529],[12.010022,57.845729],[12.009919,57.846049],[12.009236,57.848168],[12.009148,57.848347],[12.008713,57.849212],[12.008659,57.849399],[12.008492,57.84997],[12.008488,57.84998],[12.008485,57.849992],[12.008176,57.850835],[12.008173,57.850842],[12.007904,57.851476],[12.007581,57.85224],[12.00745,57.852547],[12.007646,57.853262],[12.007665,57.85333],[12.007716,57.853515],[12.007742,57.853577],[12.007742,57.853577],[12.007763,57.853627],[12.008131,57.854495],[12.008173,57.854595],[12.008174,57.854595],[12.008175,57.854597],[12.009189,57.855367],[12.009229,57.855405],[12.00933,57.855503],[12.009829,57.855983],[12.009943,57.85608],[12.010326,57.856405],[12.010341,57.856417],[12.010348,57.856423],[12.010538,57.856594],[12.010871,57.856893],[12.011216,57.857226],[12.011347,57.857369],[12.011451,57.857481],[12.011492,57.857526],[12.011503,57.857538],[12.011523,57.857559],[12.01169,57.857767],[12.011691,57.857767],[12.01182,57.857942],[12.011843,57.857973],[12.012174,57.858501],[12.012505,57.859],[12.012761,57.859385],[12.012958,57.85968],[12.01336,57.860277],[12.013412,57.860348],[12.013459,57.860412],[12.013589,57.860589],[12.013675,57.860706],[12.013707,57.860751],[12.013722,57.860771],[12.01373,57.860782],[12.013741,57.860797],[12.013741,57.860797],[12.013761,57.860825],[12.012863,57.860793],[12.012813,57.860791],[12.012445,57.86077],[12.01244,57.860769],[12.011019,57.860686],[12.01004,57.860628],[12.00833,57.860527],[12.006787,57.860436],[12.00676,57.860434],[12.005318,57.860349],[12.004125,57.860279],[12.002728,57.860196],[12.002695,57.860194],[12.002553,57.860186],[12.000091,57.86004],[11.99996,57.860035],[11.99956,57.860017],[11.999348,57.860008],[11.999339,57.860008],[11.999297,57.860006],[11.999225,57.860003],[11.998867,57.860001],[11.998558,57.859999],[11.997912,57.86],[11.997903,57.860001],[11.997813,57.860001],[11.997746,57.860005],[11.997297,57.860031],[11.997072,57.860053],[11.997058,57.860054],[11.996865,57.860073],[11.996763,57.86009],[11.996586,57.860121],[11.996501,57.860136],[11.996474,57.860144],[11.996446,57.860152],[11.996175,57.860229],[11.996086,57.860277],[11.996085,57.860278],[11.995939,57.860354],[11.995866,57.860393],[11.995843,57.860411],[11.995833,57.860419],[11.995831,57.860421],[11.995778,57.86045],[11.995549,57.860576],[11.995435,57.860632],[11.995359,57.86067],[11.995309,57.860697],[11.995228,57.860739],[11.995126,57.860803],[11.995034,57.860954],[11.994991,57.861072],[11.994894,57.861169],[11.994811,57.861246],[11.994774,57.861282],[11.99473,57.861323],[11.994656,57.861394],[11.994491,57.861518],[11.994377,57.861589],[11.994217,57.86168],[11.994027,57.86177],[11.993803,57.861866],[11.99354,57.861973],[11.993285,57.862085],[11.993162,57.862142],[11.993054,57.862191],[11.992743,57.862337],[11.992399,57.862496],[11.992138,57.862584],[11.991992,57.862633],[11.991695,57.86273],[11.991418,57.862818],[11.991055,57.862944],[11.990801,57.863039],[11.990767,57.863055],[11.990206,57.863321],[11.990167,57.863339],[11.99006,57.863306],[11.989674,57.863189],[11.98954,57.86314],[11.989469,57.863112],[11.989363,57.863064],[11.989333,57.863046],[11.989305,57.863029],[11.989222,57.862952],[11.989121,57.862834],[11.98912,57.862834],[11.989104,57.862822],[11.989012,57.862761],[11.98886,57.862673],[11.988699,57.862603],[11.988418,57.862562],[11.9881,57.862512],[11.987964,57.862498],[11.987582,57.862507],[11.987273,57.862506],[11.987204,57.862501],[11.987086,57.862493],[11.986942,57.862484],[11.986843,57.862479],[11.986619,57.862469],[11.986238,57.862466],[11.98611,57.862488],[11.985936,57.862512],[11.985733,57.862549],[11.985728,57.862549],[11.98563,57.862553],[11.984727,57.862611],[11.984257,57.862712],[11.984244,57.862715],[11.984235,57.862717],[11.984075,57.862752],[11.983892,57.862791],[11.983522,57.862876],[11.98335,57.862915],[11.983347,57.862916],[11.983301,57.862927]]]}},{"type":"Feature","properties":{"kod":"14801002","namn":"Norra Hisingen, Mysterna-Svankälla"},"geometry":{"type":"Polygon","coordinates":[[[12.000369,57.816591],[12.000198,57.816571],[11.999868,57.816546],[11.999138,57.816525],[11.998038,57.816325],[11.99761,57.816418],[11.99703,57.816588],[11.99616,57.816753],[11.996123,57.816671],[11.99614,57.81656],[11.996242,57.81655],[11.996209,57.816474],[11.995511,57.816492],[11.994784,57.816473],[11.9933,57.816554],[11.993118,57.81658],[11.991262,57.816971],[11.990293,57.817206],[11.989565,57.817439],[11.989051,57.817537],[11.988539,57.817589],[11.978829,57.818585],[11.969776,57.819512],[11.967672,57.819939],[11.960842,57.811781],[11.960064,57.810894],[11.959716,57.810497],[11.959008,57.809708],[11.96008,57.809684],[11.963584,57.809377],[11.963884,57.811723],[11.966282,57.810895],[11.967294,57.810546],[11.967454,57.81035],[11.967505,57.810362],[11.967925,57.810463],[11.968091,57.810473],[11.968312,57.810435],[11.968584,57.810368],[11.970261,57.810136],[11.970456,57.810088],[11.970612,57.809993],[11.97092,57.809655],[11.971122,57.809551],[11.971455,57.809519],[11.971914,57.809426],[11.972854,57.809374],[11.97401,57.809296],[11.974784,57.809255],[11.975267,57.809236],[11.975708,57.809201],[11.976226,57.809186],[11.976468,57.809226],[11.97725,57.809275],[11.977692,57.809239],[11.978701,57.808996],[11.979648,57.808661],[11.980166,57.808507],[11.980442,57.808473],[11.980931,57.808395],[11.981719,57.808244],[11.982255,57.808233],[11.98264,57.808163],[11.982922,57.808062],[11.983353,57.807985],[11.983717,57.807943],[11.98406,57.807965],[11.984799,57.808088],[11.985105,57.80809],[11.985342,57.808029],[11.985541,57.807877],[11.985842,57.80801],[11.986016,57.808165],[11.986054,57.808237],[11.993909,57.807695],[11.994045,57.808102],[11.99408,57.808206],[11.997111,57.808488],[11.997107,57.808525],[11.996962,57.809038],[11.996913,57.809566],[11.996574,57.81031],[11.997434,57.810816],[11.998483,57.811526],[11.998614,57.811635],[11.999212,57.812097],[11.999414,57.812378],[11.999601,57.812832],[11.999767,57.813209],[11.999884,57.813542],[12.000477,57.81502],[12.000608,57.815422],[12.000643,57.815648],[12.000588,57.815943],[12.000369,57.816591]]]}},{"type":"Feature","properties":{"kod":"14801003","namn":"Norra Hisingen, Gerrebacka-Ingebäck"},"geometry":{"type":"Polygon","coordinates":[[[12.005717,57.816791],[12.004971,57.816799],[12.000591,57.816846],[12.000679,57.816628],[12.000369,57.816591],[12.000588,57.815943],[12.000643,57.815648],[12.000608,57.815422],[12.000477,57.81502],[11.999884,57.813542],[11.999767,57.813209],[11.999601,57.812832],[11.999414,57.812378],[11.999212,57.812097],[11.998614,57.811635],[11.998483,57.811526],[11.997434,57.810816],[11.996574,57.81031],[11.996913,57.809566],[11.996962,57.809038],[11.997107,57.808525],[11.997111,57.808488],[11.99408,57.808206],[11.994045,57.808102],[11.993909,57.807695],[11.986054,57.808237],[11.986016,57.808165],[11.985842,57.80801],[11.985541,57.807877],[11.985342,57.808029],[11.985105,57.80809],[11.984799,57.808088],[11.98406,57.807965],[11.983717,57.807943],[11.983353,57.807985],[11.982922,57.808062],[11.98264,57.808163],[11.982255,57.808233],[11.981719,57.808244],[11.980931,57.808395],[11.980442,57.808473],[11.980166,57.808507],[11.979648,57.808661],[11.978701,57.808996],[11.977692,57.809239],[11.97725,57.809275],[11.976468,57.809226],[11.976226,57.809186],[11.975708,57.809201],[11.975267,57.809236],[11.974784,57.809255],[11.97401,57.809296],[11.972854,57.809374],[11.971914,57.809426],[11.971455,57.809519],[11.971122,57.809551],[11.97092,57.809655],[11.970612,57.809993],[11.970456,57.810088],[11.970261,57.810136],[11.968584,57.810368],[11.968312,57.810435],[11.968091,57.810473],[11.967925,57.810463],[11.967505,57.810362],[11.967454,57.81035],[11.967294,57.810546],[11.966282,57.810895],[11.963884,57.811723],[11.963584,57.809377],[11.96008,57.809684],[11.959008,57.809708],[11.958589,57.809241],[11.958081,57.808674],[11.957618,57.807607],[11.957418,57.806641],[11.95727,57.805871],[11.957195,57.80548],[11.95717,57.805344],[11.957021,57.804956],[11.957001,57.804534],[11.959823,57.804554],[11.959841,57.804037],[11.960036,57.803076],[11.96025,57.802092],[11.960281,57.80195],[11.961855,57.801875],[11.961651,57.801145],[11.962497,57.801086],[11.96501,57.800693],[11.967231,57.800321],[11.969073,57.800194],[11.971085,57.800349],[11.972092,57.80052],[11.972973,57.800749],[11.974075,57.801094],[11.975581,57.801564],[11.976902,57.801878],[11.977818,57.80202],[11.978897,57.802131],[11.980706,57.80218],[11.981746,57.802136],[11.983531,57.801911],[11.985398,57.801552],[11.986134,57.80141],[11.986446,57.801353],[11.987178,57.80122],[11.987735,57.801119],[11.989388,57.800783],[11.991486,57.800405],[11.991612,57.800387],[11.991808,57.800358],[11.993159,57.800202],[11.995383,57.799946],[11.996537,57.799851],[11.997167,57.799821],[11.997227,57.799818],[11.997826,57.799793],[11.998522,57.799758],[11.99885,57.799739],[11.999879,57.799715],[12.000804,57.799699],[12.001882,57.799696],[12.00399,57.799693],[12.006608,57.799689],[12.007157,57.799686],[12.00942,57.799671],[12.011134,57.799664],[12.013792,57.799644],[12.013902,57.800001],[12.01405,57.803768],[12.013923,57.805288],[12.013928,57.80619],[12.013961,57.808944],[12.013995,57.810781],[12.014005,57.811295],[12.014051,57.812536],[12.014062,57.812839],[12.014062,57.812839],[12.014035,57.813242],[12.0139,57.813948],[12.013783,57.814416],[12.013691,57.814722],[12.013691,57.814722],[12.013682,57.81475],[12.013672,57.814788],[12.013573,57.815163],[12.013462,57.815526],[12.013459,57.815535],[12.013456,57.815542],[12.013343,57.81585],[12.013036,57.816768],[12.012294,57.81672],[12.005717,57.816791]]]}},{"type":"Feature","properties":{"kod":"14801004","namn":"Norra Hisingen, Kärra Norra"},"geometry":{"type":"Polygon","coordinates":[[[11.997167,57.799821],[11.996537,57.799851],[11.995383,57.799946],[11.993159,57.800202],[11.991808,57.800358],[11.991612,57.800387],[11.991486,57.800405],[11.989388,57.800783],[11.987735,57.801119],[11.987178,57.80122],[11.987387,57.800796],[11.987529,57.800408],[11.987652,57.80026],[11.989038,57.79907],[11.989127,57.798761],[11.989331,57.798432],[11.989411,57.798304],[11.98987,57.798301],[11.990347,57.797865],[11.99039,57.797776],[11.990429,57.797687],[11.990465,57.797598],[11.990498,57.797508],[11.990529,57.797419],[11.990556,57.797328],[11.990581,57.797238],[11.990603,57.797147],[11.990622,57.797056],[11.990637,57.796965],[11.990651,57.796874],[11.990729,57.796157],[11.990729,57.795036],[11.992906,57.795012],[11.992568,57.794569],[11.994602,57.794409],[11.994678,57.794369],[11.997975,57.794444],[11.998646,57.79522],[11.998663,57.79524],[11.998676,57.795262],[11.998687,57.795283],[11.998694,57.795305],[11.998699,57.795328],[11.9987,57.79535],[11.998707,57.795731],[11.998709,57.795794],[11.998716,57.796159],[11.998719,57.796346],[11.998734,57.797139],[11.997479,57.797774],[11.996975,57.798192],[11.996886,57.798263],[11.996789,57.798498],[11.996773,57.798682],[11.996791,57.798936],[11.996908,57.799237],[11.997001,57.799555],[11.997167,57.799821]]]}},{"type":"Feature","properties":{"kod":"14801005","namn":"Norra Hisingen, Kärra Östra"},"geometry":{"type":"Polygon","coordinates":[[[12.012459,57.795169],[12.012582,57.795507],[12.012767,57.796222],[12.013022,57.797209],[12.013183,57.797702],[12.013337,57.798172],[12.013792,57.799644],[12.011134,57.799664],[12.00942,57.799671],[12.007157,57.799686],[12.006608,57.799689],[12.00399,57.799693],[12.001882,57.799696],[12.000804,57.799699],[11.999879,57.799715],[11.99885,57.799739],[11.998522,57.799758],[11.997826,57.799793],[11.997227,57.799818],[11.997167,57.799821],[11.997001,57.799555],[11.996908,57.799237],[11.996791,57.798936],[11.996773,57.798682],[11.996789,57.798498],[11.996886,57.798263],[11.996975,57.798192],[11.997479,57.797774],[11.998734,57.797139],[11.998719,57.796346],[11.998716,57.796159],[11.998709,57.795794],[11.998707,57.795731],[11.9987,57.79535],[11.998699,57.795328],[11.998694,57.795305],[11.998687,57.795283],[11.998676,57.795262],[11.998663,57.79524],[11.998646,57.79522],[11.997975,57.794444],[11.994678,57.794369],[11.994602,57.794409],[11.992568,57.794569],[11.992906,57.795012],[11.990729,57.795036],[11.990729,57.796157],[11.989994,57.796177],[11.988249,57.796188],[11.988239,57.795666],[11.987886,57.795068],[11.986218,57.795034],[11.986194,57.794343],[11.986604,57.794332],[11.986602,57.79422],[11.986998,57.794218],[11.987014,57.794217],[11.987029,57.794214],[11.987043,57.79421],[11.987056,57.794205],[11.987066,57.794198],[11.987074,57.79419],[11.987079,57.794182],[11.987081,57.794173],[11.987079,57.794053],[11.987066,57.793381],[11.987087,57.793367],[11.987106,57.793351],[11.987122,57.793334],[11.987133,57.793316],[11.987143,57.793298],[11.987148,57.79328],[11.987126,57.792095],[11.987043,57.791175],[11.987075,57.79089],[11.987613,57.7909],[11.987641,57.791472],[11.98873,57.791481],[11.988769,57.792032],[11.99129,57.791998],[11.991296,57.792739],[11.992509,57.792731],[11.992138,57.793549],[11.997564,57.793059],[11.996522,57.790032],[11.996423,57.789607],[11.998053,57.789085],[11.99858,57.788804],[11.998375,57.788468],[11.99699,57.787894],[11.998245,57.787857],[12.000036,57.787684],[12.000577,57.787635],[12.001104,57.787588],[12.001758,57.78747],[12.002471,57.787213],[12.002642,57.787251],[12.002969,57.787433],[12.003265,57.787855],[12.00459,57.787446],[12.005144,57.787275],[12.006243,57.786936],[12.007393,57.786723],[12.007844,57.787428],[12.008334,57.788197],[12.008608,57.78888],[12.008951,57.789734],[12.009089,57.790076],[12.009186,57.790211],[12.009568,57.790737],[12.010115,57.791385],[12.010308,57.791613],[12.010749,57.792133],[12.010812,57.792258],[12.011109,57.792844],[12.011519,57.793425],[12.011979,57.794078],[12.012149,57.794316],[12.012459,57.795169]]]}},{"type":"Feature","properties":{"kod":"14801006","namn":"Norra Hisingen, Kärra Södra"},"geometry":{"type":"Polygon","coordinates":[[[11.99699,57.787894],[11.998375,57.788468],[11.99858,57.788804],[11.998053,57.789085],[11.996423,57.789607],[11.996522,57.790032],[11.997564,57.793059],[11.992138,57.793549],[11.992509,57.792731],[11.991296,57.792739],[11.99129,57.791998],[11.988769,57.792032],[11.98873,57.791481],[11.987641,57.791472],[11.987613,57.7909],[11.987075,57.79089],[11.987043,57.791175],[11.983183,57.791214],[11.981161,57.790304],[11.978809,57.789729],[11.978131,57.789486],[11.978347,57.788988],[11.978586,57.788775],[11.97895,57.788665],[11.980347,57.788484],[11.982185,57.788292],[11.983225,57.788231],[11.984924,57.788169],[11.987868,57.78808],[11.988151,57.788073],[11.990308,57.788018],[11.99341,57.787981],[11.996205,57.787917],[11.99699,57.787894]]]}},{"type":"Feature","properties":{"kod":"14801007","namn":"Norra Hisingen, Kärra Västra"},"geometry":{"type":"Polygon","coordinates":[[[11.987178,57.80122],[11.986446,57.801353],[11.986134,57.80141],[11.985398,57.801552],[11.983531,57.801911],[11.981746,57.802136],[11.980706,57.80218],[11.978897,57.802131],[11.977818,57.80202],[11.976902,57.801878],[11.975581,57.801564],[11.974075,57.801094],[11.972973,57.800749],[11.972092,57.80052],[11.971085,57.800349],[11.969073,57.800194],[11.967231,57.800321],[11.96501,57.800693],[11.962497,57.801086],[11.961651,57.801145],[11.96087,57.798358],[11.956758,57.798806],[11.956708,57.797631],[11.956558,57.794376],[11.965051,57.793742],[11.965117,57.793708],[11.965096,57.793572],[11.965006,57.792834],[11.965215,57.792651],[11.965452,57.792368],[11.965749,57.791964],[11.962565,57.791107],[11.964382,57.786879],[11.963533,57.78646],[11.963045,57.786215],[11.962733,57.786058],[11.962399,57.785894],[11.962065,57.785729],[11.961761,57.785579],[11.962707,57.782704],[11.962743,57.782468],[11.962802,57.782281],[11.962971,57.782173],[11.966589,57.780187],[11.96478,57.776885],[11.964258,57.775943],[11.978927,57.773892],[11.979969,57.773746],[11.983195,57.773295],[11.983406,57.773264],[11.98976,57.772341],[11.990102,57.772212],[11.990162,57.772019],[11.990322,57.771958],[11.990468,57.77193],[11.99079,57.771946],[11.991097,57.771991],[11.991524,57.772119],[11.991575,57.772134],[11.991605,57.772107],[11.991734,57.772131],[11.991782,57.772135],[11.991858,57.772141],[11.992102,57.771963],[11.992695,57.771911],[11.993054,57.772023],[11.99319,57.772195],[11.993233,57.772249],[11.993499,57.77227],[11.994109,57.772317],[11.996192,57.772481],[11.996731,57.772523],[11.997064,57.773475],[11.997403,57.774404],[11.997689,57.775217],[11.99793,57.775914],[11.998204,57.776706],[11.999064,57.776679],[12.00013,57.777009],[12.003071,57.776878],[12.003513,57.776859],[12.003558,57.776494],[12.004851,57.776449],[12.004623,57.777677],[12.004478,57.779774],[12.00493,57.781406],[12.005039,57.78182],[12.005227,57.782537],[12.005995,57.784199],[12.006231,57.784698],[12.006367,57.784987],[12.006572,57.785422],[12.006649,57.785558],[12.007393,57.786723],[12.006243,57.786936],[12.005144,57.787275],[12.00459,57.787446],[12.003265,57.787855],[12.002969,57.787433],[12.002642,57.787251],[12.002471,57.787213],[12.001758,57.78747],[12.001104,57.787588],[12.000577,57.787635],[12.000036,57.787684],[11.998245,57.787857],[11.99699,57.787894],[11.996205,57.787917],[11.99341,57.787981],[11.990308,57.788018],[11.988151,57.788073],[11.987868,57.78808],[11.984924,57.788169],[11.983225,57.788231],[11.982185,57.788292],[11.980347,57.788484],[11.97895,57.788665],[11.978586,57.788775],[11.978347,57.788988],[11.978131,57.789486],[11.978809,57.789729],[11.981161,57.790304],[11.983183,57.791214],[11.987043,57.791175],[11.987126,57.792095],[11.987148,57.79328],[11.987143,57.793298],[11.987133,57.793316],[11.987122,57.793334],[11.987106,57.793351],[11.987087,57.793367],[11.987066,57.793381],[11.987079,57.794053],[11.987081,57.794173],[11.987079,57.794182],[11.987074,57.79419],[11.987066,57.794198],[11.987056,57.794205],[11.987043,57.79421],[11.987029,57.794214],[11.987014,57.794217],[11.986998,57.794218],[11.986602,57.79422],[11.986604,57.794332],[11.986194,57.794343],[11.986218,57.795034],[11.987886,57.795068],[11.988239,57.795666],[11.988249,57.796188],[11.989994,57.796177],[11.990729,57.796157],[11.990651,57.796874],[11.990637,57.796965],[11.990622,57.797056],[11.990603,57.797147],[11.990581,57.797238],[11.990556,57.797328],[11.990529,57.797419],[11.990498,57.797508],[11.990465,57.797598],[11.990429,57.797687],[11.99039,57.797776],[11.990347,57.797865],[11.98987,57.798301],[11.989411,57.798304],[11.989331,57.798432],[11.989127,57.798761],[11.989038,57.79907],[11.987652,57.80026],[11.987529,57.800408],[11.987387,57.800796],[11.987178,57.80122]]]}},{"type":"Feature","properties":{"kod":"14801008","namn":"Norra Hisingen, Skogome"},"geometry":{"type":"Polygon","coordinates":[[[11.964258,57.775943],[11.96478,57.776885],[11.966589,57.780187],[11.962971,57.782173],[11.962802,57.782281],[11.962743,57.782468],[11.962707,57.782704],[11.961761,57.785579],[11.959456,57.784657],[11.959447,57.784501],[11.95923,57.784455],[11.959219,57.784428],[11.953934,57.783588],[11.95389,57.783492],[11.952543,57.783262],[11.951946,57.783224],[11.951274,57.783218],[11.950694,57.78321],[11.950551,57.783254],[11.950413,57.783176],[11.950333,57.783185],[11.950183,57.78299],[11.950024,57.782835],[11.949194,57.78267],[11.948635,57.782588],[11.947725,57.782314],[11.947305,57.782235],[11.946487,57.781988],[11.945879,57.781853],[11.945369,57.781619],[11.944833,57.781504],[11.9444,57.781481],[11.944018,57.781218],[11.943411,57.78093],[11.942705,57.780664],[11.942544,57.780393],[11.942012,57.780259],[11.941544,57.780197],[11.941031,57.780156],[11.941024,57.779549],[11.941418,57.779122],[11.9415,57.778872],[11.941405,57.778648],[11.941742,57.778225],[11.942402,57.776999],[11.943254,57.775421],[11.943402,57.775068],[11.943515,57.774547],[11.943518,57.77444],[11.943437,57.774262],[11.943431,57.774118],[11.943483,57.773886],[11.943515,57.77322],[11.943504,57.773176],[11.943207,57.772705],[11.94299,57.772431],[11.942645,57.772151],[11.942238,57.771594],[11.9418,57.770987],[11.940527,57.769276],[11.939949,57.768836],[11.939645,57.768367],[11.939631,57.768345],[11.939494,57.766783],[11.939422,57.76624],[11.939163,57.764767],[11.939592,57.762603],[11.93966,57.762414],[11.940037,57.761607],[11.940378,57.760847],[11.940499,57.760624],[11.941013,57.759755],[11.941748,57.758613],[11.942133,57.758067],[11.942682,57.757299],[11.943666,57.756092],[11.944081,57.755624],[11.944741,57.754476],[11.94518,57.753774],[11.945833,57.752694],[11.946574,57.751554],[11.953562,57.754569],[11.955064,57.754169],[11.955166,57.757076],[11.955082,57.757191],[11.954935,57.757313],[11.954597,57.757545],[11.954526,57.757666],[11.954438,57.757923],[11.954443,57.758115],[11.954455,57.758174],[11.954693,57.758565],[11.954759,57.75878],[11.955019,57.759109],[11.955576,57.759564],[11.955913,57.760002],[11.956138,57.760196],[11.956447,57.760342],[11.956925,57.760352],[11.957041,57.760773],[11.95706,57.76084],[11.957395,57.76091],[11.957449,57.761006],[11.95752,57.761026],[11.957694,57.761093],[11.95771,57.761102],[11.957766,57.761153],[11.957812,57.761158],[11.957826,57.761193],[11.95785,57.761198],[11.958001,57.761237],[11.958015,57.761313],[11.958324,57.761259],[11.958578,57.761509],[11.959516,57.761603],[11.959575,57.761502],[11.959966,57.761353],[11.960496,57.761453],[11.960968,57.76142],[11.961235,57.76153],[11.961212,57.761659],[11.961229,57.761694],[11.961946,57.761968],[11.961966,57.76207],[11.962007,57.762144],[11.962054,57.762197],[11.962532,57.762737],[11.962858,57.763063],[11.962888,57.76309],[11.962935,57.76314],[11.963188,57.763271],[11.963466,57.763289],[11.963906,57.763481],[11.964207,57.763446],[11.964589,57.763605],[11.964728,57.763656],[11.964777,57.763681],[11.964914,57.76374],[11.965289,57.763967],[11.965309,57.763991],[11.965374,57.764137],[11.96544,57.764207],[11.965507,57.764256],[11.965532,57.76428],[11.965629,57.764386],[11.965671,57.764425],[11.966029,57.764911],[11.966264,57.765144],[11.966238,57.765209],[11.966327,57.765556],[11.966579,57.765567],[11.96664,57.765598],[11.966734,57.7657],[11.9667,57.765719],[11.96676,57.765917],[11.966897,57.765948],[11.966934,57.765985],[11.966942,57.766043],[11.96707,57.766082],[11.967333,57.766283],[11.967777,57.766643],[11.967755,57.766746],[11.967626,57.766806],[11.967006,57.767319],[11.966941,57.76746],[11.966384,57.768676],[11.966108,57.769276],[11.965852,57.769976],[11.965404,57.770033],[11.965024,57.77012],[11.96467,57.77014],[11.964219,57.77013],[11.963735,57.770193],[11.963247,57.770206],[11.962342,57.770312],[11.962044,57.770408],[11.961815,57.770455],[11.962293,57.771494],[11.962382,57.771698],[11.962222,57.771729],[11.962438,57.772408],[11.9624,57.772534],[11.962729,57.772464],[11.962971,57.773045],[11.963398,57.774006],[11.963892,57.775118],[11.964082,57.775546],[11.964258,57.775943]]]}},{"type":"Feature","properties":{"kod":"14801009","namn":"Norra Hisingen, Åketorp"},"geometry":{"type":"Polygon","coordinates":[[[11.978509,57.75598],[11.972723,57.75962],[11.971856,57.759965],[11.971883,57.759989],[11.972456,57.76049],[11.973396,57.761496],[11.974648,57.761645],[11.975165,57.761878],[11.974155,57.762531],[11.97418,57.762641],[11.973391,57.763025],[11.972082,57.763868],[11.972101,57.764899],[11.971808,57.765092],[11.968817,57.767068],[11.966384,57.768676],[11.966941,57.76746],[11.967006,57.767319],[11.967626,57.766806],[11.967755,57.766746],[11.967777,57.766643],[11.967333,57.766283],[11.96707,57.766082],[11.966942,57.766043],[11.966934,57.765985],[11.966897,57.765948],[11.96676,57.765917],[11.9667,57.765719],[11.966734,57.7657],[11.96664,57.765598],[11.966579,57.765567],[11.966327,57.765556],[11.966238,57.765209],[11.966264,57.765144],[11.966029,57.764911],[11.965671,57.764425],[11.965629,57.764386],[11.965532,57.76428],[11.965507,57.764256],[11.96544,57.764207],[11.965374,57.764137],[11.965309,57.763991],[11.965289,57.763967],[11.964914,57.76374],[11.964777,57.763681],[11.964728,57.763656],[11.964589,57.763605],[11.964207,57.763446],[11.963906,57.763481],[11.963466,57.763289],[11.963188,57.763271],[11.962935,57.76314],[11.962888,57.76309],[11.962858,57.763063],[11.962532,57.762737],[11.962054,57.762197],[11.962007,57.762144],[11.961966,57.76207],[11.961946,57.761968],[11.961229,57.761694],[11.961212,57.761659],[11.961235,57.76153],[11.960968,57.76142],[11.960496,57.761453],[11.959966,57.761353],[11.959575,57.761502],[11.959516,57.761603],[11.958578,57.761509],[11.958324,57.761259],[11.958015,57.761313],[11.958001,57.761237],[11.95785,57.761198],[11.957826,57.761193],[11.957812,57.761158],[11.957766,57.761153],[11.95771,57.761102],[11.957694,57.761093],[11.95752,57.761026],[11.957449,57.761006],[11.957395,57.76091],[11.95706,57.76084],[11.957041,57.760773],[11.956925,57.760352],[11.956447,57.760342],[11.956138,57.760196],[11.955913,57.760002],[11.955576,57.759564],[11.955019,57.759109],[11.954759,57.75878],[11.954693,57.758565],[11.954455,57.758174],[11.954443,57.758115],[11.954438,57.757923],[11.954526,57.757666],[11.954597,57.757545],[11.954935,57.757313],[11.955082,57.757191],[11.955166,57.757076],[11.958624,57.757574],[11.962949,57.757392],[11.964683,57.757321],[11.967908,57.757098],[11.968114,57.756872],[11.96842,57.756645],[11.968688,57.756504],[11.968976,57.756391],[11.969325,57.756314],[11.969825,57.756231],[11.970954,57.756043],[11.971293,57.75596],[11.971581,57.755788],[11.971659,57.755691],[11.971765,57.755471],[11.971765,57.755176],[11.972434,57.755171],[11.973158,57.755235],[11.973943,57.755287],[11.975247,57.755468],[11.976491,57.755615],[11.977703,57.755816],[11.978509,57.75598]]]}},{"type":"Feature","properties":{"kod":"14801010","namn":"Norra Hisingen, Bäckebol Norra"},"geometry":{"type":"Polygon","coordinates":[[[12.004851,57.776449],[12.003558,57.776494],[12.003513,57.776859],[12.003071,57.776878],[12.00013,57.777009],[11.999064,57.776679],[11.998204,57.776706],[11.99793,57.775914],[11.997689,57.775217],[11.997403,57.774404],[11.997064,57.773475],[11.996731,57.772523],[11.996192,57.772481],[11.994109,57.772317],[11.993499,57.77227],[11.993233,57.772249],[11.99319,57.772195],[11.993054,57.772023],[11.992695,57.771911],[11.992102,57.771963],[11.991858,57.772141],[11.991782,57.772135],[11.991734,57.772131],[11.991605,57.772107],[11.991575,57.772134],[11.991524,57.772119],[11.991097,57.771991],[11.99079,57.771946],[11.990468,57.77193],[11.990322,57.771958],[11.990162,57.772019],[11.990102,57.772212],[11.98976,57.772341],[11.983406,57.773264],[11.983195,57.773295],[11.979969,57.773746],[11.978927,57.773892],[11.964258,57.775943],[11.964082,57.775546],[11.963892,57.775118],[11.963398,57.774006],[11.962971,57.773045],[11.962729,57.772464],[11.9624,57.772534],[11.962438,57.772408],[11.962222,57.771729],[11.962382,57.771698],[11.962293,57.771494],[11.961815,57.770455],[11.962044,57.770408],[11.962342,57.770312],[11.963247,57.770206],[11.963735,57.770193],[11.964219,57.77013],[11.96467,57.77014],[11.965024,57.77012],[11.965404,57.770033],[11.965852,57.769976],[11.966108,57.769276],[11.966384,57.768676],[11.968817,57.767068],[11.971808,57.765092],[11.972101,57.764899],[11.972082,57.763868],[11.973391,57.763025],[11.97418,57.762641],[11.974155,57.762531],[11.975165,57.761878],[11.974648,57.761645],[11.973396,57.761496],[11.972456,57.76049],[11.971883,57.759989],[11.971856,57.759965],[11.972723,57.75962],[11.978509,57.75598],[11.978572,57.755863],[11.978759,57.7557],[11.97948,57.755258],[11.979945,57.755002],[11.980106,57.754895],[11.980531,57.754502],[11.980707,57.754259],[11.982207,57.754251],[11.982238,57.754502],[11.983323,57.754494],[11.983331,57.754238],[11.985758,57.754217],[11.985796,57.755074],[11.986175,57.755275],[11.986796,57.755268],[11.986846,57.755268],[11.987217,57.755312],[11.988484,57.755314],[11.988547,57.757488],[11.988882,57.758042],[11.99038,57.758272],[11.991877,57.758174],[11.991936,57.758532],[11.992053,57.759098],[11.99216,57.759402],[11.992434,57.760339],[11.992508,57.760564],[11.992924,57.760398],[11.993284,57.760255],[11.995169,57.760148],[11.995216,57.7601],[11.995348,57.760138],[11.998407,57.759965],[11.998458,57.760246],[11.998544,57.760592],[11.998758,57.76119],[11.998796,57.761267],[11.998836,57.761343],[11.998878,57.761419],[11.998923,57.761495],[11.998971,57.76157],[11.999022,57.761645],[11.999075,57.761719],[11.999131,57.761792],[11.99919,57.761865],[11.99925,57.761937],[11.999314,57.762009],[11.99938,57.76208],[11.999449,57.76215],[11.99952,57.76222],[11.999594,57.762289],[11.99967,57.762357],[11.999749,57.762424],[11.99983,57.762491],[11.999913,57.762556],[11.999999,57.762621],[12.000086,57.762685],[12.000177,57.762748],[12.000269,57.76281],[12.000364,57.762872],[12.00046,57.762932],[12.000559,57.762991],[12.000659,57.763049],[12.000763,57.763106],[12.000868,57.763162],[12.000975,57.763217],[12.001084,57.763271],[12.001194,57.763324],[12.001307,57.763375],[12.001422,57.763426],[12.001538,57.763475],[12.003425,57.764665],[12.004241,57.765899],[12.00468,57.76697],[12.005075,57.767943],[12.005241,57.768441],[12.005542,57.770356],[12.005664,57.771131],[12.005714,57.771492],[12.005142,57.77145],[12.005096,57.771756],[12.005333,57.771799],[12.005575,57.772184],[12.00538,57.773219],[12.004997,57.776064],[12.004851,57.776449]]]}},{"type":"Feature","properties":{"kod":"14801011","namn":"Norra Hisingen, Backadalen"},"geometry":{"type":"Polygon","coordinates":[[[11.998407,57.759965],[11.995348,57.760138],[11.995216,57.7601],[11.995169,57.760148],[11.993284,57.760255],[11.992924,57.760398],[11.992508,57.760564],[11.992434,57.760339],[11.99216,57.759402],[11.992053,57.759098],[11.991936,57.758532],[11.991877,57.758174],[11.99038,57.758272],[11.988882,57.758042],[11.988547,57.757488],[11.988484,57.755314],[11.987217,57.755312],[11.986846,57.755268],[11.986796,57.755268],[11.986175,57.755275],[11.985796,57.755074],[11.985758,57.754217],[11.985727,57.752973],[11.984695,57.750953],[11.984552,57.750569],[11.99036,57.749772],[11.990758,57.749457],[11.99621,57.749005],[11.996578,57.750807],[12.002485,57.750329],[12.002158,57.750841],[12.001999,57.751089],[12.001744,57.751846],[12.001311,57.752694],[12.000679,57.753998],[12.000391,57.754592],[11.999883,57.755655],[11.999386,57.756781],[11.998986,57.757583],[11.998593,57.758626],[11.998412,57.759055],[11.998368,57.75948],[11.998407,57.759965]]]}},{"type":"Feature","properties":{"kod":"14801012","namn":"Norra Hisingen, Bäckebol Södra"},"geometry":{"type":"Polygon","coordinates":[[[11.983323,57.754494],[11.982238,57.754502],[11.982207,57.754251],[11.980707,57.754259],[11.98088,57.753867],[11.981052,57.753035],[11.98134,57.751905],[11.981357,57.751321],[11.981315,57.750993],[11.981265,57.750786],[11.981886,57.750714],[11.982117,57.750948],[11.982523,57.750897],[11.983978,57.75071],[11.983747,57.750224],[11.98434,57.750131],[11.984552,57.750569],[11.984695,57.750953],[11.985727,57.752973],[11.985758,57.754217],[11.983331,57.754238],[11.983323,57.754494]]]}},{"type":"Feature","properties":{"kod":"14801013","namn":"Norra Hisingen, Skälltorp"},"geometry":{"type":"Polygon","coordinates":[[[11.980707,57.754259],[11.980531,57.754502],[11.980106,57.754895],[11.979945,57.755002],[11.97948,57.755258],[11.978759,57.7557],[11.978572,57.755863],[11.978509,57.75598],[11.977703,57.755816],[11.976491,57.755615],[11.975247,57.755468],[11.973943,57.755287],[11.973158,57.755235],[11.972434,57.755171],[11.971765,57.755176],[11.971788,57.754053],[11.969687,57.753351],[11.969844,57.753224],[11.970074,57.753169],[11.971168,57.753045],[11.97141,57.753003],[11.971409,57.752952],[11.972625,57.752818],[11.974046,57.752476],[11.974273,57.752474],[11.977254,57.751983],[11.978079,57.751687],[11.97878,57.751332],[11.978987,57.751217],[11.979161,57.751136],[11.97937,57.751045],[11.979765,57.75083],[11.979896,57.750776],[11.98015,57.750704],[11.980566,57.750636],[11.98118,57.750531],[11.981265,57.750786],[11.981315,57.750993],[11.981357,57.751321],[11.98134,57.751905],[11.981052,57.753035],[11.98088,57.753867],[11.980707,57.754259]]]}},{"type":"Feature","properties":{"kod":"14801014","namn":"Norra Hisingen, Selma Lagerlöfs Torg"},"geometry":{"type":"Polygon","coordinates":[[[11.971765,57.755176],[11.971765,57.755471],[11.971659,57.755691],[11.971581,57.755788],[11.971293,57.75596],[11.970954,57.756043],[11.969825,57.756231],[11.969325,57.756314],[11.968976,57.756391],[11.968688,57.756504],[11.96842,57.756645],[11.968114,57.756872],[11.967908,57.757098],[11.964683,57.757321],[11.962949,57.757392],[11.958624,57.757574],[11.955166,57.757076],[11.955064,57.754169],[11.956483,57.753948],[11.958045,57.753987],[11.958962,57.754154],[11.959225,57.753753],[11.959442,57.75362],[11.959796,57.75351],[11.960156,57.753426],[11.960515,57.753342],[11.960883,57.753255],[11.961211,57.753179],[11.9623,57.752949],[11.967076,57.751921],[11.966939,57.751601],[11.966832,57.751351],[11.966812,57.751305],[11.96722,57.751227],[11.967327,57.751206],[11.967713,57.751133],[11.968141,57.751051],[11.968583,57.750967],[11.969024,57.750882],[11.969452,57.750801],[11.9699,57.750715],[11.970355,57.750628],[11.970843,57.750535],[11.97135,57.750438],[11.971842,57.750344],[11.972402,57.750236],[11.972512,57.750215],[11.972952,57.750132],[11.973301,57.750037],[11.973632,57.749933],[11.974054,57.749807],[11.974298,57.749732],[11.974507,57.749643],[11.974979,57.74944],[11.975225,57.749169],[11.975309,57.749077],[11.975483,57.748912],[11.9756,57.748801],[11.975837,57.748693],[11.976122,57.748564],[11.976306,57.748573],[11.976332,57.748575],[11.976357,57.748579],[11.97638,57.748585],[11.976402,57.748592],[11.976422,57.7486],[11.976504,57.74864],[11.976655,57.748628],[11.976698,57.748649],[11.97682,57.748648],[11.976901,57.748606],[11.977548,57.748549],[11.977614,57.748543],[11.978174,57.748494],[11.978575,57.748458],[11.978962,57.748424],[11.979691,57.74836],[11.980652,57.749226],[11.983649,57.748698],[11.98434,57.750131],[11.983747,57.750224],[11.983978,57.75071],[11.982523,57.750897],[11.982117,57.750948],[11.981886,57.750714],[11.981265,57.750786],[11.98118,57.750531],[11.980566,57.750636],[11.98015,57.750704],[11.979896,57.750776],[11.979765,57.75083],[11.97937,57.751045],[11.979161,57.751136],[11.978987,57.751217],[11.97878,57.751332],[11.978079,57.751687],[11.977254,57.751983],[11.974273,57.752474],[11.974046,57.752476],[11.972625,57.752818],[11.971409,57.752952],[11.97141,57.753003],[11.971168,57.753045],[11.970074,57.753169],[11.969844,57.753224],[11.969687,57.753351],[11.971788,57.754053],[11.971765,57.755176]]]}},{"type":"Feature","properties":{"kod":"14801015","namn":"Norra Hisingen, Sankt Jörgen"},"geometry":{"type":"Polygon","coordinates":[[[11.955064,57.754169],[11.953562,57.754569],[11.946574,57.751554],[11.946894,57.75115],[11.947036,57.750941],[11.947269,57.750579],[11.947519,57.749899],[11.948575,57.748117],[11.948623,57.747968],[11.948844,57.747167],[11.949075,57.746058],[11.951556,57.746215],[11.952447,57.744253],[11.952949,57.744312],[11.952909,57.744491],[11.953618,57.744658],[11.953913,57.744662],[11.95424,57.744696],[11.955547,57.74465],[11.956726,57.745215],[11.957583,57.745081],[11.958037,57.745164],[11.958383,57.745305],[11.958487,57.745305],[11.958869,57.745135],[11.959499,57.745288],[11.960352,57.744922],[11.960627,57.744972],[11.961108,57.745051],[11.961665,57.745231],[11.962017,57.745531],[11.962305,57.745932],[11.962315,57.745946],[11.962361,57.746009],[11.96258,57.746156],[11.963083,57.746495],[11.963151,57.746553],[11.963412,57.746679],[11.96374,57.747061],[11.963872,57.747339],[11.963858,57.747353],[11.963839,57.747376],[11.963719,57.74757],[11.963274,57.747952],[11.963421,57.748057],[11.960697,57.748915],[11.962363,57.74977],[11.962497,57.750262],[11.96243,57.750798],[11.963904,57.751339],[11.965699,57.751488],[11.966832,57.751351],[11.966939,57.751601],[11.967076,57.751921],[11.9623,57.752949],[11.961211,57.753179],[11.960883,57.753255],[11.960515,57.753342],[11.960156,57.753426],[11.959796,57.75351],[11.959442,57.75362],[11.959225,57.753753],[11.958962,57.754154],[11.958045,57.753987],[11.956483,57.753948],[11.955064,57.754169]]]}},{"type":"Feature","properties":{"kod":"14801016","namn":"Norra Hisingen, Backa Röd"},"geometry":{"type":"Polygon","coordinates":[[[11.975837,57.748693],[11.9756,57.748801],[11.975483,57.748912],[11.975309,57.749077],[11.975225,57.749169],[11.974979,57.74944],[11.974507,57.749643],[11.974298,57.749732],[11.974054,57.749807],[11.973632,57.749933],[11.973301,57.750037],[11.972952,57.750132],[11.972512,57.750215],[11.972402,57.750236],[11.971842,57.750344],[11.97135,57.750438],[11.970843,57.750535],[11.970355,57.750628],[11.9699,57.750715],[11.969452,57.750801],[11.969024,57.750882],[11.968583,57.750967],[11.968141,57.751051],[11.967713,57.751133],[11.967327,57.751206],[11.96722,57.751227],[11.966812,57.751305],[11.966832,57.751351],[11.965699,57.751488],[11.963904,57.751339],[11.96243,57.750798],[11.962497,57.750262],[11.962363,57.74977],[11.960697,57.748915],[11.963421,57.748057],[11.963274,57.747952],[11.963719,57.74757],[11.963839,57.747376],[11.963858,57.747353],[11.963872,57.747339],[11.96374,57.747061],[11.963412,57.746679],[11.963151,57.746553],[11.963083,57.746495],[11.96258,57.746156],[11.962361,57.746009],[11.962315,57.745946],[11.962305,57.745932],[11.962017,57.745531],[11.961665,57.745231],[11.961108,57.745051],[11.960627,57.744972],[11.960352,57.744922],[11.961738,57.744118],[11.963249,57.743685],[11.965241,57.743378],[11.965737,57.743971],[11.966623,57.744889],[11.967459,57.745011],[11.968613,57.744692],[11.970329,57.744219],[11.970571,57.744469],[11.970838,57.744746],[11.971818,57.744475],[11.972903,57.744197],[11.973464,57.744265],[11.974363,57.744041],[11.974896,57.743744],[11.975224,57.743651],[11.979059,57.74756],[11.979691,57.74836],[11.978962,57.748424],[11.978575,57.748458],[11.978174,57.748494],[11.977614,57.748543],[11.977548,57.748549],[11.976901,57.748606],[11.97682,57.748648],[11.976698,57.748649],[11.976655,57.748628],[11.976504,57.74864],[11.976422,57.7486],[11.976402,57.748592],[11.97638,57.748585],[11.976357,57.748579],[11.976332,57.748575],[11.976306,57.748573],[11.976122,57.748564],[11.975837,57.748693]]]}},{"type":"Feature","properties":{"kod":"14801017","namn":"Norra Hisingen, Julias Gata m fl"},"geometry":{"type":"Polygon","coordinates":[[[11.972903,57.744197],[11.971818,57.744475],[11.970838,57.744746],[11.970571,57.744469],[11.970329,57.744219],[11.968613,57.744692],[11.967459,57.745011],[11.966623,57.744889],[11.965737,57.743971],[11.965241,57.743378],[11.966692,57.74297],[11.96826,57.741649],[11.968687,57.741875],[11.970034,57.743244],[11.970312,57.743309],[11.970907,57.743176],[11.971403,57.743369],[11.97204,57.743285],[11.972903,57.744197]]]}},{"type":"Feature","properties":{"kod":"14801018","namn":"Norra Hisingen, Blendas Gata m fl"},"geometry":{"type":"Polygon","coordinates":[[[11.975224,57.743651],[11.974896,57.743744],[11.974363,57.744041],[11.973464,57.744265],[11.972903,57.744197],[11.97204,57.743285],[11.971403,57.743369],[11.970907,57.743176],[11.970312,57.743309],[11.970034,57.743244],[11.968687,57.741875],[11.96826,57.741649],[11.969233,57.740922],[11.97016,57.740673],[11.971993,57.740456],[11.973671,57.740304],[11.973833,57.738358],[11.974431,57.738201],[11.9753,57.737975],[11.976399,57.738043],[11.977236,57.738171],[11.977156,57.739186],[11.977506,57.739697],[11.975077,57.739784],[11.975125,57.740385],[11.975021,57.740508],[11.975244,57.74122],[11.973896,57.741414],[11.974422,57.742702],[11.975224,57.743651]]]}},{"type":"Feature","properties":{"kod":"14801019","namn":"Norra Hisingen, Backa Södra"},"geometry":{"type":"Polygon","coordinates":[[[11.983735,57.743859],[11.98212,57.746683],[11.980733,57.747066],[11.981147,57.74745],[11.980175,57.74768],[11.979728,57.747347],[11.979059,57.74756],[11.975224,57.743651],[11.974422,57.742702],[11.973896,57.741414],[11.975244,57.74122],[11.975021,57.740508],[11.975125,57.740385],[11.975077,57.739784],[11.977506,57.739697],[11.977156,57.739186],[11.977236,57.738171],[11.979119,57.737176],[11.980199,57.73709],[11.980537,57.737711],[11.98055,57.737741],[11.980561,57.737772],[11.980569,57.737803],[11.980573,57.737834],[11.980576,57.737865],[11.980574,57.737896],[11.98057,57.737927],[11.980561,57.737958],[11.980551,57.737989],[11.980537,57.738019],[11.98052,57.738049],[11.980501,57.738078],[11.980218,57.73835],[11.98019,57.738379],[11.980163,57.738409],[11.98014,57.738439],[11.980119,57.73847],[11.980101,57.738502],[11.980085,57.738534],[11.980073,57.738566],[11.980062,57.738598],[11.980056,57.738631],[11.980051,57.738664],[11.98005,57.738697],[11.980051,57.73873],[11.980055,57.738763],[11.980062,57.738796],[11.980071,57.738826],[11.980083,57.738856],[11.980097,57.738886],[11.980115,57.738915],[11.980135,57.738944],[11.980158,57.738972],[11.980183,57.739],[11.980211,57.739027],[11.980241,57.739053],[11.980273,57.739078],[11.980308,57.739103],[11.980345,57.739127],[11.980384,57.739149],[11.980425,57.739171],[11.980469,57.739191],[11.980514,57.73921],[11.98056,57.739228],[11.980609,57.739245],[11.980658,57.739261],[11.980973,57.739205],[11.981087,57.739187],[11.982288,57.741464],[11.982582,57.742292],[11.982596,57.742327],[11.982613,57.742363],[11.982633,57.742398],[11.982656,57.742433],[11.982682,57.742467],[11.982718,57.742582],[11.983051,57.742908],[11.983296,57.743186],[11.983735,57.743859]]]}},{"type":"Feature","properties":{"kod":"14801020","namn":"Norra Hisingen, Backa Norra"},"geometry":{"type":"Polygon","coordinates":[[[12.002994,57.749181],[12.00271,57.749873],[12.002617,57.750121],[12.002485,57.750329],[11.996578,57.750807],[11.99621,57.749005],[11.990758,57.749457],[11.99036,57.749772],[11.984552,57.750569],[11.98434,57.750131],[11.983649,57.748698],[11.980652,57.749226],[11.979691,57.74836],[11.979059,57.74756],[11.979728,57.747347],[11.980175,57.74768],[11.981147,57.74745],[11.980733,57.747066],[11.98212,57.746683],[11.983735,57.743859],[11.984183,57.74378],[11.9866,57.743567],[11.987265,57.743312],[11.988034,57.74326],[11.988589,57.745015],[11.989351,57.744962],[11.992253,57.744666],[11.994834,57.744403],[11.994747,57.744147],[11.996464,57.743976],[11.996586,57.74434],[11.999991,57.744016],[12.000021,57.744104],[12.003188,57.743802],[12.003379,57.74446],[12.003896,57.745695],[12.003951,57.745956],[12.003944,57.746364],[12.003944,57.746449],[12.003641,57.747287],[12.003407,57.748036],[12.003253,57.748534],[12.002994,57.749181]]]}},{"type":"Feature","properties":{"kod":"14801021","namn":"Norra Hisingen, Bällskär"},"geometry":{"type":"Polygon","coordinates":[[[12.003188,57.743802],[12.000021,57.744104],[11.999991,57.744016],[11.996586,57.74434],[11.996464,57.743976],[11.994747,57.744147],[11.994834,57.744403],[11.992253,57.744666],[11.989351,57.744962],[11.988589,57.745015],[11.988034,57.74326],[11.987265,57.743312],[11.9866,57.743567],[11.984183,57.74378],[11.983735,57.743859],[11.983296,57.743186],[11.983051,57.742908],[11.982718,57.742582],[11.982682,57.742467],[11.982656,57.742433],[11.982633,57.742398],[11.982613,57.742363],[11.982596,57.742327],[11.982582,57.742292],[11.982288,57.741464],[11.981087,57.739187],[11.980973,57.739205],[11.980658,57.739261],[11.980609,57.739245],[11.98056,57.739228],[11.980514,57.73921],[11.980469,57.739191],[11.980425,57.739171],[11.980384,57.739149],[11.980345,57.739127],[11.980308,57.739103],[11.980273,57.739078],[11.980241,57.739053],[11.980211,57.739027],[11.980183,57.739],[11.980158,57.738972],[11.980135,57.738944],[11.980115,57.738915],[11.980097,57.738886],[11.980083,57.738856],[11.980071,57.738826],[11.980062,57.738796],[11.980055,57.738763],[11.980051,57.73873],[11.98005,57.738697],[11.980051,57.738664],[11.980056,57.738631],[11.980062,57.738598],[11.980073,57.738566],[11.980085,57.738534],[11.980101,57.738502],[11.980119,57.73847],[11.98014,57.738439],[11.980163,57.738409],[11.98019,57.738379],[11.980218,57.73835],[11.980501,57.738078],[11.98052,57.738049],[11.980537,57.738019],[11.980551,57.737989],[11.980561,57.737958],[11.98057,57.737927],[11.980574,57.737896],[11.980576,57.737865],[11.980573,57.737834],[11.980569,57.737803],[11.980561,57.737772],[11.98055,57.737741],[11.980537,57.737711],[11.980199,57.73709],[11.979119,57.737176],[11.978935,57.736661],[11.979484,57.736214],[11.979161,57.735321],[11.979899,57.734445],[11.980874,57.734459],[11.980908,57.734308],[11.981055,57.734301],[11.982456,57.734102],[11.985117,57.733726],[11.985906,57.735379],[11.987009,57.738455],[11.988805,57.738144],[11.992759,57.737765],[11.992989,57.737729],[11.993173,57.737711],[11.994511,57.737573],[11.997341,57.73728],[11.997309,57.73724],[11.998396,57.737128],[11.998947,57.737818],[11.999279,57.738233],[11.999455,57.738454],[12.0007,57.740013],[12.000788,57.740124],[12.001118,57.740537],[12.00185,57.741652],[12.001965,57.741826],[12.002337,57.742428],[12.002616,57.742878],[12.002894,57.743328],[12.003188,57.743802]]]}},{"type":"Feature","properties":{"kod":"14801022","namn":"Norra Hisingen, Tingstad"},"geometry":{"type":"Polygon","coordinates":[[[11.995042,57.731713],[11.995504,57.732512],[11.995751,57.732942],[11.995811,57.733045],[11.996261,57.733904],[11.996529,57.734111],[11.99677,57.734522],[11.996866,57.734686],[11.997012,57.734943],[11.997149,57.73518],[11.997292,57.735426],[11.997422,57.735638],[11.997581,57.735873],[11.997735,57.736112],[11.997899,57.736358],[11.998025,57.736564],[11.99818,57.736791],[11.998396,57.737128],[11.997309,57.73724],[11.997341,57.73728],[11.994511,57.737573],[11.993173,57.737711],[11.992989,57.737729],[11.992759,57.737765],[11.988805,57.738144],[11.987009,57.738455],[11.985906,57.735379],[11.985117,57.733726],[11.983703,57.730699],[11.981912,57.731094],[11.980558,57.731311],[11.978121,57.731436],[11.975413,57.731436],[11.974922,57.730528],[11.974449,57.729518],[11.974002,57.728836],[11.973855,57.728657],[11.97327,57.728216],[11.972527,57.727837],[11.971546,57.727505],[11.97153,57.728757],[11.969701,57.729151],[11.96969,57.728223],[11.96711,57.728275],[11.967132,57.728842],[11.966885,57.729113],[11.964821,57.729123],[11.963535,57.729015],[11.962158,57.728781],[11.960757,57.728438],[11.961344,57.728144],[11.962094,57.727811],[11.962797,57.72754],[11.962893,57.727503],[11.963787,57.727258],[11.964706,57.727038],[11.965508,57.726895],[11.966081,57.726797],[11.966734,57.726686],[11.967042,57.726628],[11.967983,57.726451],[11.969209,57.72623],[11.971401,57.725851],[11.975599,57.725605],[11.979223,57.726051],[11.981162,57.724859],[11.984931,57.722951],[11.985377,57.722701],[11.985587,57.722678],[11.985612,57.722587],[11.986679,57.721896],[11.988166,57.722872],[11.989008,57.723607],[11.989301,57.723815],[11.989914,57.724291],[11.990805,57.725145],[11.991253,57.725676],[11.991464,57.72593],[11.992013,57.726747],[11.992694,57.727759],[11.993495,57.729036],[11.993986,57.729886],[11.994087,57.730061],[11.994362,57.730537],[11.995042,57.731713]]]}},{"type":"Feature","properties":{"kod":"14801023","namn":"Norra Hisingen, Brunnsbo Södra"},"geometry":{"type":"Polygon","coordinates":[[[11.974922,57.730528],[11.973838,57.730605],[11.973432,57.730995],[11.972619,57.730822],[11.971765,57.730667],[11.971601,57.731623],[11.969412,57.732335],[11.968479,57.731301],[11.967537,57.730287],[11.966333,57.729916],[11.966885,57.729113],[11.967132,57.728842],[11.96711,57.728275],[11.96969,57.728223],[11.969701,57.729151],[11.97153,57.728757],[11.971546,57.727505],[11.972527,57.727837],[11.97327,57.728216],[11.973855,57.728657],[11.974002,57.728836],[11.974449,57.729518],[11.974922,57.730528]]]}},{"type":"Feature","properties":{"kod":"14801024","namn":"Norra Hisingen, Folkvisegatan m fl"},"geometry":{"type":"Polygon","coordinates":[[[11.975413,57.731436],[11.97539,57.731597],[11.975279,57.731816],[11.975114,57.731991],[11.974186,57.732767],[11.973912,57.733361],[11.973734,57.734016],[11.972278,57.73403],[11.971887,57.73343],[11.970457,57.733663],[11.969412,57.732335],[11.971601,57.731623],[11.971765,57.730667],[11.972619,57.730822],[11.973432,57.730995],[11.973838,57.730605],[11.974922,57.730528],[11.975413,57.731436]]]}},{"type":"Feature","properties":{"kod":"14801025","namn":"Norra Hisingen, Brunnsbo Norra"},"geometry":{"type":"Polygon","coordinates":[[[11.965241,57.743378],[11.963249,57.743685],[11.961129,57.743253],[11.959935,57.741838],[11.960112,57.740871],[11.961203,57.740609],[11.962585,57.739759],[11.961912,57.739607],[11.962025,57.739388],[11.962173,57.739041],[11.96276,57.738847],[11.962933,57.738729],[11.963162,57.738574],[11.963253,57.738396],[11.963325,57.738257],[11.963397,57.738114],[11.963464,57.737984],[11.963959,57.737846],[11.964333,57.737771],[11.964579,57.737722],[11.96462,57.737612],[11.964479,57.737391],[11.96445,57.737214],[11.964738,57.737156],[11.964866,57.737082],[11.964782,57.736967],[11.96408,57.736808],[11.963682,57.736828],[11.963192,57.736736],[11.962888,57.736562],[11.96278,57.736407],[11.962338,57.736039],[11.962223,57.73585],[11.962235,57.735774],[11.962425,57.735606],[11.962396,57.735584],[11.962174,57.735413],[11.961972,57.735237],[11.961832,57.735036],[11.961916,57.734957],[11.962168,57.734813],[11.962156,57.734767],[11.962314,57.734759],[11.962311,57.734739],[11.962694,57.734708],[11.962717,57.734631],[11.962402,57.734458],[11.962382,57.734336],[11.962427,57.73408],[11.962838,57.734005],[11.96288,57.733766],[11.962139,57.733697],[11.962164,57.733663],[11.96228,57.733445],[11.962407,57.733205],[11.962524,57.732987],[11.962539,57.732956],[11.962649,57.732743],[11.962842,57.732405],[11.963217,57.731654],[11.963279,57.731532],[11.963066,57.730983],[11.962637,57.729876],[11.963535,57.729015],[11.964821,57.729123],[11.966885,57.729113],[11.966333,57.729916],[11.967537,57.730287],[11.968479,57.731301],[11.969412,57.732335],[11.970457,57.733663],[11.971887,57.73343],[11.972278,57.73403],[11.973734,57.734016],[11.973912,57.733361],[11.974186,57.732767],[11.975114,57.731991],[11.975279,57.731816],[11.97539,57.731597],[11.975413,57.731436],[11.978121,57.731436],[11.980558,57.731311],[11.981912,57.731094],[11.983703,57.730699],[11.985117,57.733726],[11.982456,57.734102],[11.981055,57.734301],[11.980908,57.734308],[11.980874,57.734459],[11.979899,57.734445],[11.979161,57.735321],[11.979484,57.736214],[11.978935,57.736661],[11.979119,57.737176],[11.977236,57.738171],[11.976399,57.738043],[11.9753,57.737975],[11.974431,57.738201],[11.973833,57.738358],[11.973671,57.740304],[11.971993,57.740456],[11.97016,57.740673],[11.969233,57.740922],[11.96826,57.741649],[11.966692,57.74297],[11.965241,57.743378]]]}},{"type":"Feature","properties":{"kod":"14801026","namn":"Norra Hisingen, Aröd"},"geometry":{"type":"Polygon","coordinates":[[[11.960352,57.744922],[11.959499,57.745288],[11.958869,57.745135],[11.958487,57.745305],[11.958383,57.745305],[11.958037,57.745164],[11.957583,57.745081],[11.956726,57.745215],[11.955547,57.74465],[11.95424,57.744696],[11.953913,57.744662],[11.953618,57.744658],[11.952909,57.744491],[11.952949,57.744312],[11.952447,57.744253],[11.951556,57.746215],[11.949075,57.746058],[11.949684,57.744619],[11.950561,57.743292],[11.950804,57.742336],[11.95101,57.741315],[11.95101,57.740304],[11.951143,57.738873],[11.951268,57.738195],[11.951267,57.737316],[11.951547,57.736777],[11.951556,57.736144],[11.952283,57.734514],[11.952488,57.734174],[11.952555,57.733964],[11.952709,57.733179],[11.953077,57.732558],[11.953139,57.731859],[11.953127,57.731504],[11.952612,57.73059],[11.952324,57.729654],[11.954428,57.729817],[11.955749,57.729987],[11.95886,57.730107],[11.959149,57.729724],[11.959427,57.729419],[11.9598,57.729088],[11.960244,57.728795],[11.960757,57.728438],[11.962158,57.728781],[11.963535,57.729015],[11.962637,57.729876],[11.963066,57.730983],[11.963279,57.731532],[11.963217,57.731654],[11.962842,57.732405],[11.962649,57.732743],[11.962539,57.732956],[11.962524,57.732987],[11.962407,57.733205],[11.96228,57.733445],[11.962164,57.733663],[11.962139,57.733697],[11.96288,57.733766],[11.962838,57.734005],[11.962427,57.73408],[11.962382,57.734336],[11.962402,57.734458],[11.962717,57.734631],[11.962694,57.734708],[11.962311,57.734739],[11.962314,57.734759],[11.962156,57.734767],[11.962168,57.734813],[11.961916,57.734957],[11.961832,57.735036],[11.961972,57.735237],[11.962174,57.735413],[11.962396,57.735584],[11.962425,57.735606],[11.962235,57.735774],[11.962223,57.73585],[11.962338,57.736039],[11.96278,57.736407],[11.962888,57.736562],[11.963192,57.736736],[11.963682,57.736828],[11.96408,57.736808],[11.964782,57.736967],[11.964866,57.737082],[11.964738,57.737156],[11.96445,57.737214],[11.964479,57.737391],[11.96462,57.737612],[11.964579,57.737722],[11.964333,57.737771],[11.963959,57.737846],[11.963464,57.737984],[11.963397,57.738114],[11.963325,57.738257],[11.963253,57.738396],[11.963162,57.738574],[11.962933,57.738729],[11.96276,57.738847],[11.962173,57.739041],[11.962025,57.739388],[11.961912,57.739607],[11.962585,57.739759],[11.961203,57.740609],[11.960112,57.740871],[11.959935,57.741838],[11.961129,57.743253],[11.963249,57.743685],[11.961738,57.744118],[11.960352,57.744922]]]}},{"type":"Feature","properties":{"kod":"14801027","namn":"Norra Hisingen, Tuve Södra"},"geometry":{"type":"Polygon","coordinates":[[[11.93878,57.748401],[11.936794,57.748352],[11.934533,57.748611],[11.93219,57.74915],[11.931355,57.749255],[11.931308,57.749664],[11.93111,57.749992],[11.930205,57.750047],[11.928415,57.750033],[11.928438,57.751516],[11.927351,57.75149],[11.925836,57.751233],[11.92596,57.751002],[11.926044,57.75032],[11.924903,57.748309],[11.926531,57.748061],[11.927416,57.747897],[11.926817,57.747166],[11.926413,57.746702],[11.926095,57.746412],[11.925749,57.746115],[11.925294,57.745841],[11.924911,57.745719],[11.924501,57.745611],[11.924037,57.745555],[11.92382,57.74555],[11.925186,57.743734],[11.93026,57.742997],[11.930491,57.741759],[11.927762,57.737958],[11.92887,57.735389],[11.932781,57.734904],[11.936524,57.734439],[11.938718,57.734416],[11.940828,57.734001],[11.941235,57.734124],[11.941864,57.73428],[11.942223,57.73287],[11.94284,57.731984],[11.943917,57.730619],[11.944188,57.730242],[11.944402,57.729855],[11.949341,57.729583],[11.952324,57.729654],[11.952612,57.73059],[11.953127,57.731504],[11.953139,57.731859],[11.953077,57.732558],[11.952709,57.733179],[11.952555,57.733964],[11.952488,57.734174],[11.952283,57.734514],[11.951556,57.736144],[11.951547,57.736777],[11.951267,57.737316],[11.951268,57.738195],[11.951143,57.738873],[11.95101,57.740304],[11.95101,57.741315],[11.950804,57.742336],[11.950561,57.743292],[11.949684,57.744619],[11.949075,57.746058],[11.948844,57.747167],[11.948623,57.747968],[11.948575,57.748117],[11.947519,57.749899],[11.94623,57.749717],[11.943083,57.749108],[11.93878,57.748401]]]}},{"type":"Feature","properties":{"kod":"14801028","namn":"Norra Hisingen, Gunnestorp"},"geometry":{"type":"Polygon","coordinates":[[[11.913167,57.752646],[11.911208,57.753988],[11.910605,57.753889],[11.910004,57.753417],[11.907104,57.753613],[11.905295,57.75381],[11.904991,57.754591],[11.903295,57.755619],[11.902091,57.75511],[11.900794,57.75429],[11.897977,57.751424],[11.900899,57.750005],[11.90821,57.748948],[11.912201,57.747967],[11.912208,57.747957],[11.912238,57.747922],[11.912278,57.747877],[11.912321,57.747832],[11.912365,57.747789],[11.912413,57.747746],[11.912462,57.747703],[11.912513,57.747662],[11.912568,57.747622],[11.912624,57.747582],[11.912682,57.747543],[11.912742,57.747505],[11.912805,57.747468],[11.912869,57.747432],[11.912935,57.747397],[11.913003,57.747363],[11.913101,57.747318],[11.9132,57.747273],[11.913301,57.74723],[11.913403,57.747187],[11.913508,57.747146],[11.913613,57.747106],[11.91372,57.747068],[11.91383,57.747031],[11.913959,57.746989],[11.91409,57.746947],[11.914222,57.746908],[11.914356,57.746869],[11.914491,57.746832],[11.914627,57.746796],[11.914764,57.746761],[11.914903,57.746728],[11.915042,57.746696],[11.915183,57.746666],[11.915324,57.746637],[11.915467,57.746609],[11.915611,57.746583],[11.915755,57.746558],[11.916578,57.746444],[11.918116,57.746274],[11.918365,57.746247],[11.92117,57.745938],[11.921353,57.745917],[11.921535,57.745894],[11.921716,57.745869],[11.921896,57.745843],[11.922846,57.745698],[11.922927,57.745684],[11.923009,57.745671],[11.923091,57.745659],[11.923174,57.745649],[11.923257,57.74564],[11.923342,57.745633],[11.923426,57.745627],[11.923727,57.745568],[11.92382,57.74555],[11.924037,57.745555],[11.924501,57.745611],[11.924911,57.745719],[11.925294,57.745841],[11.925749,57.746115],[11.926095,57.746412],[11.926413,57.746702],[11.926817,57.747166],[11.927416,57.747897],[11.926531,57.748061],[11.924903,57.748309],[11.926044,57.75032],[11.92596,57.751002],[11.924613,57.750542],[11.922506,57.750447],[11.920135,57.750708],[11.917829,57.7519],[11.917513,57.751848],[11.917303,57.752292],[11.91699,57.752218],[11.91597,57.752105],[11.9155,57.752145],[11.914485,57.752366],[11.913167,57.752646]]]}},{"type":"Feature","properties":{"kod":"14801029","namn":"Norra Hisingen, Arvesgärde m fl"},"geometry":{"type":"Polygon","coordinates":[[[11.920035,57.754651],[11.919036,57.754734],[11.918056,57.754888],[11.9169,57.75494],[11.913167,57.752646],[11.914485,57.752366],[11.9155,57.752145],[11.91597,57.752105],[11.91699,57.752218],[11.917303,57.752292],[11.917513,57.751848],[11.917829,57.7519],[11.920135,57.750708],[11.922506,57.750447],[11.924613,57.750542],[11.92596,57.751002],[11.925836,57.751233],[11.927351,57.75149],[11.928438,57.751516],[11.92846,57.752439],[11.928425,57.753506],[11.927777,57.753528],[11.926339,57.753409],[11.925399,57.753365],[11.924233,57.753635],[11.923086,57.754002],[11.9225,57.753296],[11.920177,57.753566],[11.921097,57.754545],[11.920035,57.754651]]]}},{"type":"Feature","properties":{"kod":"14801030","namn":"Norra Hisingen, Glöstorp"},"geometry":{"type":"Polygon","coordinates":[[[11.940216,57.756099],[11.939098,57.755916],[11.935327,57.756431],[11.932385,57.756107],[11.932263,57.753477],[11.931872,57.753538],[11.928425,57.753506],[11.92846,57.752439],[11.928438,57.751516],[11.928415,57.750033],[11.930205,57.750047],[11.93111,57.749992],[11.931308,57.749664],[11.931355,57.749255],[11.93219,57.74915],[11.934533,57.748611],[11.936794,57.748352],[11.93878,57.748401],[11.9381,57.751062],[11.938295,57.751967],[11.938824,57.752985],[11.939735,57.754332],[11.940216,57.756099]]]}},{"type":"Feature","properties":{"kod":"14801031","namn":"Norra Hisingen, Tuve Norra"},"geometry":{"type":"Polygon","coordinates":[[[11.940216,57.756099],[11.940158,57.757181],[11.939062,57.759333],[11.938258,57.759283],[11.937855,57.759475],[11.937534,57.760236],[11.936906,57.760131],[11.934556,57.759319],[11.934319,57.759264],[11.931992,57.75914],[11.93222,57.758523],[11.933339,57.758259],[11.933174,57.757335],[11.931636,57.757564],[11.930834,57.757629],[11.930243,57.757529],[11.930327,57.757047],[11.929617,57.756243],[11.92943,57.75624],[11.929373,57.756246],[11.929338,57.756241],[11.929267,57.756251],[11.929244,57.756248],[11.928952,57.756225],[11.928521,57.756182],[11.928408,57.756189],[11.928433,57.756261],[11.928527,57.756625],[11.928523,57.756918],[11.928466,57.757167],[11.928226,57.757448],[11.927931,57.757585],[11.927646,57.757727],[11.927306,57.757831],[11.926905,57.75787],[11.92516,57.757996],[11.92493,57.757585],[11.924914,57.756672],[11.925346,57.756666],[11.925296,57.755465],[11.924049,57.755464],[11.924154,57.75472],[11.92602,57.754286],[11.926339,57.753409],[11.927777,57.753528],[11.928425,57.753506],[11.931872,57.753538],[11.932263,57.753477],[11.932385,57.756107],[11.935327,57.756431],[11.939098,57.755916],[11.940216,57.756099]]]}},{"type":"Feature","properties":{"kod":"14801032","namn":"Norra Hisingen, Norumshöjd"},"geometry":{"type":"Polygon","coordinates":[[[11.92516,57.757996],[11.923996,57.758065],[11.921343,57.758364],[11.920825,57.758404],[11.92017,57.758445],[11.920009,57.758449],[11.919637,57.758457],[11.918799,57.758442],[11.918924,57.758148],[11.919203,57.757567],[11.919715,57.756529],[11.919807,57.756393],[11.919954,57.756036],[11.920069,57.755561],[11.920106,57.755018],[11.920035,57.754651],[11.921097,57.754545],[11.920177,57.753566],[11.9225,57.753296],[11.923086,57.754002],[11.924233,57.753635],[11.925399,57.753365],[11.926339,57.753409],[11.92602,57.754286],[11.924154,57.75472],[11.924049,57.755464],[11.925296,57.755465],[11.925346,57.756666],[11.924914,57.756672],[11.92493,57.757585],[11.92516,57.757996]]]}},{"type":"Feature","properties":{"kod":"14801033","namn":"Norra Hisingen, Tången"},"geometry":{"type":"Polygon","coordinates":[[[11.931276,57.767952],[11.930807,57.770753],[11.931064,57.771752],[11.932728,57.775174],[11.925391,57.776964],[11.910164,57.77826],[11.900186,57.780777],[11.894653,57.778393],[11.891692,57.775249],[11.886081,57.768665],[11.885227,57.766444],[11.884834,57.764871],[11.884099,57.763263],[11.882259,57.761162],[11.880044,57.759042],[11.877756,57.756191],[11.878704,57.756018],[11.879596,57.755988],[11.880368,57.756231],[11.881008,57.756663],[11.881516,57.756569],[11.882835,57.756396],[11.883617,57.756351],[11.884757,57.756312],[11.885937,57.756344],[11.88643,57.756338],[11.886913,57.756264],[11.888112,57.755954],[11.889196,57.755749],[11.891461,57.755163],[11.89241,57.754775],[11.897977,57.751424],[11.900794,57.75429],[11.902091,57.75511],[11.903295,57.755619],[11.904991,57.754591],[11.905295,57.75381],[11.907104,57.753613],[11.910004,57.753417],[11.910605,57.753889],[11.911208,57.753988],[11.913167,57.752646],[11.9169,57.75494],[11.918056,57.754888],[11.919036,57.754734],[11.920035,57.754651],[11.920106,57.755018],[11.920069,57.755561],[11.919954,57.756036],[11.919807,57.756393],[11.919715,57.756529],[11.919203,57.757567],[11.918924,57.758148],[11.918799,57.758442],[11.919637,57.758457],[11.920009,57.758449],[11.92017,57.758445],[11.920825,57.758404],[11.921343,57.758364],[11.923996,57.758065],[11.92516,57.757996],[11.926905,57.75787],[11.927306,57.757831],[11.927646,57.757727],[11.927931,57.757585],[11.928226,57.757448],[11.928466,57.757167],[11.928523,57.756918],[11.928527,57.756625],[11.928433,57.756261],[11.928408,57.756189],[11.928521,57.756182],[11.928952,57.756225],[11.929244,57.756248],[11.929267,57.756251],[11.929338,57.756241],[11.929373,57.756246],[11.92943,57.75624],[11.929617,57.756243],[11.930327,57.757047],[11.930243,57.757529],[11.930834,57.757629],[11.931636,57.757564],[11.933174,57.757335],[11.933339,57.758259],[11.93222,57.758523],[11.931992,57.75914],[11.934319,57.759264],[11.934556,57.759319],[11.936906,57.760131],[11.937534,57.760236],[11.937855,57.759475],[11.938258,57.759283],[11.939062,57.759333],[11.940158,57.757181],[11.940216,57.756099],[11.939735,57.754332],[11.938824,57.752985],[11.938295,57.751967],[11.9381,57.751062],[11.93878,57.748401],[11.943083,57.749108],[11.94623,57.749717],[11.947519,57.749899],[11.947269,57.750579],[11.947036,57.750941],[11.946894,57.75115],[11.946574,57.751554],[11.945833,57.752694],[11.94518,57.753774],[11.944741,57.754476],[11.944081,57.755624],[11.943666,57.756092],[11.942682,57.757299],[11.942133,57.758067],[11.941748,57.758613],[11.941013,57.759755],[11.940499,57.760624],[11.940378,57.760847],[11.940037,57.761607],[11.93966,57.762414],[11.939592,57.762603],[11.939163,57.764767],[11.939422,57.76624],[11.939494,57.766783],[11.939631,57.768345],[11.939645,57.768367],[11.939032,57.768435],[11.937861,57.768397],[11.935707,57.76829],[11.935407,57.768277],[11.935104,57.768249],[11.934635,57.768178],[11.933308,57.767956],[11.932536,57.767857],[11.932011,57.767756],[11.931518,57.767732],[11.931276,57.767952]]]}},{"type":"Feature","properties":{"kod":"14801034","namn":"Norra Hisingen, Säve"},"geometry":{"type":"Polygon","coordinates":[[[11.947739,57.824699],[11.947069,57.824357],[11.946052,57.823454],[11.945917,57.823285],[11.94595,57.823259],[11.946014,57.823271],[11.946132,57.823215],[11.946209,57.823215],[11.946337,57.823174],[11.946385,57.823125],[11.946389,57.823042],[11.946464,57.822965],[11.946584,57.822881],[11.946627,57.822803],[11.946645,57.822694],[11.946281,57.822271],[11.946266,57.821744],[11.946042,57.821518],[11.945915,57.821459],[11.945824,57.821379],[11.945721,57.821042],[11.945538,57.82088],[11.945547,57.820853],[11.945513,57.820764],[11.945735,57.820488],[11.945941,57.820321],[11.945945,57.820252],[11.946048,57.820082],[11.946142,57.819927],[11.946161,57.819861],[11.946146,57.819745],[11.946194,57.819586],[11.946271,57.819524],[11.946297,57.819368],[11.933853,57.818281],[11.933759,57.817991],[11.933652,57.817997],[11.933468,57.817707],[11.932934,57.817229],[11.933074,57.816438],[11.931823,57.816143],[11.930889,57.815759],[11.930785,57.815406],[11.930741,57.814439],[11.930573,57.814238],[11.929381,57.813952],[11.928315,57.81458],[11.928316,57.814676],[11.928031,57.815305],[11.927741,57.81559],[11.926383,57.815801],[11.926085,57.816007],[11.925925,57.816189],[11.925601,57.816094],[11.924936,57.815731],[11.924618,57.815554],[11.924594,57.815519],[11.922877,57.81483],[11.920419,57.813846],[11.919196,57.809438],[11.913367,57.809591],[11.911522,57.81039],[11.907918,57.810257],[11.903228,57.809103],[11.898675,57.808319],[11.897896,57.808478],[11.897826,57.808493],[11.897749,57.808479],[11.897704,57.80848],[11.897673,57.808483],[11.897577,57.808532],[11.897379,57.808545],[11.896909,57.808405],[11.896773,57.808405],[11.896585,57.808262],[11.896591,57.808182],[11.896616,57.808117],[11.896504,57.807959],[11.896479,57.807966],[11.896097,57.808051],[11.895811,57.808197],[11.895575,57.808338],[11.895426,57.808422],[11.895296,57.808485],[11.894957,57.808606],[11.894701,57.808681],[11.894353,57.808766],[11.894053,57.808817],[11.89359,57.808882],[11.893097,57.808938],[11.892575,57.808969],[11.892357,57.808982],[11.891974,57.80899],[11.891672,57.809012],[11.891343,57.80904],[11.890938,57.809076],[11.890597,57.809104],[11.890301,57.809118],[11.889715,57.809109],[11.889448,57.809086],[11.889121,57.809067],[11.88884,57.809052],[11.888542,57.809008],[11.888209,57.80895],[11.887981,57.808898],[11.887728,57.808858],[11.887506,57.808816],[11.887137,57.808764],[11.886216,57.808677],[11.885525,57.808625],[11.884988,57.808597],[11.884452,57.808591],[11.883304,57.808625],[11.882682,57.808666],[11.882138,57.808743],[11.881811,57.808799],[11.88152,57.808846],[11.881282,57.808887],[11.880934,57.808963],[11.880664,57.809013],[11.880535,57.809052],[11.878699,57.809628],[11.878335,57.809742],[11.877901,57.809861],[11.877371,57.809981],[11.87626,57.810179],[11.875296,57.810366],[11.874465,57.810563],[11.874062,57.810649],[11.873316,57.810789],[11.872907,57.810846],[11.872595,57.81088],[11.871862,57.81091],[11.871019,57.81088],[11.870778,57.810882],[11.870549,57.810902],[11.868709,57.811387],[11.867814,57.81078],[11.867377,57.810529],[11.866889,57.810248],[11.864153,57.808628],[11.863796,57.808411],[11.863005,57.807924],[11.863002,57.807922],[11.861205,57.806683],[11.859715,57.80563],[11.85868,57.805047],[11.857216,57.804404],[11.857212,57.804402],[11.856241,57.803844],[11.856239,57.803843],[11.854225,57.802247],[11.851348,57.799978],[11.851347,57.799977],[11.850991,57.799543],[11.850874,57.7994],[11.850581,57.799152],[11.850375,57.798939],[11.85009,57.798737],[11.849758,57.798505],[11.849359,57.798213],[11.849048,57.798032],[11.848728,57.797632],[11.847494,57.796992],[11.845285,57.795848],[11.844089,57.795767],[11.8436,57.795734],[11.843597,57.795733],[11.843174,57.795551],[11.843119,57.795542],[11.84309,57.79553],[11.842032,57.795343],[11.838758,57.794451],[11.837286,57.794307],[11.836122,57.794194],[11.837776,57.792725],[11.837961,57.792237],[11.837969,57.792048],[11.837925,57.791932],[11.837682,57.791754],[11.837682,57.791753],[11.837682,57.791753],[11.838487,57.79154],[11.838859,57.791394],[11.839165,57.791061],[11.83936,57.790957],[11.839505,57.79087],[11.839613,57.790827],[11.839698,57.790629],[11.839952,57.790396],[11.840007,57.790272],[11.840095,57.790131],[11.840903,57.789132],[11.841138,57.788782],[11.841169,57.788731],[11.841527,57.788242],[11.84207,57.7875],[11.842262,57.787244],[11.843723,57.785392],[11.846069,57.782415],[11.846231,57.782161],[11.84711,57.781006],[11.847345,57.78076],[11.847342,57.780513],[11.847512,57.780493],[11.848144,57.780264],[11.848782,57.78004],[11.849387,57.77987],[11.850411,57.77976],[11.85103,57.77966],[11.852769,57.779502],[11.852444,57.778941],[11.852329,57.778838],[11.852329,57.778838],[11.852328,57.778838],[11.854063,57.778373],[11.8577,57.777397],[11.863021,57.776],[11.870443,57.77405],[11.8807,57.771363],[11.882392,57.768468],[11.883171,57.767133],[11.883366,57.7668],[11.885227,57.766444],[11.886081,57.768665],[11.891692,57.775249],[11.894653,57.778393],[11.900186,57.780777],[11.910164,57.77826],[11.925391,57.776964],[11.932728,57.775174],[11.931064,57.771752],[11.930807,57.770753],[11.931276,57.767952],[11.931518,57.767732],[11.932011,57.767756],[11.932536,57.767857],[11.933308,57.767956],[11.934635,57.768178],[11.935104,57.768249],[11.935407,57.768277],[11.935707,57.76829],[11.937861,57.768397],[11.939032,57.768435],[11.939645,57.768367],[11.939949,57.768836],[11.940527,57.769276],[11.9418,57.770987],[11.942238,57.771594],[11.942645,57.772151],[11.94299,57.772431],[11.943207,57.772705],[11.943504,57.773176],[11.943515,57.77322],[11.943483,57.773886],[11.943431,57.774118],[11.943437,57.774262],[11.943518,57.77444],[11.943515,57.774547],[11.943402,57.775068],[11.943254,57.775421],[11.942402,57.776999],[11.941742,57.778225],[11.941405,57.778648],[11.9415,57.778872],[11.941418,57.779122],[11.941024,57.779549],[11.941031,57.780156],[11.941544,57.780197],[11.942012,57.780259],[11.942544,57.780393],[11.942705,57.780664],[11.943411,57.78093],[11.944018,57.781218],[11.9444,57.781481],[11.944833,57.781504],[11.945369,57.781619],[11.945879,57.781853],[11.946487,57.781988],[11.947305,57.782235],[11.947725,57.782314],[11.948635,57.782588],[11.949194,57.78267],[11.950024,57.782835],[11.950183,57.78299],[11.950333,57.783185],[11.950413,57.783176],[11.950551,57.783254],[11.950694,57.78321],[11.951274,57.783218],[11.951946,57.783224],[11.952543,57.783262],[11.95389,57.783492],[11.953934,57.783588],[11.959219,57.784428],[11.95923,57.784455],[11.959447,57.784501],[11.959456,57.784657],[11.961761,57.785579],[11.962065,57.785729],[11.962399,57.785894],[11.962733,57.786058],[11.963045,57.786215],[11.963533,57.78646],[11.964382,57.786879],[11.962565,57.791107],[11.965749,57.791964],[11.965452,57.792368],[11.965215,57.792651],[11.965006,57.792834],[11.965096,57.793572],[11.965117,57.793708],[11.965051,57.793742],[11.956558,57.794376],[11.956708,57.797631],[11.956758,57.798806],[11.96087,57.798358],[11.961651,57.801145],[11.961855,57.801875],[11.960281,57.80195],[11.96025,57.802092],[11.960036,57.803076],[11.959841,57.804037],[11.959823,57.804554],[11.957001,57.804534],[11.957021,57.804956],[11.95717,57.805344],[11.957195,57.80548],[11.95727,57.805871],[11.957418,57.806641],[11.957618,57.807607],[11.958081,57.808674],[11.958589,57.809241],[11.959008,57.809708],[11.959716,57.810497],[11.960064,57.810894],[11.960842,57.811781],[11.967672,57.819939],[11.966337,57.82021],[11.965393,57.820371],[11.960518,57.821295],[11.951992,57.823373],[11.947739,57.824699]]]}}]}