ar_fg;val;kod_2018;namn_2018;parti;roster_2018;roster_fgval
2014;rf;14800000;Uppsamlingsdistrikt;M;1495;1769
2014;rf;14800000;Uppsamlingsdistrikt;C;582;289
2014;rf;14800000;Uppsamlingsdistrikt;L;598;531
2014;rf;14800000;Uppsamlingsdistrikt;KD;519;264
2014;rf;14800000;Uppsamlingsdistrikt;S;1930;1804
2014;rf;14800000;Uppsamlingsdistrikt;V;1434;983
2014;rf;14800000;Uppsamlingsdistrikt;MP;753;1269
2014;rf;14800000;Uppsamlingsdistrikt;SD;719;444
2014;rf;14800000;Uppsamlingsdistrikt;FI;165;237
2014;rf;14800000;Uppsamlingsdistrikt;RS;12;12
2014;rf;14800000;Uppsamlingsdistrikt;SPVG;8;25
2014;rf;14800000;Uppsamlingsdistrikt;KRVP;6;5
2014;rf;14800000;Uppsamlingsdistrikt;PP;0;64
2014;rf;14800000;Uppsamlingsdistrikt;HANDSKRIVNA;22;56
2014;rf;14800000;Uppsamlingsdistrikt;ÖVRIGA_FGVAL;0;65
2014;rf;14800000;Uppsamlingsdistrikt;BLANK;116;175
2014;rf;14800000;Uppsamlingsdistrikt;OG;25;11
2014;rf;14801032;Majorna-Linné, Godhem;M;81;116
2014;rf;14801032;Majorna-Linné, Godhem;C;50;22
2014;rf;14801032;Majorna-Linné, Godhem;L;66;63
2014;rf;14801032;Majorna-Linné, Godhem;KD;44;38
2014;rf;14801032;Majorna-Linné, Godhem;S;186;165
2014;rf;14801032;Majorna-Linné, Godhem;V;349;290
2014;rf;14801032;Majorna-Linné, Godhem;MP;107;205
2014;rf;14801032;Majorna-Linné, Godhem;SD;62;43
2014;rf;14801032;Majorna-Linné, Godhem;FI;43;8
2014;rf;14801032;Majorna-Linné, Godhem;PP;0;10
2014;rf;14801032;Majorna-Linné, Godhem;RS;0;2
2014;rf;14801032;Majorna-Linné, Godhem;HANDSKRIVNA;4;12
2014;rf;14801032;Majorna-Linné, Godhem;ÖVRIGA_FGVAL;0;14
2014;rf;14801032;Majorna-Linné, Godhem;BLANK;16;11
2014;rf;14801032;Majorna-Linné, Godhem;OG;0;0
2014;rf;14801042;Majorna-Linné, Gatenhielmska;M;83;105
2014;rf;14801042;Majorna-Linné, Gatenhielmska;C;43;23
2014;rf;14801042;Majorna-Linné, Gatenhielmska;L;55;66
2014;rf;14801042;Majorna-Linné, Gatenhielmska;KD;38;26
2014;rf;14801042;Majorna-Linné, Gatenhielmska;S;209;195
2014;rf;14801042;Majorna-Linné, Gatenhielmska;V;360;334
2014;rf;14801042;Majorna-Linné, Gatenhielmska;MP;107;206
2014;rf;14801042;Majorna-Linné, Gatenhielmska;SD;85;50
2014;rf;14801042;Majorna-Linné, Gatenhielmska;FI;31;9
2014;rf;14801042;Majorna-Linné, Gatenhielmska;RS;1;1
2014;rf;14801042;Majorna-Linné, Gatenhielmska;PP;0;3
2014;rf;14801042;Majorna-Linné, Gatenhielmska;HANDSKRIVNA;1;12
2014;rf;14801042;Majorna-Linné, Gatenhielmska;ÖVRIGA_FGVAL;0;13
2014;rf;14801042;Majorna-Linné, Gatenhielmska;BLANK;7;13
2014;rf;14801042;Majorna-Linné, Gatenhielmska;OG;0;0
2014;rf;14801053;Majorna-Linné, Masthuggstorget;M;218;266
2014;rf;14801053;Majorna-Linné, Masthuggstorget;C;47;42
2014;rf;14801053;Majorna-Linné, Masthuggstorget;L;90;98
2014;rf;14801053;Majorna-Linné, Masthuggstorget;KD;52;37
2014;rf;14801053;Majorna-Linné, Masthuggstorget;S;207;208
2014;rf;14801053;Majorna-Linné, Masthuggstorget;V;163;142
2014;rf;14801053;Majorna-Linné, Masthuggstorget;MP;61;158
2014;rf;14801053;Majorna-Linné, Masthuggstorget;SD;83;53
2014;rf;14801053;Majorna-Linné, Masthuggstorget;FI;19;10
2014;rf;14801053;Majorna-Linné, Masthuggstorget;SPVG;3;2
2014;rf;14801053;Majorna-Linné, Masthuggstorget;PP;0;6
2014;rf;14801053;Majorna-Linné, Masthuggstorget;RS;0;1
2014;rf;14801053;Majorna-Linné, Masthuggstorget;HANDSKRIVNA;1;7
2014;rf;14801053;Majorna-Linné, Masthuggstorget;ÖVRIGA_FGVAL;0;9
2014;rf;14801053;Majorna-Linné, Masthuggstorget;BLANK;9;12
2014;rf;14801053;Majorna-Linné, Masthuggstorget;OG;0;0
2014;rf;14801056;Majorna-Linné, Slottsskogen;M;115;167
2014;rf;14801056;Majorna-Linné, Slottsskogen;C;53;22
2014;rf;14801056;Majorna-Linné, Slottsskogen;L;90;83
2014;rf;14801056;Majorna-Linné, Slottsskogen;KD;36;32
2014;rf;14801056;Majorna-Linné, Slottsskogen;S;177;174
2014;rf;14801056;Majorna-Linné, Slottsskogen;V;199;167
2014;rf;14801056;Majorna-Linné, Slottsskogen;MP;62;138
2014;rf;14801056;Majorna-Linné, Slottsskogen;SD;62;59
2014;rf;14801056;Majorna-Linné, Slottsskogen;FI;19;7
2014;rf;14801056;Majorna-Linné, Slottsskogen;SPVG;0;5
2014;rf;14801056;Majorna-Linné, Slottsskogen;HANDSKRIVNA;3;7
2014;rf;14801056;Majorna-Linné, Slottsskogen;ÖVRIGA_FGVAL;0;11
2014;rf;14801056;Majorna-Linné, Slottsskogen;BLANK;7;15
2014;rf;14801056;Majorna-Linné, Slottsskogen;OG;1;0
2014;rf;14801058;Majorna-Linné, Vegastaden;M;148;210
2014;rf;14801058;Majorna-Linné, Vegastaden;C;65;34
2014;rf;14801058;Majorna-Linné, Vegastaden;L;108;96
2014;rf;14801058;Majorna-Linné, Vegastaden;KD;38;22
2014;rf;14801058;Majorna-Linné, Vegastaden;S;173;179
2014;rf;14801058;Majorna-Linné, Vegastaden;V;270;232
2014;rf;14801058;Majorna-Linné, Vegastaden;MP;97;179
2014;rf;14801058;Majorna-Linné, Vegastaden;SD;78;67
2014;rf;14801058;Majorna-Linné, Vegastaden;FI;30;11
2014;rf;14801058;Majorna-Linné, Vegastaden;SPVG;2;6
2014;rf;14801058;Majorna-Linné, Vegastaden;PP;0;8
2014;rf;14801058;Majorna-Linné, Vegastaden;HANDSKRIVNA;2;3
2014;rf;14801058;Majorna-Linné, Vegastaden;ÖVRIGA_FGVAL;0;18
2014;rf;14801058;Majorna-Linné, Vegastaden;BLANK;9;6
2014;rf;14801058;Majorna-Linné, Vegastaden;OG;2;0
2014;rf;14801061;Majorna-Linné, Änggården;M;178;283
2014;rf;14801061;Majorna-Linné, Änggården;C;73;36
2014;rf;14801061;Majorna-Linné, Änggården;L;124;146
2014;rf;14801061;Majorna-Linné, Änggården;KD;74;78
2014;rf;14801061;Majorna-Linné, Änggården;S;121;104
2014;rf;14801061;Majorna-Linné, Änggården;V;138;106
2014;rf;14801061;Majorna-Linné, Änggården;MP;83;158
2014;rf;14801061;Majorna-Linné, Änggården;SD;34;28
2014;rf;14801061;Majorna-Linné, Änggården;FI;18;9
2014;rf;14801061;Majorna-Linné, Änggården;SPVG;1;5
2014;rf;14801061;Majorna-Linné, Änggården;KRVP;0;1
2014;rf;14801061;Majorna-Linné, Änggården;PP;0;3
2014;rf;14801061;Majorna-Linné, Änggården;RS;0;1
2014;rf;14801061;Majorna-Linné, Änggården;HANDSKRIVNA;5;5
2014;rf;14801061;Majorna-Linné, Änggården;ÖVRIGA_FGVAL;0;14
2014;rf;14801061;Majorna-Linné, Änggården;BLANK;7;12
2014;rf;14801061;Majorna-Linné, Änggården;OG;0;0
2014;rf;14801091;Majorna-Linné, Kommendantsängen;M;247;340
2014;rf;14801091;Majorna-Linné, Kommendantsängen;C;79;49
2014;rf;14801091;Majorna-Linné, Kommendantsängen;L;131;142
2014;rf;14801091;Majorna-Linné, Kommendantsängen;KD;58;40
2014;rf;14801091;Majorna-Linné, Kommendantsängen;S;149;135
2014;rf;14801091;Majorna-Linné, Kommendantsängen;V;132;135
2014;rf;14801091;Majorna-Linné, Kommendantsängen;MP;74;142
2014;rf;14801091;Majorna-Linné, Kommendantsängen;SD;65;49
2014;rf;14801091;Majorna-Linné, Kommendantsängen;FI;12;11
2014;rf;14801091;Majorna-Linné, Kommendantsängen;SPVG;5;3
2014;rf;14801091;Majorna-Linné, Kommendantsängen;KRVP;0;1
2014;rf;14801091;Majorna-Linné, Kommendantsängen;PP;0;8
2014;rf;14801091;Majorna-Linné, Kommendantsängen;RS;0;1
2014;rf;14801091;Majorna-Linné, Kommendantsängen;HANDSKRIVNA;2;4
2014;rf;14801091;Majorna-Linné, Kommendantsängen;ÖVRIGA_FGVAL;0;18
2014;rf;14801091;Majorna-Linné, Kommendantsängen;BLANK;8;16
2014;rf;14801091;Majorna-Linné, Kommendantsängen;OG;0;0
2014;rf;14801097;Majorna-Linné, Risåsen;M;225;287
2014;rf;14801097;Majorna-Linné, Risåsen;C;79;39
2014;rf;14801097;Majorna-Linné, Risåsen;L;110;104
2014;rf;14801097;Majorna-Linné, Risåsen;KD;60;40
2014;rf;14801097;Majorna-Linné, Risåsen;S;147;116
2014;rf;14801097;Majorna-Linné, Risåsen;V;158;138
2014;rf;14801097;Majorna-Linné, Risåsen;MP;84;158
2014;rf;14801097;Majorna-Linné, Risåsen;SD;45;39
2014;rf;14801097;Majorna-Linné, Risåsen;FI;15;5
2014;rf;14801097;Majorna-Linné, Risåsen;KRVP;1;2
2014;rf;14801097;Majorna-Linné, Risåsen;SPVG;1;3
2014;rf;14801097;Majorna-Linné, Risåsen;PP;0;2
2014;rf;14801097;Majorna-Linné, Risåsen;RS;0;1
2014;rf;14801097;Majorna-Linné, Risåsen;HANDSKRIVNA;0;8
2014;rf;14801097;Majorna-Linné, Risåsen;ÖVRIGA_FGVAL;0;10
2014;rf;14801097;Majorna-Linné, Risåsen;BLANK;9;13
2014;rf;14801097;Majorna-Linné, Risåsen;OG;0;0
2014;rf;14801098;Majorna-Linné, Sveaplan;M;249;357
2014;rf;14801098;Majorna-Linné, Sveaplan;C;45;35
2014;rf;14801098;Majorna-Linné, Sveaplan;L;177;215
2014;rf;14801098;Majorna-Linné, Sveaplan;KD;65;65
2014;rf;14801098;Majorna-Linné, Sveaplan;S;215;180
2014;rf;14801098;Majorna-Linné, Sveaplan;V;153;107
2014;rf;14801098;Majorna-Linné, Sveaplan;MP;77;154
2014;rf;14801098;Majorna-Linné, Sveaplan;SD;63;38
2014;rf;14801098;Majorna-Linné, Sveaplan;FI;14;6
2014;rf;14801098;Majorna-Linné, Sveaplan;SPVG;1;2
2014;rf;14801098;Majorna-Linné, Sveaplan;PP;0;3
2014;rf;14801098;Majorna-Linné, Sveaplan;HANDSKRIVNA;0;7
2014;rf;14801098;Majorna-Linné, Sveaplan;ÖVRIGA_FGVAL;0;13
2014;rf;14801098;Majorna-Linné, Sveaplan;BLANK;10;9
2014;rf;14801098;Majorna-Linné, Sveaplan;OG;1;1
2014;rf;14801103;Centrum, Getebergsäng;M;312;391
2014;rf;14801103;Centrum, Getebergsäng;C;77;40
2014;rf;14801103;Centrum, Getebergsäng;L;119;142
2014;rf;14801103;Centrum, Getebergsäng;KD;64;65
2014;rf;14801103;Centrum, Getebergsäng;S;180;177
2014;rf;14801103;Centrum, Getebergsäng;V;116;99
2014;rf;14801103;Centrum, Getebergsäng;MP;98;154
2014;rf;14801103;Centrum, Getebergsäng;SD;90;63
2014;rf;14801103;Centrum, Getebergsäng;FI;16;7
2014;rf;14801103;Centrum, Getebergsäng;SPVG;2;4
2014;rf;14801103;Centrum, Getebergsäng;RS;1;2
2014;rf;14801103;Centrum, Getebergsäng;PP;0;7
2014;rf;14801103;Centrum, Getebergsäng;HANDSKRIVNA;1;1
2014;rf;14801103;Centrum, Getebergsäng;ÖVRIGA_FGVAL;0;20
2014;rf;14801103;Centrum, Getebergsäng;BLANK;10;11
2014;rf;14801103;Centrum, Getebergsäng;OG;2;1
2014;rf;14801104;Centrum, Kristinehöjd, Västra;M;257;311
2014;rf;14801104;Centrum, Kristinehöjd, Västra;C;85;32
2014;rf;14801104;Centrum, Kristinehöjd, Västra;L;109;105
2014;rf;14801104;Centrum, Kristinehöjd, Västra;KD;63;44
2014;rf;14801104;Centrum, Kristinehöjd, Västra;S;183;166
2014;rf;14801104;Centrum, Kristinehöjd, Västra;V;140;130
2014;rf;14801104;Centrum, Kristinehöjd, Västra;MP;72;163
2014;rf;14801104;Centrum, Kristinehöjd, Västra;SD;63;71
2014;rf;14801104;Centrum, Kristinehöjd, Västra;FI;28;8
2014;rf;14801104;Centrum, Kristinehöjd, Västra;SPVG;1;1
2014;rf;14801104;Centrum, Kristinehöjd, Västra;KRVP;0;1
2014;rf;14801104;Centrum, Kristinehöjd, Västra;PP;0;5
2014;rf;14801104;Centrum, Kristinehöjd, Västra;HANDSKRIVNA;2;7
2014;rf;14801104;Centrum, Kristinehöjd, Västra;ÖVRIGA_FGVAL;0;15
2014;rf;14801104;Centrum, Kristinehöjd, Västra;BLANK;14;15
2014;rf;14801104;Centrum, Kristinehöjd, Västra;OG;0;1
2014;rf;14801109;Centrum, Olofshöjd;M;118;127
2014;rf;14801109;Centrum, Olofshöjd;C;52;31
2014;rf;14801109;Centrum, Olofshöjd;L;81;57
2014;rf;14801109;Centrum, Olofshöjd;KD;25;17
2014;rf;14801109;Centrum, Olofshöjd;S;132;90
2014;rf;14801109;Centrum, Olofshöjd;V;104;92
2014;rf;14801109;Centrum, Olofshöjd;MP;94;160
2014;rf;14801109;Centrum, Olofshöjd;SD;27;18
2014;rf;14801109;Centrum, Olofshöjd;FI;20;17
2014;rf;14801109;Centrum, Olofshöjd;SPVG;3;1
2014;rf;14801109;Centrum, Olofshöjd;PP;0;16
2014;rf;14801109;Centrum, Olofshöjd;HANDSKRIVNA;5;9
2014;rf;14801109;Centrum, Olofshöjd;ÖVRIGA_FGVAL;0;3
2014;rf;14801109;Centrum, Olofshöjd;BLANK;14;15
2014;rf;14801109;Centrum, Olofshöjd;OG;0;0
2014;rf;14801121;Centrum, Landala;M;248;365
2014;rf;14801121;Centrum, Landala;C;102;46
2014;rf;14801121;Centrum, Landala;L;133;136
2014;rf;14801121;Centrum, Landala;KD;79;62
2014;rf;14801121;Centrum, Landala;S;164;140
2014;rf;14801121;Centrum, Landala;V;149;104
2014;rf;14801121;Centrum, Landala;MP;76;165
2014;rf;14801121;Centrum, Landala;SD;69;53
2014;rf;14801121;Centrum, Landala;FI;18;9
2014;rf;14801121;Centrum, Landala;SPVG;2;4
2014;rf;14801121;Centrum, Landala;PP;0;5
2014;rf;14801121;Centrum, Landala;HANDSKRIVNA;1;8
2014;rf;14801121;Centrum, Landala;ÖVRIGA_FGVAL;0;21
2014;rf;14801121;Centrum, Landala;BLANK;10;8
2014;rf;14801121;Centrum, Landala;OG;1;0
2014;rf;14801122;Centrum, Landalabergen m fl;M;166;232
2014;rf;14801122;Centrum, Landalabergen m fl;C;52;41
2014;rf;14801122;Centrum, Landalabergen m fl;L;74;102
2014;rf;14801122;Centrum, Landalabergen m fl;KD;48;48
2014;rf;14801122;Centrum, Landalabergen m fl;S;235;243
2014;rf;14801122;Centrum, Landalabergen m fl;V;256;212
2014;rf;14801122;Centrum, Landalabergen m fl;MP;98;163
2014;rf;14801122;Centrum, Landalabergen m fl;SD;100;73
2014;rf;14801122;Centrum, Landalabergen m fl;FI;25;12
2014;rf;14801122;Centrum, Landalabergen m fl;KRVP;2;1
2014;rf;14801122;Centrum, Landalabergen m fl;SPVG;1;7
2014;rf;14801122;Centrum, Landalabergen m fl;PP;0;7
2014;rf;14801122;Centrum, Landalabergen m fl;RS;0;1
2014;rf;14801122;Centrum, Landalabergen m fl;HANDSKRIVNA;2;8
2014;rf;14801122;Centrum, Landalabergen m fl;ÖVRIGA_FGVAL;0;36
2014;rf;14801122;Centrum, Landalabergen m fl;BLANK;21;14
2014;rf;14801122;Centrum, Landalabergen m fl;OG;0;0
2014;rf;14801123;Centrum, Landalagången m fl;M;123;132
2014;rf;14801123;Centrum, Landalagången m fl;C;61;33
2014;rf;14801123;Centrum, Landalagången m fl;L;71;69
2014;rf;14801123;Centrum, Landalagången m fl;KD;47;33
2014;rf;14801123;Centrum, Landalagången m fl;S;237;213
2014;rf;14801123;Centrum, Landalagången m fl;V;232;158
2014;rf;14801123;Centrum, Landalagången m fl;MP;72;126
2014;rf;14801123;Centrum, Landalagången m fl;SD;82;66
2014;rf;14801123;Centrum, Landalagången m fl;FI;23;15
2014;rf;14801123;Centrum, Landalagången m fl;SPVG;3;10
2014;rf;14801123;Centrum, Landalagången m fl;KRVP;2;2
2014;rf;14801123;Centrum, Landalagången m fl;PP;0;7
2014;rf;14801123;Centrum, Landalagången m fl;HANDSKRIVNA;4;6
2014;rf;14801123;Centrum, Landalagången m fl;ÖVRIGA_FGVAL;0;12
2014;rf;14801123;Centrum, Landalagången m fl;BLANK;10;9
2014;rf;14801123;Centrum, Landalagången m fl;OG;0;1
2014;rf;14801134;Centrum, Guldheden, Centrala;M;87;134
2014;rf;14801134;Centrum, Guldheden, Centrala;C;45;31
2014;rf;14801134;Centrum, Guldheden, Centrala;L;64;65
2014;rf;14801134;Centrum, Guldheden, Centrala;KD;59;37
2014;rf;14801134;Centrum, Guldheden, Centrala;S;228;204
2014;rf;14801134;Centrum, Guldheden, Centrala;V;243;186
2014;rf;14801134;Centrum, Guldheden, Centrala;MP;103;181
2014;rf;14801134;Centrum, Guldheden, Centrala;SD;80;68
2014;rf;14801134;Centrum, Guldheden, Centrala;FI;15;11
2014;rf;14801134;Centrum, Guldheden, Centrala;SPVG;5;8
2014;rf;14801134;Centrum, Guldheden, Centrala;RS;1;1
2014;rf;14801134;Centrum, Guldheden, Centrala;PP;0;9
2014;rf;14801134;Centrum, Guldheden, Centrala;HANDSKRIVNA;1;12
2014;rf;14801134;Centrum, Guldheden, Centrala;ÖVRIGA_FGVAL;0;13
2014;rf;14801134;Centrum, Guldheden, Centrala;BLANK;17;13
2014;rf;14801134;Centrum, Guldheden, Centrala;OG;1;1
2014;rf;14801136;Centrum, Guldheden, Södra;M;128;150
2014;rf;14801136;Centrum, Guldheden, Södra;C;68;45
2014;rf;14801136;Centrum, Guldheden, Södra;L;89;101
2014;rf;14801136;Centrum, Guldheden, Södra;KD;66;59
2014;rf;14801136;Centrum, Guldheden, Södra;S;232;227
2014;rf;14801136;Centrum, Guldheden, Södra;V;224;180
2014;rf;14801136;Centrum, Guldheden, Södra;MP;129;217
2014;rf;14801136;Centrum, Guldheden, Södra;SD;85;63
2014;rf;14801136;Centrum, Guldheden, Södra;FI;21;9
2014;rf;14801136;Centrum, Guldheden, Södra;RS;2;2
2014;rf;14801136;Centrum, Guldheden, Södra;SPVG;1;2
2014;rf;14801136;Centrum, Guldheden, Södra;KRVP;0;5
2014;rf;14801136;Centrum, Guldheden, Södra;PP;0;6
2014;rf;14801136;Centrum, Guldheden, Södra;HANDSKRIVNA;2;9
2014;rf;14801136;Centrum, Guldheden, Södra;ÖVRIGA_FGVAL;0;15
2014;rf;14801136;Centrum, Guldheden, Södra;BLANK;13;12
2014;rf;14801136;Centrum, Guldheden, Södra;OG;0;0
2014;rf;14801152;Centrum, Valand;M;269;392
2014;rf;14801152;Centrum, Valand;C;54;38
2014;rf;14801152;Centrum, Valand;L;82;104
2014;rf;14801152;Centrum, Valand;KD;58;59
2014;rf;14801152;Centrum, Valand;S;94;93
2014;rf;14801152;Centrum, Valand;V;74;71
2014;rf;14801152;Centrum, Valand;MP;48;86
2014;rf;14801152;Centrum, Valand;SD;100;54
2014;rf;14801152;Centrum, Valand;FI;14;4
2014;rf;14801152;Centrum, Valand;RS;1;1
2014;rf;14801152;Centrum, Valand;PP;0;3
2014;rf;14801152;Centrum, Valand;SPVG;0;5
2014;rf;14801152;Centrum, Valand;HANDSKRIVNA;0;8
2014;rf;14801152;Centrum, Valand;ÖVRIGA_FGVAL;0;32
2014;rf;14801152;Centrum, Valand;BLANK;3;10
2014;rf;14801152;Centrum, Valand;OG;1;0
2014;rf;14801172;Centrum, Gårda, Norra;M;246;324
2014;rf;14801172;Centrum, Gårda, Norra;C;67;43
2014;rf;14801172;Centrum, Gårda, Norra;L;91;98
2014;rf;14801172;Centrum, Gårda, Norra;KD;44;51
2014;rf;14801172;Centrum, Gårda, Norra;S;184;176
2014;rf;14801172;Centrum, Gårda, Norra;V;115;94
2014;rf;14801172;Centrum, Gårda, Norra;MP;51;117
2014;rf;14801172;Centrum, Gårda, Norra;SD;53;46
2014;rf;14801172;Centrum, Gårda, Norra;FI;9;6
2014;rf;14801172;Centrum, Gårda, Norra;KRVP;0;1
2014;rf;14801172;Centrum, Gårda, Norra;PP;0;4
2014;rf;14801172;Centrum, Gårda, Norra;SPVG;0;2
2014;rf;14801172;Centrum, Gårda, Norra;HANDSKRIVNA;3;4
2014;rf;14801172;Centrum, Gårda, Norra;ÖVRIGA_FGVAL;0;8
2014;rf;14801172;Centrum, Gårda, Norra;BLANK;7;7
2014;rf;14801172;Centrum, Gårda, Norra;OG;0;1
2014;rf;14802011;Örgryte-Härlanda, Gubbero;M;205;229
2014;rf;14802011;Örgryte-Härlanda, Gubbero;C;55;36
2014;rf;14802011;Örgryte-Härlanda, Gubbero;L;68;78
2014;rf;14802011;Örgryte-Härlanda, Gubbero;KD;52;30
2014;rf;14802011;Örgryte-Härlanda, Gubbero;S;195;186
2014;rf;14802011;Örgryte-Härlanda, Gubbero;V;197;175
2014;rf;14802011;Örgryte-Härlanda, Gubbero;MP;61;150
2014;rf;14802011;Örgryte-Härlanda, Gubbero;SD;88;46
2014;rf;14802011;Örgryte-Härlanda, Gubbero;FI;19;12
2014;rf;14802011;Örgryte-Härlanda, Gubbero;SPVG;3;5
2014;rf;14802011;Örgryte-Härlanda, Gubbero;PP;0;6
2014;rf;14802011;Örgryte-Härlanda, Gubbero;HANDSKRIVNA;1;7
2014;rf;14802011;Örgryte-Härlanda, Gubbero;ÖVRIGA_FGVAL;0;12
2014;rf;14802011;Örgryte-Härlanda, Gubbero;BLANK;11;11
2014;rf;14802011;Örgryte-Härlanda, Gubbero;OG;1;1
2014;rf;14802012;Örgryte-Härlanda, Olskroken;M;174;209
2014;rf;14802012;Örgryte-Härlanda, Olskroken;C;40;18
2014;rf;14802012;Örgryte-Härlanda, Olskroken;L;52;57
2014;rf;14802012;Örgryte-Härlanda, Olskroken;KD;57;29
2014;rf;14802012;Örgryte-Härlanda, Olskroken;S;295;342
2014;rf;14802012;Örgryte-Härlanda, Olskroken;V;166;139
2014;rf;14802012;Örgryte-Härlanda, Olskroken;MP;55;114
2014;rf;14802012;Örgryte-Härlanda, Olskroken;SD;123;83
2014;rf;14802012;Örgryte-Härlanda, Olskroken;FI;16;8
2014;rf;14802012;Örgryte-Härlanda, Olskroken;KRVP;2;2
2014;rf;14802012;Örgryte-Härlanda, Olskroken;SPVG;1;5
2014;rf;14802012;Örgryte-Härlanda, Olskroken;PP;0;5
2014;rf;14802012;Örgryte-Härlanda, Olskroken;HANDSKRIVNA;5;7
2014;rf;14802012;Örgryte-Härlanda, Olskroken;ÖVRIGA_FGVAL;0;17
2014;rf;14802012;Örgryte-Härlanda, Olskroken;BLANK;9;15
2014;rf;14802012;Örgryte-Härlanda, Olskroken;OG;0;0
2014;rf;14802013;Örgryte-Härlanda, Redberget;M;165;189
2014;rf;14802013;Örgryte-Härlanda, Redberget;C;52;37
2014;rf;14802013;Örgryte-Härlanda, Redberget;L;78;57
2014;rf;14802013;Örgryte-Härlanda, Redberget;KD;34;25
2014;rf;14802013;Örgryte-Härlanda, Redberget;S;198;216
2014;rf;14802013;Örgryte-Härlanda, Redberget;V;219;174
2014;rf;14802013;Örgryte-Härlanda, Redberget;MP;95;141
2014;rf;14802013;Örgryte-Härlanda, Redberget;SD;76;63
2014;rf;14802013;Örgryte-Härlanda, Redberget;FI;18;13
2014;rf;14802013;Örgryte-Härlanda, Redberget;SPVG;4;6
2014;rf;14802013;Örgryte-Härlanda, Redberget;PP;0;4
2014;rf;14802013;Örgryte-Härlanda, Redberget;HANDSKRIVNA;2;5
2014;rf;14802013;Örgryte-Härlanda, Redberget;ÖVRIGA_FGVAL;0;19
2014;rf;14802013;Örgryte-Härlanda, Redberget;BLANK;18;16
2014;rf;14802013;Örgryte-Härlanda, Redberget;OG;0;0
2014;rf;14802014;Örgryte-Härlanda, Redbergsplatsen;M;154;226
2014;rf;14802014;Örgryte-Härlanda, Redbergsplatsen;C;63;24
2014;rf;14802014;Örgryte-Härlanda, Redbergsplatsen;L;51;74
2014;rf;14802014;Örgryte-Härlanda, Redbergsplatsen;KD;40;42
2014;rf;14802014;Örgryte-Härlanda, Redbergsplatsen;S;225;231
2014;rf;14802014;Örgryte-Härlanda, Redbergsplatsen;V;148;137
2014;rf;14802014;Örgryte-Härlanda, Redbergsplatsen;MP;69;98
2014;rf;14802014;Örgryte-Härlanda, Redbergsplatsen;SD;115;79
2014;rf;14802014;Örgryte-Härlanda, Redbergsplatsen;FI;24;6
2014;rf;14802014;Örgryte-Härlanda, Redbergsplatsen;SPVG;1;3
2014;rf;14802014;Örgryte-Härlanda, Redbergsplatsen;PP;0;8
2014;rf;14802014;Örgryte-Härlanda, Redbergsplatsen;HANDSKRIVNA;2;5
2014;rf;14802014;Örgryte-Härlanda, Redbergsplatsen;ÖVRIGA_FGVAL;0;12
2014;rf;14802014;Örgryte-Härlanda, Redbergsplatsen;BLANK;9;15
2014;rf;14802014;Örgryte-Härlanda, Redbergsplatsen;OG;0;0
2014;rf;14802032;Örgryte-Härlanda, Strömmensberg, Ö;M;215;227
2014;rf;14802032;Örgryte-Härlanda, Strömmensberg, Ö;C;76;41
2014;rf;14802032;Örgryte-Härlanda, Strömmensberg, Ö;L;119;99
2014;rf;14802032;Örgryte-Härlanda, Strömmensberg, Ö;KD;59;43
2014;rf;14802032;Örgryte-Härlanda, Strömmensberg, Ö;S;236;205
2014;rf;14802032;Örgryte-Härlanda, Strömmensberg, Ö;V;208;156
2014;rf;14802032;Örgryte-Härlanda, Strömmensberg, Ö;MP;94;178
2014;rf;14802032;Örgryte-Härlanda, Strömmensberg, Ö;SD;81;66
2014;rf;14802032;Örgryte-Härlanda, Strömmensberg, Ö;FI;28;20
2014;rf;14802032;Örgryte-Härlanda, Strömmensberg, Ö;SPVG;2;8
2014;rf;14802032;Örgryte-Härlanda, Strömmensberg, Ö;KRVP;1;1
2014;rf;14802032;Örgryte-Härlanda, Strömmensberg, Ö;RS;1;1
2014;rf;14802032;Örgryte-Härlanda, Strömmensberg, Ö;PP;0;5
2014;rf;14802032;Örgryte-Härlanda, Strömmensberg, Ö;HANDSKRIVNA;0;5
2014;rf;14802032;Örgryte-Härlanda, Strömmensberg, Ö;ÖVRIGA_FGVAL;0;17
2014;rf;14802032;Örgryte-Härlanda, Strömmensberg, Ö;BLANK;13;20
2014;rf;14802032;Örgryte-Härlanda, Strömmensberg, Ö;OG;1;0
2014;rf;14802051;Örgryte-Härlanda, Jakobsdal;M;280;461
2014;rf;14802051;Örgryte-Härlanda, Jakobsdal;C;79;57
2014;rf;14802051;Örgryte-Härlanda, Jakobsdal;L;159;143
2014;rf;14802051;Örgryte-Härlanda, Jakobsdal;KD;81;62
2014;rf;14802051;Örgryte-Härlanda, Jakobsdal;S;129;128
2014;rf;14802051;Örgryte-Härlanda, Jakobsdal;V;108;61
2014;rf;14802051;Örgryte-Härlanda, Jakobsdal;MP;64;135
2014;rf;14802051;Örgryte-Härlanda, Jakobsdal;SD;92;59
2014;rf;14802051;Örgryte-Härlanda, Jakobsdal;FI;10;7
2014;rf;14802051;Örgryte-Härlanda, Jakobsdal;PP;0;8
2014;rf;14802051;Örgryte-Härlanda, Jakobsdal;SPVG;0;1
2014;rf;14802051;Örgryte-Härlanda, Jakobsdal;HANDSKRIVNA;4;5
2014;rf;14802051;Örgryte-Härlanda, Jakobsdal;ÖVRIGA_FGVAL;0;30
2014;rf;14802051;Örgryte-Härlanda, Jakobsdal;BLANK;10;13
2014;rf;14802051;Örgryte-Härlanda, Jakobsdal;OG;0;1
2014;rf;14802052;Örgryte-Härlanda, Skår, Norra;M;267;459
2014;rf;14802052;Örgryte-Härlanda, Skår, Norra;C;59;36
2014;rf;14802052;Örgryte-Härlanda, Skår, Norra;L;145;147
2014;rf;14802052;Örgryte-Härlanda, Skår, Norra;KD;78;72
2014;rf;14802052;Örgryte-Härlanda, Skår, Norra;S;46;67
2014;rf;14802052;Örgryte-Härlanda, Skår, Norra;V;57;30
2014;rf;14802052;Örgryte-Härlanda, Skår, Norra;MP;52;60
2014;rf;14802052;Örgryte-Härlanda, Skår, Norra;SD;44;36
2014;rf;14802052;Örgryte-Härlanda, Skår, Norra;FI;9;2
2014;rf;14802052;Örgryte-Härlanda, Skår, Norra;KRVP;0;1
2014;rf;14802052;Örgryte-Härlanda, Skår, Norra;PP;0;3
2014;rf;14802052;Örgryte-Härlanda, Skår, Norra;SPVG;0;2
2014;rf;14802052;Örgryte-Härlanda, Skår, Norra;HANDSKRIVNA;0;5
2014;rf;14802052;Örgryte-Härlanda, Skår, Norra;ÖVRIGA_FGVAL;0;23
2014;rf;14802052;Örgryte-Härlanda, Skår, Norra;BLANK;4;6
2014;rf;14802052;Örgryte-Härlanda, Skår, Norra;OG;1;1
2014;rf;14802053;Örgryte-Härlanda, Skår, Södra;M;308;508
2014;rf;14802053;Örgryte-Härlanda, Skår, Södra;C;66;45
2014;rf;14802053;Örgryte-Härlanda, Skår, Södra;L;167;143
2014;rf;14802053;Örgryte-Härlanda, Skår, Södra;KD;67;62
2014;rf;14802053;Örgryte-Härlanda, Skår, Södra;S;86;66
2014;rf;14802053;Örgryte-Härlanda, Skår, Södra;V;53;36
2014;rf;14802053;Örgryte-Härlanda, Skår, Södra;MP;62;114
2014;rf;14802053;Örgryte-Härlanda, Skår, Södra;SD;48;30
2014;rf;14802053;Örgryte-Härlanda, Skår, Södra;FI;11;8
2014;rf;14802053;Örgryte-Härlanda, Skår, Södra;SPVG;1;6
2014;rf;14802053;Örgryte-Härlanda, Skår, Södra;PP;0;4
2014;rf;14802053;Örgryte-Härlanda, Skår, Södra;HANDSKRIVNA;0;1
2014;rf;14802053;Örgryte-Härlanda, Skår, Södra;ÖVRIGA_FGVAL;0;32
2014;rf;14802053;Örgryte-Härlanda, Skår, Södra;BLANK;5;8
2014;rf;14802053;Örgryte-Härlanda, Skår, Södra;OG;0;1
2014;rf;14802061;Örgryte-Härlanda, Bö;M;206;333
2014;rf;14802061;Örgryte-Härlanda, Bö;C;54;31
2014;rf;14802061;Örgryte-Härlanda, Bö;L;113;130
2014;rf;14802061;Örgryte-Härlanda, Bö;KD;46;65
2014;rf;14802061;Örgryte-Härlanda, Bö;S;117;88
2014;rf;14802061;Örgryte-Härlanda, Bö;V;73;52
2014;rf;14802061;Örgryte-Härlanda, Bö;MP;75;91
2014;rf;14802061;Örgryte-Härlanda, Bö;SD;45;35
2014;rf;14802061;Örgryte-Härlanda, Bö;FI;11;6
2014;rf;14802061;Örgryte-Härlanda, Bö;SPVG;2;2
2014;rf;14802061;Örgryte-Härlanda, Bö;KRVP;1;1
2014;rf;14802061;Örgryte-Härlanda, Bö;PP;0;4
2014;rf;14802061;Örgryte-Härlanda, Bö;RS;0;1
2014;rf;14802061;Örgryte-Härlanda, Bö;HANDSKRIVNA;0;1
2014;rf;14802061;Örgryte-Härlanda, Bö;ÖVRIGA_FGVAL;0;23
2014;rf;14802061;Örgryte-Härlanda, Bö;BLANK;10;10
2014;rf;14802061;Örgryte-Härlanda, Bö;OG;1;1
2014;rf;14802062;Örgryte-Härlanda, Örgryte;M;232;406
2014;rf;14802062;Örgryte-Härlanda, Örgryte;C;51;21
2014;rf;14802062;Örgryte-Härlanda, Örgryte;L;120;123
2014;rf;14802062;Örgryte-Härlanda, Örgryte;KD;52;55
2014;rf;14802062;Örgryte-Härlanda, Örgryte;S;63;61
2014;rf;14802062;Örgryte-Härlanda, Örgryte;V;49;44
2014;rf;14802062;Örgryte-Härlanda, Örgryte;MP;42;61
2014;rf;14802062;Örgryte-Härlanda, Örgryte;SD;51;28
2014;rf;14802062;Örgryte-Härlanda, Örgryte;FI;6;3
2014;rf;14802062;Örgryte-Härlanda, Örgryte;KRVP;1;1
2014;rf;14802062;Örgryte-Härlanda, Örgryte;SPVG;1;4
2014;rf;14802062;Örgryte-Härlanda, Örgryte;PP;0;2
2014;rf;14802062;Örgryte-Härlanda, Örgryte;HANDSKRIVNA;0;4
2014;rf;14802062;Örgryte-Härlanda, Örgryte;ÖVRIGA_FGVAL;0;19
2014;rf;14802062;Örgryte-Härlanda, Örgryte;BLANK;6;6
2014;rf;14802062;Örgryte-Härlanda, Örgryte;OG;0;1
2014;rf;14802091;Örgryte-Härlanda, Härlanda;M;227;294
2014;rf;14802091;Örgryte-Härlanda, Härlanda;C;96;52
2014;rf;14802091;Örgryte-Härlanda, Härlanda;L;104;116
2014;rf;14802091;Örgryte-Härlanda, Härlanda;KD;60;48
2014;rf;14802091;Örgryte-Härlanda, Härlanda;S;199;195
2014;rf;14802091;Örgryte-Härlanda, Härlanda;V;144;127
2014;rf;14802091;Örgryte-Härlanda, Härlanda;MP;109;157
2014;rf;14802091;Örgryte-Härlanda, Härlanda;SD;67;55
2014;rf;14802091;Örgryte-Härlanda, Härlanda;FI;16;9
2014;rf;14802091;Örgryte-Härlanda, Härlanda;RS;1;1
2014;rf;14802091;Örgryte-Härlanda, Härlanda;PP;0;3
2014;rf;14802091;Örgryte-Härlanda, Härlanda;SPVG;0;4
2014;rf;14802091;Örgryte-Härlanda, Härlanda;HANDSKRIVNA;1;5
2014;rf;14802091;Örgryte-Härlanda, Härlanda;ÖVRIGA_FGVAL;0;21
2014;rf;14802091;Örgryte-Härlanda, Härlanda;BLANK;11;15
2014;rf;14802091;Örgryte-Härlanda, Härlanda;OG;1;0
2014;rf;14802102;Örgryte-Härlanda, Kålltorp, Södra;M;177;221
2014;rf;14802102;Örgryte-Härlanda, Kålltorp, Södra;C;80;60
2014;rf;14802102;Örgryte-Härlanda, Kålltorp, Södra;L;109;102
2014;rf;14802102;Örgryte-Härlanda, Kålltorp, Södra;KD;51;38
2014;rf;14802102;Örgryte-Härlanda, Kålltorp, Södra;S;192;179
2014;rf;14802102;Örgryte-Härlanda, Kålltorp, Södra;V;156;130
2014;rf;14802102;Örgryte-Härlanda, Kålltorp, Södra;MP;110;176
2014;rf;14802102;Örgryte-Härlanda, Kålltorp, Södra;SD;78;60
2014;rf;14802102;Örgryte-Härlanda, Kålltorp, Södra;FI;22;10
2014;rf;14802102;Örgryte-Härlanda, Kålltorp, Södra;SPVG;2;6
2014;rf;14802102;Örgryte-Härlanda, Kålltorp, Södra;PP;0;4
2014;rf;14802102;Örgryte-Härlanda, Kålltorp, Södra;RS;0;1
2014;rf;14802102;Örgryte-Härlanda, Kålltorp, Södra;HANDSKRIVNA;2;10
2014;rf;14802102;Örgryte-Härlanda, Kålltorp, Södra;ÖVRIGA_FGVAL;0;17
2014;rf;14802102;Örgryte-Härlanda, Kålltorp, Södra;BLANK;6;19
2014;rf;14802102;Örgryte-Härlanda, Kålltorp, Södra;OG;0;0
2014;rf;14802105;Örgryte-Härlanda, Munkebäck, Norra;M;168;202
2014;rf;14802105;Örgryte-Härlanda, Munkebäck, Norra;C;60;33
2014;rf;14802105;Örgryte-Härlanda, Munkebäck, Norra;L;67;73
2014;rf;14802105;Örgryte-Härlanda, Munkebäck, Norra;KD;36;28
2014;rf;14802105;Örgryte-Härlanda, Munkebäck, Norra;S;192;213
2014;rf;14802105;Örgryte-Härlanda, Munkebäck, Norra;V;139;99
2014;rf;14802105;Örgryte-Härlanda, Munkebäck, Norra;MP;70;141
2014;rf;14802105;Örgryte-Härlanda, Munkebäck, Norra;SD;114;76
2014;rf;14802105;Örgryte-Härlanda, Munkebäck, Norra;FI;13;7
2014;rf;14802105;Örgryte-Härlanda, Munkebäck, Norra;SPVG;3;7
2014;rf;14802105;Örgryte-Härlanda, Munkebäck, Norra;PP;0;5
2014;rf;14802105;Örgryte-Härlanda, Munkebäck, Norra;RS;0;1
2014;rf;14802105;Örgryte-Härlanda, Munkebäck, Norra;HANDSKRIVNA;1;12
2014;rf;14802105;Örgryte-Härlanda, Munkebäck, Norra;ÖVRIGA_FGVAL;0;13
2014;rf;14802105;Örgryte-Härlanda, Munkebäck, Norra;BLANK;15;15
2014;rf;14802105;Örgryte-Härlanda, Munkebäck, Norra;OG;0;0
2014;rf;14802121;Örgryte-Härlanda, Björkekärr, Norra;M;91;132
2014;rf;14802121;Örgryte-Härlanda, Björkekärr, Norra;C;38;16
2014;rf;14802121;Örgryte-Härlanda, Björkekärr, Norra;L;53;60
2014;rf;14802121;Örgryte-Härlanda, Björkekärr, Norra;KD;43;43
2014;rf;14802121;Örgryte-Härlanda, Björkekärr, Norra;S;201;154
2014;rf;14802121;Örgryte-Härlanda, Björkekärr, Norra;V;142;117
2014;rf;14802121;Örgryte-Härlanda, Björkekärr, Norra;MP;84;129
2014;rf;14802121;Örgryte-Härlanda, Björkekärr, Norra;SD;79;62
2014;rf;14802121;Örgryte-Härlanda, Björkekärr, Norra;FI;19;5
2014;rf;14802121;Örgryte-Härlanda, Björkekärr, Norra;SPVG;2;7
2014;rf;14802121;Örgryte-Härlanda, Björkekärr, Norra;PP;0;3
2014;rf;14802121;Örgryte-Härlanda, Björkekärr, Norra;RS;0;3
2014;rf;14802121;Örgryte-Härlanda, Björkekärr, Norra;HANDSKRIVNA;0;4
2014;rf;14802121;Örgryte-Härlanda, Björkekärr, Norra;ÖVRIGA_FGVAL;0;8
2014;rf;14802121;Örgryte-Härlanda, Björkekärr, Norra;BLANK;6;13
2014;rf;14802121;Örgryte-Härlanda, Björkekärr, Norra;OG;0;0
2014;rf;14802122;Örgryte-Härlanda, Björkekärr, Södra;M;188;288
2014;rf;14802122;Örgryte-Härlanda, Björkekärr, Södra;C;112;57
2014;rf;14802122;Örgryte-Härlanda, Björkekärr, Södra;L;157;186
2014;rf;14802122;Örgryte-Härlanda, Björkekärr, Södra;KD;94;79
2014;rf;14802122;Örgryte-Härlanda, Björkekärr, Södra;S;219;209
2014;rf;14802122;Örgryte-Härlanda, Björkekärr, Södra;V;185;126
2014;rf;14802122;Örgryte-Härlanda, Björkekärr, Södra;MP;165;223
2014;rf;14802122;Örgryte-Härlanda, Björkekärr, Södra;SD;59;31
2014;rf;14802122;Örgryte-Härlanda, Björkekärr, Södra;FI;15;3
2014;rf;14802122;Örgryte-Härlanda, Björkekärr, Södra;SPVG;1;1
2014;rf;14802122;Örgryte-Härlanda, Björkekärr, Södra;PP;0;3
2014;rf;14802122;Örgryte-Härlanda, Björkekärr, Södra;HANDSKRIVNA;1;5
2014;rf;14802122;Örgryte-Härlanda, Björkekärr, Södra;ÖVRIGA_FGVAL;0;11
2014;rf;14802122;Örgryte-Härlanda, Björkekärr, Södra;BLANK;13;14
2014;rf;14802122;Örgryte-Härlanda, Björkekärr, Södra;OG;0;0
2014;rf;14802123;Örgryte-Härlanda, Björkekärr, Västra;M;125;144
2014;rf;14802123;Örgryte-Härlanda, Björkekärr, Västra;C;79;44
2014;rf;14802123;Örgryte-Härlanda, Björkekärr, Västra;L;114;101
2014;rf;14802123;Örgryte-Härlanda, Björkekärr, Västra;KD;45;53
2014;rf;14802123;Örgryte-Härlanda, Björkekärr, Västra;S;175;181
2014;rf;14802123;Örgryte-Härlanda, Björkekärr, Västra;V;228;188
2014;rf;14802123;Örgryte-Härlanda, Björkekärr, Västra;MP;118;213
2014;rf;14802123;Örgryte-Härlanda, Björkekärr, Västra;SD;50;33
2014;rf;14802123;Örgryte-Härlanda, Björkekärr, Västra;FI;31;15
2014;rf;14802123;Örgryte-Härlanda, Björkekärr, Västra;RS;2;2
2014;rf;14802123;Örgryte-Härlanda, Björkekärr, Västra;SPVG;1;2
2014;rf;14802123;Örgryte-Härlanda, Björkekärr, Västra;KRVP;0;1
2014;rf;14802123;Örgryte-Härlanda, Björkekärr, Västra;PP;0;11
2014;rf;14802123;Örgryte-Härlanda, Björkekärr, Västra;HANDSKRIVNA;1;8
2014;rf;14802123;Örgryte-Härlanda, Björkekärr, Västra;ÖVRIGA_FGVAL;0;5
2014;rf;14802123;Örgryte-Härlanda, Björkekärr, Västra;BLANK;9;13
2014;rf;14802123;Örgryte-Härlanda, Björkekärr, Västra;OG;1;0
2014;rf;14803021;Östra Göteborg, Fjällbo;M;195;251
2014;rf;14803021;Östra Göteborg, Fjällbo;C;76;27
2014;rf;14803021;Östra Göteborg, Fjällbo;L;87;94
2014;rf;14803021;Östra Göteborg, Fjällbo;KD;66;56
2014;rf;14803021;Östra Göteborg, Fjällbo;S;311;328
2014;rf;14803021;Östra Göteborg, Fjällbo;V;190;148
2014;rf;14803021;Östra Göteborg, Fjällbo;MP;96;172
2014;rf;14803021;Östra Göteborg, Fjällbo;SD;125;71
2014;rf;14803021;Östra Göteborg, Fjällbo;FI;18;5
2014;rf;14803021;Östra Göteborg, Fjällbo;SPVG;2;11
2014;rf;14803021;Östra Göteborg, Fjällbo;RS;1;4
2014;rf;14803021;Östra Göteborg, Fjällbo;KRVP;0;1
2014;rf;14803021;Östra Göteborg, Fjällbo;PP;0;11
2014;rf;14803021;Östra Göteborg, Fjällbo;HANDSKRIVNA;2;9
2014;rf;14803021;Östra Göteborg, Fjällbo;ÖVRIGA_FGVAL;0;16
2014;rf;14803021;Östra Göteborg, Fjällbo;BLANK;14;19
2014;rf;14803021;Östra Göteborg, Fjällbo;OG;1;0
2014;rf;14803022;Östra Göteborg, Utby;M;228;271
2014;rf;14803022;Östra Göteborg, Utby;C;78;49
2014;rf;14803022;Östra Göteborg, Utby;L;105;115
2014;rf;14803022;Östra Göteborg, Utby;KD;108;106
2014;rf;14803022;Östra Göteborg, Utby;S;316;287
2014;rf;14803022;Östra Göteborg, Utby;V;148;112
2014;rf;14803022;Östra Göteborg, Utby;MP;134;219
2014;rf;14803022;Östra Göteborg, Utby;SD;111;84
2014;rf;14803022;Östra Göteborg, Utby;FI;12;1
2014;rf;14803022;Östra Göteborg, Utby;SPVG;1;7
2014;rf;14803022;Östra Göteborg, Utby;PP;0;3
2014;rf;14803022;Östra Göteborg, Utby;HANDSKRIVNA;0;9
2014;rf;14803022;Östra Göteborg, Utby;ÖVRIGA_FGVAL;0;24
2014;rf;14803022;Östra Göteborg, Utby;BLANK;10;21
2014;rf;14803022;Östra Göteborg, Utby;OG;0;0
2014;rf;14803023;Östra Göteborg, Utbynäs;M;166;223
2014;rf;14803023;Östra Göteborg, Utbynäs;C;60;48
2014;rf;14803023;Östra Göteborg, Utbynäs;L;77;89
2014;rf;14803023;Östra Göteborg, Utbynäs;KD;63;69
2014;rf;14803023;Östra Göteborg, Utbynäs;S;232;225
2014;rf;14803023;Östra Göteborg, Utbynäs;V;101;70
2014;rf;14803023;Östra Göteborg, Utbynäs;MP;77;89
2014;rf;14803023;Östra Göteborg, Utbynäs;SD;96;71
2014;rf;14803023;Östra Göteborg, Utbynäs;FI;12;5
2014;rf;14803023;Östra Göteborg, Utbynäs;SPVG;3;13
2014;rf;14803023;Östra Göteborg, Utbynäs;PP;0;1
2014;rf;14803023;Östra Göteborg, Utbynäs;RS;0;1
2014;rf;14803023;Östra Göteborg, Utbynäs;HANDSKRIVNA;0;3
2014;rf;14803023;Östra Göteborg, Utbynäs;ÖVRIGA_FGVAL;0;13
2014;rf;14803023;Östra Göteborg, Utbynäs;BLANK;21;19
2014;rf;14803023;Östra Göteborg, Utbynäs;OG;0;0
2014;rf;14803032;Östra Göteborg, Gregorianska g. m fl;M;46;44
2014;rf;14803032;Östra Göteborg, Gregorianska g. m fl;C;22;4
2014;rf;14803032;Östra Göteborg, Gregorianska g. m fl;L;20;17
2014;rf;14803032;Östra Göteborg, Gregorianska g. m fl;KD;16;14
2014;rf;14803032;Östra Göteborg, Gregorianska g. m fl;S;330;369
2014;rf;14803032;Östra Göteborg, Gregorianska g. m fl;V;225;187
2014;rf;14803032;Östra Göteborg, Gregorianska g. m fl;MP;80;101
2014;rf;14803032;Östra Göteborg, Gregorianska g. m fl;SD;97;87
2014;rf;14803032;Östra Göteborg, Gregorianska g. m fl;FI;23;13
2014;rf;14803032;Östra Göteborg, Gregorianska g. m fl;RS;4;4
2014;rf;14803032;Östra Göteborg, Gregorianska g. m fl;KRVP;1;1
2014;rf;14803032;Östra Göteborg, Gregorianska g. m fl;PP;0;9
2014;rf;14803032;Östra Göteborg, Gregorianska g. m fl;SPVG;0;8
2014;rf;14803032;Östra Göteborg, Gregorianska g. m fl;HANDSKRIVNA;3;8
2014;rf;14803032;Östra Göteborg, Gregorianska g. m fl;ÖVRIGA_FGVAL;0;11
2014;rf;14803032;Östra Göteborg, Gregorianska g. m fl;BLANK;9;8
2014;rf;14803032;Östra Göteborg, Gregorianska g. m fl;OG;1;1
2014;rf;14803034;Östra Göteborg, Kortedala, Södra;M;106;135
2014;rf;14803034;Östra Göteborg, Kortedala, Södra;C;43;12
2014;rf;14803034;Östra Göteborg, Kortedala, Södra;L;48;37
2014;rf;14803034;Östra Göteborg, Kortedala, Södra;KD;70;46
2014;rf;14803034;Östra Göteborg, Kortedala, Södra;S;273;316
2014;rf;14803034;Östra Göteborg, Kortedala, Södra;V;200;162
2014;rf;14803034;Östra Göteborg, Kortedala, Södra;MP;61;122
2014;rf;14803034;Östra Göteborg, Kortedala, Södra;SD;97;86
2014;rf;14803034;Östra Göteborg, Kortedala, Södra;FI;18;13
2014;rf;14803034;Östra Göteborg, Kortedala, Södra;SPVG;2;7
2014;rf;14803034;Östra Göteborg, Kortedala, Södra;RS;1;1
2014;rf;14803034;Östra Göteborg, Kortedala, Södra;KRVP;0;2
2014;rf;14803034;Östra Göteborg, Kortedala, Södra;PP;0;6
2014;rf;14803034;Östra Göteborg, Kortedala, Södra;HANDSKRIVNA;3;7
2014;rf;14803034;Östra Göteborg, Kortedala, Södra;ÖVRIGA_FGVAL;0;11
2014;rf;14803034;Östra Göteborg, Kortedala, Södra;BLANK;10;9
2014;rf;14803034;Östra Göteborg, Kortedala, Södra;OG;0;0
2014;rf;14803051;Östra Göteborg, Bergsjön, Norra;M;62;58
2014;rf;14803051;Östra Göteborg, Bergsjön, Norra;C;23;11
2014;rf;14803051;Östra Göteborg, Bergsjön, Norra;L;19;23
2014;rf;14803051;Östra Göteborg, Bergsjön, Norra;KD;20;25
2014;rf;14803051;Östra Göteborg, Bergsjön, Norra;S;207;242
2014;rf;14803051;Östra Göteborg, Bergsjön, Norra;V;186;174
2014;rf;14803051;Östra Göteborg, Bergsjön, Norra;MP;52;84
2014;rf;14803051;Östra Göteborg, Bergsjön, Norra;SD;75;47
2014;rf;14803051;Östra Göteborg, Bergsjön, Norra;FI;49;15
2014;rf;14803051;Östra Göteborg, Bergsjön, Norra;RS;4;9
2014;rf;14803051;Östra Göteborg, Bergsjön, Norra;KRVP;0;4
2014;rf;14803051;Östra Göteborg, Bergsjön, Norra;PP;0;9
2014;rf;14803051;Östra Göteborg, Bergsjön, Norra;SPVG;0;1
2014;rf;14803051;Östra Göteborg, Bergsjön, Norra;HANDSKRIVNA;4;13
2014;rf;14803051;Östra Göteborg, Bergsjön, Norra;ÖVRIGA_FGVAL;0;4
2014;rf;14803051;Östra Göteborg, Bergsjön, Norra;BLANK;9;9
2014;rf;14803051;Östra Göteborg, Bergsjön, Norra;OG;0;0
2014;rf;14803052;Östra Göteborg, Gärdsmosse;M;45;33
2014;rf;14803052;Östra Göteborg, Gärdsmosse;C;19;7
2014;rf;14803052;Östra Göteborg, Gärdsmosse;L;18;19
2014;rf;14803052;Östra Göteborg, Gärdsmosse;KD;19;16
2014;rf;14803052;Östra Göteborg, Gärdsmosse;S;355;303
2014;rf;14803052;Östra Göteborg, Gärdsmosse;V;148;110
2014;rf;14803052;Östra Göteborg, Gärdsmosse;MP;49;63
2014;rf;14803052;Östra Göteborg, Gärdsmosse;SD;68;61
2014;rf;14803052;Östra Göteborg, Gärdsmosse;FI;21;11
2014;rf;14803052;Östra Göteborg, Gärdsmosse;KRVP;1;2
2014;rf;14803052;Östra Göteborg, Gärdsmosse;RS;1;13
2014;rf;14803052;Östra Göteborg, Gärdsmosse;SPVG;1;4
2014;rf;14803052;Östra Göteborg, Gärdsmosse;PP;0;6
2014;rf;14803052;Östra Göteborg, Gärdsmosse;HANDSKRIVNA;2;2
2014;rf;14803052;Östra Göteborg, Gärdsmosse;ÖVRIGA_FGVAL;0;3
2014;rf;14803052;Östra Göteborg, Gärdsmosse;BLANK;7;7
2014;rf;14803052;Östra Göteborg, Gärdsmosse;OG;2;0
2014;rf;14803053;Östra Göteborg, Gärdsås;M;99;107
2014;rf;14803053;Östra Göteborg, Gärdsås;C;9;6
2014;rf;14803053;Östra Göteborg, Gärdsås;L;25;32
2014;rf;14803053;Östra Göteborg, Gärdsås;KD;62;56
2014;rf;14803053;Östra Göteborg, Gärdsås;S;239;262
2014;rf;14803053;Östra Göteborg, Gärdsås;V;89;78
2014;rf;14803053;Östra Göteborg, Gärdsås;MP;25;52
2014;rf;14803053;Östra Göteborg, Gärdsås;SD;100;75
2014;rf;14803053;Östra Göteborg, Gärdsås;FI;10;3
2014;rf;14803053;Östra Göteborg, Gärdsås;RS;2;7
2014;rf;14803053;Östra Göteborg, Gärdsås;SPVG;2;8
2014;rf;14803053;Östra Göteborg, Gärdsås;KRVP;0;1
2014;rf;14803053;Östra Göteborg, Gärdsås;PP;0;6
2014;rf;14803053;Östra Göteborg, Gärdsås;HANDSKRIVNA;2;3
2014;rf;14803053;Östra Göteborg, Gärdsås;ÖVRIGA_FGVAL;0;13
2014;rf;14803053;Östra Göteborg, Gärdsås;BLANK;7;10
2014;rf;14803053;Östra Göteborg, Gärdsås;OG;1;0
2014;rf;14803054;Östra Göteborg, Siriusgatan;M;57;52
2014;rf;14803054;Östra Göteborg, Siriusgatan;C;13;15
2014;rf;14803054;Östra Göteborg, Siriusgatan;L;8;23
2014;rf;14803054;Östra Göteborg, Siriusgatan;KD;15;21
2014;rf;14803054;Östra Göteborg, Siriusgatan;S;573;520
2014;rf;14803054;Östra Göteborg, Siriusgatan;V;155;146
2014;rf;14803054;Östra Göteborg, Siriusgatan;MP;173;126
2014;rf;14803054;Östra Göteborg, Siriusgatan;SD;89;67
2014;rf;14803054;Östra Göteborg, Siriusgatan;FI;8;5
2014;rf;14803054;Östra Göteborg, Siriusgatan;RS;7;9
2014;rf;14803054;Östra Göteborg, Siriusgatan;SPVG;3;3
2014;rf;14803054;Östra Göteborg, Siriusgatan;KRVP;1;2
2014;rf;14803054;Östra Göteborg, Siriusgatan;PP;0;2
2014;rf;14803054;Östra Göteborg, Siriusgatan;HANDSKRIVNA;1;6
2014;rf;14803054;Östra Göteborg, Siriusgatan;ÖVRIGA_FGVAL;0;8
2014;rf;14803054;Östra Göteborg, Siriusgatan;BLANK;6;3
2014;rf;14803054;Östra Göteborg, Siriusgatan;OG;4;1
2014;rf;14803061;Östra Göteborg, Bergsjön, Södra;M;59;57
2014;rf;14803061;Östra Göteborg, Bergsjön, Södra;C;9;7
2014;rf;14803061;Östra Göteborg, Bergsjön, Södra;L;15;10
2014;rf;14803061;Östra Göteborg, Bergsjön, Södra;KD;35;24
2014;rf;14803061;Östra Göteborg, Bergsjön, Södra;S;534;487
2014;rf;14803061;Östra Göteborg, Bergsjön, Södra;V;147;79
2014;rf;14803061;Östra Göteborg, Bergsjön, Södra;MP;38;51
2014;rf;14803061;Östra Göteborg, Bergsjön, Södra;SD;54;46
2014;rf;14803061;Östra Göteborg, Bergsjön, Södra;FI;1;1
2014;rf;14803061;Östra Göteborg, Bergsjön, Södra;RS;7;8
2014;rf;14803061;Östra Göteborg, Bergsjön, Södra;SPVG;1;8
2014;rf;14803061;Östra Göteborg, Bergsjön, Södra;KRVP;0;2
2014;rf;14803061;Östra Göteborg, Bergsjön, Södra;PP;0;3
2014;rf;14803061;Östra Göteborg, Bergsjön, Södra;HANDSKRIVNA;0;3
2014;rf;14803061;Östra Göteborg, Bergsjön, Södra;ÖVRIGA_FGVAL;0;8
2014;rf;14803061;Östra Göteborg, Bergsjön, Södra;BLANK;2;4
2014;rf;14803061;Östra Göteborg, Bergsjön, Södra;OG;0;0
2014;rf;14803062;Östra Göteborg, Bergsjön, Östra;M;39;45
2014;rf;14803062;Östra Göteborg, Bergsjön, Östra;C;13;10
2014;rf;14803062;Östra Göteborg, Bergsjön, Östra;L;12;15
2014;rf;14803062;Östra Göteborg, Bergsjön, Östra;KD;13;21
2014;rf;14803062;Östra Göteborg, Bergsjön, Östra;S;524;477
2014;rf;14803062;Östra Göteborg, Bergsjön, Östra;V;118;70
2014;rf;14803062;Östra Göteborg, Bergsjön, Östra;MP;81;62
2014;rf;14803062;Östra Göteborg, Bergsjön, Östra;SD;40;17
2014;rf;14803062;Östra Göteborg, Bergsjön, Östra;FI;8;0
2014;rf;14803062;Östra Göteborg, Bergsjön, Östra;RS;8;15
2014;rf;14803062;Östra Göteborg, Bergsjön, Östra;KRVP;1;1
2014;rf;14803062;Östra Göteborg, Bergsjön, Östra;PP;0;2
2014;rf;14803062;Östra Göteborg, Bergsjön, Östra;SPVG;0;4
2014;rf;14803062;Östra Göteborg, Bergsjön, Östra;HANDSKRIVNA;0;2
2014;rf;14803062;Östra Göteborg, Bergsjön, Östra;ÖVRIGA_FGVAL;0;4
2014;rf;14803062;Östra Göteborg, Bergsjön, Östra;BLANK;3;5
2014;rf;14803062;Östra Göteborg, Bergsjön, Östra;OG;1;0
2014;rf;14804022;Lundby, Flunsås;M;108;139
2014;rf;14804022;Lundby, Flunsås;C;44;38
2014;rf;14804022;Lundby, Flunsås;L;56;57
2014;rf;14804022;Lundby, Flunsås;KD;36;32
2014;rf;14804022;Lundby, Flunsås;S;259;280
2014;rf;14804022;Lundby, Flunsås;V;255;221
2014;rf;14804022;Lundby, Flunsås;MP;70;144
2014;rf;14804022;Lundby, Flunsås;SD;129;97
2014;rf;14804022;Lundby, Flunsås;FI;30;14
2014;rf;14804022;Lundby, Flunsås;SPVG;6;9
2014;rf;14804022;Lundby, Flunsås;PP;0;7
2014;rf;14804022;Lundby, Flunsås;RS;0;3
2014;rf;14804022;Lundby, Flunsås;HANDSKRIVNA;0;10
2014;rf;14804022;Lundby, Flunsås;ÖVRIGA_FGVAL;0;17
2014;rf;14804022;Lundby, Flunsås;BLANK;17;14
2014;rf;14804022;Lundby, Flunsås;OG;3;1
2014;rf;14804023;Lundby, Kvillebäcken, Norra;M;142;178
2014;rf;14804023;Lundby, Kvillebäcken, Norra;C;69;27
2014;rf;14804023;Lundby, Kvillebäcken, Norra;L;58;52
2014;rf;14804023;Lundby, Kvillebäcken, Norra;KD;50;37
2014;rf;14804023;Lundby, Kvillebäcken, Norra;S;282;307
2014;rf;14804023;Lundby, Kvillebäcken, Norra;V;222;172
2014;rf;14804023;Lundby, Kvillebäcken, Norra;MP;75;138
2014;rf;14804023;Lundby, Kvillebäcken, Norra;SD;91;74
2014;rf;14804023;Lundby, Kvillebäcken, Norra;FI;22;12
2014;rf;14804023;Lundby, Kvillebäcken, Norra;SPVG;1;7
2014;rf;14804023;Lundby, Kvillebäcken, Norra;KRVP;0;1
2014;rf;14804023;Lundby, Kvillebäcken, Norra;PP;0;14
2014;rf;14804023;Lundby, Kvillebäcken, Norra;HANDSKRIVNA;1;7
2014;rf;14804023;Lundby, Kvillebäcken, Norra;ÖVRIGA_FGVAL;0;19
2014;rf;14804023;Lundby, Kvillebäcken, Norra;BLANK;20;12
2014;rf;14804023;Lundby, Kvillebäcken, Norra;OG;0;2
2014;rf;14804041;Lundby, Kärrdalen;M;234;347
2014;rf;14804041;Lundby, Kärrdalen;C;68;32
2014;rf;14804041;Lundby, Kärrdalen;L;114;111
2014;rf;14804041;Lundby, Kärrdalen;KD;82;57
2014;rf;14804041;Lundby, Kärrdalen;S;272;255
2014;rf;14804041;Lundby, Kärrdalen;V;143;88
2014;rf;14804041;Lundby, Kärrdalen;MP;79;111
2014;rf;14804041;Lundby, Kärrdalen;SD;136;112
2014;rf;14804041;Lundby, Kärrdalen;FI;10;2
2014;rf;14804041;Lundby, Kärrdalen;SPVG;2;9
2014;rf;14804041;Lundby, Kärrdalen;KRVP;0;1
2014;rf;14804041;Lundby, Kärrdalen;PP;0;8
2014;rf;14804041;Lundby, Kärrdalen;HANDSKRIVNA;2;4
2014;rf;14804041;Lundby, Kärrdalen;ÖVRIGA_FGVAL;0;52
2014;rf;14804041;Lundby, Kärrdalen;BLANK;14;6
2014;rf;14804041;Lundby, Kärrdalen;OG;2;0
2014;rf;14804042;Lundby, Tolered, Norra;M;187;270
2014;rf;14804042;Lundby, Tolered, Norra;C;62;33
2014;rf;14804042;Lundby, Tolered, Norra;L;86;75
2014;rf;14804042;Lundby, Tolered, Norra;KD;59;41
2014;rf;14804042;Lundby, Tolered, Norra;S;226;224
2014;rf;14804042;Lundby, Tolered, Norra;V;129;100
2014;rf;14804042;Lundby, Tolered, Norra;MP;51;101
2014;rf;14804042;Lundby, Tolered, Norra;SD;67;49
2014;rf;14804042;Lundby, Tolered, Norra;FI;9;1
2014;rf;14804042;Lundby, Tolered, Norra;KRVP;0;2
2014;rf;14804042;Lundby, Tolered, Norra;PP;0;5
2014;rf;14804042;Lundby, Tolered, Norra;RS;0;1
2014;rf;14804042;Lundby, Tolered, Norra;SPVG;0;3
2014;rf;14804042;Lundby, Tolered, Norra;HANDSKRIVNA;1;6
2014;rf;14804042;Lundby, Tolered, Norra;ÖVRIGA_FGVAL;0;48
2014;rf;14804042;Lundby, Tolered, Norra;BLANK;3;7
2014;rf;14804042;Lundby, Tolered, Norra;OG;1;0
2014;rf;14804043;Lundby, Tolered, Södra;M;157;190
2014;rf;14804043;Lundby, Tolered, Södra;C;52;36
2014;rf;14804043;Lundby, Tolered, Södra;L;82;90
2014;rf;14804043;Lundby, Tolered, Södra;KD;55;50
2014;rf;14804043;Lundby, Tolered, Södra;S;262;265
2014;rf;14804043;Lundby, Tolered, Södra;V;112;74
2014;rf;14804043;Lundby, Tolered, Södra;MP;79;109
2014;rf;14804043;Lundby, Tolered, Södra;SD;100;72
2014;rf;14804043;Lundby, Tolered, Södra;FI;13;7
2014;rf;14804043;Lundby, Tolered, Södra;SPVG;4;8
2014;rf;14804043;Lundby, Tolered, Södra;PP;0;7
2014;rf;14804043;Lundby, Tolered, Södra;RS;0;3
2014;rf;14804043;Lundby, Tolered, Södra;HANDSKRIVNA;0;4
2014;rf;14804043;Lundby, Tolered, Södra;ÖVRIGA_FGVAL;0;37
2014;rf;14804043;Lundby, Tolered, Södra;BLANK;14;18
2014;rf;14804043;Lundby, Tolered, Södra;OG;0;0
2014;rf;14804051;Norra Hisingen, Glöstorp;M;177;169
2014;rf;14804051;Norra Hisingen, Glöstorp;C;47;34
2014;rf;14804051;Norra Hisingen, Glöstorp;L;58;60
2014;rf;14804051;Norra Hisingen, Glöstorp;KD;57;43
2014;rf;14804051;Norra Hisingen, Glöstorp;S;288;308
2014;rf;14804051;Norra Hisingen, Glöstorp;V;117;89
2014;rf;14804051;Norra Hisingen, Glöstorp;MP;38;70
2014;rf;14804051;Norra Hisingen, Glöstorp;SD;179;142
2014;rf;14804051;Norra Hisingen, Glöstorp;FI;6;1
2014;rf;14804051;Norra Hisingen, Glöstorp;SPVG;3;6
2014;rf;14804051;Norra Hisingen, Glöstorp;PP;0;4
2014;rf;14804051;Norra Hisingen, Glöstorp;RS;0;1
2014;rf;14804051;Norra Hisingen, Glöstorp;HANDSKRIVNA;3;4
2014;rf;14804051;Norra Hisingen, Glöstorp;ÖVRIGA_FGVAL;0;30
2014;rf;14804051;Norra Hisingen, Glöstorp;BLANK;20;15
2014;rf;14804051;Norra Hisingen, Glöstorp;OG;1;0
2014;rf;14804056;Norra Hisingen, Tången;M;215;277
2014;rf;14804056;Norra Hisingen, Tången;C;54;39
2014;rf;14804056;Norra Hisingen, Tången;L;94;119
2014;rf;14804056;Norra Hisingen, Tången;KD;70;66
2014;rf;14804056;Norra Hisingen, Tången;S;265;307
2014;rf;14804056;Norra Hisingen, Tången;V;89;75
2014;rf;14804056;Norra Hisingen, Tången;MP;54;93
2014;rf;14804056;Norra Hisingen, Tången;SD;98;68
2014;rf;14804056;Norra Hisingen, Tången;FI;3;1
2014;rf;14804056;Norra Hisingen, Tången;SPVG;2;12
2014;rf;14804056;Norra Hisingen, Tången;PP;0;3
2014;rf;14804056;Norra Hisingen, Tången;HANDSKRIVNA;0;8
2014;rf;14804056;Norra Hisingen, Tången;ÖVRIGA_FGVAL;0;38
2014;rf;14804056;Norra Hisingen, Tången;BLANK;8;14
2014;rf;14804056;Norra Hisingen, Tången;OG;1;1
2014;rf;14804071;Norra Hisingen, Gerrebacka-Ingebäck;M;312;339
2014;rf;14804071;Norra Hisingen, Gerrebacka-Ingebäck;C;53;34
2014;rf;14804071;Norra Hisingen, Gerrebacka-Ingebäck;L;81;87
2014;rf;14804071;Norra Hisingen, Gerrebacka-Ingebäck;KD;66;44
2014;rf;14804071;Norra Hisingen, Gerrebacka-Ingebäck;S;319;352
2014;rf;14804071;Norra Hisingen, Gerrebacka-Ingebäck;V;81;58
2014;rf;14804071;Norra Hisingen, Gerrebacka-Ingebäck;MP;41;104
2014;rf;14804071;Norra Hisingen, Gerrebacka-Ingebäck;SD;176;132
2014;rf;14804071;Norra Hisingen, Gerrebacka-Ingebäck;FI;12;2
2014;rf;14804071;Norra Hisingen, Gerrebacka-Ingebäck;SPVG;11;14
2014;rf;14804071;Norra Hisingen, Gerrebacka-Ingebäck;PP;0;3
2014;rf;14804071;Norra Hisingen, Gerrebacka-Ingebäck;HANDSKRIVNA;2;4
2014;rf;14804071;Norra Hisingen, Gerrebacka-Ingebäck;ÖVRIGA_FGVAL;0;33
2014;rf;14804071;Norra Hisingen, Gerrebacka-Ingebäck;BLANK;10;17
2014;rf;14804071;Norra Hisingen, Gerrebacka-Ingebäck;OG;0;0
2014;rf;14804072;Norra Hisingen, Kärra, Norra;M;116;131
2014;rf;14804072;Norra Hisingen, Kärra, Norra;C;25;11
2014;rf;14804072;Norra Hisingen, Kärra, Norra;L;47;60
2014;rf;14804072;Norra Hisingen, Kärra, Norra;KD;53;41
2014;rf;14804072;Norra Hisingen, Kärra, Norra;S;316;369
2014;rf;14804072;Norra Hisingen, Kärra, Norra;V;81;82
2014;rf;14804072;Norra Hisingen, Kärra, Norra;MP;31;50
2014;rf;14804072;Norra Hisingen, Kärra, Norra;SD;144;128
2014;rf;14804072;Norra Hisingen, Kärra, Norra;FI;2;1
2014;rf;14804072;Norra Hisingen, Kärra, Norra;SPVG;7;10
2014;rf;14804072;Norra Hisingen, Kärra, Norra;KRVP;1;1
2014;rf;14804072;Norra Hisingen, Kärra, Norra;PP;0;2
2014;rf;14804072;Norra Hisingen, Kärra, Norra;HANDSKRIVNA;1;5
2014;rf;14804072;Norra Hisingen, Kärra, Norra;ÖVRIGA_FGVAL;0;30
2014;rf;14804072;Norra Hisingen, Kärra, Norra;BLANK;12;6
2014;rf;14804072;Norra Hisingen, Kärra, Norra;OG;0;0
2014;rf;14804073;Norra Hisingen, Kärra, Södra;M;198;236
2014;rf;14804073;Norra Hisingen, Kärra, Södra;C;18;20
2014;rf;14804073;Norra Hisingen, Kärra, Södra;L;76;60
2014;rf;14804073;Norra Hisingen, Kärra, Södra;KD;71;47
2014;rf;14804073;Norra Hisingen, Kärra, Södra;S;316;352
2014;rf;14804073;Norra Hisingen, Kärra, Södra;V;83;66
2014;rf;14804073;Norra Hisingen, Kärra, Södra;MP;35;58
2014;rf;14804073;Norra Hisingen, Kärra, Södra;SD;211;161
2014;rf;14804073;Norra Hisingen, Kärra, Södra;FI;1;3
2014;rf;14804073;Norra Hisingen, Kärra, Södra;SPVG;4;3
2014;rf;14804073;Norra Hisingen, Kärra, Södra;PP;0;4
2014;rf;14804073;Norra Hisingen, Kärra, Södra;HANDSKRIVNA;1;9
2014;rf;14804073;Norra Hisingen, Kärra, Södra;ÖVRIGA_FGVAL;0;42
2014;rf;14804073;Norra Hisingen, Kärra, Södra;BLANK;15;15
2014;rf;14804073;Norra Hisingen, Kärra, Södra;OG;3;0
2014;rf;14804074;Norra Hisingen, Kärra, Västra;M;150;144
2014;rf;14804074;Norra Hisingen, Kärra, Västra;C;34;20
2014;rf;14804074;Norra Hisingen, Kärra, Västra;L;43;64
2014;rf;14804074;Norra Hisingen, Kärra, Västra;KD;85;34
2014;rf;14804074;Norra Hisingen, Kärra, Västra;S;290;366
2014;rf;14804074;Norra Hisingen, Kärra, Västra;V;91;76
2014;rf;14804074;Norra Hisingen, Kärra, Västra;MP;23;54
2014;rf;14804074;Norra Hisingen, Kärra, Västra;SD;194;182
2014;rf;14804074;Norra Hisingen, Kärra, Västra;FI;5;2
2014;rf;14804074;Norra Hisingen, Kärra, Västra;SPVG;2;5
2014;rf;14804074;Norra Hisingen, Kärra, Västra;KRVP;1;1
2014;rf;14804074;Norra Hisingen, Kärra, Västra;PP;0;3
2014;rf;14804074;Norra Hisingen, Kärra, Västra;HANDSKRIVNA;0;7
2014;rf;14804074;Norra Hisingen, Kärra, Västra;ÖVRIGA_FGVAL;0;29
2014;rf;14804074;Norra Hisingen, Kärra, Västra;BLANK;14;21
2014;rf;14804074;Norra Hisingen, Kärra, Västra;OG;1;0
2014;rf;14804075;Norra Hisingen, Kärra, Östra;M;140;164
2014;rf;14804075;Norra Hisingen, Kärra, Östra;C;29;15
2014;rf;14804075;Norra Hisingen, Kärra, Östra;L;55;62
2014;rf;14804075;Norra Hisingen, Kärra, Östra;KD;59;46
2014;rf;14804075;Norra Hisingen, Kärra, Östra;S;380;445
2014;rf;14804075;Norra Hisingen, Kärra, Östra;V;101;91
2014;rf;14804075;Norra Hisingen, Kärra, Östra;MP;29;54
2014;rf;14804075;Norra Hisingen, Kärra, Östra;SD;167;138
2014;rf;14804075;Norra Hisingen, Kärra, Östra;FI;6;3
2014;rf;14804075;Norra Hisingen, Kärra, Östra;SPVG;4;3
2014;rf;14804075;Norra Hisingen, Kärra, Östra;KRVP;1;1
2014;rf;14804075;Norra Hisingen, Kärra, Östra;PP;0;3
2014;rf;14804075;Norra Hisingen, Kärra, Östra;HANDSKRIVNA;1;7
2014;rf;14804075;Norra Hisingen, Kärra, Östra;ÖVRIGA_FGVAL;0;24
2014;rf;14804075;Norra Hisingen, Kärra, Östra;BLANK;20;18
2014;rf;14804075;Norra Hisingen, Kärra, Östra;OG;0;0
2014;rf;14804076;Norra Hisingen, Mysterna-Svankälla;M;337;392
2014;rf;14804076;Norra Hisingen, Mysterna-Svankälla;C;56;36
2014;rf;14804076;Norra Hisingen, Mysterna-Svankälla;L;93;102
2014;rf;14804076;Norra Hisingen, Mysterna-Svankälla;KD;100;51
2014;rf;14804076;Norra Hisingen, Mysterna-Svankälla;S;284;278
2014;rf;14804076;Norra Hisingen, Mysterna-Svankälla;V;86;66
2014;rf;14804076;Norra Hisingen, Mysterna-Svankälla;MP;52;76
2014;rf;14804076;Norra Hisingen, Mysterna-Svankälla;SD;160;138
2014;rf;14804076;Norra Hisingen, Mysterna-Svankälla;FI;8;1
2014;rf;14804076;Norra Hisingen, Mysterna-Svankälla;PP;0;3
2014;rf;14804076;Norra Hisingen, Mysterna-Svankälla;SPVG;0;11
2014;rf;14804076;Norra Hisingen, Mysterna-Svankälla;HANDSKRIVNA;0;5
2014;rf;14804076;Norra Hisingen, Mysterna-Svankälla;ÖVRIGA_FGVAL;0;31
2014;rf;14804076;Norra Hisingen, Mysterna-Svankälla;BLANK;16;18
2014;rf;14804076;Norra Hisingen, Mysterna-Svankälla;OG;0;0
2014;rf;14804121;Norra Hisingen, Backa Röd;M;71;61
2014;rf;14804121;Norra Hisingen, Backa Röd;C;20;16
2014;rf;14804121;Norra Hisingen, Backa Röd;L;20;25
2014;rf;14804121;Norra Hisingen, Backa Röd;KD;22;24
2014;rf;14804121;Norra Hisingen, Backa Röd;S;339;365
2014;rf;14804121;Norra Hisingen, Backa Röd;V;147;117
2014;rf;14804121;Norra Hisingen, Backa Röd;MP;34;48
2014;rf;14804121;Norra Hisingen, Backa Röd;SD;98;65
2014;rf;14804121;Norra Hisingen, Backa Röd;FI;7;3
2014;rf;14804121;Norra Hisingen, Backa Röd;KRVP;0;2
2014;rf;14804121;Norra Hisingen, Backa Röd;PP;0;7
2014;rf;14804121;Norra Hisingen, Backa Röd;SPVG;0;7
2014;rf;14804121;Norra Hisingen, Backa Röd;HANDSKRIVNA;4;8
2014;rf;14804121;Norra Hisingen, Backa Röd;ÖVRIGA_FGVAL;0;13
2014;rf;14804121;Norra Hisingen, Backa Röd;BLANK;16;10
2014;rf;14804121;Norra Hisingen, Backa Röd;OG;0;0
2014;rf;14804141;Lundby, Bräcke, Norra;M;136;206
2014;rf;14804141;Lundby, Bräcke, Norra;C;46;27
2014;rf;14804141;Lundby, Bräcke, Norra;L;73;72
2014;rf;14804141;Lundby, Bräcke, Norra;KD;56;26
2014;rf;14804141;Lundby, Bräcke, Norra;S;265;292
2014;rf;14804141;Lundby, Bräcke, Norra;V;180;157
2014;rf;14804141;Lundby, Bräcke, Norra;MP;84;123
2014;rf;14804141;Lundby, Bräcke, Norra;SD;145;139
2014;rf;14804141;Lundby, Bräcke, Norra;FI;15;8
2014;rf;14804141;Lundby, Bräcke, Norra;SPVG;5;9
2014;rf;14804141;Lundby, Bräcke, Norra;KRVP;1;1
2014;rf;14804141;Lundby, Bräcke, Norra;PP;0;6
2014;rf;14804141;Lundby, Bräcke, Norra;RS;0;2
2014;rf;14804141;Lundby, Bräcke, Norra;HANDSKRIVNA;1;6
2014;rf;14804141;Lundby, Bräcke, Norra;ÖVRIGA_FGVAL;0;24
2014;rf;14804141;Lundby, Bräcke, Norra;BLANK;15;16
2014;rf;14804141;Lundby, Bräcke, Norra;OG;1;0
2014;rf;14804142;Lundby, Bräcke, Södra;M;117;163
2014;rf;14804142;Lundby, Bräcke, Södra;C;41;25
2014;rf;14804142;Lundby, Bräcke, Södra;L;69;47
2014;rf;14804142;Lundby, Bräcke, Södra;KD;50;27
2014;rf;14804142;Lundby, Bräcke, Södra;S;231;247
2014;rf;14804142;Lundby, Bräcke, Södra;V;151;131
2014;rf;14804142;Lundby, Bräcke, Södra;MP;60;102
2014;rf;14804142;Lundby, Bräcke, Södra;SD;126;94
2014;rf;14804142;Lundby, Bräcke, Södra;FI;18;7
2014;rf;14804142;Lundby, Bräcke, Södra;KRVP;1;1
2014;rf;14804142;Lundby, Bräcke, Södra;SPVG;1;6
2014;rf;14804142;Lundby, Bräcke, Södra;PP;0;8
2014;rf;14804142;Lundby, Bräcke, Södra;HANDSKRIVNA;5;9
2014;rf;14804142;Lundby, Bräcke, Södra;ÖVRIGA_FGVAL;0;19
2014;rf;14804142;Lundby, Bräcke, Södra;BLANK;14;12
2014;rf;14804142;Lundby, Bräcke, Södra;OG;1;0
2014;rf;14804143;Lundby, Kyrkbyn;M;110;123
2014;rf;14804143;Lundby, Kyrkbyn;C;34;16
2014;rf;14804143;Lundby, Kyrkbyn;L;65;40
2014;rf;14804143;Lundby, Kyrkbyn;KD;32;27
2014;rf;14804143;Lundby, Kyrkbyn;S;355;373
2014;rf;14804143;Lundby, Kyrkbyn;V;215;165
2014;rf;14804143;Lundby, Kyrkbyn;MP;69;109
2014;rf;14804143;Lundby, Kyrkbyn;SD;188;142
2014;rf;14804143;Lundby, Kyrkbyn;FI;14;8
2014;rf;14804143;Lundby, Kyrkbyn;SPVG;4;7
2014;rf;14804143;Lundby, Kyrkbyn;RS;2;1
2014;rf;14804143;Lundby, Kyrkbyn;PP;0;10
2014;rf;14804143;Lundby, Kyrkbyn;HANDSKRIVNA;3;13
2014;rf;14804143;Lundby, Kyrkbyn;ÖVRIGA_FGVAL;0;18
2014;rf;14804143;Lundby, Kyrkbyn;BLANK;20;13
2014;rf;14804143;Lundby, Kyrkbyn;OG;0;0
2014;rf;14804144;Lundby, Lundby, Norra;M;115;147
2014;rf;14804144;Lundby, Lundby, Norra;C;45;12
2014;rf;14804144;Lundby, Lundby, Norra;L;52;49
2014;rf;14804144;Lundby, Lundby, Norra;KD;39;42
2014;rf;14804144;Lundby, Lundby, Norra;S;241;275
2014;rf;14804144;Lundby, Lundby, Norra;V;144;104
2014;rf;14804144;Lundby, Lundby, Norra;MP;55;102
2014;rf;14804144;Lundby, Lundby, Norra;SD;137;86
2014;rf;14804144;Lundby, Lundby, Norra;FI;15;7
2014;rf;14804144;Lundby, Lundby, Norra;SPVG;1;5
2014;rf;14804144;Lundby, Lundby, Norra;KRVP;0;1
2014;rf;14804144;Lundby, Lundby, Norra;PP;0;12
2014;rf;14804144;Lundby, Lundby, Norra;RS;0;1
2014;rf;14804144;Lundby, Lundby, Norra;HANDSKRIVNA;2;2
2014;rf;14804144;Lundby, Lundby, Norra;ÖVRIGA_FGVAL;0;32
2014;rf;14804144;Lundby, Lundby, Norra;BLANK;11;19
2014;rf;14804144;Lundby, Lundby, Norra;OG;1;1
2014;rf;14804145;Lundby, Lundby, Södra;M;102;109
2014;rf;14804145;Lundby, Lundby, Södra;C;51;27
2014;rf;14804145;Lundby, Lundby, Södra;L;52;53
2014;rf;14804145;Lundby, Lundby, Södra;KD;43;24
2014;rf;14804145;Lundby, Lundby, Södra;S;194;211
2014;rf;14804145;Lundby, Lundby, Södra;V;173;119
2014;rf;14804145;Lundby, Lundby, Södra;MP;67;127
2014;rf;14804145;Lundby, Lundby, Södra;SD;93;86
2014;rf;14804145;Lundby, Lundby, Södra;FI;12;1
2014;rf;14804145;Lundby, Lundby, Södra;PP;0;8
2014;rf;14804145;Lundby, Lundby, Södra;SPVG;0;6
2014;rf;14804145;Lundby, Lundby, Södra;HANDSKRIVNA;1;6
2014;rf;14804145;Lundby, Lundby, Södra;ÖVRIGA_FGVAL;0;17
2014;rf;14804145;Lundby, Lundby, Södra;BLANK;18;14
2014;rf;14804145;Lundby, Lundby, Södra;OG;0;0
2014;rf;14804153;Lundby, Porslinsfabriken;M;182;219
2014;rf;14804153;Lundby, Porslinsfabriken;C;51;22
2014;rf;14804153;Lundby, Porslinsfabriken;L;79;70
2014;rf;14804153;Lundby, Porslinsfabriken;KD;33;31
2014;rf;14804153;Lundby, Porslinsfabriken;S;216;246
2014;rf;14804153;Lundby, Porslinsfabriken;V;171;161
2014;rf;14804153;Lundby, Porslinsfabriken;MP;77;126
2014;rf;14804153;Lundby, Porslinsfabriken;SD;93;56
2014;rf;14804153;Lundby, Porslinsfabriken;FI;15;9
2014;rf;14804153;Lundby, Porslinsfabriken;PP;0;4
2014;rf;14804153;Lundby, Porslinsfabriken;RS;0;1
2014;rf;14804153;Lundby, Porslinsfabriken;SPVG;0;2
2014;rf;14804153;Lundby, Porslinsfabriken;HANDSKRIVNA;0;8
2014;rf;14804153;Lundby, Porslinsfabriken;ÖVRIGA_FGVAL;0;18
2014;rf;14804153;Lundby, Porslinsfabriken;BLANK;15;17
2014;rf;14804153;Lundby, Porslinsfabriken;OG;2;0
2014;rf;14804154;Lundby, Rambergsstaden, Norra;M;96;137
2014;rf;14804154;Lundby, Rambergsstaden, Norra;C;49;19
2014;rf;14804154;Lundby, Rambergsstaden, Norra;L;55;57
2014;rf;14804154;Lundby, Rambergsstaden, Norra;KD;56;34
2014;rf;14804154;Lundby, Rambergsstaden, Norra;S;254;315
2014;rf;14804154;Lundby, Rambergsstaden, Norra;V;145;134
2014;rf;14804154;Lundby, Rambergsstaden, Norra;MP;46;98
2014;rf;14804154;Lundby, Rambergsstaden, Norra;SD;126;92
2014;rf;14804154;Lundby, Rambergsstaden, Norra;FI;8;4
2014;rf;14804154;Lundby, Rambergsstaden, Norra;KRVP;2;1
2014;rf;14804154;Lundby, Rambergsstaden, Norra;SPVG;2;2
2014;rf;14804154;Lundby, Rambergsstaden, Norra;RS;1;2
2014;rf;14804154;Lundby, Rambergsstaden, Norra;PP;0;6
2014;rf;14804154;Lundby, Rambergsstaden, Norra;HANDSKRIVNA;2;6
2014;rf;14804154;Lundby, Rambergsstaden, Norra;ÖVRIGA_FGVAL;0;27
2014;rf;14804154;Lundby, Rambergsstaden, Norra;BLANK;20;15
2014;rf;14804154;Lundby, Rambergsstaden, Norra;OG;0;0
2014;rf;14804155;Lundby, Rambergsstaden, Södra;M;76;66
2014;rf;14804155;Lundby, Rambergsstaden, Södra;C;28;19
2014;rf;14804155;Lundby, Rambergsstaden, Södra;L;40;27
2014;rf;14804155;Lundby, Rambergsstaden, Södra;KD;26;17
2014;rf;14804155;Lundby, Rambergsstaden, Södra;S;223;219
2014;rf;14804155;Lundby, Rambergsstaden, Södra;V;231;226
2014;rf;14804155;Lundby, Rambergsstaden, Södra;MP;53;126
2014;rf;14804155;Lundby, Rambergsstaden, Södra;SD;79;70
2014;rf;14804155;Lundby, Rambergsstaden, Södra;FI;22;7
2014;rf;14804155;Lundby, Rambergsstaden, Södra;RS;2;6
2014;rf;14804155;Lundby, Rambergsstaden, Södra;KRVP;1;2
2014;rf;14804155;Lundby, Rambergsstaden, Södra;PP;0;14
2014;rf;14804155;Lundby, Rambergsstaden, Södra;SPVG;0;9
2014;rf;14804155;Lundby, Rambergsstaden, Södra;HANDSKRIVNA;5;13
2014;rf;14804155;Lundby, Rambergsstaden, Södra;ÖVRIGA_FGVAL;0;12
2014;rf;14804155;Lundby, Rambergsstaden, Södra;BLANK;17;9
2014;rf;14804155;Lundby, Rambergsstaden, Södra;OG;1;0
2014;rf;14804156;Lundby, Rambergsstaden, Östra;M;138;147
2014;rf;14804156;Lundby, Rambergsstaden, Östra;C;55;21
2014;rf;14804156;Lundby, Rambergsstaden, Östra;L;71;52
2014;rf;14804156;Lundby, Rambergsstaden, Östra;KD;46;27
2014;rf;14804156;Lundby, Rambergsstaden, Östra;S;260;320
2014;rf;14804156;Lundby, Rambergsstaden, Östra;V;237;203
2014;rf;14804156;Lundby, Rambergsstaden, Östra;MP;87;156
2014;rf;14804156;Lundby, Rambergsstaden, Östra;SD;132;108
2014;rf;14804156;Lundby, Rambergsstaden, Östra;FI;23;6
2014;rf;14804156;Lundby, Rambergsstaden, Östra;SPVG;3;6
2014;rf;14804156;Lundby, Rambergsstaden, Östra;KRVP;2;3
2014;rf;14804156;Lundby, Rambergsstaden, Östra;RS;1;1
2014;rf;14804156;Lundby, Rambergsstaden, Östra;PP;0;12
2014;rf;14804156;Lundby, Rambergsstaden, Östra;HANDSKRIVNA;3;6
2014;rf;14804156;Lundby, Rambergsstaden, Östra;ÖVRIGA_FGVAL;0;18
2014;rf;14804156;Lundby, Rambergsstaden, Östra;BLANK;23;15
2014;rf;14804156;Lundby, Rambergsstaden, Östra;OG;1;0
2014;rf;14804165;Lundby, Sannegården, Västra;M;317;414
2014;rf;14804165;Lundby, Sannegården, Västra;C;90;52
2014;rf;14804165;Lundby, Sannegården, Västra;L;123;152
2014;rf;14804165;Lundby, Sannegården, Västra;KD;99;79
2014;rf;14804165;Lundby, Sannegården, Västra;S;281;246
2014;rf;14804165;Lundby, Sannegården, Västra;V;81;90
2014;rf;14804165;Lundby, Sannegården, Västra;MP;67;145
2014;rf;14804165;Lundby, Sannegården, Västra;SD;108;66
2014;rf;14804165;Lundby, Sannegården, Västra;FI;12;3
2014;rf;14804165;Lundby, Sannegården, Västra;SPVG;4;3
2014;rf;14804165;Lundby, Sannegården, Västra;PP;0;4
2014;rf;14804165;Lundby, Sannegården, Västra;HANDSKRIVNA;0;6
2014;rf;14804165;Lundby, Sannegården, Västra;ÖVRIGA_FGVAL;0;24
2014;rf;14804165;Lundby, Sannegården, Västra;BLANK;9;14
2014;rf;14804165;Lundby, Sannegården, Västra;OG;0;0
2014;rf;14804166;Lundby, Södhallsberget;M;252;325
2014;rf;14804166;Lundby, Södhallsberget;C;72;33
2014;rf;14804166;Lundby, Södhallsberget;L;127;175
2014;rf;14804166;Lundby, Södhallsberget;KD;64;63
2014;rf;14804166;Lundby, Södhallsberget;S;216;224
2014;rf;14804166;Lundby, Södhallsberget;V;65;65
2014;rf;14804166;Lundby, Södhallsberget;MP;38;91
2014;rf;14804166;Lundby, Södhallsberget;SD;99;64
2014;rf;14804166;Lundby, Södhallsberget;FI;10;3
2014;rf;14804166;Lundby, Södhallsberget;SPVG;1;5
2014;rf;14804166;Lundby, Södhallsberget;KRVP;0;1
2014;rf;14804166;Lundby, Södhallsberget;PP;0;2
2014;rf;14804166;Lundby, Södhallsberget;HANDSKRIVNA;0;5
2014;rf;14804166;Lundby, Södhallsberget;ÖVRIGA_FGVAL;0;39
2014;rf;14804166;Lundby, Södhallsberget;BLANK;6;11
2014;rf;14804166;Lundby, Södhallsberget;OG;1;0
2014;rf;14805021;Västra Göteborg, Långedrag;M;522;826
2014;rf;14805021;Västra Göteborg, Långedrag;C;68;44
2014;rf;14805021;Västra Göteborg, Långedrag;L;184;200
2014;rf;14805021;Västra Göteborg, Långedrag;KD;131;83
2014;rf;14805021;Västra Göteborg, Långedrag;S;70;62
2014;rf;14805021;Västra Göteborg, Långedrag;V;37;28
2014;rf;14805021;Västra Göteborg, Långedrag;MP;50;67
2014;rf;14805021;Västra Göteborg, Långedrag;SD;90;41
2014;rf;14805021;Västra Göteborg, Långedrag;FI;5;2
2014;rf;14805021;Västra Göteborg, Långedrag;SPVG;1;1
2014;rf;14805021;Västra Göteborg, Långedrag;PP;0;4
2014;rf;14805021;Västra Göteborg, Långedrag;ÖVRIGA_FGVAL;0;28
2014;rf;14805021;Västra Göteborg, Långedrag;BLANK;3;4
2014;rf;14805021;Västra Göteborg, Långedrag;OG;1;0
2014;rf;14805031;Västra Göteborg, Hagen;M;344;525
2014;rf;14805031;Västra Göteborg, Hagen;C;87;67
2014;rf;14805031;Västra Göteborg, Hagen;L;196;201
2014;rf;14805031;Västra Göteborg, Hagen;KD;82;54
2014;rf;14805031;Västra Göteborg, Hagen;S;171;144
2014;rf;14805031;Västra Göteborg, Hagen;V;101;86
2014;rf;14805031;Västra Göteborg, Hagen;MP;81;137
2014;rf;14805031;Västra Göteborg, Hagen;SD;103;72
2014;rf;14805031;Västra Göteborg, Hagen;FI;12;6
2014;rf;14805031;Västra Göteborg, Hagen;SPVG;5;4
2014;rf;14805031;Västra Göteborg, Hagen;PP;0;3
2014;rf;14805031;Västra Göteborg, Hagen;HANDSKRIVNA;0;3
2014;rf;14805031;Västra Göteborg, Hagen;ÖVRIGA_FGVAL;0;33
2014;rf;14805031;Västra Göteborg, Hagen;BLANK;12;5
2014;rf;14805031;Västra Göteborg, Hagen;OG;0;0
2014;rf;14805033;Västra Göteborg, Tångudden;M;289;518
2014;rf;14805033;Västra Göteborg, Tångudden;C;90;45
2014;rf;14805033;Västra Göteborg, Tångudden;L;178;198
2014;rf;14805033;Västra Göteborg, Tångudden;KD;93;87
2014;rf;14805033;Västra Göteborg, Tångudden;S;95;69
2014;rf;14805033;Västra Göteborg, Tångudden;V;55;46
2014;rf;14805033;Västra Göteborg, Tångudden;MP;91;124
2014;rf;14805033;Västra Göteborg, Tångudden;SD;73;53
2014;rf;14805033;Västra Göteborg, Tångudden;FI;8;3
2014;rf;14805033;Västra Göteborg, Tångudden;KRVP;0;1
2014;rf;14805033;Västra Göteborg, Tångudden;PP;0;3
2014;rf;14805033;Västra Göteborg, Tångudden;SPVG;0;3
2014;rf;14805033;Västra Göteborg, Tångudden;HANDSKRIVNA;0;6
2014;rf;14805033;Västra Göteborg, Tångudden;ÖVRIGA_FGVAL;0;30
2014;rf;14805033;Västra Göteborg, Tångudden;BLANK;8;10
2014;rf;14805033;Västra Göteborg, Tångudden;OG;0;1
2014;rf;14805051;Västra Göteborg, Brännö-Asperö;M;104;231
2014;rf;14805051;Västra Göteborg, Brännö-Asperö;C;26;22
2014;rf;14805051;Västra Göteborg, Brännö-Asperö;L;39;69
2014;rf;14805051;Västra Göteborg, Brännö-Asperö;KD;48;65
2014;rf;14805051;Västra Göteborg, Brännö-Asperö;S;90;133
2014;rf;14805051;Västra Göteborg, Brännö-Asperö;V;150;145
2014;rf;14805051;Västra Göteborg, Brännö-Asperö;MP;59;153
2014;rf;14805051;Västra Göteborg, Brännö-Asperö;SD;18;27
2014;rf;14805051;Västra Göteborg, Brännö-Asperö;FI;14;11
2014;rf;14805051;Västra Göteborg, Brännö-Asperö;PP;0;1
2014;rf;14805051;Västra Göteborg, Brännö-Asperö;RS;0;1
2014;rf;14805051;Västra Göteborg, Brännö-Asperö;SPVG;0;3
2014;rf;14805051;Västra Göteborg, Brännö-Asperö;HANDSKRIVNA;0;5
2014;rf;14805051;Västra Göteborg, Brännö-Asperö;ÖVRIGA_FGVAL;0;9
2014;rf;14805051;Västra Göteborg, Brännö-Asperö;BLANK;2;5
2014;rf;14805051;Västra Göteborg, Brännö-Asperö;OG;0;0
2014;rf;14805052;Västra Göteborg, Donsö-Vrångö;M;103;258
2014;rf;14805052;Västra Göteborg, Donsö-Vrångö;C;40;48
2014;rf;14805052;Västra Göteborg, Donsö-Vrångö;L;80;110
2014;rf;14805052;Västra Göteborg, Donsö-Vrångö;KD;380;446
2014;rf;14805052;Västra Göteborg, Donsö-Vrångö;S;85;95
2014;rf;14805052;Västra Göteborg, Donsö-Vrångö;V;40;46
2014;rf;14805052;Västra Göteborg, Donsö-Vrångö;MP;33;68
2014;rf;14805052;Västra Göteborg, Donsö-Vrångö;SD;54;64
2014;rf;14805052;Västra Göteborg, Donsö-Vrångö;FI;3;3
2014;rf;14805052;Västra Göteborg, Donsö-Vrångö;KRVP;0;1
2014;rf;14805052;Västra Göteborg, Donsö-Vrångö;SPVG;0;3
2014;rf;14805052;Västra Göteborg, Donsö-Vrångö;HANDSKRIVNA;1;2
2014;rf;14805052;Västra Göteborg, Donsö-Vrångö;ÖVRIGA_FGVAL;0;10
2014;rf;14805052;Västra Göteborg, Donsö-Vrångö;BLANK;9;14
2014;rf;14805052;Västra Göteborg, Donsö-Vrångö;OG;1;0
2014;rf;14805053;Västra Göteborg, Styrsö-Köpstadsö;M;67;216
2014;rf;14805053;Västra Göteborg, Styrsö-Köpstadsö;C;34;37
2014;rf;14805053;Västra Göteborg, Styrsö-Köpstadsö;L;62;116
2014;rf;14805053;Västra Göteborg, Styrsö-Köpstadsö;KD;73;129
2014;rf;14805053;Västra Göteborg, Styrsö-Köpstadsö;S;84;128
2014;rf;14805053;Västra Göteborg, Styrsö-Köpstadsö;V;85;142
2014;rf;14805053;Västra Göteborg, Styrsö-Köpstadsö;MP;38;94
2014;rf;14805053;Västra Göteborg, Styrsö-Köpstadsö;SD;30;49
2014;rf;14805053;Västra Göteborg, Styrsö-Köpstadsö;FI;6;7
2014;rf;14805053;Västra Göteborg, Styrsö-Köpstadsö;PP;0;1
2014;rf;14805053;Västra Göteborg, Styrsö-Köpstadsö;SPVG;0;1
2014;rf;14805053;Västra Göteborg, Styrsö-Köpstadsö;HANDSKRIVNA;0;3
2014;rf;14805053;Västra Göteborg, Styrsö-Köpstadsö;ÖVRIGA_FGVAL;0;18
2014;rf;14805053;Västra Göteborg, Styrsö-Köpstadsö;BLANK;7;6
2014;rf;14805053;Västra Göteborg, Styrsö-Köpstadsö;OG;0;0
2014;rf;14805091;Askim-Frölunda-Högsbo, Kaverös, N;M;88;138
2014;rf;14805091;Askim-Frölunda-Högsbo, Kaverös, N;C;41;30
2014;rf;14805091;Askim-Frölunda-Högsbo, Kaverös, N;L;51;56
2014;rf;14805091;Askim-Frölunda-Högsbo, Kaverös, N;KD;43;33
2014;rf;14805091;Askim-Frölunda-Högsbo, Kaverös, N;S;271;301
2014;rf;14805091;Askim-Frölunda-Högsbo, Kaverös, N;V;221;149
2014;rf;14805091;Askim-Frölunda-Högsbo, Kaverös, N;MP;85;139
2014;rf;14805091;Askim-Frölunda-Högsbo, Kaverös, N;SD;110;83
2014;rf;14805091;Askim-Frölunda-Högsbo, Kaverös, N;FI;29;13
2014;rf;14805091;Askim-Frölunda-Högsbo, Kaverös, N;SPVG;2;12
2014;rf;14805091;Askim-Frölunda-Högsbo, Kaverös, N;PP;0;6
2014;rf;14805091;Askim-Frölunda-Högsbo, Kaverös, N;RS;0;2
2014;rf;14805091;Askim-Frölunda-Högsbo, Kaverös, N;HANDSKRIVNA;3;7
2014;rf;14805091;Askim-Frölunda-Högsbo, Kaverös, N;ÖVRIGA_FGVAL;0;13
2014;rf;14805091;Askim-Frölunda-Högsbo, Kaverös, N;BLANK;8;13
2014;rf;14805091;Askim-Frölunda-Högsbo, Kaverös, N;OG;0;1
2014;rf;14805092;Askim-Frölunda-Högsbo, Kaverös, S;M;132;164
2014;rf;14805092;Askim-Frölunda-Högsbo, Kaverös, S;C;39;20
2014;rf;14805092;Askim-Frölunda-Högsbo, Kaverös, S;L;53;65
2014;rf;14805092;Askim-Frölunda-Högsbo, Kaverös, S;KD;62;47
2014;rf;14805092;Askim-Frölunda-Högsbo, Kaverös, S;S;237;247
2014;rf;14805092;Askim-Frölunda-Högsbo, Kaverös, S;V;140;94
2014;rf;14805092;Askim-Frölunda-Högsbo, Kaverös, S;MP;60;94
2014;rf;14805092;Askim-Frölunda-Högsbo, Kaverös, S;SD;120;114
2014;rf;14805092;Askim-Frölunda-Högsbo, Kaverös, S;FI;11;2
2014;rf;14805092;Askim-Frölunda-Högsbo, Kaverös, S;SPVG;5;4
2014;rf;14805092;Askim-Frölunda-Högsbo, Kaverös, S;KRVP;0;2
2014;rf;14805092;Askim-Frölunda-Högsbo, Kaverös, S;PP;0;3
2014;rf;14805092;Askim-Frölunda-Högsbo, Kaverös, S;RS;0;2
2014;rf;14805092;Askim-Frölunda-Högsbo, Kaverös, S;HANDSKRIVNA;1;5
2014;rf;14805092;Askim-Frölunda-Högsbo, Kaverös, S;ÖVRIGA_FGVAL;0;28
2014;rf;14805092;Askim-Frölunda-Högsbo, Kaverös, S;BLANK;15;11
2014;rf;14805092;Askim-Frölunda-Högsbo, Kaverös, S;OG;0;1
2014;rf;14805093;Askim-Frölunda-Högsbo, Kavås;M;140;169
2014;rf;14805093;Askim-Frölunda-Högsbo, Kavås;C;35;24
2014;rf;14805093;Askim-Frölunda-Högsbo, Kavås;L;82;92
2014;rf;14805093;Askim-Frölunda-Högsbo, Kavås;KD;67;60
2014;rf;14805093;Askim-Frölunda-Högsbo, Kavås;S;271;300
2014;rf;14805093;Askim-Frölunda-Högsbo, Kavås;V;152;135
2014;rf;14805093;Askim-Frölunda-Högsbo, Kavås;MP;76;131
2014;rf;14805093;Askim-Frölunda-Högsbo, Kavås;SD;104;81
2014;rf;14805093;Askim-Frölunda-Högsbo, Kavås;FI;13;4
2014;rf;14805093;Askim-Frölunda-Högsbo, Kavås;SPVG;5;4
2014;rf;14805093;Askim-Frölunda-Högsbo, Kavås;KRVP;2;3
2014;rf;14805093;Askim-Frölunda-Högsbo, Kavås;PP;0;6
2014;rf;14805093;Askim-Frölunda-Högsbo, Kavås;HANDSKRIVNA;1;8
2014;rf;14805093;Askim-Frölunda-Högsbo, Kavås;ÖVRIGA_FGVAL;0;30
2014;rf;14805093;Askim-Frölunda-Högsbo, Kavås;BLANK;22;16
2014;rf;14805093;Askim-Frölunda-Högsbo, Kavås;OG;0;0
2014;rf;14805131;Askim-Frölunda-Högsbo, Spinetten;M;65;94
2014;rf;14805131;Askim-Frölunda-Högsbo, Spinetten;C;19;8
2014;rf;14805131;Askim-Frölunda-Högsbo, Spinetten;L;16;29
2014;rf;14805131;Askim-Frölunda-Högsbo, Spinetten;KD;16;25
2014;rf;14805131;Askim-Frölunda-Högsbo, Spinetten;S;239;261
2014;rf;14805131;Askim-Frölunda-Högsbo, Spinetten;V;117;92
2014;rf;14805131;Askim-Frölunda-Högsbo, Spinetten;MP;18;41
2014;rf;14805131;Askim-Frölunda-Högsbo, Spinetten;SD;107;85
2014;rf;14805131;Askim-Frölunda-Högsbo, Spinetten;FI;9;5
2014;rf;14805131;Askim-Frölunda-Högsbo, Spinetten;SPVG;1;3
2014;rf;14805131;Askim-Frölunda-Högsbo, Spinetten;PP;0;7
2014;rf;14805131;Askim-Frölunda-Högsbo, Spinetten;HANDSKRIVNA;3;4
2014;rf;14805131;Askim-Frölunda-Högsbo, Spinetten;ÖVRIGA_FGVAL;0;14
2014;rf;14805131;Askim-Frölunda-Högsbo, Spinetten;BLANK;9;6
2014;rf;14805131;Askim-Frölunda-Högsbo, Spinetten;OG;2;0
2014;rf;14805171;Askim-Frölunda-Högsbo, Frölunda;M;81;65
2014;rf;14805171;Askim-Frölunda-Högsbo, Frölunda;C;16;4
2014;rf;14805171;Askim-Frölunda-Högsbo, Frölunda;L;23;19
2014;rf;14805171;Askim-Frölunda-Högsbo, Frölunda;KD;28;18
2014;rf;14805171;Askim-Frölunda-Högsbo, Frölunda;S;242;258
2014;rf;14805171;Askim-Frölunda-Högsbo, Frölunda;V;87;78
2014;rf;14805171;Askim-Frölunda-Högsbo, Frölunda;MP;22;32
2014;rf;14805171;Askim-Frölunda-Högsbo, Frölunda;SD;95;35
2014;rf;14805171;Askim-Frölunda-Högsbo, Frölunda;FI;3;3
2014;rf;14805171;Askim-Frölunda-Högsbo, Frölunda;SPVG;7;6
2014;rf;14805171;Askim-Frölunda-Högsbo, Frölunda;PP;0;1
2014;rf;14805171;Askim-Frölunda-Högsbo, Frölunda;HANDSKRIVNA;1;6
2014;rf;14805171;Askim-Frölunda-Högsbo, Frölunda;ÖVRIGA_FGVAL;0;7
2014;rf;14805171;Askim-Frölunda-Högsbo, Frölunda;BLANK;4;4
2014;rf;14805171;Askim-Frölunda-Högsbo, Frölunda;OG;1;1
2014;rf;14805172;Askim-Frölunda-Högsbo, Frölunda Torg;M;111;107
2014;rf;14805172;Askim-Frölunda-Högsbo, Frölunda Torg;C;28;8
2014;rf;14805172;Askim-Frölunda-Högsbo, Frölunda Torg;L;47;34
2014;rf;14805172;Askim-Frölunda-Högsbo, Frölunda Torg;KD;56;37
2014;rf;14805172;Askim-Frölunda-Högsbo, Frölunda Torg;S;395;365
2014;rf;14805172;Askim-Frölunda-Högsbo, Frölunda Torg;V;144;84
2014;rf;14805172;Askim-Frölunda-Högsbo, Frölunda Torg;MP;33;70
2014;rf;14805172;Askim-Frölunda-Högsbo, Frölunda Torg;SD;81;64
2014;rf;14805172;Askim-Frölunda-Högsbo, Frölunda Torg;FI;14;1
2014;rf;14805172;Askim-Frölunda-Högsbo, Frölunda Torg;SPVG;1;3
2014;rf;14805172;Askim-Frölunda-Högsbo, Frölunda Torg;PP;0;7
2014;rf;14805172;Askim-Frölunda-Högsbo, Frölunda Torg;RS;0;1
2014;rf;14805172;Askim-Frölunda-Högsbo, Frölunda Torg;HANDSKRIVNA;3;7
2014;rf;14805172;Askim-Frölunda-Högsbo, Frölunda Torg;ÖVRIGA_FGVAL;0;12
2014;rf;14805172;Askim-Frölunda-Högsbo, Frölunda Torg;BLANK;9;11
2014;rf;14805172;Askim-Frölunda-Högsbo, Frölunda Torg;OG;0;0
2014;rf;14805173;Askim-Frölunda-Högsbo, Gånglåten;M;88;73
2014;rf;14805173;Askim-Frölunda-Högsbo, Gånglåten;C;32;7
2014;rf;14805173;Askim-Frölunda-Högsbo, Gånglåten;L;22;20
2014;rf;14805173;Askim-Frölunda-Högsbo, Gånglåten;KD;46;36
2014;rf;14805173;Askim-Frölunda-Högsbo, Gånglåten;S;290;272
2014;rf;14805173;Askim-Frölunda-Högsbo, Gånglåten;V;133;106
2014;rf;14805173;Askim-Frölunda-Högsbo, Gånglåten;MP;32;55
2014;rf;14805173;Askim-Frölunda-Högsbo, Gånglåten;SD;110;85
2014;rf;14805173;Askim-Frölunda-Högsbo, Gånglåten;FI;8;6
2014;rf;14805173;Askim-Frölunda-Högsbo, Gånglåten;KRVP;3;1
2014;rf;14805173;Askim-Frölunda-Högsbo, Gånglåten;SPVG;3;3
2014;rf;14805173;Askim-Frölunda-Högsbo, Gånglåten;PP;0;8
2014;rf;14805173;Askim-Frölunda-Högsbo, Gånglåten;HANDSKRIVNA;4;9
2014;rf;14805173;Askim-Frölunda-Högsbo, Gånglåten;ÖVRIGA_FGVAL;0;8
2014;rf;14805173;Askim-Frölunda-Högsbo, Gånglåten;BLANK;7;10
2014;rf;14805173;Askim-Frölunda-Högsbo, Gånglåten;OG;0;0
2014;rf;14805174;Askim-Frölunda-Högsbo, Mandolingatan;M;76;91
2014;rf;14805174;Askim-Frölunda-Högsbo, Mandolingatan;C;15;7
2014;rf;14805174;Askim-Frölunda-Högsbo, Mandolingatan;L;23;32
2014;rf;14805174;Askim-Frölunda-Högsbo, Mandolingatan;KD;37;36
2014;rf;14805174;Askim-Frölunda-Högsbo, Mandolingatan;S;300;301
2014;rf;14805174;Askim-Frölunda-Högsbo, Mandolingatan;V;137;85
2014;rf;14805174;Askim-Frölunda-Högsbo, Mandolingatan;MP;28;57
2014;rf;14805174;Askim-Frölunda-Högsbo, Mandolingatan;SD;140;113
2014;rf;14805174;Askim-Frölunda-Högsbo, Mandolingatan;FI;9;5
2014;rf;14805174;Askim-Frölunda-Högsbo, Mandolingatan;SPVG;1;2
2014;rf;14805174;Askim-Frölunda-Högsbo, Mandolingatan;PP;0;4
2014;rf;14805174;Askim-Frölunda-Högsbo, Mandolingatan;HANDSKRIVNA;0;3
2014;rf;14805174;Askim-Frölunda-Högsbo, Mandolingatan;ÖVRIGA_FGVAL;0;24
2014;rf;14805174;Askim-Frölunda-Högsbo, Mandolingatan;BLANK;11;9
2014;rf;14805174;Askim-Frölunda-Högsbo, Mandolingatan;OG;1;0
2014;rf;14805181;Västra Göteborg, Korsåsen;M;156;200
2014;rf;14805181;Västra Göteborg, Korsåsen;C;30;16
2014;rf;14805181;Västra Göteborg, Korsåsen;L;71;78
2014;rf;14805181;Västra Göteborg, Korsåsen;KD;99;71
2014;rf;14805181;Västra Göteborg, Korsåsen;S;376;394
2014;rf;14805181;Västra Göteborg, Korsåsen;V;134;108
2014;rf;14805181;Västra Göteborg, Korsåsen;MP;40;68
2014;rf;14805181;Västra Göteborg, Korsåsen;SD;123;89
2014;rf;14805181;Västra Göteborg, Korsåsen;FI;6;1
2014;rf;14805181;Västra Göteborg, Korsåsen;SPVG;4;4
2014;rf;14805181;Västra Göteborg, Korsåsen;KRVP;1;3
2014;rf;14805181;Västra Göteborg, Korsåsen;PP;0;2
2014;rf;14805181;Västra Göteborg, Korsåsen;HANDSKRIVNA;0;5
2014;rf;14805181;Västra Göteborg, Korsåsen;ÖVRIGA_FGVAL;0;23
2014;rf;14805181;Västra Göteborg, Korsåsen;BLANK;13;9
2014;rf;14805181;Västra Göteborg, Korsåsen;OG;0;1
2014;rf;14805182;Västra Göteborg, Ängås;M;84;102
2014;rf;14805182;Västra Göteborg, Ängås;C;22;13
2014;rf;14805182;Västra Göteborg, Ängås;L;25;37
2014;rf;14805182;Västra Göteborg, Ängås;KD;47;32
2014;rf;14805182;Västra Göteborg, Ängås;S;404;372
2014;rf;14805182;Västra Göteborg, Ängås;V;151;119
2014;rf;14805182;Västra Göteborg, Ängås;MP;31;67
2014;rf;14805182;Västra Göteborg, Ängås;SD;127;72
2014;rf;14805182;Västra Göteborg, Ängås;FI;12;1
2014;rf;14805182;Västra Göteborg, Ängås;KRVP;4;1
2014;rf;14805182;Västra Göteborg, Ängås;PP;0;9
2014;rf;14805182;Västra Göteborg, Ängås;SPVG;0;3
2014;rf;14805182;Västra Göteborg, Ängås;HANDSKRIVNA;4;4
2014;rf;14805182;Västra Göteborg, Ängås;ÖVRIGA_FGVAL;0;10
2014;rf;14805182;Västra Göteborg, Ängås;BLANK;13;13
2014;rf;14805182;Västra Göteborg, Ängås;OG;0;1
2014;rf;14805191;Västra Göteborg, Önnered, Västra;M;314;454
2014;rf;14805191;Västra Göteborg, Önnered, Västra;C;50;44
2014;rf;14805191;Västra Göteborg, Önnered, Västra;L;123;150
2014;rf;14805191;Västra Göteborg, Önnered, Västra;KD;258;266
2014;rf;14805191;Västra Göteborg, Önnered, Västra;S;119;139
2014;rf;14805191;Västra Göteborg, Önnered, Västra;V;47;29
2014;rf;14805191;Västra Göteborg, Önnered, Västra;MP;38;55
2014;rf;14805191;Västra Göteborg, Önnered, Västra;SD;94;57
2014;rf;14805191;Västra Göteborg, Önnered, Västra;FI;5;2
2014;rf;14805191;Västra Göteborg, Önnered, Västra;SPVG;2;4
2014;rf;14805191;Västra Göteborg, Önnered, Västra;KRVP;0;1
2014;rf;14805191;Västra Göteborg, Önnered, Västra;PP;0;2
2014;rf;14805191;Västra Göteborg, Önnered, Västra;HANDSKRIVNA;0;5
2014;rf;14805191;Västra Göteborg, Önnered, Västra;ÖVRIGA_FGVAL;0;10
2014;rf;14805191;Västra Göteborg, Önnered, Västra;BLANK;11;11
2014;rf;14805191;Västra Göteborg, Önnered, Västra;OG;0;0
2014;rf;14805192;Västra Göteborg, Önnered, Östra;M;283;436
2014;rf;14805192;Västra Göteborg, Önnered, Östra;C;79;64
2014;rf;14805192;Västra Göteborg, Önnered, Östra;L;147;145
2014;rf;14805192;Västra Göteborg, Önnered, Östra;KD;150;124
2014;rf;14805192;Västra Göteborg, Önnered, Östra;S;242;254
2014;rf;14805192;Västra Göteborg, Önnered, Östra;V;100;88
2014;rf;14805192;Västra Göteborg, Önnered, Östra;MP;63;116
2014;rf;14805192;Västra Göteborg, Önnered, Östra;SD;100;70
2014;rf;14805192;Västra Göteborg, Önnered, Östra;FI;3;2
2014;rf;14805192;Västra Göteborg, Önnered, Östra;KRVP;5;1
2014;rf;14805192;Västra Göteborg, Önnered, Östra;SPVG;1;1
2014;rf;14805192;Västra Göteborg, Önnered, Östra;PP;0;4
2014;rf;14805192;Västra Göteborg, Önnered, Östra;HANDSKRIVNA;1;2
2014;rf;14805192;Västra Göteborg, Önnered, Östra;ÖVRIGA_FGVAL;0;24
2014;rf;14805192;Västra Göteborg, Önnered, Östra;BLANK;13;8
2014;rf;14805192;Västra Göteborg, Önnered, Östra;OG;0;0
2014;rf;14805201;Västra Göteborg, Grevegården;M;86;92
2014;rf;14805201;Västra Göteborg, Grevegården;C;18;12
2014;rf;14805201;Västra Göteborg, Grevegården;L;20;28
2014;rf;14805201;Västra Göteborg, Grevegården;KD;40;31
2014;rf;14805201;Västra Göteborg, Grevegården;S;363;405
2014;rf;14805201;Västra Göteborg, Grevegården;V;120;87
2014;rf;14805201;Västra Göteborg, Grevegården;MP;53;84
2014;rf;14805201;Västra Göteborg, Grevegården;SD;122;93
2014;rf;14805201;Västra Göteborg, Grevegården;FI;8;2
2014;rf;14805201;Västra Göteborg, Grevegården;RS;1;1
2014;rf;14805201;Västra Göteborg, Grevegården;PP;0;10
2014;rf;14805201;Västra Göteborg, Grevegården;SPVG;0;1
2014;rf;14805201;Västra Göteborg, Grevegården;HANDSKRIVNA;1;9
2014;rf;14805201;Västra Göteborg, Grevegården;ÖVRIGA_FGVAL;0;11
2014;rf;14805201;Västra Göteborg, Grevegården;BLANK;16;8
2014;rf;14805201;Västra Göteborg, Grevegården;OG;1;1
2014;rf;14805202;Västra Göteborg, Skattegården;M;105;121
2014;rf;14805202;Västra Göteborg, Skattegården;C;17;9
2014;rf;14805202;Västra Göteborg, Skattegården;L;44;40
2014;rf;14805202;Västra Göteborg, Skattegården;KD;96;59
2014;rf;14805202;Västra Göteborg, Skattegården;S;454;509
2014;rf;14805202;Västra Göteborg, Skattegården;V;124;113
2014;rf;14805202;Västra Göteborg, Skattegården;MP;44;57
2014;rf;14805202;Västra Göteborg, Skattegården;SD;101;63
2014;rf;14805202;Västra Göteborg, Skattegården;FI;8;3
2014;rf;14805202;Västra Göteborg, Skattegården;KRVP;3;1
2014;rf;14805202;Västra Göteborg, Skattegården;RS;3;1
2014;rf;14805202;Västra Göteborg, Skattegården;SPVG;2;5
2014;rf;14805202;Västra Göteborg, Skattegården;PP;0;3
2014;rf;14805202;Västra Göteborg, Skattegården;HANDSKRIVNA;3;3
2014;rf;14805202;Västra Göteborg, Skattegården;ÖVRIGA_FGVAL;0;11
2014;rf;14805202;Västra Göteborg, Skattegården;BLANK;13;2
2014;rf;14805202;Västra Göteborg, Skattegården;OG;1;0
2014;rf;14805221;Västra Göteborg, Opaltorget, Norra;M;121;102
2014;rf;14805221;Västra Göteborg, Opaltorget, Norra;C;22;17
2014;rf;14805221;Västra Göteborg, Opaltorget, Norra;L;41;44
2014;rf;14805221;Västra Göteborg, Opaltorget, Norra;KD;59;52
2014;rf;14805221;Västra Göteborg, Opaltorget, Norra;S;354;374
2014;rf;14805221;Västra Göteborg, Opaltorget, Norra;V;126;126
2014;rf;14805221;Västra Göteborg, Opaltorget, Norra;MP;42;69
2014;rf;14805221;Västra Göteborg, Opaltorget, Norra;SD;168;136
2014;rf;14805221;Västra Göteborg, Opaltorget, Norra;FI;7;3
2014;rf;14805221;Västra Göteborg, Opaltorget, Norra;RS;1;4
2014;rf;14805221;Västra Göteborg, Opaltorget, Norra;SPVG;1;4
2014;rf;14805221;Västra Göteborg, Opaltorget, Norra;PP;0;14
2014;rf;14805221;Västra Göteborg, Opaltorget, Norra;HANDSKRIVNA;3;10
2014;rf;14805221;Västra Göteborg, Opaltorget, Norra;ÖVRIGA_FGVAL;0;17
2014;rf;14805221;Västra Göteborg, Opaltorget, Norra;BLANK;13;20
2014;rf;14805221;Västra Göteborg, Opaltorget, Norra;OG;0;0
2014;rf;14805222;Västra Göteborg, Opaltorget, Södra;M;132;190
2014;rf;14805222;Västra Göteborg, Opaltorget, Södra;C;23;19
2014;rf;14805222;Västra Göteborg, Opaltorget, Södra;L;52;64
2014;rf;14805222;Västra Göteborg, Opaltorget, Södra;KD;70;65
2014;rf;14805222;Västra Göteborg, Opaltorget, Södra;S;220;204
2014;rf;14805222;Västra Göteborg, Opaltorget, Södra;V;86;66
2014;rf;14805222;Västra Göteborg, Opaltorget, Södra;MP;34;64
2014;rf;14805222;Västra Göteborg, Opaltorget, Södra;SD;76;60
2014;rf;14805222;Västra Göteborg, Opaltorget, Södra;FI;6;3
2014;rf;14805222;Västra Göteborg, Opaltorget, Södra;KRVP;2;2
2014;rf;14805222;Västra Göteborg, Opaltorget, Södra;PP;0;4
2014;rf;14805222;Västra Göteborg, Opaltorget, Södra;SPVG;0;5
2014;rf;14805222;Västra Göteborg, Opaltorget, Södra;HANDSKRIVNA;3;3
2014;rf;14805222;Västra Göteborg, Opaltorget, Södra;ÖVRIGA_FGVAL;0;20
2014;rf;14805222;Västra Göteborg, Opaltorget, Södra;BLANK;12;8
2014;rf;14805222;Västra Göteborg, Opaltorget, Södra;OG;0;0
2014;rf;14805231;Askim-Frölunda-Högsbo, Askim;M;306;444
2014;rf;14805231;Askim-Frölunda-Högsbo, Askim;C;54;35
2014;rf;14805231;Askim-Frölunda-Högsbo, Askim;L;107;133
2014;rf;14805231;Askim-Frölunda-Högsbo, Askim;KD;86;81
2014;rf;14805231;Askim-Frölunda-Högsbo, Askim;S;121;134
2014;rf;14805231;Askim-Frölunda-Högsbo, Askim;V;54;33
2014;rf;14805231;Askim-Frölunda-Högsbo, Askim;MP;44;73
2014;rf;14805231;Askim-Frölunda-Högsbo, Askim;SD;95;82
2014;rf;14805231;Askim-Frölunda-Högsbo, Askim;FI;7;0
2014;rf;14805231;Askim-Frölunda-Högsbo, Askim;SPVG;5;3
2014;rf;14805231;Askim-Frölunda-Högsbo, Askim;PP;0;1
2014;rf;14805231;Askim-Frölunda-Högsbo, Askim;HANDSKRIVNA;1;9
2014;rf;14805231;Askim-Frölunda-Högsbo, Askim;ÖVRIGA_FGVAL;0;18
2014;rf;14805231;Askim-Frölunda-Högsbo, Askim;BLANK;9;8
2014;rf;14805231;Askim-Frölunda-Högsbo, Askim;OG;0;0
2014;rf;14805232;Askim-Frölunda-Högsbo, Hovås, Norra;M;260;423
2014;rf;14805232;Askim-Frölunda-Högsbo, Hovås, Norra;C;65;46
2014;rf;14805232;Askim-Frölunda-Högsbo, Hovås, Norra;L;106;119
2014;rf;14805232;Askim-Frölunda-Högsbo, Hovås, Norra;KD;75;72
2014;rf;14805232;Askim-Frölunda-Högsbo, Hovås, Norra;S;117;95
2014;rf;14805232;Askim-Frölunda-Högsbo, Hovås, Norra;V;56;44
2014;rf;14805232;Askim-Frölunda-Högsbo, Hovås, Norra;MP;51;60
2014;rf;14805232;Askim-Frölunda-Högsbo, Hovås, Norra;SD;79;53
2014;rf;14805232;Askim-Frölunda-Högsbo, Hovås, Norra;FI;5;2
2014;rf;14805232;Askim-Frölunda-Högsbo, Hovås, Norra;PP;0;1
2014;rf;14805232;Askim-Frölunda-Högsbo, Hovås, Norra;SPVG;0;5
2014;rf;14805232;Askim-Frölunda-Högsbo, Hovås, Norra;HANDSKRIVNA;1;2
2014;rf;14805232;Askim-Frölunda-Högsbo, Hovås, Norra;ÖVRIGA_FGVAL;0;24
2014;rf;14805232;Askim-Frölunda-Högsbo, Hovås, Norra;BLANK;2;10
2014;rf;14805232;Askim-Frölunda-Högsbo, Hovås, Norra;OG;0;0
2014;rf;14805233;Askim-Frölunda-Högsbo, Hult;M;289;470
2014;rf;14805233;Askim-Frölunda-Högsbo, Hult;C;59;43
2014;rf;14805233;Askim-Frölunda-Högsbo, Hult;L;141;151
2014;rf;14805233;Askim-Frölunda-Högsbo, Hult;KD;114;92
2014;rf;14805233;Askim-Frölunda-Högsbo, Hult;S;133;130
2014;rf;14805233;Askim-Frölunda-Högsbo, Hult;V;38;33
2014;rf;14805233;Askim-Frölunda-Högsbo, Hult;MP;41;66
2014;rf;14805233;Askim-Frölunda-Högsbo, Hult;SD;74;57
2014;rf;14805233;Askim-Frölunda-Högsbo, Hult;FI;4;0
2014;rf;14805233;Askim-Frölunda-Högsbo, Hult;SPVG;3;2
2014;rf;14805233;Askim-Frölunda-Högsbo, Hult;PP;0;3
2014;rf;14805233;Askim-Frölunda-Högsbo, Hult;HANDSKRIVNA;0;5
2014;rf;14805233;Askim-Frölunda-Högsbo, Hult;ÖVRIGA_FGVAL;0;44
2014;rf;14805233;Askim-Frölunda-Högsbo, Hult;BLANK;13;12
2014;rf;14805233;Askim-Frölunda-Högsbo, Hult;OG;0;0
2014;rf;14805234;Askim-Frölunda-Högsbo, Pilegården;M;163;198
2014;rf;14805234;Askim-Frölunda-Högsbo, Pilegården;C;41;14
2014;rf;14805234;Askim-Frölunda-Högsbo, Pilegården;L;57;52
2014;rf;14805234;Askim-Frölunda-Högsbo, Pilegården;KD;35;27
2014;rf;14805234;Askim-Frölunda-Högsbo, Pilegården;S;231;296
2014;rf;14805234;Askim-Frölunda-Högsbo, Pilegården;V;125;89
2014;rf;14805234;Askim-Frölunda-Högsbo, Pilegården;MP;40;82
2014;rf;14805234;Askim-Frölunda-Högsbo, Pilegården;SD;183;134
2014;rf;14805234;Askim-Frölunda-Högsbo, Pilegården;FI;10;3
2014;rf;14805234;Askim-Frölunda-Högsbo, Pilegården;SPVG;3;3
2014;rf;14805234;Askim-Frölunda-Högsbo, Pilegården;KRVP;1;1
2014;rf;14805234;Askim-Frölunda-Högsbo, Pilegården;PP;0;6
2014;rf;14805234;Askim-Frölunda-Högsbo, Pilegården;RS;0;1
2014;rf;14805234;Askim-Frölunda-Högsbo, Pilegården;HANDSKRIVNA;2;11
2014;rf;14805234;Askim-Frölunda-Högsbo, Pilegården;ÖVRIGA_FGVAL;0;11
2014;rf;14805234;Askim-Frölunda-Högsbo, Pilegården;BLANK;21;16
2014;rf;14805234;Askim-Frölunda-Högsbo, Pilegården;OG;0;0
2014;rf;14805241;Askim-Frölunda-Högsbo, Hovås, Södra;M;374;588
2014;rf;14805241;Askim-Frölunda-Högsbo, Hovås, Södra;C;36;30
2014;rf;14805241;Askim-Frölunda-Högsbo, Hovås, Södra;L;119;123
2014;rf;14805241;Askim-Frölunda-Högsbo, Hovås, Södra;KD;77;55
2014;rf;14805241;Askim-Frölunda-Högsbo, Hovås, Södra;S;39;26
2014;rf;14805241;Askim-Frölunda-Högsbo, Hovås, Södra;V;10;4
2014;rf;14805241;Askim-Frölunda-Högsbo, Hovås, Södra;MP;7;24
2014;rf;14805241;Askim-Frölunda-Högsbo, Hovås, Södra;SD;71;29
2014;rf;14805241;Askim-Frölunda-Högsbo, Hovås, Södra;FI;1;1
2014;rf;14805241;Askim-Frölunda-Högsbo, Hovås, Södra;SPVG;1;3
2014;rf;14805241;Askim-Frölunda-Högsbo, Hovås, Södra;PP;0;4
2014;rf;14805241;Askim-Frölunda-Högsbo, Hovås, Södra;HANDSKRIVNA;0;1
2014;rf;14805241;Askim-Frölunda-Högsbo, Hovås, Södra;ÖVRIGA_FGVAL;0;17
2014;rf;14805241;Askim-Frölunda-Högsbo, Hovås, Södra;BLANK;1;1
2014;rf;14805241;Askim-Frölunda-Högsbo, Hovås, Södra;OG;2;0
2014;rf;14805242;Askim-Frölunda-Högsbo, Trollåsen;M;463;687
2014;rf;14805242;Askim-Frölunda-Högsbo, Trollåsen;C;75;51
2014;rf;14805242;Askim-Frölunda-Högsbo, Trollåsen;L;162;158
2014;rf;14805242;Askim-Frölunda-Högsbo, Trollåsen;KD;101;97
2014;rf;14805242;Askim-Frölunda-Högsbo, Trollåsen;S;83;63
2014;rf;14805242;Askim-Frölunda-Högsbo, Trollåsen;V;24;14
2014;rf;14805242;Askim-Frölunda-Högsbo, Trollåsen;MP;30;44
2014;rf;14805242;Askim-Frölunda-Högsbo, Trollåsen;SD;101;44
2014;rf;14805242;Askim-Frölunda-Högsbo, Trollåsen;FI;5;4
2014;rf;14805242;Askim-Frölunda-Högsbo, Trollåsen;SPVG;2;3
2014;rf;14805242;Askim-Frölunda-Högsbo, Trollåsen;PP;0;5
2014;rf;14805242;Askim-Frölunda-Högsbo, Trollåsen;HANDSKRIVNA;1;2
2014;rf;14805242;Askim-Frölunda-Högsbo, Trollåsen;ÖVRIGA_FGVAL;0;20
2014;rf;14805242;Askim-Frölunda-Högsbo, Trollåsen;BLANK;6;6
2014;rf;14805242;Askim-Frölunda-Högsbo, Trollåsen;OG;0;1
2014;rf;14805253;Askim-Frölunda-Högsbo, Brottkärr;M;428;515
2014;rf;14805253;Askim-Frölunda-Högsbo, Brottkärr;C;61;31
2014;rf;14805253;Askim-Frölunda-Högsbo, Brottkärr;L;134;113
2014;rf;14805253;Askim-Frölunda-Högsbo, Brottkärr;KD;93;69
2014;rf;14805253;Askim-Frölunda-Högsbo, Brottkärr;S;57;22
2014;rf;14805253;Askim-Frölunda-Högsbo, Brottkärr;V;15;8
2014;rf;14805253;Askim-Frölunda-Högsbo, Brottkärr;MP;29;37
2014;rf;14805253;Askim-Frölunda-Högsbo, Brottkärr;SD;63;35
2014;rf;14805253;Askim-Frölunda-Högsbo, Brottkärr;FI;4;1
2014;rf;14805253;Askim-Frölunda-Högsbo, Brottkärr;PP;0;1
2014;rf;14805253;Askim-Frölunda-Högsbo, Brottkärr;SPVG;0;1
2014;rf;14805253;Askim-Frölunda-Högsbo, Brottkärr;HANDSKRIVNA;1;2
2014;rf;14805253;Askim-Frölunda-Högsbo, Brottkärr;ÖVRIGA_FGVAL;0;4
2014;rf;14805253;Askim-Frölunda-Högsbo, Brottkärr;BLANK;8;4
2014;rf;14805253;Askim-Frölunda-Högsbo, Brottkärr;OG;0;2
2014;rf;14805255;Askim-Frölunda-Högsbo, Lyckhem;M;367;552
2014;rf;14805255;Askim-Frölunda-Högsbo, Lyckhem;C;64;35
2014;rf;14805255;Askim-Frölunda-Högsbo, Lyckhem;L;153;144
2014;rf;14805255;Askim-Frölunda-Högsbo, Lyckhem;KD;91;80
2014;rf;14805255;Askim-Frölunda-Högsbo, Lyckhem;S;109;88
2014;rf;14805255;Askim-Frölunda-Högsbo, Lyckhem;V;40;27
2014;rf;14805255;Askim-Frölunda-Högsbo, Lyckhem;MP;42;63
2014;rf;14805255;Askim-Frölunda-Högsbo, Lyckhem;SD;100;53
2014;rf;14805255;Askim-Frölunda-Högsbo, Lyckhem;FI;5;1
2014;rf;14805255;Askim-Frölunda-Högsbo, Lyckhem;SPVG;1;5
2014;rf;14805255;Askim-Frölunda-Högsbo, Lyckhem;PP;0;4
2014;rf;14805255;Askim-Frölunda-Högsbo, Lyckhem;HANDSKRIVNA;0;3
2014;rf;14805255;Askim-Frölunda-Högsbo, Lyckhem;ÖVRIGA_FGVAL;0;16
2014;rf;14805255;Askim-Frölunda-Högsbo, Lyckhem;BLANK;14;7
2014;rf;14805255;Askim-Frölunda-Högsbo, Lyckhem;OG;1;1
2014;rf;14805256;Askim-Frölunda-Högsbo, Nygård;M;348;507
2014;rf;14805256;Askim-Frölunda-Högsbo, Nygård;C;75;34
2014;rf;14805256;Askim-Frölunda-Högsbo, Nygård;L;124;135
2014;rf;14805256;Askim-Frölunda-Högsbo, Nygård;KD;106;89
2014;rf;14805256;Askim-Frölunda-Högsbo, Nygård;S;114;112
2014;rf;14805256;Askim-Frölunda-Högsbo, Nygård;V;33;24
2014;rf;14805256;Askim-Frölunda-Högsbo, Nygård;MP;49;93
2014;rf;14805256;Askim-Frölunda-Högsbo, Nygård;SD;102;70
2014;rf;14805256;Askim-Frölunda-Högsbo, Nygård;FI;4;3
2014;rf;14805256;Askim-Frölunda-Högsbo, Nygård;KRVP;1;1
2014;rf;14805256;Askim-Frölunda-Högsbo, Nygård;SPVG;1;1
2014;rf;14805256;Askim-Frölunda-Högsbo, Nygård;PP;0;1
2014;rf;14805256;Askim-Frölunda-Högsbo, Nygård;HANDSKRIVNA;0;1
2014;rf;14805256;Askim-Frölunda-Högsbo, Nygård;ÖVRIGA_FGVAL;0;21
2014;rf;14805256;Askim-Frölunda-Högsbo, Nygård;BLANK;7;11
2014;rf;14805256;Askim-Frölunda-Högsbo, Nygård;OG;0;0
2014;rf;14805257;Askim-Frölunda-Högsbo, Skintebo;M;301;406
2014;rf;14805257;Askim-Frölunda-Högsbo, Skintebo;C;73;43
2014;rf;14805257;Askim-Frölunda-Högsbo, Skintebo;L;126;163
2014;rf;14805257;Askim-Frölunda-Högsbo, Skintebo;KD;86;62
2014;rf;14805257;Askim-Frölunda-Högsbo, Skintebo;S;155;147
2014;rf;14805257;Askim-Frölunda-Högsbo, Skintebo;V;51;53
2014;rf;14805257;Askim-Frölunda-Högsbo, Skintebo;MP;73;102
2014;rf;14805257;Askim-Frölunda-Högsbo, Skintebo;SD;80;55
2014;rf;14805257;Askim-Frölunda-Högsbo, Skintebo;FI;9;4
2014;rf;14805257;Askim-Frölunda-Högsbo, Skintebo;PP;0;4
2014;rf;14805257;Askim-Frölunda-Högsbo, Skintebo;SPVG;0;2
2014;rf;14805257;Askim-Frölunda-Högsbo, Skintebo;HANDSKRIVNA;3;4
2014;rf;14805257;Askim-Frölunda-Högsbo, Skintebo;ÖVRIGA_FGVAL;0;20
2014;rf;14805257;Askim-Frölunda-Högsbo, Skintebo;BLANK;8;10
2014;rf;14805257;Askim-Frölunda-Högsbo, Skintebo;OG;0;0
2014;rf;14806011;Angered, Lövgärdet, Nedre;M;93;107
2014;rf;14806011;Angered, Lövgärdet, Nedre;C;16;4
2014;rf;14806011;Angered, Lövgärdet, Nedre;L;24;27
2014;rf;14806011;Angered, Lövgärdet, Nedre;KD;29;17
2014;rf;14806011;Angered, Lövgärdet, Nedre;S;558;673
2014;rf;14806011;Angered, Lövgärdet, Nedre;V;197;156
2014;rf;14806011;Angered, Lövgärdet, Nedre;MP;51;59
2014;rf;14806011;Angered, Lövgärdet, Nedre;SD;132;105
2014;rf;14806011;Angered, Lövgärdet, Nedre;FI;2;1
2014;rf;14806011;Angered, Lövgärdet, Nedre;RS;29;14
2014;rf;14806011;Angered, Lövgärdet, Nedre;KRVP;0;2
2014;rf;14806011;Angered, Lövgärdet, Nedre;PP;0;4
2014;rf;14806011;Angered, Lövgärdet, Nedre;SPVG;0;4
2014;rf;14806011;Angered, Lövgärdet, Nedre;HANDSKRIVNA;1;4
2014;rf;14806011;Angered, Lövgärdet, Nedre;ÖVRIGA_FGVAL;0;11
2014;rf;14806011;Angered, Lövgärdet, Nedre;BLANK;8;8
2014;rf;14806011;Angered, Lövgärdet, Nedre;OG;2;1
2014;rf;14806012;Angered, Lövgärdet, Övre;M;52;44
2014;rf;14806012;Angered, Lövgärdet, Övre;C;15;4
2014;rf;14806012;Angered, Lövgärdet, Övre;L;11;14
2014;rf;14806012;Angered, Lövgärdet, Övre;KD;18;5
2014;rf;14806012;Angered, Lövgärdet, Övre;S;567;549
2014;rf;14806012;Angered, Lövgärdet, Övre;V;163;128
2014;rf;14806012;Angered, Lövgärdet, Övre;MP;60;55
2014;rf;14806012;Angered, Lövgärdet, Övre;SD;102;70
2014;rf;14806012;Angered, Lövgärdet, Övre;FI;8;0
2014;rf;14806012;Angered, Lövgärdet, Övre;RS;29;15
2014;rf;14806012;Angered, Lövgärdet, Övre;SPVG;2;3
2014;rf;14806012;Angered, Lövgärdet, Övre;KRVP;1;3
2014;rf;14806012;Angered, Lövgärdet, Övre;PP;0;9
2014;rf;14806012;Angered, Lövgärdet, Övre;HANDSKRIVNA;1;4
2014;rf;14806012;Angered, Lövgärdet, Övre;ÖVRIGA_FGVAL;0;5
2014;rf;14806012;Angered, Lövgärdet, Övre;BLANK;2;7
2014;rf;14806012;Angered, Lövgärdet, Övre;OG;1;0
2014;rf;14806013;Angered, Lövgärdets Centrum;M;48;55
2014;rf;14806013;Angered, Lövgärdets Centrum;C;13;5
2014;rf;14806013;Angered, Lövgärdets Centrum;L;10;16
2014;rf;14806013;Angered, Lövgärdets Centrum;KD;13;7
2014;rf;14806013;Angered, Lövgärdets Centrum;S;394;369
2014;rf;14806013;Angered, Lövgärdets Centrum;V;119;84
2014;rf;14806013;Angered, Lövgärdets Centrum;MP;21;37
2014;rf;14806013;Angered, Lövgärdets Centrum;SD;86;68
2014;rf;14806013;Angered, Lövgärdets Centrum;FI;2;3
2014;rf;14806013;Angered, Lövgärdets Centrum;RS;27;4
2014;rf;14806013;Angered, Lövgärdets Centrum;KRVP;1;1
2014;rf;14806013;Angered, Lövgärdets Centrum;PP;0;1
2014;rf;14806013;Angered, Lövgärdets Centrum;SPVG;0;1
2014;rf;14806013;Angered, Lövgärdets Centrum;HANDSKRIVNA;0;4
2014;rf;14806013;Angered, Lövgärdets Centrum;ÖVRIGA_FGVAL;0;6
2014;rf;14806013;Angered, Lövgärdets Centrum;BLANK;9;7
2014;rf;14806013;Angered, Lövgärdets Centrum;OG;0;0
2014;rf;14806021;Angered, Rannebergen, Norra;M;114;164
2014;rf;14806021;Angered, Rannebergen, Norra;C;33;19
2014;rf;14806021;Angered, Rannebergen, Norra;L;33;48
2014;rf;14806021;Angered, Rannebergen, Norra;KD;60;44
2014;rf;14806021;Angered, Rannebergen, Norra;S;463;438
2014;rf;14806021;Angered, Rannebergen, Norra;V;180;182
2014;rf;14806021;Angered, Rannebergen, Norra;MP;46;110
2014;rf;14806021;Angered, Rannebergen, Norra;SD;155;135
2014;rf;14806021;Angered, Rannebergen, Norra;FI;5;4
2014;rf;14806021;Angered, Rannebergen, Norra;RS;14;8
2014;rf;14806021;Angered, Rannebergen, Norra;KRVP;3;7
2014;rf;14806021;Angered, Rannebergen, Norra;SPVG;3;7
2014;rf;14806021;Angered, Rannebergen, Norra;PP;0;5
2014;rf;14806021;Angered, Rannebergen, Norra;HANDSKRIVNA;1;9
2014;rf;14806021;Angered, Rannebergen, Norra;ÖVRIGA_FGVAL;0;16
2014;rf;14806021;Angered, Rannebergen, Norra;BLANK;17;13
2014;rf;14806021;Angered, Rannebergen, Norra;OG;0;0
2014;rf;14806022;Angered, Rannebergen, Södra;M;39;54
2014;rf;14806022;Angered, Rannebergen, Södra;C;16;5
2014;rf;14806022;Angered, Rannebergen, Södra;L;22;20
2014;rf;14806022;Angered, Rannebergen, Södra;KD;19;15
2014;rf;14806022;Angered, Rannebergen, Södra;S;484;452
2014;rf;14806022;Angered, Rannebergen, Södra;V;159;121
2014;rf;14806022;Angered, Rannebergen, Södra;MP;72;85
2014;rf;14806022;Angered, Rannebergen, Södra;SD;174;161
2014;rf;14806022;Angered, Rannebergen, Södra;FI;4;3
2014;rf;14806022;Angered, Rannebergen, Södra;RS;30;18
2014;rf;14806022;Angered, Rannebergen, Södra;SPVG;2;11
2014;rf;14806022;Angered, Rannebergen, Södra;PP;0;10
2014;rf;14806022;Angered, Rannebergen, Södra;HANDSKRIVNA;1;10
2014;rf;14806022;Angered, Rannebergen, Södra;ÖVRIGA_FGVAL;0;5
2014;rf;14806022;Angered, Rannebergen, Södra;BLANK;6;9
2014;rf;14806022;Angered, Rannebergen, Södra;OG;1;2
2014;rf;14806032;Angered, Gårdsten, Södra;M;37;46
2014;rf;14806032;Angered, Gårdsten, Södra;C;5;2
2014;rf;14806032;Angered, Gårdsten, Södra;L;11;14
2014;rf;14806032;Angered, Gårdsten, Södra;KD;12;12
2014;rf;14806032;Angered, Gårdsten, Södra;S;319;253
2014;rf;14806032;Angered, Gårdsten, Södra;V;86;63
2014;rf;14806032;Angered, Gårdsten, Södra;MP;39;58
2014;rf;14806032;Angered, Gårdsten, Södra;SD;49;30
2014;rf;14806032;Angered, Gårdsten, Södra;FI;3;0
2014;rf;14806032;Angered, Gårdsten, Södra;RS;9;11
2014;rf;14806032;Angered, Gårdsten, Södra;PP;0;4
2014;rf;14806032;Angered, Gårdsten, Södra;HANDSKRIVNA;0;1
2014;rf;14806032;Angered, Gårdsten, Södra;ÖVRIGA_FGVAL;0;4
2014;rf;14806032;Angered, Gårdsten, Södra;BLANK;2;5
2014;rf;14806032;Angered, Gårdsten, Södra;OG;0;0
2014;rf;14806034;Angered, Gårdsten, Östra;M;56;83
2014;rf;14806034;Angered, Gårdsten, Östra;C;9;5
2014;rf;14806034;Angered, Gårdsten, Östra;L;20;26
2014;rf;14806034;Angered, Gårdsten, Östra;KD;34;22
2014;rf;14806034;Angered, Gårdsten, Östra;S;487;397
2014;rf;14806034;Angered, Gårdsten, Östra;V;93;86
2014;rf;14806034;Angered, Gårdsten, Östra;MP;44;75
2014;rf;14806034;Angered, Gårdsten, Östra;SD;84;59
2014;rf;14806034;Angered, Gårdsten, Östra;FI;3;1
2014;rf;14806034;Angered, Gårdsten, Östra;RS;7;6
2014;rf;14806034;Angered, Gårdsten, Östra;SPVG;1;4
2014;rf;14806034;Angered, Gårdsten, Östra;PP;0;6
2014;rf;14806034;Angered, Gårdsten, Östra;HANDSKRIVNA;0;2
2014;rf;14806034;Angered, Gårdsten, Östra;ÖVRIGA_FGVAL;0;5
2014;rf;14806034;Angered, Gårdsten, Östra;BLANK;5;2
2014;rf;14806034;Angered, Gårdsten, Östra;OG;0;1
2014;rf;14806041;Angered, Angereds Centrum;M;113;85
2014;rf;14806041;Angered, Angereds Centrum;C;20;15
2014;rf;14806041;Angered, Angereds Centrum;L;22;24
2014;rf;14806041;Angered, Angereds Centrum;KD;49;30
2014;rf;14806041;Angered, Angereds Centrum;S;462;533
2014;rf;14806041;Angered, Angereds Centrum;V;216;149
2014;rf;14806041;Angered, Angereds Centrum;MP;39;99
2014;rf;14806041;Angered, Angereds Centrum;SD;128;67
2014;rf;14806041;Angered, Angereds Centrum;FI;5;0
2014;rf;14806041;Angered, Angereds Centrum;RS;14;10
2014;rf;14806041;Angered, Angereds Centrum;KRVP;4;11
2014;rf;14806041;Angered, Angereds Centrum;SPVG;1;6
2014;rf;14806041;Angered, Angereds Centrum;PP;0;4
2014;rf;14806041;Angered, Angereds Centrum;HANDSKRIVNA;0;6
2014;rf;14806041;Angered, Angereds Centrum;ÖVRIGA_FGVAL;0;17
2014;rf;14806041;Angered, Angereds Centrum;BLANK;4;10
2014;rf;14806041;Angered, Angereds Centrum;OG;0;1
2014;rf;14806042;Angered, Trägårdsgärdet;M;87;79
2014;rf;14806042;Angered, Trägårdsgärdet;C;33;10
2014;rf;14806042;Angered, Trägårdsgärdet;L;20;29
2014;rf;14806042;Angered, Trägårdsgärdet;KD;37;27
2014;rf;14806042;Angered, Trägårdsgärdet;S;344;391
2014;rf;14806042;Angered, Trägårdsgärdet;V;145;119
2014;rf;14806042;Angered, Trägårdsgärdet;MP;38;78
2014;rf;14806042;Angered, Trägårdsgärdet;SD;95;57
2014;rf;14806042;Angered, Trägårdsgärdet;FI;3;3
2014;rf;14806042;Angered, Trägårdsgärdet;SPVG;6;4
2014;rf;14806042;Angered, Trägårdsgärdet;KRVP;2;1
2014;rf;14806042;Angered, Trägårdsgärdet;RS;2;9
2014;rf;14806042;Angered, Trägårdsgärdet;PP;0;6
2014;rf;14806042;Angered, Trägårdsgärdet;HANDSKRIVNA;0;6
2014;rf;14806042;Angered, Trägårdsgärdet;ÖVRIGA_FGVAL;0;6
2014;rf;14806042;Angered, Trägårdsgärdet;BLANK;5;12
2014;rf;14806042;Angered, Trägårdsgärdet;OG;0;2
2014;rf;14806051;Angered, Agnesberg;M;69;99
2014;rf;14806051;Angered, Agnesberg;C;12;6
2014;rf;14806051;Angered, Agnesberg;L;20;20
2014;rf;14806051;Angered, Agnesberg;KD;40;22
2014;rf;14806051;Angered, Agnesberg;S;160;163
2014;rf;14806051;Angered, Agnesberg;V;63;58
2014;rf;14806051;Angered, Agnesberg;MP;30;47
2014;rf;14806051;Angered, Agnesberg;SD;82;66
2014;rf;14806051;Angered, Agnesberg;FI;7;3
2014;rf;14806051;Angered, Agnesberg;RS;3;3
2014;rf;14806051;Angered, Agnesberg;PP;0;4
2014;rf;14806051;Angered, Agnesberg;SPVG;0;1
2014;rf;14806051;Angered, Agnesberg;HANDSKRIVNA;0;2
2014;rf;14806051;Angered, Agnesberg;ÖVRIGA_FGVAL;0;12
2014;rf;14806051;Angered, Agnesberg;BLANK;11;8
2014;rf;14806051;Angered, Agnesberg;OG;0;0
2014;rf;14806101;Angered, Gunnilse-Linnarhult;M;208;258
2014;rf;14806101;Angered, Gunnilse-Linnarhult;C;64;33
2014;rf;14806101;Angered, Gunnilse-Linnarhult;L;95;89
2014;rf;14806101;Angered, Gunnilse-Linnarhult;KD;131;82
2014;rf;14806101;Angered, Gunnilse-Linnarhult;S;281;310
2014;rf;14806101;Angered, Gunnilse-Linnarhult;V;129;107
2014;rf;14806101;Angered, Gunnilse-Linnarhult;MP;59;90
2014;rf;14806101;Angered, Gunnilse-Linnarhult;SD;201;151
2014;rf;14806101;Angered, Gunnilse-Linnarhult;FI;6;1
2014;rf;14806101;Angered, Gunnilse-Linnarhult;KRVP;3;2
2014;rf;14806101;Angered, Gunnilse-Linnarhult;SPVG;3;9
2014;rf;14806101;Angered, Gunnilse-Linnarhult;RS;1;5
2014;rf;14806101;Angered, Gunnilse-Linnarhult;PP;0;6
2014;rf;14806101;Angered, Gunnilse-Linnarhult;HANDSKRIVNA;2;7
2014;rf;14806101;Angered, Gunnilse-Linnarhult;ÖVRIGA_FGVAL;0;30
2014;rf;14806101;Angered, Gunnilse-Linnarhult;BLANK;10;7
2014;rf;14806101;Angered, Gunnilse-Linnarhult;OG;0;1
2014;rf;14806121;Angered, Bläsebo;M;56;69
2014;rf;14806121;Angered, Bläsebo;C;23;9
2014;rf;14806121;Angered, Bläsebo;L;21;22
2014;rf;14806121;Angered, Bläsebo;KD;28;17
2014;rf;14806121;Angered, Bläsebo;S;382;397
2014;rf;14806121;Angered, Bläsebo;V;151;138
2014;rf;14806121;Angered, Bläsebo;MP;41;80
2014;rf;14806121;Angered, Bläsebo;SD;82;54
2014;rf;14806121;Angered, Bläsebo;FI;8;3
2014;rf;14806121;Angered, Bläsebo;RS;13;14
2014;rf;14806121;Angered, Bläsebo;KRVP;1;1
2014;rf;14806121;Angered, Bläsebo;PP;0;3
2014;rf;14806121;Angered, Bläsebo;SPVG;0;1
2014;rf;14806121;Angered, Bläsebo;HANDSKRIVNA;0;9
2014;rf;14806121;Angered, Bläsebo;ÖVRIGA_FGVAL;0;7
2014;rf;14806121;Angered, Bläsebo;BLANK;2;3
2014;rf;14806121;Angered, Bläsebo;OG;1;1
2014;rf;14806122;Angered, Hjällbo, Norra;M;71;59
2014;rf;14806122;Angered, Hjällbo, Norra;C;24;6
2014;rf;14806122;Angered, Hjällbo, Norra;L;7;12
2014;rf;14806122;Angered, Hjällbo, Norra;KD;26;12
2014;rf;14806122;Angered, Hjällbo, Norra;S;463;359
2014;rf;14806122;Angered, Hjällbo, Norra;V;151;115
2014;rf;14806122;Angered, Hjällbo, Norra;MP;101;168
2014;rf;14806122;Angered, Hjällbo, Norra;SD;39;19
2014;rf;14806122;Angered, Hjällbo, Norra;FI;6;1
2014;rf;14806122;Angered, Hjällbo, Norra;RS;14;16
2014;rf;14806122;Angered, Hjällbo, Norra;KRVP;0;1
2014;rf;14806122;Angered, Hjällbo, Norra;PP;0;3
2014;rf;14806122;Angered, Hjällbo, Norra;SPVG;0;1
2014;rf;14806122;Angered, Hjällbo, Norra;HANDSKRIVNA;2;3
2014;rf;14806122;Angered, Hjällbo, Norra;ÖVRIGA_FGVAL;0;6
2014;rf;14806122;Angered, Hjällbo, Norra;BLANK;8;5
2014;rf;14806122;Angered, Hjällbo, Norra;OG;0;0
2014;rf;14806123;Angered, Hjällbo, Södra;M;30;50
2014;rf;14806123;Angered, Hjällbo, Södra;C;19;5
2014;rf;14806123;Angered, Hjällbo, Södra;L;6;16
2014;rf;14806123;Angered, Hjällbo, Södra;KD;14;9
2014;rf;14806123;Angered, Hjällbo, Södra;S;291;227
2014;rf;14806123;Angered, Hjällbo, Södra;V;107;80
2014;rf;14806123;Angered, Hjällbo, Södra;MP;112;105
2014;rf;14806123;Angered, Hjällbo, Södra;SD;14;8
2014;rf;14806123;Angered, Hjällbo, Södra;FI;6;0
2014;rf;14806123;Angered, Hjällbo, Södra;RS;11;7
2014;rf;14806123;Angered, Hjällbo, Södra;KRVP;3;2
2014;rf;14806123;Angered, Hjällbo, Södra;PP;0;1
2014;rf;14806123;Angered, Hjällbo, Södra;SPVG;0;2
2014;rf;14806123;Angered, Hjällbo, Södra;HANDSKRIVNA;0;4
2014;rf;14806123;Angered, Hjällbo, Södra;ÖVRIGA_FGVAL;0;5
2014;rf;14806123;Angered, Hjällbo, Södra;BLANK;3;0
2014;rf;14806123;Angered, Hjällbo, Södra;OG;0;0
2014;rf;14806124;Angered, Skolspåret;M;57;46
2014;rf;14806124;Angered, Skolspåret;C;11;2
2014;rf;14806124;Angered, Skolspåret;L;9;13
2014;rf;14806124;Angered, Skolspåret;KD;14;15
2014;rf;14806124;Angered, Skolspåret;S;318;316
2014;rf;14806124;Angered, Skolspåret;V;146;104
2014;rf;14806124;Angered, Skolspåret;MP;59;75
2014;rf;14806124;Angered, Skolspåret;SD;27;14
2014;rf;14806124;Angered, Skolspåret;FI;2;3
2014;rf;14806124;Angered, Skolspåret;RS;8;15
2014;rf;14806124;Angered, Skolspåret;PP;0;3
2014;rf;14806124;Angered, Skolspåret;SPVG;0;6
2014;rf;14806124;Angered, Skolspåret;HANDSKRIVNA;0;3
2014;rf;14806124;Angered, Skolspåret;ÖVRIGA_FGVAL;0;1
2014;rf;14806124;Angered, Skolspåret;BLANK;3;1
2014;rf;14806124;Angered, Skolspåret;OG;2;1
2014;rf;14806131;Angered, Eriksbo;M;80;77
2014;rf;14806131;Angered, Eriksbo;C;23;6
2014;rf;14806131;Angered, Eriksbo;L;23;13
2014;rf;14806131;Angered, Eriksbo;KD;24;18
2014;rf;14806131;Angered, Eriksbo;S;466;468
2014;rf;14806131;Angered, Eriksbo;V;209;162
2014;rf;14806131;Angered, Eriksbo;MP;71;103
2014;rf;14806131;Angered, Eriksbo;SD;118;108
2014;rf;14806131;Angered, Eriksbo;FI;10;4
2014;rf;14806131;Angered, Eriksbo;RS;13;24
2014;rf;14806131;Angered, Eriksbo;SPVG;5;9
2014;rf;14806131;Angered, Eriksbo;KRVP;4;2
2014;rf;14806131;Angered, Eriksbo;PP;0;2
2014;rf;14806131;Angered, Eriksbo;HANDSKRIVNA;4;5
2014;rf;14806131;Angered, Eriksbo;ÖVRIGA_FGVAL;0;17
2014;rf;14806131;Angered, Eriksbo;BLANK;13;6
2014;rf;14806131;Angered, Eriksbo;OG;2;0
2014;rf;14807021;Västra Hisingen, Länsmansgården, C;M;84;53
2014;rf;14807021;Västra Hisingen, Länsmansgården, C;C;26;14
2014;rf;14807021;Västra Hisingen, Länsmansgården, C;L;21;24
2014;rf;14807021;Västra Hisingen, Länsmansgården, C;KD;20;20
2014;rf;14807021;Västra Hisingen, Länsmansgården, C;S;321;386
2014;rf;14807021;Västra Hisingen, Länsmansgården, C;V;162;115
2014;rf;14807021;Västra Hisingen, Länsmansgården, C;MP;48;67
2014;rf;14807021;Västra Hisingen, Länsmansgården, C;SD;140;103
2014;rf;14807021;Västra Hisingen, Länsmansgården, C;FI;8;3
2014;rf;14807021;Västra Hisingen, Länsmansgården, C;SPVG;4;6
2014;rf;14807021;Västra Hisingen, Länsmansgården, C;RS;1;2
2014;rf;14807021;Västra Hisingen, Länsmansgården, C;PP;0;7
2014;rf;14807021;Västra Hisingen, Länsmansgården, C;HANDSKRIVNA;4;3
2014;rf;14807021;Västra Hisingen, Länsmansgården, C;ÖVRIGA_FGVAL;0;12
2014;rf;14807021;Västra Hisingen, Länsmansgården, C;BLANK;8;10
2014;rf;14807021;Västra Hisingen, Länsmansgården, C;OG;1;0
2014;rf;14807022;Västra Hisingen, Länsmansgården, N;M;99;134
2014;rf;14807022;Västra Hisingen, Länsmansgården, N;C;25;14
2014;rf;14807022;Västra Hisingen, Länsmansgården, N;L;26;37
2014;rf;14807022;Västra Hisingen, Länsmansgården, N;KD;37;23
2014;rf;14807022;Västra Hisingen, Länsmansgården, N;S;313;328
2014;rf;14807022;Västra Hisingen, Länsmansgården, N;V;137;112
2014;rf;14807022;Västra Hisingen, Länsmansgården, N;MP;38;35
2014;rf;14807022;Västra Hisingen, Länsmansgården, N;SD;147;110
2014;rf;14807022;Västra Hisingen, Länsmansgården, N;FI;12;3
2014;rf;14807022;Västra Hisingen, Länsmansgården, N;SPVG;2;3
2014;rf;14807022;Västra Hisingen, Länsmansgården, N;RS;1;1
2014;rf;14807022;Västra Hisingen, Länsmansgården, N;PP;0;11
2014;rf;14807022;Västra Hisingen, Länsmansgården, N;HANDSKRIVNA;2;5
2014;rf;14807022;Västra Hisingen, Länsmansgården, N;ÖVRIGA_FGVAL;0;23
2014;rf;14807022;Västra Hisingen, Länsmansgården, N;BLANK;6;9
2014;rf;14807022;Västra Hisingen, Länsmansgården, N;OG;0;0
2014;rf;14807023;Västra Hisingen, Länsmansgården, S;M;44;44
2014;rf;14807023;Västra Hisingen, Länsmansgården, S;C;13;0
2014;rf;14807023;Västra Hisingen, Länsmansgården, S;L;9;11
2014;rf;14807023;Västra Hisingen, Länsmansgården, S;KD;10;10
2014;rf;14807023;Västra Hisingen, Länsmansgården, S;S;376;340
2014;rf;14807023;Västra Hisingen, Länsmansgården, S;V;88;74
2014;rf;14807023;Västra Hisingen, Länsmansgården, S;MP;71;50
2014;rf;14807023;Västra Hisingen, Länsmansgården, S;SD;79;63
2014;rf;14807023;Västra Hisingen, Länsmansgården, S;FI;2;0
2014;rf;14807023;Västra Hisingen, Länsmansgården, S;PP;0;4
2014;rf;14807023;Västra Hisingen, Länsmansgården, S;HANDSKRIVNA;0;6
2014;rf;14807023;Västra Hisingen, Länsmansgården, S;ÖVRIGA_FGVAL;0;9
2014;rf;14807023;Västra Hisingen, Länsmansgården, S;BLANK;10;8
2014;rf;14807023;Västra Hisingen, Länsmansgården, S;OG;0;2
