ar_fg;val;kod_2018;namn_2018;parti;roster_2018;roster_fgval
2014;kf;14800000;Uppsamlingsdistrikt;M;1424;1783
2014;kf;14800000;Uppsamlingsdistrikt;C;505;278
2014;kf;14800000;Uppsamlingsdistrikt;L;581;550
2014;kf;14800000;Uppsamlingsdistrikt;KD;404;217
2014;kf;14800000;Uppsamlingsdistrikt;S;1859;1706
2014;kf;14800000;Uppsamlingsdistrikt;V;1235;799
2014;kf;14800000;Uppsamlingsdistrikt;MP;785;1287
2014;kf;14800000;Uppsamlingsdistrikt;SD;649;458
2014;kf;14800000;Uppsamlingsdistrikt;FI;265;404
2014;kf;14800000;Uppsamlingsdistrikt;VÄGV;63;125
2014;kf;14800000;Uppsamlingsdistrikt;K;27;29
2014;kf;14800000;Uppsamlingsdistrikt;RS;15;19
2014;kf;14800000;Uppsamlingsdistrikt;PP;14;45
2014;kf;14800000;Uppsamlingsdistrikt;DJUP;12;10
2014;kf;14800000;Uppsamlingsdistrikt;KRVP;3;4
2014;kf;14800000;Uppsamlingsdistrikt;ENH;0;10
2014;kf;14800000;Uppsamlingsdistrikt;HANDSKRIVNA;21;38
2014;kf;14800000;Uppsamlingsdistrikt;ÖVRIGA_FGVAL;0;76
2014;kf;14800000;Uppsamlingsdistrikt;BLANK;107;154
2014;kf;14800000;Uppsamlingsdistrikt;OG;27;20
2014;kf;14801032;Majorna-Linné, Godhem;M;77;118
2014;kf;14801032;Majorna-Linné, Godhem;C;38;17
2014;kf;14801032;Majorna-Linné, Godhem;L;59;70
2014;kf;14801032;Majorna-Linné, Godhem;KD;26;32
2014;kf;14801032;Majorna-Linné, Godhem;S;160;153
2014;kf;14801032;Majorna-Linné, Godhem;V;307;217
2014;kf;14801032;Majorna-Linné, Godhem;MP;116;158
2014;kf;14801032;Majorna-Linné, Godhem;SD;53;43
2014;kf;14801032;Majorna-Linné, Godhem;FI;66;95
2014;kf;14801032;Majorna-Linné, Godhem;VÄGV;30;36
2014;kf;14801032;Majorna-Linné, Godhem;K;14;13
2014;kf;14801032;Majorna-Linné, Godhem;DJUP;3;4
2014;kf;14801032;Majorna-Linné, Godhem;PP;3;4
2014;kf;14801032;Majorna-Linné, Godhem;ENH;0;5
2014;kf;14801032;Majorna-Linné, Godhem;RS;0;1
2014;kf;14801032;Majorna-Linné, Godhem;HANDSKRIVNA;2;1
2014;kf;14801032;Majorna-Linné, Godhem;ÖVRIGA_FGVAL;0;34
2014;kf;14801032;Majorna-Linné, Godhem;BLANK;11;8
2014;kf;14801032;Majorna-Linné, Godhem;OG;1;0
2014;kf;14801042;Majorna-Linné, Gatenhielmska;M;82;108
2014;kf;14801042;Majorna-Linné, Gatenhielmska;C;28;29
2014;kf;14801042;Majorna-Linné, Gatenhielmska;L;55;59
2014;kf;14801042;Majorna-Linné, Gatenhielmska;KD;17;19
2014;kf;14801042;Majorna-Linné, Gatenhielmska;S;192;180
2014;kf;14801042;Majorna-Linné, Gatenhielmska;V;306;206
2014;kf;14801042;Majorna-Linné, Gatenhielmska;MP;108;191
2014;kf;14801042;Majorna-Linné, Gatenhielmska;SD;77;49
2014;kf;14801042;Majorna-Linné, Gatenhielmska;FI;59;125
2014;kf;14801042;Majorna-Linné, Gatenhielmska;VÄGV;14;35
2014;kf;14801042;Majorna-Linné, Gatenhielmska;K;20;19
2014;kf;14801042;Majorna-Linné, Gatenhielmska;DJUP;6;1
2014;kf;14801042;Majorna-Linné, Gatenhielmska;PP;2;6
2014;kf;14801042;Majorna-Linné, Gatenhielmska;ENH;0;4
2014;kf;14801042;Majorna-Linné, Gatenhielmska;RS;0;4
2014;kf;14801042;Majorna-Linné, Gatenhielmska;HANDSKRIVNA;1;3
2014;kf;14801042;Majorna-Linné, Gatenhielmska;ÖVRIGA_FGVAL;0;29
2014;kf;14801042;Majorna-Linné, Gatenhielmska;BLANK;7;9
2014;kf;14801042;Majorna-Linné, Gatenhielmska;OG;0;0
2014;kf;14801053;Majorna-Linné, Masthuggstorget;M;174;264
2014;kf;14801053;Majorna-Linné, Masthuggstorget;C;45;39
2014;kf;14801053;Majorna-Linné, Masthuggstorget;L;96;92
2014;kf;14801053;Majorna-Linné, Masthuggstorget;KD;30;30
2014;kf;14801053;Majorna-Linné, Masthuggstorget;S;194;196
2014;kf;14801053;Majorna-Linné, Masthuggstorget;V;141;106
2014;kf;14801053;Majorna-Linné, Masthuggstorget;MP;75;140
2014;kf;14801053;Majorna-Linné, Masthuggstorget;SD;83;53
2014;kf;14801053;Majorna-Linné, Masthuggstorget;FI;20;54
2014;kf;14801053;Majorna-Linné, Masthuggstorget;VÄGV;9;35
2014;kf;14801053;Majorna-Linné, Masthuggstorget;K;9;15
2014;kf;14801053;Majorna-Linné, Masthuggstorget;DJUP;3;2
2014;kf;14801053;Majorna-Linné, Masthuggstorget;PP;3;6
2014;kf;14801053;Majorna-Linné, Masthuggstorget;RS;0;1
2014;kf;14801053;Majorna-Linné, Masthuggstorget;HANDSKRIVNA;1;2
2014;kf;14801053;Majorna-Linné, Masthuggstorget;ÖVRIGA_FGVAL;0;16
2014;kf;14801053;Majorna-Linné, Masthuggstorget;BLANK;6;9
2014;kf;14801053;Majorna-Linné, Masthuggstorget;OG;0;0
2014;kf;14801056;Majorna-Linné, Slottsskogen;M;103;165
2014;kf;14801056;Majorna-Linné, Slottsskogen;C;34;14
2014;kf;14801056;Majorna-Linné, Slottsskogen;L;88;80
2014;kf;14801056;Majorna-Linné, Slottsskogen;KD;19;21
2014;kf;14801056;Majorna-Linné, Slottsskogen;S;163;162
2014;kf;14801056;Majorna-Linné, Slottsskogen;V;167;120
2014;kf;14801056;Majorna-Linné, Slottsskogen;MP;75;125
2014;kf;14801056;Majorna-Linné, Slottsskogen;SD;54;63
2014;kf;14801056;Majorna-Linné, Slottsskogen;FI;31;58
2014;kf;14801056;Majorna-Linné, Slottsskogen;VÄGV;11;35
2014;kf;14801056;Majorna-Linné, Slottsskogen;K;8;9
2014;kf;14801056;Majorna-Linné, Slottsskogen;DJUP;2;1
2014;kf;14801056;Majorna-Linné, Slottsskogen;KRVP;1;1
2014;kf;14801056;Majorna-Linné, Slottsskogen;ENH;0;4
2014;kf;14801056;Majorna-Linné, Slottsskogen;HANDSKRIVNA;3;4
2014;kf;14801056;Majorna-Linné, Slottsskogen;ÖVRIGA_FGVAL;0;30
2014;kf;14801056;Majorna-Linné, Slottsskogen;BLANK;8;10
2014;kf;14801056;Majorna-Linné, Slottsskogen;OG;0;0
2014;kf;14801058;Majorna-Linné, Vegastaden;M;139;196
2014;kf;14801058;Majorna-Linné, Vegastaden;C;49;33
2014;kf;14801058;Majorna-Linné, Vegastaden;L;94;87
2014;kf;14801058;Majorna-Linné, Vegastaden;KD;22;26
2014;kf;14801058;Majorna-Linné, Vegastaden;S;154;157
2014;kf;14801058;Majorna-Linné, Vegastaden;V;229;176
2014;kf;14801058;Majorna-Linné, Vegastaden;MP;103;146
2014;kf;14801058;Majorna-Linné, Vegastaden;SD;75;63
2014;kf;14801058;Majorna-Linné, Vegastaden;FI;39;83
2014;kf;14801058;Majorna-Linné, Vegastaden;VÄGV;11;58
2014;kf;14801058;Majorna-Linné, Vegastaden;K;13;4
2014;kf;14801058;Majorna-Linné, Vegastaden;DJUP;2;4
2014;kf;14801058;Majorna-Linné, Vegastaden;PP;2;7
2014;kf;14801058;Majorna-Linné, Vegastaden;RS;1;1
2014;kf;14801058;Majorna-Linné, Vegastaden;ENH;0;1
2014;kf;14801058;Majorna-Linné, Vegastaden;HANDSKRIVNA;1;3
2014;kf;14801058;Majorna-Linné, Vegastaden;ÖVRIGA_FGVAL;0;30
2014;kf;14801058;Majorna-Linné, Vegastaden;BLANK;6;4
2014;kf;14801058;Majorna-Linné, Vegastaden;OG;0;0
2014;kf;14801061;Majorna-Linné, Änggården;M;154;267
2014;kf;14801061;Majorna-Linné, Änggården;C;37;25
2014;kf;14801061;Majorna-Linné, Änggården;L;125;171
2014;kf;14801061;Majorna-Linné, Änggården;KD;35;61
2014;kf;14801061;Majorna-Linné, Änggården;S;109;95
2014;kf;14801061;Majorna-Linné, Änggården;V;102;77
2014;kf;14801061;Majorna-Linné, Änggården;MP;100;139
2014;kf;14801061;Majorna-Linné, Änggården;SD;25;24
2014;kf;14801061;Majorna-Linné, Änggården;FI;17;46
2014;kf;14801061;Majorna-Linné, Änggården;VÄGV;16;46
2014;kf;14801061;Majorna-Linné, Änggården;K;7;4
2014;kf;14801061;Majorna-Linné, Änggården;DJUP;2;5
2014;kf;14801061;Majorna-Linné, Änggården;PP;2;3
2014;kf;14801061;Majorna-Linné, Änggården;ENH;0;2
2014;kf;14801061;Majorna-Linné, Änggården;RS;0;1
2014;kf;14801061;Majorna-Linné, Änggården;HANDSKRIVNA;5;2
2014;kf;14801061;Majorna-Linné, Änggården;ÖVRIGA_FGVAL;0;21
2014;kf;14801061;Majorna-Linné, Änggården;BLANK;5;7
2014;kf;14801061;Majorna-Linné, Änggården;OG;1;0
2014;kf;14801091;Majorna-Linné, Kommendantsängen;M;213;318
2014;kf;14801091;Majorna-Linné, Kommendantsängen;C;67;43
2014;kf;14801091;Majorna-Linné, Kommendantsängen;L;118;147
2014;kf;14801091;Majorna-Linné, Kommendantsängen;KD;33;36
2014;kf;14801091;Majorna-Linné, Kommendantsängen;S;126;115
2014;kf;14801091;Majorna-Linné, Kommendantsängen;V;101;87
2014;kf;14801091;Majorna-Linné, Kommendantsängen;MP;71;127
2014;kf;14801091;Majorna-Linné, Kommendantsängen;SD;53;46
2014;kf;14801091;Majorna-Linné, Kommendantsängen;FI;21;69
2014;kf;14801091;Majorna-Linné, Kommendantsängen;VÄGV;17;52
2014;kf;14801091;Majorna-Linné, Kommendantsängen;K;6;4
2014;kf;14801091;Majorna-Linné, Kommendantsängen;DJUP;3;1
2014;kf;14801091;Majorna-Linné, Kommendantsängen;PP;3;4
2014;kf;14801091;Majorna-Linné, Kommendantsängen;ENH;0;2
2014;kf;14801091;Majorna-Linné, Kommendantsängen;KRVP;0;1
2014;kf;14801091;Majorna-Linné, Kommendantsängen;HANDSKRIVNA;2;2
2014;kf;14801091;Majorna-Linné, Kommendantsängen;ÖVRIGA_FGVAL;0;24
2014;kf;14801091;Majorna-Linné, Kommendantsängen;BLANK;5;12
2014;kf;14801091;Majorna-Linné, Kommendantsängen;OG;0;0
2014;kf;14801097;Majorna-Linné, Risåsen;M;197;281
2014;kf;14801097;Majorna-Linné, Risåsen;C;69;28
2014;kf;14801097;Majorna-Linné, Risåsen;L;113;105
2014;kf;14801097;Majorna-Linné, Risåsen;KD;34;33
2014;kf;14801097;Majorna-Linné, Risåsen;S;113;103
2014;kf;14801097;Majorna-Linné, Risåsen;V;129;99
2014;kf;14801097;Majorna-Linné, Risåsen;MP;102;153
2014;kf;14801097;Majorna-Linné, Risåsen;SD;35;36
2014;kf;14801097;Majorna-Linné, Risåsen;FI;26;42
2014;kf;14801097;Majorna-Linné, Risåsen;VÄGV;16;49
2014;kf;14801097;Majorna-Linné, Risåsen;DJUP;1;3
2014;kf;14801097;Majorna-Linné, Risåsen;KRVP;1;2
2014;kf;14801097;Majorna-Linné, Risåsen;PP;1;1
2014;kf;14801097;Majorna-Linné, Risåsen;ENH;0;3
2014;kf;14801097;Majorna-Linné, Risåsen;RS;0;1
2014;kf;14801097;Majorna-Linné, Risåsen;HANDSKRIVNA;1;2
2014;kf;14801097;Majorna-Linné, Risåsen;ÖVRIGA_FGVAL;0;26
2014;kf;14801097;Majorna-Linné, Risåsen;BLANK;6;10
2014;kf;14801097;Majorna-Linné, Risåsen;OG;0;0
2014;kf;14801098;Majorna-Linné, Sveaplan;M;207;351
2014;kf;14801098;Majorna-Linné, Sveaplan;C;38;28
2014;kf;14801098;Majorna-Linné, Sveaplan;L;140;197
2014;kf;14801098;Majorna-Linné, Sveaplan;KD;30;53
2014;kf;14801098;Majorna-Linné, Sveaplan;S;176;158
2014;kf;14801098;Majorna-Linné, Sveaplan;V;129;77
2014;kf;14801098;Majorna-Linné, Sveaplan;MP;94;131
2014;kf;14801098;Majorna-Linné, Sveaplan;SD;50;34
2014;kf;14801098;Majorna-Linné, Sveaplan;FI;19;45
2014;kf;14801098;Majorna-Linné, Sveaplan;VÄGV;16;56
2014;kf;14801098;Majorna-Linné, Sveaplan;DJUP;4;5
2014;kf;14801098;Majorna-Linné, Sveaplan;K;3;1
2014;kf;14801098;Majorna-Linné, Sveaplan;PP;1;4
2014;kf;14801098;Majorna-Linné, Sveaplan;ENH;0;2
2014;kf;14801098;Majorna-Linné, Sveaplan;HANDSKRIVNA;0;1
2014;kf;14801098;Majorna-Linné, Sveaplan;ÖVRIGA_FGVAL;0;62
2014;kf;14801098;Majorna-Linné, Sveaplan;BLANK;8;5
2014;kf;14801098;Majorna-Linné, Sveaplan;OG;0;0
2014;kf;14801103;Centrum, Getebergsäng;M;265;392
2014;kf;14801103;Centrum, Getebergsäng;C;52;39
2014;kf;14801103;Centrum, Getebergsäng;L;116;136
2014;kf;14801103;Centrum, Getebergsäng;KD;32;48
2014;kf;14801103;Centrum, Getebergsäng;S;161;150
2014;kf;14801103;Centrum, Getebergsäng;V;94;66
2014;kf;14801103;Centrum, Getebergsäng;MP;93;124
2014;kf;14801103;Centrum, Getebergsäng;SD;73;63
2014;kf;14801103;Centrum, Getebergsäng;FI;27;52
2014;kf;14801103;Centrum, Getebergsäng;VÄGV;25;54
2014;kf;14801103;Centrum, Getebergsäng;K;2;4
2014;kf;14801103;Centrum, Getebergsäng;PP;1;7
2014;kf;14801103;Centrum, Getebergsäng;RS;1;1
2014;kf;14801103;Centrum, Getebergsäng;DJUP;0;4
2014;kf;14801103;Centrum, Getebergsäng;ENH;0;3
2014;kf;14801103;Centrum, Getebergsäng;HANDSKRIVNA;1;1
2014;kf;14801103;Centrum, Getebergsäng;ÖVRIGA_FGVAL;0;17
2014;kf;14801103;Centrum, Getebergsäng;BLANK;6;7
2014;kf;14801103;Centrum, Getebergsäng;OG;0;1
2014;kf;14801104;Centrum, Kristinehöjd, Västra;M;229;306
2014;kf;14801104;Centrum, Kristinehöjd, Västra;C;65;29
2014;kf;14801104;Centrum, Kristinehöjd, Västra;L;102;90
2014;kf;14801104;Centrum, Kristinehöjd, Västra;KD;42;31
2014;kf;14801104;Centrum, Kristinehöjd, Västra;S;155;158
2014;kf;14801104;Centrum, Kristinehöjd, Västra;V;121;89
2014;kf;14801104;Centrum, Kristinehöjd, Västra;MP;80;139
2014;kf;14801104;Centrum, Kristinehöjd, Västra;SD;59;68
2014;kf;14801104;Centrum, Kristinehöjd, Västra;FI;41;63
2014;kf;14801104;Centrum, Kristinehöjd, Västra;VÄGV;14;58
2014;kf;14801104;Centrum, Kristinehöjd, Västra;K;4;2
2014;kf;14801104;Centrum, Kristinehöjd, Västra;DJUP;2;3
2014;kf;14801104;Centrum, Kristinehöjd, Västra;PP;2;4
2014;kf;14801104;Centrum, Kristinehöjd, Västra;ENH;0;2
2014;kf;14801104;Centrum, Kristinehöjd, Västra;KRVP;0;1
2014;kf;14801104;Centrum, Kristinehöjd, Västra;RS;0;1
2014;kf;14801104;Centrum, Kristinehöjd, Västra;HANDSKRIVNA;1;2
2014;kf;14801104;Centrum, Kristinehöjd, Västra;ÖVRIGA_FGVAL;0;27
2014;kf;14801104;Centrum, Kristinehöjd, Västra;BLANK;11;11
2014;kf;14801104;Centrum, Kristinehöjd, Västra;OG;0;1
2014;kf;14801109;Centrum, Olofshöjd;M;114;121
2014;kf;14801109;Centrum, Olofshöjd;C;44;34
2014;kf;14801109;Centrum, Olofshöjd;L;79;57
2014;kf;14801109;Centrum, Olofshöjd;KD;15;12
2014;kf;14801109;Centrum, Olofshöjd;S;121;81
2014;kf;14801109;Centrum, Olofshöjd;V;82;72
2014;kf;14801109;Centrum, Olofshöjd;MP;115;150
2014;kf;14801109;Centrum, Olofshöjd;SD;24;16
2014;kf;14801109;Centrum, Olofshöjd;FI;35;48
2014;kf;14801109;Centrum, Olofshöjd;VÄGV;7;15
2014;kf;14801109;Centrum, Olofshöjd;PP;5;12
2014;kf;14801109;Centrum, Olofshöjd;DJUP;3;1
2014;kf;14801109;Centrum, Olofshöjd;K;1;4
2014;kf;14801109;Centrum, Olofshöjd;ENH;0;1
2014;kf;14801109;Centrum, Olofshöjd;HANDSKRIVNA;4;1
2014;kf;14801109;Centrum, Olofshöjd;ÖVRIGA_FGVAL;0;17
2014;kf;14801109;Centrum, Olofshöjd;BLANK;13;10
2014;kf;14801109;Centrum, Olofshöjd;OG;0;2
2014;kf;14801121;Centrum, Landala;M;232;368
2014;kf;14801121;Centrum, Landala;C;74;38
2014;kf;14801121;Centrum, Landala;L;126;140
2014;kf;14801121;Centrum, Landala;KD;36;42
2014;kf;14801121;Centrum, Landala;S;137;121
2014;kf;14801121;Centrum, Landala;V;113;64
2014;kf;14801121;Centrum, Landala;MP;89;146
2014;kf;14801121;Centrum, Landala;SD;65;54
2014;kf;14801121;Centrum, Landala;FI;33;57
2014;kf;14801121;Centrum, Landala;VÄGV;22;44
2014;kf;14801121;Centrum, Landala;K;8;7
2014;kf;14801121;Centrum, Landala;DJUP;3;2
2014;kf;14801121;Centrum, Landala;PP;2;2
2014;kf;14801121;Centrum, Landala;ENH;0;4
2014;kf;14801121;Centrum, Landala;RS;0;1
2014;kf;14801121;Centrum, Landala;ÖVRIGA_FGVAL;0;34
2014;kf;14801121;Centrum, Landala;BLANK;7;6
2014;kf;14801121;Centrum, Landala;OG;0;0
2014;kf;14801122;Centrum, Landalabergen m fl;M;133;215
2014;kf;14801122;Centrum, Landalabergen m fl;C;31;34
2014;kf;14801122;Centrum, Landalabergen m fl;L;72;100
2014;kf;14801122;Centrum, Landalabergen m fl;KD;25;42
2014;kf;14801122;Centrum, Landalabergen m fl;S;222;221
2014;kf;14801122;Centrum, Landalabergen m fl;V;216;159
2014;kf;14801122;Centrum, Landalabergen m fl;MP;90;135
2014;kf;14801122;Centrum, Landalabergen m fl;SD;92;77
2014;kf;14801122;Centrum, Landalabergen m fl;FI;44;94
2014;kf;14801122;Centrum, Landalabergen m fl;VÄGV;22;73
2014;kf;14801122;Centrum, Landalabergen m fl;DJUP;6;4
2014;kf;14801122;Centrum, Landalabergen m fl;K;6;6
2014;kf;14801122;Centrum, Landalabergen m fl;PP;4;5
2014;kf;14801122;Centrum, Landalabergen m fl;RS;1;1
2014;kf;14801122;Centrum, Landalabergen m fl;ENH;0;3
2014;kf;14801122;Centrum, Landalabergen m fl;HANDSKRIVNA;2;2
2014;kf;14801122;Centrum, Landalabergen m fl;ÖVRIGA_FGVAL;0;42
2014;kf;14801122;Centrum, Landalabergen m fl;BLANK;15;9
2014;kf;14801122;Centrum, Landalabergen m fl;OG;1;0
2014;kf;14801123;Centrum, Landalagången m fl;M;115;137
2014;kf;14801123;Centrum, Landalagången m fl;C;53;31
2014;kf;14801123;Centrum, Landalagången m fl;L;65;62
2014;kf;14801123;Centrum, Landalagången m fl;KD;33;28
2014;kf;14801123;Centrum, Landalagången m fl;S;219;205
2014;kf;14801123;Centrum, Landalagången m fl;V;188;122
2014;kf;14801123;Centrum, Landalagången m fl;MP;79;120
2014;kf;14801123;Centrum, Landalagången m fl;SD;79;63
2014;kf;14801123;Centrum, Landalagången m fl;FI;33;57
2014;kf;14801123;Centrum, Landalagången m fl;VÄGV;21;30
2014;kf;14801123;Centrum, Landalagången m fl;PP;5;6
2014;kf;14801123;Centrum, Landalagången m fl;K;4;1
2014;kf;14801123;Centrum, Landalagången m fl;DJUP;3;2
2014;kf;14801123;Centrum, Landalagången m fl;KRVP;2;2
2014;kf;14801123;Centrum, Landalagången m fl;RS;2;1
2014;kf;14801123;Centrum, Landalagången m fl;HANDSKRIVNA;1;2
2014;kf;14801123;Centrum, Landalagången m fl;ÖVRIGA_FGVAL;0;26
2014;kf;14801123;Centrum, Landalagången m fl;BLANK;12;5
2014;kf;14801123;Centrum, Landalagången m fl;OG;0;0
2014;kf;14801134;Centrum, Guldheden, Centrala;M;81;138
2014;kf;14801134;Centrum, Guldheden, Centrala;C;41;21
2014;kf;14801134;Centrum, Guldheden, Centrala;L;70;77
2014;kf;14801134;Centrum, Guldheden, Centrala;KD;26;32
2014;kf;14801134;Centrum, Guldheden, Centrala;S;180;187
2014;kf;14801134;Centrum, Guldheden, Centrala;V;203;150
2014;kf;14801134;Centrum, Guldheden, Centrala;MP;111;162
2014;kf;14801134;Centrum, Guldheden, Centrala;SD;72;61
2014;kf;14801134;Centrum, Guldheden, Centrala;FI;37;72
2014;kf;14801134;Centrum, Guldheden, Centrala;VÄGV;23;42
2014;kf;14801134;Centrum, Guldheden, Centrala;K;6;6
2014;kf;14801134;Centrum, Guldheden, Centrala;DJUP;4;4
2014;kf;14801134;Centrum, Guldheden, Centrala;PP;4;9
2014;kf;14801134;Centrum, Guldheden, Centrala;RS;1;1
2014;kf;14801134;Centrum, Guldheden, Centrala;ENH;0;1
2014;kf;14801134;Centrum, Guldheden, Centrala;HANDSKRIVNA;1;4
2014;kf;14801134;Centrum, Guldheden, Centrala;ÖVRIGA_FGVAL;0;16
2014;kf;14801134;Centrum, Guldheden, Centrala;BLANK;12;5
2014;kf;14801134;Centrum, Guldheden, Centrala;OG;2;0
2014;kf;14801136;Centrum, Guldheden, Södra;M;124;150
2014;kf;14801136;Centrum, Guldheden, Södra;C;55;38
2014;kf;14801136;Centrum, Guldheden, Södra;L;90;99
2014;kf;14801136;Centrum, Guldheden, Södra;KD;48;60
2014;kf;14801136;Centrum, Guldheden, Södra;S;202;208
2014;kf;14801136;Centrum, Guldheden, Södra;V;198;128
2014;kf;14801136;Centrum, Guldheden, Södra;MP;123;194
2014;kf;14801136;Centrum, Guldheden, Södra;SD;71;64
2014;kf;14801136;Centrum, Guldheden, Södra;FI;41;65
2014;kf;14801136;Centrum, Guldheden, Södra;VÄGV;40;47
2014;kf;14801136;Centrum, Guldheden, Södra;K;6;5
2014;kf;14801136;Centrum, Guldheden, Södra;PP;4;7
2014;kf;14801136;Centrum, Guldheden, Södra;DJUP;3;2
2014;kf;14801136;Centrum, Guldheden, Södra;KRVP;1;1
2014;kf;14801136;Centrum, Guldheden, Södra;RS;1;1
2014;kf;14801136;Centrum, Guldheden, Södra;ENH;0;4
2014;kf;14801136;Centrum, Guldheden, Södra;ÖVRIGA_FGVAL;0;33
2014;kf;14801136;Centrum, Guldheden, Södra;BLANK;8;6
2014;kf;14801136;Centrum, Guldheden, Södra;OG;0;0
2014;kf;14801152;Centrum, Valand;M;231;393
2014;kf;14801152;Centrum, Valand;C;42;31
2014;kf;14801152;Centrum, Valand;L;69;105
2014;kf;14801152;Centrum, Valand;KD;25;47
2014;kf;14801152;Centrum, Valand;S;78;89
2014;kf;14801152;Centrum, Valand;V;60;53
2014;kf;14801152;Centrum, Valand;MP;37;76
2014;kf;14801152;Centrum, Valand;SD;79;63
2014;kf;14801152;Centrum, Valand;FI;16;27
2014;kf;14801152;Centrum, Valand;VÄGV;23;65
2014;kf;14801152;Centrum, Valand;PP;3;3
2014;kf;14801152;Centrum, Valand;K;1;2
2014;kf;14801152;Centrum, Valand;ENH;0;1
2014;kf;14801152;Centrum, Valand;HANDSKRIVNA;0;1
2014;kf;14801152;Centrum, Valand;ÖVRIGA_FGVAL;0;11
2014;kf;14801152;Centrum, Valand;BLANK;6;7
2014;kf;14801152;Centrum, Valand;OG;0;1
2014;kf;14801172;Centrum, Gårda, Norra;M;211;328
2014;kf;14801172;Centrum, Gårda, Norra;C;53;34
2014;kf;14801172;Centrum, Gårda, Norra;L;86;100
2014;kf;14801172;Centrum, Gårda, Norra;KD;21;34
2014;kf;14801172;Centrum, Gårda, Norra;S;162;165
2014;kf;14801172;Centrum, Gårda, Norra;V;99;68
2014;kf;14801172;Centrum, Gårda, Norra;MP;60;110
2014;kf;14801172;Centrum, Gårda, Norra;SD;51;47
2014;kf;14801172;Centrum, Gårda, Norra;FI;15;29
2014;kf;14801172;Centrum, Gårda, Norra;VÄGV;16;41
2014;kf;14801172;Centrum, Gårda, Norra;K;2;3
2014;kf;14801172;Centrum, Gårda, Norra;PP;2;5
2014;kf;14801172;Centrum, Gårda, Norra;DJUP;1;2
2014;kf;14801172;Centrum, Gårda, Norra;HANDSKRIVNA;1;1
2014;kf;14801172;Centrum, Gårda, Norra;ÖVRIGA_FGVAL;0;15
2014;kf;14801172;Centrum, Gårda, Norra;BLANK;6;4
2014;kf;14801172;Centrum, Gårda, Norra;OG;0;1
2014;kf;14802011;Örgryte-Härlanda, Gubbero;M;194;223
2014;kf;14802011;Örgryte-Härlanda, Gubbero;C;36;25
2014;kf;14802011;Örgryte-Härlanda, Gubbero;L;68;76
2014;kf;14802011;Örgryte-Härlanda, Gubbero;KD;34;31
2014;kf;14802011;Örgryte-Härlanda, Gubbero;S;177;173
2014;kf;14802011;Örgryte-Härlanda, Gubbero;V;175;126
2014;kf;14802011;Örgryte-Härlanda, Gubbero;MP;69;132
2014;kf;14802011;Örgryte-Härlanda, Gubbero;SD;76;50
2014;kf;14802011;Örgryte-Härlanda, Gubbero;FI;37;64
2014;kf;14802011;Örgryte-Härlanda, Gubbero;VÄGV;15;41
2014;kf;14802011;Örgryte-Härlanda, Gubbero;DJUP;4;4
2014;kf;14802011;Örgryte-Härlanda, Gubbero;PP;3;5
2014;kf;14802011;Örgryte-Härlanda, Gubbero;K;1;4
2014;kf;14802011;Örgryte-Härlanda, Gubbero;ENH;0;2
2014;kf;14802011;Örgryte-Härlanda, Gubbero;HANDSKRIVNA;0;4
2014;kf;14802011;Örgryte-Härlanda, Gubbero;ÖVRIGA_FGVAL;0;19
2014;kf;14802011;Örgryte-Härlanda, Gubbero;BLANK;9;12
2014;kf;14802011;Örgryte-Härlanda, Gubbero;OG;0;1
2014;kf;14802012;Örgryte-Härlanda, Olskroken;M;170;211
2014;kf;14802012;Örgryte-Härlanda, Olskroken;C;33;18
2014;kf;14802012;Örgryte-Härlanda, Olskroken;L;52;52
2014;kf;14802012;Örgryte-Härlanda, Olskroken;KD;33;27
2014;kf;14802012;Örgryte-Härlanda, Olskroken;S;279;316
2014;kf;14802012;Örgryte-Härlanda, Olskroken;V;155;121
2014;kf;14802012;Örgryte-Härlanda, Olskroken;MP;50;93
2014;kf;14802012;Örgryte-Härlanda, Olskroken;SD;114;82
2014;kf;14802012;Örgryte-Härlanda, Olskroken;FI;26;46
2014;kf;14802012;Örgryte-Härlanda, Olskroken;VÄGV;10;50
2014;kf;14802012;Örgryte-Härlanda, Olskroken;DJUP;3;4
2014;kf;14802012;Örgryte-Härlanda, Olskroken;PP;1;4
2014;kf;14802012;Örgryte-Härlanda, Olskroken;ENH;0;3
2014;kf;14802012;Örgryte-Härlanda, Olskroken;KRVP;0;1
2014;kf;14802012;Örgryte-Härlanda, Olskroken;RS;0;2
2014;kf;14802012;Örgryte-Härlanda, Olskroken;HANDSKRIVNA;3;3
2014;kf;14802012;Örgryte-Härlanda, Olskroken;ÖVRIGA_FGVAL;0;12
2014;kf;14802012;Örgryte-Härlanda, Olskroken;BLANK;6;9
2014;kf;14802012;Örgryte-Härlanda, Olskroken;OG;1;0
2014;kf;14802013;Örgryte-Härlanda, Redberget;M;157;197
2014;kf;14802013;Örgryte-Härlanda, Redberget;C;43;35
2014;kf;14802013;Örgryte-Härlanda, Redberget;L;70;62
2014;kf;14802013;Örgryte-Härlanda, Redberget;KD;24;20
2014;kf;14802013;Örgryte-Härlanda, Redberget;S;170;201
2014;kf;14802013;Örgryte-Härlanda, Redberget;V;181;130
2014;kf;14802013;Örgryte-Härlanda, Redberget;MP;107;127
2014;kf;14802013;Örgryte-Härlanda, Redberget;SD;75;56
2014;kf;14802013;Örgryte-Härlanda, Redberget;FI;37;70
2014;kf;14802013;Örgryte-Härlanda, Redberget;VÄGV;18;39
2014;kf;14802013;Örgryte-Härlanda, Redberget;K;6;5
2014;kf;14802013;Örgryte-Härlanda, Redberget;DJUP;3;4
2014;kf;14802013;Örgryte-Härlanda, Redberget;PP;1;2
2014;kf;14802013;Örgryte-Härlanda, Redberget;ENH;0;2
2014;kf;14802013;Örgryte-Härlanda, Redberget;HANDSKRIVNA;0;1
2014;kf;14802013;Örgryte-Härlanda, Redberget;ÖVRIGA_FGVAL;0;12
2014;kf;14802013;Örgryte-Härlanda, Redberget;BLANK;12;13
2014;kf;14802013;Örgryte-Härlanda, Redberget;OG;0;0
2014;kf;14802014;Örgryte-Härlanda, Redbergsplatsen;M;125;218
2014;kf;14802014;Örgryte-Härlanda, Redbergsplatsen;C;50;20
2014;kf;14802014;Örgryte-Härlanda, Redbergsplatsen;L;69;70
2014;kf;14802014;Örgryte-Härlanda, Redbergsplatsen;KD;21;40
2014;kf;14802014;Örgryte-Härlanda, Redbergsplatsen;S;185;207
2014;kf;14802014;Örgryte-Härlanda, Redbergsplatsen;V;126;96
2014;kf;14802014;Örgryte-Härlanda, Redbergsplatsen;MP;79;102
2014;kf;14802014;Örgryte-Härlanda, Redbergsplatsen;SD;101;86
2014;kf;14802014;Örgryte-Härlanda, Redbergsplatsen;FI;33;52
2014;kf;14802014;Örgryte-Härlanda, Redbergsplatsen;VÄGV;24;26
2014;kf;14802014;Örgryte-Härlanda, Redbergsplatsen;PP;4;6
2014;kf;14802014;Örgryte-Härlanda, Redbergsplatsen;K;3;6
2014;kf;14802014;Örgryte-Härlanda, Redbergsplatsen;DJUP;1;2
2014;kf;14802014;Örgryte-Härlanda, Redbergsplatsen;RS;1;1
2014;kf;14802014;Örgryte-Härlanda, Redbergsplatsen;ENH;0;2
2014;kf;14802014;Örgryte-Härlanda, Redbergsplatsen;HANDSKRIVNA;1;1
2014;kf;14802014;Örgryte-Härlanda, Redbergsplatsen;ÖVRIGA_FGVAL;0;18
2014;kf;14802014;Örgryte-Härlanda, Redbergsplatsen;BLANK;7;11
2014;kf;14802014;Örgryte-Härlanda, Redbergsplatsen;OG;0;0
2014;kf;14802032;Örgryte-Härlanda, Strömmensberg, Ö;M;205;231
2014;kf;14802032;Örgryte-Härlanda, Strömmensberg, Ö;C;62;41
2014;kf;14802032;Örgryte-Härlanda, Strömmensberg, Ö;L;115;98
2014;kf;14802032;Örgryte-Härlanda, Strömmensberg, Ö;KD;41;38
2014;kf;14802032;Örgryte-Härlanda, Strömmensberg, Ö;S;216;200
2014;kf;14802032;Örgryte-Härlanda, Strömmensberg, Ö;V;160;109
2014;kf;14802032;Örgryte-Härlanda, Strömmensberg, Ö;MP;104;167
2014;kf;14802032;Örgryte-Härlanda, Strömmensberg, Ö;SD;68;66
2014;kf;14802032;Örgryte-Härlanda, Strömmensberg, Ö;FI;48;59
2014;kf;14802032;Örgryte-Härlanda, Strömmensberg, Ö;VÄGV;25;46
2014;kf;14802032;Örgryte-Härlanda, Strömmensberg, Ö;DJUP;5;1
2014;kf;14802032;Örgryte-Härlanda, Strömmensberg, Ö;K;5;4
2014;kf;14802032;Örgryte-Härlanda, Strömmensberg, Ö;PP;2;5
2014;kf;14802032;Örgryte-Härlanda, Strömmensberg, Ö;HANDSKRIVNA;2;3
2014;kf;14802032;Örgryte-Härlanda, Strömmensberg, Ö;ÖVRIGA_FGVAL;0;16
2014;kf;14802032;Örgryte-Härlanda, Strömmensberg, Ö;BLANK;7;16
2014;kf;14802032;Örgryte-Härlanda, Strömmensberg, Ö;OG;0;2
2014;kf;14802051;Örgryte-Härlanda, Jakobsdal;M;212;429
2014;kf;14802051;Örgryte-Härlanda, Jakobsdal;C;57;48
2014;kf;14802051;Örgryte-Härlanda, Jakobsdal;L;132;162
2014;kf;14802051;Örgryte-Härlanda, Jakobsdal;KD;30;49
2014;kf;14802051;Örgryte-Härlanda, Jakobsdal;S;112;109
2014;kf;14802051;Örgryte-Härlanda, Jakobsdal;V;80;38
2014;kf;14802051;Örgryte-Härlanda, Jakobsdal;MP;71;111
2014;kf;14802051;Örgryte-Härlanda, Jakobsdal;SD;72;65
2014;kf;14802051;Örgryte-Härlanda, Jakobsdal;FI;16;44
2014;kf;14802051;Örgryte-Härlanda, Jakobsdal;VÄGV;28;63
2014;kf;14802051;Örgryte-Härlanda, Jakobsdal;PP;1;3
2014;kf;14802051;Örgryte-Härlanda, Jakobsdal;ENH;0;1
2014;kf;14802051;Örgryte-Härlanda, Jakobsdal;K;0;2
2014;kf;14802051;Örgryte-Härlanda, Jakobsdal;HANDSKRIVNA;1;4
2014;kf;14802051;Örgryte-Härlanda, Jakobsdal;ÖVRIGA_FGVAL;0;34
2014;kf;14802051;Örgryte-Härlanda, Jakobsdal;BLANK;5;10
2014;kf;14802051;Örgryte-Härlanda, Jakobsdal;OG;1;2
2014;kf;14802052;Örgryte-Härlanda, Skår, Norra;M;179;410
2014;kf;14802052;Örgryte-Härlanda, Skår, Norra;C;39;34
2014;kf;14802052;Örgryte-Härlanda, Skår, Norra;L;132;171
2014;kf;14802052;Örgryte-Härlanda, Skår, Norra;KD;37;48
2014;kf;14802052;Örgryte-Härlanda, Skår, Norra;S;39;50
2014;kf;14802052;Örgryte-Härlanda, Skår, Norra;V;43;24
2014;kf;14802052;Örgryte-Härlanda, Skår, Norra;MP;49;66
2014;kf;14802052;Örgryte-Härlanda, Skår, Norra;SD;35;39
2014;kf;14802052;Örgryte-Härlanda, Skår, Norra;FI;17;8
2014;kf;14802052;Örgryte-Härlanda, Skår, Norra;VÄGV;15;65
2014;kf;14802052;Örgryte-Härlanda, Skår, Norra;DJUP;0;1
2014;kf;14802052;Örgryte-Härlanda, Skår, Norra;ENH;0;2
2014;kf;14802052;Örgryte-Härlanda, Skår, Norra;KRVP;0;2
2014;kf;14802052;Örgryte-Härlanda, Skår, Norra;PP;0;3
2014;kf;14802052;Örgryte-Härlanda, Skår, Norra;HANDSKRIVNA;0;1
2014;kf;14802052;Örgryte-Härlanda, Skår, Norra;ÖVRIGA_FGVAL;0;30
2014;kf;14802052;Örgryte-Härlanda, Skår, Norra;BLANK;4;1
2014;kf;14802052;Örgryte-Härlanda, Skår, Norra;OG;0;1
2014;kf;14802053;Örgryte-Härlanda, Skår, Södra;M;227;494
2014;kf;14802053;Örgryte-Härlanda, Skår, Södra;C;49;33
2014;kf;14802053;Örgryte-Härlanda, Skår, Södra;L;119;152
2014;kf;14802053;Örgryte-Härlanda, Skår, Södra;KD;35;43
2014;kf;14802053;Örgryte-Härlanda, Skår, Södra;S;73;50
2014;kf;14802053;Örgryte-Härlanda, Skår, Södra;V;44;28
2014;kf;14802053;Örgryte-Härlanda, Skår, Södra;MP;67;89
2014;kf;14802053;Örgryte-Härlanda, Skår, Södra;SD;33;27
2014;kf;14802053;Örgryte-Härlanda, Skår, Södra;FI;15;33
2014;kf;14802053;Örgryte-Härlanda, Skår, Södra;VÄGV;18;86
2014;kf;14802053;Örgryte-Härlanda, Skår, Södra;DJUP;1;2
2014;kf;14802053;Örgryte-Härlanda, Skår, Södra;PP;1;2
2014;kf;14802053;Örgryte-Härlanda, Skår, Södra;ENH;0;1
2014;kf;14802053;Örgryte-Härlanda, Skår, Södra;HANDSKRIVNA;0;1
2014;kf;14802053;Örgryte-Härlanda, Skår, Södra;ÖVRIGA_FGVAL;0;21
2014;kf;14802053;Örgryte-Härlanda, Skår, Södra;BLANK;6;7
2014;kf;14802053;Örgryte-Härlanda, Skår, Södra;OG;0;0
2014;kf;14802061;Örgryte-Härlanda, Bö;M;145;316
2014;kf;14802061;Örgryte-Härlanda, Bö;C;44;17
2014;kf;14802061;Örgryte-Härlanda, Bö;L;102;151
2014;kf;14802061;Örgryte-Härlanda, Bö;KD;28;45
2014;kf;14802061;Örgryte-Härlanda, Bö;S;96;79
2014;kf;14802061;Örgryte-Härlanda, Bö;V;55;41
2014;kf;14802061;Örgryte-Härlanda, Bö;MP;70;89
2014;kf;14802061;Örgryte-Härlanda, Bö;SD;39;33
2014;kf;14802061;Örgryte-Härlanda, Bö;FI;18;22
2014;kf;14802061;Örgryte-Härlanda, Bö;VÄGV;19;52
2014;kf;14802061;Örgryte-Härlanda, Bö;K;2;2
2014;kf;14802061;Örgryte-Härlanda, Bö;PP;2;2
2014;kf;14802061;Örgryte-Härlanda, Bö;DJUP;1;1
2014;kf;14802061;Örgryte-Härlanda, Bö;ÖVRIGA_FGVAL;0;18
2014;kf;14802061;Örgryte-Härlanda, Bö;BLANK;6;8
2014;kf;14802061;Örgryte-Härlanda, Bö;OG;2;1
2014;kf;14802062;Örgryte-Härlanda, Örgryte;M;178;370
2014;kf;14802062;Örgryte-Härlanda, Örgryte;C;40;17
2014;kf;14802062;Örgryte-Härlanda, Örgryte;L;95;127
2014;kf;14802062;Örgryte-Härlanda, Örgryte;KD;26;42
2014;kf;14802062;Örgryte-Härlanda, Örgryte;S;49;60
2014;kf;14802062;Örgryte-Härlanda, Örgryte;V;39;25
2014;kf;14802062;Örgryte-Härlanda, Örgryte;MP;45;46
2014;kf;14802062;Örgryte-Härlanda, Örgryte;SD;45;29
2014;kf;14802062;Örgryte-Härlanda, Örgryte;FI;11;37
2014;kf;14802062;Örgryte-Härlanda, Örgryte;VÄGV;10;60
2014;kf;14802062;Örgryte-Härlanda, Örgryte;DJUP;2;2
2014;kf;14802062;Örgryte-Härlanda, Örgryte;KRVP;2;1
2014;kf;14802062;Örgryte-Härlanda, Örgryte;ENH;0;1
2014;kf;14802062;Örgryte-Härlanda, Örgryte;PP;0;3
2014;kf;14802062;Örgryte-Härlanda, Örgryte;ÖVRIGA_FGVAL;0;19
2014;kf;14802062;Örgryte-Härlanda, Örgryte;BLANK;5;4
2014;kf;14802062;Örgryte-Härlanda, Örgryte;OG;0;0
2014;kf;14802091;Örgryte-Härlanda, Härlanda;M;218;308
2014;kf;14802091;Örgryte-Härlanda, Härlanda;C;69;43
2014;kf;14802091;Örgryte-Härlanda, Härlanda;L;106;128
2014;kf;14802091;Örgryte-Härlanda, Härlanda;KD;34;37
2014;kf;14802091;Örgryte-Härlanda, Härlanda;S;181;162
2014;kf;14802091;Örgryte-Härlanda, Härlanda;V;117;93
2014;kf;14802091;Örgryte-Härlanda, Härlanda;MP;106;141
2014;kf;14802091;Örgryte-Härlanda, Härlanda;SD;59;56
2014;kf;14802091;Örgryte-Härlanda, Härlanda;FI;28;52
2014;kf;14802091;Örgryte-Härlanda, Härlanda;VÄGV;7;50
2014;kf;14802091;Örgryte-Härlanda, Härlanda;K;3;7
2014;kf;14802091;Örgryte-Härlanda, Härlanda;DJUP;2;2
2014;kf;14802091;Örgryte-Härlanda, Härlanda;PP;2;1
2014;kf;14802091;Örgryte-Härlanda, Härlanda;ENH;0;1
2014;kf;14802091;Örgryte-Härlanda, Härlanda;KRVP;0;2
2014;kf;14802091;Örgryte-Härlanda, Härlanda;RS;0;1
2014;kf;14802091;Örgryte-Härlanda, Härlanda;HANDSKRIVNA;1;0
2014;kf;14802091;Örgryte-Härlanda, Härlanda;ÖVRIGA_FGVAL;0;16
2014;kf;14802091;Örgryte-Härlanda, Härlanda;BLANK;10;11
2014;kf;14802091;Örgryte-Härlanda, Härlanda;OG;0;1
2014;kf;14802102;Örgryte-Härlanda, Kålltorp, Södra;M;165;224
2014;kf;14802102;Örgryte-Härlanda, Kålltorp, Södra;C;70;49
2014;kf;14802102;Örgryte-Härlanda, Kålltorp, Södra;L;99;112
2014;kf;14802102;Örgryte-Härlanda, Kålltorp, Södra;KD;32;28
2014;kf;14802102;Örgryte-Härlanda, Kålltorp, Södra;S;155;154
2014;kf;14802102;Örgryte-Härlanda, Kålltorp, Södra;V;126;97
2014;kf;14802102;Örgryte-Härlanda, Kålltorp, Södra;MP;127;152
2014;kf;14802102;Örgryte-Härlanda, Kålltorp, Södra;SD;67;69
2014;kf;14802102;Örgryte-Härlanda, Kålltorp, Södra;FI;28;51
2014;kf;14802102;Örgryte-Härlanda, Kålltorp, Södra;VÄGV;24;47
2014;kf;14802102;Örgryte-Härlanda, Kålltorp, Södra;DJUP;4;5
2014;kf;14802102;Örgryte-Härlanda, Kålltorp, Södra;PP;3;4
2014;kf;14802102;Örgryte-Härlanda, Kålltorp, Södra;RS;1;1
2014;kf;14802102;Örgryte-Härlanda, Kålltorp, Södra;ENH;0;4
2014;kf;14802102;Örgryte-Härlanda, Kålltorp, Södra;HANDSKRIVNA;1;2
2014;kf;14802102;Örgryte-Härlanda, Kålltorp, Södra;ÖVRIGA_FGVAL;0;20
2014;kf;14802102;Örgryte-Härlanda, Kålltorp, Södra;BLANK;6;17
2014;kf;14802102;Örgryte-Härlanda, Kålltorp, Södra;OG;0;0
2014;kf;14802105;Örgryte-Härlanda, Munkebäck, Norra;M;164;202
2014;kf;14802105;Örgryte-Härlanda, Munkebäck, Norra;C;48;29
2014;kf;14802105;Örgryte-Härlanda, Munkebäck, Norra;L;71;78
2014;kf;14802105;Örgryte-Härlanda, Munkebäck, Norra;KD;22;25
2014;kf;14802105;Örgryte-Härlanda, Munkebäck, Norra;S;170;198
2014;kf;14802105;Örgryte-Härlanda, Munkebäck, Norra;V;114;78
2014;kf;14802105;Örgryte-Härlanda, Munkebäck, Norra;MP;78;132
2014;kf;14802105;Örgryte-Härlanda, Munkebäck, Norra;SD;95;73
2014;kf;14802105;Örgryte-Härlanda, Munkebäck, Norra;FI;29;41
2014;kf;14802105;Örgryte-Härlanda, Munkebäck, Norra;VÄGV;23;37
2014;kf;14802105;Örgryte-Härlanda, Munkebäck, Norra;DJUP;3;6
2014;kf;14802105;Örgryte-Härlanda, Munkebäck, Norra;K;3;4
2014;kf;14802105;Örgryte-Härlanda, Munkebäck, Norra;ENH;0;1
2014;kf;14802105;Örgryte-Härlanda, Munkebäck, Norra;PP;0;3
2014;kf;14802105;Örgryte-Härlanda, Munkebäck, Norra;HANDSKRIVNA;1;1
2014;kf;14802105;Örgryte-Härlanda, Munkebäck, Norra;ÖVRIGA_FGVAL;0;9
2014;kf;14802105;Örgryte-Härlanda, Munkebäck, Norra;BLANK;16;11
2014;kf;14802105;Örgryte-Härlanda, Munkebäck, Norra;OG;1;0
2014;kf;14802121;Örgryte-Härlanda, Björkekärr, Norra;M;89;128
2014;kf;14802121;Örgryte-Härlanda, Björkekärr, Norra;C;32;18
2014;kf;14802121;Örgryte-Härlanda, Björkekärr, Norra;L;50;65
2014;kf;14802121;Örgryte-Härlanda, Björkekärr, Norra;KD;27;36
2014;kf;14802121;Örgryte-Härlanda, Björkekärr, Norra;S;164;149
2014;kf;14802121;Örgryte-Härlanda, Björkekärr, Norra;V;115;93
2014;kf;14802121;Örgryte-Härlanda, Björkekärr, Norra;MP;94;116
2014;kf;14802121;Örgryte-Härlanda, Björkekärr, Norra;SD;65;58
2014;kf;14802121;Örgryte-Härlanda, Björkekärr, Norra;FI;23;33
2014;kf;14802121;Örgryte-Härlanda, Björkekärr, Norra;VÄGV;26;35
2014;kf;14802121;Örgryte-Härlanda, Björkekärr, Norra;DJUP;3;3
2014;kf;14802121;Örgryte-Härlanda, Björkekärr, Norra;ENH;0;1
2014;kf;14802121;Örgryte-Härlanda, Björkekärr, Norra;PP;0;3
2014;kf;14802121;Örgryte-Härlanda, Björkekärr, Norra;ÖVRIGA_FGVAL;0;14
2014;kf;14802121;Örgryte-Härlanda, Björkekärr, Norra;BLANK;9;14
2014;kf;14802121;Örgryte-Härlanda, Björkekärr, Norra;OG;0;1
2014;kf;14802122;Örgryte-Härlanda, Björkekärr, Södra;M;148;296
2014;kf;14802122;Örgryte-Härlanda, Björkekärr, Södra;C;93;54
2014;kf;14802122;Örgryte-Härlanda, Björkekärr, Södra;L;145;192
2014;kf;14802122;Örgryte-Härlanda, Björkekärr, Södra;KD;54;72
2014;kf;14802122;Örgryte-Härlanda, Björkekärr, Södra;S;182;188
2014;kf;14802122;Örgryte-Härlanda, Björkekärr, Södra;V;158;92
2014;kf;14802122;Örgryte-Härlanda, Björkekärr, Södra;MP;185;221
2014;kf;14802122;Örgryte-Härlanda, Björkekärr, Södra;SD;51;27
2014;kf;14802122;Örgryte-Härlanda, Björkekärr, Södra;FI;24;33
2014;kf;14802122;Örgryte-Härlanda, Björkekärr, Södra;VÄGV;22;36
2014;kf;14802122;Örgryte-Härlanda, Björkekärr, Södra;K;2;2
2014;kf;14802122;Örgryte-Härlanda, Björkekärr, Södra;DJUP;1;5
2014;kf;14802122;Örgryte-Härlanda, Björkekärr, Södra;PP;0;2
2014;kf;14802122;Örgryte-Härlanda, Björkekärr, Södra;HANDSKRIVNA;1;0
2014;kf;14802122;Örgryte-Härlanda, Björkekärr, Södra;ÖVRIGA_FGVAL;0;25
2014;kf;14802122;Örgryte-Härlanda, Björkekärr, Södra;BLANK;11;10
2014;kf;14802122;Örgryte-Härlanda, Björkekärr, Södra;OG;0;0
2014;kf;14802123;Örgryte-Härlanda, Björkekärr, Västra;M;113;139
2014;kf;14802123;Örgryte-Härlanda, Björkekärr, Västra;C;57;37
2014;kf;14802123;Örgryte-Härlanda, Björkekärr, Västra;L;123;101
2014;kf;14802123;Örgryte-Härlanda, Björkekärr, Västra;KD;33;42
2014;kf;14802123;Örgryte-Härlanda, Björkekärr, Västra;S;170;182
2014;kf;14802123;Örgryte-Härlanda, Björkekärr, Västra;V;188;138
2014;kf;14802123;Örgryte-Härlanda, Björkekärr, Västra;MP;127;202
2014;kf;14802123;Örgryte-Härlanda, Björkekärr, Västra;SD;44;30
2014;kf;14802123;Örgryte-Härlanda, Björkekärr, Västra;FI;51;74
2014;kf;14802123;Örgryte-Härlanda, Björkekärr, Västra;VÄGV;10;22
2014;kf;14802123;Örgryte-Härlanda, Björkekärr, Västra;K;7;8
2014;kf;14802123;Örgryte-Härlanda, Björkekärr, Västra;PP;5;11
2014;kf;14802123;Örgryte-Härlanda, Björkekärr, Västra;DJUP;2;3
2014;kf;14802123;Örgryte-Härlanda, Björkekärr, Västra;ENH;0;1
2014;kf;14802123;Örgryte-Härlanda, Björkekärr, Västra;ÖVRIGA_FGVAL;0;16
2014;kf;14802123;Örgryte-Härlanda, Björkekärr, Västra;BLANK;6;8
2014;kf;14802123;Örgryte-Härlanda, Björkekärr, Västra;OG;0;0
2014;kf;14803021;Östra Göteborg, Fjällbo;M;170;260
2014;kf;14803021;Östra Göteborg, Fjällbo;C;55;28
2014;kf;14803021;Östra Göteborg, Fjällbo;L;95;87
2014;kf;14803021;Östra Göteborg, Fjällbo;KD;50;44
2014;kf;14803021;Östra Göteborg, Fjällbo;S;286;296
2014;kf;14803021;Östra Göteborg, Fjällbo;V;143;130
2014;kf;14803021;Östra Göteborg, Fjällbo;MP;111;148
2014;kf;14803021;Östra Göteborg, Fjällbo;SD;118;80
2014;kf;14803021;Östra Göteborg, Fjällbo;FI;37;36
2014;kf;14803021;Östra Göteborg, Fjällbo;VÄGV;28;60
2014;kf;14803021;Östra Göteborg, Fjällbo;DJUP;5;6
2014;kf;14803021;Östra Göteborg, Fjällbo;K;5;2
2014;kf;14803021;Östra Göteborg, Fjällbo;PP;2;5
2014;kf;14803021;Östra Göteborg, Fjällbo;RS;1;4
2014;kf;14803021;Östra Göteborg, Fjällbo;ENH;0;1
2014;kf;14803021;Östra Göteborg, Fjällbo;KRVP;0;1
2014;kf;14803021;Östra Göteborg, Fjällbo;HANDSKRIVNA;1;2
2014;kf;14803021;Östra Göteborg, Fjällbo;ÖVRIGA_FGVAL;0;22
2014;kf;14803021;Östra Göteborg, Fjällbo;BLANK;8;22
2014;kf;14803021;Östra Göteborg, Fjällbo;OG;1;0
2014;kf;14803022;Östra Göteborg, Utby;M;202;285
2014;kf;14803022;Östra Göteborg, Utby;C;51;34
2014;kf;14803022;Östra Göteborg, Utby;L;132;127
2014;kf;14803022;Östra Göteborg, Utby;KD;65;78
2014;kf;14803022;Östra Göteborg, Utby;S;265;252
2014;kf;14803022;Östra Göteborg, Utby;V;124;83
2014;kf;14803022;Östra Göteborg, Utby;MP;145;201
2014;kf;14803022;Östra Göteborg, Utby;SD;114;84
2014;kf;14803022;Östra Göteborg, Utby;FI;27;33
2014;kf;14803022;Östra Göteborg, Utby;VÄGV;21;70
2014;kf;14803022;Östra Göteborg, Utby;DJUP;2;3
2014;kf;14803022;Östra Göteborg, Utby;KRVP;2;1
2014;kf;14803022;Östra Göteborg, Utby;PP;2;4
2014;kf;14803022;Östra Göteborg, Utby;K;1;6
2014;kf;14803022;Östra Göteborg, Utby;ENH;0;1
2014;kf;14803022;Östra Göteborg, Utby;HANDSKRIVNA;0;1
2014;kf;14803022;Östra Göteborg, Utby;ÖVRIGA_FGVAL;0;41
2014;kf;14803022;Östra Göteborg, Utby;BLANK;9;11
2014;kf;14803022;Östra Göteborg, Utby;OG;1;1
2014;kf;14803023;Östra Göteborg, Utbynäs;M;152;217
2014;kf;14803023;Östra Göteborg, Utbynäs;C;48;42
2014;kf;14803023;Östra Göteborg, Utbynäs;L;79;86
2014;kf;14803023;Östra Göteborg, Utbynäs;KD;35;66
2014;kf;14803023;Östra Göteborg, Utbynäs;S;217;205
2014;kf;14803023;Östra Göteborg, Utbynäs;V;70;59
2014;kf;14803023;Östra Göteborg, Utbynäs;MP;89;96
2014;kf;14803023;Östra Göteborg, Utbynäs;SD;83;70
2014;kf;14803023;Östra Göteborg, Utbynäs;FI;21;23
2014;kf;14803023;Östra Göteborg, Utbynäs;VÄGV;17;38
2014;kf;14803023;Östra Göteborg, Utbynäs;K;2;4
2014;kf;14803023;Östra Göteborg, Utbynäs;PP;1;2
2014;kf;14803023;Östra Göteborg, Utbynäs;ÖVRIGA_FGVAL;0;25
2014;kf;14803023;Östra Göteborg, Utbynäs;BLANK;13;18
2014;kf;14803023;Östra Göteborg, Utbynäs;OG;0;0
2014;kf;14803032;Östra Göteborg, Gregorianska g. m fl;M;48;39
2014;kf;14803032;Östra Göteborg, Gregorianska g. m fl;C;23;10
2014;kf;14803032;Östra Göteborg, Gregorianska g. m fl;L;14;14
2014;kf;14803032;Östra Göteborg, Gregorianska g. m fl;KD;9;13
2014;kf;14803032;Östra Göteborg, Gregorianska g. m fl;S;310;363
2014;kf;14803032;Östra Göteborg, Gregorianska g. m fl;V;198;142
2014;kf;14803032;Östra Göteborg, Gregorianska g. m fl;MP;66;82
2014;kf;14803032;Östra Göteborg, Gregorianska g. m fl;SD;99;88
2014;kf;14803032;Östra Göteborg, Gregorianska g. m fl;FI;39;48
2014;kf;14803032;Östra Göteborg, Gregorianska g. m fl;VÄGV;14;25
2014;kf;14803032;Östra Göteborg, Gregorianska g. m fl;K;23;13
2014;kf;14803032;Östra Göteborg, Gregorianska g. m fl;DJUP;8;2
2014;kf;14803032;Östra Göteborg, Gregorianska g. m fl;PP;4;11
2014;kf;14803032;Östra Göteborg, Gregorianska g. m fl;RS;4;10
2014;kf;14803032;Östra Göteborg, Gregorianska g. m fl;KRVP;1;1
2014;kf;14803032;Östra Göteborg, Gregorianska g. m fl;ENH;0;3
2014;kf;14803032;Östra Göteborg, Gregorianska g. m fl;HANDSKRIVNA;1;2
2014;kf;14803032;Östra Göteborg, Gregorianska g. m fl;ÖVRIGA_FGVAL;0;13
2014;kf;14803032;Östra Göteborg, Gregorianska g. m fl;BLANK;5;5
2014;kf;14803032;Östra Göteborg, Gregorianska g. m fl;OG;1;0
2014;kf;14803034;Östra Göteborg, Kortedala, Södra;M;88;125
2014;kf;14803034;Östra Göteborg, Kortedala, Södra;C;34;13
2014;kf;14803034;Östra Göteborg, Kortedala, Södra;L;52;42
2014;kf;14803034;Östra Göteborg, Kortedala, Södra;KD;47;40
2014;kf;14803034;Östra Göteborg, Kortedala, Södra;S;259;322
2014;kf;14803034;Östra Göteborg, Kortedala, Södra;V;173;121
2014;kf;14803034;Östra Göteborg, Kortedala, Södra;MP;69;105
2014;kf;14803034;Östra Göteborg, Kortedala, Södra;SD;100;85
2014;kf;14803034;Östra Göteborg, Kortedala, Södra;FI;22;48
2014;kf;14803034;Östra Göteborg, Kortedala, Södra;VÄGV;24;36
2014;kf;14803034;Östra Göteborg, Kortedala, Södra;K;9;8
2014;kf;14803034;Östra Göteborg, Kortedala, Södra;DJUP;8;4
2014;kf;14803034;Östra Göteborg, Kortedala, Södra;PP;1;4
2014;kf;14803034;Östra Göteborg, Kortedala, Södra;RS;1;3
2014;kf;14803034;Östra Göteborg, Kortedala, Södra;ENH;0;1
2014;kf;14803034;Östra Göteborg, Kortedala, Södra;KRVP;0;5
2014;kf;14803034;Östra Göteborg, Kortedala, Södra;HANDSKRIVNA;3;2
2014;kf;14803034;Östra Göteborg, Kortedala, Södra;ÖVRIGA_FGVAL;0;15
2014;kf;14803034;Östra Göteborg, Kortedala, Södra;BLANK;6;8
2014;kf;14803034;Östra Göteborg, Kortedala, Södra;OG;0;1
2014;kf;14803051;Östra Göteborg, Bergsjön, Norra;M;58;52
2014;kf;14803051;Östra Göteborg, Bergsjön, Norra;C;16;11
2014;kf;14803051;Östra Göteborg, Bergsjön, Norra;L;24;24
2014;kf;14803051;Östra Göteborg, Bergsjön, Norra;KD;17;23
2014;kf;14803051;Östra Göteborg, Bergsjön, Norra;S;196;238
2014;kf;14803051;Östra Göteborg, Bergsjön, Norra;V;154;122
2014;kf;14803051;Östra Göteborg, Bergsjön, Norra;MP;59;72
2014;kf;14803051;Östra Göteborg, Bergsjön, Norra;SD;75;57
2014;kf;14803051;Östra Göteborg, Bergsjön, Norra;FI;61;68
2014;kf;14803051;Östra Göteborg, Bergsjön, Norra;VÄGV;11;14
2014;kf;14803051;Östra Göteborg, Bergsjön, Norra;K;13;14
2014;kf;14803051;Östra Göteborg, Bergsjön, Norra;RS;5;5
2014;kf;14803051;Östra Göteborg, Bergsjön, Norra;PP;3;8
2014;kf;14803051;Östra Göteborg, Bergsjön, Norra;DJUP;2;3
2014;kf;14803051;Östra Göteborg, Bergsjön, Norra;ENH;0;2
2014;kf;14803051;Östra Göteborg, Bergsjön, Norra;KRVP;0;4
2014;kf;14803051;Östra Göteborg, Bergsjön, Norra;HANDSKRIVNA;4;4
2014;kf;14803051;Östra Göteborg, Bergsjön, Norra;ÖVRIGA_FGVAL;0;14
2014;kf;14803051;Östra Göteborg, Bergsjön, Norra;BLANK;10;8
2014;kf;14803051;Östra Göteborg, Bergsjön, Norra;OG;0;0
2014;kf;14803052;Östra Göteborg, Gärdsmosse;M;43;31
2014;kf;14803052;Östra Göteborg, Gärdsmosse;C;19;8
2014;kf;14803052;Östra Göteborg, Gärdsmosse;L;21;16
2014;kf;14803052;Östra Göteborg, Gärdsmosse;KD;14;17
2014;kf;14803052;Östra Göteborg, Gärdsmosse;S;341;316
2014;kf;14803052;Östra Göteborg, Gärdsmosse;V;120;83
2014;kf;14803052;Östra Göteborg, Gärdsmosse;MP;57;54
2014;kf;14803052;Östra Göteborg, Gärdsmosse;SD;65;56
2014;kf;14803052;Östra Göteborg, Gärdsmosse;FI;29;31
2014;kf;14803052;Östra Göteborg, Gärdsmosse;VÄGV;10;9
2014;kf;14803052;Östra Göteborg, Gärdsmosse;K;15;10
2014;kf;14803052;Östra Göteborg, Gärdsmosse;PP;2;3
2014;kf;14803052;Östra Göteborg, Gärdsmosse;RS;2;3
2014;kf;14803052;Östra Göteborg, Gärdsmosse;DJUP;1;1
2014;kf;14803052;Östra Göteborg, Gärdsmosse;HANDSKRIVNA;2;2
2014;kf;14803052;Östra Göteborg, Gärdsmosse;ÖVRIGA_FGVAL;0;20
2014;kf;14803052;Östra Göteborg, Gärdsmosse;BLANK;5;4
2014;kf;14803052;Östra Göteborg, Gärdsmosse;OG;0;0
2014;kf;14803053;Östra Göteborg, Gärdsås;M;87;107
2014;kf;14803053;Östra Göteborg, Gärdsås;C;11;1
2014;kf;14803053;Östra Göteborg, Gärdsås;L;15;25
2014;kf;14803053;Östra Göteborg, Gärdsås;KD;46;49
2014;kf;14803053;Östra Göteborg, Gärdsås;S;222;251
2014;kf;14803053;Östra Göteborg, Gärdsås;V;80;70
2014;kf;14803053;Östra Göteborg, Gärdsås;MP;31;49
2014;kf;14803053;Östra Göteborg, Gärdsås;SD;85;69
2014;kf;14803053;Östra Göteborg, Gärdsås;FI;9;17
2014;kf;14803053;Östra Göteborg, Gärdsås;VÄGV;22;43
2014;kf;14803053;Östra Göteborg, Gärdsås;K;6;11
2014;kf;14803053;Östra Göteborg, Gärdsås;KRVP;2;2
2014;kf;14803053;Östra Göteborg, Gärdsås;PP;2;4
2014;kf;14803053;Östra Göteborg, Gärdsås;RS;1;5
2014;kf;14803053;Östra Göteborg, Gärdsås;ENH;0;1
2014;kf;14803053;Östra Göteborg, Gärdsås;HANDSKRIVNA;2;2
2014;kf;14803053;Östra Göteborg, Gärdsås;ÖVRIGA_FGVAL;0;16
2014;kf;14803053;Östra Göteborg, Gärdsås;BLANK;7;7
2014;kf;14803053;Östra Göteborg, Gärdsås;OG;1;0
2014;kf;14803054;Östra Göteborg, Siriusgatan;M;52;50
2014;kf;14803054;Östra Göteborg, Siriusgatan;C;9;12
2014;kf;14803054;Östra Göteborg, Siriusgatan;L;8;20
2014;kf;14803054;Östra Göteborg, Siriusgatan;KD;12;16
2014;kf;14803054;Östra Göteborg, Siriusgatan;S;567;544
2014;kf;14803054;Östra Göteborg, Siriusgatan;V;135;112
2014;kf;14803054;Östra Göteborg, Siriusgatan;MP;166;97
2014;kf;14803054;Östra Göteborg, Siriusgatan;SD;87;67
2014;kf;14803054;Östra Göteborg, Siriusgatan;FI;16;24
2014;kf;14803054;Östra Göteborg, Siriusgatan;VÄGV;9;27
2014;kf;14803054;Östra Göteborg, Siriusgatan;RS;10;6
2014;kf;14803054;Östra Göteborg, Siriusgatan;K;9;10
2014;kf;14803054;Östra Göteborg, Siriusgatan;KRVP;2;4
2014;kf;14803054;Östra Göteborg, Siriusgatan;PP;2;3
2014;kf;14803054;Östra Göteborg, Siriusgatan;DJUP;1;4
2014;kf;14803054;Östra Göteborg, Siriusgatan;ENH;0;2
2014;kf;14803054;Östra Göteborg, Siriusgatan;HANDSKRIVNA;1;1
2014;kf;14803054;Östra Göteborg, Siriusgatan;ÖVRIGA_FGVAL;0;25
2014;kf;14803054;Östra Göteborg, Siriusgatan;BLANK;4;4
2014;kf;14803054;Östra Göteborg, Siriusgatan;OG;5;0
2014;kf;14803061;Östra Göteborg, Bergsjön, Södra;M;60;39
2014;kf;14803061;Östra Göteborg, Bergsjön, Södra;C;7;10
2014;kf;14803061;Östra Göteborg, Bergsjön, Södra;L;13;10
2014;kf;14803061;Östra Göteborg, Bergsjön, Södra;KD;25;27
2014;kf;14803061;Östra Göteborg, Bergsjön, Södra;S;517;499
2014;kf;14803061;Östra Göteborg, Bergsjön, Södra;V;142;65
2014;kf;14803061;Östra Göteborg, Bergsjön, Södra;MP;34;45
2014;kf;14803061;Östra Göteborg, Bergsjön, Södra;SD;51;45
2014;kf;14803061;Östra Göteborg, Bergsjön, Södra;FI;0;9
2014;kf;14803061;Östra Göteborg, Bergsjön, Södra;VÄGV;6;21
2014;kf;14803061;Östra Göteborg, Bergsjön, Södra;RS;10;6
2014;kf;14803061;Östra Göteborg, Bergsjön, Södra;K;5;10
2014;kf;14803061;Östra Göteborg, Bergsjön, Södra;ENH;0;1
2014;kf;14803061;Östra Göteborg, Bergsjön, Södra;KRVP;0;3
2014;kf;14803061;Östra Göteborg, Bergsjön, Södra;HANDSKRIVNA;0;2
2014;kf;14803061;Östra Göteborg, Bergsjön, Södra;ÖVRIGA_FGVAL;0;14
2014;kf;14803061;Östra Göteborg, Bergsjön, Södra;BLANK;1;3
2014;kf;14803061;Östra Göteborg, Bergsjön, Södra;OG;0;1
2014;kf;14803062;Östra Göteborg, Bergsjön, Östra;M;38;52
2014;kf;14803062;Östra Göteborg, Bergsjön, Östra;C;13;9
2014;kf;14803062;Östra Göteborg, Bergsjön, Östra;L;13;12
2014;kf;14803062;Östra Göteborg, Bergsjön, Östra;KD;10;20
2014;kf;14803062;Östra Göteborg, Bergsjön, Östra;S;514;493
2014;kf;14803062;Östra Göteborg, Bergsjön, Östra;V;102;58
2014;kf;14803062;Östra Göteborg, Bergsjön, Östra;MP;77;45
2014;kf;14803062;Östra Göteborg, Bergsjön, Östra;SD;43;19
2014;kf;14803062;Östra Göteborg, Bergsjön, Östra;FI;8;12
2014;kf;14803062;Östra Göteborg, Bergsjön, Östra;VÄGV;1;11
2014;kf;14803062;Östra Göteborg, Bergsjön, Östra;RS;14;10
2014;kf;14803062;Östra Göteborg, Bergsjön, Östra;K;5;10
2014;kf;14803062;Östra Göteborg, Bergsjön, Östra;PP;2;1
2014;kf;14803062;Östra Göteborg, Bergsjön, Östra;ENH;0;1
2014;kf;14803062;Östra Göteborg, Bergsjön, Östra;HANDSKRIVNA;0;2
2014;kf;14803062;Östra Göteborg, Bergsjön, Östra;ÖVRIGA_FGVAL;0;6
2014;kf;14803062;Östra Göteborg, Bergsjön, Östra;BLANK;2;2
2014;kf;14803062;Östra Göteborg, Bergsjön, Östra;OG;0;0
2014;kf;14804022;Lundby, Flunsås;M;92;142
2014;kf;14804022;Lundby, Flunsås;C;38;29
2014;kf;14804022;Lundby, Flunsås;L;51;51
2014;kf;14804022;Lundby, Flunsås;KD;25;28
2014;kf;14804022;Lundby, Flunsås;S;243;262
2014;kf;14804022;Lundby, Flunsås;V;215;163
2014;kf;14804022;Lundby, Flunsås;MP;71;125
2014;kf;14804022;Lundby, Flunsås;SD;125;98
2014;kf;14804022;Lundby, Flunsås;FI;53;83
2014;kf;14804022;Lundby, Flunsås;VÄGV;24;53
2014;kf;14804022;Lundby, Flunsås;DJUP;4;6
2014;kf;14804022;Lundby, Flunsås;K;4;6
2014;kf;14804022;Lundby, Flunsås;PP;2;5
2014;kf;14804022;Lundby, Flunsås;RS;0;3
2014;kf;14804022;Lundby, Flunsås;HANDSKRIVNA;0;2
2014;kf;14804022;Lundby, Flunsås;ÖVRIGA_FGVAL;0;26
2014;kf;14804022;Lundby, Flunsås;BLANK;13;14
2014;kf;14804022;Lundby, Flunsås;OG;0;0
2014;kf;14804023;Lundby, Kvillebäcken, Norra;M;134;162
2014;kf;14804023;Lundby, Kvillebäcken, Norra;C;46;22
2014;kf;14804023;Lundby, Kvillebäcken, Norra;L;55;55
2014;kf;14804023;Lundby, Kvillebäcken, Norra;KD;25;35
2014;kf;14804023;Lundby, Kvillebäcken, Norra;S;260;287
2014;kf;14804023;Lundby, Kvillebäcken, Norra;V;185;130
2014;kf;14804023;Lundby, Kvillebäcken, Norra;MP;94;134
2014;kf;14804023;Lundby, Kvillebäcken, Norra;SD;79;71
2014;kf;14804023;Lundby, Kvillebäcken, Norra;FI;31;45
2014;kf;14804023;Lundby, Kvillebäcken, Norra;VÄGV;24;54
2014;kf;14804023;Lundby, Kvillebäcken, Norra;K;7;11
2014;kf;14804023;Lundby, Kvillebäcken, Norra;DJUP;4;7
2014;kf;14804023;Lundby, Kvillebäcken, Norra;PP;1;12
2014;kf;14804023;Lundby, Kvillebäcken, Norra;ENH;0;2
2014;kf;14804023;Lundby, Kvillebäcken, Norra;KRVP;0;1
2014;kf;14804023;Lundby, Kvillebäcken, Norra;HANDSKRIVNA;2;4
2014;kf;14804023;Lundby, Kvillebäcken, Norra;ÖVRIGA_FGVAL;0;17
2014;kf;14804023;Lundby, Kvillebäcken, Norra;BLANK;20;8
2014;kf;14804023;Lundby, Kvillebäcken, Norra;OG;2;4
2014;kf;14804041;Lundby, Kärrdalen;M;193;328
2014;kf;14804041;Lundby, Kärrdalen;C;47;25
2014;kf;14804041;Lundby, Kärrdalen;L;105;104
2014;kf;14804041;Lundby, Kärrdalen;KD;35;44
2014;kf;14804041;Lundby, Kärrdalen;S;238;245
2014;kf;14804041;Lundby, Kärrdalen;V;111;56
2014;kf;14804041;Lundby, Kärrdalen;MP;78;98
2014;kf;14804041;Lundby, Kärrdalen;SD;105;108
2014;kf;14804041;Lundby, Kärrdalen;FI;22;29
2014;kf;14804041;Lundby, Kärrdalen;VÄGV;48;134
2014;kf;14804041;Lundby, Kärrdalen;K;3;3
2014;kf;14804041;Lundby, Kärrdalen;PP;1;4
2014;kf;14804041;Lundby, Kärrdalen;DJUP;0;2
2014;kf;14804041;Lundby, Kärrdalen;ENH;0;1
2014;kf;14804041;Lundby, Kärrdalen;RS;0;1
2014;kf;14804041;Lundby, Kärrdalen;HANDSKRIVNA;2;3
2014;kf;14804041;Lundby, Kärrdalen;ÖVRIGA_FGVAL;0;23
2014;kf;14804041;Lundby, Kärrdalen;BLANK;8;5
2014;kf;14804041;Lundby, Kärrdalen;OG;3;0
2014;kf;14804042;Lundby, Tolered, Norra;M;143;262
2014;kf;14804042;Lundby, Tolered, Norra;C;60;26
2014;kf;14804042;Lundby, Tolered, Norra;L;75;66
2014;kf;14804042;Lundby, Tolered, Norra;KD;29;37
2014;kf;14804042;Lundby, Tolered, Norra;S;206;199
2014;kf;14804042;Lundby, Tolered, Norra;V;107;79
2014;kf;14804042;Lundby, Tolered, Norra;MP;64;106
2014;kf;14804042;Lundby, Tolered, Norra;SD;55;46
2014;kf;14804042;Lundby, Tolered, Norra;FI;11;20
2014;kf;14804042;Lundby, Tolered, Norra;VÄGV;24;104
2014;kf;14804042;Lundby, Tolered, Norra;K;3;1
2014;kf;14804042;Lundby, Tolered, Norra;PP;1;6
2014;kf;14804042;Lundby, Tolered, Norra;ENH;0;1
2014;kf;14804042;Lundby, Tolered, Norra;KRVP;0;3
2014;kf;14804042;Lundby, Tolered, Norra;RS;0;1
2014;kf;14804042;Lundby, Tolered, Norra;HANDSKRIVNA;0;4
2014;kf;14804042;Lundby, Tolered, Norra;ÖVRIGA_FGVAL;0;14
2014;kf;14804042;Lundby, Tolered, Norra;BLANK;2;3
2014;kf;14804042;Lundby, Tolered, Norra;OG;1;0
2014;kf;14804043;Lundby, Tolered, Södra;M;132;182
2014;kf;14804043;Lundby, Tolered, Södra;C;41;21
2014;kf;14804043;Lundby, Tolered, Södra;L;78;80
2014;kf;14804043;Lundby, Tolered, Södra;KD;32;33
2014;kf;14804043;Lundby, Tolered, Södra;S;214;239
2014;kf;14804043;Lundby, Tolered, Södra;V;92;59
2014;kf;14804043;Lundby, Tolered, Södra;MP;91;102
2014;kf;14804043;Lundby, Tolered, Södra;SD;80;75
2014;kf;14804043;Lundby, Tolered, Södra;FI;24;18
2014;kf;14804043;Lundby, Tolered, Södra;VÄGV;43;134
2014;kf;14804043;Lundby, Tolered, Södra;PP;2;3
2014;kf;14804043;Lundby, Tolered, Södra;K;1;3
2014;kf;14804043;Lundby, Tolered, Södra;ENH;0;1
2014;kf;14804043;Lundby, Tolered, Södra;RS;0;1
2014;kf;14804043;Lundby, Tolered, Södra;ÖVRIGA_FGVAL;0;20
2014;kf;14804043;Lundby, Tolered, Södra;BLANK;5;12
2014;kf;14804043;Lundby, Tolered, Södra;OG;0;0
2014;kf;14804051;Norra Hisingen, Glöstorp;M;156;165
2014;kf;14804051;Norra Hisingen, Glöstorp;C;34;31
2014;kf;14804051;Norra Hisingen, Glöstorp;L;70;64
2014;kf;14804051;Norra Hisingen, Glöstorp;KD;39;37
2014;kf;14804051;Norra Hisingen, Glöstorp;S;251;300
2014;kf;14804051;Norra Hisingen, Glöstorp;V;92;71
2014;kf;14804051;Norra Hisingen, Glöstorp;MP;44;72
2014;kf;14804051;Norra Hisingen, Glöstorp;SD;151;124
2014;kf;14804051;Norra Hisingen, Glöstorp;FI;7;8
2014;kf;14804051;Norra Hisingen, Glöstorp;VÄGV;23;66
2014;kf;14804051;Norra Hisingen, Glöstorp;K;5;2
2014;kf;14804051;Norra Hisingen, Glöstorp;DJUP;4;3
2014;kf;14804051;Norra Hisingen, Glöstorp;ENH;0;1
2014;kf;14804051;Norra Hisingen, Glöstorp;PP;0;4
2014;kf;14804051;Norra Hisingen, Glöstorp;HANDSKRIVNA;1;1
2014;kf;14804051;Norra Hisingen, Glöstorp;ÖVRIGA_FGVAL;0;35
2014;kf;14804051;Norra Hisingen, Glöstorp;BLANK;17;8
2014;kf;14804051;Norra Hisingen, Glöstorp;OG;0;1
2014;kf;14804056;Norra Hisingen, Tången;M;185;257
2014;kf;14804056;Norra Hisingen, Tången;C;34;33
2014;kf;14804056;Norra Hisingen, Tången;L;81;130
2014;kf;14804056;Norra Hisingen, Tången;KD;31;50
2014;kf;14804056;Norra Hisingen, Tången;S;225;288
2014;kf;14804056;Norra Hisingen, Tången;V;67;56
2014;kf;14804056;Norra Hisingen, Tången;MP;48;77
2014;kf;14804056;Norra Hisingen, Tången;SD;87;73
2014;kf;14804056;Norra Hisingen, Tången;FI;8;12
2014;kf;14804056;Norra Hisingen, Tången;VÄGV;34;85
2014;kf;14804056;Norra Hisingen, Tången;K;4;8
2014;kf;14804056;Norra Hisingen, Tången;DJUP;3;2
2014;kf;14804056;Norra Hisingen, Tången;ENH;0;2
2014;kf;14804056;Norra Hisingen, Tången;PP;0;1
2014;kf;14804056;Norra Hisingen, Tången;HANDSKRIVNA;0;2
2014;kf;14804056;Norra Hisingen, Tången;ÖVRIGA_FGVAL;0;41
2014;kf;14804056;Norra Hisingen, Tången;BLANK;8;13
2014;kf;14804056;Norra Hisingen, Tången;OG;1;0
2014;kf;14804071;Norra Hisingen, Gerrebacka-Ingebäck;M;272;333
2014;kf;14804071;Norra Hisingen, Gerrebacka-Ingebäck;C;43;23
2014;kf;14804071;Norra Hisingen, Gerrebacka-Ingebäck;L;90;89
2014;kf;14804071;Norra Hisingen, Gerrebacka-Ingebäck;KD;33;29
2014;kf;14804071;Norra Hisingen, Gerrebacka-Ingebäck;S;290;332
2014;kf;14804071;Norra Hisingen, Gerrebacka-Ingebäck;V;64;52
2014;kf;14804071;Norra Hisingen, Gerrebacka-Ingebäck;MP;46;82
2014;kf;14804071;Norra Hisingen, Gerrebacka-Ingebäck;SD;160;137
2014;kf;14804071;Norra Hisingen, Gerrebacka-Ingebäck;FI;13;19
2014;kf;14804071;Norra Hisingen, Gerrebacka-Ingebäck;VÄGV;33;78
2014;kf;14804071;Norra Hisingen, Gerrebacka-Ingebäck;PP;2;3
2014;kf;14804071;Norra Hisingen, Gerrebacka-Ingebäck;DJUP;1;3
2014;kf;14804071;Norra Hisingen, Gerrebacka-Ingebäck;RS;1;2
2014;kf;14804071;Norra Hisingen, Gerrebacka-Ingebäck;K;0;1
2014;kf;14804071;Norra Hisingen, Gerrebacka-Ingebäck;HANDSKRIVNA;1;0
2014;kf;14804071;Norra Hisingen, Gerrebacka-Ingebäck;ÖVRIGA_FGVAL;0;31
2014;kf;14804071;Norra Hisingen, Gerrebacka-Ingebäck;BLANK;7;9
2014;kf;14804071;Norra Hisingen, Gerrebacka-Ingebäck;OG;1;5
2014;kf;14804072;Norra Hisingen, Kärra, Norra;M;102;118
2014;kf;14804072;Norra Hisingen, Kärra, Norra;C;16;13
2014;kf;14804072;Norra Hisingen, Kärra, Norra;L;48;57
2014;kf;14804072;Norra Hisingen, Kärra, Norra;KD;28;37
2014;kf;14804072;Norra Hisingen, Kärra, Norra;S;279;334
2014;kf;14804072;Norra Hisingen, Kärra, Norra;V;76;72
2014;kf;14804072;Norra Hisingen, Kärra, Norra;MP;27;52
2014;kf;14804072;Norra Hisingen, Kärra, Norra;SD;126;129
2014;kf;14804072;Norra Hisingen, Kärra, Norra;FI;5;5
2014;kf;14804072;Norra Hisingen, Kärra, Norra;VÄGV;24;62
2014;kf;14804072;Norra Hisingen, Kärra, Norra;DJUP;5;4
2014;kf;14804072;Norra Hisingen, Kärra, Norra;K;3;2
2014;kf;14804072;Norra Hisingen, Kärra, Norra;PP;0;4
2014;kf;14804072;Norra Hisingen, Kärra, Norra;HANDSKRIVNA;1;1
2014;kf;14804072;Norra Hisingen, Kärra, Norra;ÖVRIGA_FGVAL;0;52
2014;kf;14804072;Norra Hisingen, Kärra, Norra;BLANK;8;4
2014;kf;14804072;Norra Hisingen, Kärra, Norra;OG;0;0
2014;kf;14804073;Norra Hisingen, Kärra, Södra;M;183;227
2014;kf;14804073;Norra Hisingen, Kärra, Södra;C;11;12
2014;kf;14804073;Norra Hisingen, Kärra, Södra;L;59;65
2014;kf;14804073;Norra Hisingen, Kärra, Södra;KD;46;31
2014;kf;14804073;Norra Hisingen, Kärra, Södra;S;288;330
2014;kf;14804073;Norra Hisingen, Kärra, Södra;V;66;53
2014;kf;14804073;Norra Hisingen, Kärra, Södra;MP;35;47
2014;kf;14804073;Norra Hisingen, Kärra, Södra;SD;194;164
2014;kf;14804073;Norra Hisingen, Kärra, Södra;FI;5;10
2014;kf;14804073;Norra Hisingen, Kärra, Södra;VÄGV;37;99
2014;kf;14804073;Norra Hisingen, Kärra, Södra;K;4;4
2014;kf;14804073;Norra Hisingen, Kärra, Södra;ENH;0;6
2014;kf;14804073;Norra Hisingen, Kärra, Södra;KRVP;0;1
2014;kf;14804073;Norra Hisingen, Kärra, Södra;PP;0;5
2014;kf;14804073;Norra Hisingen, Kärra, Södra;RS;0;1
2014;kf;14804073;Norra Hisingen, Kärra, Södra;HANDSKRIVNA;1;0
2014;kf;14804073;Norra Hisingen, Kärra, Södra;ÖVRIGA_FGVAL;0;22
2014;kf;14804073;Norra Hisingen, Kärra, Södra;BLANK;13;12
2014;kf;14804073;Norra Hisingen, Kärra, Södra;OG;0;0
2014;kf;14804074;Norra Hisingen, Kärra, Västra;M;148;145
2014;kf;14804074;Norra Hisingen, Kärra, Västra;C;25;14
2014;kf;14804074;Norra Hisingen, Kärra, Västra;L;44;65
2014;kf;14804074;Norra Hisingen, Kärra, Västra;KD;50;26
2014;kf;14804074;Norra Hisingen, Kärra, Västra;S;269;352
2014;kf;14804074;Norra Hisingen, Kärra, Västra;V;79;53
2014;kf;14804074;Norra Hisingen, Kärra, Västra;MP;22;48
2014;kf;14804074;Norra Hisingen, Kärra, Västra;SD;165;170
2014;kf;14804074;Norra Hisingen, Kärra, Västra;FI;5;12
2014;kf;14804074;Norra Hisingen, Kärra, Västra;VÄGV;29;82
2014;kf;14804074;Norra Hisingen, Kärra, Västra;DJUP;7;5
2014;kf;14804074;Norra Hisingen, Kärra, Västra;K;2;1
2014;kf;14804074;Norra Hisingen, Kärra, Västra;PP;2;3
2014;kf;14804074;Norra Hisingen, Kärra, Västra;ENH;0;4
2014;kf;14804074;Norra Hisingen, Kärra, Västra;RS;0;2
2014;kf;14804074;Norra Hisingen, Kärra, Västra;ÖVRIGA_FGVAL;0;28
2014;kf;14804074;Norra Hisingen, Kärra, Västra;BLANK;9;12
2014;kf;14804074;Norra Hisingen, Kärra, Västra;OG;1;0
2014;kf;14804075;Norra Hisingen, Kärra, Östra;M;135;164
2014;kf;14804075;Norra Hisingen, Kärra, Östra;C;27;10
2014;kf;14804075;Norra Hisingen, Kärra, Östra;L;45;51
2014;kf;14804075;Norra Hisingen, Kärra, Östra;KD;35;26
2014;kf;14804075;Norra Hisingen, Kärra, Östra;S;355;419
2014;kf;14804075;Norra Hisingen, Kärra, Östra;V;91;80
2014;kf;14804075;Norra Hisingen, Kärra, Östra;MP;31;51
2014;kf;14804075;Norra Hisingen, Kärra, Östra;SD;141;135
2014;kf;14804075;Norra Hisingen, Kärra, Östra;FI;5;6
2014;kf;14804075;Norra Hisingen, Kärra, Östra;VÄGV;24;77
2014;kf;14804075;Norra Hisingen, Kärra, Östra;PP;2;3
2014;kf;14804075;Norra Hisingen, Kärra, Östra;K;1;4
2014;kf;14804075;Norra Hisingen, Kärra, Östra;KRVP;1;1
2014;kf;14804075;Norra Hisingen, Kärra, Östra;DJUP;0;3
2014;kf;14804075;Norra Hisingen, Kärra, Östra;ENH;0;1
2014;kf;14804075;Norra Hisingen, Kärra, Östra;RS;0;1
2014;kf;14804075;Norra Hisingen, Kärra, Östra;HANDSKRIVNA;1;2
2014;kf;14804075;Norra Hisingen, Kärra, Östra;ÖVRIGA_FGVAL;0;29
2014;kf;14804075;Norra Hisingen, Kärra, Östra;BLANK;13;15
2014;kf;14804075;Norra Hisingen, Kärra, Östra;OG;0;0
2014;kf;14804076;Norra Hisingen, Mysterna-Svankälla;M;294;371
2014;kf;14804076;Norra Hisingen, Mysterna-Svankälla;C;47;30
2014;kf;14804076;Norra Hisingen, Mysterna-Svankälla;L;96;116
2014;kf;14804076;Norra Hisingen, Mysterna-Svankälla;KD;45;43
2014;kf;14804076;Norra Hisingen, Mysterna-Svankälla;S;254;252
2014;kf;14804076;Norra Hisingen, Mysterna-Svankälla;V;71;57
2014;kf;14804076;Norra Hisingen, Mysterna-Svankälla;MP;47;67
2014;kf;14804076;Norra Hisingen, Mysterna-Svankälla;SD;143;135
2014;kf;14804076;Norra Hisingen, Mysterna-Svankälla;FI;12;8
2014;kf;14804076;Norra Hisingen, Mysterna-Svankälla;VÄGV;38;91
2014;kf;14804076;Norra Hisingen, Mysterna-Svankälla;DJUP;2;1
2014;kf;14804076;Norra Hisingen, Mysterna-Svankälla;K;2;1
2014;kf;14804076;Norra Hisingen, Mysterna-Svankälla;ENH;0;1
2014;kf;14804076;Norra Hisingen, Mysterna-Svankälla;PP;0;7
2014;kf;14804076;Norra Hisingen, Mysterna-Svankälla;HANDSKRIVNA;0;2
2014;kf;14804076;Norra Hisingen, Mysterna-Svankälla;ÖVRIGA_FGVAL;0;25
2014;kf;14804076;Norra Hisingen, Mysterna-Svankälla;BLANK;19;18
2014;kf;14804076;Norra Hisingen, Mysterna-Svankälla;OG;0;0
2014;kf;14804121;Norra Hisingen, Backa Röd;M;64;60
2014;kf;14804121;Norra Hisingen, Backa Röd;C;16;6
2014;kf;14804121;Norra Hisingen, Backa Röd;L;16;24
2014;kf;14804121;Norra Hisingen, Backa Röd;KD;14;17
2014;kf;14804121;Norra Hisingen, Backa Röd;S;316;336
2014;kf;14804121;Norra Hisingen, Backa Röd;V;136;98
2014;kf;14804121;Norra Hisingen, Backa Röd;MP;39;52
2014;kf;14804121;Norra Hisingen, Backa Röd;SD;87;75
2014;kf;14804121;Norra Hisingen, Backa Röd;FI;9;12
2014;kf;14804121;Norra Hisingen, Backa Röd;VÄGV;30;50
2014;kf;14804121;Norra Hisingen, Backa Röd;K;5;3
2014;kf;14804121;Norra Hisingen, Backa Röd;RS;3;3
2014;kf;14804121;Norra Hisingen, Backa Röd;PP;2;7
2014;kf;14804121;Norra Hisingen, Backa Röd;DJUP;1;1
2014;kf;14804121;Norra Hisingen, Backa Röd;KRVP;1;3
2014;kf;14804121;Norra Hisingen, Backa Röd;HANDSKRIVNA;2;1
2014;kf;14804121;Norra Hisingen, Backa Röd;ÖVRIGA_FGVAL;0;30
2014;kf;14804121;Norra Hisingen, Backa Röd;BLANK;12;8
2014;kf;14804121;Norra Hisingen, Backa Röd;OG;0;3
2014;kf;14804141;Lundby, Bräcke, Norra;M;118;179
2014;kf;14804141;Lundby, Bräcke, Norra;C;33;19
2014;kf;14804141;Lundby, Bräcke, Norra;L;63;74
2014;kf;14804141;Lundby, Bräcke, Norra;KD;31;29
2014;kf;14804141;Lundby, Bräcke, Norra;S;233;253
2014;kf;14804141;Lundby, Bräcke, Norra;V;163;125
2014;kf;14804141;Lundby, Bräcke, Norra;MP;86;112
2014;kf;14804141;Lundby, Bräcke, Norra;SD;127;127
2014;kf;14804141;Lundby, Bräcke, Norra;FI;25;51
2014;kf;14804141;Lundby, Bräcke, Norra;VÄGV;33;86
2014;kf;14804141;Lundby, Bräcke, Norra;DJUP;7;3
2014;kf;14804141;Lundby, Bräcke, Norra;PP;3;10
2014;kf;14804141;Lundby, Bräcke, Norra;K;2;4
2014;kf;14804141;Lundby, Bräcke, Norra;KRVP;1;3
2014;kf;14804141;Lundby, Bräcke, Norra;ENH;0;3
2014;kf;14804141;Lundby, Bräcke, Norra;RS;0;1
2014;kf;14804141;Lundby, Bräcke, Norra;ÖVRIGA_FGVAL;0;36
2014;kf;14804141;Lundby, Bräcke, Norra;BLANK;9;9
2014;kf;14804141;Lundby, Bräcke, Norra;OG;1;1
2014;kf;14804142;Lundby, Bräcke, Södra;M;101;149
2014;kf;14804142;Lundby, Bräcke, Södra;C;34;24
2014;kf;14804142;Lundby, Bräcke, Södra;L;53;52
2014;kf;14804142;Lundby, Bräcke, Södra;KD;28;23
2014;kf;14804142;Lundby, Bräcke, Södra;S;202;228
2014;kf;14804142;Lundby, Bräcke, Södra;V;131;103
2014;kf;14804142;Lundby, Bräcke, Södra;MP;67;90
2014;kf;14804142;Lundby, Bräcke, Södra;SD;107;97
2014;kf;14804142;Lundby, Bräcke, Södra;FI;27;37
2014;kf;14804142;Lundby, Bräcke, Södra;VÄGV;32;56
2014;kf;14804142;Lundby, Bräcke, Södra;DJUP;2;5
2014;kf;14804142;Lundby, Bräcke, Södra;K;2;3
2014;kf;14804142;Lundby, Bräcke, Södra;PP;2;6
2014;kf;14804142;Lundby, Bräcke, Södra;HANDSKRIVNA;4;1
2014;kf;14804142;Lundby, Bräcke, Södra;ÖVRIGA_FGVAL;0;38
2014;kf;14804142;Lundby, Bräcke, Södra;BLANK;14;10
2014;kf;14804142;Lundby, Bräcke, Södra;OG;0;0
2014;kf;14804143;Lundby, Kyrkbyn;M;101;111
2014;kf;14804143;Lundby, Kyrkbyn;C;27;16
2014;kf;14804143;Lundby, Kyrkbyn;L;51;45
2014;kf;14804143;Lundby, Kyrkbyn;KD;18;21
2014;kf;14804143;Lundby, Kyrkbyn;S;307;355
2014;kf;14804143;Lundby, Kyrkbyn;V;188;133
2014;kf;14804143;Lundby, Kyrkbyn;MP;71;95
2014;kf;14804143;Lundby, Kyrkbyn;SD;168;147
2014;kf;14804143;Lundby, Kyrkbyn;FI;32;37
2014;kf;14804143;Lundby, Kyrkbyn;VÄGV;43;40
2014;kf;14804143;Lundby, Kyrkbyn;K;14;20
2014;kf;14804143;Lundby, Kyrkbyn;DJUP;5;10
2014;kf;14804143;Lundby, Kyrkbyn;PP;3;10
2014;kf;14804143;Lundby, Kyrkbyn;KRVP;1;1
2014;kf;14804143;Lundby, Kyrkbyn;ENH;0;4
2014;kf;14804143;Lundby, Kyrkbyn;HANDSKRIVNA;3;2
2014;kf;14804143;Lundby, Kyrkbyn;ÖVRIGA_FGVAL;0;27
2014;kf;14804143;Lundby, Kyrkbyn;BLANK;15;9
2014;kf;14804143;Lundby, Kyrkbyn;OG;2;0
2014;kf;14804144;Lundby, Lundby, Norra;M;107;142
2014;kf;14804144;Lundby, Lundby, Norra;C;34;14
2014;kf;14804144;Lundby, Lundby, Norra;L;47;49
2014;kf;14804144;Lundby, Lundby, Norra;KD;27;32
2014;kf;14804144;Lundby, Lundby, Norra;S;220;259
2014;kf;14804144;Lundby, Lundby, Norra;V;130;77
2014;kf;14804144;Lundby, Lundby, Norra;MP;51;100
2014;kf;14804144;Lundby, Lundby, Norra;SD;118;80
2014;kf;14804144;Lundby, Lundby, Norra;FI;25;33
2014;kf;14804144;Lundby, Lundby, Norra;VÄGV;29;68
2014;kf;14804144;Lundby, Lundby, Norra;DJUP;9;5
2014;kf;14804144;Lundby, Lundby, Norra;K;1;3
2014;kf;14804144;Lundby, Lundby, Norra;PP;1;5
2014;kf;14804144;Lundby, Lundby, Norra;ENH;0;1
2014;kf;14804144;Lundby, Lundby, Norra;RS;0;2
2014;kf;14804144;Lundby, Lundby, Norra;HANDSKRIVNA;2;0
2014;kf;14804144;Lundby, Lundby, Norra;ÖVRIGA_FGVAL;0;20
2014;kf;14804144;Lundby, Lundby, Norra;BLANK;9;14
2014;kf;14804144;Lundby, Lundby, Norra;OG;1;0
2014;kf;14804145;Lundby, Lundby, Södra;M;85;110
2014;kf;14804145;Lundby, Lundby, Södra;C;37;19
2014;kf;14804145;Lundby, Lundby, Södra;L;52;51
2014;kf;14804145;Lundby, Lundby, Södra;KD;20;21
2014;kf;14804145;Lundby, Lundby, Södra;S;175;206
2014;kf;14804145;Lundby, Lundby, Södra;V;138;85
2014;kf;14804145;Lundby, Lundby, Södra;MP;83;111
2014;kf;14804145;Lundby, Lundby, Södra;SD;82;76
2014;kf;14804145;Lundby, Lundby, Södra;FI;21;32
2014;kf;14804145;Lundby, Lundby, Södra;VÄGV;23;38
2014;kf;14804145;Lundby, Lundby, Södra;DJUP;8;4
2014;kf;14804145;Lundby, Lundby, Södra;K;5;7
2014;kf;14804145;Lundby, Lundby, Södra;PP;2;4
2014;kf;14804145;Lundby, Lundby, Södra;ENH;0;1
2014;kf;14804145;Lundby, Lundby, Södra;HANDSKRIVNA;1;3
2014;kf;14804145;Lundby, Lundby, Södra;ÖVRIGA_FGVAL;0;31
2014;kf;14804145;Lundby, Lundby, Södra;BLANK;14;10
2014;kf;14804145;Lundby, Lundby, Södra;OG;0;1
2014;kf;14804153;Lundby, Porslinsfabriken;M;170;198
2014;kf;14804153;Lundby, Porslinsfabriken;C;38;26
2014;kf;14804153;Lundby, Porslinsfabriken;L;80;76
2014;kf;14804153;Lundby, Porslinsfabriken;KD;19;30
2014;kf;14804153;Lundby, Porslinsfabriken;S;205;220
2014;kf;14804153;Lundby, Porslinsfabriken;V;142;111
2014;kf;14804153;Lundby, Porslinsfabriken;MP;89;128
2014;kf;14804153;Lundby, Porslinsfabriken;SD;81;61
2014;kf;14804153;Lundby, Porslinsfabriken;FI;23;50
2014;kf;14804153;Lundby, Porslinsfabriken;VÄGV;17;47
2014;kf;14804153;Lundby, Porslinsfabriken;K;8;11
2014;kf;14804153;Lundby, Porslinsfabriken;DJUP;1;4
2014;kf;14804153;Lundby, Porslinsfabriken;PP;1;3
2014;kf;14804153;Lundby, Porslinsfabriken;ENH;0;1
2014;kf;14804153;Lundby, Porslinsfabriken;HANDSKRIVNA;0;3
2014;kf;14804153;Lundby, Porslinsfabriken;ÖVRIGA_FGVAL;0;14
2014;kf;14804153;Lundby, Porslinsfabriken;BLANK;7;13
2014;kf;14804153;Lundby, Porslinsfabriken;OG;2;0
2014;kf;14804154;Lundby, Rambergsstaden, Norra;M;80;129
2014;kf;14804154;Lundby, Rambergsstaden, Norra;C;42;16
2014;kf;14804154;Lundby, Rambergsstaden, Norra;L;54;60
2014;kf;14804154;Lundby, Rambergsstaden, Norra;KD;40;28
2014;kf;14804154;Lundby, Rambergsstaden, Norra;S;222;302
2014;kf;14804154;Lundby, Rambergsstaden, Norra;V;120;105
2014;kf;14804154;Lundby, Rambergsstaden, Norra;MP;57;87
2014;kf;14804154;Lundby, Rambergsstaden, Norra;SD;104;84
2014;kf;14804154;Lundby, Rambergsstaden, Norra;FI;16;36
2014;kf;14804154;Lundby, Rambergsstaden, Norra;VÄGV;26;52
2014;kf;14804154;Lundby, Rambergsstaden, Norra;PP;4;5
2014;kf;14804154;Lundby, Rambergsstaden, Norra;K;2;5
2014;kf;14804154;Lundby, Rambergsstaden, Norra;KRVP;1;1
2014;kf;14804154;Lundby, Rambergsstaden, Norra;RS;1;1
2014;kf;14804154;Lundby, Rambergsstaden, Norra;DJUP;0;1
2014;kf;14804154;Lundby, Rambergsstaden, Norra;ENH;0;1
2014;kf;14804154;Lundby, Rambergsstaden, Norra;HANDSKRIVNA;2;3
2014;kf;14804154;Lundby, Rambergsstaden, Norra;ÖVRIGA_FGVAL;0;21
2014;kf;14804154;Lundby, Rambergsstaden, Norra;BLANK;18;12
2014;kf;14804154;Lundby, Rambergsstaden, Norra;OG;0;0
2014;kf;14804155;Lundby, Rambergsstaden, Södra;M;72;71
2014;kf;14804155;Lundby, Rambergsstaden, Södra;C;22;15
2014;kf;14804155;Lundby, Rambergsstaden, Södra;L;36;24
2014;kf;14804155;Lundby, Rambergsstaden, Södra;KD;16;17
2014;kf;14804155;Lundby, Rambergsstaden, Södra;S;199;212
2014;kf;14804155;Lundby, Rambergsstaden, Södra;V;204;161
2014;kf;14804155;Lundby, Rambergsstaden, Södra;MP;67;109
2014;kf;14804155;Lundby, Rambergsstaden, Södra;SD;82;70
2014;kf;14804155;Lundby, Rambergsstaden, Södra;FI;32;67
2014;kf;14804155;Lundby, Rambergsstaden, Södra;VÄGV;17;29
2014;kf;14804155;Lundby, Rambergsstaden, Södra;K;8;15
2014;kf;14804155;Lundby, Rambergsstaden, Södra;PP;4;15
2014;kf;14804155;Lundby, Rambergsstaden, Södra;DJUP;2;6
2014;kf;14804155;Lundby, Rambergsstaden, Södra;RS;1;3
2014;kf;14804155;Lundby, Rambergsstaden, Södra;ENH;0;4
2014;kf;14804155;Lundby, Rambergsstaden, Södra;KRVP;0;2
2014;kf;14804155;Lundby, Rambergsstaden, Södra;HANDSKRIVNA;5;6
2014;kf;14804155;Lundby, Rambergsstaden, Södra;ÖVRIGA_FGVAL;0;18
2014;kf;14804155;Lundby, Rambergsstaden, Södra;BLANK;14;5
2014;kf;14804155;Lundby, Rambergsstaden, Södra;OG;1;1
2014;kf;14804156;Lundby, Rambergsstaden, Östra;M;125;144
2014;kf;14804156;Lundby, Rambergsstaden, Östra;C;45;21
2014;kf;14804156;Lundby, Rambergsstaden, Östra;L;76;48
2014;kf;14804156;Lundby, Rambergsstaden, Östra;KD;34;27
2014;kf;14804156;Lundby, Rambergsstaden, Östra;S;234;300
2014;kf;14804156;Lundby, Rambergsstaden, Östra;V;198;148
2014;kf;14804156;Lundby, Rambergsstaden, Östra;MP;93;147
2014;kf;14804156;Lundby, Rambergsstaden, Östra;SD;112;104
2014;kf;14804156;Lundby, Rambergsstaden, Östra;FI;44;51
2014;kf;14804156;Lundby, Rambergsstaden, Östra;VÄGV;33;56
2014;kf;14804156;Lundby, Rambergsstaden, Östra;K;5;7
2014;kf;14804156;Lundby, Rambergsstaden, Östra;DJUP;3;2
2014;kf;14804156;Lundby, Rambergsstaden, Östra;KRVP;1;1
2014;kf;14804156;Lundby, Rambergsstaden, Östra;ENH;0;2
2014;kf;14804156;Lundby, Rambergsstaden, Östra;PP;0;9
2014;kf;14804156;Lundby, Rambergsstaden, Östra;RS;0;1
2014;kf;14804156;Lundby, Rambergsstaden, Östra;HANDSKRIVNA;0;3
2014;kf;14804156;Lundby, Rambergsstaden, Östra;ÖVRIGA_FGVAL;0;35
2014;kf;14804156;Lundby, Rambergsstaden, Östra;BLANK;16;14
2014;kf;14804156;Lundby, Rambergsstaden, Östra;OG;0;1
2014;kf;14804165;Lundby, Sannegården, Västra;M;281;407
2014;kf;14804165;Lundby, Sannegården, Västra;C;64;47
2014;kf;14804165;Lundby, Sannegården, Västra;L;128;148
2014;kf;14804165;Lundby, Sannegården, Västra;KD;60;56
2014;kf;14804165;Lundby, Sannegården, Västra;S;235;225
2014;kf;14804165;Lundby, Sannegården, Västra;V;71;71
2014;kf;14804165;Lundby, Sannegården, Västra;MP;78;112
2014;kf;14804165;Lundby, Sannegården, Västra;SD;84;61
2014;kf;14804165;Lundby, Sannegården, Västra;FI;18;39
2014;kf;14804165;Lundby, Sannegården, Västra;VÄGV;28;75
2014;kf;14804165;Lundby, Sannegården, Västra;DJUP;4;2
2014;kf;14804165;Lundby, Sannegården, Västra;K;3;2
2014;kf;14804165;Lundby, Sannegården, Västra;PP;1;3
2014;kf;14804165;Lundby, Sannegården, Västra;HANDSKRIVNA;0;4
2014;kf;14804165;Lundby, Sannegården, Västra;ÖVRIGA_FGVAL;0;44
2014;kf;14804165;Lundby, Sannegården, Västra;BLANK;8;0
2014;kf;14804165;Lundby, Sannegården, Västra;OG;0;7
2014;kf;14804166;Lundby, Södhallsberget;M;188;303
2014;kf;14804166;Lundby, Södhallsberget;C;61;33
2014;kf;14804166;Lundby, Södhallsberget;L;128;167
2014;kf;14804166;Lundby, Södhallsberget;KD;41;54
2014;kf;14804166;Lundby, Södhallsberget;S;194;205
2014;kf;14804166;Lundby, Södhallsberget;V;46;54
2014;kf;14804166;Lundby, Södhallsberget;MP;50;83
2014;kf;14804166;Lundby, Södhallsberget;SD;82;60
2014;kf;14804166;Lundby, Södhallsberget;FI;11;16
2014;kf;14804166;Lundby, Södhallsberget;VÄGV;31;87
2014;kf;14804166;Lundby, Södhallsberget;DJUP;1;1
2014;kf;14804166;Lundby, Södhallsberget;K;1;4
2014;kf;14804166;Lundby, Södhallsberget;ENH;0;1
2014;kf;14804166;Lundby, Södhallsberget;KRVP;0;1
2014;kf;14804166;Lundby, Södhallsberget;PP;0;2
2014;kf;14804166;Lundby, Södhallsberget;HANDSKRIVNA;0;4
2014;kf;14804166;Lundby, Södhallsberget;ÖVRIGA_FGVAL;0;30
2014;kf;14804166;Lundby, Södhallsberget;BLANK;4;8
2014;kf;14804166;Lundby, Södhallsberget;OG;0;0
2014;kf;14805021;Västra Göteborg, Långedrag;M;414;796
2014;kf;14805021;Västra Göteborg, Långedrag;C;52;38
2014;kf;14805021;Västra Göteborg, Långedrag;L;162;197
2014;kf;14805021;Västra Göteborg, Långedrag;KD;44;67
2014;kf;14805021;Västra Göteborg, Långedrag;S;55;50
2014;kf;14805021;Västra Göteborg, Långedrag;V;27;21
2014;kf;14805021;Västra Göteborg, Långedrag;MP;47;57
2014;kf;14805021;Västra Göteborg, Långedrag;SD;72;36
2014;kf;14805021;Västra Göteborg, Långedrag;FI;12;14
2014;kf;14805021;Västra Göteborg, Långedrag;VÄGV;22;68
2014;kf;14805021;Västra Göteborg, Långedrag;ENH;0;1
2014;kf;14805021;Västra Göteborg, Långedrag;ÖVRIGA_FGVAL;0;45
2014;kf;14805021;Västra Göteborg, Långedrag;BLANK;4;5
2014;kf;14805021;Västra Göteborg, Långedrag;OG;1;0
2014;kf;14805031;Västra Göteborg, Hagen;M;287;500
2014;kf;14805031;Västra Göteborg, Hagen;C;70;44
2014;kf;14805031;Västra Göteborg, Hagen;L;185;209
2014;kf;14805031;Västra Göteborg, Hagen;KD;38;49
2014;kf;14805031;Västra Göteborg, Hagen;S;137;119
2014;kf;14805031;Västra Göteborg, Hagen;V;67;57
2014;kf;14805031;Västra Göteborg, Hagen;MP;93;119
2014;kf;14805031;Västra Göteborg, Hagen;SD;72;72
2014;kf;14805031;Västra Göteborg, Hagen;FI;18;45
2014;kf;14805031;Västra Göteborg, Hagen;VÄGV;25;71
2014;kf;14805031;Västra Göteborg, Hagen;DJUP;2;2
2014;kf;14805031;Västra Göteborg, Hagen;K;2;2
2014;kf;14805031;Västra Göteborg, Hagen;ENH;0;1
2014;kf;14805031;Västra Göteborg, Hagen;KRVP;0;1
2014;kf;14805031;Västra Göteborg, Hagen;PP;0;4
2014;kf;14805031;Västra Göteborg, Hagen;ÖVRIGA_FGVAL;0;67
2014;kf;14805031;Västra Göteborg, Hagen;BLANK;9;3
2014;kf;14805031;Västra Göteborg, Hagen;OG;0;0
2014;kf;14805033;Västra Göteborg, Tångudden;M;230;476
2014;kf;14805033;Västra Göteborg, Tångudden;C;65;35
2014;kf;14805033;Västra Göteborg, Tångudden;L;171;196
2014;kf;14805033;Västra Göteborg, Tångudden;KD;42;58
2014;kf;14805033;Västra Göteborg, Tångudden;S;86;67
2014;kf;14805033;Västra Göteborg, Tångudden;V;42;32
2014;kf;14805033;Västra Göteborg, Tångudden;MP;100;106
2014;kf;14805033;Västra Göteborg, Tångudden;SD;57;45
2014;kf;14805033;Västra Göteborg, Tångudden;FI;11;18
2014;kf;14805033;Västra Göteborg, Tångudden;VÄGV;12;70
2014;kf;14805033;Västra Göteborg, Tångudden;K;3;3
2014;kf;14805033;Västra Göteborg, Tångudden;DJUP;1;1
2014;kf;14805033;Västra Göteborg, Tångudden;KRVP;0;1
2014;kf;14805033;Västra Göteborg, Tångudden;PP;0;1
2014;kf;14805033;Västra Göteborg, Tångudden;HANDSKRIVNA;0;2
2014;kf;14805033;Västra Göteborg, Tångudden;ÖVRIGA_FGVAL;0;81
2014;kf;14805033;Västra Göteborg, Tångudden;BLANK;4;9
2014;kf;14805033;Västra Göteborg, Tångudden;OG;2;0
2014;kf;14805051;Västra Göteborg, Brännö-Asperö;M;97;234
2014;kf;14805051;Västra Göteborg, Brännö-Asperö;C;15;19
2014;kf;14805051;Västra Göteborg, Brännö-Asperö;L;36;68
2014;kf;14805051;Västra Göteborg, Brännö-Asperö;KD;32;74
2014;kf;14805051;Västra Göteborg, Brännö-Asperö;S;84;128
2014;kf;14805051;Västra Göteborg, Brännö-Asperö;V;115;82
2014;kf;14805051;Västra Göteborg, Brännö-Asperö;MP;70;142
2014;kf;14805051;Västra Göteborg, Brännö-Asperö;SD;16;31
2014;kf;14805051;Västra Göteborg, Brännö-Asperö;FI;24;63
2014;kf;14805051;Västra Göteborg, Brännö-Asperö;VÄGV;6;19
2014;kf;14805051;Västra Göteborg, Brännö-Asperö;K;2;7
2014;kf;14805051;Västra Göteborg, Brännö-Asperö;DJUP;0;3
2014;kf;14805051;Västra Göteborg, Brännö-Asperö;ENH;0;1
2014;kf;14805051;Västra Göteborg, Brännö-Asperö;RS;0;1
2014;kf;14805051;Västra Göteborg, Brännö-Asperö;ÖVRIGA_FGVAL;0;15
2014;kf;14805051;Västra Göteborg, Brännö-Asperö;BLANK;0;2
2014;kf;14805051;Västra Göteborg, Brännö-Asperö;OG;2;0
2014;kf;14805052;Västra Göteborg, Donsö-Vrångö;M;88;239
2014;kf;14805052;Västra Göteborg, Donsö-Vrångö;C;27;41
2014;kf;14805052;Västra Göteborg, Donsö-Vrångö;L;65;96
2014;kf;14805052;Västra Göteborg, Donsö-Vrångö;KD;360;485
2014;kf;14805052;Västra Göteborg, Donsö-Vrångö;S;70;97
2014;kf;14805052;Västra Göteborg, Donsö-Vrångö;V;33;27
2014;kf;14805052;Västra Göteborg, Donsö-Vrångö;MP;30;58
2014;kf;14805052;Västra Göteborg, Donsö-Vrångö;SD;49;59
2014;kf;14805052;Västra Göteborg, Donsö-Vrångö;FI;5;16
2014;kf;14805052;Västra Göteborg, Donsö-Vrångö;VÄGV;8;31
2014;kf;14805052;Västra Göteborg, Donsö-Vrångö;K;2;5
2014;kf;14805052;Västra Göteborg, Donsö-Vrångö;DJUP;0;1
2014;kf;14805052;Västra Göteborg, Donsö-Vrångö;ENH;0;2
2014;kf;14805052;Västra Göteborg, Donsö-Vrångö;PP;0;1
2014;kf;14805052;Västra Göteborg, Donsö-Vrångö;HANDSKRIVNA;1;0
2014;kf;14805052;Västra Göteborg, Donsö-Vrångö;ÖVRIGA_FGVAL;0;14
2014;kf;14805052;Västra Göteborg, Donsö-Vrångö;BLANK;5;12
2014;kf;14805052;Västra Göteborg, Donsö-Vrångö;OG;2;0
2014;kf;14805053;Västra Göteborg, Styrsö-Köpstadsö;M;49;210
2014;kf;14805053;Västra Göteborg, Styrsö-Köpstadsö;C;25;36
2014;kf;14805053;Västra Göteborg, Styrsö-Köpstadsö;L;57;119
2014;kf;14805053;Västra Göteborg, Styrsö-Köpstadsö;KD;54;116
2014;kf;14805053;Västra Göteborg, Styrsö-Köpstadsö;S;81;128
2014;kf;14805053;Västra Göteborg, Styrsö-Köpstadsö;V;70;82
2014;kf;14805053;Västra Göteborg, Styrsö-Köpstadsö;MP;45;94
2014;kf;14805053;Västra Göteborg, Styrsö-Köpstadsö;SD;32;42
2014;kf;14805053;Västra Göteborg, Styrsö-Köpstadsö;FI;9;43
2014;kf;14805053;Västra Göteborg, Styrsö-Köpstadsö;VÄGV;9;41
2014;kf;14805053;Västra Göteborg, Styrsö-Köpstadsö;K;6;10
2014;kf;14805053;Västra Göteborg, Styrsö-Köpstadsö;KRVP;1;1
2014;kf;14805053;Västra Göteborg, Styrsö-Köpstadsö;DJUP;0;2
2014;kf;14805053;Västra Göteborg, Styrsö-Köpstadsö;ENH;0;1
2014;kf;14805053;Västra Göteborg, Styrsö-Köpstadsö;PP;0;1
2014;kf;14805053;Västra Göteborg, Styrsö-Köpstadsö;HANDSKRIVNA;0;2
2014;kf;14805053;Västra Göteborg, Styrsö-Köpstadsö;ÖVRIGA_FGVAL;0;31
2014;kf;14805053;Västra Göteborg, Styrsö-Köpstadsö;BLANK;2;3
2014;kf;14805053;Västra Göteborg, Styrsö-Köpstadsö;OG;0;0
2014;kf;14805091;Askim-Frölunda-Högsbo, Kaverös, N;M;75;144
2014;kf;14805091;Askim-Frölunda-Högsbo, Kaverös, N;C;44;25
2014;kf;14805091;Askim-Frölunda-Högsbo, Kaverös, N;L;44;61
2014;kf;14805091;Askim-Frölunda-Högsbo, Kaverös, N;KD;29;24
2014;kf;14805091;Askim-Frölunda-Högsbo, Kaverös, N;S;227;282
2014;kf;14805091;Askim-Frölunda-Högsbo, Kaverös, N;V;196;109
2014;kf;14805091;Askim-Frölunda-Högsbo, Kaverös, N;MP;93;126
2014;kf;14805091;Askim-Frölunda-Högsbo, Kaverös, N;SD;109;80
2014;kf;14805091;Askim-Frölunda-Högsbo, Kaverös, N;FI;43;54
2014;kf;14805091;Askim-Frölunda-Högsbo, Kaverös, N;VÄGV;27;30
2014;kf;14805091;Askim-Frölunda-Högsbo, Kaverös, N;K;5;10
2014;kf;14805091;Askim-Frölunda-Högsbo, Kaverös, N;DJUP;2;2
2014;kf;14805091;Askim-Frölunda-Högsbo, Kaverös, N;PP;1;7
2014;kf;14805091;Askim-Frölunda-Högsbo, Kaverös, N;RS;1;1
2014;kf;14805091;Askim-Frölunda-Högsbo, Kaverös, N;ENH;0;2
2014;kf;14805091;Askim-Frölunda-Högsbo, Kaverös, N;HANDSKRIVNA;3;2
2014;kf;14805091;Askim-Frölunda-Högsbo, Kaverös, N;ÖVRIGA_FGVAL;0;25
2014;kf;14805091;Askim-Frölunda-Högsbo, Kaverös, N;BLANK;7;9
2014;kf;14805091;Askim-Frölunda-Högsbo, Kaverös, N;OG;1;0
2014;kf;14805092;Askim-Frölunda-Högsbo, Kaverös, S;M;111;154
2014;kf;14805092;Askim-Frölunda-Högsbo, Kaverös, S;C;35;20
2014;kf;14805092;Askim-Frölunda-Högsbo, Kaverös, S;L;55;83
2014;kf;14805092;Askim-Frölunda-Högsbo, Kaverös, S;KD;37;34
2014;kf;14805092;Askim-Frölunda-Högsbo, Kaverös, S;S;203;239
2014;kf;14805092;Askim-Frölunda-Högsbo, Kaverös, S;V;118;78
2014;kf;14805092;Askim-Frölunda-Högsbo, Kaverös, S;MP;67;82
2014;kf;14805092;Askim-Frölunda-Högsbo, Kaverös, S;SD;116;103
2014;kf;14805092;Askim-Frölunda-Högsbo, Kaverös, S;FI;24;21
2014;kf;14805092;Askim-Frölunda-Högsbo, Kaverös, S;VÄGV;33;44
2014;kf;14805092;Askim-Frölunda-Högsbo, Kaverös, S;DJUP;3;3
2014;kf;14805092;Askim-Frölunda-Högsbo, Kaverös, S;K;1;4
2014;kf;14805092;Askim-Frölunda-Högsbo, Kaverös, S;PP;1;2
2014;kf;14805092;Askim-Frölunda-Högsbo, Kaverös, S;ENH;0;1
2014;kf;14805092;Askim-Frölunda-Högsbo, Kaverös, S;KRVP;0;2
2014;kf;14805092;Askim-Frölunda-Högsbo, Kaverös, S;RS;0;2
2014;kf;14805092;Askim-Frölunda-Högsbo, Kaverös, S;HANDSKRIVNA;0;4
2014;kf;14805092;Askim-Frölunda-Högsbo, Kaverös, S;ÖVRIGA_FGVAL;0;27
2014;kf;14805092;Askim-Frölunda-Högsbo, Kaverös, S;BLANK;9;8
2014;kf;14805092;Askim-Frölunda-Högsbo, Kaverös, S;OG;0;1
2014;kf;14805093;Askim-Frölunda-Högsbo, Kavås;M;123;163
2014;kf;14805093;Askim-Frölunda-Högsbo, Kavås;C;33;23
2014;kf;14805093;Askim-Frölunda-Högsbo, Kavås;L;78;95
2014;kf;14805093;Askim-Frölunda-Högsbo, Kavås;KD;39;53
2014;kf;14805093;Askim-Frölunda-Högsbo, Kavås;S;253;285
2014;kf;14805093;Askim-Frölunda-Högsbo, Kavås;V;131;113
2014;kf;14805093;Askim-Frölunda-Högsbo, Kavås;MP;73;119
2014;kf;14805093;Askim-Frölunda-Högsbo, Kavås;SD;84;74
2014;kf;14805093;Askim-Frölunda-Högsbo, Kavås;FI;22;33
2014;kf;14805093;Askim-Frölunda-Högsbo, Kavås;VÄGV;30;55
2014;kf;14805093;Askim-Frölunda-Högsbo, Kavås;PP;6;3
2014;kf;14805093;Askim-Frölunda-Högsbo, Kavås;DJUP;2;2
2014;kf;14805093;Askim-Frölunda-Högsbo, Kavås;K;2;3
2014;kf;14805093;Askim-Frölunda-Högsbo, Kavås;ENH;0;4
2014;kf;14805093;Askim-Frölunda-Högsbo, Kavås;HANDSKRIVNA;0;4
2014;kf;14805093;Askim-Frölunda-Högsbo, Kavås;ÖVRIGA_FGVAL;0;22
2014;kf;14805093;Askim-Frölunda-Högsbo, Kavås;BLANK;14;14
2014;kf;14805093;Askim-Frölunda-Högsbo, Kavås;OG;0;0
2014;kf;14805131;Askim-Frölunda-Högsbo, Spinetten;M;54;94
2014;kf;14805131;Askim-Frölunda-Högsbo, Spinetten;C;10;5
2014;kf;14805131;Askim-Frölunda-Högsbo, Spinetten;L;18;37
2014;kf;14805131;Askim-Frölunda-Högsbo, Spinetten;KD;20;21
2014;kf;14805131;Askim-Frölunda-Högsbo, Spinetten;S;212;252
2014;kf;14805131;Askim-Frölunda-Högsbo, Spinetten;V;105;67
2014;kf;14805131;Askim-Frölunda-Högsbo, Spinetten;MP;17;39
2014;kf;14805131;Askim-Frölunda-Högsbo, Spinetten;SD;95;73
2014;kf;14805131;Askim-Frölunda-Högsbo, Spinetten;FI;9;19
2014;kf;14805131;Askim-Frölunda-Högsbo, Spinetten;VÄGV;29;33
2014;kf;14805131;Askim-Frölunda-Högsbo, Spinetten;DJUP;1;2
2014;kf;14805131;Askim-Frölunda-Högsbo, Spinetten;K;0;9
2014;kf;14805131;Askim-Frölunda-Högsbo, Spinetten;KRVP;0;1
2014;kf;14805131;Askim-Frölunda-Högsbo, Spinetten;PP;0;3
2014;kf;14805131;Askim-Frölunda-Högsbo, Spinetten;HANDSKRIVNA;3;1
2014;kf;14805131;Askim-Frölunda-Högsbo, Spinetten;ÖVRIGA_FGVAL;0;25
2014;kf;14805131;Askim-Frölunda-Högsbo, Spinetten;BLANK;8;7
2014;kf;14805131;Askim-Frölunda-Högsbo, Spinetten;OG;2;0
2014;kf;14805171;Askim-Frölunda-Högsbo, Frölunda;M;67;66
2014;kf;14805171;Askim-Frölunda-Högsbo, Frölunda;C;14;5
2014;kf;14805171;Askim-Frölunda-Högsbo, Frölunda;L;21;14
2014;kf;14805171;Askim-Frölunda-Högsbo, Frölunda;KD;18;18
2014;kf;14805171;Askim-Frölunda-Högsbo, Frölunda;S;245;254
2014;kf;14805171;Askim-Frölunda-Högsbo, Frölunda;V;78;59
2014;kf;14805171;Askim-Frölunda-Högsbo, Frölunda;MP;24;28
2014;kf;14805171;Askim-Frölunda-Högsbo, Frölunda;SD;88;38
2014;kf;14805171;Askim-Frölunda-Högsbo, Frölunda;FI;7;11
2014;kf;14805171;Askim-Frölunda-Högsbo, Frölunda;VÄGV;8;11
2014;kf;14805171;Askim-Frölunda-Högsbo, Frölunda;K;6;6
2014;kf;14805171;Askim-Frölunda-Högsbo, Frölunda;DJUP;3;2
2014;kf;14805171;Askim-Frölunda-Högsbo, Frölunda;ENH;0;2
2014;kf;14805171;Askim-Frölunda-Högsbo, Frölunda;HANDSKRIVNA;1;1
2014;kf;14805171;Askim-Frölunda-Högsbo, Frölunda;ÖVRIGA_FGVAL;0;19
2014;kf;14805171;Askim-Frölunda-Högsbo, Frölunda;BLANK;5;3
2014;kf;14805171;Askim-Frölunda-Högsbo, Frölunda;OG;1;1
2014;kf;14805172;Askim-Frölunda-Högsbo, Frölunda Torg;M;100;99
2014;kf;14805172;Askim-Frölunda-Högsbo, Frölunda Torg;C;26;11
2014;kf;14805172;Askim-Frölunda-Högsbo, Frölunda Torg;L;49;37
2014;kf;14805172;Askim-Frölunda-Högsbo, Frölunda Torg;KD;34;33
2014;kf;14805172;Askim-Frölunda-Högsbo, Frölunda Torg;S;381;368
2014;kf;14805172;Askim-Frölunda-Högsbo, Frölunda Torg;V;142;77
2014;kf;14805172;Askim-Frölunda-Högsbo, Frölunda Torg;MP;40;56
2014;kf;14805172;Askim-Frölunda-Högsbo, Frölunda Torg;SD;82;59
2014;kf;14805172;Askim-Frölunda-Högsbo, Frölunda Torg;FI;20;16
2014;kf;14805172;Askim-Frölunda-Högsbo, Frölunda Torg;VÄGV;12;17
2014;kf;14805172;Askim-Frölunda-Högsbo, Frölunda Torg;K;4;4
2014;kf;14805172;Askim-Frölunda-Högsbo, Frölunda Torg;KRVP;4;1
2014;kf;14805172;Askim-Frölunda-Högsbo, Frölunda Torg;DJUP;1;2
2014;kf;14805172;Askim-Frölunda-Högsbo, Frölunda Torg;PP;1;6
2014;kf;14805172;Askim-Frölunda-Högsbo, Frölunda Torg;ENH;0;1
2014;kf;14805172;Askim-Frölunda-Högsbo, Frölunda Torg;HANDSKRIVNA;2;0
2014;kf;14805172;Askim-Frölunda-Högsbo, Frölunda Torg;ÖVRIGA_FGVAL;0;27
2014;kf;14805172;Askim-Frölunda-Högsbo, Frölunda Torg;BLANK;7;10
2014;kf;14805172;Askim-Frölunda-Högsbo, Frölunda Torg;OG;2;0
2014;kf;14805173;Askim-Frölunda-Högsbo, Gånglåten;M;79;76
2014;kf;14805173;Askim-Frölunda-Högsbo, Gånglåten;C;24;12
2014;kf;14805173;Askim-Frölunda-Högsbo, Gånglåten;L;20;22
2014;kf;14805173;Askim-Frölunda-Högsbo, Gånglåten;KD;40;34
2014;kf;14805173;Askim-Frölunda-Högsbo, Gånglåten;S;284;259
2014;kf;14805173;Askim-Frölunda-Högsbo, Gånglåten;V;113;84
2014;kf;14805173;Askim-Frölunda-Högsbo, Gånglåten;MP;36;48
2014;kf;14805173;Askim-Frölunda-Högsbo, Gånglåten;SD;102;81
2014;kf;14805173;Askim-Frölunda-Högsbo, Gånglåten;FI;14;27
2014;kf;14805173;Askim-Frölunda-Högsbo, Gånglåten;VÄGV;25;31
2014;kf;14805173;Askim-Frölunda-Högsbo, Gånglåten;K;5;6
2014;kf;14805173;Askim-Frölunda-Högsbo, Gånglåten;DJUP;3;2
2014;kf;14805173;Askim-Frölunda-Högsbo, Gånglåten;ENH;0;4
2014;kf;14805173;Askim-Frölunda-Högsbo, Gånglåten;PP;0;5
2014;kf;14805173;Askim-Frölunda-Högsbo, Gånglåten;RS;0;1
2014;kf;14805173;Askim-Frölunda-Högsbo, Gånglåten;HANDSKRIVNA;2;1
2014;kf;14805173;Askim-Frölunda-Högsbo, Gånglåten;ÖVRIGA_FGVAL;0;16
2014;kf;14805173;Askim-Frölunda-Högsbo, Gånglåten;BLANK;7;10
2014;kf;14805173;Askim-Frölunda-Högsbo, Gånglåten;OG;1;0
2014;kf;14805174;Askim-Frölunda-Högsbo, Mandolingatan;M;72;93
2014;kf;14805174;Askim-Frölunda-Högsbo, Mandolingatan;C;13;8
2014;kf;14805174;Askim-Frölunda-Högsbo, Mandolingatan;L;21;36
2014;kf;14805174;Askim-Frölunda-Högsbo, Mandolingatan;KD;26;28
2014;kf;14805174;Askim-Frölunda-Högsbo, Mandolingatan;S;293;298
2014;kf;14805174;Askim-Frölunda-Högsbo, Mandolingatan;V;121;75
2014;kf;14805174;Askim-Frölunda-Högsbo, Mandolingatan;MP;29;47
2014;kf;14805174;Askim-Frölunda-Högsbo, Mandolingatan;SD;127;109
2014;kf;14805174;Askim-Frölunda-Högsbo, Mandolingatan;FI;9;22
2014;kf;14805174;Askim-Frölunda-Högsbo, Mandolingatan;VÄGV;18;31
2014;kf;14805174;Askim-Frölunda-Högsbo, Mandolingatan;K;12;4
2014;kf;14805174;Askim-Frölunda-Högsbo, Mandolingatan;DJUP;4;1
2014;kf;14805174;Askim-Frölunda-Högsbo, Mandolingatan;ENH;0;2
2014;kf;14805174;Askim-Frölunda-Högsbo, Mandolingatan;PP;0;3
2014;kf;14805174;Askim-Frölunda-Högsbo, Mandolingatan;ÖVRIGA_FGVAL;0;22
2014;kf;14805174;Askim-Frölunda-Högsbo, Mandolingatan;BLANK;9;6
2014;kf;14805174;Askim-Frölunda-Högsbo, Mandolingatan;OG;1;0
2014;kf;14805181;Västra Göteborg, Korsåsen;M;153;187
2014;kf;14805181;Västra Göteborg, Korsåsen;C;25;11
2014;kf;14805181;Västra Göteborg, Korsåsen;L;60;81
2014;kf;14805181;Västra Göteborg, Korsåsen;KD;73;72
2014;kf;14805181;Västra Göteborg, Korsåsen;S;347;364
2014;kf;14805181;Västra Göteborg, Korsåsen;V;130;84
2014;kf;14805181;Västra Göteborg, Korsåsen;MP;41;55
2014;kf;14805181;Västra Göteborg, Korsåsen;SD;114;96
2014;kf;14805181;Västra Göteborg, Korsåsen;FI;8;13
2014;kf;14805181;Västra Göteborg, Korsåsen;VÄGV;13;49
2014;kf;14805181;Västra Göteborg, Korsåsen;KRVP;1;2
2014;kf;14805181;Västra Göteborg, Korsåsen;DJUP;0;4
2014;kf;14805181;Västra Göteborg, Korsåsen;ENH;0;2
2014;kf;14805181;Västra Göteborg, Korsåsen;K;0;6
2014;kf;14805181;Västra Göteborg, Korsåsen;PP;0;2
2014;kf;14805181;Västra Göteborg, Korsåsen;HANDSKRIVNA;0;4
2014;kf;14805181;Västra Göteborg, Korsåsen;ÖVRIGA_FGVAL;0;30
2014;kf;14805181;Västra Göteborg, Korsåsen;BLANK;9;10
2014;kf;14805181;Västra Göteborg, Korsåsen;OG;0;1
2014;kf;14805182;Västra Göteborg, Ängås;M;79;100
2014;kf;14805182;Västra Göteborg, Ängås;C;16;10
2014;kf;14805182;Västra Göteborg, Ängås;L;29;39
2014;kf;14805182;Västra Göteborg, Ängås;KD;43;29
2014;kf;14805182;Västra Göteborg, Ängås;S;383;355
2014;kf;14805182;Västra Göteborg, Ängås;V;139;98
2014;kf;14805182;Västra Göteborg, Ängås;MP;34;67
2014;kf;14805182;Västra Göteborg, Ängås;SD;122;77
2014;kf;14805182;Västra Göteborg, Ängås;FI;13;11
2014;kf;14805182;Västra Göteborg, Ängås;VÄGV;13;28
2014;kf;14805182;Västra Göteborg, Ängås;K;5;1
2014;kf;14805182;Västra Göteborg, Ängås;DJUP;2;2
2014;kf;14805182;Västra Göteborg, Ängås;KRVP;1;2
2014;kf;14805182;Västra Göteborg, Ängås;ENH;0;2
2014;kf;14805182;Västra Göteborg, Ängås;PP;0;9
2014;kf;14805182;Västra Göteborg, Ängås;HANDSKRIVNA;5;1
2014;kf;14805182;Västra Göteborg, Ängås;ÖVRIGA_FGVAL;0;24
2014;kf;14805182;Västra Göteborg, Ängås;BLANK;18;8
2014;kf;14805182;Västra Göteborg, Ängås;OG;1;0
2014;kf;14805191;Västra Göteborg, Önnered, Västra;M;251;431
2014;kf;14805191;Västra Göteborg, Önnered, Västra;C;36;33
2014;kf;14805191;Västra Göteborg, Önnered, Västra;L;108;148
2014;kf;14805191;Västra Göteborg, Önnered, Västra;KD;213;287
2014;kf;14805191;Västra Göteborg, Önnered, Västra;S;101;122
2014;kf;14805191;Västra Göteborg, Önnered, Västra;V;44;19
2014;kf;14805191;Västra Göteborg, Önnered, Västra;MP;33;53
2014;kf;14805191;Västra Göteborg, Önnered, Västra;SD;75;53
2014;kf;14805191;Västra Göteborg, Önnered, Västra;FI;6;10
2014;kf;14805191;Västra Göteborg, Önnered, Västra;VÄGV;19;40
2014;kf;14805191;Västra Göteborg, Önnered, Västra;DJUP;3;1
2014;kf;14805191;Västra Göteborg, Önnered, Västra;PP;0;3
2014;kf;14805191;Västra Göteborg, Önnered, Västra;HANDSKRIVNA;0;3
2014;kf;14805191;Västra Göteborg, Önnered, Västra;ÖVRIGA_FGVAL;0;29
2014;kf;14805191;Västra Göteborg, Önnered, Västra;BLANK;8;6
2014;kf;14805191;Västra Göteborg, Önnered, Västra;OG;1;0
2014;kf;14805192;Västra Göteborg, Önnered, Östra;M;253;410
2014;kf;14805192;Västra Göteborg, Önnered, Östra;C;52;43
2014;kf;14805192;Västra Göteborg, Önnered, Östra;L;140;146
2014;kf;14805192;Västra Göteborg, Önnered, Östra;KD;112;144
2014;kf;14805192;Västra Göteborg, Önnered, Östra;S;218;229
2014;kf;14805192;Västra Göteborg, Önnered, Östra;V;88;70
2014;kf;14805192;Västra Göteborg, Önnered, Östra;MP;59;113
2014;kf;14805192;Västra Göteborg, Önnered, Östra;SD;90;73
2014;kf;14805192;Västra Göteborg, Önnered, Östra;FI;12;17
2014;kf;14805192;Västra Göteborg, Önnered, Östra;VÄGV;19;63
2014;kf;14805192;Västra Göteborg, Önnered, Östra;DJUP;1;2
2014;kf;14805192;Västra Göteborg, Önnered, Östra;ENH;0;1
2014;kf;14805192;Västra Göteborg, Önnered, Östra;K;0;1
2014;kf;14805192;Västra Göteborg, Önnered, Östra;PP;0;5
2014;kf;14805192;Västra Göteborg, Önnered, Östra;HANDSKRIVNA;1;0
2014;kf;14805192;Västra Göteborg, Önnered, Östra;ÖVRIGA_FGVAL;0;42
2014;kf;14805192;Västra Göteborg, Önnered, Östra;BLANK;6;6
2014;kf;14805192;Västra Göteborg, Önnered, Östra;OG;0;0
2014;kf;14805201;Västra Göteborg, Grevegården;M;80;81
2014;kf;14805201;Västra Göteborg, Grevegården;C;23;15
2014;kf;14805201;Västra Göteborg, Grevegården;L;20;26
2014;kf;14805201;Västra Göteborg, Grevegården;KD;34;29
2014;kf;14805201;Västra Göteborg, Grevegården;S;353;389
2014;kf;14805201;Västra Göteborg, Grevegården;V;101;68
2014;kf;14805201;Västra Göteborg, Grevegården;MP;62;78
2014;kf;14805201;Västra Göteborg, Grevegården;SD;110;96
2014;kf;14805201;Västra Göteborg, Grevegården;FI;15;18
2014;kf;14805201;Västra Göteborg, Grevegården;VÄGV;14;24
2014;kf;14805201;Västra Göteborg, Grevegården;DJUP;2;2
2014;kf;14805201;Västra Göteborg, Grevegården;K;2;11
2014;kf;14805201;Västra Göteborg, Grevegården;PP;1;9
2014;kf;14805201;Västra Göteborg, Grevegården;RS;1;1
2014;kf;14805201;Västra Göteborg, Grevegården;ENH;0;12
2014;kf;14805201;Västra Göteborg, Grevegården;KRVP;0;1
2014;kf;14805201;Västra Göteborg, Grevegården;HANDSKRIVNA;0;3
2014;kf;14805201;Västra Göteborg, Grevegården;ÖVRIGA_FGVAL;0;14
2014;kf;14805201;Västra Göteborg, Grevegården;BLANK;11;9
2014;kf;14805201;Västra Göteborg, Grevegården;OG;1;1
2014;kf;14805202;Västra Göteborg, Skattegården;M;107;97
2014;kf;14805202;Västra Göteborg, Skattegården;C;12;5
2014;kf;14805202;Västra Göteborg, Skattegården;L;39;45
2014;kf;14805202;Västra Göteborg, Skattegården;KD;86;60
2014;kf;14805202;Västra Göteborg, Skattegården;S;444;499
2014;kf;14805202;Västra Göteborg, Skattegården;V;112;94
2014;kf;14805202;Västra Göteborg, Skattegården;MP;46;47
2014;kf;14805202;Västra Göteborg, Skattegården;SD;95;61
2014;kf;14805202;Västra Göteborg, Skattegården;FI;12;20
2014;kf;14805202;Västra Göteborg, Skattegården;VÄGV;11;35
2014;kf;14805202;Västra Göteborg, Skattegården;KRVP;5;2
2014;kf;14805202;Västra Göteborg, Skattegården;DJUP;2;2
2014;kf;14805202;Västra Göteborg, Skattegården;K;2;6
2014;kf;14805202;Västra Göteborg, Skattegården;RS;2;1
2014;kf;14805202;Västra Göteborg, Skattegården;PP;1;3
2014;kf;14805202;Västra Göteborg, Skattegården;ENH;0;4
2014;kf;14805202;Västra Göteborg, Skattegården;HANDSKRIVNA;2;1
2014;kf;14805202;Västra Göteborg, Skattegården;ÖVRIGA_FGVAL;0;20
2014;kf;14805202;Västra Göteborg, Skattegården;BLANK;11;1
2014;kf;14805202;Västra Göteborg, Skattegården;OG;1;0
2014;kf;14805221;Västra Göteborg, Opaltorget, Norra;M;102;103
2014;kf;14805221;Västra Göteborg, Opaltorget, Norra;C;9;15
2014;kf;14805221;Västra Göteborg, Opaltorget, Norra;L;38;43
2014;kf;14805221;Västra Göteborg, Opaltorget, Norra;KD;53;46
2014;kf;14805221;Västra Göteborg, Opaltorget, Norra;S;336;359
2014;kf;14805221;Västra Göteborg, Opaltorget, Norra;V;112;98
2014;kf;14805221;Västra Göteborg, Opaltorget, Norra;MP;45;59
2014;kf;14805221;Västra Göteborg, Opaltorget, Norra;SD;149;130
2014;kf;14805221;Västra Göteborg, Opaltorget, Norra;FI;13;28
2014;kf;14805221;Västra Göteborg, Opaltorget, Norra;VÄGV;26;52
2014;kf;14805221;Västra Göteborg, Opaltorget, Norra;DJUP;7;7
2014;kf;14805221;Västra Göteborg, Opaltorget, Norra;K;5;7
2014;kf;14805221;Västra Göteborg, Opaltorget, Norra;KRVP;4;1
2014;kf;14805221;Västra Göteborg, Opaltorget, Norra;PP;3;14
2014;kf;14805221;Västra Göteborg, Opaltorget, Norra;ENH;0;1
2014;kf;14805221;Västra Göteborg, Opaltorget, Norra;RS;0;1
2014;kf;14805221;Västra Göteborg, Opaltorget, Norra;HANDSKRIVNA;5;5
2014;kf;14805221;Västra Göteborg, Opaltorget, Norra;ÖVRIGA_FGVAL;0;26
2014;kf;14805221;Västra Göteborg, Opaltorget, Norra;BLANK;8;11
2014;kf;14805221;Västra Göteborg, Opaltorget, Norra;OG;1;0
2014;kf;14805222;Västra Göteborg, Opaltorget, Södra;M;113;173
2014;kf;14805222;Västra Göteborg, Opaltorget, Södra;C;13;15
2014;kf;14805222;Västra Göteborg, Opaltorget, Södra;L;49;57
2014;kf;14805222;Västra Göteborg, Opaltorget, Södra;KD;52;55
2014;kf;14805222;Västra Göteborg, Opaltorget, Södra;S;204;190
2014;kf;14805222;Västra Göteborg, Opaltorget, Södra;V;77;48
2014;kf;14805222;Västra Göteborg, Opaltorget, Södra;MP;33;64
2014;kf;14805222;Västra Göteborg, Opaltorget, Södra;SD;68;62
2014;kf;14805222;Västra Göteborg, Opaltorget, Södra;FI;8;19
2014;kf;14805222;Västra Göteborg, Opaltorget, Södra;VÄGV;17;47
2014;kf;14805222;Västra Göteborg, Opaltorget, Södra;DJUP;5;1
2014;kf;14805222;Västra Göteborg, Opaltorget, Södra;K;4;2
2014;kf;14805222;Västra Göteborg, Opaltorget, Södra;KRVP;1;3
2014;kf;14805222;Västra Göteborg, Opaltorget, Södra;PP;1;5
2014;kf;14805222;Västra Göteborg, Opaltorget, Södra;HANDSKRIVNA;3;1
2014;kf;14805222;Västra Göteborg, Opaltorget, Södra;ÖVRIGA_FGVAL;0;39
2014;kf;14805222;Västra Göteborg, Opaltorget, Södra;BLANK;10;8
2014;kf;14805222;Västra Göteborg, Opaltorget, Södra;OG;0;0
2014;kf;14805231;Askim-Frölunda-Högsbo, Askim;M;241;442
2014;kf;14805231;Askim-Frölunda-Högsbo, Askim;C;42;30
2014;kf;14805231;Askim-Frölunda-Högsbo, Askim;L;90;127
2014;kf;14805231;Askim-Frölunda-Högsbo, Askim;KD;49;61
2014;kf;14805231;Askim-Frölunda-Högsbo, Askim;S;115;116
2014;kf;14805231;Askim-Frölunda-Högsbo, Askim;V;46;25
2014;kf;14805231;Askim-Frölunda-Högsbo, Askim;MP;46;68
2014;kf;14805231;Askim-Frölunda-Högsbo, Askim;SD;88;82
2014;kf;14805231;Askim-Frölunda-Högsbo, Askim;FI;6;18
2014;kf;14805231;Askim-Frölunda-Högsbo, Askim;VÄGV;19;51
2014;kf;14805231;Askim-Frölunda-Högsbo, Askim;DJUP;4;2
2014;kf;14805231;Askim-Frölunda-Högsbo, Askim;K;4;1
2014;kf;14805231;Askim-Frölunda-Högsbo, Askim;ENH;0;4
2014;kf;14805231;Askim-Frölunda-Högsbo, Askim;PP;0;1
2014;kf;14805231;Askim-Frölunda-Högsbo, Askim;HANDSKRIVNA;1;0
2014;kf;14805231;Askim-Frölunda-Högsbo, Askim;ÖVRIGA_FGVAL;0;22
2014;kf;14805231;Askim-Frölunda-Högsbo, Askim;BLANK;2;7
2014;kf;14805231;Askim-Frölunda-Högsbo, Askim;OG;1;0
2014;kf;14805232;Askim-Frölunda-Högsbo, Hovås, Norra;M;235;420
2014;kf;14805232;Askim-Frölunda-Högsbo, Hovås, Norra;C;37;34
2014;kf;14805232;Askim-Frölunda-Högsbo, Hovås, Norra;L;93;109
2014;kf;14805232;Askim-Frölunda-Högsbo, Hovås, Norra;KD;37;54
2014;kf;14805232;Askim-Frölunda-Högsbo, Hovås, Norra;S;102;87
2014;kf;14805232;Askim-Frölunda-Högsbo, Hovås, Norra;V;51;26
2014;kf;14805232;Askim-Frölunda-Högsbo, Hovås, Norra;MP;45;65
2014;kf;14805232;Askim-Frölunda-Högsbo, Hovås, Norra;SD;66;50
2014;kf;14805232;Askim-Frölunda-Högsbo, Hovås, Norra;FI;7;15
2014;kf;14805232;Askim-Frölunda-Högsbo, Hovås, Norra;VÄGV;15;70
2014;kf;14805232;Askim-Frölunda-Högsbo, Hovås, Norra;HANDSKRIVNA;0;1
2014;kf;14805232;Askim-Frölunda-Högsbo, Hovås, Norra;ÖVRIGA_FGVAL;0;24
2014;kf;14805232;Askim-Frölunda-Högsbo, Hovås, Norra;BLANK;3;7
2014;kf;14805232;Askim-Frölunda-Högsbo, Hovås, Norra;OG;0;0
2014;kf;14805233;Askim-Frölunda-Högsbo, Hult;M;232;454
2014;kf;14805233;Askim-Frölunda-Högsbo, Hult;C;46;28
2014;kf;14805233;Askim-Frölunda-Högsbo, Hult;L;133;176
2014;kf;14805233;Askim-Frölunda-Högsbo, Hult;KD;60;71
2014;kf;14805233;Askim-Frölunda-Högsbo, Hult;S;110;108
2014;kf;14805233;Askim-Frölunda-Högsbo, Hult;V;25;22
2014;kf;14805233;Askim-Frölunda-Högsbo, Hult;MP;42;66
2014;kf;14805233;Askim-Frölunda-Högsbo, Hult;SD;63;63
2014;kf;14805233;Askim-Frölunda-Högsbo, Hult;FI;2;5
2014;kf;14805233;Askim-Frölunda-Högsbo, Hult;VÄGV;18;75
2014;kf;14805233;Askim-Frölunda-Högsbo, Hult;DJUP;0;1
2014;kf;14805233;Askim-Frölunda-Högsbo, Hult;PP;0;4
2014;kf;14805233;Askim-Frölunda-Högsbo, Hult;HANDSKRIVNA;0;1
2014;kf;14805233;Askim-Frölunda-Högsbo, Hult;ÖVRIGA_FGVAL;0;31
2014;kf;14805233;Askim-Frölunda-Högsbo, Hult;BLANK;8;7
2014;kf;14805233;Askim-Frölunda-Högsbo, Hult;OG;0;0
2014;kf;14805234;Askim-Frölunda-Högsbo, Pilegården;M;127;193
2014;kf;14805234;Askim-Frölunda-Högsbo, Pilegården;C;31;17
2014;kf;14805234;Askim-Frölunda-Högsbo, Pilegården;L;49;53
2014;kf;14805234;Askim-Frölunda-Högsbo, Pilegården;KD;22;21
2014;kf;14805234;Askim-Frölunda-Högsbo, Pilegården;S;222;279
2014;kf;14805234;Askim-Frölunda-Högsbo, Pilegården;V;105;72
2014;kf;14805234;Askim-Frölunda-Högsbo, Pilegården;MP;45;70
2014;kf;14805234;Askim-Frölunda-Högsbo, Pilegården;SD;167;135
2014;kf;14805234;Askim-Frölunda-Högsbo, Pilegården;FI;14;13
2014;kf;14805234;Askim-Frölunda-Högsbo, Pilegården;VÄGV;12;49
2014;kf;14805234;Askim-Frölunda-Högsbo, Pilegården;DJUP;6;3
2014;kf;14805234;Askim-Frölunda-Högsbo, Pilegården;KRVP;1;1
2014;kf;14805234;Askim-Frölunda-Högsbo, Pilegården;PP;1;4
2014;kf;14805234;Askim-Frölunda-Högsbo, Pilegården;ENH;0;3
2014;kf;14805234;Askim-Frölunda-Högsbo, Pilegården;HANDSKRIVNA;2;3
2014;kf;14805234;Askim-Frölunda-Högsbo, Pilegården;ÖVRIGA_FGVAL;0;18
2014;kf;14805234;Askim-Frölunda-Högsbo, Pilegården;BLANK;20;16
2014;kf;14805234;Askim-Frölunda-Högsbo, Pilegården;OG;0;1
2014;kf;14805241;Askim-Frölunda-Högsbo, Hovås, Södra;M;294;568
2014;kf;14805241;Askim-Frölunda-Högsbo, Hovås, Södra;C;25;18
2014;kf;14805241;Askim-Frölunda-Högsbo, Hovås, Södra;L;90;137
2014;kf;14805241;Askim-Frölunda-Högsbo, Hovås, Södra;KD;42;42
2014;kf;14805241;Askim-Frölunda-Högsbo, Hovås, Södra;S;21;17
2014;kf;14805241;Askim-Frölunda-Högsbo, Hovås, Södra;V;8;5
2014;kf;14805241;Askim-Frölunda-Högsbo, Hovås, Södra;MP;9;27
2014;kf;14805241;Askim-Frölunda-Högsbo, Hovås, Södra;SD;49;29
2014;kf;14805241;Askim-Frölunda-Högsbo, Hovås, Södra;FI;2;2
2014;kf;14805241;Askim-Frölunda-Högsbo, Hovås, Södra;VÄGV;8;40
2014;kf;14805241;Askim-Frölunda-Högsbo, Hovås, Södra;DJUP;0;1
2014;kf;14805241;Askim-Frölunda-Högsbo, Hovås, Södra;PP;0;5
2014;kf;14805241;Askim-Frölunda-Högsbo, Hovås, Södra;ÖVRIGA_FGVAL;0;14
2014;kf;14805241;Askim-Frölunda-Högsbo, Hovås, Södra;BLANK;0;1
2014;kf;14805241;Askim-Frölunda-Högsbo, Hovås, Södra;OG;0;0
2014;kf;14805242;Askim-Frölunda-Högsbo, Trollåsen;M;382;677
2014;kf;14805242;Askim-Frölunda-Högsbo, Trollåsen;C;59;40
2014;kf;14805242;Askim-Frölunda-Högsbo, Trollåsen;L;145;173
2014;kf;14805242;Askim-Frölunda-Högsbo, Trollåsen;KD;38;79
2014;kf;14805242;Askim-Frölunda-Högsbo, Trollåsen;S;58;46
2014;kf;14805242;Askim-Frölunda-Högsbo, Trollåsen;V;28;10
2014;kf;14805242;Askim-Frölunda-Högsbo, Trollåsen;MP;33;48
2014;kf;14805242;Askim-Frölunda-Högsbo, Trollåsen;SD;85;41
2014;kf;14805242;Askim-Frölunda-Högsbo, Trollåsen;FI;4;13
2014;kf;14805242;Askim-Frölunda-Högsbo, Trollåsen;VÄGV;10;67
2014;kf;14805242;Askim-Frölunda-Högsbo, Trollåsen;PP;0;6
2014;kf;14805242;Askim-Frölunda-Högsbo, Trollåsen;HANDSKRIVNA;2;1
2014;kf;14805242;Askim-Frölunda-Högsbo, Trollåsen;ÖVRIGA_FGVAL;0;5
2014;kf;14805242;Askim-Frölunda-Högsbo, Trollåsen;BLANK;0;1
2014;kf;14805242;Askim-Frölunda-Högsbo, Trollåsen;OG;0;1
2014;kf;14805253;Askim-Frölunda-Högsbo, Brottkärr;M;358;505
2014;kf;14805253;Askim-Frölunda-Högsbo, Brottkärr;C;52;30
2014;kf;14805253;Askim-Frölunda-Högsbo, Brottkärr;L;123;110
2014;kf;14805253;Askim-Frölunda-Högsbo, Brottkärr;KD;32;51
2014;kf;14805253;Askim-Frölunda-Högsbo, Brottkärr;S;44;18
2014;kf;14805253;Askim-Frölunda-Högsbo, Brottkärr;V;9;8
2014;kf;14805253;Askim-Frölunda-Högsbo, Brottkärr;MP;28;32
2014;kf;14805253;Askim-Frölunda-Högsbo, Brottkärr;SD;58;39
2014;kf;14805253;Askim-Frölunda-Högsbo, Brottkärr;FI;8;6
2014;kf;14805253;Askim-Frölunda-Högsbo, Brottkärr;VÄGV;7;38
2014;kf;14805253;Askim-Frölunda-Högsbo, Brottkärr;ENH;0;2
2014;kf;14805253;Askim-Frölunda-Högsbo, Brottkärr;PP;0;1
2014;kf;14805253;Askim-Frölunda-Högsbo, Brottkärr;HANDSKRIVNA;2;2
2014;kf;14805253;Askim-Frölunda-Högsbo, Brottkärr;ÖVRIGA_FGVAL;0;7
2014;kf;14805253;Askim-Frölunda-Högsbo, Brottkärr;BLANK;5;0
2014;kf;14805253;Askim-Frölunda-Högsbo, Brottkärr;OG;0;1
2014;kf;14805255;Askim-Frölunda-Högsbo, Lyckhem;M;305;549
2014;kf;14805255;Askim-Frölunda-Högsbo, Lyckhem;C;41;28
2014;kf;14805255;Askim-Frölunda-Högsbo, Lyckhem;L;128;148
2014;kf;14805255;Askim-Frölunda-Högsbo, Lyckhem;KD;32;65
2014;kf;14805255;Askim-Frölunda-Högsbo, Lyckhem;S;86;68
2014;kf;14805255;Askim-Frölunda-Högsbo, Lyckhem;V;34;20
2014;kf;14805255;Askim-Frölunda-Högsbo, Lyckhem;MP;47;63
2014;kf;14805255;Askim-Frölunda-Högsbo, Lyckhem;SD;80;48
2014;kf;14805255;Askim-Frölunda-Högsbo, Lyckhem;FI;7;13
2014;kf;14805255;Askim-Frölunda-Högsbo, Lyckhem;VÄGV;24;44
2014;kf;14805255;Askim-Frölunda-Högsbo, Lyckhem;DJUP;0;1
2014;kf;14805255;Askim-Frölunda-Högsbo, Lyckhem;PP;0;2
2014;kf;14805255;Askim-Frölunda-Högsbo, Lyckhem;HANDSKRIVNA;0;2
2014;kf;14805255;Askim-Frölunda-Högsbo, Lyckhem;ÖVRIGA_FGVAL;0;22
2014;kf;14805255;Askim-Frölunda-Högsbo, Lyckhem;BLANK;5;7
2014;kf;14805255;Askim-Frölunda-Högsbo, Lyckhem;OG;1;0
2014;kf;14805256;Askim-Frölunda-Högsbo, Nygård;M;303;525
2014;kf;14805256;Askim-Frölunda-Högsbo, Nygård;C;55;27
2014;kf;14805256;Askim-Frölunda-Högsbo, Nygård;L;130;145
2014;kf;14805256;Askim-Frölunda-Högsbo, Nygård;KD;53;70
2014;kf;14805256;Askim-Frölunda-Högsbo, Nygård;S;98;96
2014;kf;14805256;Askim-Frölunda-Högsbo, Nygård;V;29;20
2014;kf;14805256;Askim-Frölunda-Högsbo, Nygård;MP;44;76
2014;kf;14805256;Askim-Frölunda-Högsbo, Nygård;SD;86;66
2014;kf;14805256;Askim-Frölunda-Högsbo, Nygård;FI;5;14
2014;kf;14805256;Askim-Frölunda-Högsbo, Nygård;VÄGV;9;52
2014;kf;14805256;Askim-Frölunda-Högsbo, Nygård;KRVP;1;1
2014;kf;14805256;Askim-Frölunda-Högsbo, Nygård;PP;0;1
2014;kf;14805256;Askim-Frölunda-Högsbo, Nygård;ÖVRIGA_FGVAL;0;16
2014;kf;14805256;Askim-Frölunda-Högsbo, Nygård;BLANK;4;7
2014;kf;14805256;Askim-Frölunda-Högsbo, Nygård;OG;0;0
2014;kf;14805257;Askim-Frölunda-Högsbo, Skintebo;M;253;383
2014;kf;14805257;Askim-Frölunda-Högsbo, Skintebo;C;50;44
2014;kf;14805257;Askim-Frölunda-Högsbo, Skintebo;L;138;172
2014;kf;14805257;Askim-Frölunda-Högsbo, Skintebo;KD;47;44
2014;kf;14805257;Askim-Frölunda-Högsbo, Skintebo;S;131;145
2014;kf;14805257;Askim-Frölunda-Högsbo, Skintebo;V;38;33
2014;kf;14805257;Askim-Frölunda-Högsbo, Skintebo;MP;70;95
2014;kf;14805257;Askim-Frölunda-Högsbo, Skintebo;SD;70;53
2014;kf;14805257;Askim-Frölunda-Högsbo, Skintebo;FI;16;19
2014;kf;14805257;Askim-Frölunda-Högsbo, Skintebo;VÄGV;14;59
2014;kf;14805257;Askim-Frölunda-Högsbo, Skintebo;DJUP;2;1
2014;kf;14805257;Askim-Frölunda-Högsbo, Skintebo;PP;1;5
2014;kf;14805257;Askim-Frölunda-Högsbo, Skintebo;ENH;0;1
2014;kf;14805257;Askim-Frölunda-Högsbo, Skintebo;HANDSKRIVNA;1;0
2014;kf;14805257;Askim-Frölunda-Högsbo, Skintebo;ÖVRIGA_FGVAL;0;15
2014;kf;14805257;Askim-Frölunda-Högsbo, Skintebo;BLANK;4;5
2014;kf;14805257;Askim-Frölunda-Högsbo, Skintebo;OG;0;0
2014;kf;14806011;Angered, Lövgärdet, Nedre;M;79;93
2014;kf;14806011;Angered, Lövgärdet, Nedre;C;14;4
2014;kf;14806011;Angered, Lövgärdet, Nedre;L;24;25
2014;kf;14806011;Angered, Lövgärdet, Nedre;KD;15;14
2014;kf;14806011;Angered, Lövgärdet, Nedre;S;536;664
2014;kf;14806011;Angered, Lövgärdet, Nedre;V;174;138
2014;kf;14806011;Angered, Lövgärdet, Nedre;MP;39;48
2014;kf;14806011;Angered, Lövgärdet, Nedre;SD;122;115
2014;kf;14806011;Angered, Lövgärdet, Nedre;FI;7;6
2014;kf;14806011;Angered, Lövgärdet, Nedre;VÄGV;21;21
2014;kf;14806011;Angered, Lövgärdet, Nedre;RS;42;19
2014;kf;14806011;Angered, Lövgärdet, Nedre;K;14;19
2014;kf;14806011;Angered, Lövgärdet, Nedre;DJUP;1;1
2014;kf;14806011;Angered, Lövgärdet, Nedre;KRVP;1;2
2014;kf;14806011;Angered, Lövgärdet, Nedre;PP;1;4
2014;kf;14806011;Angered, Lövgärdet, Nedre;ENH;0;2
2014;kf;14806011;Angered, Lövgärdet, Nedre;ÖVRIGA_FGVAL;0;16
2014;kf;14806011;Angered, Lövgärdet, Nedre;BLANK;0;6
2014;kf;14806011;Angered, Lövgärdet, Nedre;OG;1;1
2014;kf;14806012;Angered, Lövgärdet, Övre;M;62;41
2014;kf;14806012;Angered, Lövgärdet, Övre;C;13;3
2014;kf;14806012;Angered, Lövgärdet, Övre;L;9;12
2014;kf;14806012;Angered, Lövgärdet, Övre;KD;11;5
2014;kf;14806012;Angered, Lövgärdet, Övre;S;571;551
2014;kf;14806012;Angered, Lövgärdet, Övre;V;164;105
2014;kf;14806012;Angered, Lövgärdet, Övre;MP;65;46
2014;kf;14806012;Angered, Lövgärdet, Övre;SD;99;68
2014;kf;14806012;Angered, Lövgärdet, Övre;FI;8;6
2014;kf;14806012;Angered, Lövgärdet, Övre;VÄGV;11;16
2014;kf;14806012;Angered, Lövgärdet, Övre;RS;35;16
2014;kf;14806012;Angered, Lövgärdet, Övre;K;4;5
2014;kf;14806012;Angered, Lövgärdet, Övre;DJUP;3;2
2014;kf;14806012;Angered, Lövgärdet, Övre;PP;2;8
2014;kf;14806012;Angered, Lövgärdet, Övre;KRVP;0;1
2014;kf;14806012;Angered, Lövgärdet, Övre;HANDSKRIVNA;0;3
2014;kf;14806012;Angered, Lövgärdet, Övre;ÖVRIGA_FGVAL;0;22
2014;kf;14806012;Angered, Lövgärdet, Övre;BLANK;0;3
2014;kf;14806012;Angered, Lövgärdet, Övre;OG;0;1
2014;kf;14806013;Angered, Lövgärdets Centrum;M;45;48
2014;kf;14806013;Angered, Lövgärdets Centrum;C;9;3
2014;kf;14806013;Angered, Lövgärdets Centrum;L;9;18
2014;kf;14806013;Angered, Lövgärdets Centrum;KD;11;5
2014;kf;14806013;Angered, Lövgärdets Centrum;S;371;365
2014;kf;14806013;Angered, Lövgärdets Centrum;V;91;68
2014;kf;14806013;Angered, Lövgärdets Centrum;MP;28;37
2014;kf;14806013;Angered, Lövgärdets Centrum;SD;75;72
2014;kf;14806013;Angered, Lövgärdets Centrum;FI;5;7
2014;kf;14806013;Angered, Lövgärdets Centrum;VÄGV;10;19
2014;kf;14806013;Angered, Lövgärdets Centrum;RS;35;7
2014;kf;14806013;Angered, Lövgärdets Centrum;K;18;14
2014;kf;14806013;Angered, Lövgärdets Centrum;DJUP;2;1
2014;kf;14806013;Angered, Lövgärdets Centrum;PP;0;1
2014;kf;14806013;Angered, Lövgärdets Centrum;HANDSKRIVNA;0;2
2014;kf;14806013;Angered, Lövgärdets Centrum;ÖVRIGA_FGVAL;0;9
2014;kf;14806013;Angered, Lövgärdets Centrum;BLANK;6;3
2014;kf;14806013;Angered, Lövgärdets Centrum;OG;1;1
2014;kf;14806021;Angered, Rannebergen, Norra;M;108;161
2014;kf;14806021;Angered, Rannebergen, Norra;C;26;9
2014;kf;14806021;Angered, Rannebergen, Norra;L;36;49
2014;kf;14806021;Angered, Rannebergen, Norra;KD;39;39
2014;kf;14806021;Angered, Rannebergen, Norra;S;429;417
2014;kf;14806021;Angered, Rannebergen, Norra;V;167;137
2014;kf;14806021;Angered, Rannebergen, Norra;MP;54;91
2014;kf;14806021;Angered, Rannebergen, Norra;SD;151;137
2014;kf;14806021;Angered, Rannebergen, Norra;FI;7;34
2014;kf;14806021;Angered, Rannebergen, Norra;VÄGV;8;55
2014;kf;14806021;Angered, Rannebergen, Norra;RS;21;14
2014;kf;14806021;Angered, Rannebergen, Norra;K;7;13
2014;kf;14806021;Angered, Rannebergen, Norra;KRVP;4;6
2014;kf;14806021;Angered, Rannebergen, Norra;DJUP;2;1
2014;kf;14806021;Angered, Rannebergen, Norra;PP;2;6
2014;kf;14806021;Angered, Rannebergen, Norra;ENH;0;8
2014;kf;14806021;Angered, Rannebergen, Norra;HANDSKRIVNA;1;2
2014;kf;14806021;Angered, Rannebergen, Norra;ÖVRIGA_FGVAL;0;29
2014;kf;14806021;Angered, Rannebergen, Norra;BLANK;9;9
2014;kf;14806021;Angered, Rannebergen, Norra;OG;1;0
2014;kf;14806022;Angered, Rannebergen, Södra;M;31;57
2014;kf;14806022;Angered, Rannebergen, Södra;C;7;2
2014;kf;14806022;Angered, Rannebergen, Södra;L;19;18
2014;kf;14806022;Angered, Rannebergen, Södra;KD;12;12
2014;kf;14806022;Angered, Rannebergen, Södra;S;464;459
2014;kf;14806022;Angered, Rannebergen, Södra;V;132;96
2014;kf;14806022;Angered, Rannebergen, Södra;MP;72;66
2014;kf;14806022;Angered, Rannebergen, Södra;SD;159;171
2014;kf;14806022;Angered, Rannebergen, Södra;FI;8;12
2014;kf;14806022;Angered, Rannebergen, Södra;VÄGV;32;23
2014;kf;14806022;Angered, Rannebergen, Södra;RS;49;32
2014;kf;14806022;Angered, Rannebergen, Södra;DJUP;5;4
2014;kf;14806022;Angered, Rannebergen, Södra;K;4;4
2014;kf;14806022;Angered, Rannebergen, Södra;ENH;0;7
2014;kf;14806022;Angered, Rannebergen, Södra;PP;0;5
2014;kf;14806022;Angered, Rannebergen, Södra;ÖVRIGA_FGVAL;0;18
2014;kf;14806022;Angered, Rannebergen, Södra;BLANK;4;9
2014;kf;14806022;Angered, Rannebergen, Södra;OG;0;1
2014;kf;14806032;Angered, Gårdsten, Södra;M;33;46
2014;kf;14806032;Angered, Gårdsten, Södra;C;8;0
2014;kf;14806032;Angered, Gårdsten, Södra;L;6;13
2014;kf;14806032;Angered, Gårdsten, Södra;KD;16;9
2014;kf;14806032;Angered, Gårdsten, Södra;S;319;260
2014;kf;14806032;Angered, Gårdsten, Södra;V;79;53
2014;kf;14806032;Angered, Gårdsten, Södra;MP;32;44
2014;kf;14806032;Angered, Gårdsten, Södra;SD;36;35
2014;kf;14806032;Angered, Gårdsten, Södra;FI;5;5
2014;kf;14806032;Angered, Gårdsten, Södra;VÄGV;8;7
2014;kf;14806032;Angered, Gårdsten, Södra;RS;11;13
2014;kf;14806032;Angered, Gårdsten, Södra;K;1;1
2014;kf;14806032;Angered, Gårdsten, Södra;KRVP;0;1
2014;kf;14806032;Angered, Gårdsten, Södra;PP;0;1
2014;kf;14806032;Angered, Gårdsten, Södra;ÖVRIGA_FGVAL;0;8
2014;kf;14806032;Angered, Gårdsten, Södra;BLANK;2;5
2014;kf;14806032;Angered, Gårdsten, Södra;OG;1;0
2014;kf;14806034;Angered, Gårdsten, Östra;M;46;72
2014;kf;14806034;Angered, Gårdsten, Östra;C;8;2
2014;kf;14806034;Angered, Gårdsten, Östra;L;24;23
2014;kf;14806034;Angered, Gårdsten, Östra;KD;32;22
2014;kf;14806034;Angered, Gårdsten, Östra;S;475;410
2014;kf;14806034;Angered, Gårdsten, Östra;V;90;64
2014;kf;14806034;Angered, Gårdsten, Östra;MP;35;60
2014;kf;14806034;Angered, Gårdsten, Östra;SD;77;60
2014;kf;14806034;Angered, Gårdsten, Östra;FI;5;11
2014;kf;14806034;Angered, Gårdsten, Östra;VÄGV;7;14
2014;kf;14806034;Angered, Gårdsten, Östra;RS;11;6
2014;kf;14806034;Angered, Gårdsten, Östra;K;7;8
2014;kf;14806034;Angered, Gårdsten, Östra;KRVP;2;1
2014;kf;14806034;Angered, Gårdsten, Östra;PP;1;6
2014;kf;14806034;Angered, Gårdsten, Östra;DJUP;0;4
2014;kf;14806034;Angered, Gårdsten, Östra;HANDSKRIVNA;0;1
2014;kf;14806034;Angered, Gårdsten, Östra;ÖVRIGA_FGVAL;0;15
2014;kf;14806034;Angered, Gårdsten, Östra;BLANK;5;2
2014;kf;14806034;Angered, Gårdsten, Östra;OG;0;1
2014;kf;14806041;Angered, Angereds Centrum;M;104;78
2014;kf;14806041;Angered, Angereds Centrum;C;17;15
2014;kf;14806041;Angered, Angereds Centrum;L;23;22
2014;kf;14806041;Angered, Angereds Centrum;KD;34;30
2014;kf;14806041;Angered, Angereds Centrum;S;452;526
2014;kf;14806041;Angered, Angereds Centrum;V;201;108
2014;kf;14806041;Angered, Angereds Centrum;MP;43;83
2014;kf;14806041;Angered, Angereds Centrum;SD;123;77
2014;kf;14806041;Angered, Angereds Centrum;FI;8;23
2014;kf;14806041;Angered, Angereds Centrum;VÄGV;14;30
2014;kf;14806041;Angered, Angereds Centrum;RS;21;31
2014;kf;14806041;Angered, Angereds Centrum;K;6;7
2014;kf;14806041;Angered, Angereds Centrum;KRVP;1;8
2014;kf;14806041;Angered, Angereds Centrum;DJUP;0;7
2014;kf;14806041;Angered, Angereds Centrum;ENH;0;1
2014;kf;14806041;Angered, Angereds Centrum;PP;0;1
2014;kf;14806041;Angered, Angereds Centrum;HANDSKRIVNA;0;1
2014;kf;14806041;Angered, Angereds Centrum;ÖVRIGA_FGVAL;0;16
2014;kf;14806041;Angered, Angereds Centrum;BLANK;6;10
2014;kf;14806041;Angered, Angereds Centrum;OG;1;2
2014;kf;14806042;Angered, Trägårdsgärdet;M;84;74
2014;kf;14806042;Angered, Trägårdsgärdet;C;22;6
2014;kf;14806042;Angered, Trägårdsgärdet;L;21;27
2014;kf;14806042;Angered, Trägårdsgärdet;KD;28;23
2014;kf;14806042;Angered, Trägårdsgärdet;S;341;391
2014;kf;14806042;Angered, Trägårdsgärdet;V;135;99
2014;kf;14806042;Angered, Trägårdsgärdet;MP;32;74
2014;kf;14806042;Angered, Trägårdsgärdet;SD;87;58
2014;kf;14806042;Angered, Trägårdsgärdet;FI;7;12
2014;kf;14806042;Angered, Trägårdsgärdet;VÄGV;7;25
2014;kf;14806042;Angered, Trägårdsgärdet;RS;7;10
2014;kf;14806042;Angered, Trägårdsgärdet;K;6;10
2014;kf;14806042;Angered, Trägårdsgärdet;DJUP;2;3
2014;kf;14806042;Angered, Trägårdsgärdet;PP;1;3
2014;kf;14806042;Angered, Trägårdsgärdet;KRVP;0;1
2014;kf;14806042;Angered, Trägårdsgärdet;HANDSKRIVNA;0;2
2014;kf;14806042;Angered, Trägårdsgärdet;ÖVRIGA_FGVAL;0;15
2014;kf;14806042;Angered, Trägårdsgärdet;BLANK;4;10
2014;kf;14806042;Angered, Trägårdsgärdet;OG;0;1
2014;kf;14806051;Angered, Agnesberg;M;70;94
2014;kf;14806051;Angered, Agnesberg;C;13;7
2014;kf;14806051;Angered, Agnesberg;L;15;22
2014;kf;14806051;Angered, Agnesberg;KD;22;18
2014;kf;14806051;Angered, Agnesberg;S;150;161
2014;kf;14806051;Angered, Agnesberg;V;48;47
2014;kf;14806051;Angered, Agnesberg;MP;24;31
2014;kf;14806051;Angered, Agnesberg;SD;83;62
2014;kf;14806051;Angered, Agnesberg;FI;6;12
2014;kf;14806051;Angered, Agnesberg;VÄGV;19;35
2014;kf;14806051;Angered, Agnesberg;RS;4;6
2014;kf;14806051;Angered, Agnesberg;K;3;1
2014;kf;14806051;Angered, Agnesberg;PP;2;5
2014;kf;14806051;Angered, Agnesberg;HANDSKRIVNA;0;1
2014;kf;14806051;Angered, Agnesberg;ÖVRIGA_FGVAL;0;7
2014;kf;14806051;Angered, Agnesberg;BLANK;8;8
2014;kf;14806051;Angered, Agnesberg;OG;0;0
2014;kf;14806101;Angered, Gunnilse-Linnarhult;M;195;252
2014;kf;14806101;Angered, Gunnilse-Linnarhult;C;56;28
2014;kf;14806101;Angered, Gunnilse-Linnarhult;L;79;101
2014;kf;14806101;Angered, Gunnilse-Linnarhult;KD;82;70
2014;kf;14806101;Angered, Gunnilse-Linnarhult;S;275;285
2014;kf;14806101;Angered, Gunnilse-Linnarhult;V;118;81
2014;kf;14806101;Angered, Gunnilse-Linnarhult;MP;48;79
2014;kf;14806101;Angered, Gunnilse-Linnarhult;SD;187;146
2014;kf;14806101;Angered, Gunnilse-Linnarhult;FI;13;26
2014;kf;14806101;Angered, Gunnilse-Linnarhult;VÄGV;27;83
2014;kf;14806101;Angered, Gunnilse-Linnarhult;DJUP;4;1
2014;kf;14806101;Angered, Gunnilse-Linnarhult;K;4;5
2014;kf;14806101;Angered, Gunnilse-Linnarhult;KRVP;3;2
2014;kf;14806101;Angered, Gunnilse-Linnarhult;PP;2;6
2014;kf;14806101;Angered, Gunnilse-Linnarhult;RS;2;3
2014;kf;14806101;Angered, Gunnilse-Linnarhult;ENH;0;1
2014;kf;14806101;Angered, Gunnilse-Linnarhult;HANDSKRIVNA;0;5
2014;kf;14806101;Angered, Gunnilse-Linnarhult;ÖVRIGA_FGVAL;0;18
2014;kf;14806101;Angered, Gunnilse-Linnarhult;BLANK;6;9
2014;kf;14806101;Angered, Gunnilse-Linnarhult;OG;1;1
2014;kf;14806121;Angered, Bläsebo;M;49;61
2014;kf;14806121;Angered, Bläsebo;C;17;6
2014;kf;14806121;Angered, Bläsebo;L;22;18
2014;kf;14806121;Angered, Bläsebo;KD;23;19
2014;kf;14806121;Angered, Bläsebo;S;388;392
2014;kf;14806121;Angered, Bläsebo;V;136;115
2014;kf;14806121;Angered, Bläsebo;MP;33;70
2014;kf;14806121;Angered, Bläsebo;SD;79;49
2014;kf;14806121;Angered, Bläsebo;FI;11;20
2014;kf;14806121;Angered, Bläsebo;VÄGV;8;21
2014;kf;14806121;Angered, Bläsebo;RS;18;17
2014;kf;14806121;Angered, Bläsebo;K;11;9
2014;kf;14806121;Angered, Bläsebo;DJUP;3;3
2014;kf;14806121;Angered, Bläsebo;KRVP;2;4
2014;kf;14806121;Angered, Bläsebo;PP;0;4
2014;kf;14806121;Angered, Bläsebo;HANDSKRIVNA;0;3
2014;kf;14806121;Angered, Bläsebo;ÖVRIGA_FGVAL;0;18
2014;kf;14806121;Angered, Bläsebo;BLANK;2;5
2014;kf;14806121;Angered, Bläsebo;OG;1;2
2014;kf;14806122;Angered, Hjällbo, Norra;M;66;59
2014;kf;14806122;Angered, Hjällbo, Norra;C;16;5
2014;kf;14806122;Angered, Hjällbo, Norra;L;13;14
2014;kf;14806122;Angered, Hjällbo, Norra;KD;24;12
2014;kf;14806122;Angered, Hjällbo, Norra;S;448;348
2014;kf;14806122;Angered, Hjällbo, Norra;V;149;103
2014;kf;14806122;Angered, Hjällbo, Norra;MP;89;145
2014;kf;14806122;Angered, Hjällbo, Norra;SD;36;20
2014;kf;14806122;Angered, Hjällbo, Norra;FI;10;21
2014;kf;14806122;Angered, Hjällbo, Norra;VÄGV;7;10
2014;kf;14806122;Angered, Hjällbo, Norra;RS;28;22
2014;kf;14806122;Angered, Hjällbo, Norra;K;4;4
2014;kf;14806122;Angered, Hjällbo, Norra;PP;3;5
2014;kf;14806122;Angered, Hjällbo, Norra;DJUP;2;1
2014;kf;14806122;Angered, Hjällbo, Norra;KRVP;0;1
2014;kf;14806122;Angered, Hjällbo, Norra;HANDSKRIVNA;0;1
2014;kf;14806122;Angered, Hjällbo, Norra;ÖVRIGA_FGVAL;0;14
2014;kf;14806122;Angered, Hjällbo, Norra;BLANK;9;4
2014;kf;14806122;Angered, Hjällbo, Norra;OG;0;0
2014;kf;14806123;Angered, Hjällbo, Södra;M;31;43
2014;kf;14806123;Angered, Hjällbo, Södra;C;21;2
2014;kf;14806123;Angered, Hjällbo, Södra;L;7;14
2014;kf;14806123;Angered, Hjällbo, Södra;KD;13;11
2014;kf;14806123;Angered, Hjällbo, Södra;S;303;256
2014;kf;14806123;Angered, Hjällbo, Södra;V;90;59
2014;kf;14806123;Angered, Hjällbo, Södra;MP;91;77
2014;kf;14806123;Angered, Hjällbo, Södra;SD;14;10
2014;kf;14806123;Angered, Hjällbo, Södra;FI;8;9
2014;kf;14806123;Angered, Hjällbo, Södra;VÄGV;1;8
2014;kf;14806123;Angered, Hjällbo, Södra;RS;17;13
2014;kf;14806123;Angered, Hjällbo, Södra;K;6;7
2014;kf;14806123;Angered, Hjällbo, Södra;KRVP;3;1
2014;kf;14806123;Angered, Hjällbo, Södra;DJUP;1;3
2014;kf;14806123;Angered, Hjällbo, Södra;ENH;0;2
2014;kf;14806123;Angered, Hjällbo, Södra;ÖVRIGA_FGVAL;0;7
2014;kf;14806123;Angered, Hjällbo, Södra;BLANK;2;0
2014;kf;14806123;Angered, Hjällbo, Södra;OG;1;0
2014;kf;14806124;Angered, Skolspåret;M;49;38
2014;kf;14806124;Angered, Skolspåret;C;8;1
2014;kf;14806124;Angered, Skolspåret;L;7;6
2014;kf;14806124;Angered, Skolspåret;KD;15;16
2014;kf;14806124;Angered, Skolspåret;S;319;322
2014;kf;14806124;Angered, Skolspåret;V;128;97
2014;kf;14806124;Angered, Skolspåret;MP;66;58
2014;kf;14806124;Angered, Skolspåret;SD;24;17
2014;kf;14806124;Angered, Skolspåret;FI;4;9
2014;kf;14806124;Angered, Skolspåret;VÄGV;6;5
2014;kf;14806124;Angered, Skolspåret;RS;14;22
2014;kf;14806124;Angered, Skolspåret;K;8;9
2014;kf;14806124;Angered, Skolspåret;KRVP;1;1
2014;kf;14806124;Angered, Skolspåret;PP;1;4
2014;kf;14806124;Angered, Skolspåret;DJUP;0;1
2014;kf;14806124;Angered, Skolspåret;HANDSKRIVNA;0;1
2014;kf;14806124;Angered, Skolspåret;ÖVRIGA_FGVAL;0;19
2014;kf;14806124;Angered, Skolspåret;BLANK;5;2
2014;kf;14806124;Angered, Skolspåret;OG;0;0
2014;kf;14806131;Angered, Eriksbo;M;72;67
2014;kf;14806131;Angered, Eriksbo;C;15;5
2014;kf;14806131;Angered, Eriksbo;L;23;15
2014;kf;14806131;Angered, Eriksbo;KD;19;19
2014;kf;14806131;Angered, Eriksbo;S;457;467
2014;kf;14806131;Angered, Eriksbo;V;184;121
2014;kf;14806131;Angered, Eriksbo;MP;74;95
2014;kf;14806131;Angered, Eriksbo;SD;112;105
2014;kf;14806131;Angered, Eriksbo;FI;10;16
2014;kf;14806131;Angered, Eriksbo;VÄGV;16;27
2014;kf;14806131;Angered, Eriksbo;RS;18;31
2014;kf;14806131;Angered, Eriksbo;K;9;15
2014;kf;14806131;Angered, Eriksbo;DJUP;2;1
2014;kf;14806131;Angered, Eriksbo;ENH;0;1
2014;kf;14806131;Angered, Eriksbo;HANDSKRIVNA;3;4
2014;kf;14806131;Angered, Eriksbo;ÖVRIGA_FGVAL;0;34
2014;kf;14806131;Angered, Eriksbo;BLANK;13;9
2014;kf;14806131;Angered, Eriksbo;OG;3;0
2014;kf;14807021;Västra Hisingen, Länsmansgården, C;M;80;45
2014;kf;14807021;Västra Hisingen, Länsmansgården, C;C;17;13
2014;kf;14807021;Västra Hisingen, Länsmansgården, C;L;18;27
2014;kf;14807021;Västra Hisingen, Länsmansgården, C;KD;9;20
2014;kf;14807021;Västra Hisingen, Länsmansgården, C;S;305;352
2014;kf;14807021;Västra Hisingen, Länsmansgården, C;V;145;105
2014;kf;14807021;Västra Hisingen, Länsmansgården, C;MP;42;70
2014;kf;14807021;Västra Hisingen, Länsmansgården, C;SD;122;101
2014;kf;14807021;Västra Hisingen, Länsmansgården, C;FI;18;25
2014;kf;14807021;Västra Hisingen, Länsmansgården, C;VÄGV;22;42
2014;kf;14807021;Västra Hisingen, Länsmansgården, C;K;10;7
2014;kf;14807021;Västra Hisingen, Länsmansgården, C;DJUP;2;2
2014;kf;14807021;Västra Hisingen, Länsmansgården, C;PP;2;5
2014;kf;14807021;Västra Hisingen, Länsmansgården, C;RS;1;2
2014;kf;14807021;Västra Hisingen, Länsmansgården, C;HANDSKRIVNA;2;1
2014;kf;14807021;Västra Hisingen, Länsmansgården, C;ÖVRIGA_FGVAL;0;9
2014;kf;14807021;Västra Hisingen, Länsmansgården, C;BLANK;8;8
2014;kf;14807021;Västra Hisingen, Länsmansgården, C;OG;1;0
2014;kf;14807022;Västra Hisingen, Länsmansgården, N;M;86;126
2014;kf;14807022;Västra Hisingen, Länsmansgården, N;C;26;8
2014;kf;14807022;Västra Hisingen, Länsmansgården, N;L;20;30
2014;kf;14807022;Västra Hisingen, Länsmansgården, N;KD;21;18
2014;kf;14807022;Västra Hisingen, Länsmansgården, N;S;307;314
2014;kf;14807022;Västra Hisingen, Länsmansgården, N;V;117;91
2014;kf;14807022;Västra Hisingen, Länsmansgården, N;MP;37;45
2014;kf;14807022;Västra Hisingen, Länsmansgården, N;SD;130;104
2014;kf;14807022;Västra Hisingen, Länsmansgården, N;FI;7;9
2014;kf;14807022;Västra Hisingen, Länsmansgården, N;VÄGV;31;65
2014;kf;14807022;Västra Hisingen, Länsmansgården, N;K;9;8
2014;kf;14807022;Västra Hisingen, Länsmansgården, N;DJUP;4;6
2014;kf;14807022;Västra Hisingen, Länsmansgården, N;PP;1;7
2014;kf;14807022;Västra Hisingen, Länsmansgården, N;ENH;0;1
2014;kf;14807022;Västra Hisingen, Länsmansgården, N;HANDSKRIVNA;0;1
2014;kf;14807022;Västra Hisingen, Länsmansgården, N;ÖVRIGA_FGVAL;0;18
2014;kf;14807022;Västra Hisingen, Länsmansgården, N;BLANK;5;7
2014;kf;14807022;Västra Hisingen, Länsmansgården, N;OG;2;2
2014;kf;14807023;Västra Hisingen, Länsmansgården, S;M;36;41
2014;kf;14807023;Västra Hisingen, Länsmansgården, S;C;14;1
2014;kf;14807023;Västra Hisingen, Länsmansgården, S;L;5;9
2014;kf;14807023;Västra Hisingen, Länsmansgården, S;KD;6;11
2014;kf;14807023;Västra Hisingen, Länsmansgården, S;S;363;339
2014;kf;14807023;Västra Hisingen, Länsmansgården, S;V;77;62
2014;kf;14807023;Västra Hisingen, Länsmansgården, S;MP;68;34
2014;kf;14807023;Västra Hisingen, Länsmansgården, S;SD;75;64
2014;kf;14807023;Västra Hisingen, Länsmansgården, S;FI;4;8
2014;kf;14807023;Västra Hisingen, Länsmansgården, S;VÄGV;11;27
2014;kf;14807023;Västra Hisingen, Länsmansgården, S;K;10;7
2014;kf;14807023;Västra Hisingen, Länsmansgården, S;RS;6;1
2014;kf;14807023;Västra Hisingen, Länsmansgården, S;DJUP;2;3
2014;kf;14807023;Västra Hisingen, Länsmansgården, S;PP;1;1
2014;kf;14807023;Västra Hisingen, Länsmansgården, S;HANDSKRIVNA;0;2
2014;kf;14807023;Västra Hisingen, Länsmansgården, S;ÖVRIGA_FGVAL;0;12
2014;kf;14807023;Västra Hisingen, Länsmansgården, S;BLANK;9;5
2014;kf;14807023;Västra Hisingen, Länsmansgården, S;OG;0;0
