ar_fg;val;kod_2014;namn_2014;parti;roster_2014;roster_fgval
2011;rf;14800001;Uppsamlingsdistrikt;M;357;138
2011;rf;14800001;Uppsamlingsdistrikt;C;40;20
2011;rf;14800001;Uppsamlingsdistrikt;L;90;42
2011;rf;14800001;Uppsamlingsdistrikt;KD;61;23
2011;rf;14800001;Uppsamlingsdistrikt;S;510;262
2011;rf;14800001;Uppsamlingsdistrikt;V;197;77
2011;rf;14800001;Uppsamlingsdistrikt;MP;253;82
2011;rf;14800001;Uppsamlingsdistrikt;SD;126;50
2011;rf;14800001;Uppsamlingsdistrikt;FI;43;7
2011;rf;14800001;Uppsamlingsdistrikt;PP;15;4
2011;rf;14800001;Uppsamlingsdistrikt;VÄGV;15;33
2011;rf;14800001;Uppsamlingsdistrikt;SPVG;7;10
2011;rf;14800001;Uppsamlingsdistrikt;RS;4;5
2011;rf;14800001;Uppsamlingsdistrikt;K;0;8
2011;rf;14800001;Uppsamlingsdistrikt;HANDSKRIVNA;7;0
2011;rf;14800001;Uppsamlingsdistrikt;GILTIGA;1732;761
2011;rf;14800001;Uppsamlingsdistrikt;BLANK;43;4
2011;rf;14800001;Uppsamlingsdistrikt;OG;2;6
2011;rf;14800002;Uppsamlingsdistrikt;M;344;187
2011;rf;14800002;Uppsamlingsdistrikt;C;59;31
2011;rf;14800002;Uppsamlingsdistrikt;L;102;59
2011;rf;14800002;Uppsamlingsdistrikt;KD;50;32
2011;rf;14800002;Uppsamlingsdistrikt;S;567;362
2011;rf;14800002;Uppsamlingsdistrikt;V;243;128
2011;rf;14800002;Uppsamlingsdistrikt;MP;305;125
2011;rf;14800002;Uppsamlingsdistrikt;SD;112;57
2011;rf;14800002;Uppsamlingsdistrikt;FI;52;10
2011;rf;14800002;Uppsamlingsdistrikt;PP;19;5
2011;rf;14800002;Uppsamlingsdistrikt;VÄGV;13;35
2011;rf;14800002;Uppsamlingsdistrikt;SPVG;7;28
2011;rf;14800002;Uppsamlingsdistrikt;RS;5;2
2011;rf;14800002;Uppsamlingsdistrikt;K;0;8
2011;rf;14800002;Uppsamlingsdistrikt;HANDSKRIVNA;7;0
2011;rf;14800002;Uppsamlingsdistrikt;GILTIGA;1891;1069
2011;rf;14800002;Uppsamlingsdistrikt;BLANK;47;11
2011;rf;14800002;Uppsamlingsdistrikt;OG;4;3
2011;rf;14800003;Uppsamlingsdistrikt;M;655;435
2011;rf;14800003;Uppsamlingsdistrikt;C;125;45
2011;rf;14800003;Uppsamlingsdistrikt;L;222;119
2011;rf;14800003;Uppsamlingsdistrikt;KD;74;40
2011;rf;14800003;Uppsamlingsdistrikt;S;427;268
2011;rf;14800003;Uppsamlingsdistrikt;V;297;145
2011;rf;14800003;Uppsamlingsdistrikt;MP;438;203
2011;rf;14800003;Uppsamlingsdistrikt;SD;113;63
2011;rf;14800003;Uppsamlingsdistrikt;FI;77;14
2011;rf;14800003;Uppsamlingsdistrikt;PP;17;3
2011;rf;14800003;Uppsamlingsdistrikt;VÄGV;17;29
2011;rf;14800003;Uppsamlingsdistrikt;SPVG;7;16
2011;rf;14800003;Uppsamlingsdistrikt;RS;3;1
2011;rf;14800003;Uppsamlingsdistrikt;SVP;3;1
2011;rf;14800003;Uppsamlingsdistrikt;K;0;5
2011;rf;14800003;Uppsamlingsdistrikt;HANDSKRIVNA;20;1
2011;rf;14800003;Uppsamlingsdistrikt;GILTIGA;2496;1388
2011;rf;14800003;Uppsamlingsdistrikt;BLANK;54;8
2011;rf;14800003;Uppsamlingsdistrikt;OG;2;5
2011;rf;14800004;Uppsamlingsdistrikt;M;413;185
2011;rf;14800004;Uppsamlingsdistrikt;C;65;22
2011;rf;14800004;Uppsamlingsdistrikt;L;117;54
2011;rf;14800004;Uppsamlingsdistrikt;KD;79;24
2011;rf;14800004;Uppsamlingsdistrikt;S;300;169
2011;rf;14800004;Uppsamlingsdistrikt;V;246;86
2011;rf;14800004;Uppsamlingsdistrikt;MP;273;89
2011;rf;14800004;Uppsamlingsdistrikt;SD;93;26
2011;rf;14800004;Uppsamlingsdistrikt;FI;65;8
2011;rf;14800004;Uppsamlingsdistrikt;VÄGV;20;11
2011;rf;14800004;Uppsamlingsdistrikt;PP;13;2
2011;rf;14800004;Uppsamlingsdistrikt;SPVG;4;9
2011;rf;14800004;Uppsamlingsdistrikt;K;0;2
2011;rf;14800004;Uppsamlingsdistrikt;RS;0;1
2011;rf;14800004;Uppsamlingsdistrikt;HANDSKRIVNA;5;0
2011;rf;14800004;Uppsamlingsdistrikt;GILTIGA;1698;688
2011;rf;14800004;Uppsamlingsdistrikt;BLANK;31;1
2011;rf;14800004;Uppsamlingsdistrikt;OG;3;4
2011;rf;14801011;Majorna-Linné, Klippan;M;184;127
2011;rf;14801011;Majorna-Linné, Klippan;C;19;14
2011;rf;14801011;Majorna-Linné, Klippan;L;75;44
2011;rf;14801011;Majorna-Linné, Klippan;KD;30;11
2011;rf;14801011;Majorna-Linné, Klippan;S;267;222
2011;rf;14801011;Majorna-Linné, Klippan;V;412;201
2011;rf;14801011;Majorna-Linné, Klippan;MP;262;155
2011;rf;14801011;Majorna-Linné, Klippan;SD;101;39
2011;rf;14801011;Majorna-Linné, Klippan;FI;21;5
2011;rf;14801011;Majorna-Linné, Klippan;VÄGV;19;17
2011;rf;14801011;Majorna-Linné, Klippan;PP;11;2
2011;rf;14801011;Majorna-Linné, Klippan;SPVG;4;15
2011;rf;14801011;Majorna-Linné, Klippan;K;0;11
2011;rf;14801011;Majorna-Linné, Klippan;RS;0;2
2011;rf;14801011;Majorna-Linné, Klippan;HANDSKRIVNA;8;1
2011;rf;14801011;Majorna-Linné, Klippan;GILTIGA;1415;866
2011;rf;14801011;Majorna-Linné, Klippan;BLANK;21;9
2011;rf;14801011;Majorna-Linné, Klippan;OG;1;1
2011;rf;14801011;Majorna-Linné, Klippan;SUMMA_RÖSTER;1437;876
2011;rf;14801011;Majorna-Linné, Klippan;RÖSTBERÄTTIGADE;1738;1763
2011;rf;14801012;Majorna-Linné, Kungsladugård;M;122;49
2011;rf;14801012;Majorna-Linné, Kungsladugård;C;29;12
2011;rf;14801012;Majorna-Linné, Kungsladugård;L;48;22
2011;rf;14801012;Majorna-Linné, Kungsladugård;KD;10;5
2011;rf;14801012;Majorna-Linné, Kungsladugård;S;213;167
2011;rf;14801012;Majorna-Linné, Kungsladugård;V;387;197
2011;rf;14801012;Majorna-Linné, Kungsladugård;MP;265;151
2011;rf;14801012;Majorna-Linné, Kungsladugård;SD;75;26
2011;rf;14801012;Majorna-Linné, Kungsladugård;FI;16;11
2011;rf;14801012;Majorna-Linné, Kungsladugård;VÄGV;13;18
2011;rf;14801012;Majorna-Linné, Kungsladugård;PP;8;1
2011;rf;14801012;Majorna-Linné, Kungsladugård;SPVG;3;9
2011;rf;14801012;Majorna-Linné, Kungsladugård;SVP;1;1
2011;rf;14801012;Majorna-Linné, Kungsladugård;K;0;12
2011;rf;14801012;Majorna-Linné, Kungsladugård;HANDSKRIVNA;2;1
2011;rf;14801012;Majorna-Linné, Kungsladugård;GILTIGA;1194;682
2011;rf;14801012;Majorna-Linné, Kungsladugård;BLANK;15;3
2011;rf;14801012;Majorna-Linné, Kungsladugård;OG;0;0
2011;rf;14801012;Majorna-Linné, Kungsladugård;SUMMA_RÖSTER;1209;685
2011;rf;14801012;Majorna-Linné, Kungsladugård;RÖSTBERÄTTIGADE;1490;1437
2011;rf;14801013;Majorna-Linné, Mariaplan;M;96;57
2011;rf;14801013;Majorna-Linné, Mariaplan;C;25;11
2011;rf;14801013;Majorna-Linné, Mariaplan;L;44;21
2011;rf;14801013;Majorna-Linné, Mariaplan;KD;11;9
2011;rf;14801013;Majorna-Linné, Mariaplan;S;182;144
2011;rf;14801013;Majorna-Linné, Mariaplan;V;379;195
2011;rf;14801013;Majorna-Linné, Mariaplan;MP;229;168
2011;rf;14801013;Majorna-Linné, Mariaplan;SD;58;34
2011;rf;14801013;Majorna-Linné, Mariaplan;FI;18;7
2011;rf;14801013;Majorna-Linné, Mariaplan;VÄGV;14;15
2011;rf;14801013;Majorna-Linné, Mariaplan;PP;12;2
2011;rf;14801013;Majorna-Linné, Mariaplan;SPVG;7;8
2011;rf;14801013;Majorna-Linné, Mariaplan;RS;1;5
2011;rf;14801013;Majorna-Linné, Mariaplan;K;0;13
2011;rf;14801013;Majorna-Linné, Mariaplan;HANDSKRIVNA;9;2
2011;rf;14801013;Majorna-Linné, Mariaplan;GILTIGA;1085;691
2011;rf;14801013;Majorna-Linné, Mariaplan;BLANK;18;4
2011;rf;14801013;Majorna-Linné, Mariaplan;OG;0;0
2011;rf;14801013;Majorna-Linné, Mariaplan;SUMMA_RÖSTER;1103;695
2011;rf;14801013;Majorna-Linné, Mariaplan;RÖSTBERÄTTIGADE;1338;1340
2011;rf;14801014;Majorna-Linné, Silverkällan;M;85;68
2011;rf;14801014;Majorna-Linné, Silverkällan;C;17;17
2011;rf;14801014;Majorna-Linné, Silverkällan;L;42;34
2011;rf;14801014;Majorna-Linné, Silverkällan;KD;24;10
2011;rf;14801014;Majorna-Linné, Silverkällan;S;227;197
2011;rf;14801014;Majorna-Linné, Silverkällan;V;424;193
2011;rf;14801014;Majorna-Linné, Silverkällan;MP;262;171
2011;rf;14801014;Majorna-Linné, Silverkällan;SD;55;29
2011;rf;14801014;Majorna-Linné, Silverkällan;FI;21;15
2011;rf;14801014;Majorna-Linné, Silverkällan;VÄGV;19;15
2011;rf;14801014;Majorna-Linné, Silverkällan;SPVG;8;10
2011;rf;14801014;Majorna-Linné, Silverkällan;PP;3;0
2011;rf;14801014;Majorna-Linné, Silverkällan;K;0;12
2011;rf;14801014;Majorna-Linné, Silverkällan;HANDSKRIVNA;7;1
2011;rf;14801014;Majorna-Linné, Silverkällan;GILTIGA;1196;772
2011;rf;14801014;Majorna-Linné, Silverkällan;BLANK;15;4
2011;rf;14801014;Majorna-Linné, Silverkällan;OG;0;0
2011;rf;14801014;Majorna-Linné, Silverkällan;SUMMA_RÖSTER;1211;776
2011;rf;14801014;Majorna-Linné, Silverkällan;RÖSTBERÄTTIGADE;1479;1484
2011;rf;14801015;Majorna-Linné, Skytteskogen;M;216;172
2011;rf;14801015;Majorna-Linné, Skytteskogen;C;54;22
2011;rf;14801015;Majorna-Linné, Skytteskogen;L;133;90
2011;rf;14801015;Majorna-Linné, Skytteskogen;KD;71;31
2011;rf;14801015;Majorna-Linné, Skytteskogen;S;188;158
2011;rf;14801015;Majorna-Linné, Skytteskogen;V;315;174
2011;rf;14801015;Majorna-Linné, Skytteskogen;MP;338;219
2011;rf;14801015;Majorna-Linné, Skytteskogen;SD;57;22
2011;rf;14801015;Majorna-Linné, Skytteskogen;FI;14;7
2011;rf;14801015;Majorna-Linné, Skytteskogen;VÄGV;28;25
2011;rf;14801015;Majorna-Linné, Skytteskogen;PP;5;2
2011;rf;14801015;Majorna-Linné, Skytteskogen;SPVG;2;11
2011;rf;14801015;Majorna-Linné, Skytteskogen;K;0;12
2011;rf;14801015;Majorna-Linné, Skytteskogen;HANDSKRIVNA;3;0
2011;rf;14801015;Majorna-Linné, Skytteskogen;GILTIGA;1424;945
2011;rf;14801015;Majorna-Linné, Skytteskogen;BLANK;13;7
2011;rf;14801015;Majorna-Linné, Skytteskogen;OG;0;0
2011;rf;14801015;Majorna-Linné, Skytteskogen;SUMMA_RÖSTER;1437;952
2011;rf;14801015;Majorna-Linné, Skytteskogen;RÖSTBERÄTTIGADE;1715;1667
2011;rf;14801021;Majorna-Linné, Sandarne;M;148;69
2011;rf;14801021;Majorna-Linné, Sandarne;C;22;7
2011;rf;14801021;Majorna-Linné, Sandarne;L;62;29
2011;rf;14801021;Majorna-Linné, Sandarne;KD;37;7
2011;rf;14801021;Majorna-Linné, Sandarne;S;227;232
2011;rf;14801021;Majorna-Linné, Sandarne;V;394;162
2011;rf;14801021;Majorna-Linné, Sandarne;MP;240;121
2011;rf;14801021;Majorna-Linné, Sandarne;SD;112;48
2011;rf;14801021;Majorna-Linné, Sandarne;FI;14;11
2011;rf;14801021;Majorna-Linné, Sandarne;VÄGV;20;16
2011;rf;14801021;Majorna-Linné, Sandarne;PP;10;0
2011;rf;14801021;Majorna-Linné, Sandarne;SPVG;3;20
2011;rf;14801021;Majorna-Linné, Sandarne;K;0;4
2011;rf;14801021;Majorna-Linné, Sandarne;HANDSKRIVNA;9;0
2011;rf;14801021;Majorna-Linné, Sandarne;GILTIGA;1304;726
2011;rf;14801021;Majorna-Linné, Sandarne;BLANK;27;2
2011;rf;14801021;Majorna-Linné, Sandarne;OG;0;0
2011;rf;14801021;Majorna-Linné, Sandarne;SUMMA_RÖSTER;1331;728
2011;rf;14801021;Majorna-Linné, Sandarne;RÖSTBERÄTTIGADE;1780;1756
2011;rf;14801031;Majorna-Linné, Godhem;M;116;70
2011;rf;14801031;Majorna-Linné, Godhem;C;22;19
2011;rf;14801031;Majorna-Linné, Godhem;L;63;55
2011;rf;14801031;Majorna-Linné, Godhem;KD;38;20
2011;rf;14801031;Majorna-Linné, Godhem;S;165;152
2011;rf;14801031;Majorna-Linné, Godhem;V;290;152
2011;rf;14801031;Majorna-Linné, Godhem;MP;205;122
2011;rf;14801031;Majorna-Linné, Godhem;SD;43;18
2011;rf;14801031;Majorna-Linné, Godhem;FI;8;4
2011;rf;14801031;Majorna-Linné, Godhem;VÄGV;14;22
2011;rf;14801031;Majorna-Linné, Godhem;PP;10;8
2011;rf;14801031;Majorna-Linné, Godhem;K;0;5
2011;rf;14801031;Majorna-Linné, Godhem;SPVG;0;6
2011;rf;14801031;Majorna-Linné, Godhem;HANDSKRIVNA;10;0
2011;rf;14801031;Majorna-Linné, Godhem;GILTIGA;988;653
2011;rf;14801031;Majorna-Linné, Godhem;BLANK;11;3
2011;rf;14801031;Majorna-Linné, Godhem;OG;0;0
2011;rf;14801031;Majorna-Linné, Godhem;SUMMA_RÖSTER;999;656
2011;rf;14801031;Majorna-Linné, Godhem;RÖSTBERÄTTIGADE;1177;1198
2011;rf;14801032;Majorna-Linné, Gråberget;M;221;170
2011;rf;14801032;Majorna-Linné, Gråberget;C;36;21
2011;rf;14801032;Majorna-Linné, Gråberget;L;118;60
2011;rf;14801032;Majorna-Linné, Gråberget;KD;44;34
2011;rf;14801032;Majorna-Linné, Gråberget;S;234;213
2011;rf;14801032;Majorna-Linné, Gråberget;V;286;113
2011;rf;14801032;Majorna-Linné, Gråberget;MP;220;134
2011;rf;14801032;Majorna-Linné, Gråberget;SD;82;52
2011;rf;14801032;Majorna-Linné, Gråberget;FI;7;2
2011;rf;14801032;Majorna-Linné, Gråberget;VÄGV;34;44
2011;rf;14801032;Majorna-Linné, Gråberget;PP;7;1
2011;rf;14801032;Majorna-Linné, Gråberget;SPVG;3;14
2011;rf;14801032;Majorna-Linné, Gråberget;K;0;11
2011;rf;14801032;Majorna-Linné, Gråberget;RS;0;1
2011;rf;14801032;Majorna-Linné, Gråberget;HANDSKRIVNA;7;1
2011;rf;14801032;Majorna-Linné, Gråberget;GILTIGA;1301;871
2011;rf;14801032;Majorna-Linné, Gråberget;BLANK;16;6
2011;rf;14801032;Majorna-Linné, Gråberget;OG;2;0
2011;rf;14801032;Majorna-Linné, Gråberget;SUMMA_RÖSTER;1319;877
2011;rf;14801032;Majorna-Linné, Gråberget;RÖSTBERÄTTIGADE;1609;1632
2011;rf;14801041;Majorna-Linné, Djurgårdsgatan m fl;M;120;86
2011;rf;14801041;Majorna-Linné, Djurgårdsgatan m fl;C;35;12
2011;rf;14801041;Majorna-Linné, Djurgårdsgatan m fl;L;60;37
2011;rf;14801041;Majorna-Linné, Djurgårdsgatan m fl;KD;30;13
2011;rf;14801041;Majorna-Linné, Djurgårdsgatan m fl;S;221;188
2011;rf;14801041;Majorna-Linné, Djurgårdsgatan m fl;V;466;223
2011;rf;14801041;Majorna-Linné, Djurgårdsgatan m fl;MP;284;196
2011;rf;14801041;Majorna-Linné, Djurgårdsgatan m fl;SD;47;22
2011;rf;14801041;Majorna-Linné, Djurgårdsgatan m fl;FI;6;9
2011;rf;14801041;Majorna-Linné, Djurgårdsgatan m fl;VÄGV;15;16
2011;rf;14801041;Majorna-Linné, Djurgårdsgatan m fl;PP;4;3
2011;rf;14801041;Majorna-Linné, Djurgårdsgatan m fl;RS;3;4
2011;rf;14801041;Majorna-Linné, Djurgårdsgatan m fl;SPVG;3;16
2011;rf;14801041;Majorna-Linné, Djurgårdsgatan m fl;K;0;10
2011;rf;14801041;Majorna-Linné, Djurgårdsgatan m fl;HANDSKRIVNA;12;1
2011;rf;14801041;Majorna-Linné, Djurgårdsgatan m fl;GILTIGA;1308;836
2011;rf;14801041;Majorna-Linné, Djurgårdsgatan m fl;BLANK;13;7
2011;rf;14801041;Majorna-Linné, Djurgårdsgatan m fl;OG;0;0
2011;rf;14801041;Majorna-Linné, Djurgårdsgatan m fl;SUMMA_RÖSTER;1321;843
2011;rf;14801041;Majorna-Linné, Djurgårdsgatan m fl;RÖSTBERÄTTIGADE;1613;1565
2011;rf;14801042;Majorna-Linné, Gatenhielmska;M;105;75
2011;rf;14801042;Majorna-Linné, Gatenhielmska;C;23;11
2011;rf;14801042;Majorna-Linné, Gatenhielmska;L;66;26
2011;rf;14801042;Majorna-Linné, Gatenhielmska;KD;26;7
2011;rf;14801042;Majorna-Linné, Gatenhielmska;S;195;183
2011;rf;14801042;Majorna-Linné, Gatenhielmska;V;334;134
2011;rf;14801042;Majorna-Linné, Gatenhielmska;MP;206;113
2011;rf;14801042;Majorna-Linné, Gatenhielmska;SD;50;15
2011;rf;14801042;Majorna-Linné, Gatenhielmska;FI;9;4
2011;rf;14801042;Majorna-Linné, Gatenhielmska;VÄGV;13;14
2011;rf;14801042;Majorna-Linné, Gatenhielmska;PP;3;3
2011;rf;14801042;Majorna-Linné, Gatenhielmska;RS;1;2
2011;rf;14801042;Majorna-Linné, Gatenhielmska;K;0;5
2011;rf;14801042;Majorna-Linné, Gatenhielmska;SPVG;0;18
2011;rf;14801042;Majorna-Linné, Gatenhielmska;HANDSKRIVNA;9;0
2011;rf;14801042;Majorna-Linné, Gatenhielmska;GILTIGA;1043;610
2011;rf;14801042;Majorna-Linné, Gatenhielmska;BLANK;13;2
2011;rf;14801042;Majorna-Linné, Gatenhielmska;OG;0;0
2011;rf;14801042;Majorna-Linné, Gatenhielmska;SUMMA_RÖSTER;1056;612
2011;rf;14801042;Majorna-Linné, Gatenhielmska;RÖSTBERÄTTIGADE;1297;1256
2011;rf;14801043;Majorna-Linné, Karl Johans torg;M;127;75
2011;rf;14801043;Majorna-Linné, Karl Johans torg;C;32;14
2011;rf;14801043;Majorna-Linné, Karl Johans torg;L;74;27
2011;rf;14801043;Majorna-Linné, Karl Johans torg;KD;21;9
2011;rf;14801043;Majorna-Linné, Karl Johans torg;S;254;204
2011;rf;14801043;Majorna-Linné, Karl Johans torg;V;528;279
2011;rf;14801043;Majorna-Linné, Karl Johans torg;MP;294;215
2011;rf;14801043;Majorna-Linné, Karl Johans torg;SD;66;20
2011;rf;14801043;Majorna-Linné, Karl Johans torg;FI;23;10
2011;rf;14801043;Majorna-Linné, Karl Johans torg;VÄGV;21;26
2011;rf;14801043;Majorna-Linné, Karl Johans torg;PP;13;0
2011;rf;14801043;Majorna-Linné, Karl Johans torg;RS;1;3
2011;rf;14801043;Majorna-Linné, Karl Johans torg;K;0;11
2011;rf;14801043;Majorna-Linné, Karl Johans torg;SPVG;0;19
2011;rf;14801043;Majorna-Linné, Karl Johans torg;HANDSKRIVNA;7;0
2011;rf;14801043;Majorna-Linné, Karl Johans torg;GILTIGA;1462;912
2011;rf;14801043;Majorna-Linné, Karl Johans torg;BLANK;12;2
2011;rf;14801043;Majorna-Linné, Karl Johans torg;OG;0;0
2011;rf;14801043;Majorna-Linné, Karl Johans torg;SUMMA_RÖSTER;1474;914
2011;rf;14801043;Majorna-Linné, Karl Johans torg;RÖSTBERÄTTIGADE;1778;1769
2011;rf;14801044;Majorna-Linné, Söderlingska ängen;M;104;82
2011;rf;14801044;Majorna-Linné, Söderlingska ängen;C;19;9
2011;rf;14801044;Majorna-Linné, Söderlingska ängen;L;56;27
2011;rf;14801044;Majorna-Linné, Söderlingska ängen;KD;17;9
2011;rf;14801044;Majorna-Linné, Söderlingska ängen;S;200;174
2011;rf;14801044;Majorna-Linné, Söderlingska ängen;V;365;169
2011;rf;14801044;Majorna-Linné, Söderlingska ängen;MP;231;126
2011;rf;14801044;Majorna-Linné, Söderlingska ängen;SD;52;25
2011;rf;14801044;Majorna-Linné, Söderlingska ängen;FI;10;10
2011;rf;14801044;Majorna-Linné, Söderlingska ängen;VÄGV;13;12
2011;rf;14801044;Majorna-Linné, Söderlingska ängen;SPVG;5;8
2011;rf;14801044;Majorna-Linné, Söderlingska ängen;PP;4;2
2011;rf;14801044;Majorna-Linné, Söderlingska ängen;RS;3;1
2011;rf;14801044;Majorna-Linné, Söderlingska ängen;K;0;5
2011;rf;14801044;Majorna-Linné, Söderlingska ängen;HANDSKRIVNA;3;0
2011;rf;14801044;Majorna-Linné, Söderlingska ängen;GILTIGA;1084;659
2011;rf;14801044;Majorna-Linné, Söderlingska ängen;BLANK;12;7
2011;rf;14801044;Majorna-Linné, Söderlingska ängen;OG;0;0
2011;rf;14801044;Majorna-Linné, Söderlingska ängen;SUMMA_RÖSTER;1096;666
2011;rf;14801044;Majorna-Linné, Söderlingska ängen;RÖSTBERÄTTIGADE;1406;1386
2011;rf;14801051;Majorna-Linné, Masthugget, Nedre;M;177;114
2011;rf;14801051;Majorna-Linné, Masthugget, Nedre;C;36;18
2011;rf;14801051;Majorna-Linné, Masthugget, Nedre;L;95;71
2011;rf;14801051;Majorna-Linné, Masthugget, Nedre;KD;38;15
2011;rf;14801051;Majorna-Linné, Masthugget, Nedre;S;177;176
2011;rf;14801051;Majorna-Linné, Masthugget, Nedre;V;311;165
2011;rf;14801051;Majorna-Linné, Masthugget, Nedre;MP;212;166
2011;rf;14801051;Majorna-Linné, Masthugget, Nedre;SD;39;24
2011;rf;14801051;Majorna-Linné, Masthugget, Nedre;FI;12;2
2011;rf;14801051;Majorna-Linné, Masthugget, Nedre;VÄGV;39;17
2011;rf;14801051;Majorna-Linné, Masthugget, Nedre;SPVG;7;13
2011;rf;14801051;Majorna-Linné, Masthugget, Nedre;PP;2;2
2011;rf;14801051;Majorna-Linné, Masthugget, Nedre;K;0;18
2011;rf;14801051;Majorna-Linné, Masthugget, Nedre;RS;0;3
2011;rf;14801051;Majorna-Linné, Masthugget, Nedre;HANDSKRIVNA;6;0
2011;rf;14801051;Majorna-Linné, Masthugget, Nedre;GILTIGA;1152;804
2011;rf;14801051;Majorna-Linné, Masthugget, Nedre;BLANK;8;2
2011;rf;14801051;Majorna-Linné, Masthugget, Nedre;OG;1;1
2011;rf;14801051;Majorna-Linné, Masthugget, Nedre;SUMMA_RÖSTER;1161;807
2011;rf;14801051;Majorna-Linné, Masthugget, Nedre;RÖSTBERÄTTIGADE;1336;1331
2011;rf;14801052;Majorna-Linné, Masthugget, Övre;M;202;148
2011;rf;14801052;Majorna-Linné, Masthugget, Övre;C;41;22
2011;rf;14801052;Majorna-Linné, Masthugget, Övre;L;105;54
2011;rf;14801052;Majorna-Linné, Masthugget, Övre;KD;31;17
2011;rf;14801052;Majorna-Linné, Masthugget, Övre;S;176;171
2011;rf;14801052;Majorna-Linné, Masthugget, Övre;V;367;189
2011;rf;14801052;Majorna-Linné, Masthugget, Övre;MP;317;221
2011;rf;14801052;Majorna-Linné, Masthugget, Övre;SD;43;26
2011;rf;14801052;Majorna-Linné, Masthugget, Övre;FI;16;7
2011;rf;14801052;Majorna-Linné, Masthugget, Övre;VÄGV;13;27
2011;rf;14801052;Majorna-Linné, Masthugget, Övre;SPVG;5;11
2011;rf;14801052;Majorna-Linné, Masthugget, Övre;PP;3;4
2011;rf;14801052;Majorna-Linné, Masthugget, Övre;K;0;13
2011;rf;14801052;Majorna-Linné, Masthugget, Övre;HANDSKRIVNA;7;0
2011;rf;14801052;Majorna-Linné, Masthugget, Övre;GILTIGA;1327;910
2011;rf;14801052;Majorna-Linné, Masthugget, Övre;BLANK;19;1
2011;rf;14801052;Majorna-Linné, Masthugget, Övre;OG;1;1
2011;rf;14801052;Majorna-Linné, Masthugget, Övre;SUMMA_RÖSTER;1347;912
2011;rf;14801052;Majorna-Linné, Masthugget, Övre;RÖSTBERÄTTIGADE;1555;1508
2011;rf;14801053;Majorna-Linné, Masthuggstorget;M;266;166
2011;rf;14801053;Majorna-Linné, Masthuggstorget;C;42;15
2011;rf;14801053;Majorna-Linné, Masthuggstorget;L;98;47
2011;rf;14801053;Majorna-Linné, Masthuggstorget;KD;37;15
2011;rf;14801053;Majorna-Linné, Masthuggstorget;S;208;128
2011;rf;14801053;Majorna-Linné, Masthuggstorget;V;142;58
2011;rf;14801053;Majorna-Linné, Masthuggstorget;MP;158;89
2011;rf;14801053;Majorna-Linné, Masthuggstorget;SD;53;23
2011;rf;14801053;Majorna-Linné, Masthuggstorget;FI;10;4
2011;rf;14801053;Majorna-Linné, Masthuggstorget;VÄGV;9;14
2011;rf;14801053;Majorna-Linné, Masthuggstorget;PP;6;1
2011;rf;14801053;Majorna-Linné, Masthuggstorget;SPVG;2;10
2011;rf;14801053;Majorna-Linné, Masthuggstorget;RS;1;2
2011;rf;14801053;Majorna-Linné, Masthuggstorget;K;0;9
2011;rf;14801053;Majorna-Linné, Masthuggstorget;HANDSKRIVNA;7;0
2011;rf;14801053;Majorna-Linné, Masthuggstorget;GILTIGA;1039;581
2011;rf;14801053;Majorna-Linné, Masthuggstorget;BLANK;12;5
2011;rf;14801053;Majorna-Linné, Masthuggstorget;OG;0;1
2011;rf;14801053;Majorna-Linné, Masthuggstorget;SUMMA_RÖSTER;1051;587
2011;rf;14801053;Majorna-Linné, Masthuggstorget;RÖSTBERÄTTIGADE;1320;1338
2011;rf;14801054;Majorna-Linné, Oscar Fredrik;M;183;85
2011;rf;14801054;Majorna-Linné, Oscar Fredrik;C;46;26
2011;rf;14801054;Majorna-Linné, Oscar Fredrik;L;84;49
2011;rf;14801054;Majorna-Linné, Oscar Fredrik;KD;30;7
2011;rf;14801054;Majorna-Linné, Oscar Fredrik;S;165;129
2011;rf;14801054;Majorna-Linné, Oscar Fredrik;V;264;143
2011;rf;14801054;Majorna-Linné, Oscar Fredrik;MP;240;115
2011;rf;14801054;Majorna-Linné, Oscar Fredrik;SD;45;16
2011;rf;14801054;Majorna-Linné, Oscar Fredrik;FI;18;5
2011;rf;14801054;Majorna-Linné, Oscar Fredrik;VÄGV;22;7
2011;rf;14801054;Majorna-Linné, Oscar Fredrik;PP;6;4
2011;rf;14801054;Majorna-Linné, Oscar Fredrik;SPVG;2;10
2011;rf;14801054;Majorna-Linné, Oscar Fredrik;RS;1;4
2011;rf;14801054;Majorna-Linné, Oscar Fredrik;K;0;16
2011;rf;14801054;Majorna-Linné, Oscar Fredrik;HANDSKRIVNA;8;0
2011;rf;14801054;Majorna-Linné, Oscar Fredrik;GILTIGA;1115;616
2011;rf;14801054;Majorna-Linné, Oscar Fredrik;BLANK;12;8
2011;rf;14801054;Majorna-Linné, Oscar Fredrik;OG;0;0
2011;rf;14801054;Majorna-Linné, Oscar Fredrik;SUMMA_RÖSTER;1127;624
2011;rf;14801054;Majorna-Linné, Oscar Fredrik;RÖSTBERÄTTIGADE;1332;1289
2011;rf;14801055;Majorna-Linné, Slottsskogen;M;167;123
2011;rf;14801055;Majorna-Linné, Slottsskogen;C;22;10
2011;rf;14801055;Majorna-Linné, Slottsskogen;L;83;36
2011;rf;14801055;Majorna-Linné, Slottsskogen;KD;32;11
2011;rf;14801055;Majorna-Linné, Slottsskogen;S;174;141
2011;rf;14801055;Majorna-Linné, Slottsskogen;V;167;92
2011;rf;14801055;Majorna-Linné, Slottsskogen;MP;138;90
2011;rf;14801055;Majorna-Linné, Slottsskogen;SD;59;34
2011;rf;14801055;Majorna-Linné, Slottsskogen;FI;7;5
2011;rf;14801055;Majorna-Linné, Slottsskogen;VÄGV;11;19
2011;rf;14801055;Majorna-Linné, Slottsskogen;SPVG;5;8
2011;rf;14801055;Majorna-Linné, Slottsskogen;K;0;5
2011;rf;14801055;Majorna-Linné, Slottsskogen;PP;0;1
2011;rf;14801055;Majorna-Linné, Slottsskogen;HANDSKRIVNA;4;0
2011;rf;14801055;Majorna-Linné, Slottsskogen;GILTIGA;872;575
2011;rf;14801055;Majorna-Linné, Slottsskogen;BLANK;15;1
2011;rf;14801055;Majorna-Linné, Slottsskogen;OG;0;0
2011;rf;14801055;Majorna-Linné, Slottsskogen;SUMMA_RÖSTER;887;576
2011;rf;14801055;Majorna-Linné, Slottsskogen;RÖSTBERÄTTIGADE;1129;1133
2011;rf;14801056;Majorna-Linné, Stigberget;M;169;119
2011;rf;14801056;Majorna-Linné, Stigberget;C;26;8
2011;rf;14801056;Majorna-Linné, Stigberget;L;99;62
2011;rf;14801056;Majorna-Linné, Stigberget;KD;40;14
2011;rf;14801056;Majorna-Linné, Stigberget;S;222;174
2011;rf;14801056;Majorna-Linné, Stigberget;V;316;159
2011;rf;14801056;Majorna-Linné, Stigberget;MP;259;153
2011;rf;14801056;Majorna-Linné, Stigberget;SD;54;31
2011;rf;14801056;Majorna-Linné, Stigberget;FI;11;8
2011;rf;14801056;Majorna-Linné, Stigberget;VÄGV;21;8
2011;rf;14801056;Majorna-Linné, Stigberget;PP;9;7
2011;rf;14801056;Majorna-Linné, Stigberget;SPVG;3;8
2011;rf;14801056;Majorna-Linné, Stigberget;RS;1;4
2011;rf;14801056;Majorna-Linné, Stigberget;K;0;4
2011;rf;14801056;Majorna-Linné, Stigberget;HANDSKRIVNA;7;0
2011;rf;14801056;Majorna-Linné, Stigberget;GILTIGA;1239;759
2011;rf;14801056;Majorna-Linné, Stigberget;BLANK;13;0
2011;rf;14801056;Majorna-Linné, Stigberget;OG;0;1
2011;rf;14801056;Majorna-Linné, Stigberget;SUMMA_RÖSTER;1252;760
2011;rf;14801056;Majorna-Linné, Stigberget;RÖSTBERÄTTIGADE;1538;1533
2011;rf;14801057;Majorna-Linné, Vegastaden;M;210;126
2011;rf;14801057;Majorna-Linné, Vegastaden;C;34;17
2011;rf;14801057;Majorna-Linné, Vegastaden;L;96;40
2011;rf;14801057;Majorna-Linné, Vegastaden;KD;22;9
2011;rf;14801057;Majorna-Linné, Vegastaden;S;179;140
2011;rf;14801057;Majorna-Linné, Vegastaden;V;232;121
2011;rf;14801057;Majorna-Linné, Vegastaden;MP;179;109
2011;rf;14801057;Majorna-Linné, Vegastaden;SD;67;24
2011;rf;14801057;Majorna-Linné, Vegastaden;FI;11;13
2011;rf;14801057;Majorna-Linné, Vegastaden;VÄGV;18;12
2011;rf;14801057;Majorna-Linné, Vegastaden;PP;8;3
2011;rf;14801057;Majorna-Linné, Vegastaden;SPVG;6;15
2011;rf;14801057;Majorna-Linné, Vegastaden;K;0;4
2011;rf;14801057;Majorna-Linné, Vegastaden;HANDSKRIVNA;2;0
2011;rf;14801057;Majorna-Linné, Vegastaden;GILTIGA;1065;633
2011;rf;14801057;Majorna-Linné, Vegastaden;BLANK;6;1
2011;rf;14801057;Majorna-Linné, Vegastaden;OG;0;0
2011;rf;14801057;Majorna-Linné, Vegastaden;SUMMA_RÖSTER;1071;634
2011;rf;14801057;Majorna-Linné, Vegastaden;RÖSTBERÄTTIGADE;1267;1226
2011;rf;14801061;Majorna-Linné, Änggården;M;283;221
2011;rf;14801061;Majorna-Linné, Änggården;C;36;20
2011;rf;14801061;Majorna-Linné, Änggården;L;146;99
2011;rf;14801061;Majorna-Linné, Änggården;KD;78;33
2011;rf;14801061;Majorna-Linné, Änggården;S;104;78
2011;rf;14801061;Majorna-Linné, Änggården;V;106;30
2011;rf;14801061;Majorna-Linné, Änggården;MP;158;100
2011;rf;14801061;Majorna-Linné, Änggården;SD;28;5
2011;rf;14801061;Majorna-Linné, Änggården;FI;9;2
2011;rf;14801061;Majorna-Linné, Änggården;VÄGV;14;18
2011;rf;14801061;Majorna-Linné, Änggården;SPVG;5;6
2011;rf;14801061;Majorna-Linné, Änggården;PP;3;2
2011;rf;14801061;Majorna-Linné, Änggården;RS;1;1
2011;rf;14801061;Majorna-Linné, Änggården;K;0;4
2011;rf;14801061;Majorna-Linné, Änggården;HANDSKRIVNA;5;0
2011;rf;14801061;Majorna-Linné, Änggården;GILTIGA;977;619
2011;rf;14801061;Majorna-Linné, Änggården;BLANK;12;4
2011;rf;14801061;Majorna-Linné, Änggården;OG;0;0
2011;rf;14801061;Majorna-Linné, Änggården;SUMMA_RÖSTER;989;623
2011;rf;14801061;Majorna-Linné, Änggården;RÖSTBERÄTTIGADE;1266;1226
2011;rf;14801081;Majorna-Linné, Annedal;M;369;213
2011;rf;14801081;Majorna-Linné, Annedal;C;44;14
2011;rf;14801081;Majorna-Linné, Annedal;L;163;66
2011;rf;14801081;Majorna-Linné, Annedal;KD;58;34
2011;rf;14801081;Majorna-Linné, Annedal;S;264;178
2011;rf;14801081;Majorna-Linné, Annedal;V;237;86
2011;rf;14801081;Majorna-Linné, Annedal;MP;228;113
2011;rf;14801081;Majorna-Linné, Annedal;SD;94;33
2011;rf;14801081;Majorna-Linné, Annedal;FI;12;6
2011;rf;14801081;Majorna-Linné, Annedal;VÄGV;35;24
2011;rf;14801081;Majorna-Linné, Annedal;PP;7;4
2011;rf;14801081;Majorna-Linné, Annedal;SPVG;2;12
2011;rf;14801081;Majorna-Linné, Annedal;RS;0;1
2011;rf;14801081;Majorna-Linné, Annedal;HANDSKRIVNA;6;0
2011;rf;14801081;Majorna-Linné, Annedal;GILTIGA;1524;784
2011;rf;14801081;Majorna-Linné, Annedal;BLANK;18;7
2011;rf;14801081;Majorna-Linné, Annedal;OG;1;2
2011;rf;14801081;Majorna-Linné, Annedal;SUMMA_RÖSTER;1543;793
2011;rf;14801081;Majorna-Linné, Annedal;RÖSTBERÄTTIGADE;1935;1789
2011;rf;14801082;Majorna-Linné, Nilssonsberg;M;460;321
2011;rf;14801082;Majorna-Linné, Nilssonsberg;C;47;22
2011;rf;14801082;Majorna-Linné, Nilssonsberg;L;209;116
2011;rf;14801082;Majorna-Linné, Nilssonsberg;KD;75;31
2011;rf;14801082;Majorna-Linné, Nilssonsberg;S;203;160
2011;rf;14801082;Majorna-Linné, Nilssonsberg;V;174;77
2011;rf;14801082;Majorna-Linné, Nilssonsberg;MP;190;95
2011;rf;14801082;Majorna-Linné, Nilssonsberg;SD;65;40
2011;rf;14801082;Majorna-Linné, Nilssonsberg;FI;16;3
2011;rf;14801082;Majorna-Linné, Nilssonsberg;VÄGV;35;37
2011;rf;14801082;Majorna-Linné, Nilssonsberg;PP;11;4
2011;rf;14801082;Majorna-Linné, Nilssonsberg;SPVG;6;19
2011;rf;14801082;Majorna-Linné, Nilssonsberg;K;0;2
2011;rf;14801082;Majorna-Linné, Nilssonsberg;HANDSKRIVNA;4;0
2011;rf;14801082;Majorna-Linné, Nilssonsberg;GILTIGA;1499;927
2011;rf;14801082;Majorna-Linné, Nilssonsberg;BLANK;24;6
2011;rf;14801082;Majorna-Linné, Nilssonsberg;OG;0;1
2011;rf;14801082;Majorna-Linné, Nilssonsberg;SUMMA_RÖSTER;1523;934
2011;rf;14801082;Majorna-Linné, Nilssonsberg;RÖSTBERÄTTIGADE;1794;1754
2011;rf;14801091;Majorna-Linné, Kommendantsängen;M;340;208
2011;rf;14801091;Majorna-Linné, Kommendantsängen;C;49;10
2011;rf;14801091;Majorna-Linné, Kommendantsängen;L;142;81
2011;rf;14801091;Majorna-Linné, Kommendantsängen;KD;40;17
2011;rf;14801091;Majorna-Linné, Kommendantsängen;S;135;101
2011;rf;14801091;Majorna-Linné, Kommendantsängen;V;135;56
2011;rf;14801091;Majorna-Linné, Kommendantsängen;MP;142;82
2011;rf;14801091;Majorna-Linné, Kommendantsängen;SD;49;22
2011;rf;14801091;Majorna-Linné, Kommendantsängen;FI;11;3
2011;rf;14801091;Majorna-Linné, Kommendantsängen;VÄGV;18;15
2011;rf;14801091;Majorna-Linné, Kommendantsängen;PP;8;1
2011;rf;14801091;Majorna-Linné, Kommendantsängen;SPVG;3;13
2011;rf;14801091;Majorna-Linné, Kommendantsängen;K;0;4
2011;rf;14801091;Majorna-Linné, Kommendantsängen;HANDSKRIVNA;4;0
2011;rf;14801091;Majorna-Linné, Kommendantsängen;GILTIGA;1078;613
2011;rf;14801091;Majorna-Linné, Kommendantsängen;BLANK;16;0
2011;rf;14801091;Majorna-Linné, Kommendantsängen;OG;0;0
2011;rf;14801091;Majorna-Linné, Kommendantsängen;SUMMA_RÖSTER;1094;613
2011;rf;14801091;Majorna-Linné, Kommendantsängen;RÖSTBERÄTTIGADE;1261;1264
2011;rf;14801092;Majorna-Linné, Linné;M;401;273
2011;rf;14801092;Majorna-Linné, Linné;C;49;25
2011;rf;14801092;Majorna-Linné, Linné;L;162;93
2011;rf;14801092;Majorna-Linné, Linné;KD;65;31
2011;rf;14801092;Majorna-Linné, Linné;S;149;128
2011;rf;14801092;Majorna-Linné, Linné;V;176;75
2011;rf;14801092;Majorna-Linné, Linné;MP;178;93
2011;rf;14801092;Majorna-Linné, Linné;SD;59;16
2011;rf;14801092;Majorna-Linné, Linné;FI;9;4
2011;rf;14801092;Majorna-Linné, Linné;VÄGV;14;21
2011;rf;14801092;Majorna-Linné, Linné;SPVG;7;7
2011;rf;14801092;Majorna-Linné, Linné;PP;4;0
2011;rf;14801092;Majorna-Linné, Linné;K;0;2
2011;rf;14801092;Majorna-Linné, Linné;HANDSKRIVNA;7;0
2011;rf;14801092;Majorna-Linné, Linné;GILTIGA;1280;768
2011;rf;14801092;Majorna-Linné, Linné;BLANK;9;3
2011;rf;14801092;Majorna-Linné, Linné;OG;0;0
2011;rf;14801092;Majorna-Linné, Linné;SUMMA_RÖSTER;1289;771
2011;rf;14801092;Majorna-Linné, Linné;RÖSTBERÄTTIGADE;1532;1542
2011;rf;14801093;Majorna-Linné, Linnéplatsen;M;273;219
2011;rf;14801093;Majorna-Linné, Linnéplatsen;C;50;16
2011;rf;14801093;Majorna-Linné, Linnéplatsen;L;113;75
2011;rf;14801093;Majorna-Linné, Linnéplatsen;KD;43;17
2011;rf;14801093;Majorna-Linné, Linnéplatsen;S;89;71
2011;rf;14801093;Majorna-Linné, Linnéplatsen;V;121;53
2011;rf;14801093;Majorna-Linné, Linnéplatsen;MP;139;73
2011;rf;14801093;Majorna-Linné, Linnéplatsen;SD;48;19
2011;rf;14801093;Majorna-Linné, Linnéplatsen;FI;12;2
2011;rf;14801093;Majorna-Linné, Linnéplatsen;VÄGV;12;10
2011;rf;14801093;Majorna-Linné, Linnéplatsen;PP;4;3
2011;rf;14801093;Majorna-Linné, Linnéplatsen;SPVG;4;7
2011;rf;14801093;Majorna-Linné, Linnéplatsen;K;0;2
2011;rf;14801093;Majorna-Linné, Linnéplatsen;HANDSKRIVNA;3;0
2011;rf;14801093;Majorna-Linné, Linnéplatsen;GILTIGA;911;567
2011;rf;14801093;Majorna-Linné, Linnéplatsen;BLANK;10;2
2011;rf;14801093;Majorna-Linné, Linnéplatsen;OG;0;0
2011;rf;14801093;Majorna-Linné, Linnéplatsen;SUMMA_RÖSTER;921;569
2011;rf;14801093;Majorna-Linné, Linnéplatsen;RÖSTBERÄTTIGADE;1065;1039
2011;rf;14801094;Majorna-Linné, Långgatorna;M;345;254
2011;rf;14801094;Majorna-Linné, Långgatorna;C;66;25
2011;rf;14801094;Majorna-Linné, Långgatorna;L;140;70
2011;rf;14801094;Majorna-Linné, Långgatorna;KD;42;20
2011;rf;14801094;Majorna-Linné, Långgatorna;S;168;154
2011;rf;14801094;Majorna-Linné, Långgatorna;V;230;106
2011;rf;14801094;Majorna-Linné, Långgatorna;MP;246;151
2011;rf;14801094;Majorna-Linné, Långgatorna;SD;44;14
2011;rf;14801094;Majorna-Linné, Långgatorna;FI;20;7
2011;rf;14801094;Majorna-Linné, Långgatorna;VÄGV;21;24
2011;rf;14801094;Majorna-Linné, Långgatorna;SPVG;4;10
2011;rf;14801094;Majorna-Linné, Långgatorna;PP;3;2
2011;rf;14801094;Majorna-Linné, Långgatorna;K;0;2
2011;rf;14801094;Majorna-Linné, Långgatorna;RS;0;1
2011;rf;14801094;Majorna-Linné, Långgatorna;HANDSKRIVNA;5;0
2011;rf;14801094;Majorna-Linné, Långgatorna;GILTIGA;1335;840
2011;rf;14801094;Majorna-Linné, Långgatorna;BLANK;10;1
2011;rf;14801094;Majorna-Linné, Långgatorna;OG;0;0
2011;rf;14801094;Majorna-Linné, Långgatorna;SUMMA_RÖSTER;1345;841
2011;rf;14801094;Majorna-Linné, Långgatorna;RÖSTBERÄTTIGADE;1641;1664
2011;rf;14801095;Majorna-Linné, Olivedal;M;408;226
2011;rf;14801095;Majorna-Linné, Olivedal;C;63;27
2011;rf;14801095;Majorna-Linné, Olivedal;L;152;88
2011;rf;14801095;Majorna-Linné, Olivedal;KD;35;16
2011;rf;14801095;Majorna-Linné, Olivedal;S;212;192
2011;rf;14801095;Majorna-Linné, Olivedal;V;225;115
2011;rf;14801095;Majorna-Linné, Olivedal;MP;219;125
2011;rf;14801095;Majorna-Linné, Olivedal;SD;56;22
2011;rf;14801095;Majorna-Linné, Olivedal;FI;11;2
2011;rf;14801095;Majorna-Linné, Olivedal;VÄGV;16;23
2011;rf;14801095;Majorna-Linné, Olivedal;SPVG;13;15
2011;rf;14801095;Majorna-Linné, Olivedal;PP;6;4
2011;rf;14801095;Majorna-Linné, Olivedal;RS;3;1
2011;rf;14801095;Majorna-Linné, Olivedal;K;0;3
2011;rf;14801095;Majorna-Linné, Olivedal;HANDSKRIVNA;5;0
2011;rf;14801095;Majorna-Linné, Olivedal;GILTIGA;1426;859
2011;rf;14801095;Majorna-Linné, Olivedal;BLANK;9;9
2011;rf;14801095;Majorna-Linné, Olivedal;OG;0;0
2011;rf;14801095;Majorna-Linné, Olivedal;SUMMA_RÖSTER;1435;868
2011;rf;14801095;Majorna-Linné, Olivedal;RÖSTBERÄTTIGADE;1698;1644
2011;rf;14801096;Majorna-Linné, Risåsen;M;287;212
2011;rf;14801096;Majorna-Linné, Risåsen;C;39;18
2011;rf;14801096;Majorna-Linné, Risåsen;L;104;74
2011;rf;14801096;Majorna-Linné, Risåsen;KD;40;27
2011;rf;14801096;Majorna-Linné, Risåsen;S;116;97
2011;rf;14801096;Majorna-Linné, Risåsen;V;138;55
2011;rf;14801096;Majorna-Linné, Risåsen;MP;158;91
2011;rf;14801096;Majorna-Linné, Risåsen;SD;39;11
2011;rf;14801096;Majorna-Linné, Risåsen;FI;5;3
2011;rf;14801096;Majorna-Linné, Risåsen;VÄGV;10;12
2011;rf;14801096;Majorna-Linné, Risåsen;SPVG;3;16
2011;rf;14801096;Majorna-Linné, Risåsen;PP;2;0
2011;rf;14801096;Majorna-Linné, Risåsen;K;0;1
2011;rf;14801096;Majorna-Linné, Risåsen;HANDSKRIVNA;7;0
2011;rf;14801096;Majorna-Linné, Risåsen;GILTIGA;952;617
2011;rf;14801096;Majorna-Linné, Risåsen;BLANK;13;7
2011;rf;14801096;Majorna-Linné, Risåsen;OG;0;0
2011;rf;14801096;Majorna-Linné, Risåsen;SUMMA_RÖSTER;965;624
2011;rf;14801096;Majorna-Linné, Risåsen;RÖSTBERÄTTIGADE;1149;1206
2011;rf;14801097;Majorna-Linné, Sveaplan;M;357;280
2011;rf;14801097;Majorna-Linné, Sveaplan;C;35;10
2011;rf;14801097;Majorna-Linné, Sveaplan;L;215;118
2011;rf;14801097;Majorna-Linné, Sveaplan;KD;65;24
2011;rf;14801097;Majorna-Linné, Sveaplan;S;180;135
2011;rf;14801097;Majorna-Linné, Sveaplan;V;107;52
2011;rf;14801097;Majorna-Linné, Sveaplan;MP;154;70
2011;rf;14801097;Majorna-Linné, Sveaplan;SD;38;27
2011;rf;14801097;Majorna-Linné, Sveaplan;VÄGV;13;13
2011;rf;14801097;Majorna-Linné, Sveaplan;PP;3;2
2011;rf;14801097;Majorna-Linné, Sveaplan;SPVG;2;8
2011;rf;14801097;Majorna-Linné, Sveaplan;HANDSKRIVNA;7;0
2011;rf;14801097;Majorna-Linné, Sveaplan;GILTIGA;1182;739
2011;rf;14801097;Majorna-Linné, Sveaplan;BLANK;9;3
2011;rf;14801097;Majorna-Linné, Sveaplan;OG;1;1
2011;rf;14801097;Majorna-Linné, Sveaplan;SUMMA_RÖSTER;1192;743
2011;rf;14801097;Majorna-Linné, Sveaplan;RÖSTBERÄTTIGADE;1375;1366
2011;rf;14801108;Centrum, Olofshöjd;M;127;68
2011;rf;14801108;Centrum, Olofshöjd;C;31;20
2011;rf;14801108;Centrum, Olofshöjd;L;57;30
2011;rf;14801108;Centrum, Olofshöjd;KD;17;6
2011;rf;14801108;Centrum, Olofshöjd;S;90;70
2011;rf;14801108;Centrum, Olofshöjd;V;92;41
2011;rf;14801108;Centrum, Olofshöjd;MP;160;85
2011;rf;14801108;Centrum, Olofshöjd;SD;18;13
2011;rf;14801108;Centrum, Olofshöjd;FI;17;1
2011;rf;14801108;Centrum, Olofshöjd;PP;16;9
2011;rf;14801108;Centrum, Olofshöjd;VÄGV;3;5
2011;rf;14801108;Centrum, Olofshöjd;SPVG;1;5
2011;rf;14801108;Centrum, Olofshöjd;K;0;4
2011;rf;14801108;Centrum, Olofshöjd;HANDSKRIVNA;9;1
2011;rf;14801108;Centrum, Olofshöjd;GILTIGA;638;358
2011;rf;14801108;Centrum, Olofshöjd;BLANK;15;3
2011;rf;14801108;Centrum, Olofshöjd;OG;0;0
2011;rf;14801108;Centrum, Olofshöjd;SUMMA_RÖSTER;653;361
2011;rf;14801108;Centrum, Olofshöjd;RÖSTBERÄTTIGADE;1125;1177
2011;rf;14801111;Centrum, Eklanda;M;384;243
2011;rf;14801111;Centrum, Eklanda;C;69;26
2011;rf;14801111;Centrum, Eklanda;L;163;83
2011;rf;14801111;Centrum, Eklanda;KD;68;16
2011;rf;14801111;Centrum, Eklanda;S;220;134
2011;rf;14801111;Centrum, Eklanda;V;140;50
2011;rf;14801111;Centrum, Eklanda;MP;226;113
2011;rf;14801111;Centrum, Eklanda;SD;62;30
2011;rf;14801111;Centrum, Eklanda;FI;18;3
2011;rf;14801111;Centrum, Eklanda;PP;8;5
2011;rf;14801111;Centrum, Eklanda;VÄGV;8;30
2011;rf;14801111;Centrum, Eklanda;SPVG;3;14
2011;rf;14801111;Centrum, Eklanda;K;0;1
2011;rf;14801111;Centrum, Eklanda;HANDSKRIVNA;7;1
2011;rf;14801111;Centrum, Eklanda;GILTIGA;1379;749
2011;rf;14801111;Centrum, Eklanda;BLANK;22;2
2011;rf;14801111;Centrum, Eklanda;OG;1;0
2011;rf;14801111;Centrum, Eklanda;SUMMA_RÖSTER;1402;751
2011;rf;14801111;Centrum, Eklanda;RÖSTBERÄTTIGADE;1706;1659
2011;rf;14801112;Centrum, Johanneberg, Nedre;M;614;461
2011;rf;14801112;Centrum, Johanneberg, Nedre;C;70;32
2011;rf;14801112;Centrum, Johanneberg, Nedre;L;227;111
2011;rf;14801112;Centrum, Johanneberg, Nedre;KD;75;27
2011;rf;14801112;Centrum, Johanneberg, Nedre;S;163;129
2011;rf;14801112;Centrum, Johanneberg, Nedre;V;129;45
2011;rf;14801112;Centrum, Johanneberg, Nedre;MP;237;93
2011;rf;14801112;Centrum, Johanneberg, Nedre;SD;61;21
2011;rf;14801112;Centrum, Johanneberg, Nedre;FI;12;4
2011;rf;14801112;Centrum, Johanneberg, Nedre;VÄGV;29;26
2011;rf;14801112;Centrum, Johanneberg, Nedre;PP;16;5
2011;rf;14801112;Centrum, Johanneberg, Nedre;SPVG;5;4
2011;rf;14801112;Centrum, Johanneberg, Nedre;K;0;1
2011;rf;14801112;Centrum, Johanneberg, Nedre;HANDSKRIVNA;3;0
2011;rf;14801112;Centrum, Johanneberg, Nedre;GILTIGA;1643;959
2011;rf;14801112;Centrum, Johanneberg, Nedre;BLANK;16;8
2011;rf;14801112;Centrum, Johanneberg, Nedre;OG;0;1
2011;rf;14801112;Centrum, Johanneberg, Nedre;SUMMA_RÖSTER;1659;968
2011;rf;14801112;Centrum, Johanneberg, Nedre;RÖSTBERÄTTIGADE;1958;1925
2011;rf;14801113;Centrum, Johanneberg, Södra;M;378;224
2011;rf;14801113;Centrum, Johanneberg, Södra;C;49;24
2011;rf;14801113;Centrum, Johanneberg, Södra;L;105;62
2011;rf;14801113;Centrum, Johanneberg, Södra;KD;54;31
2011;rf;14801113;Centrum, Johanneberg, Södra;S;158;123
2011;rf;14801113;Centrum, Johanneberg, Södra;V;148;48
2011;rf;14801113;Centrum, Johanneberg, Södra;MP;189;80
2011;rf;14801113;Centrum, Johanneberg, Södra;SD;63;28
2011;rf;14801113;Centrum, Johanneberg, Södra;FI;11;5
2011;rf;14801113;Centrum, Johanneberg, Södra;VÄGV;24;20
2011;rf;14801113;Centrum, Johanneberg, Södra;PP;4;1
2011;rf;14801113;Centrum, Johanneberg, Södra;SPVG;4;9
2011;rf;14801113;Centrum, Johanneberg, Södra;K;0;8
2011;rf;14801113;Centrum, Johanneberg, Södra;HANDSKRIVNA;6;0
2011;rf;14801113;Centrum, Johanneberg, Södra;GILTIGA;1196;663
2011;rf;14801113;Centrum, Johanneberg, Södra;BLANK;13;4
2011;rf;14801113;Centrum, Johanneberg, Södra;OG;0;0
2011;rf;14801113;Centrum, Johanneberg, Södra;SUMMA_RÖSTER;1209;667
2011;rf;14801113;Centrum, Johanneberg, Södra;RÖSTBERÄTTIGADE;1455;1434
2011;rf;14801114;Centrum, Johanneberg, Övre;M;335;215
2011;rf;14801114;Centrum, Johanneberg, Övre;C;66;27
2011;rf;14801114;Centrum, Johanneberg, Övre;L;160;85
2011;rf;14801114;Centrum, Johanneberg, Övre;KD;45;29
2011;rf;14801114;Centrum, Johanneberg, Övre;S;149;132
2011;rf;14801114;Centrum, Johanneberg, Övre;V;106;50
2011;rf;14801114;Centrum, Johanneberg, Övre;MP;192;109
2011;rf;14801114;Centrum, Johanneberg, Övre;SD;54;26
2011;rf;14801114;Centrum, Johanneberg, Övre;FI;12;4
2011;rf;14801114;Centrum, Johanneberg, Övre;VÄGV;16;19
2011;rf;14801114;Centrum, Johanneberg, Övre;PP;6;4
2011;rf;14801114;Centrum, Johanneberg, Övre;SPVG;3;7
2011;rf;14801114;Centrum, Johanneberg, Övre;SVP;1;1
2011;rf;14801114;Centrum, Johanneberg, Övre;K;0;2
2011;rf;14801114;Centrum, Johanneberg, Övre;RS;0;1
2011;rf;14801114;Centrum, Johanneberg, Övre;HANDSKRIVNA;4;1
2011;rf;14801114;Centrum, Johanneberg, Övre;GILTIGA;1152;712
2011;rf;14801114;Centrum, Johanneberg, Övre;BLANK;20;2
2011;rf;14801114;Centrum, Johanneberg, Övre;OG;0;1
2011;rf;14801114;Centrum, Johanneberg, Övre;SUMMA_RÖSTER;1172;715
2011;rf;14801114;Centrum, Johanneberg, Övre;RÖSTBERÄTTIGADE;1501;1569
2011;rf;14801121;Centrum, Landala;M;365;265
2011;rf;14801121;Centrum, Landala;C;46;10
2011;rf;14801121;Centrum, Landala;L;136;72
2011;rf;14801121;Centrum, Landala;KD;62;18
2011;rf;14801121;Centrum, Landala;S;140;110
2011;rf;14801121;Centrum, Landala;V;104;29
2011;rf;14801121;Centrum, Landala;MP;165;71
2011;rf;14801121;Centrum, Landala;SD;53;24
2011;rf;14801121;Centrum, Landala;FI;9;3
2011;rf;14801121;Centrum, Landala;VÄGV;21;18
2011;rf;14801121;Centrum, Landala;PP;5;2
2011;rf;14801121;Centrum, Landala;SPVG;4;8
2011;rf;14801121;Centrum, Landala;K;0;3
2011;rf;14801121;Centrum, Landala;RS;0;2
2011;rf;14801121;Centrum, Landala;HANDSKRIVNA;8;0
2011;rf;14801121;Centrum, Landala;GILTIGA;1118;635
2011;rf;14801121;Centrum, Landala;BLANK;8;2
2011;rf;14801121;Centrum, Landala;OG;0;0
2011;rf;14801121;Centrum, Landala;SUMMA_RÖSTER;1126;637
2011;rf;14801121;Centrum, Landala;RÖSTBERÄTTIGADE;1334;1319
2011;rf;14801131;Centrum, Doktor Forselius gata m fl;M;231;168
2011;rf;14801131;Centrum, Doktor Forselius gata m fl;C;29;19
2011;rf;14801131;Centrum, Doktor Forselius gata m fl;L;92;67
2011;rf;14801131;Centrum, Doktor Forselius gata m fl;KD;62;26
2011;rf;14801131;Centrum, Doktor Forselius gata m fl;S;197;137
2011;rf;14801131;Centrum, Doktor Forselius gata m fl;V;183;71
2011;rf;14801131;Centrum, Doktor Forselius gata m fl;MP;185;94
2011;rf;14801131;Centrum, Doktor Forselius gata m fl;SD;59;17
2011;rf;14801131;Centrum, Doktor Forselius gata m fl;FI;9;2
2011;rf;14801131;Centrum, Doktor Forselius gata m fl;VÄGV;32;47
2011;rf;14801131;Centrum, Doktor Forselius gata m fl;PP;9;4
2011;rf;14801131;Centrum, Doktor Forselius gata m fl;SPVG;5;11
2011;rf;14801131;Centrum, Doktor Forselius gata m fl;K;0;1
2011;rf;14801131;Centrum, Doktor Forselius gata m fl;HANDSKRIVNA;5;0
2011;rf;14801131;Centrum, Doktor Forselius gata m fl;GILTIGA;1107;664
2011;rf;14801131;Centrum, Doktor Forselius gata m fl;BLANK;19;6
2011;rf;14801131;Centrum, Doktor Forselius gata m fl;OG;1;0
2011;rf;14801131;Centrum, Doktor Forselius gata m fl;SUMMA_RÖSTER;1127;670
2011;rf;14801131;Centrum, Doktor Forselius gata m fl;RÖSTBERÄTTIGADE;1373;1241
2011;rf;14801132;Centrum, Guldheden vattentornet;M;238;170
2011;rf;14801132;Centrum, Guldheden vattentornet;C;32;20
2011;rf;14801132;Centrum, Guldheden vattentornet;L;99;58
2011;rf;14801132;Centrum, Guldheden vattentornet;KD;48;20
2011;rf;14801132;Centrum, Guldheden vattentornet;S;287;184
2011;rf;14801132;Centrum, Guldheden vattentornet;V;247;96
2011;rf;14801132;Centrum, Guldheden vattentornet;MP;246;136
2011;rf;14801132;Centrum, Guldheden vattentornet;SD;112;52
2011;rf;14801132;Centrum, Guldheden vattentornet;FI;8;2
2011;rf;14801132;Centrum, Guldheden vattentornet;VÄGV;25;24
2011;rf;14801132;Centrum, Guldheden vattentornet;PP;16;8
2011;rf;14801132;Centrum, Guldheden vattentornet;SPVG;11;11
2011;rf;14801132;Centrum, Guldheden vattentornet;K;0;2
2011;rf;14801132;Centrum, Guldheden vattentornet;SVP;0;1
2011;rf;14801132;Centrum, Guldheden vattentornet;HANDSKRIVNA;13;0
2011;rf;14801132;Centrum, Guldheden vattentornet;GILTIGA;1385;784
2011;rf;14801132;Centrum, Guldheden vattentornet;BLANK;18;8
2011;rf;14801132;Centrum, Guldheden vattentornet;OG;0;1
2011;rf;14801132;Centrum, Guldheden vattentornet;SUMMA_RÖSTER;1403;793
2011;rf;14801132;Centrum, Guldheden vattentornet;RÖSTBERÄTTIGADE;1727;1540
2011;rf;14801133;Centrum, Guldheden, Centrala;M;134;107
2011;rf;14801133;Centrum, Guldheden, Centrala;C;31;9
2011;rf;14801133;Centrum, Guldheden, Centrala;L;65;39
2011;rf;14801133;Centrum, Guldheden, Centrala;KD;37;12
2011;rf;14801133;Centrum, Guldheden, Centrala;S;204;158
2011;rf;14801133;Centrum, Guldheden, Centrala;V;186;95
2011;rf;14801133;Centrum, Guldheden, Centrala;MP;181;98
2011;rf;14801133;Centrum, Guldheden, Centrala;SD;68;37
2011;rf;14801133;Centrum, Guldheden, Centrala;FI;11;6
2011;rf;14801133;Centrum, Guldheden, Centrala;VÄGV;13;26
2011;rf;14801133;Centrum, Guldheden, Centrala;PP;9;4
2011;rf;14801133;Centrum, Guldheden, Centrala;SPVG;8;11
2011;rf;14801133;Centrum, Guldheden, Centrala;RS;1;1
2011;rf;14801133;Centrum, Guldheden, Centrala;K;0;4
2011;rf;14801133;Centrum, Guldheden, Centrala;HANDSKRIVNA;10;0
2011;rf;14801133;Centrum, Guldheden, Centrala;GILTIGA;960;607
2011;rf;14801133;Centrum, Guldheden, Centrala;BLANK;13;5
2011;rf;14801133;Centrum, Guldheden, Centrala;OG;1;1
2011;rf;14801133;Centrum, Guldheden, Centrala;SUMMA_RÖSTER;974;613
2011;rf;14801133;Centrum, Guldheden, Centrala;RÖSTBERÄTTIGADE;1205;1181
2011;rf;14801134;Centrum, Guldheden, Norra;M;308;274
2011;rf;14801134;Centrum, Guldheden, Norra;C;63;45
2011;rf;14801134;Centrum, Guldheden, Norra;L;196;124
2011;rf;14801134;Centrum, Guldheden, Norra;KD;66;33
2011;rf;14801134;Centrum, Guldheden, Norra;S;162;116
2011;rf;14801134;Centrum, Guldheden, Norra;V;146;77
2011;rf;14801134;Centrum, Guldheden, Norra;MP;232;118
2011;rf;14801134;Centrum, Guldheden, Norra;SD;48;24
2011;rf;14801134;Centrum, Guldheden, Norra;FI;12;4
2011;rf;14801134;Centrum, Guldheden, Norra;VÄGV;19;19
2011;rf;14801134;Centrum, Guldheden, Norra;SPVG;7;13
2011;rf;14801134;Centrum, Guldheden, Norra;PP;3;5
2011;rf;14801134;Centrum, Guldheden, Norra;RS;2;1
2011;rf;14801134;Centrum, Guldheden, Norra;K;0;4
2011;rf;14801134;Centrum, Guldheden, Norra;HANDSKRIVNA;0;2
2011;rf;14801134;Centrum, Guldheden, Norra;GILTIGA;1265;859
2011;rf;14801134;Centrum, Guldheden, Norra;BLANK;9;3
2011;rf;14801134;Centrum, Guldheden, Norra;OG;1;0
2011;rf;14801134;Centrum, Guldheden, Norra;SUMMA_RÖSTER;1275;862
2011;rf;14801134;Centrum, Guldheden, Norra;RÖSTBERÄTTIGADE;1463;1444
2011;rf;14801135;Centrum, Guldheden, Södra;M;150;145
2011;rf;14801135;Centrum, Guldheden, Södra;C;45;21
2011;rf;14801135;Centrum, Guldheden, Södra;L;101;60
2011;rf;14801135;Centrum, Guldheden, Södra;KD;59;34
2011;rf;14801135;Centrum, Guldheden, Södra;S;227;154
2011;rf;14801135;Centrum, Guldheden, Södra;V;180;84
2011;rf;14801135;Centrum, Guldheden, Södra;MP;217;98
2011;rf;14801135;Centrum, Guldheden, Södra;SD;63;33
2011;rf;14801135;Centrum, Guldheden, Södra;VÄGV;15;31
2011;rf;14801135;Centrum, Guldheden, Södra;PP;6;9
2011;rf;14801135;Centrum, Guldheden, Södra;SPVG;2;15
2011;rf;14801135;Centrum, Guldheden, Södra;K;0;5
2011;rf;14801135;Centrum, Guldheden, Södra;HANDSKRIVNA;7;0
2011;rf;14801135;Centrum, Guldheden, Södra;GILTIGA;1090;689
2011;rf;14801135;Centrum, Guldheden, Södra;BLANK;12;9
2011;rf;14801135;Centrum, Guldheden, Södra;OG;0;0
2011;rf;14801135;Centrum, Guldheden, Södra;SUMMA_RÖSTER;1102;698
2011;rf;14801135;Centrum, Guldheden, Södra;RÖSTBERÄTTIGADE;1323;1287
2011;rf;14801136;Centrum, Landala Egnahem;M;244;185
2011;rf;14801136;Centrum, Landala Egnahem;C;55;31
2011;rf;14801136;Centrum, Landala Egnahem;L;126;79
2011;rf;14801136;Centrum, Landala Egnahem;KD;59;18
2011;rf;14801136;Centrum, Landala Egnahem;S;174;126
2011;rf;14801136;Centrum, Landala Egnahem;V;166;76
2011;rf;14801136;Centrum, Landala Egnahem;MP;189;112
2011;rf;14801136;Centrum, Landala Egnahem;SD;49;21
2011;rf;14801136;Centrum, Landala Egnahem;FI;7;2
2011;rf;14801136;Centrum, Landala Egnahem;VÄGV;24;16
2011;rf;14801136;Centrum, Landala Egnahem;PP;8;5
2011;rf;14801136;Centrum, Landala Egnahem;SPVG;2;20
2011;rf;14801136;Centrum, Landala Egnahem;K;0;1
2011;rf;14801136;Centrum, Landala Egnahem;HANDSKRIVNA;6;1
2011;rf;14801136;Centrum, Landala Egnahem;GILTIGA;1111;693
2011;rf;14801136;Centrum, Landala Egnahem;BLANK;9;7
2011;rf;14801136;Centrum, Landala Egnahem;OG;0;0
2011;rf;14801136;Centrum, Landala Egnahem;SUMMA_RÖSTER;1120;700
2011;rf;14801136;Centrum, Landala Egnahem;RÖSTBERÄTTIGADE;1310;1286
2011;rf;14801141;Centrum, Lorensberg;M;664;480
2011;rf;14801141;Centrum, Lorensberg;C;42;13
2011;rf;14801141;Centrum, Lorensberg;L;198;85
2011;rf;14801141;Centrum, Lorensberg;KD;62;22
2011;rf;14801141;Centrum, Lorensberg;S;120;77
2011;rf;14801141;Centrum, Lorensberg;V;78;37
2011;rf;14801141;Centrum, Lorensberg;MP;103;44
2011;rf;14801141;Centrum, Lorensberg;SD;75;29
2011;rf;14801141;Centrum, Lorensberg;FI;6;4
2011;rf;14801141;Centrum, Lorensberg;VÄGV;27;30
2011;rf;14801141;Centrum, Lorensberg;PP;6;2
2011;rf;14801141;Centrum, Lorensberg;SPVG;6;12
2011;rf;14801141;Centrum, Lorensberg;HANDSKRIVNA;3;0
2011;rf;14801141;Centrum, Lorensberg;GILTIGA;1391;835
2011;rf;14801141;Centrum, Lorensberg;BLANK;11;1
2011;rf;14801141;Centrum, Lorensberg;OG;3;0
2011;rf;14801141;Centrum, Lorensberg;SUMMA_RÖSTER;1405;836
2011;rf;14801141;Centrum, Lorensberg;RÖSTBERÄTTIGADE;1661;1554
2011;rf;14801151;Centrum, Valand;M;392;271
2011;rf;14801151;Centrum, Valand;C;38;7
2011;rf;14801151;Centrum, Valand;L;104;55
2011;rf;14801151;Centrum, Valand;KD;59;20
2011;rf;14801151;Centrum, Valand;S;93;67
2011;rf;14801151;Centrum, Valand;V;71;27
2011;rf;14801151;Centrum, Valand;MP;86;44
2011;rf;14801151;Centrum, Valand;SD;54;25
2011;rf;14801151;Centrum, Valand;FI;4;1
2011;rf;14801151;Centrum, Valand;VÄGV;32;9
2011;rf;14801151;Centrum, Valand;SPVG;5;10
2011;rf;14801151;Centrum, Valand;PP;3;6
2011;rf;14801151;Centrum, Valand;HANDSKRIVNA;7;0
2011;rf;14801151;Centrum, Valand;GILTIGA;950;542
2011;rf;14801151;Centrum, Valand;BLANK;10;1
2011;rf;14801151;Centrum, Valand;OG;0;0
2011;rf;14801151;Centrum, Valand;SUMMA_RÖSTER;960;543
2011;rf;14801151;Centrum, Valand;RÖSTBERÄTTIGADE;1169;1134
2011;rf;14801152;Centrum, Vasastaden, Norra;M;457;269
2011;rf;14801152;Centrum, Vasastaden, Norra;C;45;11
2011;rf;14801152;Centrum, Vasastaden, Norra;L;117;82
2011;rf;14801152;Centrum, Vasastaden, Norra;KD;81;36
2011;rf;14801152;Centrum, Vasastaden, Norra;S;157;101
2011;rf;14801152;Centrum, Vasastaden, Norra;V;106;48
2011;rf;14801152;Centrum, Vasastaden, Norra;MP;153;81
2011;rf;14801152;Centrum, Vasastaden, Norra;SD;61;19
2011;rf;14801152;Centrum, Vasastaden, Norra;FI;11;2
2011;rf;14801152;Centrum, Vasastaden, Norra;VÄGV;13;28
2011;rf;14801152;Centrum, Vasastaden, Norra;PP;8;4
2011;rf;14801152;Centrum, Vasastaden, Norra;SPVG;2;8
2011;rf;14801152;Centrum, Vasastaden, Norra;K;0;3
2011;rf;14801152;Centrum, Vasastaden, Norra;HANDSKRIVNA;3;1
2011;rf;14801152;Centrum, Vasastaden, Norra;GILTIGA;1220;693
2011;rf;14801152;Centrum, Vasastaden, Norra;BLANK;3;7
2011;rf;14801152;Centrum, Vasastaden, Norra;OG;0;1
2011;rf;14801152;Centrum, Vasastaden, Norra;SUMMA_RÖSTER;1223;701
2011;rf;14801152;Centrum, Vasastaden, Norra;RÖSTBERÄTTIGADE;1517;1556
2011;rf;14801153;Centrum, Vasastaden, Södra;M;543;364
2011;rf;14801153;Centrum, Vasastaden, Södra;C;56;26
2011;rf;14801153;Centrum, Vasastaden, Södra;L;166;93
2011;rf;14801153;Centrum, Vasastaden, Södra;KD;83;42
2011;rf;14801153;Centrum, Vasastaden, Södra;S;170;139
2011;rf;14801153;Centrum, Vasastaden, Södra;V;127;62
2011;rf;14801153;Centrum, Vasastaden, Södra;MP;164;103
2011;rf;14801153;Centrum, Vasastaden, Södra;SD;47;28
2011;rf;14801153;Centrum, Vasastaden, Södra;FI;7;4
2011;rf;14801153;Centrum, Vasastaden, Södra;VÄGV;32;26
2011;rf;14801153;Centrum, Vasastaden, Södra;PP;5;1
2011;rf;14801153;Centrum, Vasastaden, Södra;SPVG;4;9
2011;rf;14801153;Centrum, Vasastaden, Södra;K;0;2
2011;rf;14801153;Centrum, Vasastaden, Södra;HANDSKRIVNA;3;1
2011;rf;14801153;Centrum, Vasastaden, Södra;GILTIGA;1411;900
2011;rf;14801153;Centrum, Vasastaden, Södra;BLANK;19;4
2011;rf;14801153;Centrum, Vasastaden, Södra;OG;1;0
2011;rf;14801153;Centrum, Vasastaden, Södra;SUMMA_RÖSTER;1431;904
2011;rf;14801153;Centrum, Vasastaden, Södra;RÖSTBERÄTTIGADE;1721;1663
2011;rf;14801154;Centrum, Vasastaden, Östra;M;594;352
2011;rf;14801154;Centrum, Vasastaden, Östra;C;44;17
2011;rf;14801154;Centrum, Vasastaden, Östra;L;107;73
2011;rf;14801154;Centrum, Vasastaden, Östra;KD;48;19
2011;rf;14801154;Centrum, Vasastaden, Östra;S;124;94
2011;rf;14801154;Centrum, Vasastaden, Östra;V;71;41
2011;rf;14801154;Centrum, Vasastaden, Östra;MP;105;53
2011;rf;14801154;Centrum, Vasastaden, Östra;SD;70;36
2011;rf;14801154;Centrum, Vasastaden, Östra;FI;4;3
2011;rf;14801154;Centrum, Vasastaden, Östra;VÄGV;24;26
2011;rf;14801154;Centrum, Vasastaden, Östra;PP;8;1
2011;rf;14801154;Centrum, Vasastaden, Östra;K;0;1
2011;rf;14801154;Centrum, Vasastaden, Östra;RS;0;1
2011;rf;14801154;Centrum, Vasastaden, Östra;SPVG;0;9
2011;rf;14801154;Centrum, Vasastaden, Östra;HANDSKRIVNA;7;0
2011;rf;14801154;Centrum, Vasastaden, Östra;GILTIGA;1206;726
2011;rf;14801154;Centrum, Vasastaden, Östra;BLANK;7;1
2011;rf;14801154;Centrum, Vasastaden, Östra;OG;1;0
2011;rf;14801154;Centrum, Vasastaden, Östra;SUMMA_RÖSTER;1214;727
2011;rf;14801154;Centrum, Vasastaden, Östra;RÖSTBERÄTTIGADE;1492;1524
2011;rf;14801161;Centrum, Inom Vallgraven;M;541;304
2011;rf;14801161;Centrum, Inom Vallgraven;C;49;20
2011;rf;14801161;Centrum, Inom Vallgraven;L;168;92
2011;rf;14801161;Centrum, Inom Vallgraven;KD;71;22
2011;rf;14801161;Centrum, Inom Vallgraven;S;181;118
2011;rf;14801161;Centrum, Inom Vallgraven;V;135;57
2011;rf;14801161;Centrum, Inom Vallgraven;MP;178;102
2011;rf;14801161;Centrum, Inom Vallgraven;SD;62;29
2011;rf;14801161;Centrum, Inom Vallgraven;FI;9;2
2011;rf;14801161;Centrum, Inom Vallgraven;VÄGV;31;28
2011;rf;14801161;Centrum, Inom Vallgraven;PP;6;1
2011;rf;14801161;Centrum, Inom Vallgraven;SPVG;1;4
2011;rf;14801161;Centrum, Inom Vallgraven;HANDSKRIVNA;7;1
2011;rf;14801161;Centrum, Inom Vallgraven;GILTIGA;1443;780
2011;rf;14801161;Centrum, Inom Vallgraven;BLANK;15;1
2011;rf;14801161;Centrum, Inom Vallgraven;OG;2;0
2011;rf;14801161;Centrum, Inom Vallgraven;SUMMA_RÖSTER;1460;781
2011;rf;14801161;Centrum, Inom Vallgraven;RÖSTBERÄTTIGADE;1811;1698
2011;rf;14801162;Centrum, Nordstan-Otterhällan;M;427;238
2011;rf;14801162;Centrum, Nordstan-Otterhällan;C;61;21
2011;rf;14801162;Centrum, Nordstan-Otterhällan;L;137;81
2011;rf;14801162;Centrum, Nordstan-Otterhällan;KD;66;26
2011;rf;14801162;Centrum, Nordstan-Otterhällan;S;242;135
2011;rf;14801162;Centrum, Nordstan-Otterhällan;V;173;85
2011;rf;14801162;Centrum, Nordstan-Otterhällan;MP;176;115
2011;rf;14801162;Centrum, Nordstan-Otterhällan;SD;81;45
2011;rf;14801162;Centrum, Nordstan-Otterhällan;FI;11;1
2011;rf;14801162;Centrum, Nordstan-Otterhällan;VÄGV;31;28
2011;rf;14801162;Centrum, Nordstan-Otterhällan;PP;8;2
2011;rf;14801162;Centrum, Nordstan-Otterhällan;SPVG;5;11
2011;rf;14801162;Centrum, Nordstan-Otterhällan;K;0;5
2011;rf;14801162;Centrum, Nordstan-Otterhällan;HANDSKRIVNA;3;0
2011;rf;14801162;Centrum, Nordstan-Otterhällan;GILTIGA;1423;793
2011;rf;14801162;Centrum, Nordstan-Otterhällan;BLANK;16;4
2011;rf;14801162;Centrum, Nordstan-Otterhällan;OG;0;0
2011;rf;14801162;Centrum, Nordstan-Otterhällan;SUMMA_RÖSTER;1439;797
2011;rf;14801162;Centrum, Nordstan-Otterhällan;RÖSTBERÄTTIGADE;1787;1709
2011;rf;14801171;Centrum, Friggagatan-Stampen;M;337;199
2011;rf;14801171;Centrum, Friggagatan-Stampen;C;47;22
2011;rf;14801171;Centrum, Friggagatan-Stampen;L;113;54
2011;rf;14801171;Centrum, Friggagatan-Stampen;KD;57;18
2011;rf;14801171;Centrum, Friggagatan-Stampen;S;227;136
2011;rf;14801171;Centrum, Friggagatan-Stampen;V;151;47
2011;rf;14801171;Centrum, Friggagatan-Stampen;MP;122;60
2011;rf;14801171;Centrum, Friggagatan-Stampen;SD;82;37
2011;rf;14801171;Centrum, Friggagatan-Stampen;FI;5;3
2011;rf;14801171;Centrum, Friggagatan-Stampen;VÄGV;18;21
2011;rf;14801171;Centrum, Friggagatan-Stampen;SPVG;4;15
2011;rf;14801171;Centrum, Friggagatan-Stampen;PP;1;3
2011;rf;14801171;Centrum, Friggagatan-Stampen;K;0;3
2011;rf;14801171;Centrum, Friggagatan-Stampen;HANDSKRIVNA;4;0
2011;rf;14801171;Centrum, Friggagatan-Stampen;GILTIGA;1172;618
2011;rf;14801171;Centrum, Friggagatan-Stampen;BLANK;16;3
2011;rf;14801171;Centrum, Friggagatan-Stampen;OG;0;0
2011;rf;14801171;Centrum, Friggagatan-Stampen;SUMMA_RÖSTER;1188;621
2011;rf;14801171;Centrum, Friggagatan-Stampen;RÖSTBERÄTTIGADE;1447;1472
2011;rf;14801174;Centrum, Odinsgatan-Stampen;M;361;226
2011;rf;14801174;Centrum, Odinsgatan-Stampen;C;45;20
2011;rf;14801174;Centrum, Odinsgatan-Stampen;L;154;70
2011;rf;14801174;Centrum, Odinsgatan-Stampen;KD;55;18
2011;rf;14801174;Centrum, Odinsgatan-Stampen;S;252;158
2011;rf;14801174;Centrum, Odinsgatan-Stampen;V;129;39
2011;rf;14801174;Centrum, Odinsgatan-Stampen;MP;153;67
2011;rf;14801174;Centrum, Odinsgatan-Stampen;SD;91;33
2011;rf;14801174;Centrum, Odinsgatan-Stampen;FI;5;1
2011;rf;14801174;Centrum, Odinsgatan-Stampen;VÄGV;30;18
2011;rf;14801174;Centrum, Odinsgatan-Stampen;SPVG;10;6
2011;rf;14801174;Centrum, Odinsgatan-Stampen;PP;7;3
2011;rf;14801174;Centrum, Odinsgatan-Stampen;K;0;6
2011;rf;14801174;Centrum, Odinsgatan-Stampen;RS;0;1
2011;rf;14801174;Centrum, Odinsgatan-Stampen;HANDSKRIVNA;4;0
2011;rf;14801174;Centrum, Odinsgatan-Stampen;GILTIGA;1296;666
2011;rf;14801174;Centrum, Odinsgatan-Stampen;BLANK;22;7
2011;rf;14801174;Centrum, Odinsgatan-Stampen;OG;0;0
2011;rf;14801174;Centrum, Odinsgatan-Stampen;SUMMA_RÖSTER;1318;673
2011;rf;14801174;Centrum, Odinsgatan-Stampen;RÖSTBERÄTTIGADE;1628;1587
2011;rf;14802012;Örgryte-Härlanda, Olskroken;M;209;128
2011;rf;14802012;Örgryte-Härlanda, Olskroken;C;18;9
2011;rf;14802012;Örgryte-Härlanda, Olskroken;L;57;27
2011;rf;14802012;Örgryte-Härlanda, Olskroken;KD;29;6
2011;rf;14802012;Örgryte-Härlanda, Olskroken;S;342;232
2011;rf;14802012;Örgryte-Härlanda, Olskroken;V;139;58
2011;rf;14802012;Örgryte-Härlanda, Olskroken;MP;114;46
2011;rf;14802012;Örgryte-Härlanda, Olskroken;SD;83;32
2011;rf;14802012;Örgryte-Härlanda, Olskroken;FI;8;2
2011;rf;14802012;Örgryte-Härlanda, Olskroken;VÄGV;17;24
2011;rf;14802012;Örgryte-Härlanda, Olskroken;PP;5;4
2011;rf;14802012;Örgryte-Härlanda, Olskroken;SPVG;5;17
2011;rf;14802012;Örgryte-Härlanda, Olskroken;HANDSKRIVNA;5;0
2011;rf;14802012;Örgryte-Härlanda, Olskroken;GILTIGA;1035;585
2011;rf;14802012;Örgryte-Härlanda, Olskroken;BLANK;15;5
2011;rf;14802012;Örgryte-Härlanda, Olskroken;OG;0;1
2011;rf;14802012;Örgryte-Härlanda, Olskroken;SUMMA_RÖSTER;1050;591
2011;rf;14802012;Örgryte-Härlanda, Olskroken;RÖSTBERÄTTIGADE;1377;1364
2011;rf;14802021;Örgryte-Härlanda, Bagaregården;M;190;101
2011;rf;14802021;Örgryte-Härlanda, Bagaregården;C;36;12
2011;rf;14802021;Örgryte-Härlanda, Bagaregården;L;76;45
2011;rf;14802021;Örgryte-Härlanda, Bagaregården;KD;27;12
2011;rf;14802021;Örgryte-Härlanda, Bagaregården;S;149;128
2011;rf;14802021;Örgryte-Härlanda, Bagaregården;V;142;59
2011;rf;14802021;Örgryte-Härlanda, Bagaregården;MP;173;82
2011;rf;14802021;Örgryte-Härlanda, Bagaregården;SD;35;25
2011;rf;14802021;Örgryte-Härlanda, Bagaregården;FI;14;3
2011;rf;14802021;Örgryte-Härlanda, Bagaregården;VÄGV;15;14
2011;rf;14802021;Örgryte-Härlanda, Bagaregården;PP;5;3
2011;rf;14802021;Örgryte-Härlanda, Bagaregården;SPVG;4;9
2011;rf;14802021;Örgryte-Härlanda, Bagaregården;K;0;3
2011;rf;14802021;Örgryte-Härlanda, Bagaregården;HANDSKRIVNA;5;1
2011;rf;14802021;Örgryte-Härlanda, Bagaregården;GILTIGA;872;497
2011;rf;14802021;Örgryte-Härlanda, Bagaregården;BLANK;14;2
2011;rf;14802021;Örgryte-Härlanda, Bagaregården;OG;1;1
2011;rf;14802021;Örgryte-Härlanda, Bagaregården;SUMMA_RÖSTER;887;500
2011;rf;14802021;Örgryte-Härlanda, Bagaregården;RÖSTBERÄTTIGADE;1049;1023
2011;rf;14802022;Örgryte-Härlanda, Ånäs;M;209;110
2011;rf;14802022;Örgryte-Härlanda, Ånäs;C;35;12
2011;rf;14802022;Örgryte-Härlanda, Ånäs;L;78;43
2011;rf;14802022;Örgryte-Härlanda, Ånäs;KD;46;13
2011;rf;14802022;Örgryte-Härlanda, Ånäs;S;174;129
2011;rf;14802022;Örgryte-Härlanda, Ånäs;V;133;56
2011;rf;14802022;Örgryte-Härlanda, Ånäs;MP;190;102
2011;rf;14802022;Örgryte-Härlanda, Ånäs;SD;47;11
2011;rf;14802022;Örgryte-Härlanda, Ånäs;FI;9;4
2011;rf;14802022;Örgryte-Härlanda, Ånäs;VÄGV;24;19
2011;rf;14802022;Örgryte-Härlanda, Ånäs;PP;7;1
2011;rf;14802022;Örgryte-Härlanda, Ånäs;SPVG;5;16
2011;rf;14802022;Örgryte-Härlanda, Ånäs;K;0;4
2011;rf;14802022;Örgryte-Härlanda, Ånäs;HANDSKRIVNA;6;0
2011;rf;14802022;Örgryte-Härlanda, Ånäs;GILTIGA;965;520
2011;rf;14802022;Örgryte-Härlanda, Ånäs;BLANK;10;7
2011;rf;14802022;Örgryte-Härlanda, Ånäs;OG;1;0
2011;rf;14802022;Örgryte-Härlanda, Ånäs;SUMMA_RÖSTER;976;527
2011;rf;14802022;Örgryte-Härlanda, Ånäs;RÖSTBERÄTTIGADE;1183;1144
2011;rf;14802031;Örgryte-Härlanda, Redbergslid;M;284;154
2011;rf;14802031;Örgryte-Härlanda, Redbergslid;C;64;21
2011;rf;14802031;Örgryte-Härlanda, Redbergslid;L;121;54
2011;rf;14802031;Örgryte-Härlanda, Redbergslid;KD;45;20
2011;rf;14802031;Örgryte-Härlanda, Redbergslid;S;301;184
2011;rf;14802031;Örgryte-Härlanda, Redbergslid;V;187;69
2011;rf;14802031;Örgryte-Härlanda, Redbergslid;MP;214;116
2011;rf;14802031;Örgryte-Härlanda, Redbergslid;SD;76;49
2011;rf;14802031;Örgryte-Härlanda, Redbergslid;FI;9;3
2011;rf;14802031;Örgryte-Härlanda, Redbergslid;VÄGV;23;22
2011;rf;14802031;Örgryte-Härlanda, Redbergslid;SPVG;17;19
2011;rf;14802031;Örgryte-Härlanda, Redbergslid;PP;6;3
2011;rf;14802031;Örgryte-Härlanda, Redbergslid;SVP;1;1
2011;rf;14802031;Örgryte-Härlanda, Redbergslid;K;0;7
2011;rf;14802031;Örgryte-Härlanda, Redbergslid;HANDSKRIVNA;8;1
2011;rf;14802031;Örgryte-Härlanda, Redbergslid;GILTIGA;1362;723
2011;rf;14802031;Örgryte-Härlanda, Redbergslid;BLANK;23;9
2011;rf;14802031;Örgryte-Härlanda, Redbergslid;OG;0;0
2011;rf;14802031;Örgryte-Härlanda, Redbergslid;SUMMA_RÖSTER;1385;732
2011;rf;14802031;Örgryte-Härlanda, Redbergslid;RÖSTBERÄTTIGADE;1709;1521
2011;rf;14802032;Örgryte-Härlanda, Strömmensberg;M;227;148
2011;rf;14802032;Örgryte-Härlanda, Strömmensberg;C;41;13
2011;rf;14802032;Örgryte-Härlanda, Strömmensberg;L;99;40
2011;rf;14802032;Örgryte-Härlanda, Strömmensberg;KD;43;19
2011;rf;14802032;Örgryte-Härlanda, Strömmensberg;S;205;186
2011;rf;14802032;Örgryte-Härlanda, Strömmensberg;V;156;62
2011;rf;14802032;Örgryte-Härlanda, Strömmensberg;MP;178;108
2011;rf;14802032;Örgryte-Härlanda, Strömmensberg;SD;66;25
2011;rf;14802032;Örgryte-Härlanda, Strömmensberg;FI;20;3
2011;rf;14802032;Örgryte-Härlanda, Strömmensberg;VÄGV;17;29
2011;rf;14802032;Örgryte-Härlanda, Strömmensberg;SPVG;8;13
2011;rf;14802032;Örgryte-Härlanda, Strömmensberg;PP;5;3
2011;rf;14802032;Örgryte-Härlanda, Strömmensberg;HANDSKRIVNA;5;1
2011;rf;14802032;Örgryte-Härlanda, Strömmensberg;GILTIGA;1072;650
2011;rf;14802032;Örgryte-Härlanda, Strömmensberg;BLANK;20;5
2011;rf;14802032;Örgryte-Härlanda, Strömmensberg;OG;0;0
2011;rf;14802032;Örgryte-Härlanda, Strömmensberg;SUMMA_RÖSTER;1092;655
2011;rf;14802032;Örgryte-Härlanda, Strömmensberg;RÖSTBERÄTTIGADE;1404;1407
2011;rf;14802051;Örgryte-Härlanda, Jakobsdal;M;461;305
2011;rf;14802051;Örgryte-Härlanda, Jakobsdal;C;57;17
2011;rf;14802051;Örgryte-Härlanda, Jakobsdal;L;143;79
2011;rf;14802051;Örgryte-Härlanda, Jakobsdal;KD;62;41
2011;rf;14802051;Örgryte-Härlanda, Jakobsdal;S;128;66
2011;rf;14802051;Örgryte-Härlanda, Jakobsdal;V;61;34
2011;rf;14802051;Örgryte-Härlanda, Jakobsdal;MP;135;55
2011;rf;14802051;Örgryte-Härlanda, Jakobsdal;SD;59;27
2011;rf;14802051;Örgryte-Härlanda, Jakobsdal;FI;7;1
2011;rf;14802051;Örgryte-Härlanda, Jakobsdal;VÄGV;30;46
2011;rf;14802051;Örgryte-Härlanda, Jakobsdal;PP;8;1
2011;rf;14802051;Örgryte-Härlanda, Jakobsdal;SPVG;1;8
2011;rf;14802051;Örgryte-Härlanda, Jakobsdal;K;0;1
2011;rf;14802051;Örgryte-Härlanda, Jakobsdal;HANDSKRIVNA;3;0
2011;rf;14802051;Örgryte-Härlanda, Jakobsdal;GILTIGA;1157;681
2011;rf;14802051;Örgryte-Härlanda, Jakobsdal;BLANK;13;5
2011;rf;14802051;Örgryte-Härlanda, Jakobsdal;OG;1;0
2011;rf;14802051;Örgryte-Härlanda, Jakobsdal;SUMMA_RÖSTER;1171;686
2011;rf;14802051;Örgryte-Härlanda, Jakobsdal;RÖSTBERÄTTIGADE;1377;1330
2011;rf;14802052;Örgryte-Härlanda, Skår, Norra;M;459;377
2011;rf;14802052;Örgryte-Härlanda, Skår, Norra;C;36;17
2011;rf;14802052;Örgryte-Härlanda, Skår, Norra;L;147;101
2011;rf;14802052;Örgryte-Härlanda, Skår, Norra;KD;72;33
2011;rf;14802052;Örgryte-Härlanda, Skår, Norra;S;67;30
2011;rf;14802052;Örgryte-Härlanda, Skår, Norra;V;30;19
2011;rf;14802052;Örgryte-Härlanda, Skår, Norra;MP;60;39
2011;rf;14802052;Örgryte-Härlanda, Skår, Norra;SD;36;14
2011;rf;14802052;Örgryte-Härlanda, Skår, Norra;VÄGV;23;53
2011;rf;14802052;Örgryte-Härlanda, Skår, Norra;PP;3;2
2011;rf;14802052;Örgryte-Härlanda, Skår, Norra;SPVG;2;5
2011;rf;14802052;Örgryte-Härlanda, Skår, Norra;HANDSKRIVNA;4;1
2011;rf;14802052;Örgryte-Härlanda, Skår, Norra;GILTIGA;943;691
2011;rf;14802052;Örgryte-Härlanda, Skår, Norra;BLANK;6;2
2011;rf;14802052;Örgryte-Härlanda, Skår, Norra;OG;1;0
2011;rf;14802052;Örgryte-Härlanda, Skår, Norra;SUMMA_RÖSTER;950;693
2011;rf;14802052;Örgryte-Härlanda, Skår, Norra;RÖSTBERÄTTIGADE;1082;1103
2011;rf;14802053;Örgryte-Härlanda, Skår, Södra;M;508;368
2011;rf;14802053;Örgryte-Härlanda, Skår, Södra;C;45;20
2011;rf;14802053;Örgryte-Härlanda, Skår, Södra;L;143;102
2011;rf;14802053;Örgryte-Härlanda, Skår, Södra;KD;62;26
2011;rf;14802053;Örgryte-Härlanda, Skår, Södra;S;66;45
2011;rf;14802053;Örgryte-Härlanda, Skår, Södra;V;36;19
2011;rf;14802053;Örgryte-Härlanda, Skår, Södra;MP;114;37
2011;rf;14802053;Örgryte-Härlanda, Skår, Södra;SD;30;18
2011;rf;14802053;Örgryte-Härlanda, Skår, Södra;FI;8;1
2011;rf;14802053;Örgryte-Härlanda, Skår, Södra;VÄGV;32;66
2011;rf;14802053;Örgryte-Härlanda, Skår, Södra;SPVG;6;10
2011;rf;14802053;Örgryte-Härlanda, Skår, Södra;PP;4;0
2011;rf;14802053;Örgryte-Härlanda, Skår, Södra;HANDSKRIVNA;1;0
2011;rf;14802053;Örgryte-Härlanda, Skår, Södra;GILTIGA;1055;712
2011;rf;14802053;Örgryte-Härlanda, Skår, Södra;BLANK;8;2
2011;rf;14802053;Örgryte-Härlanda, Skår, Södra;OG;1;0
2011;rf;14802053;Örgryte-Härlanda, Skår, Södra;SUMMA_RÖSTER;1064;714
2011;rf;14802053;Örgryte-Härlanda, Skår, Södra;RÖSTBERÄTTIGADE;1226;1172
2011;rf;14802061;Örgryte-Härlanda, Bö;M;333;226
2011;rf;14802061;Örgryte-Härlanda, Bö;C;31;15
2011;rf;14802061;Örgryte-Härlanda, Bö;L;130;91
2011;rf;14802061;Örgryte-Härlanda, Bö;KD;65;26
2011;rf;14802061;Örgryte-Härlanda, Bö;S;88;83
2011;rf;14802061;Örgryte-Härlanda, Bö;V;52;26
2011;rf;14802061;Örgryte-Härlanda, Bö;MP;91;54
2011;rf;14802061;Örgryte-Härlanda, Bö;SD;35;11
2011;rf;14802061;Örgryte-Härlanda, Bö;VÄGV;23;22
2011;rf;14802061;Örgryte-Härlanda, Bö;PP;4;3
2011;rf;14802061;Örgryte-Härlanda, Bö;SPVG;2;10
2011;rf;14802061;Örgryte-Härlanda, Bö;HANDSKRIVNA;1;0
2011;rf;14802061;Örgryte-Härlanda, Bö;GILTIGA;863;567
2011;rf;14802061;Örgryte-Härlanda, Bö;BLANK;10;2
2011;rf;14802061;Örgryte-Härlanda, Bö;OG;1;0
2011;rf;14802061;Örgryte-Härlanda, Bö;SUMMA_RÖSTER;874;569
2011;rf;14802061;Örgryte-Härlanda, Bö;RÖSTBERÄTTIGADE;983;941
2011;rf;14802062;Örgryte-Härlanda, Örgryte;M;406;321
2011;rf;14802062;Örgryte-Härlanda, Örgryte;C;21;14
2011;rf;14802062;Örgryte-Härlanda, Örgryte;L;123;62
2011;rf;14802062;Örgryte-Härlanda, Örgryte;KD;55;31
2011;rf;14802062;Örgryte-Härlanda, Örgryte;S;61;48
2011;rf;14802062;Örgryte-Härlanda, Örgryte;V;44;15
2011;rf;14802062;Örgryte-Härlanda, Örgryte;MP;61;35
2011;rf;14802062;Örgryte-Härlanda, Örgryte;SD;28;11
2011;rf;14802062;Örgryte-Härlanda, Örgryte;VÄGV;19;17
2011;rf;14802062;Örgryte-Härlanda, Örgryte;SPVG;4;3
2011;rf;14802062;Örgryte-Härlanda, Örgryte;PP;2;1
2011;rf;14802062;Örgryte-Härlanda, Örgryte;HANDSKRIVNA;4;0
2011;rf;14802062;Örgryte-Härlanda, Örgryte;GILTIGA;832;558
2011;rf;14802062;Örgryte-Härlanda, Örgryte;BLANK;6;0
2011;rf;14802062;Örgryte-Härlanda, Örgryte;OG;1;0
2011;rf;14802062;Örgryte-Härlanda, Örgryte;SUMMA_RÖSTER;839;558
2011;rf;14802062;Örgryte-Härlanda, Örgryte;RÖSTBERÄTTIGADE;1003;975
2011;rf;14802071;Örgryte-Härlanda, Torp;M;485;346
2011;rf;14802071;Örgryte-Härlanda, Torp;C;69;32
2011;rf;14802071;Örgryte-Härlanda, Torp;L;218;129
2011;rf;14802071;Örgryte-Härlanda, Torp;KD;103;37
2011;rf;14802071;Örgryte-Härlanda, Torp;S;201;159
2011;rf;14802071;Örgryte-Härlanda, Torp;V;122;53
2011;rf;14802071;Örgryte-Härlanda, Torp;MP;227;120
2011;rf;14802071;Örgryte-Härlanda, Torp;SD;75;21
2011;rf;14802071;Örgryte-Härlanda, Torp;FI;4;1
2011;rf;14802071;Örgryte-Härlanda, Torp;VÄGV;22;40
2011;rf;14802071;Örgryte-Härlanda, Torp;SPVG;7;15
2011;rf;14802071;Örgryte-Härlanda, Torp;PP;5;2
2011;rf;14802071;Örgryte-Härlanda, Torp;RS;3;1
2011;rf;14802071;Örgryte-Härlanda, Torp;K;0;1
2011;rf;14802071;Örgryte-Härlanda, Torp;HANDSKRIVNA;6;0
2011;rf;14802071;Örgryte-Härlanda, Torp;GILTIGA;1549;957
2011;rf;14802071;Örgryte-Härlanda, Torp;BLANK;12;6
2011;rf;14802071;Örgryte-Härlanda, Torp;OG;0;0
2011;rf;14802071;Örgryte-Härlanda, Torp;SUMMA_RÖSTER;1561;963
2011;rf;14802071;Örgryte-Härlanda, Torp;RÖSTBERÄTTIGADE;1812;1801
2011;rf;14802081;Örgryte-Härlanda, Kärralund;M;449;279
2011;rf;14802081;Örgryte-Härlanda, Kärralund;C;54;25
2011;rf;14802081;Örgryte-Härlanda, Kärralund;L;165;107
2011;rf;14802081;Örgryte-Härlanda, Kärralund;KD;83;40
2011;rf;14802081;Örgryte-Härlanda, Kärralund;S;221;143
2011;rf;14802081;Örgryte-Härlanda, Kärralund;V;145;75
2011;rf;14802081;Örgryte-Härlanda, Kärralund;MP;229;102
2011;rf;14802081;Örgryte-Härlanda, Kärralund;SD;72;35
2011;rf;14802081;Örgryte-Härlanda, Kärralund;FI;7;3
2011;rf;14802081;Örgryte-Härlanda, Kärralund;VÄGV;35;35
2011;rf;14802081;Örgryte-Härlanda, Kärralund;SPVG;4;19
2011;rf;14802081;Örgryte-Härlanda, Kärralund;PP;1;3
2011;rf;14802081;Örgryte-Härlanda, Kärralund;SVP;1;1
2011;rf;14802081;Örgryte-Härlanda, Kärralund;K;0;1
2011;rf;14802081;Örgryte-Härlanda, Kärralund;HANDSKRIVNA;3;0
2011;rf;14802081;Örgryte-Härlanda, Kärralund;GILTIGA;1470;868
2011;rf;14802081;Örgryte-Härlanda, Kärralund;BLANK;19;2
2011;rf;14802081;Örgryte-Härlanda, Kärralund;OG;1;0
2011;rf;14802081;Örgryte-Härlanda, Kärralund;SUMMA_RÖSTER;1490;870
2011;rf;14802081;Örgryte-Härlanda, Kärralund;RÖSTBERÄTTIGADE;1732;1662
2011;rf;14802082;Örgryte-Härlanda, Lunden, Gamla;M;271;143
2011;rf;14802082;Örgryte-Härlanda, Lunden, Gamla;C;59;24
2011;rf;14802082;Örgryte-Härlanda, Lunden, Gamla;L;77;51
2011;rf;14802082;Örgryte-Härlanda, Lunden, Gamla;KD;39;22
2011;rf;14802082;Örgryte-Härlanda, Lunden, Gamla;S;278;178
2011;rf;14802082;Örgryte-Härlanda, Lunden, Gamla;V;149;49
2011;rf;14802082;Örgryte-Härlanda, Lunden, Gamla;MP;186;82
2011;rf;14802082;Örgryte-Härlanda, Lunden, Gamla;SD;84;29
2011;rf;14802082;Örgryte-Härlanda, Lunden, Gamla;FI;11;4
2011;rf;14802082;Örgryte-Härlanda, Lunden, Gamla;VÄGV;21;24
2011;rf;14802082;Örgryte-Härlanda, Lunden, Gamla;SPVG;12;9
2011;rf;14802082;Örgryte-Härlanda, Lunden, Gamla;PP;6;9
2011;rf;14802082;Örgryte-Härlanda, Lunden, Gamla;SVP;3;1
2011;rf;14802082;Örgryte-Härlanda, Lunden, Gamla;K;0;2
2011;rf;14802082;Örgryte-Härlanda, Lunden, Gamla;HANDSKRIVNA;8;0
2011;rf;14802082;Örgryte-Härlanda, Lunden, Gamla;GILTIGA;1206;627
2011;rf;14802082;Örgryte-Härlanda, Lunden, Gamla;BLANK;16;8
2011;rf;14802082;Örgryte-Härlanda, Lunden, Gamla;OG;0;0
2011;rf;14802082;Örgryte-Härlanda, Lunden, Gamla;SUMMA_RÖSTER;1222;635
2011;rf;14802082;Örgryte-Härlanda, Lunden, Gamla;RÖSTBERÄTTIGADE;1508;1488
2011;rf;14802083;Örgryte-Härlanda, Lunden, Nya;M;386;314
2011;rf;14802083;Örgryte-Härlanda, Lunden, Nya;C;50;19
2011;rf;14802083;Örgryte-Härlanda, Lunden, Nya;L;174;87
2011;rf;14802083;Örgryte-Härlanda, Lunden, Nya;KD;67;25
2011;rf;14802083;Örgryte-Härlanda, Lunden, Nya;S;218;138
2011;rf;14802083;Örgryte-Härlanda, Lunden, Nya;V;148;70
2011;rf;14802083;Örgryte-Härlanda, Lunden, Nya;MP;194;90
2011;rf;14802083;Örgryte-Härlanda, Lunden, Nya;SD;80;37
2011;rf;14802083;Örgryte-Härlanda, Lunden, Nya;FI;11;3
2011;rf;14802083;Örgryte-Härlanda, Lunden, Nya;VÄGV;26;19
2011;rf;14802083;Örgryte-Härlanda, Lunden, Nya;SPVG;9;16
2011;rf;14802083;Örgryte-Härlanda, Lunden, Nya;PP;6;3
2011;rf;14802083;Örgryte-Härlanda, Lunden, Nya;HANDSKRIVNA;2;0
2011;rf;14802083;Örgryte-Härlanda, Lunden, Nya;GILTIGA;1376;821
2011;rf;14802083;Örgryte-Härlanda, Lunden, Nya;BLANK;20;3
2011;rf;14802083;Örgryte-Härlanda, Lunden, Nya;OG;0;0
2011;rf;14802083;Örgryte-Härlanda, Lunden, Nya;SUMMA_RÖSTER;1396;824
2011;rf;14802083;Örgryte-Härlanda, Lunden, Nya;RÖSTBERÄTTIGADE;1676;1647
2011;rf;14802084;Örgryte-Härlanda, Nobelplatsen;M;195;79
2011;rf;14802084;Örgryte-Härlanda, Nobelplatsen;C;52;14
2011;rf;14802084;Örgryte-Härlanda, Nobelplatsen;L;89;38
2011;rf;14802084;Örgryte-Härlanda, Nobelplatsen;KD;34;18
2011;rf;14802084;Örgryte-Härlanda, Nobelplatsen;S;212;156
2011;rf;14802084;Örgryte-Härlanda, Nobelplatsen;V;212;61
2011;rf;14802084;Örgryte-Härlanda, Nobelplatsen;MP;192;89
2011;rf;14802084;Örgryte-Härlanda, Nobelplatsen;SD;66;23
2011;rf;14802084;Örgryte-Härlanda, Nobelplatsen;FI;18;3
2011;rf;14802084;Örgryte-Härlanda, Nobelplatsen;VÄGV;17;23
2011;rf;14802084;Örgryte-Härlanda, Nobelplatsen;PP;5;2
2011;rf;14802084;Örgryte-Härlanda, Nobelplatsen;SPVG;4;14
2011;rf;14802084;Örgryte-Härlanda, Nobelplatsen;HANDSKRIVNA;8;1
2011;rf;14802084;Örgryte-Härlanda, Nobelplatsen;GILTIGA;1110;521
2011;rf;14802084;Örgryte-Härlanda, Nobelplatsen;BLANK;20;2
2011;rf;14802084;Örgryte-Härlanda, Nobelplatsen;OG;0;0
2011;rf;14802084;Örgryte-Härlanda, Nobelplatsen;SUMMA_RÖSTER;1130;523
2011;rf;14802084;Örgryte-Härlanda, Nobelplatsen;RÖSTBERÄTTIGADE;1381;1321
2011;rf;14802085;Örgryte-Härlanda, Sankt Pauli;M;354;170
2011;rf;14802085;Örgryte-Härlanda, Sankt Pauli;C;58;12
2011;rf;14802085;Örgryte-Härlanda, Sankt Pauli;L;101;47
2011;rf;14802085;Örgryte-Härlanda, Sankt Pauli;KD;65;20
2011;rf;14802085;Örgryte-Härlanda, Sankt Pauli;S;246;134
2011;rf;14802085;Örgryte-Härlanda, Sankt Pauli;V;137;42
2011;rf;14802085;Örgryte-Härlanda, Sankt Pauli;MP;193;74
2011;rf;14802085;Örgryte-Härlanda, Sankt Pauli;SD;93;32
2011;rf;14802085;Örgryte-Härlanda, Sankt Pauli;FI;11;2
2011;rf;14802085;Örgryte-Härlanda, Sankt Pauli;VÄGV;31;26
2011;rf;14802085;Örgryte-Härlanda, Sankt Pauli;PP;4;0
2011;rf;14802085;Örgryte-Härlanda, Sankt Pauli;SPVG;4;12
2011;rf;14802085;Örgryte-Härlanda, Sankt Pauli;HANDSKRIVNA;2;0
2011;rf;14802085;Örgryte-Härlanda, Sankt Pauli;GILTIGA;1299;571
2011;rf;14802085;Örgryte-Härlanda, Sankt Pauli;BLANK;19;2
2011;rf;14802085;Örgryte-Härlanda, Sankt Pauli;OG;0;0
2011;rf;14802085;Örgryte-Härlanda, Sankt Pauli;SUMMA_RÖSTER;1318;573
2011;rf;14802085;Örgryte-Härlanda, Sankt Pauli;RÖSTBERÄTTIGADE;1665;1351
2011;rf;14802086;Örgryte-Härlanda, Överås;M;362;190
2011;rf;14802086;Örgryte-Härlanda, Överås;C;45;25
2011;rf;14802086;Örgryte-Härlanda, Överås;L;113;55
2011;rf;14802086;Örgryte-Härlanda, Överås;KD;46;24
2011;rf;14802086;Örgryte-Härlanda, Överås;S;298;183
2011;rf;14802086;Örgryte-Härlanda, Överås;V;180;66
2011;rf;14802086;Örgryte-Härlanda, Överås;MP;199;90
2011;rf;14802086;Örgryte-Härlanda, Överås;SD;85;45
2011;rf;14802086;Örgryte-Härlanda, Överås;FI;12;4
2011;rf;14802086;Örgryte-Härlanda, Överås;VÄGV;34;35
2011;rf;14802086;Örgryte-Härlanda, Överås;PP;5;7
2011;rf;14802086;Örgryte-Härlanda, Överås;SPVG;4;16
2011;rf;14802086;Örgryte-Härlanda, Överås;K;0;5
2011;rf;14802086;Örgryte-Härlanda, Överås;HANDSKRIVNA;11;0
2011;rf;14802086;Örgryte-Härlanda, Överås;GILTIGA;1395;745
2011;rf;14802086;Örgryte-Härlanda, Överås;BLANK;13;6
2011;rf;14802086;Örgryte-Härlanda, Överås;OG;2;2
2011;rf;14802086;Örgryte-Härlanda, Överås;SUMMA_RÖSTER;1410;753
2011;rf;14802086;Örgryte-Härlanda, Överås;RÖSTBERÄTTIGADE;1764;1754
2011;rf;14802091;Örgryte-Härlanda, Härlanda;M;294;192
2011;rf;14802091;Örgryte-Härlanda, Härlanda;C;52;18
2011;rf;14802091;Örgryte-Härlanda, Härlanda;L;116;60
2011;rf;14802091;Örgryte-Härlanda, Härlanda;KD;48;21
2011;rf;14802091;Örgryte-Härlanda, Härlanda;S;195;144
2011;rf;14802091;Örgryte-Härlanda, Härlanda;V;127;55
2011;rf;14802091;Örgryte-Härlanda, Härlanda;MP;157;99
2011;rf;14802091;Örgryte-Härlanda, Härlanda;SD;55;13
2011;rf;14802091;Örgryte-Härlanda, Härlanda;FI;9;3
2011;rf;14802091;Örgryte-Härlanda, Härlanda;VÄGV;21;30
2011;rf;14802091;Örgryte-Härlanda, Härlanda;SPVG;4;9
2011;rf;14802091;Örgryte-Härlanda, Härlanda;PP;3;0
2011;rf;14802091;Örgryte-Härlanda, Härlanda;K;0;3
2011;rf;14802091;Örgryte-Härlanda, Härlanda;HANDSKRIVNA;5;1
2011;rf;14802091;Örgryte-Härlanda, Härlanda;GILTIGA;1087;648
2011;rf;14802091;Örgryte-Härlanda, Härlanda;BLANK;15;7
2011;rf;14802091;Örgryte-Härlanda, Härlanda;OG;0;0
2011;rf;14802091;Örgryte-Härlanda, Härlanda;SUMMA_RÖSTER;1102;655
2011;rf;14802091;Örgryte-Härlanda, Härlanda;RÖSTBERÄTTIGADE;1276;1292
2011;rf;14802104;Örgryte-Härlanda, Kålltorp, Östra;M;131;75
2011;rf;14802104;Örgryte-Härlanda, Kålltorp, Östra;C;31;11
2011;rf;14802104;Örgryte-Härlanda, Kålltorp, Östra;L;51;27
2011;rf;14802104;Örgryte-Härlanda, Kålltorp, Östra;KD;22;8
2011;rf;14802104;Örgryte-Härlanda, Kålltorp, Östra;S;201;127
2011;rf;14802104;Örgryte-Härlanda, Kålltorp, Östra;V;178;81
2011;rf;14802104;Örgryte-Härlanda, Kålltorp, Östra;MP;157;90
2011;rf;14802104;Örgryte-Härlanda, Kålltorp, Östra;SD;60;27
2011;rf;14802104;Örgryte-Härlanda, Kålltorp, Östra;FI;7;1
2011;rf;14802104;Örgryte-Härlanda, Kålltorp, Östra;VÄGV;10;11
2011;rf;14802104;Örgryte-Härlanda, Kålltorp, Östra;PP;7;0
2011;rf;14802104;Örgryte-Härlanda, Kålltorp, Östra;SPVG;4;4
2011;rf;14802104;Örgryte-Härlanda, Kålltorp, Östra;SVP;2;2
2011;rf;14802104;Örgryte-Härlanda, Kålltorp, Östra;HANDSKRIVNA;6;1
2011;rf;14802104;Örgryte-Härlanda, Kålltorp, Östra;GILTIGA;870;465
2011;rf;14802104;Örgryte-Härlanda, Kålltorp, Östra;BLANK;14;6
2011;rf;14802104;Örgryte-Härlanda, Kålltorp, Östra;OG;1;0
2011;rf;14802104;Örgryte-Härlanda, Kålltorp, Östra;SUMMA_RÖSTER;885;471
2011;rf;14802104;Örgryte-Härlanda, Kålltorp, Östra;RÖSTBERÄTTIGADE;1091;1074
2011;rf;14803015;Östra Göteborg, Nylöse;M;105;54
2011;rf;14803015;Östra Göteborg, Nylöse;C;19;4
2011;rf;14803015;Östra Göteborg, Nylöse;L;28;22
2011;rf;14803015;Östra Göteborg, Nylöse;KD;19;9
2011;rf;14803015;Östra Göteborg, Nylöse;S;338;188
2011;rf;14803015;Östra Göteborg, Nylöse;V;248;99
2011;rf;14803015;Östra Göteborg, Nylöse;MP;137;80
2011;rf;14803015;Östra Göteborg, Nylöse;SD;72;30
2011;rf;14803015;Östra Göteborg, Nylöse;FI;16;4
2011;rf;14803015;Östra Göteborg, Nylöse;VÄGV;23;10
2011;rf;14803015;Östra Göteborg, Nylöse;PP;10;3
2011;rf;14803015;Östra Göteborg, Nylöse;SPVG;7;3
2011;rf;14803015;Östra Göteborg, Nylöse;RS;2;1
2011;rf;14803015;Östra Göteborg, Nylöse;K;0;6
2011;rf;14803015;Östra Göteborg, Nylöse;HANDSKRIVNA;5;1
2011;rf;14803015;Östra Göteborg, Nylöse;GILTIGA;1032;514
2011;rf;14803015;Östra Göteborg, Nylöse;BLANK;8;2
2011;rf;14803015;Östra Göteborg, Nylöse;OG;0;0
2011;rf;14803015;Östra Göteborg, Nylöse;SUMMA_RÖSTER;1040;516
2011;rf;14803015;Östra Göteborg, Nylöse;RÖSTBERÄTTIGADE;1552;1620
2011;rf;14803022;Östra Göteborg, Utby;M;271;189
2011;rf;14803022;Östra Göteborg, Utby;C;49;20
2011;rf;14803022;Östra Göteborg, Utby;L;115;69
2011;rf;14803022;Östra Göteborg, Utby;KD;106;62
2011;rf;14803022;Östra Göteborg, Utby;S;287;214
2011;rf;14803022;Östra Göteborg, Utby;V;112;53
2011;rf;14803022;Östra Göteborg, Utby;MP;219;83
2011;rf;14803022;Östra Göteborg, Utby;SD;84;44
2011;rf;14803022;Östra Göteborg, Utby;VÄGV;24;33
2011;rf;14803022;Östra Göteborg, Utby;SPVG;7;24
2011;rf;14803022;Östra Göteborg, Utby;PP;3;1
2011;rf;14803022;Östra Göteborg, Utby;K;0;2
2011;rf;14803022;Östra Göteborg, Utby;HANDSKRIVNA;7;0
2011;rf;14803022;Östra Göteborg, Utby;GILTIGA;1287;794
2011;rf;14803022;Östra Göteborg, Utby;BLANK;21;2
2011;rf;14803022;Östra Göteborg, Utby;OG;0;0
2011;rf;14803022;Östra Göteborg, Utby;SUMMA_RÖSTER;1308;796
2011;rf;14803022;Östra Göteborg, Utby;RÖSTBERÄTTIGADE;1476;1446
2011;rf;14803031;Östra Göteborg, Gregorianska g. m fl;M;44;13
2011;rf;14803031;Östra Göteborg, Gregorianska g. m fl;C;4;4
2011;rf;14803031;Östra Göteborg, Gregorianska g. m fl;L;17;6
2011;rf;14803031;Östra Göteborg, Gregorianska g. m fl;KD;14;10
2011;rf;14803031;Östra Göteborg, Gregorianska g. m fl;S;369;230
2011;rf;14803031;Östra Göteborg, Gregorianska g. m fl;V;187;63
2011;rf;14803031;Östra Göteborg, Gregorianska g. m fl;MP;101;45
2011;rf;14803031;Östra Göteborg, Gregorianska g. m fl;SD;87;36
2011;rf;14803031;Östra Göteborg, Gregorianska g. m fl;FI;13;3
2011;rf;14803031;Östra Göteborg, Gregorianska g. m fl;VÄGV;11;7
2011;rf;14803031;Östra Göteborg, Gregorianska g. m fl;PP;9;7
2011;rf;14803031;Östra Göteborg, Gregorianska g. m fl;SPVG;8;13
2011;rf;14803031;Östra Göteborg, Gregorianska g. m fl;RS;4;4
2011;rf;14803031;Östra Göteborg, Gregorianska g. m fl;K;0;8
2011;rf;14803031;Östra Göteborg, Gregorianska g. m fl;HANDSKRIVNA;4;0
2011;rf;14803031;Östra Göteborg, Gregorianska g. m fl;GILTIGA;877;449
2011;rf;14803031;Östra Göteborg, Gregorianska g. m fl;BLANK;8;0
2011;rf;14803031;Östra Göteborg, Gregorianska g. m fl;OG;1;1
2011;rf;14803031;Östra Göteborg, Gregorianska g. m fl;SUMMA_RÖSTER;886;450
2011;rf;14803031;Östra Göteborg, Gregorianska g. m fl;RÖSTBERÄTTIGADE;1503;1373
2011;rf;14803032;Östra Göteborg, Kortedala Centrum;M;46;19
2011;rf;14803032;Östra Göteborg, Kortedala Centrum;C;10;5
2011;rf;14803032;Östra Göteborg, Kortedala Centrum;L;20;10
2011;rf;14803032;Östra Göteborg, Kortedala Centrum;KD;19;5
2011;rf;14803032;Östra Göteborg, Kortedala Centrum;S;418;244
2011;rf;14803032;Östra Göteborg, Kortedala Centrum;V;137;56
2011;rf;14803032;Östra Göteborg, Kortedala Centrum;MP;96;37
2011;rf;14803032;Östra Göteborg, Kortedala Centrum;SD;85;44
2011;rf;14803032;Östra Göteborg, Kortedala Centrum;FI;14;1
2011;rf;14803032;Östra Göteborg, Kortedala Centrum;VÄGV;12;1
2011;rf;14803032;Östra Göteborg, Kortedala Centrum;RS;8;3
2011;rf;14803032;Östra Göteborg, Kortedala Centrum;PP;5;2
2011;rf;14803032;Östra Göteborg, Kortedala Centrum;SPVG;4;14
2011;rf;14803032;Östra Göteborg, Kortedala Centrum;K;0;3
2011;rf;14803032;Östra Göteborg, Kortedala Centrum;HANDSKRIVNA;2;0
2011;rf;14803032;Östra Göteborg, Kortedala Centrum;GILTIGA;880;444
2011;rf;14803032;Östra Göteborg, Kortedala Centrum;BLANK;10;0
2011;rf;14803032;Östra Göteborg, Kortedala Centrum;OG;1;0
2011;rf;14803032;Östra Göteborg, Kortedala Centrum;SUMMA_RÖSTER;891;444
2011;rf;14803032;Östra Göteborg, Kortedala Centrum;RÖSTBERÄTTIGADE;1560;1475
2011;rf;14803033;Östra Göteborg, Kortedala, Södra;M;135;60
2011;rf;14803033;Östra Göteborg, Kortedala, Södra;C;12;9
2011;rf;14803033;Östra Göteborg, Kortedala, Södra;L;37;25
2011;rf;14803033;Östra Göteborg, Kortedala, Södra;KD;46;23
2011;rf;14803033;Östra Göteborg, Kortedala, Södra;S;316;187
2011;rf;14803033;Östra Göteborg, Kortedala, Södra;V;162;54
2011;rf;14803033;Östra Göteborg, Kortedala, Södra;MP;122;66
2011;rf;14803033;Östra Göteborg, Kortedala, Södra;SD;86;37
2011;rf;14803033;Östra Göteborg, Kortedala, Södra;FI;13;1
2011;rf;14803033;Östra Göteborg, Kortedala, Södra;VÄGV;11;13
2011;rf;14803033;Östra Göteborg, Kortedala, Södra;SPVG;7;18
2011;rf;14803033;Östra Göteborg, Kortedala, Södra;PP;6;0
2011;rf;14803033;Östra Göteborg, Kortedala, Södra;SVP;3;1
2011;rf;14803033;Östra Göteborg, Kortedala, Södra;RS;1;1
2011;rf;14803033;Östra Göteborg, Kortedala, Södra;K;0;7
2011;rf;14803033;Östra Göteborg, Kortedala, Södra;HANDSKRIVNA;4;0
2011;rf;14803033;Östra Göteborg, Kortedala, Södra;GILTIGA;963;502
2011;rf;14803033;Östra Göteborg, Kortedala, Södra;BLANK;9;1
2011;rf;14803033;Östra Göteborg, Kortedala, Södra;OG;0;0
2011;rf;14803033;Östra Göteborg, Kortedala, Södra;SUMMA_RÖSTER;972;503
2011;rf;14803033;Östra Göteborg, Kortedala, Södra;RÖSTBERÄTTIGADE;1339;1316
2011;rf;14803034;Östra Göteborg, Kortedala, Västra;M;113;57
2011;rf;14803034;Östra Göteborg, Kortedala, Västra;C;7;2
2011;rf;14803034;Östra Göteborg, Kortedala, Västra;L;38;19
2011;rf;14803034;Östra Göteborg, Kortedala, Västra;KD;28;11
2011;rf;14803034;Östra Göteborg, Kortedala, Västra;S;421;284
2011;rf;14803034;Östra Göteborg, Kortedala, Västra;V;144;65
2011;rf;14803034;Östra Göteborg, Kortedala, Västra;MP;89;53
2011;rf;14803034;Östra Göteborg, Kortedala, Västra;SD;118;62
2011;rf;14803034;Östra Göteborg, Kortedala, Västra;SPVG;34;44
2011;rf;14803034;Östra Göteborg, Kortedala, Västra;VÄGV;10;13
2011;rf;14803034;Östra Göteborg, Kortedala, Västra;PP;5;1
2011;rf;14803034;Östra Göteborg, Kortedala, Västra;RS;3;3
2011;rf;14803034;Östra Göteborg, Kortedala, Västra;K;0;5
2011;rf;14803034;Östra Göteborg, Kortedala, Västra;SVP;0;1
2011;rf;14803034;Östra Göteborg, Kortedala, Västra;HANDSKRIVNA;7;0
2011;rf;14803034;Östra Göteborg, Kortedala, Västra;GILTIGA;1024;620
2011;rf;14803034;Östra Göteborg, Kortedala, Västra;BLANK;10;3
2011;rf;14803034;Östra Göteborg, Kortedala, Västra;OG;0;1
2011;rf;14803034;Östra Göteborg, Kortedala, Västra;SUMMA_RÖSTER;1034;624
2011;rf;14803034;Östra Göteborg, Kortedala, Västra;RÖSTBERÄTTIGADE;1459;1469
2011;rf;14803035;Östra Göteborg, Kortedala, Östra;M;67;30
2011;rf;14803035;Östra Göteborg, Kortedala, Östra;C;10;9
2011;rf;14803035;Östra Göteborg, Kortedala, Östra;L;29;15
2011;rf;14803035;Östra Göteborg, Kortedala, Östra;KD;26;11
2011;rf;14803035;Östra Göteborg, Kortedala, Östra;S;426;284
2011;rf;14803035;Östra Göteborg, Kortedala, Östra;V;194;62
2011;rf;14803035;Östra Göteborg, Kortedala, Östra;MP;120;53
2011;rf;14803035;Östra Göteborg, Kortedala, Östra;SD;94;41
2011;rf;14803035;Östra Göteborg, Kortedala, Östra;FI;12;3
2011;rf;14803035;Östra Göteborg, Kortedala, Östra;PP;15;2
2011;rf;14803035;Östra Göteborg, Kortedala, Östra;VÄGV;10;5
2011;rf;14803035;Östra Göteborg, Kortedala, Östra;RS;8;7
2011;rf;14803035;Östra Göteborg, Kortedala, Östra;SPVG;3;20
2011;rf;14803035;Östra Göteborg, Kortedala, Östra;K;0;8
2011;rf;14803035;Östra Göteborg, Kortedala, Östra;HANDSKRIVNA;7;0
2011;rf;14803035;Östra Göteborg, Kortedala, Östra;GILTIGA;1027;550
2011;rf;14803035;Östra Göteborg, Kortedala, Östra;BLANK;12;2
2011;rf;14803035;Östra Göteborg, Kortedala, Östra;OG;0;0
2011;rf;14803035;Östra Göteborg, Kortedala, Östra;SUMMA_RÖSTER;1039;552
2011;rf;14803035;Östra Göteborg, Kortedala, Östra;RÖSTBERÄTTIGADE;1760;1660
2011;rf;14803041;Östra Göteborg, Adventsparken;M;92;49
2011;rf;14803041;Östra Göteborg, Adventsparken;C;17;10
2011;rf;14803041;Östra Göteborg, Adventsparken;L;36;23
2011;rf;14803041;Östra Göteborg, Adventsparken;KD;25;14
2011;rf;14803041;Östra Göteborg, Adventsparken;S;384;248
2011;rf;14803041;Östra Göteborg, Adventsparken;V;131;44
2011;rf;14803041;Östra Göteborg, Adventsparken;MP;87;45
2011;rf;14803041;Östra Göteborg, Adventsparken;SD;135;56
2011;rf;14803041;Östra Göteborg, Adventsparken;SPVG;27;24
2011;rf;14803041;Östra Göteborg, Adventsparken;VÄGV;19;11
2011;rf;14803041;Östra Göteborg, Adventsparken;PP;10;2
2011;rf;14803041;Östra Göteborg, Adventsparken;RS;5;3
2011;rf;14803041;Östra Göteborg, Adventsparken;K;0;9
2011;rf;14803041;Östra Göteborg, Adventsparken;HANDSKRIVNA;5;0
2011;rf;14803041;Östra Göteborg, Adventsparken;GILTIGA;989;538
2011;rf;14803041;Östra Göteborg, Adventsparken;BLANK;15;4
2011;rf;14803041;Östra Göteborg, Adventsparken;OG;1;0
2011;rf;14803041;Östra Göteborg, Adventsparken;SUMMA_RÖSTER;1005;542
2011;rf;14803041;Östra Göteborg, Adventsparken;RÖSTBERÄTTIGADE;1549;1519
2011;rf;14803042;Östra Göteborg, Kortedala, Norra;M;78;38
2011;rf;14803042;Östra Göteborg, Kortedala, Norra;C;6;2
2011;rf;14803042;Östra Göteborg, Kortedala, Norra;L;34;6
2011;rf;14803042;Östra Göteborg, Kortedala, Norra;KD;25;8
2011;rf;14803042;Östra Göteborg, Kortedala, Norra;S;458;282
2011;rf;14803042;Östra Göteborg, Kortedala, Norra;V;233;99
2011;rf;14803042;Östra Göteborg, Kortedala, Norra;MP;131;74
2011;rf;14803042;Östra Göteborg, Kortedala, Norra;SD;96;46
2011;rf;14803042;Östra Göteborg, Kortedala, Norra;FI;12;5
2011;rf;14803042;Östra Göteborg, Kortedala, Norra;VÄGV;15;12
2011;rf;14803042;Östra Göteborg, Kortedala, Norra;PP;14;2
2011;rf;14803042;Östra Göteborg, Kortedala, Norra;RS;11;4
2011;rf;14803042;Östra Göteborg, Kortedala, Norra;SPVG;11;16
2011;rf;14803042;Östra Göteborg, Kortedala, Norra;K;0;6
2011;rf;14803042;Östra Göteborg, Kortedala, Norra;HANDSKRIVNA;5;0
2011;rf;14803042;Östra Göteborg, Kortedala, Norra;GILTIGA;1132;600
2011;rf;14803042;Östra Göteborg, Kortedala, Norra;BLANK;18;2
2011;rf;14803042;Östra Göteborg, Kortedala, Norra;OG;7;2
2011;rf;14803042;Östra Göteborg, Kortedala, Norra;SUMMA_RÖSTER;1157;604
2011;rf;14803042;Östra Göteborg, Kortedala, Norra;RÖSTBERÄTTIGADE;1798;1814
2011;rf;14803043;Östra Göteborg, Månadsgatorna m fl;M;108;64
2011;rf;14803043;Östra Göteborg, Månadsgatorna m fl;C;15;9
2011;rf;14803043;Östra Göteborg, Månadsgatorna m fl;L;25;25
2011;rf;14803043;Östra Göteborg, Månadsgatorna m fl;KD;28;10
2011;rf;14803043;Östra Göteborg, Månadsgatorna m fl;S;456;285
2011;rf;14803043;Östra Göteborg, Månadsgatorna m fl;V;183;80
2011;rf;14803043;Östra Göteborg, Månadsgatorna m fl;MP;120;48
2011;rf;14803043;Östra Göteborg, Månadsgatorna m fl;SD;128;62
2011;rf;14803043;Östra Göteborg, Månadsgatorna m fl;FI;5;6
2011;rf;14803043;Östra Göteborg, Månadsgatorna m fl;VÄGV;16;19
2011;rf;14803043;Östra Göteborg, Månadsgatorna m fl;PP;6;2
2011;rf;14803043;Östra Göteborg, Månadsgatorna m fl;RS;5;2
2011;rf;14803043;Östra Göteborg, Månadsgatorna m fl;SPVG;2;25
2011;rf;14803043;Östra Göteborg, Månadsgatorna m fl;K;0;9
2011;rf;14803043;Östra Göteborg, Månadsgatorna m fl;HANDSKRIVNA;6;0
2011;rf;14803043;Östra Göteborg, Månadsgatorna m fl;GILTIGA;1106;646
2011;rf;14803043;Östra Göteborg, Månadsgatorna m fl;BLANK;11;5
2011;rf;14803043;Östra Göteborg, Månadsgatorna m fl;OG;1;0
2011;rf;14803043;Östra Göteborg, Månadsgatorna m fl;SUMMA_RÖSTER;1118;651
2011;rf;14803043;Östra Göteborg, Månadsgatorna m fl;RÖSTBERÄTTIGADE;1691;1697
2011;rf;14803051;Östra Göteborg, Bergsjön, Norra;M;58;28
2011;rf;14803051;Östra Göteborg, Bergsjön, Norra;C;11;2
2011;rf;14803051;Östra Göteborg, Bergsjön, Norra;L;23;11
2011;rf;14803051;Östra Göteborg, Bergsjön, Norra;KD;25;15
2011;rf;14803051;Östra Göteborg, Bergsjön, Norra;S;242;127
2011;rf;14803051;Östra Göteborg, Bergsjön, Norra;V;174;55
2011;rf;14803051;Östra Göteborg, Bergsjön, Norra;MP;84;33
2011;rf;14803051;Östra Göteborg, Bergsjön, Norra;SD;47;32
2011;rf;14803051;Östra Göteborg, Bergsjön, Norra;FI;15;1
2011;rf;14803051;Östra Göteborg, Bergsjön, Norra;PP;9;4
2011;rf;14803051;Östra Göteborg, Bergsjön, Norra;RS;9;1
2011;rf;14803051;Östra Göteborg, Bergsjön, Norra;VÄGV;4;5
2011;rf;14803051;Östra Göteborg, Bergsjön, Norra;SPVG;1;5
2011;rf;14803051;Östra Göteborg, Bergsjön, Norra;K;0;6
2011;rf;14803051;Östra Göteborg, Bergsjön, Norra;HANDSKRIVNA;12;0
2011;rf;14803051;Östra Göteborg, Bergsjön, Norra;GILTIGA;719;325
2011;rf;14803051;Östra Göteborg, Bergsjön, Norra;BLANK;9;1
2011;rf;14803051;Östra Göteborg, Bergsjön, Norra;OG;0;0
2011;rf;14803051;Östra Göteborg, Bergsjön, Norra;SUMMA_RÖSTER;728;326
2011;rf;14803051;Östra Göteborg, Bergsjön, Norra;RÖSTBERÄTTIGADE;1105;1055
2011;rf;14803052;Östra Göteborg, Gärdsmosse;M;33;23
2011;rf;14803052;Östra Göteborg, Gärdsmosse;C;7;5
2011;rf;14803052;Östra Göteborg, Gärdsmosse;L;19;10
2011;rf;14803052;Östra Göteborg, Gärdsmosse;KD;16;13
2011;rf;14803052;Östra Göteborg, Gärdsmosse;S;303;178
2011;rf;14803052;Östra Göteborg, Gärdsmosse;V;110;31
2011;rf;14803052;Östra Göteborg, Gärdsmosse;MP;63;33
2011;rf;14803052;Östra Göteborg, Gärdsmosse;SD;61;30
2011;rf;14803052;Östra Göteborg, Gärdsmosse;FI;11;4
2011;rf;14803052;Östra Göteborg, Gärdsmosse;RS;13;1
2011;rf;14803052;Östra Göteborg, Gärdsmosse;PP;6;4
2011;rf;14803052;Östra Göteborg, Gärdsmosse;SPVG;4;7
2011;rf;14803052;Östra Göteborg, Gärdsmosse;VÄGV;3;2
2011;rf;14803052;Östra Göteborg, Gärdsmosse;HANDSKRIVNA;2;0
2011;rf;14803052;Östra Göteborg, Gärdsmosse;GILTIGA;653;341
2011;rf;14803052;Östra Göteborg, Gärdsmosse;BLANK;7;0
2011;rf;14803052;Östra Göteborg, Gärdsmosse;OG;0;0
2011;rf;14803052;Östra Göteborg, Gärdsmosse;SUMMA_RÖSTER;660;341
2011;rf;14803052;Östra Göteborg, Gärdsmosse;RÖSTBERÄTTIGADE;1442;1573
2011;rf;14803053;Östra Göteborg, Gärdsås;M;107;53
2011;rf;14803053;Östra Göteborg, Gärdsås;C;6;6
2011;rf;14803053;Östra Göteborg, Gärdsås;L;32;12
2011;rf;14803053;Östra Göteborg, Gärdsås;KD;56;20
2011;rf;14803053;Östra Göteborg, Gärdsås;S;262;151
2011;rf;14803053;Östra Göteborg, Gärdsås;V;78;24
2011;rf;14803053;Östra Göteborg, Gärdsås;MP;52;20
2011;rf;14803053;Östra Göteborg, Gärdsås;SD;75;38
2011;rf;14803053;Östra Göteborg, Gärdsås;VÄGV;13;21
2011;rf;14803053;Östra Göteborg, Gärdsås;SPVG;8;20
2011;rf;14803053;Östra Göteborg, Gärdsås;PP;6;7
2011;rf;14803053;Östra Göteborg, Gärdsås;K;0;2
2011;rf;14803053;Östra Göteborg, Gärdsås;HANDSKRIVNA;2;0
2011;rf;14803053;Östra Göteborg, Gärdsås;GILTIGA;709;374
2011;rf;14803053;Östra Göteborg, Gärdsås;BLANK;10;2
2011;rf;14803053;Östra Göteborg, Gärdsås;OG;0;0
2011;rf;14803053;Östra Göteborg, Gärdsås;SUMMA_RÖSTER;719;376
2011;rf;14803053;Östra Göteborg, Gärdsås;RÖSTBERÄTTIGADE;1035;999
2011;rf;14803054;Östra Göteborg, Siriusgatan;M;52;21
2011;rf;14803054;Östra Göteborg, Siriusgatan;C;15;6
2011;rf;14803054;Östra Göteborg, Siriusgatan;L;23;4
2011;rf;14803054;Östra Göteborg, Siriusgatan;KD;21;8
2011;rf;14803054;Östra Göteborg, Siriusgatan;S;520;326
2011;rf;14803054;Östra Göteborg, Siriusgatan;V;146;25
2011;rf;14803054;Östra Göteborg, Siriusgatan;MP;126;29
2011;rf;14803054;Östra Göteborg, Siriusgatan;SD;67;34
2011;rf;14803054;Östra Göteborg, Siriusgatan;FI;5;3
2011;rf;14803054;Östra Göteborg, Siriusgatan;VÄGV;8;9
2011;rf;14803054;Östra Göteborg, Siriusgatan;SPVG;3;9
2011;rf;14803054;Östra Göteborg, Siriusgatan;PP;2;4
2011;rf;14803054;Östra Göteborg, Siriusgatan;K;0;2
2011;rf;14803054;Östra Göteborg, Siriusgatan;HANDSKRIVNA;4;0
2011;rf;14803054;Östra Göteborg, Siriusgatan;GILTIGA;1005;480
2011;rf;14803054;Östra Göteborg, Siriusgatan;BLANK;3;0
2011;rf;14803054;Östra Göteborg, Siriusgatan;OG;1;0
2011;rf;14803054;Östra Göteborg, Siriusgatan;SUMMA_RÖSTER;1009;480
2011;rf;14803054;Östra Göteborg, Siriusgatan;RÖSTBERÄTTIGADE;1900;1798
2011;rf;14803061;Östra Göteborg, Bergsjön, Södra;M;57;21
2011;rf;14803061;Östra Göteborg, Bergsjön, Södra;C;7;1
2011;rf;14803061;Östra Göteborg, Bergsjön, Södra;L;10;6
2011;rf;14803061;Östra Göteborg, Bergsjön, Södra;KD;24;5
2011;rf;14803061;Östra Göteborg, Bergsjön, Södra;S;487;288
2011;rf;14803061;Östra Göteborg, Bergsjön, Södra;V;79;28
2011;rf;14803061;Östra Göteborg, Bergsjön, Södra;MP;51;12
2011;rf;14803061;Östra Göteborg, Bergsjön, Södra;SD;46;16
2011;rf;14803061;Östra Göteborg, Bergsjön, Södra;SPVG;8;8
2011;rf;14803061;Östra Göteborg, Bergsjön, Södra;VÄGV;8;6
2011;rf;14803061;Östra Göteborg, Bergsjön, Södra;PP;3;0
2011;rf;14803061;Östra Göteborg, Bergsjön, Södra;HANDSKRIVNA;3;0
2011;rf;14803061;Östra Göteborg, Bergsjön, Södra;GILTIGA;794;391
2011;rf;14803061;Östra Göteborg, Bergsjön, Södra;BLANK;4;1
2011;rf;14803061;Östra Göteborg, Bergsjön, Södra;OG;0;0
2011;rf;14803061;Östra Göteborg, Bergsjön, Södra;SUMMA_RÖSTER;798;392
2011;rf;14803061;Östra Göteborg, Bergsjön, Södra;RÖSTBERÄTTIGADE;1614;1424
2011;rf;14803062;Östra Göteborg, Bergsjön, Östra;M;45;14
2011;rf;14803062;Östra Göteborg, Bergsjön, Östra;C;10;0
2011;rf;14803062;Östra Göteborg, Bergsjön, Östra;L;15;6
2011;rf;14803062;Östra Göteborg, Bergsjön, Östra;KD;21;6
2011;rf;14803062;Östra Göteborg, Bergsjön, Östra;S;477;295
2011;rf;14803062;Östra Göteborg, Bergsjön, Östra;V;70;10
2011;rf;14803062;Östra Göteborg, Bergsjön, Östra;MP;62;12
2011;rf;14803062;Östra Göteborg, Bergsjön, Östra;SD;17;9
2011;rf;14803062;Östra Göteborg, Bergsjön, Östra;SPVG;4;6
2011;rf;14803062;Östra Göteborg, Bergsjön, Östra;VÄGV;4;1
2011;rf;14803062;Östra Göteborg, Bergsjön, Östra;PP;2;1
2011;rf;14803062;Östra Göteborg, Bergsjön, Östra;K;0;2
2011;rf;14803062;Östra Göteborg, Bergsjön, Östra;HANDSKRIVNA;1;0
2011;rf;14803062;Östra Göteborg, Bergsjön, Östra;GILTIGA;745;362
2011;rf;14803062;Östra Göteborg, Bergsjön, Östra;BLANK;5;0
2011;rf;14803062;Östra Göteborg, Bergsjön, Östra;OG;0;0
2011;rf;14803062;Östra Göteborg, Bergsjön, Östra;SUMMA_RÖSTER;750;362
2011;rf;14803062;Östra Göteborg, Bergsjön, Östra;RÖSTBERÄTTIGADE;1518;1572
2011;rf;14803063;Östra Göteborg, Komettorget;M;60;32
2011;rf;14803063;Östra Göteborg, Komettorget;C;12;5
2011;rf;14803063;Östra Göteborg, Komettorget;L;33;7
2011;rf;14803063;Östra Göteborg, Komettorget;KD;35;8
2011;rf;14803063;Östra Göteborg, Komettorget;S;428;272
2011;rf;14803063;Östra Göteborg, Komettorget;V;117;38
2011;rf;14803063;Östra Göteborg, Komettorget;MP;69;19
2011;rf;14803063;Östra Göteborg, Komettorget;SD;48;15
2011;rf;14803063;Östra Göteborg, Komettorget;PP;8;3
2011;rf;14803063;Östra Göteborg, Komettorget;RS;4;3
2011;rf;14803063;Östra Göteborg, Komettorget;VÄGV;4;5
2011;rf;14803063;Östra Göteborg, Komettorget;SPVG;2;9
2011;rf;14803063;Östra Göteborg, Komettorget;K;0;2
2011;rf;14803063;Östra Göteborg, Komettorget;HANDSKRIVNA;7;0
2011;rf;14803063;Östra Göteborg, Komettorget;GILTIGA;834;418
2011;rf;14803063;Östra Göteborg, Komettorget;BLANK;8;1
2011;rf;14803063;Östra Göteborg, Komettorget;OG;1;0
2011;rf;14803063;Östra Göteborg, Komettorget;SUMMA_RÖSTER;843;419
2011;rf;14803063;Östra Göteborg, Komettorget;RÖSTBERÄTTIGADE;1640;1480
2011;rf;14803064;Östra Göteborg, Rymdtorget;M;28;4
2011;rf;14803064;Östra Göteborg, Rymdtorget;C;1;2
2011;rf;14803064;Östra Göteborg, Rymdtorget;L;4;0
2011;rf;14803064;Östra Göteborg, Rymdtorget;KD;10;3
2011;rf;14803064;Östra Göteborg, Rymdtorget;S;284;149
2011;rf;14803064;Östra Göteborg, Rymdtorget;V;61;30
2011;rf;14803064;Östra Göteborg, Rymdtorget;MP;80;11
2011;rf;14803064;Östra Göteborg, Rymdtorget;SD;21;7
2011;rf;14803064;Östra Göteborg, Rymdtorget;FI;2;1
2011;rf;14803064;Östra Göteborg, Rymdtorget;VÄGV;8;1
2011;rf;14803064;Östra Göteborg, Rymdtorget;SPVG;6;3
2011;rf;14803064;Östra Göteborg, Rymdtorget;PP;2;3
2011;rf;14803064;Östra Göteborg, Rymdtorget;RS;2;3
2011;rf;14803064;Östra Göteborg, Rymdtorget;K;0;1
2011;rf;14803064;Östra Göteborg, Rymdtorget;SVP;0;2
2011;rf;14803064;Östra Göteborg, Rymdtorget;HANDSKRIVNA;1;0
2011;rf;14803064;Östra Göteborg, Rymdtorget;GILTIGA;511;220
2011;rf;14803064;Östra Göteborg, Rymdtorget;BLANK;4;0
2011;rf;14803064;Östra Göteborg, Rymdtorget;OG;0;0
2011;rf;14803064;Östra Göteborg, Rymdtorget;SUMMA_RÖSTER;515;220
2011;rf;14803064;Östra Göteborg, Rymdtorget;RÖSTBERÄTTIGADE;1049;969
2011;rf;14804021;Lundby, Bjurslätt;M;189;71
2011;rf;14804021;Lundby, Bjurslätt;C;22;7
2011;rf;14804021;Lundby, Bjurslätt;L;46;14
2011;rf;14804021;Lundby, Bjurslätt;KD;35;12
2011;rf;14804021;Lundby, Bjurslätt;S;457;219
2011;rf;14804021;Lundby, Bjurslätt;V;191;46
2011;rf;14804021;Lundby, Bjurslätt;MP;195;69
2011;rf;14804021;Lundby, Bjurslätt;SD;79;40
2011;rf;14804021;Lundby, Bjurslätt;FI;5;4
2011;rf;14804021;Lundby, Bjurslätt;VÄGV;23;31
2011;rf;14804021;Lundby, Bjurslätt;PP;7;3
2011;rf;14804021;Lundby, Bjurslätt;SPVG;3;8
2011;rf;14804021;Lundby, Bjurslätt;RS;1;1
2011;rf;14804021;Lundby, Bjurslätt;K;0;6
2011;rf;14804021;Lundby, Bjurslätt;HANDSKRIVNA;4;0
2011;rf;14804021;Lundby, Bjurslätt;GILTIGA;1263;531
2011;rf;14804021;Lundby, Bjurslätt;BLANK;9;2
2011;rf;14804021;Lundby, Bjurslätt;OG;1;0
2011;rf;14804021;Lundby, Bjurslätt;SUMMA_RÖSTER;1273;533
2011;rf;14804021;Lundby, Bjurslätt;RÖSTBERÄTTIGADE;1871;1573
2011;rf;14804022;Lundby, Flunsås;M;139;94
2011;rf;14804022;Lundby, Flunsås;C;38;12
2011;rf;14804022;Lundby, Flunsås;L;57;29
2011;rf;14804022;Lundby, Flunsås;KD;32;16
2011;rf;14804022;Lundby, Flunsås;S;280;195
2011;rf;14804022;Lundby, Flunsås;V;221;68
2011;rf;14804022;Lundby, Flunsås;MP;144;71
2011;rf;14804022;Lundby, Flunsås;SD;97;37
2011;rf;14804022;Lundby, Flunsås;FI;14;9
2011;rf;14804022;Lundby, Flunsås;VÄGV;17;22
2011;rf;14804022;Lundby, Flunsås;SPVG;9;15
2011;rf;14804022;Lundby, Flunsås;PP;7;2
2011;rf;14804022;Lundby, Flunsås;RS;3;3
2011;rf;14804022;Lundby, Flunsås;K;0;2
2011;rf;14804022;Lundby, Flunsås;HANDSKRIVNA;9;0
2011;rf;14804022;Lundby, Flunsås;GILTIGA;1068;575
2011;rf;14804022;Lundby, Flunsås;BLANK;14;2
2011;rf;14804022;Lundby, Flunsås;OG;1;0
2011;rf;14804022;Lundby, Flunsås;SUMMA_RÖSTER;1083;577
2011;rf;14804022;Lundby, Flunsås;RÖSTBERÄTTIGADE;1530;1488
2011;rf;14804023;Lundby, Kvillebäcken, Norra;M;178;84
2011;rf;14804023;Lundby, Kvillebäcken, Norra;C;27;9
2011;rf;14804023;Lundby, Kvillebäcken, Norra;L;52;29
2011;rf;14804023;Lundby, Kvillebäcken, Norra;KD;37;10
2011;rf;14804023;Lundby, Kvillebäcken, Norra;S;307;168
2011;rf;14804023;Lundby, Kvillebäcken, Norra;V;172;52
2011;rf;14804023;Lundby, Kvillebäcken, Norra;MP;138;70
2011;rf;14804023;Lundby, Kvillebäcken, Norra;SD;74;47
2011;rf;14804023;Lundby, Kvillebäcken, Norra;FI;12;3
2011;rf;14804023;Lundby, Kvillebäcken, Norra;VÄGV;19;19
2011;rf;14804023;Lundby, Kvillebäcken, Norra;PP;14;2
2011;rf;14804023;Lundby, Kvillebäcken, Norra;SPVG;7;18
2011;rf;14804023;Lundby, Kvillebäcken, Norra;SVP;2;2
2011;rf;14804023;Lundby, Kvillebäcken, Norra;K;0;7
2011;rf;14804023;Lundby, Kvillebäcken, Norra;HANDSKRIVNA;5;0
2011;rf;14804023;Lundby, Kvillebäcken, Norra;GILTIGA;1045;520
2011;rf;14804023;Lundby, Kvillebäcken, Norra;BLANK;12;3
2011;rf;14804023;Lundby, Kvillebäcken, Norra;OG;2;0
2011;rf;14804023;Lundby, Kvillebäcken, Norra;SUMMA_RÖSTER;1059;523
2011;rf;14804023;Lundby, Kvillebäcken, Norra;RÖSTBERÄTTIGADE;1487;1415
2011;rf;14804026;Lundby, Wieselgrensplatsen;M;102;55
2011;rf;14804026;Lundby, Wieselgrensplatsen;C;22;6
2011;rf;14804026;Lundby, Wieselgrensplatsen;L;26;14
2011;rf;14804026;Lundby, Wieselgrensplatsen;KD;18;10
2011;rf;14804026;Lundby, Wieselgrensplatsen;S;266;159
2011;rf;14804026;Lundby, Wieselgrensplatsen;V;150;47
2011;rf;14804026;Lundby, Wieselgrensplatsen;MP;102;51
2011;rf;14804026;Lundby, Wieselgrensplatsen;SD;84;34
2011;rf;14804026;Lundby, Wieselgrensplatsen;FI;10;5
2011;rf;14804026;Lundby, Wieselgrensplatsen;SPVG;8;15
2011;rf;14804026;Lundby, Wieselgrensplatsen;VÄGV;8;9
2011;rf;14804026;Lundby, Wieselgrensplatsen;PP;7;4
2011;rf;14804026;Lundby, Wieselgrensplatsen;RS;1;2
2011;rf;14804026;Lundby, Wieselgrensplatsen;K;0;2
2011;rf;14804026;Lundby, Wieselgrensplatsen;HANDSKRIVNA;7;0
2011;rf;14804026;Lundby, Wieselgrensplatsen;GILTIGA;813;413
2011;rf;14804026;Lundby, Wieselgrensplatsen;BLANK;9;5
2011;rf;14804026;Lundby, Wieselgrensplatsen;OG;0;0
2011;rf;14804026;Lundby, Wieselgrensplatsen;SUMMA_RÖSTER;822;418
2011;rf;14804026;Lundby, Wieselgrensplatsen;RÖSTBERÄTTIGADE;1212;1216
2011;rf;14804041;Lundby, Kärrdalen;M;347;226
2011;rf;14804041;Lundby, Kärrdalen;C;32;14
2011;rf;14804041;Lundby, Kärrdalen;L;111;73
2011;rf;14804041;Lundby, Kärrdalen;KD;57;27
2011;rf;14804041;Lundby, Kärrdalen;S;255;180
2011;rf;14804041;Lundby, Kärrdalen;V;88;31
2011;rf;14804041;Lundby, Kärrdalen;MP;111;61
2011;rf;14804041;Lundby, Kärrdalen;SD;112;58
2011;rf;14804041;Lundby, Kärrdalen;VÄGV;52;71
2011;rf;14804041;Lundby, Kärrdalen;SPVG;9;18
2011;rf;14804041;Lundby, Kärrdalen;PP;8;2
2011;rf;14804041;Lundby, Kärrdalen;K;0;2
2011;rf;14804041;Lundby, Kärrdalen;HANDSKRIVNA;2;0
2011;rf;14804041;Lundby, Kärrdalen;GILTIGA;1189;763
2011;rf;14804041;Lundby, Kärrdalen;BLANK;6;2
2011;rf;14804041;Lundby, Kärrdalen;OG;0;2
2011;rf;14804041;Lundby, Kärrdalen;SUMMA_RÖSTER;1195;767
2011;rf;14804041;Lundby, Kärrdalen;RÖSTBERÄTTIGADE;1423;1401
2011;rf;14804042;Lundby, Tolered, Norra;M;270;155
2011;rf;14804042;Lundby, Tolered, Norra;C;33;18
2011;rf;14804042;Lundby, Tolered, Norra;L;75;40
2011;rf;14804042;Lundby, Tolered, Norra;KD;41;33
2011;rf;14804042;Lundby, Tolered, Norra;S;224;149
2011;rf;14804042;Lundby, Tolered, Norra;V;100;39
2011;rf;14804042;Lundby, Tolered, Norra;MP;101;39
2011;rf;14804042;Lundby, Tolered, Norra;SD;49;25
2011;rf;14804042;Lundby, Tolered, Norra;VÄGV;48;56
2011;rf;14804042;Lundby, Tolered, Norra;PP;5;3
2011;rf;14804042;Lundby, Tolered, Norra;SPVG;3;12
2011;rf;14804042;Lundby, Tolered, Norra;SVP;2;1
2011;rf;14804042;Lundby, Tolered, Norra;K;0;2
2011;rf;14804042;Lundby, Tolered, Norra;HANDSKRIVNA;4;0
2011;rf;14804042;Lundby, Tolered, Norra;GILTIGA;959;572
2011;rf;14804042;Lundby, Tolered, Norra;BLANK;7;2
2011;rf;14804042;Lundby, Tolered, Norra;OG;0;0
2011;rf;14804042;Lundby, Tolered, Norra;SUMMA_RÖSTER;966;574
2011;rf;14804042;Lundby, Tolered, Norra;RÖSTBERÄTTIGADE;1210;1144
2011;rf;14804043;Lundby, Tolered, Södra;M;190;145
2011;rf;14804043;Lundby, Tolered, Södra;C;36;16
2011;rf;14804043;Lundby, Tolered, Södra;L;90;46
2011;rf;14804043;Lundby, Tolered, Södra;KD;50;12
2011;rf;14804043;Lundby, Tolered, Södra;S;265;175
2011;rf;14804043;Lundby, Tolered, Södra;V;74;33
2011;rf;14804043;Lundby, Tolered, Södra;MP;109;47
2011;rf;14804043;Lundby, Tolered, Södra;SD;72;42
2011;rf;14804043;Lundby, Tolered, Södra;VÄGV;37;72
2011;rf;14804043;Lundby, Tolered, Södra;SPVG;8;10
2011;rf;14804043;Lundby, Tolered, Södra;PP;7;4
2011;rf;14804043;Lundby, Tolered, Södra;K;0;2
2011;rf;14804043;Lundby, Tolered, Södra;HANDSKRIVNA;2;0
2011;rf;14804043;Lundby, Tolered, Södra;GILTIGA;952;604
2011;rf;14804043;Lundby, Tolered, Södra;BLANK;18;1
2011;rf;14804043;Lundby, Tolered, Södra;OG;0;0
2011;rf;14804043;Lundby, Tolered, Södra;SUMMA_RÖSTER;970;605
2011;rf;14804043;Lundby, Tolered, Södra;RÖSTBERÄTTIGADE;1162;1141
2011;rf;14804051;Norra Hisingen, Glöstorp;M;169;77
2011;rf;14804051;Norra Hisingen, Glöstorp;C;34;9
2011;rf;14804051;Norra Hisingen, Glöstorp;L;60;20
2011;rf;14804051;Norra Hisingen, Glöstorp;KD;43;15
2011;rf;14804051;Norra Hisingen, Glöstorp;S;308;191
2011;rf;14804051;Norra Hisingen, Glöstorp;V;89;37
2011;rf;14804051;Norra Hisingen, Glöstorp;MP;70;8
2011;rf;14804051;Norra Hisingen, Glöstorp;SD;142;50
2011;rf;14804051;Norra Hisingen, Glöstorp;VÄGV;30;29
2011;rf;14804051;Norra Hisingen, Glöstorp;SPVG;6;16
2011;rf;14804051;Norra Hisingen, Glöstorp;PP;4;3
2011;rf;14804051;Norra Hisingen, Glöstorp;K;0;2
2011;rf;14804051;Norra Hisingen, Glöstorp;HANDSKRIVNA;3;0
2011;rf;14804051;Norra Hisingen, Glöstorp;GILTIGA;961;457
2011;rf;14804051;Norra Hisingen, Glöstorp;BLANK;15;1
2011;rf;14804051;Norra Hisingen, Glöstorp;OG;0;0
2011;rf;14804051;Norra Hisingen, Glöstorp;SUMMA_RÖSTER;976;458
2011;rf;14804051;Norra Hisingen, Glöstorp;RÖSTBERÄTTIGADE;1296;1145
2011;rf;14804052;Norra Hisingen, Gunnestorp;M;287;145
2011;rf;14804052;Norra Hisingen, Gunnestorp;C;34;11
2011;rf;14804052;Norra Hisingen, Gunnestorp;L;102;55
2011;rf;14804052;Norra Hisingen, Gunnestorp;KD;47;17
2011;rf;14804052;Norra Hisingen, Gunnestorp;S;443;276
2011;rf;14804052;Norra Hisingen, Gunnestorp;V;113;38
2011;rf;14804052;Norra Hisingen, Gunnestorp;MP;111;45
2011;rf;14804052;Norra Hisingen, Gunnestorp;SD;122;59
2011;rf;14804052;Norra Hisingen, Gunnestorp;FI;5;1
2011;rf;14804052;Norra Hisingen, Gunnestorp;VÄGV;46;62
2011;rf;14804052;Norra Hisingen, Gunnestorp;SPVG;9;20
2011;rf;14804052;Norra Hisingen, Gunnestorp;PP;2;0
2011;rf;14804052;Norra Hisingen, Gunnestorp;K;0;2
2011;rf;14804052;Norra Hisingen, Gunnestorp;HANDSKRIVNA;7;2
2011;rf;14804052;Norra Hisingen, Gunnestorp;GILTIGA;1329;733
2011;rf;14804052;Norra Hisingen, Gunnestorp;BLANK;11;1
2011;rf;14804052;Norra Hisingen, Gunnestorp;OG;1;1
2011;rf;14804052;Norra Hisingen, Gunnestorp;SUMMA_RÖSTER;1341;735
2011;rf;14804052;Norra Hisingen, Gunnestorp;RÖSTBERÄTTIGADE;1642;1618
2011;rf;14804053;Norra Hisingen, Norumshöjd;M;80;40
2011;rf;14804053;Norra Hisingen, Norumshöjd;C;12;2
2011;rf;14804053;Norra Hisingen, Norumshöjd;L;23;11
2011;rf;14804053;Norra Hisingen, Norumshöjd;KD;15;2
2011;rf;14804053;Norra Hisingen, Norumshöjd;S;404;188
2011;rf;14804053;Norra Hisingen, Norumshöjd;V;136;38
2011;rf;14804053;Norra Hisingen, Norumshöjd;MP;90;16
2011;rf;14804053;Norra Hisingen, Norumshöjd;SD;113;43
2011;rf;14804053;Norra Hisingen, Norumshöjd;VÄGV;33;16
2011;rf;14804053;Norra Hisingen, Norumshöjd;PP;13;1
2011;rf;14804053;Norra Hisingen, Norumshöjd;SPVG;6;16
2011;rf;14804053;Norra Hisingen, Norumshöjd;K;0;11
2011;rf;14804053;Norra Hisingen, Norumshöjd;HANDSKRIVNA;4;0
2011;rf;14804053;Norra Hisingen, Norumshöjd;GILTIGA;937;384
2011;rf;14804053;Norra Hisingen, Norumshöjd;BLANK;9;2
2011;rf;14804053;Norra Hisingen, Norumshöjd;OG;1;0
2011;rf;14804053;Norra Hisingen, Norumshöjd;SUMMA_RÖSTER;947;386
2011;rf;14804053;Norra Hisingen, Norumshöjd;RÖSTBERÄTTIGADE;1489;1444
2011;rf;14804061;Norra Hisingen, Säve;M;371;210
2011;rf;14804061;Norra Hisingen, Säve;C;154;80
2011;rf;14804061;Norra Hisingen, Säve;L;92;40
2011;rf;14804061;Norra Hisingen, Säve;KD;74;33
2011;rf;14804061;Norra Hisingen, Säve;S;275;201
2011;rf;14804061;Norra Hisingen, Säve;V;71;27
2011;rf;14804061;Norra Hisingen, Säve;MP;91;37
2011;rf;14804061;Norra Hisingen, Säve;SD;176;79
2011;rf;14804061;Norra Hisingen, Säve;VÄGV;44;73
2011;rf;14804061;Norra Hisingen, Säve;SPVG;13;14
2011;rf;14804061;Norra Hisingen, Säve;PP;11;5
2011;rf;14804061;Norra Hisingen, Säve;K;0;3
2011;rf;14804061;Norra Hisingen, Säve;HANDSKRIVNA;3;0
2011;rf;14804061;Norra Hisingen, Säve;GILTIGA;1380;802
2011;rf;14804061;Norra Hisingen, Säve;BLANK;14;1
2011;rf;14804061;Norra Hisingen, Säve;OG;0;0
2011;rf;14804061;Norra Hisingen, Säve;SUMMA_RÖSTER;1394;803
2011;rf;14804061;Norra Hisingen, Säve;RÖSTBERÄTTIGADE;1683;1645
2011;rf;14804071;Norra Hisingen, Gerrebacka-Ingebäck;M;339;189
2011;rf;14804071;Norra Hisingen, Gerrebacka-Ingebäck;C;34;13
2011;rf;14804071;Norra Hisingen, Gerrebacka-Ingebäck;L;87;43
2011;rf;14804071;Norra Hisingen, Gerrebacka-Ingebäck;KD;44;14
2011;rf;14804071;Norra Hisingen, Gerrebacka-Ingebäck;S;352;185
2011;rf;14804071;Norra Hisingen, Gerrebacka-Ingebäck;V;58;20
2011;rf;14804071;Norra Hisingen, Gerrebacka-Ingebäck;MP;104;29
2011;rf;14804071;Norra Hisingen, Gerrebacka-Ingebäck;SD;132;44
2011;rf;14804071;Norra Hisingen, Gerrebacka-Ingebäck;VÄGV;33;40
2011;rf;14804071;Norra Hisingen, Gerrebacka-Ingebäck;SPVG;14;22
2011;rf;14804071;Norra Hisingen, Gerrebacka-Ingebäck;PP;3;0
2011;rf;14804071;Norra Hisingen, Gerrebacka-Ingebäck;K;0;1
2011;rf;14804071;Norra Hisingen, Gerrebacka-Ingebäck;RS;0;1
2011;rf;14804071;Norra Hisingen, Gerrebacka-Ingebäck;HANDSKRIVNA;3;0
2011;rf;14804071;Norra Hisingen, Gerrebacka-Ingebäck;GILTIGA;1206;601
2011;rf;14804071;Norra Hisingen, Gerrebacka-Ingebäck;BLANK;17;4
2011;rf;14804071;Norra Hisingen, Gerrebacka-Ingebäck;OG;0;0
2011;rf;14804071;Norra Hisingen, Gerrebacka-Ingebäck;SUMMA_RÖSTER;1223;605
2011;rf;14804071;Norra Hisingen, Gerrebacka-Ingebäck;RÖSTBERÄTTIGADE;1425;1387
2011;rf;14804072;Norra Hisingen, Kärra, Norra;M;131;75
2011;rf;14804072;Norra Hisingen, Kärra, Norra;C;11;9
2011;rf;14804072;Norra Hisingen, Kärra, Norra;L;60;35
2011;rf;14804072;Norra Hisingen, Kärra, Norra;KD;41;14
2011;rf;14804072;Norra Hisingen, Kärra, Norra;S;369;259
2011;rf;14804072;Norra Hisingen, Kärra, Norra;V;82;36
2011;rf;14804072;Norra Hisingen, Kärra, Norra;MP;50;29
2011;rf;14804072;Norra Hisingen, Kärra, Norra;SD;128;49
2011;rf;14804072;Norra Hisingen, Kärra, Norra;VÄGV;30;22
2011;rf;14804072;Norra Hisingen, Kärra, Norra;SPVG;10;23
2011;rf;14804072;Norra Hisingen, Kärra, Norra;PP;2;1
2011;rf;14804072;Norra Hisingen, Kärra, Norra;HANDSKRIVNA;3;1
2011;rf;14804072;Norra Hisingen, Kärra, Norra;GILTIGA;921;553
2011;rf;14804072;Norra Hisingen, Kärra, Norra;BLANK;6;2
2011;rf;14804072;Norra Hisingen, Kärra, Norra;OG;0;0
2011;rf;14804072;Norra Hisingen, Kärra, Norra;SUMMA_RÖSTER;927;555
2011;rf;14804072;Norra Hisingen, Kärra, Norra;RÖSTBERÄTTIGADE;1144;1150
2011;rf;14804073;Norra Hisingen, Kärra, Södra;M;236;114
2011;rf;14804073;Norra Hisingen, Kärra, Södra;C;20;12
2011;rf;14804073;Norra Hisingen, Kärra, Södra;L;60;32
2011;rf;14804073;Norra Hisingen, Kärra, Södra;KD;47;18
2011;rf;14804073;Norra Hisingen, Kärra, Södra;S;352;229
2011;rf;14804073;Norra Hisingen, Kärra, Södra;V;66;20
2011;rf;14804073;Norra Hisingen, Kärra, Södra;MP;58;29
2011;rf;14804073;Norra Hisingen, Kärra, Södra;SD;161;53
2011;rf;14804073;Norra Hisingen, Kärra, Södra;VÄGV;42;46
2011;rf;14804073;Norra Hisingen, Kärra, Södra;PP;4;0
2011;rf;14804073;Norra Hisingen, Kärra, Södra;SPVG;3;19
2011;rf;14804073;Norra Hisingen, Kärra, Södra;K;0;2
2011;rf;14804073;Norra Hisingen, Kärra, Södra;HANDSKRIVNA;7;0
2011;rf;14804073;Norra Hisingen, Kärra, Södra;GILTIGA;1061;574
2011;rf;14804073;Norra Hisingen, Kärra, Södra;BLANK;15;2
2011;rf;14804073;Norra Hisingen, Kärra, Södra;OG;0;0
2011;rf;14804073;Norra Hisingen, Kärra, Södra;SUMMA_RÖSTER;1076;576
2011;rf;14804073;Norra Hisingen, Kärra, Södra;RÖSTBERÄTTIGADE;1312;1285
2011;rf;14804074;Norra Hisingen, Kärra, Västra;M;144;82
2011;rf;14804074;Norra Hisingen, Kärra, Västra;C;20;8
2011;rf;14804074;Norra Hisingen, Kärra, Västra;L;64;26
2011;rf;14804074;Norra Hisingen, Kärra, Västra;KD;34;10
2011;rf;14804074;Norra Hisingen, Kärra, Västra;S;366;250
2011;rf;14804074;Norra Hisingen, Kärra, Västra;V;76;17
2011;rf;14804074;Norra Hisingen, Kärra, Västra;MP;54;14
2011;rf;14804074;Norra Hisingen, Kärra, Västra;SD;182;66
2011;rf;14804074;Norra Hisingen, Kärra, Västra;VÄGV;29;36
2011;rf;14804074;Norra Hisingen, Kärra, Västra;SPVG;5;17
2011;rf;14804074;Norra Hisingen, Kärra, Västra;PP;3;0
2011;rf;14804074;Norra Hisingen, Kärra, Västra;K;0;1
2011;rf;14804074;Norra Hisingen, Kärra, Västra;HANDSKRIVNA;7;0
2011;rf;14804074;Norra Hisingen, Kärra, Västra;GILTIGA;987;527
2011;rf;14804074;Norra Hisingen, Kärra, Västra;BLANK;21;1
2011;rf;14804074;Norra Hisingen, Kärra, Västra;OG;0;0
2011;rf;14804074;Norra Hisingen, Kärra, Västra;SUMMA_RÖSTER;1008;528
2011;rf;14804074;Norra Hisingen, Kärra, Västra;RÖSTBERÄTTIGADE;1249;1248
2011;rf;14804075;Norra Hisingen, Kärra, Östra;M;164;77
2011;rf;14804075;Norra Hisingen, Kärra, Östra;C;15;10
2011;rf;14804075;Norra Hisingen, Kärra, Östra;L;62;24
2011;rf;14804075;Norra Hisingen, Kärra, Östra;KD;46;2
2011;rf;14804075;Norra Hisingen, Kärra, Östra;S;445;297
2011;rf;14804075;Norra Hisingen, Kärra, Östra;V;91;25
2011;rf;14804075;Norra Hisingen, Kärra, Östra;MP;54;24
2011;rf;14804075;Norra Hisingen, Kärra, Östra;SD;138;54
2011;rf;14804075;Norra Hisingen, Kärra, Östra;VÄGV;24;38
2011;rf;14804075;Norra Hisingen, Kärra, Östra;PP;3;0
2011;rf;14804075;Norra Hisingen, Kärra, Östra;SPVG;3;18
2011;rf;14804075;Norra Hisingen, Kärra, Östra;HANDSKRIVNA;5;0
2011;rf;14804075;Norra Hisingen, Kärra, Östra;GILTIGA;1056;569
2011;rf;14804075;Norra Hisingen, Kärra, Östra;BLANK;18;5
2011;rf;14804075;Norra Hisingen, Kärra, Östra;OG;0;0
2011;rf;14804075;Norra Hisingen, Kärra, Östra;SUMMA_RÖSTER;1074;574
2011;rf;14804075;Norra Hisingen, Kärra, Östra;RÖSTBERÄTTIGADE;1353;1331
2011;rf;14804076;Norra Hisingen, Mysterna-Svankälla;M;392;217
2011;rf;14804076;Norra Hisingen, Mysterna-Svankälla;C;36;12
2011;rf;14804076;Norra Hisingen, Mysterna-Svankälla;L;102;30
2011;rf;14804076;Norra Hisingen, Mysterna-Svankälla;KD;51;14
2011;rf;14804076;Norra Hisingen, Mysterna-Svankälla;S;278;174
2011;rf;14804076;Norra Hisingen, Mysterna-Svankälla;V;66;27
2011;rf;14804076;Norra Hisingen, Mysterna-Svankälla;MP;76;33
2011;rf;14804076;Norra Hisingen, Mysterna-Svankälla;SD;138;49
2011;rf;14804076;Norra Hisingen, Mysterna-Svankälla;FI;1;1
2011;rf;14804076;Norra Hisingen, Mysterna-Svankälla;VÄGV;31;35
2011;rf;14804076;Norra Hisingen, Mysterna-Svankälla;SPVG;11;29
2011;rf;14804076;Norra Hisingen, Mysterna-Svankälla;PP;3;0
2011;rf;14804076;Norra Hisingen, Mysterna-Svankälla;K;0;2
2011;rf;14804076;Norra Hisingen, Mysterna-Svankälla;HANDSKRIVNA;3;0
2011;rf;14804076;Norra Hisingen, Mysterna-Svankälla;GILTIGA;1190;623
2011;rf;14804076;Norra Hisingen, Mysterna-Svankälla;BLANK;18;4
2011;rf;14804076;Norra Hisingen, Mysterna-Svankälla;OG;0;0
2011;rf;14804076;Norra Hisingen, Mysterna-Svankälla;SUMMA_RÖSTER;1208;627
2011;rf;14804076;Norra Hisingen, Mysterna-Svankälla;RÖSTBERÄTTIGADE;1357;1320
2011;rf;14804081;Norra Hisingen, Rödbo;M;162;110
2011;rf;14804081;Norra Hisingen, Rödbo;C;26;15
2011;rf;14804081;Norra Hisingen, Rödbo;L;31;10
2011;rf;14804081;Norra Hisingen, Rödbo;KD;20;9
2011;rf;14804081;Norra Hisingen, Rödbo;S;116;73
2011;rf;14804081;Norra Hisingen, Rödbo;V;34;14
2011;rf;14804081;Norra Hisingen, Rödbo;MP;48;15
2011;rf;14804081;Norra Hisingen, Rödbo;SD;97;27
2011;rf;14804081;Norra Hisingen, Rödbo;VÄGV;22;23
2011;rf;14804081;Norra Hisingen, Rödbo;SPVG;6;10
2011;rf;14804081;Norra Hisingen, Rödbo;PP;5;0
2011;rf;14804081;Norra Hisingen, Rödbo;HANDSKRIVNA;1;0
2011;rf;14804081;Norra Hisingen, Rödbo;GILTIGA;572;306
2011;rf;14804081;Norra Hisingen, Rödbo;BLANK;1;0
2011;rf;14804081;Norra Hisingen, Rödbo;OG;0;0
2011;rf;14804081;Norra Hisingen, Rödbo;SUMMA_RÖSTER;573;306
2011;rf;14804081;Norra Hisingen, Rödbo;RÖSTBERÄTTIGADE;700;669
2011;rf;14804091;Norra Hisingen, Skogome-Sankt Jörgen;M;394;243
2011;rf;14804091;Norra Hisingen, Skogome-Sankt Jörgen;C;43;24
2011;rf;14804091;Norra Hisingen, Skogome-Sankt Jörgen;L;133;68
2011;rf;14804091;Norra Hisingen, Skogome-Sankt Jörgen;KD;84;30
2011;rf;14804091;Norra Hisingen, Skogome-Sankt Jörgen;S;444;335
2011;rf;14804091;Norra Hisingen, Skogome-Sankt Jörgen;V;125;43
2011;rf;14804091;Norra Hisingen, Skogome-Sankt Jörgen;MP;111;43
2011;rf;14804091;Norra Hisingen, Skogome-Sankt Jörgen;SD;109;67
2011;rf;14804091;Norra Hisingen, Skogome-Sankt Jörgen;VÄGV;58;74
2011;rf;14804091;Norra Hisingen, Skogome-Sankt Jörgen;SPVG;10;16
2011;rf;14804091;Norra Hisingen, Skogome-Sankt Jörgen;PP;5;2
2011;rf;14804091;Norra Hisingen, Skogome-Sankt Jörgen;SVP;3;3
2011;rf;14804091;Norra Hisingen, Skogome-Sankt Jörgen;K;0;2
2011;rf;14804091;Norra Hisingen, Skogome-Sankt Jörgen;HANDSKRIVNA;3;0
2011;rf;14804091;Norra Hisingen, Skogome-Sankt Jörgen;GILTIGA;1528;950
2011;rf;14804091;Norra Hisingen, Skogome-Sankt Jörgen;BLANK;24;2
2011;rf;14804091;Norra Hisingen, Skogome-Sankt Jörgen;OG;0;1
2011;rf;14804091;Norra Hisingen, Skogome-Sankt Jörgen;SUMMA_RÖSTER;1552;953
2011;rf;14804091;Norra Hisingen, Skogome-Sankt Jörgen;RÖSTBERÄTTIGADE;1936;1973
2011;rf;14804103;Norra Hisingen, Brunnsbo;M;98;67
2011;rf;14804103;Norra Hisingen, Brunnsbo;C;21;9
2011;rf;14804103;Norra Hisingen, Brunnsbo;L;46;18
2011;rf;14804103;Norra Hisingen, Brunnsbo;KD;30;11
2011;rf;14804103;Norra Hisingen, Brunnsbo;S;434;249
2011;rf;14804103;Norra Hisingen, Brunnsbo;V;188;66
2011;rf;14804103;Norra Hisingen, Brunnsbo;MP;109;33
2011;rf;14804103;Norra Hisingen, Brunnsbo;SD;114;58
2011;rf;14804103;Norra Hisingen, Brunnsbo;FI;2;2
2011;rf;14804103;Norra Hisingen, Brunnsbo;VÄGV;17;19
2011;rf;14804103;Norra Hisingen, Brunnsbo;PP;7;5
2011;rf;14804103;Norra Hisingen, Brunnsbo;RS;6;2
2011;rf;14804103;Norra Hisingen, Brunnsbo;SPVG;3;20
2011;rf;14804103;Norra Hisingen, Brunnsbo;K;0;4
2011;rf;14804103;Norra Hisingen, Brunnsbo;HANDSKRIVNA;6;0
2011;rf;14804103;Norra Hisingen, Brunnsbo;GILTIGA;1084;563
2011;rf;14804103;Norra Hisingen, Brunnsbo;BLANK;15;0
2011;rf;14804103;Norra Hisingen, Brunnsbo;OG;0;0
2011;rf;14804103;Norra Hisingen, Brunnsbo;SUMMA_RÖSTER;1099;563
2011;rf;14804103;Norra Hisingen, Brunnsbo;RÖSTBERÄTTIGADE;1675;1618
2011;rf;14804131;Norra Hisingen, Backadalen;M;140;64
2011;rf;14804131;Norra Hisingen, Backadalen;C;11;5
2011;rf;14804131;Norra Hisingen, Backadalen;L;27;14
2011;rf;14804131;Norra Hisingen, Backadalen;KD;32;18
2011;rf;14804131;Norra Hisingen, Backadalen;S;420;224
2011;rf;14804131;Norra Hisingen, Backadalen;V;92;29
2011;rf;14804131;Norra Hisingen, Backadalen;MP;48;18
2011;rf;14804131;Norra Hisingen, Backadalen;SD;115;54
2011;rf;14804131;Norra Hisingen, Backadalen;VÄGV;37;36
2011;rf;14804131;Norra Hisingen, Backadalen;PP;6;1
2011;rf;14804131;Norra Hisingen, Backadalen;SPVG;4;15
2011;rf;14804131;Norra Hisingen, Backadalen;SVP;2;1
2011;rf;14804131;Norra Hisingen, Backadalen;HANDSKRIVNA;6;0
2011;rf;14804131;Norra Hisingen, Backadalen;GILTIGA;943;479
2011;rf;14804131;Norra Hisingen, Backadalen;BLANK;12;3
2011;rf;14804131;Norra Hisingen, Backadalen;OG;0;0
2011;rf;14804131;Norra Hisingen, Backadalen;SUMMA_RÖSTER;955;482
2011;rf;14804131;Norra Hisingen, Backadalen;RÖSTBERÄTTIGADE;1441;1428
2011;rf;14804132;Norra Hisingen, Bäckebol;M;91;52
2011;rf;14804132;Norra Hisingen, Bäckebol;C;10;6
2011;rf;14804132;Norra Hisingen, Bäckebol;L;24;9
2011;rf;14804132;Norra Hisingen, Bäckebol;KD;23;6
2011;rf;14804132;Norra Hisingen, Bäckebol;S;344;200
2011;rf;14804132;Norra Hisingen, Bäckebol;V;59;12
2011;rf;14804132;Norra Hisingen, Bäckebol;MP;35;13
2011;rf;14804132;Norra Hisingen, Bäckebol;SD;67;25
2011;rf;14804132;Norra Hisingen, Bäckebol;VÄGV;31;21
2011;rf;14804132;Norra Hisingen, Bäckebol;SPVG;5;7
2011;rf;14804132;Norra Hisingen, Bäckebol;PP;3;1
2011;rf;14804132;Norra Hisingen, Bäckebol;RS;1;1
2011;rf;14804132;Norra Hisingen, Bäckebol;K;0;4
2011;rf;14804132;Norra Hisingen, Bäckebol;HANDSKRIVNA;2;0
2011;rf;14804132;Norra Hisingen, Bäckebol;GILTIGA;698;357
2011;rf;14804132;Norra Hisingen, Bäckebol;BLANK;11;0
2011;rf;14804132;Norra Hisingen, Bäckebol;OG;0;0
2011;rf;14804132;Norra Hisingen, Bäckebol;SUMMA_RÖSTER;709;357
2011;rf;14804132;Norra Hisingen, Bäckebol;RÖSTBERÄTTIGADE;1020;1005
2011;rf;14804133;Norra Hisingen, Selma Lagerlöfs torg;M;51;27
2011;rf;14804133;Norra Hisingen, Selma Lagerlöfs torg;C;10;1
2011;rf;14804133;Norra Hisingen, Selma Lagerlöfs torg;L;28;8
2011;rf;14804133;Norra Hisingen, Selma Lagerlöfs torg;KD;16;1
2011;rf;14804133;Norra Hisingen, Selma Lagerlöfs torg;S;327;161
2011;rf;14804133;Norra Hisingen, Selma Lagerlöfs torg;V;97;33
2011;rf;14804133;Norra Hisingen, Selma Lagerlöfs torg;MP;85;31
2011;rf;14804133;Norra Hisingen, Selma Lagerlöfs torg;SD;75;36
2011;rf;14804133;Norra Hisingen, Selma Lagerlöfs torg;FI;5;1
2011;rf;14804133;Norra Hisingen, Selma Lagerlöfs torg;PP;12;2
2011;rf;14804133;Norra Hisingen, Selma Lagerlöfs torg;VÄGV;10;9
2011;rf;14804133;Norra Hisingen, Selma Lagerlöfs torg;SPVG;5;11
2011;rf;14804133;Norra Hisingen, Selma Lagerlöfs torg;RS;1;2
2011;rf;14804133;Norra Hisingen, Selma Lagerlöfs torg;K;0;1
2011;rf;14804133;Norra Hisingen, Selma Lagerlöfs torg;HANDSKRIVNA;8;2
2011;rf;14804133;Norra Hisingen, Selma Lagerlöfs torg;GILTIGA;734;326
2011;rf;14804133;Norra Hisingen, Selma Lagerlöfs torg;BLANK;14;3
2011;rf;14804133;Norra Hisingen, Selma Lagerlöfs torg;OG;0;0
2011;rf;14804133;Norra Hisingen, Selma Lagerlöfs torg;SUMMA_RÖSTER;748;329
2011;rf;14804133;Norra Hisingen, Selma Lagerlöfs torg;RÖSTBERÄTTIGADE;1250;1065
2011;rf;14804134;Norra Hisingen, Skälltorp;M;217;146
2011;rf;14804134;Norra Hisingen, Skälltorp;C;31;10
2011;rf;14804134;Norra Hisingen, Skälltorp;L;77;40
2011;rf;14804134;Norra Hisingen, Skälltorp;KD;36;34
2011;rf;14804134;Norra Hisingen, Skälltorp;S;436;336
2011;rf;14804134;Norra Hisingen, Skälltorp;V;137;56
2011;rf;14804134;Norra Hisingen, Skälltorp;MP;81;29
2011;rf;14804134;Norra Hisingen, Skälltorp;SD;136;62
2011;rf;14804134;Norra Hisingen, Skälltorp;VÄGV;53;61
2011;rf;14804134;Norra Hisingen, Skälltorp;SPVG;7;16
2011;rf;14804134;Norra Hisingen, Skälltorp;PP;2;2
2011;rf;14804134;Norra Hisingen, Skälltorp;K;0;6
2011;rf;14804134;Norra Hisingen, Skälltorp;RS;0;1
2011;rf;14804134;Norra Hisingen, Skälltorp;HANDSKRIVNA;5;0
2011;rf;14804134;Norra Hisingen, Skälltorp;GILTIGA;1223;799
2011;rf;14804134;Norra Hisingen, Skälltorp;BLANK;25;0
2011;rf;14804134;Norra Hisingen, Skälltorp;OG;1;1
2011;rf;14804134;Norra Hisingen, Skälltorp;SUMMA_RÖSTER;1249;800
2011;rf;14804134;Norra Hisingen, Skälltorp;RÖSTBERÄTTIGADE;1705;1714
2011;rf;14804135;Norra Hisingen, Åketorp;M;369;257
2011;rf;14804135;Norra Hisingen, Åketorp;C;51;18
2011;rf;14804135;Norra Hisingen, Åketorp;L;98;65
2011;rf;14804135;Norra Hisingen, Åketorp;KD;83;42
2011;rf;14804135;Norra Hisingen, Åketorp;S;417;338
2011;rf;14804135;Norra Hisingen, Åketorp;V;115;52
2011;rf;14804135;Norra Hisingen, Åketorp;MP;79;39
2011;rf;14804135;Norra Hisingen, Åketorp;SD;127;64
2011;rf;14804135;Norra Hisingen, Åketorp;FI;4;2
2011;rf;14804135;Norra Hisingen, Åketorp;VÄGV;58;97
2011;rf;14804135;Norra Hisingen, Åketorp;SPVG;7;18
2011;rf;14804135;Norra Hisingen, Åketorp;PP;5;2
2011;rf;14804135;Norra Hisingen, Åketorp;HANDSKRIVNA;2;0
2011;rf;14804135;Norra Hisingen, Åketorp;GILTIGA;1415;994
2011;rf;14804135;Norra Hisingen, Åketorp;BLANK;29;12
2011;rf;14804135;Norra Hisingen, Åketorp;OG;0;2
2011;rf;14804135;Norra Hisingen, Åketorp;SUMMA_RÖSTER;1444;1008
2011;rf;14804135;Norra Hisingen, Åketorp;RÖSTBERÄTTIGADE;1642;1654
2011;rf;14804141;Lundby, Bräcke, Norra;M;206;108
2011;rf;14804141;Lundby, Bräcke, Norra;C;27;14
2011;rf;14804141;Lundby, Bräcke, Norra;L;72;43
2011;rf;14804141;Lundby, Bräcke, Norra;KD;26;14
2011;rf;14804141;Lundby, Bräcke, Norra;S;292;205
2011;rf;14804141;Lundby, Bräcke, Norra;V;157;48
2011;rf;14804141;Lundby, Bräcke, Norra;MP;123;54
2011;rf;14804141;Lundby, Bräcke, Norra;SD;139;66
2011;rf;14804141;Lundby, Bräcke, Norra;FI;8;1
2011;rf;14804141;Lundby, Bräcke, Norra;VÄGV;24;65
2011;rf;14804141;Lundby, Bräcke, Norra;SPVG;9;15
2011;rf;14804141;Lundby, Bräcke, Norra;PP;6;3
2011;rf;14804141;Lundby, Bräcke, Norra;K;0;1
2011;rf;14804141;Lundby, Bräcke, Norra;HANDSKRIVNA;6;0
2011;rf;14804141;Lundby, Bräcke, Norra;GILTIGA;1098;637
2011;rf;14804141;Lundby, Bräcke, Norra;BLANK;16;6
2011;rf;14804141;Lundby, Bräcke, Norra;OG;0;0
2011;rf;14804141;Lundby, Bräcke, Norra;SUMMA_RÖSTER;1114;643
2011;rf;14804141;Lundby, Bräcke, Norra;RÖSTBERÄTTIGADE;1365;1363
2011;rf;14804142;Lundby, Bräcke, Södra;M;163;73
2011;rf;14804142;Lundby, Bräcke, Södra;C;25;4
2011;rf;14804142;Lundby, Bräcke, Södra;L;47;22
2011;rf;14804142;Lundby, Bräcke, Södra;KD;27;15
2011;rf;14804142;Lundby, Bräcke, Södra;S;247;145
2011;rf;14804142;Lundby, Bräcke, Södra;V;131;61
2011;rf;14804142;Lundby, Bräcke, Södra;MP;102;43
2011;rf;14804142;Lundby, Bräcke, Södra;SD;94;52
2011;rf;14804142;Lundby, Bräcke, Södra;FI;7;2
2011;rf;14804142;Lundby, Bräcke, Södra;VÄGV;19;44
2011;rf;14804142;Lundby, Bräcke, Södra;PP;8;5
2011;rf;14804142;Lundby, Bräcke, Södra;SPVG;6;10
2011;rf;14804142;Lundby, Bräcke, Södra;K;0;2
2011;rf;14804142;Lundby, Bräcke, Södra;RS;0;1
2011;rf;14804142;Lundby, Bräcke, Södra;HANDSKRIVNA;6;0
2011;rf;14804142;Lundby, Bräcke, Södra;GILTIGA;886;479
2011;rf;14804142;Lundby, Bräcke, Södra;BLANK;12;3
2011;rf;14804142;Lundby, Bräcke, Södra;OG;0;0
2011;rf;14804142;Lundby, Bräcke, Södra;SUMMA_RÖSTER;898;482
2011;rf;14804142;Lundby, Bräcke, Södra;RÖSTBERÄTTIGADE;1188;1152
2011;rf;14804144;Lundby, Lundby, Norra;M;147;76
2011;rf;14804144;Lundby, Lundby, Norra;C;12;7
2011;rf;14804144;Lundby, Lundby, Norra;L;49;25
2011;rf;14804144;Lundby, Lundby, Norra;KD;42;19
2011;rf;14804144;Lundby, Lundby, Norra;S;275;139
2011;rf;14804144;Lundby, Lundby, Norra;V;104;37
2011;rf;14804144;Lundby, Lundby, Norra;MP;102;30
2011;rf;14804144;Lundby, Lundby, Norra;SD;86;34
2011;rf;14804144;Lundby, Lundby, Norra;FI;7;3
2011;rf;14804144;Lundby, Lundby, Norra;VÄGV;32;27
2011;rf;14804144;Lundby, Lundby, Norra;PP;12;3
2011;rf;14804144;Lundby, Lundby, Norra;SPVG;5;14
2011;rf;14804144;Lundby, Lundby, Norra;SVP;0;2
2011;rf;14804144;Lundby, Lundby, Norra;HANDSKRIVNA;2;0
2011;rf;14804144;Lundby, Lundby, Norra;GILTIGA;877;416
2011;rf;14804144;Lundby, Lundby, Norra;BLANK;19;8
2011;rf;14804144;Lundby, Lundby, Norra;OG;1;2
2011;rf;14804144;Lundby, Lundby, Norra;SUMMA_RÖSTER;897;426
2011;rf;14804144;Lundby, Lundby, Norra;RÖSTBERÄTTIGADE;1221;1071
2011;rf;14804145;Lundby, Lundby, Södra;M;109;62
2011;rf;14804145;Lundby, Lundby, Södra;C;27;16
2011;rf;14804145;Lundby, Lundby, Södra;L;53;24
2011;rf;14804145;Lundby, Lundby, Södra;KD;24;9
2011;rf;14804145;Lundby, Lundby, Södra;S;211;111
2011;rf;14804145;Lundby, Lundby, Södra;V;119;54
2011;rf;14804145;Lundby, Lundby, Södra;MP;127;49
2011;rf;14804145;Lundby, Lundby, Södra;SD;86;35
2011;rf;14804145;Lundby, Lundby, Södra;FI;1;1
2011;rf;14804145;Lundby, Lundby, Södra;VÄGV;17;11
2011;rf;14804145;Lundby, Lundby, Södra;PP;8;5
2011;rf;14804145;Lundby, Lundby, Södra;SPVG;6;6
2011;rf;14804145;Lundby, Lundby, Södra;K;0;1
2011;rf;14804145;Lundby, Lundby, Södra;RS;0;1
2011;rf;14804145;Lundby, Lundby, Södra;HANDSKRIVNA;6;0
2011;rf;14804145;Lundby, Lundby, Södra;GILTIGA;794;385
2011;rf;14804145;Lundby, Lundby, Södra;BLANK;14;4
2011;rf;14804145;Lundby, Lundby, Södra;OG;0;1
2011;rf;14804145;Lundby, Lundby, Södra;SUMMA_RÖSTER;808;390
2011;rf;14804145;Lundby, Lundby, Södra;RÖSTBERÄTTIGADE;1098;1106
2011;rf;14804152;Lundby, Brämaregården, Östra;M;109;60
2011;rf;14804152;Lundby, Brämaregården, Östra;C;25;10
2011;rf;14804152;Lundby, Brämaregården, Östra;L;44;27
2011;rf;14804152;Lundby, Brämaregården, Östra;KD;22;6
2011;rf;14804152;Lundby, Brämaregården, Östra;S;190;158
2011;rf;14804152;Lundby, Brämaregården, Östra;V;252;99
2011;rf;14804152;Lundby, Brämaregården, Östra;MP;210;117
2011;rf;14804152;Lundby, Brämaregården, Östra;SD;56;30
2011;rf;14804152;Lundby, Brämaregården, Östra;FI;17;3
2011;rf;14804152;Lundby, Brämaregården, Östra;VÄGV;15;11
2011;rf;14804152;Lundby, Brämaregården, Östra;PP;13;2
2011;rf;14804152;Lundby, Brämaregården, Östra;SPVG;5;12
2011;rf;14804152;Lundby, Brämaregården, Östra;RS;1;1
2011;rf;14804152;Lundby, Brämaregården, Östra;K;0;7
2011;rf;14804152;Lundby, Brämaregården, Östra;HANDSKRIVNA;2;0
2011;rf;14804152;Lundby, Brämaregården, Östra;GILTIGA;968;543
2011;rf;14804152;Lundby, Brämaregården, Östra;BLANK;21;8
2011;rf;14804152;Lundby, Brämaregården, Östra;OG;1;1
2011;rf;14804152;Lundby, Brämaregården, Östra;SUMMA_RÖSTER;990;552
2011;rf;14804152;Lundby, Brämaregården, Östra;RÖSTBERÄTTIGADE;1384;1396
2011;rf;14804154;Lundby, Porslinsfabriken;M;219;41
2011;rf;14804154;Lundby, Porslinsfabriken;C;22;7
2011;rf;14804154;Lundby, Porslinsfabriken;L;70;14
2011;rf;14804154;Lundby, Porslinsfabriken;KD;31;3
2011;rf;14804154;Lundby, Porslinsfabriken;S;246;80
2011;rf;14804154;Lundby, Porslinsfabriken;V;161;42
2011;rf;14804154;Lundby, Porslinsfabriken;MP;126;44
2011;rf;14804154;Lundby, Porslinsfabriken;SD;56;16
2011;rf;14804154;Lundby, Porslinsfabriken;FI;9;1
2011;rf;14804154;Lundby, Porslinsfabriken;VÄGV;17;13
2011;rf;14804154;Lundby, Porslinsfabriken;PP;4;1
2011;rf;14804154;Lundby, Porslinsfabriken;SPVG;2;4
2011;rf;14804154;Lundby, Porslinsfabriken;K;0;1
2011;rf;14804154;Lundby, Porslinsfabriken;HANDSKRIVNA;8;0
2011;rf;14804154;Lundby, Porslinsfabriken;GILTIGA;973;267
2011;rf;14804154;Lundby, Porslinsfabriken;BLANK;17;0
2011;rf;14804154;Lundby, Porslinsfabriken;OG;0;0
2011;rf;14804154;Lundby, Porslinsfabriken;SUMMA_RÖSTER;990;267
2011;rf;14804154;Lundby, Porslinsfabriken;RÖSTBERÄTTIGADE;1285;729
2011;rf;14804165;Lundby, Sannegården;M;414;252
2011;rf;14804165;Lundby, Sannegården;C;52;17
2011;rf;14804165;Lundby, Sannegården;L;152;69
2011;rf;14804165;Lundby, Sannegården;KD;79;26
2011;rf;14804165;Lundby, Sannegården;S;246;138
2011;rf;14804165;Lundby, Sannegården;V;90;35
2011;rf;14804165;Lundby, Sannegården;MP;145;55
2011;rf;14804165;Lundby, Sannegården;SD;66;12
2011;rf;14804165;Lundby, Sannegården;FI;3;1
2011;rf;14804165;Lundby, Sannegården;VÄGV;24;17
2011;rf;14804165;Lundby, Sannegården;PP;4;2
2011;rf;14804165;Lundby, Sannegården;SPVG;3;13
2011;rf;14804165;Lundby, Sannegården;K;0;1
2011;rf;14804165;Lundby, Sannegården;HANDSKRIVNA;2;0
2011;rf;14804165;Lundby, Sannegården;GILTIGA;1284;638
2011;rf;14804165;Lundby, Sannegården;BLANK;14;0
2011;rf;14804165;Lundby, Sannegården;OG;0;0
2011;rf;14804165;Lundby, Sannegården;SUMMA_RÖSTER;1298;638
2011;rf;14804165;Lundby, Sannegården;RÖSTBERÄTTIGADE;1450;1328
2011;rf;14805011;Västra Göteborg, Björnekulla;M;496;384
2011;rf;14805011;Västra Göteborg, Björnekulla;C;60;19
2011;rf;14805011;Västra Göteborg, Björnekulla;L;163;113
2011;rf;14805011;Västra Göteborg, Björnekulla;KD;139;91
2011;rf;14805011;Västra Göteborg, Björnekulla;S;181;165
2011;rf;14805011;Västra Göteborg, Björnekulla;V;46;24
2011;rf;14805011;Västra Göteborg, Björnekulla;MP;88;49
2011;rf;14805011;Västra Göteborg, Björnekulla;SD;68;30
2011;rf;14805011;Västra Göteborg, Björnekulla;FI;1;1
2011;rf;14805011;Västra Göteborg, Björnekulla;VÄGV;36;50
2011;rf;14805011;Västra Göteborg, Björnekulla;SPVG;5;6
2011;rf;14805011;Västra Göteborg, Björnekulla;PP;3;1
2011;rf;14805011;Västra Göteborg, Björnekulla;K;0;1
2011;rf;14805011;Västra Göteborg, Björnekulla;HANDSKRIVNA;1;0
2011;rf;14805011;Västra Göteborg, Björnekulla;GILTIGA;1289;934
2011;rf;14805011;Västra Göteborg, Björnekulla;BLANK;6;2
2011;rf;14805011;Västra Göteborg, Björnekulla;OG;1;1
2011;rf;14805011;Västra Göteborg, Björnekulla;SUMMA_RÖSTER;1296;937
2011;rf;14805011;Västra Göteborg, Björnekulla;RÖSTBERÄTTIGADE;1442;1460
2011;rf;14805012;Västra Göteborg, Fiskebäck, Norra;M;480;387
2011;rf;14805012;Västra Göteborg, Fiskebäck, Norra;C;39;16
2011;rf;14805012;Västra Göteborg, Fiskebäck, Norra;L;175;103
2011;rf;14805012;Västra Göteborg, Fiskebäck, Norra;KD;209;136
2011;rf;14805012;Västra Göteborg, Fiskebäck, Norra;S;109;106
2011;rf;14805012;Västra Göteborg, Fiskebäck, Norra;V;48;14
2011;rf;14805012;Västra Göteborg, Fiskebäck, Norra;MP;106;52
2011;rf;14805012;Västra Göteborg, Fiskebäck, Norra;SD;71;33
2011;rf;14805012;Västra Göteborg, Fiskebäck, Norra;FI;8;1
2011;rf;14805012;Västra Göteborg, Fiskebäck, Norra;VÄGV;27;43
2011;rf;14805012;Västra Göteborg, Fiskebäck, Norra;SPVG;7;12
2011;rf;14805012;Västra Göteborg, Fiskebäck, Norra;PP;2;3
2011;rf;14805012;Västra Göteborg, Fiskebäck, Norra;HANDSKRIVNA;3;0
2011;rf;14805012;Västra Göteborg, Fiskebäck, Norra;GILTIGA;1284;906
2011;rf;14805012;Västra Göteborg, Fiskebäck, Norra;BLANK;7;2
2011;rf;14805012;Västra Göteborg, Fiskebäck, Norra;OG;0;0
2011;rf;14805012;Västra Göteborg, Fiskebäck, Norra;SUMMA_RÖSTER;1291;908
2011;rf;14805012;Västra Göteborg, Fiskebäck, Norra;RÖSTBERÄTTIGADE;1408;1397
2011;rf;14805013;Västra Göteborg, Fiskebäck, Södra;M;412;233
2011;rf;14805013;Västra Göteborg, Fiskebäck, Södra;C;32;12
2011;rf;14805013;Västra Göteborg, Fiskebäck, Södra;L;107;59
2011;rf;14805013;Västra Göteborg, Fiskebäck, Södra;KD;191;121
2011;rf;14805013;Västra Göteborg, Fiskebäck, Södra;S;83;43
2011;rf;14805013;Västra Göteborg, Fiskebäck, Södra;V;24;9
2011;rf;14805013;Västra Göteborg, Fiskebäck, Södra;MP;44;14
2011;rf;14805013;Västra Göteborg, Fiskebäck, Södra;SD;43;15
2011;rf;14805013;Västra Göteborg, Fiskebäck, Södra;VÄGV;18;22
2011;rf;14805013;Västra Göteborg, Fiskebäck, Södra;SPVG;4;5
2011;rf;14805013;Västra Göteborg, Fiskebäck, Södra;PP;2;0
2011;rf;14805013;Västra Göteborg, Fiskebäck, Södra;GILTIGA;965;533
2011;rf;14805013;Västra Göteborg, Fiskebäck, Södra;BLANK;6;0
2011;rf;14805013;Västra Göteborg, Fiskebäck, Södra;OG;1;0
2011;rf;14805013;Västra Göteborg, Fiskebäck, Södra;SUMMA_RÖSTER;972;533
2011;rf;14805013;Västra Göteborg, Fiskebäck, Södra;RÖSTBERÄTTIGADE;1151;985
2011;rf;14805014;Västra Göteborg, Påvelund;M;616;481
2011;rf;14805014;Västra Göteborg, Påvelund;C;56;28
2011;rf;14805014;Västra Göteborg, Påvelund;L;200;117
2011;rf;14805014;Västra Göteborg, Påvelund;KD;135;58
2011;rf;14805014;Västra Göteborg, Påvelund;S;127;95
2011;rf;14805014;Västra Göteborg, Påvelund;V;50;27
2011;rf;14805014;Västra Göteborg, Påvelund;MP;81;45
2011;rf;14805014;Västra Göteborg, Påvelund;SD;70;40
2011;rf;14805014;Västra Göteborg, Påvelund;FI;4;1
2011;rf;14805014;Västra Göteborg, Påvelund;VÄGV;24;46
2011;rf;14805014;Västra Göteborg, Påvelund;PP;8;1
2011;rf;14805014;Västra Göteborg, Påvelund;SPVG;3;23
2011;rf;14805014;Västra Göteborg, Påvelund;HANDSKRIVNA;3;0
2011;rf;14805014;Västra Göteborg, Påvelund;GILTIGA;1381;962
2011;rf;14805014;Västra Göteborg, Påvelund;BLANK;12;5
2011;rf;14805014;Västra Göteborg, Påvelund;OG;0;0
2011;rf;14805014;Västra Göteborg, Påvelund;SUMMA_RÖSTER;1393;967
2011;rf;14805014;Västra Göteborg, Påvelund;RÖSTBERÄTTIGADE;1603;1541
2011;rf;14805021;Västra Göteborg, Långedrag;M;826;639
2011;rf;14805021;Västra Göteborg, Långedrag;C;44;27
2011;rf;14805021;Västra Göteborg, Långedrag;L;200;129
2011;rf;14805021;Västra Göteborg, Långedrag;KD;83;51
2011;rf;14805021;Västra Göteborg, Långedrag;S;62;46
2011;rf;14805021;Västra Göteborg, Långedrag;V;28;14
2011;rf;14805021;Västra Göteborg, Långedrag;MP;67;49
2011;rf;14805021;Västra Göteborg, Långedrag;SD;41;20
2011;rf;14805021;Västra Göteborg, Långedrag;VÄGV;28;32
2011;rf;14805021;Västra Göteborg, Långedrag;PP;4;0
2011;rf;14805021;Västra Göteborg, Långedrag;SPVG;1;9
2011;rf;14805021;Västra Göteborg, Långedrag;K;0;2
2011;rf;14805021;Västra Göteborg, Långedrag;GILTIGA;1386;1018
2011;rf;14805021;Västra Göteborg, Långedrag;BLANK;4;2
2011;rf;14805021;Västra Göteborg, Långedrag;OG;0;0
2011;rf;14805021;Västra Göteborg, Långedrag;SUMMA_RÖSTER;1390;1020
2011;rf;14805021;Västra Göteborg, Långedrag;RÖSTBERÄTTIGADE;1529;1522
2011;rf;14805033;Västra Göteborg, Tångudden;M;518;384
2011;rf;14805033;Västra Göteborg, Tångudden;C;45;29
2011;rf;14805033;Västra Göteborg, Tångudden;L;198;122
2011;rf;14805033;Västra Göteborg, Tångudden;KD;87;44
2011;rf;14805033;Västra Göteborg, Tångudden;S;69;79
2011;rf;14805033;Västra Göteborg, Tångudden;V;46;22
2011;rf;14805033;Västra Göteborg, Tångudden;MP;124;66
2011;rf;14805033;Västra Göteborg, Tångudden;SD;53;29
2011;rf;14805033;Västra Göteborg, Tångudden;VÄGV;30;29
2011;rf;14805033;Västra Göteborg, Tångudden;PP;3;2
2011;rf;14805033;Västra Göteborg, Tångudden;SPVG;3;12
2011;rf;14805033;Västra Göteborg, Tångudden;K;0;2
2011;rf;14805033;Västra Göteborg, Tångudden;HANDSKRIVNA;2;0
2011;rf;14805033;Västra Göteborg, Tångudden;GILTIGA;1186;820
2011;rf;14805033;Västra Göteborg, Tångudden;BLANK;10;4
2011;rf;14805033;Västra Göteborg, Tångudden;OG;1;1
2011;rf;14805033;Västra Göteborg, Tångudden;SUMMA_RÖSTER;1197;825
2011;rf;14805033;Västra Göteborg, Tångudden;RÖSTBERÄTTIGADE;1317;1308
2011;rf;14805041;Västra Göteborg, Ekebäck;M;411;338
2011;rf;14805041;Västra Göteborg, Ekebäck;C;44;16
2011;rf;14805041;Västra Göteborg, Ekebäck;L;186;127
2011;rf;14805041;Västra Göteborg, Ekebäck;KD;72;31
2011;rf;14805041;Västra Göteborg, Ekebäck;S;155;132
2011;rf;14805041;Västra Göteborg, Ekebäck;V;96;61
2011;rf;14805041;Västra Göteborg, Ekebäck;MP;172;76
2011;rf;14805041;Västra Göteborg, Ekebäck;SD;63;37
2011;rf;14805041;Västra Göteborg, Ekebäck;FI;7;3
2011;rf;14805041;Västra Göteborg, Ekebäck;VÄGV;34;51
2011;rf;14805041;Västra Göteborg, Ekebäck;SPVG;7;13
2011;rf;14805041;Västra Göteborg, Ekebäck;PP;2;1
2011;rf;14805041;Västra Göteborg, Ekebäck;K;0;1
2011;rf;14805041;Västra Göteborg, Ekebäck;HANDSKRIVNA;4;1
2011;rf;14805041;Västra Göteborg, Ekebäck;GILTIGA;1253;888
2011;rf;14805041;Västra Göteborg, Ekebäck;BLANK;15;1
2011;rf;14805041;Västra Göteborg, Ekebäck;OG;0;0
2011;rf;14805041;Västra Göteborg, Ekebäck;SUMMA_RÖSTER;1268;889
2011;rf;14805041;Västra Göteborg, Ekebäck;RÖSTBERÄTTIGADE;1458;1464
2011;rf;14805042;Västra Göteborg, Grimmered;M;542;396
2011;rf;14805042;Västra Göteborg, Grimmered;C;61;27
2011;rf;14805042;Västra Göteborg, Grimmered;L;213;107
2011;rf;14805042;Västra Göteborg, Grimmered;KD;107;62
2011;rf;14805042;Västra Göteborg, Grimmered;S;217;166
2011;rf;14805042;Västra Göteborg, Grimmered;V;84;29
2011;rf;14805042;Västra Göteborg, Grimmered;MP;142;79
2011;rf;14805042;Västra Göteborg, Grimmered;SD;75;32
2011;rf;14805042;Västra Göteborg, Grimmered;VÄGV;30;50
2011;rf;14805042;Västra Göteborg, Grimmered;SPVG;4;15
2011;rf;14805042;Västra Göteborg, Grimmered;PP;3;2
2011;rf;14805042;Västra Göteborg, Grimmered;HANDSKRIVNA;2;0
2011;rf;14805042;Västra Göteborg, Grimmered;GILTIGA;1489;965
2011;rf;14805042;Västra Göteborg, Grimmered;BLANK;8;6
2011;rf;14805042;Västra Göteborg, Grimmered;OG;0;0
2011;rf;14805042;Västra Göteborg, Grimmered;SUMMA_RÖSTER;1497;971
2011;rf;14805042;Västra Göteborg, Grimmered;RÖSTBERÄTTIGADE;1693;1632
2011;rf;14805051;Västra Göteborg, Brännö-Asperö;M;231;128
2011;rf;14805051;Västra Göteborg, Brännö-Asperö;C;22;4
2011;rf;14805051;Västra Göteborg, Brännö-Asperö;L;69;35
2011;rf;14805051;Västra Göteborg, Brännö-Asperö;KD;65;30
2011;rf;14805051;Västra Göteborg, Brännö-Asperö;S;133;90
2011;rf;14805051;Västra Göteborg, Brännö-Asperö;V;145;47
2011;rf;14805051;Västra Göteborg, Brännö-Asperö;MP;153;80
2011;rf;14805051;Västra Göteborg, Brännö-Asperö;SD;27;14
2011;rf;14805051;Västra Göteborg, Brännö-Asperö;FI;11;1
2011;rf;14805051;Västra Göteborg, Brännö-Asperö;VÄGV;9;6
2011;rf;14805051;Västra Göteborg, Brännö-Asperö;SPVG;3;10
2011;rf;14805051;Västra Göteborg, Brännö-Asperö;PP;1;2
2011;rf;14805051;Västra Göteborg, Brännö-Asperö;HANDSKRIVNA;5;0
2011;rf;14805051;Västra Göteborg, Brännö-Asperö;GILTIGA;875;447
2011;rf;14805051;Västra Göteborg, Brännö-Asperö;BLANK;5;1
2011;rf;14805051;Västra Göteborg, Brännö-Asperö;OG;0;0
2011;rf;14805051;Västra Göteborg, Brännö-Asperö;SUMMA_RÖSTER;880;448
2011;rf;14805051;Västra Göteborg, Brännö-Asperö;RÖSTBERÄTTIGADE;1015;941
2011;rf;14805052;Västra Göteborg, Donsö-Vrångö;M;258;119
2011;rf;14805052;Västra Göteborg, Donsö-Vrångö;C;48;30
2011;rf;14805052;Västra Göteborg, Donsö-Vrångö;L;110;58
2011;rf;14805052;Västra Göteborg, Donsö-Vrångö;KD;446;252
2011;rf;14805052;Västra Göteborg, Donsö-Vrångö;S;95;63
2011;rf;14805052;Västra Göteborg, Donsö-Vrångö;V;46;9
2011;rf;14805052;Västra Göteborg, Donsö-Vrångö;MP;68;22
2011;rf;14805052;Västra Göteborg, Donsö-Vrångö;SD;64;21
2011;rf;14805052;Västra Göteborg, Donsö-Vrångö;VÄGV;10;15
2011;rf;14805052;Västra Göteborg, Donsö-Vrångö;SPVG;3;0
2011;rf;14805052;Västra Göteborg, Donsö-Vrångö;K;0;3
2011;rf;14805052;Västra Göteborg, Donsö-Vrångö;HANDSKRIVNA;2;1
2011;rf;14805052;Västra Göteborg, Donsö-Vrångö;GILTIGA;1154;593
2011;rf;14805052;Västra Göteborg, Donsö-Vrångö;BLANK;14;3
2011;rf;14805052;Västra Göteborg, Donsö-Vrångö;OG;0;1
2011;rf;14805052;Västra Göteborg, Donsö-Vrångö;SUMMA_RÖSTER;1168;597
2011;rf;14805052;Västra Göteborg, Donsö-Vrångö;RÖSTBERÄTTIGADE;1354;1355
2011;rf;14805053;Västra Göteborg, Styrsö-Köpstadsö;M;216;93
2011;rf;14805053;Västra Göteborg, Styrsö-Köpstadsö;C;37;23
2011;rf;14805053;Västra Göteborg, Styrsö-Köpstadsö;L;116;48
2011;rf;14805053;Västra Göteborg, Styrsö-Köpstadsö;KD;129;41
2011;rf;14805053;Västra Göteborg, Styrsö-Köpstadsö;S;128;67
2011;rf;14805053;Västra Göteborg, Styrsö-Köpstadsö;V;142;37
2011;rf;14805053;Västra Göteborg, Styrsö-Köpstadsö;MP;94;46
2011;rf;14805053;Västra Göteborg, Styrsö-Köpstadsö;SD;49;11
2011;rf;14805053;Västra Göteborg, Styrsö-Köpstadsö;FI;7;1
2011;rf;14805053;Västra Göteborg, Styrsö-Köpstadsö;VÄGV;18;9
2011;rf;14805053;Västra Göteborg, Styrsö-Köpstadsö;PP;1;2
2011;rf;14805053;Västra Göteborg, Styrsö-Köpstadsö;SPVG;1;4
2011;rf;14805053;Västra Göteborg, Styrsö-Köpstadsö;K;0;4
2011;rf;14805053;Västra Göteborg, Styrsö-Köpstadsö;HANDSKRIVNA;3;0
2011;rf;14805053;Västra Göteborg, Styrsö-Köpstadsö;GILTIGA;941;386
2011;rf;14805053;Västra Göteborg, Styrsö-Köpstadsö;BLANK;6;5
2011;rf;14805053;Västra Göteborg, Styrsö-Köpstadsö;OG;0;0
2011;rf;14805053;Västra Göteborg, Styrsö-Köpstadsö;SUMMA_RÖSTER;947;391
2011;rf;14805053;Västra Göteborg, Styrsö-Köpstadsö;RÖSTBERÄTTIGADE;1140;1156
2011;rf;14805061;Västra Göteborg, Bratthammar;M;603;417
2011;rf;14805061;Västra Göteborg, Bratthammar;C;53;26
2011;rf;14805061;Västra Göteborg, Bratthammar;L;214;139
2011;rf;14805061;Västra Göteborg, Bratthammar;KD;210;120
2011;rf;14805061;Västra Göteborg, Bratthammar;S;248;206
2011;rf;14805061;Västra Göteborg, Bratthammar;V;59;26
2011;rf;14805061;Västra Göteborg, Bratthammar;MP;120;51
2011;rf;14805061;Västra Göteborg, Bratthammar;SD;80;46
2011;rf;14805061;Västra Göteborg, Bratthammar;VÄGV;25;62
2011;rf;14805061;Västra Göteborg, Bratthammar;SPVG;5;18
2011;rf;14805061;Västra Göteborg, Bratthammar;PP;2;2
2011;rf;14805061;Västra Göteborg, Bratthammar;GILTIGA;1626;1113
2011;rf;14805061;Västra Göteborg, Bratthammar;BLANK;19;4
2011;rf;14805061;Västra Göteborg, Bratthammar;OG;0;0
2011;rf;14805061;Västra Göteborg, Bratthammar;SUMMA_RÖSTER;1645;1117
2011;rf;14805061;Västra Göteborg, Bratthammar;RÖSTBERÄTTIGADE;1925;1891
2011;rf;14805071;Västra Göteborg, Beryllg.-Guldringen;M;263;144
2011;rf;14805071;Västra Göteborg, Beryllg.-Guldringen;C;35;15
2011;rf;14805071;Västra Göteborg, Beryllg.-Guldringen;L;116;51
2011;rf;14805071;Västra Göteborg, Beryllg.-Guldringen;KD;119;66
2011;rf;14805071;Västra Göteborg, Beryllg.-Guldringen;S;438;305
2011;rf;14805071;Västra Göteborg, Beryllg.-Guldringen;V;106;47
2011;rf;14805071;Västra Göteborg, Beryllg.-Guldringen;MP;135;53
2011;rf;14805071;Västra Göteborg, Beryllg.-Guldringen;SD;199;76
2011;rf;14805071;Västra Göteborg, Beryllg.-Guldringen;FI;5;1
2011;rf;14805071;Västra Göteborg, Beryllg.-Guldringen;VÄGV;22;33
2011;rf;14805071;Västra Göteborg, Beryllg.-Guldringen;PP;10;1
2011;rf;14805071;Västra Göteborg, Beryllg.-Guldringen;SPVG;6;13
2011;rf;14805071;Västra Göteborg, Beryllg.-Guldringen;K;0;4
2011;rf;14805071;Västra Göteborg, Beryllg.-Guldringen;HANDSKRIVNA;7;1
2011;rf;14805071;Västra Göteborg, Beryllg.-Guldringen;GILTIGA;1464;810
2011;rf;14805071;Västra Göteborg, Beryllg.-Guldringen;BLANK;23;4
2011;rf;14805071;Västra Göteborg, Beryllg.-Guldringen;OG;0;1
2011;rf;14805071;Västra Göteborg, Beryllg.-Guldringen;SUMMA_RÖSTER;1487;815
2011;rf;14805071;Västra Göteborg, Beryllg.-Guldringen;RÖSTBERÄTTIGADE;1847;1847
2011;rf;14805081;Västra Göteborg, Tynnered;M;252;130
2011;rf;14805081;Västra Göteborg, Tynnered;C;25;11
2011;rf;14805081;Västra Göteborg, Tynnered;L;97;27
2011;rf;14805081;Västra Göteborg, Tynnered;KD;106;40
2011;rf;14805081;Västra Göteborg, Tynnered;S;468;242
2011;rf;14805081;Västra Göteborg, Tynnered;V;131;38
2011;rf;14805081;Västra Göteborg, Tynnered;MP;110;61
2011;rf;14805081;Västra Göteborg, Tynnered;SD;203;81
2011;rf;14805081;Västra Göteborg, Tynnered;FI;12;1
2011;rf;14805081;Västra Göteborg, Tynnered;VÄGV;31;26
2011;rf;14805081;Västra Göteborg, Tynnered;PP;16;5
2011;rf;14805081;Västra Göteborg, Tynnered;SPVG;10;29
2011;rf;14805081;Västra Göteborg, Tynnered;RS;1;2
2011;rf;14805081;Västra Göteborg, Tynnered;SVP;1;1
2011;rf;14805081;Västra Göteborg, Tynnered;K;0;3
2011;rf;14805081;Västra Göteborg, Tynnered;HANDSKRIVNA;11;0
2011;rf;14805081;Västra Göteborg, Tynnered;GILTIGA;1475;697
2011;rf;14805081;Västra Göteborg, Tynnered;BLANK;14;5
2011;rf;14805081;Västra Göteborg, Tynnered;OG;0;0
2011;rf;14805081;Västra Göteborg, Tynnered;SUMMA_RÖSTER;1489;702
2011;rf;14805081;Västra Göteborg, Tynnered;RÖSTBERÄTTIGADE;2055;2039
2011;rf;14805101;Askim-Frölunda-Högsbo, Flatås, V;M;218;138
2011;rf;14805101;Askim-Frölunda-Högsbo, Flatås, V;C;26;15
2011;rf;14805101;Askim-Frölunda-Högsbo, Flatås, V;L;96;55
2011;rf;14805101;Askim-Frölunda-Högsbo, Flatås, V;KD;57;37
2011;rf;14805101;Askim-Frölunda-Högsbo, Flatås, V;S;361;211
2011;rf;14805101;Askim-Frölunda-Högsbo, Flatås, V;V;134;52
2011;rf;14805101;Askim-Frölunda-Högsbo, Flatås, V;MP;160;61
2011;rf;14805101;Askim-Frölunda-Högsbo, Flatås, V;SD;122;61
2011;rf;14805101;Askim-Frölunda-Högsbo, Flatås, V;FI;9;3
2011;rf;14805101;Askim-Frölunda-Högsbo, Flatås, V;VÄGV;34;24
2011;rf;14805101;Askim-Frölunda-Högsbo, Flatås, V;PP;6;6
2011;rf;14805101;Askim-Frölunda-Högsbo, Flatås, V;SPVG;2;17
2011;rf;14805101;Askim-Frölunda-Högsbo, Flatås, V;K;0;3
2011;rf;14805101;Askim-Frölunda-Högsbo, Flatås, V;HANDSKRIVNA;2;2
2011;rf;14805101;Askim-Frölunda-Högsbo, Flatås, V;GILTIGA;1230;685
2011;rf;14805101;Askim-Frölunda-Högsbo, Flatås, V;BLANK;15;3
2011;rf;14805101;Askim-Frölunda-Högsbo, Flatås, V;OG;0;0
2011;rf;14805101;Askim-Frölunda-Högsbo, Flatås, V;SUMMA_RÖSTER;1245;688
2011;rf;14805101;Askim-Frölunda-Högsbo, Flatås, V;RÖSTBERÄTTIGADE;1585;1533
2011;rf;14805111;Askim-Frölunda-Högsbo, Högsbohöjd, N;M;112;51
2011;rf;14805111;Askim-Frölunda-Högsbo, Högsbohöjd, N;C;22;5
2011;rf;14805111;Askim-Frölunda-Högsbo, Högsbohöjd, N;L;46;32
2011;rf;14805111;Askim-Frölunda-Högsbo, Högsbohöjd, N;KD;28;19
2011;rf;14805111;Askim-Frölunda-Högsbo, Högsbohöjd, N;S;275;207
2011;rf;14805111;Askim-Frölunda-Högsbo, Högsbohöjd, N;V;237;110
2011;rf;14805111;Askim-Frölunda-Högsbo, Högsbohöjd, N;MP;154;102
2011;rf;14805111;Askim-Frölunda-Högsbo, Högsbohöjd, N;SD;86;36
2011;rf;14805111;Askim-Frölunda-Högsbo, Högsbohöjd, N;FI;13;7
2011;rf;14805111;Askim-Frölunda-Högsbo, Högsbohöjd, N;VÄGV;11;20
2011;rf;14805111;Askim-Frölunda-Högsbo, Högsbohöjd, N;PP;9;4
2011;rf;14805111;Askim-Frölunda-Högsbo, Högsbohöjd, N;SPVG;9;16
2011;rf;14805111;Askim-Frölunda-Högsbo, Högsbohöjd, N;K;0;8
2011;rf;14805111;Askim-Frölunda-Högsbo, Högsbohöjd, N;SVP;0;1
2011;rf;14805111;Askim-Frölunda-Högsbo, Högsbohöjd, N;HANDSKRIVNA;11;0
2011;rf;14805111;Askim-Frölunda-Högsbo, Högsbohöjd, N;GILTIGA;1015;618
2011;rf;14805111;Askim-Frölunda-Högsbo, Högsbohöjd, N;BLANK;16;4
2011;rf;14805111;Askim-Frölunda-Högsbo, Högsbohöjd, N;OG;0;0
2011;rf;14805111;Askim-Frölunda-Högsbo, Högsbohöjd, N;SUMMA_RÖSTER;1031;622
2011;rf;14805111;Askim-Frölunda-Högsbo, Högsbohöjd, N;RÖSTBERÄTTIGADE;1395;1452
2011;rf;14805112;Askim-Frölunda-Högsbo, Högsbohöjd, S;M;150;90
2011;rf;14805112;Askim-Frölunda-Högsbo, Högsbohöjd, S;C;26;15
2011;rf;14805112;Askim-Frölunda-Högsbo, Högsbohöjd, S;L;81;47
2011;rf;14805112;Askim-Frölunda-Högsbo, Högsbohöjd, S;KD;42;22
2011;rf;14805112;Askim-Frölunda-Högsbo, Högsbohöjd, S;S;312;238
2011;rf;14805112;Askim-Frölunda-Högsbo, Högsbohöjd, S;V;246;111
2011;rf;14805112;Askim-Frölunda-Högsbo, Högsbohöjd, S;MP;193;95
2011;rf;14805112;Askim-Frölunda-Högsbo, Högsbohöjd, S;SD;95;38
2011;rf;14805112;Askim-Frölunda-Högsbo, Högsbohöjd, S;FI;11;4
2011;rf;14805112;Askim-Frölunda-Högsbo, Högsbohöjd, S;VÄGV;13;22
2011;rf;14805112;Askim-Frölunda-Högsbo, Högsbohöjd, S;PP;12;4
2011;rf;14805112;Askim-Frölunda-Högsbo, Högsbohöjd, S;SPVG;5;25
2011;rf;14805112;Askim-Frölunda-Högsbo, Högsbohöjd, S;K;0;9
2011;rf;14805112;Askim-Frölunda-Högsbo, Högsbohöjd, S;HANDSKRIVNA;8;0
2011;rf;14805112;Askim-Frölunda-Högsbo, Högsbohöjd, S;GILTIGA;1196;720
2011;rf;14805112;Askim-Frölunda-Högsbo, Högsbohöjd, S;BLANK;14;10
2011;rf;14805112;Askim-Frölunda-Högsbo, Högsbohöjd, S;OG;0;0
2011;rf;14805112;Askim-Frölunda-Högsbo, Högsbohöjd, S;SUMMA_RÖSTER;1210;730
2011;rf;14805112;Askim-Frölunda-Högsbo, Högsbohöjd, S;RÖSTBERÄTTIGADE;1526;1508
2011;rf;14805121;Askim-Frölunda-Högsbo, Högsbo;M;90;68
2011;rf;14805121;Askim-Frölunda-Högsbo, Högsbo;C;12;12
2011;rf;14805121;Askim-Frölunda-Högsbo, Högsbo;L;45;33
2011;rf;14805121;Askim-Frölunda-Högsbo, Högsbo;KD;28;8
2011;rf;14805121;Askim-Frölunda-Högsbo, Högsbo;S;311;250
2011;rf;14805121;Askim-Frölunda-Högsbo, Högsbo;V;227;98
2011;rf;14805121;Askim-Frölunda-Högsbo, Högsbo;MP;113;83
2011;rf;14805121;Askim-Frölunda-Högsbo, Högsbo;SD;104;67
2011;rf;14805121;Askim-Frölunda-Högsbo, Högsbo;FI;5;2
2011;rf;14805121;Askim-Frölunda-Högsbo, Högsbo;VÄGV;18;17
2011;rf;14805121;Askim-Frölunda-Högsbo, Högsbo;PP;11;5
2011;rf;14805121;Askim-Frölunda-Högsbo, Högsbo;SPVG;10;23
2011;rf;14805121;Askim-Frölunda-Högsbo, Högsbo;SVP;5;1
2011;rf;14805121;Askim-Frölunda-Högsbo, Högsbo;K;0;4
2011;rf;14805121;Askim-Frölunda-Högsbo, Högsbo;RS;0;1
2011;rf;14805121;Askim-Frölunda-Högsbo, Högsbo;HANDSKRIVNA;2;0
2011;rf;14805121;Askim-Frölunda-Högsbo, Högsbo;GILTIGA;983;672
2011;rf;14805121;Askim-Frölunda-Högsbo, Högsbo;BLANK;9;5
2011;rf;14805121;Askim-Frölunda-Högsbo, Högsbo;OG;0;0
2011;rf;14805121;Askim-Frölunda-Högsbo, Högsbo;SUMMA_RÖSTER;992;677
2011;rf;14805121;Askim-Frölunda-Högsbo, Högsbo;RÖSTBERÄTTIGADE;1397;1390
2011;rf;14805122;Askim-Frölunda-Högsbo, Högsbotorp, V;M;163;116
2011;rf;14805122;Askim-Frölunda-Högsbo, Högsbotorp, V;C;30;19
2011;rf;14805122;Askim-Frölunda-Högsbo, Högsbotorp, V;L;78;40
2011;rf;14805122;Askim-Frölunda-Högsbo, Högsbotorp, V;KD;31;11
2011;rf;14805122;Askim-Frölunda-Högsbo, Högsbotorp, V;S;264;262
2011;rf;14805122;Askim-Frölunda-Högsbo, Högsbotorp, V;V;265;121
2011;rf;14805122;Askim-Frölunda-Högsbo, Högsbotorp, V;MP;211;124
2011;rf;14805122;Askim-Frölunda-Högsbo, Högsbotorp, V;SD;90;58
2011;rf;14805122;Askim-Frölunda-Högsbo, Högsbotorp, V;FI;17;8
2011;rf;14805122;Askim-Frölunda-Högsbo, Högsbotorp, V;VÄGV;18;15
2011;rf;14805122;Askim-Frölunda-Högsbo, Högsbotorp, V;SPVG;9;18
2011;rf;14805122;Askim-Frölunda-Högsbo, Högsbotorp, V;PP;2;1
2011;rf;14805122;Askim-Frölunda-Högsbo, Högsbotorp, V;RS;1;3
2011;rf;14805122;Askim-Frölunda-Högsbo, Högsbotorp, V;K;0;16
2011;rf;14805122;Askim-Frölunda-Högsbo, Högsbotorp, V;HANDSKRIVNA;4;1
2011;rf;14805122;Askim-Frölunda-Högsbo, Högsbotorp, V;GILTIGA;1186;813
2011;rf;14805122;Askim-Frölunda-Högsbo, Högsbotorp, V;BLANK;13;3
2011;rf;14805122;Askim-Frölunda-Högsbo, Högsbotorp, V;OG;1;0
2011;rf;14805122;Askim-Frölunda-Högsbo, Högsbotorp, V;SUMMA_RÖSTER;1200;816
2011;rf;14805122;Askim-Frölunda-Högsbo, Högsbotorp, V;RÖSTBERÄTTIGADE;1488;1507
2011;rf;14805123;Askim-Frölunda-Högsbo, Högsbotorp, Ö;M;210;152
2011;rf;14805123;Askim-Frölunda-Högsbo, Högsbotorp, Ö;C;46;24
2011;rf;14805123;Askim-Frölunda-Högsbo, Högsbotorp, Ö;L;88;39
2011;rf;14805123;Askim-Frölunda-Högsbo, Högsbotorp, Ö;KD;39;19
2011;rf;14805123;Askim-Frölunda-Högsbo, Högsbotorp, Ö;S;285;224
2011;rf;14805123;Askim-Frölunda-Högsbo, Högsbotorp, Ö;V;162;60
2011;rf;14805123;Askim-Frölunda-Högsbo, Högsbotorp, Ö;MP;155;75
2011;rf;14805123;Askim-Frölunda-Högsbo, Högsbotorp, Ö;SD;93;47
2011;rf;14805123;Askim-Frölunda-Högsbo, Högsbotorp, Ö;FI;8;4
2011;rf;14805123;Askim-Frölunda-Högsbo, Högsbotorp, Ö;VÄGV;21;23
2011;rf;14805123;Askim-Frölunda-Högsbo, Högsbotorp, Ö;PP;8;4
2011;rf;14805123;Askim-Frölunda-Högsbo, Högsbotorp, Ö;SPVG;1;16
2011;rf;14805123;Askim-Frölunda-Högsbo, Högsbotorp, Ö;K;0;4
2011;rf;14805123;Askim-Frölunda-Högsbo, Högsbotorp, Ö;HANDSKRIVNA;6;0
2011;rf;14805123;Askim-Frölunda-Högsbo, Högsbotorp, Ö;GILTIGA;1123;691
2011;rf;14805123;Askim-Frölunda-Högsbo, Högsbotorp, Ö;BLANK;13;3
2011;rf;14805123;Askim-Frölunda-Högsbo, Högsbotorp, Ö;OG;0;0
2011;rf;14805123;Askim-Frölunda-Högsbo, Högsbotorp, Ö;SUMMA_RÖSTER;1136;694
2011;rf;14805123;Askim-Frölunda-Högsbo, Högsbotorp, Ö;RÖSTBERÄTTIGADE;1378;1355
2011;rf;14805124;Askim-Frölunda-Högsbo, Marklandsg.;M;264;147
2011;rf;14805124;Askim-Frölunda-Högsbo, Marklandsg.;C;35;24
2011;rf;14805124;Askim-Frölunda-Högsbo, Marklandsg.;L;87;46
2011;rf;14805124;Askim-Frölunda-Högsbo, Marklandsg.;KD;60;25
2011;rf;14805124;Askim-Frölunda-Högsbo, Marklandsg.;S;312;211
2011;rf;14805124;Askim-Frölunda-Högsbo, Marklandsg.;V;206;79
2011;rf;14805124;Askim-Frölunda-Högsbo, Marklandsg.;MP;160;81
2011;rf;14805124;Askim-Frölunda-Högsbo, Marklandsg.;SD;89;36
2011;rf;14805124;Askim-Frölunda-Högsbo, Marklandsg.;FI;12;4
2011;rf;14805124;Askim-Frölunda-Högsbo, Marklandsg.;VÄGV;29;32
2011;rf;14805124;Askim-Frölunda-Högsbo, Marklandsg.;PP;13;3
2011;rf;14805124;Askim-Frölunda-Högsbo, Marklandsg.;SPVG;10;12
2011;rf;14805124;Askim-Frölunda-Högsbo, Marklandsg.;SVP;2;1
2011;rf;14805124;Askim-Frölunda-Högsbo, Marklandsg.;K;0;1
2011;rf;14805124;Askim-Frölunda-Högsbo, Marklandsg.;HANDSKRIVNA;5;1
2011;rf;14805124;Askim-Frölunda-Högsbo, Marklandsg.;GILTIGA;1285;703
2011;rf;14805124;Askim-Frölunda-Högsbo, Marklandsg.;BLANK;17;4
2011;rf;14805124;Askim-Frölunda-Högsbo, Marklandsg.;OG;1;0
2011;rf;14805124;Askim-Frölunda-Högsbo, Marklandsg.;SUMMA_RÖSTER;1303;707
2011;rf;14805124;Askim-Frölunda-Högsbo, Marklandsg.;RÖSTBERÄTTIGADE;1619;1478
2011;rf;14805131;Askim-Frölunda-Högsbo, Spinetten;M;94;41
2011;rf;14805131;Askim-Frölunda-Högsbo, Spinetten;C;8;5
2011;rf;14805131;Askim-Frölunda-Högsbo, Spinetten;L;29;13
2011;rf;14805131;Askim-Frölunda-Högsbo, Spinetten;KD;25;9
2011;rf;14805131;Askim-Frölunda-Högsbo, Spinetten;S;261;135
2011;rf;14805131;Askim-Frölunda-Högsbo, Spinetten;V;92;33
2011;rf;14805131;Askim-Frölunda-Högsbo, Spinetten;MP;41;18
2011;rf;14805131;Askim-Frölunda-Högsbo, Spinetten;SD;85;44
2011;rf;14805131;Askim-Frölunda-Högsbo, Spinetten;FI;5;1
2011;rf;14805131;Askim-Frölunda-Högsbo, Spinetten;VÄGV;14;8
2011;rf;14805131;Askim-Frölunda-Högsbo, Spinetten;PP;7;1
2011;rf;14805131;Askim-Frölunda-Högsbo, Spinetten;SPVG;3;10
2011;rf;14805131;Askim-Frölunda-Högsbo, Spinetten;K;0;1
2011;rf;14805131;Askim-Frölunda-Högsbo, Spinetten;HANDSKRIVNA;3;0
2011;rf;14805131;Askim-Frölunda-Högsbo, Spinetten;GILTIGA;668;319
2011;rf;14805131;Askim-Frölunda-Högsbo, Spinetten;BLANK;6;3
2011;rf;14805131;Askim-Frölunda-Högsbo, Spinetten;OG;0;0
2011;rf;14805131;Askim-Frölunda-Högsbo, Spinetten;SUMMA_RÖSTER;674;322
2011;rf;14805131;Askim-Frölunda-Högsbo, Spinetten;RÖSTBERÄTTIGADE;954;905
2011;rf;14805132;Askim-Frölunda-Högsbo, Tofta;M;169;81
2011;rf;14805132;Askim-Frölunda-Högsbo, Tofta;C;9;4
2011;rf;14805132;Askim-Frölunda-Högsbo, Tofta;L;76;23
2011;rf;14805132;Askim-Frölunda-Högsbo, Tofta;KD;59;13
2011;rf;14805132;Askim-Frölunda-Högsbo, Tofta;S;317;168
2011;rf;14805132;Askim-Frölunda-Högsbo, Tofta;V;110;42
2011;rf;14805132;Askim-Frölunda-Högsbo, Tofta;MP;101;22
2011;rf;14805132;Askim-Frölunda-Högsbo, Tofta;SD;116;51
2011;rf;14805132;Askim-Frölunda-Högsbo, Tofta;FI;5;1
2011;rf;14805132;Askim-Frölunda-Högsbo, Tofta;VÄGV;20;13
2011;rf;14805132;Askim-Frölunda-Högsbo, Tofta;PP;9;0
2011;rf;14805132;Askim-Frölunda-Högsbo, Tofta;SPVG;2;14
2011;rf;14805132;Askim-Frölunda-Högsbo, Tofta;K;0;2
2011;rf;14805132;Askim-Frölunda-Högsbo, Tofta;HANDSKRIVNA;6;0
2011;rf;14805132;Askim-Frölunda-Högsbo, Tofta;GILTIGA;1002;434
2011;rf;14805132;Askim-Frölunda-Högsbo, Tofta;BLANK;9;0
2011;rf;14805132;Askim-Frölunda-Högsbo, Tofta;OG;0;0
2011;rf;14805132;Askim-Frölunda-Högsbo, Tofta;SUMMA_RÖSTER;1011;434
2011;rf;14805132;Askim-Frölunda-Högsbo, Tofta;RÖSTBERÄTTIGADE;1404;1110
2011;rf;14805141;Askim-Frölunda-Högsbo, Ruddalen;M;276;174
2011;rf;14805141;Askim-Frölunda-Högsbo, Ruddalen;C;35;14
2011;rf;14805141;Askim-Frölunda-Högsbo, Ruddalen;L;109;58
2011;rf;14805141;Askim-Frölunda-Högsbo, Ruddalen;KD;74;44
2011;rf;14805141;Askim-Frölunda-Högsbo, Ruddalen;S;419;313
2011;rf;14805141;Askim-Frölunda-Högsbo, Ruddalen;V;116;42
2011;rf;14805141;Askim-Frölunda-Högsbo, Ruddalen;MP;157;61
2011;rf;14805141;Askim-Frölunda-Högsbo, Ruddalen;SD;167;99
2011;rf;14805141;Askim-Frölunda-Högsbo, Ruddalen;FI;3;2
2011;rf;14805141;Askim-Frölunda-Högsbo, Ruddalen;VÄGV;55;21
2011;rf;14805141;Askim-Frölunda-Högsbo, Ruddalen;PP;10;3
2011;rf;14805141;Askim-Frölunda-Högsbo, Ruddalen;SPVG;4;23
2011;rf;14805141;Askim-Frölunda-Högsbo, Ruddalen;RS;3;1
2011;rf;14805141;Askim-Frölunda-Högsbo, Ruddalen;K;0;9
2011;rf;14805141;Askim-Frölunda-Högsbo, Ruddalen;HANDSKRIVNA;4;1
2011;rf;14805141;Askim-Frölunda-Högsbo, Ruddalen;GILTIGA;1435;865
2011;rf;14805141;Askim-Frölunda-Högsbo, Ruddalen;BLANK;11;2
2011;rf;14805141;Askim-Frölunda-Högsbo, Ruddalen;OG;5;0
2011;rf;14805141;Askim-Frölunda-Högsbo, Ruddalen;SUMMA_RÖSTER;1451;867
2011;rf;14805141;Askim-Frölunda-Högsbo, Ruddalen;RÖSTBERÄTTIGADE;1920;1873
2011;rf;14805151;Askim-Frölunda-Högsbo, Järnbrott, V;M;312;129
2011;rf;14805151;Askim-Frölunda-Högsbo, Järnbrott, V;C;28;14
2011;rf;14805151;Askim-Frölunda-Högsbo, Järnbrott, V;L;115;65
2011;rf;14805151;Askim-Frölunda-Högsbo, Järnbrott, V;KD;68;38
2011;rf;14805151;Askim-Frölunda-Högsbo, Järnbrott, V;S;384;229
2011;rf;14805151;Askim-Frölunda-Högsbo, Järnbrott, V;V;197;62
2011;rf;14805151;Askim-Frölunda-Högsbo, Järnbrott, V;MP;154;63
2011;rf;14805151;Askim-Frölunda-Högsbo, Järnbrott, V;SD;140;53
2011;rf;14805151;Askim-Frölunda-Högsbo, Järnbrott, V;VÄGV;43;21
2011;rf;14805151;Askim-Frölunda-Högsbo, Järnbrott, V;SPVG;9;15
2011;rf;14805151;Askim-Frölunda-Högsbo, Järnbrott, V;PP;7;6
2011;rf;14805151;Askim-Frölunda-Högsbo, Järnbrott, V;K;0;1
2011;rf;14805151;Askim-Frölunda-Högsbo, Järnbrott, V;RS;0;1
2011;rf;14805151;Askim-Frölunda-Högsbo, Järnbrott, V;HANDSKRIVNA;7;1
2011;rf;14805151;Askim-Frölunda-Högsbo, Järnbrott, V;GILTIGA;1480;698
2011;rf;14805151;Askim-Frölunda-Högsbo, Järnbrott, V;BLANK;20;8
2011;rf;14805151;Askim-Frölunda-Högsbo, Järnbrott, V;OG;0;1
2011;rf;14805151;Askim-Frölunda-Högsbo, Järnbrott, V;SUMMA_RÖSTER;1500;707
2011;rf;14805151;Askim-Frölunda-Högsbo, Järnbrott, V;RÖSTBERÄTTIGADE;1831;1435
2011;rf;14805152;Askim-Frölunda-Högsbo, Järnbrott, Ö;M;184;108
2011;rf;14805152;Askim-Frölunda-Högsbo, Järnbrott, Ö;C;26;9
2011;rf;14805152;Askim-Frölunda-Högsbo, Järnbrott, Ö;L;72;33
2011;rf;14805152;Askim-Frölunda-Högsbo, Järnbrott, Ö;KD;40;10
2011;rf;14805152;Askim-Frölunda-Högsbo, Järnbrott, Ö;S;302;257
2011;rf;14805152;Askim-Frölunda-Högsbo, Järnbrott, Ö;V;121;43
2011;rf;14805152;Askim-Frölunda-Högsbo, Järnbrott, Ö;MP;101;46
2011;rf;14805152;Askim-Frölunda-Högsbo, Järnbrott, Ö;SD;144;53
2011;rf;14805152;Askim-Frölunda-Högsbo, Järnbrott, Ö;FI;6;4
2011;rf;14805152;Askim-Frölunda-Högsbo, Järnbrott, Ö;VÄGV;24;25
2011;rf;14805152;Askim-Frölunda-Högsbo, Järnbrott, Ö;PP;9;4
2011;rf;14805152;Askim-Frölunda-Högsbo, Järnbrott, Ö;SPVG;5;18
2011;rf;14805152;Askim-Frölunda-Högsbo, Järnbrott, Ö;K;0;3
2011;rf;14805152;Askim-Frölunda-Högsbo, Järnbrott, Ö;HANDSKRIVNA;7;0
2011;rf;14805152;Askim-Frölunda-Högsbo, Järnbrott, Ö;GILTIGA;1045;613
2011;rf;14805152;Askim-Frölunda-Högsbo, Järnbrott, Ö;BLANK;13;1
2011;rf;14805152;Askim-Frölunda-Högsbo, Järnbrott, Ö;OG;0;0
2011;rf;14805152;Askim-Frölunda-Högsbo, Järnbrott, Ö;SUMMA_RÖSTER;1058;614
2011;rf;14805152;Askim-Frölunda-Högsbo, Järnbrott, Ö;RÖSTBERÄTTIGADE;1373;1360
2011;rf;14805161;Askim-Frölunda-Högsbo, Flatås, Ö;M;186;97
2011;rf;14805161;Askim-Frölunda-Högsbo, Flatås, Ö;C;10;2
2011;rf;14805161;Askim-Frölunda-Högsbo, Flatås, Ö;L;67;33
2011;rf;14805161;Askim-Frölunda-Högsbo, Flatås, Ö;KD;34;14
2011;rf;14805161;Askim-Frölunda-Högsbo, Flatås, Ö;S;281;175
2011;rf;14805161;Askim-Frölunda-Högsbo, Flatås, Ö;V;120;38
2011;rf;14805161;Askim-Frölunda-Högsbo, Flatås, Ö;MP;93;38
2011;rf;14805161;Askim-Frölunda-Högsbo, Flatås, Ö;SD;111;37
2011;rf;14805161;Askim-Frölunda-Högsbo, Flatås, Ö;VÄGV;20;20
2011;rf;14805161;Askim-Frölunda-Högsbo, Flatås, Ö;PP;9;3
2011;rf;14805161;Askim-Frölunda-Högsbo, Flatås, Ö;SPVG;8;10
2011;rf;14805161;Askim-Frölunda-Högsbo, Flatås, Ö;SVP;1;1
2011;rf;14805161;Askim-Frölunda-Högsbo, Flatås, Ö;K;0;1
2011;rf;14805161;Askim-Frölunda-Högsbo, Flatås, Ö;HANDSKRIVNA;8;0
2011;rf;14805161;Askim-Frölunda-Högsbo, Flatås, Ö;GILTIGA;955;469
2011;rf;14805161;Askim-Frölunda-Högsbo, Flatås, Ö;BLANK;17;3
2011;rf;14805161;Askim-Frölunda-Högsbo, Flatås, Ö;OG;2;0
2011;rf;14805161;Askim-Frölunda-Högsbo, Flatås, Ö;SUMMA_RÖSTER;974;472
2011;rf;14805161;Askim-Frölunda-Högsbo, Flatås, Ö;RÖSTBERÄTTIGADE;1282;1272
2011;rf;14805172;Askim-Frölunda-Högsbo, Frölunda Torg;M;107;52
2011;rf;14805172;Askim-Frölunda-Högsbo, Frölunda Torg;C;8;4
2011;rf;14805172;Askim-Frölunda-Högsbo, Frölunda Torg;L;34;17
2011;rf;14805172;Askim-Frölunda-Högsbo, Frölunda Torg;KD;37;11
2011;rf;14805172;Askim-Frölunda-Högsbo, Frölunda Torg;S;365;260
2011;rf;14805172;Askim-Frölunda-Högsbo, Frölunda Torg;V;84;34
2011;rf;14805172;Askim-Frölunda-Högsbo, Frölunda Torg;MP;70;42
2011;rf;14805172;Askim-Frölunda-Högsbo, Frölunda Torg;SD;64;46
2011;rf;14805172;Askim-Frölunda-Högsbo, Frölunda Torg;VÄGV;12;4
2011;rf;14805172;Askim-Frölunda-Högsbo, Frölunda Torg;PP;7;3
2011;rf;14805172;Askim-Frölunda-Högsbo, Frölunda Torg;SPVG;3;14
2011;rf;14805172;Askim-Frölunda-Högsbo, Frölunda Torg;HANDSKRIVNA;7;0
2011;rf;14805172;Askim-Frölunda-Högsbo, Frölunda Torg;GILTIGA;800;487
2011;rf;14805172;Askim-Frölunda-Högsbo, Frölunda Torg;BLANK;11;2
2011;rf;14805172;Askim-Frölunda-Högsbo, Frölunda Torg;OG;0;1
2011;rf;14805172;Askim-Frölunda-Högsbo, Frölunda Torg;SUMMA_RÖSTER;811;490
2011;rf;14805172;Askim-Frölunda-Högsbo, Frölunda Torg;RÖSTBERÄTTIGADE;1381;1341
2011;rf;14805174;Askim-Frölunda-Högsbo, Mandolingatan;M;91;59
2011;rf;14805174;Askim-Frölunda-Högsbo, Mandolingatan;C;7;3
2011;rf;14805174;Askim-Frölunda-Högsbo, Mandolingatan;L;32;13
2011;rf;14805174;Askim-Frölunda-Högsbo, Mandolingatan;KD;36;8
2011;rf;14805174;Askim-Frölunda-Högsbo, Mandolingatan;S;301;236
2011;rf;14805174;Askim-Frölunda-Högsbo, Mandolingatan;V;85;31
2011;rf;14805174;Askim-Frölunda-Högsbo, Mandolingatan;MP;57;35
2011;rf;14805174;Askim-Frölunda-Högsbo, Mandolingatan;SD;113;76
2011;rf;14805174;Askim-Frölunda-Högsbo, Mandolingatan;FI;5;1
2011;rf;14805174;Askim-Frölunda-Högsbo, Mandolingatan;VÄGV;24;14
2011;rf;14805174;Askim-Frölunda-Högsbo, Mandolingatan;PP;4;1
2011;rf;14805174;Askim-Frölunda-Högsbo, Mandolingatan;SPVG;2;7
2011;rf;14805174;Askim-Frölunda-Högsbo, Mandolingatan;K;0;2
2011;rf;14805174;Askim-Frölunda-Högsbo, Mandolingatan;RS;0;1
2011;rf;14805174;Askim-Frölunda-Högsbo, Mandolingatan;HANDSKRIVNA;2;0
2011;rf;14805174;Askim-Frölunda-Högsbo, Mandolingatan;GILTIGA;760;487
2011;rf;14805174;Askim-Frölunda-Högsbo, Mandolingatan;BLANK;9;2
2011;rf;14805174;Askim-Frölunda-Högsbo, Mandolingatan;OG;0;0
2011;rf;14805174;Askim-Frölunda-Högsbo, Mandolingatan;SUMMA_RÖSTER;769;489
2011;rf;14805174;Askim-Frölunda-Högsbo, Mandolingatan;RÖSTBERÄTTIGADE;1112;1048
2011;rf;14805181;Västra Göteborg, Korsåsen;M;200;126
2011;rf;14805181;Västra Göteborg, Korsåsen;C;16;8
2011;rf;14805181;Västra Göteborg, Korsåsen;L;78;31
2011;rf;14805181;Västra Göteborg, Korsåsen;KD;71;27
2011;rf;14805181;Västra Göteborg, Korsåsen;S;394;226
2011;rf;14805181;Västra Göteborg, Korsåsen;V;108;29
2011;rf;14805181;Västra Göteborg, Korsåsen;MP;68;23
2011;rf;14805181;Västra Göteborg, Korsåsen;SD;89;50
2011;rf;14805181;Västra Göteborg, Korsåsen;VÄGV;23;16
2011;rf;14805181;Västra Göteborg, Korsåsen;SPVG;4;10
2011;rf;14805181;Västra Göteborg, Korsåsen;PP;2;2
2011;rf;14805181;Västra Göteborg, Korsåsen;K;0;4
2011;rf;14805181;Västra Göteborg, Korsåsen;HANDSKRIVNA;3;0
2011;rf;14805181;Västra Göteborg, Korsåsen;GILTIGA;1062;552
2011;rf;14805181;Västra Göteborg, Korsåsen;BLANK;9;2
2011;rf;14805181;Västra Göteborg, Korsåsen;OG;1;0
2011;rf;14805181;Västra Göteborg, Korsåsen;SUMMA_RÖSTER;1072;554
2011;rf;14805181;Västra Göteborg, Korsåsen;RÖSTBERÄTTIGADE;1492;1343
2011;rf;14805182;Västra Göteborg, Ängås;M;102;49
2011;rf;14805182;Västra Göteborg, Ängås;C;13;8
2011;rf;14805182;Västra Göteborg, Ängås;L;37;10
2011;rf;14805182;Västra Göteborg, Ängås;KD;32;13
2011;rf;14805182;Västra Göteborg, Ängås;S;372;201
2011;rf;14805182;Västra Göteborg, Ängås;V;119;38
2011;rf;14805182;Västra Göteborg, Ängås;MP;67;34
2011;rf;14805182;Västra Göteborg, Ängås;SD;72;33
2011;rf;14805182;Västra Göteborg, Ängås;VÄGV;10;12
2011;rf;14805182;Västra Göteborg, Ängås;PP;9;1
2011;rf;14805182;Västra Göteborg, Ängås;SPVG;3;11
2011;rf;14805182;Västra Göteborg, Ängås;K;0;2
2011;rf;14805182;Västra Göteborg, Ängås;RS;0;2
2011;rf;14805182;Västra Göteborg, Ängås;HANDSKRIVNA;3;1
2011;rf;14805182;Västra Göteborg, Ängås;GILTIGA;842;415
2011;rf;14805182;Västra Göteborg, Ängås;BLANK;13;5
2011;rf;14805182;Västra Göteborg, Ängås;OG;1;1
2011;rf;14805182;Västra Göteborg, Ängås;SUMMA_RÖSTER;856;421
2011;rf;14805182;Västra Göteborg, Ängås;RÖSTBERÄTTIGADE;1397;1391
2011;rf;14805191;Västra Göteborg, Önnered, Västra;M;454;317
2011;rf;14805191;Västra Göteborg, Önnered, Västra;C;44;16
2011;rf;14805191;Västra Göteborg, Önnered, Västra;L;150;87
2011;rf;14805191;Västra Göteborg, Önnered, Västra;KD;266;158
2011;rf;14805191;Västra Göteborg, Önnered, Västra;S;139;112
2011;rf;14805191;Västra Göteborg, Önnered, Västra;V;29;15
2011;rf;14805191;Västra Göteborg, Önnered, Västra;MP;55;19
2011;rf;14805191;Västra Göteborg, Önnered, Västra;SD;57;28
2011;rf;14805191;Västra Göteborg, Önnered, Västra;VÄGV;10;29
2011;rf;14805191;Västra Göteborg, Önnered, Västra;SPVG;4;4
2011;rf;14805191;Västra Göteborg, Önnered, Västra;PP;2;2
2011;rf;14805191;Västra Göteborg, Önnered, Västra;HANDSKRIVNA;1;0
2011;rf;14805191;Västra Göteborg, Önnered, Västra;GILTIGA;1218;787
2011;rf;14805191;Västra Göteborg, Önnered, Västra;BLANK;11;2
2011;rf;14805191;Västra Göteborg, Önnered, Västra;OG;0;0
2011;rf;14805191;Västra Göteborg, Önnered, Västra;SUMMA_RÖSTER;1229;789
2011;rf;14805191;Västra Göteborg, Önnered, Västra;RÖSTBERÄTTIGADE;1396;1336
2011;rf;14805192;Västra Göteborg, Önnered, Östra;M;436;332
2011;rf;14805192;Västra Göteborg, Önnered, Östra;C;64;19
2011;rf;14805192;Västra Göteborg, Önnered, Östra;L;145;84
2011;rf;14805192;Västra Göteborg, Önnered, Östra;KD;124;86
2011;rf;14805192;Västra Göteborg, Önnered, Östra;S;254;198
2011;rf;14805192;Västra Göteborg, Önnered, Östra;V;88;38
2011;rf;14805192;Västra Göteborg, Önnered, Östra;MP;116;56
2011;rf;14805192;Västra Göteborg, Önnered, Östra;SD;70;46
2011;rf;14805192;Västra Göteborg, Önnered, Östra;VÄGV;24;34
2011;rf;14805192;Västra Göteborg, Önnered, Östra;PP;4;3
2011;rf;14805192;Västra Göteborg, Önnered, Östra;SPVG;1;15
2011;rf;14805192;Västra Göteborg, Önnered, Östra;HANDSKRIVNA;2;0
2011;rf;14805192;Västra Göteborg, Önnered, Östra;GILTIGA;1331;911
2011;rf;14805192;Västra Göteborg, Önnered, Östra;BLANK;8;7
2011;rf;14805192;Västra Göteborg, Önnered, Östra;OG;0;0
2011;rf;14805192;Västra Göteborg, Önnered, Östra;SUMMA_RÖSTER;1339;918
2011;rf;14805192;Västra Göteborg, Önnered, Östra;RÖSTBERÄTTIGADE;1523;1523
2011;rf;14805201;Västra Göteborg, Grevegården;M;92;52
2011;rf;14805201;Västra Göteborg, Grevegården;C;12;6
2011;rf;14805201;Västra Göteborg, Grevegården;L;28;21
2011;rf;14805201;Västra Göteborg, Grevegården;KD;31;11
2011;rf;14805201;Västra Göteborg, Grevegården;S;405;220
2011;rf;14805201;Västra Göteborg, Grevegården;V;87;30
2011;rf;14805201;Västra Göteborg, Grevegården;MP;84;64
2011;rf;14805201;Västra Göteborg, Grevegården;SD;93;38
2011;rf;14805201;Västra Göteborg, Grevegården;FI;2;4
2011;rf;14805201;Västra Göteborg, Grevegården;VÄGV;11;15
2011;rf;14805201;Västra Göteborg, Grevegården;PP;10;2
2011;rf;14805201;Västra Göteborg, Grevegården;RS;1;2
2011;rf;14805201;Västra Göteborg, Grevegården;SPVG;1;11
2011;rf;14805201;Västra Göteborg, Grevegården;K;0;5
2011;rf;14805201;Västra Göteborg, Grevegården;HANDSKRIVNA;6;0
2011;rf;14805201;Västra Göteborg, Grevegården;GILTIGA;866;481
2011;rf;14805201;Västra Göteborg, Grevegården;BLANK;8;2
2011;rf;14805201;Västra Göteborg, Grevegården;OG;1;0
2011;rf;14805201;Västra Göteborg, Grevegården;SUMMA_RÖSTER;875;483
2011;rf;14805201;Västra Göteborg, Grevegården;RÖSTBERÄTTIGADE;1362;1337
2011;rf;14805202;Västra Göteborg, Skattegården;M;121;71
2011;rf;14805202;Västra Göteborg, Skattegården;C;9;4
2011;rf;14805202;Västra Göteborg, Skattegården;L;40;17
2011;rf;14805202;Västra Göteborg, Skattegården;KD;59;33
2011;rf;14805202;Västra Göteborg, Skattegården;S;509;301
2011;rf;14805202;Västra Göteborg, Skattegården;V;113;25
2011;rf;14805202;Västra Göteborg, Skattegården;MP;57;28
2011;rf;14805202;Västra Göteborg, Skattegården;SD;63;37
2011;rf;14805202;Västra Göteborg, Skattegården;VÄGV;11;25
2011;rf;14805202;Västra Göteborg, Skattegården;SPVG;5;8
2011;rf;14805202;Västra Göteborg, Skattegården;PP;3;0
2011;rf;14805202;Västra Göteborg, Skattegården;HANDSKRIVNA;2;0
2011;rf;14805202;Västra Göteborg, Skattegården;GILTIGA;998;549
2011;rf;14805202;Västra Göteborg, Skattegården;BLANK;2;1
2011;rf;14805202;Västra Göteborg, Skattegården;OG;0;0
2011;rf;14805202;Västra Göteborg, Skattegården;SUMMA_RÖSTER;1000;550
2011;rf;14805202;Västra Göteborg, Skattegården;RÖSTBERÄTTIGADE;1578;1590
2011;rf;14805211;Västra Göteborg, Näset, Norra;M;713;428
2011;rf;14805211;Västra Göteborg, Näset, Norra;C;45;29
2011;rf;14805211;Västra Göteborg, Näset, Norra;L;202;138
2011;rf;14805211;Västra Göteborg, Näset, Norra;KD;126;108
2011;rf;14805211;Västra Göteborg, Näset, Norra;S;159;140
2011;rf;14805211;Västra Göteborg, Näset, Norra;V;25;18
2011;rf;14805211;Västra Göteborg, Näset, Norra;MP;70;44
2011;rf;14805211;Västra Göteborg, Näset, Norra;SD;86;38
2011;rf;14805211;Västra Göteborg, Näset, Norra;FI;4;1
2011;rf;14805211;Västra Göteborg, Näset, Norra;VÄGV;37;53
2011;rf;14805211;Västra Göteborg, Näset, Norra;SPVG;7;17
2011;rf;14805211;Västra Göteborg, Näset, Norra;PP;1;1
2011;rf;14805211;Västra Göteborg, Näset, Norra;K;0;1
2011;rf;14805211;Västra Göteborg, Näset, Norra;HANDSKRIVNA;5;0
2011;rf;14805211;Västra Göteborg, Näset, Norra;GILTIGA;1482;1016
2011;rf;14805211;Västra Göteborg, Näset, Norra;BLANK;9;4
2011;rf;14805211;Västra Göteborg, Näset, Norra;OG;1;0
2011;rf;14805211;Västra Göteborg, Näset, Norra;SUMMA_RÖSTER;1492;1020
2011;rf;14805211;Västra Göteborg, Näset, Norra;RÖSTBERÄTTIGADE;1666;1605
2011;rf;14805212;Västra Göteborg, Näset, Södra;M;615;447
2011;rf;14805212;Västra Göteborg, Näset, Södra;C;41;15
2011;rf;14805212;Västra Göteborg, Näset, Södra;L;173;102
2011;rf;14805212;Västra Göteborg, Näset, Södra;KD;95;55
2011;rf;14805212;Västra Göteborg, Näset, Södra;S;103;62
2011;rf;14805212;Västra Göteborg, Näset, Södra;V;17;10
2011;rf;14805212;Västra Göteborg, Näset, Södra;MP;58;31
2011;rf;14805212;Västra Göteborg, Näset, Södra;SD;54;34
2011;rf;14805212;Västra Göteborg, Näset, Södra;FI;5;1
2011;rf;14805212;Västra Göteborg, Näset, Södra;VÄGV;18;36
2011;rf;14805212;Västra Göteborg, Näset, Södra;PP;1;3
2011;rf;14805212;Västra Göteborg, Näset, Södra;K;0;1
2011;rf;14805212;Västra Göteborg, Näset, Södra;SPVG;0;4
2011;rf;14805212;Västra Göteborg, Näset, Södra;HANDSKRIVNA;6;0
2011;rf;14805212;Västra Göteborg, Näset, Södra;GILTIGA;1187;801
2011;rf;14805212;Västra Göteborg, Näset, Södra;BLANK;10;4
2011;rf;14805212;Västra Göteborg, Näset, Södra;OG;0;0
2011;rf;14805212;Västra Göteborg, Näset, Södra;SUMMA_RÖSTER;1197;805
2011;rf;14805212;Västra Göteborg, Näset, Södra;RÖSTBERÄTTIGADE;1382;1355
2011;rf;14805213;Västra Göteborg, Åkered;M;544;414
2011;rf;14805213;Västra Göteborg, Åkered;C;55;16
2011;rf;14805213;Västra Göteborg, Åkered;L;174;128
2011;rf;14805213;Västra Göteborg, Åkered;KD;132;64
2011;rf;14805213;Västra Göteborg, Åkered;S;165;125
2011;rf;14805213;Västra Göteborg, Åkered;V;39;11
2011;rf;14805213;Västra Göteborg, Åkered;MP;84;31
2011;rf;14805213;Västra Göteborg, Åkered;SD;63;36
2011;rf;14805213;Västra Göteborg, Åkered;FI;4;1
2011;rf;14805213;Västra Göteborg, Åkered;VÄGV;26;57
2011;rf;14805213;Västra Göteborg, Åkered;PP;3;1
2011;rf;14805213;Västra Göteborg, Åkered;SPVG;3;9
2011;rf;14805213;Västra Göteborg, Åkered;K;0;1
2011;rf;14805213;Västra Göteborg, Åkered;GILTIGA;1297;894
2011;rf;14805213;Västra Göteborg, Åkered;BLANK;8;12
2011;rf;14805213;Västra Göteborg, Åkered;OG;0;0
2011;rf;14805213;Västra Göteborg, Åkered;SUMMA_RÖSTER;1305;906
2011;rf;14805213;Västra Göteborg, Åkered;RÖSTBERÄTTIGADE;1470;1476
2011;rf;14805221;Västra Göteborg, Opaltorget, Norra;M;102;62
2011;rf;14805221;Västra Göteborg, Opaltorget, Norra;C;17;8
2011;rf;14805221;Västra Göteborg, Opaltorget, Norra;L;44;21
2011;rf;14805221;Västra Göteborg, Opaltorget, Norra;KD;52;18
2011;rf;14805221;Västra Göteborg, Opaltorget, Norra;S;374;276
2011;rf;14805221;Västra Göteborg, Opaltorget, Norra;V;126;43
2011;rf;14805221;Västra Göteborg, Opaltorget, Norra;MP;69;47
2011;rf;14805221;Västra Göteborg, Opaltorget, Norra;SD;136;86
2011;rf;14805221;Västra Göteborg, Opaltorget, Norra;VÄGV;17;24
2011;rf;14805221;Västra Göteborg, Opaltorget, Norra;PP;14;3
2011;rf;14805221;Västra Göteborg, Opaltorget, Norra;SPVG;4;18
2011;rf;14805221;Västra Göteborg, Opaltorget, Norra;K;0;6
2011;rf;14805221;Västra Göteborg, Opaltorget, Norra;HANDSKRIVNA;6;0
2011;rf;14805221;Västra Göteborg, Opaltorget, Norra;GILTIGA;972;612
2011;rf;14805221;Västra Göteborg, Opaltorget, Norra;BLANK;20;2
2011;rf;14805221;Västra Göteborg, Opaltorget, Norra;OG;0;0
2011;rf;14805221;Västra Göteborg, Opaltorget, Norra;SUMMA_RÖSTER;992;614
2011;rf;14805221;Västra Göteborg, Opaltorget, Norra;RÖSTBERÄTTIGADE;1386;1369
2011;rf;14805222;Västra Göteborg, Opaltorget, Södra;M;190;99
2011;rf;14805222;Västra Göteborg, Opaltorget, Södra;C;19;4
2011;rf;14805222;Västra Göteborg, Opaltorget, Södra;L;64;37
2011;rf;14805222;Västra Göteborg, Opaltorget, Södra;KD;65;42
2011;rf;14805222;Västra Göteborg, Opaltorget, Södra;S;204;136
2011;rf;14805222;Västra Göteborg, Opaltorget, Södra;V;66;22
2011;rf;14805222;Västra Göteborg, Opaltorget, Södra;MP;64;33
2011;rf;14805222;Västra Göteborg, Opaltorget, Södra;SD;60;49
2011;rf;14805222;Västra Göteborg, Opaltorget, Södra;VÄGV;20;34
2011;rf;14805222;Västra Göteborg, Opaltorget, Södra;SPVG;5;7
2011;rf;14805222;Västra Göteborg, Opaltorget, Södra;PP;4;1
2011;rf;14805222;Västra Göteborg, Opaltorget, Södra;K;0;3
2011;rf;14805222;Västra Göteborg, Opaltorget, Södra;RS;0;3
2011;rf;14805222;Västra Göteborg, Opaltorget, Södra;HANDSKRIVNA;2;0
2011;rf;14805222;Västra Göteborg, Opaltorget, Södra;GILTIGA;769;470
2011;rf;14805222;Västra Göteborg, Opaltorget, Södra;BLANK;8;4
2011;rf;14805222;Västra Göteborg, Opaltorget, Södra;OG;0;0
2011;rf;14805222;Västra Göteborg, Opaltorget, Södra;SUMMA_RÖSTER;777;474
2011;rf;14805222;Västra Göteborg, Opaltorget, Södra;RÖSTBERÄTTIGADE;1000;1014
2011;rf;14805231;Askim-Frölunda-Högsbo, Askim;M;444;288
2011;rf;14805231;Askim-Frölunda-Högsbo, Askim;C;35;15
2011;rf;14805231;Askim-Frölunda-Högsbo, Askim;L;133;81
2011;rf;14805231;Askim-Frölunda-Högsbo, Askim;KD;81;33
2011;rf;14805231;Askim-Frölunda-Högsbo, Askim;S;134;79
2011;rf;14805231;Askim-Frölunda-Högsbo, Askim;V;33;9
2011;rf;14805231;Askim-Frölunda-Högsbo, Askim;MP;73;27
2011;rf;14805231;Askim-Frölunda-Högsbo, Askim;SD;82;31
2011;rf;14805231;Askim-Frölunda-Högsbo, Askim;FI;0;1
2011;rf;14805231;Askim-Frölunda-Högsbo, Askim;VÄGV;18;25
2011;rf;14805231;Askim-Frölunda-Högsbo, Askim;SPVG;3;7
2011;rf;14805231;Askim-Frölunda-Högsbo, Askim;PP;1;1
2011;rf;14805231;Askim-Frölunda-Högsbo, Askim;K;0;1
2011;rf;14805231;Askim-Frölunda-Högsbo, Askim;HANDSKRIVNA;8;2
2011;rf;14805231;Askim-Frölunda-Högsbo, Askim;GILTIGA;1046;600
2011;rf;14805231;Askim-Frölunda-Högsbo, Askim;BLANK;8;2
2011;rf;14805231;Askim-Frölunda-Högsbo, Askim;OG;0;0
2011;rf;14805231;Askim-Frölunda-Högsbo, Askim;SUMMA_RÖSTER;1054;602
2011;rf;14805231;Askim-Frölunda-Högsbo, Askim;RÖSTBERÄTTIGADE;1241;1053
2011;rf;14805232;Askim-Frölunda-Högsbo, Hovås, Norra;M;423;318
2011;rf;14805232;Askim-Frölunda-Högsbo, Hovås, Norra;C;46;20
2011;rf;14805232;Askim-Frölunda-Högsbo, Hovås, Norra;L;119;73
2011;rf;14805232;Askim-Frölunda-Högsbo, Hovås, Norra;KD;72;30
2011;rf;14805232;Askim-Frölunda-Högsbo, Hovås, Norra;S;95;69
2011;rf;14805232;Askim-Frölunda-Högsbo, Hovås, Norra;V;44;18
2011;rf;14805232;Askim-Frölunda-Högsbo, Hovås, Norra;MP;60;33
2011;rf;14805232;Askim-Frölunda-Högsbo, Hovås, Norra;SD;53;22
2011;rf;14805232;Askim-Frölunda-Högsbo, Hovås, Norra;VÄGV;24;32
2011;rf;14805232;Askim-Frölunda-Högsbo, Hovås, Norra;SPVG;5;7
2011;rf;14805232;Askim-Frölunda-Högsbo, Hovås, Norra;PP;1;3
2011;rf;14805232;Askim-Frölunda-Högsbo, Hovås, Norra;K;0;1
2011;rf;14805232;Askim-Frölunda-Högsbo, Hovås, Norra;HANDSKRIVNA;2;0
2011;rf;14805232;Askim-Frölunda-Högsbo, Hovås, Norra;GILTIGA;946;626
2011;rf;14805232;Askim-Frölunda-Högsbo, Hovås, Norra;BLANK;10;5
2011;rf;14805232;Askim-Frölunda-Högsbo, Hovås, Norra;OG;0;0
2011;rf;14805232;Askim-Frölunda-Högsbo, Hovås, Norra;SUMMA_RÖSTER;956;631
2011;rf;14805232;Askim-Frölunda-Högsbo, Hovås, Norra;RÖSTBERÄTTIGADE;1131;1097
2011;rf;14805233;Askim-Frölunda-Högsbo, Hult;M;470;396
2011;rf;14805233;Askim-Frölunda-Högsbo, Hult;C;43;14
2011;rf;14805233;Askim-Frölunda-Högsbo, Hult;L;151;118
2011;rf;14805233;Askim-Frölunda-Högsbo, Hult;KD;92;49
2011;rf;14805233;Askim-Frölunda-Högsbo, Hult;S;130;98
2011;rf;14805233;Askim-Frölunda-Högsbo, Hult;V;33;10
2011;rf;14805233;Askim-Frölunda-Högsbo, Hult;MP;66;26
2011;rf;14805233;Askim-Frölunda-Högsbo, Hult;SD;57;48
2011;rf;14805233;Askim-Frölunda-Högsbo, Hult;VÄGV;44;35
2011;rf;14805233;Askim-Frölunda-Högsbo, Hult;PP;3;0
2011;rf;14805233;Askim-Frölunda-Högsbo, Hult;SPVG;2;15
2011;rf;14805233;Askim-Frölunda-Högsbo, Hult;HANDSKRIVNA;5;0
2011;rf;14805233;Askim-Frölunda-Högsbo, Hult;GILTIGA;1096;809
2011;rf;14805233;Askim-Frölunda-Högsbo, Hult;BLANK;12;5
2011;rf;14805233;Askim-Frölunda-Högsbo, Hult;OG;0;0
2011;rf;14805233;Askim-Frölunda-Högsbo, Hult;SUMMA_RÖSTER;1108;814
2011;rf;14805233;Askim-Frölunda-Högsbo, Hult;RÖSTBERÄTTIGADE;1218;1247
2011;rf;14805234;Askim-Frölunda-Högsbo, Pilegården;M;198;115
2011;rf;14805234;Askim-Frölunda-Högsbo, Pilegården;C;14;2
2011;rf;14805234;Askim-Frölunda-Högsbo, Pilegården;L;52;26
2011;rf;14805234;Askim-Frölunda-Högsbo, Pilegården;KD;27;10
2011;rf;14805234;Askim-Frölunda-Högsbo, Pilegården;S;296;169
2011;rf;14805234;Askim-Frölunda-Högsbo, Pilegården;V;89;18
2011;rf;14805234;Askim-Frölunda-Högsbo, Pilegården;MP;82;37
2011;rf;14805234;Askim-Frölunda-Högsbo, Pilegården;SD;134;31
2011;rf;14805234;Askim-Frölunda-Högsbo, Pilegården;FI;3;1
2011;rf;14805234;Askim-Frölunda-Högsbo, Pilegården;VÄGV;11;15
2011;rf;14805234;Askim-Frölunda-Högsbo, Pilegården;PP;6;2
2011;rf;14805234;Askim-Frölunda-Högsbo, Pilegården;SPVG;3;14
2011;rf;14805234;Askim-Frölunda-Högsbo, Pilegården;HANDSKRIVNA;8;0
2011;rf;14805234;Askim-Frölunda-Högsbo, Pilegården;GILTIGA;928;440
2011;rf;14805234;Askim-Frölunda-Högsbo, Pilegården;BLANK;16;3
2011;rf;14805234;Askim-Frölunda-Högsbo, Pilegården;OG;0;0
2011;rf;14805234;Askim-Frölunda-Högsbo, Pilegården;SUMMA_RÖSTER;944;443
2011;rf;14805234;Askim-Frölunda-Högsbo, Pilegården;RÖSTBERÄTTIGADE;1226;1226
2011;rf;14805235;Askim-Frölunda-Högsbo, Sisjön, Norra;M;413;297
2011;rf;14805235;Askim-Frölunda-Högsbo, Sisjön, Norra;C;34;21
2011;rf;14805235;Askim-Frölunda-Högsbo, Sisjön, Norra;L;153;100
2011;rf;14805235;Askim-Frölunda-Högsbo, Sisjön, Norra;KD;77;35
2011;rf;14805235;Askim-Frölunda-Högsbo, Sisjön, Norra;S;195;137
2011;rf;14805235;Askim-Frölunda-Högsbo, Sisjön, Norra;V;90;19
2011;rf;14805235;Askim-Frölunda-Högsbo, Sisjön, Norra;MP;99;43
2011;rf;14805235;Askim-Frölunda-Högsbo, Sisjön, Norra;SD;116;60
2011;rf;14805235;Askim-Frölunda-Högsbo, Sisjön, Norra;FI;7;1
2011;rf;14805235;Askim-Frölunda-Högsbo, Sisjön, Norra;VÄGV;29;33
2011;rf;14805235;Askim-Frölunda-Högsbo, Sisjön, Norra;SPVG;6;13
2011;rf;14805235;Askim-Frölunda-Högsbo, Sisjön, Norra;PP;5;4
2011;rf;14805235;Askim-Frölunda-Högsbo, Sisjön, Norra;HANDSKRIVNA;3;0
2011;rf;14805235;Askim-Frölunda-Högsbo, Sisjön, Norra;GILTIGA;1227;763
2011;rf;14805235;Askim-Frölunda-Högsbo, Sisjön, Norra;BLANK;12;2
2011;rf;14805235;Askim-Frölunda-Högsbo, Sisjön, Norra;OG;0;1
2011;rf;14805235;Askim-Frölunda-Högsbo, Sisjön, Norra;SUMMA_RÖSTER;1239;766
2011;rf;14805235;Askim-Frölunda-Högsbo, Sisjön, Norra;RÖSTBERÄTTIGADE;1500;1498
2011;rf;14805236;Askim-Frölunda-Högsbo, Sisjön, Södra;M;610;426
2011;rf;14805236;Askim-Frölunda-Högsbo, Sisjön, Södra;C;55;20
2011;rf;14805236;Askim-Frölunda-Högsbo, Sisjön, Södra;L;209;119
2011;rf;14805236;Askim-Frölunda-Högsbo, Sisjön, Södra;KD;98;49
2011;rf;14805236;Askim-Frölunda-Högsbo, Sisjön, Södra;S;124;112
2011;rf;14805236;Askim-Frölunda-Högsbo, Sisjön, Södra;V;35;6
2011;rf;14805236;Askim-Frölunda-Högsbo, Sisjön, Södra;MP;126;34
2011;rf;14805236;Askim-Frölunda-Högsbo, Sisjön, Södra;SD;67;33
2011;rf;14805236;Askim-Frölunda-Högsbo, Sisjön, Södra;FI;4;2
2011;rf;14805236;Askim-Frölunda-Högsbo, Sisjön, Södra;VÄGV;22;42
2011;rf;14805236;Askim-Frölunda-Högsbo, Sisjön, Södra;SPVG;6;12
2011;rf;14805236;Askim-Frölunda-Högsbo, Sisjön, Södra;PP;4;1
2011;rf;14805236;Askim-Frölunda-Högsbo, Sisjön, Södra;K;0;2
2011;rf;14805236;Askim-Frölunda-Högsbo, Sisjön, Södra;HANDSKRIVNA;2;0
2011;rf;14805236;Askim-Frölunda-Högsbo, Sisjön, Södra;GILTIGA;1363;858
2011;rf;14805236;Askim-Frölunda-Högsbo, Sisjön, Södra;BLANK;13;4
2011;rf;14805236;Askim-Frölunda-Högsbo, Sisjön, Södra;OG;0;0
2011;rf;14805236;Askim-Frölunda-Högsbo, Sisjön, Södra;SUMMA_RÖSTER;1376;862
2011;rf;14805236;Askim-Frölunda-Högsbo, Sisjön, Södra;RÖSTBERÄTTIGADE;1499;1470
2011;rf;14805241;Askim-Frölunda-Högsbo, Hovås, Södra;M;588;441
2011;rf;14805241;Askim-Frölunda-Högsbo, Hovås, Södra;C;30;13
2011;rf;14805241;Askim-Frölunda-Högsbo, Hovås, Södra;L;123;61
2011;rf;14805241;Askim-Frölunda-Högsbo, Hovås, Södra;KD;55;44
2011;rf;14805241;Askim-Frölunda-Högsbo, Hovås, Södra;S;26;12
2011;rf;14805241;Askim-Frölunda-Högsbo, Hovås, Södra;V;4;2
2011;rf;14805241;Askim-Frölunda-Högsbo, Hovås, Södra;MP;24;9
2011;rf;14805241;Askim-Frölunda-Högsbo, Hovås, Södra;SD;29;17
2011;rf;14805241;Askim-Frölunda-Högsbo, Hovås, Södra;VÄGV;17;14
2011;rf;14805241;Askim-Frölunda-Högsbo, Hovås, Södra;PP;4;0
2011;rf;14805241;Askim-Frölunda-Högsbo, Hovås, Södra;SPVG;3;4
2011;rf;14805241;Askim-Frölunda-Högsbo, Hovås, Södra;HANDSKRIVNA;1;0
2011;rf;14805241;Askim-Frölunda-Högsbo, Hovås, Södra;GILTIGA;905;617
2011;rf;14805241;Askim-Frölunda-Högsbo, Hovås, Södra;BLANK;1;0
2011;rf;14805241;Askim-Frölunda-Högsbo, Hovås, Södra;OG;0;0
2011;rf;14805241;Askim-Frölunda-Högsbo, Hovås, Södra;SUMMA_RÖSTER;906;617
2011;rf;14805241;Askim-Frölunda-Högsbo, Hovås, Södra;RÖSTBERÄTTIGADE;1062;1025
2011;rf;14805242;Askim-Frölunda-Högsbo, Trollåsen;M;687;550
2011;rf;14805242;Askim-Frölunda-Högsbo, Trollåsen;C;51;22
2011;rf;14805242;Askim-Frölunda-Högsbo, Trollåsen;L;158;94
2011;rf;14805242;Askim-Frölunda-Högsbo, Trollåsen;KD;97;33
2011;rf;14805242;Askim-Frölunda-Högsbo, Trollåsen;S;63;27
2011;rf;14805242;Askim-Frölunda-Högsbo, Trollåsen;V;14;10
2011;rf;14805242;Askim-Frölunda-Högsbo, Trollåsen;MP;44;20
2011;rf;14805242;Askim-Frölunda-Högsbo, Trollåsen;SD;44;20
2011;rf;14805242;Askim-Frölunda-Högsbo, Trollåsen;VÄGV;20;35
2011;rf;14805242;Askim-Frölunda-Högsbo, Trollåsen;PP;5;1
2011;rf;14805242;Askim-Frölunda-Högsbo, Trollåsen;SPVG;3;3
2011;rf;14805242;Askim-Frölunda-Högsbo, Trollåsen;HANDSKRIVNA;2;0
2011;rf;14805242;Askim-Frölunda-Högsbo, Trollåsen;GILTIGA;1192;815
2011;rf;14805242;Askim-Frölunda-Högsbo, Trollåsen;BLANK;6;1
2011;rf;14805242;Askim-Frölunda-Högsbo, Trollåsen;OG;1;1
2011;rf;14805242;Askim-Frölunda-Högsbo, Trollåsen;SUMMA_RÖSTER;1199;817
2011;rf;14805242;Askim-Frölunda-Högsbo, Trollåsen;RÖSTBERÄTTIGADE;1380;1318
2011;rf;14805252;Askim-Frölunda-Högsbo, Brottkärr;M;515;361
2011;rf;14805252;Askim-Frölunda-Högsbo, Brottkärr;C;31;14
2011;rf;14805252;Askim-Frölunda-Högsbo, Brottkärr;L;113;55
2011;rf;14805252;Askim-Frölunda-Högsbo, Brottkärr;KD;69;20
2011;rf;14805252;Askim-Frölunda-Högsbo, Brottkärr;S;22;16
2011;rf;14805252;Askim-Frölunda-Högsbo, Brottkärr;V;8;2
2011;rf;14805252;Askim-Frölunda-Högsbo, Brottkärr;MP;37;9
2011;rf;14805252;Askim-Frölunda-Högsbo, Brottkärr;SD;35;15
2011;rf;14805252;Askim-Frölunda-Högsbo, Brottkärr;VÄGV;4;24
2011;rf;14805252;Askim-Frölunda-Högsbo, Brottkärr;PP;1;0
2011;rf;14805252;Askim-Frölunda-Högsbo, Brottkärr;SPVG;1;8
2011;rf;14805252;Askim-Frölunda-Högsbo, Brottkärr;HANDSKRIVNA;2;0
2011;rf;14805252;Askim-Frölunda-Högsbo, Brottkärr;GILTIGA;839;524
2011;rf;14805252;Askim-Frölunda-Högsbo, Brottkärr;BLANK;4;0
2011;rf;14805252;Askim-Frölunda-Högsbo, Brottkärr;OG;2;1
2011;rf;14805252;Askim-Frölunda-Högsbo, Brottkärr;SUMMA_RÖSTER;845;525
2011;rf;14805252;Askim-Frölunda-Högsbo, Brottkärr;RÖSTBERÄTTIGADE;949;837
2011;rf;14805254;Askim-Frölunda-Högsbo, Lyckhem;M;552;422
2011;rf;14805254;Askim-Frölunda-Högsbo, Lyckhem;C;35;11
2011;rf;14805254;Askim-Frölunda-Högsbo, Lyckhem;L;144;88
2011;rf;14805254;Askim-Frölunda-Högsbo, Lyckhem;KD;80;34
2011;rf;14805254;Askim-Frölunda-Högsbo, Lyckhem;S;88;58
2011;rf;14805254;Askim-Frölunda-Högsbo, Lyckhem;V;27;8
2011;rf;14805254;Askim-Frölunda-Högsbo, Lyckhem;MP;63;20
2011;rf;14805254;Askim-Frölunda-Högsbo, Lyckhem;SD;53;36
2011;rf;14805254;Askim-Frölunda-Högsbo, Lyckhem;VÄGV;16;31
2011;rf;14805254;Askim-Frölunda-Högsbo, Lyckhem;SPVG;5;7
2011;rf;14805254;Askim-Frölunda-Högsbo, Lyckhem;PP;4;1
2011;rf;14805254;Askim-Frölunda-Högsbo, Lyckhem;K;0;1
2011;rf;14805254;Askim-Frölunda-Högsbo, Lyckhem;HANDSKRIVNA;3;0
2011;rf;14805254;Askim-Frölunda-Högsbo, Lyckhem;GILTIGA;1071;717
2011;rf;14805254;Askim-Frölunda-Högsbo, Lyckhem;BLANK;7;2
2011;rf;14805254;Askim-Frölunda-Högsbo, Lyckhem;OG;1;0
2011;rf;14805254;Askim-Frölunda-Högsbo, Lyckhem;SUMMA_RÖSTER;1079;719
2011;rf;14805254;Askim-Frölunda-Högsbo, Lyckhem;RÖSTBERÄTTIGADE;1178;1181
2011;rf;14805255;Askim-Frölunda-Högsbo, Nygård;M;507;334
2011;rf;14805255;Askim-Frölunda-Högsbo, Nygård;C;34;21
2011;rf;14805255;Askim-Frölunda-Högsbo, Nygård;L;135;79
2011;rf;14805255;Askim-Frölunda-Högsbo, Nygård;KD;89;50
2011;rf;14805255;Askim-Frölunda-Högsbo, Nygård;S;112;66
2011;rf;14805255;Askim-Frölunda-Högsbo, Nygård;V;24;14
2011;rf;14805255;Askim-Frölunda-Högsbo, Nygård;MP;93;34
2011;rf;14805255;Askim-Frölunda-Högsbo, Nygård;SD;70;16
2011;rf;14805255;Askim-Frölunda-Högsbo, Nygård;VÄGV;21;29
2011;rf;14805255;Askim-Frölunda-Högsbo, Nygård;PP;1;0
2011;rf;14805255;Askim-Frölunda-Högsbo, Nygård;SPVG;1;11
2011;rf;14805255;Askim-Frölunda-Högsbo, Nygård;RS;0;1
2011;rf;14805255;Askim-Frölunda-Högsbo, Nygård;HANDSKRIVNA;1;0
2011;rf;14805255;Askim-Frölunda-Högsbo, Nygård;GILTIGA;1092;655
2011;rf;14805255;Askim-Frölunda-Högsbo, Nygård;BLANK;11;5
2011;rf;14805255;Askim-Frölunda-Högsbo, Nygård;OG;0;1
2011;rf;14805255;Askim-Frölunda-Högsbo, Nygård;SUMMA_RÖSTER;1103;661
2011;rf;14805255;Askim-Frölunda-Högsbo, Nygård;RÖSTBERÄTTIGADE;1250;1228
2011;rf;14805256;Askim-Frölunda-Högsbo, Skintebo;M;406;265
2011;rf;14805256;Askim-Frölunda-Högsbo, Skintebo;C;43;20
2011;rf;14805256;Askim-Frölunda-Högsbo, Skintebo;L;163;95
2011;rf;14805256;Askim-Frölunda-Högsbo, Skintebo;KD;62;24
2011;rf;14805256;Askim-Frölunda-Högsbo, Skintebo;S;147;107
2011;rf;14805256;Askim-Frölunda-Högsbo, Skintebo;V;53;16
2011;rf;14805256;Askim-Frölunda-Högsbo, Skintebo;MP;102;41
2011;rf;14805256;Askim-Frölunda-Högsbo, Skintebo;SD;55;35
2011;rf;14805256;Askim-Frölunda-Högsbo, Skintebo;VÄGV;20;36
2011;rf;14805256;Askim-Frölunda-Högsbo, Skintebo;PP;4;1
2011;rf;14805256;Askim-Frölunda-Högsbo, Skintebo;SPVG;2;17
2011;rf;14805256;Askim-Frölunda-Högsbo, Skintebo;K;0;1
2011;rf;14805256;Askim-Frölunda-Högsbo, Skintebo;HANDSKRIVNA;4;0
2011;rf;14805256;Askim-Frölunda-Högsbo, Skintebo;GILTIGA;1065;658
2011;rf;14805256;Askim-Frölunda-Högsbo, Skintebo;BLANK;10;1
2011;rf;14805256;Askim-Frölunda-Högsbo, Skintebo;OG;0;0
2011;rf;14805256;Askim-Frölunda-Högsbo, Skintebo;SUMMA_RÖSTER;1075;659
2011;rf;14805256;Askim-Frölunda-Högsbo, Skintebo;RÖSTBERÄTTIGADE;1212;1197
2011;rf;14806011;Angered, Lövgärdet, Nedre;M;107;43
2011;rf;14806011;Angered, Lövgärdet, Nedre;C;4;3
2011;rf;14806011;Angered, Lövgärdet, Nedre;L;27;10
2011;rf;14806011;Angered, Lövgärdet, Nedre;KD;17;4
2011;rf;14806011;Angered, Lövgärdet, Nedre;S;673;313
2011;rf;14806011;Angered, Lövgärdet, Nedre;V;156;55
2011;rf;14806011;Angered, Lövgärdet, Nedre;MP;59;20
2011;rf;14806011;Angered, Lövgärdet, Nedre;SD;105;48
2011;rf;14806011;Angered, Lövgärdet, Nedre;RS;14;2
2011;rf;14806011;Angered, Lövgärdet, Nedre;VÄGV;11;9
2011;rf;14806011;Angered, Lövgärdet, Nedre;PP;4;2
2011;rf;14806011;Angered, Lövgärdet, Nedre;SPVG;4;17
2011;rf;14806011;Angered, Lövgärdet, Nedre;K;0;4
2011;rf;14806011;Angered, Lövgärdet, Nedre;HANDSKRIVNA;4;0
2011;rf;14806011;Angered, Lövgärdet, Nedre;GILTIGA;1188;530
2011;rf;14806011;Angered, Lövgärdet, Nedre;BLANK;8;2
2011;rf;14806011;Angered, Lövgärdet, Nedre;OG;1;0
2011;rf;14806011;Angered, Lövgärdet, Nedre;SUMMA_RÖSTER;1197;532
2011;rf;14806011;Angered, Lövgärdet, Nedre;RÖSTBERÄTTIGADE;2278;2051
2011;rf;14806012;Angered, Lövgärdet, Övre;M;44;17
2011;rf;14806012;Angered, Lövgärdet, Övre;C;4;2
2011;rf;14806012;Angered, Lövgärdet, Övre;L;14;5
2011;rf;14806012;Angered, Lövgärdet, Övre;KD;5;7
2011;rf;14806012;Angered, Lövgärdet, Övre;S;549;266
2011;rf;14806012;Angered, Lövgärdet, Övre;V;128;33
2011;rf;14806012;Angered, Lövgärdet, Övre;MP;55;14
2011;rf;14806012;Angered, Lövgärdet, Övre;SD;70;12
2011;rf;14806012;Angered, Lövgärdet, Övre;RS;15;1
2011;rf;14806012;Angered, Lövgärdet, Övre;PP;9;1
2011;rf;14806012;Angered, Lövgärdet, Övre;VÄGV;5;4
2011;rf;14806012;Angered, Lövgärdet, Övre;SPVG;3;3
2011;rf;14806012;Angered, Lövgärdet, Övre;K;0;2
2011;rf;14806012;Angered, Lövgärdet, Övre;HANDSKRIVNA;3;0
2011;rf;14806012;Angered, Lövgärdet, Övre;GILTIGA;908;367
2011;rf;14806012;Angered, Lövgärdet, Övre;BLANK;7;0
2011;rf;14806012;Angered, Lövgärdet, Övre;OG;0;1
2011;rf;14806012;Angered, Lövgärdet, Övre;SUMMA_RÖSTER;915;368
2011;rf;14806012;Angered, Lövgärdet, Övre;RÖSTBERÄTTIGADE;1739;1632
2011;rf;14806013;Angered, Lövgärdets Centrum;M;55;15
2011;rf;14806013;Angered, Lövgärdets Centrum;C;5;0
2011;rf;14806013;Angered, Lövgärdets Centrum;L;16;3
2011;rf;14806013;Angered, Lövgärdets Centrum;KD;7;7
2011;rf;14806013;Angered, Lövgärdets Centrum;S;369;181
2011;rf;14806013;Angered, Lövgärdets Centrum;V;84;23
2011;rf;14806013;Angered, Lövgärdets Centrum;MP;37;15
2011;rf;14806013;Angered, Lövgärdets Centrum;SD;68;31
2011;rf;14806013;Angered, Lövgärdets Centrum;FI;3;1
2011;rf;14806013;Angered, Lövgärdets Centrum;VÄGV;6;6
2011;rf;14806013;Angered, Lövgärdets Centrum;RS;4;3
2011;rf;14806013;Angered, Lövgärdets Centrum;PP;1;1
2011;rf;14806013;Angered, Lövgärdets Centrum;SPVG;1;2
2011;rf;14806013;Angered, Lövgärdets Centrum;K;0;3
2011;rf;14806013;Angered, Lövgärdets Centrum;HANDSKRIVNA;2;0
2011;rf;14806013;Angered, Lövgärdets Centrum;GILTIGA;661;291
2011;rf;14806013;Angered, Lövgärdets Centrum;BLANK;7;1
2011;rf;14806013;Angered, Lövgärdets Centrum;OG;0;1
2011;rf;14806013;Angered, Lövgärdets Centrum;SUMMA_RÖSTER;668;293
2011;rf;14806013;Angered, Lövgärdets Centrum;RÖSTBERÄTTIGADE;1296;1264
2011;rf;14806021;Angered, Rannebergen, Norra;M;164;82
2011;rf;14806021;Angered, Rannebergen, Norra;C;19;3
2011;rf;14806021;Angered, Rannebergen, Norra;L;48;21
2011;rf;14806021;Angered, Rannebergen, Norra;KD;44;22
2011;rf;14806021;Angered, Rannebergen, Norra;S;438;291
2011;rf;14806021;Angered, Rannebergen, Norra;V;182;80
2011;rf;14806021;Angered, Rannebergen, Norra;MP;110;50
2011;rf;14806021;Angered, Rannebergen, Norra;SD;135;77
2011;rf;14806021;Angered, Rannebergen, Norra;FI;4;1
2011;rf;14806021;Angered, Rannebergen, Norra;VÄGV;16;30
2011;rf;14806021;Angered, Rannebergen, Norra;RS;8;1
2011;rf;14806021;Angered, Rannebergen, Norra;SPVG;7;22
2011;rf;14806021;Angered, Rannebergen, Norra;PP;5;2
2011;rf;14806021;Angered, Rannebergen, Norra;SVP;2;1
2011;rf;14806021;Angered, Rannebergen, Norra;K;0;4
2011;rf;14806021;Angered, Rannebergen, Norra;HANDSKRIVNA;7;0
2011;rf;14806021;Angered, Rannebergen, Norra;GILTIGA;1196;687
2011;rf;14806021;Angered, Rannebergen, Norra;BLANK;13;4
2011;rf;14806021;Angered, Rannebergen, Norra;OG;0;0
2011;rf;14806021;Angered, Rannebergen, Norra;SUMMA_RÖSTER;1209;691
2011;rf;14806021;Angered, Rannebergen, Norra;RÖSTBERÄTTIGADE;1753;1691
2011;rf;14806022;Angered, Rannebergen, Södra;M;54;34
2011;rf;14806022;Angered, Rannebergen, Södra;C;5;4
2011;rf;14806022;Angered, Rannebergen, Södra;L;20;8
2011;rf;14806022;Angered, Rannebergen, Södra;KD;15;15
2011;rf;14806022;Angered, Rannebergen, Södra;S;452;246
2011;rf;14806022;Angered, Rannebergen, Södra;V;121;37
2011;rf;14806022;Angered, Rannebergen, Södra;MP;85;24
2011;rf;14806022;Angered, Rannebergen, Södra;SD;161;83
2011;rf;14806022;Angered, Rannebergen, Södra;RS;18;1
2011;rf;14806022;Angered, Rannebergen, Södra;SPVG;11;16
2011;rf;14806022;Angered, Rannebergen, Södra;PP;10;2
2011;rf;14806022;Angered, Rannebergen, Södra;VÄGV;5;6
2011;rf;14806022;Angered, Rannebergen, Södra;K;0;1
2011;rf;14806022;Angered, Rannebergen, Södra;HANDSKRIVNA;9;0
2011;rf;14806022;Angered, Rannebergen, Södra;GILTIGA;970;477
2011;rf;14806022;Angered, Rannebergen, Södra;BLANK;9;1
2011;rf;14806022;Angered, Rannebergen, Södra;OG;2;0
2011;rf;14806022;Angered, Rannebergen, Södra;SUMMA_RÖSTER;981;478
2011;rf;14806022;Angered, Rannebergen, Södra;RÖSTBERÄTTIGADE;1675;1601
2011;rf;14806031;Angered, Gårdsten, Norra;M;54;33
2011;rf;14806031;Angered, Gårdsten, Norra;C;4;4
2011;rf;14806031;Angered, Gårdsten, Norra;L;17;4
2011;rf;14806031;Angered, Gårdsten, Norra;KD;16;6
2011;rf;14806031;Angered, Gårdsten, Norra;S;438;282
2011;rf;14806031;Angered, Gårdsten, Norra;V;86;23
2011;rf;14806031;Angered, Gårdsten, Norra;MP;64;17
2011;rf;14806031;Angered, Gårdsten, Norra;SD;60;19
2011;rf;14806031;Angered, Gårdsten, Norra;RS;8;2
2011;rf;14806031;Angered, Gårdsten, Norra;SPVG;7;12
2011;rf;14806031;Angered, Gårdsten, Norra;VÄGV;5;7
2011;rf;14806031;Angered, Gårdsten, Norra;PP;4;0
2011;rf;14806031;Angered, Gårdsten, Norra;HANDSKRIVNA;1;0
2011;rf;14806031;Angered, Gårdsten, Norra;GILTIGA;766;409
2011;rf;14806031;Angered, Gårdsten, Norra;BLANK;6;0
2011;rf;14806031;Angered, Gårdsten, Norra;OG;2;3
2011;rf;14806031;Angered, Gårdsten, Norra;SUMMA_RÖSTER;774;412
2011;rf;14806031;Angered, Gårdsten, Norra;RÖSTBERÄTTIGADE;2039;1951
2011;rf;14806032;Angered, Gårdsten, Södra;M;46;22
2011;rf;14806032;Angered, Gårdsten, Södra;C;2;1
2011;rf;14806032;Angered, Gårdsten, Södra;L;14;5
2011;rf;14806032;Angered, Gårdsten, Södra;KD;12;5
2011;rf;14806032;Angered, Gårdsten, Södra;S;253;168
2011;rf;14806032;Angered, Gårdsten, Södra;V;63;19
2011;rf;14806032;Angered, Gårdsten, Södra;MP;58;13
2011;rf;14806032;Angered, Gårdsten, Södra;SD;30;9
2011;rf;14806032;Angered, Gårdsten, Södra;RS;11;2
2011;rf;14806032;Angered, Gårdsten, Södra;PP;4;0
2011;rf;14806032;Angered, Gårdsten, Södra;VÄGV;4;4
2011;rf;14806032;Angered, Gårdsten, Södra;K;0;2
2011;rf;14806032;Angered, Gårdsten, Södra;SPVG;0;3
2011;rf;14806032;Angered, Gårdsten, Södra;HANDSKRIVNA;1;0
2011;rf;14806032;Angered, Gårdsten, Södra;GILTIGA;498;253
2011;rf;14806032;Angered, Gårdsten, Södra;BLANK;5;1
2011;rf;14806032;Angered, Gårdsten, Södra;OG;0;0
2011;rf;14806032;Angered, Gårdsten, Södra;SUMMA_RÖSTER;503;254
2011;rf;14806032;Angered, Gårdsten, Södra;RÖSTBERÄTTIGADE;985;949
2011;rf;14806033;Angered, Gårdsten, Västra;M;44;20
2011;rf;14806033;Angered, Gårdsten, Västra;C;10;1
2011;rf;14806033;Angered, Gårdsten, Västra;L;18;3
2011;rf;14806033;Angered, Gårdsten, Västra;KD;9;8
2011;rf;14806033;Angered, Gårdsten, Västra;S;243;126
2011;rf;14806033;Angered, Gårdsten, Västra;V;61;19
2011;rf;14806033;Angered, Gårdsten, Västra;MP;60;9
2011;rf;14806033;Angered, Gårdsten, Västra;SD;71;25
2011;rf;14806033;Angered, Gårdsten, Västra;VÄGV;10;9
2011;rf;14806033;Angered, Gårdsten, Västra;RS;9;4
2011;rf;14806033;Angered, Gårdsten, Västra;PP;5;1
2011;rf;14806033;Angered, Gårdsten, Västra;K;0;1
2011;rf;14806033;Angered, Gårdsten, Västra;SPVG;0;7
2011;rf;14806033;Angered, Gårdsten, Västra;HANDSKRIVNA;2;0
2011;rf;14806033;Angered, Gårdsten, Västra;GILTIGA;542;233
2011;rf;14806033;Angered, Gårdsten, Västra;BLANK;2;0
2011;rf;14806033;Angered, Gårdsten, Västra;OG;1;0
2011;rf;14806033;Angered, Gårdsten, Västra;SUMMA_RÖSTER;545;233
2011;rf;14806033;Angered, Gårdsten, Västra;RÖSTBERÄTTIGADE;1316;1199
2011;rf;14806034;Angered, Gårdsten, Östra;M;83;31
2011;rf;14806034;Angered, Gårdsten, Östra;C;5;1
2011;rf;14806034;Angered, Gårdsten, Östra;L;26;13
2011;rf;14806034;Angered, Gårdsten, Östra;KD;22;14
2011;rf;14806034;Angered, Gårdsten, Östra;S;397;269
2011;rf;14806034;Angered, Gårdsten, Östra;V;86;23
2011;rf;14806034;Angered, Gårdsten, Östra;MP;75;24
2011;rf;14806034;Angered, Gårdsten, Östra;SD;59;27
2011;rf;14806034;Angered, Gårdsten, Östra;PP;6;0
2011;rf;14806034;Angered, Gårdsten, Östra;RS;6;1
2011;rf;14806034;Angered, Gårdsten, Östra;VÄGV;5;3
2011;rf;14806034;Angered, Gårdsten, Östra;SPVG;4;8
2011;rf;14806034;Angered, Gårdsten, Östra;K;0;2
2011;rf;14806034;Angered, Gårdsten, Östra;HANDSKRIVNA;2;0
2011;rf;14806034;Angered, Gårdsten, Östra;GILTIGA;777;416
2011;rf;14806034;Angered, Gårdsten, Östra;BLANK;2;0
2011;rf;14806034;Angered, Gårdsten, Östra;OG;1;0
2011;rf;14806034;Angered, Gårdsten, Östra;SUMMA_RÖSTER;780;416
2011;rf;14806034;Angered, Gårdsten, Östra;RÖSTBERÄTTIGADE;1521;1503
2011;rf;14806041;Angered, Angereds Centrum;M;85;37
2011;rf;14806041;Angered, Angereds Centrum;C;15;2
2011;rf;14806041;Angered, Angereds Centrum;L;24;7
2011;rf;14806041;Angered, Angereds Centrum;KD;30;26
2011;rf;14806041;Angered, Angereds Centrum;S;533;294
2011;rf;14806041;Angered, Angereds Centrum;V;149;45
2011;rf;14806041;Angered, Angereds Centrum;MP;99;26
2011;rf;14806041;Angered, Angereds Centrum;SD;67;36
2011;rf;14806041;Angered, Angereds Centrum;FI;0;3
2011;rf;14806041;Angered, Angereds Centrum;VÄGV;17;14
2011;rf;14806041;Angered, Angereds Centrum;RS;10;6
2011;rf;14806041;Angered, Angereds Centrum;SPVG;6;11
2011;rf;14806041;Angered, Angereds Centrum;PP;4;1
2011;rf;14806041;Angered, Angereds Centrum;K;0;4
2011;rf;14806041;Angered, Angereds Centrum;HANDSKRIVNA;5;0
2011;rf;14806041;Angered, Angereds Centrum;GILTIGA;1056;512
2011;rf;14806041;Angered, Angereds Centrum;BLANK;10;5
2011;rf;14806041;Angered, Angereds Centrum;OG;1;2
2011;rf;14806041;Angered, Angereds Centrum;SUMMA_RÖSTER;1067;519
2011;rf;14806041;Angered, Angereds Centrum;RÖSTBERÄTTIGADE;1550;1512
2011;rf;14806042;Angered, Trägårdsgärdet;M;79;29
2011;rf;14806042;Angered, Trägårdsgärdet;C;10;6
2011;rf;14806042;Angered, Trägårdsgärdet;L;29;10
2011;rf;14806042;Angered, Trägårdsgärdet;KD;27;14
2011;rf;14806042;Angered, Trägårdsgärdet;S;391;183
2011;rf;14806042;Angered, Trägårdsgärdet;V;119;45
2011;rf;14806042;Angered, Trägårdsgärdet;MP;78;26
2011;rf;14806042;Angered, Trägårdsgärdet;SD;57;23
2011;rf;14806042;Angered, Trägårdsgärdet;RS;9;1
2011;rf;14806042;Angered, Trägårdsgärdet;PP;6;2
2011;rf;14806042;Angered, Trägårdsgärdet;VÄGV;6;15
2011;rf;14806042;Angered, Trägårdsgärdet;SPVG;4;15
2011;rf;14806042;Angered, Trägårdsgärdet;K;0;3
2011;rf;14806042;Angered, Trägårdsgärdet;HANDSKRIVNA;4;0
2011;rf;14806042;Angered, Trägårdsgärdet;GILTIGA;825;372
2011;rf;14806042;Angered, Trägårdsgärdet;BLANK;12;2
2011;rf;14806042;Angered, Trägårdsgärdet;OG;2;0
2011;rf;14806042;Angered, Trägårdsgärdet;SUMMA_RÖSTER;839;374
2011;rf;14806042;Angered, Trägårdsgärdet;RÖSTBERÄTTIGADE;1218;1217
2011;rf;14806051;Angered, Agnesberg;M;99;54
2011;rf;14806051;Angered, Agnesberg;C;6;3
2011;rf;14806051;Angered, Agnesberg;L;20;15
2011;rf;14806051;Angered, Agnesberg;KD;22;8
2011;rf;14806051;Angered, Agnesberg;S;163;109
2011;rf;14806051;Angered, Agnesberg;V;58;17
2011;rf;14806051;Angered, Agnesberg;MP;47;9
2011;rf;14806051;Angered, Agnesberg;SD;66;20
2011;rf;14806051;Angered, Agnesberg;VÄGV;12;6
2011;rf;14806051;Angered, Agnesberg;PP;4;1
2011;rf;14806051;Angered, Agnesberg;RS;3;2
2011;rf;14806051;Angered, Agnesberg;SPVG;1;11
2011;rf;14806051;Angered, Agnesberg;HANDSKRIVNA;2;0
2011;rf;14806051;Angered, Agnesberg;GILTIGA;506;255
2011;rf;14806051;Angered, Agnesberg;BLANK;8;3
2011;rf;14806051;Angered, Agnesberg;OG;0;1
2011;rf;14806051;Angered, Agnesberg;SUMMA_RÖSTER;514;259
2011;rf;14806051;Angered, Agnesberg;RÖSTBERÄTTIGADE;761;800
2011;rf;14806061;Angered, Hammarkullen, Västra;M;80;46
2011;rf;14806061;Angered, Hammarkullen, Västra;C;10;1
2011;rf;14806061;Angered, Hammarkullen, Västra;L;20;4
2011;rf;14806061;Angered, Hammarkullen, Västra;KD;28;8
2011;rf;14806061;Angered, Hammarkullen, Västra;S;544;330
2011;rf;14806061;Angered, Hammarkullen, Västra;V;100;32
2011;rf;14806061;Angered, Hammarkullen, Västra;MP;103;42
2011;rf;14806061;Angered, Hammarkullen, Västra;SD;45;24
2011;rf;14806061;Angered, Hammarkullen, Västra;RS;36;22
2011;rf;14806061;Angered, Hammarkullen, Västra;VÄGV;11;6
2011;rf;14806061;Angered, Hammarkullen, Västra;PP;2;4
2011;rf;14806061;Angered, Hammarkullen, Västra;SPVG;2;7
2011;rf;14806061;Angered, Hammarkullen, Västra;K;0;1
2011;rf;14806061;Angered, Hammarkullen, Västra;HANDSKRIVNA;2;0
2011;rf;14806061;Angered, Hammarkullen, Västra;GILTIGA;989;527
2011;rf;14806061;Angered, Hammarkullen, Västra;BLANK;7;0
2011;rf;14806061;Angered, Hammarkullen, Västra;OG;0;4
2011;rf;14806061;Angered, Hammarkullen, Västra;SUMMA_RÖSTER;996;531
2011;rf;14806061;Angered, Hammarkullen, Västra;RÖSTBERÄTTIGADE;1831;1760
2011;rf;14806101;Angered, Gunnilse-Linnarhult;M;258;124
2011;rf;14806101;Angered, Gunnilse-Linnarhult;C;33;33
2011;rf;14806101;Angered, Gunnilse-Linnarhult;L;89;42
2011;rf;14806101;Angered, Gunnilse-Linnarhult;KD;82;32
2011;rf;14806101;Angered, Gunnilse-Linnarhult;S;310;211
2011;rf;14806101;Angered, Gunnilse-Linnarhult;V;107;26
2011;rf;14806101;Angered, Gunnilse-Linnarhult;MP;90;38
2011;rf;14806101;Angered, Gunnilse-Linnarhult;SD;151;60
2011;rf;14806101;Angered, Gunnilse-Linnarhult;VÄGV;30;40
2011;rf;14806101;Angered, Gunnilse-Linnarhult;SPVG;9;15
2011;rf;14806101;Angered, Gunnilse-Linnarhult;PP;6;0
2011;rf;14806101;Angered, Gunnilse-Linnarhult;K;0;1
2011;rf;14806101;Angered, Gunnilse-Linnarhult;HANDSKRIVNA;5;2
2011;rf;14806101;Angered, Gunnilse-Linnarhult;GILTIGA;1180;624
2011;rf;14806101;Angered, Gunnilse-Linnarhult;BLANK;7;2
2011;rf;14806101;Angered, Gunnilse-Linnarhult;OG;1;0
2011;rf;14806101;Angered, Gunnilse-Linnarhult;SUMMA_RÖSTER;1188;626
2011;rf;14806101;Angered, Gunnilse-Linnarhult;RÖSTBERÄTTIGADE;1534;1484
2011;rf;14806111;Angered, Björsared-Knipared;M;228;119
2011;rf;14806111;Angered, Björsared-Knipared;C;67;43
2011;rf;14806111;Angered, Björsared-Knipared;L;129;61
2011;rf;14806111;Angered, Björsared-Knipared;KD;38;21
2011;rf;14806111;Angered, Björsared-Knipared;S;297;187
2011;rf;14806111;Angered, Björsared-Knipared;V;91;39
2011;rf;14806111;Angered, Björsared-Knipared;MP;90;42
2011;rf;14806111;Angered, Björsared-Knipared;SD;192;68
2011;rf;14806111;Angered, Björsared-Knipared;FI;4;1
2011;rf;14806111;Angered, Björsared-Knipared;VÄGV;28;35
2011;rf;14806111;Angered, Björsared-Knipared;SPVG;9;17
2011;rf;14806111;Angered, Björsared-Knipared;PP;3;2
2011;rf;14806111;Angered, Björsared-Knipared;RS;2;2
2011;rf;14806111;Angered, Björsared-Knipared;HANDSKRIVNA;7;0
2011;rf;14806111;Angered, Björsared-Knipared;GILTIGA;1187;637
2011;rf;14806111;Angered, Björsared-Knipared;BLANK;21;3
2011;rf;14806111;Angered, Björsared-Knipared;OG;0;0
2011;rf;14806111;Angered, Björsared-Knipared;SUMMA_RÖSTER;1208;640
2011;rf;14806111;Angered, Björsared-Knipared;RÖSTBERÄTTIGADE;1521;1478
2011;rf;14806112;Angered, Olofstorp;M;303;137
2011;rf;14806112;Angered, Olofstorp;C;55;25
2011;rf;14806112;Angered, Olofstorp;L;128;48
2011;rf;14806112;Angered, Olofstorp;KD;62;35
2011;rf;14806112;Angered, Olofstorp;S;403;265
2011;rf;14806112;Angered, Olofstorp;V;136;37
2011;rf;14806112;Angered, Olofstorp;MP;87;37
2011;rf;14806112;Angered, Olofstorp;SD;202;71
2011;rf;14806112;Angered, Olofstorp;VÄGV;38;34
2011;rf;14806112;Angered, Olofstorp;SPVG;18;26
2011;rf;14806112;Angered, Olofstorp;PP;2;4
2011;rf;14806112;Angered, Olofstorp;K;0;1
2011;rf;14806112;Angered, Olofstorp;HANDSKRIVNA;5;0
2011;rf;14806112;Angered, Olofstorp;GILTIGA;1444;720
2011;rf;14806112;Angered, Olofstorp;BLANK;21;3
2011;rf;14806112;Angered, Olofstorp;OG;0;2
2011;rf;14806112;Angered, Olofstorp;SUMMA_RÖSTER;1465;725
2011;rf;14806112;Angered, Olofstorp;RÖSTBERÄTTIGADE;1831;1799
2011;rf;14806121;Angered, Bläsebo;M;69;10
2011;rf;14806121;Angered, Bläsebo;C;9;0
2011;rf;14806121;Angered, Bläsebo;L;22;4
2011;rf;14806121;Angered, Bläsebo;KD;17;11
2011;rf;14806121;Angered, Bläsebo;S;397;203
2011;rf;14806121;Angered, Bläsebo;V;138;36
2011;rf;14806121;Angered, Bläsebo;MP;80;33
2011;rf;14806121;Angered, Bläsebo;SD;54;15
2011;rf;14806121;Angered, Bläsebo;FI;3;4
2011;rf;14806121;Angered, Bläsebo;RS;14;4
2011;rf;14806121;Angered, Bläsebo;VÄGV;7;10
2011;rf;14806121;Angered, Bläsebo;PP;3;1
2011;rf;14806121;Angered, Bläsebo;SPVG;1;4
2011;rf;14806121;Angered, Bläsebo;K;0;2
2011;rf;14806121;Angered, Bläsebo;HANDSKRIVNA;5;0
2011;rf;14806121;Angered, Bläsebo;GILTIGA;824;337
2011;rf;14806121;Angered, Bläsebo;BLANK;3;0
2011;rf;14806121;Angered, Bläsebo;OG;1;0
2011;rf;14806121;Angered, Bläsebo;SUMMA_RÖSTER;828;337
2011;rf;14806121;Angered, Bläsebo;RÖSTBERÄTTIGADE;1421;1367
2011;rf;14806122;Angered, Hjällbo, Norra;M;59;18
2011;rf;14806122;Angered, Hjällbo, Norra;C;6;3
2011;rf;14806122;Angered, Hjällbo, Norra;L;12;4
2011;rf;14806122;Angered, Hjällbo, Norra;KD;12;2
2011;rf;14806122;Angered, Hjällbo, Norra;S;359;203
2011;rf;14806122;Angered, Hjällbo, Norra;V;115;28
2011;rf;14806122;Angered, Hjällbo, Norra;MP;168;29
2011;rf;14806122;Angered, Hjällbo, Norra;SD;19;12
2011;rf;14806122;Angered, Hjällbo, Norra;FI;1;1
2011;rf;14806122;Angered, Hjällbo, Norra;RS;16;7
2011;rf;14806122;Angered, Hjällbo, Norra;VÄGV;6;5
2011;rf;14806122;Angered, Hjällbo, Norra;PP;3;0
2011;rf;14806122;Angered, Hjällbo, Norra;SPVG;1;7
2011;rf;14806122;Angered, Hjällbo, Norra;K;0;1
2011;rf;14806122;Angered, Hjällbo, Norra;HANDSKRIVNA;2;0
2011;rf;14806122;Angered, Hjällbo, Norra;GILTIGA;781;320
2011;rf;14806122;Angered, Hjällbo, Norra;BLANK;5;0
2011;rf;14806122;Angered, Hjällbo, Norra;OG;0;0
2011;rf;14806122;Angered, Hjällbo, Norra;SUMMA_RÖSTER;786;320
2011;rf;14806122;Angered, Hjällbo, Norra;RÖSTBERÄTTIGADE;1441;1365
2011;rf;14806123;Angered, Hjällbo, Södra;M;50;17
2011;rf;14806123;Angered, Hjällbo, Södra;C;5;2
2011;rf;14806123;Angered, Hjällbo, Södra;L;16;5
2011;rf;14806123;Angered, Hjällbo, Södra;KD;9;2
2011;rf;14806123;Angered, Hjällbo, Södra;S;227;119
2011;rf;14806123;Angered, Hjällbo, Södra;V;80;12
2011;rf;14806123;Angered, Hjällbo, Södra;MP;105;14
2011;rf;14806123;Angered, Hjällbo, Södra;SD;8;7
2011;rf;14806123;Angered, Hjällbo, Södra;RS;7;7
2011;rf;14806123;Angered, Hjällbo, Södra;SPVG;2;0
2011;rf;14806123;Angered, Hjällbo, Södra;PP;1;0
2011;rf;14806123;Angered, Hjällbo, Södra;HANDSKRIVNA;4;0
2011;rf;14806123;Angered, Hjällbo, Södra;GILTIGA;521;185
2011;rf;14806123;Angered, Hjällbo, Södra;BLANK;0;0
2011;rf;14806123;Angered, Hjällbo, Södra;OG;0;0
2011;rf;14806123;Angered, Hjällbo, Södra;SUMMA_RÖSTER;521;185
2011;rf;14806123;Angered, Hjällbo, Södra;RÖSTBERÄTTIGADE;1006;896
2011;rf;14806124;Angered, Skolspåret;M;46;11
2011;rf;14806124;Angered, Skolspåret;C;2;3
2011;rf;14806124;Angered, Skolspåret;L;13;0
2011;rf;14806124;Angered, Skolspåret;KD;15;4
2011;rf;14806124;Angered, Skolspåret;S;316;191
2011;rf;14806124;Angered, Skolspåret;V;104;24
2011;rf;14806124;Angered, Skolspåret;MP;75;10
2011;rf;14806124;Angered, Skolspåret;SD;14;3
2011;rf;14806124;Angered, Skolspåret;FI;3;3
2011;rf;14806124;Angered, Skolspåret;RS;15;9
2011;rf;14806124;Angered, Skolspåret;SPVG;6;8
2011;rf;14806124;Angered, Skolspåret;PP;3;1
2011;rf;14806124;Angered, Skolspåret;VÄGV;1;5
2011;rf;14806124;Angered, Skolspåret;K;0;1
2011;rf;14806124;Angered, Skolspåret;HANDSKRIVNA;2;1
2011;rf;14806124;Angered, Skolspåret;GILTIGA;616;274
2011;rf;14806124;Angered, Skolspåret;BLANK;1;1
2011;rf;14806124;Angered, Skolspåret;OG;1;0
2011;rf;14806124;Angered, Skolspåret;SUMMA_RÖSTER;618;275
2011;rf;14806124;Angered, Skolspåret;RÖSTBERÄTTIGADE;1115;1056
2011;rf;14807021;Västra Hisingen, Länsmansgården, C;M;53;28
2011;rf;14807021;Västra Hisingen, Länsmansgården, C;C;14;6
2011;rf;14807021;Västra Hisingen, Länsmansgården, C;L;24;7
2011;rf;14807021;Västra Hisingen, Länsmansgården, C;KD;20;5
2011;rf;14807021;Västra Hisingen, Länsmansgården, C;S;386;160
2011;rf;14807021;Västra Hisingen, Länsmansgården, C;V;115;19
2011;rf;14807021;Västra Hisingen, Länsmansgården, C;MP;67;35
2011;rf;14807021;Västra Hisingen, Länsmansgården, C;SD;103;37
2011;rf;14807021;Västra Hisingen, Länsmansgården, C;VÄGV;12;16
2011;rf;14807021;Västra Hisingen, Länsmansgården, C;PP;7;2
2011;rf;14807021;Västra Hisingen, Länsmansgården, C;SPVG;6;4
2011;rf;14807021;Västra Hisingen, Länsmansgården, C;RS;2;2
2011;rf;14807021;Västra Hisingen, Länsmansgården, C;K;0;8
2011;rf;14807021;Västra Hisingen, Länsmansgården, C;HANDSKRIVNA;1;1
2011;rf;14807021;Västra Hisingen, Länsmansgården, C;GILTIGA;815;330
2011;rf;14807021;Västra Hisingen, Länsmansgården, C;BLANK;10;1
2011;rf;14807021;Västra Hisingen, Länsmansgården, C;OG;0;1
2011;rf;14807021;Västra Hisingen, Länsmansgården, C;SUMMA_RÖSTER;825;332
2011;rf;14807021;Västra Hisingen, Länsmansgården, C;RÖSTBERÄTTIGADE;1332;1261
2011;rf;14807022;Västra Hisingen, Länsmansgården, N;M;134;59
2011;rf;14807022;Västra Hisingen, Länsmansgården, N;C;14;6
2011;rf;14807022;Västra Hisingen, Länsmansgården, N;L;37;8
2011;rf;14807022;Västra Hisingen, Länsmansgården, N;KD;23;8
2011;rf;14807022;Västra Hisingen, Länsmansgården, N;S;328;199
2011;rf;14807022;Västra Hisingen, Länsmansgården, N;V;112;25
2011;rf;14807022;Västra Hisingen, Länsmansgården, N;MP;35;13
2011;rf;14807022;Västra Hisingen, Länsmansgården, N;SD;110;41
2011;rf;14807022;Västra Hisingen, Länsmansgården, N;VÄGV;23;22
2011;rf;14807022;Västra Hisingen, Länsmansgården, N;PP;11;3
2011;rf;14807022;Västra Hisingen, Länsmansgården, N;SPVG;3;10
2011;rf;14807022;Västra Hisingen, Länsmansgården, N;K;0;3
2011;rf;14807022;Västra Hisingen, Länsmansgården, N;HANDSKRIVNA;4;0
2011;rf;14807022;Västra Hisingen, Länsmansgården, N;GILTIGA;839;397
2011;rf;14807022;Västra Hisingen, Länsmansgården, N;BLANK;9;0
2011;rf;14807022;Västra Hisingen, Länsmansgården, N;OG;0;0
2011;rf;14807022;Västra Hisingen, Länsmansgården, N;SUMMA_RÖSTER;848;397
2011;rf;14807022;Västra Hisingen, Länsmansgården, N;RÖSTBERÄTTIGADE;1315;1207
2011;rf;14807023;Västra Hisingen, Länsmansgården, S;M;44;27
2011;rf;14807023;Västra Hisingen, Länsmansgården, S;C;0;0
2011;rf;14807023;Västra Hisingen, Länsmansgården, S;L;11;6
2011;rf;14807023;Västra Hisingen, Länsmansgården, S;KD;10;4
2011;rf;14807023;Västra Hisingen, Länsmansgården, S;S;340;183
2011;rf;14807023;Västra Hisingen, Länsmansgården, S;V;74;19
2011;rf;14807023;Västra Hisingen, Länsmansgården, S;MP;50;6
2011;rf;14807023;Västra Hisingen, Länsmansgården, S;SD;63;28
2011;rf;14807023;Västra Hisingen, Länsmansgården, S;VÄGV;9;13
2011;rf;14807023;Västra Hisingen, Länsmansgården, S;PP;4;1
2011;rf;14807023;Västra Hisingen, Länsmansgården, S;SVP;3;1
2011;rf;14807023;Västra Hisingen, Länsmansgården, S;K;0;3
2011;rf;14807023;Västra Hisingen, Länsmansgården, S;RS;0;1
2011;rf;14807023;Västra Hisingen, Länsmansgården, S;SPVG;0;8
2011;rf;14807023;Västra Hisingen, Länsmansgården, S;HANDSKRIVNA;3;0
2011;rf;14807023;Västra Hisingen, Länsmansgården, S;GILTIGA;611;300
2011;rf;14807023;Västra Hisingen, Länsmansgården, S;BLANK;8;0
2011;rf;14807023;Västra Hisingen, Länsmansgården, S;OG;2;2
2011;rf;14807023;Västra Hisingen, Länsmansgården, S;SUMMA_RÖSTER;621;302
2011;rf;14807023;Västra Hisingen, Länsmansgården, S;RÖSTBERÄTTIGADE;1065;1038
2011;rf;14807031;Västra Hisingen, Badvädersgatan m fl;M;98;50
2011;rf;14807031;Västra Hisingen, Badvädersgatan m fl;C;12;3
2011;rf;14807031;Västra Hisingen, Badvädersgatan m fl;L;18;13
2011;rf;14807031;Västra Hisingen, Badvädersgatan m fl;KD;26;10
2011;rf;14807031;Västra Hisingen, Badvädersgatan m fl;S;347;209
2011;rf;14807031;Västra Hisingen, Badvädersgatan m fl;V;85;25
2011;rf;14807031;Västra Hisingen, Badvädersgatan m fl;MP;58;18
2011;rf;14807031;Västra Hisingen, Badvädersgatan m fl;SD;82;45
2011;rf;14807031;Västra Hisingen, Badvädersgatan m fl;VÄGV;14;32
2011;rf;14807031;Västra Hisingen, Badvädersgatan m fl;SPVG;3;7
2011;rf;14807031;Västra Hisingen, Badvädersgatan m fl;PP;2;0
2011;rf;14807031;Västra Hisingen, Badvädersgatan m fl;RS;1;1
2011;rf;14807031;Västra Hisingen, Badvädersgatan m fl;K;0;1
2011;rf;14807031;Västra Hisingen, Badvädersgatan m fl;HANDSKRIVNA;3;0
2011;rf;14807031;Västra Hisingen, Badvädersgatan m fl;GILTIGA;753;414
2011;rf;14807031;Västra Hisingen, Badvädersgatan m fl;BLANK;12;0
2011;rf;14807031;Västra Hisingen, Badvädersgatan m fl;OG;0;0
2011;rf;14807031;Västra Hisingen, Badvädersgatan m fl;SUMMA_RÖSTER;765;414
2011;rf;14807031;Västra Hisingen, Badvädersgatan m fl;RÖSTBERÄTTIGADE;1286;1298
2011;rf;14807032;Västra Hisingen, Stackmolnsg. m fl;M;70;45
2011;rf;14807032;Västra Hisingen, Stackmolnsg. m fl;C;11;4
2011;rf;14807032;Västra Hisingen, Stackmolnsg. m fl;L;14;13
2011;rf;14807032;Västra Hisingen, Stackmolnsg. m fl;KD;23;9
2011;rf;14807032;Västra Hisingen, Stackmolnsg. m fl;S;436;255
2011;rf;14807032;Västra Hisingen, Stackmolnsg. m fl;V;122;35
2011;rf;14807032;Västra Hisingen, Stackmolnsg. m fl;MP;85;21
2011;rf;14807032;Västra Hisingen, Stackmolnsg. m fl;SD;123;42
2011;rf;14807032;Västra Hisingen, Stackmolnsg. m fl;VÄGV;24;19
2011;rf;14807032;Västra Hisingen, Stackmolnsg. m fl;SPVG;6;12
2011;rf;14807032;Västra Hisingen, Stackmolnsg. m fl;PP;4;3
2011;rf;14807032;Västra Hisingen, Stackmolnsg. m fl;RS;2;2
2011;rf;14807032;Västra Hisingen, Stackmolnsg. m fl;K;0;4
2011;rf;14807032;Västra Hisingen, Stackmolnsg. m fl;HANDSKRIVNA;7;0
2011;rf;14807032;Västra Hisingen, Stackmolnsg. m fl;GILTIGA;931;464
2011;rf;14807032;Västra Hisingen, Stackmolnsg. m fl;BLANK;10;2
2011;rf;14807032;Västra Hisingen, Stackmolnsg. m fl;OG;0;0
2011;rf;14807032;Västra Hisingen, Stackmolnsg. m fl;SUMMA_RÖSTER;941;466
2011;rf;14807032;Västra Hisingen, Stackmolnsg. m fl;RÖSTBERÄTTIGADE;1622;1594
2011;rf;14807041;Västra Hisingen, Andalen;M;727;401
2011;rf;14807041;Västra Hisingen, Andalen;C;55;19
2011;rf;14807041;Västra Hisingen, Andalen;L;164;95
2011;rf;14807041;Västra Hisingen, Andalen;KD;107;57
2011;rf;14807041;Västra Hisingen, Andalen;S;248;161
2011;rf;14807041;Västra Hisingen, Andalen;V;56;15
2011;rf;14807041;Västra Hisingen, Andalen;MP;74;46
2011;rf;14807041;Västra Hisingen, Andalen;SD;108;37
2011;rf;14807041;Västra Hisingen, Andalen;VÄGV;39;49
2011;rf;14807041;Västra Hisingen, Andalen;SPVG;10;17
2011;rf;14807041;Västra Hisingen, Andalen;PP;6;0
2011;rf;14807041;Västra Hisingen, Andalen;K;0;1
2011;rf;14807041;Västra Hisingen, Andalen;HANDSKRIVNA;5;0
2011;rf;14807041;Västra Hisingen, Andalen;GILTIGA;1606;898
2011;rf;14807041;Västra Hisingen, Andalen;BLANK;14;3
2011;rf;14807041;Västra Hisingen, Andalen;OG;1;0
2011;rf;14807041;Västra Hisingen, Andalen;SUMMA_RÖSTER;1621;901
2011;rf;14807041;Västra Hisingen, Andalen;RÖSTBERÄTTIGADE;1811;1726
2011;rf;14807042;Västra Hisingen, Hjuvik;M;710;439
2011;rf;14807042;Västra Hisingen, Hjuvik;C;54;43
2011;rf;14807042;Västra Hisingen, Hjuvik;L;202;120
2011;rf;14807042;Västra Hisingen, Hjuvik;KD;114;62
2011;rf;14807042;Västra Hisingen, Hjuvik;S;145;79
2011;rf;14807042;Västra Hisingen, Hjuvik;V;32;15
2011;rf;14807042;Västra Hisingen, Hjuvik;MP;81;52
2011;rf;14807042;Västra Hisingen, Hjuvik;SD;82;34
2011;rf;14807042;Västra Hisingen, Hjuvik;VÄGV;27;58
2011;rf;14807042;Västra Hisingen, Hjuvik;PP;2;6
2011;rf;14807042;Västra Hisingen, Hjuvik;SPVG;2;14
2011;rf;14807042;Västra Hisingen, Hjuvik;K;0;1
2011;rf;14807042;Västra Hisingen, Hjuvik;HANDSKRIVNA;6;0
2011;rf;14807042;Västra Hisingen, Hjuvik;GILTIGA;1461;923
2011;rf;14807042;Västra Hisingen, Hjuvik;BLANK;5;4
2011;rf;14807042;Västra Hisingen, Hjuvik;OG;2;1
2011;rf;14807042;Västra Hisingen, Hjuvik;SUMMA_RÖSTER;1468;928
2011;rf;14807042;Västra Hisingen, Hjuvik;RÖSTBERÄTTIGADE;1634;1564
2011;rf;14807043;Västra Hisingen, Hällsvik;M;608;387
2011;rf;14807043;Västra Hisingen, Hällsvik;C;50;17
2011;rf;14807043;Västra Hisingen, Hällsvik;L;153;87
2011;rf;14807043;Västra Hisingen, Hällsvik;KD;86;28
2011;rf;14807043;Västra Hisingen, Hällsvik;S;165;123
2011;rf;14807043;Västra Hisingen, Hällsvik;V;41;13
2011;rf;14807043;Västra Hisingen, Hällsvik;MP;69;29
2011;rf;14807043;Västra Hisingen, Hällsvik;SD;92;43
2011;rf;14807043;Västra Hisingen, Hällsvik;VÄGV;44;68
2011;rf;14807043;Västra Hisingen, Hällsvik;SPVG;7;22
2011;rf;14807043;Västra Hisingen, Hällsvik;PP;1;2
2011;rf;14807043;Västra Hisingen, Hällsvik;K;0;2
2011;rf;14807043;Västra Hisingen, Hällsvik;HANDSKRIVNA;2;0
2011;rf;14807043;Västra Hisingen, Hällsvik;GILTIGA;1320;821
2011;rf;14807043;Västra Hisingen, Hällsvik;BLANK;17;2
2011;rf;14807043;Västra Hisingen, Hällsvik;OG;0;0
2011;rf;14807043;Västra Hisingen, Hällsvik;SUMMA_RÖSTER;1337;823
2011;rf;14807043;Västra Hisingen, Hällsvik;RÖSTBERÄTTIGADE;1480;1438
2011;rf;14807051;Västra Hisingen, Amhult-Arendal;M;308;207
2011;rf;14807051;Västra Hisingen, Amhult-Arendal;C;26;18
2011;rf;14807051;Västra Hisingen, Amhult-Arendal;L;115;43
2011;rf;14807051;Västra Hisingen, Amhult-Arendal;KD;75;26
2011;rf;14807051;Västra Hisingen, Amhult-Arendal;S;272;177
2011;rf;14807051;Västra Hisingen, Amhult-Arendal;V;48;14
2011;rf;14807051;Västra Hisingen, Amhult-Arendal;MP;77;29
2011;rf;14807051;Västra Hisingen, Amhult-Arendal;SD;122;48
2011;rf;14807051;Västra Hisingen, Amhult-Arendal;VÄGV;27;56
2011;rf;14807051;Västra Hisingen, Amhult-Arendal;SPVG;12;10
2011;rf;14807051;Västra Hisingen, Amhult-Arendal;PP;3;3
2011;rf;14807051;Västra Hisingen, Amhult-Arendal;HANDSKRIVNA;1;0
2011;rf;14807051;Västra Hisingen, Amhult-Arendal;GILTIGA;1093;631
2011;rf;14807051;Västra Hisingen, Amhult-Arendal;BLANK;15;2
2011;rf;14807051;Västra Hisingen, Amhult-Arendal;OG;0;0
2011;rf;14807051;Västra Hisingen, Amhult-Arendal;SUMMA_RÖSTER;1108;633
2011;rf;14807051;Västra Hisingen, Amhult-Arendal;RÖSTBERÄTTIGADE;1325;1393
2011;rf;14807052;Västra Hisingen, Domarringen m fl;M;398;258
2011;rf;14807052;Västra Hisingen, Domarringen m fl;C;54;32
2011;rf;14807052;Västra Hisingen, Domarringen m fl;L;142;76
2011;rf;14807052;Västra Hisingen, Domarringen m fl;KD;69;30
2011;rf;14807052;Västra Hisingen, Domarringen m fl;S;289;198
2011;rf;14807052;Västra Hisingen, Domarringen m fl;V;40;20
2011;rf;14807052;Västra Hisingen, Domarringen m fl;MP;102;57
2011;rf;14807052;Västra Hisingen, Domarringen m fl;SD;121;40
2011;rf;14807052;Västra Hisingen, Domarringen m fl;VÄGV;42;75
2011;rf;14807052;Västra Hisingen, Domarringen m fl;SPVG;15;22
2011;rf;14807052;Västra Hisingen, Domarringen m fl;PP;10;2
2011;rf;14807052;Västra Hisingen, Domarringen m fl;HANDSKRIVNA;5;1
2011;rf;14807052;Västra Hisingen, Domarringen m fl;GILTIGA;1290;811
2011;rf;14807052;Västra Hisingen, Domarringen m fl;BLANK;14;3
2011;rf;14807052;Västra Hisingen, Domarringen m fl;OG;0;1
2011;rf;14807052;Västra Hisingen, Domarringen m fl;SUMMA_RÖSTER;1304;815
2011;rf;14807052;Västra Hisingen, Domarringen m fl;RÖSTBERÄTTIGADE;1471;1480
2011;rf;14807053;Västra Hisingen, Nolered;M;423;262
2011;rf;14807053;Västra Hisingen, Nolered;C;49;27
2011;rf;14807053;Västra Hisingen, Nolered;L;150;85
2011;rf;14807053;Västra Hisingen, Nolered;KD;73;32
2011;rf;14807053;Västra Hisingen, Nolered;S;279;194
2011;rf;14807053;Västra Hisingen, Nolered;V;59;15
2011;rf;14807053;Västra Hisingen, Nolered;MP;79;44
2011;rf;14807053;Västra Hisingen, Nolered;SD;100;55
2011;rf;14807053;Västra Hisingen, Nolered;VÄGV;31;64
2011;rf;14807053;Västra Hisingen, Nolered;SPVG;5;13
2011;rf;14807053;Västra Hisingen, Nolered;PP;1;3
2011;rf;14807053;Västra Hisingen, Nolered;K;0;3
2011;rf;14807053;Västra Hisingen, Nolered;HANDSKRIVNA;5;0
2011;rf;14807053;Västra Hisingen, Nolered;GILTIGA;1258;797
2011;rf;14807053;Västra Hisingen, Nolered;BLANK;18;4
2011;rf;14807053;Västra Hisingen, Nolered;OG;0;2
2011;rf;14807053;Västra Hisingen, Nolered;SUMMA_RÖSTER;1276;803
2011;rf;14807053;Västra Hisingen, Nolered;RÖSTBERÄTTIGADE;1484;1453
2011;rf;14807054;Västra Hisingen, Torslanda;M;522;279
2011;rf;14807054;Västra Hisingen, Torslanda;C;64;50
2011;rf;14807054;Västra Hisingen, Torslanda;L;152;76
2011;rf;14807054;Västra Hisingen, Torslanda;KD;83;41
2011;rf;14807054;Västra Hisingen, Torslanda;S;356;212
2011;rf;14807054;Västra Hisingen, Torslanda;V;59;29
2011;rf;14807054;Västra Hisingen, Torslanda;MP;101;45
2011;rf;14807054;Västra Hisingen, Torslanda;SD;170;61
2011;rf;14807054;Västra Hisingen, Torslanda;FI;2;1
2011;rf;14807054;Västra Hisingen, Torslanda;VÄGV;42;75
2011;rf;14807054;Västra Hisingen, Torslanda;SPVG;13;27
2011;rf;14807054;Västra Hisingen, Torslanda;PP;5;2
2011;rf;14807054;Västra Hisingen, Torslanda;K;0;2
2011;rf;14807054;Västra Hisingen, Torslanda;HANDSKRIVNA;4;0
2011;rf;14807054;Västra Hisingen, Torslanda;GILTIGA;1575;900
2011;rf;14807054;Västra Hisingen, Torslanda;BLANK;24;1
2011;rf;14807054;Västra Hisingen, Torslanda;OG;0;0
2011;rf;14807054;Västra Hisingen, Torslanda;SUMMA_RÖSTER;1599;901
2011;rf;14807054;Västra Hisingen, Torslanda;RÖSTBERÄTTIGADE;1817;1817
2011;rf;14807055;Västra Hisingen, Tumlehed;M;394;240
2011;rf;14807055;Västra Hisingen, Tumlehed;C;50;18
2011;rf;14807055;Västra Hisingen, Tumlehed;L;119;60
2011;rf;14807055;Västra Hisingen, Tumlehed;KD;63;29
2011;rf;14807055;Västra Hisingen, Tumlehed;S;253;212
2011;rf;14807055;Västra Hisingen, Tumlehed;V;67;21
2011;rf;14807055;Västra Hisingen, Tumlehed;MP;87;43
2011;rf;14807055;Västra Hisingen, Tumlehed;SD;148;51
2011;rf;14807055;Västra Hisingen, Tumlehed;VÄGV;42;47
2011;rf;14807055;Västra Hisingen, Tumlehed;SPVG;11;20
2011;rf;14807055;Västra Hisingen, Tumlehed;PP;4;2
2011;rf;14807055;Västra Hisingen, Tumlehed;SVP;2;2
2011;rf;14807055;Västra Hisingen, Tumlehed;K;0;1
2011;rf;14807055;Västra Hisingen, Tumlehed;HANDSKRIVNA;5;1
2011;rf;14807055;Västra Hisingen, Tumlehed;GILTIGA;1249;747
2011;rf;14807055;Västra Hisingen, Tumlehed;BLANK;19;1
2011;rf;14807055;Västra Hisingen, Tumlehed;OG;2;0
2011;rf;14807055;Västra Hisingen, Tumlehed;SUMMA_RÖSTER;1270;748
2011;rf;14807055;Västra Hisingen, Tumlehed;RÖSTBERÄTTIGADE;1510;1513
2011;rf;14807081;Västra Hisingen, Biskopsgården, S;M;101;66
2011;rf;14807081;Västra Hisingen, Biskopsgården, S;C;13;4
2011;rf;14807081;Västra Hisingen, Biskopsgården, S;L;20;15
2011;rf;14807081;Västra Hisingen, Biskopsgården, S;KD;15;6
2011;rf;14807081;Västra Hisingen, Biskopsgården, S;S;364;171
2011;rf;14807081;Västra Hisingen, Biskopsgården, S;V;149;49
2011;rf;14807081;Västra Hisingen, Biskopsgården, S;MP;67;37
2011;rf;14807081;Västra Hisingen, Biskopsgården, S;SD;73;32
2011;rf;14807081;Västra Hisingen, Biskopsgården, S;FI;8;1
2011;rf;14807081;Västra Hisingen, Biskopsgården, S;VÄGV;14;16
2011;rf;14807081;Västra Hisingen, Biskopsgården, S;PP;6;2
2011;rf;14807081;Västra Hisingen, Biskopsgården, S;SPVG;3;17
2011;rf;14807081;Västra Hisingen, Biskopsgården, S;RS;2;1
2011;rf;14807081;Västra Hisingen, Biskopsgården, S;K;0;2
2011;rf;14807081;Västra Hisingen, Biskopsgården, S;HANDSKRIVNA;2;0
2011;rf;14807081;Västra Hisingen, Biskopsgården, S;GILTIGA;839;419
2011;rf;14807081;Västra Hisingen, Biskopsgården, S;BLANK;6;2
2011;rf;14807081;Västra Hisingen, Biskopsgården, S;OG;0;0
2011;rf;14807081;Västra Hisingen, Biskopsgården, S;SUMMA_RÖSTER;845;421
2011;rf;14807081;Västra Hisingen, Biskopsgården, S;RÖSTBERÄTTIGADE;1273;1203
2011;rf;14807082;Västra Hisingen, Treröset;M;52;29
2011;rf;14807082;Västra Hisingen, Treröset;C;4;1
2011;rf;14807082;Västra Hisingen, Treröset;L;21;8
2011;rf;14807082;Västra Hisingen, Treröset;KD;11;6
2011;rf;14807082;Västra Hisingen, Treröset;S;361;183
2011;rf;14807082;Västra Hisingen, Treröset;V;207;86
2011;rf;14807082;Västra Hisingen, Treröset;MP;120;61
2011;rf;14807082;Västra Hisingen, Treröset;SD;62;32
2011;rf;14807082;Västra Hisingen, Treröset;FI;9;4
2011;rf;14807082;Västra Hisingen, Treröset;VÄGV;14;10
2011;rf;14807082;Västra Hisingen, Treröset;PP;11;8
2011;rf;14807082;Västra Hisingen, Treröset;RS;4;2
2011;rf;14807082;Västra Hisingen, Treröset;K;0;12
2011;rf;14807082;Västra Hisingen, Treröset;SPVG;0;10
2011;rf;14807082;Västra Hisingen, Treröset;HANDSKRIVNA;6;0
2011;rf;14807082;Västra Hisingen, Treröset;GILTIGA;888;452
2011;rf;14807082;Västra Hisingen, Treröset;BLANK;13;1
2011;rf;14807082;Västra Hisingen, Treröset;OG;0;0
2011;rf;14807082;Västra Hisingen, Treröset;SUMMA_RÖSTER;901;453
2011;rf;14807082;Västra Hisingen, Treröset;RÖSTBERÄTTIGADE;1562;1547
2011;rf;14807083;Västra Hisingen, Vårväderstorget;M;72;41
2011;rf;14807083;Västra Hisingen, Vårväderstorget;C;12;8
2011;rf;14807083;Västra Hisingen, Vårväderstorget;L;25;9
2011;rf;14807083;Västra Hisingen, Vårväderstorget;KD;23;16
2011;rf;14807083;Västra Hisingen, Vårväderstorget;S;441;282
2011;rf;14807083;Västra Hisingen, Vårväderstorget;V;187;80
2011;rf;14807083;Västra Hisingen, Vårväderstorget;MP;111;50
2011;rf;14807083;Västra Hisingen, Vårväderstorget;SD;86;39
2011;rf;14807083;Västra Hisingen, Vårväderstorget;FI;8;3
2011;rf;14807083;Västra Hisingen, Vårväderstorget;VÄGV;14;28
2011;rf;14807083;Västra Hisingen, Vårväderstorget;PP;11;3
2011;rf;14807083;Västra Hisingen, Vårväderstorget;SPVG;6;18
2011;rf;14807083;Västra Hisingen, Vårväderstorget;RS;3;5
2011;rf;14807083;Västra Hisingen, Vårväderstorget;K;0;8
2011;rf;14807083;Västra Hisingen, Vårväderstorget;HANDSKRIVNA;5;0
2011;rf;14807083;Västra Hisingen, Vårväderstorget;GILTIGA;1010;590
2011;rf;14807083;Västra Hisingen, Vårväderstorget;BLANK;17;2
2011;rf;14807083;Västra Hisingen, Vårväderstorget;OG;0;0
2011;rf;14807083;Västra Hisingen, Vårväderstorget;SUMMA_RÖSTER;1027;592
2011;rf;14807083;Västra Hisingen, Vårväderstorget;RÖSTBERÄTTIGADE;1753;1707
2011;rf;14807084;Västra Hisingen, Väderlekstorget;M;49;27
2011;rf;14807084;Västra Hisingen, Väderlekstorget;C;6;6
2011;rf;14807084;Västra Hisingen, Väderlekstorget;L;19;7
2011;rf;14807084;Västra Hisingen, Väderlekstorget;KD;8;4
2011;rf;14807084;Västra Hisingen, Väderlekstorget;S;190;89
2011;rf;14807084;Västra Hisingen, Väderlekstorget;V;216;89
2011;rf;14807084;Västra Hisingen, Väderlekstorget;MP;76;53
2011;rf;14807084;Västra Hisingen, Väderlekstorget;SD;60;20
2011;rf;14807084;Västra Hisingen, Väderlekstorget;FI;9;5
2011;rf;14807084;Västra Hisingen, Väderlekstorget;PP;10;2
2011;rf;14807084;Västra Hisingen, Väderlekstorget;VÄGV;10;12
2011;rf;14807084;Västra Hisingen, Väderlekstorget;RS;3;1
2011;rf;14807084;Västra Hisingen, Väderlekstorget;SPVG;2;10
2011;rf;14807084;Västra Hisingen, Väderlekstorget;K;0;4
2011;rf;14807084;Västra Hisingen, Väderlekstorget;HANDSKRIVNA;5;0
2011;rf;14807084;Västra Hisingen, Väderlekstorget;GILTIGA;664;329
2011;rf;14807084;Västra Hisingen, Väderlekstorget;BLANK;12;3
2011;rf;14807084;Västra Hisingen, Väderlekstorget;OG;0;0
2011;rf;14807084;Västra Hisingen, Väderlekstorget;SUMMA_RÖSTER;676;332
2011;rf;14807084;Västra Hisingen, Väderlekstorget;RÖSTBERÄTTIGADE;1027;1001
2011;rf;14807091;Västra Hisingen, Jättesten;M;178;104
2011;rf;14807091;Västra Hisingen, Jättesten;C;16;6
2011;rf;14807091;Västra Hisingen, Jättesten;L;57;29
2011;rf;14807091;Västra Hisingen, Jättesten;KD;38;12
2011;rf;14807091;Västra Hisingen, Jättesten;S;465;321
2011;rf;14807091;Västra Hisingen, Jättesten;V;146;43
2011;rf;14807091;Västra Hisingen, Jättesten;MP;81;30
2011;rf;14807091;Västra Hisingen, Jättesten;SD;106;48
2011;rf;14807091;Västra Hisingen, Jättesten;VÄGV;67;56
2011;rf;14807091;Västra Hisingen, Jättesten;SPVG;14;11
2011;rf;14807091;Västra Hisingen, Jättesten;PP;11;1
2011;rf;14807091;Västra Hisingen, Jättesten;K;0;5
2011;rf;14807091;Västra Hisingen, Jättesten;HANDSKRIVNA;2;0
2011;rf;14807091;Västra Hisingen, Jättesten;GILTIGA;1189;666
2011;rf;14807091;Västra Hisingen, Jättesten;BLANK;12;2
2011;rf;14807091;Västra Hisingen, Jättesten;OG;1;0
2011;rf;14807091;Västra Hisingen, Jättesten;SUMMA_RÖSTER;1202;668
2011;rf;14807091;Västra Hisingen, Jättesten;RÖSTBERÄTTIGADE;1814;1781
2011;rf;14807093;Västra Hisingen, Svartedalen;M;87;38
2011;rf;14807093;Västra Hisingen, Svartedalen;C;19;2
2011;rf;14807093;Västra Hisingen, Svartedalen;L;36;13
2011;rf;14807093;Västra Hisingen, Svartedalen;KD;16;6
2011;rf;14807093;Västra Hisingen, Svartedalen;S;375;199
2011;rf;14807093;Västra Hisingen, Svartedalen;V;151;37
2011;rf;14807093;Västra Hisingen, Svartedalen;MP;61;38
2011;rf;14807093;Västra Hisingen, Svartedalen;SD;132;56
2011;rf;14807093;Västra Hisingen, Svartedalen;FI;6;1
2011;rf;14807093;Västra Hisingen, Svartedalen;VÄGV;21;19
2011;rf;14807093;Västra Hisingen, Svartedalen;PP;9;2
2011;rf;14807093;Västra Hisingen, Svartedalen;SPVG;3;20
2011;rf;14807093;Västra Hisingen, Svartedalen;SVP;1;1
2011;rf;14807093;Västra Hisingen, Svartedalen;K;0;5
2011;rf;14807093;Västra Hisingen, Svartedalen;RS;0;2
2011;rf;14807093;Västra Hisingen, Svartedalen;HANDSKRIVNA;10;0
2011;rf;14807093;Västra Hisingen, Svartedalen;GILTIGA;928;439
2011;rf;14807093;Västra Hisingen, Svartedalen;BLANK;14;3
2011;rf;14807093;Västra Hisingen, Svartedalen;OG;0;0
2011;rf;14807093;Västra Hisingen, Svartedalen;SUMMA_RÖSTER;942;442
2011;rf;14807093;Västra Hisingen, Svartedalen;RÖSTBERÄTTIGADE;1531;1520
