ar_fg;val;kod_2010;namn_2010;parti;roster_2010;roster_fgval
2006;rf;14800711;Centrum, Burås;M;358;372
2006;rf;14800711;Centrum, Burås;C;57;53
2006;rf;14800711;Centrum, Burås;L;134;161
2006;rf;14800711;Centrum, Burås;KD;66;91
2006;rf;14800711;Centrum, Burås;S;232;260
2006;rf;14800711;Centrum, Burås;V;71;81
2006;rf;14800711;Centrum, Burås;MP;151;90
2006;rf;14800711;Centrum, Burås;SPVG;33;16
2006;rf;14800711;Centrum, Burås;SD;37;15
2006;rf;14800711;Centrum, Burås;PP;10;
2006;rf;14800711;Centrum, Burås;RS;3;
2006;rf;14800711;Centrum, Burås;K;0;5
2006;rf;14800711;Centrum, Burås;SPI;0;4
2006;rf;14800711;Centrum, Burås;HANDSKRIVNA;8;3
2006;rf;14800711;Centrum, Burås;ÖVRIGA_FGVAL;0;1
2006;rf;14800711;Centrum, Burås;BLANK;14;32
2006;rf;14800711;Centrum, Burås;OG;0;1
2006;rf;14800742;Centrum, Centrala Guldheden;M;190;197
2006;rf;14800742;Centrum, Centrala Guldheden;C;23;30
2006;rf;14800742;Centrum, Centrala Guldheden;L;80;86
2006;rf;14800742;Centrum, Centrala Guldheden;KD;26;46
2006;rf;14800742;Centrum, Centrala Guldheden;S;227;233
2006;rf;14800742;Centrum, Centrala Guldheden;V;128;83
2006;rf;14800742;Centrum, Centrala Guldheden;MP;144;109
2006;rf;14800742;Centrum, Centrala Guldheden;SPVG;35;17
2006;rf;14800742;Centrum, Centrala Guldheden;SD;41;29
2006;rf;14800742;Centrum, Centrala Guldheden;PP;9;
2006;rf;14800742;Centrum, Centrala Guldheden;K;4;3
2006;rf;14800742;Centrum, Centrala Guldheden;SPI;0;6
2006;rf;14800742;Centrum, Centrala Guldheden;HANDSKRIVNA;3;3
2006;rf;14800742;Centrum, Centrala Guldheden;ÖVRIGA_FGVAL;0;1
2006;rf;14800742;Centrum, Centrala Guldheden;BLANK;19;27
2006;rf;14800742;Centrum, Centrala Guldheden;OG;1;
2006;rf;14800746;Centrum, Doktor Forselius gata m fl;M;287;245
2006;rf;14800746;Centrum, Doktor Forselius gata m fl;C;35;35
2006;rf;14800746;Centrum, Doktor Forselius gata m fl;L;86;115
2006;rf;14800746;Centrum, Doktor Forselius gata m fl;KD;51;80
2006;rf;14800746;Centrum, Doktor Forselius gata m fl;S;218;228
2006;rf;14800746;Centrum, Doktor Forselius gata m fl;V;93;103
2006;rf;14800746;Centrum, Doktor Forselius gata m fl;MP;134;98
2006;rf;14800746;Centrum, Doktor Forselius gata m fl;SPVG;20;17
2006;rf;14800746;Centrum, Doktor Forselius gata m fl;SD;23;19
2006;rf;14800746;Centrum, Doktor Forselius gata m fl;PP;5;
2006;rf;14800746;Centrum, Doktor Forselius gata m fl;K;4;8
2006;rf;14800746;Centrum, Doktor Forselius gata m fl;RS;1;3
2006;rf;14800746;Centrum, Doktor Forselius gata m fl;SPI;0;1
2006;rf;14800746;Centrum, Doktor Forselius gata m fl;HANDSKRIVNA;5;4
2006;rf;14800746;Centrum, Doktor Forselius gata m fl;ÖVRIGA_FGVAL;0;1
2006;rf;14800746;Centrum, Doktor Forselius gata m fl;BLANK;13;12
2006;rf;14800746;Centrum, Doktor Forselius gata m fl;OG;0;
2006;rf;14800723;Centrum, Eklanda;M;481;429
2006;rf;14800723;Centrum, Eklanda;C;61;88
2006;rf;14800723;Centrum, Eklanda;L;123;201
2006;rf;14800723;Centrum, Eklanda;KD;62;70
2006;rf;14800723;Centrum, Eklanda;S;214;226
2006;rf;14800723;Centrum, Eklanda;V;62;78
2006;rf;14800723;Centrum, Eklanda;MP;157;110
2006;rf;14800723;Centrum, Eklanda;SPVG;37;20
2006;rf;14800723;Centrum, Eklanda;SD;34;16
2006;rf;14800723;Centrum, Eklanda;PP;9;
2006;rf;14800723;Centrum, Eklanda;K;0;2
2006;rf;14800723;Centrum, Eklanda;HANDSKRIVNA;3;3
2006;rf;14800723;Centrum, Eklanda;ÖVRIGA_FGVAL;0;1
2006;rf;14800723;Centrum, Eklanda;BLANK;11;24
2006;rf;14800723;Centrum, Eklanda;OG;0;1
2006;rf;14800713;Centrum, Framnäs;M;450;387
2006;rf;14800713;Centrum, Framnäs;C;59;55
2006;rf;14800713;Centrum, Framnäs;L;150;150
2006;rf;14800713;Centrum, Framnäs;KD;77;78
2006;rf;14800713;Centrum, Framnäs;S;271;256
2006;rf;14800713;Centrum, Framnäs;V;114;100
2006;rf;14800713;Centrum, Framnäs;MP;173;133
2006;rf;14800713;Centrum, Framnäs;SPVG;51;16
2006;rf;14800713;Centrum, Framnäs;SD;30;24
2006;rf;14800713;Centrum, Framnäs;PP;6;
2006;rf;14800713;Centrum, Framnäs;K;5;3
2006;rf;14800713;Centrum, Framnäs;SPI;0;1
2006;rf;14800713;Centrum, Framnäs;HANDSKRIVNA;5;1
2006;rf;14800713;Centrum, Framnäs;BLANK;26;32
2006;rf;14800713;Centrum, Framnäs;OG;1;1
2006;rf;14800783;Centrum, Friggagatan-Stampen;M;378;322
2006;rf;14800783;Centrum, Friggagatan-Stampen;C;40;36
2006;rf;14800783;Centrum, Friggagatan-Stampen;L;133;138
2006;rf;14800783;Centrum, Friggagatan-Stampen;KD;33;48
2006;rf;14800783;Centrum, Friggagatan-Stampen;S;255;295
2006;rf;14800783;Centrum, Friggagatan-Stampen;V;69;88
2006;rf;14800783;Centrum, Friggagatan-Stampen;MP;104;84
2006;rf;14800783;Centrum, Friggagatan-Stampen;SPVG;31;12
2006;rf;14800783;Centrum, Friggagatan-Stampen;SD;48;35
2006;rf;14800783;Centrum, Friggagatan-Stampen;PP;7;
2006;rf;14800783;Centrum, Friggagatan-Stampen;K;6;6
2006;rf;14800783;Centrum, Friggagatan-Stampen;ND;0;2
2006;rf;14800783;Centrum, Friggagatan-Stampen;SPI;0;3
2006;rf;14800783;Centrum, Friggagatan-Stampen;HANDSKRIVNA;1;5
2006;rf;14800783;Centrum, Friggagatan-Stampen;ÖVRIGA_FGVAL;0;2
2006;rf;14800783;Centrum, Friggagatan-Stampen;BLANK;15;17
2006;rf;14800783;Centrum, Friggagatan-Stampen;OG;3;1
2006;rf;14800717;Centrum, Getebergsäng;M;390;356
2006;rf;14800717;Centrum, Getebergsäng;C;24;36
2006;rf;14800717;Centrum, Getebergsäng;L;114;116
2006;rf;14800717;Centrum, Getebergsäng;KD;45;59
2006;rf;14800717;Centrum, Getebergsäng;S;118;141
2006;rf;14800717;Centrum, Getebergsäng;V;42;43
2006;rf;14800717;Centrum, Getebergsäng;MP;106;80
2006;rf;14800717;Centrum, Getebergsäng;SPVG;23;5
2006;rf;14800717;Centrum, Getebergsäng;SD;31;17
2006;rf;14800717;Centrum, Getebergsäng;PP;3;
2006;rf;14800717;Centrum, Getebergsäng;K;0;1
2006;rf;14800717;Centrum, Getebergsäng;SPI;0;1
2006;rf;14800717;Centrum, Getebergsäng;HANDSKRIVNA;2;2
2006;rf;14800717;Centrum, Getebergsäng;BLANK;8;19
2006;rf;14800717;Centrum, Getebergsäng;OG;0;
2006;rf;14800741;Centrum, Guldheden vattentornet;M;274;241
2006;rf;14800741;Centrum, Guldheden vattentornet;C;47;48
2006;rf;14800741;Centrum, Guldheden vattentornet;L;103;133
2006;rf;14800741;Centrum, Guldheden vattentornet;KD;35;75
2006;rf;14800741;Centrum, Guldheden vattentornet;S;271;305
2006;rf;14800741;Centrum, Guldheden vattentornet;V;154;130
2006;rf;14800741;Centrum, Guldheden vattentornet;MP;211;166
2006;rf;14800741;Centrum, Guldheden vattentornet;SPVG;28;19
2006;rf;14800741;Centrum, Guldheden vattentornet;SD;63;40
2006;rf;14800741;Centrum, Guldheden vattentornet;PP;13;
2006;rf;14800741;Centrum, Guldheden vattentornet;K;4;11
2006;rf;14800741;Centrum, Guldheden vattentornet;RS;1;1
2006;rf;14800741;Centrum, Guldheden vattentornet;ND;0;1
2006;rf;14800741;Centrum, Guldheden vattentornet;SPI;0;4
2006;rf;14800741;Centrum, Guldheden vattentornet;HANDSKRIVNA;3;5
2006;rf;14800741;Centrum, Guldheden vattentornet;ÖVRIGA_FGVAL;0;1
2006;rf;14800741;Centrum, Guldheden vattentornet;BLANK;27;24
2006;rf;14800741;Centrum, Guldheden vattentornet;OG;0;2
2006;rf;14800782;Centrum, Gullbergsvass-Svingeln;M;483;258
2006;rf;14800782;Centrum, Gullbergsvass-Svingeln;C;62;44
2006;rf;14800782;Centrum, Gullbergsvass-Svingeln;L;158;106
2006;rf;14800782;Centrum, Gullbergsvass-Svingeln;KD;43;37
2006;rf;14800782;Centrum, Gullbergsvass-Svingeln;S;327;202
2006;rf;14800782;Centrum, Gullbergsvass-Svingeln;V;86;67
2006;rf;14800782;Centrum, Gullbergsvass-Svingeln;MP;181;93
2006;rf;14800782;Centrum, Gullbergsvass-Svingeln;SPVG;29;10
2006;rf;14800782;Centrum, Gullbergsvass-Svingeln;SD;35;14
2006;rf;14800782;Centrum, Gullbergsvass-Svingeln;PP;15;
2006;rf;14800782;Centrum, Gullbergsvass-Svingeln;K;7;1
2006;rf;14800782;Centrum, Gullbergsvass-Svingeln;RS;2;
2006;rf;14800782;Centrum, Gullbergsvass-Svingeln;SPI;0;2
2006;rf;14800782;Centrum, Gullbergsvass-Svingeln;HANDSKRIVNA;5;1
2006;rf;14800782;Centrum, Gullbergsvass-Svingeln;BLANK;27;19
2006;rf;14800782;Centrum, Gullbergsvass-Svingeln;OG;0;
2006;rf;14800791;Centrum, Hedås-Gårda;M;644;592
2006;rf;14800791;Centrum, Hedås-Gårda;C;37;38
2006;rf;14800791;Centrum, Hedås-Gårda;L;163;171
2006;rf;14800791;Centrum, Hedås-Gårda;KD;60;67
2006;rf;14800791;Centrum, Hedås-Gårda;S;180;204
2006;rf;14800791;Centrum, Hedås-Gårda;V;87;91
2006;rf;14800791;Centrum, Hedås-Gårda;MP;120;98
2006;rf;14800791;Centrum, Hedås-Gårda;SPVG;29;18
2006;rf;14800791;Centrum, Hedås-Gårda;SD;35;28
2006;rf;14800791;Centrum, Hedås-Gårda;PP;9;
2006;rf;14800791;Centrum, Hedås-Gårda;RS;4;
2006;rf;14800791;Centrum, Hedås-Gårda;K;3;1
2006;rf;14800791;Centrum, Hedås-Gårda;SPI;0;3
2006;rf;14800791;Centrum, Hedås-Gårda;HANDSKRIVNA;4;4
2006;rf;14800791;Centrum, Hedås-Gårda;ÖVRIGA_FGVAL;0;2
2006;rf;14800791;Centrum, Hedås-Gårda;BLANK;13;27
2006;rf;14800791;Centrum, Hedås-Gårda;OG;0;
2006;rf;14800771;Centrum, Inom Vallgraven;M;584;532
2006;rf;14800771;Centrum, Inom Vallgraven;C;43;58
2006;rf;14800771;Centrum, Inom Vallgraven;L;157;160
2006;rf;14800771;Centrum, Inom Vallgraven;KD;43;55
2006;rf;14800771;Centrum, Inom Vallgraven;S;184;208
2006;rf;14800771;Centrum, Inom Vallgraven;V;78;65
2006;rf;14800771;Centrum, Inom Vallgraven;MP;149;104
2006;rf;14800771;Centrum, Inom Vallgraven;SPVG;31;15
2006;rf;14800771;Centrum, Inom Vallgraven;SD;21;15
2006;rf;14800771;Centrum, Inom Vallgraven;PP;16;
2006;rf;14800771;Centrum, Inom Vallgraven;K;2;15
2006;rf;14800771;Centrum, Inom Vallgraven;SPI;1;1
2006;rf;14800771;Centrum, Inom Vallgraven;HANDSKRIVNA;4;
2006;rf;14800771;Centrum, Inom Vallgraven;ÖVRIGA_FGVAL;0;1
2006;rf;14800771;Centrum, Inom Vallgraven;BLANK;15;26
2006;rf;14800771;Centrum, Inom Vallgraven;OG;0;
2006;rf;14800716;Centrum, Kristinehöjd;M;370;358
2006;rf;14800716;Centrum, Kristinehöjd;C;35;45
2006;rf;14800716;Centrum, Kristinehöjd;L;90;112
2006;rf;14800716;Centrum, Kristinehöjd;KD;41;59
2006;rf;14800716;Centrum, Kristinehöjd;S;186;178
2006;rf;14800716;Centrum, Kristinehöjd;V;58;66
2006;rf;14800716;Centrum, Kristinehöjd;MP;141;74
2006;rf;14800716;Centrum, Kristinehöjd;SPVG;28;19
2006;rf;14800716;Centrum, Kristinehöjd;SD;27;14
2006;rf;14800716;Centrum, Kristinehöjd;PP;11;
2006;rf;14800716;Centrum, Kristinehöjd;K;7;5
2006;rf;14800716;Centrum, Kristinehöjd;SPI;0;5
2006;rf;14800716;Centrum, Kristinehöjd;HANDSKRIVNA;5;3
2006;rf;14800716;Centrum, Kristinehöjd;ÖVRIGA_FGVAL;0;1
2006;rf;14800716;Centrum, Kristinehöjd;BLANK;18;30
2006;rf;14800716;Centrum, Kristinehöjd;OG;0;1
2006;rf;14800715;Centrum, Krokslätt;M;476;377
2006;rf;14800715;Centrum, Krokslätt;C;41;54
2006;rf;14800715;Centrum, Krokslätt;L;143;182
2006;rf;14800715;Centrum, Krokslätt;KD;59;83
2006;rf;14800715;Centrum, Krokslätt;S;287;286
2006;rf;14800715;Centrum, Krokslätt;V;93;79
2006;rf;14800715;Centrum, Krokslätt;MP;167;120
2006;rf;14800715;Centrum, Krokslätt;SPVG;33;20
2006;rf;14800715;Centrum, Krokslätt;SD;46;24
2006;rf;14800715;Centrum, Krokslätt;K;9;6
2006;rf;14800715;Centrum, Krokslätt;PP;9;
2006;rf;14800715;Centrum, Krokslätt;ND;0;1
2006;rf;14800715;Centrum, Krokslätt;SPI;0;3
2006;rf;14800715;Centrum, Krokslätt;HANDSKRIVNA;4;3
2006;rf;14800715;Centrum, Krokslätt;BLANK;29;33
2006;rf;14800715;Centrum, Krokslätt;OG;0;1
2006;rf;14800732;Centrum, Landala;M;437;411
2006;rf;14800732;Centrum, Landala;C;39;45
2006;rf;14800732;Centrum, Landala;L;126;160
2006;rf;14800732;Centrum, Landala;KD;43;69
2006;rf;14800732;Centrum, Landala;S;161;161
2006;rf;14800732;Centrum, Landala;V;46;53
2006;rf;14800732;Centrum, Landala;MP;136;88
2006;rf;14800732;Centrum, Landala;SPVG;21;10
2006;rf;14800732;Centrum, Landala;SD;24;15
2006;rf;14800732;Centrum, Landala;PP;7;
2006;rf;14800732;Centrum, Landala;K;2;4
2006;rf;14800732;Centrum, Landala;RS;1;
2006;rf;14800732;Centrum, Landala;SPI;1;
2006;rf;14800732;Centrum, Landala;HANDSKRIVNA;0;5
2006;rf;14800732;Centrum, Landala;BLANK;18;12
2006;rf;14800732;Centrum, Landala;OG;0;1
2006;rf;14800744;Centrum, Landala Egnahem;M;290;317
2006;rf;14800744;Centrum, Landala Egnahem;C;57;57
2006;rf;14800744;Centrum, Landala Egnahem;L;136;136
2006;rf;14800744;Centrum, Landala Egnahem;KD;40;59
2006;rf;14800744;Centrum, Landala Egnahem;S;177;149
2006;rf;14800744;Centrum, Landala Egnahem;V;112;85
2006;rf;14800744;Centrum, Landala Egnahem;MP;133;123
2006;rf;14800744;Centrum, Landala Egnahem;SPVG;42;30
2006;rf;14800744;Centrum, Landala Egnahem;SD;29;15
2006;rf;14800744;Centrum, Landala Egnahem;PP;7;
2006;rf;14800744;Centrum, Landala Egnahem;K;3;4
2006;rf;14800744;Centrum, Landala Egnahem;RS;0;1
2006;rf;14800744;Centrum, Landala Egnahem;SPI;0;4
2006;rf;14800744;Centrum, Landala Egnahem;HANDSKRIVNA;7;
2006;rf;14800744;Centrum, Landala Egnahem;BLANK;12;19
2006;rf;14800744;Centrum, Landala Egnahem;OG;1;
2006;rf;14800731;Centrum, Landalabergen m fl;M;409;378
2006;rf;14800731;Centrum, Landalabergen m fl;C;41;56
2006;rf;14800731;Centrum, Landalabergen m fl;L;123;171
2006;rf;14800731;Centrum, Landalabergen m fl;KD;48;80
2006;rf;14800731;Centrum, Landalabergen m fl;S;303;338
2006;rf;14800731;Centrum, Landalabergen m fl;V;140;116
2006;rf;14800731;Centrum, Landalabergen m fl;MP;180;138
2006;rf;14800731;Centrum, Landalabergen m fl;SPVG;48;6
2006;rf;14800731;Centrum, Landalabergen m fl;SD;50;27
2006;rf;14800731;Centrum, Landalabergen m fl;PP;10;
2006;rf;14800731;Centrum, Landalabergen m fl;K;1;8
2006;rf;14800731;Centrum, Landalabergen m fl;ND;0;1
2006;rf;14800731;Centrum, Landalabergen m fl;HANDSKRIVNA;2;6
2006;rf;14800731;Centrum, Landalabergen m fl;ÖVRIGA_FGVAL;0;2
2006;rf;14800731;Centrum, Landalabergen m fl;BLANK;23;32
2006;rf;14800731;Centrum, Landalabergen m fl;OG;0;2
2006;rf;14800733;Centrum, Landalagången m fl;M;156;145
2006;rf;14800733;Centrum, Landalagången m fl;C;22;23
2006;rf;14800733;Centrum, Landalagången m fl;L;60;67
2006;rf;14800733;Centrum, Landalagången m fl;KD;21;36
2006;rf;14800733;Centrum, Landalagången m fl;S;178;174
2006;rf;14800733;Centrum, Landalagången m fl;V;83;73
2006;rf;14800733;Centrum, Landalagången m fl;MP;118;70
2006;rf;14800733;Centrum, Landalagången m fl;SPVG;23;12
2006;rf;14800733;Centrum, Landalagången m fl;SD;32;22
2006;rf;14800733;Centrum, Landalagången m fl;K;5;4
2006;rf;14800733;Centrum, Landalagången m fl;PP;4;
2006;rf;14800733;Centrum, Landalagången m fl;RS;1;
2006;rf;14800733;Centrum, Landalagången m fl;ND;0;1
2006;rf;14800733;Centrum, Landalagången m fl;SPI;0;1
2006;rf;14800733;Centrum, Landalagången m fl;HANDSKRIVNA;4;2
2006;rf;14800733;Centrum, Landalagången m fl;BLANK;7;16
2006;rf;14800733;Centrum, Landalagången m fl;OG;0;2
2006;rf;14800751;Centrum, Lorensberg;M;707;612
2006;rf;14800751;Centrum, Lorensberg;C;39;35
2006;rf;14800751;Centrum, Lorensberg;L;156;170
2006;rf;14800751;Centrum, Lorensberg;KD;51;84
2006;rf;14800751;Centrum, Lorensberg;S;122;112
2006;rf;14800751;Centrum, Lorensberg;V;52;40
2006;rf;14800751;Centrum, Lorensberg;MP;82;61
2006;rf;14800751;Centrum, Lorensberg;SPVG;25;16
2006;rf;14800751;Centrum, Lorensberg;SD;25;13
2006;rf;14800751;Centrum, Lorensberg;K;3;4
2006;rf;14800751;Centrum, Lorensberg;PP;2;
2006;rf;14800751;Centrum, Lorensberg;RS;1;
2006;rf;14800751;Centrum, Lorensberg;ND;0;2
2006;rf;14800751;Centrum, Lorensberg;HANDSKRIVNA;3;2
2006;rf;14800751;Centrum, Lorensberg;BLANK;7;16
2006;rf;14800751;Centrum, Lorensberg;OG;1;1
2006;rf;14800712;Centrum, Mossen;M;275;249
2006;rf;14800712;Centrum, Mossen;C;47;65
2006;rf;14800712;Centrum, Mossen;L;134;133
2006;rf;14800712;Centrum, Mossen;KD;33;41
2006;rf;14800712;Centrum, Mossen;S;205;192
2006;rf;14800712;Centrum, Mossen;V;73;62
2006;rf;14800712;Centrum, Mossen;MP;177;105
2006;rf;14800712;Centrum, Mossen;SPVG;26;13
2006;rf;14800712;Centrum, Mossen;SD;25;11
2006;rf;14800712;Centrum, Mossen;PP;18;
2006;rf;14800712;Centrum, Mossen;K;3;1
2006;rf;14800712;Centrum, Mossen;RS;2;
2006;rf;14800712;Centrum, Mossen;ND;0;1
2006;rf;14800712;Centrum, Mossen;HANDSKRIVNA;9;1
2006;rf;14800712;Centrum, Mossen;ÖVRIGA_FGVAL;0;1
2006;rf;14800712;Centrum, Mossen;BLANK;23;22
2006;rf;14800712;Centrum, Mossen;OG;0;1
2006;rf;14800721;Centrum, Nedre Johanneberg;M;712;575
2006;rf;14800721;Centrum, Nedre Johanneberg;C;52;61
2006;rf;14800721;Centrum, Nedre Johanneberg;L;206;174
2006;rf;14800721;Centrum, Nedre Johanneberg;KD;60;73
2006;rf;14800721;Centrum, Nedre Johanneberg;S;161;125
2006;rf;14800721;Centrum, Nedre Johanneberg;V;71;44
2006;rf;14800721;Centrum, Nedre Johanneberg;MP;178;73
2006;rf;14800721;Centrum, Nedre Johanneberg;SPVG;23;12
2006;rf;14800721;Centrum, Nedre Johanneberg;SD;28;15
2006;rf;14800721;Centrum, Nedre Johanneberg;PP;16;
2006;rf;14800721;Centrum, Nedre Johanneberg;K;4;2
2006;rf;14800721;Centrum, Nedre Johanneberg;RS;2;
2006;rf;14800721;Centrum, Nedre Johanneberg;HANDSKRIVNA;5;2
2006;rf;14800721;Centrum, Nedre Johanneberg;BLANK;34;28
2006;rf;14800721;Centrum, Nedre Johanneberg;OG;0;1
2006;rf;14800772;Centrum, Nordstan-Otterhällan;M;462;437
2006;rf;14800772;Centrum, Nordstan-Otterhällan;C;31;37
2006;rf;14800772;Centrum, Nordstan-Otterhällan;L;133;144
2006;rf;14800772;Centrum, Nordstan-Otterhällan;KD;45;54
2006;rf;14800772;Centrum, Nordstan-Otterhällan;S;239;240
2006;rf;14800772;Centrum, Nordstan-Otterhällan;V;107;106
2006;rf;14800772;Centrum, Nordstan-Otterhällan;MP;165;115
2006;rf;14800772;Centrum, Nordstan-Otterhällan;SPVG;45;21
2006;rf;14800772;Centrum, Nordstan-Otterhällan;SD;54;23
2006;rf;14800772;Centrum, Nordstan-Otterhällan;PP;14;
2006;rf;14800772;Centrum, Nordstan-Otterhällan;K;2;5
2006;rf;14800772;Centrum, Nordstan-Otterhällan;RS;0;1
2006;rf;14800772;Centrum, Nordstan-Otterhällan;SPI;0;2
2006;rf;14800772;Centrum, Nordstan-Otterhällan;HANDSKRIVNA;1;4
2006;rf;14800772;Centrum, Nordstan-Otterhällan;BLANK;23;19
2006;rf;14800772;Centrum, Nordstan-Otterhällan;OG;0;
2006;rf;14800743;Centrum, Norra Guldheden;M;400;359
2006;rf;14800743;Centrum, Norra Guldheden;C;66;65
2006;rf;14800743;Centrum, Norra Guldheden;L;192;209
2006;rf;14800743;Centrum, Norra Guldheden;KD;60;66
2006;rf;14800743;Centrum, Norra Guldheden;S;153;153
2006;rf;14800743;Centrum, Norra Guldheden;V;79;73
2006;rf;14800743;Centrum, Norra Guldheden;MP;170;116
2006;rf;14800743;Centrum, Norra Guldheden;SPVG;18;19
2006;rf;14800743;Centrum, Norra Guldheden;SD;21;10
2006;rf;14800743;Centrum, Norra Guldheden;PP;9;
2006;rf;14800743;Centrum, Norra Guldheden;K;4;7
2006;rf;14800743;Centrum, Norra Guldheden;RS;1;2
2006;rf;14800743;Centrum, Norra Guldheden;ND;0;2
2006;rf;14800743;Centrum, Norra Guldheden;SPI;0;2
2006;rf;14800743;Centrum, Norra Guldheden;HANDSKRIVNA;4;3
2006;rf;14800743;Centrum, Norra Guldheden;BLANK;21;18
2006;rf;14800743;Centrum, Norra Guldheden;OG;0;1
2006;rf;14800793;Centrum, Norra Heden-Gårda;M;651;573
2006;rf;14800793;Centrum, Norra Heden-Gårda;C;34;37
2006;rf;14800793;Centrum, Norra Heden-Gårda;L;183;179
2006;rf;14800793;Centrum, Norra Heden-Gårda;KD;61;87
2006;rf;14800793;Centrum, Norra Heden-Gårda;S;321;292
2006;rf;14800793;Centrum, Norra Heden-Gårda;V;81;84
2006;rf;14800793;Centrum, Norra Heden-Gårda;MP;139;101
2006;rf;14800793;Centrum, Norra Heden-Gårda;SPVG;30;8
2006;rf;14800793;Centrum, Norra Heden-Gårda;SD;44;9
2006;rf;14800793;Centrum, Norra Heden-Gårda;PP;10;
2006;rf;14800793;Centrum, Norra Heden-Gårda;K;4;5
2006;rf;14800793;Centrum, Norra Heden-Gårda;RS;2;2
2006;rf;14800793;Centrum, Norra Heden-Gårda;ND;0;2
2006;rf;14800793;Centrum, Norra Heden-Gårda;SPI;0;6
2006;rf;14800793;Centrum, Norra Heden-Gårda;HANDSKRIVNA;4;1
2006;rf;14800793;Centrum, Norra Heden-Gårda;BLANK;15;24
2006;rf;14800793;Centrum, Norra Heden-Gårda;OG;1;
2006;rf;14800762;Centrum, Norra Vasastaden;M;512;496
2006;rf;14800762;Centrum, Norra Vasastaden;C;38;34
2006;rf;14800762;Centrum, Norra Vasastaden;L;123;141
2006;rf;14800762;Centrum, Norra Vasastaden;KD;85;108
2006;rf;14800762;Centrum, Norra Vasastaden;S;153;154
2006;rf;14800762;Centrum, Norra Vasastaden;V;72;56
2006;rf;14800762;Centrum, Norra Vasastaden;MP;132;94
2006;rf;14800762;Centrum, Norra Vasastaden;SPVG;23;21
2006;rf;14800762;Centrum, Norra Vasastaden;SD;30;15
2006;rf;14800762;Centrum, Norra Vasastaden;PP;8;
2006;rf;14800762;Centrum, Norra Vasastaden;K;7;8
2006;rf;14800762;Centrum, Norra Vasastaden;SPI;0;1
2006;rf;14800762;Centrum, Norra Vasastaden;HANDSKRIVNA;5;2
2006;rf;14800762;Centrum, Norra Vasastaden;BLANK;15;17
2006;rf;14800762;Centrum, Norra Vasastaden;OG;0;
2006;rf;14800781;Centrum, Odinsgatan-Stampen;M;449;384
2006;rf;14800781;Centrum, Odinsgatan-Stampen;C;33;36
2006;rf;14800781;Centrum, Odinsgatan-Stampen;L;141;185
2006;rf;14800781;Centrum, Odinsgatan-Stampen;KD;44;48
2006;rf;14800781;Centrum, Odinsgatan-Stampen;S;264;302
2006;rf;14800781;Centrum, Odinsgatan-Stampen;V;82;77
2006;rf;14800781;Centrum, Odinsgatan-Stampen;MP;126;83
2006;rf;14800781;Centrum, Odinsgatan-Stampen;SPVG;37;8
2006;rf;14800781;Centrum, Odinsgatan-Stampen;SD;39;24
2006;rf;14800781;Centrum, Odinsgatan-Stampen;PP;9;
2006;rf;14800781;Centrum, Odinsgatan-Stampen;K;2;7
2006;rf;14800781;Centrum, Odinsgatan-Stampen;SPI;0;3
2006;rf;14800781;Centrum, Odinsgatan-Stampen;HANDSKRIVNA;3;
2006;rf;14800781;Centrum, Odinsgatan-Stampen;BLANK;31;30
2006;rf;14800781;Centrum, Odinsgatan-Stampen;OG;0;
2006;rf;14800714;Centrum, Olofshöjd;M;162;168
2006;rf;14800714;Centrum, Olofshöjd;C;49;56
2006;rf;14800714;Centrum, Olofshöjd;L;50;96
2006;rf;14800714;Centrum, Olofshöjd;KD;18;23
2006;rf;14800714;Centrum, Olofshöjd;S;107;134
2006;rf;14800714;Centrum, Olofshöjd;V;82;95
2006;rf;14800714;Centrum, Olofshöjd;MP;146;137
2006;rf;14800714;Centrum, Olofshöjd;SPVG;10;12
2006;rf;14800714;Centrum, Olofshöjd;SD;13;5
2006;rf;14800714;Centrum, Olofshöjd;PP;10;
2006;rf;14800714;Centrum, Olofshöjd;K;3;5
2006;rf;14800714;Centrum, Olofshöjd;RS;1;1
2006;rf;14800714;Centrum, Olofshöjd;HANDSKRIVNA;7;3
2006;rf;14800714;Centrum, Olofshöjd;ÖVRIGA_FGVAL;0;1
2006;rf;14800714;Centrum, Olofshöjd;BLANK;38;32
2006;rf;14800714;Centrum, Olofshöjd;OG;1;
2006;rf;14800745;Centrum, Södra Guldheden;M;244;206
2006;rf;14800745;Centrum, Södra Guldheden;C;32;39
2006;rf;14800745;Centrum, Södra Guldheden;L;97;129
2006;rf;14800745;Centrum, Södra Guldheden;KD;69;74
2006;rf;14800745;Centrum, Södra Guldheden;S;217;234
2006;rf;14800745;Centrum, Södra Guldheden;V;117;86
2006;rf;14800745;Centrum, Södra Guldheden;MP;174;108
2006;rf;14800745;Centrum, Södra Guldheden;SPVG;30;25
2006;rf;14800745;Centrum, Södra Guldheden;SD;34;27
2006;rf;14800745;Centrum, Södra Guldheden;PP;11;
2006;rf;14800745;Centrum, Södra Guldheden;K;6;4
2006;rf;14800745;Centrum, Södra Guldheden;ND;0;1
2006;rf;14800745;Centrum, Södra Guldheden;RS;0;1
2006;rf;14800745;Centrum, Södra Guldheden;HANDSKRIVNA;5;1
2006;rf;14800745;Centrum, Södra Guldheden;BLANK;19;23
2006;rf;14800745;Centrum, Södra Guldheden;OG;0;
2006;rf;14800792;Centrum, Södra Heden;M;571;512
2006;rf;14800792;Centrum, Södra Heden;C;31;39
2006;rf;14800792;Centrum, Södra Heden;L;121;148
2006;rf;14800792;Centrum, Södra Heden;KD;61;49
2006;rf;14800792;Centrum, Södra Heden;S;163;182
2006;rf;14800792;Centrum, Södra Heden;V;50;58
2006;rf;14800792;Centrum, Södra Heden;MP;85;41
2006;rf;14800792;Centrum, Södra Heden;SPVG;29;9
2006;rf;14800792;Centrum, Södra Heden;SD;34;19
2006;rf;14800792;Centrum, Södra Heden;PP;6;
2006;rf;14800792;Centrum, Södra Heden;K;4;4
2006;rf;14800792;Centrum, Södra Heden;RS;1;
2006;rf;14800792;Centrum, Södra Heden;SPI;0;6
2006;rf;14800792;Centrum, Södra Heden;HANDSKRIVNA;2;
2006;rf;14800792;Centrum, Södra Heden;ÖVRIGA_FGVAL;0;1
2006;rf;14800792;Centrum, Södra Heden;BLANK;17;26
2006;rf;14800792;Centrum, Södra Heden;OG;1;1
2006;rf;14800724;Centrum, Södra Johanneberg;M;422;392
2006;rf;14800724;Centrum, Södra Johanneberg;C;42;57
2006;rf;14800724;Centrum, Södra Johanneberg;L;110;178
2006;rf;14800724;Centrum, Södra Johanneberg;KD;54;52
2006;rf;14800724;Centrum, Södra Johanneberg;S;204;179
2006;rf;14800724;Centrum, Södra Johanneberg;V;73;47
2006;rf;14800724;Centrum, Södra Johanneberg;MP;126;84
2006;rf;14800724;Centrum, Södra Johanneberg;SPVG;38;20
2006;rf;14800724;Centrum, Södra Johanneberg;SD;38;24
2006;rf;14800724;Centrum, Södra Johanneberg;K;8;6
2006;rf;14800724;Centrum, Södra Johanneberg;PP;8;
2006;rf;14800724;Centrum, Södra Johanneberg;RS;1;2
2006;rf;14800724;Centrum, Södra Johanneberg;ND;0;1
2006;rf;14800724;Centrum, Södra Johanneberg;SPI;0;1
2006;rf;14800724;Centrum, Södra Johanneberg;HANDSKRIVNA;4;2
2006;rf;14800724;Centrum, Södra Johanneberg;BLANK;23;37
2006;rf;14800724;Centrum, Södra Johanneberg;OG;0;
2006;rf;14800761;Centrum, Södra Vasastaden;M;575;525
2006;rf;14800761;Centrum, Södra Vasastaden;C;44;56
2006;rf;14800761;Centrum, Södra Vasastaden;L;163;208
2006;rf;14800761;Centrum, Södra Vasastaden;KD;57;82
2006;rf;14800761;Centrum, Södra Vasastaden;S;181;174
2006;rf;14800761;Centrum, Södra Vasastaden;V;76;90
2006;rf;14800761;Centrum, Södra Vasastaden;MP;154;123
2006;rf;14800761;Centrum, Södra Vasastaden;SPVG;36;7
2006;rf;14800761;Centrum, Södra Vasastaden;SD;30;13
2006;rf;14800761;Centrum, Södra Vasastaden;K;3;8
2006;rf;14800761;Centrum, Södra Vasastaden;PP;3;
2006;rf;14800761;Centrum, Södra Vasastaden;HANDSKRIVNA;4;3
2006;rf;14800761;Centrum, Södra Vasastaden;ÖVRIGA_FGVAL;0;3
2006;rf;14800761;Centrum, Södra Vasastaden;BLANK;14;28
2006;rf;14800761;Centrum, Södra Vasastaden;OG;0;
2006;rf;14800763;Centrum, Valand;M;442;422
2006;rf;14800763;Centrum, Valand;C;28;31
2006;rf;14800763;Centrum, Valand;L;106;143
2006;rf;14800763;Centrum, Valand;KD;42;52
2006;rf;14800763;Centrum, Valand;S;92;97
2006;rf;14800763;Centrum, Valand;V;37;30
2006;rf;14800763;Centrum, Valand;MP;62;58
2006;rf;14800763;Centrum, Valand;SPVG;20;5
2006;rf;14800763;Centrum, Valand;SD;28;18
2006;rf;14800763;Centrum, Valand;PP;9;
2006;rf;14800763;Centrum, Valand;K;1;2
2006;rf;14800763;Centrum, Valand;ND;0;1
2006;rf;14800763;Centrum, Valand;SPI;0;4
2006;rf;14800763;Centrum, Valand;HANDSKRIVNA;0;2
2006;rf;14800763;Centrum, Valand;BLANK;9;9
2006;rf;14800763;Centrum, Valand;OG;0;
2006;rf;14800764;Centrum, Östra Vasastaden;M;619;486
2006;rf;14800764;Centrum, Östra Vasastaden;C;44;43
2006;rf;14800764;Centrum, Östra Vasastaden;L;111;156
2006;rf;14800764;Centrum, Östra Vasastaden;KD;46;50
2006;rf;14800764;Centrum, Östra Vasastaden;S;139;142
2006;rf;14800764;Centrum, Östra Vasastaden;V;50;51
2006;rf;14800764;Centrum, Östra Vasastaden;MP;98;70
2006;rf;14800764;Centrum, Östra Vasastaden;SPVG;29;8
2006;rf;14800764;Centrum, Östra Vasastaden;SD;41;21
2006;rf;14800764;Centrum, Östra Vasastaden;PP;3;
2006;rf;14800764;Centrum, Östra Vasastaden;K;2;3
2006;rf;14800764;Centrum, Östra Vasastaden;RS;1;2
2006;rf;14800764;Centrum, Östra Vasastaden;ND;0;1
2006;rf;14800764;Centrum, Östra Vasastaden;SPI;0;3
2006;rf;14800764;Centrum, Östra Vasastaden;HANDSKRIVNA;6;1
2006;rf;14800764;Centrum, Östra Vasastaden;BLANK;8;15
2006;rf;14800764;Centrum, Östra Vasastaden;OG;0;
2006;rf;14800722;Centrum, Övre Johanneberg;M;371;414
2006;rf;14800722;Centrum, Övre Johanneberg;C;44;56
2006;rf;14800722;Centrum, Övre Johanneberg;L;135;177
2006;rf;14800722;Centrum, Övre Johanneberg;KD;58;57
2006;rf;14800722;Centrum, Övre Johanneberg;S;190;168
2006;rf;14800722;Centrum, Övre Johanneberg;V;70;70
2006;rf;14800722;Centrum, Övre Johanneberg;MP;159;119
2006;rf;14800722;Centrum, Övre Johanneberg;SPVG;34;18
2006;rf;14800722;Centrum, Övre Johanneberg;SD;30;17
2006;rf;14800722;Centrum, Övre Johanneberg;PP;7;
2006;rf;14800722;Centrum, Övre Johanneberg;K;2;2
2006;rf;14800722;Centrum, Övre Johanneberg;RS;2;4
2006;rf;14800722;Centrum, Övre Johanneberg;SPI;0;3
2006;rf;14800722;Centrum, Övre Johanneberg;HANDSKRIVNA;5;3
2006;rf;14800722;Centrum, Övre Johanneberg;BLANK;21;44
2006;rf;14800722;Centrum, Övre Johanneberg;OG;0;
2006;rf;14800841;Linnéstaden, Annedal;M;354;327
2006;rf;14800841;Linnéstaden, Annedal;C;43;41
2006;rf;14800841;Linnéstaden, Annedal;L;141;139
2006;rf;14800841;Linnéstaden, Annedal;KD;63;77
2006;rf;14800841;Linnéstaden, Annedal;S;286;319
2006;rf;14800841;Linnéstaden, Annedal;V;147;116
2006;rf;14800841;Linnéstaden, Annedal;MP;199;142
2006;rf;14800841;Linnéstaden, Annedal;SPVG;33;24
2006;rf;14800841;Linnéstaden, Annedal;SD;34;29
2006;rf;14800841;Linnéstaden, Annedal;PP;13;
2006;rf;14800841;Linnéstaden, Annedal;K;9;16
2006;rf;14800841;Linnéstaden, Annedal;RS;1;1
2006;rf;14800841;Linnéstaden, Annedal;SPI;1;4
2006;rf;14800841;Linnéstaden, Annedal;ND;0;3
2006;rf;14800841;Linnéstaden, Annedal;HANDSKRIVNA;6;
2006;rf;14800841;Linnéstaden, Annedal;ÖVRIGA_FGVAL;0;7
2006;rf;14800841;Linnéstaden, Annedal;BLANK;16;36
2006;rf;14800841;Linnéstaden, Annedal;OG;0;2
2006;rf;14800832;Linnéstaden, Haga;M;335;315
2006;rf;14800832;Linnéstaden, Haga;C;28;49
2006;rf;14800832;Linnéstaden, Haga;L;135;137
2006;rf;14800832;Linnéstaden, Haga;KD;40;60
2006;rf;14800832;Linnéstaden, Haga;S;286;254
2006;rf;14800832;Linnéstaden, Haga;V;235;192
2006;rf;14800832;Linnéstaden, Haga;MP;229;191
2006;rf;14800832;Linnéstaden, Haga;SPVG;45;33
2006;rf;14800832;Linnéstaden, Haga;SD;37;25
2006;rf;14800832;Linnéstaden, Haga;K;15;17
2006;rf;14800832;Linnéstaden, Haga;PP;11;
2006;rf;14800832;Linnéstaden, Haga;RS;2;
2006;rf;14800832;Linnéstaden, Haga;SPI;0;1
2006;rf;14800832;Linnéstaden, Haga;HANDSKRIVNA;7;6
2006;rf;14800832;Linnéstaden, Haga;ÖVRIGA_FGVAL;0;3
2006;rf;14800832;Linnéstaden, Haga;BLANK;19;19
2006;rf;14800832;Linnéstaden, Haga;OG;0;
2006;rf;14800856;Linnéstaden, Kommendantsängen;M;370;298
2006;rf;14800856;Linnéstaden, Kommendantsängen;C;31;39
2006;rf;14800856;Linnéstaden, Kommendantsängen;L;135;160
2006;rf;14800856;Linnéstaden, Kommendantsängen;KD;28;43
2006;rf;14800856;Linnéstaden, Kommendantsängen;S;159;173
2006;rf;14800856;Linnéstaden, Kommendantsängen;V;96;101
2006;rf;14800856;Linnéstaden, Kommendantsängen;MP;133;113
2006;rf;14800856;Linnéstaden, Kommendantsängen;SPVG;15;30
2006;rf;14800856;Linnéstaden, Kommendantsängen;SD;30;14
2006;rf;14800856;Linnéstaden, Kommendantsängen;PP;7;
2006;rf;14800856;Linnéstaden, Kommendantsängen;K;5;5
2006;rf;14800856;Linnéstaden, Kommendantsängen;SPI;1;3
2006;rf;14800856;Linnéstaden, Kommendantsängen;HANDSKRIVNA;3;
2006;rf;14800856;Linnéstaden, Kommendantsängen;BLANK;9;16
2006;rf;14800856;Linnéstaden, Kommendantsängen;OG;0;
2006;rf;14800854;Linnéstaden, Linné;M;475;399
2006;rf;14800854;Linnéstaden, Linné;C;39;52
2006;rf;14800854;Linnéstaden, Linné;L;162;196
2006;rf;14800854;Linnéstaden, Linné;KD;42;48
2006;rf;14800854;Linnéstaden, Linné;S;182;187
2006;rf;14800854;Linnéstaden, Linné;V;102;125
2006;rf;14800854;Linnéstaden, Linné;MP;145;113
2006;rf;14800854;Linnéstaden, Linné;SPVG;17;11
2006;rf;14800854;Linnéstaden, Linné;SD;33;14
2006;rf;14800854;Linnéstaden, Linné;K;14;12
2006;rf;14800854;Linnéstaden, Linné;PP;7;
2006;rf;14800854;Linnéstaden, Linné;RS;2;1
2006;rf;14800854;Linnéstaden, Linné;HANDSKRIVNA;5;3
2006;rf;14800854;Linnéstaden, Linné;ÖVRIGA_FGVAL;0;2
2006;rf;14800854;Linnéstaden, Linné;BLANK;14;14
2006;rf;14800854;Linnéstaden, Linné;OG;0;
2006;rf;14800851;Linnéstaden, Linnéplatsen;M;329;299
2006;rf;14800851;Linnéstaden, Linnéplatsen;C;32;33
2006;rf;14800851;Linnéstaden, Linnéplatsen;L;104;138
2006;rf;14800851;Linnéstaden, Linnéplatsen;KD;31;50
2006;rf;14800851;Linnéstaden, Linnéplatsen;S;131;112
2006;rf;14800851;Linnéstaden, Linnéplatsen;V;79;64
2006;rf;14800851;Linnéstaden, Linnéplatsen;MP;116;76
2006;rf;14800851;Linnéstaden, Linnéplatsen;SPVG;19;15
2006;rf;14800851;Linnéstaden, Linnéplatsen;SD;22;9
2006;rf;14800851;Linnéstaden, Linnéplatsen;K;3;4
2006;rf;14800851;Linnéstaden, Linnéplatsen;PP;3;
2006;rf;14800851;Linnéstaden, Linnéplatsen;SPI;0;1
2006;rf;14800851;Linnéstaden, Linnéplatsen;HANDSKRIVNA;1;2
2006;rf;14800851;Linnéstaden, Linnéplatsen;ÖVRIGA_FGVAL;0;2
2006;rf;14800851;Linnéstaden, Linnéplatsen;BLANK;5;27
2006;rf;14800851;Linnéstaden, Linnéplatsen;OG;1;
2006;rf;14800853;Linnéstaden, Långgatorna;M;459;396
2006;rf;14800853;Linnéstaden, Långgatorna;C;43;52
2006;rf;14800853;Linnéstaden, Långgatorna;L;140;179
2006;rf;14800853;Linnéstaden, Långgatorna;KD;38;32
2006;rf;14800853;Linnéstaden, Långgatorna;S;211;228
2006;rf;14800853;Linnéstaden, Långgatorna;V;135;134
2006;rf;14800853;Linnéstaden, Långgatorna;MP;220;155
2006;rf;14800853;Linnéstaden, Långgatorna;SPVG;31;13
2006;rf;14800853;Linnéstaden, Långgatorna;SD;23;10
2006;rf;14800853;Linnéstaden, Långgatorna;PP;10;
2006;rf;14800853;Linnéstaden, Långgatorna;K;8;8
2006;rf;14800853;Linnéstaden, Långgatorna;RS;1;
2006;rf;14800853;Linnéstaden, Långgatorna;HANDSKRIVNA;4;5
2006;rf;14800853;Linnéstaden, Långgatorna;BLANK;21;25
2006;rf;14800853;Linnéstaden, Långgatorna;OG;0;1
2006;rf;14800813;Linnéstaden, Masthuggstorget;M;333;247
2006;rf;14800813;Linnéstaden, Masthuggstorget;C;32;33
2006;rf;14800813;Linnéstaden, Masthuggstorget;L;91;91
2006;rf;14800813;Linnéstaden, Masthuggstorget;KD;23;29
2006;rf;14800813;Linnéstaden, Masthuggstorget;S;230;252
2006;rf;14800813;Linnéstaden, Masthuggstorget;V;117;96
2006;rf;14800813;Linnéstaden, Masthuggstorget;MP;151;95
2006;rf;14800813;Linnéstaden, Masthuggstorget;SPVG;27;23
2006;rf;14800813;Linnéstaden, Masthuggstorget;SD;29;16
2006;rf;14800813;Linnéstaden, Masthuggstorget;K;12;16
2006;rf;14800813;Linnéstaden, Masthuggstorget;PP;7;
2006;rf;14800813;Linnéstaden, Masthuggstorget;RS;1;
2006;rf;14800813;Linnéstaden, Masthuggstorget;SPI;0;4
2006;rf;14800813;Linnéstaden, Masthuggstorget;HANDSKRIVNA;2;2
2006;rf;14800813;Linnéstaden, Masthuggstorget;ÖVRIGA_FGVAL;0;1
2006;rf;14800813;Linnéstaden, Masthuggstorget;BLANK;19;25
2006;rf;14800813;Linnéstaden, Masthuggstorget;OG;0;
2006;rf;14800814;Linnéstaden, Nedre Masthugget;M;212;164
2006;rf;14800814;Linnéstaden, Nedre Masthugget;C;28;24
2006;rf;14800814;Linnéstaden, Nedre Masthugget;L;128;115
2006;rf;14800814;Linnéstaden, Nedre Masthugget;KD;32;50
2006;rf;14800814;Linnéstaden, Nedre Masthugget;S;249;219
2006;rf;14800814;Linnéstaden, Nedre Masthugget;V;193;209
2006;rf;14800814;Linnéstaden, Nedre Masthugget;MP;199;166
2006;rf;14800814;Linnéstaden, Nedre Masthugget;SPVG;29;24
2006;rf;14800814;Linnéstaden, Nedre Masthugget;SD;21;15
2006;rf;14800814;Linnéstaden, Nedre Masthugget;K;37;50
2006;rf;14800814;Linnéstaden, Nedre Masthugget;PP;4;
2006;rf;14800814;Linnéstaden, Nedre Masthugget;RS;1;1
2006;rf;14800814;Linnéstaden, Nedre Masthugget;SPI;0;2
2006;rf;14800814;Linnéstaden, Nedre Masthugget;HANDSKRIVNA;5;3
2006;rf;14800814;Linnéstaden, Nedre Masthugget;BLANK;9;26
2006;rf;14800814;Linnéstaden, Nedre Masthugget;OG;0;
2006;rf;14800842;Linnéstaden, Nilssonsberg;M;530;477
2006;rf;14800842;Linnéstaden, Nilssonsberg;C;39;53
2006;rf;14800842;Linnéstaden, Nilssonsberg;L;182;193
2006;rf;14800842;Linnéstaden, Nilssonsberg;KD;55;93
2006;rf;14800842;Linnéstaden, Nilssonsberg;S;243;270
2006;rf;14800842;Linnéstaden, Nilssonsberg;V;105;91
2006;rf;14800842;Linnéstaden, Nilssonsberg;MP;157;124
2006;rf;14800842;Linnéstaden, Nilssonsberg;SPVG;59;25
2006;rf;14800842;Linnéstaden, Nilssonsberg;SD;32;26
2006;rf;14800842;Linnéstaden, Nilssonsberg;PP;15;
2006;rf;14800842;Linnéstaden, Nilssonsberg;K;5;7
2006;rf;14800842;Linnéstaden, Nilssonsberg;RS;1;
2006;rf;14800842;Linnéstaden, Nilssonsberg;SPI;0;2
2006;rf;14800842;Linnéstaden, Nilssonsberg;HANDSKRIVNA;5;1
2006;rf;14800842;Linnéstaden, Nilssonsberg;BLANK;19;29
2006;rf;14800842;Linnéstaden, Nilssonsberg;OG;0;
2006;rf;14800852;Linnéstaden, Olivedal;M;391;371
2006;rf;14800852;Linnéstaden, Olivedal;C;51;56
2006;rf;14800852;Linnéstaden, Olivedal;L;142;166
2006;rf;14800852;Linnéstaden, Olivedal;KD;34;48
2006;rf;14800852;Linnéstaden, Olivedal;S;279;264
2006;rf;14800852;Linnéstaden, Olivedal;V;166;162
2006;rf;14800852;Linnéstaden, Olivedal;MP;203;139
2006;rf;14800852;Linnéstaden, Olivedal;SPVG;24;18
2006;rf;14800852;Linnéstaden, Olivedal;SD;25;20
2006;rf;14800852;Linnéstaden, Olivedal;K;9;16
2006;rf;14800852;Linnéstaden, Olivedal;PP;4;
2006;rf;14800852;Linnéstaden, Olivedal;RS;2;
2006;rf;14800852;Linnéstaden, Olivedal;ND;0;1
2006;rf;14800852;Linnéstaden, Olivedal;SPI;0;4
2006;rf;14800852;Linnéstaden, Olivedal;HANDSKRIVNA;3;1
2006;rf;14800852;Linnéstaden, Olivedal;ÖVRIGA_FGVAL;0;2
2006;rf;14800852;Linnéstaden, Olivedal;BLANK;14;18
2006;rf;14800852;Linnéstaden, Olivedal;OG;0;
2006;rf;14800815;Linnéstaden, Oscar Fredrik;M;225;179
2006;rf;14800815;Linnéstaden, Oscar Fredrik;C;33;46
2006;rf;14800815;Linnéstaden, Oscar Fredrik;L;89;115
2006;rf;14800815;Linnéstaden, Oscar Fredrik;KD;29;35
2006;rf;14800815;Linnéstaden, Oscar Fredrik;S;187;201
2006;rf;14800815;Linnéstaden, Oscar Fredrik;V;179;170
2006;rf;14800815;Linnéstaden, Oscar Fredrik;MP;206;168
2006;rf;14800815;Linnéstaden, Oscar Fredrik;SPVG;17;9
2006;rf;14800815;Linnéstaden, Oscar Fredrik;SD;28;10
2006;rf;14800815;Linnéstaden, Oscar Fredrik;K;32;36
2006;rf;14800815;Linnéstaden, Oscar Fredrik;PP;7;
2006;rf;14800815;Linnéstaden, Oscar Fredrik;RS;3;1
2006;rf;14800815;Linnéstaden, Oscar Fredrik;SPI;1;
2006;rf;14800815;Linnéstaden, Oscar Fredrik;HANDSKRIVNA;1;3
2006;rf;14800815;Linnéstaden, Oscar Fredrik;BLANK;13;24
2006;rf;14800815;Linnéstaden, Oscar Fredrik;OG;0;
2006;rf;14800855;Linnéstaden, Risåsen;M;346;301
2006;rf;14800855;Linnéstaden, Risåsen;C;42;33
2006;rf;14800855;Linnéstaden, Risåsen;L;97;132
2006;rf;14800855;Linnéstaden, Risåsen;KD;42;49
2006;rf;14800855;Linnéstaden, Risåsen;S;133;159
2006;rf;14800855;Linnéstaden, Risåsen;V;98;95
2006;rf;14800855;Linnéstaden, Risåsen;MP;146;118
2006;rf;14800855;Linnéstaden, Risåsen;SPVG;27;17
2006;rf;14800855;Linnéstaden, Risåsen;SD;19;12
2006;rf;14800855;Linnéstaden, Risåsen;K;3;9
2006;rf;14800855;Linnéstaden, Risåsen;PP;3;
2006;rf;14800855;Linnéstaden, Risåsen;RS;3;
2006;rf;14800855;Linnéstaden, Risåsen;ND;0;1
2006;rf;14800855;Linnéstaden, Risåsen;SPI;0;2
2006;rf;14800855;Linnéstaden, Risåsen;HANDSKRIVNA;2;3
2006;rf;14800855;Linnéstaden, Risåsen;ÖVRIGA_FGVAL;0;1
2006;rf;14800855;Linnéstaden, Risåsen;BLANK;18;30
2006;rf;14800855;Linnéstaden, Risåsen;OG;0;1
2006;rf;14800831;Linnéstaden, Skansberget;M;362;302
2006;rf;14800831;Linnéstaden, Skansberget;C;39;40
2006;rf;14800831;Linnéstaden, Skansberget;L;110;133
2006;rf;14800831;Linnéstaden, Skansberget;KD;39;44
2006;rf;14800831;Linnéstaden, Skansberget;S;254;276
2006;rf;14800831;Linnéstaden, Skansberget;V;176;172
2006;rf;14800831;Linnéstaden, Skansberget;MP;232;211
2006;rf;14800831;Linnéstaden, Skansberget;SPVG;32;14
2006;rf;14800831;Linnéstaden, Skansberget;SD;26;15
2006;rf;14800831;Linnéstaden, Skansberget;K;9;10
2006;rf;14800831;Linnéstaden, Skansberget;PP;8;
2006;rf;14800831;Linnéstaden, Skansberget;RS;0;1
2006;rf;14800831;Linnéstaden, Skansberget;SPI;0;2
2006;rf;14800831;Linnéstaden, Skansberget;HANDSKRIVNA;4;4
2006;rf;14800831;Linnéstaden, Skansberget;BLANK;16;26
2006;rf;14800831;Linnéstaden, Skansberget;OG;0;1
2006;rf;14800817;Linnéstaden, Slottsskogen;M;217;181
2006;rf;14800817;Linnéstaden, Slottsskogen;C;20;19
2006;rf;14800817;Linnéstaden, Slottsskogen;L;77;76
2006;rf;14800817;Linnéstaden, Slottsskogen;KD;32;29
2006;rf;14800817;Linnéstaden, Slottsskogen;S;216;217
2006;rf;14800817;Linnéstaden, Slottsskogen;V;117;96
2006;rf;14800817;Linnéstaden, Slottsskogen;MP;116;88
2006;rf;14800817;Linnéstaden, Slottsskogen;SPVG;24;12
2006;rf;14800817;Linnéstaden, Slottsskogen;SD;37;23
2006;rf;14800817;Linnéstaden, Slottsskogen;K;13;19
2006;rf;14800817;Linnéstaden, Slottsskogen;PP;6;
2006;rf;14800817;Linnéstaden, Slottsskogen;RS;1;1
2006;rf;14800817;Linnéstaden, Slottsskogen;SPI;0;4
2006;rf;14800817;Linnéstaden, Slottsskogen;HANDSKRIVNA;1;1
2006;rf;14800817;Linnéstaden, Slottsskogen;BLANK;15;15
2006;rf;14800817;Linnéstaden, Slottsskogen;OG;0;
2006;rf;14800812;Linnéstaden, Stigberget;M;217;202
2006;rf;14800812;Linnéstaden, Stigberget;C;22;36
2006;rf;14800812;Linnéstaden, Stigberget;L;106;123
2006;rf;14800812;Linnéstaden, Stigberget;KD;31;55
2006;rf;14800812;Linnéstaden, Stigberget;S;238;246
2006;rf;14800812;Linnéstaden, Stigberget;V;207;182
2006;rf;14800812;Linnéstaden, Stigberget;MP;262;207
2006;rf;14800812;Linnéstaden, Stigberget;SPVG;30;21
2006;rf;14800812;Linnéstaden, Stigberget;SD;39;20
2006;rf;14800812;Linnéstaden, Stigberget;PP;13;
2006;rf;14800812;Linnéstaden, Stigberget;K;12;31
2006;rf;14800812;Linnéstaden, Stigberget;SPI;0;2
2006;rf;14800812;Linnéstaden, Stigberget;HANDSKRIVNA;9;
2006;rf;14800812;Linnéstaden, Stigberget;BLANK;16;19
2006;rf;14800812;Linnéstaden, Stigberget;OG;0;
2006;rf;14800857;Linnéstaden, Sveaplan;M;483;395
2006;rf;14800857;Linnéstaden, Sveaplan;C;30;39
2006;rf;14800857;Linnéstaden, Sveaplan;L;165;196
2006;rf;14800857;Linnéstaden, Sveaplan;KD;44;66
2006;rf;14800857;Linnéstaden, Sveaplan;S;193;204
2006;rf;14800857;Linnéstaden, Sveaplan;V;75;71
2006;rf;14800857;Linnéstaden, Sveaplan;MP;94;67
2006;rf;14800857;Linnéstaden, Sveaplan;SPVG;28;18
2006;rf;14800857;Linnéstaden, Sveaplan;SD;19;10
2006;rf;14800857;Linnéstaden, Sveaplan;PP;5;
2006;rf;14800857;Linnéstaden, Sveaplan;K;0;9
2006;rf;14800857;Linnéstaden, Sveaplan;SPI;0;2
2006;rf;14800857;Linnéstaden, Sveaplan;HANDSKRIVNA;0;3
2006;rf;14800857;Linnéstaden, Sveaplan;BLANK;5;23
2006;rf;14800857;Linnéstaden, Sveaplan;OG;0;
2006;rf;14800816;Linnéstaden, Vegastaden;M;252;193
2006;rf;14800816;Linnéstaden, Vegastaden;C;26;31
2006;rf;14800816;Linnéstaden, Vegastaden;L;71;95
2006;rf;14800816;Linnéstaden, Vegastaden;KD;19;32
2006;rf;14800816;Linnéstaden, Vegastaden;S;218;196
2006;rf;14800816;Linnéstaden, Vegastaden;V;138;158
2006;rf;14800816;Linnéstaden, Vegastaden;MP;155;105
2006;rf;14800816;Linnéstaden, Vegastaden;SPVG;23;14
2006;rf;14800816;Linnéstaden, Vegastaden;SD;33;14
2006;rf;14800816;Linnéstaden, Vegastaden;K;7;13
2006;rf;14800816;Linnéstaden, Vegastaden;PP;7;
2006;rf;14800816;Linnéstaden, Vegastaden;RS;1;
2006;rf;14800816;Linnéstaden, Vegastaden;SPI;0;2
2006;rf;14800816;Linnéstaden, Vegastaden;HANDSKRIVNA;7;1
2006;rf;14800816;Linnéstaden, Vegastaden;BLANK;6;8
2006;rf;14800816;Linnéstaden, Vegastaden;OG;0;
2006;rf;14800821;Linnéstaden, Änggården;M;323;298
2006;rf;14800821;Linnéstaden, Änggården;C;35;30
2006;rf;14800821;Linnéstaden, Änggården;L;142;158
2006;rf;14800821;Linnéstaden, Änggården;KD;63;77
2006;rf;14800821;Linnéstaden, Änggården;S;114;120
2006;rf;14800821;Linnéstaden, Änggården;V;57;62
2006;rf;14800821;Linnéstaden, Änggården;MP;131;109
2006;rf;14800821;Linnéstaden, Änggården;SPVG;29;7
2006;rf;14800821;Linnéstaden, Änggården;SD;10;7
2006;rf;14800821;Linnéstaden, Änggården;PP;5;
2006;rf;14800821;Linnéstaden, Änggården;K;3;8
2006;rf;14800821;Linnéstaden, Änggården;ND;0;1
2006;rf;14800821;Linnéstaden, Änggården;SPI;0;1
2006;rf;14800821;Linnéstaden, Änggården;HANDSKRIVNA;2;4
2006;rf;14800821;Linnéstaden, Änggården;ÖVRIGA_FGVAL;0;1
2006;rf;14800821;Linnéstaden, Änggården;BLANK;12;9
2006;rf;14800821;Linnéstaden, Änggården;OG;0;
2006;rf;14800811;Linnéstaden, Övre Masthugget;M;233;195
2006;rf;14800811;Linnéstaden, Övre Masthugget;C;32;45
2006;rf;14800811;Linnéstaden, Övre Masthugget;L;109;108
2006;rf;14800811;Linnéstaden, Övre Masthugget;KD;24;31
2006;rf;14800811;Linnéstaden, Övre Masthugget;S;238;252
2006;rf;14800811;Linnéstaden, Övre Masthugget;V;242;226
2006;rf;14800811;Linnéstaden, Övre Masthugget;MP;306;269
2006;rf;14800811;Linnéstaden, Övre Masthugget;SPVG;27;20
2006;rf;14800811;Linnéstaden, Övre Masthugget;SD;22;15
2006;rf;14800811;Linnéstaden, Övre Masthugget;K;18;26
2006;rf;14800811;Linnéstaden, Övre Masthugget;PP;7;
2006;rf;14800811;Linnéstaden, Övre Masthugget;RS;3;1
2006;rf;14800811;Linnéstaden, Övre Masthugget;SPI;0;3
2006;rf;14800811;Linnéstaden, Övre Masthugget;HANDSKRIVNA;6;3
2006;rf;14800811;Linnéstaden, Övre Masthugget;BLANK;12;27
2006;rf;14800811;Linnéstaden, Övre Masthugget;OG;0;
2006;rf;14800943;Majorna, Djurgårdsgatan m fl;M;170;177
2006;rf;14800943;Majorna, Djurgårdsgatan m fl;C;37;43
2006;rf;14800943;Majorna, Djurgårdsgatan m fl;L;69;108
2006;rf;14800943;Majorna, Djurgårdsgatan m fl;KD;19;32
2006;rf;14800943;Majorna, Djurgårdsgatan m fl;S;267;291
2006;rf;14800943;Majorna, Djurgårdsgatan m fl;V;295;229
2006;rf;14800943;Majorna, Djurgårdsgatan m fl;MP;296;215
2006;rf;14800943;Majorna, Djurgårdsgatan m fl;SPVG;27;22
2006;rf;14800943;Majorna, Djurgårdsgatan m fl;SD;21;19
2006;rf;14800943;Majorna, Djurgårdsgatan m fl;K;23;32
2006;rf;14800943;Majorna, Djurgårdsgatan m fl;PP;10;
2006;rf;14800943;Majorna, Djurgårdsgatan m fl;RS;3;
2006;rf;14800943;Majorna, Djurgårdsgatan m fl;ND;0;1
2006;rf;14800943;Majorna, Djurgårdsgatan m fl;SPI;0;1
2006;rf;14800943;Majorna, Djurgårdsgatan m fl;HANDSKRIVNA;15;5
2006;rf;14800943;Majorna, Djurgårdsgatan m fl;BLANK;17;30
2006;rf;14800943;Majorna, Djurgårdsgatan m fl;OG;0;1
2006;rf;14800944;Majorna, Gatenhielmska;M;155;160
2006;rf;14800944;Majorna, Gatenhielmska;C;27;32
2006;rf;14800944;Majorna, Gatenhielmska;L;63;75
2006;rf;14800944;Majorna, Gatenhielmska;KD;21;29
2006;rf;14800944;Majorna, Gatenhielmska;S;251;213
2006;rf;14800944;Majorna, Gatenhielmska;V;181;189
2006;rf;14800944;Majorna, Gatenhielmska;MP;189;158
2006;rf;14800944;Majorna, Gatenhielmska;SPVG;30;22
2006;rf;14800944;Majorna, Gatenhielmska;SD;24;11
2006;rf;14800944;Majorna, Gatenhielmska;K;15;20
2006;rf;14800944;Majorna, Gatenhielmska;PP;10;
2006;rf;14800944;Majorna, Gatenhielmska;RS;2;
2006;rf;14800944;Majorna, Gatenhielmska;ND;0;1
2006;rf;14800944;Majorna, Gatenhielmska;HANDSKRIVNA;4;4
2006;rf;14800944;Majorna, Gatenhielmska;BLANK;18;24
2006;rf;14800944;Majorna, Gatenhielmska;OG;0;
2006;rf;14800942;Majorna, Karl Johans torg;M;177;125
2006;rf;14800942;Majorna, Karl Johans torg;C;22;35
2006;rf;14800942;Majorna, Karl Johans torg;L;74;107
2006;rf;14800942;Majorna, Karl Johans torg;KD;29;35
2006;rf;14800942;Majorna, Karl Johans torg;S;336;302
2006;rf;14800942;Majorna, Karl Johans torg;V;354;290
2006;rf;14800942;Majorna, Karl Johans torg;MP;318;250
2006;rf;14800942;Majorna, Karl Johans torg;SPVG;46;27
2006;rf;14800942;Majorna, Karl Johans torg;SD;31;20
2006;rf;14800942;Majorna, Karl Johans torg;K;31;38
2006;rf;14800942;Majorna, Karl Johans torg;PP;14;
2006;rf;14800942;Majorna, Karl Johans torg;RS;5;
2006;rf;14800942;Majorna, Karl Johans torg;SPI;0;2
2006;rf;14800942;Majorna, Karl Johans torg;HANDSKRIVNA;8;4
2006;rf;14800942;Majorna, Karl Johans torg;BLANK;17;42
2006;rf;14800942;Majorna, Karl Johans torg;OG;1;1
2006;rf;14800941;Majorna, Söderlingska ängen;M;144;142
2006;rf;14800941;Majorna, Söderlingska ängen;C;24;44
2006;rf;14800941;Majorna, Söderlingska ängen;L;65;85
2006;rf;14800941;Majorna, Söderlingska ängen;KD;21;29
2006;rf;14800941;Majorna, Söderlingska ängen;S;283;249
2006;rf;14800941;Majorna, Söderlingska ängen;V;225;176
2006;rf;14800941;Majorna, Söderlingska ängen;MP;212;159
2006;rf;14800941;Majorna, Söderlingska ängen;SPVG;27;20
2006;rf;14800941;Majorna, Söderlingska ängen;SD;36;25
2006;rf;14800941;Majorna, Söderlingska ängen;K;10;26
2006;rf;14800941;Majorna, Söderlingska ängen;PP;5;
2006;rf;14800941;Majorna, Söderlingska ängen;RS;2;1
2006;rf;14800941;Majorna, Söderlingska ängen;HANDSKRIVNA;7;2
2006;rf;14800941;Majorna, Söderlingska ängen;BLANK;13;25
2006;rf;14800941;Majorna, Söderlingska ängen;OG;0;
2006;rf;14800682;Örgryte, Gamla Lunden;M;324;284
2006;rf;14800682;Örgryte, Gamla Lunden;C;58;55
2006;rf;14800682;Örgryte, Gamla Lunden;L;110;129
2006;rf;14800682;Örgryte, Gamla Lunden;KD;47;45
2006;rf;14800682;Örgryte, Gamla Lunden;S;258;297
2006;rf;14800682;Örgryte, Gamla Lunden;V;97;85
2006;rf;14800682;Örgryte, Gamla Lunden;MP;145;107
2006;rf;14800682;Örgryte, Gamla Lunden;SPVG;46;24
2006;rf;14800682;Örgryte, Gamla Lunden;SD;43;29
2006;rf;14800682;Örgryte, Gamla Lunden;K;4;2
2006;rf;14800682;Örgryte, Gamla Lunden;PP;3;
2006;rf;14800682;Örgryte, Gamla Lunden;RS;1;
2006;rf;14800682;Örgryte, Gamla Lunden;HANDSKRIVNA;6;2
2006;rf;14800682;Örgryte, Gamla Lunden;BLANK;24;31
2006;rf;14800682;Örgryte, Gamla Lunden;OG;0;4
2006;rf;14800611;Örgryte, Gubbero;M;406;407
2006;rf;14800611;Örgryte, Gubbero;C;44;50
2006;rf;14800611;Örgryte, Gubbero;L;114;162
2006;rf;14800611;Örgryte, Gubbero;KD;61;79
2006;rf;14800611;Örgryte, Gubbero;S;282;365
2006;rf;14800611;Örgryte, Gubbero;V;112;87
2006;rf;14800611;Örgryte, Gubbero;MP;196;114
2006;rf;14800611;Örgryte, Gubbero;SPVG;60;25
2006;rf;14800611;Örgryte, Gubbero;SD;42;23
2006;rf;14800611;Örgryte, Gubbero;PP;9;
2006;rf;14800611;Örgryte, Gubbero;K;8;9
2006;rf;14800611;Örgryte, Gubbero;RS;2;
2006;rf;14800611;Örgryte, Gubbero;SPI;0;2
2006;rf;14800611;Örgryte, Gubbero;HANDSKRIVNA;3;
2006;rf;14800611;Örgryte, Gubbero;BLANK;29;42
2006;rf;14800611;Örgryte, Gubbero;OG;1;
2006;rf;14800686;Örgryte, Kärralund;M;480;442
2006;rf;14800686;Örgryte, Kärralund;C;45;51
2006;rf;14800686;Örgryte, Kärralund;L;159;191
2006;rf;14800686;Örgryte, Kärralund;KD;52;76
2006;rf;14800686;Örgryte, Kärralund;S;235;226
2006;rf;14800686;Örgryte, Kärralund;V;86;89
2006;rf;14800686;Örgryte, Kärralund;MP;159;110
2006;rf;14800686;Örgryte, Kärralund;SPVG;39;23
2006;rf;14800686;Örgryte, Kärralund;SD;47;28
2006;rf;14800686;Örgryte, Kärralund;PP;14;
2006;rf;14800686;Örgryte, Kärralund;K;5;8
2006;rf;14800686;Örgryte, Kärralund;RS;1;
2006;rf;14800686;Örgryte, Kärralund;ND;0;1
2006;rf;14800686;Örgryte, Kärralund;HANDSKRIVNA;3;1
2006;rf;14800686;Örgryte, Kärralund;BLANK;14;24
2006;rf;14800686;Örgryte, Kärralund;OG;0;
2006;rf;14800683;Örgryte, Nobelplatsen;M;210;216
2006;rf;14800683;Örgryte, Nobelplatsen;C;38;39
2006;rf;14800683;Örgryte, Nobelplatsen;L;91;116
2006;rf;14800683;Örgryte, Nobelplatsen;KD;36;42
2006;rf;14800683;Örgryte, Nobelplatsen;S;230;255
2006;rf;14800683;Örgryte, Nobelplatsen;V;107;86
2006;rf;14800683;Örgryte, Nobelplatsen;MP;172;117
2006;rf;14800683;Örgryte, Nobelplatsen;SPVG;36;20
2006;rf;14800683;Örgryte, Nobelplatsen;SD;43;20
2006;rf;14800683;Örgryte, Nobelplatsen;PP;8;
2006;rf;14800683;Örgryte, Nobelplatsen;K;3;4
2006;rf;14800683;Örgryte, Nobelplatsen;SPI;0;1
2006;rf;14800683;Örgryte, Nobelplatsen;HANDSKRIVNA;1;1
2006;rf;14800683;Örgryte, Nobelplatsen;BLANK;21;30
2006;rf;14800683;Örgryte, Nobelplatsen;OG;0;2
2006;rf;14800685;Örgryte, Nya Lunden-Prästgårdsängen;M;495;457
2006;rf;14800685;Örgryte, Nya Lunden-Prästgårdsängen;C;39;57
2006;rf;14800685;Örgryte, Nya Lunden-Prästgårdsängen;L;138;170
2006;rf;14800685;Örgryte, Nya Lunden-Prästgårdsängen;KD;54;59
2006;rf;14800685;Örgryte, Nya Lunden-Prästgårdsängen;S;213;256
2006;rf;14800685;Örgryte, Nya Lunden-Prästgårdsängen;V;93;81
2006;rf;14800685;Örgryte, Nya Lunden-Prästgårdsängen;MP;151;99
2006;rf;14800685;Örgryte, Nya Lunden-Prästgårdsängen;SPVG;41;24
2006;rf;14800685;Örgryte, Nya Lunden-Prästgårdsängen;SD;34;28
2006;rf;14800685;Örgryte, Nya Lunden-Prästgårdsängen;PP;12;
2006;rf;14800685;Örgryte, Nya Lunden-Prästgårdsängen;K;3;6
2006;rf;14800685;Örgryte, Nya Lunden-Prästgårdsängen;ND;0;1
2006;rf;14800685;Örgryte, Nya Lunden-Prästgårdsängen;SPI;0;3
2006;rf;14800685;Örgryte, Nya Lunden-Prästgårdsängen;HANDSKRIVNA;3;3
2006;rf;14800685;Örgryte, Nya Lunden-Prästgårdsängen;BLANK;19;37
2006;rf;14800685;Örgryte, Nya Lunden-Prästgårdsängen;OG;0;
2006;rf;14800612;Örgryte, Olskroken;M;238;233
2006;rf;14800612;Örgryte, Olskroken;C;19;20
2006;rf;14800612;Örgryte, Olskroken;L;65;76
2006;rf;14800612;Örgryte, Olskroken;KD;36;51
2006;rf;14800612;Örgryte, Olskroken;S;358;379
2006;rf;14800612;Örgryte, Olskroken;V;101;69
2006;rf;14800612;Örgryte, Olskroken;MP;89;68
2006;rf;14800612;Örgryte, Olskroken;SPVG;27;13
2006;rf;14800612;Örgryte, Olskroken;SD;47;26
2006;rf;14800612;Örgryte, Olskroken;PP;10;
2006;rf;14800612;Örgryte, Olskroken;RS;3;1
2006;rf;14800612;Örgryte, Olskroken;K;0;5
2006;rf;14800612;Örgryte, Olskroken;SPI;0;1
2006;rf;14800612;Örgryte, Olskroken;HANDSKRIVNA;2;
2006;rf;14800612;Örgryte, Olskroken;BLANK;13;32
2006;rf;14800612;Örgryte, Olskroken;OG;0;2
2006;rf;14800613;Örgryte, Redberget;M;317;267
2006;rf;14800613;Örgryte, Redberget;C;30;47
2006;rf;14800613;Örgryte, Redberget;L;119;135
2006;rf;14800613;Örgryte, Redberget;KD;44;51
2006;rf;14800613;Örgryte, Redberget;S;393;412
2006;rf;14800613;Örgryte, Redberget;V;142;128
2006;rf;14800613;Örgryte, Redberget;MP;163;124
2006;rf;14800613;Örgryte, Redberget;SPVG;29;24
2006;rf;14800613;Örgryte, Redberget;SD;56;39
2006;rf;14800613;Örgryte, Redberget;K;11;8
2006;rf;14800613;Örgryte, Redberget;PP;5;
2006;rf;14800613;Örgryte, Redberget;ND;0;1
2006;rf;14800613;Örgryte, Redberget;RS;0;3
2006;rf;14800613;Örgryte, Redberget;SPI;0;5
2006;rf;14800613;Örgryte, Redberget;HANDSKRIVNA;4;
2006;rf;14800613;Örgryte, Redberget;ÖVRIGA_FGVAL;0;2
2006;rf;14800613;Örgryte, Redberget;BLANK;27;42
2006;rf;14800613;Örgryte, Redberget;OG;0;3
2006;rf;14800684;Örgryte, Sankt Pauli;M;320;252
2006;rf;14800684;Örgryte, Sankt Pauli;C;37;43
2006;rf;14800684;Örgryte, Sankt Pauli;L;102;109
2006;rf;14800684;Örgryte, Sankt Pauli;KD;53;76
2006;rf;14800684;Örgryte, Sankt Pauli;S;213;237
2006;rf;14800684;Örgryte, Sankt Pauli;V;69;66
2006;rf;14800684;Örgryte, Sankt Pauli;MP;124;85
2006;rf;14800684;Örgryte, Sankt Pauli;SPVG;41;20
2006;rf;14800684;Örgryte, Sankt Pauli;SD;48;24
2006;rf;14800684;Örgryte, Sankt Pauli;PP;5;
2006;rf;14800684;Örgryte, Sankt Pauli;K;2;6
2006;rf;14800684;Örgryte, Sankt Pauli;RS;0;1
2006;rf;14800684;Örgryte, Sankt Pauli;HANDSKRIVNA;2;2
2006;rf;14800684;Örgryte, Sankt Pauli;ÖVRIGA_FGVAL;0;1
2006;rf;14800684;Örgryte, Sankt Pauli;BLANK;26;26
2006;rf;14800684;Örgryte, Sankt Pauli;OG;0;
2006;rf;14800681;Örgryte, Överås;M;400;343
2006;rf;14800681;Örgryte, Överås;C;51;53
2006;rf;14800681;Örgryte, Överås;L;108;135
2006;rf;14800681;Örgryte, Överås;KD;60;69
2006;rf;14800681;Örgryte, Överås;S;287;326
2006;rf;14800681;Örgryte, Överås;V;102;88
2006;rf;14800681;Örgryte, Överås;MP;162;109
2006;rf;14800681;Örgryte, Överås;SPVG;51;23
2006;rf;14800681;Örgryte, Överås;SD;53;22
2006;rf;14800681;Örgryte, Överås;K;10;11
2006;rf;14800681;Örgryte, Överås;PP;6;
2006;rf;14800681;Örgryte, Överås;SPI;0;5
2006;rf;14800681;Örgryte, Överås;HANDSKRIVNA;4;2
2006;rf;14800681;Örgryte, Överås;BLANK;33;39
2006;rf;14800681;Örgryte, Överås;OG;0;1
2006;rf;14800003;Onsdagsdistrikt;M;803;678
2006;rf;14800003;Onsdagsdistrikt;C;100;88
2006;rf;14800003;Onsdagsdistrikt;L;212;271
2006;rf;14800003;Onsdagsdistrikt;KD;82;109
2006;rf;14800003;Onsdagsdistrikt;S;434;357
2006;rf;14800003;Onsdagsdistrikt;V;232;205
2006;rf;14800003;Onsdagsdistrikt;MP;436;250
2006;rf;14800003;Onsdagsdistrikt;SPVG;41;28
2006;rf;14800003;Onsdagsdistrikt;SD;60;35
2006;rf;14800003;Onsdagsdistrikt;PP;20;
2006;rf;14800003;Onsdagsdistrikt;K;5;10
2006;rf;14800003;Onsdagsdistrikt;RS;4;
2006;rf;14800003;Onsdagsdistrikt;SPI;0;4
2006;rf;14800003;Onsdagsdistrikt;HANDSKRIVNA;34;24
2006;rf;14800003;Onsdagsdistrikt;BLANK;68;73
2006;rf;14800003;Onsdagsdistrikt;OG;1;0
2006;rf;14802013;Backa, Aröd;M;292;213
2006;rf;14802013;Backa, Aröd;C;28;33
2006;rf;14802013;Backa, Aröd;L;81;120
2006;rf;14802013;Backa, Aröd;KD;58;81
2006;rf;14802013;Backa, Aröd;S;487;522
2006;rf;14802013;Backa, Aröd;V;139;131
2006;rf;14802013;Backa, Aröd;MP;109;85
2006;rf;14802013;Backa, Aröd;SPVG;61;16
2006;rf;14802013;Backa, Aröd;SD;90;43
2006;rf;14802013;Backa, Aröd;PP;17;
2006;rf;14802013;Backa, Aröd;K;4;6
2006;rf;14802013;Backa, Aröd;RS;2;
2006;rf;14802013;Backa, Aröd;ND;0;3
2006;rf;14802013;Backa, Aröd;SPI;0;5
2006;rf;14802013;Backa, Aröd;HANDSKRIVNA;0;1
2006;rf;14802013;Backa, Aröd;ÖVRIGA_FGVAL;0;1
2006;rf;14802013;Backa, Aröd;BLANK;21;37
2006;rf;14802013;Backa, Aröd;OG;0;
2006;rf;14802022;Backa, Backa Röd;M;131;117
2006;rf;14802022;Backa, Backa Röd;C;16;19
2006;rf;14802022;Backa, Backa Röd;L;33;46
2006;rf;14802022;Backa, Backa Röd;KD;23;34
2006;rf;14802022;Backa, Backa Röd;S;478;469
2006;rf;14802022;Backa, Backa Röd;V;88;102
2006;rf;14802022;Backa, Backa Röd;MP;90;72
2006;rf;14802022;Backa, Backa Röd;SPVG;38;21
2006;rf;14802022;Backa, Backa Röd;SD;73;38
2006;rf;14802022;Backa, Backa Röd;PP;13;
2006;rf;14802022;Backa, Backa Röd;K;9;9
2006;rf;14802022;Backa, Backa Röd;RS;5;1
2006;rf;14802022;Backa, Backa Röd;ND;0;2
2006;rf;14802022;Backa, Backa Röd;HANDSKRIVNA;2;2
2006;rf;14802022;Backa, Backa Röd;BLANK;16;21
2006;rf;14802022;Backa, Backa Röd;OG;3;
2006;rf;14802032;Backa, Backadalen;M;167;135
2006;rf;14802032;Backa, Backadalen;C;11;21
2006;rf;14802032;Backa, Backadalen;L;40;75
2006;rf;14802032;Backa, Backadalen;KD;41;57
2006;rf;14802032;Backa, Backadalen;S;481;513
2006;rf;14802032;Backa, Backadalen;V;55;77
2006;rf;14802032;Backa, Backadalen;MP;43;21
2006;rf;14802032;Backa, Backadalen;SPVG;44;21
2006;rf;14802032;Backa, Backadalen;SD;62;21
2006;rf;14802032;Backa, Backadalen;PP;10;
2006;rf;14802032;Backa, Backadalen;RS;5;
2006;rf;14802032;Backa, Backadalen;K;1;4
2006;rf;14802032;Backa, Backadalen;ND;0;1
2006;rf;14802032;Backa, Backadalen;SPI;0;1
2006;rf;14802032;Backa, Backadalen;HANDSKRIVNA;1;
2006;rf;14802032;Backa, Backadalen;BLANK;5;15
2006;rf;14802032;Backa, Backadalen;OG;0;
2006;rf;14802012;Backa, Brunnsbo;M;151;137
2006;rf;14802012;Backa, Brunnsbo;C;16;35
2006;rf;14802012;Backa, Brunnsbo;L;45;77
2006;rf;14802012;Backa, Brunnsbo;KD;33;41
2006;rf;14802012;Backa, Brunnsbo;S;511;492
2006;rf;14802012;Backa, Brunnsbo;V;115;123
2006;rf;14802012;Backa, Brunnsbo;MP;89;51
2006;rf;14802012;Backa, Brunnsbo;SPVG;42;26
2006;rf;14802012;Backa, Brunnsbo;SD;71;42
2006;rf;14802012;Backa, Brunnsbo;PP;15;
2006;rf;14802012;Backa, Brunnsbo;K;12;10
2006;rf;14802012;Backa, Brunnsbo;RS;6;
2006;rf;14802012;Backa, Brunnsbo;ND;0;1
2006;rf;14802012;Backa, Brunnsbo;HANDSKRIVNA;1;1
2006;rf;14802012;Backa, Brunnsbo;ÖVRIGA_FGVAL;0;1
2006;rf;14802012;Backa, Brunnsbo;BLANK;9;35
2006;rf;14802012;Backa, Brunnsbo;OG;0;1
2006;rf;14802031;Backa, Bäckebol;M;110;92
2006;rf;14802031;Backa, Bäckebol;C;6;13
2006;rf;14802031;Backa, Bäckebol;L;40;48
2006;rf;14802031;Backa, Bäckebol;KD;26;30
2006;rf;14802031;Backa, Bäckebol;S;352;353
2006;rf;14802031;Backa, Bäckebol;V;38;41
2006;rf;14802031;Backa, Bäckebol;MP;28;18
2006;rf;14802031;Backa, Bäckebol;SPVG;33;15
2006;rf;14802031;Backa, Bäckebol;SD;29;17
2006;rf;14802031;Backa, Bäckebol;K;9;2
2006;rf;14802031;Backa, Bäckebol;PP;7;
2006;rf;14802031;Backa, Bäckebol;RS;5;1
2006;rf;14802031;Backa, Bäckebol;SPI;0;2
2006;rf;14802031;Backa, Bäckebol;HANDSKRIVNA;0;1
2006;rf;14802031;Backa, Bäckebol;ÖVRIGA_FGVAL;0;1
2006;rf;14802031;Backa, Bäckebol;BLANK;6;5
2006;rf;14802031;Backa, Bäckebol;OG;0;2
2006;rf;14802024;Backa, Bällskär;M;195;158
2006;rf;14802024;Backa, Bällskär;C;12;18
2006;rf;14802024;Backa, Bällskär;L;55;65
2006;rf;14802024;Backa, Bällskär;KD;21;35
2006;rf;14802024;Backa, Bällskär;S;352;379
2006;rf;14802024;Backa, Bällskär;V;51;54
2006;rf;14802024;Backa, Bällskär;MP;33;22
2006;rf;14802024;Backa, Bällskär;SPVG;38;21
2006;rf;14802024;Backa, Bällskär;SD;43;23
2006;rf;14802024;Backa, Bällskär;PP;3;
2006;rf;14802024;Backa, Bällskär;RS;2;
2006;rf;14802024;Backa, Bällskär;K;0;2
2006;rf;14802024;Backa, Bällskär;ND;0;4
2006;rf;14802024;Backa, Bällskär;SPI;0;4
2006;rf;14802024;Backa, Bällskär;BLANK;14;11
2006;rf;14802024;Backa, Bällskär;OG;0;1
2006;rf;14802023;Backa, Norra Backa;M;178;132
2006;rf;14802023;Backa, Norra Backa;C;15;20
2006;rf;14802023;Backa, Norra Backa;L;38;66
2006;rf;14802023;Backa, Norra Backa;KD;30;48
2006;rf;14802023;Backa, Norra Backa;S;595;586
2006;rf;14802023;Backa, Norra Backa;V;78;83
2006;rf;14802023;Backa, Norra Backa;MP;45;35
2006;rf;14802023;Backa, Norra Backa;SPVG;35;20
2006;rf;14802023;Backa, Norra Backa;SD;64;55
2006;rf;14802023;Backa, Norra Backa;PP;8;
2006;rf;14802023;Backa, Norra Backa;K;6;5
2006;rf;14802023;Backa, Norra Backa;RS;2;
2006;rf;14802023;Backa, Norra Backa;ND;0;1
2006;rf;14802023;Backa, Norra Backa;SPI;0;1
2006;rf;14802023;Backa, Norra Backa;HANDSKRIVNA;1;1
2006;rf;14802023;Backa, Norra Backa;ÖVRIGA_FGVAL;0;1
2006;rf;14802023;Backa, Norra Backa;BLANK;19;11
2006;rf;14802023;Backa, Norra Backa;OG;0;
2006;rf;14802033;Backa, Selma Lagerlöfs torg;M;80;54
2006;rf;14802033;Backa, Selma Lagerlöfs torg;C;4;14
2006;rf;14802033;Backa, Selma Lagerlöfs torg;L;18;45
2006;rf;14802033;Backa, Selma Lagerlöfs torg;KD;18;16
2006;rf;14802033;Backa, Selma Lagerlöfs torg;S;323;319
2006;rf;14802033;Backa, Selma Lagerlöfs torg;V;70;84
2006;rf;14802033;Backa, Selma Lagerlöfs torg;MP;41;44
2006;rf;14802033;Backa, Selma Lagerlöfs torg;SPVG;31;24
2006;rf;14802033;Backa, Selma Lagerlöfs torg;SD;56;34
2006;rf;14802033;Backa, Selma Lagerlöfs torg;PP;6;
2006;rf;14802033;Backa, Selma Lagerlöfs torg;K;2;5
2006;rf;14802033;Backa, Selma Lagerlöfs torg;RS;2;3
2006;rf;14802033;Backa, Selma Lagerlöfs torg;SPI;0;6
2006;rf;14802033;Backa, Selma Lagerlöfs torg;HANDSKRIVNA;3;2
2006;rf;14802033;Backa, Selma Lagerlöfs torg;BLANK;5;15
2006;rf;14802033;Backa, Selma Lagerlöfs torg;OG;0;
2006;rf;14802041;Backa, Skogome-Sankt Jörgen;M;426;302
2006;rf;14802041;Backa, Skogome-Sankt Jörgen;C;46;42
2006;rf;14802041;Backa, Skogome-Sankt Jörgen;L;119;112
2006;rf;14802041;Backa, Skogome-Sankt Jörgen;KD;58;79
2006;rf;14802041;Backa, Skogome-Sankt Jörgen;S;445;500
2006;rf;14802041;Backa, Skogome-Sankt Jörgen;V;103;101
2006;rf;14802041;Backa, Skogome-Sankt Jörgen;MP;85;59
2006;rf;14802041;Backa, Skogome-Sankt Jörgen;SPVG;74;22
2006;rf;14802041;Backa, Skogome-Sankt Jörgen;SD;67;30
2006;rf;14802041;Backa, Skogome-Sankt Jörgen;PP;8;
2006;rf;14802041;Backa, Skogome-Sankt Jörgen;K;3;9
2006;rf;14802041;Backa, Skogome-Sankt Jörgen;RS;1;1
2006;rf;14802041;Backa, Skogome-Sankt Jörgen;ND;0;1
2006;rf;14802041;Backa, Skogome-Sankt Jörgen;SPI;0;5
2006;rf;14802041;Backa, Skogome-Sankt Jörgen;HANDSKRIVNA;1;3
2006;rf;14802041;Backa, Skogome-Sankt Jörgen;BLANK;21;16
2006;rf;14802041;Backa, Skogome-Sankt Jörgen;OG;1;1
2006;rf;14802034;Backa, Skälltorp;M;263;200
2006;rf;14802034;Backa, Skälltorp;C;26;33
2006;rf;14802034;Backa, Skälltorp;L;86;100
2006;rf;14802034;Backa, Skälltorp;KD;47;65
2006;rf;14802034;Backa, Skälltorp;S;532;580
2006;rf;14802034;Backa, Skälltorp;V;108;100
2006;rf;14802034;Backa, Skälltorp;MP;70;34
2006;rf;14802034;Backa, Skälltorp;SPVG;54;29
2006;rf;14802034;Backa, Skälltorp;SD;68;39
2006;rf;14802034;Backa, Skälltorp;PP;8;
2006;rf;14802034;Backa, Skälltorp;K;5;12
2006;rf;14802034;Backa, Skälltorp;ND;0;2
2006;rf;14802034;Backa, Skälltorp;RS;0;4
2006;rf;14802034;Backa, Skälltorp;SPI;0;2
2006;rf;14802034;Backa, Skälltorp;HANDSKRIVNA;1;1
2006;rf;14802034;Backa, Skälltorp;ÖVRIGA_FGVAL;0;1
2006;rf;14802034;Backa, Skälltorp;BLANK;16;23
2006;rf;14802034;Backa, Skälltorp;OG;0;
2006;rf;14802021;Backa, Södra Backa;M;273;224
2006;rf;14802021;Backa, Södra Backa;C;22;20
2006;rf;14802021;Backa, Södra Backa;L;76;85
2006;rf;14802021;Backa, Södra Backa;KD;37;55
2006;rf;14802021;Backa, Södra Backa;S;390;423
2006;rf;14802021;Backa, Södra Backa;V;65;78
2006;rf;14802021;Backa, Södra Backa;MP;44;34
2006;rf;14802021;Backa, Södra Backa;SPVG;55;28
2006;rf;14802021;Backa, Södra Backa;SD;52;40
2006;rf;14802021;Backa, Södra Backa;PP;7;
2006;rf;14802021;Backa, Södra Backa;K;3;9
2006;rf;14802021;Backa, Södra Backa;RS;1;4
2006;rf;14802021;Backa, Södra Backa;ND;0;1
2006;rf;14802021;Backa, Södra Backa;SPI;0;3
2006;rf;14802021;Backa, Södra Backa;HANDSKRIVNA;1;
2006;rf;14802021;Backa, Södra Backa;BLANK;11;26
2006;rf;14802021;Backa, Södra Backa;OG;0;1
2006;rf;14802011;Backa, Tingstad;M;300;254
2006;rf;14802011;Backa, Tingstad;C;29;40
2006;rf;14802011;Backa, Tingstad;L;75;101
2006;rf;14802011;Backa, Tingstad;KD;61;61
2006;rf;14802011;Backa, Tingstad;S;353;359
2006;rf;14802011;Backa, Tingstad;V;60;63
2006;rf;14802011;Backa, Tingstad;MP;65;48
2006;rf;14802011;Backa, Tingstad;SPVG;65;21
2006;rf;14802011;Backa, Tingstad;SD;54;39
2006;rf;14802011;Backa, Tingstad;PP;11;
2006;rf;14802011;Backa, Tingstad;K;6;16
2006;rf;14802011;Backa, Tingstad;RS;1;
2006;rf;14802011;Backa, Tingstad;ND;0;4
2006;rf;14802011;Backa, Tingstad;SPI;0;2
2006;rf;14802011;Backa, Tingstad;HANDSKRIVNA;1;
2006;rf;14802011;Backa, Tingstad;BLANK;10;22
2006;rf;14802011;Backa, Tingstad;OG;1;
2006;rf;14802035;Backa, Åketorp;M;457;345
2006;rf;14802035;Backa, Åketorp;C;32;44
2006;rf;14802035;Backa, Åketorp;L;121;141
2006;rf;14802035;Backa, Åketorp;KD;68;108
2006;rf;14802035;Backa, Åketorp;S;454;514
2006;rf;14802035;Backa, Åketorp;V;81;99
2006;rf;14802035;Backa, Åketorp;MP;73;46
2006;rf;14802035;Backa, Åketorp;SPVG;94;41
2006;rf;14802035;Backa, Åketorp;SD;66;39
2006;rf;14802035;Backa, Åketorp;PP;10;
2006;rf;14802035;Backa, Åketorp;K;4;2
2006;rf;14802035;Backa, Åketorp;SPI;0;1
2006;rf;14802035;Backa, Åketorp;BLANK;17;26
2006;rf;14802035;Backa, Åketorp;OG;1;1
2006;rf;14801732;Biskopsgården, Badvädersgatan m fl;M;134;86
2006;rf;14801732;Biskopsgården, Badvädersgatan m fl;C;12;7
2006;rf;14801732;Biskopsgården, Badvädersgatan m fl;L;38;25
2006;rf;14801732;Biskopsgården, Badvädersgatan m fl;KD;21;50
2006;rf;14801732;Biskopsgården, Badvädersgatan m fl;S;373;459
2006;rf;14801732;Biskopsgården, Badvädersgatan m fl;V;57;58
2006;rf;14801732;Biskopsgården, Badvädersgatan m fl;MP;52;22
2006;rf;14801732;Biskopsgården, Badvädersgatan m fl;SPVG;29;9
2006;rf;14801732;Biskopsgården, Badvädersgatan m fl;SD;49;44
2006;rf;14801732;Biskopsgården, Badvädersgatan m fl;PP;7;
2006;rf;14801732;Biskopsgården, Badvädersgatan m fl;K;6;4
2006;rf;14801732;Biskopsgården, Badvädersgatan m fl;RS;1;
2006;rf;14801732;Biskopsgården, Badvädersgatan m fl;ND;0;4
2006;rf;14801732;Biskopsgården, Badvädersgatan m fl;SPI;0;2
2006;rf;14801732;Biskopsgården, Badvädersgatan m fl;HANDSKRIVNA;2;2
2006;rf;14801732;Biskopsgården, Badvädersgatan m fl;BLANK;9;13
2006;rf;14801732;Biskopsgården, Badvädersgatan m fl;OG;0;
2006;rf;14801751;Biskopsgården, Jättesten;M;240;173
2006;rf;14801751;Biskopsgården, Jättesten;C;18;25
2006;rf;14801751;Biskopsgården, Jättesten;L;75;81
2006;rf;14801751;Biskopsgården, Jättesten;KD;23;52
2006;rf;14801751;Biskopsgården, Jättesten;S;534;600
2006;rf;14801751;Biskopsgården, Jättesten;V;102;105
2006;rf;14801751;Biskopsgården, Jättesten;MP;70;50
2006;rf;14801751;Biskopsgården, Jättesten;SPVG;48;23
2006;rf;14801751;Biskopsgården, Jättesten;SD;55;31
2006;rf;14801751;Biskopsgården, Jättesten;PP;6;
2006;rf;14801751;Biskopsgården, Jättesten;K;4;15
2006;rf;14801751;Biskopsgården, Jättesten;RS;2;1
2006;rf;14801751;Biskopsgården, Jättesten;ND;0;1
2006;rf;14801751;Biskopsgården, Jättesten;SPI;0;6
2006;rf;14801751;Biskopsgården, Jättesten;ÖVRIGA_FGVAL;0;2
2006;rf;14801751;Biskopsgården, Jättesten;BLANK;16;24
2006;rf;14801751;Biskopsgården, Jättesten;OG;0;1
2006;rf;14801753;Biskopsgården, Kärrsmossen;M;297;249
2006;rf;14801753;Biskopsgården, Kärrsmossen;C;35;25
2006;rf;14801753;Biskopsgården, Kärrsmossen;L;113;121
2006;rf;14801753;Biskopsgården, Kärrsmossen;KD;43;60
2006;rf;14801753;Biskopsgården, Kärrsmossen;S;370;348
2006;rf;14801753;Biskopsgården, Kärrsmossen;V;96;87
2006;rf;14801753;Biskopsgården, Kärrsmossen;MP;109;81
2006;rf;14801753;Biskopsgården, Kärrsmossen;SPVG;65;27
2006;rf;14801753;Biskopsgården, Kärrsmossen;SD;58;31
2006;rf;14801753;Biskopsgården, Kärrsmossen;PP;24;
2006;rf;14801753;Biskopsgården, Kärrsmossen;K;9;17
2006;rf;14801753;Biskopsgården, Kärrsmossen;RS;3;
2006;rf;14801753;Biskopsgården, Kärrsmossen;ND;0;3
2006;rf;14801753;Biskopsgården, Kärrsmossen;SPI;0;3
2006;rf;14801753;Biskopsgården, Kärrsmossen;HANDSKRIVNA;1;1
2006;rf;14801753;Biskopsgården, Kärrsmossen;BLANK;10;17
2006;rf;14801753;Biskopsgården, Kärrsmossen;OG;0;2
2006;rf;14801722;Biskopsgården, Länsmansgårdens Centr;M;79;61
2006;rf;14801722;Biskopsgården, Länsmansgårdens Centr;C;8;13
2006;rf;14801722;Biskopsgården, Länsmansgårdens Centr;L;15;42
2006;rf;14801722;Biskopsgården, Länsmansgårdens Centr;KD;10;30
2006;rf;14801722;Biskopsgården, Länsmansgårdens Centr;S;386;405
2006;rf;14801722;Biskopsgården, Länsmansgårdens Centr;V;76;94
2006;rf;14801722;Biskopsgården, Länsmansgårdens Centr;MP;55;28
2006;rf;14801722;Biskopsgården, Länsmansgårdens Centr;SPVG;38;18
2006;rf;14801722;Biskopsgården, Länsmansgårdens Centr;SD;61;36
2006;rf;14801722;Biskopsgården, Länsmansgårdens Centr;PP;13;
2006;rf;14801722;Biskopsgården, Länsmansgårdens Centr;K;12;23
2006;rf;14801722;Biskopsgården, Länsmansgårdens Centr;RS;3;3
2006;rf;14801722;Biskopsgården, Länsmansgårdens Centr;ND;0;4
2006;rf;14801722;Biskopsgården, Länsmansgårdens Centr;SPI;0;3
2006;rf;14801722;Biskopsgården, Länsmansgårdens Centr;BLANK;8;26
2006;rf;14801722;Biskopsgården, Länsmansgårdens Centr;OG;1;
2006;rf;14801712;Biskopsgården, Norra Biskopsgården;M;31;31
2006;rf;14801712;Biskopsgården, Norra Biskopsgården;C;6;14
2006;rf;14801712;Biskopsgården, Norra Biskopsgården;L;18;21
2006;rf;14801712;Biskopsgården, Norra Biskopsgården;KD;8;16
2006;rf;14801712;Biskopsgården, Norra Biskopsgården;S;404;387
2006;rf;14801712;Biskopsgården, Norra Biskopsgården;V;122;95
2006;rf;14801712;Biskopsgården, Norra Biskopsgården;MP;62;46
2006;rf;14801712;Biskopsgården, Norra Biskopsgården;SPVG;8;10
2006;rf;14801712;Biskopsgården, Norra Biskopsgården;SD;21;21
2006;rf;14801712;Biskopsgården, Norra Biskopsgården;RS;9;2
2006;rf;14801712;Biskopsgården, Norra Biskopsgården;PP;7;
2006;rf;14801712;Biskopsgården, Norra Biskopsgården;K;6;19
2006;rf;14801712;Biskopsgården, Norra Biskopsgården;ND;0;1
2006;rf;14801712;Biskopsgården, Norra Biskopsgården;HANDSKRIVNA;3;4
2006;rf;14801712;Biskopsgården, Norra Biskopsgården;BLANK;5;9
2006;rf;14801712;Biskopsgården, Norra Biskopsgården;OG;1;
2006;rf;14801723;Biskopsgården, Norra Länsmansgården;M;95;73
2006;rf;14801723;Biskopsgården, Norra Länsmansgården;C;11;16
2006;rf;14801723;Biskopsgården, Norra Länsmansgården;L;30;41
2006;rf;14801723;Biskopsgården, Norra Länsmansgården;KD;22;28
2006;rf;14801723;Biskopsgården, Norra Länsmansgården;S;368;381
2006;rf;14801723;Biskopsgården, Norra Länsmansgården;V;77;73
2006;rf;14801723;Biskopsgården, Norra Länsmansgården;MP;38;35
2006;rf;14801723;Biskopsgården, Norra Länsmansgården;SPVG;46;10
2006;rf;14801723;Biskopsgården, Norra Länsmansgården;SD;52;45
2006;rf;14801723;Biskopsgården, Norra Länsmansgården;PP;11;
2006;rf;14801723;Biskopsgården, Norra Länsmansgården;K;10;4
2006;rf;14801723;Biskopsgården, Norra Länsmansgården;RS;1;
2006;rf;14801723;Biskopsgården, Norra Länsmansgården;ND;0;3
2006;rf;14801723;Biskopsgården, Norra Länsmansgården;SPI;0;4
2006;rf;14801723;Biskopsgården, Norra Länsmansgården;HANDSKRIVNA;3;1
2006;rf;14801723;Biskopsgården, Norra Länsmansgården;BLANK;10;15
2006;rf;14801723;Biskopsgården, Norra Länsmansgården;OG;0;
2006;rf;14801731;Biskopsgården, Stackmolnsgatan m fl;M;125;116
2006;rf;14801731;Biskopsgården, Stackmolnsgatan m fl;C;10;18
2006;rf;14801731;Biskopsgården, Stackmolnsgatan m fl;L;34;45
2006;rf;14801731;Biskopsgården, Stackmolnsgatan m fl;KD;20;40
2006;rf;14801731;Biskopsgården, Stackmolnsgatan m fl;S;529;466
2006;rf;14801731;Biskopsgården, Stackmolnsgatan m fl;V;84;96
2006;rf;14801731;Biskopsgården, Stackmolnsgatan m fl;MP;79;60
2006;rf;14801731;Biskopsgården, Stackmolnsgatan m fl;SPVG;27;16
2006;rf;14801731;Biskopsgården, Stackmolnsgatan m fl;SD;83;57
2006;rf;14801731;Biskopsgården, Stackmolnsgatan m fl;PP;14;
2006;rf;14801731;Biskopsgården, Stackmolnsgatan m fl;K;12;7
2006;rf;14801731;Biskopsgården, Stackmolnsgatan m fl;RS;2;
2006;rf;14801731;Biskopsgården, Stackmolnsgatan m fl;ND;0;1
2006;rf;14801731;Biskopsgården, Stackmolnsgatan m fl;SPI;0;3
2006;rf;14801731;Biskopsgården, Stackmolnsgatan m fl;HANDSKRIVNA;1;1
2006;rf;14801731;Biskopsgården, Stackmolnsgatan m fl;ÖVRIGA_FGVAL;0;1
2006;rf;14801731;Biskopsgården, Stackmolnsgatan m fl;BLANK;12;15
2006;rf;14801731;Biskopsgården, Stackmolnsgatan m fl;OG;0;
2006;rf;14801711;Biskopsgården, Svarte Mosse;M;75;41
2006;rf;14801711;Biskopsgården, Svarte Mosse;C;8;12
2006;rf;14801711;Biskopsgården, Svarte Mosse;L;19;27
2006;rf;14801711;Biskopsgården, Svarte Mosse;KD;26;39
2006;rf;14801711;Biskopsgården, Svarte Mosse;S;522;527
2006;rf;14801711;Biskopsgården, Svarte Mosse;V;116;98
2006;rf;14801711;Biskopsgården, Svarte Mosse;MP;51;41
2006;rf;14801711;Biskopsgården, Svarte Mosse;SPVG;21;10
2006;rf;14801711;Biskopsgården, Svarte Mosse;SD;25;13
2006;rf;14801711;Biskopsgården, Svarte Mosse;K;10;24
2006;rf;14801711;Biskopsgården, Svarte Mosse;PP;7;
2006;rf;14801711;Biskopsgården, Svarte Mosse;RS;7;2
2006;rf;14801711;Biskopsgården, Svarte Mosse;HANDSKRIVNA;1;
2006;rf;14801711;Biskopsgården, Svarte Mosse;BLANK;3;5
2006;rf;14801711;Biskopsgården, Svarte Mosse;OG;0;
2006;rf;14801752;Biskopsgården, Svartedalen;M;106;113
2006;rf;14801752;Biskopsgården, Svartedalen;C;8;17
2006;rf;14801752;Biskopsgården, Svartedalen;L;44;54
2006;rf;14801752;Biskopsgården, Svartedalen;KD;18;43
2006;rf;14801752;Biskopsgården, Svartedalen;S;436;504
2006;rf;14801752;Biskopsgården, Svartedalen;V;95;115
2006;rf;14801752;Biskopsgården, Svartedalen;MP;95;68
2006;rf;14801752;Biskopsgården, Svartedalen;SPVG;46;28
2006;rf;14801752;Biskopsgården, Svartedalen;SD;89;39
2006;rf;14801752;Biskopsgården, Svartedalen;PP;12;
2006;rf;14801752;Biskopsgården, Svartedalen;K;6;12
2006;rf;14801752;Biskopsgården, Svartedalen;RS;3;1
2006;rf;14801752;Biskopsgården, Svartedalen;ND;0;4
2006;rf;14801752;Biskopsgården, Svartedalen;SPI;0;1
2006;rf;14801752;Biskopsgården, Svartedalen;HANDSKRIVNA;3;1
2006;rf;14801752;Biskopsgården, Svartedalen;BLANK;17;27
2006;rf;14801752;Biskopsgården, Svartedalen;OG;0;
2006;rf;14801741;Biskopsgården, Södra Biskopsgården;M;124;99
2006;rf;14801741;Biskopsgården, Södra Biskopsgården;C;13;8
2006;rf;14801741;Biskopsgården, Södra Biskopsgården;L;32;39
2006;rf;14801741;Biskopsgården, Södra Biskopsgården;KD;20;32
2006;rf;14801741;Biskopsgården, Södra Biskopsgården;S;344;358
2006;rf;14801741;Biskopsgården, Södra Biskopsgården;V;72;75
2006;rf;14801741;Biskopsgården, Södra Biskopsgården;MP;58;46
2006;rf;14801741;Biskopsgården, Södra Biskopsgården;SPVG;32;14
2006;rf;14801741;Biskopsgården, Södra Biskopsgården;SD;34;25
2006;rf;14801741;Biskopsgården, Södra Biskopsgården;PP;11;
2006;rf;14801741;Biskopsgården, Södra Biskopsgården;RS;11;
2006;rf;14801741;Biskopsgården, Södra Biskopsgården;K;10;20
2006;rf;14801741;Biskopsgården, Södra Biskopsgården;SPI;0;1
2006;rf;14801741;Biskopsgården, Södra Biskopsgården;HANDSKRIVNA;1;2
2006;rf;14801741;Biskopsgården, Södra Biskopsgården;BLANK;7;12
2006;rf;14801741;Biskopsgården, Södra Biskopsgården;OG;1;
2006;rf;14801721;Biskopsgården, Södra Länsmansgården;M;84;55
2006;rf;14801721;Biskopsgården, Södra Länsmansgården;C;2;4
2006;rf;14801721;Biskopsgården, Södra Länsmansgården;L;8;23
2006;rf;14801721;Biskopsgården, Södra Länsmansgården;KD;10;19
2006;rf;14801721;Biskopsgården, Södra Länsmansgården;S;355;305
2006;rf;14801721;Biskopsgården, Södra Länsmansgården;V;62;65
2006;rf;14801721;Biskopsgården, Södra Länsmansgården;MP;20;27
2006;rf;14801721;Biskopsgården, Södra Länsmansgården;SPVG;15;11
2006;rf;14801721;Biskopsgården, Södra Länsmansgården;SD;45;31
2006;rf;14801721;Biskopsgården, Södra Länsmansgården;PP;14;
2006;rf;14801721;Biskopsgården, Södra Länsmansgården;K;8;20
2006;rf;14801721;Biskopsgården, Södra Länsmansgården;RS;4;2
2006;rf;14801721;Biskopsgården, Södra Länsmansgården;ND;0;1
2006;rf;14801721;Biskopsgården, Södra Länsmansgården;SPI;0;8
2006;rf;14801721;Biskopsgården, Södra Länsmansgården;BLANK;3;7
2006;rf;14801721;Biskopsgården, Södra Länsmansgården;OG;1;
2006;rf;14801743;Biskopsgården, Treröset;M;104;88
2006;rf;14801743;Biskopsgården, Treröset;C;12;10
2006;rf;14801743;Biskopsgården, Treröset;L;29;40
2006;rf;14801743;Biskopsgården, Treröset;KD;7;15
2006;rf;14801743;Biskopsgården, Treröset;S;382;439
2006;rf;14801743;Biskopsgården, Treröset;V;168;135
2006;rf;14801743;Biskopsgården, Treröset;MP;140;118
2006;rf;14801743;Biskopsgården, Treröset;SPVG;31;17
2006;rf;14801743;Biskopsgården, Treröset;SD;51;23
2006;rf;14801743;Biskopsgården, Treröset;K;26;38
2006;rf;14801743;Biskopsgården, Treröset;PP;13;
2006;rf;14801743;Biskopsgården, Treröset;RS;12;3
2006;rf;14801743;Biskopsgården, Treröset;ND;0;2
2006;rf;14801743;Biskopsgården, Treröset;SPI;0;1
2006;rf;14801743;Biskopsgården, Treröset;HANDSKRIVNA;10;5
2006;rf;14801743;Biskopsgården, Treröset;ÖVRIGA_FGVAL;0;1
2006;rf;14801743;Biskopsgården, Treröset;BLANK;9;22
2006;rf;14801743;Biskopsgården, Treröset;OG;0;1
2006;rf;14801744;Biskopsgården, Vårväderstorget;M;121;69
2006;rf;14801744;Biskopsgården, Vårväderstorget;C;20;16
2006;rf;14801744;Biskopsgården, Vårväderstorget;L;42;30
2006;rf;14801744;Biskopsgården, Vårväderstorget;KD;21;33
2006;rf;14801744;Biskopsgården, Vårväderstorget;S;467;479
2006;rf;14801744;Biskopsgården, Vårväderstorget;V;152;129
2006;rf;14801744;Biskopsgården, Vårväderstorget;MP;89;56
2006;rf;14801744;Biskopsgården, Vårväderstorget;SPVG;27;21
2006;rf;14801744;Biskopsgården, Vårväderstorget;SD;60;39
2006;rf;14801744;Biskopsgården, Vårväderstorget;RS;14;
2006;rf;14801744;Biskopsgården, Vårväderstorget;K;11;14
2006;rf;14801744;Biskopsgården, Vårväderstorget;PP;11;
2006;rf;14801744;Biskopsgården, Vårväderstorget;SPI;0;2
2006;rf;14801744;Biskopsgården, Vårväderstorget;HANDSKRIVNA;4;1
2006;rf;14801744;Biskopsgården, Vårväderstorget;ÖVRIGA_FGVAL;0;1
2006;rf;14801744;Biskopsgården, Vårväderstorget;BLANK;8;22
2006;rf;14801744;Biskopsgården, Vårväderstorget;OG;0;
2006;rf;14801742;Biskopsgården, Väderlekstorget;M;71;66
2006;rf;14801742;Biskopsgården, Väderlekstorget;C;9;16
2006;rf;14801742;Biskopsgården, Väderlekstorget;L;22;33
2006;rf;14801742;Biskopsgården, Väderlekstorget;KD;10;29
2006;rf;14801742;Biskopsgården, Väderlekstorget;S;189;241
2006;rf;14801742;Biskopsgården, Väderlekstorget;V;146;126
2006;rf;14801742;Biskopsgården, Väderlekstorget;MP;85;78
2006;rf;14801742;Biskopsgården, Väderlekstorget;SPVG;20;13
2006;rf;14801742;Biskopsgården, Väderlekstorget;SD;28;12
2006;rf;14801742;Biskopsgården, Väderlekstorget;K;19;13
2006;rf;14801742;Biskopsgården, Väderlekstorget;PP;17;
2006;rf;14801742;Biskopsgården, Väderlekstorget;RS;6;2
2006;rf;14801742;Biskopsgården, Väderlekstorget;ND;0;1
2006;rf;14801742;Biskopsgården, Väderlekstorget;HANDSKRIVNA;5;4
2006;rf;14801742;Biskopsgården, Väderlekstorget;BLANK;5;18
2006;rf;14801742;Biskopsgården, Väderlekstorget;OG;0;1
2006;rf;14802112;Kärra-Rödbo, Gerrebacka-Ingebäck;M;380;240
2006;rf;14802112;Kärra-Rödbo, Gerrebacka-Ingebäck;C;20;26
2006;rf;14802112;Kärra-Rödbo, Gerrebacka-Ingebäck;L;86;71
2006;rf;14802112;Kärra-Rödbo, Gerrebacka-Ingebäck;KD;36;40
2006;rf;14802112;Kärra-Rödbo, Gerrebacka-Ingebäck;S;348;382
2006;rf;14802112;Kärra-Rödbo, Gerrebacka-Ingebäck;V;51;42
2006;rf;14802112;Kärra-Rödbo, Gerrebacka-Ingebäck;MP;52;27
2006;rf;14802112;Kärra-Rödbo, Gerrebacka-Ingebäck;SPVG;60;20
2006;rf;14802112;Kärra-Rödbo, Gerrebacka-Ingebäck;SD;71;50
2006;rf;14802112;Kärra-Rödbo, Gerrebacka-Ingebäck;PP;6;
2006;rf;14802112;Kärra-Rödbo, Gerrebacka-Ingebäck;K;3;1
2006;rf;14802112;Kärra-Rödbo, Gerrebacka-Ingebäck;RS;1;
2006;rf;14802112;Kärra-Rödbo, Gerrebacka-Ingebäck;ND;0;2
2006;rf;14802112;Kärra-Rödbo, Gerrebacka-Ingebäck;SPI;0;1
2006;rf;14802112;Kärra-Rödbo, Gerrebacka-Ingebäck;HANDSKRIVNA;1;5
2006;rf;14802112;Kärra-Rödbo, Gerrebacka-Ingebäck;BLANK;11;28
2006;rf;14802112;Kärra-Rödbo, Gerrebacka-Ingebäck;OG;0;2
2006;rf;14802111;Kärra-Rödbo, Mysterna-Svankällan;M;403;290
2006;rf;14802111;Kärra-Rödbo, Mysterna-Svankällan;C;19;34
2006;rf;14802111;Kärra-Rödbo, Mysterna-Svankällan;L;95;89
2006;rf;14802111;Kärra-Rödbo, Mysterna-Svankällan;KD;52;72
2006;rf;14802111;Kärra-Rödbo, Mysterna-Svankällan;S;319;393
2006;rf;14802111;Kärra-Rödbo, Mysterna-Svankällan;V;49;49
2006;rf;14802111;Kärra-Rödbo, Mysterna-Svankällan;MP;58;51
2006;rf;14802111;Kärra-Rödbo, Mysterna-Svankällan;SPVG;58;24
2006;rf;14802111;Kärra-Rödbo, Mysterna-Svankällan;SD;63;38
2006;rf;14802111;Kärra-Rödbo, Mysterna-Svankällan;PP;5;
2006;rf;14802111;Kärra-Rödbo, Mysterna-Svankällan;RS;2;
2006;rf;14802111;Kärra-Rödbo, Mysterna-Svankällan;K;0;4
2006;rf;14802111;Kärra-Rödbo, Mysterna-Svankällan;SPI;0;4
2006;rf;14802111;Kärra-Rödbo, Mysterna-Svankällan;HANDSKRIVNA;0;1
2006;rf;14802111;Kärra-Rödbo, Mysterna-Svankällan;ÖVRIGA_FGVAL;0;1
2006;rf;14802111;Kärra-Rödbo, Mysterna-Svankällan;BLANK;16;27
2006;rf;14802111;Kärra-Rödbo, Mysterna-Svankällan;OG;0;
2006;rf;14802114;Kärra-Rödbo, Norra Kärra;M;167;121
2006;rf;14802114;Kärra-Rödbo, Norra Kärra;C;17;23
2006;rf;14802114;Kärra-Rödbo, Norra Kärra;L;56;62
2006;rf;14802114;Kärra-Rödbo, Norra Kärra;KD;45;50
2006;rf;14802114;Kärra-Rödbo, Norra Kärra;S;394;455
2006;rf;14802114;Kärra-Rödbo, Norra Kärra;V;60;72
2006;rf;14802114;Kärra-Rödbo, Norra Kärra;MP;53;32
2006;rf;14802114;Kärra-Rödbo, Norra Kärra;SPVG;51;16
2006;rf;14802114;Kärra-Rödbo, Norra Kärra;SD;58;28
2006;rf;14802114;Kärra-Rödbo, Norra Kärra;K;4;5
2006;rf;14802114;Kärra-Rödbo, Norra Kärra;PP;4;
2006;rf;14802114;Kärra-Rödbo, Norra Kärra;RS;2;
2006;rf;14802114;Kärra-Rödbo, Norra Kärra;SPI;0;4
2006;rf;14802114;Kärra-Rödbo, Norra Kärra;HANDSKRIVNA;0;1
2006;rf;14802114;Kärra-Rödbo, Norra Kärra;ÖVRIGA_FGVAL;0;1
2006;rf;14802114;Kärra-Rödbo, Norra Kärra;BLANK;11;12
2006;rf;14802114;Kärra-Rödbo, Norra Kärra;OG;0;
2006;rf;14802121;Kärra-Rödbo, Rödbo;M;185;138
2006;rf;14802121;Kärra-Rödbo, Rödbo;C;32;40
2006;rf;14802121;Kärra-Rödbo, Rödbo;L;29;43
2006;rf;14802121;Kärra-Rödbo, Rödbo;KD;19;34
2006;rf;14802121;Kärra-Rödbo, Rödbo;S;122;149
2006;rf;14802121;Kärra-Rödbo, Rödbo;V;20;28
2006;rf;14802121;Kärra-Rödbo, Rödbo;MP;29;31
2006;rf;14802121;Kärra-Rödbo, Rödbo;SPVG;42;7
2006;rf;14802121;Kärra-Rödbo, Rödbo;SD;40;28
2006;rf;14802121;Kärra-Rödbo, Rödbo;K;1;2
2006;rf;14802121;Kärra-Rödbo, Rödbo;PP;1;
2006;rf;14802121;Kärra-Rödbo, Rödbo;SPI;0;1
2006;rf;14802121;Kärra-Rödbo, Rödbo;HANDSKRIVNA;0;1
2006;rf;14802121;Kärra-Rödbo, Rödbo;BLANK;4;9
2006;rf;14802121;Kärra-Rödbo, Rödbo;OG;0;
2006;rf;14802116;Kärra-Rödbo, Södra Kärra;M;250;207
2006;rf;14802116;Kärra-Rödbo, Södra Kärra;C;19;22
2006;rf;14802116;Kärra-Rödbo, Södra Kärra;L;60;88
2006;rf;14802116;Kärra-Rödbo, Södra Kärra;KD;42;35
2006;rf;14802116;Kärra-Rödbo, Södra Kärra;S;403;448
2006;rf;14802116;Kärra-Rödbo, Södra Kärra;V;48;78
2006;rf;14802116;Kärra-Rödbo, Södra Kärra;MP;54;39
2006;rf;14802116;Kärra-Rödbo, Södra Kärra;SPVG;57;13
2006;rf;14802116;Kärra-Rödbo, Södra Kärra;SD;84;45
2006;rf;14802116;Kärra-Rödbo, Södra Kärra;PP;8;
2006;rf;14802116;Kärra-Rödbo, Södra Kärra;K;2;4
2006;rf;14802116;Kärra-Rödbo, Södra Kärra;RS;1;1
2006;rf;14802116;Kärra-Rödbo, Södra Kärra;ND;0;2
2006;rf;14802116;Kärra-Rödbo, Södra Kärra;SPI;0;1
2006;rf;14802116;Kärra-Rödbo, Södra Kärra;HANDSKRIVNA;2;
2006;rf;14802116;Kärra-Rödbo, Södra Kärra;ÖVRIGA_FGVAL;0;2
2006;rf;14802116;Kärra-Rödbo, Södra Kärra;BLANK;12;24
2006;rf;14802116;Kärra-Rödbo, Södra Kärra;OG;0;1
2006;rf;14802113;Kärra-Rödbo, Västra Kärra;M;195;168
2006;rf;14802113;Kärra-Rödbo, Västra Kärra;C;20;25
2006;rf;14802113;Kärra-Rödbo, Västra Kärra;L;52;71
2006;rf;14802113;Kärra-Rödbo, Västra Kärra;KD;40;50
2006;rf;14802113;Kärra-Rödbo, Västra Kärra;S;401;413
2006;rf;14802113;Kärra-Rödbo, Västra Kärra;V;56;69
2006;rf;14802113;Kärra-Rödbo, Västra Kärra;MP;44;30
2006;rf;14802113;Kärra-Rödbo, Västra Kärra;SPVG;49;36
2006;rf;14802113;Kärra-Rödbo, Västra Kärra;SD;80;46
2006;rf;14802113;Kärra-Rödbo, Västra Kärra;PP;9;
2006;rf;14802113;Kärra-Rödbo, Västra Kärra;K;3;4
2006;rf;14802113;Kärra-Rödbo, Västra Kärra;RS;1;
2006;rf;14802113;Kärra-Rödbo, Västra Kärra;ND;0;1
2006;rf;14802113;Kärra-Rödbo, Västra Kärra;SPI;0;3
2006;rf;14802113;Kärra-Rödbo, Västra Kärra;HANDSKRIVNA;1;
2006;rf;14802113;Kärra-Rödbo, Västra Kärra;BLANK;15;24
2006;rf;14802113;Kärra-Rödbo, Västra Kärra;OG;0;
2006;rf;14802115;Kärra-Rödbo, Östra Kärra;M;196;149
2006;rf;14802115;Kärra-Rödbo, Östra Kärra;C;14;23
2006;rf;14802115;Kärra-Rödbo, Östra Kärra;L;63;74
2006;rf;14802115;Kärra-Rödbo, Östra Kärra;KD;24;51
2006;rf;14802115;Kärra-Rödbo, Östra Kärra;S;455;516
2006;rf;14802115;Kärra-Rödbo, Östra Kärra;V;55;61
2006;rf;14802115;Kärra-Rödbo, Östra Kärra;MP;47;29
2006;rf;14802115;Kärra-Rödbo, Östra Kärra;SPVG;57;16
2006;rf;14802115;Kärra-Rödbo, Östra Kärra;SD;63;35
2006;rf;14802115;Kärra-Rödbo, Östra Kärra;PP;4;
2006;rf;14802115;Kärra-Rödbo, Östra Kärra;K;1;4
2006;rf;14802115;Kärra-Rödbo, Östra Kärra;RS;1;
2006;rf;14802115;Kärra-Rödbo, Östra Kärra;SPI;0;1
2006;rf;14802115;Kärra-Rödbo, Östra Kärra;HANDSKRIVNA;0;2
2006;rf;14802115;Kärra-Rödbo, Östra Kärra;ÖVRIGA_FGVAL;0;1
2006;rf;14802115;Kärra-Rödbo, Östra Kärra;BLANK;14;18
2006;rf;14802115;Kärra-Rödbo, Östra Kärra;OG;3;
2006;rf;14801822;Lundby, Bjurslätt;M;191;156
2006;rf;14801822;Lundby, Bjurslätt;C;15;23
2006;rf;14801822;Lundby, Bjurslätt;L;51;70
2006;rf;14801822;Lundby, Bjurslätt;KD;26;53
2006;rf;14801822;Lundby, Bjurslätt;S;435;398
2006;rf;14801822;Lundby, Bjurslätt;V;101;119
2006;rf;14801822;Lundby, Bjurslätt;MP;114;81
2006;rf;14801822;Lundby, Bjurslätt;SPVG;29;24
2006;rf;14801822;Lundby, Bjurslätt;SD;54;29
2006;rf;14801822;Lundby, Bjurslätt;PP;10;
2006;rf;14801822;Lundby, Bjurslätt;K;9;19
2006;rf;14801822;Lundby, Bjurslätt;RS;3;
2006;rf;14801822;Lundby, Bjurslätt;ND;0;1
2006;rf;14801822;Lundby, Bjurslätt;SPI;0;1
2006;rf;14801822;Lundby, Bjurslätt;HANDSKRIVNA;5;
2006;rf;14801822;Lundby, Bjurslätt;BLANK;6;14
2006;rf;14801822;Lundby, Bjurslätt;OG;0;1
2006;rf;14801821;Lundby, Flunsås;M;178;161
2006;rf;14801821;Lundby, Flunsås;C;33;21
2006;rf;14801821;Lundby, Flunsås;L;66;81
2006;rf;14801821;Lundby, Flunsås;KD;31;45
2006;rf;14801821;Lundby, Flunsås;S;308;352
2006;rf;14801821;Lundby, Flunsås;V;121;96
2006;rf;14801821;Lundby, Flunsås;MP;129;90
2006;rf;14801821;Lundby, Flunsås;SPVG;53;29
2006;rf;14801821;Lundby, Flunsås;SD;55;30
2006;rf;14801821;Lundby, Flunsås;PP;10;
2006;rf;14801821;Lundby, Flunsås;K;5;4
2006;rf;14801821;Lundby, Flunsås;RS;2;2
2006;rf;14801821;Lundby, Flunsås;ND;0;1
2006;rf;14801821;Lundby, Flunsås;SPI;0;2
2006;rf;14801821;Lundby, Flunsås;HANDSKRIVNA;3;2
2006;rf;14801821;Lundby, Flunsås;ÖVRIGA_FGVAL;0;1
2006;rf;14801821;Lundby, Flunsås;BLANK;24;18
2006;rf;14801821;Lundby, Flunsås;OG;2;
2006;rf;14801831;Lundby, Hilldedal;M;273;178
2006;rf;14801831;Lundby, Hilldedal;C;18;19
2006;rf;14801831;Lundby, Hilldedal;L;80;79
2006;rf;14801831;Lundby, Hilldedal;KD;51;61
2006;rf;14801831;Lundby, Hilldedal;S;368;337
2006;rf;14801831;Lundby, Hilldedal;V;104;96
2006;rf;14801831;Lundby, Hilldedal;MP;89;57
2006;rf;14801831;Lundby, Hilldedal;SPVG;91;17
2006;rf;14801831;Lundby, Hilldedal;SD;67;33
2006;rf;14801831;Lundby, Hilldedal;PP;7;
2006;rf;14801831;Lundby, Hilldedal;K;6;11
2006;rf;14801831;Lundby, Hilldedal;RS;3;
2006;rf;14801831;Lundby, Hilldedal;SPI;0;2
2006;rf;14801831;Lundby, Hilldedal;HANDSKRIVNA;3;
2006;rf;14801831;Lundby, Hilldedal;ÖVRIGA_FGVAL;0;1
2006;rf;14801831;Lundby, Hilldedal;BLANK;15;25
2006;rf;14801831;Lundby, Hilldedal;OG;0;
2006;rf;14801854;Lundby, Kyrkbyn;M;123;92
2006;rf;14801854;Lundby, Kyrkbyn;C;16;25
2006;rf;14801854;Lundby, Kyrkbyn;L;38;38
2006;rf;14801854;Lundby, Kyrkbyn;KD;20;27
2006;rf;14801854;Lundby, Kyrkbyn;S;333;365
2006;rf;14801854;Lundby, Kyrkbyn;V;95;106
2006;rf;14801854;Lundby, Kyrkbyn;MP;81;65
2006;rf;14801854;Lundby, Kyrkbyn;SPVG;32;21
2006;rf;14801854;Lundby, Kyrkbyn;SD;67;47
2006;rf;14801854;Lundby, Kyrkbyn;K;12;7
2006;rf;14801854;Lundby, Kyrkbyn;PP;7;
2006;rf;14801854;Lundby, Kyrkbyn;RS;1;
2006;rf;14801854;Lundby, Kyrkbyn;SPI;0;6
2006;rf;14801854;Lundby, Kyrkbyn;ÖVRIGA_FGVAL;0;1
2006;rf;14801854;Lundby, Kyrkbyn;BLANK;14;19
2006;rf;14801854;Lundby, Kyrkbyn;OG;0;
2006;rf;14801843;Lundby, Kärrdalen;M;388;330
2006;rf;14801843;Lundby, Kärrdalen;C;25;43
2006;rf;14801843;Lundby, Kärrdalen;L;109;124
2006;rf;14801843;Lundby, Kärrdalen;KD;50;69
2006;rf;14801843;Lundby, Kärrdalen;S;261;304
2006;rf;14801843;Lundby, Kärrdalen;V;46;56
2006;rf;14801843;Lundby, Kärrdalen;MP;74;41
2006;rf;14801843;Lundby, Kärrdalen;SPVG;111;17
2006;rf;14801843;Lundby, Kärrdalen;SD;56;50
2006;rf;14801843;Lundby, Kärrdalen;PP;8;
2006;rf;14801843;Lundby, Kärrdalen;K;1;
2006;rf;14801843;Lundby, Kärrdalen;RS;1;
2006;rf;14801843;Lundby, Kärrdalen;ND;0;2
2006;rf;14801843;Lundby, Kärrdalen;SPI;0;2
2006;rf;14801843;Lundby, Kärrdalen;HANDSKRIVNA;1;1
2006;rf;14801843;Lundby, Kärrdalen;ÖVRIGA_FGVAL;0;1
2006;rf;14801843;Lundby, Kärrdalen;BLANK;9;18
2006;rf;14801843;Lundby, Kärrdalen;OG;0;1
2006;rf;14801811;Lundby, Lindholmen;M;532;
2006;rf;14801811;Lundby, Lindholmen;C;74;
2006;rf;14801811;Lundby, Lindholmen;L;173;
2006;rf;14801811;Lundby, Lindholmen;KD;62;
2006;rf;14801811;Lundby, Lindholmen;S;360;
2006;rf;14801811;Lundby, Lindholmen;V;170;
2006;rf;14801811;Lundby, Lindholmen;MP;238;
2006;rf;14801811;Lundby, Lindholmen;SPVG;60;
2006;rf;14801811;Lundby, Lindholmen;SD;38;
2006;rf;14801811;Lundby, Lindholmen;PP;9;
2006;rf;14801811;Lundby, Lindholmen;K;6;
2006;rf;14801811;Lundby, Lindholmen;RS;2;
2006;rf;14801811;Lundby, Lindholmen;SPI;0;
2006;rf;14801811;Lundby, Lindholmen;HANDSKRIVNA;5;
2006;rf;14801811;Lundby, Lindholmen;ÖVRIGA_FGVAL;0;
2006;rf;14801811;Lundby, Lindholmen;BLANK;34;
2006;rf;14801811;Lundby, Lindholmen;OG;1;
2006;rf;14801816;Lundby, Lundbyvassen;M;94;
2006;rf;14801816;Lundby, Lundbyvassen;C;14;
2006;rf;14801816;Lundby, Lundbyvassen;L;25;
2006;rf;14801816;Lundby, Lundbyvassen;KD;11;
2006;rf;14801816;Lundby, Lundbyvassen;S;159;
2006;rf;14801816;Lundby, Lundbyvassen;V;58;
2006;rf;14801816;Lundby, Lundbyvassen;MP;64;
2006;rf;14801816;Lundby, Lundbyvassen;SPVG;16;
2006;rf;14801816;Lundby, Lundbyvassen;SD;23;
2006;rf;14801816;Lundby, Lundbyvassen;K;5;
2006;rf;14801816;Lundby, Lundbyvassen;PP;5;
2006;rf;14801816;Lundby, Lundbyvassen;ND;0;
2006;rf;14801816;Lundby, Lundbyvassen;HANDSKRIVNA;5;
2006;rf;14801816;Lundby, Lundbyvassen;BLANK;12;
2006;rf;14801816;Lundby, Lundbyvassen;OG;4;
2006;rf;14801853;Lundby, Norra Bräcke;M;207;178
2006;rf;14801853;Lundby, Norra Bräcke;C;28;19
2006;rf;14801853;Lundby, Norra Bräcke;L;66;71
2006;rf;14801853;Lundby, Norra Bräcke;KD;48;57
2006;rf;14801853;Lundby, Norra Bräcke;S;328;396
2006;rf;14801853;Lundby, Norra Bräcke;V;93;93
2006;rf;14801853;Lundby, Norra Bräcke;MP;100;47
2006;rf;14801853;Lundby, Norra Bräcke;SPVG;50;12
2006;rf;14801853;Lundby, Norra Bräcke;SD;87;42
2006;rf;14801853;Lundby, Norra Bräcke;PP;15;
2006;rf;14801853;Lundby, Norra Bräcke;K;3;1
2006;rf;14801853;Lundby, Norra Bräcke;RS;2;
2006;rf;14801853;Lundby, Norra Bräcke;SPI;0;4
2006;rf;14801853;Lundby, Norra Bräcke;HANDSKRIVNA;1;4
2006;rf;14801853;Lundby, Norra Bräcke;BLANK;21;17
2006;rf;14801853;Lundby, Norra Bräcke;OG;0;
2006;rf;14801823;Lundby, Norra Kvillebäcken;M;180;174
2006;rf;14801823;Lundby, Norra Kvillebäcken;C;17;29
2006;rf;14801823;Lundby, Norra Kvillebäcken;L;68;68
2006;rf;14801823;Lundby, Norra Kvillebäcken;KD;31;48
2006;rf;14801823;Lundby, Norra Kvillebäcken;S;328;338
2006;rf;14801823;Lundby, Norra Kvillebäcken;V;117;95
2006;rf;14801823;Lundby, Norra Kvillebäcken;MP;111;60
2006;rf;14801823;Lundby, Norra Kvillebäcken;SPVG;54;29
2006;rf;14801823;Lundby, Norra Kvillebäcken;SD;77;46
2006;rf;14801823;Lundby, Norra Kvillebäcken;K;11;13
2006;rf;14801823;Lundby, Norra Kvillebäcken;PP;9;
2006;rf;14801823;Lundby, Norra Kvillebäcken;RS;9;
2006;rf;14801823;Lundby, Norra Kvillebäcken;SPI;0;1
2006;rf;14801823;Lundby, Norra Kvillebäcken;HANDSKRIVNA;3;2
2006;rf;14801823;Lundby, Norra Kvillebäcken;ÖVRIGA_FGVAL;0;1
2006;rf;14801823;Lundby, Norra Kvillebäcken;BLANK;18;34
2006;rf;14801823;Lundby, Norra Kvillebäcken;OG;0;
2006;rf;14801855;Lundby, Norra Lundby;M;147;122
2006;rf;14801855;Lundby, Norra Lundby;C;15;32
2006;rf;14801855;Lundby, Norra Lundby;L;38;62
2006;rf;14801855;Lundby, Norra Lundby;KD;24;31
2006;rf;14801855;Lundby, Norra Lundby;S;213;261
2006;rf;14801855;Lundby, Norra Lundby;V;63;67
2006;rf;14801855;Lundby, Norra Lundby;MP;70;67
2006;rf;14801855;Lundby, Norra Lundby;SPVG;34;18
2006;rf;14801855;Lundby, Norra Lundby;SD;44;30
2006;rf;14801855;Lundby, Norra Lundby;PP;14;
2006;rf;14801855;Lundby, Norra Lundby;K;1;5
2006;rf;14801855;Lundby, Norra Lundby;RS;1;
2006;rf;14801855;Lundby, Norra Lundby;ND;0;2
2006;rf;14801855;Lundby, Norra Lundby;SPI;0;1
2006;rf;14801855;Lundby, Norra Lundby;HANDSKRIVNA;3;1
2006;rf;14801855;Lundby, Norra Lundby;BLANK;16;21
2006;rf;14801855;Lundby, Norra Lundby;OG;0;
2006;rf;14801842;Lundby, Norra Tolered;M;312;251
2006;rf;14801842;Lundby, Norra Tolered;C;32;27
2006;rf;14801842;Lundby, Norra Tolered;L;73;100
2006;rf;14801842;Lundby, Norra Tolered;KD;47;75
2006;rf;14801842;Lundby, Norra Tolered;S;237;261
2006;rf;14801842;Lundby, Norra Tolered;V;57;60
2006;rf;14801842;Lundby, Norra Tolered;MP;61;44
2006;rf;14801842;Lundby, Norra Tolered;SPVG;50;10
2006;rf;14801842;Lundby, Norra Tolered;SD;20;16
2006;rf;14801842;Lundby, Norra Tolered;PP;8;
2006;rf;14801842;Lundby, Norra Tolered;K;3;6
2006;rf;14801842;Lundby, Norra Tolered;RS;2;
2006;rf;14801842;Lundby, Norra Tolered;ND;0;1
2006;rf;14801842;Lundby, Norra Tolered;HANDSKRIVNA;0;1
2006;rf;14801842;Lundby, Norra Tolered;BLANK;13;10
2006;rf;14801842;Lundby, Norra Tolered;OG;0;
2006;rf;14801858;Lundby, Sannegården;M;446;
2006;rf;14801858;Lundby, Sannegården;C;35;
2006;rf;14801858;Lundby, Sannegården;L;114;
2006;rf;14801858;Lundby, Sannegården;KD;37;
2006;rf;14801858;Lundby, Sannegården;S;231;
2006;rf;14801858;Lundby, Sannegården;V;44;
2006;rf;14801858;Lundby, Sannegården;MP;91;
2006;rf;14801858;Lundby, Sannegården;SPVG;30;
2006;rf;14801858;Lundby, Sannegården;SD;24;
2006;rf;14801858;Lundby, Sannegården;K;4;
2006;rf;14801858;Lundby, Sannegården;SPI;0;
2006;rf;14801858;Lundby, Sannegården;HANDSKRIVNA;1;
2006;rf;14801858;Lundby, Sannegården;BLANK;9;
2006;rf;14801858;Lundby, Sannegården;OG;0;
2006;rf;14801832;Lundby, Slätta Damm;M;192;138
2006;rf;14801832;Lundby, Slätta Damm;C;24;31
2006;rf;14801832;Lundby, Slätta Damm;L;60;77
2006;rf;14801832;Lundby, Slätta Damm;KD;35;47
2006;rf;14801832;Lundby, Slätta Damm;S;360;385
2006;rf;14801832;Lundby, Slätta Damm;V;92;106
2006;rf;14801832;Lundby, Slätta Damm;MP;84;73
2006;rf;14801832;Lundby, Slätta Damm;SPVG;72;43
2006;rf;14801832;Lundby, Slätta Damm;SD;73;64
2006;rf;14801832;Lundby, Slätta Damm;K;7;8
2006;rf;14801832;Lundby, Slätta Damm;PP;5;
2006;rf;14801832;Lundby, Slätta Damm;RS;2;1
2006;rf;14801832;Lundby, Slätta Damm;ND;0;1
2006;rf;14801832;Lundby, Slätta Damm;SPI;0;5
2006;rf;14801832;Lundby, Slätta Damm;HANDSKRIVNA;1;
2006;rf;14801832;Lundby, Slätta Damm;ÖVRIGA_FGVAL;0;1
2006;rf;14801832;Lundby, Slätta Damm;BLANK;14;17
2006;rf;14801832;Lundby, Slätta Damm;OG;1;1
2006;rf;14801852;Lundby, Södra Bräcke;M;159;125
2006;rf;14801852;Lundby, Södra Bräcke;C;10;31
2006;rf;14801852;Lundby, Södra Bräcke;L;50;62
2006;rf;14801852;Lundby, Södra Bräcke;KD;36;40
2006;rf;14801852;Lundby, Södra Bräcke;S;257;272
2006;rf;14801852;Lundby, Södra Bräcke;V;86;103
2006;rf;14801852;Lundby, Södra Bräcke;MP;97;68
2006;rf;14801852;Lundby, Södra Bräcke;SPVG;61;16
2006;rf;14801852;Lundby, Södra Bräcke;SD;71;44
2006;rf;14801852;Lundby, Södra Bräcke;PP;12;
2006;rf;14801852;Lundby, Södra Bräcke;K;6;9
2006;rf;14801852;Lundby, Södra Bräcke;SPI;0;8
2006;rf;14801852;Lundby, Södra Bräcke;HANDSKRIVNA;4;
2006;rf;14801852;Lundby, Södra Bräcke;BLANK;12;28
2006;rf;14801852;Lundby, Södra Bräcke;OG;0;
2006;rf;14801825;Lundby, Södra Kvillebäcken;M;132;141
2006;rf;14801825;Lundby, Södra Kvillebäcken;C;26;36
2006;rf;14801825;Lundby, Södra Kvillebäcken;L;57;68
2006;rf;14801825;Lundby, Södra Kvillebäcken;KD;20;31
2006;rf;14801825;Lundby, Södra Kvillebäcken;S;286;296
2006;rf;14801825;Lundby, Södra Kvillebäcken;V;158;141
2006;rf;14801825;Lundby, Södra Kvillebäcken;MP;161;87
2006;rf;14801825;Lundby, Södra Kvillebäcken;SPVG;32;32
2006;rf;14801825;Lundby, Södra Kvillebäcken;SD;60;30
2006;rf;14801825;Lundby, Södra Kvillebäcken;K;17;16
2006;rf;14801825;Lundby, Södra Kvillebäcken;PP;10;
2006;rf;14801825;Lundby, Södra Kvillebäcken;RS;4;3
2006;rf;14801825;Lundby, Södra Kvillebäcken;ND;0;1
2006;rf;14801825;Lundby, Södra Kvillebäcken;SPI;0;2
2006;rf;14801825;Lundby, Södra Kvillebäcken;HANDSKRIVNA;3;3
2006;rf;14801825;Lundby, Södra Kvillebäcken;BLANK;20;40
2006;rf;14801825;Lundby, Södra Kvillebäcken;OG;0;
2006;rf;14801856;Lundby, Södra Lundby;M;134;139
2006;rf;14801856;Lundby, Södra Lundby;C;25;28
2006;rf;14801856;Lundby, Södra Lundby;L;57;58
2006;rf;14801856;Lundby, Södra Lundby;KD;28;36
2006;rf;14801856;Lundby, Södra Lundby;S;240;239
2006;rf;14801856;Lundby, Södra Lundby;V;95;84
2006;rf;14801856;Lundby, Södra Lundby;MP;107;63
2006;rf;14801856;Lundby, Södra Lundby;SPVG;22;12
2006;rf;14801856;Lundby, Södra Lundby;SD;44;24
2006;rf;14801856;Lundby, Södra Lundby;PP;9;
2006;rf;14801856;Lundby, Södra Lundby;K;5;5
2006;rf;14801856;Lundby, Södra Lundby;ND;0;1
2006;rf;14801856;Lundby, Södra Lundby;RS;0;1
2006;rf;14801856;Lundby, Södra Lundby;SPI;0;3
2006;rf;14801856;Lundby, Södra Lundby;HANDSKRIVNA;2;2
2006;rf;14801856;Lundby, Södra Lundby;BLANK;13;23
2006;rf;14801856;Lundby, Södra Lundby;OG;1;
2006;rf;14801841;Lundby, Södra Tolered;M;241;194
2006;rf;14801841;Lundby, Södra Tolered;C;30;25
2006;rf;14801841;Lundby, Södra Tolered;L;99;94
2006;rf;14801841;Lundby, Södra Tolered;KD;29;43
2006;rf;14801841;Lundby, Södra Tolered;S;280;360
2006;rf;14801841;Lundby, Södra Tolered;V;57;63
2006;rf;14801841;Lundby, Södra Tolered;MP;75;41
2006;rf;14801841;Lundby, Södra Tolered;SPVG;63;13
2006;rf;14801841;Lundby, Södra Tolered;SD;37;23
2006;rf;14801841;Lundby, Södra Tolered;PP;12;
2006;rf;14801841;Lundby, Södra Tolered;K;2;6
2006;rf;14801841;Lundby, Södra Tolered;SPI;0;1
2006;rf;14801841;Lundby, Södra Tolered;HANDSKRIVNA;0;1
2006;rf;14801841;Lundby, Södra Tolered;BLANK;16;23
2006;rf;14801841;Lundby, Södra Tolered;OG;0;1
2006;rf;14801814;Lundby, Västra Brämaregården;M;204;180
2006;rf;14801814;Lundby, Västra Brämaregården;C;24;31
2006;rf;14801814;Lundby, Västra Brämaregården;L;71;95
2006;rf;14801814;Lundby, Västra Brämaregården;KD;28;70
2006;rf;14801814;Lundby, Västra Brämaregården;S;369;385
2006;rf;14801814;Lundby, Västra Brämaregården;V;132;115
2006;rf;14801814;Lundby, Västra Brämaregården;MP;137;101
2006;rf;14801814;Lundby, Västra Brämaregården;SPVG;40;24
2006;rf;14801814;Lundby, Västra Brämaregården;SD;71;42
2006;rf;14801814;Lundby, Västra Brämaregården;K;14;16
2006;rf;14801814;Lundby, Västra Brämaregården;PP;11;
2006;rf;14801814;Lundby, Västra Brämaregården;RS;3;1
2006;rf;14801814;Lundby, Västra Brämaregården;ND;0;1
2006;rf;14801814;Lundby, Västra Brämaregården;SPI;0;4
2006;rf;14801814;Lundby, Västra Brämaregården;HANDSKRIVNA;6;1
2006;rf;14801814;Lundby, Västra Brämaregården;ÖVRIGA_FGVAL;0;3
2006;rf;14801814;Lundby, Västra Brämaregården;BLANK;13;29
2006;rf;14801814;Lundby, Västra Brämaregården;OG;0;1
2006;rf;14801851;Lundby, Västra Eriksberg;M;645;
2006;rf;14801851;Lundby, Västra Eriksberg;C;47;
2006;rf;14801851;Lundby, Västra Eriksberg;L;221;
2006;rf;14801851;Lundby, Västra Eriksberg;KD;56;
2006;rf;14801851;Lundby, Västra Eriksberg;S;344;
2006;rf;14801851;Lundby, Västra Eriksberg;V;65;
2006;rf;14801851;Lundby, Västra Eriksberg;MP;133;
2006;rf;14801851;Lundby, Västra Eriksberg;SPVG;57;
2006;rf;14801851;Lundby, Västra Eriksberg;SD;56;
2006;rf;14801851;Lundby, Västra Eriksberg;PP;5;
2006;rf;14801851;Lundby, Västra Eriksberg;K;4;
2006;rf;14801851;Lundby, Västra Eriksberg;ND;0;
2006;rf;14801851;Lundby, Västra Eriksberg;SPI;0;
2006;rf;14801851;Lundby, Västra Eriksberg;HANDSKRIVNA;5;
2006;rf;14801851;Lundby, Västra Eriksberg;BLANK;24;
2006;rf;14801851;Lundby, Västra Eriksberg;OG;0;
2006;rf;14801812;Lundby, Västra Rambergsstaden;M;159;146
2006;rf;14801812;Lundby, Västra Rambergsstaden;C;22;30
2006;rf;14801812;Lundby, Västra Rambergsstaden;L;64;89
2006;rf;14801812;Lundby, Västra Rambergsstaden;KD;23;33
2006;rf;14801812;Lundby, Västra Rambergsstaden;S;396;406
2006;rf;14801812;Lundby, Västra Rambergsstaden;V;169;114
2006;rf;14801812;Lundby, Västra Rambergsstaden;MP;159;91
2006;rf;14801812;Lundby, Västra Rambergsstaden;SPVG;45;27
2006;rf;14801812;Lundby, Västra Rambergsstaden;SD;80;35
2006;rf;14801812;Lundby, Västra Rambergsstaden;PP;21;
2006;rf;14801812;Lundby, Västra Rambergsstaden;K;15;25
2006;rf;14801812;Lundby, Västra Rambergsstaden;RS;7;2
2006;rf;14801812;Lundby, Västra Rambergsstaden;ND;0;1
2006;rf;14801812;Lundby, Västra Rambergsstaden;SPI;0;1
2006;rf;14801812;Lundby, Västra Rambergsstaden;HANDSKRIVNA;4;5
2006;rf;14801812;Lundby, Västra Rambergsstaden;ÖVRIGA_FGVAL;0;2
2006;rf;14801812;Lundby, Västra Rambergsstaden;BLANK;9;26
2006;rf;14801812;Lundby, Västra Rambergsstaden;OG;1;3
2006;rf;14801824;Lundby, Wieselgrensplatsen;M;121;101
2006;rf;14801824;Lundby, Wieselgrensplatsen;C;17;19
2006;rf;14801824;Lundby, Wieselgrensplatsen;L;28;53
2006;rf;14801824;Lundby, Wieselgrensplatsen;KD;22;28
2006;rf;14801824;Lundby, Wieselgrensplatsen;S;307;289
2006;rf;14801824;Lundby, Wieselgrensplatsen;V;95;81
2006;rf;14801824;Lundby, Wieselgrensplatsen;MP;108;58
2006;rf;14801824;Lundby, Wieselgrensplatsen;SPVG;35;23
2006;rf;14801824;Lundby, Wieselgrensplatsen;SD;37;26
2006;rf;14801824;Lundby, Wieselgrensplatsen;K;8;14
2006;rf;14801824;Lundby, Wieselgrensplatsen;PP;8;
2006;rf;14801824;Lundby, Wieselgrensplatsen;ND;0;2
2006;rf;14801824;Lundby, Wieselgrensplatsen;RS;0;2
2006;rf;14801824;Lundby, Wieselgrensplatsen;SPI;0;2
2006;rf;14801824;Lundby, Wieselgrensplatsen;HANDSKRIVNA;9;1
2006;rf;14801824;Lundby, Wieselgrensplatsen;BLANK;15;15
2006;rf;14801824;Lundby, Wieselgrensplatsen;OG;0;2
2006;rf;14801815;Lundby, Östra Brämaregården;M;156;
2006;rf;14801815;Lundby, Östra Brämaregården;C;23;
2006;rf;14801815;Lundby, Östra Brämaregården;L;54;
2006;rf;14801815;Lundby, Östra Brämaregården;KD;27;
2006;rf;14801815;Lundby, Östra Brämaregården;S;261;
2006;rf;14801815;Lundby, Östra Brämaregården;V;139;
2006;rf;14801815;Lundby, Östra Brämaregården;MP;202;
2006;rf;14801815;Lundby, Östra Brämaregården;SPVG;27;
2006;rf;14801815;Lundby, Östra Brämaregården;SD;34;
2006;rf;14801815;Lundby, Östra Brämaregården;PP;13;
2006;rf;14801815;Lundby, Östra Brämaregården;K;9;
2006;rf;14801815;Lundby, Östra Brämaregården;RS;1;
2006;rf;14801815;Lundby, Östra Brämaregården;ND;0;
2006;rf;14801815;Lundby, Östra Brämaregården;SPI;0;
2006;rf;14801815;Lundby, Östra Brämaregården;HANDSKRIVNA;13;
2006;rf;14801815;Lundby, Östra Brämaregården;BLANK;17;
2006;rf;14801815;Lundby, Östra Brämaregården;OG;1;
2006;rf;14801857;Lundby, Östra Eriksberg;M;543;
2006;rf;14801857;Lundby, Östra Eriksberg;C;48;
2006;rf;14801857;Lundby, Östra Eriksberg;L;175;
2006;rf;14801857;Lundby, Östra Eriksberg;KD;69;
2006;rf;14801857;Lundby, Östra Eriksberg;S;287;
2006;rf;14801857;Lundby, Östra Eriksberg;V;54;
2006;rf;14801857;Lundby, Östra Eriksberg;MP;100;
2006;rf;14801857;Lundby, Östra Eriksberg;SPVG;62;
2006;rf;14801857;Lundby, Östra Eriksberg;SD;51;
2006;rf;14801857;Lundby, Östra Eriksberg;PP;7;
2006;rf;14801857;Lundby, Östra Eriksberg;K;5;
2006;rf;14801857;Lundby, Östra Eriksberg;RS;1;
2006;rf;14801857;Lundby, Östra Eriksberg;SPI;0;
2006;rf;14801857;Lundby, Östra Eriksberg;HANDSKRIVNA;6;
2006;rf;14801857;Lundby, Östra Eriksberg;BLANK;22;
2006;rf;14801857;Lundby, Östra Eriksberg;OG;0;
2006;rf;14801813;Lundby, Östra Rambergsstaden;M;248;159
2006;rf;14801813;Lundby, Östra Rambergsstaden;C;17;33
2006;rf;14801813;Lundby, Östra Rambergsstaden;L;76;98
2006;rf;14801813;Lundby, Östra Rambergsstaden;KD;50;75
2006;rf;14801813;Lundby, Östra Rambergsstaden;S;427;468
2006;rf;14801813;Lundby, Östra Rambergsstaden;V;158;135
2006;rf;14801813;Lundby, Östra Rambergsstaden;MP;137;95
2006;rf;14801813;Lundby, Östra Rambergsstaden;SPVG;55;21
2006;rf;14801813;Lundby, Östra Rambergsstaden;SD;79;48
2006;rf;14801813;Lundby, Östra Rambergsstaden;PP;15;
2006;rf;14801813;Lundby, Östra Rambergsstaden;K;9;24
2006;rf;14801813;Lundby, Östra Rambergsstaden;RS;6;
2006;rf;14801813;Lundby, Östra Rambergsstaden;ND;0;1
2006;rf;14801813;Lundby, Östra Rambergsstaden;SPI;0;4
2006;rf;14801813;Lundby, Östra Rambergsstaden;HANDSKRIVNA;1;1
2006;rf;14801813;Lundby, Östra Rambergsstaden;ÖVRIGA_FGVAL;0;1
2006;rf;14801813;Lundby, Östra Rambergsstaden;BLANK;23;28
2006;rf;14801813;Lundby, Östra Rambergsstaden;OG;0;1
2006;rf;14801625;Torslanda, Amhult-Arendal;M;391;259
2006;rf;14801625;Torslanda, Amhult-Arendal;C;28;34
2006;rf;14801625;Torslanda, Amhult-Arendal;L;109;87
2006;rf;14801625;Torslanda, Amhult-Arendal;KD;46;56
2006;rf;14801625;Torslanda, Amhult-Arendal;S;302;262
2006;rf;14801625;Torslanda, Amhult-Arendal;V;30;23
2006;rf;14801625;Torslanda, Amhult-Arendal;MP;49;39
2006;rf;14801625;Torslanda, Amhult-Arendal;SPVG;40;27
2006;rf;14801625;Torslanda, Amhult-Arendal;SD;58;28
2006;rf;14801625;Torslanda, Amhult-Arendal;PP;3;
2006;rf;14801625;Torslanda, Amhult-Arendal;K;2;3
2006;rf;14801625;Torslanda, Amhult-Arendal;SPI;0;5
2006;rf;14801625;Torslanda, Amhult-Arendal;HANDSKRIVNA;3;1
2006;rf;14801625;Torslanda, Amhult-Arendal;BLANK;15;10
2006;rf;14801625;Torslanda, Amhult-Arendal;OG;0;
2006;rf;14801613;Torslanda, Andalen;M;704;492
2006;rf;14801613;Torslanda, Andalen;C;45;55
2006;rf;14801613;Torslanda, Andalen;L;157;141
2006;rf;14801613;Torslanda, Andalen;KD;105;106
2006;rf;14801613;Torslanda, Andalen;S;242;319
2006;rf;14801613;Torslanda, Andalen;V;33;35
2006;rf;14801613;Torslanda, Andalen;MP;83;59
2006;rf;14801613;Torslanda, Andalen;SPVG;63;18
2006;rf;14801613;Torslanda, Andalen;SD;45;30
2006;rf;14801613;Torslanda, Andalen;PP;12;
2006;rf;14801613;Torslanda, Andalen;K;1;4
2006;rf;14801613;Torslanda, Andalen;ND;0;1
2006;rf;14801613;Torslanda, Andalen;SPI;0;2
2006;rf;14801613;Torslanda, Andalen;HANDSKRIVNA;2;1
2006;rf;14801613;Torslanda, Andalen;ÖVRIGA_FGVAL;0;1
2006;rf;14801613;Torslanda, Andalen;BLANK;21;21
2006;rf;14801613;Torslanda, Andalen;OG;0;
2006;rf;14801632;Torslanda, Björlanda;M;492;366
2006;rf;14801632;Torslanda, Björlanda;C;61;75
2006;rf;14801632;Torslanda, Björlanda;L;110;99
2006;rf;14801632;Torslanda, Björlanda;KD;80;99
2006;rf;14801632;Torslanda, Björlanda;S;252;355
2006;rf;14801632;Torslanda, Björlanda;V;46;56
2006;rf;14801632;Torslanda, Björlanda;MP;82;64
2006;rf;14801632;Torslanda, Björlanda;SPVG;81;22
2006;rf;14801632;Torslanda, Björlanda;SD;92;46
2006;rf;14801632;Torslanda, Björlanda;PP;11;
2006;rf;14801632;Torslanda, Björlanda;K;7;8
2006;rf;14801632;Torslanda, Björlanda;RS;0;1
2006;rf;14801632;Torslanda, Björlanda;SPI;0;1
2006;rf;14801632;Torslanda, Björlanda;HANDSKRIVNA;2;1
2006;rf;14801632;Torslanda, Björlanda;ÖVRIGA_FGVAL;0;3
2006;rf;14801632;Torslanda, Björlanda;BLANK;14;31
2006;rf;14801632;Torslanda, Björlanda;OG;2;
2006;rf;14801622;Torslanda, Domarringen m fl;M;427;317
2006;rf;14801622;Torslanda, Domarringen m fl;C;51;63
2006;rf;14801622;Torslanda, Domarringen m fl;L;144;162
2006;rf;14801622;Torslanda, Domarringen m fl;KD;70;92
2006;rf;14801622;Torslanda, Domarringen m fl;S;313;423
2006;rf;14801622;Torslanda, Domarringen m fl;V;33;35
2006;rf;14801622;Torslanda, Domarringen m fl;MP;83;43
2006;rf;14801622;Torslanda, Domarringen m fl;SPVG;68;22
2006;rf;14801622;Torslanda, Domarringen m fl;SD;52;35
2006;rf;14801622;Torslanda, Domarringen m fl;PP;7;
2006;rf;14801622;Torslanda, Domarringen m fl;K;3;7
2006;rf;14801622;Torslanda, Domarringen m fl;SPI;0;2
2006;rf;14801622;Torslanda, Domarringen m fl;HANDSKRIVNA;3;1
2006;rf;14801622;Torslanda, Domarringen m fl;BLANK;23;30
2006;rf;14801622;Torslanda, Domarringen m fl;OG;1;
2006;rf;14801611;Torslanda, Hjuvik;M;675;539
2006;rf;14801611;Torslanda, Hjuvik;C;62;63
2006;rf;14801611;Torslanda, Hjuvik;L;188;182
2006;rf;14801611;Torslanda, Hjuvik;KD;90;129
2006;rf;14801611;Torslanda, Hjuvik;S;139;203
2006;rf;14801611;Torslanda, Hjuvik;V;18;21
2006;rf;14801611;Torslanda, Hjuvik;MP;85;69
2006;rf;14801611;Torslanda, Hjuvik;SPVG;55;11
2006;rf;14801611;Torslanda, Hjuvik;SD;26;13
2006;rf;14801611;Torslanda, Hjuvik;PP;6;
2006;rf;14801611;Torslanda, Hjuvik;K;1;
2006;rf;14801611;Torslanda, Hjuvik;SPI;0;1
2006;rf;14801611;Torslanda, Hjuvik;HANDSKRIVNA;3;2
2006;rf;14801611;Torslanda, Hjuvik;BLANK;12;18
2006;rf;14801611;Torslanda, Hjuvik;OG;0;
2006;rf;14801612;Torslanda, Hällsvik;M;594;482
2006;rf;14801612;Torslanda, Hällsvik;C;41;60
2006;rf;14801612;Torslanda, Hällsvik;L;159;130
2006;rf;14801612;Torslanda, Hällsvik;KD;70;95
2006;rf;14801612;Torslanda, Hällsvik;S;173;296
2006;rf;14801612;Torslanda, Hällsvik;V;31;32
2006;rf;14801612;Torslanda, Hällsvik;MP;64;49
2006;rf;14801612;Torslanda, Hällsvik;SPVG;59;17
2006;rf;14801612;Torslanda, Hällsvik;SD;40;26
2006;rf;14801612;Torslanda, Hällsvik;PP;8;
2006;rf;14801612;Torslanda, Hällsvik;K;4;3
2006;rf;14801612;Torslanda, Hällsvik;ND;0;1
2006;rf;14801612;Torslanda, Hällsvik;HANDSKRIVNA;1;2
2006;rf;14801612;Torslanda, Hällsvik;BLANK;9;25
2006;rf;14801612;Torslanda, Hällsvik;OG;0;1
2006;rf;14801633;Torslanda, Kvisljungeby;M;456;354
2006;rf;14801633;Torslanda, Kvisljungeby;C;46;62
2006;rf;14801633;Torslanda, Kvisljungeby;L;110;102
2006;rf;14801633;Torslanda, Kvisljungeby;KD;42;66
2006;rf;14801633;Torslanda, Kvisljungeby;S;253;322
2006;rf;14801633;Torslanda, Kvisljungeby;V;36;40
2006;rf;14801633;Torslanda, Kvisljungeby;MP;62;33
2006;rf;14801633;Torslanda, Kvisljungeby;SPVG;87;15
2006;rf;14801633;Torslanda, Kvisljungeby;SD;102;55
2006;rf;14801633;Torslanda, Kvisljungeby;PP;7;
2006;rf;14801633;Torslanda, Kvisljungeby;K;0;3
2006;rf;14801633;Torslanda, Kvisljungeby;HANDSKRIVNA;1;
2006;rf;14801633;Torslanda, Kvisljungeby;ÖVRIGA_FGVAL;0;1
2006;rf;14801633;Torslanda, Kvisljungeby;BLANK;8;19
2006;rf;14801633;Torslanda, Kvisljungeby;OG;0;
2006;rf;14801631;Torslanda, Lilleby;M;764;
2006;rf;14801631;Torslanda, Lilleby;C;72;
2006;rf;14801631;Torslanda, Lilleby;L;185;
2006;rf;14801631;Torslanda, Lilleby;KD;94;
2006;rf;14801631;Torslanda, Lilleby;S;308;
2006;rf;14801631;Torslanda, Lilleby;V;44;
2006;rf;14801631;Torslanda, Lilleby;MP;94;
2006;rf;14801631;Torslanda, Lilleby;SPVG;79;
2006;rf;14801631;Torslanda, Lilleby;SD;112;
2006;rf;14801631;Torslanda, Lilleby;PP;12;
2006;rf;14801631;Torslanda, Lilleby;K;4;
2006;rf;14801631;Torslanda, Lilleby;SPI;1;
2006;rf;14801631;Torslanda, Lilleby;ND;0;
2006;rf;14801631;Torslanda, Lilleby;HANDSKRIVNA;4;
2006;rf;14801631;Torslanda, Lilleby;BLANK;29;
2006;rf;14801631;Torslanda, Lilleby;OG;0;
2006;rf;14801624;Torslanda, Nolered;M;433;352
2006;rf;14801624;Torslanda, Nolered;C;41;62
2006;rf;14801624;Torslanda, Nolered;L;145;165
2006;rf;14801624;Torslanda, Nolered;KD;57;92
2006;rf;14801624;Torslanda, Nolered;S;291;329
2006;rf;14801624;Torslanda, Nolered;V;33;43
2006;rf;14801624;Torslanda, Nolered;MP;70;51
2006;rf;14801624;Torslanda, Nolered;SPVG;62;31
2006;rf;14801624;Torslanda, Nolered;SD;63;27
2006;rf;14801624;Torslanda, Nolered;PP;3;
2006;rf;14801624;Torslanda, Nolered;K;1;4
2006;rf;14801624;Torslanda, Nolered;ND;0;1
2006;rf;14801624;Torslanda, Nolered;SPI;0;1
2006;rf;14801624;Torslanda, Nolered;HANDSKRIVNA;2;1
2006;rf;14801624;Torslanda, Nolered;BLANK;15;23
2006;rf;14801624;Torslanda, Nolered;OG;0;
2006;rf;14801623;Torslanda, Torslanda;M;487;336
2006;rf;14801623;Torslanda, Torslanda;C;53;88
2006;rf;14801623;Torslanda, Torslanda;L;178;143
2006;rf;14801623;Torslanda, Torslanda;KD;84;93
2006;rf;14801623;Torslanda, Torslanda;S;371;391
2006;rf;14801623;Torslanda, Torslanda;V;61;70
2006;rf;14801623;Torslanda, Torslanda;MP;79;51
2006;rf;14801623;Torslanda, Torslanda;SPVG;69;28
2006;rf;14801623;Torslanda, Torslanda;SD;105;62
2006;rf;14801623;Torslanda, Torslanda;PP;12;
2006;rf;14801623;Torslanda, Torslanda;K;3;3
2006;rf;14801623;Torslanda, Torslanda;SPI;0;1
2006;rf;14801623;Torslanda, Torslanda;HANDSKRIVNA;8;2
2006;rf;14801623;Torslanda, Torslanda;BLANK;24;38
2006;rf;14801623;Torslanda, Torslanda;OG;4;
2006;rf;14801621;Torslanda, Tumlehed;M;455;296
2006;rf;14801621;Torslanda, Tumlehed;C;35;50
2006;rf;14801621;Torslanda, Tumlehed;L;128;126
2006;rf;14801621;Torslanda, Tumlehed;KD;62;63
2006;rf;14801621;Torslanda, Tumlehed;S;297;409
2006;rf;14801621;Torslanda, Tumlehed;V;41;37
2006;rf;14801621;Torslanda, Tumlehed;MP;68;47
2006;rf;14801621;Torslanda, Tumlehed;SPVG;57;18
2006;rf;14801621;Torslanda, Tumlehed;SD;70;35
2006;rf;14801621;Torslanda, Tumlehed;PP;6;
2006;rf;14801621;Torslanda, Tumlehed;K;3;1
2006;rf;14801621;Torslanda, Tumlehed;ND;0;1
2006;rf;14801621;Torslanda, Tumlehed;SPI;0;5
2006;rf;14801621;Torslanda, Tumlehed;HANDSKRIVNA;0;2
2006;rf;14801621;Torslanda, Tumlehed;ÖVRIGA_FGVAL;0;1
2006;rf;14801621;Torslanda, Tumlehed;BLANK;23;20
2006;rf;14801621;Torslanda, Tumlehed;OG;0;1
2006;rf;14801914;Tuve-Säve, Glöstorp;M;169;124
2006;rf;14801914;Tuve-Säve, Glöstorp;C;15;20
2006;rf;14801914;Tuve-Säve, Glöstorp;L;50;65
2006;rf;14801914;Tuve-Säve, Glöstorp;KD;34;37
2006;rf;14801914;Tuve-Säve, Glöstorp;S;347;390
2006;rf;14801914;Tuve-Säve, Glöstorp;V;59;57
2006;rf;14801914;Tuve-Säve, Glöstorp;MP;43;36
2006;rf;14801914;Tuve-Säve, Glöstorp;SPVG;42;20
2006;rf;14801914;Tuve-Säve, Glöstorp;SD;69;30
2006;rf;14801914;Tuve-Säve, Glöstorp;PP;10;
2006;rf;14801914;Tuve-Säve, Glöstorp;K;2;4
2006;rf;14801914;Tuve-Säve, Glöstorp;SPI;2;5
2006;rf;14801914;Tuve-Säve, Glöstorp;HANDSKRIVNA;1;1
2006;rf;14801914;Tuve-Säve, Glöstorp;ÖVRIGA_FGVAL;0;1
2006;rf;14801914;Tuve-Säve, Glöstorp;BLANK;12;11
2006;rf;14801914;Tuve-Säve, Glöstorp;OG;1;
2006;rf;14801913;Tuve-Säve, Gunnestorp;M;301;263
2006;rf;14801913;Tuve-Säve, Gunnestorp;C;18;21
2006;rf;14801913;Tuve-Säve, Gunnestorp;L;117;118
2006;rf;14801913;Tuve-Säve, Gunnestorp;KD;31;69
2006;rf;14801913;Tuve-Säve, Gunnestorp;S;505;501
2006;rf;14801913;Tuve-Säve, Gunnestorp;V;71;87
2006;rf;14801913;Tuve-Säve, Gunnestorp;MP;74;52
2006;rf;14801913;Tuve-Säve, Gunnestorp;SPVG;79;26
2006;rf;14801913;Tuve-Säve, Gunnestorp;SD;56;38
2006;rf;14801913;Tuve-Säve, Gunnestorp;PP;9;
2006;rf;14801913;Tuve-Säve, Gunnestorp;K;2;4
2006;rf;14801913;Tuve-Säve, Gunnestorp;RS;1;
2006;rf;14801913;Tuve-Säve, Gunnestorp;SPI;0;3
2006;rf;14801913;Tuve-Säve, Gunnestorp;ÖVRIGA_FGVAL;0;9
2006;rf;14801913;Tuve-Säve, Gunnestorp;BLANK;19;21
2006;rf;14801913;Tuve-Säve, Gunnestorp;OG;0;
2006;rf;14801915;Tuve-Säve, Norumshöjd;M;101;91
2006;rf;14801915;Tuve-Säve, Norumshöjd;C;9;17
2006;rf;14801915;Tuve-Säve, Norumshöjd;L;33;44
2006;rf;14801915;Tuve-Säve, Norumshöjd;KD;13;21
2006;rf;14801915;Tuve-Säve, Norumshöjd;S;448;384
2006;rf;14801915;Tuve-Säve, Norumshöjd;V;77;87
2006;rf;14801915;Tuve-Säve, Norumshöjd;MP;66;40
2006;rf;14801915;Tuve-Säve, Norumshöjd;SPVG;60;24
2006;rf;14801915;Tuve-Säve, Norumshöjd;SD;68;41
2006;rf;14801915;Tuve-Säve, Norumshöjd;K;19;24
2006;rf;14801915;Tuve-Säve, Norumshöjd;PP;9;
2006;rf;14801915;Tuve-Säve, Norumshöjd;RS;0;1
2006;rf;14801915;Tuve-Säve, Norumshöjd;SPI;0;1
2006;rf;14801915;Tuve-Säve, Norumshöjd;HANDSKRIVNA;0;2
2006;rf;14801915;Tuve-Säve, Norumshöjd;BLANK;5;12
2006;rf;14801915;Tuve-Säve, Norumshöjd;OG;0;
2006;rf;14801921;Tuve-Säve, Säve;M;429;316
2006;rf;14801921;Tuve-Säve, Säve;C;122;140
2006;rf;14801921;Tuve-Säve, Säve;L;80;115
2006;rf;14801921;Tuve-Säve, Säve;KD;58;75
2006;rf;14801921;Tuve-Säve, Säve;S;318;377
2006;rf;14801921;Tuve-Säve, Säve;V;58;52
2006;rf;14801921;Tuve-Säve, Säve;MP;66;68
2006;rf;14801921;Tuve-Säve, Säve;SPVG;94;15
2006;rf;14801921;Tuve-Säve, Säve;SD;97;63
2006;rf;14801921;Tuve-Säve, Säve;PP;9;
2006;rf;14801921;Tuve-Säve, Säve;K;6;9
2006;rf;14801921;Tuve-Säve, Säve;ND;0;1
2006;rf;14801921;Tuve-Säve, Säve;RS;0;1
2006;rf;14801921;Tuve-Säve, Säve;SPI;0;1
2006;rf;14801921;Tuve-Säve, Säve;HANDSKRIVNA;2;1
2006;rf;14801921;Tuve-Säve, Säve;BLANK;16;23
2006;rf;14801921;Tuve-Säve, Säve;OG;0;1
2006;rf;14801912;Tuve-Säve, Tuve;M;376;309
2006;rf;14801912;Tuve-Säve, Tuve;C;20;52
2006;rf;14801912;Tuve-Säve, Tuve;L;116;134
2006;rf;14801912;Tuve-Säve, Tuve;KD;64;107
2006;rf;14801912;Tuve-Säve, Tuve;S;348;402
2006;rf;14801912;Tuve-Säve, Tuve;V;71;65
2006;rf;14801912;Tuve-Säve, Tuve;MP;85;65
2006;rf;14801912;Tuve-Säve, Tuve;SPVG;100;19
2006;rf;14801912;Tuve-Säve, Tuve;SD;57;43
2006;rf;14801912;Tuve-Säve, Tuve;PP;8;
2006;rf;14801912;Tuve-Säve, Tuve;K;1;2
2006;rf;14801912;Tuve-Säve, Tuve;ND;0;3
2006;rf;14801912;Tuve-Säve, Tuve;SPI;0;1
2006;rf;14801912;Tuve-Säve, Tuve;HANDSKRIVNA;2;
2006;rf;14801912;Tuve-Säve, Tuve;BLANK;10;19
2006;rf;14801912;Tuve-Säve, Tuve;OG;3;
2006;rf;14801911;Tuve-Säve, Tången;M;297;261
2006;rf;14801911;Tuve-Säve, Tången;C;35;59
2006;rf;14801911;Tuve-Säve, Tången;L;130;131
2006;rf;14801911;Tuve-Säve, Tången;KD;49;82
2006;rf;14801911;Tuve-Säve, Tången;S;304;345
2006;rf;14801911;Tuve-Säve, Tången;V;41;39
2006;rf;14801911;Tuve-Säve, Tången;MP;76;60
2006;rf;14801911;Tuve-Säve, Tången;SPVG;57;20
2006;rf;14801911;Tuve-Säve, Tången;SD;47;26
2006;rf;14801911;Tuve-Säve, Tången;PP;7;
2006;rf;14801911;Tuve-Säve, Tången;K;3;6
2006;rf;14801911;Tuve-Säve, Tången;ND;0;1
2006;rf;14801911;Tuve-Säve, Tången;HANDSKRIVNA;2;1
2006;rf;14801911;Tuve-Säve, Tången;ÖVRIGA_FGVAL;0;1
2006;rf;14801911;Tuve-Säve, Tången;BLANK;10;13
2006;rf;14801911;Tuve-Säve, Tången;OG;1;1
2006;rf;14800001;Onsdagsdistrikt;M;355;236
2006;rf;14800001;Onsdagsdistrikt;C;47;34
2006;rf;14800001;Onsdagsdistrikt;L;119;105
2006;rf;14800001;Onsdagsdistrikt;KD;44;41
2006;rf;14800001;Onsdagsdistrikt;S;550;427
2006;rf;14800001;Onsdagsdistrikt;V;148;131
2006;rf;14800001;Onsdagsdistrikt;MP;195;130
2006;rf;14800001;Onsdagsdistrikt;SPVG;51;26
2006;rf;14800001;Onsdagsdistrikt;SD;73;25
2006;rf;14800001;Onsdagsdistrikt;PP;29;
2006;rf;14800001;Onsdagsdistrikt;K;5;7
2006;rf;14800001;Onsdagsdistrikt;RS;4;
2006;rf;14800001;Onsdagsdistrikt;SPI;0;4
2006;rf;14800001;Onsdagsdistrikt;HANDSKRIVNA;17;11
2006;rf;14800001;Onsdagsdistrikt;BLANK;52;43
2006;rf;14800001;Onsdagsdistrikt;OG;0;0
2006;rf;14801313;Askim, Askim;M;470;398
2006;rf;14801313;Askim, Askim;C;26;25
2006;rf;14801313;Askim, Askim;L;123;125
2006;rf;14801313;Askim, Askim;KD;56;81
2006;rf;14801313;Askim, Askim;S;115;139
2006;rf;14801313;Askim, Askim;V;13;22
2006;rf;14801313;Askim, Askim;MP;40;36
2006;rf;14801313;Askim, Askim;SPVG;30;7
2006;rf;14801313;Askim, Askim;SD;30;11
2006;rf;14801313;Askim, Askim;PP;6;
2006;rf;14801313;Askim, Askim;K;3;3
2006;rf;14801313;Askim, Askim;SPI;0;2
2006;rf;14801313;Askim, Askim;HANDSKRIVNA;1;1
2006;rf;14801313;Askim, Askim;BLANK;3;4
2006;rf;14801313;Askim, Askim;OG;2;
2006;rf;14801331;Askim, Billdal;M;864;690
2006;rf;14801331;Askim, Billdal;C;46;71
2006;rf;14801331;Askim, Billdal;L;235;246
2006;rf;14801331;Askim, Billdal;KD;108;160
2006;rf;14801331;Askim, Billdal;S;139;182
2006;rf;14801331;Askim, Billdal;V;27;26
2006;rf;14801331;Askim, Billdal;MP;107;70
2006;rf;14801331;Askim, Billdal;SPVG;28;11
2006;rf;14801331;Askim, Billdal;SD;26;16
2006;rf;14801331;Askim, Billdal;PP;4;
2006;rf;14801331;Askim, Billdal;K;0;1
2006;rf;14801331;Askim, Billdal;HANDSKRIVNA;1;
2006;rf;14801331;Askim, Billdal;BLANK;9;15
2006;rf;14801331;Askim, Billdal;OG;0;
2006;rf;14801334;Askim, Brottkärr;M;502;429
2006;rf;14801334;Askim, Brottkärr;C;25;19
2006;rf;14801334;Askim, Brottkärr;L;92;91
2006;rf;14801334;Askim, Brottkärr;KD;40;52
2006;rf;14801334;Askim, Brottkärr;S;22;37
2006;rf;14801334;Askim, Brottkärr;V;2;7
2006;rf;14801334;Askim, Brottkärr;MP;14;14
2006;rf;14801334;Askim, Brottkärr;SPVG;14;4
2006;rf;14801334;Askim, Brottkärr;SD;13;11
2006;rf;14801334;Askim, Brottkärr;HANDSKRIVNA;0;3
2006;rf;14801334;Askim, Brottkärr;BLANK;2;3
2006;rf;14801334;Askim, Brottkärr;OG;0;
2006;rf;14801311;Askim, Hult;M;568;490
2006;rf;14801311;Askim, Hult;C;34;28
2006;rf;14801311;Askim, Hult;L;142;161
2006;rf;14801311;Askim, Hult;KD;81;100
2006;rf;14801311;Askim, Hult;S;119;171
2006;rf;14801311;Askim, Hult;V;17;21
2006;rf;14801311;Askim, Hult;MP;39;32
2006;rf;14801311;Askim, Hult;SPVG;29;13
2006;rf;14801311;Askim, Hult;SD;44;14
2006;rf;14801311;Askim, Hult;PP;4;
2006;rf;14801311;Askim, Hult;K;3;
2006;rf;14801311;Askim, Hult;SPI;0;3
2006;rf;14801311;Askim, Hult;HANDSKRIVNA;1;1
2006;rf;14801311;Askim, Hult;ÖVRIGA_FGVAL;0;1
2006;rf;14801311;Askim, Hult;BLANK;7;17
2006;rf;14801311;Askim, Hult;OG;0;
2006;rf;14801336;Askim, Lindås;M;600;537
2006;rf;14801336;Askim, Lindås;C;28;40
2006;rf;14801336;Askim, Lindås;L;167;164
2006;rf;14801336;Askim, Lindås;KD;84;97
2006;rf;14801336;Askim, Lindås;S;102;122
2006;rf;14801336;Askim, Lindås;V;12;15
2006;rf;14801336;Askim, Lindås;MP;30;18
2006;rf;14801336;Askim, Lindås;SPVG;15;17
2006;rf;14801336;Askim, Lindås;SD;21;6
2006;rf;14801336;Askim, Lindås;PP;2;
2006;rf;14801336;Askim, Lindås;K;0;1
2006;rf;14801336;Askim, Lindås;SPI;0;1
2006;rf;14801336;Askim, Lindås;ÖVRIGA_FGVAL;0;1
2006;rf;14801336;Askim, Lindås;BLANK;6;10
2006;rf;14801336;Askim, Lindås;OG;0;
2006;rf;14801335;Askim, Lyckhem;M;591;437
2006;rf;14801335;Askim, Lyckhem;C;26;26
2006;rf;14801335;Askim, Lyckhem;L;129;133
2006;rf;14801335;Askim, Lyckhem;KD;66;76
2006;rf;14801335;Askim, Lyckhem;S;111;114
2006;rf;14801335;Askim, Lyckhem;V;17;22
2006;rf;14801335;Askim, Lyckhem;MP;38;22
2006;rf;14801335;Askim, Lyckhem;SPVG;21;9
2006;rf;14801335;Askim, Lyckhem;SD;28;19
2006;rf;14801335;Askim, Lyckhem;PP;4;
2006;rf;14801335;Askim, Lyckhem;HANDSKRIVNA;1;2
2006;rf;14801335;Askim, Lyckhem;ÖVRIGA_FGVAL;0;1
2006;rf;14801335;Askim, Lyckhem;BLANK;6;8
2006;rf;14801335;Askim, Lyckhem;OG;0;
2006;rf;14801316;Askim, Norra Hovås;M;471;422
2006;rf;14801316;Askim, Norra Hovås;C;34;37
2006;rf;14801316;Askim, Norra Hovås;L;100;140
2006;rf;14801316;Askim, Norra Hovås;KD;69;81
2006;rf;14801316;Askim, Norra Hovås;S;101;119
2006;rf;14801316;Askim, Norra Hovås;V;26;22
2006;rf;14801316;Askim, Norra Hovås;MP;34;31
2006;rf;14801316;Askim, Norra Hovås;SPVG;38;11
2006;rf;14801316;Askim, Norra Hovås;SD;17;13
2006;rf;14801316;Askim, Norra Hovås;PP;8;
2006;rf;14801316;Askim, Norra Hovås;K;1;1
2006;rf;14801316;Askim, Norra Hovås;ÖVRIGA_FGVAL;0;1
2006;rf;14801316;Askim, Norra Hovås;BLANK;9;14
2006;rf;14801316;Askim, Norra Hovås;OG;0;
2006;rf;14801314;Askim, Norra Sisjön;M;511;434
2006;rf;14801314;Askim, Norra Sisjön;C;42;64
2006;rf;14801314;Askim, Norra Sisjön;L;140;146
2006;rf;14801314;Askim, Norra Sisjön;KD;71;92
2006;rf;14801314;Askim, Norra Sisjön;S;220;244
2006;rf;14801314;Askim, Norra Sisjön;V;53;55
2006;rf;14801314;Askim, Norra Sisjön;MP;73;54
2006;rf;14801314;Askim, Norra Sisjön;SPVG;51;24
2006;rf;14801314;Askim, Norra Sisjön;SD;63;27
2006;rf;14801314;Askim, Norra Sisjön;PP;3;
2006;rf;14801314;Askim, Norra Sisjön;K;0;5
2006;rf;14801314;Askim, Norra Sisjön;SPI;0;2
2006;rf;14801314;Askim, Norra Sisjön;HANDSKRIVNA;0;3
2006;rf;14801314;Askim, Norra Sisjön;ÖVRIGA_FGVAL;0;3
2006;rf;14801314;Askim, Norra Sisjön;BLANK;15;22
2006;rf;14801314;Askim, Norra Sisjön;OG;0;3
2006;rf;14801332;Askim, Nygård;M;550;476
2006;rf;14801332;Askim, Nygård;C;33;42
2006;rf;14801332;Askim, Nygård;L;146;130
2006;rf;14801332;Askim, Nygård;KD;79;116
2006;rf;14801332;Askim, Nygård;S;113;153
2006;rf;14801332;Askim, Nygård;V;15;17
2006;rf;14801332;Askim, Nygård;MP;74;34
2006;rf;14801332;Askim, Nygård;SPVG;22;8
2006;rf;14801332;Askim, Nygård;SD;29;15
2006;rf;14801332;Askim, Nygård;K;1;
2006;rf;14801332;Askim, Nygård;PP;1;
2006;rf;14801332;Askim, Nygård;RS;1;
2006;rf;14801332;Askim, Nygård;SPI;0;1
2006;rf;14801332;Askim, Nygård;HANDSKRIVNA;0;3
2006;rf;14801332;Askim, Nygård;ÖVRIGA_FGVAL;0;1
2006;rf;14801332;Askim, Nygård;BLANK;10;15
2006;rf;14801332;Askim, Nygård;OG;0;
2006;rf;14801312;Askim, Pilegården;M;257;217
2006;rf;14801312;Askim, Pilegården;C;12;22
2006;rf;14801312;Askim, Pilegården;L;57;77
2006;rf;14801312;Askim, Pilegården;KD;36;40
2006;rf;14801312;Askim, Pilegården;S;311;309
2006;rf;14801312;Askim, Pilegården;V;47;44
2006;rf;14801312;Askim, Pilegården;MP;74;52
2006;rf;14801312;Askim, Pilegården;SPVG;30;17
2006;rf;14801312;Askim, Pilegården;SD;67;39
2006;rf;14801312;Askim, Pilegården;K;13;
2006;rf;14801312;Askim, Pilegården;PP;12;
2006;rf;14801312;Askim, Pilegården;RS;1;
2006;rf;14801312;Askim, Pilegården;ND;0;1
2006;rf;14801312;Askim, Pilegården;HANDSKRIVNA;1;
2006;rf;14801312;Askim, Pilegården;BLANK;16;23
2006;rf;14801312;Askim, Pilegården;OG;0;1
2006;rf;14801333;Askim, Skintebo;M;470;348
2006;rf;14801333;Askim, Skintebo;C;33;55
2006;rf;14801333;Askim, Skintebo;L;151;181
2006;rf;14801333;Askim, Skintebo;KD;54;79
2006;rf;14801333;Askim, Skintebo;S;158;199
2006;rf;14801333;Askim, Skintebo;V;26;31
2006;rf;14801333;Askim, Skintebo;MP;71;44
2006;rf;14801333;Askim, Skintebo;SPVG;37;13
2006;rf;14801333;Askim, Skintebo;SD;38;18
2006;rf;14801333;Askim, Skintebo;PP;2;
2006;rf;14801333;Askim, Skintebo;K;1;1
2006;rf;14801333;Askim, Skintebo;HANDSKRIVNA;1;2
2006;rf;14801333;Askim, Skintebo;ÖVRIGA_FGVAL;0;2
2006;rf;14801333;Askim, Skintebo;BLANK;14;22
2006;rf;14801333;Askim, Skintebo;OG;0;
2006;rf;14801321;Askim, Södra Hovås;M;617;527
2006;rf;14801321;Askim, Södra Hovås;C;22;16
2006;rf;14801321;Askim, Södra Hovås;L;89;87
2006;rf;14801321;Askim, Södra Hovås;KD;58;79
2006;rf;14801321;Askim, Södra Hovås;S;14;31
2006;rf;14801321;Askim, Södra Hovås;V;2;6
2006;rf;14801321;Askim, Södra Hovås;MP;14;11
2006;rf;14801321;Askim, Södra Hovås;SPVG;17;3
2006;rf;14801321;Askim, Södra Hovås;SD;17;7
2006;rf;14801321;Askim, Södra Hovås;PP;3;
2006;rf;14801321;Askim, Södra Hovås;K;1;
2006;rf;14801321;Askim, Södra Hovås;SPI;0;2
2006;rf;14801321;Askim, Södra Hovås;ÖVRIGA_FGVAL;0;2
2006;rf;14801321;Askim, Södra Hovås;BLANK;3;6
2006;rf;14801321;Askim, Södra Hovås;OG;0;1
2006;rf;14801315;Askim, Södra Sisjön;M;664;583
2006;rf;14801315;Askim, Södra Sisjön;C;53;41
2006;rf;14801315;Askim, Södra Sisjön;L;205;212
2006;rf;14801315;Askim, Södra Sisjön;KD;61;96
2006;rf;14801315;Askim, Södra Sisjön;S;149;171
2006;rf;14801315;Askim, Södra Sisjön;V;18;18
2006;rf;14801315;Askim, Södra Sisjön;MP;73;38
2006;rf;14801315;Askim, Södra Sisjön;SPVG;51;30
2006;rf;14801315;Askim, Södra Sisjön;SD;31;18
2006;rf;14801315;Askim, Södra Sisjön;PP;6;
2006;rf;14801315;Askim, Södra Sisjön;K;1;1
2006;rf;14801315;Askim, Södra Sisjön;SPI;0;4
2006;rf;14801315;Askim, Södra Sisjön;ÖVRIGA_FGVAL;0;1
2006;rf;14801315;Askim, Södra Sisjön;BLANK;7;18
2006;rf;14801315;Askim, Södra Sisjön;OG;0;
2006;rf;14801322;Askim, Trollåsen;M;745;626
2006;rf;14801322;Askim, Trollåsen;C;42;43
2006;rf;14801322;Askim, Trollåsen;L;142;148
2006;rf;14801322;Askim, Trollåsen;KD;54;63
2006;rf;14801322;Askim, Trollåsen;S;51;63
2006;rf;14801322;Askim, Trollåsen;V;14;13
2006;rf;14801322;Askim, Trollåsen;MP;41;10
2006;rf;14801322;Askim, Trollåsen;SPVG;35;5
2006;rf;14801322;Askim, Trollåsen;SD;14;6
2006;rf;14801322;Askim, Trollåsen;BLANK;3;9
2006;rf;14801322;Askim, Trollåsen;OG;0;2
2006;rf;14801243;Frölunda, Frölunda;M;115;96
2006;rf;14801243;Frölunda, Frölunda;C;16;14
2006;rf;14801243;Frölunda, Frölunda;L;37;56
2006;rf;14801243;Frölunda, Frölunda;KD;32;37
2006;rf;14801243;Frölunda, Frölunda;S;342;347
2006;rf;14801243;Frölunda, Frölunda;V;47;72
2006;rf;14801243;Frölunda, Frölunda;MP;62;37
2006;rf;14801243;Frölunda, Frölunda;SPVG;29;24
2006;rf;14801243;Frölunda, Frölunda;SD;58;39
2006;rf;14801243;Frölunda, Frölunda;K;5;3
2006;rf;14801243;Frölunda, Frölunda;PP;4;
2006;rf;14801243;Frölunda, Frölunda;RS;1;
2006;rf;14801243;Frölunda, Frölunda;SPI;0;6
2006;rf;14801243;Frölunda, Frölunda;HANDSKRIVNA;0;1
2006;rf;14801243;Frölunda, Frölunda;BLANK;8;9
2006;rf;14801243;Frölunda, Frölunda;OG;0;
2006;rf;14801241;Frölunda, Frölunda torg;M;103;101
2006;rf;14801241;Frölunda, Frölunda torg;C;9;17
2006;rf;14801241;Frölunda, Frölunda torg;L;28;58
2006;rf;14801241;Frölunda, Frölunda torg;KD;15;43
2006;rf;14801241;Frölunda, Frölunda torg;S;396;334
2006;rf;14801241;Frölunda, Frölunda torg;V;63;67
2006;rf;14801241;Frölunda, Frölunda torg;MP;53;49
2006;rf;14801241;Frölunda, Frölunda torg;SPVG;13;7
2006;rf;14801241;Frölunda, Frölunda torg;SD;46;27
2006;rf;14801241;Frölunda, Frölunda torg;PP;6;
2006;rf;14801241;Frölunda, Frölunda torg;RS;6;
2006;rf;14801241;Frölunda, Frölunda torg;K;1;2
2006;rf;14801241;Frölunda, Frölunda torg;SPI;0;5
2006;rf;14801241;Frölunda, Frölunda torg;HANDSKRIVNA;1;4
2006;rf;14801241;Frölunda, Frölunda torg;ÖVRIGA_FGVAL;0;1
2006;rf;14801241;Frölunda, Frölunda torg;BLANK;3;10
2006;rf;14801241;Frölunda, Frölunda torg;OG;1;1
2006;rf;14801242;Frölunda, Gånglåten m fl;M;126;139
2006;rf;14801242;Frölunda, Gånglåten m fl;C;8;18
2006;rf;14801242;Frölunda, Gånglåten m fl;L;51;57
2006;rf;14801242;Frölunda, Gånglåten m fl;KD;42;84
2006;rf;14801242;Frölunda, Gånglåten m fl;S;631;524
2006;rf;14801242;Frölunda, Gånglåten m fl;V;132;145
2006;rf;14801242;Frölunda, Gånglåten m fl;MP;86;80
2006;rf;14801242;Frölunda, Gånglåten m fl;SPVG;55;23
2006;rf;14801242;Frölunda, Gånglåten m fl;SD;75;65
2006;rf;14801242;Frölunda, Gånglåten m fl;PP;15;
2006;rf;14801242;Frölunda, Gånglåten m fl;K;8;8
2006;rf;14801242;Frölunda, Gånglåten m fl;RS;2;
2006;rf;14801242;Frölunda, Gånglåten m fl;SPI;0;4
2006;rf;14801242;Frölunda, Gånglåten m fl;HANDSKRIVNA;1;4
2006;rf;14801242;Frölunda, Gånglåten m fl;BLANK;14;18
2006;rf;14801242;Frölunda, Gånglåten m fl;OG;0;3
2006;rf;14801221;Frölunda, Ruddalen;M;328;
2006;rf;14801221;Frölunda, Ruddalen;C;27;
2006;rf;14801221;Frölunda, Ruddalen;L;104;
2006;rf;14801221;Frölunda, Ruddalen;KD;95;
2006;rf;14801221;Frölunda, Ruddalen;S;482;
2006;rf;14801221;Frölunda, Ruddalen;V;88;
2006;rf;14801221;Frölunda, Ruddalen;MP;75;
2006;rf;14801221;Frölunda, Ruddalen;SPVG;50;
2006;rf;14801221;Frölunda, Ruddalen;SD;89;
2006;rf;14801221;Frölunda, Ruddalen;K;8;
2006;rf;14801221;Frölunda, Ruddalen;PP;5;
2006;rf;14801221;Frölunda, Ruddalen;ND;0;
2006;rf;14801221;Frölunda, Ruddalen;SPI;0;
2006;rf;14801221;Frölunda, Ruddalen;HANDSKRIVNA;3;
2006;rf;14801221;Frölunda, Ruddalen;BLANK;10;
2006;rf;14801221;Frölunda, Ruddalen;OG;0;
2006;rf;14801212;Frölunda, Spinetten;M;104;89
2006;rf;14801212;Frölunda, Spinetten;C;7;20
2006;rf;14801212;Frölunda, Spinetten;L;46;52
2006;rf;14801212;Frölunda, Spinetten;KD;23;43
2006;rf;14801212;Frölunda, Spinetten;S;280;272
2006;rf;14801212;Frölunda, Spinetten;V;66;56
2006;rf;14801212;Frölunda, Spinetten;MP;44;29
2006;rf;14801212;Frölunda, Spinetten;SPVG;24;16
2006;rf;14801212;Frölunda, Spinetten;SD;59;28
2006;rf;14801212;Frölunda, Spinetten;PP;7;
2006;rf;14801212;Frölunda, Spinetten;K;3;1
2006;rf;14801212;Frölunda, Spinetten;RS;2;
2006;rf;14801212;Frölunda, Spinetten;ND;0;1
2006;rf;14801212;Frölunda, Spinetten;SPI;0;1
2006;rf;14801212;Frölunda, Spinetten;HANDSKRIVNA;1;
2006;rf;14801212;Frölunda, Spinetten;BLANK;4;15
2006;rf;14801212;Frölunda, Spinetten;OG;0;
2006;rf;14801211;Frölunda, Tofta;M;151;131
2006;rf;14801211;Frölunda, Tofta;C;3;10
2006;rf;14801211;Frölunda, Tofta;L;53;62
2006;rf;14801211;Frölunda, Tofta;KD;49;41
2006;rf;14801211;Frölunda, Tofta;S;282;350
2006;rf;14801211;Frölunda, Tofta;V;80;68
2006;rf;14801211;Frölunda, Tofta;MP;41;31
2006;rf;14801211;Frölunda, Tofta;SPVG;19;20
2006;rf;14801211;Frölunda, Tofta;SD;58;34
2006;rf;14801211;Frölunda, Tofta;K;3;4
2006;rf;14801211;Frölunda, Tofta;PP;1;
2006;rf;14801211;Frölunda, Tofta;ND;0;2
2006;rf;14801211;Frölunda, Tofta;SPI;0;8
2006;rf;14801211;Frölunda, Tofta;HANDSKRIVNA;2;
2006;rf;14801211;Frölunda, Tofta;ÖVRIGA_FGVAL;0;1
2006;rf;14801211;Frölunda, Tofta;BLANK;8;7
2006;rf;14801211;Frölunda, Tofta;OG;1;
2006;rf;14801231;Frölunda, Västra Järnbrott;M;252;227
2006;rf;14801231;Frölunda, Västra Järnbrott;C;19;37
2006;rf;14801231;Frölunda, Västra Järnbrott;L;106;100
2006;rf;14801231;Frölunda, Västra Järnbrott;KD;51;75
2006;rf;14801231;Frölunda, Västra Järnbrott;S;359;341
2006;rf;14801231;Frölunda, Västra Järnbrott;V;96;97
2006;rf;14801231;Frölunda, Västra Järnbrott;MP;104;72
2006;rf;14801231;Frölunda, Västra Järnbrott;SPVG;33;38
2006;rf;14801231;Frölunda, Västra Järnbrott;SD;74;38
2006;rf;14801231;Frölunda, Västra Järnbrott;PP;12;
2006;rf;14801231;Frölunda, Västra Järnbrott;K;3;3
2006;rf;14801231;Frölunda, Västra Järnbrott;RS;2;
2006;rf;14801231;Frölunda, Västra Järnbrott;ND;0;1
2006;rf;14801231;Frölunda, Västra Järnbrott;SPI;0;3
2006;rf;14801231;Frölunda, Västra Järnbrott;ÖVRIGA_FGVAL;0;1
2006;rf;14801231;Frölunda, Västra Järnbrott;BLANK;15;24
2006;rf;14801231;Frölunda, Västra Järnbrott;OG;2;
2006;rf;14801232;Frölunda, Östra Järnbrott;M;225;204
2006;rf;14801232;Frölunda, Östra Järnbrott;C;18;22
2006;rf;14801232;Frölunda, Östra Järnbrott;L;86;98
2006;rf;14801232;Frölunda, Östra Järnbrott;KD;26;53
2006;rf;14801232;Frölunda, Östra Järnbrott;S;392;377
2006;rf;14801232;Frölunda, Östra Järnbrott;V;87;98
2006;rf;14801232;Frölunda, Östra Järnbrott;MP;94;56
2006;rf;14801232;Frölunda, Östra Järnbrott;SPVG;39;20
2006;rf;14801232;Frölunda, Östra Järnbrott;SD;65;35
2006;rf;14801232;Frölunda, Östra Järnbrott;PP;12;
2006;rf;14801232;Frölunda, Östra Järnbrott;K;3;5
2006;rf;14801232;Frölunda, Östra Järnbrott;RS;1;
2006;rf;14801232;Frölunda, Östra Järnbrott;ND;0;1
2006;rf;14801232;Frölunda, Östra Järnbrott;SPI;0;5
2006;rf;14801232;Frölunda, Östra Järnbrott;HANDSKRIVNA;5;1
2006;rf;14801232;Frölunda, Östra Järnbrott;ÖVRIGA_FGVAL;0;1
2006;rf;14801232;Frölunda, Östra Järnbrott;BLANK;15;26
2006;rf;14801232;Frölunda, Östra Järnbrott;OG;0;
2006;rf;14801041;Högsbo, Högsbo;M;120;130
2006;rf;14801041;Högsbo, Högsbo;C;19;28
2006;rf;14801041;Högsbo, Högsbo;L;53;67
2006;rf;14801041;Högsbo, Högsbo;KD;30;62
2006;rf;14801041;Högsbo, Högsbo;S;343;393
2006;rf;14801041;Högsbo, Högsbo;V;148;99
2006;rf;14801041;Högsbo, Högsbo;MP;122;80
2006;rf;14801041;Högsbo, Högsbo;SPVG;33;31
2006;rf;14801041;Högsbo, Högsbo;SD;70;33
2006;rf;14801041;Högsbo, Högsbo;K;12;11
2006;rf;14801041;Högsbo, Högsbo;PP;7;
2006;rf;14801041;Högsbo, Högsbo;RS;3;
2006;rf;14801041;Högsbo, Högsbo;ND;0;4
2006;rf;14801041;Högsbo, Högsbo;SPI;0;1
2006;rf;14801041;Högsbo, Högsbo;HANDSKRIVNA;3;1
2006;rf;14801041;Högsbo, Högsbo;BLANK;7;15
2006;rf;14801041;Högsbo, Högsbo;OG;1;
2006;rf;14801043;Högsbo, Marklandsgatan m fl;M;269;243
2006;rf;14801043;Högsbo, Marklandsgatan m fl;C;22;41
2006;rf;14801043;Högsbo, Marklandsgatan m fl;L;82;110
2006;rf;14801043;Högsbo, Marklandsgatan m fl;KD;56;88
2006;rf;14801043;Högsbo, Marklandsgatan m fl;S;315;383
2006;rf;14801043;Högsbo, Marklandsgatan m fl;V;110;84
2006;rf;14801043;Högsbo, Marklandsgatan m fl;MP;145;82
2006;rf;14801043;Högsbo, Marklandsgatan m fl;SPVG;43;14
2006;rf;14801043;Högsbo, Marklandsgatan m fl;SD;38;28
2006;rf;14801043;Högsbo, Marklandsgatan m fl;PP;10;
2006;rf;14801043;Högsbo, Marklandsgatan m fl;K;3;6
2006;rf;14801043;Högsbo, Marklandsgatan m fl;RS;1;
2006;rf;14801043;Högsbo, Marklandsgatan m fl;SPI;0;6
2006;rf;14801043;Högsbo, Marklandsgatan m fl;HANDSKRIVNA;7;4
2006;rf;14801043;Högsbo, Marklandsgatan m fl;ÖVRIGA_FGVAL;0;1
2006;rf;14801043;Högsbo, Marklandsgatan m fl;BLANK;11;15
2006;rf;14801043;Högsbo, Marklandsgatan m fl;OG;0;3
2006;rf;14801032;Högsbo, Norra Högsbohöjd;M;163;113
2006;rf;14801032;Högsbo, Norra Högsbohöjd;C;22;38
2006;rf;14801032;Högsbo, Norra Högsbohöjd;L;67;88
2006;rf;14801032;Högsbo, Norra Högsbohöjd;KD;36;48
2006;rf;14801032;Högsbo, Norra Högsbohöjd;S;340;351
2006;rf;14801032;Högsbo, Norra Högsbohöjd;V;171;150
2006;rf;14801032;Högsbo, Norra Högsbohöjd;MP;166;127
2006;rf;14801032;Högsbo, Norra Högsbohöjd;SPVG;42;22
2006;rf;14801032;Högsbo, Norra Högsbohöjd;SD;49;31
2006;rf;14801032;Högsbo, Norra Högsbohöjd;K;17;20
2006;rf;14801032;Högsbo, Norra Högsbohöjd;PP;15;
2006;rf;14801032;Högsbo, Norra Högsbohöjd;RS;2;
2006;rf;14801032;Högsbo, Norra Högsbohöjd;ND;0;1
2006;rf;14801032;Högsbo, Norra Högsbohöjd;SPI;0;3
2006;rf;14801032;Högsbo, Norra Högsbohöjd;HANDSKRIVNA;10;4
2006;rf;14801032;Högsbo, Norra Högsbohöjd;BLANK;12;31
2006;rf;14801032;Högsbo, Norra Högsbohöjd;OG;0;1
2006;rf;14801012;Högsbo, Norra Kaverös;M;276;203
2006;rf;14801012;Högsbo, Norra Kaverös;C;46;34
2006;rf;14801012;Högsbo, Norra Kaverös;L;111;108
2006;rf;14801012;Högsbo, Norra Kaverös;KD;67;96
2006;rf;14801012;Högsbo, Norra Kaverös;S;472;482
2006;rf;14801012;Högsbo, Norra Kaverös;V;156;115
2006;rf;14801012;Högsbo, Norra Kaverös;MP;149;96
2006;rf;14801012;Högsbo, Norra Kaverös;SPVG;62;32
2006;rf;14801012;Högsbo, Norra Kaverös;SD;79;30
2006;rf;14801012;Högsbo, Norra Kaverös;PP;8;
2006;rf;14801012;Högsbo, Norra Kaverös;K;6;11
2006;rf;14801012;Högsbo, Norra Kaverös;RS;5;
2006;rf;14801012;Högsbo, Norra Kaverös;ND;0;3
2006;rf;14801012;Högsbo, Norra Kaverös;SPI;0;1
2006;rf;14801012;Högsbo, Norra Kaverös;HANDSKRIVNA;4;2
2006;rf;14801012;Högsbo, Norra Kaverös;BLANK;18;27
2006;rf;14801012;Högsbo, Norra Kaverös;OG;0;
2006;rf;14801031;Högsbo, Södra Högsbohöjd;M;211;205
2006;rf;14801031;Högsbo, Södra Högsbohöjd;C;29;37
2006;rf;14801031;Högsbo, Södra Högsbohöjd;L;101;95
2006;rf;14801031;Högsbo, Södra Högsbohöjd;KD;42;77
2006;rf;14801031;Högsbo, Södra Högsbohöjd;S;353;394
2006;rf;14801031;Högsbo, Södra Högsbohöjd;V;158;116
2006;rf;14801031;Högsbo, Södra Högsbohöjd;MP;139;96
2006;rf;14801031;Högsbo, Södra Högsbohöjd;SPVG;31;29
2006;rf;14801031;Högsbo, Södra Högsbohöjd;SD;44;30
2006;rf;14801031;Högsbo, Södra Högsbohöjd;K;12;10
2006;rf;14801031;Högsbo, Södra Högsbohöjd;PP;10;
2006;rf;14801031;Högsbo, Södra Högsbohöjd;RS;1;
2006;rf;14801031;Högsbo, Södra Högsbohöjd;ND;0;1
2006;rf;14801031;Högsbo, Södra Högsbohöjd;SPI;0;3
2006;rf;14801031;Högsbo, Södra Högsbohöjd;HANDSKRIVNA;7;1
2006;rf;14801031;Högsbo, Södra Högsbohöjd;ÖVRIGA_FGVAL;0;1
2006;rf;14801031;Högsbo, Södra Högsbohöjd;BLANK;18;30
2006;rf;14801031;Högsbo, Södra Högsbohöjd;OG;1;
2006;rf;14801011;Högsbo, Södra Kaverös;M;273;201
2006;rf;14801011;Högsbo, Södra Kaverös;C;31;41
2006;rf;14801011;Högsbo, Södra Kaverös;L;116;134
2006;rf;14801011;Högsbo, Södra Kaverös;KD;59;84
2006;rf;14801011;Högsbo, Södra Kaverös;S;429;458
2006;rf;14801011;Högsbo, Södra Kaverös;V;95;91
2006;rf;14801011;Högsbo, Södra Kaverös;MP;103;80
2006;rf;14801011;Högsbo, Södra Kaverös;SPVG;49;24
2006;rf;14801011;Högsbo, Södra Kaverös;SD;72;54
2006;rf;14801011;Högsbo, Södra Kaverös;K;7;8
2006;rf;14801011;Högsbo, Södra Kaverös;PP;7;
2006;rf;14801011;Högsbo, Södra Kaverös;ND;0;3
2006;rf;14801011;Högsbo, Södra Kaverös;SPI;0;4
2006;rf;14801011;Högsbo, Södra Kaverös;HANDSKRIVNA;2;1
2006;rf;14801011;Högsbo, Södra Kaverös;ÖVRIGA_FGVAL;0;2
2006;rf;14801011;Högsbo, Södra Kaverös;BLANK;14;18
2006;rf;14801011;Högsbo, Södra Kaverös;OG;2;
2006;rf;14801022;Högsbo, Västra Flatås;M;279;230
2006;rf;14801022;Högsbo, Västra Flatås;C;26;37
2006;rf;14801022;Högsbo, Västra Flatås;L;111;145
2006;rf;14801022;Högsbo, Västra Flatås;KD;60;87
2006;rf;14801022;Högsbo, Västra Flatås;S;365;398
2006;rf;14801022;Högsbo, Västra Flatås;V;71;82
2006;rf;14801022;Högsbo, Västra Flatås;MP;113;60
2006;rf;14801022;Högsbo, Västra Flatås;SPVG;49;39
2006;rf;14801022;Högsbo, Västra Flatås;SD;64;43
2006;rf;14801022;Högsbo, Västra Flatås;PP;14;
2006;rf;14801022;Högsbo, Västra Flatås;K;11;10
2006;rf;14801022;Högsbo, Västra Flatås;RS;2;
2006;rf;14801022;Högsbo, Västra Flatås;SPI;0;7
2006;rf;14801022;Högsbo, Västra Flatås;HANDSKRIVNA;3;3
2006;rf;14801022;Högsbo, Västra Flatås;BLANK;30;24
2006;rf;14801022;Högsbo, Västra Flatås;OG;2;1
2006;rf;14801042;Högsbo, Västra Högsbotorp;M;183;111
2006;rf;14801042;Högsbo, Västra Högsbotorp;C;22;25
2006;rf;14801042;Högsbo, Västra Högsbotorp;L;85;82
2006;rf;14801042;Högsbo, Västra Högsbotorp;KD;34;34
2006;rf;14801042;Högsbo, Västra Högsbotorp;S;301;295
2006;rf;14801042;Högsbo, Västra Högsbotorp;V;156;104
2006;rf;14801042;Högsbo, Västra Högsbotorp;MP;172;86
2006;rf;14801042;Högsbo, Västra Högsbotorp;SPVG;33;31
2006;rf;14801042;Högsbo, Västra Högsbotorp;SD;59;37
2006;rf;14801042;Högsbo, Västra Högsbotorp;K;18;12
2006;rf;14801042;Högsbo, Västra Högsbotorp;PP;7;
2006;rf;14801042;Högsbo, Västra Högsbotorp;RS;3;
2006;rf;14801042;Högsbo, Västra Högsbotorp;ND;0;2
2006;rf;14801042;Högsbo, Västra Högsbotorp;SPI;0;4
2006;rf;14801042;Högsbo, Västra Högsbotorp;HANDSKRIVNA;5;3
2006;rf;14801042;Högsbo, Västra Högsbotorp;BLANK;18;10
2006;rf;14801042;Högsbo, Västra Högsbotorp;OG;0;3
2006;rf;14801021;Högsbo, Östra Flatås;M;204;160
2006;rf;14801021;Högsbo, Östra Flatås;C;14;18
2006;rf;14801021;Högsbo, Östra Flatås;L;62;85
2006;rf;14801021;Högsbo, Östra Flatås;KD;34;39
2006;rf;14801021;Högsbo, Östra Flatås;S;316;352
2006;rf;14801021;Högsbo, Östra Flatås;V;63;90
2006;rf;14801021;Högsbo, Östra Flatås;MP;93;39
2006;rf;14801021;Högsbo, Östra Flatås;SPVG;40;24
2006;rf;14801021;Högsbo, Östra Flatås;SD;58;37
2006;rf;14801021;Högsbo, Östra Flatås;PP;8;
2006;rf;14801021;Högsbo, Östra Flatås;K;6;4
2006;rf;14801021;Högsbo, Östra Flatås;RS;1;
2006;rf;14801021;Högsbo, Östra Flatås;SPI;0;6
2006;rf;14801021;Högsbo, Östra Flatås;HANDSKRIVNA;2;1
2006;rf;14801021;Högsbo, Östra Flatås;ÖVRIGA_FGVAL;0;1
2006;rf;14801021;Högsbo, Östra Flatås;BLANK;23;38
2006;rf;14801021;Högsbo, Östra Flatås;OG;0;
2006;rf;14801044;Högsbo, Östra Högsbotorp;M;279;221
2006;rf;14801044;Högsbo, Östra Högsbotorp;C;33;43
2006;rf;14801044;Högsbo, Östra Högsbotorp;L;83;96
2006;rf;14801044;Högsbo, Östra Högsbotorp;KD;43;46
2006;rf;14801044;Högsbo, Östra Högsbotorp;S;314;366
2006;rf;14801044;Högsbo, Östra Högsbotorp;V;100;73
2006;rf;14801044;Högsbo, Östra Högsbotorp;MP;127;82
2006;rf;14801044;Högsbo, Östra Högsbotorp;SPVG;33;27
2006;rf;14801044;Högsbo, Östra Högsbotorp;SD;52;39
2006;rf;14801044;Högsbo, Östra Högsbotorp;K;5;7
2006;rf;14801044;Högsbo, Östra Högsbotorp;PP;4;
2006;rf;14801044;Högsbo, Östra Högsbotorp;SPI;0;2
2006;rf;14801044;Högsbo, Östra Högsbotorp;HANDSKRIVNA;2;4
2006;rf;14801044;Högsbo, Östra Högsbotorp;ÖVRIGA_FGVAL;0;1
2006;rf;14801044;Högsbo, Östra Högsbotorp;BLANK;16;13
2006;rf;14801044;Högsbo, Östra Högsbotorp;OG;0;
2006;rf;14800936;Majorna, Godhem;M;167;153
2006;rf;14800936;Majorna, Godhem;C;25;43
2006;rf;14800936;Majorna, Godhem;L;77;84
2006;rf;14800936;Majorna, Godhem;KD;45;57
2006;rf;14800936;Majorna, Godhem;S;207;214
2006;rf;14800936;Majorna, Godhem;V;193;163
2006;rf;14800936;Majorna, Godhem;MP;183;137
2006;rf;14800936;Majorna, Godhem;SPVG;36;22
2006;rf;14800936;Majorna, Godhem;SD;28;18
2006;rf;14800936;Majorna, Godhem;K;15;17
2006;rf;14800936;Majorna, Godhem;PP;11;
2006;rf;14800936;Majorna, Godhem;RS;1;
2006;rf;14800936;Majorna, Godhem;ND;0;1
2006;rf;14800936;Majorna, Godhem;HANDSKRIVNA;7;
2006;rf;14800936;Majorna, Godhem;BLANK;12;23
2006;rf;14800936;Majorna, Godhem;OG;1;
2006;rf;14800934;Majorna, Gråberget;M;305;277
2006;rf;14800934;Majorna, Gråberget;C;36;50
2006;rf;14800934;Majorna, Gråberget;L;98;137
2006;rf;14800934;Majorna, Gråberget;KD;61;70
2006;rf;14800934;Majorna, Gråberget;S;309;338
2006;rf;14800934;Majorna, Gråberget;V;181;160
2006;rf;14800934;Majorna, Gråberget;MP;200;129
2006;rf;14800934;Majorna, Gråberget;SPVG;38;22
2006;rf;14800934;Majorna, Gråberget;SD;43;34
2006;rf;14800934;Majorna, Gråberget;K;13;14
2006;rf;14800934;Majorna, Gråberget;PP;6;
2006;rf;14800934;Majorna, Gråberget;RS;2;
2006;rf;14800934;Majorna, Gråberget;SPI;0;4
2006;rf;14800934;Majorna, Gråberget;HANDSKRIVNA;2;
2006;rf;14800934;Majorna, Gråberget;ÖVRIGA_FGVAL;0;1
2006;rf;14800934;Majorna, Gråberget;BLANK;29;28
2006;rf;14800934;Majorna, Gråberget;OG;0;
2006;rf;14800933;Majorna, Hängmattan;M;164;175
2006;rf;14800933;Majorna, Hängmattan;C;12;32
2006;rf;14800933;Majorna, Hängmattan;L;62;70
2006;rf;14800933;Majorna, Hängmattan;KD;24;26
2006;rf;14800933;Majorna, Hängmattan;S;266;243
2006;rf;14800933;Majorna, Hängmattan;V;148;128
2006;rf;14800933;Majorna, Hängmattan;MP;151;90
2006;rf;14800933;Majorna, Hängmattan;SPVG;22;14
2006;rf;14800933;Majorna, Hängmattan;SD;33;16
2006;rf;14800933;Majorna, Hängmattan;K;11;17
2006;rf;14800933;Majorna, Hängmattan;PP;4;
2006;rf;14800933;Majorna, Hängmattan;RS;2;
2006;rf;14800933;Majorna, Hängmattan;SPI;0;4
2006;rf;14800933;Majorna, Hängmattan;HANDSKRIVNA;10;5
2006;rf;14800933;Majorna, Hängmattan;BLANK;6;12
2006;rf;14800933;Majorna, Hängmattan;OG;0;2
2006;rf;14800916;Majorna, Klippan;M;263;130
2006;rf;14800916;Majorna, Klippan;C;20;30
2006;rf;14800916;Majorna, Klippan;L;80;76
2006;rf;14800916;Majorna, Klippan;KD;24;18
2006;rf;14800916;Majorna, Klippan;S;350;289
2006;rf;14800916;Majorna, Klippan;V;282;218
2006;rf;14800916;Majorna, Klippan;MP;262;192
2006;rf;14800916;Majorna, Klippan;SPVG;20;16
2006;rf;14800916;Majorna, Klippan;SD;44;22
2006;rf;14800916;Majorna, Klippan;K;19;36
2006;rf;14800916;Majorna, Klippan;PP;11;
2006;rf;14800916;Majorna, Klippan;RS;3;
2006;rf;14800916;Majorna, Klippan;ND;0;4
2006;rf;14800916;Majorna, Klippan;HANDSKRIVNA;0;1
2006;rf;14800916;Majorna, Klippan;ÖVRIGA_FGVAL;0;1
2006;rf;14800916;Majorna, Klippan;BLANK;28;35
2006;rf;14800916;Majorna, Klippan;OG;0;
2006;rf;14800913;Majorna, Kungsladugård;M;149;116
2006;rf;14800913;Majorna, Kungsladugård;C;25;39
2006;rf;14800913;Majorna, Kungsladugård;L;58;89
2006;rf;14800913;Majorna, Kungsladugård;KD;26;37
2006;rf;14800913;Majorna, Kungsladugård;S;253;263
2006;rf;14800913;Majorna, Kungsladugård;V;261;200
2006;rf;14800913;Majorna, Kungsladugård;MP;242;195
2006;rf;14800913;Majorna, Kungsladugård;SPVG;29;18
2006;rf;14800913;Majorna, Kungsladugård;SD;43;11
2006;rf;14800913;Majorna, Kungsladugård;K;21;27
2006;rf;14800913;Majorna, Kungsladugård;PP;10;
2006;rf;14800913;Majorna, Kungsladugård;RS;5;
2006;rf;14800913;Majorna, Kungsladugård;SPI;0;1
2006;rf;14800913;Majorna, Kungsladugård;HANDSKRIVNA;7;3
2006;rf;14800913;Majorna, Kungsladugård;ÖVRIGA_FGVAL;0;1
2006;rf;14800913;Majorna, Kungsladugård;BLANK;16;36
2006;rf;14800913;Majorna, Kungsladugård;OG;0;1
2006;rf;14800932;Majorna, Majorna;M;233;223
2006;rf;14800932;Majorna, Majorna;C;22;29
2006;rf;14800932;Majorna, Majorna;L;80;81
2006;rf;14800932;Majorna, Majorna;KD;42;54
2006;rf;14800932;Majorna, Majorna;S;260;252
2006;rf;14800932;Majorna, Majorna;V;139;130
2006;rf;14800932;Majorna, Majorna;MP;141;93
2006;rf;14800932;Majorna, Majorna;SPVG;26;10
2006;rf;14800932;Majorna, Majorna;SD;36;20
2006;rf;14800932;Majorna, Majorna;K;9;22
2006;rf;14800932;Majorna, Majorna;PP;3;
2006;rf;14800932;Majorna, Majorna;ND;0;2
2006;rf;14800932;Majorna, Majorna;HANDSKRIVNA;5;3
2006;rf;14800932;Majorna, Majorna;ÖVRIGA_FGVAL;0;1
2006;rf;14800932;Majorna, Majorna;BLANK;11;16
2006;rf;14800932;Majorna, Majorna;OG;0;
2006;rf;14800914;Majorna, Mariaplan;M;123;128
2006;rf;14800914;Majorna, Mariaplan;C;26;32
2006;rf;14800914;Majorna, Mariaplan;L;44;68
2006;rf;14800914;Majorna, Mariaplan;KD;18;29
2006;rf;14800914;Majorna, Mariaplan;S;231;229
2006;rf;14800914;Majorna, Mariaplan;V;242;212
2006;rf;14800914;Majorna, Mariaplan;MP;253;208
2006;rf;14800914;Majorna, Mariaplan;SPVG;21;16
2006;rf;14800914;Majorna, Mariaplan;SD;42;23
2006;rf;14800914;Majorna, Mariaplan;K;21;19
2006;rf;14800914;Majorna, Mariaplan;PP;15;
2006;rf;14800914;Majorna, Mariaplan;ND;0;1
2006;rf;14800914;Majorna, Mariaplan;SPI;0;1
2006;rf;14800914;Majorna, Mariaplan;HANDSKRIVNA;6;3
2006;rf;14800914;Majorna, Mariaplan;BLANK;13;22
2006;rf;14800914;Majorna, Mariaplan;OG;0;2
2006;rf;14800935;Majorna, Marieberg;M;178;173
2006;rf;14800935;Majorna, Marieberg;C;33;51
2006;rf;14800935;Majorna, Marieberg;L;90;124
2006;rf;14800935;Majorna, Marieberg;KD;33;50
2006;rf;14800935;Majorna, Marieberg;S;320;313
2006;rf;14800935;Majorna, Marieberg;V;329;289
2006;rf;14800935;Majorna, Marieberg;MP;339;231
2006;rf;14800935;Majorna, Marieberg;SPVG;30;24
2006;rf;14800935;Majorna, Marieberg;SD;39;23
2006;rf;14800935;Majorna, Marieberg;K;28;42
2006;rf;14800935;Majorna, Marieberg;PP;16;
2006;rf;14800935;Majorna, Marieberg;RS;3;
2006;rf;14800935;Majorna, Marieberg;SPI;0;3
2006;rf;14800935;Majorna, Marieberg;HANDSKRIVNA;7;12
2006;rf;14800935;Majorna, Marieberg;BLANK;20;32
2006;rf;14800935;Majorna, Marieberg;OG;0;
2006;rf;14800921;Majorna, Sandarne;M;186;174
2006;rf;14800921;Majorna, Sandarne;C;26;39
2006;rf;14800921;Majorna, Sandarne;L;69;88
2006;rf;14800921;Majorna, Sandarne;KD;30;45
2006;rf;14800921;Majorna, Sandarne;S;339;314
2006;rf;14800921;Majorna, Sandarne;V;236;217
2006;rf;14800921;Majorna, Sandarne;MP;211;164
2006;rf;14800921;Majorna, Sandarne;SPVG;36;33
2006;rf;14800921;Majorna, Sandarne;SD;81;41
2006;rf;14800921;Majorna, Sandarne;K;21;20
2006;rf;14800921;Majorna, Sandarne;PP;10;
2006;rf;14800921;Majorna, Sandarne;RS;2;
2006;rf;14800921;Majorna, Sandarne;ND;0;2
2006;rf;14800921;Majorna, Sandarne;SPI;0;1
2006;rf;14800921;Majorna, Sandarne;HANDSKRIVNA;9;5
2006;rf;14800921;Majorna, Sandarne;BLANK;13;34
2006;rf;14800921;Majorna, Sandarne;OG;0;1
2006;rf;14800915;Majorna, Silverkällan;M;138;137
2006;rf;14800915;Majorna, Silverkällan;C;26;35
2006;rf;14800915;Majorna, Silverkällan;L;54;88
2006;rf;14800915;Majorna, Silverkällan;KD;19;22
2006;rf;14800915;Majorna, Silverkällan;S;268;266
2006;rf;14800915;Majorna, Silverkällan;V;258;251
2006;rf;14800915;Majorna, Silverkällan;MP;277;222
2006;rf;14800915;Majorna, Silverkällan;SPVG;24;12
2006;rf;14800915;Majorna, Silverkällan;SD;34;22
2006;rf;14800915;Majorna, Silverkällan;K;22;32
2006;rf;14800915;Majorna, Silverkällan;PP;10;
2006;rf;14800915;Majorna, Silverkällan;RS;1;
2006;rf;14800915;Majorna, Silverkällan;ND;0;3
2006;rf;14800915;Majorna, Silverkällan;SPI;0;1
2006;rf;14800915;Majorna, Silverkällan;HANDSKRIVNA;7;1
2006;rf;14800915;Majorna, Silverkällan;ÖVRIGA_FGVAL;0;1
2006;rf;14800915;Majorna, Silverkällan;BLANK;22;35
2006;rf;14800915;Majorna, Silverkällan;OG;1;1
2006;rf;14800912;Majorna, Skytteskogen;M;305;269
2006;rf;14800912;Majorna, Skytteskogen;C;33;41
2006;rf;14800912;Majorna, Skytteskogen;L;137;171
2006;rf;14800912;Majorna, Skytteskogen;KD;56;59
2006;rf;14800912;Majorna, Skytteskogen;S;229;247
2006;rf;14800912;Majorna, Skytteskogen;V;241;197
2006;rf;14800912;Majorna, Skytteskogen;MP;302;236
2006;rf;14800912;Majorna, Skytteskogen;SPVG;16;17
2006;rf;14800912;Majorna, Skytteskogen;SD;25;18
2006;rf;14800912;Majorna, Skytteskogen;K;18;10
2006;rf;14800912;Majorna, Skytteskogen;PP;11;
2006;rf;14800912;Majorna, Skytteskogen;SPI;0;2
2006;rf;14800912;Majorna, Skytteskogen;HANDSKRIVNA;6;
2006;rf;14800912;Majorna, Skytteskogen;BLANK;23;27
2006;rf;14800912;Majorna, Skytteskogen;OG;1;
2006;rf;14800931;Majorna, Slottsskogsgatan m fl;M;308;275
2006;rf;14800931;Majorna, Slottsskogsgatan m fl;C;49;47
2006;rf;14800931;Majorna, Slottsskogsgatan m fl;L;100;130
2006;rf;14800931;Majorna, Slottsskogsgatan m fl;KD;44;58
2006;rf;14800931;Majorna, Slottsskogsgatan m fl;S;354;365
2006;rf;14800931;Majorna, Slottsskogsgatan m fl;V;192;172
2006;rf;14800931;Majorna, Slottsskogsgatan m fl;MP;234;160
2006;rf;14800931;Majorna, Slottsskogsgatan m fl;SPVG;40;35
2006;rf;14800931;Majorna, Slottsskogsgatan m fl;SD;50;29
2006;rf;14800931;Majorna, Slottsskogsgatan m fl;PP;14;
2006;rf;14800931;Majorna, Slottsskogsgatan m fl;K;12;23
2006;rf;14800931;Majorna, Slottsskogsgatan m fl;RS;2;
2006;rf;14800931;Majorna, Slottsskogsgatan m fl;SPI;0;8
2006;rf;14800931;Majorna, Slottsskogsgatan m fl;HANDSKRIVNA;6;4
2006;rf;14800931;Majorna, Slottsskogsgatan m fl;ÖVRIGA_FGVAL;0;1
2006;rf;14800931;Majorna, Slottsskogsgatan m fl;BLANK;13;34
2006;rf;14800931;Majorna, Slottsskogsgatan m fl;OG;2;2
2006;rf;14800911;Majorna, Svalebo;M;165;166
2006;rf;14800911;Majorna, Svalebo;C;30;44
2006;rf;14800911;Majorna, Svalebo;L;82;100
2006;rf;14800911;Majorna, Svalebo;KD;41;54
2006;rf;14800911;Majorna, Svalebo;S;200;224
2006;rf;14800911;Majorna, Svalebo;V;138;117
2006;rf;14800911;Majorna, Svalebo;MP;180;146
2006;rf;14800911;Majorna, Svalebo;SPVG;22;20
2006;rf;14800911;Majorna, Svalebo;SD;56;21
2006;rf;14800911;Majorna, Svalebo;K;12;16
2006;rf;14800911;Majorna, Svalebo;PP;3;
2006;rf;14800911;Majorna, Svalebo;ND;0;1
2006;rf;14800911;Majorna, Svalebo;RS;0;1
2006;rf;14800911;Majorna, Svalebo;SPI;0;5
2006;rf;14800911;Majorna, Svalebo;HANDSKRIVNA;2;2
2006;rf;14800911;Majorna, Svalebo;ÖVRIGA_FGVAL;0;1
2006;rf;14800911;Majorna, Svalebo;BLANK;20;18
2006;rf;14800911;Majorna, Svalebo;OG;0;
2006;rf;14801513;Södra Skärgården, Brännö-Asperö;M;232;169
2006;rf;14801513;Södra Skärgården, Brännö-Asperö;C;18;32
2006;rf;14801513;Södra Skärgården, Brännö-Asperö;L;85;67
2006;rf;14801513;Södra Skärgården, Brännö-Asperö;KD;61;68
2006;rf;14801513;Södra Skärgården, Brännö-Asperö;S;157;173
2006;rf;14801513;Södra Skärgården, Brännö-Asperö;V;81;83
2006;rf;14801513;Södra Skärgården, Brännö-Asperö;MP;134;117
2006;rf;14801513;Södra Skärgården, Brännö-Asperö;SPVG;21;10
2006;rf;14801513;Södra Skärgården, Brännö-Asperö;SD;17;14
2006;rf;14801513;Södra Skärgården, Brännö-Asperö;PP;4;
2006;rf;14801513;Södra Skärgården, Brännö-Asperö;K;2;3
2006;rf;14801513;Södra Skärgården, Brännö-Asperö;ND;0;1
2006;rf;14801513;Södra Skärgården, Brännö-Asperö;SPI;0;5
2006;rf;14801513;Södra Skärgården, Brännö-Asperö;HANDSKRIVNA;8;2
2006;rf;14801513;Södra Skärgården, Brännö-Asperö;BLANK;10;14
2006;rf;14801513;Södra Skärgården, Brännö-Asperö;OG;0;
2006;rf;14801511;Södra Skärgården, Donsö-Vrångö;M;236;186
2006;rf;14801511;Södra Skärgården, Donsö-Vrångö;C;87;71
2006;rf;14801511;Södra Skärgården, Donsö-Vrångö;L;132;150
2006;rf;14801511;Södra Skärgården, Donsö-Vrångö;KD;468;525
2006;rf;14801511;Södra Skärgården, Donsö-Vrångö;S;105;120
2006;rf;14801511;Södra Skärgården, Donsö-Vrångö;V;22;25
2006;rf;14801511;Södra Skärgården, Donsö-Vrångö;MP;45;19
2006;rf;14801511;Södra Skärgården, Donsö-Vrångö;SPVG;22;4
2006;rf;14801511;Södra Skärgården, Donsö-Vrångö;SD;32;18
2006;rf;14801511;Södra Skärgården, Donsö-Vrångö;K;5;4
2006;rf;14801511;Södra Skärgården, Donsö-Vrångö;PP;3;
2006;rf;14801511;Södra Skärgården, Donsö-Vrångö;RS;1;
2006;rf;14801511;Södra Skärgården, Donsö-Vrångö;HANDSKRIVNA;1;1
2006;rf;14801511;Södra Skärgården, Donsö-Vrångö;ÖVRIGA_FGVAL;0;1
2006;rf;14801511;Södra Skärgården, Donsö-Vrångö;BLANK;9;13
2006;rf;14801511;Södra Skärgården, Donsö-Vrångö;OG;0;1
2006;rf;14801512;Södra Skärgården, Styrsö-Köpstadsö;M;270;192
2006;rf;14801512;Södra Skärgården, Styrsö-Köpstadsö;C;40;72
2006;rf;14801512;Södra Skärgården, Styrsö-Köpstadsö;L;80;108
2006;rf;14801512;Södra Skärgården, Styrsö-Köpstadsö;KD;129;160
2006;rf;14801512;Södra Skärgården, Styrsö-Köpstadsö;S;137;155
2006;rf;14801512;Södra Skärgården, Styrsö-Köpstadsö;V;94;81
2006;rf;14801512;Södra Skärgården, Styrsö-Köpstadsö;MP;86;70
2006;rf;14801512;Södra Skärgården, Styrsö-Köpstadsö;SPVG;35;9
2006;rf;14801512;Södra Skärgården, Styrsö-Köpstadsö;SD;26;18
2006;rf;14801512;Södra Skärgården, Styrsö-Köpstadsö;K;10;7
2006;rf;14801512;Södra Skärgården, Styrsö-Köpstadsö;PP;8;
2006;rf;14801512;Södra Skärgården, Styrsö-Köpstadsö;SPI;0;2
2006;rf;14801512;Södra Skärgården, Styrsö-Köpstadsö;HANDSKRIVNA;6;3
2006;rf;14801512;Södra Skärgården, Styrsö-Köpstadsö;BLANK;17;20
2006;rf;14801512;Södra Skärgården, Styrsö-Köpstadsö;OG;0;1
2006;rf;14801421;Tynnered, Beryllgatan-Guldringen;M;318;267
2006;rf;14801421;Tynnered, Beryllgatan-Guldringen;C;30;33
2006;rf;14801421;Tynnered, Beryllgatan-Guldringen;L;110;110
2006;rf;14801421;Tynnered, Beryllgatan-Guldringen;KD;121;131
2006;rf;14801421;Tynnered, Beryllgatan-Guldringen;S;499;590
2006;rf;14801421;Tynnered, Beryllgatan-Guldringen;V;81;87
2006;rf;14801421;Tynnered, Beryllgatan-Guldringen;MP;88;68
2006;rf;14801421;Tynnered, Beryllgatan-Guldringen;SPVG;66;35
2006;rf;14801421;Tynnered, Beryllgatan-Guldringen;SD;97;75
2006;rf;14801421;Tynnered, Beryllgatan-Guldringen;PP;15;
2006;rf;14801421;Tynnered, Beryllgatan-Guldringen;K;4;8
2006;rf;14801421;Tynnered, Beryllgatan-Guldringen;SPI;0;3
2006;rf;14801421;Tynnered, Beryllgatan-Guldringen;HANDSKRIVNA;2;
2006;rf;14801421;Tynnered, Beryllgatan-Guldringen;BLANK;25;22
2006;rf;14801421;Tynnered, Beryllgatan-Guldringen;OG;0;
2006;rf;14801411;Tynnered, Bratthammar;M;671;580
2006;rf;14801411;Tynnered, Bratthammar;C;36;31
2006;rf;14801411;Tynnered, Bratthammar;L;210;221
2006;rf;14801411;Tynnered, Bratthammar;KD;215;262
2006;rf;14801411;Tynnered, Bratthammar;S;294;369
2006;rf;14801411;Tynnered, Bratthammar;V;37;43
2006;rf;14801411;Tynnered, Bratthammar;MP;75;53
2006;rf;14801411;Tynnered, Bratthammar;SPVG;53;18
2006;rf;14801411;Tynnered, Bratthammar;SD;38;23
2006;rf;14801411;Tynnered, Bratthammar;PP;6;
2006;rf;14801411;Tynnered, Bratthammar;SPI;0;2
2006;rf;14801411;Tynnered, Bratthammar;HANDSKRIVNA;3;2
2006;rf;14801411;Tynnered, Bratthammar;ÖVRIGA_FGVAL;0;7
2006;rf;14801411;Tynnered, Bratthammar;BLANK;12;11
2006;rf;14801411;Tynnered, Bratthammar;OG;0;
2006;rf;14801461;Tynnered, Grevegården;M;144;129
2006;rf;14801461;Tynnered, Grevegården;C;12;21
2006;rf;14801461;Tynnered, Grevegården;L;49;80
2006;rf;14801461;Tynnered, Grevegården;KD;23;56
2006;rf;14801461;Tynnered, Grevegården;S;398;336
2006;rf;14801461;Tynnered, Grevegården;V;76;75
2006;rf;14801461;Tynnered, Grevegården;MP;104;47
2006;rf;14801461;Tynnered, Grevegården;SPVG;23;11
2006;rf;14801461;Tynnered, Grevegården;SD;48;35
2006;rf;14801461;Tynnered, Grevegården;K;8;17
2006;rf;14801461;Tynnered, Grevegården;PP;5;
2006;rf;14801461;Tynnered, Grevegården;ND;0;1
2006;rf;14801461;Tynnered, Grevegården;SPI;0;2
2006;rf;14801461;Tynnered, Grevegården;HANDSKRIVNA;7;
2006;rf;14801461;Tynnered, Grevegården;ÖVRIGA_FGVAL;0;1
2006;rf;14801461;Tynnered, Grevegården;BLANK;12;26
2006;rf;14801461;Tynnered, Grevegården;OG;0;
2006;rf;14801441;Tynnered, Korsåsen;M;214;189
2006;rf;14801441;Tynnered, Korsåsen;C;18;28
2006;rf;14801441;Tynnered, Korsåsen;L;61;83
2006;rf;14801441;Tynnered, Korsåsen;KD;50;79
2006;rf;14801441;Tynnered, Korsåsen;S;417;376
2006;rf;14801441;Tynnered, Korsåsen;V;56;64
2006;rf;14801441;Tynnered, Korsåsen;MP;65;43
2006;rf;14801441;Tynnered, Korsåsen;SPVG;24;19
2006;rf;14801441;Tynnered, Korsåsen;SD;54;14
2006;rf;14801441;Tynnered, Korsåsen;K;4;4
2006;rf;14801441;Tynnered, Korsåsen;PP;2;
2006;rf;14801441;Tynnered, Korsåsen;ND;0;2
2006;rf;14801441;Tynnered, Korsåsen;SPI;0;4
2006;rf;14801441;Tynnered, Korsåsen;HANDSKRIVNA;1;1
2006;rf;14801441;Tynnered, Korsåsen;BLANK;12;12
2006;rf;14801441;Tynnered, Korsåsen;OG;0;
2006;rf;14801472;Tynnered, Norra Näset;M;727;596
2006;rf;14801472;Tynnered, Norra Näset;C;43;33
2006;rf;14801472;Tynnered, Norra Näset;L;228;218
2006;rf;14801472;Tynnered, Norra Näset;KD;117;188
2006;rf;14801472;Tynnered, Norra Näset;S;177;254
2006;rf;14801472;Tynnered, Norra Näset;V;26;29
2006;rf;14801472;Tynnered, Norra Näset;MP;66;49
2006;rf;14801472;Tynnered, Norra Näset;SPVG;50;10
2006;rf;14801472;Tynnered, Norra Näset;SD;30;33
2006;rf;14801472;Tynnered, Norra Näset;K;2;2
2006;rf;14801472;Tynnered, Norra Näset;PP;2;
2006;rf;14801472;Tynnered, Norra Näset;SPI;0;1
2006;rf;14801472;Tynnered, Norra Näset;HANDSKRIVNA;1;
2006;rf;14801472;Tynnered, Norra Näset;BLANK;7;11
2006;rf;14801472;Tynnered, Norra Näset;OG;0;
2006;rf;14801482;Tynnered, Norra Opaltorget;M;138;143
2006;rf;14801482;Tynnered, Norra Opaltorget;C;14;22
2006;rf;14801482;Tynnered, Norra Opaltorget;L;51;47
2006;rf;14801482;Tynnered, Norra Opaltorget;KD;41;77
2006;rf;14801482;Tynnered, Norra Opaltorget;S;448;442
2006;rf;14801482;Tynnered, Norra Opaltorget;V;87;80
2006;rf;14801482;Tynnered, Norra Opaltorget;MP;66;44
2006;rf;14801482;Tynnered, Norra Opaltorget;SPVG;39;17
2006;rf;14801482;Tynnered, Norra Opaltorget;SD;96;73
2006;rf;14801482;Tynnered, Norra Opaltorget;K;10;13
2006;rf;14801482;Tynnered, Norra Opaltorget;PP;5;
2006;rf;14801482;Tynnered, Norra Opaltorget;ND;0;1
2006;rf;14801482;Tynnered, Norra Opaltorget;SPI;0;7
2006;rf;14801482;Tynnered, Norra Opaltorget;HANDSKRIVNA;6;4
2006;rf;14801482;Tynnered, Norra Opaltorget;BLANK;21;20
2006;rf;14801482;Tynnered, Norra Opaltorget;OG;0;
2006;rf;14801462;Tynnered, Skattegården;M;122;117
2006;rf;14801462;Tynnered, Skattegården;C;4;21
2006;rf;14801462;Tynnered, Skattegården;L;34;58
2006;rf;14801462;Tynnered, Skattegården;KD;58;91
2006;rf;14801462;Tynnered, Skattegården;S;655;534
2006;rf;14801462;Tynnered, Skattegården;V;69;66
2006;rf;14801462;Tynnered, Skattegården;MP;54;50
2006;rf;14801462;Tynnered, Skattegården;SPVG;18;18
2006;rf;14801462;Tynnered, Skattegården;SD;32;25
2006;rf;14801462;Tynnered, Skattegården;K;1;9
2006;rf;14801462;Tynnered, Skattegården;PP;1;
2006;rf;14801462;Tynnered, Skattegården;RS;1;
2006;rf;14801462;Tynnered, Skattegården;ND;0;2
2006;rf;14801462;Tynnered, Skattegården;SPI;0;3
2006;rf;14801462;Tynnered, Skattegården;HANDSKRIVNA;0;1
2006;rf;14801462;Tynnered, Skattegården;BLANK;9;12
2006;rf;14801462;Tynnered, Skattegården;OG;0;
2006;rf;14801471;Tynnered, Södra Näset;M;633;534
2006;rf;14801471;Tynnered, Södra Näset;C;44;27
2006;rf;14801471;Tynnered, Södra Näset;L;165;180
2006;rf;14801471;Tynnered, Södra Näset;KD;95;126
2006;rf;14801471;Tynnered, Södra Näset;S;112;136
2006;rf;14801471;Tynnered, Södra Näset;V;11;13
2006;rf;14801471;Tynnered, Södra Näset;MP;45;28
2006;rf;14801471;Tynnered, Södra Näset;SPVG;19;10
2006;rf;14801471;Tynnered, Södra Näset;SD;29;16
2006;rf;14801471;Tynnered, Södra Näset;K;5;8
2006;rf;14801471;Tynnered, Södra Näset;PP;1;
2006;rf;14801471;Tynnered, Södra Näset;RS;1;
2006;rf;14801471;Tynnered, Södra Näset;SPI;0;1
2006;rf;14801471;Tynnered, Södra Näset;HANDSKRIVNA;2;2
2006;rf;14801471;Tynnered, Södra Näset;BLANK;18;13
2006;rf;14801471;Tynnered, Södra Näset;OG;0;1
2006;rf;14801481;Tynnered, Södra Opaltorget;M;198;163
2006;rf;14801481;Tynnered, Södra Opaltorget;C;11;15
2006;rf;14801481;Tynnered, Södra Opaltorget;L;65;64
2006;rf;14801481;Tynnered, Södra Opaltorget;KD;63;54
2006;rf;14801481;Tynnered, Södra Opaltorget;S;229;265
2006;rf;14801481;Tynnered, Södra Opaltorget;V;31;41
2006;rf;14801481;Tynnered, Södra Opaltorget;MP;48;41
2006;rf;14801481;Tynnered, Södra Opaltorget;SPVG;33;22
2006;rf;14801481;Tynnered, Södra Opaltorget;SD;46;34
2006;rf;14801481;Tynnered, Södra Opaltorget;K;5;16
2006;rf;14801481;Tynnered, Södra Opaltorget;PP;4;
2006;rf;14801481;Tynnered, Södra Opaltorget;ND;0;1
2006;rf;14801481;Tynnered, Södra Opaltorget;SPI;0;5
2006;rf;14801481;Tynnered, Södra Opaltorget;HANDSKRIVNA;1;1
2006;rf;14801481;Tynnered, Södra Opaltorget;BLANK;12;12
2006;rf;14801481;Tynnered, Södra Opaltorget;OG;0;
2006;rf;14801431;Tynnered, Tynnered;M;289;272
2006;rf;14801431;Tynnered, Tynnered;C;21;21
2006;rf;14801431;Tynnered, Tynnered;L;90;118
2006;rf;14801431;Tynnered, Tynnered;KD;93;148
2006;rf;14801431;Tynnered, Tynnered;S;570;528
2006;rf;14801431;Tynnered, Tynnered;V;92;87
2006;rf;14801431;Tynnered, Tynnered;MP;115;76
2006;rf;14801431;Tynnered, Tynnered;SPVG;49;31
2006;rf;14801431;Tynnered, Tynnered;SD;107;54
2006;rf;14801431;Tynnered, Tynnered;PP;9;
2006;rf;14801431;Tynnered, Tynnered;K;5;7
2006;rf;14801431;Tynnered, Tynnered;RS;1;
2006;rf;14801431;Tynnered, Tynnered;SPI;0;5
2006;rf;14801431;Tynnered, Tynnered;HANDSKRIVNA;2;4
2006;rf;14801431;Tynnered, Tynnered;ÖVRIGA_FGVAL;0;1
2006;rf;14801431;Tynnered, Tynnered;BLANK;32;30
2006;rf;14801431;Tynnered, Tynnered;OG;1;2
2006;rf;14801451;Tynnered, Västra Önnered;M;466;409
2006;rf;14801451;Tynnered, Västra Önnered;C;24;36
2006;rf;14801451;Tynnered, Västra Önnered;L;127;140
2006;rf;14801451;Tynnered, Västra Önnered;KD;272;291
2006;rf;14801451;Tynnered, Västra Önnered;S;169;167
2006;rf;14801451;Tynnered, Västra Önnered;V;23;23
2006;rf;14801451;Tynnered, Västra Önnered;MP;38;19
2006;rf;14801451;Tynnered, Västra Önnered;SPVG;20;7
2006;rf;14801451;Tynnered, Västra Önnered;SD;39;18
2006;rf;14801451;Tynnered, Västra Önnered;PP;2;
2006;rf;14801451;Tynnered, Västra Önnered;K;1;
2006;rf;14801451;Tynnered, Västra Önnered;HANDSKRIVNA;0;2
2006;rf;14801451;Tynnered, Västra Önnered;BLANK;6;12
2006;rf;14801451;Tynnered, Västra Önnered;OG;0;
2006;rf;14801473;Tynnered, Åkered;M;631;561
2006;rf;14801473;Tynnered, Åkered;C;35;46
2006;rf;14801473;Tynnered, Åkered;L;208;203
2006;rf;14801473;Tynnered, Åkered;KD;105;133
2006;rf;14801473;Tynnered, Åkered;S;175;200
2006;rf;14801473;Tynnered, Åkered;V;20;27
2006;rf;14801473;Tynnered, Åkered;MP;47;39
2006;rf;14801473;Tynnered, Åkered;SPVG;34;19
2006;rf;14801473;Tynnered, Åkered;SD;35;22
2006;rf;14801473;Tynnered, Åkered;PP;3;
2006;rf;14801473;Tynnered, Åkered;K;1;5
2006;rf;14801473;Tynnered, Åkered;RS;1;1
2006;rf;14801473;Tynnered, Åkered;SPI;0;3
2006;rf;14801473;Tynnered, Åkered;BLANK;12;16
2006;rf;14801473;Tynnered, Åkered;OG;1;
2006;rf;14801442;Tynnered, Ängås;M;127;99
2006;rf;14801442;Tynnered, Ängås;C;6;10
2006;rf;14801442;Tynnered, Ängås;L;39;36
2006;rf;14801442;Tynnered, Ängås;KD;29;49
2006;rf;14801442;Tynnered, Ängås;S;463;400
2006;rf;14801442;Tynnered, Ängås;V;95;96
2006;rf;14801442;Tynnered, Ängås;MP;60;46
2006;rf;14801442;Tynnered, Ängås;SPVG;28;26
2006;rf;14801442;Tynnered, Ängås;SD;54;38
2006;rf;14801442;Tynnered, Ängås;PP;12;
2006;rf;14801442;Tynnered, Ängås;K;1;7
2006;rf;14801442;Tynnered, Ängås;ND;0;2
2006;rf;14801442;Tynnered, Ängås;RS;0;1
2006;rf;14801442;Tynnered, Ängås;SPI;0;2
2006;rf;14801442;Tynnered, Ängås;HANDSKRIVNA;3;2
2006;rf;14801442;Tynnered, Ängås;ÖVRIGA_FGVAL;0;3
2006;rf;14801442;Tynnered, Ängås;BLANK;9;13
2006;rf;14801442;Tynnered, Ängås;OG;1;1
2006;rf;14801452;Tynnered, Östra Önnered;M;469;401
2006;rf;14801452;Tynnered, Östra Önnered;C;32;41
2006;rf;14801452;Tynnered, Östra Önnered;L;139;147
2006;rf;14801452;Tynnered, Östra Önnered;KD;143;162
2006;rf;14801452;Tynnered, Östra Önnered;S;321;342
2006;rf;14801452;Tynnered, Östra Önnered;V;50;58
2006;rf;14801452;Tynnered, Östra Önnered;MP;79;49
2006;rf;14801452;Tynnered, Östra Önnered;SPVG;20;20
2006;rf;14801452;Tynnered, Östra Önnered;SD;39;20
2006;rf;14801452;Tynnered, Östra Önnered;PP;3;
2006;rf;14801452;Tynnered, Östra Önnered;K;2;
2006;rf;14801452;Tynnered, Östra Önnered;ND;0;1
2006;rf;14801452;Tynnered, Östra Önnered;SPI;0;1
2006;rf;14801452;Tynnered, Östra Önnered;HANDSKRIVNA;4;4
2006;rf;14801452;Tynnered, Östra Önnered;BLANK;17;21
2006;rf;14801452;Tynnered, Östra Önnered;OG;0;
2006;rf;14801114;Älvsborg, Björnekulla;M;589;477
2006;rf;14801114;Älvsborg, Björnekulla;C;41;49
2006;rf;14801114;Älvsborg, Björnekulla;L;151;171
2006;rf;14801114;Älvsborg, Björnekulla;KD;127;163
2006;rf;14801114;Älvsborg, Björnekulla;S;215;268
2006;rf;14801114;Älvsborg, Björnekulla;V;35;38
2006;rf;14801114;Älvsborg, Björnekulla;MP;64;40
2006;rf;14801114;Älvsborg, Björnekulla;SPVG;41;17
2006;rf;14801114;Älvsborg, Björnekulla;SD;30;20
2006;rf;14801114;Älvsborg, Björnekulla;K;6;
2006;rf;14801114;Älvsborg, Björnekulla;PP;1;
2006;rf;14801114;Älvsborg, Björnekulla;SPI;0;7
2006;rf;14801114;Älvsborg, Björnekulla;HANDSKRIVNA;1;2
2006;rf;14801114;Älvsborg, Björnekulla;ÖVRIGA_FGVAL;0;3
2006;rf;14801114;Älvsborg, Björnekulla;BLANK;9;7
2006;rf;14801114;Älvsborg, Björnekulla;OG;0;1
2006;rf;14801142;Älvsborg, Ekebäck;M;522;438
2006;rf;14801142;Älvsborg, Ekebäck;C;34;39
2006;rf;14801142;Älvsborg, Ekebäck;L;184;175
2006;rf;14801142;Älvsborg, Ekebäck;KD;60;94
2006;rf;14801142;Älvsborg, Ekebäck;S;182;210
2006;rf;14801142;Älvsborg, Ekebäck;V;81;67
2006;rf;14801142;Älvsborg, Ekebäck;MP;147;107
2006;rf;14801142;Älvsborg, Ekebäck;SPVG;29;22
2006;rf;14801142;Älvsborg, Ekebäck;SD;30;22
2006;rf;14801142;Älvsborg, Ekebäck;PP;5;
2006;rf;14801142;Älvsborg, Ekebäck;K;2;11
2006;rf;14801142;Älvsborg, Ekebäck;ND;0;1
2006;rf;14801142;Älvsborg, Ekebäck;RS;0;1
2006;rf;14801142;Älvsborg, Ekebäck;HANDSKRIVNA;3;1
2006;rf;14801142;Älvsborg, Ekebäck;BLANK;13;17
2006;rf;14801142;Älvsborg, Ekebäck;OG;0;1
2006;rf;14801141;Älvsborg, Grimmered;M;627;
2006;rf;14801141;Älvsborg, Grimmered;C;55;
2006;rf;14801141;Älvsborg, Grimmered;L;182;
2006;rf;14801141;Älvsborg, Grimmered;KD;105;
2006;rf;14801141;Älvsborg, Grimmered;S;233;
2006;rf;14801141;Älvsborg, Grimmered;V;44;
2006;rf;14801141;Älvsborg, Grimmered;MP;117;
2006;rf;14801141;Älvsborg, Grimmered;SPVG;34;
2006;rf;14801141;Älvsborg, Grimmered;SD;29;
2006;rf;14801141;Älvsborg, Grimmered;PP;6;
2006;rf;14801141;Älvsborg, Grimmered;K;1;
2006;rf;14801141;Älvsborg, Grimmered;RS;1;
2006;rf;14801141;Älvsborg, Grimmered;HANDSKRIVNA;1;
2006;rf;14801141;Älvsborg, Grimmered;ÖVRIGA_FGVAL;0;
2006;rf;14801141;Älvsborg, Grimmered;BLANK;15;
2006;rf;14801141;Älvsborg, Grimmered;OG;0;
2006;rf;14801133;Älvsborg, Hagen;M;441;401
2006;rf;14801133;Älvsborg, Hagen;C;34;25
2006;rf;14801133;Älvsborg, Hagen;L;132;137
2006;rf;14801133;Älvsborg, Hagen;KD;53;73
2006;rf;14801133;Älvsborg, Hagen;S;105;136
2006;rf;14801133;Älvsborg, Hagen;V;30;38
2006;rf;14801133;Älvsborg, Hagen;MP;64;50
2006;rf;14801133;Älvsborg, Hagen;SPVG;26;9
2006;rf;14801133;Älvsborg, Hagen;SD;18;17
2006;rf;14801133;Älvsborg, Hagen;PP;2;
2006;rf;14801133;Älvsborg, Hagen;K;0;2
2006;rf;14801133;Älvsborg, Hagen;SPI;0;2
2006;rf;14801133;Älvsborg, Hagen;HANDSKRIVNA;1;2
2006;rf;14801133;Älvsborg, Hagen;BLANK;7;18
2006;rf;14801133;Älvsborg, Hagen;OG;0;1
2006;rf;14801121;Älvsborg, Långedrag;M;879;796
2006;rf;14801121;Älvsborg, Långedrag;C;44;49
2006;rf;14801121;Älvsborg, Långedrag;L;166;165
2006;rf;14801121;Älvsborg, Långedrag;KD;71;110
2006;rf;14801121;Älvsborg, Långedrag;S;66;83
2006;rf;14801121;Älvsborg, Långedrag;V;20;13
2006;rf;14801121;Älvsborg, Långedrag;MP;71;50
2006;rf;14801121;Älvsborg, Långedrag;SPVG;24;6
2006;rf;14801121;Älvsborg, Långedrag;SD;17;12
2006;rf;14801121;Älvsborg, Långedrag;PP;2;
2006;rf;14801121;Älvsborg, Långedrag;K;1;1
2006;rf;14801121;Älvsborg, Långedrag;ND;0;1
2006;rf;14801121;Älvsborg, Långedrag;SPI;0;3
2006;rf;14801121;Älvsborg, Långedrag;HANDSKRIVNA;3;1
2006;rf;14801121;Älvsborg, Långedrag;BLANK;6;9
2006;rf;14801121;Älvsborg, Långedrag;OG;0;
2006;rf;14801112;Älvsborg, Norra Fiskebäck;M;552;458
2006;rf;14801112;Älvsborg, Norra Fiskebäck;C;41;40
2006;rf;14801112;Älvsborg, Norra Fiskebäck;L;185;199
2006;rf;14801112;Älvsborg, Norra Fiskebäck;KD;202;239
2006;rf;14801112;Älvsborg, Norra Fiskebäck;S;128;182
2006;rf;14801112;Älvsborg, Norra Fiskebäck;V;22;32
2006;rf;14801112;Älvsborg, Norra Fiskebäck;MP;78;58
2006;rf;14801112;Älvsborg, Norra Fiskebäck;SPVG;29;4
2006;rf;14801112;Älvsborg, Norra Fiskebäck;SD;40;23
2006;rf;14801112;Älvsborg, Norra Fiskebäck;PP;4;
2006;rf;14801112;Älvsborg, Norra Fiskebäck;ND;0;1
2006;rf;14801112;Älvsborg, Norra Fiskebäck;BLANK;11;9
2006;rf;14801112;Älvsborg, Norra Fiskebäck;OG;2;
2006;rf;14801132;Älvsborg, Nya Varvet;M;654;571
2006;rf;14801132;Älvsborg, Nya Varvet;C;65;62
2006;rf;14801132;Älvsborg, Nya Varvet;L;181;160
2006;rf;14801132;Älvsborg, Nya Varvet;KD;87;110
2006;rf;14801132;Älvsborg, Nya Varvet;S;249;284
2006;rf;14801132;Älvsborg, Nya Varvet;V;80;86
2006;rf;14801132;Älvsborg, Nya Varvet;MP;160;138
2006;rf;14801132;Älvsborg, Nya Varvet;SPVG;44;21
2006;rf;14801132;Älvsborg, Nya Varvet;SD;51;38
2006;rf;14801132;Älvsborg, Nya Varvet;K;6;3
2006;rf;14801132;Älvsborg, Nya Varvet;PP;4;
2006;rf;14801132;Älvsborg, Nya Varvet;ND;0;1
2006;rf;14801132;Älvsborg, Nya Varvet;HANDSKRIVNA;4;3
2006;rf;14801132;Älvsborg, Nya Varvet;BLANK;12;9
2006;rf;14801132;Älvsborg, Nya Varvet;OG;0;1
2006;rf;14801113;Älvsborg, Påvelund;M;679;579
2006;rf;14801113;Älvsborg, Påvelund;C;44;59
2006;rf;14801113;Älvsborg, Påvelund;L;172;197
2006;rf;14801113;Älvsborg, Påvelund;KD;117;134
2006;rf;14801113;Älvsborg, Påvelund;S;142;205
2006;rf;14801113;Älvsborg, Påvelund;V;35;60
2006;rf;14801113;Älvsborg, Påvelund;MP;74;37
2006;rf;14801113;Älvsborg, Påvelund;SPVG;35;11
2006;rf;14801113;Älvsborg, Påvelund;SD;30;18
2006;rf;14801113;Älvsborg, Påvelund;PP;11;
2006;rf;14801113;Älvsborg, Påvelund;K;2;1
2006;rf;14801113;Älvsborg, Påvelund;SPI;0;4
2006;rf;14801113;Älvsborg, Påvelund;BLANK;15;10
2006;rf;14801113;Älvsborg, Påvelund;OG;0;
2006;rf;14801111;Älvsborg, Södra Fiskebäck;M;336;271
2006;rf;14801111;Älvsborg, Södra Fiskebäck;C;28;25
2006;rf;14801111;Älvsborg, Södra Fiskebäck;L;93;104
2006;rf;14801111;Älvsborg, Södra Fiskebäck;KD;177;222
2006;rf;14801111;Älvsborg, Södra Fiskebäck;S;85;114
2006;rf;14801111;Älvsborg, Södra Fiskebäck;V;11;8
2006;rf;14801111;Älvsborg, Södra Fiskebäck;MP;21;18
2006;rf;14801111;Älvsborg, Södra Fiskebäck;SPVG;26;13
2006;rf;14801111;Älvsborg, Södra Fiskebäck;SD;14;4
2006;rf;14801111;Älvsborg, Södra Fiskebäck;PP;1;
2006;rf;14801111;Älvsborg, Södra Fiskebäck;ND;0;1
2006;rf;14801111;Älvsborg, Södra Fiskebäck;HANDSKRIVNA;1;1
2006;rf;14801111;Älvsborg, Södra Fiskebäck;BLANK;2;4
2006;rf;14801111;Älvsborg, Södra Fiskebäck;OG;1;
2006;rf;14801131;Älvsborg, Tångudden;M;586;477
2006;rf;14801131;Älvsborg, Tångudden;C;60;58
2006;rf;14801131;Älvsborg, Tångudden;L;154;168
2006;rf;14801131;Älvsborg, Tångudden;KD;74;117
2006;rf;14801131;Älvsborg, Tångudden;S;113;133
2006;rf;14801131;Älvsborg, Tångudden;V;23;20
2006;rf;14801131;Älvsborg, Tångudden;MP;96;74
2006;rf;14801131;Älvsborg, Tångudden;SPVG;35;16
2006;rf;14801131;Älvsborg, Tångudden;SD;27;20
2006;rf;14801131;Älvsborg, Tångudden;PP;7;
2006;rf;14801131;Älvsborg, Tångudden;K;2;1
2006;rf;14801131;Älvsborg, Tångudden;SPI;0;2
2006;rf;14801131;Älvsborg, Tångudden;HANDSKRIVNA;1;
2006;rf;14801131;Älvsborg, Tångudden;ÖVRIGA_FGVAL;0;1
2006;rf;14801131;Älvsborg, Tångudden;BLANK;12;20
2006;rf;14801131;Älvsborg, Tångudden;OG;0;1
2006;rf;14800004;Onsdagsdistrikt;M;404;312
2006;rf;14800004;Onsdagsdistrikt;C;39;39
2006;rf;14800004;Onsdagsdistrikt;L;121;119
2006;rf;14800004;Onsdagsdistrikt;KD;62;57
2006;rf;14800004;Onsdagsdistrikt;S;351;298
2006;rf;14800004;Onsdagsdistrikt;V;133;128
2006;rf;14800004;Onsdagsdistrikt;MP;261;119
2006;rf;14800004;Onsdagsdistrikt;SPVG;9;18
2006;rf;14800004;Onsdagsdistrikt;SD;42;18
2006;rf;14800004;Onsdagsdistrikt;PP;9;
2006;rf;14800004;Onsdagsdistrikt;K;4;8
2006;rf;14800004;Onsdagsdistrikt;ND;0;1
2006;rf;14800004;Onsdagsdistrikt;SPI;0;6
2006;rf;14800004;Onsdagsdistrikt;HANDSKRIVNA;18;9
2006;rf;14800004;Onsdagsdistrikt;ÖVRIGA_FGVAL;0;2
2006;rf;14800004;Onsdagsdistrikt;BLANK;38;28
2006;rf;14800004;Onsdagsdistrikt;OG;1;1
2006;rf;14800413;Bergsjön, Gärdsmosse;M;39;50
2006;rf;14800413;Bergsjön, Gärdsmosse;C;2;10
2006;rf;14800413;Bergsjön, Gärdsmosse;L;6;24
2006;rf;14800413;Bergsjön, Gärdsmosse;KD;13;15
2006;rf;14800413;Bergsjön, Gärdsmosse;S;378;310
2006;rf;14800413;Bergsjön, Gärdsmosse;V;70;80
2006;rf;14800413;Bergsjön, Gärdsmosse;MP;73;45
2006;rf;14800413;Bergsjön, Gärdsmosse;SPVG;16;12
2006;rf;14800413;Bergsjön, Gärdsmosse;SD;39;22
2006;rf;14800413;Bergsjön, Gärdsmosse;K;15;18
2006;rf;14800413;Bergsjön, Gärdsmosse;PP;14;
2006;rf;14800413;Bergsjön, Gärdsmosse;RS;12;6
2006;rf;14800413;Bergsjön, Gärdsmosse;SPI;0;3
2006;rf;14800413;Bergsjön, Gärdsmosse;HANDSKRIVNA;1;4
2006;rf;14800413;Bergsjön, Gärdsmosse;ÖVRIGA_FGVAL;0;1
2006;rf;14800413;Bergsjön, Gärdsmosse;BLANK;6;11
2006;rf;14800413;Bergsjön, Gärdsmosse;OG;1;
2006;rf;14800411;Bergsjön, Gärdsås;M;130;98
2006;rf;14800411;Bergsjön, Gärdsås;C;4;16
2006;rf;14800411;Bergsjön, Gärdsås;L;23;37
2006;rf;14800411;Bergsjön, Gärdsås;KD;39;64
2006;rf;14800411;Bergsjön, Gärdsås;S;308;270
2006;rf;14800411;Bergsjön, Gärdsås;V;53;56
2006;rf;14800411;Bergsjön, Gärdsås;MP;43;36
2006;rf;14800411;Bergsjön, Gärdsås;SPVG;25;21
2006;rf;14800411;Bergsjön, Gärdsås;SD;50;23
2006;rf;14800411;Bergsjön, Gärdsås;RS;11;
2006;rf;14800411;Bergsjön, Gärdsås;K;10;16
2006;rf;14800411;Bergsjön, Gärdsås;PP;8;
2006;rf;14800411;Bergsjön, Gärdsås;ND;0;1
2006;rf;14800411;Bergsjön, Gärdsås;SPI;0;10
2006;rf;14800411;Bergsjön, Gärdsås;BLANK;2;14
2006;rf;14800411;Bergsjön, Gärdsås;OG;1;
2006;rf;14800424;Bergsjön, Komettorget;M;66;46
2006;rf;14800424;Bergsjön, Komettorget;C;5;4
2006;rf;14800424;Bergsjön, Komettorget;L;26;39
2006;rf;14800424;Bergsjön, Komettorget;KD;21;27
2006;rf;14800424;Bergsjön, Komettorget;S;478;378
2006;rf;14800424;Bergsjön, Komettorget;V;74;58
2006;rf;14800424;Bergsjön, Komettorget;MP;53;27
2006;rf;14800424;Bergsjön, Komettorget;SPVG;18;6
2006;rf;14800424;Bergsjön, Komettorget;SD;23;18
2006;rf;14800424;Bergsjön, Komettorget;PP;14;
2006;rf;14800424;Bergsjön, Komettorget;K;10;6
2006;rf;14800424;Bergsjön, Komettorget;RS;6;3
2006;rf;14800424;Bergsjön, Komettorget;ND;0;1
2006;rf;14800424;Bergsjön, Komettorget;HANDSKRIVNA;1;1
2006;rf;14800424;Bergsjön, Komettorget;BLANK;3;4
2006;rf;14800424;Bergsjön, Komettorget;OG;0;
2006;rf;14800414;Bergsjön, Norra Bergsjön;M;70;55
2006;rf;14800414;Bergsjön, Norra Bergsjön;C;11;13
2006;rf;14800414;Bergsjön, Norra Bergsjön;L;25;33
2006;rf;14800414;Bergsjön, Norra Bergsjön;KD;27;33
2006;rf;14800414;Bergsjön, Norra Bergsjön;S;234;213
2006;rf;14800414;Bergsjön, Norra Bergsjön;V;94;105
2006;rf;14800414;Bergsjön, Norra Bergsjön;MP;78;87
2006;rf;14800414;Bergsjön, Norra Bergsjön;SPVG;22;9
2006;rf;14800414;Bergsjön, Norra Bergsjön;SD;38;11
2006;rf;14800414;Bergsjön, Norra Bergsjön;K;14;16
2006;rf;14800414;Bergsjön, Norra Bergsjön;RS;13;2
2006;rf;14800414;Bergsjön, Norra Bergsjön;PP;9;
2006;rf;14800414;Bergsjön, Norra Bergsjön;ND;0;1
2006;rf;14800414;Bergsjön, Norra Bergsjön;HANDSKRIVNA;2;4
2006;rf;14800414;Bergsjön, Norra Bergsjön;ÖVRIGA_FGVAL;0;1
2006;rf;14800414;Bergsjön, Norra Bergsjön;BLANK;7;4
2006;rf;14800414;Bergsjön, Norra Bergsjön;OG;0;
2006;rf;14800423;Bergsjön, Rymdtorget;M;22;29
2006;rf;14800423;Bergsjön, Rymdtorget;C;5;6
2006;rf;14800423;Bergsjön, Rymdtorget;L;9;15
2006;rf;14800423;Bergsjön, Rymdtorget;KD;14;32
2006;rf;14800423;Bergsjön, Rymdtorget;S;327;268
2006;rf;14800423;Bergsjön, Rymdtorget;V;39;62
2006;rf;14800423;Bergsjön, Rymdtorget;MP;27;30
2006;rf;14800423;Bergsjön, Rymdtorget;SPVG;8;5
2006;rf;14800423;Bergsjön, Rymdtorget;SD;15;5
2006;rf;14800423;Bergsjön, Rymdtorget;K;11;13
2006;rf;14800423;Bergsjön, Rymdtorget;RS;7;1
2006;rf;14800423;Bergsjön, Rymdtorget;PP;3;
2006;rf;14800423;Bergsjön, Rymdtorget;HANDSKRIVNA;1;1
2006;rf;14800423;Bergsjön, Rymdtorget;BLANK;2;3
2006;rf;14800423;Bergsjön, Rymdtorget;OG;0;2
2006;rf;14800412;Bergsjön, Siriusgatan;M;62;61
2006;rf;14800412;Bergsjön, Siriusgatan;C;8;15
2006;rf;14800412;Bergsjön, Siriusgatan;L;20;43
2006;rf;14800412;Bergsjön, Siriusgatan;KD;24;41
2006;rf;14800412;Bergsjön, Siriusgatan;S;627;508
2006;rf;14800412;Bergsjön, Siriusgatan;V;80;116
2006;rf;14800412;Bergsjön, Siriusgatan;MP;76;81
2006;rf;14800412;Bergsjön, Siriusgatan;SPVG;19;26
2006;rf;14800412;Bergsjön, Siriusgatan;SD;37;27
2006;rf;14800412;Bergsjön, Siriusgatan;K;17;21
2006;rf;14800412;Bergsjön, Siriusgatan;RS;12;4
2006;rf;14800412;Bergsjön, Siriusgatan;PP;11;
2006;rf;14800412;Bergsjön, Siriusgatan;HANDSKRIVNA;3;1
2006;rf;14800412;Bergsjön, Siriusgatan;ÖVRIGA_FGVAL;0;1
2006;rf;14800412;Bergsjön, Siriusgatan;BLANK;16;12
2006;rf;14800412;Bergsjön, Siriusgatan;OG;0;1
2006;rf;14800421;Bergsjön, Södra Bergsjön;M;51;52
2006;rf;14800421;Bergsjön, Södra Bergsjön;C;3;8
2006;rf;14800421;Bergsjön, Södra Bergsjön;L;23;24
2006;rf;14800421;Bergsjön, Södra Bergsjön;KD;18;25
2006;rf;14800421;Bergsjön, Södra Bergsjön;S;570;535
2006;rf;14800421;Bergsjön, Södra Bergsjön;V;65;72
2006;rf;14800421;Bergsjön, Södra Bergsjön;MP;24;19
2006;rf;14800421;Bergsjön, Södra Bergsjön;SPVG;11;3
2006;rf;14800421;Bergsjön, Södra Bergsjön;SD;19;15
2006;rf;14800421;Bergsjön, Södra Bergsjön;K;12;8
2006;rf;14800421;Bergsjön, Södra Bergsjön;RS;4;2
2006;rf;14800421;Bergsjön, Södra Bergsjön;PP;3;
2006;rf;14800421;Bergsjön, Södra Bergsjön;SPI;0;1
2006;rf;14800421;Bergsjön, Södra Bergsjön;HANDSKRIVNA;1;
2006;rf;14800421;Bergsjön, Södra Bergsjön;BLANK;9;2
2006;rf;14800421;Bergsjön, Södra Bergsjön;OG;0;1
2006;rf;14800422;Bergsjön, Östra Bergsjön;M;46;48
2006;rf;14800422;Bergsjön, Östra Bergsjön;C;4;13
2006;rf;14800422;Bergsjön, Östra Bergsjön;L;13;27
2006;rf;14800422;Bergsjön, Östra Bergsjön;KD;27;40
2006;rf;14800422;Bergsjön, Östra Bergsjön;S;622;432
2006;rf;14800422;Bergsjön, Östra Bergsjön;V;43;77
2006;rf;14800422;Bergsjön, Östra Bergsjön;MP;51;29
2006;rf;14800422;Bergsjön, Östra Bergsjön;SPVG;7;10
2006;rf;14800422;Bergsjön, Östra Bergsjön;SD;21;12
2006;rf;14800422;Bergsjön, Östra Bergsjön;K;7;11
2006;rf;14800422;Bergsjön, Östra Bergsjön;PP;6;
2006;rf;14800422;Bergsjön, Östra Bergsjön;RS;2;
2006;rf;14800422;Bergsjön, Östra Bergsjön;SPI;1;
2006;rf;14800422;Bergsjön, Östra Bergsjön;HANDSKRIVNA;4;1
2006;rf;14800422;Bergsjön, Östra Bergsjön;BLANK;1;9
2006;rf;14800422;Bergsjön, Östra Bergsjön;OG;1;
2006;rf;14800141;Gunnared, Angereds Centrum;M;98;86
2006;rf;14800141;Gunnared, Angereds Centrum;C;3;10
2006;rf;14800141;Gunnared, Angereds Centrum;L;32;33
2006;rf;14800141;Gunnared, Angereds Centrum;KD;56;58
2006;rf;14800141;Gunnared, Angereds Centrum;S;577;472
2006;rf;14800141;Gunnared, Angereds Centrum;V;105;125
2006;rf;14800141;Gunnared, Angereds Centrum;MP;65;33
2006;rf;14800141;Gunnared, Angereds Centrum;SPVG;38;23
2006;rf;14800141;Gunnared, Angereds Centrum;SD;46;16
2006;rf;14800141;Gunnared, Angereds Centrum;PP;10;
2006;rf;14800141;Gunnared, Angereds Centrum;RS;5;1
2006;rf;14800141;Gunnared, Angereds Centrum;K;3;13
2006;rf;14800141;Gunnared, Angereds Centrum;ND;0;1
2006;rf;14800141;Gunnared, Angereds Centrum;SPI;0;4
2006;rf;14800141;Gunnared, Angereds Centrum;HANDSKRIVNA;3;1
2006;rf;14800141;Gunnared, Angereds Centrum;BLANK;10;15
2006;rf;14800141;Gunnared, Angereds Centrum;OG;0;
2006;rf;14800111;Gunnared, Lövgärdets Centrum;M;58;63
2006;rf;14800111;Gunnared, Lövgärdets Centrum;C;3;9
2006;rf;14800111;Gunnared, Lövgärdets Centrum;L;21;29
2006;rf;14800111;Gunnared, Lövgärdets Centrum;KD;22;32
2006;rf;14800111;Gunnared, Lövgärdets Centrum;S;399;336
2006;rf;14800111;Gunnared, Lövgärdets Centrum;V;71;84
2006;rf;14800111;Gunnared, Lövgärdets Centrum;MP;32;24
2006;rf;14800111;Gunnared, Lövgärdets Centrum;SPVG;11;9
2006;rf;14800111;Gunnared, Lövgärdets Centrum;SD;48;24
2006;rf;14800111;Gunnared, Lövgärdets Centrum;PP;11;
2006;rf;14800111;Gunnared, Lövgärdets Centrum;K;9;15
2006;rf;14800111;Gunnared, Lövgärdets Centrum;RS;2;
2006;rf;14800111;Gunnared, Lövgärdets Centrum;ND;0;1
2006;rf;14800111;Gunnared, Lövgärdets Centrum;HANDSKRIVNA;0;2
2006;rf;14800111;Gunnared, Lövgärdets Centrum;BLANK;5;11
2006;rf;14800111;Gunnared, Lövgärdets Centrum;OG;0;
2006;rf;14800113;Gunnared, Nedre Lövgärdet;M;117;87
2006;rf;14800113;Gunnared, Nedre Lövgärdet;C;5;13
2006;rf;14800113;Gunnared, Nedre Lövgärdet;L;23;50
2006;rf;14800113;Gunnared, Nedre Lövgärdet;KD;25;26
2006;rf;14800113;Gunnared, Nedre Lövgärdet;S;669;640
2006;rf;14800113;Gunnared, Nedre Lövgärdet;V;140;87
2006;rf;14800113;Gunnared, Nedre Lövgärdet;MP;44;52
2006;rf;14800113;Gunnared, Nedre Lövgärdet;SPVG;42;25
2006;rf;14800113;Gunnared, Nedre Lövgärdet;SD;69;39
2006;rf;14800113;Gunnared, Nedre Lövgärdet;K;12;36
2006;rf;14800113;Gunnared, Nedre Lövgärdet;PP;10;
2006;rf;14800113;Gunnared, Nedre Lövgärdet;RS;5;2
2006;rf;14800113;Gunnared, Nedre Lövgärdet;SPI;0;4
2006;rf;14800113;Gunnared, Nedre Lövgärdet;HANDSKRIVNA;0;1
2006;rf;14800113;Gunnared, Nedre Lövgärdet;ÖVRIGA_FGVAL;0;1
2006;rf;14800113;Gunnared, Nedre Lövgärdet;BLANK;8;13
2006;rf;14800113;Gunnared, Nedre Lövgärdet;OG;2;1
2006;rf;14800132;Gunnared, Norra Gårdsten;M;63;55
2006;rf;14800132;Gunnared, Norra Gårdsten;C;4;10
2006;rf;14800132;Gunnared, Norra Gårdsten;L;20;31
2006;rf;14800132;Gunnared, Norra Gårdsten;KD;19;23
2006;rf;14800132;Gunnared, Norra Gårdsten;S;622;480
2006;rf;14800132;Gunnared, Norra Gårdsten;V;68;80
2006;rf;14800132;Gunnared, Norra Gårdsten;MP;46;57
2006;rf;14800132;Gunnared, Norra Gårdsten;SPVG;5;17
2006;rf;14800132;Gunnared, Norra Gårdsten;SD;37;38
2006;rf;14800132;Gunnared, Norra Gårdsten;K;9;9
2006;rf;14800132;Gunnared, Norra Gårdsten;PP;8;
2006;rf;14800132;Gunnared, Norra Gårdsten;RS;2;
2006;rf;14800132;Gunnared, Norra Gårdsten;SPI;0;1
2006;rf;14800132;Gunnared, Norra Gårdsten;HANDSKRIVNA;2;
2006;rf;14800132;Gunnared, Norra Gårdsten;ÖVRIGA_FGVAL;0;2
2006;rf;14800132;Gunnared, Norra Gårdsten;BLANK;2;5
2006;rf;14800132;Gunnared, Norra Gårdsten;OG;0;
2006;rf;14800122;Gunnared, Norra Rannebergen;M;210;168
2006;rf;14800122;Gunnared, Norra Rannebergen;C;6;17
2006;rf;14800122;Gunnared, Norra Rannebergen;L;63;65
2006;rf;14800122;Gunnared, Norra Rannebergen;KD;52;68
2006;rf;14800122;Gunnared, Norra Rannebergen;S;535;530
2006;rf;14800122;Gunnared, Norra Rannebergen;V;121;143
2006;rf;14800122;Gunnared, Norra Rannebergen;MP;92;67
2006;rf;14800122;Gunnared, Norra Rannebergen;SPVG;52;38
2006;rf;14800122;Gunnared, Norra Rannebergen;SD;83;55
2006;rf;14800122;Gunnared, Norra Rannebergen;K;11;19
2006;rf;14800122;Gunnared, Norra Rannebergen;PP;8;
2006;rf;14800122;Gunnared, Norra Rannebergen;RS;4;1
2006;rf;14800122;Gunnared, Norra Rannebergen;SPI;0;5
2006;rf;14800122;Gunnared, Norra Rannebergen;HANDSKRIVNA;1;1
2006;rf;14800122;Gunnared, Norra Rannebergen;BLANK;11;23
2006;rf;14800122;Gunnared, Norra Rannebergen;OG;0;
2006;rf;14800134;Gunnared, Södra Gårdsten;M;55;
2006;rf;14800134;Gunnared, Södra Gårdsten;C;4;
2006;rf;14800134;Gunnared, Södra Gårdsten;L;7;
2006;rf;14800134;Gunnared, Södra Gårdsten;KD;10;
2006;rf;14800134;Gunnared, Södra Gårdsten;S;320;
2006;rf;14800134;Gunnared, Södra Gårdsten;V;50;
2006;rf;14800134;Gunnared, Södra Gårdsten;MP;25;
2006;rf;14800134;Gunnared, Södra Gårdsten;SPVG;9;
2006;rf;14800134;Gunnared, Södra Gårdsten;SD;24;
2006;rf;14800134;Gunnared, Södra Gårdsten;RS;5;
2006;rf;14800134;Gunnared, Södra Gårdsten;K;3;
2006;rf;14800134;Gunnared, Södra Gårdsten;PP;1;
2006;rf;14800134;Gunnared, Södra Gårdsten;SPI;1;
2006;rf;14800134;Gunnared, Södra Gårdsten;BLANK;5;
2006;rf;14800134;Gunnared, Södra Gårdsten;OG;0;
2006;rf;14800121;Gunnared, Södra Rannebergen;M;85;82
2006;rf;14800121;Gunnared, Södra Rannebergen;C;11;17
2006;rf;14800121;Gunnared, Södra Rannebergen;L;27;34
2006;rf;14800121;Gunnared, Södra Rannebergen;KD;29;50
2006;rf;14800121;Gunnared, Södra Rannebergen;S;457;437
2006;rf;14800121;Gunnared, Södra Rannebergen;V;107;118
2006;rf;14800121;Gunnared, Södra Rannebergen;MP;76;50
2006;rf;14800121;Gunnared, Södra Rannebergen;SPVG;28;27
2006;rf;14800121;Gunnared, Södra Rannebergen;SD;125;79
2006;rf;14800121;Gunnared, Södra Rannebergen;RS;14;1
2006;rf;14800121;Gunnared, Södra Rannebergen;PP;12;
2006;rf;14800121;Gunnared, Södra Rannebergen;K;8;14
2006;rf;14800121;Gunnared, Södra Rannebergen;ND;0;1
2006;rf;14800121;Gunnared, Södra Rannebergen;SPI;0;6
2006;rf;14800121;Gunnared, Södra Rannebergen;HANDSKRIVNA;2;
2006;rf;14800121;Gunnared, Södra Rannebergen;ÖVRIGA_FGVAL;0;2
2006;rf;14800121;Gunnared, Södra Rannebergen;BLANK;12;20
2006;rf;14800121;Gunnared, Södra Rannebergen;OG;1;1
2006;rf;14800142;Gunnared, Trädgårdsgärdet;M;107;84
2006;rf;14800142;Gunnared, Trädgårdsgärdet;C;11;8
2006;rf;14800142;Gunnared, Trädgårdsgärdet;L;22;40
2006;rf;14800142;Gunnared, Trädgårdsgärdet;KD;47;39
2006;rf;14800142;Gunnared, Trädgårdsgärdet;S;436;361
2006;rf;14800142;Gunnared, Trädgårdsgärdet;V;95;95
2006;rf;14800142;Gunnared, Trädgårdsgärdet;MP;58;40
2006;rf;14800142;Gunnared, Trädgårdsgärdet;SPVG;20;11
2006;rf;14800142;Gunnared, Trädgårdsgärdet;SD;26;10
2006;rf;14800142;Gunnared, Trädgårdsgärdet;PP;9;
2006;rf;14800142;Gunnared, Trädgårdsgärdet;RS;4;1
2006;rf;14800142;Gunnared, Trädgårdsgärdet;K;3;16
2006;rf;14800142;Gunnared, Trädgårdsgärdet;SPI;0;2
2006;rf;14800142;Gunnared, Trädgårdsgärdet;HANDSKRIVNA;2;
2006;rf;14800142;Gunnared, Trädgårdsgärdet;ÖVRIGA_FGVAL;0;1
2006;rf;14800142;Gunnared, Trädgårdsgärdet;BLANK;8;9
2006;rf;14800142;Gunnared, Trädgårdsgärdet;OG;0;1
2006;rf;14800131;Gunnared, Västra Gårdsten;M;48;
2006;rf;14800131;Gunnared, Västra Gårdsten;C;3;
2006;rf;14800131;Gunnared, Västra Gårdsten;L;13;
2006;rf;14800131;Gunnared, Västra Gårdsten;KD;14;
2006;rf;14800131;Gunnared, Västra Gårdsten;S;322;
2006;rf;14800131;Gunnared, Västra Gårdsten;V;64;
2006;rf;14800131;Gunnared, Västra Gårdsten;MP;32;
2006;rf;14800131;Gunnared, Västra Gårdsten;SPVG;16;
2006;rf;14800131;Gunnared, Västra Gårdsten;SD;43;
2006;rf;14800131;Gunnared, Västra Gårdsten;PP;5;
2006;rf;14800131;Gunnared, Västra Gårdsten;K;1;
2006;rf;14800131;Gunnared, Västra Gårdsten;RS;1;
2006;rf;14800131;Gunnared, Västra Gårdsten;SPI;0;
2006;rf;14800131;Gunnared, Västra Gårdsten;HANDSKRIVNA;0;
2006;rf;14800131;Gunnared, Västra Gårdsten;BLANK;3;
2006;rf;14800131;Gunnared, Västra Gårdsten;OG;0;
2006;rf;14800133;Gunnared, Östra Gårdsten;M;74;70
2006;rf;14800133;Gunnared, Östra Gårdsten;C;3;5
2006;rf;14800133;Gunnared, Östra Gårdsten;L;35;36
2006;rf;14800133;Gunnared, Östra Gårdsten;KD;28;31
2006;rf;14800133;Gunnared, Östra Gårdsten;S;489;404
2006;rf;14800133;Gunnared, Östra Gårdsten;V;55;81
2006;rf;14800133;Gunnared, Östra Gårdsten;MP;38;38
2006;rf;14800133;Gunnared, Östra Gårdsten;SPVG;24;10
2006;rf;14800133;Gunnared, Östra Gårdsten;SD;39;21
2006;rf;14800133;Gunnared, Östra Gårdsten;K;11;17
2006;rf;14800133;Gunnared, Östra Gårdsten;PP;7;
2006;rf;14800133;Gunnared, Östra Gårdsten;RS;3;
2006;rf;14800133;Gunnared, Östra Gårdsten;HANDSKRIVNA;1;
2006;rf;14800133;Gunnared, Östra Gårdsten;BLANK;9;9
2006;rf;14800133;Gunnared, Östra Gårdsten;OG;1;
2006;rf;14800112;Gunnared, Övre Lövgärdet;M;64;52
2006;rf;14800112;Gunnared, Övre Lövgärdet;C;4;8
2006;rf;14800112;Gunnared, Övre Lövgärdet;L;18;28
2006;rf;14800112;Gunnared, Övre Lövgärdet;KD;12;12
2006;rf;14800112;Gunnared, Övre Lövgärdet;S;645;491
2006;rf;14800112;Gunnared, Övre Lövgärdet;V;100;95
2006;rf;14800112;Gunnared, Övre Lövgärdet;MP;49;29
2006;rf;14800112;Gunnared, Övre Lövgärdet;SPVG;14;9
2006;rf;14800112;Gunnared, Övre Lövgärdet;SD;32;26
2006;rf;14800112;Gunnared, Övre Lövgärdet;RS;13;2
2006;rf;14800112;Gunnared, Övre Lövgärdet;PP;10;
2006;rf;14800112;Gunnared, Övre Lövgärdet;K;9;12
2006;rf;14800112;Gunnared, Övre Lövgärdet;SPI;0;2
2006;rf;14800112;Gunnared, Övre Lövgärdet;HANDSKRIVNA;1;2
2006;rf;14800112;Gunnared, Övre Lövgärdet;BLANK;5;9
2006;rf;14800112;Gunnared, Övre Lövgärdet;OG;6;
2006;rf;14800532;Härlanda, Fräntorp;M;252;141
2006;rf;14800532;Härlanda, Fräntorp;C;21;21
2006;rf;14800532;Härlanda, Fräntorp;L;111;92
2006;rf;14800532;Härlanda, Fräntorp;KD;44;53
2006;rf;14800532;Härlanda, Fräntorp;S;261;257
2006;rf;14800532;Härlanda, Fräntorp;V;64;61
2006;rf;14800532;Härlanda, Fräntorp;MP;81;56
2006;rf;14800532;Härlanda, Fräntorp;SPVG;30;26
2006;rf;14800532;Härlanda, Fräntorp;SD;33;26
2006;rf;14800532;Härlanda, Fräntorp;PP;6;
2006;rf;14800532;Härlanda, Fräntorp;K;3;9
2006;rf;14800532;Härlanda, Fräntorp;RS;0;1
2006;rf;14800532;Härlanda, Fräntorp;SPI;0;2
2006;rf;14800532;Härlanda, Fräntorp;HANDSKRIVNA;2;1
2006;rf;14800532;Härlanda, Fräntorp;BLANK;14;17
2006;rf;14800532;Härlanda, Fräntorp;OG;0;
2006;rf;14800511;Härlanda, Härlanda;M;304;251
2006;rf;14800511;Härlanda, Härlanda;C;43;52
2006;rf;14800511;Härlanda, Härlanda;L;113;142
2006;rf;14800511;Härlanda, Härlanda;KD;48;59
2006;rf;14800511;Härlanda, Härlanda;S;188;242
2006;rf;14800511;Härlanda, Härlanda;V;69;65
2006;rf;14800511;Härlanda, Härlanda;MP;141;110
2006;rf;14800511;Härlanda, Härlanda;SPVG;43;16
2006;rf;14800511;Härlanda, Härlanda;SD;21;12
2006;rf;14800511;Härlanda, Härlanda;PP;4;
2006;rf;14800511;Härlanda, Härlanda;RS;2;
2006;rf;14800511;Härlanda, Härlanda;K;1;6
2006;rf;14800511;Härlanda, Härlanda;HANDSKRIVNA;3;2
2006;rf;14800511;Härlanda, Härlanda;BLANK;15;15
2006;rf;14800511;Härlanda, Härlanda;OG;1;
2006;rf;14800525;Härlanda, Munkebäck;M;360;300
2006;rf;14800525;Härlanda, Munkebäck;C;32;58
2006;rf;14800525;Härlanda, Munkebäck;L;122;123
2006;rf;14800525;Härlanda, Munkebäck;KD;49;66
2006;rf;14800525;Härlanda, Munkebäck;S;346;377
2006;rf;14800525;Härlanda, Munkebäck;V;98;127
2006;rf;14800525;Härlanda, Munkebäck;MP;149;99
2006;rf;14800525;Härlanda, Munkebäck;SPVG;56;35
2006;rf;14800525;Härlanda, Munkebäck;SD;58;38
2006;rf;14800525;Härlanda, Munkebäck;PP;9;
2006;rf;14800525;Härlanda, Munkebäck;K;2;6
2006;rf;14800525;Härlanda, Munkebäck;SPI;0;4
2006;rf;14800525;Härlanda, Munkebäck;HANDSKRIVNA;5;3
2006;rf;14800525;Härlanda, Munkebäck;ÖVRIGA_FGVAL;0;3
2006;rf;14800525;Härlanda, Munkebäck;BLANK;20;36
2006;rf;14800525;Härlanda, Munkebäck;OG;0;1
2006;rf;14800543;Härlanda, Norra Björkekärr;M;148;147
2006;rf;14800543;Härlanda, Norra Björkekärr;C;17;29
2006;rf;14800543;Härlanda, Norra Björkekärr;L;66;88
2006;rf;14800543;Härlanda, Norra Björkekärr;KD;29;58
2006;rf;14800543;Härlanda, Norra Björkekärr;S;214;247
2006;rf;14800543;Härlanda, Norra Björkekärr;V;47;44
2006;rf;14800543;Härlanda, Norra Björkekärr;MP;106;59
2006;rf;14800543;Härlanda, Norra Björkekärr;SPVG;31;27
2006;rf;14800543;Härlanda, Norra Björkekärr;SD;45;18
2006;rf;14800543;Härlanda, Norra Björkekärr;PP;4;
2006;rf;14800543;Härlanda, Norra Björkekärr;K;3;4
2006;rf;14800543;Härlanda, Norra Björkekärr;SPI;0;2
2006;rf;14800543;Härlanda, Norra Björkekärr;ÖVRIGA_FGVAL;0;1
2006;rf;14800543;Härlanda, Norra Björkekärr;BLANK;12;14
2006;rf;14800543;Härlanda, Norra Björkekärr;OG;0;1
2006;rf;14800544;Härlanda, Robertshöjd;M;191;172
2006;rf;14800544;Härlanda, Robertshöjd;C;27;44
2006;rf;14800544;Härlanda, Robertshöjd;L;68;100
2006;rf;14800544;Härlanda, Robertshöjd;KD;54;72
2006;rf;14800544;Härlanda, Robertshöjd;S;432;457
2006;rf;14800544;Härlanda, Robertshöjd;V;119;105
2006;rf;14800544;Härlanda, Robertshöjd;MP;160;132
2006;rf;14800544;Härlanda, Robertshöjd;SPVG;53;32
2006;rf;14800544;Härlanda, Robertshöjd;SD;78;44
2006;rf;14800544;Härlanda, Robertshöjd;K;17;14
2006;rf;14800544;Härlanda, Robertshöjd;PP;12;
2006;rf;14800544;Härlanda, Robertshöjd;RS;4;
2006;rf;14800544;Härlanda, Robertshöjd;SPI;0;6
2006;rf;14800544;Härlanda, Robertshöjd;HANDSKRIVNA;2;6
2006;rf;14800544;Härlanda, Robertshöjd;BLANK;18;25
2006;rf;14800544;Härlanda, Robertshöjd;OG;0;
2006;rf;14800541;Härlanda, Södra Björkekärr;M;460;411
2006;rf;14800541;Härlanda, Södra Björkekärr;C;51;68
2006;rf;14800541;Härlanda, Södra Björkekärr;L;236;252
2006;rf;14800541;Härlanda, Södra Björkekärr;KD;104;160
2006;rf;14800541;Härlanda, Södra Björkekärr;S;325;342
2006;rf;14800541;Härlanda, Södra Björkekärr;V;93;82
2006;rf;14800541;Härlanda, Södra Björkekärr;MP;226;149
2006;rf;14800541;Härlanda, Södra Björkekärr;SPVG;34;24
2006;rf;14800541;Härlanda, Södra Björkekärr;SD;37;18
2006;rf;14800541;Härlanda, Södra Björkekärr;PP;5;
2006;rf;14800541;Härlanda, Södra Björkekärr;K;3;8
2006;rf;14800541;Härlanda, Södra Björkekärr;RS;1;
2006;rf;14800541;Härlanda, Södra Björkekärr;SPI;0;9
2006;rf;14800541;Härlanda, Södra Björkekärr;HANDSKRIVNA;2;3
2006;rf;14800541;Härlanda, Södra Björkekärr;ÖVRIGA_FGVAL;0;1
2006;rf;14800541;Härlanda, Södra Björkekärr;BLANK;17;27
2006;rf;14800541;Härlanda, Södra Björkekärr;OG;0;2
2006;rf;14800521;Härlanda, Södra Kålltorp;M;375;282
2006;rf;14800521;Härlanda, Södra Kålltorp;C;67;64
2006;rf;14800521;Härlanda, Södra Kålltorp;L;157;181
2006;rf;14800521;Härlanda, Södra Kålltorp;KD;60;98
2006;rf;14800521;Härlanda, Södra Kålltorp;S;239;263
2006;rf;14800521;Härlanda, Södra Kålltorp;V;107;90
2006;rf;14800521;Härlanda, Södra Kålltorp;MP;171;123
2006;rf;14800521;Härlanda, Södra Kålltorp;SPVG;41;34
2006;rf;14800521;Härlanda, Södra Kålltorp;SD;54;34
2006;rf;14800521;Härlanda, Södra Kålltorp;K;5;11
2006;rf;14800521;Härlanda, Södra Kålltorp;PP;5;
2006;rf;14800521;Härlanda, Södra Kålltorp;RS;1;
2006;rf;14800521;Härlanda, Södra Kålltorp;ND;0;2
2006;rf;14800521;Härlanda, Södra Kålltorp;SPI;0;1
2006;rf;14800521;Härlanda, Södra Kålltorp;HANDSKRIVNA;2;
2006;rf;14800521;Härlanda, Södra Kålltorp;ÖVRIGA_FGVAL;0;1
2006;rf;14800521;Härlanda, Södra Kålltorp;BLANK;17;43
2006;rf;14800521;Härlanda, Södra Kålltorp;OG;0;
2006;rf;14800531;Härlanda, Torpa;M;242;249
2006;rf;14800531;Härlanda, Torpa;C;36;40
2006;rf;14800531;Härlanda, Torpa;L;127;137
2006;rf;14800531;Härlanda, Torpa;KD;68;83
2006;rf;14800531;Härlanda, Torpa;S;413;394
2006;rf;14800531;Härlanda, Torpa;V;143;138
2006;rf;14800531;Härlanda, Torpa;MP;181;129
2006;rf;14800531;Härlanda, Torpa;SPVG;65;38
2006;rf;14800531;Härlanda, Torpa;SD;60;33
2006;rf;14800531;Härlanda, Torpa;PP;14;
2006;rf;14800531;Härlanda, Torpa;K;10;16
2006;rf;14800531;Härlanda, Torpa;RS;1;
2006;rf;14800531;Härlanda, Torpa;SPI;0;2
2006;rf;14800531;Härlanda, Torpa;HANDSKRIVNA;3;
2006;rf;14800531;Härlanda, Torpa;BLANK;26;27
2006;rf;14800531;Härlanda, Torpa;OG;0;
2006;rf;14800524;Härlanda, Vidkärr;M;271;260
2006;rf;14800524;Härlanda, Vidkärr;C;32;45
2006;rf;14800524;Härlanda, Vidkärr;L;99;112
2006;rf;14800524;Härlanda, Vidkärr;KD;42;62
2006;rf;14800524;Härlanda, Vidkärr;S;272;264
2006;rf;14800524;Härlanda, Vidkärr;V;95;83
2006;rf;14800524;Härlanda, Vidkärr;MP;170;99
2006;rf;14800524;Härlanda, Vidkärr;SPVG;36;31
2006;rf;14800524;Härlanda, Vidkärr;SD;27;24
2006;rf;14800524;Härlanda, Vidkärr;PP;9;
2006;rf;14800524;Härlanda, Vidkärr;K;7;8
2006;rf;14800524;Härlanda, Vidkärr;SPI;0;4
2006;rf;14800524;Härlanda, Vidkärr;HANDSKRIVNA;4;4
2006;rf;14800524;Härlanda, Vidkärr;ÖVRIGA_FGVAL;0;2
2006;rf;14800524;Härlanda, Vidkärr;BLANK;32;31
2006;rf;14800524;Härlanda, Vidkärr;OG;0;2
2006;rf;14800542;Härlanda, Västra Björkekärr;M;239;235
2006;rf;14800542;Härlanda, Västra Björkekärr;C;49;60
2006;rf;14800542;Härlanda, Västra Björkekärr;L;134;156
2006;rf;14800542;Härlanda, Västra Björkekärr;KD;75;89
2006;rf;14800542;Härlanda, Västra Björkekärr;S;307;315
2006;rf;14800542;Härlanda, Västra Björkekärr;V;168;172
2006;rf;14800542;Härlanda, Västra Björkekärr;MP;230;167
2006;rf;14800542;Härlanda, Västra Björkekärr;SPVG;30;25
2006;rf;14800542;Härlanda, Västra Björkekärr;SD;40;20
2006;rf;14800542;Härlanda, Västra Björkekärr;K;11;11
2006;rf;14800542;Härlanda, Västra Björkekärr;PP;10;
2006;rf;14800542;Härlanda, Västra Björkekärr;RS;1;
2006;rf;14800542;Härlanda, Västra Björkekärr;SPI;0;1
2006;rf;14800542;Härlanda, Västra Björkekärr;HANDSKRIVNA;2;7
2006;rf;14800542;Härlanda, Västra Björkekärr;BLANK;22;25
2006;rf;14800542;Härlanda, Västra Björkekärr;OG;0;
2006;rf;14800522;Härlanda, Västra Kålltorp;M;215;165
2006;rf;14800522;Härlanda, Västra Kålltorp;C;26;28
2006;rf;14800522;Härlanda, Västra Kålltorp;L;77;102
2006;rf;14800522;Härlanda, Västra Kålltorp;KD;34;41
2006;rf;14800522;Härlanda, Västra Kålltorp;S;201;222
2006;rf;14800522;Härlanda, Västra Kålltorp;V;73;94
2006;rf;14800522;Härlanda, Västra Kålltorp;MP;150;94
2006;rf;14800522;Härlanda, Västra Kålltorp;SPVG;35;28
2006;rf;14800522;Härlanda, Västra Kålltorp;SD;37;12
2006;rf;14800522;Härlanda, Västra Kålltorp;K;4;4
2006;rf;14800522;Härlanda, Västra Kålltorp;PP;1;
2006;rf;14800522;Härlanda, Västra Kålltorp;HANDSKRIVNA;4;1
2006;rf;14800522;Härlanda, Västra Kålltorp;BLANK;18;21
2006;rf;14800522;Härlanda, Västra Kålltorp;OG;0;
2006;rf;14800523;Härlanda, Östra Kålltorp;M;156;153
2006;rf;14800523;Härlanda, Östra Kålltorp;C;27;35
2006;rf;14800523;Härlanda, Östra Kålltorp;L;55;78
2006;rf;14800523;Härlanda, Östra Kålltorp;KD;28;37
2006;rf;14800523;Härlanda, Östra Kålltorp;S;237;243
2006;rf;14800523;Härlanda, Östra Kålltorp;V;112;105
2006;rf;14800523;Härlanda, Östra Kålltorp;MP;132;111
2006;rf;14800523;Härlanda, Östra Kålltorp;SPVG;30;11
2006;rf;14800523;Härlanda, Östra Kålltorp;SD;35;13
2006;rf;14800523;Härlanda, Östra Kålltorp;PP;8;
2006;rf;14800523;Härlanda, Östra Kålltorp;K;3;6
2006;rf;14800523;Härlanda, Östra Kålltorp;RS;1;
2006;rf;14800523;Härlanda, Östra Kålltorp;ND;0;3
2006;rf;14800523;Härlanda, Östra Kålltorp;HANDSKRIVNA;2;1
2006;rf;14800523;Härlanda, Östra Kålltorp;BLANK;14;34
2006;rf;14800523;Härlanda, Östra Kålltorp;OG;1;
2006;rf;14800341;Kortedala, Adventsparken;M;103;129
2006;rf;14800341;Kortedala, Adventsparken;C;14;17
2006;rf;14800341;Kortedala, Adventsparken;L;48;52
2006;rf;14800341;Kortedala, Adventsparken;KD;33;47
2006;rf;14800341;Kortedala, Adventsparken;S;433;442
2006;rf;14800341;Kortedala, Adventsparken;V;80;98
2006;rf;14800341;Kortedala, Adventsparken;MP;78;59
2006;rf;14800341;Kortedala, Adventsparken;SPVG;58;35
2006;rf;14800341;Kortedala, Adventsparken;SD;76;46
2006;rf;14800341;Kortedala, Adventsparken;K;18;23
2006;rf;14800341;Kortedala, Adventsparken;PP;13;
2006;rf;14800341;Kortedala, Adventsparken;RS;6;1
2006;rf;14800341;Kortedala, Adventsparken;ND;0;1
2006;rf;14800341;Kortedala, Adventsparken;SPI;0;5
2006;rf;14800341;Kortedala, Adventsparken;ÖVRIGA_FGVAL;0;2
2006;rf;14800341;Kortedala, Adventsparken;BLANK;10;16
2006;rf;14800341;Kortedala, Adventsparken;OG;1;
2006;rf;14800314;Kortedala, Bellevue;M;121;108
2006;rf;14800314;Kortedala, Bellevue;C;21;20
2006;rf;14800314;Kortedala, Bellevue;L;52;76
2006;rf;14800314;Kortedala, Bellevue;KD;22;44
2006;rf;14800314;Kortedala, Bellevue;S;238;254
2006;rf;14800314;Kortedala, Bellevue;V;132;110
2006;rf;14800314;Kortedala, Bellevue;MP;145;104
2006;rf;14800314;Kortedala, Bellevue;SPVG;23;23
2006;rf;14800314;Kortedala, Bellevue;SD;46;29
2006;rf;14800314;Kortedala, Bellevue;PP;9;
2006;rf;14800314;Kortedala, Bellevue;K;6;9
2006;rf;14800314;Kortedala, Bellevue;RS;5;
2006;rf;14800314;Kortedala, Bellevue;ND;0;1
2006;rf;14800314;Kortedala, Bellevue;SPI;0;1
2006;rf;14800314;Kortedala, Bellevue;HANDSKRIVNA;3;4
2006;rf;14800314;Kortedala, Bellevue;ÖVRIGA_FGVAL;0;1
2006;rf;14800314;Kortedala, Bellevue;BLANK;15;19
2006;rf;14800314;Kortedala, Bellevue;OG;2;1
2006;rf;14800323;Kortedala, Fjällbo;M;295;209
2006;rf;14800323;Kortedala, Fjällbo;C;27;43
2006;rf;14800323;Kortedala, Fjällbo;L;93;134
2006;rf;14800323;Kortedala, Fjällbo;KD;59;82
2006;rf;14800323;Kortedala, Fjällbo;S;380;418
2006;rf;14800323;Kortedala, Fjällbo;V;96;93
2006;rf;14800323;Kortedala, Fjällbo;MP;119;72
2006;rf;14800323;Kortedala, Fjällbo;SPVG;59;38
2006;rf;14800323;Kortedala, Fjällbo;SD;52;14
2006;rf;14800323;Kortedala, Fjällbo;PP;9;
2006;rf;14800323;Kortedala, Fjällbo;K;1;7
2006;rf;14800323;Kortedala, Fjällbo;ND;0;2
2006;rf;14800323;Kortedala, Fjällbo;SPI;0;6
2006;rf;14800323;Kortedala, Fjällbo;HANDSKRIVNA;1;2
2006;rf;14800323;Kortedala, Fjällbo;BLANK;10;23
2006;rf;14800323;Kortedala, Fjällbo;OG;1;1
2006;rf;14800311;Kortedala, Gamlestaden;M;168;155
2006;rf;14800311;Kortedala, Gamlestaden;C;27;31
2006;rf;14800311;Kortedala, Gamlestaden;L;50;107
2006;rf;14800311;Kortedala, Gamlestaden;KD;31;34
2006;rf;14800311;Kortedala, Gamlestaden;S;377;342
2006;rf;14800311;Kortedala, Gamlestaden;V;195;195
2006;rf;14800311;Kortedala, Gamlestaden;MP;260;183
2006;rf;14800311;Kortedala, Gamlestaden;SPVG;32;22
2006;rf;14800311;Kortedala, Gamlestaden;SD;43;31
2006;rf;14800311;Kortedala, Gamlestaden;PP;29;
2006;rf;14800311;Kortedala, Gamlestaden;K;22;26
2006;rf;14800311;Kortedala, Gamlestaden;RS;5;3
2006;rf;14800311;Kortedala, Gamlestaden;SPI;0;1
2006;rf;14800311;Kortedala, Gamlestaden;HANDSKRIVNA;6;2
2006;rf;14800311;Kortedala, Gamlestaden;BLANK;30;33
2006;rf;14800311;Kortedala, Gamlestaden;OG;0;2
2006;rf;14800331;Kortedala, Gregorianska gatan m fl;M;47;71
2006;rf;14800331;Kortedala, Gregorianska gatan m fl;C;12;6
2006;rf;14800331;Kortedala, Gregorianska gatan m fl;L;20;37
2006;rf;14800331;Kortedala, Gregorianska gatan m fl;KD;23;22
2006;rf;14800331;Kortedala, Gregorianska gatan m fl;S;400;387
2006;rf;14800331;Kortedala, Gregorianska gatan m fl;V;115;102
2006;rf;14800331;Kortedala, Gregorianska gatan m fl;MP;86;73
2006;rf;14800331;Kortedala, Gregorianska gatan m fl;SPVG;36;23
2006;rf;14800331;Kortedala, Gregorianska gatan m fl;SD;48;31
2006;rf;14800331;Kortedala, Gregorianska gatan m fl;K;21;35
2006;rf;14800331;Kortedala, Gregorianska gatan m fl;PP;12;
2006;rf;14800331;Kortedala, Gregorianska gatan m fl;RS;7;2
2006;rf;14800331;Kortedala, Gregorianska gatan m fl;HANDSKRIVNA;3;1
2006;rf;14800331;Kortedala, Gregorianska gatan m fl;BLANK;8;12
2006;rf;14800331;Kortedala, Gregorianska gatan m fl;OG;1;
2006;rf;14800334;Kortedala, Kortedala Centrum;M;62;61
2006;rf;14800334;Kortedala, Kortedala Centrum;C;10;11
2006;rf;14800334;Kortedala, Kortedala Centrum;L;25;27
2006;rf;14800334;Kortedala, Kortedala Centrum;KD;30;21
2006;rf;14800334;Kortedala, Kortedala Centrum;S;445;434
2006;rf;14800334;Kortedala, Kortedala Centrum;V;129;107
2006;rf;14800334;Kortedala, Kortedala Centrum;MP;84;39
2006;rf;14800334;Kortedala, Kortedala Centrum;SPVG;27;19
2006;rf;14800334;Kortedala, Kortedala Centrum;SD;54;36
2006;rf;14800334;Kortedala, Kortedala Centrum;K;12;15
2006;rf;14800334;Kortedala, Kortedala Centrum;PP;8;
2006;rf;14800334;Kortedala, Kortedala Centrum;RS;4;1
2006;rf;14800334;Kortedala, Kortedala Centrum;ND;0;2
2006;rf;14800334;Kortedala, Kortedala Centrum;SPI;0;2
2006;rf;14800334;Kortedala, Kortedala Centrum;HANDSKRIVNA;5;
2006;rf;14800334;Kortedala, Kortedala Centrum;BLANK;7;12
2006;rf;14800334;Kortedala, Kortedala Centrum;OG;0;3
2006;rf;14800313;Kortedala, Kviberg;M;209;186
2006;rf;14800313;Kortedala, Kviberg;C;36;29
2006;rf;14800313;Kortedala, Kviberg;L;76;92
2006;rf;14800313;Kortedala, Kviberg;KD;47;65
2006;rf;14800313;Kortedala, Kviberg;S;478;457
2006;rf;14800313;Kortedala, Kviberg;V;119;141
2006;rf;14800313;Kortedala, Kviberg;MP;187;109
2006;rf;14800313;Kortedala, Kviberg;SPVG;23;12
2006;rf;14800313;Kortedala, Kviberg;SD;58;40
2006;rf;14800313;Kortedala, Kviberg;PP;9;
2006;rf;14800313;Kortedala, Kviberg;K;7;15
2006;rf;14800313;Kortedala, Kviberg;RS;2;3
2006;rf;14800313;Kortedala, Kviberg;SPI;0;2
2006;rf;14800313;Kortedala, Kviberg;HANDSKRIVNA;2;4
2006;rf;14800313;Kortedala, Kviberg;BLANK;17;39
2006;rf;14800313;Kortedala, Kviberg;OG;0;1
2006;rf;14800343;Kortedala, Månadsgatorna m fl;M;128;117
2006;rf;14800343;Kortedala, Månadsgatorna m fl;C;16;22
2006;rf;14800343;Kortedala, Månadsgatorna m fl;L;53;80
2006;rf;14800343;Kortedala, Månadsgatorna m fl;KD;28;30
2006;rf;14800343;Kortedala, Månadsgatorna m fl;S;514;482
2006;rf;14800343;Kortedala, Månadsgatorna m fl;V;132;140
2006;rf;14800343;Kortedala, Månadsgatorna m fl;MP;102;98
2006;rf;14800343;Kortedala, Månadsgatorna m fl;SPVG;55;32
2006;rf;14800343;Kortedala, Månadsgatorna m fl;SD;79;42
2006;rf;14800343;Kortedala, Månadsgatorna m fl;PP;15;
2006;rf;14800343;Kortedala, Månadsgatorna m fl;K;9;20
2006;rf;14800343;Kortedala, Månadsgatorna m fl;RS;4;1
2006;rf;14800343;Kortedala, Månadsgatorna m fl;SPI;0;2
2006;rf;14800343;Kortedala, Månadsgatorna m fl;HANDSKRIVNA;3;3
2006;rf;14800343;Kortedala, Månadsgatorna m fl;BLANK;7;23
2006;rf;14800343;Kortedala, Månadsgatorna m fl;OG;0;
2006;rf;14800342;Kortedala, Norra Kortedala;M;92;78
2006;rf;14800342;Kortedala, Norra Kortedala;C;8;14
2006;rf;14800342;Kortedala, Norra Kortedala;L;24;34
2006;rf;14800342;Kortedala, Norra Kortedala;KD;28;39
2006;rf;14800342;Kortedala, Norra Kortedala;S;539;482
2006;rf;14800342;Kortedala, Norra Kortedala;V;164;172
2006;rf;14800342;Kortedala, Norra Kortedala;MP;117;81
2006;rf;14800342;Kortedala, Norra Kortedala;SPVG;51;37
2006;rf;14800342;Kortedala, Norra Kortedala;SD;55;50
2006;rf;14800342;Kortedala, Norra Kortedala;K;28;38
2006;rf;14800342;Kortedala, Norra Kortedala;PP;12;
2006;rf;14800342;Kortedala, Norra Kortedala;RS;11;2
2006;rf;14800342;Kortedala, Norra Kortedala;SPI;0;4
2006;rf;14800342;Kortedala, Norra Kortedala;HANDSKRIVNA;5;
2006;rf;14800342;Kortedala, Norra Kortedala;ÖVRIGA_FGVAL;0;4
2006;rf;14800342;Kortedala, Norra Kortedala;BLANK;13;27
2006;rf;14800342;Kortedala, Norra Kortedala;OG;0;1
2006;rf;14800312;Kortedala, Nylöse;M;120;108
2006;rf;14800312;Kortedala, Nylöse;C;18;22
2006;rf;14800312;Kortedala, Nylöse;L;37;54
2006;rf;14800312;Kortedala, Nylöse;KD;27;22
2006;rf;14800312;Kortedala, Nylöse;S;351;338
2006;rf;14800312;Kortedala, Nylöse;V;173;163
2006;rf;14800312;Kortedala, Nylöse;MP;155;95
2006;rf;14800312;Kortedala, Nylöse;SPVG;20;24
2006;rf;14800312;Kortedala, Nylöse;SD;48;29
2006;rf;14800312;Kortedala, Nylöse;K;27;24
2006;rf;14800312;Kortedala, Nylöse;PP;7;
2006;rf;14800312;Kortedala, Nylöse;RS;3;4
2006;rf;14800312;Kortedala, Nylöse;ND;0;1
2006;rf;14800312;Kortedala, Nylöse;SPI;0;3
2006;rf;14800312;Kortedala, Nylöse;HANDSKRIVNA;4;3
2006;rf;14800312;Kortedala, Nylöse;BLANK;22;34
2006;rf;14800312;Kortedala, Nylöse;OG;0;
2006;rf;14800335;Kortedala, Södra Kortedala;M;148;108
2006;rf;14800335;Kortedala, Södra Kortedala;C;15;25
2006;rf;14800335;Kortedala, Södra Kortedala;L;58;82
2006;rf;14800335;Kortedala, Södra Kortedala;KD;41;71
2006;rf;14800335;Kortedala, Södra Kortedala;S;391;371
2006;rf;14800335;Kortedala, Södra Kortedala;V;103;86
2006;rf;14800335;Kortedala, Södra Kortedala;MP;112;71
2006;rf;14800335;Kortedala, Södra Kortedala;SPVG;42;39
2006;rf;14800335;Kortedala, Södra Kortedala;SD;51;37
2006;rf;14800335;Kortedala, Södra Kortedala;K;12;16
2006;rf;14800335;Kortedala, Södra Kortedala;PP;2;
2006;rf;14800335;Kortedala, Södra Kortedala;RS;1;1
2006;rf;14800335;Kortedala, Södra Kortedala;ND;0;1
2006;rf;14800335;Kortedala, Södra Kortedala;HANDSKRIVNA;1;4
2006;rf;14800335;Kortedala, Södra Kortedala;BLANK;9;22
2006;rf;14800335;Kortedala, Södra Kortedala;OG;0;
2006;rf;14800322;Kortedala, Utby;M;314;256
2006;rf;14800322;Kortedala, Utby;C;32;47
2006;rf;14800322;Kortedala, Utby;L;135;142
2006;rf;14800322;Kortedala, Utby;KD;119;140
2006;rf;14800322;Kortedala, Utby;S;330;367
2006;rf;14800322;Kortedala, Utby;V;73;76
2006;rf;14800322;Kortedala, Utby;MP;134;91
2006;rf;14800322;Kortedala, Utby;SPVG;51;20
2006;rf;14800322;Kortedala, Utby;SD;42;19
2006;rf;14800322;Kortedala, Utby;PP;10;
2006;rf;14800322;Kortedala, Utby;K;5;7
2006;rf;14800322;Kortedala, Utby;RS;1;
2006;rf;14800322;Kortedala, Utby;SPI;0;4
2006;rf;14800322;Kortedala, Utby;HANDSKRIVNA;1;3
2006;rf;14800322;Kortedala, Utby;BLANK;17;24
2006;rf;14800322;Kortedala, Utby;OG;1;
2006;rf;14800321;Kortedala, Utbynäs;M;260;237
2006;rf;14800321;Kortedala, Utbynäs;C;26;28
2006;rf;14800321;Kortedala, Utbynäs;L;103;120
2006;rf;14800321;Kortedala, Utbynäs;KD;73;68
2006;rf;14800321;Kortedala, Utbynäs;S;243;281
2006;rf;14800321;Kortedala, Utbynäs;V;39;40
2006;rf;14800321;Kortedala, Utbynäs;MP;84;41
2006;rf;14800321;Kortedala, Utbynäs;SPVG;32;20
2006;rf;14800321;Kortedala, Utbynäs;SD;53;33
2006;rf;14800321;Kortedala, Utbynäs;PP;2;
2006;rf;14800321;Kortedala, Utbynäs;SPI;0;6
2006;rf;14800321;Kortedala, Utbynäs;HANDSKRIVNA;4;
2006;rf;14800321;Kortedala, Utbynäs;ÖVRIGA_FGVAL;0;2
2006;rf;14800321;Kortedala, Utbynäs;BLANK;18;14
2006;rf;14800321;Kortedala, Utbynäs;OG;0;1
2006;rf;14800332;Kortedala, Västra Kortedala;M;119;101
2006;rf;14800332;Kortedala, Västra Kortedala;C;10;15
2006;rf;14800332;Kortedala, Västra Kortedala;L;38;50
2006;rf;14800332;Kortedala, Västra Kortedala;KD;31;42
2006;rf;14800332;Kortedala, Västra Kortedala;S;491;480
2006;rf;14800332;Kortedala, Västra Kortedala;V;100;98
2006;rf;14800332;Kortedala, Västra Kortedala;MP;72;70
2006;rf;14800332;Kortedala, Västra Kortedala;SPVG;73;38
2006;rf;14800332;Kortedala, Västra Kortedala;SD;74;51
2006;rf;14800332;Kortedala, Västra Kortedala;K;10;22
2006;rf;14800332;Kortedala, Västra Kortedala;PP;7;
2006;rf;14800332;Kortedala, Västra Kortedala;RS;4;1
2006;rf;14800332;Kortedala, Västra Kortedala;SPI;0;8
2006;rf;14800332;Kortedala, Västra Kortedala;HANDSKRIVNA;2;2
2006;rf;14800332;Kortedala, Västra Kortedala;ÖVRIGA_FGVAL;0;1
2006;rf;14800332;Kortedala, Västra Kortedala;BLANK;12;15
2006;rf;14800332;Kortedala, Västra Kortedala;OG;0;1
2006;rf;14800333;Kortedala, Östra Kortedala;M;102;99
2006;rf;14800333;Kortedala, Östra Kortedala;C;11;21
2006;rf;14800333;Kortedala, Östra Kortedala;L;42;60
2006;rf;14800333;Kortedala, Östra Kortedala;KD;41;47
2006;rf;14800333;Kortedala, Östra Kortedala;S;457;430
2006;rf;14800333;Kortedala, Östra Kortedala;V;121;124
2006;rf;14800333;Kortedala, Östra Kortedala;MP;109;93
2006;rf;14800333;Kortedala, Östra Kortedala;SPVG;39;35
2006;rf;14800333;Kortedala, Östra Kortedala;SD;53;49
2006;rf;14800333;Kortedala, Östra Kortedala;K;21;22
2006;rf;14800333;Kortedala, Östra Kortedala;RS;15;3
2006;rf;14800333;Kortedala, Östra Kortedala;PP;12;
2006;rf;14800333;Kortedala, Östra Kortedala;ND;0;2
2006;rf;14800333;Kortedala, Östra Kortedala;SPI;0;3
2006;rf;14800333;Kortedala, Östra Kortedala;HANDSKRIVNA;6;4
2006;rf;14800333;Kortedala, Östra Kortedala;BLANK;9;13
2006;rf;14800333;Kortedala, Östra Kortedala;OG;0;
2006;rf;14800211;Lärjedalen, Agnesberg;M;105;91
2006;rf;14800211;Lärjedalen, Agnesberg;C;10;11
2006;rf;14800211;Lärjedalen, Agnesberg;L;27;31
2006;rf;14800211;Lärjedalen, Agnesberg;KD;21;34
2006;rf;14800211;Lärjedalen, Agnesberg;S;214;208
2006;rf;14800211;Lärjedalen, Agnesberg;V;37;35
2006;rf;14800211;Lärjedalen, Agnesberg;MP;31;27
2006;rf;14800211;Lärjedalen, Agnesberg;SPVG;26;11
2006;rf;14800211;Lärjedalen, Agnesberg;SD;30;15
2006;rf;14800211;Lärjedalen, Agnesberg;PP;6;
2006;rf;14800211;Lärjedalen, Agnesberg;RS;3;1
2006;rf;14800211;Lärjedalen, Agnesberg;K;2;3
2006;rf;14800211;Lärjedalen, Agnesberg;SPI;0;4
2006;rf;14800211;Lärjedalen, Agnesberg;HANDSKRIVNA;0;1
2006;rf;14800211;Lärjedalen, Agnesberg;ÖVRIGA_FGVAL;0;1
2006;rf;14800211;Lärjedalen, Agnesberg;BLANK;10;14
2006;rf;14800211;Lärjedalen, Agnesberg;OG;0;
2006;rf;14800251;Lärjedalen, Björsared-Knipared;M;258;187
2006;rf;14800251;Lärjedalen, Björsared-Knipared;C;57;62
2006;rf;14800251;Lärjedalen, Björsared-Knipared;L;110;81
2006;rf;14800251;Lärjedalen, Björsared-Knipared;KD;48;58
2006;rf;14800251;Lärjedalen, Björsared-Knipared;S;336;368
2006;rf;14800251;Lärjedalen, Björsared-Knipared;V;76;68
2006;rf;14800251;Lärjedalen, Björsared-Knipared;MP;59;66
2006;rf;14800251;Lärjedalen, Björsared-Knipared;SPVG;60;18
2006;rf;14800251;Lärjedalen, Björsared-Knipared;SD;95;67
2006;rf;14800251;Lärjedalen, Björsared-Knipared;PP;8;
2006;rf;14800251;Lärjedalen, Björsared-Knipared;K;6;1
2006;rf;14800251;Lärjedalen, Björsared-Knipared;ND;0;1
2006;rf;14800251;Lärjedalen, Björsared-Knipared;SPI;0;3
2006;rf;14800251;Lärjedalen, Björsared-Knipared;HANDSKRIVNA;1;2
2006;rf;14800251;Lärjedalen, Björsared-Knipared;BLANK;16;34
2006;rf;14800251;Lärjedalen, Björsared-Knipared;OG;0;
2006;rf;14800264;Lärjedalen, Bläsebo;M;62;40
2006;rf;14800264;Lärjedalen, Bläsebo;C;7;2
2006;rf;14800264;Lärjedalen, Bläsebo;L;23;22
2006;rf;14800264;Lärjedalen, Bläsebo;KD;37;42
2006;rf;14800264;Lärjedalen, Bläsebo;S;469;388
2006;rf;14800264;Lärjedalen, Bläsebo;V;98;92
2006;rf;14800264;Lärjedalen, Bläsebo;MP;57;56
2006;rf;14800264;Lärjedalen, Bläsebo;SPVG;8;12
2006;rf;14800264;Lärjedalen, Bläsebo;SD;29;12
2006;rf;14800264;Lärjedalen, Bläsebo;RS;19;1
2006;rf;14800264;Lärjedalen, Bläsebo;K;9;24
2006;rf;14800264;Lärjedalen, Bläsebo;PP;3;
2006;rf;14800264;Lärjedalen, Bläsebo;HANDSKRIVNA;1;
2006;rf;14800264;Lärjedalen, Bläsebo;ÖVRIGA_FGVAL;0;1
2006;rf;14800264;Lärjedalen, Bläsebo;BLANK;6;14
2006;rf;14800264;Lärjedalen, Bläsebo;OG;1;1
2006;rf;14800271;Lärjedalen, Eriksbo;M;73;84
2006;rf;14800271;Lärjedalen, Eriksbo;C;9;14
2006;rf;14800271;Lärjedalen, Eriksbo;L;26;32
2006;rf;14800271;Lärjedalen, Eriksbo;KD;24;55
2006;rf;14800271;Lärjedalen, Eriksbo;S;504;420
2006;rf;14800271;Lärjedalen, Eriksbo;V;106;108
2006;rf;14800271;Lärjedalen, Eriksbo;MP;46;64
2006;rf;14800271;Lärjedalen, Eriksbo;SPVG;23;25
2006;rf;14800271;Lärjedalen, Eriksbo;SD;65;52
2006;rf;14800271;Lärjedalen, Eriksbo;RS;27;1
2006;rf;14800271;Lärjedalen, Eriksbo;K;8;32
2006;rf;14800271;Lärjedalen, Eriksbo;PP;6;
2006;rf;14800271;Lärjedalen, Eriksbo;ND;0;1
2006;rf;14800271;Lärjedalen, Eriksbo;HANDSKRIVNA;0;7
2006;rf;14800271;Lärjedalen, Eriksbo;BLANK;7;15
2006;rf;14800271;Lärjedalen, Eriksbo;OG;0;2
2006;rf;14800231;Lärjedalen, Gunnilse-Linnarhult;M;296;236
2006;rf;14800231;Lärjedalen, Gunnilse-Linnarhult;C;45;49
2006;rf;14800231;Lärjedalen, Gunnilse-Linnarhult;L;83;76
2006;rf;14800231;Lärjedalen, Gunnilse-Linnarhult;KD;76;100
2006;rf;14800231;Lärjedalen, Gunnilse-Linnarhult;S;353;391
2006;rf;14800231;Lärjedalen, Gunnilse-Linnarhult;V;52;71
2006;rf;14800231;Lärjedalen, Gunnilse-Linnarhult;MP;77;58
2006;rf;14800231;Lärjedalen, Gunnilse-Linnarhult;SPVG;65;36
2006;rf;14800231;Lärjedalen, Gunnilse-Linnarhult;SD;78;64
2006;rf;14800231;Lärjedalen, Gunnilse-Linnarhult;K;6;6
2006;rf;14800231;Lärjedalen, Gunnilse-Linnarhult;PP;6;
2006;rf;14800231;Lärjedalen, Gunnilse-Linnarhult;ND;0;2
2006;rf;14800231;Lärjedalen, Gunnilse-Linnarhult;SPI;0;1
2006;rf;14800231;Lärjedalen, Gunnilse-Linnarhult;HANDSKRIVNA;1;1
2006;rf;14800231;Lärjedalen, Gunnilse-Linnarhult;BLANK;16;18
2006;rf;14800231;Lärjedalen, Gunnilse-Linnarhult;OG;1;1
2006;rf;14800263;Lärjedalen, Norra Hjällbo;M;35;33
2006;rf;14800263;Lärjedalen, Norra Hjällbo;C;3;7
2006;rf;14800263;Lärjedalen, Norra Hjällbo;L;8;22
2006;rf;14800263;Lärjedalen, Norra Hjällbo;KD;48;38
2006;rf;14800263;Lärjedalen, Norra Hjällbo;S;482;461
2006;rf;14800263;Lärjedalen, Norra Hjällbo;V;106;78
2006;rf;14800263;Lärjedalen, Norra Hjällbo;MP;49;32
2006;rf;14800263;Lärjedalen, Norra Hjällbo;SPVG;12;7
2006;rf;14800263;Lärjedalen, Norra Hjällbo;SD;18;10
2006;rf;14800263;Lärjedalen, Norra Hjällbo;PP;6;
2006;rf;14800263;Lärjedalen, Norra Hjällbo;RS;6;5
2006;rf;14800263;Lärjedalen, Norra Hjällbo;K;2;23
2006;rf;14800263;Lärjedalen, Norra Hjällbo;SPI;0;1
2006;rf;14800263;Lärjedalen, Norra Hjällbo;HANDSKRIVNA;2;2
2006;rf;14800263;Lärjedalen, Norra Hjällbo;BLANK;5;2
2006;rf;14800263;Lärjedalen, Norra Hjällbo;OG;0;
2006;rf;14800252;Lärjedalen, Olofstorp;M;356;232
2006;rf;14800252;Lärjedalen, Olofstorp;C;43;47
2006;rf;14800252;Lärjedalen, Olofstorp;L;117;109
2006;rf;14800252;Lärjedalen, Olofstorp;KD;75;97
2006;rf;14800252;Lärjedalen, Olofstorp;S;432;460
2006;rf;14800252;Lärjedalen, Olofstorp;V;88;61
2006;rf;14800252;Lärjedalen, Olofstorp;MP;85;52
2006;rf;14800252;Lärjedalen, Olofstorp;SPVG;92;30
2006;rf;14800252;Lärjedalen, Olofstorp;SD;100;79
2006;rf;14800252;Lärjedalen, Olofstorp;PP;4;
2006;rf;14800252;Lärjedalen, Olofstorp;K;1;7
2006;rf;14800252;Lärjedalen, Olofstorp;RS;1;
2006;rf;14800252;Lärjedalen, Olofstorp;SPI;0;2
2006;rf;14800252;Lärjedalen, Olofstorp;BLANK;28;28
2006;rf;14800252;Lärjedalen, Olofstorp;OG;0;
2006;rf;14800223;Lärjedalen, Sandeslätt;M;58;64
2006;rf;14800223;Lärjedalen, Sandeslätt;C;10;9
2006;rf;14800223;Lärjedalen, Sandeslätt;L;19;28
2006;rf;14800223;Lärjedalen, Sandeslätt;KD;60;77
2006;rf;14800223;Lärjedalen, Sandeslätt;S;449;416
2006;rf;14800223;Lärjedalen, Sandeslätt;V;126;148
2006;rf;14800223;Lärjedalen, Sandeslätt;MP;74;73
2006;rf;14800223;Lärjedalen, Sandeslätt;SPVG;18;18
2006;rf;14800223;Lärjedalen, Sandeslätt;SD;38;18
2006;rf;14800223;Lärjedalen, Sandeslätt;RS;51;12
2006;rf;14800223;Lärjedalen, Sandeslätt;K;19;41
2006;rf;14800223;Lärjedalen, Sandeslätt;PP;7;
2006;rf;14800223;Lärjedalen, Sandeslätt;SPI;0;5
2006;rf;14800223;Lärjedalen, Sandeslätt;HANDSKRIVNA;2;1
2006;rf;14800223;Lärjedalen, Sandeslätt;ÖVRIGA_FGVAL;0;1
2006;rf;14800223;Lärjedalen, Sandeslätt;BLANK;5;10
2006;rf;14800223;Lärjedalen, Sandeslätt;OG;1;
2006;rf;14800262;Lärjedalen, Skolspåret;M;31;23
2006;rf;14800262;Lärjedalen, Skolspåret;C;2;5
2006;rf;14800262;Lärjedalen, Skolspåret;L;8;12
2006;rf;14800262;Lärjedalen, Skolspåret;KD;25;46
2006;rf;14800262;Lärjedalen, Skolspåret;S;384;370
2006;rf;14800262;Lärjedalen, Skolspåret;V;64;61
2006;rf;14800262;Lärjedalen, Skolspåret;MP;27;25
2006;rf;14800262;Lärjedalen, Skolspåret;SPVG;9;4
2006;rf;14800262;Lärjedalen, Skolspåret;SD;9;3
2006;rf;14800262;Lärjedalen, Skolspåret;RS;20;1
2006;rf;14800262;Lärjedalen, Skolspåret;K;7;12
2006;rf;14800262;Lärjedalen, Skolspåret;PP;2;
2006;rf;14800262;Lärjedalen, Skolspåret;HANDSKRIVNA;1;
2006;rf;14800262;Lärjedalen, Skolspåret;ÖVRIGA_FGVAL;0;1
2006;rf;14800262;Lärjedalen, Skolspåret;BLANK;4;5
2006;rf;14800262;Lärjedalen, Skolspåret;OG;0;1
2006;rf;14800261;Lärjedalen, Södra Hjällbo;M;41;38
2006;rf;14800261;Lärjedalen, Södra Hjällbo;C;3;2
2006;rf;14800261;Lärjedalen, Södra Hjällbo;L;7;11
2006;rf;14800261;Lärjedalen, Södra Hjällbo;KD;24;10
2006;rf;14800261;Lärjedalen, Södra Hjällbo;S;286;296
2006;rf;14800261;Lärjedalen, Södra Hjällbo;V;60;44
2006;rf;14800261;Lärjedalen, Södra Hjällbo;MP;32;16
2006;rf;14800261;Lärjedalen, Södra Hjällbo;SPVG;5;7
2006;rf;14800261;Lärjedalen, Södra Hjällbo;SD;10;6
2006;rf;14800261;Lärjedalen, Södra Hjällbo;RS;7;3
2006;rf;14800261;Lärjedalen, Södra Hjällbo;K;4;5
2006;rf;14800261;Lärjedalen, Södra Hjällbo;HANDSKRIVNA;0;1
2006;rf;14800261;Lärjedalen, Södra Hjällbo;BLANK;4;3
2006;rf;14800261;Lärjedalen, Södra Hjällbo;OG;0;
2006;rf;14800221;Lärjedalen, Västra Hammarkullen;M;80;85
2006;rf;14800221;Lärjedalen, Västra Hammarkullen;C;7;6
2006;rf;14800221;Lärjedalen, Västra Hammarkullen;L;27;16
2006;rf;14800221;Lärjedalen, Västra Hammarkullen;KD;29;36
2006;rf;14800221;Lärjedalen, Västra Hammarkullen;S;702;628
2006;rf;14800221;Lärjedalen, Västra Hammarkullen;V;85;63
2006;rf;14800221;Lärjedalen, Västra Hammarkullen;MP;61;33
2006;rf;14800221;Lärjedalen, Västra Hammarkullen;SPVG;14;12
2006;rf;14800221;Lärjedalen, Västra Hammarkullen;SD;18;13
2006;rf;14800221;Lärjedalen, Västra Hammarkullen;RS;26;5
2006;rf;14800221;Lärjedalen, Västra Hammarkullen;PP;5;
2006;rf;14800221;Lärjedalen, Västra Hammarkullen;K;4;20
2006;rf;14800221;Lärjedalen, Västra Hammarkullen;ND;0;1
2006;rf;14800221;Lärjedalen, Västra Hammarkullen;SPI;0;2
2006;rf;14800221;Lärjedalen, Västra Hammarkullen;HANDSKRIVNA;1;
2006;rf;14800221;Lärjedalen, Västra Hammarkullen;ÖVRIGA_FGVAL;0;3
2006;rf;14800221;Lärjedalen, Västra Hammarkullen;BLANK;11;15
2006;rf;14800221;Lärjedalen, Västra Hammarkullen;OG;0;
2006;rf;14800222;Lärjedalen, Östra Hammarkullen;M;63;51
2006;rf;14800222;Lärjedalen, Östra Hammarkullen;C;6;4
2006;rf;14800222;Lärjedalen, Östra Hammarkullen;L;15;27
2006;rf;14800222;Lärjedalen, Östra Hammarkullen;KD;43;58
2006;rf;14800222;Lärjedalen, Östra Hammarkullen;S;643;619
2006;rf;14800222;Lärjedalen, Östra Hammarkullen;V;103;84
2006;rf;14800222;Lärjedalen, Östra Hammarkullen;MP;90;47
2006;rf;14800222;Lärjedalen, Östra Hammarkullen;SPVG;15;13
2006;rf;14800222;Lärjedalen, Östra Hammarkullen;SD;40;18
2006;rf;14800222;Lärjedalen, Östra Hammarkullen;RS;23;3
2006;rf;14800222;Lärjedalen, Östra Hammarkullen;K;11;16
2006;rf;14800222;Lärjedalen, Östra Hammarkullen;PP;6;
2006;rf;14800222;Lärjedalen, Östra Hammarkullen;SPI;0;2
2006;rf;14800222;Lärjedalen, Östra Hammarkullen;BLANK;9;5
2006;rf;14800222;Lärjedalen, Östra Hammarkullen;OG;0;
2006;rf;14800621;Örgryte, Bagaregården;M;208;177
2006;rf;14800621;Örgryte, Bagaregården;C;35;32
2006;rf;14800621;Örgryte, Bagaregården;L;75;87
2006;rf;14800621;Örgryte, Bagaregården;KD;25;33
2006;rf;14800621;Örgryte, Bagaregården;S;187;196
2006;rf;14800621;Örgryte, Bagaregården;V;88;96
2006;rf;14800621;Örgryte, Bagaregården;MP;145;91
2006;rf;14800621;Örgryte, Bagaregården;SPVG;25;30
2006;rf;14800621;Örgryte, Bagaregården;SD;33;14
2006;rf;14800621;Örgryte, Bagaregården;K;9;9
2006;rf;14800621;Örgryte, Bagaregården;PP;3;
2006;rf;14800621;Örgryte, Bagaregården;RS;0;1
2006;rf;14800621;Örgryte, Bagaregården;SPI;0;1
2006;rf;14800621;Örgryte, Bagaregården;HANDSKRIVNA;2;2
2006;rf;14800621;Örgryte, Bagaregården;BLANK;11;37
2006;rf;14800621;Örgryte, Bagaregården;OG;0;
2006;rf;14800662;Örgryte, Bö;M;343;340
2006;rf;14800662;Örgryte, Bö;C;37;30
2006;rf;14800662;Örgryte, Bö;L;116;133
2006;rf;14800662;Örgryte, Bö;KD;48;64
2006;rf;14800662;Örgryte, Bö;S;93;83
2006;rf;14800662;Örgryte, Bö;V;31;28
2006;rf;14800662;Örgryte, Bö;MP;97;75
2006;rf;14800662;Örgryte, Bö;SPVG;17;16
2006;rf;14800662;Örgryte, Bö;SD;12;7
2006;rf;14800662;Örgryte, Bö;K;3;4
2006;rf;14800662;Örgryte, Bö;PP;2;
2006;rf;14800662;Örgryte, Bö;SPI;0;2
2006;rf;14800662;Örgryte, Bö;HANDSKRIVNA;7;
2006;rf;14800662;Örgryte, Bö;BLANK;9;9
2006;rf;14800662;Örgryte, Bö;OG;0;
2006;rf;14800652;Örgryte, Jakobsdal;M;537;512
2006;rf;14800652;Örgryte, Jakobsdal;C;39;51
2006;rf;14800652;Örgryte, Jakobsdal;L;147;160
2006;rf;14800652;Örgryte, Jakobsdal;KD;54;75
2006;rf;14800652;Örgryte, Jakobsdal;S;120;129
2006;rf;14800652;Örgryte, Jakobsdal;V;41;37
2006;rf;14800652;Örgryte, Jakobsdal;MP;88;62
2006;rf;14800652;Örgryte, Jakobsdal;SPVG;43;14
2006;rf;14800652;Örgryte, Jakobsdal;SD;16;12
2006;rf;14800652;Örgryte, Jakobsdal;PP;5;
2006;rf;14800652;Örgryte, Jakobsdal;K;4;2
2006;rf;14800652;Örgryte, Jakobsdal;HANDSKRIVNA;1;1
2006;rf;14800652;Örgryte, Jakobsdal;ÖVRIGA_FGVAL;0;1
2006;rf;14800652;Örgryte, Jakobsdal;BLANK;14;15
2006;rf;14800652;Örgryte, Jakobsdal;OG;0;1
2006;rf;14800653;Örgryte, Norra Skår;M;526;527
2006;rf;14800653;Örgryte, Norra Skår;C;34;34
2006;rf;14800653;Örgryte, Norra Skår;L;146;147
2006;rf;14800653;Örgryte, Norra Skår;KD;64;60
2006;rf;14800653;Örgryte, Norra Skår;S;64;68
2006;rf;14800653;Örgryte, Norra Skår;V;17;16
2006;rf;14800653;Örgryte, Norra Skår;MP;68;50
2006;rf;14800653;Örgryte, Norra Skår;SPVG;37;10
2006;rf;14800653;Örgryte, Norra Skår;SD;9;8
2006;rf;14800653;Örgryte, Norra Skår;PP;7;
2006;rf;14800653;Örgryte, Norra Skår;K;1;
2006;rf;14800653;Örgryte, Norra Skår;SPI;0;1
2006;rf;14800653;Örgryte, Norra Skår;HANDSKRIVNA;0;3
2006;rf;14800653;Örgryte, Norra Skår;ÖVRIGA_FGVAL;0;2
2006;rf;14800653;Örgryte, Norra Skår;BLANK;3;3
2006;rf;14800653;Örgryte, Norra Skår;OG;0;
2006;rf;14800632;Örgryte, Redbergslid;M;297;275
2006;rf;14800632;Örgryte, Redbergslid;C;33;57
2006;rf;14800632;Örgryte, Redbergslid;L;99;134
2006;rf;14800632;Örgryte, Redbergslid;KD;40;34
2006;rf;14800632;Örgryte, Redbergslid;S;285;327
2006;rf;14800632;Örgryte, Redbergslid;V;118;120
2006;rf;14800632;Örgryte, Redbergslid;MP;157;81
2006;rf;14800632;Örgryte, Redbergslid;SPVG;42;17
2006;rf;14800632;Örgryte, Redbergslid;SD;54;26
2006;rf;14800632;Örgryte, Redbergslid;PP;8;
2006;rf;14800632;Örgryte, Redbergslid;K;7;7
2006;rf;14800632;Örgryte, Redbergslid;RS;2;
2006;rf;14800632;Örgryte, Redbergslid;HANDSKRIVNA;1;2
2006;rf;14800632;Örgryte, Redbergslid;BLANK;25;27
2006;rf;14800632;Örgryte, Redbergslid;OG;0;1
2006;rf;14800631;Örgryte, Strömmensberg;M;279;204
2006;rf;14800631;Örgryte, Strömmensberg;C;32;48
2006;rf;14800631;Örgryte, Strömmensberg;L;98;131
2006;rf;14800631;Örgryte, Strömmensberg;KD;50;77
2006;rf;14800631;Örgryte, Strömmensberg;S;252;248
2006;rf;14800631;Örgryte, Strömmensberg;V;103;86
2006;rf;14800631;Örgryte, Strömmensberg;MP;176;103
2006;rf;14800631;Örgryte, Strömmensberg;SPVG;33;26
2006;rf;14800631;Örgryte, Strömmensberg;SD;40;28
2006;rf;14800631;Örgryte, Strömmensberg;K;4;12
2006;rf;14800631;Örgryte, Strömmensberg;PP;3;
2006;rf;14800631;Örgryte, Strömmensberg;RS;2;
2006;rf;14800631;Örgryte, Strömmensberg;ND;0;1
2006;rf;14800631;Örgryte, Strömmensberg;SPI;0;1
2006;rf;14800631;Örgryte, Strömmensberg;HANDSKRIVNA;5;5
2006;rf;14800631;Örgryte, Strömmensberg;BLANK;30;25
2006;rf;14800631;Örgryte, Strömmensberg;OG;0;
2006;rf;14800651;Örgryte, Södra Skår;M;558;545
2006;rf;14800651;Örgryte, Södra Skår;C;35;47
2006;rf;14800651;Örgryte, Södra Skår;L;156;158
2006;rf;14800651;Örgryte, Södra Skår;KD;52;54
2006;rf;14800651;Örgryte, Södra Skår;S;71;63
2006;rf;14800651;Örgryte, Södra Skår;V;22;24
2006;rf;14800651;Örgryte, Södra Skår;MP;65;41
2006;rf;14800651;Örgryte, Södra Skår;SPVG;39;10
2006;rf;14800651;Örgryte, Södra Skår;SD;16;9
2006;rf;14800651;Örgryte, Södra Skår;PP;2;
2006;rf;14800651;Örgryte, Södra Skår;K;1;3
2006;rf;14800651;Örgryte, Södra Skår;SPI;0;1
2006;rf;14800651;Örgryte, Södra Skår;HANDSKRIVNA;4;
2006;rf;14800651;Örgryte, Södra Skår;BLANK;10;9
2006;rf;14800651;Örgryte, Södra Skår;OG;0;
2006;rf;14800671;Örgryte, Torp;M;573;474
2006;rf;14800671;Örgryte, Torp;C;55;73
2006;rf;14800671;Örgryte, Torp;L;210;245
2006;rf;14800671;Örgryte, Torp;KD;76;84
2006;rf;14800671;Örgryte, Torp;S;238;272
2006;rf;14800671;Örgryte, Torp;V;70;72
2006;rf;14800671;Örgryte, Torp;MP;176;138
2006;rf;14800671;Örgryte, Torp;SPVG;48;26
2006;rf;14800671;Örgryte, Torp;SD;34;15
2006;rf;14800671;Örgryte, Torp;K;2;4
2006;rf;14800671;Örgryte, Torp;PP;2;
2006;rf;14800671;Örgryte, Torp;RS;1;
2006;rf;14800671;Örgryte, Torp;SPI;0;4
2006;rf;14800671;Örgryte, Torp;HANDSKRIVNA;4;1
2006;rf;14800671;Örgryte, Torp;BLANK;25;28
2006;rf;14800671;Örgryte, Torp;OG;1;1
2006;rf;14800641;Örgryte, Västra Kallebäck;M;307;276
2006;rf;14800641;Örgryte, Västra Kallebäck;C;33;50
2006;rf;14800641;Örgryte, Västra Kallebäck;L;112;135
2006;rf;14800641;Örgryte, Västra Kallebäck;KD;41;78
2006;rf;14800641;Örgryte, Västra Kallebäck;S;297;342
2006;rf;14800641;Örgryte, Västra Kallebäck;V;102;92
2006;rf;14800641;Örgryte, Västra Kallebäck;MP;137;99
2006;rf;14800641;Örgryte, Västra Kallebäck;SPVG;40;28
2006;rf;14800641;Örgryte, Västra Kallebäck;SD;48;20
2006;rf;14800641;Örgryte, Västra Kallebäck;PP;10;
2006;rf;14800641;Örgryte, Västra Kallebäck;K;6;10
2006;rf;14800641;Örgryte, Västra Kallebäck;RS;1;2
2006;rf;14800641;Örgryte, Västra Kallebäck;ND;0;1
2006;rf;14800641;Örgryte, Västra Kallebäck;SPI;0;2
2006;rf;14800641;Örgryte, Västra Kallebäck;HANDSKRIVNA;5;2
2006;rf;14800641;Örgryte, Västra Kallebäck;BLANK;25;34
2006;rf;14800641;Örgryte, Västra Kallebäck;OG;0;2
2006;rf;14800622;Örgryte, Ånäs;M;248;185
2006;rf;14800622;Örgryte, Ånäs;C;31;30
2006;rf;14800622;Örgryte, Ånäs;L;71;102
2006;rf;14800622;Örgryte, Ånäs;KD;32;35
2006;rf;14800622;Örgryte, Ånäs;S;188;227
2006;rf;14800622;Örgryte, Ånäs;V;85;87
2006;rf;14800622;Örgryte, Ånäs;MP;154;101
2006;rf;14800622;Örgryte, Ånäs;SPVG;35;13
2006;rf;14800622;Örgryte, Ånäs;SD;28;15
2006;rf;14800622;Örgryte, Ånäs;PP;6;
2006;rf;14800622;Örgryte, Ånäs;K;3;10
2006;rf;14800622;Örgryte, Ånäs;RS;0;1
2006;rf;14800622;Örgryte, Ånäs;SPI;0;3
2006;rf;14800622;Örgryte, Ånäs;HANDSKRIVNA;3;4
2006;rf;14800622;Örgryte, Ånäs;BLANK;13;28
2006;rf;14800622;Örgryte, Ånäs;OG;0;1
2006;rf;14800661;Örgryte, Örgryte;M;471;467
2006;rf;14800661;Örgryte, Örgryte;C;29;26
2006;rf;14800661;Örgryte, Örgryte;L;92;109
2006;rf;14800661;Örgryte, Örgryte;KD;39;51
2006;rf;14800661;Örgryte, Örgryte;S;63;80
2006;rf;14800661;Örgryte, Örgryte;V;14;18
2006;rf;14800661;Örgryte, Örgryte;MP;59;40
2006;rf;14800661;Örgryte, Örgryte;SPVG;17;4
2006;rf;14800661;Örgryte, Örgryte;SD;4;4
2006;rf;14800661;Örgryte, Örgryte;PP;5;
2006;rf;14800661;Örgryte, Örgryte;K;0;4
2006;rf;14800661;Örgryte, Örgryte;HANDSKRIVNA;2;1
2006;rf;14800661;Örgryte, Örgryte;BLANK;5;10
2006;rf;14800661;Örgryte, Örgryte;OG;0;1
2006;rf;14800642;Örgryte, Östra Kallebäck;M;364;225
2006;rf;14800642;Örgryte, Östra Kallebäck;C;26;22
2006;rf;14800642;Örgryte, Östra Kallebäck;L;100;101
2006;rf;14800642;Örgryte, Östra Kallebäck;KD;46;42
2006;rf;14800642;Örgryte, Östra Kallebäck;S;290;249
2006;rf;14800642;Örgryte, Östra Kallebäck;V;75;67
2006;rf;14800642;Örgryte, Östra Kallebäck;MP;108;44
2006;rf;14800642;Örgryte, Östra Kallebäck;SPVG;57;17
2006;rf;14800642;Örgryte, Östra Kallebäck;SD;38;33
2006;rf;14800642;Örgryte, Östra Kallebäck;PP;5;
2006;rf;14800642;Örgryte, Östra Kallebäck;K;0;1
2006;rf;14800642;Örgryte, Östra Kallebäck;SPI;0;4
2006;rf;14800642;Örgryte, Östra Kallebäck;HANDSKRIVNA;3;1
2006;rf;14800642;Örgryte, Östra Kallebäck;BLANK;19;20
2006;rf;14800642;Örgryte, Östra Kallebäck;OG;0;
2006;rf;14800002;Onsdagsdistrikt;M;350;210
2006;rf;14800002;Onsdagsdistrikt;C;49;34
2006;rf;14800002;Onsdagsdistrikt;L;101;110
2006;rf;14800002;Onsdagsdistrikt;KD;68;69
2006;rf;14800002;Onsdagsdistrikt;S;639;486
2006;rf;14800002;Onsdagsdistrikt;V;148;157
2006;rf;14800002;Onsdagsdistrikt;MP;282;124
2006;rf;14800002;Onsdagsdistrikt;SPVG;28;17
2006;rf;14800002;Onsdagsdistrikt;SD;53;28
2006;rf;14800002;Onsdagsdistrikt;PP;13;
2006;rf;14800002;Onsdagsdistrikt;K;8;20
2006;rf;14800002;Onsdagsdistrikt;RS;7;2
2006;rf;14800002;Onsdagsdistrikt;ND;0;1
2006;rf;14800002;Onsdagsdistrikt;SPI;0;2
2006;rf;14800002;Onsdagsdistrikt;HANDSKRIVNA;23;4
2006;rf;14800002;Onsdagsdistrikt;ÖVRIGA_FGVAL;0;1
2006;rf;14800002;Onsdagsdistrikt;BLANK;43;51
2006;rf;14800002;Onsdagsdistrikt;OG;3;4
