ar_fg;val;kod_2010;namn_2010;parti;roster_2010;roster_fgval
2006;kf;14800711;Centrum, Burås;M;347;354
2006;kf;14800711;Centrum, Burås;C;48;47
2006;kf;14800711;Centrum, Burås;L;125;164
2006;kf;14800711;Centrum, Burås;KD;63;69
2006;kf;14800711;Centrum, Burås;S;251;324
2006;kf;14800711;Centrum, Burås;V;71;56
2006;kf;14800711;Centrum, Burås;MP;149;93
2006;kf;14800711;Centrum, Burås;VÄGV;59;
2006;kf;14800711;Centrum, Burås;SD;41;20
2006;kf;14800711;Centrum, Burås;FI;14;15
2006;kf;14800711;Centrum, Burås;PP;6;
2006;kf;14800711;Centrum, Burås;K;4;8
2006;kf;14800711;Centrum, Burås;RS;4;
2006;kf;14800711;Centrum, Burås;SOC.P;3;7
2006;kf;14800711;Centrum, Burås;ND;0;1
2006;kf;14800711;Centrum, Burås;SPI;0;1
2006;kf;14800711;Centrum, Burås;HANDSKRIVNA;4;2
2006;kf;14800711;Centrum, Burås;BLANK;10;19
2006;kf;14800711;Centrum, Burås;OG;1;
2006;kf;14800742;Centrum, Centrala Guldheden;M;189;191
2006;kf;14800742;Centrum, Centrala Guldheden;C;18;35
2006;kf;14800742;Centrum, Centrala Guldheden;L;80;91
2006;kf;14800742;Centrum, Centrala Guldheden;KD;23;44
2006;kf;14800742;Centrum, Centrala Guldheden;S;252;286
2006;kf;14800742;Centrum, Centrala Guldheden;V;109;69
2006;kf;14800742;Centrum, Centrala Guldheden;MP;138;107
2006;kf;14800742;Centrum, Centrala Guldheden;VÄGV;47;
2006;kf;14800742;Centrum, Centrala Guldheden;SD;43;28
2006;kf;14800742;Centrum, Centrala Guldheden;FI;21;17
2006;kf;14800742;Centrum, Centrala Guldheden;K;9;5
2006;kf;14800742;Centrum, Centrala Guldheden;PP;5;
2006;kf;14800742;Centrum, Centrala Guldheden;1016;1;
2006;kf;14800742;Centrum, Centrala Guldheden;SOC.P;1;1
2006;kf;14800742;Centrum, Centrala Guldheden;0450;0;1
2006;kf;14800742;Centrum, Centrala Guldheden;SPI;0;4
2006;kf;14800742;Centrum, Centrala Guldheden;HANDSKRIVNA;2;4
2006;kf;14800742;Centrum, Centrala Guldheden;BLANK;17;16
2006;kf;14800742;Centrum, Centrala Guldheden;OG;0;
2006;kf;14800746;Centrum, Doktor Forselius gata m fl;M;271;241
2006;kf;14800746;Centrum, Doktor Forselius gata m fl;C;35;34
2006;kf;14800746;Centrum, Doktor Forselius gata m fl;L;92;99
2006;kf;14800746;Centrum, Doktor Forselius gata m fl;KD;48;72
2006;kf;14800746;Centrum, Doktor Forselius gata m fl;S;236;292
2006;kf;14800746;Centrum, Doktor Forselius gata m fl;V;83;76
2006;kf;14800746;Centrum, Doktor Forselius gata m fl;MP;123;99
2006;kf;14800746;Centrum, Doktor Forselius gata m fl;VÄGV;35;
2006;kf;14800746;Centrum, Doktor Forselius gata m fl;SD;19;22
2006;kf;14800746;Centrum, Doktor Forselius gata m fl;FI;14;21
2006;kf;14800746;Centrum, Doktor Forselius gata m fl;SOC.P;6;5
2006;kf;14800746;Centrum, Doktor Forselius gata m fl;K;3;7
2006;kf;14800746;Centrum, Doktor Forselius gata m fl;PP;3;
2006;kf;14800746;Centrum, Doktor Forselius gata m fl;1016;2;
2006;kf;14800746;Centrum, Doktor Forselius gata m fl;RS;1;
2006;kf;14800746;Centrum, Doktor Forselius gata m fl;SPI;0;4
2006;kf;14800746;Centrum, Doktor Forselius gata m fl;HANDSKRIVNA;0;4
2006;kf;14800746;Centrum, Doktor Forselius gata m fl;BLANK;9;10
2006;kf;14800746;Centrum, Doktor Forselius gata m fl;OG;0;
2006;kf;14800723;Centrum, Eklanda;M;463;428
2006;kf;14800723;Centrum, Eklanda;C;55;82
2006;kf;14800723;Centrum, Eklanda;L;138;187
2006;kf;14800723;Centrum, Eklanda;KD;44;62
2006;kf;14800723;Centrum, Eklanda;S;230;287
2006;kf;14800723;Centrum, Eklanda;V;47;64
2006;kf;14800723;Centrum, Eklanda;MP;173;125
2006;kf;14800723;Centrum, Eklanda;VÄGV;54;
2006;kf;14800723;Centrum, Eklanda;SD;37;17
2006;kf;14800723;Centrum, Eklanda;FI;12;19
2006;kf;14800723;Centrum, Eklanda;PP;10;
2006;kf;14800723;Centrum, Eklanda;K;3;2
2006;kf;14800723;Centrum, Eklanda;1016;1;
2006;kf;14800723;Centrum, Eklanda;SOC.P;0;3
2006;kf;14800723;Centrum, Eklanda;HANDSKRIVNA;0;3
2006;kf;14800723;Centrum, Eklanda;BLANK;8;19
2006;kf;14800723;Centrum, Eklanda;OG;0;
2006;kf;14800713;Centrum, Framnäs;M;433;380
2006;kf;14800713;Centrum, Framnäs;C;61;40
2006;kf;14800713;Centrum, Framnäs;L;141;141
2006;kf;14800713;Centrum, Framnäs;KD;65;65
2006;kf;14800713;Centrum, Framnäs;S;294;335
2006;kf;14800713;Centrum, Framnäs;V;107;88
2006;kf;14800713;Centrum, Framnäs;MP;182;139
2006;kf;14800713;Centrum, Framnäs;VÄGV;65;
2006;kf;14800713;Centrum, Framnäs;SD;39;26
2006;kf;14800713;Centrum, Framnäs;FI;18;14
2006;kf;14800713;Centrum, Framnäs;PP;9;
2006;kf;14800713;Centrum, Framnäs;K;7;3
2006;kf;14800713;Centrum, Framnäs;RS;1;
2006;kf;14800713;Centrum, Framnäs;SOC.P;1;6
2006;kf;14800713;Centrum, Framnäs;SPI;0;1
2006;kf;14800713;Centrum, Framnäs;HANDSKRIVNA;0;2
2006;kf;14800713;Centrum, Framnäs;BLANK;21;22
2006;kf;14800713;Centrum, Framnäs;OG;0;
2006;kf;14800783;Centrum, Friggagatan-Stampen;M;367;309
2006;kf;14800783;Centrum, Friggagatan-Stampen;C;29;28
2006;kf;14800783;Centrum, Friggagatan-Stampen;L;128;129
2006;kf;14800783;Centrum, Friggagatan-Stampen;KD;34;38
2006;kf;14800783;Centrum, Friggagatan-Stampen;S;279;375
2006;kf;14800783;Centrum, Friggagatan-Stampen;V;57;63
2006;kf;14800783;Centrum, Friggagatan-Stampen;MP;111;93
2006;kf;14800783;Centrum, Friggagatan-Stampen;VÄGV;43;
2006;kf;14800783;Centrum, Friggagatan-Stampen;SD;50;32
2006;kf;14800783;Centrum, Friggagatan-Stampen;FI;8;13
2006;kf;14800783;Centrum, Friggagatan-Stampen;K;8;6
2006;kf;14800783;Centrum, Friggagatan-Stampen;PP;6;
2006;kf;14800783;Centrum, Friggagatan-Stampen;0450;1;1
2006;kf;14800783;Centrum, Friggagatan-Stampen;RS;1;
2006;kf;14800783;Centrum, Friggagatan-Stampen;SOC.P;1;1
2006;kf;14800783;Centrum, Friggagatan-Stampen;ND;0;2
2006;kf;14800783;Centrum, Friggagatan-Stampen;SPI;0;3
2006;kf;14800783;Centrum, Friggagatan-Stampen;HANDSKRIVNA;1;2
2006;kf;14800783;Centrum, Friggagatan-Stampen;BLANK;13;14
2006;kf;14800783;Centrum, Friggagatan-Stampen;OG;3;
2006;kf;14800717;Centrum, Getebergsäng;M;382;339
2006;kf;14800717;Centrum, Getebergsäng;C;27;28
2006;kf;14800717;Centrum, Getebergsäng;L;118;115
2006;kf;14800717;Centrum, Getebergsäng;KD;34;44
2006;kf;14800717;Centrum, Getebergsäng;S;139;211
2006;kf;14800717;Centrum, Getebergsäng;V;32;35
2006;kf;14800717;Centrum, Getebergsäng;MP;101;79
2006;kf;14800717;Centrum, Getebergsäng;VÄGV;30;
2006;kf;14800717;Centrum, Getebergsäng;SD;31;13
2006;kf;14800717;Centrum, Getebergsäng;FI;13;11
2006;kf;14800717;Centrum, Getebergsäng;1016;3;
2006;kf;14800717;Centrum, Getebergsäng;PP;2;
2006;kf;14800717;Centrum, Getebergsäng;K;1;1
2006;kf;14800717;Centrum, Getebergsäng;RS;1;
2006;kf;14800717;Centrum, Getebergsäng;SOC.P;0;1
2006;kf;14800717;Centrum, Getebergsäng;SPI;0;2
2006;kf;14800717;Centrum, Getebergsäng;HANDSKRIVNA;1;
2006;kf;14800717;Centrum, Getebergsäng;BLANK;5;14
2006;kf;14800717;Centrum, Getebergsäng;OG;0;
2006;kf;14800741;Centrum, Guldheden vattentornet;M;258;244
2006;kf;14800741;Centrum, Guldheden vattentornet;C;38;43
2006;kf;14800741;Centrum, Guldheden vattentornet;L;108;117
2006;kf;14800741;Centrum, Guldheden vattentornet;KD;28;69
2006;kf;14800741;Centrum, Guldheden vattentornet;S;300;373
2006;kf;14800741;Centrum, Guldheden vattentornet;V;126;118
2006;kf;14800741;Centrum, Guldheden vattentornet;MP;216;172
2006;kf;14800741;Centrum, Guldheden vattentornet;VÄGV;47;
2006;kf;14800741;Centrum, Guldheden vattentornet;SD;67;39
2006;kf;14800741;Centrum, Guldheden vattentornet;FI;11;20
2006;kf;14800741;Centrum, Guldheden vattentornet;PP;11;
2006;kf;14800741;Centrum, Guldheden vattentornet;K;7;12
2006;kf;14800741;Centrum, Guldheden vattentornet;SOC.P;6;5
2006;kf;14800741;Centrum, Guldheden vattentornet;0450;3;2
2006;kf;14800741;Centrum, Guldheden vattentornet;1016;2;
2006;kf;14800741;Centrum, Guldheden vattentornet;RS;1;
2006;kf;14800741;Centrum, Guldheden vattentornet;ND;0;1
2006;kf;14800741;Centrum, Guldheden vattentornet;SPI;0;3
2006;kf;14800741;Centrum, Guldheden vattentornet;HANDSKRIVNA;3;3
2006;kf;14800741;Centrum, Guldheden vattentornet;BLANK;20;14
2006;kf;14800741;Centrum, Guldheden vattentornet;OG;1;1
2006;kf;14800782;Centrum, Gullbergsvass-Svingeln;M;450;241
2006;kf;14800782;Centrum, Gullbergsvass-Svingeln;C;54;30
2006;kf;14800782;Centrum, Gullbergsvass-Svingeln;L;158;108
2006;kf;14800782;Centrum, Gullbergsvass-Svingeln;KD;36;30
2006;kf;14800782;Centrum, Gullbergsvass-Svingeln;S;358;250
2006;kf;14800782;Centrum, Gullbergsvass-Svingeln;V;76;60
2006;kf;14800782;Centrum, Gullbergsvass-Svingeln;MP;167;98
2006;kf;14800782;Centrum, Gullbergsvass-Svingeln;VÄGV;65;
2006;kf;14800782;Centrum, Gullbergsvass-Svingeln;SD;49;16
2006;kf;14800782;Centrum, Gullbergsvass-Svingeln;FI;14;18
2006;kf;14800782;Centrum, Gullbergsvass-Svingeln;PP;10;
2006;kf;14800782;Centrum, Gullbergsvass-Svingeln;K;6;2
2006;kf;14800782;Centrum, Gullbergsvass-Svingeln;0450;5;1
2006;kf;14800782;Centrum, Gullbergsvass-Svingeln;RS;3;
2006;kf;14800782;Centrum, Gullbergsvass-Svingeln;SOC.P;3;2
2006;kf;14800782;Centrum, Gullbergsvass-Svingeln;1016;2;
2006;kf;14800782;Centrum, Gullbergsvass-Svingeln;HANDSKRIVNA;1;
2006;kf;14800782;Centrum, Gullbergsvass-Svingeln;BLANK;18;14
2006;kf;14800782;Centrum, Gullbergsvass-Svingeln;OG;0;
2006;kf;14800791;Centrum, Hedås-Gårda;M;642;569
2006;kf;14800791;Centrum, Hedås-Gårda;C;27;31
2006;kf;14800791;Centrum, Hedås-Gårda;L;159;172
2006;kf;14800791;Centrum, Hedås-Gårda;KD;40;61
2006;kf;14800791;Centrum, Hedås-Gårda;S;200;271
2006;kf;14800791;Centrum, Hedås-Gårda;V;74;57
2006;kf;14800791;Centrum, Hedås-Gårda;MP;124;104
2006;kf;14800791;Centrum, Hedås-Gårda;VÄGV;49;
2006;kf;14800791;Centrum, Hedås-Gårda;SD;38;29
2006;kf;14800791;Centrum, Hedås-Gårda;FI;19;28
2006;kf;14800791;Centrum, Hedås-Gårda;PP;7;
2006;kf;14800791;Centrum, Hedås-Gårda;K;4;6
2006;kf;14800791;Centrum, Hedås-Gårda;SOC.P;2;1
2006;kf;14800791;Centrum, Hedås-Gårda;1016;1;
2006;kf;14800791;Centrum, Hedås-Gårda;SPI;0;2
2006;kf;14800791;Centrum, Hedås-Gårda;HANDSKRIVNA;0;3
2006;kf;14800791;Centrum, Hedås-Gårda;BLANK;12;25
2006;kf;14800791;Centrum, Hedås-Gårda;OG;0;
2006;kf;14800771;Centrum, Inom Vallgraven;M;555;513
2006;kf;14800771;Centrum, Inom Vallgraven;C;44;54
2006;kf;14800771;Centrum, Inom Vallgraven;L;148;152
2006;kf;14800771;Centrum, Inom Vallgraven;KD;42;38
2006;kf;14800771;Centrum, Inom Vallgraven;S;223;281
2006;kf;14800771;Centrum, Inom Vallgraven;V;65;51
2006;kf;14800771;Centrum, Inom Vallgraven;MP;156;108
2006;kf;14800771;Centrum, Inom Vallgraven;VÄGV;51;
2006;kf;14800771;Centrum, Inom Vallgraven;SD;28;20
2006;kf;14800771;Centrum, Inom Vallgraven;PP;9;
2006;kf;14800771;Centrum, Inom Vallgraven;FI;8;15
2006;kf;14800771;Centrum, Inom Vallgraven;K;7;19
2006;kf;14800771;Centrum, Inom Vallgraven;1016;2;
2006;kf;14800771;Centrum, Inom Vallgraven;SOC.P;2;3
2006;kf;14800771;Centrum, Inom Vallgraven;SPI;0;2
2006;kf;14800771;Centrum, Inom Vallgraven;BLANK;12;18
2006;kf;14800771;Centrum, Inom Vallgraven;OG;0;
2006;kf;14800716;Centrum, Kristinehöjd;M;372;358
2006;kf;14800716;Centrum, Kristinehöjd;C;30;27
2006;kf;14800716;Centrum, Kristinehöjd;L;92;107
2006;kf;14800716;Centrum, Kristinehöjd;KD;39;52
2006;kf;14800716;Centrum, Kristinehöjd;S;204;242
2006;kf;14800716;Centrum, Kristinehöjd;V;49;52
2006;kf;14800716;Centrum, Kristinehöjd;MP;144;83
2006;kf;14800716;Centrum, Kristinehöjd;VÄGV;40;
2006;kf;14800716;Centrum, Kristinehöjd;SD;30;16
2006;kf;14800716;Centrum, Kristinehöjd;FI;12;12
2006;kf;14800716;Centrum, Kristinehöjd;K;8;4
2006;kf;14800716;Centrum, Kristinehöjd;PP;8;
2006;kf;14800716;Centrum, Kristinehöjd;0450;2;1
2006;kf;14800716;Centrum, Kristinehöjd;SOC.P;2;2
2006;kf;14800716;Centrum, Kristinehöjd;SPI;0;5
2006;kf;14800716;Centrum, Kristinehöjd;HANDSKRIVNA;0;3
2006;kf;14800716;Centrum, Kristinehöjd;BLANK;8;24
2006;kf;14800716;Centrum, Kristinehöjd;OG;0;1
2006;kf;14800715;Centrum, Krokslätt;M;460;385
2006;kf;14800715;Centrum, Krokslätt;C;44;46
2006;kf;14800715;Centrum, Krokslätt;L;155;170
2006;kf;14800715;Centrum, Krokslätt;KD;43;64
2006;kf;14800715;Centrum, Krokslätt;S;312;355
2006;kf;14800715;Centrum, Krokslätt;V;80;51
2006;kf;14800715;Centrum, Krokslätt;MP;148;127
2006;kf;14800715;Centrum, Krokslätt;VÄGV;53;
2006;kf;14800715;Centrum, Krokslätt;SD;48;24
2006;kf;14800715;Centrum, Krokslätt;FI;19;30
2006;kf;14800715;Centrum, Krokslätt;K;8;8
2006;kf;14800715;Centrum, Krokslätt;PP;8;
2006;kf;14800715;Centrum, Krokslätt;SOC.P;5;3
2006;kf;14800715;Centrum, Krokslätt;1016;2;
2006;kf;14800715;Centrum, Krokslätt;SPI;0;3
2006;kf;14800715;Centrum, Krokslätt;HANDSKRIVNA;1;2
2006;kf;14800715;Centrum, Krokslätt;BLANK;26;20
2006;kf;14800715;Centrum, Krokslätt;OG;0;
2006;kf;14800732;Centrum, Landala;M;423;388
2006;kf;14800732;Centrum, Landala;C;38;40
2006;kf;14800732;Centrum, Landala;L;138;159
2006;kf;14800732;Centrum, Landala;KD;33;60
2006;kf;14800732;Centrum, Landala;S;184;222
2006;kf;14800732;Centrum, Landala;V;38;45
2006;kf;14800732;Centrum, Landala;MP;135;86
2006;kf;14800732;Centrum, Landala;VÄGV;27;
2006;kf;14800732;Centrum, Landala;SD;29;16
2006;kf;14800732;Centrum, Landala;FI;10;12
2006;kf;14800732;Centrum, Landala;PP;4;
2006;kf;14800732;Centrum, Landala;1016;3;
2006;kf;14800732;Centrum, Landala;K;3;6
2006;kf;14800732;Centrum, Landala;RS;1;
2006;kf;14800732;Centrum, Landala;SOC.P;0;2
2006;kf;14800732;Centrum, Landala;HANDSKRIVNA;0;4
2006;kf;14800732;Centrum, Landala;BLANK;16;10
2006;kf;14800732;Centrum, Landala;OG;0;
2006;kf;14800744;Centrum, Landala Egnahem;M;276;286
2006;kf;14800744;Centrum, Landala Egnahem;C;47;54
2006;kf;14800744;Centrum, Landala Egnahem;L;156;136
2006;kf;14800744;Centrum, Landala Egnahem;KD;35;45
2006;kf;14800744;Centrum, Landala Egnahem;S;196;211
2006;kf;14800744;Centrum, Landala Egnahem;V;79;81
2006;kf;14800744;Centrum, Landala Egnahem;MP;139;135
2006;kf;14800744;Centrum, Landala Egnahem;VÄGV;41;
2006;kf;14800744;Centrum, Landala Egnahem;SD;35;20
2006;kf;14800744;Centrum, Landala Egnahem;FI;17;17
2006;kf;14800744;Centrum, Landala Egnahem;K;10;11
2006;kf;14800744;Centrum, Landala Egnahem;PP;9;
2006;kf;14800744;Centrum, Landala Egnahem;1016;2;
2006;kf;14800744;Centrum, Landala Egnahem;SOC.P;1;2
2006;kf;14800744;Centrum, Landala Egnahem;0450;0;1
2006;kf;14800744;Centrum, Landala Egnahem;SPI;0;4
2006;kf;14800744;Centrum, Landala Egnahem;BLANK;13;12
2006;kf;14800744;Centrum, Landala Egnahem;OG;0;
2006;kf;14800731;Centrum, Landalabergen m fl;M;391;355
2006;kf;14800731;Centrum, Landalabergen m fl;C;37;47
2006;kf;14800731;Centrum, Landalabergen m fl;L;130;166
2006;kf;14800731;Centrum, Landalabergen m fl;KD;40;65
2006;kf;14800731;Centrum, Landalabergen m fl;S;334;423
2006;kf;14800731;Centrum, Landalabergen m fl;V;108;99
2006;kf;14800731;Centrum, Landalabergen m fl;MP;181;131
2006;kf;14800731;Centrum, Landalabergen m fl;VÄGV;51;
2006;kf;14800731;Centrum, Landalabergen m fl;SD;55;27
2006;kf;14800731;Centrum, Landalabergen m fl;FI;29;23
2006;kf;14800731;Centrum, Landalabergen m fl;PP;11;
2006;kf;14800731;Centrum, Landalabergen m fl;K;4;17
2006;kf;14800731;Centrum, Landalabergen m fl;SOC.P;3;4
2006;kf;14800731;Centrum, Landalabergen m fl;1016;1;
2006;kf;14800731;Centrum, Landalabergen m fl;SPI;0;1
2006;kf;14800731;Centrum, Landalabergen m fl;HANDSKRIVNA;2;4
2006;kf;14800731;Centrum, Landalabergen m fl;BLANK;16;26
2006;kf;14800731;Centrum, Landalabergen m fl;OG;1;4
2006;kf;14800733;Centrum, Landalagången m fl;M;149;139
2006;kf;14800733;Centrum, Landalagången m fl;C;26;22
2006;kf;14800733;Centrum, Landalagången m fl;L;56;70
2006;kf;14800733;Centrum, Landalagången m fl;KD;16;27
2006;kf;14800733;Centrum, Landalagången m fl;S;212;210
2006;kf;14800733;Centrum, Landalagången m fl;V;69;64
2006;kf;14800733;Centrum, Landalagången m fl;MP;113;65
2006;kf;14800733;Centrum, Landalagången m fl;VÄGV;22;
2006;kf;14800733;Centrum, Landalagången m fl;SD;33;24
2006;kf;14800733;Centrum, Landalagången m fl;FI;13;10
2006;kf;14800733;Centrum, Landalagången m fl;PP;5;
2006;kf;14800733;Centrum, Landalagången m fl;1016;3;
2006;kf;14800733;Centrum, Landalagången m fl;K;2;6
2006;kf;14800733;Centrum, Landalagången m fl;SOC.P;2;3
2006;kf;14800733;Centrum, Landalagången m fl;ND;0;1
2006;kf;14800733;Centrum, Landalagången m fl;RS;0;2
2006;kf;14800733;Centrum, Landalagången m fl;HANDSKRIVNA;0;1
2006;kf;14800733;Centrum, Landalagången m fl;BLANK;8;14
2006;kf;14800733;Centrum, Landalagången m fl;OG;1;
2006;kf;14800751;Centrum, Lorensberg;M;678;609
2006;kf;14800751;Centrum, Lorensberg;C;30;27
2006;kf;14800751;Centrum, Lorensberg;L;175;160
2006;kf;14800751;Centrum, Lorensberg;KD;44;58
2006;kf;14800751;Centrum, Lorensberg;S;140;187
2006;kf;14800751;Centrum, Lorensberg;V;45;36
2006;kf;14800751;Centrum, Lorensberg;MP;83;66
2006;kf;14800751;Centrum, Lorensberg;VÄGV;52;
2006;kf;14800751;Centrum, Lorensberg;SD;25;17
2006;kf;14800751;Centrum, Lorensberg;FI;8;6
2006;kf;14800751;Centrum, Lorensberg;K;3;4
2006;kf;14800751;Centrum, Lorensberg;1016;1;
2006;kf;14800751;Centrum, Lorensberg;PP;1;
2006;kf;14800751;Centrum, Lorensberg;ND;0;1
2006;kf;14800751;Centrum, Lorensberg;HANDSKRIVNA;1;1
2006;kf;14800751;Centrum, Lorensberg;BLANK;6;13
2006;kf;14800751;Centrum, Lorensberg;OG;1;
2006;kf;14800712;Centrum, Mossen;M;277;251
2006;kf;14800712;Centrum, Mossen;C;39;40
2006;kf;14800712;Centrum, Mossen;L;146;132
2006;kf;14800712;Centrum, Mossen;KD;26;34
2006;kf;14800712;Centrum, Mossen;S;212;244
2006;kf;14800712;Centrum, Mossen;V;63;53
2006;kf;14800712;Centrum, Mossen;MP;185;109
2006;kf;14800712;Centrum, Mossen;VÄGV;37;
2006;kf;14800712;Centrum, Mossen;SD;23;15
2006;kf;14800712;Centrum, Mossen;PP;20;
2006;kf;14800712;Centrum, Mossen;FI;13;11
2006;kf;14800712;Centrum, Mossen;K;4;2
2006;kf;14800712;Centrum, Mossen;RS;1;
2006;kf;14800712;Centrum, Mossen;ND;0;1
2006;kf;14800712;Centrum, Mossen;SOC.P;0;2
2006;kf;14800712;Centrum, Mossen;HANDSKRIVNA;2;1
2006;kf;14800712;Centrum, Mossen;BLANK;14;17
2006;kf;14800712;Centrum, Mossen;OG;0;
2006;kf;14800721;Centrum, Nedre Johanneberg;M;701;572
2006;kf;14800721;Centrum, Nedre Johanneberg;C;51;41
2006;kf;14800721;Centrum, Nedre Johanneberg;L;218;177
2006;kf;14800721;Centrum, Nedre Johanneberg;KD;41;60
2006;kf;14800721;Centrum, Nedre Johanneberg;S;177;184
2006;kf;14800721;Centrum, Nedre Johanneberg;V;55;31
2006;kf;14800721;Centrum, Nedre Johanneberg;MP;177;78
2006;kf;14800721;Centrum, Nedre Johanneberg;VÄGV;42;
2006;kf;14800721;Centrum, Nedre Johanneberg;SD;38;20
2006;kf;14800721;Centrum, Nedre Johanneberg;FI;18;13
2006;kf;14800721;Centrum, Nedre Johanneberg;PP;14;
2006;kf;14800721;Centrum, Nedre Johanneberg;K;5;3
2006;kf;14800721;Centrum, Nedre Johanneberg;RS;3;
2006;kf;14800721;Centrum, Nedre Johanneberg;SOC.P;1;1
2006;kf;14800721;Centrum, Nedre Johanneberg;HANDSKRIVNA;1;
2006;kf;14800721;Centrum, Nedre Johanneberg;BLANK;31;15
2006;kf;14800721;Centrum, Nedre Johanneberg;OG;0;2
2006;kf;14800772;Centrum, Nordstan-Otterhällan;M;447;417
2006;kf;14800772;Centrum, Nordstan-Otterhällan;C;27;33
2006;kf;14800772;Centrum, Nordstan-Otterhällan;L;135;137
2006;kf;14800772;Centrum, Nordstan-Otterhällan;KD;38;46
2006;kf;14800772;Centrum, Nordstan-Otterhällan;S;273;334
2006;kf;14800772;Centrum, Nordstan-Otterhällan;V;99;77
2006;kf;14800772;Centrum, Nordstan-Otterhällan;MP;153;112
2006;kf;14800772;Centrum, Nordstan-Otterhällan;VÄGV;52;
2006;kf;14800772;Centrum, Nordstan-Otterhällan;SD;65;22
2006;kf;14800772;Centrum, Nordstan-Otterhällan;FI;12;29
2006;kf;14800772;Centrum, Nordstan-Otterhällan;PP;11;
2006;kf;14800772;Centrum, Nordstan-Otterhällan;K;5;9
2006;kf;14800772;Centrum, Nordstan-Otterhällan;1016;2;
2006;kf;14800772;Centrum, Nordstan-Otterhällan;RS;1;1
2006;kf;14800772;Centrum, Nordstan-Otterhällan;SOC.P;0;5
2006;kf;14800772;Centrum, Nordstan-Otterhällan;SPI;0;1
2006;kf;14800772;Centrum, Nordstan-Otterhällan;HANDSKRIVNA;1;4
2006;kf;14800772;Centrum, Nordstan-Otterhällan;BLANK;17;13
2006;kf;14800772;Centrum, Nordstan-Otterhällan;OG;0;
2006;kf;14800743;Centrum, Norra Guldheden;M;393;356
2006;kf;14800743;Centrum, Norra Guldheden;C;61;59
2006;kf;14800743;Centrum, Norra Guldheden;L;194;191
2006;kf;14800743;Centrum, Norra Guldheden;KD;45;61
2006;kf;14800743;Centrum, Norra Guldheden;S;175;226
2006;kf;14800743;Centrum, Norra Guldheden;V;61;55
2006;kf;14800743;Centrum, Norra Guldheden;MP;174;129
2006;kf;14800743;Centrum, Norra Guldheden;VÄGV;36;
2006;kf;14800743;Centrum, Norra Guldheden;SD;28;15
2006;kf;14800743;Centrum, Norra Guldheden;FI;12;18
2006;kf;14800743;Centrum, Norra Guldheden;K;6;6
2006;kf;14800743;Centrum, Norra Guldheden;PP;5;
2006;kf;14800743;Centrum, Norra Guldheden;1016;2;
2006;kf;14800743;Centrum, Norra Guldheden;RS;1;1
2006;kf;14800743;Centrum, Norra Guldheden;SOC.P;1;3
2006;kf;14800743;Centrum, Norra Guldheden;ND;0;2
2006;kf;14800743;Centrum, Norra Guldheden;SPI;0;1
2006;kf;14800743;Centrum, Norra Guldheden;HANDSKRIVNA;2;
2006;kf;14800743;Centrum, Norra Guldheden;BLANK;17;13
2006;kf;14800743;Centrum, Norra Guldheden;OG;1;1
2006;kf;14800793;Centrum, Norra Heden-Gårda;M;616;573
2006;kf;14800793;Centrum, Norra Heden-Gårda;C;28;33
2006;kf;14800793;Centrum, Norra Heden-Gårda;L;194;151
2006;kf;14800793;Centrum, Norra Heden-Gårda;KD;46;57
2006;kf;14800793;Centrum, Norra Heden-Gårda;S;359;388
2006;kf;14800793;Centrum, Norra Heden-Gårda;V;74;66
2006;kf;14800793;Centrum, Norra Heden-Gårda;MP;133;91
2006;kf;14800793;Centrum, Norra Heden-Gårda;VÄGV;62;
2006;kf;14800793;Centrum, Norra Heden-Gårda;SD;46;17
2006;kf;14800793;Centrum, Norra Heden-Gårda;FI;7;27
2006;kf;14800793;Centrum, Norra Heden-Gårda;PP;6;
2006;kf;14800793;Centrum, Norra Heden-Gårda;K;5;6
2006;kf;14800793;Centrum, Norra Heden-Gårda;SOC.P;3;1
2006;kf;14800793;Centrum, Norra Heden-Gårda;RS;1;
2006;kf;14800793;Centrum, Norra Heden-Gårda;SPI;0;7
2006;kf;14800793;Centrum, Norra Heden-Gårda;HANDSKRIVNA;2;3
2006;kf;14800793;Centrum, Norra Heden-Gårda;BLANK;13;11
2006;kf;14800793;Centrum, Norra Heden-Gårda;OG;1;
2006;kf;14800762;Centrum, Norra Vasastaden;M;492;477
2006;kf;14800762;Centrum, Norra Vasastaden;C;33;38
2006;kf;14800762;Centrum, Norra Vasastaden;L;126;135
2006;kf;14800762;Centrum, Norra Vasastaden;KD;76;101
2006;kf;14800762;Centrum, Norra Vasastaden;S;168;226
2006;kf;14800762;Centrum, Norra Vasastaden;V;57;45
2006;kf;14800762;Centrum, Norra Vasastaden;MP;126;89
2006;kf;14800762;Centrum, Norra Vasastaden;VÄGV;38;
2006;kf;14800762;Centrum, Norra Vasastaden;SD;38;18
2006;kf;14800762;Centrum, Norra Vasastaden;FI;27;20
2006;kf;14800762;Centrum, Norra Vasastaden;PP;8;
2006;kf;14800762;Centrum, Norra Vasastaden;K;7;10
2006;kf;14800762;Centrum, Norra Vasastaden;1016;2;
2006;kf;14800762;Centrum, Norra Vasastaden;RS;1;
2006;kf;14800762;Centrum, Norra Vasastaden;SOC.P;0;3
2006;kf;14800762;Centrum, Norra Vasastaden;SPI;0;1
2006;kf;14800762;Centrum, Norra Vasastaden;HANDSKRIVNA;1;
2006;kf;14800762;Centrum, Norra Vasastaden;BLANK;12;12
2006;kf;14800762;Centrum, Norra Vasastaden;OG;0;
2006;kf;14800781;Centrum, Odinsgatan-Stampen;M;438;366
2006;kf;14800781;Centrum, Odinsgatan-Stampen;C;29;22
2006;kf;14800781;Centrum, Odinsgatan-Stampen;L;158;165
2006;kf;14800781;Centrum, Odinsgatan-Stampen;KD;34;35
2006;kf;14800781;Centrum, Odinsgatan-Stampen;S;282;402
2006;kf;14800781;Centrum, Odinsgatan-Stampen;V;66;68
2006;kf;14800781;Centrum, Odinsgatan-Stampen;MP;118;77
2006;kf;14800781;Centrum, Odinsgatan-Stampen;VÄGV;40;
2006;kf;14800781;Centrum, Odinsgatan-Stampen;SD;59;27
2006;kf;14800781;Centrum, Odinsgatan-Stampen;FI;18;14
2006;kf;14800781;Centrum, Odinsgatan-Stampen;PP;8;
2006;kf;14800781;Centrum, Odinsgatan-Stampen;K;4;8
2006;kf;14800781;Centrum, Odinsgatan-Stampen;SOC.P;1;1
2006;kf;14800781;Centrum, Odinsgatan-Stampen;0450;0;1
2006;kf;14800781;Centrum, Odinsgatan-Stampen;SPI;0;1
2006;kf;14800781;Centrum, Odinsgatan-Stampen;BLANK;18;20
2006;kf;14800781;Centrum, Odinsgatan-Stampen;OG;2;1
2006;kf;14800714;Centrum, Olofshöjd;M;155;168
2006;kf;14800714;Centrum, Olofshöjd;C;53;43
2006;kf;14800714;Centrum, Olofshöjd;L;56;93
2006;kf;14800714;Centrum, Olofshöjd;KD;13;25
2006;kf;14800714;Centrum, Olofshöjd;S;115;159
2006;kf;14800714;Centrum, Olofshöjd;V;71;75
2006;kf;14800714;Centrum, Olofshöjd;MP;149;136
2006;kf;14800714;Centrum, Olofshöjd;VÄGV;7;
2006;kf;14800714;Centrum, Olofshöjd;SD;14;6
2006;kf;14800714;Centrum, Olofshöjd;FI;15;22
2006;kf;14800714;Centrum, Olofshöjd;PP;11;
2006;kf;14800714;Centrum, Olofshöjd;K;3;9
2006;kf;14800714;Centrum, Olofshöjd;RS;1;1
2006;kf;14800714;Centrum, Olofshöjd;0450;0;1
2006;kf;14800714;Centrum, Olofshöjd;SOC.P;0;4
2006;kf;14800714;Centrum, Olofshöjd;HANDSKRIVNA;0;3
2006;kf;14800714;Centrum, Olofshöjd;BLANK;35;29
2006;kf;14800714;Centrum, Olofshöjd;OG;1;
2006;kf;14800745;Centrum, Södra Guldheden;M;245;201
2006;kf;14800745;Centrum, Södra Guldheden;C;26;50
2006;kf;14800745;Centrum, Södra Guldheden;L;106;119
2006;kf;14800745;Centrum, Södra Guldheden;KD;63;70
2006;kf;14800745;Centrum, Södra Guldheden;S;234;294
2006;kf;14800745;Centrum, Södra Guldheden;V;116;70
2006;kf;14800745;Centrum, Södra Guldheden;MP;166;111
2006;kf;14800745;Centrum, Södra Guldheden;VÄGV;43;
2006;kf;14800745;Centrum, Södra Guldheden;SD;32;28
2006;kf;14800745;Centrum, Södra Guldheden;PP;12;
2006;kf;14800745;Centrum, Södra Guldheden;FI;11;15
2006;kf;14800745;Centrum, Södra Guldheden;K;10;9
2006;kf;14800745;Centrum, Södra Guldheden;1016;1;
2006;kf;14800745;Centrum, Södra Guldheden;0450;0;1
2006;kf;14800745;Centrum, Södra Guldheden;RS;0;2
2006;kf;14800745;Centrum, Södra Guldheden;SOC.P;0;5
2006;kf;14800745;Centrum, Södra Guldheden;SPI;0;1
2006;kf;14800745;Centrum, Södra Guldheden;HANDSKRIVNA;3;
2006;kf;14800745;Centrum, Södra Guldheden;BLANK;7;14
2006;kf;14800745;Centrum, Södra Guldheden;OG;0;
2006;kf;14800792;Centrum, Södra Heden;M;578;509
2006;kf;14800792;Centrum, Södra Heden;C;28;31
2006;kf;14800792;Centrum, Södra Heden;L;133;148
2006;kf;14800792;Centrum, Södra Heden;KD;44;40
2006;kf;14800792;Centrum, Södra Heden;S;192;233
2006;kf;14800792;Centrum, Södra Heden;V;43;43
2006;kf;14800792;Centrum, Södra Heden;MP;67;42
2006;kf;14800792;Centrum, Södra Heden;VÄGV;38;
2006;kf;14800792;Centrum, Södra Heden;SD;43;21
2006;kf;14800792;Centrum, Södra Heden;FI;14;12
2006;kf;14800792;Centrum, Södra Heden;PP;5;
2006;kf;14800792;Centrum, Södra Heden;K;2;10
2006;kf;14800792;Centrum, Södra Heden;RS;1;
2006;kf;14800792;Centrum, Södra Heden;1027;1;
2006;kf;14800792;Centrum, Södra Heden;SOC.P;0;3
2006;kf;14800792;Centrum, Södra Heden;SPI;0;6
2006;kf;14800792;Centrum, Södra Heden;BLANK;12;23
2006;kf;14800792;Centrum, Södra Heden;OG;2;
2006;kf;14800724;Centrum, Södra Johanneberg;M;403;384
2006;kf;14800724;Centrum, Södra Johanneberg;C;43;53
2006;kf;14800724;Centrum, Södra Johanneberg;L;108;164
2006;kf;14800724;Centrum, Södra Johanneberg;KD;48;48
2006;kf;14800724;Centrum, Södra Johanneberg;S;221;252
2006;kf;14800724;Centrum, Södra Johanneberg;V;54;34
2006;kf;14800724;Centrum, Södra Johanneberg;MP;134;87
2006;kf;14800724;Centrum, Södra Johanneberg;VÄGV;50;
2006;kf;14800724;Centrum, Södra Johanneberg;SD;41;27
2006;kf;14800724;Centrum, Södra Johanneberg;FI;20;19
2006;kf;14800724;Centrum, Södra Johanneberg;PP;12;
2006;kf;14800724;Centrum, Södra Johanneberg;K;11;6
2006;kf;14800724;Centrum, Södra Johanneberg;SOC.P;4;
2006;kf;14800724;Centrum, Södra Johanneberg;1016;1;
2006;kf;14800724;Centrum, Södra Johanneberg;RS;1;3
2006;kf;14800724;Centrum, Södra Johanneberg;ND;0;1
2006;kf;14800724;Centrum, Södra Johanneberg;HANDSKRIVNA;0;3
2006;kf;14800724;Centrum, Södra Johanneberg;BLANK;10;24
2006;kf;14800724;Centrum, Södra Johanneberg;OG;0;
2006;kf;14800761;Centrum, Södra Vasastaden;M;546;500
2006;kf;14800761;Centrum, Södra Vasastaden;C;47;42
2006;kf;14800761;Centrum, Södra Vasastaden;L;162;213
2006;kf;14800761;Centrum, Södra Vasastaden;KD;54;65
2006;kf;14800761;Centrum, Södra Vasastaden;S;222;260
2006;kf;14800761;Centrum, Södra Vasastaden;V;53;64
2006;kf;14800761;Centrum, Södra Vasastaden;MP;148;119
2006;kf;14800761;Centrum, Södra Vasastaden;VÄGV;58;
2006;kf;14800761;Centrum, Södra Vasastaden;SD;31;14
2006;kf;14800761;Centrum, Södra Vasastaden;FI;18;35
2006;kf;14800761;Centrum, Södra Vasastaden;K;6;7
2006;kf;14800761;Centrum, Södra Vasastaden;1016;4;
2006;kf;14800761;Centrum, Södra Vasastaden;SOC.P;2;3
2006;kf;14800761;Centrum, Södra Vasastaden;PP;1;
2006;kf;14800761;Centrum, Södra Vasastaden;0450;0;1
2006;kf;14800761;Centrum, Södra Vasastaden;HANDSKRIVNA;1;1
2006;kf;14800761;Centrum, Södra Vasastaden;BLANK;6;16
2006;kf;14800761;Centrum, Södra Vasastaden;OG;0;1
2006;kf;14800763;Centrum, Valand;M;417;407
2006;kf;14800763;Centrum, Valand;C;23;28
2006;kf;14800763;Centrum, Valand;L;117;145
2006;kf;14800763;Centrum, Valand;KD;33;31
2006;kf;14800763;Centrum, Valand;S;118;156
2006;kf;14800763;Centrum, Valand;V;29;18
2006;kf;14800763;Centrum, Valand;MP;58;58
2006;kf;14800763;Centrum, Valand;VÄGV;34;
2006;kf;14800763;Centrum, Valand;SD;36;23
2006;kf;14800763;Centrum, Valand;FI;8;12
2006;kf;14800763;Centrum, Valand;PP;7;
2006;kf;14800763;Centrum, Valand;K;3;3
2006;kf;14800763;Centrum, Valand;0450;1;
2006;kf;14800763;Centrum, Valand;ND;0;1
2006;kf;14800763;Centrum, Valand;SPI;0;1
2006;kf;14800763;Centrum, Valand;HANDSKRIVNA;0;1
2006;kf;14800763;Centrum, Valand;BLANK;6;8
2006;kf;14800763;Centrum, Valand;OG;0;
2006;kf;14800764;Centrum, Östra Vasastaden;M;604;462
2006;kf;14800764;Centrum, Östra Vasastaden;C;48;35
2006;kf;14800764;Centrum, Östra Vasastaden;L;109;141
2006;kf;14800764;Centrum, Östra Vasastaden;KD;28;37
2006;kf;14800764;Centrum, Östra Vasastaden;S;153;231
2006;kf;14800764;Centrum, Östra Vasastaden;V;44;36
2006;kf;14800764;Centrum, Östra Vasastaden;MP;94;59
2006;kf;14800764;Centrum, Östra Vasastaden;VÄGV;45;
2006;kf;14800764;Centrum, Östra Vasastaden;SD;51;20
2006;kf;14800764;Centrum, Östra Vasastaden;FI;18;19
2006;kf;14800764;Centrum, Östra Vasastaden;PP;6;
2006;kf;14800764;Centrum, Östra Vasastaden;K;3;4
2006;kf;14800764;Centrum, Östra Vasastaden;RS;1;2
2006;kf;14800764;Centrum, Östra Vasastaden;SOC.P;1;1
2006;kf;14800764;Centrum, Östra Vasastaden;0450;0;1
2006;kf;14800764;Centrum, Östra Vasastaden;SPI;0;1
2006;kf;14800764;Centrum, Östra Vasastaden;HANDSKRIVNA;2;2
2006;kf;14800764;Centrum, Östra Vasastaden;BLANK;9;13
2006;kf;14800764;Centrum, Östra Vasastaden;OG;0;1
2006;kf;14800722;Centrum, Övre Johanneberg;M;368;408
2006;kf;14800722;Centrum, Övre Johanneberg;C;48;55
2006;kf;14800722;Centrum, Övre Johanneberg;L;139;173
2006;kf;14800722;Centrum, Övre Johanneberg;KD;51;47
2006;kf;14800722;Centrum, Övre Johanneberg;S;197;228
2006;kf;14800722;Centrum, Övre Johanneberg;V;61;51
2006;kf;14800722;Centrum, Övre Johanneberg;MP;150;128
2006;kf;14800722;Centrum, Övre Johanneberg;VÄGV;47;
2006;kf;14800722;Centrum, Övre Johanneberg;SD;34;21
2006;kf;14800722;Centrum, Övre Johanneberg;FI;21;16
2006;kf;14800722;Centrum, Övre Johanneberg;PP;10;
2006;kf;14800722;Centrum, Övre Johanneberg;RS;3;2
2006;kf;14800722;Centrum, Övre Johanneberg;K;2;8
2006;kf;14800722;Centrum, Övre Johanneberg;1016;1;
2006;kf;14800722;Centrum, Övre Johanneberg;0450;0;1
2006;kf;14800722;Centrum, Övre Johanneberg;SOC.P;0;5
2006;kf;14800722;Centrum, Övre Johanneberg;SPI;0;1
2006;kf;14800722;Centrum, Övre Johanneberg;HANDSKRIVNA;2;2
2006;kf;14800722;Centrum, Övre Johanneberg;BLANK;15;35
2006;kf;14800722;Centrum, Övre Johanneberg;OG;0;
2006;kf;14800841;Linnéstaden, Annedal;M;363;317
2006;kf;14800841;Linnéstaden, Annedal;C;40;42
2006;kf;14800841;Linnéstaden, Annedal;L;134;121
2006;kf;14800841;Linnéstaden, Annedal;KD;40;69
2006;kf;14800841;Linnéstaden, Annedal;S;316;413
2006;kf;14800841;Linnéstaden, Annedal;V;117;103
2006;kf;14800841;Linnéstaden, Annedal;MP;197;145
2006;kf;14800841;Linnéstaden, Annedal;VÄGV;64;
2006;kf;14800841;Linnéstaden, Annedal;SD;42;28
2006;kf;14800841;Linnéstaden, Annedal;FI;26;27
2006;kf;14800841;Linnéstaden, Annedal;K;10;17
2006;kf;14800841;Linnéstaden, Annedal;PP;7;
2006;kf;14800841;Linnéstaden, Annedal;1016;5;
2006;kf;14800841;Linnéstaden, Annedal;SOC.P;3;1
2006;kf;14800841;Linnéstaden, Annedal;RS;2;
2006;kf;14800841;Linnéstaden, Annedal;ND;0;3
2006;kf;14800841;Linnéstaden, Annedal;SPI;0;2
2006;kf;14800841;Linnéstaden, Annedal;HANDSKRIVNA;0;2
2006;kf;14800841;Linnéstaden, Annedal;BLANK;13;31
2006;kf;14800841;Linnéstaden, Annedal;OG;0;
2006;kf;14800832;Linnéstaden, Haga;M;325;333
2006;kf;14800832;Linnéstaden, Haga;C;25;39
2006;kf;14800832;Linnéstaden, Haga;L;140;123
2006;kf;14800832;Linnéstaden, Haga;KD;35;43
2006;kf;14800832;Linnéstaden, Haga;S;322;344
2006;kf;14800832;Linnéstaden, Haga;V;193;163
2006;kf;14800832;Linnéstaden, Haga;MP;217;187
2006;kf;14800832;Linnéstaden, Haga;VÄGV;48;
2006;kf;14800832;Linnéstaden, Haga;SD;39;25
2006;kf;14800832;Linnéstaden, Haga;FI;34;35
2006;kf;14800832;Linnéstaden, Haga;K;20;25
2006;kf;14800832;Linnéstaden, Haga;PP;11;
2006;kf;14800832;Linnéstaden, Haga;1016;9;
2006;kf;14800832;Linnéstaden, Haga;RS;4;1
2006;kf;14800832;Linnéstaden, Haga;0450;1;
2006;kf;14800832;Linnéstaden, Haga;SOC.P;1;2
2006;kf;14800832;Linnéstaden, Haga;HANDSKRIVNA;5;1
2006;kf;14800832;Linnéstaden, Haga;BLANK;12;13
2006;kf;14800832;Linnéstaden, Haga;OG;0;2
2006;kf;14800856;Linnéstaden, Kommendantsängen;M;364;299
2006;kf;14800856;Linnéstaden, Kommendantsängen;C;34;32
2006;kf;14800856;Linnéstaden, Kommendantsängen;L;121;145
2006;kf;14800856;Linnéstaden, Kommendantsängen;KD;20;36
2006;kf;14800856;Linnéstaden, Kommendantsängen;S;181;223
2006;kf;14800856;Linnéstaden, Kommendantsängen;V;74;86
2006;kf;14800856;Linnéstaden, Kommendantsängen;MP;128;132
2006;kf;14800856;Linnéstaden, Kommendantsängen;VÄGV;38;
2006;kf;14800856;Linnéstaden, Kommendantsängen;SD;30;19
2006;kf;14800856;Linnéstaden, Kommendantsängen;FI;21;17
2006;kf;14800856;Linnéstaden, Kommendantsängen;PP;6;
2006;kf;14800856;Linnéstaden, Kommendantsängen;K;5;10
2006;kf;14800856;Linnéstaden, Kommendantsängen;1016;1;
2006;kf;14800856;Linnéstaden, Kommendantsängen;RS;1;
2006;kf;14800856;Linnéstaden, Kommendantsängen;SOC.P;0;1
2006;kf;14800856;Linnéstaden, Kommendantsängen;SPI;0;5
2006;kf;14800856;Linnéstaden, Kommendantsängen;HANDSKRIVNA;2;
2006;kf;14800856;Linnéstaden, Kommendantsängen;BLANK;6;9
2006;kf;14800856;Linnéstaden, Kommendantsängen;OG;1;4
2006;kf;14800854;Linnéstaden, Linné;M;461;396
2006;kf;14800854;Linnéstaden, Linné;C;35;34
2006;kf;14800854;Linnéstaden, Linné;L;157;181
2006;kf;14800854;Linnéstaden, Linné;KD;41;43
2006;kf;14800854;Linnéstaden, Linné;S;229;254
2006;kf;14800854;Linnéstaden, Linné;V;86;103
2006;kf;14800854;Linnéstaden, Linné;MP;132;114
2006;kf;14800854;Linnéstaden, Linné;VÄGV;35;
2006;kf;14800854;Linnéstaden, Linné;SD;31;15
2006;kf;14800854;Linnéstaden, Linné;FI;17;23
2006;kf;14800854;Linnéstaden, Linné;K;14;17
2006;kf;14800854;Linnéstaden, Linné;1016;4;
2006;kf;14800854;Linnéstaden, Linné;PP;4;
2006;kf;14800854;Linnéstaden, Linné;RS;1;
2006;kf;14800854;Linnéstaden, Linné;SOC.P;1;
2006;kf;14800854;Linnéstaden, Linné;HANDSKRIVNA;2;3
2006;kf;14800854;Linnéstaden, Linné;BLANK;11;11
2006;kf;14800854;Linnéstaden, Linné;OG;1;1
2006;kf;14800851;Linnéstaden, Linnéplatsen;M;312;293
2006;kf;14800851;Linnéstaden, Linnéplatsen;C;25;22
2006;kf;14800851;Linnéstaden, Linnéplatsen;L;117;138
2006;kf;14800851;Linnéstaden, Linnéplatsen;KD;27;39
2006;kf;14800851;Linnéstaden, Linnéplatsen;S;154;159
2006;kf;14800851;Linnéstaden, Linnéplatsen;V;68;59
2006;kf;14800851;Linnéstaden, Linnéplatsen;MP;107;88
2006;kf;14800851;Linnéstaden, Linnéplatsen;VÄGV;39;
2006;kf;14800851;Linnéstaden, Linnéplatsen;SD;17;8
2006;kf;14800851;Linnéstaden, Linnéplatsen;FI;8;11
2006;kf;14800851;Linnéstaden, Linnéplatsen;K;5;5
2006;kf;14800851;Linnéstaden, Linnéplatsen;PP;4;
2006;kf;14800851;Linnéstaden, Linnéplatsen;1016;2;
2006;kf;14800851;Linnéstaden, Linnéplatsen;SOC.P;0;3
2006;kf;14800851;Linnéstaden, Linnéplatsen;SPI;0;1
2006;kf;14800851;Linnéstaden, Linnéplatsen;HANDSKRIVNA;2;
2006;kf;14800851;Linnéstaden, Linnéplatsen;BLANK;2;20
2006;kf;14800851;Linnéstaden, Linnéplatsen;OG;1;
2006;kf;14800853;Linnéstaden, Långgatorna;M;454;376
2006;kf;14800853;Linnéstaden, Långgatorna;C;38;45
2006;kf;14800853;Linnéstaden, Långgatorna;L;141;171
2006;kf;14800853;Linnéstaden, Långgatorna;KD;30;30
2006;kf;14800853;Linnéstaden, Långgatorna;S;232;298
2006;kf;14800853;Linnéstaden, Långgatorna;V;122;116
2006;kf;14800853;Linnéstaden, Långgatorna;MP;212;160
2006;kf;14800853;Linnéstaden, Långgatorna;VÄGV;38;
2006;kf;14800853;Linnéstaden, Långgatorna;SD;28;17
2006;kf;14800853;Linnéstaden, Långgatorna;FI;34;30
2006;kf;14800853;Linnéstaden, Långgatorna;K;9;12
2006;kf;14800853;Linnéstaden, Långgatorna;PP;5;
2006;kf;14800853;Linnéstaden, Långgatorna;1016;4;
2006;kf;14800853;Linnéstaden, Långgatorna;RS;1;
2006;kf;14800853;Linnéstaden, Långgatorna;SOC.P;1;
2006;kf;14800853;Linnéstaden, Långgatorna;SPI;0;1
2006;kf;14800853;Linnéstaden, Långgatorna;HANDSKRIVNA;2;3
2006;kf;14800853;Linnéstaden, Långgatorna;BLANK;15;12
2006;kf;14800853;Linnéstaden, Långgatorna;OG;0;1
2006;kf;14800813;Linnéstaden, Masthuggstorget;M;309;228
2006;kf;14800813;Linnéstaden, Masthuggstorget;C;34;27
2006;kf;14800813;Linnéstaden, Masthuggstorget;L;82;94
2006;kf;14800813;Linnéstaden, Masthuggstorget;KD;20;23
2006;kf;14800813;Linnéstaden, Masthuggstorget;S;257;311
2006;kf;14800813;Linnéstaden, Masthuggstorget;V;97;85
2006;kf;14800813;Linnéstaden, Masthuggstorget;MP;147;92
2006;kf;14800813;Linnéstaden, Masthuggstorget;VÄGV;44;
2006;kf;14800813;Linnéstaden, Masthuggstorget;SD;35;15
2006;kf;14800813;Linnéstaden, Masthuggstorget;FI;19;19
2006;kf;14800813;Linnéstaden, Masthuggstorget;K;12;21
2006;kf;14800813;Linnéstaden, Masthuggstorget;PP;6;
2006;kf;14800813;Linnéstaden, Masthuggstorget;1016;3;
2006;kf;14800813;Linnéstaden, Masthuggstorget;SOC.P;2;1
2006;kf;14800813;Linnéstaden, Masthuggstorget;0450;0;1
2006;kf;14800813;Linnéstaden, Masthuggstorget;ND;0;1
2006;kf;14800813;Linnéstaden, Masthuggstorget;SPI;0;1
2006;kf;14800813;Linnéstaden, Masthuggstorget;HANDSKRIVNA;2;1
2006;kf;14800813;Linnéstaden, Masthuggstorget;BLANK;14;17
2006;kf;14800813;Linnéstaden, Masthuggstorget;OG;0;1
2006;kf;14800814;Linnéstaden, Nedre Masthugget;M;208;160
2006;kf;14800814;Linnéstaden, Nedre Masthugget;C;28;22
2006;kf;14800814;Linnéstaden, Nedre Masthugget;L;111;108
2006;kf;14800814;Linnéstaden, Nedre Masthugget;KD;18;39
2006;kf;14800814;Linnéstaden, Nedre Masthugget;S;272;269
2006;kf;14800814;Linnéstaden, Nedre Masthugget;V;157;189
2006;kf;14800814;Linnéstaden, Nedre Masthugget;MP;193;161
2006;kf;14800814;Linnéstaden, Nedre Masthugget;VÄGV;50;
2006;kf;14800814;Linnéstaden, Nedre Masthugget;SD;26;18
2006;kf;14800814;Linnéstaden, Nedre Masthugget;K;46;58
2006;kf;14800814;Linnéstaden, Nedre Masthugget;FI;27;29
2006;kf;14800814;Linnéstaden, Nedre Masthugget;1016;7;
2006;kf;14800814;Linnéstaden, Nedre Masthugget;RS;4;
2006;kf;14800814;Linnéstaden, Nedre Masthugget;PP;3;
2006;kf;14800814;Linnéstaden, Nedre Masthugget;SOC.P;1;7
2006;kf;14800814;Linnéstaden, Nedre Masthugget;SPI;0;3
2006;kf;14800814;Linnéstaden, Nedre Masthugget;HANDSKRIVNA;1;1
2006;kf;14800814;Linnéstaden, Nedre Masthugget;BLANK;5;16
2006;kf;14800814;Linnéstaden, Nedre Masthugget;OG;2;1
2006;kf;14800842;Linnéstaden, Nilssonsberg;M;522;465
2006;kf;14800842;Linnéstaden, Nilssonsberg;C;38;47
2006;kf;14800842;Linnéstaden, Nilssonsberg;L;187;194
2006;kf;14800842;Linnéstaden, Nilssonsberg;KD;47;82
2006;kf;14800842;Linnéstaden, Nilssonsberg;S;276;336
2006;kf;14800842;Linnéstaden, Nilssonsberg;V;85;75
2006;kf;14800842;Linnéstaden, Nilssonsberg;MP;152;125
2006;kf;14800842;Linnéstaden, Nilssonsberg;VÄGV;69;
2006;kf;14800842;Linnéstaden, Nilssonsberg;SD;40;37
2006;kf;14800842;Linnéstaden, Nilssonsberg;FI;16;22
2006;kf;14800842;Linnéstaden, Nilssonsberg;PP;9;
2006;kf;14800842;Linnéstaden, Nilssonsberg;K;6;12
2006;kf;14800842;Linnéstaden, Nilssonsberg;1016;3;
2006;kf;14800842;Linnéstaden, Nilssonsberg;RS;1;
2006;kf;14800842;Linnéstaden, Nilssonsberg;SOC.P;1;
2006;kf;14800842;Linnéstaden, Nilssonsberg;0450;0;1
2006;kf;14800842;Linnéstaden, Nilssonsberg;SPI;0;3
2006;kf;14800842;Linnéstaden, Nilssonsberg;HANDSKRIVNA;1;1
2006;kf;14800842;Linnéstaden, Nilssonsberg;BLANK;16;20
2006;kf;14800842;Linnéstaden, Nilssonsberg;OG;0;
2006;kf;14800852;Linnéstaden, Olivedal;M;371;366
2006;kf;14800852;Linnéstaden, Olivedal;C;45;46
2006;kf;14800852;Linnéstaden, Olivedal;L;143;158
2006;kf;14800852;Linnéstaden, Olivedal;KD;27;32
2006;kf;14800852;Linnéstaden, Olivedal;S;315;351
2006;kf;14800852;Linnéstaden, Olivedal;V;157;147
2006;kf;14800852;Linnéstaden, Olivedal;MP;188;138
2006;kf;14800852;Linnéstaden, Olivedal;VÄGV;32;
2006;kf;14800852;Linnéstaden, Olivedal;SD;26;21
2006;kf;14800852;Linnéstaden, Olivedal;FI;20;28
2006;kf;14800852;Linnéstaden, Olivedal;K;12;23
2006;kf;14800852;Linnéstaden, Olivedal;1016;4;
2006;kf;14800852;Linnéstaden, Olivedal;PP;3;
2006;kf;14800852;Linnéstaden, Olivedal;RS;1;
2006;kf;14800852;Linnéstaden, Olivedal;SOC.P;1;
2006;kf;14800852;Linnéstaden, Olivedal;ND;0;1
2006;kf;14800852;Linnéstaden, Olivedal;SPI;0;1
2006;kf;14800852;Linnéstaden, Olivedal;BLANK;10;17
2006;kf;14800852;Linnéstaden, Olivedal;OG;1;
2006;kf;14800815;Linnéstaden, Oscar Fredrik;M;216;180
2006;kf;14800815;Linnéstaden, Oscar Fredrik;C;33;42
2006;kf;14800815;Linnéstaden, Oscar Fredrik;L;83;101
2006;kf;14800815;Linnéstaden, Oscar Fredrik;KD;22;27
2006;kf;14800815;Linnéstaden, Oscar Fredrik;S;219;242
2006;kf;14800815;Linnéstaden, Oscar Fredrik;V;156;146
2006;kf;14800815;Linnéstaden, Oscar Fredrik;MP;192;170
2006;kf;14800815;Linnéstaden, Oscar Fredrik;VÄGV;39;
2006;kf;14800815;Linnéstaden, Oscar Fredrik;SD;32;8
2006;kf;14800815;Linnéstaden, Oscar Fredrik;K;37;46
2006;kf;14800815;Linnéstaden, Oscar Fredrik;FI;21;27
2006;kf;14800815;Linnéstaden, Oscar Fredrik;PP;6;
2006;kf;14800815;Linnéstaden, Oscar Fredrik;SOC.P;3;3
2006;kf;14800815;Linnéstaden, Oscar Fredrik;RS;2;1
2006;kf;14800815;Linnéstaden, Oscar Fredrik;HANDSKRIVNA;1;1
2006;kf;14800815;Linnéstaden, Oscar Fredrik;BLANK;8;19
2006;kf;14800815;Linnéstaden, Oscar Fredrik;OG;1;
2006;kf;14800855;Linnéstaden, Risåsen;M;331;284
2006;kf;14800855;Linnéstaden, Risåsen;C;37;25
2006;kf;14800855;Linnéstaden, Risåsen;L;105;139
2006;kf;14800855;Linnéstaden, Risåsen;KD;27;43
2006;kf;14800855;Linnéstaden, Risåsen;S;153;200
2006;kf;14800855;Linnéstaden, Risåsen;V;74;76
2006;kf;14800855;Linnéstaden, Risåsen;MP;152;129
2006;kf;14800855;Linnéstaden, Risåsen;VÄGV;35;
2006;kf;14800855;Linnéstaden, Risåsen;SD;26;18
2006;kf;14800855;Linnéstaden, Risåsen;FI;18;18
2006;kf;14800855;Linnéstaden, Risåsen;K;7;11
2006;kf;14800855;Linnéstaden, Risåsen;RS;3;
2006;kf;14800855;Linnéstaden, Risåsen;1016;2;
2006;kf;14800855;Linnéstaden, Risåsen;PP;2;
2006;kf;14800855;Linnéstaden, Risåsen;ND;0;1
2006;kf;14800855;Linnéstaden, Risåsen;SPI;0;1
2006;kf;14800855;Linnéstaden, Risåsen;HANDSKRIVNA;1;1
2006;kf;14800855;Linnéstaden, Risåsen;BLANK;15;22
2006;kf;14800855;Linnéstaden, Risåsen;OG;0;
2006;kf;14800831;Linnéstaden, Skansberget;M;342;294
2006;kf;14800831;Linnéstaden, Skansberget;C;38;48
2006;kf;14800831;Linnéstaden, Skansberget;L;114;138
2006;kf;14800831;Linnéstaden, Skansberget;KD;28;31
2006;kf;14800831;Linnéstaden, Skansberget;S;268;313
2006;kf;14800831;Linnéstaden, Skansberget;V;164;147
2006;kf;14800831;Linnéstaden, Skansberget;MP;248;204
2006;kf;14800831;Linnéstaden, Skansberget;VÄGV;43;
2006;kf;14800831;Linnéstaden, Skansberget;SD;28;17
2006;kf;14800831;Linnéstaden, Skansberget;FI;25;28
2006;kf;14800831;Linnéstaden, Skansberget;K;9;15
2006;kf;14800831;Linnéstaden, Skansberget;PP;4;
2006;kf;14800831;Linnéstaden, Skansberget;1016;3;
2006;kf;14800831;Linnéstaden, Skansberget;SOC.P;3;7
2006;kf;14800831;Linnéstaden, Skansberget;RS;2;2
2006;kf;14800831;Linnéstaden, Skansberget;ND;0;1
2006;kf;14800831;Linnéstaden, Skansberget;SPI;0;1
2006;kf;14800831;Linnéstaden, Skansberget;HANDSKRIVNA;1;2
2006;kf;14800831;Linnéstaden, Skansberget;BLANK;6;21
2006;kf;14800831;Linnéstaden, Skansberget;OG;0;
2006;kf;14800817;Linnéstaden, Slottsskogen;M;211;177
2006;kf;14800817;Linnéstaden, Slottsskogen;C;19;18
2006;kf;14800817;Linnéstaden, Slottsskogen;L;77;74
2006;kf;14800817;Linnéstaden, Slottsskogen;KD;18;26
2006;kf;14800817;Linnéstaden, Slottsskogen;S;247;270
2006;kf;14800817;Linnéstaden, Slottsskogen;V;102;77
2006;kf;14800817;Linnéstaden, Slottsskogen;MP;108;95
2006;kf;14800817;Linnéstaden, Slottsskogen;VÄGV;31;
2006;kf;14800817;Linnéstaden, Slottsskogen;SD;37;25
2006;kf;14800817;Linnéstaden, Slottsskogen;K;18;21
2006;kf;14800817;Linnéstaden, Slottsskogen;FI;13;16
2006;kf;14800817;Linnéstaden, Slottsskogen;PP;4;
2006;kf;14800817;Linnéstaden, Slottsskogen;1016;3;
2006;kf;14800817;Linnéstaden, Slottsskogen;RS;1;
2006;kf;14800817;Linnéstaden, Slottsskogen;SOC.P;1;1
2006;kf;14800817;Linnéstaden, Slottsskogen;SPI;0;2
2006;kf;14800817;Linnéstaden, Slottsskogen;BLANK;11;9
2006;kf;14800817;Linnéstaden, Slottsskogen;OG;0;
2006;kf;14800812;Linnéstaden, Stigberget;M;198;181
2006;kf;14800812;Linnéstaden, Stigberget;C;21;29
2006;kf;14800812;Linnéstaden, Stigberget;L;110;116
2006;kf;14800812;Linnéstaden, Stigberget;KD;22;54
2006;kf;14800812;Linnéstaden, Stigberget;S;270;312
2006;kf;14800812;Linnéstaden, Stigberget;V;176;172
2006;kf;14800812;Linnéstaden, Stigberget;MP;239;192
2006;kf;14800812;Linnéstaden, Stigberget;VÄGV;46;
2006;kf;14800812;Linnéstaden, Stigberget;SD;42;25
2006;kf;14800812;Linnéstaden, Stigberget;FI;38;33
2006;kf;14800812;Linnéstaden, Stigberget;K;21;31
2006;kf;14800812;Linnéstaden, Stigberget;PP;12;
2006;kf;14800812;Linnéstaden, Stigberget;SOC.P;5;4
2006;kf;14800812;Linnéstaden, Stigberget;1016;1;
2006;kf;14800812;Linnéstaden, Stigberget;RS;1;
2006;kf;14800812;Linnéstaden, Stigberget;ND;0;2
2006;kf;14800812;Linnéstaden, Stigberget;SPI;0;3
2006;kf;14800812;Linnéstaden, Stigberget;HANDSKRIVNA;0;1
2006;kf;14800812;Linnéstaden, Stigberget;BLANK;14;14
2006;kf;14800812;Linnéstaden, Stigberget;OG;0;
2006;kf;14800857;Linnéstaden, Sveaplan;M;449;400
2006;kf;14800857;Linnéstaden, Sveaplan;C;35;27
2006;kf;14800857;Linnéstaden, Sveaplan;L;168;169
2006;kf;14800857;Linnéstaden, Sveaplan;KD;33;50
2006;kf;14800857;Linnéstaden, Sveaplan;S;225;278
2006;kf;14800857;Linnéstaden, Sveaplan;V;64;61
2006;kf;14800857;Linnéstaden, Sveaplan;MP;92;87
2006;kf;14800857;Linnéstaden, Sveaplan;VÄGV;36;
2006;kf;14800857;Linnéstaden, Sveaplan;SD;24;11
2006;kf;14800857;Linnéstaden, Sveaplan;1016;10;
2006;kf;14800857;Linnéstaden, Sveaplan;FI;5;11
2006;kf;14800857;Linnéstaden, Sveaplan;PP;5;
2006;kf;14800857;Linnéstaden, Sveaplan;SOC.P;3;1
2006;kf;14800857;Linnéstaden, Sveaplan;K;0;10
2006;kf;14800857;Linnéstaden, Sveaplan;RS;0;1
2006;kf;14800857;Linnéstaden, Sveaplan;SPI;0;2
2006;kf;14800857;Linnéstaden, Sveaplan;HANDSKRIVNA;0;1
2006;kf;14800857;Linnéstaden, Sveaplan;BLANK;5;21
2006;kf;14800857;Linnéstaden, Sveaplan;OG;0;
2006;kf;14800816;Linnéstaden, Vegastaden;M;232;187
2006;kf;14800816;Linnéstaden, Vegastaden;C;21;24
2006;kf;14800816;Linnéstaden, Vegastaden;L;70;87
2006;kf;14800816;Linnéstaden, Vegastaden;KD;18;21
2006;kf;14800816;Linnéstaden, Vegastaden;S;237;252
2006;kf;14800816;Linnéstaden, Vegastaden;V;123;132
2006;kf;14800816;Linnéstaden, Vegastaden;MP;142;115
2006;kf;14800816;Linnéstaden, Vegastaden;VÄGV;39;
2006;kf;14800816;Linnéstaden, Vegastaden;SD;31;22
2006;kf;14800816;Linnéstaden, Vegastaden;FI;29;16
2006;kf;14800816;Linnéstaden, Vegastaden;1016;16;
2006;kf;14800816;Linnéstaden, Vegastaden;K;11;21
2006;kf;14800816;Linnéstaden, Vegastaden;PP;5;
2006;kf;14800816;Linnéstaden, Vegastaden;RS;2;1
2006;kf;14800816;Linnéstaden, Vegastaden;SOC.P;2;1
2006;kf;14800816;Linnéstaden, Vegastaden;1027;1;
2006;kf;14800816;Linnéstaden, Vegastaden;0450;0;1
2006;kf;14800816;Linnéstaden, Vegastaden;BLANK;4;9
2006;kf;14800816;Linnéstaden, Vegastaden;OG;0;
2006;kf;14800821;Linnéstaden, Änggården;M;337;310
2006;kf;14800821;Linnéstaden, Änggården;C;27;24
2006;kf;14800821;Linnéstaden, Änggården;L;143;140
2006;kf;14800821;Linnéstaden, Änggården;KD;45;69
2006;kf;14800821;Linnéstaden, Änggården;S;146;178
2006;kf;14800821;Linnéstaden, Änggården;V;43;47
2006;kf;14800821;Linnéstaden, Änggården;MP;122;96
2006;kf;14800821;Linnéstaden, Änggården;VÄGV;33;
2006;kf;14800821;Linnéstaden, Änggården;SD;11;10
2006;kf;14800821;Linnéstaden, Änggården;FI;11;24
2006;kf;14800821;Linnéstaden, Änggården;PP;4;
2006;kf;14800821;Linnéstaden, Änggården;K;3;7
2006;kf;14800821;Linnéstaden, Änggården;1016;1;
2006;kf;14800821;Linnéstaden, Änggården;0470;1;
2006;kf;14800821;Linnéstaden, Änggården;ND;0;1
2006;kf;14800821;Linnéstaden, Änggården;SOC.P;0;1
2006;kf;14800821;Linnéstaden, Änggården;SPI;0;2
2006;kf;14800821;Linnéstaden, Änggården;BLANK;7;6
2006;kf;14800821;Linnéstaden, Änggården;OG;1;
2006;kf;14800811;Linnéstaden, Övre Masthugget;M;232;175
2006;kf;14800811;Linnéstaden, Övre Masthugget;C;25;30
2006;kf;14800811;Linnéstaden, Övre Masthugget;L;100;117
2006;kf;14800811;Linnéstaden, Övre Masthugget;KD;28;25
2006;kf;14800811;Linnéstaden, Övre Masthugget;S;272;320
2006;kf;14800811;Linnéstaden, Övre Masthugget;V;194;176
2006;kf;14800811;Linnéstaden, Övre Masthugget;MP;283;262
2006;kf;14800811;Linnéstaden, Övre Masthugget;VÄGV;39;
2006;kf;14800811;Linnéstaden, Övre Masthugget;SD;26;20
2006;kf;14800811;Linnéstaden, Övre Masthugget;FI;44;59
2006;kf;14800811;Linnéstaden, Övre Masthugget;K;21;29
2006;kf;14800811;Linnéstaden, Övre Masthugget;1016;7;
2006;kf;14800811;Linnéstaden, Övre Masthugget;PP;4;
2006;kf;14800811;Linnéstaden, Övre Masthugget;SOC.P;4;6
2006;kf;14800811;Linnéstaden, Övre Masthugget;RS;2;1
2006;kf;14800811;Linnéstaden, Övre Masthugget;ND;0;2
2006;kf;14800811;Linnéstaden, Övre Masthugget;SPI;0;2
2006;kf;14800811;Linnéstaden, Övre Masthugget;HANDSKRIVNA;4;2
2006;kf;14800811;Linnéstaden, Övre Masthugget;BLANK;9;15
2006;kf;14800811;Linnéstaden, Övre Masthugget;OG;1;
2006;kf;14800943;Majorna, Djurgårdsgatan m fl;M;171;159
2006;kf;14800943;Majorna, Djurgårdsgatan m fl;C;30;33
2006;kf;14800943;Majorna, Djurgårdsgatan m fl;L;63;108
2006;kf;14800943;Majorna, Djurgårdsgatan m fl;KD;19;28
2006;kf;14800943;Majorna, Djurgårdsgatan m fl;S;294;330
2006;kf;14800943;Majorna, Djurgårdsgatan m fl;V;237;202
2006;kf;14800943;Majorna, Djurgårdsgatan m fl;MP;275;216
2006;kf;14800943;Majorna, Djurgårdsgatan m fl;VÄGV;45;
2006;kf;14800943;Majorna, Djurgårdsgatan m fl;SD;25;25
2006;kf;14800943;Majorna, Djurgårdsgatan m fl;FI;59;54
2006;kf;14800943;Majorna, Djurgårdsgatan m fl;K;33;44
2006;kf;14800943;Majorna, Djurgårdsgatan m fl;RS;8;
2006;kf;14800943;Majorna, Djurgårdsgatan m fl;SOC.P;7;11
2006;kf;14800943;Majorna, Djurgårdsgatan m fl;1016;6;
2006;kf;14800943;Majorna, Djurgårdsgatan m fl;PP;5;
2006;kf;14800943;Majorna, Djurgårdsgatan m fl;SPI;0;2
2006;kf;14800943;Majorna, Djurgårdsgatan m fl;HANDSKRIVNA;1;3
2006;kf;14800943;Majorna, Djurgårdsgatan m fl;BLANK;13;21
2006;kf;14800943;Majorna, Djurgårdsgatan m fl;OG;0;
2006;kf;14800944;Majorna, Gatenhielmska;M;143;160
2006;kf;14800944;Majorna, Gatenhielmska;C;25;27
2006;kf;14800944;Majorna, Gatenhielmska;L;62;78
2006;kf;14800944;Majorna, Gatenhielmska;KD;21;25
2006;kf;14800944;Majorna, Gatenhielmska;S;287;260
2006;kf;14800944;Majorna, Gatenhielmska;V;144;147
2006;kf;14800944;Majorna, Gatenhielmska;MP;184;163
2006;kf;14800944;Majorna, Gatenhielmska;VÄGV;32;
2006;kf;14800944;Majorna, Gatenhielmska;SD;25;12
2006;kf;14800944;Majorna, Gatenhielmska;FI;41;31
2006;kf;14800944;Majorna, Gatenhielmska;K;20;34
2006;kf;14800944;Majorna, Gatenhielmska;PP;7;
2006;kf;14800944;Majorna, Gatenhielmska;SOC.P;3;9
2006;kf;14800944;Majorna, Gatenhielmska;1016;2;
2006;kf;14800944;Majorna, Gatenhielmska;RS;2;
2006;kf;14800944;Majorna, Gatenhielmska;ND;0;1
2006;kf;14800944;Majorna, Gatenhielmska;HANDSKRIVNA;0;2
2006;kf;14800944;Majorna, Gatenhielmska;BLANK;11;20
2006;kf;14800944;Majorna, Gatenhielmska;OG;0;1
2006;kf;14800942;Majorna, Karl Johans torg;M;160;123
2006;kf;14800942;Majorna, Karl Johans torg;C;29;28
2006;kf;14800942;Majorna, Karl Johans torg;L;70;107
2006;kf;14800942;Majorna, Karl Johans torg;KD;20;28
2006;kf;14800942;Majorna, Karl Johans torg;S;359;389
2006;kf;14800942;Majorna, Karl Johans torg;V;300;215
2006;kf;14800942;Majorna, Karl Johans torg;MP;295;261
2006;kf;14800942;Majorna, Karl Johans torg;VÄGV;75;
2006;kf;14800942;Majorna, Karl Johans torg;SD;28;22
2006;kf;14800942;Majorna, Karl Johans torg;FI;52;39
2006;kf;14800942;Majorna, Karl Johans torg;K;39;50
2006;kf;14800942;Majorna, Karl Johans torg;PP;14;
2006;kf;14800942;Majorna, Karl Johans torg;1016;10;
2006;kf;14800942;Majorna, Karl Johans torg;SOC.P;10;14
2006;kf;14800942;Majorna, Karl Johans torg;RS;7;
2006;kf;14800942;Majorna, Karl Johans torg;SPI;0;4
2006;kf;14800942;Majorna, Karl Johans torg;HANDSKRIVNA;1;2
2006;kf;14800942;Majorna, Karl Johans torg;BLANK;18;28
2006;kf;14800942;Majorna, Karl Johans torg;OG;0;
2006;kf;14800941;Majorna, Söderlingska ängen;M;145;126
2006;kf;14800941;Majorna, Söderlingska ängen;C;19;41
2006;kf;14800941;Majorna, Söderlingska ängen;L;66;80
2006;kf;14800941;Majorna, Söderlingska ängen;KD;17;25
2006;kf;14800941;Majorna, Söderlingska ängen;S;291;308
2006;kf;14800941;Majorna, Söderlingska ängen;V;189;155
2006;kf;14800941;Majorna, Söderlingska ängen;MP;208;161
2006;kf;14800941;Majorna, Söderlingska ängen;VÄGV;32;
2006;kf;14800941;Majorna, Söderlingska ängen;SD;35;25
2006;kf;14800941;Majorna, Söderlingska ängen;FI;40;39
2006;kf;14800941;Majorna, Söderlingska ängen;K;20;28
2006;kf;14800941;Majorna, Söderlingska ängen;PP;10;
2006;kf;14800941;Majorna, Söderlingska ängen;SOC.P;6;8
2006;kf;14800941;Majorna, Söderlingska ängen;RS;4;
2006;kf;14800941;Majorna, Söderlingska ängen;1016;3;
2006;kf;14800941;Majorna, Söderlingska ängen;SPI;0;1
2006;kf;14800941;Majorna, Söderlingska ängen;BLANK;8;12
2006;kf;14800941;Majorna, Söderlingska ängen;OG;0;
2006;kf;14800682;Örgryte, Gamla Lunden;M;317;276
2006;kf;14800682;Örgryte, Gamla Lunden;C;47;40
2006;kf;14800682;Örgryte, Gamla Lunden;L;112;129
2006;kf;14800682;Örgryte, Gamla Lunden;KD;37;34
2006;kf;14800682;Örgryte, Gamla Lunden;S;302;367
2006;kf;14800682;Örgryte, Gamla Lunden;V;77;59
2006;kf;14800682;Örgryte, Gamla Lunden;MP;146;122
2006;kf;14800682;Örgryte, Gamla Lunden;VÄGV;50;
2006;kf;14800682;Örgryte, Gamla Lunden;SD;41;31
2006;kf;14800682;Örgryte, Gamla Lunden;FI;24;17
2006;kf;14800682;Örgryte, Gamla Lunden;PP;5;
2006;kf;14800682;Örgryte, Gamla Lunden;K;4;4
2006;kf;14800682;Örgryte, Gamla Lunden;SOC.P;4;4
2006;kf;14800682;Örgryte, Gamla Lunden;0450;1;1
2006;kf;14800682;Örgryte, Gamla Lunden;HANDSKRIVNA;1;3
2006;kf;14800682;Örgryte, Gamla Lunden;BLANK;13;26
2006;kf;14800682;Örgryte, Gamla Lunden;OG;1;1
2006;kf;14800611;Örgryte, Gubbero;M;418;398
2006;kf;14800611;Örgryte, Gubbero;C;45;39
2006;kf;14800611;Örgryte, Gubbero;L;115;171
2006;kf;14800611;Örgryte, Gubbero;KD;51;62
2006;kf;14800611;Örgryte, Gubbero;S;335;436
2006;kf;14800611;Örgryte, Gubbero;V;93;71
2006;kf;14800611;Örgryte, Gubbero;MP;210;124
2006;kf;14800611;Örgryte, Gubbero;VÄGV;79;
2006;kf;14800611;Örgryte, Gubbero;SD;52;28
2006;kf;14800611;Örgryte, Gubbero;FI;18;27
2006;kf;14800611;Örgryte, Gubbero;K;12;5
2006;kf;14800611;Örgryte, Gubbero;PP;9;
2006;kf;14800611;Örgryte, Gubbero;RS;3;
2006;kf;14800611;Örgryte, Gubbero;1016;2;
2006;kf;14800611;Örgryte, Gubbero;SOC.P;2;3
2006;kf;14800611;Örgryte, Gubbero;SPI;0;2
2006;kf;14800611;Örgryte, Gubbero;HANDSKRIVNA;7;1
2006;kf;14800611;Örgryte, Gubbero;BLANK;21;31
2006;kf;14800611;Örgryte, Gubbero;OG;0;
2006;kf;14800686;Örgryte, Kärralund;M;456;438
2006;kf;14800686;Örgryte, Kärralund;C;38;44
2006;kf;14800686;Örgryte, Kärralund;L;154;173
2006;kf;14800686;Örgryte, Kärralund;KD;43;66
2006;kf;14800686;Örgryte, Kärralund;S;275;302
2006;kf;14800686;Örgryte, Kärralund;V;83;81
2006;kf;14800686;Örgryte, Kärralund;MP;160;120
2006;kf;14800686;Örgryte, Kärralund;VÄGV;51;
2006;kf;14800686;Örgryte, Kärralund;SD;51;26
2006;kf;14800686;Örgryte, Kärralund;PP;14;
2006;kf;14800686;Örgryte, Kärralund;FI;13;12
2006;kf;14800686;Örgryte, Kärralund;K;7;12
2006;kf;14800686;Örgryte, Kärralund;1016;1;
2006;kf;14800686;Örgryte, Kärralund;SOC.P;1;
2006;kf;14800686;Örgryte, Kärralund;ND;0;1
2006;kf;14800686;Örgryte, Kärralund;HANDSKRIVNA;0;2
2006;kf;14800686;Örgryte, Kärralund;BLANK;15;16
2006;kf;14800686;Örgryte, Kärralund;OG;0;
2006;kf;14800683;Örgryte, Nobelplatsen;M;212;201
2006;kf;14800683;Örgryte, Nobelplatsen;C;38;33
2006;kf;14800683;Örgryte, Nobelplatsen;L;88;122
2006;kf;14800683;Örgryte, Nobelplatsen;KD;29;35
2006;kf;14800683;Örgryte, Nobelplatsen;S;253;328
2006;kf;14800683;Örgryte, Nobelplatsen;V;92;69
2006;kf;14800683;Örgryte, Nobelplatsen;MP;170;108
2006;kf;14800683;Örgryte, Nobelplatsen;VÄGV;40;
2006;kf;14800683;Örgryte, Nobelplatsen;SD;50;24
2006;kf;14800683;Örgryte, Nobelplatsen;FI;14;16
2006;kf;14800683;Örgryte, Nobelplatsen;PP;6;
2006;kf;14800683;Örgryte, Nobelplatsen;K;5;5
2006;kf;14800683;Örgryte, Nobelplatsen;SOC.P;0;3
2006;kf;14800683;Örgryte, Nobelplatsen;SPI;0;1
2006;kf;14800683;Örgryte, Nobelplatsen;HANDSKRIVNA;1;1
2006;kf;14800683;Örgryte, Nobelplatsen;BLANK;18;22
2006;kf;14800683;Örgryte, Nobelplatsen;OG;0;1
2006;kf;14800685;Örgryte, Nya Lunden-Prästgårdsängen;M;470;434
2006;kf;14800685;Örgryte, Nya Lunden-Prästgårdsängen;C;32;52
2006;kf;14800685;Örgryte, Nya Lunden-Prästgårdsängen;L;149;172
2006;kf;14800685;Örgryte, Nya Lunden-Prästgårdsängen;KD;40;58
2006;kf;14800685;Örgryte, Nya Lunden-Prästgårdsängen;S;249;316
2006;kf;14800685;Örgryte, Nya Lunden-Prästgårdsängen;V;74;65
2006;kf;14800685;Örgryte, Nya Lunden-Prästgårdsängen;MP;153;108
2006;kf;14800685;Örgryte, Nya Lunden-Prästgårdsängen;VÄGV;59;
2006;kf;14800685;Örgryte, Nya Lunden-Prästgårdsängen;SD;44;27
2006;kf;14800685;Örgryte, Nya Lunden-Prästgårdsängen;FI;15;11
2006;kf;14800685;Örgryte, Nya Lunden-Prästgårdsängen;PP;7;
2006;kf;14800685;Örgryte, Nya Lunden-Prästgårdsängen;K;3;10
2006;kf;14800685;Örgryte, Nya Lunden-Prästgårdsängen;0450;1;
2006;kf;14800685;Örgryte, Nya Lunden-Prästgårdsängen;ND;0;1
2006;kf;14800685;Örgryte, Nya Lunden-Prästgårdsängen;SPI;0;2
2006;kf;14800685;Örgryte, Nya Lunden-Prästgårdsängen;HANDSKRIVNA;0;1
2006;kf;14800685;Örgryte, Nya Lunden-Prästgårdsängen;BLANK;16;33
2006;kf;14800685;Örgryte, Nya Lunden-Prästgårdsängen;OG;1;
2006;kf;14800612;Örgryte, Olskroken;M;233;215
2006;kf;14800612;Örgryte, Olskroken;C;15;16
2006;kf;14800612;Örgryte, Olskroken;L;55;77
2006;kf;14800612;Örgryte, Olskroken;KD;25;39
2006;kf;14800612;Örgryte, Olskroken;S;384;437
2006;kf;14800612;Örgryte, Olskroken;V;101;63
2006;kf;14800612;Örgryte, Olskroken;MP;92;67
2006;kf;14800612;Örgryte, Olskroken;VÄGV;35;
2006;kf;14800612;Örgryte, Olskroken;SD;51;31
2006;kf;14800612;Örgryte, Olskroken;FI;5;17
2006;kf;14800612;Örgryte, Olskroken;PP;3;
2006;kf;14800612;Örgryte, Olskroken;SOC.P;3;2
2006;kf;14800612;Örgryte, Olskroken;RS;2;
2006;kf;14800612;Örgryte, Olskroken;1016;1;
2006;kf;14800612;Örgryte, Olskroken;K;1;5
2006;kf;14800612;Örgryte, Olskroken;HANDSKRIVNA;1;
2006;kf;14800612;Örgryte, Olskroken;BLANK;16;27
2006;kf;14800612;Örgryte, Olskroken;OG;0;1
2006;kf;14800613;Örgryte, Redberget;M;303;263
2006;kf;14800613;Örgryte, Redberget;C;32;37
2006;kf;14800613;Örgryte, Redberget;L;98;133
2006;kf;14800613;Örgryte, Redberget;KD;36;38
2006;kf;14800613;Örgryte, Redberget;S;438;485
2006;kf;14800613;Örgryte, Redberget;V;112;108
2006;kf;14800613;Örgryte, Redberget;MP;154;130
2006;kf;14800613;Örgryte, Redberget;VÄGV;54;
2006;kf;14800613;Örgryte, Redberget;SD;68;45
2006;kf;14800613;Örgryte, Redberget;FI;14;20
2006;kf;14800613;Örgryte, Redberget;K;10;16
2006;kf;14800613;Örgryte, Redberget;PP;6;
2006;kf;14800613;Örgryte, Redberget;SOC.P;5;6
2006;kf;14800613;Örgryte, Redberget;1016;2;
2006;kf;14800613;Örgryte, Redberget;RS;2;1
2006;kf;14800613;Örgryte, Redberget;ND;0;1
2006;kf;14800613;Örgryte, Redberget;SPI;0;8
2006;kf;14800613;Örgryte, Redberget;HANDSKRIVNA;1;
2006;kf;14800613;Örgryte, Redberget;BLANK;21;31
2006;kf;14800613;Örgryte, Redberget;OG;0;
2006;kf;14800684;Örgryte, Sankt Pauli;M;302;242
2006;kf;14800684;Örgryte, Sankt Pauli;C;30;36
2006;kf;14800684;Örgryte, Sankt Pauli;L;99;105
2006;kf;14800684;Örgryte, Sankt Pauli;KD;39;65
2006;kf;14800684;Örgryte, Sankt Pauli;S;255;323
2006;kf;14800684;Örgryte, Sankt Pauli;V;56;47
2006;kf;14800684;Örgryte, Sankt Pauli;MP;130;86
2006;kf;14800684;Örgryte, Sankt Pauli;VÄGV;60;
2006;kf;14800684;Örgryte, Sankt Pauli;SD;54;25
2006;kf;14800684;Örgryte, Sankt Pauli;FI;8;15
2006;kf;14800684;Örgryte, Sankt Pauli;K;4;8
2006;kf;14800684;Örgryte, Sankt Pauli;PP;4;
2006;kf;14800684;Örgryte, Sankt Pauli;1016;2;
2006;kf;14800684;Örgryte, Sankt Pauli;SOC.P;1;1
2006;kf;14800684;Örgryte, Sankt Pauli;RS;0;1
2006;kf;14800684;Örgryte, Sankt Pauli;SPI;0;1
2006;kf;14800684;Örgryte, Sankt Pauli;HANDSKRIVNA;1;1
2006;kf;14800684;Örgryte, Sankt Pauli;BLANK;14;16
2006;kf;14800684;Örgryte, Sankt Pauli;OG;0;
2006;kf;14800681;Örgryte, Överås;M;395;337
2006;kf;14800681;Örgryte, Överås;C;42;42
2006;kf;14800681;Örgryte, Överås;L;102;124
2006;kf;14800681;Örgryte, Överås;KD;51;55
2006;kf;14800681;Örgryte, Överås;S;312;426
2006;kf;14800681;Örgryte, Överås;V;78;68
2006;kf;14800681;Örgryte, Överås;MP;165;102
2006;kf;14800681;Örgryte, Överås;VÄGV;65;
2006;kf;14800681;Örgryte, Överås;SD;60;29
2006;kf;14800681;Örgryte, Överås;FI;16;15
2006;kf;14800681;Örgryte, Överås;K;13;14
2006;kf;14800681;Örgryte, Överås;1016;7;
2006;kf;14800681;Örgryte, Överås;SOC.P;6;5
2006;kf;14800681;Örgryte, Överås;PP;5;
2006;kf;14800681;Örgryte, Överås;SPI;0;4
2006;kf;14800681;Örgryte, Överås;HANDSKRIVNA;1;1
2006;kf;14800681;Örgryte, Överås;BLANK;22;32
2006;kf;14800681;Örgryte, Överås;OG;0;1
2006;kf;14800003;Onsdagsdistrikt;M;807;653
2006;kf;14800003;Onsdagsdistrikt;C;82;69
2006;kf;14800003;Onsdagsdistrikt;L;229;273
2006;kf;14800003;Onsdagsdistrikt;KD;71;94
2006;kf;14800003;Onsdagsdistrikt;S;461;440
2006;kf;14800003;Onsdagsdistrikt;V;211;159
2006;kf;14800003;Onsdagsdistrikt;MP;432;282
2006;kf;14800003;Onsdagsdistrikt;VÄGV;44;
2006;kf;14800003;Onsdagsdistrikt;SD;57;34
2006;kf;14800003;Onsdagsdistrikt;FI;50;56
2006;kf;14800003;Onsdagsdistrikt;PP;10;
2006;kf;14800003;Onsdagsdistrikt;K;6;14
2006;kf;14800003;Onsdagsdistrikt;1016;5;
2006;kf;14800003;Onsdagsdistrikt;RS;5;1
2006;kf;14800003;Onsdagsdistrikt;SOC.P;3;8
2006;kf;14800003;Onsdagsdistrikt;0450;0;1
2006;kf;14800003;Onsdagsdistrikt;SPI;0;4
2006;kf;14800003;Onsdagsdistrikt;HANDSKRIVNA;10;4
2006;kf;14800003;Onsdagsdistrikt;BLANK;58;60
2006;kf;14800003;Onsdagsdistrikt;OG;2;0
2006;kf;14802013;Backa, Aröd;M;249;206
2006;kf;14802013;Backa, Aröd;C;19;30
2006;kf;14802013;Backa, Aröd;L;71;116
2006;kf;14802013;Backa, Aröd;KD;47;67
2006;kf;14802013;Backa, Aröd;S;494;606
2006;kf;14802013;Backa, Aröd;V;117;113
2006;kf;14802013;Backa, Aröd;MP;104;79
2006;kf;14802013;Backa, Aröd;VÄGV;157;
2006;kf;14802013;Backa, Aröd;SD;99;41
2006;kf;14802013;Backa, Aröd;FI;15;18
2006;kf;14802013;Backa, Aröd;PP;10;
2006;kf;14802013;Backa, Aröd;K;7;15
2006;kf;14802013;Backa, Aröd;RS;5;
2006;kf;14802013;Backa, Aröd;SOC.P;4;2
2006;kf;14802013;Backa, Aröd;1016;3;
2006;kf;14802013;Backa, Aröd;0470;2;
2006;kf;14802013;Backa, Aröd;ND;0;2
2006;kf;14802013;Backa, Aröd;SPI;0;6
2006;kf;14802013;Backa, Aröd;HANDSKRIVNA;1;2
2006;kf;14802013;Backa, Aröd;BLANK;10;32
2006;kf;14802013;Backa, Aröd;OG;0;1
2006;kf;14802022;Backa, Backa Röd;M;127;110
2006;kf;14802022;Backa, Backa Röd;C;9;21
2006;kf;14802022;Backa, Backa Röd;L;42;48
2006;kf;14802022;Backa, Backa Röd;KD;20;35
2006;kf;14802022;Backa, Backa Röd;S;481;501
2006;kf;14802022;Backa, Backa Röd;V;82;92
2006;kf;14802022;Backa, Backa Röd;MP;95;81
2006;kf;14802022;Backa, Backa Röd;VÄGV;44;
2006;kf;14802022;Backa, Backa Röd;SD;69;45
2006;kf;14802022;Backa, Backa Röd;PP;13;
2006;kf;14802022;Backa, Backa Röd;FI;10;9
2006;kf;14802022;Backa, Backa Röd;K;10;12
2006;kf;14802022;Backa, Backa Röd;RS;4;1
2006;kf;14802022;Backa, Backa Röd;SOC.P;4;10
2006;kf;14802022;Backa, Backa Röd;SPI;0;2
2006;kf;14802022;Backa, Backa Röd;HANDSKRIVNA;2;
2006;kf;14802022;Backa, Backa Röd;BLANK;13;15
2006;kf;14802022;Backa, Backa Röd;OG;3;
2006;kf;14802032;Backa, Backadalen;M;156;131
2006;kf;14802032;Backa, Backadalen;C;9;10
2006;kf;14802032;Backa, Backadalen;L;36;77
2006;kf;14802032;Backa, Backadalen;KD;33;51
2006;kf;14802032;Backa, Backadalen;S;498;576
2006;kf;14802032;Backa, Backadalen;V;51;65
2006;kf;14802032;Backa, Backadalen;MP;40;24
2006;kf;14802032;Backa, Backadalen;VÄGV;71;
2006;kf;14802032;Backa, Backadalen;SD;70;33
2006;kf;14802032;Backa, Backadalen;PP;7;
2006;kf;14802032;Backa, Backadalen;RS;7;
2006;kf;14802032;Backa, Backadalen;FI;4;3
2006;kf;14802032;Backa, Backadalen;SOC.P;2;10
2006;kf;14802032;Backa, Backadalen;K;0;6
2006;kf;14802032;Backa, Backadalen;ND;0;2
2006;kf;14802032;Backa, Backadalen;SPI;0;2
2006;kf;14802032;Backa, Backadalen;HANDSKRIVNA;1;1
2006;kf;14802032;Backa, Backadalen;BLANK;2;12
2006;kf;14802032;Backa, Backadalen;OG;0;
2006;kf;14802012;Backa, Brunnsbo;M;135;140
2006;kf;14802012;Backa, Brunnsbo;C;13;23
2006;kf;14802012;Backa, Brunnsbo;L;51;75
2006;kf;14802012;Backa, Brunnsbo;KD;32;42
2006;kf;14802012;Backa, Brunnsbo;S;546;543
2006;kf;14802012;Backa, Brunnsbo;V;99;110
2006;kf;14802012;Backa, Brunnsbo;MP;77;58
2006;kf;14802012;Backa, Brunnsbo;VÄGV;63;
2006;kf;14802012;Backa, Brunnsbo;SD;76;48
2006;kf;14802012;Backa, Brunnsbo;PP;15;
2006;kf;14802012;Backa, Brunnsbo;FI;14;9
2006;kf;14802012;Backa, Brunnsbo;K;11;13
2006;kf;14802012;Backa, Brunnsbo;1016;3;
2006;kf;14802012;Backa, Brunnsbo;RS;2;
2006;kf;14802012;Backa, Brunnsbo;SOC.P;2;2
2006;kf;14802012;Backa, Brunnsbo;ND;0;1
2006;kf;14802012;Backa, Brunnsbo;SPI;0;3
2006;kf;14802012;Backa, Brunnsbo;HANDSKRIVNA;1;1
2006;kf;14802012;Backa, Brunnsbo;BLANK;8;26
2006;kf;14802012;Backa, Brunnsbo;OG;0;2
2006;kf;14802031;Backa, Bäckebol;M;102;92
2006;kf;14802031;Backa, Bäckebol;C;4;10
2006;kf;14802031;Backa, Bäckebol;L;32;53
2006;kf;14802031;Backa, Bäckebol;KD;21;27
2006;kf;14802031;Backa, Bäckebol;S;367;368
2006;kf;14802031;Backa, Bäckebol;V;32;38
2006;kf;14802031;Backa, Bäckebol;MP;29;17
2006;kf;14802031;Backa, Bäckebol;VÄGV;45;
2006;kf;14802031;Backa, Bäckebol;SD;39;23
2006;kf;14802031;Backa, Bäckebol;K;11;4
2006;kf;14802031;Backa, Bäckebol;PP;5;
2006;kf;14802031;Backa, Bäckebol;RS;4;1
2006;kf;14802031;Backa, Bäckebol;SOC.P;3;3
2006;kf;14802031;Backa, Bäckebol;FI;1;3
2006;kf;14802031;Backa, Bäckebol;SPI;0;3
2006;kf;14802031;Backa, Bäckebol;HANDSKRIVNA;1;2
2006;kf;14802031;Backa, Bäckebol;BLANK;2;4
2006;kf;14802031;Backa, Bäckebol;OG;0;
2006;kf;14802024;Backa, Bällskär;M;179;148
2006;kf;14802024;Backa, Bällskär;C;7;14
2006;kf;14802024;Backa, Bällskär;L;43;61
2006;kf;14802024;Backa, Bällskär;KD;16;28
2006;kf;14802024;Backa, Bällskär;S;355;418
2006;kf;14802024;Backa, Bällskär;V;47;49
2006;kf;14802024;Backa, Bällskär;MP;37;27
2006;kf;14802024;Backa, Bällskär;VÄGV;87;
2006;kf;14802024;Backa, Bällskär;SD;43;32
2006;kf;14802024;Backa, Bällskär;FI;3;2
2006;kf;14802024;Backa, Bällskär;RS;3;
2006;kf;14802024;Backa, Bällskär;SOC.P;3;1
2006;kf;14802024;Backa, Bällskär;K;2;3
2006;kf;14802024;Backa, Bällskär;PP;2;
2006;kf;14802024;Backa, Bällskär;0470;1;
2006;kf;14802024;Backa, Bällskär;ND;0;3
2006;kf;14802024;Backa, Bällskär;SPI;0;8
2006;kf;14802024;Backa, Bällskär;HANDSKRIVNA;2;
2006;kf;14802024;Backa, Bällskär;BLANK;8;11
2006;kf;14802024;Backa, Bällskär;OG;0;2
2006;kf;14802023;Backa, Norra Backa;M;164;130
2006;kf;14802023;Backa, Norra Backa;C;12;17
2006;kf;14802023;Backa, Norra Backa;L;47;61
2006;kf;14802023;Backa, Norra Backa;KD;25;38
2006;kf;14802023;Backa, Norra Backa;S;609;621
2006;kf;14802023;Backa, Norra Backa;V;70;78
2006;kf;14802023;Backa, Norra Backa;MP;50;41
2006;kf;14802023;Backa, Norra Backa;VÄGV;62;
2006;kf;14802023;Backa, Norra Backa;SD;68;61
2006;kf;14802023;Backa, Norra Backa;PP;10;
2006;kf;14802023;Backa, Norra Backa;K;5;7
2006;kf;14802023;Backa, Norra Backa;FI;3;7
2006;kf;14802023;Backa, Norra Backa;RS;3;
2006;kf;14802023;Backa, Norra Backa;SOC.P;2;5
2006;kf;14802023;Backa, Norra Backa;ND;0;1
2006;kf;14802023;Backa, Norra Backa;SPI;0;5
2006;kf;14802023;Backa, Norra Backa;HANDSKRIVNA;0;2
2006;kf;14802023;Backa, Norra Backa;BLANK;13;10
2006;kf;14802023;Backa, Norra Backa;OG;0;1
2006;kf;14802033;Backa, Selma Lagerlöfs torg;M;76;57
2006;kf;14802033;Backa, Selma Lagerlöfs torg;C;4;11
2006;kf;14802033;Backa, Selma Lagerlöfs torg;L;19;38
2006;kf;14802033;Backa, Selma Lagerlöfs torg;KD;18;18
2006;kf;14802033;Backa, Selma Lagerlöfs torg;S;337;347
2006;kf;14802033;Backa, Selma Lagerlöfs torg;V;61;77
2006;kf;14802033;Backa, Selma Lagerlöfs torg;MP;39;47
2006;kf;14802033;Backa, Selma Lagerlöfs torg;VÄGV;22;
2006;kf;14802033;Backa, Selma Lagerlöfs torg;SD;58;36
2006;kf;14802033;Backa, Selma Lagerlöfs torg;FI;5;9
2006;kf;14802033;Backa, Selma Lagerlöfs torg;K;5;5
2006;kf;14802033;Backa, Selma Lagerlöfs torg;PP;5;
2006;kf;14802033;Backa, Selma Lagerlöfs torg;RS;5;2
2006;kf;14802033;Backa, Selma Lagerlöfs torg;SOC.P;5;10
2006;kf;14802033;Backa, Selma Lagerlöfs torg;1016;2;
2006;kf;14802033;Backa, Selma Lagerlöfs torg;SPI;0;3
2006;kf;14802033;Backa, Selma Lagerlöfs torg;HANDSKRIVNA;1;2
2006;kf;14802033;Backa, Selma Lagerlöfs torg;BLANK;4;14
2006;kf;14802033;Backa, Selma Lagerlöfs torg;OG;0;
2006;kf;14802041;Backa, Skogome-Sankt Jörgen;M;392;278
2006;kf;14802041;Backa, Skogome-Sankt Jörgen;C;35;30
2006;kf;14802041;Backa, Skogome-Sankt Jörgen;L;119;114
2006;kf;14802041;Backa, Skogome-Sankt Jörgen;KD;47;66
2006;kf;14802041;Backa, Skogome-Sankt Jörgen;S;453;598
2006;kf;14802041;Backa, Skogome-Sankt Jörgen;V;82;82
2006;kf;14802041;Backa, Skogome-Sankt Jörgen;MP;78;57
2006;kf;14802041;Backa, Skogome-Sankt Jörgen;VÄGV;183;
2006;kf;14802041;Backa, Skogome-Sankt Jörgen;SD;63;35
2006;kf;14802041;Backa, Skogome-Sankt Jörgen;K;6;18
2006;kf;14802041;Backa, Skogome-Sankt Jörgen;PP;4;
2006;kf;14802041;Backa, Skogome-Sankt Jörgen;FI;2;14
2006;kf;14802041;Backa, Skogome-Sankt Jörgen;1016;1;
2006;kf;14802041;Backa, Skogome-Sankt Jörgen;SOC.P;1;
2006;kf;14802041;Backa, Skogome-Sankt Jörgen;ND;0;1
2006;kf;14802041;Backa, Skogome-Sankt Jörgen;SPI;0;3
2006;kf;14802041;Backa, Skogome-Sankt Jörgen;HANDSKRIVNA;2;1
2006;kf;14802041;Backa, Skogome-Sankt Jörgen;BLANK;9;10
2006;kf;14802041;Backa, Skogome-Sankt Jörgen;OG;2;1
2006;kf;14802034;Backa, Skälltorp;M;234;183
2006;kf;14802034;Backa, Skälltorp;C;18;27
2006;kf;14802034;Backa, Skälltorp;L;89;111
2006;kf;14802034;Backa, Skälltorp;KD;35;62
2006;kf;14802034;Backa, Skälltorp;S;555;638
2006;kf;14802034;Backa, Skälltorp;V;96;91
2006;kf;14802034;Backa, Skälltorp;MP;56;38
2006;kf;14802034;Backa, Skälltorp;VÄGV;118;
2006;kf;14802034;Backa, Skälltorp;SD;75;44
2006;kf;14802034;Backa, Skälltorp;K;8;15
2006;kf;14802034;Backa, Skälltorp;PP;6;
2006;kf;14802034;Backa, Skälltorp;SOC.P;4;6
2006;kf;14802034;Backa, Skälltorp;FI;3;11
2006;kf;14802034;Backa, Skälltorp;1016;1;
2006;kf;14802034;Backa, Skälltorp;RS;1;1
2006;kf;14802034;Backa, Skälltorp;ND;0;2
2006;kf;14802034;Backa, Skälltorp;SPI;0;3
2006;kf;14802034;Backa, Skälltorp;HANDSKRIVNA;2;3
2006;kf;14802034;Backa, Skälltorp;BLANK;10;22
2006;kf;14802034;Backa, Skälltorp;OG;4;1
2006;kf;14802021;Backa, Södra Backa;M;234;212
2006;kf;14802021;Backa, Södra Backa;C;16;22
2006;kf;14802021;Backa, Södra Backa;L;74;85
2006;kf;14802021;Backa, Södra Backa;KD;33;45
2006;kf;14802021;Backa, Södra Backa;S;394;494
2006;kf;14802021;Backa, Södra Backa;V;54;72
2006;kf;14802021;Backa, Södra Backa;MP;52;36
2006;kf;14802021;Backa, Södra Backa;VÄGV;121;
2006;kf;14802021;Backa, Södra Backa;SD;55;46
2006;kf;14802021;Backa, Södra Backa;PP;7;
2006;kf;14802021;Backa, Södra Backa;RS;5;
2006;kf;14802021;Backa, Södra Backa;FI;2;5
2006;kf;14802021;Backa, Södra Backa;K;2;12
2006;kf;14802021;Backa, Södra Backa;0470;2;
2006;kf;14802021;Backa, Södra Backa;1016;1;
2006;kf;14802021;Backa, Södra Backa;SOC.P;1;2
2006;kf;14802021;Backa, Södra Backa;ND;0;2
2006;kf;14802021;Backa, Södra Backa;SPI;0;5
2006;kf;14802021;Backa, Södra Backa;HANDSKRIVNA;1;
2006;kf;14802021;Backa, Södra Backa;BLANK;6;15
2006;kf;14802021;Backa, Södra Backa;OG;0;1
2006;kf;14802011;Backa, Tingstad;M;279;252
2006;kf;14802011;Backa, Tingstad;C;28;30
2006;kf;14802011;Backa, Tingstad;L;84;93
2006;kf;14802011;Backa, Tingstad;KD;48;61
2006;kf;14802011;Backa, Tingstad;S;352;416
2006;kf;14802011;Backa, Tingstad;V;48;53
2006;kf;14802011;Backa, Tingstad;MP;63;47
2006;kf;14802011;Backa, Tingstad;VÄGV;120;
2006;kf;14802011;Backa, Tingstad;SD;49;41
2006;kf;14802011;Backa, Tingstad;FI;9;12
2006;kf;14802011;Backa, Tingstad;K;9;21
2006;kf;14802011;Backa, Tingstad;PP;7;
2006;kf;14802011;Backa, Tingstad;0470;3;
2006;kf;14802011;Backa, Tingstad;SOC.P;2;1
2006;kf;14802011;Backa, Tingstad;RS;1;1
2006;kf;14802011;Backa, Tingstad;ND;0;3
2006;kf;14802011;Backa, Tingstad;SPI;0;8
2006;kf;14802011;Backa, Tingstad;HANDSKRIVNA;2;
2006;kf;14802011;Backa, Tingstad;BLANK;10;15
2006;kf;14802011;Backa, Tingstad;OG;1;
2006;kf;14802035;Backa, Åketorp;M;396;323
2006;kf;14802035;Backa, Åketorp;C;21;43
2006;kf;14802035;Backa, Åketorp;L;114;150
2006;kf;14802035;Backa, Åketorp;KD;56;69
2006;kf;14802035;Backa, Åketorp;S;489;621
2006;kf;14802035;Backa, Åketorp;V;63;83
2006;kf;14802035;Backa, Åketorp;MP;75;52
2006;kf;14802035;Backa, Åketorp;VÄGV;204;
2006;kf;14802035;Backa, Åketorp;SD;65;48
2006;kf;14802035;Backa, Åketorp;PP;8;
2006;kf;14802035;Backa, Åketorp;FI;4;7
2006;kf;14802035;Backa, Åketorp;K;4;3
2006;kf;14802035;Backa, Åketorp;1016;3;
2006;kf;14802035;Backa, Åketorp;SOC.P;2;3
2006;kf;14802035;Backa, Åketorp;ND;0;1
2006;kf;14802035;Backa, Åketorp;SPI;0;3
2006;kf;14802035;Backa, Åketorp;HANDSKRIVNA;2;
2006;kf;14802035;Backa, Åketorp;BLANK;10;17
2006;kf;14802035;Backa, Åketorp;OG;0;1
2006;kf;14801732;Biskopsgården, Badvädersgatan m fl;M;118;84
2006;kf;14801732;Biskopsgården, Badvädersgatan m fl;C;7;7
2006;kf;14801732;Biskopsgården, Badvädersgatan m fl;L;43;31
2006;kf;14801732;Biskopsgården, Badvädersgatan m fl;KD;16;39
2006;kf;14801732;Biskopsgården, Badvädersgatan m fl;S;400;487
2006;kf;14801732;Biskopsgården, Badvädersgatan m fl;V;56;49
2006;kf;14801732;Biskopsgården, Badvädersgatan m fl;MP;53;26
2006;kf;14801732;Biskopsgården, Badvädersgatan m fl;VÄGV;55;
2006;kf;14801732;Biskopsgården, Badvädersgatan m fl;SD;51;45
2006;kf;14801732;Biskopsgården, Badvädersgatan m fl;K;6;5
2006;kf;14801732;Biskopsgården, Badvädersgatan m fl;FI;5;7
2006;kf;14801732;Biskopsgården, Badvädersgatan m fl;SOC.P;5;4
2006;kf;14801732;Biskopsgården, Badvädersgatan m fl;RS;4;
2006;kf;14801732;Biskopsgården, Badvädersgatan m fl;1016;2;
2006;kf;14801732;Biskopsgården, Badvädersgatan m fl;PP;2;
2006;kf;14801732;Biskopsgården, Badvädersgatan m fl;ND;0;2
2006;kf;14801732;Biskopsgården, Badvädersgatan m fl;SPI;0;2
2006;kf;14801732;Biskopsgården, Badvädersgatan m fl;HANDSKRIVNA;1;
2006;kf;14801732;Biskopsgården, Badvädersgatan m fl;BLANK;8;11
2006;kf;14801732;Biskopsgården, Badvädersgatan m fl;OG;0;1
2006;kf;14801751;Biskopsgården, Jättesten;M;223;178
2006;kf;14801751;Biskopsgården, Jättesten;C;12;17
2006;kf;14801751;Biskopsgården, Jättesten;L;65;66
2006;kf;14801751;Biskopsgården, Jättesten;KD;17;46
2006;kf;14801751;Biskopsgården, Jättesten;S;560;690
2006;kf;14801751;Biskopsgården, Jättesten;V;88;92
2006;kf;14801751;Biskopsgården, Jättesten;MP;58;49
2006;kf;14801751;Biskopsgården, Jättesten;VÄGV;108;
2006;kf;14801751;Biskopsgården, Jättesten;SD;61;31
2006;kf;14801751;Biskopsgården, Jättesten;PP;6;
2006;kf;14801751;Biskopsgården, Jättesten;FI;5;11
2006;kf;14801751;Biskopsgården, Jättesten;K;5;20
2006;kf;14801751;Biskopsgården, Jättesten;RS;3;1
2006;kf;14801751;Biskopsgården, Jättesten;SOC.P;3;
2006;kf;14801751;Biskopsgården, Jättesten;SPI;0;4
2006;kf;14801751;Biskopsgården, Jättesten;HANDSKRIVNA;1;
2006;kf;14801751;Biskopsgården, Jättesten;BLANK;9;21
2006;kf;14801751;Biskopsgården, Jättesten;OG;0;
2006;kf;14801753;Biskopsgården, Kärrsmossen;M;262;238
2006;kf;14801753;Biskopsgården, Kärrsmossen;C;26;23
2006;kf;14801753;Biskopsgården, Kärrsmossen;L;118;107
2006;kf;14801753;Biskopsgården, Kärrsmossen;KD;32;51
2006;kf;14801753;Biskopsgården, Kärrsmossen;S;384;423
2006;kf;14801753;Biskopsgården, Kärrsmossen;V;72;80
2006;kf;14801753;Biskopsgården, Kärrsmossen;MP;108;82
2006;kf;14801753;Biskopsgården, Kärrsmossen;VÄGV;158;
2006;kf;14801753;Biskopsgården, Kärrsmossen;SD;59;33
2006;kf;14801753;Biskopsgården, Kärrsmossen;K;13;21
2006;kf;14801753;Biskopsgården, Kärrsmossen;FI;12;15
2006;kf;14801753;Biskopsgården, Kärrsmossen;PP;11;
2006;kf;14801753;Biskopsgården, Kärrsmossen;RS;4;
2006;kf;14801753;Biskopsgården, Kärrsmossen;SOC.P;4;2
2006;kf;14801753;Biskopsgården, Kärrsmossen;1016;1;
2006;kf;14801753;Biskopsgården, Kärrsmossen;ND;0;1
2006;kf;14801753;Biskopsgården, Kärrsmossen;SPI;0;1
2006;kf;14801753;Biskopsgården, Kärrsmossen;BLANK;8;10
2006;kf;14801753;Biskopsgården, Kärrsmossen;OG;0;3
2006;kf;14801722;Biskopsgården, Länsmansgårdens Centr;M;75;55
2006;kf;14801722;Biskopsgården, Länsmansgårdens Centr;C;7;12
2006;kf;14801722;Biskopsgården, Länsmansgårdens Centr;L;23;42
2006;kf;14801722;Biskopsgården, Länsmansgårdens Centr;KD;3;27
2006;kf;14801722;Biskopsgården, Länsmansgårdens Centr;S;378;444
2006;kf;14801722;Biskopsgården, Länsmansgårdens Centr;V;69;76
2006;kf;14801722;Biskopsgården, Länsmansgårdens Centr;MP;57;33
2006;kf;14801722;Biskopsgården, Länsmansgårdens Centr;VÄGV;54;
2006;kf;14801722;Biskopsgården, Länsmansgårdens Centr;SD;67;45
2006;kf;14801722;Biskopsgården, Länsmansgårdens Centr;K;18;22
2006;kf;14801722;Biskopsgården, Länsmansgårdens Centr;PP;15;
2006;kf;14801722;Biskopsgården, Länsmansgårdens Centr;SOC.P;5;5
2006;kf;14801722;Biskopsgården, Länsmansgårdens Centr;RS;1;1
2006;kf;14801722;Biskopsgården, Länsmansgårdens Centr;FI;0;4
2006;kf;14801722;Biskopsgården, Länsmansgårdens Centr;ND;0;4
2006;kf;14801722;Biskopsgården, Länsmansgårdens Centr;SPI;0;4
2006;kf;14801722;Biskopsgården, Länsmansgårdens Centr;HANDSKRIVNA;0;4
2006;kf;14801722;Biskopsgården, Länsmansgårdens Centr;BLANK;6;20
2006;kf;14801722;Biskopsgården, Länsmansgårdens Centr;OG;2;
2006;kf;14801712;Biskopsgården, Norra Biskopsgården;M;35;29
2006;kf;14801712;Biskopsgården, Norra Biskopsgården;C;4;13
2006;kf;14801712;Biskopsgården, Norra Biskopsgården;L;16;22
2006;kf;14801712;Biskopsgården, Norra Biskopsgården;KD;10;14
2006;kf;14801712;Biskopsgården, Norra Biskopsgården;S;409;402
2006;kf;14801712;Biskopsgården, Norra Biskopsgården;V;113;90
2006;kf;14801712;Biskopsgården, Norra Biskopsgården;MP;56;43
2006;kf;14801712;Biskopsgården, Norra Biskopsgården;VÄGV;6;
2006;kf;14801712;Biskopsgården, Norra Biskopsgården;SD;24;20
2006;kf;14801712;Biskopsgården, Norra Biskopsgården;FI;18;12
2006;kf;14801712;Biskopsgården, Norra Biskopsgården;PP;9;
2006;kf;14801712;Biskopsgården, Norra Biskopsgården;K;8;19
2006;kf;14801712;Biskopsgården, Norra Biskopsgården;RS;6;
2006;kf;14801712;Biskopsgården, Norra Biskopsgården;SOC.P;3;5
2006;kf;14801712;Biskopsgården, Norra Biskopsgården;ND;0;1
2006;kf;14801712;Biskopsgården, Norra Biskopsgården;SPI;0;1
2006;kf;14801712;Biskopsgården, Norra Biskopsgården;HANDSKRIVNA;1;2
2006;kf;14801712;Biskopsgården, Norra Biskopsgården;BLANK;5;12
2006;kf;14801712;Biskopsgården, Norra Biskopsgården;OG;0;
2006;kf;14801723;Biskopsgården, Norra Länsmansgården;M;98;78
2006;kf;14801723;Biskopsgården, Norra Länsmansgården;C;9;14
2006;kf;14801723;Biskopsgården, Norra Länsmansgården;L;28;44
2006;kf;14801723;Biskopsgården, Norra Länsmansgården;KD;18;30
2006;kf;14801723;Biskopsgården, Norra Länsmansgården;S;375;411
2006;kf;14801723;Biskopsgården, Norra Länsmansgården;V;66;55
2006;kf;14801723;Biskopsgården, Norra Länsmansgården;MP;33;32
2006;kf;14801723;Biskopsgården, Norra Länsmansgården;VÄGV;69;
2006;kf;14801723;Biskopsgården, Norra Länsmansgården;SD;51;42
2006;kf;14801723;Biskopsgården, Norra Länsmansgården;K;8;12
2006;kf;14801723;Biskopsgården, Norra Länsmansgården;PP;8;
2006;kf;14801723;Biskopsgården, Norra Länsmansgården;FI;4;3
2006;kf;14801723;Biskopsgården, Norra Länsmansgården;1016;3;
2006;kf;14801723;Biskopsgården, Norra Länsmansgården;SOC.P;2;2
2006;kf;14801723;Biskopsgården, Norra Länsmansgården;RS;1;
2006;kf;14801723;Biskopsgården, Norra Länsmansgården;ND;0;3
2006;kf;14801723;Biskopsgården, Norra Länsmansgården;SPI;0;4
2006;kf;14801723;Biskopsgården, Norra Länsmansgården;HANDSKRIVNA;0;2
2006;kf;14801723;Biskopsgården, Norra Länsmansgården;BLANK;7;11
2006;kf;14801723;Biskopsgården, Norra Länsmansgården;OG;1;
2006;kf;14801731;Biskopsgården, Stackmolnsgatan m fl;M;119;98
2006;kf;14801731;Biskopsgården, Stackmolnsgatan m fl;C;5;14
2006;kf;14801731;Biskopsgården, Stackmolnsgatan m fl;L;28;41
2006;kf;14801731;Biskopsgården, Stackmolnsgatan m fl;KD;20;30
2006;kf;14801731;Biskopsgården, Stackmolnsgatan m fl;S;551;526
2006;kf;14801731;Biskopsgården, Stackmolnsgatan m fl;V;76;80
2006;kf;14801731;Biskopsgården, Stackmolnsgatan m fl;MP;66;53
2006;kf;14801731;Biskopsgården, Stackmolnsgatan m fl;VÄGV;51;
2006;kf;14801731;Biskopsgården, Stackmolnsgatan m fl;SD;99;59
2006;kf;14801731;Biskopsgården, Stackmolnsgatan m fl;PP;12;
2006;kf;14801731;Biskopsgården, Stackmolnsgatan m fl;K;8;15
2006;kf;14801731;Biskopsgården, Stackmolnsgatan m fl;SOC.P;7;7
2006;kf;14801731;Biskopsgården, Stackmolnsgatan m fl;1016;4;
2006;kf;14801731;Biskopsgården, Stackmolnsgatan m fl;FI;2;10
2006;kf;14801731;Biskopsgården, Stackmolnsgatan m fl;RS;2;
2006;kf;14801731;Biskopsgården, Stackmolnsgatan m fl;ND;0;2
2006;kf;14801731;Biskopsgården, Stackmolnsgatan m fl;SPI;0;4
2006;kf;14801731;Biskopsgården, Stackmolnsgatan m fl;BLANK;6;14
2006;kf;14801731;Biskopsgården, Stackmolnsgatan m fl;OG;1;
2006;kf;14801711;Biskopsgården, Svarte Mosse;M;80;40
2006;kf;14801711;Biskopsgården, Svarte Mosse;C;6;11
2006;kf;14801711;Biskopsgården, Svarte Mosse;L;20;32
2006;kf;14801711;Biskopsgården, Svarte Mosse;KD;21;33
2006;kf;14801711;Biskopsgården, Svarte Mosse;S;523;550
2006;kf;14801711;Biskopsgården, Svarte Mosse;V;102;84
2006;kf;14801711;Biskopsgården, Svarte Mosse;MP;62;33
2006;kf;14801711;Biskopsgården, Svarte Mosse;VÄGV;23;
2006;kf;14801711;Biskopsgården, Svarte Mosse;SD;24;16
2006;kf;14801711;Biskopsgården, Svarte Mosse;K;10;29
2006;kf;14801711;Biskopsgården, Svarte Mosse;RS;8;
2006;kf;14801711;Biskopsgården, Svarte Mosse;PP;7;
2006;kf;14801711;Biskopsgården, Svarte Mosse;SOC.P;3;8
2006;kf;14801711;Biskopsgården, Svarte Mosse;FI;2;4
2006;kf;14801711;Biskopsgården, Svarte Mosse;0450;0;1
2006;kf;14801711;Biskopsgården, Svarte Mosse;HANDSKRIVNA;2;
2006;kf;14801711;Biskopsgården, Svarte Mosse;BLANK;5;5
2006;kf;14801711;Biskopsgården, Svarte Mosse;OG;0;1
2006;kf;14801752;Biskopsgården, Svartedalen;M;98;116
2006;kf;14801752;Biskopsgården, Svartedalen;C;3;16
2006;kf;14801752;Biskopsgården, Svartedalen;L;38;48
2006;kf;14801752;Biskopsgården, Svartedalen;KD;13;31
2006;kf;14801752;Biskopsgården, Svartedalen;S;428;574
2006;kf;14801752;Biskopsgården, Svartedalen;V;94;102
2006;kf;14801752;Biskopsgården, Svartedalen;MP;93;57
2006;kf;14801752;Biskopsgården, Svartedalen;VÄGV;79;
2006;kf;14801752;Biskopsgården, Svartedalen;SD;98;48
2006;kf;14801752;Biskopsgården, Svartedalen;PP;13;
2006;kf;14801752;Biskopsgården, Svartedalen;K;8;14
2006;kf;14801752;Biskopsgården, Svartedalen;SOC.P;7;2
2006;kf;14801752;Biskopsgården, Svartedalen;FI;5;12
2006;kf;14801752;Biskopsgården, Svartedalen;1016;1;
2006;kf;14801752;Biskopsgården, Svartedalen;RS;1;1
2006;kf;14801752;Biskopsgården, Svartedalen;0450;0;1
2006;kf;14801752;Biskopsgården, Svartedalen;ND;0;1
2006;kf;14801752;Biskopsgården, Svartedalen;SPI;0;2
2006;kf;14801752;Biskopsgården, Svartedalen;HANDSKRIVNA;1;2
2006;kf;14801752;Biskopsgården, Svartedalen;BLANK;12;25
2006;kf;14801752;Biskopsgården, Svartedalen;OG;0;
2006;kf;14801741;Biskopsgården, Södra Biskopsgården;M;108;87
2006;kf;14801741;Biskopsgården, Södra Biskopsgården;C;12;9
2006;kf;14801741;Biskopsgården, Södra Biskopsgården;L;36;37
2006;kf;14801741;Biskopsgården, Södra Biskopsgården;KD;14;27
2006;kf;14801741;Biskopsgården, Södra Biskopsgården;S;343;398
2006;kf;14801741;Biskopsgården, Södra Biskopsgården;V;60;66
2006;kf;14801741;Biskopsgården, Södra Biskopsgården;MP;60;39
2006;kf;14801741;Biskopsgården, Södra Biskopsgården;VÄGV;43;
2006;kf;14801741;Biskopsgården, Södra Biskopsgården;SD;42;25
2006;kf;14801741;Biskopsgården, Södra Biskopsgården;RS;13;
2006;kf;14801741;Biskopsgården, Södra Biskopsgården;K;11;18
2006;kf;14801741;Biskopsgården, Södra Biskopsgården;PP;9;
2006;kf;14801741;Biskopsgården, Södra Biskopsgården;FI;6;11
2006;kf;14801741;Biskopsgården, Södra Biskopsgården;1016;4;
2006;kf;14801741;Biskopsgården, Södra Biskopsgården;SOC.P;3;1
2006;kf;14801741;Biskopsgården, Södra Biskopsgården;1027;1;
2006;kf;14801741;Biskopsgården, Södra Biskopsgården;0450;0;1
2006;kf;14801741;Biskopsgården, Södra Biskopsgården;SPI;0;2
2006;kf;14801741;Biskopsgården, Södra Biskopsgården;HANDSKRIVNA;2;2
2006;kf;14801741;Biskopsgården, Södra Biskopsgården;BLANK;6;9
2006;kf;14801741;Biskopsgården, Södra Biskopsgården;OG;0;1
2006;kf;14801721;Biskopsgården, Södra Länsmansgården;M;80;57
2006;kf;14801721;Biskopsgården, Södra Länsmansgården;C;2;2
2006;kf;14801721;Biskopsgården, Södra Länsmansgården;L;9;26
2006;kf;14801721;Biskopsgården, Södra Länsmansgården;KD;5;15
2006;kf;14801721;Biskopsgården, Södra Länsmansgården;S;335;319
2006;kf;14801721;Biskopsgården, Södra Länsmansgården;V;57;55
2006;kf;14801721;Biskopsgården, Södra Länsmansgården;MP;28;34
2006;kf;14801721;Biskopsgården, Södra Länsmansgården;VÄGV;27;
2006;kf;14801721;Biskopsgården, Södra Länsmansgården;SD;54;32
2006;kf;14801721;Biskopsgården, Södra Länsmansgården;PP;11;
2006;kf;14801721;Biskopsgården, Södra Länsmansgården;K;10;18
2006;kf;14801721;Biskopsgården, Södra Länsmansgården;SOC.P;10;5
2006;kf;14801721;Biskopsgården, Södra Länsmansgården;1016;2;
2006;kf;14801721;Biskopsgården, Södra Länsmansgården;FI;2;6
2006;kf;14801721;Biskopsgården, Södra Länsmansgården;RS;2;1
2006;kf;14801721;Biskopsgården, Södra Länsmansgården;ND;0;1
2006;kf;14801721;Biskopsgården, Södra Länsmansgården;SPI;0;8
2006;kf;14801721;Biskopsgården, Södra Länsmansgården;BLANK;3;10
2006;kf;14801721;Biskopsgården, Södra Länsmansgården;OG;0;
2006;kf;14801743;Biskopsgården, Treröset;M;101;79
2006;kf;14801743;Biskopsgården, Treröset;C;8;7
2006;kf;14801743;Biskopsgården, Treröset;L;28;33
2006;kf;14801743;Biskopsgården, Treröset;KD;4;13
2006;kf;14801743;Biskopsgården, Treröset;S;377;468
2006;kf;14801743;Biskopsgården, Treröset;V;131;104
2006;kf;14801743;Biskopsgården, Treröset;MP;135;110
2006;kf;14801743;Biskopsgården, Treröset;VÄGV;34;
2006;kf;14801743;Biskopsgården, Treröset;SD;51;30
2006;kf;14801743;Biskopsgården, Treröset;FI;49;29
2006;kf;14801743;Biskopsgården, Treröset;K;37;53
2006;kf;14801743;Biskopsgården, Treröset;RS;16;1
2006;kf;14801743;Biskopsgården, Treröset;PP;15;
2006;kf;14801743;Biskopsgården, Treröset;1016;2;
2006;kf;14801743;Biskopsgården, Treröset;SOC.P;2;7
2006;kf;14801743;Biskopsgården, Treröset;0450;0;2
2006;kf;14801743;Biskopsgården, Treröset;ND;0;3
2006;kf;14801743;Biskopsgården, Treröset;SPI;0;2
2006;kf;14801743;Biskopsgården, Treröset;HANDSKRIVNA;3;3
2006;kf;14801743;Biskopsgården, Treröset;BLANK;7;17
2006;kf;14801743;Biskopsgården, Treröset;OG;0;2
2006;kf;14801744;Biskopsgården, Vårväderstorget;M;111;76
2006;kf;14801744;Biskopsgården, Vårväderstorget;C;18;15
2006;kf;14801744;Biskopsgården, Vårväderstorget;L;41;33
2006;kf;14801744;Biskopsgården, Vårväderstorget;KD;18;30
2006;kf;14801744;Biskopsgården, Vårväderstorget;S;494;499
2006;kf;14801744;Biskopsgården, Vårväderstorget;V;132;119
2006;kf;14801744;Biskopsgården, Vårväderstorget;MP;78;59
2006;kf;14801744;Biskopsgården, Vårväderstorget;VÄGV;36;
2006;kf;14801744;Biskopsgården, Vårväderstorget;SD;65;41
2006;kf;14801744;Biskopsgården, Vårväderstorget;FI;18;14
2006;kf;14801744;Biskopsgården, Vårväderstorget;RS;16;
2006;kf;14801744;Biskopsgården, Vårväderstorget;K;14;18
2006;kf;14801744;Biskopsgården, Vårväderstorget;PP;11;
2006;kf;14801744;Biskopsgården, Vårväderstorget;SOC.P;4;8
2006;kf;14801744;Biskopsgården, Vårväderstorget;1016;1;
2006;kf;14801744;Biskopsgården, Vårväderstorget;0450;0;1
2006;kf;14801744;Biskopsgården, Vårväderstorget;SPI;0;1
2006;kf;14801744;Biskopsgården, Vårväderstorget;BLANK;10;21
2006;kf;14801744;Biskopsgården, Vårväderstorget;OG;0;
2006;kf;14801742;Biskopsgården, Väderlekstorget;M;74;60
2006;kf;14801742;Biskopsgården, Väderlekstorget;C;5;15
2006;kf;14801742;Biskopsgården, Väderlekstorget;L;18;33
2006;kf;14801742;Biskopsgården, Väderlekstorget;KD;11;27
2006;kf;14801742;Biskopsgården, Väderlekstorget;S;194;264
2006;kf;14801742;Biskopsgården, Väderlekstorget;V;113;107
2006;kf;14801742;Biskopsgården, Väderlekstorget;MP;85;73
2006;kf;14801742;Biskopsgården, Väderlekstorget;VÄGV;24;
2006;kf;14801742;Biskopsgården, Väderlekstorget;SD;31;17
2006;kf;14801742;Biskopsgården, Väderlekstorget;FI;37;28
2006;kf;14801742;Biskopsgården, Väderlekstorget;K;24;20
2006;kf;14801742;Biskopsgården, Väderlekstorget;PP;15;
2006;kf;14801742;Biskopsgården, Väderlekstorget;RS;6;
2006;kf;14801742;Biskopsgården, Väderlekstorget;SOC.P;2;4
2006;kf;14801742;Biskopsgården, Väderlekstorget;BLANK;4;9
2006;kf;14801742;Biskopsgården, Väderlekstorget;OG;0;
2006;kf;14802112;Kärra-Rödbo, Gerrebacka-Ingebäck;M;354;219
2006;kf;14802112;Kärra-Rödbo, Gerrebacka-Ingebäck;C;19;20
2006;kf;14802112;Kärra-Rödbo, Gerrebacka-Ingebäck;L;79;75
2006;kf;14802112;Kärra-Rödbo, Gerrebacka-Ingebäck;KD;32;42
2006;kf;14802112;Kärra-Rödbo, Gerrebacka-Ingebäck;S;371;443
2006;kf;14802112;Kärra-Rödbo, Gerrebacka-Ingebäck;V;44;43
2006;kf;14802112;Kärra-Rödbo, Gerrebacka-Ingebäck;MP;52;27
2006;kf;14802112;Kärra-Rödbo, Gerrebacka-Ingebäck;VÄGV;96;
2006;kf;14802112;Kärra-Rödbo, Gerrebacka-Ingebäck;SD;73;55
2006;kf;14802112;Kärra-Rödbo, Gerrebacka-Ingebäck;K;3;2
2006;kf;14802112;Kärra-Rödbo, Gerrebacka-Ingebäck;PP;3;
2006;kf;14802112;Kärra-Rödbo, Gerrebacka-Ingebäck;SOC.P;2;
2006;kf;14802112;Kärra-Rödbo, Gerrebacka-Ingebäck;1016;1;
2006;kf;14802112;Kärra-Rödbo, Gerrebacka-Ingebäck;FI;1;10
2006;kf;14802112;Kärra-Rödbo, Gerrebacka-Ingebäck;RS;1;
2006;kf;14802112;Kärra-Rödbo, Gerrebacka-Ingebäck;ND;0;2
2006;kf;14802112;Kärra-Rödbo, Gerrebacka-Ingebäck;SPI;0;1
2006;kf;14802112;Kärra-Rödbo, Gerrebacka-Ingebäck;HANDSKRIVNA;0;2
2006;kf;14802112;Kärra-Rödbo, Gerrebacka-Ingebäck;BLANK;7;21
2006;kf;14802112;Kärra-Rödbo, Gerrebacka-Ingebäck;OG;0;1
2006;kf;14802111;Kärra-Rödbo, Mysterna-Svankällan;M;379;269
2006;kf;14802111;Kärra-Rödbo, Mysterna-Svankällan;C;16;25
2006;kf;14802111;Kärra-Rödbo, Mysterna-Svankällan;L;90;94
2006;kf;14802111;Kärra-Rödbo, Mysterna-Svankällan;KD;42;56
2006;kf;14802111;Kärra-Rödbo, Mysterna-Svankällan;S;340;478
2006;kf;14802111;Kärra-Rödbo, Mysterna-Svankällan;V;41;39
2006;kf;14802111;Kärra-Rödbo, Mysterna-Svankällan;MP;46;54
2006;kf;14802111;Kärra-Rödbo, Mysterna-Svankällan;VÄGV;93;
2006;kf;14802111;Kärra-Rödbo, Mysterna-Svankällan;SD;76;39
2006;kf;14802111;Kärra-Rödbo, Mysterna-Svankällan;PP;3;
2006;kf;14802111;Kärra-Rödbo, Mysterna-Svankällan;SOC.P;3;
2006;kf;14802111;Kärra-Rödbo, Mysterna-Svankällan;1016;2;
2006;kf;14802111;Kärra-Rödbo, Mysterna-Svankällan;K;2;6
2006;kf;14802111;Kärra-Rödbo, Mysterna-Svankällan;RS;1;
2006;kf;14802111;Kärra-Rödbo, Mysterna-Svankällan;FI;0;3
2006;kf;14802111;Kärra-Rödbo, Mysterna-Svankällan;SPI;0;2
2006;kf;14802111;Kärra-Rödbo, Mysterna-Svankällan;HANDSKRIVNA;0;1
2006;kf;14802111;Kärra-Rödbo, Mysterna-Svankällan;BLANK;15;19
2006;kf;14802111;Kärra-Rödbo, Mysterna-Svankällan;OG;1;
2006;kf;14802114;Kärra-Rödbo, Norra Kärra;M;152;115
2006;kf;14802114;Kärra-Rödbo, Norra Kärra;C;18;20
2006;kf;14802114;Kärra-Rödbo, Norra Kärra;L;56;59
2006;kf;14802114;Kärra-Rödbo, Norra Kärra;KD;33;46
2006;kf;14802114;Kärra-Rödbo, Norra Kärra;S;422;531
2006;kf;14802114;Kärra-Rödbo, Norra Kärra;V;53;58
2006;kf;14802114;Kärra-Rödbo, Norra Kärra;MP;43;23
2006;kf;14802114;Kärra-Rödbo, Norra Kärra;VÄGV;78;
2006;kf;14802114;Kärra-Rödbo, Norra Kärra;SD;53;33
2006;kf;14802114;Kärra-Rödbo, Norra Kärra;FI;5;8
2006;kf;14802114;Kärra-Rödbo, Norra Kärra;K;3;2
2006;kf;14802114;Kärra-Rödbo, Norra Kärra;PP;3;
2006;kf;14802114;Kärra-Rödbo, Norra Kärra;1016;2;
2006;kf;14802114;Kärra-Rödbo, Norra Kärra;RS;2;
2006;kf;14802114;Kärra-Rödbo, Norra Kärra;SPI;0;4
2006;kf;14802114;Kärra-Rödbo, Norra Kärra;HANDSKRIVNA;1;1
2006;kf;14802114;Kärra-Rödbo, Norra Kärra;BLANK;15;10
2006;kf;14802114;Kärra-Rödbo, Norra Kärra;OG;0;
2006;kf;14802121;Kärra-Rödbo, Rödbo;M;173;135
2006;kf;14802121;Kärra-Rödbo, Rödbo;C;32;37
2006;kf;14802121;Kärra-Rödbo, Rödbo;L;21;48
2006;kf;14802121;Kärra-Rödbo, Rödbo;KD;16;21
2006;kf;14802121;Kärra-Rödbo, Rödbo;S;126;166
2006;kf;14802121;Kärra-Rödbo, Rödbo;V;18;19
2006;kf;14802121;Kärra-Rödbo, Rödbo;MP;23;28
2006;kf;14802121;Kärra-Rödbo, Rödbo;VÄGV;58;
2006;kf;14802121;Kärra-Rödbo, Rödbo;SD;44;36
2006;kf;14802121;Kärra-Rödbo, Rödbo;FI;2;3
2006;kf;14802121;Kärra-Rödbo, Rödbo;PP;2;
2006;kf;14802121;Kärra-Rödbo, Rödbo;1016;1;
2006;kf;14802121;Kärra-Rödbo, Rödbo;K;1;4
2006;kf;14802121;Kärra-Rödbo, Rödbo;SOC.P;1;2
2006;kf;14802121;Kärra-Rödbo, Rödbo;ND;0;1
2006;kf;14802121;Kärra-Rödbo, Rödbo;SPI;0;1
2006;kf;14802121;Kärra-Rödbo, Rödbo;HANDSKRIVNA;2;
2006;kf;14802121;Kärra-Rödbo, Rödbo;BLANK;4;10
2006;kf;14802121;Kärra-Rödbo, Rödbo;OG;0;1
2006;kf;14802116;Kärra-Rödbo, Södra Kärra;M;228;192
2006;kf;14802116;Kärra-Rödbo, Södra Kärra;C;17;15
2006;kf;14802116;Kärra-Rödbo, Södra Kärra;L;55;82
2006;kf;14802116;Kärra-Rödbo, Södra Kärra;KD;34;31
2006;kf;14802116;Kärra-Rödbo, Södra Kärra;S;411;528
2006;kf;14802116;Kärra-Rödbo, Södra Kärra;V;42;70
2006;kf;14802116;Kärra-Rödbo, Södra Kärra;MP;40;30
2006;kf;14802116;Kärra-Rödbo, Södra Kärra;VÄGV;118;
2006;kf;14802116;Kärra-Rödbo, Södra Kärra;SD;97;56
2006;kf;14802116;Kärra-Rödbo, Södra Kärra;PP;7;
2006;kf;14802116;Kärra-Rödbo, Södra Kärra;1016;3;
2006;kf;14802116;Kärra-Rödbo, Södra Kärra;FI;3;6
2006;kf;14802116;Kärra-Rödbo, Södra Kärra;K;3;8
2006;kf;14802116;Kärra-Rödbo, Södra Kärra;0450;0;1
2006;kf;14802116;Kärra-Rödbo, Södra Kärra;SPI;0;2
2006;kf;14802116;Kärra-Rödbo, Södra Kärra;HANDSKRIVNA;1;
2006;kf;14802116;Kärra-Rödbo, Södra Kärra;BLANK;11;17
2006;kf;14802116;Kärra-Rödbo, Södra Kärra;OG;0;1
2006;kf;14802113;Kärra-Rödbo, Västra Kärra;M;167;161
2006;kf;14802113;Kärra-Rödbo, Västra Kärra;C;13;18
2006;kf;14802113;Kärra-Rödbo, Västra Kärra;L;51;66
2006;kf;14802113;Kärra-Rödbo, Västra Kärra;KD;34;43
2006;kf;14802113;Kärra-Rödbo, Västra Kärra;S;425;501
2006;kf;14802113;Kärra-Rödbo, Västra Kärra;V;53;61
2006;kf;14802113;Kärra-Rödbo, Västra Kärra;MP;38;30
2006;kf;14802113;Kärra-Rödbo, Västra Kärra;VÄGV;85;
2006;kf;14802113;Kärra-Rödbo, Västra Kärra;SD;91;58
2006;kf;14802113;Kärra-Rödbo, Västra Kärra;PP;7;
2006;kf;14802113;Kärra-Rödbo, Västra Kärra;K;5;3
2006;kf;14802113;Kärra-Rödbo, Västra Kärra;1016;2;
2006;kf;14802113;Kärra-Rödbo, Västra Kärra;FI;1;4
2006;kf;14802113;Kärra-Rödbo, Västra Kärra;0450;0;1
2006;kf;14802113;Kärra-Rödbo, Västra Kärra;ND;0;1
2006;kf;14802113;Kärra-Rödbo, Västra Kärra;SOC.P;0;1
2006;kf;14802113;Kärra-Rödbo, Västra Kärra;SPI;0;2
2006;kf;14802113;Kärra-Rödbo, Västra Kärra;BLANK;14;18
2006;kf;14802113;Kärra-Rödbo, Västra Kärra;OG;0;
2006;kf;14802115;Kärra-Rödbo, Östra Kärra;M;184;134
2006;kf;14802115;Kärra-Rödbo, Östra Kärra;C;13;24
2006;kf;14802115;Kärra-Rödbo, Östra Kärra;L;59;70
2006;kf;14802115;Kärra-Rödbo, Östra Kärra;KD;23;45
2006;kf;14802115;Kärra-Rödbo, Östra Kärra;S;482;591
2006;kf;14802115;Kärra-Rödbo, Östra Kärra;V;47;53
2006;kf;14802115;Kärra-Rödbo, Östra Kärra;MP;37;20
2006;kf;14802115;Kärra-Rödbo, Östra Kärra;VÄGV;87;
2006;kf;14802115;Kärra-Rödbo, Östra Kärra;SD;74;41
2006;kf;14802115;Kärra-Rödbo, Östra Kärra;K;5;5
2006;kf;14802115;Kärra-Rödbo, Östra Kärra;1016;2;
2006;kf;14802115;Kärra-Rödbo, Östra Kärra;PP;1;
2006;kf;14802115;Kärra-Rödbo, Östra Kärra;RS;1;
2006;kf;14802115;Kärra-Rödbo, Östra Kärra;FI;0;10
2006;kf;14802115;Kärra-Rödbo, Östra Kärra;ND;0;1
2006;kf;14802115;Kärra-Rödbo, Östra Kärra;SOC.P;0;1
2006;kf;14802115;Kärra-Rödbo, Östra Kärra;SPI;0;1
2006;kf;14802115;Kärra-Rödbo, Östra Kärra;HANDSKRIVNA;0;1
2006;kf;14802115;Kärra-Rödbo, Östra Kärra;BLANK;14;
2006;kf;14802115;Kärra-Rödbo, Östra Kärra;OG;0;
2006;kf;14801822;Lundby, Bjurslätt;M;172;157
2006;kf;14801822;Lundby, Bjurslätt;C;19;21
2006;kf;14801822;Lundby, Bjurslätt;L;44;65
2006;kf;14801822;Lundby, Bjurslätt;KD;25;44
2006;kf;14801822;Lundby, Bjurslätt;S;424;432
2006;kf;14801822;Lundby, Bjurslätt;V;103;90
2006;kf;14801822;Lundby, Bjurslätt;MP;102;97
2006;kf;14801822;Lundby, Bjurslätt;VÄGV;70;
2006;kf;14801822;Lundby, Bjurslätt;SD;56;23
2006;kf;14801822;Lundby, Bjurslätt;FI;15;13
2006;kf;14801822;Lundby, Bjurslätt;K;12;25
2006;kf;14801822;Lundby, Bjurslätt;PP;11;
2006;kf;14801822;Lundby, Bjurslätt;SOC.P;4;9
2006;kf;14801822;Lundby, Bjurslätt;RS;1;2
2006;kf;14801822;Lundby, Bjurslätt;HANDSKRIVNA;2;
2006;kf;14801822;Lundby, Bjurslätt;BLANK;7;11
2006;kf;14801822;Lundby, Bjurslätt;OG;0;2
2006;kf;14801821;Lundby, Flunsås;M;153;151
2006;kf;14801821;Lundby, Flunsås;C;25;22
2006;kf;14801821;Lundby, Flunsås;L;66;82
2006;kf;14801821;Lundby, Flunsås;KD;26;33
2006;kf;14801821;Lundby, Flunsås;S;327;414
2006;kf;14801821;Lundby, Flunsås;V;103;74
2006;kf;14801821;Lundby, Flunsås;MP;120;94
2006;kf;14801821;Lundby, Flunsås;VÄGV;83;
2006;kf;14801821;Lundby, Flunsås;SD;57;32
2006;kf;14801821;Lundby, Flunsås;FI;31;21
2006;kf;14801821;Lundby, Flunsås;PP;8;
2006;kf;14801821;Lundby, Flunsås;K;4;8
2006;kf;14801821;Lundby, Flunsås;SOC.P;4;3
2006;kf;14801821;Lundby, Flunsås;RS;1;1
2006;kf;14801821;Lundby, Flunsås;ND;0;1
2006;kf;14801821;Lundby, Flunsås;SPI;0;4
2006;kf;14801821;Lundby, Flunsås;HANDSKRIVNA;1;
2006;kf;14801821;Lundby, Flunsås;BLANK;17;11
2006;kf;14801821;Lundby, Flunsås;OG;1;
2006;kf;14801831;Lundby, Hilldedal;M;254;173
2006;kf;14801831;Lundby, Hilldedal;C;23;15
2006;kf;14801831;Lundby, Hilldedal;L;79;81
2006;kf;14801831;Lundby, Hilldedal;KD;36;41
2006;kf;14801831;Lundby, Hilldedal;S;385;398
2006;kf;14801831;Lundby, Hilldedal;V;93;82
2006;kf;14801831;Lundby, Hilldedal;MP;88;64
2006;kf;14801831;Lundby, Hilldedal;VÄGV;125;
2006;kf;14801831;Lundby, Hilldedal;SD;71;34
2006;kf;14801831;Lundby, Hilldedal;FI;12;5
2006;kf;14801831;Lundby, Hilldedal;K;7;12
2006;kf;14801831;Lundby, Hilldedal;PP;6;
2006;kf;14801831;Lundby, Hilldedal;RS;5;
2006;kf;14801831;Lundby, Hilldedal;1016;2;
2006;kf;14801831;Lundby, Hilldedal;SOC.P;2;10
2006;kf;14801831;Lundby, Hilldedal;SPI;0;2
2006;kf;14801831;Lundby, Hilldedal;HANDSKRIVNA;0;1
2006;kf;14801831;Lundby, Hilldedal;BLANK;12;16
2006;kf;14801831;Lundby, Hilldedal;OG;2;
2006;kf;14801854;Lundby, Kyrkbyn;M;121;89
2006;kf;14801854;Lundby, Kyrkbyn;C;9;21
2006;kf;14801854;Lundby, Kyrkbyn;L;40;36
2006;kf;14801854;Lundby, Kyrkbyn;KD;11;26
2006;kf;14801854;Lundby, Kyrkbyn;S;364;432
2006;kf;14801854;Lundby, Kyrkbyn;V;79;75
2006;kf;14801854;Lundby, Kyrkbyn;MP;80;72
2006;kf;14801854;Lundby, Kyrkbyn;VÄGV;45;
2006;kf;14801854;Lundby, Kyrkbyn;SD;62;48
2006;kf;14801854;Lundby, Kyrkbyn;K;13;10
2006;kf;14801854;Lundby, Kyrkbyn;FI;8;6
2006;kf;14801854;Lundby, Kyrkbyn;PP;6;
2006;kf;14801854;Lundby, Kyrkbyn;RS;3;
2006;kf;14801854;Lundby, Kyrkbyn;SOC.P;3;2
2006;kf;14801854;Lundby, Kyrkbyn;1016;2;
2006;kf;14801854;Lundby, Kyrkbyn;SPI;0;2
2006;kf;14801854;Lundby, Kyrkbyn;HANDSKRIVNA;1;1
2006;kf;14801854;Lundby, Kyrkbyn;BLANK;12;18
2006;kf;14801854;Lundby, Kyrkbyn;OG;2;
2006;kf;14801843;Lundby, Kärrdalen;M;341;330
2006;kf;14801843;Lundby, Kärrdalen;C;23;34
2006;kf;14801843;Lundby, Kärrdalen;L;92;116
2006;kf;14801843;Lundby, Kärrdalen;KD;43;60
2006;kf;14801843;Lundby, Kärrdalen;S;277;378
2006;kf;14801843;Lundby, Kärrdalen;V;42;49
2006;kf;14801843;Lundby, Kärrdalen;MP;79;49
2006;kf;14801843;Lundby, Kärrdalen;VÄGV;229;
2006;kf;14801843;Lundby, Kärrdalen;SD;50;49
2006;kf;14801843;Lundby, Kärrdalen;1016;3;
2006;kf;14801843;Lundby, Kärrdalen;K;2;4
2006;kf;14801843;Lundby, Kärrdalen;PP;2;
2006;kf;14801843;Lundby, Kärrdalen;FI;1;2
2006;kf;14801843;Lundby, Kärrdalen;ND;0;2
2006;kf;14801843;Lundby, Kärrdalen;SOC.P;0;2
2006;kf;14801843;Lundby, Kärrdalen;SPI;0;2
2006;kf;14801843;Lundby, Kärrdalen;HANDSKRIVNA;2;2
2006;kf;14801843;Lundby, Kärrdalen;BLANK;9;14
2006;kf;14801843;Lundby, Kärrdalen;OG;0;
2006;kf;14801811;Lundby, Lindholmen;M;482;
2006;kf;14801811;Lundby, Lindholmen;C;63;
2006;kf;14801811;Lundby, Lindholmen;L;170;
2006;kf;14801811;Lundby, Lindholmen;KD;46;
2006;kf;14801811;Lundby, Lindholmen;S;393;
2006;kf;14801811;Lundby, Lindholmen;V;156;
2006;kf;14801811;Lundby, Lindholmen;MP;232;
2006;kf;14801811;Lundby, Lindholmen;VÄGV;113;
2006;kf;14801811;Lundby, Lindholmen;SD;47;
2006;kf;14801811;Lundby, Lindholmen;FI;26;
2006;kf;14801811;Lundby, Lindholmen;PP;12;
2006;kf;14801811;Lundby, Lindholmen;K;10;
2006;kf;14801811;Lundby, Lindholmen;RS;4;
2006;kf;14801811;Lundby, Lindholmen;SOC.P;2;
2006;kf;14801811;Lundby, Lindholmen;SPI;0;
2006;kf;14801811;Lundby, Lindholmen;HANDSKRIVNA;0;
2006;kf;14801811;Lundby, Lindholmen;BLANK;27;
2006;kf;14801811;Lundby, Lindholmen;OG;0;
2006;kf;14801816;Lundby, Lundbyvassen;M;87;
2006;kf;14801816;Lundby, Lundbyvassen;C;16;
2006;kf;14801816;Lundby, Lundbyvassen;L;24;
2006;kf;14801816;Lundby, Lundbyvassen;KD;11;
2006;kf;14801816;Lundby, Lundbyvassen;S;168;
2006;kf;14801816;Lundby, Lundbyvassen;V;49;
2006;kf;14801816;Lundby, Lundbyvassen;MP;56;
2006;kf;14801816;Lundby, Lundbyvassen;VÄGV;20;
2006;kf;14801816;Lundby, Lundbyvassen;SD;25;
2006;kf;14801816;Lundby, Lundbyvassen;FI;8;
2006;kf;14801816;Lundby, Lundbyvassen;PP;8;
2006;kf;14801816;Lundby, Lundbyvassen;K;7;
2006;kf;14801816;Lundby, Lundbyvassen;SOC.P;4;
2006;kf;14801816;Lundby, Lundbyvassen;1016;2;
2006;kf;14801816;Lundby, Lundbyvassen;1027;1;
2006;kf;14801816;Lundby, Lundbyvassen;ND;0;
2006;kf;14801816;Lundby, Lundbyvassen;RS;0;
2006;kf;14801816;Lundby, Lundbyvassen;HANDSKRIVNA;2;
2006;kf;14801816;Lundby, Lundbyvassen;BLANK;9;
2006;kf;14801816;Lundby, Lundbyvassen;OG;1;
2006;kf;14801853;Lundby, Norra Bräcke;M;167;167
2006;kf;14801853;Lundby, Norra Bräcke;C;26;24
2006;kf;14801853;Lundby, Norra Bräcke;L;61;74
2006;kf;14801853;Lundby, Norra Bräcke;KD;38;38
2006;kf;14801853;Lundby, Norra Bräcke;S;345;467
2006;kf;14801853;Lundby, Norra Bräcke;V;81;69
2006;kf;14801853;Lundby, Norra Bräcke;MP;93;45
2006;kf;14801853;Lundby, Norra Bräcke;VÄGV;142;
2006;kf;14801853;Lundby, Norra Bräcke;SD;82;45
2006;kf;14801853;Lundby, Norra Bräcke;PP;8;
2006;kf;14801853;Lundby, Norra Bräcke;FI;5;11
2006;kf;14801853;Lundby, Norra Bräcke;1016;3;
2006;kf;14801853;Lundby, Norra Bräcke;K;2;7
2006;kf;14801853;Lundby, Norra Bräcke;SOC.P;2;
2006;kf;14801853;Lundby, Norra Bräcke;RS;1;
2006;kf;14801853;Lundby, Norra Bräcke;SPI;0;5
2006;kf;14801853;Lundby, Norra Bräcke;HANDSKRIVNA;0;2
2006;kf;14801853;Lundby, Norra Bräcke;BLANK;11;16
2006;kf;14801853;Lundby, Norra Bräcke;OG;0;
2006;kf;14801823;Lundby, Norra Kvillebäcken;M;164;172
2006;kf;14801823;Lundby, Norra Kvillebäcken;C;14;27
2006;kf;14801823;Lundby, Norra Kvillebäcken;L;61;68
2006;kf;14801823;Lundby, Norra Kvillebäcken;KD;25;37
2006;kf;14801823;Lundby, Norra Kvillebäcken;S;345;390
2006;kf;14801823;Lundby, Norra Kvillebäcken;V;94;77
2006;kf;14801823;Lundby, Norra Kvillebäcken;MP;110;63
2006;kf;14801823;Lundby, Norra Kvillebäcken;VÄGV;75;
2006;kf;14801823;Lundby, Norra Kvillebäcken;SD;77;53
2006;kf;14801823;Lundby, Norra Kvillebäcken;K;18;15
2006;kf;14801823;Lundby, Norra Kvillebäcken;PP;15;
2006;kf;14801823;Lundby, Norra Kvillebäcken;FI;9;19
2006;kf;14801823;Lundby, Norra Kvillebäcken;RS;7;1
2006;kf;14801823;Lundby, Norra Kvillebäcken;SOC.P;6;
2006;kf;14801823;Lundby, Norra Kvillebäcken;1016;3;
2006;kf;14801823;Lundby, Norra Kvillebäcken;SPI;0;2
2006;kf;14801823;Lundby, Norra Kvillebäcken;HANDSKRIVNA;1;1
2006;kf;14801823;Lundby, Norra Kvillebäcken;BLANK;16;26
2006;kf;14801823;Lundby, Norra Kvillebäcken;OG;2;
2006;kf;14801855;Lundby, Norra Lundby;M;138;113
2006;kf;14801855;Lundby, Norra Lundby;C;12;18
2006;kf;14801855;Lundby, Norra Lundby;L;35;69
2006;kf;14801855;Lundby, Norra Lundby;KD;19;29
2006;kf;14801855;Lundby, Norra Lundby;S;230;324
2006;kf;14801855;Lundby, Norra Lundby;V;54;46
2006;kf;14801855;Lundby, Norra Lundby;MP;69;71
2006;kf;14801855;Lundby, Norra Lundby;VÄGV;74;
2006;kf;14801855;Lundby, Norra Lundby;SD;45;27
2006;kf;14801855;Lundby, Norra Lundby;PP;7;
2006;kf;14801855;Lundby, Norra Lundby;FI;6;4
2006;kf;14801855;Lundby, Norra Lundby;K;2;7
2006;kf;14801855;Lundby, Norra Lundby;RS;1;
2006;kf;14801855;Lundby, Norra Lundby;ND;0;2
2006;kf;14801855;Lundby, Norra Lundby;SOC.P;0;2
2006;kf;14801855;Lundby, Norra Lundby;SPI;0;1
2006;kf;14801855;Lundby, Norra Lundby;HANDSKRIVNA;2;1
2006;kf;14801855;Lundby, Norra Lundby;BLANK;11;18
2006;kf;14801855;Lundby, Norra Lundby;OG;0;
2006;kf;14801842;Lundby, Norra Tolered;M;268;248
2006;kf;14801842;Lundby, Norra Tolered;C;28;27
2006;kf;14801842;Lundby, Norra Tolered;L;65;90
2006;kf;14801842;Lundby, Norra Tolered;KD;35;63
2006;kf;14801842;Lundby, Norra Tolered;S;238;315
2006;kf;14801842;Lundby, Norra Tolered;V;48;56
2006;kf;14801842;Lundby, Norra Tolered;MP;57;39
2006;kf;14801842;Lundby, Norra Tolered;VÄGV;163;
2006;kf;14801842;Lundby, Norra Tolered;SD;19;14
2006;kf;14801842;Lundby, Norra Tolered;K;3;8
2006;kf;14801842;Lundby, Norra Tolered;PP;3;
2006;kf;14801842;Lundby, Norra Tolered;RS;2;1
2006;kf;14801842;Lundby, Norra Tolered;SOC.P;1;3
2006;kf;14801842;Lundby, Norra Tolered;FI;0;4
2006;kf;14801842;Lundby, Norra Tolered;SPI;0;1
2006;kf;14801842;Lundby, Norra Tolered;HANDSKRIVNA;0;1
2006;kf;14801842;Lundby, Norra Tolered;BLANK;5;6
2006;kf;14801842;Lundby, Norra Tolered;OG;1;
2006;kf;14801858;Lundby, Sannegården;M;426;
2006;kf;14801858;Lundby, Sannegården;C;26;
2006;kf;14801858;Lundby, Sannegården;L;116;
2006;kf;14801858;Lundby, Sannegården;KD;28;
2006;kf;14801858;Lundby, Sannegården;S;246;
2006;kf;14801858;Lundby, Sannegården;V;38;
2006;kf;14801858;Lundby, Sannegården;MP;78;
2006;kf;14801858;Lundby, Sannegården;VÄGV;78;
2006;kf;14801858;Lundby, Sannegården;SD;31;
2006;kf;14801858;Lundby, Sannegården;FI;9;
2006;kf;14801858;Lundby, Sannegården;K;4;
2006;kf;14801858;Lundby, Sannegården;1016;3;
2006;kf;14801858;Lundby, Sannegården;RS;3;
2006;kf;14801858;Lundby, Sannegården;SOC.P;2;
2006;kf;14801858;Lundby, Sannegården;PP;1;
2006;kf;14801858;Lundby, Sannegården;SPI;0;
2006;kf;14801858;Lundby, Sannegården;BLANK;6;
2006;kf;14801858;Lundby, Sannegården;OG;0;
2006;kf;14801832;Lundby, Slätta Damm;M;161;130
2006;kf;14801832;Lundby, Slätta Damm;C;15;23
2006;kf;14801832;Lundby, Slätta Damm;L;72;78
2006;kf;14801832;Lundby, Slätta Damm;KD;29;40
2006;kf;14801832;Lundby, Slätta Damm;S;381;461
2006;kf;14801832;Lundby, Slätta Damm;V;87;91
2006;kf;14801832;Lundby, Slätta Damm;MP;75;80
2006;kf;14801832;Lundby, Slätta Damm;VÄGV;115;
2006;kf;14801832;Lundby, Slätta Damm;SD;80;65
2006;kf;14801832;Lundby, Slätta Damm;FI;13;15
2006;kf;14801832;Lundby, Slätta Damm;K;6;8
2006;kf;14801832;Lundby, Slätta Damm;PP;2;
2006;kf;14801832;Lundby, Slätta Damm;RS;2;
2006;kf;14801832;Lundby, Slätta Damm;1016;1;
2006;kf;14801832;Lundby, Slätta Damm;SOC.P;1;
2006;kf;14801832;Lundby, Slätta Damm;ND;0;1
2006;kf;14801832;Lundby, Slätta Damm;SPI;0;6
2006;kf;14801832;Lundby, Slätta Damm;HANDSKRIVNA;0;3
2006;kf;14801832;Lundby, Slätta Damm;BLANK;12;21
2006;kf;14801832;Lundby, Slätta Damm;OG;0;
2006;kf;14801852;Lundby, Södra Bräcke;M;137;121
2006;kf;14801852;Lundby, Södra Bräcke;C;9;27
2006;kf;14801852;Lundby, Södra Bräcke;L;55;63
2006;kf;14801852;Lundby, Södra Bräcke;KD;23;33
2006;kf;14801852;Lundby, Södra Bräcke;S;275;336
2006;kf;14801852;Lundby, Södra Bräcke;V;73;87
2006;kf;14801852;Lundby, Södra Bräcke;MP;92;66
2006;kf;14801852;Lundby, Södra Bräcke;VÄGV;113;
2006;kf;14801852;Lundby, Södra Bräcke;SD;74;48
2006;kf;14801852;Lundby, Södra Bräcke;FI;10;7
2006;kf;14801852;Lundby, Södra Bräcke;PP;9;
2006;kf;14801852;Lundby, Södra Bräcke;K;7;13
2006;kf;14801852;Lundby, Södra Bräcke;1016;2;
2006;kf;14801852;Lundby, Södra Bräcke;RS;2;
2006;kf;14801852;Lundby, Södra Bräcke;SOC.P;1;2
2006;kf;14801852;Lundby, Södra Bräcke;ND;0;1
2006;kf;14801852;Lundby, Södra Bräcke;SPI;0;5
2006;kf;14801852;Lundby, Södra Bräcke;HANDSKRIVNA;0;1
2006;kf;14801852;Lundby, Södra Bräcke;BLANK;7;21
2006;kf;14801852;Lundby, Södra Bräcke;OG;1;
2006;kf;14801825;Lundby, Södra Kvillebäcken;M;127;132
2006;kf;14801825;Lundby, Södra Kvillebäcken;C;20;30
2006;kf;14801825;Lundby, Södra Kvillebäcken;L;55;72
2006;kf;14801825;Lundby, Södra Kvillebäcken;KD;16;21
2006;kf;14801825;Lundby, Södra Kvillebäcken;S;298;341
2006;kf;14801825;Lundby, Södra Kvillebäcken;V;122;118
2006;kf;14801825;Lundby, Södra Kvillebäcken;MP;162;107
2006;kf;14801825;Lundby, Södra Kvillebäcken;VÄGV;43;
2006;kf;14801825;Lundby, Södra Kvillebäcken;SD;65;35
2006;kf;14801825;Lundby, Södra Kvillebäcken;FI;37;19
2006;kf;14801825;Lundby, Södra Kvillebäcken;K;15;18
2006;kf;14801825;Lundby, Södra Kvillebäcken;PP;11;
2006;kf;14801825;Lundby, Södra Kvillebäcken;SOC.P;6;5
2006;kf;14801825;Lundby, Södra Kvillebäcken;RS;5;1
2006;kf;14801825;Lundby, Södra Kvillebäcken;ND;0;1
2006;kf;14801825;Lundby, Södra Kvillebäcken;SPI;0;4
2006;kf;14801825;Lundby, Södra Kvillebäcken;HANDSKRIVNA;0;3
2006;kf;14801825;Lundby, Södra Kvillebäcken;BLANK;17;37
2006;kf;14801825;Lundby, Södra Kvillebäcken;OG;0;
2006;kf;14801856;Lundby, Södra Lundby;M;133;127
2006;kf;14801856;Lundby, Södra Lundby;C;19;20
2006;kf;14801856;Lundby, Södra Lundby;L;54;64
2006;kf;14801856;Lundby, Södra Lundby;KD;19;37
2006;kf;14801856;Lundby, Södra Lundby;S;233;280
2006;kf;14801856;Lundby, Södra Lundby;V;80;76
2006;kf;14801856;Lundby, Södra Lundby;MP;106;61
2006;kf;14801856;Lundby, Södra Lundby;VÄGV;49;
2006;kf;14801856;Lundby, Södra Lundby;SD;49;26
2006;kf;14801856;Lundby, Södra Lundby;FI;11;6
2006;kf;14801856;Lundby, Södra Lundby;K;9;7
2006;kf;14801856;Lundby, Södra Lundby;PP;5;
2006;kf;14801856;Lundby, Södra Lundby;1016;3;
2006;kf;14801856;Lundby, Södra Lundby;RS;1;
2006;kf;14801856;Lundby, Södra Lundby;ND;0;1
2006;kf;14801856;Lundby, Södra Lundby;HANDSKRIVNA;1;2
2006;kf;14801856;Lundby, Södra Lundby;BLANK;14;19
2006;kf;14801856;Lundby, Södra Lundby;OG;0;1
2006;kf;14801841;Lundby, Södra Tolered;M;184;183
2006;kf;14801841;Lundby, Södra Tolered;C;23;21
2006;kf;14801841;Lundby, Södra Tolered;L;94;105
2006;kf;14801841;Lundby, Södra Tolered;KD;27;35
2006;kf;14801841;Lundby, Södra Tolered;S;256;394
2006;kf;14801841;Lundby, Södra Tolered;V;46;56
2006;kf;14801841;Lundby, Södra Tolered;MP;66;47
2006;kf;14801841;Lundby, Södra Tolered;VÄGV;176;
2006;kf;14801841;Lundby, Södra Tolered;SD;43;27
2006;kf;14801841;Lundby, Södra Tolered;PP;6;
2006;kf;14801841;Lundby, Södra Tolered;FI;5;7
2006;kf;14801841;Lundby, Södra Tolered;K;3;6
2006;kf;14801841;Lundby, Södra Tolered;SOC.P;3;5
2006;kf;14801841;Lundby, Södra Tolered;1016;1;
2006;kf;14801841;Lundby, Södra Tolered;RS;1;
2006;kf;14801841;Lundby, Södra Tolered;SPI;0;1
2006;kf;14801841;Lundby, Södra Tolered;HANDSKRIVNA;3;4
2006;kf;14801841;Lundby, Södra Tolered;BLANK;10;15
2006;kf;14801841;Lundby, Södra Tolered;OG;0;1
2006;kf;14801814;Lundby, Västra Brämaregården;M;195;169
2006;kf;14801814;Lundby, Västra Brämaregården;C;12;22
2006;kf;14801814;Lundby, Västra Brämaregården;L;73;95
2006;kf;14801814;Lundby, Västra Brämaregården;KD;26;56
2006;kf;14801814;Lundby, Västra Brämaregården;S;371;453
2006;kf;14801814;Lundby, Västra Brämaregården;V;110;93
2006;kf;14801814;Lundby, Västra Brämaregården;MP;138;109
2006;kf;14801814;Lundby, Västra Brämaregården;VÄGV;62;
2006;kf;14801814;Lundby, Västra Brämaregården;SD;80;44
2006;kf;14801814;Lundby, Västra Brämaregården;FI;33;26
2006;kf;14801814;Lundby, Västra Brämaregården;K;15;18
2006;kf;14801814;Lundby, Västra Brämaregården;PP;11;
2006;kf;14801814;Lundby, Västra Brämaregården;SOC.P;4;5
2006;kf;14801814;Lundby, Västra Brämaregården;1016;3;
2006;kf;14801814;Lundby, Västra Brämaregården;RS;3;1
2006;kf;14801814;Lundby, Västra Brämaregården;0450;0;1
2006;kf;14801814;Lundby, Västra Brämaregården;ND;0;1
2006;kf;14801814;Lundby, Västra Brämaregården;SPI;0;3
2006;kf;14801814;Lundby, Västra Brämaregården;HANDSKRIVNA;0;1
2006;kf;14801814;Lundby, Västra Brämaregården;BLANK;8;26
2006;kf;14801814;Lundby, Västra Brämaregården;OG;0;
2006;kf;14801851;Lundby, Västra Eriksberg;M;623;
2006;kf;14801851;Lundby, Västra Eriksberg;C;39;
2006;kf;14801851;Lundby, Västra Eriksberg;L;214;
2006;kf;14801851;Lundby, Västra Eriksberg;KD;33;
2006;kf;14801851;Lundby, Västra Eriksberg;S;374;
2006;kf;14801851;Lundby, Västra Eriksberg;V;55;
2006;kf;14801851;Lundby, Västra Eriksberg;MP;142;
2006;kf;14801851;Lundby, Västra Eriksberg;VÄGV;109;
2006;kf;14801851;Lundby, Västra Eriksberg;SD;64;
2006;kf;14801851;Lundby, Västra Eriksberg;FI;13;
2006;kf;14801851;Lundby, Västra Eriksberg;K;6;
2006;kf;14801851;Lundby, Västra Eriksberg;PP;6;
2006;kf;14801851;Lundby, Västra Eriksberg;ND;0;
2006;kf;14801851;Lundby, Västra Eriksberg;SOC.P;0;
2006;kf;14801851;Lundby, Västra Eriksberg;SPI;0;
2006;kf;14801851;Lundby, Västra Eriksberg;HANDSKRIVNA;0;
2006;kf;14801851;Lundby, Västra Eriksberg;BLANK;16;
2006;kf;14801851;Lundby, Västra Eriksberg;OG;0;
2006;kf;14801812;Lundby, Västra Rambergsstaden;M;143;146
2006;kf;14801812;Lundby, Västra Rambergsstaden;C;21;20
2006;kf;14801812;Lundby, Västra Rambergsstaden;L;68;91
2006;kf;14801812;Lundby, Västra Rambergsstaden;KD;19;26
2006;kf;14801812;Lundby, Västra Rambergsstaden;S;409;444
2006;kf;14801812;Lundby, Västra Rambergsstaden;V;135;100
2006;kf;14801812;Lundby, Västra Rambergsstaden;MP;166;90
2006;kf;14801812;Lundby, Västra Rambergsstaden;VÄGV;50;
2006;kf;14801812;Lundby, Västra Rambergsstaden;SD;77;39
2006;kf;14801812;Lundby, Västra Rambergsstaden;FI;31;22
2006;kf;14801812;Lundby, Västra Rambergsstaden;PP;20;
2006;kf;14801812;Lundby, Västra Rambergsstaden;K;18;28
2006;kf;14801812;Lundby, Västra Rambergsstaden;SOC.P;7;13
2006;kf;14801812;Lundby, Västra Rambergsstaden;RS;6;1
2006;kf;14801812;Lundby, Västra Rambergsstaden;1016;3;
2006;kf;14801812;Lundby, Västra Rambergsstaden;1027;2;
2006;kf;14801812;Lundby, Västra Rambergsstaden;ND;0;1
2006;kf;14801812;Lundby, Västra Rambergsstaden;SPI;0;2
2006;kf;14801812;Lundby, Västra Rambergsstaden;HANDSKRIVNA;1;4
2006;kf;14801812;Lundby, Västra Rambergsstaden;BLANK;11;17
2006;kf;14801812;Lundby, Västra Rambergsstaden;OG;0;2
2006;kf;14801824;Lundby, Wieselgrensplatsen;M;126;98
2006;kf;14801824;Lundby, Wieselgrensplatsen;C;15;7
2006;kf;14801824;Lundby, Wieselgrensplatsen;L;32;56
2006;kf;14801824;Lundby, Wieselgrensplatsen;KD;18;28
2006;kf;14801824;Lundby, Wieselgrensplatsen;S;310;341
2006;kf;14801824;Lundby, Wieselgrensplatsen;V;70;63
2006;kf;14801824;Lundby, Wieselgrensplatsen;MP;112;61
2006;kf;14801824;Lundby, Wieselgrensplatsen;VÄGV;36;
2006;kf;14801824;Lundby, Wieselgrensplatsen;SD;41;27
2006;kf;14801824;Lundby, Wieselgrensplatsen;FI;16;8
2006;kf;14801824;Lundby, Wieselgrensplatsen;K;11;12
2006;kf;14801824;Lundby, Wieselgrensplatsen;PP;7;
2006;kf;14801824;Lundby, Wieselgrensplatsen;SOC.P;3;4
2006;kf;14801824;Lundby, Wieselgrensplatsen;1016;2;
2006;kf;14801824;Lundby, Wieselgrensplatsen;RS;2;
2006;kf;14801824;Lundby, Wieselgrensplatsen;ND;0;2
2006;kf;14801824;Lundby, Wieselgrensplatsen;SPI;0;3
2006;kf;14801824;Lundby, Wieselgrensplatsen;HANDSKRIVNA;1;
2006;kf;14801824;Lundby, Wieselgrensplatsen;BLANK;12;14
2006;kf;14801824;Lundby, Wieselgrensplatsen;OG;0;4
2006;kf;14801815;Lundby, Östra Brämaregården;M;160;
2006;kf;14801815;Lundby, Östra Brämaregården;C;21;
2006;kf;14801815;Lundby, Östra Brämaregården;L;46;
2006;kf;14801815;Lundby, Östra Brämaregården;KD;23;
2006;kf;14801815;Lundby, Östra Brämaregården;S;279;
2006;kf;14801815;Lundby, Östra Brämaregården;V;108;
2006;kf;14801815;Lundby, Östra Brämaregården;MP;191;
2006;kf;14801815;Lundby, Östra Brämaregården;VÄGV;41;
2006;kf;14801815;Lundby, Östra Brämaregården;SD;44;
2006;kf;14801815;Lundby, Östra Brämaregården;FI;47;
2006;kf;14801815;Lundby, Östra Brämaregården;K;11;
2006;kf;14801815;Lundby, Östra Brämaregården;PP;11;
2006;kf;14801815;Lundby, Östra Brämaregården;RS;1;
2006;kf;14801815;Lundby, Östra Brämaregården;SOC.P;1;
2006;kf;14801815;Lundby, Östra Brämaregården;ND;0;
2006;kf;14801815;Lundby, Östra Brämaregården;SPI;0;
2006;kf;14801815;Lundby, Östra Brämaregården;HANDSKRIVNA;2;
2006;kf;14801815;Lundby, Östra Brämaregården;BLANK;18;
2006;kf;14801815;Lundby, Östra Brämaregården;OG;0;
2006;kf;14801857;Lundby, Östra Eriksberg;M;532;
2006;kf;14801857;Lundby, Östra Eriksberg;C;38;
2006;kf;14801857;Lundby, Östra Eriksberg;L;161;
2006;kf;14801857;Lundby, Östra Eriksberg;KD;57;
2006;kf;14801857;Lundby, Östra Eriksberg;S;316;
2006;kf;14801857;Lundby, Östra Eriksberg;V;47;
2006;kf;14801857;Lundby, Östra Eriksberg;MP;93;
2006;kf;14801857;Lundby, Östra Eriksberg;VÄGV;105;
2006;kf;14801857;Lundby, Östra Eriksberg;SD;54;
2006;kf;14801857;Lundby, Östra Eriksberg;FI;9;
2006;kf;14801857;Lundby, Östra Eriksberg;PP;8;
2006;kf;14801857;Lundby, Östra Eriksberg;K;7;
2006;kf;14801857;Lundby, Östra Eriksberg;1016;2;
2006;kf;14801857;Lundby, Östra Eriksberg;SOC.P;2;
2006;kf;14801857;Lundby, Östra Eriksberg;SPI;0;
2006;kf;14801857;Lundby, Östra Eriksberg;BLANK;12;
2006;kf;14801857;Lundby, Östra Eriksberg;OG;0;
2006;kf;14801813;Lundby, Östra Rambergsstaden;M;229;155
2006;kf;14801813;Lundby, Östra Rambergsstaden;C;15;29
2006;kf;14801813;Lundby, Östra Rambergsstaden;L;71;88
2006;kf;14801813;Lundby, Östra Rambergsstaden;KD;47;65
2006;kf;14801813;Lundby, Östra Rambergsstaden;S;454;556
2006;kf;14801813;Lundby, Östra Rambergsstaden;V;121;111
2006;kf;14801813;Lundby, Östra Rambergsstaden;MP;138;86
2006;kf;14801813;Lundby, Östra Rambergsstaden;VÄGV;90;
2006;kf;14801813;Lundby, Östra Rambergsstaden;SD;84;59
2006;kf;14801813;Lundby, Östra Rambergsstaden;FI;26;20
2006;kf;14801813;Lundby, Östra Rambergsstaden;PP;17;
2006;kf;14801813;Lundby, Östra Rambergsstaden;K;12;23
2006;kf;14801813;Lundby, Östra Rambergsstaden;RS;6;
2006;kf;14801813;Lundby, Östra Rambergsstaden;SOC.P;3;2
2006;kf;14801813;Lundby, Östra Rambergsstaden;1016;2;
2006;kf;14801813;Lundby, Östra Rambergsstaden;ND;0;1
2006;kf;14801813;Lundby, Östra Rambergsstaden;SPI;0;2
2006;kf;14801813;Lundby, Östra Rambergsstaden;HANDSKRIVNA;2;2
2006;kf;14801813;Lundby, Östra Rambergsstaden;BLANK;13;19
2006;kf;14801813;Lundby, Östra Rambergsstaden;OG;0;
2006;kf;14801625;Torslanda, Amhult-Arendal;M;333;235
2006;kf;14801625;Torslanda, Amhult-Arendal;C;15;30
2006;kf;14801625;Torslanda, Amhult-Arendal;L;94;78
2006;kf;14801625;Torslanda, Amhult-Arendal;KD;39;49
2006;kf;14801625;Torslanda, Amhult-Arendal;S;303;332
2006;kf;14801625;Torslanda, Amhult-Arendal;V;23;22
2006;kf;14801625;Torslanda, Amhult-Arendal;MP;50;45
2006;kf;14801625;Torslanda, Amhult-Arendal;VÄGV;89;
2006;kf;14801625;Torslanda, Amhult-Arendal;SD;54;34
2006;kf;14801625;Torslanda, Amhult-Arendal;1027;78;
2006;kf;14801625;Torslanda, Amhult-Arendal;FI;6;5
2006;kf;14801625;Torslanda, Amhult-Arendal;1016;4;
2006;kf;14801625;Torslanda, Amhult-Arendal;K;3;5
2006;kf;14801625;Torslanda, Amhult-Arendal;PP;2;
2006;kf;14801625;Torslanda, Amhult-Arendal;SOC.P;0;1
2006;kf;14801625;Torslanda, Amhult-Arendal;SPI;0;5
2006;kf;14801625;Torslanda, Amhult-Arendal;HANDSKRIVNA;1;1
2006;kf;14801625;Torslanda, Amhult-Arendal;BLANK;8;9
2006;kf;14801625;Torslanda, Amhult-Arendal;OG;1;
2006;kf;14801613;Torslanda, Andalen;M;573;479
2006;kf;14801613;Torslanda, Andalen;C;39;49
2006;kf;14801613;Torslanda, Andalen;L;147;152
2006;kf;14801613;Torslanda, Andalen;KD;85;87
2006;kf;14801613;Torslanda, Andalen;S;272;363
2006;kf;14801613;Torslanda, Andalen;V;23;26
2006;kf;14801613;Torslanda, Andalen;MP;68;67
2006;kf;14801613;Torslanda, Andalen;VÄGV;111;
2006;kf;14801613;Torslanda, Andalen;SD;40;37
2006;kf;14801613;Torslanda, Andalen;1027;150;
2006;kf;14801613;Torslanda, Andalen;PP;5;
2006;kf;14801613;Torslanda, Andalen;1016;4;
2006;kf;14801613;Torslanda, Andalen;SOC.P;2;2
2006;kf;14801613;Torslanda, Andalen;FI;1;9
2006;kf;14801613;Torslanda, Andalen;K;1;7
2006;kf;14801613;Torslanda, Andalen;SPI;0;3
2006;kf;14801613;Torslanda, Andalen;HANDSKRIVNA;1;1
2006;kf;14801613;Torslanda, Andalen;BLANK;12;18
2006;kf;14801613;Torslanda, Andalen;OG;1;
2006;kf;14801632;Torslanda, Björlanda;M;414;348
2006;kf;14801632;Torslanda, Björlanda;C;47;78
2006;kf;14801632;Torslanda, Björlanda;L;103;97
2006;kf;14801632;Torslanda, Björlanda;KD;50;90
2006;kf;14801632;Torslanda, Björlanda;S;258;424
2006;kf;14801632;Torslanda, Björlanda;V;44;45
2006;kf;14801632;Torslanda, Björlanda;MP;67;65
2006;kf;14801632;Torslanda, Björlanda;VÄGV;157;
2006;kf;14801632;Torslanda, Björlanda;SD;87;56
2006;kf;14801632;Torslanda, Björlanda;1027;117;
2006;kf;14801632;Torslanda, Björlanda;K;7;8
2006;kf;14801632;Torslanda, Björlanda;PP;5;
2006;kf;14801632;Torslanda, Björlanda;1016;4;
2006;kf;14801632;Torslanda, Björlanda;FI;1;8
2006;kf;14801632;Torslanda, Björlanda;SOC.P;1;8
2006;kf;14801632;Torslanda, Björlanda;RS;0;1
2006;kf;14801632;Torslanda, Björlanda;SPI;0;3
2006;kf;14801632;Torslanda, Björlanda;HANDSKRIVNA;1;1
2006;kf;14801632;Torslanda, Björlanda;BLANK;6;25
2006;kf;14801632;Torslanda, Björlanda;OG;2;
2006;kf;14801622;Torslanda, Domarringen m fl;M;359;307
2006;kf;14801622;Torslanda, Domarringen m fl;C;43;59
2006;kf;14801622;Torslanda, Domarringen m fl;L;127;150
2006;kf;14801622;Torslanda, Domarringen m fl;KD;38;73
2006;kf;14801622;Torslanda, Domarringen m fl;S;312;530
2006;kf;14801622;Torslanda, Domarringen m fl;V;27;26
2006;kf;14801622;Torslanda, Domarringen m fl;MP;67;48
2006;kf;14801622;Torslanda, Domarringen m fl;VÄGV;139;
2006;kf;14801622;Torslanda, Domarringen m fl;SD;56;41
2006;kf;14801622;Torslanda, Domarringen m fl;1027;115;
2006;kf;14801622;Torslanda, Domarringen m fl;FI;5;7
2006;kf;14801622;Torslanda, Domarringen m fl;PP;5;
2006;kf;14801622;Torslanda, Domarringen m fl;1016;4;
2006;kf;14801622;Torslanda, Domarringen m fl;K;3;9
2006;kf;14801622;Torslanda, Domarringen m fl;ND;0;1
2006;kf;14801622;Torslanda, Domarringen m fl;SPI;0;1
2006;kf;14801622;Torslanda, Domarringen m fl;HANDSKRIVNA;1;1
2006;kf;14801622;Torslanda, Domarringen m fl;BLANK;15;26
2006;kf;14801622;Torslanda, Domarringen m fl;OG;0;
2006;kf;14801611;Torslanda, Hjuvik;M;581;520
2006;kf;14801611;Torslanda, Hjuvik;C;40;47
2006;kf;14801611;Torslanda, Hjuvik;L;162;169
2006;kf;14801611;Torslanda, Hjuvik;KD;80;117
2006;kf;14801611;Torslanda, Hjuvik;S;156;262
2006;kf;14801611;Torslanda, Hjuvik;V;15;22
2006;kf;14801611;Torslanda, Hjuvik;MP;71;96
2006;kf;14801611;Torslanda, Hjuvik;VÄGV;112;
2006;kf;14801611;Torslanda, Hjuvik;SD;28;18
2006;kf;14801611;Torslanda, Hjuvik;1027;127;
2006;kf;14801611;Torslanda, Hjuvik;K;4;1
2006;kf;14801611;Torslanda, Hjuvik;PP;4;
2006;kf;14801611;Torslanda, Hjuvik;FI;2;8
2006;kf;14801611;Torslanda, Hjuvik;SOC.P;2;2
2006;kf;14801611;Torslanda, Hjuvik;1016;1;
2006;kf;14801611;Torslanda, Hjuvik;HANDSKRIVNA;0;1
2006;kf;14801611;Torslanda, Hjuvik;BLANK;8;12
2006;kf;14801611;Torslanda, Hjuvik;OG;0;
2006;kf;14801612;Torslanda, Hällsvik;M;489;456
2006;kf;14801612;Torslanda, Hällsvik;C;26;36
2006;kf;14801612;Torslanda, Hällsvik;L;138;139
2006;kf;14801612;Torslanda, Hällsvik;KD;39;93
2006;kf;14801612;Torslanda, Hällsvik;S;177;367
2006;kf;14801612;Torslanda, Hällsvik;V;24;26
2006;kf;14801612;Torslanda, Hällsvik;MP;53;41
2006;kf;14801612;Torslanda, Hällsvik;VÄGV;115;
2006;kf;14801612;Torslanda, Hällsvik;SD;46;34
2006;kf;14801612;Torslanda, Hällsvik;1027;159;
2006;kf;14801612;Torslanda, Hällsvik;FI;5;8
2006;kf;14801612;Torslanda, Hällsvik;PP;5;
2006;kf;14801612;Torslanda, Hällsvik;K;4;7
2006;kf;14801612;Torslanda, Hällsvik;SOC.P;2;4
2006;kf;14801612;Torslanda, Hällsvik;HANDSKRIVNA;0;1
2006;kf;14801612;Torslanda, Hällsvik;BLANK;6;21
2006;kf;14801612;Torslanda, Hällsvik;OG;0;1
2006;kf;14801633;Torslanda, Kvisljungeby;M;382;337
2006;kf;14801633;Torslanda, Kvisljungeby;C;43;59
2006;kf;14801633;Torslanda, Kvisljungeby;L;97;108
2006;kf;14801633;Torslanda, Kvisljungeby;KD;31;56
2006;kf;14801633;Torslanda, Kvisljungeby;S;235;397
2006;kf;14801633;Torslanda, Kvisljungeby;V;28;41
2006;kf;14801633;Torslanda, Kvisljungeby;MP;54;38
2006;kf;14801633;Torslanda, Kvisljungeby;VÄGV;147;
2006;kf;14801633;Torslanda, Kvisljungeby;SD;86;55
2006;kf;14801633;Torslanda, Kvisljungeby;1027;123;
2006;kf;14801633;Torslanda, Kvisljungeby;FI;5;5
2006;kf;14801633;Torslanda, Kvisljungeby;1016;2;
2006;kf;14801633;Torslanda, Kvisljungeby;PP;2;
2006;kf;14801633;Torslanda, Kvisljungeby;K;1;3
2006;kf;14801633;Torslanda, Kvisljungeby;SOC.P;0;4
2006;kf;14801633;Torslanda, Kvisljungeby;BLANK;7;12
2006;kf;14801633;Torslanda, Kvisljungeby;OG;1;
2006;kf;14801631;Torslanda, Lilleby;M;643;
2006;kf;14801631;Torslanda, Lilleby;C;63;
2006;kf;14801631;Torslanda, Lilleby;L;156;
2006;kf;14801631;Torslanda, Lilleby;KD;57;
2006;kf;14801631;Torslanda, Lilleby;S;333;
2006;kf;14801631;Torslanda, Lilleby;V;30;
2006;kf;14801631;Torslanda, Lilleby;MP;84;
2006;kf;14801631;Torslanda, Lilleby;VÄGV;159;
2006;kf;14801631;Torslanda, Lilleby;SD;104;
2006;kf;14801631;Torslanda, Lilleby;1027;172;
2006;kf;14801631;Torslanda, Lilleby;PP;6;
2006;kf;14801631;Torslanda, Lilleby;1016;5;
2006;kf;14801631;Torslanda, Lilleby;K;5;
2006;kf;14801631;Torslanda, Lilleby;FI;1;
2006;kf;14801631;Torslanda, Lilleby;0450;1;
2006;kf;14801631;Torslanda, Lilleby;SOC.P;1;
2006;kf;14801631;Torslanda, Lilleby;ND;0;
2006;kf;14801631;Torslanda, Lilleby;SPI;0;
2006;kf;14801631;Torslanda, Lilleby;HANDSKRIVNA;3;
2006;kf;14801631;Torslanda, Lilleby;BLANK;16;
2006;kf;14801631;Torslanda, Lilleby;OG;4;
2006;kf;14801624;Torslanda, Nolered;M;390;328
2006;kf;14801624;Torslanda, Nolered;C;39;63
2006;kf;14801624;Torslanda, Nolered;L;127;157
2006;kf;14801624;Torslanda, Nolered;KD;39;77
2006;kf;14801624;Torslanda, Nolered;S;297;421
2006;kf;14801624;Torslanda, Nolered;V;30;35
2006;kf;14801624;Torslanda, Nolered;MP;56;74
2006;kf;14801624;Torslanda, Nolered;VÄGV;102;
2006;kf;14801624;Torslanda, Nolered;SD;57;32
2006;kf;14801624;Torslanda, Nolered;1027;99;
2006;kf;14801624;Torslanda, Nolered;SOC.P;4;3
2006;kf;14801624;Torslanda, Nolered;PP;3;
2006;kf;14801624;Torslanda, Nolered;1016;2;
2006;kf;14801624;Torslanda, Nolered;FI;2;3
2006;kf;14801624;Torslanda, Nolered;K;2;3
2006;kf;14801624;Torslanda, Nolered;ND;0;1
2006;kf;14801624;Torslanda, Nolered;SPI;0;1
2006;kf;14801624;Torslanda, Nolered;HANDSKRIVNA;1;
2006;kf;14801624;Torslanda, Nolered;BLANK;8;19
2006;kf;14801624;Torslanda, Nolered;OG;0;
2006;kf;14801623;Torslanda, Torslanda;M;436;327
2006;kf;14801623;Torslanda, Torslanda;C;53;85
2006;kf;14801623;Torslanda, Torslanda;L;132;153
2006;kf;14801623;Torslanda, Torslanda;KD;59;76
2006;kf;14801623;Torslanda, Torslanda;S;365;493
2006;kf;14801623;Torslanda, Torslanda;V;56;55
2006;kf;14801623;Torslanda, Torslanda;MP;68;52
2006;kf;14801623;Torslanda, Torslanda;VÄGV;129;
2006;kf;14801623;Torslanda, Torslanda;SD;101;74
2006;kf;14801623;Torslanda, Torslanda;1027;135;
2006;kf;14801623;Torslanda, Torslanda;PP;7;
2006;kf;14801623;Torslanda, Torslanda;K;2;6
2006;kf;14801623;Torslanda, Torslanda;1016;1;
2006;kf;14801623;Torslanda, Torslanda;FI;1;4
2006;kf;14801623;Torslanda, Torslanda;SOC.P;0;1
2006;kf;14801623;Torslanda, Torslanda;SPI;0;3
2006;kf;14801623;Torslanda, Torslanda;HANDSKRIVNA;4;4
2006;kf;14801623;Torslanda, Torslanda;BLANK;18;20
2006;kf;14801623;Torslanda, Torslanda;OG;1;
2006;kf;14801621;Torslanda, Tumlehed;M;370;296
2006;kf;14801621;Torslanda, Tumlehed;C;27;45
2006;kf;14801621;Torslanda, Tumlehed;L;123;111
2006;kf;14801621;Torslanda, Tumlehed;KD;36;55
2006;kf;14801621;Torslanda, Tumlehed;S;301;492
2006;kf;14801621;Torslanda, Tumlehed;V;33;36
2006;kf;14801621;Torslanda, Tumlehed;MP;78;61
2006;kf;14801621;Torslanda, Tumlehed;VÄGV;105;
2006;kf;14801621;Torslanda, Tumlehed;SD;65;39
2006;kf;14801621;Torslanda, Tumlehed;1027;115;
2006;kf;14801621;Torslanda, Tumlehed;PP;5;
2006;kf;14801621;Torslanda, Tumlehed;K;3;1
2006;kf;14801621;Torslanda, Tumlehed;1016;2;
2006;kf;14801621;Torslanda, Tumlehed;FI;2;5
2006;kf;14801621;Torslanda, Tumlehed;ND;0;1
2006;kf;14801621;Torslanda, Tumlehed;SOC.P;0;4
2006;kf;14801621;Torslanda, Tumlehed;SPI;0;3
2006;kf;14801621;Torslanda, Tumlehed;BLANK;15;16
2006;kf;14801621;Torslanda, Tumlehed;OG;1;2
2006;kf;14801914;Tuve-Säve, Glöstorp;M;150;118
2006;kf;14801914;Tuve-Säve, Glöstorp;C;16;18
2006;kf;14801914;Tuve-Säve, Glöstorp;L;54;56
2006;kf;14801914;Tuve-Säve, Glöstorp;KD;30;37
2006;kf;14801914;Tuve-Säve, Glöstorp;S;361;442
2006;kf;14801914;Tuve-Säve, Glöstorp;V;48;50
2006;kf;14801914;Tuve-Säve, Glöstorp;MP;43;32
2006;kf;14801914;Tuve-Säve, Glöstorp;VÄGV;88;
2006;kf;14801914;Tuve-Säve, Glöstorp;SD;65;39
2006;kf;14801914;Tuve-Säve, Glöstorp;PP;6;
2006;kf;14801914;Tuve-Säve, Glöstorp;SOC.P;3;3
2006;kf;14801914;Tuve-Säve, Glöstorp;K;2;4
2006;kf;14801914;Tuve-Säve, Glöstorp;FI;1;5
2006;kf;14801914;Tuve-Säve, Glöstorp;RS;1;
2006;kf;14801914;Tuve-Säve, Glöstorp;ND;0;1
2006;kf;14801914;Tuve-Säve, Glöstorp;SPI;0;5
2006;kf;14801914;Tuve-Säve, Glöstorp;HANDSKRIVNA;3;1
2006;kf;14801914;Tuve-Säve, Glöstorp;BLANK;6;10
2006;kf;14801914;Tuve-Säve, Glöstorp;OG;1;2
2006;kf;14801913;Tuve-Säve, Gunnestorp;M;260;246
2006;kf;14801913;Tuve-Säve, Gunnestorp;C;22;16
2006;kf;14801913;Tuve-Säve, Gunnestorp;L;95;114
2006;kf;14801913;Tuve-Säve, Gunnestorp;KD;25;60
2006;kf;14801913;Tuve-Säve, Gunnestorp;S;495;598
2006;kf;14801913;Tuve-Säve, Gunnestorp;V;65;77
2006;kf;14801913;Tuve-Säve, Gunnestorp;MP;59;49
2006;kf;14801913;Tuve-Säve, Gunnestorp;VÄGV;210;
2006;kf;14801913;Tuve-Säve, Gunnestorp;SD;50;43
2006;kf;14801913;Tuve-Säve, Gunnestorp;FI;5;6
2006;kf;14801913;Tuve-Säve, Gunnestorp;SOC.P;5;2
2006;kf;14801913;Tuve-Säve, Gunnestorp;PP;4;
2006;kf;14801913;Tuve-Säve, Gunnestorp;K;3;7
2006;kf;14801913;Tuve-Säve, Gunnestorp;RS;1;
2006;kf;14801913;Tuve-Säve, Gunnestorp;SPI;0;2
2006;kf;14801913;Tuve-Säve, Gunnestorp;HANDSKRIVNA;0;1
2006;kf;14801913;Tuve-Säve, Gunnestorp;BLANK;9;10
2006;kf;14801913;Tuve-Säve, Gunnestorp;OG;0;
2006;kf;14801915;Tuve-Säve, Norumshöjd;M;91;91
2006;kf;14801915;Tuve-Säve, Norumshöjd;C;9;11
2006;kf;14801915;Tuve-Säve, Norumshöjd;L;24;43
2006;kf;14801915;Tuve-Säve, Norumshöjd;KD;13;19
2006;kf;14801915;Tuve-Säve, Norumshöjd;S;435;435
2006;kf;14801915;Tuve-Säve, Norumshöjd;V;75;76
2006;kf;14801915;Tuve-Säve, Norumshöjd;MP;61;39
2006;kf;14801915;Tuve-Säve, Norumshöjd;VÄGV;81;
2006;kf;14801915;Tuve-Säve, Norumshöjd;SD;80;48
2006;kf;14801915;Tuve-Säve, Norumshöjd;K;17;19
2006;kf;14801915;Tuve-Säve, Norumshöjd;PP;10;
2006;kf;14801915;Tuve-Säve, Norumshöjd;1016;5;
2006;kf;14801915;Tuve-Säve, Norumshöjd;FI;2;7
2006;kf;14801915;Tuve-Säve, Norumshöjd;SOC.P;2;4
2006;kf;14801915;Tuve-Säve, Norumshöjd;RS;1;
2006;kf;14801915;Tuve-Säve, Norumshöjd;SPI;0;1
2006;kf;14801915;Tuve-Säve, Norumshöjd;HANDSKRIVNA;1;6
2006;kf;14801915;Tuve-Säve, Norumshöjd;BLANK;6;11
2006;kf;14801915;Tuve-Säve, Norumshöjd;OG;0;1
2006;kf;14801921;Tuve-Säve, Säve;M;353;295
2006;kf;14801921;Tuve-Säve, Säve;C;189;127
2006;kf;14801921;Tuve-Säve, Säve;L;62;106
2006;kf;14801921;Tuve-Säve, Säve;KD;36;64
2006;kf;14801921;Tuve-Säve, Säve;S;327;458
2006;kf;14801921;Tuve-Säve, Säve;V;43;44
2006;kf;14801921;Tuve-Säve, Säve;MP;55;63
2006;kf;14801921;Tuve-Säve, Säve;VÄGV;188;
2006;kf;14801921;Tuve-Säve, Säve;SD;101;79
2006;kf;14801921;Tuve-Säve, Säve;K;7;10
2006;kf;14801921;Tuve-Säve, Säve;FI;3;10
2006;kf;14801921;Tuve-Säve, Säve;1016;2;
2006;kf;14801921;Tuve-Säve, Säve;PP;2;
2006;kf;14801921;Tuve-Säve, Säve;SOC.P;2;1
2006;kf;14801921;Tuve-Säve, Säve;ND;0;1
2006;kf;14801921;Tuve-Säve, Säve;SPI;0;1
2006;kf;14801921;Tuve-Säve, Säve;HANDSKRIVNA;2;2
2006;kf;14801921;Tuve-Säve, Säve;BLANK;9;21
2006;kf;14801921;Tuve-Säve, Säve;OG;0;
2006;kf;14801912;Tuve-Säve, Tuve;M;333;309
2006;kf;14801912;Tuve-Säve, Tuve;C;13;50
2006;kf;14801912;Tuve-Säve, Tuve;L;104;133
2006;kf;14801912;Tuve-Säve, Tuve;KD;44;87
2006;kf;14801912;Tuve-Säve, Tuve;S;370;459
2006;kf;14801912;Tuve-Säve, Tuve;V;67;60
2006;kf;14801912;Tuve-Säve, Tuve;MP;84;55
2006;kf;14801912;Tuve-Säve, Tuve;VÄGV;186;
2006;kf;14801912;Tuve-Säve, Tuve;SD;71;46
2006;kf;14801912;Tuve-Säve, Tuve;SOC.P;5;3
2006;kf;14801912;Tuve-Säve, Tuve;FI;4;6
2006;kf;14801912;Tuve-Säve, Tuve;K;3;5
2006;kf;14801912;Tuve-Säve, Tuve;1016;2;
2006;kf;14801912;Tuve-Säve, Tuve;PP;2;
2006;kf;14801912;Tuve-Säve, Tuve;RS;2;
2006;kf;14801912;Tuve-Säve, Tuve;ND;0;1
2006;kf;14801912;Tuve-Säve, Tuve;SPI;0;4
2006;kf;14801912;Tuve-Säve, Tuve;HANDSKRIVNA;3;
2006;kf;14801912;Tuve-Säve, Tuve;BLANK;6;19
2006;kf;14801912;Tuve-Säve, Tuve;OG;0;
2006;kf;14801911;Tuve-Säve, Tången;M;260;267
2006;kf;14801911;Tuve-Säve, Tången;C;23;45
2006;kf;14801911;Tuve-Säve, Tången;L;106;127
2006;kf;14801911;Tuve-Säve, Tången;KD;39;74
2006;kf;14801911;Tuve-Säve, Tången;S;316;415
2006;kf;14801911;Tuve-Säve, Tången;V;23;34
2006;kf;14801911;Tuve-Säve, Tången;MP;70;50
2006;kf;14801911;Tuve-Säve, Tången;VÄGV;173;
2006;kf;14801911;Tuve-Säve, Tången;SD;45;34
2006;kf;14801911;Tuve-Säve, Tången;K;7;10
2006;kf;14801911;Tuve-Säve, Tången;PP;5;
2006;kf;14801911;Tuve-Säve, Tången;1016;3;
2006;kf;14801911;Tuve-Säve, Tången;FI;1;2
2006;kf;14801911;Tuve-Säve, Tången;SOC.P;1;4
2006;kf;14801911;Tuve-Säve, Tången;SPI;0;1
2006;kf;14801911;Tuve-Säve, Tången;HANDSKRIVNA;1;
2006;kf;14801911;Tuve-Säve, Tången;BLANK;5;5
2006;kf;14801911;Tuve-Säve, Tången;OG;0;2
2006;kf;14800001;Onsdagsdistrikt;M;337;238
2006;kf;14800001;Onsdagsdistrikt;C;47;29
2006;kf;14800001;Onsdagsdistrikt;L;111;98
2006;kf;14800001;Onsdagsdistrikt;KD;41;38
2006;kf;14800001;Onsdagsdistrikt;S;568;469
2006;kf;14800001;Onsdagsdistrikt;V;136;112
2006;kf;14800001;Onsdagsdistrikt;MP;205;143
2006;kf;14800001;Onsdagsdistrikt;VÄGV;59;
2006;kf;14800001;Onsdagsdistrikt;SD;82;29
2006;kf;14800001;Onsdagsdistrikt;FI;34;31
2006;kf;14800001;Onsdagsdistrikt;PP;16;
2006;kf;14800001;Onsdagsdistrikt;K;7;7
2006;kf;14800001;Onsdagsdistrikt;RS;6;
2006;kf;14800001;Onsdagsdistrikt;SOC.P;3;3
2006;kf;14800001;Onsdagsdistrikt;1027;2;
2006;kf;14800001;Onsdagsdistrikt;SPI;0;4
2006;kf;14800001;Onsdagsdistrikt;HANDSKRIVNA;2;4
2006;kf;14800001;Onsdagsdistrikt;BLANK;45;43
2006;kf;14800001;Onsdagsdistrikt;OG;1;2
2006;kf;14801313;Askim, Askim;M;478;403
2006;kf;14801313;Askim, Askim;C;19;22
2006;kf;14801313;Askim, Askim;L;114;115
2006;kf;14801313;Askim, Askim;KD;44;66
2006;kf;14801313;Askim, Askim;S;130;179
2006;kf;14801313;Askim, Askim;V;17;23
2006;kf;14801313;Askim, Askim;MP;41;44
2006;kf;14801313;Askim, Askim;VÄGV;38;
2006;kf;14801313;Askim, Askim;SD;31;17
2006;kf;14801313;Askim, Askim;PP;6;
2006;kf;14801313;Askim, Askim;K;4;2
2006;kf;14801313;Askim, Askim;FI;3;2
2006;kf;14801313;Askim, Askim;SPI;0;3
2006;kf;14801313;Askim, Askim;BLANK;2;3
2006;kf;14801313;Askim, Askim;OG;0;
2006;kf;14801331;Askim, Billdal;M;833;693
2006;kf;14801331;Askim, Billdal;C;51;58
2006;kf;14801331;Askim, Billdal;L;243;237
2006;kf;14801331;Askim, Billdal;KD;92;135
2006;kf;14801331;Askim, Billdal;S;170;255
2006;kf;14801331;Askim, Billdal;V;23;25
2006;kf;14801331;Askim, Billdal;MP;109;68
2006;kf;14801331;Askim, Billdal;VÄGV;61;
2006;kf;14801331;Askim, Billdal;SD;33;24
2006;kf;14801331;Askim, Billdal;PP;6;
2006;kf;14801331;Askim, Billdal;FI;2;6
2006;kf;14801331;Askim, Billdal;SOC.P;2;1
2006;kf;14801331;Askim, Billdal;1016;1;
2006;kf;14801331;Askim, Billdal;K;0;2
2006;kf;14801331;Askim, Billdal;SPI;0;1
2006;kf;14801331;Askim, Billdal;HANDSKRIVNA;3;
2006;kf;14801331;Askim, Billdal;BLANK;4;9
2006;kf;14801331;Askim, Billdal;OG;0;
2006;kf;14801334;Askim, Brottkärr;M;466;419
2006;kf;14801334;Askim, Brottkärr;C;23;19
2006;kf;14801334;Askim, Brottkärr;L;100;96
2006;kf;14801334;Askim, Brottkärr;KD;40;52
2006;kf;14801334;Askim, Brottkärr;S;35;54
2006;kf;14801334;Askim, Brottkärr;V;2;4
2006;kf;14801334;Askim, Brottkärr;MP;10;19
2006;kf;14801334;Askim, Brottkärr;VÄGV;37;
2006;kf;14801334;Askim, Brottkärr;SD;17;11
2006;kf;14801334;Askim, Brottkärr;FI;1;4
2006;kf;14801334;Askim, Brottkärr;SOC.P;1;
2006;kf;14801334;Askim, Brottkärr;HANDSKRIVNA;0;1
2006;kf;14801334;Askim, Brottkärr;BLANK;1;2
2006;kf;14801334;Askim, Brottkärr;OG;1;
2006;kf;14801311;Askim, Hult;M;544;497
2006;kf;14801311;Askim, Hult;C;35;23
2006;kf;14801311;Askim, Hult;L;155;143
2006;kf;14801311;Askim, Hult;KD;60;85
2006;kf;14801311;Askim, Hult;S;150;225
2006;kf;14801311;Askim, Hult;V;13;18
2006;kf;14801311;Askim, Hult;MP;39;28
2006;kf;14801311;Askim, Hult;VÄGV;68;
2006;kf;14801311;Askim, Hult;SD;45;26
2006;kf;14801311;Askim, Hult;PP;6;
2006;kf;14801311;Askim, Hult;K;2;
2006;kf;14801311;Askim, Hult;1016;1;
2006;kf;14801311;Askim, Hult;FI;1;7
2006;kf;14801311;Askim, Hult;SOC.P;0;2
2006;kf;14801311;Askim, Hult;SPI;0;1
2006;kf;14801311;Askim, Hult;BLANK;4;13
2006;kf;14801311;Askim, Hult;OG;0;1
2006;kf;14801336;Askim, Lindås;M;570;518
2006;kf;14801336;Askim, Lindås;C;27;33
2006;kf;14801336;Askim, Lindås;L;166;171
2006;kf;14801336;Askim, Lindås;KD;76;87
2006;kf;14801336;Askim, Lindås;S;125;186
2006;kf;14801336;Askim, Lindås;V;9;15
2006;kf;14801336;Askim, Lindås;MP;35;21
2006;kf;14801336;Askim, Lindås;VÄGV;46;
2006;kf;14801336;Askim, Lindås;SD;25;9
2006;kf;14801336;Askim, Lindås;1016;4;
2006;kf;14801336;Askim, Lindås;K;2;1
2006;kf;14801336;Askim, Lindås;FI;1;1
2006;kf;14801336;Askim, Lindås;0450;0;1
2006;kf;14801336;Askim, Lindås;SPI;0;1
2006;kf;14801336;Askim, Lindås;BLANK;3;8
2006;kf;14801336;Askim, Lindås;OG;0;
2006;kf;14801335;Askim, Lyckhem;M;571;436
2006;kf;14801335;Askim, Lyckhem;C;20;13
2006;kf;14801335;Askim, Lyckhem;L;145;154
2006;kf;14801335;Askim, Lyckhem;KD;51;57
2006;kf;14801335;Askim, Lyckhem;S;125;153
2006;kf;14801335;Askim, Lyckhem;V;14;20
2006;kf;14801335;Askim, Lyckhem;MP;32;22
2006;kf;14801335;Askim, Lyckhem;VÄGV;46;
2006;kf;14801335;Askim, Lyckhem;SD;35;20
2006;kf;14801335;Askim, Lyckhem;FI;3;5
2006;kf;14801335;Askim, Lyckhem;SOC.P;3;1
2006;kf;14801335;Askim, Lyckhem;PP;2;
2006;kf;14801335;Askim, Lyckhem;SPI;0;3
2006;kf;14801335;Askim, Lyckhem;HANDSKRIVNA;0;1
2006;kf;14801335;Askim, Lyckhem;BLANK;5;7
2006;kf;14801335;Askim, Lyckhem;OG;0;
2006;kf;14801316;Askim, Norra Hovås;M;460;419
2006;kf;14801316;Askim, Norra Hovås;C;32;33
2006;kf;14801316;Askim, Norra Hovås;L;115;129
2006;kf;14801316;Askim, Norra Hovås;KD;54;77
2006;kf;14801316;Askim, Norra Hovås;S;119;166
2006;kf;14801316;Askim, Norra Hovås;V;19;21
2006;kf;14801316;Askim, Norra Hovås;MP;36;32
2006;kf;14801316;Askim, Norra Hovås;VÄGV;50;
2006;kf;14801316;Askim, Norra Hovås;SD;25;12
2006;kf;14801316;Askim, Norra Hovås;PP;9;
2006;kf;14801316;Askim, Norra Hovås;FI;0;2
2006;kf;14801316;Askim, Norra Hovås;K;0;3
2006;kf;14801316;Askim, Norra Hovås;SOC.P;0;5
2006;kf;14801316;Askim, Norra Hovås;SPI;0;1
2006;kf;14801316;Askim, Norra Hovås;HANDSKRIVNA;2;
2006;kf;14801316;Askim, Norra Hovås;BLANK;5;7
2006;kf;14801316;Askim, Norra Hovås;OG;0;
2006;kf;14801314;Askim, Norra Sisjön;M;508;444
2006;kf;14801314;Askim, Norra Sisjön;C;31;47
2006;kf;14801314;Askim, Norra Sisjön;L;126;139
2006;kf;14801314;Askim, Norra Sisjön;KD;47;75
2006;kf;14801314;Askim, Norra Sisjön;S;260;327
2006;kf;14801314;Askim, Norra Sisjön;V;47;50
2006;kf;14801314;Askim, Norra Sisjön;MP;70;54
2006;kf;14801314;Askim, Norra Sisjön;VÄGV;91;
2006;kf;14801314;Askim, Norra Sisjön;SD;72;38
2006;kf;14801314;Askim, Norra Sisjön;FI;6;6
2006;kf;14801314;Askim, Norra Sisjön;PP;4;
2006;kf;14801314;Askim, Norra Sisjön;K;3;8
2006;kf;14801314;Askim, Norra Sisjön;1016;2;
2006;kf;14801314;Askim, Norra Sisjön;SOC.P;1;2
2006;kf;14801314;Askim, Norra Sisjön;SPI;0;4
2006;kf;14801314;Askim, Norra Sisjön;HANDSKRIVNA;1;
2006;kf;14801314;Askim, Norra Sisjön;BLANK;7;14
2006;kf;14801314;Askim, Norra Sisjön;OG;0;
2006;kf;14801332;Askim, Nygård;M;526;487
2006;kf;14801332;Askim, Nygård;C;33;33
2006;kf;14801332;Askim, Nygård;L;146;133
2006;kf;14801332;Askim, Nygård;KD;61;92
2006;kf;14801332;Askim, Nygård;S;131;201
2006;kf;14801332;Askim, Nygård;V;18;13
2006;kf;14801332;Askim, Nygård;MP;72;38
2006;kf;14801332;Askim, Nygård;VÄGV;60;
2006;kf;14801332;Askim, Nygård;SD;33;19
2006;kf;14801332;Askim, Nygård;FI;7;4
2006;kf;14801332;Askim, Nygård;K;1;
2006;kf;14801332;Askim, Nygård;RS;1;
2006;kf;14801332;Askim, Nygård;SOC.P;0;1
2006;kf;14801332;Askim, Nygård;SPI;0;2
2006;kf;14801332;Askim, Nygård;HANDSKRIVNA;0;1
2006;kf;14801332;Askim, Nygård;BLANK;2;9
2006;kf;14801332;Askim, Nygård;OG;5;
2006;kf;14801312;Askim, Pilegården;M;262;220
2006;kf;14801312;Askim, Pilegården;C;12;19
2006;kf;14801312;Askim, Pilegården;L;49;78
2006;kf;14801312;Askim, Pilegården;KD;28;42
2006;kf;14801312;Askim, Pilegården;S;336;349
2006;kf;14801312;Askim, Pilegården;V;48;41
2006;kf;14801312;Askim, Pilegården;MP;75;54
2006;kf;14801312;Askim, Pilegården;VÄGV;45;
2006;kf;14801312;Askim, Pilegården;SD;66;42
2006;kf;14801312;Askim, Pilegården;PP;13;
2006;kf;14801312;Askim, Pilegården;1016;3;
2006;kf;14801312;Askim, Pilegården;K;3;4
2006;kf;14801312;Askim, Pilegården;SOC.P;3;3
2006;kf;14801312;Askim, Pilegården;FI;1;5
2006;kf;14801312;Askim, Pilegården;ND;0;1
2006;kf;14801312;Askim, Pilegården;BLANK;15;20
2006;kf;14801312;Askim, Pilegården;OG;0;
2006;kf;14801333;Askim, Skintebo;M;459;346
2006;kf;14801333;Askim, Skintebo;C;36;45
2006;kf;14801333;Askim, Skintebo;L;147;183
2006;kf;14801333;Askim, Skintebo;KD;42;70
2006;kf;14801333;Askim, Skintebo;S;181;259
2006;kf;14801333;Askim, Skintebo;V;23;30
2006;kf;14801333;Askim, Skintebo;MP;73;43
2006;kf;14801333;Askim, Skintebo;VÄGV;56;
2006;kf;14801333;Askim, Skintebo;SD;37;23
2006;kf;14801333;Askim, Skintebo;1016;3;
2006;kf;14801333;Askim, Skintebo;FI;3;7
2006;kf;14801333;Askim, Skintebo;K;2;1
2006;kf;14801333;Askim, Skintebo;HANDSKRIVNA;1;
2006;kf;14801333;Askim, Skintebo;BLANK;11;14
2006;kf;14801333;Askim, Skintebo;OG;0;1
2006;kf;14801321;Askim, Södra Hovås;M;605;522
2006;kf;14801321;Askim, Södra Hovås;C;10;18
2006;kf;14801321;Askim, Södra Hovås;L;101;90
2006;kf;14801321;Askim, Södra Hovås;KD;52;66
2006;kf;14801321;Askim, Södra Hovås;S;21;60
2006;kf;14801321;Askim, Södra Hovås;V;2;6
2006;kf;14801321;Askim, Södra Hovås;MP;18;5
2006;kf;14801321;Askim, Södra Hovås;VÄGV;34;
2006;kf;14801321;Askim, Södra Hovås;SD;16;13
2006;kf;14801321;Askim, Södra Hovås;FI;1;3
2006;kf;14801321;Askim, Södra Hovås;K;1;
2006;kf;14801321;Askim, Södra Hovås;PP;1;
2006;kf;14801321;Askim, Södra Hovås;SOC.P;1;
2006;kf;14801321;Askim, Södra Hovås;SPI;0;1
2006;kf;14801321;Askim, Södra Hovås;BLANK;3;2
2006;kf;14801321;Askim, Södra Hovås;OG;0;
2006;kf;14801315;Askim, Södra Sisjön;M;645;572
2006;kf;14801315;Askim, Södra Sisjön;C;49;33
2006;kf;14801315;Askim, Södra Sisjön;L;199;191
2006;kf;14801315;Askim, Södra Sisjön;KD;57;90
2006;kf;14801315;Askim, Södra Sisjön;S;184;263
2006;kf;14801315;Askim, Södra Sisjön;V;15;15
2006;kf;14801315;Askim, Södra Sisjön;MP;67;40
2006;kf;14801315;Askim, Södra Sisjön;VÄGV;68;
2006;kf;14801315;Askim, Södra Sisjön;SD;41;26
2006;kf;14801315;Askim, Södra Sisjön;FI;7;3
2006;kf;14801315;Askim, Södra Sisjön;PP;6;
2006;kf;14801315;Askim, Södra Sisjön;1016;1;
2006;kf;14801315;Askim, Södra Sisjön;K;1;1
2006;kf;14801315;Askim, Södra Sisjön;RS;1;
2006;kf;14801315;Askim, Södra Sisjön;SOC.P;0;4
2006;kf;14801315;Askim, Södra Sisjön;SPI;0;4
2006;kf;14801315;Askim, Södra Sisjön;BLANK;5;14
2006;kf;14801315;Askim, Södra Sisjön;OG;0;
2006;kf;14801322;Askim, Trollåsen;M;727;623
2006;kf;14801322;Askim, Trollåsen;C;51;34
2006;kf;14801322;Askim, Trollåsen;L;145;148
2006;kf;14801322;Askim, Trollåsen;KD;46;55
2006;kf;14801322;Askim, Trollåsen;S;61;99
2006;kf;14801322;Askim, Trollåsen;V;14;12
2006;kf;14801322;Askim, Trollåsen;MP;33;16
2006;kf;14801322;Askim, Trollåsen;VÄGV;49;
2006;kf;14801322;Askim, Trollåsen;SD;21;5
2006;kf;14801322;Askim, Trollåsen;FI;3;1
2006;kf;14801322;Askim, Trollåsen;SOC.P;3;
2006;kf;14801322;Askim, Trollåsen;PP;1;
2006;kf;14801322;Askim, Trollåsen;0450;0;1
2006;kf;14801322;Askim, Trollåsen;HANDSKRIVNA;0;1
2006;kf;14801322;Askim, Trollåsen;BLANK;2;5
2006;kf;14801322;Askim, Trollåsen;OG;0;1
2006;kf;14801243;Frölunda, Frölunda;M;117;92
2006;kf;14801243;Frölunda, Frölunda;C;12;13
2006;kf;14801243;Frölunda, Frölunda;L;36;62
2006;kf;14801243;Frölunda, Frölunda;KD;28;29
2006;kf;14801243;Frölunda, Frölunda;S;359;400
2006;kf;14801243;Frölunda, Frölunda;V;47;61
2006;kf;14801243;Frölunda, Frölunda;MP;61;38
2006;kf;14801243;Frölunda, Frölunda;VÄGV;20;
2006;kf;14801243;Frölunda, Frölunda;SD;67;40
2006;kf;14801243;Frölunda, Frölunda;FI;6;
2006;kf;14801243;Frölunda, Frölunda;K;4;5
2006;kf;14801243;Frölunda, Frölunda;PP;4;
2006;kf;14801243;Frölunda, Frölunda;SOC.P;3;1
2006;kf;14801243;Frölunda, Frölunda;SPI;0;7
2006;kf;14801243;Frölunda, Frölunda;HANDSKRIVNA;2;2
2006;kf;14801243;Frölunda, Frölunda;BLANK;8;6
2006;kf;14801243;Frölunda, Frölunda;OG;0;
2006;kf;14801241;Frölunda, Frölunda torg;M;101;94
2006;kf;14801241;Frölunda, Frölunda torg;C;9;18
2006;kf;14801241;Frölunda, Frölunda torg;L;26;52
2006;kf;14801241;Frölunda, Frölunda torg;KD;14;41
2006;kf;14801241;Frölunda, Frölunda torg;S;398;359
2006;kf;14801241;Frölunda, Frölunda torg;V;56;69
2006;kf;14801241;Frölunda, Frölunda torg;MP;52;49
2006;kf;14801241;Frölunda, Frölunda torg;VÄGV;12;
2006;kf;14801241;Frölunda, Frölunda torg;SD;51;28
2006;kf;14801241;Frölunda, Frölunda torg;SOC.P;14;1
2006;kf;14801241;Frölunda, Frölunda torg;PP;8;
2006;kf;14801241;Frölunda, Frölunda torg;FI;4;3
2006;kf;14801241;Frölunda, Frölunda torg;1016;2;
2006;kf;14801241;Frölunda, Frölunda torg;RS;2;
2006;kf;14801241;Frölunda, Frölunda torg;K;1;5
2006;kf;14801241;Frölunda, Frölunda torg;0450;0;1
2006;kf;14801241;Frölunda, Frölunda torg;SPI;0;6
2006;kf;14801241;Frölunda, Frölunda torg;HANDSKRIVNA;1;3
2006;kf;14801241;Frölunda, Frölunda torg;BLANK;2;9
2006;kf;14801241;Frölunda, Frölunda torg;OG;0;
2006;kf;14801242;Frölunda, Gånglåten m fl;M;118;135
2006;kf;14801242;Frölunda, Gånglåten m fl;C;5;15
2006;kf;14801242;Frölunda, Gånglåten m fl;L;56;58
2006;kf;14801242;Frölunda, Gånglåten m fl;KD;45;80
2006;kf;14801242;Frölunda, Gånglåten m fl;S;648;590
2006;kf;14801242;Frölunda, Gånglåten m fl;V;121;109
2006;kf;14801242;Frölunda, Gånglåten m fl;MP;93;81
2006;kf;14801242;Frölunda, Gånglåten m fl;VÄGV;44;
2006;kf;14801242;Frölunda, Gånglåten m fl;SD;76;68
2006;kf;14801242;Frölunda, Gånglåten m fl;PP;11;
2006;kf;14801242;Frölunda, Gånglåten m fl;FI;7;16
2006;kf;14801242;Frölunda, Gånglåten m fl;K;7;7
2006;kf;14801242;Frölunda, Gånglåten m fl;SOC.P;7;5
2006;kf;14801242;Frölunda, Gånglåten m fl;1016;2;
2006;kf;14801242;Frölunda, Gånglåten m fl;RS;2;
2006;kf;14801242;Frölunda, Gånglåten m fl;SPI;0;2
2006;kf;14801242;Frölunda, Gånglåten m fl;HANDSKRIVNA;0;5
2006;kf;14801242;Frölunda, Gånglåten m fl;BLANK;12;13
2006;kf;14801242;Frölunda, Gånglåten m fl;OG;1;
2006;kf;14801221;Frölunda, Ruddalen;M;311;
2006;kf;14801221;Frölunda, Ruddalen;C;22;
2006;kf;14801221;Frölunda, Ruddalen;L;105;
2006;kf;14801221;Frölunda, Ruddalen;KD;77;
2006;kf;14801221;Frölunda, Ruddalen;S;539;
2006;kf;14801221;Frölunda, Ruddalen;V;81;
2006;kf;14801221;Frölunda, Ruddalen;MP;70;
2006;kf;14801221;Frölunda, Ruddalen;VÄGV;65;
2006;kf;14801221;Frölunda, Ruddalen;SD;98;
2006;kf;14801221;Frölunda, Ruddalen;K;11;
2006;kf;14801221;Frölunda, Ruddalen;FI;6;
2006;kf;14801221;Frölunda, Ruddalen;PP;5;
2006;kf;14801221;Frölunda, Ruddalen;SOC.P;4;
2006;kf;14801221;Frölunda, Ruddalen;1016;2;
2006;kf;14801221;Frölunda, Ruddalen;RS;2;
2006;kf;14801221;Frölunda, Ruddalen;SPI;0;
2006;kf;14801221;Frölunda, Ruddalen;HANDSKRIVNA;0;
2006;kf;14801221;Frölunda, Ruddalen;BLANK;9;
2006;kf;14801221;Frölunda, Ruddalen;OG;1;
2006;kf;14801212;Frölunda, Spinetten;M;96;88
2006;kf;14801212;Frölunda, Spinetten;C;7;12
2006;kf;14801212;Frölunda, Spinetten;L;44;42
2006;kf;14801212;Frölunda, Spinetten;KD;22;42
2006;kf;14801212;Frölunda, Spinetten;S;292;318
2006;kf;14801212;Frölunda, Spinetten;V;68;57
2006;kf;14801212;Frölunda, Spinetten;MP;34;24
2006;kf;14801212;Frölunda, Spinetten;VÄGV;30;
2006;kf;14801212;Frölunda, Spinetten;SD;58;34
2006;kf;14801212;Frölunda, Spinetten;PP;7;
2006;kf;14801212;Frölunda, Spinetten;K;4;3
2006;kf;14801212;Frölunda, Spinetten;FI;3;3
2006;kf;14801212;Frölunda, Spinetten;1016;2;
2006;kf;14801212;Frölunda, Spinetten;SOC.P;2;
2006;kf;14801212;Frölunda, Spinetten;RS;1;
2006;kf;14801212;Frölunda, Spinetten;ND;0;1
2006;kf;14801212;Frölunda, Spinetten;SPI;0;1
2006;kf;14801212;Frölunda, Spinetten;HANDSKRIVNA;2;
2006;kf;14801212;Frölunda, Spinetten;BLANK;4;14
2006;kf;14801212;Frölunda, Spinetten;OG;0;
2006;kf;14801211;Frölunda, Tofta;M;149;121
2006;kf;14801211;Frölunda, Tofta;C;3;11
2006;kf;14801211;Frölunda, Tofta;L;52;67
2006;kf;14801211;Frölunda, Tofta;KD;48;36
2006;kf;14801211;Frölunda, Tofta;S;305;392
2006;kf;14801211;Frölunda, Tofta;V;57;61
2006;kf;14801211;Frölunda, Tofta;MP;42;31
2006;kf;14801211;Frölunda, Tofta;VÄGV;26;
2006;kf;14801211;Frölunda, Tofta;SD;64;39
2006;kf;14801211;Frölunda, Tofta;SOC.P;6;2
2006;kf;14801211;Frölunda, Tofta;FI;3;5
2006;kf;14801211;Frölunda, Tofta;K;3;3
2006;kf;14801211;Frölunda, Tofta;1016;1;
2006;kf;14801211;Frölunda, Tofta;PP;1;
2006;kf;14801211;Frölunda, Tofta;ND;0;3
2006;kf;14801211;Frölunda, Tofta;SPI;0;11
2006;kf;14801211;Frölunda, Tofta;HANDSKRIVNA;2;
2006;kf;14801211;Frölunda, Tofta;BLANK;4;4
2006;kf;14801211;Frölunda, Tofta;OG;0;
2006;kf;14801231;Frölunda, Västra Järnbrott;M;247;217
2006;kf;14801231;Frölunda, Västra Järnbrott;C;15;32
2006;kf;14801231;Frölunda, Västra Järnbrott;L;104;114
2006;kf;14801231;Frölunda, Västra Järnbrott;KD;43;68
2006;kf;14801231;Frölunda, Västra Järnbrott;S;392;406
2006;kf;14801231;Frölunda, Västra Järnbrott;V;65;76
2006;kf;14801231;Frölunda, Västra Järnbrott;MP;105;75
2006;kf;14801231;Frölunda, Västra Järnbrott;VÄGV;44;
2006;kf;14801231;Frölunda, Västra Järnbrott;SD;81;51
2006;kf;14801231;Frölunda, Västra Järnbrott;PP;12;
2006;kf;14801231;Frölunda, Västra Järnbrott;FI;8;10
2006;kf;14801231;Frölunda, Västra Järnbrott;SOC.P;8;7
2006;kf;14801231;Frölunda, Västra Järnbrott;K;7;5
2006;kf;14801231;Frölunda, Västra Järnbrott;1016;3;
2006;kf;14801231;Frölunda, Västra Järnbrott;RS;3;
2006;kf;14801231;Frölunda, Västra Järnbrott;SPI;0;2
2006;kf;14801231;Frölunda, Västra Järnbrott;HANDSKRIVNA;2;1
2006;kf;14801231;Frölunda, Västra Järnbrott;BLANK;12;22
2006;kf;14801231;Frölunda, Västra Järnbrott;OG;2;1
2006;kf;14801232;Frölunda, Östra Järnbrott;M;215;195
2006;kf;14801232;Frölunda, Östra Järnbrott;C;12;19
2006;kf;14801232;Frölunda, Östra Järnbrott;L;80;90
2006;kf;14801232;Frölunda, Östra Järnbrott;KD;25;49
2006;kf;14801232;Frölunda, Östra Järnbrott;S;441;465
2006;kf;14801232;Frölunda, Östra Järnbrott;V;69;86
2006;kf;14801232;Frölunda, Östra Järnbrott;MP;74;54
2006;kf;14801232;Frölunda, Östra Järnbrott;VÄGV;58;
2006;kf;14801232;Frölunda, Östra Järnbrott;SD;66;31
2006;kf;14801232;Frölunda, Östra Järnbrott;PP;11;
2006;kf;14801232;Frölunda, Östra Järnbrott;FI;7;5
2006;kf;14801232;Frölunda, Östra Järnbrott;1016;6;
2006;kf;14801232;Frölunda, Östra Järnbrott;SOC.P;3;2
2006;kf;14801232;Frölunda, Östra Järnbrott;K;2;5
2006;kf;14801232;Frölunda, Östra Järnbrott;RS;1;
2006;kf;14801232;Frölunda, Östra Järnbrott;ND;0;1
2006;kf;14801232;Frölunda, Östra Järnbrott;SPI;0;2
2006;kf;14801232;Frölunda, Östra Järnbrott;HANDSKRIVNA;0;2
2006;kf;14801232;Frölunda, Östra Järnbrott;BLANK;12;19
2006;kf;14801232;Frölunda, Östra Järnbrott;OG;0;1
2006;kf;14801041;Högsbo, Högsbo;M;117;139
2006;kf;14801041;Högsbo, Högsbo;C;16;19
2006;kf;14801041;Högsbo, Högsbo;L;48;62
2006;kf;14801041;Högsbo, Högsbo;KD;33;61
2006;kf;14801041;Högsbo, Högsbo;S;370;443
2006;kf;14801041;Högsbo, Högsbo;V;131;74
2006;kf;14801041;Högsbo, Högsbo;MP;110;74
2006;kf;14801041;Högsbo, Högsbo;VÄGV;28;
2006;kf;14801041;Högsbo, Högsbo;SD;75;39
2006;kf;14801041;Högsbo, Högsbo;K;15;16
2006;kf;14801041;Högsbo, Högsbo;FI;13;14
2006;kf;14801041;Högsbo, Högsbo;PP;9;
2006;kf;14801041;Högsbo, Högsbo;SOC.P;9;8
2006;kf;14801041;Högsbo, Högsbo;RS;3;
2006;kf;14801041;Högsbo, Högsbo;1016;2;
2006;kf;14801041;Högsbo, Högsbo;ND;0;2
2006;kf;14801041;Högsbo, Högsbo;SPI;0;3
2006;kf;14801041;Högsbo, Högsbo;HANDSKRIVNA;1;2
2006;kf;14801041;Högsbo, Högsbo;BLANK;7;16
2006;kf;14801041;Högsbo, Högsbo;OG;2;
2006;kf;14801043;Högsbo, Marklandsgatan m fl;M;265;229
2006;kf;14801043;Högsbo, Marklandsgatan m fl;C;22;30
2006;kf;14801043;Högsbo, Marklandsgatan m fl;L;75;118
2006;kf;14801043;Högsbo, Marklandsgatan m fl;KD;50;77
2006;kf;14801043;Högsbo, Marklandsgatan m fl;S;356;438
2006;kf;14801043;Högsbo, Marklandsgatan m fl;V;88;74
2006;kf;14801043;Högsbo, Marklandsgatan m fl;MP;145;88
2006;kf;14801043;Högsbo, Marklandsgatan m fl;VÄGV;39;
2006;kf;14801043;Högsbo, Marklandsgatan m fl;SD;43;29
2006;kf;14801043;Högsbo, Marklandsgatan m fl;FI;21;18
2006;kf;14801043;Högsbo, Marklandsgatan m fl;PP;11;
2006;kf;14801043;Högsbo, Marklandsgatan m fl;K;6;8
2006;kf;14801043;Högsbo, Marklandsgatan m fl;1016;4;
2006;kf;14801043;Högsbo, Marklandsgatan m fl;SOC.P;3;4
2006;kf;14801043;Högsbo, Marklandsgatan m fl;RS;1;
2006;kf;14801043;Högsbo, Marklandsgatan m fl;0450;0;1
2006;kf;14801043;Högsbo, Marklandsgatan m fl;SPI;0;6
2006;kf;14801043;Högsbo, Marklandsgatan m fl;HANDSKRIVNA;5;1
2006;kf;14801043;Högsbo, Marklandsgatan m fl;BLANK;6;14
2006;kf;14801043;Högsbo, Marklandsgatan m fl;OG;0;2
2006;kf;14801032;Högsbo, Norra Högsbohöjd;M;160;115
2006;kf;14801032;Högsbo, Norra Högsbohöjd;C;17;32
2006;kf;14801032;Högsbo, Norra Högsbohöjd;L;66;88
2006;kf;14801032;Högsbo, Norra Högsbohöjd;KD;31;43
2006;kf;14801032;Högsbo, Norra Högsbohöjd;S;373;407
2006;kf;14801032;Högsbo, Norra Högsbohöjd;V;142;131
2006;kf;14801032;Högsbo, Norra Högsbohöjd;MP;160;122
2006;kf;14801032;Högsbo, Norra Högsbohöjd;VÄGV;37;
2006;kf;14801032;Högsbo, Norra Högsbohöjd;SD;52;38
2006;kf;14801032;Högsbo, Norra Högsbohöjd;1016;33;
2006;kf;14801032;Högsbo, Norra Högsbohöjd;K;21;21
2006;kf;14801032;Högsbo, Norra Högsbohöjd;FI;20;26
2006;kf;14801032;Högsbo, Norra Högsbohöjd;PP;11;
2006;kf;14801032;Högsbo, Norra Högsbohöjd;RS;3;
2006;kf;14801032;Högsbo, Norra Högsbohöjd;SOC.P;3;1
2006;kf;14801032;Högsbo, Norra Högsbohöjd;ND;0;1
2006;kf;14801032;Högsbo, Norra Högsbohöjd;SPI;0;4
2006;kf;14801032;Högsbo, Norra Högsbohöjd;HANDSKRIVNA;1;1
2006;kf;14801032;Högsbo, Norra Högsbohöjd;BLANK;7;29
2006;kf;14801032;Högsbo, Norra Högsbohöjd;OG;0;1
2006;kf;14801012;Högsbo, Norra Kaverös;M;278;207
2006;kf;14801012;Högsbo, Norra Kaverös;C;37;30
2006;kf;14801012;Högsbo, Norra Kaverös;L;110;118
2006;kf;14801012;Högsbo, Norra Kaverös;KD;50;79
2006;kf;14801012;Högsbo, Norra Kaverös;S;503;545
2006;kf;14801012;Högsbo, Norra Kaverös;V;130;109
2006;kf;14801012;Högsbo, Norra Kaverös;MP;140;89
2006;kf;14801012;Högsbo, Norra Kaverös;VÄGV;59;
2006;kf;14801012;Högsbo, Norra Kaverös;SD;71;41
2006;kf;14801012;Högsbo, Norra Kaverös;1016;57;
2006;kf;14801012;Högsbo, Norra Kaverös;FI;20;15
2006;kf;14801012;Högsbo, Norra Kaverös;K;11;11
2006;kf;14801012;Högsbo, Norra Kaverös;PP;10;
2006;kf;14801012;Högsbo, Norra Kaverös;RS;2;
2006;kf;14801012;Högsbo, Norra Kaverös;SOC.P;2;1
2006;kf;14801012;Högsbo, Norra Kaverös;0450;0;1
2006;kf;14801012;Högsbo, Norra Kaverös;ND;0;2
2006;kf;14801012;Högsbo, Norra Kaverös;SPI;0;2
2006;kf;14801012;Högsbo, Norra Kaverös;BLANK;17;22
2006;kf;14801012;Högsbo, Norra Kaverös;OG;0;
2006;kf;14801031;Högsbo, Södra Högsbohöjd;M;205;199
2006;kf;14801031;Högsbo, Södra Högsbohöjd;C;24;33
2006;kf;14801031;Högsbo, Södra Högsbohöjd;L;93;103
2006;kf;14801031;Högsbo, Södra Högsbohöjd;KD;33;59
2006;kf;14801031;Högsbo, Södra Högsbohöjd;S;385;480
2006;kf;14801031;Högsbo, Södra Högsbohöjd;V;123;95
2006;kf;14801031;Högsbo, Södra Högsbohöjd;MP;144;88
2006;kf;14801031;Högsbo, Södra Högsbohöjd;VÄGV;43;
2006;kf;14801031;Högsbo, Södra Högsbohöjd;SD;53;31
2006;kf;14801031;Högsbo, Södra Högsbohöjd;1016;24;
2006;kf;14801031;Högsbo, Södra Högsbohöjd;FI;19;20
2006;kf;14801031;Högsbo, Södra Högsbohöjd;K;16;13
2006;kf;14801031;Högsbo, Södra Högsbohöjd;SOC.P;5;3
2006;kf;14801031;Högsbo, Södra Högsbohöjd;PP;3;
2006;kf;14801031;Högsbo, Södra Högsbohöjd;RS;1;
2006;kf;14801031;Högsbo, Södra Högsbohöjd;ND;0;1
2006;kf;14801031;Högsbo, Södra Högsbohöjd;SPI;0;3
2006;kf;14801031;Högsbo, Södra Högsbohöjd;HANDSKRIVNA;0;2
2006;kf;14801031;Högsbo, Södra Högsbohöjd;BLANK;11;26
2006;kf;14801031;Högsbo, Södra Högsbohöjd;OG;1;1
2006;kf;14801011;Högsbo, Södra Kaverös;M;272;195
2006;kf;14801011;Högsbo, Södra Kaverös;C;32;39
2006;kf;14801011;Högsbo, Södra Kaverös;L;111;119
2006;kf;14801011;Högsbo, Södra Kaverös;KD;54;77
2006;kf;14801011;Högsbo, Södra Kaverös;S;444;531
2006;kf;14801011;Högsbo, Södra Kaverös;V;74;78
2006;kf;14801011;Högsbo, Södra Kaverös;MP;108;89
2006;kf;14801011;Högsbo, Södra Kaverös;VÄGV;61;
2006;kf;14801011;Högsbo, Södra Kaverös;SD;76;49
2006;kf;14801011;Högsbo, Södra Kaverös;FI;10;10
2006;kf;14801011;Högsbo, Södra Kaverös;1016;9;
2006;kf;14801011;Högsbo, Södra Kaverös;PP;9;
2006;kf;14801011;Högsbo, Södra Kaverös;K;8;12
2006;kf;14801011;Högsbo, Södra Kaverös;0450;1;
2006;kf;14801011;Högsbo, Södra Kaverös;ND;0;3
2006;kf;14801011;Högsbo, Södra Kaverös;SOC.P;0;2
2006;kf;14801011;Högsbo, Södra Kaverös;SPI;0;6
2006;kf;14801011;Högsbo, Södra Kaverös;HANDSKRIVNA;3;
2006;kf;14801011;Högsbo, Södra Kaverös;BLANK;11;11
2006;kf;14801011;Högsbo, Södra Kaverös;OG;2;3
2006;kf;14801022;Högsbo, Västra Flatås;M;272;236
2006;kf;14801022;Högsbo, Västra Flatås;C;19;27
2006;kf;14801022;Högsbo, Västra Flatås;L;111;152
2006;kf;14801022;Högsbo, Västra Flatås;KD;44;67
2006;kf;14801022;Högsbo, Västra Flatås;S;413;474
2006;kf;14801022;Högsbo, Västra Flatås;V;64;64
2006;kf;14801022;Högsbo, Västra Flatås;MP;100;64
2006;kf;14801022;Högsbo, Västra Flatås;VÄGV;58;
2006;kf;14801022;Högsbo, Västra Flatås;SD;71;45
2006;kf;14801022;Högsbo, Västra Flatås;PP;13;
2006;kf;14801022;Högsbo, Västra Flatås;K;12;13
2006;kf;14801022;Högsbo, Västra Flatås;FI;11;14
2006;kf;14801022;Högsbo, Västra Flatås;1016;8;
2006;kf;14801022;Högsbo, Västra Flatås;RS;5;
2006;kf;14801022;Högsbo, Västra Flatås;SOC.P;3;1
2006;kf;14801022;Högsbo, Västra Flatås;0450;0;1
2006;kf;14801022;Högsbo, Västra Flatås;SPI;0;4
2006;kf;14801022;Högsbo, Västra Flatås;HANDSKRIVNA;0;2
2006;kf;14801022;Högsbo, Västra Flatås;BLANK;23;12
2006;kf;14801022;Högsbo, Västra Flatås;OG;2;3
2006;kf;14801042;Högsbo, Västra Högsbotorp;M;188;112
2006;kf;14801042;Högsbo, Västra Högsbotorp;C;24;21
2006;kf;14801042;Högsbo, Västra Högsbotorp;L;73;67
2006;kf;14801042;Högsbo, Västra Högsbotorp;KD;28;33
2006;kf;14801042;Högsbo, Västra Högsbotorp;S;325;343
2006;kf;14801042;Högsbo, Västra Högsbotorp;V;128;86
2006;kf;14801042;Högsbo, Västra Högsbotorp;MP;176;100
2006;kf;14801042;Högsbo, Västra Högsbotorp;VÄGV;39;
2006;kf;14801042;Högsbo, Västra Högsbotorp;SD;66;44
2006;kf;14801042;Högsbo, Västra Högsbotorp;FI;22;17
2006;kf;14801042;Högsbo, Västra Högsbotorp;K;19;13
2006;kf;14801042;Högsbo, Västra Högsbotorp;RS;7;
2006;kf;14801042;Högsbo, Västra Högsbotorp;1016;6;
2006;kf;14801042;Högsbo, Västra Högsbotorp;SOC.P;4;3
2006;kf;14801042;Högsbo, Västra Högsbotorp;PP;3;
2006;kf;14801042;Högsbo, Västra Högsbotorp;ND;0;1
2006;kf;14801042;Högsbo, Västra Högsbotorp;SPI;0;2
2006;kf;14801042;Högsbo, Västra Högsbotorp;HANDSKRIVNA;1;
2006;kf;14801042;Högsbo, Västra Högsbotorp;BLANK;12;7
2006;kf;14801042;Högsbo, Västra Högsbotorp;OG;0;1
2006;kf;14801021;Högsbo, Östra Flatås;M;198;155
2006;kf;14801021;Högsbo, Östra Flatås;C;16;17
2006;kf;14801021;Högsbo, Östra Flatås;L;59;78
2006;kf;14801021;Högsbo, Östra Flatås;KD;24;38
2006;kf;14801021;Högsbo, Östra Flatås;S;329;398
2006;kf;14801021;Högsbo, Östra Flatås;V;62;68
2006;kf;14801021;Högsbo, Östra Flatås;MP;92;51
2006;kf;14801021;Högsbo, Östra Flatås;VÄGV;45;
2006;kf;14801021;Högsbo, Östra Flatås;SD;59;37
2006;kf;14801021;Högsbo, Östra Flatås;1016;9;
2006;kf;14801021;Högsbo, Östra Flatås;K;7;8
2006;kf;14801021;Högsbo, Östra Flatås;PP;7;
2006;kf;14801021;Högsbo, Östra Flatås;FI;4;6
2006;kf;14801021;Högsbo, Östra Flatås;RS;4;
2006;kf;14801021;Högsbo, Östra Flatås;SOC.P;3;4
2006;kf;14801021;Högsbo, Östra Flatås;SPI;0;8
2006;kf;14801021;Högsbo, Östra Flatås;HANDSKRIVNA;1;
2006;kf;14801021;Högsbo, Östra Flatås;BLANK;18;34
2006;kf;14801021;Högsbo, Östra Flatås;OG;0;1
2006;kf;14801044;Högsbo, Östra Högsbotorp;M;253;215
2006;kf;14801044;Högsbo, Östra Högsbotorp;C;29;33
2006;kf;14801044;Högsbo, Östra Högsbotorp;L;80;85
2006;kf;14801044;Högsbo, Östra Högsbotorp;KD;34;42
2006;kf;14801044;Högsbo, Östra Högsbotorp;S;327;450
2006;kf;14801044;Högsbo, Östra Högsbotorp;V;85;72
2006;kf;14801044;Högsbo, Östra Högsbotorp;MP;121;75
2006;kf;14801044;Högsbo, Östra Högsbotorp;VÄGV;56;
2006;kf;14801044;Högsbo, Östra Högsbotorp;SD;63;37
2006;kf;14801044;Högsbo, Östra Högsbotorp;FI;12;10
2006;kf;14801044;Högsbo, Östra Högsbotorp;K;11;10
2006;kf;14801044;Högsbo, Östra Högsbotorp;PP;5;
2006;kf;14801044;Högsbo, Östra Högsbotorp;SOC.P;5;
2006;kf;14801044;Högsbo, Östra Högsbotorp;1016;3;
2006;kf;14801044;Högsbo, Östra Högsbotorp;SPI;0;2
2006;kf;14801044;Högsbo, Östra Högsbotorp;HANDSKRIVNA;0;4
2006;kf;14801044;Högsbo, Östra Högsbotorp;BLANK;14;12
2006;kf;14801044;Högsbo, Östra Högsbotorp;OG;0;
2006;kf;14800936;Majorna, Godhem;M;165;143
2006;kf;14800936;Majorna, Godhem;C;26;37
2006;kf;14800936;Majorna, Godhem;L;80;90
2006;kf;14800936;Majorna, Godhem;KD;38;48
2006;kf;14800936;Majorna, Godhem;S;243;265
2006;kf;14800936;Majorna, Godhem;V;168;124
2006;kf;14800936;Majorna, Godhem;MP;159;142
2006;kf;14800936;Majorna, Godhem;VÄGV;38;
2006;kf;14800936;Majorna, Godhem;SD;27;15
2006;kf;14800936;Majorna, Godhem;FI;30;30
2006;kf;14800936;Majorna, Godhem;K;25;30
2006;kf;14800936;Majorna, Godhem;PP;10;
2006;kf;14800936;Majorna, Godhem;SOC.P;9;5
2006;kf;14800936;Majorna, Godhem;1016;4;
2006;kf;14800936;Majorna, Godhem;RS;2;
2006;kf;14800936;Majorna, Godhem;HANDSKRIVNA;2;5
2006;kf;14800936;Majorna, Godhem;BLANK;6;14
2006;kf;14800936;Majorna, Godhem;OG;1;
2006;kf;14800934;Majorna, Gråberget;M;300;266
2006;kf;14800934;Majorna, Gråberget;C;23;37
2006;kf;14800934;Majorna, Gråberget;L;99;135
2006;kf;14800934;Majorna, Gråberget;KD;41;74
2006;kf;14800934;Majorna, Gråberget;S;327;415
2006;kf;14800934;Majorna, Gråberget;V;151;136
2006;kf;14800934;Majorna, Gråberget;MP;205;124
2006;kf;14800934;Majorna, Gråberget;VÄGV;78;
2006;kf;14800934;Majorna, Gråberget;SD;52;32
2006;kf;14800934;Majorna, Gråberget;FI;18;24
2006;kf;14800934;Majorna, Gråberget;K;18;18
2006;kf;14800934;Majorna, Gråberget;PP;4;
2006;kf;14800934;Majorna, Gråberget;RS;2;
2006;kf;14800934;Majorna, Gråberget;1016;1;
2006;kf;14800934;Majorna, Gråberget;SOC.P;1;4
2006;kf;14800934;Majorna, Gråberget;ND;0;2
2006;kf;14800934;Majorna, Gråberget;SPI;0;4
2006;kf;14800934;Majorna, Gråberget;BLANK;23;20
2006;kf;14800934;Majorna, Gråberget;OG;0;1
2006;kf;14800933;Majorna, Hängmattan;M;152;159
2006;kf;14800933;Majorna, Hängmattan;C;13;26
2006;kf;14800933;Majorna, Hängmattan;L;61;83
2006;kf;14800933;Majorna, Hängmattan;KD;21;20
2006;kf;14800933;Majorna, Hängmattan;S;274;291
2006;kf;14800933;Majorna, Hängmattan;V;133;114
2006;kf;14800933;Majorna, Hängmattan;MP;148;85
2006;kf;14800933;Majorna, Hängmattan;VÄGV;38;
2006;kf;14800933;Majorna, Hängmattan;SD;38;20
2006;kf;14800933;Majorna, Hängmattan;FI;26;14
2006;kf;14800933;Majorna, Hängmattan;K;12;24
2006;kf;14800933;Majorna, Hängmattan;SOC.P;5;1
2006;kf;14800933;Majorna, Hängmattan;PP;4;
2006;kf;14800933;Majorna, Hängmattan;RS;3;
2006;kf;14800933;Majorna, Hängmattan;1016;1;
2006;kf;14800933;Majorna, Hängmattan;1027;1;
2006;kf;14800933;Majorna, Hängmattan;SPI;0;2
2006;kf;14800933;Majorna, Hängmattan;HANDSKRIVNA;2;3
2006;kf;14800933;Majorna, Hängmattan;BLANK;6;8
2006;kf;14800933;Majorna, Hängmattan;OG;0;
2006;kf;14800916;Majorna, Klippan;M;245;126
2006;kf;14800916;Majorna, Klippan;C;26;28
2006;kf;14800916;Majorna, Klippan;L;77;73
2006;kf;14800916;Majorna, Klippan;KD;21;18
2006;kf;14800916;Majorna, Klippan;S;379;341
2006;kf;14800916;Majorna, Klippan;V;243;189
2006;kf;14800916;Majorna, Klippan;MP;260;183
2006;kf;14800916;Majorna, Klippan;VÄGV;27;
2006;kf;14800916;Majorna, Klippan;SD;45;24
2006;kf;14800916;Majorna, Klippan;FI;34;40
2006;kf;14800916;Majorna, Klippan;K;32;41
2006;kf;14800916;Majorna, Klippan;PP;8;
2006;kf;14800916;Majorna, Klippan;1016;7;
2006;kf;14800916;Majorna, Klippan;RS;4;
2006;kf;14800916;Majorna, Klippan;SOC.P;1;5
2006;kf;14800916;Majorna, Klippan;1027;1;
2006;kf;14800916;Majorna, Klippan;ND;0;3
2006;kf;14800916;Majorna, Klippan;HANDSKRIVNA;1;2
2006;kf;14800916;Majorna, Klippan;BLANK;24;23
2006;kf;14800916;Majorna, Klippan;OG;0;
2006;kf;14800913;Majorna, Kungsladugård;M;142;115
2006;kf;14800913;Majorna, Kungsladugård;C;24;36
2006;kf;14800913;Majorna, Kungsladugård;L;50;94
2006;kf;14800913;Majorna, Kungsladugård;KD;19;29
2006;kf;14800913;Majorna, Kungsladugård;S;294;304
2006;kf;14800913;Majorna, Kungsladugård;V;213;170
2006;kf;14800913;Majorna, Kungsladugård;MP;230;185
2006;kf;14800913;Majorna, Kungsladugård;VÄGV;44;
2006;kf;14800913;Majorna, Kungsladugård;SD;37;21
2006;kf;14800913;Majorna, Kungsladugård;FI;41;40
2006;kf;14800913;Majorna, Kungsladugård;K;33;27
2006;kf;14800913;Majorna, Kungsladugård;PP;10;
2006;kf;14800913;Majorna, Kungsladugård;SOC.P;4;9
2006;kf;14800913;Majorna, Kungsladugård;1016;2;
2006;kf;14800913;Majorna, Kungsladugård;RS;2;
2006;kf;14800913;Majorna, Kungsladugård;SPI;0;1
2006;kf;14800913;Majorna, Kungsladugård;HANDSKRIVNA;2;2
2006;kf;14800913;Majorna, Kungsladugård;BLANK;13;28
2006;kf;14800913;Majorna, Kungsladugård;OG;0;1
2006;kf;14800932;Majorna, Majorna;M;241;219
2006;kf;14800932;Majorna, Majorna;C;17;27
2006;kf;14800932;Majorna, Majorna;L;81;86
2006;kf;14800932;Majorna, Majorna;KD;31;49
2006;kf;14800932;Majorna, Majorna;S;283;305
2006;kf;14800932;Majorna, Majorna;V;116;90
2006;kf;14800932;Majorna, Majorna;MP;131;92
2006;kf;14800932;Majorna, Majorna;VÄGV;27;
2006;kf;14800932;Majorna, Majorna;SD;33;22
2006;kf;14800932;Majorna, Majorna;FI;22;28
2006;kf;14800932;Majorna, Majorna;K;12;22
2006;kf;14800932;Majorna, Majorna;PP;5;
2006;kf;14800932;Majorna, Majorna;SOC.P;4;5
2006;kf;14800932;Majorna, Majorna;1016;2;
2006;kf;14800932;Majorna, Majorna;ND;0;3
2006;kf;14800932;Majorna, Majorna;HANDSKRIVNA;2;
2006;kf;14800932;Majorna, Majorna;BLANK;10;10
2006;kf;14800932;Majorna, Majorna;OG;1;
2006;kf;14800914;Majorna, Mariaplan;M;113;126
2006;kf;14800914;Majorna, Mariaplan;C;24;27
2006;kf;14800914;Majorna, Mariaplan;L;43;63
2006;kf;14800914;Majorna, Mariaplan;KD;19;23
2006;kf;14800914;Majorna, Mariaplan;S;263;284
2006;kf;14800914;Majorna, Mariaplan;V;206;173
2006;kf;14800914;Majorna, Mariaplan;MP;248;199
2006;kf;14800914;Majorna, Mariaplan;VÄGV;25;
2006;kf;14800914;Majorna, Mariaplan;SD;41;23
2006;kf;14800914;Majorna, Mariaplan;FI;39;40
2006;kf;14800914;Majorna, Mariaplan;K;33;34
2006;kf;14800914;Majorna, Mariaplan;PP;12;
2006;kf;14800914;Majorna, Mariaplan;1016;4;
2006;kf;14800914;Majorna, Mariaplan;SOC.P;3;6
2006;kf;14800914;Majorna, Mariaplan;RS;1;1
2006;kf;14800914;Majorna, Mariaplan;ND;0;1
2006;kf;14800914;Majorna, Mariaplan;SPI;0;1
2006;kf;14800914;Majorna, Mariaplan;HANDSKRIVNA;1;1
2006;kf;14800914;Majorna, Mariaplan;BLANK;7;15
2006;kf;14800914;Majorna, Mariaplan;OG;0;
2006;kf;14800935;Majorna, Marieberg;M;178;172
2006;kf;14800935;Majorna, Marieberg;C;28;34
2006;kf;14800935;Majorna, Marieberg;L;94;124
2006;kf;14800935;Majorna, Marieberg;KD;24;39
2006;kf;14800935;Majorna, Marieberg;S;347;376
2006;kf;14800935;Majorna, Marieberg;V;268;222
2006;kf;14800935;Majorna, Marieberg;MP;308;225
2006;kf;14800935;Majorna, Marieberg;VÄGV;46;
2006;kf;14800935;Majorna, Marieberg;SD;39;27
2006;kf;14800935;Majorna, Marieberg;FI;75;62
2006;kf;14800935;Majorna, Marieberg;K;45;69
2006;kf;14800935;Majorna, Marieberg;SOC.P;10;9
2006;kf;14800935;Majorna, Marieberg;PP;8;
2006;kf;14800935;Majorna, Marieberg;RS;7;1
2006;kf;14800935;Majorna, Marieberg;1016;4;
2006;kf;14800935;Majorna, Marieberg;SPI;0;2
2006;kf;14800935;Majorna, Marieberg;HANDSKRIVNA;0;3
2006;kf;14800935;Majorna, Marieberg;BLANK;14;24
2006;kf;14800935;Majorna, Marieberg;OG;1;1
2006;kf;14800921;Majorna, Sandarne;M;196;163
2006;kf;14800921;Majorna, Sandarne;C;23;33
2006;kf;14800921;Majorna, Sandarne;L;72;88
2006;kf;14800921;Majorna, Sandarne;KD;26;34
2006;kf;14800921;Majorna, Sandarne;S;362;395
2006;kf;14800921;Majorna, Sandarne;V;191;208
2006;kf;14800921;Majorna, Sandarne;MP;199;157
2006;kf;14800921;Majorna, Sandarne;VÄGV;39;
2006;kf;14800921;Majorna, Sandarne;SD;80;43
2006;kf;14800921;Majorna, Sandarne;FI;52;34
2006;kf;14800921;Majorna, Sandarne;K;23;21
2006;kf;14800921;Majorna, Sandarne;PP;8;
2006;kf;14800921;Majorna, Sandarne;RS;7;1
2006;kf;14800921;Majorna, Sandarne;SOC.P;4;7
2006;kf;14800921;Majorna, Sandarne;1016;2;
2006;kf;14800921;Majorna, Sandarne;ND;0;1
2006;kf;14800921;Majorna, Sandarne;SPI;0;4
2006;kf;14800921;Majorna, Sandarne;HANDSKRIVNA;1;
2006;kf;14800921;Majorna, Sandarne;BLANK;10;29
2006;kf;14800921;Majorna, Sandarne;OG;0;2
2006;kf;14800915;Majorna, Silverkällan;M;127;132
2006;kf;14800915;Majorna, Silverkällan;C;21;25
2006;kf;14800915;Majorna, Silverkällan;L;55;78
2006;kf;14800915;Majorna, Silverkällan;KD;16;19
2006;kf;14800915;Majorna, Silverkällan;S;289;326
2006;kf;14800915;Majorna, Silverkällan;V;227;214
2006;kf;14800915;Majorna, Silverkällan;MP;264;230
2006;kf;14800915;Majorna, Silverkällan;VÄGV;39;
2006;kf;14800915;Majorna, Silverkällan;SD;35;24
2006;kf;14800915;Majorna, Silverkällan;FI;43;31
2006;kf;14800915;Majorna, Silverkällan;K;27;35
2006;kf;14800915;Majorna, Silverkällan;PP;9;
2006;kf;14800915;Majorna, Silverkällan;SOC.P;5;3
2006;kf;14800915;Majorna, Silverkällan;1016;2;
2006;kf;14800915;Majorna, Silverkällan;0450;1;
2006;kf;14800915;Majorna, Silverkällan;ND;0;3
2006;kf;14800915;Majorna, Silverkällan;SPI;0;1
2006;kf;14800915;Majorna, Silverkällan;HANDSKRIVNA;2;2
2006;kf;14800915;Majorna, Silverkällan;BLANK;17;24
2006;kf;14800915;Majorna, Silverkällan;OG;0;
2006;kf;14800912;Majorna, Skytteskogen;M;269;264
2006;kf;14800912;Majorna, Skytteskogen;C;34;42
2006;kf;14800912;Majorna, Skytteskogen;L;158;172
2006;kf;14800912;Majorna, Skytteskogen;KD;46;42
2006;kf;14800912;Majorna, Skytteskogen;S;282;309
2006;kf;14800912;Majorna, Skytteskogen;V;185;152
2006;kf;14800912;Majorna, Skytteskogen;MP;301;236
2006;kf;14800912;Majorna, Skytteskogen;VÄGV;34;
2006;kf;14800912;Majorna, Skytteskogen;SD;33;18
2006;kf;14800912;Majorna, Skytteskogen;FI;37;41
2006;kf;14800912;Majorna, Skytteskogen;K;21;19
2006;kf;14800912;Majorna, Skytteskogen;PP;3;
2006;kf;14800912;Majorna, Skytteskogen;SOC.P;2;8
2006;kf;14800912;Majorna, Skytteskogen;RS;1;
2006;kf;14800912;Majorna, Skytteskogen;0450;0;2
2006;kf;14800912;Majorna, Skytteskogen;SPI;0;1
2006;kf;14800912;Majorna, Skytteskogen;HANDSKRIVNA;2;
2006;kf;14800912;Majorna, Skytteskogen;BLANK;13;20
2006;kf;14800912;Majorna, Skytteskogen;OG;0;2
2006;kf;14800931;Majorna, Slottsskogsgatan m fl;M;281;273
2006;kf;14800931;Majorna, Slottsskogsgatan m fl;C;35;40
2006;kf;14800931;Majorna, Slottsskogsgatan m fl;L;111;121
2006;kf;14800931;Majorna, Slottsskogsgatan m fl;KD;39;55
2006;kf;14800931;Majorna, Slottsskogsgatan m fl;S;388;452
2006;kf;14800931;Majorna, Slottsskogsgatan m fl;V;159;134
2006;kf;14800931;Majorna, Slottsskogsgatan m fl;MP;207;168
2006;kf;14800931;Majorna, Slottsskogsgatan m fl;VÄGV;64;
2006;kf;14800931;Majorna, Slottsskogsgatan m fl;SD;62;35
2006;kf;14800931;Majorna, Slottsskogsgatan m fl;FI;44;26
2006;kf;14800931;Majorna, Slottsskogsgatan m fl;K;16;32
2006;kf;14800931;Majorna, Slottsskogsgatan m fl;PP;8;
2006;kf;14800931;Majorna, Slottsskogsgatan m fl;1016;4;
2006;kf;14800931;Majorna, Slottsskogsgatan m fl;RS;2;
2006;kf;14800931;Majorna, Slottsskogsgatan m fl;SOC.P;2;2
2006;kf;14800931;Majorna, Slottsskogsgatan m fl;SPI;0;7
2006;kf;14800931;Majorna, Slottsskogsgatan m fl;HANDSKRIVNA;4;3
2006;kf;14800931;Majorna, Slottsskogsgatan m fl;BLANK;9;30
2006;kf;14800931;Majorna, Slottsskogsgatan m fl;OG;0;2
2006;kf;14800911;Majorna, Svalebo;M;151;160
2006;kf;14800911;Majorna, Svalebo;C;27;35
2006;kf;14800911;Majorna, Svalebo;L;87;96
2006;kf;14800911;Majorna, Svalebo;KD;32;51
2006;kf;14800911;Majorna, Svalebo;S;228;281
2006;kf;14800911;Majorna, Svalebo;V;103;86
2006;kf;14800911;Majorna, Svalebo;MP;184;132
2006;kf;14800911;Majorna, Svalebo;VÄGV;29;
2006;kf;14800911;Majorna, Svalebo;SD;55;30
2006;kf;14800911;Majorna, Svalebo;K;20;19
2006;kf;14800911;Majorna, Svalebo;FI;19;26
2006;kf;14800911;Majorna, Svalebo;PP;5;
2006;kf;14800911;Majorna, Svalebo;1016;2;
2006;kf;14800911;Majorna, Svalebo;SOC.P;2;4
2006;kf;14800911;Majorna, Svalebo;0450;1;
2006;kf;14800911;Majorna, Svalebo;ND;0;1
2006;kf;14800911;Majorna, Svalebo;RS;0;2
2006;kf;14800911;Majorna, Svalebo;SPI;0;4
2006;kf;14800911;Majorna, Svalebo;HANDSKRIVNA;1;3
2006;kf;14800911;Majorna, Svalebo;BLANK;17;13
2006;kf;14800911;Majorna, Svalebo;OG;0;
2006;kf;14801513;Södra Skärgården, Brännö-Asperö;M;226;151
2006;kf;14801513;Södra Skärgården, Brännö-Asperö;C;13;28
2006;kf;14801513;Södra Skärgården, Brännö-Asperö;L;80;71
2006;kf;14801513;Södra Skärgården, Brännö-Asperö;KD;58;63
2006;kf;14801513;Södra Skärgården, Brännö-Asperö;S;184;212
2006;kf;14801513;Södra Skärgården, Brännö-Asperö;V;69;59
2006;kf;14801513;Södra Skärgården, Brännö-Asperö;MP;126;130
2006;kf;14801513;Södra Skärgården, Brännö-Asperö;VÄGV;17;
2006;kf;14801513;Södra Skärgården, Brännö-Asperö;SD;18;11
2006;kf;14801513;Södra Skärgården, Brännö-Asperö;FI;29;28
2006;kf;14801513;Södra Skärgården, Brännö-Asperö;K;5;3
2006;kf;14801513;Södra Skärgården, Brännö-Asperö;PP;3;
2006;kf;14801513;Södra Skärgården, Brännö-Asperö;1016;1;
2006;kf;14801513;Södra Skärgården, Brännö-Asperö;SOC.P;1;1
2006;kf;14801513;Södra Skärgården, Brännö-Asperö;ND;0;2
2006;kf;14801513;Södra Skärgården, Brännö-Asperö;SPI;0;3
2006;kf;14801513;Södra Skärgården, Brännö-Asperö;HANDSKRIVNA;2;
2006;kf;14801513;Södra Skärgården, Brännö-Asperö;BLANK;8;6
2006;kf;14801513;Södra Skärgården, Brännö-Asperö;OG;0;
2006;kf;14801511;Södra Skärgården, Donsö-Vrångö;M;217;154
2006;kf;14801511;Södra Skärgården, Donsö-Vrångö;C;57;40
2006;kf;14801511;Södra Skärgården, Donsö-Vrångö;L;138;155
2006;kf;14801511;Södra Skärgården, Donsö-Vrångö;KD;499;560
2006;kf;14801511;Södra Skärgården, Donsö-Vrångö;S;134;160
2006;kf;14801511;Södra Skärgården, Donsö-Vrångö;V;18;19
2006;kf;14801511;Södra Skärgården, Donsö-Vrångö;MP;39;23
2006;kf;14801511;Södra Skärgården, Donsö-Vrångö;VÄGV;22;
2006;kf;14801511;Södra Skärgården, Donsö-Vrångö;SD;37;18
2006;kf;14801511;Södra Skärgården, Donsö-Vrångö;K;6;3
2006;kf;14801511;Södra Skärgården, Donsö-Vrångö;FI;3;6
2006;kf;14801511;Södra Skärgården, Donsö-Vrångö;PP;2;
2006;kf;14801511;Södra Skärgården, Donsö-Vrångö;HANDSKRIVNA;0;1
2006;kf;14801511;Södra Skärgården, Donsö-Vrångö;BLANK;6;8
2006;kf;14801511;Södra Skärgården, Donsö-Vrångö;OG;1;
2006;kf;14801512;Södra Skärgården, Styrsö-Köpstadsö;M;274;174
2006;kf;14801512;Södra Skärgården, Styrsö-Köpstadsö;C;36;71
2006;kf;14801512;Södra Skärgården, Styrsö-Köpstadsö;L;108;149
2006;kf;14801512;Södra Skärgården, Styrsö-Köpstadsö;KD;123;150
2006;kf;14801512;Södra Skärgården, Styrsö-Köpstadsö;S;155;180
2006;kf;14801512;Södra Skärgården, Styrsö-Köpstadsö;V;77;63
2006;kf;14801512;Södra Skärgården, Styrsö-Köpstadsö;MP;87;66
2006;kf;14801512;Södra Skärgården, Styrsö-Köpstadsö;VÄGV;17;
2006;kf;14801512;Södra Skärgården, Styrsö-Köpstadsö;SD;24;23
2006;kf;14801512;Södra Skärgården, Styrsö-Köpstadsö;FI;20;19
2006;kf;14801512;Södra Skärgården, Styrsö-Köpstadsö;K;9;10
2006;kf;14801512;Södra Skärgården, Styrsö-Köpstadsö;1016;6;
2006;kf;14801512;Södra Skärgården, Styrsö-Köpstadsö;PP;6;
2006;kf;14801512;Södra Skärgården, Styrsö-Köpstadsö;SOC.P;1;
2006;kf;14801512;Södra Skärgården, Styrsö-Köpstadsö;SPI;0;2
2006;kf;14801512;Södra Skärgården, Styrsö-Köpstadsö;HANDSKRIVNA;0;1
2006;kf;14801512;Södra Skärgården, Styrsö-Köpstadsö;BLANK;12;15
2006;kf;14801512;Södra Skärgården, Styrsö-Köpstadsö;OG;0;
2006;kf;14801421;Tynnered, Beryllgatan-Guldringen;M;307;255
2006;kf;14801421;Tynnered, Beryllgatan-Guldringen;C;23;26
2006;kf;14801421;Tynnered, Beryllgatan-Guldringen;L;107;106
2006;kf;14801421;Tynnered, Beryllgatan-Guldringen;KD;114;128
2006;kf;14801421;Tynnered, Beryllgatan-Guldringen;S;533;691
2006;kf;14801421;Tynnered, Beryllgatan-Guldringen;V;74;82
2006;kf;14801421;Tynnered, Beryllgatan-Guldringen;MP;79;58
2006;kf;14801421;Tynnered, Beryllgatan-Guldringen;VÄGV;86;
2006;kf;14801421;Tynnered, Beryllgatan-Guldringen;SD;110;72
2006;kf;14801421;Tynnered, Beryllgatan-Guldringen;PP;14;
2006;kf;14801421;Tynnered, Beryllgatan-Guldringen;FI;5;8
2006;kf;14801421;Tynnered, Beryllgatan-Guldringen;K;5;9
2006;kf;14801421;Tynnered, Beryllgatan-Guldringen;0450;3;2
2006;kf;14801421;Tynnered, Beryllgatan-Guldringen;SOC.P;3;2
2006;kf;14801421;Tynnered, Beryllgatan-Guldringen;1016;2;
2006;kf;14801421;Tynnered, Beryllgatan-Guldringen;SPI;0;2
2006;kf;14801421;Tynnered, Beryllgatan-Guldringen;HANDSKRIVNA;1;1
2006;kf;14801421;Tynnered, Beryllgatan-Guldringen;BLANK;20;22
2006;kf;14801421;Tynnered, Beryllgatan-Guldringen;OG;3;
2006;kf;14801411;Tynnered, Bratthammar;M;668;579
2006;kf;14801411;Tynnered, Bratthammar;C;30;29
2006;kf;14801411;Tynnered, Bratthammar;L;206;201
2006;kf;14801411;Tynnered, Bratthammar;KD;172;223
2006;kf;14801411;Tynnered, Bratthammar;S;323;481
2006;kf;14801411;Tynnered, Bratthammar;V;35;41
2006;kf;14801411;Tynnered, Bratthammar;MP;73;48
2006;kf;14801411;Tynnered, Bratthammar;VÄGV;110;
2006;kf;14801411;Tynnered, Bratthammar;SD;45;25
2006;kf;14801411;Tynnered, Bratthammar;FI;7;7
2006;kf;14801411;Tynnered, Bratthammar;SOC.P;4;1
2006;kf;14801411;Tynnered, Bratthammar;PP;3;
2006;kf;14801411;Tynnered, Bratthammar;HANDSKRIVNA;1;
2006;kf;14801411;Tynnered, Bratthammar;BLANK;8;10
2006;kf;14801411;Tynnered, Bratthammar;OG;2;
2006;kf;14801461;Tynnered, Grevegården;M;128;128
2006;kf;14801461;Tynnered, Grevegården;C;12;22
2006;kf;14801461;Tynnered, Grevegården;L;44;67
2006;kf;14801461;Tynnered, Grevegården;KD;23;53
2006;kf;14801461;Tynnered, Grevegården;S;415;377
2006;kf;14801461;Tynnered, Grevegården;V;74;65
2006;kf;14801461;Tynnered, Grevegården;MP;85;43
2006;kf;14801461;Tynnered, Grevegården;VÄGV;37;
2006;kf;14801461;Tynnered, Grevegården;SD;57;39
2006;kf;14801461;Tynnered, Grevegården;K;9;15
2006;kf;14801461;Tynnered, Grevegården;FI;8;6
2006;kf;14801461;Tynnered, Grevegården;PP;4;
2006;kf;14801461;Tynnered, Grevegården;SOC.P;4;1
2006;kf;14801461;Tynnered, Grevegården;1016;3;
2006;kf;14801461;Tynnered, Grevegården;ND;0;1
2006;kf;14801461;Tynnered, Grevegården;SPI;0;6
2006;kf;14801461;Tynnered, Grevegården;HANDSKRIVNA;2;
2006;kf;14801461;Tynnered, Grevegården;BLANK;11;24
2006;kf;14801461;Tynnered, Grevegården;OG;0;
2006;kf;14801441;Tynnered, Korsåsen;M;207;191
2006;kf;14801441;Tynnered, Korsåsen;C;13;17
2006;kf;14801441;Tynnered, Korsåsen;L;62;78
2006;kf;14801441;Tynnered, Korsåsen;KD;48;70
2006;kf;14801441;Tynnered, Korsåsen;S;438;433
2006;kf;14801441;Tynnered, Korsåsen;V;51;58
2006;kf;14801441;Tynnered, Korsåsen;MP;62;48
2006;kf;14801441;Tynnered, Korsåsen;VÄGV;36;
2006;kf;14801441;Tynnered, Korsåsen;SD;54;15
2006;kf;14801441;Tynnered, Korsåsen;K;5;4
2006;kf;14801441;Tynnered, Korsåsen;FI;3;5
2006;kf;14801441;Tynnered, Korsåsen;SOC.P;3;2
2006;kf;14801441;Tynnered, Korsåsen;PP;2;
2006;kf;14801441;Tynnered, Korsåsen;1016;1;
2006;kf;14801441;Tynnered, Korsåsen;ND;0;2
2006;kf;14801441;Tynnered, Korsåsen;SPI;0;5
2006;kf;14801441;Tynnered, Korsåsen;HANDSKRIVNA;1;2
2006;kf;14801441;Tynnered, Korsåsen;BLANK;9;7
2006;kf;14801441;Tynnered, Korsåsen;OG;0;
2006;kf;14801472;Tynnered, Norra Näset;M;688;582
2006;kf;14801472;Tynnered, Norra Näset;C;37;26
2006;kf;14801472;Tynnered, Norra Näset;L;197;221
2006;kf;14801472;Tynnered, Norra Näset;KD;109;155
2006;kf;14801472;Tynnered, Norra Näset;S;237;360
2006;kf;14801472;Tynnered, Norra Näset;V;17;19
2006;kf;14801472;Tynnered, Norra Näset;MP;58;49
2006;kf;14801472;Tynnered, Norra Näset;VÄGV;113;
2006;kf;14801472;Tynnered, Norra Näset;SD;34;34
2006;kf;14801472;Tynnered, Norra Näset;FI;4;5
2006;kf;14801472;Tynnered, Norra Näset;K;2;1
2006;kf;14801472;Tynnered, Norra Näset;PP;1;
2006;kf;14801472;Tynnered, Norra Näset;0450;0;1
2006;kf;14801472;Tynnered, Norra Näset;SOC.P;0;1
2006;kf;14801472;Tynnered, Norra Näset;SPI;0;1
2006;kf;14801472;Tynnered, Norra Näset;HANDSKRIVNA;1;
2006;kf;14801472;Tynnered, Norra Näset;BLANK;6;5
2006;kf;14801472;Tynnered, Norra Näset;OG;0;
2006;kf;14801482;Tynnered, Norra Opaltorget;M;130;130
2006;kf;14801482;Tynnered, Norra Opaltorget;C;16;20
2006;kf;14801482;Tynnered, Norra Opaltorget;L;46;55
2006;kf;14801482;Tynnered, Norra Opaltorget;KD;32;69
2006;kf;14801482;Tynnered, Norra Opaltorget;S;475;482
2006;kf;14801482;Tynnered, Norra Opaltorget;V;75;74
2006;kf;14801482;Tynnered, Norra Opaltorget;MP;64;44
2006;kf;14801482;Tynnered, Norra Opaltorget;VÄGV;51;
2006;kf;14801482;Tynnered, Norra Opaltorget;SD;104;79
2006;kf;14801482;Tynnered, Norra Opaltorget;K;16;22
2006;kf;14801482;Tynnered, Norra Opaltorget;PP;7;
2006;kf;14801482;Tynnered, Norra Opaltorget;1016;4;
2006;kf;14801482;Tynnered, Norra Opaltorget;FI;3;
2006;kf;14801482;Tynnered, Norra Opaltorget;SOC.P;3;6
2006;kf;14801482;Tynnered, Norra Opaltorget;SPI;0;7
2006;kf;14801482;Tynnered, Norra Opaltorget;HANDSKRIVNA;2;2
2006;kf;14801482;Tynnered, Norra Opaltorget;BLANK;13;15
2006;kf;14801482;Tynnered, Norra Opaltorget;OG;1;
2006;kf;14801462;Tynnered, Skattegården;M;118;116
2006;kf;14801462;Tynnered, Skattegården;C;6;16
2006;kf;14801462;Tynnered, Skattegården;L;32;59
2006;kf;14801462;Tynnered, Skattegården;KD;52;103
2006;kf;14801462;Tynnered, Skattegården;S;662;545
2006;kf;14801462;Tynnered, Skattegården;V;61;72
2006;kf;14801462;Tynnered, Skattegården;MP;50;42
2006;kf;14801462;Tynnered, Skattegården;VÄGV;30;
2006;kf;14801462;Tynnered, Skattegården;SD;33;24
2006;kf;14801462;Tynnered, Skattegården;K;6;19
2006;kf;14801462;Tynnered, Skattegården;SOC.P;5;3
2006;kf;14801462;Tynnered, Skattegården;PP;3;
2006;kf;14801462;Tynnered, Skattegården;RS;3;
2006;kf;14801462;Tynnered, Skattegården;0450;2;
2006;kf;14801462;Tynnered, Skattegården;FI;0;7
2006;kf;14801462;Tynnered, Skattegården;ND;0;2
2006;kf;14801462;Tynnered, Skattegården;SPI;0;3
2006;kf;14801462;Tynnered, Skattegården;HANDSKRIVNA;0;1
2006;kf;14801462;Tynnered, Skattegården;BLANK;7;10
2006;kf;14801462;Tynnered, Skattegården;OG;0;
2006;kf;14801471;Tynnered, Södra Näset;M;603;529
2006;kf;14801471;Tynnered, Södra Näset;C;33;24
2006;kf;14801471;Tynnered, Södra Näset;L;185;173
2006;kf;14801471;Tynnered, Södra Näset;KD;79;105
2006;kf;14801471;Tynnered, Södra Näset;S;128;197
2006;kf;14801471;Tynnered, Södra Näset;V;11;12
2006;kf;14801471;Tynnered, Södra Näset;MP;47;29
2006;kf;14801471;Tynnered, Södra Näset;VÄGV;57;
2006;kf;14801471;Tynnered, Södra Näset;SD;29;21
2006;kf;14801471;Tynnered, Södra Näset;1016;6;
2006;kf;14801471;Tynnered, Södra Näset;K;5;6
2006;kf;14801471;Tynnered, Södra Näset;PP;3;
2006;kf;14801471;Tynnered, Södra Näset;FI;2;5
2006;kf;14801471;Tynnered, Södra Näset;0450;1;
2006;kf;14801471;Tynnered, Södra Näset;HANDSKRIVNA;1;1
2006;kf;14801471;Tynnered, Södra Näset;BLANK;12;4
2006;kf;14801471;Tynnered, Södra Näset;OG;1;
2006;kf;14801481;Tynnered, Södra Opaltorget;M;170;163
2006;kf;14801481;Tynnered, Södra Opaltorget;C;14;10
2006;kf;14801481;Tynnered, Södra Opaltorget;L;67;66
2006;kf;14801481;Tynnered, Södra Opaltorget;KD;53;49
2006;kf;14801481;Tynnered, Södra Opaltorget;S;248;318
2006;kf;14801481;Tynnered, Södra Opaltorget;V;29;42
2006;kf;14801481;Tynnered, Södra Opaltorget;MP;54;32
2006;kf;14801481;Tynnered, Södra Opaltorget;VÄGV;45;
2006;kf;14801481;Tynnered, Södra Opaltorget;SD;51;37
2006;kf;14801481;Tynnered, Södra Opaltorget;K;8;18
2006;kf;14801481;Tynnered, Södra Opaltorget;PP;6;
2006;kf;14801481;Tynnered, Södra Opaltorget;FI;4;9
2006;kf;14801481;Tynnered, Södra Opaltorget;1016;2;
2006;kf;14801481;Tynnered, Södra Opaltorget;RS;1;
2006;kf;14801481;Tynnered, Södra Opaltorget;SOC.P;1;3
2006;kf;14801481;Tynnered, Södra Opaltorget;ND;0;1
2006;kf;14801481;Tynnered, Södra Opaltorget;SPI;0;4
2006;kf;14801481;Tynnered, Södra Opaltorget;HANDSKRIVNA;1;1
2006;kf;14801481;Tynnered, Södra Opaltorget;BLANK;7;9
2006;kf;14801481;Tynnered, Södra Opaltorget;OG;0;1
2006;kf;14801431;Tynnered, Tynnered;M;268;254
2006;kf;14801431;Tynnered, Tynnered;C;19;25
2006;kf;14801431;Tynnered, Tynnered;L;89;112
2006;kf;14801431;Tynnered, Tynnered;KD;80;143
2006;kf;14801431;Tynnered, Tynnered;S;628;620
2006;kf;14801431;Tynnered, Tynnered;V;86;81
2006;kf;14801431;Tynnered, Tynnered;MP;88;69
2006;kf;14801431;Tynnered, Tynnered;VÄGV;71;
2006;kf;14801431;Tynnered, Tynnered;SD;121;58
2006;kf;14801431;Tynnered, Tynnered;PP;11;
2006;kf;14801431;Tynnered, Tynnered;FI;8;12
2006;kf;14801431;Tynnered, Tynnered;SOC.P;8;7
2006;kf;14801431;Tynnered, Tynnered;K;5;6
2006;kf;14801431;Tynnered, Tynnered;1016;3;
2006;kf;14801431;Tynnered, Tynnered;0450;0;2
2006;kf;14801431;Tynnered, Tynnered;SPI;0;4
2006;kf;14801431;Tynnered, Tynnered;HANDSKRIVNA;0;3
2006;kf;14801431;Tynnered, Tynnered;BLANK;21;24
2006;kf;14801431;Tynnered, Tynnered;OG;1;
2006;kf;14801451;Tynnered, Västra Önnered;M;435;392
2006;kf;14801451;Tynnered, Västra Önnered;C;16;32
2006;kf;14801451;Tynnered, Västra Önnered;L;128;134
2006;kf;14801451;Tynnered, Västra Önnered;KD;262;281
2006;kf;14801451;Tynnered, Västra Önnered;S;193;228
2006;kf;14801451;Tynnered, Västra Önnered;V;19;20
2006;kf;14801451;Tynnered, Västra Önnered;MP;36;20
2006;kf;14801451;Tynnered, Västra Önnered;VÄGV;54;
2006;kf;14801451;Tynnered, Västra Önnered;SD;40;19
2006;kf;14801451;Tynnered, Västra Önnered;FI;2;6
2006;kf;14801451;Tynnered, Västra Önnered;PP;2;
2006;kf;14801451;Tynnered, Västra Önnered;1016;1;
2006;kf;14801451;Tynnered, Västra Önnered;K;1;
2006;kf;14801451;Tynnered, Västra Önnered;SOC.P;1;3
2006;kf;14801451;Tynnered, Västra Önnered;SPI;0;1
2006;kf;14801451;Tynnered, Västra Önnered;HANDSKRIVNA;0;1
2006;kf;14801451;Tynnered, Västra Önnered;BLANK;5;6
2006;kf;14801451;Tynnered, Västra Önnered;OG;0;
2006;kf;14801473;Tynnered, Åkered;M;594;568
2006;kf;14801473;Tynnered, Åkered;C;35;41
2006;kf;14801473;Tynnered, Åkered;L;219;206
2006;kf;14801473;Tynnered, Åkered;KD;73;104
2006;kf;14801473;Tynnered, Åkered;S;200;272
2006;kf;14801473;Tynnered, Åkered;V;15;22
2006;kf;14801473;Tynnered, Åkered;MP;55;37
2006;kf;14801473;Tynnered, Åkered;VÄGV;73;
2006;kf;14801473;Tynnered, Åkered;SD;44;26
2006;kf;14801473;Tynnered, Åkered;FI;4;12
2006;kf;14801473;Tynnered, Åkered;K;2;4
2006;kf;14801473;Tynnered, Åkered;PP;2;
2006;kf;14801473;Tynnered, Åkered;1016;1;
2006;kf;14801473;Tynnered, Åkered;0450;1;
2006;kf;14801473;Tynnered, Åkered;SOC.P;1;1
2006;kf;14801473;Tynnered, Åkered;RS;0;1
2006;kf;14801473;Tynnered, Åkered;SPI;0;5
2006;kf;14801473;Tynnered, Åkered;HANDSKRIVNA;1;1
2006;kf;14801473;Tynnered, Åkered;BLANK;6;13
2006;kf;14801473;Tynnered, Åkered;OG;0;1
2006;kf;14801442;Tynnered, Ängås;M;114;102
2006;kf;14801442;Tynnered, Ängås;C;9;5
2006;kf;14801442;Tynnered, Ängås;L;39;37
2006;kf;14801442;Tynnered, Ängås;KD;22;51
2006;kf;14801442;Tynnered, Ängås;S;466;431
2006;kf;14801442;Tynnered, Ängås;V;82;88
2006;kf;14801442;Tynnered, Ängås;MP;66;50
2006;kf;14801442;Tynnered, Ängås;VÄGV;42;
2006;kf;14801442;Tynnered, Ängås;SD;58;43
2006;kf;14801442;Tynnered, Ängås;PP;9;
2006;kf;14801442;Tynnered, Ängås;FI;7;7
2006;kf;14801442;Tynnered, Ängås;1016;3;
2006;kf;14801442;Tynnered, Ängås;K;3;10
2006;kf;14801442;Tynnered, Ängås;SOC.P;3;7
2006;kf;14801442;Tynnered, Ängås;RS;2;1
2006;kf;14801442;Tynnered, Ängås;0450;0;1
2006;kf;14801442;Tynnered, Ängås;ND;0;1
2006;kf;14801442;Tynnered, Ängås;SPI;0;3
2006;kf;14801442;Tynnered, Ängås;HANDSKRIVNA;3;2
2006;kf;14801442;Tynnered, Ängås;BLANK;8;7
2006;kf;14801442;Tynnered, Ängås;OG;1;1
2006;kf;14801452;Tynnered, Östra Önnered;M;449;399
2006;kf;14801452;Tynnered, Östra Önnered;C;31;30
2006;kf;14801452;Tynnered, Östra Önnered;L;136;141
2006;kf;14801452;Tynnered, Östra Önnered;KD;133;169
2006;kf;14801452;Tynnered, Östra Önnered;S;351;414
2006;kf;14801452;Tynnered, Östra Önnered;V;51;52
2006;kf;14801452;Tynnered, Östra Önnered;MP;66;44
2006;kf;14801452;Tynnered, Östra Önnered;VÄGV;51;
2006;kf;14801452;Tynnered, Östra Önnered;SD;49;26
2006;kf;14801452;Tynnered, Östra Önnered;FI;5;8
2006;kf;14801452;Tynnered, Östra Önnered;PP;3;
2006;kf;14801452;Tynnered, Östra Önnered;1016;2;
2006;kf;14801452;Tynnered, Östra Önnered;SOC.P;2;
2006;kf;14801452;Tynnered, Östra Önnered;K;1;2
2006;kf;14801452;Tynnered, Östra Önnered;ND;0;1
2006;kf;14801452;Tynnered, Östra Önnered;SPI;0;2
2006;kf;14801452;Tynnered, Östra Önnered;HANDSKRIVNA;1;1
2006;kf;14801452;Tynnered, Östra Önnered;BLANK;12;20
2006;kf;14801452;Tynnered, Östra Önnered;OG;0;2
2006;kf;14801114;Älvsborg, Björnekulla;M;519;460
2006;kf;14801114;Älvsborg, Björnekulla;C;40;36
2006;kf;14801114;Älvsborg, Björnekulla;L;170;168
2006;kf;14801114;Älvsborg, Björnekulla;KD;121;146
2006;kf;14801114;Älvsborg, Björnekulla;S;239;364
2006;kf;14801114;Älvsborg, Björnekulla;V;35;30
2006;kf;14801114;Älvsborg, Björnekulla;MP;58;38
2006;kf;14801114;Älvsborg, Björnekulla;VÄGV;100;
2006;kf;14801114;Älvsborg, Björnekulla;SD;28;26
2006;kf;14801114;Älvsborg, Björnekulla;K;4;1
2006;kf;14801114;Älvsborg, Björnekulla;FI;3;11
2006;kf;14801114;Älvsborg, Björnekulla;0450;2;2
2006;kf;14801114;Älvsborg, Björnekulla;SOC.P;2;2
2006;kf;14801114;Älvsborg, Björnekulla;1016;1;
2006;kf;14801114;Älvsborg, Björnekulla;PP;1;
2006;kf;14801114;Älvsborg, Björnekulla;RS;1;
2006;kf;14801114;Älvsborg, Björnekulla;SPI;0;6
2006;kf;14801114;Älvsborg, Björnekulla;HANDSKRIVNA;1;
2006;kf;14801114;Älvsborg, Björnekulla;BLANK;3;5
2006;kf;14801114;Älvsborg, Björnekulla;OG;0;1
2006;kf;14801142;Älvsborg, Ekebäck;M;469;421
2006;kf;14801142;Älvsborg, Ekebäck;C;35;32
2006;kf;14801142;Älvsborg, Ekebäck;L;183;170
2006;kf;14801142;Älvsborg, Ekebäck;KD;54;84
2006;kf;14801142;Älvsborg, Ekebäck;S;224;310
2006;kf;14801142;Älvsborg, Ekebäck;V;64;55
2006;kf;14801142;Älvsborg, Ekebäck;MP;140;93
2006;kf;14801142;Älvsborg, Ekebäck;VÄGV;76;
2006;kf;14801142;Älvsborg, Ekebäck;SD;33;28
2006;kf;14801142;Älvsborg, Ekebäck;FI;13;29
2006;kf;14801142;Älvsborg, Ekebäck;PP;5;
2006;kf;14801142;Älvsborg, Ekebäck;K;4;10
2006;kf;14801142;Älvsborg, Ekebäck;SOC.P;3;
2006;kf;14801142;Älvsborg, Ekebäck;ND;0;1
2006;kf;14801142;Älvsborg, Ekebäck;HANDSKRIVNA;2;1
2006;kf;14801142;Älvsborg, Ekebäck;BLANK;8;14
2006;kf;14801142;Älvsborg, Ekebäck;OG;0;
2006;kf;14801141;Älvsborg, Grimmered;M;563;
2006;kf;14801141;Älvsborg, Grimmered;C;43;
2006;kf;14801141;Älvsborg, Grimmered;L;184;
2006;kf;14801141;Älvsborg, Grimmered;KD;84;
2006;kf;14801141;Älvsborg, Grimmered;S;286;
2006;kf;14801141;Älvsborg, Grimmered;V;29;
2006;kf;14801141;Älvsborg, Grimmered;MP;117;
2006;kf;14801141;Älvsborg, Grimmered;VÄGV;93;
2006;kf;14801141;Älvsborg, Grimmered;SD;38;
2006;kf;14801141;Älvsborg, Grimmered;PP;5;
2006;kf;14801141;Älvsborg, Grimmered;FI;3;
2006;kf;14801141;Älvsborg, Grimmered;1016;2;
2006;kf;14801141;Älvsborg, Grimmered;K;1;
2006;kf;14801141;Älvsborg, Grimmered;RS;1;
2006;kf;14801141;Älvsborg, Grimmered;SOC.P;1;
2006;kf;14801141;Älvsborg, Grimmered;BLANK;8;
2006;kf;14801141;Älvsborg, Grimmered;OG;5;
2006;kf;14801133;Älvsborg, Hagen;M;409;367
2006;kf;14801133;Älvsborg, Hagen;C;37;22
2006;kf;14801133;Älvsborg, Hagen;L;144;134
2006;kf;14801133;Älvsborg, Hagen;KD;40;68
2006;kf;14801133;Älvsborg, Hagen;S;134;214
2006;kf;14801133;Älvsborg, Hagen;V;28;36
2006;kf;14801133;Älvsborg, Hagen;MP;60;39
2006;kf;14801133;Älvsborg, Hagen;VÄGV;40;
2006;kf;14801133;Älvsborg, Hagen;SD;21;19
2006;kf;14801133;Älvsborg, Hagen;FI;2;4
2006;kf;14801133;Älvsborg, Hagen;K;0;2
2006;kf;14801133;Älvsborg, Hagen;SPI;0;1
2006;kf;14801133;Älvsborg, Hagen;HANDSKRIVNA;0;2
2006;kf;14801133;Älvsborg, Hagen;BLANK;5;11
2006;kf;14801133;Älvsborg, Hagen;OG;0;
2006;kf;14801121;Älvsborg, Långedrag;M;812;784
2006;kf;14801121;Älvsborg, Långedrag;C;38;40
2006;kf;14801121;Älvsborg, Långedrag;L;190;164
2006;kf;14801121;Älvsborg, Långedrag;KD;57;89
2006;kf;14801121;Älvsborg, Långedrag;S;83;149
2006;kf;14801121;Älvsborg, Långedrag;V;20;13
2006;kf;14801121;Älvsborg, Långedrag;MP;67;45
2006;kf;14801121;Älvsborg, Långedrag;VÄGV;77;
2006;kf;14801121;Älvsborg, Långedrag;SD;23;19
2006;kf;14801121;Älvsborg, Långedrag;1016;2;
2006;kf;14801121;Älvsborg, Långedrag;FI;2;4
2006;kf;14801121;Älvsborg, Långedrag;PP;2;
2006;kf;14801121;Älvsborg, Långedrag;0450;1;
2006;kf;14801121;Älvsborg, Långedrag;K;1;2
2006;kf;14801121;Älvsborg, Långedrag;SOC.P;1;1
2006;kf;14801121;Älvsborg, Långedrag;SPI;0;4
2006;kf;14801121;Älvsborg, Långedrag;HANDSKRIVNA;0;1
2006;kf;14801121;Älvsborg, Långedrag;BLANK;3;2
2006;kf;14801121;Älvsborg, Långedrag;OG;1;
2006;kf;14801112;Älvsborg, Norra Fiskebäck;M;517;450
2006;kf;14801112;Älvsborg, Norra Fiskebäck;C;26;35
2006;kf;14801112;Älvsborg, Norra Fiskebäck;L;198;191
2006;kf;14801112;Älvsborg, Norra Fiskebäck;KD;178;202
2006;kf;14801112;Älvsborg, Norra Fiskebäck;S;168;251
2006;kf;14801112;Älvsborg, Norra Fiskebäck;V;19;31
2006;kf;14801112;Älvsborg, Norra Fiskebäck;MP;73;60
2006;kf;14801112;Älvsborg, Norra Fiskebäck;VÄGV;73;
2006;kf;14801112;Älvsborg, Norra Fiskebäck;SD;46;29
2006;kf;14801112;Älvsborg, Norra Fiskebäck;FI;3;5
2006;kf;14801112;Älvsborg, Norra Fiskebäck;PP;3;
2006;kf;14801112;Älvsborg, Norra Fiskebäck;1016;1;
2006;kf;14801112;Älvsborg, Norra Fiskebäck;K;1;
2006;kf;14801112;Älvsborg, Norra Fiskebäck;BLANK;2;5
2006;kf;14801112;Älvsborg, Norra Fiskebäck;OG;0;1
2006;kf;14801132;Älvsborg, Nya Varvet;M;637;555
2006;kf;14801132;Älvsborg, Nya Varvet;C;53;39
2006;kf;14801132;Älvsborg, Nya Varvet;L;191;156
2006;kf;14801132;Älvsborg, Nya Varvet;KD;78;85
2006;kf;14801132;Älvsborg, Nya Varvet;S;282;384
2006;kf;14801132;Älvsborg, Nya Varvet;V;63;71
2006;kf;14801132;Älvsborg, Nya Varvet;MP;159;125
2006;kf;14801132;Älvsborg, Nya Varvet;VÄGV;65;
2006;kf;14801132;Älvsborg, Nya Varvet;SD;47;42
2006;kf;14801132;Älvsborg, Nya Varvet;FI;24;31
2006;kf;14801132;Älvsborg, Nya Varvet;K;6;8
2006;kf;14801132;Älvsborg, Nya Varvet;SOC.P;6;1
2006;kf;14801132;Älvsborg, Nya Varvet;PP;4;
2006;kf;14801132;Älvsborg, Nya Varvet;1016;2;
2006;kf;14801132;Älvsborg, Nya Varvet;ND;0;1
2006;kf;14801132;Älvsborg, Nya Varvet;HANDSKRIVNA;1;3
2006;kf;14801132;Älvsborg, Nya Varvet;BLANK;12;8
2006;kf;14801132;Älvsborg, Nya Varvet;OG;0;
2006;kf;14801113;Älvsborg, Påvelund;M;627;566
2006;kf;14801113;Älvsborg, Påvelund;C;43;46
2006;kf;14801113;Älvsborg, Påvelund;L;192;193
2006;kf;14801113;Älvsborg, Påvelund;KD;87;118
2006;kf;14801113;Älvsborg, Påvelund;S;168;284
2006;kf;14801113;Älvsborg, Påvelund;V;30;39
2006;kf;14801113;Älvsborg, Påvelund;MP;65;50
2006;kf;14801113;Älvsborg, Påvelund;VÄGV;88;
2006;kf;14801113;Älvsborg, Påvelund;SD;33;24
2006;kf;14801113;Älvsborg, Påvelund;PP;13;
2006;kf;14801113;Älvsborg, Påvelund;FI;3;9
2006;kf;14801113;Älvsborg, Påvelund;1016;2;
2006;kf;14801113;Älvsborg, Påvelund;K;2;4
2006;kf;14801113;Älvsborg, Påvelund;RS;1;
2006;kf;14801113;Älvsborg, Påvelund;SPI;0;2
2006;kf;14801113;Älvsborg, Påvelund;BLANK;10;9
2006;kf;14801113;Älvsborg, Påvelund;OG;0;
2006;kf;14801111;Älvsborg, Södra Fiskebäck;M;332;276
2006;kf;14801111;Älvsborg, Södra Fiskebäck;C;22;21
2006;kf;14801111;Älvsborg, Södra Fiskebäck;L;98;113
2006;kf;14801111;Älvsborg, Södra Fiskebäck;KD;166;200
2006;kf;14801111;Älvsborg, Södra Fiskebäck;S;85;147
2006;kf;14801111;Älvsborg, Södra Fiskebäck;V;11;7
2006;kf;14801111;Älvsborg, Södra Fiskebäck;MP;28;17
2006;kf;14801111;Älvsborg, Södra Fiskebäck;VÄGV;49;
2006;kf;14801111;Älvsborg, Södra Fiskebäck;SD;21;9
2006;kf;14801111;Älvsborg, Södra Fiskebäck;FI;2;2
2006;kf;14801111;Älvsborg, Södra Fiskebäck;PP;2;
2006;kf;14801111;Älvsborg, Södra Fiskebäck;ND;0;1
2006;kf;14801111;Älvsborg, Södra Fiskebäck;HANDSKRIVNA;1;
2006;kf;14801111;Älvsborg, Södra Fiskebäck;BLANK;2;2
2006;kf;14801111;Älvsborg, Södra Fiskebäck;OG;0;
2006;kf;14801131;Älvsborg, Tångudden;M;540;466
2006;kf;14801131;Älvsborg, Tångudden;C;49;41
2006;kf;14801131;Älvsborg, Tångudden;L;177;166
2006;kf;14801131;Älvsborg, Tångudden;KD;63;111
2006;kf;14801131;Älvsborg, Tångudden;S;153;197
2006;kf;14801131;Älvsborg, Tångudden;V;21;20
2006;kf;14801131;Älvsborg, Tångudden;MP;89;79
2006;kf;14801131;Älvsborg, Tångudden;VÄGV;55;
2006;kf;14801131;Älvsborg, Tångudden;SD;33;24
2006;kf;14801131;Älvsborg, Tångudden;FI;6;8
2006;kf;14801131;Älvsborg, Tångudden;PP;6;
2006;kf;14801131;Älvsborg, Tångudden;K;3;3
2006;kf;14801131;Älvsborg, Tångudden;SOC.P;1;
2006;kf;14801131;Älvsborg, Tångudden;SPI;0;2
2006;kf;14801131;Älvsborg, Tångudden;HANDSKRIVNA;0;1
2006;kf;14801131;Älvsborg, Tångudden;BLANK;7;12
2006;kf;14801131;Älvsborg, Tångudden;OG;0;1
2006;kf;14800004;Onsdagsdistrikt;M;386;305
2006;kf;14800004;Onsdagsdistrikt;C;41;44
2006;kf;14800004;Onsdagsdistrikt;L;128;116
2006;kf;14800004;Onsdagsdistrikt;KD;57;52
2006;kf;14800004;Onsdagsdistrikt;S;358;344
2006;kf;14800004;Onsdagsdistrikt;V;121;116
2006;kf;14800004;Onsdagsdistrikt;MP;249;114
2006;kf;14800004;Onsdagsdistrikt;VÄGV;20;
2006;kf;14800004;Onsdagsdistrikt;SD;52;21
2006;kf;14800004;Onsdagsdistrikt;FI;26;25
2006;kf;14800004;Onsdagsdistrikt;K;8;12
2006;kf;14800004;Onsdagsdistrikt;PP;8;
2006;kf;14800004;Onsdagsdistrikt;SOC.P;4;5
2006;kf;14800004;Onsdagsdistrikt;1016;2;
2006;kf;14800004;Onsdagsdistrikt;RS;2;
2006;kf;14800004;Onsdagsdistrikt;SPI;0;3
2006;kf;14800004;Onsdagsdistrikt;HANDSKRIVNA;6;5
2006;kf;14800004;Onsdagsdistrikt;BLANK;40;26
2006;kf;14800004;Onsdagsdistrikt;OG;1;1
2006;kf;14800413;Bergsjön, Gärdsmosse;M;36;48
2006;kf;14800413;Bergsjön, Gärdsmosse;C;5;6
2006;kf;14800413;Bergsjön, Gärdsmosse;L;15;20
2006;kf;14800413;Bergsjön, Gärdsmosse;KD;12;13
2006;kf;14800413;Bergsjön, Gärdsmosse;S;398;337
2006;kf;14800413;Bergsjön, Gärdsmosse;V;56;78
2006;kf;14800413;Bergsjön, Gärdsmosse;MP;62;46
2006;kf;14800413;Bergsjön, Gärdsmosse;VÄGV;11;
2006;kf;14800413;Bergsjön, Gärdsmosse;SD;35;24
2006;kf;14800413;Bergsjön, Gärdsmosse;K;15;17
2006;kf;14800413;Bergsjön, Gärdsmosse;FI;13;9
2006;kf;14800413;Bergsjön, Gärdsmosse;PP;12;
2006;kf;14800413;Bergsjön, Gärdsmosse;SOC.P;7;6
2006;kf;14800413;Bergsjön, Gärdsmosse;RS;6;2
2006;kf;14800413;Bergsjön, Gärdsmosse;SPI;0;2
2006;kf;14800413;Bergsjön, Gärdsmosse;HANDSKRIVNA;1;5
2006;kf;14800413;Bergsjön, Gärdsmosse;BLANK;7;7
2006;kf;14800413;Bergsjön, Gärdsmosse;OG;1;
2006;kf;14800411;Bergsjön, Gärdsås;M;128;93
2006;kf;14800411;Bergsjön, Gärdsås;C;3;10
2006;kf;14800411;Bergsjön, Gärdsås;L;23;41
2006;kf;14800411;Bergsjön, Gärdsås;KD;31;56
2006;kf;14800411;Bergsjön, Gärdsås;S;313;324
2006;kf;14800411;Bergsjön, Gärdsås;V;42;48
2006;kf;14800411;Bergsjön, Gärdsås;MP;53;31
2006;kf;14800411;Bergsjön, Gärdsås;VÄGV;41;
2006;kf;14800411;Bergsjön, Gärdsås;SD;50;23
2006;kf;14800411;Bergsjön, Gärdsås;K;12;18
2006;kf;14800411;Bergsjön, Gärdsås;RS;12;
2006;kf;14800411;Bergsjön, Gärdsås;PP;7;
2006;kf;14800411;Bergsjön, Gärdsås;FI;4;6
2006;kf;14800411;Bergsjön, Gärdsås;SOC.P;3;1
2006;kf;14800411;Bergsjön, Gärdsås;1016;1;
2006;kf;14800411;Bergsjön, Gärdsås;ND;0;1
2006;kf;14800411;Bergsjön, Gärdsås;SPI;0;3
2006;kf;14800411;Bergsjön, Gärdsås;HANDSKRIVNA;1;1
2006;kf;14800411;Bergsjön, Gärdsås;BLANK;1;12
2006;kf;14800411;Bergsjön, Gärdsås;OG;1;
2006;kf;14800424;Bergsjön, Komettorget;M;60;43
2006;kf;14800424;Bergsjön, Komettorget;C;1;3
2006;kf;14800424;Bergsjön, Komettorget;L;39;37
2006;kf;14800424;Bergsjön, Komettorget;KD;26;26
2006;kf;14800424;Bergsjön, Komettorget;S;465;393
2006;kf;14800424;Bergsjön, Komettorget;V;64;56
2006;kf;14800424;Bergsjön, Komettorget;MP;59;25
2006;kf;14800424;Bergsjön, Komettorget;VÄGV;14;
2006;kf;14800424;Bergsjön, Komettorget;SD;31;15
2006;kf;14800424;Bergsjön, Komettorget;K;12;9
2006;kf;14800424;Bergsjön, Komettorget;PP;12;
2006;kf;14800424;Bergsjön, Komettorget;SOC.P;9;4
2006;kf;14800424;Bergsjön, Komettorget;RS;6;4
2006;kf;14800424;Bergsjön, Komettorget;FI;2;2
2006;kf;14800424;Bergsjön, Komettorget;ND;0;1
2006;kf;14800424;Bergsjön, Komettorget;SPI;0;1
2006;kf;14800424;Bergsjön, Komettorget;HANDSKRIVNA;1;1
2006;kf;14800424;Bergsjön, Komettorget;BLANK;3;3
2006;kf;14800424;Bergsjön, Komettorget;OG;1;
2006;kf;14800414;Bergsjön, Norra Bergsjön;M;60;51
2006;kf;14800414;Bergsjön, Norra Bergsjön;C;9;13
2006;kf;14800414;Bergsjön, Norra Bergsjön;L;28;36
2006;kf;14800414;Bergsjön, Norra Bergsjön;KD;33;30
2006;kf;14800414;Bergsjön, Norra Bergsjön;S;247;238
2006;kf;14800414;Bergsjön, Norra Bergsjön;V;71;94
2006;kf;14800414;Bergsjön, Norra Bergsjön;MP;77;65
2006;kf;14800414;Bergsjön, Norra Bergsjön;VÄGV;15;
2006;kf;14800414;Bergsjön, Norra Bergsjön;SD;43;9
2006;kf;14800414;Bergsjön, Norra Bergsjön;K;19;17
2006;kf;14800414;Bergsjön, Norra Bergsjön;FI;17;22
2006;kf;14800414;Bergsjön, Norra Bergsjön;RS;13;6
2006;kf;14800414;Bergsjön, Norra Bergsjön;PP;7;
2006;kf;14800414;Bergsjön, Norra Bergsjön;SOC.P;3;2
2006;kf;14800414;Bergsjön, Norra Bergsjön;ND;0;3
2006;kf;14800414;Bergsjön, Norra Bergsjön;HANDSKRIVNA;1;4
2006;kf;14800414;Bergsjön, Norra Bergsjön;BLANK;9;5
2006;kf;14800414;Bergsjön, Norra Bergsjön;OG;0;
2006;kf;14800423;Bergsjön, Rymdtorget;M;20;29
2006;kf;14800423;Bergsjön, Rymdtorget;C;2;6
2006;kf;14800423;Bergsjön, Rymdtorget;L;11;13
2006;kf;14800423;Bergsjön, Rymdtorget;KD;15;33
2006;kf;14800423;Bergsjön, Rymdtorget;S;340;269
2006;kf;14800423;Bergsjön, Rymdtorget;V;36;55
2006;kf;14800423;Bergsjön, Rymdtorget;MP;22;33
2006;kf;14800423;Bergsjön, Rymdtorget;VÄGV;3;
2006;kf;14800423;Bergsjön, Rymdtorget;SD;13;5
2006;kf;14800423;Bergsjön, Rymdtorget;K;11;12
2006;kf;14800423;Bergsjön, Rymdtorget;SOC.P;6;4
2006;kf;14800423;Bergsjön, Rymdtorget;FI;5;10
2006;kf;14800423;Bergsjön, Rymdtorget;RS;5;2
2006;kf;14800423;Bergsjön, Rymdtorget;PP;2;
2006;kf;14800423;Bergsjön, Rymdtorget;1016;1;
2006;kf;14800423;Bergsjön, Rymdtorget;SPI;0;1
2006;kf;14800423;Bergsjön, Rymdtorget;BLANK;3;3
2006;kf;14800423;Bergsjön, Rymdtorget;OG;0;3
2006;kf;14800412;Bergsjön, Siriusgatan;M;64;65
2006;kf;14800412;Bergsjön, Siriusgatan;C;5;15
2006;kf;14800412;Bergsjön, Siriusgatan;L;22;45
2006;kf;14800412;Bergsjön, Siriusgatan;KD;21;44
2006;kf;14800412;Bergsjön, Siriusgatan;S;629;535
2006;kf;14800412;Bergsjön, Siriusgatan;V;78;101
2006;kf;14800412;Bergsjön, Siriusgatan;MP;61;66
2006;kf;14800412;Bergsjön, Siriusgatan;VÄGV;18;
2006;kf;14800412;Bergsjön, Siriusgatan;SD;45;28
2006;kf;14800412;Bergsjön, Siriusgatan;RS;23;2
2006;kf;14800412;Bergsjön, Siriusgatan;K;15;29
2006;kf;14800412;Bergsjön, Siriusgatan;SOC.P;11;3
2006;kf;14800412;Bergsjön, Siriusgatan;FI;9;36
2006;kf;14800412;Bergsjön, Siriusgatan;PP;7;
2006;kf;14800412;Bergsjön, Siriusgatan;1016;2;
2006;kf;14800412;Bergsjön, Siriusgatan;ND;0;1
2006;kf;14800412;Bergsjön, Siriusgatan;HANDSKRIVNA;1;1
2006;kf;14800412;Bergsjön, Siriusgatan;BLANK;11;17
2006;kf;14800412;Bergsjön, Siriusgatan;OG;0;
2006;kf;14800421;Bergsjön, Södra Bergsjön;M;48;53
2006;kf;14800421;Bergsjön, Södra Bergsjön;C;4;1
2006;kf;14800421;Bergsjön, Södra Bergsjön;L;22;29
2006;kf;14800421;Bergsjön, Södra Bergsjön;KD;14;22
2006;kf;14800421;Bergsjön, Södra Bergsjön;S;567;535
2006;kf;14800421;Bergsjön, Södra Bergsjön;V;56;64
2006;kf;14800421;Bergsjön, Södra Bergsjön;MP;32;18
2006;kf;14800421;Bergsjön, Södra Bergsjön;VÄGV;22;
2006;kf;14800421;Bergsjön, Södra Bergsjön;SD;23;19
2006;kf;14800421;Bergsjön, Södra Bergsjön;K;15;21
2006;kf;14800421;Bergsjön, Södra Bergsjön;SOC.P;5;4
2006;kf;14800421;Bergsjön, Södra Bergsjön;PP;3;
2006;kf;14800421;Bergsjön, Södra Bergsjön;1016;1;
2006;kf;14800421;Bergsjön, Södra Bergsjön;FI;1;1
2006;kf;14800421;Bergsjön, Södra Bergsjön;RS;1;2
2006;kf;14800421;Bergsjön, Södra Bergsjön;SPI;0;1
2006;kf;14800421;Bergsjön, Södra Bergsjön;BLANK;11;3
2006;kf;14800421;Bergsjön, Södra Bergsjön;OG;0;
2006;kf;14800422;Bergsjön, Östra Bergsjön;M;46;49
2006;kf;14800422;Bergsjön, Östra Bergsjön;C;2;8
2006;kf;14800422;Bergsjön, Östra Bergsjön;L;15;30
2006;kf;14800422;Bergsjön, Östra Bergsjön;KD;26;41
2006;kf;14800422;Bergsjön, Östra Bergsjön;S;614;427
2006;kf;14800422;Bergsjön, Östra Bergsjön;V;34;66
2006;kf;14800422;Bergsjön, Östra Bergsjön;MP;66;38
2006;kf;14800422;Bergsjön, Östra Bergsjön;VÄGV;4;
2006;kf;14800422;Bergsjön, Östra Bergsjön;SD;21;14
2006;kf;14800422;Bergsjön, Östra Bergsjön;K;9;16
2006;kf;14800422;Bergsjön, Östra Bergsjön;FI;5;13
2006;kf;14800422;Bergsjön, Östra Bergsjön;PP;5;
2006;kf;14800422;Bergsjön, Östra Bergsjön;RS;3;
2006;kf;14800422;Bergsjön, Östra Bergsjön;SOC.P;2;
2006;kf;14800422;Bergsjön, Östra Bergsjön;HANDSKRIVNA;1;1
2006;kf;14800422;Bergsjön, Östra Bergsjön;BLANK;0;7
2006;kf;14800422;Bergsjön, Östra Bergsjön;OG;1;
2006;kf;14800141;Gunnared, Angereds Centrum;M;97;69
2006;kf;14800141;Gunnared, Angereds Centrum;C;3;10
2006;kf;14800141;Gunnared, Angereds Centrum;L;33;49
2006;kf;14800141;Gunnared, Angereds Centrum;KD;56;59
2006;kf;14800141;Gunnared, Angereds Centrum;S;583;496
2006;kf;14800141;Gunnared, Angereds Centrum;V;92;102
2006;kf;14800141;Gunnared, Angereds Centrum;MP;61;33
2006;kf;14800141;Gunnared, Angereds Centrum;VÄGV;25;
2006;kf;14800141;Gunnared, Angereds Centrum;SD;51;28
2006;kf;14800141;Gunnared, Angereds Centrum;RS;12;3
2006;kf;14800141;Gunnared, Angereds Centrum;PP;9;
2006;kf;14800141;Gunnared, Angereds Centrum;FI;8;7
2006;kf;14800141;Gunnared, Angereds Centrum;K;8;22
2006;kf;14800141;Gunnared, Angereds Centrum;SOC.P;3;5
2006;kf;14800141;Gunnared, Angereds Centrum;1016;2;
2006;kf;14800141;Gunnared, Angereds Centrum;ND;0;1
2006;kf;14800141;Gunnared, Angereds Centrum;SPI;0;3
2006;kf;14800141;Gunnared, Angereds Centrum;HANDSKRIVNA;1;1
2006;kf;14800141;Gunnared, Angereds Centrum;BLANK;8;12
2006;kf;14800141;Gunnared, Angereds Centrum;OG;0;
2006;kf;14800111;Gunnared, Lövgärdets Centrum;M;54;58
2006;kf;14800111;Gunnared, Lövgärdets Centrum;C;2;9
2006;kf;14800111;Gunnared, Lövgärdets Centrum;L;17;26
2006;kf;14800111;Gunnared, Lövgärdets Centrum;KD;19;27
2006;kf;14800111;Gunnared, Lövgärdets Centrum;S;383;346
2006;kf;14800111;Gunnared, Lövgärdets Centrum;V;62;82
2006;kf;14800111;Gunnared, Lövgärdets Centrum;MP;36;33
2006;kf;14800111;Gunnared, Lövgärdets Centrum;VÄGV;16;
2006;kf;14800111;Gunnared, Lövgärdets Centrum;SD;59;25
2006;kf;14800111;Gunnared, Lövgärdets Centrum;K;10;21
2006;kf;14800111;Gunnared, Lövgärdets Centrum;PP;10;
2006;kf;14800111;Gunnared, Lövgärdets Centrum;SOC.P;6;
2006;kf;14800111;Gunnared, Lövgärdets Centrum;RS;4;
2006;kf;14800111;Gunnared, Lövgärdets Centrum;FI;2;6
2006;kf;14800111;Gunnared, Lövgärdets Centrum;ND;0;2
2006;kf;14800111;Gunnared, Lövgärdets Centrum;HANDSKRIVNA;0;2
2006;kf;14800111;Gunnared, Lövgärdets Centrum;BLANK;6;9
2006;kf;14800111;Gunnared, Lövgärdets Centrum;OG;1;2
2006;kf;14800113;Gunnared, Nedre Lövgärdet;M;152;94
2006;kf;14800113;Gunnared, Nedre Lövgärdet;C;4;13
2006;kf;14800113;Gunnared, Nedre Lövgärdet;L;32;46
2006;kf;14800113;Gunnared, Nedre Lövgärdet;KD;24;26
2006;kf;14800113;Gunnared, Nedre Lövgärdet;S;625;612
2006;kf;14800113;Gunnared, Nedre Lövgärdet;V;122;85
2006;kf;14800113;Gunnared, Nedre Lövgärdet;MP;60;89
2006;kf;14800113;Gunnared, Nedre Lövgärdet;VÄGV;40;
2006;kf;14800113;Gunnared, Nedre Lövgärdet;SD;71;39
2006;kf;14800113;Gunnared, Nedre Lövgärdet;K;12;44
2006;kf;14800113;Gunnared, Nedre Lövgärdet;PP;12;
2006;kf;14800113;Gunnared, Nedre Lövgärdet;SOC.P;6;8
2006;kf;14800113;Gunnared, Nedre Lövgärdet;RS;5;1
2006;kf;14800113;Gunnared, Nedre Lövgärdet;1016;4;
2006;kf;14800113;Gunnared, Nedre Lövgärdet;FI;1;5
2006;kf;14800113;Gunnared, Nedre Lövgärdet;SPI;0;4
2006;kf;14800113;Gunnared, Nedre Lövgärdet;HANDSKRIVNA;2;2
2006;kf;14800113;Gunnared, Nedre Lövgärdet;BLANK;11;17
2006;kf;14800113;Gunnared, Nedre Lövgärdet;OG;2;
2006;kf;14800132;Gunnared, Norra Gårdsten;M;53;52
2006;kf;14800132;Gunnared, Norra Gårdsten;C;6;7
2006;kf;14800132;Gunnared, Norra Gårdsten;L;20;32
2006;kf;14800132;Gunnared, Norra Gårdsten;KD;20;23
2006;kf;14800132;Gunnared, Norra Gårdsten;S;598;489
2006;kf;14800132;Gunnared, Norra Gårdsten;V;59;78
2006;kf;14800132;Gunnared, Norra Gårdsten;MP;74;61
2006;kf;14800132;Gunnared, Norra Gårdsten;VÄGV;11;
2006;kf;14800132;Gunnared, Norra Gårdsten;SD;47;37
2006;kf;14800132;Gunnared, Norra Gårdsten;PP;10;
2006;kf;14800132;Gunnared, Norra Gårdsten;K;6;11
2006;kf;14800132;Gunnared, Norra Gårdsten;SOC.P;5;6
2006;kf;14800132;Gunnared, Norra Gårdsten;FI;4;8
2006;kf;14800132;Gunnared, Norra Gårdsten;RS;3;
2006;kf;14800132;Gunnared, Norra Gårdsten;SPI;0;1
2006;kf;14800132;Gunnared, Norra Gårdsten;HANDSKRIVNA;0;4
2006;kf;14800132;Gunnared, Norra Gårdsten;BLANK;3;6
2006;kf;14800132;Gunnared, Norra Gårdsten;OG;0;1
2006;kf;14800122;Gunnared, Norra Rannebergen;M;195;153
2006;kf;14800122;Gunnared, Norra Rannebergen;C;8;13
2006;kf;14800122;Gunnared, Norra Rannebergen;L;69;73
2006;kf;14800122;Gunnared, Norra Rannebergen;KD;39;59
2006;kf;14800122;Gunnared, Norra Rannebergen;S;543;614
2006;kf;14800122;Gunnared, Norra Rannebergen;V;107;121
2006;kf;14800122;Gunnared, Norra Rannebergen;MP;98;64
2006;kf;14800122;Gunnared, Norra Rannebergen;VÄGV;60;
2006;kf;14800122;Gunnared, Norra Rannebergen;SD;94;65
2006;kf;14800122;Gunnared, Norra Rannebergen;K;15;22
2006;kf;14800122;Gunnared, Norra Rannebergen;RS;10;1
2006;kf;14800122;Gunnared, Norra Rannebergen;PP;7;
2006;kf;14800122;Gunnared, Norra Rannebergen;FI;6;10
2006;kf;14800122;Gunnared, Norra Rannebergen;SOC.P;5;2
2006;kf;14800122;Gunnared, Norra Rannebergen;1016;2;
2006;kf;14800122;Gunnared, Norra Rannebergen;SPI;0;3
2006;kf;14800122;Gunnared, Norra Rannebergen;BLANK;7;19
2006;kf;14800122;Gunnared, Norra Rannebergen;OG;0;
2006;kf;14800134;Gunnared, Södra Gårdsten;M;51;
2006;kf;14800134;Gunnared, Södra Gårdsten;C;4;
2006;kf;14800134;Gunnared, Södra Gårdsten;L;14;
2006;kf;14800134;Gunnared, Södra Gårdsten;KD;9;
2006;kf;14800134;Gunnared, Södra Gårdsten;S;310;
2006;kf;14800134;Gunnared, Södra Gårdsten;V;55;
2006;kf;14800134;Gunnared, Södra Gårdsten;MP;22;
2006;kf;14800134;Gunnared, Södra Gårdsten;VÄGV;16;
2006;kf;14800134;Gunnared, Södra Gårdsten;SD;25;
2006;kf;14800134;Gunnared, Södra Gårdsten;RS;4;
2006;kf;14800134;Gunnared, Södra Gårdsten;SOC.P;4;
2006;kf;14800134;Gunnared, Södra Gårdsten;PP;3;
2006;kf;14800134;Gunnared, Södra Gårdsten;K;2;
2006;kf;14800134;Gunnared, Södra Gårdsten;FI;0;
2006;kf;14800134;Gunnared, Södra Gårdsten;SPI;0;
2006;kf;14800134;Gunnared, Södra Gårdsten;BLANK;3;
2006;kf;14800134;Gunnared, Södra Gårdsten;OG;0;
2006;kf;14800121;Gunnared, Södra Rannebergen;M;87;74
2006;kf;14800121;Gunnared, Södra Rannebergen;C;7;17
2006;kf;14800121;Gunnared, Södra Rannebergen;L;25;39
2006;kf;14800121;Gunnared, Södra Rannebergen;KD;26;44
2006;kf;14800121;Gunnared, Södra Rannebergen;S;475;500
2006;kf;14800121;Gunnared, Södra Rannebergen;V;99;93
2006;kf;14800121;Gunnared, Södra Rannebergen;MP;68;49
2006;kf;14800121;Gunnared, Södra Rannebergen;VÄGV;19;
2006;kf;14800121;Gunnared, Södra Rannebergen;SD;143;86
2006;kf;14800121;Gunnared, Södra Rannebergen;RS;17;2
2006;kf;14800121;Gunnared, Södra Rannebergen;K;11;16
2006;kf;14800121;Gunnared, Södra Rannebergen;PP;10;
2006;kf;14800121;Gunnared, Södra Rannebergen;SOC.P;4;
2006;kf;14800121;Gunnared, Södra Rannebergen;FI;3;5
2006;kf;14800121;Gunnared, Södra Rannebergen;1016;1;
2006;kf;14800121;Gunnared, Södra Rannebergen;ND;0;2
2006;kf;14800121;Gunnared, Södra Rannebergen;SPI;0;5
2006;kf;14800121;Gunnared, Södra Rannebergen;HANDSKRIVNA;1;
2006;kf;14800121;Gunnared, Södra Rannebergen;BLANK;12;21
2006;kf;14800121;Gunnared, Södra Rannebergen;OG;0;
2006;kf;14800142;Gunnared, Trädgårdsgärdet;M;93;81
2006;kf;14800142;Gunnared, Trädgårdsgärdet;C;8;6
2006;kf;14800142;Gunnared, Trädgårdsgärdet;L;29;31
2006;kf;14800142;Gunnared, Trädgårdsgärdet;KD;37;38
2006;kf;14800142;Gunnared, Trädgårdsgärdet;S;433;395
2006;kf;14800142;Gunnared, Trädgårdsgärdet;V;75;79
2006;kf;14800142;Gunnared, Trädgårdsgärdet;MP;89;46
2006;kf;14800142;Gunnared, Trädgårdsgärdet;VÄGV;26;
2006;kf;14800142;Gunnared, Trädgårdsgärdet;SD;28;16
2006;kf;14800142;Gunnared, Trädgårdsgärdet;SOC.P;10;3
2006;kf;14800142;Gunnared, Trädgårdsgärdet;K;7;18
2006;kf;14800142;Gunnared, Trädgårdsgärdet;PP;7;
2006;kf;14800142;Gunnared, Trädgårdsgärdet;FI;4;8
2006;kf;14800142;Gunnared, Trädgårdsgärdet;RS;4;2
2006;kf;14800142;Gunnared, Trädgårdsgärdet;1016;1;
2006;kf;14800142;Gunnared, Trädgårdsgärdet;HANDSKRIVNA;1;
2006;kf;14800142;Gunnared, Trädgårdsgärdet;BLANK;1;7
2006;kf;14800142;Gunnared, Trädgårdsgärdet;OG;0;1
2006;kf;14800131;Gunnared, Västra Gårdsten;M;41;
2006;kf;14800131;Gunnared, Västra Gårdsten;C;4;
2006;kf;14800131;Gunnared, Västra Gårdsten;L;11;
2006;kf;14800131;Gunnared, Västra Gårdsten;KD;13;
2006;kf;14800131;Gunnared, Västra Gårdsten;S;325;
2006;kf;14800131;Gunnared, Västra Gårdsten;V;59;
2006;kf;14800131;Gunnared, Västra Gårdsten;MP;39;
2006;kf;14800131;Gunnared, Västra Gårdsten;VÄGV;14;
2006;kf;14800131;Gunnared, Västra Gårdsten;SD;50;
2006;kf;14800131;Gunnared, Västra Gårdsten;K;3;
2006;kf;14800131;Gunnared, Västra Gårdsten;PP;3;
2006;kf;14800131;Gunnared, Västra Gårdsten;SOC.P;3;
2006;kf;14800131;Gunnared, Västra Gårdsten;1016;1;
2006;kf;14800131;Gunnared, Västra Gårdsten;FI;1;
2006;kf;14800131;Gunnared, Västra Gårdsten;RS;1;
2006;kf;14800131;Gunnared, Västra Gårdsten;ND;0;
2006;kf;14800131;Gunnared, Västra Gårdsten;SPI;0;
2006;kf;14800131;Gunnared, Västra Gårdsten;HANDSKRIVNA;0;
2006;kf;14800131;Gunnared, Västra Gårdsten;BLANK;4;
2006;kf;14800131;Gunnared, Västra Gårdsten;OG;0;
2006;kf;14800133;Gunnared, Östra Gårdsten;M;63;77
2006;kf;14800133;Gunnared, Östra Gårdsten;C;5;5
2006;kf;14800133;Gunnared, Östra Gårdsten;L;38;40
2006;kf;14800133;Gunnared, Östra Gårdsten;KD;26;27
2006;kf;14800133;Gunnared, Östra Gårdsten;S;486;406
2006;kf;14800133;Gunnared, Östra Gårdsten;V;55;67
2006;kf;14800133;Gunnared, Östra Gårdsten;MP;44;51
2006;kf;14800133;Gunnared, Östra Gårdsten;VÄGV;29;
2006;kf;14800133;Gunnared, Östra Gårdsten;SD;41;25
2006;kf;14800133;Gunnared, Östra Gårdsten;K;12;24
2006;kf;14800133;Gunnared, Östra Gårdsten;SOC.P;8;2
2006;kf;14800133;Gunnared, Östra Gårdsten;PP;6;
2006;kf;14800133;Gunnared, Östra Gårdsten;RS;6;
2006;kf;14800133;Gunnared, Östra Gårdsten;1016;1;
2006;kf;14800133;Gunnared, Östra Gårdsten;FI;1;2
2006;kf;14800133;Gunnared, Östra Gårdsten;HANDSKRIVNA;3;1
2006;kf;14800133;Gunnared, Östra Gårdsten;BLANK;6;7
2006;kf;14800133;Gunnared, Östra Gårdsten;OG;1;
2006;kf;14800112;Gunnared, Övre Lövgärdet;M;65;54
2006;kf;14800112;Gunnared, Övre Lövgärdet;C;3;5
2006;kf;14800112;Gunnared, Övre Lövgärdet;L;22;24
2006;kf;14800112;Gunnared, Övre Lövgärdet;KD;10;14
2006;kf;14800112;Gunnared, Övre Lövgärdet;S;633;503
2006;kf;14800112;Gunnared, Övre Lövgärdet;V;91;82
2006;kf;14800112;Gunnared, Övre Lövgärdet;MP;57;36
2006;kf;14800112;Gunnared, Övre Lövgärdet;VÄGV;14;
2006;kf;14800112;Gunnared, Övre Lövgärdet;SD;32;28
2006;kf;14800112;Gunnared, Övre Lövgärdet;SOC.P;14;
2006;kf;14800112;Gunnared, Övre Lövgärdet;RS;13;2
2006;kf;14800112;Gunnared, Övre Lövgärdet;PP;11;
2006;kf;14800112;Gunnared, Övre Lövgärdet;K;9;16
2006;kf;14800112;Gunnared, Övre Lövgärdet;FI;3;5
2006;kf;14800112;Gunnared, Övre Lövgärdet;1016;1;
2006;kf;14800112;Gunnared, Övre Lövgärdet;HANDSKRIVNA;0;3
2006;kf;14800112;Gunnared, Övre Lövgärdet;BLANK;4;11
2006;kf;14800112;Gunnared, Övre Lövgärdet;OG;4;
2006;kf;14800532;Härlanda, Fräntorp;M;229;123
2006;kf;14800532;Härlanda, Fräntorp;C;10;18
2006;kf;14800532;Härlanda, Fräntorp;L;115;90
2006;kf;14800532;Härlanda, Fräntorp;KD;40;48
2006;kf;14800532;Härlanda, Fräntorp;S;283;312
2006;kf;14800532;Härlanda, Fräntorp;V;56;50
2006;kf;14800532;Härlanda, Fräntorp;MP;75;63
2006;kf;14800532;Härlanda, Fräntorp;VÄGV;54;
2006;kf;14800532;Härlanda, Fräntorp;SD;34;29
2006;kf;14800532;Härlanda, Fräntorp;FI;10;5
2006;kf;14800532;Härlanda, Fräntorp;K;5;10
2006;kf;14800532;Härlanda, Fräntorp;PP;5;
2006;kf;14800532;Härlanda, Fräntorp;SOC.P;3;1
2006;kf;14800532;Härlanda, Fräntorp;1016;1;
2006;kf;14800532;Härlanda, Fräntorp;SPI;0;3
2006;kf;14800532;Härlanda, Fräntorp;HANDSKRIVNA;0;3
2006;kf;14800532;Härlanda, Fräntorp;BLANK;10;16
2006;kf;14800532;Härlanda, Fräntorp;OG;0;
2006;kf;14800511;Härlanda, Härlanda;M;305;248
2006;kf;14800511;Härlanda, Härlanda;C;37;40
2006;kf;14800511;Härlanda, Härlanda;L;121;140
2006;kf;14800511;Härlanda, Härlanda;KD;43;48
2006;kf;14800511;Härlanda, Härlanda;S;228;311
2006;kf;14800511;Härlanda, Härlanda;V;51;54
2006;kf;14800511;Härlanda, Härlanda;MP;133;100
2006;kf;14800511;Härlanda, Härlanda;VÄGV;48;
2006;kf;14800511;Härlanda, Härlanda;SD;20;16
2006;kf;14800511;Härlanda, Härlanda;FI;13;15
2006;kf;14800511;Härlanda, Härlanda;PP;4;
2006;kf;14800511;Härlanda, Härlanda;K;3;8
2006;kf;14800511;Härlanda, Härlanda;1016;2;
2006;kf;14800511;Härlanda, Härlanda;SOC.P;0;1
2006;kf;14800511;Härlanda, Härlanda;HANDSKRIVNA;2;1
2006;kf;14800511;Härlanda, Härlanda;BLANK;6;9
2006;kf;14800511;Härlanda, Härlanda;OG;0;
2006;kf;14800525;Härlanda, Munkebäck;M;334;276
2006;kf;14800525;Härlanda, Munkebäck;C;27;47
2006;kf;14800525;Härlanda, Munkebäck;L;103;134
2006;kf;14800525;Härlanda, Munkebäck;KD;45;57
2006;kf;14800525;Härlanda, Munkebäck;S;376;480
2006;kf;14800525;Härlanda, Munkebäck;V;89;106
2006;kf;14800525;Härlanda, Munkebäck;MP;150;94
2006;kf;14800525;Härlanda, Munkebäck;VÄGV;74;
2006;kf;14800525;Härlanda, Munkebäck;SD;68;38
2006;kf;14800525;Härlanda, Munkebäck;FI;24;19
2006;kf;14800525;Härlanda, Munkebäck;PP;7;
2006;kf;14800525;Härlanda, Munkebäck;K;5;11
2006;kf;14800525;Härlanda, Munkebäck;1016;1;
2006;kf;14800525;Härlanda, Munkebäck;RS;1;
2006;kf;14800525;Härlanda, Munkebäck;SOC.P;1;1
2006;kf;14800525;Härlanda, Munkebäck;0450;0;1
2006;kf;14800525;Härlanda, Munkebäck;ND;0;1
2006;kf;14800525;Härlanda, Munkebäck;SPI;0;2
2006;kf;14800525;Härlanda, Munkebäck;HANDSKRIVNA;0;2
2006;kf;14800525;Härlanda, Munkebäck;BLANK;14;24
2006;kf;14800525;Härlanda, Munkebäck;OG;1;
2006;kf;14800543;Härlanda, Norra Björkekärr;M;138;143
2006;kf;14800543;Härlanda, Norra Björkekärr;C;20;27
2006;kf;14800543;Härlanda, Norra Björkekärr;L;61;94
2006;kf;14800543;Härlanda, Norra Björkekärr;KD;28;55
2006;kf;14800543;Härlanda, Norra Björkekärr;S;242;287
2006;kf;14800543;Härlanda, Norra Björkekärr;V;38;34
2006;kf;14800543;Härlanda, Norra Björkekärr;MP;93;64
2006;kf;14800543;Härlanda, Norra Björkekärr;VÄGV;29;
2006;kf;14800543;Härlanda, Norra Björkekärr;SD;50;20
2006;kf;14800543;Härlanda, Norra Björkekärr;FI;8;3
2006;kf;14800543;Härlanda, Norra Björkekärr;K;4;5
2006;kf;14800543;Härlanda, Norra Björkekärr;PP;4;
2006;kf;14800543;Härlanda, Norra Björkekärr;RS;1;
2006;kf;14800543;Härlanda, Norra Björkekärr;SOC.P;1;
2006;kf;14800543;Härlanda, Norra Björkekärr;HANDSKRIVNA;2;
2006;kf;14800543;Härlanda, Norra Björkekärr;BLANK;10;11
2006;kf;14800543;Härlanda, Norra Björkekärr;OG;0;1
2006;kf;14800544;Härlanda, Robertshöjd;M;181;158
2006;kf;14800544;Härlanda, Robertshöjd;C;26;33
2006;kf;14800544;Härlanda, Robertshöjd;L;74;100
2006;kf;14800544;Härlanda, Robertshöjd;KD;57;70
2006;kf;14800544;Härlanda, Robertshöjd;S;468;530
2006;kf;14800544;Härlanda, Robertshöjd;V;101;101
2006;kf;14800544;Härlanda, Robertshöjd;MP;145;120
2006;kf;14800544;Härlanda, Robertshöjd;VÄGV;50;
2006;kf;14800544;Härlanda, Robertshöjd;SD;85;49
2006;kf;14800544;Härlanda, Robertshöjd;K;16;17
2006;kf;14800544;Härlanda, Robertshöjd;FI;14;27
2006;kf;14800544;Härlanda, Robertshöjd;PP;10;
2006;kf;14800544;Härlanda, Robertshöjd;RS;6;1
2006;kf;14800544;Härlanda, Robertshöjd;SOC.P;5;1
2006;kf;14800544;Härlanda, Robertshöjd;1016;1;
2006;kf;14800544;Härlanda, Robertshöjd;0450;0;1
2006;kf;14800544;Härlanda, Robertshöjd;SPI;0;5
2006;kf;14800544;Härlanda, Robertshöjd;HANDSKRIVNA;2;2
2006;kf;14800544;Härlanda, Robertshöjd;BLANK;13;20
2006;kf;14800544;Härlanda, Robertshöjd;OG;0;1
2006;kf;14800541;Härlanda, Södra Björkekärr;M;428;412
2006;kf;14800541;Härlanda, Södra Björkekärr;C;50;51
2006;kf;14800541;Härlanda, Södra Björkekärr;L;233;259
2006;kf;14800541;Härlanda, Södra Björkekärr;KD;89;140
2006;kf;14800541;Härlanda, Södra Björkekärr;S;390;431
2006;kf;14800541;Härlanda, Södra Björkekärr;V;77;63
2006;kf;14800541;Härlanda, Södra Björkekärr;MP;200;159
2006;kf;14800541;Härlanda, Södra Björkekärr;VÄGV;71;
2006;kf;14800541;Härlanda, Södra Björkekärr;SD;40;20
2006;kf;14800541;Härlanda, Södra Björkekärr;FI;14;19
2006;kf;14800541;Härlanda, Södra Björkekärr;PP;6;
2006;kf;14800541;Härlanda, Södra Björkekärr;K;5;12
2006;kf;14800541;Härlanda, Södra Björkekärr;SOC.P;3;1
2006;kf;14800541;Härlanda, Södra Björkekärr;1016;2;
2006;kf;14800541;Härlanda, Södra Björkekärr;RS;1;
2006;kf;14800541;Härlanda, Södra Björkekärr;SPI;0;6
2006;kf;14800541;Härlanda, Södra Björkekärr;HANDSKRIVNA;2;3
2006;kf;14800541;Härlanda, Södra Björkekärr;BLANK;10;15
2006;kf;14800541;Härlanda, Södra Björkekärr;OG;0;
2006;kf;14800521;Härlanda, Södra Kålltorp;M;361;282
2006;kf;14800521;Härlanda, Södra Kålltorp;C;58;59
2006;kf;14800521;Härlanda, Södra Kålltorp;L;153;160
2006;kf;14800521;Härlanda, Södra Kålltorp;KD;41;80
2006;kf;14800521;Härlanda, Södra Kålltorp;S;269;360
2006;kf;14800521;Härlanda, Södra Kålltorp;V;95;81
2006;kf;14800521;Härlanda, Södra Kålltorp;MP;186;140
2006;kf;14800521;Härlanda, Södra Kålltorp;VÄGV;61;
2006;kf;14800521;Härlanda, Södra Kålltorp;SD;49;38
2006;kf;14800521;Härlanda, Södra Kålltorp;FI;11;12
2006;kf;14800521;Härlanda, Södra Kålltorp;K;4;9
2006;kf;14800521;Härlanda, Södra Kålltorp;SOC.P;4;3
2006;kf;14800521;Härlanda, Södra Kålltorp;1016;3;
2006;kf;14800521;Härlanda, Södra Kålltorp;RS;2;
2006;kf;14800521;Härlanda, Södra Kålltorp;ND;0;2
2006;kf;14800521;Härlanda, Södra Kålltorp;SPI;0;1
2006;kf;14800521;Härlanda, Södra Kålltorp;HANDSKRIVNA;1;
2006;kf;14800521;Härlanda, Södra Kålltorp;BLANK;15;25
2006;kf;14800521;Härlanda, Södra Kålltorp;OG;0;
2006;kf;14800531;Härlanda, Torpa;M;235;266
2006;kf;14800531;Härlanda, Torpa;C;27;34
2006;kf;14800531;Härlanda, Torpa;L;131;152
2006;kf;14800531;Härlanda, Torpa;KD;53;53
2006;kf;14800531;Härlanda, Torpa;S;466;473
2006;kf;14800531;Härlanda, Torpa;V;110;104
2006;kf;14800531;Härlanda, Torpa;MP;180;121
2006;kf;14800531;Härlanda, Torpa;VÄGV;77;
2006;kf;14800531;Härlanda, Torpa;SD;62;36
2006;kf;14800531;Härlanda, Torpa;FI;15;22
2006;kf;14800531;Härlanda, Torpa;K;14;15
2006;kf;14800531;Härlanda, Torpa;PP;10;
2006;kf;14800531;Härlanda, Torpa;SOC.P;7;3
2006;kf;14800531;Härlanda, Torpa;1016;4;
2006;kf;14800531;Härlanda, Torpa;RS;1;2
2006;kf;14800531;Härlanda, Torpa;0450;0;2
2006;kf;14800531;Härlanda, Torpa;SPI;0;2
2006;kf;14800531;Härlanda, Torpa;HANDSKRIVNA;2;
2006;kf;14800531;Härlanda, Torpa;BLANK;16;26
2006;kf;14800531;Härlanda, Torpa;OG;0;
2006;kf;14800524;Härlanda, Vidkärr;M;271;245
2006;kf;14800524;Härlanda, Vidkärr;C;29;36
2006;kf;14800524;Härlanda, Vidkärr;L;91;101
2006;kf;14800524;Härlanda, Vidkärr;KD;33;55
2006;kf;14800524;Härlanda, Vidkärr;S;307;355
2006;kf;14800524;Härlanda, Vidkärr;V;80;69
2006;kf;14800524;Härlanda, Vidkärr;MP;173;98
2006;kf;14800524;Härlanda, Vidkärr;VÄGV;37;
2006;kf;14800524;Härlanda, Vidkärr;SD;34;31
2006;kf;14800524;Härlanda, Vidkärr;FI;14;15
2006;kf;14800524;Härlanda, Vidkärr;PP;7;
2006;kf;14800524;Härlanda, Vidkärr;K;6;11
2006;kf;14800524;Härlanda, Vidkärr;SOC.P;2;2
2006;kf;14800524;Härlanda, Vidkärr;1016;1;
2006;kf;14800524;Härlanda, Vidkärr;RS;1;
2006;kf;14800524;Härlanda, Vidkärr;SPI;0;3
2006;kf;14800524;Härlanda, Vidkärr;HANDSKRIVNA;0;3
2006;kf;14800524;Härlanda, Vidkärr;BLANK;21;25
2006;kf;14800524;Härlanda, Vidkärr;OG;0;1
2006;kf;14800542;Härlanda, Västra Björkekärr;M;235;223
2006;kf;14800542;Härlanda, Västra Björkekärr;C;53;53
2006;kf;14800542;Härlanda, Västra Björkekärr;L;119;165
2006;kf;14800542;Härlanda, Västra Björkekärr;KD;68;86
2006;kf;14800542;Härlanda, Västra Björkekärr;S;330;372
2006;kf;14800542;Härlanda, Västra Björkekärr;V;142;144
2006;kf;14800542;Härlanda, Västra Björkekärr;MP;224;169
2006;kf;14800542;Härlanda, Västra Björkekärr;VÄGV;37;
2006;kf;14800542;Härlanda, Västra Björkekärr;SD;39;26
2006;kf;14800542;Härlanda, Västra Björkekärr;FI;24;25
2006;kf;14800542;Härlanda, Västra Björkekärr;K;12;16
2006;kf;14800542;Härlanda, Västra Björkekärr;PP;11;
2006;kf;14800542;Härlanda, Västra Björkekärr;RS;7;2
2006;kf;14800542;Härlanda, Västra Björkekärr;1016;5;
2006;kf;14800542;Härlanda, Västra Björkekärr;SOC.P;3;2
2006;kf;14800542;Härlanda, Västra Björkekärr;SPI;0;1
2006;kf;14800542;Härlanda, Västra Björkekärr;HANDSKRIVNA;0;2
2006;kf;14800542;Härlanda, Västra Björkekärr;BLANK;19;15
2006;kf;14800542;Härlanda, Västra Björkekärr;OG;0;1
2006;kf;14800522;Härlanda, Västra Kålltorp;M;207;152
2006;kf;14800522;Härlanda, Västra Kålltorp;C;26;23
2006;kf;14800522;Härlanda, Västra Kålltorp;L;74;108
2006;kf;14800522;Härlanda, Västra Kålltorp;KD;27;34
2006;kf;14800522;Härlanda, Västra Kålltorp;S;230;278
2006;kf;14800522;Härlanda, Västra Kålltorp;V;59;78
2006;kf;14800522;Härlanda, Västra Kålltorp;MP;151;102
2006;kf;14800522;Härlanda, Västra Kålltorp;VÄGV;38;
2006;kf;14800522;Härlanda, Västra Kålltorp;SD;39;17
2006;kf;14800522;Härlanda, Västra Kålltorp;FI;13;16
2006;kf;14800522;Härlanda, Västra Kålltorp;K;4;4
2006;kf;14800522;Härlanda, Västra Kålltorp;SOC.P;1;1
2006;kf;14800522;Härlanda, Västra Kålltorp;ND;0;1
2006;kf;14800522;Härlanda, Västra Kålltorp;HANDSKRIVNA;0;1
2006;kf;14800522;Härlanda, Västra Kålltorp;BLANK;16;17
2006;kf;14800522;Härlanda, Västra Kålltorp;OG;0;
2006;kf;14800523;Härlanda, Östra Kålltorp;M;139;148
2006;kf;14800523;Härlanda, Östra Kålltorp;C;19;28
2006;kf;14800523;Härlanda, Östra Kålltorp;L;59;66
2006;kf;14800523;Härlanda, Östra Kålltorp;KD;25;32
2006;kf;14800523;Härlanda, Östra Kålltorp;S;261;309
2006;kf;14800523;Härlanda, Östra Kålltorp;V;96;85
2006;kf;14800523;Härlanda, Östra Kålltorp;MP;138;101
2006;kf;14800523;Härlanda, Östra Kålltorp;VÄGV;33;
2006;kf;14800523;Härlanda, Östra Kålltorp;SD;41;14
2006;kf;14800523;Härlanda, Östra Kålltorp;FI;13;15
2006;kf;14800523;Härlanda, Östra Kålltorp;PP;10;
2006;kf;14800523;Härlanda, Östra Kålltorp;K;5;9
2006;kf;14800523;Härlanda, Östra Kålltorp;RS;4;
2006;kf;14800523;Härlanda, Östra Kålltorp;1016;1;
2006;kf;14800523;Härlanda, Östra Kålltorp;0450;0;1
2006;kf;14800523;Härlanda, Östra Kålltorp;ND;0;3
2006;kf;14800523;Härlanda, Östra Kålltorp;HANDSKRIVNA;2;2
2006;kf;14800523;Härlanda, Östra Kålltorp;BLANK;9;26
2006;kf;14800523;Härlanda, Östra Kålltorp;OG;0;
2006;kf;14800341;Kortedala, Adventsparken;M;103;127
2006;kf;14800341;Kortedala, Adventsparken;C;8;11
2006;kf;14800341;Kortedala, Adventsparken;L;50;59
2006;kf;14800341;Kortedala, Adventsparken;KD;25;42
2006;kf;14800341;Kortedala, Adventsparken;S;477;508
2006;kf;14800341;Kortedala, Adventsparken;V;78;94
2006;kf;14800341;Kortedala, Adventsparken;MP;66;55
2006;kf;14800341;Kortedala, Adventsparken;VÄGV;42;
2006;kf;14800341;Kortedala, Adventsparken;SD;82;48
2006;kf;14800341;Kortedala, Adventsparken;K;22;29
2006;kf;14800341;Kortedala, Adventsparken;PP;9;
2006;kf;14800341;Kortedala, Adventsparken;FI;6;7
2006;kf;14800341;Kortedala, Adventsparken;RS;5;3
2006;kf;14800341;Kortedala, Adventsparken;SOC.P;2;3
2006;kf;14800341;Kortedala, Adventsparken;1016;1;
2006;kf;14800341;Kortedala, Adventsparken;ND;0;1
2006;kf;14800341;Kortedala, Adventsparken;SPI;0;5
2006;kf;14800341;Kortedala, Adventsparken;BLANK;4;12
2006;kf;14800341;Kortedala, Adventsparken;OG;0;
2006;kf;14800314;Kortedala, Bellevue;M;125;109
2006;kf;14800314;Kortedala, Bellevue;C;23;23
2006;kf;14800314;Kortedala, Bellevue;L;50;75
2006;kf;14800314;Kortedala, Bellevue;KD;17;30
2006;kf;14800314;Kortedala, Bellevue;S;254;295
2006;kf;14800314;Kortedala, Bellevue;V;110;79
2006;kf;14800314;Kortedala, Bellevue;MP;141;94
2006;kf;14800314;Kortedala, Bellevue;VÄGV;22;
2006;kf;14800314;Kortedala, Bellevue;SD;51;30
2006;kf;14800314;Kortedala, Bellevue;FI;26;33
2006;kf;14800314;Kortedala, Bellevue;K;13;16
2006;kf;14800314;Kortedala, Bellevue;PP;8;
2006;kf;14800314;Kortedala, Bellevue;RS;6;4
2006;kf;14800314;Kortedala, Bellevue;SOC.P;5;3
2006;kf;14800314;Kortedala, Bellevue;1016;3;
2006;kf;14800314;Kortedala, Bellevue;0450;0;1
2006;kf;14800314;Kortedala, Bellevue;HANDSKRIVNA;0;3
2006;kf;14800314;Kortedala, Bellevue;BLANK;11;12
2006;kf;14800314;Kortedala, Bellevue;OG;1;
2006;kf;14800323;Kortedala, Fjällbo;M;286;220
2006;kf;14800323;Kortedala, Fjällbo;C;25;36
2006;kf;14800323;Kortedala, Fjällbo;L;95;145
2006;kf;14800323;Kortedala, Fjällbo;KD;54;67
2006;kf;14800323;Kortedala, Fjällbo;S;436;496
2006;kf;14800323;Kortedala, Fjällbo;V;77;72
2006;kf;14800323;Kortedala, Fjällbo;MP;103;78
2006;kf;14800323;Kortedala, Fjällbo;VÄGV;65;
2006;kf;14800323;Kortedala, Fjällbo;SD;51;18
2006;kf;14800323;Kortedala, Fjällbo;PP;10;
2006;kf;14800323;Kortedala, Fjällbo;FI;6;12
2006;kf;14800323;Kortedala, Fjällbo;K;4;7
2006;kf;14800323;Kortedala, Fjällbo;1016;2;
2006;kf;14800323;Kortedala, Fjällbo;RS;1;
2006;kf;14800323;Kortedala, Fjällbo;0450;0;4
2006;kf;14800323;Kortedala, Fjällbo;ND;0;1
2006;kf;14800323;Kortedala, Fjällbo;SOC.P;0;1
2006;kf;14800323;Kortedala, Fjällbo;SPI;0;3
2006;kf;14800323;Kortedala, Fjällbo;HANDSKRIVNA;0;2
2006;kf;14800323;Kortedala, Fjällbo;BLANK;11;18
2006;kf;14800323;Kortedala, Fjällbo;OG;1;2
2006;kf;14800311;Kortedala, Gamlestaden;M;167;147
2006;kf;14800311;Kortedala, Gamlestaden;C;23;24
2006;kf;14800311;Kortedala, Gamlestaden;L;57;102
2006;kf;14800311;Kortedala, Gamlestaden;KD;25;30
2006;kf;14800311;Kortedala, Gamlestaden;S;394;399
2006;kf;14800311;Kortedala, Gamlestaden;V;163;143
2006;kf;14800311;Kortedala, Gamlestaden;MP;258;177
2006;kf;14800311;Kortedala, Gamlestaden;VÄGV;29;
2006;kf;14800311;Kortedala, Gamlestaden;SD;53;39
2006;kf;14800311;Kortedala, Gamlestaden;FI;37;46
2006;kf;14800311;Kortedala, Gamlestaden;K;25;33
2006;kf;14800311;Kortedala, Gamlestaden;PP;24;
2006;kf;14800311;Kortedala, Gamlestaden;SOC.P;4;7
2006;kf;14800311;Kortedala, Gamlestaden;1016;3;
2006;kf;14800311;Kortedala, Gamlestaden;RS;3;6
2006;kf;14800311;Kortedala, Gamlestaden;SPI;0;1
2006;kf;14800311;Kortedala, Gamlestaden;HANDSKRIVNA;1;1
2006;kf;14800311;Kortedala, Gamlestaden;BLANK;27;30
2006;kf;14800311;Kortedala, Gamlestaden;OG;1;
2006;kf;14800331;Kortedala, Gregorianska gatan m fl;M;58;69
2006;kf;14800331;Kortedala, Gregorianska gatan m fl;C;7;9
2006;kf;14800331;Kortedala, Gregorianska gatan m fl;L;21;31
2006;kf;14800331;Kortedala, Gregorianska gatan m fl;KD;19;22
2006;kf;14800331;Kortedala, Gregorianska gatan m fl;S;410;422
2006;kf;14800331;Kortedala, Gregorianska gatan m fl;V;96;84
2006;kf;14800331;Kortedala, Gregorianska gatan m fl;MP;82;73
2006;kf;14800331;Kortedala, Gregorianska gatan m fl;VÄGV;37;
2006;kf;14800331;Kortedala, Gregorianska gatan m fl;SD;50;34
2006;kf;14800331;Kortedala, Gregorianska gatan m fl;K;35;41
2006;kf;14800331;Kortedala, Gregorianska gatan m fl;FI;13;17
2006;kf;14800331;Kortedala, Gregorianska gatan m fl;PP;6;
2006;kf;14800331;Kortedala, Gregorianska gatan m fl;1016;5;
2006;kf;14800331;Kortedala, Gregorianska gatan m fl;RS;4;7
2006;kf;14800331;Kortedala, Gregorianska gatan m fl;SOC.P;1;1
2006;kf;14800331;Kortedala, Gregorianska gatan m fl;HANDSKRIVNA;0;2
2006;kf;14800331;Kortedala, Gregorianska gatan m fl;BLANK;8;14
2006;kf;14800331;Kortedala, Gregorianska gatan m fl;OG;1;
2006;kf;14800334;Kortedala, Kortedala Centrum;M;59;59
2006;kf;14800334;Kortedala, Kortedala Centrum;C;9;10
2006;kf;14800334;Kortedala, Kortedala Centrum;L;22;34
2006;kf;14800334;Kortedala, Kortedala Centrum;KD;31;19
2006;kf;14800334;Kortedala, Kortedala Centrum;S;448;476
2006;kf;14800334;Kortedala, Kortedala Centrum;V;118;84
2006;kf;14800334;Kortedala, Kortedala Centrum;MP;74;43
2006;kf;14800334;Kortedala, Kortedala Centrum;VÄGV;30;
2006;kf;14800334;Kortedala, Kortedala Centrum;SD;62;40
2006;kf;14800334;Kortedala, Kortedala Centrum;K;15;21
2006;kf;14800334;Kortedala, Kortedala Centrum;FI;14;7
2006;kf;14800334;Kortedala, Kortedala Centrum;SOC.P;8;7
2006;kf;14800334;Kortedala, Kortedala Centrum;PP;7;
2006;kf;14800334;Kortedala, Kortedala Centrum;RS;7;1
2006;kf;14800334;Kortedala, Kortedala Centrum;ND;0;2
2006;kf;14800334;Kortedala, Kortedala Centrum;SPI;0;2
2006;kf;14800334;Kortedala, Kortedala Centrum;HANDSKRIVNA;1;
2006;kf;14800334;Kortedala, Kortedala Centrum;BLANK;4;10
2006;kf;14800334;Kortedala, Kortedala Centrum;OG;0;
2006;kf;14800313;Kortedala, Kviberg;M;206;177
2006;kf;14800313;Kortedala, Kviberg;C;31;31
2006;kf;14800313;Kortedala, Kviberg;L;77;92
2006;kf;14800313;Kortedala, Kviberg;KD;45;66
2006;kf;14800313;Kortedala, Kviberg;S;487;488
2006;kf;14800313;Kortedala, Kviberg;V;97;119
2006;kf;14800313;Kortedala, Kviberg;MP;182;107
2006;kf;14800313;Kortedala, Kviberg;VÄGV;27;
2006;kf;14800313;Kortedala, Kviberg;SD;66;46
2006;kf;14800313;Kortedala, Kviberg;FI;27;24
2006;kf;14800313;Kortedala, Kviberg;K;13;19
2006;kf;14800313;Kortedala, Kviberg;PP;6;
2006;kf;14800313;Kortedala, Kviberg;SOC.P;4;2
2006;kf;14800313;Kortedala, Kviberg;RS;2;3
2006;kf;14800313;Kortedala, Kviberg;SPI;0;3
2006;kf;14800313;Kortedala, Kviberg;HANDSKRIVNA;1;4
2006;kf;14800313;Kortedala, Kviberg;BLANK;11;32
2006;kf;14800313;Kortedala, Kviberg;OG;0;1
2006;kf;14800343;Kortedala, Månadsgatorna m fl;M;128;117
2006;kf;14800343;Kortedala, Månadsgatorna m fl;C;5;17
2006;kf;14800343;Kortedala, Månadsgatorna m fl;L;50;74
2006;kf;14800343;Kortedala, Månadsgatorna m fl;KD;24;24
2006;kf;14800343;Kortedala, Månadsgatorna m fl;S;537;541
2006;kf;14800343;Kortedala, Månadsgatorna m fl;V;127;118
2006;kf;14800343;Kortedala, Månadsgatorna m fl;MP;89;83
2006;kf;14800343;Kortedala, Månadsgatorna m fl;VÄGV;38;
2006;kf;14800343;Kortedala, Månadsgatorna m fl;SD;86;46
2006;kf;14800343;Kortedala, Månadsgatorna m fl;FI;23;14
2006;kf;14800343;Kortedala, Månadsgatorna m fl;PP;16;
2006;kf;14800343;Kortedala, Månadsgatorna m fl;K;13;29
2006;kf;14800343;Kortedala, Månadsgatorna m fl;SOC.P;7;7
2006;kf;14800343;Kortedala, Månadsgatorna m fl;RS;3;3
2006;kf;14800343;Kortedala, Månadsgatorna m fl;1016;2;
2006;kf;14800343;Kortedala, Månadsgatorna m fl;SPI;0;2
2006;kf;14800343;Kortedala, Månadsgatorna m fl;HANDSKRIVNA;2;3
2006;kf;14800343;Kortedala, Månadsgatorna m fl;BLANK;7;22
2006;kf;14800343;Kortedala, Månadsgatorna m fl;OG;0;
2006;kf;14800342;Kortedala, Norra Kortedala;M;90;74
2006;kf;14800342;Kortedala, Norra Kortedala;C;10;18
2006;kf;14800342;Kortedala, Norra Kortedala;L;26;30
2006;kf;14800342;Kortedala, Norra Kortedala;KD;22;38
2006;kf;14800342;Kortedala, Norra Kortedala;S;568;558
2006;kf;14800342;Kortedala, Norra Kortedala;V;137;144
2006;kf;14800342;Kortedala, Norra Kortedala;MP;111;82
2006;kf;14800342;Kortedala, Norra Kortedala;VÄGV;36;
2006;kf;14800342;Kortedala, Norra Kortedala;SD;62;47
2006;kf;14800342;Kortedala, Norra Kortedala;K;34;46
2006;kf;14800342;Kortedala, Norra Kortedala;FI;28;15
2006;kf;14800342;Kortedala, Norra Kortedala;RS;12;5
2006;kf;14800342;Kortedala, Norra Kortedala;PP;8;
2006;kf;14800342;Kortedala, Norra Kortedala;SOC.P;6;3
2006;kf;14800342;Kortedala, Norra Kortedala;1016;4;
2006;kf;14800342;Kortedala, Norra Kortedala;SPI;0;2
2006;kf;14800342;Kortedala, Norra Kortedala;HANDSKRIVNA;3;1
2006;kf;14800342;Kortedala, Norra Kortedala;BLANK;12;31
2006;kf;14800342;Kortedala, Norra Kortedala;OG;0;1
2006;kf;14800312;Kortedala, Nylöse;M;117;106
2006;kf;14800312;Kortedala, Nylöse;C;16;17
2006;kf;14800312;Kortedala, Nylöse;L;35;58
2006;kf;14800312;Kortedala, Nylöse;KD;26;20
2006;kf;14800312;Kortedala, Nylöse;S;370;399
2006;kf;14800312;Kortedala, Nylöse;V;134;128
2006;kf;14800312;Kortedala, Nylöse;MP;142;91
2006;kf;14800312;Kortedala, Nylöse;VÄGV;33;
2006;kf;14800312;Kortedala, Nylöse;SD;49;32
2006;kf;14800312;Kortedala, Nylöse;K;33;28
2006;kf;14800312;Kortedala, Nylöse;FI;27;29
2006;kf;14800312;Kortedala, Nylöse;PP;8;
2006;kf;14800312;Kortedala, Nylöse;RS;6;1
2006;kf;14800312;Kortedala, Nylöse;SOC.P;3;5
2006;kf;14800312;Kortedala, Nylöse;SPI;0;1
2006;kf;14800312;Kortedala, Nylöse;HANDSKRIVNA;0;2
2006;kf;14800312;Kortedala, Nylöse;BLANK;21;33
2006;kf;14800312;Kortedala, Nylöse;OG;0;1
2006;kf;14800335;Kortedala, Södra Kortedala;M;147;104
2006;kf;14800335;Kortedala, Södra Kortedala;C;16;19
2006;kf;14800335;Kortedala, Södra Kortedala;L;53;80
2006;kf;14800335;Kortedala, Södra Kortedala;KD;39;64
2006;kf;14800335;Kortedala, Södra Kortedala;S;417;454
2006;kf;14800335;Kortedala, Södra Kortedala;V;83;75
2006;kf;14800335;Kortedala, Södra Kortedala;MP;107;67
2006;kf;14800335;Kortedala, Södra Kortedala;VÄGV;51;
2006;kf;14800335;Kortedala, Södra Kortedala;SD;50;37
2006;kf;14800335;Kortedala, Södra Kortedala;FI;17;12
2006;kf;14800335;Kortedala, Södra Kortedala;K;11;25
2006;kf;14800335;Kortedala, Södra Kortedala;RS;3;1
2006;kf;14800335;Kortedala, Södra Kortedala;1016;1;
2006;kf;14800335;Kortedala, Södra Kortedala;PP;1;
2006;kf;14800335;Kortedala, Södra Kortedala;SOC.P;1;3
2006;kf;14800335;Kortedala, Södra Kortedala;ND;0;1
2006;kf;14800335;Kortedala, Södra Kortedala;SPI;0;1
2006;kf;14800335;Kortedala, Södra Kortedala;HANDSKRIVNA;0;2
2006;kf;14800335;Kortedala, Södra Kortedala;BLANK;7;14
2006;kf;14800335;Kortedala, Södra Kortedala;OG;0;
2006;kf;14800322;Kortedala, Utby;M;302;268
2006;kf;14800322;Kortedala, Utby;C;29;40
2006;kf;14800322;Kortedala, Utby;L;135;142
2006;kf;14800322;Kortedala, Utby;KD;95;129
2006;kf;14800322;Kortedala, Utby;S;366;413
2006;kf;14800322;Kortedala, Utby;V;50;59
2006;kf;14800322;Kortedala, Utby;MP;132;96
2006;kf;14800322;Kortedala, Utby;VÄGV;82;
2006;kf;14800322;Kortedala, Utby;SD;46;25
2006;kf;14800322;Kortedala, Utby;K;13;8
2006;kf;14800322;Kortedala, Utby;1016;5;
2006;kf;14800322;Kortedala, Utby;PP;5;
2006;kf;14800322;Kortedala, Utby;FI;3;5
2006;kf;14800322;Kortedala, Utby;SOC.P;3;2
2006;kf;14800322;Kortedala, Utby;0450;0;1
2006;kf;14800322;Kortedala, Utby;RS;0;1
2006;kf;14800322;Kortedala, Utby;SPI;0;2
2006;kf;14800322;Kortedala, Utby;BLANK;18;22
2006;kf;14800322;Kortedala, Utby;OG;0;1
2006;kf;14800321;Kortedala, Utbynäs;M;241;227
2006;kf;14800321;Kortedala, Utbynäs;C;23;25
2006;kf;14800321;Kortedala, Utbynäs;L;94;115
2006;kf;14800321;Kortedala, Utbynäs;KD;56;62
2006;kf;14800321;Kortedala, Utbynäs;S;276;338
2006;kf;14800321;Kortedala, Utbynäs;V;36;29
2006;kf;14800321;Kortedala, Utbynäs;MP;81;50
2006;kf;14800321;Kortedala, Utbynäs;VÄGV;67;
2006;kf;14800321;Kortedala, Utbynäs;SD;52;35
2006;kf;14800321;Kortedala, Utbynäs;FI;4;11
2006;kf;14800321;Kortedala, Utbynäs;PP;3;
2006;kf;14800321;Kortedala, Utbynäs;1016;2;
2006;kf;14800321;Kortedala, Utbynäs;0450;1;
2006;kf;14800321;Kortedala, Utbynäs;K;0;2
2006;kf;14800321;Kortedala, Utbynäs;SOC.P;0;2
2006;kf;14800321;Kortedala, Utbynäs;SPI;0;6
2006;kf;14800321;Kortedala, Utbynäs;BLANK;16;11
2006;kf;14800321;Kortedala, Utbynäs;OG;0;2
2006;kf;14800332;Kortedala, Västra Kortedala;M;115;99
2006;kf;14800332;Kortedala, Västra Kortedala;C;7;16
2006;kf;14800332;Kortedala, Västra Kortedala;L;40;52
2006;kf;14800332;Kortedala, Västra Kortedala;KD;32;40
2006;kf;14800332;Kortedala, Västra Kortedala;S;537;574
2006;kf;14800332;Kortedala, Västra Kortedala;V;83;73
2006;kf;14800332;Kortedala, Västra Kortedala;MP;70;68
2006;kf;14800332;Kortedala, Västra Kortedala;VÄGV;54;
2006;kf;14800332;Kortedala, Västra Kortedala;SD;75;51
2006;kf;14800332;Kortedala, Västra Kortedala;K;18;29
2006;kf;14800332;Kortedala, Västra Kortedala;FI;11;4
2006;kf;14800332;Kortedala, Västra Kortedala;PP;11;
2006;kf;14800332;Kortedala, Västra Kortedala;RS;5;3
2006;kf;14800332;Kortedala, Västra Kortedala;SOC.P;4;5
2006;kf;14800332;Kortedala, Västra Kortedala;1016;3;
2006;kf;14800332;Kortedala, Västra Kortedala;0450;1;
2006;kf;14800332;Kortedala, Västra Kortedala;SPI;0;5
2006;kf;14800332;Kortedala, Västra Kortedala;HANDSKRIVNA;0;3
2006;kf;14800332;Kortedala, Västra Kortedala;BLANK;11;12
2006;kf;14800332;Kortedala, Västra Kortedala;OG;0;2
2006;kf;14800333;Kortedala, Östra Kortedala;M;107;104
2006;kf;14800333;Kortedala, Östra Kortedala;C;12;17
2006;kf;14800333;Kortedala, Östra Kortedala;L;41;69
2006;kf;14800333;Kortedala, Östra Kortedala;KD;28;40
2006;kf;14800333;Kortedala, Östra Kortedala;S;479;482
2006;kf;14800333;Kortedala, Östra Kortedala;V;104;109
2006;kf;14800333;Kortedala, Östra Kortedala;MP;91;97
2006;kf;14800333;Kortedala, Östra Kortedala;VÄGV;37;
2006;kf;14800333;Kortedala, Östra Kortedala;SD;62;52
2006;kf;14800333;Kortedala, Östra Kortedala;FI;26;18
2006;kf;14800333;Kortedala, Östra Kortedala;K;26;21
2006;kf;14800333;Kortedala, Östra Kortedala;RS;15;3
2006;kf;14800333;Kortedala, Östra Kortedala;PP;14;
2006;kf;14800333;Kortedala, Östra Kortedala;SOC.P;5;6
2006;kf;14800333;Kortedala, Östra Kortedala;0450;0;1
2006;kf;14800333;Kortedala, Östra Kortedala;SPI;0;4
2006;kf;14800333;Kortedala, Östra Kortedala;HANDSKRIVNA;0;4
2006;kf;14800333;Kortedala, Östra Kortedala;BLANK;7;10
2006;kf;14800333;Kortedala, Östra Kortedala;OG;1;
2006;kf;14800211;Lärjedalen, Agnesberg;M;94;91
2006;kf;14800211;Lärjedalen, Agnesberg;C;7;7
2006;kf;14800211;Lärjedalen, Agnesberg;L;31;37
2006;kf;14800211;Lärjedalen, Agnesberg;KD;20;23
2006;kf;14800211;Lärjedalen, Agnesberg;S;216;250
2006;kf;14800211;Lärjedalen, Agnesberg;V;33;31
2006;kf;14800211;Lärjedalen, Agnesberg;MP;37;29
2006;kf;14800211;Lärjedalen, Agnesberg;VÄGV;29;
2006;kf;14800211;Lärjedalen, Agnesberg;SD;35;13
2006;kf;14800211;Lärjedalen, Agnesberg;RS;7;
2006;kf;14800211;Lärjedalen, Agnesberg;PP;4;
2006;kf;14800211;Lärjedalen, Agnesberg;SOC.P;4;3
2006;kf;14800211;Lärjedalen, Agnesberg;K;3;2
2006;kf;14800211;Lärjedalen, Agnesberg;FI;0;1
2006;kf;14800211;Lärjedalen, Agnesberg;SPI;0;2
2006;kf;14800211;Lärjedalen, Agnesberg;HANDSKRIVNA;1;4
2006;kf;14800211;Lärjedalen, Agnesberg;BLANK;7;12
2006;kf;14800211;Lärjedalen, Agnesberg;OG;0;1
2006;kf;14800251;Lärjedalen, Björsared-Knipared;M;249;172
2006;kf;14800251;Lärjedalen, Björsared-Knipared;C;48;66
2006;kf;14800251;Lärjedalen, Björsared-Knipared;L;104;81
2006;kf;14800251;Lärjedalen, Björsared-Knipared;KD;41;57
2006;kf;14800251;Lärjedalen, Björsared-Knipared;S;368;424
2006;kf;14800251;Lärjedalen, Björsared-Knipared;V;62;58
2006;kf;14800251;Lärjedalen, Björsared-Knipared;MP;73;49
2006;kf;14800251;Lärjedalen, Björsared-Knipared;VÄGV;79;
2006;kf;14800251;Lärjedalen, Björsared-Knipared;SD;103;71
2006;kf;14800251;Lärjedalen, Björsared-Knipared;FI;6;7
2006;kf;14800251;Lärjedalen, Björsared-Knipared;K;4;1
2006;kf;14800251;Lärjedalen, Björsared-Knipared;1016;2;
2006;kf;14800251;Lärjedalen, Björsared-Knipared;SOC.P;2;
2006;kf;14800251;Lärjedalen, Björsared-Knipared;PP;1;
2006;kf;14800251;Lärjedalen, Björsared-Knipared;ND;0;2
2006;kf;14800251;Lärjedalen, Björsared-Knipared;SPI;0;3
2006;kf;14800251;Lärjedalen, Björsared-Knipared;HANDSKRIVNA;0;1
2006;kf;14800251;Lärjedalen, Björsared-Knipared;BLANK;19;29
2006;kf;14800251;Lärjedalen, Björsared-Knipared;OG;0;3
2006;kf;14800264;Lärjedalen, Bläsebo;M;62;46
2006;kf;14800264;Lärjedalen, Bläsebo;C;4;3
2006;kf;14800264;Lärjedalen, Bläsebo;L;39;15
2006;kf;14800264;Lärjedalen, Bläsebo;KD;40;47
2006;kf;14800264;Lärjedalen, Bläsebo;S;453;402
2006;kf;14800264;Lärjedalen, Bläsebo;V;85;74
2006;kf;14800264;Lärjedalen, Bläsebo;MP;53;46
2006;kf;14800264;Lärjedalen, Bläsebo;VÄGV;8;
2006;kf;14800264;Lärjedalen, Bläsebo;SD;28;16
2006;kf;14800264;Lärjedalen, Bläsebo;RS;20;2
2006;kf;14800264;Lärjedalen, Bläsebo;K;10;31
2006;kf;14800264;Lärjedalen, Bläsebo;FI;9;15
2006;kf;14800264;Lärjedalen, Bläsebo;PP;7;
2006;kf;14800264;Lärjedalen, Bläsebo;SOC.P;3;6
2006;kf;14800264;Lärjedalen, Bläsebo;1016;1;
2006;kf;14800264;Lärjedalen, Bläsebo;0450;1;
2006;kf;14800264;Lärjedalen, Bläsebo;HANDSKRIVNA;1;
2006;kf;14800264;Lärjedalen, Bläsebo;BLANK;5;14
2006;kf;14800264;Lärjedalen, Bläsebo;OG;1;1
2006;kf;14800271;Lärjedalen, Eriksbo;M;72;81
2006;kf;14800271;Lärjedalen, Eriksbo;C;7;12
2006;kf;14800271;Lärjedalen, Eriksbo;L;26;34
2006;kf;14800271;Lärjedalen, Eriksbo;KD;24;44
2006;kf;14800271;Lärjedalen, Eriksbo;S;506;475
2006;kf;14800271;Lärjedalen, Eriksbo;V;99;92
2006;kf;14800271;Lärjedalen, Eriksbo;MP;57;55
2006;kf;14800271;Lärjedalen, Eriksbo;VÄGV;22;
2006;kf;14800271;Lärjedalen, Eriksbo;SD;69;53
2006;kf;14800271;Lärjedalen, Eriksbo;RS;33;
2006;kf;14800271;Lärjedalen, Eriksbo;K;9;44
2006;kf;14800271;Lärjedalen, Eriksbo;PP;8;
2006;kf;14800271;Lärjedalen, Eriksbo;SOC.P;4;4
2006;kf;14800271;Lärjedalen, Eriksbo;1016;2;
2006;kf;14800271;Lärjedalen, Eriksbo;FI;1;12
2006;kf;14800271;Lärjedalen, Eriksbo;ND;0;1
2006;kf;14800271;Lärjedalen, Eriksbo;SPI;0;2
2006;kf;14800271;Lärjedalen, Eriksbo;HANDSKRIVNA;0;4
2006;kf;14800271;Lärjedalen, Eriksbo;BLANK;3;14
2006;kf;14800271;Lärjedalen, Eriksbo;OG;1;1
2006;kf;14800231;Lärjedalen, Gunnilse-Linnarhult;M;269;230
2006;kf;14800231;Lärjedalen, Gunnilse-Linnarhult;C;32;42
2006;kf;14800231;Lärjedalen, Gunnilse-Linnarhult;L;77;78
2006;kf;14800231;Lärjedalen, Gunnilse-Linnarhult;KD;75;80
2006;kf;14800231;Lärjedalen, Gunnilse-Linnarhult;S;412;469
2006;kf;14800231;Lärjedalen, Gunnilse-Linnarhult;V;45;55
2006;kf;14800231;Lärjedalen, Gunnilse-Linnarhult;MP;65;71
2006;kf;14800231;Lärjedalen, Gunnilse-Linnarhult;VÄGV;82;
2006;kf;14800231;Lärjedalen, Gunnilse-Linnarhult;SD;85;67
2006;kf;14800231;Lärjedalen, Gunnilse-Linnarhult;FI;5;9
2006;kf;14800231;Lärjedalen, Gunnilse-Linnarhult;K;4;7
2006;kf;14800231;Lärjedalen, Gunnilse-Linnarhult;PP;4;
2006;kf;14800231;Lärjedalen, Gunnilse-Linnarhult;1016;3;
2006;kf;14800231;Lärjedalen, Gunnilse-Linnarhult;SOC.P;2;1
2006;kf;14800231;Lärjedalen, Gunnilse-Linnarhult;RS;1;
2006;kf;14800231;Lärjedalen, Gunnilse-Linnarhult;ND;0;4
2006;kf;14800231;Lärjedalen, Gunnilse-Linnarhult;SPI;0;1
2006;kf;14800231;Lärjedalen, Gunnilse-Linnarhult;HANDSKRIVNA;3;1
2006;kf;14800231;Lärjedalen, Gunnilse-Linnarhult;BLANK;19;18
2006;kf;14800231;Lärjedalen, Gunnilse-Linnarhult;OG;0;
2006;kf;14800263;Lärjedalen, Norra Hjällbo;M;36;34
2006;kf;14800263;Lärjedalen, Norra Hjällbo;C;5;3
2006;kf;14800263;Lärjedalen, Norra Hjällbo;L;14;17
2006;kf;14800263;Lärjedalen, Norra Hjällbo;KD;40;45
2006;kf;14800263;Lärjedalen, Norra Hjällbo;S;431;402
2006;kf;14800263;Lärjedalen, Norra Hjällbo;V;106;60
2006;kf;14800263;Lärjedalen, Norra Hjällbo;MP;72;50
2006;kf;14800263;Lärjedalen, Norra Hjällbo;VÄGV;18;
2006;kf;14800263;Lärjedalen, Norra Hjällbo;SD;18;11
2006;kf;14800263;Lärjedalen, Norra Hjällbo;SOC.P;16;8
2006;kf;14800263;Lärjedalen, Norra Hjällbo;RS;12;2
2006;kf;14800263;Lärjedalen, Norra Hjällbo;FI;8;15
2006;kf;14800263;Lärjedalen, Norra Hjällbo;PP;7;
2006;kf;14800263;Lärjedalen, Norra Hjällbo;1016;3;
2006;kf;14800263;Lärjedalen, Norra Hjällbo;K;0;73
2006;kf;14800263;Lärjedalen, Norra Hjällbo;ND;0;1
2006;kf;14800263;Lärjedalen, Norra Hjällbo;SPI;0;1
2006;kf;14800263;Lärjedalen, Norra Hjällbo;HANDSKRIVNA;0;2
2006;kf;14800263;Lärjedalen, Norra Hjällbo;BLANK;3;1
2006;kf;14800263;Lärjedalen, Norra Hjällbo;OG;0;1
2006;kf;14800252;Lärjedalen, Olofstorp;M;344;214
2006;kf;14800252;Lärjedalen, Olofstorp;C;43;45
2006;kf;14800252;Lärjedalen, Olofstorp;L;99;109
2006;kf;14800252;Lärjedalen, Olofstorp;KD;67;80
2006;kf;14800252;Lärjedalen, Olofstorp;S;480;561
2006;kf;14800252;Lärjedalen, Olofstorp;V;75;59
2006;kf;14800252;Lärjedalen, Olofstorp;MP;84;53
2006;kf;14800252;Lärjedalen, Olofstorp;VÄGV;115;
2006;kf;14800252;Lärjedalen, Olofstorp;SD;109;80
2006;kf;14800252;Lärjedalen, Olofstorp;FI;5;8
2006;kf;14800252;Lärjedalen, Olofstorp;1016;3;
2006;kf;14800252;Lärjedalen, Olofstorp;K;3;8
2006;kf;14800252;Lärjedalen, Olofstorp;PP;2;
2006;kf;14800252;Lärjedalen, Olofstorp;SOC.P;2;1
2006;kf;14800252;Lärjedalen, Olofstorp;RS;1;
2006;kf;14800252;Lärjedalen, Olofstorp;ND;0;1
2006;kf;14800252;Lärjedalen, Olofstorp;SPI;0;2
2006;kf;14800252;Lärjedalen, Olofstorp;HANDSKRIVNA;1;1
2006;kf;14800252;Lärjedalen, Olofstorp;BLANK;19;19
2006;kf;14800252;Lärjedalen, Olofstorp;OG;0;1
2006;kf;14800223;Lärjedalen, Sandeslätt;M;66;63
2006;kf;14800223;Lärjedalen, Sandeslätt;C;8;9
2006;kf;14800223;Lärjedalen, Sandeslätt;L;19;34
2006;kf;14800223;Lärjedalen, Sandeslätt;KD;56;69
2006;kf;14800223;Lärjedalen, Sandeslätt;S;423;435
2006;kf;14800223;Lärjedalen, Sandeslätt;V;107;124
2006;kf;14800223;Lärjedalen, Sandeslätt;MP;74;66
2006;kf;14800223;Lärjedalen, Sandeslätt;VÄGV;22;
2006;kf;14800223;Lärjedalen, Sandeslätt;SD;41;20
2006;kf;14800223;Lärjedalen, Sandeslätt;RS;76;13
2006;kf;14800223;Lärjedalen, Sandeslätt;K;21;48
2006;kf;14800223;Lärjedalen, Sandeslätt;SOC.P;12;8
2006;kf;14800223;Lärjedalen, Sandeslätt;FI;11;24
2006;kf;14800223;Lärjedalen, Sandeslätt;PP;8;
2006;kf;14800223;Lärjedalen, Sandeslätt;SPI;0;5
2006;kf;14800223;Lärjedalen, Sandeslätt;HANDSKRIVNA;0;1
2006;kf;14800223;Lärjedalen, Sandeslätt;BLANK;3;12
2006;kf;14800223;Lärjedalen, Sandeslätt;OG;1;
2006;kf;14800262;Lärjedalen, Skolspåret;M;30;23
2006;kf;14800262;Lärjedalen, Skolspåret;C;3;
2006;kf;14800262;Lärjedalen, Skolspåret;L;16;23
2006;kf;14800262;Lärjedalen, Skolspåret;KD;34;42
2006;kf;14800262;Lärjedalen, Skolspåret;S;344;360
2006;kf;14800262;Lärjedalen, Skolspåret;V;73;49
2006;kf;14800262;Lärjedalen, Skolspåret;MP;37;27
2006;kf;14800262;Lärjedalen, Skolspåret;VÄGV;8;
2006;kf;14800262;Lärjedalen, Skolspåret;SD;10;4
2006;kf;14800262;Lärjedalen, Skolspåret;RS;13;1
2006;kf;14800262;Lärjedalen, Skolspåret;SOC.P;11;10
2006;kf;14800262;Lärjedalen, Skolspåret;FI;5;5
2006;kf;14800262;Lärjedalen, Skolspåret;K;5;18
2006;kf;14800262;Lärjedalen, Skolspåret;PP;4;
2006;kf;14800262;Lärjedalen, Skolspåret;1016;1;
2006;kf;14800262;Lärjedalen, Skolspåret;BLANK;2;5
2006;kf;14800262;Lärjedalen, Skolspåret;OG;0;1
2006;kf;14800261;Lärjedalen, Södra Hjällbo;M;35;43
2006;kf;14800261;Lärjedalen, Södra Hjällbo;C;2;4
2006;kf;14800261;Lärjedalen, Södra Hjällbo;L;12;12
2006;kf;14800261;Lärjedalen, Södra Hjällbo;KD;21;8
2006;kf;14800261;Lärjedalen, Södra Hjällbo;S;257;246
2006;kf;14800261;Lärjedalen, Södra Hjällbo;V;61;35
2006;kf;14800261;Lärjedalen, Södra Hjällbo;MP;59;46
2006;kf;14800261;Lärjedalen, Södra Hjällbo;VÄGV;6;
2006;kf;14800261;Lärjedalen, Södra Hjällbo;SD;9;10
2006;kf;14800261;Lärjedalen, Södra Hjällbo;RS;11;1
2006;kf;14800261;Lärjedalen, Södra Hjällbo;FI;4;12
2006;kf;14800261;Lärjedalen, Södra Hjällbo;SOC.P;3;9
2006;kf;14800261;Lärjedalen, Södra Hjällbo;K;2;18
2006;kf;14800261;Lärjedalen, Södra Hjällbo;PP;2;
2006;kf;14800261;Lärjedalen, Södra Hjällbo;HANDSKRIVNA;0;2
2006;kf;14800261;Lärjedalen, Södra Hjällbo;BLANK;3;1
2006;kf;14800261;Lärjedalen, Södra Hjällbo;OG;0;
2006;kf;14800221;Lärjedalen, Västra Hammarkullen;M;86;84
2006;kf;14800221;Lärjedalen, Västra Hammarkullen;C;4;6
2006;kf;14800221;Lärjedalen, Västra Hammarkullen;L;27;26
2006;kf;14800221;Lärjedalen, Västra Hammarkullen;KD;29;27
2006;kf;14800221;Lärjedalen, Västra Hammarkullen;S;654;624
2006;kf;14800221;Lärjedalen, Västra Hammarkullen;V;68;66
2006;kf;14800221;Lärjedalen, Västra Hammarkullen;MP;87;42
2006;kf;14800221;Lärjedalen, Västra Hammarkullen;VÄGV;19;
2006;kf;14800221;Lärjedalen, Västra Hammarkullen;SD;21;17
2006;kf;14800221;Lärjedalen, Västra Hammarkullen;RS;37;7
2006;kf;14800221;Lärjedalen, Västra Hammarkullen;SOC.P;19;3
2006;kf;14800221;Lärjedalen, Västra Hammarkullen;PP;11;
2006;kf;14800221;Lärjedalen, Västra Hammarkullen;K;8;21
2006;kf;14800221;Lärjedalen, Västra Hammarkullen;FI;5;1
2006;kf;14800221;Lärjedalen, Västra Hammarkullen;1016;1;
2006;kf;14800221;Lärjedalen, Västra Hammarkullen;ND;0;1
2006;kf;14800221;Lärjedalen, Västra Hammarkullen;SPI;0;3
2006;kf;14800221;Lärjedalen, Västra Hammarkullen;BLANK;9;12
2006;kf;14800221;Lärjedalen, Västra Hammarkullen;OG;0;
2006;kf;14800222;Lärjedalen, Östra Hammarkullen;M;61;50
2006;kf;14800222;Lärjedalen, Östra Hammarkullen;C;3;4
2006;kf;14800222;Lärjedalen, Östra Hammarkullen;L;20;31
2006;kf;14800222;Lärjedalen, Östra Hammarkullen;KD;43;56
2006;kf;14800222;Lärjedalen, Östra Hammarkullen;S;631;614
2006;kf;14800222;Lärjedalen, Östra Hammarkullen;V;96;72
2006;kf;14800222;Lärjedalen, Östra Hammarkullen;MP;104;61
2006;kf;14800222;Lärjedalen, Östra Hammarkullen;VÄGV;4;
2006;kf;14800222;Lärjedalen, Östra Hammarkullen;SD;45;21
2006;kf;14800222;Lärjedalen, Östra Hammarkullen;RS;35;4
2006;kf;14800222;Lärjedalen, Östra Hammarkullen;K;14;29
2006;kf;14800222;Lärjedalen, Östra Hammarkullen;SOC.P;6;3
2006;kf;14800222;Lärjedalen, Östra Hammarkullen;FI;4;13
2006;kf;14800222;Lärjedalen, Östra Hammarkullen;PP;4;
2006;kf;14800222;Lärjedalen, Östra Hammarkullen;1016;1;
2006;kf;14800222;Lärjedalen, Östra Hammarkullen;BLANK;6;4
2006;kf;14800222;Lärjedalen, Östra Hammarkullen;OG;0;
2006;kf;14800621;Örgryte, Bagaregården;M;200;174
2006;kf;14800621;Örgryte, Bagaregården;C;31;28
2006;kf;14800621;Örgryte, Bagaregården;L;86;93
2006;kf;14800621;Örgryte, Bagaregården;KD;20;31
2006;kf;14800621;Örgryte, Bagaregården;S;212;236
2006;kf;14800621;Örgryte, Bagaregården;V;70;66
2006;kf;14800621;Örgryte, Bagaregården;MP;144;103
2006;kf;14800621;Örgryte, Bagaregården;VÄGV;29;
2006;kf;14800621;Örgryte, Bagaregården;SD;36;20
2006;kf;14800621;Örgryte, Bagaregården;FI;13;21
2006;kf;14800621;Örgryte, Bagaregården;K;8;13
2006;kf;14800621;Örgryte, Bagaregården;PP;2;
2006;kf;14800621;Örgryte, Bagaregården;SOC.P;2;1
2006;kf;14800621;Örgryte, Bagaregården;1016;1;
2006;kf;14800621;Örgryte, Bagaregården;RS;0;1
2006;kf;14800621;Örgryte, Bagaregården;SPI;0;1
2006;kf;14800621;Örgryte, Bagaregården;HANDSKRIVNA;0;1
2006;kf;14800621;Örgryte, Bagaregården;BLANK;7;24
2006;kf;14800621;Örgryte, Bagaregården;OG;0;
2006;kf;14800662;Örgryte, Bö;M;329;334
2006;kf;14800662;Örgryte, Bö;C;27;31
2006;kf;14800662;Örgryte, Bö;L;123;140
2006;kf;14800662;Örgryte, Bö;KD;35;52
2006;kf;14800662;Örgryte, Bö;S;121;124
2006;kf;14800662;Örgryte, Bö;V;30;28
2006;kf;14800662;Örgryte, Bö;MP;78;67
2006;kf;14800662;Örgryte, Bö;VÄGV;49;
2006;kf;14800662;Örgryte, Bö;SD;12;8
2006;kf;14800662;Örgryte, Bö;FI;9;5
2006;kf;14800662;Örgryte, Bö;K;3;4
2006;kf;14800662;Örgryte, Bö;PP;3;
2006;kf;14800662;Örgryte, Bö;1016;1;
2006;kf;14800662;Örgryte, Bö;SPI;0;1
2006;kf;14800662;Örgryte, Bö;HANDSKRIVNA;1;
2006;kf;14800662;Örgryte, Bö;BLANK;8;11
2006;kf;14800662;Örgryte, Bö;OG;0;
2006;kf;14800652;Örgryte, Jakobsdal;M;493;493
2006;kf;14800652;Örgryte, Jakobsdal;C;36;40
2006;kf;14800652;Örgryte, Jakobsdal;L;139;165
2006;kf;14800652;Örgryte, Jakobsdal;KD;33;55
2006;kf;14800652;Örgryte, Jakobsdal;S;133;199
2006;kf;14800652;Örgryte, Jakobsdal;V;37;28
2006;kf;14800652;Örgryte, Jakobsdal;MP;85;62
2006;kf;14800652;Örgryte, Jakobsdal;VÄGV;120;
2006;kf;14800652;Örgryte, Jakobsdal;SD;23;14
2006;kf;14800652;Örgryte, Jakobsdal;FI;8;12
2006;kf;14800652;Örgryte, Jakobsdal;K;4;3
2006;kf;14800652;Örgryte, Jakobsdal;PP;4;
2006;kf;14800652;Örgryte, Jakobsdal;SOC.P;1;1
2006;kf;14800652;Örgryte, Jakobsdal;HANDSKRIVNA;1;1
2006;kf;14800652;Örgryte, Jakobsdal;BLANK;11;8
2006;kf;14800652;Örgryte, Jakobsdal;OG;0;1
2006;kf;14800653;Örgryte, Norra Skår;M;465;524
2006;kf;14800653;Örgryte, Norra Skår;C;31;26
2006;kf;14800653;Örgryte, Norra Skår;L;146;149
2006;kf;14800653;Örgryte, Norra Skår;KD;43;47
2006;kf;14800653;Örgryte, Norra Skår;S;73;107
2006;kf;14800653;Örgryte, Norra Skår;V;14;15
2006;kf;14800653;Örgryte, Norra Skår;MP;66;43
2006;kf;14800653;Örgryte, Norra Skår;VÄGV;122;
2006;kf;14800653;Örgryte, Norra Skår;SD;10;9
2006;kf;14800653;Örgryte, Norra Skår;FI;5;9
2006;kf;14800653;Örgryte, Norra Skår;PP;4;
2006;kf;14800653;Örgryte, Norra Skår;K;1;1
2006;kf;14800653;Örgryte, Norra Skår;BLANK;3;4
2006;kf;14800653;Örgryte, Norra Skår;OG;1;
2006;kf;14800632;Örgryte, Redbergslid;M;266;249
2006;kf;14800632;Örgryte, Redbergslid;C;29;51
2006;kf;14800632;Örgryte, Redbergslid;L;104;132
2006;kf;14800632;Örgryte, Redbergslid;KD;29;33
2006;kf;14800632;Örgryte, Redbergslid;S;333;399
2006;kf;14800632;Örgryte, Redbergslid;V;90;105
2006;kf;14800632;Örgryte, Redbergslid;MP;159;84
2006;kf;14800632;Örgryte, Redbergslid;VÄGV;59;
2006;kf;14800632;Örgryte, Redbergslid;SD;59;31
2006;kf;14800632;Örgryte, Redbergslid;FI;11;19
2006;kf;14800632;Örgryte, Redbergslid;K;9;6
2006;kf;14800632;Örgryte, Redbergslid;PP;7;
2006;kf;14800632;Örgryte, Redbergslid;SOC.P;3;3
2006;kf;14800632;Örgryte, Redbergslid;1016;2;
2006;kf;14800632;Örgryte, Redbergslid;RS;1;
2006;kf;14800632;Örgryte, Redbergslid;0450;0;1
2006;kf;14800632;Örgryte, Redbergslid;HANDSKRIVNA;1;2
2006;kf;14800632;Örgryte, Redbergslid;BLANK;20;20
2006;kf;14800632;Örgryte, Redbergslid;OG;0;
2006;kf;14800631;Örgryte, Strömmensberg;M;269;196
2006;kf;14800631;Örgryte, Strömmensberg;C;25;39
2006;kf;14800631;Örgryte, Strömmensberg;L;102;134
2006;kf;14800631;Örgryte, Strömmensberg;KD;43;69
2006;kf;14800631;Örgryte, Strömmensberg;S;284;315
2006;kf;14800631;Örgryte, Strömmensberg;V;84;64
2006;kf;14800631;Örgryte, Strömmensberg;MP;160;108
2006;kf;14800631;Örgryte, Strömmensberg;VÄGV;56;
2006;kf;14800631;Örgryte, Strömmensberg;SD;39;32
2006;kf;14800631;Örgryte, Strömmensberg;FI;13;19
2006;kf;14800631;Örgryte, Strömmensberg;K;7;16
2006;kf;14800631;Örgryte, Strömmensberg;RS;4;
2006;kf;14800631;Örgryte, Strömmensberg;SOC.P;3;2
2006;kf;14800631;Örgryte, Strömmensberg;1016;2;
2006;kf;14800631;Örgryte, Strömmensberg;PP;2;
2006;kf;14800631;Örgryte, Strömmensberg;ND;0;1
2006;kf;14800631;Örgryte, Strömmensberg;SPI;0;2
2006;kf;14800631;Örgryte, Strömmensberg;HANDSKRIVNA;4;2
2006;kf;14800631;Örgryte, Strömmensberg;BLANK;24;18
2006;kf;14800631;Örgryte, Strömmensberg;OG;2;
2006;kf;14800651;Örgryte, Södra Skår;M;521;536
2006;kf;14800651;Örgryte, Södra Skår;C;26;32
2006;kf;14800651;Örgryte, Södra Skår;L;147;167
2006;kf;14800651;Örgryte, Södra Skår;KD;30;53
2006;kf;14800651;Örgryte, Södra Skår;S;83;108
2006;kf;14800651;Örgryte, Södra Skår;V;16;16
2006;kf;14800651;Örgryte, Södra Skår;MP;60;41
2006;kf;14800651;Örgryte, Södra Skår;VÄGV;123;
2006;kf;14800651;Örgryte, Södra Skår;SD;15;8
2006;kf;14800651;Örgryte, Södra Skår;FI;11;10
2006;kf;14800651;Örgryte, Södra Skår;K;3;2
2006;kf;14800651;Örgryte, Södra Skår;PP;2;
2006;kf;14800651;Örgryte, Södra Skår;RS;2;
2006;kf;14800651;Örgryte, Södra Skår;SOC.P;2;
2006;kf;14800651;Örgryte, Södra Skår;BLANK;7;6
2006;kf;14800651;Örgryte, Södra Skår;OG;0;
2006;kf;14800671;Örgryte, Torp;M;552;486
2006;kf;14800671;Örgryte, Torp;C;49;54
2006;kf;14800671;Örgryte, Torp;L;218;226
2006;kf;14800671;Örgryte, Torp;KD;58;70
2006;kf;14800671;Örgryte, Torp;S;275;356
2006;kf;14800671;Örgryte, Torp;V;53;57
2006;kf;14800671;Örgryte, Torp;MP;170;145
2006;kf;14800671;Örgryte, Torp;VÄGV;73;
2006;kf;14800671;Örgryte, Torp;SD;36;16
2006;kf;14800671;Örgryte, Torp;FI;18;15
2006;kf;14800671;Örgryte, Torp;PP;7;
2006;kf;14800671;Örgryte, Torp;1016;5;
2006;kf;14800671;Örgryte, Torp;K;3;4
2006;kf;14800671;Örgryte, Torp;SOC.P;2;1
2006;kf;14800671;Örgryte, Torp;RS;1;
2006;kf;14800671;Örgryte, Torp;SPI;0;4
2006;kf;14800671;Örgryte, Torp;HANDSKRIVNA;1;3
2006;kf;14800671;Örgryte, Torp;BLANK;22;22
2006;kf;14800671;Örgryte, Torp;OG;1;1
2006;kf;14800641;Örgryte, Västra Kallebäck;M;310;268
2006;kf;14800641;Örgryte, Västra Kallebäck;C;24;39
2006;kf;14800641;Örgryte, Västra Kallebäck;L;111;146
2006;kf;14800641;Örgryte, Västra Kallebäck;KD;32;59
2006;kf;14800641;Örgryte, Västra Kallebäck;S;314;399
2006;kf;14800641;Örgryte, Västra Kallebäck;V;92;73
2006;kf;14800641;Örgryte, Västra Kallebäck;MP;145;104
2006;kf;14800641;Örgryte, Västra Kallebäck;VÄGV;50;
2006;kf;14800641;Örgryte, Västra Kallebäck;SD;46;26
2006;kf;14800641;Örgryte, Västra Kallebäck;FI;14;26
2006;kf;14800641;Örgryte, Västra Kallebäck;PP;9;
2006;kf;14800641;Örgryte, Västra Kallebäck;K;6;8
2006;kf;14800641;Örgryte, Västra Kallebäck;SOC.P;4;7
2006;kf;14800641;Örgryte, Västra Kallebäck;RS;2;1
2006;kf;14800641;Örgryte, Västra Kallebäck;1016;1;
2006;kf;14800641;Örgryte, Västra Kallebäck;ND;0;1
2006;kf;14800641;Örgryte, Västra Kallebäck;SPI;0;3
2006;kf;14800641;Örgryte, Västra Kallebäck;HANDSKRIVNA;5;3
2006;kf;14800641;Örgryte, Västra Kallebäck;BLANK;20;24
2006;kf;14800641;Örgryte, Västra Kallebäck;OG;0;
2006;kf;14800622;Örgryte, Ånäs;M;239;180
2006;kf;14800622;Örgryte, Ånäs;C;29;27
2006;kf;14800622;Örgryte, Ånäs;L;71;98
2006;kf;14800622;Örgryte, Ånäs;KD;25;31
2006;kf;14800622;Örgryte, Ånäs;S;208;280
2006;kf;14800622;Örgryte, Ånäs;V;76;70
2006;kf;14800622;Örgryte, Ånäs;MP;159;109
2006;kf;14800622;Örgryte, Ånäs;VÄGV;43;
2006;kf;14800622;Örgryte, Ånäs;SD;29;18
2006;kf;14800622;Örgryte, Ånäs;FI;11;16
2006;kf;14800622;Örgryte, Ånäs;K;5;9
2006;kf;14800622;Örgryte, Ånäs;PP;5;
2006;kf;14800622;Örgryte, Ånäs;RS;1;3
2006;kf;14800622;Örgryte, Ånäs;SOC.P;1;1
2006;kf;14800622;Örgryte, Ånäs;0450;0;1
2006;kf;14800622;Örgryte, Ånäs;SPI;0;2
2006;kf;14800622;Örgryte, Ånäs;HANDSKRIVNA;1;2
2006;kf;14800622;Örgryte, Ånäs;BLANK;13;17
2006;kf;14800622;Örgryte, Ånäs;OG;0;1
2006;kf;14800661;Örgryte, Örgryte;M;436;435
2006;kf;14800661;Örgryte, Örgryte;C;18;15
2006;kf;14800661;Örgryte, Örgryte;L;106;123
2006;kf;14800661;Örgryte, Örgryte;KD;35;52
2006;kf;14800661;Örgryte, Örgryte;S;70;118
2006;kf;14800661;Örgryte, Örgryte;V;10;15
2006;kf;14800661;Örgryte, Örgryte;MP;61;40
2006;kf;14800661;Örgryte, Örgryte;VÄGV;44;
2006;kf;14800661;Örgryte, Örgryte;SD;11;6
2006;kf;14800661;Örgryte, Örgryte;FI;6;10
2006;kf;14800661;Örgryte, Örgryte;PP;4;
2006;kf;14800661;Örgryte, Örgryte;K;1;2
2006;kf;14800661;Örgryte, Örgryte;0450;0;1
2006;kf;14800661;Örgryte, Örgryte;SOC.P;0;1
2006;kf;14800661;Örgryte, Örgryte;HANDSKRIVNA;0;2
2006;kf;14800661;Örgryte, Örgryte;BLANK;6;5
2006;kf;14800661;Örgryte, Örgryte;OG;0;1
2006;kf;14800642;Örgryte, Östra Kallebäck;M;340;217
2006;kf;14800642;Örgryte, Östra Kallebäck;C;25;17
2006;kf;14800642;Örgryte, Östra Kallebäck;L;96;95
2006;kf;14800642;Örgryte, Östra Kallebäck;KD;39;35
2006;kf;14800642;Örgryte, Östra Kallebäck;S;310;303
2006;kf;14800642;Örgryte, Östra Kallebäck;V;71;55
2006;kf;14800642;Örgryte, Östra Kallebäck;MP;105;54
2006;kf;14800642;Örgryte, Östra Kallebäck;VÄGV;78;
2006;kf;14800642;Örgryte, Östra Kallebäck;SD;50;35
2006;kf;14800642;Örgryte, Östra Kallebäck;FI;11;11
2006;kf;14800642;Örgryte, Östra Kallebäck;PP;7;
2006;kf;14800642;Örgryte, Östra Kallebäck;K;3;2
2006;kf;14800642;Örgryte, Östra Kallebäck;SOC.P;2;4
2006;kf;14800642;Örgryte, Östra Kallebäck;SPI;0;4
2006;kf;14800642;Örgryte, Östra Kallebäck;HANDSKRIVNA;0;1
2006;kf;14800642;Örgryte, Östra Kallebäck;BLANK;12;14
2006;kf;14800642;Örgryte, Östra Kallebäck;OG;0;
2006;kf;14800002;Onsdagsdistrikt;M;345;220
2006;kf;14800002;Onsdagsdistrikt;C;50;33
2006;kf;14800002;Onsdagsdistrikt;L;106;106
2006;kf;14800002;Onsdagsdistrikt;KD;66;57
2006;kf;14800002;Onsdagsdistrikt;S;660;530
2006;kf;14800002;Onsdagsdistrikt;V;128;136
2006;kf;14800002;Onsdagsdistrikt;MP;250;127
2006;kf;14800002;Onsdagsdistrikt;VÄGV;23;
2006;kf;14800002;Onsdagsdistrikt;SD;56;32
2006;kf;14800002;Onsdagsdistrikt;FI;37;23
2006;kf;14800002;Onsdagsdistrikt;K;13;21
2006;kf;14800002;Onsdagsdistrikt;PP;11;
2006;kf;14800002;Onsdagsdistrikt;RS;9;1
2006;kf;14800002;Onsdagsdistrikt;SOC.P;3;4
2006;kf;14800002;Onsdagsdistrikt;1016;1;
2006;kf;14800002;Onsdagsdistrikt;SPI;0;3
2006;kf;14800002;Onsdagsdistrikt;HANDSKRIVNA;7;7
2006;kf;14800002;Onsdagsdistrikt;BLANK;41;49
2006;kf;14800002;Onsdagsdistrikt;OG;2;5
