ar_fg;val;kod_2014;namn_2014;parti;roster_2014;roster_fgval
2010;rd;14800001;Uppsamlingsdistrikt;M;574;645
2010;rd;14800001;Uppsamlingsdistrikt;C;67;77
2010;rd;14800001;Uppsamlingsdistrikt;L;117;169
2010;rd;14800001;Uppsamlingsdistrikt;KD;81;82
2010;rd;14800001;Uppsamlingsdistrikt;S;584;603
2010;rd;14800001;Uppsamlingsdistrikt;V;205;210
2010;rd;14800001;Uppsamlingsdistrikt;MP;295;281
2010;rd;14800001;Uppsamlingsdistrikt;SD;214;106
2010;rd;14800001;Uppsamlingsdistrikt;FI;172;22
2010;rd;14800001;Uppsamlingsdistrikt;PP;17;40
2010;rd;14800001;Uppsamlingsdistrikt;RS;1;1
2010;rd;14800001;Uppsamlingsdistrikt;EAP;0;1
2010;rd;14800001;Uppsamlingsdistrikt;HANDSKRIVNA;1;1
2010;rd;14800001;Uppsamlingsdistrikt;ÖVRIGA_FGVAL;0;3
2010;rd;14800001;Uppsamlingsdistrikt;GILTIGA;2352;2241
2010;rd;14800001;Uppsamlingsdistrikt;BLANK;25;30
2010;rd;14800001;Uppsamlingsdistrikt;OG;3;2
2010;rd;14800002;Uppsamlingsdistrikt;M;531;653
2010;rd;14800002;Uppsamlingsdistrikt;C;95;90
2010;rd;14800002;Uppsamlingsdistrikt;L;154;156
2010;rd;14800002;Uppsamlingsdistrikt;KD;71;103
2010;rd;14800002;Uppsamlingsdistrikt;S;635;653
2010;rd;14800002;Uppsamlingsdistrikt;V;251;193
2010;rd;14800002;Uppsamlingsdistrikt;MP;369;345
2010;rd;14800002;Uppsamlingsdistrikt;SD;187;64
2010;rd;14800002;Uppsamlingsdistrikt;FI;172;34
2010;rd;14800002;Uppsamlingsdistrikt;PP;25;30
2010;rd;14800002;Uppsamlingsdistrikt;RS;2;2
2010;rd;14800002;Uppsamlingsdistrikt;SVP;0;1
2010;rd;14800002;Uppsamlingsdistrikt;HANDSKRIVNA;5;4
2010;rd;14800002;Uppsamlingsdistrikt;ÖVRIGA_FGVAL;0;2
2010;rd;14800002;Uppsamlingsdistrikt;GILTIGA;2511;2330
2010;rd;14800002;Uppsamlingsdistrikt;BLANK;32;35
2010;rd;14800002;Uppsamlingsdistrikt;OG;6;4
2010;rd;14800003;Uppsamlingsdistrikt;M;1337;1740
2010;rd;14800003;Uppsamlingsdistrikt;C;195;227
2010;rd;14800003;Uppsamlingsdistrikt;L;320;340
2010;rd;14800003;Uppsamlingsdistrikt;KD;147;184
2010;rd;14800003;Uppsamlingsdistrikt;S;556;536
2010;rd;14800003;Uppsamlingsdistrikt;V;290;300
2010;rd;14800003;Uppsamlingsdistrikt;MP;578;610
2010;rd;14800003;Uppsamlingsdistrikt;SD;276;98
2010;rd;14800003;Uppsamlingsdistrikt;FI;370;58
2010;rd;14800003;Uppsamlingsdistrikt;PP;26;48
2010;rd;14800003;Uppsamlingsdistrikt;ENH;5;1
2010;rd;14800003;Uppsamlingsdistrikt;KLP;1;2
2010;rd;14800003;Uppsamlingsdistrikt;RS;1;2
2010;rd;14800003;Uppsamlingsdistrikt;SPI;0;1
2010;rd;14800003;Uppsamlingsdistrikt;HANDSKRIVNA;7;1
2010;rd;14800003;Uppsamlingsdistrikt;GILTIGA;4127;4148
2010;rd;14800003;Uppsamlingsdistrikt;BLANK;31;36
2010;rd;14800003;Uppsamlingsdistrikt;OG;3;3
2010;rd;14800004;Uppsamlingsdistrikt;M;815;918
2010;rd;14800004;Uppsamlingsdistrikt;C;113;102
2010;rd;14800004;Uppsamlingsdistrikt;L;188;209
2010;rd;14800004;Uppsamlingsdistrikt;KD;113;134
2010;rd;14800004;Uppsamlingsdistrikt;S;379;361
2010;rd;14800004;Uppsamlingsdistrikt;V;200;171
2010;rd;14800004;Uppsamlingsdistrikt;MP;325;367
2010;rd;14800004;Uppsamlingsdistrikt;SD;200;79
2010;rd;14800004;Uppsamlingsdistrikt;FI;285;30
2010;rd;14800004;Uppsamlingsdistrikt;PP;24;32
2010;rd;14800004;Uppsamlingsdistrikt;SVP;5;1
2010;rd;14800004;Uppsamlingsdistrikt;EAP;0;1
2010;rd;14800004;Uppsamlingsdistrikt;KLP;0;1
2010;rd;14800004;Uppsamlingsdistrikt;HANDSKRIVNA;5;3
2010;rd;14800004;Uppsamlingsdistrikt;ÖVRIGA_FGVAL;0;1
2010;rd;14800004;Uppsamlingsdistrikt;GILTIGA;2664;2410
2010;rd;14800004;Uppsamlingsdistrikt;BLANK;25;22
2010;rd;14800004;Uppsamlingsdistrikt;OG;8;4
2010;rd;14801011;Majorna-Linné, Klippan;M;198;305
2010;rd;14801011;Majorna-Linné, Klippan;C;22;37
2010;rd;14801011;Majorna-Linné, Klippan;L;71;79
2010;rd;14801011;Majorna-Linné, Klippan;KD;25;36
2010;rd;14801011;Majorna-Linné, Klippan;S;271;319
2010;rd;14801011;Majorna-Linné, Klippan;V;283;271
2010;rd;14801011;Majorna-Linné, Klippan;MP;206;272
2010;rd;14801011;Majorna-Linné, Klippan;SD;126;59
2010;rd;14801011;Majorna-Linné, Klippan;FI;223;30
2010;rd;14801011;Majorna-Linné, Klippan;PP;6;7
2010;rd;14801011;Majorna-Linné, Klippan;HANDSKRIVNA;3;0
2010;rd;14801011;Majorna-Linné, Klippan;GILTIGA;1440;1415
2010;rd;14801011;Majorna-Linné, Klippan;BLANK;19;21
2010;rd;14801011;Majorna-Linné, Klippan;OG;0;1
2010;rd;14801011;Majorna-Linné, Klippan;SUMMA_RÖSTER;1459;1437
2010;rd;14801011;Majorna-Linné, Klippan;RÖSTBERÄTTIGADE;1709;1700
2010;rd;14801012;Majorna-Linné, Kungsladugård;M;128;179
2010;rd;14801012;Majorna-Linné, Kungsladugård;C;36;37
2010;rd;14801012;Majorna-Linné, Kungsladugård;L;54;58
2010;rd;14801012;Majorna-Linné, Kungsladugård;KD;11;34
2010;rd;14801012;Majorna-Linné, Kungsladugård;S;198;237
2010;rd;14801012;Majorna-Linné, Kungsladugård;V;267;248
2010;rd;14801012;Majorna-Linné, Kungsladugård;MP;177;263
2010;rd;14801012;Majorna-Linné, Kungsladugård;SD;90;52
2010;rd;14801012;Majorna-Linné, Kungsladugård;FI;239;33
2010;rd;14801012;Majorna-Linné, Kungsladugård;PP;7;12
2010;rd;14801012;Majorna-Linné, Kungsladugård;SVP;2;1
2010;rd;14801012;Majorna-Linné, Kungsladugård;HANDSKRIVNA;0;1
2010;rd;14801012;Majorna-Linné, Kungsladugård;GILTIGA;1215;1155
2010;rd;14801012;Majorna-Linné, Kungsladugård;BLANK;12;15
2010;rd;14801012;Majorna-Linné, Kungsladugård;OG;0;0
2010;rd;14801012;Majorna-Linné, Kungsladugård;SUMMA_RÖSTER;1227;1170
2010;rd;14801012;Majorna-Linné, Kungsladugård;RÖSTBERÄTTIGADE;1469;1405
2010;rd;14801013;Majorna-Linné, Mariaplan;M;101;160
2010;rd;14801013;Majorna-Linné, Mariaplan;C;28;34
2010;rd;14801013;Majorna-Linné, Mariaplan;L;38;41
2010;rd;14801013;Majorna-Linné, Mariaplan;KD;16;22
2010;rd;14801013;Majorna-Linné, Mariaplan;S;186;197
2010;rd;14801013;Majorna-Linné, Mariaplan;V;248;252
2010;rd;14801013;Majorna-Linné, Mariaplan;MP;158;267
2010;rd;14801013;Majorna-Linné, Mariaplan;SD;69;44
2010;rd;14801013;Majorna-Linné, Mariaplan;FI;234;23
2010;rd;14801013;Majorna-Linné, Mariaplan;PP;4;12
2010;rd;14801013;Majorna-Linné, Mariaplan;HANDSKRIVNA;3;2
2010;rd;14801013;Majorna-Linné, Mariaplan;GILTIGA;1089;1054
2010;rd;14801013;Majorna-Linné, Mariaplan;BLANK;14;14
2010;rd;14801013;Majorna-Linné, Mariaplan;OG;0;0
2010;rd;14801013;Majorna-Linné, Mariaplan;SUMMA_RÖSTER;1103;1068
2010;rd;14801013;Majorna-Linné, Mariaplan;RÖSTBERÄTTIGADE;1306;1287
2010;rd;14801014;Majorna-Linné, Silverkällan;M;86;168
2010;rd;14801014;Majorna-Linné, Silverkällan;C;17;41
2010;rd;14801014;Majorna-Linné, Silverkällan;L;40;55
2010;rd;14801014;Majorna-Linné, Silverkällan;KD;20;20
2010;rd;14801014;Majorna-Linné, Silverkällan;S;227;246
2010;rd;14801014;Majorna-Linné, Silverkällan;V;291;258
2010;rd;14801014;Majorna-Linné, Silverkällan;MP;207;302
2010;rd;14801014;Majorna-Linné, Silverkällan;SD;86;45
2010;rd;14801014;Majorna-Linné, Silverkällan;FI;215;29
2010;rd;14801014;Majorna-Linné, Silverkällan;PP;7;8
2010;rd;14801014;Majorna-Linné, Silverkällan;RS;0;1
2010;rd;14801014;Majorna-Linné, Silverkällan;GILTIGA;1205;1173
2010;rd;14801014;Majorna-Linné, Silverkällan;BLANK;10;21
2010;rd;14801014;Majorna-Linné, Silverkällan;OG;0;0
2010;rd;14801014;Majorna-Linné, Silverkällan;SUMMA_RÖSTER;1215;1194
2010;rd;14801014;Majorna-Linné, Silverkällan;RÖSTBERÄTTIGADE;1448;1461
2010;rd;14801015;Majorna-Linné, Skytteskogen;M;222;337
2010;rd;14801015;Majorna-Linné, Skytteskogen;C;76;71
2010;rd;14801015;Majorna-Linné, Skytteskogen;L;112;124
2010;rd;14801015;Majorna-Linné, Skytteskogen;KD;60;76
2010;rd;14801015;Majorna-Linné, Skytteskogen;S;166;170
2010;rd;14801015;Majorna-Linné, Skytteskogen;V;199;218
2010;rd;14801015;Majorna-Linné, Skytteskogen;MP;245;323
2010;rd;14801015;Majorna-Linné, Skytteskogen;SD;82;39
2010;rd;14801015;Majorna-Linné, Skytteskogen;FI;238;25
2010;rd;14801015;Majorna-Linné, Skytteskogen;PP;5;9
2010;rd;14801015;Majorna-Linné, Skytteskogen;EAP;0;1
2010;rd;14801015;Majorna-Linné, Skytteskogen;HANDSKRIVNA;2;0
2010;rd;14801015;Majorna-Linné, Skytteskogen;GILTIGA;1414;1393
2010;rd;14801015;Majorna-Linné, Skytteskogen;BLANK;8;13
2010;rd;14801015;Majorna-Linné, Skytteskogen;OG;0;0
2010;rd;14801015;Majorna-Linné, Skytteskogen;SUMMA_RÖSTER;1422;1406
2010;rd;14801015;Majorna-Linné, Skytteskogen;RÖSTBERÄTTIGADE;1675;1648
2010;rd;14801021;Majorna-Linné, Sandarne;M;147;222
2010;rd;14801021;Majorna-Linné, Sandarne;C;26;33
2010;rd;14801021;Majorna-Linné, Sandarne;L;64;66
2010;rd;14801021;Majorna-Linné, Sandarne;KD;38;44
2010;rd;14801021;Majorna-Linné, Sandarne;S;232;321
2010;rd;14801021;Majorna-Linné, Sandarne;V;266;245
2010;rd;14801021;Majorna-Linné, Sandarne;MP;200;235
2010;rd;14801021;Majorna-Linné, Sandarne;SD;137;95
2010;rd;14801021;Majorna-Linné, Sandarne;FI;211;29
2010;rd;14801021;Majorna-Linné, Sandarne;PP;13;10
2010;rd;14801021;Majorna-Linné, Sandarne;HANDSKRIVNA;1;0
2010;rd;14801021;Majorna-Linné, Sandarne;ÖVRIGA_FGVAL;0;2
2010;rd;14801021;Majorna-Linné, Sandarne;GILTIGA;1350;1302
2010;rd;14801021;Majorna-Linné, Sandarne;BLANK;15;16
2010;rd;14801021;Majorna-Linné, Sandarne;OG;0;0
2010;rd;14801021;Majorna-Linné, Sandarne;SUMMA_RÖSTER;1365;1318
2010;rd;14801021;Majorna-Linné, Sandarne;RÖSTBERÄTTIGADE;1739;1697
2010;rd;14801031;Majorna-Linné, Godhem;M;122;191
2010;rd;14801031;Majorna-Linné, Godhem;C;31;40
2010;rd;14801031;Majorna-Linné, Godhem;L;63;75
2010;rd;14801031;Majorna-Linné, Godhem;KD;31;59
2010;rd;14801031;Majorna-Linné, Godhem;S;180;219
2010;rd;14801031;Majorna-Linné, Godhem;V;212;190
2010;rd;14801031;Majorna-Linné, Godhem;MP;146;197
2010;rd;14801031;Majorna-Linné, Godhem;SD;56;27
2010;rd;14801031;Majorna-Linné, Godhem;FI;145;16
2010;rd;14801031;Majorna-Linné, Godhem;PP;6;9
2010;rd;14801031;Majorna-Linné, Godhem;GILTIGA;1001;1023
2010;rd;14801031;Majorna-Linné, Godhem;BLANK;6;9
2010;rd;14801031;Majorna-Linné, Godhem;OG;0;1
2010;rd;14801031;Majorna-Linné, Godhem;SUMMA_RÖSTER;1007;1033
2010;rd;14801031;Majorna-Linné, Godhem;RÖSTBERÄTTIGADE;1169;1194
2010;rd;14801032;Majorna-Linné, Gråberget;M;230;341
2010;rd;14801032;Majorna-Linné, Gråberget;C;56;50
2010;rd;14801032;Majorna-Linné, Gråberget;L;94;105
2010;rd;14801032;Majorna-Linné, Gråberget;KD;39;72
2010;rd;14801032;Majorna-Linné, Gråberget;S;245;285
2010;rd;14801032;Majorna-Linné, Gråberget;V;196;185
2010;rd;14801032;Majorna-Linné, Gråberget;MP;173;202
2010;rd;14801032;Majorna-Linné, Gråberget;SD;121;59
2010;rd;14801032;Majorna-Linné, Gråberget;FI;137;14
2010;rd;14801032;Majorna-Linné, Gråberget;PP;8;12
2010;rd;14801032;Majorna-Linné, Gråberget;HANDSKRIVNA;1;2
2010;rd;14801032;Majorna-Linné, Gråberget;GILTIGA;1315;1327
2010;rd;14801032;Majorna-Linné, Gråberget;BLANK;10;22
2010;rd;14801032;Majorna-Linné, Gråberget;OG;2;0
2010;rd;14801032;Majorna-Linné, Gråberget;SUMMA_RÖSTER;1327;1349
2010;rd;14801032;Majorna-Linné, Gråberget;RÖSTBERÄTTIGADE;1585;1601
2010;rd;14801041;Majorna-Linné, Djurgårdsgatan m fl;M;136;218
2010;rd;14801041;Majorna-Linné, Djurgårdsgatan m fl;C;35;50
2010;rd;14801041;Majorna-Linné, Djurgårdsgatan m fl;L;51;62
2010;rd;14801041;Majorna-Linné, Djurgårdsgatan m fl;KD;20;28
2010;rd;14801041;Majorna-Linné, Djurgårdsgatan m fl;S;202;233
2010;rd;14801041;Majorna-Linné, Djurgårdsgatan m fl;V;289;277
2010;rd;14801041;Majorna-Linné, Djurgårdsgatan m fl;MP;207;310
2010;rd;14801041;Majorna-Linné, Djurgårdsgatan m fl;SD;66;34
2010;rd;14801041;Majorna-Linné, Djurgårdsgatan m fl;FI;276;35
2010;rd;14801041;Majorna-Linné, Djurgårdsgatan m fl;PP;5;8
2010;rd;14801041;Majorna-Linné, Djurgårdsgatan m fl;SKP;2;1
2010;rd;14801041;Majorna-Linné, Djurgårdsgatan m fl;HANDSKRIVNA;0;1
2010;rd;14801041;Majorna-Linné, Djurgårdsgatan m fl;ÖVRIGA_FGVAL;0;1
2010;rd;14801041;Majorna-Linné, Djurgårdsgatan m fl;GILTIGA;1308;1258
2010;rd;14801041;Majorna-Linné, Djurgårdsgatan m fl;BLANK;9;13
2010;rd;14801041;Majorna-Linné, Djurgårdsgatan m fl;OG;0;0
2010;rd;14801041;Majorna-Linné, Djurgårdsgatan m fl;SUMMA_RÖSTER;1317;1271
2010;rd;14801041;Majorna-Linné, Djurgårdsgatan m fl;RÖSTBERÄTTIGADE;1639;1507
2010;rd;14801042;Majorna-Linné, Gatenhielmska;M;123;169
2010;rd;14801042;Majorna-Linné, Gatenhielmska;C;28;46
2010;rd;14801042;Majorna-Linné, Gatenhielmska;L;54;73
2010;rd;14801042;Majorna-Linné, Gatenhielmska;KD;20;29
2010;rd;14801042;Majorna-Linné, Gatenhielmska;S;201;239
2010;rd;14801042;Majorna-Linné, Gatenhielmska;V;200;173
2010;rd;14801042;Majorna-Linné, Gatenhielmska;MP;169;202
2010;rd;14801042;Majorna-Linné, Gatenhielmska;SD;66;29
2010;rd;14801042;Majorna-Linné, Gatenhielmska;FI;196;25
2010;rd;14801042;Majorna-Linné, Gatenhielmska;PP;6;10
2010;rd;14801042;Majorna-Linné, Gatenhielmska;RS;0;1
2010;rd;14801042;Majorna-Linné, Gatenhielmska;HANDSKRIVNA;1;1
2010;rd;14801042;Majorna-Linné, Gatenhielmska;ÖVRIGA_FGVAL;0;1
2010;rd;14801042;Majorna-Linné, Gatenhielmska;GILTIGA;1070;998
2010;rd;14801042;Majorna-Linné, Gatenhielmska;BLANK;6;13
2010;rd;14801042;Majorna-Linné, Gatenhielmska;OG;0;0
2010;rd;14801042;Majorna-Linné, Gatenhielmska;SUMMA_RÖSTER;1076;1011
2010;rd;14801042;Majorna-Linné, Gatenhielmska;RÖSTBERÄTTIGADE;1277;1219
2010;rd;14801043;Majorna-Linné, Karl Johans torg;M;143;212
2010;rd;14801043;Majorna-Linné, Karl Johans torg;C;39;41
2010;rd;14801043;Majorna-Linné, Karl Johans torg;L;60;84
2010;rd;14801043;Majorna-Linné, Karl Johans torg;KD;18;29
2010;rd;14801043;Majorna-Linné, Karl Johans torg;S;244;326
2010;rd;14801043;Majorna-Linné, Karl Johans torg;V;348;337
2010;rd;14801043;Majorna-Linné, Karl Johans torg;MP;226;331
2010;rd;14801043;Majorna-Linné, Karl Johans torg;SD;91;46
2010;rd;14801043;Majorna-Linné, Karl Johans torg;FI;282;35
2010;rd;14801043;Majorna-Linné, Karl Johans torg;PP;12;16
2010;rd;14801043;Majorna-Linné, Karl Johans torg;HANDSKRIVNA;1;0
2010;rd;14801043;Majorna-Linné, Karl Johans torg;GILTIGA;1475;1457
2010;rd;14801043;Majorna-Linné, Karl Johans torg;BLANK;4;18
2010;rd;14801043;Majorna-Linné, Karl Johans torg;OG;0;1
2010;rd;14801043;Majorna-Linné, Karl Johans torg;SUMMA_RÖSTER;1479;1476
2010;rd;14801043;Majorna-Linné, Karl Johans torg;RÖSTBERÄTTIGADE;1741;1724
2010;rd;14801044;Majorna-Linné, Söderlingska ängen;M;115;180
2010;rd;14801044;Majorna-Linné, Söderlingska ängen;C;22;34
2010;rd;14801044;Majorna-Linné, Söderlingska ängen;L;46;57
2010;rd;14801044;Majorna-Linné, Söderlingska ängen;KD;15;28
2010;rd;14801044;Majorna-Linné, Söderlingska ängen;S;201;241
2010;rd;14801044;Majorna-Linné, Söderlingska ängen;V;233;224
2010;rd;14801044;Majorna-Linné, Söderlingska ängen;MP;169;243
2010;rd;14801044;Majorna-Linné, Söderlingska ängen;SD;77;53
2010;rd;14801044;Majorna-Linné, Söderlingska ängen;FI;208;15
2010;rd;14801044;Majorna-Linné, Söderlingska ängen;PP;4;6
2010;rd;14801044;Majorna-Linné, Söderlingska ängen;RS;0;2
2010;rd;14801044;Majorna-Linné, Söderlingska ängen;HANDSKRIVNA;1;0
2010;rd;14801044;Majorna-Linné, Söderlingska ängen;GILTIGA;1098;1083
2010;rd;14801044;Majorna-Linné, Söderlingska ängen;BLANK;8;13
2010;rd;14801044;Majorna-Linné, Söderlingska ängen;OG;0;0
2010;rd;14801044;Majorna-Linné, Söderlingska ängen;SUMMA_RÖSTER;1106;1096
2010;rd;14801044;Majorna-Linné, Söderlingska ängen;RÖSTBERÄTTIGADE;1378;1350
2010;rd;14801051;Majorna-Linné, Masthugget, Nedre;M;213;259
2010;rd;14801051;Majorna-Linné, Masthugget, Nedre;C;41;43
2010;rd;14801051;Majorna-Linné, Masthugget, Nedre;L;78;110
2010;rd;14801051;Majorna-Linné, Masthugget, Nedre;KD;30;54
2010;rd;14801051;Majorna-Linné, Masthugget, Nedre;S;172;198
2010;rd;14801051;Majorna-Linné, Masthugget, Nedre;V;236;209
2010;rd;14801051;Majorna-Linné, Masthugget, Nedre;MP;146;202
2010;rd;14801051;Majorna-Linné, Masthugget, Nedre;SD;62;33
2010;rd;14801051;Majorna-Linné, Masthugget, Nedre;FI;150;16
2010;rd;14801051;Majorna-Linné, Masthugget, Nedre;PP;4;6
2010;rd;14801051;Majorna-Linné, Masthugget, Nedre;KLP;0;1
2010;rd;14801051;Majorna-Linné, Masthugget, Nedre;RS;0;1
2010;rd;14801051;Majorna-Linné, Masthugget, Nedre;HANDSKRIVNA;0;1
2010;rd;14801051;Majorna-Linné, Masthugget, Nedre;GILTIGA;1140;1133
2010;rd;14801051;Majorna-Linné, Masthugget, Nedre;BLANK;6;6
2010;rd;14801051;Majorna-Linné, Masthugget, Nedre;OG;1;0
2010;rd;14801051;Majorna-Linné, Masthugget, Nedre;SUMMA_RÖSTER;1147;1139
2010;rd;14801051;Majorna-Linné, Masthugget, Nedre;RÖSTBERÄTTIGADE;1308;1301
2010;rd;14801052;Majorna-Linné, Masthugget, Övre;M;220;266
2010;rd;14801052;Majorna-Linné, Masthugget, Övre;C;49;57
2010;rd;14801052;Majorna-Linné, Masthugget, Övre;L;87;102
2010;rd;14801052;Majorna-Linné, Masthugget, Övre;KD;34;43
2010;rd;14801052;Majorna-Linné, Masthugget, Övre;S;177;211
2010;rd;14801052;Majorna-Linné, Masthugget, Övre;V;222;216
2010;rd;14801052;Majorna-Linné, Masthugget, Övre;MP;218;319
2010;rd;14801052;Majorna-Linné, Masthugget, Övre;SD;60;35
2010;rd;14801052;Majorna-Linné, Masthugget, Övre;FI;265;37
2010;rd;14801052;Majorna-Linné, Masthugget, Övre;PP;2;6
2010;rd;14801052;Majorna-Linné, Masthugget, Övre;HANDSKRIVNA;1;0
2010;rd;14801052;Majorna-Linné, Masthugget, Övre;ÖVRIGA_FGVAL;0;1
2010;rd;14801052;Majorna-Linné, Masthugget, Övre;GILTIGA;1340;1293
2010;rd;14801052;Majorna-Linné, Masthugget, Övre;BLANK;13;11
2010;rd;14801052;Majorna-Linné, Masthugget, Övre;OG;0;0
2010;rd;14801052;Majorna-Linné, Masthugget, Övre;SUMMA_RÖSTER;1353;1304
2010;rd;14801052;Majorna-Linné, Masthugget, Övre;RÖSTBERÄTTIGADE;1522;1473
2010;rd;14801053;Majorna-Linné, Masthuggstorget;M;284;354
2010;rd;14801053;Majorna-Linné, Masthuggstorget;C;56;54
2010;rd;14801053;Majorna-Linné, Masthuggstorget;L;92;93
2010;rd;14801053;Majorna-Linné, Masthuggstorget;KD;31;43
2010;rd;14801053;Majorna-Linné, Masthuggstorget;S;182;186
2010;rd;14801053;Majorna-Linné, Masthuggstorget;V;105;116
2010;rd;14801053;Majorna-Linné, Masthuggstorget;MP;117;157
2010;rd;14801053;Majorna-Linné, Masthuggstorget;SD;77;42
2010;rd;14801053;Majorna-Linné, Masthuggstorget;FI;95;15
2010;rd;14801053;Majorna-Linné, Masthuggstorget;PP;5;10
2010;rd;14801053;Majorna-Linné, Masthuggstorget;KLP;1;3
2010;rd;14801053;Majorna-Linné, Masthuggstorget;HANDSKRIVNA;2;1
2010;rd;14801053;Majorna-Linné, Masthuggstorget;GILTIGA;1048;1074
2010;rd;14801053;Majorna-Linné, Masthuggstorget;BLANK;9;17
2010;rd;14801053;Majorna-Linné, Masthuggstorget;OG;0;0
2010;rd;14801053;Majorna-Linné, Masthuggstorget;SUMMA_RÖSTER;1057;1091
2010;rd;14801053;Majorna-Linné, Masthuggstorget;RÖSTBERÄTTIGADE;1275;1327
2010;rd;14801054;Majorna-Linné, Oscar Fredrik;M;191;250
2010;rd;14801054;Majorna-Linné, Oscar Fredrik;C;54;57
2010;rd;14801054;Majorna-Linné, Oscar Fredrik;L;66;75
2010;rd;14801054;Majorna-Linné, Oscar Fredrik;KD;25;34
2010;rd;14801054;Majorna-Linné, Oscar Fredrik;S;157;176
2010;rd;14801054;Majorna-Linné, Oscar Fredrik;V;189;197
2010;rd;14801054;Majorna-Linné, Oscar Fredrik;MP;187;191
2010;rd;14801054;Majorna-Linné, Oscar Fredrik;SD;70;40
2010;rd;14801054;Majorna-Linné, Oscar Fredrik;FI;160;19
2010;rd;14801054;Majorna-Linné, Oscar Fredrik;PP;10;11
2010;rd;14801054;Majorna-Linné, Oscar Fredrik;HANDSKRIVNA;1;0
2010;rd;14801054;Majorna-Linné, Oscar Fredrik;GILTIGA;1117;1050
2010;rd;14801054;Majorna-Linné, Oscar Fredrik;BLANK;11;11
2010;rd;14801054;Majorna-Linné, Oscar Fredrik;OG;0;0
2010;rd;14801054;Majorna-Linné, Oscar Fredrik;SUMMA_RÖSTER;1128;1061
2010;rd;14801054;Majorna-Linné, Oscar Fredrik;RÖSTBERÄTTIGADE;1335;1287
2010;rd;14801055;Majorna-Linné, Slottsskogen;M;168;239
2010;rd;14801055;Majorna-Linné, Slottsskogen;C;24;31
2010;rd;14801055;Majorna-Linné, Slottsskogen;L;73;64
2010;rd;14801055;Majorna-Linné, Slottsskogen;KD;32;49
2010;rd;14801055;Majorna-Linné, Slottsskogen;S;177;195
2010;rd;14801055;Majorna-Linné, Slottsskogen;V;130;120
2010;rd;14801055;Majorna-Linné, Slottsskogen;MP;104;129
2010;rd;14801055;Majorna-Linné, Slottsskogen;SD;79;49
2010;rd;14801055;Majorna-Linné, Slottsskogen;FI;89;11
2010;rd;14801055;Majorna-Linné, Slottsskogen;PP;4;1
2010;rd;14801055;Majorna-Linné, Slottsskogen;KLP;0;1
2010;rd;14801055;Majorna-Linné, Slottsskogen;RS;0;3
2010;rd;14801055;Majorna-Linné, Slottsskogen;HANDSKRIVNA;2;0
2010;rd;14801055;Majorna-Linné, Slottsskogen;GILTIGA;891;892
2010;rd;14801055;Majorna-Linné, Slottsskogen;BLANK;6;16
2010;rd;14801055;Majorna-Linné, Slottsskogen;OG;0;0
2010;rd;14801055;Majorna-Linné, Slottsskogen;SUMMA_RÖSTER;897;908
2010;rd;14801055;Majorna-Linné, Slottsskogen;RÖSTBERÄTTIGADE;1112;1108
2010;rd;14801056;Majorna-Linné, Stigberget;M;169;245
2010;rd;14801056;Majorna-Linné, Stigberget;C;32;44
2010;rd;14801056;Majorna-Linné, Stigberget;L;86;106
2010;rd;14801056;Majorna-Linné, Stigberget;KD;47;46
2010;rd;14801056;Majorna-Linné, Stigberget;S;215;224
2010;rd;14801056;Majorna-Linné, Stigberget;V;224;188
2010;rd;14801056;Majorna-Linné, Stigberget;MP;200;261
2010;rd;14801056;Majorna-Linné, Stigberget;SD;77;50
2010;rd;14801056;Majorna-Linné, Stigberget;FI;184;25
2010;rd;14801056;Majorna-Linné, Stigberget;PP;7;14
2010;rd;14801056;Majorna-Linné, Stigberget;RS;1;1
2010;rd;14801056;Majorna-Linné, Stigberget;GILTIGA;1248;1204
2010;rd;14801056;Majorna-Linné, Stigberget;BLANK;6;8
2010;rd;14801056;Majorna-Linné, Stigberget;OG;0;0
2010;rd;14801056;Majorna-Linné, Stigberget;SUMMA_RÖSTER;1254;1212
2010;rd;14801056;Majorna-Linné, Stigberget;RÖSTBERÄTTIGADE;1476;1547
2010;rd;14801057;Majorna-Linné, Vegastaden;M;217;278
2010;rd;14801057;Majorna-Linné, Vegastaden;C;35;40
2010;rd;14801057;Majorna-Linné, Vegastaden;L;69;65
2010;rd;14801057;Majorna-Linné, Vegastaden;KD;31;33
2010;rd;14801057;Majorna-Linné, Vegastaden;S;179;197
2010;rd;14801057;Majorna-Linné, Vegastaden;V;169;140
2010;rd;14801057;Majorna-Linné, Vegastaden;MP;133;165
2010;rd;14801057;Majorna-Linné, Vegastaden;SD;85;39
2010;rd;14801057;Majorna-Linné, Vegastaden;FI;135;17
2010;rd;14801057;Majorna-Linné, Vegastaden;PP;8;9
2010;rd;14801057;Majorna-Linné, Vegastaden;ÖVRIGA_FGVAL;0;1
2010;rd;14801057;Majorna-Linné, Vegastaden;GILTIGA;1063;984
2010;rd;14801057;Majorna-Linné, Vegastaden;BLANK;6;2
2010;rd;14801057;Majorna-Linné, Vegastaden;OG;0;2
2010;rd;14801057;Majorna-Linné, Vegastaden;SUMMA_RÖSTER;1069;988
2010;rd;14801057;Majorna-Linné, Vegastaden;RÖSTBERÄTTIGADE;1251;1192
2010;rd;14801061;Majorna-Linné, Änggården;M;271;352
2010;rd;14801061;Majorna-Linné, Änggården;C;61;60
2010;rd;14801061;Majorna-Linné, Änggården;L;105;119
2010;rd;14801061;Majorna-Linné, Änggården;KD;93;90
2010;rd;14801061;Majorna-Linné, Änggården;S;105;89
2010;rd;14801061;Majorna-Linné, Änggården;V;77;51
2010;rd;14801061;Majorna-Linné, Änggården;MP;123;123
2010;rd;14801061;Majorna-Linné, Änggården;SD;40;16
2010;rd;14801061;Majorna-Linné, Änggården;FI;87;10
2010;rd;14801061;Majorna-Linné, Änggården;PP;3;5
2010;rd;14801061;Majorna-Linné, Änggården;KLP;0;1
2010;rd;14801061;Majorna-Linné, Änggården;SKP;0;1
2010;rd;14801061;Majorna-Linné, Änggården;HANDSKRIVNA;1;0
2010;rd;14801061;Majorna-Linné, Änggården;GILTIGA;968;917
2010;rd;14801061;Majorna-Linné, Änggården;BLANK;7;11
2010;rd;14801061;Majorna-Linné, Änggården;OG;0;1
2010;rd;14801061;Majorna-Linné, Änggården;SUMMA_RÖSTER;975;929
2010;rd;14801061;Majorna-Linné, Änggården;RÖSTBERÄTTIGADE;1185;1166
2010;rd;14801081;Majorna-Linné, Annedal;M;369;408
2010;rd;14801081;Majorna-Linné, Annedal;C;63;52
2010;rd;14801081;Majorna-Linné, Annedal;L;138;142
2010;rd;14801081;Majorna-Linné, Annedal;KD;64;76
2010;rd;14801081;Majorna-Linné, Annedal;S;268;295
2010;rd;14801081;Majorna-Linné, Annedal;V;162;140
2010;rd;14801081;Majorna-Linné, Annedal;MP;211;198
2010;rd;14801081;Majorna-Linné, Annedal;SD;127;49
2010;rd;14801081;Majorna-Linné, Annedal;FI;128;19
2010;rd;14801081;Majorna-Linné, Annedal;PP;10;12
2010;rd;14801081;Majorna-Linné, Annedal;ÖVRIGA_FGVAL;0;1
2010;rd;14801081;Majorna-Linné, Annedal;GILTIGA;1561;1392
2010;rd;14801081;Majorna-Linné, Annedal;BLANK;11;14
2010;rd;14801081;Majorna-Linné, Annedal;OG;2;1
2010;rd;14801081;Majorna-Linné, Annedal;SUMMA_RÖSTER;1574;1407
2010;rd;14801081;Majorna-Linné, Annedal;RÖSTBERÄTTIGADE;2070;1779
2010;rd;14801082;Majorna-Linné, Nilssonsberg;M;509;573
2010;rd;14801082;Majorna-Linné, Nilssonsberg;C;80;85
2010;rd;14801082;Majorna-Linné, Nilssonsberg;L;155;177
2010;rd;14801082;Majorna-Linné, Nilssonsberg;KD;69;99
2010;rd;14801082;Majorna-Linné, Nilssonsberg;S;197;207
2010;rd;14801082;Majorna-Linné, Nilssonsberg;V;125;109
2010;rd;14801082;Majorna-Linné, Nilssonsberg;MP;177;150
2010;rd;14801082;Majorna-Linné, Nilssonsberg;SD;85;44
2010;rd;14801082;Majorna-Linné, Nilssonsberg;FI;113;13
2010;rd;14801082;Majorna-Linné, Nilssonsberg;PP;15;13
2010;rd;14801082;Majorna-Linné, Nilssonsberg;HANDSKRIVNA;0;1
2010;rd;14801082;Majorna-Linné, Nilssonsberg;GILTIGA;1534;1471
2010;rd;14801082;Majorna-Linné, Nilssonsberg;BLANK;15;15
2010;rd;14801082;Majorna-Linné, Nilssonsberg;OG;0;0
2010;rd;14801082;Majorna-Linné, Nilssonsberg;SUMMA_RÖSTER;1549;1486
2010;rd;14801082;Majorna-Linné, Nilssonsberg;RÖSTBERÄTTIGADE;1816;1762
2010;rd;14801091;Majorna-Linné, Kommendantsängen;M;359;391
2010;rd;14801091;Majorna-Linné, Kommendantsängen;C;68;60
2010;rd;14801091;Majorna-Linné, Kommendantsängen;L;120;126
2010;rd;14801091;Majorna-Linné, Kommendantsängen;KD;43;48
2010;rd;14801091;Majorna-Linné, Kommendantsängen;S;122;146
2010;rd;14801091;Majorna-Linné, Kommendantsängen;V;88;84
2010;rd;14801091;Majorna-Linné, Kommendantsängen;MP;127;130
2010;rd;14801091;Majorna-Linné, Kommendantsängen;SD;68;37
2010;rd;14801091;Majorna-Linné, Kommendantsängen;FI;97;16
2010;rd;14801091;Majorna-Linné, Kommendantsängen;PP;11;6
2010;rd;14801091;Majorna-Linné, Kommendantsängen;SPI;0;1
2010;rd;14801091;Majorna-Linné, Kommendantsängen;GILTIGA;1108;1045
2010;rd;14801091;Majorna-Linné, Kommendantsängen;BLANK;7;5
2010;rd;14801091;Majorna-Linné, Kommendantsängen;OG;1;0
2010;rd;14801091;Majorna-Linné, Kommendantsängen;SUMMA_RÖSTER;1116;1050
2010;rd;14801091;Majorna-Linné, Kommendantsängen;RÖSTBERÄTTIGADE;1282;1247
2010;rd;14801092;Majorna-Linné, Linné;M;417;499
2010;rd;14801092;Majorna-Linné, Linné;C;70;61
2010;rd;14801092;Majorna-Linné, Linné;L;138;153
2010;rd;14801092;Majorna-Linné, Linné;KD;56;76
2010;rd;14801092;Majorna-Linné, Linné;S;143;151
2010;rd;14801092;Majorna-Linné, Linné;V;127;119
2010;rd;14801092;Majorna-Linné, Linné;MP;145;148
2010;rd;14801092;Majorna-Linné, Linné;SD;76;32
2010;rd;14801092;Majorna-Linné, Linné;FI;99;13
2010;rd;14801092;Majorna-Linné, Linné;PP;6;8
2010;rd;14801092;Majorna-Linné, Linné;HANDSKRIVNA;0;1
2010;rd;14801092;Majorna-Linné, Linné;GILTIGA;1280;1261
2010;rd;14801092;Majorna-Linné, Linné;BLANK;6;9
2010;rd;14801092;Majorna-Linné, Linné;OG;1;0
2010;rd;14801092;Majorna-Linné, Linné;SUMMA_RÖSTER;1287;1270
2010;rd;14801092;Majorna-Linné, Linné;RÖSTBERÄTTIGADE;1499;1489
2010;rd;14801093;Majorna-Linné, Linnéplatsen;M;297;351
2010;rd;14801093;Majorna-Linné, Linnéplatsen;C;53;48
2010;rd;14801093;Majorna-Linné, Linnéplatsen;L;96;106
2010;rd;14801093;Majorna-Linné, Linnéplatsen;KD;49;47
2010;rd;14801093;Majorna-Linné, Linnéplatsen;S;85;104
2010;rd;14801093;Majorna-Linné, Linnéplatsen;V;69;73
2010;rd;14801093;Majorna-Linné, Linnéplatsen;MP;109;114
2010;rd;14801093;Majorna-Linné, Linnéplatsen;SD;62;29
2010;rd;14801093;Majorna-Linné, Linnéplatsen;FI;96;6
2010;rd;14801093;Majorna-Linné, Linnéplatsen;PP;5;3
2010;rd;14801093;Majorna-Linné, Linnéplatsen;HANDSKRIVNA;2;1
2010;rd;14801093;Majorna-Linné, Linnéplatsen;GILTIGA;931;882
2010;rd;14801093;Majorna-Linné, Linnéplatsen;BLANK;6;2
2010;rd;14801093;Majorna-Linné, Linnéplatsen;OG;0;1
2010;rd;14801093;Majorna-Linné, Linnéplatsen;SUMMA_RÖSTER;937;885
2010;rd;14801093;Majorna-Linné, Linnéplatsen;RÖSTBERÄTTIGADE;1069;1036
2010;rd;14801094;Majorna-Linné, Långgatorna;M;368;502
2010;rd;14801094;Majorna-Linné, Långgatorna;C;89;79
2010;rd;14801094;Majorna-Linné, Långgatorna;L;123;126
2010;rd;14801094;Majorna-Linné, Långgatorna;KD;53;50
2010;rd;14801094;Majorna-Linné, Långgatorna;S;160;171
2010;rd;14801094;Majorna-Linné, Långgatorna;V;150;127
2010;rd;14801094;Majorna-Linné, Långgatorna;MP;177;231
2010;rd;14801094;Majorna-Linné, Långgatorna;SD;72;32
2010;rd;14801094;Majorna-Linné, Långgatorna;FI;168;22
2010;rd;14801094;Majorna-Linné, Långgatorna;PP;4;7
2010;rd;14801094;Majorna-Linné, Långgatorna;ENH;2;1
2010;rd;14801094;Majorna-Linné, Långgatorna;EAP;0;1
2010;rd;14801094;Majorna-Linné, Långgatorna;RS;0;1
2010;rd;14801094;Majorna-Linné, Långgatorna;HANDSKRIVNA;0;1
2010;rd;14801094;Majorna-Linné, Långgatorna;GILTIGA;1368;1351
2010;rd;14801094;Majorna-Linné, Långgatorna;BLANK;7;10
2010;rd;14801094;Majorna-Linné, Långgatorna;OG;0;1
2010;rd;14801094;Majorna-Linné, Långgatorna;SUMMA_RÖSTER;1375;1362
2010;rd;14801094;Majorna-Linné, Långgatorna;RÖSTBERÄTTIGADE;1711;1722
2010;rd;14801095;Majorna-Linné, Olivedal;M;407;400
2010;rd;14801095;Majorna-Linné, Olivedal;C;70;73
2010;rd;14801095;Majorna-Linné, Olivedal;L;127;125
2010;rd;14801095;Majorna-Linné, Olivedal;KD;40;60
2010;rd;14801095;Majorna-Linné, Olivedal;S;214;246
2010;rd;14801095;Majorna-Linné, Olivedal;V;160;164
2010;rd;14801095;Majorna-Linné, Olivedal;MP;175;220
2010;rd;14801095;Majorna-Linné, Olivedal;SD;78;29
2010;rd;14801095;Majorna-Linné, Olivedal;FI;155;25
2010;rd;14801095;Majorna-Linné, Olivedal;PP;5;10
2010;rd;14801095;Majorna-Linné, Olivedal;SPI;0;1
2010;rd;14801095;Majorna-Linné, Olivedal;HANDSKRIVNA;1;0
2010;rd;14801095;Majorna-Linné, Olivedal;GILTIGA;1441;1353
2010;rd;14801095;Majorna-Linné, Olivedal;BLANK;6;11
2010;rd;14801095;Majorna-Linné, Olivedal;OG;0;0
2010;rd;14801095;Majorna-Linné, Olivedal;SUMMA_RÖSTER;1447;1364
2010;rd;14801095;Majorna-Linné, Olivedal;RÖSTBERÄTTIGADE;1682;1617
2010;rd;14801096;Majorna-Linné, Risåsen;M;286;386
2010;rd;14801096;Majorna-Linné, Risåsen;C;56;61
2010;rd;14801096;Majorna-Linné, Risåsen;L;84;100
2010;rd;14801096;Majorna-Linné, Risåsen;KD;55;57
2010;rd;14801096;Majorna-Linné, Risåsen;S;106;114
2010;rd;14801096;Majorna-Linné, Risåsen;V;98;91
2010;rd;14801096;Majorna-Linné, Risåsen;MP;137;145
2010;rd;14801096;Majorna-Linné, Risåsen;SD;63;23
2010;rd;14801096;Majorna-Linné, Risåsen;FI;73;15
2010;rd;14801096;Majorna-Linné, Risåsen;PP;2;5
2010;rd;14801096;Majorna-Linné, Risåsen;KLP;0;1
2010;rd;14801096;Majorna-Linné, Risåsen;SPI;0;1
2010;rd;14801096;Majorna-Linné, Risåsen;HANDSKRIVNA;2;0
2010;rd;14801096;Majorna-Linné, Risåsen;GILTIGA;971;999
2010;rd;14801096;Majorna-Linné, Risåsen;BLANK;6;7
2010;rd;14801096;Majorna-Linné, Risåsen;OG;0;1
2010;rd;14801096;Majorna-Linné, Risåsen;SUMMA_RÖSTER;977;1007
2010;rd;14801096;Majorna-Linné, Risåsen;RÖSTBERÄTTIGADE;1145;1339
2010;rd;14801097;Majorna-Linné, Sveaplan;M;371;502
2010;rd;14801097;Majorna-Linné, Sveaplan;C;47;51
2010;rd;14801097;Majorna-Linné, Sveaplan;L;164;151
2010;rd;14801097;Majorna-Linné, Sveaplan;KD;70;81
2010;rd;14801097;Majorna-Linné, Sveaplan;S;172;154
2010;rd;14801097;Majorna-Linné, Sveaplan;V;78;69
2010;rd;14801097;Majorna-Linné, Sveaplan;MP;121;98
2010;rd;14801097;Majorna-Linné, Sveaplan;SD;61;25
2010;rd;14801097;Majorna-Linné, Sveaplan;FI;81;15
2010;rd;14801097;Majorna-Linné, Sveaplan;PP;4;2
2010;rd;14801097;Majorna-Linné, Sveaplan;KLP;1;1
2010;rd;14801097;Majorna-Linné, Sveaplan;GILTIGA;1174;1149
2010;rd;14801097;Majorna-Linné, Sveaplan;BLANK;5;5
2010;rd;14801097;Majorna-Linné, Sveaplan;OG;0;0
2010;rd;14801097;Majorna-Linné, Sveaplan;SUMMA_RÖSTER;1179;1154
2010;rd;14801097;Majorna-Linné, Sveaplan;RÖSTBERÄTTIGADE;1368;1346
2010;rd;14801108;Centrum, Olofshöjd;M;113;154
2010;rd;14801108;Centrum, Olofshöjd;C;37;56
2010;rd;14801108;Centrum, Olofshöjd;L;52;58
2010;rd;14801108;Centrum, Olofshöjd;KD;20;27
2010;rd;14801108;Centrum, Olofshöjd;S;79;92
2010;rd;14801108;Centrum, Olofshöjd;V;54;73
2010;rd;14801108;Centrum, Olofshöjd;MP;138;167
2010;rd;14801108;Centrum, Olofshöjd;SD;31;14
2010;rd;14801108;Centrum, Olofshöjd;FI;78;13
2010;rd;14801108;Centrum, Olofshöjd;PP;25;33
2010;rd;14801108;Centrum, Olofshöjd;KLP;1;1
2010;rd;14801108;Centrum, Olofshöjd;HANDSKRIVNA;0;1
2010;rd;14801108;Centrum, Olofshöjd;GILTIGA;631;689
2010;rd;14801108;Centrum, Olofshöjd;BLANK;2;15
2010;rd;14801108;Centrum, Olofshöjd;OG;0;0
2010;rd;14801108;Centrum, Olofshöjd;SUMMA_RÖSTER;633;704
2010;rd;14801108;Centrum, Olofshöjd;RÖSTBERÄTTIGADE;791;887
2010;rd;14801111;Centrum, Eklanda;M;409;530
2010;rd;14801111;Centrum, Eklanda;C;91;86
2010;rd;14801111;Centrum, Eklanda;L;143;142
2010;rd;14801111;Centrum, Eklanda;KD;60;74
2010;rd;14801111;Centrum, Eklanda;S;208;184
2010;rd;14801111;Centrum, Eklanda;V;86;74
2010;rd;14801111;Centrum, Eklanda;MP;191;158
2010;rd;14801111;Centrum, Eklanda;SD;84;40
2010;rd;14801111;Centrum, Eklanda;FI;120;17
2010;rd;14801111;Centrum, Eklanda;PP;10;14
2010;rd;14801111;Centrum, Eklanda;HANDSKRIVNA;2;0
2010;rd;14801111;Centrum, Eklanda;GILTIGA;1411;1319
2010;rd;14801111;Centrum, Eklanda;BLANK;10;2
2010;rd;14801111;Centrum, Eklanda;OG;1;0
2010;rd;14801111;Centrum, Eklanda;SUMMA_RÖSTER;1422;1321
2010;rd;14801111;Centrum, Eklanda;RÖSTBERÄTTIGADE;1703;1775
2010;rd;14801112;Centrum, Johanneberg, Nedre;M;609;727
2010;rd;14801112;Centrum, Johanneberg, Nedre;C;91;91
2010;rd;14801112;Centrum, Johanneberg, Nedre;L;186;189
2010;rd;14801112;Centrum, Johanneberg, Nedre;KD;106;114
2010;rd;14801112;Centrum, Johanneberg, Nedre;S;148;133
2010;rd;14801112;Centrum, Johanneberg, Nedre;V;85;66
2010;rd;14801112;Centrum, Johanneberg, Nedre;MP;191;183
2010;rd;14801112;Centrum, Johanneberg, Nedre;SD;98;32
2010;rd;14801112;Centrum, Johanneberg, Nedre;FI;118;8
2010;rd;14801112;Centrum, Johanneberg, Nedre;PP;18;20
2010;rd;14801112;Centrum, Johanneberg, Nedre;KLP;2;1
2010;rd;14801112;Centrum, Johanneberg, Nedre;ENH;1;1
2010;rd;14801112;Centrum, Johanneberg, Nedre;HANDSKRIVNA;0;2
2010;rd;14801112;Centrum, Johanneberg, Nedre;GILTIGA;1663;1567
2010;rd;14801112;Centrum, Johanneberg, Nedre;BLANK;6;12
2010;rd;14801112;Centrum, Johanneberg, Nedre;OG;1;0
2010;rd;14801112;Centrum, Johanneberg, Nedre;SUMMA_RÖSTER;1670;1579
2010;rd;14801112;Centrum, Johanneberg, Nedre;RÖSTBERÄTTIGADE;1934;1869
2010;rd;14801113;Centrum, Johanneberg, Södra;M;379;440
2010;rd;14801113;Centrum, Johanneberg, Södra;C;54;78
2010;rd;14801113;Centrum, Johanneberg, Södra;L;99;117
2010;rd;14801113;Centrum, Johanneberg, Södra;KD;63;79
2010;rd;14801113;Centrum, Johanneberg, Södra;S;157;162
2010;rd;14801113;Centrum, Johanneberg, Södra;V;99;72
2010;rd;14801113;Centrum, Johanneberg, Södra;MP;153;150
2010;rd;14801113;Centrum, Johanneberg, Södra;SD;93;47
2010;rd;14801113;Centrum, Johanneberg, Södra;FI;116;16
2010;rd;14801113;Centrum, Johanneberg, Södra;PP;8;9
2010;rd;14801113;Centrum, Johanneberg, Södra;GILTIGA;1228;1170
2010;rd;14801113;Centrum, Johanneberg, Södra;BLANK;8;13
2010;rd;14801113;Centrum, Johanneberg, Södra;OG;0;0
2010;rd;14801113;Centrum, Johanneberg, Södra;SUMMA_RÖSTER;1236;1183
2010;rd;14801113;Centrum, Johanneberg, Södra;RÖSTBERÄTTIGADE;1475;1445
2010;rd;14801114;Centrum, Johanneberg, Övre;M;339;413
2010;rd;14801114;Centrum, Johanneberg, Övre;C;72;71
2010;rd;14801114;Centrum, Johanneberg, Övre;L;145;126
2010;rd;14801114;Centrum, Johanneberg, Övre;KD;52;79
2010;rd;14801114;Centrum, Johanneberg, Övre;S;139;163
2010;rd;14801114;Centrum, Johanneberg, Övre;V;80;55
2010;rd;14801114;Centrum, Johanneberg, Övre;MP;149;172
2010;rd;14801114;Centrum, Johanneberg, Övre;SD;85;37
2010;rd;14801114;Centrum, Johanneberg, Övre;FI;97;11
2010;rd;14801114;Centrum, Johanneberg, Övre;PP;9;15
2010;rd;14801114;Centrum, Johanneberg, Övre;KLP;1;2
2010;rd;14801114;Centrum, Johanneberg, Övre;SVP;1;1
2010;rd;14801114;Centrum, Johanneberg, Övre;RS;0;1
2010;rd;14801114;Centrum, Johanneberg, Övre;HANDSKRIVNA;0;2
2010;rd;14801114;Centrum, Johanneberg, Övre;GILTIGA;1182;1148
2010;rd;14801114;Centrum, Johanneberg, Övre;BLANK;8;13
2010;rd;14801114;Centrum, Johanneberg, Övre;OG;0;2
2010;rd;14801114;Centrum, Johanneberg, Övre;SUMMA_RÖSTER;1190;1163
2010;rd;14801114;Centrum, Johanneberg, Övre;RÖSTBERÄTTIGADE;1566;1401
2010;rd;14801121;Centrum, Landala;M;374;453
2010;rd;14801121;Centrum, Landala;C;63;59
2010;rd;14801121;Centrum, Landala;L;107;115
2010;rd;14801121;Centrum, Landala;KD;73;85
2010;rd;14801121;Centrum, Landala;S;128;128
2010;rd;14801121;Centrum, Landala;V;77;44
2010;rd;14801121;Centrum, Landala;MP;124;135
2010;rd;14801121;Centrum, Landala;SD;77;36
2010;rd;14801121;Centrum, Landala;FI;96;13
2010;rd;14801121;Centrum, Landala;PP;5;8
2010;rd;14801121;Centrum, Landala;RS;0;1
2010;rd;14801121;Centrum, Landala;GILTIGA;1132;1077
2010;rd;14801121;Centrum, Landala;BLANK;2;13
2010;rd;14801121;Centrum, Landala;OG;0;0
2010;rd;14801121;Centrum, Landala;SUMMA_RÖSTER;1134;1090
2010;rd;14801121;Centrum, Landala;RÖSTBERÄTTIGADE;1360;1341
2010;rd;14801131;Centrum, Doktor Forselius gata m fl;M;228;282
2010;rd;14801131;Centrum, Doktor Forselius gata m fl;C;42;58
2010;rd;14801131;Centrum, Doktor Forselius gata m fl;L;82;103
2010;rd;14801131;Centrum, Doktor Forselius gata m fl;KD;73;71
2010;rd;14801131;Centrum, Doktor Forselius gata m fl;S;205;192
2010;rd;14801131;Centrum, Doktor Forselius gata m fl;V;111;91
2010;rd;14801131;Centrum, Doktor Forselius gata m fl;MP;161;144
2010;rd;14801131;Centrum, Doktor Forselius gata m fl;SD;78;27
2010;rd;14801131;Centrum, Doktor Forselius gata m fl;FI;112;16
2010;rd;14801131;Centrum, Doktor Forselius gata m fl;PP;12;9
2010;rd;14801131;Centrum, Doktor Forselius gata m fl;RS;0;1
2010;rd;14801131;Centrum, Doktor Forselius gata m fl;HANDSKRIVNA;3;0
2010;rd;14801131;Centrum, Doktor Forselius gata m fl;GILTIGA;1120;994
2010;rd;14801131;Centrum, Doktor Forselius gata m fl;BLANK;12;7
2010;rd;14801131;Centrum, Doktor Forselius gata m fl;OG;0;0
2010;rd;14801131;Centrum, Doktor Forselius gata m fl;SUMMA_RÖSTER;1132;1001
2010;rd;14801131;Centrum, Doktor Forselius gata m fl;RÖSTBERÄTTIGADE;1326;1203
2010;rd;14801132;Centrum, Guldheden vattentornet;M;251;297
2010;rd;14801132;Centrum, Guldheden vattentornet;C;52;60
2010;rd;14801132;Centrum, Guldheden vattentornet;L;83;115
2010;rd;14801132;Centrum, Guldheden vattentornet;KD;49;48
2010;rd;14801132;Centrum, Guldheden vattentornet;S;275;260
2010;rd;14801132;Centrum, Guldheden vattentornet;V;179;132
2010;rd;14801132;Centrum, Guldheden vattentornet;MP;198;227
2010;rd;14801132;Centrum, Guldheden vattentornet;SD;139;74
2010;rd;14801132;Centrum, Guldheden vattentornet;FI;127;13
2010;rd;14801132;Centrum, Guldheden vattentornet;PP;16;16
2010;rd;14801132;Centrum, Guldheden vattentornet;ENH;9;1
2010;rd;14801132;Centrum, Guldheden vattentornet;HANDSKRIVNA;3;1
2010;rd;14801132;Centrum, Guldheden vattentornet;ÖVRIGA_FGVAL;0;2
2010;rd;14801132;Centrum, Guldheden vattentornet;GILTIGA;1392;1246
2010;rd;14801132;Centrum, Guldheden vattentornet;BLANK;8;15
2010;rd;14801132;Centrum, Guldheden vattentornet;OG;1;3
2010;rd;14801132;Centrum, Guldheden vattentornet;SUMMA_RÖSTER;1401;1264
2010;rd;14801132;Centrum, Guldheden vattentornet;RÖSTBERÄTTIGADE;1687;1522
2010;rd;14801133;Centrum, Guldheden, Centrala;M;131;227
2010;rd;14801133;Centrum, Guldheden, Centrala;C;33;27
2010;rd;14801133;Centrum, Guldheden, Centrala;L;56;78
2010;rd;14801133;Centrum, Guldheden, Centrala;KD;39;46
2010;rd;14801133;Centrum, Guldheden, Centrala;S;191;206
2010;rd;14801133;Centrum, Guldheden, Centrala;V;134;129
2010;rd;14801133;Centrum, Guldheden, Centrala;MP;169;165
2010;rd;14801133;Centrum, Guldheden, Centrala;SD;85;47
2010;rd;14801133;Centrum, Guldheden, Centrala;FI;120;12
2010;rd;14801133;Centrum, Guldheden, Centrala;PP;8;15
2010;rd;14801133;Centrum, Guldheden, Centrala;ENH;1;1
2010;rd;14801133;Centrum, Guldheden, Centrala;KLP;0;1
2010;rd;14801133;Centrum, Guldheden, Centrala;HANDSKRIVNA;1;1
2010;rd;14801133;Centrum, Guldheden, Centrala;GILTIGA;978;955
2010;rd;14801133;Centrum, Guldheden, Centrala;BLANK;6;11
2010;rd;14801133;Centrum, Guldheden, Centrala;OG;0;0
2010;rd;14801133;Centrum, Guldheden, Centrala;SUMMA_RÖSTER;984;966
2010;rd;14801133;Centrum, Guldheden, Centrala;RÖSTBERÄTTIGADE;1189;1163
2010;rd;14801134;Centrum, Guldheden, Norra;M;299;426
2010;rd;14801134;Centrum, Guldheden, Norra;C;91;113
2010;rd;14801134;Centrum, Guldheden, Norra;L;177;174
2010;rd;14801134;Centrum, Guldheden, Norra;KD;69;74
2010;rd;14801134;Centrum, Guldheden, Norra;S;147;128
2010;rd;14801134;Centrum, Guldheden, Norra;V;102;76
2010;rd;14801134;Centrum, Guldheden, Norra;MP;195;170
2010;rd;14801134;Centrum, Guldheden, Norra;SD;79;27
2010;rd;14801134;Centrum, Guldheden, Norra;FI;97;7
2010;rd;14801134;Centrum, Guldheden, Norra;PP;3;9
2010;rd;14801134;Centrum, Guldheden, Norra;KLP;2;3
2010;rd;14801134;Centrum, Guldheden, Norra;RS;0;1
2010;rd;14801134;Centrum, Guldheden, Norra;HANDSKRIVNA;0;1
2010;rd;14801134;Centrum, Guldheden, Norra;GILTIGA;1263;1209
2010;rd;14801134;Centrum, Guldheden, Norra;BLANK;7;8
2010;rd;14801134;Centrum, Guldheden, Norra;OG;0;0
2010;rd;14801134;Centrum, Guldheden, Norra;SUMMA_RÖSTER;1270;1217
2010;rd;14801134;Centrum, Guldheden, Norra;RÖSTBERÄTTIGADE;1436;1417
2010;rd;14801135;Centrum, Guldheden, Södra;M;163;258
2010;rd;14801135;Centrum, Guldheden, Södra;C;50;50
2010;rd;14801135;Centrum, Guldheden, Södra;L;75;92
2010;rd;14801135;Centrum, Guldheden, Södra;KD;58;95
2010;rd;14801135;Centrum, Guldheden, Södra;S;235;200
2010;rd;14801135;Centrum, Guldheden, Södra;V;131;110
2010;rd;14801135;Centrum, Guldheden, Södra;MP;170;177
2010;rd;14801135;Centrum, Guldheden, Södra;SD;86;36
2010;rd;14801135;Centrum, Guldheden, Södra;FI;102;10
2010;rd;14801135;Centrum, Guldheden, Södra;PP;9;27
2010;rd;14801135;Centrum, Guldheden, Södra;KLP;2;2
2010;rd;14801135;Centrum, Guldheden, Södra;EAP;0;1
2010;rd;14801135;Centrum, Guldheden, Södra;HANDSKRIVNA;1;5
2010;rd;14801135;Centrum, Guldheden, Södra;GILTIGA;1093;1063
2010;rd;14801135;Centrum, Guldheden, Södra;BLANK;4;12
2010;rd;14801135;Centrum, Guldheden, Södra;OG;0;0
2010;rd;14801135;Centrum, Guldheden, Södra;SUMMA_RÖSTER;1097;1075
2010;rd;14801135;Centrum, Guldheden, Södra;RÖSTBERÄTTIGADE;1292;1276
2010;rd;14801136;Centrum, Landala Egnahem;M;237;314
2010;rd;14801136;Centrum, Landala Egnahem;C;66;83
2010;rd;14801136;Centrum, Landala Egnahem;L;106;139
2010;rd;14801136;Centrum, Landala Egnahem;KD;66;60
2010;rd;14801136;Centrum, Landala Egnahem;S;184;150
2010;rd;14801136;Centrum, Landala Egnahem;V;125;98
2010;rd;14801136;Centrum, Landala Egnahem;MP;141;162
2010;rd;14801136;Centrum, Landala Egnahem;SD;70;37
2010;rd;14801136;Centrum, Landala Egnahem;FI;96;12
2010;rd;14801136;Centrum, Landala Egnahem;PP;12;18
2010;rd;14801136;Centrum, Landala Egnahem;RS;1;1
2010;rd;14801136;Centrum, Landala Egnahem;GILTIGA;1111;1074
2010;rd;14801136;Centrum, Landala Egnahem;BLANK;6;9
2010;rd;14801136;Centrum, Landala Egnahem;OG;1;0
2010;rd;14801136;Centrum, Landala Egnahem;SUMMA_RÖSTER;1118;1083
2010;rd;14801136;Centrum, Landala Egnahem;RÖSTBERÄTTIGADE;1304;1280
2010;rd;14801141;Centrum, Lorensberg;M;679;658
2010;rd;14801141;Centrum, Lorensberg;C;80;84
2010;rd;14801141;Centrum, Lorensberg;L;158;163
2010;rd;14801141;Centrum, Lorensberg;KD;75;122
2010;rd;14801141;Centrum, Lorensberg;S;124;101
2010;rd;14801141;Centrum, Lorensberg;V;44;44
2010;rd;14801141;Centrum, Lorensberg;MP;70;93
2010;rd;14801141;Centrum, Lorensberg;SD;109;27
2010;rd;14801141;Centrum, Lorensberg;FI;66;6
2010;rd;14801141;Centrum, Lorensberg;PP;6;3
2010;rd;14801141;Centrum, Lorensberg;RS;0;1
2010;rd;14801141;Centrum, Lorensberg;GILTIGA;1418;1302
2010;rd;14801141;Centrum, Lorensberg;BLANK;7;6
2010;rd;14801141;Centrum, Lorensberg;OG;3;2
2010;rd;14801141;Centrum, Lorensberg;SUMMA_RÖSTER;1428;1310
2010;rd;14801141;Centrum, Lorensberg;RÖSTBERÄTTIGADE;1817;1725
2010;rd;14801151;Centrum, Valand;M;404;452
2010;rd;14801151;Centrum, Valand;C;53;41
2010;rd;14801151;Centrum, Valand;L;73;107
2010;rd;14801151;Centrum, Valand;KD;60;68
2010;rd;14801151;Centrum, Valand;S;96;77
2010;rd;14801151;Centrum, Valand;V;45;37
2010;rd;14801151;Centrum, Valand;MP;75;67
2010;rd;14801151;Centrum, Valand;SD;92;35
2010;rd;14801151;Centrum, Valand;FI;59;7
2010;rd;14801151;Centrum, Valand;PP;5;7
2010;rd;14801151;Centrum, Valand;GILTIGA;967;898
2010;rd;14801151;Centrum, Valand;BLANK;7;8
2010;rd;14801151;Centrum, Valand;OG;0;0
2010;rd;14801151;Centrum, Valand;SUMMA_RÖSTER;974;906
2010;rd;14801151;Centrum, Valand;RÖSTBERÄTTIGADE;1179;1129
2010;rd;14801152;Centrum, Vasastaden, Norra;M;451;564
2010;rd;14801152;Centrum, Vasastaden, Norra;C;59;55
2010;rd;14801152;Centrum, Vasastaden, Norra;L;101;118
2010;rd;14801152;Centrum, Vasastaden, Norra;KD;94;109
2010;rd;14801152;Centrum, Vasastaden, Norra;S;137;124
2010;rd;14801152;Centrum, Vasastaden, Norra;V;71;72
2010;rd;14801152;Centrum, Vasastaden, Norra;MP;113;133
2010;rd;14801152;Centrum, Vasastaden, Norra;SD;89;44
2010;rd;14801152;Centrum, Vasastaden, Norra;FI;95;6
2010;rd;14801152;Centrum, Vasastaden, Norra;PP;7;11
2010;rd;14801152;Centrum, Vasastaden, Norra;RS;0;1
2010;rd;14801152;Centrum, Vasastaden, Norra;HANDSKRIVNA;1;1
2010;rd;14801152;Centrum, Vasastaden, Norra;GILTIGA;1226;1238
2010;rd;14801152;Centrum, Vasastaden, Norra;BLANK;2;7
2010;rd;14801152;Centrum, Vasastaden, Norra;OG;0;0
2010;rd;14801152;Centrum, Vasastaden, Norra;SUMMA_RÖSTER;1228;1245
2010;rd;14801152;Centrum, Vasastaden, Norra;RÖSTBERÄTTIGADE;1511;1682
2010;rd;14801153;Centrum, Vasastaden, Södra;M;548;592
2010;rd;14801153;Centrum, Vasastaden, Södra;C;75;84
2010;rd;14801153;Centrum, Vasastaden, Södra;L;138;153
2010;rd;14801153;Centrum, Vasastaden, Södra;KD;89;95
2010;rd;14801153;Centrum, Vasastaden, Södra;S;155;150
2010;rd;14801153;Centrum, Vasastaden, Södra;V;80;72
2010;rd;14801153;Centrum, Vasastaden, Södra;MP;136;164
2010;rd;14801153;Centrum, Vasastaden, Södra;SD;85;33
2010;rd;14801153;Centrum, Vasastaden, Södra;FI;109;15
2010;rd;14801153;Centrum, Vasastaden, Södra;PP;6;3
2010;rd;14801153;Centrum, Vasastaden, Södra;RS;0;1
2010;rd;14801153;Centrum, Vasastaden, Södra;HANDSKRIVNA;1;0
2010;rd;14801153;Centrum, Vasastaden, Södra;GILTIGA;1432;1362
2010;rd;14801153;Centrum, Vasastaden, Södra;BLANK;13;9
2010;rd;14801153;Centrum, Vasastaden, Södra;OG;0;0
2010;rd;14801153;Centrum, Vasastaden, Södra;SUMMA_RÖSTER;1445;1371
2010;rd;14801153;Centrum, Vasastaden, Södra;RÖSTBERÄTTIGADE;1711;1677
2010;rd;14801154;Centrum, Vasastaden, Östra;M;590;641
2010;rd;14801154;Centrum, Vasastaden, Östra;C;64;79
2010;rd;14801154;Centrum, Vasastaden, Östra;L;101;109
2010;rd;14801154;Centrum, Vasastaden, Östra;KD;55;79
2010;rd;14801154;Centrum, Vasastaden, Östra;S;122;110
2010;rd;14801154;Centrum, Vasastaden, Östra;V;35;43
2010;rd;14801154;Centrum, Vasastaden, Östra;MP;82;103
2010;rd;14801154;Centrum, Vasastaden, Östra;SD;102;39
2010;rd;14801154;Centrum, Vasastaden, Östra;FI;65;15
2010;rd;14801154;Centrum, Vasastaden, Östra;PP;3;5
2010;rd;14801154;Centrum, Vasastaden, Östra;RS;0;1
2010;rd;14801154;Centrum, Vasastaden, Östra;HANDSKRIVNA;0;1
2010;rd;14801154;Centrum, Vasastaden, Östra;GILTIGA;1223;1225
2010;rd;14801154;Centrum, Vasastaden, Östra;BLANK;6;2
2010;rd;14801154;Centrum, Vasastaden, Östra;OG;0;1
2010;rd;14801154;Centrum, Vasastaden, Östra;SUMMA_RÖSTER;1229;1228
2010;rd;14801154;Centrum, Vasastaden, Östra;RÖSTBERÄTTIGADE;1491;1482
2010;rd;14801161;Centrum, Inom Vallgraven;M;548;611
2010;rd;14801161;Centrum, Inom Vallgraven;C;72;73
2010;rd;14801161;Centrum, Inom Vallgraven;L;138;151
2010;rd;14801161;Centrum, Inom Vallgraven;KD;70;73
2010;rd;14801161;Centrum, Inom Vallgraven;S;145;154
2010;rd;14801161;Centrum, Inom Vallgraven;V;102;79
2010;rd;14801161;Centrum, Inom Vallgraven;MP;177;152
2010;rd;14801161;Centrum, Inom Vallgraven;SD;99;30
2010;rd;14801161;Centrum, Inom Vallgraven;FI;86;15
2010;rd;14801161;Centrum, Inom Vallgraven;PP;7;13
2010;rd;14801161;Centrum, Inom Vallgraven;HANDSKRIVNA;1;2
2010;rd;14801161;Centrum, Inom Vallgraven;GILTIGA;1449;1353
2010;rd;14801161;Centrum, Inom Vallgraven;BLANK;9;6
2010;rd;14801161;Centrum, Inom Vallgraven;OG;1;0
2010;rd;14801161;Centrum, Inom Vallgraven;SUMMA_RÖSTER;1459;1359
2010;rd;14801161;Centrum, Inom Vallgraven;RÖSTBERÄTTIGADE;1892;1677
2010;rd;14801162;Centrum, Nordstan-Otterhällan;M;422;494
2010;rd;14801162;Centrum, Nordstan-Otterhällan;C;70;62
2010;rd;14801162;Centrum, Nordstan-Otterhällan;L;132;123
2010;rd;14801162;Centrum, Nordstan-Otterhällan;KD;82;82
2010;rd;14801162;Centrum, Nordstan-Otterhällan;S;215;200
2010;rd;14801162;Centrum, Nordstan-Otterhällan;V;130;103
2010;rd;14801162;Centrum, Nordstan-Otterhällan;MP;151;166
2010;rd;14801162;Centrum, Nordstan-Otterhällan;SD;123;66
2010;rd;14801162;Centrum, Nordstan-Otterhällan;FI;98;18
2010;rd;14801162;Centrum, Nordstan-Otterhällan;PP;4;13
2010;rd;14801162;Centrum, Nordstan-Otterhällan;GILTIGA;1434;1327
2010;rd;14801162;Centrum, Nordstan-Otterhällan;BLANK;8;19
2010;rd;14801162;Centrum, Nordstan-Otterhällan;OG;0;0
2010;rd;14801162;Centrum, Nordstan-Otterhällan;SUMMA_RÖSTER;1442;1346
2010;rd;14801162;Centrum, Nordstan-Otterhällan;RÖSTBERÄTTIGADE;1756;1655
2010;rd;14801171;Centrum, Friggagatan-Stampen;M;344;415
2010;rd;14801171;Centrum, Friggagatan-Stampen;C;52;51
2010;rd;14801171;Centrum, Friggagatan-Stampen;L;95;116
2010;rd;14801171;Centrum, Friggagatan-Stampen;KD;48;63
2010;rd;14801171;Centrum, Friggagatan-Stampen;S;236;250
2010;rd;14801171;Centrum, Friggagatan-Stampen;V;122;68
2010;rd;14801171;Centrum, Friggagatan-Stampen;MP;100;119
2010;rd;14801171;Centrum, Friggagatan-Stampen;SD;117;47
2010;rd;14801171;Centrum, Friggagatan-Stampen;FI;69;4
2010;rd;14801171;Centrum, Friggagatan-Stampen;PP;4;5
2010;rd;14801171;Centrum, Friggagatan-Stampen;HANDSKRIVNA;1;0
2010;rd;14801171;Centrum, Friggagatan-Stampen;GILTIGA;1196;1138
2010;rd;14801171;Centrum, Friggagatan-Stampen;BLANK;11;8
2010;rd;14801171;Centrum, Friggagatan-Stampen;OG;0;2
2010;rd;14801171;Centrum, Friggagatan-Stampen;SUMMA_RÖSTER;1207;1148
2010;rd;14801171;Centrum, Friggagatan-Stampen;RÖSTBERÄTTIGADE;1440;1469
2010;rd;14801174;Centrum, Odinsgatan-Stampen;M;392;498
2010;rd;14801174;Centrum, Odinsgatan-Stampen;C;53;53
2010;rd;14801174;Centrum, Odinsgatan-Stampen;L;128;166
2010;rd;14801174;Centrum, Odinsgatan-Stampen;KD;70;61
2010;rd;14801174;Centrum, Odinsgatan-Stampen;S;246;226
2010;rd;14801174;Centrum, Odinsgatan-Stampen;V;85;82
2010;rd;14801174;Centrum, Odinsgatan-Stampen;MP;126;118
2010;rd;14801174;Centrum, Odinsgatan-Stampen;SD;126;46
2010;rd;14801174;Centrum, Odinsgatan-Stampen;FI;79;9
2010;rd;14801174;Centrum, Odinsgatan-Stampen;PP;8;12
2010;rd;14801174;Centrum, Odinsgatan-Stampen;KLP;0;1
2010;rd;14801174;Centrum, Odinsgatan-Stampen;GILTIGA;1323;1272
2010;rd;14801174;Centrum, Odinsgatan-Stampen;BLANK;12;19
2010;rd;14801174;Centrum, Odinsgatan-Stampen;OG;0;1
2010;rd;14801174;Centrum, Odinsgatan-Stampen;SUMMA_RÖSTER;1335;1292
2010;rd;14801174;Centrum, Odinsgatan-Stampen;RÖSTBERÄTTIGADE;1619;1574
2010;rd;14802012;Örgryte-Härlanda, Olskroken;M;215;275
2010;rd;14802012;Örgryte-Härlanda, Olskroken;C;33;34
2010;rd;14802012;Örgryte-Härlanda, Olskroken;L;59;61
2010;rd;14802012;Örgryte-Härlanda, Olskroken;KD;29;35
2010;rd;14802012;Örgryte-Härlanda, Olskroken;S;333;358
2010;rd;14802012;Örgryte-Härlanda, Olskroken;V;117;103
2010;rd;14802012;Örgryte-Härlanda, Olskroken;MP;87;88
2010;rd;14802012;Örgryte-Härlanda, Olskroken;SD;107;51
2010;rd;14802012;Örgryte-Härlanda, Olskroken;FI;63;9
2010;rd;14802012;Örgryte-Härlanda, Olskroken;PP;6;4
2010;rd;14802012;Örgryte-Härlanda, Olskroken;KLP;0;1
2010;rd;14802012;Örgryte-Härlanda, Olskroken;RS;0;1
2010;rd;14802012;Örgryte-Härlanda, Olskroken;HANDSKRIVNA;0;1
2010;rd;14802012;Örgryte-Härlanda, Olskroken;GILTIGA;1059;1021
2010;rd;14802012;Örgryte-Härlanda, Olskroken;BLANK;8;14
2010;rd;14802012;Örgryte-Härlanda, Olskroken;OG;1;0
2010;rd;14802012;Örgryte-Härlanda, Olskroken;SUMMA_RÖSTER;1068;1035
2010;rd;14802012;Örgryte-Härlanda, Olskroken;RÖSTBERÄTTIGADE;1327;1310
2010;rd;14802021;Örgryte-Härlanda, Bagaregården;M;200;249
2010;rd;14802021;Örgryte-Härlanda, Bagaregården;C;44;47
2010;rd;14802021;Örgryte-Härlanda, Bagaregården;L;68;80
2010;rd;14802021;Örgryte-Härlanda, Bagaregården;KD;23;35
2010;rd;14802021;Örgryte-Härlanda, Bagaregården;S;143;153
2010;rd;14802021;Örgryte-Härlanda, Bagaregården;V;95;93
2010;rd;14802021;Örgryte-Härlanda, Bagaregården;MP;151;143
2010;rd;14802021;Örgryte-Härlanda, Bagaregården;SD;52;33
2010;rd;14802021;Örgryte-Härlanda, Bagaregården;FI;96;9
2010;rd;14802021;Örgryte-Härlanda, Bagaregården;PP;2;6
2010;rd;14802021;Örgryte-Härlanda, Bagaregården;ÖVRIGA_FGVAL;0;1
2010;rd;14802021;Örgryte-Härlanda, Bagaregården;GILTIGA;878;849
2010;rd;14802021;Örgryte-Härlanda, Bagaregården;BLANK;9;9
2010;rd;14802021;Örgryte-Härlanda, Bagaregården;OG;1;0
2010;rd;14802021;Örgryte-Härlanda, Bagaregården;SUMMA_RÖSTER;888;858
2010;rd;14802021;Örgryte-Härlanda, Bagaregården;RÖSTBERÄTTIGADE;1031;1003
2010;rd;14802022;Örgryte-Härlanda, Ånäs;M;214;291
2010;rd;14802022;Örgryte-Härlanda, Ånäs;C;51;44
2010;rd;14802022;Örgryte-Härlanda, Ånäs;L;70;86
2010;rd;14802022;Örgryte-Härlanda, Ånäs;KD;40;35
2010;rd;14802022;Örgryte-Härlanda, Ånäs;S;182;160
2010;rd;14802022;Örgryte-Härlanda, Ånäs;V;94;91
2010;rd;14802022;Örgryte-Härlanda, Ånäs;MP;159;154
2010;rd;14802022;Örgryte-Härlanda, Ånäs;SD;63;32
2010;rd;14802022;Örgryte-Härlanda, Ånäs;FI;96;16
2010;rd;14802022;Örgryte-Härlanda, Ånäs;PP;5;11
2010;rd;14802022;Örgryte-Härlanda, Ånäs;HANDSKRIVNA;1;0
2010;rd;14802022;Örgryte-Härlanda, Ånäs;GILTIGA;981;920
2010;rd;14802022;Örgryte-Härlanda, Ånäs;BLANK;3;8
2010;rd;14802022;Örgryte-Härlanda, Ånäs;OG;0;0
2010;rd;14802022;Örgryte-Härlanda, Ånäs;SUMMA_RÖSTER;984;928
2010;rd;14802022;Örgryte-Härlanda, Ånäs;RÖSTBERÄTTIGADE;1167;1110
2010;rd;14802031;Örgryte-Härlanda, Redbergslid;M;297;345
2010;rd;14802031;Örgryte-Härlanda, Redbergslid;C;67;45
2010;rd;14802031;Örgryte-Härlanda, Redbergslid;L;100;108
2010;rd;14802031;Örgryte-Härlanda, Redbergslid;KD;55;43
2010;rd;14802031;Örgryte-Härlanda, Redbergslid;S;316;276
2010;rd;14802031;Örgryte-Härlanda, Redbergslid;V;138;111
2010;rd;14802031;Örgryte-Härlanda, Redbergslid;MP;158;170
2010;rd;14802031;Örgryte-Härlanda, Redbergslid;SD;120;54
2010;rd;14802031;Örgryte-Härlanda, Redbergslid;FI;117;11
2010;rd;14802031;Örgryte-Härlanda, Redbergslid;PP;7;9
2010;rd;14802031;Örgryte-Härlanda, Redbergslid;RS;1;2
2010;rd;14802031;Örgryte-Härlanda, Redbergslid;HANDSKRIVNA;2;1
2010;rd;14802031;Örgryte-Härlanda, Redbergslid;GILTIGA;1388;1175
2010;rd;14802031;Örgryte-Härlanda, Redbergslid;BLANK;11;14
2010;rd;14802031;Örgryte-Härlanda, Redbergslid;OG;0;1
2010;rd;14802031;Örgryte-Härlanda, Redbergslid;SUMMA_RÖSTER;1399;1190
2010;rd;14802031;Örgryte-Härlanda, Redbergslid;RÖSTBERÄTTIGADE;1661;1459
2010;rd;14802032;Örgryte-Härlanda, Strömmensberg;M;242;329
2010;rd;14802032;Örgryte-Härlanda, Strömmensberg;C;59;45
2010;rd;14802032;Örgryte-Härlanda, Strömmensberg;L;82;103
2010;rd;14802032;Örgryte-Härlanda, Strömmensberg;KD;50;69
2010;rd;14802032;Örgryte-Härlanda, Strömmensberg;S;204;212
2010;rd;14802032;Örgryte-Härlanda, Strömmensberg;V;124;96
2010;rd;14802032;Örgryte-Härlanda, Strömmensberg;MP;135;193
2010;rd;14802032;Örgryte-Härlanda, Strömmensberg;SD;86;49
2010;rd;14802032;Örgryte-Härlanda, Strömmensberg;FI;97;16
2010;rd;14802032;Örgryte-Härlanda, Strömmensberg;PP;5;12
2010;rd;14802032;Örgryte-Härlanda, Strömmensberg;ENH;1;1
2010;rd;14802032;Örgryte-Härlanda, Strömmensberg;RS;0;4
2010;rd;14802032;Örgryte-Härlanda, Strömmensberg;HANDSKRIVNA;1;0
2010;rd;14802032;Örgryte-Härlanda, Strömmensberg;GILTIGA;1095;1129
2010;rd;14802032;Örgryte-Härlanda, Strömmensberg;BLANK;14;19
2010;rd;14802032;Örgryte-Härlanda, Strömmensberg;OG;0;0
2010;rd;14802032;Örgryte-Härlanda, Strömmensberg;SUMMA_RÖSTER;1109;1148
2010;rd;14802032;Örgryte-Härlanda, Strömmensberg;RÖSTBERÄTTIGADE;1380;1489
2010;rd;14802051;Örgryte-Härlanda, Jakobsdal;M;444;578
2010;rd;14802051;Örgryte-Härlanda, Jakobsdal;C;76;68
2010;rd;14802051;Örgryte-Härlanda, Jakobsdal;L;146;131
2010;rd;14802051;Örgryte-Härlanda, Jakobsdal;KD;68;92
2010;rd;14802051;Örgryte-Härlanda, Jakobsdal;S;106;99
2010;rd;14802051;Örgryte-Härlanda, Jakobsdal;V;39;39
2010;rd;14802051;Örgryte-Härlanda, Jakobsdal;MP;116;86
2010;rd;14802051;Örgryte-Härlanda, Jakobsdal;SD;90;27
2010;rd;14802051;Örgryte-Härlanda, Jakobsdal;FI;70;4
2010;rd;14802051;Örgryte-Härlanda, Jakobsdal;PP;4;6
2010;rd;14802051;Örgryte-Härlanda, Jakobsdal;HANDSKRIVNA;1;1
2010;rd;14802051;Örgryte-Härlanda, Jakobsdal;GILTIGA;1171;1131
2010;rd;14802051;Örgryte-Härlanda, Jakobsdal;BLANK;10;10
2010;rd;14802051;Örgryte-Härlanda, Jakobsdal;OG;1;0
2010;rd;14802051;Örgryte-Härlanda, Jakobsdal;SUMMA_RÖSTER;1182;1141
2010;rd;14802051;Örgryte-Härlanda, Jakobsdal;RÖSTBERÄTTIGADE;1392;1368
2010;rd;14802052;Örgryte-Härlanda, Skår, Norra;M;452;518
2010;rd;14802052;Örgryte-Härlanda, Skår, Norra;C;61;60
2010;rd;14802052;Örgryte-Härlanda, Skår, Norra;L;128;136
2010;rd;14802052;Örgryte-Härlanda, Skår, Norra;KD;78;114
2010;rd;14802052;Örgryte-Härlanda, Skår, Norra;S;56;46
2010;rd;14802052;Örgryte-Härlanda, Skår, Norra;V;20;16
2010;rd;14802052;Örgryte-Härlanda, Skår, Norra;MP;62;62
2010;rd;14802052;Örgryte-Härlanda, Skår, Norra;SD;61;14
2010;rd;14802052;Örgryte-Härlanda, Skår, Norra;FI;26;4
2010;rd;14802052;Örgryte-Härlanda, Skår, Norra;PP;3;7
2010;rd;14802052;Örgryte-Härlanda, Skår, Norra;KLP;0;2
2010;rd;14802052;Örgryte-Härlanda, Skår, Norra;HANDSKRIVNA;0;1
2010;rd;14802052;Örgryte-Härlanda, Skår, Norra;GILTIGA;956;980
2010;rd;14802052;Örgryte-Härlanda, Skår, Norra;BLANK;0;3
2010;rd;14802052;Örgryte-Härlanda, Skår, Norra;OG;0;0
2010;rd;14802052;Örgryte-Härlanda, Skår, Norra;SUMMA_RÖSTER;956;983
2010;rd;14802052;Örgryte-Härlanda, Skår, Norra;RÖSTBERÄTTIGADE;1067;1083
2010;rd;14802053;Örgryte-Härlanda, Skår, Södra;M;509;573
2010;rd;14802053;Örgryte-Härlanda, Skår, Södra;C;60;73
2010;rd;14802053;Örgryte-Härlanda, Skår, Södra;L;126;128
2010;rd;14802053;Örgryte-Härlanda, Skår, Södra;KD;60;104
2010;rd;14802053;Örgryte-Härlanda, Skår, Södra;S;60;45
2010;rd;14802053;Örgryte-Härlanda, Skår, Södra;V;27;20
2010;rd;14802053;Örgryte-Härlanda, Skår, Södra;MP;82;65
2010;rd;14802053;Örgryte-Härlanda, Skår, Södra;SD;50;17
2010;rd;14802053;Örgryte-Härlanda, Skår, Södra;FI;59;5
2010;rd;14802053;Örgryte-Härlanda, Skår, Södra;PP;1;4
2010;rd;14802053;Örgryte-Härlanda, Skår, Södra;SKP;0;1
2010;rd;14802053;Örgryte-Härlanda, Skår, Södra;HANDSKRIVNA;1;1
2010;rd;14802053;Örgryte-Härlanda, Skår, Södra;GILTIGA;1041;1036
2010;rd;14802053;Örgryte-Härlanda, Skår, Södra;BLANK;6;6
2010;rd;14802053;Örgryte-Härlanda, Skår, Södra;OG;1;1
2010;rd;14802053;Örgryte-Härlanda, Skår, Södra;SUMMA_RÖSTER;1048;1043
2010;rd;14802053;Örgryte-Härlanda, Skår, Södra;RÖSTBERÄTTIGADE;1182;1168
2010;rd;14802061;Örgryte-Härlanda, Bö;M;348;362
2010;rd;14802061;Örgryte-Härlanda, Bö;C;37;48
2010;rd;14802061;Örgryte-Härlanda, Bö;L;110;112
2010;rd;14802061;Örgryte-Härlanda, Bö;KD;55;71
2010;rd;14802061;Örgryte-Härlanda, Bö;S;91;82
2010;rd;14802061;Örgryte-Härlanda, Bö;V;38;33
2010;rd;14802061;Örgryte-Härlanda, Bö;MP;82;98
2010;rd;14802061;Örgryte-Härlanda, Bö;SD;52;9
2010;rd;14802061;Örgryte-Härlanda, Bö;FI;40;3
2010;rd;14802061;Örgryte-Härlanda, Bö;PP;4;4
2010;rd;14802061;Örgryte-Härlanda, Bö;HANDSKRIVNA;0;1
2010;rd;14802061;Örgryte-Härlanda, Bö;ÖVRIGA_FGVAL;0;2
2010;rd;14802061;Örgryte-Härlanda, Bö;GILTIGA;861;825
2010;rd;14802061;Örgryte-Härlanda, Bö;BLANK;5;9
2010;rd;14802061;Örgryte-Härlanda, Bö;OG;0;0
2010;rd;14802061;Örgryte-Härlanda, Bö;SUMMA_RÖSTER;866;834
2010;rd;14802061;Örgryte-Härlanda, Bö;RÖSTBERÄTTIGADE;982;941
2010;rd;14802062;Örgryte-Härlanda, Örgryte;M;397;455
2010;rd;14802062;Örgryte-Härlanda, Örgryte;C;36;53
2010;rd;14802062;Örgryte-Härlanda, Örgryte;L;102;85
2010;rd;14802062;Örgryte-Härlanda, Örgryte;KD;70;71
2010;rd;14802062;Örgryte-Härlanda, Örgryte;S;59;53
2010;rd;14802062;Örgryte-Härlanda, Örgryte;V;24;15
2010;rd;14802062;Örgryte-Härlanda, Örgryte;MP;42;60
2010;rd;14802062;Örgryte-Härlanda, Örgryte;SD;43;11
2010;rd;14802062;Örgryte-Härlanda, Örgryte;FI;45;2
2010;rd;14802062;Örgryte-Härlanda, Örgryte;PP;1;2
2010;rd;14802062;Örgryte-Härlanda, Örgryte;KLP;0;1
2010;rd;14802062;Örgryte-Härlanda, Örgryte;GILTIGA;823;808
2010;rd;14802062;Örgryte-Härlanda, Örgryte;BLANK;1;5
2010;rd;14802062;Örgryte-Härlanda, Örgryte;OG;0;0
2010;rd;14802062;Örgryte-Härlanda, Örgryte;SUMMA_RÖSTER;824;813
2010;rd;14802062;Örgryte-Härlanda, Örgryte;RÖSTBERÄTTIGADE;971;956
2010;rd;14802071;Örgryte-Härlanda, Torp;M;488;603
2010;rd;14802071;Örgryte-Härlanda, Torp;C;103;88
2010;rd;14802071;Örgryte-Härlanda, Torp;L;188;201
2010;rd;14802071;Örgryte-Härlanda, Torp;KD;106;113
2010;rd;14802071;Örgryte-Härlanda, Torp;S;196;195
2010;rd;14802071;Örgryte-Härlanda, Torp;V;82;75
2010;rd;14802071;Örgryte-Härlanda, Torp;MP;197;187
2010;rd;14802071;Örgryte-Härlanda, Torp;SD;117;39
2010;rd;14802071;Örgryte-Härlanda, Torp;FI;91;15
2010;rd;14802071;Örgryte-Härlanda, Torp;PP;2;2
2010;rd;14802071;Örgryte-Härlanda, Torp;RS;1;1
2010;rd;14802071;Örgryte-Härlanda, Torp;EAP;0;1
2010;rd;14802071;Örgryte-Härlanda, Torp;HANDSKRIVNA;0;2
2010;rd;14802071;Örgryte-Härlanda, Torp;ÖVRIGA_FGVAL;0;1
2010;rd;14802071;Örgryte-Härlanda, Torp;GILTIGA;1578;1523
2010;rd;14802071;Örgryte-Härlanda, Torp;BLANK;6;13
2010;rd;14802071;Örgryte-Härlanda, Torp;OG;0;2
2010;rd;14802071;Örgryte-Härlanda, Torp;SUMMA_RÖSTER;1584;1538
2010;rd;14802071;Örgryte-Härlanda, Torp;RÖSTBERÄTTIGADE;1825;1797
2010;rd;14802081;Örgryte-Härlanda, Kärralund;M;445;512
2010;rd;14802081;Örgryte-Härlanda, Kärralund;C;73;81
2010;rd;14802081;Örgryte-Härlanda, Kärralund;L;149;135
2010;rd;14802081;Örgryte-Härlanda, Kärralund;KD;90;91
2010;rd;14802081;Örgryte-Härlanda, Kärralund;S;221;202
2010;rd;14802081;Örgryte-Härlanda, Kärralund;V;100;90
2010;rd;14802081;Örgryte-Härlanda, Kärralund;MP;197;173
2010;rd;14802081;Örgryte-Härlanda, Kärralund;SD;98;49
2010;rd;14802081;Örgryte-Härlanda, Kärralund;FI;85;12
2010;rd;14802081;Örgryte-Härlanda, Kärralund;PP;3;13
2010;rd;14802081;Örgryte-Härlanda, Kärralund;HANDSKRIVNA;1;1
2010;rd;14802081;Örgryte-Härlanda, Kärralund;GILTIGA;1472;1359
2010;rd;14802081;Örgryte-Härlanda, Kärralund;BLANK;11;7
2010;rd;14802081;Örgryte-Härlanda, Kärralund;OG;0;0
2010;rd;14802081;Örgryte-Härlanda, Kärralund;SUMMA_RÖSTER;1483;1366
2010;rd;14802081;Örgryte-Härlanda, Kärralund;RÖSTBERÄTTIGADE;1711;1605
2010;rd;14802082;Örgryte-Härlanda, Lunden, Gamla;M;295;379
2010;rd;14802082;Örgryte-Härlanda, Lunden, Gamla;C;65;71
2010;rd;14802082;Örgryte-Härlanda, Lunden, Gamla;L;80;103
2010;rd;14802082;Örgryte-Härlanda, Lunden, Gamla;KD;35;65
2010;rd;14802082;Örgryte-Härlanda, Lunden, Gamla;S;276;229
2010;rd;14802082;Örgryte-Härlanda, Lunden, Gamla;V;95;105
2010;rd;14802082;Örgryte-Härlanda, Lunden, Gamla;MP;176;157
2010;rd;14802082;Örgryte-Härlanda, Lunden, Gamla;SD;108;56
2010;rd;14802082;Örgryte-Härlanda, Lunden, Gamla;FI;99;15
2010;rd;14802082;Örgryte-Härlanda, Lunden, Gamla;PP;7;5
2010;rd;14802082;Örgryte-Härlanda, Lunden, Gamla;KLP;0;1
2010;rd;14802082;Örgryte-Härlanda, Lunden, Gamla;HANDSKRIVNA;3;0
2010;rd;14802082;Örgryte-Härlanda, Lunden, Gamla;ÖVRIGA_FGVAL;0;2
2010;rd;14802082;Örgryte-Härlanda, Lunden, Gamla;GILTIGA;1246;1188
2010;rd;14802082;Örgryte-Härlanda, Lunden, Gamla;BLANK;3;8
2010;rd;14802082;Örgryte-Härlanda, Lunden, Gamla;OG;0;0
2010;rd;14802082;Örgryte-Härlanda, Lunden, Gamla;SUMMA_RÖSTER;1249;1196
2010;rd;14802082;Örgryte-Härlanda, Lunden, Gamla;RÖSTBERÄTTIGADE;1481;1469
2010;rd;14802083;Örgryte-Härlanda, Lunden, Nya;M;393;494
2010;rd;14802083;Örgryte-Härlanda, Lunden, Nya;C;72;65
2010;rd;14802083;Örgryte-Härlanda, Lunden, Nya;L;158;138
2010;rd;14802083;Örgryte-Härlanda, Lunden, Nya;KD;74;87
2010;rd;14802083;Örgryte-Härlanda, Lunden, Nya;S;195;204
2010;rd;14802083;Örgryte-Härlanda, Lunden, Nya;V;108;83
2010;rd;14802083;Örgryte-Härlanda, Lunden, Nya;MP;157;181
2010;rd;14802083;Örgryte-Härlanda, Lunden, Nya;SD;118;44
2010;rd;14802083;Örgryte-Härlanda, Lunden, Nya;FI;101;7
2010;rd;14802083;Örgryte-Härlanda, Lunden, Nya;PP;7;10
2010;rd;14802083;Örgryte-Härlanda, Lunden, Nya;ÖVRIGA_FGVAL;0;2
2010;rd;14802083;Örgryte-Härlanda, Lunden, Nya;GILTIGA;1396;1315
2010;rd;14802083;Örgryte-Härlanda, Lunden, Nya;BLANK;13;13
2010;rd;14802083;Örgryte-Härlanda, Lunden, Nya;OG;0;1
2010;rd;14802083;Örgryte-Härlanda, Lunden, Nya;SUMMA_RÖSTER;1409;1329
2010;rd;14802083;Örgryte-Härlanda, Lunden, Nya;RÖSTBERÄTTIGADE;1810;1594
2010;rd;14802084;Örgryte-Härlanda, Nobelplatsen;M;200;253
2010;rd;14802084;Örgryte-Härlanda, Nobelplatsen;C;58;59
2010;rd;14802084;Örgryte-Härlanda, Nobelplatsen;L;74;99
2010;rd;14802084;Örgryte-Härlanda, Nobelplatsen;KD;29;52
2010;rd;14802084;Örgryte-Härlanda, Nobelplatsen;S;224;220
2010;rd;14802084;Örgryte-Härlanda, Nobelplatsen;V;146;104
2010;rd;14802084;Örgryte-Härlanda, Nobelplatsen;MP;166;170
2010;rd;14802084;Örgryte-Härlanda, Nobelplatsen;SD;101;55
2010;rd;14802084;Örgryte-Härlanda, Nobelplatsen;FI;110;10
2010;rd;14802084;Örgryte-Härlanda, Nobelplatsen;PP;9;9
2010;rd;14802084;Örgryte-Härlanda, Nobelplatsen;KLP;0;1
2010;rd;14802084;Örgryte-Härlanda, Nobelplatsen;HANDSKRIVNA;2;1
2010;rd;14802084;Örgryte-Härlanda, Nobelplatsen;ÖVRIGA_FGVAL;0;1
2010;rd;14802084;Örgryte-Härlanda, Nobelplatsen;GILTIGA;1130;1034
2010;rd;14802084;Örgryte-Härlanda, Nobelplatsen;BLANK;13;14
2010;rd;14802084;Örgryte-Härlanda, Nobelplatsen;OG;0;2
2010;rd;14802084;Örgryte-Härlanda, Nobelplatsen;SUMMA_RÖSTER;1143;1050
2010;rd;14802084;Örgryte-Härlanda, Nobelplatsen;RÖSTBERÄTTIGADE;1396;1320
2010;rd;14802085;Örgryte-Härlanda, Sankt Pauli;M;370;370
2010;rd;14802085;Örgryte-Härlanda, Sankt Pauli;C;69;44
2010;rd;14802085;Örgryte-Härlanda, Sankt Pauli;L;101;100
2010;rd;14802085;Örgryte-Härlanda, Sankt Pauli;KD;66;69
2010;rd;14802085;Örgryte-Härlanda, Sankt Pauli;S;234;194
2010;rd;14802085;Örgryte-Härlanda, Sankt Pauli;V;129;72
2010;rd;14802085;Örgryte-Härlanda, Sankt Pauli;MP;163;139
2010;rd;14802085;Örgryte-Härlanda, Sankt Pauli;SD;106;57
2010;rd;14802085;Örgryte-Härlanda, Sankt Pauli;FI;72;7
2010;rd;14802085;Örgryte-Härlanda, Sankt Pauli;PP;9;9
2010;rd;14802085;Örgryte-Härlanda, Sankt Pauli;GILTIGA;1323;1061
2010;rd;14802085;Örgryte-Härlanda, Sankt Pauli;BLANK;15;14
2010;rd;14802085;Örgryte-Härlanda, Sankt Pauli;OG;0;0
2010;rd;14802085;Örgryte-Härlanda, Sankt Pauli;SUMMA_RÖSTER;1338;1075
2010;rd;14802085;Örgryte-Härlanda, Sankt Pauli;RÖSTBERÄTTIGADE;1688;1320
2010;rd;14802086;Örgryte-Härlanda, Överås;M;376;476
2010;rd;14802086;Örgryte-Härlanda, Överås;C;47;66
2010;rd;14802086;Örgryte-Härlanda, Överås;L;112;115
2010;rd;14802086;Örgryte-Härlanda, Överås;KD;51;85
2010;rd;14802086;Örgryte-Härlanda, Överås;S;287;261
2010;rd;14802086;Örgryte-Härlanda, Överås;V;131;112
2010;rd;14802086;Örgryte-Härlanda, Överås;MP;152;170
2010;rd;14802086;Örgryte-Härlanda, Överås;SD;128;69
2010;rd;14802086;Örgryte-Härlanda, Överås;FI;121;9
2010;rd;14802086;Örgryte-Härlanda, Överås;PP;5;8
2010;rd;14802086;Örgryte-Härlanda, Överås;HANDSKRIVNA;5;2
2010;rd;14802086;Örgryte-Härlanda, Överås;GILTIGA;1425;1373
2010;rd;14802086;Örgryte-Härlanda, Överås;BLANK;5;28
2010;rd;14802086;Örgryte-Härlanda, Överås;OG;0;0
2010;rd;14802086;Örgryte-Härlanda, Överås;SUMMA_RÖSTER;1430;1401
2010;rd;14802086;Örgryte-Härlanda, Överås;RÖSTBERÄTTIGADE;1748;1911
2010;rd;14802091;Örgryte-Härlanda, Härlanda;M;330;343
2010;rd;14802091;Örgryte-Härlanda, Härlanda;C;58;65
2010;rd;14802091;Örgryte-Härlanda, Härlanda;L;94;125
2010;rd;14802091;Örgryte-Härlanda, Härlanda;KD;46;68
2010;rd;14802091;Örgryte-Härlanda, Härlanda;S;181;161
2010;rd;14802091;Örgryte-Härlanda, Härlanda;V;84;64
2010;rd;14802091;Örgryte-Härlanda, Härlanda;MP;143;136
2010;rd;14802091;Örgryte-Härlanda, Härlanda;SD;71;32
2010;rd;14802091;Örgryte-Härlanda, Härlanda;FI;78;13
2010;rd;14802091;Örgryte-Härlanda, Härlanda;PP;4;8
2010;rd;14802091;Örgryte-Härlanda, Härlanda;RS;0;1
2010;rd;14802091;Örgryte-Härlanda, Härlanda;HANDSKRIVNA;1;1
2010;rd;14802091;Örgryte-Härlanda, Härlanda;GILTIGA;1095;1017
2010;rd;14802091;Örgryte-Härlanda, Härlanda;BLANK;7;5
2010;rd;14802091;Örgryte-Härlanda, Härlanda;OG;1;0
2010;rd;14802091;Örgryte-Härlanda, Härlanda;SUMMA_RÖSTER;1103;1022
2010;rd;14802091;Örgryte-Härlanda, Härlanda;RÖSTBERÄTTIGADE;1256;1261
2010;rd;14802104;Örgryte-Härlanda, Kålltorp, Östra;M;149;177
2010;rd;14802104;Örgryte-Härlanda, Kålltorp, Östra;C;31;29
2010;rd;14802104;Örgryte-Härlanda, Kålltorp, Östra;L;44;71
2010;rd;14802104;Örgryte-Härlanda, Kålltorp, Östra;KD;19;33
2010;rd;14802104;Örgryte-Härlanda, Kålltorp, Östra;S;203;222
2010;rd;14802104;Örgryte-Härlanda, Kålltorp, Östra;V;130;102
2010;rd;14802104;Örgryte-Härlanda, Kålltorp, Östra;MP;134;149
2010;rd;14802104;Örgryte-Härlanda, Kålltorp, Östra;SD;73;36
2010;rd;14802104;Örgryte-Härlanda, Kålltorp, Östra;FI;83;13
2010;rd;14802104;Örgryte-Härlanda, Kålltorp, Östra;PP;3;8
2010;rd;14802104;Örgryte-Härlanda, Kålltorp, Östra;KLP;0;2
2010;rd;14802104;Örgryte-Härlanda, Kålltorp, Östra;HANDSKRIVNA;0;2
2010;rd;14802104;Örgryte-Härlanda, Kålltorp, Östra;ÖVRIGA_FGVAL;0;2
2010;rd;14802104;Örgryte-Härlanda, Kålltorp, Östra;GILTIGA;879;846
2010;rd;14802104;Örgryte-Härlanda, Kålltorp, Östra;BLANK;8;10
2010;rd;14802104;Örgryte-Härlanda, Kålltorp, Östra;OG;0;0
2010;rd;14802104;Örgryte-Härlanda, Kålltorp, Östra;SUMMA_RÖSTER;887;856
2010;rd;14802104;Örgryte-Härlanda, Kålltorp, Östra;RÖSTBERÄTTIGADE;1073;1056
2010;rd;14803015;Östra Göteborg, Nylöse;M;118;152
2010;rd;14803015;Östra Göteborg, Nylöse;C;23;24
2010;rd;14803015;Östra Göteborg, Nylöse;L;30;36
2010;rd;14803015;Östra Göteborg, Nylöse;KD;10;27
2010;rd;14803015;Östra Göteborg, Nylöse;S;327;349
2010;rd;14803015;Östra Göteborg, Nylöse;V;172;184
2010;rd;14803015;Östra Göteborg, Nylöse;MP;134;161
2010;rd;14803015;Östra Göteborg, Nylöse;SD;89;59
2010;rd;14803015;Östra Göteborg, Nylöse;FI;120;15
2010;rd;14803015;Östra Göteborg, Nylöse;PP;9;8
2010;rd;14803015;Östra Göteborg, Nylöse;RS;3;2
2010;rd;14803015;Östra Göteborg, Nylöse;HANDSKRIVNA;1;1
2010;rd;14803015;Östra Göteborg, Nylöse;ÖVRIGA_FGVAL;0;1
2010;rd;14803015;Östra Göteborg, Nylöse;GILTIGA;1044;1019
2010;rd;14803015;Östra Göteborg, Nylöse;BLANK;6;19
2010;rd;14803015;Östra Göteborg, Nylöse;OG;0;0
2010;rd;14803015;Östra Göteborg, Nylöse;SUMMA_RÖSTER;1050;1038
2010;rd;14803015;Östra Göteborg, Nylöse;RÖSTBERÄTTIGADE;1447;1514
2010;rd;14803022;Östra Göteborg, Utby;M;301;368
2010;rd;14803022;Östra Göteborg, Utby;C;53;37
2010;rd;14803022;Östra Göteborg, Utby;L;100;142
2010;rd;14803022;Östra Göteborg, Utby;KD;91;146
2010;rd;14803022;Östra Göteborg, Utby;S;267;274
2010;rd;14803022;Östra Göteborg, Utby;V;93;86
2010;rd;14803022;Östra Göteborg, Utby;MP;189;144
2010;rd;14803022;Östra Göteborg, Utby;SD;111;49
2010;rd;14803022;Östra Göteborg, Utby;FI;63;6
2010;rd;14803022;Östra Göteborg, Utby;PP;5;1
2010;rd;14803022;Östra Göteborg, Utby;HANDSKRIVNA;1;0
2010;rd;14803022;Östra Göteborg, Utby;GILTIGA;1284;1253
2010;rd;14803022;Östra Göteborg, Utby;BLANK;10;14
2010;rd;14803022;Östra Göteborg, Utby;OG;1;0
2010;rd;14803022;Östra Göteborg, Utby;SUMMA_RÖSTER;1295;1267
2010;rd;14803022;Östra Göteborg, Utby;RÖSTBERÄTTIGADE;1444;1423
2010;rd;14803031;Östra Göteborg, Gregorianska g. m fl;M;38;75
2010;rd;14803031;Östra Göteborg, Gregorianska g. m fl;C;7;11
2010;rd;14803031;Östra Göteborg, Gregorianska g. m fl;L;16;25
2010;rd;14803031;Östra Göteborg, Gregorianska g. m fl;KD;11;24
2010;rd;14803031;Östra Göteborg, Gregorianska g. m fl;S;352;370
2010;rd;14803031;Östra Göteborg, Gregorianska g. m fl;V;156;131
2010;rd;14803031;Östra Göteborg, Gregorianska g. m fl;MP;73;87
2010;rd;14803031;Östra Göteborg, Gregorianska g. m fl;SD;98;49
2010;rd;14803031;Östra Göteborg, Gregorianska g. m fl;FI;66;13
2010;rd;14803031;Östra Göteborg, Gregorianska g. m fl;PP;6;14
2010;rd;14803031;Östra Göteborg, Gregorianska g. m fl;RS;3;2
2010;rd;14803031;Östra Göteborg, Gregorianska g. m fl;SKP;1;1
2010;rd;14803031;Östra Göteborg, Gregorianska g. m fl;GILTIGA;838;802
2010;rd;14803031;Östra Göteborg, Gregorianska g. m fl;BLANK;4;12
2010;rd;14803031;Östra Göteborg, Gregorianska g. m fl;OG;0;1
2010;rd;14803031;Östra Göteborg, Gregorianska g. m fl;SUMMA_RÖSTER;842;815
2010;rd;14803031;Östra Göteborg, Gregorianska g. m fl;RÖSTBERÄTTIGADE;1392;1204
2010;rd;14803032;Östra Göteborg, Kortedala Centrum;M;44;86
2010;rd;14803032;Östra Göteborg, Kortedala Centrum;C;11;9
2010;rd;14803032;Östra Göteborg, Kortedala Centrum;L;23;25
2010;rd;14803032;Östra Göteborg, Kortedala Centrum;KD;16;26
2010;rd;14803032;Östra Göteborg, Kortedala Centrum;S;404;446
2010;rd;14803032;Östra Göteborg, Kortedala Centrum;V;116;134
2010;rd;14803032;Östra Göteborg, Kortedala Centrum;MP;62;77
2010;rd;14803032;Östra Göteborg, Kortedala Centrum;SD;99;62
2010;rd;14803032;Östra Göteborg, Kortedala Centrum;FI;71;7
2010;rd;14803032;Östra Göteborg, Kortedala Centrum;PP;4;10
2010;rd;14803032;Östra Göteborg, Kortedala Centrum;RS;4;3
2010;rd;14803032;Östra Göteborg, Kortedala Centrum;HANDSKRIVNA;0;1
2010;rd;14803032;Östra Göteborg, Kortedala Centrum;ÖVRIGA_FGVAL;0;2
2010;rd;14803032;Östra Göteborg, Kortedala Centrum;GILTIGA;866;888
2010;rd;14803032;Östra Göteborg, Kortedala Centrum;BLANK;7;5
2010;rd;14803032;Östra Göteborg, Kortedala Centrum;OG;0;0
2010;rd;14803032;Östra Göteborg, Kortedala Centrum;SUMMA_RÖSTER;873;893
2010;rd;14803032;Östra Göteborg, Kortedala Centrum;RÖSTBERÄTTIGADE;1385;1334
2010;rd;14803033;Östra Göteborg, Kortedala, Södra;M;137;193
2010;rd;14803033;Östra Göteborg, Kortedala, Södra;C;17;19
2010;rd;14803033;Östra Göteborg, Kortedala, Södra;L;39;63
2010;rd;14803033;Östra Göteborg, Kortedala, Södra;KD;37;45
2010;rd;14803033;Östra Göteborg, Kortedala, Södra;S;332;380
2010;rd;14803033;Östra Göteborg, Kortedala, Södra;V;130;114
2010;rd;14803033;Östra Göteborg, Kortedala, Södra;MP;92;116
2010;rd;14803033;Östra Göteborg, Kortedala, Södra;SD;98;54
2010;rd;14803033;Östra Göteborg, Kortedala, Södra;FI;68;12
2010;rd;14803033;Östra Göteborg, Kortedala, Södra;PP;5;6
2010;rd;14803033;Östra Göteborg, Kortedala, Södra;GILTIGA;966;1002
2010;rd;14803033;Östra Göteborg, Kortedala, Södra;BLANK;4;6
2010;rd;14803033;Östra Göteborg, Kortedala, Södra;OG;0;0
2010;rd;14803033;Östra Göteborg, Kortedala, Södra;SUMMA_RÖSTER;970;1008
2010;rd;14803033;Östra Göteborg, Kortedala, Södra;RÖSTBERÄTTIGADE;1248;1250
2010;rd;14803034;Östra Göteborg, Kortedala, Västra;M;100;163
2010;rd;14803034;Östra Göteborg, Kortedala, Västra;C;11;14
2010;rd;14803034;Östra Göteborg, Kortedala, Västra;L;42;41
2010;rd;14803034;Östra Göteborg, Kortedala, Västra;KD;23;45
2010;rd;14803034;Östra Göteborg, Kortedala, Västra;S;423;484
2010;rd;14803034;Östra Göteborg, Kortedala, Västra;V;121;114
2010;rd;14803034;Östra Göteborg, Kortedala, Västra;MP;72;87
2010;rd;14803034;Östra Göteborg, Kortedala, Västra;SD;148;78
2010;rd;14803034;Östra Göteborg, Kortedala, Västra;FI;46;6
2010;rd;14803034;Östra Göteborg, Kortedala, Västra;PP;10;9
2010;rd;14803034;Östra Göteborg, Kortedala, Västra;RS;2;3
2010;rd;14803034;Östra Göteborg, Kortedala, Västra;GILTIGA;1006;1044
2010;rd;14803034;Östra Göteborg, Kortedala, Västra;BLANK;11;13
2010;rd;14803034;Östra Göteborg, Kortedala, Västra;OG;0;0
2010;rd;14803034;Östra Göteborg, Kortedala, Västra;SUMMA_RÖSTER;1017;1057
2010;rd;14803034;Östra Göteborg, Kortedala, Västra;RÖSTBERÄTTIGADE;1354;1378
2010;rd;14803035;Östra Göteborg, Kortedala, Östra;M;64;124
2010;rd;14803035;Östra Göteborg, Kortedala, Östra;C;10;18
2010;rd;14803035;Östra Göteborg, Kortedala, Östra;L;23;46
2010;rd;14803035;Östra Göteborg, Kortedala, Östra;KD;25;36
2010;rd;14803035;Östra Göteborg, Kortedala, Östra;S;391;429
2010;rd;14803035;Östra Göteborg, Kortedala, Östra;V;135;141
2010;rd;14803035;Östra Göteborg, Kortedala, Östra;MP;72;98
2010;rd;14803035;Östra Göteborg, Kortedala, Östra;SD;111;67
2010;rd;14803035;Östra Göteborg, Kortedala, Östra;FI;78;7
2010;rd;14803035;Östra Göteborg, Kortedala, Östra;PP;14;12
2010;rd;14803035;Östra Göteborg, Kortedala, Östra;RS;4;8
2010;rd;14803035;Östra Göteborg, Kortedala, Östra;HANDSKRIVNA;2;0
2010;rd;14803035;Östra Göteborg, Kortedala, Östra;ÖVRIGA_FGVAL;0;1
2010;rd;14803035;Östra Göteborg, Kortedala, Östra;GILTIGA;944;987
2010;rd;14803035;Östra Göteborg, Kortedala, Östra;BLANK;11;11
2010;rd;14803035;Östra Göteborg, Kortedala, Östra;OG;1;0
2010;rd;14803035;Östra Göteborg, Kortedala, Östra;SUMMA_RÖSTER;956;998
2010;rd;14803035;Östra Göteborg, Kortedala, Östra;RÖSTBERÄTTIGADE;1473;1471
2010;rd;14803041;Östra Göteborg, Adventsparken;M;87;136
2010;rd;14803041;Östra Göteborg, Adventsparken;C;15;10
2010;rd;14803041;Östra Göteborg, Adventsparken;L;32;58
2010;rd;14803041;Östra Göteborg, Adventsparken;KD;23;34
2010;rd;14803041;Östra Göteborg, Adventsparken;S;362;436
2010;rd;14803041;Östra Göteborg, Adventsparken;V;115;94
2010;rd;14803041;Östra Göteborg, Adventsparken;MP;76;78
2010;rd;14803041;Östra Göteborg, Adventsparken;SD;164;99
2010;rd;14803041;Östra Göteborg, Adventsparken;FI;42;5
2010;rd;14803041;Östra Göteborg, Adventsparken;PP;9;10
2010;rd;14803041;Östra Göteborg, Adventsparken;RS;2;2
2010;rd;14803041;Östra Göteborg, Adventsparken;ENH;0;1
2010;rd;14803041;Östra Göteborg, Adventsparken;GILTIGA;940;963
2010;rd;14803041;Östra Göteborg, Adventsparken;BLANK;13;14
2010;rd;14803041;Östra Göteborg, Adventsparken;OG;0;1
2010;rd;14803041;Östra Göteborg, Adventsparken;SUMMA_RÖSTER;953;978
2010;rd;14803041;Östra Göteborg, Adventsparken;RÖSTBERÄTTIGADE;1387;1386
2010;rd;14803042;Östra Göteborg, Kortedala, Norra;M;84;125
2010;rd;14803042;Östra Göteborg, Kortedala, Norra;C;10;13
2010;rd;14803042;Östra Göteborg, Kortedala, Norra;L;27;34
2010;rd;14803042;Östra Göteborg, Kortedala, Norra;KD;21;28
2010;rd;14803042;Östra Göteborg, Kortedala, Norra;S;427;519
2010;rd;14803042;Östra Göteborg, Kortedala, Norra;V;185;178
2010;rd;14803042;Östra Göteborg, Kortedala, Norra;MP;103;117
2010;rd;14803042;Östra Göteborg, Kortedala, Norra;SD;116;70
2010;rd;14803042;Östra Göteborg, Kortedala, Norra;FI;87;13
2010;rd;14803042;Östra Göteborg, Kortedala, Norra;PP;9;16
2010;rd;14803042;Östra Göteborg, Kortedala, Norra;RS;5;2
2010;rd;14803042;Östra Göteborg, Kortedala, Norra;KLP;0;1
2010;rd;14803042;Östra Göteborg, Kortedala, Norra;HANDSKRIVNA;1;1
2010;rd;14803042;Östra Göteborg, Kortedala, Norra;ÖVRIGA_FGVAL;0;4
2010;rd;14803042;Östra Göteborg, Kortedala, Norra;GILTIGA;1089;1121
2010;rd;14803042;Östra Göteborg, Kortedala, Norra;BLANK;13;15
2010;rd;14803042;Östra Göteborg, Kortedala, Norra;OG;0;0
2010;rd;14803042;Östra Göteborg, Kortedala, Norra;SUMMA_RÖSTER;1102;1136
2010;rd;14803042;Östra Göteborg, Kortedala, Norra;RÖSTBERÄTTIGADE;1588;1659
2010;rd;14803043;Östra Göteborg, Månadsgatorna m fl;M;95;156
2010;rd;14803043;Östra Göteborg, Månadsgatorna m fl;C;21;13
2010;rd;14803043;Östra Göteborg, Månadsgatorna m fl;L;29;52
2010;rd;14803043;Östra Göteborg, Månadsgatorna m fl;KD;24;28
2010;rd;14803043;Östra Göteborg, Månadsgatorna m fl;S;422;470
2010;rd;14803043;Östra Göteborg, Månadsgatorna m fl;V;123;140
2010;rd;14803043;Östra Göteborg, Månadsgatorna m fl;MP;78;97
2010;rd;14803043;Östra Göteborg, Månadsgatorna m fl;SD;150;100
2010;rd;14803043;Östra Göteborg, Månadsgatorna m fl;FI;72;14
2010;rd;14803043;Östra Göteborg, Månadsgatorna m fl;PP;15;17
2010;rd;14803043;Östra Göteborg, Månadsgatorna m fl;KLP;0;1
2010;rd;14803043;Östra Göteborg, Månadsgatorna m fl;RS;0;3
2010;rd;14803043;Östra Göteborg, Månadsgatorna m fl;GILTIGA;1039;1091
2010;rd;14803043;Östra Göteborg, Månadsgatorna m fl;BLANK;7;10
2010;rd;14803043;Östra Göteborg, Månadsgatorna m fl;OG;0;0
2010;rd;14803043;Östra Göteborg, Månadsgatorna m fl;SUMMA_RÖSTER;1046;1101
2010;rd;14803043;Östra Göteborg, Månadsgatorna m fl;RÖSTBERÄTTIGADE;1442;1484
2010;rd;14803051;Östra Göteborg, Bergsjön, Norra;M;57;74
2010;rd;14803051;Östra Göteborg, Bergsjön, Norra;C;16;12
2010;rd;14803051;Östra Göteborg, Bergsjön, Norra;L;18;28
2010;rd;14803051;Östra Göteborg, Bergsjön, Norra;KD;17;36
2010;rd;14803051;Östra Göteborg, Bergsjön, Norra;S;228;228
2010;rd;14803051;Östra Göteborg, Bergsjön, Norra;V;119;93
2010;rd;14803051;Östra Göteborg, Bergsjön, Norra;MP;73;79
2010;rd;14803051;Östra Göteborg, Bergsjön, Norra;SD;68;39
2010;rd;14803051;Östra Göteborg, Bergsjön, Norra;FI;96;11
2010;rd;14803051;Östra Göteborg, Bergsjön, Norra;PP;11;13
2010;rd;14803051;Östra Göteborg, Bergsjön, Norra;RS;3;5
2010;rd;14803051;Östra Göteborg, Bergsjön, Norra;HANDSKRIVNA;2;0
2010;rd;14803051;Östra Göteborg, Bergsjön, Norra;ÖVRIGA_FGVAL;0;1
2010;rd;14803051;Östra Göteborg, Bergsjön, Norra;GILTIGA;716;619
2010;rd;14803051;Östra Göteborg, Bergsjön, Norra;BLANK;8;4
2010;rd;14803051;Östra Göteborg, Bergsjön, Norra;OG;0;1
2010;rd;14803051;Östra Göteborg, Bergsjön, Norra;SUMMA_RÖSTER;724;624
2010;rd;14803051;Östra Göteborg, Bergsjön, Norra;RÖSTBERÄTTIGADE;1023;921
2010;rd;14803052;Östra Göteborg, Gärdsmosse;M;29;39
2010;rd;14803052;Östra Göteborg, Gärdsmosse;C;8;3
2010;rd;14803052;Östra Göteborg, Gärdsmosse;L;28;13
2010;rd;14803052;Östra Göteborg, Gärdsmosse;KD;14;19
2010;rd;14803052;Östra Göteborg, Gärdsmosse;S;293;341
2010;rd;14803052;Östra Göteborg, Gärdsmosse;V;76;60
2010;rd;14803052;Östra Göteborg, Gärdsmosse;MP;46;54
2010;rd;14803052;Östra Göteborg, Gärdsmosse;SD;66;45
2010;rd;14803052;Östra Göteborg, Gärdsmosse;FI;44;7
2010;rd;14803052;Östra Göteborg, Gärdsmosse;PP;7;16
2010;rd;14803052;Östra Göteborg, Gärdsmosse;RS;7;11
2010;rd;14803052;Östra Göteborg, Gärdsmosse;GILTIGA;622;608
2010;rd;14803052;Östra Göteborg, Gärdsmosse;BLANK;4;3
2010;rd;14803052;Östra Göteborg, Gärdsmosse;OG;0;0
2010;rd;14803052;Östra Göteborg, Gärdsmosse;SUMMA_RÖSTER;626;611
2010;rd;14803052;Östra Göteborg, Gärdsmosse;RÖSTBERÄTTIGADE;1152;1177
2010;rd;14803053;Östra Göteborg, Gärdsås;M;120;155
2010;rd;14803053;Östra Göteborg, Gärdsås;C;8;7
2010;rd;14803053;Östra Göteborg, Gärdsås;L;28;38
2010;rd;14803053;Östra Göteborg, Gärdsås;KD;50;41
2010;rd;14803053;Östra Göteborg, Gärdsås;S;251;305
2010;rd;14803053;Östra Göteborg, Gärdsås;V;83;56
2010;rd;14803053;Östra Göteborg, Gärdsås;MP;51;43
2010;rd;14803053;Östra Göteborg, Gärdsås;SD;98;47
2010;rd;14803053;Östra Göteborg, Gärdsås;PP;6;8
2010;rd;14803053;Östra Göteborg, Gärdsås;RS;5;5
2010;rd;14803053;Östra Göteborg, Gärdsås;HANDSKRIVNA;2;0
2010;rd;14803053;Östra Göteborg, Gärdsås;GILTIGA;725;705
2010;rd;14803053;Östra Göteborg, Gärdsås;BLANK;5;2
2010;rd;14803053;Östra Göteborg, Gärdsås;OG;0;0
2010;rd;14803053;Östra Göteborg, Gärdsås;SUMMA_RÖSTER;730;707
2010;rd;14803053;Östra Göteborg, Gärdsås;RÖSTBERÄTTIGADE;987;942
2010;rd;14803054;Östra Göteborg, Siriusgatan;M;47;64
2010;rd;14803054;Östra Göteborg, Siriusgatan;C;9;7
2010;rd;14803054;Östra Göteborg, Siriusgatan;L;27;21
2010;rd;14803054;Östra Göteborg, Siriusgatan;KD;12;27
2010;rd;14803054;Östra Göteborg, Siriusgatan;S;470;517
2010;rd;14803054;Östra Göteborg, Siriusgatan;V;112;87
2010;rd;14803054;Östra Göteborg, Siriusgatan;MP;49;64
2010;rd;14803054;Östra Göteborg, Siriusgatan;SD;76;49
2010;rd;14803054;Östra Göteborg, Siriusgatan;FI;38;7
2010;rd;14803054;Östra Göteborg, Siriusgatan;RS;5;12
2010;rd;14803054;Östra Göteborg, Siriusgatan;PP;2;11
2010;rd;14803054;Östra Göteborg, Siriusgatan;HANDSKRIVNA;1;0
2010;rd;14803054;Östra Göteborg, Siriusgatan;GILTIGA;858;866
2010;rd;14803054;Östra Göteborg, Siriusgatan;BLANK;4;10
2010;rd;14803054;Östra Göteborg, Siriusgatan;OG;0;0
2010;rd;14803054;Östra Göteborg, Siriusgatan;SUMMA_RÖSTER;862;876
2010;rd;14803054;Östra Göteborg, Siriusgatan;RÖSTBERÄTTIGADE;1475;1392
2010;rd;14803061;Östra Göteborg, Bergsjön, Södra;M;47;63
2010;rd;14803061;Östra Göteborg, Bergsjön, Södra;C;6;4
2010;rd;14803061;Östra Göteborg, Bergsjön, Södra;L;16;24
2010;rd;14803061;Östra Göteborg, Bergsjön, Södra;KD;21;26
2010;rd;14803061;Östra Göteborg, Bergsjön, Södra;S;456;504
2010;rd;14803061;Östra Göteborg, Bergsjön, Södra;V;83;56
2010;rd;14803061;Östra Göteborg, Bergsjön, Södra;MP;32;18
2010;rd;14803061;Östra Göteborg, Bergsjön, Södra;SD;57;19
2010;rd;14803061;Östra Göteborg, Bergsjön, Södra;FI;15;3
2010;rd;14803061;Östra Göteborg, Bergsjön, Södra;RS;2;3
2010;rd;14803061;Östra Göteborg, Bergsjön, Södra;PP;0;4
2010;rd;14803061;Östra Göteborg, Bergsjön, Södra;HANDSKRIVNA;0;1
2010;rd;14803061;Östra Göteborg, Bergsjön, Södra;GILTIGA;745;725
2010;rd;14803061;Östra Göteborg, Bergsjön, Södra;BLANK;1;9
2010;rd;14803061;Östra Göteborg, Bergsjön, Södra;OG;0;1
2010;rd;14803061;Östra Göteborg, Bergsjön, Södra;SUMMA_RÖSTER;746;735
2010;rd;14803061;Östra Göteborg, Bergsjön, Södra;RÖSTBERÄTTIGADE;1371;1163
2010;rd;14803062;Östra Göteborg, Bergsjön, Östra;M;37;63
2010;rd;14803062;Östra Göteborg, Bergsjön, Östra;C;8;1
2010;rd;14803062;Östra Göteborg, Bergsjön, Östra;L;29;10
2010;rd;14803062;Östra Göteborg, Bergsjön, Östra;KD;16;28
2010;rd;14803062;Östra Göteborg, Bergsjön, Östra;S;464;510
2010;rd;14803062;Östra Göteborg, Bergsjön, Östra;V;54;42
2010;rd;14803062;Östra Göteborg, Bergsjön, Östra;MP;24;38
2010;rd;14803062;Östra Göteborg, Bergsjön, Östra;SD;20;19
2010;rd;14803062;Östra Göteborg, Bergsjön, Östra;FI;15;7
2010;rd;14803062;Östra Göteborg, Bergsjön, Östra;RS;7;2
2010;rd;14803062;Östra Göteborg, Bergsjön, Östra;PP;1;7
2010;rd;14803062;Östra Göteborg, Bergsjön, Östra;KLP;0;1
2010;rd;14803062;Östra Göteborg, Bergsjön, Östra;HANDSKRIVNA;1;0
2010;rd;14803062;Östra Göteborg, Bergsjön, Östra;GILTIGA;681;728
2010;rd;14803062;Östra Göteborg, Bergsjön, Östra;BLANK;1;1
2010;rd;14803062;Östra Göteborg, Bergsjön, Östra;OG;2;0
2010;rd;14803062;Östra Göteborg, Bergsjön, Östra;SUMMA_RÖSTER;684;729
2010;rd;14803062;Östra Göteborg, Bergsjön, Östra;RÖSTBERÄTTIGADE;1252;1238
2010;rd;14803063;Östra Göteborg, Komettorget;M;52;76
2010;rd;14803063;Östra Göteborg, Komettorget;C;9;1
2010;rd;14803063;Östra Göteborg, Komettorget;L;32;23
2010;rd;14803063;Östra Göteborg, Komettorget;KD;28;23
2010;rd;14803063;Östra Göteborg, Komettorget;S;423;444
2010;rd;14803063;Östra Göteborg, Komettorget;V;106;74
2010;rd;14803063;Östra Göteborg, Komettorget;MP;49;50
2010;rd;14803063;Östra Göteborg, Komettorget;SD;55;24
2010;rd;14803063;Östra Göteborg, Komettorget;FI;28;2
2010;rd;14803063;Östra Göteborg, Komettorget;PP;8;13
2010;rd;14803063;Östra Göteborg, Komettorget;RS;5;5
2010;rd;14803063;Östra Göteborg, Komettorget;KLP;1;1
2010;rd;14803063;Östra Göteborg, Komettorget;HANDSKRIVNA;4;0
2010;rd;14803063;Östra Göteborg, Komettorget;ÖVRIGA_FGVAL;0;1
2010;rd;14803063;Östra Göteborg, Komettorget;GILTIGA;810;737
2010;rd;14803063;Östra Göteborg, Komettorget;BLANK;2;3
2010;rd;14803063;Östra Göteborg, Komettorget;OG;0;0
2010;rd;14803063;Östra Göteborg, Komettorget;SUMMA_RÖSTER;812;740
2010;rd;14803063;Östra Göteborg, Komettorget;RÖSTBERÄTTIGADE;1358;1225
2010;rd;14803064;Östra Göteborg, Rymdtorget;M;18;27
2010;rd;14803064;Östra Göteborg, Rymdtorget;C;2;3
2010;rd;14803064;Östra Göteborg, Rymdtorget;L;17;5
2010;rd;14803064;Östra Göteborg, Rymdtorget;KD;7;18
2010;rd;14803064;Östra Göteborg, Rymdtorget;S;270;284
2010;rd;14803064;Östra Göteborg, Rymdtorget;V;50;41
2010;rd;14803064;Östra Göteborg, Rymdtorget;MP;31;21
2010;rd;14803064;Östra Göteborg, Rymdtorget;SD;21;12
2010;rd;14803064;Östra Göteborg, Rymdtorget;FI;8;2
2010;rd;14803064;Östra Göteborg, Rymdtorget;PP;2;2
2010;rd;14803064;Östra Göteborg, Rymdtorget;RS;2;2
2010;rd;14803064;Östra Göteborg, Rymdtorget;GILTIGA;440;417
2010;rd;14803064;Östra Göteborg, Rymdtorget;BLANK;2;4
2010;rd;14803064;Östra Göteborg, Rymdtorget;OG;0;0
2010;rd;14803064;Östra Göteborg, Rymdtorget;SUMMA_RÖSTER;442;421
2010;rd;14803064;Östra Göteborg, Rymdtorget;RÖSTBERÄTTIGADE;813;780
2010;rd;14804021;Lundby, Bjurslätt;M;179;202
2010;rd;14804021;Lundby, Bjurslätt;C;26;28
2010;rd;14804021;Lundby, Bjurslätt;L;47;50
2010;rd;14804021;Lundby, Bjurslätt;KD;29;36
2010;rd;14804021;Lundby, Bjurslätt;S;473;407
2010;rd;14804021;Lundby, Bjurslätt;V;142;102
2010;rd;14804021;Lundby, Bjurslätt;MP;157;107
2010;rd;14804021;Lundby, Bjurslätt;SD;93;61
2010;rd;14804021;Lundby, Bjurslätt;FI;84;10
2010;rd;14804021;Lundby, Bjurslätt;PP;7;15
2010;rd;14804021;Lundby, Bjurslätt;RS;0;3
2010;rd;14804021;Lundby, Bjurslätt;HANDSKRIVNA;0;3
2010;rd;14804021;Lundby, Bjurslätt;GILTIGA;1252;1024
2010;rd;14804021;Lundby, Bjurslätt;BLANK;6;7
2010;rd;14804021;Lundby, Bjurslätt;OG;3;0
2010;rd;14804021;Lundby, Bjurslätt;SUMMA_RÖSTER;1261;1031
2010;rd;14804021;Lundby, Bjurslätt;RÖSTBERÄTTIGADE;1736;1477
2010;rd;14804022;Lundby, Flunsås;M;154;219
2010;rd;14804022;Lundby, Flunsås;C;39;32
2010;rd;14804022;Lundby, Flunsås;L;44;66
2010;rd;14804022;Lundby, Flunsås;KD;28;39
2010;rd;14804022;Lundby, Flunsås;S;282;300
2010;rd;14804022;Lundby, Flunsås;V;169;108
2010;rd;14804022;Lundby, Flunsås;MP;122;152
2010;rd;14804022;Lundby, Flunsås;SD;114;63
2010;rd;14804022;Lundby, Flunsås;FI;115;18
2010;rd;14804022;Lundby, Flunsås;PP;7;11
2010;rd;14804022;Lundby, Flunsås;KLP;1;1
2010;rd;14804022;Lundby, Flunsås;RS;1;2
2010;rd;14804022;Lundby, Flunsås;SPI;0;1
2010;rd;14804022;Lundby, Flunsås;HANDSKRIVNA;0;2
2010;rd;14804022;Lundby, Flunsås;ÖVRIGA_FGVAL;0;1
2010;rd;14804022;Lundby, Flunsås;GILTIGA;1085;1015
2010;rd;14804022;Lundby, Flunsås;BLANK;9;19
2010;rd;14804022;Lundby, Flunsås;OG;0;4
2010;rd;14804022;Lundby, Flunsås;SUMMA_RÖSTER;1094;1038
2010;rd;14804022;Lundby, Flunsås;RÖSTBERÄTTIGADE;1467;1419
2010;rd;14804023;Lundby, Kvillebäcken, Norra;M;195;233
2010;rd;14804023;Lundby, Kvillebäcken, Norra;C;30;22
2010;rd;14804023;Lundby, Kvillebäcken, Norra;L;47;66
2010;rd;14804023;Lundby, Kvillebäcken, Norra;KD;33;35
2010;rd;14804023;Lundby, Kvillebäcken, Norra;S;278;315
2010;rd;14804023;Lundby, Kvillebäcken, Norra;V;139;131
2010;rd;14804023;Lundby, Kvillebäcken, Norra;MP;123;104
2010;rd;14804023;Lundby, Kvillebäcken, Norra;SD;98;83
2010;rd;14804023;Lundby, Kvillebäcken, Norra;FI;73;10
2010;rd;14804023;Lundby, Kvillebäcken, Norra;PP;12;9
2010;rd;14804023;Lundby, Kvillebäcken, Norra;KLP;2;1
2010;rd;14804023;Lundby, Kvillebäcken, Norra;RS;0;2
2010;rd;14804023;Lundby, Kvillebäcken, Norra;GILTIGA;1044;1011
2010;rd;14804023;Lundby, Kvillebäcken, Norra;BLANK;8;18
2010;rd;14804023;Lundby, Kvillebäcken, Norra;OG;0;0
2010;rd;14804023;Lundby, Kvillebäcken, Norra;SUMMA_RÖSTER;1052;1029
2010;rd;14804023;Lundby, Kvillebäcken, Norra;RÖSTBERÄTTIGADE;1411;1360
2010;rd;14804026;Lundby, Wieselgrensplatsen;M;108;162
2010;rd;14804026;Lundby, Wieselgrensplatsen;C;25;17
2010;rd;14804026;Lundby, Wieselgrensplatsen;L;32;43
2010;rd;14804026;Lundby, Wieselgrensplatsen;KD;16;27
2010;rd;14804026;Lundby, Wieselgrensplatsen;S;256;289
2010;rd;14804026;Lundby, Wieselgrensplatsen;V;101;102
2010;rd;14804026;Lundby, Wieselgrensplatsen;MP;82;99
2010;rd;14804026;Lundby, Wieselgrensplatsen;SD;109;48
2010;rd;14804026;Lundby, Wieselgrensplatsen;FI;82;10
2010;rd;14804026;Lundby, Wieselgrensplatsen;PP;6;10
2010;rd;14804026;Lundby, Wieselgrensplatsen;HANDSKRIVNA;2;2
2010;rd;14804026;Lundby, Wieselgrensplatsen;GILTIGA;827;809
2010;rd;14804026;Lundby, Wieselgrensplatsen;BLANK;8;13
2010;rd;14804026;Lundby, Wieselgrensplatsen;OG;0;0
2010;rd;14804026;Lundby, Wieselgrensplatsen;SUMMA_RÖSTER;835;822
2010;rd;14804026;Lundby, Wieselgrensplatsen;RÖSTBERÄTTIGADE;1160;1176
2010;rd;14804041;Lundby, Kärrdalen;M;369;484
2010;rd;14804041;Lundby, Kärrdalen;C;49;30
2010;rd;14804041;Lundby, Kärrdalen;L;100;123
2010;rd;14804041;Lundby, Kärrdalen;KD;57;77
2010;rd;14804041;Lundby, Kärrdalen;S;253;234
2010;rd;14804041;Lundby, Kärrdalen;V;66;51
2010;rd;14804041;Lundby, Kärrdalen;MP;95;89
2010;rd;14804041;Lundby, Kärrdalen;SD;149;62
2010;rd;14804041;Lundby, Kärrdalen;FI;44;1
2010;rd;14804041;Lundby, Kärrdalen;PP;5;7
2010;rd;14804041;Lundby, Kärrdalen;KLP;1;2
2010;rd;14804041;Lundby, Kärrdalen;HANDSKRIVNA;2;0
2010;rd;14804041;Lundby, Kärrdalen;GILTIGA;1197;1160
2010;rd;14804041;Lundby, Kärrdalen;BLANK;4;5
2010;rd;14804041;Lundby, Kärrdalen;OG;0;1
2010;rd;14804041;Lundby, Kärrdalen;SUMMA_RÖSTER;1201;1166
2010;rd;14804041;Lundby, Kärrdalen;RÖSTBERÄTTIGADE;1361;1326
2010;rd;14804042;Lundby, Tolered, Norra;M;285;362
2010;rd;14804042;Lundby, Tolered, Norra;C;41;41
2010;rd;14804042;Lundby, Tolered, Norra;L;58;72
2010;rd;14804042;Lundby, Tolered, Norra;KD;49;62
2010;rd;14804042;Lundby, Tolered, Norra;S;219;201
2010;rd;14804042;Lundby, Tolered, Norra;V;77;65
2010;rd;14804042;Lundby, Tolered, Norra;MP;89;63
2010;rd;14804042;Lundby, Tolered, Norra;SD;67;31
2010;rd;14804042;Lundby, Tolered, Norra;FI;37;3
2010;rd;14804042;Lundby, Tolered, Norra;PP;6;1
2010;rd;14804042;Lundby, Tolered, Norra;GILTIGA;944;901
2010;rd;14804042;Lundby, Tolered, Norra;BLANK;5;8
2010;rd;14804042;Lundby, Tolered, Norra;OG;0;0
2010;rd;14804042;Lundby, Tolered, Norra;SUMMA_RÖSTER;949;909
2010;rd;14804042;Lundby, Tolered, Norra;RÖSTBERÄTTIGADE;1148;1060
2010;rd;14804043;Lundby, Tolered, Södra;M;208;273
2010;rd;14804043;Lundby, Tolered, Södra;C;47;35
2010;rd;14804043;Lundby, Tolered, Södra;L;74;102
2010;rd;14804043;Lundby, Tolered, Södra;KD;36;54
2010;rd;14804043;Lundby, Tolered, Södra;S;266;247
2010;rd;14804043;Lundby, Tolered, Södra;V;70;62
2010;rd;14804043;Lundby, Tolered, Södra;MP;96;84
2010;rd;14804043;Lundby, Tolered, Södra;SD;116;44
2010;rd;14804043;Lundby, Tolered, Södra;FI;35;2
2010;rd;14804043;Lundby, Tolered, Södra;PP;5;10
2010;rd;14804043;Lundby, Tolered, Södra;ÖVRIGA_FGVAL;0;1
2010;rd;14804043;Lundby, Tolered, Södra;GILTIGA;963;914
2010;rd;14804043;Lundby, Tolered, Södra;BLANK;10;16
2010;rd;14804043;Lundby, Tolered, Södra;OG;0;0
2010;rd;14804043;Lundby, Tolered, Södra;SUMMA_RÖSTER;973;930
2010;rd;14804043;Lundby, Tolered, Södra;RÖSTBERÄTTIGADE;1132;1093
2010;rd;14804051;Norra Hisingen, Glöstorp;M;178;192
2010;rd;14804051;Norra Hisingen, Glöstorp;C;32;15
2010;rd;14804051;Norra Hisingen, Glöstorp;L;62;63
2010;rd;14804051;Norra Hisingen, Glöstorp;KD;35;42
2010;rd;14804051;Norra Hisingen, Glöstorp;S;335;346
2010;rd;14804051;Norra Hisingen, Glöstorp;V;64;69
2010;rd;14804051;Norra Hisingen, Glöstorp;MP;69;44
2010;rd;14804051;Norra Hisingen, Glöstorp;SD;164;72
2010;rd;14804051;Norra Hisingen, Glöstorp;FI;23;1
2010;rd;14804051;Norra Hisingen, Glöstorp;PP;3;12
2010;rd;14804051;Norra Hisingen, Glöstorp;SPI;0;2
2010;rd;14804051;Norra Hisingen, Glöstorp;HANDSKRIVNA;2;0
2010;rd;14804051;Norra Hisingen, Glöstorp;GILTIGA;979;858
2010;rd;14804051;Norra Hisingen, Glöstorp;BLANK;6;11
2010;rd;14804051;Norra Hisingen, Glöstorp;OG;1;0
2010;rd;14804051;Norra Hisingen, Glöstorp;SUMMA_RÖSTER;986;869
2010;rd;14804051;Norra Hisingen, Glöstorp;RÖSTBERÄTTIGADE;1205;1061
2010;rd;14804052;Norra Hisingen, Gunnestorp;M;296;371
2010;rd;14804052;Norra Hisingen, Gunnestorp;C;44;33
2010;rd;14804052;Norra Hisingen, Gunnestorp;L;89;128
2010;rd;14804052;Norra Hisingen, Gunnestorp;KD;45;52
2010;rd;14804052;Norra Hisingen, Gunnestorp;S;441;439
2010;rd;14804052;Norra Hisingen, Gunnestorp;V;99;76
2010;rd;14804052;Norra Hisingen, Gunnestorp;MP;98;90
2010;rd;14804052;Norra Hisingen, Gunnestorp;SD;156;71
2010;rd;14804052;Norra Hisingen, Gunnestorp;FI;47;6
2010;rd;14804052;Norra Hisingen, Gunnestorp;PP;2;5
2010;rd;14804052;Norra Hisingen, Gunnestorp;GILTIGA;1328;1271
2010;rd;14804052;Norra Hisingen, Gunnestorp;BLANK;9;16
2010;rd;14804052;Norra Hisingen, Gunnestorp;OG;0;0
2010;rd;14804052;Norra Hisingen, Gunnestorp;SUMMA_RÖSTER;1337;1287
2010;rd;14804052;Norra Hisingen, Gunnestorp;RÖSTBERÄTTIGADE;1556;1503
2010;rd;14804053;Norra Hisingen, Norumshöjd;M;81;121
2010;rd;14804053;Norra Hisingen, Norumshöjd;C;12;11
2010;rd;14804053;Norra Hisingen, Norumshöjd;L;22;30
2010;rd;14804053;Norra Hisingen, Norumshöjd;KD;12;13
2010;rd;14804053;Norra Hisingen, Norumshöjd;S;413;436
2010;rd;14804053;Norra Hisingen, Norumshöjd;V;108;94
2010;rd;14804053;Norra Hisingen, Norumshöjd;MP;76;57
2010;rd;14804053;Norra Hisingen, Norumshöjd;SD;143;94
2010;rd;14804053;Norra Hisingen, Norumshöjd;FI;22;5
2010;rd;14804053;Norra Hisingen, Norumshöjd;PP;13;9
2010;rd;14804053;Norra Hisingen, Norumshöjd;KLP;0;1
2010;rd;14804053;Norra Hisingen, Norumshöjd;HANDSKRIVNA;0;1
2010;rd;14804053;Norra Hisingen, Norumshöjd;ÖVRIGA_FGVAL;0;1
2010;rd;14804053;Norra Hisingen, Norumshöjd;GILTIGA;914;873
2010;rd;14804053;Norra Hisingen, Norumshöjd;BLANK;6;7
2010;rd;14804053;Norra Hisingen, Norumshöjd;OG;0;0
2010;rd;14804053;Norra Hisingen, Norumshöjd;SUMMA_RÖSTER;920;880
2010;rd;14804053;Norra Hisingen, Norumshöjd;RÖSTBERÄTTIGADE;1360;1291
2010;rd;14804061;Norra Hisingen, Säve;M;409;528
2010;rd;14804061;Norra Hisingen, Säve;C;126;118
2010;rd;14804061;Norra Hisingen, Säve;L;73;94
2010;rd;14804061;Norra Hisingen, Säve;KD;75;83
2010;rd;14804061;Norra Hisingen, Säve;S;282;296
2010;rd;14804061;Norra Hisingen, Säve;V;52;66
2010;rd;14804061;Norra Hisingen, Säve;MP;73;80
2010;rd;14804061;Norra Hisingen, Säve;SD;230;94
2010;rd;14804061;Norra Hisingen, Säve;FI;38;2
2010;rd;14804061;Norra Hisingen, Säve;PP;11;8
2010;rd;14804061;Norra Hisingen, Säve;HANDSKRIVNA;0;3
2010;rd;14804061;Norra Hisingen, Säve;GILTIGA;1384;1372
2010;rd;14804061;Norra Hisingen, Säve;BLANK;13;13
2010;rd;14804061;Norra Hisingen, Säve;OG;2;0
2010;rd;14804061;Norra Hisingen, Säve;SUMMA_RÖSTER;1399;1385
2010;rd;14804061;Norra Hisingen, Säve;RÖSTBERÄTTIGADE;1655;1589
2010;rd;14804071;Norra Hisingen, Gerrebacka-Ingebäck;M;371;436
2010;rd;14804071;Norra Hisingen, Gerrebacka-Ingebäck;C;33;39
2010;rd;14804071;Norra Hisingen, Gerrebacka-Ingebäck;L;61;94
2010;rd;14804071;Norra Hisingen, Gerrebacka-Ingebäck;KD;38;50
2010;rd;14804071;Norra Hisingen, Gerrebacka-Ingebäck;S;360;328
2010;rd;14804071;Norra Hisingen, Gerrebacka-Ingebäck;V;54;56
2010;rd;14804071;Norra Hisingen, Gerrebacka-Ingebäck;MP;95;59
2010;rd;14804071;Norra Hisingen, Gerrebacka-Ingebäck;SD;164;77
2010;rd;14804071;Norra Hisingen, Gerrebacka-Ingebäck;FI;31;2
2010;rd;14804071;Norra Hisingen, Gerrebacka-Ingebäck;PP;1;5
2010;rd;14804071;Norra Hisingen, Gerrebacka-Ingebäck;RS;0;1
2010;rd;14804071;Norra Hisingen, Gerrebacka-Ingebäck;GILTIGA;1215;1147
2010;rd;14804071;Norra Hisingen, Gerrebacka-Ingebäck;BLANK;14;9
2010;rd;14804071;Norra Hisingen, Gerrebacka-Ingebäck;OG;0;0
2010;rd;14804071;Norra Hisingen, Gerrebacka-Ingebäck;SUMMA_RÖSTER;1229;1156
2010;rd;14804071;Norra Hisingen, Gerrebacka-Ingebäck;RÖSTBERÄTTIGADE;1385;1331
2010;rd;14804072;Norra Hisingen, Kärra, Norra;M;142;196
2010;rd;14804072;Norra Hisingen, Kärra, Norra;C;13;20
2010;rd;14804072;Norra Hisingen, Kärra, Norra;L;48;65
2010;rd;14804072;Norra Hisingen, Kärra, Norra;KD;35;48
2010;rd;14804072;Norra Hisingen, Kärra, Norra;S;372;399
2010;rd;14804072;Norra Hisingen, Kärra, Norra;V;80;65
2010;rd;14804072;Norra Hisingen, Kärra, Norra;MP;59;63
2010;rd;14804072;Norra Hisingen, Kärra, Norra;SD;169;71
2010;rd;14804072;Norra Hisingen, Kärra, Norra;FI;12;3
2010;rd;14804072;Norra Hisingen, Kärra, Norra;PP;4;7
2010;rd;14804072;Norra Hisingen, Kärra, Norra;RS;0;1
2010;rd;14804072;Norra Hisingen, Kärra, Norra;GILTIGA;946;938
2010;rd;14804072;Norra Hisingen, Kärra, Norra;BLANK;6;14
2010;rd;14804072;Norra Hisingen, Kärra, Norra;OG;0;0
2010;rd;14804072;Norra Hisingen, Kärra, Norra;SUMMA_RÖSTER;952;952
2010;rd;14804072;Norra Hisingen, Kärra, Norra;RÖSTBERÄTTIGADE;1115;1131
2010;rd;14804073;Norra Hisingen, Kärra, Södra;M;237;313
2010;rd;14804073;Norra Hisingen, Kärra, Södra;C;21;23
2010;rd;14804073;Norra Hisingen, Kärra, Södra;L;71;72
2010;rd;14804073;Norra Hisingen, Kärra, Södra;KD;40;53
2010;rd;14804073;Norra Hisingen, Kärra, Södra;S;366;392
2010;rd;14804073;Norra Hisingen, Kärra, Södra;V;54;54
2010;rd;14804073;Norra Hisingen, Kärra, Södra;MP;54;56
2010;rd;14804073;Norra Hisingen, Kärra, Södra;SD;210;101
2010;rd;14804073;Norra Hisingen, Kärra, Södra;FI;19;4
2010;rd;14804073;Norra Hisingen, Kärra, Södra;PP;2;10
2010;rd;14804073;Norra Hisingen, Kärra, Södra;ÖVRIGA_FGVAL;0;1
2010;rd;14804073;Norra Hisingen, Kärra, Södra;GILTIGA;1081;1079
2010;rd;14804073;Norra Hisingen, Kärra, Södra;BLANK;12;13
2010;rd;14804073;Norra Hisingen, Kärra, Södra;OG;0;0
2010;rd;14804073;Norra Hisingen, Kärra, Södra;SUMMA_RÖSTER;1093;1092
2010;rd;14804073;Norra Hisingen, Kärra, Södra;RÖSTBERÄTTIGADE;1284;1264
2010;rd;14804074;Norra Hisingen, Kärra, Västra;M;162;252
2010;rd;14804074;Norra Hisingen, Kärra, Västra;C;18;20
2010;rd;14804074;Norra Hisingen, Kärra, Västra;L;60;67
2010;rd;14804074;Norra Hisingen, Kärra, Västra;KD;35;45
2010;rd;14804074;Norra Hisingen, Kärra, Västra;S;386;389
2010;rd;14804074;Norra Hisingen, Kärra, Västra;V;58;53
2010;rd;14804074;Norra Hisingen, Kärra, Västra;MP;53;56
2010;rd;14804074;Norra Hisingen, Kärra, Västra;SD;204;89
2010;rd;14804074;Norra Hisingen, Kärra, Västra;FI;18;2
2010;rd;14804074;Norra Hisingen, Kärra, Västra;PP;3;8
2010;rd;14804074;Norra Hisingen, Kärra, Västra;GILTIGA;1009;981
2010;rd;14804074;Norra Hisingen, Kärra, Västra;BLANK;14;19
2010;rd;14804074;Norra Hisingen, Kärra, Västra;OG;0;1
2010;rd;14804074;Norra Hisingen, Kärra, Västra;SUMMA_RÖSTER;1023;1001
2010;rd;14804074;Norra Hisingen, Kärra, Västra;RÖSTBERÄTTIGADE;1211;1193
2010;rd;14804075;Norra Hisingen, Kärra, Östra;M;189;252
2010;rd;14804075;Norra Hisingen, Kärra, Östra;C;15;16
2010;rd;14804075;Norra Hisingen, Kärra, Östra;L;49;74
2010;rd;14804075;Norra Hisingen, Kärra, Östra;KD;31;30
2010;rd;14804075;Norra Hisingen, Kärra, Östra;S;465;424
2010;rd;14804075;Norra Hisingen, Kärra, Östra;V;71;68
2010;rd;14804075;Norra Hisingen, Kärra, Östra;MP;49;48
2010;rd;14804075;Norra Hisingen, Kärra, Östra;SD;167;86
2010;rd;14804075;Norra Hisingen, Kärra, Östra;FI;18;3
2010;rd;14804075;Norra Hisingen, Kärra, Östra;PP;2;4
2010;rd;14804075;Norra Hisingen, Kärra, Östra;KLP;0;1
2010;rd;14804075;Norra Hisingen, Kärra, Östra;GILTIGA;1067;1006
2010;rd;14804075;Norra Hisingen, Kärra, Östra;BLANK;15;17
2010;rd;14804075;Norra Hisingen, Kärra, Östra;OG;0;1
2010;rd;14804075;Norra Hisingen, Kärra, Östra;SUMMA_RÖSTER;1082;1024
2010;rd;14804075;Norra Hisingen, Kärra, Östra;RÖSTBERÄTTIGADE;1313;1306
2010;rd;14804076;Norra Hisingen, Mysterna-Svankälla;M;428;484
2010;rd;14804076;Norra Hisingen, Mysterna-Svankälla;C;44;29
2010;rd;14804076;Norra Hisingen, Mysterna-Svankälla;L;85;127
2010;rd;14804076;Norra Hisingen, Mysterna-Svankälla;KD;56;65
2010;rd;14804076;Norra Hisingen, Mysterna-Svankälla;S;263;253
2010;rd;14804076;Norra Hisingen, Mysterna-Svankälla;V;50;50
2010;rd;14804076;Norra Hisingen, Mysterna-Svankälla;MP;80;64
2010;rd;14804076;Norra Hisingen, Mysterna-Svankälla;SD;169;72
2010;rd;14804076;Norra Hisingen, Mysterna-Svankälla;FI;21;3
2010;rd;14804076;Norra Hisingen, Mysterna-Svankälla;PP;1;2
2010;rd;14804076;Norra Hisingen, Mysterna-Svankälla;RS;0;1
2010;rd;14804076;Norra Hisingen, Mysterna-Svankälla;GILTIGA;1205;1150
2010;rd;14804076;Norra Hisingen, Mysterna-Svankälla;BLANK;15;15
2010;rd;14804076;Norra Hisingen, Mysterna-Svankälla;OG;0;0
2010;rd;14804076;Norra Hisingen, Mysterna-Svankälla;SUMMA_RÖSTER;1220;1165
2010;rd;14804076;Norra Hisingen, Mysterna-Svankälla;RÖSTBERÄTTIGADE;1337;1300
2010;rd;14804081;Norra Hisingen, Rödbo;M;174;221
2010;rd;14804081;Norra Hisingen, Rödbo;C;29;33
2010;rd;14804081;Norra Hisingen, Rödbo;L;22;33
2010;rd;14804081;Norra Hisingen, Rödbo;KD;27;26
2010;rd;14804081;Norra Hisingen, Rödbo;S;123;112
2010;rd;14804081;Norra Hisingen, Rödbo;V;35;24
2010;rd;14804081;Norra Hisingen, Rödbo;MP;39;32
2010;rd;14804081;Norra Hisingen, Rödbo;SD;111;51
2010;rd;14804081;Norra Hisingen, Rödbo;PP;6;2
2010;rd;14804081;Norra Hisingen, Rödbo;RS;0;1
2010;rd;14804081;Norra Hisingen, Rödbo;GILTIGA;578;535
2010;rd;14804081;Norra Hisingen, Rödbo;BLANK;3;3
2010;rd;14804081;Norra Hisingen, Rödbo;OG;0;0
2010;rd;14804081;Norra Hisingen, Rödbo;SUMMA_RÖSTER;581;538
2010;rd;14804081;Norra Hisingen, Rödbo;RÖSTBERÄTTIGADE;700;662
2010;rd;14804091;Norra Hisingen, Skogome-Sankt Jörgen;M;424;495
2010;rd;14804091;Norra Hisingen, Skogome-Sankt Jörgen;C;50;60
2010;rd;14804091;Norra Hisingen, Skogome-Sankt Jörgen;L;134;123
2010;rd;14804091;Norra Hisingen, Skogome-Sankt Jörgen;KD;69;86
2010;rd;14804091;Norra Hisingen, Skogome-Sankt Jörgen;S;452;407
2010;rd;14804091;Norra Hisingen, Skogome-Sankt Jörgen;V;91;113
2010;rd;14804091;Norra Hisingen, Skogome-Sankt Jörgen;MP;105;92
2010;rd;14804091;Norra Hisingen, Skogome-Sankt Jörgen;SD;158;71
2010;rd;14804091;Norra Hisingen, Skogome-Sankt Jörgen;FI;53;5
2010;rd;14804091;Norra Hisingen, Skogome-Sankt Jörgen;PP;8;6
2010;rd;14804091;Norra Hisingen, Skogome-Sankt Jörgen;HANDSKRIVNA;1;2
2010;rd;14804091;Norra Hisingen, Skogome-Sankt Jörgen;ÖVRIGA_FGVAL;0;2
2010;rd;14804091;Norra Hisingen, Skogome-Sankt Jörgen;GILTIGA;1562;1462
2010;rd;14804091;Norra Hisingen, Skogome-Sankt Jörgen;BLANK;15;16
2010;rd;14804091;Norra Hisingen, Skogome-Sankt Jörgen;OG;0;0
2010;rd;14804091;Norra Hisingen, Skogome-Sankt Jörgen;SUMMA_RÖSTER;1577;1478
2010;rd;14804091;Norra Hisingen, Skogome-Sankt Jörgen;RÖSTBERÄTTIGADE;1873;1792
2010;rd;14804103;Norra Hisingen, Brunnsbo;M;105;174
2010;rd;14804103;Norra Hisingen, Brunnsbo;C;22;11
2010;rd;14804103;Norra Hisingen, Brunnsbo;L;38;57
2010;rd;14804103;Norra Hisingen, Brunnsbo;KD;30;37
2010;rd;14804103;Norra Hisingen, Brunnsbo;S;451;525
2010;rd;14804103;Norra Hisingen, Brunnsbo;V;157;125
2010;rd;14804103;Norra Hisingen, Brunnsbo;MP;110;85
2010;rd;14804103;Norra Hisingen, Brunnsbo;SD;139;90
2010;rd;14804103;Norra Hisingen, Brunnsbo;FI;42;6
2010;rd;14804103;Norra Hisingen, Brunnsbo;PP;7;18
2010;rd;14804103;Norra Hisingen, Brunnsbo;RS;3;4
2010;rd;14804103;Norra Hisingen, Brunnsbo;KLP;1;1
2010;rd;14804103;Norra Hisingen, Brunnsbo;HANDSKRIVNA;1;1
2010;rd;14804103;Norra Hisingen, Brunnsbo;GILTIGA;1114;1134
2010;rd;14804103;Norra Hisingen, Brunnsbo;BLANK;10;12
2010;rd;14804103;Norra Hisingen, Brunnsbo;OG;0;0
2010;rd;14804103;Norra Hisingen, Brunnsbo;SUMMA_RÖSTER;1124;1146
2010;rd;14804103;Norra Hisingen, Brunnsbo;RÖSTBERÄTTIGADE;1581;1561
2010;rd;14804131;Norra Hisingen, Backadalen;M;138;209
2010;rd;14804131;Norra Hisingen, Backadalen;C;9;11
2010;rd;14804131;Norra Hisingen, Backadalen;L;18;41
2010;rd;14804131;Norra Hisingen, Backadalen;KD;24;40
2010;rd;14804131;Norra Hisingen, Backadalen;S;440;474
2010;rd;14804131;Norra Hisingen, Backadalen;V;76;63
2010;rd;14804131;Norra Hisingen, Backadalen;MP;53;53
2010;rd;14804131;Norra Hisingen, Backadalen;SD;140;67
2010;rd;14804131;Norra Hisingen, Backadalen;FI;16;3
2010;rd;14804131;Norra Hisingen, Backadalen;PP;7;9
2010;rd;14804131;Norra Hisingen, Backadalen;RS;3;3
2010;rd;14804131;Norra Hisingen, Backadalen;HANDSKRIVNA;3;3
2010;rd;14804131;Norra Hisingen, Backadalen;ÖVRIGA_FGVAL;0;2
2010;rd;14804131;Norra Hisingen, Backadalen;GILTIGA;947;978
2010;rd;14804131;Norra Hisingen, Backadalen;BLANK;11;6
2010;rd;14804131;Norra Hisingen, Backadalen;OG;1;0
2010;rd;14804131;Norra Hisingen, Backadalen;SUMMA_RÖSTER;959;984
2010;rd;14804131;Norra Hisingen, Backadalen;RÖSTBERÄTTIGADE;1360;1359
2010;rd;14804132;Norra Hisingen, Bäckebol;M;98;132
2010;rd;14804132;Norra Hisingen, Bäckebol;C;9;6
2010;rd;14804132;Norra Hisingen, Bäckebol;L;20;41
2010;rd;14804132;Norra Hisingen, Bäckebol;KD;22;29
2010;rd;14804132;Norra Hisingen, Bäckebol;S;352;341
2010;rd;14804132;Norra Hisingen, Bäckebol;V;55;49
2010;rd;14804132;Norra Hisingen, Bäckebol;MP;25;32
2010;rd;14804132;Norra Hisingen, Bäckebol;SD;90;43
2010;rd;14804132;Norra Hisingen, Bäckebol;FI;8;1
2010;rd;14804132;Norra Hisingen, Bäckebol;PP;6;8
2010;rd;14804132;Norra Hisingen, Bäckebol;RS;0;2
2010;rd;14804132;Norra Hisingen, Bäckebol;HANDSKRIVNA;0;1
2010;rd;14804132;Norra Hisingen, Bäckebol;GILTIGA;699;685
2010;rd;14804132;Norra Hisingen, Bäckebol;BLANK;7;11
2010;rd;14804132;Norra Hisingen, Bäckebol;OG;0;0
2010;rd;14804132;Norra Hisingen, Bäckebol;SUMMA_RÖSTER;706;696
2010;rd;14804132;Norra Hisingen, Bäckebol;RÖSTBERÄTTIGADE;965;964
2010;rd;14804133;Norra Hisingen, Selma Lagerlöfs torg;M;51;100
2010;rd;14804133;Norra Hisingen, Selma Lagerlöfs torg;C;11;4
2010;rd;14804133;Norra Hisingen, Selma Lagerlöfs torg;L;24;14
2010;rd;14804133;Norra Hisingen, Selma Lagerlöfs torg;KD;14;14
2010;rd;14804133;Norra Hisingen, Selma Lagerlöfs torg;S;317;310
2010;rd;14804133;Norra Hisingen, Selma Lagerlöfs torg;V;64;57
2010;rd;14804133;Norra Hisingen, Selma Lagerlöfs torg;MP;69;52
2010;rd;14804133;Norra Hisingen, Selma Lagerlöfs torg;SD;92;71
2010;rd;14804133;Norra Hisingen, Selma Lagerlöfs torg;FI;26;1
2010;rd;14804133;Norra Hisingen, Selma Lagerlöfs torg;PP;9;6
2010;rd;14804133;Norra Hisingen, Selma Lagerlöfs torg;RS;1;2
2010;rd;14804133;Norra Hisingen, Selma Lagerlöfs torg;HANDSKRIVNA;1;1
2010;rd;14804133;Norra Hisingen, Selma Lagerlöfs torg;GILTIGA;690;632
2010;rd;14804133;Norra Hisingen, Selma Lagerlöfs torg;BLANK;12;7
2010;rd;14804133;Norra Hisingen, Selma Lagerlöfs torg;OG;0;0
2010;rd;14804133;Norra Hisingen, Selma Lagerlöfs torg;SUMMA_RÖSTER;702;639
2010;rd;14804133;Norra Hisingen, Selma Lagerlöfs torg;RÖSTBERÄTTIGADE;1074;964
2010;rd;14804134;Norra Hisingen, Skälltorp;M;226;292
2010;rd;14804134;Norra Hisingen, Skälltorp;C;35;37
2010;rd;14804134;Norra Hisingen, Skälltorp;L;63;89
2010;rd;14804134;Norra Hisingen, Skälltorp;KD;45;66
2010;rd;14804134;Norra Hisingen, Skälltorp;S;461;500
2010;rd;14804134;Norra Hisingen, Skälltorp;V;123;111
2010;rd;14804134;Norra Hisingen, Skälltorp;MP;67;69
2010;rd;14804134;Norra Hisingen, Skälltorp;SD;175;96
2010;rd;14804134;Norra Hisingen, Skälltorp;FI;40;4
2010;rd;14804134;Norra Hisingen, Skälltorp;PP;2;5
2010;rd;14804134;Norra Hisingen, Skälltorp;ENH;0;1
2010;rd;14804134;Norra Hisingen, Skälltorp;HANDSKRIVNA;0;1
2010;rd;14804134;Norra Hisingen, Skälltorp;GILTIGA;1254;1271
2010;rd;14804134;Norra Hisingen, Skälltorp;BLANK;15;12
2010;rd;14804134;Norra Hisingen, Skälltorp;OG;2;0
2010;rd;14804134;Norra Hisingen, Skälltorp;SUMMA_RÖSTER;1271;1283
2010;rd;14804134;Norra Hisingen, Skälltorp;RÖSTBERÄTTIGADE;1614;1614
2010;rd;14804135;Norra Hisingen, Åketorp;M;411;539
2010;rd;14804135;Norra Hisingen, Åketorp;C;43;39
2010;rd;14804135;Norra Hisingen, Åketorp;L;77;124
2010;rd;14804135;Norra Hisingen, Åketorp;KD;62;93
2010;rd;14804135;Norra Hisingen, Åketorp;S;424;415
2010;rd;14804135;Norra Hisingen, Åketorp;V;98;89
2010;rd;14804135;Norra Hisingen, Åketorp;MP;82;89
2010;rd;14804135;Norra Hisingen, Åketorp;SD;194;85
2010;rd;14804135;Norra Hisingen, Åketorp;FI;31;4
2010;rd;14804135;Norra Hisingen, Åketorp;PP;6;8
2010;rd;14804135;Norra Hisingen, Åketorp;HANDSKRIVNA;0;1
2010;rd;14804135;Norra Hisingen, Åketorp;GILTIGA;1437;1486
2010;rd;14804135;Norra Hisingen, Åketorp;BLANK;17;18
2010;rd;14804135;Norra Hisingen, Åketorp;OG;0;0
2010;rd;14804135;Norra Hisingen, Åketorp;SUMMA_RÖSTER;1454;1504
2010;rd;14804135;Norra Hisingen, Åketorp;RÖSTBERÄTTIGADE;1611;1634
2010;rd;14804141;Lundby, Bräcke, Norra;M;222;270
2010;rd;14804141;Lundby, Bräcke, Norra;C;31;46
2010;rd;14804141;Lundby, Bräcke, Norra;L;54;69
2010;rd;14804141;Lundby, Bräcke, Norra;KD;27;59
2010;rd;14804141;Lundby, Bräcke, Norra;S;308;300
2010;rd;14804141;Lundby, Bräcke, Norra;V;109;103
2010;rd;14804141;Lundby, Bräcke, Norra;MP;94;84
2010;rd;14804141;Lundby, Bräcke, Norra;SD;170;93
2010;rd;14804141;Lundby, Bräcke, Norra;FI;71;9
2010;rd;14804141;Lundby, Bräcke, Norra;PP;8;12
2010;rd;14804141;Lundby, Bräcke, Norra;ENH;3;1
2010;rd;14804141;Lundby, Bräcke, Norra;GILTIGA;1106;1046
2010;rd;14804141;Lundby, Bräcke, Norra;BLANK;8;14
2010;rd;14804141;Lundby, Bräcke, Norra;OG;0;0
2010;rd;14804141;Lundby, Bräcke, Norra;SUMMA_RÖSTER;1114;1060
2010;rd;14804141;Lundby, Bräcke, Norra;RÖSTBERÄTTIGADE;1305;1278
2010;rd;14804142;Lundby, Bräcke, Södra;M;172;210
2010;rd;14804142;Lundby, Bräcke, Södra;C;28;21
2010;rd;14804142;Lundby, Bräcke, Södra;L;39;63
2010;rd;14804142;Lundby, Bräcke, Södra;KD;28;32
2010;rd;14804142;Lundby, Bräcke, Södra;S;246;259
2010;rd;14804142;Lundby, Bräcke, Södra;V;92;100
2010;rd;14804142;Lundby, Bräcke, Södra;MP;92;88
2010;rd;14804142;Lundby, Bräcke, Södra;SD;138;91
2010;rd;14804142;Lundby, Bräcke, Södra;FI;56;7
2010;rd;14804142;Lundby, Bräcke, Södra;PP;8;7
2010;rd;14804142;Lundby, Bräcke, Södra;ENH;1;1
2010;rd;14804142;Lundby, Bräcke, Södra;ÖVRIGA_FGVAL;0;1
2010;rd;14804142;Lundby, Bräcke, Södra;GILTIGA;906;880
2010;rd;14804142;Lundby, Bräcke, Södra;BLANK;12;12
2010;rd;14804142;Lundby, Bräcke, Södra;OG;0;0
2010;rd;14804142;Lundby, Bräcke, Södra;SUMMA_RÖSTER;918;892
2010;rd;14804142;Lundby, Bräcke, Södra;RÖSTBERÄTTIGADE;1133;1109
2010;rd;14804144;Lundby, Lundby, Norra;M;145;172
2010;rd;14804144;Lundby, Lundby, Norra;C;22;21
2010;rd;14804144;Lundby, Lundby, Norra;L;51;40
2010;rd;14804144;Lundby, Lundby, Norra;KD;39;34
2010;rd;14804144;Lundby, Lundby, Norra;S;267;202
2010;rd;14804144;Lundby, Lundby, Norra;V;71;65
2010;rd;14804144;Lundby, Lundby, Norra;MP;93;85
2010;rd;14804144;Lundby, Lundby, Norra;SD;123;52
2010;rd;14804144;Lundby, Lundby, Norra;FI;63;3
2010;rd;14804144;Lundby, Lundby, Norra;PP;7;8
2010;rd;14804144;Lundby, Lundby, Norra;ENH;0;1
2010;rd;14804144;Lundby, Lundby, Norra;HANDSKRIVNA;0;2
2010;rd;14804144;Lundby, Lundby, Norra;GILTIGA;887;685
2010;rd;14804144;Lundby, Lundby, Norra;BLANK;12;13
2010;rd;14804144;Lundby, Lundby, Norra;OG;1;0
2010;rd;14804144;Lundby, Lundby, Norra;SUMMA_RÖSTER;900;698
2010;rd;14804144;Lundby, Lundby, Norra;RÖSTBERÄTTIGADE;1158;1033
2010;rd;14804145;Lundby, Lundby, Södra;M;121;165
2010;rd;14804145;Lundby, Lundby, Södra;C;24;37
2010;rd;14804145;Lundby, Lundby, Södra;L;54;52
2010;rd;14804145;Lundby, Lundby, Södra;KD;21;30
2010;rd;14804145;Lundby, Lundby, Södra;S;212;224
2010;rd;14804145;Lundby, Lundby, Södra;V;88;95
2010;rd;14804145;Lundby, Lundby, Södra;MP;114;112
2010;rd;14804145;Lundby, Lundby, Södra;SD;98;48
2010;rd;14804145;Lundby, Lundby, Södra;FI;56;4
2010;rd;14804145;Lundby, Lundby, Södra;PP;9;10
2010;rd;14804145;Lundby, Lundby, Södra;ENH;1;1
2010;rd;14804145;Lundby, Lundby, Södra;KLP;1;1
2010;rd;14804145;Lundby, Lundby, Södra;SVP;1;1
2010;rd;14804145;Lundby, Lundby, Södra;HANDSKRIVNA;1;0
2010;rd;14804145;Lundby, Lundby, Södra;GILTIGA;804;780
2010;rd;14804145;Lundby, Lundby, Södra;BLANK;10;10
2010;rd;14804145;Lundby, Lundby, Södra;OG;2;0
2010;rd;14804145;Lundby, Lundby, Södra;SUMMA_RÖSTER;816;790
2010;rd;14804145;Lundby, Lundby, Södra;RÖSTBERÄTTIGADE;1062;1066
2010;rd;14804152;Lundby, Brämaregården, Östra;M;113;200
2010;rd;14804152;Lundby, Brämaregården, Östra;C;33;42
2010;rd;14804152;Lundby, Brämaregården, Östra;L;37;57
2010;rd;14804152;Lundby, Brämaregården, Östra;KD;17;30
2010;rd;14804152;Lundby, Brämaregården, Östra;S;195;237
2010;rd;14804152;Lundby, Brämaregården, Östra;V;183;146
2010;rd;14804152;Lundby, Brämaregården, Östra;MP;165;211
2010;rd;14804152;Lundby, Brämaregården, Östra;SD;82;43
2010;rd;14804152;Lundby, Brämaregården, Östra;FI;152;24
2010;rd;14804152;Lundby, Brämaregården, Östra;PP;14;22
2010;rd;14804152;Lundby, Brämaregården, Östra;EAP;0;1
2010;rd;14804152;Lundby, Brämaregården, Östra;HANDSKRIVNA;1;2
2010;rd;14804152;Lundby, Brämaregården, Östra;GILTIGA;1001;1015
2010;rd;14804152;Lundby, Brämaregården, Östra;BLANK;9;13
2010;rd;14804152;Lundby, Brämaregården, Östra;OG;1;0
2010;rd;14804152;Lundby, Brämaregården, Östra;SUMMA_RÖSTER;1011;1028
2010;rd;14804152;Lundby, Brämaregården, Östra;RÖSTBERÄTTIGADE;1336;1433
2010;rd;14804154;Lundby, Porslinsfabriken;M;212;104
2010;rd;14804154;Lundby, Porslinsfabriken;C;27;18
2010;rd;14804154;Lundby, Porslinsfabriken;L;69;33
2010;rd;14804154;Lundby, Porslinsfabriken;KD;34;14
2010;rd;14804154;Lundby, Porslinsfabriken;S;232;146
2010;rd;14804154;Lundby, Porslinsfabriken;V;110;61
2010;rd;14804154;Lundby, Porslinsfabriken;MP;110;60
2010;rd;14804154;Lundby, Porslinsfabriken;SD;78;32
2010;rd;14804154;Lundby, Porslinsfabriken;FI;91;6
2010;rd;14804154;Lundby, Porslinsfabriken;PP;5;11
2010;rd;14804154;Lundby, Porslinsfabriken;RS;0;1
2010;rd;14804154;Lundby, Porslinsfabriken;SVP;0;1
2010;rd;14804154;Lundby, Porslinsfabriken;HANDSKRIVNA;0;1
2010;rd;14804154;Lundby, Porslinsfabriken;ÖVRIGA_FGVAL;0;1
2010;rd;14804154;Lundby, Porslinsfabriken;GILTIGA;980;489
2010;rd;14804154;Lundby, Porslinsfabriken;BLANK;9;8
2010;rd;14804154;Lundby, Porslinsfabriken;OG;0;2
2010;rd;14804154;Lundby, Porslinsfabriken;SUMMA_RÖSTER;989;499
2010;rd;14804154;Lundby, Porslinsfabriken;RÖSTBERÄTTIGADE;1241;665
2010;rd;14804165;Lundby, Sannegården;M;411;481
2010;rd;14804165;Lundby, Sannegården;C;74;51
2010;rd;14804165;Lundby, Sannegården;L;134;129
2010;rd;14804165;Lundby, Sannegården;KD;65;53
2010;rd;14804165;Lundby, Sannegården;S;230;178
2010;rd;14804165;Lundby, Sannegården;V;64;51
2010;rd;14804165;Lundby, Sannegården;MP;122;81
2010;rd;14804165;Lundby, Sannegården;SD;99;34
2010;rd;14804165;Lundby, Sannegården;FI;56;6
2010;rd;14804165;Lundby, Sannegården;PP;3;1
2010;rd;14804165;Lundby, Sannegården;RS;0;1
2010;rd;14804165;Lundby, Sannegården;SKP;0;1
2010;rd;14804165;Lundby, Sannegården;ÖVRIGA_FGVAL;0;1
2010;rd;14804165;Lundby, Sannegården;GILTIGA;1267;1068
2010;rd;14804165;Lundby, Sannegården;BLANK;8;5
2010;rd;14804165;Lundby, Sannegården;OG;0;0
2010;rd;14804165;Lundby, Sannegården;SUMMA_RÖSTER;1275;1073
2010;rd;14804165;Lundby, Sannegården;RÖSTBERÄTTIGADE;1399;1208
2010;rd;14805011;Västra Göteborg, Björnekulla;M;485;613
2010;rd;14805011;Västra Göteborg, Björnekulla;C;80;61
2010;rd;14805011;Västra Göteborg, Björnekulla;L;163;149
2010;rd;14805011;Västra Göteborg, Björnekulla;KD;131;159
2010;rd;14805011;Västra Göteborg, Björnekulla;S;179;175
2010;rd;14805011;Västra Göteborg, Björnekulla;V;46;47
2010;rd;14805011;Västra Göteborg, Björnekulla;MP;66;75
2010;rd;14805011;Västra Göteborg, Björnekulla;SD;119;35
2010;rd;14805011;Västra Göteborg, Björnekulla;FI;22;3
2010;rd;14805011;Västra Göteborg, Björnekulla;HANDSKRIVNA;1;0
2010;rd;14805011;Västra Göteborg, Björnekulla;ÖVRIGA_FGVAL;0;1
2010;rd;14805011;Västra Göteborg, Björnekulla;GILTIGA;1294;1318
2010;rd;14805011;Västra Göteborg, Björnekulla;BLANK;6;5
2010;rd;14805011;Västra Göteborg, Björnekulla;OG;0;0
2010;rd;14805011;Västra Göteborg, Björnekulla;SUMMA_RÖSTER;1300;1323
2010;rd;14805011;Västra Göteborg, Björnekulla;RÖSTBERÄTTIGADE;1443;1437
2010;rd;14805012;Västra Göteborg, Fiskebäck, Norra;M;477;551
2010;rd;14805012;Västra Göteborg, Fiskebäck, Norra;C;73;68
2010;rd;14805012;Västra Göteborg, Fiskebäck, Norra;L;155;168
2010;rd;14805012;Västra Göteborg, Fiskebäck, Norra;KD;199;254
2010;rd;14805012;Västra Göteborg, Fiskebäck, Norra;S;121;113
2010;rd;14805012;Västra Göteborg, Fiskebäck, Norra;V;31;24
2010;rd;14805012;Västra Göteborg, Fiskebäck, Norra;MP;90;70
2010;rd;14805012;Västra Göteborg, Fiskebäck, Norra;SD;101;40
2010;rd;14805012;Västra Göteborg, Fiskebäck, Norra;FI;46;6
2010;rd;14805012;Västra Göteborg, Fiskebäck, Norra;PP;0;5
2010;rd;14805012;Västra Göteborg, Fiskebäck, Norra;GILTIGA;1298;1299
2010;rd;14805012;Västra Göteborg, Fiskebäck, Norra;BLANK;2;9
2010;rd;14805012;Västra Göteborg, Fiskebäck, Norra;OG;0;1
2010;rd;14805012;Västra Göteborg, Fiskebäck, Norra;SUMMA_RÖSTER;1300;1309
2010;rd;14805012;Västra Göteborg, Fiskebäck, Norra;RÖSTBERÄTTIGADE;1404;1409
2010;rd;14805013;Västra Göteborg, Fiskebäck, Södra;M;411;363
2010;rd;14805013;Västra Göteborg, Fiskebäck, Södra;C;51;34
2010;rd;14805013;Västra Göteborg, Fiskebäck, Södra;L;90;94
2010;rd;14805013;Västra Göteborg, Fiskebäck, Södra;KD;201;212
2010;rd;14805013;Västra Göteborg, Fiskebäck, Södra;S;88;65
2010;rd;14805013;Västra Göteborg, Fiskebäck, Södra;V;18;12
2010;rd;14805013;Västra Göteborg, Fiskebäck, Södra;MP;45;22
2010;rd;14805013;Västra Göteborg, Fiskebäck, Södra;SD;69;17
2010;rd;14805013;Västra Göteborg, Fiskebäck, Södra;PP;1;2
2010;rd;14805013;Västra Göteborg, Fiskebäck, Södra;HANDSKRIVNA;0;1
2010;rd;14805013;Västra Göteborg, Fiskebäck, Södra;GILTIGA;991;822
2010;rd;14805013;Västra Göteborg, Fiskebäck, Södra;BLANK;4;1
2010;rd;14805013;Västra Göteborg, Fiskebäck, Södra;OG;1;1
2010;rd;14805013;Västra Göteborg, Fiskebäck, Södra;SUMMA_RÖSTER;996;824
2010;rd;14805013;Västra Göteborg, Fiskebäck, Södra;RÖSTBERÄTTIGADE;1131;957
2010;rd;14805014;Västra Göteborg, Påvelund;M;634;688
2010;rd;14805014;Västra Göteborg, Påvelund;C;78;70
2010;rd;14805014;Västra Göteborg, Påvelund;L;165;155
2010;rd;14805014;Västra Göteborg, Påvelund;KD;138;170
2010;rd;14805014;Västra Göteborg, Påvelund;S;128;126
2010;rd;14805014;Västra Göteborg, Påvelund;V;39;35
2010;rd;14805014;Västra Göteborg, Påvelund;MP;82;67
2010;rd;14805014;Västra Göteborg, Påvelund;SD;87;39
2010;rd;14805014;Västra Göteborg, Påvelund;FI;39;4
2010;rd;14805014;Västra Göteborg, Påvelund;PP;10;6
2010;rd;14805014;Västra Göteborg, Påvelund;HANDSKRIVNA;1;2
2010;rd;14805014;Västra Göteborg, Påvelund;GILTIGA;1408;1362
2010;rd;14805014;Västra Göteborg, Påvelund;BLANK;5;10
2010;rd;14805014;Västra Göteborg, Påvelund;OG;4;1
2010;rd;14805014;Västra Göteborg, Påvelund;SUMMA_RÖSTER;1417;1373
2010;rd;14805014;Västra Göteborg, Påvelund;RÖSTBERÄTTIGADE;1595;1626
2010;rd;14805021;Västra Göteborg, Långedrag;M;802;835
2010;rd;14805021;Västra Göteborg, Långedrag;C;75;101
2010;rd;14805021;Västra Göteborg, Långedrag;L;162;149
2010;rd;14805021;Västra Göteborg, Långedrag;KD;95;136
2010;rd;14805021;Västra Göteborg, Långedrag;S;54;49
2010;rd;14805021;Västra Göteborg, Långedrag;V;23;13
2010;rd;14805021;Västra Göteborg, Långedrag;MP;54;63
2010;rd;14805021;Västra Göteborg, Långedrag;SD;68;21
2010;rd;14805021;Västra Göteborg, Långedrag;FI;24;6
2010;rd;14805021;Västra Göteborg, Långedrag;PP;4;3
2010;rd;14805021;Västra Göteborg, Långedrag;GILTIGA;1363;1376
2010;rd;14805021;Västra Göteborg, Långedrag;BLANK;4;4
2010;rd;14805021;Västra Göteborg, Långedrag;OG;0;0
2010;rd;14805021;Västra Göteborg, Långedrag;SUMMA_RÖSTER;1367;1380
2010;rd;14805021;Västra Göteborg, Långedrag;RÖSTBERÄTTIGADE;1509;1515
2010;rd;14805033;Västra Göteborg, Tångudden;M;515;598
2010;rd;14805033;Västra Göteborg, Tångudden;C;80;97
2010;rd;14805033;Västra Göteborg, Tångudden;L;163;130
2010;rd;14805033;Västra Göteborg, Tångudden;KD;84;126
2010;rd;14805033;Västra Göteborg, Tångudden;S;70;82
2010;rd;14805033;Västra Göteborg, Tångudden;V;42;31
2010;rd;14805033;Västra Göteborg, Tångudden;MP;107;89
2010;rd;14805033;Västra Göteborg, Tångudden;SD;87;28
2010;rd;14805033;Västra Göteborg, Tångudden;FI;44;8
2010;rd;14805033;Västra Göteborg, Tångudden;PP;2;5
2010;rd;14805033;Västra Göteborg, Tångudden;ENH;0;1
2010;rd;14805033;Västra Göteborg, Tångudden;HANDSKRIVNA;1;1
2010;rd;14805033;Västra Göteborg, Tångudden;GILTIGA;1201;1196
2010;rd;14805033;Västra Göteborg, Tångudden;BLANK;7;5
2010;rd;14805033;Västra Göteborg, Tångudden;OG;0;0
2010;rd;14805033;Västra Göteborg, Tångudden;SUMMA_RÖSTER;1208;1201
2010;rd;14805033;Västra Göteborg, Tångudden;RÖSTBERÄTTIGADE;1326;1329
2010;rd;14805041;Västra Göteborg, Ekebäck;M;413;533
2010;rd;14805041;Västra Göteborg, Ekebäck;C;78;71
2010;rd;14805041;Västra Göteborg, Ekebäck;L;156;168
2010;rd;14805041;Västra Göteborg, Ekebäck;KD;68;97
2010;rd;14805041;Västra Göteborg, Ekebäck;S;127;129
2010;rd;14805041;Västra Göteborg, Ekebäck;V;76;68
2010;rd;14805041;Västra Göteborg, Ekebäck;MP;156;169
2010;rd;14805041;Västra Göteborg, Ekebäck;SD;100;46
2010;rd;14805041;Västra Göteborg, Ekebäck;FI;79;10
2010;rd;14805041;Västra Göteborg, Ekebäck;PP;5;8
2010;rd;14805041;Västra Göteborg, Ekebäck;KLP;0;1
2010;rd;14805041;Västra Göteborg, Ekebäck;HANDSKRIVNA;1;1
2010;rd;14805041;Västra Göteborg, Ekebäck;GILTIGA;1263;1301
2010;rd;14805041;Västra Göteborg, Ekebäck;BLANK;6;10
2010;rd;14805041;Västra Göteborg, Ekebäck;OG;0;0
2010;rd;14805041;Västra Göteborg, Ekebäck;SUMMA_RÖSTER;1269;1311
2010;rd;14805041;Västra Göteborg, Ekebäck;RÖSTBERÄTTIGADE;1424;1448
2010;rd;14805042;Västra Göteborg, Grimmered;M;578;661
2010;rd;14805042;Västra Göteborg, Grimmered;C;81;79
2010;rd;14805042;Västra Göteborg, Grimmered;L;170;174
2010;rd;14805042;Västra Göteborg, Grimmered;KD;91;145
2010;rd;14805042;Västra Göteborg, Grimmered;S;200;194
2010;rd;14805042;Västra Göteborg, Grimmered;V;57;35
2010;rd;14805042;Västra Göteborg, Grimmered;MP;124;129
2010;rd;14805042;Västra Göteborg, Grimmered;SD;104;26
2010;rd;14805042;Västra Göteborg, Grimmered;FI;80;3
2010;rd;14805042;Västra Göteborg, Grimmered;PP;2;10
2010;rd;14805042;Västra Göteborg, Grimmered;GILTIGA;1493;1456
2010;rd;14805042;Västra Göteborg, Grimmered;BLANK;5;7
2010;rd;14805042;Västra Göteborg, Grimmered;OG;0;2
2010;rd;14805042;Västra Göteborg, Grimmered;SUMMA_RÖSTER;1498;1465
2010;rd;14805042;Västra Göteborg, Grimmered;RÖSTBERÄTTIGADE;1666;1628
2010;rd;14805051;Västra Göteborg, Brännö-Asperö;M;241;257
2010;rd;14805051;Västra Göteborg, Brännö-Asperö;C;32;27
2010;rd;14805051;Västra Göteborg, Brännö-Asperö;L;48;81
2010;rd;14805051;Västra Göteborg, Brännö-Asperö;KD;59;71
2010;rd;14805051;Västra Göteborg, Brännö-Asperö;S;139;140
2010;rd;14805051;Västra Göteborg, Brännö-Asperö;V;82;75
2010;rd;14805051;Västra Göteborg, Brännö-Asperö;MP;105;133
2010;rd;14805051;Västra Göteborg, Brännö-Asperö;SD;53;20
2010;rd;14805051;Västra Göteborg, Brännö-Asperö;FI;113;15
2010;rd;14805051;Västra Göteborg, Brännö-Asperö;PP;2;5
2010;rd;14805051;Västra Göteborg, Brännö-Asperö;SPI;0;2
2010;rd;14805051;Västra Göteborg, Brännö-Asperö;ÖVRIGA_FGVAL;0;2
2010;rd;14805051;Västra Göteborg, Brännö-Asperö;GILTIGA;879;828
2010;rd;14805051;Västra Göteborg, Brännö-Asperö;BLANK;1;2
2010;rd;14805051;Västra Göteborg, Brännö-Asperö;OG;0;0
2010;rd;14805051;Västra Göteborg, Brännö-Asperö;SUMMA_RÖSTER;880;830
2010;rd;14805051;Västra Göteborg, Brännö-Asperö;RÖSTBERÄTTIGADE;992;938
2010;rd;14805052;Västra Göteborg, Donsö-Vrångö;M;306;302
2010;rd;14805052;Västra Göteborg, Donsö-Vrångö;C;56;51
2010;rd;14805052;Västra Göteborg, Donsö-Vrångö;L;100;137
2010;rd;14805052;Västra Göteborg, Donsö-Vrångö;KD;405;487
2010;rd;14805052;Västra Göteborg, Donsö-Vrångö;S;102;92
2010;rd;14805052;Västra Göteborg, Donsö-Vrångö;V;27;28
2010;rd;14805052;Västra Göteborg, Donsö-Vrångö;MP;57;42
2010;rd;14805052;Västra Göteborg, Donsö-Vrångö;SD;92;38
2010;rd;14805052;Västra Göteborg, Donsö-Vrångö;FI;32;3
2010;rd;14805052;Västra Göteborg, Donsö-Vrångö;PP;1;3
2010;rd;14805052;Västra Göteborg, Donsö-Vrångö;KLP;0;1
2010;rd;14805052;Västra Göteborg, Donsö-Vrångö;GILTIGA;1182;1184
2010;rd;14805052;Västra Göteborg, Donsö-Vrångö;BLANK;16;6
2010;rd;14805052;Västra Göteborg, Donsö-Vrångö;OG;0;0
2010;rd;14805052;Västra Göteborg, Donsö-Vrångö;SUMMA_RÖSTER;1198;1190
2010;rd;14805052;Västra Göteborg, Donsö-Vrångö;RÖSTBERÄTTIGADE;1351;1367
2010;rd;14805053;Västra Göteborg, Styrsö-Köpstadsö;M;243;316
2010;rd;14805053;Västra Göteborg, Styrsö-Köpstadsö;C;42;57
2010;rd;14805053;Västra Göteborg, Styrsö-Köpstadsö;L;88;85
2010;rd;14805053;Västra Göteborg, Styrsö-Köpstadsö;KD;116;125
2010;rd;14805053;Västra Göteborg, Styrsö-Köpstadsö;S;129;128
2010;rd;14805053;Västra Göteborg, Styrsö-Köpstadsö;V;81;85
2010;rd;14805053;Västra Göteborg, Styrsö-Köpstadsö;MP;90;102
2010;rd;14805053;Västra Göteborg, Styrsö-Köpstadsö;SD;77;33
2010;rd;14805053;Västra Göteborg, Styrsö-Köpstadsö;FI;80;14
2010;rd;14805053;Västra Göteborg, Styrsö-Köpstadsö;PP;1;6
2010;rd;14805053;Västra Göteborg, Styrsö-Köpstadsö;GILTIGA;950;951
2010;rd;14805053;Västra Göteborg, Styrsö-Köpstadsö;BLANK;5;12
2010;rd;14805053;Västra Göteborg, Styrsö-Köpstadsö;OG;0;0
2010;rd;14805053;Västra Göteborg, Styrsö-Köpstadsö;SUMMA_RÖSTER;955;963
2010;rd;14805053;Västra Göteborg, Styrsö-Köpstadsö;RÖSTBERÄTTIGADE;1135;1149
2010;rd;14805061;Västra Göteborg, Bratthammar;M;619;722
2010;rd;14805061;Västra Göteborg, Bratthammar;C;65;51
2010;rd;14805061;Västra Göteborg, Bratthammar;L;203;189
2010;rd;14805061;Västra Göteborg, Bratthammar;KD;223;286
2010;rd;14805061;Västra Göteborg, Bratthammar;S;238;241
2010;rd;14805061;Västra Göteborg, Bratthammar;V;55;47
2010;rd;14805061;Västra Göteborg, Bratthammar;MP;111;90
2010;rd;14805061;Västra Göteborg, Bratthammar;SD;121;52
2010;rd;14805061;Västra Göteborg, Bratthammar;FI;27;9
2010;rd;14805061;Västra Göteborg, Bratthammar;PP;4;6
2010;rd;14805061;Västra Göteborg, Bratthammar;ÖVRIGA_FGVAL;0;1
2010;rd;14805061;Västra Göteborg, Bratthammar;GILTIGA;1676;1694
2010;rd;14805061;Västra Göteborg, Bratthammar;BLANK;9;9
2010;rd;14805061;Västra Göteborg, Bratthammar;OG;0;1
2010;rd;14805061;Västra Göteborg, Bratthammar;SUMMA_RÖSTER;1685;1704
2010;rd;14805061;Västra Göteborg, Bratthammar;RÖSTBERÄTTIGADE;1990;1902
2010;rd;14805071;Västra Göteborg, Beryllg.-Guldringen;M;281;369
2010;rd;14805071;Västra Göteborg, Beryllg.-Guldringen;C;44;31
2010;rd;14805071;Västra Göteborg, Beryllg.-Guldringen;L;122;118
2010;rd;14805071;Västra Göteborg, Beryllg.-Guldringen;KD;113;142
2010;rd;14805071;Västra Göteborg, Beryllg.-Guldringen;S;442;474
2010;rd;14805071;Västra Göteborg, Beryllg.-Guldringen;V;100;95
2010;rd;14805071;Västra Göteborg, Beryllg.-Guldringen;MP;112;96
2010;rd;14805071;Västra Göteborg, Beryllg.-Guldringen;SD;232;118
2010;rd;14805071;Västra Göteborg, Beryllg.-Guldringen;FI;45;6
2010;rd;14805071;Västra Göteborg, Beryllg.-Guldringen;PP;6;16
2010;rd;14805071;Västra Göteborg, Beryllg.-Guldringen;KLP;1;1
2010;rd;14805071;Västra Göteborg, Beryllg.-Guldringen;SPI;0;1
2010;rd;14805071;Västra Göteborg, Beryllg.-Guldringen;SKP;0;1
2010;rd;14805071;Västra Göteborg, Beryllg.-Guldringen;HANDSKRIVNA;2;1
2010;rd;14805071;Västra Göteborg, Beryllg.-Guldringen;ÖVRIGA_FGVAL;0;2
2010;rd;14805071;Västra Göteborg, Beryllg.-Guldringen;GILTIGA;1514;1471
2010;rd;14805071;Västra Göteborg, Beryllg.-Guldringen;BLANK;21;26
2010;rd;14805071;Västra Göteborg, Beryllg.-Guldringen;OG;0;3
2010;rd;14805071;Västra Göteborg, Beryllg.-Guldringen;SUMMA_RÖSTER;1535;1500
2010;rd;14805071;Västra Göteborg, Beryllg.-Guldringen;RÖSTBERÄTTIGADE;1820;1793
2010;rd;14805081;Västra Göteborg, Tynnered;M;219;350
2010;rd;14805081;Västra Göteborg, Tynnered;C;33;28
2010;rd;14805081;Västra Göteborg, Tynnered;L;144;98
2010;rd;14805081;Västra Göteborg, Tynnered;KD;96;158
2010;rd;14805081;Västra Göteborg, Tynnered;S;481;541
2010;rd;14805081;Västra Göteborg, Tynnered;V;116;98
2010;rd;14805081;Västra Göteborg, Tynnered;MP;82;118
2010;rd;14805081;Västra Göteborg, Tynnered;SD;244;115
2010;rd;14805081;Västra Göteborg, Tynnered;FI;52;7
2010;rd;14805081;Västra Göteborg, Tynnered;PP;13;15
2010;rd;14805081;Västra Göteborg, Tynnered;RS;1;1
2010;rd;14805081;Västra Göteborg, Tynnered;SKP;1;1
2010;rd;14805081;Västra Göteborg, Tynnered;HANDSKRIVNA;2;3
2010;rd;14805081;Västra Göteborg, Tynnered;GILTIGA;1499;1533
2010;rd;14805081;Västra Göteborg, Tynnered;BLANK;11;16
2010;rd;14805081;Västra Göteborg, Tynnered;OG;0;3
2010;rd;14805081;Västra Göteborg, Tynnered;SUMMA_RÖSTER;1510;1552
2010;rd;14805081;Västra Göteborg, Tynnered;RÖSTBERÄTTIGADE;1948;1963
2010;rd;14805101;Askim-Frölunda-Högsbo, Flatås, V;M;207;324
2010;rd;14805101;Askim-Frölunda-Högsbo, Flatås, V;C;48;36
2010;rd;14805101;Askim-Frölunda-Högsbo, Flatås, V;L;98;131
2010;rd;14805101;Askim-Frölunda-Högsbo, Flatås, V;KD;56;76
2010;rd;14805101;Askim-Frölunda-Högsbo, Flatås, V;S;366;324
2010;rd;14805101;Askim-Frölunda-Högsbo, Flatås, V;V;99;91
2010;rd;14805101;Askim-Frölunda-Högsbo, Flatås, V;MP;132;121
2010;rd;14805101;Askim-Frölunda-Högsbo, Flatås, V;SD;167;73
2010;rd;14805101;Askim-Frölunda-Högsbo, Flatås, V;FI;57;10
2010;rd;14805101;Askim-Frölunda-Högsbo, Flatås, V;PP;4;13
2010;rd;14805101;Askim-Frölunda-Högsbo, Flatås, V;ENH;1;1
2010;rd;14805101;Askim-Frölunda-Högsbo, Flatås, V;RS;0;1
2010;rd;14805101;Askim-Frölunda-Högsbo, Flatås, V;HANDSKRIVNA;1;0
2010;rd;14805101;Askim-Frölunda-Högsbo, Flatås, V;GILTIGA;1240;1201
2010;rd;14805101;Askim-Frölunda-Högsbo, Flatås, V;BLANK;13;20
2010;rd;14805101;Askim-Frölunda-Högsbo, Flatås, V;OG;0;1
2010;rd;14805101;Askim-Frölunda-Högsbo, Flatås, V;SUMMA_RÖSTER;1253;1222
2010;rd;14805101;Askim-Frölunda-Högsbo, Flatås, V;RÖSTBERÄTTIGADE;1519;1489
2010;rd;14805111;Askim-Frölunda-Högsbo, Högsbohöjd, N;M;115;193
2010;rd;14805111;Askim-Frölunda-Högsbo, Högsbohöjd, N;C;28;21
2010;rd;14805111;Askim-Frölunda-Högsbo, Högsbohöjd, N;L;45;66
2010;rd;14805111;Askim-Frölunda-Högsbo, Högsbohöjd, N;KD;32;34
2010;rd;14805111;Askim-Frölunda-Högsbo, Högsbohöjd, N;S;269;335
2010;rd;14805111;Askim-Frölunda-Högsbo, Högsbohöjd, N;V;155;185
2010;rd;14805111;Askim-Frölunda-Högsbo, Högsbohöjd, N;MP;122;175
2010;rd;14805111;Askim-Frölunda-Högsbo, Högsbohöjd, N;SD;105;69
2010;rd;14805111;Askim-Frölunda-Högsbo, Högsbohöjd, N;FI;127;18
2010;rd;14805111;Askim-Frölunda-Högsbo, Högsbohöjd, N;PP;6;20
2010;rd;14805111;Askim-Frölunda-Högsbo, Högsbohöjd, N;KLP;1;1
2010;rd;14805111;Askim-Frölunda-Högsbo, Högsbohöjd, N;SKP;1;1
2010;rd;14805111;Askim-Frölunda-Högsbo, Högsbohöjd, N;SVP;0;1
2010;rd;14805111;Askim-Frölunda-Högsbo, Högsbohöjd, N;HANDSKRIVNA;0;2
2010;rd;14805111;Askim-Frölunda-Högsbo, Högsbohöjd, N;ÖVRIGA_FGVAL;0;2
2010;rd;14805111;Askim-Frölunda-Högsbo, Högsbohöjd, N;GILTIGA;1010;1123
2010;rd;14805111;Askim-Frölunda-Högsbo, Högsbohöjd, N;BLANK;14;14
2010;rd;14805111;Askim-Frölunda-Högsbo, Högsbohöjd, N;OG;0;0
2010;rd;14805111;Askim-Frölunda-Högsbo, Högsbohöjd, N;SUMMA_RÖSTER;1024;1137
2010;rd;14805111;Askim-Frölunda-Högsbo, Högsbohöjd, N;RÖSTBERÄTTIGADE;1290;1404
2010;rd;14805112;Askim-Frölunda-Högsbo, Högsbohöjd, S;M;142;227
2010;rd;14805112;Askim-Frölunda-Högsbo, Högsbohöjd, S;C;35;44
2010;rd;14805112;Askim-Frölunda-Högsbo, Högsbohöjd, S;L;68;99
2010;rd;14805112;Askim-Frölunda-Högsbo, Högsbohöjd, S;KD;50;63
2010;rd;14805112;Askim-Frölunda-Högsbo, Högsbohöjd, S;S;322;328
2010;rd;14805112;Askim-Frölunda-Högsbo, Högsbohöjd, S;V;170;156
2010;rd;14805112;Askim-Frölunda-Högsbo, Högsbohöjd, S;MP;136;156
2010;rd;14805112;Askim-Frölunda-Högsbo, Högsbohöjd, S;SD;113;53
2010;rd;14805112;Askim-Frölunda-Högsbo, Högsbohöjd, S;FI;122;15
2010;rd;14805112;Askim-Frölunda-Högsbo, Högsbohöjd, S;PP;7;12
2010;rd;14805112;Askim-Frölunda-Högsbo, Högsbohöjd, S;ÖVRIGA_FGVAL;0;1
2010;rd;14805112;Askim-Frölunda-Högsbo, Högsbohöjd, S;GILTIGA;1172;1154
2010;rd;14805112;Askim-Frölunda-Högsbo, Högsbohöjd, S;BLANK;10;17
2010;rd;14805112;Askim-Frölunda-Högsbo, Högsbohöjd, S;OG;1;0
2010;rd;14805112;Askim-Frölunda-Högsbo, Högsbohöjd, S;SUMMA_RÖSTER;1183;1171
2010;rd;14805112;Askim-Frölunda-Högsbo, Högsbohöjd, S;RÖSTBERÄTTIGADE;1464;1444
2010;rd;14805121;Askim-Frölunda-Högsbo, Högsbo;M;101;138
2010;rd;14805121;Askim-Frölunda-Högsbo, Högsbo;C;12;15
2010;rd;14805121;Askim-Frölunda-Högsbo, Högsbo;L;38;62
2010;rd;14805121;Askim-Frölunda-Högsbo, Högsbo;KD;31;37
2010;rd;14805121;Askim-Frölunda-Högsbo, Högsbo;S;332;352
2010;rd;14805121;Askim-Frölunda-Högsbo, Högsbo;V;162;148
2010;rd;14805121;Askim-Frölunda-Högsbo, Högsbo;MP;100;126
2010;rd;14805121;Askim-Frölunda-Högsbo, Högsbo;SD;125;84
2010;rd;14805121;Askim-Frölunda-Högsbo, Högsbo;FI;77;14
2010;rd;14805121;Askim-Frölunda-Högsbo, Högsbo;PP;6;10
2010;rd;14805121;Askim-Frölunda-Högsbo, Högsbo;SVP;5;1
2010;rd;14805121;Askim-Frölunda-Högsbo, Högsbo;RS;0;2
2010;rd;14805121;Askim-Frölunda-Högsbo, Högsbo;SKP;0;1
2010;rd;14805121;Askim-Frölunda-Högsbo, Högsbo;HANDSKRIVNA;1;1
2010;rd;14805121;Askim-Frölunda-Högsbo, Högsbo;ÖVRIGA_FGVAL;0;2
2010;rd;14805121;Askim-Frölunda-Högsbo, Högsbo;GILTIGA;1004;993
2010;rd;14805121;Askim-Frölunda-Högsbo, Högsbo;BLANK;12;6
2010;rd;14805121;Askim-Frölunda-Högsbo, Högsbo;OG;0;0
2010;rd;14805121;Askim-Frölunda-Högsbo, Högsbo;SUMMA_RÖSTER;1016;999
2010;rd;14805121;Askim-Frölunda-Högsbo, Högsbo;RÖSTBERÄTTIGADE;1420;1320
2010;rd;14805122;Askim-Frölunda-Högsbo, Högsbotorp, V;M;166;224
2010;rd;14805122;Askim-Frölunda-Högsbo, Högsbotorp, V;C;35;45
2010;rd;14805122;Askim-Frölunda-Högsbo, Högsbotorp, V;L;69;79
2010;rd;14805122;Askim-Frölunda-Högsbo, Högsbotorp, V;KD;27;44
2010;rd;14805122;Askim-Frölunda-Högsbo, Högsbotorp, V;S;275;279
2010;rd;14805122;Askim-Frölunda-Högsbo, Högsbotorp, V;V;202;153
2010;rd;14805122;Askim-Frölunda-Högsbo, Högsbotorp, V;MP;167;180
2010;rd;14805122;Askim-Frölunda-Högsbo, Högsbotorp, V;SD;112;72
2010;rd;14805122;Askim-Frölunda-Högsbo, Högsbotorp, V;FI;116;17
2010;rd;14805122;Askim-Frölunda-Högsbo, Högsbotorp, V;PP;3;12
2010;rd;14805122;Askim-Frölunda-Högsbo, Högsbotorp, V;RS;0;3
2010;rd;14805122;Askim-Frölunda-Högsbo, Högsbotorp, V;SKP;0;1
2010;rd;14805122;Askim-Frölunda-Högsbo, Högsbotorp, V;HANDSKRIVNA;0;1
2010;rd;14805122;Askim-Frölunda-Högsbo, Högsbotorp, V;ÖVRIGA_FGVAL;0;2
2010;rd;14805122;Askim-Frölunda-Högsbo, Högsbotorp, V;GILTIGA;1180;1112
2010;rd;14805122;Askim-Frölunda-Högsbo, Högsbotorp, V;BLANK;12;14
2010;rd;14805122;Askim-Frölunda-Högsbo, Högsbotorp, V;OG;0;0
2010;rd;14805122;Askim-Frölunda-Högsbo, Högsbotorp, V;SUMMA_RÖSTER;1192;1126
2010;rd;14805122;Askim-Frölunda-Högsbo, Högsbotorp, V;RÖSTBERÄTTIGADE;1425;1358
2010;rd;14805123;Askim-Frölunda-Högsbo, Högsbotorp, Ö;M;217;316
2010;rd;14805123;Askim-Frölunda-Högsbo, Högsbotorp, Ö;C;46;41
2010;rd;14805123;Askim-Frölunda-Högsbo, Högsbotorp, Ö;L;73;98
2010;rd;14805123;Askim-Frölunda-Högsbo, Högsbotorp, Ö;KD;50;58
2010;rd;14805123;Askim-Frölunda-Högsbo, Högsbotorp, Ö;S;291;263
2010;rd;14805123;Askim-Frölunda-Högsbo, Högsbotorp, Ö;V;102;110
2010;rd;14805123;Askim-Frölunda-Högsbo, Högsbotorp, Ö;MP;126;137
2010;rd;14805123;Askim-Frölunda-Högsbo, Högsbotorp, Ö;SD;112;57
2010;rd;14805123;Askim-Frölunda-Högsbo, Högsbotorp, Ö;FI;92;12
2010;rd;14805123;Askim-Frölunda-Högsbo, Högsbotorp, Ö;PP;9;11
2010;rd;14805123;Askim-Frölunda-Högsbo, Högsbotorp, Ö;HANDSKRIVNA;1;0
2010;rd;14805123;Askim-Frölunda-Högsbo, Högsbotorp, Ö;GILTIGA;1129;1103
2010;rd;14805123;Askim-Frölunda-Högsbo, Högsbotorp, Ö;BLANK;2;10
2010;rd;14805123;Askim-Frölunda-Högsbo, Högsbotorp, Ö;OG;1;0
2010;rd;14805123;Askim-Frölunda-Högsbo, Högsbotorp, Ö;SUMMA_RÖSTER;1132;1113
2010;rd;14805123;Askim-Frölunda-Högsbo, Högsbotorp, Ö;RÖSTBERÄTTIGADE;1351;1317
2010;rd;14805124;Askim-Frölunda-Högsbo, Marklandsg.;M;260;306
2010;rd;14805124;Askim-Frölunda-Högsbo, Marklandsg.;C;36;36
2010;rd;14805124;Askim-Frölunda-Högsbo, Marklandsg.;L;80;104
2010;rd;14805124;Askim-Frölunda-Högsbo, Marklandsg.;KD;52;69
2010;rd;14805124;Askim-Frölunda-Högsbo, Marklandsg.;S;318;293
2010;rd;14805124;Askim-Frölunda-Högsbo, Marklandsg.;V;148;115
2010;rd;14805124;Askim-Frölunda-Högsbo, Marklandsg.;MP;135;171
2010;rd;14805124;Askim-Frölunda-Högsbo, Marklandsg.;SD;127;48
2010;rd;14805124;Askim-Frölunda-Högsbo, Marklandsg.;FI;120;12
2010;rd;14805124;Askim-Frölunda-Högsbo, Marklandsg.;PP;13;14
2010;rd;14805124;Askim-Frölunda-Högsbo, Marklandsg.;SVP;1;1
2010;rd;14805124;Askim-Frölunda-Högsbo, Marklandsg.;KLP;0;1
2010;rd;14805124;Askim-Frölunda-Högsbo, Marklandsg.;RS;0;1
2010;rd;14805124;Askim-Frölunda-Högsbo, Marklandsg.;SPI;0;1
2010;rd;14805124;Askim-Frölunda-Högsbo, Marklandsg.;HANDSKRIVNA;1;3
2010;rd;14805124;Askim-Frölunda-Högsbo, Marklandsg.;GILTIGA;1301;1175
2010;rd;14805124;Askim-Frölunda-Högsbo, Marklandsg.;BLANK;10;3
2010;rd;14805124;Askim-Frölunda-Högsbo, Marklandsg.;OG;0;1
2010;rd;14805124;Askim-Frölunda-Högsbo, Marklandsg.;SUMMA_RÖSTER;1311;1179
2010;rd;14805124;Askim-Frölunda-Högsbo, Marklandsg.;RÖSTBERÄTTIGADE;1544;1501
2010;rd;14805131;Askim-Frölunda-Högsbo, Spinetten;M;93;116
2010;rd;14805131;Askim-Frölunda-Högsbo, Spinetten;C;7;7
2010;rd;14805131;Askim-Frölunda-Högsbo, Spinetten;L;35;49
2010;rd;14805131;Askim-Frölunda-Högsbo, Spinetten;KD;17;30
2010;rd;14805131;Askim-Frölunda-Högsbo, Spinetten;S;274;267
2010;rd;14805131;Askim-Frölunda-Högsbo, Spinetten;V;69;72
2010;rd;14805131;Askim-Frölunda-Högsbo, Spinetten;MP;37;46
2010;rd;14805131;Askim-Frölunda-Högsbo, Spinetten;SD;105;66
2010;rd;14805131;Askim-Frölunda-Högsbo, Spinetten;FI;26;2
2010;rd;14805131;Askim-Frölunda-Högsbo, Spinetten;PP;3;6
2010;rd;14805131;Askim-Frölunda-Högsbo, Spinetten;RS;1;1
2010;rd;14805131;Askim-Frölunda-Högsbo, Spinetten;HANDSKRIVNA;1;0
2010;rd;14805131;Askim-Frölunda-Högsbo, Spinetten;GILTIGA;680;662
2010;rd;14805131;Askim-Frölunda-Högsbo, Spinetten;BLANK;6;3
2010;rd;14805131;Askim-Frölunda-Högsbo, Spinetten;OG;0;0
2010;rd;14805131;Askim-Frölunda-Högsbo, Spinetten;SUMMA_RÖSTER;686;665
2010;rd;14805131;Askim-Frölunda-Högsbo, Spinetten;RÖSTBERÄTTIGADE;914;860
2010;rd;14805132;Askim-Frölunda-Högsbo, Tofta;M;167;179
2010;rd;14805132;Askim-Frölunda-Högsbo, Tofta;C;9;5
2010;rd;14805132;Askim-Frölunda-Högsbo, Tofta;L;51;46
2010;rd;14805132;Askim-Frölunda-Högsbo, Tofta;KD;57;53
2010;rd;14805132;Askim-Frölunda-Högsbo, Tofta;S;329;280
2010;rd;14805132;Askim-Frölunda-Högsbo, Tofta;V;97;87
2010;rd;14805132;Askim-Frölunda-Högsbo, Tofta;MP;88;48
2010;rd;14805132;Askim-Frölunda-Högsbo, Tofta;SD;169;74
2010;rd;14805132;Askim-Frölunda-Högsbo, Tofta;FI;36;3
2010;rd;14805132;Askim-Frölunda-Högsbo, Tofta;PP;6;4
2010;rd;14805132;Askim-Frölunda-Högsbo, Tofta;RS;1;1
2010;rd;14805132;Askim-Frölunda-Högsbo, Tofta;HANDSKRIVNA;0;2
2010;rd;14805132;Askim-Frölunda-Högsbo, Tofta;ÖVRIGA_FGVAL;0;1
2010;rd;14805132;Askim-Frölunda-Högsbo, Tofta;GILTIGA;1024;783
2010;rd;14805132;Askim-Frölunda-Högsbo, Tofta;BLANK;9;3
2010;rd;14805132;Askim-Frölunda-Högsbo, Tofta;OG;0;0
2010;rd;14805132;Askim-Frölunda-Högsbo, Tofta;SUMMA_RÖSTER;1033;786
2010;rd;14805132;Askim-Frölunda-Högsbo, Tofta;RÖSTBERÄTTIGADE;1328;1063
2010;rd;14805141;Askim-Frölunda-Högsbo, Ruddalen;M;287;379
2010;rd;14805141;Askim-Frölunda-Högsbo, Ruddalen;C;45;41
2010;rd;14805141;Askim-Frölunda-Högsbo, Ruddalen;L;89;114
2010;rd;14805141;Askim-Frölunda-Högsbo, Ruddalen;KD;86;109
2010;rd;14805141;Askim-Frölunda-Högsbo, Ruddalen;S;447;460
2010;rd;14805141;Askim-Frölunda-Högsbo, Ruddalen;V;104;95
2010;rd;14805141;Askim-Frölunda-Högsbo, Ruddalen;MP;126;91
2010;rd;14805141;Askim-Frölunda-Högsbo, Ruddalen;SD;213;115
2010;rd;14805141;Askim-Frölunda-Högsbo, Ruddalen;FI;44;5
2010;rd;14805141;Askim-Frölunda-Högsbo, Ruddalen;PP;11;7
2010;rd;14805141;Askim-Frölunda-Högsbo, Ruddalen;SKP;2;1
2010;rd;14805141;Askim-Frölunda-Högsbo, Ruddalen;HANDSKRIVNA;3;0
2010;rd;14805141;Askim-Frölunda-Högsbo, Ruddalen;GILTIGA;1470;1417
2010;rd;14805141;Askim-Frölunda-Högsbo, Ruddalen;BLANK;5;12
2010;rd;14805141;Askim-Frölunda-Högsbo, Ruddalen;OG;0;1
2010;rd;14805141;Askim-Frölunda-Högsbo, Ruddalen;SUMMA_RÖSTER;1475;1430
2010;rd;14805141;Askim-Frölunda-Högsbo, Ruddalen;RÖSTBERÄTTIGADE;1848;1872
2010;rd;14805151;Askim-Frölunda-Högsbo, Järnbrott, V;M;318;290
2010;rd;14805151;Askim-Frölunda-Högsbo, Järnbrott, V;C;28;34
2010;rd;14805151;Askim-Frölunda-Högsbo, Järnbrott, V;L;101;102
2010;rd;14805151;Askim-Frölunda-Högsbo, Järnbrott, V;KD;68;71
2010;rd;14805151;Askim-Frölunda-Högsbo, Järnbrott, V;S;395;340
2010;rd;14805151;Askim-Frölunda-Högsbo, Järnbrott, V;V;154;96
2010;rd;14805151;Askim-Frölunda-Högsbo, Järnbrott, V;MP;138;95
2010;rd;14805151;Askim-Frölunda-Högsbo, Järnbrott, V;SD;189;84
2010;rd;14805151;Askim-Frölunda-Högsbo, Järnbrott, V;FI;82;11
2010;rd;14805151;Askim-Frölunda-Högsbo, Järnbrott, V;PP;4;14
2010;rd;14805151;Askim-Frölunda-Högsbo, Järnbrott, V;HANDSKRIVNA;2;0
2010;rd;14805151;Askim-Frölunda-Högsbo, Järnbrott, V;GILTIGA;1500;1137
2010;rd;14805151;Askim-Frölunda-Högsbo, Järnbrott, V;BLANK;9;15
2010;rd;14805151;Askim-Frölunda-Högsbo, Järnbrott, V;OG;0;1
2010;rd;14805151;Askim-Frölunda-Högsbo, Järnbrott, V;SUMMA_RÖSTER;1509;1153
2010;rd;14805151;Askim-Frölunda-Högsbo, Järnbrott, V;RÖSTBERÄTTIGADE;1769;1372
2010;rd;14805152;Askim-Frölunda-Högsbo, Järnbrott, Ö;M;188;269
2010;rd;14805152;Askim-Frölunda-Högsbo, Järnbrott, Ö;C;25;20
2010;rd;14805152;Askim-Frölunda-Högsbo, Järnbrott, Ö;L;62;88
2010;rd;14805152;Askim-Frölunda-Högsbo, Järnbrott, Ö;KD;34;47
2010;rd;14805152;Askim-Frölunda-Högsbo, Järnbrott, Ö;S;326;383
2010;rd;14805152;Askim-Frölunda-Högsbo, Järnbrott, Ö;V;102;90
2010;rd;14805152;Askim-Frölunda-Högsbo, Järnbrott, Ö;MP;100;88
2010;rd;14805152;Askim-Frölunda-Högsbo, Järnbrott, Ö;SD;176;80
2010;rd;14805152;Askim-Frölunda-Högsbo, Järnbrott, Ö;FI;46;9
2010;rd;14805152;Askim-Frölunda-Högsbo, Järnbrott, Ö;PP;3;13
2010;rd;14805152;Askim-Frölunda-Högsbo, Järnbrott, Ö;ENH;1;1
2010;rd;14805152;Askim-Frölunda-Högsbo, Järnbrott, Ö;SKP;0;1
2010;rd;14805152;Askim-Frölunda-Högsbo, Järnbrott, Ö;HANDSKRIVNA;2;0
2010;rd;14805152;Askim-Frölunda-Högsbo, Järnbrott, Ö;GILTIGA;1078;1089
2010;rd;14805152;Askim-Frölunda-Högsbo, Järnbrott, Ö;BLANK;10;9
2010;rd;14805152;Askim-Frölunda-Högsbo, Järnbrott, Ö;OG;0;0
2010;rd;14805152;Askim-Frölunda-Högsbo, Järnbrott, Ö;SUMMA_RÖSTER;1088;1098
2010;rd;14805152;Askim-Frölunda-Högsbo, Järnbrott, Ö;RÖSTBERÄTTIGADE;1350;1344
2010;rd;14805161;Askim-Frölunda-Högsbo, Flatås, Ö;M;193;251
2010;rd;14805161;Askim-Frölunda-Högsbo, Flatås, Ö;C;16;22
2010;rd;14805161;Askim-Frölunda-Högsbo, Flatås, Ö;L;65;74
2010;rd;14805161;Askim-Frölunda-Högsbo, Flatås, Ö;KD;27;32
2010;rd;14805161;Askim-Frölunda-Högsbo, Flatås, Ö;S;295;310
2010;rd;14805161;Askim-Frölunda-Högsbo, Flatås, Ö;V;89;69
2010;rd;14805161;Askim-Frölunda-Högsbo, Flatås, Ö;MP;74;97
2010;rd;14805161;Askim-Frölunda-Högsbo, Flatås, Ö;SD;139;68
2010;rd;14805161;Askim-Frölunda-Högsbo, Flatås, Ö;FI;60;6
2010;rd;14805161;Askim-Frölunda-Högsbo, Flatås, Ö;PP;6;9
2010;rd;14805161;Askim-Frölunda-Högsbo, Flatås, Ö;KLP;0;1
2010;rd;14805161;Askim-Frölunda-Högsbo, Flatås, Ö;SKP;0;1
2010;rd;14805161;Askim-Frölunda-Högsbo, Flatås, Ö;HANDSKRIVNA;1;2
2010;rd;14805161;Askim-Frölunda-Högsbo, Flatås, Ö;ÖVRIGA_FGVAL;0;1
2010;rd;14805161;Askim-Frölunda-Högsbo, Flatås, Ö;GILTIGA;969;943
2010;rd;14805161;Askim-Frölunda-Högsbo, Flatås, Ö;BLANK;13;23
2010;rd;14805161;Askim-Frölunda-Högsbo, Flatås, Ö;OG;0;0
2010;rd;14805161;Askim-Frölunda-Högsbo, Flatås, Ö;SUMMA_RÖSTER;982;966
2010;rd;14805161;Askim-Frölunda-Högsbo, Flatås, Ö;RÖSTBERÄTTIGADE;1243;1230
2010;rd;14805172;Askim-Frölunda-Högsbo, Frölunda Torg;M;115;129
2010;rd;14805172;Askim-Frölunda-Högsbo, Frölunda Torg;C;12;7
2010;rd;14805172;Askim-Frölunda-Högsbo, Frölunda Torg;L;36;28
2010;rd;14805172;Askim-Frölunda-Högsbo, Frölunda Torg;KD;27;18
2010;rd;14805172;Askim-Frölunda-Högsbo, Frölunda Torg;S;373;393
2010;rd;14805172;Askim-Frölunda-Högsbo, Frölunda Torg;V;66;60
2010;rd;14805172;Askim-Frölunda-Högsbo, Frölunda Torg;MP;44;49
2010;rd;14805172;Askim-Frölunda-Högsbo, Frölunda Torg;SD;76;57
2010;rd;14805172;Askim-Frölunda-Högsbo, Frölunda Torg;FI;30;3
2010;rd;14805172;Askim-Frölunda-Högsbo, Frölunda Torg;PP;7;7
2010;rd;14805172;Askim-Frölunda-Högsbo, Frölunda Torg;ENH;1;1
2010;rd;14805172;Askim-Frölunda-Högsbo, Frölunda Torg;RS;0;5
2010;rd;14805172;Askim-Frölunda-Högsbo, Frölunda Torg;GILTIGA;795;757
2010;rd;14805172;Askim-Frölunda-Högsbo, Frölunda Torg;BLANK;8;1
2010;rd;14805172;Askim-Frölunda-Högsbo, Frölunda Torg;OG;0;0
2010;rd;14805172;Askim-Frölunda-Högsbo, Frölunda Torg;SUMMA_RÖSTER;803;758
2010;rd;14805172;Askim-Frölunda-Högsbo, Frölunda Torg;RÖSTBERÄTTIGADE;1266;1123
2010;rd;14805174;Askim-Frölunda-Högsbo, Mandolingatan;M;96;131
2010;rd;14805174;Askim-Frölunda-Högsbo, Mandolingatan;C;9;20
2010;rd;14805174;Askim-Frölunda-Högsbo, Mandolingatan;L;31;45
2010;rd;14805174;Askim-Frölunda-Högsbo, Mandolingatan;KD;27;32
2010;rd;14805174;Askim-Frölunda-Högsbo, Mandolingatan;S;314;342
2010;rd;14805174;Askim-Frölunda-Högsbo, Mandolingatan;V;76;52
2010;rd;14805174;Askim-Frölunda-Högsbo, Mandolingatan;MP;52;61
2010;rd;14805174;Askim-Frölunda-Högsbo, Mandolingatan;SD;147;74
2010;rd;14805174;Askim-Frölunda-Högsbo, Mandolingatan;FI;25;4
2010;rd;14805174;Askim-Frölunda-Högsbo, Mandolingatan;PP;2;3
2010;rd;14805174;Askim-Frölunda-Högsbo, Mandolingatan;SKP;0;2
2010;rd;14805174;Askim-Frölunda-Högsbo, Mandolingatan;GILTIGA;789;766
2010;rd;14805174;Askim-Frölunda-Högsbo, Mandolingatan;BLANK;8;10
2010;rd;14805174;Askim-Frölunda-Högsbo, Mandolingatan;OG;0;1
2010;rd;14805174;Askim-Frölunda-Högsbo, Mandolingatan;SUMMA_RÖSTER;797;777
2010;rd;14805174;Askim-Frölunda-Högsbo, Mandolingatan;RÖSTBERÄTTIGADE;1043;980
2010;rd;14805181;Västra Göteborg, Korsåsen;M;209;227
2010;rd;14805181;Västra Göteborg, Korsåsen;C;24;20
2010;rd;14805181;Västra Göteborg, Korsåsen;L;80;69
2010;rd;14805181;Västra Göteborg, Korsåsen;KD;67;70
2010;rd;14805181;Västra Göteborg, Korsåsen;S;383;407
2010;rd;14805181;Västra Göteborg, Korsåsen;V;89;58
2010;rd;14805181;Västra Göteborg, Korsåsen;MP;67;66
2010;rd;14805181;Västra Göteborg, Korsåsen;SD;121;57
2010;rd;14805181;Västra Göteborg, Korsåsen;FI;24;8
2010;rd;14805181;Västra Göteborg, Korsåsen;PP;5;1
2010;rd;14805181;Västra Göteborg, Korsåsen;GILTIGA;1077;983
2010;rd;14805181;Västra Göteborg, Korsåsen;BLANK;4;6
2010;rd;14805181;Västra Göteborg, Korsåsen;OG;2;0
2010;rd;14805181;Västra Göteborg, Korsåsen;SUMMA_RÖSTER;1083;989
2010;rd;14805181;Västra Göteborg, Korsåsen;RÖSTBERÄTTIGADE;1441;1290
2010;rd;14805182;Västra Göteborg, Ängås;M;102;154
2010;rd;14805182;Västra Göteborg, Ängås;C;12;11
2010;rd;14805182;Västra Göteborg, Ängås;L;51;33
2010;rd;14805182;Västra Göteborg, Ängås;KD;28;34
2010;rd;14805182;Västra Göteborg, Ängås;S;385;430
2010;rd;14805182;Västra Göteborg, Ängås;V;105;95
2010;rd;14805182;Västra Göteborg, Ängås;MP;64;76
2010;rd;14805182;Västra Göteborg, Ängås;SD;86;58
2010;rd;14805182;Västra Göteborg, Ängås;FI;23;4
2010;rd;14805182;Västra Göteborg, Ängås;PP;7;11
2010;rd;14805182;Västra Göteborg, Ängås;RS;1;1
2010;rd;14805182;Västra Göteborg, Ängås;ÖVRIGA_FGVAL;0;2
2010;rd;14805182;Västra Göteborg, Ängås;GILTIGA;868;909
2010;rd;14805182;Västra Göteborg, Ängås;BLANK;11;8
2010;rd;14805182;Västra Göteborg, Ängås;OG;1;1
2010;rd;14805182;Västra Göteborg, Ängås;SUMMA_RÖSTER;880;918
2010;rd;14805182;Västra Göteborg, Ängås;RÖSTBERÄTTIGADE;1320;1280
2010;rd;14805191;Västra Göteborg, Önnered, Västra;M;453;493
2010;rd;14805191;Västra Göteborg, Önnered, Västra;C;49;33
2010;rd;14805191;Västra Göteborg, Önnered, Västra;L;123;115
2010;rd;14805191;Västra Göteborg, Önnered, Västra;KD;267;307
2010;rd;14805191;Västra Göteborg, Önnered, Västra;S;139;148
2010;rd;14805191;Västra Göteborg, Önnered, Västra;V;24;22
2010;rd;14805191;Västra Göteborg, Önnered, Västra;MP;63;36
2010;rd;14805191;Västra Göteborg, Önnered, Västra;SD;94;41
2010;rd;14805191;Västra Göteborg, Önnered, Västra;FI;25;2
2010;rd;14805191;Västra Göteborg, Önnered, Västra;PP;3;1
2010;rd;14805191;Västra Göteborg, Önnered, Västra;GILTIGA;1242;1198
2010;rd;14805191;Västra Göteborg, Önnered, Västra;BLANK;5;4
2010;rd;14805191;Västra Göteborg, Önnered, Västra;OG;0;0
2010;rd;14805191;Västra Göteborg, Önnered, Västra;SUMMA_RÖSTER;1247;1202
2010;rd;14805191;Västra Göteborg, Önnered, Västra;RÖSTBERÄTTIGADE;1403;1339
2010;rd;14805192;Västra Göteborg, Önnered, Östra;M;447;520
2010;rd;14805192;Västra Göteborg, Önnered, Östra;C;74;50
2010;rd;14805192;Västra Göteborg, Önnered, Östra;L;150;133
2010;rd;14805192;Västra Göteborg, Önnered, Östra;KD;123;169
2010;rd;14805192;Västra Göteborg, Önnered, Östra;S;258;266
2010;rd;14805192;Västra Göteborg, Önnered, Östra;V;70;64
2010;rd;14805192;Västra Göteborg, Önnered, Östra;MP;105;82
2010;rd;14805192;Västra Göteborg, Önnered, Östra;SD;103;35
2010;rd;14805192;Västra Göteborg, Önnered, Östra;FI;45;5
2010;rd;14805192;Västra Göteborg, Önnered, Östra;PP;4;4
2010;rd;14805192;Västra Göteborg, Önnered, Östra;KLP;0;1
2010;rd;14805192;Västra Göteborg, Önnered, Östra;HANDSKRIVNA;0;1
2010;rd;14805192;Västra Göteborg, Önnered, Östra;GILTIGA;1382;1330
2010;rd;14805192;Västra Göteborg, Önnered, Östra;BLANK;5;14
2010;rd;14805192;Västra Göteborg, Önnered, Östra;OG;0;0
2010;rd;14805192;Västra Göteborg, Önnered, Östra;SUMMA_RÖSTER;1387;1344
2010;rd;14805192;Västra Göteborg, Önnered, Östra;RÖSTBERÄTTIGADE;1514;1492
2010;rd;14805201;Västra Göteborg, Grevegården;M;85;160
2010;rd;14805201;Västra Göteborg, Grevegården;C;9;17
2010;rd;14805201;Västra Göteborg, Grevegården;L;38;48
2010;rd;14805201;Västra Göteborg, Grevegården;KD;27;29
2010;rd;14805201;Västra Göteborg, Grevegården;S;381;375
2010;rd;14805201;Västra Göteborg, Grevegården;V;72;83
2010;rd;14805201;Västra Göteborg, Grevegården;MP;68;92
2010;rd;14805201;Västra Göteborg, Grevegården;SD;111;66
2010;rd;14805201;Västra Göteborg, Grevegården;FI;29;8
2010;rd;14805201;Västra Göteborg, Grevegården;PP;11;6
2010;rd;14805201;Västra Göteborg, Grevegården;SKP;0;1
2010;rd;14805201;Västra Göteborg, Grevegården;HANDSKRIVNA;2;0
2010;rd;14805201;Västra Göteborg, Grevegården;ÖVRIGA_FGVAL;0;2
2010;rd;14805201;Västra Göteborg, Grevegården;GILTIGA;848;887
2010;rd;14805201;Västra Göteborg, Grevegården;BLANK;11;10
2010;rd;14805201;Västra Göteborg, Grevegården;OG;1;2
2010;rd;14805201;Västra Göteborg, Grevegården;SUMMA_RÖSTER;860;899
2010;rd;14805201;Västra Göteborg, Grevegården;RÖSTBERÄTTIGADE;1217;1194
2010;rd;14805202;Västra Göteborg, Skattegården;M;113;165
2010;rd;14805202;Västra Göteborg, Skattegården;C;11;10
2010;rd;14805202;Västra Göteborg, Skattegården;L;88;39
2010;rd;14805202;Västra Göteborg, Skattegården;KD;48;68
2010;rd;14805202;Västra Göteborg, Skattegården;S;486;610
2010;rd;14805202;Västra Göteborg, Skattegården;V;86;63
2010;rd;14805202;Västra Göteborg, Skattegården;MP;49;46
2010;rd;14805202;Västra Göteborg, Skattegården;SD;87;34
2010;rd;14805202;Västra Göteborg, Skattegården;FI;24;1
2010;rd;14805202;Västra Göteborg, Skattegården;PP;2;3
2010;rd;14805202;Västra Göteborg, Skattegården;RS;1;3
2010;rd;14805202;Västra Göteborg, Skattegården;HANDSKRIVNA;0;1
2010;rd;14805202;Västra Göteborg, Skattegården;GILTIGA;1000;1043
2010;rd;14805202;Västra Göteborg, Skattegården;BLANK;2;10
2010;rd;14805202;Västra Göteborg, Skattegården;OG;0;0
2010;rd;14805202;Västra Göteborg, Skattegården;SUMMA_RÖSTER;1002;1053
2010;rd;14805202;Västra Göteborg, Skattegården;RÖSTBERÄTTIGADE;1468;1542
2010;rd;14805211;Västra Göteborg, Näset, Norra;M;703;769
2010;rd;14805211;Västra Göteborg, Näset, Norra;C;71;63
2010;rd;14805211;Västra Göteborg, Näset, Norra;L;171;196
2010;rd;14805211;Västra Göteborg, Näset, Norra;KD;144;177
2010;rd;14805211;Västra Göteborg, Näset, Norra;S;162;156
2010;rd;14805211;Västra Göteborg, Näset, Norra;V;24;29
2010;rd;14805211;Västra Göteborg, Näset, Norra;MP;70;74
2010;rd;14805211;Västra Göteborg, Näset, Norra;SD;117;33
2010;rd;14805211;Västra Göteborg, Näset, Norra;FI;26;3
2010;rd;14805211;Västra Göteborg, Näset, Norra;PP;3;3
2010;rd;14805211;Västra Göteborg, Näset, Norra;GILTIGA;1499;1503
2010;rd;14805211;Västra Göteborg, Näset, Norra;BLANK;8;10
2010;rd;14805211;Västra Göteborg, Näset, Norra;OG;0;0
2010;rd;14805211;Västra Göteborg, Näset, Norra;SUMMA_RÖSTER;1507;1513
2010;rd;14805211;Västra Göteborg, Näset, Norra;RÖSTBERÄTTIGADE;1676;1652
2010;rd;14805212;Västra Göteborg, Näset, Södra;M;630;657
2010;rd;14805212;Västra Göteborg, Näset, Södra;C;68;60
2010;rd;14805212;Västra Göteborg, Näset, Södra;L;133;144
2010;rd;14805212;Västra Göteborg, Näset, Södra;KD;100;154
2010;rd;14805212;Västra Göteborg, Näset, Södra;S;94;75
2010;rd;14805212;Västra Göteborg, Näset, Södra;V;14;14
2010;rd;14805212;Västra Göteborg, Näset, Södra;MP;57;52
2010;rd;14805212;Västra Göteborg, Näset, Södra;SD;82;29
2010;rd;14805212;Västra Göteborg, Näset, Södra;FI;26;5
2010;rd;14805212;Västra Göteborg, Näset, Södra;PP;2;4
2010;rd;14805212;Västra Göteborg, Näset, Södra;HANDSKRIVNA;1;0
2010;rd;14805212;Västra Göteborg, Näset, Södra;GILTIGA;1214;1194
2010;rd;14805212;Västra Göteborg, Näset, Södra;BLANK;5;15
2010;rd;14805212;Västra Göteborg, Näset, Södra;OG;0;0
2010;rd;14805212;Västra Göteborg, Näset, Södra;SUMMA_RÖSTER;1219;1209
2010;rd;14805212;Västra Göteborg, Näset, Södra;RÖSTBERÄTTIGADE;1386;1355
2010;rd;14805213;Västra Göteborg, Åkered;M;548;658
2010;rd;14805213;Västra Göteborg, Åkered;C;60;71
2010;rd;14805213;Västra Göteborg, Åkered;L;163;173
2010;rd;14805213;Västra Göteborg, Åkered;KD;131;141
2010;rd;14805213;Västra Göteborg, Åkered;S;157;143
2010;rd;14805213;Västra Göteborg, Åkered;V;32;21
2010;rd;14805213;Västra Göteborg, Åkered;MP;71;56
2010;rd;14805213;Västra Göteborg, Åkered;SD;101;43
2010;rd;14805213;Västra Göteborg, Åkered;FI;33;2
2010;rd;14805213;Västra Göteborg, Åkered;PP;3;3
2010;rd;14805213;Västra Göteborg, Åkered;GILTIGA;1307;1311
2010;rd;14805213;Västra Göteborg, Åkered;BLANK;6;9
2010;rd;14805213;Västra Göteborg, Åkered;OG;0;1
2010;rd;14805213;Västra Göteborg, Åkered;SUMMA_RÖSTER;1313;1321
2010;rd;14805213;Västra Göteborg, Åkered;RÖSTBERÄTTIGADE;1465;1467
2010;rd;14805221;Västra Göteborg, Opaltorget, Norra;M;116;161
2010;rd;14805221;Västra Göteborg, Opaltorget, Norra;C;16;20
2010;rd;14805221;Västra Göteborg, Opaltorget, Norra;L;52;48
2010;rd;14805221;Västra Göteborg, Opaltorget, Norra;KD;38;53
2010;rd;14805221;Västra Göteborg, Opaltorget, Norra;S;377;442
2010;rd;14805221;Västra Göteborg, Opaltorget, Norra;V;112;88
2010;rd;14805221;Västra Göteborg, Opaltorget, Norra;MP;58;89
2010;rd;14805221;Västra Göteborg, Opaltorget, Norra;SD;164;102
2010;rd;14805221;Västra Göteborg, Opaltorget, Norra;FI;34;5
2010;rd;14805221;Västra Göteborg, Opaltorget, Norra;PP;9;11
2010;rd;14805221;Västra Göteborg, Opaltorget, Norra;ÖVRIGA_FGVAL;0;1
2010;rd;14805221;Västra Göteborg, Opaltorget, Norra;GILTIGA;992;1020
2010;rd;14805221;Västra Göteborg, Opaltorget, Norra;BLANK;13;15
2010;rd;14805221;Västra Göteborg, Opaltorget, Norra;OG;0;0
2010;rd;14805221;Västra Göteborg, Opaltorget, Norra;SUMMA_RÖSTER;1005;1035
2010;rd;14805221;Västra Göteborg, Opaltorget, Norra;RÖSTBERÄTTIGADE;1298;1326
2010;rd;14805222;Västra Göteborg, Opaltorget, Södra;M;189;201
2010;rd;14805222;Västra Göteborg, Opaltorget, Södra;C;21;19
2010;rd;14805222;Västra Göteborg, Opaltorget, Södra;L;59;73
2010;rd;14805222;Västra Göteborg, Opaltorget, Södra;KD;64;81
2010;rd;14805222;Västra Göteborg, Opaltorget, Södra;S;208;219
2010;rd;14805222;Västra Göteborg, Opaltorget, Södra;V;58;45
2010;rd;14805222;Västra Göteborg, Opaltorget, Södra;MP;61;51
2010;rd;14805222;Västra Göteborg, Opaltorget, Södra;SD;80;55
2010;rd;14805222;Västra Göteborg, Opaltorget, Södra;PP;4;5
2010;rd;14805222;Västra Göteborg, Opaltorget, Södra;KLP;0;1
2010;rd;14805222;Västra Göteborg, Opaltorget, Södra;GILTIGA;777;750
2010;rd;14805222;Västra Göteborg, Opaltorget, Södra;BLANK;8;9
2010;rd;14805222;Västra Göteborg, Opaltorget, Södra;OG;0;0
2010;rd;14805222;Västra Göteborg, Opaltorget, Södra;SUMMA_RÖSTER;785;759
2010;rd;14805222;Västra Göteborg, Opaltorget, Södra;RÖSTBERÄTTIGADE;935;926
2010;rd;14805231;Askim-Frölunda-Högsbo, Askim;M;445;509
2010;rd;14805231;Askim-Frölunda-Högsbo, Askim;C;57;35
2010;rd;14805231;Askim-Frölunda-Högsbo, Askim;L;120;101
2010;rd;14805231;Askim-Frölunda-Högsbo, Askim;KD;85;78
2010;rd;14805231;Askim-Frölunda-Högsbo, Askim;S;123;103
2010;rd;14805231;Askim-Frölunda-Högsbo, Askim;V;30;16
2010;rd;14805231;Askim-Frölunda-Högsbo, Askim;MP;61;37
2010;rd;14805231;Askim-Frölunda-Högsbo, Askim;SD;111;36
2010;rd;14805231;Askim-Frölunda-Högsbo, Askim;FI;22;4
2010;rd;14805231;Askim-Frölunda-Högsbo, Askim;PP;3;5
2010;rd;14805231;Askim-Frölunda-Högsbo, Askim;KLP;0;1
2010;rd;14805231;Askim-Frölunda-Högsbo, Askim;GILTIGA;1065;925
2010;rd;14805231;Askim-Frölunda-Högsbo, Askim;BLANK;5;4
2010;rd;14805231;Askim-Frölunda-Högsbo, Askim;OG;1;0
2010;rd;14805231;Askim-Frölunda-Högsbo, Askim;SUMMA_RÖSTER;1071;929
2010;rd;14805231;Askim-Frölunda-Högsbo, Askim;RÖSTBERÄTTIGADE;1334;1056
2010;rd;14805232;Askim-Frölunda-Högsbo, Hovås, Norra;M;415;456
2010;rd;14805232;Askim-Frölunda-Högsbo, Hovås, Norra;C;63;58
2010;rd;14805232;Askim-Frölunda-Högsbo, Hovås, Norra;L;104;109
2010;rd;14805232;Askim-Frölunda-Högsbo, Hovås, Norra;KD;73;94
2010;rd;14805232;Askim-Frölunda-Högsbo, Hovås, Norra;S;110;91
2010;rd;14805232;Askim-Frölunda-Högsbo, Hovås, Norra;V;33;30
2010;rd;14805232;Askim-Frölunda-Högsbo, Hovås, Norra;MP;53;38
2010;rd;14805232;Askim-Frölunda-Högsbo, Hovås, Norra;SD;71;24
2010;rd;14805232;Askim-Frölunda-Högsbo, Hovås, Norra;PP;0;12
2010;rd;14805232;Askim-Frölunda-Högsbo, Hovås, Norra;HANDSKRIVNA;0;1
2010;rd;14805232;Askim-Frölunda-Högsbo, Hovås, Norra;GILTIGA;945;913
2010;rd;14805232;Askim-Frölunda-Högsbo, Hovås, Norra;BLANK;4;4
2010;rd;14805232;Askim-Frölunda-Högsbo, Hovås, Norra;OG;0;0
2010;rd;14805232;Askim-Frölunda-Högsbo, Hovås, Norra;SUMMA_RÖSTER;949;917
2010;rd;14805232;Askim-Frölunda-Högsbo, Hovås, Norra;RÖSTBERÄTTIGADE;1089;1079
2010;rd;14805233;Askim-Frölunda-Högsbo, Hult;M;480;597
2010;rd;14805233;Askim-Frölunda-Högsbo, Hult;C;65;55
2010;rd;14805233;Askim-Frölunda-Högsbo, Hult;L;132;143
2010;rd;14805233;Askim-Frölunda-Högsbo, Hult;KD;95;117
2010;rd;14805233;Askim-Frölunda-Högsbo, Hult;S;119;94
2010;rd;14805233;Askim-Frölunda-Högsbo, Hult;V;22;16
2010;rd;14805233;Askim-Frölunda-Högsbo, Hult;MP;72;44
2010;rd;14805233;Askim-Frölunda-Högsbo, Hult;SD;97;48
2010;rd;14805233;Askim-Frölunda-Högsbo, Hult;FI;15;1
2010;rd;14805233;Askim-Frölunda-Högsbo, Hult;PP;4;4
2010;rd;14805233;Askim-Frölunda-Högsbo, Hult;SKP;0;1
2010;rd;14805233;Askim-Frölunda-Högsbo, Hult;HANDSKRIVNA;1;0
2010;rd;14805233;Askim-Frölunda-Högsbo, Hult;GILTIGA;1111;1120
2010;rd;14805233;Askim-Frölunda-Högsbo, Hult;BLANK;11;10
2010;rd;14805233;Askim-Frölunda-Högsbo, Hult;OG;0;0
2010;rd;14805233;Askim-Frölunda-Högsbo, Hult;SUMMA_RÖSTER;1122;1130
2010;rd;14805233;Askim-Frölunda-Högsbo, Hult;RÖSTBERÄTTIGADE;1216;1351
2010;rd;14805234;Askim-Frölunda-Högsbo, Pilegården;M;176;303
2010;rd;14805234;Askim-Frölunda-Högsbo, Pilegården;C;22;20
2010;rd;14805234;Askim-Frölunda-Högsbo, Pilegården;L;40;59
2010;rd;14805234;Askim-Frölunda-Högsbo, Pilegården;KD;26;48
2010;rd;14805234;Askim-Frölunda-Högsbo, Pilegården;S;301;292
2010;rd;14805234;Askim-Frölunda-Högsbo, Pilegården;V;81;52
2010;rd;14805234;Askim-Frölunda-Högsbo, Pilegården;MP;78;90
2010;rd;14805234;Askim-Frölunda-Högsbo, Pilegården;SD;173;83
2010;rd;14805234;Askim-Frölunda-Högsbo, Pilegården;FI;32;1
2010;rd;14805234;Askim-Frölunda-Högsbo, Pilegården;PP;8;8
2010;rd;14805234;Askim-Frölunda-Högsbo, Pilegården;ÖVRIGA_FGVAL;0;1
2010;rd;14805234;Askim-Frölunda-Högsbo, Pilegården;GILTIGA;951;957
2010;rd;14805234;Askim-Frölunda-Högsbo, Pilegården;BLANK;12;12
2010;rd;14805234;Askim-Frölunda-Högsbo, Pilegården;OG;0;0
2010;rd;14805234;Askim-Frölunda-Högsbo, Pilegården;SUMMA_RÖSTER;963;969
2010;rd;14805234;Askim-Frölunda-Högsbo, Pilegården;RÖSTBERÄTTIGADE;1204;1183
2010;rd;14805235;Askim-Frölunda-Högsbo, Sisjön, Norra;M;414;543
2010;rd;14805235;Askim-Frölunda-Högsbo, Sisjön, Norra;C;62;68
2010;rd;14805235;Askim-Frölunda-Högsbo, Sisjön, Norra;L;135;130
2010;rd;14805235;Askim-Frölunda-Högsbo, Sisjön, Norra;KD;69;104
2010;rd;14805235;Askim-Frölunda-Högsbo, Sisjön, Norra;S;207;212
2010;rd;14805235;Askim-Frölunda-Högsbo, Sisjön, Norra;V;78;59
2010;rd;14805235;Askim-Frölunda-Högsbo, Sisjön, Norra;MP;86;71
2010;rd;14805235;Askim-Frölunda-Högsbo, Sisjön, Norra;SD;147;77
2010;rd;14805235;Askim-Frölunda-Högsbo, Sisjön, Norra;FI;24;4
2010;rd;14805235;Askim-Frölunda-Högsbo, Sisjön, Norra;PP;5;8
2010;rd;14805235;Askim-Frölunda-Högsbo, Sisjön, Norra;KLP;0;1
2010;rd;14805235;Askim-Frölunda-Högsbo, Sisjön, Norra;HANDSKRIVNA;0;1
2010;rd;14805235;Askim-Frölunda-Högsbo, Sisjön, Norra;GILTIGA;1237;1278
2010;rd;14805235;Askim-Frölunda-Högsbo, Sisjön, Norra;BLANK;11;8
2010;rd;14805235;Askim-Frölunda-Högsbo, Sisjön, Norra;OG;2;0
2010;rd;14805235;Askim-Frölunda-Högsbo, Sisjön, Norra;SUMMA_RÖSTER;1250;1286
2010;rd;14805235;Askim-Frölunda-Högsbo, Sisjön, Norra;RÖSTBERÄTTIGADE;1490;1495
2010;rd;14805236;Askim-Frölunda-Högsbo, Sisjön, Södra;M;595;687
2010;rd;14805236;Askim-Frölunda-Högsbo, Sisjön, Södra;C;88;82
2010;rd;14805236;Askim-Frölunda-Högsbo, Sisjön, Södra;L;147;182
2010;rd;14805236;Askim-Frölunda-Högsbo, Sisjön, Södra;KD;109;127
2010;rd;14805236;Askim-Frölunda-Högsbo, Sisjön, Södra;S;133;127
2010;rd;14805236;Askim-Frölunda-Högsbo, Sisjön, Södra;V;36;21
2010;rd;14805236;Askim-Frölunda-Högsbo, Sisjön, Södra;MP;108;75
2010;rd;14805236;Askim-Frölunda-Högsbo, Sisjön, Södra;SD;108;39
2010;rd;14805236;Askim-Frölunda-Högsbo, Sisjön, Södra;FI;27;3
2010;rd;14805236;Askim-Frölunda-Högsbo, Sisjön, Södra;PP;6;6
2010;rd;14805236;Askim-Frölunda-Högsbo, Sisjön, Södra;GILTIGA;1363;1349
2010;rd;14805236;Askim-Frölunda-Högsbo, Sisjön, Södra;BLANK;8;7
2010;rd;14805236;Askim-Frölunda-Högsbo, Sisjön, Södra;OG;0;0
2010;rd;14805236;Askim-Frölunda-Högsbo, Sisjön, Södra;SUMMA_RÖSTER;1371;1356
2010;rd;14805236;Askim-Frölunda-Högsbo, Sisjön, Södra;RÖSTBERÄTTIGADE;1482;1456
2010;rd;14805241;Askim-Frölunda-Högsbo, Hovås, Södra;M;562;549
2010;rd;14805241;Askim-Frölunda-Högsbo, Hovås, Södra;C;40;52
2010;rd;14805241;Askim-Frölunda-Högsbo, Hovås, Södra;L;129;90
2010;rd;14805241;Askim-Frölunda-Högsbo, Hovås, Södra;KD;70;128
2010;rd;14805241;Askim-Frölunda-Högsbo, Hovås, Södra;S;21;8
2010;rd;14805241;Askim-Frölunda-Högsbo, Hovås, Södra;V;5;2
2010;rd;14805241;Askim-Frölunda-Högsbo, Hovås, Södra;MP;17;13
2010;rd;14805241;Askim-Frölunda-Högsbo, Hovås, Södra;SD;55;14
2010;rd;14805241;Askim-Frölunda-Högsbo, Hovås, Södra;FI;4;2
2010;rd;14805241;Askim-Frölunda-Högsbo, Hovås, Södra;PP;5;1
2010;rd;14805241;Askim-Frölunda-Högsbo, Hovås, Södra;GILTIGA;909;859
2010;rd;14805241;Askim-Frölunda-Högsbo, Hovås, Södra;BLANK;1;3
2010;rd;14805241;Askim-Frölunda-Högsbo, Hovås, Södra;OG;0;0
2010;rd;14805241;Askim-Frölunda-Högsbo, Hovås, Södra;SUMMA_RÖSTER;910;862
2010;rd;14805241;Askim-Frölunda-Högsbo, Hovås, Södra;RÖSTBERÄTTIGADE;1061;1006
2010;rd;14805242;Askim-Frölunda-Högsbo, Trollåsen;M;664;743
2010;rd;14805242;Askim-Frölunda-Högsbo, Trollåsen;C;73;84
2010;rd;14805242;Askim-Frölunda-Högsbo, Trollåsen;L;152;116
2010;rd;14805242;Askim-Frölunda-Högsbo, Trollåsen;KD;105;93
2010;rd;14805242;Askim-Frölunda-Högsbo, Trollåsen;S;51;36
2010;rd;14805242;Askim-Frölunda-Högsbo, Trollåsen;V;11;20
2010;rd;14805242;Askim-Frölunda-Högsbo, Trollåsen;MP;35;34
2010;rd;14805242;Askim-Frölunda-Högsbo, Trollåsen;SD;72;18
2010;rd;14805242;Askim-Frölunda-Högsbo, Trollåsen;FI;20;4
2010;rd;14805242;Askim-Frölunda-Högsbo, Trollåsen;HANDSKRIVNA;1;0
2010;rd;14805242;Askim-Frölunda-Högsbo, Trollåsen;GILTIGA;1189;1148
2010;rd;14805242;Askim-Frölunda-Högsbo, Trollåsen;BLANK;1;2
2010;rd;14805242;Askim-Frölunda-Högsbo, Trollåsen;OG;1;0
2010;rd;14805242;Askim-Frölunda-Högsbo, Trollåsen;SUMMA_RÖSTER;1191;1150
2010;rd;14805242;Askim-Frölunda-Högsbo, Trollåsen;RÖSTBERÄTTIGADE;1360;1294
2010;rd;14805252;Askim-Frölunda-Högsbo, Brottkärr;M;499;484
2010;rd;14805252;Askim-Frölunda-Högsbo, Brottkärr;C;60;57
2010;rd;14805252;Askim-Frölunda-Högsbo, Brottkärr;L;94;79
2010;rd;14805252;Askim-Frölunda-Högsbo, Brottkärr;KD;72;79
2010;rd;14805252;Askim-Frölunda-Högsbo, Brottkärr;S;18;22
2010;rd;14805252;Askim-Frölunda-Högsbo, Brottkärr;V;3;3
2010;rd;14805252;Askim-Frölunda-Högsbo, Brottkärr;MP;31;9
2010;rd;14805252;Askim-Frölunda-Högsbo, Brottkärr;SD;52;15
2010;rd;14805252;Askim-Frölunda-Högsbo, Brottkärr;FI;13;1
2010;rd;14805252;Askim-Frölunda-Högsbo, Brottkärr;PP;2;1
2010;rd;14805252;Askim-Frölunda-Högsbo, Brottkärr;GILTIGA;848;750
2010;rd;14805252;Askim-Frölunda-Högsbo, Brottkärr;BLANK;0;0
2010;rd;14805252;Askim-Frölunda-Högsbo, Brottkärr;OG;1;0
2010;rd;14805252;Askim-Frölunda-Högsbo, Brottkärr;SUMMA_RÖSTER;849;750
2010;rd;14805252;Askim-Frölunda-Högsbo, Brottkärr;RÖSTBERÄTTIGADE;946;833
2010;rd;14805254;Askim-Frölunda-Högsbo, Lyckhem;M;530;599
2010;rd;14805254;Askim-Frölunda-Högsbo, Lyckhem;C;63;45
2010;rd;14805254;Askim-Frölunda-Högsbo, Lyckhem;L;131;120
2010;rd;14805254;Askim-Frölunda-Högsbo, Lyckhem;KD;80;98
2010;rd;14805254;Askim-Frölunda-Högsbo, Lyckhem;S;88;99
2010;rd;14805254;Askim-Frölunda-Högsbo, Lyckhem;V;20;14
2010;rd;14805254;Askim-Frölunda-Högsbo, Lyckhem;MP;48;37
2010;rd;14805254;Askim-Frölunda-Högsbo, Lyckhem;SD;85;35
2010;rd;14805254;Askim-Frölunda-Högsbo, Lyckhem;FI;14;1
2010;rd;14805254;Askim-Frölunda-Högsbo, Lyckhem;PP;3;2
2010;rd;14805254;Askim-Frölunda-Högsbo, Lyckhem;HANDSKRIVNA;1;0
2010;rd;14805254;Askim-Frölunda-Högsbo, Lyckhem;GILTIGA;1066;1050
2010;rd;14805254;Askim-Frölunda-Högsbo, Lyckhem;BLANK;6;6
2010;rd;14805254;Askim-Frölunda-Högsbo, Lyckhem;OG;1;0
2010;rd;14805254;Askim-Frölunda-Högsbo, Lyckhem;SUMMA_RÖSTER;1073;1056
2010;rd;14805254;Askim-Frölunda-Högsbo, Lyckhem;RÖSTBERÄTTIGADE;1169;1184
2010;rd;14805255;Askim-Frölunda-Högsbo, Nygård;M;514;574
2010;rd;14805255;Askim-Frölunda-Högsbo, Nygård;C;58;63
2010;rd;14805255;Askim-Frölunda-Högsbo, Nygård;L;114;125
2010;rd;14805255;Askim-Frölunda-Högsbo, Nygård;KD;95;119
2010;rd;14805255;Askim-Frölunda-Högsbo, Nygård;S;116;93
2010;rd;14805255;Askim-Frölunda-Högsbo, Nygård;V;22;16
2010;rd;14805255;Askim-Frölunda-Högsbo, Nygård;MP;77;63
2010;rd;14805255;Askim-Frölunda-Högsbo, Nygård;SD;87;31
2010;rd;14805255;Askim-Frölunda-Högsbo, Nygård;FI;28;5
2010;rd;14805255;Askim-Frölunda-Högsbo, Nygård;PP;1;4
2010;rd;14805255;Askim-Frölunda-Högsbo, Nygård;RS;0;1
2010;rd;14805255;Askim-Frölunda-Högsbo, Nygård;GILTIGA;1112;1094
2010;rd;14805255;Askim-Frölunda-Högsbo, Nygård;BLANK;6;2
2010;rd;14805255;Askim-Frölunda-Högsbo, Nygård;OG;0;0
2010;rd;14805255;Askim-Frölunda-Högsbo, Nygård;SUMMA_RÖSTER;1118;1096
2010;rd;14805255;Askim-Frölunda-Högsbo, Nygård;RÖSTBERÄTTIGADE;1245;1216
2010;rd;14805256;Askim-Frölunda-Högsbo, Skintebo;M;392;510
2010;rd;14805256;Askim-Frölunda-Högsbo, Skintebo;C;74;53
2010;rd;14805256;Askim-Frölunda-Högsbo, Skintebo;L;140;146
2010;rd;14805256;Askim-Frölunda-Högsbo, Skintebo;KD;61;78
2010;rd;14805256;Askim-Frölunda-Högsbo, Skintebo;S;155;137
2010;rd;14805256;Askim-Frölunda-Högsbo, Skintebo;V;44;32
2010;rd;14805256;Askim-Frölunda-Högsbo, Skintebo;MP;99;78
2010;rd;14805256;Askim-Frölunda-Högsbo, Skintebo;SD;80;39
2010;rd;14805256;Askim-Frölunda-Högsbo, Skintebo;FI;32;4
2010;rd;14805256;Askim-Frölunda-Högsbo, Skintebo;PP;4;2
2010;rd;14805256;Askim-Frölunda-Högsbo, Skintebo;KLP;0;1
2010;rd;14805256;Askim-Frölunda-Högsbo, Skintebo;HANDSKRIVNA;0;1
2010;rd;14805256;Askim-Frölunda-Högsbo, Skintebo;GILTIGA;1085;1081
2010;rd;14805256;Askim-Frölunda-Högsbo, Skintebo;BLANK;4;4
2010;rd;14805256;Askim-Frölunda-Högsbo, Skintebo;OG;0;0
2010;rd;14805256;Askim-Frölunda-Högsbo, Skintebo;SUMMA_RÖSTER;1089;1085
2010;rd;14805256;Askim-Frölunda-Högsbo, Skintebo;RÖSTBERÄTTIGADE;1211;1192
2010;rd;14806011;Angered, Lövgärdet, Nedre;M;100;138
2010;rd;14806011;Angered, Lövgärdet, Nedre;C;6;6
2010;rd;14806011;Angered, Lövgärdet, Nedre;L;27;30
2010;rd;14806011;Angered, Lövgärdet, Nedre;KD;18;26
2010;rd;14806011;Angered, Lövgärdet, Nedre;S;621;631
2010;rd;14806011;Angered, Lövgärdet, Nedre;V;143;121
2010;rd;14806011;Angered, Lövgärdet, Nedre;MP;53;67
2010;rd;14806011;Angered, Lövgärdet, Nedre;SD;112;72
2010;rd;14806011;Angered, Lövgärdet, Nedre;RS;9;6
2010;rd;14806011;Angered, Lövgärdet, Nedre;PP;7;9
2010;rd;14806011;Angered, Lövgärdet, Nedre;ÖVRIGA_FGVAL;0;1
2010;rd;14806011;Angered, Lövgärdet, Nedre;GILTIGA;1113;1107
2010;rd;14806011;Angered, Lövgärdet, Nedre;BLANK;8;8
2010;rd;14806011;Angered, Lövgärdet, Nedre;OG;1;2
2010;rd;14806011;Angered, Lövgärdet, Nedre;SUMMA_RÖSTER;1122;1117
2010;rd;14806011;Angered, Lövgärdet, Nedre;RÖSTBERÄTTIGADE;1952;1691
2010;rd;14806012;Angered, Lövgärdet, Övre;M;44;75
2010;rd;14806012;Angered, Lövgärdet, Övre;C;4;5
2010;rd;14806012;Angered, Lövgärdet, Övre;L;15;18
2010;rd;14806012;Angered, Lövgärdet, Övre;KD;5;13
2010;rd;14806012;Angered, Lövgärdet, Övre;S;525;604
2010;rd;14806012;Angered, Lövgärdet, Övre;V;104;105
2010;rd;14806012;Angered, Lövgärdet, Övre;MP;36;41
2010;rd;14806012;Angered, Lövgärdet, Övre;SD;72;40
2010;rd;14806012;Angered, Lövgärdet, Övre;FI;11;1
2010;rd;14806012;Angered, Lövgärdet, Övre;PP;7;10
2010;rd;14806012;Angered, Lövgärdet, Övre;RS;6;8
2010;rd;14806012;Angered, Lövgärdet, Övre;LBPO;0;1
2010;rd;14806012;Angered, Lövgärdet, Övre;HANDSKRIVNA;1;0
2010;rd;14806012;Angered, Lövgärdet, Övre;GILTIGA;832;921
2010;rd;14806012;Angered, Lövgärdet, Övre;BLANK;5;5
2010;rd;14806012;Angered, Lövgärdet, Övre;OG;0;4
2010;rd;14806012;Angered, Lövgärdet, Övre;SUMMA_RÖSTER;837;930
2010;rd;14806012;Angered, Lövgärdet, Övre;RÖSTBERÄTTIGADE;1470;1391
2010;rd;14806013;Angered, Lövgärdets Centrum;M;61;70
2010;rd;14806013;Angered, Lövgärdets Centrum;C;2;1
2010;rd;14806013;Angered, Lövgärdets Centrum;L;15;23
2010;rd;14806013;Angered, Lövgärdets Centrum;KD;5;19
2010;rd;14806013;Angered, Lövgärdets Centrum;S;350;336
2010;rd;14806013;Angered, Lövgärdets Centrum;V;68;83
2010;rd;14806013;Angered, Lövgärdets Centrum;MP;29;26
2010;rd;14806013;Angered, Lövgärdets Centrum;SD;79;63
2010;rd;14806013;Angered, Lövgärdets Centrum;FI;11;1
2010;rd;14806013;Angered, Lövgärdets Centrum;RS;2;1
2010;rd;14806013;Angered, Lövgärdets Centrum;PP;1;9
2010;rd;14806013;Angered, Lövgärdets Centrum;ÖVRIGA_FGVAL;0;2
2010;rd;14806013;Angered, Lövgärdets Centrum;GILTIGA;625;634
2010;rd;14806013;Angered, Lövgärdets Centrum;BLANK;5;4
2010;rd;14806013;Angered, Lövgärdets Centrum;OG;1;0
2010;rd;14806013;Angered, Lövgärdets Centrum;SUMMA_RÖSTER;631;638
2010;rd;14806013;Angered, Lövgärdets Centrum;RÖSTBERÄTTIGADE;1051;1026
2010;rd;14806021;Angered, Rannebergen, Norra;M;167;252
2010;rd;14806021;Angered, Rannebergen, Norra;C;21;20
2010;rd;14806021;Angered, Rannebergen, Norra;L;45;74
2010;rd;14806021;Angered, Rannebergen, Norra;KD;40;52
2010;rd;14806021;Angered, Rannebergen, Norra;S;410;498
2010;rd;14806021;Angered, Rannebergen, Norra;V;145;135
2010;rd;14806021;Angered, Rannebergen, Norra;MP;85;91
2010;rd;14806021;Angered, Rannebergen, Norra;SD;164;84
2010;rd;14806021;Angered, Rannebergen, Norra;FI;50;6
2010;rd;14806021;Angered, Rannebergen, Norra;RS;5;3
2010;rd;14806021;Angered, Rannebergen, Norra;PP;4;8
2010;rd;14806021;Angered, Rannebergen, Norra;HANDSKRIVNA;2;1
2010;rd;14806021;Angered, Rannebergen, Norra;GILTIGA;1152;1224
2010;rd;14806021;Angered, Rannebergen, Norra;BLANK;9;14
2010;rd;14806021;Angered, Rannebergen, Norra;OG;0;0
2010;rd;14806021;Angered, Rannebergen, Norra;SUMMA_RÖSTER;1161;1238
2010;rd;14806021;Angered, Rannebergen, Norra;RÖSTBERÄTTIGADE;1581;1586
2010;rd;14806022;Angered, Rannebergen, Södra;M;58;118
2010;rd;14806022;Angered, Rannebergen, Södra;C;8;7
2010;rd;14806022;Angered, Rannebergen, Södra;L;17;32
2010;rd;14806022;Angered, Rannebergen, Södra;KD;16;28
2010;rd;14806022;Angered, Rannebergen, Södra;S;417;436
2010;rd;14806022;Angered, Rannebergen, Södra;V;117;104
2010;rd;14806022;Angered, Rannebergen, Södra;MP;38;60
2010;rd;14806022;Angered, Rannebergen, Södra;SD;175;135
2010;rd;14806022;Angered, Rannebergen, Södra;FI;16;3
2010;rd;14806022;Angered, Rannebergen, Södra;RS;8;6
2010;rd;14806022;Angered, Rannebergen, Södra;PP;4;13
2010;rd;14806022;Angered, Rannebergen, Södra;HANDSKRIVNA;1;1
2010;rd;14806022;Angered, Rannebergen, Södra;GILTIGA;884;943
2010;rd;14806022;Angered, Rannebergen, Södra;BLANK;10;11
2010;rd;14806022;Angered, Rannebergen, Södra;OG;0;0
2010;rd;14806022;Angered, Rannebergen, Södra;SUMMA_RÖSTER;894;954
2010;rd;14806022;Angered, Rannebergen, Södra;RÖSTBERÄTTIGADE;1376;1389
2010;rd;14806031;Angered, Gårdsten, Norra;M;43;78
2010;rd;14806031;Angered, Gårdsten, Norra;C;3;7
2010;rd;14806031;Angered, Gårdsten, Norra;L;15;18
2010;rd;14806031;Angered, Gårdsten, Norra;KD;16;17
2010;rd;14806031;Angered, Gårdsten, Norra;S;414;538
2010;rd;14806031;Angered, Gårdsten, Norra;V;73;62
2010;rd;14806031;Angered, Gårdsten, Norra;MP;45;48
2010;rd;14806031;Angered, Gårdsten, Norra;SD;56;45
2010;rd;14806031;Angered, Gårdsten, Norra;FI;7;4
2010;rd;14806031;Angered, Gårdsten, Norra;RS;6;1
2010;rd;14806031;Angered, Gårdsten, Norra;PP;2;5
2010;rd;14806031;Angered, Gårdsten, Norra;HANDSKRIVNA;1;0
2010;rd;14806031;Angered, Gårdsten, Norra;GILTIGA;686;823
2010;rd;14806031;Angered, Gårdsten, Norra;BLANK;0;3
2010;rd;14806031;Angered, Gårdsten, Norra;OG;0;0
2010;rd;14806031;Angered, Gårdsten, Norra;SUMMA_RÖSTER;686;826
2010;rd;14806031;Angered, Gårdsten, Norra;RÖSTBERÄTTIGADE;1293;1376
2010;rd;14806032;Angered, Gårdsten, Södra;M;34;62
2010;rd;14806032;Angered, Gårdsten, Södra;C;3;5
2010;rd;14806032;Angered, Gårdsten, Södra;L;12;10
2010;rd;14806032;Angered, Gårdsten, Södra;KD;8;11
2010;rd;14806032;Angered, Gårdsten, Södra;S;254;293
2010;rd;14806032;Angered, Gårdsten, Södra;V;50;55
2010;rd;14806032;Angered, Gårdsten, Södra;MP;39;19
2010;rd;14806032;Angered, Gårdsten, Södra;SD;32;19
2010;rd;14806032;Angered, Gårdsten, Södra;RS;10;1
2010;rd;14806032;Angered, Gårdsten, Södra;PP;4;2
2010;rd;14806032;Angered, Gårdsten, Södra;HANDSKRIVNA;1;0
2010;rd;14806032;Angered, Gårdsten, Södra;GILTIGA;456;477
2010;rd;14806032;Angered, Gårdsten, Södra;BLANK;4;3
2010;rd;14806032;Angered, Gårdsten, Södra;OG;0;0
2010;rd;14806032;Angered, Gårdsten, Södra;SUMMA_RÖSTER;460;480
2010;rd;14806032;Angered, Gårdsten, Södra;RÖSTBERÄTTIGADE;831;894
2010;rd;14806033;Angered, Gårdsten, Västra;M;41;61
2010;rd;14806033;Angered, Gårdsten, Västra;C;6;3
2010;rd;14806033;Angered, Gårdsten, Västra;L;17;11
2010;rd;14806033;Angered, Gårdsten, Västra;KD;9;12
2010;rd;14806033;Angered, Gårdsten, Västra;S;234;298
2010;rd;14806033;Angered, Gårdsten, Västra;V;57;44
2010;rd;14806033;Angered, Gårdsten, Västra;MP;39;25
2010;rd;14806033;Angered, Gårdsten, Västra;SD;66;47
2010;rd;14806033;Angered, Gårdsten, Västra;PP;5;3
2010;rd;14806033;Angered, Gårdsten, Västra;RS;4;1
2010;rd;14806033;Angered, Gårdsten, Västra;ÖVRIGA_FGVAL;0;2
2010;rd;14806033;Angered, Gårdsten, Västra;GILTIGA;491;507
2010;rd;14806033;Angered, Gårdsten, Västra;BLANK;6;3
2010;rd;14806033;Angered, Gårdsten, Västra;OG;0;1
2010;rd;14806033;Angered, Gårdsten, Västra;SUMMA_RÖSTER;497;511
2010;rd;14806033;Angered, Gårdsten, Västra;RÖSTBERÄTTIGADE;961;903
2010;rd;14806034;Angered, Gårdsten, Östra;M;75;90
2010;rd;14806034;Angered, Gårdsten, Östra;C;4;4
2010;rd;14806034;Angered, Gårdsten, Östra;L;27;37
2010;rd;14806034;Angered, Gårdsten, Östra;KD;20;34
2010;rd;14806034;Angered, Gårdsten, Östra;S;399;448
2010;rd;14806034;Angered, Gårdsten, Östra;V;70;62
2010;rd;14806034;Angered, Gårdsten, Östra;MP;50;35
2010;rd;14806034;Angered, Gårdsten, Östra;SD;60;47
2010;rd;14806034;Angered, Gårdsten, Östra;FI;15;2
2010;rd;14806034;Angered, Gårdsten, Östra;RS;8;2
2010;rd;14806034;Angered, Gårdsten, Östra;PP;6;9
2010;rd;14806034;Angered, Gårdsten, Östra;ENH;0;1
2010;rd;14806034;Angered, Gårdsten, Östra;HANDSKRIVNA;1;0
2010;rd;14806034;Angered, Gårdsten, Östra;GILTIGA;737;771
2010;rd;14806034;Angered, Gårdsten, Östra;BLANK;2;10
2010;rd;14806034;Angered, Gårdsten, Östra;OG;0;2
2010;rd;14806034;Angered, Gårdsten, Östra;SUMMA_RÖSTER;739;783
2010;rd;14806034;Angered, Gårdsten, Östra;RÖSTBERÄTTIGADE;1240;1251
2010;rd;14806041;Angered, Angereds Centrum;M;88;131
2010;rd;14806041;Angered, Angereds Centrum;C;16;5
2010;rd;14806041;Angered, Angereds Centrum;L;25;40
2010;rd;14806041;Angered, Angereds Centrum;KD;31;65
2010;rd;14806041;Angered, Angereds Centrum;S;539;541
2010;rd;14806041;Angered, Angereds Centrum;V;130;110
2010;rd;14806041;Angered, Angereds Centrum;MP;80;51
2010;rd;14806041;Angered, Angereds Centrum;SD;75;47
2010;rd;14806041;Angered, Angereds Centrum;FI;29;7
2010;rd;14806041;Angered, Angereds Centrum;PP;4;8
2010;rd;14806041;Angered, Angereds Centrum;RS;4;3
2010;rd;14806041;Angered, Angereds Centrum;HANDSKRIVNA;0;1
2010;rd;14806041;Angered, Angereds Centrum;GILTIGA;1041;1009
2010;rd;14806041;Angered, Angereds Centrum;BLANK;6;8
2010;rd;14806041;Angered, Angereds Centrum;OG;1;0
2010;rd;14806041;Angered, Angereds Centrum;SUMMA_RÖSTER;1048;1017
2010;rd;14806041;Angered, Angereds Centrum;RÖSTBERÄTTIGADE;1455;1372
2010;rd;14806042;Angered, Trägårdsgärdet;M;85;129
2010;rd;14806042;Angered, Trägårdsgärdet;C;9;11
2010;rd;14806042;Angered, Trägårdsgärdet;L;27;30
2010;rd;14806042;Angered, Trägårdsgärdet;KD;26;49
2010;rd;14806042;Angered, Trägårdsgärdet;S;390;408
2010;rd;14806042;Angered, Trägårdsgärdet;V;105;84
2010;rd;14806042;Angered, Trägårdsgärdet;MP;58;62
2010;rd;14806042;Angered, Trägårdsgärdet;SD;70;33
2010;rd;14806042;Angered, Trägårdsgärdet;FI;19;2
2010;rd;14806042;Angered, Trägårdsgärdet;RS;5;2
2010;rd;14806042;Angered, Trägårdsgärdet;PP;4;1
2010;rd;14806042;Angered, Trägårdsgärdet;HANDSKRIVNA;1;0
2010;rd;14806042;Angered, Trägårdsgärdet;ÖVRIGA_FGVAL;0;2
2010;rd;14806042;Angered, Trägårdsgärdet;GILTIGA;803;813
2010;rd;14806042;Angered, Trägårdsgärdet;BLANK;5;6
2010;rd;14806042;Angered, Trägårdsgärdet;OG;1;0
2010;rd;14806042;Angered, Trägårdsgärdet;SUMMA_RÖSTER;809;819
2010;rd;14806042;Angered, Trägårdsgärdet;RÖSTBERÄTTIGADE;1151;1144
2010;rd;14806051;Angered, Agnesberg;M;99;131
2010;rd;14806051;Angered, Agnesberg;C;10;14
2010;rd;14806051;Angered, Agnesberg;L;18;28
2010;rd;14806051;Angered, Agnesberg;KD;21;30
2010;rd;14806051;Angered, Agnesberg;S;160;168
2010;rd;14806051;Angered, Agnesberg;V;46;37
2010;rd;14806051;Angered, Agnesberg;MP;38;45
2010;rd;14806051;Angered, Agnesberg;SD;63;40
2010;rd;14806051;Angered, Agnesberg;FI;27;1
2010;rd;14806051;Angered, Agnesberg;PP;4;10
2010;rd;14806051;Angered, Agnesberg;RS;2;3
2010;rd;14806051;Angered, Agnesberg;GILTIGA;493;507
2010;rd;14806051;Angered, Agnesberg;BLANK;6;7
2010;rd;14806051;Angered, Agnesberg;OG;0;0
2010;rd;14806051;Angered, Agnesberg;SUMMA_RÖSTER;499;514
2010;rd;14806051;Angered, Agnesberg;RÖSTBERÄTTIGADE;698;797
2010;rd;14806061;Angered, Hammarkullen, Västra;M;77;116
2010;rd;14806061;Angered, Hammarkullen, Västra;C;9;3
2010;rd;14806061;Angered, Hammarkullen, Västra;L;20;23
2010;rd;14806061;Angered, Hammarkullen, Västra;KD;25;36
2010;rd;14806061;Angered, Hammarkullen, Västra;S;543;595
2010;rd;14806061;Angered, Hammarkullen, Västra;V;78;79
2010;rd;14806061;Angered, Hammarkullen, Västra;MP;59;56
2010;rd;14806061;Angered, Hammarkullen, Västra;SD;50;22
2010;rd;14806061;Angered, Hammarkullen, Västra;FI;24;5
2010;rd;14806061;Angered, Hammarkullen, Västra;RS;17;20
2010;rd;14806061;Angered, Hammarkullen, Västra;PP;3;5
2010;rd;14806061;Angered, Hammarkullen, Västra;GILTIGA;914;960
2010;rd;14806061;Angered, Hammarkullen, Västra;BLANK;6;10
2010;rd;14806061;Angered, Hammarkullen, Västra;OG;1;1
2010;rd;14806061;Angered, Hammarkullen, Västra;SUMMA_RÖSTER;921;971
2010;rd;14806061;Angered, Hammarkullen, Västra;RÖSTBERÄTTIGADE;1609;1522
2010;rd;14806101;Angered, Gunnilse-Linnarhult;M;261;352
2010;rd;14806101;Angered, Gunnilse-Linnarhult;C;36;41
2010;rd;14806101;Angered, Gunnilse-Linnarhult;L;72;88
2010;rd;14806101;Angered, Gunnilse-Linnarhult;KD;79;112
2010;rd;14806101;Angered, Gunnilse-Linnarhult;S;292;313
2010;rd;14806101;Angered, Gunnilse-Linnarhult;V;84;66
2010;rd;14806101;Angered, Gunnilse-Linnarhult;MP;88;73
2010;rd;14806101;Angered, Gunnilse-Linnarhult;SD;207;99
2010;rd;14806101;Angered, Gunnilse-Linnarhult;FI;37;6
2010;rd;14806101;Angered, Gunnilse-Linnarhult;PP;4;3
2010;rd;14806101;Angered, Gunnilse-Linnarhult;HANDSKRIVNA;1;0
2010;rd;14806101;Angered, Gunnilse-Linnarhult;ÖVRIGA_FGVAL;0;4
2010;rd;14806101;Angered, Gunnilse-Linnarhult;GILTIGA;1178;1157
2010;rd;14806101;Angered, Gunnilse-Linnarhult;BLANK;8;16
2010;rd;14806101;Angered, Gunnilse-Linnarhult;OG;1;0
2010;rd;14806101;Angered, Gunnilse-Linnarhult;SUMMA_RÖSTER;1187;1173
2010;rd;14806101;Angered, Gunnilse-Linnarhult;RÖSTBERÄTTIGADE;1448;1404
2010;rd;14806111;Angered, Björsared-Knipared;M;270;347
2010;rd;14806111;Angered, Björsared-Knipared;C;79;72
2010;rd;14806111;Angered, Björsared-Knipared;L;70;97
2010;rd;14806111;Angered, Björsared-Knipared;KD;45;57
2010;rd;14806111;Angered, Björsared-Knipared;S;297;286
2010;rd;14806111;Angered, Björsared-Knipared;V;76;81
2010;rd;14806111;Angered, Björsared-Knipared;MP;76;70
2010;rd;14806111;Angered, Björsared-Knipared;SD;242;123
2010;rd;14806111;Angered, Björsared-Knipared;FI;36;4
2010;rd;14806111;Angered, Björsared-Knipared;PP;4;8
2010;rd;14806111;Angered, Björsared-Knipared;GILTIGA;1208;1145
2010;rd;14806111;Angered, Björsared-Knipared;BLANK;16;11
2010;rd;14806111;Angered, Björsared-Knipared;OG;0;0
2010;rd;14806111;Angered, Björsared-Knipared;SUMMA_RÖSTER;1224;1156
2010;rd;14806111;Angered, Björsared-Knipared;RÖSTBERÄTTIGADE;1448;1396
2010;rd;14806112;Angered, Olofstorp;M;324;440
2010;rd;14806112;Angered, Olofstorp;C;80;51
2010;rd;14806112;Angered, Olofstorp;L;95;118
2010;rd;14806112;Angered, Olofstorp;KD;58;91
2010;rd;14806112;Angered, Olofstorp;S;404;401
2010;rd;14806112;Angered, Olofstorp;V;100;94
2010;rd;14806112;Angered, Olofstorp;MP;92;90
2010;rd;14806112;Angered, Olofstorp;SD;260;140
2010;rd;14806112;Angered, Olofstorp;FI;22;6
2010;rd;14806112;Angered, Olofstorp;PP;4;6
2010;rd;14806112;Angered, Olofstorp;HANDSKRIVNA;2;1
2010;rd;14806112;Angered, Olofstorp;GILTIGA;1457;1438
2010;rd;14806112;Angered, Olofstorp;BLANK;16;20
2010;rd;14806112;Angered, Olofstorp;OG;0;1
2010;rd;14806112;Angered, Olofstorp;SUMMA_RÖSTER;1473;1459
2010;rd;14806112;Angered, Olofstorp;RÖSTBERÄTTIGADE;1742;1684
2010;rd;14806121;Angered, Bläsebo;M;63;73
2010;rd;14806121;Angered, Bläsebo;C;10;6
2010;rd;14806121;Angered, Bläsebo;L;39;27
2010;rd;14806121;Angered, Bläsebo;KD;15;42
2010;rd;14806121;Angered, Bläsebo;S;404;460
2010;rd;14806121;Angered, Bläsebo;V;113;87
2010;rd;14806121;Angered, Bläsebo;MP;65;49
2010;rd;14806121;Angered, Bläsebo;SD;55;31
2010;rd;14806121;Angered, Bläsebo;FI;33;3
2010;rd;14806121;Angered, Bläsebo;RS;5;19
2010;rd;14806121;Angered, Bläsebo;PP;1;8
2010;rd;14806121;Angered, Bläsebo;ÖVRIGA_FGVAL;0;1
2010;rd;14806121;Angered, Bläsebo;GILTIGA;814;806
2010;rd;14806121;Angered, Bläsebo;BLANK;2;7
2010;rd;14806121;Angered, Bläsebo;OG;4;1
2010;rd;14806121;Angered, Bläsebo;SUMMA_RÖSTER;820;814
2010;rd;14806121;Angered, Bläsebo;RÖSTBERÄTTIGADE;1328;1246
2010;rd;14806122;Angered, Hjällbo, Norra;M;64;65
2010;rd;14806122;Angered, Hjällbo, Norra;C;5;6
2010;rd;14806122;Angered, Hjällbo, Norra;L;23;9
2010;rd;14806122;Angered, Hjällbo, Norra;KD;11;46
2010;rd;14806122;Angered, Hjällbo, Norra;S;357;475
2010;rd;14806122;Angered, Hjällbo, Norra;V;92;76
2010;rd;14806122;Angered, Hjällbo, Norra;MP;115;38
2010;rd;14806122;Angered, Hjällbo, Norra;SD;20;17
2010;rd;14806122;Angered, Hjällbo, Norra;FI;29;3
2010;rd;14806122;Angered, Hjällbo, Norra;RS;7;7
2010;rd;14806122;Angered, Hjällbo, Norra;PP;2;3
2010;rd;14806122;Angered, Hjällbo, Norra;GILTIGA;731;745
2010;rd;14806122;Angered, Hjällbo, Norra;BLANK;4;3
2010;rd;14806122;Angered, Hjällbo, Norra;OG;0;1
2010;rd;14806122;Angered, Hjällbo, Norra;SUMMA_RÖSTER;735;749
2010;rd;14806122;Angered, Hjällbo, Norra;RÖSTBERÄTTIGADE;1316;1263
2010;rd;14806123;Angered, Hjällbo, Södra;M;55;75
2010;rd;14806123;Angered, Hjällbo, Södra;C;3;2
2010;rd;14806123;Angered, Hjällbo, Södra;L;10;7
2010;rd;14806123;Angered, Hjällbo, Södra;KD;12;24
2010;rd;14806123;Angered, Hjällbo, Södra;S;272;264
2010;rd;14806123;Angered, Hjällbo, Södra;V;53;33
2010;rd;14806123;Angered, Hjällbo, Södra;MP;58;26
2010;rd;14806123;Angered, Hjällbo, Södra;SD;11;9
2010;rd;14806123;Angered, Hjällbo, Södra;FI;11;1
2010;rd;14806123;Angered, Hjällbo, Södra;RS;8;4
2010;rd;14806123;Angered, Hjällbo, Södra;PP;3;1
2010;rd;14806123;Angered, Hjällbo, Södra;GILTIGA;502;446
2010;rd;14806123;Angered, Hjällbo, Södra;BLANK;1;3
2010;rd;14806123;Angered, Hjällbo, Södra;OG;0;0
2010;rd;14806123;Angered, Hjällbo, Södra;SUMMA_RÖSTER;503;449
2010;rd;14806123;Angered, Hjällbo, Södra;RÖSTBERÄTTIGADE;874;799
2010;rd;14806124;Angered, Skolspåret;M;43;41
2010;rd;14806124;Angered, Skolspåret;C;3;1
2010;rd;14806124;Angered, Skolspåret;L;34;4
2010;rd;14806124;Angered, Skolspåret;KD;14;26
2010;rd;14806124;Angered, Skolspåret;S;300;365
2010;rd;14806124;Angered, Skolspåret;V;96;63
2010;rd;14806124;Angered, Skolspåret;MP;51;19
2010;rd;14806124;Angered, Skolspåret;SD;19;10
2010;rd;14806124;Angered, Skolspåret;FI;20;5
2010;rd;14806124;Angered, Skolspåret;RS;8;13
2010;rd;14806124;Angered, Skolspåret;PP;3;5
2010;rd;14806124;Angered, Skolspåret;HANDSKRIVNA;1;0
2010;rd;14806124;Angered, Skolspåret;GILTIGA;593;552
2010;rd;14806124;Angered, Skolspåret;BLANK;1;3
2010;rd;14806124;Angered, Skolspåret;OG;0;1
2010;rd;14806124;Angered, Skolspåret;SUMMA_RÖSTER;594;556
2010;rd;14806124;Angered, Skolspåret;RÖSTBERÄTTIGADE;1029;933
2010;rd;14807021;Västra Hisingen, Länsmansgården, C;M;49;95
2010;rd;14807021;Västra Hisingen, Länsmansgården, C;C;15;12
2010;rd;14807021;Västra Hisingen, Länsmansgården, C;L;24;24
2010;rd;14807021;Västra Hisingen, Länsmansgården, C;KD;13;9
2010;rd;14807021;Västra Hisingen, Länsmansgården, C;S;368;366
2010;rd;14807021;Västra Hisingen, Länsmansgården, C;V;89;87
2010;rd;14807021;Västra Hisingen, Länsmansgården, C;MP;52;49
2010;rd;14807021;Västra Hisingen, Länsmansgården, C;SD;117;67
2010;rd;14807021;Västra Hisingen, Länsmansgården, C;FI;35;2
2010;rd;14807021;Västra Hisingen, Länsmansgården, C;PP;5;15
2010;rd;14807021;Västra Hisingen, Länsmansgården, C;GILTIGA;774;726
2010;rd;14807021;Västra Hisingen, Länsmansgården, C;BLANK;7;8
2010;rd;14807021;Västra Hisingen, Länsmansgården, C;OG;0;1
2010;rd;14807021;Västra Hisingen, Länsmansgården, C;SUMMA_RÖSTER;781;735
2010;rd;14807021;Västra Hisingen, Länsmansgården, C;RÖSTBERÄTTIGADE;1155;1122
2010;rd;14807022;Västra Hisingen, Länsmansgården, N;M;129;118
2010;rd;14807022;Västra Hisingen, Länsmansgården, N;C;11;11
2010;rd;14807022;Västra Hisingen, Länsmansgården, N;L;33;33
2010;rd;14807022;Västra Hisingen, Länsmansgården, N;KD;16;21
2010;rd;14807022;Västra Hisingen, Länsmansgården, N;S;331;369
2010;rd;14807022;Västra Hisingen, Länsmansgården, N;V;93;86
2010;rd;14807022;Västra Hisingen, Länsmansgården, N;MP;39;26
2010;rd;14807022;Västra Hisingen, Länsmansgården, N;SD;127;67
2010;rd;14807022;Västra Hisingen, Länsmansgården, N;FI;19;5
2010;rd;14807022;Västra Hisingen, Länsmansgården, N;PP;12;12
2010;rd;14807022;Västra Hisingen, Länsmansgården, N;RS;2;2
2010;rd;14807022;Västra Hisingen, Länsmansgården, N;GILTIGA;820;750
2010;rd;14807022;Västra Hisingen, Länsmansgården, N;BLANK;6;9
2010;rd;14807022;Västra Hisingen, Länsmansgården, N;OG;0;0
2010;rd;14807022;Västra Hisingen, Länsmansgården, N;SUMMA_RÖSTER;826;759
2010;rd;14807022;Västra Hisingen, Länsmansgården, N;RÖSTBERÄTTIGADE;1177;1048
2010;rd;14807023;Västra Hisingen, Länsmansgården, S;M;36;92
2010;rd;14807023;Västra Hisingen, Länsmansgården, S;C;3;1
2010;rd;14807023;Västra Hisingen, Länsmansgården, S;L;6;11
2010;rd;14807023;Västra Hisingen, Länsmansgården, S;KD;7;13
2010;rd;14807023;Västra Hisingen, Länsmansgården, S;S;297;330
2010;rd;14807023;Västra Hisingen, Länsmansgården, S;V;58;71
2010;rd;14807023;Västra Hisingen, Länsmansgården, S;MP;26;21
2010;rd;14807023;Västra Hisingen, Länsmansgården, S;SD;78;50
2010;rd;14807023;Västra Hisingen, Länsmansgården, S;FI;7;1
2010;rd;14807023;Västra Hisingen, Länsmansgården, S;PP;1;11
2010;rd;14807023;Västra Hisingen, Länsmansgården, S;RS;0;1
2010;rd;14807023;Västra Hisingen, Länsmansgården, S;HANDSKRIVNA;1;0
2010;rd;14807023;Västra Hisingen, Länsmansgården, S;GILTIGA;526;602
2010;rd;14807023;Västra Hisingen, Länsmansgården, S;BLANK;7;4
2010;rd;14807023;Västra Hisingen, Länsmansgården, S;OG;0;0
2010;rd;14807023;Västra Hisingen, Länsmansgården, S;SUMMA_RÖSTER;533;606
2010;rd;14807023;Västra Hisingen, Länsmansgården, S;RÖSTBERÄTTIGADE;853;893
2010;rd;14807031;Västra Hisingen, Badvädersgatan m fl;M;87;160
2010;rd;14807031;Västra Hisingen, Badvädersgatan m fl;C;17;13
2010;rd;14807031;Västra Hisingen, Badvädersgatan m fl;L;15;39
2010;rd;14807031;Västra Hisingen, Badvädersgatan m fl;KD;26;24
2010;rd;14807031;Västra Hisingen, Badvädersgatan m fl;S;342;369
2010;rd;14807031;Västra Hisingen, Badvädersgatan m fl;V;75;83
2010;rd;14807031;Västra Hisingen, Badvädersgatan m fl;MP;47;55
2010;rd;14807031;Västra Hisingen, Badvädersgatan m fl;SD;93;57
2010;rd;14807031;Västra Hisingen, Badvädersgatan m fl;PP;6;6
2010;rd;14807031;Västra Hisingen, Badvädersgatan m fl;HANDSKRIVNA;0;1
2010;rd;14807031;Västra Hisingen, Badvädersgatan m fl;GILTIGA;742;807
2010;rd;14807031;Västra Hisingen, Badvädersgatan m fl;BLANK;0;8
2010;rd;14807031;Västra Hisingen, Badvädersgatan m fl;OG;0;0
2010;rd;14807031;Västra Hisingen, Badvädersgatan m fl;SUMMA_RÖSTER;742;815
2010;rd;14807031;Västra Hisingen, Badvädersgatan m fl;RÖSTBERÄTTIGADE;1155;1193
2010;rd;14807032;Västra Hisingen, Stackmolnsg. m fl;M;73;144
2010;rd;14807032;Västra Hisingen, Stackmolnsg. m fl;C;7;11
2010;rd;14807032;Västra Hisingen, Stackmolnsg. m fl;L;13;31
2010;rd;14807032;Västra Hisingen, Stackmolnsg. m fl;KD;19;22
2010;rd;14807032;Västra Hisingen, Stackmolnsg. m fl;S;408;522
2010;rd;14807032;Västra Hisingen, Stackmolnsg. m fl;V;99;97
2010;rd;14807032;Västra Hisingen, Stackmolnsg. m fl;MP;70;68
2010;rd;14807032;Västra Hisingen, Stackmolnsg. m fl;SD;140;106
2010;rd;14807032;Västra Hisingen, Stackmolnsg. m fl;FI;28;3
2010;rd;14807032;Västra Hisingen, Stackmolnsg. m fl;PP;8;11
2010;rd;14807032;Västra Hisingen, Stackmolnsg. m fl;HANDSKRIVNA;0;2
2010;rd;14807032;Västra Hisingen, Stackmolnsg. m fl;GILTIGA;878;1017
2010;rd;14807032;Västra Hisingen, Stackmolnsg. m fl;BLANK;7;10
2010;rd;14807032;Västra Hisingen, Stackmolnsg. m fl;OG;1;1
2010;rd;14807032;Västra Hisingen, Stackmolnsg. m fl;SUMMA_RÖSTER;886;1028
2010;rd;14807032;Västra Hisingen, Stackmolnsg. m fl;RÖSTBERÄTTIGADE;1409;1443
2010;rd;14807041;Västra Hisingen, Andalen;M;716;797
2010;rd;14807041;Västra Hisingen, Andalen;C;87;68
2010;rd;14807041;Västra Hisingen, Andalen;L;144;149
2010;rd;14807041;Västra Hisingen, Andalen;KD;95;125
2010;rd;14807041;Västra Hisingen, Andalen;S;240;206
2010;rd;14807041;Västra Hisingen, Andalen;V;50;29
2010;rd;14807041;Västra Hisingen, Andalen;MP;81;92
2010;rd;14807041;Västra Hisingen, Andalen;SD;160;46
2010;rd;14807041;Västra Hisingen, Andalen;FI;30;1
2010;rd;14807041;Västra Hisingen, Andalen;PP;7;7
2010;rd;14807041;Västra Hisingen, Andalen;GILTIGA;1615;1520
2010;rd;14807041;Västra Hisingen, Andalen;BLANK;9;14
2010;rd;14807041;Västra Hisingen, Andalen;OG;1;0
2010;rd;14807041;Västra Hisingen, Andalen;SUMMA_RÖSTER;1625;1534
2010;rd;14807041;Västra Hisingen, Andalen;RÖSTBERÄTTIGADE;1778;1666
2010;rd;14807042;Västra Hisingen, Hjuvik;M;706;714
2010;rd;14807042;Västra Hisingen, Hjuvik;C;98;89
2010;rd;14807042;Västra Hisingen, Hjuvik;L;159;186
2010;rd;14807042;Västra Hisingen, Hjuvik;KD;118;148
2010;rd;14807042;Västra Hisingen, Hjuvik;S;136;100
2010;rd;14807042;Västra Hisingen, Hjuvik;V;29;14
2010;rd;14807042;Västra Hisingen, Hjuvik;MP;76;72
2010;rd;14807042;Västra Hisingen, Hjuvik;SD;105;32
2010;rd;14807042;Västra Hisingen, Hjuvik;FI;27;6
2010;rd;14807042;Västra Hisingen, Hjuvik;PP;6;7
2010;rd;14807042;Västra Hisingen, Hjuvik;HANDSKRIVNA;0;1
2010;rd;14807042;Västra Hisingen, Hjuvik;GILTIGA;1468;1369
2010;rd;14807042;Västra Hisingen, Hjuvik;BLANK;10;11
2010;rd;14807042;Västra Hisingen, Hjuvik;OG;2;2
2010;rd;14807042;Västra Hisingen, Hjuvik;SUMMA_RÖSTER;1480;1382
2010;rd;14807042;Västra Hisingen, Hjuvik;RÖSTBERÄTTIGADE;1627;1512
2010;rd;14807043;Västra Hisingen, Hällsvik;M;608;669
2010;rd;14807043;Västra Hisingen, Hällsvik;C;78;64
2010;rd;14807043;Västra Hisingen, Hällsvik;L;127;139
2010;rd;14807043;Västra Hisingen, Hällsvik;KD;81;101
2010;rd;14807043;Västra Hisingen, Hällsvik;S;155;147
2010;rd;14807043;Västra Hisingen, Hällsvik;V;38;38
2010;rd;14807043;Västra Hisingen, Hällsvik;MP;71;64
2010;rd;14807043;Västra Hisingen, Hällsvik;SD;138;50
2010;rd;14807043;Västra Hisingen, Hällsvik;FI;23;6
2010;rd;14807043;Västra Hisingen, Hällsvik;PP;0;5
2010;rd;14807043;Västra Hisingen, Hällsvik;HANDSKRIVNA;1;0
2010;rd;14807043;Västra Hisingen, Hällsvik;GILTIGA;1330;1283
2010;rd;14807043;Västra Hisingen, Hällsvik;BLANK;7;9
2010;rd;14807043;Västra Hisingen, Hällsvik;OG;1;0
2010;rd;14807043;Västra Hisingen, Hällsvik;SUMMA_RÖSTER;1338;1292
2010;rd;14807043;Västra Hisingen, Hällsvik;RÖSTBERÄTTIGADE;1469;1438
2010;rd;14807051;Västra Hisingen, Amhult-Arendal;M;317;437
2010;rd;14807051;Västra Hisingen, Amhult-Arendal;C;44;34
2010;rd;14807051;Västra Hisingen, Amhult-Arendal;L;100;107
2010;rd;14807051;Västra Hisingen, Amhult-Arendal;KD;67;62
2010;rd;14807051;Västra Hisingen, Amhult-Arendal;S;295;293
2010;rd;14807051;Västra Hisingen, Amhult-Arendal;V;37;31
2010;rd;14807051;Västra Hisingen, Amhult-Arendal;MP;62;63
2010;rd;14807051;Västra Hisingen, Amhult-Arendal;SD;174;72
2010;rd;14807051;Västra Hisingen, Amhult-Arendal;FI;24;4
2010;rd;14807051;Västra Hisingen, Amhult-Arendal;PP;3;4
2010;rd;14807051;Västra Hisingen, Amhult-Arendal;HANDSKRIVNA;1;1
2010;rd;14807051;Västra Hisingen, Amhult-Arendal;GILTIGA;1131;1108
2010;rd;14807051;Västra Hisingen, Amhult-Arendal;BLANK;7;6
2010;rd;14807051;Västra Hisingen, Amhult-Arendal;OG;0;2
2010;rd;14807051;Västra Hisingen, Amhult-Arendal;SUMMA_RÖSTER;1138;1116
2010;rd;14807051;Västra Hisingen, Amhult-Arendal;RÖSTBERÄTTIGADE;1285;1425
2010;rd;14807052;Västra Hisingen, Domarringen m fl;M;394;501
2010;rd;14807052;Västra Hisingen, Domarringen m fl;C;66;60
2010;rd;14807052;Västra Hisingen, Domarringen m fl;L;118;163
2010;rd;14807052;Västra Hisingen, Domarringen m fl;KD;69;90
2010;rd;14807052;Västra Hisingen, Domarringen m fl;S;293;293
2010;rd;14807052;Västra Hisingen, Domarringen m fl;V;40;38
2010;rd;14807052;Västra Hisingen, Domarringen m fl;MP;111;89
2010;rd;14807052;Västra Hisingen, Domarringen m fl;SD;190;69
2010;rd;14807052;Västra Hisingen, Domarringen m fl;FI;19;5
2010;rd;14807052;Västra Hisingen, Domarringen m fl;PP;9;11
2010;rd;14807052;Västra Hisingen, Domarringen m fl;ÖVRIGA_FGVAL;0;1
2010;rd;14807052;Västra Hisingen, Domarringen m fl;GILTIGA;1316;1320
2010;rd;14807052;Västra Hisingen, Domarringen m fl;BLANK;13;14
2010;rd;14807052;Västra Hisingen, Domarringen m fl;OG;0;0
2010;rd;14807052;Västra Hisingen, Domarringen m fl;SUMMA_RÖSTER;1329;1334
2010;rd;14807052;Västra Hisingen, Domarringen m fl;RÖSTBERÄTTIGADE;1468;1461
2010;rd;14807053;Västra Hisingen, Nolered;M;426;509
2010;rd;14807053;Västra Hisingen, Nolered;C;56;60
2010;rd;14807053;Västra Hisingen, Nolered;L;128;153
2010;rd;14807053;Västra Hisingen, Nolered;KD;70;81
2010;rd;14807053;Västra Hisingen, Nolered;S;278;255
2010;rd;14807053;Västra Hisingen, Nolered;V;54;41
2010;rd;14807053;Västra Hisingen, Nolered;MP;83;68
2010;rd;14807053;Västra Hisingen, Nolered;SD;149;75
2010;rd;14807053;Västra Hisingen, Nolered;FI;19;7
2010;rd;14807053;Västra Hisingen, Nolered;PP;1;4
2010;rd;14807053;Västra Hisingen, Nolered;GILTIGA;1273;1253
2010;rd;14807053;Västra Hisingen, Nolered;BLANK;9;9
2010;rd;14807053;Västra Hisingen, Nolered;OG;1;1
2010;rd;14807053;Västra Hisingen, Nolered;SUMMA_RÖSTER;1283;1263
2010;rd;14807053;Västra Hisingen, Nolered;RÖSTBERÄTTIGADE;1456;1438
2010;rd;14807054;Västra Hisingen, Torslanda;M;529;573
2010;rd;14807054;Västra Hisingen, Torslanda;C;78;61
2010;rd;14807054;Västra Hisingen, Torslanda;L;134;184
2010;rd;14807054;Västra Hisingen, Torslanda;KD;82;109
2010;rd;14807054;Västra Hisingen, Torslanda;S;357;345
2010;rd;14807054;Västra Hisingen, Torslanda;V;46;69
2010;rd;14807054;Västra Hisingen, Torslanda;MP;102;90
2010;rd;14807054;Västra Hisingen, Torslanda;SD;239;104
2010;rd;14807054;Västra Hisingen, Torslanda;FI;27;11
2010;rd;14807054;Västra Hisingen, Torslanda;PP;3;10
2010;rd;14807054;Västra Hisingen, Torslanda;RS;0;1
2010;rd;14807054;Västra Hisingen, Torslanda;HANDSKRIVNA;1;0
2010;rd;14807054;Västra Hisingen, Torslanda;GILTIGA;1610;1557
2010;rd;14807054;Västra Hisingen, Torslanda;BLANK;14;18
2010;rd;14807054;Västra Hisingen, Torslanda;OG;0;1
2010;rd;14807054;Västra Hisingen, Torslanda;SUMMA_RÖSTER;1624;1576
2010;rd;14807054;Västra Hisingen, Torslanda;RÖSTBERÄTTIGADE;1797;1789
2010;rd;14807055;Västra Hisingen, Tumlehed;M;432;537
2010;rd;14807055;Västra Hisingen, Tumlehed;C;58;36
2010;rd;14807055;Västra Hisingen, Tumlehed;L;105;134
2010;rd;14807055;Västra Hisingen, Tumlehed;KD;60;91
2010;rd;14807055;Västra Hisingen, Tumlehed;S;266;270
2010;rd;14807055;Västra Hisingen, Tumlehed;V;49;48
2010;rd;14807055;Västra Hisingen, Tumlehed;MP;73;75
2010;rd;14807055;Västra Hisingen, Tumlehed;SD;205;84
2010;rd;14807055;Västra Hisingen, Tumlehed;FI;28;5
2010;rd;14807055;Västra Hisingen, Tumlehed;PP;6;11
2010;rd;14807055;Västra Hisingen, Tumlehed;SPI;1;1
2010;rd;14807055;Västra Hisingen, Tumlehed;GILTIGA;1290;1292
2010;rd;14807055;Västra Hisingen, Tumlehed;BLANK;14;17
2010;rd;14807055;Västra Hisingen, Tumlehed;OG;1;0
2010;rd;14807055;Västra Hisingen, Tumlehed;SUMMA_RÖSTER;1305;1309
2010;rd;14807055;Västra Hisingen, Tumlehed;RÖSTBERÄTTIGADE;1532;1512
2010;rd;14807081;Västra Hisingen, Biskopsgården, S;M;97;132
2010;rd;14807081;Västra Hisingen, Biskopsgården, S;C;11;9
2010;rd;14807081;Västra Hisingen, Biskopsgården, S;L;20;41
2010;rd;14807081;Västra Hisingen, Biskopsgården, S;KD;12;24
2010;rd;14807081;Västra Hisingen, Biskopsgården, S;S;336;324
2010;rd;14807081;Västra Hisingen, Biskopsgården, S;V;125;92
2010;rd;14807081;Västra Hisingen, Biskopsgården, S;MP;48;59
2010;rd;14807081;Västra Hisingen, Biskopsgården, S;SD;89;48
2010;rd;14807081;Västra Hisingen, Biskopsgården, S;FI;44;4
2010;rd;14807081;Västra Hisingen, Biskopsgården, S;PP;8;8
2010;rd;14807081;Västra Hisingen, Biskopsgården, S;RS;1;8
2010;rd;14807081;Västra Hisingen, Biskopsgården, S;GILTIGA;799;749
2010;rd;14807081;Västra Hisingen, Biskopsgården, S;BLANK;3;9
2010;rd;14807081;Västra Hisingen, Biskopsgården, S;OG;0;0
2010;rd;14807081;Västra Hisingen, Biskopsgården, S;SUMMA_RÖSTER;802;758
2010;rd;14807081;Västra Hisingen, Biskopsgården, S;RÖSTBERÄTTIGADE;1125;1083
2010;rd;14807082;Västra Hisingen, Treröset;M;51;125
2010;rd;14807082;Västra Hisingen, Treröset;C;4;18
2010;rd;14807082;Västra Hisingen, Treröset;L;20;23
2010;rd;14807082;Västra Hisingen, Treröset;KD;9;11
2010;rd;14807082;Västra Hisingen, Treröset;S;348;371
2010;rd;14807082;Västra Hisingen, Treröset;V;163;169
2010;rd;14807082;Västra Hisingen, Treröset;MP;80;154
2010;rd;14807082;Västra Hisingen, Treröset;SD;66;61
2010;rd;14807082;Västra Hisingen, Treröset;FI;97;27
2010;rd;14807082;Västra Hisingen, Treröset;PP;8;21
2010;rd;14807082;Västra Hisingen, Treröset;RS;1;4
2010;rd;14807082;Västra Hisingen, Treröset;HANDSKRIVNA;0;1
2010;rd;14807082;Västra Hisingen, Treröset;ÖVRIGA_FGVAL;0;3
2010;rd;14807082;Västra Hisingen, Treröset;GILTIGA;856;988
2010;rd;14807082;Västra Hisingen, Treröset;BLANK;12;6
2010;rd;14807082;Västra Hisingen, Treröset;OG;0;0
2010;rd;14807082;Västra Hisingen, Treröset;SUMMA_RÖSTER;868;994
2010;rd;14807082;Västra Hisingen, Treröset;RÖSTBERÄTTIGADE;1323;1420
2010;rd;14807083;Västra Hisingen, Vårväderstorget;M;68;132
2010;rd;14807083;Västra Hisingen, Vårväderstorget;C;12;19
2010;rd;14807083;Västra Hisingen, Vårväderstorget;L;24;42
2010;rd;14807083;Västra Hisingen, Vårväderstorget;KD;18;26
2010;rd;14807083;Västra Hisingen, Vårväderstorget;S;412;482
2010;rd;14807083;Västra Hisingen, Vårväderstorget;V;165;168
2010;rd;14807083;Västra Hisingen, Vårväderstorget;MP;70;84
2010;rd;14807083;Västra Hisingen, Vårväderstorget;SD;107;71
2010;rd;14807083;Västra Hisingen, Vårväderstorget;FI;63;8
2010;rd;14807083;Västra Hisingen, Vårväderstorget;PP;13;8
2010;rd;14807083;Västra Hisingen, Vårväderstorget;RS;1;7
2010;rd;14807083;Västra Hisingen, Vårväderstorget;GILTIGA;964;1047
2010;rd;14807083;Västra Hisingen, Vårväderstorget;BLANK;13;6
2010;rd;14807083;Västra Hisingen, Vårväderstorget;OG;0;0
2010;rd;14807083;Västra Hisingen, Vårväderstorget;SUMMA_RÖSTER;977;1053
2010;rd;14807083;Västra Hisingen, Vårväderstorget;RÖSTBERÄTTIGADE;1609;1594
2010;rd;14807084;Västra Hisingen, Väderlekstorget;M;42;84
2010;rd;14807084;Västra Hisingen, Väderlekstorget;C;8;9
2010;rd;14807084;Västra Hisingen, Väderlekstorget;L;13;30
2010;rd;14807084;Västra Hisingen, Väderlekstorget;KD;9;15
2010;rd;14807084;Västra Hisingen, Väderlekstorget;S;185;184
2010;rd;14807084;Västra Hisingen, Väderlekstorget;V;152;137
2010;rd;14807084;Västra Hisingen, Väderlekstorget;MP;52;97
2010;rd;14807084;Västra Hisingen, Väderlekstorget;SD;73;30
2010;rd;14807084;Västra Hisingen, Väderlekstorget;FI;88;24
2010;rd;14807084;Västra Hisingen, Väderlekstorget;PP;11;21
2010;rd;14807084;Västra Hisingen, Väderlekstorget;RS;0;2
2010;rd;14807084;Västra Hisingen, Väderlekstorget;ÖVRIGA_FGVAL;0;5
2010;rd;14807084;Västra Hisingen, Väderlekstorget;GILTIGA;639;638
2010;rd;14807084;Västra Hisingen, Väderlekstorget;BLANK;10;3
2010;rd;14807084;Västra Hisingen, Väderlekstorget;OG;0;0
2010;rd;14807084;Västra Hisingen, Väderlekstorget;SUMMA_RÖSTER;649;641
2010;rd;14807084;Västra Hisingen, Väderlekstorget;RÖSTBERÄTTIGADE;914;1009
2010;rd;14807091;Västra Hisingen, Jättesten;M;190;287
2010;rd;14807091;Västra Hisingen, Jättesten;C;31;16
2010;rd;14807091;Västra Hisingen, Jättesten;L;56;73
2010;rd;14807091;Västra Hisingen, Jättesten;KD;33;31
2010;rd;14807091;Västra Hisingen, Jättesten;S;466;483
2010;rd;14807091;Västra Hisingen, Jättesten;V;134;118
2010;rd;14807091;Västra Hisingen, Jättesten;MP;64;81
2010;rd;14807091;Västra Hisingen, Jättesten;SD;141;69
2010;rd;14807091;Västra Hisingen, Jättesten;FI;44;4
2010;rd;14807091;Västra Hisingen, Jättesten;PP;6;7
2010;rd;14807091;Västra Hisingen, Jättesten;ENH;4;2
2010;rd;14807091;Västra Hisingen, Jättesten;RS;0;2
2010;rd;14807091;Västra Hisingen, Jättesten;HANDSKRIVNA;1;0
2010;rd;14807091;Västra Hisingen, Jättesten;ÖVRIGA_FGVAL;0;2
2010;rd;14807091;Västra Hisingen, Jättesten;GILTIGA;1184;1175
2010;rd;14807091;Västra Hisingen, Jättesten;BLANK;8;12
2010;rd;14807091;Västra Hisingen, Jättesten;OG;0;1
2010;rd;14807091;Västra Hisingen, Jättesten;SUMMA_RÖSTER;1192;1188
2010;rd;14807091;Västra Hisingen, Jättesten;RÖSTBERÄTTIGADE;1667;1636
2010;rd;14807093;Västra Hisingen, Svartedalen;M;89;156
2010;rd;14807093;Västra Hisingen, Svartedalen;C;14;10
2010;rd;14807093;Västra Hisingen, Svartedalen;L;31;44
2010;rd;14807093;Västra Hisingen, Svartedalen;KD;15;23
2010;rd;14807093;Västra Hisingen, Svartedalen;S;375;437
2010;rd;14807093;Västra Hisingen, Svartedalen;V;123;111
2010;rd;14807093;Västra Hisingen, Svartedalen;MP;65;105
2010;rd;14807093;Västra Hisingen, Svartedalen;SD;166;97
2010;rd;14807093;Västra Hisingen, Svartedalen;FI;41;8
2010;rd;14807093;Västra Hisingen, Svartedalen;PP;11;16
2010;rd;14807093;Västra Hisingen, Svartedalen;KLP;1;1
2010;rd;14807093;Västra Hisingen, Svartedalen;RS;0;1
2010;rd;14807093;Västra Hisingen, Svartedalen;GILTIGA;937;1009
2010;rd;14807093;Västra Hisingen, Svartedalen;BLANK;12;12
2010;rd;14807093;Västra Hisingen, Svartedalen;OG;0;0
2010;rd;14807093;Västra Hisingen, Svartedalen;SUMMA_RÖSTER;949;1021
2010;rd;14807093;Västra Hisingen, Svartedalen;RÖSTBERÄTTIGADE;1409;1427
