kod_2018;namn_2018;kod_2014_troligast;namn_2014;typ;belagg;kalla
14800000;Uppsamlingsdistrikt;14800001;Uppsamlingsdistrikt;sammanslagen;upp-mappning-2014-2018.skv: 14800001, 14800002, 14800003, 14800004 till R148000 med 100 procent vardera, upp-indelning-2018.skv = S (summerat). De fyra uppsamlingsdistrikten, ett per kommunvalkrets, blev ett för hela kommunen;skv upp-mappning
14801011;Majorna-Linné, Gröna Vallen;14801013;Majorna-Linné, Mariaplan;omritad;vd-indelning-2018.skv = M (modifierat). vd-mappning-2014-2018.skv ger 2 källa eller källor: 14801013 46.6 procent av 2014-distriktet, 14801011 44.2 procent av 2014-distriktet. geometri geo_overlap_2014_2018.csv: 14801013 (Majorna-Linné, Mariaplan) täcker 55.9 procent av det nya distriktet, 51.9 procent av det gamla ligger där, 2 källor över 5 procent;vd-mappning-2014-2018.skv + vd-indelning-2018.skv
14801012;Majorna-Linné, Klippan;14801011;Majorna-Linné, Klippan;omritad;vd-indelning-2018.skv = M (modifierat). vd-mappning-2014-2018.skv ger 2 källa eller källor: 14801011 55.8 procent av 2014-distriktet, 14801014 13.1 procent av 2014-distriktet. geometri geo_overlap_2014_2018.csv: 14801011 (Majorna-Linné, Klippan) täcker 81.2 procent av det nya distriktet, 88.9 procent av det gamla ligger där, 2 källor över 5 procent;vd-mappning-2014-2018.skv + vd-indelning-2018.skv
14801013;Majorna-Linné, Kungsladugård, Västra;14801015;Majorna-Linné, Skytteskogen;omritad;vd-indelning-2018.skv = M (modifierat). vd-mappning-2014-2018.skv ger 3 källa eller källor: 14801013 31.6 procent av 2014-distriktet, 14801015 29.5 procent av 2014-distriktet, 14801012 21.7 procent av 2014-distriktet. geometri geo_overlap_2014_2018.csv: 14801015 (Majorna-Linné, Skytteskogen) täcker 54.6 procent av det nya distriktet, 14.8 procent av det gamla ligger där, 3 källor över 5 procent;vd-mappning-2014-2018.skv + vd-indelning-2018.skv
14801014;Majorna-Linné, Kungsladugård, Östra;14801012;Majorna-Linné, Kungsladugård;delad;vd-indelning-2018.skv = M (modifierat). vd-mappning-2014-2018.skv ger 1 källa eller källor: 14801012 78.3 procent av 2014-distriktet. geometri geo_overlap_2014_2018.csv: 14801012 (Majorna-Linné, Kungsladugård) täcker 100.0 procent av det nya distriktet, 87.9 procent av det gamla ligger där, 1 källor över 5 procent;vd-mappning-2014-2018.skv + vd-indelning-2018.skv
14801015;Majorna-Linné, Mariaplan;14801014;Majorna-Linné, Silverkällan;omritad;vd-indelning-2018.skv = M (modifierat). vd-mappning-2014-2018.skv ger 2 källa eller källor: 14801014 47.1 procent av 2014-distriktet, 14801013 21.8 procent av 2014-distriktet. geometri geo_overlap_2014_2018.csv: 14801014 (Majorna-Linné, Silverkällan) täcker 68.9 procent av det nya distriktet, 29.2 procent av det gamla ligger där, 2 källor över 5 procent;vd-mappning-2014-2018.skv + vd-indelning-2018.skv
14801016;Majorna-Linné, Skytteskogen;14801015;Majorna-Linné, Skytteskogen;omritad;vd-indelning-2018.skv = M (modifierat). vd-mappning-2014-2018.skv ger 2 källa eller källor: 14801015 70.5 procent av 2014-distriktet, 14801016 15.4 procent av 2014-distriktet. geometri geo_overlap_2014_2018.csv: 14801015 (Majorna-Linné, Skytteskogen) täcker 88.6 procent av det nya distriktet, 85.2 procent av det gamla ligger där, 2 källor över 5 procent;vd-mappning-2014-2018.skv + vd-indelning-2018.skv
14801017;Majorna-Linné, Svalebo;14801016;Majorna-Linné, Svalebo;omritad;vd-indelning-2018.skv = M (modifierat). vd-mappning-2014-2018.skv ger 3 källa eller källor: 14801016 84.6 procent av 2014-distriktet, 14801021 5.8 procent av 2014-distriktet, 14804172 2.3 procent av 2014-distriktet. geometri geo_overlap_2014_2018.csv: 14801016 (Majorna-Linné, Svalebo) täcker 67.3 procent av det nya distriktet, 85.2 procent av det gamla ligger där, 2 källor över 5 procent;vd-mappning-2014-2018.skv + vd-indelning-2018.skv
14801021;Majorna-Linné, Sandarne;14801021;Majorna-Linné, Sandarne;delad;vd-indelning-2018.skv = M (modifierat). vd-mappning-2014-2018.skv ger 1 källa eller källor: 14801021 65.7 procent av 2014-distriktet. geometri geo_overlap_2014_2018.csv: 14801021 (Majorna-Linné, Sandarne) täcker 100.0 procent av det nya distriktet, 86.7 procent av det gamla ligger där, 1 källor över 5 procent;vd-mappning-2014-2018.skv + vd-indelning-2018.skv
14801022;Majorna-Linné, Silverkällan;14801021;Majorna-Linné, Sandarne;omritad;vd-indelning-2018.skv = M (modifierat). vd-mappning-2014-2018.skv ger 2 källa eller källor: 14801014 39.8 procent av 2014-distriktet, 14801021 28.5 procent av 2014-distriktet. geometri geo_overlap_2014_2018.csv: 14801021 (Majorna-Linné, Sandarne) täcker 62.5 procent av det nya distriktet, 5.0 procent av det gamla ligger där, 2 källor över 5 procent;vd-mappning-2014-2018.skv + vd-indelning-2018.skv
14801031;Majorna-Linné, Chapmans Torg;14801034;Majorna-Linné, Majorna;omritad;vd-indelning-2018.skv = M (modifierat). vd-mappning-2014-2018.skv ger 2 källa eller källor: 14801034 42.8 procent av 2014-distriktet, 14801036 26.5 procent av 2014-distriktet. geometri geo_overlap_2014_2018.csv: 14801034 (Majorna-Linné, Majorna) täcker 71.5 procent av det nya distriktet, 10.7 procent av det gamla ligger där, 2 källor över 5 procent;vd-mappning-2014-2018.skv + vd-indelning-2018.skv
14801032;Majorna-Linné, Godhem;14801031;Majorna-Linné, Godhem;identisk;vd-indelning-2018.skv = O (oforandrat). vd-mappning-2014-2018.skv ger 1 källa eller källor: 14801031 100.0 procent av 2014-distriktet. geometri geo_overlap_2014_2018.csv: 14801031 (Majorna-Linné, Godhem) täcker 100.0 procent av det nya distriktet, 100.0 procent av det gamla ligger där, 1 källor över 5 procent;vd-mappning-2014-2018.skv + vd-indelning-2018.skv
14801033;Majorna-Linné, Gråberget, Västra;14801032;Majorna-Linné, Gråberget;omritad;vd-indelning-2018.skv = M (modifierat). vd-mappning-2014-2018.skv ger 2 källa eller källor: 14801032 45.5 procent av 2014-distriktet, 14801035 16.8 procent av 2014-distriktet. geometri geo_overlap_2014_2018.csv: 14801032 (Majorna-Linné, Gråberget) täcker 58.1 procent av det nya distriktet, 41.6 procent av det gamla ligger där, 2 källor över 5 procent;vd-mappning-2014-2018.skv + vd-indelning-2018.skv
14801034;Majorna-Linné, Gråberget, Östra;14801032;Majorna-Linné, Gråberget;omritad;vd-indelning-2018.skv = M (modifierat). vd-mappning-2014-2018.skv ger 2 källa eller källor: 14801032 54.5 procent av 2014-distriktet, 14801036 11.3 procent av 2014-distriktet. geometri geo_overlap_2014_2018.csv: 14801032 (Majorna-Linné, Gråberget) täcker 93.3 procent av det nya distriktet, 58.4 procent av det gamla ligger där, 2 källor över 5 procent;vd-mappning-2014-2018.skv + vd-indelning-2018.skv
14801035;Majorna-Linné, Hängmattan;14801033;Majorna-Linné, Hängmattan;delad;vd-indelning-2018.skv = M (modifierat). vd-mappning-2014-2018.skv ger 1 källa eller källor: 14801033 76.1 procent av 2014-distriktet. geometri geo_overlap_2014_2018.csv: 14801033 (Majorna-Linné, Hängmattan) täcker 100.0 procent av det nya distriktet, 71.0 procent av det gamla ligger där, 1 källor över 5 procent;vd-mappning-2014-2018.skv + vd-indelning-2018.skv
14801036;Majorna-Linné, Majorna;14801034;Majorna-Linné, Majorna;omritad;vd-indelning-2018.skv = M (modifierat). vd-mappning-2014-2018.skv ger 2 källa eller källor: 14801034 57.2 procent av 2014-distriktet, 14801033 23.9 procent av 2014-distriktet. geometri geo_overlap_2014_2018.csv: 14801034 (Majorna-Linné, Majorna) täcker 92.9 procent av det nya distriktet, 89.3 procent av det gamla ligger där, 2 källor över 5 procent;vd-mappning-2014-2018.skv + vd-indelning-2018.skv
14801037;Majorna-Linné, Marieberg;14801035;Majorna-Linné, Marieberg;delad;vd-indelning-2018.skv = M (modifierat). vd-mappning-2014-2018.skv ger 1 källa eller källor: 14801035 83.2 procent av 2014-distriktet. geometri geo_overlap_2014_2018.csv: 14801035 (Majorna-Linné, Marieberg) täcker 100.0 procent av det nya distriktet, 54.5 procent av det gamla ligger där, 1 källor över 5 procent;vd-mappning-2014-2018.skv + vd-indelning-2018.skv
14801038;Majorna-Linné, Slottsskogsgatan m fl;14801036;Majorna-Linné, Slottsskogsgatan m fl;delad;vd-indelning-2018.skv = M (modifierat). vd-mappning-2014-2018.skv ger 1 källa eller källor: 14801036 62.2 procent av 2014-distriktet. geometri geo_overlap_2014_2018.csv: 14801036 (Majorna-Linné, Slottsskogsgatan m fl) täcker 100.0 procent av det nya distriktet, 81.3 procent av det gamla ligger där, 1 källor över 5 procent;vd-mappning-2014-2018.skv + vd-indelning-2018.skv
14801041;Majorna-Linné, Djurgårdsgatan m fl;14801041;Majorna-Linné, Djurgårdsgatan m fl;delad;vd-indelning-2018.skv = M (modifierat). vd-mappning-2014-2018.skv ger 1 källa eller källor: 14801041 70.6 procent av 2014-distriktet. geometri geo_overlap_2014_2018.csv: 14801041 (Majorna-Linné, Djurgårdsgatan m fl) täcker 100.0 procent av det nya distriktet, 61.2 procent av det gamla ligger där, 1 källor över 5 procent;vd-mappning-2014-2018.skv + vd-indelning-2018.skv
14801042;Majorna-Linné, Gatenhielmska;14801042;Majorna-Linné, Gatenhielmska;identisk;vd-indelning-2018.skv = O (oforandrat). vd-mappning-2014-2018.skv ger 1 källa eller källor: 14801042 100.0 procent av 2014-distriktet. geometri geo_overlap_2014_2018.csv: 14801042 (Majorna-Linné, Gatenhielmska) täcker 100.0 procent av det nya distriktet, 100.0 procent av det gamla ligger där, 1 källor över 5 procent;vd-mappning-2014-2018.skv + vd-indelning-2018.skv
14801043;Majorna-Linné, Karl Johans torg;14801044;Majorna-Linné, Söderlingska ängen;omritad;vd-indelning-2018.skv = M (modifierat). vd-mappning-2014-2018.skv ger 2 källa eller källor: 14801044 44.5 procent av 2014-distriktet, 14801043 32.1 procent av 2014-distriktet. geometri geo_overlap_2014_2018.csv: 14801044 (Majorna-Linné, Söderlingska ängen) täcker 59.5 procent av det nya distriktet, 62.0 procent av det gamla ligger där, 2 källor över 5 procent;vd-mappning-2014-2018.skv + vd-indelning-2018.skv
14801044;Majorna-Linné, Klareborgsgatan m fl;14801043;Majorna-Linné, Karl Johans torg;delad;vd-indelning-2018.skv = M (modifierat). vd-mappning-2014-2018.skv ger 1 källa eller källor: 14801043 67.9 procent av 2014-distriktet. geometri geo_overlap_2014_2018.csv: 14801043 (Majorna-Linné, Karl Johans torg) täcker 100.0 procent av det nya distriktet, 53.4 procent av det gamla ligger där, 1 källor över 5 procent;vd-mappning-2014-2018.skv + vd-indelning-2018.skv
14801045;Majorna-Linné, Söderlingska ängen;14801044;Majorna-Linné, Söderlingska ängen;omritad;vd-indelning-2018.skv = M (modifierat). vd-mappning-2014-2018.skv ger 2 källa eller källor: 14801044 55.5 procent av 2014-distriktet, 14801041 29.4 procent av 2014-distriktet. geometri geo_overlap_2014_2018.csv: 14801044 (Majorna-Linné, Söderlingska ängen) täcker 58.4 procent av det nya distriktet, 38.0 procent av det gamla ligger där, 2 källor över 5 procent;vd-mappning-2014-2018.skv + vd-indelning-2018.skv
14801051;Majorna-Linné, Masthugget, Nedre;14801051;Majorna-Linné, Masthugget, Nedre;delad;vd-indelning-2018.skv = M (modifierat). vd-mappning-2014-2018.skv ger 1 källa eller källor: 14801051 76.4 procent av 2014-distriktet. geometri geo_overlap_2014_2018.csv: 14801051 (Majorna-Linné, Masthugget, Nedre) täcker 100.0 procent av det nya distriktet, 73.5 procent av det gamla ligger där, 1 källor över 5 procent;vd-mappning-2014-2018.skv + vd-indelning-2018.skv
14801052;Majorna-Linné, Masthugget, Övre;14801052;Majorna-Linné, Masthugget, Övre;omritad;vd-indelning-2018.skv = M (modifierat). vd-mappning-2014-2018.skv ger 2 källa eller källor: 14801052 62.5 procent av 2014-distriktet, 14801056 21.9 procent av 2014-distriktet. geometri geo_overlap_2014_2018.csv: 14801052 (Majorna-Linné, Masthugget, Övre) täcker 65.7 procent av det nya distriktet, 70.0 procent av det gamla ligger där, 2 källor över 5 procent;vd-mappning-2014-2018.skv + vd-indelning-2018.skv
14801053;Majorna-Linné, Masthuggstorget;14801053;Majorna-Linné, Masthuggstorget;identisk;vd-indelning-2018.skv = O (oforandrat). vd-mappning-2014-2018.skv ger 1 källa eller källor: 14801053 100.0 procent av 2014-distriktet. geometri geo_overlap_2014_2018.csv: 14801053 (Majorna-Linné, Masthuggstorget) täcker 100.0 procent av det nya distriktet, 100.0 procent av det gamla ligger där, 1 källor över 5 procent;vd-mappning-2014-2018.skv + vd-indelning-2018.skv
14801054;Majorna-Linné, Oscar Fredrik;14801054;Majorna-Linné, Oscar Fredrik;omritad;vd-indelning-2018.skv = M (modifierat). vd-mappning-2014-2018.skv ger 2 källa eller källor: 14801054 57.5 procent av 2014-distriktet, 14801051 23.6 procent av 2014-distriktet. geometri geo_overlap_2014_2018.csv: 14801054 (Majorna-Linné, Oscar Fredrik) täcker 66.6 procent av det nya distriktet, 64.9 procent av det gamla ligger där, 2 källor över 5 procent;vd-mappning-2014-2018.skv + vd-indelning-2018.skv
14801055;Majorna-Linné, Sjömansgatan m fl;14801052;Majorna-Linné, Masthugget, Övre;omritad;vd-indelning-2018.skv = M (modifierat). vd-mappning-2014-2018.skv ger 2 källa eller källor: 14801054 42.5 procent av 2014-distriktet, 14801052 37.5 procent av 2014-distriktet. geometri geo_overlap_2014_2018.csv: 14801052 (Majorna-Linné, Masthugget, Övre) täcker 52.5 procent av det nya distriktet, 29.9 procent av det gamla ligger där, 2 källor över 5 procent;vd-mappning-2014-2018.skv + vd-indelning-2018.skv
14801056;Majorna-Linné, Slottsskogen;14801055;Majorna-Linné, Slottsskogen;identisk;vd-indelning-2018.skv = O (oforandrat). vd-mappning-2014-2018.skv ger 1 källa eller källor: 14801055 100.0 procent av 2014-distriktet. geometri geo_overlap_2014_2018.csv: 14801055 (Majorna-Linné, Slottsskogen) täcker 100.0 procent av det nya distriktet, 100.0 procent av det gamla ligger där, 1 källor över 5 procent;vd-mappning-2014-2018.skv + vd-indelning-2018.skv
14801057;Majorna-Linné, Stigberget;14801056;Majorna-Linné, Stigberget;delad;vd-indelning-2018.skv = M (modifierat). vd-mappning-2014-2018.skv ger 1 källa eller källor: 14801056 78.1 procent av 2014-distriktet. geometri geo_overlap_2014_2018.csv: 14801056 (Majorna-Linné, Stigberget) täcker 100.0 procent av det nya distriktet, 78.1 procent av det gamla ligger där, 1 källor över 5 procent;vd-mappning-2014-2018.skv + vd-indelning-2018.skv
14801058;Majorna-Linné, Vegastaden;14801057;Majorna-Linné, Vegastaden;identisk;vd-indelning-2018.skv = O (oforandrat). vd-mappning-2014-2018.skv ger 1 källa eller källor: 14801057 100.0 procent av 2014-distriktet. geometri geo_overlap_2014_2018.csv: 14801057 (Majorna-Linné, Vegastaden) täcker 100.0 procent av det nya distriktet, 100.0 procent av det gamla ligger där, 1 källor över 5 procent;vd-mappning-2014-2018.skv + vd-indelning-2018.skv
14801061;Majorna-Linné, Änggården;14801061;Majorna-Linné, Änggården;identisk;vd-indelning-2018.skv = O (oforandrat). vd-mappning-2014-2018.skv ger 1 källa eller källor: 14801061 100.0 procent av 2014-distriktet. geometri geo_overlap_2014_2018.csv: 14801061 (Majorna-Linné, Änggården) täcker 100.0 procent av det nya distriktet, 100.0 procent av det gamla ligger där, 1 källor över 5 procent;vd-mappning-2014-2018.skv + vd-indelning-2018.skv
14801071;Majorna-Linné, Haga Västra;14801071;Majorna-Linné, Haga;omritad;vd-indelning-2018.skv = M (modifierat). vd-mappning-2014-2018.skv ger 2 källa eller källor: 14801071 71.2 procent av 2014-distriktet, 14801072 1.5 procent av 2014-distriktet. geometri geo_overlap_2014_2018.csv: 14801071 (Majorna-Linné, Haga) täcker 63.7 procent av det nya distriktet, 78.2 procent av det gamla ligger där, 2 källor över 5 procent;vd-mappning-2014-2018.skv + vd-indelning-2018.skv
14801072;Majorna-Linné, Haga Östra;14801072;Majorna-Linné, Skansberget;delad;vd-indelning-2018.skv = M (modifierat). vd-mappning-2014-2018.skv ger 1 källa eller källor: 14801072 60.1 procent av 2014-distriktet. geometri geo_overlap_2014_2018.csv: 14801072 (Majorna-Linné, Skansberget) täcker 96.5 procent av det nya distriktet, 52.9 procent av det gamla ligger där, 1 källor över 5 procent;vd-mappning-2014-2018.skv + vd-indelning-2018.skv
14801073;Majorna-Linné, Skansberget;14801072;Majorna-Linné, Skansberget;omritad;vd-indelning-2018.skv = M (modifierat). vd-mappning-2014-2018.skv ger 2 källa eller källor: 14801072 38.4 procent av 2014-distriktet, 14801071 28.8 procent av 2014-distriktet. geometri geo_overlap_2014_2018.csv: 14801072 (Majorna-Linné, Skansberget) täcker 82.2 procent av det nya distriktet, 29.9 procent av det gamla ligger där, 2 källor över 5 procent;vd-mappning-2014-2018.skv + vd-indelning-2018.skv
14801081;Majorna-Linné, Annedal, Norra;14801082;Majorna-Linné, Nilssonsberg;omritad;vd-indelning-2018.skv = M (modifierat). vd-mappning-2014-2018.skv ger 2 källa eller källor: 14801081 41.2 procent av 2014-distriktet, 14801082 25.6 procent av 2014-distriktet. geometri geo_overlap_2014_2018.csv: 14801082 (Majorna-Linné, Nilssonsberg) täcker 56.8 procent av det nya distriktet, 46.8 procent av det gamla ligger där, 2 källor över 5 procent;vd-mappning-2014-2018.skv + vd-indelning-2018.skv
14801082;Majorna-Linné, Annedal, Södra;14801081;Majorna-Linné, Annedal;delad;vd-indelning-2018.skv = M (modifierat). vd-mappning-2014-2018.skv ger 1 källa eller källor: 14801081 58.8 procent av 2014-distriktet. geometri geo_overlap_2014_2018.csv: 14801081 (Majorna-Linné, Annedal) täcker 100.0 procent av det nya distriktet, 78.9 procent av det gamla ligger där, 1 källor över 5 procent;vd-mappning-2014-2018.skv + vd-indelning-2018.skv
14801083;Majorna-Linné, Nilssonsberg;14801082;Majorna-Linné, Nilssonsberg;delad;vd-indelning-2018.skv = M (modifierat). vd-mappning-2014-2018.skv ger 1 källa eller källor: 14801082 74.4 procent av 2014-distriktet. geometri geo_overlap_2014_2018.csv: 14801082 (Majorna-Linné, Nilssonsberg) täcker 100.0 procent av det nya distriktet, 53.2 procent av det gamla ligger där, 1 källor över 5 procent;vd-mappning-2014-2018.skv + vd-indelning-2018.skv
14801091;Majorna-Linné, Kommendantsängen;14801091;Majorna-Linné, Kommendantsängen;identisk;vd-indelning-2018.skv = O (oforandrat). vd-mappning-2014-2018.skv ger 1 källa eller källor: 14801091 100.0 procent av 2014-distriktet. geometri geo_overlap_2014_2018.csv: 14801091 (Majorna-Linné, Kommendantsängen) täcker 100.0 procent av det nya distriktet, 100.0 procent av det gamla ligger där, 1 källor över 5 procent;vd-mappning-2014-2018.skv + vd-indelning-2018.skv
14801092;Majorna-Linné, Linné;14801092;Majorna-Linné, Linné;omritad;vd-indelning-2018.skv = M (modifierat). vd-mappning-2014-2018.skv ger 2 källa eller källor: 14801092 56.0 procent av 2014-distriktet, 14801095 31.7 procent av 2014-distriktet. geometri geo_overlap_2014_2018.csv: 14801092 (Majorna-Linné, Linné) täcker 62.6 procent av det nya distriktet, 49.9 procent av det gamla ligger där, 2 källor över 5 procent;vd-mappning-2014-2018.skv + vd-indelning-2018.skv
14801093;Majorna-Linné, Linnéplatsen;14801093;Majorna-Linné, Linnéplatsen;omritad;vd-indelning-2018.skv = M (modifierat). vd-mappning-2014-2018.skv ger 2 källa eller källor: 14801093 100.0 procent av 2014-distriktet, 14801095 20.7 procent av 2014-distriktet. geometri geo_overlap_2014_2018.csv: 14801093 (Majorna-Linné, Linnéplatsen) täcker 82.2 procent av det nya distriktet, 100.0 procent av det gamla ligger där, 2 källor över 5 procent;vd-mappning-2014-2018.skv + vd-indelning-2018.skv
14801094;Majorna-Linné, Långgatorna;14801094;Majorna-Linné, Långgatorna;delad;vd-indelning-2018.skv = M (modifierat). vd-mappning-2014-2018.skv ger 1 källa eller källor: 14801094 64.0 procent av 2014-distriktet. geometri geo_overlap_2014_2018.csv: 14801094 (Majorna-Linné, Långgatorna) täcker 100.0 procent av det nya distriktet, 93.3 procent av det gamla ligger där, 1 källor över 5 procent;vd-mappning-2014-2018.skv + vd-indelning-2018.skv
14801095;Majorna-Linné, Olivedal;14801095;Majorna-Linné, Olivedal;omritad;vd-indelning-2018.skv = M (modifierat). vd-mappning-2014-2018.skv ger 2 källa eller källor: 14801095 47.5 procent av 2014-distriktet, 14801092 16.3 procent av 2014-distriktet. geometri geo_overlap_2014_2018.csv: 14801095 (Majorna-Linné, Olivedal) täcker 82.9 procent av det nya distriktet, 62.4 procent av det gamla ligger där, 2 källor över 5 procent;vd-mappning-2014-2018.skv + vd-indelning-2018.skv
14801096;Majorna-Linné, Plantagegatan, m fl;14801092;Majorna-Linné, Linné;omritad;vd-indelning-2018.skv = M (modifierat). vd-mappning-2014-2018.skv ger 2 källa eller källor: 14801094 36.0 procent av 2014-distriktet, 14801092 27.7 procent av 2014-distriktet. geometri geo_overlap_2014_2018.csv: 14801092 (Majorna-Linné, Linné) täcker 52.8 procent av det nya distriktet, 34.3 procent av det gamla ligger där, 2 källor över 5 procent;vd-mappning-2014-2018.skv + vd-indelning-2018.skv
14801097;Majorna-Linné, Risåsen;14801096;Majorna-Linné, Risåsen;identisk;vd-indelning-2018.skv = O (oforandrat). vd-mappning-2014-2018.skv ger 1 källa eller källor: 14801096 100.0 procent av 2014-distriktet. geometri geo_overlap_2014_2018.csv: 14801096 (Majorna-Linné, Risåsen) täcker 100.0 procent av det nya distriktet, 100.0 procent av det gamla ligger där, 1 källor över 5 procent;vd-mappning-2014-2018.skv + vd-indelning-2018.skv
14801098;Majorna-Linné, Sveaplan;14801097;Majorna-Linné, Sveaplan;identisk;vd-indelning-2018.skv = O (oforandrat). vd-mappning-2014-2018.skv ger 1 källa eller källor: 14801097 100.0 procent av 2014-distriktet. geometri geo_overlap_2014_2018.csv: 14801097 (Majorna-Linné, Sveaplan) täcker 100.0 procent av det nya distriktet, 100.0 procent av det gamla ligger där, 1 källor över 5 procent;vd-mappning-2014-2018.skv + vd-indelning-2018.skv
14801100;Centrum, Framnäs;14801101;Centrum, Framnäs;omritad;vd-indelning-2018.skv = M (modifierat). vd-mappning-2014-2018.skv ger 2 källa eller källor: 14801103 36.7 procent av 2014-distriktet, 14801101 31.3 procent av 2014-distriktet. geometri geo_overlap_2014_2018.csv: 14801101 (Centrum, Framnäs) täcker 53.8 procent av det nya distriktet, 36.8 procent av det gamla ligger där, 2 källor över 5 procent;vd-mappning-2014-2018.skv + vd-indelning-2018.skv
14801101;Centrum, Fredriksdal;14801102;Centrum, Fredriksdal;omritad;vd-indelning-2018.skv = M (modifierat). vd-mappning-2014-2018.skv ger 2 källa eller källor: 14801102 64.2 procent av 2014-distriktet, 14801107 12.4 procent av 2014-distriktet. geometri geo_overlap_2014_2018.csv: 14801102 (Centrum, Fredriksdal) täcker 90.7 procent av det nya distriktet, 38.8 procent av det gamla ligger där, 2 källor över 5 procent;vd-mappning-2014-2018.skv + vd-indelning-2018.skv
14801102;Centrum, Fridkullagatan m fl;14801107;Centrum, Mossen;omritad;vd-indelning-2018.skv = M (modifierat). vd-mappning-2014-2018.skv ger 4 källa eller källor: 14801103 48.8 procent av 2014-distriktet, 14801107 16.6 procent av 2014-distriktet, 14801101 9.8 procent av 2014-distriktet, 14801106 8.3 procent av 2014-distriktet. geometri geo_overlap_2014_2018.csv: 14801107 (Centrum, Mossen) täcker 47.5 procent av det nya distriktet, 76.6 procent av det gamla ligger där, 3 källor över 5 procent;vd-mappning-2014-2018.skv + vd-indelning-2018.skv
14801103;Centrum, Getebergsäng;14801104;Centrum, Getebergsäng;identisk;vd-indelning-2018.skv = O (oforandrat). vd-mappning-2014-2018.skv ger 1 källa eller källor: 14801104 100.0 procent av 2014-distriktet. geometri geo_overlap_2014_2018.csv: 14801104 (Centrum, Getebergsäng) täcker 100.0 procent av det nya distriktet, 100.0 procent av det gamla ligger där, 1 källor över 5 procent;vd-mappning-2014-2018.skv + vd-indelning-2018.skv
14801104;Centrum, Kristinehöjd, Västra;14801105;Centrum, Kristinehöjd;namnbyte;vd-indelning-2018.skv = O (oforandrat). vd-mappning-2014-2018.skv ger 1 källa eller källor: 14801105 100.0 procent av 2014-distriktet. geometri geo_overlap_2014_2018.csv: 14801105 (Centrum, Kristinehöjd) täcker 100.0 procent av det nya distriktet, 100.0 procent av det gamla ligger där, 1 källor över 5 procent;vd-mappning-2014-2018.skv + vd-indelning-2018.skv
14801105;Centrum, Kristinehöjd, Östra;14801106;Centrum, Krokslätt;delad;vd-indelning-2018.skv = M (modifierat). vd-mappning-2014-2018.skv ger 1 källa eller källor: 14801106 91.7 procent av 2014-distriktet. geometri geo_overlap_2014_2018.csv: 14801106 (Centrum, Krokslätt) täcker 100.0 procent av det nya distriktet, 94.4 procent av det gamla ligger där, 1 källor över 5 procent;vd-mappning-2014-2018.skv + vd-indelning-2018.skv
14801106;Centrum, Krokslätt, Norra;14801101;Centrum, Framnäs;delad;vd-indelning-2018.skv = M (modifierat). vd-mappning-2014-2018.skv ger 1 källa eller källor: 14801101 58.9 procent av 2014-distriktet. geometri geo_overlap_2014_2018.csv: 14801101 (Centrum, Framnäs) täcker 100.0 procent av det nya distriktet, 58.6 procent av det gamla ligger där, 1 källor över 5 procent;vd-mappning-2014-2018.skv + vd-indelning-2018.skv
14801107;Centrum, Krokslätt, Södra;14801102;Centrum, Fredriksdal;delad;vd-indelning-2018.skv = M (modifierat). vd-mappning-2014-2018.skv ger 1 källa eller källor: 14801102 35.8 procent av 2014-distriktet. geometri geo_overlap_2014_2018.csv: 14801102 (Centrum, Fredriksdal) täcker 100.0 procent av det nya distriktet, 60.9 procent av det gamla ligger där, 1 källor över 5 procent;vd-mappning-2014-2018.skv + vd-indelning-2018.skv
14801108;Centrum, Mossen;14801107;Centrum, Mossen;omritad;vd-indelning-2018.skv = M (modifierat). vd-mappning-2014-2018.skv ger 2 källa eller källor: 14801107 71.0 procent av 2014-distriktet, 14801103 14.4 procent av 2014-distriktet. geometri geo_overlap_2014_2018.csv: 14801107 (Centrum, Mossen) täcker 83.4 procent av det nya distriktet, 13.4 procent av det gamla ligger där, 2 källor över 5 procent;vd-mappning-2014-2018.skv + vd-indelning-2018.skv
14801109;Centrum, Olofshöjd;14801108;Centrum, Olofshöjd;identisk;vd-indelning-2018.skv = O (oforandrat). vd-mappning-2014-2018.skv ger 1 källa eller källor: 14801108 100.0 procent av 2014-distriktet. geometri geo_overlap_2014_2018.csv: 14801108 (Centrum, Olofshöjd) täcker 100.0 procent av det nya distriktet, 100.0 procent av det gamla ligger där, 1 källor över 5 procent;vd-mappning-2014-2018.skv + vd-indelning-2018.skv
14801111;Centrum, Eklanda Norra;14801111;Centrum, Eklanda;delad;vd-indelning-2018.skv = M (modifierat). vd-mappning-2014-2018.skv ger 1 källa eller källor: 14801111 60.4 procent av 2014-distriktet. geometri geo_overlap_2014_2018.csv: 14801111 (Centrum, Eklanda) täcker 100.0 procent av det nya distriktet, 67.2 procent av det gamla ligger där, 1 källor över 5 procent;vd-mappning-2014-2018.skv + vd-indelning-2018.skv
14801112;Centrum, Eklanda Södra;14801111;Centrum, Eklanda;omritad;vd-indelning-2018.skv = M (modifierat). vd-mappning-2014-2018.skv ger 2 källa eller källor: 14801111 39.6 procent av 2014-distriktet, 14801113 21.4 procent av 2014-distriktet. geometri geo_overlap_2014_2018.csv: 14801111 (Centrum, Eklanda) täcker 80.5 procent av det nya distriktet, 32.8 procent av det gamla ligger där, 2 källor över 5 procent;vd-mappning-2014-2018.skv + vd-indelning-2018.skv
14801113;Centrum, Johanneberg, Nedre;14801112;Centrum, Johanneberg, Nedre;delad;vd-indelning-2018.skv = M (modifierat). vd-mappning-2014-2018.skv ger 1 källa eller källor: 14801112 73.3 procent av 2014-distriktet. geometri geo_overlap_2014_2018.csv: 14801112 (Centrum, Johanneberg, Nedre) täcker 100.0 procent av det nya distriktet, 17.7 procent av det gamla ligger där, 1 källor över 5 procent;vd-mappning-2014-2018.skv + vd-indelning-2018.skv
14801114;Centrum, Johanneberg, Västra;14801112;Centrum, Johanneberg, Nedre;omritad;vd-indelning-2018.skv = M (modifierat). vd-mappning-2014-2018.skv ger 2 källa eller källor: 14801113 33.6 procent av 2014-distriktet, 14801112 26.7 procent av 2014-distriktet. geometri geo_overlap_2014_2018.csv: 14801112 (Centrum, Johanneberg, Nedre) täcker 89.2 procent av det nya distriktet, 82.3 procent av det gamla ligger där, 2 källor över 5 procent;vd-mappning-2014-2018.skv + vd-indelning-2018.skv
14801115;Centrum, Johanneberg, Östra;14801114;Centrum, Johanneberg, Övre;omritad;vd-indelning-2018.skv = M (modifierat). vd-mappning-2014-2018.skv ger 2 källa eller källor: 14801113 45.0 procent av 2014-distriktet, 14801114 30.6 procent av 2014-distriktet. geometri geo_overlap_2014_2018.csv: 14801114 (Centrum, Johanneberg, Övre) täcker 51.3 procent av det nya distriktet, 32.2 procent av det gamla ligger där, 2 källor över 5 procent;vd-mappning-2014-2018.skv + vd-indelning-2018.skv
14801116;Centrum, Johanneberg, Övre;14801114;Centrum, Johanneberg, Övre;delad;vd-indelning-2018.skv = M (modifierat). vd-mappning-2014-2018.skv ger 1 källa eller källor: 14801114 69.4 procent av 2014-distriktet. geometri geo_overlap_2014_2018.csv: 14801114 (Centrum, Johanneberg, Övre) täcker 100.0 procent av det nya distriktet, 67.8 procent av det gamla ligger där, 1 källor över 5 procent;vd-mappning-2014-2018.skv + vd-indelning-2018.skv
14801121;Centrum, Landala;14801121;Centrum, Landala;identisk;vd-indelning-2018.skv = O (oforandrat). vd-mappning-2014-2018.skv ger 1 källa eller källor: 14801121 100.0 procent av 2014-distriktet. geometri geo_overlap_2014_2018.csv: 14801121 (Centrum, Landala) täcker 100.0 procent av det nya distriktet, 100.0 procent av det gamla ligger där, 1 källor över 5 procent;vd-mappning-2014-2018.skv + vd-indelning-2018.skv
14801122;Centrum, Landalabergen m fl;14801122;Centrum, Landalabergen m fl;identisk;vd-indelning-2018.skv = O (oforandrat). vd-mappning-2014-2018.skv ger 1 källa eller källor: 14801122 100.0 procent av 2014-distriktet. geometri geo_overlap_2014_2018.csv: 14801122 (Centrum, Landalabergen m fl) täcker 100.0 procent av det nya distriktet, 100.0 procent av det gamla ligger där, 1 källor över 5 procent;vd-mappning-2014-2018.skv + vd-indelning-2018.skv
14801123;Centrum, Landalagången m fl;14801123;Centrum, Landalagången m fl;identisk;vd-indelning-2018.skv = O (oforandrat). vd-mappning-2014-2018.skv ger 1 källa eller källor: 14801123 100.0 procent av 2014-distriktet. geometri geo_overlap_2014_2018.csv: 14801123 (Centrum, Landalagången m fl) täcker 100.0 procent av det nya distriktet, 92.9 procent av det gamla ligger där, 1 källor över 5 procent OBS geometrin ger bara 100.0/92.9 procent;vd-mappning-2014-2018.skv + vd-indelning-2018.skv
14801131;Centrum, Doktor Forselius Backe m fl;14801131;Centrum, Doktor Forselius gata m fl;omritad;vd-indelning-2018.skv = M (modifierat). vd-mappning-2014-2018.skv ger 2 källa eller källor: 14801131 57.1 procent av 2014-distriktet, 14801132 20.4 procent av 2014-distriktet. geometri geo_overlap_2014_2018.csv: 14801131 (Centrum, Doktor Forselius gata m fl) täcker 62.8 procent av det nya distriktet, 47.1 procent av det gamla ligger där, 2 källor över 5 procent;vd-mappning-2014-2018.skv + vd-indelning-2018.skv
14801132;Centrum, Guldheden Vattentornet;14801132;Centrum, Guldheden vattentornet;delad;vd-indelning-2018.skv = M (modifierat). vd-mappning-2014-2018.skv ger 1 källa eller källor: 14801132 79.6 procent av 2014-distriktet. geometri geo_overlap_2014_2018.csv: 14801132 (Centrum, Guldheden vattentornet) täcker 100.0 procent av det nya distriktet, 86.9 procent av det gamla ligger där, 1 källor över 5 procent;vd-mappning-2014-2018.skv + vd-indelning-2018.skv
14801133;Centrum, Guldheden Östra;14801131;Centrum, Doktor Forselius gata m fl;omritad;vd-indelning-2018.skv = M (modifierat). vd-mappning-2014-2018.skv ger 2 källa eller källor: 14801131 42.9 procent av 2014-distriktet, 14801136 38.7 procent av 2014-distriktet. geometri geo_overlap_2014_2018.csv: 14801131 (Centrum, Doktor Forselius gata m fl) täcker 55.9 procent av det nya distriktet, 52.6 procent av det gamla ligger där, 2 källor över 5 procent;vd-mappning-2014-2018.skv + vd-indelning-2018.skv
14801134;Centrum, Guldheden, Centrala;14801133;Centrum, Guldheden, Centrala;identisk;vd-indelning-2018.skv = O (oforandrat). vd-mappning-2014-2018.skv ger 1 källa eller källor: 14801133 100.0 procent av 2014-distriktet. geometri geo_overlap_2014_2018.csv: 14801133 (Centrum, Guldheden, Centrala) täcker 100.0 procent av det nya distriktet, 100.0 procent av det gamla ligger där, 1 källor över 5 procent;vd-mappning-2014-2018.skv + vd-indelning-2018.skv
14801135;Centrum, Guldheden, Norra;14801134;Centrum, Guldheden, Norra;delad;vd-indelning-2018.skv = M (modifierat). vd-mappning-2014-2018.skv ger 1 källa eller källor: 14801134 78.2 procent av 2014-distriktet. geometri geo_overlap_2014_2018.csv: 14801134 (Centrum, Guldheden, Norra) täcker 100.0 procent av det nya distriktet, 85.2 procent av det gamla ligger där, 1 källor över 5 procent;vd-mappning-2014-2018.skv + vd-indelning-2018.skv
14801136;Centrum, Guldheden, Södra;14801135;Centrum, Guldheden, Södra;identisk;vd-indelning-2018.skv = O (oforandrat). vd-mappning-2014-2018.skv ger 1 källa eller källor: 14801135 100.0 procent av 2014-distriktet. geometri geo_overlap_2014_2018.csv: 14801135 (Centrum, Guldheden, Södra) täcker 100.0 procent av det nya distriktet, 100.0 procent av det gamla ligger där, 1 källor över 5 procent;vd-mappning-2014-2018.skv + vd-indelning-2018.skv
14801137;Centrum, Landala Egnahem;14801136;Centrum, Landala Egnahem;omritad;vd-indelning-2018.skv = M (modifierat). vd-mappning-2014-2018.skv ger 2 källa eller källor: 14801136 61.3 procent av 2014-distriktet, 14801134 21.8 procent av 2014-distriktet. geometri geo_overlap_2014_2018.csv: 14801136 (Centrum, Landala Egnahem) täcker 71.0 procent av det nya distriktet, 69.3 procent av det gamla ligger där, 2 källor över 5 procent;vd-mappning-2014-2018.skv + vd-indelning-2018.skv
14801141;Centrum, Lorensberg;14801141;Centrum, Lorensberg;delad;vd-indelning-2018.skv = M (modifierat). vd-mappning-2014-2018.skv ger 1 källa eller källor: 14801141 83.9 procent av 2014-distriktet. geometri geo_overlap_2014_2018.csv: 14801141 (Centrum, Lorensberg) täcker 100.0 procent av det nya distriktet, 81.0 procent av det gamla ligger där, 1 källor över 5 procent;vd-mappning-2014-2018.skv + vd-indelning-2018.skv
14801151;Centrum, Fogelbergsparken;14801153;Centrum, Vasastaden, Södra;omritad;vd-indelning-2018.skv = M (modifierat). vd-mappning-2014-2018.skv ger 2 källa eller källor: 14801153 52.0 procent av 2014-distriktet, 14801152 13.8 procent av 2014-distriktet. geometri geo_overlap_2014_2018.csv: 14801153 (Centrum, Vasastaden, Södra) täcker 78.5 procent av det nya distriktet, 66.0 procent av det gamla ligger där, 2 källor över 5 procent;vd-mappning-2014-2018.skv + vd-indelning-2018.skv
14801152;Centrum, Valand;14801151;Centrum, Valand;identisk;vd-indelning-2018.skv = O (oforandrat). vd-mappning-2014-2018.skv ger 1 källa eller källor: 14801151 100.0 procent av 2014-distriktet. geometri geo_overlap_2014_2018.csv: 14801151 (Centrum, Valand) täcker 100.0 procent av det nya distriktet, 100.0 procent av det gamla ligger där, 1 källor över 5 procent;vd-mappning-2014-2018.skv + vd-indelning-2018.skv
14801153;Centrum, Vasastaden, Norra;14801152;Centrum, Vasastaden, Norra;delad;vd-indelning-2018.skv = M (modifierat). vd-mappning-2014-2018.skv ger 1 källa eller källor: 14801152 86.2 procent av 2014-distriktet. geometri geo_overlap_2014_2018.csv: 14801152 (Centrum, Vasastaden, Norra) täcker 100.0 procent av det nya distriktet, 88.2 procent av det gamla ligger där, 1 källor över 5 procent;vd-mappning-2014-2018.skv + vd-indelning-2018.skv
14801154;Centrum, Vasastaden, Södra;14801153;Centrum, Vasastaden, Södra;omritad;vd-indelning-2018.skv = M (modifierat). vd-mappning-2014-2018.skv ger 2 källa eller källor: 14801153 48.0 procent av 2014-distriktet, 14801154 26.3 procent av 2014-distriktet. geometri geo_overlap_2014_2018.csv: 14801153 (Centrum, Vasastaden, Södra) täcker 56.0 procent av det nya distriktet, 34.0 procent av det gamla ligger där, 2 källor över 5 procent;vd-mappning-2014-2018.skv + vd-indelning-2018.skv
14801155;Centrum, Vasastaden, Östra;14801154;Centrum, Vasastaden, Östra;delad;vd-indelning-2018.skv = M (modifierat). vd-mappning-2014-2018.skv ger 1 källa eller källor: 14801154 73.7 procent av 2014-distriktet. geometri geo_overlap_2014_2018.csv: 14801154 (Centrum, Vasastaden, Östra) täcker 100.0 procent av det nya distriktet, 78.7 procent av det gamla ligger där, 1 källor över 5 procent;vd-mappning-2014-2018.skv + vd-indelning-2018.skv
14801161;Centrum, Inom Vallgraven;14801161;Centrum, Inom Vallgraven;delad;vd-indelning-2018.skv = M (modifierat). vd-mappning-2014-2018.skv ger 1 källa eller källor: 14801161 74.8 procent av 2014-distriktet. geometri geo_overlap_2014_2018.csv: 14801161 (Centrum, Inom Vallgraven) täcker 100.0 procent av det nya distriktet, 69.2 procent av det gamla ligger där, 1 källor över 5 procent;vd-mappning-2014-2018.skv + vd-indelning-2018.skv
14801162;Centrum, Nordstan;14801162;Centrum, Nordstan-Otterhällan;omritad;vd-indelning-2018.skv = M (modifierat). vd-mappning-2014-2018.skv ger 2 källa eller källor: 14801162 54.4 procent av 2014-distriktet, 14801161 10.8 procent av 2014-distriktet. geometri geo_overlap_2014_2018.csv: 14801162 (Centrum, Nordstan-Otterhällan) täcker 78.9 procent av det nya distriktet, 71.0 procent av det gamla ligger där, 2 källor över 5 procent;vd-mappning-2014-2018.skv + vd-indelning-2018.skv
14801163;Centrum, Otterhällan;14801162;Centrum, Nordstan-Otterhällan;omritad;vd-indelning-2018.skv = M (modifierat). vd-mappning-2014-2018.skv ger 2 källa eller källor: 14801162 45.6 procent av 2014-distriktet, 14801161 14.5 procent av 2014-distriktet. geometri geo_overlap_2014_2018.csv: 14801162 (Centrum, Nordstan-Otterhällan) täcker 81.0 procent av det nya distriktet, 29.0 procent av det gamla ligger där, 2 källor över 5 procent;vd-mappning-2014-2018.skv + vd-indelning-2018.skv
14801171;Centrum, Friggagatan m fl;14801171;Centrum, Friggagatan-Stampen;delad;vd-indelning-2018.skv = M (modifierat). vd-mappning-2014-2018.skv ger 1 källa eller källor: 14801171 79.2 procent av 2014-distriktet. geometri geo_overlap_2014_2018.csv: 14801171 (Centrum, Friggagatan-Stampen) täcker 100.0 procent av det nya distriktet, 68.7 procent av det gamla ligger där, 1 källor över 5 procent;vd-mappning-2014-2018.skv + vd-indelning-2018.skv
14801172;Centrum, Gårda, Norra;14801173;Centrum, Gårda, Norra;identisk;vd-indelning-2018.skv = O (oforandrat). vd-mappning-2014-2018.skv ger 1 källa eller källor: 14801173 100.0 procent av 2014-distriktet. geometri geo_overlap_2014_2018.csv: 14801173 (Centrum, Gårda, Norra) täcker 100.0 procent av det nya distriktet, 100.0 procent av det gamla ligger där, 1 källor över 5 procent;vd-mappning-2014-2018.skv + vd-indelning-2018.skv
14801173;Centrum, Odinsgatan m fl;14801172;Centrum, Gullbergsvass-Svingeln;omritad;vd-indelning-2018.skv = M (modifierat). vd-mappning-2014-2018.skv ger 2 källa eller källor: 14801174 69.3 procent av 2014-distriktet, 14801172 1.5 procent av 2014-distriktet. geometri geo_overlap_2014_2018.csv: 14801172 (Centrum, Gullbergsvass-Svingeln) täcker 92.8 procent av det nya distriktet, 87.4 procent av det gamla ligger där, 2 källor över 5 procent;vd-mappning-2014-2018.skv + vd-indelning-2018.skv
14801174;Centrum, Stampen;14801172;Centrum, Gullbergsvass-Svingeln;omritad;vd-indelning-2018.skv = M (modifierat). vd-mappning-2014-2018.skv ger 3 källa eller källor: 14801174 30.7 procent av 2014-distriktet, 14801172 29.2 procent av 2014-distriktet, 14801171 20.8 procent av 2014-distriktet. geometri geo_overlap_2014_2018.csv: 14801172 (Centrum, Gullbergsvass-Svingeln) täcker 68.3 procent av det nya distriktet, 5.2 procent av det gamla ligger där, 3 källor över 5 procent;vd-mappning-2014-2018.skv + vd-indelning-2018.skv
14801175;Centrum, Svingeln;14801172;Centrum, Gullbergsvass-Svingeln;delad;vd-indelning-2018.skv = M (modifierat). vd-mappning-2014-2018.skv ger 1 källa eller källor: 14801172 69.3 procent av 2014-distriktet. geometri geo_overlap_2014_2018.csv: 14801172 (Centrum, Gullbergsvass-Svingeln) täcker 100.0 procent av det nya distriktet, 7.4 procent av det gamla ligger där, 1 källor över 5 procent;vd-mappning-2014-2018.skv + vd-indelning-2018.skv
14801181;Centrum, Bohusgatan m fl;14801183;Centrum, Heden;omritad;vd-indelning-2018.skv = M (modifierat). vd-mappning-2014-2018.skv ger 2 källa eller källor: 14801181 45.2 procent av 2014-distriktet, 14801183 7.9 procent av 2014-distriktet. geometri geo_overlap_2014_2018.csv: 14801183 (Centrum, Heden) täcker 56.9 procent av det nya distriktet, 84.0 procent av det gamla ligger där, 2 källor över 5 procent;vd-mappning-2014-2018.skv + vd-indelning-2018.skv
14801182;Centrum, Gårda, Södra;14801182;Centrum, Gårda, Södra;delad;vd-indelning-2018.skv = M (modifierat). vd-mappning-2014-2018.skv ger 1 källa eller källor: 14801182 85.5 procent av 2014-distriktet. geometri geo_overlap_2014_2018.csv: 14801182 (Centrum, Gårda, Södra) täcker 100.0 procent av det nya distriktet, 97.4 procent av det gamla ligger där, 1 källor över 5 procent;vd-mappning-2014-2018.skv + vd-indelning-2018.skv
14801183;Centrum, Heden;14801183;Centrum, Heden;delad;vd-indelning-2018.skv = M (modifierat). vd-mappning-2014-2018.skv ger 1 källa eller källor: 14801183 92.1 procent av 2014-distriktet. geometri geo_overlap_2014_2018.csv: 14801183 (Centrum, Heden) täcker 100.0 procent av det nya distriktet, 16.0 procent av det gamla ligger där, 1 källor över 5 procent;vd-mappning-2014-2018.skv + vd-indelning-2018.skv
14801184;Centrum, Hedås;14801141;Centrum, Lorensberg;omritad;vd-indelning-2018.skv = M (modifierat). vd-mappning-2014-2018.skv ger 2 källa eller källor: 14801184 100.0 procent av 2014-distriktet, 14801141 16.1 procent av 2014-distriktet. geometri geo_overlap_2014_2018.csv: 14801141 (Centrum, Lorensberg) täcker 55.5 procent av det nya distriktet, 19.0 procent av det gamla ligger där, 2 källor över 5 procent;vd-mappning-2014-2018.skv + vd-indelning-2018.skv
14801185;Centrum, Sten Sturegatan m fl;14801181;Centrum, Bohusgatan m fl;omritad;vd-indelning-2018.skv = M (modifierat). vd-mappning-2014-2018.skv ger 2 källa eller källor: 14801181 54.8 procent av 2014-distriktet, 14801182 14.5 procent av 2014-distriktet. geometri geo_overlap_2014_2018.csv: 14801181 (Centrum, Bohusgatan m fl) täcker 53.3 procent av det nya distriktet, 12.0 procent av det gamla ligger där, 2 källor över 5 procent;vd-mappning-2014-2018.skv + vd-indelning-2018.skv
14802011;Örgryte-Härlanda, Gubbero;14802011;Örgryte-Härlanda, Gubbero;identisk;vd-indelning-2018.skv = O (oforandrat). vd-mappning-2014-2018.skv ger 1 källa eller källor: 14802011 100.0 procent av 2014-distriktet. geometri geo_overlap_2014_2018.csv: 14802011 (Örgryte-Härlanda, Gubbero) täcker 100.0 procent av det nya distriktet, 100.0 procent av det gamla ligger där, 1 källor över 5 procent;vd-mappning-2014-2018.skv + vd-indelning-2018.skv
14802012;Örgryte-Härlanda, Olskroken;14802012;Örgryte-Härlanda, Olskroken;identisk;vd-indelning-2018.skv = O (oforandrat). vd-mappning-2014-2018.skv ger 1 källa eller källor: 14802012 100.0 procent av 2014-distriktet. geometri geo_overlap_2014_2018.csv: 14802012 (Örgryte-Härlanda, Olskroken) täcker 100.0 procent av det nya distriktet, 100.0 procent av det gamla ligger där, 1 källor över 5 procent;vd-mappning-2014-2018.skv + vd-indelning-2018.skv
14802013;Örgryte-Härlanda, Redberget;14802013;Örgryte-Härlanda, Redberget;identisk;vd-indelning-2018.skv = O (oforandrat). vd-mappning-2014-2018.skv ger 1 källa eller källor: 14802013 100.0 procent av 2014-distriktet. geometri geo_overlap_2014_2018.csv: 14802013 (Örgryte-Härlanda, Redberget) täcker 100.0 procent av det nya distriktet, 100.0 procent av det gamla ligger där, 1 källor över 5 procent;vd-mappning-2014-2018.skv + vd-indelning-2018.skv
14802014;Örgryte-Härlanda, Redbergsplatsen;14802014;Örgryte-Härlanda, Redbergsplatsen;identisk;vd-indelning-2018.skv = O (oforandrat). vd-mappning-2014-2018.skv ger 1 källa eller källor: 14802014 100.0 procent av 2014-distriktet. geometri geo_overlap_2014_2018.csv: 14802014 (Örgryte-Härlanda, Redbergsplatsen) täcker 100.0 procent av det nya distriktet, 100.0 procent av det gamla ligger där, 1 källor över 5 procent;vd-mappning-2014-2018.skv + vd-indelning-2018.skv
14802021;Örgryte-Härlanda, Bagaregården;14802021;Örgryte-Härlanda, Bagaregården;omritad;vd-indelning-2018.skv = M (modifierat). vd-mappning-2014-2018.skv ger 2 källa eller källor: 14802021 100.0 procent av 2014-distriktet, 14802022 14.0 procent av 2014-distriktet. geometri geo_overlap_2014_2018.csv: 14802021 (Örgryte-Härlanda, Bagaregården) täcker 91.6 procent av det nya distriktet, 100.0 procent av det gamla ligger där, 2 källor över 5 procent;vd-mappning-2014-2018.skv + vd-indelning-2018.skv
14802022;Örgryte-Härlanda, Ånäs;14802031;Örgryte-Härlanda, Redbergslid;omritad;vd-indelning-2018.skv = M (modifierat). vd-mappning-2014-2018.skv ger 2 källa eller källor: 14802022 86.0 procent av 2014-distriktet, 14802031 19.4 procent av 2014-distriktet. geometri geo_overlap_2014_2018.csv: 14802031 (Örgryte-Härlanda, Redbergslid) täcker 51.3 procent av det nya distriktet, 44.9 procent av det gamla ligger där, 2 källor över 5 procent;vd-mappning-2014-2018.skv + vd-indelning-2018.skv
14802031;Örgryte-Härlanda, Strömmensberg, V;14802031;Örgryte-Härlanda, Redbergslid;delad;vd-indelning-2018.skv = M (modifierat). vd-mappning-2014-2018.skv ger 1 källa eller källor: 14802031 80.6 procent av 2014-distriktet. geometri geo_overlap_2014_2018.csv: 14802031 (Örgryte-Härlanda, Redbergslid) täcker 100.0 procent av det nya distriktet, 55.1 procent av det gamla ligger där, 1 källor över 5 procent;vd-mappning-2014-2018.skv + vd-indelning-2018.skv
14802032;Örgryte-Härlanda, Strömmensberg, Ö;14802032;Örgryte-Härlanda, Strömmensberg;namnbyte;vd-indelning-2018.skv = O (oforandrat). vd-mappning-2014-2018.skv ger 1 källa eller källor: 14802032 100.0 procent av 2014-distriktet. geometri geo_overlap_2014_2018.csv: 14802032 (Örgryte-Härlanda, Strömmensberg) täcker 100.0 procent av det nya distriktet, 100.0 procent av det gamla ligger där, 1 källor över 5 procent;vd-mappning-2014-2018.skv + vd-indelning-2018.skv
14802041;Örgryte-Härlanda, Kallebäck, Norra;14802042;Örgryte-Härlanda, Kallebäck, Östra;omritad;vd-indelning-2018.skv = M (modifierat). vd-mappning-2014-2018.skv ger 2 källa eller källor: 14802042 39.4 procent av 2014-distriktet, 14802041 25.6 procent av 2014-distriktet. geometri geo_overlap_2014_2018.csv: 14802042 (Örgryte-Härlanda, Kallebäck, Östra) täcker 82.2 procent av det nya distriktet, 4.4 procent av det gamla ligger där, 2 källor över 5 procent;vd-mappning-2014-2018.skv + vd-indelning-2018.skv
14802042;Örgryte-Härlanda, Kallebäck, Västra;14802041;Örgryte-Härlanda, Kallebäck, Västra;delad;vd-indelning-2018.skv = M (modifierat). vd-mappning-2014-2018.skv ger 1 källa eller källor: 14802041 69.5 procent av 2014-distriktet. geometri geo_overlap_2014_2018.csv: 14802041 (Örgryte-Härlanda, Kallebäck, Västra) täcker 100.0 procent av det nya distriktet, 50.9 procent av det gamla ligger där, 1 källor över 5 procent;vd-mappning-2014-2018.skv + vd-indelning-2018.skv
14802043;Örgryte-Härlanda, Kallebäck, Östra;14802042;Örgryte-Härlanda, Kallebäck, Östra;omritad;vd-indelning-2018.skv = M (modifierat). vd-mappning-2014-2018.skv ger 2 källa eller källor: 14802042 60.6 procent av 2014-distriktet, 14802041 4.9 procent av 2014-distriktet. geometri geo_overlap_2014_2018.csv: 14802042 (Örgryte-Härlanda, Kallebäck, Östra) täcker 89.6 procent av det nya distriktet, 95.3 procent av det gamla ligger där, 2 källor över 5 procent;vd-mappning-2014-2018.skv + vd-indelning-2018.skv
14802051;Örgryte-Härlanda, Jakobsdal;14802051;Örgryte-Härlanda, Jakobsdal;identisk;vd-indelning-2018.skv = O (oforandrat). vd-mappning-2014-2018.skv ger 1 källa eller källor: 14802051 100.0 procent av 2014-distriktet. geometri geo_overlap_2014_2018.csv: 14802051 (Örgryte-Härlanda, Jakobsdal) täcker 100.0 procent av det nya distriktet, 100.0 procent av det gamla ligger där, 1 källor över 5 procent;vd-mappning-2014-2018.skv + vd-indelning-2018.skv
14802052;Örgryte-Härlanda, Skår, Norra;14802052;Örgryte-Härlanda, Skår, Norra;identisk;vd-indelning-2018.skv = O (oforandrat). vd-mappning-2014-2018.skv ger 1 källa eller källor: 14802052 100.0 procent av 2014-distriktet. geometri geo_overlap_2014_2018.csv: 14802052 (Örgryte-Härlanda, Skår, Norra) täcker 100.0 procent av det nya distriktet, 100.0 procent av det gamla ligger där, 1 källor över 5 procent;vd-mappning-2014-2018.skv + vd-indelning-2018.skv
14802053;Örgryte-Härlanda, Skår, Södra;14802053;Örgryte-Härlanda, Skår, Södra;identisk;vd-indelning-2018.skv = O (oforandrat). vd-mappning-2014-2018.skv ger 1 källa eller källor: 14802053 100.0 procent av 2014-distriktet. geometri geo_overlap_2014_2018.csv: 14802053 (Örgryte-Härlanda, Skår, Södra) täcker 100.0 procent av det nya distriktet, 100.0 procent av det gamla ligger där, 1 källor över 5 procent;vd-mappning-2014-2018.skv + vd-indelning-2018.skv
14802061;Örgryte-Härlanda, Bö;14802061;Örgryte-Härlanda, Bö;identisk;vd-indelning-2018.skv = O (oforandrat). vd-mappning-2014-2018.skv ger 1 källa eller källor: 14802061 100.0 procent av 2014-distriktet. geometri geo_overlap_2014_2018.csv: 14802061 (Örgryte-Härlanda, Bö) täcker 99.5 procent av det nya distriktet, 100.0 procent av det gamla ligger där, 1 källor över 5 procent;vd-mappning-2014-2018.skv + vd-indelning-2018.skv
14802062;Örgryte-Härlanda, Örgryte;14802062;Örgryte-Härlanda, Örgryte;identisk;vd-indelning-2018.skv = O (oforandrat). vd-mappning-2014-2018.skv ger 1 källa eller källor: 14802062 100.0 procent av 2014-distriktet. geometri geo_overlap_2014_2018.csv: 14802062 (Örgryte-Härlanda, Örgryte) täcker 100.0 procent av det nya distriktet, 100.0 procent av det gamla ligger där, 1 källor över 5 procent;vd-mappning-2014-2018.skv + vd-indelning-2018.skv
14802071;Örgryte-Härlanda, Stora Torp;14802071;Örgryte-Härlanda, Torp;delad;vd-indelning-2018.skv = M (modifierat). vd-mappning-2014-2018.skv ger 1 källa eller källor: 14802071 15.9 procent av 2014-distriktet. geometri geo_overlap_2014_2018.csv: 14802071 (Örgryte-Härlanda, Torp) täcker 100.0 procent av det nya distriktet, 34.5 procent av det gamla ligger där, 1 källor över 5 procent;vd-mappning-2014-2018.skv + vd-indelning-2018.skv
14802072;Örgryte-Härlanda, Lilla Torp;14802071;Örgryte-Härlanda, Torp;delad;vd-indelning-2018.skv = M (modifierat). vd-mappning-2014-2018.skv ger 1 källa eller källor: 14802071 84.1 procent av 2014-distriktet. geometri geo_overlap_2014_2018.csv: 14802071 (Örgryte-Härlanda, Torp) täcker 98.7 procent av det nya distriktet, 65.4 procent av det gamla ligger där, 1 källor över 5 procent;vd-mappning-2014-2018.skv + vd-indelning-2018.skv
14802081;Örgryte-Härlanda, Danska vägen m fl;14802085;Örgryte-Härlanda, Sankt Pauli;omritad;vd-indelning-2018.skv = M (modifierat). vd-mappning-2014-2018.skv ger 2 källa eller källor: 14802085 62.1 procent av 2014-distriktet, 14802086 14.2 procent av 2014-distriktet. geometri geo_overlap_2014_2018.csv: 14802085 (Örgryte-Härlanda, Sankt Pauli) täcker 76.3 procent av det nya distriktet, 58.8 procent av det gamla ligger där, 2 källor över 5 procent;vd-mappning-2014-2018.skv + vd-indelning-2018.skv
14802082;Örgryte-Härlanda, Kärralund, Norra;14802081;Örgryte-Härlanda, Kärralund;delad;vd-indelning-2018.skv = M (modifierat). vd-mappning-2014-2018.skv ger 1 källa eller källor: 14802081 70.6 procent av 2014-distriktet. geometri geo_overlap_2014_2018.csv: 14802081 (Örgryte-Härlanda, Kärralund) täcker 100.0 procent av det nya distriktet, 60.6 procent av det gamla ligger där, 1 källor över 5 procent;vd-mappning-2014-2018.skv + vd-indelning-2018.skv
14802083;Örgryte-Härlanda, Kärralund, Södra;14802083;Örgryte-Härlanda, Lunden, Nya;omritad;vd-indelning-2018.skv = M (modifierat). vd-mappning-2014-2018.skv ger 2 källa eller källor: 14802083 48.2 procent av 2014-distriktet, 14802081 29.4 procent av 2014-distriktet. geometri geo_overlap_2014_2018.csv: 14802083 (Örgryte-Härlanda, Lunden, Nya) täcker 60.3 procent av det nya distriktet, 67.0 procent av det gamla ligger där, 2 källor över 5 procent;vd-mappning-2014-2018.skv + vd-indelning-2018.skv
14802084;Örgryte-Härlanda, Lunden, Gamla;14802082;Örgryte-Härlanda, Lunden, Gamla;omritad;vd-indelning-2018.skv = M (modifierat). vd-mappning-2014-2018.skv ger 2 källa eller källor: 14802082 56.9 procent av 2014-distriktet, 14802086 23.5 procent av 2014-distriktet. geometri geo_overlap_2014_2018.csv: 14802082 (Örgryte-Härlanda, Lunden, Gamla) täcker 57.4 procent av det nya distriktet, 52.2 procent av det gamla ligger där, 2 källor över 5 procent;vd-mappning-2014-2018.skv + vd-indelning-2018.skv
14802085;Örgryte-Härlanda, Lunden, Nya;14802083;Örgryte-Härlanda, Lunden, Nya;omritad;vd-indelning-2018.skv = M (modifierat). vd-mappning-2014-2018.skv ger 2 källa eller källor: 14802083 51.8 procent av 2014-distriktet, 14802084 18.0 procent av 2014-distriktet. geometri geo_overlap_2014_2018.csv: 14802083 (Örgryte-Härlanda, Lunden, Nya) täcker 87.6 procent av det nya distriktet, 33.0 procent av det gamla ligger där, 2 källor över 5 procent;vd-mappning-2014-2018.skv + vd-indelning-2018.skv
14802086;Örgryte-Härlanda, Nobelplatsen;14802084;Örgryte-Härlanda, Nobelplatsen;delad;vd-indelning-2018.skv = M (modifierat). vd-mappning-2014-2018.skv ger 1 källa eller källor: 14802084 82.0 procent av 2014-distriktet. geometri geo_overlap_2014_2018.csv: 14802084 (Örgryte-Härlanda, Nobelplatsen) täcker 100.0 procent av det nya distriktet, 75.4 procent av det gamla ligger där, 1 källor över 5 procent;vd-mappning-2014-2018.skv + vd-indelning-2018.skv
14802087;Örgryte-Härlanda, Sankt Pauli;14802085;Örgryte-Härlanda, Sankt Pauli;omritad;vd-indelning-2018.skv = M (modifierat). vd-mappning-2014-2018.skv ger 2 källa eller källor: 14802082 43.1 procent av 2014-distriktet, 14802085 37.9 procent av 2014-distriktet. geometri geo_overlap_2014_2018.csv: 14802085 (Örgryte-Härlanda, Sankt Pauli) täcker 59.3 procent av det nya distriktet, 41.2 procent av det gamla ligger där, 2 källor över 5 procent;vd-mappning-2014-2018.skv + vd-indelning-2018.skv
14802088;Örgryte-Härlanda, Överås;14802086;Örgryte-Härlanda, Överås;delad;vd-indelning-2018.skv = M (modifierat). vd-mappning-2014-2018.skv ger 1 källa eller källor: 14802086 62.4 procent av 2014-distriktet. geometri geo_overlap_2014_2018.csv: 14802086 (Örgryte-Härlanda, Överås) täcker 100.0 procent av det nya distriktet, 73.0 procent av det gamla ligger där, 1 källor över 5 procent;vd-mappning-2014-2018.skv + vd-indelning-2018.skv
14802091;Örgryte-Härlanda, Härlanda;14802091;Örgryte-Härlanda, Härlanda;identisk;vd-indelning-2018.skv = O (oforandrat). vd-mappning-2014-2018.skv ger 1 källa eller källor: 14802091 100.0 procent av 2014-distriktet. geometri geo_overlap_2014_2018.csv: 14802091 (Örgryte-Härlanda, Härlanda) täcker 100.0 procent av det nya distriktet, 100.0 procent av det gamla ligger där, 1 källor över 5 procent;vd-mappning-2014-2018.skv + vd-indelning-2018.skv
14802101;Örgryte-Härlanda, Kålltorp, Norra;14802106;Örgryte-Härlanda, Munkebäck, Södra;omritad;vd-indelning-2018.skv = M (modifierat). vd-mappning-2014-2018.skv ger 2 källa eller källor: 14802101 56.0 procent av 2014-distriktet, 14802106 36.0 procent av 2014-distriktet. geometri geo_overlap_2014_2018.csv: 14802106 (Örgryte-Härlanda, Munkebäck, Södra) täcker 53.9 procent av det nya distriktet, 38.6 procent av det gamla ligger där, 2 källor över 5 procent;vd-mappning-2014-2018.skv + vd-indelning-2018.skv
14802102;Örgryte-Härlanda, Kålltorp, Södra;14802102;Örgryte-Härlanda, Kålltorp, Södra;identisk;vd-indelning-2018.skv = O (oforandrat). vd-mappning-2014-2018.skv ger 1 källa eller källor: 14802102 100.0 procent av 2014-distriktet. geometri geo_overlap_2014_2018.csv: 14802102 (Örgryte-Härlanda, Kålltorp, Södra) täcker 100.0 procent av det nya distriktet, 100.0 procent av det gamla ligger där, 1 källor över 5 procent;vd-mappning-2014-2018.skv + vd-indelning-2018.skv
14802103;Örgryte-Härlanda, Kålltorp, Västra;14802103;Örgryte-Härlanda, Kålltorp, Västra;omritad;vd-indelning-2018.skv = M (modifierat). vd-mappning-2014-2018.skv ger 2 källa eller källor: 14802103 84.0 procent av 2014-distriktet, 14802101 31.1 procent av 2014-distriktet. geometri geo_overlap_2014_2018.csv: 14802103 (Örgryte-Härlanda, Kålltorp, Västra) täcker 83.2 procent av det nya distriktet, 74.8 procent av det gamla ligger där, 2 källor över 5 procent;vd-mappning-2014-2018.skv + vd-indelning-2018.skv
14802104;Örgryte-Härlanda, Kålltorp, Östra;14802104;Örgryte-Härlanda, Kålltorp, Östra;omritad;vd-indelning-2018.skv = M (modifierat). vd-mappning-2014-2018.skv ger 3 källa eller källor: 14802104 100.0 procent av 2014-distriktet, 14802103 16.0 procent av 2014-distriktet, 14802101 8.5 procent av 2014-distriktet. geometri geo_overlap_2014_2018.csv: 14802104 (Örgryte-Härlanda, Kålltorp, Östra) täcker 66.0 procent av det nya distriktet, 100.0 procent av det gamla ligger där, 3 källor över 5 procent;vd-mappning-2014-2018.skv + vd-indelning-2018.skv
14802105;Örgryte-Härlanda, Munkebäck, Norra;14802105;Örgryte-Härlanda, Munkebäck, Norra;identisk;vd-indelning-2018.skv = O (oforandrat). vd-mappning-2014-2018.skv ger 1 källa eller källor: 14802105 100.0 procent av 2014-distriktet. geometri geo_overlap_2014_2018.csv: 14802105 (Örgryte-Härlanda, Munkebäck, Norra) täcker 100.0 procent av det nya distriktet, 100.0 procent av det gamla ligger där, 1 källor över 5 procent;vd-mappning-2014-2018.skv + vd-indelning-2018.skv
14802106;Örgryte-Härlanda, Munkebäck, Södra;14802106;Örgryte-Härlanda, Munkebäck, Södra;omritad;vd-indelning-2018.skv = M (modifierat). vd-mappning-2014-2018.skv ger 2 källa eller källor: 14802106 64.0 procent av 2014-distriktet, 14802101 4.4 procent av 2014-distriktet. geometri geo_overlap_2014_2018.csv: 14802106 (Örgryte-Härlanda, Munkebäck, Södra) täcker 91.9 procent av det nya distriktet, 61.4 procent av det gamla ligger där, 2 källor över 5 procent;vd-mappning-2014-2018.skv + vd-indelning-2018.skv
14802111;Örgryte-Härlanda, Fräntorp;14802111;Örgryte-Härlanda, Fräntorp;omritad;vd-indelning-2018.skv = M (modifierat). vd-mappning-2014-2018.skv ger 2 källa eller källor: 14802111 100.0 procent av 2014-distriktet, 14802112 13.4 procent av 2014-distriktet. geometri geo_overlap_2014_2018.csv: 14802111 (Örgryte-Härlanda, Fräntorp) täcker 98.2 procent av det nya distriktet, 100.0 procent av det gamla ligger där, 1 källor över 5 procent OBS geometrin är i praktiken 1:1 (98.2/100.0 procent) trots att indelningen anges som modifierad;vd-mappning-2014-2018.skv + vd-indelning-2018.skv
14802112;Örgryte-Härlanda, Torpa;14802112;Örgryte-Härlanda, Torpa;delad;vd-indelning-2018.skv = M (modifierat). vd-mappning-2014-2018.skv ger 1 källa eller källor: 14802112 86.6 procent av 2014-distriktet. geometri geo_overlap_2014_2018.csv: 14802112 (Örgryte-Härlanda, Torpa) täcker 100.0 procent av det nya distriktet, 90.7 procent av det gamla ligger där, 1 källor över 5 procent;vd-mappning-2014-2018.skv + vd-indelning-2018.skv
14802121;Örgryte-Härlanda, Björkekärr, Norra;14802121;Örgryte-Härlanda, Björkekärr, Norra;identisk;vd-indelning-2018.skv = O (oforandrat). vd-mappning-2014-2018.skv ger 1 källa eller källor: 14802121 100.0 procent av 2014-distriktet. geometri geo_overlap_2014_2018.csv: 14802121 (Örgryte-Härlanda, Björkekärr, Norra) täcker 100.0 procent av det nya distriktet, 100.0 procent av det gamla ligger där, 1 källor över 5 procent;vd-mappning-2014-2018.skv + vd-indelning-2018.skv
14802122;Örgryte-Härlanda, Björkekärr, Södra;14802122;Örgryte-Härlanda, Björkekärr, Södra;identisk;vd-indelning-2018.skv = O (oforandrat). vd-mappning-2014-2018.skv ger 1 källa eller källor: 14802122 100.0 procent av 2014-distriktet. geometri geo_overlap_2014_2018.csv: 14802122 (Örgryte-Härlanda, Björkekärr, Södra) täcker 100.0 procent av det nya distriktet, 99.9 procent av det gamla ligger där, 1 källor över 5 procent;vd-mappning-2014-2018.skv + vd-indelning-2018.skv
14802123;Örgryte-Härlanda, Björkekärr, Västra;14802123;Örgryte-Härlanda, Björkekärr, Västra;identisk;vd-indelning-2018.skv = O (oforandrat). vd-mappning-2014-2018.skv ger 1 källa eller källor: 14802123 100.0 procent av 2014-distriktet. geometri geo_overlap_2014_2018.csv: 14802123 (Örgryte-Härlanda, Björkekärr, Västra) täcker 100.0 procent av det nya distriktet, 100.0 procent av det gamla ligger där, 1 källor över 5 procent;vd-mappning-2014-2018.skv + vd-indelning-2018.skv
14802124;Örgryte-Härlanda, Björkekärr, Östra;14802124;Örgryte-Härlanda, Björkekärr, Östra;omritad;vd-indelning-2018.skv = M (modifierat). vd-mappning-2014-2018.skv ger 2 källa eller källor: 14802124 100.0 procent av 2014-distriktet, 14802125 4.3 procent av 2014-distriktet. geometri geo_overlap_2014_2018.csv: 14802124 (Örgryte-Härlanda, Björkekärr, Östra) täcker 83.7 procent av det nya distriktet, 100.0 procent av det gamla ligger där, 2 källor över 5 procent;vd-mappning-2014-2018.skv + vd-indelning-2018.skv
14802125;Örgryte-Härlanda, Robertshöjd m fl;14802125;Örgryte-Härlanda, Robertshöjd m fl;delad;vd-indelning-2018.skv = M (modifierat). vd-mappning-2014-2018.skv ger 1 källa eller källor: 14802125 95.7 procent av 2014-distriktet. geometri geo_overlap_2014_2018.csv: 14802125 (Örgryte-Härlanda, Robertshöjd m fl) täcker 100.0 procent av det nya distriktet, 85.9 procent av det gamla ligger där, 1 källor över 5 procent;vd-mappning-2014-2018.skv + vd-indelning-2018.skv
14803011;Östra Göteborg, Bellevue;14803011;Östra Göteborg, Bellevue;omritad;vd-indelning-2018.skv = M (modifierat). vd-mappning-2014-2018.skv ger 2 källa eller källor: 14803011 63.5 procent av 2014-distriktet, 14803013 24.2 procent av 2014-distriktet. geometri geo_overlap_2014_2018.csv: 14803011 (Östra Göteborg, Bellevue) täcker 75.2 procent av det nya distriktet, 81.4 procent av det gamla ligger där, 2 källor över 5 procent;vd-mappning-2014-2018.skv + vd-indelning-2018.skv
14803012;Östra Göteborg, Bellevue Park;14803014;Östra Göteborg, Kviberg, Östra;delad;vd-indelning-2018.skv = M (modifierat). vd-mappning-2014-2018.skv ger 1 källa eller källor: 14803014 38.7 procent av 2014-distriktet. geometri geo_overlap_2014_2018.csv: 14803014 (Östra Göteborg, Kviberg, Östra) täcker 100.0 procent av det nya distriktet, 7.8 procent av det gamla ligger där, 1 källor över 5 procent;vd-mappning-2014-2018.skv + vd-indelning-2018.skv
14803013;Östra Göteborg, Gamlestaden, Norra;14803015;Östra Göteborg, Nylöse;omritad;vd-indelning-2018.skv = M (modifierat). vd-mappning-2014-2018.skv ger 3 källa eller källor: 14803011 36.5 procent av 2014-distriktet, 14803015 33.7 procent av 2014-distriktet, 14803012 29.8 procent av 2014-distriktet. geometri geo_overlap_2014_2018.csv: 14803015 (Östra Göteborg, Nylöse) täcker 43.3 procent av det nya distriktet, 1.5 procent av det gamla ligger där, 3 källor över 5 procent;vd-mappning-2014-2018.skv + vd-indelning-2018.skv
14803014;Östra Göteborg, Gamlestaden, Södra;14803012;Östra Göteborg, Gamlestaden;delad;vd-indelning-2018.skv = M (modifierat). vd-mappning-2014-2018.skv ger 1 källa eller källor: 14803012 70.2 procent av 2014-distriktet. geometri geo_overlap_2014_2018.csv: 14803012 (Östra Göteborg, Gamlestaden) täcker 100.0 procent av det nya distriktet, 90.3 procent av det gamla ligger där, 1 källor över 5 procent;vd-mappning-2014-2018.skv + vd-indelning-2018.skv
14803015;Östra Göteborg, Kviberg, Västra;14803013;Östra Göteborg, Kviberg, Västra;delad;vd-indelning-2018.skv = M (modifierat). vd-mappning-2014-2018.skv ger 1 källa eller källor: 14803013 75.8 procent av 2014-distriktet. geometri geo_overlap_2014_2018.csv: 14803013 (Östra Göteborg, Kviberg, Västra) täcker 100.0 procent av det nya distriktet, 92.8 procent av det gamla ligger där, 1 källor över 5 procent;vd-mappning-2014-2018.skv + vd-indelning-2018.skv
14803016;Östra Göteborg, Kviberg, Östra;14803014;Östra Göteborg, Kviberg, Östra;delad;vd-indelning-2018.skv = M (modifierat). vd-mappning-2014-2018.skv ger 1 källa eller källor: 14803014 61.3 procent av 2014-distriktet. geometri geo_overlap_2014_2018.csv: 14803014 (Östra Göteborg, Kviberg, Östra) täcker 100.0 procent av det nya distriktet, 92.2 procent av det gamla ligger där, 1 källor över 5 procent;vd-mappning-2014-2018.skv + vd-indelning-2018.skv
14803017;Östra Göteborg, Nylöse;14803015;Östra Göteborg, Nylöse;delad;vd-indelning-2018.skv = M (modifierat). vd-mappning-2014-2018.skv ger 1 källa eller källor: 14803015 66.3 procent av 2014-distriktet. geometri geo_overlap_2014_2018.csv: 14803015 (Östra Göteborg, Nylöse) täcker 100.0 procent av det nya distriktet, 98.5 procent av det gamla ligger där, 1 källor över 5 procent OBS geometrin är i praktiken 1:1 (100.0/98.5 procent) trots att indelningen anges som modifierad;vd-mappning-2014-2018.skv + vd-indelning-2018.skv
14803021;Östra Göteborg, Fjällbo;14803021;Östra Göteborg, Fjällbo;identisk;vd-indelning-2018.skv = O (oforandrat). vd-mappning-2014-2018.skv ger 1 källa eller källor: 14803021 100.0 procent av 2014-distriktet. geometri geo_overlap_2014_2018.csv: 14803021 (Östra Göteborg, Fjällbo) täcker 100.0 procent av det nya distriktet, 100.0 procent av det gamla ligger där, 1 källor över 5 procent;vd-mappning-2014-2018.skv + vd-indelning-2018.skv
14803022;Östra Göteborg, Utby;14803022;Östra Göteborg, Utby;identisk;vd-indelning-2018.skv = O (oforandrat). vd-mappning-2014-2018.skv ger 1 källa eller källor: 14803022 100.0 procent av 2014-distriktet. geometri geo_overlap_2014_2018.csv: 14803022 (Östra Göteborg, Utby) täcker 100.0 procent av det nya distriktet, 100.0 procent av det gamla ligger där, 1 källor över 5 procent;vd-mappning-2014-2018.skv + vd-indelning-2018.skv
14803023;Östra Göteborg, Utbynäs;14803023;Östra Göteborg, Utbynäs;identisk;vd-indelning-2018.skv = O (oforandrat). vd-mappning-2014-2018.skv ger 1 källa eller källor: 14803023 100.0 procent av 2014-distriktet. geometri geo_overlap_2014_2018.csv: 14803023 (Östra Göteborg, Utbynäs) täcker 100.0 procent av det nya distriktet, 100.0 procent av det gamla ligger där, 1 källor över 5 procent;vd-mappning-2014-2018.skv + vd-indelning-2018.skv
14803031;Östra Göteborg, Förstamajgatan m fl;14803035;Östra Göteborg, Kortedala, Östra;omritad;vd-indelning-2018.skv = M (modifierat). vd-mappning-2014-2018.skv ger 3 källa eller källor: 14803035 26.1 procent av 2014-distriktet, 14803032 25.4 procent av 2014-distriktet, 14803034 19.5 procent av 2014-distriktet. geometri geo_overlap_2014_2018.csv: 14803035 (Östra Göteborg, Kortedala, Östra) täcker 54.3 procent av det nya distriktet, 18.3 procent av det gamla ligger där, 3 källor över 5 procent;vd-mappning-2014-2018.skv + vd-indelning-2018.skv
14803032;Östra Göteborg, Gregorianska g. m fl;14803031;Östra Göteborg, Gregorianska g. m fl;identisk;vd-indelning-2018.skv = O (oforandrat). vd-mappning-2014-2018.skv ger 1 källa eller källor: 14803031 100.0 procent av 2014-distriktet. geometri geo_overlap_2014_2018.csv: 14803031 (Östra Göteborg, Gregorianska g. m fl) täcker 100.0 procent av det nya distriktet, 100.0 procent av det gamla ligger där, 1 källor över 5 procent;vd-mappning-2014-2018.skv + vd-indelning-2018.skv
14803033;Östra Göteborg, Kortedala Centrum;14803032;Östra Göteborg, Kortedala Centrum;delad;vd-indelning-2018.skv = M (modifierat). vd-mappning-2014-2018.skv ger 1 källa eller källor: 14803032 74.6 procent av 2014-distriktet. geometri geo_overlap_2014_2018.csv: 14803032 (Östra Göteborg, Kortedala Centrum) täcker 100.0 procent av det nya distriktet, 86.3 procent av det gamla ligger där, 1 källor över 5 procent;vd-mappning-2014-2018.skv + vd-indelning-2018.skv
14803034;Östra Göteborg, Kortedala, Södra;14803033;Östra Göteborg, Kortedala, Södra;identisk;vd-indelning-2018.skv = O (oforandrat). vd-mappning-2014-2018.skv ger 1 källa eller källor: 14803033 100.0 procent av 2014-distriktet. geometri geo_overlap_2014_2018.csv: 14803033 (Östra Göteborg, Kortedala, Södra) täcker 100.0 procent av det nya distriktet, 100.0 procent av det gamla ligger där, 1 källor över 5 procent;vd-mappning-2014-2018.skv + vd-indelning-2018.skv
14803035;Östra Göteborg, Kortedala, Västra;14803034;Östra Göteborg, Kortedala, Västra;delad;vd-indelning-2018.skv = M (modifierat). vd-mappning-2014-2018.skv ger 1 källa eller källor: 14803034 80.5 procent av 2014-distriktet. geometri geo_overlap_2014_2018.csv: 14803034 (Östra Göteborg, Kortedala, Västra) täcker 100.0 procent av det nya distriktet, 92.1 procent av det gamla ligger där, 1 källor över 5 procent;vd-mappning-2014-2018.skv + vd-indelning-2018.skv
14803036;Östra Göteborg, Kortedala, Östra;14803035;Östra Göteborg, Kortedala, Östra;delad;vd-indelning-2018.skv = M (modifierat). vd-mappning-2014-2018.skv ger 1 källa eller källor: 14803035 73.9 procent av 2014-distriktet. geometri geo_overlap_2014_2018.csv: 14803035 (Östra Göteborg, Kortedala, Östra) täcker 100.0 procent av det nya distriktet, 81.7 procent av det gamla ligger där, 1 källor över 5 procent;vd-mappning-2014-2018.skv + vd-indelning-2018.skv
14803041;Östra Göteborg, Adventsparken, V;14803041;Östra Göteborg, Adventsparken;delad;vd-indelning-2018.skv = M (modifierat). vd-mappning-2014-2018.skv ger 1 källa eller källor: 14803041 86.6 procent av 2014-distriktet. geometri geo_overlap_2014_2018.csv: 14803041 (Östra Göteborg, Adventsparken) täcker 99.6 procent av det nya distriktet, 88.1 procent av det gamla ligger där, 1 källor över 5 procent;vd-mappning-2014-2018.skv + vd-indelning-2018.skv
14803042;Östra Göteborg, Adventsparken, Ö;14803042;Östra Göteborg, Kortedala, Norra;omritad;vd-indelning-2018.skv = M (modifierat). vd-mappning-2014-2018.skv ger 2 källa eller källor: 14803042 55.5 procent av 2014-distriktet, 14803041 13.4 procent av 2014-distriktet. geometri geo_overlap_2014_2018.csv: 14803042 (Östra Göteborg, Kortedala, Norra) täcker 74.0 procent av det nya distriktet, 8.9 procent av det gamla ligger där, 2 källor över 5 procent;vd-mappning-2014-2018.skv + vd-indelning-2018.skv
14803043;Östra Göteborg, Kortedala, Norra;14803042;Östra Göteborg, Kortedala, Norra;omritad;vd-indelning-2018.skv = M (modifierat). vd-mappning-2014-2018.skv ger 2 källa eller källor: 14803042 44.5 procent av 2014-distriktet, 14803043 20.5 procent av 2014-distriktet. geometri geo_overlap_2014_2018.csv: 14803042 (Östra Göteborg, Kortedala, Norra) täcker 95.2 procent av det nya distriktet, 91.1 procent av det gamla ligger där, 1 källor över 5 procent;vd-mappning-2014-2018.skv + vd-indelning-2018.skv
14803044;Östra Göteborg, Månadsgatorna m fl;14803043;Östra Göteborg, Månadsgatorna m fl;delad;vd-indelning-2018.skv = M (modifierat). vd-mappning-2014-2018.skv ger 1 källa eller källor: 14803043 79.5 procent av 2014-distriktet. geometri geo_overlap_2014_2018.csv: 14803043 (Östra Göteborg, Månadsgatorna m fl) täcker 100.0 procent av det nya distriktet, 88.9 procent av det gamla ligger där, 1 källor över 5 procent;vd-mappning-2014-2018.skv + vd-indelning-2018.skv
14803051;Östra Göteborg, Bergsjön, Norra;14803051;Östra Göteborg, Bergsjön, Norra;identisk;vd-indelning-2018.skv = O (oforandrat). vd-mappning-2014-2018.skv ger 1 källa eller källor: 14803051 100.0 procent av 2014-distriktet. geometri geo_overlap_2014_2018.csv: 14803051 (Östra Göteborg, Bergsjön, Norra) täcker 100.0 procent av det nya distriktet, 100.0 procent av det gamla ligger där, 1 källor över 5 procent;vd-mappning-2014-2018.skv + vd-indelning-2018.skv
14803052;Östra Göteborg, Gärdsmosse;14803052;Östra Göteborg, Gärdsmosse;identisk;vd-indelning-2018.skv = O (oforandrat). vd-mappning-2014-2018.skv ger 1 källa eller källor: 14803052 100.0 procent av 2014-distriktet. geometri geo_overlap_2014_2018.csv: 14803052 (Östra Göteborg, Gärdsmosse) täcker 100.0 procent av det nya distriktet, 100.0 procent av det gamla ligger där, 1 källor över 5 procent;vd-mappning-2014-2018.skv + vd-indelning-2018.skv
14803053;Östra Göteborg, Gärdsås;14803053;Östra Göteborg, Gärdsås;identisk;vd-indelning-2018.skv = O (oforandrat). vd-mappning-2014-2018.skv ger 1 källa eller källor: 14803053 100.0 procent av 2014-distriktet. geometri geo_overlap_2014_2018.csv: 14803053 (Östra Göteborg, Gärdsås) täcker 100.0 procent av det nya distriktet, 99.9 procent av det gamla ligger där, 1 källor över 5 procent;vd-mappning-2014-2018.skv + vd-indelning-2018.skv
14803054;Östra Göteborg, Siriusgatan;14803054;Östra Göteborg, Siriusgatan;identisk;vd-indelning-2018.skv = O (oforandrat). vd-mappning-2014-2018.skv ger 1 källa eller källor: 14803054 100.0 procent av 2014-distriktet. geometri geo_overlap_2014_2018.csv: 14803054 (Östra Göteborg, Siriusgatan) täcker 100.0 procent av det nya distriktet, 100.0 procent av det gamla ligger där, 1 källor över 5 procent;vd-mappning-2014-2018.skv + vd-indelning-2018.skv
14803061;Östra Göteborg, Bergsjön, Södra;14803061;Östra Göteborg, Bergsjön, Södra;identisk;vd-indelning-2018.skv = O (oforandrat). vd-mappning-2014-2018.skv ger 1 källa eller källor: 14803061 100.0 procent av 2014-distriktet. geometri geo_overlap_2014_2018.csv: 14803061 (Östra Göteborg, Bergsjön, Södra) täcker 100.0 procent av det nya distriktet, 98.0 procent av det gamla ligger där, 1 källor över 5 procent OBS geometrin ger bara 100.0/98.0 procent;vd-mappning-2014-2018.skv + vd-indelning-2018.skv
14803062;Östra Göteborg, Bergsjön, Östra;14803062;Östra Göteborg, Bergsjön, Östra;identisk;vd-indelning-2018.skv = O (oforandrat). vd-mappning-2014-2018.skv ger 1 källa eller källor: 14803062 100.0 procent av 2014-distriktet. geometri geo_overlap_2014_2018.csv: 14803062 (Östra Göteborg, Bergsjön, Östra) täcker 100.0 procent av det nya distriktet, 100.0 procent av det gamla ligger där, 1 källor över 5 procent;vd-mappning-2014-2018.skv + vd-indelning-2018.skv
14803063;Östra Göteborg, Komettorget;14803063;Östra Göteborg, Komettorget;delad;vd-indelning-2018.skv = M (modifierat). vd-mappning-2014-2018.skv ger 1 källa eller källor: 14803063 68.1 procent av 2014-distriktet. geometri geo_overlap_2014_2018.csv: 14803063 (Östra Göteborg, Komettorget) täcker 94.2 procent av det nya distriktet, 79.1 procent av det gamla ligger där, 2 källor över 5 procent;vd-mappning-2014-2018.skv + vd-indelning-2018.skv
14803064;Östra Göteborg, Rymdtorget;14803064;Östra Göteborg, Rymdtorget;omritad;vd-indelning-2018.skv = M (modifierat). vd-mappning-2014-2018.skv ger 2 källa eller källor: 14803064 100.0 procent av 2014-distriktet, 14803063 31.9 procent av 2014-distriktet. geometri geo_overlap_2014_2018.csv: 14803064 (Östra Göteborg, Rymdtorget) täcker 91.2 procent av det nya distriktet, 100.0 procent av det gamla ligger där, 2 källor över 5 procent;vd-mappning-2014-2018.skv + vd-indelning-2018.skv
14804021;Lundby, Bjurslätt, Södra;14804021;Lundby, Bjurslätt;delad;vd-indelning-2018.skv = M (modifierat). vd-mappning-2014-2018.skv ger 1 källa eller källor: 14804021 76.1 procent av 2014-distriktet. geometri geo_overlap_2014_2018.csv: 14804021 (Lundby, Bjurslätt) täcker 100.0 procent av det nya distriktet, 76.2 procent av det gamla ligger där, 1 källor över 5 procent;vd-mappning-2014-2018.skv + vd-indelning-2018.skv
14804022;Lundby, Flunsås;14804022;Lundby, Flunsås;identisk;vd-indelning-2018.skv = O (oforandrat). vd-mappning-2014-2018.skv ger 1 källa eller källor: 14804022 100.0 procent av 2014-distriktet. geometri geo_overlap_2014_2018.csv: 14804022 (Lundby, Flunsås) täcker 100.0 procent av det nya distriktet, 100.0 procent av det gamla ligger där, 1 källor över 5 procent;vd-mappning-2014-2018.skv + vd-indelning-2018.skv
14804023;Lundby, Kvillebäcken, Norra;14804023;Lundby, Kvillebäcken, Norra;identisk;vd-indelning-2018.skv = O (oforandrat). vd-mappning-2014-2018.skv ger 1 källa eller källor: 14804023 100.0 procent av 2014-distriktet. geometri geo_overlap_2014_2018.csv: 14804023 (Lundby, Kvillebäcken, Norra) täcker 100.0 procent av det nya distriktet, 100.0 procent av det gamla ligger där, 1 källor över 5 procent;vd-mappning-2014-2018.skv + vd-indelning-2018.skv
14804024;Lundby, Kvillebäcken, Södra;14804024;Lundby, Kvillebäcken, Södra;delad;vd-indelning-2018.skv = M (modifierat). vd-mappning-2014-2018.skv ger 1 källa eller källor: 14804024 89.0 procent av 2014-distriktet. geometri geo_overlap_2014_2018.csv: 14804024 (Lundby, Kvillebäcken, Södra) täcker 100.0 procent av det nya distriktet, 92.1 procent av det gamla ligger där, 1 källor över 5 procent;vd-mappning-2014-2018.skv + vd-indelning-2018.skv
14804025;Lundby, Kvillebäcken, Östra;14804025;Lundby, Kvillebäcken, Östra;omritad;vd-indelning-2018.skv = M (modifierat). vd-mappning-2014-2018.skv ger 2 källa eller källor: 14804025 54.4 procent av 2014-distriktet, 14804024 11.0 procent av 2014-distriktet. geometri geo_overlap_2014_2018.csv: 14804025 (Lundby, Kvillebäcken, Östra) täcker 83.1 procent av det nya distriktet, 1.7 procent av det gamla ligger där, 2 källor över 5 procent;vd-mappning-2014-2018.skv + vd-indelning-2018.skv
14804026;Lundby, Penselgatan m fl;14804025;Lundby, Kvillebäcken, Östra;delad;vd-indelning-2018.skv = M (modifierat). vd-mappning-2014-2018.skv ger 1 källa eller källor: 14804025 45.6 procent av 2014-distriktet. geometri geo_overlap_2014_2018.csv: 14804025 (Lundby, Kvillebäcken, Östra) täcker 100.0 procent av det nya distriktet, 95.7 procent av det gamla ligger där, 1 källor över 5 procent;vd-mappning-2014-2018.skv + vd-indelning-2018.skv
14804027;Lundby, Wieselgrensplatsen;14804026;Lundby, Wieselgrensplatsen;omritad;vd-indelning-2018.skv = M (modifierat). vd-mappning-2014-2018.skv ger 2 källa eller källor: 14804026 100.0 procent av 2014-distriktet, 14804021 23.9 procent av 2014-distriktet. geometri geo_overlap_2014_2018.csv: 14804026 (Lundby, Wieselgrensplatsen) täcker 52.4 procent av det nya distriktet, 100.0 procent av det gamla ligger där, 2 källor över 5 procent;vd-mappning-2014-2018.skv + vd-indelning-2018.skv
14804028;Lundby, Vågmästarplatsen;;;ny;saknas i vd-mappning-2014-2018.skv, vd-indelning-2018.skv = N (nytt). geometri geo_overlap_2014_2018.csv: 14804025 (Lundby, Kvillebäcken, Östra) täcker 100.0 procent av det nya distriktet, 2.6 procent av det gamla ligger där, 1 källor över 5 procent;vd-mappning-2014-2018.skv + vd-indelning-2018.skv + geometri
14804031;Lundby, Bjurslätt, Norra;14804032;Lundby, Slätta Damm;omritad;vd-indelning-2018.skv = M (modifierat). vd-mappning-2014-2018.skv ger 2 källa eller källor: 14804032 46.9 procent av 2014-distriktet, 14804031 22.7 procent av 2014-distriktet. geometri geo_overlap_2014_2018.csv: 14804032 (Lundby, Slätta Damm) täcker 60.6 procent av det nya distriktet, 16.4 procent av det gamla ligger där, 2 källor över 5 procent;vd-mappning-2014-2018.skv + vd-indelning-2018.skv
14804032;Lundby, Hilldedal;14804031;Lundby, Hilldedal;delad;vd-indelning-2018.skv = M (modifierat). vd-mappning-2014-2018.skv ger 1 källa eller källor: 14804031 77.3 procent av 2014-distriktet. geometri geo_overlap_2014_2018.csv: 14804031 (Lundby, Hilldedal) täcker 100.0 procent av det nya distriktet, 82.8 procent av det gamla ligger där, 1 källor över 5 procent;vd-mappning-2014-2018.skv + vd-indelning-2018.skv
14804033;Lundby, Slätta Damm;14804032;Lundby, Slätta Damm;delad;vd-indelning-2018.skv = M (modifierat). vd-mappning-2014-2018.skv ger 1 källa eller källor: 14804032 53.1 procent av 2014-distriktet. geometri geo_overlap_2014_2018.csv: 14804032 (Lundby, Slätta Damm) täcker 100.0 procent av det nya distriktet, 83.6 procent av det gamla ligger där, 1 källor över 5 procent;vd-mappning-2014-2018.skv + vd-indelning-2018.skv
14804041;Lundby, Kärrdalen;14804041;Lundby, Kärrdalen;identisk;vd-indelning-2018.skv = O (oforandrat). vd-mappning-2014-2018.skv ger 1 källa eller källor: 14804041 100.0 procent av 2014-distriktet. geometri geo_overlap_2014_2018.csv: 14804041 (Lundby, Kärrdalen) täcker 100.0 procent av det nya distriktet, 100.0 procent av det gamla ligger där, 1 källor över 5 procent;vd-mappning-2014-2018.skv + vd-indelning-2018.skv
14804042;Lundby, Tolered, Norra;14804042;Lundby, Tolered, Norra;identisk;vd-indelning-2018.skv = O (oforandrat). vd-mappning-2014-2018.skv ger 1 källa eller källor: 14804042 100.0 procent av 2014-distriktet. geometri geo_overlap_2014_2018.csv: 14804042 (Lundby, Tolered, Norra) täcker 100.0 procent av det nya distriktet, 100.0 procent av det gamla ligger där, 1 källor över 5 procent;vd-mappning-2014-2018.skv + vd-indelning-2018.skv
14804043;Lundby, Tolered, Södra;14804043;Lundby, Tolered, Södra;identisk;vd-indelning-2018.skv = O (oforandrat). vd-mappning-2014-2018.skv ger 1 källa eller källor: 14804043 100.0 procent av 2014-distriktet. geometri geo_overlap_2014_2018.csv: 14804043 (Lundby, Tolered, Södra) täcker 100.0 procent av det nya distriktet, 100.0 procent av det gamla ligger där, 1 källor över 5 procent;vd-mappning-2014-2018.skv + vd-indelning-2018.skv
14804051;Norra Hisingen, Glöstorp;14804051;Norra Hisingen, Glöstorp;identisk;vd-indelning-2018.skv = O (oforandrat). vd-mappning-2014-2018.skv ger 1 källa eller källor: 14804051 100.0 procent av 2014-distriktet. geometri geo_overlap_2014_2018.csv: 14804051 (Norra Hisingen, Glöstorp) täcker 90.2 procent av det nya distriktet, 100.0 procent av det gamla ligger där, 2 källor över 5 procent OBS geometrin ger bara 90.2/100.0 procent;vd-mappning-2014-2018.skv + vd-indelning-2018.skv
14804052;Norra Hisingen, Gunnestorp;14804052;Norra Hisingen, Gunnestorp;delad;vd-indelning-2018.skv = M (modifierat). vd-mappning-2014-2018.skv ger 1 källa eller källor: 14804052 74.7 procent av 2014-distriktet. geometri geo_overlap_2014_2018.csv: 14804052 (Norra Hisingen, Gunnestorp) täcker 100.0 procent av det nya distriktet, 93.3 procent av det gamla ligger där, 1 källor över 5 procent;vd-mappning-2014-2018.skv + vd-indelning-2018.skv
14804053;Norra Hisingen, Norumshöjd;14804053;Norra Hisingen, Norumshöjd;delad;vd-indelning-2018.skv = M (modifierat). vd-mappning-2014-2018.skv ger 1 källa eller källor: 14804053 96.8 procent av 2014-distriktet. geometri geo_overlap_2014_2018.csv: 14804053 (Norra Hisingen, Norumshöjd) täcker 100.0 procent av det nya distriktet, 69.1 procent av det gamla ligger där, 1 källor över 5 procent;vd-mappning-2014-2018.skv + vd-indelning-2018.skv
14804054;Norra Hisingen, Tuve, Norra;14804054;Norra Hisingen, Tuve;omritad;vd-indelning-2018.skv = M (modifierat). vd-mappning-2014-2018.skv ger 2 källa eller källor: 14804054 34.5 procent av 2014-distriktet, 14804053 3.2 procent av 2014-distriktet. geometri geo_overlap_2014_2018.csv: 14804054 (Norra Hisingen, Tuve) täcker 82.6 procent av det nya distriktet, 21.1 procent av det gamla ligger där, 2 källor över 5 procent;vd-mappning-2014-2018.skv + vd-indelning-2018.skv
14804055;Norra Hisingen, Tuve, Södra;14804054;Norra Hisingen, Tuve;omritad;vd-indelning-2018.skv = M (modifierat). vd-mappning-2014-2018.skv ger 2 källa eller källor: 14804054 65.5 procent av 2014-distriktet, 14804052 25.3 procent av 2014-distriktet. geometri geo_overlap_2014_2018.csv: 14804054 (Norra Hisingen, Tuve) täcker 97.6 procent av det nya distriktet, 78.9 procent av det gamla ligger där, 1 källor över 5 procent;vd-mappning-2014-2018.skv + vd-indelning-2018.skv
14804056;Norra Hisingen, Tången;14804055;Norra Hisingen, Tången;identisk;vd-indelning-2018.skv = O (oforandrat). vd-mappning-2014-2018.skv ger 1 källa eller källor: 14804055 100.0 procent av 2014-distriktet. geometri geo_overlap_2014_2018.csv: 14804055 (Norra Hisingen, Tången) täcker 100.0 procent av det nya distriktet, 100.0 procent av det gamla ligger där, 1 källor över 5 procent;vd-mappning-2014-2018.skv + vd-indelning-2018.skv
14804061;Norra Hisingen, Säve;14804061;Norra Hisingen, Säve;delad;vd-indelning-2018.skv = M (modifierat). vd-mappning-2014-2018.skv ger 1 källa eller källor: 14804061 82.3 procent av 2014-distriktet. geometri geo_overlap_2014_2018.csv: 14804061 (Norra Hisingen, Säve) täcker 100.0 procent av det nya distriktet, 80.9 procent av det gamla ligger där, 1 källor över 5 procent;vd-mappning-2014-2018.skv + vd-indelning-2018.skv
14804071;Norra Hisingen, Gerrebacka-Ingebäck;14804071;Norra Hisingen, Gerrebacka-Ingebäck;identisk;vd-indelning-2018.skv = O (oforandrat). vd-mappning-2014-2018.skv ger 1 källa eller källor: 14804071 100.0 procent av 2014-distriktet. geometri geo_overlap_2014_2018.csv: 14804071 (Norra Hisingen, Gerrebacka-Ingebäck) täcker 100.0 procent av det nya distriktet, 100.0 procent av det gamla ligger där, 1 källor över 5 procent;vd-mappning-2014-2018.skv + vd-indelning-2018.skv
14804072;Norra Hisingen, Kärra, Norra;14804072;Norra Hisingen, Kärra, Norra;identisk;vd-indelning-2018.skv = O (oforandrat). vd-mappning-2014-2018.skv ger 1 källa eller källor: 14804072 100.0 procent av 2014-distriktet. geometri geo_overlap_2014_2018.csv: 14804072 (Norra Hisingen, Kärra, Norra) täcker 100.0 procent av det nya distriktet, 100.0 procent av det gamla ligger där, 1 källor över 5 procent;vd-mappning-2014-2018.skv + vd-indelning-2018.skv
14804073;Norra Hisingen, Kärra, Södra;14804073;Norra Hisingen, Kärra, Södra;identisk;vd-indelning-2018.skv = O (oforandrat). vd-mappning-2014-2018.skv ger 1 källa eller källor: 14804073 100.0 procent av 2014-distriktet. geometri geo_overlap_2014_2018.csv: 14804073 (Norra Hisingen, Kärra, Södra) täcker 100.0 procent av det nya distriktet, 100.0 procent av det gamla ligger där, 1 källor över 5 procent;vd-mappning-2014-2018.skv + vd-indelning-2018.skv
14804074;Norra Hisingen, Kärra, Västra;14804074;Norra Hisingen, Kärra, Västra;identisk;vd-indelning-2018.skv = O (oforandrat). vd-mappning-2014-2018.skv ger 1 källa eller källor: 14804074 100.0 procent av 2014-distriktet. geometri geo_overlap_2014_2018.csv: 14804074 (Norra Hisingen, Kärra, Västra) täcker 100.0 procent av det nya distriktet, 100.0 procent av det gamla ligger där, 1 källor över 5 procent;vd-mappning-2014-2018.skv + vd-indelning-2018.skv
14804075;Norra Hisingen, Kärra, Östra;14804075;Norra Hisingen, Kärra, Östra;identisk;vd-indelning-2018.skv = O (oforandrat). vd-mappning-2014-2018.skv ger 1 källa eller källor: 14804075 100.0 procent av 2014-distriktet. geometri geo_overlap_2014_2018.csv: 14804075 (Norra Hisingen, Kärra, Östra) täcker 100.0 procent av det nya distriktet, 100.0 procent av det gamla ligger där, 1 källor över 5 procent;vd-mappning-2014-2018.skv + vd-indelning-2018.skv
14804076;Norra Hisingen, Mysterna-Svankälla;14804076;Norra Hisingen, Mysterna-Svankälla;identisk;vd-indelning-2018.skv = O (oforandrat). vd-mappning-2014-2018.skv ger 1 källa eller källor: 14804076 100.0 procent av 2014-distriktet. geometri geo_overlap_2014_2018.csv: 14804076 (Norra Hisingen, Mysterna-Svankälla) täcker 100.0 procent av det nya distriktet, 100.0 procent av det gamla ligger där, 1 källor över 5 procent;vd-mappning-2014-2018.skv + vd-indelning-2018.skv
14804081;Norra Hisingen, Rödbo;14804081;Norra Hisingen, Rödbo;omritad;vd-indelning-2018.skv = M (modifierat). vd-mappning-2014-2018.skv ger 2 källa eller källor: 14804081 100.0 procent av 2014-distriktet, 14804061 17.7 procent av 2014-distriktet. geometri geo_overlap_2014_2018.csv: 14804081 (Norra Hisingen, Rödbo) täcker 72.0 procent av det nya distriktet, 100.0 procent av det gamla ligger där, 2 källor över 5 procent;vd-mappning-2014-2018.skv + vd-indelning-2018.skv
14804091;Norra Hisingen, Sankt Jörgen;14804091;Norra Hisingen, Skogome-Sankt Jörgen;delad;vd-indelning-2018.skv = M (modifierat). vd-mappning-2014-2018.skv ger 1 källa eller källor: 14804091 57.0 procent av 2014-distriktet. geometri geo_overlap_2014_2018.csv: 14804091 (Norra Hisingen, Skogome-Sankt Jörgen) täcker 100.0 procent av det nya distriktet, 16.0 procent av det gamla ligger där, 1 källor över 5 procent;vd-mappning-2014-2018.skv + vd-indelning-2018.skv
14804092;Norra Hisingen, Skogome;14804091;Norra Hisingen, Skogome-Sankt Jörgen;delad;vd-indelning-2018.skv = M (modifierat). vd-mappning-2014-2018.skv ger 1 källa eller källor: 14804091 43.0 procent av 2014-distriktet. geometri geo_overlap_2014_2018.csv: 14804091 (Norra Hisingen, Skogome-Sankt Jörgen) täcker 100.0 procent av det nya distriktet, 84.0 procent av det gamla ligger där, 1 källor över 5 procent;vd-mappning-2014-2018.skv + vd-indelning-2018.skv
14804101;Norra Hisingen, Aröd;14804101;Norra Hisingen, Aröd;omritad;vd-indelning-2018.skv = M (modifierat). vd-mappning-2014-2018.skv ger 2 källa eller källor: 14804101 48.8 procent av 2014-distriktet, 14804102 11.5 procent av 2014-distriktet. geometri geo_overlap_2014_2018.csv: 14804101 (Norra Hisingen, Aröd) täcker 67.8 procent av det nya distriktet, 87.4 procent av det gamla ligger där, 2 källor över 5 procent;vd-mappning-2014-2018.skv + vd-indelning-2018.skv
14804102;Norra Hisingen, Brunnsbo, Norra;14804102;Norra Hisingen, Backa-Tingstad;omritad;vd-indelning-2018.skv = M (modifierat). vd-mappning-2014-2018.skv ger 2 källa eller källor: 14804102 62.7 procent av 2014-distriktet, 14804103 15.0 procent av 2014-distriktet. geometri geo_overlap_2014_2018.csv: 14804102 (Norra Hisingen, Backa-Tingstad) täcker 96.5 procent av det nya distriktet, 33.2 procent av det gamla ligger där, 1 källor över 5 procent;vd-mappning-2014-2018.skv + vd-indelning-2018.skv
14804103;Norra Hisingen, Brunnsbo, Södra;14804103;Norra Hisingen, Brunnsbo;omritad;vd-indelning-2018.skv = M (modifierat). vd-mappning-2014-2018.skv ger 2 källa eller källor: 14804103 85.0 procent av 2014-distriktet, 14804102 4.0 procent av 2014-distriktet. geometri geo_overlap_2014_2018.csv: 14804103 (Norra Hisingen, Brunnsbo) täcker 64.9 procent av det nya distriktet, 81.3 procent av det gamla ligger där, 2 källor över 5 procent;vd-mappning-2014-2018.skv + vd-indelning-2018.skv
14804104;Norra Hisingen, Tingstad;14804102;Norra Hisingen, Backa-Tingstad;omritad;vd-indelning-2018.skv = M (modifierat). vd-mappning-2014-2018.skv ger 2 källa eller källor: 14804101 51.2 procent av 2014-distriktet, 14804102 21.8 procent av 2014-distriktet. geometri geo_overlap_2014_2018.csv: 14804102 (Norra Hisingen, Backa-Tingstad) täcker 92.6 procent av det nya distriktet, 50.3 procent av det gamla ligger där, 2 källor över 5 procent;vd-mappning-2014-2018.skv + vd-indelning-2018.skv
14804121;Norra Hisingen, Backa Röd;14804122;Norra Hisingen, Backa Röd;identisk;vd-indelning-2018.skv = O (oforandrat). vd-mappning-2014-2018.skv ger 1 källa eller källor: 14804122 100.0 procent av 2014-distriktet. geometri geo_overlap_2014_2018.csv: 14804122 (Norra Hisingen, Backa Röd) täcker 100.0 procent av det nya distriktet, 100.0 procent av det gamla ligger där, 1 källor över 5 procent;vd-mappning-2014-2018.skv + vd-indelning-2018.skv
14804122;Norra Hisingen, Backa, Norra;14804123;Norra Hisingen, Bällskär;omritad;vd-indelning-2018.skv = M (modifierat). vd-mappning-2014-2018.skv ger 2 källa eller källor: 14804121 49.3 procent av 2014-distriktet, 14804123 23.7 procent av 2014-distriktet. geometri geo_overlap_2014_2018.csv: 14804123 (Norra Hisingen, Bällskär) täcker 69.2 procent av det nya distriktet, 35.5 procent av det gamla ligger där, 2 källor över 5 procent;vd-mappning-2014-2018.skv + vd-indelning-2018.skv
14804123;Norra Hisingen, Backa, Södra;14804121;Norra Hisingen, Backa;omritad;vd-indelning-2018.skv = M (modifierat). vd-mappning-2014-2018.skv ger 2 källa eller källor: 14804121 50.7 procent av 2014-distriktet, 14804124 22.9 procent av 2014-distriktet. geometri geo_overlap_2014_2018.csv: 14804121 (Norra Hisingen, Backa) täcker 79.5 procent av det nya distriktet, 49.5 procent av det gamla ligger där, 2 källor över 5 procent;vd-mappning-2014-2018.skv + vd-indelning-2018.skv
14804124;Norra Hisingen, Bällskär;14804123;Norra Hisingen, Bällskär;delad;vd-indelning-2018.skv = M (modifierat). vd-mappning-2014-2018.skv ger 1 källa eller källor: 14804123 76.3 procent av 2014-distriktet. geometri geo_overlap_2014_2018.csv: 14804123 (Norra Hisingen, Bällskär) täcker 100.0 procent av det nya distriktet, 64.5 procent av det gamla ligger där, 1 källor över 5 procent;vd-mappning-2014-2018.skv + vd-indelning-2018.skv
14804125;Norra Hisingen, Wadköpingsgatan m fl;14804124;Norra Hisingen, Wadköpingsgatan;delad;vd-indelning-2018.skv = M (modifierat). vd-mappning-2014-2018.skv ger 1 källa eller källor: 14804124 77.1 procent av 2014-distriktet. geometri geo_overlap_2014_2018.csv: 14804124 (Norra Hisingen, Wadköpingsgatan) täcker 100.0 procent av det nya distriktet, 65.8 procent av det gamla ligger där, 1 källor över 5 procent;vd-mappning-2014-2018.skv + vd-indelning-2018.skv
14804131;Norra Hisingen, Backadalen;14804131;Norra Hisingen, Backadalen;omritad;vd-indelning-2018.skv = M (modifierat). vd-mappning-2014-2018.skv ger 2 källa eller källor: 14804131 64.6 procent av 2014-distriktet, 14804133 35.8 procent av 2014-distriktet. geometri geo_overlap_2014_2018.csv: 14804131 (Norra Hisingen, Backadalen) täcker 87.8 procent av det nya distriktet, 87.8 procent av det gamla ligger där, 2 källor över 5 procent;vd-mappning-2014-2018.skv + vd-indelning-2018.skv
14804132;Norra Hisingen, Bäckebol;14804132;Norra Hisingen, Bäckebol;omritad;vd-indelning-2018.skv = M (modifierat). vd-mappning-2014-2018.skv ger 2 källa eller källor: 14804132 100.0 procent av 2014-distriktet, 14804131 35.4 procent av 2014-distriktet. geometri geo_overlap_2014_2018.csv: 14804132 (Norra Hisingen, Bäckebol) täcker 97.0 procent av det nya distriktet, 100.0 procent av det gamla ligger där, 1 källor över 5 procent;vd-mappning-2014-2018.skv + vd-indelning-2018.skv
14804133;Norra Hisingen, Selma Lagerlöfs torg;14804134;Norra Hisingen, Skälltorp;omritad;vd-indelning-2018.skv = M (modifierat). vd-mappning-2014-2018.skv ger 2 källa eller källor: 14804133 64.2 procent av 2014-distriktet, 14804134 26.8 procent av 2014-distriktet. geometri geo_overlap_2014_2018.csv: 14804134 (Norra Hisingen, Skälltorp) täcker 77.4 procent av det nya distriktet, 59.6 procent av det gamla ligger där, 2 källor över 5 procent;vd-mappning-2014-2018.skv + vd-indelning-2018.skv
14804134;Norra Hisingen, Skälltorp;14804134;Norra Hisingen, Skälltorp;omritad;vd-indelning-2018.skv = M (modifierat). vd-mappning-2014-2018.skv ger 2 källa eller källor: 14804134 73.2 procent av 2014-distriktet, 14804135 19.2 procent av 2014-distriktet. geometri geo_overlap_2014_2018.csv: 14804134 (Norra Hisingen, Skälltorp) täcker 50.7 procent av det nya distriktet, 40.5 procent av det gamla ligger där, 2 källor över 5 procent;vd-mappning-2014-2018.skv + vd-indelning-2018.skv
14804135;Norra Hisingen, Åketorp;14804135;Norra Hisingen, Åketorp;delad;vd-indelning-2018.skv = M (modifierat). vd-mappning-2014-2018.skv ger 1 källa eller källor: 14804135 80.8 procent av 2014-distriktet. geometri geo_overlap_2014_2018.csv: 14804135 (Norra Hisingen, Åketorp) täcker 100.0 procent av det nya distriktet, 77.9 procent av det gamla ligger där, 1 källor över 5 procent;vd-mappning-2014-2018.skv + vd-indelning-2018.skv
14804141;Lundby, Bräcke, Norra;14804141;Lundby, Bräcke, Norra;identisk;vd-indelning-2018.skv = O (oforandrat). vd-mappning-2014-2018.skv ger 1 källa eller källor: 14804141 100.0 procent av 2014-distriktet. geometri geo_overlap_2014_2018.csv: 14804141 (Lundby, Bräcke, Norra) täcker 100.0 procent av det nya distriktet, 100.0 procent av det gamla ligger där, 1 källor över 5 procent;vd-mappning-2014-2018.skv + vd-indelning-2018.skv
14804142;Lundby, Bräcke, Södra;14804142;Lundby, Bräcke, Södra;identisk;vd-indelning-2018.skv = O (oforandrat). vd-mappning-2014-2018.skv ger 1 källa eller källor: 14804142 100.0 procent av 2014-distriktet. geometri geo_overlap_2014_2018.csv: 14804142 (Lundby, Bräcke, Södra) täcker 100.0 procent av det nya distriktet, 100.0 procent av det gamla ligger där, 1 källor över 5 procent;vd-mappning-2014-2018.skv + vd-indelning-2018.skv
14804143;Lundby, Kyrkbyn;14804143;Lundby, Kyrkbyn;identisk;vd-indelning-2018.skv = O (oforandrat). vd-mappning-2014-2018.skv ger 1 källa eller källor: 14804143 100.0 procent av 2014-distriktet. geometri geo_overlap_2014_2018.csv: 14804143 (Lundby, Kyrkbyn) täcker 100.0 procent av det nya distriktet, 100.0 procent av det gamla ligger där, 1 källor över 5 procent;vd-mappning-2014-2018.skv + vd-indelning-2018.skv
14804144;Lundby, Lundby, Norra;14804144;Lundby, Lundby, Norra;identisk;vd-indelning-2018.skv = O (oforandrat). vd-mappning-2014-2018.skv ger 1 källa eller källor: 14804144 100.0 procent av 2014-distriktet. geometri geo_overlap_2014_2018.csv: 14804144 (Lundby, Lundby, Norra) täcker 100.0 procent av det nya distriktet, 100.0 procent av det gamla ligger där, 1 källor över 5 procent;vd-mappning-2014-2018.skv + vd-indelning-2018.skv
14804145;Lundby, Lundby, Södra;14804145;Lundby, Lundby, Södra;identisk;vd-indelning-2018.skv = O (oforandrat). vd-mappning-2014-2018.skv ger 1 källa eller källor: 14804145 100.0 procent av 2014-distriktet. geometri geo_overlap_2014_2018.csv: 14804145 (Lundby, Lundby, Södra) täcker 100.0 procent av det nya distriktet, 100.0 procent av det gamla ligger där, 1 källor över 5 procent;vd-mappning-2014-2018.skv + vd-indelning-2018.skv
14804151;Lundby, Brämaregården, Norra;14804151;Lundby, Brämaregården, Norra;omritad;vd-indelning-2018.skv = M (modifierat). vd-mappning-2014-2018.skv ger 2 källa eller källor: 14804151 100.0 procent av 2014-distriktet, 14804152 21.9 procent av 2014-distriktet. geometri geo_overlap_2014_2018.csv: 14804151 (Lundby, Brämaregården, Norra) täcker 82.7 procent av det nya distriktet, 100.0 procent av det gamla ligger där, 2 källor över 5 procent;vd-mappning-2014-2018.skv + vd-indelning-2018.skv
14804152;Lundby, Brämaregården, Södra;14804152;Lundby, Brämaregården, Östra;delad;vd-indelning-2018.skv = M (modifierat). vd-mappning-2014-2018.skv ger 1 källa eller källor: 14804152 78.1 procent av 2014-distriktet. geometri geo_overlap_2014_2018.csv: 14804152 (Lundby, Brämaregården, Östra) täcker 100.0 procent av det nya distriktet, 84.6 procent av det gamla ligger där, 1 källor över 5 procent;vd-mappning-2014-2018.skv + vd-indelning-2018.skv
14804153;Lundby, Porslinsfabriken;14804154;Lundby, Porslinsfabriken;identisk;vd-indelning-2018.skv = O (oforandrat). vd-mappning-2014-2018.skv ger 1 källa eller källor: 14804154 100.0 procent av 2014-distriktet. geometri geo_overlap_2014_2018.csv: 14804154 (Lundby, Porslinsfabriken) täcker 100.0 procent av det nya distriktet, 100.0 procent av det gamla ligger där, 1 källor över 5 procent;vd-mappning-2014-2018.skv + vd-indelning-2018.skv
14804154;Lundby, Rambergsstaden, Norra;14804155;Lundby, Rambergsstaden, Norra;identisk;vd-indelning-2018.skv = O (oforandrat). vd-mappning-2014-2018.skv ger 1 källa eller källor: 14804155 100.0 procent av 2014-distriktet. geometri geo_overlap_2014_2018.csv: 14804155 (Lundby, Rambergsstaden, Norra) täcker 100.0 procent av det nya distriktet, 100.0 procent av det gamla ligger där, 1 källor över 5 procent;vd-mappning-2014-2018.skv + vd-indelning-2018.skv
14804155;Lundby, Rambergsstaden, Södra;14804156;Lundby, Rambergsstaden, Västra;namnbyte;vd-indelning-2018.skv = O (oforandrat). vd-mappning-2014-2018.skv ger 1 källa eller källor: 14804156 100.0 procent av 2014-distriktet. geometri geo_overlap_2014_2018.csv: 14804156 (Lundby, Rambergsstaden, Västra) täcker 100.0 procent av det nya distriktet, 100.0 procent av det gamla ligger där, 1 källor över 5 procent;vd-mappning-2014-2018.skv + vd-indelning-2018.skv
14804156;Lundby, Rambergsstaden, Östra;14804153;Lundby, Brämaregården-Rambergsstaden;namnbyte;vd-indelning-2018.skv = O (oforandrat). vd-mappning-2014-2018.skv ger 1 källa eller källor: 14804153 100.0 procent av 2014-distriktet. geometri geo_overlap_2014_2018.csv: 14804153 (Lundby, Brämaregården-Rambergsstaden) täcker 100.0 procent av det nya distriktet, 100.0 procent av det gamla ligger där, 1 källor över 5 procent;vd-mappning-2014-2018.skv + vd-indelning-2018.skv
14804161;Lundby, Eriksberg, Västra;14804161;Lundby, Eriksberg Sjöporten;omritad;vd-indelning-2018.skv = M (modifierat). vd-mappning-2014-2018.skv ger 2 källa eller källor: 14804161 66.8 procent av 2014-distriktet, 14804162 39.8 procent av 2014-distriktet. geometri geo_overlap_2014_2018.csv: 14804161 (Lundby, Eriksberg Sjöporten) täcker 77.6 procent av det nya distriktet, 47.1 procent av det gamla ligger där, 2 källor över 5 procent;vd-mappning-2014-2018.skv + vd-indelning-2018.skv
14804162;Lundby, Eriksberg, Östra;14804164;Lundby, Pölsebo-Bratterås;omritad;vd-indelning-2018.skv = M (modifierat). vd-mappning-2014-2018.skv ger 2 källa eller källor: 14804164 43.1 procent av 2014-distriktet, 14804161 33.2 procent av 2014-distriktet. geometri geo_overlap_2014_2018.csv: 14804164 (Lundby, Pölsebo-Bratterås) täcker 50.5 procent av det nya distriktet, 40.9 procent av det gamla ligger där, 2 källor över 5 procent;vd-mappning-2014-2018.skv + vd-indelning-2018.skv
14804163;Lundby, Färjenäs;14804162;Lundby, Eriksberg, Västra;delad;vd-indelning-2018.skv = M (modifierat). vd-mappning-2014-2018.skv ger 1 källa eller källor: 14804162 34.4 procent av 2014-distriktet. geometri geo_overlap_2014_2018.csv: 14804162 (Lundby, Eriksberg, Västra) täcker 100.0 procent av det nya distriktet, 82.4 procent av det gamla ligger där, 1 källor över 5 procent;vd-mappning-2014-2018.skv + vd-indelning-2018.skv
14804164;Lundby, Pölsebo-Bratterås;14804164;Lundby, Pölsebo-Bratterås;omritad;vd-indelning-2018.skv = M (modifierat). vd-mappning-2014-2018.skv ger 2 källa eller källor: 14804164 56.9 procent av 2014-distriktet, 14804162 25.8 procent av 2014-distriktet. geometri geo_overlap_2014_2018.csv: 14804164 (Lundby, Pölsebo-Bratterås) täcker 81.0 procent av det nya distriktet, 59.1 procent av det gamla ligger där, 2 källor över 5 procent;vd-mappning-2014-2018.skv + vd-indelning-2018.skv
14804165;Lundby, Sannegården, Västra;14804165;Lundby, Sannegården;namnbyte;vd-indelning-2018.skv = O (oforandrat). vd-mappning-2014-2018.skv ger 1 källa eller källor: 14804165 100.0 procent av 2014-distriktet. geometri geo_overlap_2014_2018.csv: 14804165 (Lundby, Sannegården) täcker 100.0 procent av det nya distriktet, 100.0 procent av det gamla ligger där, 1 källor över 5 procent;vd-mappning-2014-2018.skv + vd-indelning-2018.skv
14804166;Lundby, Södhallsberget;14804163;Lundby, Eriksberg, Östra;namnbyte;vd-indelning-2018.skv = O (oforandrat). vd-mappning-2014-2018.skv ger 1 källa eller källor: 14804163 100.0 procent av 2014-distriktet. geometri geo_overlap_2014_2018.csv: 14804163 (Lundby, Eriksberg, Östra) täcker 100.0 procent av det nya distriktet, 100.0 procent av det gamla ligger där, 1 källor över 5 procent;vd-mappning-2014-2018.skv + vd-indelning-2018.skv
14804171;Lundby, Lindholmen;14804172;Lundby, Lundbyvassen;omritad;vd-indelning-2018.skv = M (modifierat). vd-mappning-2014-2018.skv ger 2 källa eller källor: 14804171 65.0 procent av 2014-distriktet, 14804172 1.6 procent av 2014-distriktet. geometri geo_overlap_2014_2018.csv: 14804172 (Lundby, Lundbyvassen) täcker 55.2 procent av det nya distriktet, 12.3 procent av det gamla ligger där, 2 källor över 5 procent;vd-mappning-2014-2018.skv + vd-indelning-2018.skv
14804172;Lundby, Lundbyvassen;14804172;Lundby, Lundbyvassen;delad;vd-indelning-2018.skv = M (modifierat). vd-mappning-2014-2018.skv ger 1 källa eller källor: 14804172 71.5 procent av 2014-distriktet. geometri geo_overlap_2014_2018.csv: 14804172 (Lundby, Lundbyvassen) täcker 100.0 procent av det nya distriktet, 81.1 procent av det gamla ligger där, 1 källor över 5 procent;vd-mappning-2014-2018.skv + vd-indelning-2018.skv
14804173;Lundby, Sannegården, Östra;14804172;Lundby, Lundbyvassen;omritad;vd-indelning-2018.skv = M (modifierat). vd-mappning-2014-2018.skv ger 2 källa eller källor: 14804171 35.0 procent av 2014-distriktet, 14804172 24.6 procent av 2014-distriktet. geometri geo_overlap_2014_2018.csv: 14804172 (Lundby, Lundbyvassen) täcker 68.3 procent av det nya distriktet, 6.7 procent av det gamla ligger där, 2 källor över 5 procent;vd-mappning-2014-2018.skv + vd-indelning-2018.skv
14805011;Västra Göteborg, Björnekulla;14805011;Västra Göteborg, Björnekulla;omritad;vd-indelning-2018.skv = M (modifierat). vd-mappning-2014-2018.skv ger 2 källa eller källor: 14805011 70.9 procent av 2014-distriktet, 14805014 1.8 procent av 2014-distriktet. geometri geo_overlap_2014_2018.csv: 14805011 (Västra Göteborg, Björnekulla) täcker 96.9 procent av det nya distriktet, 61.5 procent av det gamla ligger där, 1 källor över 5 procent;vd-mappning-2014-2018.skv + vd-indelning-2018.skv
14805012;Västra Göteborg, Fiskebäck,;14805013;Västra Göteborg, Fiskebäck, Södra;delad;vd-indelning-2018.skv = M (modifierat). vd-mappning-2014-2018.skv ger 1 källa eller källor: 14805013 93.9 procent av 2014-distriktet. geometri geo_overlap_2014_2018.csv: 14805013 (Västra Göteborg, Fiskebäck, Södra) täcker 100.0 procent av det nya distriktet, 99.2 procent av det gamla ligger där, 1 källor över 5 procent OBS geometrin är i praktiken 1:1 (100.0/99.2 procent) trots att indelningen anges som modifierad;vd-mappning-2014-2018.skv + vd-indelning-2018.skv
14805013;Västra Göteborg, Källängen;14805012;Västra Göteborg, Fiskebäck, Norra;omritad;vd-indelning-2018.skv = M (modifierat). vd-mappning-2014-2018.skv ger 2 källa eller källor: 14805012 85.2 procent av 2014-distriktet, 14805013 6.1 procent av 2014-distriktet. geometri geo_overlap_2014_2018.csv: 14805012 (Västra Göteborg, Fiskebäck, Norra) täcker 97.3 procent av det nya distriktet, 92.5 procent av det gamla ligger där, 1 källor över 5 procent;vd-mappning-2014-2018.skv + vd-indelning-2018.skv
14805014;Västra Göteborg, Osberget;14805014;Västra Göteborg, Påvelund;omritad;vd-indelning-2018.skv = M (modifierat). vd-mappning-2014-2018.skv ger 2 källa eller källor: 14805014 54.7 procent av 2014-distriktet, 14805012 14.8 procent av 2014-distriktet. geometri geo_overlap_2014_2018.csv: 14805014 (Västra Göteborg, Påvelund) täcker 85.0 procent av det nya distriktet, 43.7 procent av det gamla ligger där, 2 källor över 5 procent;vd-mappning-2014-2018.skv + vd-indelning-2018.skv
14805015;Västra Göteborg, Påvelund;14805014;Västra Göteborg, Påvelund;omritad;vd-indelning-2018.skv = M (modifierat). vd-mappning-2014-2018.skv ger 2 källa eller källor: 14805014 43.4 procent av 2014-distriktet, 14805011 29.1 procent av 2014-distriktet. geometri geo_overlap_2014_2018.csv: 14805014 (Västra Göteborg, Påvelund) täcker 61.1 procent av det nya distriktet, 54.5 procent av det gamla ligger där, 2 källor över 5 procent;vd-mappning-2014-2018.skv + vd-indelning-2018.skv
14805021;Västra Göteborg, Långedrag;14805021;Västra Göteborg, Långedrag;identisk;vd-indelning-2018.skv = O (oforandrat). vd-mappning-2014-2018.skv ger 1 källa eller källor: 14805021 100.0 procent av 2014-distriktet. geometri geo_overlap_2014_2018.csv: 14805021 (Västra Göteborg, Långedrag) täcker 100.0 procent av det nya distriktet, 100.0 procent av det gamla ligger där, 1 källor över 5 procent;vd-mappning-2014-2018.skv + vd-indelning-2018.skv
14805031;Västra Göteborg, Hagen;14805031;Västra Göteborg, Hagen;identisk;vd-indelning-2018.skv = O (oforandrat). vd-mappning-2014-2018.skv ger 1 källa eller källor: 14805031 100.0 procent av 2014-distriktet. geometri geo_overlap_2014_2018.csv: 14805031 (Västra Göteborg, Hagen) täcker 100.0 procent av det nya distriktet, 100.0 procent av det gamla ligger där, 1 källor över 5 procent;vd-mappning-2014-2018.skv + vd-indelning-2018.skv
14805032;Västra Göteborg, Nya Varvet;14805032;Västra Göteborg, Nya Varvet;omritad;vd-indelning-2018.skv = M (modifierat). vd-mappning-2014-2018.skv ger 2 källa eller källor: 14805032 100.0 procent av 2014-distriktet, 14805041 1.0 procent av 2014-distriktet. geometri geo_overlap_2014_2018.csv: 14805032 (Västra Göteborg, Nya Varvet) täcker 99.6 procent av det nya distriktet, 100.0 procent av det gamla ligger där, 1 källor över 5 procent OBS geometrin är i praktiken 1:1 (99.6/100.0 procent) trots att indelningen anges som modifierad;vd-mappning-2014-2018.skv + vd-indelning-2018.skv
14805033;Västra Göteborg, Tångudden;14805033;Västra Göteborg, Tångudden;identisk;vd-indelning-2018.skv = O (oforandrat). vd-mappning-2014-2018.skv ger 1 källa eller källor: 14805033 100.0 procent av 2014-distriktet. geometri geo_overlap_2014_2018.csv: 14805033 (Västra Göteborg, Tångudden) täcker 100.0 procent av det nya distriktet, 100.0 procent av det gamla ligger där, 1 källor över 5 procent;vd-mappning-2014-2018.skv + vd-indelning-2018.skv
14805041;Västra Göteborg, Ekebäck;14805042;Västra Göteborg, Grimmered;omritad;vd-indelning-2018.skv = M (modifierat). vd-mappning-2014-2018.skv ger 3 källa eller källor: 14805042 32.0 procent av 2014-distriktet, 14805041 24.9 procent av 2014-distriktet, 14805111 19.6 procent av 2014-distriktet. geometri geo_overlap_2014_2018.csv: 14805042 (Västra Göteborg, Grimmered) täcker 51.6 procent av det nya distriktet, 22.8 procent av det gamla ligger där, 4 källor över 5 procent;vd-mappning-2014-2018.skv + vd-indelning-2018.skv
14805042;Västra Göteborg, Grimmered;14805042;Västra Göteborg, Grimmered;delad;vd-indelning-2018.skv = M (modifierat). vd-mappning-2014-2018.skv ger 1 källa eller källor: 14805042 68.0 procent av 2014-distriktet. geometri geo_overlap_2014_2018.csv: 14805042 (Västra Göteborg, Grimmered) täcker 100.0 procent av det nya distriktet, 77.2 procent av det gamla ligger där, 1 källor över 5 procent;vd-mappning-2014-2018.skv + vd-indelning-2018.skv
14805043;Västra Göteborg, Kungsten;14805041;Västra Göteborg, Ekebäck;delad;vd-indelning-2018.skv = M (modifierat). vd-mappning-2014-2018.skv ger 1 källa eller källor: 14805041 74.1 procent av 2014-distriktet. geometri geo_overlap_2014_2018.csv: 14805041 (Västra Göteborg, Ekebäck) täcker 100.0 procent av det nya distriktet, 78.5 procent av det gamla ligger där, 1 källor över 5 procent;vd-mappning-2014-2018.skv + vd-indelning-2018.skv
14805051;Västra Göteborg, Brännö-Asperö;14805051;Västra Göteborg, Brännö-Asperö;identisk;vd-indelning-2018.skv = O (oforandrat). vd-mappning-2014-2018.skv ger 1 källa eller källor: 14805051 100.0 procent av 2014-distriktet. geometri geo_overlap_2014_2018.csv: 14805051 (Västra Göteborg, Brännö-Asperö) täcker 100.0 procent av det nya distriktet, 100.0 procent av det gamla ligger där, 1 källor över 5 procent;vd-mappning-2014-2018.skv + vd-indelning-2018.skv
14805052;Västra Göteborg, Donsö-Vrångö;14805052;Västra Göteborg, Donsö-Vrångö;identisk;vd-indelning-2018.skv = O (oforandrat). vd-mappning-2014-2018.skv ger 1 källa eller källor: 14805052 100.0 procent av 2014-distriktet. geometri geo_overlap_2014_2018.csv: 14805052 (Västra Göteborg, Donsö-Vrångö) täcker 100.0 procent av det nya distriktet, 100.0 procent av det gamla ligger där, 1 källor över 5 procent;vd-mappning-2014-2018.skv + vd-indelning-2018.skv
14805053;Västra Göteborg, Styrsö-Köpstadsö;14805053;Västra Göteborg, Styrsö-Köpstadsö;identisk;vd-indelning-2018.skv = O (oforandrat). vd-mappning-2014-2018.skv ger 1 källa eller källor: 14805053 100.0 procent av 2014-distriktet. geometri geo_overlap_2014_2018.csv: 14805053 (Västra Göteborg, Styrsö-Köpstadsö) täcker 100.0 procent av det nya distriktet, 100.0 procent av det gamla ligger där, 1 källor över 5 procent;vd-mappning-2014-2018.skv + vd-indelning-2018.skv
14805061;Västra Göteborg, Bratthammar;14805061;Västra Göteborg, Bratthammar;delad;vd-indelning-2018.skv = M (modifierat). vd-mappning-2014-2018.skv ger 1 källa eller källor: 14805061 75.1 procent av 2014-distriktet. geometri geo_overlap_2014_2018.csv: 14805061 (Västra Göteborg, Bratthammar) täcker 100.0 procent av det nya distriktet, 77.1 procent av det gamla ligger där, 1 källor över 5 procent;vd-mappning-2014-2018.skv + vd-indelning-2018.skv
14805071;Västra Göteborg, Guldringen m fl;14805071;Västra Göteborg, Beryllg.-Guldringen;delad;vd-indelning-2018.skv = M (modifierat). vd-mappning-2014-2018.skv ger 1 källa eller källor: 14805071 65.3 procent av 2014-distriktet. geometri geo_overlap_2014_2018.csv: 14805071 (Västra Göteborg, Beryllg.-Guldringen) täcker 100.0 procent av det nya distriktet, 45.4 procent av det gamla ligger där, 1 källor över 5 procent;vd-mappning-2014-2018.skv + vd-indelning-2018.skv
14805072;Västra Göteborg, Tynnered, Norra;14805071;Västra Göteborg, Beryllg.-Guldringen;omritad;vd-indelning-2018.skv = M (modifierat). vd-mappning-2014-2018.skv ger 2 källa eller källor: 14805071 34.7 procent av 2014-distriktet, 14805061 16.0 procent av 2014-distriktet. geometri geo_overlap_2014_2018.csv: 14805071 (Västra Göteborg, Beryllg.-Guldringen) täcker 52.9 procent av det nya distriktet, 54.6 procent av det gamla ligger där, 2 källor över 5 procent;vd-mappning-2014-2018.skv + vd-indelning-2018.skv
14805081;Västra Göteborg, Tynnered Södra;14805081;Västra Göteborg, Tynnered;omritad;vd-indelning-2018.skv = M (modifierat). vd-mappning-2014-2018.skv ger 2 källa eller källor: 14805081 28.4 procent av 2014-distriktet, 14805061 9.0 procent av 2014-distriktet. geometri geo_overlap_2014_2018.csv: 14805081 (Västra Göteborg, Tynnered) täcker 65.5 procent av det nya distriktet, 47.7 procent av det gamla ligger där, 2 källor över 5 procent;vd-mappning-2014-2018.skv + vd-indelning-2018.skv
14805082;Västra Göteborg, Tynnered, Östra;14805081;Västra Göteborg, Tynnered;delad;vd-indelning-2018.skv = M (modifierat). vd-mappning-2014-2018.skv ger 1 källa eller källor: 14805081 71.6 procent av 2014-distriktet. geometri geo_overlap_2014_2018.csv: 14805081 (Västra Göteborg, Tynnered) täcker 100.0 procent av det nya distriktet, 52.3 procent av det gamla ligger där, 1 källor över 5 procent;vd-mappning-2014-2018.skv + vd-indelning-2018.skv
14805091;Askim-Frölunda-Högsbo, Kaverös, N;14805092;Askim-Frölunda-Högsbo, Kaverös, N;identisk;vd-indelning-2018.skv = O (oforandrat). vd-mappning-2014-2018.skv ger 1 källa eller källor: 14805092 100.0 procent av 2014-distriktet. geometri geo_overlap_2014_2018.csv: 14805092 (Askim-Frölunda-Högsbo, Kaverös, N) täcker 100.0 procent av det nya distriktet, 100.0 procent av det gamla ligger där, 1 källor över 5 procent;vd-mappning-2014-2018.skv + vd-indelning-2018.skv
14805092;Askim-Frölunda-Högsbo, Kaverös, S;14805093;Askim-Frölunda-Högsbo, Kaverös, S;identisk;vd-indelning-2018.skv = O (oforandrat). vd-mappning-2014-2018.skv ger 1 källa eller källor: 14805093 100.0 procent av 2014-distriktet. geometri geo_overlap_2014_2018.csv: 14805093 (Askim-Frölunda-Högsbo, Kaverös, S) täcker 100.0 procent av det nya distriktet, 100.0 procent av det gamla ligger där, 1 källor över 5 procent;vd-mappning-2014-2018.skv + vd-indelning-2018.skv
14805093;Askim-Frölunda-Högsbo, Kavås;14805091;Askim-Frölunda-Högsbo, Kavås;identisk;vd-indelning-2018.skv = O (oforandrat). vd-mappning-2014-2018.skv ger 1 källa eller källor: 14805091 100.0 procent av 2014-distriktet. geometri geo_overlap_2014_2018.csv: 14805091 (Askim-Frölunda-Högsbo, Kavås) täcker 100.0 procent av det nya distriktet, 100.0 procent av det gamla ligger där, 1 källor över 5 procent;vd-mappning-2014-2018.skv + vd-indelning-2018.skv
14805101;Askim-Frölunda-Högsbo, Flatås, S;14805101;Askim-Frölunda-Högsbo, Flatås, V;omritad;vd-indelning-2018.skv = M (modifierat). vd-mappning-2014-2018.skv ger 2 källa eller källor: 14805101 65.2 procent av 2014-distriktet, 14805161 17.5 procent av 2014-distriktet. geometri geo_overlap_2014_2018.csv: 14805101 (Askim-Frölunda-Högsbo, Flatås, V) täcker 85.8 procent av det nya distriktet, 31.4 procent av det gamla ligger där, 2 källor över 5 procent;vd-mappning-2014-2018.skv + vd-indelning-2018.skv
14805102;Askim-Frölunda-Högsbo, Flatås, V;14805101;Askim-Frölunda-Högsbo, Flatås, V;delad;vd-indelning-2018.skv = M (modifierat). vd-mappning-2014-2018.skv ger 1 källa eller källor: 14805101 34.8 procent av 2014-distriktet. geometri geo_overlap_2014_2018.csv: 14805101 (Askim-Frölunda-Högsbo, Flatås, V) täcker 100.0 procent av det nya distriktet, 68.6 procent av det gamla ligger där, 1 källor över 5 procent;vd-mappning-2014-2018.skv + vd-indelning-2018.skv
14805103;Askim-Frölunda-Högsbo, Flatås, Ö;14805161;Askim-Frölunda-Högsbo, Flatås, Ö;delad;vd-indelning-2018.skv = M (modifierat). vd-mappning-2014-2018.skv ger 1 källa eller källor: 14805161 82.5 procent av 2014-distriktet. geometri geo_overlap_2014_2018.csv: 14805161 (Askim-Frölunda-Högsbo, Flatås, Ö) täcker 100.0 procent av det nya distriktet, 99.2 procent av det gamla ligger där, 1 källor över 5 procent OBS geometrin är i praktiken 1:1 (100.0/99.2 procent) trots att indelningen anges som modifierad;vd-mappning-2014-2018.skv + vd-indelning-2018.skv
14805111;Askim-Frölunda-Högsbo, Högsbohöjd, N;14805111;Askim-Frölunda-Högsbo, Högsbohöjd, N;omritad;vd-indelning-2018.skv = M (modifierat). vd-mappning-2014-2018.skv ger 2 källa eller källor: 14805111 80.4 procent av 2014-distriktet, 14805112 12.4 procent av 2014-distriktet. geometri geo_overlap_2014_2018.csv: 14805111 (Askim-Frölunda-Högsbo, Högsbohöjd, N) täcker 76.1 procent av det nya distriktet, 73.0 procent av det gamla ligger där, 3 källor över 5 procent;vd-mappning-2014-2018.skv + vd-indelning-2018.skv
14805112;Askim-Frölunda-Högsbo, Högsbohöjd, S;14805112;Askim-Frölunda-Högsbo, Högsbohöjd, S;delad;vd-indelning-2018.skv = M (modifierat). vd-mappning-2014-2018.skv ger 1 källa eller källor: 14805112 87.6 procent av 2014-distriktet. geometri geo_overlap_2014_2018.csv: 14805112 (Askim-Frölunda-Högsbo, Högsbohöjd, S) täcker 100.0 procent av det nya distriktet, 92.5 procent av det gamla ligger där, 1 källor över 5 procent;vd-mappning-2014-2018.skv + vd-indelning-2018.skv
14805121;Askim-Frölunda-Högsbo, Högsbo;14805121;Askim-Frölunda-Högsbo, Högsbo;omritad;vd-indelning-2018.skv = M (modifierat). vd-mappning-2014-2018.skv ger 2 källa eller källor: 14805121 42.7 procent av 2014-distriktet, 14805123 26.3 procent av 2014-distriktet. geometri geo_overlap_2014_2018.csv: 14805121 (Askim-Frölunda-Högsbo, Högsbo) täcker 72.7 procent av det nya distriktet, 46.1 procent av det gamla ligger där, 2 källor över 5 procent;vd-mappning-2014-2018.skv + vd-indelning-2018.skv
14805122;Askim-Frölunda-Högsbo, Högsbotorp, S;14805121;Askim-Frölunda-Högsbo, Högsbo;omritad;vd-indelning-2018.skv = M (modifierat). vd-mappning-2014-2018.skv ger 2 källa eller källor: 14805121 57.3 procent av 2014-distriktet, 14805122 23.9 procent av 2014-distriktet. geometri geo_overlap_2014_2018.csv: 14805121 (Askim-Frölunda-Högsbo, Högsbo) täcker 72.1 procent av det nya distriktet, 53.9 procent av det gamla ligger där, 2 källor över 5 procent;vd-mappning-2014-2018.skv + vd-indelning-2018.skv
14805123;Askim-Frölunda-Högsbo, Högsbotorp, V;14805122;Askim-Frölunda-Högsbo, Högsbotorp, V;delad;vd-indelning-2018.skv = M (modifierat). vd-mappning-2014-2018.skv ger 1 källa eller källor: 14805122 76.1 procent av 2014-distriktet. geometri geo_overlap_2014_2018.csv: 14805122 (Askim-Frölunda-Högsbo, Högsbotorp, V) täcker 100.0 procent av det nya distriktet, 79.4 procent av det gamla ligger där, 1 källor över 5 procent;vd-mappning-2014-2018.skv + vd-indelning-2018.skv
14805124;Askim-Frölunda-Högsbo, Högsbotorp, Ö;14805123;Askim-Frölunda-Högsbo, Högsbotorp, Ö;omritad;vd-indelning-2018.skv = M (modifierat). vd-mappning-2014-2018.skv ger 2 källa eller källor: 14805123 62.0 procent av 2014-distriktet, 14805124 39.7 procent av 2014-distriktet. geometri geo_overlap_2014_2018.csv: 14805123 (Askim-Frölunda-Högsbo, Högsbotorp, Ö) täcker 62.4 procent av det nya distriktet, 61.6 procent av det gamla ligger där, 2 källor över 5 procent;vd-mappning-2014-2018.skv + vd-indelning-2018.skv
14805125;Askim-Frölunda-Högsbo, Marklandsgat.;14805124;Askim-Frölunda-Högsbo, Marklandsg.;omritad;vd-indelning-2018.skv = M (modifierat). vd-mappning-2014-2018.skv ger 2 källa eller källor: 14805124 60.3 procent av 2014-distriktet, 14805123 11.7 procent av 2014-distriktet. geometri geo_overlap_2014_2018.csv: 14805124 (Askim-Frölunda-Högsbo, Marklandsg.) täcker 90.8 procent av det nya distriktet, 77.5 procent av det gamla ligger där, 2 källor över 5 procent;vd-mappning-2014-2018.skv + vd-indelning-2018.skv
14805131;Askim-Frölunda-Högsbo, Spinetten;14805131;Askim-Frölunda-Högsbo, Spinetten;identisk;vd-indelning-2018.skv = O (oforandrat). vd-mappning-2014-2018.skv ger 1 källa eller källor: 14805131 100.0 procent av 2014-distriktet. geometri geo_overlap_2014_2018.csv: 14805131 (Askim-Frölunda-Högsbo, Spinetten) täcker 100.0 procent av det nya distriktet, 100.0 procent av det gamla ligger där, 1 källor över 5 procent;vd-mappning-2014-2018.skv + vd-indelning-2018.skv
14805132;Askim-Frölunda-Högsbo, Tofta;14805132;Askim-Frölunda-Högsbo, Tofta;delad;vd-indelning-2018.skv = M (modifierat). vd-mappning-2014-2018.skv ger 1 källa eller källor: 14805132 91.7 procent av 2014-distriktet. geometri geo_overlap_2014_2018.csv: 14805132 (Askim-Frölunda-Högsbo, Tofta) täcker 100.0 procent av det nya distriktet, 99.3 procent av det gamla ligger där, 1 källor över 5 procent OBS geometrin är i praktiken 1:1 (100.0/99.3 procent) trots att indelningen anges som modifierad;vd-mappning-2014-2018.skv + vd-indelning-2018.skv
14805141;Askim-Frölunda-Högsbo, Altplatsen;14805141;Askim-Frölunda-Högsbo, Ruddalen;delad;vd-indelning-2018.skv = M (modifierat). vd-mappning-2014-2018.skv ger 1 källa eller källor: 14805141 48.4 procent av 2014-distriktet. geometri geo_overlap_2014_2018.csv: 14805141 (Askim-Frölunda-Högsbo, Ruddalen) täcker 100.0 procent av det nya distriktet, 8.2 procent av det gamla ligger där, 1 källor över 5 procent;vd-mappning-2014-2018.skv + vd-indelning-2018.skv
14805142;Askim-Frölunda-Högsbo, Ruddalen;14805141;Askim-Frölunda-Högsbo, Ruddalen;delad;vd-indelning-2018.skv = M (modifierat). vd-mappning-2014-2018.skv ger 1 källa eller källor: 14805141 51.6 procent av 2014-distriktet. geometri geo_overlap_2014_2018.csv: 14805141 (Askim-Frölunda-Högsbo, Ruddalen) täcker 100.0 procent av det nya distriktet, 86.4 procent av det gamla ligger där, 1 källor över 5 procent;vd-mappning-2014-2018.skv + vd-indelning-2018.skv
14805151;Askim-Frölunda-Högsbo, Järnbrott, S;14805151;Askim-Frölunda-Högsbo, Järnbrott, V;omritad;vd-indelning-2018.skv = M (modifierat). vd-mappning-2014-2018.skv ger 2 källa eller källor: 14805152 42.9 procent av 2014-distriktet, 14805151 33.5 procent av 2014-distriktet. geometri geo_overlap_2014_2018.csv: 14805151 (Askim-Frölunda-Högsbo, Järnbrott, V) täcker 52.6 procent av det nya distriktet, 43.5 procent av det gamla ligger där, 2 källor över 5 procent;vd-mappning-2014-2018.skv + vd-indelning-2018.skv
14805152;Askim-Frölunda-Högsbo, Järnbrott, V;14805151;Askim-Frölunda-Högsbo, Järnbrott, V;omritad;vd-indelning-2018.skv = M (modifierat). vd-mappning-2014-2018.skv ger 2 källa eller källor: 14805151 45.2 procent av 2014-distriktet, 14805132 8.3 procent av 2014-distriktet. geometri geo_overlap_2014_2018.csv: 14805151 (Askim-Frölunda-Högsbo, Järnbrott, V) täcker 97.4 procent av det nya distriktet, 35.9 procent av det gamla ligger där, 1 källor över 5 procent;vd-mappning-2014-2018.skv + vd-indelning-2018.skv
14805153;Askim-Frölunda-Högsbo, Järnbrott, Ö;14805152;Askim-Frölunda-Högsbo, Järnbrott, Ö;omritad;vd-indelning-2018.skv = M (modifierat). vd-mappning-2014-2018.skv ger 2 källa eller källor: 14805152 57.1 procent av 2014-distriktet, 14805151 21.2 procent av 2014-distriktet. geometri geo_overlap_2014_2018.csv: 14805152 (Askim-Frölunda-Högsbo, Järnbrott, Ö) täcker 66.9 procent av det nya distriktet, 51.5 procent av det gamla ligger där, 2 källor över 5 procent;vd-mappning-2014-2018.skv + vd-indelning-2018.skv
14805171;Askim-Frölunda-Högsbo, Frölunda;14805171;Askim-Frölunda-Högsbo, Frölunda;identisk;vd-indelning-2018.skv = O (oforandrat). vd-mappning-2014-2018.skv ger 1 källa eller källor: 14805171 100.0 procent av 2014-distriktet. geometri geo_overlap_2014_2018.csv: 14805171 (Askim-Frölunda-Högsbo, Frölunda) täcker 88.2 procent av det nya distriktet, 100.0 procent av det gamla ligger där, 2 källor över 5 procent OBS geometrin ger bara 88.2/100.0 procent;vd-mappning-2014-2018.skv + vd-indelning-2018.skv
14805172;Askim-Frölunda-Högsbo, Frölunda Torg;14805172;Askim-Frölunda-Högsbo, Frölunda Torg;identisk;vd-indelning-2018.skv = O (oforandrat). vd-mappning-2014-2018.skv ger 1 källa eller källor: 14805172 100.0 procent av 2014-distriktet. geometri geo_overlap_2014_2018.csv: 14805172 (Askim-Frölunda-Högsbo, Frölunda Torg) täcker 100.0 procent av det nya distriktet, 100.0 procent av det gamla ligger där, 1 källor över 5 procent;vd-mappning-2014-2018.skv + vd-indelning-2018.skv
14805173;Askim-Frölunda-Högsbo, Gånglåten;14805173;Askim-Frölunda-Högsbo, Gånglåten;identisk;vd-indelning-2018.skv = O (oforandrat). vd-mappning-2014-2018.skv ger 1 källa eller källor: 14805173 100.0 procent av 2014-distriktet. geometri geo_overlap_2014_2018.csv: 14805173 (Askim-Frölunda-Högsbo, Gånglåten) täcker 100.0 procent av det nya distriktet, 100.0 procent av det gamla ligger där, 1 källor över 5 procent;vd-mappning-2014-2018.skv + vd-indelning-2018.skv
14805174;Askim-Frölunda-Högsbo, Mandolingatan;14805174;Askim-Frölunda-Högsbo, Mandolingatan;identisk;vd-indelning-2018.skv = O (oforandrat). vd-mappning-2014-2018.skv ger 1 källa eller källor: 14805174 100.0 procent av 2014-distriktet. geometri geo_overlap_2014_2018.csv: 14805174 (Askim-Frölunda-Högsbo, Mandolingatan) täcker 100.0 procent av det nya distriktet, 100.0 procent av det gamla ligger där, 1 källor över 5 procent;vd-mappning-2014-2018.skv + vd-indelning-2018.skv
14805181;Västra Göteborg, Korsåsen;14805181;Västra Göteborg, Korsåsen;identisk;vd-indelning-2018.skv = O (oforandrat). vd-mappning-2014-2018.skv ger 1 källa eller källor: 14805181 100.0 procent av 2014-distriktet. geometri geo_overlap_2014_2018.csv: 14805181 (Västra Göteborg, Korsåsen) täcker 100.0 procent av det nya distriktet, 100.0 procent av det gamla ligger där, 1 källor över 5 procent;vd-mappning-2014-2018.skv + vd-indelning-2018.skv
14805182;Västra Göteborg, Ängås;14805182;Västra Göteborg, Ängås;identisk;vd-indelning-2018.skv = O (oforandrat). vd-mappning-2014-2018.skv ger 1 källa eller källor: 14805182 100.0 procent av 2014-distriktet. geometri geo_overlap_2014_2018.csv: 14805182 (Västra Göteborg, Ängås) täcker 100.0 procent av det nya distriktet, 100.0 procent av det gamla ligger där, 1 källor över 5 procent;vd-mappning-2014-2018.skv + vd-indelning-2018.skv
14805191;Västra Göteborg, Önnered, Västra;14805191;Västra Göteborg, Önnered, Västra;identisk;vd-indelning-2018.skv = O (oforandrat). vd-mappning-2014-2018.skv ger 1 källa eller källor: 14805191 100.0 procent av 2014-distriktet. geometri geo_overlap_2014_2018.csv: 14805191 (Västra Göteborg, Önnered, Västra) täcker 100.0 procent av det nya distriktet, 100.0 procent av det gamla ligger där, 1 källor över 5 procent;vd-mappning-2014-2018.skv + vd-indelning-2018.skv
14805192;Västra Göteborg, Önnered, Östra;14805192;Västra Göteborg, Önnered, Östra;identisk;vd-indelning-2018.skv = O (oforandrat). vd-mappning-2014-2018.skv ger 1 källa eller källor: 14805192 100.0 procent av 2014-distriktet. geometri geo_overlap_2014_2018.csv: 14805192 (Västra Göteborg, Önnered, Östra) täcker 100.0 procent av det nya distriktet, 100.0 procent av det gamla ligger där, 1 källor över 5 procent;vd-mappning-2014-2018.skv + vd-indelning-2018.skv
14805201;Västra Göteborg, Grevegården;14805201;Västra Göteborg, Grevegården;identisk;vd-indelning-2018.skv = O (oforandrat). vd-mappning-2014-2018.skv ger 1 källa eller källor: 14805201 100.0 procent av 2014-distriktet. geometri geo_overlap_2014_2018.csv: 14805201 (Västra Göteborg, Grevegården) täcker 73.2 procent av det nya distriktet, 100.0 procent av det gamla ligger där, 2 källor över 5 procent OBS geometrin ger bara 73.2/100.0 procent;vd-mappning-2014-2018.skv + vd-indelning-2018.skv
14805202;Västra Göteborg, Skattegården;14805202;Västra Göteborg, Skattegården;identisk;vd-indelning-2018.skv = O (oforandrat). vd-mappning-2014-2018.skv ger 1 källa eller källor: 14805202 100.0 procent av 2014-distriktet. geometri geo_overlap_2014_2018.csv: 14805202 (Västra Göteborg, Skattegården) täcker 100.0 procent av det nya distriktet, 81.6 procent av det gamla ligger där, 1 källor över 5 procent OBS geometrin ger bara 100.0/81.6 procent;vd-mappning-2014-2018.skv + vd-indelning-2018.skv
14805211;Västra Göteborg, Näset, Norra;14805211;Västra Göteborg, Näset, Norra;omritad;vd-indelning-2018.skv = M (modifierat). vd-mappning-2014-2018.skv ger 2 källa eller källor: 14805211 66.0 procent av 2014-distriktet, 14805212 15.6 procent av 2014-distriktet. geometri geo_overlap_2014_2018.csv: 14805211 (Västra Göteborg, Näset, Norra) täcker 92.1 procent av det nya distriktet, 80.9 procent av det gamla ligger där, 2 källor över 5 procent;vd-mappning-2014-2018.skv + vd-indelning-2018.skv
14805212;Västra Göteborg, Näset, Södra;14805212;Västra Göteborg, Näset, Södra;delad;vd-indelning-2018.skv = M (modifierat). vd-mappning-2014-2018.skv ger 1 källa eller källor: 14805212 76.8 procent av 2014-distriktet. geometri geo_overlap_2014_2018.csv: 14805212 (Västra Göteborg, Näset, Södra) täcker 100.0 procent av det nya distriktet, 91.0 procent av det gamla ligger där, 1 källor över 5 procent;vd-mappning-2014-2018.skv + vd-indelning-2018.skv
14805213;Västra Göteborg, Välen;14805212;Västra Göteborg, Näset, Södra;omritad;vd-indelning-2018.skv = M (modifierat). vd-mappning-2014-2018.skv ger 3 källa eller källor: 14805213 31.6 procent av 2014-distriktet, 14805211 27.0 procent av 2014-distriktet, 14805212 7.5 procent av 2014-distriktet. geometri geo_overlap_2014_2018.csv: 14805212 (Västra Göteborg, Näset, Södra) täcker 52.4 procent av det nya distriktet, 6.8 procent av det gamla ligger där, 3 källor över 5 procent;vd-mappning-2014-2018.skv + vd-indelning-2018.skv
14805214;Västra Göteborg, Åkered;14805213;Västra Göteborg, Åkered;omritad;vd-indelning-2018.skv = M (modifierat). vd-mappning-2014-2018.skv ger 2 källa eller källor: 14805213 68.4 procent av 2014-distriktet, 14805211 7.0 procent av 2014-distriktet. geometri geo_overlap_2014_2018.csv: 14805213 (Västra Göteborg, Åkered) täcker 90.0 procent av det nya distriktet, 90.2 procent av det gamla ligger där, 2 källor över 5 procent;vd-mappning-2014-2018.skv + vd-indelning-2018.skv
14805221;Västra Göteborg, Opaltorget, Norra;14805221;Västra Göteborg, Opaltorget, Norra;identisk;vd-indelning-2018.skv = O (oforandrat). vd-mappning-2014-2018.skv ger 1 källa eller källor: 14805221 100.0 procent av 2014-distriktet. geometri geo_overlap_2014_2018.csv: 14805221 (Västra Göteborg, Opaltorget, Norra) täcker 100.0 procent av det nya distriktet, 100.0 procent av det gamla ligger där, 1 källor över 5 procent;vd-mappning-2014-2018.skv + vd-indelning-2018.skv
14805222;Västra Göteborg, Opaltorget, Södra;14805222;Västra Göteborg, Opaltorget, Södra;identisk;vd-indelning-2018.skv = O (oforandrat). vd-mappning-2014-2018.skv ger 1 källa eller källor: 14805222 100.0 procent av 2014-distriktet. geometri geo_overlap_2014_2018.csv: 14805222 (Västra Göteborg, Opaltorget, Södra) täcker 100.0 procent av det nya distriktet, 100.0 procent av det gamla ligger där, 1 källor över 5 procent;vd-mappning-2014-2018.skv + vd-indelning-2018.skv
14805231;Askim-Frölunda-Högsbo, Askim;14805231;Askim-Frölunda-Högsbo, Askim;identisk;vd-indelning-2018.skv = O (oforandrat). vd-mappning-2014-2018.skv ger 1 källa eller källor: 14805231 100.0 procent av 2014-distriktet. geometri geo_overlap_2014_2018.csv: 14805231 (Askim-Frölunda-Högsbo, Askim) täcker 100.0 procent av det nya distriktet, 100.0 procent av det gamla ligger där, 1 källor över 5 procent;vd-mappning-2014-2018.skv + vd-indelning-2018.skv
14805232;Askim-Frölunda-Högsbo, Hovås, Norra;14805232;Askim-Frölunda-Högsbo, Hovås, Norra;identisk;vd-indelning-2018.skv = O (oforandrat). vd-mappning-2014-2018.skv ger 1 källa eller källor: 14805232 100.0 procent av 2014-distriktet. geometri geo_overlap_2014_2018.csv: 14805232 (Askim-Frölunda-Högsbo, Hovås, Norra) täcker 100.0 procent av det nya distriktet, 100.0 procent av det gamla ligger där, 1 källor över 5 procent;vd-mappning-2014-2018.skv + vd-indelning-2018.skv
14805233;Askim-Frölunda-Högsbo, Hult;14805233;Askim-Frölunda-Högsbo, Hult;identisk;vd-indelning-2018.skv = O (oforandrat). vd-mappning-2014-2018.skv ger 1 källa eller källor: 14805233 100.0 procent av 2014-distriktet. geometri geo_overlap_2014_2018.csv: 14805233 (Askim-Frölunda-Högsbo, Hult) täcker 100.0 procent av det nya distriktet, 100.0 procent av det gamla ligger där, 1 källor över 5 procent;vd-mappning-2014-2018.skv + vd-indelning-2018.skv
14805234;Askim-Frölunda-Högsbo, Pilegården;14805234;Askim-Frölunda-Högsbo, Pilegården;identisk;vd-indelning-2018.skv = O (oforandrat). vd-mappning-2014-2018.skv ger 1 källa eller källor: 14805234 100.0 procent av 2014-distriktet. geometri geo_overlap_2014_2018.csv: 14805234 (Askim-Frölunda-Högsbo, Pilegården) täcker 100.0 procent av det nya distriktet, 100.0 procent av det gamla ligger där, 1 källor över 5 procent;vd-mappning-2014-2018.skv + vd-indelning-2018.skv
14805235;Askim-Frölunda-Högsbo, Sisjön, N;14805235;Askim-Frölunda-Högsbo, Sisjön, Norra;omritad;vd-indelning-2018.skv = M (modifierat). vd-mappning-2014-2018.skv ger 2 källa eller källor: 14805236 17.3 procent av 2014-distriktet, 14805235 1.3 procent av 2014-distriktet. geometri geo_overlap_2014_2018.csv: 14805235 (Askim-Frölunda-Högsbo, Sisjön, Norra) täcker 88.4 procent av det nya distriktet, 66.0 procent av det gamla ligger där, 2 källor över 5 procent;vd-mappning-2014-2018.skv + vd-indelning-2018.skv
14805236;Askim-Frölunda-Högsbo, Sisjön, S;14805236;Askim-Frölunda-Högsbo, Sisjön, Södra;delad;vd-indelning-2018.skv = M (modifierat). vd-mappning-2014-2018.skv ger 1 källa eller källor: 14805236 82.7 procent av 2014-distriktet. geometri geo_overlap_2014_2018.csv: 14805236 (Askim-Frölunda-Högsbo, Sisjön, Södra) täcker 100.0 procent av det nya distriktet, 80.9 procent av det gamla ligger där, 1 källor över 5 procent;vd-mappning-2014-2018.skv + vd-indelning-2018.skv
14805237;Askim-Frölunda-Högsbo, Sisjön, V;14805235;Askim-Frölunda-Högsbo, Sisjön, Norra;omritad;vd-indelning-2018.skv = M (modifierat). vd-mappning-2014-2018.skv ger 1 källa eller källor: 14805235 98.7 procent av 2014-distriktet. geometri geo_overlap_2014_2018.csv: 14805235 (Askim-Frölunda-Högsbo, Sisjön, Norra) täcker 100.0 procent av det nya distriktet, 34.0 procent av det gamla ligger där, 1 källor över 5 procent;vd-mappning-2014-2018.skv + vd-indelning-2018.skv
14805241;Askim-Frölunda-Högsbo, Hovås, Södra;14805241;Askim-Frölunda-Högsbo, Hovås, Södra;identisk;vd-indelning-2018.skv = O (oforandrat). vd-mappning-2014-2018.skv ger 1 källa eller källor: 14805241 100.0 procent av 2014-distriktet. geometri geo_overlap_2014_2018.csv: 14805241 (Askim-Frölunda-Högsbo, Hovås, Södra) täcker 100.0 procent av det nya distriktet, 100.0 procent av det gamla ligger där, 1 källor över 5 procent;vd-mappning-2014-2018.skv + vd-indelning-2018.skv
14805242;Askim-Frölunda-Högsbo, Trollåsen;14805242;Askim-Frölunda-Högsbo, Trollåsen;identisk;vd-indelning-2018.skv = O (oforandrat). vd-mappning-2014-2018.skv ger 1 källa eller källor: 14805242 100.0 procent av 2014-distriktet. geometri geo_overlap_2014_2018.csv: 14805242 (Askim-Frölunda-Högsbo, Trollåsen) täcker 100.0 procent av det nya distriktet, 100.0 procent av det gamla ligger där, 1 källor över 5 procent;vd-mappning-2014-2018.skv + vd-indelning-2018.skv
14805251;Askim-Frölunda-Högsbo, Billdal, N;14805251;Askim-Frölunda-Högsbo, Billdal;omritad;vd-indelning-2018.skv = M (modifierat). vd-mappning-2014-2018.skv ger 2 källa eller källor: 14805251 48.0 procent av 2014-distriktet, 14805253 19.4 procent av 2014-distriktet. geometri geo_overlap_2014_2018.csv: 14805251 (Askim-Frölunda-Högsbo, Billdal) täcker 61.6 procent av det nya distriktet, 20.7 procent av det gamla ligger där, 2 källor över 5 procent;vd-mappning-2014-2018.skv + vd-indelning-2018.skv
14805252;Askim-Frölunda-Högsbo, Billdal, S;14805251;Askim-Frölunda-Högsbo, Billdal;delad;vd-indelning-2018.skv = M (modifierat). vd-mappning-2014-2018.skv ger 1 källa eller källor: 14805251 52.0 procent av 2014-distriktet. geometri geo_overlap_2014_2018.csv: 14805251 (Askim-Frölunda-Högsbo, Billdal) täcker 100.0 procent av det nya distriktet, 79.2 procent av det gamla ligger där, 1 källor över 5 procent;vd-mappning-2014-2018.skv + vd-indelning-2018.skv
14805253;Askim-Frölunda-Högsbo, Brottkärr;14805252;Askim-Frölunda-Högsbo, Brottkärr;identisk;vd-indelning-2018.skv = O (oforandrat). vd-mappning-2014-2018.skv ger 1 källa eller källor: 14805252 100.0 procent av 2014-distriktet. geometri geo_overlap_2014_2018.csv: 14805252 (Askim-Frölunda-Högsbo, Brottkärr) täcker 100.0 procent av det nya distriktet, 100.0 procent av det gamla ligger där, 1 källor över 5 procent;vd-mappning-2014-2018.skv + vd-indelning-2018.skv
14805254;Askim-Frölunda-Högsbo, Lindås;14805253;Askim-Frölunda-Högsbo, Lindås;delad;vd-indelning-2018.skv = M (modifierat). vd-mappning-2014-2018.skv ger 1 källa eller källor: 14805253 80.6 procent av 2014-distriktet. geometri geo_overlap_2014_2018.csv: 14805253 (Askim-Frölunda-Högsbo, Lindås) täcker 99.9 procent av det nya distriktet, 84.2 procent av det gamla ligger där, 1 källor över 5 procent;vd-mappning-2014-2018.skv + vd-indelning-2018.skv
14805255;Askim-Frölunda-Högsbo, Lyckhem;14805254;Askim-Frölunda-Högsbo, Lyckhem;identisk;vd-indelning-2018.skv = O (oforandrat). vd-mappning-2014-2018.skv ger 1 källa eller källor: 14805254 100.0 procent av 2014-distriktet. geometri geo_overlap_2014_2018.csv: 14805254 (Askim-Frölunda-Högsbo, Lyckhem) täcker 100.0 procent av det nya distriktet, 96.6 procent av det gamla ligger där, 1 källor över 5 procent OBS geometrin ger bara 100.0/96.6 procent;vd-mappning-2014-2018.skv + vd-indelning-2018.skv
14805256;Askim-Frölunda-Högsbo, Nygård;14805255;Askim-Frölunda-Högsbo, Nygård;identisk;vd-indelning-2018.skv = O (oforandrat). vd-mappning-2014-2018.skv ger 1 källa eller källor: 14805255 100.0 procent av 2014-distriktet. geometri geo_overlap_2014_2018.csv: 14805255 (Askim-Frölunda-Högsbo, Nygård) täcker 94.6 procent av det nya distriktet, 87.0 procent av det gamla ligger där, 2 källor över 5 procent OBS geometrin ger bara 94.6/87.0 procent;vd-mappning-2014-2018.skv + vd-indelning-2018.skv
14805257;Askim-Frölunda-Högsbo, Skintebo;14805256;Askim-Frölunda-Högsbo, Skintebo;identisk;vd-indelning-2018.skv = O (oforandrat). vd-mappning-2014-2018.skv ger 1 källa eller källor: 14805256 100.0 procent av 2014-distriktet. geometri geo_overlap_2014_2018.csv: 14805256 (Askim-Frölunda-Högsbo, Skintebo) täcker 100.0 procent av det nya distriktet, 100.0 procent av det gamla ligger där, 1 källor över 5 procent;vd-mappning-2014-2018.skv + vd-indelning-2018.skv
14805258;Askim-Frölunda-Högsbo, Uggleberget;;;ny;saknas i vd-mappning-2014-2018.skv, vd-indelning-2018.skv = N (nytt). geometri geo_overlap_2014_2018.csv: 14805255 (Askim-Frölunda-Högsbo, Nygård) täcker 79.7 procent av det nya distriktet, 11.8 procent av det gamla ligger där, 2 källor över 5 procent;vd-mappning-2014-2018.skv + vd-indelning-2018.skv + geometri
14806011;Angered, Lövgärdet, Nedre;14806011;Angered, Lövgärdet, Nedre;identisk;vd-indelning-2018.skv = O (oforandrat). vd-mappning-2014-2018.skv ger 1 källa eller källor: 14806011 100.0 procent av 2014-distriktet. geometri geo_overlap_2014_2018.csv: 14806011 (Angered, Lövgärdet, Nedre) täcker 100.0 procent av det nya distriktet, 100.0 procent av det gamla ligger där, 1 källor över 5 procent;vd-mappning-2014-2018.skv + vd-indelning-2018.skv
14806012;Angered, Lövgärdet, Övre;14806012;Angered, Lövgärdet, Övre;identisk;vd-indelning-2018.skv = O (oforandrat). vd-mappning-2014-2018.skv ger 1 källa eller källor: 14806012 100.0 procent av 2014-distriktet. geometri geo_overlap_2014_2018.csv: 14806012 (Angered, Lövgärdet, Övre) täcker 100.0 procent av det nya distriktet, 100.0 procent av det gamla ligger där, 1 källor över 5 procent;vd-mappning-2014-2018.skv + vd-indelning-2018.skv
14806013;Angered, Lövgärdets Centrum;14806013;Angered, Lövgärdets Centrum;identisk;vd-indelning-2018.skv = O (oforandrat). vd-mappning-2014-2018.skv ger 1 källa eller källor: 14806013 100.0 procent av 2014-distriktet. geometri geo_overlap_2014_2018.csv: 14806013 (Angered, Lövgärdets Centrum) täcker 100.0 procent av det nya distriktet, 100.0 procent av det gamla ligger där, 1 källor över 5 procent;vd-mappning-2014-2018.skv + vd-indelning-2018.skv
14806021;Angered, Rannebergen, Norra;14806021;Angered, Rannebergen, Norra;identisk;vd-indelning-2018.skv = O (oforandrat). vd-mappning-2014-2018.skv ger 1 källa eller källor: 14806021 100.0 procent av 2014-distriktet. geometri geo_overlap_2014_2018.csv: 14806021 (Angered, Rannebergen, Norra) täcker 100.0 procent av det nya distriktet, 100.0 procent av det gamla ligger där, 1 källor över 5 procent;vd-mappning-2014-2018.skv + vd-indelning-2018.skv
14806022;Angered, Rannebergen, Södra;14806022;Angered, Rannebergen, Södra;identisk;vd-indelning-2018.skv = O (oforandrat). vd-mappning-2014-2018.skv ger 1 källa eller källor: 14806022 100.0 procent av 2014-distriktet. geometri geo_overlap_2014_2018.csv: 14806022 (Angered, Rannebergen, Södra) täcker 100.0 procent av det nya distriktet, 100.0 procent av det gamla ligger där, 1 källor över 5 procent;vd-mappning-2014-2018.skv + vd-indelning-2018.skv
14806031;Angered, Gårdsten, Norra;14806031;Angered, Gårdsten, Norra;delad;vd-indelning-2018.skv = M (modifierat). vd-mappning-2014-2018.skv ger 1 källa eller källor: 14806031 78.2 procent av 2014-distriktet. geometri geo_overlap_2014_2018.csv: 14806031 (Angered, Gårdsten, Norra) täcker 100.0 procent av det nya distriktet, 41.9 procent av det gamla ligger där, 1 källor över 5 procent;vd-mappning-2014-2018.skv + vd-indelning-2018.skv
14806032;Angered, Gårdsten, Södra;14806032;Angered, Gårdsten, Södra;identisk;vd-indelning-2018.skv = O (oforandrat). vd-mappning-2014-2018.skv ger 1 källa eller källor: 14806032 100.0 procent av 2014-distriktet. geometri geo_overlap_2014_2018.csv: 14806032 (Angered, Gårdsten, Södra) täcker 82.4 procent av det nya distriktet, 100.0 procent av det gamla ligger där, 2 källor över 5 procent OBS geometrin ger bara 82.4/100.0 procent;vd-mappning-2014-2018.skv + vd-indelning-2018.skv
14806033;Angered, Gårdsten, Västra;14806033;Angered, Gårdsten, Västra;omritad;vd-indelning-2018.skv = M (modifierat). vd-mappning-2014-2018.skv ger 2 källa eller källor: 14806033 100.0 procent av 2014-distriktet, 14806031 21.8 procent av 2014-distriktet. geometri geo_overlap_2014_2018.csv: 14806033 (Angered, Gårdsten, Västra) täcker 58.9 procent av det nya distriktet, 86.7 procent av det gamla ligger där, 2 källor över 5 procent;vd-mappning-2014-2018.skv + vd-indelning-2018.skv
14806034;Angered, Gårdsten, Östra;14806034;Angered, Gårdsten, Östra;identisk;vd-indelning-2018.skv = O (oforandrat). vd-mappning-2014-2018.skv ger 1 källa eller källor: 14806034 100.0 procent av 2014-distriktet. geometri geo_overlap_2014_2018.csv: 14806034 (Angered, Gårdsten, Östra) täcker 100.0 procent av det nya distriktet, 100.0 procent av det gamla ligger där, 1 källor över 5 procent;vd-mappning-2014-2018.skv + vd-indelning-2018.skv
14806041;Angered, Angereds Centrum;14806041;Angered, Angereds Centrum;identisk;vd-indelning-2018.skv = O (oforandrat). vd-mappning-2014-2018.skv ger 1 källa eller källor: 14806041 100.0 procent av 2014-distriktet. geometri geo_overlap_2014_2018.csv: 14806041 (Angered, Angereds Centrum) täcker 100.0 procent av det nya distriktet, 100.0 procent av det gamla ligger där, 1 källor över 5 procent;vd-mappning-2014-2018.skv + vd-indelning-2018.skv
14806042;Angered, Trägårdsgärdet;14806042;Angered, Trägårdsgärdet;identisk;vd-indelning-2018.skv = O (oforandrat). vd-mappning-2014-2018.skv ger 1 källa eller källor: 14806042 100.0 procent av 2014-distriktet. geometri geo_overlap_2014_2018.csv: 14806042 (Angered, Trägårdsgärdet) täcker 100.0 procent av det nya distriktet, 100.0 procent av det gamla ligger där, 1 källor över 5 procent;vd-mappning-2014-2018.skv + vd-indelning-2018.skv
14806051;Angered, Agnesberg;14806051;Angered, Agnesberg;identisk;vd-indelning-2018.skv = O (oforandrat). vd-mappning-2014-2018.skv ger 1 källa eller källor: 14806051 100.0 procent av 2014-distriktet. geometri geo_overlap_2014_2018.csv: 14806051 (Angered, Agnesberg) täcker 100.0 procent av det nya distriktet, 100.0 procent av det gamla ligger där, 1 källor över 5 procent;vd-mappning-2014-2018.skv + vd-indelning-2018.skv
14806061;Angered, Hammarkullen, Centrum;14806061;Angered, Hammarkullen, Västra;delad;vd-indelning-2018.skv = M (modifierat). vd-mappning-2014-2018.skv ger 1 källa eller källor: 14806061 76.6 procent av 2014-distriktet. geometri geo_overlap_2014_2018.csv: 14806061 (Angered, Hammarkullen, Västra) täcker 100.0 procent av det nya distriktet, 7.5 procent av det gamla ligger där, 1 källor över 5 procent;vd-mappning-2014-2018.skv + vd-indelning-2018.skv
14806062;Angered, Hammarkullen, Västra;14806061;Angered, Hammarkullen, Västra;omritad;vd-indelning-2018.skv = M (modifierat). vd-mappning-2014-2018.skv ger 2 källa eller källor: 14806063 50.7 procent av 2014-distriktet, 14806061 23.4 procent av 2014-distriktet. geometri geo_overlap_2014_2018.csv: 14806061 (Angered, Hammarkullen, Västra) täcker 90.4 procent av det nya distriktet, 92.5 procent av det gamla ligger där, 2 källor över 5 procent;vd-mappning-2014-2018.skv + vd-indelning-2018.skv
14806063;Angered, Hammarkullen, Östra;14806062;Angered, Hammarkullen, Östra;delad;vd-indelning-2018.skv = M (modifierat). vd-mappning-2014-2018.skv ger 1 källa eller källor: 14806062 76.1 procent av 2014-distriktet. geometri geo_overlap_2014_2018.csv: 14806062 (Angered, Hammarkullen, Östra) täcker 100.0 procent av det nya distriktet, 32.0 procent av det gamla ligger där, 1 källor över 5 procent;vd-mappning-2014-2018.skv + vd-indelning-2018.skv
14806064;Angered, Sandeslätt;14806063;Angered, Sandeslätt;omritad;vd-indelning-2018.skv = M (modifierat). vd-mappning-2014-2018.skv ger 2 källa eller källor: 14806063 49.3 procent av 2014-distriktet, 14806062 23.9 procent av 2014-distriktet. geometri geo_overlap_2014_2018.csv: 14806063 (Angered, Sandeslätt) täcker 84.4 procent av det nya distriktet, 92.5 procent av det gamla ligger där, 2 källor över 5 procent;vd-mappning-2014-2018.skv + vd-indelning-2018.skv
14806101;Angered, Gunnilse-Linnarhult;14806101;Angered, Gunnilse-Linnarhult;identisk;vd-indelning-2018.skv = O (oforandrat). vd-mappning-2014-2018.skv ger 1 källa eller källor: 14806101 100.0 procent av 2014-distriktet. geometri geo_overlap_2014_2018.csv: 14806101 (Angered, Gunnilse-Linnarhult) täcker 100.0 procent av det nya distriktet, 100.0 procent av det gamla ligger där, 1 källor över 5 procent;vd-mappning-2014-2018.skv + vd-indelning-2018.skv
14806111;Angered, Bergum;14806111;Angered, Björsared-Knipared;omritad;vd-indelning-2018.skv = M (modifierat). vd-mappning-2014-2018.skv ger 2 källa eller källor: 14806112 39.3 procent av 2014-distriktet, 14806111 32.7 procent av 2014-distriktet. geometri geo_overlap_2014_2018.csv: 14806111 (Angered, Björsared-Knipared) täcker 97.0 procent av det nya distriktet, 88.4 procent av det gamla ligger där, 1 källor över 5 procent;vd-mappning-2014-2018.skv + vd-indelning-2018.skv
14806112;Angered, Björsared;14806111;Angered, Björsared-Knipared;delad;vd-indelning-2018.skv = M (modifierat). vd-mappning-2014-2018.skv ger 1 källa eller källor: 14806111 67.3 procent av 2014-distriktet. geometri geo_overlap_2014_2018.csv: 14806111 (Angered, Björsared-Knipared) täcker 100.0 procent av det nya distriktet, 11.6 procent av det gamla ligger där, 1 källor över 5 procent;vd-mappning-2014-2018.skv + vd-indelning-2018.skv
14806113;Angered, Olofstorp;14806112;Angered, Olofstorp;delad;vd-indelning-2018.skv = M (modifierat). vd-mappning-2014-2018.skv ger 1 källa eller källor: 14806112 60.7 procent av 2014-distriktet. geometri geo_overlap_2014_2018.csv: 14806112 (Angered, Olofstorp) täcker 100.0 procent av det nya distriktet, 91.1 procent av det gamla ligger där, 1 källor över 5 procent;vd-mappning-2014-2018.skv + vd-indelning-2018.skv
14806121;Angered, Bläsebo;14806121;Angered, Bläsebo;identisk;vd-indelning-2018.skv = O (oforandrat). vd-mappning-2014-2018.skv ger 1 källa eller källor: 14806121 100.0 procent av 2014-distriktet. geometri geo_overlap_2014_2018.csv: 14806121 (Angered, Bläsebo) täcker 100.0 procent av det nya distriktet, 100.0 procent av det gamla ligger där, 1 källor över 5 procent;vd-mappning-2014-2018.skv + vd-indelning-2018.skv
14806122;Angered, Hjällbo, Norra;14806122;Angered, Hjällbo, Norra;identisk;vd-indelning-2018.skv = O (oforandrat). vd-mappning-2014-2018.skv ger 1 källa eller källor: 14806122 100.0 procent av 2014-distriktet. geometri geo_overlap_2014_2018.csv: 14806122 (Angered, Hjällbo, Norra) täcker 100.0 procent av det nya distriktet, 86.2 procent av det gamla ligger där, 1 källor över 5 procent OBS geometrin ger bara 100.0/86.2 procent;vd-mappning-2014-2018.skv + vd-indelning-2018.skv
14806123;Angered, Hjällbo, Södra;14806123;Angered, Hjällbo, Södra;identisk;vd-indelning-2018.skv = O (oforandrat). vd-mappning-2014-2018.skv ger 1 källa eller källor: 14806123 100.0 procent av 2014-distriktet. geometri geo_overlap_2014_2018.csv: 14806123 (Angered, Hjällbo, Södra) täcker 93.5 procent av det nya distriktet, 100.0 procent av det gamla ligger där, 1 källor över 5 procent OBS geometrin ger bara 93.5/100.0 procent;vd-mappning-2014-2018.skv + vd-indelning-2018.skv
14806124;Angered, Skolspåret;14806124;Angered, Skolspåret;identisk;vd-indelning-2018.skv = O (oforandrat). vd-mappning-2014-2018.skv ger 1 källa eller källor: 14806124 100.0 procent av 2014-distriktet. geometri geo_overlap_2014_2018.csv: 14806124 (Angered, Skolspåret) täcker 84.5 procent av det nya distriktet, 75.0 procent av det gamla ligger där, 2 källor över 5 procent OBS geometrin ger bara 84.5/75.0 procent;vd-mappning-2014-2018.skv + vd-indelning-2018.skv
14806131;Angered, Eriksbo;14806131;Angered, Eriksbo;identisk;vd-indelning-2018.skv = O (oforandrat). vd-mappning-2014-2018.skv ger 1 källa eller källor: 14806131 100.0 procent av 2014-distriktet. geometri geo_overlap_2014_2018.csv: 14806131 (Angered, Eriksbo) täcker 100.0 procent av det nya distriktet, 100.0 procent av det gamla ligger där, 1 källor över 5 procent;vd-mappning-2014-2018.skv + vd-indelning-2018.skv
14807011;Västra Hisingen, Biskopsgården, N;14807011;Västra Hisingen, Biskopsgården, N;omritad;vd-indelning-2018.skv = M (modifierat). vd-mappning-2014-2018.skv ger 2 källa eller källor: 14807011 94.9 procent av 2014-distriktet, 14807012 37.7 procent av 2014-distriktet. geometri geo_overlap_2014_2018.csv: 14807011 (Västra Hisingen, Biskopsgården, N) täcker 90.8 procent av det nya distriktet, 71.3 procent av det gamla ligger där, 2 källor över 5 procent;vd-mappning-2014-2018.skv + vd-indelning-2018.skv
14807012;Västra Hisingen, Svarte Mosse;14807012;Västra Hisingen, Svarte Mosse;omritad;vd-indelning-2018.skv = M (modifierat). vd-mappning-2014-2018.skv ger 2 källa eller källor: 14807012 62.3 procent av 2014-distriktet, 14807011 5.1 procent av 2014-distriktet. geometri geo_overlap_2014_2018.csv: 14807012 (Västra Hisingen, Svarte Mosse) täcker 95.4 procent av det nya distriktet, 98.8 procent av det gamla ligger där, 1 källor över 5 procent;vd-mappning-2014-2018.skv + vd-indelning-2018.skv
14807021;Västra Hisingen, Länsmansgården, C;14807021;Västra Hisingen, Länsmansgården, C;identisk;vd-indelning-2018.skv = O (oforandrat). vd-mappning-2014-2018.skv ger 1 källa eller källor: 14807021 100.0 procent av 2014-distriktet. geometri geo_overlap_2014_2018.csv: 14807021 (Västra Hisingen, Länsmansgården, C) täcker 100.0 procent av det nya distriktet, 100.0 procent av det gamla ligger där, 1 källor över 5 procent;vd-mappning-2014-2018.skv + vd-indelning-2018.skv
14807022;Västra Hisingen, Länsmansgården, N;14807022;Västra Hisingen, Länsmansgården, N;identisk;vd-indelning-2018.skv = O (oforandrat). vd-mappning-2014-2018.skv ger 1 källa eller källor: 14807022 100.0 procent av 2014-distriktet. geometri geo_overlap_2014_2018.csv: 14807022 (Västra Hisingen, Länsmansgården, N) täcker 100.0 procent av det nya distriktet, 100.0 procent av det gamla ligger där, 1 källor över 5 procent;vd-mappning-2014-2018.skv + vd-indelning-2018.skv
14807023;Västra Hisingen, Länsmansgården, S;14807023;Västra Hisingen, Länsmansgården, S;identisk;vd-indelning-2018.skv = O (oforandrat). vd-mappning-2014-2018.skv ger 1 källa eller källor: 14807023 100.0 procent av 2014-distriktet. geometri geo_overlap_2014_2018.csv: 14807023 (Västra Hisingen, Länsmansgården, S) täcker 100.0 procent av det nya distriktet, 100.0 procent av det gamla ligger där, 1 källor över 5 procent;vd-mappning-2014-2018.skv + vd-indelning-2018.skv
14807031;Västra Hisingen, Länsmansgården, Ö;14807032;Västra Hisingen, Stackmolnsg. m fl;omritad;vd-indelning-2018.skv = M (modifierat). vd-mappning-2014-2018.skv ger 2 källa eller källor: 14807032 76.4 procent av 2014-distriktet, 14807031 15.8 procent av 2014-distriktet. geometri geo_overlap_2014_2018.csv: 14807032 (Västra Hisingen, Stackmolnsg. m fl) täcker 87.7 procent av det nya distriktet, 89.5 procent av det gamla ligger där, 2 källor över 5 procent;vd-mappning-2014-2018.skv + vd-indelning-2018.skv
14807032;Västra Hisingen, Svartedalen, Norra;14807031;Västra Hisingen, Badvädersgatan m fl;omritad;vd-indelning-2018.skv = M (modifierat). vd-mappning-2014-2018.skv ger 2 källa eller källor: 14807031 84.2 procent av 2014-distriktet, 14807032 23.6 procent av 2014-distriktet. geometri geo_overlap_2014_2018.csv: 14807031 (Västra Hisingen, Badvädersgatan m fl) täcker 94.5 procent av det nya distriktet, 93.5 procent av det gamla ligger där, 2 källor över 5 procent;vd-mappning-2014-2018.skv + vd-indelning-2018.skv
14807041;Västra Hisingen, Andalen;14807041;Västra Hisingen, Andalen;delad;vd-indelning-2018.skv = M (modifierat). vd-mappning-2014-2018.skv ger 1 källa eller källor: 14807041 62.9 procent av 2014-distriktet. geometri geo_overlap_2014_2018.csv: 14807041 (Västra Hisingen, Andalen) täcker 100.0 procent av det nya distriktet, 93.5 procent av det gamla ligger där, 1 källor över 5 procent;vd-mappning-2014-2018.skv + vd-indelning-2018.skv
14807042;Västra Hisingen, Gossbydal-Trånget;14807041;Västra Hisingen, Andalen;omritad;vd-indelning-2018.skv = M (modifierat). vd-mappning-2014-2018.skv ger 3 källa eller källor: 14807041 37.1 procent av 2014-distriktet, 14807043 20.2 procent av 2014-distriktet, 14807042 14.4 procent av 2014-distriktet. geometri geo_overlap_2014_2018.csv: 14807041 (Västra Hisingen, Andalen) täcker 47.5 procent av det nya distriktet, 6.5 procent av det gamla ligger där, 3 källor över 5 procent;vd-mappning-2014-2018.skv + vd-indelning-2018.skv
14807043;Västra Hisingen, Hjuvik;14807042;Västra Hisingen, Hjuvik;delad;vd-indelning-2018.skv = M (modifierat). vd-mappning-2014-2018.skv ger 1 källa eller källor: 14807042 85.6 procent av 2014-distriktet. geometri geo_overlap_2014_2018.csv: 14807042 (Västra Hisingen, Hjuvik) täcker 100.0 procent av det nya distriktet, 92.8 procent av det gamla ligger där, 1 källor över 5 procent;vd-mappning-2014-2018.skv + vd-indelning-2018.skv
14807044;Västra Hisingen, Hällsvik;14807043;Västra Hisingen, Hällsvik;delad;vd-indelning-2018.skv = M (modifierat). vd-mappning-2014-2018.skv ger 1 källa eller källor: 14807043 79.8 procent av 2014-distriktet. geometri geo_overlap_2014_2018.csv: 14807043 (Västra Hisingen, Hällsvik) täcker 99.7 procent av det nya distriktet, 70.3 procent av det gamla ligger där, 1 källor över 5 procent;vd-mappning-2014-2018.skv + vd-indelning-2018.skv
14807051;Västra Hisingen, Amhult-Arendal;14807051;Västra Hisingen, Amhult-Arendal;delad;vd-indelning-2018.skv = M (modifierat). vd-mappning-2014-2018.skv ger 1 källa eller källor: 14807051 78.6 procent av 2014-distriktet. geometri geo_overlap_2014_2018.csv: 14807051 (Västra Hisingen, Amhult-Arendal) täcker 100.0 procent av det nya distriktet, 98.5 procent av det gamla ligger där, 1 källor över 5 procent OBS geometrin är i praktiken 1:1 (100.0/98.5 procent) trots att indelningen anges som modifierad;vd-mappning-2014-2018.skv + vd-indelning-2018.skv
14807052;Västra Hisingen, Domarringen m fl;14807054;Västra Hisingen, Torslanda;omritad;vd-indelning-2018.skv = M (modifierat). vd-mappning-2014-2018.skv ger 2 källa eller källor: 14807054 41.1 procent av 2014-distriktet, 14807052 31.7 procent av 2014-distriktet. geometri geo_overlap_2014_2018.csv: 14807054 (Västra Hisingen, Torslanda) täcker 77.1 procent av det nya distriktet, 74.9 procent av det gamla ligger där, 2 källor över 5 procent;vd-mappning-2014-2018.skv + vd-indelning-2018.skv
14807053;Västra Hisingen, Nolered;14807053;Västra Hisingen, Nolered;omritad;vd-indelning-2018.skv = M (modifierat). vd-mappning-2014-2018.skv ger 2 källa eller källor: 14807053 71.7 procent av 2014-distriktet, 14807051 21.4 procent av 2014-distriktet. geometri geo_overlap_2014_2018.csv: 14807053 (Västra Hisingen, Nolered) täcker 84.8 procent av det nya distriktet, 89.0 procent av det gamla ligger där, 2 källor över 5 procent;vd-mappning-2014-2018.skv + vd-indelning-2018.skv
14807054;Västra Hisingen, Torslanda;14807054;Västra Hisingen, Torslanda;omritad;vd-indelning-2018.skv = M (modifierat). vd-mappning-2014-2018.skv ger 2 källa eller källor: 14807052 45.2 procent av 2014-distriktet, 14807054 43.0 procent av 2014-distriktet. geometri geo_overlap_2014_2018.csv: 14807054 (Västra Hisingen, Torslanda) täcker 53.5 procent av det nya distriktet, 21.1 procent av det gamla ligger där, 2 källor över 5 procent;vd-mappning-2014-2018.skv + vd-indelning-2018.skv
14807055;Västra Hisingen, Torslanda Torg;14807053;Västra Hisingen, Nolered;omritad;vd-indelning-2018.skv = M (modifierat). vd-mappning-2014-2018.skv ger 3 källa eller källor: 14807055 35.7 procent av 2014-distriktet, 14807053 28.3 procent av 2014-distriktet, 14807054 15.9 procent av 2014-distriktet. geometri geo_overlap_2014_2018.csv: 14807053 (Västra Hisingen, Nolered) täcker 54.1 procent av det nya distriktet, 11.0 procent av det gamla ligger där, 3 källor över 5 procent;vd-mappning-2014-2018.skv + vd-indelning-2018.skv
14807056;Västra Hisingen, Tumlehed;14807055;Västra Hisingen, Tumlehed;omritad;vd-indelning-2018.skv = M (modifierat). vd-mappning-2014-2018.skv ger 2 källa eller källor: 14807055 64.3 procent av 2014-distriktet, 14807052 23.1 procent av 2014-distriktet. geometri geo_overlap_2014_2018.csv: 14807055 (Västra Hisingen, Tumlehed) täcker 83.4 procent av det nya distriktet, 96.5 procent av det gamla ligger där, 2 källor över 5 procent;vd-mappning-2014-2018.skv + vd-indelning-2018.skv
14807061;Västra Hisingen, Björlanda;14807061;Västra Hisingen, Björlanda;omritad;vd-indelning-2018.skv = M (modifierat). vd-mappning-2014-2018.skv ger 3 källa eller källor: 14807061 36.5 procent av 2014-distriktet, 14807064 26.7 procent av 2014-distriktet, 14807062 6.8 procent av 2014-distriktet. geometri geo_overlap_2014_2018.csv: 14807061 (Västra Hisingen, Björlanda) täcker 61.1 procent av det nya distriktet, 71.2 procent av det gamla ligger där, 3 källor över 5 procent;vd-mappning-2014-2018.skv + vd-indelning-2018.skv
14807062;Västra Hisingen, Kvisljungeby;14807062;Västra Hisingen, Kvisljungeby;delad;vd-indelning-2018.skv = M (modifierat). vd-mappning-2014-2018.skv ger 1 källa eller källor: 14807062 93.2 procent av 2014-distriktet. geometri geo_overlap_2014_2018.csv: 14807062 (Västra Hisingen, Kvisljungeby) täcker 100.0 procent av det nya distriktet, 33.6 procent av det gamla ligger där, 1 källor över 5 procent;vd-mappning-2014-2018.skv + vd-indelning-2018.skv
14807063;Västra Hisingen, Lilleby;14807063;Västra Hisingen, Lilleby;delad;vd-indelning-2018.skv = M (modifierat). vd-mappning-2014-2018.skv ger 1 källa eller källor: 14807063 84.0 procent av 2014-distriktet. geometri geo_overlap_2014_2018.csv: 14807063 (Västra Hisingen, Lilleby) täcker 100.0 procent av det nya distriktet, 96.0 procent av det gamla ligger där, 1 källor över 5 procent;vd-mappning-2014-2018.skv + vd-indelning-2018.skv
14807064;Västra Hisingen, Nolvik;14807061;Västra Hisingen, Björlanda;delad;vd-indelning-2018.skv = M (modifierat). vd-mappning-2014-2018.skv ger 1 källa eller källor: 14807061 63.5 procent av 2014-distriktet. geometri geo_overlap_2014_2018.csv: 14807061 (Västra Hisingen, Björlanda) täcker 100.0 procent av det nya distriktet, 28.8 procent av det gamla ligger där, 1 källor över 5 procent;vd-mappning-2014-2018.skv + vd-indelning-2018.skv
14807065;Västra Hisingen, Älvegården m fl;14807064;Västra Hisingen, Älvegården m fl;omritad;vd-indelning-2018.skv = M (modifierat). vd-mappning-2014-2018.skv ger 2 källa eller källor: 14807064 73.3 procent av 2014-distriktet, 14807063 16.0 procent av 2014-distriktet. geometri geo_overlap_2014_2018.csv: 14807064 (Västra Hisingen, Älvegården m fl) täcker 78.6 procent av det nya distriktet, 32.6 procent av det gamla ligger där, 2 källor över 5 procent;vd-mappning-2014-2018.skv + vd-indelning-2018.skv
14807081;Västra Hisingen, Biskopsgården, S;14807081;Västra Hisingen, Biskopsgården, S;omritad;vd-indelning-2018.skv = M (modifierat). vd-mappning-2014-2018.skv ger 2 källa eller källor: 14807081 100.0 procent av 2014-distriktet, 14807083 5.0 procent av 2014-distriktet. geometri geo_overlap_2014_2018.csv: 14807081 (Västra Hisingen, Biskopsgården, S) täcker 99.6 procent av det nya distriktet, 100.0 procent av det gamla ligger där, 1 källor över 5 procent OBS geometrin är i praktiken 1:1 (99.6/100.0 procent) trots att indelningen anges som modifierad;vd-mappning-2014-2018.skv + vd-indelning-2018.skv
14807082;Västra Hisingen, Treröset;14807082;Västra Hisingen, Treröset;delad;vd-indelning-2018.skv = M (modifierat). vd-mappning-2014-2018.skv ger 1 källa eller källor: 14807082 72.6 procent av 2014-distriktet. geometri geo_overlap_2014_2018.csv: 14807082 (Västra Hisingen, Treröset) täcker 91.8 procent av det nya distriktet, 67.7 procent av det gamla ligger där, 2 källor över 5 procent;vd-mappning-2014-2018.skv + vd-indelning-2018.skv
14807083;Västra Hisingen, Vårväderstorget;14807083;Västra Hisingen, Vårväderstorget;delad;vd-indelning-2018.skv = M (modifierat). vd-mappning-2014-2018.skv ger 1 källa eller källor: 14807083 95.0 procent av 2014-distriktet. geometri geo_overlap_2014_2018.csv: 14807083 (Västra Hisingen, Vårväderstorget) täcker 100.0 procent av det nya distriktet, 86.4 procent av det gamla ligger där, 1 källor över 5 procent;vd-mappning-2014-2018.skv + vd-indelning-2018.skv
14807084;Västra Hisingen, Väderlekstorget;14807084;Västra Hisingen, Väderlekstorget;omritad;vd-indelning-2018.skv = M (modifierat). vd-mappning-2014-2018.skv ger 2 källa eller källor: 14807084 100.0 procent av 2014-distriktet, 14807082 27.4 procent av 2014-distriktet. geometri geo_overlap_2014_2018.csv: 14807084 (Västra Hisingen, Väderlekstorget) täcker 86.4 procent av det nya distriktet, 100.0 procent av det gamla ligger där, 2 källor över 5 procent;vd-mappning-2014-2018.skv + vd-indelning-2018.skv
14807091;Västra Hisingen, Jättesten;14807091;Västra Hisingen, Jättesten;omritad;vd-indelning-2018.skv = M (modifierat). vd-mappning-2014-2018.skv ger 2 källa eller källor: 14807093 44.5 procent av 2014-distriktet, 14807091 34.5 procent av 2014-distriktet. geometri geo_overlap_2014_2018.csv: 14807091 (Västra Hisingen, Jättesten) täcker 63.8 procent av det nya distriktet, 76.5 procent av det gamla ligger där, 2 källor över 5 procent;vd-mappning-2014-2018.skv + vd-indelning-2018.skv
14807092;Västra Hisingen, Kärrmossen;14807092;Västra Hisingen, Kärrmossen;delad;vd-indelning-2018.skv = M (modifierat). vd-mappning-2014-2018.skv ger 1 källa eller källor: 14807092 76.3 procent av 2014-distriktet. geometri geo_overlap_2014_2018.csv: 14807092 (Västra Hisingen, Kärrmossen) täcker 100.0 procent av det nya distriktet, 88.1 procent av det gamla ligger där, 1 källor över 5 procent;vd-mappning-2014-2018.skv + vd-indelning-2018.skv
14807093;Västra Hisingen, Svartedalen, Södra;14807093;Västra Hisingen, Svartedalen;omritad;vd-indelning-2018.skv = M (modifierat). vd-mappning-2014-2018.skv ger 2 källa eller källor: 14807093 55.5 procent av 2014-distriktet, 14807092 23.7 procent av 2014-distriktet. geometri geo_overlap_2014_2018.csv: 14807093 (Västra Hisingen, Svartedalen) täcker 73.8 procent av det nya distriktet, 57.6 procent av det gamla ligger där, 2 källor över 5 procent;vd-mappning-2014-2018.skv + vd-indelning-2018.skv
14807094;Västra Hisingen, Önskevädersg. m fl;14807091;Västra Hisingen, Jättesten;delad;vd-indelning-2018.skv = M (modifierat). vd-mappning-2014-2018.skv ger 1 källa eller källor: 14807091 65.5 procent av 2014-distriktet. geometri geo_overlap_2014_2018.csv: 14807091 (Västra Hisingen, Jättesten) täcker 100.0 procent av det nya distriktet, 23.5 procent av det gamla ligger där, 1 källor över 5 procent;vd-mappning-2014-2018.skv + vd-indelning-2018.skv
