kod_2022;namn_2022;kod_2018_troligast;namn_2018;typ;belagg;kalla
14800101;Nordöstra Göteborg, Bergum;14806111;Angered, Bergum;delad;ej markerad som jämförbar i kolumnen Jämförbart i Göteborgs stads fil (mappning_2018_2022.csv). geometri geo_overlap_2018_2022.csv: 14806111 (Angered, Bergum) täcker 99.3 procent av det nya distriktet, 96.8 procent av det gamla ligger där, 1 källor över 5 procent;geometri + mappning_2018_2022.csv
14800102;Nordöstra Göteborg, Olofstorp;14806113;Angered, Olofstorp;delad;ej markerad som jämförbar i kolumnen Jämförbart i Göteborgs stads fil (mappning_2018_2022.csv). geometri geo_overlap_2018_2022.csv: 14806113 (Angered, Olofstorp) täcker 99.9 procent av det nya distriktet, 97.0 procent av det gamla ligger där, 1 källor över 5 procent;geometri + mappning_2018_2022.csv
14800103;Nordöstra Göteborg, Björsared;14806112;Angered, Björsared;omritad;ej markerad som jämförbar i kolumnen Jämförbart i Göteborgs stads fil (mappning_2018_2022.csv). geometri geo_overlap_2018_2022.csv: 14806112 (Angered, Björsared) täcker 63.6 procent av det nya distriktet, 34.2 procent av det gamla ligger där, 2 källor över 5 procent;geometri + mappning_2018_2022.csv
14800104;Nordöstra Göteborg, Gunnilse;14806101;Angered, Gunnilse-Linnarhult;omritad;ej markerad som jämförbar i kolumnen Jämförbart i Göteborgs stads fil (mappning_2018_2022.csv). geometri geo_overlap_2018_2022.csv: 14806101 (Angered, Gunnilse-Linnarhult) täcker 71.4 procent av det nya distriktet, 67.5 procent av det gamla ligger där, 2 källor över 5 procent;geometri + mappning_2018_2022.csv
14800105;Nordöstra Göteborg, Linnarhult;14806101;Angered, Gunnilse-Linnarhult;delad;ej markerad som jämförbar i kolumnen Jämförbart i Göteborgs stads fil (mappning_2018_2022.csv). geometri geo_overlap_2018_2022.csv: 14806101 (Angered, Gunnilse-Linnarhult) täcker 99.7 procent av det nya distriktet, 32.4 procent av det gamla ligger där, 1 källor över 5 procent;geometri + mappning_2018_2022.csv
14800106;Nordöstra Göteborg, Angereds Centrum;14806041;Angered, Angereds Centrum;omritad;ej markerad som jämförbar i kolumnen Jämförbart i Göteborgs stads fil (mappning_2018_2022.csv). geometri geo_overlap_2018_2022.csv: 14806041 (Angered, Angereds Centrum) täcker 95.5 procent av det nya distriktet, 87.0 procent av det gamla ligger där, 1 källor över 5 procent;geometri + mappning_2018_2022.csv
14800107;Nordöstra Göteborg, Storås;14806064;Angered, Sandeslätt;delad;ej markerad som jämförbar i kolumnen Jämförbart i Göteborgs stads fil (mappning_2018_2022.csv). geometri geo_overlap_2018_2022.csv: 14806064 (Angered, Sandeslätt) täcker 98.4 procent av det nya distriktet, 69.9 procent av det gamla ligger där, 1 källor över 5 procent;geometri + mappning_2018_2022.csv
14800108;Nordöstra Göteborg, Eriksbo Östra;14806131;Angered, Eriksbo;omritad;ej markerad som jämförbar i kolumnen Jämförbart i Göteborgs stads fil (mappning_2018_2022.csv). geometri geo_overlap_2018_2022.csv: 14806131 (Angered, Eriksbo) täcker 92.0 procent av det nya distriktet, 65.1 procent av det gamla ligger där, 2 källor över 5 procent;geometri + mappning_2018_2022.csv
14800109;Nordöstra Göteborg, Hammarkullen C;14806064;Angered, Sandeslätt;omritad;ej markerad som jämförbar i kolumnen Jämförbart i Göteborgs stads fil (mappning_2018_2022.csv). geometri geo_overlap_2018_2022.csv: 14806064 (Angered, Sandeslätt) täcker 41.2 procent av det nya distriktet, 3.7 procent av det gamla ligger där, 3 källor över 5 procent;geometri + mappning_2018_2022.csv
14800110;Nordöstra Göteborg, Hammarkullen Ö;14806063;Angered, Hammarkullen, Östra;omritad;ej markerad som jämförbar i kolumnen Jämförbart i Göteborgs stads fil (mappning_2018_2022.csv). geometri geo_overlap_2018_2022.csv: 14806063 (Angered, Hammarkullen, Östra) täcker 72.1 procent av det nya distriktet, 44.1 procent av det gamla ligger där, 2 källor över 5 procent;geometri + mappning_2018_2022.csv
14800111;Nordöstra Göteborg, Sandeslätt;14806064;Angered, Sandeslätt;omritad;ej markerad som jämförbar i kolumnen Jämförbart i Göteborgs stads fil (mappning_2018_2022.csv). geometri geo_overlap_2018_2022.csv: 14806064 (Angered, Sandeslätt) täcker 46.1 procent av det nya distriktet, 3.6 procent av det gamla ligger där, 3 källor över 5 procent;geometri + mappning_2018_2022.csv
14800112;Nordöstra Göteborg, Hammarkullen V;14806062;Angered, Hammarkullen, Västra;omritad;ej markerad som jämförbar i kolumnen Jämförbart i Göteborgs stads fil (mappning_2018_2022.csv). geometri geo_overlap_2018_2022.csv: 14806062 (Angered, Hammarkullen, Västra) täcker 78.4 procent av det nya distriktet, 14.6 procent av det gamla ligger där, 2 källor över 5 procent;geometri + mappning_2018_2022.csv
14800113;Nordöstra Göteborg, Eriksbo Västra;14806131;Angered, Eriksbo;omritad;ej markerad som jämförbar i kolumnen Jämförbart i Göteborgs stads fil (mappning_2018_2022.csv). geometri geo_overlap_2018_2022.csv: 14806131 (Angered, Eriksbo) täcker 57.9 procent av det nya distriktet, 32.9 procent av det gamla ligger där, 2 källor över 5 procent;geometri + mappning_2018_2022.csv
14800114;Nordöstra Göteborg, Bläsebo;14806121;Angered, Bläsebo;omritad;ej markerad som jämförbar i kolumnen Jämförbart i Göteborgs stads fil (mappning_2018_2022.csv). geometri geo_overlap_2018_2022.csv: 14806121 (Angered, Bläsebo) täcker 76.1 procent av det nya distriktet, 61.2 procent av det gamla ligger där, 3 källor över 5 procent;geometri + mappning_2018_2022.csv
14800115;Nordöstra Göteborg, Hjällbo Norra;14806122;Angered, Hjällbo, Norra;omritad;ej markerad som jämförbar i kolumnen Jämförbart i Göteborgs stads fil (mappning_2018_2022.csv). geometri geo_overlap_2018_2022.csv: 14806122 (Angered, Hjällbo, Norra) täcker 83.8 procent av det nya distriktet, 54.7 procent av det gamla ligger där, 3 källor över 5 procent;geometri + mappning_2018_2022.csv
14800116;Nordöstra Göteborg, Skolspåret;14806124;Angered, Skolspåret;omritad;ej markerad som jämförbar i kolumnen Jämförbart i Göteborgs stads fil (mappning_2018_2022.csv). geometri geo_overlap_2018_2022.csv: 14806124 (Angered, Skolspåret) täcker 62.1 procent av det nya distriktet, 76.3 procent av det gamla ligger där, 3 källor över 5 procent;geometri + mappning_2018_2022.csv
14800117;Nordöstra Göteborg, Hjällbo Södra;14806123;Angered, Hjällbo, Södra;omritad;ej markerad som jämförbar i kolumnen Jämförbart i Göteborgs stads fil (mappning_2018_2022.csv). geometri geo_overlap_2018_2022.csv: 14806123 (Angered, Hjällbo, Södra) täcker 95.6 procent av det nya distriktet, 94.6 procent av det gamla ligger där, 1 källor över 5 procent;geometri + mappning_2018_2022.csv
14800118;Nordöstra Göteborg, Agnesberg;14806051;Angered, Agnesberg;omritad;ej markerad som jämförbar i kolumnen Jämförbart i Göteborgs stads fil (mappning_2018_2022.csv). geometri geo_overlap_2018_2022.csv: 14806051 (Angered, Agnesberg) täcker 69.8 procent av det nya distriktet, 99.6 procent av det gamla ligger där, 3 källor över 5 procent;geometri + mappning_2018_2022.csv
14800119;Nordöstra Göteborg, Gårdsten Västra;14806033;Angered, Gårdsten, Västra;delad;ej markerad som jämförbar i kolumnen Jämförbart i Göteborgs stads fil (mappning_2018_2022.csv). geometri geo_overlap_2018_2022.csv: 14806033 (Angered, Gårdsten, Västra) täcker 100.0 procent av det nya distriktet, 92.7 procent av det gamla ligger där, 1 källor över 5 procent;geometri + mappning_2018_2022.csv
14800120;Nordöstra Göteborg, Gårdsten Södra;14806032;Angered, Gårdsten, Södra;delad;ej markerad som jämförbar i kolumnen Jämförbart i Göteborgs stads fil (mappning_2018_2022.csv). geometri geo_overlap_2018_2022.csv: 14806032 (Angered, Gårdsten, Södra) täcker 100.0 procent av det nya distriktet, 79.1 procent av det gamla ligger där, 1 källor över 5 procent;geometri + mappning_2018_2022.csv
14800121;Nordöstra Göteborg, Gårdsten Centrum;14806034;Angered, Gårdsten, Östra;omritad;ej markerad som jämförbar i kolumnen Jämförbart i Göteborgs stads fil (mappning_2018_2022.csv). geometri geo_overlap_2018_2022.csv: 14806034 (Angered, Gårdsten, Östra) täcker 50.8 procent av det nya distriktet, 22.0 procent av det gamla ligger där, 2 källor över 5 procent;geometri + mappning_2018_2022.csv
14800122;Nordöstra Göteborg, Gårdsten Östra;14806034;Angered, Gårdsten, Östra;omritad;ej markerad som jämförbar i kolumnen Jämförbart i Göteborgs stads fil (mappning_2018_2022.csv). geometri geo_overlap_2018_2022.csv: 14806034 (Angered, Gårdsten, Östra) täcker 94.2 procent av det nya distriktet, 70.9 procent av det gamla ligger där, 2 källor över 5 procent;geometri + mappning_2018_2022.csv
14800123;Nordöstra Göteborg, Gårdstensdalen;14806033;Angered, Gårdsten, Västra;omritad;ej markerad som jämförbar i kolumnen Jämförbart i Göteborgs stads fil (mappning_2018_2022.csv). geometri geo_overlap_2018_2022.csv: 14806033 (Angered, Gårdsten, Västra) täcker 52.4 procent av det nya distriktet, 7.3 procent av det gamla ligger där, 2 källor över 5 procent;geometri + mappning_2018_2022.csv
14800124;Nordöstra Göteborg, Gårdsten Norra;14806031;Angered, Gårdsten, Norra;omritad;ej markerad som jämförbar i kolumnen Jämförbart i Göteborgs stads fil (mappning_2018_2022.csv). geometri geo_overlap_2018_2022.csv: 14806031 (Angered, Gårdsten, Norra) täcker 83.7 procent av det nya distriktet, 78.7 procent av det gamla ligger där, 3 källor över 5 procent;geometri + mappning_2018_2022.csv
14800125;Nordöstra Göteborg, Lövgärdet C;14806013;Angered, Lövgärdets Centrum;delad;ej markerad som jämförbar i kolumnen Jämförbart i Göteborgs stads fil (mappning_2018_2022.csv). geometri geo_overlap_2018_2022.csv: 14806013 (Angered, Lövgärdets Centrum) täcker 99.9 procent av det nya distriktet, 88.9 procent av det gamla ligger där, 1 källor över 5 procent;geometri + mappning_2018_2022.csv
14800126;Nordöstra Göteborg, Senapsgatan m fl;14806011;Angered, Lövgärdet, Nedre;omritad;ej markerad som jämförbar i kolumnen Jämförbart i Göteborgs stads fil (mappning_2018_2022.csv). geometri geo_overlap_2018_2022.csv: 14806011 (Angered, Lövgärdet, Nedre) täcker 50.7 procent av det nya distriktet, 0.7 procent av det gamla ligger där, 2 källor över 5 procent;geometri + mappning_2018_2022.csv
14800127;Nordöstra Göteborg, Mejramgatan m fl;14806012;Angered, Lövgärdet, Övre;omritad;ej markerad som jämförbar i kolumnen Jämförbart i Göteborgs stads fil (mappning_2018_2022.csv). geometri geo_overlap_2018_2022.csv: 14806012 (Angered, Lövgärdet, Övre) täcker 83.0 procent av det nya distriktet, 13.5 procent av det gamla ligger där, 2 källor över 5 procent;geometri + mappning_2018_2022.csv
14800128;Nordöstra Göteborg, Lövgärdet Övre;14806012;Angered, Lövgärdet, Övre;delad;ej markerad som jämförbar i kolumnen Jämförbart i Göteborgs stads fil (mappning_2018_2022.csv). geometri geo_overlap_2018_2022.csv: 14806012 (Angered, Lövgärdet, Övre) täcker 100.0 procent av det nya distriktet, 86.5 procent av det gamla ligger där, 1 källor över 5 procent;geometri + mappning_2018_2022.csv
14800129;Nordöstra Göteborg, Lövgärdet Nedre;14806011;Angered, Lövgärdet, Nedre;omritad;ej markerad som jämförbar i kolumnen Jämförbart i Göteborgs stads fil (mappning_2018_2022.csv). geometri geo_overlap_2018_2022.csv: 14806011 (Angered, Lövgärdet, Nedre) täcker 100.0 procent av det nya distriktet, 98.7 procent av det gamla ligger där, 1 källor över 5 procent OBS geometrin är i praktiken 1:1 (14806011 täcker 100.0 procent av 2022-distriktet, 98.7 procent av 2018-distriktet ligger där) trots att källan inte markerar distriktet som jämförbart;geometri + mappning_2018_2022.csv
14800130;Nordöstra Göteborg, Trädgårdsgärdet;14806042;Angered, Trägårdsgärdet;omritad;ej markerad som jämförbar i kolumnen Jämförbart i Göteborgs stads fil (mappning_2018_2022.csv). geometri geo_overlap_2018_2022.csv: 14806042 (Angered, Trägårdsgärdet) täcker 96.0 procent av det nya distriktet, 64.6 procent av det gamla ligger där, 1 källor över 5 procent;geometri + mappning_2018_2022.csv
14800131;Nordöstra Göteborg, Titteridamm;14806042;Angered, Trägårdsgärdet;omritad;ej markerad som jämförbar i kolumnen Jämförbart i Göteborgs stads fil (mappning_2018_2022.csv). geometri geo_overlap_2018_2022.csv: 14806042 (Angered, Trägårdsgärdet) täcker 78.5 procent av det nya distriktet, 31.9 procent av det gamla ligger där, 2 källor över 5 procent;geometri + mappning_2018_2022.csv
14800132;Nordöstra Göteborg, Rannebergen S;14806022;Angered, Rannebergen, Södra;omritad;ej markerad som jämförbar i kolumnen Jämförbart i Göteborgs stads fil (mappning_2018_2022.csv). geometri geo_overlap_2018_2022.csv: 14806022 (Angered, Rannebergen, Södra) täcker 90.6 procent av det nya distriktet, 61.6 procent av det gamla ligger där, 2 källor över 5 procent;geometri + mappning_2018_2022.csv
14800133;Nordöstra Göteborg, Rannebergen C;14806022;Angered, Rannebergen, Södra;omritad;ej markerad som jämförbar i kolumnen Jämförbart i Göteborgs stads fil (mappning_2018_2022.csv). geometri geo_overlap_2018_2022.csv: 14806022 (Angered, Rannebergen, Södra) täcker 73.3 procent av det nya distriktet, 37.0 procent av det gamla ligger där, 2 källor över 5 procent;geometri + mappning_2018_2022.csv
14800134;Nordöstra Göteborg, Rannebergen N;14806021;Angered, Rannebergen, Norra;delad;ej markerad som jämförbar i kolumnen Jämförbart i Göteborgs stads fil (mappning_2018_2022.csv). geometri geo_overlap_2018_2022.csv: 14806021 (Angered, Rannebergen, Norra) täcker 100.0 procent av det nya distriktet, 97.6 procent av det gamla ligger där, 1 källor över 5 procent;geometri + mappning_2018_2022.csv
14800201;Östra Göteborg, Rymdtorget;14803064;Östra Göteborg, Rymdtorget;delad;ej markerad som jämförbar i kolumnen Jämförbart i Göteborgs stads fil (mappning_2018_2022.csv). geometri geo_overlap_2018_2022.csv: 14803064 (Östra Göteborg, Rymdtorget) täcker 99.4 procent av det nya distriktet, 97.1 procent av det gamla ligger där, 1 källor över 5 procent;geometri + mappning_2018_2022.csv
14800202;Östra Göteborg, Gärdsmosse;14803052;Östra Göteborg, Gärdsmosse;delad;ej markerad som jämförbar i kolumnen Jämförbart i Göteborgs stads fil (mappning_2018_2022.csv). geometri geo_overlap_2018_2022.csv: 14803052 (Östra Göteborg, Gärdsmosse) täcker 99.3 procent av det nya distriktet, 96.5 procent av det gamla ligger där, 1 källor över 5 procent;geometri + mappning_2018_2022.csv
14800203;Östra Göteborg, Tellusgatan m fl;14803062;Östra Göteborg, Bergsjön, Östra;omritad;ej markerad som jämförbar i kolumnen Jämförbart i Göteborgs stads fil (mappning_2018_2022.csv). geometri geo_overlap_2018_2022.csv: 14803062 (Östra Göteborg, Bergsjön, Östra) täcker 89.8 procent av det nya distriktet, 37.8 procent av det gamla ligger där, 2 källor över 5 procent;geometri + mappning_2018_2022.csv
14800204;Östra Göteborg, Bergsjön Östra;14803062;Östra Göteborg, Bergsjön, Östra;omritad;ej markerad som jämförbar i kolumnen Jämförbart i Göteborgs stads fil (mappning_2018_2022.csv). geometri geo_overlap_2018_2022.csv: 14803062 (Östra Göteborg, Bergsjön, Östra) täcker 91.4 procent av det nya distriktet, 61.2 procent av det gamla ligger där, 2 källor över 5 procent;geometri + mappning_2018_2022.csv
14800205;Östra Göteborg, Bergsjön Norra;14803051;Östra Göteborg, Bergsjön, Norra;identisk;Göteborgs stad jamforelser-2018-och-2022-valdistrikt-och-uppsamlingsdistrikt-v2.xlsx: kolumnen Jämförbart pekar på 2018-distrikt 14803051, geometri 100.0/99.7 procent. geometri geo_overlap_2018_2022.csv: 14803051 (Östra Göteborg, Bergsjön, Norra) täcker 100.0 procent av det nya distriktet, 99.7 procent av det gamla ligger där, 1 källor över 5 procent;mappning_2018_2022.csv (Goteborgs stad) + geometri
14800206;Östra Göteborg, Siriusgatan Östra;14803054;Östra Göteborg, Siriusgatan;omritad;ej markerad som jämförbar i kolumnen Jämförbart i Göteborgs stads fil (mappning_2018_2022.csv). geometri geo_overlap_2018_2022.csv: 14803054 (Östra Göteborg, Siriusgatan) täcker 55.9 procent av det nya distriktet, 36.9 procent av det gamla ligger där, 2 källor över 5 procent;geometri + mappning_2018_2022.csv
14800207;Östra Göteborg, Siriusgatan Västra;14803054;Östra Göteborg, Siriusgatan;delad;ej markerad som jämförbar i kolumnen Jämförbart i Göteborgs stads fil (mappning_2018_2022.csv). geometri geo_overlap_2018_2022.csv: 14803054 (Östra Göteborg, Siriusgatan) täcker 100.0 procent av det nya distriktet, 62.6 procent av det gamla ligger där, 1 källor över 5 procent;geometri + mappning_2018_2022.csv
14800208;Östra Göteborg, Gärdsås;14803053;Östra Göteborg, Gärdsås;identisk;Göteborgs stad jamforelser-2018-och-2022-valdistrikt-och-uppsamlingsdistrikt-v2.xlsx: kolumnen Jämförbart pekar på 2018-distrikt 14803053, geometri 99.5/99.9 procent. geometri geo_overlap_2018_2022.csv: 14803053 (Östra Göteborg, Gärdsås) täcker 99.5 procent av det nya distriktet, 99.9 procent av det gamla ligger där, 1 källor över 5 procent;mappning_2018_2022.csv (Goteborgs stad) + geometri
14800209;Östra Göteborg, Bergsjön Södra;14803061;Östra Göteborg, Bergsjön, Södra;delad;ej markerad som jämförbar i kolumnen Jämförbart i Göteborgs stads fil (mappning_2018_2022.csv). geometri geo_overlap_2018_2022.csv: 14803061 (Östra Göteborg, Bergsjön, Södra) täcker 99.7 procent av det nya distriktet, 94.5 procent av det gamla ligger där, 1 källor över 5 procent;geometri + mappning_2018_2022.csv
14800210;Östra Göteborg, Komettorget;14803063;Östra Göteborg, Komettorget;omritad;ej markerad som jämförbar i kolumnen Jämförbart i Göteborgs stads fil (mappning_2018_2022.csv). geometri geo_overlap_2018_2022.csv: 14803063 (Östra Göteborg, Komettorget) täcker 91.4 procent av det nya distriktet, 67.0 procent av det gamla ligger där, 2 källor över 5 procent;geometri + mappning_2018_2022.csv
14800211;Östra Göteborg, Zenitgatan m fl;14803063;Östra Göteborg, Komettorget;omritad;ej markerad som jämförbar i kolumnen Jämförbart i Göteborgs stads fil (mappning_2018_2022.csv). geometri geo_overlap_2018_2022.csv: 14803063 (Östra Göteborg, Komettorget) täcker 75.7 procent av det nya distriktet, 31.5 procent av det gamla ligger där, 2 källor över 5 procent;geometri + mappning_2018_2022.csv
14800212;Östra Göteborg, Fjällbo;14803021;Östra Göteborg, Fjällbo;delad;ej markerad som jämförbar i kolumnen Jämförbart i Göteborgs stads fil (mappning_2018_2022.csv). geometri geo_overlap_2018_2022.csv: 14803021 (Östra Göteborg, Fjällbo) täcker 100.0 procent av det nya distriktet, 72.5 procent av det gamla ligger där, 1 källor över 5 procent;geometri + mappning_2018_2022.csv
14800213;Östra Göteborg, Utbynäs;14803023;Östra Göteborg, Utbynäs;delad;ej markerad som jämförbar i kolumnen Jämförbart i Göteborgs stads fil (mappning_2018_2022.csv). geometri geo_overlap_2018_2022.csv: 14803023 (Östra Göteborg, Utbynäs) täcker 99.9 procent av det nya distriktet, 90.5 procent av det gamla ligger där, 1 källor över 5 procent;geometri + mappning_2018_2022.csv
14800214;Östra Göteborg, Utby;14803022;Östra Göteborg, Utby;omritad;ej markerad som jämförbar i kolumnen Jämförbart i Göteborgs stads fil (mappning_2018_2022.csv). geometri geo_overlap_2018_2022.csv: 14803022 (Östra Göteborg, Utby) täcker 47.7 procent av det nya distriktet, 42.6 procent av det gamla ligger där, 3 källor över 5 procent;geometri + mappning_2018_2022.csv
14800215;Östra Göteborg, Kamgatan m fl;14803022;Östra Göteborg, Utby;omritad;ej markerad som jämförbar i kolumnen Jämförbart i Göteborgs stads fil (mappning_2018_2022.csv). geometri geo_overlap_2018_2022.csv: 14803022 (Östra Göteborg, Utby) täcker 92.8 procent av det nya distriktet, 57.3 procent av det gamla ligger där, 2 källor över 5 procent;geometri + mappning_2018_2022.csv
14800216;Östra Göteborg, Kviberg Östra;14803016;Östra Göteborg, Kviberg, Östra;delad;ej markerad som jämförbar i kolumnen Jämförbart i Göteborgs stads fil (mappning_2018_2022.csv). geometri geo_overlap_2018_2022.csv: 14803016 (Östra Göteborg, Kviberg, Östra) täcker 99.0 procent av det nya distriktet, 84.8 procent av det gamla ligger där, 1 källor över 5 procent;geometri + mappning_2018_2022.csv
14800217;Östra Göteborg, Kvibergsnäs;14803016;Östra Göteborg, Kviberg, Östra;omritad;ej markerad som jämförbar i kolumnen Jämförbart i Göteborgs stads fil (mappning_2018_2022.csv). geometri geo_overlap_2018_2022.csv: 14803016 (Östra Göteborg, Kviberg, Östra) täcker 80.3 procent av det nya distriktet, 14.7 procent av det gamla ligger där, 2 källor över 5 procent;geometri + mappning_2018_2022.csv
14800218;Östra Göteborg, Bellevue Park;14803011;Östra Göteborg, Bellevue;omritad;ej markerad som jämförbar i kolumnen Jämförbart i Göteborgs stads fil (mappning_2018_2022.csv). geometri geo_overlap_2018_2022.csv: 14803011 (Östra Göteborg, Bellevue) täcker 54.7 procent av det nya distriktet, 46.0 procent av det gamla ligger där, 3 källor över 5 procent;geometri + mappning_2018_2022.csv
14800219;Östra Göteborg, Bellevue;14803011;Östra Göteborg, Bellevue;omritad;ej markerad som jämförbar i kolumnen Jämförbart i Göteborgs stads fil (mappning_2018_2022.csv). geometri geo_overlap_2018_2022.csv: 14803011 (Östra Göteborg, Bellevue) täcker 84.1 procent av det nya distriktet, 52.7 procent av det gamla ligger där, 2 källor över 5 procent;geometri + mappning_2018_2022.csv
14800220;Östra Göteborg, Gamlestaden Norra;14803013;Östra Göteborg, Gamlestaden, Norra;delad;ej markerad som jämförbar i kolumnen Jämförbart i Göteborgs stads fil (mappning_2018_2022.csv). geometri geo_overlap_2018_2022.csv: 14803013 (Östra Göteborg, Gamlestaden, Norra) täcker 100.0 procent av det nya distriktet, 78.0 procent av det gamla ligger där, 1 källor över 5 procent;geometri + mappning_2018_2022.csv
14800221;Östra Göteborg, Gamlestaden Södra;14803014;Östra Göteborg, Gamlestaden, Södra;identisk;Göteborgs stad jamforelser-2018-och-2022-valdistrikt-och-uppsamlingsdistrikt-v2.xlsx: kolumnen Jämförbart pekar på 2018-distrikt 14803014, geometri 98.4/100.0 procent. geometri geo_overlap_2018_2022.csv: 14803014 (Östra Göteborg, Gamlestaden, Södra) täcker 98.4 procent av det nya distriktet, 100.0 procent av det gamla ligger där, 1 källor över 5 procent;mappning_2018_2022.csv (Goteborgs stad) + geometri
14800222;Östra Göteborg, Nylöse;14803017;Östra Göteborg, Nylöse;identisk;Göteborgs stad jamforelser-2018-och-2022-valdistrikt-och-uppsamlingsdistrikt-v2.xlsx: kolumnen Jämförbart pekar på 2018-distrikt 14803017, geometri 100.0/100.0 procent. geometri geo_overlap_2018_2022.csv: 14803017 (Östra Göteborg, Nylöse) täcker 100.0 procent av det nya distriktet, 100.0 procent av det gamla ligger där, 1 källor över 5 procent;mappning_2018_2022.csv (Goteborgs stad) + geometri
14800223;Östra Göteborg, Kviberg Västra;14803015;Östra Göteborg, Kviberg, Västra;delad;ej markerad som jämförbar i kolumnen Jämförbart i Göteborgs stads fil (mappning_2018_2022.csv). geometri geo_overlap_2018_2022.csv: 14803015 (Östra Göteborg, Kviberg, Västra) täcker 100.0 procent av det nya distriktet, 94.6 procent av det gamla ligger där, 1 källor över 5 procent;geometri + mappning_2018_2022.csv
14800224;Östra Göteborg, Kortedala Södra;14803034;Östra Göteborg, Kortedala, Södra;delad;ej markerad som jämförbar i kolumnen Jämförbart i Göteborgs stads fil (mappning_2018_2022.csv). geometri geo_overlap_2018_2022.csv: 14803034 (Östra Göteborg, Kortedala, Södra) täcker 99.9 procent av det nya distriktet, 88.0 procent av det gamla ligger där, 1 källor över 5 procent;geometri + mappning_2018_2022.csv
14800225;Östra Göteborg, Månadsparken;14803033;Östra Göteborg, Kortedala Centrum;omritad;ej markerad som jämförbar i kolumnen Jämförbart i Göteborgs stads fil (mappning_2018_2022.csv). geometri geo_overlap_2018_2022.csv: 14803033 (Östra Göteborg, Kortedala Centrum) täcker 88.3 procent av det nya distriktet, 73.9 procent av det gamla ligger där, 2 källor över 5 procent;geometri + mappning_2018_2022.csv
14800226;Östra Göteborg, Gregorianska G. m fl;14803032;Östra Göteborg, Gregorianska g. m fl;omritad;ej markerad som jämförbar i kolumnen Jämförbart i Göteborgs stads fil (mappning_2018_2022.csv). geometri geo_overlap_2018_2022.csv: 14803032 (Östra Göteborg, Gregorianska g. m fl) täcker 82.9 procent av det nya distriktet, 67.9 procent av det gamla ligger där, 2 källor över 5 procent;geometri + mappning_2018_2022.csv
14800227;Östra Göteborg, Kortedala Västra;14803035;Östra Göteborg, Kortedala, Västra;delad;ej markerad som jämförbar i kolumnen Jämförbart i Göteborgs stads fil (mappning_2018_2022.csv). geometri geo_overlap_2018_2022.csv: 14803035 (Östra Göteborg, Kortedala, Västra) täcker 100.0 procent av det nya distriktet, 95.3 procent av det gamla ligger där, 1 källor över 5 procent;geometri + mappning_2018_2022.csv
14800228;Östra Göteborg, Kortedala Torg;14803032;Östra Göteborg, Gregorianska g. m fl;omritad;ej markerad som jämförbar i kolumnen Jämförbart i Göteborgs stads fil (mappning_2018_2022.csv). geometri geo_overlap_2018_2022.csv: 14803032 (Östra Göteborg, Gregorianska g. m fl) täcker 57.0 procent av det nya distriktet, 32.0 procent av det gamla ligger där, 2 källor över 5 procent;geometri + mappning_2018_2022.csv
14800229;Östra Göteborg, Förstamajgatan m fl;14803031;Östra Göteborg, Förstamajgatan m fl;omritad;ej markerad som jämförbar i kolumnen Jämförbart i Göteborgs stads fil (mappning_2018_2022.csv). geometri geo_overlap_2018_2022.csv: 14803031 (Östra Göteborg, Förstamajgatan m fl) täcker 82.5 procent av det nya distriktet, 77.1 procent av det gamla ligger där, 2 källor över 5 procent;geometri + mappning_2018_2022.csv
14800230;Östra Göteborg, Kortedala Östra;14803036;Östra Göteborg, Kortedala, Östra;omritad;ej markerad som jämförbar i kolumnen Jämförbart i Göteborgs stads fil (mappning_2018_2022.csv). geometri geo_overlap_2018_2022.csv: 14803036 (Östra Göteborg, Kortedala, Östra) täcker 88.1 procent av det nya distriktet, 89.9 procent av det gamla ligger där, 2 källor över 5 procent;geometri + mappning_2018_2022.csv
14800231;Östra Göteborg, Månadsgatorna m fl;14803044;Östra Göteborg, Månadsgatorna m fl;omritad;ej markerad som jämförbar i kolumnen Jämförbart i Göteborgs stads fil (mappning_2018_2022.csv). geometri geo_overlap_2018_2022.csv: 14803044 (Östra Göteborg, Månadsgatorna m fl) täcker 88.8 procent av det nya distriktet, 79.7 procent av det gamla ligger där, 3 källor över 5 procent;geometri + mappning_2018_2022.csv
14800232;Östra Göteborg, Adventsparken Östra;14803042;Östra Göteborg, Adventsparken, Ö;delad;ej markerad som jämförbar i kolumnen Jämförbart i Göteborgs stads fil (mappning_2018_2022.csv). geometri geo_overlap_2018_2022.csv: 14803042 (Östra Göteborg, Adventsparken, Ö) täcker 100.0 procent av det nya distriktet, 74.5 procent av det gamla ligger där, 1 källor över 5 procent;geometri + mappning_2018_2022.csv
14800233;Östra Göteborg, Adventsparken Västra;14803041;Östra Göteborg, Adventsparken, V;omritad;ej markerad som jämförbar i kolumnen Jämförbart i Göteborgs stads fil (mappning_2018_2022.csv). geometri geo_overlap_2018_2022.csv: 14803041 (Östra Göteborg, Adventsparken, V) täcker 87.6 procent av det nya distriktet, 45.6 procent av det gamla ligger där, 2 källor över 5 procent;geometri + mappning_2018_2022.csv
14800234;Östra Göteborg, Söndagsgatan m fl;14803041;Östra Göteborg, Adventsparken, V;omritad;ej markerad som jämförbar i kolumnen Jämförbart i Göteborgs stads fil (mappning_2018_2022.csv). geometri geo_overlap_2018_2022.csv: 14803041 (Östra Göteborg, Adventsparken, V) täcker 61.0 procent av det nya distriktet, 54.2 procent av det gamla ligger där, 3 källor över 5 procent;geometri + mappning_2018_2022.csv
14800235;Östra Göteborg, Kortedala Norra;14803043;Östra Göteborg, Kortedala, Norra;identisk;Göteborgs stad jamforelser-2018-och-2022-valdistrikt-och-uppsamlingsdistrikt-v2.xlsx: kolumnen Jämförbart pekar på 2018-distrikt 14803043, geometri 99.9/99.3 procent. geometri geo_overlap_2018_2022.csv: 14803043 (Östra Göteborg, Kortedala, Norra) täcker 99.9 procent av det nya distriktet, 99.3 procent av det gamla ligger där, 1 källor över 5 procent;mappning_2018_2022.csv (Goteborgs stad) + geometri
14800301;Östra Centrum, Fräntorp;14802111;Örgryte-Härlanda, Fräntorp;delad;ej markerad som jämförbar i kolumnen Jämförbart i Göteborgs stads fil (mappning_2018_2022.csv). geometri geo_overlap_2018_2022.csv: 14802111 (Örgryte-Härlanda, Fräntorp) täcker 100.0 procent av det nya distriktet, 93.3 procent av det gamla ligger där, 1 källor över 5 procent;geometri + mappning_2018_2022.csv
14800302;Östra Centrum, Vidkärr;14802111;Örgryte-Härlanda, Fräntorp;omritad;ej markerad som jämförbar i kolumnen Jämförbart i Göteborgs stads fil (mappning_2018_2022.csv). geometri geo_overlap_2018_2022.csv: 14802111 (Örgryte-Härlanda, Fräntorp) täcker 59.3 procent av det nya distriktet, 6.6 procent av det gamla ligger där, 2 källor över 5 procent;geometri + mappning_2018_2022.csv
14800303;Östra Centrum, Munkebäck Norra;14802105;Örgryte-Härlanda, Munkebäck, Norra;identisk;Göteborgs stad jamforelser-2018-och-2022-valdistrikt-och-uppsamlingsdistrikt-v2.xlsx: kolumnen Jämförbart pekar på 2018-distrikt 14802105, geometri 100.0/99.4 procent. geometri geo_overlap_2018_2022.csv: 14802105 (Örgryte-Härlanda, Munkebäck, Norra) täcker 100.0 procent av det nya distriktet, 99.4 procent av det gamla ligger där, 1 källor över 5 procent;mappning_2018_2022.csv (Goteborgs stad) + geometri
14800304;Östra Centrum, Munkebäck Södra;14802106;Örgryte-Härlanda, Munkebäck, Södra;delad;ej markerad som jämförbar i kolumnen Jämförbart i Göteborgs stads fil (mappning_2018_2022.csv). geometri geo_overlap_2018_2022.csv: 14802106 (Örgryte-Härlanda, Munkebäck, Södra) täcker 100.0 procent av det nya distriktet, 81.0 procent av det gamla ligger där, 1 källor över 5 procent;geometri + mappning_2018_2022.csv
14800305;Östra Centrum, Kålltorp Norra;14802101;Örgryte-Härlanda, Kålltorp, Norra;omritad;ej markerad som jämförbar i kolumnen Jämförbart i Göteborgs stads fil (mappning_2018_2022.csv). geometri geo_overlap_2018_2022.csv: 14802101 (Örgryte-Härlanda, Kålltorp, Norra) täcker 78.0 procent av det nya distriktet, 62.3 procent av det gamla ligger där, 2 källor över 5 procent;geometri + mappning_2018_2022.csv
14800306;Östra Centrum, Torpa;14802112;Örgryte-Härlanda, Torpa;omritad;ej markerad som jämförbar i kolumnen Jämförbart i Göteborgs stads fil (mappning_2018_2022.csv). geometri geo_overlap_2018_2022.csv: 14802112 (Örgryte-Härlanda, Torpa) täcker 72.5 procent av det nya distriktet, 75.5 procent av det gamla ligger där, 4 källor över 5 procent;geometri + mappning_2018_2022.csv
14800307;Östra Centrum, Björkekärr Norra;14802121;Örgryte-Härlanda, Björkekärr, Norra;omritad;ej markerad som jämförbar i kolumnen Jämförbart i Göteborgs stads fil (mappning_2018_2022.csv). geometri geo_overlap_2018_2022.csv: 14802121 (Örgryte-Härlanda, Björkekärr, Norra) täcker 96.6 procent av det nya distriktet, 92.8 procent av det gamla ligger där, 1 källor över 5 procent;geometri + mappning_2018_2022.csv
14800308;Östra Centrum, Smörslätten;14802124;Örgryte-Härlanda, Björkekärr, Östra;delad;ej markerad som jämförbar i kolumnen Jämförbart i Göteborgs stads fil (mappning_2018_2022.csv). geometri geo_overlap_2018_2022.csv: 14802124 (Örgryte-Härlanda, Björkekärr, Östra) täcker 100.0 procent av det nya distriktet, 42.4 procent av det gamla ligger där, 1 källor över 5 procent;geometri + mappning_2018_2022.csv
14800309;Östra Centrum, Björkekärr Östra;14802124;Örgryte-Härlanda, Björkekärr, Östra;omritad;ej markerad som jämförbar i kolumnen Jämförbart i Göteborgs stads fil (mappning_2018_2022.csv). geometri geo_overlap_2018_2022.csv: 14802124 (Örgryte-Härlanda, Björkekärr, Östra) täcker 72.8 procent av det nya distriktet, 55.2 procent av det gamla ligger där, 2 källor över 5 procent;geometri + mappning_2018_2022.csv
14800310;Östra Centrum, Robertshöjd m fl;14802125;Örgryte-Härlanda, Robertshöjd m fl;omritad;ej markerad som jämförbar i kolumnen Jämförbart i Göteborgs stads fil (mappning_2018_2022.csv). geometri geo_overlap_2018_2022.csv: 14802125 (Örgryte-Härlanda, Robertshöjd m fl) täcker 87.1 procent av det nya distriktet, 71.7 procent av det gamla ligger där, 2 källor över 5 procent;geometri + mappning_2018_2022.csv
14800311;Östra Centrum, Björkekärr Västra;14802123;Örgryte-Härlanda, Björkekärr, Västra;omritad;ej markerad som jämförbar i kolumnen Jämförbart i Göteborgs stads fil (mappning_2018_2022.csv). geometri geo_overlap_2018_2022.csv: 14802123 (Örgryte-Härlanda, Björkekärr, Västra) täcker 91.2 procent av det nya distriktet, 82.5 procent av det gamla ligger där, 2 källor över 5 procent;geometri + mappning_2018_2022.csv
14800312;Östra Centrum, Kålltorp Östra;14802104;Örgryte-Härlanda, Kålltorp, Östra;omritad;ej markerad som jämförbar i kolumnen Jämförbart i Göteborgs stads fil (mappning_2018_2022.csv). geometri geo_overlap_2018_2022.csv: 14802104 (Örgryte-Härlanda, Kålltorp, Östra) täcker 84.6 procent av det nya distriktet, 84.3 procent av det gamla ligger där, 3 källor över 5 procent;geometri + mappning_2018_2022.csv
14800313;Östra Centrum, Solrosparken;14802103;Örgryte-Härlanda, Kålltorp, Västra;omritad;ej markerad som jämförbar i kolumnen Jämförbart i Göteborgs stads fil (mappning_2018_2022.csv). geometri geo_overlap_2018_2022.csv: 14802103 (Örgryte-Härlanda, Kålltorp, Västra) täcker 45.0 procent av det nya distriktet, 24.1 procent av det gamla ligger där, 3 källor över 5 procent;geometri + mappning_2018_2022.csv
14800314;Östra Centrum, Kålltorp Västra;14802103;Örgryte-Härlanda, Kålltorp, Västra;omritad;ej markerad som jämförbar i kolumnen Jämförbart i Göteborgs stads fil (mappning_2018_2022.csv). geometri geo_overlap_2018_2022.csv: 14802103 (Örgryte-Härlanda, Kålltorp, Västra) täcker 72.3 procent av det nya distriktet, 69.5 procent av det gamla ligger där, 2 källor över 5 procent;geometri + mappning_2018_2022.csv
14800315;Östra Centrum, Kålltorp Södra;14802102;Örgryte-Härlanda, Kålltorp, Södra;delad;ej markerad som jämförbar i kolumnen Jämförbart i Göteborgs stads fil (mappning_2018_2022.csv). geometri geo_overlap_2018_2022.csv: 14802102 (Örgryte-Härlanda, Kålltorp, Södra) täcker 100.0 procent av det nya distriktet, 94.8 procent av det gamla ligger där, 1 källor över 5 procent;geometri + mappning_2018_2022.csv
14800316;Östra Centrum, Björkekärr Södra;14802122;Örgryte-Härlanda, Björkekärr, Södra;omritad;ej markerad som jämförbar i kolumnen Jämförbart i Göteborgs stads fil (mappning_2018_2022.csv). geometri geo_overlap_2018_2022.csv: 14802122 (Örgryte-Härlanda, Björkekärr, Södra) täcker 99.8 procent av det nya distriktet, 99.5 procent av det gamla ligger där, 1 källor över 5 procent OBS geometrin är i praktiken 1:1 (14802122 täcker 99.8 procent av 2022-distriktet, 99.5 procent av 2018-distriktet ligger där) trots att källan inte markerar distriktet som jämförbart;geometri + mappning_2018_2022.csv
14800317;Östra Centrum, Kallebäck Östra;14802043;Örgryte-Härlanda, Kallebäck, Östra;identisk;Göteborgs stad jamforelser-2018-och-2022-valdistrikt-och-uppsamlingsdistrikt-v2.xlsx: kolumnen Jämförbart pekar på 2018-distrikt 14802043, geometri 99.6/99.8 procent. geometri geo_overlap_2018_2022.csv: 14802043 (Örgryte-Härlanda, Kallebäck, Östra) täcker 99.6 procent av det nya distriktet, 99.8 procent av det gamla ligger där, 1 källor över 5 procent;mappning_2018_2022.csv (Goteborgs stad) + geometri
14800318;Östra Centrum, Kallebäck Västra;14802042;Örgryte-Härlanda, Kallebäck, Västra;delad;ej markerad som jämförbar i kolumnen Jämförbart i Göteborgs stads fil (mappning_2018_2022.csv). geometri geo_overlap_2018_2022.csv: 14802042 (Örgryte-Härlanda, Kallebäck, Västra) täcker 99.0 procent av det nya distriktet, 91.6 procent av det gamla ligger där, 1 källor över 5 procent;geometri + mappning_2018_2022.csv
14800319;Östra Centrum, Kallebäck Norra;14802041;Örgryte-Härlanda, Kallebäck, Norra;omritad;ej markerad som jämförbar i kolumnen Jämförbart i Göteborgs stads fil (mappning_2018_2022.csv). geometri geo_overlap_2018_2022.csv: 14802041 (Örgryte-Härlanda, Kallebäck, Norra) täcker 87.0 procent av det nya distriktet, 89.3 procent av det gamla ligger där, 2 källor över 5 procent;geometri + mappning_2018_2022.csv
14800320;Östra Centrum, Skår Södra;14802053;Örgryte-Härlanda, Skår, Södra;identisk;Göteborgs stad jamforelser-2018-och-2022-valdistrikt-och-uppsamlingsdistrikt-v2.xlsx: kolumnen Jämförbart pekar på 2018-distrikt 14802053, geometri 99.3/100.0 procent. geometri geo_overlap_2018_2022.csv: 14802053 (Örgryte-Härlanda, Skår, Södra) täcker 99.3 procent av det nya distriktet, 100.0 procent av det gamla ligger där, 1 källor över 5 procent;mappning_2018_2022.csv (Goteborgs stad) + geometri
14800321;Östra Centrum, Jakobsdal;14802051;Örgryte-Härlanda, Jakobsdal;delad;ej markerad som jämförbar i kolumnen Jämförbart i Göteborgs stads fil (mappning_2018_2022.csv). geometri geo_overlap_2018_2022.csv: 14802051 (Örgryte-Härlanda, Jakobsdal) täcker 100.0 procent av det nya distriktet, 73.5 procent av det gamla ligger där, 1 källor över 5 procent;geometri + mappning_2018_2022.csv
14800322;Östra Centrum, Skår Norra;14802052;Örgryte-Härlanda, Skår, Norra;omritad;ej markerad som jämförbar i kolumnen Jämförbart i Göteborgs stads fil (mappning_2018_2022.csv). geometri geo_overlap_2018_2022.csv: 14802052 (Örgryte-Härlanda, Skår, Norra) täcker 96.8 procent av det nya distriktet, 100.0 procent av det gamla ligger där, 1 källor över 5 procent;geometri + mappning_2018_2022.csv
14800323;Östra Centrum, Stora Torp;14802071;Örgryte-Härlanda, Stora Torp;delad;ej markerad som jämförbar i kolumnen Jämförbart i Göteborgs stads fil (mappning_2018_2022.csv). geometri geo_overlap_2018_2022.csv: 14802071 (Örgryte-Härlanda, Stora Torp) täcker 99.9 procent av det nya distriktet, 89.1 procent av det gamla ligger där, 1 källor över 5 procent;geometri + mappning_2018_2022.csv
14800324;Östra Centrum, Lilla Torp;14802072;Örgryte-Härlanda, Lilla Torp;omritad;ej markerad som jämförbar i kolumnen Jämförbart i Göteborgs stads fil (mappning_2018_2022.csv). geometri geo_overlap_2018_2022.csv: 14802072 (Örgryte-Härlanda, Lilla Torp) täcker 93.5 procent av det nya distriktet, 82.6 procent av det gamla ligger där, 2 källor över 5 procent;geometri + mappning_2018_2022.csv
14800325;Östra Centrum, Bö;14802072;Örgryte-Härlanda, Lilla Torp;omritad;ej markerad som jämförbar i kolumnen Jämförbart i Göteborgs stads fil (mappning_2018_2022.csv). geometri geo_overlap_2018_2022.csv: 14802072 (Örgryte-Härlanda, Lilla Torp) täcker 57.6 procent av det nya distriktet, 13.2 procent av det gamla ligger där, 2 källor över 5 procent;geometri + mappning_2018_2022.csv
14800326;Östra Centrum, Örgryte;14802062;Örgryte-Härlanda, Örgryte;omritad;ej markerad som jämförbar i kolumnen Jämförbart i Göteborgs stads fil (mappning_2018_2022.csv). geometri geo_overlap_2018_2022.csv: 14802062 (Örgryte-Härlanda, Örgryte) täcker 93.6 procent av det nya distriktet, 100.0 procent av det gamla ligger där, 2 källor över 5 procent;geometri + mappning_2018_2022.csv
14800327;Östra Centrum, Prästgårdsängen m fl;14802083;Örgryte-Härlanda, Kärralund, Södra;omritad;ej markerad som jämförbar i kolumnen Jämförbart i Göteborgs stads fil (mappning_2018_2022.csv). geometri geo_overlap_2018_2022.csv: 14802083 (Örgryte-Härlanda, Kärralund, Södra) täcker 61.8 procent av det nya distriktet, 52.5 procent av det gamla ligger där, 2 källor över 5 procent;geometri + mappning_2018_2022.csv
14800328;Östra Centrum, Kärralund Södra;14802083;Örgryte-Härlanda, Kärralund, Södra;omritad;ej markerad som jämförbar i kolumnen Jämförbart i Göteborgs stads fil (mappning_2018_2022.csv). geometri geo_overlap_2018_2022.csv: 14802083 (Örgryte-Härlanda, Kärralund, Södra) täcker 64.1 procent av det nya distriktet, 47.4 procent av det gamla ligger där, 3 källor över 5 procent;geometri + mappning_2018_2022.csv
14800329;Östra Centrum, Kärralund Norra;14802082;Örgryte-Härlanda, Kärralund, Norra;omritad;ej markerad som jämförbar i kolumnen Jämförbart i Göteborgs stads fil (mappning_2018_2022.csv). geometri geo_overlap_2018_2022.csv: 14802082 (Örgryte-Härlanda, Kärralund, Norra) täcker 89.2 procent av det nya distriktet, 72.3 procent av det gamla ligger där, 2 källor över 5 procent;geometri + mappning_2018_2022.csv
14800330;Östra Centrum, Härlanda;14802091;Örgryte-Härlanda, Härlanda;delad;ej markerad som jämförbar i kolumnen Jämförbart i Göteborgs stads fil (mappning_2018_2022.csv). geometri geo_overlap_2018_2022.csv: 14802091 (Örgryte-Härlanda, Härlanda) täcker 99.0 procent av det nya distriktet, 96.4 procent av det gamla ligger där, 1 källor över 5 procent;geometri + mappning_2018_2022.csv
14800331;Östra Centrum, Lunden Nya;14802085;Örgryte-Härlanda, Lunden, Nya;identisk;Göteborgs stad jamforelser-2018-och-2022-valdistrikt-och-uppsamlingsdistrikt-v2.xlsx: kolumnen Jämförbart pekar på 2018-distrikt 14802085, geometri 100.0/100.0 procent. geometri geo_overlap_2018_2022.csv: 14802085 (Örgryte-Härlanda, Lunden, Nya) täcker 100.0 procent av det nya distriktet, 100.0 procent av det gamla ligger där, 1 källor över 5 procent;mappning_2018_2022.csv (Goteborgs stad) + geometri
14800332;Östra Centrum, Danska Vägen m fl;14802081;Örgryte-Härlanda, Danska vägen m fl;delad;ej markerad som jämförbar i kolumnen Jämförbart i Göteborgs stads fil (mappning_2018_2022.csv). geometri geo_overlap_2018_2022.csv: 14802081 (Örgryte-Härlanda, Danska vägen m fl) täcker 100.0 procent av det nya distriktet, 92.4 procent av det gamla ligger där, 1 källor över 5 procent;geometri + mappning_2018_2022.csv
14800333;Östra Centrum, Nobelplatsen;14802086;Örgryte-Härlanda, Nobelplatsen;identisk;Göteborgs stad jamforelser-2018-och-2022-valdistrikt-och-uppsamlingsdistrikt-v2.xlsx: kolumnen Jämförbart pekar på 2018-distrikt 14802086, geometri 99.8/92.8 procent. geometri geo_overlap_2018_2022.csv: 14802086 (Örgryte-Härlanda, Nobelplatsen) täcker 99.8 procent av det nya distriktet, 92.8 procent av det gamla ligger där, 1 källor över 5 procent OBS geometrin är inte 1:1, 14802086 täcker 99.8 procent av 2022-distriktet och 92.8 procent av 2018-distriktet ligger där;mappning_2018_2022.csv (Goteborgs stad) + geometri
14800334;Östra Centrum, Sankt Pauli;14802087;Örgryte-Härlanda, Sankt Pauli;omritad;ej markerad som jämförbar i kolumnen Jämförbart i Göteborgs stads fil (mappning_2018_2022.csv). geometri geo_overlap_2018_2022.csv: 14802087 (Örgryte-Härlanda, Sankt Pauli) täcker 87.0 procent av det nya distriktet, 83.6 procent av det gamla ligger där, 2 källor över 5 procent;geometri + mappning_2018_2022.csv
14800335;Östra Centrum, Lunden Gamla;14802084;Örgryte-Härlanda, Lunden, Gamla;omritad;ej markerad som jämförbar i kolumnen Jämförbart i Göteborgs stads fil (mappning_2018_2022.csv). geometri geo_overlap_2018_2022.csv: 14802084 (Örgryte-Härlanda, Lunden, Gamla) täcker 74.8 procent av det nya distriktet, 62.5 procent av det gamla ligger där, 2 källor över 5 procent;geometri + mappning_2018_2022.csv
14800336;Östra Centrum, Överås;14802088;Örgryte-Härlanda, Överås;identisk;Göteborgs stad jamforelser-2018-och-2022-valdistrikt-och-uppsamlingsdistrikt-v2.xlsx: kolumnen Jämförbart pekar på 2018-distrikt 14802088, geometri 99.7/100.0 procent. geometri geo_overlap_2018_2022.csv: 14802088 (Örgryte-Härlanda, Överås) täcker 99.7 procent av det nya distriktet, 100.0 procent av det gamla ligger där, 1 källor över 5 procent;mappning_2018_2022.csv (Goteborgs stad) + geometri
14800337;Östra Centrum, Gubbero;14802014;Örgryte-Härlanda, Redbergsplatsen;omritad;ej markerad som jämförbar i kolumnen Jämförbart i Göteborgs stads fil (mappning_2018_2022.csv). geometri geo_overlap_2018_2022.csv: 14802014 (Örgryte-Härlanda, Redbergsplatsen) täcker 70.9 procent av det nya distriktet, 51.0 procent av det gamla ligger där, 2 källor över 5 procent;geometri + mappning_2018_2022.csv
14800338;Östra Centrum, Gubberoparken;14802011;Örgryte-Härlanda, Gubbero;omritad;ej markerad som jämförbar i kolumnen Jämförbart i Göteborgs stads fil (mappning_2018_2022.csv). geometri geo_overlap_2018_2022.csv: 14802011 (Örgryte-Härlanda, Gubbero) täcker 79.8 procent av det nya distriktet, 89.1 procent av det gamla ligger där, 2 källor över 5 procent;geometri + mappning_2018_2022.csv
14800339;Östra Centrum, Redbergsplatsen;14802014;Örgryte-Härlanda, Redbergsplatsen;omritad;ej markerad som jämförbar i kolumnen Jämförbart i Göteborgs stads fil (mappning_2018_2022.csv). geometri geo_overlap_2018_2022.csv: 14802014 (Örgryte-Härlanda, Redbergsplatsen) täcker 78.5 procent av det nya distriktet, 48.9 procent av det gamla ligger där, 2 källor över 5 procent;geometri + mappning_2018_2022.csv
14800340;Östra Centrum, Olskroken;14802012;Örgryte-Härlanda, Olskroken;delad;ej markerad som jämförbar i kolumnen Jämförbart i Göteborgs stads fil (mappning_2018_2022.csv). geometri geo_overlap_2018_2022.csv: 14802012 (Örgryte-Härlanda, Olskroken) täcker 100.0 procent av det nya distriktet, 95.6 procent av det gamla ligger där, 1 källor över 5 procent;geometri + mappning_2018_2022.csv
14800341;Östra Centrum, Redberget;14802013;Örgryte-Härlanda, Redberget;delad;ej markerad som jämförbar i kolumnen Jämförbart i Göteborgs stads fil (mappning_2018_2022.csv). geometri geo_overlap_2018_2022.csv: 14802013 (Örgryte-Härlanda, Redberget) täcker 99.8 procent av det nya distriktet, 93.7 procent av det gamla ligger där, 1 källor över 5 procent;geometri + mappning_2018_2022.csv
14800342;Östra Centrum, Bagaregården;14802021;Örgryte-Härlanda, Bagaregården;delad;ej markerad som jämförbar i kolumnen Jämförbart i Göteborgs stads fil (mappning_2018_2022.csv). geometri geo_overlap_2018_2022.csv: 14802021 (Örgryte-Härlanda, Bagaregården) täcker 99.4 procent av det nya distriktet, 85.9 procent av det gamla ligger där, 1 källor över 5 procent;geometri + mappning_2018_2022.csv
14800343;Östra Centrum, Redbergslid;14802022;Örgryte-Härlanda, Ånäs;omritad;ej markerad som jämförbar i kolumnen Jämförbart i Göteborgs stads fil (mappning_2018_2022.csv). geometri geo_overlap_2018_2022.csv: 14802022 (Örgryte-Härlanda, Ånäs) täcker 91.2 procent av det nya distriktet, 42.1 procent av det gamla ligger där, 2 källor över 5 procent;geometri + mappning_2018_2022.csv
14800344;Östra Centrum, Ånäs;14802022;Örgryte-Härlanda, Ånäs;omritad;ej markerad som jämförbar i kolumnen Jämförbart i Göteborgs stads fil (mappning_2018_2022.csv). geometri geo_overlap_2018_2022.csv: 14802022 (Örgryte-Härlanda, Ånäs) täcker 56.8 procent av det nya distriktet, 57.9 procent av det gamla ligger där, 3 källor över 5 procent;geometri + mappning_2018_2022.csv
14800345;Östra Centrum, Strömmensberg Västra;14802031;Örgryte-Härlanda, Strömmensberg, V;omritad;ej markerad som jämförbar i kolumnen Jämförbart i Göteborgs stads fil (mappning_2018_2022.csv). geometri geo_overlap_2018_2022.csv: 14802031 (Örgryte-Härlanda, Strömmensberg, V) täcker 50.9 procent av det nya distriktet, 43.5 procent av det gamla ligger där, 2 källor över 5 procent;geometri + mappning_2018_2022.csv
14800346;Östra Centrum, Strömmensberg Östra;14802032;Örgryte-Härlanda, Strömmensberg, Ö;delad;ej markerad som jämförbar i kolumnen Jämförbart i Göteborgs stads fil (mappning_2018_2022.csv). geometri geo_overlap_2018_2022.csv: 14802032 (Örgryte-Härlanda, Strömmensberg, Ö) täcker 100.0 procent av det nya distriktet, 76.3 procent av det gamla ligger där, 1 källor över 5 procent;geometri + mappning_2018_2022.csv
14800401;Centrum, Otterhällan;14801163;Centrum, Otterhällan;identisk;Göteborgs stad jamforelser-2018-och-2022-valdistrikt-och-uppsamlingsdistrikt-v2.xlsx: kolumnen Jämförbart pekar på 2018-distrikt 14801163, geometri 99.9/100.0 procent. geometri geo_overlap_2018_2022.csv: 14801163 (Centrum, Otterhällan) täcker 99.9 procent av det nya distriktet, 100.0 procent av det gamla ligger där, 1 källor över 5 procent;mappning_2018_2022.csv (Goteborgs stad) + geometri
14800402;Centrum, Inom Vallgraven;14801161;Centrum, Inom Vallgraven;delad;ej markerad som jämförbar i kolumnen Jämförbart i Göteborgs stads fil (mappning_2018_2022.csv). geometri geo_overlap_2018_2022.csv: 14801161 (Centrum, Inom Vallgraven) täcker 100.0 procent av det nya distriktet, 79.5 procent av det gamla ligger där, 1 källor över 5 procent;geometri + mappning_2018_2022.csv
14800403;Centrum, Nordstan;14801162;Centrum, Nordstan;delad;ej markerad som jämförbar i kolumnen Jämförbart i Göteborgs stads fil (mappning_2018_2022.csv). geometri geo_overlap_2018_2022.csv: 14801162 (Centrum, Nordstan) täcker 100.0 procent av det nya distriktet, 78.9 procent av det gamla ligger där, 1 källor över 5 procent;geometri + mappning_2018_2022.csv
14800404;Centrum, Stampen Västra;14801162;Centrum, Nordstan;omritad;ej markerad som jämförbar i kolumnen Jämförbart i Göteborgs stads fil (mappning_2018_2022.csv). geometri geo_overlap_2018_2022.csv: 14801162 (Centrum, Nordstan) täcker 29.3 procent av det nya distriktet, 21.1 procent av det gamla ligger där, 4 källor över 5 procent;geometri + mappning_2018_2022.csv
14800405;Centrum, Odinsgatan m fl;14801173;Centrum, Odinsgatan m fl;omritad;ej markerad som jämförbar i kolumnen Jämförbart i Göteborgs stads fil (mappning_2018_2022.csv). geometri geo_overlap_2018_2022.csv: 14801173 (Centrum, Odinsgatan m fl) täcker 97.3 procent av det nya distriktet, 94.8 procent av det gamla ligger där, 1 källor över 5 procent;geometri + mappning_2018_2022.csv
14800406;Centrum, Stampen Östra;14801174;Centrum, Stampen;omritad;ej markerad som jämförbar i kolumnen Jämförbart i Göteborgs stads fil (mappning_2018_2022.csv). geometri geo_overlap_2018_2022.csv: 14801174 (Centrum, Stampen) täcker 96.4 procent av det nya distriktet, 82.5 procent av det gamla ligger där, 1 källor över 5 procent;geometri + mappning_2018_2022.csv
14800407;Centrum, Friggagatan m fl;14801171;Centrum, Friggagatan m fl;identisk;Göteborgs stad jamforelser-2018-och-2022-valdistrikt-och-uppsamlingsdistrikt-v2.xlsx: kolumnen Jämförbart pekar på 2018-distrikt 14801171, geometri 100.0/87.1 procent. geometri geo_overlap_2018_2022.csv: 14801171 (Centrum, Friggagatan m fl) täcker 100.0 procent av det nya distriktet, 87.1 procent av det gamla ligger där, 1 källor över 5 procent OBS geometrin är inte 1:1, 14801171 täcker 100.0 procent av 2022-distriktet och 87.1 procent av 2018-distriktet ligger där;mappning_2018_2022.csv (Goteborgs stad) + geometri
14800408;Centrum, Svingeln;14801175;Centrum, Svingeln;omritad;ej markerad som jämförbar i kolumnen Jämförbart i Göteborgs stads fil (mappning_2018_2022.csv). geometri geo_overlap_2018_2022.csv: 14801175 (Centrum, Svingeln) täcker 78.8 procent av det nya distriktet, 66.6 procent av det gamla ligger där, 2 källor över 5 procent;geometri + mappning_2018_2022.csv
14800409;Centrum, Gårda Norra;14801172;Centrum, Gårda, Norra;identisk;Göteborgs stad jamforelser-2018-och-2022-valdistrikt-och-uppsamlingsdistrikt-v2.xlsx: kolumnen Jämförbart pekar på 2018-distrikt 14801172, geometri 100.0/100.0 procent. geometri geo_overlap_2018_2022.csv: 14801172 (Centrum, Gårda, Norra) täcker 100.0 procent av det nya distriktet, 100.0 procent av det gamla ligger där, 1 källor över 5 procent;mappning_2018_2022.csv (Goteborgs stad) + geometri
14800410;Centrum, Gårda Södra;14801182;Centrum, Gårda, Södra;identisk;Göteborgs stad jamforelser-2018-och-2022-valdistrikt-och-uppsamlingsdistrikt-v2.xlsx: kolumnen Jämförbart pekar på 2018-distrikt 14801182, geometri 100.0/100.0 procent. geometri geo_overlap_2018_2022.csv: 14801182 (Centrum, Gårda, Södra) täcker 100.0 procent av det nya distriktet, 100.0 procent av det gamla ligger där, 1 källor över 5 procent;mappning_2018_2022.csv (Goteborgs stad) + geometri
14800411;Centrum, Bohusgatan m fl;14801181;Centrum, Bohusgatan m fl;omritad;ej markerad som jämförbar i kolumnen Jämförbart i Göteborgs stads fil (mappning_2018_2022.csv). geometri geo_overlap_2018_2022.csv: 14801181 (Centrum, Bohusgatan m fl) täcker 90.2 procent av det nya distriktet, 78.1 procent av det gamla ligger där, 2 källor över 5 procent;geometri + mappning_2018_2022.csv
14800412;Centrum, Sten Sturegatan m fl;14801185;Centrum, Sten Sturegatan m fl;omritad;ej markerad som jämförbar i kolumnen Jämförbart i Göteborgs stads fil (mappning_2018_2022.csv). geometri geo_overlap_2018_2022.csv: 14801185 (Centrum, Sten Sturegatan m fl) täcker 86.2 procent av det nya distriktet, 100.0 procent av det gamla ligger där, 2 källor över 5 procent;geometri + mappning_2018_2022.csv
14800413;Centrum, Heden;14801183;Centrum, Heden;omritad;ej markerad som jämförbar i kolumnen Jämförbart i Göteborgs stads fil (mappning_2018_2022.csv). geometri geo_overlap_2018_2022.csv: 14801183 (Centrum, Heden) täcker 41.2 procent av det nya distriktet, 77.8 procent av det gamla ligger där, 3 källor över 5 procent;geometri + mappning_2018_2022.csv
14800414;Centrum, Hedås;14801184;Centrum, Hedås;omritad;ej markerad som jämförbar i kolumnen Jämförbart i Göteborgs stads fil (mappning_2018_2022.csv). geometri geo_overlap_2018_2022.csv: 14801184 (Centrum, Hedås) täcker 94.6 procent av det nya distriktet, 39.5 procent av det gamla ligger där, 2 källor över 5 procent;geometri + mappning_2018_2022.csv
14800415;Centrum, Götaplatsen;14801141;Centrum, Lorensberg;omritad;ej markerad som jämförbar i kolumnen Jämförbart i Göteborgs stads fil (mappning_2018_2022.csv). geometri geo_overlap_2018_2022.csv: 14801141 (Centrum, Lorensberg) täcker 49.2 procent av det nya distriktet, 25.7 procent av det gamla ligger där, 2 källor över 5 procent;geometri + mappning_2018_2022.csv
14800416;Centrum, Carlandersplatsen;14801103;Centrum, Getebergsäng;delad;ej markerad som jämförbar i kolumnen Jämförbart i Göteborgs stads fil (mappning_2018_2022.csv). geometri geo_overlap_2018_2022.csv: 14801103 (Centrum, Getebergsäng) täcker 99.8 procent av det nya distriktet, 84.3 procent av det gamla ligger där, 1 källor över 5 procent;geometri + mappning_2018_2022.csv
14800417;Centrum, Eklanda Östra;14801104;Centrum, Kristinehöjd, Västra;omritad;ej markerad som jämförbar i kolumnen Jämförbart i Göteborgs stads fil (mappning_2018_2022.csv). geometri geo_overlap_2018_2022.csv: 14801104 (Centrum, Kristinehöjd, Västra) täcker 76.9 procent av det nya distriktet, 47.4 procent av det gamla ligger där, 2 källor över 5 procent;geometri + mappning_2018_2022.csv
14800418;Centrum, Eklanda Norra;14801111;Centrum, Eklanda Norra;omritad;ej markerad som jämförbar i kolumnen Jämförbart i Göteborgs stads fil (mappning_2018_2022.csv). geometri geo_overlap_2018_2022.csv: 14801111 (Centrum, Eklanda Norra) täcker 91.0 procent av det nya distriktet, 90.3 procent av det gamla ligger där, 2 källor över 5 procent;geometri + mappning_2018_2022.csv
14800419;Centrum, Johanneberg Övre;14801116;Centrum, Johanneberg, Övre;identisk;Göteborgs stad jamforelser-2018-och-2022-valdistrikt-och-uppsamlingsdistrikt-v2.xlsx: kolumnen Jämförbart pekar på 2018-distrikt 14801116, geometri 100.0/100.0 procent. geometri geo_overlap_2018_2022.csv: 14801116 (Centrum, Johanneberg, Övre) täcker 100.0 procent av det nya distriktet, 100.0 procent av det gamla ligger där, 1 källor över 5 procent;mappning_2018_2022.csv (Goteborgs stad) + geometri
14800420;Centrum, Johanneberg Östra;14801115;Centrum, Johanneberg, Östra;identisk;Göteborgs stad jamforelser-2018-och-2022-valdistrikt-och-uppsamlingsdistrikt-v2.xlsx: kolumnen Jämförbart pekar på 2018-distrikt 14801115, geometri 100.0/100.0 procent. geometri geo_overlap_2018_2022.csv: 14801115 (Centrum, Johanneberg, Östra) täcker 100.0 procent av det nya distriktet, 100.0 procent av det gamla ligger där, 1 källor över 5 procent;mappning_2018_2022.csv (Goteborgs stad) + geometri
14800421;Centrum, Eklanda Södra;14801112;Centrum, Eklanda Södra;delad;ej markerad som jämförbar i kolumnen Jämförbart i Göteborgs stads fil (mappning_2018_2022.csv). geometri geo_overlap_2018_2022.csv: 14801112 (Centrum, Eklanda Södra) täcker 100.0 procent av det nya distriktet, 85.4 procent av det gamla ligger där, 1 källor över 5 procent;geometri + mappning_2018_2022.csv
14800422;Centrum, Kristinehöjd Västra;14801105;Centrum, Kristinehöjd, Östra;omritad;ej markerad som jämförbar i kolumnen Jämförbart i Göteborgs stads fil (mappning_2018_2022.csv). geometri geo_overlap_2018_2022.csv: 14801105 (Centrum, Kristinehöjd, Östra) täcker 61.7 procent av det nya distriktet, 23.2 procent av det gamla ligger där, 3 källor över 5 procent;geometri + mappning_2018_2022.csv
14800423;Centrum, Olofshöjd;14801109;Centrum, Olofshöjd;delad;ej markerad som jämförbar i kolumnen Jämförbart i Göteborgs stads fil (mappning_2018_2022.csv). geometri geo_overlap_2018_2022.csv: 14801109 (Centrum, Olofshöjd) täcker 98.7 procent av det nya distriktet, 62.8 procent av det gamla ligger där, 1 källor över 5 procent;geometri + mappning_2018_2022.csv
14800424;Centrum, Kristinehöjd Östra;14801105;Centrum, Kristinehöjd, Östra;omritad;ej markerad som jämförbar i kolumnen Jämförbart i Göteborgs stads fil (mappning_2018_2022.csv). geometri geo_overlap_2018_2022.csv: 14801105 (Centrum, Kristinehöjd, Östra) täcker 94.2 procent av det nya distriktet, 76.6 procent av det gamla ligger där, 1 källor över 5 procent;geometri + mappning_2018_2022.csv
14800425;Centrum, Getebergsäng;14801106;Centrum, Krokslätt, Norra;omritad;ej markerad som jämförbar i kolumnen Jämförbart i Göteborgs stads fil (mappning_2018_2022.csv). geometri geo_overlap_2018_2022.csv: 14801106 (Centrum, Krokslätt, Norra) täcker 69.0 procent av det nya distriktet, 41.4 procent av det gamla ligger där, 2 källor över 5 procent;geometri + mappning_2018_2022.csv
14800426;Centrum, Krokslätt Norra;14801106;Centrum, Krokslätt, Norra;omritad;ej markerad som jämförbar i kolumnen Jämförbart i Göteborgs stads fil (mappning_2018_2022.csv). geometri geo_overlap_2018_2022.csv: 14801106 (Centrum, Krokslätt, Norra) täcker 60.4 procent av det nya distriktet, 58.6 procent av det gamla ligger där, 2 källor över 5 procent;geometri + mappning_2018_2022.csv
14800427;Centrum, Krokslätt Södra;14801107;Centrum, Krokslätt, Södra;delad;ej markerad som jämförbar i kolumnen Jämförbart i Göteborgs stads fil (mappning_2018_2022.csv). geometri geo_overlap_2018_2022.csv: 14801107 (Centrum, Krokslätt, Södra) täcker 99.9 procent av det nya distriktet, 81.0 procent av det gamla ligger där, 1 källor över 5 procent;geometri + mappning_2018_2022.csv
14800428;Centrum, Fredriksdal;14801101;Centrum, Fredriksdal;identisk;Göteborgs stad jamforelser-2018-och-2022-valdistrikt-och-uppsamlingsdistrikt-v2.xlsx: kolumnen Jämförbart pekar på 2018-distrikt 14801101, geometri 99.8/99.8 procent. geometri geo_overlap_2018_2022.csv: 14801101 (Centrum, Fredriksdal) täcker 99.8 procent av det nya distriktet, 99.8 procent av det gamla ligger där, 1 källor över 5 procent;mappning_2018_2022.csv (Goteborgs stad) + geometri
14800429;Centrum, Framnäs;14801100;Centrum, Framnäs;identisk;Göteborgs stad jamforelser-2018-och-2022-valdistrikt-och-uppsamlingsdistrikt-v2.xlsx: kolumnen Jämförbart pekar på 2018-distrikt 14801100, geometri 100.0/100.0 procent. geometri geo_overlap_2018_2022.csv: 14801100 (Centrum, Framnäs) täcker 100.0 procent av det nya distriktet, 100.0 procent av det gamla ligger där, 1 källor över 5 procent;mappning_2018_2022.csv (Goteborgs stad) + geometri
14800430;Centrum, Mossen;14801108;Centrum, Mossen;identisk;Göteborgs stad jamforelser-2018-och-2022-valdistrikt-och-uppsamlingsdistrikt-v2.xlsx: kolumnen Jämförbart pekar på 2018-distrikt 14801108, geometri 99.9/100.0 procent. geometri geo_overlap_2018_2022.csv: 14801108 (Centrum, Mossen) täcker 99.9 procent av det nya distriktet, 100.0 procent av det gamla ligger där, 1 källor över 5 procent;mappning_2018_2022.csv (Goteborgs stad) + geometri
14800431;Centrum, Fridkullagatan m fl;14801102;Centrum, Fridkullagatan m fl;delad;ej markerad som jämförbar i kolumnen Jämförbart i Göteborgs stads fil (mappning_2018_2022.csv). geometri geo_overlap_2018_2022.csv: 14801102 (Centrum, Fridkullagatan m fl) täcker 100.0 procent av det nya distriktet, 93.9 procent av det gamla ligger där, 1 källor över 5 procent;geometri + mappning_2018_2022.csv
14800432;Centrum, Guldheden Östra;14801133;Centrum, Guldheden Östra;delad;ej markerad som jämförbar i kolumnen Jämförbart i Göteborgs stads fil (mappning_2018_2022.csv). geometri geo_overlap_2018_2022.csv: 14801133 (Centrum, Guldheden Östra) täcker 99.9 procent av det nya distriktet, 92.8 procent av det gamla ligger där, 1 källor över 5 procent;geometri + mappning_2018_2022.csv
14800433;Centrum, Doktor Forselius Backe m fl;14801131;Centrum, Doktor Forselius Backe m fl;omritad;ej markerad som jämförbar i kolumnen Jämförbart i Göteborgs stads fil (mappning_2018_2022.csv). geometri geo_overlap_2018_2022.csv: 14801131 (Centrum, Doktor Forselius Backe m fl) täcker 96.5 procent av det nya distriktet, 62.5 procent av det gamla ligger där, 1 källor över 5 procent;geometri + mappning_2018_2022.csv
14800434;Centrum, Guldheden Södra;14801136;Centrum, Guldheden, Södra;omritad;ej markerad som jämförbar i kolumnen Jämförbart i Göteborgs stads fil (mappning_2018_2022.csv). geometri geo_overlap_2018_2022.csv: 14801136 (Centrum, Guldheden, Södra) täcker 44.2 procent av det nya distriktet, 30.5 procent av det gamla ligger där, 3 källor över 5 procent;geometri + mappning_2018_2022.csv
14800435;Centrum, Guldheden Vattentornet;14801132;Centrum, Guldheden Vattentornet;delad;ej markerad som jämförbar i kolumnen Jämförbart i Göteborgs stads fil (mappning_2018_2022.csv). geometri geo_overlap_2018_2022.csv: 14801132 (Centrum, Guldheden Vattentornet) täcker 100.0 procent av det nya distriktet, 82.3 procent av det gamla ligger där, 1 källor över 5 procent;geometri + mappning_2018_2022.csv
14800436;Centrum, Doktor Fries Torg;14801136;Centrum, Guldheden, Södra;omritad;ej markerad som jämförbar i kolumnen Jämförbart i Göteborgs stads fil (mappning_2018_2022.csv). geometri geo_overlap_2018_2022.csv: 14801136 (Centrum, Guldheden, Södra) täcker 90.6 procent av det nya distriktet, 68.4 procent av det gamla ligger där, 2 källor över 5 procent;geometri + mappning_2018_2022.csv
14800437;Centrum, Guldheden Västra;14801134;Centrum, Guldheden, Centrala;namnbyte;Göteborgs stad jamforelser-2018-och-2022-valdistrikt-och-uppsamlingsdistrikt-v2.xlsx: kolumnen Jämförbart pekar på 2018-distrikt 14801134, geometri 100.0/97.8 procent. geometri geo_overlap_2018_2022.csv: 14801134 (Centrum, Guldheden, Centrala) täcker 100.0 procent av det nya distriktet, 97.8 procent av det gamla ligger där, 1 källor över 5 procent OBS geometrin är inte 1:1, 14801134 täcker 100.0 procent av 2022-distriktet och 97.8 procent av 2018-distriktet ligger där;mappning_2018_2022.csv (Goteborgs stad) + geometri
14800438;Centrum, Guldheden Norra;14801135;Centrum, Guldheden, Norra;identisk;Göteborgs stad jamforelser-2018-och-2022-valdistrikt-och-uppsamlingsdistrikt-v2.xlsx: kolumnen Jämförbart pekar på 2018-distrikt 14801135, geometri 98.8/100.0 procent. geometri geo_overlap_2018_2022.csv: 14801135 (Centrum, Guldheden, Norra) täcker 98.8 procent av det nya distriktet, 100.0 procent av det gamla ligger där, 1 källor över 5 procent;mappning_2018_2022.csv (Goteborgs stad) + geometri
14800439;Centrum, Landala Egnahem;14801137;Centrum, Landala Egnahem;identisk;Göteborgs stad jamforelser-2018-och-2022-valdistrikt-och-uppsamlingsdistrikt-v2.xlsx: kolumnen Jämförbart pekar på 2018-distrikt 14801137, geometri 99.5/96.2 procent. geometri geo_overlap_2018_2022.csv: 14801137 (Centrum, Landala Egnahem) täcker 99.5 procent av det nya distriktet, 96.2 procent av det gamla ligger där, 1 källor över 5 procent OBS geometrin är inte 1:1, 14801137 täcker 99.5 procent av 2022-distriktet och 96.2 procent av 2018-distriktet ligger där;mappning_2018_2022.csv (Goteborgs stad) + geometri
14800440;Centrum, Landalagången m fl;14801123;Centrum, Landalagången m fl;delad;ej markerad som jämförbar i kolumnen Jämförbart i Göteborgs stads fil (mappning_2018_2022.csv). geometri geo_overlap_2018_2022.csv: 14801123 (Centrum, Landalagången m fl) täcker 99.9 procent av det nya distriktet, 88.1 procent av det gamla ligger där, 1 källor över 5 procent;geometri + mappning_2018_2022.csv
14800441;Centrum, Johanneberg Västra;14801114;Centrum, Johanneberg, Västra;identisk;Göteborgs stad jamforelser-2018-och-2022-valdistrikt-och-uppsamlingsdistrikt-v2.xlsx: kolumnen Jämförbart pekar på 2018-distrikt 14801114, geometri 100.0/100.0 procent. geometri geo_overlap_2018_2022.csv: 14801114 (Centrum, Johanneberg, Västra) täcker 100.0 procent av det nya distriktet, 100.0 procent av det gamla ligger där, 1 källor över 5 procent;mappning_2018_2022.csv (Goteborgs stad) + geometri
14800442;Centrum, Johanneberg Nedre;14801113;Centrum, Johanneberg, Nedre;delad;ej markerad som jämförbar i kolumnen Jämförbart i Göteborgs stads fil (mappning_2018_2022.csv). geometri geo_overlap_2018_2022.csv: 14801113 (Centrum, Johanneberg, Nedre) täcker 100.0 procent av det nya distriktet, 57.5 procent av det gamla ligger där, 1 källor över 5 procent;geometri + mappning_2018_2022.csv
14800443;Centrum, Lorensberg;14801141;Centrum, Lorensberg;omritad;ej markerad som jämförbar i kolumnen Jämförbart i Göteborgs stads fil (mappning_2018_2022.csv). geometri geo_overlap_2018_2022.csv: 14801141 (Centrum, Lorensberg) täcker 87.9 procent av det nya distriktet, 63.2 procent av det gamla ligger där, 2 källor över 5 procent;geometri + mappning_2018_2022.csv
14800444;Centrum, Vasastaden Södra;14801121;Centrum, Landala;omritad;ej markerad som jämförbar i kolumnen Jämförbart i Göteborgs stads fil (mappning_2018_2022.csv). geometri geo_overlap_2018_2022.csv: 14801121 (Centrum, Landala) täcker 92.3 procent av det nya distriktet, 71.4 procent av det gamla ligger där, 2 källor över 5 procent;geometri + mappning_2018_2022.csv
14800445;Centrum, Kapellplatsen;14801121;Centrum, Landala;omritad;ej markerad som jämförbar i kolumnen Jämförbart i Göteborgs stads fil (mappning_2018_2022.csv). geometri geo_overlap_2018_2022.csv: 14801121 (Centrum, Landala) täcker 48.3 procent av det nya distriktet, 28.5 procent av det gamla ligger där, 3 källor över 5 procent;geometri + mappning_2018_2022.csv
14800446;Centrum, Landalabergen m fl;14801122;Centrum, Landalabergen m fl;omritad;ej markerad som jämförbar i kolumnen Jämförbart i Göteborgs stads fil (mappning_2018_2022.csv). geometri geo_overlap_2018_2022.csv: 14801122 (Centrum, Landalabergen m fl) täcker 96.9 procent av det nya distriktet, 88.1 procent av det gamla ligger där, 1 källor över 5 procent;geometri + mappning_2018_2022.csv
14800447;Centrum, Fogelbergsparken;14801151;Centrum, Fogelbergsparken;identisk;Göteborgs stad jamforelser-2018-och-2022-valdistrikt-och-uppsamlingsdistrikt-v2.xlsx: kolumnen Jämförbart pekar på 2018-distrikt 14801151, geometri 99.9/100.0 procent. geometri geo_overlap_2018_2022.csv: 14801151 (Centrum, Fogelbergsparken) täcker 99.9 procent av det nya distriktet, 100.0 procent av det gamla ligger där, 1 källor över 5 procent;mappning_2018_2022.csv (Goteborgs stad) + geometri
14800448;Centrum, Vasastaden Västra;14801154;Centrum, Vasastaden, Södra;namnbyte;Göteborgs stad jamforelser-2018-och-2022-valdistrikt-och-uppsamlingsdistrikt-v2.xlsx: kolumnen Jämförbart pekar på 2018-distrikt 14801154, geometri 99.9/93.5 procent. geometri geo_overlap_2018_2022.csv: 14801154 (Centrum, Vasastaden, Södra) täcker 99.9 procent av det nya distriktet, 93.5 procent av det gamla ligger där, 1 källor över 5 procent OBS geometrin är inte 1:1, 14801154 täcker 99.9 procent av 2022-distriktet och 93.5 procent av 2018-distriktet ligger där;mappning_2018_2022.csv (Goteborgs stad) + geometri
14800449;Centrum, Vasastaden Östra;14801155;Centrum, Vasastaden, Östra;delad;ej markerad som jämförbar i kolumnen Jämförbart i Göteborgs stads fil (mappning_2018_2022.csv). geometri geo_overlap_2018_2022.csv: 14801155 (Centrum, Vasastaden, Östra) täcker 100.0 procent av det nya distriktet, 79.7 procent av det gamla ligger där, 1 källor över 5 procent;geometri + mappning_2018_2022.csv
14800450;Centrum, Valand;14801152;Centrum, Valand;omritad;ej markerad som jämförbar i kolumnen Jämförbart i Göteborgs stads fil (mappning_2018_2022.csv). geometri geo_overlap_2018_2022.csv: 14801152 (Centrum, Valand) täcker 81.2 procent av det nya distriktet, 72.8 procent av det gamla ligger där, 2 källor över 5 procent;geometri + mappning_2018_2022.csv
14800451;Centrum, Vasastaden Norra;14801153;Centrum, Vasastaden, Norra;delad;ej markerad som jämförbar i kolumnen Jämförbart i Göteborgs stads fil (mappning_2018_2022.csv). geometri geo_overlap_2018_2022.csv: 14801153 (Centrum, Vasastaden, Norra) täcker 100.0 procent av det nya distriktet, 78.0 procent av det gamla ligger där, 1 källor över 5 procent;geometri + mappning_2018_2022.csv
14800501;Västra Centrum, Långgatorna;14801094;Majorna-Linné, Långgatorna;identisk;Göteborgs stad jamforelser-2018-och-2022-valdistrikt-och-uppsamlingsdistrikt-v2.xlsx: kolumnen Jämförbart pekar på 2018-distrikt 14801094, geometri 100.0/100.0 procent. geometri geo_overlap_2018_2022.csv: 14801094 (Majorna-Linné, Långgatorna) täcker 100.0 procent av det nya distriktet, 100.0 procent av det gamla ligger där, 1 källor över 5 procent;mappning_2018_2022.csv (Goteborgs stad) + geometri
14800502;Västra Centrum, Masthuggstorget;14801053;Majorna-Linné, Masthuggstorget;identisk;Göteborgs stad jamforelser-2018-och-2022-valdistrikt-och-uppsamlingsdistrikt-v2.xlsx: kolumnen Jämförbart pekar på 2018-distrikt 14801053, geometri 100.0/98.3 procent. geometri geo_overlap_2018_2022.csv: 14801053 (Majorna-Linné, Masthuggstorget) täcker 100.0 procent av det nya distriktet, 98.3 procent av det gamla ligger där, 1 källor över 5 procent;mappning_2018_2022.csv (Goteborgs stad) + geometri
14800503;Västra Centrum, Stigberget;14801057;Majorna-Linné, Stigberget;identisk;Göteborgs stad jamforelser-2018-och-2022-valdistrikt-och-uppsamlingsdistrikt-v2.xlsx: kolumnen Jämförbart pekar på 2018-distrikt 14801057, geometri 100.0/100.0 procent. geometri geo_overlap_2018_2022.csv: 14801057 (Majorna-Linné, Stigberget) täcker 100.0 procent av det nya distriktet, 100.0 procent av det gamla ligger där, 1 källor över 5 procent;mappning_2018_2022.csv (Goteborgs stad) + geometri
14800504;Västra Centrum, Masthugget Övre;14801052;Majorna-Linné, Masthugget, Övre;delad;ej markerad som jämförbar i kolumnen Jämförbart i Göteborgs stads fil (mappning_2018_2022.csv). geometri geo_overlap_2018_2022.csv: 14801052 (Majorna-Linné, Masthugget, Övre) täcker 100.0 procent av det nya distriktet, 93.6 procent av det gamla ligger där, 1 källor över 5 procent;geometri + mappning_2018_2022.csv
14800505;Västra Centrum, Masthugget Nedre;14801051;Majorna-Linné, Masthugget, Nedre;omritad;ej markerad som jämförbar i kolumnen Jämförbart i Göteborgs stads fil (mappning_2018_2022.csv). geometri geo_overlap_2018_2022.csv: 14801051 (Majorna-Linné, Masthugget, Nedre) täcker 91.2 procent av det nya distriktet, 100.0 procent av det gamla ligger där, 2 källor över 5 procent;geometri + mappning_2018_2022.csv
14800506;Västra Centrum, Oscar Fredrik;14801054;Majorna-Linné, Oscar Fredrik;omritad;ej markerad som jämförbar i kolumnen Jämförbart i Göteborgs stads fil (mappning_2018_2022.csv). geometri geo_overlap_2018_2022.csv: 14801054 (Majorna-Linné, Oscar Fredrik) täcker 94.7 procent av det nya distriktet, 100.0 procent av det gamla ligger där, 2 källor över 5 procent;geometri + mappning_2018_2022.csv
14800507;Västra Centrum, Sjömansgatan m fl;14801055;Majorna-Linné, Sjömansgatan m fl;identisk;Göteborgs stad jamforelser-2018-och-2022-valdistrikt-och-uppsamlingsdistrikt-v2.xlsx: kolumnen Jämförbart pekar på 2018-distrikt 14801055, geometri 99.9/100.0 procent. geometri geo_overlap_2018_2022.csv: 14801055 (Majorna-Linné, Sjömansgatan m fl) täcker 99.9 procent av det nya distriktet, 100.0 procent av det gamla ligger där, 1 källor över 5 procent;mappning_2018_2022.csv (Goteborgs stad) + geometri
14800508;Västra Centrum, Vegastaden;14801058;Majorna-Linné, Vegastaden;delad;ej markerad som jämförbar i kolumnen Jämförbart i Göteborgs stads fil (mappning_2018_2022.csv). geometri geo_overlap_2018_2022.csv: 14801058 (Majorna-Linné, Vegastaden) täcker 100.0 procent av det nya distriktet, 87.8 procent av det gamla ligger där, 1 källor över 5 procent;geometri + mappning_2018_2022.csv
14800509;Västra Centrum, Slottsskogen;14801056;Majorna-Linné, Slottsskogen;identisk;Göteborgs stad jamforelser-2018-och-2022-valdistrikt-och-uppsamlingsdistrikt-v2.xlsx: kolumnen Jämförbart pekar på 2018-distrikt 14801056, geometri 100.0/100.0 procent. geometri geo_overlap_2018_2022.csv: 14801056 (Majorna-Linné, Slottsskogen) täcker 100.0 procent av det nya distriktet, 100.0 procent av det gamla ligger där, 1 källor över 5 procent;mappning_2018_2022.csv (Goteborgs stad) + geometri
14800510;Västra Centrum, Linnéplatsen;14801093;Majorna-Linné, Linnéplatsen;delad;ej markerad som jämförbar i kolumnen Jämförbart i Göteborgs stads fil (mappning_2018_2022.csv). geometri geo_overlap_2018_2022.csv: 14801093 (Majorna-Linné, Linnéplatsen) täcker 100.0 procent av det nya distriktet, 79.5 procent av det gamla ligger där, 1 källor över 5 procent;geometri + mappning_2018_2022.csv
14800511;Västra Centrum, Sveaplan;14801098;Majorna-Linné, Sveaplan;delad;ej markerad som jämförbar i kolumnen Jämförbart i Göteborgs stads fil (mappning_2018_2022.csv). geometri geo_overlap_2018_2022.csv: 14801098 (Majorna-Linné, Sveaplan) täcker 99.4 procent av det nya distriktet, 69.3 procent av det gamla ligger där, 1 källor över 5 procent;geometri + mappning_2018_2022.csv
14800512;Västra Centrum, Kommendantsängen;14801097;Majorna-Linné, Risåsen;omritad;ej markerad som jämförbar i kolumnen Jämförbart i Göteborgs stads fil (mappning_2018_2022.csv). geometri geo_overlap_2018_2022.csv: 14801097 (Majorna-Linné, Risåsen) täcker 39.1 procent av det nya distriktet, 23.4 procent av det gamla ligger där, 3 källor över 5 procent;geometri + mappning_2018_2022.csv
14800513;Västra Centrum, Linné;14801092;Majorna-Linné, Linné;omritad;ej markerad som jämförbar i kolumnen Jämförbart i Göteborgs stads fil (mappning_2018_2022.csv). geometri geo_overlap_2018_2022.csv: 14801092 (Majorna-Linné, Linné) täcker 52.0 procent av det nya distriktet, 35.4 procent av det gamla ligger där, 3 källor över 5 procent;geometri + mappning_2018_2022.csv
14800514;Västra Centrum, Nordhem;14801092;Majorna-Linné, Linné;omritad;ej markerad som jämförbar i kolumnen Jämförbart i Göteborgs stads fil (mappning_2018_2022.csv). geometri geo_overlap_2018_2022.csv: 14801092 (Majorna-Linné, Linné) täcker 60.3 procent av det nya distriktet, 64.6 procent av det gamla ligger där, 2 källor över 5 procent;geometri + mappning_2018_2022.csv
14800515;Västra Centrum, Risåsen;14801097;Majorna-Linné, Risåsen;omritad;ej markerad som jämförbar i kolumnen Jämförbart i Göteborgs stads fil (mappning_2018_2022.csv). geometri geo_overlap_2018_2022.csv: 14801097 (Majorna-Linné, Risåsen) täcker 55.1 procent av det nya distriktet, 56.7 procent av det gamla ligger där, 2 källor över 5 procent;geometri + mappning_2018_2022.csv
14800516;Västra Centrum, Olivedal;14801095;Majorna-Linné, Olivedal;omritad;ej markerad som jämförbar i kolumnen Jämförbart i Göteborgs stads fil (mappning_2018_2022.csv). geometri geo_overlap_2018_2022.csv: 14801095 (Majorna-Linné, Olivedal) täcker 81.5 procent av det nya distriktet, 63.6 procent av det gamla ligger där, 2 källor över 5 procent;geometri + mappning_2018_2022.csv
14800517;Västra Centrum, Plantagegatan m fl;14801096;Majorna-Linné, Plantagegatan, m fl;identisk;Göteborgs stad jamforelser-2018-och-2022-valdistrikt-och-uppsamlingsdistrikt-v2.xlsx: kolumnen Jämförbart pekar på 2018-distrikt 14801096, geometri 100.0/100.0 procent. geometri geo_overlap_2018_2022.csv: 14801096 (Majorna-Linné, Plantagegatan, m fl) täcker 100.0 procent av det nya distriktet, 100.0 procent av det gamla ligger där, 1 källor över 5 procent;mappning_2018_2022.csv (Goteborgs stad) + geometri
14800518;Västra Centrum, Skansberget;14801073;Majorna-Linné, Skansberget;identisk;Göteborgs stad jamforelser-2018-och-2022-valdistrikt-och-uppsamlingsdistrikt-v2.xlsx: kolumnen Jämförbart pekar på 2018-distrikt 14801073, geometri 100.0/100.0 procent. geometri geo_overlap_2018_2022.csv: 14801073 (Majorna-Linné, Skansberget) täcker 100.0 procent av det nya distriktet, 100.0 procent av det gamla ligger där, 1 källor över 5 procent;mappning_2018_2022.csv (Goteborgs stad) + geometri
14800519;Västra Centrum, Haga Västra;14801071;Majorna-Linné, Haga Västra;identisk;Göteborgs stad jamforelser-2018-och-2022-valdistrikt-och-uppsamlingsdistrikt-v2.xlsx: kolumnen Jämförbart pekar på 2018-distrikt 14801071, geometri 100.0/100.0 procent. geometri geo_overlap_2018_2022.csv: 14801071 (Majorna-Linné, Haga Västra) täcker 100.0 procent av det nya distriktet, 100.0 procent av det gamla ligger där, 1 källor över 5 procent;mappning_2018_2022.csv (Goteborgs stad) + geometri
14800520;Västra Centrum, Haga Östra;14801072;Majorna-Linné, Haga Östra;identisk;Göteborgs stad jamforelser-2018-och-2022-valdistrikt-och-uppsamlingsdistrikt-v2.xlsx: kolumnen Jämförbart pekar på 2018-distrikt 14801072, geometri 100.0/100.0 procent. geometri geo_overlap_2018_2022.csv: 14801072 (Majorna-Linné, Haga Östra) täcker 100.0 procent av det nya distriktet, 100.0 procent av det gamla ligger där, 1 källor över 5 procent;mappning_2018_2022.csv (Goteborgs stad) + geometri
14800521;Västra Centrum, Nilssonsberg Västra;14801083;Majorna-Linné, Nilssonsberg;omritad;ej markerad som jämförbar i kolumnen Jämförbart i Göteborgs stads fil (mappning_2018_2022.csv). geometri geo_overlap_2018_2022.csv: 14801083 (Majorna-Linné, Nilssonsberg) täcker 74.8 procent av det nya distriktet, 62.0 procent av det gamla ligger där, 2 källor över 5 procent;geometri + mappning_2018_2022.csv
14800522;Västra Centrum, Nilssonsberg Östra;14801081;Majorna-Linné, Annedal, Norra;omritad;ej markerad som jämförbar i kolumnen Jämförbart i Göteborgs stads fil (mappning_2018_2022.csv). geometri geo_overlap_2018_2022.csv: 14801081 (Majorna-Linné, Annedal, Norra) täcker 69.9 procent av det nya distriktet, 57.0 procent av det gamla ligger där, 2 källor över 5 procent;geometri + mappning_2018_2022.csv
14800523;Västra Centrum, Annedal Östra;14801081;Majorna-Linné, Annedal, Norra;omritad;ej markerad som jämförbar i kolumnen Jämförbart i Göteborgs stads fil (mappning_2018_2022.csv). geometri geo_overlap_2018_2022.csv: 14801081 (Majorna-Linné, Annedal, Norra) täcker 71.4 procent av det nya distriktet, 42.8 procent av det gamla ligger där, 2 källor över 5 procent;geometri + mappning_2018_2022.csv
14800524;Västra Centrum, Annedal Västra;14801061;Majorna-Linné, Änggården;omritad;ej markerad som jämförbar i kolumnen Jämförbart i Göteborgs stads fil (mappning_2018_2022.csv). geometri geo_overlap_2018_2022.csv: 14801061 (Majorna-Linné, Änggården) täcker 72.1 procent av det nya distriktet, 6.2 procent av det gamla ligger där, 2 källor över 5 procent;geometri + mappning_2018_2022.csv
14800525;Västra Centrum, Änggården;14801061;Majorna-Linné, Änggården;delad;ej markerad som jämförbar i kolumnen Jämförbart i Göteborgs stads fil (mappning_2018_2022.csv). geometri geo_overlap_2018_2022.csv: 14801061 (Majorna-Linné, Änggården) täcker 100.0 procent av det nya distriktet, 93.8 procent av det gamla ligger där, 1 källor över 5 procent;geometri + mappning_2018_2022.csv
14800526;Västra Centrum, Svalebo;14801017;Majorna-Linné, Svalebo;identisk;Göteborgs stad jamforelser-2018-och-2022-valdistrikt-och-uppsamlingsdistrikt-v2.xlsx: kolumnen Jämförbart pekar på 2018-distrikt 14801017, geometri 100.0/97.0 procent. geometri geo_overlap_2018_2022.csv: 14801017 (Majorna-Linné, Svalebo) täcker 100.0 procent av det nya distriktet, 97.0 procent av det gamla ligger där, 1 källor över 5 procent OBS geometrin är inte 1:1, 14801017 täcker 100.0 procent av 2022-distriktet och 97.0 procent av 2018-distriktet ligger där;mappning_2018_2022.csv (Goteborgs stad) + geometri
14800527;Västra Centrum, Skytteskogen;14801016;Majorna-Linné, Skytteskogen;omritad;ej markerad som jämförbar i kolumnen Jämförbart i Göteborgs stads fil (mappning_2018_2022.csv). geometri geo_overlap_2018_2022.csv: 14801016 (Majorna-Linné, Skytteskogen) täcker 96.9 procent av det nya distriktet, 91.6 procent av det gamla ligger där, 1 källor över 5 procent;geometri + mappning_2018_2022.csv
14800528;Västra Centrum, Kungsladugård Östra;14801014;Majorna-Linné, Kungsladugård, Östra;omritad;ej markerad som jämförbar i kolumnen Jämförbart i Göteborgs stads fil (mappning_2018_2022.csv). geometri geo_overlap_2018_2022.csv: 14801014 (Majorna-Linné, Kungsladugård, Östra) täcker 84.4 procent av det nya distriktet, 91.5 procent av det gamla ligger där, 2 källor över 5 procent;geometri + mappning_2018_2022.csv
14800529;Västra Centrum, Kungsladugård Västra;14801013;Majorna-Linné, Kungsladugård, Västra;omritad;ej markerad som jämförbar i kolumnen Jämförbart i Göteborgs stads fil (mappning_2018_2022.csv). geometri geo_overlap_2018_2022.csv: 14801013 (Majorna-Linné, Kungsladugård, Västra) täcker 78.1 procent av det nya distriktet, 71.5 procent av det gamla ligger där, 3 källor över 5 procent;geometri + mappning_2018_2022.csv
14800530;Västra Centrum, Mariaplan;14801011;Majorna-Linné, Gröna Vallen;omritad;ej markerad som jämförbar i kolumnen Jämförbart i Göteborgs stads fil (mappning_2018_2022.csv). geometri geo_overlap_2018_2022.csv: 14801011 (Majorna-Linné, Gröna Vallen) täcker 52.1 procent av det nya distriktet, 47.7 procent av det gamla ligger där, 3 källor över 5 procent;geometri + mappning_2018_2022.csv
14800531;Västra Centrum, Silverkällan;14801015;Majorna-Linné, Mariaplan;omritad;ej markerad som jämförbar i kolumnen Jämförbart i Göteborgs stads fil (mappning_2018_2022.csv). geometri geo_overlap_2018_2022.csv: 14801015 (Majorna-Linné, Mariaplan) täcker 87.0 procent av det nya distriktet, 68.7 procent av det gamla ligger där, 2 källor över 5 procent;geometri + mappning_2018_2022.csv
14800532;Västra Centrum, Sannaplan;14801022;Majorna-Linné, Silverkällan;omritad;ej markerad som jämförbar i kolumnen Jämförbart i Göteborgs stads fil (mappning_2018_2022.csv). geometri geo_overlap_2018_2022.csv: 14801022 (Majorna-Linné, Silverkällan) täcker 86.4 procent av det nya distriktet, 93.2 procent av det gamla ligger där, 3 källor över 5 procent;geometri + mappning_2018_2022.csv
14800533;Västra Centrum, Sandarne;14801021;Majorna-Linné, Sandarne;omritad;ej markerad som jämförbar i kolumnen Jämförbart i Göteborgs stads fil (mappning_2018_2022.csv). geometri geo_overlap_2018_2022.csv: 14801021 (Majorna-Linné, Sandarne) täcker 100.0 procent av det nya distriktet, 98.4 procent av det gamla ligger där, 1 källor över 5 procent OBS geometrin är i praktiken 1:1 (14801021 täcker 100.0 procent av 2022-distriktet, 98.4 procent av 2018-distriktet ligger där) trots att källan inte markerar distriktet som jämförbart;geometri + mappning_2018_2022.csv
14800534;Västra Centrum, Klippan;14801012;Majorna-Linné, Klippan;omritad;ej markerad som jämförbar i kolumnen Jämförbart i Göteborgs stads fil (mappning_2018_2022.csv). geometri geo_overlap_2018_2022.csv: 14801012 (Majorna-Linné, Klippan) täcker 97.8 procent av det nya distriktet, 98.6 procent av det gamla ligger där, 1 källor över 5 procent;geometri + mappning_2018_2022.csv
14800535;Västra Centrum, Gröna Vallen;14801011;Majorna-Linné, Gröna Vallen;omritad;ej markerad som jämförbar i kolumnen Jämförbart i Göteborgs stads fil (mappning_2018_2022.csv). geometri geo_overlap_2018_2022.csv: 14801011 (Majorna-Linné, Gröna Vallen) täcker 89.3 procent av det nya distriktet, 49.9 procent av det gamla ligger där, 2 källor över 5 procent;geometri + mappning_2018_2022.csv
14800536;Västra Centrum, Kusttorget;14801036;Majorna-Linné, Majorna;namnbyte;Göteborgs stad jamforelser-2018-och-2022-valdistrikt-och-uppsamlingsdistrikt-v2.xlsx: kolumnen Jämförbart pekar på 2018-distrikt 14801036, geometri 100.0/100.0 procent. geometri geo_overlap_2018_2022.csv: 14801036 (Majorna-Linné, Majorna) täcker 100.0 procent av det nya distriktet, 100.0 procent av det gamla ligger där, 1 källor över 5 procent;mappning_2018_2022.csv (Goteborgs stad) + geometri
14800537;Västra Centrum, Chapmans Torg;14801031;Majorna-Linné, Chapmans Torg;identisk;Göteborgs stad jamforelser-2018-och-2022-valdistrikt-och-uppsamlingsdistrikt-v2.xlsx: kolumnen Jämförbart pekar på 2018-distrikt 14801031, geometri 100.0/100.0 procent. geometri geo_overlap_2018_2022.csv: 14801031 (Majorna-Linné, Chapmans Torg) täcker 100.0 procent av det nya distriktet, 100.0 procent av det gamla ligger där, 1 källor över 5 procent;mappning_2018_2022.csv (Goteborgs stad) + geometri
14800538;Västra Centrum, Slottsskogsgat. m fl;14801038;Majorna-Linné, Slottsskogsgatan m fl;namnbyte;Göteborgs stad jamforelser-2018-och-2022-valdistrikt-och-uppsamlingsdistrikt-v2.xlsx: kolumnen Jämförbart pekar på 2018-distrikt 14801038, geometri 92.0/100.0 procent. geometri geo_overlap_2018_2022.csv: 14801038 (Majorna-Linné, Slottsskogsgatan m fl) täcker 92.0 procent av det nya distriktet, 100.0 procent av det gamla ligger där, 1 källor över 5 procent OBS geometrin är inte 1:1, 14801038 täcker 92.0 procent av 2022-distriktet och 100.0 procent av 2018-distriktet ligger där;mappning_2018_2022.csv (Goteborgs stad) + geometri
14800539;Västra Centrum, Gråberget Västra;14801034;Majorna-Linné, Gråberget, Östra;namnbyte;Göteborgs stad jamforelser-2018-och-2022-valdistrikt-och-uppsamlingsdistrikt-v2.xlsx: kolumnen Jämförbart pekar på 2018-distrikt 14801034, geometri 100.0/83.5 procent. geometri geo_overlap_2018_2022.csv: 14801034 (Majorna-Linné, Gråberget, Östra) täcker 100.0 procent av det nya distriktet, 83.5 procent av det gamla ligger där, 1 källor över 5 procent OBS geometrin är inte 1:1, 14801034 täcker 100.0 procent av 2022-distriktet och 83.5 procent av 2018-distriktet ligger där;mappning_2018_2022.csv (Goteborgs stad) + geometri
14800540;Västra Centrum, Gråberget Östra;14801033;Majorna-Linné, Gråberget, Västra;omritad;ej markerad som jämförbar i kolumnen Jämförbart i Göteborgs stads fil (mappning_2018_2022.csv). geometri geo_overlap_2018_2022.csv: 14801033 (Majorna-Linné, Gråberget, Västra) täcker 87.2 procent av det nya distriktet, 100.0 procent av det gamla ligger där, 2 källor över 5 procent;geometri + mappning_2018_2022.csv
14800541;Västra Centrum, Godhem;14801032;Majorna-Linné, Godhem;identisk;Göteborgs stad jamforelser-2018-och-2022-valdistrikt-och-uppsamlingsdistrikt-v2.xlsx: kolumnen Jämförbart pekar på 2018-distrikt 14801032, geometri 95.3/94.4 procent. geometri geo_overlap_2018_2022.csv: 14801032 (Majorna-Linné, Godhem) täcker 95.3 procent av det nya distriktet, 94.4 procent av det gamla ligger där, 1 källor över 5 procent OBS geometrin är inte 1:1, 14801032 täcker 95.3 procent av 2022-distriktet och 94.4 procent av 2018-distriktet ligger där;mappning_2018_2022.csv (Goteborgs stad) + geometri
14800542;Västra Centrum, Marieberg;14801037;Majorna-Linné, Marieberg;omritad;ej markerad som jämförbar i kolumnen Jämförbart i Göteborgs stads fil (mappning_2018_2022.csv). geometri geo_overlap_2018_2022.csv: 14801037 (Majorna-Linné, Marieberg) täcker 94.8 procent av det nya distriktet, 94.6 procent av det gamla ligger där, 2 källor över 5 procent;geometri + mappning_2018_2022.csv
14800543;Västra Centrum, Klareborgsgatan m fl;14801044;Majorna-Linné, Klareborgsgatan m fl;omritad;ej markerad som jämförbar i kolumnen Jämförbart i Göteborgs stads fil (mappning_2018_2022.csv). geometri geo_overlap_2018_2022.csv: 14801044 (Majorna-Linné, Klareborgsgatan m fl) täcker 73.4 procent av det nya distriktet, 93.4 procent av det gamla ligger där, 2 källor över 5 procent;geometri + mappning_2018_2022.csv
14800544;Västra Centrum, Karl Johan;14801043;Majorna-Linné, Karl Johans torg;delad;ej markerad som jämförbar i kolumnen Jämförbart i Göteborgs stads fil (mappning_2018_2022.csv). geometri geo_overlap_2018_2022.csv: 14801043 (Majorna-Linné, Karl Johans torg) täcker 100.0 procent av det nya distriktet, 79.5 procent av det gamla ligger där, 1 källor över 5 procent;geometri + mappning_2018_2022.csv
14800545;Västra Centrum, Söderlingska Ängen;14801045;Majorna-Linné, Söderlingska ängen;omritad;ej markerad som jämförbar i kolumnen Jämförbart i Göteborgs stads fil (mappning_2018_2022.csv). geometri geo_overlap_2018_2022.csv: 14801045 (Majorna-Linné, Söderlingska ängen) täcker 98.4 procent av det nya distriktet, 100.0 procent av det gamla ligger där, 1 källor över 5 procent OBS geometrin är i praktiken 1:1 (14801045 täcker 98.4 procent av 2022-distriktet, 100.0 procent av 2018-distriktet ligger där) trots att källan inte markerar distriktet som jämförbart;geometri + mappning_2018_2022.csv
14800546;Västra Centrum, Kommendörsgatan m fl;14801041;Majorna-Linné, Djurgårdsgatan m fl;namnbyte;Göteborgs stad jamforelser-2018-och-2022-valdistrikt-och-uppsamlingsdistrikt-v2.xlsx: kolumnen Jämförbart pekar på 2018-distrikt 14801041, geometri 95.2/100.0 procent. geometri geo_overlap_2018_2022.csv: 14801041 (Majorna-Linné, Djurgårdsgatan m fl) täcker 95.2 procent av det nya distriktet, 100.0 procent av det gamla ligger där, 1 källor över 5 procent OBS geometrin är inte 1:1, 14801041 täcker 95.2 procent av 2022-distriktet och 100.0 procent av 2018-distriktet ligger där;mappning_2018_2022.csv (Goteborgs stad) + geometri
14800547;Västra Centrum, Hängmattan;14801035;Majorna-Linné, Hängmattan;identisk;Göteborgs stad jamforelser-2018-och-2022-valdistrikt-och-uppsamlingsdistrikt-v2.xlsx: kolumnen Jämförbart pekar på 2018-distrikt 14801035, geometri 100.0/100.0 procent. geometri geo_overlap_2018_2022.csv: 14801035 (Majorna-Linné, Hängmattan) täcker 100.0 procent av det nya distriktet, 100.0 procent av det gamla ligger där, 1 källor över 5 procent;mappning_2018_2022.csv (Goteborgs stad) + geometri
14800548;Västra Centrum, Gatenhielmska;14801042;Majorna-Linné, Gatenhielmska;identisk;Göteborgs stad jamforelser-2018-och-2022-valdistrikt-och-uppsamlingsdistrikt-v2.xlsx: kolumnen Jämförbart pekar på 2018-distrikt 14801042, geometri 100.0/100.0 procent. geometri geo_overlap_2018_2022.csv: 14801042 (Majorna-Linné, Gatenhielmska) täcker 100.0 procent av det nya distriktet, 100.0 procent av det gamla ligger där, 1 källor över 5 procent;mappning_2018_2022.csv (Goteborgs stad) + geometri
14800601;Sydvästra Göteborg, Högsbohöjd Norra;14805111;Askim-Frölunda-Högsbo, Högsbohöjd, N;delad;ej markerad som jämförbar i kolumnen Jämförbart i Göteborgs stads fil (mappning_2018_2022.csv). geometri geo_overlap_2018_2022.csv: 14805111 (Askim-Frölunda-Högsbo, Högsbohöjd, N) täcker 99.9 procent av det nya distriktet, 71.4 procent av det gamla ligger där, 1 källor över 5 procent;geometri + mappning_2018_2022.csv
14800602;Sydvästra Göteborg, Högsbohöjd Södra;14805112;Askim-Frölunda-Högsbo, Högsbohöjd, S;omritad;ej markerad som jämförbar i kolumnen Jämförbart i Göteborgs stads fil (mappning_2018_2022.csv). geometri geo_overlap_2018_2022.csv: 14805112 (Askim-Frölunda-Högsbo, Högsbohöjd, S) täcker 67.9 procent av det nya distriktet, 46.3 procent av det gamla ligger där, 2 källor över 5 procent;geometri + mappning_2018_2022.csv
14800603;Sydvästra Göteborg, Högsbohöjd Östra;14805112;Askim-Frölunda-Högsbo, Högsbohöjd, S;omritad;ej markerad som jämförbar i kolumnen Jämförbart i Göteborgs stads fil (mappning_2018_2022.csv). geometri geo_overlap_2018_2022.csv: 14805112 (Askim-Frölunda-Högsbo, Högsbohöjd, S) täcker 63.7 procent av det nya distriktet, 53.6 procent av det gamla ligger där, 2 källor över 5 procent;geometri + mappning_2018_2022.csv
14800604;Sydvästra Göteborg, Högsbotorp V;14805123;Askim-Frölunda-Högsbo, Högsbotorp, V;delad;ej markerad som jämförbar i kolumnen Jämförbart i Göteborgs stads fil (mappning_2018_2022.csv). geometri geo_overlap_2018_2022.csv: 14805123 (Askim-Frölunda-Högsbo, Högsbotorp, V) täcker 100.0 procent av det nya distriktet, 67.0 procent av det gamla ligger där, 1 källor över 5 procent;geometri + mappning_2018_2022.csv
14800605;Sydvästra Göteborg, Högsbotorp S;14805122;Askim-Frölunda-Högsbo, Högsbotorp, S;omritad;ej markerad som jämförbar i kolumnen Jämförbart i Göteborgs stads fil (mappning_2018_2022.csv). geometri geo_overlap_2018_2022.csv: 14805122 (Askim-Frölunda-Högsbo, Högsbotorp, S) täcker 81.7 procent av det nya distriktet, 75.6 procent av det gamla ligger där, 2 källor över 5 procent;geometri + mappning_2018_2022.csv
14800606;Sydvästra Göteborg, Högsbo;14805121;Askim-Frölunda-Högsbo, Högsbo;omritad;ej markerad som jämförbar i kolumnen Jämförbart i Göteborgs stads fil (mappning_2018_2022.csv). geometri geo_overlap_2018_2022.csv: 14805121 (Askim-Frölunda-Högsbo, Högsbo) täcker 76.7 procent av det nya distriktet, 72.7 procent av det gamla ligger där, 2 källor över 5 procent;geometri + mappning_2018_2022.csv
14800607;Sydvästra Göteborg, Högsbotorp Östra;14805124;Askim-Frölunda-Högsbo, Högsbotorp, Ö;delad;ej markerad som jämförbar i kolumnen Jämförbart i Göteborgs stads fil (mappning_2018_2022.csv). geometri geo_overlap_2018_2022.csv: 14805124 (Askim-Frölunda-Högsbo, Högsbotorp, Ö) täcker 100.0 procent av det nya distriktet, 75.4 procent av det gamla ligger där, 1 källor över 5 procent;geometri + mappning_2018_2022.csv
14800608;Sydvästra Göteborg, Marklandsgatan;14805125;Askim-Frölunda-Högsbo, Marklandsgat.;omritad;ej markerad som jämförbar i kolumnen Jämförbart i Göteborgs stads fil (mappning_2018_2022.csv). geometri geo_overlap_2018_2022.csv: 14805125 (Askim-Frölunda-Högsbo, Marklandsgat.) täcker 95.0 procent av det nya distriktet, 90.2 procent av det gamla ligger där, 1 källor över 5 procent;geometri + mappning_2018_2022.csv
14800609;Sydvästra Göteborg, Kapplandsgatan;14805121;Askim-Frölunda-Högsbo, Högsbo;omritad;ej markerad som jämförbar i kolumnen Jämförbart i Göteborgs stads fil (mappning_2018_2022.csv). geometri geo_overlap_2018_2022.csv: 14805121 (Askim-Frölunda-Högsbo, Högsbo) täcker 44.7 procent av det nya distriktet, 27.3 procent av det gamla ligger där, 3 källor över 5 procent;geometri + mappning_2018_2022.csv
14800610;Sydvästra Göteborg, Flatås Västra;14805102;Askim-Frölunda-Högsbo, Flatås, V;namnbyte;Göteborgs stad jamforelser-2018-och-2022-valdistrikt-och-uppsamlingsdistrikt-v2.xlsx: kolumnen Jämförbart pekar på 2018-distrikt 14805102, geometri 100.0/99.9 procent. geometri geo_overlap_2018_2022.csv: 14805102 (Askim-Frölunda-Högsbo, Flatås, V) täcker 100.0 procent av det nya distriktet, 99.9 procent av det gamla ligger där, 1 källor över 5 procent;mappning_2018_2022.csv (Goteborgs stad) + geometri
14800611;Sydvästra Göteborg, Flatås Södra;14805101;Askim-Frölunda-Högsbo, Flatås, S;namnbyte;Göteborgs stad jamforelser-2018-och-2022-valdistrikt-och-uppsamlingsdistrikt-v2.xlsx: kolumnen Jämförbart pekar på 2018-distrikt 14805101, geometri 100.0/100.0 procent. geometri geo_overlap_2018_2022.csv: 14805101 (Askim-Frölunda-Högsbo, Flatås, S) täcker 100.0 procent av det nya distriktet, 100.0 procent av det gamla ligger där, 1 källor över 5 procent;mappning_2018_2022.csv (Goteborgs stad) + geometri
14800612;Sydvästra Göteborg, Kaverös Norra;14805091;Askim-Frölunda-Högsbo, Kaverös, N;delad;ej markerad som jämförbar i kolumnen Jämförbart i Göteborgs stads fil (mappning_2018_2022.csv). geometri geo_overlap_2018_2022.csv: 14805091 (Askim-Frölunda-Högsbo, Kaverös, N) täcker 100.0 procent av det nya distriktet, 77.6 procent av det gamla ligger där, 1 källor över 5 procent;geometri + mappning_2018_2022.csv
14800613;Sydvästra Göteborg, Kavås;14805093;Askim-Frölunda-Högsbo, Kavås;identisk;Göteborgs stad jamforelser-2018-och-2022-valdistrikt-och-uppsamlingsdistrikt-v2.xlsx: kolumnen Jämförbart pekar på 2018-distrikt 14805093, geometri 98.4/100.0 procent. geometri geo_overlap_2018_2022.csv: 14805093 (Askim-Frölunda-Högsbo, Kavås) täcker 98.4 procent av det nya distriktet, 100.0 procent av det gamla ligger där, 1 källor över 5 procent;mappning_2018_2022.csv (Goteborgs stad) + geometri
14800614;Sydvästra Göteborg, Kaverös Södra;14805092;Askim-Frölunda-Högsbo, Kaverös, S;namnbyte;Göteborgs stad jamforelser-2018-och-2022-valdistrikt-och-uppsamlingsdistrikt-v2.xlsx: kolumnen Jämförbart pekar på 2018-distrikt 14805092, geometri 100.0/100.0 procent. geometri geo_overlap_2018_2022.csv: 14805092 (Askim-Frölunda-Högsbo, Kaverös, S) täcker 100.0 procent av det nya distriktet, 100.0 procent av det gamla ligger där, 1 källor över 5 procent;mappning_2018_2022.csv (Goteborgs stad) + geometri
14800615;Sydvästra Göteborg, Altplatsen;14805141;Askim-Frölunda-Högsbo, Altplatsen;omritad;ej markerad som jämförbar i kolumnen Jämförbart i Göteborgs stads fil (mappning_2018_2022.csv). geometri geo_overlap_2018_2022.csv: 14805141 (Askim-Frölunda-Högsbo, Altplatsen) täcker 77.7 procent av det nya distriktet, 100.0 procent av det gamla ligger där, 2 källor över 5 procent;geometri + mappning_2018_2022.csv
14800616;Sydvästra Göteborg, Ruddalen;14805142;Askim-Frölunda-Högsbo, Ruddalen;identisk;Göteborgs stad jamforelser-2018-och-2022-valdistrikt-och-uppsamlingsdistrikt-v2.xlsx: kolumnen Jämförbart pekar på 2018-distrikt 14805142, geometri 100.0/99.5 procent. geometri geo_overlap_2018_2022.csv: 14805142 (Askim-Frölunda-Högsbo, Ruddalen) täcker 100.0 procent av det nya distriktet, 99.5 procent av det gamla ligger där, 1 källor över 5 procent;mappning_2018_2022.csv (Goteborgs stad) + geometri
14800617;Sydvästra Göteborg, Gånglåten;14805173;Askim-Frölunda-Högsbo, Gånglåten;identisk;Göteborgs stad jamforelser-2018-och-2022-valdistrikt-och-uppsamlingsdistrikt-v2.xlsx: kolumnen Jämförbart pekar på 2018-distrikt 14805173, geometri 100.0/99.9 procent. geometri geo_overlap_2018_2022.csv: 14805173 (Askim-Frölunda-Högsbo, Gånglåten) täcker 100.0 procent av det nya distriktet, 99.9 procent av det gamla ligger där, 1 källor över 5 procent;mappning_2018_2022.csv (Goteborgs stad) + geometri
14800618;Sydvästra Göteborg, Frölunda;14805171;Askim-Frölunda-Högsbo, Frölunda;delad;ej markerad som jämförbar i kolumnen Jämförbart i Göteborgs stads fil (mappning_2018_2022.csv). geometri geo_overlap_2018_2022.csv: 14805171 (Askim-Frölunda-Högsbo, Frölunda) täcker 99.6 procent av det nya distriktet, 87.3 procent av det gamla ligger där, 1 källor över 5 procent;geometri + mappning_2018_2022.csv
14800619;Sydvästra Göteborg, Frölunda Torg V;14805172;Askim-Frölunda-Högsbo, Frölunda Torg;omritad;ej markerad som jämförbar i kolumnen Jämförbart i Göteborgs stads fil (mappning_2018_2022.csv). geometri geo_overlap_2018_2022.csv: 14805172 (Askim-Frölunda-Högsbo, Frölunda Torg) täcker 81.2 procent av det nya distriktet, 49.0 procent av det gamla ligger där, 2 källor över 5 procent;geometri + mappning_2018_2022.csv
14800620;Sydvästra Göteborg, Frölunda Torg Ö;14805172;Askim-Frölunda-Högsbo, Frölunda Torg;omritad;ej markerad som jämförbar i kolumnen Jämförbart i Göteborgs stads fil (mappning_2018_2022.csv). geometri geo_overlap_2018_2022.csv: 14805172 (Askim-Frölunda-Högsbo, Frölunda Torg) täcker 81.0 procent av det nya distriktet, 50.7 procent av det gamla ligger där, 2 källor över 5 procent;geometri + mappning_2018_2022.csv
14800621;Sydvästra Göteborg, Positivparken;14805174;Askim-Frölunda-Högsbo, Mandolingatan;delad;ej markerad som jämförbar i kolumnen Jämförbart i Göteborgs stads fil (mappning_2018_2022.csv). geometri geo_overlap_2018_2022.csv: 14805174 (Askim-Frölunda-Högsbo, Mandolingatan) täcker 100.0 procent av det nya distriktet, 75.6 procent av det gamla ligger där, 1 källor över 5 procent;geometri + mappning_2018_2022.csv
14800622;Sydvästra Göteborg, Spinetten;14805131;Askim-Frölunda-Högsbo, Spinetten;identisk;Göteborgs stad jamforelser-2018-och-2022-valdistrikt-och-uppsamlingsdistrikt-v2.xlsx: kolumnen Jämförbart pekar på 2018-distrikt 14805131, geometri 91.9/99.8 procent. geometri geo_overlap_2018_2022.csv: 14805131 (Askim-Frölunda-Högsbo, Spinetten) täcker 91.9 procent av det nya distriktet, 99.8 procent av det gamla ligger där, 2 källor över 5 procent OBS geometrin är inte 1:1, 14805131 täcker 91.9 procent av 2022-distriktet och 99.8 procent av 2018-distriktet ligger där;mappning_2018_2022.csv (Goteborgs stad) + geometri
14800623;Sydvästra Göteborg, Tofta;14805132;Askim-Frölunda-Högsbo, Tofta;identisk;Göteborgs stad jamforelser-2018-och-2022-valdistrikt-och-uppsamlingsdistrikt-v2.xlsx: kolumnen Jämförbart pekar på 2018-distrikt 14805132, geometri 100.0/98.2 procent. geometri geo_overlap_2018_2022.csv: 14805132 (Askim-Frölunda-Högsbo, Tofta) täcker 100.0 procent av det nya distriktet, 98.2 procent av det gamla ligger där, 1 källor över 5 procent;mappning_2018_2022.csv (Goteborgs stad) + geometri
14800624;Sydvästra Göteborg, Järnbrott Västra;14805152;Askim-Frölunda-Högsbo, Järnbrott, V;omritad;ej markerad som jämförbar i kolumnen Jämförbart i Göteborgs stads fil (mappning_2018_2022.csv). geometri geo_overlap_2018_2022.csv: 14805152 (Askim-Frölunda-Högsbo, Järnbrott, V) täcker 71.7 procent av det nya distriktet, 78.6 procent av det gamla ligger där, 2 källor över 5 procent;geometri + mappning_2018_2022.csv
14800625;Sydvästra Göteborg, Järnbrott Östra;14805153;Askim-Frölunda-Högsbo, Järnbrott, Ö;omritad;ej markerad som jämförbar i kolumnen Jämförbart i Göteborgs stads fil (mappning_2018_2022.csv). geometri geo_overlap_2018_2022.csv: 14805153 (Askim-Frölunda-Högsbo, Järnbrott, Ö) täcker 89.3 procent av det nya distriktet, 81.6 procent av det gamla ligger där, 2 källor över 5 procent;geometri + mappning_2018_2022.csv
14800626;Sydvästra Göteborg, Järnbrott Södra;14805151;Askim-Frölunda-Högsbo, Järnbrott, S;delad;ej markerad som jämförbar i kolumnen Jämförbart i Göteborgs stads fil (mappning_2018_2022.csv). geometri geo_overlap_2018_2022.csv: 14805151 (Askim-Frölunda-Högsbo, Järnbrott, S) täcker 100.0 procent av det nya distriktet, 92.7 procent av det gamla ligger där, 1 källor över 5 procent;geometri + mappning_2018_2022.csv
14800627;Sydvästra Göteborg, Flatås Östra;14805103;Askim-Frölunda-Högsbo, Flatås, Ö;namnbyte;Göteborgs stad jamforelser-2018-och-2022-valdistrikt-och-uppsamlingsdistrikt-v2.xlsx: kolumnen Jämförbart pekar på 2018-distrikt 14805103, geometri 100.0/100.0 procent. geometri geo_overlap_2018_2022.csv: 14805103 (Askim-Frölunda-Högsbo, Flatås, Ö) täcker 100.0 procent av det nya distriktet, 100.0 procent av det gamla ligger där, 1 källor över 5 procent;mappning_2018_2022.csv (Goteborgs stad) + geometri
14800628;Sydvästra Göteborg, Sisjön Norra;14805235;Askim-Frölunda-Högsbo, Sisjön, N;omritad;ej markerad som jämförbar i kolumnen Jämförbart i Göteborgs stads fil (mappning_2018_2022.csv). geometri geo_overlap_2018_2022.csv: 14805235 (Askim-Frölunda-Högsbo, Sisjön, N) täcker 96.0 procent av det nya distriktet, 100.0 procent av det gamla ligger där, 1 källor över 5 procent;geometri + mappning_2018_2022.csv
14800629;Sydvästra Göteborg, Pilegården;14805234;Askim-Frölunda-Högsbo, Pilegården;delad;ej markerad som jämförbar i kolumnen Jämförbart i Göteborgs stads fil (mappning_2018_2022.csv). geometri geo_overlap_2018_2022.csv: 14805234 (Askim-Frölunda-Högsbo, Pilegården) täcker 100.0 procent av det nya distriktet, 79.4 procent av det gamla ligger där, 1 källor över 5 procent;geometri + mappning_2018_2022.csv
14800630;Sydvästra Göteborg, Kobbegården;14805237;Askim-Frölunda-Högsbo, Sisjön, V;omritad;ej markerad som jämförbar i kolumnen Jämförbart i Göteborgs stads fil (mappning_2018_2022.csv). geometri geo_overlap_2018_2022.csv: 14805237 (Askim-Frölunda-Högsbo, Sisjön, V) täcker 76.5 procent av det nya distriktet, 24.0 procent av det gamla ligger där, 2 källor över 5 procent;geometri + mappning_2018_2022.csv
14800631;Sydvästra Göteborg, Askim;14805231;Askim-Frölunda-Högsbo, Askim;omritad;ej markerad som jämförbar i kolumnen Jämförbart i Göteborgs stads fil (mappning_2018_2022.csv). geometri geo_overlap_2018_2022.csv: 14805231 (Askim-Frölunda-Högsbo, Askim) täcker 86.1 procent av det nya distriktet, 81.0 procent av det gamla ligger där, 2 källor över 5 procent;geometri + mappning_2018_2022.csv
14800632;Sydvästra Göteborg, Sisjön Västra;14805237;Askim-Frölunda-Högsbo, Sisjön, V;omritad;ej markerad som jämförbar i kolumnen Jämförbart i Göteborgs stads fil (mappning_2018_2022.csv). geometri geo_overlap_2018_2022.csv: 14805237 (Askim-Frölunda-Högsbo, Sisjön, V) täcker 72.8 procent av det nya distriktet, 76.0 procent av det gamla ligger där, 3 källor över 5 procent;geometri + mappning_2018_2022.csv
14800633;Sydvästra Göteborg, Sisjön Södra;14805236;Askim-Frölunda-Högsbo, Sisjön, S;omritad;ej markerad som jämförbar i kolumnen Jämförbart i Göteborgs stads fil (mappning_2018_2022.csv). geometri geo_overlap_2018_2022.csv: 14805236 (Askim-Frölunda-Högsbo, Sisjön, S) täcker 61.7 procent av det nya distriktet, 81.9 procent av det gamla ligger där, 2 källor över 5 procent;geometri + mappning_2018_2022.csv
14800634;Sydvästra Göteborg, Trollåsen;14805242;Askim-Frölunda-Högsbo, Trollåsen;delad;ej markerad som jämförbar i kolumnen Jämförbart i Göteborgs stads fil (mappning_2018_2022.csv). geometri geo_overlap_2018_2022.csv: 14805242 (Askim-Frölunda-Högsbo, Trollåsen) täcker 99.2 procent av det nya distriktet, 95.3 procent av det gamla ligger där, 1 källor över 5 procent;geometri + mappning_2018_2022.csv
14800635;Sydvästra Göteborg, Lyckhem;14805255;Askim-Frölunda-Högsbo, Lyckhem;omritad;ej markerad som jämförbar i kolumnen Jämförbart i Göteborgs stads fil (mappning_2018_2022.csv). geometri geo_overlap_2018_2022.csv: 14805255 (Askim-Frölunda-Högsbo, Lyckhem) täcker 94.3 procent av det nya distriktet, 60.1 procent av det gamla ligger där, 2 källor över 5 procent;geometri + mappning_2018_2022.csv
14800636;Sydvästra Göteborg, Lindås;14805254;Askim-Frölunda-Högsbo, Lindås;omritad;ej markerad som jämförbar i kolumnen Jämförbart i Göteborgs stads fil (mappning_2018_2022.csv). geometri geo_overlap_2018_2022.csv: 14805254 (Askim-Frölunda-Högsbo, Lindås) täcker 100.0 procent av det nya distriktet, 98.2 procent av det gamla ligger där, 1 källor över 5 procent OBS geometrin är i praktiken 1:1 (14805254 täcker 100.0 procent av 2022-distriktet, 98.2 procent av 2018-distriktet ligger där) trots att källan inte markerar distriktet som jämförbart;geometri + mappning_2018_2022.csv
14800637;Sydvästra Göteborg, Billdal Södra;14805252;Askim-Frölunda-Högsbo, Billdal, S;namnbyte;Göteborgs stad jamforelser-2018-och-2022-valdistrikt-och-uppsamlingsdistrikt-v2.xlsx: kolumnen Jämförbart pekar på 2018-distrikt 14805252, geometri 100.0/100.0 procent. geometri geo_overlap_2018_2022.csv: 14805252 (Askim-Frölunda-Högsbo, Billdal, S) täcker 100.0 procent av det nya distriktet, 100.0 procent av det gamla ligger där, 1 källor över 5 procent;mappning_2018_2022.csv (Goteborgs stad) + geometri
14800638;Sydvästra Göteborg, Billdal Norra;14805251;Askim-Frölunda-Högsbo, Billdal, N;omritad;ej markerad som jämförbar i kolumnen Jämförbart i Göteborgs stads fil (mappning_2018_2022.csv). geometri geo_overlap_2018_2022.csv: 14805251 (Askim-Frölunda-Högsbo, Billdal, N) täcker 93.2 procent av det nya distriktet, 52.8 procent av det gamla ligger där, 2 källor över 5 procent;geometri + mappning_2018_2022.csv
14800639;Sydvästra Göteborg, Nygård;14805251;Askim-Frölunda-Högsbo, Billdal, N;omritad;ej markerad som jämförbar i kolumnen Jämförbart i Göteborgs stads fil (mappning_2018_2022.csv). geometri geo_overlap_2018_2022.csv: 14805251 (Askim-Frölunda-Högsbo, Billdal, N) täcker 65.1 procent av det nya distriktet, 47.2 procent av det gamla ligger där, 2 källor över 5 procent;geometri + mappning_2018_2022.csv
14800640;Sydvästra Göteborg, Skintebo Västra;14805257;Askim-Frölunda-Högsbo, Skintebo;omritad;ej markerad som jämförbar i kolumnen Jämförbart i Göteborgs stads fil (mappning_2018_2022.csv). geometri geo_overlap_2018_2022.csv: 14805257 (Askim-Frölunda-Högsbo, Skintebo) täcker 100.0 procent av det nya distriktet, 100.0 procent av det gamla ligger där, 1 källor över 5 procent OBS geometrin är i praktiken 1:1 (14805257 täcker 100.0 procent av 2022-distriktet, 100.0 procent av 2018-distriktet ligger där) trots att källan inte markerar distriktet som jämförbart;geometri + mappning_2018_2022.csv
14800641;Sydvästra Göteborg, Skintebo Östra;14805256;Askim-Frölunda-Högsbo, Nygård;omritad;ej markerad som jämförbar i kolumnen Jämförbart i Göteborgs stads fil (mappning_2018_2022.csv). geometri geo_overlap_2018_2022.csv: 14805256 (Askim-Frölunda-Högsbo, Nygård) täcker 92.9 procent av det nya distriktet, 41.3 procent av det gamla ligger där, 2 källor över 5 procent;geometri + mappning_2018_2022.csv
14800642;Sydvästra Göteborg, Uggleberget;14805258;Askim-Frölunda-Högsbo, Uggleberget;omritad;ej markerad som jämförbar i kolumnen Jämförbart i Göteborgs stads fil (mappning_2018_2022.csv). geometri geo_overlap_2018_2022.csv: 14805258 (Askim-Frölunda-Högsbo, Uggleberget) täcker 95.1 procent av det nya distriktet, 49.2 procent av det gamla ligger där, 1 källor över 5 procent;geometri + mappning_2018_2022.csv
14800643;Sydvästra Göteborg, Brottkärr Östra;14805255;Askim-Frölunda-Högsbo, Lyckhem;omritad;ej markerad som jämförbar i kolumnen Jämförbart i Göteborgs stads fil (mappning_2018_2022.csv). geometri geo_overlap_2018_2022.csv: 14805255 (Askim-Frölunda-Högsbo, Lyckhem) täcker 59.6 procent av det nya distriktet, 36.0 procent av det gamla ligger där, 2 källor över 5 procent;geometri + mappning_2018_2022.csv
14800644;Sydvästra Göteborg, Brottkärr Västra;14805253;Askim-Frölunda-Högsbo, Brottkärr;delad;ej markerad som jämförbar i kolumnen Jämförbart i Göteborgs stads fil (mappning_2018_2022.csv). geometri geo_overlap_2018_2022.csv: 14805253 (Askim-Frölunda-Högsbo, Brottkärr) täcker 100.0 procent av det nya distriktet, 94.6 procent av det gamla ligger där, 1 källor över 5 procent;geometri + mappning_2018_2022.csv
14800645;Sydvästra Göteborg, Hovås Södra;14805241;Askim-Frölunda-Högsbo, Hovås, Södra;identisk;Göteborgs stad jamforelser-2018-och-2022-valdistrikt-och-uppsamlingsdistrikt-v2.xlsx: kolumnen Jämförbart pekar på 2018-distrikt 14805241, geometri 98.3/100.0 procent. geometri geo_overlap_2018_2022.csv: 14805241 (Askim-Frölunda-Högsbo, Hovås, Södra) täcker 98.3 procent av det nya distriktet, 100.0 procent av det gamla ligger där, 1 källor över 5 procent;mappning_2018_2022.csv (Goteborgs stad) + geometri
14800646;Sydvästra Göteborg, Hovås Norra;14805232;Askim-Frölunda-Högsbo, Hovås, Norra;omritad;ej markerad som jämförbar i kolumnen Jämförbart i Göteborgs stads fil (mappning_2018_2022.csv). geometri geo_overlap_2018_2022.csv: 14805232 (Askim-Frölunda-Högsbo, Hovås, Norra) täcker 97.5 procent av det nya distriktet, 90.7 procent av det gamla ligger där, 1 källor över 5 procent;geometri + mappning_2018_2022.csv
14800647;Sydvästra Göteborg, Hult;14805233;Askim-Frölunda-Högsbo, Hult;identisk;Göteborgs stad jamforelser-2018-och-2022-valdistrikt-och-uppsamlingsdistrikt-v2.xlsx: kolumnen Jämförbart pekar på 2018-distrikt 14805233, geometri 100.0/100.0 procent. geometri geo_overlap_2018_2022.csv: 14805233 (Askim-Frölunda-Högsbo, Hult) täcker 100.0 procent av det nya distriktet, 100.0 procent av det gamla ligger där, 1 källor över 5 procent;mappning_2018_2022.csv (Goteborgs stad) + geometri
14800701;Västra Göteborg, Långedrag Västra;14805021;Västra Göteborg, Långedrag;delad;ej markerad som jämförbar i kolumnen Jämförbart i Göteborgs stads fil (mappning_2018_2022.csv). geometri geo_overlap_2018_2022.csv: 14805021 (Västra Göteborg, Långedrag) täcker 100.0 procent av det nya distriktet, 94.2 procent av det gamla ligger där, 1 källor över 5 procent;geometri + mappning_2018_2022.csv
14800702;Västra Göteborg, Långedrag Östra;14805021;Västra Göteborg, Långedrag;omritad;ej markerad som jämförbar i kolumnen Jämförbart i Göteborgs stads fil (mappning_2018_2022.csv). geometri geo_overlap_2018_2022.csv: 14805021 (Västra Göteborg, Långedrag) täcker 65.4 procent av det nya distriktet, 5.6 procent av det gamla ligger där, 3 källor över 5 procent;geometri + mappning_2018_2022.csv
14800703;Västra Göteborg, Tångudden;14805033;Västra Göteborg, Tångudden;delad;ej markerad som jämförbar i kolumnen Jämförbart i Göteborgs stads fil (mappning_2018_2022.csv). geometri geo_overlap_2018_2022.csv: 14805033 (Västra Göteborg, Tångudden) täcker 98.2 procent av det nya distriktet, 87.5 procent av det gamla ligger där, 1 källor över 5 procent;geometri + mappning_2018_2022.csv
14800704;Västra Göteborg, Hagen Norra;14805031;Västra Göteborg, Hagen;omritad;ej markerad som jämförbar i kolumnen Jämförbart i Göteborgs stads fil (mappning_2018_2022.csv). geometri geo_overlap_2018_2022.csv: 14805031 (Västra Göteborg, Hagen) täcker 56.2 procent av det nya distriktet, 35.0 procent av det gamla ligger där, 3 källor över 5 procent;geometri + mappning_2018_2022.csv
14800705;Västra Göteborg, Nya Varvet;14805032;Västra Göteborg, Nya Varvet;delad;ej markerad som jämförbar i kolumnen Jämförbart i Göteborgs stads fil (mappning_2018_2022.csv). geometri geo_overlap_2018_2022.csv: 14805032 (Västra Göteborg, Nya Varvet) täcker 100.0 procent av det nya distriktet, 93.9 procent av det gamla ligger där, 1 källor över 5 procent;geometri + mappning_2018_2022.csv
14800706;Västra Göteborg, Kungsten;14805043;Västra Göteborg, Kungsten;identisk;Göteborgs stad jamforelser-2018-och-2022-valdistrikt-och-uppsamlingsdistrikt-v2.xlsx: kolumnen Jämförbart pekar på 2018-distrikt 14805043, geometri 100.0/98.4 procent. geometri geo_overlap_2018_2022.csv: 14805043 (Västra Göteborg, Kungsten) täcker 100.0 procent av det nya distriktet, 98.4 procent av det gamla ligger där, 1 källor över 5 procent;mappning_2018_2022.csv (Goteborgs stad) + geometri
14800707;Västra Göteborg, Ekebäck;14805041;Västra Göteborg, Ekebäck;identisk;Göteborgs stad jamforelser-2018-och-2022-valdistrikt-och-uppsamlingsdistrikt-v2.xlsx: kolumnen Jämförbart pekar på 2018-distrikt 14805041, geometri 99.6/100.0 procent. geometri geo_overlap_2018_2022.csv: 14805041 (Västra Göteborg, Ekebäck) täcker 99.6 procent av det nya distriktet, 100.0 procent av det gamla ligger där, 1 källor över 5 procent;mappning_2018_2022.csv (Goteborgs stad) + geometri
14800708;Västra Göteborg, Hagen Södra;14805031;Västra Göteborg, Hagen;delad;ej markerad som jämförbar i kolumnen Jämförbart i Göteborgs stads fil (mappning_2018_2022.csv). geometri geo_overlap_2018_2022.csv: 14805031 (Västra Göteborg, Hagen) täcker 100.0 procent av det nya distriktet, 64.9 procent av det gamla ligger där, 1 källor över 5 procent;geometri + mappning_2018_2022.csv
14800709;Västra Göteborg, Grimmered;14805042;Västra Göteborg, Grimmered;identisk;Göteborgs stad jamforelser-2018-och-2022-valdistrikt-och-uppsamlingsdistrikt-v2.xlsx: kolumnen Jämförbart pekar på 2018-distrikt 14805042, geometri 100.0/100.0 procent. geometri geo_overlap_2018_2022.csv: 14805042 (Västra Göteborg, Grimmered) täcker 100.0 procent av det nya distriktet, 100.0 procent av det gamla ligger där, 1 källor över 5 procent;mappning_2018_2022.csv (Goteborgs stad) + geometri
14800710;Västra Göteborg, Påvelund;14805015;Västra Göteborg, Påvelund;identisk;Göteborgs stad jamforelser-2018-och-2022-valdistrikt-och-uppsamlingsdistrikt-v2.xlsx: kolumnen Jämförbart pekar på 2018-distrikt 14805015, geometri 100.0/100.0 procent. geometri geo_overlap_2018_2022.csv: 14805015 (Västra Göteborg, Påvelund) täcker 100.0 procent av det nya distriktet, 100.0 procent av det gamla ligger där, 1 källor över 5 procent;mappning_2018_2022.csv (Goteborgs stad) + geometri
14800711;Västra Göteborg, Björnekulla;14805011;Västra Göteborg, Björnekulla;identisk;Göteborgs stad jamforelser-2018-och-2022-valdistrikt-och-uppsamlingsdistrikt-v2.xlsx: kolumnen Jämförbart pekar på 2018-distrikt 14805011, geometri 100.0/99.9 procent. geometri geo_overlap_2018_2022.csv: 14805011 (Västra Göteborg, Björnekulla) täcker 100.0 procent av det nya distriktet, 99.9 procent av det gamla ligger där, 1 källor över 5 procent;mappning_2018_2022.csv (Goteborgs stad) + geometri
14800712;Västra Göteborg, Osberget;14805014;Västra Göteborg, Osberget;omritad;ej markerad som jämförbar i kolumnen Jämförbart i Göteborgs stads fil (mappning_2018_2022.csv). geometri geo_overlap_2018_2022.csv: 14805014 (Västra Göteborg, Osberget) täcker 75.7 procent av det nya distriktet, 65.8 procent av det gamla ligger där, 2 källor över 5 procent;geometri + mappning_2018_2022.csv
14800713;Västra Göteborg, Källängen;14805013;Västra Göteborg, Källängen;omritad;ej markerad som jämförbar i kolumnen Jämförbart i Göteborgs stads fil (mappning_2018_2022.csv). geometri geo_overlap_2018_2022.csv: 14805013 (Västra Göteborg, Källängen) täcker 92.5 procent av det nya distriktet, 88.8 procent av det gamla ligger där, 2 källor över 5 procent;geometri + mappning_2018_2022.csv
14800714;Västra Göteborg, Fiskebäck;14805012;Västra Göteborg, Fiskebäck,;omritad;ej markerad som jämförbar i kolumnen Jämförbart i Göteborgs stads fil (mappning_2018_2022.csv). geometri geo_overlap_2018_2022.csv: 14805012 (Västra Göteborg, Fiskebäck,) täcker 100.0 procent av det nya distriktet, 98.0 procent av det gamla ligger där, 1 källor över 5 procent OBS geometrin är i praktiken 1:1 (14805012 täcker 100.0 procent av 2022-distriktet, 98.0 procent av 2018-distriktet ligger där) trots att källan inte markerar distriktet som jämförbart;geometri + mappning_2018_2022.csv
14800715;Västra Göteborg, Bratthammar;14805061;Västra Göteborg, Bratthammar;delad;ej markerad som jämförbar i kolumnen Jämförbart i Göteborgs stads fil (mappning_2018_2022.csv). geometri geo_overlap_2018_2022.csv: 14805061 (Västra Göteborg, Bratthammar) täcker 100.0 procent av det nya distriktet, 87.1 procent av det gamla ligger där, 1 källor över 5 procent;geometri + mappning_2018_2022.csv
14800716;Västra Göteborg, Tynnered Södra;14805081;Västra Göteborg, Tynnered Södra;omritad;ej markerad som jämförbar i kolumnen Jämförbart i Göteborgs stads fil (mappning_2018_2022.csv). geometri geo_overlap_2018_2022.csv: 14805081 (Västra Göteborg, Tynnered Södra) täcker 71.4 procent av det nya distriktet, 100.0 procent av det gamla ligger där, 2 källor över 5 procent;geometri + mappning_2018_2022.csv
14800717;Västra Göteborg, Tynnered Norra;14805072;Västra Göteborg, Tynnered, Norra;identisk;Göteborgs stad jamforelser-2018-och-2022-valdistrikt-och-uppsamlingsdistrikt-v2.xlsx: kolumnen Jämförbart pekar på 2018-distrikt 14805072, geometri 100.0/100.0 procent. geometri geo_overlap_2018_2022.csv: 14805072 (Västra Göteborg, Tynnered, Norra) täcker 100.0 procent av det nya distriktet, 100.0 procent av det gamla ligger där, 1 källor över 5 procent;mappning_2018_2022.csv (Goteborgs stad) + geometri
14800718;Västra Göteborg, Guldringen m fl;14805071;Västra Göteborg, Guldringen m fl;identisk;Göteborgs stad jamforelser-2018-och-2022-valdistrikt-och-uppsamlingsdistrikt-v2.xlsx: kolumnen Jämförbart pekar på 2018-distrikt 14805071, geometri 100.0/100.0 procent. geometri geo_overlap_2018_2022.csv: 14805071 (Västra Göteborg, Guldringen m fl) täcker 100.0 procent av det nya distriktet, 100.0 procent av det gamla ligger där, 1 källor över 5 procent;mappning_2018_2022.csv (Goteborgs stad) + geometri
14800719;Västra Göteborg, Tynnered Östra;14805082;Västra Göteborg, Tynnered, Östra;identisk;Göteborgs stad jamforelser-2018-och-2022-valdistrikt-och-uppsamlingsdistrikt-v2.xlsx: kolumnen Jämförbart pekar på 2018-distrikt 14805082, geometri 100.0/100.0 procent. geometri geo_overlap_2018_2022.csv: 14805082 (Västra Göteborg, Tynnered, Östra) täcker 100.0 procent av det nya distriktet, 100.0 procent av det gamla ligger där, 1 källor över 5 procent;mappning_2018_2022.csv (Goteborgs stad) + geometri
14800720;Västra Göteborg, Skattegården;14805202;Västra Göteborg, Skattegården;omritad;ej markerad som jämförbar i kolumnen Jämförbart i Göteborgs stads fil (mappning_2018_2022.csv). geometri geo_overlap_2018_2022.csv: 14805202 (Västra Göteborg, Skattegården) täcker 91.9 procent av det nya distriktet, 79.1 procent av det gamla ligger där, 2 källor över 5 procent;geometri + mappning_2018_2022.csv
14800721;Västra Göteborg, Rubingatan m fl;14805202;Västra Göteborg, Skattegården;omritad;ej markerad som jämförbar i kolumnen Jämförbart i Göteborgs stads fil (mappning_2018_2022.csv). geometri geo_overlap_2018_2022.csv: 14805202 (Västra Göteborg, Skattegården) täcker 40.3 procent av det nya distriktet, 20.8 procent av det gamla ligger där, 3 källor över 5 procent;geometri + mappning_2018_2022.csv
14800722;Västra Göteborg, Ängås;14805182;Västra Göteborg, Ängås;delad;ej markerad som jämförbar i kolumnen Jämförbart i Göteborgs stads fil (mappning_2018_2022.csv). geometri geo_overlap_2018_2022.csv: 14805182 (Västra Göteborg, Ängås) täcker 100.0 procent av det nya distriktet, 67.6 procent av det gamla ligger där, 1 källor över 5 procent;geometri + mappning_2018_2022.csv
14800723;Västra Göteborg, Topasgatan;14805181;Västra Göteborg, Korsåsen;omritad;ej markerad som jämförbar i kolumnen Jämförbart i Göteborgs stads fil (mappning_2018_2022.csv). geometri geo_overlap_2018_2022.csv: 14805181 (Västra Göteborg, Korsåsen) täcker 54.8 procent av det nya distriktet, 6.9 procent av det gamla ligger där, 2 källor över 5 procent;geometri + mappning_2018_2022.csv
14800724;Västra Göteborg, Korsåsen;14805181;Västra Göteborg, Korsåsen;omritad;ej markerad som jämförbar i kolumnen Jämförbart i Göteborgs stads fil (mappning_2018_2022.csv). geometri geo_overlap_2018_2022.csv: 14805181 (Västra Göteborg, Korsåsen) täcker 89.4 procent av det nya distriktet, 93.1 procent av det gamla ligger där, 2 källor över 5 procent;geometri + mappning_2018_2022.csv
14800725;Västra Göteborg, Opaltorget Norra;14805221;Västra Göteborg, Opaltorget, Norra;delad;ej markerad som jämförbar i kolumnen Jämförbart i Göteborgs stads fil (mappning_2018_2022.csv). geometri geo_overlap_2018_2022.csv: 14805221 (Västra Göteborg, Opaltorget, Norra) täcker 99.1 procent av det nya distriktet, 76.9 procent av det gamla ligger där, 1 källor över 5 procent;geometri + mappning_2018_2022.csv
14800726;Västra Göteborg, Opaltorget Södra;14805222;Västra Göteborg, Opaltorget, Södra;omritad;ej markerad som jämförbar i kolumnen Jämförbart i Göteborgs stads fil (mappning_2018_2022.csv). geometri geo_overlap_2018_2022.csv: 14805222 (Västra Göteborg, Opaltorget, Södra) täcker 90.7 procent av det nya distriktet, 67.0 procent av det gamla ligger där, 2 källor över 5 procent;geometri + mappning_2018_2022.csv
14800727;Västra Göteborg, Grevegården;14805201;Västra Göteborg, Grevegården;delad;ej markerad som jämförbar i kolumnen Jämförbart i Göteborgs stads fil (mappning_2018_2022.csv). geometri geo_overlap_2018_2022.csv: 14805201 (Västra Göteborg, Grevegården) täcker 100.0 procent av det nya distriktet, 57.2 procent av det gamla ligger där, 1 källor över 5 procent;geometri + mappning_2018_2022.csv
14800728;Västra Göteborg, Önnered Norra;14805191;Västra Göteborg, Önnered, Västra;omritad;ej markerad som jämförbar i kolumnen Jämförbart i Göteborgs stads fil (mappning_2018_2022.csv). geometri geo_overlap_2018_2022.csv: 14805191 (Västra Göteborg, Önnered, Västra) täcker 69.8 procent av det nya distriktet, 15.3 procent av det gamla ligger där, 3 källor över 5 procent;geometri + mappning_2018_2022.csv
14800729;Västra Göteborg, Önnered Östra;14805192;Västra Göteborg, Önnered, Östra;delad;ej markerad som jämförbar i kolumnen Jämförbart i Göteborgs stads fil (mappning_2018_2022.csv). geometri geo_overlap_2018_2022.csv: 14805192 (Västra Göteborg, Önnered, Östra) täcker 100.0 procent av det nya distriktet, 84.2 procent av det gamla ligger där, 1 källor över 5 procent;geometri + mappning_2018_2022.csv
14800730;Västra Göteborg, Önnered Västra;14805191;Västra Göteborg, Önnered, Västra;delad;ej markerad som jämförbar i kolumnen Jämförbart i Göteborgs stads fil (mappning_2018_2022.csv). geometri geo_overlap_2018_2022.csv: 14805191 (Västra Göteborg, Önnered, Västra) täcker 99.6 procent av det nya distriktet, 84.7 procent av det gamla ligger där, 1 källor över 5 procent;geometri + mappning_2018_2022.csv
14800731;Västra Göteborg, Åkered;14805214;Västra Göteborg, Åkered;identisk;Göteborgs stad jamforelser-2018-och-2022-valdistrikt-och-uppsamlingsdistrikt-v2.xlsx: kolumnen Jämförbart pekar på 2018-distrikt 14805214, geometri 99.9/100.0 procent. geometri geo_overlap_2018_2022.csv: 14805214 (Västra Göteborg, Åkered) täcker 99.9 procent av det nya distriktet, 100.0 procent av det gamla ligger där, 1 källor över 5 procent;mappning_2018_2022.csv (Goteborgs stad) + geometri
14800732;Västra Göteborg, Välen;14805213;Västra Göteborg, Välen;omritad;ej markerad som jämförbar i kolumnen Jämförbart i Göteborgs stads fil (mappning_2018_2022.csv). geometri geo_overlap_2018_2022.csv: 14805213 (Västra Göteborg, Välen) täcker 97.8 procent av det nya distriktet, 100.0 procent av det gamla ligger där, 1 källor över 5 procent;geometri + mappning_2018_2022.csv
14800733;Västra Göteborg, Näset Norra;14805211;Västra Göteborg, Näset, Norra;delad;ej markerad som jämförbar i kolumnen Jämförbart i Göteborgs stads fil (mappning_2018_2022.csv). geometri geo_overlap_2018_2022.csv: 14805211 (Västra Göteborg, Näset, Norra) täcker 100.0 procent av det nya distriktet, 75.6 procent av det gamla ligger där, 1 källor över 5 procent;geometri + mappning_2018_2022.csv
14800734;Västra Göteborg, Näset Södra;14805212;Västra Göteborg, Näset, Södra;identisk;Göteborgs stad jamforelser-2018-och-2022-valdistrikt-och-uppsamlingsdistrikt-v2.xlsx: kolumnen Jämförbart pekar på 2018-distrikt 14805212, geometri 100.0/100.0 procent. geometri geo_overlap_2018_2022.csv: 14805212 (Västra Göteborg, Näset, Södra) täcker 100.0 procent av det nya distriktet, 100.0 procent av det gamla ligger där, 1 källor över 5 procent;mappning_2018_2022.csv (Goteborgs stad) + geometri
14800735;Västra Göteborg, Donsö-Vrångö;14805052;Västra Göteborg, Donsö-Vrångö;omritad;ej markerad som jämförbar i kolumnen Jämförbart i Göteborgs stads fil (mappning_2018_2022.csv). geometri geo_overlap_2018_2022.csv: 14805052 (Västra Göteborg, Donsö-Vrångö) täcker 99.0 procent av det nya distriktet, 100.0 procent av det gamla ligger där, 1 källor över 5 procent OBS geometrin är i praktiken 1:1 (14805052 täcker 99.0 procent av 2022-distriktet, 100.0 procent av 2018-distriktet ligger där) trots att källan inte markerar distriktet som jämförbart;geometri + mappning_2018_2022.csv
14800736;Västra Göteborg, Styrsö-Köpstadsö;14805053;Västra Göteborg, Styrsö-Köpstadsö;identisk;Göteborgs stad jamforelser-2018-och-2022-valdistrikt-och-uppsamlingsdistrikt-v2.xlsx: kolumnen Jämförbart pekar på 2018-distrikt 14805053, geometri 100.0/100.0 procent. geometri geo_overlap_2018_2022.csv: 14805053 (Västra Göteborg, Styrsö-Köpstadsö) täcker 100.0 procent av det nya distriktet, 100.0 procent av det gamla ligger där, 1 källor över 5 procent;mappning_2018_2022.csv (Goteborgs stad) + geometri
14800737;Västra Göteborg, Brännö-Asperö;14805051;Västra Göteborg, Brännö-Asperö;identisk;Göteborgs stad jamforelser-2018-och-2022-valdistrikt-och-uppsamlingsdistrikt-v2.xlsx: kolumnen Jämförbart pekar på 2018-distrikt 14805051, geometri 100.0/100.0 procent. geometri geo_overlap_2018_2022.csv: 14805051 (Västra Göteborg, Brännö-Asperö) täcker 100.0 procent av det nya distriktet, 100.0 procent av det gamla ligger där, 1 källor över 5 procent;mappning_2018_2022.csv (Goteborgs stad) + geometri
14800801;Västra Hisingen, Länsmansgården Ö;14807031;Västra Hisingen, Länsmansgården, Ö;omritad;ej markerad som jämförbar i kolumnen Jämförbart i Göteborgs stads fil (mappning_2018_2022.csv). geometri geo_overlap_2018_2022.csv: 14807031 (Västra Hisingen, Länsmansgården, Ö) täcker 59.1 procent av det nya distriktet, 51.8 procent av det gamla ligger där, 2 källor över 5 procent;geometri + mappning_2018_2022.csv
14800802;Västra Hisingen, Svartedalen Norra;14807032;Västra Hisingen, Svartedalen, Norra;omritad;ej markerad som jämförbar i kolumnen Jämförbart i Göteborgs stads fil (mappning_2018_2022.csv). geometri geo_overlap_2018_2022.csv: 14807032 (Västra Hisingen, Svartedalen, Norra) täcker 61.2 procent av det nya distriktet, 72.7 procent av det gamla ligger där, 4 källor över 5 procent;geometri + mappning_2018_2022.csv
14800803;Västra Hisingen, Väderbodarna m fl;14807031;Västra Hisingen, Länsmansgården, Ö;omritad;ej markerad som jämförbar i kolumnen Jämförbart i Göteborgs stads fil (mappning_2018_2022.csv). geometri geo_overlap_2018_2022.csv: 14807031 (Västra Hisingen, Länsmansgården, Ö) täcker 49.9 procent av det nya distriktet, 20.8 procent av det gamla ligger där, 3 källor över 5 procent;geometri + mappning_2018_2022.csv
14800804;Västra Hisingen, Önskevädersg. m fl;14807094;Västra Hisingen, Önskevädersg. m fl;identisk;Göteborgs stad jamforelser-2018-och-2022-valdistrikt-och-uppsamlingsdistrikt-v2.xlsx: kolumnen Jämförbart pekar på 2018-distrikt 14807094, geometri 99.3/99.5 procent. geometri geo_overlap_2018_2022.csv: 14807094 (Västra Hisingen, Önskevädersg. m fl) täcker 99.3 procent av det nya distriktet, 99.5 procent av det gamla ligger där, 1 källor över 5 procent;mappning_2018_2022.csv (Goteborgs stad) + geometri
14800805;Västra Hisingen, Svartedalen Södra;14807093;Västra Hisingen, Svartedalen, Södra;delad;ej markerad som jämförbar i kolumnen Jämförbart i Göteborgs stads fil (mappning_2018_2022.csv). geometri geo_overlap_2018_2022.csv: 14807093 (Västra Hisingen, Svartedalen, Södra) täcker 100.0 procent av det nya distriktet, 75.8 procent av det gamla ligger där, 1 källor över 5 procent;geometri + mappning_2018_2022.csv
14800806;Västra Hisingen, Kärrmossen;14807092;Västra Hisingen, Kärrmossen;omritad;ej markerad som jämförbar i kolumnen Jämförbart i Göteborgs stads fil (mappning_2018_2022.csv). geometri geo_overlap_2018_2022.csv: 14807092 (Västra Hisingen, Kärrmossen) täcker 95.5 procent av det nya distriktet, 77.2 procent av det gamla ligger där, 1 källor över 5 procent;geometri + mappning_2018_2022.csv
14800807;Västra Hisingen, Jättesten;14807091;Västra Hisingen, Jättesten;identisk;Göteborgs stad jamforelser-2018-och-2022-valdistrikt-och-uppsamlingsdistrikt-v2.xlsx: kolumnen Jämförbart pekar på 2018-distrikt 14807091, geometri 100.0/100.0 procent. geometri geo_overlap_2018_2022.csv: 14807091 (Västra Hisingen, Jättesten) täcker 100.0 procent av det nya distriktet, 100.0 procent av det gamla ligger där, 1 källor över 5 procent;mappning_2018_2022.csv (Goteborgs stad) + geometri
14800808;Västra Hisingen, Treröset;14807082;Västra Hisingen, Treröset;identisk;Göteborgs stad jamforelser-2018-och-2022-valdistrikt-och-uppsamlingsdistrikt-v2.xlsx: kolumnen Jämförbart pekar på 2018-distrikt 14807082, geometri 93.3/88.7 procent. geometri geo_overlap_2018_2022.csv: 14807082 (Västra Hisingen, Treröset) täcker 93.3 procent av det nya distriktet, 88.7 procent av det gamla ligger där, 2 källor över 5 procent OBS geometrin är inte 1:1, 14807082 täcker 93.3 procent av 2022-distriktet och 88.7 procent av 2018-distriktet ligger där;mappning_2018_2022.csv (Goteborgs stad) + geometri
14800809;Västra Hisingen, Vårväderstorget;14807083;Västra Hisingen, Vårväderstorget;omritad;ej markerad som jämförbar i kolumnen Jämförbart i Göteborgs stads fil (mappning_2018_2022.csv). geometri geo_overlap_2018_2022.csv: 14807083 (Västra Hisingen, Vårväderstorget) täcker 88.2 procent av det nya distriktet, 77.6 procent av det gamla ligger där, 2 källor över 5 procent;geometri + mappning_2018_2022.csv
14800810;Västra Hisingen, Blåsvädersgat. m fl;14807081;Västra Hisingen, Biskopsgården, S;omritad;ej markerad som jämförbar i kolumnen Jämförbart i Göteborgs stads fil (mappning_2018_2022.csv). geometri geo_overlap_2018_2022.csv: 14807081 (Västra Hisingen, Biskopsgården, S) täcker 52.2 procent av det nya distriktet, 3.2 procent av det gamla ligger där, 3 källor över 5 procent;geometri + mappning_2018_2022.csv
14800811;Västra Hisingen, Biskopsgården Södra;14807081;Västra Hisingen, Biskopsgården, S;delad;ej markerad som jämförbar i kolumnen Jämförbart i Göteborgs stads fil (mappning_2018_2022.csv). geometri geo_overlap_2018_2022.csv: 14807081 (Västra Hisingen, Biskopsgården, S) täcker 99.5 procent av det nya distriktet, 96.8 procent av det gamla ligger där, 1 källor över 5 procent;geometri + mappning_2018_2022.csv
14800812;Västra Hisingen, Väderlekstorget;14807084;Västra Hisingen, Väderlekstorget;delad;ej markerad som jämförbar i kolumnen Jämförbart i Göteborgs stads fil (mappning_2018_2022.csv). geometri geo_overlap_2018_2022.csv: 14807084 (Västra Hisingen, Väderlekstorget) täcker 99.5 procent av det nya distriktet, 86.8 procent av det gamla ligger där, 1 källor över 5 procent;geometri + mappning_2018_2022.csv
14800813;Västra Hisingen, Biskopsgården Norra;14807012;Västra Hisingen, Svarte Mosse;omritad;ej markerad som jämförbar i kolumnen Jämförbart i Göteborgs stads fil (mappning_2018_2022.csv). geometri geo_overlap_2018_2022.csv: 14807012 (Västra Hisingen, Svarte Mosse) täcker 70.8 procent av det nya distriktet, 14.2 procent av det gamla ligger där, 3 källor över 5 procent;geometri + mappning_2018_2022.csv
14800814;Västra Hisingen, Svarte Mosse;14807012;Västra Hisingen, Svarte Mosse;delad;ej markerad som jämförbar i kolumnen Jämförbart i Göteborgs stads fil (mappning_2018_2022.csv). geometri geo_overlap_2018_2022.csv: 14807012 (Västra Hisingen, Svarte Mosse) täcker 100.0 procent av det nya distriktet, 83.8 procent av det gamla ligger där, 1 källor över 5 procent;geometri + mappning_2018_2022.csv
14800815;Västra Hisingen, Friskväderstorget;14807011;Västra Hisingen, Biskopsgården, N;omritad;ej markerad som jämförbar i kolumnen Jämförbart i Göteborgs stads fil (mappning_2018_2022.csv). geometri geo_overlap_2018_2022.csv: 14807011 (Västra Hisingen, Biskopsgården, N) täcker 95.2 procent av det nya distriktet, 52.8 procent av det gamla ligger där, 1 källor över 5 procent;geometri + mappning_2018_2022.csv
14800816;Västra Hisingen, Länsmansgården S;14807023;Västra Hisingen, Länsmansgården, S;omritad;ej markerad som jämförbar i kolumnen Jämförbart i Göteborgs stads fil (mappning_2018_2022.csv). geometri geo_overlap_2018_2022.csv: 14807023 (Västra Hisingen, Länsmansgården, S) täcker 83.0 procent av det nya distriktet, 76.2 procent av det gamla ligger där, 3 källor över 5 procent;geometri + mappning_2018_2022.csv
14800817;Västra Hisingen, Länsmansgården V;14807023;Västra Hisingen, Länsmansgården, S;omritad;ej markerad som jämförbar i kolumnen Jämförbart i Göteborgs stads fil (mappning_2018_2022.csv). geometri geo_overlap_2018_2022.csv: 14807023 (Västra Hisingen, Länsmansgården, S) täcker 50.5 procent av det nya distriktet, 23.1 procent av det gamla ligger där, 2 källor över 5 procent;geometri + mappning_2018_2022.csv
14800818;Västra Hisingen, Länsmansgården C;14807021;Västra Hisingen, Länsmansgården, C;omritad;ej markerad som jämförbar i kolumnen Jämförbart i Göteborgs stads fil (mappning_2018_2022.csv). geometri geo_overlap_2018_2022.csv: 14807021 (Västra Hisingen, Länsmansgården, C) täcker 95.8 procent av det nya distriktet, 94.2 procent av det gamla ligger där, 1 källor över 5 procent;geometri + mappning_2018_2022.csv
14800819;Västra Hisingen, Länsmansgården N;14807022;Västra Hisingen, Länsmansgården, N;omritad;ej markerad som jämförbar i kolumnen Jämförbart i Göteborgs stads fil (mappning_2018_2022.csv). geometri geo_overlap_2018_2022.csv: 14807022 (Västra Hisingen, Länsmansgården, N) täcker 93.3 procent av det nya distriktet, 76.8 procent av det gamla ligger där, 2 källor över 5 procent;geometri + mappning_2018_2022.csv
14800820;Västra Hisingen, Amhult-Arendal;14807051;Västra Hisingen, Amhult-Arendal;identisk;Göteborgs stad jamforelser-2018-och-2022-valdistrikt-och-uppsamlingsdistrikt-v2.xlsx: kolumnen Jämförbart pekar på 2018-distrikt 14807051, geometri 99.7/97.0 procent. geometri geo_overlap_2018_2022.csv: 14807051 (Västra Hisingen, Amhult-Arendal) täcker 99.7 procent av det nya distriktet, 97.0 procent av det gamla ligger där, 1 källor över 5 procent OBS geometrin är inte 1:1, 14807051 täcker 99.7 procent av 2022-distriktet och 97.0 procent av 2018-distriktet ligger där;mappning_2018_2022.csv (Goteborgs stad) + geometri
14800821;Västra Hisingen, Andalen;14807041;Västra Hisingen, Andalen;omritad;ej markerad som jämförbar i kolumnen Jämförbart i Göteborgs stads fil (mappning_2018_2022.csv). geometri geo_overlap_2018_2022.csv: 14807041 (Västra Hisingen, Andalen) täcker 100.0 procent av det nya distriktet, 98.7 procent av det gamla ligger där, 1 källor över 5 procent OBS geometrin är i praktiken 1:1 (14807041 täcker 100.0 procent av 2022-distriktet, 98.7 procent av 2018-distriktet ligger där) trots att källan inte markerar distriktet som jämförbart;geometri + mappning_2018_2022.csv
14800822;Västra Hisingen, Hjuvik;14807043;Västra Hisingen, Hjuvik;delad;ej markerad som jämförbar i kolumnen Jämförbart i Göteborgs stads fil (mappning_2018_2022.csv). geometri geo_overlap_2018_2022.csv: 14807043 (Västra Hisingen, Hjuvik) täcker 100.0 procent av det nya distriktet, 70.4 procent av det gamla ligger där, 1 källor över 5 procent;geometri + mappning_2018_2022.csv
14800823;Västra Hisingen, Hällsvik;14807044;Västra Hisingen, Hällsvik;identisk;Göteborgs stad jamforelser-2018-och-2022-valdistrikt-och-uppsamlingsdistrikt-v2.xlsx: kolumnen Jämförbart pekar på 2018-distrikt 14807044, geometri 100.0/98.3 procent. geometri geo_overlap_2018_2022.csv: 14807044 (Västra Hisingen, Hällsvik) täcker 100.0 procent av det nya distriktet, 98.3 procent av det gamla ligger där, 1 källor över 5 procent;mappning_2018_2022.csv (Goteborgs stad) + geometri
14800824;Västra Hisingen, Trånget;14807043;Västra Hisingen, Hjuvik;omritad;ej markerad som jämförbar i kolumnen Jämförbart i Göteborgs stads fil (mappning_2018_2022.csv). geometri geo_overlap_2018_2022.csv: 14807043 (Västra Hisingen, Hjuvik) täcker 66.0 procent av det nya distriktet, 29.3 procent av det gamla ligger där, 2 källor över 5 procent;geometri + mappning_2018_2022.csv
14800825;Västra Hisingen, Tumlehed;14807056;Västra Hisingen, Tumlehed;identisk;Göteborgs stad jamforelser-2018-och-2022-valdistrikt-och-uppsamlingsdistrikt-v2.xlsx: kolumnen Jämförbart pekar på 2018-distrikt 14807056, geometri 98.5/94.2 procent. geometri geo_overlap_2018_2022.csv: 14807056 (Västra Hisingen, Tumlehed) täcker 98.5 procent av det nya distriktet, 94.2 procent av det gamla ligger där, 1 källor över 5 procent OBS geometrin är inte 1:1, 14807056 täcker 98.5 procent av 2022-distriktet och 94.2 procent av 2018-distriktet ligger där;mappning_2018_2022.csv (Goteborgs stad) + geometri
14800826;Västra Hisingen, Torslanda Röd;14807053;Västra Hisingen, Nolered;omritad;ej markerad som jämförbar i kolumnen Jämförbart i Göteborgs stads fil (mappning_2018_2022.csv). geometri geo_overlap_2018_2022.csv: 14807053 (Västra Hisingen, Nolered) täcker 84.6 procent av det nya distriktet, 50.2 procent av det gamla ligger där, 2 källor över 5 procent;geometri + mappning_2018_2022.csv
14800827;Västra Hisingen, Gossbydal;14807042;Västra Hisingen, Gossbydal-Trånget;omritad;ej markerad som jämförbar i kolumnen Jämförbart i Göteborgs stads fil (mappning_2018_2022.csv). geometri geo_overlap_2018_2022.csv: 14807042 (Västra Hisingen, Gossbydal-Trånget) täcker 81.1 procent av det nya distriktet, 47.6 procent av det gamla ligger där, 2 källor över 5 procent;geometri + mappning_2018_2022.csv
14800828;Västra Hisingen, Nolered;14807053;Västra Hisingen, Nolered;omritad;ej markerad som jämförbar i kolumnen Jämförbart i Göteborgs stads fil (mappning_2018_2022.csv). geometri geo_overlap_2018_2022.csv: 14807053 (Västra Hisingen, Nolered) täcker 83.1 procent av det nya distriktet, 40.8 procent av det gamla ligger där, 3 källor över 5 procent;geometri + mappning_2018_2022.csv
14800829;Västra Hisingen, Torslanda Torg;14807055;Västra Hisingen, Torslanda Torg;omritad;ej markerad som jämförbar i kolumnen Jämförbart i Göteborgs stads fil (mappning_2018_2022.csv). geometri geo_overlap_2018_2022.csv: 14807055 (Västra Hisingen, Torslanda Torg) täcker 77.0 procent av det nya distriktet, 87.4 procent av det gamla ligger där, 2 källor över 5 procent;geometri + mappning_2018_2022.csv
14800830;Västra Hisingen, Torslanda;14807054;Västra Hisingen, Torslanda;omritad;ej markerad som jämförbar i kolumnen Jämförbart i Göteborgs stads fil (mappning_2018_2022.csv). geometri geo_overlap_2018_2022.csv: 14807054 (Västra Hisingen, Torslanda) täcker 77.0 procent av det nya distriktet, 63.1 procent av det gamla ligger där, 2 källor över 5 procent;geometri + mappning_2018_2022.csv
14800831;Västra Hisingen, Domarringen m fl;14807052;Västra Hisingen, Domarringen m fl;omritad;ej markerad som jämförbar i kolumnen Jämförbart i Göteborgs stads fil (mappning_2018_2022.csv). geometri geo_overlap_2018_2022.csv: 14807052 (Västra Hisingen, Domarringen m fl) täcker 79.7 procent av det nya distriktet, 64.4 procent av det gamla ligger där, 2 källor över 5 procent;geometri + mappning_2018_2022.csv
14800832;Västra Hisingen, Änghagen;14807052;Västra Hisingen, Domarringen m fl;omritad;ej markerad som jämförbar i kolumnen Jämförbart i Göteborgs stads fil (mappning_2018_2022.csv). geometri geo_overlap_2018_2022.csv: 14807052 (Västra Hisingen, Domarringen m fl) täcker 42.7 procent av det nya distriktet, 25.8 procent av det gamla ligger där, 3 källor över 5 procent;geometri + mappning_2018_2022.csv
14800833;Västra Hisingen, Älvegården;14807065;Västra Hisingen, Älvegården m fl;omritad;ej markerad som jämförbar i kolumnen Jämförbart i Göteborgs stads fil (mappning_2018_2022.csv). geometri geo_overlap_2018_2022.csv: 14807065 (Västra Hisingen, Älvegården m fl) täcker 81.6 procent av det nya distriktet, 79.3 procent av det gamla ligger där, 2 källor över 5 procent;geometri + mappning_2018_2022.csv
14800834;Västra Hisingen, Lilleby;14807063;Västra Hisingen, Lilleby;delad;ej markerad som jämförbar i kolumnen Jämförbart i Göteborgs stads fil (mappning_2018_2022.csv). geometri geo_overlap_2018_2022.csv: 14807063 (Västra Hisingen, Lilleby) täcker 100.0 procent av det nya distriktet, 96.1 procent av det gamla ligger där, 1 källor över 5 procent;geometri + mappning_2018_2022.csv
14800835;Västra Hisingen, Kvisljungeby;14807062;Västra Hisingen, Kvisljungeby;omritad;ej markerad som jämförbar i kolumnen Jämförbart i Göteborgs stads fil (mappning_2018_2022.csv). geometri geo_overlap_2018_2022.csv: 14807062 (Västra Hisingen, Kvisljungeby) täcker 42.9 procent av det nya distriktet, 70.2 procent av det gamla ligger där, 3 källor över 5 procent;geometri + mappning_2018_2022.csv
14800836;Västra Hisingen, Björlanda;14807061;Västra Hisingen, Björlanda;omritad;ej markerad som jämförbar i kolumnen Jämförbart i Göteborgs stads fil (mappning_2018_2022.csv). geometri geo_overlap_2018_2022.csv: 14807061 (Västra Hisingen, Björlanda) täcker 96.9 procent av det nya distriktet, 90.4 procent av det gamla ligger där, 1 källor över 5 procent;geometri + mappning_2018_2022.csv
14800837;Västra Hisingen, Nolvik;14807064;Västra Hisingen, Nolvik;identisk;Göteborgs stad jamforelser-2018-och-2022-valdistrikt-och-uppsamlingsdistrikt-v2.xlsx: kolumnen Jämförbart pekar på 2018-distrikt 14807064, geometri 92.1/97.9 procent. geometri geo_overlap_2018_2022.csv: 14807064 (Västra Hisingen, Nolvik) täcker 92.1 procent av det nya distriktet, 97.9 procent av det gamla ligger där, 2 källor över 5 procent OBS geometrin är inte 1:1, 14807064 täcker 92.1 procent av 2022-distriktet och 97.9 procent av 2018-distriktet ligger där;mappning_2018_2022.csv (Goteborgs stad) + geometri
14800901;Centrala Hisingen, Kärrdalen;14804041;Lundby, Kärrdalen;omritad;ej markerad som jämförbar i kolumnen Jämförbart i Göteborgs stads fil (mappning_2018_2022.csv). geometri geo_overlap_2018_2022.csv: 14804041 (Lundby, Kärrdalen) täcker 96.9 procent av det nya distriktet, 80.3 procent av det gamla ligger där, 1 källor över 5 procent;geometri + mappning_2018_2022.csv
14800902;Centrala Hisingen, Tolered Norra;14804042;Lundby, Tolered, Norra;omritad;ej markerad som jämförbar i kolumnen Jämförbart i Göteborgs stads fil (mappning_2018_2022.csv). geometri geo_overlap_2018_2022.csv: 14804042 (Lundby, Tolered, Norra) täcker 56.9 procent av det nya distriktet, 69.0 procent av det gamla ligger där, 2 källor över 5 procent;geometri + mappning_2018_2022.csv
14800903;Centrala Hisingen, Slätta Damm;14804033;Lundby, Slätta Damm;omritad;ej markerad som jämförbar i kolumnen Jämförbart i Göteborgs stads fil (mappning_2018_2022.csv). geometri geo_overlap_2018_2022.csv: 14804033 (Lundby, Slätta Damm) täcker 52.2 procent av det nya distriktet, 94.1 procent av det gamla ligger där, 3 källor över 5 procent;geometri + mappning_2018_2022.csv
14800904;Centrala Hisingen, Bjurslätt Norra;14804031;Lundby, Bjurslätt, Norra;omritad;ej markerad som jämförbar i kolumnen Jämförbart i Göteborgs stads fil (mappning_2018_2022.csv). geometri geo_overlap_2018_2022.csv: 14804031 (Lundby, Bjurslätt, Norra) täcker 74.4 procent av det nya distriktet, 94.2 procent av det gamla ligger där, 3 källor över 5 procent;geometri + mappning_2018_2022.csv
14800905;Centrala Hisingen, Hildedal;14804032;Lundby, Hilldedal;delad;ej markerad som jämförbar i kolumnen Jämförbart i Göteborgs stads fil (mappning_2018_2022.csv). geometri geo_overlap_2018_2022.csv: 14804032 (Lundby, Hilldedal) täcker 98.2 procent av det nya distriktet, 80.5 procent av det gamla ligger där, 1 källor över 5 procent;geometri + mappning_2018_2022.csv
14800906;Centrala Hisingen, Tolered Södra;14804043;Lundby, Tolered, Södra;omritad;ej markerad som jämförbar i kolumnen Jämförbart i Göteborgs stads fil (mappning_2018_2022.csv). geometri geo_overlap_2018_2022.csv: 14804043 (Lundby, Tolered, Södra) täcker 79.4 procent av det nya distriktet, 92.7 procent av det gamla ligger där, 3 källor över 5 procent;geometri + mappning_2018_2022.csv
14800907;Centrala Hisingen, Tolered Östra;14804021;Lundby, Bjurslätt, Södra;omritad;ej markerad som jämförbar i kolumnen Jämförbart i Göteborgs stads fil (mappning_2018_2022.csv). geometri geo_overlap_2018_2022.csv: 14804021 (Lundby, Bjurslätt, Södra) täcker 54.8 procent av det nya distriktet, 79.2 procent av det gamla ligger där, 5 källor över 5 procent;geometri + mappning_2018_2022.csv
14800908;Centrala Hisingen, Flunsås;14804022;Lundby, Flunsås;delad;ej markerad som jämförbar i kolumnen Jämförbart i Göteborgs stads fil (mappning_2018_2022.csv). geometri geo_overlap_2018_2022.csv: 14804022 (Lundby, Flunsås) täcker 99.9 procent av det nya distriktet, 56.6 procent av det gamla ligger där, 1 källor över 5 procent;geometri + mappning_2018_2022.csv
14800909;Centrala Hisingen, Wieselgrenspl.;14804027;Lundby, Wieselgrensplatsen;omritad;ej markerad som jämförbar i kolumnen Jämförbart i Göteborgs stads fil (mappning_2018_2022.csv). geometri geo_overlap_2018_2022.csv: 14804027 (Lundby, Wieselgrensplatsen) täcker 74.4 procent av det nya distriktet, 35.8 procent av det gamla ligger där, 2 källor över 5 procent;geometri + mappning_2018_2022.csv
14800910;Centrala Hisingen, Bjurslätt Södra;14804023;Lundby, Kvillebäcken, Norra;omritad;ej markerad som jämförbar i kolumnen Jämförbart i Göteborgs stads fil (mappning_2018_2022.csv). geometri geo_overlap_2018_2022.csv: 14804023 (Lundby, Kvillebäcken, Norra) täcker 48.4 procent av det nya distriktet, 32.1 procent av det gamla ligger där, 3 källor över 5 procent;geometri + mappning_2018_2022.csv
14800911;Centrala Hisingen, Fyrklövern;14804021;Lundby, Bjurslätt, Södra;delad;ej markerad som jämförbar i kolumnen Jämförbart i Göteborgs stads fil (mappning_2018_2022.csv). geometri geo_overlap_2018_2022.csv: 14804021 (Lundby, Bjurslätt, Södra) täcker 99.9 procent av det nya distriktet, 14.6 procent av det gamla ligger där, 1 källor över 5 procent;geometri + mappning_2018_2022.csv
14800912;Centrala Hisingen, Kvillebäcken N;14804023;Lundby, Kvillebäcken, Norra;delad;ej markerad som jämförbar i kolumnen Jämförbart i Göteborgs stads fil (mappning_2018_2022.csv). geometri geo_overlap_2018_2022.csv: 14804023 (Lundby, Kvillebäcken, Norra) täcker 100.0 procent av det nya distriktet, 67.9 procent av det gamla ligger där, 1 källor över 5 procent;geometri + mappning_2018_2022.csv
14800913;Centrala Hisingen, Kvillebäcken S;14804024;Lundby, Kvillebäcken, Södra;delad;ej markerad som jämförbar i kolumnen Jämförbart i Göteborgs stads fil (mappning_2018_2022.csv). geometri geo_overlap_2018_2022.csv: 14804024 (Lundby, Kvillebäcken, Södra) täcker 100.0 procent av det nya distriktet, 72.6 procent av det gamla ligger där, 1 källor över 5 procent;geometri + mappning_2018_2022.csv
14800914;Centrala Hisingen, Kvillebäcken Ö;14804025;Lundby, Kvillebäcken, Östra;omritad;ej markerad som jämförbar i kolumnen Jämförbart i Göteborgs stads fil (mappning_2018_2022.csv). geometri geo_overlap_2018_2022.csv: 14804025 (Lundby, Kvillebäcken, Östra) täcker 77.7 procent av det nya distriktet, 81.4 procent av det gamla ligger där, 2 källor över 5 procent;geometri + mappning_2018_2022.csv
14800915;Centrala Hisingen, Vågmästareplatsen;14804028;Lundby, Vågmästarplatsen;omritad;ej markerad som jämförbar i kolumnen Jämförbart i Göteborgs stads fil (mappning_2018_2022.csv). geometri geo_overlap_2018_2022.csv: 14804028 (Lundby, Vågmästarplatsen) täcker 65.0 procent av det nya distriktet, 50.6 procent av det gamla ligger där, 2 källor över 5 procent;geometri + mappning_2018_2022.csv
14800916;Centrala Hisingen, Backaplan;14804026;Lundby, Penselgatan m fl;omritad;ej markerad som jämförbar i kolumnen Jämförbart i Göteborgs stads fil (mappning_2018_2022.csv). geometri geo_overlap_2018_2022.csv: 14804026 (Lundby, Penselgatan m fl) täcker 92.5 procent av det nya distriktet, 39.4 procent av det gamla ligger där, 1 källor över 5 procent;geometri + mappning_2018_2022.csv
14800917;Centrala Hisingen, Lundbyvassen;14804172;Lundby, Lundbyvassen;omritad;ej markerad som jämförbar i kolumnen Jämförbart i Göteborgs stads fil (mappning_2018_2022.csv). geometri geo_overlap_2018_2022.csv: 14804172 (Lundby, Lundbyvassen) täcker 54.5 procent av det nya distriktet, 91.1 procent av det gamla ligger där, 3 källor över 5 procent;geometri + mappning_2018_2022.csv
14800918;Centrala Hisingen, Porslinsfabriken;14804153;Lundby, Porslinsfabriken;omritad;ej markerad som jämförbar i kolumnen Jämförbart i Göteborgs stads fil (mappning_2018_2022.csv). geometri geo_overlap_2018_2022.csv: 14804153 (Lundby, Porslinsfabriken) täcker 56.6 procent av det nya distriktet, 90.0 procent av det gamla ligger där, 2 källor över 5 procent;geometri + mappning_2018_2022.csv
14800919;Centrala Hisingen, Brämaregården S;14804152;Lundby, Brämaregården, Södra;omritad;ej markerad som jämförbar i kolumnen Jämförbart i Göteborgs stads fil (mappning_2018_2022.csv). geometri geo_overlap_2018_2022.csv: 14804152 (Lundby, Brämaregården, Södra) täcker 91.2 procent av det nya distriktet, 79.8 procent av det gamla ligger där, 2 källor över 5 procent;geometri + mappning_2018_2022.csv
14800920;Centrala Hisingen, Kvillestaden;14804151;Lundby, Brämaregården, Norra;omritad;ej markerad som jämförbar i kolumnen Jämförbart i Göteborgs stads fil (mappning_2018_2022.csv). geometri geo_overlap_2018_2022.csv: 14804151 (Lundby, Brämaregården, Norra) täcker 75.4 procent av det nya distriktet, 59.7 procent av det gamla ligger där, 2 källor över 5 procent;geometri + mappning_2018_2022.csv
14800921;Centrala Hisingen, Brämaregården N;14804156;Lundby, Rambergsstaden, Östra;omritad;ej markerad som jämförbar i kolumnen Jämförbart i Göteborgs stads fil (mappning_2018_2022.csv). geometri geo_overlap_2018_2022.csv: 14804156 (Lundby, Rambergsstaden, Östra) täcker 57.0 procent av det nya distriktet, 35.8 procent av det gamla ligger där, 3 källor över 5 procent;geometri + mappning_2018_2022.csv
14800922;Centrala Hisingen, Rambergsstaden Ö;14804156;Lundby, Rambergsstaden, Östra;omritad;ej markerad som jämförbar i kolumnen Jämförbart i Göteborgs stads fil (mappning_2018_2022.csv). geometri geo_overlap_2018_2022.csv: 14804156 (Lundby, Rambergsstaden, Östra) täcker 95.9 procent av det nya distriktet, 47.0 procent av det gamla ligger där, 1 källor över 5 procent;geometri + mappning_2018_2022.csv
14800923;Centrala Hisingen, Rambergsstaden N;14804154;Lundby, Rambergsstaden, Norra;omritad;ej markerad som jämförbar i kolumnen Jämförbart i Göteborgs stads fil (mappning_2018_2022.csv). geometri geo_overlap_2018_2022.csv: 14804154 (Lundby, Rambergsstaden, Norra) täcker 90.0 procent av det nya distriktet, 45.0 procent av det gamla ligger där, 2 källor över 5 procent;geometri + mappning_2018_2022.csv
14800924;Centrala Hisingen, Rambergsvallen;14804154;Lundby, Rambergsstaden, Norra;omritad;ej markerad som jämförbar i kolumnen Jämförbart i Göteborgs stads fil (mappning_2018_2022.csv). geometri geo_overlap_2018_2022.csv: 14804154 (Lundby, Rambergsstaden, Norra) täcker 73.5 procent av det nya distriktet, 50.6 procent av det gamla ligger där, 2 källor över 5 procent;geometri + mappning_2018_2022.csv
14800925;Centrala Hisingen, Rambergsstaden S;14804155;Lundby, Rambergsstaden, Södra;omritad;ej markerad som jämförbar i kolumnen Jämförbart i Göteborgs stads fil (mappning_2018_2022.csv). geometri geo_overlap_2018_2022.csv: 14804155 (Lundby, Rambergsstaden, Södra) täcker 95.0 procent av det nya distriktet, 95.7 procent av det gamla ligger där, 1 källor över 5 procent;geometri + mappning_2018_2022.csv
14800926;Centrala Hisingen, Kyrkbyn Norra;14804143;Lundby, Kyrkbyn;omritad;ej markerad som jämförbar i kolumnen Jämförbart i Göteborgs stads fil (mappning_2018_2022.csv). geometri geo_overlap_2018_2022.csv: 14804143 (Lundby, Kyrkbyn) täcker 57.1 procent av det nya distriktet, 66.4 procent av det gamla ligger där, 2 källor över 5 procent;geometri + mappning_2018_2022.csv
14800927;Centrala Hisingen, Lundby Norra;14804144;Lundby, Lundby, Norra;delad;ej markerad som jämförbar i kolumnen Jämförbart i Göteborgs stads fil (mappning_2018_2022.csv). geometri geo_overlap_2018_2022.csv: 14804144 (Lundby, Lundby, Norra) täcker 99.9 procent av det nya distriktet, 63.2 procent av det gamla ligger där, 1 källor över 5 procent;geometri + mappning_2018_2022.csv
14800928;Centrala Hisingen, Kyrkbyn Södra;14804143;Lundby, Kyrkbyn;omritad;ej markerad som jämförbar i kolumnen Jämförbart i Göteborgs stads fil (mappning_2018_2022.csv). geometri geo_overlap_2018_2022.csv: 14804143 (Lundby, Kyrkbyn) täcker 45.5 procent av det nya distriktet, 25.7 procent av det gamla ligger där, 3 källor över 5 procent;geometri + mappning_2018_2022.csv
14800929;Centrala Hisingen, Lundby Södra;14804145;Lundby, Lundby, Södra;omritad;ej markerad som jämförbar i kolumnen Jämförbart i Göteborgs stads fil (mappning_2018_2022.csv). geometri geo_overlap_2018_2022.csv: 14804145 (Lundby, Lundby, Södra) täcker 93.2 procent av det nya distriktet, 83.5 procent av det gamla ligger där, 2 källor över 5 procent;geometri + mappning_2018_2022.csv
14800930;Centrala Hisingen, Bräcke Norra;14804141;Lundby, Bräcke, Norra;delad;ej markerad som jämförbar i kolumnen Jämförbart i Göteborgs stads fil (mappning_2018_2022.csv). geometri geo_overlap_2018_2022.csv: 14804141 (Lundby, Bräcke, Norra) täcker 100.0 procent av det nya distriktet, 93.5 procent av det gamla ligger där, 1 källor över 5 procent;geometri + mappning_2018_2022.csv
14800931;Centrala Hisingen, Bräcke Södra;14804142;Lundby, Bräcke, Södra;identisk;Göteborgs stad jamforelser-2018-och-2022-valdistrikt-och-uppsamlingsdistrikt-v2.xlsx: kolumnen Jämförbart pekar på 2018-distrikt 14804142, geometri 100.0/97.4 procent. geometri geo_overlap_2018_2022.csv: 14804142 (Lundby, Bräcke, Södra) täcker 100.0 procent av det nya distriktet, 97.4 procent av det gamla ligger där, 1 källor över 5 procent OBS geometrin är inte 1:1, 14804142 täcker 100.0 procent av 2022-distriktet och 97.4 procent av 2018-distriktet ligger där;mappning_2018_2022.csv (Goteborgs stad) + geometri
14800932;Centrala Hisingen, Pölsebo-Bratterås;14804164;Lundby, Pölsebo-Bratterås;omritad;ej markerad som jämförbar i kolumnen Jämförbart i Göteborgs stads fil (mappning_2018_2022.csv). geometri geo_overlap_2018_2022.csv: 14804164 (Lundby, Pölsebo-Bratterås) täcker 97.3 procent av det nya distriktet, 94.2 procent av det gamla ligger där, 1 källor över 5 procent;geometri + mappning_2018_2022.csv
14800933;Centrala Hisingen, Färjenäs;14804163;Lundby, Färjenäs;omritad;ej markerad som jämförbar i kolumnen Jämförbart i Göteborgs stads fil (mappning_2018_2022.csv). geometri geo_overlap_2018_2022.csv: 14804163 (Lundby, Färjenäs) täcker 96.5 procent av det nya distriktet, 98.2 procent av det gamla ligger där, 1 källor över 5 procent;geometri + mappning_2018_2022.csv
14800934;Centrala Hisingen, Eriksberg Västra;14804161;Lundby, Eriksberg, Västra;delad;ej markerad som jämförbar i kolumnen Jämförbart i Göteborgs stads fil (mappning_2018_2022.csv). geometri geo_overlap_2018_2022.csv: 14804161 (Lundby, Eriksberg, Västra) täcker 99.4 procent av det nya distriktet, 84.4 procent av det gamla ligger där, 1 källor över 5 procent;geometri + mappning_2018_2022.csv
14800935;Centrala Hisingen, Eriksberg Östra;14804162;Lundby, Eriksberg, Östra;omritad;ej markerad som jämförbar i kolumnen Jämförbart i Göteborgs stads fil (mappning_2018_2022.csv). geometri geo_overlap_2018_2022.csv: 14804162 (Lundby, Eriksberg, Östra) täcker 89.8 procent av det nya distriktet, 78.2 procent av det gamla ligger där, 2 källor över 5 procent;geometri + mappning_2018_2022.csv
14800936;Centrala Hisingen, Sörhallsberget S;14804166;Lundby, Södhallsberget;omritad;ej markerad som jämförbar i kolumnen Jämförbart i Göteborgs stads fil (mappning_2018_2022.csv). geometri geo_overlap_2018_2022.csv: 14804166 (Lundby, Södhallsberget) täcker 76.0 procent av det nya distriktet, 48.6 procent av det gamla ligger där, 2 källor över 5 procent;geometri + mappning_2018_2022.csv
14800937;Centrala Hisingen, Sörhallsberget N;14804166;Lundby, Södhallsberget;omritad;ej markerad som jämförbar i kolumnen Jämförbart i Göteborgs stads fil (mappning_2018_2022.csv). geometri geo_overlap_2018_2022.csv: 14804166 (Lundby, Södhallsberget) täcker 84.2 procent av det nya distriktet, 50.1 procent av det gamla ligger där, 2 källor över 5 procent;geometri + mappning_2018_2022.csv
14800938;Centrala Hisingen, Sannegården V;14804165;Lundby, Sannegården, Västra;omritad;ej markerad som jämförbar i kolumnen Jämförbart i Göteborgs stads fil (mappning_2018_2022.csv). geometri geo_overlap_2018_2022.csv: 14804165 (Lundby, Sannegården, Västra) täcker 89.0 procent av det nya distriktet, 63.9 procent av det gamla ligger där, 2 källor över 5 procent;geometri + mappning_2018_2022.csv
14800939;Centrala Hisingen, Sannegården Ö;14804173;Lundby, Sannegården, Östra;delad;ej markerad som jämförbar i kolumnen Jämförbart i Göteborgs stads fil (mappning_2018_2022.csv). geometri geo_overlap_2018_2022.csv: 14804173 (Lundby, Sannegården, Östra) täcker 99.9 procent av det nya distriktet, 55.4 procent av det gamla ligger där, 1 källor över 5 procent;geometri + mappning_2018_2022.csv
14800940;Centrala Hisingen, Lindholmen Södra;14804171;Lundby, Lindholmen;omritad;ej markerad som jämförbar i kolumnen Jämförbart i Göteborgs stads fil (mappning_2018_2022.csv). geometri geo_overlap_2018_2022.csv: 14804171 (Lundby, Lindholmen) täcker 94.0 procent av det nya distriktet, 52.5 procent av det gamla ligger där, 2 källor över 5 procent;geometri + mappning_2018_2022.csv
14800941;Centrala Hisingen, Lindholmen Norra;14804172;Lundby, Lundbyvassen;omritad;ej markerad som jämförbar i kolumnen Jämförbart i Göteborgs stads fil (mappning_2018_2022.csv). geometri geo_overlap_2018_2022.csv: 14804172 (Lundby, Lundbyvassen) täcker 62.3 procent av det nya distriktet, 8.9 procent av det gamla ligger där, 3 källor över 5 procent;geometri + mappning_2018_2022.csv
14801001;Norra Hisingen, Rödbo;14804081;Norra Hisingen, Rödbo;identisk;Göteborgs stad jamforelser-2018-och-2022-valdistrikt-och-uppsamlingsdistrikt-v2.xlsx: kolumnen Jämförbart pekar på 2018-distrikt 14804081, geometri 100.0/100.0 procent. geometri geo_overlap_2018_2022.csv: 14804081 (Norra Hisingen, Rödbo) täcker 100.0 procent av det nya distriktet, 100.0 procent av det gamla ligger där, 1 källor över 5 procent;mappning_2018_2022.csv (Goteborgs stad) + geometri
14801002;Norra Hisingen, Mysterna-Svankälla;14804076;Norra Hisingen, Mysterna-Svankälla;identisk;Göteborgs stad jamforelser-2018-och-2022-valdistrikt-och-uppsamlingsdistrikt-v2.xlsx: kolumnen Jämförbart pekar på 2018-distrikt 14804076, geometri 100.0/100.0 procent. geometri geo_overlap_2018_2022.csv: 14804076 (Norra Hisingen, Mysterna-Svankälla) täcker 100.0 procent av det nya distriktet, 100.0 procent av det gamla ligger där, 1 källor över 5 procent;mappning_2018_2022.csv (Goteborgs stad) + geometri
14801003;Norra Hisingen, Gerrebacka-Ingebäck;14804071;Norra Hisingen, Gerrebacka-Ingebäck;identisk;Göteborgs stad jamforelser-2018-och-2022-valdistrikt-och-uppsamlingsdistrikt-v2.xlsx: kolumnen Jämförbart pekar på 2018-distrikt 14804071, geometri 100.0/100.0 procent. geometri geo_overlap_2018_2022.csv: 14804071 (Norra Hisingen, Gerrebacka-Ingebäck) täcker 100.0 procent av det nya distriktet, 100.0 procent av det gamla ligger där, 1 källor över 5 procent;mappning_2018_2022.csv (Goteborgs stad) + geometri
14801004;Norra Hisingen, Kärra Norra;14804072;Norra Hisingen, Kärra, Norra;identisk;Göteborgs stad jamforelser-2018-och-2022-valdistrikt-och-uppsamlingsdistrikt-v2.xlsx: kolumnen Jämförbart pekar på 2018-distrikt 14804072, geometri 94.6/99.8 procent. geometri geo_overlap_2018_2022.csv: 14804072 (Norra Hisingen, Kärra, Norra) täcker 94.6 procent av det nya distriktet, 99.8 procent av det gamla ligger där, 2 källor över 5 procent OBS geometrin är inte 1:1, 14804072 täcker 94.6 procent av 2022-distriktet och 99.8 procent av 2018-distriktet ligger där;mappning_2018_2022.csv (Goteborgs stad) + geometri
14801005;Norra Hisingen, Kärra Östra;14804075;Norra Hisingen, Kärra, Östra;identisk;Göteborgs stad jamforelser-2018-och-2022-valdistrikt-och-uppsamlingsdistrikt-v2.xlsx: kolumnen Jämförbart pekar på 2018-distrikt 14804075, geometri 99.2/97.9 procent. geometri geo_overlap_2018_2022.csv: 14804075 (Norra Hisingen, Kärra, Östra) täcker 99.2 procent av det nya distriktet, 97.9 procent av det gamla ligger där, 1 källor över 5 procent OBS geometrin är inte 1:1, 14804075 täcker 99.2 procent av 2022-distriktet och 97.9 procent av 2018-distriktet ligger där;mappning_2018_2022.csv (Goteborgs stad) + geometri
14801006;Norra Hisingen, Kärra Södra;14804073;Norra Hisingen, Kärra, Södra;identisk;Göteborgs stad jamforelser-2018-och-2022-valdistrikt-och-uppsamlingsdistrikt-v2.xlsx: kolumnen Jämförbart pekar på 2018-distrikt 14804073, geometri 97.5/97.5 procent. geometri geo_overlap_2018_2022.csv: 14804073 (Norra Hisingen, Kärra, Södra) täcker 97.5 procent av det nya distriktet, 97.5 procent av det gamla ligger där, 1 källor över 5 procent OBS geometrin är inte 1:1, 14804073 täcker 97.5 procent av 2022-distriktet och 97.5 procent av 2018-distriktet ligger där;mappning_2018_2022.csv (Goteborgs stad) + geometri
14801007;Norra Hisingen, Kärra Västra;14804074;Norra Hisingen, Kärra, Västra;identisk;Göteborgs stad jamforelser-2018-och-2022-valdistrikt-och-uppsamlingsdistrikt-v2.xlsx: kolumnen Jämförbart pekar på 2018-distrikt 14804074, geometri 99.9/99.9 procent. geometri geo_overlap_2018_2022.csv: 14804074 (Norra Hisingen, Kärra, Västra) täcker 99.9 procent av det nya distriktet, 99.9 procent av det gamla ligger där, 1 källor över 5 procent;mappning_2018_2022.csv (Goteborgs stad) + geometri
14801008;Norra Hisingen, Skogome;14804092;Norra Hisingen, Skogome;identisk;Göteborgs stad jamforelser-2018-och-2022-valdistrikt-och-uppsamlingsdistrikt-v2.xlsx: kolumnen Jämförbart pekar på 2018-distrikt 14804092, geometri 99.8/99.5 procent. geometri geo_overlap_2018_2022.csv: 14804092 (Norra Hisingen, Skogome) täcker 99.8 procent av det nya distriktet, 99.5 procent av det gamla ligger där, 1 källor över 5 procent;mappning_2018_2022.csv (Goteborgs stad) + geometri
14801009;Norra Hisingen, Åketorp;14804135;Norra Hisingen, Åketorp;identisk;Göteborgs stad jamforelser-2018-och-2022-valdistrikt-och-uppsamlingsdistrikt-v2.xlsx: kolumnen Jämförbart pekar på 2018-distrikt 14804135, geometri 100.0/100.0 procent. geometri geo_overlap_2018_2022.csv: 14804135 (Norra Hisingen, Åketorp) täcker 100.0 procent av det nya distriktet, 100.0 procent av det gamla ligger där, 1 källor över 5 procent;mappning_2018_2022.csv (Goteborgs stad) + geometri
14801010;Norra Hisingen, Bäckebol Norra;14804132;Norra Hisingen, Bäckebol;delad;ej markerad som jämförbar i kolumnen Jämförbart i Göteborgs stads fil (mappning_2018_2022.csv). geometri geo_overlap_2018_2022.csv: 14804132 (Norra Hisingen, Bäckebol) täcker 100.0 procent av det nya distriktet, 97.2 procent av det gamla ligger där, 1 källor över 5 procent;geometri + mappning_2018_2022.csv
14801011;Norra Hisingen, Backadalen;14804131;Norra Hisingen, Backadalen;omritad;ej markerad som jämförbar i kolumnen Jämförbart i Göteborgs stads fil (mappning_2018_2022.csv). geometri geo_overlap_2018_2022.csv: 14804131 (Norra Hisingen, Backadalen) täcker 92.1 procent av det nya distriktet, 81.9 procent av det gamla ligger där, 2 källor över 5 procent;geometri + mappning_2018_2022.csv
14801012;Norra Hisingen, Bäckebol Södra;14804133;Norra Hisingen, Selma Lagerlöfs torg;omritad;ej markerad som jämförbar i kolumnen Jämförbart i Göteborgs stads fil (mappning_2018_2022.csv). geometri geo_overlap_2018_2022.csv: 14804133 (Norra Hisingen, Selma Lagerlöfs torg) täcker 59.6 procent av det nya distriktet, 12.5 procent av det gamla ligger där, 2 källor över 5 procent;geometri + mappning_2018_2022.csv
14801013;Norra Hisingen, Skälltorp;14804134;Norra Hisingen, Skälltorp;delad;ej markerad som jämförbar i kolumnen Jämförbart i Göteborgs stads fil (mappning_2018_2022.csv). geometri geo_overlap_2018_2022.csv: 14804134 (Norra Hisingen, Skälltorp) täcker 100.0 procent av det nya distriktet, 44.3 procent av det gamla ligger där, 1 källor över 5 procent;geometri + mappning_2018_2022.csv
14801014;Norra Hisingen, Selma Lagerlöfs Torg;14804133;Norra Hisingen, Selma Lagerlöfs torg;omritad;ej markerad som jämförbar i kolumnen Jämförbart i Göteborgs stads fil (mappning_2018_2022.csv). geometri geo_overlap_2018_2022.csv: 14804133 (Norra Hisingen, Selma Lagerlöfs torg) täcker 58.1 procent av det nya distriktet, 85.0 procent av det gamla ligger där, 2 källor över 5 procent;geometri + mappning_2018_2022.csv
14801015;Norra Hisingen, Sankt Jörgen;14804091;Norra Hisingen, Sankt Jörgen;omritad;ej markerad som jämförbar i kolumnen Jämförbart i Göteborgs stads fil (mappning_2018_2022.csv). geometri geo_overlap_2018_2022.csv: 14804091 (Norra Hisingen, Sankt Jörgen) täcker 90.9 procent av det nya distriktet, 98.6 procent av det gamla ligger där, 2 källor över 5 procent;geometri + mappning_2018_2022.csv
14801016;Norra Hisingen, Backa Röd;14804121;Norra Hisingen, Backa Röd;delad;ej markerad som jämförbar i kolumnen Jämförbart i Göteborgs stads fil (mappning_2018_2022.csv). geometri geo_overlap_2018_2022.csv: 14804121 (Norra Hisingen, Backa Röd) täcker 99.8 procent av det nya distriktet, 92.2 procent av det gamla ligger där, 1 källor över 5 procent;geometri + mappning_2018_2022.csv
14801017;Norra Hisingen, Julias Gata m fl;14804125;Norra Hisingen, Wadköpingsgatan m fl;delad;ej markerad som jämförbar i kolumnen Jämförbart i Göteborgs stads fil (mappning_2018_2022.csv). geometri geo_overlap_2018_2022.csv: 14804125 (Norra Hisingen, Wadköpingsgatan m fl) täcker 99.5 procent av det nya distriktet, 66.3 procent av det gamla ligger där, 1 källor över 5 procent;geometri + mappning_2018_2022.csv
14801018;Norra Hisingen, Blendas Gata m fl;14804123;Norra Hisingen, Backa, Södra;omritad;ej markerad som jämförbar i kolumnen Jämförbart i Göteborgs stads fil (mappning_2018_2022.csv). geometri geo_overlap_2018_2022.csv: 14804123 (Norra Hisingen, Backa, Södra) täcker 71.3 procent av det nya distriktet, 35.9 procent av det gamla ligger där, 2 källor över 5 procent;geometri + mappning_2018_2022.csv
14801019;Norra Hisingen, Backa Södra;14804123;Norra Hisingen, Backa, Södra;omritad;ej markerad som jämförbar i kolumnen Jämförbart i Göteborgs stads fil (mappning_2018_2022.csv). geometri geo_overlap_2018_2022.csv: 14804123 (Norra Hisingen, Backa, Södra) täcker 51.4 procent av det nya distriktet, 64.0 procent av det gamla ligger där, 2 källor över 5 procent;geometri + mappning_2018_2022.csv
14801020;Norra Hisingen, Backa Norra;14804122;Norra Hisingen, Backa, Norra;omritad;ej markerad som jämförbar i kolumnen Jämförbart i Göteborgs stads fil (mappning_2018_2022.csv). geometri geo_overlap_2018_2022.csv: 14804122 (Norra Hisingen, Backa, Norra) täcker 78.1 procent av det nya distriktet, 78.5 procent av det gamla ligger där, 2 källor över 5 procent;geometri + mappning_2018_2022.csv
14801021;Norra Hisingen, Bällskär;14804124;Norra Hisingen, Bällskär;delad;ej markerad som jämförbar i kolumnen Jämförbart i Göteborgs stads fil (mappning_2018_2022.csv). geometri geo_overlap_2018_2022.csv: 14804124 (Norra Hisingen, Bällskär) täcker 99.5 procent av det nya distriktet, 94.0 procent av det gamla ligger där, 1 källor över 5 procent;geometri + mappning_2018_2022.csv
14801022;Norra Hisingen, Tingstad;14804104;Norra Hisingen, Tingstad;delad;ej markerad som jämförbar i kolumnen Jämförbart i Göteborgs stads fil (mappning_2018_2022.csv). geometri geo_overlap_2018_2022.csv: 14804104 (Norra Hisingen, Tingstad) täcker 98.8 procent av det nya distriktet, 96.2 procent av det gamla ligger där, 1 källor över 5 procent;geometri + mappning_2018_2022.csv
14801023;Norra Hisingen, Brunnsbo Södra;14804103;Norra Hisingen, Brunnsbo, Södra;omritad;ej markerad som jämförbar i kolumnen Jämförbart i Göteborgs stads fil (mappning_2018_2022.csv). geometri geo_overlap_2018_2022.csv: 14804103 (Norra Hisingen, Brunnsbo, Södra) täcker 85.3 procent av det nya distriktet, 72.4 procent av det gamla ligger där, 2 källor över 5 procent;geometri + mappning_2018_2022.csv
14801024;Norra Hisingen, Folkvisegatan m fl;14804103;Norra Hisingen, Brunnsbo, Södra;omritad;ej markerad som jämförbar i kolumnen Jämförbart i Göteborgs stads fil (mappning_2018_2022.csv). geometri geo_overlap_2018_2022.csv: 14804103 (Norra Hisingen, Brunnsbo, Södra) täcker 55.9 procent av det nya distriktet, 27.3 procent av det gamla ligger där, 2 källor över 5 procent;geometri + mappning_2018_2022.csv
14801025;Norra Hisingen, Brunnsbo Norra;14804102;Norra Hisingen, Brunnsbo, Norra;omritad;ej markerad som jämförbar i kolumnen Jämförbart i Göteborgs stads fil (mappning_2018_2022.csv). geometri geo_overlap_2018_2022.csv: 14804102 (Norra Hisingen, Brunnsbo, Norra) täcker 79.9 procent av det nya distriktet, 93.5 procent av det gamla ligger där, 3 källor över 5 procent;geometri + mappning_2018_2022.csv
14801026;Norra Hisingen, Aröd;14804101;Norra Hisingen, Aröd;delad;ej markerad som jämförbar i kolumnen Jämförbart i Göteborgs stads fil (mappning_2018_2022.csv). geometri geo_overlap_2018_2022.csv: 14804101 (Norra Hisingen, Aröd) täcker 99.4 procent av det nya distriktet, 87.0 procent av det gamla ligger där, 1 källor över 5 procent;geometri + mappning_2018_2022.csv
14801027;Norra Hisingen, Tuve Södra;14804056;Norra Hisingen, Tången;omritad;ej markerad som jämförbar i kolumnen Jämförbart i Göteborgs stads fil (mappning_2018_2022.csv). geometri geo_overlap_2018_2022.csv: 14804056 (Norra Hisingen, Tången) täcker 52.9 procent av det nya distriktet, 45.1 procent av det gamla ligger där, 2 källor över 5 procent;geometri + mappning_2018_2022.csv
14801028;Norra Hisingen, Gunnestorp;14804061;Norra Hisingen, Säve;omritad;ej markerad som jämförbar i kolumnen Jämförbart i Göteborgs stads fil (mappning_2018_2022.csv). geometri geo_overlap_2018_2022.csv: 14804061 (Norra Hisingen, Säve) täcker 50.0 procent av det nya distriktet, 1.3 procent av det gamla ligger där, 2 källor över 5 procent;geometri + mappning_2018_2022.csv
14801029;Norra Hisingen, Arvesgärde m fl;14804051;Norra Hisingen, Glöstorp;delad;ej markerad som jämförbar i kolumnen Jämförbart i Göteborgs stads fil (mappning_2018_2022.csv). geometri geo_overlap_2018_2022.csv: 14804051 (Norra Hisingen, Glöstorp) täcker 98.7 procent av det nya distriktet, 87.5 procent av det gamla ligger där, 1 källor över 5 procent;geometri + mappning_2018_2022.csv
14801030;Norra Hisingen, Glöstorp;14804055;Norra Hisingen, Tuve, Södra;omritad;ej markerad som jämförbar i kolumnen Jämförbart i Göteborgs stads fil (mappning_2018_2022.csv). geometri geo_overlap_2018_2022.csv: 14804055 (Norra Hisingen, Tuve, Södra) täcker 46.2 procent av det nya distriktet, 14.4 procent av det gamla ligger där, 3 källor över 5 procent;geometri + mappning_2018_2022.csv
14801031;Norra Hisingen, Tuve Norra;14804054;Norra Hisingen, Tuve, Norra;omritad;ej markerad som jämförbar i kolumnen Jämförbart i Göteborgs stads fil (mappning_2018_2022.csv). geometri geo_overlap_2018_2022.csv: 14804054 (Norra Hisingen, Tuve, Norra) täcker 71.7 procent av det nya distriktet, 56.7 procent av det gamla ligger där, 3 källor över 5 procent;geometri + mappning_2018_2022.csv
14801032;Norra Hisingen, Norumshöjd;14804053;Norra Hisingen, Norumshöjd;omritad;ej markerad som jämförbar i kolumnen Jämförbart i Göteborgs stads fil (mappning_2018_2022.csv). geometri geo_overlap_2018_2022.csv: 14804053 (Norra Hisingen, Norumshöjd) täcker 91.1 procent av det nya distriktet, 88.9 procent av det gamla ligger där, 2 källor över 5 procent;geometri + mappning_2018_2022.csv
14801033;Norra Hisingen, Tången;14804061;Norra Hisingen, Säve;omritad;ej markerad som jämförbar i kolumnen Jämförbart i Göteborgs stads fil (mappning_2018_2022.csv). geometri geo_overlap_2018_2022.csv: 14804061 (Norra Hisingen, Säve) täcker 80.8 procent av det nya distriktet, 18.5 procent av det gamla ligger där, 2 källor över 5 procent;geometri + mappning_2018_2022.csv
14801034;Norra Hisingen, Säve;14804061;Norra Hisingen, Säve;delad;ej markerad som jämförbar i kolumnen Jämförbart i Göteborgs stads fil (mappning_2018_2022.csv). geometri geo_overlap_2018_2022.csv: 14804061 (Norra Hisingen, Säve) täcker 100.0 procent av det nya distriktet, 79.9 procent av det gamla ligger där, 1 källor över 5 procent;geometri + mappning_2018_2022.csv
