ar;val;kod;namn;parti_kalla;parti;roster;andel
2018;rd;14800000;Uppsamlingsdistrikt;M;M;2892;21.72
2018;rd;14800000;Uppsamlingsdistrikt;C;C;1107;8.31
2018;rd;14800000;Uppsamlingsdistrikt;L;L;971;7.29
2018;rd;14800000;Uppsamlingsdistrikt;KD;KD;678;5.09
2018;rd;14800000;Uppsamlingsdistrikt;S;S;2675;20.09
2018;rd;14800000;Uppsamlingsdistrikt;V;V;1747;13.12
2018;rd;14800000;Uppsamlingsdistrikt;MP;MP;1235;9.27
2018;rd;14800000;Uppsamlingsdistrikt;SD;SD;1637;12.29
2018;rd;14800000;Uppsamlingsdistrikt;FI;FI;166;1.25
2018;rd;14800000;Uppsamlingsdistrikt;AfS;AFS;60;0.45
2018;rd;14800000;Uppsamlingsdistrikt;BASIP;BASIP;7;0.05
2018;rd;14800000;Uppsamlingsdistrikt;DD;DD;15;0.11
2018;rd;14800000;Uppsamlingsdistrikt;DjuP;DJUP;10;0.08
2018;rd;14800000;Uppsamlingsdistrikt;EAP;EAP;1;0.01
2018;rd;14800000;Uppsamlingsdistrikt;ENH;ENH;6;0.05
2018;rd;14800000;Uppsamlingsdistrikt;INI;INI;3;0.02
2018;rd;14800000;Uppsamlingsdistrikt;KLP;KLP;5;0.04
2018;rd;14800000;Uppsamlingsdistrikt;KrVP;KRVP;6;0.05
2018;rd;14800000;Uppsamlingsdistrikt;LPo;LPO;2;0.02
2018;rd;14800000;Uppsamlingsdistrikt;MED;MED;54;0.41
2018;rd;14800000;Uppsamlingsdistrikt;NMR;NMR;5;0.04
2018;rd;14800000;Uppsamlingsdistrikt;NYREF;NYREF;0;0.00
2018;rd;14800000;Uppsamlingsdistrikt;PP;PP;30;0.23
2018;rd;14800000;Uppsamlingsdistrikt;SKP;SKP;0;0.00
2018;rd;14800000;Uppsamlingsdistrikt;TRP;TRP;1;0.01
2018;rd;14800000;Uppsamlingsdistrikt;ÖVR;ÖVR;3;0.02
2018;rd;14801011;Majorna-Linné, Gröna Vallen;M;M;82;7.56
2018;rd;14801011;Majorna-Linné, Gröna Vallen;C;C;62;5.71
2018;rd;14801011;Majorna-Linné, Gröna Vallen;L;L;35;3.23
2018;rd;14801011;Majorna-Linné, Gröna Vallen;KD;KD;23;2.12
2018;rd;14801011;Majorna-Linné, Gröna Vallen;S;S;217;20.00
2018;rd;14801011;Majorna-Linné, Gröna Vallen;V;V;397;36.59
2018;rd;14801011;Majorna-Linné, Gröna Vallen;MP;MP;130;11.98
2018;rd;14801011;Majorna-Linné, Gröna Vallen;SD;SD;104;9.59
2018;rd;14801011;Majorna-Linné, Gröna Vallen;FI;FI;14;1.29
2018;rd;14801011;Majorna-Linné, Gröna Vallen;AfS;AFS;5;0.46
2018;rd;14801011;Majorna-Linné, Gröna Vallen;BASIP;BASIP;1;0.09
2018;rd;14801011;Majorna-Linné, Gröna Vallen;DD;DD;2;0.18
2018;rd;14801011;Majorna-Linné, Gröna Vallen;DjuP;DJUP;3;0.28
2018;rd;14801011;Majorna-Linné, Gröna Vallen;EAP;EAP;0;0.00
2018;rd;14801011;Majorna-Linné, Gröna Vallen;ENH;ENH;1;0.09
2018;rd;14801011;Majorna-Linné, Gröna Vallen;INI;INI;0;0.00
2018;rd;14801011;Majorna-Linné, Gröna Vallen;KLP;KLP;0;0.00
2018;rd;14801011;Majorna-Linné, Gröna Vallen;KrVP;KRVP;0;0.00
2018;rd;14801011;Majorna-Linné, Gröna Vallen;LPo;LPO;0;0.00
2018;rd;14801011;Majorna-Linné, Gröna Vallen;MED;MED;4;0.37
2018;rd;14801011;Majorna-Linné, Gröna Vallen;NMR;NMR;1;0.09
2018;rd;14801011;Majorna-Linné, Gröna Vallen;NYREF;NYREF;0;0.00
2018;rd;14801011;Majorna-Linné, Gröna Vallen;PP;PP;4;0.37
2018;rd;14801011;Majorna-Linné, Gröna Vallen;SKP;SKP;0;0.00
2018;rd;14801011;Majorna-Linné, Gröna Vallen;TRP;TRP;0;0.00
2018;rd;14801011;Majorna-Linné, Gröna Vallen;ÖVR;ÖVR;0;0.00
2018;rd;14801012;Majorna-Linné, Klippan;M;M;118;11.96
2018;rd;14801012;Majorna-Linné, Klippan;C;C;54;5.47
2018;rd;14801012;Majorna-Linné, Klippan;L;L;56;5.67
2018;rd;14801012;Majorna-Linné, Klippan;KD;KD;34;3.44
2018;rd;14801012;Majorna-Linné, Klippan;S;S;225;22.80
2018;rd;14801012;Majorna-Linné, Klippan;V;V;266;26.95
2018;rd;14801012;Majorna-Linné, Klippan;MP;MP;95;9.63
2018;rd;14801012;Majorna-Linné, Klippan;SD;SD;112;11.35
2018;rd;14801012;Majorna-Linné, Klippan;FI;FI;16;1.62
2018;rd;14801012;Majorna-Linné, Klippan;AfS;AFS;4;0.41
2018;rd;14801012;Majorna-Linné, Klippan;BASIP;BASIP;0;0.00
2018;rd;14801012;Majorna-Linné, Klippan;DD;DD;1;0.10
2018;rd;14801012;Majorna-Linné, Klippan;DjuP;DJUP;4;0.41
2018;rd;14801012;Majorna-Linné, Klippan;EAP;EAP;0;0.00
2018;rd;14801012;Majorna-Linné, Klippan;ENH;ENH;0;0.00
2018;rd;14801012;Majorna-Linné, Klippan;INI;INI;0;0.00
2018;rd;14801012;Majorna-Linné, Klippan;KLP;KLP;0;0.00
2018;rd;14801012;Majorna-Linné, Klippan;KrVP;KRVP;0;0.00
2018;rd;14801012;Majorna-Linné, Klippan;LPo;LPO;0;0.00
2018;rd;14801012;Majorna-Linné, Klippan;MED;MED;1;0.10
2018;rd;14801012;Majorna-Linné, Klippan;NMR;NMR;0;0.00
2018;rd;14801012;Majorna-Linné, Klippan;NYREF;NYREF;0;0.00
2018;rd;14801012;Majorna-Linné, Klippan;PP;PP;1;0.10
2018;rd;14801012;Majorna-Linné, Klippan;SKP;SKP;0;0.00
2018;rd;14801012;Majorna-Linné, Klippan;TRP;TRP;0;0.00
2018;rd;14801012;Majorna-Linné, Klippan;ÖVR;ÖVR;0;0.00
2018;rd;14801013;Majorna-Linné, Kungsladugård, Västra;M;M;64;6.03
2018;rd;14801013;Majorna-Linné, Kungsladugård, Västra;C;C;59;5.56
2018;rd;14801013;Majorna-Linné, Kungsladugård, Västra;L;L;55;5.18
2018;rd;14801013;Majorna-Linné, Kungsladugård, Västra;KD;KD;20;1.88
2018;rd;14801013;Majorna-Linné, Kungsladugård, Västra;S;S;222;20.90
2018;rd;14801013;Majorna-Linné, Kungsladugård, Västra;V;V;390;36.72
2018;rd;14801013;Majorna-Linné, Kungsladugård, Västra;MP;MP;111;10.45
2018;rd;14801013;Majorna-Linné, Kungsladugård, Västra;SD;SD;92;8.66
2018;rd;14801013;Majorna-Linné, Kungsladugård, Västra;FI;FI;32;3.01
2018;rd;14801013;Majorna-Linné, Kungsladugård, Västra;AfS;AFS;7;0.66
2018;rd;14801013;Majorna-Linné, Kungsladugård, Västra;BASIP;BASIP;2;0.19
2018;rd;14801013;Majorna-Linné, Kungsladugård, Västra;DD;DD;1;0.09
2018;rd;14801013;Majorna-Linné, Kungsladugård, Västra;DjuP;DJUP;1;0.09
2018;rd;14801013;Majorna-Linné, Kungsladugård, Västra;EAP;EAP;0;0.00
2018;rd;14801013;Majorna-Linné, Kungsladugård, Västra;ENH;ENH;3;0.28
2018;rd;14801013;Majorna-Linné, Kungsladugård, Västra;INI;INI;0;0.00
2018;rd;14801013;Majorna-Linné, Kungsladugård, Västra;KLP;KLP;0;0.00
2018;rd;14801013;Majorna-Linné, Kungsladugård, Västra;KrVP;KRVP;0;0.00
2018;rd;14801013;Majorna-Linné, Kungsladugård, Västra;LPo;LPO;0;0.00
2018;rd;14801013;Majorna-Linné, Kungsladugård, Västra;MED;MED;2;0.19
2018;rd;14801013;Majorna-Linné, Kungsladugård, Västra;NMR;NMR;0;0.00
2018;rd;14801013;Majorna-Linné, Kungsladugård, Västra;NYREF;NYREF;0;0.00
2018;rd;14801013;Majorna-Linné, Kungsladugård, Västra;PP;PP;0;0.00
2018;rd;14801013;Majorna-Linné, Kungsladugård, Västra;SKP;SKP;1;0.09
2018;rd;14801013;Majorna-Linné, Kungsladugård, Västra;TRP;TRP;0;0.00
2018;rd;14801013;Majorna-Linné, Kungsladugård, Västra;ÖVR;ÖVR;0;0.00
2018;rd;14801014;Majorna-Linné, Kungsladugård, Östra;M;M;104;10.78
2018;rd;14801014;Majorna-Linné, Kungsladugård, Östra;C;C;66;6.84
2018;rd;14801014;Majorna-Linné, Kungsladugård, Östra;L;L;38;3.94
2018;rd;14801014;Majorna-Linné, Kungsladugård, Östra;KD;KD;32;3.32
2018;rd;14801014;Majorna-Linné, Kungsladugård, Östra;S;S;184;19.07
2018;rd;14801014;Majorna-Linné, Kungsladugård, Östra;V;V;327;33.89
2018;rd;14801014;Majorna-Linné, Kungsladugård, Östra;MP;MP;99;10.26
2018;rd;14801014;Majorna-Linné, Kungsladugård, Östra;SD;SD;82;8.50
2018;rd;14801014;Majorna-Linné, Kungsladugård, Östra;FI;FI;19;1.97
2018;rd;14801014;Majorna-Linné, Kungsladugård, Östra;AfS;AFS;3;0.31
2018;rd;14801014;Majorna-Linné, Kungsladugård, Östra;BASIP;BASIP;0;0.00
2018;rd;14801014;Majorna-Linné, Kungsladugård, Östra;DD;DD;1;0.10
2018;rd;14801014;Majorna-Linné, Kungsladugård, Östra;DjuP;DJUP;1;0.10
2018;rd;14801014;Majorna-Linné, Kungsladugård, Östra;EAP;EAP;0;0.00
2018;rd;14801014;Majorna-Linné, Kungsladugård, Östra;ENH;ENH;2;0.21
2018;rd;14801014;Majorna-Linné, Kungsladugård, Östra;INI;INI;0;0.00
2018;rd;14801014;Majorna-Linné, Kungsladugård, Östra;KLP;KLP;0;0.00
2018;rd;14801014;Majorna-Linné, Kungsladugård, Östra;KrVP;KRVP;0;0.00
2018;rd;14801014;Majorna-Linné, Kungsladugård, Östra;LPo;LPO;0;0.00
2018;rd;14801014;Majorna-Linné, Kungsladugård, Östra;MED;MED;4;0.41
2018;rd;14801014;Majorna-Linné, Kungsladugård, Östra;NMR;NMR;1;0.10
2018;rd;14801014;Majorna-Linné, Kungsladugård, Östra;NYREF;NYREF;0;0.00
2018;rd;14801014;Majorna-Linné, Kungsladugård, Östra;PP;PP;2;0.21
2018;rd;14801014;Majorna-Linné, Kungsladugård, Östra;SKP;SKP;0;0.00
2018;rd;14801014;Majorna-Linné, Kungsladugård, Östra;TRP;TRP;0;0.00
2018;rd;14801014;Majorna-Linné, Kungsladugård, Östra;ÖVR;ÖVR;0;0.00
2018;rd;14801015;Majorna-Linné, Mariaplan;M;M;76;8.27
2018;rd;14801015;Majorna-Linné, Mariaplan;C;C;42;4.57
2018;rd;14801015;Majorna-Linné, Mariaplan;L;L;35;3.81
2018;rd;14801015;Majorna-Linné, Mariaplan;KD;KD;26;2.83
2018;rd;14801015;Majorna-Linné, Mariaplan;S;S;188;20.46
2018;rd;14801015;Majorna-Linné, Mariaplan;V;V;350;38.08
2018;rd;14801015;Majorna-Linné, Mariaplan;MP;MP;115;12.51
2018;rd;14801015;Majorna-Linné, Mariaplan;SD;SD;62;6.75
2018;rd;14801015;Majorna-Linné, Mariaplan;FI;FI;15;1.63
2018;rd;14801015;Majorna-Linné, Mariaplan;AfS;AFS;3;0.33
2018;rd;14801015;Majorna-Linné, Mariaplan;BASIP;BASIP;0;0.00
2018;rd;14801015;Majorna-Linné, Mariaplan;DD;DD;1;0.11
2018;rd;14801015;Majorna-Linné, Mariaplan;DjuP;DJUP;1;0.11
2018;rd;14801015;Majorna-Linné, Mariaplan;EAP;EAP;0;0.00
2018;rd;14801015;Majorna-Linné, Mariaplan;ENH;ENH;1;0.11
2018;rd;14801015;Majorna-Linné, Mariaplan;INI;INI;0;0.00
2018;rd;14801015;Majorna-Linné, Mariaplan;KLP;KLP;0;0.00
2018;rd;14801015;Majorna-Linné, Mariaplan;KrVP;KRVP;0;0.00
2018;rd;14801015;Majorna-Linné, Mariaplan;LPo;LPO;0;0.00
2018;rd;14801015;Majorna-Linné, Mariaplan;MED;MED;2;0.22
2018;rd;14801015;Majorna-Linné, Mariaplan;NMR;NMR;0;0.00
2018;rd;14801015;Majorna-Linné, Mariaplan;NYREF;NYREF;0;0.00
2018;rd;14801015;Majorna-Linné, Mariaplan;PP;PP;1;0.11
2018;rd;14801015;Majorna-Linné, Mariaplan;SKP;SKP;0;0.00
2018;rd;14801015;Majorna-Linné, Mariaplan;TRP;TRP;0;0.00
2018;rd;14801015;Majorna-Linné, Mariaplan;ÖVR;ÖVR;1;0.11
2018;rd;14801016;Majorna-Linné, Skytteskogen;M;M;152;13.05
2018;rd;14801016;Majorna-Linné, Skytteskogen;C;C;87;7.47
2018;rd;14801016;Majorna-Linné, Skytteskogen;L;L;94;8.07
2018;rd;14801016;Majorna-Linné, Skytteskogen;KD;KD;75;6.44
2018;rd;14801016;Majorna-Linné, Skytteskogen;S;S;175;15.02
2018;rd;14801016;Majorna-Linné, Skytteskogen;V;V;286;24.55
2018;rd;14801016;Majorna-Linné, Skytteskogen;MP;MP;169;14.51
2018;rd;14801016;Majorna-Linné, Skytteskogen;SD;SD;99;8.50
2018;rd;14801016;Majorna-Linné, Skytteskogen;FI;FI;16;1.37
2018;rd;14801016;Majorna-Linné, Skytteskogen;AfS;AFS;2;0.17
2018;rd;14801016;Majorna-Linné, Skytteskogen;BASIP;BASIP;1;0.09
2018;rd;14801016;Majorna-Linné, Skytteskogen;DD;DD;1;0.09
2018;rd;14801016;Majorna-Linné, Skytteskogen;DjuP;DJUP;0;0.00
2018;rd;14801016;Majorna-Linné, Skytteskogen;EAP;EAP;0;0.00
2018;rd;14801016;Majorna-Linné, Skytteskogen;ENH;ENH;2;0.17
2018;rd;14801016;Majorna-Linné, Skytteskogen;INI;INI;2;0.17
2018;rd;14801016;Majorna-Linné, Skytteskogen;KLP;KLP;0;0.00
2018;rd;14801016;Majorna-Linné, Skytteskogen;KrVP;KRVP;0;0.00
2018;rd;14801016;Majorna-Linné, Skytteskogen;LPo;LPO;0;0.00
2018;rd;14801016;Majorna-Linné, Skytteskogen;MED;MED;2;0.17
2018;rd;14801016;Majorna-Linné, Skytteskogen;NMR;NMR;0;0.00
2018;rd;14801016;Majorna-Linné, Skytteskogen;NYREF;NYREF;0;0.00
2018;rd;14801016;Majorna-Linné, Skytteskogen;PP;PP;2;0.17
2018;rd;14801016;Majorna-Linné, Skytteskogen;SKP;SKP;0;0.00
2018;rd;14801016;Majorna-Linné, Skytteskogen;TRP;TRP;0;0.00
2018;rd;14801016;Majorna-Linné, Skytteskogen;ÖVR;ÖVR;0;0.00
2018;rd;14801017;Majorna-Linné, Svalebo;M;M;92;10.12
2018;rd;14801017;Majorna-Linné, Svalebo;C;C;46;5.06
2018;rd;14801017;Majorna-Linné, Svalebo;L;L;54;5.94
2018;rd;14801017;Majorna-Linné, Svalebo;KD;KD;41;4.51
2018;rd;14801017;Majorna-Linné, Svalebo;S;S;182;20.02
2018;rd;14801017;Majorna-Linné, Svalebo;V;V;263;28.93
2018;rd;14801017;Majorna-Linné, Svalebo;MP;MP;104;11.44
2018;rd;14801017;Majorna-Linné, Svalebo;SD;SD;95;10.45
2018;rd;14801017;Majorna-Linné, Svalebo;FI;FI;16;1.76
2018;rd;14801017;Majorna-Linné, Svalebo;AfS;AFS;7;0.77
2018;rd;14801017;Majorna-Linné, Svalebo;BASIP;BASIP;1;0.11
2018;rd;14801017;Majorna-Linné, Svalebo;DD;DD;3;0.33
2018;rd;14801017;Majorna-Linné, Svalebo;DjuP;DJUP;1;0.11
2018;rd;14801017;Majorna-Linné, Svalebo;EAP;EAP;0;0.00
2018;rd;14801017;Majorna-Linné, Svalebo;ENH;ENH;0;0.00
2018;rd;14801017;Majorna-Linné, Svalebo;INI;INI;0;0.00
2018;rd;14801017;Majorna-Linné, Svalebo;KLP;KLP;0;0.00
2018;rd;14801017;Majorna-Linné, Svalebo;KrVP;KRVP;0;0.00
2018;rd;14801017;Majorna-Linné, Svalebo;LPo;LPO;0;0.00
2018;rd;14801017;Majorna-Linné, Svalebo;MED;MED;3;0.33
2018;rd;14801017;Majorna-Linné, Svalebo;NMR;NMR;0;0.00
2018;rd;14801017;Majorna-Linné, Svalebo;NYREF;NYREF;0;0.00
2018;rd;14801017;Majorna-Linné, Svalebo;PP;PP;1;0.11
2018;rd;14801017;Majorna-Linné, Svalebo;SKP;SKP;0;0.00
2018;rd;14801017;Majorna-Linné, Svalebo;TRP;TRP;0;0.00
2018;rd;14801017;Majorna-Linné, Svalebo;ÖVR;ÖVR;0;0.00
2018;rd;14801021;Majorna-Linné, Sandarne;M;M;98;9.94
2018;rd;14801021;Majorna-Linné, Sandarne;C;C;51;5.17
2018;rd;14801021;Majorna-Linné, Sandarne;L;L;34;3.45
2018;rd;14801021;Majorna-Linné, Sandarne;KD;KD;30;3.04
2018;rd;14801021;Majorna-Linné, Sandarne;S;S;213;21.60
2018;rd;14801021;Majorna-Linné, Sandarne;V;V;300;30.43
2018;rd;14801021;Majorna-Linné, Sandarne;MP;MP;104;10.55
2018;rd;14801021;Majorna-Linné, Sandarne;SD;SD;116;11.76
2018;rd;14801021;Majorna-Linné, Sandarne;FI;FI;23;2.33
2018;rd;14801021;Majorna-Linné, Sandarne;AfS;AFS;4;0.41
2018;rd;14801021;Majorna-Linné, Sandarne;BASIP;BASIP;1;0.10
2018;rd;14801021;Majorna-Linné, Sandarne;DD;DD;0;0.00
2018;rd;14801021;Majorna-Linné, Sandarne;DjuP;DJUP;0;0.00
2018;rd;14801021;Majorna-Linné, Sandarne;EAP;EAP;1;0.10
2018;rd;14801021;Majorna-Linné, Sandarne;ENH;ENH;1;0.10
2018;rd;14801021;Majorna-Linné, Sandarne;INI;INI;0;0.00
2018;rd;14801021;Majorna-Linné, Sandarne;KLP;KLP;1;0.10
2018;rd;14801021;Majorna-Linné, Sandarne;KrVP;KRVP;0;0.00
2018;rd;14801021;Majorna-Linné, Sandarne;LPo;LPO;0;0.00
2018;rd;14801021;Majorna-Linné, Sandarne;MED;MED;5;0.51
2018;rd;14801021;Majorna-Linné, Sandarne;NMR;NMR;0;0.00
2018;rd;14801021;Majorna-Linné, Sandarne;NYREF;NYREF;0;0.00
2018;rd;14801021;Majorna-Linné, Sandarne;PP;PP;2;0.20
2018;rd;14801021;Majorna-Linné, Sandarne;SKP;SKP;0;0.00
2018;rd;14801021;Majorna-Linné, Sandarne;TRP;TRP;0;0.00
2018;rd;14801021;Majorna-Linné, Sandarne;ÖVR;ÖVR;2;0.20
2018;rd;14801022;Majorna-Linné, Silverkällan;M;M;58;6.34
2018;rd;14801022;Majorna-Linné, Silverkällan;C;C;37;4.04
2018;rd;14801022;Majorna-Linné, Silverkällan;L;L;35;3.83
2018;rd;14801022;Majorna-Linné, Silverkällan;KD;KD;28;3.06
2018;rd;14801022;Majorna-Linné, Silverkällan;S;S;195;21.31
2018;rd;14801022;Majorna-Linné, Silverkällan;V;V;334;36.50
2018;rd;14801022;Majorna-Linné, Silverkällan;MP;MP;107;11.69
2018;rd;14801022;Majorna-Linné, Silverkällan;SD;SD;84;9.18
2018;rd;14801022;Majorna-Linné, Silverkällan;FI;FI;19;2.08
2018;rd;14801022;Majorna-Linné, Silverkällan;AfS;AFS;8;0.87
2018;rd;14801022;Majorna-Linné, Silverkällan;BASIP;BASIP;0;0.00
2018;rd;14801022;Majorna-Linné, Silverkällan;DD;DD;1;0.11
2018;rd;14801022;Majorna-Linné, Silverkällan;DjuP;DJUP;1;0.11
2018;rd;14801022;Majorna-Linné, Silverkällan;EAP;EAP;0;0.00
2018;rd;14801022;Majorna-Linné, Silverkällan;ENH;ENH;5;0.55
2018;rd;14801022;Majorna-Linné, Silverkällan;INI;INI;1;0.11
2018;rd;14801022;Majorna-Linné, Silverkällan;KLP;KLP;0;0.00
2018;rd;14801022;Majorna-Linné, Silverkällan;KrVP;KRVP;0;0.00
2018;rd;14801022;Majorna-Linné, Silverkällan;LPo;LPO;0;0.00
2018;rd;14801022;Majorna-Linné, Silverkällan;MED;MED;1;0.11
2018;rd;14801022;Majorna-Linné, Silverkällan;NMR;NMR;0;0.00
2018;rd;14801022;Majorna-Linné, Silverkällan;NYREF;NYREF;0;0.00
2018;rd;14801022;Majorna-Linné, Silverkällan;PP;PP;1;0.11
2018;rd;14801022;Majorna-Linné, Silverkällan;SKP;SKP;0;0.00
2018;rd;14801022;Majorna-Linné, Silverkällan;TRP;TRP;0;0.00
2018;rd;14801022;Majorna-Linné, Silverkällan;ÖVR;ÖVR;0;0.00
2018;rd;14801031;Majorna-Linné, Chapmans Torg;M;M;132;15.51
2018;rd;14801031;Majorna-Linné, Chapmans Torg;C;C;40;4.70
2018;rd;14801031;Majorna-Linné, Chapmans Torg;L;L;56;6.58
2018;rd;14801031;Majorna-Linné, Chapmans Torg;KD;KD;36;4.23
2018;rd;14801031;Majorna-Linné, Chapmans Torg;S;S;204;23.97
2018;rd;14801031;Majorna-Linné, Chapmans Torg;V;V;190;22.33
2018;rd;14801031;Majorna-Linné, Chapmans Torg;MP;MP;73;8.58
2018;rd;14801031;Majorna-Linné, Chapmans Torg;SD;SD;98;11.52
2018;rd;14801031;Majorna-Linné, Chapmans Torg;FI;FI;16;1.88
2018;rd;14801031;Majorna-Linné, Chapmans Torg;AfS;AFS;3;0.35
2018;rd;14801031;Majorna-Linné, Chapmans Torg;BASIP;BASIP;0;0.00
2018;rd;14801031;Majorna-Linné, Chapmans Torg;DD;DD;0;0.00
2018;rd;14801031;Majorna-Linné, Chapmans Torg;DjuP;DJUP;1;0.12
2018;rd;14801031;Majorna-Linné, Chapmans Torg;EAP;EAP;1;0.12
2018;rd;14801031;Majorna-Linné, Chapmans Torg;ENH;ENH;0;0.00
2018;rd;14801031;Majorna-Linné, Chapmans Torg;INI;INI;0;0.00
2018;rd;14801031;Majorna-Linné, Chapmans Torg;KLP;KLP;0;0.00
2018;rd;14801031;Majorna-Linné, Chapmans Torg;KrVP;KRVP;0;0.00
2018;rd;14801031;Majorna-Linné, Chapmans Torg;LPo;LPO;0;0.00
2018;rd;14801031;Majorna-Linné, Chapmans Torg;MED;MED;0;0.00
2018;rd;14801031;Majorna-Linné, Chapmans Torg;NMR;NMR;0;0.00
2018;rd;14801031;Majorna-Linné, Chapmans Torg;NYREF;NYREF;0;0.00
2018;rd;14801031;Majorna-Linné, Chapmans Torg;PP;PP;1;0.12
2018;rd;14801031;Majorna-Linné, Chapmans Torg;SKP;SKP;0;0.00
2018;rd;14801031;Majorna-Linné, Chapmans Torg;TRP;TRP;0;0.00
2018;rd;14801031;Majorna-Linné, Chapmans Torg;ÖVR;ÖVR;0;0.00
2018;rd;14801032;Majorna-Linné, Godhem;M;M;93;8.96
2018;rd;14801032;Majorna-Linné, Godhem;C;C;55;5.30
2018;rd;14801032;Majorna-Linné, Godhem;L;L;65;6.26
2018;rd;14801032;Majorna-Linné, Godhem;KD;KD;36;3.47
2018;rd;14801032;Majorna-Linné, Godhem;S;S;222;21.39
2018;rd;14801032;Majorna-Linné, Godhem;V;V;342;32.95
2018;rd;14801032;Majorna-Linné, Godhem;MP;MP;114;10.98
2018;rd;14801032;Majorna-Linné, Godhem;SD;SD;85;8.19
2018;rd;14801032;Majorna-Linné, Godhem;FI;FI;16;1.54
2018;rd;14801032;Majorna-Linné, Godhem;AfS;AFS;1;0.10
2018;rd;14801032;Majorna-Linné, Godhem;BASIP;BASIP;0;0.00
2018;rd;14801032;Majorna-Linné, Godhem;DD;DD;2;0.19
2018;rd;14801032;Majorna-Linné, Godhem;DjuP;DJUP;0;0.00
2018;rd;14801032;Majorna-Linné, Godhem;EAP;EAP;0;0.00
2018;rd;14801032;Majorna-Linné, Godhem;ENH;ENH;2;0.19
2018;rd;14801032;Majorna-Linné, Godhem;INI;INI;0;0.00
2018;rd;14801032;Majorna-Linné, Godhem;KLP;KLP;0;0.00
2018;rd;14801032;Majorna-Linné, Godhem;KrVP;KRVP;0;0.00
2018;rd;14801032;Majorna-Linné, Godhem;LPo;LPO;0;0.00
2018;rd;14801032;Majorna-Linné, Godhem;MED;MED;3;0.29
2018;rd;14801032;Majorna-Linné, Godhem;NMR;NMR;0;0.00
2018;rd;14801032;Majorna-Linné, Godhem;NYREF;NYREF;0;0.00
2018;rd;14801032;Majorna-Linné, Godhem;PP;PP;2;0.19
2018;rd;14801032;Majorna-Linné, Godhem;SKP;SKP;0;0.00
2018;rd;14801032;Majorna-Linné, Godhem;TRP;TRP;0;0.00
2018;rd;14801032;Majorna-Linné, Godhem;ÖVR;ÖVR;0;0.00
2018;rd;14801033;Majorna-Linné, Gråberget, Västra;M;M;107;13.13
2018;rd;14801033;Majorna-Linné, Gråberget, Västra;C;C;59;7.24
2018;rd;14801033;Majorna-Linné, Gråberget, Västra;L;L;66;8.10
2018;rd;14801033;Majorna-Linné, Gråberget, Västra;KD;KD;33;4.05
2018;rd;14801033;Majorna-Linné, Gråberget, Västra;S;S;158;19.39
2018;rd;14801033;Majorna-Linné, Gråberget, Västra;V;V;231;28.34
2018;rd;14801033;Majorna-Linné, Gråberget, Västra;MP;MP;89;10.92
2018;rd;14801033;Majorna-Linné, Gråberget, Västra;SD;SD;55;6.75
2018;rd;14801033;Majorna-Linné, Gråberget, Västra;FI;FI;10;1.23
2018;rd;14801033;Majorna-Linné, Gråberget, Västra;AfS;AFS;0;0.00
2018;rd;14801033;Majorna-Linné, Gråberget, Västra;BASIP;BASIP;0;0.00
2018;rd;14801033;Majorna-Linné, Gråberget, Västra;DD;DD;1;0.12
2018;rd;14801033;Majorna-Linné, Gråberget, Västra;DjuP;DJUP;0;0.00
2018;rd;14801033;Majorna-Linné, Gråberget, Västra;EAP;EAP;0;0.00
2018;rd;14801033;Majorna-Linné, Gråberget, Västra;ENH;ENH;3;0.37
2018;rd;14801033;Majorna-Linné, Gråberget, Västra;INI;INI;0;0.00
2018;rd;14801033;Majorna-Linné, Gråberget, Västra;KLP;KLP;0;0.00
2018;rd;14801033;Majorna-Linné, Gråberget, Västra;KrVP;KRVP;0;0.00
2018;rd;14801033;Majorna-Linné, Gråberget, Västra;LPo;LPO;0;0.00
2018;rd;14801033;Majorna-Linné, Gråberget, Västra;MED;MED;2;0.25
2018;rd;14801033;Majorna-Linné, Gråberget, Västra;NMR;NMR;0;0.00
2018;rd;14801033;Majorna-Linné, Gråberget, Västra;NYREF;NYREF;0;0.00
2018;rd;14801033;Majorna-Linné, Gråberget, Västra;PP;PP;1;0.12
2018;rd;14801033;Majorna-Linné, Gråberget, Västra;SKP;SKP;0;0.00
2018;rd;14801033;Majorna-Linné, Gråberget, Västra;TRP;TRP;0;0.00
2018;rd;14801033;Majorna-Linné, Gråberget, Västra;ÖVR;ÖVR;0;0.00
2018;rd;14801034;Majorna-Linné, Gråberget, Östra;M;M;122;13.33
2018;rd;14801034;Majorna-Linné, Gråberget, Östra;C;C;45;4.92
2018;rd;14801034;Majorna-Linné, Gråberget, Östra;L;L;65;7.10
2018;rd;14801034;Majorna-Linné, Gråberget, Östra;KD;KD;34;3.72
2018;rd;14801034;Majorna-Linné, Gråberget, Östra;S;S;197;21.53
2018;rd;14801034;Majorna-Linné, Gråberget, Östra;V;V;208;22.73
2018;rd;14801034;Majorna-Linné, Gråberget, Östra;MP;MP;97;10.60
2018;rd;14801034;Majorna-Linné, Gråberget, Östra;SD;SD;122;13.33
2018;rd;14801034;Majorna-Linné, Gråberget, Östra;FI;FI;12;1.31
2018;rd;14801034;Majorna-Linné, Gråberget, Östra;AfS;AFS;0;0.00
2018;rd;14801034;Majorna-Linné, Gråberget, Östra;BASIP;BASIP;1;0.11
2018;rd;14801034;Majorna-Linné, Gråberget, Östra;DD;DD;2;0.22
2018;rd;14801034;Majorna-Linné, Gråberget, Östra;DjuP;DJUP;3;0.33
2018;rd;14801034;Majorna-Linné, Gråberget, Östra;EAP;EAP;0;0.00
2018;rd;14801034;Majorna-Linné, Gråberget, Östra;ENH;ENH;0;0.00
2018;rd;14801034;Majorna-Linné, Gråberget, Östra;INI;INI;0;0.00
2018;rd;14801034;Majorna-Linné, Gråberget, Östra;KLP;KLP;0;0.00
2018;rd;14801034;Majorna-Linné, Gråberget, Östra;KrVP;KRVP;1;0.11
2018;rd;14801034;Majorna-Linné, Gråberget, Östra;LPo;LPO;2;0.22
2018;rd;14801034;Majorna-Linné, Gråberget, Östra;MED;MED;1;0.11
2018;rd;14801034;Majorna-Linné, Gråberget, Östra;NMR;NMR;0;0.00
2018;rd;14801034;Majorna-Linné, Gråberget, Östra;NYREF;NYREF;0;0.00
2018;rd;14801034;Majorna-Linné, Gråberget, Östra;PP;PP;3;0.33
2018;rd;14801034;Majorna-Linné, Gråberget, Östra;SKP;SKP;0;0.00
2018;rd;14801034;Majorna-Linné, Gråberget, Östra;TRP;TRP;0;0.00
2018;rd;14801034;Majorna-Linné, Gråberget, Östra;ÖVR;ÖVR;0;0.00
2018;rd;14801035;Majorna-Linné, Hängmattan;M;M;118;12.87
2018;rd;14801035;Majorna-Linné, Hängmattan;C;C;47;5.13
2018;rd;14801035;Majorna-Linné, Hängmattan;L;L;41;4.47
2018;rd;14801035;Majorna-Linné, Hängmattan;KD;KD;33;3.60
2018;rd;14801035;Majorna-Linné, Hängmattan;S;S;236;25.74
2018;rd;14801035;Majorna-Linné, Hängmattan;V;V;251;27.37
2018;rd;14801035;Majorna-Linné, Hängmattan;MP;MP;56;6.11
2018;rd;14801035;Majorna-Linné, Hängmattan;SD;SD;118;12.87
2018;rd;14801035;Majorna-Linné, Hängmattan;FI;FI;9;0.98
2018;rd;14801035;Majorna-Linné, Hängmattan;AfS;AFS;2;0.22
2018;rd;14801035;Majorna-Linné, Hängmattan;BASIP;BASIP;2;0.22
2018;rd;14801035;Majorna-Linné, Hängmattan;DD;DD;0;0.00
2018;rd;14801035;Majorna-Linné, Hängmattan;DjuP;DJUP;1;0.11
2018;rd;14801035;Majorna-Linné, Hängmattan;EAP;EAP;0;0.00
2018;rd;14801035;Majorna-Linné, Hängmattan;ENH;ENH;1;0.11
2018;rd;14801035;Majorna-Linné, Hängmattan;INI;INI;0;0.00
2018;rd;14801035;Majorna-Linné, Hängmattan;KLP;KLP;0;0.00
2018;rd;14801035;Majorna-Linné, Hängmattan;KrVP;KRVP;0;0.00
2018;rd;14801035;Majorna-Linné, Hängmattan;LPo;LPO;0;0.00
2018;rd;14801035;Majorna-Linné, Hängmattan;MED;MED;1;0.11
2018;rd;14801035;Majorna-Linné, Hängmattan;NMR;NMR;0;0.00
2018;rd;14801035;Majorna-Linné, Hängmattan;NYREF;NYREF;0;0.00
2018;rd;14801035;Majorna-Linné, Hängmattan;PP;PP;1;0.11
2018;rd;14801035;Majorna-Linné, Hängmattan;SKP;SKP;0;0.00
2018;rd;14801035;Majorna-Linné, Hängmattan;TRP;TRP;0;0.00
2018;rd;14801035;Majorna-Linné, Hängmattan;ÖVR;ÖVR;0;0.00
2018;rd;14801036;Majorna-Linné, Majorna;M;M;114;12.09
2018;rd;14801036;Majorna-Linné, Majorna;C;C;47;4.98
2018;rd;14801036;Majorna-Linné, Majorna;L;L;45;4.77
2018;rd;14801036;Majorna-Linné, Majorna;KD;KD;26;2.76
2018;rd;14801036;Majorna-Linné, Majorna;S;S;192;20.36
2018;rd;14801036;Majorna-Linné, Majorna;V;V;282;29.90
2018;rd;14801036;Majorna-Linné, Majorna;MP;MP;86;9.12
2018;rd;14801036;Majorna-Linné, Majorna;SD;SD;113;11.98
2018;rd;14801036;Majorna-Linné, Majorna;FI;FI;16;1.70
2018;rd;14801036;Majorna-Linné, Majorna;AfS;AFS;3;0.32
2018;rd;14801036;Majorna-Linné, Majorna;BASIP;BASIP;2;0.21
2018;rd;14801036;Majorna-Linné, Majorna;DD;DD;3;0.32
2018;rd;14801036;Majorna-Linné, Majorna;DjuP;DJUP;3;0.32
2018;rd;14801036;Majorna-Linné, Majorna;EAP;EAP;0;0.00
2018;rd;14801036;Majorna-Linné, Majorna;ENH;ENH;2;0.21
2018;rd;14801036;Majorna-Linné, Majorna;INI;INI;0;0.00
2018;rd;14801036;Majorna-Linné, Majorna;KLP;KLP;0;0.00
2018;rd;14801036;Majorna-Linné, Majorna;KrVP;KRVP;0;0.00
2018;rd;14801036;Majorna-Linné, Majorna;LPo;LPO;0;0.00
2018;rd;14801036;Majorna-Linné, Majorna;MED;MED;6;0.64
2018;rd;14801036;Majorna-Linné, Majorna;NMR;NMR;0;0.00
2018;rd;14801036;Majorna-Linné, Majorna;NYREF;NYREF;0;0.00
2018;rd;14801036;Majorna-Linné, Majorna;PP;PP;2;0.21
2018;rd;14801036;Majorna-Linné, Majorna;SKP;SKP;0;0.00
2018;rd;14801036;Majorna-Linné, Majorna;TRP;TRP;0;0.00
2018;rd;14801036;Majorna-Linné, Majorna;ÖVR;ÖVR;1;0.11
2018;rd;14801037;Majorna-Linné, Marieberg;M;M;74;7.77
2018;rd;14801037;Majorna-Linné, Marieberg;C;C;53;5.57
2018;rd;14801037;Majorna-Linné, Marieberg;L;L;48;5.04
2018;rd;14801037;Majorna-Linné, Marieberg;KD;KD;15;1.58
2018;rd;14801037;Majorna-Linné, Marieberg;S;S;189;19.85
2018;rd;14801037;Majorna-Linné, Marieberg;V;V;356;37.39
2018;rd;14801037;Majorna-Linné, Marieberg;MP;MP;106;11.13
2018;rd;14801037;Majorna-Linné, Marieberg;SD;SD;77;8.09
2018;rd;14801037;Majorna-Linné, Marieberg;FI;FI;23;2.42
2018;rd;14801037;Majorna-Linné, Marieberg;AfS;AFS;2;0.21
2018;rd;14801037;Majorna-Linné, Marieberg;BASIP;BASIP;1;0.11
2018;rd;14801037;Majorna-Linné, Marieberg;DD;DD;0;0.00
2018;rd;14801037;Majorna-Linné, Marieberg;DjuP;DJUP;0;0.00
2018;rd;14801037;Majorna-Linné, Marieberg;EAP;EAP;0;0.00
2018;rd;14801037;Majorna-Linné, Marieberg;ENH;ENH;0;0.00
2018;rd;14801037;Majorna-Linné, Marieberg;INI;INI;0;0.00
2018;rd;14801037;Majorna-Linné, Marieberg;KLP;KLP;0;0.00
2018;rd;14801037;Majorna-Linné, Marieberg;KrVP;KRVP;1;0.11
2018;rd;14801037;Majorna-Linné, Marieberg;LPo;LPO;0;0.00
2018;rd;14801037;Majorna-Linné, Marieberg;MED;MED;4;0.42
2018;rd;14801037;Majorna-Linné, Marieberg;NMR;NMR;1;0.11
2018;rd;14801037;Majorna-Linné, Marieberg;NYREF;NYREF;0;0.00
2018;rd;14801037;Majorna-Linné, Marieberg;PP;PP;2;0.21
2018;rd;14801037;Majorna-Linné, Marieberg;SKP;SKP;0;0.00
2018;rd;14801037;Majorna-Linné, Marieberg;TRP;TRP;0;0.00
2018;rd;14801037;Majorna-Linné, Marieberg;ÖVR;ÖVR;0;0.00
2018;rd;14801038;Majorna-Linné, Slottsskogsgatan m fl;M;M;90;10.99
2018;rd;14801038;Majorna-Linné, Slottsskogsgatan m fl;C;C;52;6.35
2018;rd;14801038;Majorna-Linné, Slottsskogsgatan m fl;L;L;37;4.52
2018;rd;14801038;Majorna-Linné, Slottsskogsgatan m fl;KD;KD;33;4.03
2018;rd;14801038;Majorna-Linné, Slottsskogsgatan m fl;S;S;195;23.81
2018;rd;14801038;Majorna-Linné, Slottsskogsgatan m fl;V;V;224;27.35
2018;rd;14801038;Majorna-Linné, Slottsskogsgatan m fl;MP;MP;74;9.04
2018;rd;14801038;Majorna-Linné, Slottsskogsgatan m fl;SD;SD;92;11.23
2018;rd;14801038;Majorna-Linné, Slottsskogsgatan m fl;FI;FI;16;1.95
2018;rd;14801038;Majorna-Linné, Slottsskogsgatan m fl;AfS;AFS;1;0.12
2018;rd;14801038;Majorna-Linné, Slottsskogsgatan m fl;BASIP;BASIP;0;0.00
2018;rd;14801038;Majorna-Linné, Slottsskogsgatan m fl;DD;DD;1;0.12
2018;rd;14801038;Majorna-Linné, Slottsskogsgatan m fl;DjuP;DJUP;1;0.12
2018;rd;14801038;Majorna-Linné, Slottsskogsgatan m fl;EAP;EAP;0;0.00
2018;rd;14801038;Majorna-Linné, Slottsskogsgatan m fl;ENH;ENH;2;0.24
2018;rd;14801038;Majorna-Linné, Slottsskogsgatan m fl;INI;INI;0;0.00
2018;rd;14801038;Majorna-Linné, Slottsskogsgatan m fl;KLP;KLP;0;0.00
2018;rd;14801038;Majorna-Linné, Slottsskogsgatan m fl;KrVP;KRVP;0;0.00
2018;rd;14801038;Majorna-Linné, Slottsskogsgatan m fl;LPo;LPO;0;0.00
2018;rd;14801038;Majorna-Linné, Slottsskogsgatan m fl;MED;MED;0;0.00
2018;rd;14801038;Majorna-Linné, Slottsskogsgatan m fl;NMR;NMR;0;0.00
2018;rd;14801038;Majorna-Linné, Slottsskogsgatan m fl;NYREF;NYREF;0;0.00
2018;rd;14801038;Majorna-Linné, Slottsskogsgatan m fl;PP;PP;1;0.12
2018;rd;14801038;Majorna-Linné, Slottsskogsgatan m fl;SKP;SKP;0;0.00
2018;rd;14801038;Majorna-Linné, Slottsskogsgatan m fl;TRP;TRP;0;0.00
2018;rd;14801038;Majorna-Linné, Slottsskogsgatan m fl;ÖVR;ÖVR;0;0.00
2018;rd;14801041;Majorna-Linné, Djurgårdsgatan m fl;M;M;72;7.21
2018;rd;14801041;Majorna-Linné, Djurgårdsgatan m fl;C;C;49;4.91
2018;rd;14801041;Majorna-Linné, Djurgårdsgatan m fl;L;L;39;3.91
2018;rd;14801041;Majorna-Linné, Djurgårdsgatan m fl;KD;KD;21;2.10
2018;rd;14801041;Majorna-Linné, Djurgårdsgatan m fl;S;S;206;20.64
2018;rd;14801041;Majorna-Linné, Djurgårdsgatan m fl;V;V;393;39.38
2018;rd;14801041;Majorna-Linné, Djurgårdsgatan m fl;MP;MP;121;12.12
2018;rd;14801041;Majorna-Linné, Djurgårdsgatan m fl;SD;SD;69;6.91
2018;rd;14801041;Majorna-Linné, Djurgårdsgatan m fl;FI;FI;16;1.60
2018;rd;14801041;Majorna-Linné, Djurgårdsgatan m fl;AfS;AFS;2;0.20
2018;rd;14801041;Majorna-Linné, Djurgårdsgatan m fl;BASIP;BASIP;1;0.10
2018;rd;14801041;Majorna-Linné, Djurgårdsgatan m fl;DD;DD;1;0.10
2018;rd;14801041;Majorna-Linné, Djurgårdsgatan m fl;DjuP;DJUP;2;0.20
2018;rd;14801041;Majorna-Linné, Djurgårdsgatan m fl;EAP;EAP;0;0.00
2018;rd;14801041;Majorna-Linné, Djurgårdsgatan m fl;ENH;ENH;1;0.10
2018;rd;14801041;Majorna-Linné, Djurgårdsgatan m fl;INI;INI;0;0.00
2018;rd;14801041;Majorna-Linné, Djurgårdsgatan m fl;KLP;KLP;0;0.00
2018;rd;14801041;Majorna-Linné, Djurgårdsgatan m fl;KrVP;KRVP;0;0.00
2018;rd;14801041;Majorna-Linné, Djurgårdsgatan m fl;LPo;LPO;0;0.00
2018;rd;14801041;Majorna-Linné, Djurgårdsgatan m fl;MED;MED;2;0.20
2018;rd;14801041;Majorna-Linné, Djurgårdsgatan m fl;NMR;NMR;0;0.00
2018;rd;14801041;Majorna-Linné, Djurgårdsgatan m fl;NYREF;NYREF;0;0.00
2018;rd;14801041;Majorna-Linné, Djurgårdsgatan m fl;PP;PP;2;0.20
2018;rd;14801041;Majorna-Linné, Djurgårdsgatan m fl;SKP;SKP;1;0.10
2018;rd;14801041;Majorna-Linné, Djurgårdsgatan m fl;TRP;TRP;0;0.00
2018;rd;14801041;Majorna-Linné, Djurgårdsgatan m fl;ÖVR;ÖVR;0;0.00
2018;rd;14801042;Majorna-Linné, Gatenhielmska;M;M;104;9.92
2018;rd;14801042;Majorna-Linné, Gatenhielmska;C;C;56;5.34
2018;rd;14801042;Majorna-Linné, Gatenhielmska;L;L;42;4.01
2018;rd;14801042;Majorna-Linné, Gatenhielmska;KD;KD;32;3.05
2018;rd;14801042;Majorna-Linné, Gatenhielmska;S;S;230;21.95
2018;rd;14801042;Majorna-Linné, Gatenhielmska;V;V;325;31.01
2018;rd;14801042;Majorna-Linné, Gatenhielmska;MP;MP;118;11.26
2018;rd;14801042;Majorna-Linné, Gatenhielmska;SD;SD;113;10.78
2018;rd;14801042;Majorna-Linné, Gatenhielmska;FI;FI;18;1.72
2018;rd;14801042;Majorna-Linné, Gatenhielmska;AfS;AFS;4;0.38
2018;rd;14801042;Majorna-Linné, Gatenhielmska;BASIP;BASIP;0;0.00
2018;rd;14801042;Majorna-Linné, Gatenhielmska;DD;DD;0;0.00
2018;rd;14801042;Majorna-Linné, Gatenhielmska;DjuP;DJUP;2;0.19
2018;rd;14801042;Majorna-Linné, Gatenhielmska;EAP;EAP;0;0.00
2018;rd;14801042;Majorna-Linné, Gatenhielmska;ENH;ENH;2;0.19
2018;rd;14801042;Majorna-Linné, Gatenhielmska;INI;INI;0;0.00
2018;rd;14801042;Majorna-Linné, Gatenhielmska;KLP;KLP;0;0.00
2018;rd;14801042;Majorna-Linné, Gatenhielmska;KrVP;KRVP;0;0.00
2018;rd;14801042;Majorna-Linné, Gatenhielmska;LPo;LPO;0;0.00
2018;rd;14801042;Majorna-Linné, Gatenhielmska;MED;MED;0;0.00
2018;rd;14801042;Majorna-Linné, Gatenhielmska;NMR;NMR;0;0.00
2018;rd;14801042;Majorna-Linné, Gatenhielmska;NYREF;NYREF;0;0.00
2018;rd;14801042;Majorna-Linné, Gatenhielmska;PP;PP;2;0.19
2018;rd;14801042;Majorna-Linné, Gatenhielmska;SKP;SKP;0;0.00
2018;rd;14801042;Majorna-Linné, Gatenhielmska;TRP;TRP;0;0.00
2018;rd;14801042;Majorna-Linné, Gatenhielmska;ÖVR;ÖVR;0;0.00
2018;rd;14801043;Majorna-Linné, Karl Johans torg;M;M;69;6.77
2018;rd;14801043;Majorna-Linné, Karl Johans torg;C;C;47;4.61
2018;rd;14801043;Majorna-Linné, Karl Johans torg;L;L;33;3.24
2018;rd;14801043;Majorna-Linné, Karl Johans torg;KD;KD;27;2.65
2018;rd;14801043;Majorna-Linné, Karl Johans torg;S;S;233;22.87
2018;rd;14801043;Majorna-Linné, Karl Johans torg;V;V;375;36.80
2018;rd;14801043;Majorna-Linné, Karl Johans torg;MP;MP;122;11.97
2018;rd;14801043;Majorna-Linné, Karl Johans torg;SD;SD;82;8.05
2018;rd;14801043;Majorna-Linné, Karl Johans torg;FI;FI;14;1.37
2018;rd;14801043;Majorna-Linné, Karl Johans torg;AfS;AFS;3;0.29
2018;rd;14801043;Majorna-Linné, Karl Johans torg;BASIP;BASIP;1;0.10
2018;rd;14801043;Majorna-Linné, Karl Johans torg;DD;DD;1;0.10
2018;rd;14801043;Majorna-Linné, Karl Johans torg;DjuP;DJUP;2;0.20
2018;rd;14801043;Majorna-Linné, Karl Johans torg;EAP;EAP;0;0.00
2018;rd;14801043;Majorna-Linné, Karl Johans torg;ENH;ENH;2;0.20
2018;rd;14801043;Majorna-Linné, Karl Johans torg;INI;INI;0;0.00
2018;rd;14801043;Majorna-Linné, Karl Johans torg;KLP;KLP;1;0.10
2018;rd;14801043;Majorna-Linné, Karl Johans torg;KrVP;KRVP;0;0.00
2018;rd;14801043;Majorna-Linné, Karl Johans torg;LPo;LPO;1;0.10
2018;rd;14801043;Majorna-Linné, Karl Johans torg;MED;MED;2;0.20
2018;rd;14801043;Majorna-Linné, Karl Johans torg;NMR;NMR;0;0.00
2018;rd;14801043;Majorna-Linné, Karl Johans torg;NYREF;NYREF;0;0.00
2018;rd;14801043;Majorna-Linné, Karl Johans torg;PP;PP;4;0.39
2018;rd;14801043;Majorna-Linné, Karl Johans torg;SKP;SKP;0;0.00
2018;rd;14801043;Majorna-Linné, Karl Johans torg;TRP;TRP;0;0.00
2018;rd;14801043;Majorna-Linné, Karl Johans torg;ÖVR;ÖVR;0;0.00
2018;rd;14801044;Majorna-Linné, Klareborgsgatan m fl;M;M;69;7.39
2018;rd;14801044;Majorna-Linné, Klareborgsgatan m fl;C;C;42;4.50
2018;rd;14801044;Majorna-Linné, Klareborgsgatan m fl;L;L;40;4.28
2018;rd;14801044;Majorna-Linné, Klareborgsgatan m fl;KD;KD;17;1.82
2018;rd;14801044;Majorna-Linné, Klareborgsgatan m fl;S;S;172;18.42
2018;rd;14801044;Majorna-Linné, Klareborgsgatan m fl;V;V;354;37.90
2018;rd;14801044;Majorna-Linné, Klareborgsgatan m fl;MP;MP;121;12.96
2018;rd;14801044;Majorna-Linné, Klareborgsgatan m fl;SD;SD;82;8.78
2018;rd;14801044;Majorna-Linné, Klareborgsgatan m fl;FI;FI;29;3.10
2018;rd;14801044;Majorna-Linné, Klareborgsgatan m fl;AfS;AFS;2;0.21
2018;rd;14801044;Majorna-Linné, Klareborgsgatan m fl;BASIP;BASIP;0;0.00
2018;rd;14801044;Majorna-Linné, Klareborgsgatan m fl;DD;DD;0;0.00
2018;rd;14801044;Majorna-Linné, Klareborgsgatan m fl;DjuP;DJUP;0;0.00
2018;rd;14801044;Majorna-Linné, Klareborgsgatan m fl;EAP;EAP;0;0.00
2018;rd;14801044;Majorna-Linné, Klareborgsgatan m fl;ENH;ENH;1;0.11
2018;rd;14801044;Majorna-Linné, Klareborgsgatan m fl;INI;INI;0;0.00
2018;rd;14801044;Majorna-Linné, Klareborgsgatan m fl;KLP;KLP;1;0.11
2018;rd;14801044;Majorna-Linné, Klareborgsgatan m fl;KrVP;KRVP;0;0.00
2018;rd;14801044;Majorna-Linné, Klareborgsgatan m fl;LPo;LPO;0;0.00
2018;rd;14801044;Majorna-Linné, Klareborgsgatan m fl;MED;MED;3;0.32
2018;rd;14801044;Majorna-Linné, Klareborgsgatan m fl;NMR;NMR;0;0.00
2018;rd;14801044;Majorna-Linné, Klareborgsgatan m fl;NYREF;NYREF;0;0.00
2018;rd;14801044;Majorna-Linné, Klareborgsgatan m fl;PP;PP;1;0.11
2018;rd;14801044;Majorna-Linné, Klareborgsgatan m fl;SKP;SKP;0;0.00
2018;rd;14801044;Majorna-Linné, Klareborgsgatan m fl;TRP;TRP;0;0.00
2018;rd;14801044;Majorna-Linné, Klareborgsgatan m fl;ÖVR;ÖVR;0;0.00
2018;rd;14801045;Majorna-Linné, Söderlingska ängen;M;M;84;9.08
2018;rd;14801045;Majorna-Linné, Söderlingska ängen;C;C;34;3.68
2018;rd;14801045;Majorna-Linné, Söderlingska ängen;L;L;29;3.14
2018;rd;14801045;Majorna-Linné, Söderlingska ängen;KD;KD;19;2.05
2018;rd;14801045;Majorna-Linné, Söderlingska ängen;S;S;206;22.27
2018;rd;14801045;Majorna-Linné, Söderlingska ängen;V;V;338;36.54
2018;rd;14801045;Majorna-Linné, Söderlingska ängen;MP;MP;82;8.86
2018;rd;14801045;Majorna-Linné, Söderlingska ängen;SD;SD;95;10.27
2018;rd;14801045;Majorna-Linné, Söderlingska ängen;FI;FI;21;2.27
2018;rd;14801045;Majorna-Linné, Söderlingska ängen;AfS;AFS;5;0.54
2018;rd;14801045;Majorna-Linné, Söderlingska ängen;BASIP;BASIP;0;0.00
2018;rd;14801045;Majorna-Linné, Söderlingska ängen;DD;DD;1;0.11
2018;rd;14801045;Majorna-Linné, Söderlingska ängen;DjuP;DJUP;3;0.32
2018;rd;14801045;Majorna-Linné, Söderlingska ängen;EAP;EAP;0;0.00
2018;rd;14801045;Majorna-Linné, Söderlingska ängen;ENH;ENH;3;0.32
2018;rd;14801045;Majorna-Linné, Söderlingska ängen;INI;INI;0;0.00
2018;rd;14801045;Majorna-Linné, Söderlingska ängen;KLP;KLP;0;0.00
2018;rd;14801045;Majorna-Linné, Söderlingska ängen;KrVP;KRVP;0;0.00
2018;rd;14801045;Majorna-Linné, Söderlingska ängen;LPo;LPO;0;0.00
2018;rd;14801045;Majorna-Linné, Söderlingska ängen;MED;MED;2;0.22
2018;rd;14801045;Majorna-Linné, Söderlingska ängen;NMR;NMR;1;0.11
2018;rd;14801045;Majorna-Linné, Söderlingska ängen;NYREF;NYREF;0;0.00
2018;rd;14801045;Majorna-Linné, Söderlingska ängen;PP;PP;2;0.22
2018;rd;14801045;Majorna-Linné, Söderlingska ängen;SKP;SKP;0;0.00
2018;rd;14801045;Majorna-Linné, Söderlingska ängen;TRP;TRP;0;0.00
2018;rd;14801045;Majorna-Linné, Söderlingska ängen;ÖVR;ÖVR;0;0.00
2018;rd;14801051;Majorna-Linné, Masthugget, Nedre;M;M;119;13.37
2018;rd;14801051;Majorna-Linné, Masthugget, Nedre;C;C;47;5.28
2018;rd;14801051;Majorna-Linné, Masthugget, Nedre;L;L;68;7.64
2018;rd;14801051;Majorna-Linné, Masthugget, Nedre;KD;KD;42;4.72
2018;rd;14801051;Majorna-Linné, Masthugget, Nedre;S;S;181;20.34
2018;rd;14801051;Majorna-Linné, Masthugget, Nedre;V;V;233;26.18
2018;rd;14801051;Majorna-Linné, Masthugget, Nedre;MP;MP;102;11.46
2018;rd;14801051;Majorna-Linné, Masthugget, Nedre;SD;SD;80;8.99
2018;rd;14801051;Majorna-Linné, Masthugget, Nedre;FI;FI;9;1.01
2018;rd;14801051;Majorna-Linné, Masthugget, Nedre;AfS;AFS;3;0.34
2018;rd;14801051;Majorna-Linné, Masthugget, Nedre;BASIP;BASIP;1;0.11
2018;rd;14801051;Majorna-Linné, Masthugget, Nedre;DD;DD;0;0.00
2018;rd;14801051;Majorna-Linné, Masthugget, Nedre;DjuP;DJUP;1;0.11
2018;rd;14801051;Majorna-Linné, Masthugget, Nedre;EAP;EAP;0;0.00
2018;rd;14801051;Majorna-Linné, Masthugget, Nedre;ENH;ENH;0;0.00
2018;rd;14801051;Majorna-Linné, Masthugget, Nedre;INI;INI;0;0.00
2018;rd;14801051;Majorna-Linné, Masthugget, Nedre;KLP;KLP;0;0.00
2018;rd;14801051;Majorna-Linné, Masthugget, Nedre;KrVP;KRVP;0;0.00
2018;rd;14801051;Majorna-Linné, Masthugget, Nedre;LPo;LPO;0;0.00
2018;rd;14801051;Majorna-Linné, Masthugget, Nedre;MED;MED;1;0.11
2018;rd;14801051;Majorna-Linné, Masthugget, Nedre;NMR;NMR;0;0.00
2018;rd;14801051;Majorna-Linné, Masthugget, Nedre;NYREF;NYREF;0;0.00
2018;rd;14801051;Majorna-Linné, Masthugget, Nedre;PP;PP;3;0.34
2018;rd;14801051;Majorna-Linné, Masthugget, Nedre;SKP;SKP;0;0.00
2018;rd;14801051;Majorna-Linné, Masthugget, Nedre;TRP;TRP;0;0.00
2018;rd;14801051;Majorna-Linné, Masthugget, Nedre;ÖVR;ÖVR;0;0.00
2018;rd;14801052;Majorna-Linné, Masthugget, Övre;M;M;120;10.12
2018;rd;14801052;Majorna-Linné, Masthugget, Övre;C;C;103;8.68
2018;rd;14801052;Majorna-Linné, Masthugget, Övre;L;L;72;6.07
2018;rd;14801052;Majorna-Linné, Masthugget, Övre;KD;KD;38;3.20
2018;rd;14801052;Majorna-Linné, Masthugget, Övre;S;S;223;18.80
2018;rd;14801052;Majorna-Linné, Masthugget, Övre;V;V;327;27.57
2018;rd;14801052;Majorna-Linné, Masthugget, Övre;MP;MP;207;17.45
2018;rd;14801052;Majorna-Linné, Masthugget, Övre;SD;SD;59;4.97
2018;rd;14801052;Majorna-Linné, Masthugget, Övre;FI;FI;18;1.52
2018;rd;14801052;Majorna-Linné, Masthugget, Övre;AfS;AFS;9;0.76
2018;rd;14801052;Majorna-Linné, Masthugget, Övre;BASIP;BASIP;0;0.00
2018;rd;14801052;Majorna-Linné, Masthugget, Övre;DD;DD;1;0.08
2018;rd;14801052;Majorna-Linné, Masthugget, Övre;DjuP;DJUP;0;0.00
2018;rd;14801052;Majorna-Linné, Masthugget, Övre;EAP;EAP;0;0.00
2018;rd;14801052;Majorna-Linné, Masthugget, Övre;ENH;ENH;1;0.08
2018;rd;14801052;Majorna-Linné, Masthugget, Övre;INI;INI;1;0.08
2018;rd;14801052;Majorna-Linné, Masthugget, Övre;KLP;KLP;0;0.00
2018;rd;14801052;Majorna-Linné, Masthugget, Övre;KrVP;KRVP;0;0.00
2018;rd;14801052;Majorna-Linné, Masthugget, Övre;LPo;LPO;1;0.08
2018;rd;14801052;Majorna-Linné, Masthugget, Övre;MED;MED;6;0.51
2018;rd;14801052;Majorna-Linné, Masthugget, Övre;NMR;NMR;0;0.00
2018;rd;14801052;Majorna-Linné, Masthugget, Övre;NYREF;NYREF;0;0.00
2018;rd;14801052;Majorna-Linné, Masthugget, Övre;PP;PP;0;0.00
2018;rd;14801052;Majorna-Linné, Masthugget, Övre;SKP;SKP;0;0.00
2018;rd;14801052;Majorna-Linné, Masthugget, Övre;TRP;TRP;0;0.00
2018;rd;14801052;Majorna-Linné, Masthugget, Övre;ÖVR;ÖVR;0;0.00
2018;rd;14801053;Majorna-Linné, Masthuggstorget;M;M;228;22.44
2018;rd;14801053;Majorna-Linné, Masthuggstorget;C;C;76;7.48
2018;rd;14801053;Majorna-Linné, Masthuggstorget;L;L;100;9.84
2018;rd;14801053;Majorna-Linné, Masthuggstorget;KD;KD;34;3.35
2018;rd;14801053;Majorna-Linné, Masthuggstorget;S;S;212;20.87
2018;rd;14801053;Majorna-Linné, Masthuggstorget;V;V;138;13.58
2018;rd;14801053;Majorna-Linné, Masthuggstorget;MP;MP;73;7.19
2018;rd;14801053;Majorna-Linné, Masthuggstorget;SD;SD;129;12.70
2018;rd;14801053;Majorna-Linné, Masthuggstorget;FI;FI;11;1.08
2018;rd;14801053;Majorna-Linné, Masthuggstorget;AfS;AFS;7;0.69
2018;rd;14801053;Majorna-Linné, Masthuggstorget;BASIP;BASIP;0;0.00
2018;rd;14801053;Majorna-Linné, Masthuggstorget;DD;DD;0;0.00
2018;rd;14801053;Majorna-Linné, Masthuggstorget;DjuP;DJUP;2;0.20
2018;rd;14801053;Majorna-Linné, Masthuggstorget;EAP;EAP;0;0.00
2018;rd;14801053;Majorna-Linné, Masthuggstorget;ENH;ENH;0;0.00
2018;rd;14801053;Majorna-Linné, Masthuggstorget;INI;INI;0;0.00
2018;rd;14801053;Majorna-Linné, Masthuggstorget;KLP;KLP;0;0.00
2018;rd;14801053;Majorna-Linné, Masthuggstorget;KrVP;KRVP;0;0.00
2018;rd;14801053;Majorna-Linné, Masthuggstorget;LPo;LPO;0;0.00
2018;rd;14801053;Majorna-Linné, Masthuggstorget;MED;MED;4;0.39
2018;rd;14801053;Majorna-Linné, Masthuggstorget;NMR;NMR;0;0.00
2018;rd;14801053;Majorna-Linné, Masthuggstorget;NYREF;NYREF;0;0.00
2018;rd;14801053;Majorna-Linné, Masthuggstorget;PP;PP;2;0.20
2018;rd;14801053;Majorna-Linné, Masthuggstorget;SKP;SKP;0;0.00
2018;rd;14801053;Majorna-Linné, Masthuggstorget;TRP;TRP;0;0.00
2018;rd;14801053;Majorna-Linné, Masthuggstorget;ÖVR;ÖVR;0;0.00
2018;rd;14801054;Majorna-Linné, Oscar Fredrik;M;M;145;15.22
2018;rd;14801054;Majorna-Linné, Oscar Fredrik;C;C;79;8.29
2018;rd;14801054;Majorna-Linné, Oscar Fredrik;L;L;71;7.45
2018;rd;14801054;Majorna-Linné, Oscar Fredrik;KD;KD;34;3.57
2018;rd;14801054;Majorna-Linné, Oscar Fredrik;S;S;187;19.62
2018;rd;14801054;Majorna-Linné, Oscar Fredrik;V;V;228;23.92
2018;rd;14801054;Majorna-Linné, Oscar Fredrik;MP;MP;121;12.70
2018;rd;14801054;Majorna-Linné, Oscar Fredrik;SD;SD;66;6.93
2018;rd;14801054;Majorna-Linné, Oscar Fredrik;FI;FI;10;1.05
2018;rd;14801054;Majorna-Linné, Oscar Fredrik;AfS;AFS;3;0.31
2018;rd;14801054;Majorna-Linné, Oscar Fredrik;BASIP;BASIP;0;0.00
2018;rd;14801054;Majorna-Linné, Oscar Fredrik;DD;DD;2;0.21
2018;rd;14801054;Majorna-Linné, Oscar Fredrik;DjuP;DJUP;1;0.10
2018;rd;14801054;Majorna-Linné, Oscar Fredrik;EAP;EAP;0;0.00
2018;rd;14801054;Majorna-Linné, Oscar Fredrik;ENH;ENH;1;0.10
2018;rd;14801054;Majorna-Linné, Oscar Fredrik;INI;INI;0;0.00
2018;rd;14801054;Majorna-Linné, Oscar Fredrik;KLP;KLP;0;0.00
2018;rd;14801054;Majorna-Linné, Oscar Fredrik;KrVP;KRVP;0;0.00
2018;rd;14801054;Majorna-Linné, Oscar Fredrik;LPo;LPO;0;0.00
2018;rd;14801054;Majorna-Linné, Oscar Fredrik;MED;MED;2;0.21
2018;rd;14801054;Majorna-Linné, Oscar Fredrik;NMR;NMR;0;0.00
2018;rd;14801054;Majorna-Linné, Oscar Fredrik;NYREF;NYREF;0;0.00
2018;rd;14801054;Majorna-Linné, Oscar Fredrik;PP;PP;2;0.21
2018;rd;14801054;Majorna-Linné, Oscar Fredrik;SKP;SKP;1;0.10
2018;rd;14801054;Majorna-Linné, Oscar Fredrik;TRP;TRP;0;0.00
2018;rd;14801054;Majorna-Linné, Oscar Fredrik;ÖVR;ÖVR;0;0.00
2018;rd;14801055;Majorna-Linné, Sjömansgatan m fl;M;M;142;14.59
2018;rd;14801055;Majorna-Linné, Sjömansgatan m fl;C;C;70;7.19
2018;rd;14801055;Majorna-Linné, Sjömansgatan m fl;L;L;53;5.45
2018;rd;14801055;Majorna-Linné, Sjömansgatan m fl;KD;KD;38;3.91
2018;rd;14801055;Majorna-Linné, Sjömansgatan m fl;S;S;197;20.25
2018;rd;14801055;Majorna-Linné, Sjömansgatan m fl;V;V;269;27.65
2018;rd;14801055;Majorna-Linné, Sjömansgatan m fl;MP;MP;99;10.17
2018;rd;14801055;Majorna-Linné, Sjömansgatan m fl;SD;SD;80;8.22
2018;rd;14801055;Majorna-Linné, Sjömansgatan m fl;FI;FI;13;1.34
2018;rd;14801055;Majorna-Linné, Sjömansgatan m fl;AfS;AFS;2;0.21
2018;rd;14801055;Majorna-Linné, Sjömansgatan m fl;BASIP;BASIP;3;0.31
2018;rd;14801055;Majorna-Linné, Sjömansgatan m fl;DD;DD;0;0.00
2018;rd;14801055;Majorna-Linné, Sjömansgatan m fl;DjuP;DJUP;2;0.21
2018;rd;14801055;Majorna-Linné, Sjömansgatan m fl;EAP;EAP;0;0.00
2018;rd;14801055;Majorna-Linné, Sjömansgatan m fl;ENH;ENH;1;0.10
2018;rd;14801055;Majorna-Linné, Sjömansgatan m fl;INI;INI;0;0.00
2018;rd;14801055;Majorna-Linné, Sjömansgatan m fl;KLP;KLP;0;0.00
2018;rd;14801055;Majorna-Linné, Sjömansgatan m fl;KrVP;KRVP;0;0.00
2018;rd;14801055;Majorna-Linné, Sjömansgatan m fl;LPo;LPO;1;0.10
2018;rd;14801055;Majorna-Linné, Sjömansgatan m fl;MED;MED;2;0.21
2018;rd;14801055;Majorna-Linné, Sjömansgatan m fl;NMR;NMR;0;0.00
2018;rd;14801055;Majorna-Linné, Sjömansgatan m fl;NYREF;NYREF;0;0.00
2018;rd;14801055;Majorna-Linné, Sjömansgatan m fl;PP;PP;1;0.10
2018;rd;14801055;Majorna-Linné, Sjömansgatan m fl;SKP;SKP;0;0.00
2018;rd;14801055;Majorna-Linné, Sjömansgatan m fl;TRP;TRP;0;0.00
2018;rd;14801055;Majorna-Linné, Sjömansgatan m fl;ÖVR;ÖVR;0;0.00
2018;rd;14801056;Majorna-Linné, Slottsskogen;M;M;149;16.46
2018;rd;14801056;Majorna-Linné, Slottsskogen;C;C;61;6.74
2018;rd;14801056;Majorna-Linné, Slottsskogen;L;L;77;8.51
2018;rd;14801056;Majorna-Linné, Slottsskogen;KD;KD;26;2.87
2018;rd;14801056;Majorna-Linné, Slottsskogen;S;S;208;22.98
2018;rd;14801056;Majorna-Linné, Slottsskogen;V;V;186;20.55
2018;rd;14801056;Majorna-Linné, Slottsskogen;MP;MP;75;8.29
2018;rd;14801056;Majorna-Linné, Slottsskogen;SD;SD;100;11.05
2018;rd;14801056;Majorna-Linné, Slottsskogen;FI;FI;11;1.22
2018;rd;14801056;Majorna-Linné, Slottsskogen;AfS;AFS;1;0.11
2018;rd;14801056;Majorna-Linné, Slottsskogen;BASIP;BASIP;0;0.00
2018;rd;14801056;Majorna-Linné, Slottsskogen;DD;DD;1;0.11
2018;rd;14801056;Majorna-Linné, Slottsskogen;DjuP;DJUP;0;0.00
2018;rd;14801056;Majorna-Linné, Slottsskogen;EAP;EAP;0;0.00
2018;rd;14801056;Majorna-Linné, Slottsskogen;ENH;ENH;1;0.11
2018;rd;14801056;Majorna-Linné, Slottsskogen;INI;INI;0;0.00
2018;rd;14801056;Majorna-Linné, Slottsskogen;KLP;KLP;1;0.11
2018;rd;14801056;Majorna-Linné, Slottsskogen;KrVP;KRVP;0;0.00
2018;rd;14801056;Majorna-Linné, Slottsskogen;LPo;LPO;0;0.00
2018;rd;14801056;Majorna-Linné, Slottsskogen;MED;MED;5;0.55
2018;rd;14801056;Majorna-Linné, Slottsskogen;NMR;NMR;1;0.11
2018;rd;14801056;Majorna-Linné, Slottsskogen;NYREF;NYREF;0;0.00
2018;rd;14801056;Majorna-Linné, Slottsskogen;PP;PP;2;0.22
2018;rd;14801056;Majorna-Linné, Slottsskogen;SKP;SKP;0;0.00
2018;rd;14801056;Majorna-Linné, Slottsskogen;TRP;TRP;0;0.00
2018;rd;14801056;Majorna-Linné, Slottsskogen;ÖVR;ÖVR;0;0.00
2018;rd;14801057;Majorna-Linné, Stigberget;M;M;114;11.92
2018;rd;14801057;Majorna-Linné, Stigberget;C;C;62;6.49
2018;rd;14801057;Majorna-Linné, Stigberget;L;L;61;6.38
2018;rd;14801057;Majorna-Linné, Stigberget;KD;KD;31;3.24
2018;rd;14801057;Majorna-Linné, Stigberget;S;S;168;17.57
2018;rd;14801057;Majorna-Linné, Stigberget;V;V;321;33.58
2018;rd;14801057;Majorna-Linné, Stigberget;MP;MP;98;10.25
2018;rd;14801057;Majorna-Linné, Stigberget;SD;SD;82;8.58
2018;rd;14801057;Majorna-Linné, Stigberget;FI;FI;9;0.94
2018;rd;14801057;Majorna-Linné, Stigberget;AfS;AFS;5;0.52
2018;rd;14801057;Majorna-Linné, Stigberget;BASIP;BASIP;0;0.00
2018;rd;14801057;Majorna-Linné, Stigberget;DD;DD;3;0.31
2018;rd;14801057;Majorna-Linné, Stigberget;DjuP;DJUP;0;0.00
2018;rd;14801057;Majorna-Linné, Stigberget;EAP;EAP;0;0.00
2018;rd;14801057;Majorna-Linné, Stigberget;ENH;ENH;1;0.10
2018;rd;14801057;Majorna-Linné, Stigberget;INI;INI;0;0.00
2018;rd;14801057;Majorna-Linné, Stigberget;KLP;KLP;0;0.00
2018;rd;14801057;Majorna-Linné, Stigberget;KrVP;KRVP;0;0.00
2018;rd;14801057;Majorna-Linné, Stigberget;LPo;LPO;0;0.00
2018;rd;14801057;Majorna-Linné, Stigberget;MED;MED;1;0.10
2018;rd;14801057;Majorna-Linné, Stigberget;NMR;NMR;0;0.00
2018;rd;14801057;Majorna-Linné, Stigberget;NYREF;NYREF;0;0.00
2018;rd;14801057;Majorna-Linné, Stigberget;PP;PP;0;0.00
2018;rd;14801057;Majorna-Linné, Stigberget;SKP;SKP;0;0.00
2018;rd;14801057;Majorna-Linné, Stigberget;TRP;TRP;0;0.00
2018;rd;14801057;Majorna-Linné, Stigberget;ÖVR;ÖVR;0;0.00
2018;rd;14801058;Majorna-Linné, Vegastaden;M;M;180;16.14
2018;rd;14801058;Majorna-Linné, Vegastaden;C;C;83;7.44
2018;rd;14801058;Majorna-Linné, Vegastaden;L;L;90;8.07
2018;rd;14801058;Majorna-Linné, Vegastaden;KD;KD;45;4.04
2018;rd;14801058;Majorna-Linné, Vegastaden;S;S;216;19.37
2018;rd;14801058;Majorna-Linné, Vegastaden;V;V;253;22.69
2018;rd;14801058;Majorna-Linné, Vegastaden;MP;MP;102;9.15
2018;rd;14801058;Majorna-Linné, Vegastaden;SD;SD;113;10.13
2018;rd;14801058;Majorna-Linné, Vegastaden;FI;FI;21;1.88
2018;rd;14801058;Majorna-Linné, Vegastaden;AfS;AFS;3;0.27
2018;rd;14801058;Majorna-Linné, Vegastaden;BASIP;BASIP;0;0.00
2018;rd;14801058;Majorna-Linné, Vegastaden;DD;DD;2;0.18
2018;rd;14801058;Majorna-Linné, Vegastaden;DjuP;DJUP;1;0.09
2018;rd;14801058;Majorna-Linné, Vegastaden;EAP;EAP;0;0.00
2018;rd;14801058;Majorna-Linné, Vegastaden;ENH;ENH;0;0.00
2018;rd;14801058;Majorna-Linné, Vegastaden;INI;INI;0;0.00
2018;rd;14801058;Majorna-Linné, Vegastaden;KLP;KLP;0;0.00
2018;rd;14801058;Majorna-Linné, Vegastaden;KrVP;KRVP;0;0.00
2018;rd;14801058;Majorna-Linné, Vegastaden;LPo;LPO;0;0.00
2018;rd;14801058;Majorna-Linné, Vegastaden;MED;MED;3;0.27
2018;rd;14801058;Majorna-Linné, Vegastaden;NMR;NMR;0;0.00
2018;rd;14801058;Majorna-Linné, Vegastaden;NYREF;NYREF;0;0.00
2018;rd;14801058;Majorna-Linné, Vegastaden;PP;PP;3;0.27
2018;rd;14801058;Majorna-Linné, Vegastaden;SKP;SKP;0;0.00
2018;rd;14801058;Majorna-Linné, Vegastaden;TRP;TRP;0;0.00
2018;rd;14801058;Majorna-Linné, Vegastaden;ÖVR;ÖVR;0;0.00
2018;rd;14801061;Majorna-Linné, Änggården;M;M;240;24.67
2018;rd;14801061;Majorna-Linné, Änggården;C;C;82;8.43
2018;rd;14801061;Majorna-Linné, Änggården;L;L;112;11.51
2018;rd;14801061;Majorna-Linné, Änggården;KD;KD;81;8.32
2018;rd;14801061;Majorna-Linné, Änggården;S;S;153;15.72
2018;rd;14801061;Majorna-Linné, Änggården;V;V;112;11.51
2018;rd;14801061;Majorna-Linné, Änggården;MP;MP;112;11.51
2018;rd;14801061;Majorna-Linné, Änggården;SD;SD;69;7.09
2018;rd;14801061;Majorna-Linné, Änggården;FI;FI;3;0.31
2018;rd;14801061;Majorna-Linné, Änggården;AfS;AFS;1;0.10
2018;rd;14801061;Majorna-Linné, Änggården;BASIP;BASIP;0;0.00
2018;rd;14801061;Majorna-Linné, Änggården;DD;DD;4;0.41
2018;rd;14801061;Majorna-Linné, Änggården;DjuP;DJUP;1;0.10
2018;rd;14801061;Majorna-Linné, Änggården;EAP;EAP;0;0.00
2018;rd;14801061;Majorna-Linné, Änggården;ENH;ENH;0;0.00
2018;rd;14801061;Majorna-Linné, Änggården;INI;INI;0;0.00
2018;rd;14801061;Majorna-Linné, Änggården;KLP;KLP;0;0.00
2018;rd;14801061;Majorna-Linné, Änggården;KrVP;KRVP;0;0.00
2018;rd;14801061;Majorna-Linné, Änggården;LPo;LPO;0;0.00
2018;rd;14801061;Majorna-Linné, Änggården;MED;MED;3;0.31
2018;rd;14801061;Majorna-Linné, Änggården;NMR;NMR;0;0.00
2018;rd;14801061;Majorna-Linné, Änggården;NYREF;NYREF;0;0.00
2018;rd;14801061;Majorna-Linné, Änggården;PP;PP;0;0.00
2018;rd;14801061;Majorna-Linné, Änggården;SKP;SKP;0;0.00
2018;rd;14801061;Majorna-Linné, Änggården;TRP;TRP;0;0.00
2018;rd;14801061;Majorna-Linné, Änggården;ÖVR;ÖVR;0;0.00
2018;rd;14801071;Majorna-Linné, Haga Västra;M;M;156;14.69
2018;rd;14801071;Majorna-Linné, Haga Västra;C;C;61;5.74
2018;rd;14801071;Majorna-Linné, Haga Västra;L;L;72;6.78
2018;rd;14801071;Majorna-Linné, Haga Västra;KD;KD;28;2.64
2018;rd;14801071;Majorna-Linné, Haga Västra;S;S;235;22.13
2018;rd;14801071;Majorna-Linné, Haga Västra;V;V;271;25.52
2018;rd;14801071;Majorna-Linné, Haga Västra;MP;MP;105;9.89
2018;rd;14801071;Majorna-Linné, Haga Västra;SD;SD;103;9.70
2018;rd;14801071;Majorna-Linné, Haga Västra;FI;FI;16;1.51
2018;rd;14801071;Majorna-Linné, Haga Västra;AfS;AFS;4;0.38
2018;rd;14801071;Majorna-Linné, Haga Västra;BASIP;BASIP;0;0.00
2018;rd;14801071;Majorna-Linné, Haga Västra;DD;DD;0;0.00
2018;rd;14801071;Majorna-Linné, Haga Västra;DjuP;DJUP;0;0.00
2018;rd;14801071;Majorna-Linné, Haga Västra;EAP;EAP;0;0.00
2018;rd;14801071;Majorna-Linné, Haga Västra;ENH;ENH;2;0.19
2018;rd;14801071;Majorna-Linné, Haga Västra;INI;INI;0;0.00
2018;rd;14801071;Majorna-Linné, Haga Västra;KLP;KLP;2;0.19
2018;rd;14801071;Majorna-Linné, Haga Västra;KrVP;KRVP;1;0.09
2018;rd;14801071;Majorna-Linné, Haga Västra;LPo;LPO;0;0.00
2018;rd;14801071;Majorna-Linné, Haga Västra;MED;MED;3;0.28
2018;rd;14801071;Majorna-Linné, Haga Västra;NMR;NMR;1;0.09
2018;rd;14801071;Majorna-Linné, Haga Västra;NYREF;NYREF;0;0.00
2018;rd;14801071;Majorna-Linné, Haga Västra;PP;PP;2;0.19
2018;rd;14801071;Majorna-Linné, Haga Västra;SKP;SKP;0;0.00
2018;rd;14801071;Majorna-Linné, Haga Västra;TRP;TRP;0;0.00
2018;rd;14801071;Majorna-Linné, Haga Västra;ÖVR;ÖVR;0;0.00
2018;rd;14801072;Majorna-Linné, Haga Östra;M;M;123;15.19
2018;rd;14801072;Majorna-Linné, Haga Östra;C;C;63;7.78
2018;rd;14801072;Majorna-Linné, Haga Östra;L;L;53;6.54
2018;rd;14801072;Majorna-Linné, Haga Östra;KD;KD;34;4.20
2018;rd;14801072;Majorna-Linné, Haga Östra;S;S;182;22.47
2018;rd;14801072;Majorna-Linné, Haga Östra;V;V;176;21.73
2018;rd;14801072;Majorna-Linné, Haga Östra;MP;MP;79;9.75
2018;rd;14801072;Majorna-Linné, Haga Östra;SD;SD;86;10.62
2018;rd;14801072;Majorna-Linné, Haga Östra;FI;FI;5;0.62
2018;rd;14801072;Majorna-Linné, Haga Östra;AfS;AFS;1;0.12
2018;rd;14801072;Majorna-Linné, Haga Östra;BASIP;BASIP;1;0.12
2018;rd;14801072;Majorna-Linné, Haga Östra;DD;DD;0;0.00
2018;rd;14801072;Majorna-Linné, Haga Östra;DjuP;DJUP;1;0.12
2018;rd;14801072;Majorna-Linné, Haga Östra;EAP;EAP;0;0.00
2018;rd;14801072;Majorna-Linné, Haga Östra;ENH;ENH;0;0.00
2018;rd;14801072;Majorna-Linné, Haga Östra;INI;INI;0;0.00
2018;rd;14801072;Majorna-Linné, Haga Östra;KLP;KLP;0;0.00
2018;rd;14801072;Majorna-Linné, Haga Östra;KrVP;KRVP;0;0.00
2018;rd;14801072;Majorna-Linné, Haga Östra;LPo;LPO;0;0.00
2018;rd;14801072;Majorna-Linné, Haga Östra;MED;MED;0;0.00
2018;rd;14801072;Majorna-Linné, Haga Östra;NMR;NMR;2;0.25
2018;rd;14801072;Majorna-Linné, Haga Östra;NYREF;NYREF;0;0.00
2018;rd;14801072;Majorna-Linné, Haga Östra;PP;PP;3;0.37
2018;rd;14801072;Majorna-Linné, Haga Östra;SKP;SKP;0;0.00
2018;rd;14801072;Majorna-Linné, Haga Östra;TRP;TRP;0;0.00
2018;rd;14801072;Majorna-Linné, Haga Östra;ÖVR;ÖVR;1;0.12
2018;rd;14801073;Majorna-Linné, Skansberget;M;M;140;15.38
2018;rd;14801073;Majorna-Linné, Skansberget;C;C;42;4.62
2018;rd;14801073;Majorna-Linné, Skansberget;L;L;62;6.81
2018;rd;14801073;Majorna-Linné, Skansberget;KD;KD;36;3.96
2018;rd;14801073;Majorna-Linné, Skansberget;S;S;215;23.63
2018;rd;14801073;Majorna-Linné, Skansberget;V;V;201;22.09
2018;rd;14801073;Majorna-Linné, Skansberget;MP;MP;90;9.89
2018;rd;14801073;Majorna-Linné, Skansberget;SD;SD;98;10.77
2018;rd;14801073;Majorna-Linné, Skansberget;FI;FI;11;1.21
2018;rd;14801073;Majorna-Linné, Skansberget;AfS;AFS;7;0.77
2018;rd;14801073;Majorna-Linné, Skansberget;BASIP;BASIP;2;0.22
2018;rd;14801073;Majorna-Linné, Skansberget;DD;DD;2;0.22
2018;rd;14801073;Majorna-Linné, Skansberget;DjuP;DJUP;0;0.00
2018;rd;14801073;Majorna-Linné, Skansberget;EAP;EAP;0;0.00
2018;rd;14801073;Majorna-Linné, Skansberget;ENH;ENH;0;0.00
2018;rd;14801073;Majorna-Linné, Skansberget;INI;INI;0;0.00
2018;rd;14801073;Majorna-Linné, Skansberget;KLP;KLP;0;0.00
2018;rd;14801073;Majorna-Linné, Skansberget;KrVP;KRVP;1;0.11
2018;rd;14801073;Majorna-Linné, Skansberget;LPo;LPO;0;0.00
2018;rd;14801073;Majorna-Linné, Skansberget;MED;MED;2;0.22
2018;rd;14801073;Majorna-Linné, Skansberget;NMR;NMR;0;0.00
2018;rd;14801073;Majorna-Linné, Skansberget;NYREF;NYREF;0;0.00
2018;rd;14801073;Majorna-Linné, Skansberget;PP;PP;1;0.11
2018;rd;14801073;Majorna-Linné, Skansberget;SKP;SKP;0;0.00
2018;rd;14801073;Majorna-Linné, Skansberget;TRP;TRP;0;0.00
2018;rd;14801073;Majorna-Linné, Skansberget;ÖVR;ÖVR;0;0.00
2018;rd;14801081;Majorna-Linné, Annedal, Norra;M;M;234;22.65
2018;rd;14801081;Majorna-Linné, Annedal, Norra;C;C;79;7.65
2018;rd;14801081;Majorna-Linné, Annedal, Norra;L;L;107;10.36
2018;rd;14801081;Majorna-Linné, Annedal, Norra;KD;KD;69;6.68
2018;rd;14801081;Majorna-Linné, Annedal, Norra;S;S;163;15.78
2018;rd;14801081;Majorna-Linné, Annedal, Norra;V;V;158;15.30
2018;rd;14801081;Majorna-Linné, Annedal, Norra;MP;MP;104;10.07
2018;rd;14801081;Majorna-Linné, Annedal, Norra;SD;SD;91;8.81
2018;rd;14801081;Majorna-Linné, Annedal, Norra;FI;FI;12;1.16
2018;rd;14801081;Majorna-Linné, Annedal, Norra;AfS;AFS;4;0.39
2018;rd;14801081;Majorna-Linné, Annedal, Norra;BASIP;BASIP;1;0.10
2018;rd;14801081;Majorna-Linné, Annedal, Norra;DD;DD;2;0.19
2018;rd;14801081;Majorna-Linné, Annedal, Norra;DjuP;DJUP;1;0.10
2018;rd;14801081;Majorna-Linné, Annedal, Norra;EAP;EAP;0;0.00
2018;rd;14801081;Majorna-Linné, Annedal, Norra;ENH;ENH;2;0.19
2018;rd;14801081;Majorna-Linné, Annedal, Norra;INI;INI;0;0.00
2018;rd;14801081;Majorna-Linné, Annedal, Norra;KLP;KLP;1;0.10
2018;rd;14801081;Majorna-Linné, Annedal, Norra;KrVP;KRVP;0;0.00
2018;rd;14801081;Majorna-Linné, Annedal, Norra;LPo;LPO;0;0.00
2018;rd;14801081;Majorna-Linné, Annedal, Norra;MED;MED;4;0.39
2018;rd;14801081;Majorna-Linné, Annedal, Norra;NMR;NMR;0;0.00
2018;rd;14801081;Majorna-Linné, Annedal, Norra;NYREF;NYREF;0;0.00
2018;rd;14801081;Majorna-Linné, Annedal, Norra;PP;PP;1;0.10
2018;rd;14801081;Majorna-Linné, Annedal, Norra;SKP;SKP;0;0.00
2018;rd;14801081;Majorna-Linné, Annedal, Norra;TRP;TRP;0;0.00
2018;rd;14801081;Majorna-Linné, Annedal, Norra;ÖVR;ÖVR;0;0.00
2018;rd;14801082;Majorna-Linné, Annedal, Södra;M;M;216;22.41
2018;rd;14801082;Majorna-Linné, Annedal, Södra;C;C;72;7.47
2018;rd;14801082;Majorna-Linné, Annedal, Södra;L;L;65;6.74
2018;rd;14801082;Majorna-Linné, Annedal, Södra;KD;KD;35;3.63
2018;rd;14801082;Majorna-Linné, Annedal, Södra;S;S;210;21.78
2018;rd;14801082;Majorna-Linné, Annedal, Södra;V;V;138;14.32
2018;rd;14801082;Majorna-Linné, Annedal, Södra;MP;MP;67;6.95
2018;rd;14801082;Majorna-Linné, Annedal, Södra;SD;SD;132;13.69
2018;rd;14801082;Majorna-Linné, Annedal, Södra;FI;FI;14;1.45
2018;rd;14801082;Majorna-Linné, Annedal, Södra;AfS;AFS;3;0.31
2018;rd;14801082;Majorna-Linné, Annedal, Södra;BASIP;BASIP;1;0.10
2018;rd;14801082;Majorna-Linné, Annedal, Södra;DD;DD;2;0.21
2018;rd;14801082;Majorna-Linné, Annedal, Södra;DjuP;DJUP;2;0.21
2018;rd;14801082;Majorna-Linné, Annedal, Södra;EAP;EAP;0;0.00
2018;rd;14801082;Majorna-Linné, Annedal, Södra;ENH;ENH;2;0.21
2018;rd;14801082;Majorna-Linné, Annedal, Södra;INI;INI;0;0.00
2018;rd;14801082;Majorna-Linné, Annedal, Södra;KLP;KLP;0;0.00
2018;rd;14801082;Majorna-Linné, Annedal, Södra;KrVP;KRVP;0;0.00
2018;rd;14801082;Majorna-Linné, Annedal, Södra;LPo;LPO;0;0.00
2018;rd;14801082;Majorna-Linné, Annedal, Södra;MED;MED;1;0.10
2018;rd;14801082;Majorna-Linné, Annedal, Södra;NMR;NMR;1;0.10
2018;rd;14801082;Majorna-Linné, Annedal, Södra;NYREF;NYREF;0;0.00
2018;rd;14801082;Majorna-Linné, Annedal, Södra;PP;PP;3;0.31
2018;rd;14801082;Majorna-Linné, Annedal, Södra;SKP;SKP;0;0.00
2018;rd;14801082;Majorna-Linné, Annedal, Södra;TRP;TRP;0;0.00
2018;rd;14801082;Majorna-Linné, Annedal, Södra;ÖVR;ÖVR;0;0.00
2018;rd;14801083;Majorna-Linné, Nilssonsberg;M;M;284;24.46
2018;rd;14801083;Majorna-Linné, Nilssonsberg;C;C;106;9.13
2018;rd;14801083;Majorna-Linné, Nilssonsberg;L;L;138;11.89
2018;rd;14801083;Majorna-Linné, Nilssonsberg;KD;KD;70;6.03
2018;rd;14801083;Majorna-Linné, Nilssonsberg;S;S;197;16.97
2018;rd;14801083;Majorna-Linné, Nilssonsberg;V;V;120;10.34
2018;rd;14801083;Majorna-Linné, Nilssonsberg;MP;MP;96;8.27
2018;rd;14801083;Majorna-Linné, Nilssonsberg;SD;SD;127;10.94
2018;rd;14801083;Majorna-Linné, Nilssonsberg;FI;FI;6;0.52
2018;rd;14801083;Majorna-Linné, Nilssonsberg;AfS;AFS;6;0.52
2018;rd;14801083;Majorna-Linné, Nilssonsberg;BASIP;BASIP;0;0.00
2018;rd;14801083;Majorna-Linné, Nilssonsberg;DD;DD;1;0.09
2018;rd;14801083;Majorna-Linné, Nilssonsberg;DjuP;DJUP;0;0.00
2018;rd;14801083;Majorna-Linné, Nilssonsberg;EAP;EAP;0;0.00
2018;rd;14801083;Majorna-Linné, Nilssonsberg;ENH;ENH;0;0.00
2018;rd;14801083;Majorna-Linné, Nilssonsberg;INI;INI;0;0.00
2018;rd;14801083;Majorna-Linné, Nilssonsberg;KLP;KLP;1;0.09
2018;rd;14801083;Majorna-Linné, Nilssonsberg;KrVP;KRVP;1;0.09
2018;rd;14801083;Majorna-Linné, Nilssonsberg;LPo;LPO;0;0.00
2018;rd;14801083;Majorna-Linné, Nilssonsberg;MED;MED;7;0.60
2018;rd;14801083;Majorna-Linné, Nilssonsberg;NMR;NMR;0;0.00
2018;rd;14801083;Majorna-Linné, Nilssonsberg;NYREF;NYREF;0;0.00
2018;rd;14801083;Majorna-Linné, Nilssonsberg;PP;PP;1;0.09
2018;rd;14801083;Majorna-Linné, Nilssonsberg;SKP;SKP;0;0.00
2018;rd;14801083;Majorna-Linné, Nilssonsberg;TRP;TRP;0;0.00
2018;rd;14801083;Majorna-Linné, Nilssonsberg;ÖVR;ÖVR;0;0.00
2018;rd;14801091;Majorna-Linné, Kommendantsängen;M;M;281;26.21
2018;rd;14801091;Majorna-Linné, Kommendantsängen;C;C;105;9.79
2018;rd;14801091;Majorna-Linné, Kommendantsängen;L;L;122;11.38
2018;rd;14801091;Majorna-Linné, Kommendantsängen;KD;KD;59;5.50
2018;rd;14801091;Majorna-Linné, Kommendantsängen;S;S;166;15.49
2018;rd;14801091;Majorna-Linné, Kommendantsängen;V;V;123;11.47
2018;rd;14801091;Majorna-Linné, Kommendantsängen;MP;MP;94;8.77
2018;rd;14801091;Majorna-Linné, Kommendantsängen;SD;SD;107;9.98
2018;rd;14801091;Majorna-Linné, Kommendantsängen;FI;FI;4;0.37
2018;rd;14801091;Majorna-Linné, Kommendantsängen;AfS;AFS;3;0.28
2018;rd;14801091;Majorna-Linné, Kommendantsängen;BASIP;BASIP;0;0.00
2018;rd;14801091;Majorna-Linné, Kommendantsängen;DD;DD;2;0.19
2018;rd;14801091;Majorna-Linné, Kommendantsängen;DjuP;DJUP;1;0.09
2018;rd;14801091;Majorna-Linné, Kommendantsängen;EAP;EAP;0;0.00
2018;rd;14801091;Majorna-Linné, Kommendantsängen;ENH;ENH;0;0.00
2018;rd;14801091;Majorna-Linné, Kommendantsängen;INI;INI;1;0.09
2018;rd;14801091;Majorna-Linné, Kommendantsängen;KLP;KLP;0;0.00
2018;rd;14801091;Majorna-Linné, Kommendantsängen;KrVP;KRVP;0;0.00
2018;rd;14801091;Majorna-Linné, Kommendantsängen;LPo;LPO;0;0.00
2018;rd;14801091;Majorna-Linné, Kommendantsängen;MED;MED;1;0.09
2018;rd;14801091;Majorna-Linné, Kommendantsängen;NMR;NMR;1;0.09
2018;rd;14801091;Majorna-Linné, Kommendantsängen;NYREF;NYREF;0;0.00
2018;rd;14801091;Majorna-Linné, Kommendantsängen;PP;PP;2;0.19
2018;rd;14801091;Majorna-Linné, Kommendantsängen;SKP;SKP;0;0.00
2018;rd;14801091;Majorna-Linné, Kommendantsängen;TRP;TRP;0;0.00
2018;rd;14801091;Majorna-Linné, Kommendantsängen;ÖVR;ÖVR;0;0.00
2018;rd;14801092;Majorna-Linné, Linné;M;M;313;26.59
2018;rd;14801092;Majorna-Linné, Linné;C;C;127;10.79
2018;rd;14801092;Majorna-Linné, Linné;L;L;135;11.47
2018;rd;14801092;Majorna-Linné, Linné;KD;KD;58;4.93
2018;rd;14801092;Majorna-Linné, Linné;S;S;207;17.59
2018;rd;14801092;Majorna-Linné, Linné;V;V;149;12.66
2018;rd;14801092;Majorna-Linné, Linné;MP;MP;83;7.05
2018;rd;14801092;Majorna-Linné, Linné;SD;SD;91;7.73
2018;rd;14801092;Majorna-Linné, Linné;FI;FI;5;0.42
2018;rd;14801092;Majorna-Linné, Linné;AfS;AFS;2;0.17
2018;rd;14801092;Majorna-Linné, Linné;BASIP;BASIP;0;0.00
2018;rd;14801092;Majorna-Linné, Linné;DD;DD;4;0.34
2018;rd;14801092;Majorna-Linné, Linné;DjuP;DJUP;2;0.17
2018;rd;14801092;Majorna-Linné, Linné;EAP;EAP;0;0.00
2018;rd;14801092;Majorna-Linné, Linné;ENH;ENH;0;0.00
2018;rd;14801092;Majorna-Linné, Linné;INI;INI;0;0.00
2018;rd;14801092;Majorna-Linné, Linné;KLP;KLP;0;0.00
2018;rd;14801092;Majorna-Linné, Linné;KrVP;KRVP;0;0.00
2018;rd;14801092;Majorna-Linné, Linné;LPo;LPO;0;0.00
2018;rd;14801092;Majorna-Linné, Linné;MED;MED;1;0.08
2018;rd;14801092;Majorna-Linné, Linné;NMR;NMR;0;0.00
2018;rd;14801092;Majorna-Linné, Linné;NYREF;NYREF;0;0.00
2018;rd;14801092;Majorna-Linné, Linné;PP;PP;0;0.00
2018;rd;14801092;Majorna-Linné, Linné;SKP;SKP;0;0.00
2018;rd;14801092;Majorna-Linné, Linné;TRP;TRP;0;0.00
2018;rd;14801092;Majorna-Linné, Linné;ÖVR;ÖVR;0;0.00
2018;rd;14801093;Majorna-Linné, Linnéplatsen;M;M;307;25.16
2018;rd;14801093;Majorna-Linné, Linnéplatsen;C;C;141;11.56
2018;rd;14801093;Majorna-Linné, Linnéplatsen;L;L;127;10.41
2018;rd;14801093;Majorna-Linné, Linnéplatsen;KD;KD;66;5.41
2018;rd;14801093;Majorna-Linné, Linnéplatsen;S;S;185;15.16
2018;rd;14801093;Majorna-Linné, Linnéplatsen;V;V;164;13.44
2018;rd;14801093;Majorna-Linné, Linnéplatsen;MP;MP;115;9.43
2018;rd;14801093;Majorna-Linné, Linnéplatsen;SD;SD;103;8.44
2018;rd;14801093;Majorna-Linné, Linnéplatsen;FI;FI;5;0.41
2018;rd;14801093;Majorna-Linné, Linnéplatsen;AfS;AFS;2;0.16
2018;rd;14801093;Majorna-Linné, Linnéplatsen;BASIP;BASIP;0;0.00
2018;rd;14801093;Majorna-Linné, Linnéplatsen;DD;DD;1;0.08
2018;rd;14801093;Majorna-Linné, Linnéplatsen;DjuP;DJUP;0;0.00
2018;rd;14801093;Majorna-Linné, Linnéplatsen;EAP;EAP;0;0.00
2018;rd;14801093;Majorna-Linné, Linnéplatsen;ENH;ENH;1;0.08
2018;rd;14801093;Majorna-Linné, Linnéplatsen;INI;INI;0;0.00
2018;rd;14801093;Majorna-Linné, Linnéplatsen;KLP;KLP;0;0.00
2018;rd;14801093;Majorna-Linné, Linnéplatsen;KrVP;KRVP;0;0.00
2018;rd;14801093;Majorna-Linné, Linnéplatsen;LPo;LPO;0;0.00
2018;rd;14801093;Majorna-Linné, Linnéplatsen;MED;MED;1;0.08
2018;rd;14801093;Majorna-Linné, Linnéplatsen;NMR;NMR;0;0.00
2018;rd;14801093;Majorna-Linné, Linnéplatsen;NYREF;NYREF;0;0.00
2018;rd;14801093;Majorna-Linné, Linnéplatsen;PP;PP;2;0.16
2018;rd;14801093;Majorna-Linné, Linnéplatsen;SKP;SKP;0;0.00
2018;rd;14801093;Majorna-Linné, Linnéplatsen;TRP;TRP;0;0.00
2018;rd;14801093;Majorna-Linné, Linnéplatsen;ÖVR;ÖVR;0;0.00
2018;rd;14801094;Majorna-Linné, Långgatorna;M;M;175;19.82
2018;rd;14801094;Majorna-Linné, Långgatorna;C;C;100;11.33
2018;rd;14801094;Majorna-Linné, Långgatorna;L;L;72;8.15
2018;rd;14801094;Majorna-Linné, Långgatorna;KD;KD;32;3.62
2018;rd;14801094;Majorna-Linné, Långgatorna;S;S;141;15.97
2018;rd;14801094;Majorna-Linné, Långgatorna;V;V;173;19.59
2018;rd;14801094;Majorna-Linné, Långgatorna;MP;MP;106;12.00
2018;rd;14801094;Majorna-Linné, Långgatorna;SD;SD;62;7.02
2018;rd;14801094;Majorna-Linné, Långgatorna;FI;FI;10;1.13
2018;rd;14801094;Majorna-Linné, Långgatorna;AfS;AFS;5;0.57
2018;rd;14801094;Majorna-Linné, Långgatorna;BASIP;BASIP;0;0.00
2018;rd;14801094;Majorna-Linné, Långgatorna;DD;DD;0;0.00
2018;rd;14801094;Majorna-Linné, Långgatorna;DjuP;DJUP;2;0.23
2018;rd;14801094;Majorna-Linné, Långgatorna;EAP;EAP;0;0.00
2018;rd;14801094;Majorna-Linné, Långgatorna;ENH;ENH;1;0.11
2018;rd;14801094;Majorna-Linné, Långgatorna;INI;INI;0;0.00
2018;rd;14801094;Majorna-Linné, Långgatorna;KLP;KLP;2;0.23
2018;rd;14801094;Majorna-Linné, Långgatorna;KrVP;KRVP;0;0.00
2018;rd;14801094;Majorna-Linné, Långgatorna;LPo;LPO;0;0.00
2018;rd;14801094;Majorna-Linné, Långgatorna;MED;MED;2;0.23
2018;rd;14801094;Majorna-Linné, Långgatorna;NMR;NMR;0;0.00
2018;rd;14801094;Majorna-Linné, Långgatorna;NYREF;NYREF;0;0.00
2018;rd;14801094;Majorna-Linné, Långgatorna;PP;PP;0;0.00
2018;rd;14801094;Majorna-Linné, Långgatorna;SKP;SKP;0;0.00
2018;rd;14801094;Majorna-Linné, Långgatorna;TRP;TRP;0;0.00
2018;rd;14801094;Majorna-Linné, Långgatorna;ÖVR;ÖVR;0;0.00
2018;rd;14801095;Majorna-Linné, Olivedal;M;M;223;24.67
2018;rd;14801095;Majorna-Linné, Olivedal;C;C;99;10.95
2018;rd;14801095;Majorna-Linné, Olivedal;L;L;75;8.30
2018;rd;14801095;Majorna-Linné, Olivedal;KD;KD;39;4.31
2018;rd;14801095;Majorna-Linné, Olivedal;S;S;160;17.70
2018;rd;14801095;Majorna-Linné, Olivedal;V;V;136;15.04
2018;rd;14801095;Majorna-Linné, Olivedal;MP;MP;87;9.62
2018;rd;14801095;Majorna-Linné, Olivedal;SD;SD;67;7.41
2018;rd;14801095;Majorna-Linné, Olivedal;FI;FI;8;0.88
2018;rd;14801095;Majorna-Linné, Olivedal;AfS;AFS;2;0.22
2018;rd;14801095;Majorna-Linné, Olivedal;BASIP;BASIP;0;0.00
2018;rd;14801095;Majorna-Linné, Olivedal;DD;DD;0;0.00
2018;rd;14801095;Majorna-Linné, Olivedal;DjuP;DJUP;1;0.11
2018;rd;14801095;Majorna-Linné, Olivedal;EAP;EAP;0;0.00
2018;rd;14801095;Majorna-Linné, Olivedal;ENH;ENH;0;0.00
2018;rd;14801095;Majorna-Linné, Olivedal;INI;INI;0;0.00
2018;rd;14801095;Majorna-Linné, Olivedal;KLP;KLP;2;0.22
2018;rd;14801095;Majorna-Linné, Olivedal;KrVP;KRVP;0;0.00
2018;rd;14801095;Majorna-Linné, Olivedal;LPo;LPO;0;0.00
2018;rd;14801095;Majorna-Linné, Olivedal;MED;MED;3;0.33
2018;rd;14801095;Majorna-Linné, Olivedal;NMR;NMR;0;0.00
2018;rd;14801095;Majorna-Linné, Olivedal;NYREF;NYREF;0;0.00
2018;rd;14801095;Majorna-Linné, Olivedal;PP;PP;2;0.22
2018;rd;14801095;Majorna-Linné, Olivedal;SKP;SKP;0;0.00
2018;rd;14801095;Majorna-Linné, Olivedal;TRP;TRP;0;0.00
2018;rd;14801095;Majorna-Linné, Olivedal;ÖVR;ÖVR;0;0.00
2018;rd;14801096;Majorna-Linné, Plantagegatan, m fl;M;M;208;24.02
2018;rd;14801096;Majorna-Linné, Plantagegatan, m fl;C;C;72;8.31
2018;rd;14801096;Majorna-Linné, Plantagegatan, m fl;L;L;103;11.89
2018;rd;14801096;Majorna-Linné, Plantagegatan, m fl;KD;KD;47;5.43
2018;rd;14801096;Majorna-Linné, Plantagegatan, m fl;S;S;138;15.94
2018;rd;14801096;Majorna-Linné, Plantagegatan, m fl;V;V;135;15.59
2018;rd;14801096;Majorna-Linné, Plantagegatan, m fl;MP;MP;73;8.43
2018;rd;14801096;Majorna-Linné, Plantagegatan, m fl;SD;SD;75;8.66
2018;rd;14801096;Majorna-Linné, Plantagegatan, m fl;FI;FI;8;0.92
2018;rd;14801096;Majorna-Linné, Plantagegatan, m fl;AfS;AFS;2;0.23
2018;rd;14801096;Majorna-Linné, Plantagegatan, m fl;BASIP;BASIP;1;0.12
2018;rd;14801096;Majorna-Linné, Plantagegatan, m fl;DD;DD;0;0.00
2018;rd;14801096;Majorna-Linné, Plantagegatan, m fl;DjuP;DJUP;0;0.00
2018;rd;14801096;Majorna-Linné, Plantagegatan, m fl;EAP;EAP;0;0.00
2018;rd;14801096;Majorna-Linné, Plantagegatan, m fl;ENH;ENH;0;0.00
2018;rd;14801096;Majorna-Linné, Plantagegatan, m fl;INI;INI;2;0.23
2018;rd;14801096;Majorna-Linné, Plantagegatan, m fl;KLP;KLP;0;0.00
2018;rd;14801096;Majorna-Linné, Plantagegatan, m fl;KrVP;KRVP;0;0.00
2018;rd;14801096;Majorna-Linné, Plantagegatan, m fl;LPo;LPO;0;0.00
2018;rd;14801096;Majorna-Linné, Plantagegatan, m fl;MED;MED;1;0.12
2018;rd;14801096;Majorna-Linné, Plantagegatan, m fl;NMR;NMR;0;0.00
2018;rd;14801096;Majorna-Linné, Plantagegatan, m fl;NYREF;NYREF;0;0.00
2018;rd;14801096;Majorna-Linné, Plantagegatan, m fl;PP;PP;1;0.12
2018;rd;14801096;Majorna-Linné, Plantagegatan, m fl;SKP;SKP;0;0.00
2018;rd;14801096;Majorna-Linné, Plantagegatan, m fl;TRP;TRP;0;0.00
2018;rd;14801096;Majorna-Linné, Plantagegatan, m fl;ÖVR;ÖVR;0;0.00
2018;rd;14801097;Majorna-Linné, Risåsen;M;M;246;24.45
2018;rd;14801097;Majorna-Linné, Risåsen;C;C;100;9.94
2018;rd;14801097;Majorna-Linné, Risåsen;L;L;119;11.83
2018;rd;14801097;Majorna-Linné, Risåsen;KD;KD;58;5.77
2018;rd;14801097;Majorna-Linné, Risåsen;S;S;151;15.01
2018;rd;14801097;Majorna-Linné, Risåsen;V;V;141;14.02
2018;rd;14801097;Majorna-Linné, Risåsen;MP;MP;98;9.74
2018;rd;14801097;Majorna-Linné, Risåsen;SD;SD;76;7.55
2018;rd;14801097;Majorna-Linné, Risåsen;FI;FI;8;0.80
2018;rd;14801097;Majorna-Linné, Risåsen;AfS;AFS;3;0.30
2018;rd;14801097;Majorna-Linné, Risåsen;BASIP;BASIP;0;0.00
2018;rd;14801097;Majorna-Linné, Risåsen;DD;DD;1;0.10
2018;rd;14801097;Majorna-Linné, Risåsen;DjuP;DJUP;0;0.00
2018;rd;14801097;Majorna-Linné, Risåsen;EAP;EAP;0;0.00
2018;rd;14801097;Majorna-Linné, Risåsen;ENH;ENH;1;0.10
2018;rd;14801097;Majorna-Linné, Risåsen;INI;INI;0;0.00
2018;rd;14801097;Majorna-Linné, Risåsen;KLP;KLP;0;0.00
2018;rd;14801097;Majorna-Linné, Risåsen;KrVP;KRVP;1;0.10
2018;rd;14801097;Majorna-Linné, Risåsen;LPo;LPO;0;0.00
2018;rd;14801097;Majorna-Linné, Risåsen;MED;MED;0;0.00
2018;rd;14801097;Majorna-Linné, Risåsen;NMR;NMR;1;0.10
2018;rd;14801097;Majorna-Linné, Risåsen;NYREF;NYREF;0;0.00
2018;rd;14801097;Majorna-Linné, Risåsen;PP;PP;2;0.20
2018;rd;14801097;Majorna-Linné, Risåsen;SKP;SKP;0;0.00
2018;rd;14801097;Majorna-Linné, Risåsen;TRP;TRP;0;0.00
2018;rd;14801097;Majorna-Linné, Risåsen;ÖVR;ÖVR;0;0.00
2018;rd;14801098;Majorna-Linné, Sveaplan;M;M;306;26.09
2018;rd;14801098;Majorna-Linné, Sveaplan;C;C;97;8.27
2018;rd;14801098;Majorna-Linné, Sveaplan;L;L;148;12.62
2018;rd;14801098;Majorna-Linné, Sveaplan;KD;KD;56;4.77
2018;rd;14801098;Majorna-Linné, Sveaplan;S;S;220;18.76
2018;rd;14801098;Majorna-Linné, Sveaplan;V;V;144;12.28
2018;rd;14801098;Majorna-Linné, Sveaplan;MP;MP;85;7.25
2018;rd;14801098;Majorna-Linné, Sveaplan;SD;SD;109;9.29
2018;rd;14801098;Majorna-Linné, Sveaplan;FI;FI;6;0.51
2018;rd;14801098;Majorna-Linné, Sveaplan;AfS;AFS;2;0.17
2018;rd;14801098;Majorna-Linné, Sveaplan;BASIP;BASIP;0;0.00
2018;rd;14801098;Majorna-Linné, Sveaplan;DD;DD;0;0.00
2018;rd;14801098;Majorna-Linné, Sveaplan;DjuP;DJUP;0;0.00
2018;rd;14801098;Majorna-Linné, Sveaplan;EAP;EAP;0;0.00
2018;rd;14801098;Majorna-Linné, Sveaplan;ENH;ENH;0;0.00
2018;rd;14801098;Majorna-Linné, Sveaplan;INI;INI;0;0.00
2018;rd;14801098;Majorna-Linné, Sveaplan;KLP;KLP;0;0.00
2018;rd;14801098;Majorna-Linné, Sveaplan;KrVP;KRVP;0;0.00
2018;rd;14801098;Majorna-Linné, Sveaplan;LPo;LPO;0;0.00
2018;rd;14801098;Majorna-Linné, Sveaplan;MED;MED;0;0.00
2018;rd;14801098;Majorna-Linné, Sveaplan;NMR;NMR;0;0.00
2018;rd;14801098;Majorna-Linné, Sveaplan;NYREF;NYREF;0;0.00
2018;rd;14801098;Majorna-Linné, Sveaplan;PP;PP;0;0.00
2018;rd;14801098;Majorna-Linné, Sveaplan;SKP;SKP;0;0.00
2018;rd;14801098;Majorna-Linné, Sveaplan;TRP;TRP;0;0.00
2018;rd;14801098;Majorna-Linné, Sveaplan;ÖVR;ÖVR;0;0.00
2018;rd;14801100;Centrum, Framnäs;M;M;158;17.10
2018;rd;14801100;Centrum, Framnäs;C;C;64;6.93
2018;rd;14801100;Centrum, Framnäs;L;L;81;8.77
2018;rd;14801100;Centrum, Framnäs;KD;KD;54;5.84
2018;rd;14801100;Centrum, Framnäs;S;S;223;24.13
2018;rd;14801100;Centrum, Framnäs;V;V;128;13.85
2018;rd;14801100;Centrum, Framnäs;MP;MP;79;8.55
2018;rd;14801100;Centrum, Framnäs;SD;SD;102;11.04
2018;rd;14801100;Centrum, Framnäs;FI;FI;13;1.41
2018;rd;14801100;Centrum, Framnäs;AfS;AFS;3;0.32
2018;rd;14801100;Centrum, Framnäs;BASIP;BASIP;0;0.00
2018;rd;14801100;Centrum, Framnäs;DD;DD;2;0.22
2018;rd;14801100;Centrum, Framnäs;DjuP;DJUP;4;0.43
2018;rd;14801100;Centrum, Framnäs;EAP;EAP;0;0.00
2018;rd;14801100;Centrum, Framnäs;ENH;ENH;1;0.11
2018;rd;14801100;Centrum, Framnäs;INI;INI;0;0.00
2018;rd;14801100;Centrum, Framnäs;KLP;KLP;1;0.11
2018;rd;14801100;Centrum, Framnäs;KrVP;KRVP;0;0.00
2018;rd;14801100;Centrum, Framnäs;LPo;LPO;0;0.00
2018;rd;14801100;Centrum, Framnäs;MED;MED;6;0.65
2018;rd;14801100;Centrum, Framnäs;NMR;NMR;1;0.11
2018;rd;14801100;Centrum, Framnäs;NYREF;NYREF;0;0.00
2018;rd;14801100;Centrum, Framnäs;PP;PP;4;0.43
2018;rd;14801100;Centrum, Framnäs;SKP;SKP;0;0.00
2018;rd;14801100;Centrum, Framnäs;TRP;TRP;0;0.00
2018;rd;14801100;Centrum, Framnäs;ÖVR;ÖVR;0;0.00
2018;rd;14801101;Centrum, Fredriksdal;M;M;177;26.86
2018;rd;14801101;Centrum, Fredriksdal;C;C;69;10.47
2018;rd;14801101;Centrum, Fredriksdal;L;L;66;10.02
2018;rd;14801101;Centrum, Fredriksdal;KD;KD;43;6.53
2018;rd;14801101;Centrum, Fredriksdal;S;S;98;14.87
2018;rd;14801101;Centrum, Fredriksdal;V;V;60;9.10
2018;rd;14801101;Centrum, Fredriksdal;MP;MP;56;8.50
2018;rd;14801101;Centrum, Fredriksdal;SD;SD;77;11.68
2018;rd;14801101;Centrum, Fredriksdal;FI;FI;5;0.76
2018;rd;14801101;Centrum, Fredriksdal;AfS;AFS;3;0.46
2018;rd;14801101;Centrum, Fredriksdal;BASIP;BASIP;1;0.15
2018;rd;14801101;Centrum, Fredriksdal;DD;DD;1;0.15
2018;rd;14801101;Centrum, Fredriksdal;DjuP;DJUP;0;0.00
2018;rd;14801101;Centrum, Fredriksdal;EAP;EAP;0;0.00
2018;rd;14801101;Centrum, Fredriksdal;ENH;ENH;0;0.00
2018;rd;14801101;Centrum, Fredriksdal;INI;INI;0;0.00
2018;rd;14801101;Centrum, Fredriksdal;KLP;KLP;0;0.00
2018;rd;14801101;Centrum, Fredriksdal;KrVP;KRVP;0;0.00
2018;rd;14801101;Centrum, Fredriksdal;LPo;LPO;0;0.00
2018;rd;14801101;Centrum, Fredriksdal;MED;MED;3;0.46
2018;rd;14801101;Centrum, Fredriksdal;NMR;NMR;0;0.00
2018;rd;14801101;Centrum, Fredriksdal;NYREF;NYREF;0;0.00
2018;rd;14801101;Centrum, Fredriksdal;PP;PP;0;0.00
2018;rd;14801101;Centrum, Fredriksdal;SKP;SKP;0;0.00
2018;rd;14801101;Centrum, Fredriksdal;TRP;TRP;0;0.00
2018;rd;14801101;Centrum, Fredriksdal;ÖVR;ÖVR;0;0.00
2018;rd;14801102;Centrum, Fridkullagatan m fl;M;M;217;21.81
2018;rd;14801102;Centrum, Fridkullagatan m fl;C;C;108;10.85
2018;rd;14801102;Centrum, Fridkullagatan m fl;L;L;94;9.45
2018;rd;14801102;Centrum, Fridkullagatan m fl;KD;KD;64;6.43
2018;rd;14801102;Centrum, Fridkullagatan m fl;S;S;171;17.19
2018;rd;14801102;Centrum, Fridkullagatan m fl;V;V;122;12.26
2018;rd;14801102;Centrum, Fridkullagatan m fl;MP;MP;93;9.35
2018;rd;14801102;Centrum, Fridkullagatan m fl;SD;SD;102;10.25
2018;rd;14801102;Centrum, Fridkullagatan m fl;FI;FI;11;1.11
2018;rd;14801102;Centrum, Fridkullagatan m fl;AfS;AFS;3;0.30
2018;rd;14801102;Centrum, Fridkullagatan m fl;BASIP;BASIP;0;0.00
2018;rd;14801102;Centrum, Fridkullagatan m fl;DD;DD;0;0.00
2018;rd;14801102;Centrum, Fridkullagatan m fl;DjuP;DJUP;2;0.20
2018;rd;14801102;Centrum, Fridkullagatan m fl;EAP;EAP;0;0.00
2018;rd;14801102;Centrum, Fridkullagatan m fl;ENH;ENH;1;0.10
2018;rd;14801102;Centrum, Fridkullagatan m fl;INI;INI;0;0.00
2018;rd;14801102;Centrum, Fridkullagatan m fl;KLP;KLP;1;0.10
2018;rd;14801102;Centrum, Fridkullagatan m fl;KrVP;KRVP;1;0.10
2018;rd;14801102;Centrum, Fridkullagatan m fl;LPo;LPO;0;0.00
2018;rd;14801102;Centrum, Fridkullagatan m fl;MED;MED;1;0.10
2018;rd;14801102;Centrum, Fridkullagatan m fl;NMR;NMR;0;0.00
2018;rd;14801102;Centrum, Fridkullagatan m fl;NYREF;NYREF;0;0.00
2018;rd;14801102;Centrum, Fridkullagatan m fl;PP;PP;4;0.40
2018;rd;14801102;Centrum, Fridkullagatan m fl;SKP;SKP;0;0.00
2018;rd;14801102;Centrum, Fridkullagatan m fl;TRP;TRP;0;0.00
2018;rd;14801102;Centrum, Fridkullagatan m fl;ÖVR;ÖVR;0;0.00
2018;rd;14801103;Centrum, Getebergsäng;M;M;385;30.92
2018;rd;14801103;Centrum, Getebergsäng;C;C;109;8.76
2018;rd;14801103;Centrum, Getebergsäng;L;L;124;9.96
2018;rd;14801103;Centrum, Getebergsäng;KD;KD;71;5.70
2018;rd;14801103;Centrum, Getebergsäng;S;S;185;14.86
2018;rd;14801103;Centrum, Getebergsäng;V;V;109;8.76
2018;rd;14801103;Centrum, Getebergsäng;MP;MP;96;7.71
2018;rd;14801103;Centrum, Getebergsäng;SD;SD;144;11.57
2018;rd;14801103;Centrum, Getebergsäng;FI;FI;10;0.80
2018;rd;14801103;Centrum, Getebergsäng;AfS;AFS;3;0.24
2018;rd;14801103;Centrum, Getebergsäng;BASIP;BASIP;0;0.00
2018;rd;14801103;Centrum, Getebergsäng;DD;DD;3;0.24
2018;rd;14801103;Centrum, Getebergsäng;DjuP;DJUP;1;0.08
2018;rd;14801103;Centrum, Getebergsäng;EAP;EAP;0;0.00
2018;rd;14801103;Centrum, Getebergsäng;ENH;ENH;0;0.00
2018;rd;14801103;Centrum, Getebergsäng;INI;INI;0;0.00
2018;rd;14801103;Centrum, Getebergsäng;KLP;KLP;1;0.08
2018;rd;14801103;Centrum, Getebergsäng;KrVP;KRVP;0;0.00
2018;rd;14801103;Centrum, Getebergsäng;LPo;LPO;0;0.00
2018;rd;14801103;Centrum, Getebergsäng;MED;MED;1;0.08
2018;rd;14801103;Centrum, Getebergsäng;NMR;NMR;1;0.08
2018;rd;14801103;Centrum, Getebergsäng;NYREF;NYREF;0;0.00
2018;rd;14801103;Centrum, Getebergsäng;PP;PP;1;0.08
2018;rd;14801103;Centrum, Getebergsäng;SKP;SKP;0;0.00
2018;rd;14801103;Centrum, Getebergsäng;TRP;TRP;0;0.00
2018;rd;14801103;Centrum, Getebergsäng;ÖVR;ÖVR;1;0.08
2018;rd;14801104;Centrum, Kristinehöjd, Västra;M;M;276;25.09
2018;rd;14801104;Centrum, Kristinehöjd, Västra;C;C;121;11.00
2018;rd;14801104;Centrum, Kristinehöjd, Västra;L;L;109;9.91
2018;rd;14801104;Centrum, Kristinehöjd, Västra;KD;KD;63;5.73
2018;rd;14801104;Centrum, Kristinehöjd, Västra;S;S;188;17.09
2018;rd;14801104;Centrum, Kristinehöjd, Västra;V;V;136;12.36
2018;rd;14801104;Centrum, Kristinehöjd, Västra;MP;MP;68;6.18
2018;rd;14801104;Centrum, Kristinehöjd, Västra;SD;SD;118;10.73
2018;rd;14801104;Centrum, Kristinehöjd, Västra;FI;FI;12;1.09
2018;rd;14801104;Centrum, Kristinehöjd, Västra;AfS;AFS;1;0.09
2018;rd;14801104;Centrum, Kristinehöjd, Västra;BASIP;BASIP;0;0.00
2018;rd;14801104;Centrum, Kristinehöjd, Västra;DD;DD;1;0.09
2018;rd;14801104;Centrum, Kristinehöjd, Västra;DjuP;DJUP;0;0.00
2018;rd;14801104;Centrum, Kristinehöjd, Västra;EAP;EAP;0;0.00
2018;rd;14801104;Centrum, Kristinehöjd, Västra;ENH;ENH;0;0.00
2018;rd;14801104;Centrum, Kristinehöjd, Västra;INI;INI;0;0.00
2018;rd;14801104;Centrum, Kristinehöjd, Västra;KLP;KLP;0;0.00
2018;rd;14801104;Centrum, Kristinehöjd, Västra;KrVP;KRVP;0;0.00
2018;rd;14801104;Centrum, Kristinehöjd, Västra;LPo;LPO;0;0.00
2018;rd;14801104;Centrum, Kristinehöjd, Västra;MED;MED;5;0.45
2018;rd;14801104;Centrum, Kristinehöjd, Västra;NMR;NMR;0;0.00
2018;rd;14801104;Centrum, Kristinehöjd, Västra;NYREF;NYREF;0;0.00
2018;rd;14801104;Centrum, Kristinehöjd, Västra;PP;PP;1;0.09
2018;rd;14801104;Centrum, Kristinehöjd, Västra;SKP;SKP;0;0.00
2018;rd;14801104;Centrum, Kristinehöjd, Västra;TRP;TRP;0;0.00
2018;rd;14801104;Centrum, Kristinehöjd, Västra;ÖVR;ÖVR;1;0.09
2018;rd;14801105;Centrum, Kristinehöjd, Östra;M;M;267;23.04
2018;rd;14801105;Centrum, Kristinehöjd, Östra;C;C;86;7.42
2018;rd;14801105;Centrum, Kristinehöjd, Östra;L;L;92;7.94
2018;rd;14801105;Centrum, Kristinehöjd, Östra;KD;KD;71;6.13
2018;rd;14801105;Centrum, Kristinehöjd, Östra;S;S;261;22.52
2018;rd;14801105;Centrum, Kristinehöjd, Östra;V;V;169;14.58
2018;rd;14801105;Centrum, Kristinehöjd, Östra;MP;MP;67;5.78
2018;rd;14801105;Centrum, Kristinehöjd, Östra;SD;SD;120;10.35
2018;rd;14801105;Centrum, Kristinehöjd, Östra;FI;FI;10;0.86
2018;rd;14801105;Centrum, Kristinehöjd, Östra;AfS;AFS;6;0.52
2018;rd;14801105;Centrum, Kristinehöjd, Östra;BASIP;BASIP;0;0.00
2018;rd;14801105;Centrum, Kristinehöjd, Östra;DD;DD;1;0.09
2018;rd;14801105;Centrum, Kristinehöjd, Östra;DjuP;DJUP;1;0.09
2018;rd;14801105;Centrum, Kristinehöjd, Östra;EAP;EAP;0;0.00
2018;rd;14801105;Centrum, Kristinehöjd, Östra;ENH;ENH;0;0.00
2018;rd;14801105;Centrum, Kristinehöjd, Östra;INI;INI;2;0.17
2018;rd;14801105;Centrum, Kristinehöjd, Östra;KLP;KLP;0;0.00
2018;rd;14801105;Centrum, Kristinehöjd, Östra;KrVP;KRVP;1;0.09
2018;rd;14801105;Centrum, Kristinehöjd, Östra;LPo;LPO;0;0.00
2018;rd;14801105;Centrum, Kristinehöjd, Östra;MED;MED;5;0.43
2018;rd;14801105;Centrum, Kristinehöjd, Östra;NMR;NMR;0;0.00
2018;rd;14801105;Centrum, Kristinehöjd, Östra;NYREF;NYREF;0;0.00
2018;rd;14801105;Centrum, Kristinehöjd, Östra;PP;PP;0;0.00
2018;rd;14801105;Centrum, Kristinehöjd, Östra;SKP;SKP;0;0.00
2018;rd;14801105;Centrum, Kristinehöjd, Östra;TRP;TRP;0;0.00
2018;rd;14801105;Centrum, Kristinehöjd, Östra;ÖVR;ÖVR;0;0.00
2018;rd;14801106;Centrum, Krokslätt, Norra;M;M;235;27.26
2018;rd;14801106;Centrum, Krokslätt, Norra;C;C;95;11.02
2018;rd;14801106;Centrum, Krokslätt, Norra;L;L;58;6.73
2018;rd;14801106;Centrum, Krokslätt, Norra;KD;KD;50;5.80
2018;rd;14801106;Centrum, Krokslätt, Norra;S;S;158;18.33
2018;rd;14801106;Centrum, Krokslätt, Norra;V;V;88;10.21
2018;rd;14801106;Centrum, Krokslätt, Norra;MP;MP;66;7.66
2018;rd;14801106;Centrum, Krokslätt, Norra;SD;SD;98;11.37
2018;rd;14801106;Centrum, Krokslätt, Norra;FI;FI;6;0.70
2018;rd;14801106;Centrum, Krokslätt, Norra;AfS;AFS;1;0.12
2018;rd;14801106;Centrum, Krokslätt, Norra;BASIP;BASIP;0;0.00
2018;rd;14801106;Centrum, Krokslätt, Norra;DD;DD;1;0.12
2018;rd;14801106;Centrum, Krokslätt, Norra;DjuP;DJUP;1;0.12
2018;rd;14801106;Centrum, Krokslätt, Norra;EAP;EAP;0;0.00
2018;rd;14801106;Centrum, Krokslätt, Norra;ENH;ENH;1;0.12
2018;rd;14801106;Centrum, Krokslätt, Norra;INI;INI;0;0.00
2018;rd;14801106;Centrum, Krokslätt, Norra;KLP;KLP;0;0.00
2018;rd;14801106;Centrum, Krokslätt, Norra;KrVP;KRVP;0;0.00
2018;rd;14801106;Centrum, Krokslätt, Norra;LPo;LPO;0;0.00
2018;rd;14801106;Centrum, Krokslätt, Norra;MED;MED;2;0.23
2018;rd;14801106;Centrum, Krokslätt, Norra;NMR;NMR;0;0.00
2018;rd;14801106;Centrum, Krokslätt, Norra;NYREF;NYREF;0;0.00
2018;rd;14801106;Centrum, Krokslätt, Norra;PP;PP;2;0.23
2018;rd;14801106;Centrum, Krokslätt, Norra;SKP;SKP;0;0.00
2018;rd;14801106;Centrum, Krokslätt, Norra;TRP;TRP;0;0.00
2018;rd;14801106;Centrum, Krokslätt, Norra;ÖVR;ÖVR;0;0.00
2018;rd;14801107;Centrum, Krokslätt, Södra;M;M;140;29.47
2018;rd;14801107;Centrum, Krokslätt, Södra;C;C;50;10.53
2018;rd;14801107;Centrum, Krokslätt, Södra;L;L;41;8.63
2018;rd;14801107;Centrum, Krokslätt, Södra;KD;KD;32;6.74
2018;rd;14801107;Centrum, Krokslätt, Södra;S;S;88;18.53
2018;rd;14801107;Centrum, Krokslätt, Södra;V;V;33;6.95
2018;rd;14801107;Centrum, Krokslätt, Södra;MP;MP;33;6.95
2018;rd;14801107;Centrum, Krokslätt, Södra;SD;SD;48;10.11
2018;rd;14801107;Centrum, Krokslätt, Södra;FI;FI;4;0.84
2018;rd;14801107;Centrum, Krokslätt, Södra;AfS;AFS;0;0.00
2018;rd;14801107;Centrum, Krokslätt, Södra;BASIP;BASIP;0;0.00
2018;rd;14801107;Centrum, Krokslätt, Södra;DD;DD;0;0.00
2018;rd;14801107;Centrum, Krokslätt, Södra;DjuP;DJUP;1;0.21
2018;rd;14801107;Centrum, Krokslätt, Södra;EAP;EAP;0;0.00
2018;rd;14801107;Centrum, Krokslätt, Södra;ENH;ENH;0;0.00
2018;rd;14801107;Centrum, Krokslätt, Södra;INI;INI;0;0.00
2018;rd;14801107;Centrum, Krokslätt, Södra;KLP;KLP;0;0.00
2018;rd;14801107;Centrum, Krokslätt, Södra;KrVP;KRVP;0;0.00
2018;rd;14801107;Centrum, Krokslätt, Södra;LPo;LPO;0;0.00
2018;rd;14801107;Centrum, Krokslätt, Södra;MED;MED;1;0.21
2018;rd;14801107;Centrum, Krokslätt, Södra;NMR;NMR;0;0.00
2018;rd;14801107;Centrum, Krokslätt, Södra;NYREF;NYREF;0;0.00
2018;rd;14801107;Centrum, Krokslätt, Södra;PP;PP;3;0.63
2018;rd;14801107;Centrum, Krokslätt, Södra;SKP;SKP;0;0.00
2018;rd;14801107;Centrum, Krokslätt, Södra;TRP;TRP;0;0.00
2018;rd;14801107;Centrum, Krokslätt, Södra;ÖVR;ÖVR;1;0.21
2018;rd;14801108;Centrum, Mossen;M;M;112;14.43
2018;rd;14801108;Centrum, Mossen;C;C;128;16.49
2018;rd;14801108;Centrum, Mossen;L;L;98;12.63
2018;rd;14801108;Centrum, Mossen;KD;KD;18;2.32
2018;rd;14801108;Centrum, Mossen;S;S;97;12.50
2018;rd;14801108;Centrum, Mossen;V;V;142;18.30
2018;rd;14801108;Centrum, Mossen;MP;MP;119;15.34
2018;rd;14801108;Centrum, Mossen;SD;SD;27;3.48
2018;rd;14801108;Centrum, Mossen;FI;FI;5;0.64
2018;rd;14801108;Centrum, Mossen;AfS;AFS;3;0.39
2018;rd;14801108;Centrum, Mossen;BASIP;BASIP;0;0.00
2018;rd;14801108;Centrum, Mossen;DD;DD;2;0.26
2018;rd;14801108;Centrum, Mossen;DjuP;DJUP;0;0.00
2018;rd;14801108;Centrum, Mossen;EAP;EAP;0;0.00
2018;rd;14801108;Centrum, Mossen;ENH;ENH;1;0.13
2018;rd;14801108;Centrum, Mossen;INI;INI;0;0.00
2018;rd;14801108;Centrum, Mossen;KLP;KLP;0;0.00
2018;rd;14801108;Centrum, Mossen;KrVP;KRVP;0;0.00
2018;rd;14801108;Centrum, Mossen;LPo;LPO;0;0.00
2018;rd;14801108;Centrum, Mossen;MED;MED;16;2.06
2018;rd;14801108;Centrum, Mossen;NMR;NMR;0;0.00
2018;rd;14801108;Centrum, Mossen;NYREF;NYREF;0;0.00
2018;rd;14801108;Centrum, Mossen;PP;PP;8;1.03
2018;rd;14801108;Centrum, Mossen;SKP;SKP;0;0.00
2018;rd;14801108;Centrum, Mossen;TRP;TRP;0;0.00
2018;rd;14801108;Centrum, Mossen;ÖVR;ÖVR;0;0.00
2018;rd;14801109;Centrum, Olofshöjd;M;M;121;19.06
2018;rd;14801109;Centrum, Olofshöjd;C;C;64;10.08
2018;rd;14801109;Centrum, Olofshöjd;L;L;73;11.50
2018;rd;14801109;Centrum, Olofshöjd;KD;KD;31;4.88
2018;rd;14801109;Centrum, Olofshöjd;S;S;113;17.80
2018;rd;14801109;Centrum, Olofshöjd;V;V;84;13.23
2018;rd;14801109;Centrum, Olofshöjd;MP;MP;83;13.07
2018;rd;14801109;Centrum, Olofshöjd;SD;SD;27;4.25
2018;rd;14801109;Centrum, Olofshöjd;FI;FI;11;1.73
2018;rd;14801109;Centrum, Olofshöjd;AfS;AFS;3;0.47
2018;rd;14801109;Centrum, Olofshöjd;BASIP;BASIP;0;0.00
2018;rd;14801109;Centrum, Olofshöjd;DD;DD;7;1.10
2018;rd;14801109;Centrum, Olofshöjd;DjuP;DJUP;3;0.47
2018;rd;14801109;Centrum, Olofshöjd;EAP;EAP;0;0.00
2018;rd;14801109;Centrum, Olofshöjd;ENH;ENH;1;0.16
2018;rd;14801109;Centrum, Olofshöjd;INI;INI;0;0.00
2018;rd;14801109;Centrum, Olofshöjd;KLP;KLP;0;0.00
2018;rd;14801109;Centrum, Olofshöjd;KrVP;KRVP;0;0.00
2018;rd;14801109;Centrum, Olofshöjd;LPo;LPO;0;0.00
2018;rd;14801109;Centrum, Olofshöjd;MED;MED;8;1.26
2018;rd;14801109;Centrum, Olofshöjd;NMR;NMR;0;0.00
2018;rd;14801109;Centrum, Olofshöjd;NYREF;NYREF;0;0.00
2018;rd;14801109;Centrum, Olofshöjd;PP;PP;6;0.94
2018;rd;14801109;Centrum, Olofshöjd;SKP;SKP;0;0.00
2018;rd;14801109;Centrum, Olofshöjd;TRP;TRP;0;0.00
2018;rd;14801109;Centrum, Olofshöjd;ÖVR;ÖVR;0;0.00
2018;rd;14801111;Centrum, Eklanda Norra;M;M;235;24.95
2018;rd;14801111;Centrum, Eklanda Norra;C;C;104;11.04
2018;rd;14801111;Centrum, Eklanda Norra;L;L;97;10.30
2018;rd;14801111;Centrum, Eklanda Norra;KD;KD;56;5.94
2018;rd;14801111;Centrum, Eklanda Norra;S;S;146;15.50
2018;rd;14801111;Centrum, Eklanda Norra;V;V;104;11.04
2018;rd;14801111;Centrum, Eklanda Norra;MP;MP;84;8.92
2018;rd;14801111;Centrum, Eklanda Norra;SD;SD;89;9.45
2018;rd;14801111;Centrum, Eklanda Norra;FI;FI;11;1.17
2018;rd;14801111;Centrum, Eklanda Norra;AfS;AFS;5;0.53
2018;rd;14801111;Centrum, Eklanda Norra;BASIP;BASIP;1;0.11
2018;rd;14801111;Centrum, Eklanda Norra;DD;DD;2;0.21
2018;rd;14801111;Centrum, Eklanda Norra;DjuP;DJUP;1;0.11
2018;rd;14801111;Centrum, Eklanda Norra;EAP;EAP;0;0.00
2018;rd;14801111;Centrum, Eklanda Norra;ENH;ENH;0;0.00
2018;rd;14801111;Centrum, Eklanda Norra;INI;INI;0;0.00
2018;rd;14801111;Centrum, Eklanda Norra;KLP;KLP;0;0.00
2018;rd;14801111;Centrum, Eklanda Norra;KrVP;KRVP;0;0.00
2018;rd;14801111;Centrum, Eklanda Norra;LPo;LPO;0;0.00
2018;rd;14801111;Centrum, Eklanda Norra;MED;MED;4;0.42
2018;rd;14801111;Centrum, Eklanda Norra;NMR;NMR;0;0.00
2018;rd;14801111;Centrum, Eklanda Norra;NYREF;NYREF;0;0.00
2018;rd;14801111;Centrum, Eklanda Norra;PP;PP;3;0.32
2018;rd;14801111;Centrum, Eklanda Norra;SKP;SKP;0;0.00
2018;rd;14801111;Centrum, Eklanda Norra;TRP;TRP;0;0.00
2018;rd;14801111;Centrum, Eklanda Norra;ÖVR;ÖVR;0;0.00
2018;rd;14801112;Centrum, Eklanda Södra;M;M;223;23.52
2018;rd;14801112;Centrum, Eklanda Södra;C;C;89;9.39
2018;rd;14801112;Centrum, Eklanda Södra;L;L;91;9.60
2018;rd;14801112;Centrum, Eklanda Södra;KD;KD;64;6.75
2018;rd;14801112;Centrum, Eklanda Södra;S;S;155;16.35
2018;rd;14801112;Centrum, Eklanda Södra;V;V;114;12.03
2018;rd;14801112;Centrum, Eklanda Södra;MP;MP;74;7.81
2018;rd;14801112;Centrum, Eklanda Södra;SD;SD;118;12.45
2018;rd;14801112;Centrum, Eklanda Södra;FI;FI;5;0.53
2018;rd;14801112;Centrum, Eklanda Södra;AfS;AFS;4;0.42
2018;rd;14801112;Centrum, Eklanda Södra;BASIP;BASIP;0;0.00
2018;rd;14801112;Centrum, Eklanda Södra;DD;DD;2;0.21
2018;rd;14801112;Centrum, Eklanda Södra;DjuP;DJUP;2;0.21
2018;rd;14801112;Centrum, Eklanda Södra;EAP;EAP;0;0.00
2018;rd;14801112;Centrum, Eklanda Södra;ENH;ENH;0;0.00
2018;rd;14801112;Centrum, Eklanda Södra;INI;INI;0;0.00
2018;rd;14801112;Centrum, Eklanda Södra;KLP;KLP;0;0.00
2018;rd;14801112;Centrum, Eklanda Södra;KrVP;KRVP;0;0.00
2018;rd;14801112;Centrum, Eklanda Södra;LPo;LPO;0;0.00
2018;rd;14801112;Centrum, Eklanda Södra;MED;MED;6;0.63
2018;rd;14801112;Centrum, Eklanda Södra;NMR;NMR;0;0.00
2018;rd;14801112;Centrum, Eklanda Södra;NYREF;NYREF;0;0.00
2018;rd;14801112;Centrum, Eklanda Södra;PP;PP;1;0.11
2018;rd;14801112;Centrum, Eklanda Södra;SKP;SKP;0;0.00
2018;rd;14801112;Centrum, Eklanda Södra;TRP;TRP;0;0.00
2018;rd;14801112;Centrum, Eklanda Södra;ÖVR;ÖVR;0;0.00
2018;rd;14801113;Centrum, Johanneberg, Nedre;M;M;450;35.49
2018;rd;14801113;Centrum, Johanneberg, Nedre;C;C;99;7.81
2018;rd;14801113;Centrum, Johanneberg, Nedre;L;L;156;12.30
2018;rd;14801113;Centrum, Johanneberg, Nedre;KD;KD;105;8.28
2018;rd;14801113;Centrum, Johanneberg, Nedre;S;S;134;10.57
2018;rd;14801113;Centrum, Johanneberg, Nedre;V;V;88;6.94
2018;rd;14801113;Centrum, Johanneberg, Nedre;MP;MP;63;4.97
2018;rd;14801113;Centrum, Johanneberg, Nedre;SD;SD;149;11.75
2018;rd;14801113;Centrum, Johanneberg, Nedre;FI;FI;8;0.63
2018;rd;14801113;Centrum, Johanneberg, Nedre;AfS;AFS;5;0.39
2018;rd;14801113;Centrum, Johanneberg, Nedre;BASIP;BASIP;1;0.08
2018;rd;14801113;Centrum, Johanneberg, Nedre;DD;DD;1;0.08
2018;rd;14801113;Centrum, Johanneberg, Nedre;DjuP;DJUP;1;0.08
2018;rd;14801113;Centrum, Johanneberg, Nedre;EAP;EAP;0;0.00
2018;rd;14801113;Centrum, Johanneberg, Nedre;ENH;ENH;1;0.08
2018;rd;14801113;Centrum, Johanneberg, Nedre;INI;INI;0;0.00
2018;rd;14801113;Centrum, Johanneberg, Nedre;KLP;KLP;1;0.08
2018;rd;14801113;Centrum, Johanneberg, Nedre;KrVP;KRVP;0;0.00
2018;rd;14801113;Centrum, Johanneberg, Nedre;LPo;LPO;0;0.00
2018;rd;14801113;Centrum, Johanneberg, Nedre;MED;MED;3;0.24
2018;rd;14801113;Centrum, Johanneberg, Nedre;NMR;NMR;2;0.16
2018;rd;14801113;Centrum, Johanneberg, Nedre;NYREF;NYREF;0;0.00
2018;rd;14801113;Centrum, Johanneberg, Nedre;PP;PP;1;0.08
2018;rd;14801113;Centrum, Johanneberg, Nedre;SKP;SKP;0;0.00
2018;rd;14801113;Centrum, Johanneberg, Nedre;TRP;TRP;0;0.00
2018;rd;14801113;Centrum, Johanneberg, Nedre;ÖVR;ÖVR;0;0.00
2018;rd;14801114;Centrum, Johanneberg, Västra;M;M;155;17.28
2018;rd;14801114;Centrum, Johanneberg, Västra;C;C;145;16.16
2018;rd;14801114;Centrum, Johanneberg, Västra;L;L;110;12.26
2018;rd;14801114;Centrum, Johanneberg, Västra;KD;KD;34;3.79
2018;rd;14801114;Centrum, Johanneberg, Västra;S;S;116;12.93
2018;rd;14801114;Centrum, Johanneberg, Västra;V;V;137;15.27
2018;rd;14801114;Centrum, Johanneberg, Västra;MP;MP;96;10.70
2018;rd;14801114;Centrum, Johanneberg, Västra;SD;SD;70;7.80
2018;rd;14801114;Centrum, Johanneberg, Västra;FI;FI;11;1.23
2018;rd;14801114;Centrum, Johanneberg, Västra;AfS;AFS;4;0.45
2018;rd;14801114;Centrum, Johanneberg, Västra;BASIP;BASIP;1;0.11
2018;rd;14801114;Centrum, Johanneberg, Västra;DD;DD;1;0.11
2018;rd;14801114;Centrum, Johanneberg, Västra;DjuP;DJUP;1;0.11
2018;rd;14801114;Centrum, Johanneberg, Västra;EAP;EAP;0;0.00
2018;rd;14801114;Centrum, Johanneberg, Västra;ENH;ENH;0;0.00
2018;rd;14801114;Centrum, Johanneberg, Västra;INI;INI;0;0.00
2018;rd;14801114;Centrum, Johanneberg, Västra;KLP;KLP;4;0.45
2018;rd;14801114;Centrum, Johanneberg, Västra;KrVP;KRVP;1;0.11
2018;rd;14801114;Centrum, Johanneberg, Västra;LPo;LPO;0;0.00
2018;rd;14801114;Centrum, Johanneberg, Västra;MED;MED;6;0.67
2018;rd;14801114;Centrum, Johanneberg, Västra;NMR;NMR;2;0.22
2018;rd;14801114;Centrum, Johanneberg, Västra;NYREF;NYREF;0;0.00
2018;rd;14801114;Centrum, Johanneberg, Västra;PP;PP;3;0.33
2018;rd;14801114;Centrum, Johanneberg, Västra;SKP;SKP;0;0.00
2018;rd;14801114;Centrum, Johanneberg, Västra;TRP;TRP;0;0.00
2018;rd;14801114;Centrum, Johanneberg, Västra;ÖVR;ÖVR;0;0.00
2018;rd;14801115;Centrum, Johanneberg, Östra;M;M;245;26.18
2018;rd;14801115;Centrum, Johanneberg, Östra;C;C;99;10.58
2018;rd;14801115;Centrum, Johanneberg, Östra;L;L;90;9.62
2018;rd;14801115;Centrum, Johanneberg, Östra;KD;KD;52;5.56
2018;rd;14801115;Centrum, Johanneberg, Östra;S;S;155;16.56
2018;rd;14801115;Centrum, Johanneberg, Östra;V;V;99;10.58
2018;rd;14801115;Centrum, Johanneberg, Östra;MP;MP;80;8.55
2018;rd;14801115;Centrum, Johanneberg, Östra;SD;SD;92;9.83
2018;rd;14801115;Centrum, Johanneberg, Östra;FI;FI;9;0.96
2018;rd;14801115;Centrum, Johanneberg, Östra;AfS;AFS;6;0.64
2018;rd;14801115;Centrum, Johanneberg, Östra;BASIP;BASIP;1;0.11
2018;rd;14801115;Centrum, Johanneberg, Östra;DD;DD;2;0.21
2018;rd;14801115;Centrum, Johanneberg, Östra;DjuP;DJUP;1;0.11
2018;rd;14801115;Centrum, Johanneberg, Östra;EAP;EAP;0;0.00
2018;rd;14801115;Centrum, Johanneberg, Östra;ENH;ENH;0;0.00
2018;rd;14801115;Centrum, Johanneberg, Östra;INI;INI;0;0.00
2018;rd;14801115;Centrum, Johanneberg, Östra;KLP;KLP;1;0.11
2018;rd;14801115;Centrum, Johanneberg, Östra;KrVP;KRVP;0;0.00
2018;rd;14801115;Centrum, Johanneberg, Östra;LPo;LPO;0;0.00
2018;rd;14801115;Centrum, Johanneberg, Östra;MED;MED;2;0.21
2018;rd;14801115;Centrum, Johanneberg, Östra;NMR;NMR;0;0.00
2018;rd;14801115;Centrum, Johanneberg, Östra;NYREF;NYREF;0;0.00
2018;rd;14801115;Centrum, Johanneberg, Östra;PP;PP;1;0.11
2018;rd;14801115;Centrum, Johanneberg, Östra;SKP;SKP;1;0.11
2018;rd;14801115;Centrum, Johanneberg, Östra;TRP;TRP;0;0.00
2018;rd;14801115;Centrum, Johanneberg, Östra;ÖVR;ÖVR;0;0.00
2018;rd;14801116;Centrum, Johanneberg, Övre;M;M;211;23.98
2018;rd;14801116;Centrum, Johanneberg, Övre;C;C;98;11.14
2018;rd;14801116;Centrum, Johanneberg, Övre;L;L;105;11.93
2018;rd;14801116;Centrum, Johanneberg, Övre;KD;KD;48;5.45
2018;rd;14801116;Centrum, Johanneberg, Övre;S;S;115;13.07
2018;rd;14801116;Centrum, Johanneberg, Övre;V;V;89;10.11
2018;rd;14801116;Centrum, Johanneberg, Övre;MP;MP;92;10.45
2018;rd;14801116;Centrum, Johanneberg, Övre;SD;SD;100;11.36
2018;rd;14801116;Centrum, Johanneberg, Övre;FI;FI;9;1.02
2018;rd;14801116;Centrum, Johanneberg, Övre;AfS;AFS;3;0.34
2018;rd;14801116;Centrum, Johanneberg, Övre;BASIP;BASIP;1;0.11
2018;rd;14801116;Centrum, Johanneberg, Övre;DD;DD;1;0.11
2018;rd;14801116;Centrum, Johanneberg, Övre;DjuP;DJUP;1;0.11
2018;rd;14801116;Centrum, Johanneberg, Övre;EAP;EAP;0;0.00
2018;rd;14801116;Centrum, Johanneberg, Övre;ENH;ENH;1;0.11
2018;rd;14801116;Centrum, Johanneberg, Övre;INI;INI;1;0.11
2018;rd;14801116;Centrum, Johanneberg, Övre;KLP;KLP;0;0.00
2018;rd;14801116;Centrum, Johanneberg, Övre;KrVP;KRVP;2;0.23
2018;rd;14801116;Centrum, Johanneberg, Övre;LPo;LPO;0;0.00
2018;rd;14801116;Centrum, Johanneberg, Övre;MED;MED;3;0.34
2018;rd;14801116;Centrum, Johanneberg, Övre;NMR;NMR;0;0.00
2018;rd;14801116;Centrum, Johanneberg, Övre;NYREF;NYREF;0;0.00
2018;rd;14801116;Centrum, Johanneberg, Övre;PP;PP;0;0.00
2018;rd;14801116;Centrum, Johanneberg, Övre;SKP;SKP;0;0.00
2018;rd;14801116;Centrum, Johanneberg, Övre;TRP;TRP;0;0.00
2018;rd;14801116;Centrum, Johanneberg, Övre;ÖVR;ÖVR;0;0.00
2018;rd;14801121;Centrum, Landala;M;M;308;25.27
2018;rd;14801121;Centrum, Landala;C;C;123;10.09
2018;rd;14801121;Centrum, Landala;L;L;121;9.93
2018;rd;14801121;Centrum, Landala;KD;KD;75;6.15
2018;rd;14801121;Centrum, Landala;S;S;199;16.32
2018;rd;14801121;Centrum, Landala;V;V;127;10.42
2018;rd;14801121;Centrum, Landala;MP;MP;90;7.38
2018;rd;14801121;Centrum, Landala;SD;SD;143;11.73
2018;rd;14801121;Centrum, Landala;FI;FI;17;1.39
2018;rd;14801121;Centrum, Landala;AfS;AFS;5;0.41
2018;rd;14801121;Centrum, Landala;BASIP;BASIP;2;0.16
2018;rd;14801121;Centrum, Landala;DD;DD;1;0.08
2018;rd;14801121;Centrum, Landala;DjuP;DJUP;1;0.08
2018;rd;14801121;Centrum, Landala;EAP;EAP;0;0.00
2018;rd;14801121;Centrum, Landala;ENH;ENH;2;0.16
2018;rd;14801121;Centrum, Landala;INI;INI;0;0.00
2018;rd;14801121;Centrum, Landala;KLP;KLP;0;0.00
2018;rd;14801121;Centrum, Landala;KrVP;KRVP;1;0.08
2018;rd;14801121;Centrum, Landala;LPo;LPO;0;0.00
2018;rd;14801121;Centrum, Landala;MED;MED;4;0.33
2018;rd;14801121;Centrum, Landala;NMR;NMR;0;0.00
2018;rd;14801121;Centrum, Landala;NYREF;NYREF;0;0.00
2018;rd;14801121;Centrum, Landala;PP;PP;0;0.00
2018;rd;14801121;Centrum, Landala;SKP;SKP;0;0.00
2018;rd;14801121;Centrum, Landala;TRP;TRP;0;0.00
2018;rd;14801121;Centrum, Landala;ÖVR;ÖVR;0;0.00
2018;rd;14801122;Centrum, Landalabergen m fl;M;M;182;15.02
2018;rd;14801122;Centrum, Landalabergen m fl;C;C;72;5.94
2018;rd;14801122;Centrum, Landalabergen m fl;L;L;81;6.68
2018;rd;14801122;Centrum, Landalabergen m fl;KD;KD;56;4.62
2018;rd;14801122;Centrum, Landalabergen m fl;S;S;287;23.68
2018;rd;14801122;Centrum, Landalabergen m fl;V;V;236;19.47
2018;rd;14801122;Centrum, Landalabergen m fl;MP;MP;96;7.92
2018;rd;14801122;Centrum, Landalabergen m fl;SD;SD;162;13.37
2018;rd;14801122;Centrum, Landalabergen m fl;FI;FI;20;1.65
2018;rd;14801122;Centrum, Landalabergen m fl;AfS;AFS;6;0.50
2018;rd;14801122;Centrum, Landalabergen m fl;BASIP;BASIP;0;0.00
2018;rd;14801122;Centrum, Landalabergen m fl;DD;DD;2;0.17
2018;rd;14801122;Centrum, Landalabergen m fl;DjuP;DJUP;1;0.08
2018;rd;14801122;Centrum, Landalabergen m fl;EAP;EAP;0;0.00
2018;rd;14801122;Centrum, Landalabergen m fl;ENH;ENH;0;0.00
2018;rd;14801122;Centrum, Landalabergen m fl;INI;INI;0;0.00
2018;rd;14801122;Centrum, Landalabergen m fl;KLP;KLP;1;0.08
2018;rd;14801122;Centrum, Landalabergen m fl;KrVP;KRVP;1;0.08
2018;rd;14801122;Centrum, Landalabergen m fl;LPo;LPO;0;0.00
2018;rd;14801122;Centrum, Landalabergen m fl;MED;MED;2;0.17
2018;rd;14801122;Centrum, Landalabergen m fl;NMR;NMR;2;0.17
2018;rd;14801122;Centrum, Landalabergen m fl;NYREF;NYREF;0;0.00
2018;rd;14801122;Centrum, Landalabergen m fl;PP;PP;5;0.41
2018;rd;14801122;Centrum, Landalabergen m fl;SKP;SKP;0;0.00
2018;rd;14801122;Centrum, Landalabergen m fl;TRP;TRP;0;0.00
2018;rd;14801122;Centrum, Landalabergen m fl;ÖVR;ÖVR;0;0.00
2018;rd;14801123;Centrum, Landalagången m fl;M;M;137;13.77
2018;rd;14801123;Centrum, Landalagången m fl;C;C;75;7.54
2018;rd;14801123;Centrum, Landalagången m fl;L;L;62;6.23
2018;rd;14801123;Centrum, Landalagången m fl;KD;KD;47;4.72
2018;rd;14801123;Centrum, Landalagången m fl;S;S;249;25.03
2018;rd;14801123;Centrum, Landalagången m fl;V;V;200;20.10
2018;rd;14801123;Centrum, Landalagången m fl;MP;MP;81;8.14
2018;rd;14801123;Centrum, Landalagången m fl;SD;SD;101;10.15
2018;rd;14801123;Centrum, Landalagången m fl;FI;FI;13;1.31
2018;rd;14801123;Centrum, Landalagången m fl;AfS;AFS;9;0.90
2018;rd;14801123;Centrum, Landalagången m fl;BASIP;BASIP;0;0.00
2018;rd;14801123;Centrum, Landalagången m fl;DD;DD;3;0.30
2018;rd;14801123;Centrum, Landalagången m fl;DjuP;DJUP;2;0.20
2018;rd;14801123;Centrum, Landalagången m fl;EAP;EAP;0;0.00
2018;rd;14801123;Centrum, Landalagången m fl;ENH;ENH;1;0.10
2018;rd;14801123;Centrum, Landalagången m fl;INI;INI;1;0.10
2018;rd;14801123;Centrum, Landalagången m fl;KLP;KLP;0;0.00
2018;rd;14801123;Centrum, Landalagången m fl;KrVP;KRVP;4;0.40
2018;rd;14801123;Centrum, Landalagången m fl;LPo;LPO;0;0.00
2018;rd;14801123;Centrum, Landalagången m fl;MED;MED;5;0.50
2018;rd;14801123;Centrum, Landalagången m fl;NMR;NMR;0;0.00
2018;rd;14801123;Centrum, Landalagången m fl;NYREF;NYREF;0;0.00
2018;rd;14801123;Centrum, Landalagången m fl;PP;PP;4;0.40
2018;rd;14801123;Centrum, Landalagången m fl;SKP;SKP;1;0.10
2018;rd;14801123;Centrum, Landalagången m fl;TRP;TRP;0;0.00
2018;rd;14801123;Centrum, Landalagången m fl;ÖVR;ÖVR;0;0.00
2018;rd;14801131;Centrum, Doktor Forselius Backe m fl;M;M;116;11.52
2018;rd;14801131;Centrum, Doktor Forselius Backe m fl;C;C;89;8.84
2018;rd;14801131;Centrum, Doktor Forselius Backe m fl;L;L;62;6.16
2018;rd;14801131;Centrum, Doktor Forselius Backe m fl;KD;KD;46;4.57
2018;rd;14801131;Centrum, Doktor Forselius Backe m fl;S;S;227;22.54
2018;rd;14801131;Centrum, Doktor Forselius Backe m fl;V;V;203;20.16
2018;rd;14801131;Centrum, Doktor Forselius Backe m fl;MP;MP;119;11.82
2018;rd;14801131;Centrum, Doktor Forselius Backe m fl;SD;SD;103;10.23
2018;rd;14801131;Centrum, Doktor Forselius Backe m fl;FI;FI;14;1.39
2018;rd;14801131;Centrum, Doktor Forselius Backe m fl;AfS;AFS;9;0.89
2018;rd;14801131;Centrum, Doktor Forselius Backe m fl;BASIP;BASIP;1;0.10
2018;rd;14801131;Centrum, Doktor Forselius Backe m fl;DD;DD;0;0.00
2018;rd;14801131;Centrum, Doktor Forselius Backe m fl;DjuP;DJUP;1;0.10
2018;rd;14801131;Centrum, Doktor Forselius Backe m fl;EAP;EAP;0;0.00
2018;rd;14801131;Centrum, Doktor Forselius Backe m fl;ENH;ENH;0;0.00
2018;rd;14801131;Centrum, Doktor Forselius Backe m fl;INI;INI;0;0.00
2018;rd;14801131;Centrum, Doktor Forselius Backe m fl;KLP;KLP;0;0.00
2018;rd;14801131;Centrum, Doktor Forselius Backe m fl;KrVP;KRVP;2;0.20
2018;rd;14801131;Centrum, Doktor Forselius Backe m fl;LPo;LPO;0;0.00
2018;rd;14801131;Centrum, Doktor Forselius Backe m fl;MED;MED;12;1.19
2018;rd;14801131;Centrum, Doktor Forselius Backe m fl;NMR;NMR;1;0.10
2018;rd;14801131;Centrum, Doktor Forselius Backe m fl;NYREF;NYREF;0;0.00
2018;rd;14801131;Centrum, Doktor Forselius Backe m fl;PP;PP;2;0.20
2018;rd;14801131;Centrum, Doktor Forselius Backe m fl;SKP;SKP;0;0.00
2018;rd;14801131;Centrum, Doktor Forselius Backe m fl;TRP;TRP;0;0.00
2018;rd;14801131;Centrum, Doktor Forselius Backe m fl;ÖVR;ÖVR;0;0.00
2018;rd;14801132;Centrum, Guldheden Vattentornet;M;M;155;13.62
2018;rd;14801132;Centrum, Guldheden Vattentornet;C;C;75;6.59
2018;rd;14801132;Centrum, Guldheden Vattentornet;L;L;91;8.00
2018;rd;14801132;Centrum, Guldheden Vattentornet;KD;KD;47;4.13
2018;rd;14801132;Centrum, Guldheden Vattentornet;S;S;263;23.11
2018;rd;14801132;Centrum, Guldheden Vattentornet;V;V;223;19.60
2018;rd;14801132;Centrum, Guldheden Vattentornet;MP;MP;105;9.23
2018;rd;14801132;Centrum, Guldheden Vattentornet;SD;SD;141;12.39
2018;rd;14801132;Centrum, Guldheden Vattentornet;FI;FI;12;1.05
2018;rd;14801132;Centrum, Guldheden Vattentornet;AfS;AFS;9;0.79
2018;rd;14801132;Centrum, Guldheden Vattentornet;BASIP;BASIP;0;0.00
2018;rd;14801132;Centrum, Guldheden Vattentornet;DD;DD;3;0.26
2018;rd;14801132;Centrum, Guldheden Vattentornet;DjuP;DJUP;1;0.09
2018;rd;14801132;Centrum, Guldheden Vattentornet;EAP;EAP;0;0.00
2018;rd;14801132;Centrum, Guldheden Vattentornet;ENH;ENH;3;0.26
2018;rd;14801132;Centrum, Guldheden Vattentornet;INI;INI;0;0.00
2018;rd;14801132;Centrum, Guldheden Vattentornet;KLP;KLP;0;0.00
2018;rd;14801132;Centrum, Guldheden Vattentornet;KrVP;KRVP;0;0.00
2018;rd;14801132;Centrum, Guldheden Vattentornet;LPo;LPO;0;0.00
2018;rd;14801132;Centrum, Guldheden Vattentornet;MED;MED;5;0.44
2018;rd;14801132;Centrum, Guldheden Vattentornet;NMR;NMR;0;0.00
2018;rd;14801132;Centrum, Guldheden Vattentornet;NYREF;NYREF;0;0.00
2018;rd;14801132;Centrum, Guldheden Vattentornet;PP;PP;5;0.44
2018;rd;14801132;Centrum, Guldheden Vattentornet;SKP;SKP;0;0.00
2018;rd;14801132;Centrum, Guldheden Vattentornet;TRP;TRP;0;0.00
2018;rd;14801132;Centrum, Guldheden Vattentornet;ÖVR;ÖVR;0;0.00
2018;rd;14801133;Centrum, Guldheden Östra;M;M;144;15.64
2018;rd;14801133;Centrum, Guldheden Östra;C;C;71;7.71
2018;rd;14801133;Centrum, Guldheden Östra;L;L;76;8.25
2018;rd;14801133;Centrum, Guldheden Östra;KD;KD;64;6.95
2018;rd;14801133;Centrum, Guldheden Östra;S;S;214;23.24
2018;rd;14801133;Centrum, Guldheden Östra;V;V;169;18.35
2018;rd;14801133;Centrum, Guldheden Östra;MP;MP;79;8.58
2018;rd;14801133;Centrum, Guldheden Östra;SD;SD;78;8.47
2018;rd;14801133;Centrum, Guldheden Östra;FI;FI;10;1.09
2018;rd;14801133;Centrum, Guldheden Östra;AfS;AFS;4;0.43
2018;rd;14801133;Centrum, Guldheden Östra;BASIP;BASIP;0;0.00
2018;rd;14801133;Centrum, Guldheden Östra;DD;DD;3;0.33
2018;rd;14801133;Centrum, Guldheden Östra;DjuP;DJUP;1;0.11
2018;rd;14801133;Centrum, Guldheden Östra;EAP;EAP;0;0.00
2018;rd;14801133;Centrum, Guldheden Östra;ENH;ENH;1;0.11
2018;rd;14801133;Centrum, Guldheden Östra;INI;INI;0;0.00
2018;rd;14801133;Centrum, Guldheden Östra;KLP;KLP;0;0.00
2018;rd;14801133;Centrum, Guldheden Östra;KrVP;KRVP;0;0.00
2018;rd;14801133;Centrum, Guldheden Östra;LPo;LPO;2;0.22
2018;rd;14801133;Centrum, Guldheden Östra;MED;MED;4;0.43
2018;rd;14801133;Centrum, Guldheden Östra;NMR;NMR;0;0.00
2018;rd;14801133;Centrum, Guldheden Östra;NYREF;NYREF;0;0.00
2018;rd;14801133;Centrum, Guldheden Östra;PP;PP;0;0.00
2018;rd;14801133;Centrum, Guldheden Östra;SKP;SKP;1;0.11
2018;rd;14801133;Centrum, Guldheden Östra;TRP;TRP;0;0.00
2018;rd;14801133;Centrum, Guldheden Östra;ÖVR;ÖVR;0;0.00
2018;rd;14801134;Centrum, Guldheden, Centrala;M;M;107;10.69
2018;rd;14801134;Centrum, Guldheden, Centrala;C;C;68;6.79
2018;rd;14801134;Centrum, Guldheden, Centrala;L;L;64;6.39
2018;rd;14801134;Centrum, Guldheden, Centrala;KD;KD;50;5.00
2018;rd;14801134;Centrum, Guldheden, Centrala;S;S;242;24.18
2018;rd;14801134;Centrum, Guldheden, Centrala;V;V;218;21.78
2018;rd;14801134;Centrum, Guldheden, Centrala;MP;MP;111;11.09
2018;rd;14801134;Centrum, Guldheden, Centrala;SD;SD;111;11.09
2018;rd;14801134;Centrum, Guldheden, Centrala;FI;FI;10;1.00
2018;rd;14801134;Centrum, Guldheden, Centrala;AfS;AFS;10;1.00
2018;rd;14801134;Centrum, Guldheden, Centrala;BASIP;BASIP;0;0.00
2018;rd;14801134;Centrum, Guldheden, Centrala;DD;DD;0;0.00
2018;rd;14801134;Centrum, Guldheden, Centrala;DjuP;DJUP;2;0.20
2018;rd;14801134;Centrum, Guldheden, Centrala;EAP;EAP;0;0.00
2018;rd;14801134;Centrum, Guldheden, Centrala;ENH;ENH;1;0.10
2018;rd;14801134;Centrum, Guldheden, Centrala;INI;INI;1;0.10
2018;rd;14801134;Centrum, Guldheden, Centrala;KLP;KLP;0;0.00
2018;rd;14801134;Centrum, Guldheden, Centrala;KrVP;KRVP;0;0.00
2018;rd;14801134;Centrum, Guldheden, Centrala;LPo;LPO;0;0.00
2018;rd;14801134;Centrum, Guldheden, Centrala;MED;MED;2;0.20
2018;rd;14801134;Centrum, Guldheden, Centrala;NMR;NMR;0;0.00
2018;rd;14801134;Centrum, Guldheden, Centrala;NYREF;NYREF;0;0.00
2018;rd;14801134;Centrum, Guldheden, Centrala;PP;PP;4;0.40
2018;rd;14801134;Centrum, Guldheden, Centrala;SKP;SKP;0;0.00
2018;rd;14801134;Centrum, Guldheden, Centrala;TRP;TRP;0;0.00
2018;rd;14801134;Centrum, Guldheden, Centrala;ÖVR;ÖVR;0;0.00
2018;rd;14801135;Centrum, Guldheden, Norra;M;M;226;22.58
2018;rd;14801135;Centrum, Guldheden, Norra;C;C;120;11.99
2018;rd;14801135;Centrum, Guldheden, Norra;L;L;121;12.09
2018;rd;14801135;Centrum, Guldheden, Norra;KD;KD;27;2.70
2018;rd;14801135;Centrum, Guldheden, Norra;S;S;162;16.18
2018;rd;14801135;Centrum, Guldheden, Norra;V;V;114;11.39
2018;rd;14801135;Centrum, Guldheden, Norra;MP;MP;131;13.09
2018;rd;14801135;Centrum, Guldheden, Norra;SD;SD;76;7.59
2018;rd;14801135;Centrum, Guldheden, Norra;FI;FI;5;0.50
2018;rd;14801135;Centrum, Guldheden, Norra;AfS;AFS;4;0.40
2018;rd;14801135;Centrum, Guldheden, Norra;BASIP;BASIP;0;0.00
2018;rd;14801135;Centrum, Guldheden, Norra;DD;DD;0;0.00
2018;rd;14801135;Centrum, Guldheden, Norra;DjuP;DJUP;1;0.10
2018;rd;14801135;Centrum, Guldheden, Norra;EAP;EAP;0;0.00
2018;rd;14801135;Centrum, Guldheden, Norra;ENH;ENH;0;0.00
2018;rd;14801135;Centrum, Guldheden, Norra;INI;INI;2;0.20
2018;rd;14801135;Centrum, Guldheden, Norra;KLP;KLP;2;0.20
2018;rd;14801135;Centrum, Guldheden, Norra;KrVP;KRVP;0;0.00
2018;rd;14801135;Centrum, Guldheden, Norra;LPo;LPO;0;0.00
2018;rd;14801135;Centrum, Guldheden, Norra;MED;MED;9;0.90
2018;rd;14801135;Centrum, Guldheden, Norra;NMR;NMR;0;0.00
2018;rd;14801135;Centrum, Guldheden, Norra;NYREF;NYREF;0;0.00
2018;rd;14801135;Centrum, Guldheden, Norra;PP;PP;1;0.10
2018;rd;14801135;Centrum, Guldheden, Norra;SKP;SKP;0;0.00
2018;rd;14801135;Centrum, Guldheden, Norra;TRP;TRP;0;0.00
2018;rd;14801135;Centrum, Guldheden, Norra;ÖVR;ÖVR;0;0.00
2018;rd;14801136;Centrum, Guldheden, Södra;M;M;133;12.09
2018;rd;14801136;Centrum, Guldheden, Södra;C;C;82;7.45
2018;rd;14801136;Centrum, Guldheden, Södra;L;L;75;6.82
2018;rd;14801136;Centrum, Guldheden, Södra;KD;KD;69;6.27
2018;rd;14801136;Centrum, Guldheden, Södra;S;S;257;23.36
2018;rd;14801136;Centrum, Guldheden, Södra;V;V;206;18.73
2018;rd;14801136;Centrum, Guldheden, Södra;MP;MP;128;11.64
2018;rd;14801136;Centrum, Guldheden, Södra;SD;SD;115;10.45
2018;rd;14801136;Centrum, Guldheden, Södra;FI;FI;11;1.00
2018;rd;14801136;Centrum, Guldheden, Södra;AfS;AFS;7;0.64
2018;rd;14801136;Centrum, Guldheden, Södra;BASIP;BASIP;0;0.00
2018;rd;14801136;Centrum, Guldheden, Södra;DD;DD;0;0.00
2018;rd;14801136;Centrum, Guldheden, Södra;DjuP;DJUP;2;0.18
2018;rd;14801136;Centrum, Guldheden, Södra;EAP;EAP;0;0.00
2018;rd;14801136;Centrum, Guldheden, Södra;ENH;ENH;0;0.00
2018;rd;14801136;Centrum, Guldheden, Södra;INI;INI;1;0.09
2018;rd;14801136;Centrum, Guldheden, Södra;KLP;KLP;2;0.18
2018;rd;14801136;Centrum, Guldheden, Södra;KrVP;KRVP;1;0.09
2018;rd;14801136;Centrum, Guldheden, Södra;LPo;LPO;0;0.00
2018;rd;14801136;Centrum, Guldheden, Södra;MED;MED;5;0.45
2018;rd;14801136;Centrum, Guldheden, Södra;NMR;NMR;1;0.09
2018;rd;14801136;Centrum, Guldheden, Södra;NYREF;NYREF;0;0.00
2018;rd;14801136;Centrum, Guldheden, Södra;PP;PP;5;0.45
2018;rd;14801136;Centrum, Guldheden, Södra;SKP;SKP;0;0.00
2018;rd;14801136;Centrum, Guldheden, Södra;TRP;TRP;0;0.00
2018;rd;14801136;Centrum, Guldheden, Södra;ÖVR;ÖVR;0;0.00
2018;rd;14801137;Centrum, Landala Egnahem;M;M;224;21.33
2018;rd;14801137;Centrum, Landala Egnahem;C;C;123;11.71
2018;rd;14801137;Centrum, Landala Egnahem;L;L;118;11.24
2018;rd;14801137;Centrum, Landala Egnahem;KD;KD;46;4.38
2018;rd;14801137;Centrum, Landala Egnahem;S;S;153;14.57
2018;rd;14801137;Centrum, Landala Egnahem;V;V;174;16.57
2018;rd;14801137;Centrum, Landala Egnahem;MP;MP;126;12.00
2018;rd;14801137;Centrum, Landala Egnahem;SD;SD;67;6.38
2018;rd;14801137;Centrum, Landala Egnahem;FI;FI;9;0.86
2018;rd;14801137;Centrum, Landala Egnahem;AfS;AFS;1;0.10
2018;rd;14801137;Centrum, Landala Egnahem;BASIP;BASIP;0;0.00
2018;rd;14801137;Centrum, Landala Egnahem;DD;DD;0;0.00
2018;rd;14801137;Centrum, Landala Egnahem;DjuP;DJUP;3;0.29
2018;rd;14801137;Centrum, Landala Egnahem;EAP;EAP;0;0.00
2018;rd;14801137;Centrum, Landala Egnahem;ENH;ENH;0;0.00
2018;rd;14801137;Centrum, Landala Egnahem;INI;INI;1;0.10
2018;rd;14801137;Centrum, Landala Egnahem;KLP;KLP;0;0.00
2018;rd;14801137;Centrum, Landala Egnahem;KrVP;KRVP;0;0.00
2018;rd;14801137;Centrum, Landala Egnahem;LPo;LPO;0;0.00
2018;rd;14801137;Centrum, Landala Egnahem;MED;MED;3;0.29
2018;rd;14801137;Centrum, Landala Egnahem;NMR;NMR;0;0.00
2018;rd;14801137;Centrum, Landala Egnahem;NYREF;NYREF;0;0.00
2018;rd;14801137;Centrum, Landala Egnahem;PP;PP;2;0.19
2018;rd;14801137;Centrum, Landala Egnahem;SKP;SKP;0;0.00
2018;rd;14801137;Centrum, Landala Egnahem;TRP;TRP;0;0.00
2018;rd;14801137;Centrum, Landala Egnahem;ÖVR;ÖVR;0;0.00
2018;rd;14801141;Centrum, Lorensberg;M;M;401;34.36
2018;rd;14801141;Centrum, Lorensberg;C;C;102;8.74
2018;rd;14801141;Centrum, Lorensberg;L;L;132;11.31
2018;rd;14801141;Centrum, Lorensberg;KD;KD;108;9.25
2018;rd;14801141;Centrum, Lorensberg;S;S;118;10.11
2018;rd;14801141;Centrum, Lorensberg;V;V;80;6.86
2018;rd;14801141;Centrum, Lorensberg;MP;MP;43;3.68
2018;rd;14801141;Centrum, Lorensberg;SD;SD;167;14.31
2018;rd;14801141;Centrum, Lorensberg;FI;FI;7;0.60
2018;rd;14801141;Centrum, Lorensberg;AfS;AFS;4;0.34
2018;rd;14801141;Centrum, Lorensberg;BASIP;BASIP;1;0.09
2018;rd;14801141;Centrum, Lorensberg;DD;DD;0;0.00
2018;rd;14801141;Centrum, Lorensberg;DjuP;DJUP;1;0.09
2018;rd;14801141;Centrum, Lorensberg;EAP;EAP;0;0.00
2018;rd;14801141;Centrum, Lorensberg;ENH;ENH;0;0.00
2018;rd;14801141;Centrum, Lorensberg;INI;INI;0;0.00
2018;rd;14801141;Centrum, Lorensberg;KLP;KLP;0;0.00
2018;rd;14801141;Centrum, Lorensberg;KrVP;KRVP;0;0.00
2018;rd;14801141;Centrum, Lorensberg;LPo;LPO;0;0.00
2018;rd;14801141;Centrum, Lorensberg;MED;MED;3;0.26
2018;rd;14801141;Centrum, Lorensberg;NMR;NMR;0;0.00
2018;rd;14801141;Centrum, Lorensberg;NYREF;NYREF;0;0.00
2018;rd;14801141;Centrum, Lorensberg;PP;PP;0;0.00
2018;rd;14801141;Centrum, Lorensberg;SKP;SKP;0;0.00
2018;rd;14801141;Centrum, Lorensberg;TRP;TRP;0;0.00
2018;rd;14801141;Centrum, Lorensberg;ÖVR;ÖVR;0;0.00
2018;rd;14801151;Centrum, Fogelbergsparken;M;M;253;26.14
2018;rd;14801151;Centrum, Fogelbergsparken;C;C;108;11.16
2018;rd;14801151;Centrum, Fogelbergsparken;L;L;111;11.47
2018;rd;14801151;Centrum, Fogelbergsparken;KD;KD;52;5.37
2018;rd;14801151;Centrum, Fogelbergsparken;S;S;152;15.70
2018;rd;14801151;Centrum, Fogelbergsparken;V;V;100;10.33
2018;rd;14801151;Centrum, Fogelbergsparken;MP;MP;79;8.16
2018;rd;14801151;Centrum, Fogelbergsparken;SD;SD;99;10.23
2018;rd;14801151;Centrum, Fogelbergsparken;FI;FI;6;0.62
2018;rd;14801151;Centrum, Fogelbergsparken;AfS;AFS;0;0.00
2018;rd;14801151;Centrum, Fogelbergsparken;BASIP;BASIP;0;0.00
2018;rd;14801151;Centrum, Fogelbergsparken;DD;DD;0;0.00
2018;rd;14801151;Centrum, Fogelbergsparken;DjuP;DJUP;2;0.21
2018;rd;14801151;Centrum, Fogelbergsparken;EAP;EAP;0;0.00
2018;rd;14801151;Centrum, Fogelbergsparken;ENH;ENH;0;0.00
2018;rd;14801151;Centrum, Fogelbergsparken;INI;INI;0;0.00
2018;rd;14801151;Centrum, Fogelbergsparken;KLP;KLP;0;0.00
2018;rd;14801151;Centrum, Fogelbergsparken;KrVP;KRVP;0;0.00
2018;rd;14801151;Centrum, Fogelbergsparken;LPo;LPO;0;0.00
2018;rd;14801151;Centrum, Fogelbergsparken;MED;MED;4;0.41
2018;rd;14801151;Centrum, Fogelbergsparken;NMR;NMR;0;0.00
2018;rd;14801151;Centrum, Fogelbergsparken;NYREF;NYREF;0;0.00
2018;rd;14801151;Centrum, Fogelbergsparken;PP;PP;2;0.21
2018;rd;14801151;Centrum, Fogelbergsparken;SKP;SKP;0;0.00
2018;rd;14801151;Centrum, Fogelbergsparken;TRP;TRP;0;0.00
2018;rd;14801151;Centrum, Fogelbergsparken;ÖVR;ÖVR;0;0.00
2018;rd;14801152;Centrum, Valand;M;M;328;35.19
2018;rd;14801152;Centrum, Valand;C;C;68;7.30
2018;rd;14801152;Centrum, Valand;L;L;94;10.09
2018;rd;14801152;Centrum, Valand;KD;KD;53;5.69
2018;rd;14801152;Centrum, Valand;S;S;104;11.16
2018;rd;14801152;Centrum, Valand;V;V;69;7.40
2018;rd;14801152;Centrum, Valand;MP;MP;51;5.47
2018;rd;14801152;Centrum, Valand;SD;SD;151;16.20
2018;rd;14801152;Centrum, Valand;FI;FI;6;0.64
2018;rd;14801152;Centrum, Valand;AfS;AFS;3;0.32
2018;rd;14801152;Centrum, Valand;BASIP;BASIP;0;0.00
2018;rd;14801152;Centrum, Valand;DD;DD;1;0.11
2018;rd;14801152;Centrum, Valand;DjuP;DJUP;0;0.00
2018;rd;14801152;Centrum, Valand;EAP;EAP;0;0.00
2018;rd;14801152;Centrum, Valand;ENH;ENH;0;0.00
2018;rd;14801152;Centrum, Valand;INI;INI;1;0.11
2018;rd;14801152;Centrum, Valand;KLP;KLP;0;0.00
2018;rd;14801152;Centrum, Valand;KrVP;KRVP;0;0.00
2018;rd;14801152;Centrum, Valand;LPo;LPO;0;0.00
2018;rd;14801152;Centrum, Valand;MED;MED;0;0.00
2018;rd;14801152;Centrum, Valand;NMR;NMR;0;0.00
2018;rd;14801152;Centrum, Valand;NYREF;NYREF;0;0.00
2018;rd;14801152;Centrum, Valand;PP;PP;3;0.32
2018;rd;14801152;Centrum, Valand;SKP;SKP;0;0.00
2018;rd;14801152;Centrum, Valand;TRP;TRP;0;0.00
2018;rd;14801152;Centrum, Valand;ÖVR;ÖVR;0;0.00
2018;rd;14801153;Centrum, Vasastaden, Norra;M;M;320;31.04
2018;rd;14801153;Centrum, Vasastaden, Norra;C;C;100;9.70
2018;rd;14801153;Centrum, Vasastaden, Norra;L;L;80;7.76
2018;rd;14801153;Centrum, Vasastaden, Norra;KD;KD;100;9.70
2018;rd;14801153;Centrum, Vasastaden, Norra;S;S;120;11.64
2018;rd;14801153;Centrum, Vasastaden, Norra;V;V;102;9.89
2018;rd;14801153;Centrum, Vasastaden, Norra;MP;MP;58;5.63
2018;rd;14801153;Centrum, Vasastaden, Norra;SD;SD;133;12.90
2018;rd;14801153;Centrum, Vasastaden, Norra;FI;FI;5;0.48
2018;rd;14801153;Centrum, Vasastaden, Norra;AfS;AFS;4;0.39
2018;rd;14801153;Centrum, Vasastaden, Norra;BASIP;BASIP;0;0.00
2018;rd;14801153;Centrum, Vasastaden, Norra;DD;DD;1;0.10
2018;rd;14801153;Centrum, Vasastaden, Norra;DjuP;DJUP;0;0.00
2018;rd;14801153;Centrum, Vasastaden, Norra;EAP;EAP;0;0.00
2018;rd;14801153;Centrum, Vasastaden, Norra;ENH;ENH;1;0.10
2018;rd;14801153;Centrum, Vasastaden, Norra;INI;INI;0;0.00
2018;rd;14801153;Centrum, Vasastaden, Norra;KLP;KLP;0;0.00
2018;rd;14801153;Centrum, Vasastaden, Norra;KrVP;KRVP;1;0.10
2018;rd;14801153;Centrum, Vasastaden, Norra;LPo;LPO;0;0.00
2018;rd;14801153;Centrum, Vasastaden, Norra;MED;MED;6;0.58
2018;rd;14801153;Centrum, Vasastaden, Norra;NMR;NMR;0;0.00
2018;rd;14801153;Centrum, Vasastaden, Norra;NYREF;NYREF;0;0.00
2018;rd;14801153;Centrum, Vasastaden, Norra;PP;PP;0;0.00
2018;rd;14801153;Centrum, Vasastaden, Norra;SKP;SKP;0;0.00
2018;rd;14801153;Centrum, Vasastaden, Norra;TRP;TRP;0;0.00
2018;rd;14801153;Centrum, Vasastaden, Norra;ÖVR;ÖVR;0;0.00
2018;rd;14801154;Centrum, Vasastaden, Södra;M;M;309;29.65
2018;rd;14801154;Centrum, Vasastaden, Södra;C;C;121;11.61
2018;rd;14801154;Centrum, Vasastaden, Södra;L;L;88;8.45
2018;rd;14801154;Centrum, Vasastaden, Södra;KD;KD;52;4.99
2018;rd;14801154;Centrum, Vasastaden, Södra;S;S;126;12.09
2018;rd;14801154;Centrum, Vasastaden, Södra;V;V;126;12.09
2018;rd;14801154;Centrum, Vasastaden, Södra;MP;MP;87;8.35
2018;rd;14801154;Centrum, Vasastaden, Södra;SD;SD;105;10.08
2018;rd;14801154;Centrum, Vasastaden, Södra;FI;FI;10;0.96
2018;rd;14801154;Centrum, Vasastaden, Södra;AfS;AFS;4;0.38
2018;rd;14801154;Centrum, Vasastaden, Södra;BASIP;BASIP;1;0.10
2018;rd;14801154;Centrum, Vasastaden, Södra;DD;DD;0;0.00
2018;rd;14801154;Centrum, Vasastaden, Södra;DjuP;DJUP;1;0.10
2018;rd;14801154;Centrum, Vasastaden, Södra;EAP;EAP;0;0.00
2018;rd;14801154;Centrum, Vasastaden, Södra;ENH;ENH;3;0.29
2018;rd;14801154;Centrum, Vasastaden, Södra;INI;INI;0;0.00
2018;rd;14801154;Centrum, Vasastaden, Södra;KLP;KLP;0;0.00
2018;rd;14801154;Centrum, Vasastaden, Södra;KrVP;KRVP;3;0.29
2018;rd;14801154;Centrum, Vasastaden, Södra;LPo;LPO;0;0.00
2018;rd;14801154;Centrum, Vasastaden, Södra;MED;MED;4;0.38
2018;rd;14801154;Centrum, Vasastaden, Södra;NMR;NMR;0;0.00
2018;rd;14801154;Centrum, Vasastaden, Södra;NYREF;NYREF;0;0.00
2018;rd;14801154;Centrum, Vasastaden, Södra;PP;PP;2;0.19
2018;rd;14801154;Centrum, Vasastaden, Södra;SKP;SKP;0;0.00
2018;rd;14801154;Centrum, Vasastaden, Södra;TRP;TRP;0;0.00
2018;rd;14801154;Centrum, Vasastaden, Södra;ÖVR;ÖVR;0;0.00
2018;rd;14801155;Centrum, Vasastaden, Östra;M;M;375;36.59
2018;rd;14801155;Centrum, Vasastaden, Östra;C;C;99;9.66
2018;rd;14801155;Centrum, Vasastaden, Östra;L;L;95;9.27
2018;rd;14801155;Centrum, Vasastaden, Östra;KD;KD;72;7.02
2018;rd;14801155;Centrum, Vasastaden, Östra;S;S;102;9.95
2018;rd;14801155;Centrum, Vasastaden, Östra;V;V;57;5.56
2018;rd;14801155;Centrum, Vasastaden, Östra;MP;MP;47;4.59
2018;rd;14801155;Centrum, Vasastaden, Östra;SD;SD;159;15.51
2018;rd;14801155;Centrum, Vasastaden, Östra;FI;FI;3;0.29
2018;rd;14801155;Centrum, Vasastaden, Östra;AfS;AFS;7;0.68
2018;rd;14801155;Centrum, Vasastaden, Östra;BASIP;BASIP;0;0.00
2018;rd;14801155;Centrum, Vasastaden, Östra;DD;DD;0;0.00
2018;rd;14801155;Centrum, Vasastaden, Östra;DjuP;DJUP;2;0.20
2018;rd;14801155;Centrum, Vasastaden, Östra;EAP;EAP;0;0.00
2018;rd;14801155;Centrum, Vasastaden, Östra;ENH;ENH;0;0.00
2018;rd;14801155;Centrum, Vasastaden, Östra;INI;INI;0;0.00
2018;rd;14801155;Centrum, Vasastaden, Östra;KLP;KLP;1;0.10
2018;rd;14801155;Centrum, Vasastaden, Östra;KrVP;KRVP;0;0.00
2018;rd;14801155;Centrum, Vasastaden, Östra;LPo;LPO;0;0.00
2018;rd;14801155;Centrum, Vasastaden, Östra;MED;MED;2;0.20
2018;rd;14801155;Centrum, Vasastaden, Östra;NMR;NMR;0;0.00
2018;rd;14801155;Centrum, Vasastaden, Östra;NYREF;NYREF;0;0.00
2018;rd;14801155;Centrum, Vasastaden, Östra;PP;PP;4;0.39
2018;rd;14801155;Centrum, Vasastaden, Östra;SKP;SKP;0;0.00
2018;rd;14801155;Centrum, Vasastaden, Östra;TRP;TRP;0;0.00
2018;rd;14801155;Centrum, Vasastaden, Östra;ÖVR;ÖVR;0;0.00
2018;rd;14801161;Centrum, Inom Vallgraven;M;M;318;28.67
2018;rd;14801161;Centrum, Inom Vallgraven;C;C;120;10.82
2018;rd;14801161;Centrum, Inom Vallgraven;L;L;108;9.74
2018;rd;14801161;Centrum, Inom Vallgraven;KD;KD;47;4.24
2018;rd;14801161;Centrum, Inom Vallgraven;S;S;164;14.79
2018;rd;14801161;Centrum, Inom Vallgraven;V;V;118;10.64
2018;rd;14801161;Centrum, Inom Vallgraven;MP;MP;82;7.39
2018;rd;14801161;Centrum, Inom Vallgraven;SD;SD;131;11.81
2018;rd;14801161;Centrum, Inom Vallgraven;FI;FI;8;0.72
2018;rd;14801161;Centrum, Inom Vallgraven;AfS;AFS;2;0.18
2018;rd;14801161;Centrum, Inom Vallgraven;BASIP;BASIP;1;0.09
2018;rd;14801161;Centrum, Inom Vallgraven;DD;DD;0;0.00
2018;rd;14801161;Centrum, Inom Vallgraven;DjuP;DJUP;2;0.18
2018;rd;14801161;Centrum, Inom Vallgraven;EAP;EAP;0;0.00
2018;rd;14801161;Centrum, Inom Vallgraven;ENH;ENH;1;0.09
2018;rd;14801161;Centrum, Inom Vallgraven;INI;INI;0;0.00
2018;rd;14801161;Centrum, Inom Vallgraven;KLP;KLP;1;0.09
2018;rd;14801161;Centrum, Inom Vallgraven;KrVP;KRVP;0;0.00
2018;rd;14801161;Centrum, Inom Vallgraven;LPo;LPO;0;0.00
2018;rd;14801161;Centrum, Inom Vallgraven;MED;MED;3;0.27
2018;rd;14801161;Centrum, Inom Vallgraven;NMR;NMR;0;0.00
2018;rd;14801161;Centrum, Inom Vallgraven;NYREF;NYREF;0;0.00
2018;rd;14801161;Centrum, Inom Vallgraven;PP;PP;3;0.27
2018;rd;14801161;Centrum, Inom Vallgraven;SKP;SKP;0;0.00
2018;rd;14801161;Centrum, Inom Vallgraven;TRP;TRP;0;0.00
2018;rd;14801161;Centrum, Inom Vallgraven;ÖVR;ÖVR;0;0.00
2018;rd;14801162;Centrum, Nordstan;M;M;211;22.59
2018;rd;14801162;Centrum, Nordstan;C;C;67;7.17
2018;rd;14801162;Centrum, Nordstan;L;L;85;9.10
2018;rd;14801162;Centrum, Nordstan;KD;KD;45;4.82
2018;rd;14801162;Centrum, Nordstan;S;S;183;19.59
2018;rd;14801162;Centrum, Nordstan;V;V;141;15.10
2018;rd;14801162;Centrum, Nordstan;MP;MP;55;5.89
2018;rd;14801162;Centrum, Nordstan;SD;SD;123;13.17
2018;rd;14801162;Centrum, Nordstan;FI;FI;9;0.96
2018;rd;14801162;Centrum, Nordstan;AfS;AFS;3;0.32
2018;rd;14801162;Centrum, Nordstan;BASIP;BASIP;0;0.00
2018;rd;14801162;Centrum, Nordstan;DD;DD;2;0.21
2018;rd;14801162;Centrum, Nordstan;DjuP;DJUP;4;0.43
2018;rd;14801162;Centrum, Nordstan;EAP;EAP;0;0.00
2018;rd;14801162;Centrum, Nordstan;ENH;ENH;0;0.00
2018;rd;14801162;Centrum, Nordstan;INI;INI;0;0.00
2018;rd;14801162;Centrum, Nordstan;KLP;KLP;1;0.11
2018;rd;14801162;Centrum, Nordstan;KrVP;KRVP;0;0.00
2018;rd;14801162;Centrum, Nordstan;LPo;LPO;0;0.00
2018;rd;14801162;Centrum, Nordstan;MED;MED;2;0.21
2018;rd;14801162;Centrum, Nordstan;NMR;NMR;0;0.00
2018;rd;14801162;Centrum, Nordstan;NYREF;NYREF;0;0.00
2018;rd;14801162;Centrum, Nordstan;PP;PP;3;0.32
2018;rd;14801162;Centrum, Nordstan;SKP;SKP;0;0.00
2018;rd;14801162;Centrum, Nordstan;TRP;TRP;0;0.00
2018;rd;14801162;Centrum, Nordstan;ÖVR;ÖVR;0;0.00
2018;rd;14801163;Centrum, Otterhällan;M;M;297;33.87
2018;rd;14801163;Centrum, Otterhällan;C;C;88;10.03
2018;rd;14801163;Centrum, Otterhällan;L;L;89;10.15
2018;rd;14801163;Centrum, Otterhällan;KD;KD;54;6.16
2018;rd;14801163;Centrum, Otterhällan;S;S;114;13.00
2018;rd;14801163;Centrum, Otterhällan;V;V;68;7.75
2018;rd;14801163;Centrum, Otterhällan;MP;MP;55;6.27
2018;rd;14801163;Centrum, Otterhällan;SD;SD;97;11.06
2018;rd;14801163;Centrum, Otterhällan;FI;FI;7;0.80
2018;rd;14801163;Centrum, Otterhällan;AfS;AFS;2;0.23
2018;rd;14801163;Centrum, Otterhällan;BASIP;BASIP;0;0.00
2018;rd;14801163;Centrum, Otterhällan;DD;DD;1;0.11
2018;rd;14801163;Centrum, Otterhällan;DjuP;DJUP;0;0.00
2018;rd;14801163;Centrum, Otterhällan;EAP;EAP;0;0.00
2018;rd;14801163;Centrum, Otterhällan;ENH;ENH;0;0.00
2018;rd;14801163;Centrum, Otterhällan;INI;INI;0;0.00
2018;rd;14801163;Centrum, Otterhällan;KLP;KLP;0;0.00
2018;rd;14801163;Centrum, Otterhällan;KrVP;KRVP;1;0.11
2018;rd;14801163;Centrum, Otterhällan;LPo;LPO;1;0.11
2018;rd;14801163;Centrum, Otterhällan;MED;MED;3;0.34
2018;rd;14801163;Centrum, Otterhällan;NMR;NMR;0;0.00
2018;rd;14801163;Centrum, Otterhällan;NYREF;NYREF;0;0.00
2018;rd;14801163;Centrum, Otterhällan;PP;PP;0;0.00
2018;rd;14801163;Centrum, Otterhällan;SKP;SKP;0;0.00
2018;rd;14801163;Centrum, Otterhällan;TRP;TRP;0;0.00
2018;rd;14801163;Centrum, Otterhällan;ÖVR;ÖVR;0;0.00
2018;rd;14801171;Centrum, Friggagatan m fl;M;M;247;25.84
2018;rd;14801171;Centrum, Friggagatan m fl;C;C;66;6.90
2018;rd;14801171;Centrum, Friggagatan m fl;L;L;93;9.73
2018;rd;14801171;Centrum, Friggagatan m fl;KD;KD;47;4.92
2018;rd;14801171;Centrum, Friggagatan m fl;S;S;209;21.86
2018;rd;14801171;Centrum, Friggagatan m fl;V;V;105;10.98
2018;rd;14801171;Centrum, Friggagatan m fl;MP;MP;47;4.92
2018;rd;14801171;Centrum, Friggagatan m fl;SD;SD;131;13.70
2018;rd;14801171;Centrum, Friggagatan m fl;FI;FI;6;0.63
2018;rd;14801171;Centrum, Friggagatan m fl;AfS;AFS;0;0.00
2018;rd;14801171;Centrum, Friggagatan m fl;BASIP;BASIP;0;0.00
2018;rd;14801171;Centrum, Friggagatan m fl;DD;DD;1;0.10
2018;rd;14801171;Centrum, Friggagatan m fl;DjuP;DJUP;1;0.10
2018;rd;14801171;Centrum, Friggagatan m fl;EAP;EAP;0;0.00
2018;rd;14801171;Centrum, Friggagatan m fl;ENH;ENH;0;0.00
2018;rd;14801171;Centrum, Friggagatan m fl;INI;INI;0;0.00
2018;rd;14801171;Centrum, Friggagatan m fl;KLP;KLP;0;0.00
2018;rd;14801171;Centrum, Friggagatan m fl;KrVP;KRVP;0;0.00
2018;rd;14801171;Centrum, Friggagatan m fl;LPo;LPO;0;0.00
2018;rd;14801171;Centrum, Friggagatan m fl;MED;MED;2;0.21
2018;rd;14801171;Centrum, Friggagatan m fl;NMR;NMR;0;0.00
2018;rd;14801171;Centrum, Friggagatan m fl;NYREF;NYREF;0;0.00
2018;rd;14801171;Centrum, Friggagatan m fl;PP;PP;1;0.10
2018;rd;14801171;Centrum, Friggagatan m fl;SKP;SKP;0;0.00
2018;rd;14801171;Centrum, Friggagatan m fl;TRP;TRP;0;0.00
2018;rd;14801171;Centrum, Friggagatan m fl;ÖVR;ÖVR;0;0.00
2018;rd;14801172;Centrum, Gårda, Norra;M;M;265;28.65
2018;rd;14801172;Centrum, Gårda, Norra;C;C;88;9.51
2018;rd;14801172;Centrum, Gårda, Norra;L;L;71;7.68
2018;rd;14801172;Centrum, Gårda, Norra;KD;KD;47;5.08
2018;rd;14801172;Centrum, Gårda, Norra;S;S;201;21.73
2018;rd;14801172;Centrum, Gårda, Norra;V;V;91;9.84
2018;rd;14801172;Centrum, Gårda, Norra;MP;MP;48;5.19
2018;rd;14801172;Centrum, Gårda, Norra;SD;SD;103;11.14
2018;rd;14801172;Centrum, Gårda, Norra;FI;FI;5;0.54
2018;rd;14801172;Centrum, Gårda, Norra;AfS;AFS;1;0.11
2018;rd;14801172;Centrum, Gårda, Norra;BASIP;BASIP;0;0.00
2018;rd;14801172;Centrum, Gårda, Norra;DD;DD;0;0.00
2018;rd;14801172;Centrum, Gårda, Norra;DjuP;DJUP;1;0.11
2018;rd;14801172;Centrum, Gårda, Norra;EAP;EAP;0;0.00
2018;rd;14801172;Centrum, Gårda, Norra;ENH;ENH;0;0.00
2018;rd;14801172;Centrum, Gårda, Norra;INI;INI;0;0.00
2018;rd;14801172;Centrum, Gårda, Norra;KLP;KLP;2;0.22
2018;rd;14801172;Centrum, Gårda, Norra;KrVP;KRVP;0;0.00
2018;rd;14801172;Centrum, Gårda, Norra;LPo;LPO;0;0.00
2018;rd;14801172;Centrum, Gårda, Norra;MED;MED;0;0.00
2018;rd;14801172;Centrum, Gårda, Norra;NMR;NMR;0;0.00
2018;rd;14801172;Centrum, Gårda, Norra;NYREF;NYREF;0;0.00
2018;rd;14801172;Centrum, Gårda, Norra;PP;PP;2;0.22
2018;rd;14801172;Centrum, Gårda, Norra;SKP;SKP;0;0.00
2018;rd;14801172;Centrum, Gårda, Norra;TRP;TRP;0;0.00
2018;rd;14801172;Centrum, Gårda, Norra;ÖVR;ÖVR;0;0.00
2018;rd;14801173;Centrum, Odinsgatan m fl;M;M;235;24.30
2018;rd;14801173;Centrum, Odinsgatan m fl;C;C;77;7.96
2018;rd;14801173;Centrum, Odinsgatan m fl;L;L;96;9.93
2018;rd;14801173;Centrum, Odinsgatan m fl;KD;KD;53;5.48
2018;rd;14801173;Centrum, Odinsgatan m fl;S;S;214;22.13
2018;rd;14801173;Centrum, Odinsgatan m fl;V;V;99;10.24
2018;rd;14801173;Centrum, Odinsgatan m fl;MP;MP;47;4.86
2018;rd;14801173;Centrum, Odinsgatan m fl;SD;SD;132;13.65
2018;rd;14801173;Centrum, Odinsgatan m fl;FI;FI;4;0.41
2018;rd;14801173;Centrum, Odinsgatan m fl;AfS;AFS;1;0.10
2018;rd;14801173;Centrum, Odinsgatan m fl;BASIP;BASIP;1;0.10
2018;rd;14801173;Centrum, Odinsgatan m fl;DD;DD;1;0.10
2018;rd;14801173;Centrum, Odinsgatan m fl;DjuP;DJUP;2;0.21
2018;rd;14801173;Centrum, Odinsgatan m fl;EAP;EAP;0;0.00
2018;rd;14801173;Centrum, Odinsgatan m fl;ENH;ENH;0;0.00
2018;rd;14801173;Centrum, Odinsgatan m fl;INI;INI;0;0.00
2018;rd;14801173;Centrum, Odinsgatan m fl;KLP;KLP;0;0.00
2018;rd;14801173;Centrum, Odinsgatan m fl;KrVP;KRVP;0;0.00
2018;rd;14801173;Centrum, Odinsgatan m fl;LPo;LPO;0;0.00
2018;rd;14801173;Centrum, Odinsgatan m fl;MED;MED;3;0.31
2018;rd;14801173;Centrum, Odinsgatan m fl;NMR;NMR;0;0.00
2018;rd;14801173;Centrum, Odinsgatan m fl;NYREF;NYREF;0;0.00
2018;rd;14801173;Centrum, Odinsgatan m fl;PP;PP;1;0.10
2018;rd;14801173;Centrum, Odinsgatan m fl;SKP;SKP;0;0.00
2018;rd;14801173;Centrum, Odinsgatan m fl;TRP;TRP;0;0.00
2018;rd;14801173;Centrum, Odinsgatan m fl;ÖVR;ÖVR;1;0.10
2018;rd;14801174;Centrum, Stampen;M;M;208;17.61
2018;rd;14801174;Centrum, Stampen;C;C;99;8.38
2018;rd;14801174;Centrum, Stampen;L;L;86;7.28
2018;rd;14801174;Centrum, Stampen;KD;KD;59;5.00
2018;rd;14801174;Centrum, Stampen;S;S;302;25.57
2018;rd;14801174;Centrum, Stampen;V;V;139;11.77
2018;rd;14801174;Centrum, Stampen;MP;MP;110;9.31
2018;rd;14801174;Centrum, Stampen;SD;SD;139;11.77
2018;rd;14801174;Centrum, Stampen;FI;FI;8;0.68
2018;rd;14801174;Centrum, Stampen;AfS;AFS;7;0.59
2018;rd;14801174;Centrum, Stampen;BASIP;BASIP;1;0.08
2018;rd;14801174;Centrum, Stampen;DD;DD;4;0.34
2018;rd;14801174;Centrum, Stampen;DjuP;DJUP;4;0.34
2018;rd;14801174;Centrum, Stampen;EAP;EAP;0;0.00
2018;rd;14801174;Centrum, Stampen;ENH;ENH;1;0.08
2018;rd;14801174;Centrum, Stampen;INI;INI;0;0.00
2018;rd;14801174;Centrum, Stampen;KLP;KLP;0;0.00
2018;rd;14801174;Centrum, Stampen;KrVP;KRVP;0;0.00
2018;rd;14801174;Centrum, Stampen;LPo;LPO;0;0.00
2018;rd;14801174;Centrum, Stampen;MED;MED;12;1.02
2018;rd;14801174;Centrum, Stampen;NMR;NMR;0;0.00
2018;rd;14801174;Centrum, Stampen;NYREF;NYREF;0;0.00
2018;rd;14801174;Centrum, Stampen;PP;PP;2;0.17
2018;rd;14801174;Centrum, Stampen;SKP;SKP;0;0.00
2018;rd;14801174;Centrum, Stampen;TRP;TRP;0;0.00
2018;rd;14801174;Centrum, Stampen;ÖVR;ÖVR;0;0.00
2018;rd;14801175;Centrum, Svingeln;M;M;238;24.54
2018;rd;14801175;Centrum, Svingeln;C;C;102;10.52
2018;rd;14801175;Centrum, Svingeln;L;L;67;6.91
2018;rd;14801175;Centrum, Svingeln;KD;KD;42;4.33
2018;rd;14801175;Centrum, Svingeln;S;S;182;18.76
2018;rd;14801175;Centrum, Svingeln;V;V;146;15.05
2018;rd;14801175;Centrum, Svingeln;MP;MP;71;7.32
2018;rd;14801175;Centrum, Svingeln;SD;SD;94;9.69
2018;rd;14801175;Centrum, Svingeln;FI;FI;12;1.24
2018;rd;14801175;Centrum, Svingeln;AfS;AFS;3;0.31
2018;rd;14801175;Centrum, Svingeln;BASIP;BASIP;0;0.00
2018;rd;14801175;Centrum, Svingeln;DD;DD;2;0.21
2018;rd;14801175;Centrum, Svingeln;DjuP;DJUP;1;0.10
2018;rd;14801175;Centrum, Svingeln;EAP;EAP;0;0.00
2018;rd;14801175;Centrum, Svingeln;ENH;ENH;1;0.10
2018;rd;14801175;Centrum, Svingeln;INI;INI;0;0.00
2018;rd;14801175;Centrum, Svingeln;KLP;KLP;2;0.21
2018;rd;14801175;Centrum, Svingeln;KrVP;KRVP;0;0.00
2018;rd;14801175;Centrum, Svingeln;LPo;LPO;0;0.00
2018;rd;14801175;Centrum, Svingeln;MED;MED;5;0.52
2018;rd;14801175;Centrum, Svingeln;NMR;NMR;1;0.10
2018;rd;14801175;Centrum, Svingeln;NYREF;NYREF;0;0.00
2018;rd;14801175;Centrum, Svingeln;PP;PP;1;0.10
2018;rd;14801175;Centrum, Svingeln;SKP;SKP;0;0.00
2018;rd;14801175;Centrum, Svingeln;TRP;TRP;0;0.00
2018;rd;14801175;Centrum, Svingeln;ÖVR;ÖVR;0;0.00
2018;rd;14801181;Centrum, Bohusgatan m fl;M;M;241;35.65
2018;rd;14801181;Centrum, Bohusgatan m fl;C;C;37;5.47
2018;rd;14801181;Centrum, Bohusgatan m fl;L;L;63;9.32
2018;rd;14801181;Centrum, Bohusgatan m fl;KD;KD;50;7.40
2018;rd;14801181;Centrum, Bohusgatan m fl;S;S;105;15.53
2018;rd;14801181;Centrum, Bohusgatan m fl;V;V;39;5.77
2018;rd;14801181;Centrum, Bohusgatan m fl;MP;MP;29;4.29
2018;rd;14801181;Centrum, Bohusgatan m fl;SD;SD;103;15.24
2018;rd;14801181;Centrum, Bohusgatan m fl;FI;FI;5;0.74
2018;rd;14801181;Centrum, Bohusgatan m fl;AfS;AFS;2;0.30
2018;rd;14801181;Centrum, Bohusgatan m fl;BASIP;BASIP;0;0.00
2018;rd;14801181;Centrum, Bohusgatan m fl;DD;DD;1;0.15
2018;rd;14801181;Centrum, Bohusgatan m fl;DjuP;DJUP;1;0.15
2018;rd;14801181;Centrum, Bohusgatan m fl;EAP;EAP;0;0.00
2018;rd;14801181;Centrum, Bohusgatan m fl;ENH;ENH;0;0.00
2018;rd;14801181;Centrum, Bohusgatan m fl;INI;INI;0;0.00
2018;rd;14801181;Centrum, Bohusgatan m fl;KLP;KLP;0;0.00
2018;rd;14801181;Centrum, Bohusgatan m fl;KrVP;KRVP;0;0.00
2018;rd;14801181;Centrum, Bohusgatan m fl;LPo;LPO;0;0.00
2018;rd;14801181;Centrum, Bohusgatan m fl;MED;MED;0;0.00
2018;rd;14801181;Centrum, Bohusgatan m fl;NMR;NMR;0;0.00
2018;rd;14801181;Centrum, Bohusgatan m fl;NYREF;NYREF;0;0.00
2018;rd;14801181;Centrum, Bohusgatan m fl;PP;PP;0;0.00
2018;rd;14801181;Centrum, Bohusgatan m fl;SKP;SKP;0;0.00
2018;rd;14801181;Centrum, Bohusgatan m fl;TRP;TRP;0;0.00
2018;rd;14801181;Centrum, Bohusgatan m fl;ÖVR;ÖVR;0;0.00
2018;rd;14801182;Centrum, Gårda, Södra;M;M;174;21.61
2018;rd;14801182;Centrum, Gårda, Södra;C;C;79;9.81
2018;rd;14801182;Centrum, Gårda, Södra;L;L;74;9.19
2018;rd;14801182;Centrum, Gårda, Södra;KD;KD;44;5.47
2018;rd;14801182;Centrum, Gårda, Södra;S;S;132;16.40
2018;rd;14801182;Centrum, Gårda, Södra;V;V;119;14.78
2018;rd;14801182;Centrum, Gårda, Södra;MP;MP;84;10.43
2018;rd;14801182;Centrum, Gårda, Södra;SD;SD;69;8.57
2018;rd;14801182;Centrum, Gårda, Södra;FI;FI;13;1.61
2018;rd;14801182;Centrum, Gårda, Södra;AfS;AFS;2;0.25
2018;rd;14801182;Centrum, Gårda, Södra;BASIP;BASIP;0;0.00
2018;rd;14801182;Centrum, Gårda, Södra;DD;DD;1;0.12
2018;rd;14801182;Centrum, Gårda, Södra;DjuP;DJUP;1;0.12
2018;rd;14801182;Centrum, Gårda, Södra;EAP;EAP;0;0.00
2018;rd;14801182;Centrum, Gårda, Södra;ENH;ENH;1;0.12
2018;rd;14801182;Centrum, Gårda, Södra;INI;INI;0;0.00
2018;rd;14801182;Centrum, Gårda, Södra;KLP;KLP;0;0.00
2018;rd;14801182;Centrum, Gårda, Södra;KrVP;KRVP;0;0.00
2018;rd;14801182;Centrum, Gårda, Södra;LPo;LPO;0;0.00
2018;rd;14801182;Centrum, Gårda, Södra;MED;MED;7;0.87
2018;rd;14801182;Centrum, Gårda, Södra;NMR;NMR;1;0.12
2018;rd;14801182;Centrum, Gårda, Södra;NYREF;NYREF;0;0.00
2018;rd;14801182;Centrum, Gårda, Södra;PP;PP;4;0.50
2018;rd;14801182;Centrum, Gårda, Södra;SKP;SKP;0;0.00
2018;rd;14801182;Centrum, Gårda, Södra;TRP;TRP;0;0.00
2018;rd;14801182;Centrum, Gårda, Södra;ÖVR;ÖVR;0;0.00
2018;rd;14801183;Centrum, Heden;M;M;354;32.90
2018;rd;14801183;Centrum, Heden;C;C;100;9.29
2018;rd;14801183;Centrum, Heden;L;L;94;8.74
2018;rd;14801183;Centrum, Heden;KD;KD;73;6.78
2018;rd;14801183;Centrum, Heden;S;S;147;13.66
2018;rd;14801183;Centrum, Heden;V;V;73;6.78
2018;rd;14801183;Centrum, Heden;MP;MP;38;3.53
2018;rd;14801183;Centrum, Heden;SD;SD;185;17.19
2018;rd;14801183;Centrum, Heden;FI;FI;4;0.37
2018;rd;14801183;Centrum, Heden;AfS;AFS;4;0.37
2018;rd;14801183;Centrum, Heden;BASIP;BASIP;0;0.00
2018;rd;14801183;Centrum, Heden;DD;DD;0;0.00
2018;rd;14801183;Centrum, Heden;DjuP;DJUP;1;0.09
2018;rd;14801183;Centrum, Heden;EAP;EAP;0;0.00
2018;rd;14801183;Centrum, Heden;ENH;ENH;0;0.00
2018;rd;14801183;Centrum, Heden;INI;INI;0;0.00
2018;rd;14801183;Centrum, Heden;KLP;KLP;0;0.00
2018;rd;14801183;Centrum, Heden;KrVP;KRVP;0;0.00
2018;rd;14801183;Centrum, Heden;LPo;LPO;0;0.00
2018;rd;14801183;Centrum, Heden;MED;MED;2;0.19
2018;rd;14801183;Centrum, Heden;NMR;NMR;1;0.09
2018;rd;14801183;Centrum, Heden;NYREF;NYREF;0;0.00
2018;rd;14801183;Centrum, Heden;PP;PP;0;0.00
2018;rd;14801183;Centrum, Heden;SKP;SKP;0;0.00
2018;rd;14801183;Centrum, Heden;TRP;TRP;0;0.00
2018;rd;14801183;Centrum, Heden;ÖVR;ÖVR;0;0.00
2018;rd;14801184;Centrum, Hedås;M;M;447;37.44
2018;rd;14801184;Centrum, Hedås;C;C;83;6.95
2018;rd;14801184;Centrum, Hedås;L;L;104;8.71
2018;rd;14801184;Centrum, Hedås;KD;KD;109;9.13
2018;rd;14801184;Centrum, Hedås;S;S;127;10.64
2018;rd;14801184;Centrum, Hedås;V;V;69;5.78
2018;rd;14801184;Centrum, Hedås;MP;MP;61;5.11
2018;rd;14801184;Centrum, Hedås;SD;SD;169;14.15
2018;rd;14801184;Centrum, Hedås;FI;FI;8;0.67
2018;rd;14801184;Centrum, Hedås;AfS;AFS;5;0.42
2018;rd;14801184;Centrum, Hedås;BASIP;BASIP;0;0.00
2018;rd;14801184;Centrum, Hedås;DD;DD;0;0.00
2018;rd;14801184;Centrum, Hedås;DjuP;DJUP;5;0.42
2018;rd;14801184;Centrum, Hedås;EAP;EAP;0;0.00
2018;rd;14801184;Centrum, Hedås;ENH;ENH;0;0.00
2018;rd;14801184;Centrum, Hedås;INI;INI;0;0.00
2018;rd;14801184;Centrum, Hedås;KLP;KLP;0;0.00
2018;rd;14801184;Centrum, Hedås;KrVP;KRVP;0;0.00
2018;rd;14801184;Centrum, Hedås;LPo;LPO;0;0.00
2018;rd;14801184;Centrum, Hedås;MED;MED;6;0.50
2018;rd;14801184;Centrum, Hedås;NMR;NMR;0;0.00
2018;rd;14801184;Centrum, Hedås;NYREF;NYREF;0;0.00
2018;rd;14801184;Centrum, Hedås;PP;PP;1;0.08
2018;rd;14801184;Centrum, Hedås;SKP;SKP;0;0.00
2018;rd;14801184;Centrum, Hedås;TRP;TRP;0;0.00
2018;rd;14801184;Centrum, Hedås;ÖVR;ÖVR;0;0.00
2018;rd;14801185;Centrum, Sten Sturegatan m fl;M;M;151;19.87
2018;rd;14801185;Centrum, Sten Sturegatan m fl;C;C;43;5.66
2018;rd;14801185;Centrum, Sten Sturegatan m fl;L;L;55;7.24
2018;rd;14801185;Centrum, Sten Sturegatan m fl;KD;KD;44;5.79
2018;rd;14801185;Centrum, Sten Sturegatan m fl;S;S;203;26.71
2018;rd;14801185;Centrum, Sten Sturegatan m fl;V;V;63;8.29
2018;rd;14801185;Centrum, Sten Sturegatan m fl;MP;MP;39;5.13
2018;rd;14801185;Centrum, Sten Sturegatan m fl;SD;SD;147;19.34
2018;rd;14801185;Centrum, Sten Sturegatan m fl;FI;FI;3;0.39
2018;rd;14801185;Centrum, Sten Sturegatan m fl;AfS;AFS;0;0.00
2018;rd;14801185;Centrum, Sten Sturegatan m fl;BASIP;BASIP;0;0.00
2018;rd;14801185;Centrum, Sten Sturegatan m fl;DD;DD;1;0.13
2018;rd;14801185;Centrum, Sten Sturegatan m fl;DjuP;DJUP;1;0.13
2018;rd;14801185;Centrum, Sten Sturegatan m fl;EAP;EAP;0;0.00
2018;rd;14801185;Centrum, Sten Sturegatan m fl;ENH;ENH;4;0.53
2018;rd;14801185;Centrum, Sten Sturegatan m fl;INI;INI;0;0.00
2018;rd;14801185;Centrum, Sten Sturegatan m fl;KLP;KLP;1;0.13
2018;rd;14801185;Centrum, Sten Sturegatan m fl;KrVP;KRVP;0;0.00
2018;rd;14801185;Centrum, Sten Sturegatan m fl;LPo;LPO;0;0.00
2018;rd;14801185;Centrum, Sten Sturegatan m fl;MED;MED;3;0.39
2018;rd;14801185;Centrum, Sten Sturegatan m fl;NMR;NMR;0;0.00
2018;rd;14801185;Centrum, Sten Sturegatan m fl;NYREF;NYREF;0;0.00
2018;rd;14801185;Centrum, Sten Sturegatan m fl;PP;PP;2;0.26
2018;rd;14801185;Centrum, Sten Sturegatan m fl;SKP;SKP;0;0.00
2018;rd;14801185;Centrum, Sten Sturegatan m fl;TRP;TRP;0;0.00
2018;rd;14801185;Centrum, Sten Sturegatan m fl;ÖVR;ÖVR;0;0.00
2018;rd;14802011;Örgryte-Härlanda, Gubbero;M;M;216;20.79
2018;rd;14802011;Örgryte-Härlanda, Gubbero;C;C;75;7.22
2018;rd;14802011;Örgryte-Härlanda, Gubbero;L;L;70;6.74
2018;rd;14802011;Örgryte-Härlanda, Gubbero;KD;KD;57;5.49
2018;rd;14802011;Örgryte-Härlanda, Gubbero;S;S;209;20.12
2018;rd;14802011;Örgryte-Härlanda, Gubbero;V;V;190;18.29
2018;rd;14802011;Örgryte-Härlanda, Gubbero;MP;MP;81;7.80
2018;rd;14802011;Örgryte-Härlanda, Gubbero;SD;SD;114;10.97
2018;rd;14802011;Örgryte-Härlanda, Gubbero;FI;FI;14;1.35
2018;rd;14802011;Örgryte-Härlanda, Gubbero;AfS;AFS;4;0.38
2018;rd;14802011;Örgryte-Härlanda, Gubbero;BASIP;BASIP;1;0.10
2018;rd;14802011;Örgryte-Härlanda, Gubbero;DD;DD;1;0.10
2018;rd;14802011;Örgryte-Härlanda, Gubbero;DjuP;DJUP;1;0.10
2018;rd;14802011;Örgryte-Härlanda, Gubbero;EAP;EAP;0;0.00
2018;rd;14802011;Örgryte-Härlanda, Gubbero;ENH;ENH;1;0.10
2018;rd;14802011;Örgryte-Härlanda, Gubbero;INI;INI;0;0.00
2018;rd;14802011;Örgryte-Härlanda, Gubbero;KLP;KLP;1;0.10
2018;rd;14802011;Örgryte-Härlanda, Gubbero;KrVP;KRVP;0;0.00
2018;rd;14802011;Örgryte-Härlanda, Gubbero;LPo;LPO;0;0.00
2018;rd;14802011;Örgryte-Härlanda, Gubbero;MED;MED;3;0.29
2018;rd;14802011;Örgryte-Härlanda, Gubbero;NMR;NMR;0;0.00
2018;rd;14802011;Örgryte-Härlanda, Gubbero;NYREF;NYREF;0;0.00
2018;rd;14802011;Örgryte-Härlanda, Gubbero;PP;PP;1;0.10
2018;rd;14802011;Örgryte-Härlanda, Gubbero;SKP;SKP;0;0.00
2018;rd;14802011;Örgryte-Härlanda, Gubbero;TRP;TRP;0;0.00
2018;rd;14802011;Örgryte-Härlanda, Gubbero;ÖVR;ÖVR;0;0.00
2018;rd;14802012;Örgryte-Härlanda, Olskroken;M;M;194;18.11
2018;rd;14802012;Örgryte-Härlanda, Olskroken;C;C;49;4.58
2018;rd;14802012;Örgryte-Härlanda, Olskroken;L;L;45;4.20
2018;rd;14802012;Örgryte-Härlanda, Olskroken;KD;KD;50;4.67
2018;rd;14802012;Örgryte-Härlanda, Olskroken;S;S;312;29.13
2018;rd;14802012;Örgryte-Härlanda, Olskroken;V;V;179;16.71
2018;rd;14802012;Örgryte-Härlanda, Olskroken;MP;MP;48;4.48
2018;rd;14802012;Örgryte-Härlanda, Olskroken;SD;SD;168;15.69
2018;rd;14802012;Örgryte-Härlanda, Olskroken;FI;FI;7;0.65
2018;rd;14802012;Örgryte-Härlanda, Olskroken;AfS;AFS;3;0.28
2018;rd;14802012;Örgryte-Härlanda, Olskroken;BASIP;BASIP;0;0.00
2018;rd;14802012;Örgryte-Härlanda, Olskroken;DD;DD;5;0.47
2018;rd;14802012;Örgryte-Härlanda, Olskroken;DjuP;DJUP;1;0.09
2018;rd;14802012;Örgryte-Härlanda, Olskroken;EAP;EAP;0;0.00
2018;rd;14802012;Örgryte-Härlanda, Olskroken;ENH;ENH;1;0.09
2018;rd;14802012;Örgryte-Härlanda, Olskroken;INI;INI;0;0.00
2018;rd;14802012;Örgryte-Härlanda, Olskroken;KLP;KLP;0;0.00
2018;rd;14802012;Örgryte-Härlanda, Olskroken;KrVP;KRVP;2;0.19
2018;rd;14802012;Örgryte-Härlanda, Olskroken;LPo;LPO;0;0.00
2018;rd;14802012;Örgryte-Härlanda, Olskroken;MED;MED;4;0.37
2018;rd;14802012;Örgryte-Härlanda, Olskroken;NMR;NMR;1;0.09
2018;rd;14802012;Örgryte-Härlanda, Olskroken;NYREF;NYREF;0;0.00
2018;rd;14802012;Örgryte-Härlanda, Olskroken;PP;PP;2;0.19
2018;rd;14802012;Örgryte-Härlanda, Olskroken;SKP;SKP;0;0.00
2018;rd;14802012;Örgryte-Härlanda, Olskroken;TRP;TRP;0;0.00
2018;rd;14802012;Örgryte-Härlanda, Olskroken;ÖVR;ÖVR;0;0.00
2018;rd;14802013;Örgryte-Härlanda, Redberget;M;M;167;17.06
2018;rd;14802013;Örgryte-Härlanda, Redberget;C;C;74;7.56
2018;rd;14802013;Örgryte-Härlanda, Redberget;L;L;69;7.05
2018;rd;14802013;Örgryte-Härlanda, Redberget;KD;KD;36;3.68
2018;rd;14802013;Örgryte-Härlanda, Redberget;S;S;213;21.76
2018;rd;14802013;Örgryte-Härlanda, Redberget;V;V;193;19.71
2018;rd;14802013;Örgryte-Härlanda, Redberget;MP;MP;88;8.99
2018;rd;14802013;Örgryte-Härlanda, Redberget;SD;SD;115;11.75
2018;rd;14802013;Örgryte-Härlanda, Redberget;FI;FI;11;1.12
2018;rd;14802013;Örgryte-Härlanda, Redberget;AfS;AFS;2;0.20
2018;rd;14802013;Örgryte-Härlanda, Redberget;BASIP;BASIP;0;0.00
2018;rd;14802013;Örgryte-Härlanda, Redberget;DD;DD;2;0.20
2018;rd;14802013;Örgryte-Härlanda, Redberget;DjuP;DJUP;1;0.10
2018;rd;14802013;Örgryte-Härlanda, Redberget;EAP;EAP;0;0.00
2018;rd;14802013;Örgryte-Härlanda, Redberget;ENH;ENH;0;0.00
2018;rd;14802013;Örgryte-Härlanda, Redberget;INI;INI;0;0.00
2018;rd;14802013;Örgryte-Härlanda, Redberget;KLP;KLP;0;0.00
2018;rd;14802013;Örgryte-Härlanda, Redberget;KrVP;KRVP;0;0.00
2018;rd;14802013;Örgryte-Härlanda, Redberget;LPo;LPO;0;0.00
2018;rd;14802013;Örgryte-Härlanda, Redberget;MED;MED;7;0.72
2018;rd;14802013;Örgryte-Härlanda, Redberget;NMR;NMR;0;0.00
2018;rd;14802013;Örgryte-Härlanda, Redberget;NYREF;NYREF;0;0.00
2018;rd;14802013;Örgryte-Härlanda, Redberget;PP;PP;1;0.10
2018;rd;14802013;Örgryte-Härlanda, Redberget;SKP;SKP;0;0.00
2018;rd;14802013;Örgryte-Härlanda, Redberget;TRP;TRP;0;0.00
2018;rd;14802013;Örgryte-Härlanda, Redberget;ÖVR;ÖVR;0;0.00
2018;rd;14802014;Örgryte-Härlanda, Redbergsplatsen;M;M;178;18.16
2018;rd;14802014;Örgryte-Härlanda, Redbergsplatsen;C;C;79;8.06
2018;rd;14802014;Örgryte-Härlanda, Redbergsplatsen;L;L;59;6.02
2018;rd;14802014;Örgryte-Härlanda, Redbergsplatsen;KD;KD;37;3.78
2018;rd;14802014;Örgryte-Härlanda, Redbergsplatsen;S;S;243;24.80
2018;rd;14802014;Örgryte-Härlanda, Redbergsplatsen;V;V;144;14.69
2018;rd;14802014;Örgryte-Härlanda, Redbergsplatsen;MP;MP;64;6.53
2018;rd;14802014;Örgryte-Härlanda, Redbergsplatsen;SD;SD;154;15.71
2018;rd;14802014;Örgryte-Härlanda, Redbergsplatsen;FI;FI;15;1.53
2018;rd;14802014;Örgryte-Härlanda, Redbergsplatsen;AfS;AFS;2;0.20
2018;rd;14802014;Örgryte-Härlanda, Redbergsplatsen;BASIP;BASIP;1;0.10
2018;rd;14802014;Örgryte-Härlanda, Redbergsplatsen;DD;DD;0;0.00
2018;rd;14802014;Örgryte-Härlanda, Redbergsplatsen;DjuP;DJUP;0;0.00
2018;rd;14802014;Örgryte-Härlanda, Redbergsplatsen;EAP;EAP;0;0.00
2018;rd;14802014;Örgryte-Härlanda, Redbergsplatsen;ENH;ENH;1;0.10
2018;rd;14802014;Örgryte-Härlanda, Redbergsplatsen;INI;INI;0;0.00
2018;rd;14802014;Örgryte-Härlanda, Redbergsplatsen;KLP;KLP;1;0.10
2018;rd;14802014;Örgryte-Härlanda, Redbergsplatsen;KrVP;KRVP;0;0.00
2018;rd;14802014;Örgryte-Härlanda, Redbergsplatsen;LPo;LPO;1;0.10
2018;rd;14802014;Örgryte-Härlanda, Redbergsplatsen;MED;MED;0;0.00
2018;rd;14802014;Örgryte-Härlanda, Redbergsplatsen;NMR;NMR;0;0.00
2018;rd;14802014;Örgryte-Härlanda, Redbergsplatsen;NYREF;NYREF;0;0.00
2018;rd;14802014;Örgryte-Härlanda, Redbergsplatsen;PP;PP;0;0.00
2018;rd;14802014;Örgryte-Härlanda, Redbergsplatsen;SKP;SKP;0;0.00
2018;rd;14802014;Örgryte-Härlanda, Redbergsplatsen;TRP;TRP;0;0.00
2018;rd;14802014;Örgryte-Härlanda, Redbergsplatsen;ÖVR;ÖVR;1;0.10
2018;rd;14802021;Örgryte-Härlanda, Bagaregården;M;M;173;16.63
2018;rd;14802021;Örgryte-Härlanda, Bagaregården;C;C;99;9.52
2018;rd;14802021;Örgryte-Härlanda, Bagaregården;L;L;79;7.60
2018;rd;14802021;Örgryte-Härlanda, Bagaregården;KD;KD;49;4.71
2018;rd;14802021;Örgryte-Härlanda, Bagaregården;S;S;214;20.58
2018;rd;14802021;Örgryte-Härlanda, Bagaregården;V;V;202;19.42
2018;rd;14802021;Örgryte-Härlanda, Bagaregården;MP;MP;115;11.06
2018;rd;14802021;Örgryte-Härlanda, Bagaregården;SD;SD;86;8.27
2018;rd;14802021;Örgryte-Härlanda, Bagaregården;FI;FI;11;1.06
2018;rd;14802021;Örgryte-Härlanda, Bagaregården;AfS;AFS;3;0.29
2018;rd;14802021;Örgryte-Härlanda, Bagaregården;BASIP;BASIP;1;0.10
2018;rd;14802021;Örgryte-Härlanda, Bagaregården;DD;DD;1;0.10
2018;rd;14802021;Örgryte-Härlanda, Bagaregården;DjuP;DJUP;2;0.19
2018;rd;14802021;Örgryte-Härlanda, Bagaregården;EAP;EAP;0;0.00
2018;rd;14802021;Örgryte-Härlanda, Bagaregården;ENH;ENH;0;0.00
2018;rd;14802021;Örgryte-Härlanda, Bagaregården;INI;INI;0;0.00
2018;rd;14802021;Örgryte-Härlanda, Bagaregården;KLP;KLP;1;0.10
2018;rd;14802021;Örgryte-Härlanda, Bagaregården;KrVP;KRVP;0;0.00
2018;rd;14802021;Örgryte-Härlanda, Bagaregården;LPo;LPO;0;0.00
2018;rd;14802021;Örgryte-Härlanda, Bagaregården;MED;MED;3;0.29
2018;rd;14802021;Örgryte-Härlanda, Bagaregården;NMR;NMR;0;0.00
2018;rd;14802021;Örgryte-Härlanda, Bagaregården;NYREF;NYREF;0;0.00
2018;rd;14802021;Örgryte-Härlanda, Bagaregården;PP;PP;1;0.10
2018;rd;14802021;Örgryte-Härlanda, Bagaregården;SKP;SKP;0;0.00
2018;rd;14802021;Örgryte-Härlanda, Bagaregården;TRP;TRP;0;0.00
2018;rd;14802021;Örgryte-Härlanda, Bagaregården;ÖVR;ÖVR;0;0.00
2018;rd;14802022;Örgryte-Härlanda, Ånäs;M;M;213;18.33
2018;rd;14802022;Örgryte-Härlanda, Ånäs;C;C;126;10.84
2018;rd;14802022;Örgryte-Härlanda, Ånäs;L;L;100;8.61
2018;rd;14802022;Örgryte-Härlanda, Ånäs;KD;KD;59;5.08
2018;rd;14802022;Örgryte-Härlanda, Ånäs;S;S;234;20.14
2018;rd;14802022;Örgryte-Härlanda, Ånäs;V;V;170;14.63
2018;rd;14802022;Örgryte-Härlanda, Ånäs;MP;MP;125;10.76
2018;rd;14802022;Örgryte-Härlanda, Ånäs;SD;SD;110;9.47
2018;rd;14802022;Örgryte-Härlanda, Ånäs;FI;FI;9;0.77
2018;rd;14802022;Örgryte-Härlanda, Ånäs;AfS;AFS;5;0.43
2018;rd;14802022;Örgryte-Härlanda, Ånäs;BASIP;BASIP;1;0.09
2018;rd;14802022;Örgryte-Härlanda, Ånäs;DD;DD;0;0.00
2018;rd;14802022;Örgryte-Härlanda, Ånäs;DjuP;DJUP;0;0.00
2018;rd;14802022;Örgryte-Härlanda, Ånäs;EAP;EAP;0;0.00
2018;rd;14802022;Örgryte-Härlanda, Ånäs;ENH;ENH;0;0.00
2018;rd;14802022;Örgryte-Härlanda, Ånäs;INI;INI;0;0.00
2018;rd;14802022;Örgryte-Härlanda, Ånäs;KLP;KLP;0;0.00
2018;rd;14802022;Örgryte-Härlanda, Ånäs;KrVP;KRVP;1;0.09
2018;rd;14802022;Örgryte-Härlanda, Ånäs;LPo;LPO;0;0.00
2018;rd;14802022;Örgryte-Härlanda, Ånäs;MED;MED;8;0.69
2018;rd;14802022;Örgryte-Härlanda, Ånäs;NMR;NMR;1;0.09
2018;rd;14802022;Örgryte-Härlanda, Ånäs;NYREF;NYREF;0;0.00
2018;rd;14802022;Örgryte-Härlanda, Ånäs;PP;PP;0;0.00
2018;rd;14802022;Örgryte-Härlanda, Ånäs;SKP;SKP;0;0.00
2018;rd;14802022;Örgryte-Härlanda, Ånäs;TRP;TRP;0;0.00
2018;rd;14802022;Örgryte-Härlanda, Ånäs;ÖVR;ÖVR;0;0.00
2018;rd;14802031;Örgryte-Härlanda, Strömmensberg, V;M;M;180;16.51
2018;rd;14802031;Örgryte-Härlanda, Strömmensberg, V;C;C;94;8.62
2018;rd;14802031;Örgryte-Härlanda, Strömmensberg, V;L;L;67;6.15
2018;rd;14802031;Örgryte-Härlanda, Strömmensberg, V;KD;KD;42;3.85
2018;rd;14802031;Örgryte-Härlanda, Strömmensberg, V;S;S;280;25.69
2018;rd;14802031;Örgryte-Härlanda, Strömmensberg, V;V;V;182;16.70
2018;rd;14802031;Örgryte-Härlanda, Strömmensberg, V;MP;MP;86;7.89
2018;rd;14802031;Örgryte-Härlanda, Strömmensberg, V;SD;SD;121;11.10
2018;rd;14802031;Örgryte-Härlanda, Strömmensberg, V;FI;FI;18;1.65
2018;rd;14802031;Örgryte-Härlanda, Strömmensberg, V;AfS;AFS;1;0.09
2018;rd;14802031;Örgryte-Härlanda, Strömmensberg, V;BASIP;BASIP;1;0.09
2018;rd;14802031;Örgryte-Härlanda, Strömmensberg, V;DD;DD;1;0.09
2018;rd;14802031;Örgryte-Härlanda, Strömmensberg, V;DjuP;DJUP;1;0.09
2018;rd;14802031;Örgryte-Härlanda, Strömmensberg, V;EAP;EAP;0;0.00
2018;rd;14802031;Örgryte-Härlanda, Strömmensberg, V;ENH;ENH;2;0.18
2018;rd;14802031;Örgryte-Härlanda, Strömmensberg, V;INI;INI;0;0.00
2018;rd;14802031;Örgryte-Härlanda, Strömmensberg, V;KLP;KLP;1;0.09
2018;rd;14802031;Örgryte-Härlanda, Strömmensberg, V;KrVP;KRVP;2;0.18
2018;rd;14802031;Örgryte-Härlanda, Strömmensberg, V;LPo;LPO;0;0.00
2018;rd;14802031;Örgryte-Härlanda, Strömmensberg, V;MED;MED;5;0.46
2018;rd;14802031;Örgryte-Härlanda, Strömmensberg, V;NMR;NMR;0;0.00
2018;rd;14802031;Örgryte-Härlanda, Strömmensberg, V;NYREF;NYREF;0;0.00
2018;rd;14802031;Örgryte-Härlanda, Strömmensberg, V;PP;PP;5;0.46
2018;rd;14802031;Örgryte-Härlanda, Strömmensberg, V;SKP;SKP;0;0.00
2018;rd;14802031;Örgryte-Härlanda, Strömmensberg, V;TRP;TRP;0;0.00
2018;rd;14802031;Örgryte-Härlanda, Strömmensberg, V;ÖVR;ÖVR;1;0.09
2018;rd;14802032;Örgryte-Härlanda, Strömmensberg, Ö;M;M;213;18.21
2018;rd;14802032;Örgryte-Härlanda, Strömmensberg, Ö;C;C;112;9.57
2018;rd;14802032;Örgryte-Härlanda, Strömmensberg, Ö;L;L;101;8.63
2018;rd;14802032;Örgryte-Härlanda, Strömmensberg, Ö;KD;KD;64;5.47
2018;rd;14802032;Örgryte-Härlanda, Strömmensberg, Ö;S;S;241;20.60
2018;rd;14802032;Örgryte-Härlanda, Strömmensberg, Ö;V;V;186;15.90
2018;rd;14802032;Örgryte-Härlanda, Strömmensberg, Ö;MP;MP;105;8.97
2018;rd;14802032;Örgryte-Härlanda, Strömmensberg, Ö;SD;SD;115;9.83
2018;rd;14802032;Örgryte-Härlanda, Strömmensberg, Ö;FI;FI;19;1.62
2018;rd;14802032;Örgryte-Härlanda, Strömmensberg, Ö;AfS;AFS;6;0.51
2018;rd;14802032;Örgryte-Härlanda, Strömmensberg, Ö;BASIP;BASIP;0;0.00
2018;rd;14802032;Örgryte-Härlanda, Strömmensberg, Ö;DD;DD;1;0.09
2018;rd;14802032;Örgryte-Härlanda, Strömmensberg, Ö;DjuP;DJUP;2;0.17
2018;rd;14802032;Örgryte-Härlanda, Strömmensberg, Ö;EAP;EAP;0;0.00
2018;rd;14802032;Örgryte-Härlanda, Strömmensberg, Ö;ENH;ENH;0;0.00
2018;rd;14802032;Örgryte-Härlanda, Strömmensberg, Ö;INI;INI;0;0.00
2018;rd;14802032;Örgryte-Härlanda, Strömmensberg, Ö;KLP;KLP;0;0.00
2018;rd;14802032;Örgryte-Härlanda, Strömmensberg, Ö;KrVP;KRVP;1;0.09
2018;rd;14802032;Örgryte-Härlanda, Strömmensberg, Ö;LPo;LPO;0;0.00
2018;rd;14802032;Örgryte-Härlanda, Strömmensberg, Ö;MED;MED;3;0.26
2018;rd;14802032;Örgryte-Härlanda, Strömmensberg, Ö;NMR;NMR;0;0.00
2018;rd;14802032;Örgryte-Härlanda, Strömmensberg, Ö;NYREF;NYREF;0;0.00
2018;rd;14802032;Örgryte-Härlanda, Strömmensberg, Ö;PP;PP;1;0.09
2018;rd;14802032;Örgryte-Härlanda, Strömmensberg, Ö;SKP;SKP;0;0.00
2018;rd;14802032;Örgryte-Härlanda, Strömmensberg, Ö;TRP;TRP;0;0.00
2018;rd;14802032;Örgryte-Härlanda, Strömmensberg, Ö;ÖVR;ÖVR;0;0.00
2018;rd;14802041;Örgryte-Härlanda, Kallebäck, Norra;M;M;134;16.88
2018;rd;14802041;Örgryte-Härlanda, Kallebäck, Norra;C;C;54;6.80
2018;rd;14802041;Örgryte-Härlanda, Kallebäck, Norra;L;L;57;7.18
2018;rd;14802041;Örgryte-Härlanda, Kallebäck, Norra;KD;KD;38;4.79
2018;rd;14802041;Örgryte-Härlanda, Kallebäck, Norra;S;S;169;21.28
2018;rd;14802041;Örgryte-Härlanda, Kallebäck, Norra;V;V;123;15.49
2018;rd;14802041;Örgryte-Härlanda, Kallebäck, Norra;MP;MP;53;6.68
2018;rd;14802041;Örgryte-Härlanda, Kallebäck, Norra;SD;SD;144;18.14
2018;rd;14802041;Örgryte-Härlanda, Kallebäck, Norra;FI;FI;8;1.01
2018;rd;14802041;Örgryte-Härlanda, Kallebäck, Norra;AfS;AFS;3;0.38
2018;rd;14802041;Örgryte-Härlanda, Kallebäck, Norra;BASIP;BASIP;0;0.00
2018;rd;14802041;Örgryte-Härlanda, Kallebäck, Norra;DD;DD;0;0.00
2018;rd;14802041;Örgryte-Härlanda, Kallebäck, Norra;DjuP;DJUP;1;0.13
2018;rd;14802041;Örgryte-Härlanda, Kallebäck, Norra;EAP;EAP;0;0.00
2018;rd;14802041;Örgryte-Härlanda, Kallebäck, Norra;ENH;ENH;0;0.00
2018;rd;14802041;Örgryte-Härlanda, Kallebäck, Norra;INI;INI;0;0.00
2018;rd;14802041;Örgryte-Härlanda, Kallebäck, Norra;KLP;KLP;0;0.00
2018;rd;14802041;Örgryte-Härlanda, Kallebäck, Norra;KrVP;KRVP;2;0.25
2018;rd;14802041;Örgryte-Härlanda, Kallebäck, Norra;LPo;LPO;0;0.00
2018;rd;14802041;Örgryte-Härlanda, Kallebäck, Norra;MED;MED;2;0.25
2018;rd;14802041;Örgryte-Härlanda, Kallebäck, Norra;NMR;NMR;3;0.38
2018;rd;14802041;Örgryte-Härlanda, Kallebäck, Norra;NYREF;NYREF;0;0.00
2018;rd;14802041;Örgryte-Härlanda, Kallebäck, Norra;PP;PP;3;0.38
2018;rd;14802041;Örgryte-Härlanda, Kallebäck, Norra;SKP;SKP;0;0.00
2018;rd;14802041;Örgryte-Härlanda, Kallebäck, Norra;TRP;TRP;0;0.00
2018;rd;14802041;Örgryte-Härlanda, Kallebäck, Norra;ÖVR;ÖVR;0;0.00
2018;rd;14802042;Örgryte-Härlanda, Kallebäck, Västra;M;M;111;17.24
2018;rd;14802042;Örgryte-Härlanda, Kallebäck, Västra;C;C;51;7.92
2018;rd;14802042;Örgryte-Härlanda, Kallebäck, Västra;L;L;51;7.92
2018;rd;14802042;Örgryte-Härlanda, Kallebäck, Västra;KD;KD;37;5.75
2018;rd;14802042;Örgryte-Härlanda, Kallebäck, Västra;S;S;149;23.14
2018;rd;14802042;Örgryte-Härlanda, Kallebäck, Västra;V;V;91;14.13
2018;rd;14802042;Örgryte-Härlanda, Kallebäck, Västra;MP;MP;41;6.37
2018;rd;14802042;Örgryte-Härlanda, Kallebäck, Västra;SD;SD;98;15.22
2018;rd;14802042;Örgryte-Härlanda, Kallebäck, Västra;FI;FI;8;1.24
2018;rd;14802042;Örgryte-Härlanda, Kallebäck, Västra;AfS;AFS;2;0.31
2018;rd;14802042;Örgryte-Härlanda, Kallebäck, Västra;BASIP;BASIP;0;0.00
2018;rd;14802042;Örgryte-Härlanda, Kallebäck, Västra;DD;DD;2;0.31
2018;rd;14802042;Örgryte-Härlanda, Kallebäck, Västra;DjuP;DJUP;0;0.00
2018;rd;14802042;Örgryte-Härlanda, Kallebäck, Västra;EAP;EAP;0;0.00
2018;rd;14802042;Örgryte-Härlanda, Kallebäck, Västra;ENH;ENH;0;0.00
2018;rd;14802042;Örgryte-Härlanda, Kallebäck, Västra;INI;INI;0;0.00
2018;rd;14802042;Örgryte-Härlanda, Kallebäck, Västra;KLP;KLP;0;0.00
2018;rd;14802042;Örgryte-Härlanda, Kallebäck, Västra;KrVP;KRVP;0;0.00
2018;rd;14802042;Örgryte-Härlanda, Kallebäck, Västra;LPo;LPO;0;0.00
2018;rd;14802042;Örgryte-Härlanda, Kallebäck, Västra;MED;MED;2;0.31
2018;rd;14802042;Örgryte-Härlanda, Kallebäck, Västra;NMR;NMR;0;0.00
2018;rd;14802042;Örgryte-Härlanda, Kallebäck, Västra;NYREF;NYREF;0;0.00
2018;rd;14802042;Örgryte-Härlanda, Kallebäck, Västra;PP;PP;0;0.00
2018;rd;14802042;Örgryte-Härlanda, Kallebäck, Västra;SKP;SKP;1;0.16
2018;rd;14802042;Örgryte-Härlanda, Kallebäck, Västra;TRP;TRP;0;0.00
2018;rd;14802042;Örgryte-Härlanda, Kallebäck, Västra;ÖVR;ÖVR;0;0.00
2018;rd;14802043;Örgryte-Härlanda, Kallebäck, Östra;M;M;196;22.10
2018;rd;14802043;Örgryte-Härlanda, Kallebäck, Östra;C;C;87;9.81
2018;rd;14802043;Örgryte-Härlanda, Kallebäck, Östra;L;L;66;7.44
2018;rd;14802043;Örgryte-Härlanda, Kallebäck, Östra;KD;KD;56;6.31
2018;rd;14802043;Örgryte-Härlanda, Kallebäck, Östra;S;S;185;20.86
2018;rd;14802043;Örgryte-Härlanda, Kallebäck, Östra;V;V;94;10.60
2018;rd;14802043;Örgryte-Härlanda, Kallebäck, Östra;MP;MP;63;7.10
2018;rd;14802043;Örgryte-Härlanda, Kallebäck, Östra;SD;SD;131;14.77
2018;rd;14802043;Örgryte-Härlanda, Kallebäck, Östra;FI;FI;2;0.23
2018;rd;14802043;Örgryte-Härlanda, Kallebäck, Östra;AfS;AFS;1;0.11
2018;rd;14802043;Örgryte-Härlanda, Kallebäck, Östra;BASIP;BASIP;0;0.00
2018;rd;14802043;Örgryte-Härlanda, Kallebäck, Östra;DD;DD;3;0.34
2018;rd;14802043;Örgryte-Härlanda, Kallebäck, Östra;DjuP;DJUP;0;0.00
2018;rd;14802043;Örgryte-Härlanda, Kallebäck, Östra;EAP;EAP;0;0.00
2018;rd;14802043;Örgryte-Härlanda, Kallebäck, Östra;ENH;ENH;0;0.00
2018;rd;14802043;Örgryte-Härlanda, Kallebäck, Östra;INI;INI;0;0.00
2018;rd;14802043;Örgryte-Härlanda, Kallebäck, Östra;KLP;KLP;0;0.00
2018;rd;14802043;Örgryte-Härlanda, Kallebäck, Östra;KrVP;KRVP;0;0.00
2018;rd;14802043;Örgryte-Härlanda, Kallebäck, Östra;LPo;LPO;0;0.00
2018;rd;14802043;Örgryte-Härlanda, Kallebäck, Östra;MED;MED;0;0.00
2018;rd;14802043;Örgryte-Härlanda, Kallebäck, Östra;NMR;NMR;0;0.00
2018;rd;14802043;Örgryte-Härlanda, Kallebäck, Östra;NYREF;NYREF;0;0.00
2018;rd;14802043;Örgryte-Härlanda, Kallebäck, Östra;PP;PP;2;0.23
2018;rd;14802043;Örgryte-Härlanda, Kallebäck, Östra;SKP;SKP;1;0.11
2018;rd;14802043;Örgryte-Härlanda, Kallebäck, Östra;TRP;TRP;0;0.00
2018;rd;14802043;Örgryte-Härlanda, Kallebäck, Östra;ÖVR;ÖVR;0;0.00
2018;rd;14802051;Örgryte-Härlanda, Jakobsdal;M;M;345;28.51
2018;rd;14802051;Örgryte-Härlanda, Jakobsdal;C;C;123;10.17
2018;rd;14802051;Örgryte-Härlanda, Jakobsdal;L;L;153;12.64
2018;rd;14802051;Örgryte-Härlanda, Jakobsdal;KD;KD;91;7.52
2018;rd;14802051;Örgryte-Härlanda, Jakobsdal;S;S;149;12.31
2018;rd;14802051;Örgryte-Härlanda, Jakobsdal;V;V;96;7.93
2018;rd;14802051;Örgryte-Härlanda, Jakobsdal;MP;MP;74;6.12
2018;rd;14802051;Örgryte-Härlanda, Jakobsdal;SD;SD;149;12.31
2018;rd;14802051;Örgryte-Härlanda, Jakobsdal;FI;FI;11;0.91
2018;rd;14802051;Örgryte-Härlanda, Jakobsdal;AfS;AFS;4;0.33
2018;rd;14802051;Örgryte-Härlanda, Jakobsdal;BASIP;BASIP;0;0.00
2018;rd;14802051;Örgryte-Härlanda, Jakobsdal;DD;DD;1;0.08
2018;rd;14802051;Örgryte-Härlanda, Jakobsdal;DjuP;DJUP;2;0.17
2018;rd;14802051;Örgryte-Härlanda, Jakobsdal;EAP;EAP;0;0.00
2018;rd;14802051;Örgryte-Härlanda, Jakobsdal;ENH;ENH;3;0.25
2018;rd;14802051;Örgryte-Härlanda, Jakobsdal;INI;INI;0;0.00
2018;rd;14802051;Örgryte-Härlanda, Jakobsdal;KLP;KLP;1;0.08
2018;rd;14802051;Örgryte-Härlanda, Jakobsdal;KrVP;KRVP;0;0.00
2018;rd;14802051;Örgryte-Härlanda, Jakobsdal;LPo;LPO;0;0.00
2018;rd;14802051;Örgryte-Härlanda, Jakobsdal;MED;MED;6;0.50
2018;rd;14802051;Örgryte-Härlanda, Jakobsdal;NMR;NMR;0;0.00
2018;rd;14802051;Örgryte-Härlanda, Jakobsdal;NYREF;NYREF;0;0.00
2018;rd;14802051;Örgryte-Härlanda, Jakobsdal;PP;PP;2;0.17
2018;rd;14802051;Örgryte-Härlanda, Jakobsdal;SKP;SKP;0;0.00
2018;rd;14802051;Örgryte-Härlanda, Jakobsdal;TRP;TRP;0;0.00
2018;rd;14802051;Örgryte-Härlanda, Jakobsdal;ÖVR;ÖVR;0;0.00
2018;rd;14802052;Örgryte-Härlanda, Skår, Norra;M;M;397;40.93
2018;rd;14802052;Örgryte-Härlanda, Skår, Norra;C;C;94;9.69
2018;rd;14802052;Örgryte-Härlanda, Skår, Norra;L;L;132;13.61
2018;rd;14802052;Örgryte-Härlanda, Skår, Norra;KD;KD;92;9.48
2018;rd;14802052;Örgryte-Härlanda, Skår, Norra;S;S;54;5.57
2018;rd;14802052;Örgryte-Härlanda, Skår, Norra;V;V;47;4.85
2018;rd;14802052;Örgryte-Härlanda, Skår, Norra;MP;MP;54;5.57
2018;rd;14802052;Örgryte-Härlanda, Skår, Norra;SD;SD;88;9.07
2018;rd;14802052;Örgryte-Härlanda, Skår, Norra;FI;FI;3;0.31
2018;rd;14802052;Örgryte-Härlanda, Skår, Norra;AfS;AFS;5;0.52
2018;rd;14802052;Örgryte-Härlanda, Skår, Norra;BASIP;BASIP;1;0.10
2018;rd;14802052;Örgryte-Härlanda, Skår, Norra;DD;DD;0;0.00
2018;rd;14802052;Örgryte-Härlanda, Skår, Norra;DjuP;DJUP;0;0.00
2018;rd;14802052;Örgryte-Härlanda, Skår, Norra;EAP;EAP;0;0.00
2018;rd;14802052;Örgryte-Härlanda, Skår, Norra;ENH;ENH;1;0.10
2018;rd;14802052;Örgryte-Härlanda, Skår, Norra;INI;INI;0;0.00
2018;rd;14802052;Örgryte-Härlanda, Skår, Norra;KLP;KLP;0;0.00
2018;rd;14802052;Örgryte-Härlanda, Skår, Norra;KrVP;KRVP;1;0.10
2018;rd;14802052;Örgryte-Härlanda, Skår, Norra;LPo;LPO;0;0.00
2018;rd;14802052;Örgryte-Härlanda, Skår, Norra;MED;MED;1;0.10
2018;rd;14802052;Örgryte-Härlanda, Skår, Norra;NMR;NMR;0;0.00
2018;rd;14802052;Örgryte-Härlanda, Skår, Norra;NYREF;NYREF;0;0.00
2018;rd;14802052;Örgryte-Härlanda, Skår, Norra;PP;PP;0;0.00
2018;rd;14802052;Örgryte-Härlanda, Skår, Norra;SKP;SKP;0;0.00
2018;rd;14802052;Örgryte-Härlanda, Skår, Norra;TRP;TRP;0;0.00
2018;rd;14802052;Örgryte-Härlanda, Skår, Norra;ÖVR;ÖVR;0;0.00
2018;rd;14802053;Örgryte-Härlanda, Skår, Södra;M;M;433;39.54
2018;rd;14802053;Örgryte-Härlanda, Skår, Södra;C;C;129;11.78
2018;rd;14802053;Örgryte-Härlanda, Skår, Södra;L;L;138;12.60
2018;rd;14802053;Örgryte-Härlanda, Skår, Södra;KD;KD;76;6.94
2018;rd;14802053;Örgryte-Härlanda, Skår, Södra;S;S;89;8.13
2018;rd;14802053;Örgryte-Härlanda, Skår, Södra;V;V;44;4.02
2018;rd;14802053;Örgryte-Härlanda, Skår, Södra;MP;MP;67;6.12
2018;rd;14802053;Örgryte-Härlanda, Skår, Södra;SD;SD;103;9.41
2018;rd;14802053;Örgryte-Härlanda, Skår, Södra;FI;FI;5;0.46
2018;rd;14802053;Örgryte-Härlanda, Skår, Södra;AfS;AFS;1;0.09
2018;rd;14802053;Örgryte-Härlanda, Skår, Södra;BASIP;BASIP;0;0.00
2018;rd;14802053;Örgryte-Härlanda, Skår, Södra;DD;DD;2;0.18
2018;rd;14802053;Örgryte-Härlanda, Skår, Södra;DjuP;DJUP;1;0.09
2018;rd;14802053;Örgryte-Härlanda, Skår, Södra;EAP;EAP;0;0.00
2018;rd;14802053;Örgryte-Härlanda, Skår, Södra;ENH;ENH;0;0.00
2018;rd;14802053;Örgryte-Härlanda, Skår, Södra;INI;INI;0;0.00
2018;rd;14802053;Örgryte-Härlanda, Skår, Södra;KLP;KLP;0;0.00
2018;rd;14802053;Örgryte-Härlanda, Skår, Södra;KrVP;KRVP;1;0.09
2018;rd;14802053;Örgryte-Härlanda, Skår, Södra;LPo;LPO;0;0.00
2018;rd;14802053;Örgryte-Härlanda, Skår, Södra;MED;MED;3;0.27
2018;rd;14802053;Örgryte-Härlanda, Skår, Södra;NMR;NMR;1;0.09
2018;rd;14802053;Örgryte-Härlanda, Skår, Södra;NYREF;NYREF;0;0.00
2018;rd;14802053;Örgryte-Härlanda, Skår, Södra;PP;PP;2;0.18
2018;rd;14802053;Örgryte-Härlanda, Skår, Södra;SKP;SKP;0;0.00
2018;rd;14802053;Örgryte-Härlanda, Skår, Södra;TRP;TRP;0;0.00
2018;rd;14802053;Örgryte-Härlanda, Skår, Södra;ÖVR;ÖVR;0;0.00
2018;rd;14802061;Örgryte-Härlanda, Bö;M;M;254;29.40
2018;rd;14802061;Örgryte-Härlanda, Bö;C;C;85;9.84
2018;rd;14802061;Örgryte-Härlanda, Bö;L;L;88;10.19
2018;rd;14802061;Örgryte-Härlanda, Bö;KD;KD;67;7.75
2018;rd;14802061;Örgryte-Härlanda, Bö;S;S;137;15.86
2018;rd;14802061;Örgryte-Härlanda, Bö;V;V;62;7.18
2018;rd;14802061;Örgryte-Härlanda, Bö;MP;MP;77;8.91
2018;rd;14802061;Örgryte-Härlanda, Bö;SD;SD;77;8.91
2018;rd;14802061;Örgryte-Härlanda, Bö;FI;FI;6;0.69
2018;rd;14802061;Örgryte-Härlanda, Bö;AfS;AFS;1;0.12
2018;rd;14802061;Örgryte-Härlanda, Bö;BASIP;BASIP;0;0.00
2018;rd;14802061;Örgryte-Härlanda, Bö;DD;DD;1;0.12
2018;rd;14802061;Örgryte-Härlanda, Bö;DjuP;DJUP;1;0.12
2018;rd;14802061;Örgryte-Härlanda, Bö;EAP;EAP;0;0.00
2018;rd;14802061;Örgryte-Härlanda, Bö;ENH;ENH;1;0.12
2018;rd;14802061;Örgryte-Härlanda, Bö;INI;INI;0;0.00
2018;rd;14802061;Örgryte-Härlanda, Bö;KLP;KLP;1;0.12
2018;rd;14802061;Örgryte-Härlanda, Bö;KrVP;KRVP;0;0.00
2018;rd;14802061;Örgryte-Härlanda, Bö;LPo;LPO;0;0.00
2018;rd;14802061;Örgryte-Härlanda, Bö;MED;MED;4;0.46
2018;rd;14802061;Örgryte-Härlanda, Bö;NMR;NMR;0;0.00
2018;rd;14802061;Örgryte-Härlanda, Bö;NYREF;NYREF;0;0.00
2018;rd;14802061;Örgryte-Härlanda, Bö;PP;PP;2;0.23
2018;rd;14802061;Örgryte-Härlanda, Bö;SKP;SKP;0;0.00
2018;rd;14802061;Örgryte-Härlanda, Bö;TRP;TRP;0;0.00
2018;rd;14802061;Örgryte-Härlanda, Bö;ÖVR;ÖVR;0;0.00
2018;rd;14802062;Örgryte-Härlanda, Örgryte;M;M;311;37.79
2018;rd;14802062;Örgryte-Härlanda, Örgryte;C;C;84;10.21
2018;rd;14802062;Örgryte-Härlanda, Örgryte;L;L;115;13.97
2018;rd;14802062;Örgryte-Härlanda, Örgryte;KD;KD;68;8.26
2018;rd;14802062;Örgryte-Härlanda, Örgryte;S;S;68;8.26
2018;rd;14802062;Örgryte-Härlanda, Örgryte;V;V;46;5.59
2018;rd;14802062;Örgryte-Härlanda, Örgryte;MP;MP;32;3.89
2018;rd;14802062;Örgryte-Härlanda, Örgryte;SD;SD;87;10.57
2018;rd;14802062;Örgryte-Härlanda, Örgryte;FI;FI;1;0.12
2018;rd;14802062;Örgryte-Härlanda, Örgryte;AfS;AFS;3;0.36
2018;rd;14802062;Örgryte-Härlanda, Örgryte;BASIP;BASIP;0;0.00
2018;rd;14802062;Örgryte-Härlanda, Örgryte;DD;DD;2;0.24
2018;rd;14802062;Örgryte-Härlanda, Örgryte;DjuP;DJUP;0;0.00
2018;rd;14802062;Örgryte-Härlanda, Örgryte;EAP;EAP;0;0.00
2018;rd;14802062;Örgryte-Härlanda, Örgryte;ENH;ENH;2;0.24
2018;rd;14802062;Örgryte-Härlanda, Örgryte;INI;INI;0;0.00
2018;rd;14802062;Örgryte-Härlanda, Örgryte;KLP;KLP;0;0.00
2018;rd;14802062;Örgryte-Härlanda, Örgryte;KrVP;KRVP;0;0.00
2018;rd;14802062;Örgryte-Härlanda, Örgryte;LPo;LPO;0;0.00
2018;rd;14802062;Örgryte-Härlanda, Örgryte;MED;MED;3;0.36
2018;rd;14802062;Örgryte-Härlanda, Örgryte;NMR;NMR;0;0.00
2018;rd;14802062;Örgryte-Härlanda, Örgryte;NYREF;NYREF;0;0.00
2018;rd;14802062;Örgryte-Härlanda, Örgryte;PP;PP;1;0.12
2018;rd;14802062;Örgryte-Härlanda, Örgryte;SKP;SKP;0;0.00
2018;rd;14802062;Örgryte-Härlanda, Örgryte;TRP;TRP;0;0.00
2018;rd;14802062;Örgryte-Härlanda, Örgryte;ÖVR;ÖVR;0;0.00
2018;rd;14802071;Örgryte-Härlanda, Stora Torp;M;M;254;28.60
2018;rd;14802071;Örgryte-Härlanda, Stora Torp;C;C;102;11.49
2018;rd;14802071;Örgryte-Härlanda, Stora Torp;L;L;114;12.84
2018;rd;14802071;Örgryte-Härlanda, Stora Torp;KD;KD;58;6.53
2018;rd;14802071;Örgryte-Härlanda, Stora Torp;S;S;135;15.20
2018;rd;14802071;Örgryte-Härlanda, Stora Torp;V;V;57;6.42
2018;rd;14802071;Örgryte-Härlanda, Stora Torp;MP;MP;64;7.21
2018;rd;14802071;Örgryte-Härlanda, Stora Torp;SD;SD;90;10.14
2018;rd;14802071;Örgryte-Härlanda, Stora Torp;FI;FI;6;0.68
2018;rd;14802071;Örgryte-Härlanda, Stora Torp;AfS;AFS;2;0.23
2018;rd;14802071;Örgryte-Härlanda, Stora Torp;BASIP;BASIP;0;0.00
2018;rd;14802071;Örgryte-Härlanda, Stora Torp;DD;DD;0;0.00
2018;rd;14802071;Örgryte-Härlanda, Stora Torp;DjuP;DJUP;1;0.11
2018;rd;14802071;Örgryte-Härlanda, Stora Torp;EAP;EAP;0;0.00
2018;rd;14802071;Örgryte-Härlanda, Stora Torp;ENH;ENH;0;0.00
2018;rd;14802071;Örgryte-Härlanda, Stora Torp;INI;INI;0;0.00
2018;rd;14802071;Örgryte-Härlanda, Stora Torp;KLP;KLP;0;0.00
2018;rd;14802071;Örgryte-Härlanda, Stora Torp;KrVP;KRVP;0;0.00
2018;rd;14802071;Örgryte-Härlanda, Stora Torp;LPo;LPO;0;0.00
2018;rd;14802071;Örgryte-Härlanda, Stora Torp;MED;MED;5;0.56
2018;rd;14802071;Örgryte-Härlanda, Stora Torp;NMR;NMR;0;0.00
2018;rd;14802071;Örgryte-Härlanda, Stora Torp;NYREF;NYREF;0;0.00
2018;rd;14802071;Örgryte-Härlanda, Stora Torp;PP;PP;0;0.00
2018;rd;14802071;Örgryte-Härlanda, Stora Torp;SKP;SKP;0;0.00
2018;rd;14802071;Örgryte-Härlanda, Stora Torp;TRP;TRP;0;0.00
2018;rd;14802071;Örgryte-Härlanda, Stora Torp;ÖVR;ÖVR;0;0.00
2018;rd;14802072;Örgryte-Härlanda, Lilla Torp;M;M;351;25.49
2018;rd;14802072;Örgryte-Härlanda, Lilla Torp;C;C;167;12.13
2018;rd;14802072;Örgryte-Härlanda, Lilla Torp;L;L;133;9.66
2018;rd;14802072;Örgryte-Härlanda, Lilla Torp;KD;KD;106;7.70
2018;rd;14802072;Örgryte-Härlanda, Lilla Torp;S;S;212;15.40
2018;rd;14802072;Örgryte-Härlanda, Lilla Torp;V;V;118;8.57
2018;rd;14802072;Örgryte-Härlanda, Lilla Torp;MP;MP;123;8.93
2018;rd;14802072;Örgryte-Härlanda, Lilla Torp;SD;SD;144;10.46
2018;rd;14802072;Örgryte-Härlanda, Lilla Torp;FI;FI;12;0.87
2018;rd;14802072;Örgryte-Härlanda, Lilla Torp;AfS;AFS;1;0.07
2018;rd;14802072;Örgryte-Härlanda, Lilla Torp;BASIP;BASIP;0;0.00
2018;rd;14802072;Örgryte-Härlanda, Lilla Torp;DD;DD;3;0.22
2018;rd;14802072;Örgryte-Härlanda, Lilla Torp;DjuP;DJUP;1;0.07
2018;rd;14802072;Örgryte-Härlanda, Lilla Torp;EAP;EAP;0;0.00
2018;rd;14802072;Örgryte-Härlanda, Lilla Torp;ENH;ENH;1;0.07
2018;rd;14802072;Örgryte-Härlanda, Lilla Torp;INI;INI;0;0.00
2018;rd;14802072;Örgryte-Härlanda, Lilla Torp;KLP;KLP;0;0.00
2018;rd;14802072;Örgryte-Härlanda, Lilla Torp;KrVP;KRVP;0;0.00
2018;rd;14802072;Örgryte-Härlanda, Lilla Torp;LPo;LPO;0;0.00
2018;rd;14802072;Örgryte-Härlanda, Lilla Torp;MED;MED;4;0.29
2018;rd;14802072;Örgryte-Härlanda, Lilla Torp;NMR;NMR;1;0.07
2018;rd;14802072;Örgryte-Härlanda, Lilla Torp;NYREF;NYREF;0;0.00
2018;rd;14802072;Örgryte-Härlanda, Lilla Torp;PP;PP;0;0.00
2018;rd;14802072;Örgryte-Härlanda, Lilla Torp;SKP;SKP;0;0.00
2018;rd;14802072;Örgryte-Härlanda, Lilla Torp;TRP;TRP;0;0.00
2018;rd;14802072;Örgryte-Härlanda, Lilla Torp;ÖVR;ÖVR;0;0.00
2018;rd;14802081;Örgryte-Härlanda, Danska vägen m fl;M;M;278;26.96
2018;rd;14802081;Örgryte-Härlanda, Danska vägen m fl;C;C;90;8.73
2018;rd;14802081;Örgryte-Härlanda, Danska vägen m fl;L;L;74;7.18
2018;rd;14802081;Örgryte-Härlanda, Danska vägen m fl;KD;KD;39;3.78
2018;rd;14802081;Örgryte-Härlanda, Danska vägen m fl;S;S;193;18.72
2018;rd;14802081;Örgryte-Härlanda, Danska vägen m fl;V;V;112;10.86
2018;rd;14802081;Örgryte-Härlanda, Danska vägen m fl;MP;MP;92;8.92
2018;rd;14802081;Örgryte-Härlanda, Danska vägen m fl;SD;SD;128;12.42
2018;rd;14802081;Örgryte-Härlanda, Danska vägen m fl;FI;FI;10;0.97
2018;rd;14802081;Örgryte-Härlanda, Danska vägen m fl;AfS;AFS;7;0.68
2018;rd;14802081;Örgryte-Härlanda, Danska vägen m fl;BASIP;BASIP;1;0.10
2018;rd;14802081;Örgryte-Härlanda, Danska vägen m fl;DD;DD;0;0.00
2018;rd;14802081;Örgryte-Härlanda, Danska vägen m fl;DjuP;DJUP;1;0.10
2018;rd;14802081;Örgryte-Härlanda, Danska vägen m fl;EAP;EAP;0;0.00
2018;rd;14802081;Örgryte-Härlanda, Danska vägen m fl;ENH;ENH;1;0.10
2018;rd;14802081;Örgryte-Härlanda, Danska vägen m fl;INI;INI;0;0.00
2018;rd;14802081;Örgryte-Härlanda, Danska vägen m fl;KLP;KLP;1;0.10
2018;rd;14802081;Örgryte-Härlanda, Danska vägen m fl;KrVP;KRVP;1;0.10
2018;rd;14802081;Örgryte-Härlanda, Danska vägen m fl;LPo;LPO;0;0.00
2018;rd;14802081;Örgryte-Härlanda, Danska vägen m fl;MED;MED;1;0.10
2018;rd;14802081;Örgryte-Härlanda, Danska vägen m fl;NMR;NMR;0;0.00
2018;rd;14802081;Örgryte-Härlanda, Danska vägen m fl;NYREF;NYREF;0;0.00
2018;rd;14802081;Örgryte-Härlanda, Danska vägen m fl;PP;PP;2;0.19
2018;rd;14802081;Örgryte-Härlanda, Danska vägen m fl;SKP;SKP;0;0.00
2018;rd;14802081;Örgryte-Härlanda, Danska vägen m fl;TRP;TRP;0;0.00
2018;rd;14802081;Örgryte-Härlanda, Danska vägen m fl;ÖVR;ÖVR;0;0.00
2018;rd;14802082;Örgryte-Härlanda, Kärralund, Norra;M;M;208;20.59
2018;rd;14802082;Örgryte-Härlanda, Kärralund, Norra;C;C;95;9.41
2018;rd;14802082;Örgryte-Härlanda, Kärralund, Norra;L;L;97;9.60
2018;rd;14802082;Örgryte-Härlanda, Kärralund, Norra;KD;KD;65;6.44
2018;rd;14802082;Örgryte-Härlanda, Kärralund, Norra;S;S;170;16.83
2018;rd;14802082;Örgryte-Härlanda, Kärralund, Norra;V;V;137;13.56
2018;rd;14802082;Örgryte-Härlanda, Kärralund, Norra;MP;MP;97;9.60
2018;rd;14802082;Örgryte-Härlanda, Kärralund, Norra;SD;SD;123;12.18
2018;rd;14802082;Örgryte-Härlanda, Kärralund, Norra;FI;FI;11;1.09
2018;rd;14802082;Örgryte-Härlanda, Kärralund, Norra;AfS;AFS;0;0.00
2018;rd;14802082;Örgryte-Härlanda, Kärralund, Norra;BASIP;BASIP;0;0.00
2018;rd;14802082;Örgryte-Härlanda, Kärralund, Norra;DD;DD;1;0.10
2018;rd;14802082;Örgryte-Härlanda, Kärralund, Norra;DjuP;DJUP;0;0.00
2018;rd;14802082;Örgryte-Härlanda, Kärralund, Norra;EAP;EAP;0;0.00
2018;rd;14802082;Örgryte-Härlanda, Kärralund, Norra;ENH;ENH;0;0.00
2018;rd;14802082;Örgryte-Härlanda, Kärralund, Norra;INI;INI;0;0.00
2018;rd;14802082;Örgryte-Härlanda, Kärralund, Norra;KLP;KLP;0;0.00
2018;rd;14802082;Örgryte-Härlanda, Kärralund, Norra;KrVP;KRVP;0;0.00
2018;rd;14802082;Örgryte-Härlanda, Kärralund, Norra;LPo;LPO;0;0.00
2018;rd;14802082;Örgryte-Härlanda, Kärralund, Norra;MED;MED;5;0.50
2018;rd;14802082;Örgryte-Härlanda, Kärralund, Norra;NMR;NMR;0;0.00
2018;rd;14802082;Örgryte-Härlanda, Kärralund, Norra;NYREF;NYREF;0;0.00
2018;rd;14802082;Örgryte-Härlanda, Kärralund, Norra;PP;PP;1;0.10
2018;rd;14802082;Örgryte-Härlanda, Kärralund, Norra;SKP;SKP;0;0.00
2018;rd;14802082;Örgryte-Härlanda, Kärralund, Norra;TRP;TRP;0;0.00
2018;rd;14802082;Örgryte-Härlanda, Kärralund, Norra;ÖVR;ÖVR;0;0.00
2018;rd;14802083;Örgryte-Härlanda, Kärralund, Södra;M;M;312;28.39
2018;rd;14802083;Örgryte-Härlanda, Kärralund, Södra;C;C;100;9.10
2018;rd;14802083;Örgryte-Härlanda, Kärralund, Södra;L;L;133;12.10
2018;rd;14802083;Örgryte-Härlanda, Kärralund, Södra;KD;KD;90;8.19
2018;rd;14802083;Örgryte-Härlanda, Kärralund, Södra;S;S;163;14.83
2018;rd;14802083;Örgryte-Härlanda, Kärralund, Södra;V;V;82;7.46
2018;rd;14802083;Örgryte-Härlanda, Kärralund, Södra;MP;MP;78;7.10
2018;rd;14802083;Örgryte-Härlanda, Kärralund, Södra;SD;SD;118;10.74
2018;rd;14802083;Örgryte-Härlanda, Kärralund, Södra;FI;FI;12;1.09
2018;rd;14802083;Örgryte-Härlanda, Kärralund, Södra;AfS;AFS;4;0.36
2018;rd;14802083;Örgryte-Härlanda, Kärralund, Södra;BASIP;BASIP;0;0.00
2018;rd;14802083;Örgryte-Härlanda, Kärralund, Södra;DD;DD;1;0.09
2018;rd;14802083;Örgryte-Härlanda, Kärralund, Södra;DjuP;DJUP;1;0.09
2018;rd;14802083;Örgryte-Härlanda, Kärralund, Södra;EAP;EAP;0;0.00
2018;rd;14802083;Örgryte-Härlanda, Kärralund, Södra;ENH;ENH;0;0.00
2018;rd;14802083;Örgryte-Härlanda, Kärralund, Södra;INI;INI;0;0.00
2018;rd;14802083;Örgryte-Härlanda, Kärralund, Södra;KLP;KLP;0;0.00
2018;rd;14802083;Örgryte-Härlanda, Kärralund, Södra;KrVP;KRVP;0;0.00
2018;rd;14802083;Örgryte-Härlanda, Kärralund, Södra;LPo;LPO;0;0.00
2018;rd;14802083;Örgryte-Härlanda, Kärralund, Södra;MED;MED;0;0.00
2018;rd;14802083;Örgryte-Härlanda, Kärralund, Södra;NMR;NMR;5;0.45
2018;rd;14802083;Örgryte-Härlanda, Kärralund, Södra;NYREF;NYREF;0;0.00
2018;rd;14802083;Örgryte-Härlanda, Kärralund, Södra;PP;PP;0;0.00
2018;rd;14802083;Örgryte-Härlanda, Kärralund, Södra;SKP;SKP;0;0.00
2018;rd;14802083;Örgryte-Härlanda, Kärralund, Södra;TRP;TRP;0;0.00
2018;rd;14802083;Örgryte-Härlanda, Kärralund, Södra;ÖVR;ÖVR;0;0.00
2018;rd;14802084;Örgryte-Härlanda, Lunden, Gamla;M;M;204;19.39
2018;rd;14802084;Örgryte-Härlanda, Lunden, Gamla;C;C;101;9.60
2018;rd;14802084;Örgryte-Härlanda, Lunden, Gamla;L;L;76;7.22
2018;rd;14802084;Örgryte-Härlanda, Lunden, Gamla;KD;KD;46;4.37
2018;rd;14802084;Örgryte-Härlanda, Lunden, Gamla;S;S;228;21.67
2018;rd;14802084;Örgryte-Härlanda, Lunden, Gamla;V;V;139;13.21
2018;rd;14802084;Örgryte-Härlanda, Lunden, Gamla;MP;MP;100;9.51
2018;rd;14802084;Örgryte-Härlanda, Lunden, Gamla;SD;SD;139;13.21
2018;rd;14802084;Örgryte-Härlanda, Lunden, Gamla;FI;FI;10;0.95
2018;rd;14802084;Örgryte-Härlanda, Lunden, Gamla;AfS;AFS;4;0.38
2018;rd;14802084;Örgryte-Härlanda, Lunden, Gamla;BASIP;BASIP;0;0.00
2018;rd;14802084;Örgryte-Härlanda, Lunden, Gamla;DD;DD;0;0.00
2018;rd;14802084;Örgryte-Härlanda, Lunden, Gamla;DjuP;DJUP;1;0.10
2018;rd;14802084;Örgryte-Härlanda, Lunden, Gamla;EAP;EAP;0;0.00
2018;rd;14802084;Örgryte-Härlanda, Lunden, Gamla;ENH;ENH;0;0.00
2018;rd;14802084;Örgryte-Härlanda, Lunden, Gamla;INI;INI;0;0.00
2018;rd;14802084;Örgryte-Härlanda, Lunden, Gamla;KLP;KLP;0;0.00
2018;rd;14802084;Örgryte-Härlanda, Lunden, Gamla;KrVP;KRVP;0;0.00
2018;rd;14802084;Örgryte-Härlanda, Lunden, Gamla;LPo;LPO;0;0.00
2018;rd;14802084;Örgryte-Härlanda, Lunden, Gamla;MED;MED;2;0.19
2018;rd;14802084;Örgryte-Härlanda, Lunden, Gamla;NMR;NMR;1;0.10
2018;rd;14802084;Örgryte-Härlanda, Lunden, Gamla;NYREF;NYREF;0;0.00
2018;rd;14802084;Örgryte-Härlanda, Lunden, Gamla;PP;PP;1;0.10
2018;rd;14802084;Örgryte-Härlanda, Lunden, Gamla;SKP;SKP;0;0.00
2018;rd;14802084;Örgryte-Härlanda, Lunden, Gamla;TRP;TRP;0;0.00
2018;rd;14802084;Örgryte-Härlanda, Lunden, Gamla;ÖVR;ÖVR;0;0.00
2018;rd;14802085;Örgryte-Härlanda, Lunden, Nya;M;M;207;21.27
2018;rd;14802085;Örgryte-Härlanda, Lunden, Nya;C;C;108;11.10
2018;rd;14802085;Örgryte-Härlanda, Lunden, Nya;L;L;80;8.22
2018;rd;14802085;Örgryte-Härlanda, Lunden, Nya;KD;KD;29;2.98
2018;rd;14802085;Örgryte-Härlanda, Lunden, Nya;S;S;172;17.68
2018;rd;14802085;Örgryte-Härlanda, Lunden, Nya;V;V;140;14.39
2018;rd;14802085;Örgryte-Härlanda, Lunden, Nya;MP;MP;109;11.20
2018;rd;14802085;Örgryte-Härlanda, Lunden, Nya;SD;SD;106;10.89
2018;rd;14802085;Örgryte-Härlanda, Lunden, Nya;FI;FI;13;1.34
2018;rd;14802085;Örgryte-Härlanda, Lunden, Nya;AfS;AFS;4;0.41
2018;rd;14802085;Örgryte-Härlanda, Lunden, Nya;BASIP;BASIP;0;0.00
2018;rd;14802085;Örgryte-Härlanda, Lunden, Nya;DD;DD;0;0.00
2018;rd;14802085;Örgryte-Härlanda, Lunden, Nya;DjuP;DJUP;1;0.10
2018;rd;14802085;Örgryte-Härlanda, Lunden, Nya;EAP;EAP;0;0.00
2018;rd;14802085;Örgryte-Härlanda, Lunden, Nya;ENH;ENH;0;0.00
2018;rd;14802085;Örgryte-Härlanda, Lunden, Nya;INI;INI;0;0.00
2018;rd;14802085;Örgryte-Härlanda, Lunden, Nya;KLP;KLP;0;0.00
2018;rd;14802085;Örgryte-Härlanda, Lunden, Nya;KrVP;KRVP;0;0.00
2018;rd;14802085;Örgryte-Härlanda, Lunden, Nya;LPo;LPO;0;0.00
2018;rd;14802085;Örgryte-Härlanda, Lunden, Nya;MED;MED;2;0.21
2018;rd;14802085;Örgryte-Härlanda, Lunden, Nya;NMR;NMR;0;0.00
2018;rd;14802085;Örgryte-Härlanda, Lunden, Nya;NYREF;NYREF;0;0.00
2018;rd;14802085;Örgryte-Härlanda, Lunden, Nya;PP;PP;2;0.21
2018;rd;14802085;Örgryte-Härlanda, Lunden, Nya;SKP;SKP;0;0.00
2018;rd;14802085;Örgryte-Härlanda, Lunden, Nya;TRP;TRP;0;0.00
2018;rd;14802085;Örgryte-Härlanda, Lunden, Nya;ÖVR;ÖVR;0;0.00
2018;rd;14802086;Örgryte-Härlanda, Nobelplatsen;M;M;155;15.80
2018;rd;14802086;Örgryte-Härlanda, Nobelplatsen;C;C;88;8.97
2018;rd;14802086;Örgryte-Härlanda, Nobelplatsen;L;L;73;7.44
2018;rd;14802086;Örgryte-Härlanda, Nobelplatsen;KD;KD;37;3.77
2018;rd;14802086;Örgryte-Härlanda, Nobelplatsen;S;S;215;21.92
2018;rd;14802086;Örgryte-Härlanda, Nobelplatsen;V;V;217;22.12
2018;rd;14802086;Örgryte-Härlanda, Nobelplatsen;MP;MP;78;7.95
2018;rd;14802086;Örgryte-Härlanda, Nobelplatsen;SD;SD;100;10.19
2018;rd;14802086;Örgryte-Härlanda, Nobelplatsen;FI;FI;12;1.22
2018;rd;14802086;Örgryte-Härlanda, Nobelplatsen;AfS;AFS;1;0.10
2018;rd;14802086;Örgryte-Härlanda, Nobelplatsen;BASIP;BASIP;0;0.00
2018;rd;14802086;Örgryte-Härlanda, Nobelplatsen;DD;DD;1;0.10
2018;rd;14802086;Örgryte-Härlanda, Nobelplatsen;DjuP;DJUP;1;0.10
2018;rd;14802086;Örgryte-Härlanda, Nobelplatsen;EAP;EAP;0;0.00
2018;rd;14802086;Örgryte-Härlanda, Nobelplatsen;ENH;ENH;0;0.00
2018;rd;14802086;Örgryte-Härlanda, Nobelplatsen;INI;INI;0;0.00
2018;rd;14802086;Örgryte-Härlanda, Nobelplatsen;KLP;KLP;0;0.00
2018;rd;14802086;Örgryte-Härlanda, Nobelplatsen;KrVP;KRVP;0;0.00
2018;rd;14802086;Örgryte-Härlanda, Nobelplatsen;LPo;LPO;0;0.00
2018;rd;14802086;Örgryte-Härlanda, Nobelplatsen;MED;MED;1;0.10
2018;rd;14802086;Örgryte-Härlanda, Nobelplatsen;NMR;NMR;0;0.00
2018;rd;14802086;Örgryte-Härlanda, Nobelplatsen;NYREF;NYREF;0;0.00
2018;rd;14802086;Örgryte-Härlanda, Nobelplatsen;PP;PP;1;0.10
2018;rd;14802086;Örgryte-Härlanda, Nobelplatsen;SKP;SKP;0;0.00
2018;rd;14802086;Örgryte-Härlanda, Nobelplatsen;TRP;TRP;0;0.00
2018;rd;14802086;Örgryte-Härlanda, Nobelplatsen;ÖVR;ÖVR;1;0.10
2018;rd;14802087;Örgryte-Härlanda, Sankt Pauli;M;M;215;19.23
2018;rd;14802087;Örgryte-Härlanda, Sankt Pauli;C;C;99;8.86
2018;rd;14802087;Örgryte-Härlanda, Sankt Pauli;L;L;79;7.07
2018;rd;14802087;Örgryte-Härlanda, Sankt Pauli;KD;KD;63;5.64
2018;rd;14802087;Örgryte-Härlanda, Sankt Pauli;S;S;206;18.43
2018;rd;14802087;Örgryte-Härlanda, Sankt Pauli;V;V;202;18.07
2018;rd;14802087;Örgryte-Härlanda, Sankt Pauli;MP;MP;95;8.50
2018;rd;14802087;Örgryte-Härlanda, Sankt Pauli;SD;SD;138;12.34
2018;rd;14802087;Örgryte-Härlanda, Sankt Pauli;FI;FI;11;0.98
2018;rd;14802087;Örgryte-Härlanda, Sankt Pauli;AfS;AFS;6;0.54
2018;rd;14802087;Örgryte-Härlanda, Sankt Pauli;BASIP;BASIP;0;0.00
2018;rd;14802087;Örgryte-Härlanda, Sankt Pauli;DD;DD;1;0.09
2018;rd;14802087;Örgryte-Härlanda, Sankt Pauli;DjuP;DJUP;0;0.00
2018;rd;14802087;Örgryte-Härlanda, Sankt Pauli;EAP;EAP;0;0.00
2018;rd;14802087;Örgryte-Härlanda, Sankt Pauli;ENH;ENH;2;0.18
2018;rd;14802087;Örgryte-Härlanda, Sankt Pauli;INI;INI;0;0.00
2018;rd;14802087;Örgryte-Härlanda, Sankt Pauli;KLP;KLP;0;0.00
2018;rd;14802087;Örgryte-Härlanda, Sankt Pauli;KrVP;KRVP;0;0.00
2018;rd;14802087;Örgryte-Härlanda, Sankt Pauli;LPo;LPO;0;0.00
2018;rd;14802087;Örgryte-Härlanda, Sankt Pauli;MED;MED;1;0.09
2018;rd;14802087;Örgryte-Härlanda, Sankt Pauli;NMR;NMR;0;0.00
2018;rd;14802087;Örgryte-Härlanda, Sankt Pauli;NYREF;NYREF;0;0.00
2018;rd;14802087;Örgryte-Härlanda, Sankt Pauli;PP;PP;0;0.00
2018;rd;14802087;Örgryte-Härlanda, Sankt Pauli;SKP;SKP;0;0.00
2018;rd;14802087;Örgryte-Härlanda, Sankt Pauli;TRP;TRP;0;0.00
2018;rd;14802087;Örgryte-Härlanda, Sankt Pauli;ÖVR;ÖVR;0;0.00
2018;rd;14802088;Örgryte-Härlanda, Överås;M;M;190;21.04
2018;rd;14802088;Örgryte-Härlanda, Överås;C;C;60;6.64
2018;rd;14802088;Örgryte-Härlanda, Överås;L;L;86;9.52
2018;rd;14802088;Örgryte-Härlanda, Överås;KD;KD;53;5.87
2018;rd;14802088;Örgryte-Härlanda, Överås;S;S;181;20.04
2018;rd;14802088;Örgryte-Härlanda, Överås;V;V;135;14.95
2018;rd;14802088;Örgryte-Härlanda, Överås;MP;MP;74;8.19
2018;rd;14802088;Örgryte-Härlanda, Överås;SD;SD;111;12.29
2018;rd;14802088;Örgryte-Härlanda, Överås;FI;FI;10;1.11
2018;rd;14802088;Örgryte-Härlanda, Överås;AfS;AFS;0;0.00
2018;rd;14802088;Örgryte-Härlanda, Överås;BASIP;BASIP;0;0.00
2018;rd;14802088;Örgryte-Härlanda, Överås;DD;DD;1;0.11
2018;rd;14802088;Örgryte-Härlanda, Överås;DjuP;DJUP;0;0.00
2018;rd;14802088;Örgryte-Härlanda, Överås;EAP;EAP;0;0.00
2018;rd;14802088;Örgryte-Härlanda, Överås;ENH;ENH;0;0.00
2018;rd;14802088;Örgryte-Härlanda, Överås;INI;INI;0;0.00
2018;rd;14802088;Örgryte-Härlanda, Överås;KLP;KLP;0;0.00
2018;rd;14802088;Örgryte-Härlanda, Överås;KrVP;KRVP;0;0.00
2018;rd;14802088;Örgryte-Härlanda, Överås;LPo;LPO;0;0.00
2018;rd;14802088;Örgryte-Härlanda, Överås;MED;MED;1;0.11
2018;rd;14802088;Örgryte-Härlanda, Överås;NMR;NMR;1;0.11
2018;rd;14802088;Örgryte-Härlanda, Överås;NYREF;NYREF;0;0.00
2018;rd;14802088;Örgryte-Härlanda, Överås;PP;PP;0;0.00
2018;rd;14802088;Örgryte-Härlanda, Överås;SKP;SKP;0;0.00
2018;rd;14802088;Örgryte-Härlanda, Överås;TRP;TRP;0;0.00
2018;rd;14802088;Örgryte-Härlanda, Överås;ÖVR;ÖVR;0;0.00
2018;rd;14802091;Örgryte-Härlanda, Härlanda;M;M;254;22.80
2018;rd;14802091;Örgryte-Härlanda, Härlanda;C;C;131;11.76
2018;rd;14802091;Örgryte-Härlanda, Härlanda;L;L;98;8.80
2018;rd;14802091;Örgryte-Härlanda, Härlanda;KD;KD;65;5.83
2018;rd;14802091;Örgryte-Härlanda, Härlanda;S;S;217;19.48
2018;rd;14802091;Örgryte-Härlanda, Härlanda;V;V;126;11.31
2018;rd;14802091;Örgryte-Härlanda, Härlanda;MP;MP;105;9.43
2018;rd;14802091;Örgryte-Härlanda, Härlanda;SD;SD;99;8.89
2018;rd;14802091;Örgryte-Härlanda, Härlanda;FI;FI;7;0.63
2018;rd;14802091;Örgryte-Härlanda, Härlanda;AfS;AFS;2;0.18
2018;rd;14802091;Örgryte-Härlanda, Härlanda;BASIP;BASIP;0;0.00
2018;rd;14802091;Örgryte-Härlanda, Härlanda;DD;DD;1;0.09
2018;rd;14802091;Örgryte-Härlanda, Härlanda;DjuP;DJUP;0;0.00
2018;rd;14802091;Örgryte-Härlanda, Härlanda;EAP;EAP;0;0.00
2018;rd;14802091;Örgryte-Härlanda, Härlanda;ENH;ENH;1;0.09
2018;rd;14802091;Örgryte-Härlanda, Härlanda;INI;INI;0;0.00
2018;rd;14802091;Örgryte-Härlanda, Härlanda;KLP;KLP;0;0.00
2018;rd;14802091;Örgryte-Härlanda, Härlanda;KrVP;KRVP;0;0.00
2018;rd;14802091;Örgryte-Härlanda, Härlanda;LPo;LPO;0;0.00
2018;rd;14802091;Örgryte-Härlanda, Härlanda;MED;MED;4;0.36
2018;rd;14802091;Örgryte-Härlanda, Härlanda;NMR;NMR;1;0.09
2018;rd;14802091;Örgryte-Härlanda, Härlanda;NYREF;NYREF;0;0.00
2018;rd;14802091;Örgryte-Härlanda, Härlanda;PP;PP;2;0.18
2018;rd;14802091;Örgryte-Härlanda, Härlanda;SKP;SKP;0;0.00
2018;rd;14802091;Örgryte-Härlanda, Härlanda;TRP;TRP;0;0.00
2018;rd;14802091;Örgryte-Härlanda, Härlanda;ÖVR;ÖVR;1;0.09
2018;rd;14802101;Örgryte-Härlanda, Kålltorp, Norra;M;M;176;18.45
2018;rd;14802101;Örgryte-Härlanda, Kålltorp, Norra;C;C;60;6.29
2018;rd;14802101;Örgryte-Härlanda, Kålltorp, Norra;L;L;79;8.28
2018;rd;14802101;Örgryte-Härlanda, Kålltorp, Norra;KD;KD;42;4.40
2018;rd;14802101;Örgryte-Härlanda, Kålltorp, Norra;S;S;205;21.49
2018;rd;14802101;Örgryte-Härlanda, Kålltorp, Norra;V;V;153;16.04
2018;rd;14802101;Örgryte-Härlanda, Kålltorp, Norra;MP;MP;96;10.06
2018;rd;14802101;Örgryte-Härlanda, Kålltorp, Norra;SD;SD;115;12.05
2018;rd;14802101;Örgryte-Härlanda, Kålltorp, Norra;FI;FI;12;1.26
2018;rd;14802101;Örgryte-Härlanda, Kålltorp, Norra;AfS;AFS;5;0.52
2018;rd;14802101;Örgryte-Härlanda, Kålltorp, Norra;BASIP;BASIP;0;0.00
2018;rd;14802101;Örgryte-Härlanda, Kålltorp, Norra;DD;DD;1;0.10
2018;rd;14802101;Örgryte-Härlanda, Kålltorp, Norra;DjuP;DJUP;2;0.21
2018;rd;14802101;Örgryte-Härlanda, Kålltorp, Norra;EAP;EAP;0;0.00
2018;rd;14802101;Örgryte-Härlanda, Kålltorp, Norra;ENH;ENH;0;0.00
2018;rd;14802101;Örgryte-Härlanda, Kålltorp, Norra;INI;INI;0;0.00
2018;rd;14802101;Örgryte-Härlanda, Kålltorp, Norra;KLP;KLP;0;0.00
2018;rd;14802101;Örgryte-Härlanda, Kålltorp, Norra;KrVP;KRVP;0;0.00
2018;rd;14802101;Örgryte-Härlanda, Kålltorp, Norra;LPo;LPO;0;0.00
2018;rd;14802101;Örgryte-Härlanda, Kålltorp, Norra;MED;MED;7;0.73
2018;rd;14802101;Örgryte-Härlanda, Kålltorp, Norra;NMR;NMR;0;0.00
2018;rd;14802101;Örgryte-Härlanda, Kålltorp, Norra;NYREF;NYREF;0;0.00
2018;rd;14802101;Örgryte-Härlanda, Kålltorp, Norra;PP;PP;1;0.10
2018;rd;14802101;Örgryte-Härlanda, Kålltorp, Norra;SKP;SKP;0;0.00
2018;rd;14802101;Örgryte-Härlanda, Kålltorp, Norra;TRP;TRP;0;0.00
2018;rd;14802101;Örgryte-Härlanda, Kålltorp, Norra;ÖVR;ÖVR;0;0.00
2018;rd;14802102;Örgryte-Härlanda, Kålltorp, Södra;M;M;205;19.43
2018;rd;14802102;Örgryte-Härlanda, Kålltorp, Södra;C;C;106;10.05
2018;rd;14802102;Örgryte-Härlanda, Kålltorp, Södra;L;L;100;9.48
2018;rd;14802102;Örgryte-Härlanda, Kålltorp, Södra;KD;KD;42;3.98
2018;rd;14802102;Örgryte-Härlanda, Kålltorp, Södra;S;S;209;19.81
2018;rd;14802102;Örgryte-Härlanda, Kålltorp, Södra;V;V;134;12.70
2018;rd;14802102;Örgryte-Härlanda, Kålltorp, Södra;MP;MP;113;10.71
2018;rd;14802102;Örgryte-Härlanda, Kålltorp, Södra;SD;SD;121;11.47
2018;rd;14802102;Örgryte-Härlanda, Kålltorp, Södra;FI;FI;11;1.04
2018;rd;14802102;Örgryte-Härlanda, Kålltorp, Södra;AfS;AFS;5;0.47
2018;rd;14802102;Örgryte-Härlanda, Kålltorp, Södra;BASIP;BASIP;0;0.00
2018;rd;14802102;Örgryte-Härlanda, Kålltorp, Södra;DD;DD;0;0.00
2018;rd;14802102;Örgryte-Härlanda, Kålltorp, Södra;DjuP;DJUP;2;0.19
2018;rd;14802102;Örgryte-Härlanda, Kålltorp, Södra;EAP;EAP;0;0.00
2018;rd;14802102;Örgryte-Härlanda, Kålltorp, Södra;ENH;ENH;1;0.09
2018;rd;14802102;Örgryte-Härlanda, Kålltorp, Södra;INI;INI;1;0.09
2018;rd;14802102;Örgryte-Härlanda, Kålltorp, Södra;KLP;KLP;1;0.09
2018;rd;14802102;Örgryte-Härlanda, Kålltorp, Södra;KrVP;KRVP;0;0.00
2018;rd;14802102;Örgryte-Härlanda, Kålltorp, Södra;LPo;LPO;0;0.00
2018;rd;14802102;Örgryte-Härlanda, Kålltorp, Södra;MED;MED;4;0.38
2018;rd;14802102;Örgryte-Härlanda, Kålltorp, Södra;NMR;NMR;0;0.00
2018;rd;14802102;Örgryte-Härlanda, Kålltorp, Södra;NYREF;NYREF;0;0.00
2018;rd;14802102;Örgryte-Härlanda, Kålltorp, Södra;PP;PP;0;0.00
2018;rd;14802102;Örgryte-Härlanda, Kålltorp, Södra;SKP;SKP;0;0.00
2018;rd;14802102;Örgryte-Härlanda, Kålltorp, Södra;TRP;TRP;0;0.00
2018;rd;14802102;Örgryte-Härlanda, Kålltorp, Södra;ÖVR;ÖVR;0;0.00
2018;rd;14802103;Örgryte-Härlanda, Kålltorp, Västra;M;M;197;17.37
2018;rd;14802103;Örgryte-Härlanda, Kålltorp, Västra;C;C;112;9.88
2018;rd;14802103;Örgryte-Härlanda, Kålltorp, Västra;L;L;113;9.96
2018;rd;14802103;Örgryte-Härlanda, Kålltorp, Västra;KD;KD;66;5.82
2018;rd;14802103;Örgryte-Härlanda, Kålltorp, Västra;S;S;199;17.55
2018;rd;14802103;Örgryte-Härlanda, Kålltorp, Västra;V;V;183;16.14
2018;rd;14802103;Örgryte-Härlanda, Kålltorp, Västra;MP;MP;104;9.17
2018;rd;14802103;Örgryte-Härlanda, Kålltorp, Västra;SD;SD;130;11.46
2018;rd;14802103;Örgryte-Härlanda, Kålltorp, Västra;FI;FI;16;1.41
2018;rd;14802103;Örgryte-Härlanda, Kålltorp, Västra;AfS;AFS;4;0.35
2018;rd;14802103;Örgryte-Härlanda, Kålltorp, Västra;BASIP;BASIP;1;0.09
2018;rd;14802103;Örgryte-Härlanda, Kålltorp, Västra;DD;DD;0;0.00
2018;rd;14802103;Örgryte-Härlanda, Kålltorp, Västra;DjuP;DJUP;1;0.09
2018;rd;14802103;Örgryte-Härlanda, Kålltorp, Västra;EAP;EAP;0;0.00
2018;rd;14802103;Örgryte-Härlanda, Kålltorp, Västra;ENH;ENH;0;0.00
2018;rd;14802103;Örgryte-Härlanda, Kålltorp, Västra;INI;INI;1;0.09
2018;rd;14802103;Örgryte-Härlanda, Kålltorp, Västra;KLP;KLP;0;0.00
2018;rd;14802103;Örgryte-Härlanda, Kålltorp, Västra;KrVP;KRVP;0;0.00
2018;rd;14802103;Örgryte-Härlanda, Kålltorp, Västra;LPo;LPO;0;0.00
2018;rd;14802103;Örgryte-Härlanda, Kålltorp, Västra;MED;MED;3;0.26
2018;rd;14802103;Örgryte-Härlanda, Kålltorp, Västra;NMR;NMR;0;0.00
2018;rd;14802103;Örgryte-Härlanda, Kålltorp, Västra;NYREF;NYREF;0;0.00
2018;rd;14802103;Örgryte-Härlanda, Kålltorp, Västra;PP;PP;4;0.35
2018;rd;14802103;Örgryte-Härlanda, Kålltorp, Västra;SKP;SKP;0;0.00
2018;rd;14802103;Örgryte-Härlanda, Kålltorp, Västra;TRP;TRP;0;0.00
2018;rd;14802103;Örgryte-Härlanda, Kålltorp, Västra;ÖVR;ÖVR;0;0.00
2018;rd;14802104;Örgryte-Härlanda, Kålltorp, Östra;M;M;145;12.97
2018;rd;14802104;Örgryte-Härlanda, Kålltorp, Östra;C;C;88;7.87
2018;rd;14802104;Örgryte-Härlanda, Kålltorp, Östra;L;L;59;5.28
2018;rd;14802104;Örgryte-Härlanda, Kålltorp, Östra;KD;KD;44;3.94
2018;rd;14802104;Örgryte-Härlanda, Kålltorp, Östra;S;S;240;21.47
2018;rd;14802104;Örgryte-Härlanda, Kålltorp, Östra;V;V;261;23.35
2018;rd;14802104;Örgryte-Härlanda, Kålltorp, Östra;MP;MP;117;10.47
2018;rd;14802104;Örgryte-Härlanda, Kålltorp, Östra;SD;SD;129;11.54
2018;rd;14802104;Örgryte-Härlanda, Kålltorp, Östra;FI;FI;17;1.52
2018;rd;14802104;Örgryte-Härlanda, Kålltorp, Östra;AfS;AFS;8;0.72
2018;rd;14802104;Örgryte-Härlanda, Kålltorp, Östra;BASIP;BASIP;0;0.00
2018;rd;14802104;Örgryte-Härlanda, Kålltorp, Östra;DD;DD;0;0.00
2018;rd;14802104;Örgryte-Härlanda, Kålltorp, Östra;DjuP;DJUP;1;0.09
2018;rd;14802104;Örgryte-Härlanda, Kålltorp, Östra;EAP;EAP;0;0.00
2018;rd;14802104;Örgryte-Härlanda, Kålltorp, Östra;ENH;ENH;2;0.18
2018;rd;14802104;Örgryte-Härlanda, Kålltorp, Östra;INI;INI;1;0.09
2018;rd;14802104;Örgryte-Härlanda, Kålltorp, Östra;KLP;KLP;0;0.00
2018;rd;14802104;Örgryte-Härlanda, Kålltorp, Östra;KrVP;KRVP;0;0.00
2018;rd;14802104;Örgryte-Härlanda, Kålltorp, Östra;LPo;LPO;0;0.00
2018;rd;14802104;Örgryte-Härlanda, Kålltorp, Östra;MED;MED;3;0.27
2018;rd;14802104;Örgryte-Härlanda, Kålltorp, Östra;NMR;NMR;0;0.00
2018;rd;14802104;Örgryte-Härlanda, Kålltorp, Östra;NYREF;NYREF;0;0.00
2018;rd;14802104;Örgryte-Härlanda, Kålltorp, Östra;PP;PP;3;0.27
2018;rd;14802104;Örgryte-Härlanda, Kålltorp, Östra;SKP;SKP;0;0.00
2018;rd;14802104;Örgryte-Härlanda, Kålltorp, Östra;TRP;TRP;0;0.00
2018;rd;14802104;Örgryte-Härlanda, Kålltorp, Östra;ÖVR;ÖVR;0;0.00
2018;rd;14802105;Örgryte-Härlanda, Munkebäck, Norra;M;M;179;19.25
2018;rd;14802105;Örgryte-Härlanda, Munkebäck, Norra;C;C;80;8.60
2018;rd;14802105;Örgryte-Härlanda, Munkebäck, Norra;L;L;56;6.02
2018;rd;14802105;Örgryte-Härlanda, Munkebäck, Norra;KD;KD;36;3.87
2018;rd;14802105;Örgryte-Härlanda, Munkebäck, Norra;S;S;206;22.15
2018;rd;14802105;Örgryte-Härlanda, Munkebäck, Norra;V;V;128;13.76
2018;rd;14802105;Örgryte-Härlanda, Munkebäck, Norra;MP;MP;74;7.96
2018;rd;14802105;Örgryte-Härlanda, Munkebäck, Norra;SD;SD;144;15.48
2018;rd;14802105;Örgryte-Härlanda, Munkebäck, Norra;FI;FI;9;0.97
2018;rd;14802105;Örgryte-Härlanda, Munkebäck, Norra;AfS;AFS;6;0.65
2018;rd;14802105;Örgryte-Härlanda, Munkebäck, Norra;BASIP;BASIP;0;0.00
2018;rd;14802105;Örgryte-Härlanda, Munkebäck, Norra;DD;DD;0;0.00
2018;rd;14802105;Örgryte-Härlanda, Munkebäck, Norra;DjuP;DJUP;1;0.11
2018;rd;14802105;Örgryte-Härlanda, Munkebäck, Norra;EAP;EAP;0;0.00
2018;rd;14802105;Örgryte-Härlanda, Munkebäck, Norra;ENH;ENH;0;0.00
2018;rd;14802105;Örgryte-Härlanda, Munkebäck, Norra;INI;INI;0;0.00
2018;rd;14802105;Örgryte-Härlanda, Munkebäck, Norra;KLP;KLP;0;0.00
2018;rd;14802105;Örgryte-Härlanda, Munkebäck, Norra;KrVP;KRVP;1;0.11
2018;rd;14802105;Örgryte-Härlanda, Munkebäck, Norra;LPo;LPO;0;0.00
2018;rd;14802105;Örgryte-Härlanda, Munkebäck, Norra;MED;MED;2;0.22
2018;rd;14802105;Örgryte-Härlanda, Munkebäck, Norra;NMR;NMR;1;0.11
2018;rd;14802105;Örgryte-Härlanda, Munkebäck, Norra;NYREF;NYREF;0;0.00
2018;rd;14802105;Örgryte-Härlanda, Munkebäck, Norra;PP;PP;5;0.54
2018;rd;14802105;Örgryte-Härlanda, Munkebäck, Norra;SKP;SKP;1;0.11
2018;rd;14802105;Örgryte-Härlanda, Munkebäck, Norra;TRP;TRP;0;0.00
2018;rd;14802105;Örgryte-Härlanda, Munkebäck, Norra;ÖVR;ÖVR;1;0.11
2018;rd;14802106;Örgryte-Härlanda, Munkebäck, Södra;M;M;146;19.06
2018;rd;14802106;Örgryte-Härlanda, Munkebäck, Södra;C;C;59;7.70
2018;rd;14802106;Örgryte-Härlanda, Munkebäck, Södra;L;L;54;7.05
2018;rd;14802106;Örgryte-Härlanda, Munkebäck, Södra;KD;KD;32;4.18
2018;rd;14802106;Örgryte-Härlanda, Munkebäck, Södra;S;S;174;22.72
2018;rd;14802106;Örgryte-Härlanda, Munkebäck, Södra;V;V;128;16.71
2018;rd;14802106;Örgryte-Härlanda, Munkebäck, Södra;MP;MP;52;6.79
2018;rd;14802106;Örgryte-Härlanda, Munkebäck, Södra;SD;SD;99;12.92
2018;rd;14802106;Örgryte-Härlanda, Munkebäck, Södra;FI;FI;7;0.91
2018;rd;14802106;Örgryte-Härlanda, Munkebäck, Södra;AfS;AFS;6;0.78
2018;rd;14802106;Örgryte-Härlanda, Munkebäck, Södra;BASIP;BASIP;0;0.00
2018;rd;14802106;Örgryte-Härlanda, Munkebäck, Södra;DD;DD;1;0.13
2018;rd;14802106;Örgryte-Härlanda, Munkebäck, Södra;DjuP;DJUP;0;0.00
2018;rd;14802106;Örgryte-Härlanda, Munkebäck, Södra;EAP;EAP;0;0.00
2018;rd;14802106;Örgryte-Härlanda, Munkebäck, Södra;ENH;ENH;0;0.00
2018;rd;14802106;Örgryte-Härlanda, Munkebäck, Södra;INI;INI;0;0.00
2018;rd;14802106;Örgryte-Härlanda, Munkebäck, Södra;KLP;KLP;0;0.00
2018;rd;14802106;Örgryte-Härlanda, Munkebäck, Södra;KrVP;KRVP;1;0.13
2018;rd;14802106;Örgryte-Härlanda, Munkebäck, Södra;LPo;LPO;0;0.00
2018;rd;14802106;Örgryte-Härlanda, Munkebäck, Södra;MED;MED;4;0.52
2018;rd;14802106;Örgryte-Härlanda, Munkebäck, Södra;NMR;NMR;0;0.00
2018;rd;14802106;Örgryte-Härlanda, Munkebäck, Södra;NYREF;NYREF;0;0.00
2018;rd;14802106;Örgryte-Härlanda, Munkebäck, Södra;PP;PP;3;0.39
2018;rd;14802106;Örgryte-Härlanda, Munkebäck, Södra;SKP;SKP;0;0.00
2018;rd;14802106;Örgryte-Härlanda, Munkebäck, Södra;TRP;TRP;0;0.00
2018;rd;14802106;Örgryte-Härlanda, Munkebäck, Södra;ÖVR;ÖVR;0;0.00
2018;rd;14802111;Örgryte-Härlanda, Fräntorp;M;M;238;18.99
2018;rd;14802111;Örgryte-Härlanda, Fräntorp;C;C;109;8.70
2018;rd;14802111;Örgryte-Härlanda, Fräntorp;L;L;99;7.90
2018;rd;14802111;Örgryte-Härlanda, Fräntorp;KD;KD;73;5.83
2018;rd;14802111;Örgryte-Härlanda, Fräntorp;S;S;311;24.82
2018;rd;14802111;Örgryte-Härlanda, Fräntorp;V;V;155;12.37
2018;rd;14802111;Örgryte-Härlanda, Fräntorp;MP;MP;62;4.95
2018;rd;14802111;Örgryte-Härlanda, Fräntorp;SD;SD;176;14.05
2018;rd;14802111;Örgryte-Härlanda, Fräntorp;FI;FI;13;1.04
2018;rd;14802111;Örgryte-Härlanda, Fräntorp;AfS;AFS;3;0.24
2018;rd;14802111;Örgryte-Härlanda, Fräntorp;BASIP;BASIP;0;0.00
2018;rd;14802111;Örgryte-Härlanda, Fräntorp;DD;DD;0;0.00
2018;rd;14802111;Örgryte-Härlanda, Fräntorp;DjuP;DJUP;2;0.16
2018;rd;14802111;Örgryte-Härlanda, Fräntorp;EAP;EAP;0;0.00
2018;rd;14802111;Örgryte-Härlanda, Fräntorp;ENH;ENH;1;0.08
2018;rd;14802111;Örgryte-Härlanda, Fräntorp;INI;INI;0;0.00
2018;rd;14802111;Örgryte-Härlanda, Fräntorp;KLP;KLP;0;0.00
2018;rd;14802111;Örgryte-Härlanda, Fräntorp;KrVP;KRVP;2;0.16
2018;rd;14802111;Örgryte-Härlanda, Fräntorp;LPo;LPO;0;0.00
2018;rd;14802111;Örgryte-Härlanda, Fräntorp;MED;MED;4;0.32
2018;rd;14802111;Örgryte-Härlanda, Fräntorp;NMR;NMR;0;0.00
2018;rd;14802111;Örgryte-Härlanda, Fräntorp;NYREF;NYREF;0;0.00
2018;rd;14802111;Örgryte-Härlanda, Fräntorp;PP;PP;3;0.24
2018;rd;14802111;Örgryte-Härlanda, Fräntorp;SKP;SKP;0;0.00
2018;rd;14802111;Örgryte-Härlanda, Fräntorp;TRP;TRP;0;0.00
2018;rd;14802111;Örgryte-Härlanda, Fräntorp;ÖVR;ÖVR;2;0.16
2018;rd;14802112;Örgryte-Härlanda, Torpa;M;M;148;11.72
2018;rd;14802112;Örgryte-Härlanda, Torpa;C;C;83;6.57
2018;rd;14802112;Örgryte-Härlanda, Torpa;L;L;94;7.44
2018;rd;14802112;Örgryte-Härlanda, Torpa;KD;KD;54;4.28
2018;rd;14802112;Örgryte-Härlanda, Torpa;S;S;300;23.75
2018;rd;14802112;Örgryte-Härlanda, Torpa;V;V;240;19.00
2018;rd;14802112;Örgryte-Härlanda, Torpa;MP;MP;97;7.68
2018;rd;14802112;Örgryte-Härlanda, Torpa;SD;SD;209;16.55
2018;rd;14802112;Örgryte-Härlanda, Torpa;FI;FI;16;1.27
2018;rd;14802112;Örgryte-Härlanda, Torpa;AfS;AFS;9;0.71
2018;rd;14802112;Örgryte-Härlanda, Torpa;BASIP;BASIP;1;0.08
2018;rd;14802112;Örgryte-Härlanda, Torpa;DD;DD;1;0.08
2018;rd;14802112;Örgryte-Härlanda, Torpa;DjuP;DJUP;3;0.24
2018;rd;14802112;Örgryte-Härlanda, Torpa;EAP;EAP;0;0.00
2018;rd;14802112;Örgryte-Härlanda, Torpa;ENH;ENH;0;0.00
2018;rd;14802112;Örgryte-Härlanda, Torpa;INI;INI;2;0.16
2018;rd;14802112;Örgryte-Härlanda, Torpa;KLP;KLP;1;0.08
2018;rd;14802112;Örgryte-Härlanda, Torpa;KrVP;KRVP;2;0.16
2018;rd;14802112;Örgryte-Härlanda, Torpa;LPo;LPO;0;0.00
2018;rd;14802112;Örgryte-Härlanda, Torpa;MED;MED;1;0.08
2018;rd;14802112;Örgryte-Härlanda, Torpa;NMR;NMR;1;0.08
2018;rd;14802112;Örgryte-Härlanda, Torpa;NYREF;NYREF;0;0.00
2018;rd;14802112;Örgryte-Härlanda, Torpa;PP;PP;0;0.00
2018;rd;14802112;Örgryte-Härlanda, Torpa;SKP;SKP;1;0.08
2018;rd;14802112;Örgryte-Härlanda, Torpa;TRP;TRP;0;0.00
2018;rd;14802112;Örgryte-Härlanda, Torpa;ÖVR;ÖVR;0;0.00
2018;rd;14802121;Örgryte-Härlanda, Björkekärr, Norra;M;M;112;13.86
2018;rd;14802121;Örgryte-Härlanda, Björkekärr, Norra;C;C;55;6.81
2018;rd;14802121;Örgryte-Härlanda, Björkekärr, Norra;L;L;48;5.94
2018;rd;14802121;Örgryte-Härlanda, Björkekärr, Norra;KD;KD;34;4.21
2018;rd;14802121;Örgryte-Härlanda, Björkekärr, Norra;S;S;202;25.00
2018;rd;14802121;Örgryte-Härlanda, Björkekärr, Norra;V;V;131;16.21
2018;rd;14802121;Örgryte-Härlanda, Björkekärr, Norra;MP;MP;90;11.14
2018;rd;14802121;Örgryte-Härlanda, Björkekärr, Norra;SD;SD;117;14.48
2018;rd;14802121;Örgryte-Härlanda, Björkekärr, Norra;FI;FI;7;0.87
2018;rd;14802121;Örgryte-Härlanda, Björkekärr, Norra;AfS;AFS;3;0.37
2018;rd;14802121;Örgryte-Härlanda, Björkekärr, Norra;BASIP;BASIP;1;0.12
2018;rd;14802121;Örgryte-Härlanda, Björkekärr, Norra;DD;DD;2;0.25
2018;rd;14802121;Örgryte-Härlanda, Björkekärr, Norra;DjuP;DJUP;1;0.12
2018;rd;14802121;Örgryte-Härlanda, Björkekärr, Norra;EAP;EAP;0;0.00
2018;rd;14802121;Örgryte-Härlanda, Björkekärr, Norra;ENH;ENH;1;0.12
2018;rd;14802121;Örgryte-Härlanda, Björkekärr, Norra;INI;INI;0;0.00
2018;rd;14802121;Örgryte-Härlanda, Björkekärr, Norra;KLP;KLP;0;0.00
2018;rd;14802121;Örgryte-Härlanda, Björkekärr, Norra;KrVP;KRVP;0;0.00
2018;rd;14802121;Örgryte-Härlanda, Björkekärr, Norra;LPo;LPO;0;0.00
2018;rd;14802121;Örgryte-Härlanda, Björkekärr, Norra;MED;MED;2;0.25
2018;rd;14802121;Örgryte-Härlanda, Björkekärr, Norra;NMR;NMR;0;0.00
2018;rd;14802121;Örgryte-Härlanda, Björkekärr, Norra;NYREF;NYREF;0;0.00
2018;rd;14802121;Örgryte-Härlanda, Björkekärr, Norra;PP;PP;2;0.25
2018;rd;14802121;Örgryte-Härlanda, Björkekärr, Norra;SKP;SKP;0;0.00
2018;rd;14802121;Örgryte-Härlanda, Björkekärr, Norra;TRP;TRP;0;0.00
2018;rd;14802121;Örgryte-Härlanda, Björkekärr, Norra;ÖVR;ÖVR;0;0.00
2018;rd;14802122;Örgryte-Härlanda, Björkekärr, Södra;M;M;219;16.82
2018;rd;14802122;Örgryte-Härlanda, Björkekärr, Södra;C;C;164;12.60
2018;rd;14802122;Örgryte-Härlanda, Björkekärr, Södra;L;L;135;10.37
2018;rd;14802122;Örgryte-Härlanda, Björkekärr, Södra;KD;KD;87;6.68
2018;rd;14802122;Örgryte-Härlanda, Björkekärr, Södra;S;S;235;18.05
2018;rd;14802122;Örgryte-Härlanda, Björkekärr, Södra;V;V;143;10.98
2018;rd;14802122;Örgryte-Härlanda, Björkekärr, Södra;MP;MP;205;15.75
2018;rd;14802122;Örgryte-Härlanda, Björkekärr, Södra;SD;SD;99;7.60
2018;rd;14802122;Örgryte-Härlanda, Björkekärr, Södra;FI;FI;2;0.15
2018;rd;14802122;Örgryte-Härlanda, Björkekärr, Södra;AfS;AFS;7;0.54
2018;rd;14802122;Örgryte-Härlanda, Björkekärr, Södra;BASIP;BASIP;0;0.00
2018;rd;14802122;Örgryte-Härlanda, Björkekärr, Södra;DD;DD;0;0.00
2018;rd;14802122;Örgryte-Härlanda, Björkekärr, Södra;DjuP;DJUP;1;0.08
2018;rd;14802122;Örgryte-Härlanda, Björkekärr, Södra;EAP;EAP;0;0.00
2018;rd;14802122;Örgryte-Härlanda, Björkekärr, Södra;ENH;ENH;1;0.08
2018;rd;14802122;Örgryte-Härlanda, Björkekärr, Södra;INI;INI;0;0.00
2018;rd;14802122;Örgryte-Härlanda, Björkekärr, Södra;KLP;KLP;1;0.08
2018;rd;14802122;Örgryte-Härlanda, Björkekärr, Södra;KrVP;KRVP;0;0.00
2018;rd;14802122;Örgryte-Härlanda, Björkekärr, Södra;LPo;LPO;0;0.00
2018;rd;14802122;Örgryte-Härlanda, Björkekärr, Södra;MED;MED;1;0.08
2018;rd;14802122;Örgryte-Härlanda, Björkekärr, Södra;NMR;NMR;1;0.08
2018;rd;14802122;Örgryte-Härlanda, Björkekärr, Södra;NYREF;NYREF;0;0.00
2018;rd;14802122;Örgryte-Härlanda, Björkekärr, Södra;PP;PP;1;0.08
2018;rd;14802122;Örgryte-Härlanda, Björkekärr, Södra;SKP;SKP;0;0.00
2018;rd;14802122;Örgryte-Härlanda, Björkekärr, Södra;TRP;TRP;0;0.00
2018;rd;14802122;Örgryte-Härlanda, Björkekärr, Södra;ÖVR;ÖVR;0;0.00
2018;rd;14802123;Örgryte-Härlanda, Björkekärr, Västra;M;M;135;13.92
2018;rd;14802123;Örgryte-Härlanda, Björkekärr, Västra;C;C;110;11.34
2018;rd;14802123;Örgryte-Härlanda, Björkekärr, Västra;L;L;96;9.90
2018;rd;14802123;Örgryte-Härlanda, Björkekärr, Västra;KD;KD;41;4.23
2018;rd;14802123;Örgryte-Härlanda, Björkekärr, Västra;S;S;160;16.49
2018;rd;14802123;Örgryte-Härlanda, Björkekärr, Västra;V;V;209;21.55
2018;rd;14802123;Örgryte-Härlanda, Björkekärr, Västra;MP;MP;121;12.47
2018;rd;14802123;Örgryte-Härlanda, Björkekärr, Västra;SD;SD;61;6.29
2018;rd;14802123;Örgryte-Härlanda, Björkekärr, Västra;FI;FI;20;2.06
2018;rd;14802123;Örgryte-Härlanda, Björkekärr, Västra;AfS;AFS;2;0.21
2018;rd;14802123;Örgryte-Härlanda, Björkekärr, Västra;BASIP;BASIP;1;0.10
2018;rd;14802123;Örgryte-Härlanda, Björkekärr, Västra;DD;DD;1;0.10
2018;rd;14802123;Örgryte-Härlanda, Björkekärr, Västra;DjuP;DJUP;2;0.21
2018;rd;14802123;Örgryte-Härlanda, Björkekärr, Västra;EAP;EAP;0;0.00
2018;rd;14802123;Örgryte-Härlanda, Björkekärr, Västra;ENH;ENH;0;0.00
2018;rd;14802123;Örgryte-Härlanda, Björkekärr, Västra;INI;INI;0;0.00
2018;rd;14802123;Örgryte-Härlanda, Björkekärr, Västra;KLP;KLP;0;0.00
2018;rd;14802123;Örgryte-Härlanda, Björkekärr, Västra;KrVP;KRVP;0;0.00
2018;rd;14802123;Örgryte-Härlanda, Björkekärr, Västra;LPo;LPO;0;0.00
2018;rd;14802123;Örgryte-Härlanda, Björkekärr, Västra;MED;MED;4;0.41
2018;rd;14802123;Örgryte-Härlanda, Björkekärr, Västra;NMR;NMR;0;0.00
2018;rd;14802123;Örgryte-Härlanda, Björkekärr, Västra;NYREF;NYREF;0;0.00
2018;rd;14802123;Örgryte-Härlanda, Björkekärr, Västra;PP;PP;7;0.72
2018;rd;14802123;Örgryte-Härlanda, Björkekärr, Västra;SKP;SKP;0;0.00
2018;rd;14802123;Örgryte-Härlanda, Björkekärr, Västra;TRP;TRP;0;0.00
2018;rd;14802123;Örgryte-Härlanda, Björkekärr, Västra;ÖVR;ÖVR;0;0.00
2018;rd;14802124;Örgryte-Härlanda, Björkekärr, Östra;M;M;139;14.07
2018;rd;14802124;Örgryte-Härlanda, Björkekärr, Östra;C;C;69;6.98
2018;rd;14802124;Örgryte-Härlanda, Björkekärr, Östra;L;L;78;7.89
2018;rd;14802124;Örgryte-Härlanda, Björkekärr, Östra;KD;KD;54;5.47
2018;rd;14802124;Örgryte-Härlanda, Björkekärr, Östra;S;S;261;26.42
2018;rd;14802124;Örgryte-Härlanda, Björkekärr, Östra;V;V;141;14.27
2018;rd;14802124;Örgryte-Härlanda, Björkekärr, Östra;MP;MP;103;10.43
2018;rd;14802124;Örgryte-Härlanda, Björkekärr, Östra;SD;SD;121;12.25
2018;rd;14802124;Örgryte-Härlanda, Björkekärr, Östra;FI;FI;4;0.40
2018;rd;14802124;Örgryte-Härlanda, Björkekärr, Östra;AfS;AFS;10;1.01
2018;rd;14802124;Örgryte-Härlanda, Björkekärr, Östra;BASIP;BASIP;1;0.10
2018;rd;14802124;Örgryte-Härlanda, Björkekärr, Östra;DD;DD;1;0.10
2018;rd;14802124;Örgryte-Härlanda, Björkekärr, Östra;DjuP;DJUP;1;0.10
2018;rd;14802124;Örgryte-Härlanda, Björkekärr, Östra;EAP;EAP;0;0.00
2018;rd;14802124;Örgryte-Härlanda, Björkekärr, Östra;ENH;ENH;0;0.00
2018;rd;14802124;Örgryte-Härlanda, Björkekärr, Östra;INI;INI;0;0.00
2018;rd;14802124;Örgryte-Härlanda, Björkekärr, Östra;KLP;KLP;0;0.00
2018;rd;14802124;Örgryte-Härlanda, Björkekärr, Östra;KrVP;KRVP;0;0.00
2018;rd;14802124;Örgryte-Härlanda, Björkekärr, Östra;LPo;LPO;0;0.00
2018;rd;14802124;Örgryte-Härlanda, Björkekärr, Östra;MED;MED;2;0.20
2018;rd;14802124;Örgryte-Härlanda, Björkekärr, Östra;NMR;NMR;1;0.10
2018;rd;14802124;Örgryte-Härlanda, Björkekärr, Östra;NYREF;NYREF;0;0.00
2018;rd;14802124;Örgryte-Härlanda, Björkekärr, Östra;PP;PP;2;0.20
2018;rd;14802124;Örgryte-Härlanda, Björkekärr, Östra;SKP;SKP;0;0.00
2018;rd;14802124;Örgryte-Härlanda, Björkekärr, Östra;TRP;TRP;0;0.00
2018;rd;14802124;Örgryte-Härlanda, Björkekärr, Östra;ÖVR;ÖVR;0;0.00
2018;rd;14802125;Örgryte-Härlanda, Robertshöjd m fl;M;M;133;11.42
2018;rd;14802125;Örgryte-Härlanda, Robertshöjd m fl;C;C;66;5.67
2018;rd;14802125;Örgryte-Härlanda, Robertshöjd m fl;L;L;79;6.78
2018;rd;14802125;Örgryte-Härlanda, Robertshöjd m fl;KD;KD;51;4.38
2018;rd;14802125;Örgryte-Härlanda, Robertshöjd m fl;S;S;318;27.30
2018;rd;14802125;Örgryte-Härlanda, Robertshöjd m fl;V;V;188;16.14
2018;rd;14802125;Örgryte-Härlanda, Robertshöjd m fl;MP;MP;110;9.44
2018;rd;14802125;Örgryte-Härlanda, Robertshöjd m fl;SD;SD;192;16.48
2018;rd;14802125;Örgryte-Härlanda, Robertshöjd m fl;FI;FI;5;0.43
2018;rd;14802125;Örgryte-Härlanda, Robertshöjd m fl;AfS;AFS;8;0.69
2018;rd;14802125;Örgryte-Härlanda, Robertshöjd m fl;BASIP;BASIP;2;0.17
2018;rd;14802125;Örgryte-Härlanda, Robertshöjd m fl;DD;DD;1;0.09
2018;rd;14802125;Örgryte-Härlanda, Robertshöjd m fl;DjuP;DJUP;1;0.09
2018;rd;14802125;Örgryte-Härlanda, Robertshöjd m fl;EAP;EAP;0;0.00
2018;rd;14802125;Örgryte-Härlanda, Robertshöjd m fl;ENH;ENH;1;0.09
2018;rd;14802125;Örgryte-Härlanda, Robertshöjd m fl;INI;INI;0;0.00
2018;rd;14802125;Örgryte-Härlanda, Robertshöjd m fl;KLP;KLP;0;0.00
2018;rd;14802125;Örgryte-Härlanda, Robertshöjd m fl;KrVP;KRVP;4;0.34
2018;rd;14802125;Örgryte-Härlanda, Robertshöjd m fl;LPo;LPO;0;0.00
2018;rd;14802125;Örgryte-Härlanda, Robertshöjd m fl;MED;MED;2;0.17
2018;rd;14802125;Örgryte-Härlanda, Robertshöjd m fl;NMR;NMR;0;0.00
2018;rd;14802125;Örgryte-Härlanda, Robertshöjd m fl;NYREF;NYREF;0;0.00
2018;rd;14802125;Örgryte-Härlanda, Robertshöjd m fl;PP;PP;4;0.34
2018;rd;14802125;Örgryte-Härlanda, Robertshöjd m fl;SKP;SKP;0;0.00
2018;rd;14802125;Örgryte-Härlanda, Robertshöjd m fl;TRP;TRP;0;0.00
2018;rd;14802125;Örgryte-Härlanda, Robertshöjd m fl;ÖVR;ÖVR;0;0.00
2018;rd;14803011;Östra Göteborg, Bellevue;M;M;109;12.22
2018;rd;14803011;Östra Göteborg, Bellevue;C;C;75;8.41
2018;rd;14803011;Östra Göteborg, Bellevue;L;L;45;5.04
2018;rd;14803011;Östra Göteborg, Bellevue;KD;KD;27;3.03
2018;rd;14803011;Östra Göteborg, Bellevue;S;S;189;21.19
2018;rd;14803011;Östra Göteborg, Bellevue;V;V;210;23.54
2018;rd;14803011;Östra Göteborg, Bellevue;MP;MP;97;10.87
2018;rd;14803011;Östra Göteborg, Bellevue;SD;SD;110;12.33
2018;rd;14803011;Östra Göteborg, Bellevue;FI;FI;13;1.46
2018;rd;14803011;Östra Göteborg, Bellevue;AfS;AFS;6;0.67
2018;rd;14803011;Östra Göteborg, Bellevue;BASIP;BASIP;0;0.00
2018;rd;14803011;Östra Göteborg, Bellevue;DD;DD;1;0.11
2018;rd;14803011;Östra Göteborg, Bellevue;DjuP;DJUP;0;0.00
2018;rd;14803011;Östra Göteborg, Bellevue;EAP;EAP;0;0.00
2018;rd;14803011;Östra Göteborg, Bellevue;ENH;ENH;0;0.00
2018;rd;14803011;Östra Göteborg, Bellevue;INI;INI;0;0.00
2018;rd;14803011;Östra Göteborg, Bellevue;KLP;KLP;0;0.00
2018;rd;14803011;Östra Göteborg, Bellevue;KrVP;KRVP;2;0.22
2018;rd;14803011;Östra Göteborg, Bellevue;LPo;LPO;0;0.00
2018;rd;14803011;Östra Göteborg, Bellevue;MED;MED;4;0.45
2018;rd;14803011;Östra Göteborg, Bellevue;NMR;NMR;1;0.11
2018;rd;14803011;Östra Göteborg, Bellevue;NYREF;NYREF;0;0.00
2018;rd;14803011;Östra Göteborg, Bellevue;PP;PP;3;0.34
2018;rd;14803011;Östra Göteborg, Bellevue;SKP;SKP;0;0.00
2018;rd;14803011;Östra Göteborg, Bellevue;TRP;TRP;0;0.00
2018;rd;14803011;Östra Göteborg, Bellevue;ÖVR;ÖVR;0;0.00
2018;rd;14803012;Östra Göteborg, Bellevue Park;M;M;200;21.41
2018;rd;14803012;Östra Göteborg, Bellevue Park;C;C;70;7.49
2018;rd;14803012;Östra Göteborg, Bellevue Park;L;L;61;6.53
2018;rd;14803012;Östra Göteborg, Bellevue Park;KD;KD;55;5.89
2018;rd;14803012;Östra Göteborg, Bellevue Park;S;S;265;28.37
2018;rd;14803012;Östra Göteborg, Bellevue Park;V;V;120;12.85
2018;rd;14803012;Östra Göteborg, Bellevue Park;MP;MP;78;8.35
2018;rd;14803012;Östra Göteborg, Bellevue Park;SD;SD;76;8.14
2018;rd;14803012;Östra Göteborg, Bellevue Park;FI;FI;5;0.54
2018;rd;14803012;Östra Göteborg, Bellevue Park;AfS;AFS;1;0.11
2018;rd;14803012;Östra Göteborg, Bellevue Park;BASIP;BASIP;0;0.00
2018;rd;14803012;Östra Göteborg, Bellevue Park;DD;DD;0;0.00
2018;rd;14803012;Östra Göteborg, Bellevue Park;DjuP;DJUP;1;0.11
2018;rd;14803012;Östra Göteborg, Bellevue Park;EAP;EAP;0;0.00
2018;rd;14803012;Östra Göteborg, Bellevue Park;ENH;ENH;0;0.00
2018;rd;14803012;Östra Göteborg, Bellevue Park;INI;INI;0;0.00
2018;rd;14803012;Östra Göteborg, Bellevue Park;KLP;KLP;0;0.00
2018;rd;14803012;Östra Göteborg, Bellevue Park;KrVP;KRVP;0;0.00
2018;rd;14803012;Östra Göteborg, Bellevue Park;LPo;LPO;0;0.00
2018;rd;14803012;Östra Göteborg, Bellevue Park;MED;MED;0;0.00
2018;rd;14803012;Östra Göteborg, Bellevue Park;NMR;NMR;0;0.00
2018;rd;14803012;Östra Göteborg, Bellevue Park;NYREF;NYREF;0;0.00
2018;rd;14803012;Östra Göteborg, Bellevue Park;PP;PP;1;0.11
2018;rd;14803012;Östra Göteborg, Bellevue Park;SKP;SKP;1;0.11
2018;rd;14803012;Östra Göteborg, Bellevue Park;TRP;TRP;0;0.00
2018;rd;14803012;Östra Göteborg, Bellevue Park;ÖVR;ÖVR;0;0.00
2018;rd;14803013;Östra Göteborg, Gamlestaden, Norra;M;M;113;10.84
2018;rd;14803013;Östra Göteborg, Gamlestaden, Norra;C;C;66;6.33
2018;rd;14803013;Östra Göteborg, Gamlestaden, Norra;L;L;41;3.93
2018;rd;14803013;Östra Göteborg, Gamlestaden, Norra;KD;KD;33;3.17
2018;rd;14803013;Östra Göteborg, Gamlestaden, Norra;S;S;246;23.61
2018;rd;14803013;Östra Göteborg, Gamlestaden, Norra;V;V;292;28.02
2018;rd;14803013;Östra Göteborg, Gamlestaden, Norra;MP;MP;93;8.93
2018;rd;14803013;Östra Göteborg, Gamlestaden, Norra;SD;SD;128;12.28
2018;rd;14803013;Östra Göteborg, Gamlestaden, Norra;FI;FI;18;1.73
2018;rd;14803013;Östra Göteborg, Gamlestaden, Norra;AfS;AFS;0;0.00
2018;rd;14803013;Östra Göteborg, Gamlestaden, Norra;BASIP;BASIP;0;0.00
2018;rd;14803013;Östra Göteborg, Gamlestaden, Norra;DD;DD;1;0.10
2018;rd;14803013;Östra Göteborg, Gamlestaden, Norra;DjuP;DJUP;3;0.29
2018;rd;14803013;Östra Göteborg, Gamlestaden, Norra;EAP;EAP;0;0.00
2018;rd;14803013;Östra Göteborg, Gamlestaden, Norra;ENH;ENH;0;0.00
2018;rd;14803013;Östra Göteborg, Gamlestaden, Norra;INI;INI;0;0.00
2018;rd;14803013;Östra Göteborg, Gamlestaden, Norra;KLP;KLP;0;0.00
2018;rd;14803013;Östra Göteborg, Gamlestaden, Norra;KrVP;KRVP;0;0.00
2018;rd;14803013;Östra Göteborg, Gamlestaden, Norra;LPo;LPO;0;0.00
2018;rd;14803013;Östra Göteborg, Gamlestaden, Norra;MED;MED;2;0.19
2018;rd;14803013;Östra Göteborg, Gamlestaden, Norra;NMR;NMR;0;0.00
2018;rd;14803013;Östra Göteborg, Gamlestaden, Norra;NYREF;NYREF;0;0.00
2018;rd;14803013;Östra Göteborg, Gamlestaden, Norra;PP;PP;6;0.58
2018;rd;14803013;Östra Göteborg, Gamlestaden, Norra;SKP;SKP;0;0.00
2018;rd;14803013;Östra Göteborg, Gamlestaden, Norra;TRP;TRP;0;0.00
2018;rd;14803013;Östra Göteborg, Gamlestaden, Norra;ÖVR;ÖVR;0;0.00
2018;rd;14803014;Östra Göteborg, Gamlestaden, Södra;M;M;72;10.26
2018;rd;14803014;Östra Göteborg, Gamlestaden, Södra;C;C;30;4.27
2018;rd;14803014;Östra Göteborg, Gamlestaden, Södra;L;L;27;3.85
2018;rd;14803014;Östra Göteborg, Gamlestaden, Södra;KD;KD;22;3.13
2018;rd;14803014;Östra Göteborg, Gamlestaden, Södra;S;S;184;26.21
2018;rd;14803014;Östra Göteborg, Gamlestaden, Södra;V;V;208;29.63
2018;rd;14803014;Östra Göteborg, Gamlestaden, Södra;MP;MP;71;10.11
2018;rd;14803014;Östra Göteborg, Gamlestaden, Södra;SD;SD;56;7.98
2018;rd;14803014;Östra Göteborg, Gamlestaden, Södra;FI;FI;16;2.28
2018;rd;14803014;Östra Göteborg, Gamlestaden, Södra;AfS;AFS;5;0.71
2018;rd;14803014;Östra Göteborg, Gamlestaden, Södra;BASIP;BASIP;0;0.00
2018;rd;14803014;Östra Göteborg, Gamlestaden, Södra;DD;DD;2;0.28
2018;rd;14803014;Östra Göteborg, Gamlestaden, Södra;DjuP;DJUP;2;0.28
2018;rd;14803014;Östra Göteborg, Gamlestaden, Södra;EAP;EAP;0;0.00
2018;rd;14803014;Östra Göteborg, Gamlestaden, Södra;ENH;ENH;0;0.00
2018;rd;14803014;Östra Göteborg, Gamlestaden, Södra;INI;INI;0;0.00
2018;rd;14803014;Östra Göteborg, Gamlestaden, Södra;KLP;KLP;0;0.00
2018;rd;14803014;Östra Göteborg, Gamlestaden, Södra;KrVP;KRVP;0;0.00
2018;rd;14803014;Östra Göteborg, Gamlestaden, Södra;LPo;LPO;0;0.00
2018;rd;14803014;Östra Göteborg, Gamlestaden, Södra;MED;MED;6;0.85
2018;rd;14803014;Östra Göteborg, Gamlestaden, Södra;NMR;NMR;0;0.00
2018;rd;14803014;Östra Göteborg, Gamlestaden, Södra;NYREF;NYREF;0;0.00
2018;rd;14803014;Östra Göteborg, Gamlestaden, Södra;PP;PP;1;0.14
2018;rd;14803014;Östra Göteborg, Gamlestaden, Södra;SKP;SKP;0;0.00
2018;rd;14803014;Östra Göteborg, Gamlestaden, Södra;TRP;TRP;0;0.00
2018;rd;14803014;Östra Göteborg, Gamlestaden, Södra;ÖVR;ÖVR;0;0.00
2018;rd;14803015;Östra Göteborg, Kviberg, Västra;M;M;95;11.14
2018;rd;14803015;Östra Göteborg, Kviberg, Västra;C;C;33;3.87
2018;rd;14803015;Östra Göteborg, Kviberg, Västra;L;L;27;3.17
2018;rd;14803015;Östra Göteborg, Kviberg, Västra;KD;KD;30;3.52
2018;rd;14803015;Östra Göteborg, Kviberg, Västra;S;S;336;39.39
2018;rd;14803015;Östra Göteborg, Kviberg, Västra;V;V;162;18.99
2018;rd;14803015;Östra Göteborg, Kviberg, Västra;MP;MP;35;4.10
2018;rd;14803015;Östra Göteborg, Kviberg, Västra;SD;SD;122;14.30
2018;rd;14803015;Östra Göteborg, Kviberg, Västra;FI;FI;5;0.59
2018;rd;14803015;Östra Göteborg, Kviberg, Västra;AfS;AFS;2;0.23
2018;rd;14803015;Östra Göteborg, Kviberg, Västra;BASIP;BASIP;0;0.00
2018;rd;14803015;Östra Göteborg, Kviberg, Västra;DD;DD;0;0.00
2018;rd;14803015;Östra Göteborg, Kviberg, Västra;DjuP;DJUP;1;0.12
2018;rd;14803015;Östra Göteborg, Kviberg, Västra;EAP;EAP;0;0.00
2018;rd;14803015;Östra Göteborg, Kviberg, Västra;ENH;ENH;0;0.00
2018;rd;14803015;Östra Göteborg, Kviberg, Västra;INI;INI;0;0.00
2018;rd;14803015;Östra Göteborg, Kviberg, Västra;KLP;KLP;0;0.00
2018;rd;14803015;Östra Göteborg, Kviberg, Västra;KrVP;KRVP;0;0.00
2018;rd;14803015;Östra Göteborg, Kviberg, Västra;LPo;LPO;0;0.00
2018;rd;14803015;Östra Göteborg, Kviberg, Västra;MED;MED;3;0.35
2018;rd;14803015;Östra Göteborg, Kviberg, Västra;NMR;NMR;0;0.00
2018;rd;14803015;Östra Göteborg, Kviberg, Västra;NYREF;NYREF;0;0.00
2018;rd;14803015;Östra Göteborg, Kviberg, Västra;PP;PP;2;0.23
2018;rd;14803015;Östra Göteborg, Kviberg, Västra;SKP;SKP;0;0.00
2018;rd;14803015;Östra Göteborg, Kviberg, Västra;TRP;TRP;0;0.00
2018;rd;14803015;Östra Göteborg, Kviberg, Västra;ÖVR;ÖVR;0;0.00
2018;rd;14803016;Östra Göteborg, Kviberg, Östra;M;M;135;15.92
2018;rd;14803016;Östra Göteborg, Kviberg, Östra;C;C;86;10.14
2018;rd;14803016;Östra Göteborg, Kviberg, Östra;L;L;67;7.90
2018;rd;14803016;Östra Göteborg, Kviberg, Östra;KD;KD;24;2.83
2018;rd;14803016;Östra Göteborg, Kviberg, Östra;S;S;182;21.46
2018;rd;14803016;Östra Göteborg, Kviberg, Östra;V;V;188;22.17
2018;rd;14803016;Östra Göteborg, Kviberg, Östra;MP;MP;76;8.96
2018;rd;14803016;Östra Göteborg, Kviberg, Östra;SD;SD;63;7.43
2018;rd;14803016;Östra Göteborg, Kviberg, Östra;FI;FI;13;1.53
2018;rd;14803016;Östra Göteborg, Kviberg, Östra;AfS;AFS;1;0.12
2018;rd;14803016;Östra Göteborg, Kviberg, Östra;BASIP;BASIP;2;0.24
2018;rd;14803016;Östra Göteborg, Kviberg, Östra;DD;DD;2;0.24
2018;rd;14803016;Östra Göteborg, Kviberg, Östra;DjuP;DJUP;0;0.00
2018;rd;14803016;Östra Göteborg, Kviberg, Östra;EAP;EAP;0;0.00
2018;rd;14803016;Östra Göteborg, Kviberg, Östra;ENH;ENH;1;0.12
2018;rd;14803016;Östra Göteborg, Kviberg, Östra;INI;INI;0;0.00
2018;rd;14803016;Östra Göteborg, Kviberg, Östra;KLP;KLP;3;0.35
2018;rd;14803016;Östra Göteborg, Kviberg, Östra;KrVP;KRVP;0;0.00
2018;rd;14803016;Östra Göteborg, Kviberg, Östra;LPo;LPO;0;0.00
2018;rd;14803016;Östra Göteborg, Kviberg, Östra;MED;MED;1;0.12
2018;rd;14803016;Östra Göteborg, Kviberg, Östra;NMR;NMR;0;0.00
2018;rd;14803016;Östra Göteborg, Kviberg, Östra;NYREF;NYREF;0;0.00
2018;rd;14803016;Östra Göteborg, Kviberg, Östra;PP;PP;4;0.47
2018;rd;14803016;Östra Göteborg, Kviberg, Östra;SKP;SKP;0;0.00
2018;rd;14803016;Östra Göteborg, Kviberg, Östra;TRP;TRP;0;0.00
2018;rd;14803016;Östra Göteborg, Kviberg, Östra;ÖVR;ÖVR;0;0.00
2018;rd;14803017;Östra Göteborg, Nylöse;M;M;69;10.57
2018;rd;14803017;Östra Göteborg, Nylöse;C;C;26;3.98
2018;rd;14803017;Östra Göteborg, Nylöse;L;L;32;4.90
2018;rd;14803017;Östra Göteborg, Nylöse;KD;KD;12;1.84
2018;rd;14803017;Östra Göteborg, Nylöse;S;S;196;30.02
2018;rd;14803017;Östra Göteborg, Nylöse;V;V;176;26.95
2018;rd;14803017;Östra Göteborg, Nylöse;MP;MP;46;7.04
2018;rd;14803017;Östra Göteborg, Nylöse;SD;SD;74;11.33
2018;rd;14803017;Östra Göteborg, Nylöse;FI;FI;12;1.84
2018;rd;14803017;Östra Göteborg, Nylöse;AfS;AFS;4;0.61
2018;rd;14803017;Östra Göteborg, Nylöse;BASIP;BASIP;0;0.00
2018;rd;14803017;Östra Göteborg, Nylöse;DD;DD;0;0.00
2018;rd;14803017;Östra Göteborg, Nylöse;DjuP;DJUP;1;0.15
2018;rd;14803017;Östra Göteborg, Nylöse;EAP;EAP;0;0.00
2018;rd;14803017;Östra Göteborg, Nylöse;ENH;ENH;0;0.00
2018;rd;14803017;Östra Göteborg, Nylöse;INI;INI;0;0.00
2018;rd;14803017;Östra Göteborg, Nylöse;KLP;KLP;0;0.00
2018;rd;14803017;Östra Göteborg, Nylöse;KrVP;KRVP;0;0.00
2018;rd;14803017;Östra Göteborg, Nylöse;LPo;LPO;0;0.00
2018;rd;14803017;Östra Göteborg, Nylöse;MED;MED;1;0.15
2018;rd;14803017;Östra Göteborg, Nylöse;NMR;NMR;0;0.00
2018;rd;14803017;Östra Göteborg, Nylöse;NYREF;NYREF;0;0.00
2018;rd;14803017;Östra Göteborg, Nylöse;PP;PP;3;0.46
2018;rd;14803017;Östra Göteborg, Nylöse;SKP;SKP;1;0.15
2018;rd;14803017;Östra Göteborg, Nylöse;TRP;TRP;0;0.00
2018;rd;14803017;Östra Göteborg, Nylöse;ÖVR;ÖVR;0;0.00
2018;rd;14803021;Östra Göteborg, Fjällbo;M;M;224;17.68
2018;rd;14803021;Östra Göteborg, Fjällbo;C;C;78;6.16
2018;rd;14803021;Östra Göteborg, Fjällbo;L;L;64;5.05
2018;rd;14803021;Östra Göteborg, Fjällbo;KD;KD;72;5.68
2018;rd;14803021;Östra Göteborg, Fjällbo;S;S;333;26.28
2018;rd;14803021;Östra Göteborg, Fjällbo;V;V;157;12.39
2018;rd;14803021;Östra Göteborg, Fjällbo;MP;MP;121;9.55
2018;rd;14803021;Östra Göteborg, Fjällbo;SD;SD;191;15.07
2018;rd;14803021;Östra Göteborg, Fjällbo;FI;FI;12;0.95
2018;rd;14803021;Östra Göteborg, Fjällbo;AfS;AFS;0;0.00
2018;rd;14803021;Östra Göteborg, Fjällbo;BASIP;BASIP;0;0.00
2018;rd;14803021;Östra Göteborg, Fjällbo;DD;DD;0;0.00
2018;rd;14803021;Östra Göteborg, Fjällbo;DjuP;DJUP;5;0.39
2018;rd;14803021;Östra Göteborg, Fjällbo;EAP;EAP;0;0.00
2018;rd;14803021;Östra Göteborg, Fjällbo;ENH;ENH;2;0.16
2018;rd;14803021;Östra Göteborg, Fjällbo;INI;INI;0;0.00
2018;rd;14803021;Östra Göteborg, Fjällbo;KLP;KLP;1;0.08
2018;rd;14803021;Östra Göteborg, Fjällbo;KrVP;KRVP;0;0.00
2018;rd;14803021;Östra Göteborg, Fjällbo;LPo;LPO;0;0.00
2018;rd;14803021;Östra Göteborg, Fjällbo;MED;MED;3;0.24
2018;rd;14803021;Östra Göteborg, Fjällbo;NMR;NMR;1;0.08
2018;rd;14803021;Östra Göteborg, Fjällbo;NYREF;NYREF;0;0.00
2018;rd;14803021;Östra Göteborg, Fjällbo;PP;PP;3;0.24
2018;rd;14803021;Östra Göteborg, Fjällbo;SKP;SKP;0;0.00
2018;rd;14803021;Östra Göteborg, Fjällbo;TRP;TRP;0;0.00
2018;rd;14803021;Östra Göteborg, Fjällbo;ÖVR;ÖVR;0;0.00
2018;rd;14803022;Östra Göteborg, Utby;M;M;245;18.53
2018;rd;14803022;Östra Göteborg, Utby;C;C;104;7.87
2018;rd;14803022;Östra Göteborg, Utby;L;L;93;7.03
2018;rd;14803022;Östra Göteborg, Utby;KD;KD;93;7.03
2018;rd;14803022;Östra Göteborg, Utby;S;S;331;25.04
2018;rd;14803022;Östra Göteborg, Utby;V;V;129;9.76
2018;rd;14803022;Östra Göteborg, Utby;MP;MP;141;10.67
2018;rd;14803022;Östra Göteborg, Utby;SD;SD;167;12.63
2018;rd;14803022;Östra Göteborg, Utby;FI;FI;10;0.76
2018;rd;14803022;Östra Göteborg, Utby;AfS;AFS;2;0.15
2018;rd;14803022;Östra Göteborg, Utby;BASIP;BASIP;0;0.00
2018;rd;14803022;Östra Göteborg, Utby;DD;DD;0;0.00
2018;rd;14803022;Östra Göteborg, Utby;DjuP;DJUP;0;0.00
2018;rd;14803022;Östra Göteborg, Utby;EAP;EAP;0;0.00
2018;rd;14803022;Östra Göteborg, Utby;ENH;ENH;1;0.08
2018;rd;14803022;Östra Göteborg, Utby;INI;INI;0;0.00
2018;rd;14803022;Östra Göteborg, Utby;KLP;KLP;0;0.00
2018;rd;14803022;Östra Göteborg, Utby;KrVP;KRVP;2;0.15
2018;rd;14803022;Östra Göteborg, Utby;LPo;LPO;0;0.00
2018;rd;14803022;Östra Göteborg, Utby;MED;MED;1;0.08
2018;rd;14803022;Östra Göteborg, Utby;NMR;NMR;1;0.08
2018;rd;14803022;Östra Göteborg, Utby;NYREF;NYREF;0;0.00
2018;rd;14803022;Östra Göteborg, Utby;PP;PP;1;0.08
2018;rd;14803022;Östra Göteborg, Utby;SKP;SKP;0;0.00
2018;rd;14803022;Östra Göteborg, Utby;TRP;TRP;0;0.00
2018;rd;14803022;Östra Göteborg, Utby;ÖVR;ÖVR;1;0.08
2018;rd;14803023;Östra Göteborg, Utbynäs;M;M;192;19.75
2018;rd;14803023;Östra Göteborg, Utbynäs;C;C;80;8.23
2018;rd;14803023;Östra Göteborg, Utbynäs;L;L;78;8.02
2018;rd;14803023;Östra Göteborg, Utbynäs;KD;KD;58;5.97
2018;rd;14803023;Östra Göteborg, Utbynäs;S;S;239;24.59
2018;rd;14803023;Östra Göteborg, Utbynäs;V;V;88;9.05
2018;rd;14803023;Östra Göteborg, Utbynäs;MP;MP;86;8.85
2018;rd;14803023;Östra Göteborg, Utbynäs;SD;SD;133;13.68
2018;rd;14803023;Östra Göteborg, Utbynäs;FI;FI;8;0.82
2018;rd;14803023;Östra Göteborg, Utbynäs;AfS;AFS;3;0.31
2018;rd;14803023;Östra Göteborg, Utbynäs;BASIP;BASIP;0;0.00
2018;rd;14803023;Östra Göteborg, Utbynäs;DD;DD;0;0.00
2018;rd;14803023;Östra Göteborg, Utbynäs;DjuP;DJUP;0;0.00
2018;rd;14803023;Östra Göteborg, Utbynäs;EAP;EAP;0;0.00
2018;rd;14803023;Östra Göteborg, Utbynäs;ENH;ENH;0;0.00
2018;rd;14803023;Östra Göteborg, Utbynäs;INI;INI;0;0.00
2018;rd;14803023;Östra Göteborg, Utbynäs;KLP;KLP;0;0.00
2018;rd;14803023;Östra Göteborg, Utbynäs;KrVP;KRVP;2;0.21
2018;rd;14803023;Östra Göteborg, Utbynäs;LPo;LPO;0;0.00
2018;rd;14803023;Östra Göteborg, Utbynäs;MED;MED;3;0.31
2018;rd;14803023;Östra Göteborg, Utbynäs;NMR;NMR;0;0.00
2018;rd;14803023;Östra Göteborg, Utbynäs;NYREF;NYREF;0;0.00
2018;rd;14803023;Östra Göteborg, Utbynäs;PP;PP;2;0.21
2018;rd;14803023;Östra Göteborg, Utbynäs;SKP;SKP;0;0.00
2018;rd;14803023;Östra Göteborg, Utbynäs;TRP;TRP;0;0.00
2018;rd;14803023;Östra Göteborg, Utbynäs;ÖVR;ÖVR;0;0.00
2018;rd;14803031;Östra Göteborg, Förstamajgatan m fl;M;M;58;8.01
2018;rd;14803031;Östra Göteborg, Förstamajgatan m fl;C;C;18;2.49
2018;rd;14803031;Östra Göteborg, Förstamajgatan m fl;L;L;27;3.73
2018;rd;14803031;Östra Göteborg, Förstamajgatan m fl;KD;KD;22;3.04
2018;rd;14803031;Östra Göteborg, Förstamajgatan m fl;S;S;277;38.26
2018;rd;14803031;Östra Göteborg, Förstamajgatan m fl;V;V;152;20.99
2018;rd;14803031;Östra Göteborg, Förstamajgatan m fl;MP;MP;37;5.11
2018;rd;14803031;Östra Göteborg, Förstamajgatan m fl;SD;SD;105;14.50
2018;rd;14803031;Östra Göteborg, Förstamajgatan m fl;FI;FI;11;1.52
2018;rd;14803031;Östra Göteborg, Förstamajgatan m fl;AfS;AFS;6;0.83
2018;rd;14803031;Östra Göteborg, Förstamajgatan m fl;BASIP;BASIP;0;0.00
2018;rd;14803031;Östra Göteborg, Förstamajgatan m fl;DD;DD;0;0.00
2018;rd;14803031;Östra Göteborg, Förstamajgatan m fl;DjuP;DJUP;2;0.28
2018;rd;14803031;Östra Göteborg, Förstamajgatan m fl;EAP;EAP;0;0.00
2018;rd;14803031;Östra Göteborg, Förstamajgatan m fl;ENH;ENH;1;0.14
2018;rd;14803031;Östra Göteborg, Förstamajgatan m fl;INI;INI;0;0.00
2018;rd;14803031;Östra Göteborg, Förstamajgatan m fl;KLP;KLP;1;0.14
2018;rd;14803031;Östra Göteborg, Förstamajgatan m fl;KrVP;KRVP;1;0.14
2018;rd;14803031;Östra Göteborg, Förstamajgatan m fl;LPo;LPO;0;0.00
2018;rd;14803031;Östra Göteborg, Förstamajgatan m fl;MED;MED;0;0.00
2018;rd;14803031;Östra Göteborg, Förstamajgatan m fl;NMR;NMR;0;0.00
2018;rd;14803031;Östra Göteborg, Förstamajgatan m fl;NYREF;NYREF;0;0.00
2018;rd;14803031;Östra Göteborg, Förstamajgatan m fl;PP;PP;5;0.69
2018;rd;14803031;Östra Göteborg, Förstamajgatan m fl;SKP;SKP;0;0.00
2018;rd;14803031;Östra Göteborg, Förstamajgatan m fl;TRP;TRP;0;0.00
2018;rd;14803031;Östra Göteborg, Förstamajgatan m fl;ÖVR;ÖVR;1;0.14
2018;rd;14803032;Östra Göteborg, Gregorianska g. m fl;M;M;50;5.81
2018;rd;14803032;Östra Göteborg, Gregorianska g. m fl;C;C;24;2.79
2018;rd;14803032;Östra Göteborg, Gregorianska g. m fl;L;L;22;2.56
2018;rd;14803032;Östra Göteborg, Gregorianska g. m fl;KD;KD;12;1.39
2018;rd;14803032;Östra Göteborg, Gregorianska g. m fl;S;S;332;38.56
2018;rd;14803032;Östra Göteborg, Gregorianska g. m fl;V;V;210;24.39
2018;rd;14803032;Östra Göteborg, Gregorianska g. m fl;MP;MP;70;8.13
2018;rd;14803032;Östra Göteborg, Gregorianska g. m fl;SD;SD;110;12.78
2018;rd;14803032;Östra Göteborg, Gregorianska g. m fl;FI;FI;12;1.39
2018;rd;14803032;Östra Göteborg, Gregorianska g. m fl;AfS;AFS;7;0.81
2018;rd;14803032;Östra Göteborg, Gregorianska g. m fl;BASIP;BASIP;0;0.00
2018;rd;14803032;Östra Göteborg, Gregorianska g. m fl;DD;DD;0;0.00
2018;rd;14803032;Östra Göteborg, Gregorianska g. m fl;DjuP;DJUP;6;0.70
2018;rd;14803032;Östra Göteborg, Gregorianska g. m fl;EAP;EAP;0;0.00
2018;rd;14803032;Östra Göteborg, Gregorianska g. m fl;ENH;ENH;0;0.00
2018;rd;14803032;Östra Göteborg, Gregorianska g. m fl;INI;INI;0;0.00
2018;rd;14803032;Östra Göteborg, Gregorianska g. m fl;KLP;KLP;0;0.00
2018;rd;14803032;Östra Göteborg, Gregorianska g. m fl;KrVP;KRVP;0;0.00
2018;rd;14803032;Östra Göteborg, Gregorianska g. m fl;LPo;LPO;0;0.00
2018;rd;14803032;Östra Göteborg, Gregorianska g. m fl;MED;MED;3;0.35
2018;rd;14803032;Östra Göteborg, Gregorianska g. m fl;NMR;NMR;0;0.00
2018;rd;14803032;Östra Göteborg, Gregorianska g. m fl;NYREF;NYREF;0;0.00
2018;rd;14803032;Östra Göteborg, Gregorianska g. m fl;PP;PP;1;0.12
2018;rd;14803032;Östra Göteborg, Gregorianska g. m fl;SKP;SKP;2;0.23
2018;rd;14803032;Östra Göteborg, Gregorianska g. m fl;TRP;TRP;0;0.00
2018;rd;14803032;Östra Göteborg, Gregorianska g. m fl;ÖVR;ÖVR;0;0.00
2018;rd;14803033;Östra Göteborg, Kortedala Centrum;M;M;58;8.18
2018;rd;14803033;Östra Göteborg, Kortedala Centrum;C;C;20;2.82
2018;rd;14803033;Östra Göteborg, Kortedala Centrum;L;L;11;1.55
2018;rd;14803033;Östra Göteborg, Kortedala Centrum;KD;KD;17;2.40
2018;rd;14803033;Östra Göteborg, Kortedala Centrum;S;S;299;42.17
2018;rd;14803033;Östra Göteborg, Kortedala Centrum;V;V;152;21.44
2018;rd;14803033;Östra Göteborg, Kortedala Centrum;MP;MP;29;4.09
2018;rd;14803033;Östra Göteborg, Kortedala Centrum;SD;SD;99;13.96
2018;rd;14803033;Östra Göteborg, Kortedala Centrum;FI;FI;14;1.97
2018;rd;14803033;Östra Göteborg, Kortedala Centrum;AfS;AFS;5;0.71
2018;rd;14803033;Östra Göteborg, Kortedala Centrum;BASIP;BASIP;0;0.00
2018;rd;14803033;Östra Göteborg, Kortedala Centrum;DD;DD;1;0.14
2018;rd;14803033;Östra Göteborg, Kortedala Centrum;DjuP;DJUP;2;0.28
2018;rd;14803033;Östra Göteborg, Kortedala Centrum;EAP;EAP;0;0.00
2018;rd;14803033;Östra Göteborg, Kortedala Centrum;ENH;ENH;0;0.00
2018;rd;14803033;Östra Göteborg, Kortedala Centrum;INI;INI;1;0.14
2018;rd;14803033;Östra Göteborg, Kortedala Centrum;KLP;KLP;0;0.00
2018;rd;14803033;Östra Göteborg, Kortedala Centrum;KrVP;KRVP;0;0.00
2018;rd;14803033;Östra Göteborg, Kortedala Centrum;LPo;LPO;0;0.00
2018;rd;14803033;Östra Göteborg, Kortedala Centrum;MED;MED;0;0.00
2018;rd;14803033;Östra Göteborg, Kortedala Centrum;NMR;NMR;0;0.00
2018;rd;14803033;Östra Göteborg, Kortedala Centrum;NYREF;NYREF;0;0.00
2018;rd;14803033;Östra Göteborg, Kortedala Centrum;PP;PP;0;0.00
2018;rd;14803033;Östra Göteborg, Kortedala Centrum;SKP;SKP;1;0.14
2018;rd;14803033;Östra Göteborg, Kortedala Centrum;TRP;TRP;0;0.00
2018;rd;14803033;Östra Göteborg, Kortedala Centrum;ÖVR;ÖVR;0;0.00
2018;rd;14803034;Östra Göteborg, Kortedala, Södra;M;M;113;11.93
2018;rd;14803034;Östra Göteborg, Kortedala, Södra;C;C;40;4.22
2018;rd;14803034;Östra Göteborg, Kortedala, Södra;L;L;47;4.96
2018;rd;14803034;Östra Göteborg, Kortedala, Södra;KD;KD;54;5.70
2018;rd;14803034;Östra Göteborg, Kortedala, Södra;S;S;282;29.78
2018;rd;14803034;Östra Göteborg, Kortedala, Södra;V;V;197;20.80
2018;rd;14803034;Östra Göteborg, Kortedala, Södra;MP;MP;60;6.34
2018;rd;14803034;Östra Göteborg, Kortedala, Södra;SD;SD;133;14.04
2018;rd;14803034;Östra Göteborg, Kortedala, Södra;FI;FI;4;0.42
2018;rd;14803034;Östra Göteborg, Kortedala, Södra;AfS;AFS;2;0.21
2018;rd;14803034;Östra Göteborg, Kortedala, Södra;BASIP;BASIP;0;0.00
2018;rd;14803034;Östra Göteborg, Kortedala, Södra;DD;DD;3;0.32
2018;rd;14803034;Östra Göteborg, Kortedala, Södra;DjuP;DJUP;5;0.53
2018;rd;14803034;Östra Göteborg, Kortedala, Södra;EAP;EAP;0;0.00
2018;rd;14803034;Östra Göteborg, Kortedala, Södra;ENH;ENH;0;0.00
2018;rd;14803034;Östra Göteborg, Kortedala, Södra;INI;INI;0;0.00
2018;rd;14803034;Östra Göteborg, Kortedala, Södra;KLP;KLP;0;0.00
2018;rd;14803034;Östra Göteborg, Kortedala, Södra;KrVP;KRVP;4;0.42
2018;rd;14803034;Östra Göteborg, Kortedala, Södra;LPo;LPO;0;0.00
2018;rd;14803034;Östra Göteborg, Kortedala, Södra;MED;MED;1;0.11
2018;rd;14803034;Östra Göteborg, Kortedala, Södra;NMR;NMR;0;0.00
2018;rd;14803034;Östra Göteborg, Kortedala, Södra;NYREF;NYREF;0;0.00
2018;rd;14803034;Östra Göteborg, Kortedala, Södra;PP;PP;2;0.21
2018;rd;14803034;Östra Göteborg, Kortedala, Södra;SKP;SKP;0;0.00
2018;rd;14803034;Östra Göteborg, Kortedala, Södra;TRP;TRP;0;0.00
2018;rd;14803034;Östra Göteborg, Kortedala, Södra;ÖVR;ÖVR;0;0.00
2018;rd;14803035;Östra Göteborg, Kortedala, Västra;M;M;99;10.81
2018;rd;14803035;Östra Göteborg, Kortedala, Västra;C;C;26;2.84
2018;rd;14803035;Östra Göteborg, Kortedala, Västra;L;L;25;2.73
2018;rd;14803035;Östra Göteborg, Kortedala, Västra;KD;KD;18;1.97
2018;rd;14803035;Östra Göteborg, Kortedala, Västra;S;S;330;36.03
2018;rd;14803035;Östra Göteborg, Kortedala, Västra;V;V;188;20.52
2018;rd;14803035;Östra Göteborg, Kortedala, Västra;MP;MP;53;5.79
2018;rd;14803035;Östra Göteborg, Kortedala, Västra;SD;SD;153;16.70
2018;rd;14803035;Östra Göteborg, Kortedala, Västra;FI;FI;12;1.31
2018;rd;14803035;Östra Göteborg, Kortedala, Västra;AfS;AFS;2;0.22
2018;rd;14803035;Östra Göteborg, Kortedala, Västra;BASIP;BASIP;0;0.00
2018;rd;14803035;Östra Göteborg, Kortedala, Västra;DD;DD;0;0.00
2018;rd;14803035;Östra Göteborg, Kortedala, Västra;DjuP;DJUP;0;0.00
2018;rd;14803035;Östra Göteborg, Kortedala, Västra;EAP;EAP;0;0.00
2018;rd;14803035;Östra Göteborg, Kortedala, Västra;ENH;ENH;3;0.33
2018;rd;14803035;Östra Göteborg, Kortedala, Västra;INI;INI;0;0.00
2018;rd;14803035;Östra Göteborg, Kortedala, Västra;KLP;KLP;0;0.00
2018;rd;14803035;Östra Göteborg, Kortedala, Västra;KrVP;KRVP;1;0.11
2018;rd;14803035;Östra Göteborg, Kortedala, Västra;LPo;LPO;0;0.00
2018;rd;14803035;Östra Göteborg, Kortedala, Västra;MED;MED;1;0.11
2018;rd;14803035;Östra Göteborg, Kortedala, Västra;NMR;NMR;0;0.00
2018;rd;14803035;Östra Göteborg, Kortedala, Västra;NYREF;NYREF;0;0.00
2018;rd;14803035;Östra Göteborg, Kortedala, Västra;PP;PP;5;0.55
2018;rd;14803035;Östra Göteborg, Kortedala, Västra;SKP;SKP;0;0.00
2018;rd;14803035;Östra Göteborg, Kortedala, Västra;TRP;TRP;0;0.00
2018;rd;14803035;Östra Göteborg, Kortedala, Västra;ÖVR;ÖVR;0;0.00
2018;rd;14803036;Östra Göteborg, Kortedala, Östra;M;M;53;6.90
2018;rd;14803036;Östra Göteborg, Kortedala, Östra;C;C;20;2.60
2018;rd;14803036;Östra Göteborg, Kortedala, Östra;L;L;26;3.39
2018;rd;14803036;Östra Göteborg, Kortedala, Östra;KD;KD;26;3.39
2018;rd;14803036;Östra Göteborg, Kortedala, Östra;S;S;284;36.98
2018;rd;14803036;Östra Göteborg, Kortedala, Östra;V;V;162;21.09
2018;rd;14803036;Östra Göteborg, Kortedala, Östra;MP;MP;45;5.86
2018;rd;14803036;Östra Göteborg, Kortedala, Östra;SD;SD;119;15.49
2018;rd;14803036;Östra Göteborg, Kortedala, Östra;FI;FI;19;2.47
2018;rd;14803036;Östra Göteborg, Kortedala, Östra;AfS;AFS;1;0.13
2018;rd;14803036;Östra Göteborg, Kortedala, Östra;BASIP;BASIP;0;0.00
2018;rd;14803036;Östra Göteborg, Kortedala, Östra;DD;DD;5;0.65
2018;rd;14803036;Östra Göteborg, Kortedala, Östra;DjuP;DJUP;1;0.13
2018;rd;14803036;Östra Göteborg, Kortedala, Östra;EAP;EAP;0;0.00
2018;rd;14803036;Östra Göteborg, Kortedala, Östra;ENH;ENH;1;0.13
2018;rd;14803036;Östra Göteborg, Kortedala, Östra;INI;INI;0;0.00
2018;rd;14803036;Östra Göteborg, Kortedala, Östra;KLP;KLP;0;0.00
2018;rd;14803036;Östra Göteborg, Kortedala, Östra;KrVP;KRVP;2;0.26
2018;rd;14803036;Östra Göteborg, Kortedala, Östra;LPo;LPO;0;0.00
2018;rd;14803036;Östra Göteborg, Kortedala, Östra;MED;MED;2;0.26
2018;rd;14803036;Östra Göteborg, Kortedala, Östra;NMR;NMR;0;0.00
2018;rd;14803036;Östra Göteborg, Kortedala, Östra;NYREF;NYREF;0;0.00
2018;rd;14803036;Östra Göteborg, Kortedala, Östra;PP;PP;2;0.26
2018;rd;14803036;Östra Göteborg, Kortedala, Östra;SKP;SKP;0;0.00
2018;rd;14803036;Östra Göteborg, Kortedala, Östra;TRP;TRP;0;0.00
2018;rd;14803036;Östra Göteborg, Kortedala, Östra;ÖVR;ÖVR;0;0.00
2018;rd;14803041;Östra Göteborg, Adventsparken, V;M;M;74;8.74
2018;rd;14803041;Östra Göteborg, Adventsparken, V;C;C;31;3.66
2018;rd;14803041;Östra Göteborg, Adventsparken, V;L;L;32;3.78
2018;rd;14803041;Östra Göteborg, Adventsparken, V;KD;KD;33;3.90
2018;rd;14803041;Östra Göteborg, Adventsparken, V;S;S;287;33.88
2018;rd;14803041;Östra Göteborg, Adventsparken, V;V;V;161;19.01
2018;rd;14803041;Östra Göteborg, Adventsparken, V;MP;MP;43;5.08
2018;rd;14803041;Östra Göteborg, Adventsparken, V;SD;SD;155;18.30
2018;rd;14803041;Östra Göteborg, Adventsparken, V;FI;FI;16;1.89
2018;rd;14803041;Östra Göteborg, Adventsparken, V;AfS;AFS;3;0.35
2018;rd;14803041;Östra Göteborg, Adventsparken, V;BASIP;BASIP;0;0.00
2018;rd;14803041;Östra Göteborg, Adventsparken, V;DD;DD;2;0.24
2018;rd;14803041;Östra Göteborg, Adventsparken, V;DjuP;DJUP;1;0.12
2018;rd;14803041;Östra Göteborg, Adventsparken, V;EAP;EAP;0;0.00
2018;rd;14803041;Östra Göteborg, Adventsparken, V;ENH;ENH;2;0.24
2018;rd;14803041;Östra Göteborg, Adventsparken, V;INI;INI;0;0.00
2018;rd;14803041;Östra Göteborg, Adventsparken, V;KLP;KLP;1;0.12
2018;rd;14803041;Östra Göteborg, Adventsparken, V;KrVP;KRVP;0;0.00
2018;rd;14803041;Östra Göteborg, Adventsparken, V;LPo;LPO;0;0.00
2018;rd;14803041;Östra Göteborg, Adventsparken, V;MED;MED;3;0.35
2018;rd;14803041;Östra Göteborg, Adventsparken, V;NMR;NMR;0;0.00
2018;rd;14803041;Östra Göteborg, Adventsparken, V;NYREF;NYREF;0;0.00
2018;rd;14803041;Östra Göteborg, Adventsparken, V;PP;PP;3;0.35
2018;rd;14803041;Östra Göteborg, Adventsparken, V;SKP;SKP;0;0.00
2018;rd;14803041;Östra Göteborg, Adventsparken, V;TRP;TRP;0;0.00
2018;rd;14803041;Östra Göteborg, Adventsparken, V;ÖVR;ÖVR;0;0.00
2018;rd;14803042;Östra Göteborg, Adventsparken, Ö;M;M;31;4.79
2018;rd;14803042;Östra Göteborg, Adventsparken, Ö;C;C;17;2.63
2018;rd;14803042;Östra Göteborg, Adventsparken, Ö;L;L;14;2.16
2018;rd;14803042;Östra Göteborg, Adventsparken, Ö;KD;KD;9;1.39
2018;rd;14803042;Östra Göteborg, Adventsparken, Ö;S;S;271;41.89
2018;rd;14803042;Östra Göteborg, Adventsparken, Ö;V;V;155;23.96
2018;rd;14803042;Östra Göteborg, Adventsparken, Ö;MP;MP;43;6.65
2018;rd;14803042;Östra Göteborg, Adventsparken, Ö;SD;SD;87;13.45
2018;rd;14803042;Östra Göteborg, Adventsparken, Ö;FI;FI;9;1.39
2018;rd;14803042;Östra Göteborg, Adventsparken, Ö;AfS;AFS;2;0.31
2018;rd;14803042;Östra Göteborg, Adventsparken, Ö;BASIP;BASIP;0;0.00
2018;rd;14803042;Östra Göteborg, Adventsparken, Ö;DD;DD;1;0.15
2018;rd;14803042;Östra Göteborg, Adventsparken, Ö;DjuP;DJUP;1;0.15
2018;rd;14803042;Östra Göteborg, Adventsparken, Ö;EAP;EAP;0;0.00
2018;rd;14803042;Östra Göteborg, Adventsparken, Ö;ENH;ENH;3;0.46
2018;rd;14803042;Östra Göteborg, Adventsparken, Ö;INI;INI;0;0.00
2018;rd;14803042;Östra Göteborg, Adventsparken, Ö;KLP;KLP;1;0.15
2018;rd;14803042;Östra Göteborg, Adventsparken, Ö;KrVP;KRVP;1;0.15
2018;rd;14803042;Östra Göteborg, Adventsparken, Ö;LPo;LPO;0;0.00
2018;rd;14803042;Östra Göteborg, Adventsparken, Ö;MED;MED;0;0.00
2018;rd;14803042;Östra Göteborg, Adventsparken, Ö;NMR;NMR;0;0.00
2018;rd;14803042;Östra Göteborg, Adventsparken, Ö;NYREF;NYREF;0;0.00
2018;rd;14803042;Östra Göteborg, Adventsparken, Ö;PP;PP;1;0.15
2018;rd;14803042;Östra Göteborg, Adventsparken, Ö;SKP;SKP;1;0.15
2018;rd;14803042;Östra Göteborg, Adventsparken, Ö;TRP;TRP;0;0.00
2018;rd;14803042;Östra Göteborg, Adventsparken, Ö;ÖVR;ÖVR;0;0.00
2018;rd;14803043;Östra Göteborg, Kortedala, Norra;M;M;65;8.72
2018;rd;14803043;Östra Göteborg, Kortedala, Norra;C;C;18;2.42
2018;rd;14803043;Östra Göteborg, Kortedala, Norra;L;L;24;3.22
2018;rd;14803043;Östra Göteborg, Kortedala, Norra;KD;KD;20;2.68
2018;rd;14803043;Östra Göteborg, Kortedala, Norra;S;S;275;36.91
2018;rd;14803043;Östra Göteborg, Kortedala, Norra;V;V;168;22.55
2018;rd;14803043;Östra Göteborg, Kortedala, Norra;MP;MP;35;4.70
2018;rd;14803043;Östra Göteborg, Kortedala, Norra;SD;SD;114;15.30
2018;rd;14803043;Östra Göteborg, Kortedala, Norra;FI;FI;12;1.61
2018;rd;14803043;Östra Göteborg, Kortedala, Norra;AfS;AFS;4;0.54
2018;rd;14803043;Östra Göteborg, Kortedala, Norra;BASIP;BASIP;0;0.00
2018;rd;14803043;Östra Göteborg, Kortedala, Norra;DD;DD;3;0.40
2018;rd;14803043;Östra Göteborg, Kortedala, Norra;DjuP;DJUP;1;0.13
2018;rd;14803043;Östra Göteborg, Kortedala, Norra;EAP;EAP;0;0.00
2018;rd;14803043;Östra Göteborg, Kortedala, Norra;ENH;ENH;0;0.00
2018;rd;14803043;Östra Göteborg, Kortedala, Norra;INI;INI;0;0.00
2018;rd;14803043;Östra Göteborg, Kortedala, Norra;KLP;KLP;0;0.00
2018;rd;14803043;Östra Göteborg, Kortedala, Norra;KrVP;KRVP;1;0.13
2018;rd;14803043;Östra Göteborg, Kortedala, Norra;LPo;LPO;0;0.00
2018;rd;14803043;Östra Göteborg, Kortedala, Norra;MED;MED;1;0.13
2018;rd;14803043;Östra Göteborg, Kortedala, Norra;NMR;NMR;0;0.00
2018;rd;14803043;Östra Göteborg, Kortedala, Norra;NYREF;NYREF;0;0.00
2018;rd;14803043;Östra Göteborg, Kortedala, Norra;PP;PP;4;0.54
2018;rd;14803043;Östra Göteborg, Kortedala, Norra;SKP;SKP;0;0.00
2018;rd;14803043;Östra Göteborg, Kortedala, Norra;TRP;TRP;0;0.00
2018;rd;14803043;Östra Göteborg, Kortedala, Norra;ÖVR;ÖVR;0;0.00
2018;rd;14803044;Östra Göteborg, Månadsgatorna m fl;M;M;69;8.16
2018;rd;14803044;Östra Göteborg, Månadsgatorna m fl;C;C;29;3.43
2018;rd;14803044;Östra Göteborg, Månadsgatorna m fl;L;L;34;4.02
2018;rd;14803044;Östra Göteborg, Månadsgatorna m fl;KD;KD;23;2.72
2018;rd;14803044;Östra Göteborg, Månadsgatorna m fl;S;S;306;36.17
2018;rd;14803044;Östra Göteborg, Månadsgatorna m fl;V;V;159;18.79
2018;rd;14803044;Östra Göteborg, Månadsgatorna m fl;MP;MP;62;7.33
2018;rd;14803044;Östra Göteborg, Månadsgatorna m fl;SD;SD;145;17.14
2018;rd;14803044;Östra Göteborg, Månadsgatorna m fl;FI;FI;8;0.95
2018;rd;14803044;Östra Göteborg, Månadsgatorna m fl;AfS;AFS;4;0.47
2018;rd;14803044;Östra Göteborg, Månadsgatorna m fl;BASIP;BASIP;0;0.00
2018;rd;14803044;Östra Göteborg, Månadsgatorna m fl;DD;DD;0;0.00
2018;rd;14803044;Östra Göteborg, Månadsgatorna m fl;DjuP;DJUP;2;0.24
2018;rd;14803044;Östra Göteborg, Månadsgatorna m fl;EAP;EAP;0;0.00
2018;rd;14803044;Östra Göteborg, Månadsgatorna m fl;ENH;ENH;0;0.00
2018;rd;14803044;Östra Göteborg, Månadsgatorna m fl;INI;INI;1;0.12
2018;rd;14803044;Östra Göteborg, Månadsgatorna m fl;KLP;KLP;0;0.00
2018;rd;14803044;Östra Göteborg, Månadsgatorna m fl;KrVP;KRVP;0;0.00
2018;rd;14803044;Östra Göteborg, Månadsgatorna m fl;LPo;LPO;0;0.00
2018;rd;14803044;Östra Göteborg, Månadsgatorna m fl;MED;MED;0;0.00
2018;rd;14803044;Östra Göteborg, Månadsgatorna m fl;NMR;NMR;0;0.00
2018;rd;14803044;Östra Göteborg, Månadsgatorna m fl;NYREF;NYREF;0;0.00
2018;rd;14803044;Östra Göteborg, Månadsgatorna m fl;PP;PP;4;0.47
2018;rd;14803044;Östra Göteborg, Månadsgatorna m fl;SKP;SKP;0;0.00
2018;rd;14803044;Östra Göteborg, Månadsgatorna m fl;TRP;TRP;0;0.00
2018;rd;14803044;Östra Göteborg, Månadsgatorna m fl;ÖVR;ÖVR;0;0.00
2018;rd;14803051;Östra Göteborg, Bergsjön, Norra;M;M;55;7.88
2018;rd;14803051;Östra Göteborg, Bergsjön, Norra;C;C;25;3.58
2018;rd;14803051;Östra Göteborg, Bergsjön, Norra;L;L;26;3.72
2018;rd;14803051;Östra Göteborg, Bergsjön, Norra;KD;KD;19;2.72
2018;rd;14803051;Östra Göteborg, Bergsjön, Norra;S;S;203;29.08
2018;rd;14803051;Östra Göteborg, Bergsjön, Norra;V;V;190;27.22
2018;rd;14803051;Östra Göteborg, Bergsjön, Norra;MP;MP;41;5.87
2018;rd;14803051;Östra Göteborg, Bergsjön, Norra;SD;SD;94;13.47
2018;rd;14803051;Östra Göteborg, Bergsjön, Norra;FI;FI;28;4.01
2018;rd;14803051;Östra Göteborg, Bergsjön, Norra;AfS;AFS;3;0.43
2018;rd;14803051;Östra Göteborg, Bergsjön, Norra;BASIP;BASIP;0;0.00
2018;rd;14803051;Östra Göteborg, Bergsjön, Norra;DD;DD;5;0.72
2018;rd;14803051;Östra Göteborg, Bergsjön, Norra;DjuP;DJUP;1;0.14
2018;rd;14803051;Östra Göteborg, Bergsjön, Norra;EAP;EAP;0;0.00
2018;rd;14803051;Östra Göteborg, Bergsjön, Norra;ENH;ENH;1;0.14
2018;rd;14803051;Östra Göteborg, Bergsjön, Norra;INI;INI;1;0.14
2018;rd;14803051;Östra Göteborg, Bergsjön, Norra;KLP;KLP;0;0.00
2018;rd;14803051;Östra Göteborg, Bergsjön, Norra;KrVP;KRVP;0;0.00
2018;rd;14803051;Östra Göteborg, Bergsjön, Norra;LPo;LPO;0;0.00
2018;rd;14803051;Östra Göteborg, Bergsjön, Norra;MED;MED;1;0.14
2018;rd;14803051;Östra Göteborg, Bergsjön, Norra;NMR;NMR;0;0.00
2018;rd;14803051;Östra Göteborg, Bergsjön, Norra;NYREF;NYREF;0;0.00
2018;rd;14803051;Östra Göteborg, Bergsjön, Norra;PP;PP;4;0.57
2018;rd;14803051;Östra Göteborg, Bergsjön, Norra;SKP;SKP;1;0.14
2018;rd;14803051;Östra Göteborg, Bergsjön, Norra;TRP;TRP;0;0.00
2018;rd;14803051;Östra Göteborg, Bergsjön, Norra;ÖVR;ÖVR;0;0.00
2018;rd;14803052;Östra Göteborg, Gärdsmosse;M;M;42;6.16
2018;rd;14803052;Östra Göteborg, Gärdsmosse;C;C;26;3.81
2018;rd;14803052;Östra Göteborg, Gärdsmosse;L;L;21;3.08
2018;rd;14803052;Östra Göteborg, Gärdsmosse;KD;KD;16;2.35
2018;rd;14803052;Östra Göteborg, Gärdsmosse;S;S;311;45.60
2018;rd;14803052;Östra Göteborg, Gärdsmosse;V;V;135;19.79
2018;rd;14803052;Östra Göteborg, Gärdsmosse;MP;MP;38;5.57
2018;rd;14803052;Östra Göteborg, Gärdsmosse;SD;SD;71;10.41
2018;rd;14803052;Östra Göteborg, Gärdsmosse;FI;FI;14;2.05
2018;rd;14803052;Östra Göteborg, Gärdsmosse;AfS;AFS;2;0.29
2018;rd;14803052;Östra Göteborg, Gärdsmosse;BASIP;BASIP;0;0.00
2018;rd;14803052;Östra Göteborg, Gärdsmosse;DD;DD;1;0.15
2018;rd;14803052;Östra Göteborg, Gärdsmosse;DjuP;DJUP;1;0.15
2018;rd;14803052;Östra Göteborg, Gärdsmosse;EAP;EAP;0;0.00
2018;rd;14803052;Östra Göteborg, Gärdsmosse;ENH;ENH;0;0.00
2018;rd;14803052;Östra Göteborg, Gärdsmosse;INI;INI;0;0.00
2018;rd;14803052;Östra Göteborg, Gärdsmosse;KLP;KLP;0;0.00
2018;rd;14803052;Östra Göteborg, Gärdsmosse;KrVP;KRVP;0;0.00
2018;rd;14803052;Östra Göteborg, Gärdsmosse;LPo;LPO;0;0.00
2018;rd;14803052;Östra Göteborg, Gärdsmosse;MED;MED;1;0.15
2018;rd;14803052;Östra Göteborg, Gärdsmosse;NMR;NMR;0;0.00
2018;rd;14803052;Östra Göteborg, Gärdsmosse;NYREF;NYREF;0;0.00
2018;rd;14803052;Östra Göteborg, Gärdsmosse;PP;PP;3;0.44
2018;rd;14803052;Östra Göteborg, Gärdsmosse;SKP;SKP;0;0.00
2018;rd;14803052;Östra Göteborg, Gärdsmosse;TRP;TRP;0;0.00
2018;rd;14803052;Östra Göteborg, Gärdsmosse;ÖVR;ÖVR;0;0.00
2018;rd;14803053;Östra Göteborg, Gärdsås;M;M;104;15.55
2018;rd;14803053;Östra Göteborg, Gärdsås;C;C;18;2.69
2018;rd;14803053;Östra Göteborg, Gärdsås;L;L;26;3.89
2018;rd;14803053;Östra Göteborg, Gärdsås;KD;KD;56;8.37
2018;rd;14803053;Östra Göteborg, Gärdsås;S;S;225;33.63
2018;rd;14803053;Östra Göteborg, Gärdsås;V;V;74;11.06
2018;rd;14803053;Östra Göteborg, Gärdsås;MP;MP;37;5.53
2018;rd;14803053;Östra Göteborg, Gärdsås;SD;SD;117;17.49
2018;rd;14803053;Östra Göteborg, Gärdsås;FI;FI;4;0.60
2018;rd;14803053;Östra Göteborg, Gärdsås;AfS;AFS;1;0.15
2018;rd;14803053;Östra Göteborg, Gärdsås;BASIP;BASIP;0;0.00
2018;rd;14803053;Östra Göteborg, Gärdsås;DD;DD;4;0.60
2018;rd;14803053;Östra Göteborg, Gärdsås;DjuP;DJUP;1;0.15
2018;rd;14803053;Östra Göteborg, Gärdsås;EAP;EAP;0;0.00
2018;rd;14803053;Östra Göteborg, Gärdsås;ENH;ENH;0;0.00
2018;rd;14803053;Östra Göteborg, Gärdsås;INI;INI;0;0.00
2018;rd;14803053;Östra Göteborg, Gärdsås;KLP;KLP;0;0.00
2018;rd;14803053;Östra Göteborg, Gärdsås;KrVP;KRVP;0;0.00
2018;rd;14803053;Östra Göteborg, Gärdsås;LPo;LPO;0;0.00
2018;rd;14803053;Östra Göteborg, Gärdsås;MED;MED;2;0.30
2018;rd;14803053;Östra Göteborg, Gärdsås;NMR;NMR;0;0.00
2018;rd;14803053;Östra Göteborg, Gärdsås;NYREF;NYREF;0;0.00
2018;rd;14803053;Östra Göteborg, Gärdsås;PP;PP;0;0.00
2018;rd;14803053;Östra Göteborg, Gärdsås;SKP;SKP;0;0.00
2018;rd;14803053;Östra Göteborg, Gärdsås;TRP;TRP;0;0.00
2018;rd;14803053;Östra Göteborg, Gärdsås;ÖVR;ÖVR;0;0.00
2018;rd;14803054;Östra Göteborg, Siriusgatan;M;M;56;5.74
2018;rd;14803054;Östra Göteborg, Siriusgatan;C;C;10;1.03
2018;rd;14803054;Östra Göteborg, Siriusgatan;L;L;11;1.13
2018;rd;14803054;Östra Göteborg, Siriusgatan;KD;KD;13;1.33
2018;rd;14803054;Östra Göteborg, Siriusgatan;S;S;548;56.21
2018;rd;14803054;Östra Göteborg, Siriusgatan;V;V;134;13.74
2018;rd;14803054;Östra Göteborg, Siriusgatan;MP;MP;93;9.54
2018;rd;14803054;Östra Göteborg, Siriusgatan;SD;SD;89;9.13
2018;rd;14803054;Östra Göteborg, Siriusgatan;FI;FI;9;0.92
2018;rd;14803054;Östra Göteborg, Siriusgatan;AfS;AFS;4;0.41
2018;rd;14803054;Östra Göteborg, Siriusgatan;BASIP;BASIP;0;0.00
2018;rd;14803054;Östra Göteborg, Siriusgatan;DD;DD;0;0.00
2018;rd;14803054;Östra Göteborg, Siriusgatan;DjuP;DJUP;1;0.10
2018;rd;14803054;Östra Göteborg, Siriusgatan;EAP;EAP;0;0.00
2018;rd;14803054;Östra Göteborg, Siriusgatan;ENH;ENH;1;0.10
2018;rd;14803054;Östra Göteborg, Siriusgatan;INI;INI;0;0.00
2018;rd;14803054;Östra Göteborg, Siriusgatan;KLP;KLP;0;0.00
2018;rd;14803054;Östra Göteborg, Siriusgatan;KrVP;KRVP;2;0.21
2018;rd;14803054;Östra Göteborg, Siriusgatan;LPo;LPO;0;0.00
2018;rd;14803054;Östra Göteborg, Siriusgatan;MED;MED;1;0.10
2018;rd;14803054;Östra Göteborg, Siriusgatan;NMR;NMR;0;0.00
2018;rd;14803054;Östra Göteborg, Siriusgatan;NYREF;NYREF;0;0.00
2018;rd;14803054;Östra Göteborg, Siriusgatan;PP;PP;3;0.31
2018;rd;14803054;Östra Göteborg, Siriusgatan;SKP;SKP;0;0.00
2018;rd;14803054;Östra Göteborg, Siriusgatan;TRP;TRP;0;0.00
2018;rd;14803054;Östra Göteborg, Siriusgatan;ÖVR;ÖVR;0;0.00
2018;rd;14803061;Östra Göteborg, Bergsjön, Södra;M;M;49;6.15
2018;rd;14803061;Östra Göteborg, Bergsjön, Södra;C;C;18;2.26
2018;rd;14803061;Östra Göteborg, Bergsjön, Södra;L;L;22;2.76
2018;rd;14803061;Östra Göteborg, Bergsjön, Södra;KD;KD;18;2.26
2018;rd;14803061;Östra Göteborg, Bergsjön, Södra;S;S;465;58.34
2018;rd;14803061;Östra Göteborg, Bergsjön, Södra;V;V;132;16.56
2018;rd;14803061;Östra Göteborg, Bergsjön, Södra;MP;MP;24;3.01
2018;rd;14803061;Östra Göteborg, Bergsjön, Södra;SD;SD;63;7.90
2018;rd;14803061;Östra Göteborg, Bergsjön, Södra;FI;FI;0;0.00
2018;rd;14803061;Östra Göteborg, Bergsjön, Södra;AfS;AFS;3;0.38
2018;rd;14803061;Östra Göteborg, Bergsjön, Södra;BASIP;BASIP;0;0.00
2018;rd;14803061;Östra Göteborg, Bergsjön, Södra;DD;DD;0;0.00
2018;rd;14803061;Östra Göteborg, Bergsjön, Södra;DjuP;DJUP;3;0.38
2018;rd;14803061;Östra Göteborg, Bergsjön, Södra;EAP;EAP;0;0.00
2018;rd;14803061;Östra Göteborg, Bergsjön, Södra;ENH;ENH;0;0.00
2018;rd;14803061;Östra Göteborg, Bergsjön, Södra;INI;INI;0;0.00
2018;rd;14803061;Östra Göteborg, Bergsjön, Södra;KLP;KLP;0;0.00
2018;rd;14803061;Östra Göteborg, Bergsjön, Södra;KrVP;KRVP;0;0.00
2018;rd;14803061;Östra Göteborg, Bergsjön, Södra;LPo;LPO;0;0.00
2018;rd;14803061;Östra Göteborg, Bergsjön, Södra;MED;MED;0;0.00
2018;rd;14803061;Östra Göteborg, Bergsjön, Södra;NMR;NMR;0;0.00
2018;rd;14803061;Östra Göteborg, Bergsjön, Södra;NYREF;NYREF;0;0.00
2018;rd;14803061;Östra Göteborg, Bergsjön, Södra;PP;PP;0;0.00
2018;rd;14803061;Östra Göteborg, Bergsjön, Södra;SKP;SKP;0;0.00
2018;rd;14803061;Östra Göteborg, Bergsjön, Södra;TRP;TRP;0;0.00
2018;rd;14803061;Östra Göteborg, Bergsjön, Södra;ÖVR;ÖVR;0;0.00
2018;rd;14803062;Östra Göteborg, Bergsjön, Östra;M;M;36;4.86
2018;rd;14803062;Östra Göteborg, Bergsjön, Östra;C;C;14;1.89
2018;rd;14803062;Östra Göteborg, Bergsjön, Östra;L;L;10;1.35
2018;rd;14803062;Östra Göteborg, Bergsjön, Östra;KD;KD;10;1.35
2018;rd;14803062;Östra Göteborg, Bergsjön, Östra;S;S;452;61.08
2018;rd;14803062;Östra Göteborg, Bergsjön, Östra;V;V;103;13.92
2018;rd;14803062;Östra Göteborg, Bergsjön, Östra;MP;MP;62;8.38
2018;rd;14803062;Östra Göteborg, Bergsjön, Östra;SD;SD;41;5.54
2018;rd;14803062;Östra Göteborg, Bergsjön, Östra;FI;FI;4;0.54
2018;rd;14803062;Östra Göteborg, Bergsjön, Östra;AfS;AFS;1;0.14
2018;rd;14803062;Östra Göteborg, Bergsjön, Östra;BASIP;BASIP;0;0.00
2018;rd;14803062;Östra Göteborg, Bergsjön, Östra;DD;DD;0;0.00
2018;rd;14803062;Östra Göteborg, Bergsjön, Östra;DjuP;DJUP;2;0.27
2018;rd;14803062;Östra Göteborg, Bergsjön, Östra;EAP;EAP;0;0.00
2018;rd;14803062;Östra Göteborg, Bergsjön, Östra;ENH;ENH;0;0.00
2018;rd;14803062;Östra Göteborg, Bergsjön, Östra;INI;INI;3;0.41
2018;rd;14803062;Östra Göteborg, Bergsjön, Östra;KLP;KLP;0;0.00
2018;rd;14803062;Östra Göteborg, Bergsjön, Östra;KrVP;KRVP;1;0.14
2018;rd;14803062;Östra Göteborg, Bergsjön, Östra;LPo;LPO;0;0.00
2018;rd;14803062;Östra Göteborg, Bergsjön, Östra;MED;MED;0;0.00
2018;rd;14803062;Östra Göteborg, Bergsjön, Östra;NMR;NMR;0;0.00
2018;rd;14803062;Östra Göteborg, Bergsjön, Östra;NYREF;NYREF;0;0.00
2018;rd;14803062;Östra Göteborg, Bergsjön, Östra;PP;PP;1;0.14
2018;rd;14803062;Östra Göteborg, Bergsjön, Östra;SKP;SKP;0;0.00
2018;rd;14803062;Östra Göteborg, Bergsjön, Östra;TRP;TRP;0;0.00
2018;rd;14803062;Östra Göteborg, Bergsjön, Östra;ÖVR;ÖVR;0;0.00
2018;rd;14803063;Östra Göteborg, Komettorget;M;M;57;9.56
2018;rd;14803063;Östra Göteborg, Komettorget;C;C;18;3.02
2018;rd;14803063;Östra Göteborg, Komettorget;L;L;12;2.01
2018;rd;14803063;Östra Göteborg, Komettorget;KD;KD;25;4.19
2018;rd;14803063;Östra Göteborg, Komettorget;S;S;307;51.51
2018;rd;14803063;Östra Göteborg, Komettorget;V;V;107;17.95
2018;rd;14803063;Östra Göteborg, Komettorget;MP;MP;13;2.18
2018;rd;14803063;Östra Göteborg, Komettorget;SD;SD;49;8.22
2018;rd;14803063;Östra Göteborg, Komettorget;FI;FI;2;0.34
2018;rd;14803063;Östra Göteborg, Komettorget;AfS;AFS;2;0.34
2018;rd;14803063;Östra Göteborg, Komettorget;BASIP;BASIP;0;0.00
2018;rd;14803063;Östra Göteborg, Komettorget;DD;DD;0;0.00
2018;rd;14803063;Östra Göteborg, Komettorget;DjuP;DJUP;1;0.17
2018;rd;14803063;Östra Göteborg, Komettorget;EAP;EAP;0;0.00
2018;rd;14803063;Östra Göteborg, Komettorget;ENH;ENH;0;0.00
2018;rd;14803063;Östra Göteborg, Komettorget;INI;INI;0;0.00
2018;rd;14803063;Östra Göteborg, Komettorget;KLP;KLP;0;0.00
2018;rd;14803063;Östra Göteborg, Komettorget;KrVP;KRVP;1;0.17
2018;rd;14803063;Östra Göteborg, Komettorget;LPo;LPO;0;0.00
2018;rd;14803063;Östra Göteborg, Komettorget;MED;MED;0;0.00
2018;rd;14803063;Östra Göteborg, Komettorget;NMR;NMR;0;0.00
2018;rd;14803063;Östra Göteborg, Komettorget;NYREF;NYREF;0;0.00
2018;rd;14803063;Östra Göteborg, Komettorget;PP;PP;2;0.34
2018;rd;14803063;Östra Göteborg, Komettorget;SKP;SKP;0;0.00
2018;rd;14803063;Östra Göteborg, Komettorget;TRP;TRP;0;0.00
2018;rd;14803063;Östra Göteborg, Komettorget;ÖVR;ÖVR;0;0.00
2018;rd;14803064;Östra Göteborg, Rymdtorget;M;M;37;5.47
2018;rd;14803064;Östra Göteborg, Rymdtorget;C;C;15;2.22
2018;rd;14803064;Östra Göteborg, Rymdtorget;L;L;9;1.33
2018;rd;14803064;Östra Göteborg, Rymdtorget;KD;KD;22;3.25
2018;rd;14803064;Östra Göteborg, Rymdtorget;S;S;367;54.21
2018;rd;14803064;Östra Göteborg, Rymdtorget;V;V;103;15.21
2018;rd;14803064;Östra Göteborg, Rymdtorget;MP;MP;64;9.45
2018;rd;14803064;Östra Göteborg, Rymdtorget;SD;SD;46;6.79
2018;rd;14803064;Östra Göteborg, Rymdtorget;FI;FI;7;1.03
2018;rd;14803064;Östra Göteborg, Rymdtorget;AfS;AFS;2;0.30
2018;rd;14803064;Östra Göteborg, Rymdtorget;BASIP;BASIP;0;0.00
2018;rd;14803064;Östra Göteborg, Rymdtorget;DD;DD;0;0.00
2018;rd;14803064;Östra Göteborg, Rymdtorget;DjuP;DJUP;1;0.15
2018;rd;14803064;Östra Göteborg, Rymdtorget;EAP;EAP;0;0.00
2018;rd;14803064;Östra Göteborg, Rymdtorget;ENH;ENH;0;0.00
2018;rd;14803064;Östra Göteborg, Rymdtorget;INI;INI;0;0.00
2018;rd;14803064;Östra Göteborg, Rymdtorget;KLP;KLP;0;0.00
2018;rd;14803064;Östra Göteborg, Rymdtorget;KrVP;KRVP;0;0.00
2018;rd;14803064;Östra Göteborg, Rymdtorget;LPo;LPO;0;0.00
2018;rd;14803064;Östra Göteborg, Rymdtorget;MED;MED;0;0.00
2018;rd;14803064;Östra Göteborg, Rymdtorget;NMR;NMR;0;0.00
2018;rd;14803064;Östra Göteborg, Rymdtorget;NYREF;NYREF;0;0.00
2018;rd;14803064;Östra Göteborg, Rymdtorget;PP;PP;1;0.15
2018;rd;14803064;Östra Göteborg, Rymdtorget;SKP;SKP;3;0.44
2018;rd;14803064;Östra Göteborg, Rymdtorget;TRP;TRP;0;0.00
2018;rd;14803064;Östra Göteborg, Rymdtorget;ÖVR;ÖVR;0;0.00
2018;rd;14804021;Lundby, Bjurslätt, Södra;M;M;86;9.13
2018;rd;14804021;Lundby, Bjurslätt, Södra;C;C;70;7.43
2018;rd;14804021;Lundby, Bjurslätt, Södra;L;L;30;3.18
2018;rd;14804021;Lundby, Bjurslätt, Södra;KD;KD;26;2.76
2018;rd;14804021;Lundby, Bjurslätt, Södra;S;S;344;36.52
2018;rd;14804021;Lundby, Bjurslätt, Södra;V;V;200;21.23
2018;rd;14804021;Lundby, Bjurslätt, Södra;MP;MP;61;6.48
2018;rd;14804021;Lundby, Bjurslätt, Södra;SD;SD;103;10.93
2018;rd;14804021;Lundby, Bjurslätt, Södra;FI;FI;13;1.38
2018;rd;14804021;Lundby, Bjurslätt, Södra;AfS;AFS;2;0.21
2018;rd;14804021;Lundby, Bjurslätt, Södra;BASIP;BASIP;0;0.00
2018;rd;14804021;Lundby, Bjurslätt, Södra;DD;DD;0;0.00
2018;rd;14804021;Lundby, Bjurslätt, Södra;DjuP;DJUP;0;0.00
2018;rd;14804021;Lundby, Bjurslätt, Södra;EAP;EAP;0;0.00
2018;rd;14804021;Lundby, Bjurslätt, Södra;ENH;ENH;1;0.11
2018;rd;14804021;Lundby, Bjurslätt, Södra;INI;INI;0;0.00
2018;rd;14804021;Lundby, Bjurslätt, Södra;KLP;KLP;1;0.11
2018;rd;14804021;Lundby, Bjurslätt, Södra;KrVP;KRVP;0;0.00
2018;rd;14804021;Lundby, Bjurslätt, Södra;LPo;LPO;0;0.00
2018;rd;14804021;Lundby, Bjurslätt, Södra;MED;MED;3;0.32
2018;rd;14804021;Lundby, Bjurslätt, Södra;NMR;NMR;0;0.00
2018;rd;14804021;Lundby, Bjurslätt, Södra;NYREF;NYREF;0;0.00
2018;rd;14804021;Lundby, Bjurslätt, Södra;PP;PP;0;0.00
2018;rd;14804021;Lundby, Bjurslätt, Södra;SKP;SKP;0;0.00
2018;rd;14804021;Lundby, Bjurslätt, Södra;TRP;TRP;0;0.00
2018;rd;14804021;Lundby, Bjurslätt, Södra;ÖVR;ÖVR;2;0.21
2018;rd;14804022;Lundby, Flunsås;M;M;121;11.68
2018;rd;14804022;Lundby, Flunsås;C;C;55;5.31
2018;rd;14804022;Lundby, Flunsås;L;L;50;4.83
2018;rd;14804022;Lundby, Flunsås;KD;KD;38;3.67
2018;rd;14804022;Lundby, Flunsås;S;S;276;26.64
2018;rd;14804022;Lundby, Flunsås;V;V;236;22.78
2018;rd;14804022;Lundby, Flunsås;MP;MP;77;7.43
2018;rd;14804022;Lundby, Flunsås;SD;SD;155;14.96
2018;rd;14804022;Lundby, Flunsås;FI;FI;13;1.25
2018;rd;14804022;Lundby, Flunsås;AfS;AFS;2;0.19
2018;rd;14804022;Lundby, Flunsås;BASIP;BASIP;2;0.19
2018;rd;14804022;Lundby, Flunsås;DD;DD;0;0.00
2018;rd;14804022;Lundby, Flunsås;DjuP;DJUP;0;0.00
2018;rd;14804022;Lundby, Flunsås;EAP;EAP;0;0.00
2018;rd;14804022;Lundby, Flunsås;ENH;ENH;3;0.29
2018;rd;14804022;Lundby, Flunsås;INI;INI;0;0.00
2018;rd;14804022;Lundby, Flunsås;KLP;KLP;0;0.00
2018;rd;14804022;Lundby, Flunsås;KrVP;KRVP;0;0.00
2018;rd;14804022;Lundby, Flunsås;LPo;LPO;0;0.00
2018;rd;14804022;Lundby, Flunsås;MED;MED;5;0.48
2018;rd;14804022;Lundby, Flunsås;NMR;NMR;0;0.00
2018;rd;14804022;Lundby, Flunsås;NYREF;NYREF;0;0.00
2018;rd;14804022;Lundby, Flunsås;PP;PP;3;0.29
2018;rd;14804022;Lundby, Flunsås;SKP;SKP;0;0.00
2018;rd;14804022;Lundby, Flunsås;TRP;TRP;0;0.00
2018;rd;14804022;Lundby, Flunsås;ÖVR;ÖVR;0;0.00
2018;rd;14804023;Lundby, Kvillebäcken, Norra;M;M;159;15.27
2018;rd;14804023;Lundby, Kvillebäcken, Norra;C;C;72;6.92
2018;rd;14804023;Lundby, Kvillebäcken, Norra;L;L;55;5.28
2018;rd;14804023;Lundby, Kvillebäcken, Norra;KD;KD;43;4.13
2018;rd;14804023;Lundby, Kvillebäcken, Norra;S;S;291;27.95
2018;rd;14804023;Lundby, Kvillebäcken, Norra;V;V;203;19.50
2018;rd;14804023;Lundby, Kvillebäcken, Norra;MP;MP;69;6.63
2018;rd;14804023;Lundby, Kvillebäcken, Norra;SD;SD;123;11.82
2018;rd;14804023;Lundby, Kvillebäcken, Norra;FI;FI;15;1.44
2018;rd;14804023;Lundby, Kvillebäcken, Norra;AfS;AFS;4;0.38
2018;rd;14804023;Lundby, Kvillebäcken, Norra;BASIP;BASIP;1;0.10
2018;rd;14804023;Lundby, Kvillebäcken, Norra;DD;DD;0;0.00
2018;rd;14804023;Lundby, Kvillebäcken, Norra;DjuP;DJUP;1;0.10
2018;rd;14804023;Lundby, Kvillebäcken, Norra;EAP;EAP;0;0.00
2018;rd;14804023;Lundby, Kvillebäcken, Norra;ENH;ENH;0;0.00
2018;rd;14804023;Lundby, Kvillebäcken, Norra;INI;INI;0;0.00
2018;rd;14804023;Lundby, Kvillebäcken, Norra;KLP;KLP;0;0.00
2018;rd;14804023;Lundby, Kvillebäcken, Norra;KrVP;KRVP;0;0.00
2018;rd;14804023;Lundby, Kvillebäcken, Norra;LPo;LPO;0;0.00
2018;rd;14804023;Lundby, Kvillebäcken, Norra;MED;MED;1;0.10
2018;rd;14804023;Lundby, Kvillebäcken, Norra;NMR;NMR;1;0.10
2018;rd;14804023;Lundby, Kvillebäcken, Norra;NYREF;NYREF;0;0.00
2018;rd;14804023;Lundby, Kvillebäcken, Norra;PP;PP;3;0.29
2018;rd;14804023;Lundby, Kvillebäcken, Norra;SKP;SKP;0;0.00
2018;rd;14804023;Lundby, Kvillebäcken, Norra;TRP;TRP;0;0.00
2018;rd;14804023;Lundby, Kvillebäcken, Norra;ÖVR;ÖVR;0;0.00
2018;rd;14804024;Lundby, Kvillebäcken, Södra;M;M;112;11.23
2018;rd;14804024;Lundby, Kvillebäcken, Södra;C;C;60;6.02
2018;rd;14804024;Lundby, Kvillebäcken, Södra;L;L;52;5.22
2018;rd;14804024;Lundby, Kvillebäcken, Södra;KD;KD;22;2.21
2018;rd;14804024;Lundby, Kvillebäcken, Södra;S;S;265;26.58
2018;rd;14804024;Lundby, Kvillebäcken, Södra;V;V;247;24.77
2018;rd;14804024;Lundby, Kvillebäcken, Södra;MP;MP;78;7.82
2018;rd;14804024;Lundby, Kvillebäcken, Södra;SD;SD;110;11.03
2018;rd;14804024;Lundby, Kvillebäcken, Södra;FI;FI;18;1.81
2018;rd;14804024;Lundby, Kvillebäcken, Södra;AfS;AFS;10;1.00
2018;rd;14804024;Lundby, Kvillebäcken, Södra;BASIP;BASIP;0;0.00
2018;rd;14804024;Lundby, Kvillebäcken, Södra;DD;DD;1;0.10
2018;rd;14804024;Lundby, Kvillebäcken, Södra;DjuP;DJUP;3;0.30
2018;rd;14804024;Lundby, Kvillebäcken, Södra;EAP;EAP;0;0.00
2018;rd;14804024;Lundby, Kvillebäcken, Södra;ENH;ENH;3;0.30
2018;rd;14804024;Lundby, Kvillebäcken, Södra;INI;INI;0;0.00
2018;rd;14804024;Lundby, Kvillebäcken, Södra;KLP;KLP;1;0.10
2018;rd;14804024;Lundby, Kvillebäcken, Södra;KrVP;KRVP;2;0.20
2018;rd;14804024;Lundby, Kvillebäcken, Södra;LPo;LPO;0;0.00
2018;rd;14804024;Lundby, Kvillebäcken, Södra;MED;MED;8;0.80
2018;rd;14804024;Lundby, Kvillebäcken, Södra;NMR;NMR;2;0.20
2018;rd;14804024;Lundby, Kvillebäcken, Södra;NYREF;NYREF;0;0.00
2018;rd;14804024;Lundby, Kvillebäcken, Södra;PP;PP;2;0.20
2018;rd;14804024;Lundby, Kvillebäcken, Södra;SKP;SKP;1;0.10
2018;rd;14804024;Lundby, Kvillebäcken, Södra;TRP;TRP;0;0.00
2018;rd;14804024;Lundby, Kvillebäcken, Södra;ÖVR;ÖVR;0;0.00
2018;rd;14804025;Lundby, Kvillebäcken, Östra;M;M;193;20.96
2018;rd;14804025;Lundby, Kvillebäcken, Östra;C;C;68;7.38
2018;rd;14804025;Lundby, Kvillebäcken, Östra;L;L;54;5.86
2018;rd;14804025;Lundby, Kvillebäcken, Östra;KD;KD;33;3.58
2018;rd;14804025;Lundby, Kvillebäcken, Östra;S;S;201;21.82
2018;rd;14804025;Lundby, Kvillebäcken, Östra;V;V;184;19.98
2018;rd;14804025;Lundby, Kvillebäcken, Östra;MP;MP;72;7.82
2018;rd;14804025;Lundby, Kvillebäcken, Östra;SD;SD;89;9.66
2018;rd;14804025;Lundby, Kvillebäcken, Östra;FI;FI;13;1.41
2018;rd;14804025;Lundby, Kvillebäcken, Östra;AfS;AFS;2;0.22
2018;rd;14804025;Lundby, Kvillebäcken, Östra;BASIP;BASIP;0;0.00
2018;rd;14804025;Lundby, Kvillebäcken, Östra;DD;DD;0;0.00
2018;rd;14804025;Lundby, Kvillebäcken, Östra;DjuP;DJUP;0;0.00
2018;rd;14804025;Lundby, Kvillebäcken, Östra;EAP;EAP;0;0.00
2018;rd;14804025;Lundby, Kvillebäcken, Östra;ENH;ENH;1;0.11
2018;rd;14804025;Lundby, Kvillebäcken, Östra;INI;INI;0;0.00
2018;rd;14804025;Lundby, Kvillebäcken, Östra;KLP;KLP;1;0.11
2018;rd;14804025;Lundby, Kvillebäcken, Östra;KrVP;KRVP;0;0.00
2018;rd;14804025;Lundby, Kvillebäcken, Östra;LPo;LPO;0;0.00
2018;rd;14804025;Lundby, Kvillebäcken, Östra;MED;MED;5;0.54
2018;rd;14804025;Lundby, Kvillebäcken, Östra;NMR;NMR;0;0.00
2018;rd;14804025;Lundby, Kvillebäcken, Östra;NYREF;NYREF;0;0.00
2018;rd;14804025;Lundby, Kvillebäcken, Östra;PP;PP;5;0.54
2018;rd;14804025;Lundby, Kvillebäcken, Östra;SKP;SKP;0;0.00
2018;rd;14804025;Lundby, Kvillebäcken, Östra;TRP;TRP;0;0.00
2018;rd;14804025;Lundby, Kvillebäcken, Östra;ÖVR;ÖVR;0;0.00
2018;rd;14804026;Lundby, Penselgatan m fl;M;M;237;23.70
2018;rd;14804026;Lundby, Penselgatan m fl;C;C;82;8.20
2018;rd;14804026;Lundby, Penselgatan m fl;L;L;55;5.50
2018;rd;14804026;Lundby, Penselgatan m fl;KD;KD;43;4.30
2018;rd;14804026;Lundby, Penselgatan m fl;S;S;239;23.90
2018;rd;14804026;Lundby, Penselgatan m fl;V;V;131;13.10
2018;rd;14804026;Lundby, Penselgatan m fl;MP;MP;81;8.10
2018;rd;14804026;Lundby, Penselgatan m fl;SD;SD;106;10.60
2018;rd;14804026;Lundby, Penselgatan m fl;FI;FI;9;0.90
2018;rd;14804026;Lundby, Penselgatan m fl;AfS;AFS;3;0.30
2018;rd;14804026;Lundby, Penselgatan m fl;BASIP;BASIP;0;0.00
2018;rd;14804026;Lundby, Penselgatan m fl;DD;DD;0;0.00
2018;rd;14804026;Lundby, Penselgatan m fl;DjuP;DJUP;1;0.10
2018;rd;14804026;Lundby, Penselgatan m fl;EAP;EAP;0;0.00
2018;rd;14804026;Lundby, Penselgatan m fl;ENH;ENH;1;0.10
2018;rd;14804026;Lundby, Penselgatan m fl;INI;INI;0;0.00
2018;rd;14804026;Lundby, Penselgatan m fl;KLP;KLP;2;0.20
2018;rd;14804026;Lundby, Penselgatan m fl;KrVP;KRVP;1;0.10
2018;rd;14804026;Lundby, Penselgatan m fl;LPo;LPO;1;0.10
2018;rd;14804026;Lundby, Penselgatan m fl;MED;MED;3;0.30
2018;rd;14804026;Lundby, Penselgatan m fl;NMR;NMR;1;0.10
2018;rd;14804026;Lundby, Penselgatan m fl;NYREF;NYREF;0;0.00
2018;rd;14804026;Lundby, Penselgatan m fl;PP;PP;4;0.40
2018;rd;14804026;Lundby, Penselgatan m fl;SKP;SKP;0;0.00
2018;rd;14804026;Lundby, Penselgatan m fl;TRP;TRP;0;0.00
2018;rd;14804026;Lundby, Penselgatan m fl;ÖVR;ÖVR;0;0.00
2018;rd;14804027;Lundby, Wieselgrensplatsen;M;M;179;15.93
2018;rd;14804027;Lundby, Wieselgrensplatsen;C;C;55;4.89
2018;rd;14804027;Lundby, Wieselgrensplatsen;L;L;49;4.36
2018;rd;14804027;Lundby, Wieselgrensplatsen;KD;KD;41;3.65
2018;rd;14804027;Lundby, Wieselgrensplatsen;S;S;306;27.22
2018;rd;14804027;Lundby, Wieselgrensplatsen;V;V;200;17.79
2018;rd;14804027;Lundby, Wieselgrensplatsen;MP;MP;79;7.03
2018;rd;14804027;Lundby, Wieselgrensplatsen;SD;SD;191;16.99
2018;rd;14804027;Lundby, Wieselgrensplatsen;FI;FI;4;0.36
2018;rd;14804027;Lundby, Wieselgrensplatsen;AfS;AFS;2;0.18
2018;rd;14804027;Lundby, Wieselgrensplatsen;BASIP;BASIP;2;0.18
2018;rd;14804027;Lundby, Wieselgrensplatsen;DD;DD;4;0.36
2018;rd;14804027;Lundby, Wieselgrensplatsen;DjuP;DJUP;0;0.00
2018;rd;14804027;Lundby, Wieselgrensplatsen;EAP;EAP;0;0.00
2018;rd;14804027;Lundby, Wieselgrensplatsen;ENH;ENH;2;0.18
2018;rd;14804027;Lundby, Wieselgrensplatsen;INI;INI;0;0.00
2018;rd;14804027;Lundby, Wieselgrensplatsen;KLP;KLP;1;0.09
2018;rd;14804027;Lundby, Wieselgrensplatsen;KrVP;KRVP;0;0.00
2018;rd;14804027;Lundby, Wieselgrensplatsen;LPo;LPO;0;0.00
2018;rd;14804027;Lundby, Wieselgrensplatsen;MED;MED;5;0.44
2018;rd;14804027;Lundby, Wieselgrensplatsen;NMR;NMR;1;0.09
2018;rd;14804027;Lundby, Wieselgrensplatsen;NYREF;NYREF;0;0.00
2018;rd;14804027;Lundby, Wieselgrensplatsen;PP;PP;3;0.27
2018;rd;14804027;Lundby, Wieselgrensplatsen;SKP;SKP;0;0.00
2018;rd;14804027;Lundby, Wieselgrensplatsen;TRP;TRP;0;0.00
2018;rd;14804027;Lundby, Wieselgrensplatsen;ÖVR;ÖVR;0;0.00
2018;rd;14804028;Lundby, Vågmästarplatsen;M;M;109;29.54
2018;rd;14804028;Lundby, Vågmästarplatsen;C;C;34;9.21
2018;rd;14804028;Lundby, Vågmästarplatsen;L;L;36;9.76
2018;rd;14804028;Lundby, Vågmästarplatsen;KD;KD;12;3.25
2018;rd;14804028;Lundby, Vågmästarplatsen;S;S;82;22.22
2018;rd;14804028;Lundby, Vågmästarplatsen;V;V;46;12.47
2018;rd;14804028;Lundby, Vågmästarplatsen;MP;MP;16;4.34
2018;rd;14804028;Lundby, Vågmästarplatsen;SD;SD;28;7.59
2018;rd;14804028;Lundby, Vågmästarplatsen;FI;FI;2;0.54
2018;rd;14804028;Lundby, Vågmästarplatsen;AfS;AFS;1;0.27
2018;rd;14804028;Lundby, Vågmästarplatsen;BASIP;BASIP;0;0.00
2018;rd;14804028;Lundby, Vågmästarplatsen;DD;DD;0;0.00
2018;rd;14804028;Lundby, Vågmästarplatsen;DjuP;DJUP;0;0.00
2018;rd;14804028;Lundby, Vågmästarplatsen;EAP;EAP;0;0.00
2018;rd;14804028;Lundby, Vågmästarplatsen;ENH;ENH;0;0.00
2018;rd;14804028;Lundby, Vågmästarplatsen;INI;INI;0;0.00
2018;rd;14804028;Lundby, Vågmästarplatsen;KLP;KLP;0;0.00
2018;rd;14804028;Lundby, Vågmästarplatsen;KrVP;KRVP;0;0.00
2018;rd;14804028;Lundby, Vågmästarplatsen;LPo;LPO;0;0.00
2018;rd;14804028;Lundby, Vågmästarplatsen;MED;MED;3;0.81
2018;rd;14804028;Lundby, Vågmästarplatsen;NMR;NMR;0;0.00
2018;rd;14804028;Lundby, Vågmästarplatsen;NYREF;NYREF;0;0.00
2018;rd;14804028;Lundby, Vågmästarplatsen;PP;PP;0;0.00
2018;rd;14804028;Lundby, Vågmästarplatsen;SKP;SKP;0;0.00
2018;rd;14804028;Lundby, Vågmästarplatsen;TRP;TRP;0;0.00
2018;rd;14804028;Lundby, Vågmästarplatsen;ÖVR;ÖVR;0;0.00
2018;rd;14804031;Lundby, Bjurslätt, Norra;M;M;115;13.50
2018;rd;14804031;Lundby, Bjurslätt, Norra;C;C;50;5.87
2018;rd;14804031;Lundby, Bjurslätt, Norra;L;L;44;5.16
2018;rd;14804031;Lundby, Bjurslätt, Norra;KD;KD;41;4.81
2018;rd;14804031;Lundby, Bjurslätt, Norra;S;S;223;26.17
2018;rd;14804031;Lundby, Bjurslätt, Norra;V;V;154;18.08
2018;rd;14804031;Lundby, Bjurslätt, Norra;MP;MP;52;6.10
2018;rd;14804031;Lundby, Bjurslätt, Norra;SD;SD;150;17.61
2018;rd;14804031;Lundby, Bjurslätt, Norra;FI;FI;6;0.70
2018;rd;14804031;Lundby, Bjurslätt, Norra;AfS;AFS;8;0.94
2018;rd;14804031;Lundby, Bjurslätt, Norra;BASIP;BASIP;0;0.00
2018;rd;14804031;Lundby, Bjurslätt, Norra;DD;DD;1;0.12
2018;rd;14804031;Lundby, Bjurslätt, Norra;DjuP;DJUP;1;0.12
2018;rd;14804031;Lundby, Bjurslätt, Norra;EAP;EAP;0;0.00
2018;rd;14804031;Lundby, Bjurslätt, Norra;ENH;ENH;1;0.12
2018;rd;14804031;Lundby, Bjurslätt, Norra;INI;INI;0;0.00
2018;rd;14804031;Lundby, Bjurslätt, Norra;KLP;KLP;0;0.00
2018;rd;14804031;Lundby, Bjurslätt, Norra;KrVP;KRVP;0;0.00
2018;rd;14804031;Lundby, Bjurslätt, Norra;LPo;LPO;0;0.00
2018;rd;14804031;Lundby, Bjurslätt, Norra;MED;MED;1;0.12
2018;rd;14804031;Lundby, Bjurslätt, Norra;NMR;NMR;0;0.00
2018;rd;14804031;Lundby, Bjurslätt, Norra;NYREF;NYREF;0;0.00
2018;rd;14804031;Lundby, Bjurslätt, Norra;PP;PP;5;0.59
2018;rd;14804031;Lundby, Bjurslätt, Norra;SKP;SKP;0;0.00
2018;rd;14804031;Lundby, Bjurslätt, Norra;TRP;TRP;0;0.00
2018;rd;14804031;Lundby, Bjurslätt, Norra;ÖVR;ÖVR;0;0.00
2018;rd;14804032;Lundby, Hilldedal;M;M;225;21.61
2018;rd;14804032;Lundby, Hilldedal;C;C;75;7.20
2018;rd;14804032;Lundby, Hilldedal;L;L;68;6.53
2018;rd;14804032;Lundby, Hilldedal;KD;KD;40;3.84
2018;rd;14804032;Lundby, Hilldedal;S;S;273;26.22
2018;rd;14804032;Lundby, Hilldedal;V;V;142;13.64
2018;rd;14804032;Lundby, Hilldedal;MP;MP;70;6.72
2018;rd;14804032;Lundby, Hilldedal;SD;SD;121;11.62
2018;rd;14804032;Lundby, Hilldedal;FI;FI;9;0.86
2018;rd;14804032;Lundby, Hilldedal;AfS;AFS;4;0.38
2018;rd;14804032;Lundby, Hilldedal;BASIP;BASIP;0;0.00
2018;rd;14804032;Lundby, Hilldedal;DD;DD;0;0.00
2018;rd;14804032;Lundby, Hilldedal;DjuP;DJUP;1;0.10
2018;rd;14804032;Lundby, Hilldedal;EAP;EAP;0;0.00
2018;rd;14804032;Lundby, Hilldedal;ENH;ENH;1;0.10
2018;rd;14804032;Lundby, Hilldedal;INI;INI;0;0.00
2018;rd;14804032;Lundby, Hilldedal;KLP;KLP;0;0.00
2018;rd;14804032;Lundby, Hilldedal;KrVP;KRVP;1;0.10
2018;rd;14804032;Lundby, Hilldedal;LPo;LPO;0;0.00
2018;rd;14804032;Lundby, Hilldedal;MED;MED;5;0.48
2018;rd;14804032;Lundby, Hilldedal;NMR;NMR;2;0.19
2018;rd;14804032;Lundby, Hilldedal;NYREF;NYREF;0;0.00
2018;rd;14804032;Lundby, Hilldedal;PP;PP;3;0.29
2018;rd;14804032;Lundby, Hilldedal;SKP;SKP;0;0.00
2018;rd;14804032;Lundby, Hilldedal;TRP;TRP;0;0.00
2018;rd;14804032;Lundby, Hilldedal;ÖVR;ÖVR;1;0.10
2018;rd;14804033;Lundby, Slätta Damm;M;M;122;16.20
2018;rd;14804033;Lundby, Slätta Damm;C;C;50;6.64
2018;rd;14804033;Lundby, Slätta Damm;L;L;51;6.77
2018;rd;14804033;Lundby, Slätta Damm;KD;KD;37;4.91
2018;rd;14804033;Lundby, Slätta Damm;S;S;196;26.03
2018;rd;14804033;Lundby, Slätta Damm;V;V;116;15.41
2018;rd;14804033;Lundby, Slätta Damm;MP;MP;49;6.51
2018;rd;14804033;Lundby, Slätta Damm;SD;SD;117;15.54
2018;rd;14804033;Lundby, Slätta Damm;FI;FI;4;0.53
2018;rd;14804033;Lundby, Slätta Damm;AfS;AFS;0;0.00
2018;rd;14804033;Lundby, Slätta Damm;BASIP;BASIP;0;0.00
2018;rd;14804033;Lundby, Slätta Damm;DD;DD;0;0.00
2018;rd;14804033;Lundby, Slätta Damm;DjuP;DJUP;4;0.53
2018;rd;14804033;Lundby, Slätta Damm;EAP;EAP;0;0.00
2018;rd;14804033;Lundby, Slätta Damm;ENH;ENH;1;0.13
2018;rd;14804033;Lundby, Slätta Damm;INI;INI;0;0.00
2018;rd;14804033;Lundby, Slätta Damm;KLP;KLP;0;0.00
2018;rd;14804033;Lundby, Slätta Damm;KrVP;KRVP;1;0.13
2018;rd;14804033;Lundby, Slätta Damm;LPo;LPO;0;0.00
2018;rd;14804033;Lundby, Slätta Damm;MED;MED;3;0.40
2018;rd;14804033;Lundby, Slätta Damm;NMR;NMR;1;0.13
2018;rd;14804033;Lundby, Slätta Damm;NYREF;NYREF;0;0.00
2018;rd;14804033;Lundby, Slätta Damm;PP;PP;0;0.00
2018;rd;14804033;Lundby, Slätta Damm;SKP;SKP;1;0.13
2018;rd;14804033;Lundby, Slätta Damm;TRP;TRP;0;0.00
2018;rd;14804033;Lundby, Slätta Damm;ÖVR;ÖVR;0;0.00
2018;rd;14804041;Lundby, Kärrdalen;M;M;282;22.35
2018;rd;14804041;Lundby, Kärrdalen;C;C;101;8.00
2018;rd;14804041;Lundby, Kärrdalen;L;L;106;8.40
2018;rd;14804041;Lundby, Kärrdalen;KD;KD;65;5.15
2018;rd;14804041;Lundby, Kärrdalen;S;S;300;23.77
2018;rd;14804041;Lundby, Kärrdalen;V;V;110;8.72
2018;rd;14804041;Lundby, Kärrdalen;MP;MP;78;6.18
2018;rd;14804041;Lundby, Kärrdalen;SD;SD;197;15.61
2018;rd;14804041;Lundby, Kärrdalen;FI;FI;8;0.63
2018;rd;14804041;Lundby, Kärrdalen;AfS;AFS;5;0.40
2018;rd;14804041;Lundby, Kärrdalen;BASIP;BASIP;0;0.00
2018;rd;14804041;Lundby, Kärrdalen;DD;DD;0;0.00
2018;rd;14804041;Lundby, Kärrdalen;DjuP;DJUP;1;0.08
2018;rd;14804041;Lundby, Kärrdalen;EAP;EAP;0;0.00
2018;rd;14804041;Lundby, Kärrdalen;ENH;ENH;0;0.00
2018;rd;14804041;Lundby, Kärrdalen;INI;INI;2;0.16
2018;rd;14804041;Lundby, Kärrdalen;KLP;KLP;0;0.00
2018;rd;14804041;Lundby, Kärrdalen;KrVP;KRVP;0;0.00
2018;rd;14804041;Lundby, Kärrdalen;LPo;LPO;0;0.00
2018;rd;14804041;Lundby, Kärrdalen;MED;MED;2;0.16
2018;rd;14804041;Lundby, Kärrdalen;NMR;NMR;1;0.08
2018;rd;14804041;Lundby, Kärrdalen;NYREF;NYREF;0;0.00
2018;rd;14804041;Lundby, Kärrdalen;PP;PP;3;0.24
2018;rd;14804041;Lundby, Kärrdalen;SKP;SKP;0;0.00
2018;rd;14804041;Lundby, Kärrdalen;TRP;TRP;0;0.00
2018;rd;14804041;Lundby, Kärrdalen;ÖVR;ÖVR;1;0.08
2018;rd;14804042;Lundby, Tolered, Norra;M;M;230;23.69
2018;rd;14804042;Lundby, Tolered, Norra;C;C;98;10.09
2018;rd;14804042;Lundby, Tolered, Norra;L;L;73;7.52
2018;rd;14804042;Lundby, Tolered, Norra;KD;KD;64;6.59
2018;rd;14804042;Lundby, Tolered, Norra;S;S;216;22.25
2018;rd;14804042;Lundby, Tolered, Norra;V;V;108;11.12
2018;rd;14804042;Lundby, Tolered, Norra;MP;MP;59;6.08
2018;rd;14804042;Lundby, Tolered, Norra;SD;SD;110;11.33
2018;rd;14804042;Lundby, Tolered, Norra;FI;FI;9;0.93
2018;rd;14804042;Lundby, Tolered, Norra;AfS;AFS;1;0.10
2018;rd;14804042;Lundby, Tolered, Norra;BASIP;BASIP;0;0.00
2018;rd;14804042;Lundby, Tolered, Norra;DD;DD;0;0.00
2018;rd;14804042;Lundby, Tolered, Norra;DjuP;DJUP;1;0.10
2018;rd;14804042;Lundby, Tolered, Norra;EAP;EAP;0;0.00
2018;rd;14804042;Lundby, Tolered, Norra;ENH;ENH;0;0.00
2018;rd;14804042;Lundby, Tolered, Norra;INI;INI;0;0.00
2018;rd;14804042;Lundby, Tolered, Norra;KLP;KLP;0;0.00
2018;rd;14804042;Lundby, Tolered, Norra;KrVP;KRVP;1;0.10
2018;rd;14804042;Lundby, Tolered, Norra;LPo;LPO;0;0.00
2018;rd;14804042;Lundby, Tolered, Norra;MED;MED;0;0.00
2018;rd;14804042;Lundby, Tolered, Norra;NMR;NMR;0;0.00
2018;rd;14804042;Lundby, Tolered, Norra;NYREF;NYREF;0;0.00
2018;rd;14804042;Lundby, Tolered, Norra;PP;PP;0;0.00
2018;rd;14804042;Lundby, Tolered, Norra;SKP;SKP;0;0.00
2018;rd;14804042;Lundby, Tolered, Norra;TRP;TRP;0;0.00
2018;rd;14804042;Lundby, Tolered, Norra;ÖVR;ÖVR;1;0.10
2018;rd;14804043;Lundby, Tolered, Södra;M;M;150;15.14
2018;rd;14804043;Lundby, Tolered, Södra;C;C;77;7.77
2018;rd;14804043;Lundby, Tolered, Södra;L;L;75;7.57
2018;rd;14804043;Lundby, Tolered, Södra;KD;KD;46;4.64
2018;rd;14804043;Lundby, Tolered, Södra;S;S;275;27.75
2018;rd;14804043;Lundby, Tolered, Södra;V;V;109;11.00
2018;rd;14804043;Lundby, Tolered, Södra;MP;MP;85;8.58
2018;rd;14804043;Lundby, Tolered, Södra;SD;SD;155;15.64
2018;rd;14804043;Lundby, Tolered, Södra;FI;FI;9;0.91
2018;rd;14804043;Lundby, Tolered, Södra;AfS;AFS;5;0.50
2018;rd;14804043;Lundby, Tolered, Södra;BASIP;BASIP;0;0.00
2018;rd;14804043;Lundby, Tolered, Södra;DD;DD;0;0.00
2018;rd;14804043;Lundby, Tolered, Södra;DjuP;DJUP;1;0.10
2018;rd;14804043;Lundby, Tolered, Södra;EAP;EAP;0;0.00
2018;rd;14804043;Lundby, Tolered, Södra;ENH;ENH;1;0.10
2018;rd;14804043;Lundby, Tolered, Södra;INI;INI;0;0.00
2018;rd;14804043;Lundby, Tolered, Södra;KLP;KLP;0;0.00
2018;rd;14804043;Lundby, Tolered, Södra;KrVP;KRVP;0;0.00
2018;rd;14804043;Lundby, Tolered, Södra;LPo;LPO;0;0.00
2018;rd;14804043;Lundby, Tolered, Södra;MED;MED;3;0.30
2018;rd;14804043;Lundby, Tolered, Södra;NMR;NMR;0;0.00
2018;rd;14804043;Lundby, Tolered, Södra;NYREF;NYREF;0;0.00
2018;rd;14804043;Lundby, Tolered, Södra;PP;PP;0;0.00
2018;rd;14804043;Lundby, Tolered, Södra;SKP;SKP;0;0.00
2018;rd;14804043;Lundby, Tolered, Södra;TRP;TRP;0;0.00
2018;rd;14804043;Lundby, Tolered, Södra;ÖVR;ÖVR;0;0.00
2018;rd;14804051;Norra Hisingen, Glöstorp;M;M;198;18.54
2018;rd;14804051;Norra Hisingen, Glöstorp;C;C;55;5.15
2018;rd;14804051;Norra Hisingen, Glöstorp;L;L;67;6.27
2018;rd;14804051;Norra Hisingen, Glöstorp;KD;KD;50;4.68
2018;rd;14804051;Norra Hisingen, Glöstorp;S;S;307;28.75
2018;rd;14804051;Norra Hisingen, Glöstorp;V;V;104;9.74
2018;rd;14804051;Norra Hisingen, Glöstorp;MP;MP;39;3.65
2018;rd;14804051;Norra Hisingen, Glöstorp;SD;SD;221;20.69
2018;rd;14804051;Norra Hisingen, Glöstorp;FI;FI;3;0.28
2018;rd;14804051;Norra Hisingen, Glöstorp;AfS;AFS;10;0.94
2018;rd;14804051;Norra Hisingen, Glöstorp;BASIP;BASIP;1;0.09
2018;rd;14804051;Norra Hisingen, Glöstorp;DD;DD;1;0.09
2018;rd;14804051;Norra Hisingen, Glöstorp;DjuP;DJUP;4;0.37
2018;rd;14804051;Norra Hisingen, Glöstorp;EAP;EAP;0;0.00
2018;rd;14804051;Norra Hisingen, Glöstorp;ENH;ENH;1;0.09
2018;rd;14804051;Norra Hisingen, Glöstorp;INI;INI;0;0.00
2018;rd;14804051;Norra Hisingen, Glöstorp;KLP;KLP;2;0.19
2018;rd;14804051;Norra Hisingen, Glöstorp;KrVP;KRVP;0;0.00
2018;rd;14804051;Norra Hisingen, Glöstorp;LPo;LPO;0;0.00
2018;rd;14804051;Norra Hisingen, Glöstorp;MED;MED;1;0.09
2018;rd;14804051;Norra Hisingen, Glöstorp;NMR;NMR;1;0.09
2018;rd;14804051;Norra Hisingen, Glöstorp;NYREF;NYREF;0;0.00
2018;rd;14804051;Norra Hisingen, Glöstorp;PP;PP;3;0.28
2018;rd;14804051;Norra Hisingen, Glöstorp;SKP;SKP;0;0.00
2018;rd;14804051;Norra Hisingen, Glöstorp;TRP;TRP;0;0.00
2018;rd;14804051;Norra Hisingen, Glöstorp;ÖVR;ÖVR;0;0.00
2018;rd;14804052;Norra Hisingen, Gunnestorp;M;M;219;21.68
2018;rd;14804052;Norra Hisingen, Gunnestorp;C;C;58;5.74
2018;rd;14804052;Norra Hisingen, Gunnestorp;L;L;72;7.13
2018;rd;14804052;Norra Hisingen, Gunnestorp;KD;KD;55;5.45
2018;rd;14804052;Norra Hisingen, Gunnestorp;S;S;298;29.50
2018;rd;14804052;Norra Hisingen, Gunnestorp;V;V;77;7.62
2018;rd;14804052;Norra Hisingen, Gunnestorp;MP;MP;48;4.75
2018;rd;14804052;Norra Hisingen, Gunnestorp;SD;SD;169;16.73
2018;rd;14804052;Norra Hisingen, Gunnestorp;FI;FI;3;0.30
2018;rd;14804052;Norra Hisingen, Gunnestorp;AfS;AFS;4;0.40
2018;rd;14804052;Norra Hisingen, Gunnestorp;BASIP;BASIP;0;0.00
2018;rd;14804052;Norra Hisingen, Gunnestorp;DD;DD;2;0.20
2018;rd;14804052;Norra Hisingen, Gunnestorp;DjuP;DJUP;3;0.30
2018;rd;14804052;Norra Hisingen, Gunnestorp;EAP;EAP;0;0.00
2018;rd;14804052;Norra Hisingen, Gunnestorp;ENH;ENH;0;0.00
2018;rd;14804052;Norra Hisingen, Gunnestorp;INI;INI;0;0.00
2018;rd;14804052;Norra Hisingen, Gunnestorp;KLP;KLP;0;0.00
2018;rd;14804052;Norra Hisingen, Gunnestorp;KrVP;KRVP;0;0.00
2018;rd;14804052;Norra Hisingen, Gunnestorp;LPo;LPO;0;0.00
2018;rd;14804052;Norra Hisingen, Gunnestorp;MED;MED;1;0.10
2018;rd;14804052;Norra Hisingen, Gunnestorp;NMR;NMR;0;0.00
2018;rd;14804052;Norra Hisingen, Gunnestorp;NYREF;NYREF;0;0.00
2018;rd;14804052;Norra Hisingen, Gunnestorp;PP;PP;1;0.10
2018;rd;14804052;Norra Hisingen, Gunnestorp;SKP;SKP;0;0.00
2018;rd;14804052;Norra Hisingen, Gunnestorp;TRP;TRP;0;0.00
2018;rd;14804052;Norra Hisingen, Gunnestorp;ÖVR;ÖVR;0;0.00
2018;rd;14804053;Norra Hisingen, Norumshöjd;M;M;87;9.71
2018;rd;14804053;Norra Hisingen, Norumshöjd;C;C;32;3.57
2018;rd;14804053;Norra Hisingen, Norumshöjd;L;L;24;2.68
2018;rd;14804053;Norra Hisingen, Norumshöjd;KD;KD;20;2.23
2018;rd;14804053;Norra Hisingen, Norumshöjd;S;S;320;35.71
2018;rd;14804053;Norra Hisingen, Norumshöjd;V;V;165;18.42
2018;rd;14804053;Norra Hisingen, Norumshöjd;MP;MP;42;4.69
2018;rd;14804053;Norra Hisingen, Norumshöjd;SD;SD;177;19.75
2018;rd;14804053;Norra Hisingen, Norumshöjd;FI;FI;6;0.67
2018;rd;14804053;Norra Hisingen, Norumshöjd;AfS;AFS;4;0.45
2018;rd;14804053;Norra Hisingen, Norumshöjd;BASIP;BASIP;2;0.22
2018;rd;14804053;Norra Hisingen, Norumshöjd;DD;DD;0;0.00
2018;rd;14804053;Norra Hisingen, Norumshöjd;DjuP;DJUP;4;0.45
2018;rd;14804053;Norra Hisingen, Norumshöjd;EAP;EAP;0;0.00
2018;rd;14804053;Norra Hisingen, Norumshöjd;ENH;ENH;3;0.33
2018;rd;14804053;Norra Hisingen, Norumshöjd;INI;INI;1;0.11
2018;rd;14804053;Norra Hisingen, Norumshöjd;KLP;KLP;0;0.00
2018;rd;14804053;Norra Hisingen, Norumshöjd;KrVP;KRVP;0;0.00
2018;rd;14804053;Norra Hisingen, Norumshöjd;LPo;LPO;0;0.00
2018;rd;14804053;Norra Hisingen, Norumshöjd;MED;MED;2;0.22
2018;rd;14804053;Norra Hisingen, Norumshöjd;NMR;NMR;4;0.45
2018;rd;14804053;Norra Hisingen, Norumshöjd;NYREF;NYREF;0;0.00
2018;rd;14804053;Norra Hisingen, Norumshöjd;PP;PP;3;0.33
2018;rd;14804053;Norra Hisingen, Norumshöjd;SKP;SKP;0;0.00
2018;rd;14804053;Norra Hisingen, Norumshöjd;TRP;TRP;0;0.00
2018;rd;14804053;Norra Hisingen, Norumshöjd;ÖVR;ÖVR;0;0.00
2018;rd;14804054;Norra Hisingen, Tuve, Norra;M;M;135;21.63
2018;rd;14804054;Norra Hisingen, Tuve, Norra;C;C;35;5.61
2018;rd;14804054;Norra Hisingen, Tuve, Norra;L;L;39;6.25
2018;rd;14804054;Norra Hisingen, Tuve, Norra;KD;KD;49;7.85
2018;rd;14804054;Norra Hisingen, Tuve, Norra;S;S;168;26.92
2018;rd;14804054;Norra Hisingen, Tuve, Norra;V;V;52;8.33
2018;rd;14804054;Norra Hisingen, Tuve, Norra;MP;MP;27;4.33
2018;rd;14804054;Norra Hisingen, Tuve, Norra;SD;SD;110;17.63
2018;rd;14804054;Norra Hisingen, Tuve, Norra;FI;FI;2;0.32
2018;rd;14804054;Norra Hisingen, Tuve, Norra;AfS;AFS;1;0.16
2018;rd;14804054;Norra Hisingen, Tuve, Norra;BASIP;BASIP;0;0.00
2018;rd;14804054;Norra Hisingen, Tuve, Norra;DD;DD;1;0.16
2018;rd;14804054;Norra Hisingen, Tuve, Norra;DjuP;DJUP;2;0.32
2018;rd;14804054;Norra Hisingen, Tuve, Norra;EAP;EAP;0;0.00
2018;rd;14804054;Norra Hisingen, Tuve, Norra;ENH;ENH;0;0.00
2018;rd;14804054;Norra Hisingen, Tuve, Norra;INI;INI;0;0.00
2018;rd;14804054;Norra Hisingen, Tuve, Norra;KLP;KLP;0;0.00
2018;rd;14804054;Norra Hisingen, Tuve, Norra;KrVP;KRVP;1;0.16
2018;rd;14804054;Norra Hisingen, Tuve, Norra;LPo;LPO;0;0.00
2018;rd;14804054;Norra Hisingen, Tuve, Norra;MED;MED;0;0.00
2018;rd;14804054;Norra Hisingen, Tuve, Norra;NMR;NMR;0;0.00
2018;rd;14804054;Norra Hisingen, Tuve, Norra;NYREF;NYREF;0;0.00
2018;rd;14804054;Norra Hisingen, Tuve, Norra;PP;PP;2;0.32
2018;rd;14804054;Norra Hisingen, Tuve, Norra;SKP;SKP;0;0.00
2018;rd;14804054;Norra Hisingen, Tuve, Norra;TRP;TRP;0;0.00
2018;rd;14804054;Norra Hisingen, Tuve, Norra;ÖVR;ÖVR;0;0.00
2018;rd;14804055;Norra Hisingen, Tuve, Södra;M;M;273;24.20
2018;rd;14804055;Norra Hisingen, Tuve, Södra;C;C;70;6.21
2018;rd;14804055;Norra Hisingen, Tuve, Södra;L;L;107;9.49
2018;rd;14804055;Norra Hisingen, Tuve, Södra;KD;KD;72;6.38
2018;rd;14804055;Norra Hisingen, Tuve, Södra;S;S;265;23.49
2018;rd;14804055;Norra Hisingen, Tuve, Södra;V;V;96;8.51
2018;rd;14804055;Norra Hisingen, Tuve, Södra;MP;MP;48;4.26
2018;rd;14804055;Norra Hisingen, Tuve, Södra;SD;SD;182;16.13
2018;rd;14804055;Norra Hisingen, Tuve, Södra;FI;FI;4;0.35
2018;rd;14804055;Norra Hisingen, Tuve, Södra;AfS;AFS;4;0.35
2018;rd;14804055;Norra Hisingen, Tuve, Södra;BASIP;BASIP;0;0.00
2018;rd;14804055;Norra Hisingen, Tuve, Södra;DD;DD;0;0.00
2018;rd;14804055;Norra Hisingen, Tuve, Södra;DjuP;DJUP;1;0.09
2018;rd;14804055;Norra Hisingen, Tuve, Södra;EAP;EAP;0;0.00
2018;rd;14804055;Norra Hisingen, Tuve, Södra;ENH;ENH;1;0.09
2018;rd;14804055;Norra Hisingen, Tuve, Södra;INI;INI;0;0.00
2018;rd;14804055;Norra Hisingen, Tuve, Södra;KLP;KLP;0;0.00
2018;rd;14804055;Norra Hisingen, Tuve, Södra;KrVP;KRVP;0;0.00
2018;rd;14804055;Norra Hisingen, Tuve, Södra;LPo;LPO;0;0.00
2018;rd;14804055;Norra Hisingen, Tuve, Södra;MED;MED;4;0.35
2018;rd;14804055;Norra Hisingen, Tuve, Södra;NMR;NMR;0;0.00
2018;rd;14804055;Norra Hisingen, Tuve, Södra;NYREF;NYREF;0;0.00
2018;rd;14804055;Norra Hisingen, Tuve, Södra;PP;PP;1;0.09
2018;rd;14804055;Norra Hisingen, Tuve, Södra;SKP;SKP;0;0.00
2018;rd;14804055;Norra Hisingen, Tuve, Södra;TRP;TRP;0;0.00
2018;rd;14804055;Norra Hisingen, Tuve, Södra;ÖVR;ÖVR;0;0.00
2018;rd;14804056;Norra Hisingen, Tången;M;M;264;24.51
2018;rd;14804056;Norra Hisingen, Tången;C;C;61;5.66
2018;rd;14804056;Norra Hisingen, Tången;L;L;81;7.52
2018;rd;14804056;Norra Hisingen, Tången;KD;KD;52;4.83
2018;rd;14804056;Norra Hisingen, Tången;S;S;322;29.90
2018;rd;14804056;Norra Hisingen, Tången;V;V;73;6.78
2018;rd;14804056;Norra Hisingen, Tången;MP;MP;60;5.57
2018;rd;14804056;Norra Hisingen, Tången;SD;SD;153;14.21
2018;rd;14804056;Norra Hisingen, Tången;FI;FI;5;0.46
2018;rd;14804056;Norra Hisingen, Tången;AfS;AFS;1;0.09
2018;rd;14804056;Norra Hisingen, Tången;BASIP;BASIP;0;0.00
2018;rd;14804056;Norra Hisingen, Tången;DD;DD;0;0.00
2018;rd;14804056;Norra Hisingen, Tången;DjuP;DJUP;2;0.19
2018;rd;14804056;Norra Hisingen, Tången;EAP;EAP;0;0.00
2018;rd;14804056;Norra Hisingen, Tången;ENH;ENH;0;0.00
2018;rd;14804056;Norra Hisingen, Tången;INI;INI;0;0.00
2018;rd;14804056;Norra Hisingen, Tången;KLP;KLP;0;0.00
2018;rd;14804056;Norra Hisingen, Tången;KrVP;KRVP;0;0.00
2018;rd;14804056;Norra Hisingen, Tången;LPo;LPO;0;0.00
2018;rd;14804056;Norra Hisingen, Tången;MED;MED;1;0.09
2018;rd;14804056;Norra Hisingen, Tången;NMR;NMR;0;0.00
2018;rd;14804056;Norra Hisingen, Tången;NYREF;NYREF;0;0.00
2018;rd;14804056;Norra Hisingen, Tången;PP;PP;2;0.19
2018;rd;14804056;Norra Hisingen, Tången;SKP;SKP;0;0.00
2018;rd;14804056;Norra Hisingen, Tången;TRP;TRP;0;0.00
2018;rd;14804056;Norra Hisingen, Tången;ÖVR;ÖVR;0;0.00
2018;rd;14804061;Norra Hisingen, Säve;M;M;275;23.58
2018;rd;14804061;Norra Hisingen, Säve;C;C;127;10.89
2018;rd;14804061;Norra Hisingen, Säve;L;L;59;5.06
2018;rd;14804061;Norra Hisingen, Säve;KD;KD;75;6.43
2018;rd;14804061;Norra Hisingen, Säve;S;S;230;19.73
2018;rd;14804061;Norra Hisingen, Säve;V;V;67;5.75
2018;rd;14804061;Norra Hisingen, Säve;MP;MP;37;3.17
2018;rd;14804061;Norra Hisingen, Säve;SD;SD;286;24.53
2018;rd;14804061;Norra Hisingen, Säve;FI;FI;4;0.34
2018;rd;14804061;Norra Hisingen, Säve;AfS;AFS;2;0.17
2018;rd;14804061;Norra Hisingen, Säve;BASIP;BASIP;0;0.00
2018;rd;14804061;Norra Hisingen, Säve;DD;DD;1;0.09
2018;rd;14804061;Norra Hisingen, Säve;DjuP;DJUP;0;0.00
2018;rd;14804061;Norra Hisingen, Säve;EAP;EAP;0;0.00
2018;rd;14804061;Norra Hisingen, Säve;ENH;ENH;0;0.00
2018;rd;14804061;Norra Hisingen, Säve;INI;INI;0;0.00
2018;rd;14804061;Norra Hisingen, Säve;KLP;KLP;1;0.09
2018;rd;14804061;Norra Hisingen, Säve;KrVP;KRVP;0;0.00
2018;rd;14804061;Norra Hisingen, Säve;LPo;LPO;1;0.09
2018;rd;14804061;Norra Hisingen, Säve;MED;MED;0;0.00
2018;rd;14804061;Norra Hisingen, Säve;NMR;NMR;0;0.00
2018;rd;14804061;Norra Hisingen, Säve;NYREF;NYREF;0;0.00
2018;rd;14804061;Norra Hisingen, Säve;PP;PP;1;0.09
2018;rd;14804061;Norra Hisingen, Säve;SKP;SKP;0;0.00
2018;rd;14804061;Norra Hisingen, Säve;TRP;TRP;0;0.00
2018;rd;14804061;Norra Hisingen, Säve;ÖVR;ÖVR;0;0.00
2018;rd;14804071;Norra Hisingen, Gerrebacka-Ingebäck;M;M;352;27.98
2018;rd;14804071;Norra Hisingen, Gerrebacka-Ingebäck;C;C;80;6.36
2018;rd;14804071;Norra Hisingen, Gerrebacka-Ingebäck;L;L;75;5.96
2018;rd;14804071;Norra Hisingen, Gerrebacka-Ingebäck;KD;KD;55;4.37
2018;rd;14804071;Norra Hisingen, Gerrebacka-Ingebäck;S;S;337;26.79
2018;rd;14804071;Norra Hisingen, Gerrebacka-Ingebäck;V;V;68;5.41
2018;rd;14804071;Norra Hisingen, Gerrebacka-Ingebäck;MP;MP;49;3.90
2018;rd;14804071;Norra Hisingen, Gerrebacka-Ingebäck;SD;SD;228;18.12
2018;rd;14804071;Norra Hisingen, Gerrebacka-Ingebäck;FI;FI;6;0.48
2018;rd;14804071;Norra Hisingen, Gerrebacka-Ingebäck;AfS;AFS;5;0.40
2018;rd;14804071;Norra Hisingen, Gerrebacka-Ingebäck;BASIP;BASIP;0;0.00
2018;rd;14804071;Norra Hisingen, Gerrebacka-Ingebäck;DD;DD;1;0.08
2018;rd;14804071;Norra Hisingen, Gerrebacka-Ingebäck;DjuP;DJUP;0;0.00
2018;rd;14804071;Norra Hisingen, Gerrebacka-Ingebäck;EAP;EAP;0;0.00
2018;rd;14804071;Norra Hisingen, Gerrebacka-Ingebäck;ENH;ENH;0;0.00
2018;rd;14804071;Norra Hisingen, Gerrebacka-Ingebäck;INI;INI;0;0.00
2018;rd;14804071;Norra Hisingen, Gerrebacka-Ingebäck;KLP;KLP;0;0.00
2018;rd;14804071;Norra Hisingen, Gerrebacka-Ingebäck;KrVP;KRVP;1;0.08
2018;rd;14804071;Norra Hisingen, Gerrebacka-Ingebäck;LPo;LPO;0;0.00
2018;rd;14804071;Norra Hisingen, Gerrebacka-Ingebäck;MED;MED;0;0.00
2018;rd;14804071;Norra Hisingen, Gerrebacka-Ingebäck;NMR;NMR;0;0.00
2018;rd;14804071;Norra Hisingen, Gerrebacka-Ingebäck;NYREF;NYREF;0;0.00
2018;rd;14804071;Norra Hisingen, Gerrebacka-Ingebäck;PP;PP;1;0.08
2018;rd;14804071;Norra Hisingen, Gerrebacka-Ingebäck;SKP;SKP;0;0.00
2018;rd;14804071;Norra Hisingen, Gerrebacka-Ingebäck;TRP;TRP;0;0.00
2018;rd;14804071;Norra Hisingen, Gerrebacka-Ingebäck;ÖVR;ÖVR;0;0.00
2018;rd;14804072;Norra Hisingen, Kärra, Norra;M;M;135;15.02
2018;rd;14804072;Norra Hisingen, Kärra, Norra;C;C;21;2.34
2018;rd;14804072;Norra Hisingen, Kärra, Norra;L;L;44;4.89
2018;rd;14804072;Norra Hisingen, Kärra, Norra;KD;KD;52;5.78
2018;rd;14804072;Norra Hisingen, Kärra, Norra;S;S;326;36.26
2018;rd;14804072;Norra Hisingen, Kärra, Norra;V;V;81;9.01
2018;rd;14804072;Norra Hisingen, Kärra, Norra;MP;MP;27;3.00
2018;rd;14804072;Norra Hisingen, Kärra, Norra;SD;SD;196;21.80
2018;rd;14804072;Norra Hisingen, Kärra, Norra;FI;FI;5;0.56
2018;rd;14804072;Norra Hisingen, Kärra, Norra;AfS;AFS;4;0.44
2018;rd;14804072;Norra Hisingen, Kärra, Norra;BASIP;BASIP;2;0.22
2018;rd;14804072;Norra Hisingen, Kärra, Norra;DD;DD;1;0.11
2018;rd;14804072;Norra Hisingen, Kärra, Norra;DjuP;DJUP;1;0.11
2018;rd;14804072;Norra Hisingen, Kärra, Norra;EAP;EAP;0;0.00
2018;rd;14804072;Norra Hisingen, Kärra, Norra;ENH;ENH;0;0.00
2018;rd;14804072;Norra Hisingen, Kärra, Norra;INI;INI;0;0.00
2018;rd;14804072;Norra Hisingen, Kärra, Norra;KLP;KLP;0;0.00
2018;rd;14804072;Norra Hisingen, Kärra, Norra;KrVP;KRVP;1;0.11
2018;rd;14804072;Norra Hisingen, Kärra, Norra;LPo;LPO;0;0.00
2018;rd;14804072;Norra Hisingen, Kärra, Norra;MED;MED;3;0.33
2018;rd;14804072;Norra Hisingen, Kärra, Norra;NMR;NMR;0;0.00
2018;rd;14804072;Norra Hisingen, Kärra, Norra;NYREF;NYREF;0;0.00
2018;rd;14804072;Norra Hisingen, Kärra, Norra;PP;PP;0;0.00
2018;rd;14804072;Norra Hisingen, Kärra, Norra;SKP;SKP;0;0.00
2018;rd;14804072;Norra Hisingen, Kärra, Norra;TRP;TRP;0;0.00
2018;rd;14804072;Norra Hisingen, Kärra, Norra;ÖVR;ÖVR;0;0.00
2018;rd;14804073;Norra Hisingen, Kärra, Södra;M;M;221;19.75
2018;rd;14804073;Norra Hisingen, Kärra, Södra;C;C;24;2.14
2018;rd;14804073;Norra Hisingen, Kärra, Södra;L;L;72;6.43
2018;rd;14804073;Norra Hisingen, Kärra, Södra;KD;KD;70;6.26
2018;rd;14804073;Norra Hisingen, Kärra, Södra;S;S;341;30.47
2018;rd;14804073;Norra Hisingen, Kärra, Södra;V;V;77;6.88
2018;rd;14804073;Norra Hisingen, Kärra, Södra;MP;MP;25;2.23
2018;rd;14804073;Norra Hisingen, Kärra, Södra;SD;SD;275;24.58
2018;rd;14804073;Norra Hisingen, Kärra, Södra;FI;FI;3;0.27
2018;rd;14804073;Norra Hisingen, Kärra, Södra;AfS;AFS;3;0.27
2018;rd;14804073;Norra Hisingen, Kärra, Södra;BASIP;BASIP;0;0.00
2018;rd;14804073;Norra Hisingen, Kärra, Södra;DD;DD;1;0.09
2018;rd;14804073;Norra Hisingen, Kärra, Södra;DjuP;DJUP;1;0.09
2018;rd;14804073;Norra Hisingen, Kärra, Södra;EAP;EAP;0;0.00
2018;rd;14804073;Norra Hisingen, Kärra, Södra;ENH;ENH;0;0.00
2018;rd;14804073;Norra Hisingen, Kärra, Södra;INI;INI;0;0.00
2018;rd;14804073;Norra Hisingen, Kärra, Södra;KLP;KLP;0;0.00
2018;rd;14804073;Norra Hisingen, Kärra, Södra;KrVP;KRVP;0;0.00
2018;rd;14804073;Norra Hisingen, Kärra, Södra;LPo;LPO;0;0.00
2018;rd;14804073;Norra Hisingen, Kärra, Södra;MED;MED;3;0.27
2018;rd;14804073;Norra Hisingen, Kärra, Södra;NMR;NMR;0;0.00
2018;rd;14804073;Norra Hisingen, Kärra, Södra;NYREF;NYREF;0;0.00
2018;rd;14804073;Norra Hisingen, Kärra, Södra;PP;PP;1;0.09
2018;rd;14804073;Norra Hisingen, Kärra, Södra;SKP;SKP;2;0.18
2018;rd;14804073;Norra Hisingen, Kärra, Södra;TRP;TRP;0;0.00
2018;rd;14804073;Norra Hisingen, Kärra, Södra;ÖVR;ÖVR;0;0.00
2018;rd;14804074;Norra Hisingen, Kärra, Västra;M;M;181;17.39
2018;rd;14804074;Norra Hisingen, Kärra, Västra;C;C;33;3.17
2018;rd;14804074;Norra Hisingen, Kärra, Västra;L;L;48;4.61
2018;rd;14804074;Norra Hisingen, Kärra, Västra;KD;KD;76;7.30
2018;rd;14804074;Norra Hisingen, Kärra, Västra;S;S;306;29.39
2018;rd;14804074;Norra Hisingen, Kärra, Västra;V;V;86;8.26
2018;rd;14804074;Norra Hisingen, Kärra, Västra;MP;MP;27;2.59
2018;rd;14804074;Norra Hisingen, Kärra, Västra;SD;SD;265;25.46
2018;rd;14804074;Norra Hisingen, Kärra, Västra;FI;FI;1;0.10
2018;rd;14804074;Norra Hisingen, Kärra, Västra;AfS;AFS;5;0.48
2018;rd;14804074;Norra Hisingen, Kärra, Västra;BASIP;BASIP;1;0.10
2018;rd;14804074;Norra Hisingen, Kärra, Västra;DD;DD;1;0.10
2018;rd;14804074;Norra Hisingen, Kärra, Västra;DjuP;DJUP;5;0.48
2018;rd;14804074;Norra Hisingen, Kärra, Västra;EAP;EAP;0;0.00
2018;rd;14804074;Norra Hisingen, Kärra, Västra;ENH;ENH;0;0.00
2018;rd;14804074;Norra Hisingen, Kärra, Västra;INI;INI;0;0.00
2018;rd;14804074;Norra Hisingen, Kärra, Västra;KLP;KLP;0;0.00
2018;rd;14804074;Norra Hisingen, Kärra, Västra;KrVP;KRVP;1;0.10
2018;rd;14804074;Norra Hisingen, Kärra, Västra;LPo;LPO;0;0.00
2018;rd;14804074;Norra Hisingen, Kärra, Västra;MED;MED;2;0.19
2018;rd;14804074;Norra Hisingen, Kärra, Västra;NMR;NMR;1;0.10
2018;rd;14804074;Norra Hisingen, Kärra, Västra;NYREF;NYREF;0;0.00
2018;rd;14804074;Norra Hisingen, Kärra, Västra;PP;PP;0;0.00
2018;rd;14804074;Norra Hisingen, Kärra, Västra;SKP;SKP;2;0.19
2018;rd;14804074;Norra Hisingen, Kärra, Västra;TRP;TRP;0;0.00
2018;rd;14804074;Norra Hisingen, Kärra, Västra;ÖVR;ÖVR;0;0.00
2018;rd;14804075;Norra Hisingen, Kärra, Östra;M;M;163;15.28
2018;rd;14804075;Norra Hisingen, Kärra, Östra;C;C;30;2.81
2018;rd;14804075;Norra Hisingen, Kärra, Östra;L;L;56;5.25
2018;rd;14804075;Norra Hisingen, Kärra, Östra;KD;KD;63;5.90
2018;rd;14804075;Norra Hisingen, Kärra, Östra;S;S;402;37.68
2018;rd;14804075;Norra Hisingen, Kärra, Östra;V;V;88;8.25
2018;rd;14804075;Norra Hisingen, Kärra, Östra;MP;MP;30;2.81
2018;rd;14804075;Norra Hisingen, Kärra, Östra;SD;SD;220;20.62
2018;rd;14804075;Norra Hisingen, Kärra, Östra;FI;FI;2;0.19
2018;rd;14804075;Norra Hisingen, Kärra, Östra;AfS;AFS;3;0.28
2018;rd;14804075;Norra Hisingen, Kärra, Östra;BASIP;BASIP;0;0.00
2018;rd;14804075;Norra Hisingen, Kärra, Östra;DD;DD;4;0.37
2018;rd;14804075;Norra Hisingen, Kärra, Östra;DjuP;DJUP;1;0.09
2018;rd;14804075;Norra Hisingen, Kärra, Östra;EAP;EAP;0;0.00
2018;rd;14804075;Norra Hisingen, Kärra, Östra;ENH;ENH;1;0.09
2018;rd;14804075;Norra Hisingen, Kärra, Östra;INI;INI;0;0.00
2018;rd;14804075;Norra Hisingen, Kärra, Östra;KLP;KLP;0;0.00
2018;rd;14804075;Norra Hisingen, Kärra, Östra;KrVP;KRVP;0;0.00
2018;rd;14804075;Norra Hisingen, Kärra, Östra;LPo;LPO;0;0.00
2018;rd;14804075;Norra Hisingen, Kärra, Östra;MED;MED;2;0.19
2018;rd;14804075;Norra Hisingen, Kärra, Östra;NMR;NMR;2;0.19
2018;rd;14804075;Norra Hisingen, Kärra, Östra;NYREF;NYREF;0;0.00
2018;rd;14804075;Norra Hisingen, Kärra, Östra;PP;PP;0;0.00
2018;rd;14804075;Norra Hisingen, Kärra, Östra;SKP;SKP;0;0.00
2018;rd;14804075;Norra Hisingen, Kärra, Östra;TRP;TRP;0;0.00
2018;rd;14804075;Norra Hisingen, Kärra, Östra;ÖVR;ÖVR;0;0.00
2018;rd;14804076;Norra Hisingen, Mysterna-Svankälla;M;M;379;29.31
2018;rd;14804076;Norra Hisingen, Mysterna-Svankälla;C;C;79;6.11
2018;rd;14804076;Norra Hisingen, Mysterna-Svankälla;L;L;85;6.57
2018;rd;14804076;Norra Hisingen, Mysterna-Svankälla;KD;KD;73;5.65
2018;rd;14804076;Norra Hisingen, Mysterna-Svankälla;S;S;316;24.44
2018;rd;14804076;Norra Hisingen, Mysterna-Svankälla;V;V;70;5.41
2018;rd;14804076;Norra Hisingen, Mysterna-Svankälla;MP;MP;59;4.56
2018;rd;14804076;Norra Hisingen, Mysterna-Svankälla;SD;SD;226;17.48
2018;rd;14804076;Norra Hisingen, Mysterna-Svankälla;FI;FI;4;0.31
2018;rd;14804076;Norra Hisingen, Mysterna-Svankälla;AfS;AFS;0;0.00
2018;rd;14804076;Norra Hisingen, Mysterna-Svankälla;BASIP;BASIP;0;0.00
2018;rd;14804076;Norra Hisingen, Mysterna-Svankälla;DD;DD;0;0.00
2018;rd;14804076;Norra Hisingen, Mysterna-Svankälla;DjuP;DJUP;0;0.00
2018;rd;14804076;Norra Hisingen, Mysterna-Svankälla;EAP;EAP;0;0.00
2018;rd;14804076;Norra Hisingen, Mysterna-Svankälla;ENH;ENH;0;0.00
2018;rd;14804076;Norra Hisingen, Mysterna-Svankälla;INI;INI;0;0.00
2018;rd;14804076;Norra Hisingen, Mysterna-Svankälla;KLP;KLP;0;0.00
2018;rd;14804076;Norra Hisingen, Mysterna-Svankälla;KrVP;KRVP;0;0.00
2018;rd;14804076;Norra Hisingen, Mysterna-Svankälla;LPo;LPO;0;0.00
2018;rd;14804076;Norra Hisingen, Mysterna-Svankälla;MED;MED;2;0.15
2018;rd;14804076;Norra Hisingen, Mysterna-Svankälla;NMR;NMR;0;0.00
2018;rd;14804076;Norra Hisingen, Mysterna-Svankälla;NYREF;NYREF;0;0.00
2018;rd;14804076;Norra Hisingen, Mysterna-Svankälla;PP;PP;0;0.00
2018;rd;14804076;Norra Hisingen, Mysterna-Svankälla;SKP;SKP;0;0.00
2018;rd;14804076;Norra Hisingen, Mysterna-Svankälla;TRP;TRP;0;0.00
2018;rd;14804076;Norra Hisingen, Mysterna-Svankälla;ÖVR;ÖVR;0;0.00
2018;rd;14804081;Norra Hisingen, Rödbo;M;M;211;23.81
2018;rd;14804081;Norra Hisingen, Rödbo;C;C;76;8.58
2018;rd;14804081;Norra Hisingen, Rödbo;L;L;51;5.76
2018;rd;14804081;Norra Hisingen, Rödbo;KD;KD;59;6.66
2018;rd;14804081;Norra Hisingen, Rödbo;S;S;163;18.40
2018;rd;14804081;Norra Hisingen, Rödbo;V;V;64;7.22
2018;rd;14804081;Norra Hisingen, Rödbo;MP;MP;27;3.05
2018;rd;14804081;Norra Hisingen, Rödbo;SD;SD;223;25.17
2018;rd;14804081;Norra Hisingen, Rödbo;FI;FI;3;0.34
2018;rd;14804081;Norra Hisingen, Rödbo;AfS;AFS;4;0.45
2018;rd;14804081;Norra Hisingen, Rödbo;BASIP;BASIP;0;0.00
2018;rd;14804081;Norra Hisingen, Rödbo;DD;DD;0;0.00
2018;rd;14804081;Norra Hisingen, Rödbo;DjuP;DJUP;0;0.00
2018;rd;14804081;Norra Hisingen, Rödbo;EAP;EAP;0;0.00
2018;rd;14804081;Norra Hisingen, Rödbo;ENH;ENH;0;0.00
2018;rd;14804081;Norra Hisingen, Rödbo;INI;INI;0;0.00
2018;rd;14804081;Norra Hisingen, Rödbo;KLP;KLP;0;0.00
2018;rd;14804081;Norra Hisingen, Rödbo;KrVP;KRVP;1;0.11
2018;rd;14804081;Norra Hisingen, Rödbo;LPo;LPO;1;0.11
2018;rd;14804081;Norra Hisingen, Rödbo;MED;MED;2;0.23
2018;rd;14804081;Norra Hisingen, Rödbo;NMR;NMR;0;0.00
2018;rd;14804081;Norra Hisingen, Rödbo;NYREF;NYREF;0;0.00
2018;rd;14804081;Norra Hisingen, Rödbo;PP;PP;1;0.11
2018;rd;14804081;Norra Hisingen, Rödbo;SKP;SKP;0;0.00
2018;rd;14804081;Norra Hisingen, Rödbo;TRP;TRP;0;0.00
2018;rd;14804081;Norra Hisingen, Rödbo;ÖVR;ÖVR;0;0.00
2018;rd;14804091;Norra Hisingen, Sankt Jörgen;M;M;225;24.27
2018;rd;14804091;Norra Hisingen, Sankt Jörgen;C;C;75;8.09
2018;rd;14804091;Norra Hisingen, Sankt Jörgen;L;L;86;9.28
2018;rd;14804091;Norra Hisingen, Sankt Jörgen;KD;KD;53;5.72
2018;rd;14804091;Norra Hisingen, Sankt Jörgen;S;S;237;25.57
2018;rd;14804091;Norra Hisingen, Sankt Jörgen;V;V;73;7.87
2018;rd;14804091;Norra Hisingen, Sankt Jörgen;MP;MP;49;5.29
2018;rd;14804091;Norra Hisingen, Sankt Jörgen;SD;SD;120;12.94
2018;rd;14804091;Norra Hisingen, Sankt Jörgen;FI;FI;3;0.32
2018;rd;14804091;Norra Hisingen, Sankt Jörgen;AfS;AFS;2;0.22
2018;rd;14804091;Norra Hisingen, Sankt Jörgen;BASIP;BASIP;0;0.00
2018;rd;14804091;Norra Hisingen, Sankt Jörgen;DD;DD;0;0.00
2018;rd;14804091;Norra Hisingen, Sankt Jörgen;DjuP;DJUP;0;0.00
2018;rd;14804091;Norra Hisingen, Sankt Jörgen;EAP;EAP;0;0.00
2018;rd;14804091;Norra Hisingen, Sankt Jörgen;ENH;ENH;0;0.00
2018;rd;14804091;Norra Hisingen, Sankt Jörgen;INI;INI;0;0.00
2018;rd;14804091;Norra Hisingen, Sankt Jörgen;KLP;KLP;0;0.00
2018;rd;14804091;Norra Hisingen, Sankt Jörgen;KrVP;KRVP;0;0.00
2018;rd;14804091;Norra Hisingen, Sankt Jörgen;LPo;LPO;0;0.00
2018;rd;14804091;Norra Hisingen, Sankt Jörgen;MED;MED;1;0.11
2018;rd;14804091;Norra Hisingen, Sankt Jörgen;NMR;NMR;2;0.22
2018;rd;14804091;Norra Hisingen, Sankt Jörgen;NYREF;NYREF;0;0.00
2018;rd;14804091;Norra Hisingen, Sankt Jörgen;PP;PP;1;0.11
2018;rd;14804091;Norra Hisingen, Sankt Jörgen;SKP;SKP;0;0.00
2018;rd;14804091;Norra Hisingen, Sankt Jörgen;TRP;TRP;0;0.00
2018;rd;14804091;Norra Hisingen, Sankt Jörgen;ÖVR;ÖVR;0;0.00
2018;rd;14804092;Norra Hisingen, Skogome;M;M;114;15.55
2018;rd;14804092;Norra Hisingen, Skogome;C;C;41;5.59
2018;rd;14804092;Norra Hisingen, Skogome;L;L;41;5.59
2018;rd;14804092;Norra Hisingen, Skogome;KD;KD;38;5.18
2018;rd;14804092;Norra Hisingen, Skogome;S;S;240;32.74
2018;rd;14804092;Norra Hisingen, Skogome;V;V;84;11.46
2018;rd;14804092;Norra Hisingen, Skogome;MP;MP;28;3.82
2018;rd;14804092;Norra Hisingen, Skogome;SD;SD;125;17.05
2018;rd;14804092;Norra Hisingen, Skogome;FI;FI;7;0.95
2018;rd;14804092;Norra Hisingen, Skogome;AfS;AFS;6;0.82
2018;rd;14804092;Norra Hisingen, Skogome;BASIP;BASIP;0;0.00
2018;rd;14804092;Norra Hisingen, Skogome;DD;DD;0;0.00
2018;rd;14804092;Norra Hisingen, Skogome;DjuP;DJUP;2;0.27
2018;rd;14804092;Norra Hisingen, Skogome;EAP;EAP;0;0.00
2018;rd;14804092;Norra Hisingen, Skogome;ENH;ENH;1;0.14
2018;rd;14804092;Norra Hisingen, Skogome;INI;INI;0;0.00
2018;rd;14804092;Norra Hisingen, Skogome;KLP;KLP;0;0.00
2018;rd;14804092;Norra Hisingen, Skogome;KrVP;KRVP;0;0.00
2018;rd;14804092;Norra Hisingen, Skogome;LPo;LPO;0;0.00
2018;rd;14804092;Norra Hisingen, Skogome;MED;MED;3;0.41
2018;rd;14804092;Norra Hisingen, Skogome;NMR;NMR;1;0.14
2018;rd;14804092;Norra Hisingen, Skogome;NYREF;NYREF;0;0.00
2018;rd;14804092;Norra Hisingen, Skogome;PP;PP;1;0.14
2018;rd;14804092;Norra Hisingen, Skogome;SKP;SKP;1;0.14
2018;rd;14804092;Norra Hisingen, Skogome;TRP;TRP;0;0.00
2018;rd;14804092;Norra Hisingen, Skogome;ÖVR;ÖVR;0;0.00
2018;rd;14804101;Norra Hisingen, Aröd;M;M;181;18.93
2018;rd;14804101;Norra Hisingen, Aröd;C;C;82;8.58
2018;rd;14804101;Norra Hisingen, Aröd;L;L;65;6.80
2018;rd;14804101;Norra Hisingen, Aröd;KD;KD;63;6.59
2018;rd;14804101;Norra Hisingen, Aröd;S;S;242;25.31
2018;rd;14804101;Norra Hisingen, Aröd;V;V;103;10.77
2018;rd;14804101;Norra Hisingen, Aröd;MP;MP;50;5.23
2018;rd;14804101;Norra Hisingen, Aröd;SD;SD;152;15.90
2018;rd;14804101;Norra Hisingen, Aröd;FI;FI;6;0.63
2018;rd;14804101;Norra Hisingen, Aröd;AfS;AFS;3;0.31
2018;rd;14804101;Norra Hisingen, Aröd;BASIP;BASIP;0;0.00
2018;rd;14804101;Norra Hisingen, Aröd;DD;DD;5;0.52
2018;rd;14804101;Norra Hisingen, Aröd;DjuP;DJUP;0;0.00
2018;rd;14804101;Norra Hisingen, Aröd;EAP;EAP;0;0.00
2018;rd;14804101;Norra Hisingen, Aröd;ENH;ENH;1;0.10
2018;rd;14804101;Norra Hisingen, Aröd;INI;INI;0;0.00
2018;rd;14804101;Norra Hisingen, Aröd;KLP;KLP;0;0.00
2018;rd;14804101;Norra Hisingen, Aröd;KrVP;KRVP;1;0.10
2018;rd;14804101;Norra Hisingen, Aröd;LPo;LPO;0;0.00
2018;rd;14804101;Norra Hisingen, Aröd;MED;MED;1;0.10
2018;rd;14804101;Norra Hisingen, Aröd;NMR;NMR;1;0.10
2018;rd;14804101;Norra Hisingen, Aröd;NYREF;NYREF;0;0.00
2018;rd;14804101;Norra Hisingen, Aröd;PP;PP;0;0.00
2018;rd;14804101;Norra Hisingen, Aröd;SKP;SKP;0;0.00
2018;rd;14804101;Norra Hisingen, Aröd;TRP;TRP;0;0.00
2018;rd;14804101;Norra Hisingen, Aröd;ÖVR;ÖVR;0;0.00
2018;rd;14804102;Norra Hisingen, Brunnsbo, Norra;M;M;191;18.63
2018;rd;14804102;Norra Hisingen, Brunnsbo, Norra;C;C;70;6.83
2018;rd;14804102;Norra Hisingen, Brunnsbo, Norra;L;L;48;4.68
2018;rd;14804102;Norra Hisingen, Brunnsbo, Norra;KD;KD;45;4.39
2018;rd;14804102;Norra Hisingen, Brunnsbo, Norra;S;S;289;28.20
2018;rd;14804102;Norra Hisingen, Brunnsbo, Norra;V;V;138;13.46
2018;rd;14804102;Norra Hisingen, Brunnsbo, Norra;MP;MP;47;4.59
2018;rd;14804102;Norra Hisingen, Brunnsbo, Norra;SD;SD;178;17.37
2018;rd;14804102;Norra Hisingen, Brunnsbo, Norra;FI;FI;9;0.88
2018;rd;14804102;Norra Hisingen, Brunnsbo, Norra;AfS;AFS;2;0.20
2018;rd;14804102;Norra Hisingen, Brunnsbo, Norra;BASIP;BASIP;0;0.00
2018;rd;14804102;Norra Hisingen, Brunnsbo, Norra;DD;DD;2;0.20
2018;rd;14804102;Norra Hisingen, Brunnsbo, Norra;DjuP;DJUP;4;0.39
2018;rd;14804102;Norra Hisingen, Brunnsbo, Norra;EAP;EAP;0;0.00
2018;rd;14804102;Norra Hisingen, Brunnsbo, Norra;ENH;ENH;0;0.00
2018;rd;14804102;Norra Hisingen, Brunnsbo, Norra;INI;INI;0;0.00
2018;rd;14804102;Norra Hisingen, Brunnsbo, Norra;KLP;KLP;0;0.00
2018;rd;14804102;Norra Hisingen, Brunnsbo, Norra;KrVP;KRVP;1;0.10
2018;rd;14804102;Norra Hisingen, Brunnsbo, Norra;LPo;LPO;0;0.00
2018;rd;14804102;Norra Hisingen, Brunnsbo, Norra;MED;MED;1;0.10
2018;rd;14804102;Norra Hisingen, Brunnsbo, Norra;NMR;NMR;0;0.00
2018;rd;14804102;Norra Hisingen, Brunnsbo, Norra;NYREF;NYREF;0;0.00
2018;rd;14804102;Norra Hisingen, Brunnsbo, Norra;PP;PP;0;0.00
2018;rd;14804102;Norra Hisingen, Brunnsbo, Norra;SKP;SKP;0;0.00
2018;rd;14804102;Norra Hisingen, Brunnsbo, Norra;TRP;TRP;0;0.00
2018;rd;14804102;Norra Hisingen, Brunnsbo, Norra;ÖVR;ÖVR;0;0.00
2018;rd;14804103;Norra Hisingen, Brunnsbo, Södra;M;M;97;9.34
2018;rd;14804103;Norra Hisingen, Brunnsbo, Södra;C;C;37;3.56
2018;rd;14804103;Norra Hisingen, Brunnsbo, Södra;L;L;38;3.66
2018;rd;14804103;Norra Hisingen, Brunnsbo, Södra;KD;KD;30;2.89
2018;rd;14804103;Norra Hisingen, Brunnsbo, Södra;S;S;452;43.55
2018;rd;14804103;Norra Hisingen, Brunnsbo, Södra;V;V;175;16.86
2018;rd;14804103;Norra Hisingen, Brunnsbo, Södra;MP;MP;45;4.34
2018;rd;14804103;Norra Hisingen, Brunnsbo, Södra;SD;SD;150;14.45
2018;rd;14804103;Norra Hisingen, Brunnsbo, Södra;FI;FI;5;0.48
2018;rd;14804103;Norra Hisingen, Brunnsbo, Södra;AfS;AFS;2;0.19
2018;rd;14804103;Norra Hisingen, Brunnsbo, Södra;BASIP;BASIP;0;0.00
2018;rd;14804103;Norra Hisingen, Brunnsbo, Södra;DD;DD;2;0.19
2018;rd;14804103;Norra Hisingen, Brunnsbo, Södra;DjuP;DJUP;1;0.10
2018;rd;14804103;Norra Hisingen, Brunnsbo, Södra;EAP;EAP;0;0.00
2018;rd;14804103;Norra Hisingen, Brunnsbo, Södra;ENH;ENH;0;0.00
2018;rd;14804103;Norra Hisingen, Brunnsbo, Södra;INI;INI;0;0.00
2018;rd;14804103;Norra Hisingen, Brunnsbo, Södra;KLP;KLP;0;0.00
2018;rd;14804103;Norra Hisingen, Brunnsbo, Södra;KrVP;KRVP;2;0.19
2018;rd;14804103;Norra Hisingen, Brunnsbo, Södra;LPo;LPO;0;0.00
2018;rd;14804103;Norra Hisingen, Brunnsbo, Södra;MED;MED;0;0.00
2018;rd;14804103;Norra Hisingen, Brunnsbo, Södra;NMR;NMR;0;0.00
2018;rd;14804103;Norra Hisingen, Brunnsbo, Södra;NYREF;NYREF;0;0.00
2018;rd;14804103;Norra Hisingen, Brunnsbo, Södra;PP;PP;1;0.10
2018;rd;14804103;Norra Hisingen, Brunnsbo, Södra;SKP;SKP;1;0.10
2018;rd;14804103;Norra Hisingen, Brunnsbo, Södra;TRP;TRP;0;0.00
2018;rd;14804103;Norra Hisingen, Brunnsbo, Södra;ÖVR;ÖVR;0;0.00
2018;rd;14804104;Norra Hisingen, Tingstad;M;M;123;13.56
2018;rd;14804104;Norra Hisingen, Tingstad;C;C;32;3.53
2018;rd;14804104;Norra Hisingen, Tingstad;L;L;35;3.86
2018;rd;14804104;Norra Hisingen, Tingstad;KD;KD;27;2.98
2018;rd;14804104;Norra Hisingen, Tingstad;S;S;299;32.97
2018;rd;14804104;Norra Hisingen, Tingstad;V;V;140;15.44
2018;rd;14804104;Norra Hisingen, Tingstad;MP;MP;41;4.52
2018;rd;14804104;Norra Hisingen, Tingstad;SD;SD;181;19.96
2018;rd;14804104;Norra Hisingen, Tingstad;FI;FI;7;0.77
2018;rd;14804104;Norra Hisingen, Tingstad;AfS;AFS;3;0.33
2018;rd;14804104;Norra Hisingen, Tingstad;BASIP;BASIP;0;0.00
2018;rd;14804104;Norra Hisingen, Tingstad;DD;DD;3;0.33
2018;rd;14804104;Norra Hisingen, Tingstad;DjuP;DJUP;1;0.11
2018;rd;14804104;Norra Hisingen, Tingstad;EAP;EAP;0;0.00
2018;rd;14804104;Norra Hisingen, Tingstad;ENH;ENH;3;0.33
2018;rd;14804104;Norra Hisingen, Tingstad;INI;INI;0;0.00
2018;rd;14804104;Norra Hisingen, Tingstad;KLP;KLP;0;0.00
2018;rd;14804104;Norra Hisingen, Tingstad;KrVP;KRVP;0;0.00
2018;rd;14804104;Norra Hisingen, Tingstad;LPo;LPO;0;0.00
2018;rd;14804104;Norra Hisingen, Tingstad;MED;MED;4;0.44
2018;rd;14804104;Norra Hisingen, Tingstad;NMR;NMR;2;0.22
2018;rd;14804104;Norra Hisingen, Tingstad;NYREF;NYREF;0;0.00
2018;rd;14804104;Norra Hisingen, Tingstad;PP;PP;3;0.33
2018;rd;14804104;Norra Hisingen, Tingstad;SKP;SKP;2;0.22
2018;rd;14804104;Norra Hisingen, Tingstad;TRP;TRP;0;0.00
2018;rd;14804104;Norra Hisingen, Tingstad;ÖVR;ÖVR;1;0.11
2018;rd;14804121;Norra Hisingen, Backa Röd;M;M;84;10.67
2018;rd;14804121;Norra Hisingen, Backa Röd;C;C;25;3.18
2018;rd;14804121;Norra Hisingen, Backa Röd;L;L;27;3.43
2018;rd;14804121;Norra Hisingen, Backa Röd;KD;KD;20;2.54
2018;rd;14804121;Norra Hisingen, Backa Röd;S;S;340;43.20
2018;rd;14804121;Norra Hisingen, Backa Röd;V;V;144;18.30
2018;rd;14804121;Norra Hisingen, Backa Röd;MP;MP;24;3.05
2018;rd;14804121;Norra Hisingen, Backa Röd;SD;SD;105;13.34
2018;rd;14804121;Norra Hisingen, Backa Röd;FI;FI;3;0.38
2018;rd;14804121;Norra Hisingen, Backa Röd;AfS;AFS;5;0.64
2018;rd;14804121;Norra Hisingen, Backa Röd;BASIP;BASIP;0;0.00
2018;rd;14804121;Norra Hisingen, Backa Röd;DD;DD;1;0.13
2018;rd;14804121;Norra Hisingen, Backa Röd;DjuP;DJUP;1;0.13
2018;rd;14804121;Norra Hisingen, Backa Röd;EAP;EAP;0;0.00
2018;rd;14804121;Norra Hisingen, Backa Röd;ENH;ENH;0;0.00
2018;rd;14804121;Norra Hisingen, Backa Röd;INI;INI;0;0.00
2018;rd;14804121;Norra Hisingen, Backa Röd;KLP;KLP;0;0.00
2018;rd;14804121;Norra Hisingen, Backa Röd;KrVP;KRVP;1;0.13
2018;rd;14804121;Norra Hisingen, Backa Röd;LPo;LPO;0;0.00
2018;rd;14804121;Norra Hisingen, Backa Röd;MED;MED;1;0.13
2018;rd;14804121;Norra Hisingen, Backa Röd;NMR;NMR;0;0.00
2018;rd;14804121;Norra Hisingen, Backa Röd;NYREF;NYREF;0;0.00
2018;rd;14804121;Norra Hisingen, Backa Röd;PP;PP;5;0.64
2018;rd;14804121;Norra Hisingen, Backa Röd;SKP;SKP;1;0.13
2018;rd;14804121;Norra Hisingen, Backa Röd;TRP;TRP;0;0.00
2018;rd;14804121;Norra Hisingen, Backa Röd;ÖVR;ÖVR;0;0.00
2018;rd;14804122;Norra Hisingen, Backa, Norra;M;M;123;13.62
2018;rd;14804122;Norra Hisingen, Backa, Norra;C;C;49;5.43
2018;rd;14804122;Norra Hisingen, Backa, Norra;L;L;40;4.43
2018;rd;14804122;Norra Hisingen, Backa, Norra;KD;KD;35;3.88
2018;rd;14804122;Norra Hisingen, Backa, Norra;S;S;376;41.64
2018;rd;14804122;Norra Hisingen, Backa, Norra;V;V;67;7.42
2018;rd;14804122;Norra Hisingen, Backa, Norra;MP;MP;27;2.99
2018;rd;14804122;Norra Hisingen, Backa, Norra;SD;SD;166;18.38
2018;rd;14804122;Norra Hisingen, Backa, Norra;FI;FI;4;0.44
2018;rd;14804122;Norra Hisingen, Backa, Norra;AfS;AFS;4;0.44
2018;rd;14804122;Norra Hisingen, Backa, Norra;BASIP;BASIP;1;0.11
2018;rd;14804122;Norra Hisingen, Backa, Norra;DD;DD;0;0.00
2018;rd;14804122;Norra Hisingen, Backa, Norra;DjuP;DJUP;0;0.00
2018;rd;14804122;Norra Hisingen, Backa, Norra;EAP;EAP;0;0.00
2018;rd;14804122;Norra Hisingen, Backa, Norra;ENH;ENH;0;0.00
2018;rd;14804122;Norra Hisingen, Backa, Norra;INI;INI;0;0.00
2018;rd;14804122;Norra Hisingen, Backa, Norra;KLP;KLP;0;0.00
2018;rd;14804122;Norra Hisingen, Backa, Norra;KrVP;KRVP;4;0.44
2018;rd;14804122;Norra Hisingen, Backa, Norra;LPo;LPO;0;0.00
2018;rd;14804122;Norra Hisingen, Backa, Norra;MED;MED;2;0.22
2018;rd;14804122;Norra Hisingen, Backa, Norra;NMR;NMR;1;0.11
2018;rd;14804122;Norra Hisingen, Backa, Norra;NYREF;NYREF;0;0.00
2018;rd;14804122;Norra Hisingen, Backa, Norra;PP;PP;3;0.33
2018;rd;14804122;Norra Hisingen, Backa, Norra;SKP;SKP;1;0.11
2018;rd;14804122;Norra Hisingen, Backa, Norra;TRP;TRP;0;0.00
2018;rd;14804122;Norra Hisingen, Backa, Norra;ÖVR;ÖVR;0;0.00
2018;rd;14804123;Norra Hisingen, Backa, Södra;M;M;92;12.23
2018;rd;14804123;Norra Hisingen, Backa, Södra;C;C;30;3.99
2018;rd;14804123;Norra Hisingen, Backa, Södra;L;L;32;4.26
2018;rd;14804123;Norra Hisingen, Backa, Södra;KD;KD;34;4.52
2018;rd;14804123;Norra Hisingen, Backa, Södra;S;S;271;36.04
2018;rd;14804123;Norra Hisingen, Backa, Södra;V;V;110;14.63
2018;rd;14804123;Norra Hisingen, Backa, Södra;MP;MP;41;5.45
2018;rd;14804123;Norra Hisingen, Backa, Södra;SD;SD;116;15.43
2018;rd;14804123;Norra Hisingen, Backa, Södra;FI;FI;6;0.80
2018;rd;14804123;Norra Hisingen, Backa, Södra;AfS;AFS;13;1.73
2018;rd;14804123;Norra Hisingen, Backa, Södra;BASIP;BASIP;0;0.00
2018;rd;14804123;Norra Hisingen, Backa, Södra;DD;DD;1;0.13
2018;rd;14804123;Norra Hisingen, Backa, Södra;DjuP;DJUP;0;0.00
2018;rd;14804123;Norra Hisingen, Backa, Södra;EAP;EAP;0;0.00
2018;rd;14804123;Norra Hisingen, Backa, Södra;ENH;ENH;0;0.00
2018;rd;14804123;Norra Hisingen, Backa, Södra;INI;INI;0;0.00
2018;rd;14804123;Norra Hisingen, Backa, Södra;KLP;KLP;0;0.00
2018;rd;14804123;Norra Hisingen, Backa, Södra;KrVP;KRVP;0;0.00
2018;rd;14804123;Norra Hisingen, Backa, Södra;LPo;LPO;0;0.00
2018;rd;14804123;Norra Hisingen, Backa, Södra;MED;MED;5;0.66
2018;rd;14804123;Norra Hisingen, Backa, Södra;NMR;NMR;0;0.00
2018;rd;14804123;Norra Hisingen, Backa, Södra;NYREF;NYREF;0;0.00
2018;rd;14804123;Norra Hisingen, Backa, Södra;PP;PP;0;0.00
2018;rd;14804123;Norra Hisingen, Backa, Södra;SKP;SKP;1;0.13
2018;rd;14804123;Norra Hisingen, Backa, Södra;TRP;TRP;0;0.00
2018;rd;14804123;Norra Hisingen, Backa, Södra;ÖVR;ÖVR;0;0.00
2018;rd;14804124;Norra Hisingen, Bällskär;M;M;194;18.91
2018;rd;14804124;Norra Hisingen, Bällskär;C;C;46;4.48
2018;rd;14804124;Norra Hisingen, Bällskär;L;L;66;6.43
2018;rd;14804124;Norra Hisingen, Bällskär;KD;KD;60;5.85
2018;rd;14804124;Norra Hisingen, Bällskär;S;S;323;31.48
2018;rd;14804124;Norra Hisingen, Bällskär;V;V;111;10.82
2018;rd;14804124;Norra Hisingen, Bällskär;MP;MP;44;4.29
2018;rd;14804124;Norra Hisingen, Bällskär;SD;SD;161;15.69
2018;rd;14804124;Norra Hisingen, Bällskär;FI;FI;9;0.88
2018;rd;14804124;Norra Hisingen, Bällskär;AfS;AFS;2;0.19
2018;rd;14804124;Norra Hisingen, Bällskär;BASIP;BASIP;3;0.29
2018;rd;14804124;Norra Hisingen, Bällskär;DD;DD;3;0.29
2018;rd;14804124;Norra Hisingen, Bällskär;DjuP;DJUP;0;0.00
2018;rd;14804124;Norra Hisingen, Bällskär;EAP;EAP;0;0.00
2018;rd;14804124;Norra Hisingen, Bällskär;ENH;ENH;0;0.00
2018;rd;14804124;Norra Hisingen, Bällskär;INI;INI;0;0.00
2018;rd;14804124;Norra Hisingen, Bällskär;KLP;KLP;0;0.00
2018;rd;14804124;Norra Hisingen, Bällskär;KrVP;KRVP;0;0.00
2018;rd;14804124;Norra Hisingen, Bällskär;LPo;LPO;0;0.00
2018;rd;14804124;Norra Hisingen, Bällskär;MED;MED;0;0.00
2018;rd;14804124;Norra Hisingen, Bällskär;NMR;NMR;0;0.00
2018;rd;14804124;Norra Hisingen, Bällskär;NYREF;NYREF;0;0.00
2018;rd;14804124;Norra Hisingen, Bällskär;PP;PP;2;0.19
2018;rd;14804124;Norra Hisingen, Bällskär;SKP;SKP;1;0.10
2018;rd;14804124;Norra Hisingen, Bällskär;TRP;TRP;0;0.00
2018;rd;14804124;Norra Hisingen, Bällskär;ÖVR;ÖVR;1;0.10
2018;rd;14804125;Norra Hisingen, Wadköpingsgatan m fl;M;M;83;10.92
2018;rd;14804125;Norra Hisingen, Wadköpingsgatan m fl;C;C;36;4.74
2018;rd;14804125;Norra Hisingen, Wadköpingsgatan m fl;L;L;18;2.37
2018;rd;14804125;Norra Hisingen, Wadköpingsgatan m fl;KD;KD;19;2.50
2018;rd;14804125;Norra Hisingen, Wadköpingsgatan m fl;S;S;282;37.11
2018;rd;14804125;Norra Hisingen, Wadköpingsgatan m fl;V;V;167;21.97
2018;rd;14804125;Norra Hisingen, Wadköpingsgatan m fl;MP;MP;51;6.71
2018;rd;14804125;Norra Hisingen, Wadköpingsgatan m fl;SD;SD;82;10.79
2018;rd;14804125;Norra Hisingen, Wadköpingsgatan m fl;FI;FI;4;0.53
2018;rd;14804125;Norra Hisingen, Wadköpingsgatan m fl;AfS;AFS;4;0.53
2018;rd;14804125;Norra Hisingen, Wadköpingsgatan m fl;BASIP;BASIP;0;0.00
2018;rd;14804125;Norra Hisingen, Wadköpingsgatan m fl;DD;DD;3;0.39
2018;rd;14804125;Norra Hisingen, Wadköpingsgatan m fl;DjuP;DJUP;0;0.00
2018;rd;14804125;Norra Hisingen, Wadköpingsgatan m fl;EAP;EAP;0;0.00
2018;rd;14804125;Norra Hisingen, Wadköpingsgatan m fl;ENH;ENH;1;0.13
2018;rd;14804125;Norra Hisingen, Wadköpingsgatan m fl;INI;INI;0;0.00
2018;rd;14804125;Norra Hisingen, Wadköpingsgatan m fl;KLP;KLP;1;0.13
2018;rd;14804125;Norra Hisingen, Wadköpingsgatan m fl;KrVP;KRVP;0;0.00
2018;rd;14804125;Norra Hisingen, Wadköpingsgatan m fl;LPo;LPO;0;0.00
2018;rd;14804125;Norra Hisingen, Wadköpingsgatan m fl;MED;MED;5;0.66
2018;rd;14804125;Norra Hisingen, Wadköpingsgatan m fl;NMR;NMR;1;0.13
2018;rd;14804125;Norra Hisingen, Wadköpingsgatan m fl;NYREF;NYREF;0;0.00
2018;rd;14804125;Norra Hisingen, Wadköpingsgatan m fl;PP;PP;2;0.26
2018;rd;14804125;Norra Hisingen, Wadköpingsgatan m fl;SKP;SKP;0;0.00
2018;rd;14804125;Norra Hisingen, Wadköpingsgatan m fl;TRP;TRP;0;0.00
2018;rd;14804125;Norra Hisingen, Wadköpingsgatan m fl;ÖVR;ÖVR;1;0.13
2018;rd;14804131;Norra Hisingen, Backadalen;M;M;91;10.71
2018;rd;14804131;Norra Hisingen, Backadalen;C;C;31;3.65
2018;rd;14804131;Norra Hisingen, Backadalen;L;L;29;3.41
2018;rd;14804131;Norra Hisingen, Backadalen;KD;KD;42;4.94
2018;rd;14804131;Norra Hisingen, Backadalen;S;S;316;37.18
2018;rd;14804131;Norra Hisingen, Backadalen;V;V;106;12.47
2018;rd;14804131;Norra Hisingen, Backadalen;MP;MP;35;4.12
2018;rd;14804131;Norra Hisingen, Backadalen;SD;SD;170;20.00
2018;rd;14804131;Norra Hisingen, Backadalen;FI;FI;12;1.41
2018;rd;14804131;Norra Hisingen, Backadalen;AfS;AFS;4;0.47
2018;rd;14804131;Norra Hisingen, Backadalen;BASIP;BASIP;0;0.00
2018;rd;14804131;Norra Hisingen, Backadalen;DD;DD;3;0.35
2018;rd;14804131;Norra Hisingen, Backadalen;DjuP;DJUP;0;0.00
2018;rd;14804131;Norra Hisingen, Backadalen;EAP;EAP;0;0.00
2018;rd;14804131;Norra Hisingen, Backadalen;ENH;ENH;0;0.00
2018;rd;14804131;Norra Hisingen, Backadalen;INI;INI;0;0.00
2018;rd;14804131;Norra Hisingen, Backadalen;KLP;KLP;0;0.00
2018;rd;14804131;Norra Hisingen, Backadalen;KrVP;KRVP;0;0.00
2018;rd;14804131;Norra Hisingen, Backadalen;LPo;LPO;0;0.00
2018;rd;14804131;Norra Hisingen, Backadalen;MED;MED;7;0.82
2018;rd;14804131;Norra Hisingen, Backadalen;NMR;NMR;0;0.00
2018;rd;14804131;Norra Hisingen, Backadalen;NYREF;NYREF;0;0.00
2018;rd;14804131;Norra Hisingen, Backadalen;PP;PP;3;0.35
2018;rd;14804131;Norra Hisingen, Backadalen;SKP;SKP;0;0.00
2018;rd;14804131;Norra Hisingen, Backadalen;TRP;TRP;1;0.12
2018;rd;14804131;Norra Hisingen, Backadalen;ÖVR;ÖVR;0;0.00
2018;rd;14804132;Norra Hisingen, Bäckebol;M;M;133;13.29
2018;rd;14804132;Norra Hisingen, Bäckebol;C;C;36;3.60
2018;rd;14804132;Norra Hisingen, Bäckebol;L;L;39;3.90
2018;rd;14804132;Norra Hisingen, Bäckebol;KD;KD;41;4.10
2018;rd;14804132;Norra Hisingen, Bäckebol;S;S;397;39.66
2018;rd;14804132;Norra Hisingen, Bäckebol;V;V;103;10.29
2018;rd;14804132;Norra Hisingen, Bäckebol;MP;MP;16;1.60
2018;rd;14804132;Norra Hisingen, Bäckebol;SD;SD;209;20.88
2018;rd;14804132;Norra Hisingen, Bäckebol;FI;FI;8;0.80
2018;rd;14804132;Norra Hisingen, Bäckebol;AfS;AFS;4;0.40
2018;rd;14804132;Norra Hisingen, Bäckebol;BASIP;BASIP;0;0.00
2018;rd;14804132;Norra Hisingen, Bäckebol;DD;DD;1;0.10
2018;rd;14804132;Norra Hisingen, Bäckebol;DjuP;DJUP;2;0.20
2018;rd;14804132;Norra Hisingen, Bäckebol;EAP;EAP;0;0.00
2018;rd;14804132;Norra Hisingen, Bäckebol;ENH;ENH;1;0.10
2018;rd;14804132;Norra Hisingen, Bäckebol;INI;INI;0;0.00
2018;rd;14804132;Norra Hisingen, Bäckebol;KLP;KLP;1;0.10
2018;rd;14804132;Norra Hisingen, Bäckebol;KrVP;KRVP;2;0.20
2018;rd;14804132;Norra Hisingen, Bäckebol;LPo;LPO;0;0.00
2018;rd;14804132;Norra Hisingen, Bäckebol;MED;MED;1;0.10
2018;rd;14804132;Norra Hisingen, Bäckebol;NMR;NMR;0;0.00
2018;rd;14804132;Norra Hisingen, Bäckebol;NYREF;NYREF;0;0.00
2018;rd;14804132;Norra Hisingen, Bäckebol;PP;PP;7;0.70
2018;rd;14804132;Norra Hisingen, Bäckebol;SKP;SKP;0;0.00
2018;rd;14804132;Norra Hisingen, Bäckebol;TRP;TRP;0;0.00
2018;rd;14804132;Norra Hisingen, Bäckebol;ÖVR;ÖVR;0;0.00
2018;rd;14804133;Norra Hisingen, Selma Lagerlöfs torg;M;M;108;12.15
2018;rd;14804133;Norra Hisingen, Selma Lagerlöfs torg;C;C;44;4.95
2018;rd;14804133;Norra Hisingen, Selma Lagerlöfs torg;L;L;37;4.16
2018;rd;14804133;Norra Hisingen, Selma Lagerlöfs torg;KD;KD;37;4.16
2018;rd;14804133;Norra Hisingen, Selma Lagerlöfs torg;S;S;377;42.41
2018;rd;14804133;Norra Hisingen, Selma Lagerlöfs torg;V;V;80;9.00
2018;rd;14804133;Norra Hisingen, Selma Lagerlöfs torg;MP;MP;31;3.49
2018;rd;14804133;Norra Hisingen, Selma Lagerlöfs torg;SD;SD;162;18.22
2018;rd;14804133;Norra Hisingen, Selma Lagerlöfs torg;FI;FI;3;0.34
2018;rd;14804133;Norra Hisingen, Selma Lagerlöfs torg;AfS;AFS;2;0.22
2018;rd;14804133;Norra Hisingen, Selma Lagerlöfs torg;BASIP;BASIP;0;0.00
2018;rd;14804133;Norra Hisingen, Selma Lagerlöfs torg;DD;DD;0;0.00
2018;rd;14804133;Norra Hisingen, Selma Lagerlöfs torg;DjuP;DJUP;2;0.22
2018;rd;14804133;Norra Hisingen, Selma Lagerlöfs torg;EAP;EAP;0;0.00
2018;rd;14804133;Norra Hisingen, Selma Lagerlöfs torg;ENH;ENH;1;0.11
2018;rd;14804133;Norra Hisingen, Selma Lagerlöfs torg;INI;INI;0;0.00
2018;rd;14804133;Norra Hisingen, Selma Lagerlöfs torg;KLP;KLP;0;0.00
2018;rd;14804133;Norra Hisingen, Selma Lagerlöfs torg;KrVP;KRVP;0;0.00
2018;rd;14804133;Norra Hisingen, Selma Lagerlöfs torg;LPo;LPO;0;0.00
2018;rd;14804133;Norra Hisingen, Selma Lagerlöfs torg;MED;MED;1;0.11
2018;rd;14804133;Norra Hisingen, Selma Lagerlöfs torg;NMR;NMR;0;0.00
2018;rd;14804133;Norra Hisingen, Selma Lagerlöfs torg;NYREF;NYREF;0;0.00
2018;rd;14804133;Norra Hisingen, Selma Lagerlöfs torg;PP;PP;4;0.45
2018;rd;14804133;Norra Hisingen, Selma Lagerlöfs torg;SKP;SKP;0;0.00
2018;rd;14804133;Norra Hisingen, Selma Lagerlöfs torg;TRP;TRP;0;0.00
2018;rd;14804133;Norra Hisingen, Selma Lagerlöfs torg;ÖVR;ÖVR;0;0.00
2018;rd;14804134;Norra Hisingen, Skälltorp;M;M;209;18.51
2018;rd;14804134;Norra Hisingen, Skälltorp;C;C;62;5.49
2018;rd;14804134;Norra Hisingen, Skälltorp;L;L;47;4.16
2018;rd;14804134;Norra Hisingen, Skälltorp;KD;KD;50;4.43
2018;rd;14804134;Norra Hisingen, Skälltorp;S;S;350;31.00
2018;rd;14804134;Norra Hisingen, Skälltorp;V;V;144;12.75
2018;rd;14804134;Norra Hisingen, Skälltorp;MP;MP;52;4.61
2018;rd;14804134;Norra Hisingen, Skälltorp;SD;SD;193;17.09
2018;rd;14804134;Norra Hisingen, Skälltorp;FI;FI;7;0.62
2018;rd;14804134;Norra Hisingen, Skälltorp;AfS;AFS;5;0.44
2018;rd;14804134;Norra Hisingen, Skälltorp;BASIP;BASIP;0;0.00
2018;rd;14804134;Norra Hisingen, Skälltorp;DD;DD;0;0.00
2018;rd;14804134;Norra Hisingen, Skälltorp;DjuP;DJUP;6;0.53
2018;rd;14804134;Norra Hisingen, Skälltorp;EAP;EAP;0;0.00
2018;rd;14804134;Norra Hisingen, Skälltorp;ENH;ENH;0;0.00
2018;rd;14804134;Norra Hisingen, Skälltorp;INI;INI;0;0.00
2018;rd;14804134;Norra Hisingen, Skälltorp;KLP;KLP;0;0.00
2018;rd;14804134;Norra Hisingen, Skälltorp;KrVP;KRVP;1;0.09
2018;rd;14804134;Norra Hisingen, Skälltorp;LPo;LPO;0;0.00
2018;rd;14804134;Norra Hisingen, Skälltorp;MED;MED;2;0.18
2018;rd;14804134;Norra Hisingen, Skälltorp;NMR;NMR;1;0.09
2018;rd;14804134;Norra Hisingen, Skälltorp;NYREF;NYREF;0;0.00
2018;rd;14804134;Norra Hisingen, Skälltorp;PP;PP;0;0.00
2018;rd;14804134;Norra Hisingen, Skälltorp;SKP;SKP;0;0.00
2018;rd;14804134;Norra Hisingen, Skälltorp;TRP;TRP;0;0.00
2018;rd;14804134;Norra Hisingen, Skälltorp;ÖVR;ÖVR;0;0.00
2018;rd;14804135;Norra Hisingen, Åketorp;M;M;233;20.77
2018;rd;14804135;Norra Hisingen, Åketorp;C;C;52;4.63
2018;rd;14804135;Norra Hisingen, Åketorp;L;L;74;6.60
2018;rd;14804135;Norra Hisingen, Åketorp;KD;KD;75;6.68
2018;rd;14804135;Norra Hisingen, Åketorp;S;S;356;31.73
2018;rd;14804135;Norra Hisingen, Åketorp;V;V;92;8.20
2018;rd;14804135;Norra Hisingen, Åketorp;MP;MP;32;2.85
2018;rd;14804135;Norra Hisingen, Åketorp;SD;SD;197;17.56
2018;rd;14804135;Norra Hisingen, Åketorp;FI;FI;2;0.18
2018;rd;14804135;Norra Hisingen, Åketorp;AfS;AFS;0;0.00
2018;rd;14804135;Norra Hisingen, Åketorp;BASIP;BASIP;1;0.09
2018;rd;14804135;Norra Hisingen, Åketorp;DD;DD;2;0.18
2018;rd;14804135;Norra Hisingen, Åketorp;DjuP;DJUP;3;0.27
2018;rd;14804135;Norra Hisingen, Åketorp;EAP;EAP;0;0.00
2018;rd;14804135;Norra Hisingen, Åketorp;ENH;ENH;0;0.00
2018;rd;14804135;Norra Hisingen, Åketorp;INI;INI;0;0.00
2018;rd;14804135;Norra Hisingen, Åketorp;KLP;KLP;0;0.00
2018;rd;14804135;Norra Hisingen, Åketorp;KrVP;KRVP;2;0.18
2018;rd;14804135;Norra Hisingen, Åketorp;LPo;LPO;0;0.00
2018;rd;14804135;Norra Hisingen, Åketorp;MED;MED;1;0.09
2018;rd;14804135;Norra Hisingen, Åketorp;NMR;NMR;0;0.00
2018;rd;14804135;Norra Hisingen, Åketorp;NYREF;NYREF;0;0.00
2018;rd;14804135;Norra Hisingen, Åketorp;PP;PP;0;0.00
2018;rd;14804135;Norra Hisingen, Åketorp;SKP;SKP;0;0.00
2018;rd;14804135;Norra Hisingen, Åketorp;TRP;TRP;0;0.00
2018;rd;14804135;Norra Hisingen, Åketorp;ÖVR;ÖVR;0;0.00
2018;rd;14804141;Lundby, Bräcke, Norra;M;M;157;14.09
2018;rd;14804141;Lundby, Bräcke, Norra;C;C;65;5.83
2018;rd;14804141;Lundby, Bräcke, Norra;L;L;66;5.92
2018;rd;14804141;Lundby, Bräcke, Norra;KD;KD;49;4.40
2018;rd;14804141;Lundby, Bräcke, Norra;S;S;300;26.93
2018;rd;14804141;Lundby, Bräcke, Norra;V;V;165;14.81
2018;rd;14804141;Lundby, Bräcke, Norra;MP;MP;93;8.35
2018;rd;14804141;Lundby, Bräcke, Norra;SD;SD;204;18.31
2018;rd;14804141;Lundby, Bräcke, Norra;FI;FI;6;0.54
2018;rd;14804141;Lundby, Bräcke, Norra;AfS;AFS;4;0.36
2018;rd;14804141;Lundby, Bräcke, Norra;BASIP;BASIP;0;0.00
2018;rd;14804141;Lundby, Bräcke, Norra;DD;DD;0;0.00
2018;rd;14804141;Lundby, Bräcke, Norra;DjuP;DJUP;1;0.09
2018;rd;14804141;Lundby, Bräcke, Norra;EAP;EAP;0;0.00
2018;rd;14804141;Lundby, Bräcke, Norra;ENH;ENH;0;0.00
2018;rd;14804141;Lundby, Bräcke, Norra;INI;INI;0;0.00
2018;rd;14804141;Lundby, Bräcke, Norra;KLP;KLP;0;0.00
2018;rd;14804141;Lundby, Bräcke, Norra;KrVP;KRVP;1;0.09
2018;rd;14804141;Lundby, Bräcke, Norra;LPo;LPO;0;0.00
2018;rd;14804141;Lundby, Bräcke, Norra;MED;MED;0;0.00
2018;rd;14804141;Lundby, Bräcke, Norra;NMR;NMR;0;0.00
2018;rd;14804141;Lundby, Bräcke, Norra;NYREF;NYREF;0;0.00
2018;rd;14804141;Lundby, Bräcke, Norra;PP;PP;3;0.27
2018;rd;14804141;Lundby, Bräcke, Norra;SKP;SKP;0;0.00
2018;rd;14804141;Lundby, Bräcke, Norra;TRP;TRP;0;0.00
2018;rd;14804141;Lundby, Bräcke, Norra;ÖVR;ÖVR;0;0.00
2018;rd;14804142;Lundby, Bräcke, Södra;M;M;150;15.97
2018;rd;14804142;Lundby, Bräcke, Södra;C;C;58;6.18
2018;rd;14804142;Lundby, Bräcke, Södra;L;L;54;5.75
2018;rd;14804142;Lundby, Bräcke, Södra;KD;KD;39;4.15
2018;rd;14804142;Lundby, Bräcke, Södra;S;S;243;25.88
2018;rd;14804142;Lundby, Bräcke, Södra;V;V;142;15.12
2018;rd;14804142;Lundby, Bräcke, Södra;MP;MP;57;6.07
2018;rd;14804142;Lundby, Bräcke, Södra;SD;SD;169;18.00
2018;rd;14804142;Lundby, Bräcke, Södra;FI;FI;8;0.85
2018;rd;14804142;Lundby, Bräcke, Södra;AfS;AFS;3;0.32
2018;rd;14804142;Lundby, Bräcke, Södra;BASIP;BASIP;0;0.00
2018;rd;14804142;Lundby, Bräcke, Södra;DD;DD;4;0.43
2018;rd;14804142;Lundby, Bräcke, Södra;DjuP;DJUP;2;0.21
2018;rd;14804142;Lundby, Bräcke, Södra;EAP;EAP;0;0.00
2018;rd;14804142;Lundby, Bräcke, Södra;ENH;ENH;1;0.11
2018;rd;14804142;Lundby, Bräcke, Södra;INI;INI;0;0.00
2018;rd;14804142;Lundby, Bräcke, Södra;KLP;KLP;0;0.00
2018;rd;14804142;Lundby, Bräcke, Södra;KrVP;KRVP;0;0.00
2018;rd;14804142;Lundby, Bräcke, Södra;LPo;LPO;0;0.00
2018;rd;14804142;Lundby, Bräcke, Södra;MED;MED;4;0.43
2018;rd;14804142;Lundby, Bräcke, Södra;NMR;NMR;0;0.00
2018;rd;14804142;Lundby, Bräcke, Södra;NYREF;NYREF;0;0.00
2018;rd;14804142;Lundby, Bräcke, Södra;PP;PP;4;0.43
2018;rd;14804142;Lundby, Bräcke, Södra;SKP;SKP;1;0.11
2018;rd;14804142;Lundby, Bräcke, Södra;TRP;TRP;0;0.00
2018;rd;14804142;Lundby, Bräcke, Södra;ÖVR;ÖVR;0;0.00
2018;rd;14804143;Lundby, Kyrkbyn;M;M;122;10.61
2018;rd;14804143;Lundby, Kyrkbyn;C;C;42;3.65
2018;rd;14804143;Lundby, Kyrkbyn;L;L;60;5.22
2018;rd;14804143;Lundby, Kyrkbyn;KD;KD;31;2.70
2018;rd;14804143;Lundby, Kyrkbyn;S;S;356;30.96
2018;rd;14804143;Lundby, Kyrkbyn;V;V;199;17.30
2018;rd;14804143;Lundby, Kyrkbyn;MP;MP;63;5.48
2018;rd;14804143;Lundby, Kyrkbyn;SD;SD;242;21.04
2018;rd;14804143;Lundby, Kyrkbyn;FI;FI;9;0.78
2018;rd;14804143;Lundby, Kyrkbyn;AfS;AFS;8;0.70
2018;rd;14804143;Lundby, Kyrkbyn;BASIP;BASIP;0;0.00
2018;rd;14804143;Lundby, Kyrkbyn;DD;DD;3;0.26
2018;rd;14804143;Lundby, Kyrkbyn;DjuP;DJUP;3;0.26
2018;rd;14804143;Lundby, Kyrkbyn;EAP;EAP;0;0.00
2018;rd;14804143;Lundby, Kyrkbyn;ENH;ENH;2;0.17
2018;rd;14804143;Lundby, Kyrkbyn;INI;INI;0;0.00
2018;rd;14804143;Lundby, Kyrkbyn;KLP;KLP;0;0.00
2018;rd;14804143;Lundby, Kyrkbyn;KrVP;KRVP;0;0.00
2018;rd;14804143;Lundby, Kyrkbyn;LPo;LPO;0;0.00
2018;rd;14804143;Lundby, Kyrkbyn;MED;MED;3;0.26
2018;rd;14804143;Lundby, Kyrkbyn;NMR;NMR;1;0.09
2018;rd;14804143;Lundby, Kyrkbyn;NYREF;NYREF;0;0.00
2018;rd;14804143;Lundby, Kyrkbyn;PP;PP;6;0.52
2018;rd;14804143;Lundby, Kyrkbyn;SKP;SKP;0;0.00
2018;rd;14804143;Lundby, Kyrkbyn;TRP;TRP;0;0.00
2018;rd;14804143;Lundby, Kyrkbyn;ÖVR;ÖVR;0;0.00
2018;rd;14804144;Lundby, Lundby, Norra;M;M;127;13.79
2018;rd;14804144;Lundby, Lundby, Norra;C;C;58;6.30
2018;rd;14804144;Lundby, Lundby, Norra;L;L;52;5.65
2018;rd;14804144;Lundby, Lundby, Norra;KD;KD;42;4.56
2018;rd;14804144;Lundby, Lundby, Norra;S;S;259;28.12
2018;rd;14804144;Lundby, Lundby, Norra;V;V;139;15.09
2018;rd;14804144;Lundby, Lundby, Norra;MP;MP;53;5.75
2018;rd;14804144;Lundby, Lundby, Norra;SD;SD;170;18.46
2018;rd;14804144;Lundby, Lundby, Norra;FI;FI;5;0.54
2018;rd;14804144;Lundby, Lundby, Norra;AfS;AFS;2;0.22
2018;rd;14804144;Lundby, Lundby, Norra;BASIP;BASIP;0;0.00
2018;rd;14804144;Lundby, Lundby, Norra;DD;DD;5;0.54
2018;rd;14804144;Lundby, Lundby, Norra;DjuP;DJUP;5;0.54
2018;rd;14804144;Lundby, Lundby, Norra;EAP;EAP;0;0.00
2018;rd;14804144;Lundby, Lundby, Norra;ENH;ENH;1;0.11
2018;rd;14804144;Lundby, Lundby, Norra;INI;INI;0;0.00
2018;rd;14804144;Lundby, Lundby, Norra;KLP;KLP;0;0.00
2018;rd;14804144;Lundby, Lundby, Norra;KrVP;KRVP;0;0.00
2018;rd;14804144;Lundby, Lundby, Norra;LPo;LPO;0;0.00
2018;rd;14804144;Lundby, Lundby, Norra;MED;MED;2;0.22
2018;rd;14804144;Lundby, Lundby, Norra;NMR;NMR;1;0.11
2018;rd;14804144;Lundby, Lundby, Norra;NYREF;NYREF;0;0.00
2018;rd;14804144;Lundby, Lundby, Norra;PP;PP;0;0.00
2018;rd;14804144;Lundby, Lundby, Norra;SKP;SKP;0;0.00
2018;rd;14804144;Lundby, Lundby, Norra;TRP;TRP;0;0.00
2018;rd;14804144;Lundby, Lundby, Norra;ÖVR;ÖVR;0;0.00
2018;rd;14804145;Lundby, Lundby, Södra;M;M;113;13.81
2018;rd;14804145;Lundby, Lundby, Södra;C;C;57;6.97
2018;rd;14804145;Lundby, Lundby, Södra;L;L;48;5.87
2018;rd;14804145;Lundby, Lundby, Södra;KD;KD;43;5.26
2018;rd;14804145;Lundby, Lundby, Södra;S;S;198;24.21
2018;rd;14804145;Lundby, Lundby, Södra;V;V;154;18.83
2018;rd;14804145;Lundby, Lundby, Södra;MP;MP;66;8.07
2018;rd;14804145;Lundby, Lundby, Södra;SD;SD;118;14.43
2018;rd;14804145;Lundby, Lundby, Södra;FI;FI;9;1.10
2018;rd;14804145;Lundby, Lundby, Södra;AfS;AFS;2;0.24
2018;rd;14804145;Lundby, Lundby, Södra;BASIP;BASIP;0;0.00
2018;rd;14804145;Lundby, Lundby, Södra;DD;DD;1;0.12
2018;rd;14804145;Lundby, Lundby, Södra;DjuP;DJUP;2;0.24
2018;rd;14804145;Lundby, Lundby, Södra;EAP;EAP;0;0.00
2018;rd;14804145;Lundby, Lundby, Södra;ENH;ENH;1;0.12
2018;rd;14804145;Lundby, Lundby, Södra;INI;INI;0;0.00
2018;rd;14804145;Lundby, Lundby, Södra;KLP;KLP;0;0.00
2018;rd;14804145;Lundby, Lundby, Södra;KrVP;KRVP;0;0.00
2018;rd;14804145;Lundby, Lundby, Södra;LPo;LPO;0;0.00
2018;rd;14804145;Lundby, Lundby, Södra;MED;MED;2;0.24
2018;rd;14804145;Lundby, Lundby, Södra;NMR;NMR;3;0.37
2018;rd;14804145;Lundby, Lundby, Södra;NYREF;NYREF;0;0.00
2018;rd;14804145;Lundby, Lundby, Södra;PP;PP;1;0.12
2018;rd;14804145;Lundby, Lundby, Södra;SKP;SKP;0;0.00
2018;rd;14804145;Lundby, Lundby, Södra;TRP;TRP;0;0.00
2018;rd;14804145;Lundby, Lundby, Södra;ÖVR;ÖVR;0;0.00
2018;rd;14804151;Lundby, Brämaregården, Norra;M;M;136;11.52
2018;rd;14804151;Lundby, Brämaregården, Norra;C;C;67;5.67
2018;rd;14804151;Lundby, Brämaregården, Norra;L;L;56;4.74
2018;rd;14804151;Lundby, Brämaregården, Norra;KD;KD;38;3.22
2018;rd;14804151;Lundby, Brämaregården, Norra;S;S;281;23.79
2018;rd;14804151;Lundby, Brämaregården, Norra;V;V;305;25.83
2018;rd;14804151;Lundby, Brämaregården, Norra;MP;MP;91;7.71
2018;rd;14804151;Lundby, Brämaregården, Norra;SD;SD;179;15.16
2018;rd;14804151;Lundby, Brämaregården, Norra;FI;FI;15;1.27
2018;rd;14804151;Lundby, Brämaregården, Norra;AfS;AFS;7;0.59
2018;rd;14804151;Lundby, Brämaregården, Norra;BASIP;BASIP;0;0.00
2018;rd;14804151;Lundby, Brämaregården, Norra;DD;DD;1;0.08
2018;rd;14804151;Lundby, Brämaregården, Norra;DjuP;DJUP;1;0.08
2018;rd;14804151;Lundby, Brämaregården, Norra;EAP;EAP;0;0.00
2018;rd;14804151;Lundby, Brämaregården, Norra;ENH;ENH;0;0.00
2018;rd;14804151;Lundby, Brämaregården, Norra;INI;INI;0;0.00
2018;rd;14804151;Lundby, Brämaregården, Norra;KLP;KLP;1;0.08
2018;rd;14804151;Lundby, Brämaregården, Norra;KrVP;KRVP;0;0.00
2018;rd;14804151;Lundby, Brämaregården, Norra;LPo;LPO;0;0.00
2018;rd;14804151;Lundby, Brämaregården, Norra;MED;MED;2;0.17
2018;rd;14804151;Lundby, Brämaregården, Norra;NMR;NMR;0;0.00
2018;rd;14804151;Lundby, Brämaregården, Norra;NYREF;NYREF;0;0.00
2018;rd;14804151;Lundby, Brämaregården, Norra;PP;PP;1;0.08
2018;rd;14804151;Lundby, Brämaregården, Norra;SKP;SKP;0;0.00
2018;rd;14804151;Lundby, Brämaregården, Norra;TRP;TRP;0;0.00
2018;rd;14804151;Lundby, Brämaregården, Norra;ÖVR;ÖVR;0;0.00
2018;rd;14804152;Lundby, Brämaregården, Södra;M;M;75;9.45
2018;rd;14804152;Lundby, Brämaregården, Södra;C;C;47;5.92
2018;rd;14804152;Lundby, Brämaregården, Södra;L;L;42;5.29
2018;rd;14804152;Lundby, Brämaregården, Södra;KD;KD;25;3.15
2018;rd;14804152;Lundby, Brämaregården, Södra;S;S;160;20.15
2018;rd;14804152;Lundby, Brämaregården, Södra;V;V;234;29.47
2018;rd;14804152;Lundby, Brämaregården, Södra;MP;MP;83;10.45
2018;rd;14804152;Lundby, Brämaregården, Södra;SD;SD;91;11.46
2018;rd;14804152;Lundby, Brämaregården, Södra;FI;FI;21;2.64
2018;rd;14804152;Lundby, Brämaregården, Södra;AfS;AFS;2;0.25
2018;rd;14804152;Lundby, Brämaregården, Södra;BASIP;BASIP;0;0.00
2018;rd;14804152;Lundby, Brämaregården, Södra;DD;DD;2;0.25
2018;rd;14804152;Lundby, Brämaregården, Södra;DjuP;DJUP;2;0.25
2018;rd;14804152;Lundby, Brämaregården, Södra;EAP;EAP;0;0.00
2018;rd;14804152;Lundby, Brämaregården, Södra;ENH;ENH;1;0.13
2018;rd;14804152;Lundby, Brämaregården, Södra;INI;INI;0;0.00
2018;rd;14804152;Lundby, Brämaregården, Södra;KLP;KLP;0;0.00
2018;rd;14804152;Lundby, Brämaregården, Södra;KrVP;KRVP;0;0.00
2018;rd;14804152;Lundby, Brämaregården, Södra;LPo;LPO;0;0.00
2018;rd;14804152;Lundby, Brämaregården, Södra;MED;MED;5;0.63
2018;rd;14804152;Lundby, Brämaregården, Södra;NMR;NMR;0;0.00
2018;rd;14804152;Lundby, Brämaregården, Södra;NYREF;NYREF;0;0.00
2018;rd;14804152;Lundby, Brämaregården, Södra;PP;PP;4;0.50
2018;rd;14804152;Lundby, Brämaregården, Södra;SKP;SKP;0;0.00
2018;rd;14804152;Lundby, Brämaregården, Södra;TRP;TRP;0;0.00
2018;rd;14804152;Lundby, Brämaregården, Södra;ÖVR;ÖVR;0;0.00
2018;rd;14804153;Lundby, Porslinsfabriken;M;M;195;20.25
2018;rd;14804153;Lundby, Porslinsfabriken;C;C;76;7.89
2018;rd;14804153;Lundby, Porslinsfabriken;L;L;69;7.17
2018;rd;14804153;Lundby, Porslinsfabriken;KD;KD;28;2.91
2018;rd;14804153;Lundby, Porslinsfabriken;S;S;231;23.99
2018;rd;14804153;Lundby, Porslinsfabriken;V;V;169;17.55
2018;rd;14804153;Lundby, Porslinsfabriken;MP;MP;60;6.23
2018;rd;14804153;Lundby, Porslinsfabriken;SD;SD;115;11.94
2018;rd;14804153;Lundby, Porslinsfabriken;FI;FI;10;1.04
2018;rd;14804153;Lundby, Porslinsfabriken;AfS;AFS;2;0.21
2018;rd;14804153;Lundby, Porslinsfabriken;BASIP;BASIP;0;0.00
2018;rd;14804153;Lundby, Porslinsfabriken;DD;DD;1;0.10
2018;rd;14804153;Lundby, Porslinsfabriken;DjuP;DJUP;1;0.10
2018;rd;14804153;Lundby, Porslinsfabriken;EAP;EAP;0;0.00
2018;rd;14804153;Lundby, Porslinsfabriken;ENH;ENH;1;0.10
2018;rd;14804153;Lundby, Porslinsfabriken;INI;INI;0;0.00
2018;rd;14804153;Lundby, Porslinsfabriken;KLP;KLP;2;0.21
2018;rd;14804153;Lundby, Porslinsfabriken;KrVP;KRVP;0;0.00
2018;rd;14804153;Lundby, Porslinsfabriken;LPo;LPO;0;0.00
2018;rd;14804153;Lundby, Porslinsfabriken;MED;MED;3;0.31
2018;rd;14804153;Lundby, Porslinsfabriken;NMR;NMR;0;0.00
2018;rd;14804153;Lundby, Porslinsfabriken;NYREF;NYREF;0;0.00
2018;rd;14804153;Lundby, Porslinsfabriken;PP;PP;0;0.00
2018;rd;14804153;Lundby, Porslinsfabriken;SKP;SKP;0;0.00
2018;rd;14804153;Lundby, Porslinsfabriken;TRP;TRP;0;0.00
2018;rd;14804153;Lundby, Porslinsfabriken;ÖVR;ÖVR;0;0.00
2018;rd;14804154;Lundby, Rambergsstaden, Norra;M;M;105;11.58
2018;rd;14804154;Lundby, Rambergsstaden, Norra;C;C;60;6.62
2018;rd;14804154;Lundby, Rambergsstaden, Norra;L;L;52;5.73
2018;rd;14804154;Lundby, Rambergsstaden, Norra;KD;KD;45;4.96
2018;rd;14804154;Lundby, Rambergsstaden, Norra;S;S;270;29.77
2018;rd;14804154;Lundby, Rambergsstaden, Norra;V;V;123;13.56
2018;rd;14804154;Lundby, Rambergsstaden, Norra;MP;MP;59;6.50
2018;rd;14804154;Lundby, Rambergsstaden, Norra;SD;SD;173;19.07
2018;rd;14804154;Lundby, Rambergsstaden, Norra;FI;FI;5;0.55
2018;rd;14804154;Lundby, Rambergsstaden, Norra;AfS;AFS;5;0.55
2018;rd;14804154;Lundby, Rambergsstaden, Norra;BASIP;BASIP;3;0.33
2018;rd;14804154;Lundby, Rambergsstaden, Norra;DD;DD;1;0.11
2018;rd;14804154;Lundby, Rambergsstaden, Norra;DjuP;DJUP;2;0.22
2018;rd;14804154;Lundby, Rambergsstaden, Norra;EAP;EAP;0;0.00
2018;rd;14804154;Lundby, Rambergsstaden, Norra;ENH;ENH;1;0.11
2018;rd;14804154;Lundby, Rambergsstaden, Norra;INI;INI;0;0.00
2018;rd;14804154;Lundby, Rambergsstaden, Norra;KLP;KLP;0;0.00
2018;rd;14804154;Lundby, Rambergsstaden, Norra;KrVP;KRVP;1;0.11
2018;rd;14804154;Lundby, Rambergsstaden, Norra;LPo;LPO;0;0.00
2018;rd;14804154;Lundby, Rambergsstaden, Norra;MED;MED;1;0.11
2018;rd;14804154;Lundby, Rambergsstaden, Norra;NMR;NMR;0;0.00
2018;rd;14804154;Lundby, Rambergsstaden, Norra;NYREF;NYREF;0;0.00
2018;rd;14804154;Lundby, Rambergsstaden, Norra;PP;PP;1;0.11
2018;rd;14804154;Lundby, Rambergsstaden, Norra;SKP;SKP;0;0.00
2018;rd;14804154;Lundby, Rambergsstaden, Norra;TRP;TRP;0;0.00
2018;rd;14804154;Lundby, Rambergsstaden, Norra;ÖVR;ÖVR;0;0.00
2018;rd;14804155;Lundby, Rambergsstaden, Södra;M;M;65;8.29
2018;rd;14804155;Lundby, Rambergsstaden, Södra;C;C;37;4.72
2018;rd;14804155;Lundby, Rambergsstaden, Södra;L;L;38;4.85
2018;rd;14804155;Lundby, Rambergsstaden, Södra;KD;KD;29;3.70
2018;rd;14804155;Lundby, Rambergsstaden, Södra;S;S;216;27.55
2018;rd;14804155;Lundby, Rambergsstaden, Södra;V;V;219;27.93
2018;rd;14804155;Lundby, Rambergsstaden, Södra;MP;MP;47;5.99
2018;rd;14804155;Lundby, Rambergsstaden, Södra;SD;SD;101;12.88
2018;rd;14804155;Lundby, Rambergsstaden, Södra;FI;FI;9;1.15
2018;rd;14804155;Lundby, Rambergsstaden, Södra;AfS;AFS;6;0.77
2018;rd;14804155;Lundby, Rambergsstaden, Södra;BASIP;BASIP;0;0.00
2018;rd;14804155;Lundby, Rambergsstaden, Södra;DD;DD;3;0.38
2018;rd;14804155;Lundby, Rambergsstaden, Södra;DjuP;DJUP;1;0.13
2018;rd;14804155;Lundby, Rambergsstaden, Södra;EAP;EAP;0;0.00
2018;rd;14804155;Lundby, Rambergsstaden, Södra;ENH;ENH;2;0.26
2018;rd;14804155;Lundby, Rambergsstaden, Södra;INI;INI;0;0.00
2018;rd;14804155;Lundby, Rambergsstaden, Södra;KLP;KLP;2;0.26
2018;rd;14804155;Lundby, Rambergsstaden, Södra;KrVP;KRVP;1;0.13
2018;rd;14804155;Lundby, Rambergsstaden, Södra;LPo;LPO;0;0.00
2018;rd;14804155;Lundby, Rambergsstaden, Södra;MED;MED;3;0.38
2018;rd;14804155;Lundby, Rambergsstaden, Södra;NMR;NMR;0;0.00
2018;rd;14804155;Lundby, Rambergsstaden, Södra;NYREF;NYREF;0;0.00
2018;rd;14804155;Lundby, Rambergsstaden, Södra;PP;PP;4;0.51
2018;rd;14804155;Lundby, Rambergsstaden, Södra;SKP;SKP;1;0.13
2018;rd;14804155;Lundby, Rambergsstaden, Södra;TRP;TRP;0;0.00
2018;rd;14804155;Lundby, Rambergsstaden, Södra;ÖVR;ÖVR;0;0.00
2018;rd;14804156;Lundby, Rambergsstaden, Östra;M;M;149;13.44
2018;rd;14804156;Lundby, Rambergsstaden, Östra;C;C;80;7.21
2018;rd;14804156;Lundby, Rambergsstaden, Östra;L;L;68;6.13
2018;rd;14804156;Lundby, Rambergsstaden, Östra;KD;KD;45;4.06
2018;rd;14804156;Lundby, Rambergsstaden, Östra;S;S;283;25.52
2018;rd;14804156;Lundby, Rambergsstaden, Östra;V;V;223;20.11
2018;rd;14804156;Lundby, Rambergsstaden, Östra;MP;MP;72;6.49
2018;rd;14804156;Lundby, Rambergsstaden, Östra;SD;SD;159;14.34
2018;rd;14804156;Lundby, Rambergsstaden, Östra;FI;FI;10;0.90
2018;rd;14804156;Lundby, Rambergsstaden, Östra;AfS;AFS;6;0.54
2018;rd;14804156;Lundby, Rambergsstaden, Östra;BASIP;BASIP;0;0.00
2018;rd;14804156;Lundby, Rambergsstaden, Östra;DD;DD;0;0.00
2018;rd;14804156;Lundby, Rambergsstaden, Östra;DjuP;DJUP;3;0.27
2018;rd;14804156;Lundby, Rambergsstaden, Östra;EAP;EAP;0;0.00
2018;rd;14804156;Lundby, Rambergsstaden, Östra;ENH;ENH;2;0.18
2018;rd;14804156;Lundby, Rambergsstaden, Östra;INI;INI;1;0.09
2018;rd;14804156;Lundby, Rambergsstaden, Östra;KLP;KLP;2;0.18
2018;rd;14804156;Lundby, Rambergsstaden, Östra;KrVP;KRVP;0;0.00
2018;rd;14804156;Lundby, Rambergsstaden, Östra;LPo;LPO;0;0.00
2018;rd;14804156;Lundby, Rambergsstaden, Östra;MED;MED;3;0.27
2018;rd;14804156;Lundby, Rambergsstaden, Östra;NMR;NMR;0;0.00
2018;rd;14804156;Lundby, Rambergsstaden, Östra;NYREF;NYREF;0;0.00
2018;rd;14804156;Lundby, Rambergsstaden, Östra;PP;PP;1;0.09
2018;rd;14804156;Lundby, Rambergsstaden, Östra;SKP;SKP;0;0.00
2018;rd;14804156;Lundby, Rambergsstaden, Östra;TRP;TRP;0;0.00
2018;rd;14804156;Lundby, Rambergsstaden, Östra;ÖVR;ÖVR;2;0.18
2018;rd;14804161;Lundby, Eriksberg, Västra;M;M;291;24.09
2018;rd;14804161;Lundby, Eriksberg, Västra;C;C;63;5.22
2018;rd;14804161;Lundby, Eriksberg, Västra;L;L;123;10.18
2018;rd;14804161;Lundby, Eriksberg, Västra;KD;KD;86;7.12
2018;rd;14804161;Lundby, Eriksberg, Västra;S;S;244;20.20
2018;rd;14804161;Lundby, Eriksberg, Västra;V;V;122;10.10
2018;rd;14804161;Lundby, Eriksberg, Västra;MP;MP;62;5.13
2018;rd;14804161;Lundby, Eriksberg, Västra;SD;SD;194;16.06
2018;rd;14804161;Lundby, Eriksberg, Västra;FI;FI;12;0.99
2018;rd;14804161;Lundby, Eriksberg, Västra;AfS;AFS;3;0.25
2018;rd;14804161;Lundby, Eriksberg, Västra;BASIP;BASIP;0;0.00
2018;rd;14804161;Lundby, Eriksberg, Västra;DD;DD;3;0.25
2018;rd;14804161;Lundby, Eriksberg, Västra;DjuP;DJUP;1;0.08
2018;rd;14804161;Lundby, Eriksberg, Västra;EAP;EAP;0;0.00
2018;rd;14804161;Lundby, Eriksberg, Västra;ENH;ENH;0;0.00
2018;rd;14804161;Lundby, Eriksberg, Västra;INI;INI;0;0.00
2018;rd;14804161;Lundby, Eriksberg, Västra;KLP;KLP;2;0.17
2018;rd;14804161;Lundby, Eriksberg, Västra;KrVP;KRVP;0;0.00
2018;rd;14804161;Lundby, Eriksberg, Västra;LPo;LPO;0;0.00
2018;rd;14804161;Lundby, Eriksberg, Västra;MED;MED;2;0.17
2018;rd;14804161;Lundby, Eriksberg, Västra;NMR;NMR;0;0.00
2018;rd;14804161;Lundby, Eriksberg, Västra;NYREF;NYREF;0;0.00
2018;rd;14804161;Lundby, Eriksberg, Västra;PP;PP;0;0.00
2018;rd;14804161;Lundby, Eriksberg, Västra;SKP;SKP;0;0.00
2018;rd;14804161;Lundby, Eriksberg, Västra;TRP;TRP;0;0.00
2018;rd;14804161;Lundby, Eriksberg, Västra;ÖVR;ÖVR;0;0.00
2018;rd;14804162;Lundby, Eriksberg, Östra;M;M;347;27.69
2018;rd;14804162;Lundby, Eriksberg, Östra;C;C;133;10.61
2018;rd;14804162;Lundby, Eriksberg, Östra;L;L;111;8.86
2018;rd;14804162;Lundby, Eriksberg, Östra;KD;KD;91;7.26
2018;rd;14804162;Lundby, Eriksberg, Östra;S;S;245;19.55
2018;rd;14804162;Lundby, Eriksberg, Östra;V;V;73;5.83
2018;rd;14804162;Lundby, Eriksberg, Östra;MP;MP;74;5.91
2018;rd;14804162;Lundby, Eriksberg, Östra;SD;SD;153;12.21
2018;rd;14804162;Lundby, Eriksberg, Östra;FI;FI;8;0.64
2018;rd;14804162;Lundby, Eriksberg, Östra;AfS;AFS;4;0.32
2018;rd;14804162;Lundby, Eriksberg, Östra;BASIP;BASIP;0;0.00
2018;rd;14804162;Lundby, Eriksberg, Östra;DD;DD;2;0.16
2018;rd;14804162;Lundby, Eriksberg, Östra;DjuP;DJUP;3;0.24
2018;rd;14804162;Lundby, Eriksberg, Östra;EAP;EAP;0;0.00
2018;rd;14804162;Lundby, Eriksberg, Östra;ENH;ENH;0;0.00
2018;rd;14804162;Lundby, Eriksberg, Östra;INI;INI;1;0.08
2018;rd;14804162;Lundby, Eriksberg, Östra;KLP;KLP;0;0.00
2018;rd;14804162;Lundby, Eriksberg, Östra;KrVP;KRVP;0;0.00
2018;rd;14804162;Lundby, Eriksberg, Östra;LPo;LPO;0;0.00
2018;rd;14804162;Lundby, Eriksberg, Östra;MED;MED;3;0.24
2018;rd;14804162;Lundby, Eriksberg, Östra;NMR;NMR;0;0.00
2018;rd;14804162;Lundby, Eriksberg, Östra;NYREF;NYREF;0;0.00
2018;rd;14804162;Lundby, Eriksberg, Östra;PP;PP;4;0.32
2018;rd;14804162;Lundby, Eriksberg, Östra;SKP;SKP;1;0.08
2018;rd;14804162;Lundby, Eriksberg, Östra;TRP;TRP;0;0.00
2018;rd;14804162;Lundby, Eriksberg, Östra;ÖVR;ÖVR;0;0.00
2018;rd;14804163;Lundby, Färjenäs;M;M;223;34.25
2018;rd;14804163;Lundby, Färjenäs;C;C;36;5.53
2018;rd;14804163;Lundby, Färjenäs;L;L;58;8.91
2018;rd;14804163;Lundby, Färjenäs;KD;KD;57;8.76
2018;rd;14804163;Lundby, Färjenäs;S;S;110;16.90
2018;rd;14804163;Lundby, Färjenäs;V;V;32;4.92
2018;rd;14804163;Lundby, Färjenäs;MP;MP;34;5.22
2018;rd;14804163;Lundby, Färjenäs;SD;SD;95;14.59
2018;rd;14804163;Lundby, Färjenäs;FI;FI;2;0.31
2018;rd;14804163;Lundby, Färjenäs;AfS;AFS;1;0.15
2018;rd;14804163;Lundby, Färjenäs;BASIP;BASIP;1;0.15
2018;rd;14804163;Lundby, Färjenäs;DD;DD;0;0.00
2018;rd;14804163;Lundby, Färjenäs;DjuP;DJUP;1;0.15
2018;rd;14804163;Lundby, Färjenäs;EAP;EAP;0;0.00
2018;rd;14804163;Lundby, Färjenäs;ENH;ENH;0;0.00
2018;rd;14804163;Lundby, Färjenäs;INI;INI;0;0.00
2018;rd;14804163;Lundby, Färjenäs;KLP;KLP;0;0.00
2018;rd;14804163;Lundby, Färjenäs;KrVP;KRVP;0;0.00
2018;rd;14804163;Lundby, Färjenäs;LPo;LPO;0;0.00
2018;rd;14804163;Lundby, Färjenäs;MED;MED;0;0.00
2018;rd;14804163;Lundby, Färjenäs;NMR;NMR;0;0.00
2018;rd;14804163;Lundby, Färjenäs;NYREF;NYREF;0;0.00
2018;rd;14804163;Lundby, Färjenäs;PP;PP;1;0.15
2018;rd;14804163;Lundby, Färjenäs;SKP;SKP;0;0.00
2018;rd;14804163;Lundby, Färjenäs;TRP;TRP;0;0.00
2018;rd;14804163;Lundby, Färjenäs;ÖVR;ÖVR;0;0.00
2018;rd;14804164;Lundby, Pölsebo-Bratterås;M;M;412;31.50
2018;rd;14804164;Lundby, Pölsebo-Bratterås;C;C;125;9.56
2018;rd;14804164;Lundby, Pölsebo-Bratterås;L;L;117;8.94
2018;rd;14804164;Lundby, Pölsebo-Bratterås;KD;KD;76;5.81
2018;rd;14804164;Lundby, Pölsebo-Bratterås;S;S;256;19.57
2018;rd;14804164;Lundby, Pölsebo-Bratterås;V;V;83;6.35
2018;rd;14804164;Lundby, Pölsebo-Bratterås;MP;MP;83;6.35
2018;rd;14804164;Lundby, Pölsebo-Bratterås;SD;SD;146;11.16
2018;rd;14804164;Lundby, Pölsebo-Bratterås;FI;FI;1;0.08
2018;rd;14804164;Lundby, Pölsebo-Bratterås;AfS;AFS;1;0.08
2018;rd;14804164;Lundby, Pölsebo-Bratterås;BASIP;BASIP;1;0.08
2018;rd;14804164;Lundby, Pölsebo-Bratterås;DD;DD;1;0.08
2018;rd;14804164;Lundby, Pölsebo-Bratterås;DjuP;DJUP;0;0.00
2018;rd;14804164;Lundby, Pölsebo-Bratterås;EAP;EAP;0;0.00
2018;rd;14804164;Lundby, Pölsebo-Bratterås;ENH;ENH;0;0.00
2018;rd;14804164;Lundby, Pölsebo-Bratterås;INI;INI;0;0.00
2018;rd;14804164;Lundby, Pölsebo-Bratterås;KLP;KLP;0;0.00
2018;rd;14804164;Lundby, Pölsebo-Bratterås;KrVP;KRVP;0;0.00
2018;rd;14804164;Lundby, Pölsebo-Bratterås;LPo;LPO;1;0.08
2018;rd;14804164;Lundby, Pölsebo-Bratterås;MED;MED;5;0.38
2018;rd;14804164;Lundby, Pölsebo-Bratterås;NMR;NMR;0;0.00
2018;rd;14804164;Lundby, Pölsebo-Bratterås;NYREF;NYREF;0;0.00
2018;rd;14804164;Lundby, Pölsebo-Bratterås;PP;PP;0;0.00
2018;rd;14804164;Lundby, Pölsebo-Bratterås;SKP;SKP;0;0.00
2018;rd;14804164;Lundby, Pölsebo-Bratterås;TRP;TRP;0;0.00
2018;rd;14804164;Lundby, Pölsebo-Bratterås;ÖVR;ÖVR;0;0.00
2018;rd;14804165;Lundby, Sannegården, Västra;M;M;369;28.60
2018;rd;14804165;Lundby, Sannegården, Västra;C;C;111;8.60
2018;rd;14804165;Lundby, Sannegården, Västra;L;L;118;9.15
2018;rd;14804165;Lundby, Sannegården, Västra;KD;KD;86;6.67
2018;rd;14804165;Lundby, Sannegården, Västra;S;S;274;21.24
2018;rd;14804165;Lundby, Sannegården, Västra;V;V;79;6.12
2018;rd;14804165;Lundby, Sannegården, Västra;MP;MP;72;5.58
2018;rd;14804165;Lundby, Sannegården, Västra;SD;SD;167;12.95
2018;rd;14804165;Lundby, Sannegården, Västra;FI;FI;10;0.78
2018;rd;14804165;Lundby, Sannegården, Västra;AfS;AFS;0;0.00
2018;rd;14804165;Lundby, Sannegården, Västra;BASIP;BASIP;0;0.00
2018;rd;14804165;Lundby, Sannegården, Västra;DD;DD;0;0.00
2018;rd;14804165;Lundby, Sannegården, Västra;DjuP;DJUP;1;0.08
2018;rd;14804165;Lundby, Sannegården, Västra;EAP;EAP;0;0.00
2018;rd;14804165;Lundby, Sannegården, Västra;ENH;ENH;0;0.00
2018;rd;14804165;Lundby, Sannegården, Västra;INI;INI;0;0.00
2018;rd;14804165;Lundby, Sannegården, Västra;KLP;KLP;0;0.00
2018;rd;14804165;Lundby, Sannegården, Västra;KrVP;KRVP;0;0.00
2018;rd;14804165;Lundby, Sannegården, Västra;LPo;LPO;0;0.00
2018;rd;14804165;Lundby, Sannegården, Västra;MED;MED;1;0.08
2018;rd;14804165;Lundby, Sannegården, Västra;NMR;NMR;2;0.16
2018;rd;14804165;Lundby, Sannegården, Västra;NYREF;NYREF;0;0.00
2018;rd;14804165;Lundby, Sannegården, Västra;PP;PP;0;0.00
2018;rd;14804165;Lundby, Sannegården, Västra;SKP;SKP;0;0.00
2018;rd;14804165;Lundby, Sannegården, Västra;TRP;TRP;0;0.00
2018;rd;14804165;Lundby, Sannegården, Västra;ÖVR;ÖVR;0;0.00
2018;rd;14804166;Lundby, Södhallsberget;M;M;292;26.64
2018;rd;14804166;Lundby, Södhallsberget;C;C;98;8.94
2018;rd;14804166;Lundby, Södhallsberget;L;L;119;10.86
2018;rd;14804166;Lundby, Södhallsberget;KD;KD;72;6.57
2018;rd;14804166;Lundby, Södhallsberget;S;S;233;21.26
2018;rd;14804166;Lundby, Södhallsberget;V;V;67;6.11
2018;rd;14804166;Lundby, Södhallsberget;MP;MP;47;4.29
2018;rd;14804166;Lundby, Södhallsberget;SD;SD;152;13.87
2018;rd;14804166;Lundby, Södhallsberget;FI;FI;8;0.73
2018;rd;14804166;Lundby, Södhallsberget;AfS;AFS;3;0.27
2018;rd;14804166;Lundby, Södhallsberget;BASIP;BASIP;0;0.00
2018;rd;14804166;Lundby, Södhallsberget;DD;DD;0;0.00
2018;rd;14804166;Lundby, Södhallsberget;DjuP;DJUP;1;0.09
2018;rd;14804166;Lundby, Södhallsberget;EAP;EAP;0;0.00
2018;rd;14804166;Lundby, Södhallsberget;ENH;ENH;0;0.00
2018;rd;14804166;Lundby, Södhallsberget;INI;INI;0;0.00
2018;rd;14804166;Lundby, Södhallsberget;KLP;KLP;0;0.00
2018;rd;14804166;Lundby, Södhallsberget;KrVP;KRVP;0;0.00
2018;rd;14804166;Lundby, Södhallsberget;LPo;LPO;0;0.00
2018;rd;14804166;Lundby, Södhallsberget;MED;MED;3;0.27
2018;rd;14804166;Lundby, Södhallsberget;NMR;NMR;0;0.00
2018;rd;14804166;Lundby, Södhallsberget;NYREF;NYREF;0;0.00
2018;rd;14804166;Lundby, Södhallsberget;PP;PP;1;0.09
2018;rd;14804166;Lundby, Södhallsberget;SKP;SKP;0;0.00
2018;rd;14804166;Lundby, Södhallsberget;TRP;TRP;0;0.00
2018;rd;14804166;Lundby, Södhallsberget;ÖVR;ÖVR;0;0.00
2018;rd;14804171;Lundby, Lindholmen;M;M;142;15.06
2018;rd;14804171;Lundby, Lindholmen;C;C;76;8.06
2018;rd;14804171;Lundby, Lindholmen;L;L;76;8.06
2018;rd;14804171;Lundby, Lindholmen;KD;KD;46;4.88
2018;rd;14804171;Lundby, Lindholmen;S;S;230;24.39
2018;rd;14804171;Lundby, Lindholmen;V;V;157;16.65
2018;rd;14804171;Lundby, Lindholmen;MP;MP;91;9.65
2018;rd;14804171;Lundby, Lindholmen;SD;SD;105;11.13
2018;rd;14804171;Lundby, Lindholmen;FI;FI;12;1.27
2018;rd;14804171;Lundby, Lindholmen;AfS;AFS;2;0.21
2018;rd;14804171;Lundby, Lindholmen;BASIP;BASIP;0;0.00
2018;rd;14804171;Lundby, Lindholmen;DD;DD;0;0.00
2018;rd;14804171;Lundby, Lindholmen;DjuP;DJUP;0;0.00
2018;rd;14804171;Lundby, Lindholmen;EAP;EAP;0;0.00
2018;rd;14804171;Lundby, Lindholmen;ENH;ENH;0;0.00
2018;rd;14804171;Lundby, Lindholmen;INI;INI;0;0.00
2018;rd;14804171;Lundby, Lindholmen;KLP;KLP;0;0.00
2018;rd;14804171;Lundby, Lindholmen;KrVP;KRVP;0;0.00
2018;rd;14804171;Lundby, Lindholmen;LPo;LPO;0;0.00
2018;rd;14804171;Lundby, Lindholmen;MED;MED;5;0.53
2018;rd;14804171;Lundby, Lindholmen;NMR;NMR;0;0.00
2018;rd;14804171;Lundby, Lindholmen;NYREF;NYREF;0;0.00
2018;rd;14804171;Lundby, Lindholmen;PP;PP;1;0.11
2018;rd;14804171;Lundby, Lindholmen;SKP;SKP;0;0.00
2018;rd;14804171;Lundby, Lindholmen;TRP;TRP;0;0.00
2018;rd;14804171;Lundby, Lindholmen;ÖVR;ÖVR;0;0.00
2018;rd;14804172;Lundby, Lundbyvassen;M;M;166;20.99
2018;rd;14804172;Lundby, Lundbyvassen;C;C;117;14.79
2018;rd;14804172;Lundby, Lundbyvassen;L;L;70;8.85
2018;rd;14804172;Lundby, Lundbyvassen;KD;KD;39;4.93
2018;rd;14804172;Lundby, Lundbyvassen;S;S;147;18.58
2018;rd;14804172;Lundby, Lundbyvassen;V;V;94;11.88
2018;rd;14804172;Lundby, Lundbyvassen;MP;MP;74;9.36
2018;rd;14804172;Lundby, Lundbyvassen;SD;SD;58;7.33
2018;rd;14804172;Lundby, Lundbyvassen;FI;FI;8;1.01
2018;rd;14804172;Lundby, Lundbyvassen;AfS;AFS;2;0.25
2018;rd;14804172;Lundby, Lundbyvassen;BASIP;BASIP;0;0.00
2018;rd;14804172;Lundby, Lundbyvassen;DD;DD;3;0.38
2018;rd;14804172;Lundby, Lundbyvassen;DjuP;DJUP;0;0.00
2018;rd;14804172;Lundby, Lundbyvassen;EAP;EAP;0;0.00
2018;rd;14804172;Lundby, Lundbyvassen;ENH;ENH;0;0.00
2018;rd;14804172;Lundby, Lundbyvassen;INI;INI;0;0.00
2018;rd;14804172;Lundby, Lundbyvassen;KLP;KLP;0;0.00
2018;rd;14804172;Lundby, Lundbyvassen;KrVP;KRVP;0;0.00
2018;rd;14804172;Lundby, Lundbyvassen;LPo;LPO;0;0.00
2018;rd;14804172;Lundby, Lundbyvassen;MED;MED;10;1.26
2018;rd;14804172;Lundby, Lundbyvassen;NMR;NMR;0;0.00
2018;rd;14804172;Lundby, Lundbyvassen;NYREF;NYREF;0;0.00
2018;rd;14804172;Lundby, Lundbyvassen;PP;PP;3;0.38
2018;rd;14804172;Lundby, Lundbyvassen;SKP;SKP;0;0.00
2018;rd;14804172;Lundby, Lundbyvassen;TRP;TRP;0;0.00
2018;rd;14804172;Lundby, Lundbyvassen;ÖVR;ÖVR;0;0.00
2018;rd;14804173;Lundby, Sannegården, Östra;M;M;288;30.41
2018;rd;14804173;Lundby, Sannegården, Östra;C;C;103;10.88
2018;rd;14804173;Lundby, Sannegården, Östra;L;L;97;10.24
2018;rd;14804173;Lundby, Sannegården, Östra;KD;KD;60;6.34
2018;rd;14804173;Lundby, Sannegården, Östra;S;S;172;18.16
2018;rd;14804173;Lundby, Sannegården, Östra;V;V;56;5.91
2018;rd;14804173;Lundby, Sannegården, Östra;MP;MP;55;5.81
2018;rd;14804173;Lundby, Sannegården, Östra;SD;SD;104;10.98
2018;rd;14804173;Lundby, Sannegården, Östra;FI;FI;5;0.53
2018;rd;14804173;Lundby, Sannegården, Östra;AfS;AFS;3;0.32
2018;rd;14804173;Lundby, Sannegården, Östra;BASIP;BASIP;0;0.00
2018;rd;14804173;Lundby, Sannegården, Östra;DD;DD;0;0.00
2018;rd;14804173;Lundby, Sannegården, Östra;DjuP;DJUP;0;0.00
2018;rd;14804173;Lundby, Sannegården, Östra;EAP;EAP;0;0.00
2018;rd;14804173;Lundby, Sannegården, Östra;ENH;ENH;1;0.11
2018;rd;14804173;Lundby, Sannegården, Östra;INI;INI;0;0.00
2018;rd;14804173;Lundby, Sannegården, Östra;KLP;KLP;1;0.11
2018;rd;14804173;Lundby, Sannegården, Östra;KrVP;KRVP;0;0.00
2018;rd;14804173;Lundby, Sannegården, Östra;LPo;LPO;0;0.00
2018;rd;14804173;Lundby, Sannegården, Östra;MED;MED;1;0.11
2018;rd;14804173;Lundby, Sannegården, Östra;NMR;NMR;0;0.00
2018;rd;14804173;Lundby, Sannegården, Östra;NYREF;NYREF;0;0.00
2018;rd;14804173;Lundby, Sannegården, Östra;PP;PP;1;0.11
2018;rd;14804173;Lundby, Sannegården, Östra;SKP;SKP;0;0.00
2018;rd;14804173;Lundby, Sannegården, Östra;TRP;TRP;0;0.00
2018;rd;14804173;Lundby, Sannegården, Östra;ÖVR;ÖVR;0;0.00
2018;rd;14805011;Västra Göteborg, Björnekulla;M;M;301;31.16
2018;rd;14805011;Västra Göteborg, Björnekulla;C;C;83;8.59
2018;rd;14805011;Västra Göteborg, Björnekulla;L;L;93;9.63
2018;rd;14805011;Västra Göteborg, Björnekulla;KD;KD;112;11.59
2018;rd;14805011;Västra Göteborg, Björnekulla;S;S;149;15.42
2018;rd;14805011;Västra Göteborg, Björnekulla;V;V;38;3.93
2018;rd;14805011;Västra Göteborg, Björnekulla;MP;MP;43;4.45
2018;rd;14805011;Västra Göteborg, Björnekulla;SD;SD;138;14.29
2018;rd;14805011;Västra Göteborg, Björnekulla;FI;FI;3;0.31
2018;rd;14805011;Västra Göteborg, Björnekulla;AfS;AFS;3;0.31
2018;rd;14805011;Västra Göteborg, Björnekulla;BASIP;BASIP;0;0.00
2018;rd;14805011;Västra Göteborg, Björnekulla;DD;DD;0;0.00
2018;rd;14805011;Västra Göteborg, Björnekulla;DjuP;DJUP;0;0.00
2018;rd;14805011;Västra Göteborg, Björnekulla;EAP;EAP;0;0.00
2018;rd;14805011;Västra Göteborg, Björnekulla;ENH;ENH;1;0.10
2018;rd;14805011;Västra Göteborg, Björnekulla;INI;INI;0;0.00
2018;rd;14805011;Västra Göteborg, Björnekulla;KLP;KLP;0;0.00
2018;rd;14805011;Västra Göteborg, Björnekulla;KrVP;KRVP;0;0.00
2018;rd;14805011;Västra Göteborg, Björnekulla;LPo;LPO;0;0.00
2018;rd;14805011;Västra Göteborg, Björnekulla;MED;MED;2;0.21
2018;rd;14805011;Västra Göteborg, Björnekulla;NMR;NMR;0;0.00
2018;rd;14805011;Västra Göteborg, Björnekulla;NYREF;NYREF;0;0.00
2018;rd;14805011;Västra Göteborg, Björnekulla;PP;PP;0;0.00
2018;rd;14805011;Västra Göteborg, Björnekulla;SKP;SKP;0;0.00
2018;rd;14805011;Västra Göteborg, Björnekulla;TRP;TRP;0;0.00
2018;rd;14805011;Västra Göteborg, Björnekulla;ÖVR;ÖVR;0;0.00
2018;rd;14805012;Västra Göteborg, Fiskebäck,;M;M;335;32.43
2018;rd;14805012;Västra Göteborg, Fiskebäck,;C;C;88;8.52
2018;rd;14805012;Västra Göteborg, Fiskebäck,;L;L;89;8.62
2018;rd;14805012;Västra Göteborg, Fiskebäck,;KD;KD;203;19.65
2018;rd;14805012;Västra Göteborg, Fiskebäck,;S;S;100;9.68
2018;rd;14805012;Västra Göteborg, Fiskebäck,;V;V;35;3.39
2018;rd;14805012;Västra Göteborg, Fiskebäck,;MP;MP;26;2.52
2018;rd;14805012;Västra Göteborg, Fiskebäck,;SD;SD;150;14.52
2018;rd;14805012;Västra Göteborg, Fiskebäck,;FI;FI;2;0.19
2018;rd;14805012;Västra Göteborg, Fiskebäck,;AfS;AFS;1;0.10
2018;rd;14805012;Västra Göteborg, Fiskebäck,;BASIP;BASIP;0;0.00
2018;rd;14805012;Västra Göteborg, Fiskebäck,;DD;DD;0;0.00
2018;rd;14805012;Västra Göteborg, Fiskebäck,;DjuP;DJUP;1;0.10
2018;rd;14805012;Västra Göteborg, Fiskebäck,;EAP;EAP;0;0.00
2018;rd;14805012;Västra Göteborg, Fiskebäck,;ENH;ENH;0;0.00
2018;rd;14805012;Västra Göteborg, Fiskebäck,;INI;INI;0;0.00
2018;rd;14805012;Västra Göteborg, Fiskebäck,;KLP;KLP;1;0.10
2018;rd;14805012;Västra Göteborg, Fiskebäck,;KrVP;KRVP;1;0.10
2018;rd;14805012;Västra Göteborg, Fiskebäck,;LPo;LPO;0;0.00
2018;rd;14805012;Västra Göteborg, Fiskebäck,;MED;MED;0;0.00
2018;rd;14805012;Västra Göteborg, Fiskebäck,;NMR;NMR;0;0.00
2018;rd;14805012;Västra Göteborg, Fiskebäck,;NYREF;NYREF;0;0.00
2018;rd;14805012;Västra Göteborg, Fiskebäck,;PP;PP;1;0.10
2018;rd;14805012;Västra Göteborg, Fiskebäck,;SKP;SKP;0;0.00
2018;rd;14805012;Västra Göteborg, Fiskebäck,;TRP;TRP;0;0.00
2018;rd;14805012;Västra Göteborg, Fiskebäck,;ÖVR;ÖVR;0;0.00
2018;rd;14805013;Västra Göteborg, Källängen;M;M;327;27.69
2018;rd;14805013;Västra Göteborg, Källängen;C;C;117;9.91
2018;rd;14805013;Västra Göteborg, Källängen;L;L;130;11.01
2018;rd;14805013;Västra Göteborg, Källängen;KD;KD;196;16.60
2018;rd;14805013;Västra Göteborg, Källängen;S;S;156;13.21
2018;rd;14805013;Västra Göteborg, Källängen;V;V;40;3.39
2018;rd;14805013;Västra Göteborg, Källängen;MP;MP;64;5.42
2018;rd;14805013;Västra Göteborg, Källängen;SD;SD;146;12.36
2018;rd;14805013;Västra Göteborg, Källängen;FI;FI;1;0.08
2018;rd;14805013;Västra Göteborg, Källängen;AfS;AFS;1;0.08
2018;rd;14805013;Västra Göteborg, Källängen;BASIP;BASIP;0;0.00
2018;rd;14805013;Västra Göteborg, Källängen;DD;DD;0;0.00
2018;rd;14805013;Västra Göteborg, Källängen;DjuP;DJUP;0;0.00
2018;rd;14805013;Västra Göteborg, Källängen;EAP;EAP;0;0.00
2018;rd;14805013;Västra Göteborg, Källängen;ENH;ENH;1;0.08
2018;rd;14805013;Västra Göteborg, Källängen;INI;INI;0;0.00
2018;rd;14805013;Västra Göteborg, Källängen;KLP;KLP;0;0.00
2018;rd;14805013;Västra Göteborg, Källängen;KrVP;KRVP;0;0.00
2018;rd;14805013;Västra Göteborg, Källängen;LPo;LPO;0;0.00
2018;rd;14805013;Västra Göteborg, Källängen;MED;MED;2;0.17
2018;rd;14805013;Västra Göteborg, Källängen;NMR;NMR;0;0.00
2018;rd;14805013;Västra Göteborg, Källängen;NYREF;NYREF;0;0.00
2018;rd;14805013;Västra Göteborg, Källängen;PP;PP;0;0.00
2018;rd;14805013;Västra Göteborg, Källängen;SKP;SKP;0;0.00
2018;rd;14805013;Västra Göteborg, Källängen;TRP;TRP;0;0.00
2018;rd;14805013;Västra Göteborg, Källängen;ÖVR;ÖVR;0;0.00
2018;rd;14805014;Västra Göteborg, Osberget;M;M;382;38.78
2018;rd;14805014;Västra Göteborg, Osberget;C;C;82;8.32
2018;rd;14805014;Västra Göteborg, Osberget;L;L;128;12.99
2018;rd;14805014;Västra Göteborg, Osberget;KD;KD;108;10.96
2018;rd;14805014;Västra Göteborg, Osberget;S;S;82;8.32
2018;rd;14805014;Västra Göteborg, Osberget;V;V;43;4.37
2018;rd;14805014;Västra Göteborg, Osberget;MP;MP;30;3.05
2018;rd;14805014;Västra Göteborg, Osberget;SD;SD;121;12.28
2018;rd;14805014;Västra Göteborg, Osberget;FI;FI;2;0.20
2018;rd;14805014;Västra Göteborg, Osberget;AfS;AFS;3;0.30
2018;rd;14805014;Västra Göteborg, Osberget;BASIP;BASIP;0;0.00
2018;rd;14805014;Västra Göteborg, Osberget;DD;DD;0;0.00
2018;rd;14805014;Västra Göteborg, Osberget;DjuP;DJUP;0;0.00
2018;rd;14805014;Västra Göteborg, Osberget;EAP;EAP;0;0.00
2018;rd;14805014;Västra Göteborg, Osberget;ENH;ENH;1;0.10
2018;rd;14805014;Västra Göteborg, Osberget;INI;INI;0;0.00
2018;rd;14805014;Västra Göteborg, Osberget;KLP;KLP;0;0.00
2018;rd;14805014;Västra Göteborg, Osberget;KrVP;KRVP;1;0.10
2018;rd;14805014;Västra Göteborg, Osberget;LPo;LPO;0;0.00
2018;rd;14805014;Västra Göteborg, Osberget;MED;MED;1;0.10
2018;rd;14805014;Västra Göteborg, Osberget;NMR;NMR;0;0.00
2018;rd;14805014;Västra Göteborg, Osberget;NYREF;NYREF;0;0.00
2018;rd;14805014;Västra Göteborg, Osberget;PP;PP;1;0.10
2018;rd;14805014;Västra Göteborg, Osberget;SKP;SKP;0;0.00
2018;rd;14805014;Västra Göteborg, Osberget;TRP;TRP;0;0.00
2018;rd;14805014;Västra Göteborg, Osberget;ÖVR;ÖVR;0;0.00
2018;rd;14805015;Västra Göteborg, Påvelund;M;M;311;30.46
2018;rd;14805015;Västra Göteborg, Påvelund;C;C;110;10.77
2018;rd;14805015;Västra Göteborg, Påvelund;L;L;119;11.66
2018;rd;14805015;Västra Göteborg, Påvelund;KD;KD;84;8.23
2018;rd;14805015;Västra Göteborg, Påvelund;S;S;133;13.03
2018;rd;14805015;Västra Göteborg, Påvelund;V;V;63;6.17
2018;rd;14805015;Västra Göteborg, Påvelund;MP;MP;57;5.58
2018;rd;14805015;Västra Göteborg, Påvelund;SD;SD;121;11.85
2018;rd;14805015;Västra Göteborg, Påvelund;FI;FI;6;0.59
2018;rd;14805015;Västra Göteborg, Påvelund;AfS;AFS;8;0.78
2018;rd;14805015;Västra Göteborg, Påvelund;BASIP;BASIP;0;0.00
2018;rd;14805015;Västra Göteborg, Påvelund;DD;DD;0;0.00
2018;rd;14805015;Västra Göteborg, Påvelund;DjuP;DJUP;0;0.00
2018;rd;14805015;Västra Göteborg, Påvelund;EAP;EAP;0;0.00
2018;rd;14805015;Västra Göteborg, Påvelund;ENH;ENH;0;0.00
2018;rd;14805015;Västra Göteborg, Påvelund;INI;INI;0;0.00
2018;rd;14805015;Västra Göteborg, Påvelund;KLP;KLP;0;0.00
2018;rd;14805015;Västra Göteborg, Påvelund;KrVP;KRVP;0;0.00
2018;rd;14805015;Västra Göteborg, Påvelund;LPo;LPO;0;0.00
2018;rd;14805015;Västra Göteborg, Påvelund;MED;MED;7;0.69
2018;rd;14805015;Västra Göteborg, Påvelund;NMR;NMR;0;0.00
2018;rd;14805015;Västra Göteborg, Påvelund;NYREF;NYREF;0;0.00
2018;rd;14805015;Västra Göteborg, Påvelund;PP;PP;2;0.20
2018;rd;14805015;Västra Göteborg, Påvelund;SKP;SKP;0;0.00
2018;rd;14805015;Västra Göteborg, Påvelund;TRP;TRP;0;0.00
2018;rd;14805015;Västra Göteborg, Påvelund;ÖVR;ÖVR;0;0.00
2018;rd;14805021;Västra Göteborg, Långedrag;M;M;672;47.69
2018;rd;14805021;Västra Göteborg, Långedrag;C;C;126;8.94
2018;rd;14805021;Västra Göteborg, Långedrag;L;L;167;11.85
2018;rd;14805021;Västra Göteborg, Långedrag;KD;KD;119;8.45
2018;rd;14805021;Västra Göteborg, Långedrag;S;S;78;5.54
2018;rd;14805021;Västra Göteborg, Långedrag;V;V;35;2.48
2018;rd;14805021;Västra Göteborg, Långedrag;MP;MP;47;3.34
2018;rd;14805021;Västra Göteborg, Långedrag;SD;SD;157;11.14
2018;rd;14805021;Västra Göteborg, Långedrag;FI;FI;4;0.28
2018;rd;14805021;Västra Göteborg, Långedrag;AfS;AFS;2;0.14
2018;rd;14805021;Västra Göteborg, Långedrag;BASIP;BASIP;0;0.00
2018;rd;14805021;Västra Göteborg, Långedrag;DD;DD;0;0.00
2018;rd;14805021;Västra Göteborg, Långedrag;DjuP;DJUP;0;0.00
2018;rd;14805021;Västra Göteborg, Långedrag;EAP;EAP;0;0.00
2018;rd;14805021;Västra Göteborg, Långedrag;ENH;ENH;0;0.00
2018;rd;14805021;Västra Göteborg, Långedrag;INI;INI;0;0.00
2018;rd;14805021;Västra Göteborg, Långedrag;KLP;KLP;0;0.00
2018;rd;14805021;Västra Göteborg, Långedrag;KrVP;KRVP;0;0.00
2018;rd;14805021;Västra Göteborg, Långedrag;LPo;LPO;0;0.00
2018;rd;14805021;Västra Göteborg, Långedrag;MED;MED;2;0.14
2018;rd;14805021;Västra Göteborg, Långedrag;NMR;NMR;0;0.00
2018;rd;14805021;Västra Göteborg, Långedrag;NYREF;NYREF;0;0.00
2018;rd;14805021;Västra Göteborg, Långedrag;PP;PP;0;0.00
2018;rd;14805021;Västra Göteborg, Långedrag;SKP;SKP;0;0.00
2018;rd;14805021;Västra Göteborg, Långedrag;TRP;TRP;0;0.00
2018;rd;14805021;Västra Göteborg, Långedrag;ÖVR;ÖVR;0;0.00
2018;rd;14805031;Västra Göteborg, Hagen;M;M;409;30.64
2018;rd;14805031;Västra Göteborg, Hagen;C;C;139;10.41
2018;rd;14805031;Västra Göteborg, Hagen;L;L;187;14.01
2018;rd;14805031;Västra Göteborg, Hagen;KD;KD;84;6.29
2018;rd;14805031;Västra Göteborg, Hagen;S;S;179;13.41
2018;rd;14805031;Västra Göteborg, Hagen;V;V;83;6.22
2018;rd;14805031;Västra Göteborg, Hagen;MP;MP;87;6.52
2018;rd;14805031;Västra Göteborg, Hagen;SD;SD;158;11.84
2018;rd;14805031;Västra Göteborg, Hagen;FI;FI;3;0.22
2018;rd;14805031;Västra Göteborg, Hagen;AfS;AFS;4;0.30
2018;rd;14805031;Västra Göteborg, Hagen;BASIP;BASIP;0;0.00
2018;rd;14805031;Västra Göteborg, Hagen;DD;DD;0;0.00
2018;rd;14805031;Västra Göteborg, Hagen;DjuP;DJUP;1;0.07
2018;rd;14805031;Västra Göteborg, Hagen;EAP;EAP;0;0.00
2018;rd;14805031;Västra Göteborg, Hagen;ENH;ENH;0;0.00
2018;rd;14805031;Västra Göteborg, Hagen;INI;INI;0;0.00
2018;rd;14805031;Västra Göteborg, Hagen;KLP;KLP;0;0.00
2018;rd;14805031;Västra Göteborg, Hagen;KrVP;KRVP;0;0.00
2018;rd;14805031;Västra Göteborg, Hagen;LPo;LPO;0;0.00
2018;rd;14805031;Västra Göteborg, Hagen;MED;MED;1;0.07
2018;rd;14805031;Västra Göteborg, Hagen;NMR;NMR;0;0.00
2018;rd;14805031;Västra Göteborg, Hagen;NYREF;NYREF;0;0.00
2018;rd;14805031;Västra Göteborg, Hagen;PP;PP;0;0.00
2018;rd;14805031;Västra Göteborg, Hagen;SKP;SKP;0;0.00
2018;rd;14805031;Västra Göteborg, Hagen;TRP;TRP;0;0.00
2018;rd;14805031;Västra Göteborg, Hagen;ÖVR;ÖVR;0;0.00
2018;rd;14805032;Västra Göteborg, Nya Varvet;M;M;314;23.04
2018;rd;14805032;Västra Göteborg, Nya Varvet;C;C;98;7.19
2018;rd;14805032;Västra Göteborg, Nya Varvet;L;L;121;8.88
2018;rd;14805032;Västra Göteborg, Nya Varvet;KD;KD;91;6.68
2018;rd;14805032;Västra Göteborg, Nya Varvet;S;S;242;17.75
2018;rd;14805032;Västra Göteborg, Nya Varvet;V;V;146;10.71
2018;rd;14805032;Västra Göteborg, Nya Varvet;MP;MP;109;8.00
2018;rd;14805032;Västra Göteborg, Nya Varvet;SD;SD;217;15.92
2018;rd;14805032;Västra Göteborg, Nya Varvet;FI;FI;14;1.03
2018;rd;14805032;Västra Göteborg, Nya Varvet;AfS;AFS;7;0.51
2018;rd;14805032;Västra Göteborg, Nya Varvet;BASIP;BASIP;0;0.00
2018;rd;14805032;Västra Göteborg, Nya Varvet;DD;DD;0;0.00
2018;rd;14805032;Västra Göteborg, Nya Varvet;DjuP;DJUP;1;0.07
2018;rd;14805032;Västra Göteborg, Nya Varvet;EAP;EAP;0;0.00
2018;rd;14805032;Västra Göteborg, Nya Varvet;ENH;ENH;2;0.15
2018;rd;14805032;Västra Göteborg, Nya Varvet;INI;INI;0;0.00
2018;rd;14805032;Västra Göteborg, Nya Varvet;KLP;KLP;0;0.00
2018;rd;14805032;Västra Göteborg, Nya Varvet;KrVP;KRVP;0;0.00
2018;rd;14805032;Västra Göteborg, Nya Varvet;LPo;LPO;0;0.00
2018;rd;14805032;Västra Göteborg, Nya Varvet;MED;MED;1;0.07
2018;rd;14805032;Västra Göteborg, Nya Varvet;NMR;NMR;0;0.00
2018;rd;14805032;Västra Göteborg, Nya Varvet;NYREF;NYREF;0;0.00
2018;rd;14805032;Västra Göteborg, Nya Varvet;PP;PP;0;0.00
2018;rd;14805032;Västra Göteborg, Nya Varvet;SKP;SKP;0;0.00
2018;rd;14805032;Västra Göteborg, Nya Varvet;TRP;TRP;0;0.00
2018;rd;14805032;Västra Göteborg, Nya Varvet;ÖVR;ÖVR;0;0.00
2018;rd;14805033;Västra Göteborg, Tångudden;M;M;394;33.16
2018;rd;14805033;Västra Göteborg, Tångudden;C;C;143;12.04
2018;rd;14805033;Västra Göteborg, Tångudden;L;L;162;13.64
2018;rd;14805033;Västra Göteborg, Tångudden;KD;KD;89;7.49
2018;rd;14805033;Västra Göteborg, Tångudden;S;S;107;9.01
2018;rd;14805033;Västra Göteborg, Tångudden;V;V;48;4.04
2018;rd;14805033;Västra Göteborg, Tångudden;MP;MP;97;8.16
2018;rd;14805033;Västra Göteborg, Tångudden;SD;SD;141;11.87
2018;rd;14805033;Västra Göteborg, Tångudden;FI;FI;4;0.34
2018;rd;14805033;Västra Göteborg, Tångudden;AfS;AFS;2;0.17
2018;rd;14805033;Västra Göteborg, Tångudden;BASIP;BASIP;0;0.00
2018;rd;14805033;Västra Göteborg, Tångudden;DD;DD;0;0.00
2018;rd;14805033;Västra Göteborg, Tångudden;DjuP;DJUP;0;0.00
2018;rd;14805033;Västra Göteborg, Tångudden;EAP;EAP;0;0.00
2018;rd;14805033;Västra Göteborg, Tångudden;ENH;ENH;0;0.00
2018;rd;14805033;Västra Göteborg, Tångudden;INI;INI;0;0.00
2018;rd;14805033;Västra Göteborg, Tångudden;KLP;KLP;1;0.08
2018;rd;14805033;Västra Göteborg, Tångudden;KrVP;KRVP;0;0.00
2018;rd;14805033;Västra Göteborg, Tångudden;LPo;LPO;0;0.00
2018;rd;14805033;Västra Göteborg, Tångudden;MED;MED;0;0.00
2018;rd;14805033;Västra Göteborg, Tångudden;NMR;NMR;0;0.00
2018;rd;14805033;Västra Göteborg, Tångudden;NYREF;NYREF;0;0.00
2018;rd;14805033;Västra Göteborg, Tångudden;PP;PP;0;0.00
2018;rd;14805033;Västra Göteborg, Tångudden;SKP;SKP;0;0.00
2018;rd;14805033;Västra Göteborg, Tångudden;TRP;TRP;0;0.00
2018;rd;14805033;Västra Göteborg, Tångudden;ÖVR;ÖVR;0;0.00
2018;rd;14805041;Västra Göteborg, Ekebäck;M;M;282;25.45
2018;rd;14805041;Västra Göteborg, Ekebäck;C;C;115;10.38
2018;rd;14805041;Västra Göteborg, Ekebäck;L;L;121;10.92
2018;rd;14805041;Västra Göteborg, Ekebäck;KD;KD;94;8.48
2018;rd;14805041;Västra Göteborg, Ekebäck;S;S;195;17.60
2018;rd;14805041;Västra Göteborg, Ekebäck;V;V;83;7.49
2018;rd;14805041;Västra Göteborg, Ekebäck;MP;MP;107;9.66
2018;rd;14805041;Västra Göteborg, Ekebäck;SD;SD;92;8.30
2018;rd;14805041;Västra Göteborg, Ekebäck;FI;FI;3;0.27
2018;rd;14805041;Västra Göteborg, Ekebäck;AfS;AFS;1;0.09
2018;rd;14805041;Västra Göteborg, Ekebäck;BASIP;BASIP;1;0.09
2018;rd;14805041;Västra Göteborg, Ekebäck;DD;DD;1;0.09
2018;rd;14805041;Västra Göteborg, Ekebäck;DjuP;DJUP;2;0.18
2018;rd;14805041;Västra Göteborg, Ekebäck;EAP;EAP;0;0.00
2018;rd;14805041;Västra Göteborg, Ekebäck;ENH;ENH;1;0.09
2018;rd;14805041;Västra Göteborg, Ekebäck;INI;INI;0;0.00
2018;rd;14805041;Västra Göteborg, Ekebäck;KLP;KLP;1;0.09
2018;rd;14805041;Västra Göteborg, Ekebäck;KrVP;KRVP;1;0.09
2018;rd;14805041;Västra Göteborg, Ekebäck;LPo;LPO;0;0.00
2018;rd;14805041;Västra Göteborg, Ekebäck;MED;MED;7;0.63
2018;rd;14805041;Västra Göteborg, Ekebäck;NMR;NMR;1;0.09
2018;rd;14805041;Västra Göteborg, Ekebäck;NYREF;NYREF;0;0.00
2018;rd;14805041;Västra Göteborg, Ekebäck;PP;PP;0;0.00
2018;rd;14805041;Västra Göteborg, Ekebäck;SKP;SKP;0;0.00
2018;rd;14805041;Västra Göteborg, Ekebäck;TRP;TRP;0;0.00
2018;rd;14805041;Västra Göteborg, Ekebäck;ÖVR;ÖVR;0;0.00
2018;rd;14805042;Västra Göteborg, Grimmered;M;M;301;29.98
2018;rd;14805042;Västra Göteborg, Grimmered;C;C;91;9.06
2018;rd;14805042;Västra Göteborg, Grimmered;L;L;121;12.05
2018;rd;14805042;Västra Göteborg, Grimmered;KD;KD;77;7.67
2018;rd;14805042;Västra Göteborg, Grimmered;S;S;177;17.63
2018;rd;14805042;Västra Göteborg, Grimmered;V;V;73;7.27
2018;rd;14805042;Västra Göteborg, Grimmered;MP;MP;73;7.27
2018;rd;14805042;Västra Göteborg, Grimmered;SD;SD;78;7.77
2018;rd;14805042;Västra Göteborg, Grimmered;FI;FI;4;0.40
2018;rd;14805042;Västra Göteborg, Grimmered;AfS;AFS;5;0.50
2018;rd;14805042;Västra Göteborg, Grimmered;BASIP;BASIP;1;0.10
2018;rd;14805042;Västra Göteborg, Grimmered;DD;DD;0;0.00
2018;rd;14805042;Västra Göteborg, Grimmered;DjuP;DJUP;0;0.00
2018;rd;14805042;Västra Göteborg, Grimmered;EAP;EAP;0;0.00
2018;rd;14805042;Västra Göteborg, Grimmered;ENH;ENH;0;0.00
2018;rd;14805042;Västra Göteborg, Grimmered;INI;INI;0;0.00
2018;rd;14805042;Västra Göteborg, Grimmered;KLP;KLP;0;0.00
2018;rd;14805042;Västra Göteborg, Grimmered;KrVP;KRVP;0;0.00
2018;rd;14805042;Västra Göteborg, Grimmered;LPo;LPO;0;0.00
2018;rd;14805042;Västra Göteborg, Grimmered;MED;MED;3;0.30
2018;rd;14805042;Västra Göteborg, Grimmered;NMR;NMR;0;0.00
2018;rd;14805042;Västra Göteborg, Grimmered;NYREF;NYREF;0;0.00
2018;rd;14805042;Västra Göteborg, Grimmered;PP;PP;0;0.00
2018;rd;14805042;Västra Göteborg, Grimmered;SKP;SKP;0;0.00
2018;rd;14805042;Västra Göteborg, Grimmered;TRP;TRP;0;0.00
2018;rd;14805042;Västra Göteborg, Grimmered;ÖVR;ÖVR;0;0.00
2018;rd;14805043;Västra Göteborg, Kungsten;M;M;250;26.26
2018;rd;14805043;Västra Göteborg, Kungsten;C;C;84;8.82
2018;rd;14805043;Västra Göteborg, Kungsten;L;L;108;11.34
2018;rd;14805043;Västra Göteborg, Kungsten;KD;KD;54;5.67
2018;rd;14805043;Västra Göteborg, Kungsten;S;S;148;15.55
2018;rd;14805043;Västra Göteborg, Kungsten;V;V;87;9.14
2018;rd;14805043;Västra Göteborg, Kungsten;MP;MP;96;10.08
2018;rd;14805043;Västra Göteborg, Kungsten;SD;SD;109;11.45
2018;rd;14805043;Västra Göteborg, Kungsten;FI;FI;6;0.63
2018;rd;14805043;Västra Göteborg, Kungsten;AfS;AFS;4;0.42
2018;rd;14805043;Västra Göteborg, Kungsten;BASIP;BASIP;0;0.00
2018;rd;14805043;Västra Göteborg, Kungsten;DD;DD;0;0.00
2018;rd;14805043;Västra Göteborg, Kungsten;DjuP;DJUP;1;0.11
2018;rd;14805043;Västra Göteborg, Kungsten;EAP;EAP;0;0.00
2018;rd;14805043;Västra Göteborg, Kungsten;ENH;ENH;0;0.00
2018;rd;14805043;Västra Göteborg, Kungsten;INI;INI;0;0.00
2018;rd;14805043;Västra Göteborg, Kungsten;KLP;KLP;0;0.00
2018;rd;14805043;Västra Göteborg, Kungsten;KrVP;KRVP;0;0.00
2018;rd;14805043;Västra Göteborg, Kungsten;LPo;LPO;0;0.00
2018;rd;14805043;Västra Göteborg, Kungsten;MED;MED;3;0.32
2018;rd;14805043;Västra Göteborg, Kungsten;NMR;NMR;0;0.00
2018;rd;14805043;Västra Göteborg, Kungsten;NYREF;NYREF;0;0.00
2018;rd;14805043;Västra Göteborg, Kungsten;PP;PP;2;0.21
2018;rd;14805043;Västra Göteborg, Kungsten;SKP;SKP;0;0.00
2018;rd;14805043;Västra Göteborg, Kungsten;TRP;TRP;0;0.00
2018;rd;14805043;Västra Göteborg, Kungsten;ÖVR;ÖVR;0;0.00
2018;rd;14805051;Västra Göteborg, Brännö-Asperö;M;M;114;18.84
2018;rd;14805051;Västra Göteborg, Brännö-Asperö;C;C;45;7.44
2018;rd;14805051;Västra Göteborg, Brännö-Asperö;L;L;38;6.28
2018;rd;14805051;Västra Göteborg, Brännö-Asperö;KD;KD;43;7.11
2018;rd;14805051;Västra Göteborg, Brännö-Asperö;S;S;110;18.18
2018;rd;14805051;Västra Göteborg, Brännö-Asperö;V;V;124;20.50
2018;rd;14805051;Västra Göteborg, Brännö-Asperö;MP;MP;74;12.23
2018;rd;14805051;Västra Göteborg, Brännö-Asperö;SD;SD;40;6.61
2018;rd;14805051;Västra Göteborg, Brännö-Asperö;FI;FI;12;1.98
2018;rd;14805051;Västra Göteborg, Brännö-Asperö;AfS;AFS;3;0.50
2018;rd;14805051;Västra Göteborg, Brännö-Asperö;BASIP;BASIP;0;0.00
2018;rd;14805051;Västra Göteborg, Brännö-Asperö;DD;DD;0;0.00
2018;rd;14805051;Västra Göteborg, Brännö-Asperö;DjuP;DJUP;0;0.00
2018;rd;14805051;Västra Göteborg, Brännö-Asperö;EAP;EAP;0;0.00
2018;rd;14805051;Västra Göteborg, Brännö-Asperö;ENH;ENH;0;0.00
2018;rd;14805051;Västra Göteborg, Brännö-Asperö;INI;INI;0;0.00
2018;rd;14805051;Västra Göteborg, Brännö-Asperö;KLP;KLP;0;0.00
2018;rd;14805051;Västra Göteborg, Brännö-Asperö;KrVP;KRVP;0;0.00
2018;rd;14805051;Västra Göteborg, Brännö-Asperö;LPo;LPO;0;0.00
2018;rd;14805051;Västra Göteborg, Brännö-Asperö;MED;MED;2;0.33
2018;rd;14805051;Västra Göteborg, Brännö-Asperö;NMR;NMR;0;0.00
2018;rd;14805051;Västra Göteborg, Brännö-Asperö;NYREF;NYREF;0;0.00
2018;rd;14805051;Västra Göteborg, Brännö-Asperö;PP;PP;0;0.00
2018;rd;14805051;Västra Göteborg, Brännö-Asperö;SKP;SKP;0;0.00
2018;rd;14805051;Västra Göteborg, Brännö-Asperö;TRP;TRP;0;0.00
2018;rd;14805051;Västra Göteborg, Brännö-Asperö;ÖVR;ÖVR;0;0.00
2018;rd;14805052;Västra Göteborg, Donsö-Vrångö;M;M;146;16.26
2018;rd;14805052;Västra Göteborg, Donsö-Vrångö;C;C;75;8.35
2018;rd;14805052;Västra Göteborg, Donsö-Vrångö;L;L;73;8.13
2018;rd;14805052;Västra Göteborg, Donsö-Vrångö;KD;KD;348;38.75
2018;rd;14805052;Västra Göteborg, Donsö-Vrångö;S;S;101;11.25
2018;rd;14805052;Västra Göteborg, Donsö-Vrångö;V;V;37;4.12
2018;rd;14805052;Västra Göteborg, Donsö-Vrångö;MP;MP;32;3.56
2018;rd;14805052;Västra Göteborg, Donsö-Vrångö;SD;SD;81;9.02
2018;rd;14805052;Västra Göteborg, Donsö-Vrångö;FI;FI;2;0.22
2018;rd;14805052;Västra Göteborg, Donsö-Vrångö;AfS;AFS;0;0.00
2018;rd;14805052;Västra Göteborg, Donsö-Vrångö;BASIP;BASIP;0;0.00
2018;rd;14805052;Västra Göteborg, Donsö-Vrångö;DD;DD;1;0.11
2018;rd;14805052;Västra Göteborg, Donsö-Vrångö;DjuP;DJUP;0;0.00
2018;rd;14805052;Västra Göteborg, Donsö-Vrångö;EAP;EAP;0;0.00
2018;rd;14805052;Västra Göteborg, Donsö-Vrångö;ENH;ENH;0;0.00
2018;rd;14805052;Västra Göteborg, Donsö-Vrångö;INI;INI;0;0.00
2018;rd;14805052;Västra Göteborg, Donsö-Vrångö;KLP;KLP;0;0.00
2018;rd;14805052;Västra Göteborg, Donsö-Vrångö;KrVP;KRVP;1;0.11
2018;rd;14805052;Västra Göteborg, Donsö-Vrångö;LPo;LPO;0;0.00
2018;rd;14805052;Västra Göteborg, Donsö-Vrångö;MED;MED;1;0.11
2018;rd;14805052;Västra Göteborg, Donsö-Vrångö;NMR;NMR;0;0.00
2018;rd;14805052;Västra Göteborg, Donsö-Vrångö;NYREF;NYREF;0;0.00
2018;rd;14805052;Västra Göteborg, Donsö-Vrångö;PP;PP;0;0.00
2018;rd;14805052;Västra Göteborg, Donsö-Vrångö;SKP;SKP;0;0.00
2018;rd;14805052;Västra Göteborg, Donsö-Vrångö;TRP;TRP;0;0.00
2018;rd;14805052;Västra Göteborg, Donsö-Vrångö;ÖVR;ÖVR;0;0.00
2018;rd;14805053;Västra Göteborg, Styrsö-Köpstadsö;M;M;87;15.73
2018;rd;14805053;Västra Göteborg, Styrsö-Köpstadsö;C;C;36;6.51
2018;rd;14805053;Västra Göteborg, Styrsö-Köpstadsö;L;L;65;11.75
2018;rd;14805053;Västra Göteborg, Styrsö-Köpstadsö;KD;KD;68;12.30
2018;rd;14805053;Västra Göteborg, Styrsö-Köpstadsö;S;S;96;17.36
2018;rd;14805053;Västra Göteborg, Styrsö-Köpstadsö;V;V;75;13.56
2018;rd;14805053;Västra Göteborg, Styrsö-Köpstadsö;MP;MP;51;9.22
2018;rd;14805053;Västra Göteborg, Styrsö-Köpstadsö;SD;SD;67;12.12
2018;rd;14805053;Västra Göteborg, Styrsö-Köpstadsö;FI;FI;1;0.18
2018;rd;14805053;Västra Göteborg, Styrsö-Köpstadsö;AfS;AFS;1;0.18
2018;rd;14805053;Västra Göteborg, Styrsö-Köpstadsö;BASIP;BASIP;0;0.00
2018;rd;14805053;Västra Göteborg, Styrsö-Köpstadsö;DD;DD;0;0.00
2018;rd;14805053;Västra Göteborg, Styrsö-Köpstadsö;DjuP;DJUP;0;0.00
2018;rd;14805053;Västra Göteborg, Styrsö-Köpstadsö;EAP;EAP;0;0.00
2018;rd;14805053;Västra Göteborg, Styrsö-Köpstadsö;ENH;ENH;1;0.18
2018;rd;14805053;Västra Göteborg, Styrsö-Köpstadsö;INI;INI;0;0.00
2018;rd;14805053;Västra Göteborg, Styrsö-Köpstadsö;KLP;KLP;0;0.00
2018;rd;14805053;Västra Göteborg, Styrsö-Köpstadsö;KrVP;KRVP;1;0.18
2018;rd;14805053;Västra Göteborg, Styrsö-Köpstadsö;LPo;LPO;0;0.00
2018;rd;14805053;Västra Göteborg, Styrsö-Köpstadsö;MED;MED;2;0.36
2018;rd;14805053;Västra Göteborg, Styrsö-Köpstadsö;NMR;NMR;1;0.18
2018;rd;14805053;Västra Göteborg, Styrsö-Köpstadsö;NYREF;NYREF;0;0.00
2018;rd;14805053;Västra Göteborg, Styrsö-Köpstadsö;PP;PP;0;0.00
2018;rd;14805053;Västra Göteborg, Styrsö-Köpstadsö;SKP;SKP;1;0.18
2018;rd;14805053;Västra Göteborg, Styrsö-Köpstadsö;TRP;TRP;0;0.00
2018;rd;14805053;Västra Göteborg, Styrsö-Köpstadsö;ÖVR;ÖVR;0;0.00
2018;rd;14805061;Västra Göteborg, Bratthammar;M;M;356;28.80
2018;rd;14805061;Västra Göteborg, Bratthammar;C;C;134;10.84
2018;rd;14805061;Västra Göteborg, Bratthammar;L;L;132;10.68
2018;rd;14805061;Västra Göteborg, Bratthammar;KD;KD;143;11.57
2018;rd;14805061;Västra Göteborg, Bratthammar;S;S;193;15.61
2018;rd;14805061;Västra Göteborg, Bratthammar;V;V;53;4.29
2018;rd;14805061;Västra Göteborg, Bratthammar;MP;MP;48;3.88
2018;rd;14805061;Västra Göteborg, Bratthammar;SD;SD;167;13.51
2018;rd;14805061;Västra Göteborg, Bratthammar;FI;FI;2;0.16
2018;rd;14805061;Västra Göteborg, Bratthammar;AfS;AFS;2;0.16
2018;rd;14805061;Västra Göteborg, Bratthammar;BASIP;BASIP;0;0.00
2018;rd;14805061;Västra Göteborg, Bratthammar;DD;DD;0;0.00
2018;rd;14805061;Västra Göteborg, Bratthammar;DjuP;DJUP;0;0.00
2018;rd;14805061;Västra Göteborg, Bratthammar;EAP;EAP;0;0.00
2018;rd;14805061;Västra Göteborg, Bratthammar;ENH;ENH;0;0.00
2018;rd;14805061;Västra Göteborg, Bratthammar;INI;INI;0;0.00
2018;rd;14805061;Västra Göteborg, Bratthammar;KLP;KLP;0;0.00
2018;rd;14805061;Västra Göteborg, Bratthammar;KrVP;KRVP;3;0.24
2018;rd;14805061;Västra Göteborg, Bratthammar;LPo;LPO;0;0.00
2018;rd;14805061;Västra Göteborg, Bratthammar;MED;MED;2;0.16
2018;rd;14805061;Västra Göteborg, Bratthammar;NMR;NMR;0;0.00
2018;rd;14805061;Västra Göteborg, Bratthammar;NYREF;NYREF;0;0.00
2018;rd;14805061;Västra Göteborg, Bratthammar;PP;PP;1;0.08
2018;rd;14805061;Västra Göteborg, Bratthammar;SKP;SKP;0;0.00
2018;rd;14805061;Västra Göteborg, Bratthammar;TRP;TRP;0;0.00
2018;rd;14805061;Västra Göteborg, Bratthammar;ÖVR;ÖVR;0;0.00
2018;rd;14805071;Västra Göteborg, Guldringen m fl;M;M;197;20.33
2018;rd;14805071;Västra Göteborg, Guldringen m fl;C;C;41;4.23
2018;rd;14805071;Västra Göteborg, Guldringen m fl;L;L;60;6.19
2018;rd;14805071;Västra Göteborg, Guldringen m fl;KD;KD;70;7.22
2018;rd;14805071;Västra Göteborg, Guldringen m fl;S;S;244;25.18
2018;rd;14805071;Västra Göteborg, Guldringen m fl;V;V;100;10.32
2018;rd;14805071;Västra Göteborg, Guldringen m fl;MP;MP;38;3.92
2018;rd;14805071;Västra Göteborg, Guldringen m fl;SD;SD;199;20.54
2018;rd;14805071;Västra Göteborg, Guldringen m fl;FI;FI;4;0.41
2018;rd;14805071;Västra Göteborg, Guldringen m fl;AfS;AFS;7;0.72
2018;rd;14805071;Västra Göteborg, Guldringen m fl;BASIP;BASIP;0;0.00
2018;rd;14805071;Västra Göteborg, Guldringen m fl;DD;DD;1;0.10
2018;rd;14805071;Västra Göteborg, Guldringen m fl;DjuP;DJUP;1;0.10
2018;rd;14805071;Västra Göteborg, Guldringen m fl;EAP;EAP;0;0.00
2018;rd;14805071;Västra Göteborg, Guldringen m fl;ENH;ENH;0;0.00
2018;rd;14805071;Västra Göteborg, Guldringen m fl;INI;INI;0;0.00
2018;rd;14805071;Västra Göteborg, Guldringen m fl;KLP;KLP;0;0.00
2018;rd;14805071;Västra Göteborg, Guldringen m fl;KrVP;KRVP;2;0.21
2018;rd;14805071;Västra Göteborg, Guldringen m fl;LPo;LPO;0;0.00
2018;rd;14805071;Västra Göteborg, Guldringen m fl;MED;MED;3;0.31
2018;rd;14805071;Västra Göteborg, Guldringen m fl;NMR;NMR;0;0.00
2018;rd;14805071;Västra Göteborg, Guldringen m fl;NYREF;NYREF;0;0.00
2018;rd;14805071;Västra Göteborg, Guldringen m fl;PP;PP;1;0.10
2018;rd;14805071;Västra Göteborg, Guldringen m fl;SKP;SKP;0;0.00
2018;rd;14805071;Västra Göteborg, Guldringen m fl;TRP;TRP;0;0.00
2018;rd;14805071;Västra Göteborg, Guldringen m fl;ÖVR;ÖVR;1;0.10
2018;rd;14805072;Västra Göteborg, Tynnered, Norra;M;M;167;18.70
2018;rd;14805072;Västra Göteborg, Tynnered, Norra;C;C;54;6.05
2018;rd;14805072;Västra Göteborg, Tynnered, Norra;L;L;96;10.75
2018;rd;14805072;Västra Göteborg, Tynnered, Norra;KD;KD;93;10.41
2018;rd;14805072;Västra Göteborg, Tynnered, Norra;S;S;184;20.60
2018;rd;14805072;Västra Göteborg, Tynnered, Norra;V;V;67;7.50
2018;rd;14805072;Västra Göteborg, Tynnered, Norra;MP;MP;45;5.04
2018;rd;14805072;Västra Göteborg, Tynnered, Norra;SD;SD;167;18.70
2018;rd;14805072;Västra Göteborg, Tynnered, Norra;FI;FI;10;1.12
2018;rd;14805072;Västra Göteborg, Tynnered, Norra;AfS;AFS;0;0.00
2018;rd;14805072;Västra Göteborg, Tynnered, Norra;BASIP;BASIP;0;0.00
2018;rd;14805072;Västra Göteborg, Tynnered, Norra;DD;DD;0;0.00
2018;rd;14805072;Västra Göteborg, Tynnered, Norra;DjuP;DJUP;1;0.11
2018;rd;14805072;Västra Göteborg, Tynnered, Norra;EAP;EAP;0;0.00
2018;rd;14805072;Västra Göteborg, Tynnered, Norra;ENH;ENH;0;0.00
2018;rd;14805072;Västra Göteborg, Tynnered, Norra;INI;INI;0;0.00
2018;rd;14805072;Västra Göteborg, Tynnered, Norra;KLP;KLP;0;0.00
2018;rd;14805072;Västra Göteborg, Tynnered, Norra;KrVP;KRVP;1;0.11
2018;rd;14805072;Västra Göteborg, Tynnered, Norra;LPo;LPO;0;0.00
2018;rd;14805072;Västra Göteborg, Tynnered, Norra;MED;MED;6;0.67
2018;rd;14805072;Västra Göteborg, Tynnered, Norra;NMR;NMR;0;0.00
2018;rd;14805072;Västra Göteborg, Tynnered, Norra;NYREF;NYREF;0;0.00
2018;rd;14805072;Västra Göteborg, Tynnered, Norra;PP;PP;2;0.22
2018;rd;14805072;Västra Göteborg, Tynnered, Norra;SKP;SKP;0;0.00
2018;rd;14805072;Västra Göteborg, Tynnered, Norra;TRP;TRP;0;0.00
2018;rd;14805072;Västra Göteborg, Tynnered, Norra;ÖVR;ÖVR;0;0.00
2018;rd;14805081;Västra Göteborg, Tynnered Södra;M;M;115;18.85
2018;rd;14805081;Västra Göteborg, Tynnered Södra;C;C;39;6.39
2018;rd;14805081;Västra Göteborg, Tynnered Södra;L;L;57;9.34
2018;rd;14805081;Västra Göteborg, Tynnered Södra;KD;KD;67;10.98
2018;rd;14805081;Västra Göteborg, Tynnered Södra;S;S;129;21.15
2018;rd;14805081;Västra Göteborg, Tynnered Södra;V;V;51;8.36
2018;rd;14805081;Västra Göteborg, Tynnered Södra;MP;MP;23;3.77
2018;rd;14805081;Västra Göteborg, Tynnered Södra;SD;SD;119;19.51
2018;rd;14805081;Västra Göteborg, Tynnered Södra;FI;FI;5;0.82
2018;rd;14805081;Västra Göteborg, Tynnered Södra;AfS;AFS;1;0.16
2018;rd;14805081;Västra Göteborg, Tynnered Södra;BASIP;BASIP;0;0.00
2018;rd;14805081;Västra Göteborg, Tynnered Södra;DD;DD;0;0.00
2018;rd;14805081;Västra Göteborg, Tynnered Södra;DjuP;DJUP;1;0.16
2018;rd;14805081;Västra Göteborg, Tynnered Södra;EAP;EAP;0;0.00
2018;rd;14805081;Västra Göteborg, Tynnered Södra;ENH;ENH;0;0.00
2018;rd;14805081;Västra Göteborg, Tynnered Södra;INI;INI;0;0.00
2018;rd;14805081;Västra Göteborg, Tynnered Södra;KLP;KLP;0;0.00
2018;rd;14805081;Västra Göteborg, Tynnered Södra;KrVP;KRVP;2;0.33
2018;rd;14805081;Västra Göteborg, Tynnered Södra;LPo;LPO;0;0.00
2018;rd;14805081;Västra Göteborg, Tynnered Södra;MED;MED;1;0.16
2018;rd;14805081;Västra Göteborg, Tynnered Södra;NMR;NMR;0;0.00
2018;rd;14805081;Västra Göteborg, Tynnered Södra;NYREF;NYREF;0;0.00
2018;rd;14805081;Västra Göteborg, Tynnered Södra;PP;PP;0;0.00
2018;rd;14805081;Västra Göteborg, Tynnered Södra;SKP;SKP;0;0.00
2018;rd;14805081;Västra Göteborg, Tynnered Södra;TRP;TRP;0;0.00
2018;rd;14805081;Västra Göteborg, Tynnered Södra;ÖVR;ÖVR;0;0.00
2018;rd;14805082;Västra Göteborg, Tynnered, Östra;M;M;134;12.75
2018;rd;14805082;Västra Göteborg, Tynnered, Östra;C;C;39;3.71
2018;rd;14805082;Västra Göteborg, Tynnered, Östra;L;L;68;6.47
2018;rd;14805082;Västra Göteborg, Tynnered, Östra;KD;KD;91;8.66
2018;rd;14805082;Västra Göteborg, Tynnered, Östra;S;S;282;26.83
2018;rd;14805082;Västra Göteborg, Tynnered, Östra;V;V;137;13.04
2018;rd;14805082;Västra Göteborg, Tynnered, Östra;MP;MP;41;3.90
2018;rd;14805082;Västra Göteborg, Tynnered, Östra;SD;SD;238;22.65
2018;rd;14805082;Västra Göteborg, Tynnered, Östra;FI;FI;11;1.05
2018;rd;14805082;Västra Göteborg, Tynnered, Östra;AfS;AFS;3;0.29
2018;rd;14805082;Västra Göteborg, Tynnered, Östra;BASIP;BASIP;0;0.00
2018;rd;14805082;Västra Göteborg, Tynnered, Östra;DD;DD;0;0.00
2018;rd;14805082;Västra Göteborg, Tynnered, Östra;DjuP;DJUP;1;0.10
2018;rd;14805082;Västra Göteborg, Tynnered, Östra;EAP;EAP;0;0.00
2018;rd;14805082;Västra Göteborg, Tynnered, Östra;ENH;ENH;0;0.00
2018;rd;14805082;Västra Göteborg, Tynnered, Östra;INI;INI;0;0.00
2018;rd;14805082;Västra Göteborg, Tynnered, Östra;KLP;KLP;3;0.29
2018;rd;14805082;Västra Göteborg, Tynnered, Östra;KrVP;KRVP;0;0.00
2018;rd;14805082;Västra Göteborg, Tynnered, Östra;LPo;LPO;0;0.00
2018;rd;14805082;Västra Göteborg, Tynnered, Östra;MED;MED;2;0.19
2018;rd;14805082;Västra Göteborg, Tynnered, Östra;NMR;NMR;0;0.00
2018;rd;14805082;Västra Göteborg, Tynnered, Östra;NYREF;NYREF;0;0.00
2018;rd;14805082;Västra Göteborg, Tynnered, Östra;PP;PP;1;0.10
2018;rd;14805082;Västra Göteborg, Tynnered, Östra;SKP;SKP;0;0.00
2018;rd;14805082;Västra Göteborg, Tynnered, Östra;TRP;TRP;0;0.00
2018;rd;14805082;Västra Göteborg, Tynnered, Östra;ÖVR;ÖVR;0;0.00
2018;rd;14805091;Askim-Frölunda-Högsbo, Kaverös, N;M;M;103;10.57
2018;rd;14805091;Askim-Frölunda-Högsbo, Kaverös, N;C;C;54;5.54
2018;rd;14805091;Askim-Frölunda-Högsbo, Kaverös, N;L;L;49;5.03
2018;rd;14805091;Askim-Frölunda-Högsbo, Kaverös, N;KD;KD;34;3.49
2018;rd;14805091;Askim-Frölunda-Högsbo, Kaverös, N;S;S;279;28.64
2018;rd;14805091;Askim-Frölunda-Högsbo, Kaverös, N;V;V;213;21.87
2018;rd;14805091;Askim-Frölunda-Högsbo, Kaverös, N;MP;MP;79;8.11
2018;rd;14805091;Askim-Frölunda-Högsbo, Kaverös, N;SD;SD;131;13.45
2018;rd;14805091;Askim-Frölunda-Högsbo, Kaverös, N;FI;FI;15;1.54
2018;rd;14805091;Askim-Frölunda-Högsbo, Kaverös, N;AfS;AFS;5;0.51
2018;rd;14805091;Askim-Frölunda-Högsbo, Kaverös, N;BASIP;BASIP;1;0.10
2018;rd;14805091;Askim-Frölunda-Högsbo, Kaverös, N;DD;DD;1;0.10
2018;rd;14805091;Askim-Frölunda-Högsbo, Kaverös, N;DjuP;DJUP;0;0.00
2018;rd;14805091;Askim-Frölunda-Högsbo, Kaverös, N;EAP;EAP;0;0.00
2018;rd;14805091;Askim-Frölunda-Högsbo, Kaverös, N;ENH;ENH;0;0.00
2018;rd;14805091;Askim-Frölunda-Högsbo, Kaverös, N;INI;INI;1;0.10
2018;rd;14805091;Askim-Frölunda-Högsbo, Kaverös, N;KLP;KLP;1;0.10
2018;rd;14805091;Askim-Frölunda-Högsbo, Kaverös, N;KrVP;KRVP;1;0.10
2018;rd;14805091;Askim-Frölunda-Högsbo, Kaverös, N;LPo;LPO;0;0.00
2018;rd;14805091;Askim-Frölunda-Högsbo, Kaverös, N;MED;MED;3;0.31
2018;rd;14805091;Askim-Frölunda-Högsbo, Kaverös, N;NMR;NMR;1;0.10
2018;rd;14805091;Askim-Frölunda-Högsbo, Kaverös, N;NYREF;NYREF;0;0.00
2018;rd;14805091;Askim-Frölunda-Högsbo, Kaverös, N;PP;PP;2;0.21
2018;rd;14805091;Askim-Frölunda-Högsbo, Kaverös, N;SKP;SKP;0;0.00
2018;rd;14805091;Askim-Frölunda-Högsbo, Kaverös, N;TRP;TRP;0;0.00
2018;rd;14805091;Askim-Frölunda-Högsbo, Kaverös, N;ÖVR;ÖVR;1;0.10
2018;rd;14805092;Askim-Frölunda-Högsbo, Kaverös, S;M;M;156;16.68
2018;rd;14805092;Askim-Frölunda-Högsbo, Kaverös, S;C;C;53;5.67
2018;rd;14805092;Askim-Frölunda-Högsbo, Kaverös, S;L;L;56;5.99
2018;rd;14805092;Askim-Frölunda-Högsbo, Kaverös, S;KD;KD;52;5.56
2018;rd;14805092;Askim-Frölunda-Högsbo, Kaverös, S;S;S;252;26.95
2018;rd;14805092;Askim-Frölunda-Högsbo, Kaverös, S;V;V;122;13.05
2018;rd;14805092;Askim-Frölunda-Högsbo, Kaverös, S;MP;MP;62;6.63
2018;rd;14805092;Askim-Frölunda-Högsbo, Kaverös, S;SD;SD;165;17.65
2018;rd;14805092;Askim-Frölunda-Högsbo, Kaverös, S;FI;FI;7;0.75
2018;rd;14805092;Askim-Frölunda-Högsbo, Kaverös, S;AfS;AFS;4;0.43
2018;rd;14805092;Askim-Frölunda-Högsbo, Kaverös, S;BASIP;BASIP;0;0.00
2018;rd;14805092;Askim-Frölunda-Högsbo, Kaverös, S;DD;DD;1;0.11
2018;rd;14805092;Askim-Frölunda-Högsbo, Kaverös, S;DjuP;DJUP;1;0.11
2018;rd;14805092;Askim-Frölunda-Högsbo, Kaverös, S;EAP;EAP;0;0.00
2018;rd;14805092;Askim-Frölunda-Högsbo, Kaverös, S;ENH;ENH;0;0.00
2018;rd;14805092;Askim-Frölunda-Högsbo, Kaverös, S;INI;INI;0;0.00
2018;rd;14805092;Askim-Frölunda-Högsbo, Kaverös, S;KLP;KLP;0;0.00
2018;rd;14805092;Askim-Frölunda-Högsbo, Kaverös, S;KrVP;KRVP;0;0.00
2018;rd;14805092;Askim-Frölunda-Högsbo, Kaverös, S;LPo;LPO;0;0.00
2018;rd;14805092;Askim-Frölunda-Högsbo, Kaverös, S;MED;MED;2;0.21
2018;rd;14805092;Askim-Frölunda-Högsbo, Kaverös, S;NMR;NMR;1;0.11
2018;rd;14805092;Askim-Frölunda-Högsbo, Kaverös, S;NYREF;NYREF;0;0.00
2018;rd;14805092;Askim-Frölunda-Högsbo, Kaverös, S;PP;PP;1;0.11
2018;rd;14805092;Askim-Frölunda-Högsbo, Kaverös, S;SKP;SKP;0;0.00
2018;rd;14805092;Askim-Frölunda-Högsbo, Kaverös, S;TRP;TRP;0;0.00
2018;rd;14805092;Askim-Frölunda-Högsbo, Kaverös, S;ÖVR;ÖVR;0;0.00
2018;rd;14805093;Askim-Frölunda-Högsbo, Kavås;M;M;180;17.14
2018;rd;14805093;Askim-Frölunda-Högsbo, Kavås;C;C;44;4.19
2018;rd;14805093;Askim-Frölunda-Högsbo, Kavås;L;L;78;7.43
2018;rd;14805093;Askim-Frölunda-Högsbo, Kavås;KD;KD;59;5.62
2018;rd;14805093;Askim-Frölunda-Högsbo, Kavås;S;S;295;28.10
2018;rd;14805093;Askim-Frölunda-Högsbo, Kavås;V;V;137;13.05
2018;rd;14805093;Askim-Frölunda-Högsbo, Kavås;MP;MP;85;8.10
2018;rd;14805093;Askim-Frölunda-Högsbo, Kavås;SD;SD;148;14.10
2018;rd;14805093;Askim-Frölunda-Högsbo, Kavås;FI;FI;11;1.05
2018;rd;14805093;Askim-Frölunda-Högsbo, Kavås;AfS;AFS;7;0.67
2018;rd;14805093;Askim-Frölunda-Högsbo, Kavås;BASIP;BASIP;0;0.00
2018;rd;14805093;Askim-Frölunda-Högsbo, Kavås;DD;DD;2;0.19
2018;rd;14805093;Askim-Frölunda-Högsbo, Kavås;DjuP;DJUP;0;0.00
2018;rd;14805093;Askim-Frölunda-Högsbo, Kavås;EAP;EAP;0;0.00
2018;rd;14805093;Askim-Frölunda-Högsbo, Kavås;ENH;ENH;1;0.10
2018;rd;14805093;Askim-Frölunda-Högsbo, Kavås;INI;INI;0;0.00
2018;rd;14805093;Askim-Frölunda-Högsbo, Kavås;KLP;KLP;0;0.00
2018;rd;14805093;Askim-Frölunda-Högsbo, Kavås;KrVP;KRVP;1;0.10
2018;rd;14805093;Askim-Frölunda-Högsbo, Kavås;LPo;LPO;0;0.00
2018;rd;14805093;Askim-Frölunda-Högsbo, Kavås;MED;MED;0;0.00
2018;rd;14805093;Askim-Frölunda-Högsbo, Kavås;NMR;NMR;0;0.00
2018;rd;14805093;Askim-Frölunda-Högsbo, Kavås;NYREF;NYREF;0;0.00
2018;rd;14805093;Askim-Frölunda-Högsbo, Kavås;PP;PP;1;0.10
2018;rd;14805093;Askim-Frölunda-Högsbo, Kavås;SKP;SKP;1;0.10
2018;rd;14805093;Askim-Frölunda-Högsbo, Kavås;TRP;TRP;0;0.00
2018;rd;14805093;Askim-Frölunda-Högsbo, Kavås;ÖVR;ÖVR;0;0.00
2018;rd;14805101;Askim-Frölunda-Högsbo, Flatås, S;M;M;158;16.22
2018;rd;14805101;Askim-Frölunda-Högsbo, Flatås, S;C;C;59;6.06
2018;rd;14805101;Askim-Frölunda-Högsbo, Flatås, S;L;L;82;8.42
2018;rd;14805101;Askim-Frölunda-Högsbo, Flatås, S;KD;KD;50;5.13
2018;rd;14805101;Askim-Frölunda-Högsbo, Flatås, S;S;S;250;25.67
2018;rd;14805101;Askim-Frölunda-Högsbo, Flatås, S;V;V;124;12.73
2018;rd;14805101;Askim-Frölunda-Högsbo, Flatås, S;MP;MP;55;5.65
2018;rd;14805101;Askim-Frölunda-Högsbo, Flatås, S;SD;SD;181;18.58
2018;rd;14805101;Askim-Frölunda-Högsbo, Flatås, S;FI;FI;4;0.41
2018;rd;14805101;Askim-Frölunda-Högsbo, Flatås, S;AfS;AFS;2;0.21
2018;rd;14805101;Askim-Frölunda-Högsbo, Flatås, S;BASIP;BASIP;0;0.00
2018;rd;14805101;Askim-Frölunda-Högsbo, Flatås, S;DD;DD;1;0.10
2018;rd;14805101;Askim-Frölunda-Högsbo, Flatås, S;DjuP;DJUP;0;0.00
2018;rd;14805101;Askim-Frölunda-Högsbo, Flatås, S;EAP;EAP;0;0.00
2018;rd;14805101;Askim-Frölunda-Högsbo, Flatås, S;ENH;ENH;0;0.00
2018;rd;14805101;Askim-Frölunda-Högsbo, Flatås, S;INI;INI;0;0.00
2018;rd;14805101;Askim-Frölunda-Högsbo, Flatås, S;KLP;KLP;0;0.00
2018;rd;14805101;Askim-Frölunda-Högsbo, Flatås, S;KrVP;KRVP;2;0.21
2018;rd;14805101;Askim-Frölunda-Högsbo, Flatås, S;LPo;LPO;0;0.00
2018;rd;14805101;Askim-Frölunda-Högsbo, Flatås, S;MED;MED;4;0.41
2018;rd;14805101;Askim-Frölunda-Högsbo, Flatås, S;NMR;NMR;1;0.10
2018;rd;14805101;Askim-Frölunda-Högsbo, Flatås, S;NYREF;NYREF;0;0.00
2018;rd;14805101;Askim-Frölunda-Högsbo, Flatås, S;PP;PP;1;0.10
2018;rd;14805101;Askim-Frölunda-Högsbo, Flatås, S;SKP;SKP;0;0.00
2018;rd;14805101;Askim-Frölunda-Högsbo, Flatås, S;TRP;TRP;0;0.00
2018;rd;14805101;Askim-Frölunda-Högsbo, Flatås, S;ÖVR;ÖVR;0;0.00
2018;rd;14805102;Askim-Frölunda-Högsbo, Flatås, V;M;M;83;16.73
2018;rd;14805102;Askim-Frölunda-Högsbo, Flatås, V;C;C;38;7.66
2018;rd;14805102;Askim-Frölunda-Högsbo, Flatås, V;L;L;33;6.65
2018;rd;14805102;Askim-Frölunda-Högsbo, Flatås, V;KD;KD;28;5.65
2018;rd;14805102;Askim-Frölunda-Högsbo, Flatås, V;S;S;101;20.36
2018;rd;14805102;Askim-Frölunda-Högsbo, Flatås, V;V;V;73;14.72
2018;rd;14805102;Askim-Frölunda-Högsbo, Flatås, V;MP;MP;33;6.65
2018;rd;14805102;Askim-Frölunda-Högsbo, Flatås, V;SD;SD;98;19.76
2018;rd;14805102;Askim-Frölunda-Högsbo, Flatås, V;FI;FI;5;1.01
2018;rd;14805102;Askim-Frölunda-Högsbo, Flatås, V;AfS;AFS;3;0.60
2018;rd;14805102;Askim-Frölunda-Högsbo, Flatås, V;BASIP;BASIP;0;0.00
2018;rd;14805102;Askim-Frölunda-Högsbo, Flatås, V;DD;DD;0;0.00
2018;rd;14805102;Askim-Frölunda-Högsbo, Flatås, V;DjuP;DJUP;1;0.20
2018;rd;14805102;Askim-Frölunda-Högsbo, Flatås, V;EAP;EAP;0;0.00
2018;rd;14805102;Askim-Frölunda-Högsbo, Flatås, V;ENH;ENH;0;0.00
2018;rd;14805102;Askim-Frölunda-Högsbo, Flatås, V;INI;INI;0;0.00
2018;rd;14805102;Askim-Frölunda-Högsbo, Flatås, V;KLP;KLP;0;0.00
2018;rd;14805102;Askim-Frölunda-Högsbo, Flatås, V;KrVP;KRVP;0;0.00
2018;rd;14805102;Askim-Frölunda-Högsbo, Flatås, V;LPo;LPO;0;0.00
2018;rd;14805102;Askim-Frölunda-Högsbo, Flatås, V;MED;MED;0;0.00
2018;rd;14805102;Askim-Frölunda-Högsbo, Flatås, V;NMR;NMR;0;0.00
2018;rd;14805102;Askim-Frölunda-Högsbo, Flatås, V;NYREF;NYREF;0;0.00
2018;rd;14805102;Askim-Frölunda-Högsbo, Flatås, V;PP;PP;0;0.00
2018;rd;14805102;Askim-Frölunda-Högsbo, Flatås, V;SKP;SKP;0;0.00
2018;rd;14805102;Askim-Frölunda-Högsbo, Flatås, V;TRP;TRP;0;0.00
2018;rd;14805102;Askim-Frölunda-Högsbo, Flatås, V;ÖVR;ÖVR;0;0.00
2018;rd;14805103;Askim-Frölunda-Högsbo, Flatås, Ö;M;M;156;17.49
2018;rd;14805103;Askim-Frölunda-Högsbo, Flatås, Ö;C;C;46;5.16
2018;rd;14805103;Askim-Frölunda-Högsbo, Flatås, Ö;L;L;45;5.04
2018;rd;14805103;Askim-Frölunda-Högsbo, Flatås, Ö;KD;KD;49;5.49
2018;rd;14805103;Askim-Frölunda-Högsbo, Flatås, Ö;S;S;227;25.45
2018;rd;14805103;Askim-Frölunda-Högsbo, Flatås, Ö;V;V;110;12.33
2018;rd;14805103;Askim-Frölunda-Högsbo, Flatås, Ö;MP;MP;49;5.49
2018;rd;14805103;Askim-Frölunda-Högsbo, Flatås, Ö;SD;SD;195;21.86
2018;rd;14805103;Askim-Frölunda-Högsbo, Flatås, Ö;FI;FI;3;0.34
2018;rd;14805103;Askim-Frölunda-Högsbo, Flatås, Ö;AfS;AFS;3;0.34
2018;rd;14805103;Askim-Frölunda-Högsbo, Flatås, Ö;BASIP;BASIP;0;0.00
2018;rd;14805103;Askim-Frölunda-Högsbo, Flatås, Ö;DD;DD;1;0.11
2018;rd;14805103;Askim-Frölunda-Högsbo, Flatås, Ö;DjuP;DJUP;1;0.11
2018;rd;14805103;Askim-Frölunda-Högsbo, Flatås, Ö;EAP;EAP;0;0.00
2018;rd;14805103;Askim-Frölunda-Högsbo, Flatås, Ö;ENH;ENH;0;0.00
2018;rd;14805103;Askim-Frölunda-Högsbo, Flatås, Ö;INI;INI;0;0.00
2018;rd;14805103;Askim-Frölunda-Högsbo, Flatås, Ö;KLP;KLP;2;0.22
2018;rd;14805103;Askim-Frölunda-Högsbo, Flatås, Ö;KrVP;KRVP;1;0.11
2018;rd;14805103;Askim-Frölunda-Högsbo, Flatås, Ö;LPo;LPO;0;0.00
2018;rd;14805103;Askim-Frölunda-Högsbo, Flatås, Ö;MED;MED;0;0.00
2018;rd;14805103;Askim-Frölunda-Högsbo, Flatås, Ö;NMR;NMR;0;0.00
2018;rd;14805103;Askim-Frölunda-Högsbo, Flatås, Ö;NYREF;NYREF;0;0.00
2018;rd;14805103;Askim-Frölunda-Högsbo, Flatås, Ö;PP;PP;4;0.45
2018;rd;14805103;Askim-Frölunda-Högsbo, Flatås, Ö;SKP;SKP;0;0.00
2018;rd;14805103;Askim-Frölunda-Högsbo, Flatås, Ö;TRP;TRP;0;0.00
2018;rd;14805103;Askim-Frölunda-Högsbo, Flatås, Ö;ÖVR;ÖVR;0;0.00
2018;rd;14805111;Askim-Frölunda-Högsbo, Högsbohöjd, N;M;M;104;10.39
2018;rd;14805111;Askim-Frölunda-Högsbo, Högsbohöjd, N;C;C;42;4.20
2018;rd;14805111;Askim-Frölunda-Högsbo, Högsbohöjd, N;L;L;48;4.80
2018;rd;14805111;Askim-Frölunda-Högsbo, Högsbohöjd, N;KD;KD;20;2.00
2018;rd;14805111;Askim-Frölunda-Högsbo, Högsbohöjd, N;S;S;250;24.98
2018;rd;14805111;Askim-Frölunda-Högsbo, Högsbohöjd, N;V;V;279;27.87
2018;rd;14805111;Askim-Frölunda-Högsbo, Högsbohöjd, N;MP;MP;76;7.59
2018;rd;14805111;Askim-Frölunda-Högsbo, Högsbohöjd, N;SD;SD;145;14.49
2018;rd;14805111;Askim-Frölunda-Högsbo, Högsbohöjd, N;FI;FI;14;1.40
2018;rd;14805111;Askim-Frölunda-Högsbo, Högsbohöjd, N;AfS;AFS;4;0.40
2018;rd;14805111;Askim-Frölunda-Högsbo, Högsbohöjd, N;BASIP;BASIP;0;0.00
2018;rd;14805111;Askim-Frölunda-Högsbo, Högsbohöjd, N;DD;DD;7;0.70
2018;rd;14805111;Askim-Frölunda-Högsbo, Högsbohöjd, N;DjuP;DJUP;6;0.60
2018;rd;14805111;Askim-Frölunda-Högsbo, Högsbohöjd, N;EAP;EAP;0;0.00
2018;rd;14805111;Askim-Frölunda-Högsbo, Högsbohöjd, N;ENH;ENH;2;0.20
2018;rd;14805111;Askim-Frölunda-Högsbo, Högsbohöjd, N;INI;INI;0;0.00
2018;rd;14805111;Askim-Frölunda-Högsbo, Högsbohöjd, N;KLP;KLP;1;0.10
2018;rd;14805111;Askim-Frölunda-Högsbo, Högsbohöjd, N;KrVP;KRVP;0;0.00
2018;rd;14805111;Askim-Frölunda-Högsbo, Högsbohöjd, N;LPo;LPO;0;0.00
2018;rd;14805111;Askim-Frölunda-Högsbo, Högsbohöjd, N;MED;MED;3;0.30
2018;rd;14805111;Askim-Frölunda-Högsbo, Högsbohöjd, N;NMR;NMR;0;0.00
2018;rd;14805111;Askim-Frölunda-Högsbo, Högsbohöjd, N;NYREF;NYREF;0;0.00
2018;rd;14805111;Askim-Frölunda-Högsbo, Högsbohöjd, N;PP;PP;0;0.00
2018;rd;14805111;Askim-Frölunda-Högsbo, Högsbohöjd, N;SKP;SKP;0;0.00
2018;rd;14805111;Askim-Frölunda-Högsbo, Högsbohöjd, N;TRP;TRP;0;0.00
2018;rd;14805111;Askim-Frölunda-Högsbo, Högsbohöjd, N;ÖVR;ÖVR;0;0.00
2018;rd;14805112;Askim-Frölunda-Högsbo, Högsbohöjd, S;M;M;125;10.67
2018;rd;14805112;Askim-Frölunda-Högsbo, Högsbohöjd, S;C;C;48;4.10
2018;rd;14805112;Askim-Frölunda-Högsbo, Högsbohöjd, S;L;L;70;5.97
2018;rd;14805112;Askim-Frölunda-Högsbo, Högsbohöjd, S;KD;KD;36;3.07
2018;rd;14805112;Askim-Frölunda-Högsbo, Högsbohöjd, S;S;S;298;25.43
2018;rd;14805112;Askim-Frölunda-Högsbo, Högsbohöjd, S;V;V;306;26.11
2018;rd;14805112;Askim-Frölunda-Högsbo, Högsbohöjd, S;MP;MP;101;8.62
2018;rd;14805112;Askim-Frölunda-Högsbo, Högsbohöjd, S;SD;SD;144;12.29
2018;rd;14805112;Askim-Frölunda-Högsbo, Högsbohöjd, S;FI;FI;24;2.05
2018;rd;14805112;Askim-Frölunda-Högsbo, Högsbohöjd, S;AfS;AFS;6;0.51
2018;rd;14805112;Askim-Frölunda-Högsbo, Högsbohöjd, S;BASIP;BASIP;1;0.09
2018;rd;14805112;Askim-Frölunda-Högsbo, Högsbohöjd, S;DD;DD;1;0.09
2018;rd;14805112;Askim-Frölunda-Högsbo, Högsbohöjd, S;DjuP;DJUP;1;0.09
2018;rd;14805112;Askim-Frölunda-Högsbo, Högsbohöjd, S;EAP;EAP;0;0.00
2018;rd;14805112;Askim-Frölunda-Högsbo, Högsbohöjd, S;ENH;ENH;0;0.00
2018;rd;14805112;Askim-Frölunda-Högsbo, Högsbohöjd, S;INI;INI;3;0.26
2018;rd;14805112;Askim-Frölunda-Högsbo, Högsbohöjd, S;KLP;KLP;0;0.00
2018;rd;14805112;Askim-Frölunda-Högsbo, Högsbohöjd, S;KrVP;KRVP;2;0.17
2018;rd;14805112;Askim-Frölunda-Högsbo, Högsbohöjd, S;LPo;LPO;0;0.00
2018;rd;14805112;Askim-Frölunda-Högsbo, Högsbohöjd, S;MED;MED;3;0.26
2018;rd;14805112;Askim-Frölunda-Högsbo, Högsbohöjd, S;NMR;NMR;0;0.00
2018;rd;14805112;Askim-Frölunda-Högsbo, Högsbohöjd, S;NYREF;NYREF;0;0.00
2018;rd;14805112;Askim-Frölunda-Högsbo, Högsbohöjd, S;PP;PP;2;0.17
2018;rd;14805112;Askim-Frölunda-Högsbo, Högsbohöjd, S;SKP;SKP;0;0.00
2018;rd;14805112;Askim-Frölunda-Högsbo, Högsbohöjd, S;TRP;TRP;0;0.00
2018;rd;14805112;Askim-Frölunda-Högsbo, Högsbohöjd, S;ÖVR;ÖVR;1;0.09
2018;rd;14805121;Askim-Frölunda-Högsbo, Högsbo;M;M;123;15.57
2018;rd;14805121;Askim-Frölunda-Högsbo, Högsbo;C;C;37;4.68
2018;rd;14805121;Askim-Frölunda-Högsbo, Högsbo;L;L;46;5.82
2018;rd;14805121;Askim-Frölunda-Högsbo, Högsbo;KD;KD;32;4.05
2018;rd;14805121;Askim-Frölunda-Högsbo, Högsbo;S;S;213;26.96
2018;rd;14805121;Askim-Frölunda-Högsbo, Högsbo;V;V;171;21.65
2018;rd;14805121;Askim-Frölunda-Högsbo, Högsbo;MP;MP;60;7.59
2018;rd;14805121;Askim-Frölunda-Högsbo, Högsbo;SD;SD;84;10.63
2018;rd;14805121;Askim-Frölunda-Högsbo, Högsbo;FI;FI;10;1.27
2018;rd;14805121;Askim-Frölunda-Högsbo, Högsbo;AfS;AFS;2;0.25
2018;rd;14805121;Askim-Frölunda-Högsbo, Högsbo;BASIP;BASIP;0;0.00
2018;rd;14805121;Askim-Frölunda-Högsbo, Högsbo;DD;DD;2;0.25
2018;rd;14805121;Askim-Frölunda-Högsbo, Högsbo;DjuP;DJUP;2;0.25
2018;rd;14805121;Askim-Frölunda-Högsbo, Högsbo;EAP;EAP;0;0.00
2018;rd;14805121;Askim-Frölunda-Högsbo, Högsbo;ENH;ENH;1;0.13
2018;rd;14805121;Askim-Frölunda-Högsbo, Högsbo;INI;INI;2;0.25
2018;rd;14805121;Askim-Frölunda-Högsbo, Högsbo;KLP;KLP;1;0.13
2018;rd;14805121;Askim-Frölunda-Högsbo, Högsbo;KrVP;KRVP;0;0.00
2018;rd;14805121;Askim-Frölunda-Högsbo, Högsbo;LPo;LPO;0;0.00
2018;rd;14805121;Askim-Frölunda-Högsbo, Högsbo;MED;MED;1;0.13
2018;rd;14805121;Askim-Frölunda-Högsbo, Högsbo;NMR;NMR;0;0.00
2018;rd;14805121;Askim-Frölunda-Högsbo, Högsbo;NYREF;NYREF;0;0.00
2018;rd;14805121;Askim-Frölunda-Högsbo, Högsbo;PP;PP;2;0.25
2018;rd;14805121;Askim-Frölunda-Högsbo, Högsbo;SKP;SKP;1;0.13
2018;rd;14805121;Askim-Frölunda-Högsbo, Högsbo;TRP;TRP;0;0.00
2018;rd;14805121;Askim-Frölunda-Högsbo, Högsbo;ÖVR;ÖVR;0;0.00
2018;rd;14805122;Askim-Frölunda-Högsbo, Högsbotorp, S;M;M;71;7.96
2018;rd;14805122;Askim-Frölunda-Högsbo, Högsbotorp, S;C;C;35;3.92
2018;rd;14805122;Askim-Frölunda-Högsbo, Högsbotorp, S;L;L;29;3.25
2018;rd;14805122;Askim-Frölunda-Högsbo, Högsbotorp, S;KD;KD;26;2.91
2018;rd;14805122;Askim-Frölunda-Högsbo, Högsbotorp, S;S;S;250;28.03
2018;rd;14805122;Askim-Frölunda-Högsbo, Högsbotorp, S;V;V;234;26.23
2018;rd;14805122;Askim-Frölunda-Högsbo, Högsbotorp, S;MP;MP;65;7.29
2018;rd;14805122;Askim-Frölunda-Högsbo, Högsbotorp, S;SD;SD;145;16.26
2018;rd;14805122;Askim-Frölunda-Högsbo, Högsbotorp, S;FI;FI;17;1.91
2018;rd;14805122;Askim-Frölunda-Högsbo, Högsbotorp, S;AfS;AFS;6;0.67
2018;rd;14805122;Askim-Frölunda-Högsbo, Högsbotorp, S;BASIP;BASIP;0;0.00
2018;rd;14805122;Askim-Frölunda-Högsbo, Högsbotorp, S;DD;DD;1;0.11
2018;rd;14805122;Askim-Frölunda-Högsbo, Högsbotorp, S;DjuP;DJUP;5;0.56
2018;rd;14805122;Askim-Frölunda-Högsbo, Högsbotorp, S;EAP;EAP;0;0.00
2018;rd;14805122;Askim-Frölunda-Högsbo, Högsbotorp, S;ENH;ENH;0;0.00
2018;rd;14805122;Askim-Frölunda-Högsbo, Högsbotorp, S;INI;INI;1;0.11
2018;rd;14805122;Askim-Frölunda-Högsbo, Högsbotorp, S;KLP;KLP;0;0.00
2018;rd;14805122;Askim-Frölunda-Högsbo, Högsbotorp, S;KrVP;KRVP;3;0.34
2018;rd;14805122;Askim-Frölunda-Högsbo, Högsbotorp, S;LPo;LPO;0;0.00
2018;rd;14805122;Askim-Frölunda-Högsbo, Högsbotorp, S;MED;MED;1;0.11
2018;rd;14805122;Askim-Frölunda-Högsbo, Högsbotorp, S;NMR;NMR;0;0.00
2018;rd;14805122;Askim-Frölunda-Högsbo, Högsbotorp, S;NYREF;NYREF;0;0.00
2018;rd;14805122;Askim-Frölunda-Högsbo, Högsbotorp, S;PP;PP;3;0.34
2018;rd;14805122;Askim-Frölunda-Högsbo, Högsbotorp, S;SKP;SKP;0;0.00
2018;rd;14805122;Askim-Frölunda-Högsbo, Högsbotorp, S;TRP;TRP;0;0.00
2018;rd;14805122;Askim-Frölunda-Högsbo, Högsbotorp, S;ÖVR;ÖVR;0;0.00
2018;rd;14805123;Askim-Frölunda-Högsbo, Högsbotorp, V;M;M;116;13.32
2018;rd;14805123;Askim-Frölunda-Högsbo, Högsbotorp, V;C;C;56;6.43
2018;rd;14805123;Askim-Frölunda-Högsbo, Högsbotorp, V;L;L;54;6.20
2018;rd;14805123;Askim-Frölunda-Högsbo, Högsbotorp, V;KD;KD;41;4.71
2018;rd;14805123;Askim-Frölunda-Högsbo, Högsbotorp, V;S;S;206;23.65
2018;rd;14805123;Askim-Frölunda-Högsbo, Högsbotorp, V;V;V;197;22.62
2018;rd;14805123;Askim-Frölunda-Högsbo, Högsbotorp, V;MP;MP;78;8.96
2018;rd;14805123;Askim-Frölunda-Högsbo, Högsbotorp, V;SD;SD;102;11.71
2018;rd;14805123;Askim-Frölunda-Högsbo, Högsbotorp, V;FI;FI;11;1.26
2018;rd;14805123;Askim-Frölunda-Högsbo, Högsbotorp, V;AfS;AFS;5;0.57
2018;rd;14805123;Askim-Frölunda-Högsbo, Högsbotorp, V;BASIP;BASIP;0;0.00
2018;rd;14805123;Askim-Frölunda-Högsbo, Högsbotorp, V;DD;DD;0;0.00
2018;rd;14805123;Askim-Frölunda-Högsbo, Högsbotorp, V;DjuP;DJUP;1;0.11
2018;rd;14805123;Askim-Frölunda-Högsbo, Högsbotorp, V;EAP;EAP;0;0.00
2018;rd;14805123;Askim-Frölunda-Högsbo, Högsbotorp, V;ENH;ENH;0;0.00
2018;rd;14805123;Askim-Frölunda-Högsbo, Högsbotorp, V;INI;INI;1;0.11
2018;rd;14805123;Askim-Frölunda-Högsbo, Högsbotorp, V;KLP;KLP;1;0.11
2018;rd;14805123;Askim-Frölunda-Högsbo, Högsbotorp, V;KrVP;KRVP;1;0.11
2018;rd;14805123;Askim-Frölunda-Högsbo, Högsbotorp, V;LPo;LPO;0;0.00
2018;rd;14805123;Askim-Frölunda-Högsbo, Högsbotorp, V;MED;MED;0;0.00
2018;rd;14805123;Askim-Frölunda-Högsbo, Högsbotorp, V;NMR;NMR;0;0.00
2018;rd;14805123;Askim-Frölunda-Högsbo, Högsbotorp, V;NYREF;NYREF;0;0.00
2018;rd;14805123;Askim-Frölunda-Högsbo, Högsbotorp, V;PP;PP;1;0.11
2018;rd;14805123;Askim-Frölunda-Högsbo, Högsbotorp, V;SKP;SKP;0;0.00
2018;rd;14805123;Askim-Frölunda-Högsbo, Högsbotorp, V;TRP;TRP;0;0.00
2018;rd;14805123;Askim-Frölunda-Högsbo, Högsbotorp, V;ÖVR;ÖVR;0;0.00
2018;rd;14805124;Askim-Frölunda-Högsbo, Högsbotorp, Ö;M;M;165;14.15
2018;rd;14805124;Askim-Frölunda-Högsbo, Högsbotorp, Ö;C;C;72;6.17
2018;rd;14805124;Askim-Frölunda-Högsbo, Högsbotorp, Ö;L;L;69;5.92
2018;rd;14805124;Askim-Frölunda-Högsbo, Högsbotorp, Ö;KD;KD;73;6.26
2018;rd;14805124;Askim-Frölunda-Högsbo, Högsbotorp, Ö;S;S;299;25.64
2018;rd;14805124;Askim-Frölunda-Högsbo, Högsbotorp, Ö;V;V;230;19.73
2018;rd;14805124;Askim-Frölunda-Högsbo, Högsbotorp, Ö;MP;MP;84;7.20
2018;rd;14805124;Askim-Frölunda-Högsbo, Högsbotorp, Ö;SD;SD;145;12.44
2018;rd;14805124;Askim-Frölunda-Högsbo, Högsbotorp, Ö;FI;FI;5;0.43
2018;rd;14805124;Askim-Frölunda-Högsbo, Högsbotorp, Ö;AfS;AFS;10;0.86
2018;rd;14805124;Askim-Frölunda-Högsbo, Högsbotorp, Ö;BASIP;BASIP;0;0.00
2018;rd;14805124;Askim-Frölunda-Högsbo, Högsbotorp, Ö;DD;DD;3;0.26
2018;rd;14805124;Askim-Frölunda-Högsbo, Högsbotorp, Ö;DjuP;DJUP;4;0.34
2018;rd;14805124;Askim-Frölunda-Högsbo, Högsbotorp, Ö;EAP;EAP;0;0.00
2018;rd;14805124;Askim-Frölunda-Högsbo, Högsbotorp, Ö;ENH;ENH;0;0.00
2018;rd;14805124;Askim-Frölunda-Högsbo, Högsbotorp, Ö;INI;INI;0;0.00
2018;rd;14805124;Askim-Frölunda-Högsbo, Högsbotorp, Ö;KLP;KLP;0;0.00
2018;rd;14805124;Askim-Frölunda-Högsbo, Högsbotorp, Ö;KrVP;KRVP;0;0.00
2018;rd;14805124;Askim-Frölunda-Högsbo, Högsbotorp, Ö;LPo;LPO;0;0.00
2018;rd;14805124;Askim-Frölunda-Högsbo, Högsbotorp, Ö;MED;MED;2;0.17
2018;rd;14805124;Askim-Frölunda-Högsbo, Högsbotorp, Ö;NMR;NMR;0;0.00
2018;rd;14805124;Askim-Frölunda-Högsbo, Högsbotorp, Ö;NYREF;NYREF;0;0.00
2018;rd;14805124;Askim-Frölunda-Högsbo, Högsbotorp, Ö;PP;PP;5;0.43
2018;rd;14805124;Askim-Frölunda-Högsbo, Högsbotorp, Ö;SKP;SKP;0;0.00
2018;rd;14805124;Askim-Frölunda-Högsbo, Högsbotorp, Ö;TRP;TRP;0;0.00
2018;rd;14805124;Askim-Frölunda-Högsbo, Högsbotorp, Ö;ÖVR;ÖVR;0;0.00
2018;rd;14805125;Askim-Frölunda-Högsbo, Marklandsgat.;M;M;160;17.15
2018;rd;14805125;Askim-Frölunda-Högsbo, Marklandsgat.;C;C;61;6.54
2018;rd;14805125;Askim-Frölunda-Högsbo, Marklandsgat.;L;L;53;5.68
2018;rd;14805125;Askim-Frölunda-Högsbo, Marklandsgat.;KD;KD;53;5.68
2018;rd;14805125;Askim-Frölunda-Högsbo, Marklandsgat.;S;S;218;23.37
2018;rd;14805125;Askim-Frölunda-Högsbo, Marklandsgat.;V;V;152;16.29
2018;rd;14805125;Askim-Frölunda-Högsbo, Marklandsgat.;MP;MP;68;7.29
2018;rd;14805125;Askim-Frölunda-Högsbo, Marklandsgat.;SD;SD;135;14.47
2018;rd;14805125;Askim-Frölunda-Högsbo, Marklandsgat.;FI;FI;19;2.04
2018;rd;14805125;Askim-Frölunda-Högsbo, Marklandsgat.;AfS;AFS;4;0.43
2018;rd;14805125;Askim-Frölunda-Högsbo, Marklandsgat.;BASIP;BASIP;0;0.00
2018;rd;14805125;Askim-Frölunda-Högsbo, Marklandsgat.;DD;DD;3;0.32
2018;rd;14805125;Askim-Frölunda-Högsbo, Marklandsgat.;DjuP;DJUP;0;0.00
2018;rd;14805125;Askim-Frölunda-Högsbo, Marklandsgat.;EAP;EAP;0;0.00
2018;rd;14805125;Askim-Frölunda-Högsbo, Marklandsgat.;ENH;ENH;1;0.11
2018;rd;14805125;Askim-Frölunda-Högsbo, Marklandsgat.;INI;INI;0;0.00
2018;rd;14805125;Askim-Frölunda-Högsbo, Marklandsgat.;KLP;KLP;1;0.11
2018;rd;14805125;Askim-Frölunda-Högsbo, Marklandsgat.;KrVP;KRVP;1;0.11
2018;rd;14805125;Askim-Frölunda-Högsbo, Marklandsgat.;LPo;LPO;0;0.00
2018;rd;14805125;Askim-Frölunda-Högsbo, Marklandsgat.;MED;MED;1;0.11
2018;rd;14805125;Askim-Frölunda-Högsbo, Marklandsgat.;NMR;NMR;0;0.00
2018;rd;14805125;Askim-Frölunda-Högsbo, Marklandsgat.;NYREF;NYREF;0;0.00
2018;rd;14805125;Askim-Frölunda-Högsbo, Marklandsgat.;PP;PP;3;0.32
2018;rd;14805125;Askim-Frölunda-Högsbo, Marklandsgat.;SKP;SKP;0;0.00
2018;rd;14805125;Askim-Frölunda-Högsbo, Marklandsgat.;TRP;TRP;0;0.00
2018;rd;14805125;Askim-Frölunda-Högsbo, Marklandsgat.;ÖVR;ÖVR;0;0.00
2018;rd;14805131;Askim-Frölunda-Högsbo, Spinetten;M;M;72;11.43
2018;rd;14805131;Askim-Frölunda-Högsbo, Spinetten;C;C;15;2.38
2018;rd;14805131;Askim-Frölunda-Högsbo, Spinetten;L;L;14;2.22
2018;rd;14805131;Askim-Frölunda-Högsbo, Spinetten;KD;KD;21;3.33
2018;rd;14805131;Askim-Frölunda-Högsbo, Spinetten;S;S;234;37.14
2018;rd;14805131;Askim-Frölunda-Högsbo, Spinetten;V;V;117;18.57
2018;rd;14805131;Askim-Frölunda-Högsbo, Spinetten;MP;MP;13;2.06
2018;rd;14805131;Askim-Frölunda-Högsbo, Spinetten;SD;SD;134;21.27
2018;rd;14805131;Askim-Frölunda-Högsbo, Spinetten;FI;FI;4;0.63
2018;rd;14805131;Askim-Frölunda-Högsbo, Spinetten;AfS;AFS;1;0.16
2018;rd;14805131;Askim-Frölunda-Högsbo, Spinetten;BASIP;BASIP;0;0.00
2018;rd;14805131;Askim-Frölunda-Högsbo, Spinetten;DD;DD;2;0.32
2018;rd;14805131;Askim-Frölunda-Högsbo, Spinetten;DjuP;DJUP;0;0.00
2018;rd;14805131;Askim-Frölunda-Högsbo, Spinetten;EAP;EAP;0;0.00
2018;rd;14805131;Askim-Frölunda-Högsbo, Spinetten;ENH;ENH;0;0.00
2018;rd;14805131;Askim-Frölunda-Högsbo, Spinetten;INI;INI;0;0.00
2018;rd;14805131;Askim-Frölunda-Högsbo, Spinetten;KLP;KLP;0;0.00
2018;rd;14805131;Askim-Frölunda-Högsbo, Spinetten;KrVP;KRVP;0;0.00
2018;rd;14805131;Askim-Frölunda-Högsbo, Spinetten;LPo;LPO;0;0.00
2018;rd;14805131;Askim-Frölunda-Högsbo, Spinetten;MED;MED;3;0.48
2018;rd;14805131;Askim-Frölunda-Högsbo, Spinetten;NMR;NMR;0;0.00
2018;rd;14805131;Askim-Frölunda-Högsbo, Spinetten;NYREF;NYREF;0;0.00
2018;rd;14805131;Askim-Frölunda-Högsbo, Spinetten;PP;PP;0;0.00
2018;rd;14805131;Askim-Frölunda-Högsbo, Spinetten;SKP;SKP;0;0.00
2018;rd;14805131;Askim-Frölunda-Högsbo, Spinetten;TRP;TRP;0;0.00
2018;rd;14805131;Askim-Frölunda-Högsbo, Spinetten;ÖVR;ÖVR;0;0.00
2018;rd;14805132;Askim-Frölunda-Högsbo, Tofta;M;M;114;12.05
2018;rd;14805132;Askim-Frölunda-Högsbo, Tofta;C;C;25;2.64
2018;rd;14805132;Askim-Frölunda-Högsbo, Tofta;L;L;42;4.44
2018;rd;14805132;Askim-Frölunda-Högsbo, Tofta;KD;KD;48;5.07
2018;rd;14805132;Askim-Frölunda-Högsbo, Tofta;S;S;294;31.08
2018;rd;14805132;Askim-Frölunda-Högsbo, Tofta;V;V;144;15.22
2018;rd;14805132;Askim-Frölunda-Högsbo, Tofta;MP;MP;43;4.55
2018;rd;14805132;Askim-Frölunda-Högsbo, Tofta;SD;SD;216;22.83
2018;rd;14805132;Askim-Frölunda-Högsbo, Tofta;FI;FI;9;0.95
2018;rd;14805132;Askim-Frölunda-Högsbo, Tofta;AfS;AFS;6;0.63
2018;rd;14805132;Askim-Frölunda-Högsbo, Tofta;BASIP;BASIP;1;0.11
2018;rd;14805132;Askim-Frölunda-Högsbo, Tofta;DD;DD;1;0.11
2018;rd;14805132;Askim-Frölunda-Högsbo, Tofta;DjuP;DJUP;0;0.00
2018;rd;14805132;Askim-Frölunda-Högsbo, Tofta;EAP;EAP;0;0.00
2018;rd;14805132;Askim-Frölunda-Högsbo, Tofta;ENH;ENH;1;0.11
2018;rd;14805132;Askim-Frölunda-Högsbo, Tofta;INI;INI;1;0.11
2018;rd;14805132;Askim-Frölunda-Högsbo, Tofta;KLP;KLP;0;0.00
2018;rd;14805132;Askim-Frölunda-Högsbo, Tofta;KrVP;KRVP;1;0.11
2018;rd;14805132;Askim-Frölunda-Högsbo, Tofta;LPo;LPO;0;0.00
2018;rd;14805132;Askim-Frölunda-Högsbo, Tofta;MED;MED;0;0.00
2018;rd;14805132;Askim-Frölunda-Högsbo, Tofta;NMR;NMR;0;0.00
2018;rd;14805132;Askim-Frölunda-Högsbo, Tofta;NYREF;NYREF;0;0.00
2018;rd;14805132;Askim-Frölunda-Högsbo, Tofta;PP;PP;0;0.00
2018;rd;14805132;Askim-Frölunda-Högsbo, Tofta;SKP;SKP;0;0.00
2018;rd;14805132;Askim-Frölunda-Högsbo, Tofta;TRP;TRP;0;0.00
2018;rd;14805132;Askim-Frölunda-Högsbo, Tofta;ÖVR;ÖVR;0;0.00
2018;rd;14805141;Askim-Frölunda-Högsbo, Altplatsen;M;M;117;16.14
2018;rd;14805141;Askim-Frölunda-Högsbo, Altplatsen;C;C;26;3.59
2018;rd;14805141;Askim-Frölunda-Högsbo, Altplatsen;L;L;56;7.72
2018;rd;14805141;Askim-Frölunda-Högsbo, Altplatsen;KD;KD;52;7.17
2018;rd;14805141;Askim-Frölunda-Högsbo, Altplatsen;S;S;220;30.34
2018;rd;14805141;Askim-Frölunda-Högsbo, Altplatsen;V;V;71;9.79
2018;rd;14805141;Askim-Frölunda-Högsbo, Altplatsen;MP;MP;31;4.28
2018;rd;14805141;Askim-Frölunda-Högsbo, Altplatsen;SD;SD;136;18.76
2018;rd;14805141;Askim-Frölunda-Högsbo, Altplatsen;FI;FI;4;0.55
2018;rd;14805141;Askim-Frölunda-Högsbo, Altplatsen;AfS;AFS;1;0.14
2018;rd;14805141;Askim-Frölunda-Högsbo, Altplatsen;BASIP;BASIP;0;0.00
2018;rd;14805141;Askim-Frölunda-Högsbo, Altplatsen;DD;DD;1;0.14
2018;rd;14805141;Askim-Frölunda-Högsbo, Altplatsen;DjuP;DJUP;0;0.00
2018;rd;14805141;Askim-Frölunda-Högsbo, Altplatsen;EAP;EAP;0;0.00
2018;rd;14805141;Askim-Frölunda-Högsbo, Altplatsen;ENH;ENH;0;0.00
2018;rd;14805141;Askim-Frölunda-Högsbo, Altplatsen;INI;INI;1;0.14
2018;rd;14805141;Askim-Frölunda-Högsbo, Altplatsen;KLP;KLP;0;0.00
2018;rd;14805141;Askim-Frölunda-Högsbo, Altplatsen;KrVP;KRVP;1;0.14
2018;rd;14805141;Askim-Frölunda-Högsbo, Altplatsen;LPo;LPO;0;0.00
2018;rd;14805141;Askim-Frölunda-Högsbo, Altplatsen;MED;MED;3;0.41
2018;rd;14805141;Askim-Frölunda-Högsbo, Altplatsen;NMR;NMR;2;0.28
2018;rd;14805141;Askim-Frölunda-Högsbo, Altplatsen;NYREF;NYREF;0;0.00
2018;rd;14805141;Askim-Frölunda-Högsbo, Altplatsen;PP;PP;1;0.14
2018;rd;14805141;Askim-Frölunda-Högsbo, Altplatsen;SKP;SKP;2;0.28
2018;rd;14805141;Askim-Frölunda-Högsbo, Altplatsen;TRP;TRP;0;0.00
2018;rd;14805141;Askim-Frölunda-Högsbo, Altplatsen;ÖVR;ÖVR;0;0.00
2018;rd;14805142;Askim-Frölunda-Högsbo, Ruddalen;M;M;138;18.04
2018;rd;14805142;Askim-Frölunda-Högsbo, Ruddalen;C;C;47;6.14
2018;rd;14805142;Askim-Frölunda-Högsbo, Ruddalen;L;L;47;6.14
2018;rd;14805142;Askim-Frölunda-Högsbo, Ruddalen;KD;KD;49;6.41
2018;rd;14805142;Askim-Frölunda-Högsbo, Ruddalen;S;S;209;27.32
2018;rd;14805142;Askim-Frölunda-Högsbo, Ruddalen;V;V;99;12.94
2018;rd;14805142;Askim-Frölunda-Högsbo, Ruddalen;MP;MP;41;5.36
2018;rd;14805142;Askim-Frölunda-Högsbo, Ruddalen;SD;SD;125;16.34
2018;rd;14805142;Askim-Frölunda-Högsbo, Ruddalen;FI;FI;2;0.26
2018;rd;14805142;Askim-Frölunda-Högsbo, Ruddalen;AfS;AFS;2;0.26
2018;rd;14805142;Askim-Frölunda-Högsbo, Ruddalen;BASIP;BASIP;1;0.13
2018;rd;14805142;Askim-Frölunda-Högsbo, Ruddalen;DD;DD;0;0.00
2018;rd;14805142;Askim-Frölunda-Högsbo, Ruddalen;DjuP;DJUP;3;0.39
2018;rd;14805142;Askim-Frölunda-Högsbo, Ruddalen;EAP;EAP;0;0.00
2018;rd;14805142;Askim-Frölunda-Högsbo, Ruddalen;ENH;ENH;1;0.13
2018;rd;14805142;Askim-Frölunda-Högsbo, Ruddalen;INI;INI;0;0.00
2018;rd;14805142;Askim-Frölunda-Högsbo, Ruddalen;KLP;KLP;0;0.00
2018;rd;14805142;Askim-Frölunda-Högsbo, Ruddalen;KrVP;KRVP;0;0.00
2018;rd;14805142;Askim-Frölunda-Högsbo, Ruddalen;LPo;LPO;0;0.00
2018;rd;14805142;Askim-Frölunda-Högsbo, Ruddalen;MED;MED;1;0.13
2018;rd;14805142;Askim-Frölunda-Högsbo, Ruddalen;NMR;NMR;0;0.00
2018;rd;14805142;Askim-Frölunda-Högsbo, Ruddalen;NYREF;NYREF;0;0.00
2018;rd;14805142;Askim-Frölunda-Högsbo, Ruddalen;PP;PP;0;0.00
2018;rd;14805142;Askim-Frölunda-Högsbo, Ruddalen;SKP;SKP;0;0.00
2018;rd;14805142;Askim-Frölunda-Högsbo, Ruddalen;TRP;TRP;0;0.00
2018;rd;14805142;Askim-Frölunda-Högsbo, Ruddalen;ÖVR;ÖVR;0;0.00
2018;rd;14805151;Askim-Frölunda-Högsbo, Järnbrott, S;M;M;213;20.74
2018;rd;14805151;Askim-Frölunda-Högsbo, Järnbrott, S;C;C;78;7.59
2018;rd;14805151;Askim-Frölunda-Högsbo, Järnbrott, S;L;L;87;8.47
2018;rd;14805151;Askim-Frölunda-Högsbo, Järnbrott, S;KD;KD;67;6.52
2018;rd;14805151;Askim-Frölunda-Högsbo, Järnbrott, S;S;S;241;23.47
2018;rd;14805151;Askim-Frölunda-Högsbo, Järnbrott, S;V;V;110;10.71
2018;rd;14805151;Askim-Frölunda-Högsbo, Järnbrott, S;MP;MP;70;6.82
2018;rd;14805151;Askim-Frölunda-Högsbo, Järnbrott, S;SD;SD;148;14.41
2018;rd;14805151;Askim-Frölunda-Högsbo, Järnbrott, S;FI;FI;8;0.78
2018;rd;14805151;Askim-Frölunda-Högsbo, Järnbrott, S;AfS;AFS;1;0.10
2018;rd;14805151;Askim-Frölunda-Högsbo, Järnbrott, S;BASIP;BASIP;0;0.00
2018;rd;14805151;Askim-Frölunda-Högsbo, Järnbrott, S;DD;DD;2;0.19
2018;rd;14805151;Askim-Frölunda-Högsbo, Järnbrott, S;DjuP;DJUP;1;0.10
2018;rd;14805151;Askim-Frölunda-Högsbo, Järnbrott, S;EAP;EAP;0;0.00
2018;rd;14805151;Askim-Frölunda-Högsbo, Järnbrott, S;ENH;ENH;0;0.00
2018;rd;14805151;Askim-Frölunda-Högsbo, Järnbrott, S;INI;INI;0;0.00
2018;rd;14805151;Askim-Frölunda-Högsbo, Järnbrott, S;KLP;KLP;0;0.00
2018;rd;14805151;Askim-Frölunda-Högsbo, Järnbrott, S;KrVP;KRVP;0;0.00
2018;rd;14805151;Askim-Frölunda-Högsbo, Järnbrott, S;LPo;LPO;0;0.00
2018;rd;14805151;Askim-Frölunda-Högsbo, Järnbrott, S;MED;MED;1;0.10
2018;rd;14805151;Askim-Frölunda-Högsbo, Järnbrott, S;NMR;NMR;0;0.00
2018;rd;14805151;Askim-Frölunda-Högsbo, Järnbrott, S;NYREF;NYREF;0;0.00
2018;rd;14805151;Askim-Frölunda-Högsbo, Järnbrott, S;PP;PP;0;0.00
2018;rd;14805151;Askim-Frölunda-Högsbo, Järnbrott, S;SKP;SKP;0;0.00
2018;rd;14805151;Askim-Frölunda-Högsbo, Järnbrott, S;TRP;TRP;0;0.00
2018;rd;14805151;Askim-Frölunda-Högsbo, Järnbrott, S;ÖVR;ÖVR;0;0.00
2018;rd;14805152;Askim-Frölunda-Högsbo, Järnbrott, V;M;M;136;16.87
2018;rd;14805152;Askim-Frölunda-Högsbo, Järnbrott, V;C;C;33;4.09
2018;rd;14805152;Askim-Frölunda-Högsbo, Järnbrott, V;L;L;56;6.95
2018;rd;14805152;Askim-Frölunda-Högsbo, Järnbrott, V;KD;KD;53;6.58
2018;rd;14805152;Askim-Frölunda-Högsbo, Järnbrott, V;S;S;209;25.93
2018;rd;14805152;Askim-Frölunda-Högsbo, Järnbrott, V;V;V;107;13.28
2018;rd;14805152;Askim-Frölunda-Högsbo, Järnbrott, V;MP;MP;42;5.21
2018;rd;14805152;Askim-Frölunda-Högsbo, Järnbrott, V;SD;SD;155;19.23
2018;rd;14805152;Askim-Frölunda-Högsbo, Järnbrott, V;FI;FI;6;0.74
2018;rd;14805152;Askim-Frölunda-Högsbo, Järnbrott, V;AfS;AFS;2;0.25
2018;rd;14805152;Askim-Frölunda-Högsbo, Järnbrott, V;BASIP;BASIP;1;0.12
2018;rd;14805152;Askim-Frölunda-Högsbo, Järnbrott, V;DD;DD;1;0.12
2018;rd;14805152;Askim-Frölunda-Högsbo, Järnbrott, V;DjuP;DJUP;2;0.25
2018;rd;14805152;Askim-Frölunda-Högsbo, Järnbrott, V;EAP;EAP;0;0.00
2018;rd;14805152;Askim-Frölunda-Högsbo, Järnbrott, V;ENH;ENH;0;0.00
2018;rd;14805152;Askim-Frölunda-Högsbo, Järnbrott, V;INI;INI;0;0.00
2018;rd;14805152;Askim-Frölunda-Högsbo, Järnbrott, V;KLP;KLP;1;0.12
2018;rd;14805152;Askim-Frölunda-Högsbo, Järnbrott, V;KrVP;KRVP;1;0.12
2018;rd;14805152;Askim-Frölunda-Högsbo, Järnbrott, V;LPo;LPO;0;0.00
2018;rd;14805152;Askim-Frölunda-Högsbo, Järnbrott, V;MED;MED;0;0.00
2018;rd;14805152;Askim-Frölunda-Högsbo, Järnbrott, V;NMR;NMR;1;0.12
2018;rd;14805152;Askim-Frölunda-Högsbo, Järnbrott, V;NYREF;NYREF;0;0.00
2018;rd;14805152;Askim-Frölunda-Högsbo, Järnbrott, V;PP;PP;0;0.00
2018;rd;14805152;Askim-Frölunda-Högsbo, Järnbrott, V;SKP;SKP;0;0.00
2018;rd;14805152;Askim-Frölunda-Högsbo, Järnbrott, V;TRP;TRP;0;0.00
2018;rd;14805152;Askim-Frölunda-Högsbo, Järnbrott, V;ÖVR;ÖVR;0;0.00
2018;rd;14805153;Askim-Frölunda-Högsbo, Järnbrott, Ö;M;M;99;11.51
2018;rd;14805153;Askim-Frölunda-Högsbo, Järnbrott, Ö;C;C;34;3.95
2018;rd;14805153;Askim-Frölunda-Högsbo, Järnbrott, Ö;L;L;41;4.77
2018;rd;14805153;Askim-Frölunda-Högsbo, Järnbrott, Ö;KD;KD;31;3.60
2018;rd;14805153;Askim-Frölunda-Högsbo, Järnbrott, Ö;S;S;254;29.53
2018;rd;14805153;Askim-Frölunda-Högsbo, Järnbrott, Ö;V;V;122;14.19
2018;rd;14805153;Askim-Frölunda-Högsbo, Järnbrott, Ö;MP;MP;45;5.23
2018;rd;14805153;Askim-Frölunda-Högsbo, Järnbrott, Ö;SD;SD;206;23.95
2018;rd;14805153;Askim-Frölunda-Högsbo, Järnbrott, Ö;FI;FI;10;1.16
2018;rd;14805153;Askim-Frölunda-Högsbo, Järnbrott, Ö;AfS;AFS;5;0.58
2018;rd;14805153;Askim-Frölunda-Högsbo, Järnbrott, Ö;BASIP;BASIP;0;0.00
2018;rd;14805153;Askim-Frölunda-Högsbo, Järnbrott, Ö;DD;DD;0;0.00
2018;rd;14805153;Askim-Frölunda-Högsbo, Järnbrott, Ö;DjuP;DJUP;3;0.35
2018;rd;14805153;Askim-Frölunda-Högsbo, Järnbrott, Ö;EAP;EAP;0;0.00
2018;rd;14805153;Askim-Frölunda-Högsbo, Järnbrott, Ö;ENH;ENH;2;0.23
2018;rd;14805153;Askim-Frölunda-Högsbo, Järnbrott, Ö;INI;INI;0;0.00
2018;rd;14805153;Askim-Frölunda-Högsbo, Järnbrott, Ö;KLP;KLP;0;0.00
2018;rd;14805153;Askim-Frölunda-Högsbo, Järnbrott, Ö;KrVP;KRVP;1;0.12
2018;rd;14805153;Askim-Frölunda-Högsbo, Järnbrott, Ö;LPo;LPO;0;0.00
2018;rd;14805153;Askim-Frölunda-Högsbo, Järnbrott, Ö;MED;MED;1;0.12
2018;rd;14805153;Askim-Frölunda-Högsbo, Järnbrott, Ö;NMR;NMR;1;0.12
2018;rd;14805153;Askim-Frölunda-Högsbo, Järnbrott, Ö;NYREF;NYREF;0;0.00
2018;rd;14805153;Askim-Frölunda-Högsbo, Järnbrott, Ö;PP;PP;4;0.47
2018;rd;14805153;Askim-Frölunda-Högsbo, Järnbrott, Ö;SKP;SKP;0;0.00
2018;rd;14805153;Askim-Frölunda-Högsbo, Järnbrott, Ö;TRP;TRP;0;0.00
2018;rd;14805153;Askim-Frölunda-Högsbo, Järnbrott, Ö;ÖVR;ÖVR;1;0.12
2018;rd;14805171;Askim-Frölunda-Högsbo, Frölunda;M;M;73;12.39
2018;rd;14805171;Askim-Frölunda-Högsbo, Frölunda;C;C;17;2.89
2018;rd;14805171;Askim-Frölunda-Högsbo, Frölunda;L;L;27;4.58
2018;rd;14805171;Askim-Frölunda-Högsbo, Frölunda;KD;KD;20;3.40
2018;rd;14805171;Askim-Frölunda-Högsbo, Frölunda;S;S;218;37.01
2018;rd;14805171;Askim-Frölunda-Högsbo, Frölunda;V;V;84;14.26
2018;rd;14805171;Askim-Frölunda-Högsbo, Frölunda;MP;MP;21;3.57
2018;rd;14805171;Askim-Frölunda-Högsbo, Frölunda;SD;SD;115;19.52
2018;rd;14805171;Askim-Frölunda-Högsbo, Frölunda;FI;FI;1;0.17
2018;rd;14805171;Askim-Frölunda-Högsbo, Frölunda;AfS;AFS;2;0.34
2018;rd;14805171;Askim-Frölunda-Högsbo, Frölunda;BASIP;BASIP;1;0.17
2018;rd;14805171;Askim-Frölunda-Högsbo, Frölunda;DD;DD;0;0.00
2018;rd;14805171;Askim-Frölunda-Högsbo, Frölunda;DjuP;DJUP;2;0.34
2018;rd;14805171;Askim-Frölunda-Högsbo, Frölunda;EAP;EAP;0;0.00
2018;rd;14805171;Askim-Frölunda-Högsbo, Frölunda;ENH;ENH;1;0.17
2018;rd;14805171;Askim-Frölunda-Högsbo, Frölunda;INI;INI;0;0.00
2018;rd;14805171;Askim-Frölunda-Högsbo, Frölunda;KLP;KLP;0;0.00
2018;rd;14805171;Askim-Frölunda-Högsbo, Frölunda;KrVP;KRVP;3;0.51
2018;rd;14805171;Askim-Frölunda-Högsbo, Frölunda;LPo;LPO;0;0.00
2018;rd;14805171;Askim-Frölunda-Högsbo, Frölunda;MED;MED;2;0.34
2018;rd;14805171;Askim-Frölunda-Högsbo, Frölunda;NMR;NMR;0;0.00
2018;rd;14805171;Askim-Frölunda-Högsbo, Frölunda;NYREF;NYREF;0;0.00
2018;rd;14805171;Askim-Frölunda-Högsbo, Frölunda;PP;PP;1;0.17
2018;rd;14805171;Askim-Frölunda-Högsbo, Frölunda;SKP;SKP;1;0.17
2018;rd;14805171;Askim-Frölunda-Högsbo, Frölunda;TRP;TRP;0;0.00
2018;rd;14805171;Askim-Frölunda-Högsbo, Frölunda;ÖVR;ÖVR;0;0.00
2018;rd;14805172;Askim-Frölunda-Högsbo, Frölunda Torg;M;M;123;12.92
2018;rd;14805172;Askim-Frölunda-Högsbo, Frölunda Torg;C;C;42;4.41
2018;rd;14805172;Askim-Frölunda-Högsbo, Frölunda Torg;L;L;46;4.83
2018;rd;14805172;Askim-Frölunda-Högsbo, Frölunda Torg;KD;KD;49;5.15
2018;rd;14805172;Askim-Frölunda-Högsbo, Frölunda Torg;S;S;384;40.34
2018;rd;14805172;Askim-Frölunda-Högsbo, Frölunda Torg;V;V;142;14.92
2018;rd;14805172;Askim-Frölunda-Högsbo, Frölunda Torg;MP;MP;28;2.94
2018;rd;14805172;Askim-Frölunda-Högsbo, Frölunda Torg;SD;SD;115;12.08
2018;rd;14805172;Askim-Frölunda-Högsbo, Frölunda Torg;FI;FI;5;0.53
2018;rd;14805172;Askim-Frölunda-Högsbo, Frölunda Torg;AfS;AFS;6;0.63
2018;rd;14805172;Askim-Frölunda-Högsbo, Frölunda Torg;BASIP;BASIP;0;0.00
2018;rd;14805172;Askim-Frölunda-Högsbo, Frölunda Torg;DD;DD;1;0.11
2018;rd;14805172;Askim-Frölunda-Högsbo, Frölunda Torg;DjuP;DJUP;1;0.11
2018;rd;14805172;Askim-Frölunda-Högsbo, Frölunda Torg;EAP;EAP;0;0.00
2018;rd;14805172;Askim-Frölunda-Högsbo, Frölunda Torg;ENH;ENH;3;0.32
2018;rd;14805172;Askim-Frölunda-Högsbo, Frölunda Torg;INI;INI;0;0.00
2018;rd;14805172;Askim-Frölunda-Högsbo, Frölunda Torg;KLP;KLP;0;0.00
2018;rd;14805172;Askim-Frölunda-Högsbo, Frölunda Torg;KrVP;KRVP;1;0.11
2018;rd;14805172;Askim-Frölunda-Högsbo, Frölunda Torg;LPo;LPO;0;0.00
2018;rd;14805172;Askim-Frölunda-Högsbo, Frölunda Torg;MED;MED;3;0.32
2018;rd;14805172;Askim-Frölunda-Högsbo, Frölunda Torg;NMR;NMR;0;0.00
2018;rd;14805172;Askim-Frölunda-Högsbo, Frölunda Torg;NYREF;NYREF;0;0.00
2018;rd;14805172;Askim-Frölunda-Högsbo, Frölunda Torg;PP;PP;3;0.32
2018;rd;14805172;Askim-Frölunda-Högsbo, Frölunda Torg;SKP;SKP;0;0.00
2018;rd;14805172;Askim-Frölunda-Högsbo, Frölunda Torg;TRP;TRP;0;0.00
2018;rd;14805172;Askim-Frölunda-Högsbo, Frölunda Torg;ÖVR;ÖVR;0;0.00
2018;rd;14805173;Askim-Frölunda-Högsbo, Gånglåten;M;M;82;10.68
2018;rd;14805173;Askim-Frölunda-Högsbo, Gånglåten;C;C;30;3.91
2018;rd;14805173;Askim-Frölunda-Högsbo, Gånglåten;L;L;32;4.17
2018;rd;14805173;Askim-Frölunda-Högsbo, Gånglåten;KD;KD;40;5.21
2018;rd;14805173;Askim-Frölunda-Högsbo, Gånglåten;S;S;278;36.20
2018;rd;14805173;Askim-Frölunda-Högsbo, Gånglåten;V;V;110;14.32
2018;rd;14805173;Askim-Frölunda-Högsbo, Gånglåten;MP;MP;35;4.56
2018;rd;14805173;Askim-Frölunda-Högsbo, Gånglåten;SD;SD;144;18.75
2018;rd;14805173;Askim-Frölunda-Högsbo, Gånglåten;FI;FI;4;0.52
2018;rd;14805173;Askim-Frölunda-Högsbo, Gånglåten;AfS;AFS;1;0.13
2018;rd;14805173;Askim-Frölunda-Högsbo, Gånglåten;BASIP;BASIP;0;0.00
2018;rd;14805173;Askim-Frölunda-Högsbo, Gånglåten;DD;DD;1;0.13
2018;rd;14805173;Askim-Frölunda-Högsbo, Gånglåten;DjuP;DJUP;1;0.13
2018;rd;14805173;Askim-Frölunda-Högsbo, Gånglåten;EAP;EAP;0;0.00
2018;rd;14805173;Askim-Frölunda-Högsbo, Gånglåten;ENH;ENH;1;0.13
2018;rd;14805173;Askim-Frölunda-Högsbo, Gånglåten;INI;INI;3;0.39
2018;rd;14805173;Askim-Frölunda-Högsbo, Gånglåten;KLP;KLP;0;0.00
2018;rd;14805173;Askim-Frölunda-Högsbo, Gånglåten;KrVP;KRVP;1;0.13
2018;rd;14805173;Askim-Frölunda-Högsbo, Gånglåten;LPo;LPO;0;0.00
2018;rd;14805173;Askim-Frölunda-Högsbo, Gånglåten;MED;MED;0;0.00
2018;rd;14805173;Askim-Frölunda-Högsbo, Gånglåten;NMR;NMR;1;0.13
2018;rd;14805173;Askim-Frölunda-Högsbo, Gånglåten;NYREF;NYREF;0;0.00
2018;rd;14805173;Askim-Frölunda-Högsbo, Gånglåten;PP;PP;2;0.26
2018;rd;14805173;Askim-Frölunda-Högsbo, Gånglåten;SKP;SKP;2;0.26
2018;rd;14805173;Askim-Frölunda-Högsbo, Gånglåten;TRP;TRP;0;0.00
2018;rd;14805173;Askim-Frölunda-Högsbo, Gånglåten;ÖVR;ÖVR;0;0.00
2018;rd;14805174;Askim-Frölunda-Högsbo, Mandolingatan;M;M;87;10.93
2018;rd;14805174;Askim-Frölunda-Högsbo, Mandolingatan;C;C;20;2.51
2018;rd;14805174;Askim-Frölunda-Högsbo, Mandolingatan;L;L;21;2.64
2018;rd;14805174;Askim-Frölunda-Högsbo, Mandolingatan;KD;KD;27;3.39
2018;rd;14805174;Askim-Frölunda-Högsbo, Mandolingatan;S;S;314;39.45
2018;rd;14805174;Askim-Frölunda-Högsbo, Mandolingatan;V;V;119;14.95
2018;rd;14805174;Askim-Frölunda-Högsbo, Mandolingatan;MP;MP;32;4.02
2018;rd;14805174;Askim-Frölunda-Högsbo, Mandolingatan;SD;SD;157;19.72
2018;rd;14805174;Askim-Frölunda-Högsbo, Mandolingatan;FI;FI;8;1.01
2018;rd;14805174;Askim-Frölunda-Högsbo, Mandolingatan;AfS;AFS;3;0.38
2018;rd;14805174;Askim-Frölunda-Högsbo, Mandolingatan;BASIP;BASIP;3;0.38
2018;rd;14805174;Askim-Frölunda-Högsbo, Mandolingatan;DD;DD;1;0.13
2018;rd;14805174;Askim-Frölunda-Högsbo, Mandolingatan;DjuP;DJUP;2;0.25
2018;rd;14805174;Askim-Frölunda-Högsbo, Mandolingatan;EAP;EAP;0;0.00
2018;rd;14805174;Askim-Frölunda-Högsbo, Mandolingatan;ENH;ENH;0;0.00
2018;rd;14805174;Askim-Frölunda-Högsbo, Mandolingatan;INI;INI;0;0.00
2018;rd;14805174;Askim-Frölunda-Högsbo, Mandolingatan;KLP;KLP;1;0.13
2018;rd;14805174;Askim-Frölunda-Högsbo, Mandolingatan;KrVP;KRVP;1;0.13
2018;rd;14805174;Askim-Frölunda-Högsbo, Mandolingatan;LPo;LPO;0;0.00
2018;rd;14805174;Askim-Frölunda-Högsbo, Mandolingatan;MED;MED;0;0.00
2018;rd;14805174;Askim-Frölunda-Högsbo, Mandolingatan;NMR;NMR;0;0.00
2018;rd;14805174;Askim-Frölunda-Högsbo, Mandolingatan;NYREF;NYREF;0;0.00
2018;rd;14805174;Askim-Frölunda-Högsbo, Mandolingatan;PP;PP;0;0.00
2018;rd;14805174;Askim-Frölunda-Högsbo, Mandolingatan;SKP;SKP;0;0.00
2018;rd;14805174;Askim-Frölunda-Högsbo, Mandolingatan;TRP;TRP;0;0.00
2018;rd;14805174;Askim-Frölunda-Högsbo, Mandolingatan;ÖVR;ÖVR;0;0.00
2018;rd;14805181;Västra Göteborg, Korsåsen;M;M;192;16.87
2018;rd;14805181;Västra Göteborg, Korsåsen;C;C;43;3.78
2018;rd;14805181;Västra Göteborg, Korsåsen;L;L;80;7.03
2018;rd;14805181;Västra Göteborg, Korsåsen;KD;KD;101;8.88
2018;rd;14805181;Västra Göteborg, Korsåsen;S;S;378;33.22
2018;rd;14805181;Västra Göteborg, Korsåsen;V;V;119;10.46
2018;rd;14805181;Västra Göteborg, Korsåsen;MP;MP;35;3.08
2018;rd;14805181;Västra Göteborg, Korsåsen;SD;SD;178;15.64
2018;rd;14805181;Västra Göteborg, Korsåsen;FI;FI;2;0.18
2018;rd;14805181;Västra Göteborg, Korsåsen;AfS;AFS;4;0.35
2018;rd;14805181;Västra Göteborg, Korsåsen;BASIP;BASIP;1;0.09
2018;rd;14805181;Västra Göteborg, Korsåsen;DD;DD;0;0.00
2018;rd;14805181;Västra Göteborg, Korsåsen;DjuP;DJUP;3;0.26
2018;rd;14805181;Västra Göteborg, Korsåsen;EAP;EAP;0;0.00
2018;rd;14805181;Västra Göteborg, Korsåsen;ENH;ENH;0;0.00
2018;rd;14805181;Västra Göteborg, Korsåsen;INI;INI;0;0.00
2018;rd;14805181;Västra Göteborg, Korsåsen;KLP;KLP;0;0.00
2018;rd;14805181;Västra Göteborg, Korsåsen;KrVP;KRVP;1;0.09
2018;rd;14805181;Västra Göteborg, Korsåsen;LPo;LPO;0;0.00
2018;rd;14805181;Västra Göteborg, Korsåsen;MED;MED;1;0.09
2018;rd;14805181;Västra Göteborg, Korsåsen;NMR;NMR;0;0.00
2018;rd;14805181;Västra Göteborg, Korsåsen;NYREF;NYREF;0;0.00
2018;rd;14805181;Västra Göteborg, Korsåsen;PP;PP;0;0.00
2018;rd;14805181;Västra Göteborg, Korsåsen;SKP;SKP;0;0.00
2018;rd;14805181;Västra Göteborg, Korsåsen;TRP;TRP;0;0.00
2018;rd;14805181;Västra Göteborg, Korsåsen;ÖVR;ÖVR;0;0.00
2018;rd;14805182;Västra Göteborg, Ängås;M;M;94;10.20
2018;rd;14805182;Västra Göteborg, Ängås;C;C;25;2.71
2018;rd;14805182;Västra Göteborg, Ängås;L;L;43;4.66
2018;rd;14805182;Västra Göteborg, Ängås;KD;KD;32;3.47
2018;rd;14805182;Västra Göteborg, Ängås;S;S;380;41.21
2018;rd;14805182;Västra Göteborg, Ängås;V;V;152;16.49
2018;rd;14805182;Västra Göteborg, Ängås;MP;MP;31;3.36
2018;rd;14805182;Västra Göteborg, Ängås;SD;SD;143;15.51
2018;rd;14805182;Västra Göteborg, Ängås;FI;FI;8;0.87
2018;rd;14805182;Västra Göteborg, Ängås;AfS;AFS;0;0.00
2018;rd;14805182;Västra Göteborg, Ängås;BASIP;BASIP;1;0.11
2018;rd;14805182;Västra Göteborg, Ängås;DD;DD;3;0.33
2018;rd;14805182;Västra Göteborg, Ängås;DjuP;DJUP;2;0.22
2018;rd;14805182;Västra Göteborg, Ängås;EAP;EAP;0;0.00
2018;rd;14805182;Västra Göteborg, Ängås;ENH;ENH;2;0.22
2018;rd;14805182;Västra Göteborg, Ängås;INI;INI;0;0.00
2018;rd;14805182;Västra Göteborg, Ängås;KLP;KLP;0;0.00
2018;rd;14805182;Västra Göteborg, Ängås;KrVP;KRVP;3;0.33
2018;rd;14805182;Västra Göteborg, Ängås;LPo;LPO;0;0.00
2018;rd;14805182;Västra Göteborg, Ängås;MED;MED;1;0.11
2018;rd;14805182;Västra Göteborg, Ängås;NMR;NMR;1;0.11
2018;rd;14805182;Västra Göteborg, Ängås;NYREF;NYREF;0;0.00
2018;rd;14805182;Västra Göteborg, Ängås;PP;PP;1;0.11
2018;rd;14805182;Västra Göteborg, Ängås;SKP;SKP;0;0.00
2018;rd;14805182;Västra Göteborg, Ängås;TRP;TRP;0;0.00
2018;rd;14805182;Västra Göteborg, Ängås;ÖVR;ÖVR;0;0.00
2018;rd;14805191;Västra Göteborg, Önnered, Västra;M;M;340;28.01
2018;rd;14805191;Västra Göteborg, Önnered, Västra;C;C;76;6.26
2018;rd;14805191;Västra Göteborg, Önnered, Västra;L;L;120;9.88
2018;rd;14805191;Västra Göteborg, Önnered, Västra;KD;KD;271;22.32
2018;rd;14805191;Västra Göteborg, Önnered, Västra;S;S;134;11.04
2018;rd;14805191;Västra Göteborg, Önnered, Västra;V;V;50;4.12
2018;rd;14805191;Västra Göteborg, Önnered, Västra;MP;MP;40;3.29
2018;rd;14805191;Västra Göteborg, Önnered, Västra;SD;SD;172;14.17
2018;rd;14805191;Västra Göteborg, Önnered, Västra;FI;FI;3;0.25
2018;rd;14805191;Västra Göteborg, Önnered, Västra;AfS;AFS;1;0.08
2018;rd;14805191;Västra Göteborg, Önnered, Västra;BASIP;BASIP;0;0.00
2018;rd;14805191;Västra Göteborg, Önnered, Västra;DD;DD;0;0.00
2018;rd;14805191;Västra Göteborg, Önnered, Västra;DjuP;DJUP;3;0.25
2018;rd;14805191;Västra Göteborg, Önnered, Västra;EAP;EAP;0;0.00
2018;rd;14805191;Västra Göteborg, Önnered, Västra;ENH;ENH;0;0.00
2018;rd;14805191;Västra Göteborg, Önnered, Västra;INI;INI;1;0.08
2018;rd;14805191;Västra Göteborg, Önnered, Västra;KLP;KLP;0;0.00
2018;rd;14805191;Västra Göteborg, Önnered, Västra;KrVP;KRVP;1;0.08
2018;rd;14805191;Västra Göteborg, Önnered, Västra;LPo;LPO;0;0.00
2018;rd;14805191;Västra Göteborg, Önnered, Västra;MED;MED;1;0.08
2018;rd;14805191;Västra Göteborg, Önnered, Västra;NMR;NMR;0;0.00
2018;rd;14805191;Västra Göteborg, Önnered, Västra;NYREF;NYREF;0;0.00
2018;rd;14805191;Västra Göteborg, Önnered, Västra;PP;PP;0;0.00
2018;rd;14805191;Västra Göteborg, Önnered, Västra;SKP;SKP;0;0.00
2018;rd;14805191;Västra Göteborg, Önnered, Västra;TRP;TRP;0;0.00
2018;rd;14805191;Västra Göteborg, Önnered, Västra;ÖVR;ÖVR;1;0.08
2018;rd;14805192;Västra Göteborg, Önnered, Östra;M;M;331;24.83
2018;rd;14805192;Västra Göteborg, Önnered, Östra;C;C;109;8.18
2018;rd;14805192;Västra Göteborg, Önnered, Östra;L;L;137;10.28
2018;rd;14805192;Västra Göteborg, Önnered, Östra;KD;KD;160;12.00
2018;rd;14805192;Västra Göteborg, Önnered, Östra;S;S;267;20.03
2018;rd;14805192;Västra Göteborg, Önnered, Östra;V;V;80;6.00
2018;rd;14805192;Västra Göteborg, Önnered, Östra;MP;MP;70;5.25
2018;rd;14805192;Västra Göteborg, Önnered, Östra;SD;SD;167;12.53
2018;rd;14805192;Västra Göteborg, Önnered, Östra;FI;FI;2;0.15
2018;rd;14805192;Västra Göteborg, Önnered, Östra;AfS;AFS;4;0.30
2018;rd;14805192;Västra Göteborg, Önnered, Östra;BASIP;BASIP;0;0.00
2018;rd;14805192;Västra Göteborg, Önnered, Östra;DD;DD;1;0.08
2018;rd;14805192;Västra Göteborg, Önnered, Östra;DjuP;DJUP;1;0.08
2018;rd;14805192;Västra Göteborg, Önnered, Östra;EAP;EAP;0;0.00
2018;rd;14805192;Västra Göteborg, Önnered, Östra;ENH;ENH;0;0.00
2018;rd;14805192;Västra Göteborg, Önnered, Östra;INI;INI;0;0.00
2018;rd;14805192;Västra Göteborg, Önnered, Östra;KLP;KLP;0;0.00
2018;rd;14805192;Västra Göteborg, Önnered, Östra;KrVP;KRVP;1;0.08
2018;rd;14805192;Västra Göteborg, Önnered, Östra;LPo;LPO;0;0.00
2018;rd;14805192;Västra Göteborg, Önnered, Östra;MED;MED;1;0.08
2018;rd;14805192;Västra Göteborg, Önnered, Östra;NMR;NMR;1;0.08
2018;rd;14805192;Västra Göteborg, Önnered, Östra;NYREF;NYREF;0;0.00
2018;rd;14805192;Västra Göteborg, Önnered, Östra;PP;PP;1;0.08
2018;rd;14805192;Västra Göteborg, Önnered, Östra;SKP;SKP;0;0.00
2018;rd;14805192;Västra Göteborg, Önnered, Östra;TRP;TRP;0;0.00
2018;rd;14805192;Västra Göteborg, Önnered, Östra;ÖVR;ÖVR;0;0.00
2018;rd;14805201;Västra Göteborg, Grevegården;M;M;84;10.12
2018;rd;14805201;Västra Göteborg, Grevegården;C;C;26;3.13
2018;rd;14805201;Västra Göteborg, Grevegården;L;L;24;2.89
2018;rd;14805201;Västra Göteborg, Grevegården;KD;KD;34;4.10
2018;rd;14805201;Västra Göteborg, Grevegården;S;S;343;41.33
2018;rd;14805201;Västra Göteborg, Grevegården;V;V;124;14.94
2018;rd;14805201;Västra Göteborg, Grevegården;MP;MP;39;4.70
2018;rd;14805201;Västra Göteborg, Grevegården;SD;SD;141;16.99
2018;rd;14805201;Västra Göteborg, Grevegården;FI;FI;2;0.24
2018;rd;14805201;Västra Göteborg, Grevegården;AfS;AFS;6;0.72
2018;rd;14805201;Västra Göteborg, Grevegården;BASIP;BASIP;0;0.00
2018;rd;14805201;Västra Göteborg, Grevegården;DD;DD;0;0.00
2018;rd;14805201;Västra Göteborg, Grevegården;DjuP;DJUP;3;0.36
2018;rd;14805201;Västra Göteborg, Grevegården;EAP;EAP;0;0.00
2018;rd;14805201;Västra Göteborg, Grevegården;ENH;ENH;0;0.00
2018;rd;14805201;Västra Göteborg, Grevegården;INI;INI;0;0.00
2018;rd;14805201;Västra Göteborg, Grevegården;KLP;KLP;0;0.00
2018;rd;14805201;Västra Göteborg, Grevegården;KrVP;KRVP;2;0.24
2018;rd;14805201;Västra Göteborg, Grevegården;LPo;LPO;0;0.00
2018;rd;14805201;Västra Göteborg, Grevegården;MED;MED;1;0.12
2018;rd;14805201;Västra Göteborg, Grevegården;NMR;NMR;0;0.00
2018;rd;14805201;Västra Göteborg, Grevegården;NYREF;NYREF;0;0.00
2018;rd;14805201;Västra Göteborg, Grevegården;PP;PP;1;0.12
2018;rd;14805201;Västra Göteborg, Grevegården;SKP;SKP;0;0.00
2018;rd;14805201;Västra Göteborg, Grevegården;TRP;TRP;0;0.00
2018;rd;14805201;Västra Göteborg, Grevegården;ÖVR;ÖVR;0;0.00
2018;rd;14805202;Västra Göteborg, Skattegården;M;M;108;10.52
2018;rd;14805202;Västra Göteborg, Skattegården;C;C;40;3.89
2018;rd;14805202;Västra Göteborg, Skattegården;L;L;64;6.23
2018;rd;14805202;Västra Göteborg, Skattegården;KD;KD;81;7.89
2018;rd;14805202;Västra Göteborg, Skattegården;S;S;437;42.55
2018;rd;14805202;Västra Göteborg, Skattegården;V;V;122;11.88
2018;rd;14805202;Västra Göteborg, Skattegården;MP;MP;33;3.21
2018;rd;14805202;Västra Göteborg, Skattegården;SD;SD;129;12.56
2018;rd;14805202;Västra Göteborg, Skattegården;FI;FI;3;0.29
2018;rd;14805202;Västra Göteborg, Skattegården;AfS;AFS;5;0.49
2018;rd;14805202;Västra Göteborg, Skattegården;BASIP;BASIP;1;0.10
2018;rd;14805202;Västra Göteborg, Skattegården;DD;DD;1;0.10
2018;rd;14805202;Västra Göteborg, Skattegården;DjuP;DJUP;0;0.00
2018;rd;14805202;Västra Göteborg, Skattegården;EAP;EAP;0;0.00
2018;rd;14805202;Västra Göteborg, Skattegården;ENH;ENH;0;0.00
2018;rd;14805202;Västra Göteborg, Skattegården;INI;INI;1;0.10
2018;rd;14805202;Västra Göteborg, Skattegården;KLP;KLP;1;0.10
2018;rd;14805202;Västra Göteborg, Skattegården;KrVP;KRVP;1;0.10
2018;rd;14805202;Västra Göteborg, Skattegården;LPo;LPO;0;0.00
2018;rd;14805202;Västra Göteborg, Skattegården;MED;MED;0;0.00
2018;rd;14805202;Västra Göteborg, Skattegården;NMR;NMR;0;0.00
2018;rd;14805202;Västra Göteborg, Skattegården;NYREF;NYREF;0;0.00
2018;rd;14805202;Västra Göteborg, Skattegården;PP;PP;0;0.00
2018;rd;14805202;Västra Göteborg, Skattegården;SKP;SKP;0;0.00
2018;rd;14805202;Västra Göteborg, Skattegården;TRP;TRP;0;0.00
2018;rd;14805202;Västra Göteborg, Skattegården;ÖVR;ÖVR;0;0.00
2018;rd;14805211;Västra Göteborg, Näset, Norra;M;M;481;40.69
2018;rd;14805211;Västra Göteborg, Näset, Norra;C;C;103;8.71
2018;rd;14805211;Västra Göteborg, Näset, Norra;L;L;119;10.07
2018;rd;14805211;Västra Göteborg, Näset, Norra;KD;KD;133;11.25
2018;rd;14805211;Västra Göteborg, Näset, Norra;S;S;111;9.39
2018;rd;14805211;Västra Göteborg, Näset, Norra;V;V;22;1.86
2018;rd;14805211;Västra Göteborg, Näset, Norra;MP;MP;42;3.55
2018;rd;14805211;Västra Göteborg, Näset, Norra;SD;SD;164;13.87
2018;rd;14805211;Västra Göteborg, Näset, Norra;FI;FI;2;0.17
2018;rd;14805211;Västra Göteborg, Näset, Norra;AfS;AFS;3;0.25
2018;rd;14805211;Västra Göteborg, Näset, Norra;BASIP;BASIP;0;0.00
2018;rd;14805211;Västra Göteborg, Näset, Norra;DD;DD;0;0.00
2018;rd;14805211;Västra Göteborg, Näset, Norra;DjuP;DJUP;0;0.00
2018;rd;14805211;Västra Göteborg, Näset, Norra;EAP;EAP;0;0.00
2018;rd;14805211;Västra Göteborg, Näset, Norra;ENH;ENH;0;0.00
2018;rd;14805211;Västra Göteborg, Näset, Norra;INI;INI;0;0.00
2018;rd;14805211;Västra Göteborg, Näset, Norra;KLP;KLP;0;0.00
2018;rd;14805211;Västra Göteborg, Näset, Norra;KrVP;KRVP;0;0.00
2018;rd;14805211;Västra Göteborg, Näset, Norra;LPo;LPO;0;0.00
2018;rd;14805211;Västra Göteborg, Näset, Norra;MED;MED;2;0.17
2018;rd;14805211;Västra Göteborg, Näset, Norra;NMR;NMR;0;0.00
2018;rd;14805211;Västra Göteborg, Näset, Norra;NYREF;NYREF;0;0.00
2018;rd;14805211;Västra Göteborg, Näset, Norra;PP;PP;0;0.00
2018;rd;14805211;Västra Göteborg, Näset, Norra;SKP;SKP;0;0.00
2018;rd;14805211;Västra Göteborg, Näset, Norra;TRP;TRP;0;0.00
2018;rd;14805211;Västra Göteborg, Näset, Norra;ÖVR;ÖVR;0;0.00
2018;rd;14805212;Västra Göteborg, Näset, Södra;M;M;408;40.08
2018;rd;14805212;Västra Göteborg, Näset, Södra;C;C;78;7.66
2018;rd;14805212;Västra Göteborg, Näset, Södra;L;L;120;11.79
2018;rd;14805212;Västra Göteborg, Näset, Södra;KD;KD;108;10.61
2018;rd;14805212;Västra Göteborg, Näset, Södra;S;S;70;6.88
2018;rd;14805212;Västra Göteborg, Näset, Södra;V;V;26;2.55
2018;rd;14805212;Västra Göteborg, Näset, Södra;MP;MP;42;4.13
2018;rd;14805212;Västra Göteborg, Näset, Södra;SD;SD;159;15.62
2018;rd;14805212;Västra Göteborg, Näset, Södra;FI;FI;2;0.20
2018;rd;14805212;Västra Göteborg, Näset, Södra;AfS;AFS;0;0.00
2018;rd;14805212;Västra Göteborg, Näset, Södra;BASIP;BASIP;0;0.00
2018;rd;14805212;Västra Göteborg, Näset, Södra;DD;DD;0;0.00
2018;rd;14805212;Västra Göteborg, Näset, Södra;DjuP;DJUP;1;0.10
2018;rd;14805212;Västra Göteborg, Näset, Södra;EAP;EAP;0;0.00
2018;rd;14805212;Västra Göteborg, Näset, Södra;ENH;ENH;0;0.00
2018;rd;14805212;Västra Göteborg, Näset, Södra;INI;INI;0;0.00
2018;rd;14805212;Västra Göteborg, Näset, Södra;KLP;KLP;0;0.00
2018;rd;14805212;Västra Göteborg, Näset, Södra;KrVP;KRVP;2;0.20
2018;rd;14805212;Västra Göteborg, Näset, Södra;LPo;LPO;0;0.00
2018;rd;14805212;Västra Göteborg, Näset, Södra;MED;MED;1;0.10
2018;rd;14805212;Västra Göteborg, Näset, Södra;NMR;NMR;0;0.00
2018;rd;14805212;Västra Göteborg, Näset, Södra;NYREF;NYREF;0;0.00
2018;rd;14805212;Västra Göteborg, Näset, Södra;PP;PP;1;0.10
2018;rd;14805212;Västra Göteborg, Näset, Södra;SKP;SKP;0;0.00
2018;rd;14805212;Västra Göteborg, Näset, Södra;TRP;TRP;0;0.00
2018;rd;14805212;Västra Göteborg, Näset, Södra;ÖVR;ÖVR;0;0.00
2018;rd;14805213;Västra Göteborg, Välen;M;M;276;30.43
2018;rd;14805213;Västra Göteborg, Välen;C;C;71;7.83
2018;rd;14805213;Västra Göteborg, Välen;L;L;127;14.00
2018;rd;14805213;Västra Göteborg, Välen;KD;KD;87;9.59
2018;rd;14805213;Västra Göteborg, Välen;S;S;150;16.54
2018;rd;14805213;Västra Göteborg, Välen;V;V;27;2.98
2018;rd;14805213;Västra Göteborg, Välen;MP;MP;32;3.53
2018;rd;14805213;Västra Göteborg, Välen;SD;SD;132;14.55
2018;rd;14805213;Västra Göteborg, Välen;FI;FI;2;0.22
2018;rd;14805213;Västra Göteborg, Välen;AfS;AFS;1;0.11
2018;rd;14805213;Västra Göteborg, Välen;BASIP;BASIP;1;0.11
2018;rd;14805213;Västra Göteborg, Välen;DD;DD;0;0.00
2018;rd;14805213;Västra Göteborg, Välen;DjuP;DJUP;0;0.00
2018;rd;14805213;Västra Göteborg, Välen;EAP;EAP;0;0.00
2018;rd;14805213;Västra Göteborg, Välen;ENH;ENH;0;0.00
2018;rd;14805213;Västra Göteborg, Välen;INI;INI;0;0.00
2018;rd;14805213;Västra Göteborg, Välen;KLP;KLP;0;0.00
2018;rd;14805213;Västra Göteborg, Välen;KrVP;KRVP;0;0.00
2018;rd;14805213;Västra Göteborg, Välen;LPo;LPO;0;0.00
2018;rd;14805213;Västra Göteborg, Välen;MED;MED;1;0.11
2018;rd;14805213;Västra Göteborg, Välen;NMR;NMR;0;0.00
2018;rd;14805213;Västra Göteborg, Välen;NYREF;NYREF;0;0.00
2018;rd;14805213;Västra Göteborg, Välen;PP;PP;0;0.00
2018;rd;14805213;Västra Göteborg, Välen;SKP;SKP;0;0.00
2018;rd;14805213;Västra Göteborg, Välen;TRP;TRP;0;0.00
2018;rd;14805213;Västra Göteborg, Välen;ÖVR;ÖVR;0;0.00
2018;rd;14805214;Västra Göteborg, Åkered;M;M;361;36.61
2018;rd;14805214;Västra Göteborg, Åkered;C;C;92;9.33
2018;rd;14805214;Västra Göteborg, Åkered;L;L;126;12.78
2018;rd;14805214;Västra Göteborg, Åkered;KD;KD;123;12.47
2018;rd;14805214;Västra Göteborg, Åkered;S;S;108;10.95
2018;rd;14805214;Västra Göteborg, Åkered;V;V;26;2.64
2018;rd;14805214;Västra Göteborg, Åkered;MP;MP;26;2.64
2018;rd;14805214;Västra Göteborg, Åkered;SD;SD;122;12.37
2018;rd;14805214;Västra Göteborg, Åkered;FI;FI;0;0.00
2018;rd;14805214;Västra Göteborg, Åkered;AfS;AFS;2;0.20
2018;rd;14805214;Västra Göteborg, Åkered;BASIP;BASIP;0;0.00
2018;rd;14805214;Västra Göteborg, Åkered;DD;DD;0;0.00
2018;rd;14805214;Västra Göteborg, Åkered;DjuP;DJUP;0;0.00
2018;rd;14805214;Västra Göteborg, Åkered;EAP;EAP;0;0.00
2018;rd;14805214;Västra Göteborg, Åkered;ENH;ENH;0;0.00
2018;rd;14805214;Västra Göteborg, Åkered;INI;INI;0;0.00
2018;rd;14805214;Västra Göteborg, Åkered;KLP;KLP;0;0.00
2018;rd;14805214;Västra Göteborg, Åkered;KrVP;KRVP;0;0.00
2018;rd;14805214;Västra Göteborg, Åkered;LPo;LPO;0;0.00
2018;rd;14805214;Västra Göteborg, Åkered;MED;MED;0;0.00
2018;rd;14805214;Västra Göteborg, Åkered;NMR;NMR;0;0.00
2018;rd;14805214;Västra Göteborg, Åkered;NYREF;NYREF;0;0.00
2018;rd;14805214;Västra Göteborg, Åkered;PP;PP;0;0.00
2018;rd;14805214;Västra Göteborg, Åkered;SKP;SKP;0;0.00
2018;rd;14805214;Västra Göteborg, Åkered;TRP;TRP;0;0.00
2018;rd;14805214;Västra Göteborg, Åkered;ÖVR;ÖVR;0;0.00
2018;rd;14805221;Västra Göteborg, Opaltorget, Norra;M;M;119;11.83
2018;rd;14805221;Västra Göteborg, Opaltorget, Norra;C;C;24;2.39
2018;rd;14805221;Västra Göteborg, Opaltorget, Norra;L;L;64;6.36
2018;rd;14805221;Västra Göteborg, Opaltorget, Norra;KD;KD;55;5.47
2018;rd;14805221;Västra Göteborg, Opaltorget, Norra;S;S;337;33.50
2018;rd;14805221;Västra Göteborg, Opaltorget, Norra;V;V;126;12.52
2018;rd;14805221;Västra Göteborg, Opaltorget, Norra;MP;MP;46;4.57
2018;rd;14805221;Västra Göteborg, Opaltorget, Norra;SD;SD;207;20.58
2018;rd;14805221;Västra Göteborg, Opaltorget, Norra;FI;FI;6;0.60
2018;rd;14805221;Västra Göteborg, Opaltorget, Norra;AfS;AFS;5;0.50
2018;rd;14805221;Västra Göteborg, Opaltorget, Norra;BASIP;BASIP;0;0.00
2018;rd;14805221;Västra Göteborg, Opaltorget, Norra;DD;DD;2;0.20
2018;rd;14805221;Västra Göteborg, Opaltorget, Norra;DjuP;DJUP;4;0.40
2018;rd;14805221;Västra Göteborg, Opaltorget, Norra;EAP;EAP;0;0.00
2018;rd;14805221;Västra Göteborg, Opaltorget, Norra;ENH;ENH;1;0.10
2018;rd;14805221;Västra Göteborg, Opaltorget, Norra;INI;INI;0;0.00
2018;rd;14805221;Västra Göteborg, Opaltorget, Norra;KLP;KLP;2;0.20
2018;rd;14805221;Västra Göteborg, Opaltorget, Norra;KrVP;KRVP;0;0.00
2018;rd;14805221;Västra Göteborg, Opaltorget, Norra;LPo;LPO;0;0.00
2018;rd;14805221;Västra Göteborg, Opaltorget, Norra;MED;MED;2;0.20
2018;rd;14805221;Västra Göteborg, Opaltorget, Norra;NMR;NMR;1;0.10
2018;rd;14805221;Västra Göteborg, Opaltorget, Norra;NYREF;NYREF;0;0.00
2018;rd;14805221;Västra Göteborg, Opaltorget, Norra;PP;PP;2;0.20
2018;rd;14805221;Västra Göteborg, Opaltorget, Norra;SKP;SKP;0;0.00
2018;rd;14805221;Västra Göteborg, Opaltorget, Norra;TRP;TRP;0;0.00
2018;rd;14805221;Västra Göteborg, Opaltorget, Norra;ÖVR;ÖVR;3;0.30
2018;rd;14805222;Västra Göteborg, Opaltorget, Södra;M;M;135;17.65
2018;rd;14805222;Västra Göteborg, Opaltorget, Södra;C;C;33;4.31
2018;rd;14805222;Västra Göteborg, Opaltorget, Södra;L;L;64;8.37
2018;rd;14805222;Västra Göteborg, Opaltorget, Södra;KD;KD;74;9.67
2018;rd;14805222;Västra Göteborg, Opaltorget, Södra;S;S;209;27.32
2018;rd;14805222;Västra Göteborg, Opaltorget, Södra;V;V;90;11.76
2018;rd;14805222;Västra Göteborg, Opaltorget, Södra;MP;MP;28;3.66
2018;rd;14805222;Västra Göteborg, Opaltorget, Södra;SD;SD;112;14.64
2018;rd;14805222;Västra Göteborg, Opaltorget, Södra;FI;FI;6;0.78
2018;rd;14805222;Västra Göteborg, Opaltorget, Södra;AfS;AFS;0;0.00
2018;rd;14805222;Västra Göteborg, Opaltorget, Södra;BASIP;BASIP;0;0.00
2018;rd;14805222;Västra Göteborg, Opaltorget, Södra;DD;DD;2;0.26
2018;rd;14805222;Västra Göteborg, Opaltorget, Södra;DjuP;DJUP;3;0.39
2018;rd;14805222;Västra Göteborg, Opaltorget, Södra;EAP;EAP;0;0.00
2018;rd;14805222;Västra Göteborg, Opaltorget, Södra;ENH;ENH;2;0.26
2018;rd;14805222;Västra Göteborg, Opaltorget, Södra;INI;INI;0;0.00
2018;rd;14805222;Västra Göteborg, Opaltorget, Södra;KLP;KLP;0;0.00
2018;rd;14805222;Västra Göteborg, Opaltorget, Södra;KrVP;KRVP;2;0.26
2018;rd;14805222;Västra Göteborg, Opaltorget, Södra;LPo;LPO;1;0.13
2018;rd;14805222;Västra Göteborg, Opaltorget, Södra;MED;MED;3;0.39
2018;rd;14805222;Västra Göteborg, Opaltorget, Södra;NMR;NMR;0;0.00
2018;rd;14805222;Västra Göteborg, Opaltorget, Södra;NYREF;NYREF;0;0.00
2018;rd;14805222;Västra Göteborg, Opaltorget, Södra;PP;PP;1;0.13
2018;rd;14805222;Västra Göteborg, Opaltorget, Södra;SKP;SKP;0;0.00
2018;rd;14805222;Västra Göteborg, Opaltorget, Södra;TRP;TRP;0;0.00
2018;rd;14805222;Västra Göteborg, Opaltorget, Södra;ÖVR;ÖVR;0;0.00
2018;rd;14805231;Askim-Frölunda-Högsbo, Askim;M;M;341;33.30
2018;rd;14805231;Askim-Frölunda-Högsbo, Askim;C;C;80;7.81
2018;rd;14805231;Askim-Frölunda-Högsbo, Askim;L;L;101;9.86
2018;rd;14805231;Askim-Frölunda-Högsbo, Askim;KD;KD;100;9.77
2018;rd;14805231;Askim-Frölunda-Högsbo, Askim;S;S;143;13.96
2018;rd;14805231;Askim-Frölunda-Högsbo, Askim;V;V;54;5.27
2018;rd;14805231;Askim-Frölunda-Högsbo, Askim;MP;MP;50;4.88
2018;rd;14805231;Askim-Frölunda-Högsbo, Askim;SD;SD;146;14.26
2018;rd;14805231;Askim-Frölunda-Högsbo, Askim;FI;FI;2;0.20
2018;rd;14805231;Askim-Frölunda-Högsbo, Askim;AfS;AFS;1;0.10
2018;rd;14805231;Askim-Frölunda-Högsbo, Askim;BASIP;BASIP;0;0.00
2018;rd;14805231;Askim-Frölunda-Högsbo, Askim;DD;DD;0;0.00
2018;rd;14805231;Askim-Frölunda-Högsbo, Askim;DjuP;DJUP;4;0.39
2018;rd;14805231;Askim-Frölunda-Högsbo, Askim;EAP;EAP;0;0.00
2018;rd;14805231;Askim-Frölunda-Högsbo, Askim;ENH;ENH;1;0.10
2018;rd;14805231;Askim-Frölunda-Högsbo, Askim;INI;INI;0;0.00
2018;rd;14805231;Askim-Frölunda-Högsbo, Askim;KLP;KLP;0;0.00
2018;rd;14805231;Askim-Frölunda-Högsbo, Askim;KrVP;KRVP;0;0.00
2018;rd;14805231;Askim-Frölunda-Högsbo, Askim;LPo;LPO;0;0.00
2018;rd;14805231;Askim-Frölunda-Högsbo, Askim;MED;MED;0;0.00
2018;rd;14805231;Askim-Frölunda-Högsbo, Askim;NMR;NMR;0;0.00
2018;rd;14805231;Askim-Frölunda-Högsbo, Askim;NYREF;NYREF;0;0.00
2018;rd;14805231;Askim-Frölunda-Högsbo, Askim;PP;PP;1;0.10
2018;rd;14805231;Askim-Frölunda-Högsbo, Askim;SKP;SKP;0;0.00
2018;rd;14805231;Askim-Frölunda-Högsbo, Askim;TRP;TRP;0;0.00
2018;rd;14805231;Askim-Frölunda-Högsbo, Askim;ÖVR;ÖVR;0;0.00
2018;rd;14805232;Askim-Frölunda-Högsbo, Hovås, Norra;M;M;336;34.22
2018;rd;14805232;Askim-Frölunda-Högsbo, Hovås, Norra;C;C;95;9.67
2018;rd;14805232;Askim-Frölunda-Högsbo, Hovås, Norra;L;L;112;11.41
2018;rd;14805232;Askim-Frölunda-Högsbo, Hovås, Norra;KD;KD;78;7.94
2018;rd;14805232;Askim-Frölunda-Högsbo, Hovås, Norra;S;S;128;13.03
2018;rd;14805232;Askim-Frölunda-Högsbo, Hovås, Norra;V;V;52;5.30
2018;rd;14805232;Askim-Frölunda-Högsbo, Hovås, Norra;MP;MP;42;4.28
2018;rd;14805232;Askim-Frölunda-Högsbo, Hovås, Norra;SD;SD;130;13.24
2018;rd;14805232;Askim-Frölunda-Högsbo, Hovås, Norra;FI;FI;3;0.31
2018;rd;14805232;Askim-Frölunda-Högsbo, Hovås, Norra;AfS;AFS;1;0.10
2018;rd;14805232;Askim-Frölunda-Högsbo, Hovås, Norra;BASIP;BASIP;0;0.00
2018;rd;14805232;Askim-Frölunda-Högsbo, Hovås, Norra;DD;DD;0;0.00
2018;rd;14805232;Askim-Frölunda-Högsbo, Hovås, Norra;DjuP;DJUP;1;0.10
2018;rd;14805232;Askim-Frölunda-Högsbo, Hovås, Norra;EAP;EAP;0;0.00
2018;rd;14805232;Askim-Frölunda-Högsbo, Hovås, Norra;ENH;ENH;0;0.00
2018;rd;14805232;Askim-Frölunda-Högsbo, Hovås, Norra;INI;INI;0;0.00
2018;rd;14805232;Askim-Frölunda-Högsbo, Hovås, Norra;KLP;KLP;0;0.00
2018;rd;14805232;Askim-Frölunda-Högsbo, Hovås, Norra;KrVP;KRVP;1;0.10
2018;rd;14805232;Askim-Frölunda-Högsbo, Hovås, Norra;LPo;LPO;0;0.00
2018;rd;14805232;Askim-Frölunda-Högsbo, Hovås, Norra;MED;MED;2;0.20
2018;rd;14805232;Askim-Frölunda-Högsbo, Hovås, Norra;NMR;NMR;0;0.00
2018;rd;14805232;Askim-Frölunda-Högsbo, Hovås, Norra;NYREF;NYREF;0;0.00
2018;rd;14805232;Askim-Frölunda-Högsbo, Hovås, Norra;PP;PP;1;0.10
2018;rd;14805232;Askim-Frölunda-Högsbo, Hovås, Norra;SKP;SKP;0;0.00
2018;rd;14805232;Askim-Frölunda-Högsbo, Hovås, Norra;TRP;TRP;0;0.00
2018;rd;14805232;Askim-Frölunda-Högsbo, Hovås, Norra;ÖVR;ÖVR;0;0.00
2018;rd;14805233;Askim-Frölunda-Högsbo, Hult;M;M;371;34.10
2018;rd;14805233;Askim-Frölunda-Högsbo, Hult;C;C;104;9.56
2018;rd;14805233;Askim-Frölunda-Högsbo, Hult;L;L;133;12.22
2018;rd;14805233;Askim-Frölunda-Högsbo, Hult;KD;KD;111;10.20
2018;rd;14805233;Askim-Frölunda-Högsbo, Hult;S;S;146;13.42
2018;rd;14805233;Askim-Frölunda-Högsbo, Hult;V;V;35;3.22
2018;rd;14805233;Askim-Frölunda-Högsbo, Hult;MP;MP;48;4.41
2018;rd;14805233;Askim-Frölunda-Högsbo, Hult;SD;SD;134;12.32
2018;rd;14805233;Askim-Frölunda-Högsbo, Hult;FI;FI;2;0.18
2018;rd;14805233;Askim-Frölunda-Högsbo, Hult;AfS;AFS;1;0.09
2018;rd;14805233;Askim-Frölunda-Högsbo, Hult;BASIP;BASIP;0;0.00
2018;rd;14805233;Askim-Frölunda-Högsbo, Hult;DD;DD;1;0.09
2018;rd;14805233;Askim-Frölunda-Högsbo, Hult;DjuP;DJUP;0;0.00
2018;rd;14805233;Askim-Frölunda-Högsbo, Hult;EAP;EAP;0;0.00
2018;rd;14805233;Askim-Frölunda-Högsbo, Hult;ENH;ENH;0;0.00
2018;rd;14805233;Askim-Frölunda-Högsbo, Hult;INI;INI;0;0.00
2018;rd;14805233;Askim-Frölunda-Högsbo, Hult;KLP;KLP;0;0.00
2018;rd;14805233;Askim-Frölunda-Högsbo, Hult;KrVP;KRVP;0;0.00
2018;rd;14805233;Askim-Frölunda-Högsbo, Hult;LPo;LPO;0;0.00
2018;rd;14805233;Askim-Frölunda-Högsbo, Hult;MED;MED;1;0.09
2018;rd;14805233;Askim-Frölunda-Högsbo, Hult;NMR;NMR;0;0.00
2018;rd;14805233;Askim-Frölunda-Högsbo, Hult;NYREF;NYREF;0;0.00
2018;rd;14805233;Askim-Frölunda-Högsbo, Hult;PP;PP;1;0.09
2018;rd;14805233;Askim-Frölunda-Högsbo, Hult;SKP;SKP;0;0.00
2018;rd;14805233;Askim-Frölunda-Högsbo, Hult;TRP;TRP;0;0.00
2018;rd;14805233;Askim-Frölunda-Högsbo, Hult;ÖVR;ÖVR;0;0.00
2018;rd;14805234;Askim-Frölunda-Högsbo, Pilegården;M;M;175;18.02
2018;rd;14805234;Askim-Frölunda-Högsbo, Pilegården;C;C;49;5.05
2018;rd;14805234;Askim-Frölunda-Högsbo, Pilegården;L;L;48;4.94
2018;rd;14805234;Askim-Frölunda-Högsbo, Pilegården;KD;KD;41;4.22
2018;rd;14805234;Askim-Frölunda-Högsbo, Pilegården;S;S;249;25.64
2018;rd;14805234;Askim-Frölunda-Högsbo, Pilegården;V;V;116;11.95
2018;rd;14805234;Askim-Frölunda-Högsbo, Pilegården;MP;MP;44;4.53
2018;rd;14805234;Askim-Frölunda-Högsbo, Pilegården;SD;SD;226;23.27
2018;rd;14805234;Askim-Frölunda-Högsbo, Pilegården;FI;FI;2;0.21
2018;rd;14805234;Askim-Frölunda-Högsbo, Pilegården;AfS;AFS;4;0.41
2018;rd;14805234;Askim-Frölunda-Högsbo, Pilegården;BASIP;BASIP;1;0.10
2018;rd;14805234;Askim-Frölunda-Högsbo, Pilegården;DD;DD;3;0.31
2018;rd;14805234;Askim-Frölunda-Högsbo, Pilegården;DjuP;DJUP;3;0.31
2018;rd;14805234;Askim-Frölunda-Högsbo, Pilegården;EAP;EAP;0;0.00
2018;rd;14805234;Askim-Frölunda-Högsbo, Pilegården;ENH;ENH;0;0.00
2018;rd;14805234;Askim-Frölunda-Högsbo, Pilegården;INI;INI;0;0.00
2018;rd;14805234;Askim-Frölunda-Högsbo, Pilegården;KLP;KLP;2;0.21
2018;rd;14805234;Askim-Frölunda-Högsbo, Pilegården;KrVP;KRVP;1;0.10
2018;rd;14805234;Askim-Frölunda-Högsbo, Pilegården;LPo;LPO;0;0.00
2018;rd;14805234;Askim-Frölunda-Högsbo, Pilegården;MED;MED;0;0.00
2018;rd;14805234;Askim-Frölunda-Högsbo, Pilegården;NMR;NMR;2;0.21
2018;rd;14805234;Askim-Frölunda-Högsbo, Pilegården;NYREF;NYREF;0;0.00
2018;rd;14805234;Askim-Frölunda-Högsbo, Pilegården;PP;PP;4;0.41
2018;rd;14805234;Askim-Frölunda-Högsbo, Pilegården;SKP;SKP;1;0.10
2018;rd;14805234;Askim-Frölunda-Högsbo, Pilegården;TRP;TRP;0;0.00
2018;rd;14805234;Askim-Frölunda-Högsbo, Pilegården;ÖVR;ÖVR;0;0.00
2018;rd;14805235;Askim-Frölunda-Högsbo, Sisjön, N;M;M;79;34.96
2018;rd;14805235;Askim-Frölunda-Högsbo, Sisjön, N;C;C;18;7.96
2018;rd;14805235;Askim-Frölunda-Högsbo, Sisjön, N;L;L;23;10.18
2018;rd;14805235;Askim-Frölunda-Högsbo, Sisjön, N;KD;KD;11;4.87
2018;rd;14805235;Askim-Frölunda-Högsbo, Sisjön, N;S;S;44;19.47
2018;rd;14805235;Askim-Frölunda-Högsbo, Sisjön, N;V;V;10;4.42
2018;rd;14805235;Askim-Frölunda-Högsbo, Sisjön, N;MP;MP;7;3.10
2018;rd;14805235;Askim-Frölunda-Högsbo, Sisjön, N;SD;SD;31;13.72
2018;rd;14805235;Askim-Frölunda-Högsbo, Sisjön, N;FI;FI;0;0.00
2018;rd;14805235;Askim-Frölunda-Högsbo, Sisjön, N;AfS;AFS;1;0.44
2018;rd;14805235;Askim-Frölunda-Högsbo, Sisjön, N;BASIP;BASIP;0;0.00
2018;rd;14805235;Askim-Frölunda-Högsbo, Sisjön, N;DD;DD;0;0.00
2018;rd;14805235;Askim-Frölunda-Högsbo, Sisjön, N;DjuP;DJUP;1;0.44
2018;rd;14805235;Askim-Frölunda-Högsbo, Sisjön, N;EAP;EAP;0;0.00
2018;rd;14805235;Askim-Frölunda-Högsbo, Sisjön, N;ENH;ENH;0;0.00
2018;rd;14805235;Askim-Frölunda-Högsbo, Sisjön, N;INI;INI;0;0.00
2018;rd;14805235;Askim-Frölunda-Högsbo, Sisjön, N;KLP;KLP;0;0.00
2018;rd;14805235;Askim-Frölunda-Högsbo, Sisjön, N;KrVP;KRVP;0;0.00
2018;rd;14805235;Askim-Frölunda-Högsbo, Sisjön, N;LPo;LPO;0;0.00
2018;rd;14805235;Askim-Frölunda-Högsbo, Sisjön, N;MED;MED;0;0.00
2018;rd;14805235;Askim-Frölunda-Högsbo, Sisjön, N;NMR;NMR;0;0.00
2018;rd;14805235;Askim-Frölunda-Högsbo, Sisjön, N;NYREF;NYREF;0;0.00
2018;rd;14805235;Askim-Frölunda-Högsbo, Sisjön, N;PP;PP;1;0.44
2018;rd;14805235;Askim-Frölunda-Högsbo, Sisjön, N;SKP;SKP;0;0.00
2018;rd;14805235;Askim-Frölunda-Högsbo, Sisjön, N;TRP;TRP;0;0.00
2018;rd;14805235;Askim-Frölunda-Högsbo, Sisjön, N;ÖVR;ÖVR;0;0.00
2018;rd;14805236;Askim-Frölunda-Högsbo, Sisjön, S;M;M;388;35.05
2018;rd;14805236;Askim-Frölunda-Högsbo, Sisjön, S;C;C;126;11.38
2018;rd;14805236;Askim-Frölunda-Högsbo, Sisjön, S;L;L;128;11.56
2018;rd;14805236;Askim-Frölunda-Högsbo, Sisjön, S;KD;KD;109;9.85
2018;rd;14805236;Askim-Frölunda-Högsbo, Sisjön, S;S;S;119;10.75
2018;rd;14805236;Askim-Frölunda-Högsbo, Sisjön, S;V;V;29;2.62
2018;rd;14805236;Askim-Frölunda-Högsbo, Sisjön, S;MP;MP;57;5.15
2018;rd;14805236;Askim-Frölunda-Högsbo, Sisjön, S;SD;SD;139;12.56
2018;rd;14805236;Askim-Frölunda-Högsbo, Sisjön, S;FI;FI;2;0.18
2018;rd;14805236;Askim-Frölunda-Högsbo, Sisjön, S;AfS;AFS;3;0.27
2018;rd;14805236;Askim-Frölunda-Högsbo, Sisjön, S;BASIP;BASIP;0;0.00
2018;rd;14805236;Askim-Frölunda-Högsbo, Sisjön, S;DD;DD;3;0.27
2018;rd;14805236;Askim-Frölunda-Högsbo, Sisjön, S;DjuP;DJUP;0;0.00
2018;rd;14805236;Askim-Frölunda-Högsbo, Sisjön, S;EAP;EAP;0;0.00
2018;rd;14805236;Askim-Frölunda-Högsbo, Sisjön, S;ENH;ENH;0;0.00
2018;rd;14805236;Askim-Frölunda-Högsbo, Sisjön, S;INI;INI;0;0.00
2018;rd;14805236;Askim-Frölunda-Högsbo, Sisjön, S;KLP;KLP;0;0.00
2018;rd;14805236;Askim-Frölunda-Högsbo, Sisjön, S;KrVP;KRVP;0;0.00
2018;rd;14805236;Askim-Frölunda-Högsbo, Sisjön, S;LPo;LPO;0;0.00
2018;rd;14805236;Askim-Frölunda-Högsbo, Sisjön, S;MED;MED;2;0.18
2018;rd;14805236;Askim-Frölunda-Högsbo, Sisjön, S;NMR;NMR;0;0.00
2018;rd;14805236;Askim-Frölunda-Högsbo, Sisjön, S;NYREF;NYREF;0;0.00
2018;rd;14805236;Askim-Frölunda-Högsbo, Sisjön, S;PP;PP;2;0.18
2018;rd;14805236;Askim-Frölunda-Högsbo, Sisjön, S;SKP;SKP;0;0.00
2018;rd;14805236;Askim-Frölunda-Högsbo, Sisjön, S;TRP;TRP;0;0.00
2018;rd;14805236;Askim-Frölunda-Högsbo, Sisjön, S;ÖVR;ÖVR;0;0.00
2018;rd;14805237;Askim-Frölunda-Högsbo, Sisjön, V;M;M;356;28.21
2018;rd;14805237;Askim-Frölunda-Högsbo, Sisjön, V;C;C;89;7.05
2018;rd;14805237;Askim-Frölunda-Högsbo, Sisjön, V;L;L;139;11.01
2018;rd;14805237;Askim-Frölunda-Högsbo, Sisjön, V;KD;KD;86;6.81
2018;rd;14805237;Askim-Frölunda-Högsbo, Sisjön, V;S;S;220;17.43
2018;rd;14805237;Askim-Frölunda-Högsbo, Sisjön, V;V;V;87;6.89
2018;rd;14805237;Askim-Frölunda-Högsbo, Sisjön, V;MP;MP;49;3.88
2018;rd;14805237;Askim-Frölunda-Högsbo, Sisjön, V;SD;SD;218;17.27
2018;rd;14805237;Askim-Frölunda-Högsbo, Sisjön, V;FI;FI;4;0.32
2018;rd;14805237;Askim-Frölunda-Högsbo, Sisjön, V;AfS;AFS;4;0.32
2018;rd;14805237;Askim-Frölunda-Högsbo, Sisjön, V;BASIP;BASIP;0;0.00
2018;rd;14805237;Askim-Frölunda-Högsbo, Sisjön, V;DD;DD;1;0.08
2018;rd;14805237;Askim-Frölunda-Högsbo, Sisjön, V;DjuP;DJUP;0;0.00
2018;rd;14805237;Askim-Frölunda-Högsbo, Sisjön, V;EAP;EAP;0;0.00
2018;rd;14805237;Askim-Frölunda-Högsbo, Sisjön, V;ENH;ENH;0;0.00
2018;rd;14805237;Askim-Frölunda-Högsbo, Sisjön, V;INI;INI;0;0.00
2018;rd;14805237;Askim-Frölunda-Högsbo, Sisjön, V;KLP;KLP;0;0.00
2018;rd;14805237;Askim-Frölunda-Högsbo, Sisjön, V;KrVP;KRVP;3;0.24
2018;rd;14805237;Askim-Frölunda-Högsbo, Sisjön, V;LPo;LPO;0;0.00
2018;rd;14805237;Askim-Frölunda-Högsbo, Sisjön, V;MED;MED;5;0.40
2018;rd;14805237;Askim-Frölunda-Högsbo, Sisjön, V;NMR;NMR;1;0.08
2018;rd;14805237;Askim-Frölunda-Högsbo, Sisjön, V;NYREF;NYREF;0;0.00
2018;rd;14805237;Askim-Frölunda-Högsbo, Sisjön, V;PP;PP;0;0.00
2018;rd;14805237;Askim-Frölunda-Högsbo, Sisjön, V;SKP;SKP;0;0.00
2018;rd;14805237;Askim-Frölunda-Högsbo, Sisjön, V;TRP;TRP;0;0.00
2018;rd;14805237;Askim-Frölunda-Högsbo, Sisjön, V;ÖVR;ÖVR;0;0.00
2018;rd;14805241;Askim-Frölunda-Högsbo, Hovås, Södra;M;M;532;53.68
2018;rd;14805241;Askim-Frölunda-Högsbo, Hovås, Södra;C;C;52;5.25
2018;rd;14805241;Askim-Frölunda-Högsbo, Hovås, Södra;L;L;95;9.59
2018;rd;14805241;Askim-Frölunda-Högsbo, Hovås, Södra;KD;KD;101;10.19
2018;rd;14805241;Askim-Frölunda-Högsbo, Hovås, Södra;S;S;39;3.94
2018;rd;14805241;Askim-Frölunda-Högsbo, Hovås, Södra;V;V;11;1.11
2018;rd;14805241;Askim-Frölunda-Högsbo, Hovås, Södra;MP;MP;12;1.21
2018;rd;14805241;Askim-Frölunda-Högsbo, Hovås, Södra;SD;SD;143;14.43
2018;rd;14805241;Askim-Frölunda-Högsbo, Hovås, Södra;FI;FI;1;0.10
2018;rd;14805241;Askim-Frölunda-Högsbo, Hovås, Södra;AfS;AFS;1;0.10
2018;rd;14805241;Askim-Frölunda-Högsbo, Hovås, Södra;BASIP;BASIP;0;0.00
2018;rd;14805241;Askim-Frölunda-Högsbo, Hovås, Södra;DD;DD;0;0.00
2018;rd;14805241;Askim-Frölunda-Högsbo, Hovås, Södra;DjuP;DJUP;0;0.00
2018;rd;14805241;Askim-Frölunda-Högsbo, Hovås, Södra;EAP;EAP;0;0.00
2018;rd;14805241;Askim-Frölunda-Högsbo, Hovås, Södra;ENH;ENH;0;0.00
2018;rd;14805241;Askim-Frölunda-Högsbo, Hovås, Södra;INI;INI;0;0.00
2018;rd;14805241;Askim-Frölunda-Högsbo, Hovås, Södra;KLP;KLP;0;0.00
2018;rd;14805241;Askim-Frölunda-Högsbo, Hovås, Södra;KrVP;KRVP;0;0.00
2018;rd;14805241;Askim-Frölunda-Högsbo, Hovås, Södra;LPo;LPO;0;0.00
2018;rd;14805241;Askim-Frölunda-Högsbo, Hovås, Södra;MED;MED;4;0.40
2018;rd;14805241;Askim-Frölunda-Högsbo, Hovås, Södra;NMR;NMR;0;0.00
2018;rd;14805241;Askim-Frölunda-Högsbo, Hovås, Södra;NYREF;NYREF;0;0.00
2018;rd;14805241;Askim-Frölunda-Högsbo, Hovås, Södra;PP;PP;0;0.00
2018;rd;14805241;Askim-Frölunda-Högsbo, Hovås, Södra;SKP;SKP;0;0.00
2018;rd;14805241;Askim-Frölunda-Högsbo, Hovås, Södra;TRP;TRP;0;0.00
2018;rd;14805241;Askim-Frölunda-Högsbo, Hovås, Södra;ÖVR;ÖVR;0;0.00
2018;rd;14805242;Askim-Frölunda-Högsbo, Trollåsen;M;M;583;45.87
2018;rd;14805242;Askim-Frölunda-Högsbo, Trollåsen;C;C;126;9.91
2018;rd;14805242;Askim-Frölunda-Högsbo, Trollåsen;L;L;143;11.25
2018;rd;14805242;Askim-Frölunda-Högsbo, Trollåsen;KD;KD;102;8.03
2018;rd;14805242;Askim-Frölunda-Högsbo, Trollåsen;S;S;84;6.61
2018;rd;14805242;Askim-Frölunda-Högsbo, Trollåsen;V;V;24;1.89
2018;rd;14805242;Askim-Frölunda-Högsbo, Trollåsen;MP;MP;39;3.07
2018;rd;14805242;Askim-Frölunda-Högsbo, Trollåsen;SD;SD;162;12.75
2018;rd;14805242;Askim-Frölunda-Högsbo, Trollåsen;FI;FI;2;0.16
2018;rd;14805242;Askim-Frölunda-Högsbo, Trollåsen;AfS;AFS;1;0.08
2018;rd;14805242;Askim-Frölunda-Högsbo, Trollåsen;BASIP;BASIP;0;0.00
2018;rd;14805242;Askim-Frölunda-Högsbo, Trollåsen;DD;DD;1;0.08
2018;rd;14805242;Askim-Frölunda-Högsbo, Trollåsen;DjuP;DJUP;0;0.00
2018;rd;14805242;Askim-Frölunda-Högsbo, Trollåsen;EAP;EAP;0;0.00
2018;rd;14805242;Askim-Frölunda-Högsbo, Trollåsen;ENH;ENH;0;0.00
2018;rd;14805242;Askim-Frölunda-Högsbo, Trollåsen;INI;INI;0;0.00
2018;rd;14805242;Askim-Frölunda-Högsbo, Trollåsen;KLP;KLP;0;0.00
2018;rd;14805242;Askim-Frölunda-Högsbo, Trollåsen;KrVP;KRVP;0;0.00
2018;rd;14805242;Askim-Frölunda-Högsbo, Trollåsen;LPo;LPO;0;0.00
2018;rd;14805242;Askim-Frölunda-Högsbo, Trollåsen;MED;MED;3;0.24
2018;rd;14805242;Askim-Frölunda-Högsbo, Trollåsen;NMR;NMR;0;0.00
2018;rd;14805242;Askim-Frölunda-Högsbo, Trollåsen;NYREF;NYREF;0;0.00
2018;rd;14805242;Askim-Frölunda-Högsbo, Trollåsen;PP;PP;1;0.08
2018;rd;14805242;Askim-Frölunda-Högsbo, Trollåsen;SKP;SKP;0;0.00
2018;rd;14805242;Askim-Frölunda-Högsbo, Trollåsen;TRP;TRP;0;0.00
2018;rd;14805242;Askim-Frölunda-Högsbo, Trollåsen;ÖVR;ÖVR;0;0.00
2018;rd;14805251;Askim-Frölunda-Högsbo, Billdal, N;M;M;430;37.49
2018;rd;14805251;Askim-Frölunda-Högsbo, Billdal, N;C;C;124;10.81
2018;rd;14805251;Askim-Frölunda-Högsbo, Billdal, N;L;L;145;12.64
2018;rd;14805251;Askim-Frölunda-Högsbo, Billdal, N;KD;KD;105;9.15
2018;rd;14805251;Askim-Frölunda-Högsbo, Billdal, N;S;S;91;7.93
2018;rd;14805251;Askim-Frölunda-Högsbo, Billdal, N;V;V;34;2.96
2018;rd;14805251;Askim-Frölunda-Högsbo, Billdal, N;MP;MP;48;4.18
2018;rd;14805251;Askim-Frölunda-Högsbo, Billdal, N;SD;SD;162;14.12
2018;rd;14805251;Askim-Frölunda-Högsbo, Billdal, N;FI;FI;1;0.09
2018;rd;14805251;Askim-Frölunda-Högsbo, Billdal, N;AfS;AFS;0;0.00
2018;rd;14805251;Askim-Frölunda-Högsbo, Billdal, N;BASIP;BASIP;0;0.00
2018;rd;14805251;Askim-Frölunda-Högsbo, Billdal, N;DD;DD;2;0.17
2018;rd;14805251;Askim-Frölunda-Högsbo, Billdal, N;DjuP;DJUP;1;0.09
2018;rd;14805251;Askim-Frölunda-Högsbo, Billdal, N;EAP;EAP;0;0.00
2018;rd;14805251;Askim-Frölunda-Högsbo, Billdal, N;ENH;ENH;1;0.09
2018;rd;14805251;Askim-Frölunda-Högsbo, Billdal, N;INI;INI;1;0.09
2018;rd;14805251;Askim-Frölunda-Högsbo, Billdal, N;KLP;KLP;0;0.00
2018;rd;14805251;Askim-Frölunda-Högsbo, Billdal, N;KrVP;KRVP;2;0.17
2018;rd;14805251;Askim-Frölunda-Högsbo, Billdal, N;LPo;LPO;0;0.00
2018;rd;14805251;Askim-Frölunda-Högsbo, Billdal, N;MED;MED;0;0.00
2018;rd;14805251;Askim-Frölunda-Högsbo, Billdal, N;NMR;NMR;0;0.00
2018;rd;14805251;Askim-Frölunda-Högsbo, Billdal, N;NYREF;NYREF;0;0.00
2018;rd;14805251;Askim-Frölunda-Högsbo, Billdal, N;PP;PP;0;0.00
2018;rd;14805251;Askim-Frölunda-Högsbo, Billdal, N;SKP;SKP;0;0.00
2018;rd;14805251;Askim-Frölunda-Högsbo, Billdal, N;TRP;TRP;0;0.00
2018;rd;14805251;Askim-Frölunda-Högsbo, Billdal, N;ÖVR;ÖVR;0;0.00
2018;rd;14805252;Askim-Frölunda-Högsbo, Billdal, S;M;M;377;39.64
2018;rd;14805252;Askim-Frölunda-Högsbo, Billdal, S;C;C;92;9.67
2018;rd;14805252;Askim-Frölunda-Högsbo, Billdal, S;L;L;126;13.25
2018;rd;14805252;Askim-Frölunda-Högsbo, Billdal, S;KD;KD;100;10.52
2018;rd;14805252;Askim-Frölunda-Högsbo, Billdal, S;S;S;92;9.67
2018;rd;14805252;Askim-Frölunda-Högsbo, Billdal, S;V;V;8;0.84
2018;rd;14805252;Askim-Frölunda-Högsbo, Billdal, S;MP;MP;47;4.94
2018;rd;14805252;Askim-Frölunda-Högsbo, Billdal, S;SD;SD;98;10.30
2018;rd;14805252;Askim-Frölunda-Högsbo, Billdal, S;FI;FI;5;0.53
2018;rd;14805252;Askim-Frölunda-Högsbo, Billdal, S;AfS;AFS;3;0.32
2018;rd;14805252;Askim-Frölunda-Högsbo, Billdal, S;BASIP;BASIP;0;0.00
2018;rd;14805252;Askim-Frölunda-Högsbo, Billdal, S;DD;DD;2;0.21
2018;rd;14805252;Askim-Frölunda-Högsbo, Billdal, S;DjuP;DJUP;0;0.00
2018;rd;14805252;Askim-Frölunda-Högsbo, Billdal, S;EAP;EAP;0;0.00
2018;rd;14805252;Askim-Frölunda-Högsbo, Billdal, S;ENH;ENH;0;0.00
2018;rd;14805252;Askim-Frölunda-Högsbo, Billdal, S;INI;INI;0;0.00
2018;rd;14805252;Askim-Frölunda-Högsbo, Billdal, S;KLP;KLP;1;0.11
2018;rd;14805252;Askim-Frölunda-Högsbo, Billdal, S;KrVP;KRVP;0;0.00
2018;rd;14805252;Askim-Frölunda-Högsbo, Billdal, S;LPo;LPO;0;0.00
2018;rd;14805252;Askim-Frölunda-Högsbo, Billdal, S;MED;MED;0;0.00
2018;rd;14805252;Askim-Frölunda-Högsbo, Billdal, S;NMR;NMR;0;0.00
2018;rd;14805252;Askim-Frölunda-Högsbo, Billdal, S;NYREF;NYREF;0;0.00
2018;rd;14805252;Askim-Frölunda-Högsbo, Billdal, S;PP;PP;0;0.00
2018;rd;14805252;Askim-Frölunda-Högsbo, Billdal, S;SKP;SKP;0;0.00
2018;rd;14805252;Askim-Frölunda-Högsbo, Billdal, S;TRP;TRP;0;0.00
2018;rd;14805252;Askim-Frölunda-Högsbo, Billdal, S;ÖVR;ÖVR;0;0.00
2018;rd;14805253;Askim-Frölunda-Högsbo, Brottkärr;M;M;526;47.69
2018;rd;14805253;Askim-Frölunda-Högsbo, Brottkärr;C;C;110;9.97
2018;rd;14805253;Askim-Frölunda-Högsbo, Brottkärr;L;L;127;11.51
2018;rd;14805253;Askim-Frölunda-Högsbo, Brottkärr;KD;KD;97;8.79
2018;rd;14805253;Askim-Frölunda-Högsbo, Brottkärr;S;S;60;5.44
2018;rd;14805253;Askim-Frölunda-Högsbo, Brottkärr;V;V;16;1.45
2018;rd;14805253;Askim-Frölunda-Högsbo, Brottkärr;MP;MP;27;2.45
2018;rd;14805253;Askim-Frölunda-Högsbo, Brottkärr;SD;SD;130;11.79
2018;rd;14805253;Askim-Frölunda-Högsbo, Brottkärr;FI;FI;3;0.27
2018;rd;14805253;Askim-Frölunda-Högsbo, Brottkärr;AfS;AFS;1;0.09
2018;rd;14805253;Askim-Frölunda-Högsbo, Brottkärr;BASIP;BASIP;0;0.00
2018;rd;14805253;Askim-Frölunda-Högsbo, Brottkärr;DD;DD;0;0.00
2018;rd;14805253;Askim-Frölunda-Högsbo, Brottkärr;DjuP;DJUP;0;0.00
2018;rd;14805253;Askim-Frölunda-Högsbo, Brottkärr;EAP;EAP;0;0.00
2018;rd;14805253;Askim-Frölunda-Högsbo, Brottkärr;ENH;ENH;0;0.00
2018;rd;14805253;Askim-Frölunda-Högsbo, Brottkärr;INI;INI;0;0.00
2018;rd;14805253;Askim-Frölunda-Högsbo, Brottkärr;KLP;KLP;1;0.09
2018;rd;14805253;Askim-Frölunda-Högsbo, Brottkärr;KrVP;KRVP;0;0.00
2018;rd;14805253;Askim-Frölunda-Högsbo, Brottkärr;LPo;LPO;0;0.00
2018;rd;14805253;Askim-Frölunda-Högsbo, Brottkärr;MED;MED;3;0.27
2018;rd;14805253;Askim-Frölunda-Högsbo, Brottkärr;NMR;NMR;1;0.09
2018;rd;14805253;Askim-Frölunda-Högsbo, Brottkärr;NYREF;NYREF;0;0.00
2018;rd;14805253;Askim-Frölunda-Högsbo, Brottkärr;PP;PP;1;0.09
2018;rd;14805253;Askim-Frölunda-Högsbo, Brottkärr;SKP;SKP;0;0.00
2018;rd;14805253;Askim-Frölunda-Högsbo, Brottkärr;TRP;TRP;0;0.00
2018;rd;14805253;Askim-Frölunda-Högsbo, Brottkärr;ÖVR;ÖVR;0;0.00
2018;rd;14805254;Askim-Frölunda-Högsbo, Lindås;M;M;396;35.42
2018;rd;14805254;Askim-Frölunda-Högsbo, Lindås;C;C;139;12.43
2018;rd;14805254;Askim-Frölunda-Högsbo, Lindås;L;L;130;11.63
2018;rd;14805254;Askim-Frölunda-Högsbo, Lindås;KD;KD;119;10.64
2018;rd;14805254;Askim-Frölunda-Högsbo, Lindås;S;S;109;9.75
2018;rd;14805254;Askim-Frölunda-Högsbo, Lindås;V;V;19;1.70
2018;rd;14805254;Askim-Frölunda-Högsbo, Lindås;MP;MP;50;4.47
2018;rd;14805254;Askim-Frölunda-Högsbo, Lindås;SD;SD;151;13.51
2018;rd;14805254;Askim-Frölunda-Högsbo, Lindås;FI;FI;3;0.27
2018;rd;14805254;Askim-Frölunda-Högsbo, Lindås;AfS;AFS;0;0.00
2018;rd;14805254;Askim-Frölunda-Högsbo, Lindås;BASIP;BASIP;0;0.00
2018;rd;14805254;Askim-Frölunda-Högsbo, Lindås;DD;DD;0;0.00
2018;rd;14805254;Askim-Frölunda-Högsbo, Lindås;DjuP;DJUP;0;0.00
2018;rd;14805254;Askim-Frölunda-Högsbo, Lindås;EAP;EAP;0;0.00
2018;rd;14805254;Askim-Frölunda-Högsbo, Lindås;ENH;ENH;0;0.00
2018;rd;14805254;Askim-Frölunda-Högsbo, Lindås;INI;INI;0;0.00
2018;rd;14805254;Askim-Frölunda-Högsbo, Lindås;KLP;KLP;0;0.00
2018;rd;14805254;Askim-Frölunda-Högsbo, Lindås;KrVP;KRVP;0;0.00
2018;rd;14805254;Askim-Frölunda-Högsbo, Lindås;LPo;LPO;0;0.00
2018;rd;14805254;Askim-Frölunda-Högsbo, Lindås;MED;MED;1;0.09
2018;rd;14805254;Askim-Frölunda-Högsbo, Lindås;NMR;NMR;1;0.09
2018;rd;14805254;Askim-Frölunda-Högsbo, Lindås;NYREF;NYREF;0;0.00
2018;rd;14805254;Askim-Frölunda-Högsbo, Lindås;PP;PP;0;0.00
2018;rd;14805254;Askim-Frölunda-Högsbo, Lindås;SKP;SKP;0;0.00
2018;rd;14805254;Askim-Frölunda-Högsbo, Lindås;TRP;TRP;0;0.00
2018;rd;14805254;Askim-Frölunda-Högsbo, Lindås;ÖVR;ÖVR;0;0.00
2018;rd;14805255;Askim-Frölunda-Högsbo, Lyckhem;M;M;453;39.60
2018;rd;14805255;Askim-Frölunda-Högsbo, Lyckhem;C;C;100;8.74
2018;rd;14805255;Askim-Frölunda-Högsbo, Lyckhem;L;L;143;12.50
2018;rd;14805255;Askim-Frölunda-Högsbo, Lyckhem;KD;KD;93;8.13
2018;rd;14805255;Askim-Frölunda-Högsbo, Lyckhem;S;S;117;10.23
2018;rd;14805255;Askim-Frölunda-Högsbo, Lyckhem;V;V;38;3.32
2018;rd;14805255;Askim-Frölunda-Högsbo, Lyckhem;MP;MP;41;3.58
2018;rd;14805255;Askim-Frölunda-Högsbo, Lyckhem;SD;SD;151;13.20
2018;rd;14805255;Askim-Frölunda-Högsbo, Lyckhem;FI;FI;1;0.09
2018;rd;14805255;Askim-Frölunda-Högsbo, Lyckhem;AfS;AFS;4;0.35
2018;rd;14805255;Askim-Frölunda-Högsbo, Lyckhem;BASIP;BASIP;0;0.00
2018;rd;14805255;Askim-Frölunda-Högsbo, Lyckhem;DD;DD;0;0.00
2018;rd;14805255;Askim-Frölunda-Högsbo, Lyckhem;DjuP;DJUP;0;0.00
2018;rd;14805255;Askim-Frölunda-Högsbo, Lyckhem;EAP;EAP;0;0.00
2018;rd;14805255;Askim-Frölunda-Högsbo, Lyckhem;ENH;ENH;0;0.00
2018;rd;14805255;Askim-Frölunda-Högsbo, Lyckhem;INI;INI;1;0.09
2018;rd;14805255;Askim-Frölunda-Högsbo, Lyckhem;KLP;KLP;1;0.09
2018;rd;14805255;Askim-Frölunda-Högsbo, Lyckhem;KrVP;KRVP;1;0.09
2018;rd;14805255;Askim-Frölunda-Högsbo, Lyckhem;LPo;LPO;0;0.00
2018;rd;14805255;Askim-Frölunda-Högsbo, Lyckhem;MED;MED;0;0.00
2018;rd;14805255;Askim-Frölunda-Högsbo, Lyckhem;NMR;NMR;0;0.00
2018;rd;14805255;Askim-Frölunda-Högsbo, Lyckhem;NYREF;NYREF;0;0.00
2018;rd;14805255;Askim-Frölunda-Högsbo, Lyckhem;PP;PP;0;0.00
2018;rd;14805255;Askim-Frölunda-Högsbo, Lyckhem;SKP;SKP;0;0.00
2018;rd;14805255;Askim-Frölunda-Högsbo, Lyckhem;TRP;TRP;0;0.00
2018;rd;14805255;Askim-Frölunda-Högsbo, Lyckhem;ÖVR;ÖVR;0;0.00
2018;rd;14805256;Askim-Frölunda-Högsbo, Nygård;M;M;394;35.12
2018;rd;14805256;Askim-Frölunda-Högsbo, Nygård;C;C;112;9.98
2018;rd;14805256;Askim-Frölunda-Högsbo, Nygård;L;L;132;11.76
2018;rd;14805256;Askim-Frölunda-Högsbo, Nygård;KD;KD;115;10.25
2018;rd;14805256;Askim-Frölunda-Högsbo, Nygård;S;S;125;11.14
2018;rd;14805256;Askim-Frölunda-Högsbo, Nygård;V;V;26;2.32
2018;rd;14805256;Askim-Frölunda-Högsbo, Nygård;MP;MP;57;5.08
2018;rd;14805256;Askim-Frölunda-Högsbo, Nygård;SD;SD;152;13.55
2018;rd;14805256;Askim-Frölunda-Högsbo, Nygård;FI;FI;1;0.09
2018;rd;14805256;Askim-Frölunda-Högsbo, Nygård;AfS;AFS;2;0.18
2018;rd;14805256;Askim-Frölunda-Högsbo, Nygård;BASIP;BASIP;0;0.00
2018;rd;14805256;Askim-Frölunda-Högsbo, Nygård;DD;DD;0;0.00
2018;rd;14805256;Askim-Frölunda-Högsbo, Nygård;DjuP;DJUP;0;0.00
2018;rd;14805256;Askim-Frölunda-Högsbo, Nygård;EAP;EAP;0;0.00
2018;rd;14805256;Askim-Frölunda-Högsbo, Nygård;ENH;ENH;1;0.09
2018;rd;14805256;Askim-Frölunda-Högsbo, Nygård;INI;INI;0;0.00
2018;rd;14805256;Askim-Frölunda-Högsbo, Nygård;KLP;KLP;0;0.00
2018;rd;14805256;Askim-Frölunda-Högsbo, Nygård;KrVP;KRVP;2;0.18
2018;rd;14805256;Askim-Frölunda-Högsbo, Nygård;LPo;LPO;0;0.00
2018;rd;14805256;Askim-Frölunda-Högsbo, Nygård;MED;MED;3;0.27
2018;rd;14805256;Askim-Frölunda-Högsbo, Nygård;NMR;NMR;0;0.00
2018;rd;14805256;Askim-Frölunda-Högsbo, Nygård;NYREF;NYREF;0;0.00
2018;rd;14805256;Askim-Frölunda-Högsbo, Nygård;PP;PP;0;0.00
2018;rd;14805256;Askim-Frölunda-Högsbo, Nygård;SKP;SKP;0;0.00
2018;rd;14805256;Askim-Frölunda-Högsbo, Nygård;TRP;TRP;0;0.00
2018;rd;14805256;Askim-Frölunda-Högsbo, Nygård;ÖVR;ÖVR;0;0.00
2018;rd;14805257;Askim-Frölunda-Högsbo, Skintebo;M;M;361;32.38
2018;rd;14805257;Askim-Frölunda-Högsbo, Skintebo;C;C;117;10.49
2018;rd;14805257;Askim-Frölunda-Högsbo, Skintebo;L;L;129;11.57
2018;rd;14805257;Askim-Frölunda-Högsbo, Skintebo;KD;KD;66;5.92
2018;rd;14805257;Askim-Frölunda-Högsbo, Skintebo;S;S;176;15.78
2018;rd;14805257;Askim-Frölunda-Högsbo, Skintebo;V;V;50;4.48
2018;rd;14805257;Askim-Frölunda-Högsbo, Skintebo;MP;MP;69;6.19
2018;rd;14805257;Askim-Frölunda-Högsbo, Skintebo;SD;SD;133;11.93
2018;rd;14805257;Askim-Frölunda-Högsbo, Skintebo;FI;FI;2;0.18
2018;rd;14805257;Askim-Frölunda-Högsbo, Skintebo;AfS;AFS;3;0.27
2018;rd;14805257;Askim-Frölunda-Högsbo, Skintebo;BASIP;BASIP;0;0.00
2018;rd;14805257;Askim-Frölunda-Högsbo, Skintebo;DD;DD;0;0.00
2018;rd;14805257;Askim-Frölunda-Högsbo, Skintebo;DjuP;DJUP;1;0.09
2018;rd;14805257;Askim-Frölunda-Högsbo, Skintebo;EAP;EAP;0;0.00
2018;rd;14805257;Askim-Frölunda-Högsbo, Skintebo;ENH;ENH;0;0.00
2018;rd;14805257;Askim-Frölunda-Högsbo, Skintebo;INI;INI;1;0.09
2018;rd;14805257;Askim-Frölunda-Högsbo, Skintebo;KLP;KLP;1;0.09
2018;rd;14805257;Askim-Frölunda-Högsbo, Skintebo;KrVP;KRVP;0;0.00
2018;rd;14805257;Askim-Frölunda-Högsbo, Skintebo;LPo;LPO;0;0.00
2018;rd;14805257;Askim-Frölunda-Högsbo, Skintebo;MED;MED;3;0.27
2018;rd;14805257;Askim-Frölunda-Högsbo, Skintebo;NMR;NMR;1;0.09
2018;rd;14805257;Askim-Frölunda-Högsbo, Skintebo;NYREF;NYREF;0;0.00
2018;rd;14805257;Askim-Frölunda-Högsbo, Skintebo;PP;PP;2;0.18
2018;rd;14805257;Askim-Frölunda-Högsbo, Skintebo;SKP;SKP;0;0.00
2018;rd;14805257;Askim-Frölunda-Högsbo, Skintebo;TRP;TRP;0;0.00
2018;rd;14805257;Askim-Frölunda-Högsbo, Skintebo;ÖVR;ÖVR;0;0.00
2018;rd;14805258;Askim-Frölunda-Högsbo, Uggleberget;M;M;192;47.17
2018;rd;14805258;Askim-Frölunda-Högsbo, Uggleberget;C;C;28;6.88
2018;rd;14805258;Askim-Frölunda-Högsbo, Uggleberget;L;L;36;8.85
2018;rd;14805258;Askim-Frölunda-Högsbo, Uggleberget;KD;KD;37;9.09
2018;rd;14805258;Askim-Frölunda-Högsbo, Uggleberget;S;S;28;6.88
2018;rd;14805258;Askim-Frölunda-Högsbo, Uggleberget;V;V;13;3.19
2018;rd;14805258;Askim-Frölunda-Högsbo, Uggleberget;MP;MP;13;3.19
2018;rd;14805258;Askim-Frölunda-Högsbo, Uggleberget;SD;SD;53;13.02
2018;rd;14805258;Askim-Frölunda-Högsbo, Uggleberget;FI;FI;5;1.23
2018;rd;14805258;Askim-Frölunda-Högsbo, Uggleberget;AfS;AFS;1;0.25
2018;rd;14805258;Askim-Frölunda-Högsbo, Uggleberget;BASIP;BASIP;0;0.00
2018;rd;14805258;Askim-Frölunda-Högsbo, Uggleberget;DD;DD;0;0.00
2018;rd;14805258;Askim-Frölunda-Högsbo, Uggleberget;DjuP;DJUP;0;0.00
2018;rd;14805258;Askim-Frölunda-Högsbo, Uggleberget;EAP;EAP;0;0.00
2018;rd;14805258;Askim-Frölunda-Högsbo, Uggleberget;ENH;ENH;0;0.00
2018;rd;14805258;Askim-Frölunda-Högsbo, Uggleberget;INI;INI;0;0.00
2018;rd;14805258;Askim-Frölunda-Högsbo, Uggleberget;KLP;KLP;0;0.00
2018;rd;14805258;Askim-Frölunda-Högsbo, Uggleberget;KrVP;KRVP;0;0.00
2018;rd;14805258;Askim-Frölunda-Högsbo, Uggleberget;LPo;LPO;0;0.00
2018;rd;14805258;Askim-Frölunda-Högsbo, Uggleberget;MED;MED;0;0.00
2018;rd;14805258;Askim-Frölunda-Högsbo, Uggleberget;NMR;NMR;0;0.00
2018;rd;14805258;Askim-Frölunda-Högsbo, Uggleberget;NYREF;NYREF;0;0.00
2018;rd;14805258;Askim-Frölunda-Högsbo, Uggleberget;PP;PP;1;0.25
2018;rd;14805258;Askim-Frölunda-Högsbo, Uggleberget;SKP;SKP;0;0.00
2018;rd;14805258;Askim-Frölunda-Högsbo, Uggleberget;TRP;TRP;0;0.00
2018;rd;14805258;Askim-Frölunda-Högsbo, Uggleberget;ÖVR;ÖVR;0;0.00
2018;rd;14806011;Angered, Lövgärdet, Nedre;M;M;92;8.53
2018;rd;14806011;Angered, Lövgärdet, Nedre;C;C;19;1.76
2018;rd;14806011;Angered, Lövgärdet, Nedre;L;L;28;2.59
2018;rd;14806011;Angered, Lövgärdet, Nedre;KD;KD;28;2.59
2018;rd;14806011;Angered, Lövgärdet, Nedre;S;S;538;49.86
2018;rd;14806011;Angered, Lövgärdet, Nedre;V;V;179;16.59
2018;rd;14806011;Angered, Lövgärdet, Nedre;MP;MP;36;3.34
2018;rd;14806011;Angered, Lövgärdet, Nedre;SD;SD;149;13.81
2018;rd;14806011;Angered, Lövgärdet, Nedre;FI;FI;2;0.19
2018;rd;14806011;Angered, Lövgärdet, Nedre;AfS;AFS;4;0.37
2018;rd;14806011;Angered, Lövgärdet, Nedre;BASIP;BASIP;0;0.00
2018;rd;14806011;Angered, Lövgärdet, Nedre;DD;DD;1;0.09
2018;rd;14806011;Angered, Lövgärdet, Nedre;DjuP;DJUP;1;0.09
2018;rd;14806011;Angered, Lövgärdet, Nedre;EAP;EAP;0;0.00
2018;rd;14806011;Angered, Lövgärdet, Nedre;ENH;ENH;0;0.00
2018;rd;14806011;Angered, Lövgärdet, Nedre;INI;INI;1;0.09
2018;rd;14806011;Angered, Lövgärdet, Nedre;KLP;KLP;0;0.00
2018;rd;14806011;Angered, Lövgärdet, Nedre;KrVP;KRVP;0;0.00
2018;rd;14806011;Angered, Lövgärdet, Nedre;LPo;LPO;0;0.00
2018;rd;14806011;Angered, Lövgärdet, Nedre;MED;MED;0;0.00
2018;rd;14806011;Angered, Lövgärdet, Nedre;NMR;NMR;1;0.09
2018;rd;14806011;Angered, Lövgärdet, Nedre;NYREF;NYREF;0;0.00
2018;rd;14806011;Angered, Lövgärdet, Nedre;PP;PP;0;0.00
2018;rd;14806011;Angered, Lövgärdet, Nedre;SKP;SKP;0;0.00
2018;rd;14806011;Angered, Lövgärdet, Nedre;TRP;TRP;0;0.00
2018;rd;14806011;Angered, Lövgärdet, Nedre;ÖVR;ÖVR;0;0.00
2018;rd;14806012;Angered, Lövgärdet, Övre;M;M;44;4.76
2018;rd;14806012;Angered, Lövgärdet, Övre;C;C;15;1.62
2018;rd;14806012;Angered, Lövgärdet, Övre;L;L;13;1.41
2018;rd;14806012;Angered, Lövgärdet, Övre;KD;KD;12;1.30
2018;rd;14806012;Angered, Lövgärdet, Övre;S;S;527;57.03
2018;rd;14806012;Angered, Lövgärdet, Övre;V;V;134;14.50
2018;rd;14806012;Angered, Lövgärdet, Övre;MP;MP;58;6.28
2018;rd;14806012;Angered, Lövgärdet, Övre;SD;SD;114;12.34
2018;rd;14806012;Angered, Lövgärdet, Övre;FI;FI;3;0.32
2018;rd;14806012;Angered, Lövgärdet, Övre;AfS;AFS;0;0.00
2018;rd;14806012;Angered, Lövgärdet, Övre;BASIP;BASIP;0;0.00
2018;rd;14806012;Angered, Lövgärdet, Övre;DD;DD;0;0.00
2018;rd;14806012;Angered, Lövgärdet, Övre;DjuP;DJUP;0;0.00
2018;rd;14806012;Angered, Lövgärdet, Övre;EAP;EAP;0;0.00
2018;rd;14806012;Angered, Lövgärdet, Övre;ENH;ENH;0;0.00
2018;rd;14806012;Angered, Lövgärdet, Övre;INI;INI;0;0.00
2018;rd;14806012;Angered, Lövgärdet, Övre;KLP;KLP;0;0.00
2018;rd;14806012;Angered, Lövgärdet, Övre;KrVP;KRVP;0;0.00
2018;rd;14806012;Angered, Lövgärdet, Övre;LPo;LPO;0;0.00
2018;rd;14806012;Angered, Lövgärdet, Övre;MED;MED;2;0.22
2018;rd;14806012;Angered, Lövgärdet, Övre;NMR;NMR;0;0.00
2018;rd;14806012;Angered, Lövgärdet, Övre;NYREF;NYREF;0;0.00
2018;rd;14806012;Angered, Lövgärdet, Övre;PP;PP;2;0.22
2018;rd;14806012;Angered, Lövgärdet, Övre;SKP;SKP;0;0.00
2018;rd;14806012;Angered, Lövgärdet, Övre;TRP;TRP;0;0.00
2018;rd;14806012;Angered, Lövgärdet, Övre;ÖVR;ÖVR;0;0.00
2018;rd;14806013;Angered, Lövgärdets Centrum;M;M;36;5.27
2018;rd;14806013;Angered, Lövgärdets Centrum;C;C;15;2.20
2018;rd;14806013;Angered, Lövgärdets Centrum;L;L;14;2.05
2018;rd;14806013;Angered, Lövgärdets Centrum;KD;KD;14;2.05
2018;rd;14806013;Angered, Lövgärdets Centrum;S;S;365;53.44
2018;rd;14806013;Angered, Lövgärdets Centrum;V;V;111;16.25
2018;rd;14806013;Angered, Lövgärdets Centrum;MP;MP;20;2.93
2018;rd;14806013;Angered, Lövgärdets Centrum;SD;SD;103;15.08
2018;rd;14806013;Angered, Lövgärdets Centrum;FI;FI;2;0.29
2018;rd;14806013;Angered, Lövgärdets Centrum;AfS;AFS;1;0.15
2018;rd;14806013;Angered, Lövgärdets Centrum;BASIP;BASIP;0;0.00
2018;rd;14806013;Angered, Lövgärdets Centrum;DD;DD;0;0.00
2018;rd;14806013;Angered, Lövgärdets Centrum;DjuP;DJUP;0;0.00
2018;rd;14806013;Angered, Lövgärdets Centrum;EAP;EAP;0;0.00
2018;rd;14806013;Angered, Lövgärdets Centrum;ENH;ENH;0;0.00
2018;rd;14806013;Angered, Lövgärdets Centrum;INI;INI;0;0.00
2018;rd;14806013;Angered, Lövgärdets Centrum;KLP;KLP;0;0.00
2018;rd;14806013;Angered, Lövgärdets Centrum;KrVP;KRVP;1;0.15
2018;rd;14806013;Angered, Lövgärdets Centrum;LPo;LPO;0;0.00
2018;rd;14806013;Angered, Lövgärdets Centrum;MED;MED;1;0.15
2018;rd;14806013;Angered, Lövgärdets Centrum;NMR;NMR;0;0.00
2018;rd;14806013;Angered, Lövgärdets Centrum;NYREF;NYREF;0;0.00
2018;rd;14806013;Angered, Lövgärdets Centrum;PP;PP;0;0.00
2018;rd;14806013;Angered, Lövgärdets Centrum;SKP;SKP;0;0.00
2018;rd;14806013;Angered, Lövgärdets Centrum;TRP;TRP;0;0.00
2018;rd;14806013;Angered, Lövgärdets Centrum;ÖVR;ÖVR;0;0.00
2018;rd;14806021;Angered, Rannebergen, Norra;M;M;120;10.80
2018;rd;14806021;Angered, Rannebergen, Norra;C;C;42;3.78
2018;rd;14806021;Angered, Rannebergen, Norra;L;L;36;3.24
2018;rd;14806021;Angered, Rannebergen, Norra;KD;KD;49;4.41
2018;rd;14806021;Angered, Rannebergen, Norra;S;S;421;37.89
2018;rd;14806021;Angered, Rannebergen, Norra;V;V;180;16.20
2018;rd;14806021;Angered, Rannebergen, Norra;MP;MP;60;5.40
2018;rd;14806021;Angered, Rannebergen, Norra;SD;SD;185;16.65
2018;rd;14806021;Angered, Rannebergen, Norra;FI;FI;5;0.45
2018;rd;14806021;Angered, Rannebergen, Norra;AfS;AFS;3;0.27
2018;rd;14806021;Angered, Rannebergen, Norra;BASIP;BASIP;0;0.00
2018;rd;14806021;Angered, Rannebergen, Norra;DD;DD;0;0.00
2018;rd;14806021;Angered, Rannebergen, Norra;DjuP;DJUP;2;0.18
2018;rd;14806021;Angered, Rannebergen, Norra;EAP;EAP;0;0.00
2018;rd;14806021;Angered, Rannebergen, Norra;ENH;ENH;0;0.00
2018;rd;14806021;Angered, Rannebergen, Norra;INI;INI;0;0.00
2018;rd;14806021;Angered, Rannebergen, Norra;KLP;KLP;0;0.00
2018;rd;14806021;Angered, Rannebergen, Norra;KrVP;KRVP;3;0.27
2018;rd;14806021;Angered, Rannebergen, Norra;LPo;LPO;1;0.09
2018;rd;14806021;Angered, Rannebergen, Norra;MED;MED;2;0.18
2018;rd;14806021;Angered, Rannebergen, Norra;NMR;NMR;1;0.09
2018;rd;14806021;Angered, Rannebergen, Norra;NYREF;NYREF;0;0.00
2018;rd;14806021;Angered, Rannebergen, Norra;PP;PP;1;0.09
2018;rd;14806021;Angered, Rannebergen, Norra;SKP;SKP;0;0.00
2018;rd;14806021;Angered, Rannebergen, Norra;TRP;TRP;0;0.00
2018;rd;14806021;Angered, Rannebergen, Norra;ÖVR;ÖVR;0;0.00
2018;rd;14806022;Angered, Rannebergen, Södra;M;M;39;4.12
2018;rd;14806022;Angered, Rannebergen, Södra;C;C;14;1.48
2018;rd;14806022;Angered, Rannebergen, Södra;L;L;19;2.01
2018;rd;14806022;Angered, Rannebergen, Södra;KD;KD;18;1.90
2018;rd;14806022;Angered, Rannebergen, Södra;S;S;410;43.34
2018;rd;14806022;Angered, Rannebergen, Södra;V;V;143;15.12
2018;rd;14806022;Angered, Rannebergen, Södra;MP;MP;97;10.25
2018;rd;14806022;Angered, Rannebergen, Södra;SD;SD;192;20.30
2018;rd;14806022;Angered, Rannebergen, Södra;FI;FI;3;0.32
2018;rd;14806022;Angered, Rannebergen, Södra;AfS;AFS;2;0.21
2018;rd;14806022;Angered, Rannebergen, Södra;BASIP;BASIP;0;0.00
2018;rd;14806022;Angered, Rannebergen, Södra;DD;DD;2;0.21
2018;rd;14806022;Angered, Rannebergen, Södra;DjuP;DJUP;2;0.21
2018;rd;14806022;Angered, Rannebergen, Södra;EAP;EAP;0;0.00
2018;rd;14806022;Angered, Rannebergen, Södra;ENH;ENH;0;0.00
2018;rd;14806022;Angered, Rannebergen, Södra;INI;INI;0;0.00
2018;rd;14806022;Angered, Rannebergen, Södra;KLP;KLP;0;0.00
2018;rd;14806022;Angered, Rannebergen, Södra;KrVP;KRVP;1;0.11
2018;rd;14806022;Angered, Rannebergen, Södra;LPo;LPO;0;0.00
2018;rd;14806022;Angered, Rannebergen, Södra;MED;MED;3;0.32
2018;rd;14806022;Angered, Rannebergen, Södra;NMR;NMR;0;0.00
2018;rd;14806022;Angered, Rannebergen, Södra;NYREF;NYREF;0;0.00
2018;rd;14806022;Angered, Rannebergen, Södra;PP;PP;0;0.00
2018;rd;14806022;Angered, Rannebergen, Södra;SKP;SKP;1;0.11
2018;rd;14806022;Angered, Rannebergen, Södra;TRP;TRP;0;0.00
2018;rd;14806022;Angered, Rannebergen, Södra;ÖVR;ÖVR;0;0.00
2018;rd;14806031;Angered, Gårdsten, Norra;M;M;28;4.95
2018;rd;14806031;Angered, Gårdsten, Norra;C;C;13;2.30
2018;rd;14806031;Angered, Gårdsten, Norra;L;L;11;1.94
2018;rd;14806031;Angered, Gårdsten, Norra;KD;KD;4;0.71
2018;rd;14806031;Angered, Gårdsten, Norra;S;S;323;57.07
2018;rd;14806031;Angered, Gårdsten, Norra;V;V;86;15.19
2018;rd;14806031;Angered, Gårdsten, Norra;MP;MP;32;5.65
2018;rd;14806031;Angered, Gårdsten, Norra;SD;SD;63;11.13
2018;rd;14806031;Angered, Gårdsten, Norra;FI;FI;0;0.00
2018;rd;14806031;Angered, Gårdsten, Norra;AfS;AFS;1;0.18
2018;rd;14806031;Angered, Gårdsten, Norra;BASIP;BASIP;0;0.00
2018;rd;14806031;Angered, Gårdsten, Norra;DD;DD;1;0.18
2018;rd;14806031;Angered, Gårdsten, Norra;DjuP;DJUP;2;0.35
2018;rd;14806031;Angered, Gårdsten, Norra;EAP;EAP;0;0.00
2018;rd;14806031;Angered, Gårdsten, Norra;ENH;ENH;0;0.00
2018;rd;14806031;Angered, Gårdsten, Norra;INI;INI;0;0.00
2018;rd;14806031;Angered, Gårdsten, Norra;KLP;KLP;0;0.00
2018;rd;14806031;Angered, Gårdsten, Norra;KrVP;KRVP;1;0.18
2018;rd;14806031;Angered, Gårdsten, Norra;LPo;LPO;0;0.00
2018;rd;14806031;Angered, Gårdsten, Norra;MED;MED;1;0.18
2018;rd;14806031;Angered, Gårdsten, Norra;NMR;NMR;0;0.00
2018;rd;14806031;Angered, Gårdsten, Norra;NYREF;NYREF;0;0.00
2018;rd;14806031;Angered, Gårdsten, Norra;PP;PP;0;0.00
2018;rd;14806031;Angered, Gårdsten, Norra;SKP;SKP;0;0.00
2018;rd;14806031;Angered, Gårdsten, Norra;TRP;TRP;0;0.00
2018;rd;14806031;Angered, Gårdsten, Norra;ÖVR;ÖVR;0;0.00
2018;rd;14806032;Angered, Gårdsten, Södra;M;M;36;6.82
2018;rd;14806032;Angered, Gårdsten, Södra;C;C;6;1.14
2018;rd;14806032;Angered, Gårdsten, Södra;L;L;9;1.70
2018;rd;14806032;Angered, Gårdsten, Södra;KD;KD;10;1.89
2018;rd;14806032;Angered, Gårdsten, Södra;S;S;297;56.25
2018;rd;14806032;Angered, Gårdsten, Södra;V;V;62;11.74
2018;rd;14806032;Angered, Gårdsten, Södra;MP;MP;53;10.04
2018;rd;14806032;Angered, Gårdsten, Södra;SD;SD;44;8.33
2018;rd;14806032;Angered, Gårdsten, Södra;FI;FI;3;0.57
2018;rd;14806032;Angered, Gårdsten, Södra;AfS;AFS;4;0.76
2018;rd;14806032;Angered, Gårdsten, Södra;BASIP;BASIP;0;0.00
2018;rd;14806032;Angered, Gårdsten, Södra;DD;DD;1;0.19
2018;rd;14806032;Angered, Gårdsten, Södra;DjuP;DJUP;0;0.00
2018;rd;14806032;Angered, Gårdsten, Södra;EAP;EAP;0;0.00
2018;rd;14806032;Angered, Gårdsten, Södra;ENH;ENH;2;0.38
2018;rd;14806032;Angered, Gårdsten, Södra;INI;INI;1;0.19
2018;rd;14806032;Angered, Gårdsten, Södra;KLP;KLP;0;0.00
2018;rd;14806032;Angered, Gårdsten, Södra;KrVP;KRVP;0;0.00
2018;rd;14806032;Angered, Gårdsten, Södra;LPo;LPO;0;0.00
2018;rd;14806032;Angered, Gårdsten, Södra;MED;MED;0;0.00
2018;rd;14806032;Angered, Gårdsten, Södra;NMR;NMR;0;0.00
2018;rd;14806032;Angered, Gårdsten, Södra;NYREF;NYREF;0;0.00
2018;rd;14806032;Angered, Gårdsten, Södra;PP;PP;0;0.00
2018;rd;14806032;Angered, Gårdsten, Södra;SKP;SKP;0;0.00
2018;rd;14806032;Angered, Gårdsten, Södra;TRP;TRP;0;0.00
2018;rd;14806032;Angered, Gårdsten, Södra;ÖVR;ÖVR;0;0.00
2018;rd;14806033;Angered, Gårdsten, Västra;M;M;95;10.25
2018;rd;14806033;Angered, Gårdsten, Västra;C;C;36;3.88
2018;rd;14806033;Angered, Gårdsten, Västra;L;L;19;2.05
2018;rd;14806033;Angered, Gårdsten, Västra;KD;KD;19;2.05
2018;rd;14806033;Angered, Gårdsten, Västra;S;S;397;42.83
2018;rd;14806033;Angered, Gårdsten, Västra;V;V;145;15.64
2018;rd;14806033;Angered, Gårdsten, Västra;MP;MP;57;6.15
2018;rd;14806033;Angered, Gårdsten, Västra;SD;SD;152;16.40
2018;rd;14806033;Angered, Gårdsten, Västra;FI;FI;2;0.22
2018;rd;14806033;Angered, Gårdsten, Västra;AfS;AFS;2;0.22
2018;rd;14806033;Angered, Gårdsten, Västra;BASIP;BASIP;0;0.00
2018;rd;14806033;Angered, Gårdsten, Västra;DD;DD;0;0.00
2018;rd;14806033;Angered, Gårdsten, Västra;DjuP;DJUP;0;0.00
2018;rd;14806033;Angered, Gårdsten, Västra;EAP;EAP;0;0.00
2018;rd;14806033;Angered, Gårdsten, Västra;ENH;ENH;0;0.00
2018;rd;14806033;Angered, Gårdsten, Västra;INI;INI;0;0.00
2018;rd;14806033;Angered, Gårdsten, Västra;KLP;KLP;0;0.00
2018;rd;14806033;Angered, Gårdsten, Västra;KrVP;KRVP;2;0.22
2018;rd;14806033;Angered, Gårdsten, Västra;LPo;LPO;0;0.00
2018;rd;14806033;Angered, Gårdsten, Västra;MED;MED;0;0.00
2018;rd;14806033;Angered, Gårdsten, Västra;NMR;NMR;0;0.00
2018;rd;14806033;Angered, Gårdsten, Västra;NYREF;NYREF;0;0.00
2018;rd;14806033;Angered, Gårdsten, Västra;PP;PP;1;0.11
2018;rd;14806033;Angered, Gårdsten, Västra;SKP;SKP;0;0.00
2018;rd;14806033;Angered, Gårdsten, Västra;TRP;TRP;0;0.00
2018;rd;14806033;Angered, Gårdsten, Västra;ÖVR;ÖVR;0;0.00
2018;rd;14806034;Angered, Gårdsten, Östra;M;M;52;6.62
2018;rd;14806034;Angered, Gårdsten, Östra;C;C;15;1.91
2018;rd;14806034;Angered, Gårdsten, Östra;L;L;24;3.05
2018;rd;14806034;Angered, Gårdsten, Östra;KD;KD;34;4.33
2018;rd;14806034;Angered, Gårdsten, Östra;S;S;406;51.65
2018;rd;14806034;Angered, Gårdsten, Östra;V;V;85;10.81
2018;rd;14806034;Angered, Gårdsten, Östra;MP;MP;68;8.65
2018;rd;14806034;Angered, Gårdsten, Östra;SD;SD;89;11.32
2018;rd;14806034;Angered, Gårdsten, Östra;FI;FI;2;0.25
2018;rd;14806034;Angered, Gårdsten, Östra;AfS;AFS;0;0.00
2018;rd;14806034;Angered, Gårdsten, Östra;BASIP;BASIP;0;0.00
2018;rd;14806034;Angered, Gårdsten, Östra;DD;DD;2;0.25
2018;rd;14806034;Angered, Gårdsten, Östra;DjuP;DJUP;1;0.13
2018;rd;14806034;Angered, Gårdsten, Östra;EAP;EAP;0;0.00
2018;rd;14806034;Angered, Gårdsten, Östra;ENH;ENH;0;0.00
2018;rd;14806034;Angered, Gårdsten, Östra;INI;INI;0;0.00
2018;rd;14806034;Angered, Gårdsten, Östra;KLP;KLP;0;0.00
2018;rd;14806034;Angered, Gårdsten, Östra;KrVP;KRVP;3;0.38
2018;rd;14806034;Angered, Gårdsten, Östra;LPo;LPO;1;0.13
2018;rd;14806034;Angered, Gårdsten, Östra;MED;MED;2;0.25
2018;rd;14806034;Angered, Gårdsten, Östra;NMR;NMR;0;0.00
2018;rd;14806034;Angered, Gårdsten, Östra;NYREF;NYREF;0;0.00
2018;rd;14806034;Angered, Gårdsten, Östra;PP;PP;2;0.25
2018;rd;14806034;Angered, Gårdsten, Östra;SKP;SKP;0;0.00
2018;rd;14806034;Angered, Gårdsten, Östra;TRP;TRP;0;0.00
2018;rd;14806034;Angered, Gårdsten, Östra;ÖVR;ÖVR;0;0.00
2018;rd;14806041;Angered, Angereds Centrum;M;M;127;11.75
2018;rd;14806041;Angered, Angereds Centrum;C;C;39;3.61
2018;rd;14806041;Angered, Angereds Centrum;L;L;22;2.04
2018;rd;14806041;Angered, Angereds Centrum;KD;KD;41;3.79
2018;rd;14806041;Angered, Angereds Centrum;S;S;467;43.20
2018;rd;14806041;Angered, Angereds Centrum;V;V;196;18.13
2018;rd;14806041;Angered, Angereds Centrum;MP;MP;35;3.24
2018;rd;14806041;Angered, Angereds Centrum;SD;SD;137;12.67
2018;rd;14806041;Angered, Angereds Centrum;FI;FI;8;0.74
2018;rd;14806041;Angered, Angereds Centrum;AfS;AFS;1;0.09
2018;rd;14806041;Angered, Angereds Centrum;BASIP;BASIP;0;0.00
2018;rd;14806041;Angered, Angereds Centrum;DD;DD;0;0.00
2018;rd;14806041;Angered, Angereds Centrum;DjuP;DJUP;1;0.09
2018;rd;14806041;Angered, Angereds Centrum;EAP;EAP;0;0.00
2018;rd;14806041;Angered, Angereds Centrum;ENH;ENH;1;0.09
2018;rd;14806041;Angered, Angereds Centrum;INI;INI;0;0.00
2018;rd;14806041;Angered, Angereds Centrum;KLP;KLP;0;0.00
2018;rd;14806041;Angered, Angereds Centrum;KrVP;KRVP;2;0.19
2018;rd;14806041;Angered, Angereds Centrum;LPo;LPO;0;0.00
2018;rd;14806041;Angered, Angereds Centrum;MED;MED;0;0.00
2018;rd;14806041;Angered, Angereds Centrum;NMR;NMR;1;0.09
2018;rd;14806041;Angered, Angereds Centrum;NYREF;NYREF;0;0.00
2018;rd;14806041;Angered, Angereds Centrum;PP;PP;1;0.09
2018;rd;14806041;Angered, Angereds Centrum;SKP;SKP;2;0.19
2018;rd;14806041;Angered, Angereds Centrum;TRP;TRP;0;0.00
2018;rd;14806041;Angered, Angereds Centrum;ÖVR;ÖVR;0;0.00
2018;rd;14806042;Angered, Trägårdsgärdet;M;M;89;10.93
2018;rd;14806042;Angered, Trägårdsgärdet;C;C;32;3.93
2018;rd;14806042;Angered, Trägårdsgärdet;L;L;23;2.83
2018;rd;14806042;Angered, Trägårdsgärdet;KD;KD;37;4.55
2018;rd;14806042;Angered, Trägårdsgärdet;S;S;348;42.75
2018;rd;14806042;Angered, Trägårdsgärdet;V;V;139;17.08
2018;rd;14806042;Angered, Trägårdsgärdet;MP;MP;36;4.42
2018;rd;14806042;Angered, Trägårdsgärdet;SD;SD;108;13.27
2018;rd;14806042;Angered, Trägårdsgärdet;FI;FI;1;0.12
2018;rd;14806042;Angered, Trägårdsgärdet;AfS;AFS;0;0.00
2018;rd;14806042;Angered, Trägårdsgärdet;BASIP;BASIP;0;0.00
2018;rd;14806042;Angered, Trägårdsgärdet;DD;DD;0;0.00
2018;rd;14806042;Angered, Trägårdsgärdet;DjuP;DJUP;0;0.00
2018;rd;14806042;Angered, Trägårdsgärdet;EAP;EAP;0;0.00
2018;rd;14806042;Angered, Trägårdsgärdet;ENH;ENH;0;0.00
2018;rd;14806042;Angered, Trägårdsgärdet;INI;INI;0;0.00
2018;rd;14806042;Angered, Trägårdsgärdet;KLP;KLP;0;0.00
2018;rd;14806042;Angered, Trägårdsgärdet;KrVP;KRVP;0;0.00
2018;rd;14806042;Angered, Trägårdsgärdet;LPo;LPO;0;0.00
2018;rd;14806042;Angered, Trägårdsgärdet;MED;MED;1;0.12
2018;rd;14806042;Angered, Trägårdsgärdet;NMR;NMR;0;0.00
2018;rd;14806042;Angered, Trägårdsgärdet;NYREF;NYREF;0;0.00
2018;rd;14806042;Angered, Trägårdsgärdet;PP;PP;0;0.00
2018;rd;14806042;Angered, Trägårdsgärdet;SKP;SKP;0;0.00
2018;rd;14806042;Angered, Trägårdsgärdet;TRP;TRP;0;0.00
2018;rd;14806042;Angered, Trägårdsgärdet;ÖVR;ÖVR;0;0.00
2018;rd;14806051;Angered, Agnesberg;M;M;72;14.46
2018;rd;14806051;Angered, Agnesberg;C;C;16;3.21
2018;rd;14806051;Angered, Agnesberg;L;L;27;5.42
2018;rd;14806051;Angered, Agnesberg;KD;KD;27;5.42
2018;rd;14806051;Angered, Agnesberg;S;S;162;32.53
2018;rd;14806051;Angered, Agnesberg;V;V;64;12.85
2018;rd;14806051;Angered, Agnesberg;MP;MP;16;3.21
2018;rd;14806051;Angered, Agnesberg;SD;SD;110;22.09
2018;rd;14806051;Angered, Agnesberg;FI;FI;1;0.20
2018;rd;14806051;Angered, Agnesberg;AfS;AFS;1;0.20
2018;rd;14806051;Angered, Agnesberg;BASIP;BASIP;0;0.00
2018;rd;14806051;Angered, Agnesberg;DD;DD;0;0.00
2018;rd;14806051;Angered, Agnesberg;DjuP;DJUP;0;0.00
2018;rd;14806051;Angered, Agnesberg;EAP;EAP;0;0.00
2018;rd;14806051;Angered, Agnesberg;ENH;ENH;0;0.00
2018;rd;14806051;Angered, Agnesberg;INI;INI;0;0.00
2018;rd;14806051;Angered, Agnesberg;KLP;KLP;0;0.00
2018;rd;14806051;Angered, Agnesberg;KrVP;KRVP;0;0.00
2018;rd;14806051;Angered, Agnesberg;LPo;LPO;0;0.00
2018;rd;14806051;Angered, Agnesberg;MED;MED;0;0.00
2018;rd;14806051;Angered, Agnesberg;NMR;NMR;0;0.00
2018;rd;14806051;Angered, Agnesberg;NYREF;NYREF;0;0.00
2018;rd;14806051;Angered, Agnesberg;PP;PP;1;0.20
2018;rd;14806051;Angered, Agnesberg;SKP;SKP;1;0.20
2018;rd;14806051;Angered, Agnesberg;TRP;TRP;0;0.00
2018;rd;14806051;Angered, Agnesberg;ÖVR;ÖVR;0;0.00
2018;rd;14806061;Angered, Hammarkullen, Centrum;M;M;42;5.81
2018;rd;14806061;Angered, Hammarkullen, Centrum;C;C;6;0.83
2018;rd;14806061;Angered, Hammarkullen, Centrum;L;L;8;1.11
2018;rd;14806061;Angered, Hammarkullen, Centrum;KD;KD;5;0.69
2018;rd;14806061;Angered, Hammarkullen, Centrum;S;S;399;55.19
2018;rd;14806061;Angered, Hammarkullen, Centrum;V;V;122;16.87
2018;rd;14806061;Angered, Hammarkullen, Centrum;MP;MP;99;13.69
2018;rd;14806061;Angered, Hammarkullen, Centrum;SD;SD;29;4.01
2018;rd;14806061;Angered, Hammarkullen, Centrum;FI;FI;4;0.55
2018;rd;14806061;Angered, Hammarkullen, Centrum;AfS;AFS;3;0.41
2018;rd;14806061;Angered, Hammarkullen, Centrum;BASIP;BASIP;0;0.00
2018;rd;14806061;Angered, Hammarkullen, Centrum;DD;DD;1;0.14
2018;rd;14806061;Angered, Hammarkullen, Centrum;DjuP;DJUP;1;0.14
2018;rd;14806061;Angered, Hammarkullen, Centrum;EAP;EAP;0;0.00
2018;rd;14806061;Angered, Hammarkullen, Centrum;ENH;ENH;0;0.00
2018;rd;14806061;Angered, Hammarkullen, Centrum;INI;INI;0;0.00
2018;rd;14806061;Angered, Hammarkullen, Centrum;KLP;KLP;0;0.00
2018;rd;14806061;Angered, Hammarkullen, Centrum;KrVP;KRVP;0;0.00
2018;rd;14806061;Angered, Hammarkullen, Centrum;LPo;LPO;0;0.00
2018;rd;14806061;Angered, Hammarkullen, Centrum;MED;MED;2;0.28
2018;rd;14806061;Angered, Hammarkullen, Centrum;NMR;NMR;1;0.14
2018;rd;14806061;Angered, Hammarkullen, Centrum;NYREF;NYREF;0;0.00
2018;rd;14806061;Angered, Hammarkullen, Centrum;PP;PP;1;0.14
2018;rd;14806061;Angered, Hammarkullen, Centrum;SKP;SKP;0;0.00
2018;rd;14806061;Angered, Hammarkullen, Centrum;TRP;TRP;0;0.00
2018;rd;14806061;Angered, Hammarkullen, Centrum;ÖVR;ÖVR;0;0.00
2018;rd;14806062;Angered, Hammarkullen, Västra;M;M;69;8.00
2018;rd;14806062;Angered, Hammarkullen, Västra;C;C;14;1.62
2018;rd;14806062;Angered, Hammarkullen, Västra;L;L;18;2.09
2018;rd;14806062;Angered, Hammarkullen, Västra;KD;KD;40;4.63
2018;rd;14806062;Angered, Hammarkullen, Västra;S;S;372;43.11
2018;rd;14806062;Angered, Hammarkullen, Västra;V;V;157;18.19
2018;rd;14806062;Angered, Hammarkullen, Västra;MP;MP;114;13.21
2018;rd;14806062;Angered, Hammarkullen, Västra;SD;SD;65;7.53
2018;rd;14806062;Angered, Hammarkullen, Västra;FI;FI;5;0.58
2018;rd;14806062;Angered, Hammarkullen, Västra;AfS;AFS;1;0.12
2018;rd;14806062;Angered, Hammarkullen, Västra;BASIP;BASIP;0;0.00
2018;rd;14806062;Angered, Hammarkullen, Västra;DD;DD;0;0.00
2018;rd;14806062;Angered, Hammarkullen, Västra;DjuP;DJUP;1;0.12
2018;rd;14806062;Angered, Hammarkullen, Västra;EAP;EAP;0;0.00
2018;rd;14806062;Angered, Hammarkullen, Västra;ENH;ENH;0;0.00
2018;rd;14806062;Angered, Hammarkullen, Västra;INI;INI;0;0.00
2018;rd;14806062;Angered, Hammarkullen, Västra;KLP;KLP;0;0.00
2018;rd;14806062;Angered, Hammarkullen, Västra;KrVP;KRVP;3;0.35
2018;rd;14806062;Angered, Hammarkullen, Västra;LPo;LPO;0;0.00
2018;rd;14806062;Angered, Hammarkullen, Västra;MED;MED;0;0.00
2018;rd;14806062;Angered, Hammarkullen, Västra;NMR;NMR;1;0.12
2018;rd;14806062;Angered, Hammarkullen, Västra;NYREF;NYREF;0;0.00
2018;rd;14806062;Angered, Hammarkullen, Västra;PP;PP;1;0.12
2018;rd;14806062;Angered, Hammarkullen, Västra;SKP;SKP;2;0.23
2018;rd;14806062;Angered, Hammarkullen, Västra;TRP;TRP;0;0.00
2018;rd;14806062;Angered, Hammarkullen, Västra;ÖVR;ÖVR;0;0.00
2018;rd;14806063;Angered, Hammarkullen, Östra;M;M;41;6.36
2018;rd;14806063;Angered, Hammarkullen, Östra;C;C;4;0.62
2018;rd;14806063;Angered, Hammarkullen, Östra;L;L;8;1.24
2018;rd;14806063;Angered, Hammarkullen, Östra;KD;KD;19;2.95
2018;rd;14806063;Angered, Hammarkullen, Östra;S;S;294;45.58
2018;rd;14806063;Angered, Hammarkullen, Östra;V;V;108;16.74
2018;rd;14806063;Angered, Hammarkullen, Östra;MP;MP;122;18.91
2018;rd;14806063;Angered, Hammarkullen, Östra;SD;SD;33;5.12
2018;rd;14806063;Angered, Hammarkullen, Östra;FI;FI;7;1.09
2018;rd;14806063;Angered, Hammarkullen, Östra;AfS;AFS;2;0.31
2018;rd;14806063;Angered, Hammarkullen, Östra;BASIP;BASIP;0;0.00
2018;rd;14806063;Angered, Hammarkullen, Östra;DD;DD;1;0.16
2018;rd;14806063;Angered, Hammarkullen, Östra;DjuP;DJUP;0;0.00
2018;rd;14806063;Angered, Hammarkullen, Östra;EAP;EAP;0;0.00
2018;rd;14806063;Angered, Hammarkullen, Östra;ENH;ENH;0;0.00
2018;rd;14806063;Angered, Hammarkullen, Östra;INI;INI;0;0.00
2018;rd;14806063;Angered, Hammarkullen, Östra;KLP;KLP;0;0.00
2018;rd;14806063;Angered, Hammarkullen, Östra;KrVP;KRVP;5;0.78
2018;rd;14806063;Angered, Hammarkullen, Östra;LPo;LPO;0;0.00
2018;rd;14806063;Angered, Hammarkullen, Östra;MED;MED;0;0.00
2018;rd;14806063;Angered, Hammarkullen, Östra;NMR;NMR;0;0.00
2018;rd;14806063;Angered, Hammarkullen, Östra;NYREF;NYREF;0;0.00
2018;rd;14806063;Angered, Hammarkullen, Östra;PP;PP;1;0.16
2018;rd;14806063;Angered, Hammarkullen, Östra;SKP;SKP;0;0.00
2018;rd;14806063;Angered, Hammarkullen, Östra;TRP;TRP;0;0.00
2018;rd;14806063;Angered, Hammarkullen, Östra;ÖVR;ÖVR;0;0.00
2018;rd;14806064;Angered, Sandeslätt;M;M;71;8.36
2018;rd;14806064;Angered, Sandeslätt;C;C;17;2.00
2018;rd;14806064;Angered, Sandeslätt;L;L;20;2.36
2018;rd;14806064;Angered, Sandeslätt;KD;KD;47;5.54
2018;rd;14806064;Angered, Sandeslätt;S;S;378;44.52
2018;rd;14806064;Angered, Sandeslätt;V;V;149;17.55
2018;rd;14806064;Angered, Sandeslätt;MP;MP;48;5.65
2018;rd;14806064;Angered, Sandeslätt;SD;SD;106;12.49
2018;rd;14806064;Angered, Sandeslätt;FI;FI;3;0.35
2018;rd;14806064;Angered, Sandeslätt;AfS;AFS;0;0.00
2018;rd;14806064;Angered, Sandeslätt;BASIP;BASIP;0;0.00
2018;rd;14806064;Angered, Sandeslätt;DD;DD;3;0.35
2018;rd;14806064;Angered, Sandeslätt;DjuP;DJUP;0;0.00
2018;rd;14806064;Angered, Sandeslätt;EAP;EAP;0;0.00
2018;rd;14806064;Angered, Sandeslätt;ENH;ENH;0;0.00
2018;rd;14806064;Angered, Sandeslätt;INI;INI;0;0.00
2018;rd;14806064;Angered, Sandeslätt;KLP;KLP;0;0.00
2018;rd;14806064;Angered, Sandeslätt;KrVP;KRVP;4;0.47
2018;rd;14806064;Angered, Sandeslätt;LPo;LPO;0;0.00
2018;rd;14806064;Angered, Sandeslätt;MED;MED;1;0.12
2018;rd;14806064;Angered, Sandeslätt;NMR;NMR;0;0.00
2018;rd;14806064;Angered, Sandeslätt;NYREF;NYREF;0;0.00
2018;rd;14806064;Angered, Sandeslätt;PP;PP;1;0.12
2018;rd;14806064;Angered, Sandeslätt;SKP;SKP;1;0.12
2018;rd;14806064;Angered, Sandeslätt;TRP;TRP;0;0.00
2018;rd;14806064;Angered, Sandeslätt;ÖVR;ÖVR;0;0.00
2018;rd;14806101;Angered, Gunnilse-Linnarhult;M;M;235;17.93
2018;rd;14806101;Angered, Gunnilse-Linnarhult;C;C;83;6.33
2018;rd;14806101;Angered, Gunnilse-Linnarhult;L;L;78;5.95
2018;rd;14806101;Angered, Gunnilse-Linnarhult;KD;KD;130;9.92
2018;rd;14806101;Angered, Gunnilse-Linnarhult;S;S;315;24.03
2018;rd;14806101;Angered, Gunnilse-Linnarhult;V;V;122;9.31
2018;rd;14806101;Angered, Gunnilse-Linnarhult;MP;MP;54;4.12
2018;rd;14806101;Angered, Gunnilse-Linnarhult;SD;SD;278;21.21
2018;rd;14806101;Angered, Gunnilse-Linnarhult;FI;FI;4;0.31
2018;rd;14806101;Angered, Gunnilse-Linnarhult;AfS;AFS;4;0.31
2018;rd;14806101;Angered, Gunnilse-Linnarhult;BASIP;BASIP;0;0.00
2018;rd;14806101;Angered, Gunnilse-Linnarhult;DD;DD;1;0.08
2018;rd;14806101;Angered, Gunnilse-Linnarhult;DjuP;DJUP;2;0.15
2018;rd;14806101;Angered, Gunnilse-Linnarhult;EAP;EAP;0;0.00
2018;rd;14806101;Angered, Gunnilse-Linnarhult;ENH;ENH;0;0.00
2018;rd;14806101;Angered, Gunnilse-Linnarhult;INI;INI;0;0.00
2018;rd;14806101;Angered, Gunnilse-Linnarhult;KLP;KLP;0;0.00
2018;rd;14806101;Angered, Gunnilse-Linnarhult;KrVP;KRVP;3;0.23
2018;rd;14806101;Angered, Gunnilse-Linnarhult;LPo;LPO;0;0.00
2018;rd;14806101;Angered, Gunnilse-Linnarhult;MED;MED;0;0.00
2018;rd;14806101;Angered, Gunnilse-Linnarhult;NMR;NMR;0;0.00
2018;rd;14806101;Angered, Gunnilse-Linnarhult;NYREF;NYREF;0;0.00
2018;rd;14806101;Angered, Gunnilse-Linnarhult;PP;PP;2;0.15
2018;rd;14806101;Angered, Gunnilse-Linnarhult;SKP;SKP;0;0.00
2018;rd;14806101;Angered, Gunnilse-Linnarhult;TRP;TRP;0;0.00
2018;rd;14806101;Angered, Gunnilse-Linnarhult;ÖVR;ÖVR;0;0.00
2018;rd;14806111;Angered, Bergum;M;M;194;18.55
2018;rd;14806111;Angered, Bergum;C;C;96;9.18
2018;rd;14806111;Angered, Bergum;L;L;54;5.16
2018;rd;14806111;Angered, Bergum;KD;KD;66;6.31
2018;rd;14806111;Angered, Bergum;S;S;224;21.41
2018;rd;14806111;Angered, Bergum;V;V;94;8.99
2018;rd;14806111;Angered, Bergum;MP;MP;45;4.30
2018;rd;14806111;Angered, Bergum;SD;SD;255;24.38
2018;rd;14806111;Angered, Bergum;FI;FI;4;0.38
2018;rd;14806111;Angered, Bergum;AfS;AFS;2;0.19
2018;rd;14806111;Angered, Bergum;BASIP;BASIP;1;0.10
2018;rd;14806111;Angered, Bergum;DD;DD;0;0.00
2018;rd;14806111;Angered, Bergum;DjuP;DJUP;6;0.57
2018;rd;14806111;Angered, Bergum;EAP;EAP;0;0.00
2018;rd;14806111;Angered, Bergum;ENH;ENH;1;0.10
2018;rd;14806111;Angered, Bergum;INI;INI;0;0.00
2018;rd;14806111;Angered, Bergum;KLP;KLP;0;0.00
2018;rd;14806111;Angered, Bergum;KrVP;KRVP;2;0.19
2018;rd;14806111;Angered, Bergum;LPo;LPO;0;0.00
2018;rd;14806111;Angered, Bergum;MED;MED;1;0.10
2018;rd;14806111;Angered, Bergum;NMR;NMR;0;0.00
2018;rd;14806111;Angered, Bergum;NYREF;NYREF;0;0.00
2018;rd;14806111;Angered, Bergum;PP;PP;1;0.10
2018;rd;14806111;Angered, Bergum;SKP;SKP;0;0.00
2018;rd;14806111;Angered, Bergum;TRP;TRP;0;0.00
2018;rd;14806111;Angered, Bergum;ÖVR;ÖVR;0;0.00
2018;rd;14806112;Angered, Björsared;M;M;176;20.90
2018;rd;14806112;Angered, Björsared;C;C;62;7.36
2018;rd;14806112;Angered, Björsared;L;L;53;6.29
2018;rd;14806112;Angered, Björsared;KD;KD;48;5.70
2018;rd;14806112;Angered, Björsared;S;S;207;24.58
2018;rd;14806112;Angered, Björsared;V;V;64;7.60
2018;rd;14806112;Angered, Björsared;MP;MP;31;3.68
2018;rd;14806112;Angered, Björsared;SD;SD;191;22.68
2018;rd;14806112;Angered, Björsared;FI;FI;1;0.12
2018;rd;14806112;Angered, Björsared;AfS;AFS;5;0.59
2018;rd;14806112;Angered, Björsared;BASIP;BASIP;0;0.00
2018;rd;14806112;Angered, Björsared;DD;DD;2;0.24
2018;rd;14806112;Angered, Björsared;DjuP;DJUP;0;0.00
2018;rd;14806112;Angered, Björsared;EAP;EAP;0;0.00
2018;rd;14806112;Angered, Björsared;ENH;ENH;0;0.00
2018;rd;14806112;Angered, Björsared;INI;INI;0;0.00
2018;rd;14806112;Angered, Björsared;KLP;KLP;1;0.12
2018;rd;14806112;Angered, Björsared;KrVP;KRVP;0;0.00
2018;rd;14806112;Angered, Björsared;LPo;LPO;0;0.00
2018;rd;14806112;Angered, Björsared;MED;MED;1;0.12
2018;rd;14806112;Angered, Björsared;NMR;NMR;0;0.00
2018;rd;14806112;Angered, Björsared;NYREF;NYREF;0;0.00
2018;rd;14806112;Angered, Björsared;PP;PP;0;0.00
2018;rd;14806112;Angered, Björsared;SKP;SKP;0;0.00
2018;rd;14806112;Angered, Björsared;TRP;TRP;0;0.00
2018;rd;14806112;Angered, Björsared;ÖVR;ÖVR;0;0.00
2018;rd;14806113;Angered, Olofstorp;M;M;193;18.59
2018;rd;14806113;Angered, Olofstorp;C;C;71;6.84
2018;rd;14806113;Angered, Olofstorp;L;L;60;5.78
2018;rd;14806113;Angered, Olofstorp;KD;KD;53;5.11
2018;rd;14806113;Angered, Olofstorp;S;S;264;25.43
2018;rd;14806113;Angered, Olofstorp;V;V;86;8.29
2018;rd;14806113;Angered, Olofstorp;MP;MP;48;4.62
2018;rd;14806113;Angered, Olofstorp;SD;SD;247;23.80
2018;rd;14806113;Angered, Olofstorp;FI;FI;6;0.58
2018;rd;14806113;Angered, Olofstorp;AfS;AFS;2;0.19
2018;rd;14806113;Angered, Olofstorp;BASIP;BASIP;0;0.00
2018;rd;14806113;Angered, Olofstorp;DD;DD;0;0.00
2018;rd;14806113;Angered, Olofstorp;DjuP;DJUP;1;0.10
2018;rd;14806113;Angered, Olofstorp;EAP;EAP;0;0.00
2018;rd;14806113;Angered, Olofstorp;ENH;ENH;0;0.00
2018;rd;14806113;Angered, Olofstorp;INI;INI;0;0.00
2018;rd;14806113;Angered, Olofstorp;KLP;KLP;0;0.00
2018;rd;14806113;Angered, Olofstorp;KrVP;KRVP;0;0.00
2018;rd;14806113;Angered, Olofstorp;LPo;LPO;0;0.00
2018;rd;14806113;Angered, Olofstorp;MED;MED;5;0.48
2018;rd;14806113;Angered, Olofstorp;NMR;NMR;0;0.00
2018;rd;14806113;Angered, Olofstorp;NYREF;NYREF;0;0.00
2018;rd;14806113;Angered, Olofstorp;PP;PP;1;0.10
2018;rd;14806113;Angered, Olofstorp;SKP;SKP;0;0.00
2018;rd;14806113;Angered, Olofstorp;TRP;TRP;0;0.00
2018;rd;14806113;Angered, Olofstorp;ÖVR;ÖVR;1;0.10
2018;rd;14806121;Angered, Bläsebo;M;M;55;6.88
2018;rd;14806121;Angered, Bläsebo;C;C;29;3.63
2018;rd;14806121;Angered, Bläsebo;L;L;30;3.75
2018;rd;14806121;Angered, Bläsebo;KD;KD;26;3.25
2018;rd;14806121;Angered, Bläsebo;S;S;362;45.25
2018;rd;14806121;Angered, Bläsebo;V;V;151;18.88
2018;rd;14806121;Angered, Bläsebo;MP;MP;40;5.00
2018;rd;14806121;Angered, Bläsebo;SD;SD;96;12.00
2018;rd;14806121;Angered, Bläsebo;FI;FI;4;0.50
2018;rd;14806121;Angered, Bläsebo;AfS;AFS;1;0.13
2018;rd;14806121;Angered, Bläsebo;BASIP;BASIP;0;0.00
2018;rd;14806121;Angered, Bläsebo;DD;DD;0;0.00
2018;rd;14806121;Angered, Bläsebo;DjuP;DJUP;2;0.25
2018;rd;14806121;Angered, Bläsebo;EAP;EAP;0;0.00
2018;rd;14806121;Angered, Bläsebo;ENH;ENH;0;0.00
2018;rd;14806121;Angered, Bläsebo;INI;INI;0;0.00
2018;rd;14806121;Angered, Bläsebo;KLP;KLP;0;0.00
2018;rd;14806121;Angered, Bläsebo;KrVP;KRVP;2;0.25
2018;rd;14806121;Angered, Bläsebo;LPo;LPO;0;0.00
2018;rd;14806121;Angered, Bläsebo;MED;MED;2;0.25
2018;rd;14806121;Angered, Bläsebo;NMR;NMR;0;0.00
2018;rd;14806121;Angered, Bläsebo;NYREF;NYREF;0;0.00
2018;rd;14806121;Angered, Bläsebo;PP;PP;0;0.00
2018;rd;14806121;Angered, Bläsebo;SKP;SKP;0;0.00
2018;rd;14806121;Angered, Bläsebo;TRP;TRP;0;0.00
2018;rd;14806121;Angered, Bläsebo;ÖVR;ÖVR;0;0.00
2018;rd;14806122;Angered, Hjällbo, Norra;M;M;73;8.38
2018;rd;14806122;Angered, Hjällbo, Norra;C;C;48;5.51
2018;rd;14806122;Angered, Hjällbo, Norra;L;L;10;1.15
2018;rd;14806122;Angered, Hjällbo, Norra;KD;KD;24;2.76
2018;rd;14806122;Angered, Hjällbo, Norra;S;S;405;46.50
2018;rd;14806122;Angered, Hjällbo, Norra;V;V;142;16.30
2018;rd;14806122;Angered, Hjällbo, Norra;MP;MP;115;13.20
2018;rd;14806122;Angered, Hjällbo, Norra;SD;SD;39;4.48
2018;rd;14806122;Angered, Hjällbo, Norra;FI;FI;5;0.57
2018;rd;14806122;Angered, Hjällbo, Norra;AfS;AFS;1;0.11
2018;rd;14806122;Angered, Hjällbo, Norra;BASIP;BASIP;0;0.00
2018;rd;14806122;Angered, Hjällbo, Norra;DD;DD;0;0.00
2018;rd;14806122;Angered, Hjällbo, Norra;DjuP;DJUP;1;0.11
2018;rd;14806122;Angered, Hjällbo, Norra;EAP;EAP;0;0.00
2018;rd;14806122;Angered, Hjällbo, Norra;ENH;ENH;0;0.00
2018;rd;14806122;Angered, Hjällbo, Norra;INI;INI;1;0.11
2018;rd;14806122;Angered, Hjällbo, Norra;KLP;KLP;0;0.00
2018;rd;14806122;Angered, Hjällbo, Norra;KrVP;KRVP;1;0.11
2018;rd;14806122;Angered, Hjällbo, Norra;LPo;LPO;0;0.00
2018;rd;14806122;Angered, Hjällbo, Norra;MED;MED;3;0.34
2018;rd;14806122;Angered, Hjällbo, Norra;NMR;NMR;0;0.00
2018;rd;14806122;Angered, Hjällbo, Norra;NYREF;NYREF;0;0.00
2018;rd;14806122;Angered, Hjällbo, Norra;PP;PP;2;0.23
2018;rd;14806122;Angered, Hjällbo, Norra;SKP;SKP;1;0.11
2018;rd;14806122;Angered, Hjällbo, Norra;TRP;TRP;0;0.00
2018;rd;14806122;Angered, Hjällbo, Norra;ÖVR;ÖVR;0;0.00
2018;rd;14806123;Angered, Hjällbo, Södra;M;M;34;5.85
2018;rd;14806123;Angered, Hjällbo, Södra;C;C;43;7.40
2018;rd;14806123;Angered, Hjällbo, Södra;L;L;5;0.86
2018;rd;14806123;Angered, Hjällbo, Södra;KD;KD;16;2.75
2018;rd;14806123;Angered, Hjällbo, Södra;S;S;255;43.89
2018;rd;14806123;Angered, Hjällbo, Södra;V;V;97;16.70
2018;rd;14806123;Angered, Hjällbo, Södra;MP;MP;110;18.93
2018;rd;14806123;Angered, Hjällbo, Södra;SD;SD;14;2.41
2018;rd;14806123;Angered, Hjällbo, Södra;FI;FI;4;0.69
2018;rd;14806123;Angered, Hjällbo, Södra;AfS;AFS;1;0.17
2018;rd;14806123;Angered, Hjällbo, Södra;BASIP;BASIP;1;0.17
2018;rd;14806123;Angered, Hjällbo, Södra;DD;DD;0;0.00
2018;rd;14806123;Angered, Hjällbo, Södra;DjuP;DJUP;1;0.17
2018;rd;14806123;Angered, Hjällbo, Södra;EAP;EAP;0;0.00
2018;rd;14806123;Angered, Hjällbo, Södra;ENH;ENH;0;0.00
2018;rd;14806123;Angered, Hjällbo, Södra;INI;INI;0;0.00
2018;rd;14806123;Angered, Hjällbo, Södra;KLP;KLP;0;0.00
2018;rd;14806123;Angered, Hjällbo, Södra;KrVP;KRVP;0;0.00
2018;rd;14806123;Angered, Hjällbo, Södra;LPo;LPO;0;0.00
2018;rd;14806123;Angered, Hjällbo, Södra;MED;MED;0;0.00
2018;rd;14806123;Angered, Hjällbo, Södra;NMR;NMR;0;0.00
2018;rd;14806123;Angered, Hjällbo, Södra;NYREF;NYREF;0;0.00
2018;rd;14806123;Angered, Hjällbo, Södra;PP;PP;0;0.00
2018;rd;14806123;Angered, Hjällbo, Södra;SKP;SKP;0;0.00
2018;rd;14806123;Angered, Hjällbo, Södra;TRP;TRP;0;0.00
2018;rd;14806123;Angered, Hjällbo, Södra;ÖVR;ÖVR;0;0.00
2018;rd;14806124;Angered, Skolspåret;M;M;51;8.08
2018;rd;14806124;Angered, Skolspåret;C;C;21;3.33
2018;rd;14806124;Angered, Skolspåret;L;L;12;1.90
2018;rd;14806124;Angered, Skolspåret;KD;KD;15;2.38
2018;rd;14806124;Angered, Skolspåret;S;S;284;45.01
2018;rd;14806124;Angered, Skolspåret;V;V;145;22.98
2018;rd;14806124;Angered, Skolspåret;MP;MP;69;10.94
2018;rd;14806124;Angered, Skolspåret;SD;SD;26;4.12
2018;rd;14806124;Angered, Skolspåret;FI;FI;0;0.00
2018;rd;14806124;Angered, Skolspåret;AfS;AFS;2;0.32
2018;rd;14806124;Angered, Skolspåret;BASIP;BASIP;0;0.00
2018;rd;14806124;Angered, Skolspåret;DD;DD;0;0.00
2018;rd;14806124;Angered, Skolspåret;DjuP;DJUP;1;0.16
2018;rd;14806124;Angered, Skolspåret;EAP;EAP;0;0.00
2018;rd;14806124;Angered, Skolspåret;ENH;ENH;3;0.48
2018;rd;14806124;Angered, Skolspåret;INI;INI;0;0.00
2018;rd;14806124;Angered, Skolspåret;KLP;KLP;0;0.00
2018;rd;14806124;Angered, Skolspåret;KrVP;KRVP;0;0.00
2018;rd;14806124;Angered, Skolspåret;LPo;LPO;0;0.00
2018;rd;14806124;Angered, Skolspåret;MED;MED;1;0.16
2018;rd;14806124;Angered, Skolspåret;NMR;NMR;0;0.00
2018;rd;14806124;Angered, Skolspåret;NYREF;NYREF;0;0.00
2018;rd;14806124;Angered, Skolspåret;PP;PP;1;0.16
2018;rd;14806124;Angered, Skolspåret;SKP;SKP;0;0.00
2018;rd;14806124;Angered, Skolspåret;TRP;TRP;0;0.00
2018;rd;14806124;Angered, Skolspåret;ÖVR;ÖVR;0;0.00
2018;rd;14806131;Angered, Eriksbo;M;M;78;7.71
2018;rd;14806131;Angered, Eriksbo;C;C;22;2.17
2018;rd;14806131;Angered, Eriksbo;L;L;42;4.15
2018;rd;14806131;Angered, Eriksbo;KD;KD;19;1.88
2018;rd;14806131;Angered, Eriksbo;S;S;442;43.68
2018;rd;14806131;Angered, Eriksbo;V;V;199;19.66
2018;rd;14806131;Angered, Eriksbo;MP;MP;62;6.13
2018;rd;14806131;Angered, Eriksbo;SD;SD;126;12.45
2018;rd;14806131;Angered, Eriksbo;FI;FI;8;0.79
2018;rd;14806131;Angered, Eriksbo;AfS;AFS;2;0.20
2018;rd;14806131;Angered, Eriksbo;BASIP;BASIP;0;0.00
2018;rd;14806131;Angered, Eriksbo;DD;DD;1;0.10
2018;rd;14806131;Angered, Eriksbo;DjuP;DJUP;3;0.30
2018;rd;14806131;Angered, Eriksbo;EAP;EAP;0;0.00
2018;rd;14806131;Angered, Eriksbo;ENH;ENH;0;0.00
2018;rd;14806131;Angered, Eriksbo;INI;INI;0;0.00
2018;rd;14806131;Angered, Eriksbo;KLP;KLP;1;0.10
2018;rd;14806131;Angered, Eriksbo;KrVP;KRVP;2;0.20
2018;rd;14806131;Angered, Eriksbo;LPo;LPO;0;0.00
2018;rd;14806131;Angered, Eriksbo;MED;MED;1;0.10
2018;rd;14806131;Angered, Eriksbo;NMR;NMR;1;0.10
2018;rd;14806131;Angered, Eriksbo;NYREF;NYREF;0;0.00
2018;rd;14806131;Angered, Eriksbo;PP;PP;2;0.20
2018;rd;14806131;Angered, Eriksbo;SKP;SKP;1;0.10
2018;rd;14806131;Angered, Eriksbo;TRP;TRP;0;0.00
2018;rd;14806131;Angered, Eriksbo;ÖVR;ÖVR;0;0.00
2018;rd;14807011;Västra Hisingen, Biskopsgården, N;M;M;47;4.75
2018;rd;14807011;Västra Hisingen, Biskopsgården, N;C;C;59;5.96
2018;rd;14807011;Västra Hisingen, Biskopsgården, N;L;L;20;2.02
2018;rd;14807011;Västra Hisingen, Biskopsgården, N;KD;KD;9;0.91
2018;rd;14807011;Västra Hisingen, Biskopsgården, N;S;S;531;53.64
2018;rd;14807011;Västra Hisingen, Biskopsgården, N;V;V;194;19.60
2018;rd;14807011;Västra Hisingen, Biskopsgården, N;MP;MP;63;6.36
2018;rd;14807011;Västra Hisingen, Biskopsgården, N;SD;SD;50;5.05
2018;rd;14807011;Västra Hisingen, Biskopsgården, N;FI;FI;7;0.71
2018;rd;14807011;Västra Hisingen, Biskopsgården, N;AfS;AFS;0;0.00
2018;rd;14807011;Västra Hisingen, Biskopsgården, N;BASIP;BASIP;0;0.00
2018;rd;14807011;Västra Hisingen, Biskopsgården, N;DD;DD;3;0.30
2018;rd;14807011;Västra Hisingen, Biskopsgården, N;DjuP;DJUP;1;0.10
2018;rd;14807011;Västra Hisingen, Biskopsgården, N;EAP;EAP;0;0.00
2018;rd;14807011;Västra Hisingen, Biskopsgården, N;ENH;ENH;0;0.00
2018;rd;14807011;Västra Hisingen, Biskopsgården, N;INI;INI;0;0.00
2018;rd;14807011;Västra Hisingen, Biskopsgården, N;KLP;KLP;0;0.00
2018;rd;14807011;Västra Hisingen, Biskopsgården, N;KrVP;KRVP;0;0.00
2018;rd;14807011;Västra Hisingen, Biskopsgården, N;LPo;LPO;0;0.00
2018;rd;14807011;Västra Hisingen, Biskopsgården, N;MED;MED;1;0.10
2018;rd;14807011;Västra Hisingen, Biskopsgården, N;NMR;NMR;0;0.00
2018;rd;14807011;Västra Hisingen, Biskopsgården, N;NYREF;NYREF;0;0.00
2018;rd;14807011;Västra Hisingen, Biskopsgården, N;PP;PP;5;0.51
2018;rd;14807011;Västra Hisingen, Biskopsgården, N;SKP;SKP;0;0.00
2018;rd;14807011;Västra Hisingen, Biskopsgården, N;TRP;TRP;0;0.00
2018;rd;14807011;Västra Hisingen, Biskopsgården, N;ÖVR;ÖVR;0;0.00
2018;rd;14807012;Västra Hisingen, Svarte Mosse;M;M;38;6.54
2018;rd;14807012;Västra Hisingen, Svarte Mosse;C;C;49;8.43
2018;rd;14807012;Västra Hisingen, Svarte Mosse;L;L;14;2.41
2018;rd;14807012;Västra Hisingen, Svarte Mosse;KD;KD;4;0.69
2018;rd;14807012;Västra Hisingen, Svarte Mosse;S;S;257;44.23
2018;rd;14807012;Västra Hisingen, Svarte Mosse;V;V;115;19.79
2018;rd;14807012;Västra Hisingen, Svarte Mosse;MP;MP;30;5.16
2018;rd;14807012;Västra Hisingen, Svarte Mosse;SD;SD;61;10.50
2018;rd;14807012;Västra Hisingen, Svarte Mosse;FI;FI;6;1.03
2018;rd;14807012;Västra Hisingen, Svarte Mosse;AfS;AFS;1;0.17
2018;rd;14807012;Västra Hisingen, Svarte Mosse;BASIP;BASIP;0;0.00
2018;rd;14807012;Västra Hisingen, Svarte Mosse;DD;DD;1;0.17
2018;rd;14807012;Västra Hisingen, Svarte Mosse;DjuP;DJUP;1;0.17
2018;rd;14807012;Västra Hisingen, Svarte Mosse;EAP;EAP;0;0.00
2018;rd;14807012;Västra Hisingen, Svarte Mosse;ENH;ENH;0;0.00
2018;rd;14807012;Västra Hisingen, Svarte Mosse;INI;INI;0;0.00
2018;rd;14807012;Västra Hisingen, Svarte Mosse;KLP;KLP;0;0.00
2018;rd;14807012;Västra Hisingen, Svarte Mosse;KrVP;KRVP;1;0.17
2018;rd;14807012;Västra Hisingen, Svarte Mosse;LPo;LPO;0;0.00
2018;rd;14807012;Västra Hisingen, Svarte Mosse;MED;MED;0;0.00
2018;rd;14807012;Västra Hisingen, Svarte Mosse;NMR;NMR;0;0.00
2018;rd;14807012;Västra Hisingen, Svarte Mosse;NYREF;NYREF;0;0.00
2018;rd;14807012;Västra Hisingen, Svarte Mosse;PP;PP;1;0.17
2018;rd;14807012;Västra Hisingen, Svarte Mosse;SKP;SKP;2;0.34
2018;rd;14807012;Västra Hisingen, Svarte Mosse;TRP;TRP;0;0.00
2018;rd;14807012;Västra Hisingen, Svarte Mosse;ÖVR;ÖVR;0;0.00
2018;rd;14807021;Västra Hisingen, Länsmansgården, C;M;M;82;9.87
2018;rd;14807021;Västra Hisingen, Länsmansgården, C;C;C;32;3.85
2018;rd;14807021;Västra Hisingen, Länsmansgården, C;L;L;21;2.53
2018;rd;14807021;Västra Hisingen, Länsmansgården, C;KD;KD;12;1.44
2018;rd;14807021;Västra Hisingen, Länsmansgården, C;S;S;331;39.83
2018;rd;14807021;Västra Hisingen, Länsmansgården, C;V;V;149;17.93
2018;rd;14807021;Västra Hisingen, Länsmansgården, C;MP;MP;31;3.73
2018;rd;14807021;Västra Hisingen, Länsmansgården, C;SD;SD;154;18.53
2018;rd;14807021;Västra Hisingen, Länsmansgården, C;FI;FI;5;0.60
2018;rd;14807021;Västra Hisingen, Länsmansgården, C;AfS;AFS;5;0.60
2018;rd;14807021;Västra Hisingen, Länsmansgården, C;BASIP;BASIP;0;0.00
2018;rd;14807021;Västra Hisingen, Länsmansgården, C;DD;DD;2;0.24
2018;rd;14807021;Västra Hisingen, Länsmansgården, C;DjuP;DJUP;1;0.12
2018;rd;14807021;Västra Hisingen, Länsmansgården, C;EAP;EAP;0;0.00
2018;rd;14807021;Västra Hisingen, Länsmansgården, C;ENH;ENH;0;0.00
2018;rd;14807021;Västra Hisingen, Länsmansgården, C;INI;INI;0;0.00
2018;rd;14807021;Västra Hisingen, Länsmansgården, C;KLP;KLP;2;0.24
2018;rd;14807021;Västra Hisingen, Länsmansgården, C;KrVP;KRVP;0;0.00
2018;rd;14807021;Västra Hisingen, Länsmansgården, C;LPo;LPO;0;0.00
2018;rd;14807021;Västra Hisingen, Länsmansgården, C;MED;MED;1;0.12
2018;rd;14807021;Västra Hisingen, Länsmansgården, C;NMR;NMR;1;0.12
2018;rd;14807021;Västra Hisingen, Länsmansgården, C;NYREF;NYREF;0;0.00
2018;rd;14807021;Västra Hisingen, Länsmansgården, C;PP;PP;2;0.24
2018;rd;14807021;Västra Hisingen, Länsmansgården, C;SKP;SKP;0;0.00
2018;rd;14807021;Västra Hisingen, Länsmansgården, C;TRP;TRP;0;0.00
2018;rd;14807021;Västra Hisingen, Länsmansgården, C;ÖVR;ÖVR;0;0.00
2018;rd;14807022;Västra Hisingen, Länsmansgården, N;M;M;108;12.81
2018;rd;14807022;Västra Hisingen, Länsmansgården, N;C;C;45;5.34
2018;rd;14807022;Västra Hisingen, Länsmansgården, N;L;L;26;3.08
2018;rd;14807022;Västra Hisingen, Länsmansgården, N;KD;KD;31;3.68
2018;rd;14807022;Västra Hisingen, Länsmansgården, N;S;S;311;36.89
2018;rd;14807022;Västra Hisingen, Länsmansgården, N;V;V;114;13.52
2018;rd;14807022;Västra Hisingen, Länsmansgården, N;MP;MP;30;3.56
2018;rd;14807022;Västra Hisingen, Länsmansgården, N;SD;SD;163;19.34
2018;rd;14807022;Västra Hisingen, Länsmansgården, N;FI;FI;7;0.83
2018;rd;14807022;Västra Hisingen, Länsmansgården, N;AfS;AFS;3;0.36
2018;rd;14807022;Västra Hisingen, Länsmansgården, N;BASIP;BASIP;0;0.00
2018;rd;14807022;Västra Hisingen, Länsmansgården, N;DD;DD;2;0.24
2018;rd;14807022;Västra Hisingen, Länsmansgården, N;DjuP;DJUP;0;0.00
2018;rd;14807022;Västra Hisingen, Länsmansgården, N;EAP;EAP;0;0.00
2018;rd;14807022;Västra Hisingen, Länsmansgården, N;ENH;ENH;0;0.00
2018;rd;14807022;Västra Hisingen, Länsmansgården, N;INI;INI;0;0.00
2018;rd;14807022;Västra Hisingen, Länsmansgården, N;KLP;KLP;0;0.00
2018;rd;14807022;Västra Hisingen, Länsmansgården, N;KrVP;KRVP;1;0.12
2018;rd;14807022;Västra Hisingen, Länsmansgården, N;LPo;LPO;0;0.00
2018;rd;14807022;Västra Hisingen, Länsmansgården, N;MED;MED;1;0.12
2018;rd;14807022;Västra Hisingen, Länsmansgården, N;NMR;NMR;0;0.00
2018;rd;14807022;Västra Hisingen, Länsmansgården, N;NYREF;NYREF;0;0.00
2018;rd;14807022;Västra Hisingen, Länsmansgården, N;PP;PP;1;0.12
2018;rd;14807022;Västra Hisingen, Länsmansgården, N;SKP;SKP;0;0.00
2018;rd;14807022;Västra Hisingen, Länsmansgården, N;TRP;TRP;0;0.00
2018;rd;14807022;Västra Hisingen, Länsmansgården, N;ÖVR;ÖVR;0;0.00
2018;rd;14807023;Västra Hisingen, Länsmansgården, S;M;M;33;5.01
2018;rd;14807023;Västra Hisingen, Länsmansgården, S;C;C;39;5.92
2018;rd;14807023;Västra Hisingen, Länsmansgården, S;L;L;7;1.06
2018;rd;14807023;Västra Hisingen, Länsmansgården, S;KD;KD;7;1.06
2018;rd;14807023;Västra Hisingen, Länsmansgården, S;S;S;341;51.75
2018;rd;14807023;Västra Hisingen, Länsmansgården, S;V;V;79;11.99
2018;rd;14807023;Västra Hisingen, Länsmansgården, S;MP;MP;47;7.13
2018;rd;14807023;Västra Hisingen, Länsmansgården, S;SD;SD;93;14.11
2018;rd;14807023;Västra Hisingen, Länsmansgården, S;FI;FI;0;0.00
2018;rd;14807023;Västra Hisingen, Länsmansgården, S;AfS;AFS;2;0.30
2018;rd;14807023;Västra Hisingen, Länsmansgården, S;BASIP;BASIP;1;0.15
2018;rd;14807023;Västra Hisingen, Länsmansgården, S;DD;DD;1;0.15
2018;rd;14807023;Västra Hisingen, Länsmansgården, S;DjuP;DJUP;3;0.46
2018;rd;14807023;Västra Hisingen, Länsmansgården, S;EAP;EAP;0;0.00
2018;rd;14807023;Västra Hisingen, Länsmansgården, S;ENH;ENH;0;0.00
2018;rd;14807023;Västra Hisingen, Länsmansgården, S;INI;INI;0;0.00
2018;rd;14807023;Västra Hisingen, Länsmansgården, S;KLP;KLP;0;0.00
2018;rd;14807023;Västra Hisingen, Länsmansgården, S;KrVP;KRVP;1;0.15
2018;rd;14807023;Västra Hisingen, Länsmansgården, S;LPo;LPO;0;0.00
2018;rd;14807023;Västra Hisingen, Länsmansgården, S;MED;MED;1;0.15
2018;rd;14807023;Västra Hisingen, Länsmansgården, S;NMR;NMR;0;0.00
2018;rd;14807023;Västra Hisingen, Länsmansgården, S;NYREF;NYREF;0;0.00
2018;rd;14807023;Västra Hisingen, Länsmansgården, S;PP;PP;1;0.15
2018;rd;14807023;Västra Hisingen, Länsmansgården, S;SKP;SKP;2;0.30
2018;rd;14807023;Västra Hisingen, Länsmansgården, S;TRP;TRP;0;0.00
2018;rd;14807023;Västra Hisingen, Länsmansgården, S;ÖVR;ÖVR;1;0.15
2018;rd;14807031;Västra Hisingen, Länsmansgården, Ö;M;M;79;9.92
2018;rd;14807031;Västra Hisingen, Länsmansgården, Ö;C;C;21;2.64
2018;rd;14807031;Västra Hisingen, Länsmansgården, Ö;L;L;14;1.76
2018;rd;14807031;Västra Hisingen, Länsmansgården, Ö;KD;KD;18;2.26
2018;rd;14807031;Västra Hisingen, Länsmansgården, Ö;S;S;331;41.58
2018;rd;14807031;Västra Hisingen, Länsmansgården, Ö;V;V;163;20.48
2018;rd;14807031;Västra Hisingen, Länsmansgården, Ö;MP;MP;22;2.76
2018;rd;14807031;Västra Hisingen, Länsmansgården, Ö;SD;SD;131;16.46
2018;rd;14807031;Västra Hisingen, Länsmansgården, Ö;FI;FI;6;0.75
2018;rd;14807031;Västra Hisingen, Länsmansgården, Ö;AfS;AFS;1;0.13
2018;rd;14807031;Västra Hisingen, Länsmansgården, Ö;BASIP;BASIP;0;0.00
2018;rd;14807031;Västra Hisingen, Länsmansgården, Ö;DD;DD;0;0.00
2018;rd;14807031;Västra Hisingen, Länsmansgården, Ö;DjuP;DJUP;1;0.13
2018;rd;14807031;Västra Hisingen, Länsmansgården, Ö;EAP;EAP;0;0.00
2018;rd;14807031;Västra Hisingen, Länsmansgården, Ö;ENH;ENH;1;0.13
2018;rd;14807031;Västra Hisingen, Länsmansgården, Ö;INI;INI;0;0.00
2018;rd;14807031;Västra Hisingen, Länsmansgården, Ö;KLP;KLP;0;0.00
2018;rd;14807031;Västra Hisingen, Länsmansgården, Ö;KrVP;KRVP;2;0.25
2018;rd;14807031;Västra Hisingen, Länsmansgården, Ö;LPo;LPO;0;0.00
2018;rd;14807031;Västra Hisingen, Länsmansgården, Ö;MED;MED;0;0.00
2018;rd;14807031;Västra Hisingen, Länsmansgården, Ö;NMR;NMR;3;0.38
2018;rd;14807031;Västra Hisingen, Länsmansgården, Ö;NYREF;NYREF;1;0.13
2018;rd;14807031;Västra Hisingen, Länsmansgården, Ö;PP;PP;1;0.13
2018;rd;14807031;Västra Hisingen, Länsmansgården, Ö;SKP;SKP;1;0.13
2018;rd;14807031;Västra Hisingen, Länsmansgården, Ö;TRP;TRP;0;0.00
2018;rd;14807031;Västra Hisingen, Länsmansgården, Ö;ÖVR;ÖVR;0;0.00
2018;rd;14807032;Västra Hisingen, Svartedalen, Norra;M;M;90;10.79
2018;rd;14807032;Västra Hisingen, Svartedalen, Norra;C;C;32;3.84
2018;rd;14807032;Västra Hisingen, Svartedalen, Norra;L;L;23;2.76
2018;rd;14807032;Västra Hisingen, Svartedalen, Norra;KD;KD;24;2.88
2018;rd;14807032;Västra Hisingen, Svartedalen, Norra;S;S;320;38.37
2018;rd;14807032;Västra Hisingen, Svartedalen, Norra;V;V;152;18.23
2018;rd;14807032;Västra Hisingen, Svartedalen, Norra;MP;MP;30;3.60
2018;rd;14807032;Västra Hisingen, Svartedalen, Norra;SD;SD;144;17.27
2018;rd;14807032;Västra Hisingen, Svartedalen, Norra;FI;FI;4;0.48
2018;rd;14807032;Västra Hisingen, Svartedalen, Norra;AfS;AFS;5;0.60
2018;rd;14807032;Västra Hisingen, Svartedalen, Norra;BASIP;BASIP;0;0.00
2018;rd;14807032;Västra Hisingen, Svartedalen, Norra;DD;DD;1;0.12
2018;rd;14807032;Västra Hisingen, Svartedalen, Norra;DjuP;DJUP;2;0.24
2018;rd;14807032;Västra Hisingen, Svartedalen, Norra;EAP;EAP;0;0.00
2018;rd;14807032;Västra Hisingen, Svartedalen, Norra;ENH;ENH;1;0.12
2018;rd;14807032;Västra Hisingen, Svartedalen, Norra;INI;INI;0;0.00
2018;rd;14807032;Västra Hisingen, Svartedalen, Norra;KLP;KLP;0;0.00
2018;rd;14807032;Västra Hisingen, Svartedalen, Norra;KrVP;KRVP;0;0.00
2018;rd;14807032;Västra Hisingen, Svartedalen, Norra;LPo;LPO;0;0.00
2018;rd;14807032;Västra Hisingen, Svartedalen, Norra;MED;MED;2;0.24
2018;rd;14807032;Västra Hisingen, Svartedalen, Norra;NMR;NMR;1;0.12
2018;rd;14807032;Västra Hisingen, Svartedalen, Norra;NYREF;NYREF;0;0.00
2018;rd;14807032;Västra Hisingen, Svartedalen, Norra;PP;PP;2;0.24
2018;rd;14807032;Västra Hisingen, Svartedalen, Norra;SKP;SKP;1;0.12
2018;rd;14807032;Västra Hisingen, Svartedalen, Norra;TRP;TRP;0;0.00
2018;rd;14807032;Västra Hisingen, Svartedalen, Norra;ÖVR;ÖVR;0;0.00
2018;rd;14807041;Västra Hisingen, Andalen;M;M;427;37.89
2018;rd;14807041;Västra Hisingen, Andalen;C;C;111;9.85
2018;rd;14807041;Västra Hisingen, Andalen;L;L;100;8.87
2018;rd;14807041;Västra Hisingen, Andalen;KD;KD;86;7.63
2018;rd;14807041;Västra Hisingen, Andalen;S;S;132;11.71
2018;rd;14807041;Västra Hisingen, Andalen;V;V;35;3.11
2018;rd;14807041;Västra Hisingen, Andalen;MP;MP;53;4.70
2018;rd;14807041;Västra Hisingen, Andalen;SD;SD;176;15.62
2018;rd;14807041;Västra Hisingen, Andalen;FI;FI;3;0.27
2018;rd;14807041;Västra Hisingen, Andalen;AfS;AFS;2;0.18
2018;rd;14807041;Västra Hisingen, Andalen;BASIP;BASIP;0;0.00
2018;rd;14807041;Västra Hisingen, Andalen;DD;DD;0;0.00
2018;rd;14807041;Västra Hisingen, Andalen;DjuP;DJUP;0;0.00
2018;rd;14807041;Västra Hisingen, Andalen;EAP;EAP;0;0.00
2018;rd;14807041;Västra Hisingen, Andalen;ENH;ENH;0;0.00
2018;rd;14807041;Västra Hisingen, Andalen;INI;INI;0;0.00
2018;rd;14807041;Västra Hisingen, Andalen;KLP;KLP;0;0.00
2018;rd;14807041;Västra Hisingen, Andalen;KrVP;KRVP;0;0.00
2018;rd;14807041;Västra Hisingen, Andalen;LPo;LPO;0;0.00
2018;rd;14807041;Västra Hisingen, Andalen;MED;MED;2;0.18
2018;rd;14807041;Västra Hisingen, Andalen;NMR;NMR;0;0.00
2018;rd;14807041;Västra Hisingen, Andalen;NYREF;NYREF;0;0.00
2018;rd;14807041;Västra Hisingen, Andalen;PP;PP;0;0.00
2018;rd;14807041;Västra Hisingen, Andalen;SKP;SKP;0;0.00
2018;rd;14807041;Västra Hisingen, Andalen;TRP;TRP;0;0.00
2018;rd;14807041;Västra Hisingen, Andalen;ÖVR;ÖVR;0;0.00
2018;rd;14807042;Västra Hisingen, Gossbydal-Trånget;M;M;384;32.65
2018;rd;14807042;Västra Hisingen, Gossbydal-Trånget;C;C;98;8.33
2018;rd;14807042;Västra Hisingen, Gossbydal-Trånget;L;L;117;9.95
2018;rd;14807042;Västra Hisingen, Gossbydal-Trånget;KD;KD;92;7.82
2018;rd;14807042;Västra Hisingen, Gossbydal-Trånget;S;S;182;15.48
2018;rd;14807042;Västra Hisingen, Gossbydal-Trånget;V;V;45;3.83
2018;rd;14807042;Västra Hisingen, Gossbydal-Trånget;MP;MP;40;3.40
2018;rd;14807042;Västra Hisingen, Gossbydal-Trånget;SD;SD;210;17.86
2018;rd;14807042;Västra Hisingen, Gossbydal-Trånget;FI;FI;2;0.17
2018;rd;14807042;Västra Hisingen, Gossbydal-Trånget;AfS;AFS;2;0.17
2018;rd;14807042;Västra Hisingen, Gossbydal-Trånget;BASIP;BASIP;0;0.00
2018;rd;14807042;Västra Hisingen, Gossbydal-Trånget;DD;DD;1;0.09
2018;rd;14807042;Västra Hisingen, Gossbydal-Trånget;DjuP;DJUP;1;0.09
2018;rd;14807042;Västra Hisingen, Gossbydal-Trånget;EAP;EAP;0;0.00
2018;rd;14807042;Västra Hisingen, Gossbydal-Trånget;ENH;ENH;1;0.09
2018;rd;14807042;Västra Hisingen, Gossbydal-Trånget;INI;INI;0;0.00
2018;rd;14807042;Västra Hisingen, Gossbydal-Trånget;KLP;KLP;0;0.00
2018;rd;14807042;Västra Hisingen, Gossbydal-Trånget;KrVP;KRVP;0;0.00
2018;rd;14807042;Västra Hisingen, Gossbydal-Trånget;LPo;LPO;0;0.00
2018;rd;14807042;Västra Hisingen, Gossbydal-Trånget;MED;MED;0;0.00
2018;rd;14807042;Västra Hisingen, Gossbydal-Trånget;NMR;NMR;0;0.00
2018;rd;14807042;Västra Hisingen, Gossbydal-Trånget;NYREF;NYREF;0;0.00
2018;rd;14807042;Västra Hisingen, Gossbydal-Trånget;PP;PP;1;0.09
2018;rd;14807042;Västra Hisingen, Gossbydal-Trånget;SKP;SKP;0;0.00
2018;rd;14807042;Västra Hisingen, Gossbydal-Trånget;TRP;TRP;0;0.00
2018;rd;14807042;Västra Hisingen, Gossbydal-Trånget;ÖVR;ÖVR;0;0.00
2018;rd;14807043;Västra Hisingen, Hjuvik;M;M;516;37.66
2018;rd;14807043;Västra Hisingen, Hjuvik;C;C;153;11.17
2018;rd;14807043;Västra Hisingen, Hjuvik;L;L;150;10.95
2018;rd;14807043;Västra Hisingen, Hjuvik;KD;KD;134;9.78
2018;rd;14807043;Västra Hisingen, Hjuvik;S;S;114;8.32
2018;rd;14807043;Västra Hisingen, Hjuvik;V;V;27;1.97
2018;rd;14807043;Västra Hisingen, Hjuvik;MP;MP;67;4.89
2018;rd;14807043;Västra Hisingen, Hjuvik;SD;SD;199;14.53
2018;rd;14807043;Västra Hisingen, Hjuvik;FI;FI;3;0.22
2018;rd;14807043;Västra Hisingen, Hjuvik;AfS;AFS;0;0.00
2018;rd;14807043;Västra Hisingen, Hjuvik;BASIP;BASIP;0;0.00
2018;rd;14807043;Västra Hisingen, Hjuvik;DD;DD;1;0.07
2018;rd;14807043;Västra Hisingen, Hjuvik;DjuP;DJUP;0;0.00
2018;rd;14807043;Västra Hisingen, Hjuvik;EAP;EAP;0;0.00
2018;rd;14807043;Västra Hisingen, Hjuvik;ENH;ENH;0;0.00
2018;rd;14807043;Västra Hisingen, Hjuvik;INI;INI;0;0.00
2018;rd;14807043;Västra Hisingen, Hjuvik;KLP;KLP;0;0.00
2018;rd;14807043;Västra Hisingen, Hjuvik;KrVP;KRVP;1;0.07
2018;rd;14807043;Västra Hisingen, Hjuvik;LPo;LPO;0;0.00
2018;rd;14807043;Västra Hisingen, Hjuvik;MED;MED;3;0.22
2018;rd;14807043;Västra Hisingen, Hjuvik;NMR;NMR;0;0.00
2018;rd;14807043;Västra Hisingen, Hjuvik;NYREF;NYREF;0;0.00
2018;rd;14807043;Västra Hisingen, Hjuvik;PP;PP;2;0.15
2018;rd;14807043;Västra Hisingen, Hjuvik;SKP;SKP;0;0.00
2018;rd;14807043;Västra Hisingen, Hjuvik;TRP;TRP;0;0.00
2018;rd;14807043;Västra Hisingen, Hjuvik;ÖVR;ÖVR;0;0.00
2018;rd;14807044;Västra Hisingen, Hällsvik;M;M;435;39.26
2018;rd;14807044;Västra Hisingen, Hällsvik;C;C;121;10.92
2018;rd;14807044;Västra Hisingen, Hällsvik;L;L;109;9.84
2018;rd;14807044;Västra Hisingen, Hällsvik;KD;KD;59;5.32
2018;rd;14807044;Västra Hisingen, Hällsvik;S;S;124;11.19
2018;rd;14807044;Västra Hisingen, Hällsvik;V;V;34;3.07
2018;rd;14807044;Västra Hisingen, Hällsvik;MP;MP;43;3.88
2018;rd;14807044;Västra Hisingen, Hällsvik;SD;SD;171;15.43
2018;rd;14807044;Västra Hisingen, Hällsvik;FI;FI;10;0.90
2018;rd;14807044;Västra Hisingen, Hällsvik;AfS;AFS;0;0.00
2018;rd;14807044;Västra Hisingen, Hällsvik;BASIP;BASIP;0;0.00
2018;rd;14807044;Västra Hisingen, Hällsvik;DD;DD;0;0.00
2018;rd;14807044;Västra Hisingen, Hällsvik;DjuP;DJUP;0;0.00
2018;rd;14807044;Västra Hisingen, Hällsvik;EAP;EAP;0;0.00
2018;rd;14807044;Västra Hisingen, Hällsvik;ENH;ENH;0;0.00
2018;rd;14807044;Västra Hisingen, Hällsvik;INI;INI;0;0.00
2018;rd;14807044;Västra Hisingen, Hällsvik;KLP;KLP;0;0.00
2018;rd;14807044;Västra Hisingen, Hällsvik;KrVP;KRVP;0;0.00
2018;rd;14807044;Västra Hisingen, Hällsvik;LPo;LPO;0;0.00
2018;rd;14807044;Västra Hisingen, Hällsvik;MED;MED;1;0.09
2018;rd;14807044;Västra Hisingen, Hällsvik;NMR;NMR;0;0.00
2018;rd;14807044;Västra Hisingen, Hällsvik;NYREF;NYREF;0;0.00
2018;rd;14807044;Västra Hisingen, Hällsvik;PP;PP;1;0.09
2018;rd;14807044;Västra Hisingen, Hällsvik;SKP;SKP;0;0.00
2018;rd;14807044;Västra Hisingen, Hällsvik;TRP;TRP;0;0.00
2018;rd;14807044;Västra Hisingen, Hällsvik;ÖVR;ÖVR;0;0.00
2018;rd;14807051;Västra Hisingen, Amhult-Arendal;M;M;290;25.26
2018;rd;14807051;Västra Hisingen, Amhult-Arendal;C;C;58;5.05
2018;rd;14807051;Västra Hisingen, Amhult-Arendal;L;L;72;6.27
2018;rd;14807051;Västra Hisingen, Amhult-Arendal;KD;KD;65;5.66
2018;rd;14807051;Västra Hisingen, Amhult-Arendal;S;S;253;22.04
2018;rd;14807051;Västra Hisingen, Amhult-Arendal;V;V;58;5.05
2018;rd;14807051;Västra Hisingen, Amhult-Arendal;MP;MP;31;2.70
2018;rd;14807051;Västra Hisingen, Amhult-Arendal;SD;SD;296;25.78
2018;rd;14807051;Västra Hisingen, Amhult-Arendal;FI;FI;7;0.61
2018;rd;14807051;Västra Hisingen, Amhult-Arendal;AfS;AFS;2;0.17
2018;rd;14807051;Västra Hisingen, Amhult-Arendal;BASIP;BASIP;0;0.00
2018;rd;14807051;Västra Hisingen, Amhult-Arendal;DD;DD;1;0.09
2018;rd;14807051;Västra Hisingen, Amhult-Arendal;DjuP;DJUP;2;0.17
2018;rd;14807051;Västra Hisingen, Amhult-Arendal;EAP;EAP;0;0.00
2018;rd;14807051;Västra Hisingen, Amhult-Arendal;ENH;ENH;3;0.26
2018;rd;14807051;Västra Hisingen, Amhult-Arendal;INI;INI;0;0.00
2018;rd;14807051;Västra Hisingen, Amhult-Arendal;KLP;KLP;0;0.00
2018;rd;14807051;Västra Hisingen, Amhult-Arendal;KrVP;KRVP;2;0.17
2018;rd;14807051;Västra Hisingen, Amhult-Arendal;LPo;LPO;0;0.00
2018;rd;14807051;Västra Hisingen, Amhult-Arendal;MED;MED;4;0.35
2018;rd;14807051;Västra Hisingen, Amhult-Arendal;NMR;NMR;1;0.09
2018;rd;14807051;Västra Hisingen, Amhult-Arendal;NYREF;NYREF;0;0.00
2018;rd;14807051;Västra Hisingen, Amhult-Arendal;PP;PP;3;0.26
2018;rd;14807051;Västra Hisingen, Amhult-Arendal;SKP;SKP;0;0.00
2018;rd;14807051;Västra Hisingen, Amhult-Arendal;TRP;TRP;0;0.00
2018;rd;14807051;Västra Hisingen, Amhult-Arendal;ÖVR;ÖVR;0;0.00
2018;rd;14807052;Västra Hisingen, Domarringen m fl;M;M;324;29.62
2018;rd;14807052;Västra Hisingen, Domarringen m fl;C;C;82;7.50
2018;rd;14807052;Västra Hisingen, Domarringen m fl;L;L;105;9.60
2018;rd;14807052;Västra Hisingen, Domarringen m fl;KD;KD;83;7.59
2018;rd;14807052;Västra Hisingen, Domarringen m fl;S;S;193;17.64
2018;rd;14807052;Västra Hisingen, Domarringen m fl;V;V;47;4.30
2018;rd;14807052;Västra Hisingen, Domarringen m fl;MP;MP;45;4.11
2018;rd;14807052;Västra Hisingen, Domarringen m fl;SD;SD;204;18.65
2018;rd;14807052;Västra Hisingen, Domarringen m fl;FI;FI;1;0.09
2018;rd;14807052;Västra Hisingen, Domarringen m fl;AfS;AFS;6;0.55
2018;rd;14807052;Västra Hisingen, Domarringen m fl;BASIP;BASIP;0;0.00
2018;rd;14807052;Västra Hisingen, Domarringen m fl;DD;DD;0;0.00
2018;rd;14807052;Västra Hisingen, Domarringen m fl;DjuP;DJUP;1;0.09
2018;rd;14807052;Västra Hisingen, Domarringen m fl;EAP;EAP;0;0.00
2018;rd;14807052;Västra Hisingen, Domarringen m fl;ENH;ENH;0;0.00
2018;rd;14807052;Västra Hisingen, Domarringen m fl;INI;INI;0;0.00
2018;rd;14807052;Västra Hisingen, Domarringen m fl;KLP;KLP;0;0.00
2018;rd;14807052;Västra Hisingen, Domarringen m fl;KrVP;KRVP;0;0.00
2018;rd;14807052;Västra Hisingen, Domarringen m fl;LPo;LPO;0;0.00
2018;rd;14807052;Västra Hisingen, Domarringen m fl;MED;MED;1;0.09
2018;rd;14807052;Västra Hisingen, Domarringen m fl;NMR;NMR;0;0.00
2018;rd;14807052;Västra Hisingen, Domarringen m fl;NYREF;NYREF;0;0.00
2018;rd;14807052;Västra Hisingen, Domarringen m fl;PP;PP;2;0.18
2018;rd;14807052;Västra Hisingen, Domarringen m fl;SKP;SKP;0;0.00
2018;rd;14807052;Västra Hisingen, Domarringen m fl;TRP;TRP;0;0.00
2018;rd;14807052;Västra Hisingen, Domarringen m fl;ÖVR;ÖVR;0;0.00
2018;rd;14807053;Västra Hisingen, Nolered;M;M;377;29.66
2018;rd;14807053;Västra Hisingen, Nolered;C;C;123;9.68
2018;rd;14807053;Västra Hisingen, Nolered;L;L;132;10.39
2018;rd;14807053;Västra Hisingen, Nolered;KD;KD;100;7.87
2018;rd;14807053;Västra Hisingen, Nolered;S;S;224;17.62
2018;rd;14807053;Västra Hisingen, Nolered;V;V;54;4.25
2018;rd;14807053;Västra Hisingen, Nolered;MP;MP;39;3.07
2018;rd;14807053;Västra Hisingen, Nolered;SD;SD;211;16.60
2018;rd;14807053;Västra Hisingen, Nolered;FI;FI;2;0.16
2018;rd;14807053;Västra Hisingen, Nolered;AfS;AFS;3;0.24
2018;rd;14807053;Västra Hisingen, Nolered;BASIP;BASIP;0;0.00
2018;rd;14807053;Västra Hisingen, Nolered;DD;DD;3;0.24
2018;rd;14807053;Västra Hisingen, Nolered;DjuP;DJUP;0;0.00
2018;rd;14807053;Västra Hisingen, Nolered;EAP;EAP;0;0.00
2018;rd;14807053;Västra Hisingen, Nolered;ENH;ENH;0;0.00
2018;rd;14807053;Västra Hisingen, Nolered;INI;INI;0;0.00
2018;rd;14807053;Västra Hisingen, Nolered;KLP;KLP;0;0.00
2018;rd;14807053;Västra Hisingen, Nolered;KrVP;KRVP;1;0.08
2018;rd;14807053;Västra Hisingen, Nolered;LPo;LPO;0;0.00
2018;rd;14807053;Västra Hisingen, Nolered;MED;MED;2;0.16
2018;rd;14807053;Västra Hisingen, Nolered;NMR;NMR;0;0.00
2018;rd;14807053;Västra Hisingen, Nolered;NYREF;NYREF;0;0.00
2018;rd;14807053;Västra Hisingen, Nolered;PP;PP;0;0.00
2018;rd;14807053;Västra Hisingen, Nolered;SKP;SKP;0;0.00
2018;rd;14807053;Västra Hisingen, Nolered;TRP;TRP;0;0.00
2018;rd;14807053;Västra Hisingen, Nolered;ÖVR;ÖVR;0;0.00
2018;rd;14807054;Västra Hisingen, Torslanda;M;M;320;25.42
2018;rd;14807054;Västra Hisingen, Torslanda;C;C;69;5.48
2018;rd;14807054;Västra Hisingen, Torslanda;L;L;101;8.02
2018;rd;14807054;Västra Hisingen, Torslanda;KD;KD;81;6.43
2018;rd;14807054;Västra Hisingen, Torslanda;S;S;294;23.35
2018;rd;14807054;Västra Hisingen, Torslanda;V;V;49;3.89
2018;rd;14807054;Västra Hisingen, Torslanda;MP;MP;48;3.81
2018;rd;14807054;Västra Hisingen, Torslanda;SD;SD;284;22.56
2018;rd;14807054;Västra Hisingen, Torslanda;FI;FI;3;0.24
2018;rd;14807054;Västra Hisingen, Torslanda;AfS;AFS;3;0.24
2018;rd;14807054;Västra Hisingen, Torslanda;BASIP;BASIP;0;0.00
2018;rd;14807054;Västra Hisingen, Torslanda;DD;DD;2;0.16
2018;rd;14807054;Västra Hisingen, Torslanda;DjuP;DJUP;1;0.08
2018;rd;14807054;Västra Hisingen, Torslanda;EAP;EAP;0;0.00
2018;rd;14807054;Västra Hisingen, Torslanda;ENH;ENH;0;0.00
2018;rd;14807054;Västra Hisingen, Torslanda;INI;INI;0;0.00
2018;rd;14807054;Västra Hisingen, Torslanda;KLP;KLP;2;0.16
2018;rd;14807054;Västra Hisingen, Torslanda;KrVP;KRVP;0;0.00
2018;rd;14807054;Västra Hisingen, Torslanda;LPo;LPO;0;0.00
2018;rd;14807054;Västra Hisingen, Torslanda;MED;MED;0;0.00
2018;rd;14807054;Västra Hisingen, Torslanda;NMR;NMR;0;0.00
2018;rd;14807054;Västra Hisingen, Torslanda;NYREF;NYREF;0;0.00
2018;rd;14807054;Västra Hisingen, Torslanda;PP;PP;2;0.16
2018;rd;14807054;Västra Hisingen, Torslanda;SKP;SKP;0;0.00
2018;rd;14807054;Västra Hisingen, Torslanda;TRP;TRP;0;0.00
2018;rd;14807054;Västra Hisingen, Torslanda;ÖVR;ÖVR;0;0.00
2018;rd;14807055;Västra Hisingen, Torslanda Torg;M;M;249;24.39
2018;rd;14807055;Västra Hisingen, Torslanda Torg;C;C;65;6.37
2018;rd;14807055;Västra Hisingen, Torslanda Torg;L;L;72;7.05
2018;rd;14807055;Västra Hisingen, Torslanda Torg;KD;KD;67;6.56
2018;rd;14807055;Västra Hisingen, Torslanda Torg;S;S;254;24.88
2018;rd;14807055;Västra Hisingen, Torslanda Torg;V;V;42;4.11
2018;rd;14807055;Västra Hisingen, Torslanda Torg;MP;MP;32;3.13
2018;rd;14807055;Västra Hisingen, Torslanda Torg;SD;SD;228;22.33
2018;rd;14807055;Västra Hisingen, Torslanda Torg;FI;FI;2;0.20
2018;rd;14807055;Västra Hisingen, Torslanda Torg;AfS;AFS;5;0.49
2018;rd;14807055;Västra Hisingen, Torslanda Torg;BASIP;BASIP;0;0.00
2018;rd;14807055;Västra Hisingen, Torslanda Torg;DD;DD;0;0.00
2018;rd;14807055;Västra Hisingen, Torslanda Torg;DjuP;DJUP;2;0.20
2018;rd;14807055;Västra Hisingen, Torslanda Torg;EAP;EAP;0;0.00
2018;rd;14807055;Västra Hisingen, Torslanda Torg;ENH;ENH;0;0.00
2018;rd;14807055;Västra Hisingen, Torslanda Torg;INI;INI;0;0.00
2018;rd;14807055;Västra Hisingen, Torslanda Torg;KLP;KLP;0;0.00
2018;rd;14807055;Västra Hisingen, Torslanda Torg;KrVP;KRVP;0;0.00
2018;rd;14807055;Västra Hisingen, Torslanda Torg;LPo;LPO;0;0.00
2018;rd;14807055;Västra Hisingen, Torslanda Torg;MED;MED;2;0.20
2018;rd;14807055;Västra Hisingen, Torslanda Torg;NMR;NMR;0;0.00
2018;rd;14807055;Västra Hisingen, Torslanda Torg;NYREF;NYREF;0;0.00
2018;rd;14807055;Västra Hisingen, Torslanda Torg;PP;PP;1;0.10
2018;rd;14807055;Västra Hisingen, Torslanda Torg;SKP;SKP;0;0.00
2018;rd;14807055;Västra Hisingen, Torslanda Torg;TRP;TRP;0;0.00
2018;rd;14807055;Västra Hisingen, Torslanda Torg;ÖVR;ÖVR;0;0.00
2018;rd;14807056;Västra Hisingen, Tumlehed;M;M;387;32.14
2018;rd;14807056;Västra Hisingen, Tumlehed;C;C;99;8.22
2018;rd;14807056;Västra Hisingen, Tumlehed;L;L;112;9.30
2018;rd;14807056;Västra Hisingen, Tumlehed;KD;KD;68;5.65
2018;rd;14807056;Västra Hisingen, Tumlehed;S;S;213;17.69
2018;rd;14807056;Västra Hisingen, Tumlehed;V;V;44;3.65
2018;rd;14807056;Västra Hisingen, Tumlehed;MP;MP;56;4.65
2018;rd;14807056;Västra Hisingen, Tumlehed;SD;SD;217;18.02
2018;rd;14807056;Västra Hisingen, Tumlehed;FI;FI;0;0.00
2018;rd;14807056;Västra Hisingen, Tumlehed;AfS;AFS;4;0.33
2018;rd;14807056;Västra Hisingen, Tumlehed;BASIP;BASIP;0;0.00
2018;rd;14807056;Västra Hisingen, Tumlehed;DD;DD;0;0.00
2018;rd;14807056;Västra Hisingen, Tumlehed;DjuP;DJUP;1;0.08
2018;rd;14807056;Västra Hisingen, Tumlehed;EAP;EAP;0;0.00
2018;rd;14807056;Västra Hisingen, Tumlehed;ENH;ENH;0;0.00
2018;rd;14807056;Västra Hisingen, Tumlehed;INI;INI;0;0.00
2018;rd;14807056;Västra Hisingen, Tumlehed;KLP;KLP;0;0.00
2018;rd;14807056;Västra Hisingen, Tumlehed;KrVP;KRVP;0;0.00
2018;rd;14807056;Västra Hisingen, Tumlehed;LPo;LPO;0;0.00
2018;rd;14807056;Västra Hisingen, Tumlehed;MED;MED;2;0.17
2018;rd;14807056;Västra Hisingen, Tumlehed;NMR;NMR;0;0.00
2018;rd;14807056;Västra Hisingen, Tumlehed;NYREF;NYREF;0;0.00
2018;rd;14807056;Västra Hisingen, Tumlehed;PP;PP;1;0.08
2018;rd;14807056;Västra Hisingen, Tumlehed;SKP;SKP;0;0.00
2018;rd;14807056;Västra Hisingen, Tumlehed;TRP;TRP;0;0.00
2018;rd;14807056;Västra Hisingen, Tumlehed;ÖVR;ÖVR;0;0.00
2018;rd;14807061;Västra Hisingen, Björlanda;M;M;283;27.26
2018;rd;14807061;Västra Hisingen, Björlanda;C;C;86;8.29
2018;rd;14807061;Västra Hisingen, Björlanda;L;L;74;7.13
2018;rd;14807061;Västra Hisingen, Björlanda;KD;KD;47;4.53
2018;rd;14807061;Västra Hisingen, Björlanda;S;S;152;14.64
2018;rd;14807061;Västra Hisingen, Björlanda;V;V;43;4.14
2018;rd;14807061;Västra Hisingen, Björlanda;MP;MP;59;5.68
2018;rd;14807061;Västra Hisingen, Björlanda;SD;SD;284;27.36
2018;rd;14807061;Västra Hisingen, Björlanda;FI;FI;4;0.39
2018;rd;14807061;Västra Hisingen, Björlanda;AfS;AFS;1;0.10
2018;rd;14807061;Västra Hisingen, Björlanda;BASIP;BASIP;0;0.00
2018;rd;14807061;Västra Hisingen, Björlanda;DD;DD;0;0.00
2018;rd;14807061;Västra Hisingen, Björlanda;DjuP;DJUP;0;0.00
2018;rd;14807061;Västra Hisingen, Björlanda;EAP;EAP;0;0.00
2018;rd;14807061;Västra Hisingen, Björlanda;ENH;ENH;1;0.10
2018;rd;14807061;Västra Hisingen, Björlanda;INI;INI;0;0.00
2018;rd;14807061;Västra Hisingen, Björlanda;KLP;KLP;0;0.00
2018;rd;14807061;Västra Hisingen, Björlanda;KrVP;KRVP;0;0.00
2018;rd;14807061;Västra Hisingen, Björlanda;LPo;LPO;0;0.00
2018;rd;14807061;Västra Hisingen, Björlanda;MED;MED;2;0.19
2018;rd;14807061;Västra Hisingen, Björlanda;NMR;NMR;1;0.10
2018;rd;14807061;Västra Hisingen, Björlanda;NYREF;NYREF;0;0.00
2018;rd;14807061;Västra Hisingen, Björlanda;PP;PP;1;0.10
2018;rd;14807061;Västra Hisingen, Björlanda;SKP;SKP;0;0.00
2018;rd;14807061;Västra Hisingen, Björlanda;TRP;TRP;0;0.00
2018;rd;14807061;Västra Hisingen, Björlanda;ÖVR;ÖVR;0;0.00
2018;rd;14807062;Västra Hisingen, Kvisljungeby;M;M;325;31.01
2018;rd;14807062;Västra Hisingen, Kvisljungeby;C;C;73;6.97
2018;rd;14807062;Västra Hisingen, Kvisljungeby;L;L;88;8.40
2018;rd;14807062;Västra Hisingen, Kvisljungeby;KD;KD;62;5.92
2018;rd;14807062;Västra Hisingen, Kvisljungeby;S;S;178;16.98
2018;rd;14807062;Västra Hisingen, Kvisljungeby;V;V;47;4.48
2018;rd;14807062;Västra Hisingen, Kvisljungeby;MP;MP;43;4.10
2018;rd;14807062;Västra Hisingen, Kvisljungeby;SD;SD;215;20.52
2018;rd;14807062;Västra Hisingen, Kvisljungeby;FI;FI;4;0.38
2018;rd;14807062;Västra Hisingen, Kvisljungeby;AfS;AFS;3;0.29
2018;rd;14807062;Västra Hisingen, Kvisljungeby;BASIP;BASIP;0;0.00
2018;rd;14807062;Västra Hisingen, Kvisljungeby;DD;DD;1;0.10
2018;rd;14807062;Västra Hisingen, Kvisljungeby;DjuP;DJUP;0;0.00
2018;rd;14807062;Västra Hisingen, Kvisljungeby;EAP;EAP;0;0.00
2018;rd;14807062;Västra Hisingen, Kvisljungeby;ENH;ENH;1;0.10
2018;rd;14807062;Västra Hisingen, Kvisljungeby;INI;INI;0;0.00
2018;rd;14807062;Västra Hisingen, Kvisljungeby;KLP;KLP;0;0.00
2018;rd;14807062;Västra Hisingen, Kvisljungeby;KrVP;KRVP;0;0.00
2018;rd;14807062;Västra Hisingen, Kvisljungeby;LPo;LPO;1;0.10
2018;rd;14807062;Västra Hisingen, Kvisljungeby;MED;MED;4;0.38
2018;rd;14807062;Västra Hisingen, Kvisljungeby;NMR;NMR;0;0.00
2018;rd;14807062;Västra Hisingen, Kvisljungeby;NYREF;NYREF;0;0.00
2018;rd;14807062;Västra Hisingen, Kvisljungeby;PP;PP;3;0.29
2018;rd;14807062;Västra Hisingen, Kvisljungeby;SKP;SKP;0;0.00
2018;rd;14807062;Västra Hisingen, Kvisljungeby;TRP;TRP;0;0.00
2018;rd;14807062;Västra Hisingen, Kvisljungeby;ÖVR;ÖVR;0;0.00
2018;rd;14807063;Västra Hisingen, Lilleby;M;M;406;33.83
2018;rd;14807063;Västra Hisingen, Lilleby;C;C;121;10.08
2018;rd;14807063;Västra Hisingen, Lilleby;L;L;114;9.50
2018;rd;14807063;Västra Hisingen, Lilleby;KD;KD;75;6.25
2018;rd;14807063;Västra Hisingen, Lilleby;S;S;155;12.92
2018;rd;14807063;Västra Hisingen, Lilleby;V;V;31;2.58
2018;rd;14807063;Västra Hisingen, Lilleby;MP;MP;61;5.08
2018;rd;14807063;Västra Hisingen, Lilleby;SD;SD;227;18.92
2018;rd;14807063;Västra Hisingen, Lilleby;FI;FI;2;0.17
2018;rd;14807063;Västra Hisingen, Lilleby;AfS;AFS;4;0.33
2018;rd;14807063;Västra Hisingen, Lilleby;BASIP;BASIP;0;0.00
2018;rd;14807063;Västra Hisingen, Lilleby;DD;DD;2;0.17
2018;rd;14807063;Västra Hisingen, Lilleby;DjuP;DJUP;1;0.08
2018;rd;14807063;Västra Hisingen, Lilleby;EAP;EAP;0;0.00
2018;rd;14807063;Västra Hisingen, Lilleby;ENH;ENH;0;0.00
2018;rd;14807063;Västra Hisingen, Lilleby;INI;INI;0;0.00
2018;rd;14807063;Västra Hisingen, Lilleby;KLP;KLP;0;0.00
2018;rd;14807063;Västra Hisingen, Lilleby;KrVP;KRVP;0;0.00
2018;rd;14807063;Västra Hisingen, Lilleby;LPo;LPO;0;0.00
2018;rd;14807063;Västra Hisingen, Lilleby;MED;MED;1;0.08
2018;rd;14807063;Västra Hisingen, Lilleby;NMR;NMR;0;0.00
2018;rd;14807063;Västra Hisingen, Lilleby;NYREF;NYREF;0;0.00
2018;rd;14807063;Västra Hisingen, Lilleby;PP;PP;0;0.00
2018;rd;14807063;Västra Hisingen, Lilleby;SKP;SKP;0;0.00
2018;rd;14807063;Västra Hisingen, Lilleby;TRP;TRP;0;0.00
2018;rd;14807063;Västra Hisingen, Lilleby;ÖVR;ÖVR;0;0.00
2018;rd;14807064;Västra Hisingen, Nolvik;M;M;265;26.66
2018;rd;14807064;Västra Hisingen, Nolvik;C;C;86;8.65
2018;rd;14807064;Västra Hisingen, Nolvik;L;L;88;8.85
2018;rd;14807064;Västra Hisingen, Nolvik;KD;KD;66;6.64
2018;rd;14807064;Västra Hisingen, Nolvik;S;S;174;17.51
2018;rd;14807064;Västra Hisingen, Nolvik;V;V;43;4.33
2018;rd;14807064;Västra Hisingen, Nolvik;MP;MP;28;2.82
2018;rd;14807064;Västra Hisingen, Nolvik;SD;SD;231;23.24
2018;rd;14807064;Västra Hisingen, Nolvik;FI;FI;4;0.40
2018;rd;14807064;Västra Hisingen, Nolvik;AfS;AFS;5;0.50
2018;rd;14807064;Västra Hisingen, Nolvik;BASIP;BASIP;0;0.00
2018;rd;14807064;Västra Hisingen, Nolvik;DD;DD;2;0.20
2018;rd;14807064;Västra Hisingen, Nolvik;DjuP;DJUP;0;0.00
2018;rd;14807064;Västra Hisingen, Nolvik;EAP;EAP;0;0.00
2018;rd;14807064;Västra Hisingen, Nolvik;ENH;ENH;0;0.00
2018;rd;14807064;Västra Hisingen, Nolvik;INI;INI;0;0.00
2018;rd;14807064;Västra Hisingen, Nolvik;KLP;KLP;0;0.00
2018;rd;14807064;Västra Hisingen, Nolvik;KrVP;KRVP;0;0.00
2018;rd;14807064;Västra Hisingen, Nolvik;LPo;LPO;0;0.00
2018;rd;14807064;Västra Hisingen, Nolvik;MED;MED;2;0.20
2018;rd;14807064;Västra Hisingen, Nolvik;NMR;NMR;0;0.00
2018;rd;14807064;Västra Hisingen, Nolvik;NYREF;NYREF;0;0.00
2018;rd;14807064;Västra Hisingen, Nolvik;PP;PP;0;0.00
2018;rd;14807064;Västra Hisingen, Nolvik;SKP;SKP;0;0.00
2018;rd;14807064;Västra Hisingen, Nolvik;TRP;TRP;0;0.00
2018;rd;14807064;Västra Hisingen, Nolvik;ÖVR;ÖVR;0;0.00
2018;rd;14807065;Västra Hisingen, Älvegården m fl;M;M;322;32.53
2018;rd;14807065;Västra Hisingen, Älvegården m fl;C;C;91;9.19
2018;rd;14807065;Västra Hisingen, Älvegården m fl;L;L;84;8.48
2018;rd;14807065;Västra Hisingen, Älvegården m fl;KD;KD;65;6.57
2018;rd;14807065;Västra Hisingen, Älvegården m fl;S;S;153;15.45
2018;rd;14807065;Västra Hisingen, Älvegården m fl;V;V;38;3.84
2018;rd;14807065;Västra Hisingen, Älvegården m fl;MP;MP;40;4.04
2018;rd;14807065;Västra Hisingen, Älvegården m fl;SD;SD;190;19.19
2018;rd;14807065;Västra Hisingen, Älvegården m fl;FI;FI;1;0.10
2018;rd;14807065;Västra Hisingen, Älvegården m fl;AfS;AFS;5;0.51
2018;rd;14807065;Västra Hisingen, Älvegården m fl;BASIP;BASIP;0;0.00
2018;rd;14807065;Västra Hisingen, Älvegården m fl;DD;DD;0;0.00
2018;rd;14807065;Västra Hisingen, Älvegården m fl;DjuP;DJUP;0;0.00
2018;rd;14807065;Västra Hisingen, Älvegården m fl;EAP;EAP;0;0.00
2018;rd;14807065;Västra Hisingen, Älvegården m fl;ENH;ENH;0;0.00
2018;rd;14807065;Västra Hisingen, Älvegården m fl;INI;INI;0;0.00
2018;rd;14807065;Västra Hisingen, Älvegården m fl;KLP;KLP;0;0.00
2018;rd;14807065;Västra Hisingen, Älvegården m fl;KrVP;KRVP;0;0.00
2018;rd;14807065;Västra Hisingen, Älvegården m fl;LPo;LPO;0;0.00
2018;rd;14807065;Västra Hisingen, Älvegården m fl;MED;MED;0;0.00
2018;rd;14807065;Västra Hisingen, Älvegården m fl;NMR;NMR;1;0.10
2018;rd;14807065;Västra Hisingen, Älvegården m fl;NYREF;NYREF;0;0.00
2018;rd;14807065;Västra Hisingen, Älvegården m fl;PP;PP;0;0.00
2018;rd;14807065;Västra Hisingen, Älvegården m fl;SKP;SKP;0;0.00
2018;rd;14807065;Västra Hisingen, Älvegården m fl;TRP;TRP;0;0.00
2018;rd;14807065;Västra Hisingen, Älvegården m fl;ÖVR;ÖVR;0;0.00
2018;rd;14807081;Västra Hisingen, Biskopsgården, S;M;M;78;9.71
2018;rd;14807081;Västra Hisingen, Biskopsgården, S;C;C;61;7.60
2018;rd;14807081;Västra Hisingen, Biskopsgården, S;L;L;22;2.74
2018;rd;14807081;Västra Hisingen, Biskopsgården, S;KD;KD;14;1.74
2018;rd;14807081;Västra Hisingen, Biskopsgården, S;S;S;310;38.61
2018;rd;14807081;Västra Hisingen, Biskopsgården, S;V;V;141;17.56
2018;rd;14807081;Västra Hisingen, Biskopsgården, S;MP;MP;35;4.36
2018;rd;14807081;Västra Hisingen, Biskopsgården, S;SD;SD;118;14.69
2018;rd;14807081;Västra Hisingen, Biskopsgården, S;FI;FI;11;1.37
2018;rd;14807081;Västra Hisingen, Biskopsgården, S;AfS;AFS;1;0.12
2018;rd;14807081;Västra Hisingen, Biskopsgården, S;BASIP;BASIP;0;0.00
2018;rd;14807081;Västra Hisingen, Biskopsgården, S;DD;DD;1;0.12
2018;rd;14807081;Västra Hisingen, Biskopsgården, S;DjuP;DJUP;1;0.12
2018;rd;14807081;Västra Hisingen, Biskopsgården, S;EAP;EAP;0;0.00
2018;rd;14807081;Västra Hisingen, Biskopsgården, S;ENH;ENH;0;0.00
2018;rd;14807081;Västra Hisingen, Biskopsgården, S;INI;INI;2;0.25
2018;rd;14807081;Västra Hisingen, Biskopsgården, S;KLP;KLP;1;0.12
2018;rd;14807081;Västra Hisingen, Biskopsgården, S;KrVP;KRVP;0;0.00
2018;rd;14807081;Västra Hisingen, Biskopsgården, S;LPo;LPO;0;0.00
2018;rd;14807081;Västra Hisingen, Biskopsgården, S;MED;MED;0;0.00
2018;rd;14807081;Västra Hisingen, Biskopsgården, S;NMR;NMR;1;0.12
2018;rd;14807081;Västra Hisingen, Biskopsgården, S;NYREF;NYREF;0;0.00
2018;rd;14807081;Västra Hisingen, Biskopsgården, S;PP;PP;5;0.62
2018;rd;14807081;Västra Hisingen, Biskopsgården, S;SKP;SKP;1;0.12
2018;rd;14807081;Västra Hisingen, Biskopsgården, S;TRP;TRP;0;0.00
2018;rd;14807081;Västra Hisingen, Biskopsgården, S;ÖVR;ÖVR;0;0.00
2018;rd;14807082;Västra Hisingen, Treröset;M;M;59;9.29
2018;rd;14807082;Västra Hisingen, Treröset;C;C;41;6.46
2018;rd;14807082;Västra Hisingen, Treröset;L;L;18;2.83
2018;rd;14807082;Västra Hisingen, Treröset;KD;KD;19;2.99
2018;rd;14807082;Västra Hisingen, Treröset;S;S;212;33.39
2018;rd;14807082;Västra Hisingen, Treröset;V;V;168;26.46
2018;rd;14807082;Västra Hisingen, Treröset;MP;MP;23;3.62
2018;rd;14807082;Västra Hisingen, Treröset;SD;SD;74;11.65
2018;rd;14807082;Västra Hisingen, Treröset;FI;FI;6;0.94
2018;rd;14807082;Västra Hisingen, Treröset;AfS;AFS;3;0.47
2018;rd;14807082;Västra Hisingen, Treröset;BASIP;BASIP;0;0.00
2018;rd;14807082;Västra Hisingen, Treröset;DD;DD;2;0.31
2018;rd;14807082;Västra Hisingen, Treröset;DjuP;DJUP;3;0.47
2018;rd;14807082;Västra Hisingen, Treröset;EAP;EAP;0;0.00
2018;rd;14807082;Västra Hisingen, Treröset;ENH;ENH;1;0.16
2018;rd;14807082;Västra Hisingen, Treröset;INI;INI;0;0.00
2018;rd;14807082;Västra Hisingen, Treröset;KLP;KLP;1;0.16
2018;rd;14807082;Västra Hisingen, Treröset;KrVP;KRVP;0;0.00
2018;rd;14807082;Västra Hisingen, Treröset;LPo;LPO;1;0.16
2018;rd;14807082;Västra Hisingen, Treröset;MED;MED;1;0.16
2018;rd;14807082;Västra Hisingen, Treröset;NMR;NMR;1;0.16
2018;rd;14807082;Västra Hisingen, Treröset;NYREF;NYREF;0;0.00
2018;rd;14807082;Västra Hisingen, Treröset;PP;PP;2;0.31
2018;rd;14807082;Västra Hisingen, Treröset;SKP;SKP;0;0.00
2018;rd;14807082;Västra Hisingen, Treröset;TRP;TRP;0;0.00
2018;rd;14807082;Västra Hisingen, Treröset;ÖVR;ÖVR;0;0.00
2018;rd;14807083;Västra Hisingen, Vårväderstorget;M;M;47;5.32
2018;rd;14807083;Västra Hisingen, Vårväderstorget;C;C;29;3.28
2018;rd;14807083;Västra Hisingen, Vårväderstorget;L;L;15;1.70
2018;rd;14807083;Västra Hisingen, Vårväderstorget;KD;KD;23;2.60
2018;rd;14807083;Västra Hisingen, Vårväderstorget;S;S;356;40.27
2018;rd;14807083;Västra Hisingen, Vårväderstorget;V;V;226;25.57
2018;rd;14807083;Västra Hisingen, Vårväderstorget;MP;MP;45;5.09
2018;rd;14807083;Västra Hisingen, Vårväderstorget;SD;SD;105;11.88
2018;rd;14807083;Västra Hisingen, Vårväderstorget;FI;FI;15;1.70
2018;rd;14807083;Västra Hisingen, Vårväderstorget;AfS;AFS;7;0.79
2018;rd;14807083;Västra Hisingen, Vårväderstorget;BASIP;BASIP;0;0.00
2018;rd;14807083;Västra Hisingen, Vårväderstorget;DD;DD;1;0.11
2018;rd;14807083;Västra Hisingen, Vårväderstorget;DjuP;DJUP;5;0.57
2018;rd;14807083;Västra Hisingen, Vårväderstorget;EAP;EAP;0;0.00
2018;rd;14807083;Västra Hisingen, Vårväderstorget;ENH;ENH;0;0.00
2018;rd;14807083;Västra Hisingen, Vårväderstorget;INI;INI;0;0.00
2018;rd;14807083;Västra Hisingen, Vårväderstorget;KLP;KLP;0;0.00
2018;rd;14807083;Västra Hisingen, Vårväderstorget;KrVP;KRVP;0;0.00
2018;rd;14807083;Västra Hisingen, Vårväderstorget;LPo;LPO;0;0.00
2018;rd;14807083;Västra Hisingen, Vårväderstorget;MED;MED;3;0.34
2018;rd;14807083;Västra Hisingen, Vårväderstorget;NMR;NMR;2;0.23
2018;rd;14807083;Västra Hisingen, Vårväderstorget;NYREF;NYREF;0;0.00
2018;rd;14807083;Västra Hisingen, Vårväderstorget;PP;PP;3;0.34
2018;rd;14807083;Västra Hisingen, Vårväderstorget;SKP;SKP;2;0.23
2018;rd;14807083;Västra Hisingen, Vårväderstorget;TRP;TRP;0;0.00
2018;rd;14807083;Västra Hisingen, Vårväderstorget;ÖVR;ÖVR;0;0.00
2018;rd;14807084;Västra Hisingen, Väderlekstorget;M;M;72;8.76
2018;rd;14807084;Västra Hisingen, Väderlekstorget;C;C;37;4.50
2018;rd;14807084;Västra Hisingen, Väderlekstorget;L;L;20;2.43
2018;rd;14807084;Västra Hisingen, Väderlekstorget;KD;KD;19;2.31
2018;rd;14807084;Västra Hisingen, Väderlekstorget;S;S;232;28.22
2018;rd;14807084;Västra Hisingen, Väderlekstorget;V;V;264;32.12
2018;rd;14807084;Västra Hisingen, Väderlekstorget;MP;MP;36;4.38
2018;rd;14807084;Västra Hisingen, Väderlekstorget;SD;SD;109;13.26
2018;rd;14807084;Västra Hisingen, Väderlekstorget;FI;FI;13;1.58
2018;rd;14807084;Västra Hisingen, Väderlekstorget;AfS;AFS;4;0.49
2018;rd;14807084;Västra Hisingen, Väderlekstorget;BASIP;BASIP;1;0.12
2018;rd;14807084;Västra Hisingen, Väderlekstorget;DD;DD;4;0.49
2018;rd;14807084;Västra Hisingen, Väderlekstorget;DjuP;DJUP;0;0.00
2018;rd;14807084;Västra Hisingen, Väderlekstorget;EAP;EAP;1;0.12
2018;rd;14807084;Västra Hisingen, Väderlekstorget;ENH;ENH;2;0.24
2018;rd;14807084;Västra Hisingen, Väderlekstorget;INI;INI;0;0.00
2018;rd;14807084;Västra Hisingen, Väderlekstorget;KLP;KLP;0;0.00
2018;rd;14807084;Västra Hisingen, Väderlekstorget;KrVP;KRVP;0;0.00
2018;rd;14807084;Västra Hisingen, Väderlekstorget;LPo;LPO;0;0.00
2018;rd;14807084;Västra Hisingen, Väderlekstorget;MED;MED;3;0.36
2018;rd;14807084;Västra Hisingen, Väderlekstorget;NMR;NMR;0;0.00
2018;rd;14807084;Västra Hisingen, Väderlekstorget;NYREF;NYREF;0;0.00
2018;rd;14807084;Västra Hisingen, Väderlekstorget;PP;PP;4;0.49
2018;rd;14807084;Västra Hisingen, Väderlekstorget;SKP;SKP;1;0.12
2018;rd;14807084;Västra Hisingen, Väderlekstorget;TRP;TRP;0;0.00
2018;rd;14807084;Västra Hisingen, Väderlekstorget;ÖVR;ÖVR;0;0.00
2018;rd;14807091;Västra Hisingen, Jättesten;M;M;137;14.18
2018;rd;14807091;Västra Hisingen, Jättesten;C;C;67;6.94
2018;rd;14807091;Västra Hisingen, Jättesten;L;L;55;5.69
2018;rd;14807091;Västra Hisingen, Jättesten;KD;KD;35;3.62
2018;rd;14807091;Västra Hisingen, Jättesten;S;S;297;30.75
2018;rd;14807091;Västra Hisingen, Jättesten;V;V;142;14.70
2018;rd;14807091;Västra Hisingen, Jättesten;MP;MP;33;3.42
2018;rd;14807091;Västra Hisingen, Jättesten;SD;SD;178;18.43
2018;rd;14807091;Västra Hisingen, Jättesten;FI;FI;7;0.72
2018;rd;14807091;Västra Hisingen, Jättesten;AfS;AFS;7;0.72
2018;rd;14807091;Västra Hisingen, Jättesten;BASIP;BASIP;1;0.10
2018;rd;14807091;Västra Hisingen, Jättesten;DD;DD;0;0.00
2018;rd;14807091;Västra Hisingen, Jättesten;DjuP;DJUP;2;0.21
2018;rd;14807091;Västra Hisingen, Jättesten;EAP;EAP;0;0.00
2018;rd;14807091;Västra Hisingen, Jättesten;ENH;ENH;3;0.31
2018;rd;14807091;Västra Hisingen, Jättesten;INI;INI;0;0.00
2018;rd;14807091;Västra Hisingen, Jättesten;KLP;KLP;0;0.00
2018;rd;14807091;Västra Hisingen, Jättesten;KrVP;KRVP;0;0.00
2018;rd;14807091;Västra Hisingen, Jättesten;LPo;LPO;0;0.00
2018;rd;14807091;Västra Hisingen, Jättesten;MED;MED;2;0.21
2018;rd;14807091;Västra Hisingen, Jättesten;NMR;NMR;0;0.00
2018;rd;14807091;Västra Hisingen, Jättesten;NYREF;NYREF;0;0.00
2018;rd;14807091;Västra Hisingen, Jättesten;PP;PP;0;0.00
2018;rd;14807091;Västra Hisingen, Jättesten;SKP;SKP;0;0.00
2018;rd;14807091;Västra Hisingen, Jättesten;TRP;TRP;0;0.00
2018;rd;14807091;Västra Hisingen, Jättesten;ÖVR;ÖVR;0;0.00
2018;rd;14807092;Västra Hisingen, Kärrmossen;M;M;180;17.53
2018;rd;14807092;Västra Hisingen, Kärrmossen;C;C;103;10.03
2018;rd;14807092;Västra Hisingen, Kärrmossen;L;L;96;9.35
2018;rd;14807092;Västra Hisingen, Kärrmossen;KD;KD;45;4.38
2018;rd;14807092;Västra Hisingen, Kärrmossen;S;S;281;27.36
2018;rd;14807092;Västra Hisingen, Kärrmossen;V;V;110;10.71
2018;rd;14807092;Västra Hisingen, Kärrmossen;MP;MP;72;7.01
2018;rd;14807092;Västra Hisingen, Kärrmossen;SD;SD;126;12.27
2018;rd;14807092;Västra Hisingen, Kärrmossen;FI;FI;6;0.58
2018;rd;14807092;Västra Hisingen, Kärrmossen;AfS;AFS;2;0.19
2018;rd;14807092;Västra Hisingen, Kärrmossen;BASIP;BASIP;0;0.00
2018;rd;14807092;Västra Hisingen, Kärrmossen;DD;DD;1;0.10
2018;rd;14807092;Västra Hisingen, Kärrmossen;DjuP;DJUP;1;0.10
2018;rd;14807092;Västra Hisingen, Kärrmossen;EAP;EAP;0;0.00
2018;rd;14807092;Västra Hisingen, Kärrmossen;ENH;ENH;0;0.00
2018;rd;14807092;Västra Hisingen, Kärrmossen;INI;INI;0;0.00
2018;rd;14807092;Västra Hisingen, Kärrmossen;KLP;KLP;1;0.10
2018;rd;14807092;Västra Hisingen, Kärrmossen;KrVP;KRVP;0;0.00
2018;rd;14807092;Västra Hisingen, Kärrmossen;LPo;LPO;0;0.00
2018;rd;14807092;Västra Hisingen, Kärrmossen;MED;MED;1;0.10
2018;rd;14807092;Västra Hisingen, Kärrmossen;NMR;NMR;0;0.00
2018;rd;14807092;Västra Hisingen, Kärrmossen;NYREF;NYREF;0;0.00
2018;rd;14807092;Västra Hisingen, Kärrmossen;PP;PP;2;0.19
2018;rd;14807092;Västra Hisingen, Kärrmossen;SKP;SKP;0;0.00
2018;rd;14807092;Västra Hisingen, Kärrmossen;TRP;TRP;0;0.00
2018;rd;14807092;Västra Hisingen, Kärrmossen;ÖVR;ÖVR;0;0.00
2018;rd;14807093;Västra Hisingen, Svartedalen, Södra;M;M;71;12.22
2018;rd;14807093;Västra Hisingen, Svartedalen, Södra;C;C;17;2.93
2018;rd;14807093;Västra Hisingen, Svartedalen, Södra;L;L;12;2.07
2018;rd;14807093;Västra Hisingen, Svartedalen, Södra;KD;KD;12;2.07
2018;rd;14807093;Västra Hisingen, Svartedalen, Södra;S;S;190;32.70
2018;rd;14807093;Västra Hisingen, Svartedalen, Södra;V;V;109;18.76
2018;rd;14807093;Västra Hisingen, Svartedalen, Södra;MP;MP;23;3.96
2018;rd;14807093;Västra Hisingen, Svartedalen, Södra;SD;SD;127;21.86
2018;rd;14807093;Västra Hisingen, Svartedalen, Södra;FI;FI;6;1.03
2018;rd;14807093;Västra Hisingen, Svartedalen, Södra;AfS;AFS;3;0.52
2018;rd;14807093;Västra Hisingen, Svartedalen, Södra;BASIP;BASIP;1;0.17
2018;rd;14807093;Västra Hisingen, Svartedalen, Södra;DD;DD;2;0.34
2018;rd;14807093;Västra Hisingen, Svartedalen, Södra;DjuP;DJUP;0;0.00
2018;rd;14807093;Västra Hisingen, Svartedalen, Södra;EAP;EAP;0;0.00
2018;rd;14807093;Västra Hisingen, Svartedalen, Södra;ENH;ENH;0;0.00
2018;rd;14807093;Västra Hisingen, Svartedalen, Södra;INI;INI;0;0.00
2018;rd;14807093;Västra Hisingen, Svartedalen, Södra;KLP;KLP;1;0.17
2018;rd;14807093;Västra Hisingen, Svartedalen, Södra;KrVP;KRVP;0;0.00
2018;rd;14807093;Västra Hisingen, Svartedalen, Södra;LPo;LPO;0;0.00
2018;rd;14807093;Västra Hisingen, Svartedalen, Södra;MED;MED;2;0.34
2018;rd;14807093;Västra Hisingen, Svartedalen, Södra;NMR;NMR;0;0.00
2018;rd;14807093;Västra Hisingen, Svartedalen, Södra;NYREF;NYREF;0;0.00
2018;rd;14807093;Västra Hisingen, Svartedalen, Södra;PP;PP;4;0.69
2018;rd;14807093;Västra Hisingen, Svartedalen, Södra;SKP;SKP;0;0.00
2018;rd;14807093;Västra Hisingen, Svartedalen, Södra;TRP;TRP;0;0.00
2018;rd;14807093;Västra Hisingen, Svartedalen, Södra;ÖVR;ÖVR;1;0.17
2018;rd;14807094;Västra Hisingen, Önskevädersg. m fl;M;M;55;8.74
2018;rd;14807094;Västra Hisingen, Önskevädersg. m fl;C;C;41;6.52
2018;rd;14807094;Västra Hisingen, Önskevädersg. m fl;L;L;12;1.91
2018;rd;14807094;Västra Hisingen, Önskevädersg. m fl;KD;KD;14;2.23
2018;rd;14807094;Västra Hisingen, Önskevädersg. m fl;S;S;253;40.22
2018;rd;14807094;Västra Hisingen, Önskevädersg. m fl;V;V;99;15.74
2018;rd;14807094;Västra Hisingen, Önskevädersg. m fl;MP;MP;18;2.86
2018;rd;14807094;Västra Hisingen, Önskevädersg. m fl;SD;SD;122;19.40
2018;rd;14807094;Västra Hisingen, Önskevädersg. m fl;FI;FI;1;0.16
2018;rd;14807094;Västra Hisingen, Önskevädersg. m fl;AfS;AFS;3;0.48
2018;rd;14807094;Västra Hisingen, Önskevädersg. m fl;BASIP;BASIP;0;0.00
2018;rd;14807094;Västra Hisingen, Önskevädersg. m fl;DD;DD;1;0.16
2018;rd;14807094;Västra Hisingen, Önskevädersg. m fl;DjuP;DJUP;3;0.48
2018;rd;14807094;Västra Hisingen, Önskevädersg. m fl;EAP;EAP;0;0.00
2018;rd;14807094;Västra Hisingen, Önskevädersg. m fl;ENH;ENH;0;0.00
2018;rd;14807094;Västra Hisingen, Önskevädersg. m fl;INI;INI;0;0.00
2018;rd;14807094;Västra Hisingen, Önskevädersg. m fl;KLP;KLP;1;0.16
2018;rd;14807094;Västra Hisingen, Önskevädersg. m fl;KrVP;KRVP;0;0.00
2018;rd;14807094;Västra Hisingen, Önskevädersg. m fl;LPo;LPO;0;0.00
2018;rd;14807094;Västra Hisingen, Önskevädersg. m fl;MED;MED;2;0.32
2018;rd;14807094;Västra Hisingen, Önskevädersg. m fl;NMR;NMR;0;0.00
2018;rd;14807094;Västra Hisingen, Önskevädersg. m fl;NYREF;NYREF;0;0.00
2018;rd;14807094;Västra Hisingen, Önskevädersg. m fl;PP;PP;4;0.64
2018;rd;14807094;Västra Hisingen, Önskevädersg. m fl;SKP;SKP;0;0.00
2018;rd;14807094;Västra Hisingen, Önskevädersg. m fl;TRP;TRP;0;0.00
2018;rd;14807094;Västra Hisingen, Önskevädersg. m fl;ÖVR;ÖVR;0;0.00
