ar;val;kod;namn;parti_kalla;parti;roster;andel
2022;rd;14800000;Uppsamlingsdistrikt;Alternativ för Sverige;AFS;25;0.21
2022;rd;14800000;Uppsamlingsdistrikt;Basinkomstpartiet;BASIP;1;0.01
2022;rd;14800000;Uppsamlingsdistrikt;Centerpartiet;C;863;7.29
2022;rd;14800000;Uppsamlingsdistrikt;Direktdemokraterna;DD;2;0.02
2022;rd;14800000;Uppsamlingsdistrikt;Enhet;ENH;5;0.04
2022;rd;14800000;Uppsamlingsdistrikt;Förenade Demokratiska Partiet;FDP;5;0.04
2022;rd;14800000;Uppsamlingsdistrikt;Feministiskt initiativ;FI;12;0.10
2022;rd;14800000;Uppsamlingsdistrikt;Kalle ankapartiet;KALLE;1;0.01
2022;rd;14800000;Uppsamlingsdistrikt;Kristdemokraterna;KD;457;3.86
2022;rd;14800000;Uppsamlingsdistrikt;Klimatalliansen;KLIMA;8;0.07
2022;rd;14800000;Uppsamlingsdistrikt;Knapptryckarna;KNAPP;20;0.17
2022;rd;14800000;Uppsamlingsdistrikt;Kristna Värdepartiet;KRVP;15;0.13
2022;rd;14800000;Uppsamlingsdistrikt;Liberalerna (tidigare Folkpartiet);L;790;6.67
2022;rd;14800000;Uppsamlingsdistrikt;Landsbygdspartiet Oberoende;LPO;1;0.01
2022;rd;14800000;Uppsamlingsdistrikt;Moderaterna;M;2455;20.73
2022;rd;14800000;Uppsamlingsdistrikt;Medborgerlig Samling;MED;36;0.30
2022;rd;14800000;Uppsamlingsdistrikt;MoD;MOD;8;0.07
2022;rd;14800000;Uppsamlingsdistrikt;Miljöpartiet de gröna;MP;1163;9.82
2022;rd;14800000;Uppsamlingsdistrikt;Nordiska motståndsrörelsen;NMR;1;0.01
2022;rd;14800000;Uppsamlingsdistrikt;Partiet Nyans;NYANS;71;0.60
2022;rd;14800000;Uppsamlingsdistrikt;Piratpartiet;PP;26;0.22
2022;rd;14800000;Uppsamlingsdistrikt;Arbetarepartiet-Socialdemokraterna;S;2807;23.71
2022;rd;14800000;Uppsamlingsdistrikt;Sverigedemokraterna;SD;1559;13.17
2022;rd;14800000;Uppsamlingsdistrikt;SKP;SKP;2;0.02
2022;rd;14800000;Uppsamlingsdistrikt;Stram Kurs Sverige;SKS;2;0.02
2022;rd;14800000;Uppsamlingsdistrikt;Vänsterpartiet;V;1503;12.69
2022;rd;14800000;Uppsamlingsdistrikt;Volt Sverige;VOLT;2;0.02
2022;rd;14800000;Uppsamlingsdistrikt;övriga anmälda partier;ÖVR;0;0.00
2022;rd;14800101;Nordöstra Göteborg, Bergum;Alternativ för Sverige;AFS;2;0.24
2022;rd;14800101;Nordöstra Göteborg, Bergum;Centerpartiet;C;54;6.44
2022;rd;14800101;Nordöstra Göteborg, Bergum;Enhet;ENH;1;0.12
2022;rd;14800101;Nordöstra Göteborg, Bergum;Kristdemokraterna;KD;44;5.25
2022;rd;14800101;Nordöstra Göteborg, Bergum;Klimatalliansen;KLIMA;2;0.24
2022;rd;14800101;Nordöstra Göteborg, Bergum;Knapptryckarna;KNAPP;1;0.12
2022;rd;14800101;Nordöstra Göteborg, Bergum;Liberalerna (tidigare Folkpartiet);L;27;3.22
2022;rd;14800101;Nordöstra Göteborg, Bergum;Moderaterna;M;148;17.66
2022;rd;14800101;Nordöstra Göteborg, Bergum;Medborgerlig Samling;MED;3;0.36
2022;rd;14800101;Nordöstra Göteborg, Bergum;MoD;MOD;4;0.48
2022;rd;14800101;Nordöstra Göteborg, Bergum;Miljöpartiet de gröna;MP;52;6.21
2022;rd;14800101;Nordöstra Göteborg, Bergum;Piratpartiet;PP;1;0.12
2022;rd;14800101;Nordöstra Göteborg, Bergum;Arbetarepartiet-Socialdemokraterna;S;201;23.99
2022;rd;14800101;Nordöstra Göteborg, Bergum;Sverigedemokraterna;SD;222;26.49
2022;rd;14800101;Nordöstra Göteborg, Bergum;Vänsterpartiet;V;76;9.07
2022;rd;14800101;Nordöstra Göteborg, Bergum;övriga anmälda partier;ÖVR;0;0.00
2022;rd;14800102;Nordöstra Göteborg, Olofstorp;Alternativ för Sverige;AFS;3;0.39
2022;rd;14800102;Nordöstra Göteborg, Olofstorp;Centerpartiet;C;52;6.69
2022;rd;14800102;Nordöstra Göteborg, Olofstorp;Direktdemokraterna;DD;1;0.13
2022;rd;14800102;Nordöstra Göteborg, Olofstorp;Feministiskt initiativ;FI;1;0.13
2022;rd;14800102;Nordöstra Göteborg, Olofstorp;Kristdemokraterna;KD;33;4.25
2022;rd;14800102;Nordöstra Göteborg, Olofstorp;Knapptryckarna;KNAPP;1;0.13
2022;rd;14800102;Nordöstra Göteborg, Olofstorp;Kristna Värdepartiet;KRVP;1;0.13
2022;rd;14800102;Nordöstra Göteborg, Olofstorp;Liberalerna (tidigare Folkpartiet);L;30;3.86
2022;rd;14800102;Nordöstra Göteborg, Olofstorp;Moderaterna;M;138;17.76
2022;rd;14800102;Nordöstra Göteborg, Olofstorp;Medborgerlig Samling;MED;2;0.26
2022;rd;14800102;Nordöstra Göteborg, Olofstorp;Miljöpartiet de gröna;MP;53;6.82
2022;rd;14800102;Nordöstra Göteborg, Olofstorp;Partiet Nyans;NYANS;2;0.26
2022;rd;14800102;Nordöstra Göteborg, Olofstorp;Arbetarepartiet-Socialdemokraterna;S;215;27.67
2022;rd;14800102;Nordöstra Göteborg, Olofstorp;Sverigedemokraterna;SD;197;25.35
2022;rd;14800102;Nordöstra Göteborg, Olofstorp;Vänsterpartiet;V;46;5.92
2022;rd;14800102;Nordöstra Göteborg, Olofstorp;Partiet Vändpunkt;VÄND;2;0.26
2022;rd;14800102;Nordöstra Göteborg, Olofstorp;övriga anmälda partier;ÖVR;0;0.00
2022;rd;14800103;Nordöstra Göteborg, Björsared;Alternativ för Sverige;AFS;1;0.12
2022;rd;14800103;Nordöstra Göteborg, Björsared;Centerpartiet;C;45;5.23
2022;rd;14800103;Nordöstra Göteborg, Björsared;Feministiskt initiativ;FI;1;0.12
2022;rd;14800103;Nordöstra Göteborg, Björsared;Kristdemokraterna;KD;41;4.77
2022;rd;14800103;Nordöstra Göteborg, Björsared;Liberalerna (tidigare Folkpartiet);L;36;4.19
2022;rd;14800103;Nordöstra Göteborg, Björsared;Moderaterna;M;164;19.07
2022;rd;14800103;Nordöstra Göteborg, Björsared;Medborgerlig Samling;MED;2;0.23
2022;rd;14800103;Nordöstra Göteborg, Björsared;MoD;MOD;2;0.23
2022;rd;14800103;Nordöstra Göteborg, Björsared;Miljöpartiet de gröna;MP;33;3.84
2022;rd;14800103;Nordöstra Göteborg, Björsared;Partiet Nyans;NYANS;3;0.35
2022;rd;14800103;Nordöstra Göteborg, Björsared;Piratpartiet;PP;2;0.23
2022;rd;14800103;Nordöstra Göteborg, Björsared;Arbetarepartiet-Socialdemokraterna;S;234;27.21
2022;rd;14800103;Nordöstra Göteborg, Björsared;Sverigedemokraterna;SD;238;27.67
2022;rd;14800103;Nordöstra Göteborg, Björsared;Stram Kurs Sverige;SKS;1;0.12
2022;rd;14800103;Nordöstra Göteborg, Björsared;Vänsterpartiet;V;57;6.63
2022;rd;14800103;Nordöstra Göteborg, Björsared;övriga anmälda partier;ÖVR;0;0.00
2022;rd;14800104;Nordöstra Göteborg, Gunnilse;Alternativ för Sverige;AFS;1;0.12
2022;rd;14800104;Nordöstra Göteborg, Gunnilse;Centerpartiet;C;65;7.57
2022;rd;14800104;Nordöstra Göteborg, Gunnilse;Kristdemokraterna;KD;42;4.89
2022;rd;14800104;Nordöstra Göteborg, Gunnilse;Liberalerna (tidigare Folkpartiet);L;35;4.07
2022;rd;14800104;Nordöstra Göteborg, Gunnilse;Moderaterna;M;168;19.56
2022;rd;14800104;Nordöstra Göteborg, Gunnilse;Miljöpartiet de gröna;MP;30;3.49
2022;rd;14800104;Nordöstra Göteborg, Gunnilse;Partiet Nyans;NYANS;4;0.47
2022;rd;14800104;Nordöstra Göteborg, Gunnilse;Piratpartiet;PP;2;0.23
2022;rd;14800104;Nordöstra Göteborg, Gunnilse;Arbetarepartiet-Socialdemokraterna;S;239;27.82
2022;rd;14800104;Nordöstra Göteborg, Gunnilse;Sverigedemokraterna;SD;210;24.45
2022;rd;14800104;Nordöstra Göteborg, Gunnilse;Vänsterpartiet;V;63;7.33
2022;rd;14800104;Nordöstra Göteborg, Gunnilse;övriga anmälda partier;ÖVR;0;0.00
2022;rd;14800105;Nordöstra Göteborg, Linnarhult;Alternativ för Sverige;AFS;5;0.58
2022;rd;14800105;Nordöstra Göteborg, Linnarhult;Centerpartiet;C;59;6.87
2022;rd;14800105;Nordöstra Göteborg, Linnarhult;Förenade Demokratiska Partiet;FDP;1;0.12
2022;rd;14800105;Nordöstra Göteborg, Linnarhult;Kristdemokraterna;KD;62;7.22
2022;rd;14800105;Nordöstra Göteborg, Linnarhult;Kristna Värdepartiet;KRVP;1;0.12
2022;rd;14800105;Nordöstra Göteborg, Linnarhult;Liberalerna (tidigare Folkpartiet);L;23;2.68
2022;rd;14800105;Nordöstra Göteborg, Linnarhult;Moderaterna;M;136;15.83
2022;rd;14800105;Nordöstra Göteborg, Linnarhult;Medborgerlig Samling;MED;4;0.47
2022;rd;14800105;Nordöstra Göteborg, Linnarhult;MoD;MOD;1;0.12
2022;rd;14800105;Nordöstra Göteborg, Linnarhult;Miljöpartiet de gröna;MP;43;5.01
2022;rd;14800105;Nordöstra Göteborg, Linnarhult;Partiet Nyans;NYANS;13;1.51
2022;rd;14800105;Nordöstra Göteborg, Linnarhult;Piratpartiet;PP;1;0.12
2022;rd;14800105;Nordöstra Göteborg, Linnarhult;Arbetarepartiet-Socialdemokraterna;S;252;29.34
2022;rd;14800105;Nordöstra Göteborg, Linnarhult;Sverigedemokraterna;SD;172;20.02
2022;rd;14800105;Nordöstra Göteborg, Linnarhult;Vänsterpartiet;V;86;10.01
2022;rd;14800105;Nordöstra Göteborg, Linnarhult;övriga anmälda partier;ÖVR;0;0.00
2022;rd;14800106;Nordöstra Göteborg, Angereds Centrum;Centerpartiet;C;51;5.99
2022;rd;14800106;Nordöstra Göteborg, Angereds Centrum;Förenade Demokratiska Partiet;FDP;9;1.06
2022;rd;14800106;Nordöstra Göteborg, Angereds Centrum;Kristdemokraterna;KD;31;3.64
2022;rd;14800106;Nordöstra Göteborg, Angereds Centrum;Kristna Värdepartiet;KRVP;1;0.12
2022;rd;14800106;Nordöstra Göteborg, Angereds Centrum;Liberalerna (tidigare Folkpartiet);L;6;0.71
2022;rd;14800106;Nordöstra Göteborg, Angereds Centrum;Moderaterna;M;90;10.58
2022;rd;14800106;Nordöstra Göteborg, Angereds Centrum;Medborgerlig Samling;MED;1;0.12
2022;rd;14800106;Nordöstra Göteborg, Angereds Centrum;Miljöpartiet de gröna;MP;36;4.23
2022;rd;14800106;Nordöstra Göteborg, Angereds Centrum;Partiet Nyans;NYANS;57;6.70
2022;rd;14800106;Nordöstra Göteborg, Angereds Centrum;Piratpartiet;PP;2;0.24
2022;rd;14800106;Nordöstra Göteborg, Angereds Centrum;Arbetarepartiet-Socialdemokraterna;S;309;36.31
2022;rd;14800106;Nordöstra Göteborg, Angereds Centrum;Sverigedemokraterna;SD;82;9.64
2022;rd;14800106;Nordöstra Göteborg, Angereds Centrum;Vänsterpartiet;V;176;20.68
2022;rd;14800106;Nordöstra Göteborg, Angereds Centrum;övriga anmälda partier;ÖVR;0;0.00
2022;rd;14800107;Nordöstra Göteborg, Storås;Centerpartiet;C;14;2.50
2022;rd;14800107;Nordöstra Göteborg, Storås;Förenade Demokratiska Partiet;FDP;3;0.53
2022;rd;14800107;Nordöstra Göteborg, Storås;Feministiskt initiativ;FI;1;0.18
2022;rd;14800107;Nordöstra Göteborg, Storås;Kristdemokraterna;KD;25;4.46
2022;rd;14800107;Nordöstra Göteborg, Storås;Kristna Värdepartiet;KRVP;2;0.36
2022;rd;14800107;Nordöstra Göteborg, Storås;Liberalerna (tidigare Folkpartiet);L;5;0.89
2022;rd;14800107;Nordöstra Göteborg, Storås;Moderaterna;M;63;11.23
2022;rd;14800107;Nordöstra Göteborg, Storås;MoD;MOD;1;0.18
2022;rd;14800107;Nordöstra Göteborg, Storås;Miljöpartiet de gröna;MP;49;8.73
2022;rd;14800107;Nordöstra Göteborg, Storås;Partiet Nyans;NYANS;43;7.66
2022;rd;14800107;Nordöstra Göteborg, Storås;Piratpartiet;PP;1;0.18
2022;rd;14800107;Nordöstra Göteborg, Storås;Arbetarepartiet-Socialdemokraterna;S;190;33.87
2022;rd;14800107;Nordöstra Göteborg, Storås;Sverigedemokraterna;SD;61;10.87
2022;rd;14800107;Nordöstra Göteborg, Storås;Vänsterpartiet;V;103;18.36
2022;rd;14800107;Nordöstra Göteborg, Storås;övriga anmälda partier;ÖVR;0;0.00
2022;rd;14800108;Nordöstra Göteborg, Eriksbo Östra;Alternativ för Sverige;AFS;2;0.46
2022;rd;14800108;Nordöstra Göteborg, Eriksbo Östra;Centerpartiet;C;2;0.46
2022;rd;14800108;Nordöstra Göteborg, Eriksbo Östra;Förenade Demokratiska Partiet;FDP;2;0.46
2022;rd;14800108;Nordöstra Göteborg, Eriksbo Östra;Kristdemokraterna;KD;6;1.37
2022;rd;14800108;Nordöstra Göteborg, Eriksbo Östra;Kristna Värdepartiet;KRVP;3;0.68
2022;rd;14800108;Nordöstra Göteborg, Eriksbo Östra;Liberalerna (tidigare Folkpartiet);L;2;0.46
2022;rd;14800108;Nordöstra Göteborg, Eriksbo Östra;Moderaterna;M;23;5.24
2022;rd;14800108;Nordöstra Göteborg, Eriksbo Östra;Miljöpartiet de gröna;MP;24;5.47
2022;rd;14800108;Nordöstra Göteborg, Eriksbo Östra;Partiet Nyans;NYANS;44;10.02
2022;rd;14800108;Nordöstra Göteborg, Eriksbo Östra;Piratpartiet;PP;1;0.23
2022;rd;14800108;Nordöstra Göteborg, Eriksbo Östra;Arbetarepartiet-Socialdemokraterna;S;142;32.35
2022;rd;14800108;Nordöstra Göteborg, Eriksbo Östra;Sverigedemokraterna;SD;77;17.54
2022;rd;14800108;Nordöstra Göteborg, Eriksbo Östra;Vänsterpartiet;V;111;25.28
2022;rd;14800108;Nordöstra Göteborg, Eriksbo Östra;övriga anmälda partier;ÖVR;0;0.00
2022;rd;14800109;Nordöstra Göteborg, Hammarkullen C;Centerpartiet;C;12;3.01
2022;rd;14800109;Nordöstra Göteborg, Hammarkullen C;Förenade Demokratiska Partiet;FDP;2;0.50
2022;rd;14800109;Nordöstra Göteborg, Hammarkullen C;Kristdemokraterna;KD;2;0.50
2022;rd;14800109;Nordöstra Göteborg, Hammarkullen C;Kristna Värdepartiet;KRVP;3;0.75
2022;rd;14800109;Nordöstra Göteborg, Hammarkullen C;Liberalerna (tidigare Folkpartiet);L;1;0.25
2022;rd;14800109;Nordöstra Göteborg, Hammarkullen C;Moderaterna;M;32;8.02
2022;rd;14800109;Nordöstra Göteborg, Hammarkullen C;MoD;MOD;1;0.25
2022;rd;14800109;Nordöstra Göteborg, Hammarkullen C;Miljöpartiet de gröna;MP;36;9.02
2022;rd;14800109;Nordöstra Göteborg, Hammarkullen C;Partiet Nyans;NYANS;37;9.27
2022;rd;14800109;Nordöstra Göteborg, Hammarkullen C;Arbetarepartiet-Socialdemokraterna;S;159;39.85
2022;rd;14800109;Nordöstra Göteborg, Hammarkullen C;Sverigedemokraterna;SD;23;5.76
2022;rd;14800109;Nordöstra Göteborg, Hammarkullen C;SKP;SKP;1;0.25
2022;rd;14800109;Nordöstra Göteborg, Hammarkullen C;Vänsterpartiet;V;90;22.56
2022;rd;14800109;Nordöstra Göteborg, Hammarkullen C;övriga anmälda partier;ÖVR;0;0.00
2022;rd;14800110;Nordöstra Göteborg, Hammarkullen Ö;Centerpartiet;C;14;2.46
2022;rd;14800110;Nordöstra Göteborg, Hammarkullen Ö;Förenade Demokratiska Partiet;FDP;2;0.35
2022;rd;14800110;Nordöstra Göteborg, Hammarkullen Ö;Kristdemokraterna;KD;11;1.94
2022;rd;14800110;Nordöstra Göteborg, Hammarkullen Ö;Kristna Värdepartiet;KRVP;1;0.18
2022;rd;14800110;Nordöstra Göteborg, Hammarkullen Ö;Liberalerna (tidigare Folkpartiet);L;3;0.53
2022;rd;14800110;Nordöstra Göteborg, Hammarkullen Ö;Moderaterna;M;14;2.46
2022;rd;14800110;Nordöstra Göteborg, Hammarkullen Ö;Medborgerlig Samling;MED;1;0.18
2022;rd;14800110;Nordöstra Göteborg, Hammarkullen Ö;MoD;MOD;2;0.35
2022;rd;14800110;Nordöstra Göteborg, Hammarkullen Ö;Miljöpartiet de gröna;MP;85;14.96
2022;rd;14800110;Nordöstra Göteborg, Hammarkullen Ö;Partiet Nyans;NYANS;76;13.38
2022;rd;14800110;Nordöstra Göteborg, Hammarkullen Ö;Arbetarepartiet-Socialdemokraterna;S;189;33.27
2022;rd;14800110;Nordöstra Göteborg, Hammarkullen Ö;Sverigedemokraterna;SD;19;3.35
2022;rd;14800110;Nordöstra Göteborg, Hammarkullen Ö;Vänsterpartiet;V;151;26.58
2022;rd;14800110;Nordöstra Göteborg, Hammarkullen Ö;övriga anmälda partier;ÖVR;0;0.00
2022;rd;14800111;Nordöstra Göteborg, Sandeslätt;Centerpartiet;C;17;3.18
2022;rd;14800111;Nordöstra Göteborg, Sandeslätt;Förenade Demokratiska Partiet;FDP;1;0.19
2022;rd;14800111;Nordöstra Göteborg, Sandeslätt;Kristdemokraterna;KD;25;4.67
2022;rd;14800111;Nordöstra Göteborg, Sandeslätt;Kristna Värdepartiet;KRVP;1;0.19
2022;rd;14800111;Nordöstra Göteborg, Sandeslätt;Liberalerna (tidigare Folkpartiet);L;8;1.50
2022;rd;14800111;Nordöstra Göteborg, Sandeslätt;Moderaterna;M;32;5.98
2022;rd;14800111;Nordöstra Göteborg, Sandeslätt;MoD;MOD;1;0.19
2022;rd;14800111;Nordöstra Göteborg, Sandeslätt;Miljöpartiet de gröna;MP;46;8.60
2022;rd;14800111;Nordöstra Göteborg, Sandeslätt;Partiet Nyans;NYANS;51;9.53
2022;rd;14800111;Nordöstra Göteborg, Sandeslätt;Arbetarepartiet-Socialdemokraterna;S;203;37.94
2022;rd;14800111;Nordöstra Göteborg, Sandeslätt;Sverigedemokraterna;SD;40;7.48
2022;rd;14800111;Nordöstra Göteborg, Sandeslätt;Vänsterpartiet;V;110;20.56
2022;rd;14800111;Nordöstra Göteborg, Sandeslätt;övriga anmälda partier;ÖVR;0;0.00
2022;rd;14800112;Nordöstra Göteborg, Hammarkullen V;Alternativ för Sverige;AFS;1;0.19
2022;rd;14800112;Nordöstra Göteborg, Hammarkullen V;Centerpartiet;C;6;1.12
2022;rd;14800112;Nordöstra Göteborg, Hammarkullen V;Förenade Demokratiska Partiet;FDP;3;0.56
2022;rd;14800112;Nordöstra Göteborg, Hammarkullen V;Feministiskt initiativ;FI;1;0.19
2022;rd;14800112;Nordöstra Göteborg, Hammarkullen V;Kristdemokraterna;KD;18;3.35
2022;rd;14800112;Nordöstra Göteborg, Hammarkullen V;Liberalerna (tidigare Folkpartiet);L;4;0.74
2022;rd;14800112;Nordöstra Göteborg, Hammarkullen V;Moderaterna;M;55;10.24
2022;rd;14800112;Nordöstra Göteborg, Hammarkullen V;Miljöpartiet de gröna;MP;54;10.06
2022;rd;14800112;Nordöstra Göteborg, Hammarkullen V;Partiet Nyans;NYANS;59;10.99
2022;rd;14800112;Nordöstra Göteborg, Hammarkullen V;Arbetarepartiet-Socialdemokraterna;S;174;32.40
2022;rd;14800112;Nordöstra Göteborg, Hammarkullen V;Sverigedemokraterna;SD;50;9.31
2022;rd;14800112;Nordöstra Göteborg, Hammarkullen V;Vänsterpartiet;V;112;20.86
2022;rd;14800112;Nordöstra Göteborg, Hammarkullen V;övriga anmälda partier;ÖVR;0;0.00
2022;rd;14800113;Nordöstra Göteborg, Eriksbo Västra;Alternativ för Sverige;AFS;1;0.17
2022;rd;14800113;Nordöstra Göteborg, Eriksbo Västra;Centerpartiet;C;22;3.80
2022;rd;14800113;Nordöstra Göteborg, Eriksbo Västra;Feministiskt initiativ;FI;1;0.17
2022;rd;14800113;Nordöstra Göteborg, Eriksbo Västra;Kristdemokraterna;KD;22;3.80
2022;rd;14800113;Nordöstra Göteborg, Eriksbo Västra;Liberalerna (tidigare Folkpartiet);L;9;1.55
2022;rd;14800113;Nordöstra Göteborg, Eriksbo Västra;Moderaterna;M;53;9.15
2022;rd;14800113;Nordöstra Göteborg, Eriksbo Västra;Medborgerlig Samling;MED;1;0.17
2022;rd;14800113;Nordöstra Göteborg, Eriksbo Västra;MoD;MOD;1;0.17
2022;rd;14800113;Nordöstra Göteborg, Eriksbo Västra;Miljöpartiet de gröna;MP;22;3.80
2022;rd;14800113;Nordöstra Göteborg, Eriksbo Västra;Partiet Nyans;NYANS;45;7.77
2022;rd;14800113;Nordöstra Göteborg, Eriksbo Västra;Arbetarepartiet-Socialdemokraterna;S;201;34.72
2022;rd;14800113;Nordöstra Göteborg, Eriksbo Västra;Sverigedemokraterna;SD;87;15.03
2022;rd;14800113;Nordöstra Göteborg, Eriksbo Västra;Vänsterpartiet;V;114;19.69
2022;rd;14800113;Nordöstra Göteborg, Eriksbo Västra;övriga anmälda partier;ÖVR;0;0.00
2022;rd;14800114;Nordöstra Göteborg, Bläsebo;Basinkomstpartiet;BASIP;1;0.16
2022;rd;14800114;Nordöstra Göteborg, Bläsebo;Centerpartiet;C;19;3.09
2022;rd;14800114;Nordöstra Göteborg, Bläsebo;Feministiskt initiativ;FI;1;0.16
2022;rd;14800114;Nordöstra Göteborg, Bläsebo;Kristdemokraterna;KD;13;2.12
2022;rd;14800114;Nordöstra Göteborg, Bläsebo;Kristna Värdepartiet;KRVP;2;0.33
2022;rd;14800114;Nordöstra Göteborg, Bläsebo;Liberalerna (tidigare Folkpartiet);L;12;1.95
2022;rd;14800114;Nordöstra Göteborg, Bläsebo;Moderaterna;M;35;5.70
2022;rd;14800114;Nordöstra Göteborg, Bläsebo;Miljöpartiet de gröna;MP;20;3.26
2022;rd;14800114;Nordöstra Göteborg, Bläsebo;Partiet Nyans;NYANS;66;10.75
2022;rd;14800114;Nordöstra Göteborg, Bläsebo;Piratpartiet;PP;1;0.16
2022;rd;14800114;Nordöstra Göteborg, Bläsebo;Arbetarepartiet-Socialdemokraterna;S;233;37.95
2022;rd;14800114;Nordöstra Göteborg, Bläsebo;Sverigedemokraterna;SD;54;8.79
2022;rd;14800114;Nordöstra Göteborg, Bläsebo;Vänsterpartiet;V;157;25.57
2022;rd;14800114;Nordöstra Göteborg, Bläsebo;övriga anmälda partier;ÖVR;0;0.00
2022;rd;14800115;Nordöstra Göteborg, Hjällbo Norra;Centerpartiet;C;20;2.94
2022;rd;14800115;Nordöstra Göteborg, Hjällbo Norra;Feministiskt initiativ;FI;2;0.29
2022;rd;14800115;Nordöstra Göteborg, Hjällbo Norra;Kristdemokraterna;KD;12;1.76
2022;rd;14800115;Nordöstra Göteborg, Hjällbo Norra;Klimatalliansen;KLIMA;2;0.29
2022;rd;14800115;Nordöstra Göteborg, Hjällbo Norra;Kristna Värdepartiet;KRVP;3;0.44
2022;rd;14800115;Nordöstra Göteborg, Hjällbo Norra;Liberalerna (tidigare Folkpartiet);L;2;0.29
2022;rd;14800115;Nordöstra Göteborg, Hjällbo Norra;Moderaterna;M;26;3.82
2022;rd;14800115;Nordöstra Göteborg, Hjällbo Norra;Miljöpartiet de gröna;MP;47;6.91
2022;rd;14800115;Nordöstra Göteborg, Hjällbo Norra;Partiet Nyans;NYANS;110;16.18
2022;rd;14800115;Nordöstra Göteborg, Hjällbo Norra;Piratpartiet;PP;1;0.15
2022;rd;14800115;Nordöstra Göteborg, Hjällbo Norra;Arbetarepartiet-Socialdemokraterna;S;273;40.15
2022;rd;14800115;Nordöstra Göteborg, Hjällbo Norra;Sverigedemokraterna;SD;28;4.12
2022;rd;14800115;Nordöstra Göteborg, Hjällbo Norra;Vänsterpartiet;V;154;22.65
2022;rd;14800115;Nordöstra Göteborg, Hjällbo Norra;övriga anmälda partier;ÖVR;0;0.00
2022;rd;14800116;Nordöstra Göteborg, Skolspåret;Centerpartiet;C;15;2.72
2022;rd;14800116;Nordöstra Göteborg, Skolspåret;Enhet;ENH;2;0.36
2022;rd;14800116;Nordöstra Göteborg, Skolspåret;Kristdemokraterna;KD;13;2.36
2022;rd;14800116;Nordöstra Göteborg, Skolspåret;Knapptryckarna;KNAPP;2;0.36
2022;rd;14800116;Nordöstra Göteborg, Skolspåret;Kristna Värdepartiet;KRVP;1;0.18
2022;rd;14800116;Nordöstra Göteborg, Skolspåret;Liberalerna (tidigare Folkpartiet);L;5;0.91
2022;rd;14800116;Nordöstra Göteborg, Skolspåret;Moderaterna;M;32;5.81
2022;rd;14800116;Nordöstra Göteborg, Skolspåret;Medborgerlig Samling;MED;1;0.18
2022;rd;14800116;Nordöstra Göteborg, Skolspåret;Miljöpartiet de gröna;MP;36;6.53
2022;rd;14800116;Nordöstra Göteborg, Skolspåret;Partiet Nyans;NYANS;105;19.06
2022;rd;14800116;Nordöstra Göteborg, Skolspåret;Arbetarepartiet-Socialdemokraterna;S;172;31.22
2022;rd;14800116;Nordöstra Göteborg, Skolspåret;Sverigedemokraterna;SD;38;6.90
2022;rd;14800116;Nordöstra Göteborg, Skolspåret;SKP;SKP;1;0.18
2022;rd;14800116;Nordöstra Göteborg, Skolspåret;Vänsterpartiet;V;128;23.23
2022;rd;14800116;Nordöstra Göteborg, Skolspåret;övriga anmälda partier;ÖVR;0;0.00
2022;rd;14800117;Nordöstra Göteborg, Hjällbo Södra;Centerpartiet;C;18;3.57
2022;rd;14800117;Nordöstra Göteborg, Hjällbo Södra;Kristdemokraterna;KD;8;1.59
2022;rd;14800117;Nordöstra Göteborg, Hjällbo Södra;Kristna Värdepartiet;KRVP;2;0.40
2022;rd;14800117;Nordöstra Göteborg, Hjällbo Södra;Liberalerna (tidigare Folkpartiet);L;3;0.60
2022;rd;14800117;Nordöstra Göteborg, Hjällbo Södra;Moderaterna;M;29;5.75
2022;rd;14800117;Nordöstra Göteborg, Hjällbo Södra;MoD;MOD;2;0.40
2022;rd;14800117;Nordöstra Göteborg, Hjällbo Södra;Miljöpartiet de gröna;MP;40;7.94
2022;rd;14800117;Nordöstra Göteborg, Hjällbo Södra;Partiet Nyans;NYANS;92;18.25
2022;rd;14800117;Nordöstra Göteborg, Hjällbo Södra;Arbetarepartiet-Socialdemokraterna;S;176;34.92
2022;rd;14800117;Nordöstra Göteborg, Hjällbo Södra;Sverigedemokraterna;SD;19;3.77
2022;rd;14800117;Nordöstra Göteborg, Hjällbo Södra;Vänsterpartiet;V;115;22.82
2022;rd;14800117;Nordöstra Göteborg, Hjällbo Södra;övriga anmälda partier;ÖVR;0;0.00
2022;rd;14800118;Nordöstra Göteborg, Agnesberg;Alternativ för Sverige;AFS;1;0.16
2022;rd;14800118;Nordöstra Göteborg, Agnesberg;Basinkomstpartiet;BASIP;1;0.16
2022;rd;14800118;Nordöstra Göteborg, Agnesberg;Centerpartiet;C;27;4.28
2022;rd;14800118;Nordöstra Göteborg, Agnesberg;Förenade Demokratiska Partiet;FDP;1;0.16
2022;rd;14800118;Nordöstra Göteborg, Agnesberg;Kristdemokraterna;KD;24;3.80
2022;rd;14800118;Nordöstra Göteborg, Agnesberg;Knapptryckarna;KNAPP;1;0.16
2022;rd;14800118;Nordöstra Göteborg, Agnesberg;Liberalerna (tidigare Folkpartiet);L;12;1.90
2022;rd;14800118;Nordöstra Göteborg, Agnesberg;Moderaterna;M;89;14.10
2022;rd;14800118;Nordöstra Göteborg, Agnesberg;Miljöpartiet de gröna;MP;28;4.44
2022;rd;14800118;Nordöstra Göteborg, Agnesberg;Partiet Nyans;NYANS;13;2.06
2022;rd;14800118;Nordöstra Göteborg, Agnesberg;Arbetarepartiet-Socialdemokraterna;S;211;33.44
2022;rd;14800118;Nordöstra Göteborg, Agnesberg;Sverigedemokraterna;SD;121;19.18
2022;rd;14800118;Nordöstra Göteborg, Agnesberg;SKP;SKP;2;0.32
2022;rd;14800118;Nordöstra Göteborg, Agnesberg;Swexitpartiet;SWEXIT;1;0.16
2022;rd;14800118;Nordöstra Göteborg, Agnesberg;Vänsterpartiet;V;99;15.69
2022;rd;14800118;Nordöstra Göteborg, Agnesberg;övriga anmälda partier;ÖVR;0;0.00
2022;rd;14800119;Nordöstra Göteborg, Gårdsten Västra;Alternativ för Sverige;AFS;1;0.22
2022;rd;14800119;Nordöstra Göteborg, Gårdsten Västra;Centerpartiet;C;16;3.49
2022;rd;14800119;Nordöstra Göteborg, Gårdsten Västra;Kristdemokraterna;KD;10;2.18
2022;rd;14800119;Nordöstra Göteborg, Gårdsten Västra;Klimatalliansen;KLIMA;1;0.22
2022;rd;14800119;Nordöstra Göteborg, Gårdsten Västra;Knapptryckarna;KNAPP;3;0.66
2022;rd;14800119;Nordöstra Göteborg, Gårdsten Västra;Liberalerna (tidigare Folkpartiet);L;2;0.44
2022;rd;14800119;Nordöstra Göteborg, Gårdsten Västra;Moderaterna;M;42;9.17
2022;rd;14800119;Nordöstra Göteborg, Gårdsten Västra;MoD;MOD;1;0.22
2022;rd;14800119;Nordöstra Göteborg, Gårdsten Västra;Miljöpartiet de gröna;MP;15;3.28
2022;rd;14800119;Nordöstra Göteborg, Gårdsten Västra;Partiet Nyans;NYANS;27;5.90
2022;rd;14800119;Nordöstra Göteborg, Gårdsten Västra;Arbetarepartiet-Socialdemokraterna;S;184;40.17
2022;rd;14800119;Nordöstra Göteborg, Gårdsten Västra;Sverigedemokraterna;SD;65;14.19
2022;rd;14800119;Nordöstra Göteborg, Gårdsten Västra;Vänsterpartiet;V;91;19.87
2022;rd;14800119;Nordöstra Göteborg, Gårdsten Västra;övriga anmälda partier;ÖVR;0;0.00
2022;rd;14800120;Nordöstra Göteborg, Gårdsten Södra;Alternativ för Sverige;AFS;1;0.28
2022;rd;14800120;Nordöstra Göteborg, Gårdsten Södra;Centerpartiet;C;10;2.77
2022;rd;14800120;Nordöstra Göteborg, Gårdsten Södra;Kristdemokraterna;KD;6;1.66
2022;rd;14800120;Nordöstra Göteborg, Gårdsten Södra;Kristna Värdepartiet;KRVP;1;0.28
2022;rd;14800120;Nordöstra Göteborg, Gårdsten Södra;Liberalerna (tidigare Folkpartiet);L;2;0.55
2022;rd;14800120;Nordöstra Göteborg, Gårdsten Södra;Moderaterna;M;26;7.20
2022;rd;14800120;Nordöstra Göteborg, Gårdsten Södra;Miljöpartiet de gröna;MP;9;2.49
2022;rd;14800120;Nordöstra Göteborg, Gårdsten Södra;Partiet Nyans;NYANS;27;7.48
2022;rd;14800120;Nordöstra Göteborg, Gårdsten Södra;Arbetarepartiet-Socialdemokraterna;S;140;38.78
2022;rd;14800120;Nordöstra Göteborg, Gårdsten Södra;Sverigedemokraterna;SD;70;19.39
2022;rd;14800120;Nordöstra Göteborg, Gårdsten Södra;Vänsterpartiet;V;69;19.11
2022;rd;14800120;Nordöstra Göteborg, Gårdsten Södra;övriga anmälda partier;ÖVR;0;0.00
2022;rd;14800121;Nordöstra Göteborg, Gårdsten Centrum;Alternativ för Sverige;AFS;1;0.23
2022;rd;14800121;Nordöstra Göteborg, Gårdsten Centrum;Centerpartiet;C;8;1.82
2022;rd;14800121;Nordöstra Göteborg, Gårdsten Centrum;Förenade Demokratiska Partiet;FDP;1;0.23
2022;rd;14800121;Nordöstra Göteborg, Gårdsten Centrum;Feministiskt initiativ;FI;2;0.45
2022;rd;14800121;Nordöstra Göteborg, Gårdsten Centrum;Kristdemokraterna;KD;4;0.91
2022;rd;14800121;Nordöstra Göteborg, Gårdsten Centrum;Kristna Värdepartiet;KRVP;1;0.23
2022;rd;14800121;Nordöstra Göteborg, Gårdsten Centrum;Moderaterna;M;34;7.73
2022;rd;14800121;Nordöstra Göteborg, Gårdsten Centrum;MoD;MOD;1;0.23
2022;rd;14800121;Nordöstra Göteborg, Gårdsten Centrum;Miljöpartiet de gröna;MP;27;6.14
2022;rd;14800121;Nordöstra Göteborg, Gårdsten Centrum;Partiet Nyans;NYANS;67;15.23
2022;rd;14800121;Nordöstra Göteborg, Gårdsten Centrum;Arbetarepartiet-Socialdemokraterna;S;163;37.05
2022;rd;14800121;Nordöstra Göteborg, Gårdsten Centrum;Sverigedemokraterna;SD;41;9.32
2022;rd;14800121;Nordöstra Göteborg, Gårdsten Centrum;Vänsterpartiet;V;90;20.45
2022;rd;14800121;Nordöstra Göteborg, Gårdsten Centrum;övriga anmälda partier;ÖVR;0;0.00
2022;rd;14800122;Nordöstra Göteborg, Gårdsten Östra;Alternativ för Sverige;AFS;1;0.15
2022;rd;14800122;Nordöstra Göteborg, Gårdsten Östra;Basinkomstpartiet;BASIP;1;0.15
2022;rd;14800122;Nordöstra Göteborg, Gårdsten Östra;Centerpartiet;C;27;4.00
2022;rd;14800122;Nordöstra Göteborg, Gårdsten Östra;Direktdemokraterna;DD;3;0.44
2022;rd;14800122;Nordöstra Göteborg, Gårdsten Östra;Feministiskt initiativ;FI;1;0.15
2022;rd;14800122;Nordöstra Göteborg, Gårdsten Östra;Kristdemokraterna;KD;17;2.52
2022;rd;14800122;Nordöstra Göteborg, Gårdsten Östra;Kristna Värdepartiet;KRVP;2;0.30
2022;rd;14800122;Nordöstra Göteborg, Gårdsten Östra;Liberalerna (tidigare Folkpartiet);L;14;2.07
2022;rd;14800122;Nordöstra Göteborg, Gårdsten Östra;Moderaterna;M;41;6.07
2022;rd;14800122;Nordöstra Göteborg, Gårdsten Östra;Medborgerlig Samling;MED;1;0.15
2022;rd;14800122;Nordöstra Göteborg, Gårdsten Östra;Miljöpartiet de gröna;MP;37;5.48
2022;rd;14800122;Nordöstra Göteborg, Gårdsten Östra;Partiet Nyans;NYANS;57;8.44
2022;rd;14800122;Nordöstra Göteborg, Gårdsten Östra;Piratpartiet;PP;1;0.15
2022;rd;14800122;Nordöstra Göteborg, Gårdsten Östra;Arbetarepartiet-Socialdemokraterna;S;258;38.22
2022;rd;14800122;Nordöstra Göteborg, Gårdsten Östra;Sverigedemokraterna;SD;63;9.33
2022;rd;14800122;Nordöstra Göteborg, Gårdsten Östra;Vänsterpartiet;V;151;22.37
2022;rd;14800122;Nordöstra Göteborg, Gårdsten Östra;övriga anmälda partier;ÖVR;0;0.00
2022;rd;14800123;Nordöstra Göteborg, Gårdstensdalen;Alternativ för Sverige;AFS;3;0.83
2022;rd;14800123;Nordöstra Göteborg, Gårdstensdalen;Centerpartiet;C;9;2.49
2022;rd;14800123;Nordöstra Göteborg, Gårdstensdalen;Förenade Demokratiska Partiet;FDP;2;0.55
2022;rd;14800123;Nordöstra Göteborg, Gårdstensdalen;Kristdemokraterna;KD;6;1.66
2022;rd;14800123;Nordöstra Göteborg, Gårdstensdalen;Liberalerna (tidigare Folkpartiet);L;2;0.55
2022;rd;14800123;Nordöstra Göteborg, Gårdstensdalen;Moderaterna;M;19;5.25
2022;rd;14800123;Nordöstra Göteborg, Gårdstensdalen;Miljöpartiet de gröna;MP;11;3.04
2022;rd;14800123;Nordöstra Göteborg, Gårdstensdalen;Partiet Nyans;NYANS;30;8.29
2022;rd;14800123;Nordöstra Göteborg, Gårdstensdalen;Piratpartiet;PP;1;0.28
2022;rd;14800123;Nordöstra Göteborg, Gårdstensdalen;Arbetarepartiet-Socialdemokraterna;S;161;44.48
2022;rd;14800123;Nordöstra Göteborg, Gårdstensdalen;Sverigedemokraterna;SD;58;16.02
2022;rd;14800123;Nordöstra Göteborg, Gårdstensdalen;Vänsterpartiet;V;60;16.57
2022;rd;14800123;Nordöstra Göteborg, Gårdstensdalen;övriga anmälda partier;ÖVR;0;0.00
2022;rd;14800124;Nordöstra Göteborg, Gårdsten Norra;Alternativ för Sverige;AFS;1;0.26
2022;rd;14800124;Nordöstra Göteborg, Gårdsten Norra;Centerpartiet;C;18;4.69
2022;rd;14800124;Nordöstra Göteborg, Gårdsten Norra;Kristdemokraterna;KD;7;1.82
2022;rd;14800124;Nordöstra Göteborg, Gårdsten Norra;Liberalerna (tidigare Folkpartiet);L;4;1.04
2022;rd;14800124;Nordöstra Göteborg, Gårdsten Norra;Moderaterna;M;27;7.03
2022;rd;14800124;Nordöstra Göteborg, Gårdsten Norra;Miljöpartiet de gröna;MP;11;2.86
2022;rd;14800124;Nordöstra Göteborg, Gårdsten Norra;Partiet Nyans;NYANS;49;12.76
2022;rd;14800124;Nordöstra Göteborg, Gårdsten Norra;Arbetarepartiet-Socialdemokraterna;S;152;39.58
2022;rd;14800124;Nordöstra Göteborg, Gårdsten Norra;Sverigedemokraterna;SD;44;11.46
2022;rd;14800124;Nordöstra Göteborg, Gårdsten Norra;Vänsterpartiet;V;71;18.49
2022;rd;14800124;Nordöstra Göteborg, Gårdsten Norra;övriga anmälda partier;ÖVR;0;0.00
2022;rd;14800125;Nordöstra Göteborg, Lövgärdet C;Alternativ för Sverige;AFS;1;0.17
2022;rd;14800125;Nordöstra Göteborg, Lövgärdet C;Centerpartiet;C;21;3.61
2022;rd;14800125;Nordöstra Göteborg, Lövgärdet C;Feministiskt initiativ;FI;2;0.34
2022;rd;14800125;Nordöstra Göteborg, Lövgärdet C;Kristdemokraterna;KD;5;0.86
2022;rd;14800125;Nordöstra Göteborg, Lövgärdet C;Kristna Värdepartiet;KRVP;2;0.34
2022;rd;14800125;Nordöstra Göteborg, Lövgärdet C;Liberalerna (tidigare Folkpartiet);L;8;1.37
2022;rd;14800125;Nordöstra Göteborg, Lövgärdet C;Moderaterna;M;39;6.70
2022;rd;14800125;Nordöstra Göteborg, Lövgärdet C;Miljöpartiet de gröna;MP;17;2.92
2022;rd;14800125;Nordöstra Göteborg, Lövgärdet C;Nordiska motståndsrörelsen;NMR;1;0.17
2022;rd;14800125;Nordöstra Göteborg, Lövgärdet C;Partiet Nyans;NYANS;48;8.25
2022;rd;14800125;Nordöstra Göteborg, Lövgärdet C;Piratpartiet;PP;1;0.17
2022;rd;14800125;Nordöstra Göteborg, Lövgärdet C;Arbetarepartiet-Socialdemokraterna;S;228;39.18
2022;rd;14800125;Nordöstra Göteborg, Lövgärdet C;Sverigedemokraterna;SD;84;14.43
2022;rd;14800125;Nordöstra Göteborg, Lövgärdet C;Vänsterpartiet;V;125;21.48
2022;rd;14800125;Nordöstra Göteborg, Lövgärdet C;övriga anmälda partier;ÖVR;0;0.00
2022;rd;14800126;Nordöstra Göteborg, Senapsgatan m fl;Centerpartiet;C;5;1.20
2022;rd;14800126;Nordöstra Göteborg, Senapsgatan m fl;Kalle ankapartiet;KALLE;1;0.24
2022;rd;14800126;Nordöstra Göteborg, Senapsgatan m fl;Kristdemokraterna;KD;6;1.45
2022;rd;14800126;Nordöstra Göteborg, Senapsgatan m fl;Moderaterna;M;31;7.47
2022;rd;14800126;Nordöstra Göteborg, Senapsgatan m fl;Miljöpartiet de gröna;MP;10;2.41
2022;rd;14800126;Nordöstra Göteborg, Senapsgatan m fl;Partiet Nyans;NYANS;45;10.84
2022;rd;14800126;Nordöstra Göteborg, Senapsgatan m fl;Arbetarepartiet-Socialdemokraterna;S;186;44.82
2022;rd;14800126;Nordöstra Göteborg, Senapsgatan m fl;Sverigedemokraterna;SD;67;16.14
2022;rd;14800126;Nordöstra Göteborg, Senapsgatan m fl;Vänsterpartiet;V;64;15.42
2022;rd;14800126;Nordöstra Göteborg, Senapsgatan m fl;övriga anmälda partier;ÖVR;0;0.00
2022;rd;14800127;Nordöstra Göteborg, Mejramgatan m fl;Alternativ för Sverige;AFS;1;0.23
2022;rd;14800127;Nordöstra Göteborg, Mejramgatan m fl;Centerpartiet;C;14;3.20
2022;rd;14800127;Nordöstra Göteborg, Mejramgatan m fl;Förenade Demokratiska Partiet;FDP;4;0.92
2022;rd;14800127;Nordöstra Göteborg, Mejramgatan m fl;Kristdemokraterna;KD;6;1.37
2022;rd;14800127;Nordöstra Göteborg, Mejramgatan m fl;Liberalerna (tidigare Folkpartiet);L;6;1.37
2022;rd;14800127;Nordöstra Göteborg, Mejramgatan m fl;Moderaterna;M;23;5.26
2022;rd;14800127;Nordöstra Göteborg, Mejramgatan m fl;Miljöpartiet de gröna;MP;16;3.66
2022;rd;14800127;Nordöstra Göteborg, Mejramgatan m fl;Partiet Nyans;NYANS;57;13.04
2022;rd;14800127;Nordöstra Göteborg, Mejramgatan m fl;Arbetarepartiet-Socialdemokraterna;S;201;46.00
2022;rd;14800127;Nordöstra Göteborg, Mejramgatan m fl;Sverigedemokraterna;SD;32;7.32
2022;rd;14800127;Nordöstra Göteborg, Mejramgatan m fl;Vänsterpartiet;V;77;17.62
2022;rd;14800127;Nordöstra Göteborg, Mejramgatan m fl;övriga anmälda partier;ÖVR;0;0.00
2022;rd;14800128;Nordöstra Göteborg, Lövgärdet Övre;Alternativ för Sverige;AFS;1;0.18
2022;rd;14800128;Nordöstra Göteborg, Lövgärdet Övre;Centerpartiet;C;16;2.91
2022;rd;14800128;Nordöstra Göteborg, Lövgärdet Övre;Förenade Demokratiska Partiet;FDP;2;0.36
2022;rd;14800128;Nordöstra Göteborg, Lövgärdet Övre;Kristdemokraterna;KD;9;1.64
2022;rd;14800128;Nordöstra Göteborg, Lövgärdet Övre;Klimatalliansen;KLIMA;1;0.18
2022;rd;14800128;Nordöstra Göteborg, Lövgärdet Övre;Liberalerna (tidigare Folkpartiet);L;5;0.91
2022;rd;14800128;Nordöstra Göteborg, Lövgärdet Övre;Moderaterna;M;35;6.36
2022;rd;14800128;Nordöstra Göteborg, Lövgärdet Övre;Miljöpartiet de gröna;MP;17;3.09
2022;rd;14800128;Nordöstra Göteborg, Lövgärdet Övre;Partiet Nyans;NYANS;50;9.09
2022;rd;14800128;Nordöstra Göteborg, Lövgärdet Övre;Arbetarepartiet-Socialdemokraterna;S;246;44.73
2022;rd;14800128;Nordöstra Göteborg, Lövgärdet Övre;Sverigedemokraterna;SD;60;10.91
2022;rd;14800128;Nordöstra Göteborg, Lövgärdet Övre;Stram Kurs Sverige;SKS;1;0.18
2022;rd;14800128;Nordöstra Göteborg, Lövgärdet Övre;Vänsterpartiet;V;107;19.45
2022;rd;14800128;Nordöstra Göteborg, Lövgärdet Övre;övriga anmälda partier;ÖVR;0;0.00
2022;rd;14800129;Nordöstra Göteborg, Lövgärdet Nedre;Centerpartiet;C;16;3.09
2022;rd;14800129;Nordöstra Göteborg, Lövgärdet Nedre;Kristdemokraterna;KD;10;1.93
2022;rd;14800129;Nordöstra Göteborg, Lövgärdet Nedre;Kristna Värdepartiet;KRVP;1;0.19
2022;rd;14800129;Nordöstra Göteborg, Lövgärdet Nedre;Liberalerna (tidigare Folkpartiet);L;10;1.93
2022;rd;14800129;Nordöstra Göteborg, Lövgärdet Nedre;Moderaterna;M;43;8.30
2022;rd;14800129;Nordöstra Göteborg, Lövgärdet Nedre;Miljöpartiet de gröna;MP;30;5.79
2022;rd;14800129;Nordöstra Göteborg, Lövgärdet Nedre;Nordiska motståndsrörelsen;NMR;1;0.19
2022;rd;14800129;Nordöstra Göteborg, Lövgärdet Nedre;Partiet Nyans;NYANS;35;6.76
2022;rd;14800129;Nordöstra Göteborg, Lövgärdet Nedre;Arbetarepartiet-Socialdemokraterna;S;206;39.77
2022;rd;14800129;Nordöstra Göteborg, Lövgärdet Nedre;Sverigedemokraterna;SD;77;14.86
2022;rd;14800129;Nordöstra Göteborg, Lövgärdet Nedre;Vänsterpartiet;V;89;17.18
2022;rd;14800129;Nordöstra Göteborg, Lövgärdet Nedre;övriga anmälda partier;ÖVR;0;0.00
2022;rd;14800130;Nordöstra Göteborg, Trädgårdsgärdet;Alternativ för Sverige;AFS;3;0.62
2022;rd;14800130;Nordöstra Göteborg, Trädgårdsgärdet;Centerpartiet;C;22;4.55
2022;rd;14800130;Nordöstra Göteborg, Trädgårdsgärdet;Kristdemokraterna;KD;12;2.48
2022;rd;14800130;Nordöstra Göteborg, Trädgårdsgärdet;Liberalerna (tidigare Folkpartiet);L;4;0.83
2022;rd;14800130;Nordöstra Göteborg, Trädgårdsgärdet;Moderaterna;M;35;7.25
2022;rd;14800130;Nordöstra Göteborg, Trädgårdsgärdet;MoD;MOD;1;0.21
2022;rd;14800130;Nordöstra Göteborg, Trädgårdsgärdet;Miljöpartiet de gröna;MP;19;3.93
2022;rd;14800130;Nordöstra Göteborg, Trädgårdsgärdet;Partiet Nyans;NYANS;44;9.11
2022;rd;14800130;Nordöstra Göteborg, Trädgårdsgärdet;Piratpartiet;PP;1;0.21
2022;rd;14800130;Nordöstra Göteborg, Trädgårdsgärdet;Arbetarepartiet-Socialdemokraterna;S;186;38.51
2022;rd;14800130;Nordöstra Göteborg, Trädgårdsgärdet;Sverigedemokraterna;SD;66;13.66
2022;rd;14800130;Nordöstra Göteborg, Trädgårdsgärdet;Vänsterpartiet;V;90;18.63
2022;rd;14800130;Nordöstra Göteborg, Trädgårdsgärdet;övriga anmälda partier;ÖVR;0;0.00
2022;rd;14800131;Nordöstra Göteborg, Titteridamm;Alternativ för Sverige;AFS;1;0.15
2022;rd;14800131;Nordöstra Göteborg, Titteridamm;Centerpartiet;C;33;4.93
2022;rd;14800131;Nordöstra Göteborg, Titteridamm;Förenade Demokratiska Partiet;FDP;7;1.05
2022;rd;14800131;Nordöstra Göteborg, Titteridamm;Feministiskt initiativ;FI;1;0.15
2022;rd;14800131;Nordöstra Göteborg, Titteridamm;Kristdemokraterna;KD;24;3.59
2022;rd;14800131;Nordöstra Göteborg, Titteridamm;Klimatalliansen;KLIMA;1;0.15
2022;rd;14800131;Nordöstra Göteborg, Titteridamm;Kristna Värdepartiet;KRVP;1;0.15
2022;rd;14800131;Nordöstra Göteborg, Titteridamm;Liberalerna (tidigare Folkpartiet);L;6;0.90
2022;rd;14800131;Nordöstra Göteborg, Titteridamm;Moderaterna;M;74;11.06
2022;rd;14800131;Nordöstra Göteborg, Titteridamm;Medborgerlig Samling;MED;1;0.15
2022;rd;14800131;Nordöstra Göteborg, Titteridamm;Miljöpartiet de gröna;MP;29;4.33
2022;rd;14800131;Nordöstra Göteborg, Titteridamm;Partiet Nyans;NYANS;34;5.08
2022;rd;14800131;Nordöstra Göteborg, Titteridamm;Arbetarepartiet-Socialdemokraterna;S;233;34.83
2022;rd;14800131;Nordöstra Göteborg, Titteridamm;Sverigedemokraterna;SD;112;16.74
2022;rd;14800131;Nordöstra Göteborg, Titteridamm;Vänsterpartiet;V;112;16.74
2022;rd;14800131;Nordöstra Göteborg, Titteridamm;övriga anmälda partier;ÖVR;0;0.00
2022;rd;14800132;Nordöstra Göteborg, Rannebergen S;Alternativ för Sverige;AFS;1;0.17
2022;rd;14800132;Nordöstra Göteborg, Rannebergen S;Centerpartiet;C;11;1.88
2022;rd;14800132;Nordöstra Göteborg, Rannebergen S;Feministiskt initiativ;FI;1;0.17
2022;rd;14800132;Nordöstra Göteborg, Rannebergen S;Kristdemokraterna;KD;14;2.39
2022;rd;14800132;Nordöstra Göteborg, Rannebergen S;Knapptryckarna;KNAPP;1;0.17
2022;rd;14800132;Nordöstra Göteborg, Rannebergen S;Kristna Värdepartiet;KRVP;2;0.34
2022;rd;14800132;Nordöstra Göteborg, Rannebergen S;Liberalerna (tidigare Folkpartiet);L;3;0.51
2022;rd;14800132;Nordöstra Göteborg, Rannebergen S;Moderaterna;M;29;4.95
2022;rd;14800132;Nordöstra Göteborg, Rannebergen S;Medborgerlig Samling;MED;1;0.17
2022;rd;14800132;Nordöstra Göteborg, Rannebergen S;MoD;MOD;1;0.17
2022;rd;14800132;Nordöstra Göteborg, Rannebergen S;Miljöpartiet de gröna;MP;35;5.97
2022;rd;14800132;Nordöstra Göteborg, Rannebergen S;Partiet Nyans;NYANS;44;7.51
2022;rd;14800132;Nordöstra Göteborg, Rannebergen S;Piratpartiet;PP;1;0.17
2022;rd;14800132;Nordöstra Göteborg, Rannebergen S;Arbetarepartiet-Socialdemokraterna;S;243;41.47
2022;rd;14800132;Nordöstra Göteborg, Rannebergen S;Sverigedemokraterna;SD;114;19.45
2022;rd;14800132;Nordöstra Göteborg, Rannebergen S;Vänsterpartiet;V;85;14.51
2022;rd;14800132;Nordöstra Göteborg, Rannebergen S;övriga anmälda partier;ÖVR;0;0.00
2022;rd;14800133;Nordöstra Göteborg, Rannebergen C;Alternativ för Sverige;AFS;4;0.66
2022;rd;14800133;Nordöstra Göteborg, Rannebergen C;Centerpartiet;C;12;1.99
2022;rd;14800133;Nordöstra Göteborg, Rannebergen C;Kristdemokraterna;KD;12;1.99
2022;rd;14800133;Nordöstra Göteborg, Rannebergen C;Liberalerna (tidigare Folkpartiet);L;5;0.83
2022;rd;14800133;Nordöstra Göteborg, Rannebergen C;Moderaterna;M;29;4.80
2022;rd;14800133;Nordöstra Göteborg, Rannebergen C;Medborgerlig Samling;MED;1;0.17
2022;rd;14800133;Nordöstra Göteborg, Rannebergen C;MoD;MOD;2;0.33
2022;rd;14800133;Nordöstra Göteborg, Rannebergen C;Miljöpartiet de gröna;MP;42;6.95
2022;rd;14800133;Nordöstra Göteborg, Rannebergen C;Partiet Nyans;NYANS;56;9.27
2022;rd;14800133;Nordöstra Göteborg, Rannebergen C;Arbetarepartiet-Socialdemokraterna;S;226;37.42
2022;rd;14800133;Nordöstra Göteborg, Rannebergen C;Sverigedemokraterna;SD;103;17.05
2022;rd;14800133;Nordöstra Göteborg, Rannebergen C;Vänsterpartiet;V;112;18.54
2022;rd;14800133;Nordöstra Göteborg, Rannebergen C;övriga anmälda partier;ÖVR;0;0.00
2022;rd;14800134;Nordöstra Göteborg, Rannebergen N;Alternativ för Sverige;AFS;1;0.14
2022;rd;14800134;Nordöstra Göteborg, Rannebergen N;Centerpartiet;C;47;6.40
2022;rd;14800134;Nordöstra Göteborg, Rannebergen N;Feministiskt initiativ;FI;1;0.14
2022;rd;14800134;Nordöstra Göteborg, Rannebergen N;Kristdemokraterna;KD;37;5.04
2022;rd;14800134;Nordöstra Göteborg, Rannebergen N;Kristna Värdepartiet;KRVP;4;0.54
2022;rd;14800134;Nordöstra Göteborg, Rannebergen N;Liberalerna (tidigare Folkpartiet);L;14;1.91
2022;rd;14800134;Nordöstra Göteborg, Rannebergen N;Landsbygdspartiet Oberoende;LPO;1;0.14
2022;rd;14800134;Nordöstra Göteborg, Rannebergen N;Moderaterna;M;75;10.22
2022;rd;14800134;Nordöstra Göteborg, Rannebergen N;MoD;MOD;2;0.27
2022;rd;14800134;Nordöstra Göteborg, Rannebergen N;Miljöpartiet de gröna;MP;39;5.31
2022;rd;14800134;Nordöstra Göteborg, Rannebergen N;Partiet Nyans;NYANS;25;3.41
2022;rd;14800134;Nordöstra Göteborg, Rannebergen N;Piratpartiet;PP;2;0.27
2022;rd;14800134;Nordöstra Göteborg, Rannebergen N;Arbetarepartiet-Socialdemokraterna;S;249;33.92
2022;rd;14800134;Nordöstra Göteborg, Rannebergen N;Sverigedemokraterna;SD;106;14.44
2022;rd;14800134;Nordöstra Göteborg, Rannebergen N;Vänsterpartiet;V;131;17.85
2022;rd;14800134;Nordöstra Göteborg, Rannebergen N;övriga anmälda partier;ÖVR;0;0.00
2022;rd;14800201;Östra Göteborg, Rymdtorget;Centerpartiet;C;9;2.23
2022;rd;14800201;Östra Göteborg, Rymdtorget;Förenade Demokratiska Partiet;FDP;1;0.25
2022;rd;14800201;Östra Göteborg, Rymdtorget;Kristdemokraterna;KD;8;1.98
2022;rd;14800201;Östra Göteborg, Rymdtorget;Liberalerna (tidigare Folkpartiet);L;4;0.99
2022;rd;14800201;Östra Göteborg, Rymdtorget;Moderaterna;M;19;4.70
2022;rd;14800201;Östra Göteborg, Rymdtorget;Medborgerlig Samling;MED;1;0.25
2022;rd;14800201;Östra Göteborg, Rymdtorget;Miljöpartiet de gröna;MP;36;8.91
2022;rd;14800201;Östra Göteborg, Rymdtorget;Partiet Nyans;NYANS;36;8.91
2022;rd;14800201;Östra Göteborg, Rymdtorget;Piratpartiet;PP;1;0.25
2022;rd;14800201;Östra Göteborg, Rymdtorget;Arbetarepartiet-Socialdemokraterna;S;176;43.56
2022;rd;14800201;Östra Göteborg, Rymdtorget;Sverigedemokraterna;SD;19;4.70
2022;rd;14800201;Östra Göteborg, Rymdtorget;SKP;SKP;1;0.25
2022;rd;14800201;Östra Göteborg, Rymdtorget;Vänsterpartiet;V;93;23.02
2022;rd;14800201;Östra Göteborg, Rymdtorget;övriga anmälda partier;ÖVR;0;0.00
2022;rd;14800202;Östra Göteborg, Gärdsmosse;Centerpartiet;C;10;1.98
2022;rd;14800202;Östra Göteborg, Gärdsmosse;Direktdemokraterna;DD;1;0.20
2022;rd;14800202;Östra Göteborg, Gärdsmosse;Enhet;ENH;1;0.20
2022;rd;14800202;Östra Göteborg, Gärdsmosse;Förenade Demokratiska Partiet;FDP;6;1.19
2022;rd;14800202;Östra Göteborg, Gärdsmosse;Kristdemokraterna;KD;12;2.38
2022;rd;14800202;Östra Göteborg, Gärdsmosse;Liberalerna (tidigare Folkpartiet);L;11;2.18
2022;rd;14800202;Östra Göteborg, Gärdsmosse;Moderaterna;M;29;5.75
2022;rd;14800202;Östra Göteborg, Gärdsmosse;MoD;MOD;1;0.20
2022;rd;14800202;Östra Göteborg, Gärdsmosse;Miljöpartiet de gröna;MP;22;4.37
2022;rd;14800202;Östra Göteborg, Gärdsmosse;Partiet Nyans;NYANS;23;4.56
2022;rd;14800202;Östra Göteborg, Gärdsmosse;Piratpartiet;PP;2;0.40
2022;rd;14800202;Östra Göteborg, Gärdsmosse;Arbetarepartiet-Socialdemokraterna;S;217;43.06
2022;rd;14800202;Östra Göteborg, Gärdsmosse;Sverigedemokraterna;SD;53;10.52
2022;rd;14800202;Östra Göteborg, Gärdsmosse;SKP;SKP;1;0.20
2022;rd;14800202;Östra Göteborg, Gärdsmosse;Vänsterpartiet;V;115;22.82
2022;rd;14800202;Östra Göteborg, Gärdsmosse;övriga anmälda partier;ÖVR;0;0.00
2022;rd;14800203;Östra Göteborg, Tellusgatan m fl;Alternativ för Sverige;AFS;2;0.33
2022;rd;14800203;Östra Göteborg, Tellusgatan m fl;Centerpartiet;C;24;3.95
2022;rd;14800203;Östra Göteborg, Tellusgatan m fl;Kristdemokraterna;KD;20;3.29
2022;rd;14800203;Östra Göteborg, Tellusgatan m fl;Knapptryckarna;KNAPP;1;0.16
2022;rd;14800203;Östra Göteborg, Tellusgatan m fl;Kristna Värdepartiet;KRVP;1;0.16
2022;rd;14800203;Östra Göteborg, Tellusgatan m fl;Liberalerna (tidigare Folkpartiet);L;5;0.82
2022;rd;14800203;Östra Göteborg, Tellusgatan m fl;Moderaterna;M;29;4.78
2022;rd;14800203;Östra Göteborg, Tellusgatan m fl;Miljöpartiet de gröna;MP;44;7.25
2022;rd;14800203;Östra Göteborg, Tellusgatan m fl;Partiet Nyans;NYANS;54;8.90
2022;rd;14800203;Östra Göteborg, Tellusgatan m fl;Piratpartiet;PP;2;0.33
2022;rd;14800203;Östra Göteborg, Tellusgatan m fl;Arbetarepartiet-Socialdemokraterna;S;284;46.79
2022;rd;14800203;Östra Göteborg, Tellusgatan m fl;Sverigedemokraterna;SD;23;3.79
2022;rd;14800203;Östra Göteborg, Tellusgatan m fl;Vänsterpartiet;V;118;19.44
2022;rd;14800203;Östra Göteborg, Tellusgatan m fl;övriga anmälda partier;ÖVR;0;0.00
2022;rd;14800204;Östra Göteborg, Bergsjön Östra;Centerpartiet;C;14;3.06
2022;rd;14800204;Östra Göteborg, Bergsjön Östra;Kristdemokraterna;KD;12;2.62
2022;rd;14800204;Östra Göteborg, Bergsjön Östra;Liberalerna (tidigare Folkpartiet);L;3;0.66
2022;rd;14800204;Östra Göteborg, Bergsjön Östra;Moderaterna;M;25;5.46
2022;rd;14800204;Östra Göteborg, Bergsjön Östra;Miljöpartiet de gröna;MP;23;5.02
2022;rd;14800204;Östra Göteborg, Bergsjön Östra;Partiet Nyans;NYANS;51;11.14
2022;rd;14800204;Östra Göteborg, Bergsjön Östra;Arbetarepartiet-Socialdemokraterna;S;211;46.07
2022;rd;14800204;Östra Göteborg, Bergsjön Östra;Sverigedemokraterna;SD;20;4.37
2022;rd;14800204;Östra Göteborg, Bergsjön Östra;Vänsterpartiet;V;99;21.62
2022;rd;14800204;Östra Göteborg, Bergsjön Östra;övriga anmälda partier;ÖVR;0;0.00
2022;rd;14800205;Östra Göteborg, Bergsjön Norra;Alternativ för Sverige;AFS;2;0.32
2022;rd;14800205;Östra Göteborg, Bergsjön Norra;Centerpartiet;C;15;2.39
2022;rd;14800205;Östra Göteborg, Bergsjön Norra;Direktdemokraterna;DD;1;0.16
2022;rd;14800205;Östra Göteborg, Bergsjön Norra;Feministiskt initiativ;FI;1;0.16
2022;rd;14800205;Östra Göteborg, Bergsjön Norra;Kristdemokraterna;KD;19;3.03
2022;rd;14800205;Östra Göteborg, Bergsjön Norra;Klimatalliansen;KLIMA;3;0.48
2022;rd;14800205;Östra Göteborg, Bergsjön Norra;Knapptryckarna;KNAPP;1;0.16
2022;rd;14800205;Östra Göteborg, Bergsjön Norra;Kristna Värdepartiet;KRVP;1;0.16
2022;rd;14800205;Östra Göteborg, Bergsjön Norra;Liberalerna (tidigare Folkpartiet);L;15;2.39
2022;rd;14800205;Östra Göteborg, Bergsjön Norra;Moderaterna;M;51;8.13
2022;rd;14800205;Östra Göteborg, Bergsjön Norra;Medborgerlig Samling;MED;4;0.64
2022;rd;14800205;Östra Göteborg, Bergsjön Norra;Miljöpartiet de gröna;MP;51;8.13
2022;rd;14800205;Östra Göteborg, Bergsjön Norra;Partiet Nyans;NYANS;7;1.12
2022;rd;14800205;Östra Göteborg, Bergsjön Norra;Piratpartiet;PP;6;0.96
2022;rd;14800205;Östra Göteborg, Bergsjön Norra;Arbetarepartiet-Socialdemokraterna;S;187;29.82
2022;rd;14800205;Östra Göteborg, Bergsjön Norra;Sverigedemokraterna;SD;98;15.63
2022;rd;14800205;Östra Göteborg, Bergsjön Norra;Vänsterpartiet;V;165;26.32
2022;rd;14800205;Östra Göteborg, Bergsjön Norra;övriga anmälda partier;ÖVR;0;0.00
2022;rd;14800206;Östra Göteborg, Siriusgatan Östra;Alternativ för Sverige;AFS;6;1.13
2022;rd;14800206;Östra Göteborg, Siriusgatan Östra;Centerpartiet;C;12;2.26
2022;rd;14800206;Östra Göteborg, Siriusgatan Östra;Feministiskt initiativ;FI;2;0.38
2022;rd;14800206;Östra Göteborg, Siriusgatan Östra;Kristdemokraterna;KD;16;3.01
2022;rd;14800206;Östra Göteborg, Siriusgatan Östra;Liberalerna (tidigare Folkpartiet);L;6;1.13
2022;rd;14800206;Östra Göteborg, Siriusgatan Östra;Moderaterna;M;27;5.08
2022;rd;14800206;Östra Göteborg, Siriusgatan Östra;Medborgerlig Samling;MED;1;0.19
2022;rd;14800206;Östra Göteborg, Siriusgatan Östra;MoD;MOD;1;0.19
2022;rd;14800206;Östra Göteborg, Siriusgatan Östra;Miljöpartiet de gröna;MP;29;5.46
2022;rd;14800206;Östra Göteborg, Siriusgatan Östra;Nordiska motståndsrörelsen;NMR;1;0.19
2022;rd;14800206;Östra Göteborg, Siriusgatan Östra;Partiet Nyans;NYANS;56;10.55
2022;rd;14800206;Östra Göteborg, Siriusgatan Östra;Piratpartiet;PP;2;0.38
2022;rd;14800206;Östra Göteborg, Siriusgatan Östra;Arbetarepartiet-Socialdemokraterna;S;211;39.74
2022;rd;14800206;Östra Göteborg, Siriusgatan Östra;Sverigedemokraterna;SD;69;12.99
2022;rd;14800206;Östra Göteborg, Siriusgatan Östra;SKP;SKP;1;0.19
2022;rd;14800206;Östra Göteborg, Siriusgatan Östra;Vänsterpartiet;V;91;17.14
2022;rd;14800206;Östra Göteborg, Siriusgatan Östra;övriga anmälda partier;ÖVR;0;0.00
2022;rd;14800207;Östra Göteborg, Siriusgatan Västra;Centerpartiet;C;18;3.59
2022;rd;14800207;Östra Göteborg, Siriusgatan Västra;Kristdemokraterna;KD;7;1.39
2022;rd;14800207;Östra Göteborg, Siriusgatan Västra;Kristna Värdepartiet;KRVP;2;0.40
2022;rd;14800207;Östra Göteborg, Siriusgatan Västra;Liberalerna (tidigare Folkpartiet);L;3;0.60
2022;rd;14800207;Östra Göteborg, Siriusgatan Västra;Moderaterna;M;33;6.57
2022;rd;14800207;Östra Göteborg, Siriusgatan Västra;MoD;MOD;1;0.20
2022;rd;14800207;Östra Göteborg, Siriusgatan Västra;Miljöpartiet de gröna;MP;34;6.77
2022;rd;14800207;Östra Göteborg, Siriusgatan Västra;Partiet Nyans;NYANS;50;9.96
2022;rd;14800207;Östra Göteborg, Siriusgatan Västra;Arbetarepartiet-Socialdemokraterna;S;240;47.81
2022;rd;14800207;Östra Göteborg, Siriusgatan Västra;Sverigedemokraterna;SD;28;5.58
2022;rd;14800207;Östra Göteborg, Siriusgatan Västra;Vänsterpartiet;V;86;17.13
2022;rd;14800207;Östra Göteborg, Siriusgatan Västra;övriga anmälda partier;ÖVR;0;0.00
2022;rd;14800208;Östra Göteborg, Gärdsås;Alternativ för Sverige;AFS;2;0.34
2022;rd;14800208;Östra Göteborg, Gärdsås;Centerpartiet;C;18;3.04
2022;rd;14800208;Östra Göteborg, Gärdsås;Förenade Demokratiska Partiet;FDP;1;0.17
2022;rd;14800208;Östra Göteborg, Gärdsås;Feministiskt initiativ;FI;1;0.17
2022;rd;14800208;Östra Göteborg, Gärdsås;Kristdemokraterna;KD;31;5.23
2022;rd;14800208;Östra Göteborg, Gärdsås;Knapptryckarna;KNAPP;2;0.34
2022;rd;14800208;Östra Göteborg, Gärdsås;Kristna Värdepartiet;KRVP;1;0.17
2022;rd;14800208;Östra Göteborg, Gärdsås;Liberalerna (tidigare Folkpartiet);L;13;2.19
2022;rd;14800208;Östra Göteborg, Gärdsås;Moderaterna;M;73;12.31
2022;rd;14800208;Östra Göteborg, Gärdsås;Medborgerlig Samling;MED;3;0.51
2022;rd;14800208;Östra Göteborg, Gärdsås;Miljöpartiet de gröna;MP;43;7.25
2022;rd;14800208;Östra Göteborg, Gärdsås;Partiet Nyans;NYANS;14;2.36
2022;rd;14800208;Östra Göteborg, Gärdsås;Piratpartiet;PP;2;0.34
2022;rd;14800208;Östra Göteborg, Gärdsås;Arbetarepartiet-Socialdemokraterna;S;215;36.26
2022;rd;14800208;Östra Göteborg, Gärdsås;Sverigedemokraterna;SD;88;14.84
2022;rd;14800208;Östra Göteborg, Gärdsås;Vänsterpartiet;V;86;14.50
2022;rd;14800208;Östra Göteborg, Gärdsås;övriga anmälda partier;ÖVR;0;0.00
2022;rd;14800209;Östra Göteborg, Bergsjön Södra;Centerpartiet;C;18;5.25
2022;rd;14800209;Östra Göteborg, Bergsjön Södra;Feministiskt initiativ;FI;1;0.29
2022;rd;14800209;Östra Göteborg, Bergsjön Södra;Kristdemokraterna;KD;13;3.79
2022;rd;14800209;Östra Göteborg, Bergsjön Södra;Kristna Värdepartiet;KRVP;3;0.87
2022;rd;14800209;Östra Göteborg, Bergsjön Södra;Liberalerna (tidigare Folkpartiet);L;6;1.75
2022;rd;14800209;Östra Göteborg, Bergsjön Södra;Moderaterna;M;21;6.12
2022;rd;14800209;Östra Göteborg, Bergsjön Södra;Miljöpartiet de gröna;MP;17;4.96
2022;rd;14800209;Östra Göteborg, Bergsjön Södra;Partiet Nyans;NYANS;19;5.54
2022;rd;14800209;Östra Göteborg, Bergsjön Södra;Piratpartiet;PP;1;0.29
2022;rd;14800209;Östra Göteborg, Bergsjön Södra;Arbetarepartiet-Socialdemokraterna;S;145;42.27
2022;rd;14800209;Östra Göteborg, Bergsjön Södra;Sverigedemokraterna;SD;28;8.16
2022;rd;14800209;Östra Göteborg, Bergsjön Södra;Vänsterpartiet;V;71;20.70
2022;rd;14800209;Östra Göteborg, Bergsjön Södra;övriga anmälda partier;ÖVR;0;0.00
2022;rd;14800210;Östra Göteborg, Komettorget;Alternativ för Sverige;AFS;1;0.24
2022;rd;14800210;Östra Göteborg, Komettorget;Centerpartiet;C;10;2.42
2022;rd;14800210;Östra Göteborg, Komettorget;Feministiskt initiativ;FI;1;0.24
2022;rd;14800210;Östra Göteborg, Komettorget;Kristdemokraterna;KD;9;2.18
2022;rd;14800210;Östra Göteborg, Komettorget;Kristna Värdepartiet;KRVP;1;0.24
2022;rd;14800210;Östra Göteborg, Komettorget;Liberalerna (tidigare Folkpartiet);L;4;0.97
2022;rd;14800210;Östra Göteborg, Komettorget;Moderaterna;M;29;7.02
2022;rd;14800210;Östra Göteborg, Komettorget;MoD;MOD;1;0.24
2022;rd;14800210;Östra Göteborg, Komettorget;Miljöpartiet de gröna;MP;11;2.66
2022;rd;14800210;Östra Göteborg, Komettorget;Partiet Nyans;NYANS;33;7.99
2022;rd;14800210;Östra Göteborg, Komettorget;Piratpartiet;PP;3;0.73
2022;rd;14800210;Östra Göteborg, Komettorget;Arbetarepartiet-Socialdemokraterna;S;196;47.46
2022;rd;14800210;Östra Göteborg, Komettorget;Sverigedemokraterna;SD;28;6.78
2022;rd;14800210;Östra Göteborg, Komettorget;Vänsterpartiet;V;86;20.82
2022;rd;14800210;Östra Göteborg, Komettorget;övriga anmälda partier;ÖVR;0;0.00
2022;rd;14800211;Östra Göteborg, Zenitgatan m fl;Alternativ för Sverige;AFS;2;0.34
2022;rd;14800211;Östra Göteborg, Zenitgatan m fl;Centerpartiet;C;17;2.89
2022;rd;14800211;Östra Göteborg, Zenitgatan m fl;Kristdemokraterna;KD;28;4.76
2022;rd;14800211;Östra Göteborg, Zenitgatan m fl;Klimatalliansen;KLIMA;1;0.17
2022;rd;14800211;Östra Göteborg, Zenitgatan m fl;Kristna Värdepartiet;KRVP;4;0.68
2022;rd;14800211;Östra Göteborg, Zenitgatan m fl;Liberalerna (tidigare Folkpartiet);L;5;0.85
2022;rd;14800211;Östra Göteborg, Zenitgatan m fl;Moderaterna;M;45;7.65
2022;rd;14800211;Östra Göteborg, Zenitgatan m fl;Medborgerlig Samling;MED;1;0.17
2022;rd;14800211;Östra Göteborg, Zenitgatan m fl;MoD;MOD;1;0.17
2022;rd;14800211;Östra Göteborg, Zenitgatan m fl;Miljöpartiet de gröna;MP;10;1.70
2022;rd;14800211;Östra Göteborg, Zenitgatan m fl;Partiet Nyans;NYANS;58;9.86
2022;rd;14800211;Östra Göteborg, Zenitgatan m fl;Piratpartiet;PP;2;0.34
2022;rd;14800211;Östra Göteborg, Zenitgatan m fl;Arbetarepartiet-Socialdemokraterna;S;249;42.35
2022;rd;14800211;Östra Göteborg, Zenitgatan m fl;Sverigedemokraterna;SD;44;7.48
2022;rd;14800211;Östra Göteborg, Zenitgatan m fl;Vänsterpartiet;V;121;20.58
2022;rd;14800211;Östra Göteborg, Zenitgatan m fl;övriga anmälda partier;ÖVR;0;0.00
2022;rd;14800212;Östra Göteborg, Fjällbo;Alternativ för Sverige;AFS;1;0.10
2022;rd;14800212;Östra Göteborg, Fjällbo;Centerpartiet;C;49;5.09
2022;rd;14800212;Östra Göteborg, Fjällbo;Direktdemokraterna;DD;1;0.10
2022;rd;14800212;Östra Göteborg, Fjällbo;Feministiskt initiativ;FI;2;0.21
2022;rd;14800212;Östra Göteborg, Fjällbo;Kristdemokraterna;KD;35;3.63
2022;rd;14800212;Östra Göteborg, Fjällbo;Klassiskt liberala partiet;KLP;1;0.10
2022;rd;14800212;Östra Göteborg, Fjällbo;Liberalerna (tidigare Folkpartiet);L;40;4.15
2022;rd;14800212;Östra Göteborg, Fjällbo;Moderaterna;M;153;15.89
2022;rd;14800212;Östra Göteborg, Fjällbo;MoD;MOD;3;0.31
2022;rd;14800212;Östra Göteborg, Fjällbo;Miljöpartiet de gröna;MP;79;8.20
2022;rd;14800212;Östra Göteborg, Fjällbo;Partiet Nyans;NYANS;4;0.42
2022;rd;14800212;Östra Göteborg, Fjällbo;Piratpartiet;PP;1;0.10
2022;rd;14800212;Östra Göteborg, Fjällbo;Arbetarepartiet-Socialdemokraterna;S;306;31.78
2022;rd;14800212;Östra Göteborg, Fjällbo;Sverigedemokraterna;SD;179;18.59
2022;rd;14800212;Östra Göteborg, Fjällbo;SKP;SKP;1;0.10
2022;rd;14800212;Östra Göteborg, Fjällbo;Vänsterpartiet;V;108;11.21
2022;rd;14800212;Östra Göteborg, Fjällbo;övriga anmälda partier;ÖVR;0;0.00
2022;rd;14800213;Östra Göteborg, Utbynäs;Basinkomstpartiet;BASIP;1;0.12
2022;rd;14800213;Östra Göteborg, Utbynäs;Centerpartiet;C;56;6.97
2022;rd;14800213;Östra Göteborg, Utbynäs;Eropean radical reflektion a european dream party ERR;ERR;1;0.12
2022;rd;14800213;Östra Göteborg, Utbynäs;Feministiskt initiativ;FI;1;0.12
2022;rd;14800213;Östra Göteborg, Utbynäs;Kristdemokraterna;KD;31;3.86
2022;rd;14800213;Östra Göteborg, Utbynäs;Klimatalliansen;KLIMA;1;0.12
2022;rd;14800213;Östra Göteborg, Utbynäs;Liberalerna (tidigare Folkpartiet);L;40;4.98
2022;rd;14800213;Östra Göteborg, Utbynäs;Moderaterna;M;150;18.66
2022;rd;14800213;Östra Göteborg, Utbynäs;Miljöpartiet de gröna;MP;98;12.19
2022;rd;14800213;Östra Göteborg, Utbynäs;Partiet Nyans;NYANS;3;0.37
2022;rd;14800213;Östra Göteborg, Utbynäs;Arbetarepartiet-Socialdemokraterna;S;245;30.47
2022;rd;14800213;Östra Göteborg, Utbynäs;Sverigedemokraterna;SD;108;13.43
2022;rd;14800213;Östra Göteborg, Utbynäs;Vänsterpartiet;V;68;8.46
2022;rd;14800213;Östra Göteborg, Utbynäs;Volt Sverige;VOLT;1;0.12
2022;rd;14800213;Östra Göteborg, Utbynäs;övriga anmälda partier;ÖVR;0;0.00
2022;rd;14800214;Östra Göteborg, Utby;Basinkomstpartiet;BASIP;1;0.11
2022;rd;14800214;Östra Göteborg, Utby;Centerpartiet;C;63;6.80
2022;rd;14800214;Östra Göteborg, Utby;Kristdemokraterna;KD;34;3.67
2022;rd;14800214;Östra Göteborg, Utby;Liberalerna (tidigare Folkpartiet);L;46;4.96
2022;rd;14800214;Östra Göteborg, Utby;Moderaterna;M;165;17.80
2022;rd;14800214;Östra Göteborg, Utby;Medborgerlig Samling;MED;3;0.32
2022;rd;14800214;Östra Göteborg, Utby;MoD;MOD;1;0.11
2022;rd;14800214;Östra Göteborg, Utby;Miljöpartiet de gröna;MP;116;12.51
2022;rd;14800214;Östra Göteborg, Utby;Arbetarepartiet-Socialdemokraterna;S;292;31.50
2022;rd;14800214;Östra Göteborg, Utby;Sverigedemokraterna;SD;120;12.94
2022;rd;14800214;Östra Göteborg, Utby;Vänsterpartiet;V;86;9.28
2022;rd;14800214;Östra Göteborg, Utby;övriga anmälda partier;ÖVR;0;0.00
2022;rd;14800215;Östra Göteborg, Kamgatan m fl;Alternativ för Sverige;AFS;2;0.20
2022;rd;14800215;Östra Göteborg, Kamgatan m fl;Centerpartiet;C;66;6.73
2022;rd;14800215;Östra Göteborg, Kamgatan m fl;Kristdemokraterna;KD;49;4.99
2022;rd;14800215;Östra Göteborg, Kamgatan m fl;Liberalerna (tidigare Folkpartiet);L;42;4.28
2022;rd;14800215;Östra Göteborg, Kamgatan m fl;Moderaterna;M;137;13.97
2022;rd;14800215;Östra Göteborg, Kamgatan m fl;Miljöpartiet de gröna;MP;122;12.44
2022;rd;14800215;Östra Göteborg, Kamgatan m fl;Arbetarepartiet-Socialdemokraterna;S;324;33.03
2022;rd;14800215;Östra Göteborg, Kamgatan m fl;Sverigedemokraterna;SD;142;14.48
2022;rd;14800215;Östra Göteborg, Kamgatan m fl;Vänsterpartiet;V;97;9.89
2022;rd;14800215;Östra Göteborg, Kamgatan m fl;övriga anmälda partier;ÖVR;0;0.00
2022;rd;14800216;Östra Göteborg, Kviberg Östra;Centerpartiet;C;46;5.92
2022;rd;14800216;Östra Göteborg, Kviberg Östra;Kristdemokraterna;KD;20;2.57
2022;rd;14800216;Östra Göteborg, Kviberg Östra;Liberalerna (tidigare Folkpartiet);L;28;3.60
2022;rd;14800216;Östra Göteborg, Kviberg Östra;Moderaterna;M;89;11.45
2022;rd;14800216;Östra Göteborg, Kviberg Östra;Medborgerlig Samling;MED;5;0.64
2022;rd;14800216;Östra Göteborg, Kviberg Östra;MoD;MOD;1;0.13
2022;rd;14800216;Östra Göteborg, Kviberg Östra;Miljöpartiet de gröna;MP;83;10.68
2022;rd;14800216;Östra Göteborg, Kviberg Östra;Partiet Nyans;NYANS;6;0.77
2022;rd;14800216;Östra Göteborg, Kviberg Östra;Piratpartiet;PP;4;0.51
2022;rd;14800216;Östra Göteborg, Kviberg Östra;Arbetarepartiet-Socialdemokraterna;S;238;30.63
2022;rd;14800216;Östra Göteborg, Kviberg Östra;Sverigedemokraterna;SD;44;5.66
2022;rd;14800216;Östra Göteborg, Kviberg Östra;Vänsterpartiet;V;213;27.41
2022;rd;14800216;Östra Göteborg, Kviberg Östra;övriga anmälda partier;ÖVR;0;0.00
2022;rd;14800217;Östra Göteborg, Kvibergsnäs;Centerpartiet;C;87;7.33
2022;rd;14800217;Östra Göteborg, Kvibergsnäs;Partiet Frihet;FRIH;1;0.08
2022;rd;14800217;Östra Göteborg, Kvibergsnäs;Kristdemokraterna;KD;44;3.71
2022;rd;14800217;Östra Göteborg, Kvibergsnäs;Klimatalliansen;KLIMA;2;0.17
2022;rd;14800217;Östra Göteborg, Kvibergsnäs;Liberalerna (tidigare Folkpartiet);L;53;4.47
2022;rd;14800217;Östra Göteborg, Kvibergsnäs;Moderaterna;M;246;20.72
2022;rd;14800217;Östra Göteborg, Kvibergsnäs;Medborgerlig Samling;MED;3;0.25
2022;rd;14800217;Östra Göteborg, Kvibergsnäs;Miljöpartiet de gröna;MP;91;7.67
2022;rd;14800217;Östra Göteborg, Kvibergsnäs;Partiet Nyans;NYANS;3;0.25
2022;rd;14800217;Östra Göteborg, Kvibergsnäs;Piratpartiet;PP;2;0.17
2022;rd;14800217;Östra Göteborg, Kvibergsnäs;Arbetarepartiet-Socialdemokraterna;S;381;32.10
2022;rd;14800217;Östra Göteborg, Kvibergsnäs;Sverigedemokraterna;SD;121;10.19
2022;rd;14800217;Östra Göteborg, Kvibergsnäs;Vänsterpartiet;V;153;12.89
2022;rd;14800217;Östra Göteborg, Kvibergsnäs;övriga anmälda partier;ÖVR;0;0.00
2022;rd;14800218;Östra Göteborg, Bellevue Park;Alternativ för Sverige;AFS;1;0.12
2022;rd;14800218;Östra Göteborg, Bellevue Park;Centerpartiet;C;52;6.24
2022;rd;14800218;Östra Göteborg, Bellevue Park;Direktdemokraterna;DD;1;0.12
2022;rd;14800218;Östra Göteborg, Bellevue Park;Kristdemokraterna;KD;36;4.32
2022;rd;14800218;Östra Göteborg, Bellevue Park;Klimatalliansen;KLIMA;1;0.12
2022;rd;14800218;Östra Göteborg, Bellevue Park;Kristna Värdepartiet;KRVP;1;0.12
2022;rd;14800218;Östra Göteborg, Bellevue Park;Liberalerna (tidigare Folkpartiet);L;42;5.04
2022;rd;14800218;Östra Göteborg, Bellevue Park;Moderaterna;M;134;16.09
2022;rd;14800218;Östra Göteborg, Bellevue Park;Medborgerlig Samling;MED;1;0.12
2022;rd;14800218;Östra Göteborg, Bellevue Park;MoD;MOD;1;0.12
2022;rd;14800218;Östra Göteborg, Bellevue Park;Miljöpartiet de gröna;MP;77;9.24
2022;rd;14800218;Östra Göteborg, Bellevue Park;Partiet Nyans;NYANS;3;0.36
2022;rd;14800218;Östra Göteborg, Bellevue Park;Piratpartiet;PP;4;0.48
2022;rd;14800218;Östra Göteborg, Bellevue Park;Arbetarepartiet-Socialdemokraterna;S;253;30.37
2022;rd;14800218;Östra Göteborg, Bellevue Park;Sverigedemokraterna;SD;87;10.44
2022;rd;14800218;Östra Göteborg, Bellevue Park;Vänsterpartiet;V;139;16.69
2022;rd;14800218;Östra Göteborg, Bellevue Park;övriga anmälda partier;ÖVR;0;0.00
2022;rd;14800219;Östra Göteborg, Bellevue;Alternativ för Sverige;AFS;3;0.40
2022;rd;14800219;Östra Göteborg, Bellevue;Centerpartiet;C;46;6.08
2022;rd;14800219;Östra Göteborg, Bellevue;Feministiskt initiativ;FI;1;0.13
2022;rd;14800219;Östra Göteborg, Bellevue;Kristdemokraterna;KD;26;3.43
2022;rd;14800219;Östra Göteborg, Bellevue;Knapptryckarna;KNAPP;1;0.13
2022;rd;14800219;Östra Göteborg, Bellevue;Kristna Värdepartiet;KRVP;2;0.26
2022;rd;14800219;Östra Göteborg, Bellevue;Liberalerna (tidigare Folkpartiet);L;32;4.23
2022;rd;14800219;Östra Göteborg, Bellevue;Moderaterna;M;78;10.30
2022;rd;14800219;Östra Göteborg, Bellevue;Medborgerlig Samling;MED;1;0.13
2022;rd;14800219;Östra Göteborg, Bellevue;MoD;MOD;2;0.26
2022;rd;14800219;Östra Göteborg, Bellevue;Miljöpartiet de gröna;MP;73;9.64
2022;rd;14800219;Östra Göteborg, Bellevue;Piratpartiet;PP;4;0.53
2022;rd;14800219;Östra Göteborg, Bellevue;Arbetarepartiet-Socialdemokraterna;S;209;27.61
2022;rd;14800219;Östra Göteborg, Bellevue;Sverigedemokraterna;SD;107;14.13
2022;rd;14800219;Östra Göteborg, Bellevue;Vänsterpartiet;V;172;22.72
2022;rd;14800219;Östra Göteborg, Bellevue;övriga anmälda partier;ÖVR;0;0.00
2022;rd;14800220;Östra Göteborg, Gamlestaden Norra;Alternativ för Sverige;AFS;2;0.25
2022;rd;14800220;Östra Göteborg, Gamlestaden Norra;Centerpartiet;C;44;5.60
2022;rd;14800220;Östra Göteborg, Gamlestaden Norra;Feministiskt initiativ;FI;1;0.13
2022;rd;14800220;Östra Göteborg, Gamlestaden Norra;Kristdemokraterna;KD;14;1.78
2022;rd;14800220;Östra Göteborg, Gamlestaden Norra;Knapptryckarna;KNAPP;1;0.13
2022;rd;14800220;Östra Göteborg, Gamlestaden Norra;Kristna Värdepartiet;KRVP;1;0.13
2022;rd;14800220;Östra Göteborg, Gamlestaden Norra;Liberalerna (tidigare Folkpartiet);L;23;2.93
2022;rd;14800220;Östra Göteborg, Gamlestaden Norra;Moderaterna;M;73;9.29
2022;rd;14800220;Östra Göteborg, Gamlestaden Norra;Medborgerlig Samling;MED;11;1.40
2022;rd;14800220;Östra Göteborg, Gamlestaden Norra;MoD;MOD;1;0.13
2022;rd;14800220;Östra Göteborg, Gamlestaden Norra;Miljöpartiet de gröna;MP;80;10.18
2022;rd;14800220;Östra Göteborg, Gamlestaden Norra;Nordiska motståndsrörelsen;NMR;1;0.13
2022;rd;14800220;Östra Göteborg, Gamlestaden Norra;Partiet Nyans;NYANS;4;0.51
2022;rd;14800220;Östra Göteborg, Gamlestaden Norra;Piratpartiet;PP;3;0.38
2022;rd;14800220;Östra Göteborg, Gamlestaden Norra;Arbetarepartiet-Socialdemokraterna;S;214;27.23
2022;rd;14800220;Östra Göteborg, Gamlestaden Norra;Sverigedemokraterna;SD;96;12.21
2022;rd;14800220;Östra Göteborg, Gamlestaden Norra;Vänsterpartiet;V;217;27.61
2022;rd;14800220;Östra Göteborg, Gamlestaden Norra;övriga anmälda partier;ÖVR;0;0.00
2022;rd;14800221;Östra Göteborg, Gamlestaden Södra;Alternativ för Sverige;AFS;2;0.22
2022;rd;14800221;Östra Göteborg, Gamlestaden Södra;Basinkomstpartiet;BASIP;1;0.11
2022;rd;14800221;Östra Göteborg, Gamlestaden Södra;Centerpartiet;C;48;5.39
2022;rd;14800221;Östra Göteborg, Gamlestaden Södra;Feministiskt initiativ;FI;6;0.67
2022;rd;14800221;Östra Göteborg, Gamlestaden Södra;Kristdemokraterna;KD;29;3.26
2022;rd;14800221;Östra Göteborg, Gamlestaden Södra;Kristna Värdepartiet;KRVP;1;0.11
2022;rd;14800221;Östra Göteborg, Gamlestaden Södra;Liberalerna (tidigare Folkpartiet);L;37;4.16
2022;rd;14800221;Östra Göteborg, Gamlestaden Södra;Moderaterna;M;102;11.46
2022;rd;14800221;Östra Göteborg, Gamlestaden Södra;Medborgerlig Samling;MED;1;0.11
2022;rd;14800221;Östra Göteborg, Gamlestaden Södra;MoD;MOD;1;0.11
2022;rd;14800221;Östra Göteborg, Gamlestaden Södra;Miljöpartiet de gröna;MP;108;12.13
2022;rd;14800221;Östra Göteborg, Gamlestaden Södra;Partiet Nyans;NYANS;10;1.12
2022;rd;14800221;Östra Göteborg, Gamlestaden Södra;Piratpartiet;PP;2;0.22
2022;rd;14800221;Östra Göteborg, Gamlestaden Södra;Arbetarepartiet-Socialdemokraterna;S;229;25.73
2022;rd;14800221;Östra Göteborg, Gamlestaden Södra;Sverigedemokraterna;SD;93;10.45
2022;rd;14800221;Östra Göteborg, Gamlestaden Södra;Vänsterpartiet;V;220;24.72
2022;rd;14800221;Östra Göteborg, Gamlestaden Södra;övriga anmälda partier;ÖVR;0;0.00
2022;rd;14800222;Östra Göteborg, Nylöse;Alternativ för Sverige;AFS;3;0.40
2022;rd;14800222;Östra Göteborg, Nylöse;Basinkomstpartiet;BASIP;1;0.13
2022;rd;14800222;Östra Göteborg, Nylöse;Centerpartiet;C;46;6.07
2022;rd;14800222;Östra Göteborg, Nylöse;Feministiskt initiativ;FI;1;0.13
2022;rd;14800222;Östra Göteborg, Nylöse;Kristdemokraterna;KD;12;1.58
2022;rd;14800222;Östra Göteborg, Nylöse;Liberalerna (tidigare Folkpartiet);L;34;4.49
2022;rd;14800222;Östra Göteborg, Nylöse;Moderaterna;M;87;11.48
2022;rd;14800222;Östra Göteborg, Nylöse;MoD;MOD;1;0.13
2022;rd;14800222;Östra Göteborg, Nylöse;Miljöpartiet de gröna;MP;59;7.78
2022;rd;14800222;Östra Göteborg, Nylöse;Partiet Nyans;NYANS;5;0.66
2022;rd;14800222;Östra Göteborg, Nylöse;Piratpartiet;PP;4;0.53
2022;rd;14800222;Östra Göteborg, Nylöse;Arbetarepartiet-Socialdemokraterna;S;227;29.95
2022;rd;14800222;Östra Göteborg, Nylöse;Sverigedemokraterna;SD;91;12.01
2022;rd;14800222;Östra Göteborg, Nylöse;Vänsterpartiet;V;187;24.67
2022;rd;14800222;Östra Göteborg, Nylöse;övriga anmälda partier;ÖVR;0;0.00
2022;rd;14800223;Östra Göteborg, Kviberg Västra;Alternativ för Sverige;AFS;2;0.32
2022;rd;14800223;Östra Göteborg, Kviberg Västra;Centerpartiet;C;23;3.72
2022;rd;14800223;Östra Göteborg, Kviberg Västra;Feministiskt initiativ;FI;2;0.32
2022;rd;14800223;Östra Göteborg, Kviberg Västra;Kalle ankapartiet;KALLE;1;0.16
2022;rd;14800223;Östra Göteborg, Kviberg Västra;Kristdemokraterna;KD;24;3.88
2022;rd;14800223;Östra Göteborg, Kviberg Västra;Liberalerna (tidigare Folkpartiet);L;15;2.42
2022;rd;14800223;Östra Göteborg, Kviberg Västra;Moderaterna;M;61;9.85
2022;rd;14800223;Östra Göteborg, Kviberg Västra;Medborgerlig Samling;MED;1;0.16
2022;rd;14800223;Östra Göteborg, Kviberg Västra;MoD;MOD;2;0.32
2022;rd;14800223;Östra Göteborg, Kviberg Västra;Miljöpartiet de gröna;MP;39;6.30
2022;rd;14800223;Östra Göteborg, Kviberg Västra;Partiet Nyans;NYANS;9;1.45
2022;rd;14800223;Östra Göteborg, Kviberg Västra;Piratpartiet;PP;1;0.16
2022;rd;14800223;Östra Göteborg, Kviberg Västra;Arbetarepartiet-Socialdemokraterna;S;229;37.00
2022;rd;14800223;Östra Göteborg, Kviberg Västra;Sverigedemokraterna;SD;77;12.44
2022;rd;14800223;Östra Göteborg, Kviberg Västra;Vänsterpartiet;V;133;21.49
2022;rd;14800223;Östra Göteborg, Kviberg Västra;övriga anmälda partier;ÖVR;0;0.00
2022;rd;14800224;Östra Göteborg, Kortedala Södra;Centerpartiet;C;28;3.86
2022;rd;14800224;Östra Göteborg, Kortedala Södra;Feministiskt initiativ;FI;1;0.14
2022;rd;14800224;Östra Göteborg, Kortedala Södra;Kristdemokraterna;KD;29;3.99
2022;rd;14800224;Östra Göteborg, Kortedala Södra;Kristna Värdepartiet;KRVP;1;0.14
2022;rd;14800224;Östra Göteborg, Kortedala Södra;Liberalerna (tidigare Folkpartiet);L;18;2.48
2022;rd;14800224;Östra Göteborg, Kortedala Södra;Moderaterna;M;80;11.02
2022;rd;14800224;Östra Göteborg, Kortedala Södra;Medborgerlig Samling;MED;1;0.14
2022;rd;14800224;Östra Göteborg, Kortedala Södra;Miljöpartiet de gröna;MP;60;8.26
2022;rd;14800224;Östra Göteborg, Kortedala Södra;Partiet Nyans;NYANS;6;0.83
2022;rd;14800224;Östra Göteborg, Kortedala Södra;Piratpartiet;PP;1;0.14
2022;rd;14800224;Östra Göteborg, Kortedala Södra;Arbetarepartiet-Socialdemokraterna;S;250;34.44
2022;rd;14800224;Östra Göteborg, Kortedala Södra;Sverigedemokraterna;SD;108;14.88
2022;rd;14800224;Östra Göteborg, Kortedala Södra;Vänsterpartiet;V;143;19.70
2022;rd;14800224;Östra Göteborg, Kortedala Södra;övriga anmälda partier;ÖVR;0;0.00
2022;rd;14800225;Östra Göteborg, Månadsparken;Alternativ för Sverige;AFS;2;0.38
2022;rd;14800225;Östra Göteborg, Månadsparken;Centerpartiet;C;11;2.09
2022;rd;14800225;Östra Göteborg, Månadsparken;Kristdemokraterna;KD;14;2.66
2022;rd;14800225;Östra Göteborg, Månadsparken;Knapptryckarna;KNAPP;1;0.19
2022;rd;14800225;Östra Göteborg, Månadsparken;Kristna Värdepartiet;KRVP;1;0.19
2022;rd;14800225;Östra Göteborg, Månadsparken;Liberalerna (tidigare Folkpartiet);L;7;1.33
2022;rd;14800225;Östra Göteborg, Månadsparken;Moderaterna;M;24;4.55
2022;rd;14800225;Östra Göteborg, Månadsparken;Medborgerlig Samling;MED;1;0.19
2022;rd;14800225;Östra Göteborg, Månadsparken;MoD;MOD;1;0.19
2022;rd;14800225;Östra Göteborg, Månadsparken;Miljöpartiet de gröna;MP;33;6.26
2022;rd;14800225;Östra Göteborg, Månadsparken;Partiet Nyans;NYANS;8;1.52
2022;rd;14800225;Östra Göteborg, Månadsparken;Piratpartiet;PP;1;0.19
2022;rd;14800225;Östra Göteborg, Månadsparken;Arbetarepartiet-Socialdemokraterna;S;189;35.86
2022;rd;14800225;Östra Göteborg, Månadsparken;Sverigedemokraterna;SD;89;16.89
2022;rd;14800225;Östra Göteborg, Månadsparken;Vänsterpartiet;V;145;27.51
2022;rd;14800225;Östra Göteborg, Månadsparken;övriga anmälda partier;ÖVR;0;0.00
2022;rd;14800226;Östra Göteborg, Gregorianska G. m fl;Alternativ för Sverige;AFS;1;0.15
2022;rd;14800226;Östra Göteborg, Gregorianska G. m fl;Centerpartiet;C;19;2.83
2022;rd;14800226;Östra Göteborg, Gregorianska G. m fl;Enhet;ENH;1;0.15
2022;rd;14800226;Östra Göteborg, Gregorianska G. m fl;Feministiskt initiativ;FI;3;0.45
2022;rd;14800226;Östra Göteborg, Gregorianska G. m fl;Kristdemokraterna;KD;15;2.24
2022;rd;14800226;Östra Göteborg, Gregorianska G. m fl;Liberalerna (tidigare Folkpartiet);L;11;1.64
2022;rd;14800226;Östra Göteborg, Gregorianska G. m fl;Moderaterna;M;52;7.75
2022;rd;14800226;Östra Göteborg, Gregorianska G. m fl;Medborgerlig Samling;MED;3;0.45
2022;rd;14800226;Östra Göteborg, Gregorianska G. m fl;MoD;MOD;1;0.15
2022;rd;14800226;Östra Göteborg, Gregorianska G. m fl;Miljöpartiet de gröna;MP;74;11.03
2022;rd;14800226;Östra Göteborg, Gregorianska G. m fl;Partiet Nyans;NYANS;7;1.04
2022;rd;14800226;Östra Göteborg, Gregorianska G. m fl;Piratpartiet;PP;5;0.75
2022;rd;14800226;Östra Göteborg, Gregorianska G. m fl;Arbetarepartiet-Socialdemokraterna;S;178;26.53
2022;rd;14800226;Östra Göteborg, Gregorianska G. m fl;Sverigedemokraterna;SD;99;14.75
2022;rd;14800226;Östra Göteborg, Gregorianska G. m fl;Socialisterna-Välfärdspartiet;SOCV;1;0.15
2022;rd;14800226;Östra Göteborg, Gregorianska G. m fl;Vänsterpartiet;V;201;29.96
2022;rd;14800226;Östra Göteborg, Gregorianska G. m fl;övriga anmälda partier;ÖVR;0;0.00
2022;rd;14800227;Östra Göteborg, Kortedala Västra;Centerpartiet;C;25;3.86
2022;rd;14800227;Östra Göteborg, Kortedala Västra;Enhet;ENH;1;0.15
2022;rd;14800227;Östra Göteborg, Kortedala Västra;Feministiskt initiativ;FI;1;0.15
2022;rd;14800227;Östra Göteborg, Kortedala Västra;Kristdemokraterna;KD;16;2.47
2022;rd;14800227;Östra Göteborg, Kortedala Västra;Knapptryckarna;KNAPP;3;0.46
2022;rd;14800227;Östra Göteborg, Kortedala Västra;Liberalerna (tidigare Folkpartiet);L;19;2.94
2022;rd;14800227;Östra Göteborg, Kortedala Västra;Moderaterna;M;69;10.66
2022;rd;14800227;Östra Göteborg, Kortedala Västra;Medborgerlig Samling;MED;5;0.77
2022;rd;14800227;Östra Göteborg, Kortedala Västra;Miljöpartiet de gröna;MP;36;5.56
2022;rd;14800227;Östra Göteborg, Kortedala Västra;Partiet Nyans;NYANS;8;1.24
2022;rd;14800227;Östra Göteborg, Kortedala Västra;Piratpartiet;PP;1;0.15
2022;rd;14800227;Östra Göteborg, Kortedala Västra;Arbetarepartiet-Socialdemokraterna;S;212;32.77
2022;rd;14800227;Östra Göteborg, Kortedala Västra;Sverigedemokraterna;SD;95;14.68
2022;rd;14800227;Östra Göteborg, Kortedala Västra;Vänsterpartiet;V;156;24.11
2022;rd;14800227;Östra Göteborg, Kortedala Västra;övriga anmälda partier;ÖVR;0;0.00
2022;rd;14800228;Östra Göteborg, Kortedala Torg;Alternativ för Sverige;AFS;4;0.77
2022;rd;14800228;Östra Göteborg, Kortedala Torg;Basinkomstpartiet;BASIP;2;0.39
2022;rd;14800228;Östra Göteborg, Kortedala Torg;Centerpartiet;C;13;2.51
2022;rd;14800228;Östra Göteborg, Kortedala Torg;Förenade Demokratiska Partiet;FDP;1;0.19
2022;rd;14800228;Östra Göteborg, Kortedala Torg;Kristdemokraterna;KD;11;2.13
2022;rd;14800228;Östra Göteborg, Kortedala Torg;Liberalerna (tidigare Folkpartiet);L;4;0.77
2022;rd;14800228;Östra Göteborg, Kortedala Torg;Moderaterna;M;34;6.58
2022;rd;14800228;Östra Göteborg, Kortedala Torg;MoD;MOD;1;0.19
2022;rd;14800228;Östra Göteborg, Kortedala Torg;Miljöpartiet de gröna;MP;31;6.00
2022;rd;14800228;Östra Göteborg, Kortedala Torg;Partiet Nyans;NYANS;9;1.74
2022;rd;14800228;Östra Göteborg, Kortedala Torg;Piratpartiet;PP;2;0.39
2022;rd;14800228;Östra Göteborg, Kortedala Torg;Arbetarepartiet-Socialdemokraterna;S;184;35.59
2022;rd;14800228;Östra Göteborg, Kortedala Torg;Sverigedemokraterna;SD;72;13.93
2022;rd;14800228;Östra Göteborg, Kortedala Torg;Vänsterpartiet;V;149;28.82
2022;rd;14800228;Östra Göteborg, Kortedala Torg;övriga anmälda partier;ÖVR;0;0.00
2022;rd;14800229;Östra Göteborg, Förstamajgatan m fl;Alternativ för Sverige;AFS;4;0.57
2022;rd;14800229;Östra Göteborg, Förstamajgatan m fl;Centerpartiet;C;22;3.14
2022;rd;14800229;Östra Göteborg, Förstamajgatan m fl;Direktdemokraterna;DD;1;0.14
2022;rd;14800229;Östra Göteborg, Förstamajgatan m fl;Feministiskt initiativ;FI;3;0.43
2022;rd;14800229;Östra Göteborg, Förstamajgatan m fl;Kristdemokraterna;KD;24;3.42
2022;rd;14800229;Östra Göteborg, Förstamajgatan m fl;Klimatalliansen;KLIMA;1;0.14
2022;rd;14800229;Östra Göteborg, Förstamajgatan m fl;Knapptryckarna;KNAPP;2;0.29
2022;rd;14800229;Östra Göteborg, Förstamajgatan m fl;Kristna Värdepartiet;KRVP;3;0.43
2022;rd;14800229;Östra Göteborg, Förstamajgatan m fl;Liberalerna (tidigare Folkpartiet);L;18;2.57
2022;rd;14800229;Östra Göteborg, Förstamajgatan m fl;Landsbygdspartiet Oberoende;LPO;1;0.14
2022;rd;14800229;Östra Göteborg, Förstamajgatan m fl;Moderaterna;M;47;6.70
2022;rd;14800229;Östra Göteborg, Förstamajgatan m fl;Medborgerlig Samling;MED;1;0.14
2022;rd;14800229;Östra Göteborg, Förstamajgatan m fl;Miljöpartiet de gröna;MP;41;5.85
2022;rd;14800229;Östra Göteborg, Förstamajgatan m fl;Partiet Nyans;NYANS;10;1.43
2022;rd;14800229;Östra Göteborg, Förstamajgatan m fl;Piratpartiet;PP;2;0.29
2022;rd;14800229;Östra Göteborg, Förstamajgatan m fl;Arbetarepartiet-Socialdemokraterna;S;244;34.81
2022;rd;14800229;Östra Göteborg, Förstamajgatan m fl;Sverigedemokraterna;SD;112;15.98
2022;rd;14800229;Östra Göteborg, Förstamajgatan m fl;Vänsterpartiet;V;165;23.54
2022;rd;14800229;Östra Göteborg, Förstamajgatan m fl;övriga anmälda partier;ÖVR;0;0.00
2022;rd;14800230;Östra Göteborg, Kortedala Östra;Alternativ för Sverige;AFS;1;0.17
2022;rd;14800230;Östra Göteborg, Kortedala Östra;Centerpartiet;C;12;2.06
2022;rd;14800230;Östra Göteborg, Kortedala Östra;Feministiskt initiativ;FI;1;0.17
2022;rd;14800230;Östra Göteborg, Kortedala Östra;Kristdemokraterna;KD;20;3.44
2022;rd;14800230;Östra Göteborg, Kortedala Östra;Liberalerna (tidigare Folkpartiet);L;12;2.06
2022;rd;14800230;Östra Göteborg, Kortedala Östra;Moderaterna;M;42;7.22
2022;rd;14800230;Östra Göteborg, Kortedala Östra;MoD;MOD;1;0.17
2022;rd;14800230;Östra Göteborg, Kortedala Östra;Miljöpartiet de gröna;MP;40;6.87
2022;rd;14800230;Östra Göteborg, Kortedala Östra;Partiet Nyans;NYANS;13;2.23
2022;rd;14800230;Östra Göteborg, Kortedala Östra;Piratpartiet;PP;7;1.20
2022;rd;14800230;Östra Göteborg, Kortedala Östra;Arbetarepartiet-Socialdemokraterna;S;173;29.73
2022;rd;14800230;Östra Göteborg, Kortedala Östra;Sverigedemokraterna;SD;93;15.98
2022;rd;14800230;Östra Göteborg, Kortedala Östra;SKP;SKP;2;0.34
2022;rd;14800230;Östra Göteborg, Kortedala Östra;Socialisterna-Välfärdspartiet;SOCV;2;0.34
2022;rd;14800230;Östra Göteborg, Kortedala Östra;Vänsterpartiet;V;163;28.01
2022;rd;14800230;Östra Göteborg, Kortedala Östra;övriga anmälda partier;ÖVR;0;0.00
2022;rd;14800231;Östra Göteborg, Månadsgatorna m fl;Centerpartiet;C;19;2.97
2022;rd;14800231;Östra Göteborg, Månadsgatorna m fl;Feministiskt initiativ;FI;1;0.16
2022;rd;14800231;Östra Göteborg, Månadsgatorna m fl;Kristdemokraterna;KD;19;2.97
2022;rd;14800231;Östra Göteborg, Månadsgatorna m fl;Kristna Värdepartiet;KRVP;1;0.16
2022;rd;14800231;Östra Göteborg, Månadsgatorna m fl;Liberalerna (tidigare Folkpartiet);L;11;1.72
2022;rd;14800231;Östra Göteborg, Månadsgatorna m fl;Moderaterna;M;37;5.78
2022;rd;14800231;Östra Göteborg, Månadsgatorna m fl;Medborgerlig Samling;MED;1;0.16
2022;rd;14800231;Östra Göteborg, Månadsgatorna m fl;MoD;MOD;3;0.47
2022;rd;14800231;Östra Göteborg, Månadsgatorna m fl;Miljöpartiet de gröna;MP;36;5.62
2022;rd;14800231;Östra Göteborg, Månadsgatorna m fl;Partiet Nyans;NYANS;20;3.12
2022;rd;14800231;Östra Göteborg, Månadsgatorna m fl;Piratpartiet;PP;1;0.16
2022;rd;14800231;Östra Göteborg, Månadsgatorna m fl;Arbetarepartiet-Socialdemokraterna;S;230;35.94
2022;rd;14800231;Östra Göteborg, Månadsgatorna m fl;Sverigedemokraterna;SD;112;17.50
2022;rd;14800231;Östra Göteborg, Månadsgatorna m fl;Stram Kurs Sverige;SKS;1;0.16
2022;rd;14800231;Östra Göteborg, Månadsgatorna m fl;Vänsterpartiet;V;148;23.12
2022;rd;14800231;Östra Göteborg, Månadsgatorna m fl;övriga anmälda partier;ÖVR;0;0.00
2022;rd;14800232;Östra Göteborg, Adventsparken Östra;Alternativ för Sverige;AFS;2;0.42
2022;rd;14800232;Östra Göteborg, Adventsparken Östra;Centerpartiet;C;11;2.31
2022;rd;14800232;Östra Göteborg, Adventsparken Östra;Direktdemokraterna;DD;1;0.21
2022;rd;14800232;Östra Göteborg, Adventsparken Östra;Kristdemokraterna;KD;6;1.26
2022;rd;14800232;Östra Göteborg, Adventsparken Östra;Klimatalliansen;KLIMA;1;0.21
2022;rd;14800232;Östra Göteborg, Adventsparken Östra;Liberalerna (tidigare Folkpartiet);L;1;0.21
2022;rd;14800232;Östra Göteborg, Adventsparken Östra;Moderaterna;M;20;4.19
2022;rd;14800232;Östra Göteborg, Adventsparken Östra;MoD;MOD;2;0.42
2022;rd;14800232;Östra Göteborg, Adventsparken Östra;Miljöpartiet de gröna;MP;35;7.34
2022;rd;14800232;Östra Göteborg, Adventsparken Östra;Partiet Nyans;NYANS;21;4.40
2022;rd;14800232;Östra Göteborg, Adventsparken Östra;Piratpartiet;PP;1;0.21
2022;rd;14800232;Östra Göteborg, Adventsparken Östra;Arbetarepartiet-Socialdemokraterna;S;189;39.62
2022;rd;14800232;Östra Göteborg, Adventsparken Östra;Sverigedemokraterna;SD;64;13.42
2022;rd;14800232;Östra Göteborg, Adventsparken Östra;Vänsterpartiet;V;123;25.79
2022;rd;14800232;Östra Göteborg, Adventsparken Östra;övriga anmälda partier;ÖVR;0;0.00
2022;rd;14800233;Östra Göteborg, Adventsparken Västra;Centerpartiet;C;13;2.54
2022;rd;14800233;Östra Göteborg, Adventsparken Västra;Förenade Demokratiska Partiet;FDP;1;0.20
2022;rd;14800233;Östra Göteborg, Adventsparken Västra;Kristdemokraterna;KD;17;3.32
2022;rd;14800233;Östra Göteborg, Adventsparken Västra;Knapptryckarna;KNAPP;1;0.20
2022;rd;14800233;Östra Göteborg, Adventsparken Västra;Kristna Värdepartiet;KRVP;1;0.20
2022;rd;14800233;Östra Göteborg, Adventsparken Västra;Liberalerna (tidigare Folkpartiet);L;7;1.37
2022;rd;14800233;Östra Göteborg, Adventsparken Västra;Moderaterna;M;17;3.32
2022;rd;14800233;Östra Göteborg, Adventsparken Västra;Medborgerlig Samling;MED;1;0.20
2022;rd;14800233;Östra Göteborg, Adventsparken Västra;Miljöpartiet de gröna;MP;39;7.62
2022;rd;14800233;Östra Göteborg, Adventsparken Västra;Partiet Nyans;NYANS;10;1.95
2022;rd;14800233;Östra Göteborg, Adventsparken Västra;Piratpartiet;PP;1;0.20
2022;rd;14800233;Östra Göteborg, Adventsparken Västra;Arbetarepartiet-Socialdemokraterna;S;200;39.06
2022;rd;14800233;Östra Göteborg, Adventsparken Västra;Sverigedemokraterna;SD;91;17.77
2022;rd;14800233;Östra Göteborg, Adventsparken Västra;Vänsterpartiet;V;113;22.07
2022;rd;14800233;Östra Göteborg, Adventsparken Västra;övriga anmälda partier;ÖVR;0;0.00
2022;rd;14800234;Östra Göteborg, Söndagsgatan m fl;Alternativ för Sverige;AFS;1;0.14
2022;rd;14800234;Östra Göteborg, Söndagsgatan m fl;Centerpartiet;C;27;3.87
2022;rd;14800234;Östra Göteborg, Söndagsgatan m fl;Feministiskt initiativ;FI;2;0.29
2022;rd;14800234;Östra Göteborg, Söndagsgatan m fl;Kristdemokraterna;KD;24;3.44
2022;rd;14800234;Östra Göteborg, Söndagsgatan m fl;Klimatalliansen;KLIMA;1;0.14
2022;rd;14800234;Östra Göteborg, Söndagsgatan m fl;Liberalerna (tidigare Folkpartiet);L;18;2.58
2022;rd;14800234;Östra Göteborg, Söndagsgatan m fl;Moderaterna;M;66;9.46
2022;rd;14800234;Östra Göteborg, Söndagsgatan m fl;MoD;MOD;2;0.29
2022;rd;14800234;Östra Göteborg, Söndagsgatan m fl;Miljöpartiet de gröna;MP;49;7.02
2022;rd;14800234;Östra Göteborg, Söndagsgatan m fl;Partiet Nyans;NYANS;4;0.57
2022;rd;14800234;Östra Göteborg, Söndagsgatan m fl;Piratpartiet;PP;4;0.57
2022;rd;14800234;Östra Göteborg, Söndagsgatan m fl;Arbetarepartiet-Socialdemokraterna;S;230;32.95
2022;rd;14800234;Östra Göteborg, Söndagsgatan m fl;Sverigedemokraterna;SD;127;18.19
2022;rd;14800234;Östra Göteborg, Söndagsgatan m fl;Vänsterpartiet;V;143;20.49
2022;rd;14800234;Östra Göteborg, Söndagsgatan m fl;övriga anmälda partier;ÖVR;0;0.00
2022;rd;14800235;Östra Göteborg, Kortedala Norra;Alternativ för Sverige;AFS;2;0.33
2022;rd;14800235;Östra Göteborg, Kortedala Norra;Centerpartiet;C;19;3.10
2022;rd;14800235;Östra Göteborg, Kortedala Norra;Direktdemokraterna;DD;1;0.16
2022;rd;14800235;Östra Göteborg, Kortedala Norra;Feministiskt initiativ;FI;1;0.16
2022;rd;14800235;Östra Göteborg, Kortedala Norra;Kristdemokraterna;KD;16;2.61
2022;rd;14800235;Östra Göteborg, Kortedala Norra;Klimatalliansen;KLIMA;1;0.16
2022;rd;14800235;Östra Göteborg, Kortedala Norra;Knapptryckarna;KNAPP;2;0.33
2022;rd;14800235;Östra Göteborg, Kortedala Norra;Kristna Värdepartiet;KRVP;2;0.33
2022;rd;14800235;Östra Göteborg, Kortedala Norra;Liberalerna (tidigare Folkpartiet);L;7;1.14
2022;rd;14800235;Östra Göteborg, Kortedala Norra;Moderaterna;M;41;6.70
2022;rd;14800235;Östra Göteborg, Kortedala Norra;Medborgerlig Samling;MED;1;0.16
2022;rd;14800235;Östra Göteborg, Kortedala Norra;MoD;MOD;3;0.49
2022;rd;14800235;Östra Göteborg, Kortedala Norra;Miljöpartiet de gröna;MP;35;5.72
2022;rd;14800235;Östra Göteborg, Kortedala Norra;Partiet Nyans;NYANS;12;1.96
2022;rd;14800235;Östra Göteborg, Kortedala Norra;Piratpartiet;PP;4;0.65
2022;rd;14800235;Östra Göteborg, Kortedala Norra;Arbetarepartiet-Socialdemokraterna;S;222;36.27
2022;rd;14800235;Östra Göteborg, Kortedala Norra;Sverigedemokraterna;SD;105;17.16
2022;rd;14800235;Östra Göteborg, Kortedala Norra;Vänsterpartiet;V;138;22.55
2022;rd;14800235;Östra Göteborg, Kortedala Norra;övriga anmälda partier;ÖVR;0;0.00
2022;rd;14800301;Östra Centrum, Fräntorp;Centerpartiet;C;69;6.52
2022;rd;14800301;Östra Centrum, Fräntorp;Direktdemokraterna;DD;1;0.09
2022;rd;14800301;Östra Centrum, Fräntorp;Kristdemokraterna;KD;43;4.06
2022;rd;14800301;Östra Centrum, Fräntorp;Knapptryckarna;KNAPP;2;0.19
2022;rd;14800301;Östra Centrum, Fräntorp;Kristna Värdepartiet;KRVP;2;0.19
2022;rd;14800301;Östra Centrum, Fräntorp;Liberalerna (tidigare Folkpartiet);L;90;8.50
2022;rd;14800301;Östra Centrum, Fräntorp;Moderaterna;M;201;18.98
2022;rd;14800301;Östra Centrum, Fräntorp;Medborgerlig Samling;MED;1;0.09
2022;rd;14800301;Östra Centrum, Fräntorp;MoD;MOD;2;0.19
2022;rd;14800301;Östra Centrum, Fräntorp;Miljöpartiet de gröna;MP;68;6.42
2022;rd;14800301;Östra Centrum, Fräntorp;Piratpartiet;PP;1;0.09
2022;rd;14800301;Östra Centrum, Fräntorp;Arbetarepartiet-Socialdemokraterna;S;352;33.24
2022;rd;14800301;Östra Centrum, Fräntorp;Sverigedemokraterna;SD;146;13.79
2022;rd;14800301;Östra Centrum, Fräntorp;Vänsterpartiet;V;81;7.65
2022;rd;14800301;Östra Centrum, Fräntorp;övriga anmälda partier;ÖVR;0;0.00
2022;rd;14800302;Östra Centrum, Vidkärr;Alternativ för Sverige;AFS;7;0.71
2022;rd;14800302;Östra Centrum, Vidkärr;Basinkomstpartiet;BASIP;1;0.10
2022;rd;14800302;Östra Centrum, Vidkärr;Centerpartiet;C;44;4.49
2022;rd;14800302;Östra Centrum, Vidkärr;Direktdemokraterna;DD;2;0.20
2022;rd;14800302;Östra Centrum, Vidkärr;Feministiskt initiativ;FI;2;0.20
2022;rd;14800302;Östra Centrum, Vidkärr;Kristdemokraterna;KD;39;3.98
2022;rd;14800302;Östra Centrum, Vidkärr;Knapptryckarna;KNAPP;1;0.10
2022;rd;14800302;Östra Centrum, Vidkärr;Kristna Värdepartiet;KRVP;2;0.20
2022;rd;14800302;Östra Centrum, Vidkärr;Liberalerna (tidigare Folkpartiet);L;29;2.96
2022;rd;14800302;Östra Centrum, Vidkärr;Moderaterna;M;90;9.17
2022;rd;14800302;Östra Centrum, Vidkärr;Medborgerlig Samling;MED;2;0.20
2022;rd;14800302;Östra Centrum, Vidkärr;MoD;MOD;2;0.20
2022;rd;14800302;Östra Centrum, Vidkärr;Miljöpartiet de gröna;MP;90;9.17
2022;rd;14800302;Östra Centrum, Vidkärr;Nordiska motståndsrörelsen;NMR;1;0.10
2022;rd;14800302;Östra Centrum, Vidkärr;Partiet Nyans;NYANS;7;0.71
2022;rd;14800302;Östra Centrum, Vidkärr;Piratpartiet;PP;7;0.71
2022;rd;14800302;Östra Centrum, Vidkärr;Arbetarepartiet-Socialdemokraterna;S;277;28.24
2022;rd;14800302;Östra Centrum, Vidkärr;Sverigedemokraterna;SD;195;19.88
2022;rd;14800302;Östra Centrum, Vidkärr;Vänsterpartiet;V;183;18.65
2022;rd;14800302;Östra Centrum, Vidkärr;övriga anmälda partier;ÖVR;0;0.00
2022;rd;14800303;Östra Centrum, Munkebäck Norra;Alternativ för Sverige;AFS;3;0.35
2022;rd;14800303;Östra Centrum, Munkebäck Norra;Basinkomstpartiet;BASIP;1;0.12
2022;rd;14800303;Östra Centrum, Munkebäck Norra;Centerpartiet;C;54;6.31
2022;rd;14800303;Östra Centrum, Munkebäck Norra;Direktdemokraterna;DD;1;0.12
2022;rd;14800303;Östra Centrum, Munkebäck Norra;Feministiskt initiativ;FI;1;0.12
2022;rd;14800303;Östra Centrum, Munkebäck Norra;Kristdemokraterna;KD;31;3.62
2022;rd;14800303;Östra Centrum, Munkebäck Norra;Klassiskt liberala partiet;KLP;1;0.12
2022;rd;14800303;Östra Centrum, Munkebäck Norra;Knapptryckarna;KNAPP;1;0.12
2022;rd;14800303;Östra Centrum, Munkebäck Norra;Liberalerna (tidigare Folkpartiet);L;47;5.49
2022;rd;14800303;Östra Centrum, Munkebäck Norra;Moderaterna;M;146;17.06
2022;rd;14800303;Östra Centrum, Munkebäck Norra;Medborgerlig Samling;MED;4;0.47
2022;rd;14800303;Östra Centrum, Munkebäck Norra;Miljöpartiet de gröna;MP;69;8.06
2022;rd;14800303;Östra Centrum, Munkebäck Norra;Piratpartiet;PP;1;0.12
2022;rd;14800303;Östra Centrum, Munkebäck Norra;Arbetarepartiet-Socialdemokraterna;S;247;28.86
2022;rd;14800303;Östra Centrum, Munkebäck Norra;Sverigedemokraterna;SD;153;17.87
2022;rd;14800303;Östra Centrum, Munkebäck Norra;Vänsterpartiet;V;96;11.21
2022;rd;14800303;Östra Centrum, Munkebäck Norra;övriga anmälda partier;ÖVR;0;0.00
2022;rd;14800304;Östra Centrum, Munkebäck Södra;Alternativ för Sverige;AFS;3;0.33
2022;rd;14800304;Östra Centrum, Munkebäck Södra;Basinkomstpartiet;BASIP;1;0.11
2022;rd;14800304;Östra Centrum, Munkebäck Södra;Centerpartiet;C;48;5.34
2022;rd;14800304;Östra Centrum, Munkebäck Södra;Direktdemokraterna;DD;1;0.11
2022;rd;14800304;Östra Centrum, Munkebäck Södra;Feministiskt initiativ;FI;1;0.11
2022;rd;14800304;Östra Centrum, Munkebäck Södra;Kristdemokraterna;KD;32;3.56
2022;rd;14800304;Östra Centrum, Munkebäck Södra;Liberalerna (tidigare Folkpartiet);L;53;5.90
2022;rd;14800304;Östra Centrum, Munkebäck Södra;Landsbygdspartiet Oberoende;LPO;1;0.11
2022;rd;14800304;Östra Centrum, Munkebäck Södra;Moderaterna;M;198;22.02
2022;rd;14800304;Östra Centrum, Munkebäck Södra;Medborgerlig Samling;MED;7;0.78
2022;rd;14800304;Östra Centrum, Munkebäck Södra;MoD;MOD;1;0.11
2022;rd;14800304;Östra Centrum, Munkebäck Södra;Miljöpartiet de gröna;MP;92;10.23
2022;rd;14800304;Östra Centrum, Munkebäck Södra;Partiet Nyans;NYANS;1;0.11
2022;rd;14800304;Östra Centrum, Munkebäck Södra;Piratpartiet;PP;1;0.11
2022;rd;14800304;Östra Centrum, Munkebäck Södra;Arbetarepartiet-Socialdemokraterna;S;245;27.25
2022;rd;14800304;Östra Centrum, Munkebäck Södra;Sverigedemokraterna;SD;116;12.90
2022;rd;14800304;Östra Centrum, Munkebäck Södra;Vänsterpartiet;V;98;10.90
2022;rd;14800304;Östra Centrum, Munkebäck Södra;övriga anmälda partier;ÖVR;0;0.00
2022;rd;14800305;Östra Centrum, Kålltorp Norra;Alternativ för Sverige;AFS;3;0.34
2022;rd;14800305;Östra Centrum, Kålltorp Norra;Centerpartiet;C;60;6.86
2022;rd;14800305;Östra Centrum, Kålltorp Norra;Enhet;ENH;2;0.23
2022;rd;14800305;Östra Centrum, Kålltorp Norra;Feministiskt initiativ;FI;1;0.11
2022;rd;14800305;Östra Centrum, Kålltorp Norra;Kristdemokraterna;KD;24;2.75
2022;rd;14800305;Östra Centrum, Kålltorp Norra;Knapptryckarna;KNAPP;1;0.11
2022;rd;14800305;Östra Centrum, Kålltorp Norra;Liberalerna (tidigare Folkpartiet);L;52;5.95
2022;rd;14800305;Östra Centrum, Kålltorp Norra;Moderaterna;M;143;16.36
2022;rd;14800305;Östra Centrum, Kålltorp Norra;Medborgerlig Samling;MED;1;0.11
2022;rd;14800305;Östra Centrum, Kålltorp Norra;MoD;MOD;1;0.11
2022;rd;14800305;Östra Centrum, Kålltorp Norra;Miljöpartiet de gröna;MP;82;9.38
2022;rd;14800305;Östra Centrum, Kålltorp Norra;Partiet Nyans;NYANS;4;0.46
2022;rd;14800305;Östra Centrum, Kålltorp Norra;Piratpartiet;PP;1;0.11
2022;rd;14800305;Östra Centrum, Kålltorp Norra;Arbetarepartiet-Socialdemokraterna;S;274;31.35
2022;rd;14800305;Östra Centrum, Kålltorp Norra;Sverigedemokraterna;SD;118;13.50
2022;rd;14800305;Östra Centrum, Kålltorp Norra;Vänsterpartiet;V;107;12.24
2022;rd;14800305;Östra Centrum, Kålltorp Norra;övriga anmälda partier;ÖVR;0;0.00
2022;rd;14800306;Östra Centrum, Torpa;Alternativ för Sverige;AFS;1;0.12
2022;rd;14800306;Östra Centrum, Torpa;Centerpartiet;C;79;9.50
2022;rd;14800306;Östra Centrum, Torpa;Direktdemokraterna;DD;1;0.12
2022;rd;14800306;Östra Centrum, Torpa;Feministiskt initiativ;FI;1;0.12
2022;rd;14800306;Östra Centrum, Torpa;Kristdemokraterna;KD;42;5.05
2022;rd;14800306;Östra Centrum, Torpa;Klimatalliansen;KLIMA;1;0.12
2022;rd;14800306;Östra Centrum, Torpa;Knapptryckarna;KNAPP;1;0.12
2022;rd;14800306;Östra Centrum, Torpa;Kristna Värdepartiet;KRVP;4;0.48
2022;rd;14800306;Östra Centrum, Torpa;Liberalerna (tidigare Folkpartiet);L;77;9.25
2022;rd;14800306;Östra Centrum, Torpa;Moderaterna;M;120;14.42
2022;rd;14800306;Östra Centrum, Torpa;Medborgerlig Samling;MED;2;0.24
2022;rd;14800306;Östra Centrum, Torpa;MoD;MOD;3;0.36
2022;rd;14800306;Östra Centrum, Torpa;Miljöpartiet de gröna;MP;105;12.62
2022;rd;14800306;Östra Centrum, Torpa;Nordiska motståndsrörelsen;NMR;1;0.12
2022;rd;14800306;Östra Centrum, Torpa;Piratpartiet;PP;1;0.12
2022;rd;14800306;Östra Centrum, Torpa;Arbetarepartiet-Socialdemokraterna;S;239;28.73
2022;rd;14800306;Östra Centrum, Torpa;Sverigedemokraterna;SD;84;10.10
2022;rd;14800306;Östra Centrum, Torpa;Vänsterpartiet;V;70;8.41
2022;rd;14800306;Östra Centrum, Torpa;övriga anmälda partier;ÖVR;0;0.00
2022;rd;14800307;Östra Centrum, Björkekärr Norra;Alternativ för Sverige;AFS;3;0.30
2022;rd;14800307;Östra Centrum, Björkekärr Norra;Centerpartiet;C;66;6.57
2022;rd;14800307;Östra Centrum, Björkekärr Norra;Direktdemokraterna;DD;1;0.10
2022;rd;14800307;Östra Centrum, Björkekärr Norra;Kristdemokraterna;KD;32;3.18
2022;rd;14800307;Östra Centrum, Björkekärr Norra;Klimatalliansen;KLIMA;1;0.10
2022;rd;14800307;Östra Centrum, Björkekärr Norra;Knapptryckarna;KNAPP;2;0.20
2022;rd;14800307;Östra Centrum, Björkekärr Norra;Liberalerna (tidigare Folkpartiet);L;38;3.78
2022;rd;14800307;Östra Centrum, Björkekärr Norra;Moderaterna;M;138;13.73
2022;rd;14800307;Östra Centrum, Björkekärr Norra;Medborgerlig Samling;MED;1;0.10
2022;rd;14800307;Östra Centrum, Björkekärr Norra;MoD;MOD;1;0.10
2022;rd;14800307;Östra Centrum, Björkekärr Norra;Miljöpartiet de gröna;MP;127;12.64
2022;rd;14800307;Östra Centrum, Björkekärr Norra;Piratpartiet;PP;2;0.20
2022;rd;14800307;Östra Centrum, Björkekärr Norra;Arbetarepartiet-Socialdemokraterna;S;304;30.25
2022;rd;14800307;Östra Centrum, Björkekärr Norra;Sverigedemokraterna;SD;136;13.53
2022;rd;14800307;Östra Centrum, Björkekärr Norra;Vänsterpartiet;V;153;15.22
2022;rd;14800307;Östra Centrum, Björkekärr Norra;övriga anmälda partier;ÖVR;0;0.00
2022;rd;14800308;Östra Centrum, Smörslätten;Alternativ för Sverige;AFS;5;0.77
2022;rd;14800308;Östra Centrum, Smörslätten;Basinkomstpartiet;BASIP;1;0.15
2022;rd;14800308;Östra Centrum, Smörslätten;Centerpartiet;C;29;4.48
2022;rd;14800308;Östra Centrum, Smörslätten;Direktdemokraterna;DD;1;0.15
2022;rd;14800308;Östra Centrum, Smörslätten;Feministiskt initiativ;FI;1;0.15
2022;rd;14800308;Östra Centrum, Smörslätten;Kristdemokraterna;KD;25;3.86
2022;rd;14800308;Östra Centrum, Smörslätten;Liberalerna (tidigare Folkpartiet);L;38;5.86
2022;rd;14800308;Östra Centrum, Smörslätten;Moderaterna;M;112;17.28
2022;rd;14800308;Östra Centrum, Smörslätten;Medborgerlig Samling;MED;2;0.31
2022;rd;14800308;Östra Centrum, Smörslätten;MoD;MOD;2;0.31
2022;rd;14800308;Östra Centrum, Smörslätten;Miljöpartiet de gröna;MP;52;8.02
2022;rd;14800308;Östra Centrum, Smörslätten;Partiet Nyans;NYANS;9;1.39
2022;rd;14800308;Östra Centrum, Smörslätten;Arbetarepartiet-Socialdemokraterna;S;183;28.24
2022;rd;14800308;Östra Centrum, Smörslätten;Sverigedemokraterna;SD;83;12.81
2022;rd;14800308;Östra Centrum, Smörslätten;SKP;SKP;1;0.15
2022;rd;14800308;Östra Centrum, Smörslätten;Vänsterpartiet;V;104;16.05
2022;rd;14800308;Östra Centrum, Smörslätten;övriga anmälda partier;ÖVR;0;0.00
2022;rd;14800309;Östra Centrum, Björkekärr Östra;Alternativ för Sverige;AFS;2;0.24
2022;rd;14800309;Östra Centrum, Björkekärr Östra;Centerpartiet;C;37;4.52
2022;rd;14800309;Östra Centrum, Björkekärr Östra;Enhet;ENH;1;0.12
2022;rd;14800309;Östra Centrum, Björkekärr Östra;Kristdemokraterna;KD;20;2.44
2022;rd;14800309;Östra Centrum, Björkekärr Östra;Klimatalliansen;KLIMA;1;0.12
2022;rd;14800309;Östra Centrum, Björkekärr Östra;Knapptryckarna;KNAPP;1;0.12
2022;rd;14800309;Östra Centrum, Björkekärr Östra;Liberalerna (tidigare Folkpartiet);L;34;4.15
2022;rd;14800309;Östra Centrum, Björkekärr Östra;Moderaterna;M;102;12.45
2022;rd;14800309;Östra Centrum, Björkekärr Östra;Medborgerlig Samling;MED;3;0.37
2022;rd;14800309;Östra Centrum, Björkekärr Östra;MoD;MOD;1;0.12
2022;rd;14800309;Östra Centrum, Björkekärr Östra;Miljöpartiet de gröna;MP;100;12.21
2022;rd;14800309;Östra Centrum, Björkekärr Östra;Piratpartiet;PP;1;0.12
2022;rd;14800309;Östra Centrum, Björkekärr Östra;Arbetarepartiet-Socialdemokraterna;S;238;29.06
2022;rd;14800309;Östra Centrum, Björkekärr Östra;Sverigedemokraterna;SD;151;18.44
2022;rd;14800309;Östra Centrum, Björkekärr Östra;Stram Kurs Sverige;SKS;1;0.12
2022;rd;14800309;Östra Centrum, Björkekärr Östra;Vänsterpartiet;V;126;15.38
2022;rd;14800309;Östra Centrum, Björkekärr Östra;övriga anmälda partier;ÖVR;0;0.00
2022;rd;14800310;Östra Centrum, Robertshöjd m fl;Alternativ för Sverige;AFS;4;0.45
2022;rd;14800310;Östra Centrum, Robertshöjd m fl;Centerpartiet;C;46;5.20
2022;rd;14800310;Östra Centrum, Robertshöjd m fl;Enhet;ENH;1;0.11
2022;rd;14800310;Östra Centrum, Robertshöjd m fl;Feministiskt initiativ;FI;5;0.57
2022;rd;14800310;Östra Centrum, Robertshöjd m fl;Kristdemokraterna;KD;22;2.49
2022;rd;14800310;Östra Centrum, Robertshöjd m fl;Klimatalliansen;KLIMA;1;0.11
2022;rd;14800310;Östra Centrum, Robertshöjd m fl;Knapptryckarna;KNAPP;2;0.23
2022;rd;14800310;Östra Centrum, Robertshöjd m fl;Kristna Värdepartiet;KRVP;3;0.34
2022;rd;14800310;Östra Centrum, Robertshöjd m fl;Liberalerna (tidigare Folkpartiet);L;40;4.52
2022;rd;14800310;Östra Centrum, Robertshöjd m fl;Moderaterna;M;112;12.67
2022;rd;14800310;Östra Centrum, Robertshöjd m fl;Medborgerlig Samling;MED;4;0.45
2022;rd;14800310;Östra Centrum, Robertshöjd m fl;MoD;MOD;2;0.23
2022;rd;14800310;Östra Centrum, Robertshöjd m fl;Miljöpartiet de gröna;MP;118;13.35
2022;rd;14800310;Östra Centrum, Robertshöjd m fl;Partiet Nyans;NYANS;1;0.11
2022;rd;14800310;Östra Centrum, Robertshöjd m fl;Piratpartiet;PP;1;0.11
2022;rd;14800310;Östra Centrum, Robertshöjd m fl;Arbetarepartiet-Socialdemokraterna;S;291;32.92
2022;rd;14800310;Östra Centrum, Robertshöjd m fl;Sverigedemokraterna;SD;134;15.16
2022;rd;14800310;Östra Centrum, Robertshöjd m fl;Vänsterpartiet;V;97;10.97
2022;rd;14800310;Östra Centrum, Robertshöjd m fl;övriga anmälda partier;ÖVR;0;0.00
2022;rd;14800311;Östra Centrum, Björkekärr Västra;Alternativ för Sverige;AFS;3;0.35
2022;rd;14800311;Östra Centrum, Björkekärr Västra;Centerpartiet;C;85;10.05
2022;rd;14800311;Östra Centrum, Björkekärr Västra;Feministiskt initiativ;FI;1;0.12
2022;rd;14800311;Östra Centrum, Björkekärr Västra;Kristdemokraterna;KD;30;3.55
2022;rd;14800311;Östra Centrum, Björkekärr Västra;Kristna Värdepartiet;KRVP;1;0.12
2022;rd;14800311;Östra Centrum, Björkekärr Västra;Liberalerna (tidigare Folkpartiet);L;62;7.33
2022;rd;14800311;Östra Centrum, Björkekärr Västra;Moderaterna;M;98;11.58
2022;rd;14800311;Östra Centrum, Björkekärr Västra;MoD;MOD;4;0.47
2022;rd;14800311;Östra Centrum, Björkekärr Västra;Miljöpartiet de gröna;MP;135;15.96
2022;rd;14800311;Östra Centrum, Björkekärr Västra;Partiet Nyans;NYANS;3;0.35
2022;rd;14800311;Östra Centrum, Björkekärr Västra;Piratpartiet;PP;5;0.59
2022;rd;14800311;Östra Centrum, Björkekärr Västra;Arbetarepartiet-Socialdemokraterna;S;227;26.83
2022;rd;14800311;Östra Centrum, Björkekärr Västra;Sverigedemokraterna;SD;51;6.03
2022;rd;14800311;Östra Centrum, Björkekärr Västra;Vänsterpartiet;V;141;16.67
2022;rd;14800311;Östra Centrum, Björkekärr Västra;övriga anmälda partier;ÖVR;0;0.00
2022;rd;14800312;Östra Centrum, Kålltorp Östra;Alternativ för Sverige;AFS;2;0.23
2022;rd;14800312;Östra Centrum, Kålltorp Östra;Centerpartiet;C;51;5.81
2022;rd;14800312;Östra Centrum, Kålltorp Östra;Kristdemokraterna;KD;26;2.96
2022;rd;14800312;Östra Centrum, Kålltorp Östra;Klimatalliansen;KLIMA;1;0.11
2022;rd;14800312;Östra Centrum, Kålltorp Östra;Klassiskt liberala partiet;KLP;1;0.11
2022;rd;14800312;Östra Centrum, Kålltorp Östra;Knapptryckarna;KNAPP;2;0.23
2022;rd;14800312;Östra Centrum, Kålltorp Östra;Liberalerna (tidigare Folkpartiet);L;34;3.87
2022;rd;14800312;Östra Centrum, Kålltorp Östra;Moderaterna;M;118;13.44
2022;rd;14800312;Östra Centrum, Kålltorp Östra;Medborgerlig Samling;MED;6;0.68
2022;rd;14800312;Östra Centrum, Kålltorp Östra;MoD;MOD;1;0.11
2022;rd;14800312;Östra Centrum, Kålltorp Östra;Miljöpartiet de gröna;MP;121;13.78
2022;rd;14800312;Östra Centrum, Kålltorp Östra;Partiet Nyans;NYANS;4;0.46
2022;rd;14800312;Östra Centrum, Kålltorp Östra;Piratpartiet;PP;1;0.11
2022;rd;14800312;Östra Centrum, Kålltorp Östra;Arbetarepartiet-Socialdemokraterna;S;261;29.73
2022;rd;14800312;Östra Centrum, Kålltorp Östra;Sverigedemokraterna;SD;109;12.41
2022;rd;14800312;Östra Centrum, Kålltorp Östra;Vänsterpartiet;V;140;15.95
2022;rd;14800312;Östra Centrum, Kålltorp Östra;övriga anmälda partier;ÖVR;0;0.00
2022;rd;14800313;Östra Centrum, Solrosparken;Alternativ för Sverige;AFS;2;0.23
2022;rd;14800313;Östra Centrum, Solrosparken;Centerpartiet;C;42;4.92
2022;rd;14800313;Östra Centrum, Solrosparken;Feministiskt initiativ;FI;3;0.35
2022;rd;14800313;Östra Centrum, Solrosparken;Kristdemokraterna;KD;25;2.93
2022;rd;14800313;Östra Centrum, Solrosparken;Klimatalliansen;KLIMA;1;0.12
2022;rd;14800313;Östra Centrum, Solrosparken;Knapptryckarna;KNAPP;2;0.23
2022;rd;14800313;Östra Centrum, Solrosparken;Kristna Värdepartiet;KRVP;5;0.59
2022;rd;14800313;Östra Centrum, Solrosparken;Liberalerna (tidigare Folkpartiet);L;41;4.80
2022;rd;14800313;Östra Centrum, Solrosparken;Moderaterna;M;139;16.28
2022;rd;14800313;Östra Centrum, Solrosparken;Medborgerlig Samling;MED;2;0.23
2022;rd;14800313;Östra Centrum, Solrosparken;MoD;MOD;2;0.23
2022;rd;14800313;Östra Centrum, Solrosparken;Miljöpartiet de gröna;MP;111;13.00
2022;rd;14800313;Östra Centrum, Solrosparken;Piratpartiet;PP;2;0.23
2022;rd;14800313;Östra Centrum, Solrosparken;Arbetarepartiet-Socialdemokraterna;S;218;25.53
2022;rd;14800313;Östra Centrum, Solrosparken;Sverigedemokraterna;SD;122;14.29
2022;rd;14800313;Östra Centrum, Solrosparken;SKP;SKP;1;0.12
2022;rd;14800313;Östra Centrum, Solrosparken;Vänsterpartiet;V;136;15.93
2022;rd;14800313;Östra Centrum, Solrosparken;övriga anmälda partier;ÖVR;0;0.00
2022;rd;14800314;Östra Centrum, Kålltorp Västra;Alternativ för Sverige;AFS;2;0.25
2022;rd;14800314;Östra Centrum, Kålltorp Västra;Centerpartiet;C;65;8.03
2022;rd;14800314;Östra Centrum, Kålltorp Västra;Feministiskt initiativ;FI;1;0.12
2022;rd;14800314;Östra Centrum, Kålltorp Västra;Kristdemokraterna;KD;35;4.33
2022;rd;14800314;Östra Centrum, Kålltorp Västra;Knapptryckarna;KNAPP;1;0.12
2022;rd;14800314;Östra Centrum, Kålltorp Västra;Kristna Värdepartiet;KRVP;2;0.25
2022;rd;14800314;Östra Centrum, Kålltorp Västra;Liberalerna (tidigare Folkpartiet);L;66;8.16
2022;rd;14800314;Östra Centrum, Kålltorp Västra;Moderaterna;M;118;14.59
2022;rd;14800314;Östra Centrum, Kålltorp Västra;Medborgerlig Samling;MED;2;0.25
2022;rd;14800314;Östra Centrum, Kålltorp Västra;MoD;MOD;2;0.25
2022;rd;14800314;Östra Centrum, Kålltorp Västra;Miljöpartiet de gröna;MP;110;13.60
2022;rd;14800314;Östra Centrum, Kålltorp Västra;Piratpartiet;PP;1;0.12
2022;rd;14800314;Östra Centrum, Kålltorp Västra;Arbetarepartiet-Socialdemokraterna;S;208;25.71
2022;rd;14800314;Östra Centrum, Kålltorp Västra;Sverigedemokraterna;SD;98;12.11
2022;rd;14800314;Östra Centrum, Kålltorp Västra;Vänsterpartiet;V;98;12.11
2022;rd;14800314;Östra Centrum, Kålltorp Västra;övriga anmälda partier;ÖVR;0;0.00
2022;rd;14800315;Östra Centrum, Kålltorp Södra;Alternativ för Sverige;AFS;4;0.41
2022;rd;14800315;Östra Centrum, Kålltorp Södra;Basinkomstpartiet;BASIP;1;0.10
2022;rd;14800315;Östra Centrum, Kålltorp Södra;Centerpartiet;C;87;8.92
2022;rd;14800315;Östra Centrum, Kålltorp Södra;Kristdemokraterna;KD;35;3.59
2022;rd;14800315;Östra Centrum, Kålltorp Södra;Klassiskt liberala partiet;KLP;1;0.10
2022;rd;14800315;Östra Centrum, Kålltorp Södra;Liberalerna (tidigare Folkpartiet);L;63;6.46
2022;rd;14800315;Östra Centrum, Kålltorp Södra;Moderaterna;M;182;18.67
2022;rd;14800315;Östra Centrum, Kålltorp Södra;Medborgerlig Samling;MED;1;0.10
2022;rd;14800315;Östra Centrum, Kålltorp Södra;Miljöpartiet de gröna;MP;135;13.85
2022;rd;14800315;Östra Centrum, Kålltorp Södra;Arbetarepartiet-Socialdemokraterna;S;273;28.00
2022;rd;14800315;Östra Centrum, Kålltorp Södra;Sverigedemokraterna;SD;110;11.28
2022;rd;14800315;Östra Centrum, Kålltorp Södra;Vänsterpartiet;V;83;8.51
2022;rd;14800315;Östra Centrum, Kålltorp Södra;övriga anmälda partier;ÖVR;0;0.00
2022;rd;14800316;Östra Centrum, Björkekärr Södra;Centerpartiet;C;102;8.95
2022;rd;14800316;Östra Centrum, Björkekärr Södra;Feministiskt initiativ;FI;1;0.09
2022;rd;14800316;Östra Centrum, Björkekärr Södra;Kristdemokraterna;KD;50;4.39
2022;rd;14800316;Östra Centrum, Björkekärr Södra;Knapptryckarna;KNAPP;1;0.09
2022;rd;14800316;Östra Centrum, Björkekärr Södra;Kristna Värdepartiet;KRVP;4;0.35
2022;rd;14800316;Östra Centrum, Björkekärr Södra;Liberalerna (tidigare Folkpartiet);L;90;7.89
2022;rd;14800316;Östra Centrum, Björkekärr Södra;Moderaterna;M;159;13.95
2022;rd;14800316;Östra Centrum, Björkekärr Södra;Medborgerlig Samling;MED;2;0.18
2022;rd;14800316;Östra Centrum, Björkekärr Södra;Miljöpartiet de gröna;MP;225;19.74
2022;rd;14800316;Östra Centrum, Björkekärr Södra;Arbetarepartiet-Socialdemokraterna;S;347;30.44
2022;rd;14800316;Östra Centrum, Björkekärr Södra;Sverigedemokraterna;SD;77;6.75
2022;rd;14800316;Östra Centrum, Björkekärr Södra;Vänsterpartiet;V;82;7.19
2022;rd;14800316;Östra Centrum, Björkekärr Södra;övriga anmälda partier;ÖVR;0;0.00
2022;rd;14800317;Östra Centrum, Kallebäck Östra;Alternativ för Sverige;AFS;4;0.34
2022;rd;14800317;Östra Centrum, Kallebäck Östra;Centerpartiet;C;80;6.87
2022;rd;14800317;Östra Centrum, Kallebäck Östra;Direktdemokraterna;DD;2;0.17
2022;rd;14800317;Östra Centrum, Kallebäck Östra;Enhet;ENH;1;0.09
2022;rd;14800317;Östra Centrum, Kallebäck Östra;Kristdemokraterna;KD;52;4.47
2022;rd;14800317;Östra Centrum, Kallebäck Östra;Liberalerna (tidigare Folkpartiet);L;73;6.27
2022;rd;14800317;Östra Centrum, Kallebäck Östra;Moderaterna;M;260;22.34
2022;rd;14800317;Östra Centrum, Kallebäck Östra;Medborgerlig Samling;MED;2;0.17
2022;rd;14800317;Östra Centrum, Kallebäck Östra;Miljöpartiet de gröna;MP;76;6.53
2022;rd;14800317;Östra Centrum, Kallebäck Östra;Partiet Nyans;NYANS;3;0.26
2022;rd;14800317;Östra Centrum, Kallebäck Östra;Piratpartiet;PP;1;0.09
2022;rd;14800317;Östra Centrum, Kallebäck Östra;Arbetarepartiet-Socialdemokraterna;S;307;26.37
2022;rd;14800317;Östra Centrum, Kallebäck Östra;Sverigedemokraterna;SD;185;15.89
2022;rd;14800317;Östra Centrum, Kallebäck Östra;Vänsterpartiet;V;118;10.14
2022;rd;14800317;Östra Centrum, Kallebäck Östra;övriga anmälda partier;ÖVR;0;0.00
2022;rd;14800318;Östra Centrum, Kallebäck Västra;Alternativ för Sverige;AFS;4;0.56
2022;rd;14800318;Östra Centrum, Kallebäck Västra;Centerpartiet;C;66;9.19
2022;rd;14800318;Östra Centrum, Kallebäck Västra;Direktdemokraterna;DD;1;0.14
2022;rd;14800318;Östra Centrum, Kallebäck Västra;Feministiskt initiativ;FI;2;0.28
2022;rd;14800318;Östra Centrum, Kallebäck Västra;Kristdemokraterna;KD;21;2.92
2022;rd;14800318;Östra Centrum, Kallebäck Västra;Kristna Värdepartiet;KRVP;1;0.14
2022;rd;14800318;Östra Centrum, Kallebäck Västra;Liberalerna (tidigare Folkpartiet);L;34;4.74
2022;rd;14800318;Östra Centrum, Kallebäck Västra;Moderaterna;M;147;20.47
2022;rd;14800318;Östra Centrum, Kallebäck Västra;Medborgerlig Samling;MED;2;0.28
2022;rd;14800318;Östra Centrum, Kallebäck Västra;MoD;MOD;1;0.14
2022;rd;14800318;Östra Centrum, Kallebäck Västra;Miljöpartiet de gröna;MP;55;7.66
2022;rd;14800318;Östra Centrum, Kallebäck Västra;Partiet Nyans;NYANS;1;0.14
2022;rd;14800318;Östra Centrum, Kallebäck Västra;Piratpartiet;PP;2;0.28
2022;rd;14800318;Östra Centrum, Kallebäck Västra;Arbetarepartiet-Socialdemokraterna;S;185;25.77
2022;rd;14800318;Östra Centrum, Kallebäck Västra;Sverigedemokraterna;SD;101;14.07
2022;rd;14800318;Östra Centrum, Kallebäck Västra;Vänsterpartiet;V;95;13.23
2022;rd;14800318;Östra Centrum, Kallebäck Västra;övriga anmälda partier;ÖVR;0;0.00
2022;rd;14800319;Östra Centrum, Kallebäck Norra;Alternativ för Sverige;AFS;5;0.57
2022;rd;14800319;Östra Centrum, Kallebäck Norra;Basinkomstpartiet;BASIP;1;0.11
2022;rd;14800319;Östra Centrum, Kallebäck Norra;Centerpartiet;C;41;4.70
2022;rd;14800319;Östra Centrum, Kallebäck Norra;Direktdemokraterna;DD;2;0.23
2022;rd;14800319;Östra Centrum, Kallebäck Norra;Kristdemokraterna;KD;39;4.47
2022;rd;14800319;Östra Centrum, Kallebäck Norra;Knapptryckarna;KNAPP;1;0.11
2022;rd;14800319;Östra Centrum, Kallebäck Norra;Kristna Värdepartiet;KRVP;1;0.11
2022;rd;14800319;Östra Centrum, Kallebäck Norra;Liberalerna (tidigare Folkpartiet);L;44;5.04
2022;rd;14800319;Östra Centrum, Kallebäck Norra;Moderaterna;M;153;17.53
2022;rd;14800319;Östra Centrum, Kallebäck Norra;Medborgerlig Samling;MED;2;0.23
2022;rd;14800319;Östra Centrum, Kallebäck Norra;MoD;MOD;2;0.23
2022;rd;14800319;Östra Centrum, Kallebäck Norra;Miljöpartiet de gröna;MP;52;5.96
2022;rd;14800319;Östra Centrum, Kallebäck Norra;Nordiska motståndsrörelsen;NMR;1;0.11
2022;rd;14800319;Östra Centrum, Kallebäck Norra;Partiet Nyans;NYANS;8;0.92
2022;rd;14800319;Östra Centrum, Kallebäck Norra;Piratpartiet;PP;3;0.34
2022;rd;14800319;Östra Centrum, Kallebäck Norra;Arbetarepartiet-Socialdemokraterna;S;258;29.55
2022;rd;14800319;Östra Centrum, Kallebäck Norra;Sverigedemokraterna;SD;159;18.21
2022;rd;14800319;Östra Centrum, Kallebäck Norra;Vänsterpartiet;V;100;11.45
2022;rd;14800319;Östra Centrum, Kallebäck Norra;Volt Sverige;VOLT;1;0.11
2022;rd;14800319;Östra Centrum, Kallebäck Norra;övriga anmälda partier;ÖVR;0;0.00
2022;rd;14800320;Östra Centrum, Skår Södra;Alternativ för Sverige;AFS;1;0.10
2022;rd;14800320;Östra Centrum, Skår Södra;Centerpartiet;C;89;8.86
2022;rd;14800320;Östra Centrum, Skår Södra;Kristdemokraterna;KD;63;6.27
2022;rd;14800320;Östra Centrum, Skår Södra;Kristna Värdepartiet;KRVP;1;0.10
2022;rd;14800320;Östra Centrum, Skår Södra;Liberalerna (tidigare Folkpartiet);L;131;13.05
2022;rd;14800320;Östra Centrum, Skår Södra;Moderaterna;M;364;36.25
2022;rd;14800320;Östra Centrum, Skår Södra;Medborgerlig Samling;MED;1;0.10
2022;rd;14800320;Östra Centrum, Skår Södra;MoD;MOD;2;0.20
2022;rd;14800320;Östra Centrum, Skår Södra;Miljöpartiet de gröna;MP;64;6.37
2022;rd;14800320;Östra Centrum, Skår Södra;Piratpartiet;PP;2;0.20
2022;rd;14800320;Östra Centrum, Skår Södra;Arbetarepartiet-Socialdemokraterna;S;135;13.45
2022;rd;14800320;Östra Centrum, Skår Södra;Sverigedemokraterna;SD;118;11.75
2022;rd;14800320;Östra Centrum, Skår Södra;Vänsterpartiet;V;33;3.29
2022;rd;14800320;Östra Centrum, Skår Södra;övriga anmälda partier;ÖVR;0;0.00
2022;rd;14800321;Östra Centrum, Jakobsdal;Alternativ för Sverige;AFS;1;0.09
2022;rd;14800321;Östra Centrum, Jakobsdal;Centerpartiet;C;88;8.33
2022;rd;14800321;Östra Centrum, Jakobsdal;Kristdemokraterna;KD;68;6.43
2022;rd;14800321;Östra Centrum, Jakobsdal;Liberalerna (tidigare Folkpartiet);L;103;9.74
2022;rd;14800321;Östra Centrum, Jakobsdal;Moderaterna;M;289;27.34
2022;rd;14800321;Östra Centrum, Jakobsdal;Medborgerlig Samling;MED;3;0.28
2022;rd;14800321;Östra Centrum, Jakobsdal;MoD;MOD;1;0.09
2022;rd;14800321;Östra Centrum, Jakobsdal;Miljöpartiet de gröna;MP;86;8.14
2022;rd;14800321;Östra Centrum, Jakobsdal;Partiet Nyans;NYANS;1;0.09
2022;rd;14800321;Östra Centrum, Jakobsdal;Piratpartiet;PP;1;0.09
2022;rd;14800321;Östra Centrum, Jakobsdal;Arbetarepartiet-Socialdemokraterna;S;203;19.21
2022;rd;14800321;Östra Centrum, Jakobsdal;Sverigedemokraterna;SD;146;13.81
2022;rd;14800321;Östra Centrum, Jakobsdal;Vänsterpartiet;V;67;6.34
2022;rd;14800321;Östra Centrum, Jakobsdal;övriga anmälda partier;ÖVR;0;0.00
2022;rd;14800322;Östra Centrum, Skår Norra;Alternativ för Sverige;AFS;3;0.31
2022;rd;14800322;Östra Centrum, Skår Norra;Centerpartiet;C;91;9.38
2022;rd;14800322;Östra Centrum, Skår Norra;Feministiskt initiativ;FI;2;0.21
2022;rd;14800322;Östra Centrum, Skår Norra;Kristdemokraterna;KD;55;5.67
2022;rd;14800322;Östra Centrum, Skår Norra;Liberalerna (tidigare Folkpartiet);L;143;14.74
2022;rd;14800322;Östra Centrum, Skår Norra;Moderaterna;M;354;36.49
2022;rd;14800322;Östra Centrum, Skår Norra;MoD;MOD;1;0.10
2022;rd;14800322;Östra Centrum, Skår Norra;Miljöpartiet de gröna;MP;79;8.14
2022;rd;14800322;Östra Centrum, Skår Norra;Arbetarepartiet-Socialdemokraterna;S;115;11.86
2022;rd;14800322;Östra Centrum, Skår Norra;Sverigedemokraterna;SD;86;8.87
2022;rd;14800322;Östra Centrum, Skår Norra;Vänsterpartiet;V;41;4.23
2022;rd;14800322;Östra Centrum, Skår Norra;övriga anmälda partier;ÖVR;0;0.00
2022;rd;14800323;Östra Centrum, Stora Torp;Alternativ för Sverige;AFS;3;0.32
2022;rd;14800323;Östra Centrum, Stora Torp;Centerpartiet;C;74;7.84
2022;rd;14800323;Östra Centrum, Stora Torp;Kristdemokraterna;KD;45;4.77
2022;rd;14800323;Östra Centrum, Stora Torp;Klimatalliansen;KLIMA;1;0.11
2022;rd;14800323;Östra Centrum, Stora Torp;Knapptryckarna;KNAPP;1;0.11
2022;rd;14800323;Östra Centrum, Stora Torp;Liberalerna (tidigare Folkpartiet);L;91;9.64
2022;rd;14800323;Östra Centrum, Stora Torp;Moderaterna;M;251;26.59
2022;rd;14800323;Östra Centrum, Stora Torp;Medborgerlig Samling;MED;1;0.11
2022;rd;14800323;Östra Centrum, Stora Torp;MoD;MOD;1;0.11
2022;rd;14800323;Östra Centrum, Stora Torp;Miljöpartiet de gröna;MP;101;10.70
2022;rd;14800323;Östra Centrum, Stora Torp;Partiet Nyans;NYANS;1;0.11
2022;rd;14800323;Östra Centrum, Stora Torp;Piratpartiet;PP;1;0.11
2022;rd;14800323;Östra Centrum, Stora Torp;Arbetarepartiet-Socialdemokraterna;S;227;24.05
2022;rd;14800323;Östra Centrum, Stora Torp;Sverigedemokraterna;SD;86;9.11
2022;rd;14800323;Östra Centrum, Stora Torp;SKP;SKP;1;0.11
2022;rd;14800323;Östra Centrum, Stora Torp;Vänsterpartiet;V;59;6.25
2022;rd;14800323;Östra Centrum, Stora Torp;övriga anmälda partier;ÖVR;0;0.00
2022;rd;14800324;Östra Centrum, Lilla Torp;Alternativ för Sverige;AFS;2;0.22
2022;rd;14800324;Östra Centrum, Lilla Torp;Centerpartiet;C;68;7.63
2022;rd;14800324;Östra Centrum, Lilla Torp;Direktdemokraterna;DD;1;0.11
2022;rd;14800324;Östra Centrum, Lilla Torp;Feministiskt initiativ;FI;1;0.11
2022;rd;14800324;Östra Centrum, Lilla Torp;Kristdemokraterna;KD;41;4.60
2022;rd;14800324;Östra Centrum, Lilla Torp;Klimatalliansen;KLIMA;3;0.34
2022;rd;14800324;Östra Centrum, Lilla Torp;Kristna Värdepartiet;KRVP;1;0.11
2022;rd;14800324;Östra Centrum, Lilla Torp;Liberalerna (tidigare Folkpartiet);L;96;10.77
2022;rd;14800324;Östra Centrum, Lilla Torp;Moderaterna;M;187;20.99
2022;rd;14800324;Östra Centrum, Lilla Torp;MoD;MOD;2;0.22
2022;rd;14800324;Östra Centrum, Lilla Torp;Miljöpartiet de gröna;MP;85;9.54
2022;rd;14800324;Östra Centrum, Lilla Torp;Arbetarepartiet-Socialdemokraterna;S;228;25.59
2022;rd;14800324;Östra Centrum, Lilla Torp;Sverigedemokraterna;SD;98;11.00
2022;rd;14800324;Östra Centrum, Lilla Torp;Vänsterpartiet;V;78;8.75
2022;rd;14800324;Östra Centrum, Lilla Torp;övriga anmälda partier;ÖVR;0;0.00
2022;rd;14800325;Östra Centrum, Bö;Alternativ för Sverige;AFS;1;0.10
2022;rd;14800325;Östra Centrum, Bö;Centerpartiet;C;86;8.88
2022;rd;14800325;Östra Centrum, Bö;Direktdemokraterna;DD;1;0.10
2022;rd;14800325;Östra Centrum, Bö;Kristdemokraterna;KD;38;3.92
2022;rd;14800325;Östra Centrum, Bö;Knapptryckarna;KNAPP;1;0.10
2022;rd;14800325;Östra Centrum, Bö;Liberalerna (tidigare Folkpartiet);L;80;8.26
2022;rd;14800325;Östra Centrum, Bö;Moderaterna;M;246;25.39
2022;rd;14800325;Östra Centrum, Bö;Medborgerlig Samling;MED;2;0.21
2022;rd;14800325;Östra Centrum, Bö;MoD;MOD;1;0.10
2022;rd;14800325;Östra Centrum, Bö;Miljöpartiet de gröna;MP;112;11.56
2022;rd;14800325;Östra Centrum, Bö;Arbetarepartiet-Socialdemokraterna;S;230;23.74
2022;rd;14800325;Östra Centrum, Bö;Sverigedemokraterna;SD;105;10.84
2022;rd;14800325;Östra Centrum, Bö;Vänsterpartiet;V;66;6.81
2022;rd;14800325;Östra Centrum, Bö;övriga anmälda partier;ÖVR;0;0.00
2022;rd;14800326;Östra Centrum, Örgryte;Alternativ för Sverige;AFS;1;0.13
2022;rd;14800326;Östra Centrum, Örgryte;Centerpartiet;C;69;8.95
2022;rd;14800326;Östra Centrum, Örgryte;Feministiskt initiativ;FI;1;0.13
2022;rd;14800326;Östra Centrum, Örgryte;Kristdemokraterna;KD;54;7.00
2022;rd;14800326;Östra Centrum, Örgryte;Klimatalliansen;KLIMA;1;0.13
2022;rd;14800326;Östra Centrum, Örgryte;Liberalerna (tidigare Folkpartiet);L;98;12.71
2022;rd;14800326;Östra Centrum, Örgryte;Moderaterna;M;265;34.37
2022;rd;14800326;Östra Centrum, Örgryte;Medborgerlig Samling;MED;1;0.13
2022;rd;14800326;Östra Centrum, Örgryte;Miljöpartiet de gröna;MP;39;5.06
2022;rd;14800326;Östra Centrum, Örgryte;Nordiska motståndsrörelsen;NMR;1;0.13
2022;rd;14800326;Östra Centrum, Örgryte;Arbetarepartiet-Socialdemokraterna;S;113;14.66
2022;rd;14800326;Östra Centrum, Örgryte;Sverigedemokraterna;SD;96;12.45
2022;rd;14800326;Östra Centrum, Örgryte;Vänsterpartiet;V;32;4.15
2022;rd;14800326;Östra Centrum, Örgryte;övriga anmälda partier;ÖVR;0;0.00
2022;rd;14800327;Östra Centrum, Prästgårdsängen m fl;Alternativ för Sverige;AFS;4;0.39
2022;rd;14800327;Östra Centrum, Prästgårdsängen m fl;Centerpartiet;C;62;6.05
2022;rd;14800327;Östra Centrum, Prästgårdsängen m fl;Direktdemokraterna;DD;1;0.10
2022;rd;14800327;Östra Centrum, Prästgårdsängen m fl;Feministiskt initiativ;FI;2;0.20
2022;rd;14800327;Östra Centrum, Prästgårdsängen m fl;Kristdemokraterna;KD;57;5.57
2022;rd;14800327;Östra Centrum, Prästgårdsängen m fl;Liberalerna (tidigare Folkpartiet);L;107;10.45
2022;rd;14800327;Östra Centrum, Prästgårdsängen m fl;Moderaterna;M;279;27.25
2022;rd;14800327;Östra Centrum, Prästgårdsängen m fl;Medborgerlig Samling;MED;1;0.10
2022;rd;14800327;Östra Centrum, Prästgårdsängen m fl;MoD;MOD;1;0.10
2022;rd;14800327;Östra Centrum, Prästgårdsängen m fl;Miljöpartiet de gröna;MP;86;8.40
2022;rd;14800327;Östra Centrum, Prästgårdsängen m fl;Nordiska motståndsrörelsen;NMR;1;0.10
2022;rd;14800327;Östra Centrum, Prästgårdsängen m fl;Piratpartiet;PP;2;0.20
2022;rd;14800327;Östra Centrum, Prästgårdsängen m fl;Arbetarepartiet-Socialdemokraterna;S;222;21.68
2022;rd;14800327;Östra Centrum, Prästgårdsängen m fl;Sverigedemokraterna;SD;120;11.72
2022;rd;14800327;Östra Centrum, Prästgårdsängen m fl;Vänsterpartiet;V;79;7.71
2022;rd;14800327;Östra Centrum, Prästgårdsängen m fl;övriga anmälda partier;ÖVR;0;0.00
2022;rd;14800328;Östra Centrum, Kärralund Södra;Centerpartiet;C;103;11.84
2022;rd;14800328;Östra Centrum, Kärralund Södra;Enhet;ENH;1;0.11
2022;rd;14800328;Östra Centrum, Kärralund Södra;Feministiskt initiativ;FI;1;0.11
2022;rd;14800328;Östra Centrum, Kärralund Södra;Kristdemokraterna;KD;50;5.75
2022;rd;14800328;Östra Centrum, Kärralund Södra;Klassiskt liberala partiet;KLP;1;0.11
2022;rd;14800328;Östra Centrum, Kärralund Södra;Liberalerna (tidigare Folkpartiet);L;105;12.07
2022;rd;14800328;Östra Centrum, Kärralund Södra;Moderaterna;M;214;24.60
2022;rd;14800328;Östra Centrum, Kärralund Södra;Medborgerlig Samling;MED;1;0.11
2022;rd;14800328;Östra Centrum, Kärralund Södra;Miljöpartiet de gröna;MP;74;8.51
2022;rd;14800328;Östra Centrum, Kärralund Södra;Arbetarepartiet-Socialdemokraterna;S;178;20.46
2022;rd;14800328;Östra Centrum, Kärralund Södra;Sverigedemokraterna;SD;93;10.69
2022;rd;14800328;Östra Centrum, Kärralund Södra;Vänsterpartiet;V;49;5.63
2022;rd;14800328;Östra Centrum, Kärralund Södra;övriga anmälda partier;ÖVR;0;0.00
2022;rd;14800329;Östra Centrum, Kärralund Norra;Alternativ för Sverige;AFS;4;0.39
2022;rd;14800329;Östra Centrum, Kärralund Norra;Centerpartiet;C;77;7.50
2022;rd;14800329;Östra Centrum, Kärralund Norra;Kalle ankapartiet;KALLE;2;0.19
2022;rd;14800329;Östra Centrum, Kärralund Norra;Kristdemokraterna;KD;47;4.58
2022;rd;14800329;Östra Centrum, Kärralund Norra;Klassiskt liberala partiet;KLP;1;0.10
2022;rd;14800329;Östra Centrum, Kärralund Norra;Knapptryckarna;KNAPP;2;0.19
2022;rd;14800329;Östra Centrum, Kärralund Norra;Kristna Värdepartiet;KRVP;3;0.29
2022;rd;14800329;Östra Centrum, Kärralund Norra;Liberalerna (tidigare Folkpartiet);L;85;8.28
2022;rd;14800329;Östra Centrum, Kärralund Norra;Moderaterna;M;144;14.02
2022;rd;14800329;Östra Centrum, Kärralund Norra;Medborgerlig Samling;MED;4;0.39
2022;rd;14800329;Östra Centrum, Kärralund Norra;MoD;MOD;5;0.49
2022;rd;14800329;Östra Centrum, Kärralund Norra;Miljöpartiet de gröna;MP;132;12.85
2022;rd;14800329;Östra Centrum, Kärralund Norra;Partiet Nyans;NYANS;1;0.10
2022;rd;14800329;Östra Centrum, Kärralund Norra;Piratpartiet;PP;2;0.19
2022;rd;14800329;Östra Centrum, Kärralund Norra;Arbetarepartiet-Socialdemokraterna;S;269;26.19
2022;rd;14800329;Östra Centrum, Kärralund Norra;Sverigedemokraterna;SD;120;11.68
2022;rd;14800329;Östra Centrum, Kärralund Norra;Vänsterpartiet;V;129;12.56
2022;rd;14800329;Östra Centrum, Kärralund Norra;övriga anmälda partier;ÖVR;0;0.00
2022;rd;14800330;Östra Centrum, Härlanda;Alternativ för Sverige;AFS;5;0.50
2022;rd;14800330;Östra Centrum, Härlanda;Centerpartiet;C;91;9.01
2022;rd;14800330;Östra Centrum, Härlanda;Feministiskt initiativ;FI;1;0.10
2022;rd;14800330;Östra Centrum, Härlanda;Kristdemokraterna;KD;39;3.86
2022;rd;14800330;Östra Centrum, Härlanda;Liberalerna (tidigare Folkpartiet);L;84;8.32
2022;rd;14800330;Östra Centrum, Härlanda;Moderaterna;M;218;21.58
2022;rd;14800330;Östra Centrum, Härlanda;Medborgerlig Samling;MED;3;0.30
2022;rd;14800330;Östra Centrum, Härlanda;MoD;MOD;3;0.30
2022;rd;14800330;Östra Centrum, Härlanda;Miljöpartiet de gröna;MP;100;9.90
2022;rd;14800330;Östra Centrum, Härlanda;Arbetarepartiet-Socialdemokraterna;S;267;26.44
2022;rd;14800330;Östra Centrum, Härlanda;Sverigedemokraterna;SD;107;10.59
2022;rd;14800330;Östra Centrum, Härlanda;Vänsterpartiet;V;92;9.11
2022;rd;14800330;Östra Centrum, Härlanda;övriga anmälda partier;ÖVR;0;0.00
2022;rd;14800331;Östra Centrum, Lunden Nya;Alternativ för Sverige;AFS;2;0.22
2022;rd;14800331;Östra Centrum, Lunden Nya;Centerpartiet;C;80;9.00
2022;rd;14800331;Östra Centrum, Lunden Nya;Feministiskt initiativ;FI;1;0.11
2022;rd;14800331;Östra Centrum, Lunden Nya;Kristdemokraterna;KD;17;1.91
2022;rd;14800331;Östra Centrum, Lunden Nya;Knapptryckarna;KNAPP;1;0.11
2022;rd;14800331;Östra Centrum, Lunden Nya;Kristna Värdepartiet;KRVP;1;0.11
2022;rd;14800331;Östra Centrum, Lunden Nya;Liberalerna (tidigare Folkpartiet);L;55;6.19
2022;rd;14800331;Östra Centrum, Lunden Nya;Moderaterna;M;181;20.36
2022;rd;14800331;Östra Centrum, Lunden Nya;MoD;MOD;1;0.11
2022;rd;14800331;Östra Centrum, Lunden Nya;Miljöpartiet de gröna;MP;102;11.47
2022;rd;14800331;Östra Centrum, Lunden Nya;Piratpartiet;PP;3;0.34
2022;rd;14800331;Östra Centrum, Lunden Nya;Arbetarepartiet-Socialdemokraterna;S;256;28.80
2022;rd;14800331;Östra Centrum, Lunden Nya;Sverigedemokraterna;SD;94;10.57
2022;rd;14800331;Östra Centrum, Lunden Nya;Vänsterpartiet;V;94;10.57
2022;rd;14800331;Östra Centrum, Lunden Nya;Volt Sverige;VOLT;1;0.11
2022;rd;14800331;Östra Centrum, Lunden Nya;övriga anmälda partier;ÖVR;0;0.00
2022;rd;14800332;Östra Centrum, Danska Vägen m fl;Alternativ för Sverige;AFS;5;0.56
2022;rd;14800332;Östra Centrum, Danska Vägen m fl;Basinkomstpartiet;BASIP;1;0.11
2022;rd;14800332;Östra Centrum, Danska Vägen m fl;Centerpartiet;C;69;7.71
2022;rd;14800332;Östra Centrum, Danska Vägen m fl;Kristdemokraterna;KD;38;4.25
2022;rd;14800332;Östra Centrum, Danska Vägen m fl;Klimatalliansen;KLIMA;3;0.34
2022;rd;14800332;Östra Centrum, Danska Vägen m fl;Liberalerna (tidigare Folkpartiet);L;72;8.04
2022;rd;14800332;Östra Centrum, Danska Vägen m fl;Moderaterna;M;200;22.35
2022;rd;14800332;Östra Centrum, Danska Vägen m fl;MoD;MOD;2;0.22
2022;rd;14800332;Östra Centrum, Danska Vägen m fl;Miljöpartiet de gröna;MP;76;8.49
2022;rd;14800332;Östra Centrum, Danska Vägen m fl;Arbetarepartiet-Socialdemokraterna;S;243;27.15
2022;rd;14800332;Östra Centrum, Danska Vägen m fl;Sverigedemokraterna;SD;112;12.51
2022;rd;14800332;Östra Centrum, Danska Vägen m fl;Vänsterpartiet;V;74;8.27
2022;rd;14800332;Östra Centrum, Danska Vägen m fl;övriga anmälda partier;ÖVR;0;0.00
2022;rd;14800333;Östra Centrum, Nobelplatsen;Alternativ för Sverige;AFS;3;0.33
2022;rd;14800333;Östra Centrum, Nobelplatsen;Centerpartiet;C;66;7.27
2022;rd;14800333;Östra Centrum, Nobelplatsen;Kristdemokraterna;KD;27;2.97
2022;rd;14800333;Östra Centrum, Nobelplatsen;Klimatalliansen;KLIMA;1;0.11
2022;rd;14800333;Östra Centrum, Nobelplatsen;Knapptryckarna;KNAPP;1;0.11
2022;rd;14800333;Östra Centrum, Nobelplatsen;Liberalerna (tidigare Folkpartiet);L;45;4.96
2022;rd;14800333;Östra Centrum, Nobelplatsen;Moderaterna;M;145;15.97
2022;rd;14800333;Östra Centrum, Nobelplatsen;Medborgerlig Samling;MED;2;0.22
2022;rd;14800333;Östra Centrum, Nobelplatsen;MoD;MOD;2;0.22
2022;rd;14800333;Östra Centrum, Nobelplatsen;Miljöpartiet de gröna;MP;78;8.59
2022;rd;14800333;Östra Centrum, Nobelplatsen;Piratpartiet;PP;3;0.33
2022;rd;14800333;Östra Centrum, Nobelplatsen;Arbetarepartiet-Socialdemokraterna;S;249;27.42
2022;rd;14800333;Östra Centrum, Nobelplatsen;Sverigedemokraterna;SD;109;12.00
2022;rd;14800333;Östra Centrum, Nobelplatsen;Vänsterpartiet;V;177;19.49
2022;rd;14800333;Östra Centrum, Nobelplatsen;övriga anmälda partier;ÖVR;0;0.00
2022;rd;14800334;Östra Centrum, Sankt Pauli;Alternativ för Sverige;AFS;5;0.51
2022;rd;14800334;Östra Centrum, Sankt Pauli;Centerpartiet;C;72;7.32
2022;rd;14800334;Östra Centrum, Sankt Pauli;Kristdemokraterna;KD;42;4.27
2022;rd;14800334;Östra Centrum, Sankt Pauli;Knapptryckarna;KNAPP;1;0.10
2022;rd;14800334;Östra Centrum, Sankt Pauli;Liberalerna (tidigare Folkpartiet);L;51;5.18
2022;rd;14800334;Östra Centrum, Sankt Pauli;Moderaterna;M;187;19.00
2022;rd;14800334;Östra Centrum, Sankt Pauli;Medborgerlig Samling;MED;2;0.20
2022;rd;14800334;Östra Centrum, Sankt Pauli;Miljöpartiet de gröna;MP;84;8.54
2022;rd;14800334;Östra Centrum, Sankt Pauli;Piratpartiet;PP;2;0.20
2022;rd;14800334;Östra Centrum, Sankt Pauli;Arbetarepartiet-Socialdemokraterna;S;282;28.66
2022;rd;14800334;Östra Centrum, Sankt Pauli;Sverigedemokraterna;SD;128;13.01
2022;rd;14800334;Östra Centrum, Sankt Pauli;Vänsterpartiet;V;128;13.01
2022;rd;14800334;Östra Centrum, Sankt Pauli;övriga anmälda partier;ÖVR;0;0.00
2022;rd;14800335;Östra Centrum, Lunden Gamla;Alternativ för Sverige;AFS;2;0.25
2022;rd;14800335;Östra Centrum, Lunden Gamla;Centerpartiet;C;58;7.12
2022;rd;14800335;Östra Centrum, Lunden Gamla;Kristdemokraterna;KD;30;3.68
2022;rd;14800335;Östra Centrum, Lunden Gamla;Knapptryckarna;KNAPP;2;0.25
2022;rd;14800335;Östra Centrum, Lunden Gamla;Kristna Värdepartiet;KRVP;1;0.12
2022;rd;14800335;Östra Centrum, Lunden Gamla;Liberalerna (tidigare Folkpartiet);L;57;6.99
2022;rd;14800335;Östra Centrum, Lunden Gamla;Moderaterna;M;137;16.81
2022;rd;14800335;Östra Centrum, Lunden Gamla;Miljöpartiet de gröna;MP;74;9.08
2022;rd;14800335;Östra Centrum, Lunden Gamla;Piratpartiet;PP;1;0.12
2022;rd;14800335;Östra Centrum, Lunden Gamla;Arbetarepartiet-Socialdemokraterna;S;233;28.59
2022;rd;14800335;Östra Centrum, Lunden Gamla;Sverigedemokraterna;SD;110;13.50
2022;rd;14800335;Östra Centrum, Lunden Gamla;Vänsterpartiet;V;110;13.50
2022;rd;14800335;Östra Centrum, Lunden Gamla;övriga anmälda partier;ÖVR;0;0.00
2022;rd;14800336;Östra Centrum, Överås;Alternativ för Sverige;AFS;1;0.12
2022;rd;14800336;Östra Centrum, Överås;Centerpartiet;C;45;5.38
2022;rd;14800336;Östra Centrum, Överås;Direktdemokraterna;DD;2;0.24
2022;rd;14800336;Östra Centrum, Överås;Feministiskt initiativ;FI;2;0.24
2022;rd;14800336;Östra Centrum, Överås;Kristdemokraterna;KD;43;5.14
2022;rd;14800336;Östra Centrum, Överås;Liberalerna (tidigare Folkpartiet);L;74;8.85
2022;rd;14800336;Östra Centrum, Överås;Moderaterna;M;130;15.55
2022;rd;14800336;Östra Centrum, Överås;Medborgerlig Samling;MED;3;0.36
2022;rd;14800336;Östra Centrum, Överås;MoD;MOD;2;0.24
2022;rd;14800336;Östra Centrum, Överås;Miljöpartiet de gröna;MP;69;8.25
2022;rd;14800336;Östra Centrum, Överås;Partiet Nyans;NYANS;1;0.12
2022;rd;14800336;Östra Centrum, Överås;Piratpartiet;PP;2;0.24
2022;rd;14800336;Östra Centrum, Överås;Arbetarepartiet-Socialdemokraterna;S;227;27.15
2022;rd;14800336;Östra Centrum, Överås;Sverigedemokraterna;SD;131;15.67
2022;rd;14800336;Östra Centrum, Överås;Vänsterpartiet;V;104;12.44
2022;rd;14800336;Östra Centrum, Överås;övriga anmälda partier;ÖVR;0;0.00
2022;rd;14800337;Östra Centrum, Gubbero;Alternativ för Sverige;AFS;4;0.47
2022;rd;14800337;Östra Centrum, Gubbero;Centerpartiet;C;53;6.20
2022;rd;14800337;Östra Centrum, Gubbero;Direktdemokraterna;DD;1;0.12
2022;rd;14800337;Östra Centrum, Gubbero;Feministiskt initiativ;FI;1;0.12
2022;rd;14800337;Östra Centrum, Gubbero;Kristdemokraterna;KD;34;3.98
2022;rd;14800337;Östra Centrum, Gubbero;Knapptryckarna;KNAPP;1;0.12
2022;rd;14800337;Östra Centrum, Gubbero;Liberalerna (tidigare Folkpartiet);L;39;4.56
2022;rd;14800337;Östra Centrum, Gubbero;Landsbygdspartiet Oberoende;LPO;1;0.12
2022;rd;14800337;Östra Centrum, Gubbero;Moderaterna;M;160;18.71
2022;rd;14800337;Östra Centrum, Gubbero;Medborgerlig Samling;MED;4;0.47
2022;rd;14800337;Östra Centrum, Gubbero;MoD;MOD;2;0.23
2022;rd;14800337;Östra Centrum, Gubbero;Miljöpartiet de gröna;MP;66;7.72
2022;rd;14800337;Östra Centrum, Gubbero;Partiet Nyans;NYANS;1;0.12
2022;rd;14800337;Östra Centrum, Gubbero;Piratpartiet;PP;6;0.70
2022;rd;14800337;Östra Centrum, Gubbero;Arbetarepartiet-Socialdemokraterna;S;231;27.02
2022;rd;14800337;Östra Centrum, Gubbero;Sverigedemokraterna;SD;128;14.97
2022;rd;14800337;Östra Centrum, Gubbero;Vänsterpartiet;V;123;14.39
2022;rd;14800337;Östra Centrum, Gubbero;övriga anmälda partier;ÖVR;0;0.00
2022;rd;14800338;Östra Centrum, Gubberoparken;Alternativ för Sverige;AFS;3;0.36
2022;rd;14800338;Östra Centrum, Gubberoparken;Centerpartiet;C;35;4.22
2022;rd;14800338;Östra Centrum, Gubberoparken;Feministiskt initiativ;FI;3;0.36
2022;rd;14800338;Östra Centrum, Gubberoparken;Kristdemokraterna;KD;41;4.95
2022;rd;14800338;Östra Centrum, Gubberoparken;Knapptryckarna;KNAPP;1;0.12
2022;rd;14800338;Östra Centrum, Gubberoparken;Kristna Värdepartiet;KRVP;1;0.12
2022;rd;14800338;Östra Centrum, Gubberoparken;Liberalerna (tidigare Folkpartiet);L;57;6.88
2022;rd;14800338;Östra Centrum, Gubberoparken;Moderaterna;M;156;18.82
2022;rd;14800338;Östra Centrum, Gubberoparken;Medborgerlig Samling;MED;7;0.84
2022;rd;14800338;Östra Centrum, Gubberoparken;Miljöpartiet de gröna;MP;53;6.39
2022;rd;14800338;Östra Centrum, Gubberoparken;Piratpartiet;PP;4;0.48
2022;rd;14800338;Östra Centrum, Gubberoparken;Arbetarepartiet-Socialdemokraterna;S;241;29.07
2022;rd;14800338;Östra Centrum, Gubberoparken;Sverigedemokraterna;SD;113;13.63
2022;rd;14800338;Östra Centrum, Gubberoparken;Vänsterpartiet;V;114;13.75
2022;rd;14800338;Östra Centrum, Gubberoparken;övriga anmälda partier;ÖVR;0;0.00
2022;rd;14800339;Östra Centrum, Redbergsplatsen;Alternativ för Sverige;AFS;3;0.33
2022;rd;14800339;Östra Centrum, Redbergsplatsen;Basinkomstpartiet;BASIP;2;0.22
2022;rd;14800339;Östra Centrum, Redbergsplatsen;Centerpartiet;C;40;4.43
2022;rd;14800339;Östra Centrum, Redbergsplatsen;Feministiskt initiativ;FI;1;0.11
2022;rd;14800339;Östra Centrum, Redbergsplatsen;Kristdemokraterna;KD;28;3.10
2022;rd;14800339;Östra Centrum, Redbergsplatsen;Knapptryckarna;KNAPP;1;0.11
2022;rd;14800339;Östra Centrum, Redbergsplatsen;Liberalerna (tidigare Folkpartiet);L;44;4.88
2022;rd;14800339;Östra Centrum, Redbergsplatsen;Moderaterna;M;170;18.85
2022;rd;14800339;Östra Centrum, Redbergsplatsen;Medborgerlig Samling;MED;2;0.22
2022;rd;14800339;Östra Centrum, Redbergsplatsen;MoD;MOD;1;0.11
2022;rd;14800339;Östra Centrum, Redbergsplatsen;Miljöpartiet de gröna;MP;57;6.32
2022;rd;14800339;Östra Centrum, Redbergsplatsen;Piratpartiet;PP;4;0.44
2022;rd;14800339;Östra Centrum, Redbergsplatsen;Arbetarepartiet-Socialdemokraterna;S;289;32.04
2022;rd;14800339;Östra Centrum, Redbergsplatsen;Sverigedemokraterna;SD;130;14.41
2022;rd;14800339;Östra Centrum, Redbergsplatsen;Vänsterpartiet;V;130;14.41
2022;rd;14800339;Östra Centrum, Redbergsplatsen;övriga anmälda partier;ÖVR;0;0.00
2022;rd;14800340;Östra Centrum, Olskroken;Alternativ för Sverige;AFS;4;0.54
2022;rd;14800340;Östra Centrum, Olskroken;Centerpartiet;C;22;2.99
2022;rd;14800340;Östra Centrum, Olskroken;Feministiskt initiativ;FI;2;0.27
2022;rd;14800340;Östra Centrum, Olskroken;Kristdemokraterna;KD;30;4.08
2022;rd;14800340;Östra Centrum, Olskroken;Klimatalliansen;KLIMA;1;0.14
2022;rd;14800340;Östra Centrum, Olskroken;Knapptryckarna;KNAPP;1;0.14
2022;rd;14800340;Östra Centrum, Olskroken;Kristna Värdepartiet;KRVP;1;0.14
2022;rd;14800340;Östra Centrum, Olskroken;Liberalerna (tidigare Folkpartiet);L;24;3.27
2022;rd;14800340;Östra Centrum, Olskroken;Moderaterna;M;81;11.02
2022;rd;14800340;Östra Centrum, Olskroken;Medborgerlig Samling;MED;2;0.27
2022;rd;14800340;Östra Centrum, Olskroken;Miljöpartiet de gröna;MP;41;5.58
2022;rd;14800340;Östra Centrum, Olskroken;Neoteknokraterna;NEO;1;0.14
2022;rd;14800340;Östra Centrum, Olskroken;Partiet Nyans;NYANS;2;0.27
2022;rd;14800340;Östra Centrum, Olskroken;Piratpartiet;PP;2;0.27
2022;rd;14800340;Östra Centrum, Olskroken;Arbetarepartiet-Socialdemokraterna;S;269;36.60
2022;rd;14800340;Östra Centrum, Olskroken;Sverigedemokraterna;SD;135;18.37
2022;rd;14800340;Östra Centrum, Olskroken;SKP;SKP;1;0.14
2022;rd;14800340;Östra Centrum, Olskroken;Vänsterpartiet;V;116;15.78
2022;rd;14800340;Östra Centrum, Olskroken;övriga anmälda partier;ÖVR;0;0.00
2022;rd;14800341;Östra Centrum, Redberget;Alternativ för Sverige;AFS;3;0.34
2022;rd;14800341;Östra Centrum, Redberget;Centerpartiet;C;51;5.79
2022;rd;14800341;Östra Centrum, Redberget;Feministiskt initiativ;FI;1;0.11
2022;rd;14800341;Östra Centrum, Redberget;Kristdemokraterna;KD;26;2.95
2022;rd;14800341;Östra Centrum, Redberget;Liberalerna (tidigare Folkpartiet);L;39;4.43
2022;rd;14800341;Östra Centrum, Redberget;Moderaterna;M;151;17.14
2022;rd;14800341;Östra Centrum, Redberget;Medborgerlig Samling;MED;3;0.34
2022;rd;14800341;Östra Centrum, Redberget;MoD;MOD;3;0.34
2022;rd;14800341;Östra Centrum, Redberget;Miljöpartiet de gröna;MP;66;7.49
2022;rd;14800341;Östra Centrum, Redberget;Partiet Nyans;NYANS;1;0.11
2022;rd;14800341;Östra Centrum, Redberget;Piratpartiet;PP;1;0.11
2022;rd;14800341;Östra Centrum, Redberget;Arbetarepartiet-Socialdemokraterna;S;264;29.97
2022;rd;14800341;Östra Centrum, Redberget;Sverigedemokraterna;SD;119;13.51
2022;rd;14800341;Östra Centrum, Redberget;Vänsterpartiet;V;153;17.37
2022;rd;14800341;Östra Centrum, Redberget;övriga anmälda partier;ÖVR;0;0.00
2022;rd;14800342;Östra Centrum, Bagaregården;Alternativ för Sverige;AFS;2;0.22
2022;rd;14800342;Östra Centrum, Bagaregården;Centerpartiet;C;74;8.19
2022;rd;14800342;Östra Centrum, Bagaregården;Kristdemokraterna;KD;25;2.77
2022;rd;14800342;Östra Centrum, Bagaregården;Klimatalliansen;KLIMA;1;0.11
2022;rd;14800342;Östra Centrum, Bagaregården;Knapptryckarna;KNAPP;4;0.44
2022;rd;14800342;Östra Centrum, Bagaregården;Kristna Värdepartiet;KRVP;1;0.11
2022;rd;14800342;Östra Centrum, Bagaregården;Liberalerna (tidigare Folkpartiet);L;43;4.76
2022;rd;14800342;Östra Centrum, Bagaregården;Moderaterna;M;130;14.38
2022;rd;14800342;Östra Centrum, Bagaregården;Medborgerlig Samling;MED;4;0.44
2022;rd;14800342;Östra Centrum, Bagaregården;MoD;MOD;1;0.11
2022;rd;14800342;Östra Centrum, Bagaregården;Miljöpartiet de gröna;MP;119;13.16
2022;rd;14800342;Östra Centrum, Bagaregården;Arbetarepartiet-Socialdemokraterna;S;276;30.53
2022;rd;14800342;Östra Centrum, Bagaregården;Sverigedemokraterna;SD;93;10.29
2022;rd;14800342;Östra Centrum, Bagaregården;Vänsterpartiet;V;131;14.49
2022;rd;14800342;Östra Centrum, Bagaregården;övriga anmälda partier;ÖVR;0;0.00
2022;rd;14800343;Östra Centrum, Redbergslid;Alternativ för Sverige;AFS;4;0.43
2022;rd;14800343;Östra Centrum, Redbergslid;Centerpartiet;C;65;7.07
2022;rd;14800343;Östra Centrum, Redbergslid;Feministiskt initiativ;FI;2;0.22
2022;rd;14800343;Östra Centrum, Redbergslid;Kristdemokraterna;KD;28;3.04
2022;rd;14800343;Östra Centrum, Redbergslid;Klimatalliansen;KLIMA;2;0.22
2022;rd;14800343;Östra Centrum, Redbergslid;Kristna Värdepartiet;KRVP;3;0.33
2022;rd;14800343;Östra Centrum, Redbergslid;Liberalerna (tidigare Folkpartiet);L;65;7.07
2022;rd;14800343;Östra Centrum, Redbergslid;Landsbygdspartiet Oberoende;LPO;1;0.11
2022;rd;14800343;Östra Centrum, Redbergslid;Moderaterna;M;150;16.30
2022;rd;14800343;Östra Centrum, Redbergslid;Medborgerlig Samling;MED;4;0.43
2022;rd;14800343;Östra Centrum, Redbergslid;MoD;MOD;1;0.11
2022;rd;14800343;Östra Centrum, Redbergslid;Miljöpartiet de gröna;MP;111;12.07
2022;rd;14800343;Östra Centrum, Redbergslid;Partiet Nyans;NYANS;2;0.22
2022;rd;14800343;Östra Centrum, Redbergslid;Piratpartiet;PP;5;0.54
2022;rd;14800343;Östra Centrum, Redbergslid;Arbetarepartiet-Socialdemokraterna;S;270;29.35
2022;rd;14800343;Östra Centrum, Redbergslid;Sverigedemokraterna;SD;78;8.48
2022;rd;14800343;Östra Centrum, Redbergslid;Vänsterpartiet;V;129;14.02
2022;rd;14800343;Östra Centrum, Redbergslid;övriga anmälda partier;ÖVR;0;0.00
2022;rd;14800344;Östra Centrum, Ånäs;Alternativ för Sverige;AFS;2;0.21
2022;rd;14800344;Östra Centrum, Ånäs;Centerpartiet;C;82;8.70
2022;rd;14800344;Östra Centrum, Ånäs;Kristdemokraterna;KD;33;3.50
2022;rd;14800344;Östra Centrum, Ånäs;Klimatalliansen;KLIMA;1;0.11
2022;rd;14800344;Östra Centrum, Ånäs;Kristna Värdepartiet;KRVP;4;0.42
2022;rd;14800344;Östra Centrum, Ånäs;Liberalerna (tidigare Folkpartiet);L;63;6.69
2022;rd;14800344;Östra Centrum, Ånäs;Moderaterna;M;162;17.20
2022;rd;14800344;Östra Centrum, Ånäs;Medborgerlig Samling;MED;1;0.11
2022;rd;14800344;Östra Centrum, Ånäs;Miljöpartiet de gröna;MP;76;8.07
2022;rd;14800344;Östra Centrum, Ånäs;Nordiska motståndsrörelsen;NMR;1;0.11
2022;rd;14800344;Östra Centrum, Ånäs;Piratpartiet;PP;3;0.32
2022;rd;14800344;Östra Centrum, Ånäs;Arbetarepartiet-Socialdemokraterna;S;246;26.11
2022;rd;14800344;Östra Centrum, Ånäs;Sverigedemokraterna;SD;124;13.16
2022;rd;14800344;Östra Centrum, Ånäs;Vänsterpartiet;V;144;15.29
2022;rd;14800344;Östra Centrum, Ånäs;övriga anmälda partier;ÖVR;0;0.00
2022;rd;14800345;Östra Centrum, Strömmensberg Västra;Alternativ för Sverige;AFS;2;0.25
2022;rd;14800345;Östra Centrum, Strömmensberg Västra;Centerpartiet;C;66;8.37
2022;rd;14800345;Östra Centrum, Strömmensberg Västra;Kristdemokraterna;KD;35;4.44
2022;rd;14800345;Östra Centrum, Strömmensberg Västra;Klimatalliansen;KLIMA;1;0.13
2022;rd;14800345;Östra Centrum, Strömmensberg Västra;Knapptryckarna;KNAPP;1;0.13
2022;rd;14800345;Östra Centrum, Strömmensberg Västra;Liberalerna (tidigare Folkpartiet);L;40;5.07
2022;rd;14800345;Östra Centrum, Strömmensberg Västra;Moderaterna;M;131;16.60
2022;rd;14800345;Östra Centrum, Strömmensberg Västra;Medborgerlig Samling;MED;4;0.51
2022;rd;14800345;Östra Centrum, Strömmensberg Västra;MoD;MOD;2;0.25
2022;rd;14800345;Östra Centrum, Strömmensberg Västra;Miljöpartiet de gröna;MP;83;10.52
2022;rd;14800345;Östra Centrum, Strömmensberg Västra;Piratpartiet;PP;3;0.38
2022;rd;14800345;Östra Centrum, Strömmensberg Västra;Arbetarepartiet-Socialdemokraterna;S;251;31.81
2022;rd;14800345;Östra Centrum, Strömmensberg Västra;Sverigedemokraterna;SD;86;10.90
2022;rd;14800345;Östra Centrum, Strömmensberg Västra;Vänsterpartiet;V;84;10.65
2022;rd;14800345;Östra Centrum, Strömmensberg Västra;övriga anmälda partier;ÖVR;0;0.00
2022;rd;14800346;Östra Centrum, Strömmensberg Östra;Centerpartiet;C;69;8.07
2022;rd;14800346;Östra Centrum, Strömmensberg Östra;Feministiskt initiativ;FI;1;0.12
2022;rd;14800346;Östra Centrum, Strömmensberg Östra;Kristdemokraterna;KD;27;3.16
2022;rd;14800346;Östra Centrum, Strömmensberg Östra;Klimatalliansen;KLIMA;1;0.12
2022;rd;14800346;Östra Centrum, Strömmensberg Östra;Liberalerna (tidigare Folkpartiet);L;64;7.49
2022;rd;14800346;Östra Centrum, Strömmensberg Östra;Moderaterna;M;152;17.78
2022;rd;14800346;Östra Centrum, Strömmensberg Östra;Medborgerlig Samling;MED;3;0.35
2022;rd;14800346;Östra Centrum, Strömmensberg Östra;MoD;MOD;1;0.12
2022;rd;14800346;Östra Centrum, Strömmensberg Östra;Miljöpartiet de gröna;MP;91;10.64
2022;rd;14800346;Östra Centrum, Strömmensberg Östra;Piratpartiet;PP;1;0.12
2022;rd;14800346;Östra Centrum, Strömmensberg Östra;Arbetarepartiet-Socialdemokraterna;S;250;29.24
2022;rd;14800346;Östra Centrum, Strömmensberg Östra;Sverigedemokraterna;SD;96;11.23
2022;rd;14800346;Östra Centrum, Strömmensberg Östra;Vänsterpartiet;V;99;11.58
2022;rd;14800346;Östra Centrum, Strömmensberg Östra;övriga anmälda partier;ÖVR;0;0.00
2022;rd;14800401;Centrum, Otterhällan;Alternativ för Sverige;AFS;1;0.12
2022;rd;14800401;Centrum, Otterhällan;Centerpartiet;C;83;9.75
2022;rd;14800401;Centrum, Otterhällan;Feministiskt initiativ;FI;1;0.12
2022;rd;14800401;Centrum, Otterhällan;Kristdemokraterna;KD;37;4.35
2022;rd;14800401;Centrum, Otterhällan;Liberalerna (tidigare Folkpartiet);L;84;9.87
2022;rd;14800401;Centrum, Otterhällan;Moderaterna;M;233;27.38
2022;rd;14800401;Centrum, Otterhällan;Medborgerlig Samling;MED;2;0.24
2022;rd;14800401;Centrum, Otterhällan;Miljöpartiet de gröna;MP;77;9.05
2022;rd;14800401;Centrum, Otterhällan;Piratpartiet;PP;2;0.24
2022;rd;14800401;Centrum, Otterhällan;Arbetarepartiet-Socialdemokraterna;S;181;21.27
2022;rd;14800401;Centrum, Otterhällan;Sverigedemokraterna;SD;98;11.52
2022;rd;14800401;Centrum, Otterhällan;Vänsterpartiet;V;52;6.11
2022;rd;14800401;Centrum, Otterhällan;övriga anmälda partier;ÖVR;0;0.00
2022;rd;14800402;Centrum, Inom Vallgraven;Alternativ för Sverige;AFS;1;0.11
2022;rd;14800402;Centrum, Inom Vallgraven;Centerpartiet;C;74;7.93
2022;rd;14800402;Centrum, Inom Vallgraven;Direktdemokraterna;DD;1;0.11
2022;rd;14800402;Centrum, Inom Vallgraven;Kristdemokraterna;KD;31;3.32
2022;rd;14800402;Centrum, Inom Vallgraven;Liberalerna (tidigare Folkpartiet);L;83;8.90
2022;rd;14800402;Centrum, Inom Vallgraven;Landsbygdspartiet Oberoende;LPO;1;0.11
2022;rd;14800402;Centrum, Inom Vallgraven;Moderaterna;M;222;23.79
2022;rd;14800402;Centrum, Inom Vallgraven;Medborgerlig Samling;MED;1;0.11
2022;rd;14800402;Centrum, Inom Vallgraven;MoD;MOD;4;0.43
2022;rd;14800402;Centrum, Inom Vallgraven;Miljöpartiet de gröna;MP;84;9.00
2022;rd;14800402;Centrum, Inom Vallgraven;Piratpartiet;PP;1;0.11
2022;rd;14800402;Centrum, Inom Vallgraven;Arbetarepartiet-Socialdemokraterna;S;215;23.04
2022;rd;14800402;Centrum, Inom Vallgraven;Sverigedemokraterna;SD;118;12.65
2022;rd;14800402;Centrum, Inom Vallgraven;Vänsterpartiet;V;97;10.40
2022;rd;14800402;Centrum, Inom Vallgraven;övriga anmälda partier;ÖVR;0;0.00
2022;rd;14800403;Centrum, Nordstan;Alternativ för Sverige;AFS;4;0.50
2022;rd;14800403;Centrum, Nordstan;Centerpartiet;C;55;6.82
2022;rd;14800403;Centrum, Nordstan;Kristdemokraterna;KD;34;4.21
2022;rd;14800403;Centrum, Nordstan;Knapptryckarna;KNAPP;1;0.12
2022;rd;14800403;Centrum, Nordstan;Liberalerna (tidigare Folkpartiet);L;45;5.58
2022;rd;14800403;Centrum, Nordstan;Moderaterna;M;146;18.09
2022;rd;14800403;Centrum, Nordstan;Medborgerlig Samling;MED;4;0.50
2022;rd;14800403;Centrum, Nordstan;MoD;MOD;2;0.25
2022;rd;14800403;Centrum, Nordstan;Miljöpartiet de gröna;MP;64;7.93
2022;rd;14800403;Centrum, Nordstan;Partiet Nyans;NYANS;5;0.62
2022;rd;14800403;Centrum, Nordstan;Piratpartiet;PP;2;0.25
2022;rd;14800403;Centrum, Nordstan;Arbetarepartiet-Socialdemokraterna;S;192;23.79
2022;rd;14800403;Centrum, Nordstan;Sverigedemokraterna;SD;136;16.85
2022;rd;14800403;Centrum, Nordstan;Vänsterpartiet;V;117;14.50
2022;rd;14800403;Centrum, Nordstan;övriga anmälda partier;ÖVR;0;0.00
2022;rd;14800404;Centrum, Stampen Västra;Alternativ för Sverige;AFS;2;0.25
2022;rd;14800404;Centrum, Stampen Västra;Basinkomstpartiet;BASIP;1;0.13
2022;rd;14800404;Centrum, Stampen Västra;Centerpartiet;C;46;5.80
2022;rd;14800404;Centrum, Stampen Västra;Kristdemokraterna;KD;31;3.91
2022;rd;14800404;Centrum, Stampen Västra;Knapptryckarna;KNAPP;1;0.13
2022;rd;14800404;Centrum, Stampen Västra;Liberalerna (tidigare Folkpartiet);L;96;12.11
2022;rd;14800404;Centrum, Stampen Västra;Moderaterna;M;203;25.60
2022;rd;14800404;Centrum, Stampen Västra;Medborgerlig Samling;MED;6;0.76
2022;rd;14800404;Centrum, Stampen Västra;Miljöpartiet de gröna;MP;36;4.54
2022;rd;14800404;Centrum, Stampen Västra;Piratpartiet;PP;1;0.13
2022;rd;14800404;Centrum, Stampen Västra;Arbetarepartiet-Socialdemokraterna;S;190;23.96
2022;rd;14800404;Centrum, Stampen Västra;Sverigedemokraterna;SD;129;16.27
2022;rd;14800404;Centrum, Stampen Västra;Vänsterpartiet;V;51;6.43
2022;rd;14800404;Centrum, Stampen Västra;övriga anmälda partier;ÖVR;0;0.00
2022;rd;14800405;Centrum, Odinsgatan m fl;Alternativ för Sverige;AFS;2;0.26
2022;rd;14800405;Centrum, Odinsgatan m fl;Centerpartiet;C;51;6.61
2022;rd;14800405;Centrum, Odinsgatan m fl;Kristdemokraterna;KD;19;2.46
2022;rd;14800405;Centrum, Odinsgatan m fl;Klassiskt liberala partiet;KLP;1;0.13
2022;rd;14800405;Centrum, Odinsgatan m fl;Liberalerna (tidigare Folkpartiet);L;53;6.87
2022;rd;14800405;Centrum, Odinsgatan m fl;Moderaterna;M;174;22.54
2022;rd;14800405;Centrum, Odinsgatan m fl;Medborgerlig Samling;MED;3;0.39
2022;rd;14800405;Centrum, Odinsgatan m fl;MoD;MOD;1;0.13
2022;rd;14800405;Centrum, Odinsgatan m fl;Miljöpartiet de gröna;MP;57;7.38
2022;rd;14800405;Centrum, Odinsgatan m fl;Partiet Nyans;NYANS;1;0.13
2022;rd;14800405;Centrum, Odinsgatan m fl;Piratpartiet;PP;1;0.13
2022;rd;14800405;Centrum, Odinsgatan m fl;Arbetarepartiet-Socialdemokraterna;S;206;26.68
2022;rd;14800405;Centrum, Odinsgatan m fl;Sverigedemokraterna;SD;101;13.08
2022;rd;14800405;Centrum, Odinsgatan m fl;Vänsterpartiet;V;102;13.21
2022;rd;14800405;Centrum, Odinsgatan m fl;övriga anmälda partier;ÖVR;0;0.00
2022;rd;14800406;Centrum, Stampen Östra;Alternativ för Sverige;AFS;2;0.23
2022;rd;14800406;Centrum, Stampen Östra;Centerpartiet;C;56;6.51
2022;rd;14800406;Centrum, Stampen Östra;Feministiskt initiativ;FI;1;0.12
2022;rd;14800406;Centrum, Stampen Östra;Kristdemokraterna;KD;33;3.84
2022;rd;14800406;Centrum, Stampen Östra;Klimatalliansen;KLIMA;1;0.12
2022;rd;14800406;Centrum, Stampen Östra;Klassiskt liberala partiet;KLP;1;0.12
2022;rd;14800406;Centrum, Stampen Östra;Liberalerna (tidigare Folkpartiet);L;51;5.93
2022;rd;14800406;Centrum, Stampen Östra;Moderaterna;M;156;18.14
2022;rd;14800406;Centrum, Stampen Östra;Medborgerlig Samling;MED;7;0.81
2022;rd;14800406;Centrum, Stampen Östra;MoD;MOD;1;0.12
2022;rd;14800406;Centrum, Stampen Östra;Miljöpartiet de gröna;MP;58;6.74
2022;rd;14800406;Centrum, Stampen Östra;Piratpartiet;PP;3;0.35
2022;rd;14800406;Centrum, Stampen Östra;Arbetarepartiet-Socialdemokraterna;S;218;25.35
2022;rd;14800406;Centrum, Stampen Östra;Sverigedemokraterna;SD;159;18.49
2022;rd;14800406;Centrum, Stampen Östra;Vänsterpartiet;V;113;13.14
2022;rd;14800406;Centrum, Stampen Östra;övriga anmälda partier;ÖVR;0;0.00
2022;rd;14800407;Centrum, Friggagatan m fl;Alternativ för Sverige;AFS;3;0.38
2022;rd;14800407;Centrum, Friggagatan m fl;Centerpartiet;C;46;5.75
2022;rd;14800407;Centrum, Friggagatan m fl;Kristdemokraterna;KD;28;3.50
2022;rd;14800407;Centrum, Friggagatan m fl;Klassiskt liberala partiet;KLP;1;0.12
2022;rd;14800407;Centrum, Friggagatan m fl;Kristna Värdepartiet;KRVP;1;0.12
2022;rd;14800407;Centrum, Friggagatan m fl;Liberalerna (tidigare Folkpartiet);L;59;7.38
2022;rd;14800407;Centrum, Friggagatan m fl;Moderaterna;M;182;22.75
2022;rd;14800407;Centrum, Friggagatan m fl;Medborgerlig Samling;MED;1;0.12
2022;rd;14800407;Centrum, Friggagatan m fl;Miljöpartiet de gröna;MP;58;7.25
2022;rd;14800407;Centrum, Friggagatan m fl;Arbetarepartiet-Socialdemokraterna;S;227;28.38
2022;rd;14800407;Centrum, Friggagatan m fl;Sverigedemokraterna;SD;125;15.62
2022;rd;14800407;Centrum, Friggagatan m fl;Vänsterpartiet;V;69;8.62
2022;rd;14800407;Centrum, Friggagatan m fl;övriga anmälda partier;ÖVR;0;0.00
2022;rd;14800408;Centrum, Svingeln;Alternativ för Sverige;AFS;1;0.11
2022;rd;14800408;Centrum, Svingeln;Centerpartiet;C;58;6.67
2022;rd;14800408;Centrum, Svingeln;Direktdemokraterna;DD;1;0.11
2022;rd;14800408;Centrum, Svingeln;Kristdemokraterna;KD;29;3.33
2022;rd;14800408;Centrum, Svingeln;Klimatalliansen;KLIMA;1;0.11
2022;rd;14800408;Centrum, Svingeln;Knapptryckarna;KNAPP;1;0.11
2022;rd;14800408;Centrum, Svingeln;Liberalerna (tidigare Folkpartiet);L;47;5.40
2022;rd;14800408;Centrum, Svingeln;Moderaterna;M;144;16.55
2022;rd;14800408;Centrum, Svingeln;Medborgerlig Samling;MED;6;0.69
2022;rd;14800408;Centrum, Svingeln;MoD;MOD;3;0.34
2022;rd;14800408;Centrum, Svingeln;Miljöpartiet de gröna;MP;78;8.97
2022;rd;14800408;Centrum, Svingeln;Partiet Nyans;NYANS;1;0.11
2022;rd;14800408;Centrum, Svingeln;Piratpartiet;PP;1;0.11
2022;rd;14800408;Centrum, Svingeln;Arbetarepartiet-Socialdemokraterna;S;240;27.59
2022;rd;14800408;Centrum, Svingeln;Sverigedemokraterna;SD;125;14.37
2022;rd;14800408;Centrum, Svingeln;Vänsterpartiet;V;134;15.40
2022;rd;14800408;Centrum, Svingeln;övriga anmälda partier;ÖVR;0;0.00
2022;rd;14800409;Centrum, Gårda Norra;Alternativ för Sverige;AFS;3;0.35
2022;rd;14800409;Centrum, Gårda Norra;Centerpartiet;C;64;7.49
2022;rd;14800409;Centrum, Gårda Norra;Direktdemokraterna;DD;1;0.12
2022;rd;14800409;Centrum, Gårda Norra;Kristdemokraterna;KD;38;4.45
2022;rd;14800409;Centrum, Gårda Norra;Klassiskt liberala partiet;KLP;1;0.12
2022;rd;14800409;Centrum, Gårda Norra;Liberalerna (tidigare Folkpartiet);L;57;6.67
2022;rd;14800409;Centrum, Gårda Norra;Moderaterna;M;206;24.12
2022;rd;14800409;Centrum, Gårda Norra;Medborgerlig Samling;MED;4;0.47
2022;rd;14800409;Centrum, Gårda Norra;Miljöpartiet de gröna;MP;43;5.04
2022;rd;14800409;Centrum, Gårda Norra;Partiet Nyans;NYANS;1;0.12
2022;rd;14800409;Centrum, Gårda Norra;Piratpartiet;PP;2;0.23
2022;rd;14800409;Centrum, Gårda Norra;Arbetarepartiet-Socialdemokraterna;S;236;27.63
2022;rd;14800409;Centrum, Gårda Norra;Sverigedemokraterna;SD;118;13.82
2022;rd;14800409;Centrum, Gårda Norra;Vänsterpartiet;V;80;9.37
2022;rd;14800409;Centrum, Gårda Norra;övriga anmälda partier;ÖVR;0;0.00
2022;rd;14800410;Centrum, Gårda Södra;Alternativ för Sverige;AFS;1;0.14
2022;rd;14800410;Centrum, Gårda Södra;Centerpartiet;C;43;5.83
2022;rd;14800410;Centrum, Gårda Södra;Direktdemokraterna;DD;2;0.27
2022;rd;14800410;Centrum, Gårda Södra;Enhet;ENH;1;0.14
2022;rd;14800410;Centrum, Gårda Södra;Kalle ankapartiet;KALLE;1;0.14
2022;rd;14800410;Centrum, Gårda Södra;Kristdemokraterna;KD;22;2.99
2022;rd;14800410;Centrum, Gårda Södra;Klimatalliansen;KLIMA;3;0.41
2022;rd;14800410;Centrum, Gårda Södra;Knapptryckarna;KNAPP;4;0.54
2022;rd;14800410;Centrum, Gårda Södra;Liberalerna (tidigare Folkpartiet);L;65;8.82
2022;rd;14800410;Centrum, Gårda Södra;Moderaterna;M;152;20.62
2022;rd;14800410;Centrum, Gårda Södra;Medborgerlig Samling;MED;5;0.68
2022;rd;14800410;Centrum, Gårda Södra;MoD;MOD;1;0.14
2022;rd;14800410;Centrum, Gårda Södra;Miljöpartiet de gröna;MP;71;9.63
2022;rd;14800410;Centrum, Gårda Södra;Partiet Nyans;NYANS;1;0.14
2022;rd;14800410;Centrum, Gårda Södra;Piratpartiet;PP;2;0.27
2022;rd;14800410;Centrum, Gårda Södra;Arbetarepartiet-Socialdemokraterna;S;181;24.56
2022;rd;14800410;Centrum, Gårda Södra;Sverigedemokraterna;SD;77;10.45
2022;rd;14800410;Centrum, Gårda Södra;SKP;SKP;1;0.14
2022;rd;14800410;Centrum, Gårda Södra;Stram Kurs Sverige;SKS;1;0.14
2022;rd;14800410;Centrum, Gårda Södra;Vänsterpartiet;V;103;13.98
2022;rd;14800410;Centrum, Gårda Södra;övriga anmälda partier;ÖVR;0;0.00
2022;rd;14800411;Centrum, Bohusgatan m fl;Alternativ för Sverige;AFS;2;0.22
2022;rd;14800411;Centrum, Bohusgatan m fl;Centerpartiet;C;52;5.72
2022;rd;14800411;Centrum, Bohusgatan m fl;Kristdemokraterna;KD;45;4.95
2022;rd;14800411;Centrum, Bohusgatan m fl;Liberalerna (tidigare Folkpartiet);L;75;8.25
2022;rd;14800411;Centrum, Bohusgatan m fl;Moderaterna;M;316;34.76
2022;rd;14800411;Centrum, Bohusgatan m fl;Medborgerlig Samling;MED;1;0.11
2022;rd;14800411;Centrum, Bohusgatan m fl;MoD;MOD;3;0.33
2022;rd;14800411;Centrum, Bohusgatan m fl;Miljöpartiet de gröna;MP;53;5.83
2022;rd;14800411;Centrum, Bohusgatan m fl;Piratpartiet;PP;1;0.11
2022;rd;14800411;Centrum, Bohusgatan m fl;Arbetarepartiet-Socialdemokraterna;S;171;18.81
2022;rd;14800411;Centrum, Bohusgatan m fl;Sverigedemokraterna;SD;150;16.50
2022;rd;14800411;Centrum, Bohusgatan m fl;Vänsterpartiet;V;40;4.40
2022;rd;14800411;Centrum, Bohusgatan m fl;övriga anmälda partier;ÖVR;0;0.00
2022;rd;14800412;Centrum, Sten Sturegatan m fl;Alternativ för Sverige;AFS;2;0.23
2022;rd;14800412;Centrum, Sten Sturegatan m fl;Centerpartiet;C;31;3.64
2022;rd;14800412;Centrum, Sten Sturegatan m fl;Feministiskt initiativ;FI;1;0.12
2022;rd;14800412;Centrum, Sten Sturegatan m fl;Kristdemokraterna;KD;37;4.34
2022;rd;14800412;Centrum, Sten Sturegatan m fl;Knapptryckarna;KNAPP;1;0.12
2022;rd;14800412;Centrum, Sten Sturegatan m fl;Kristna Värdepartiet;KRVP;1;0.12
2022;rd;14800412;Centrum, Sten Sturegatan m fl;Liberalerna (tidigare Folkpartiet);L;60;7.04
2022;rd;14800412;Centrum, Sten Sturegatan m fl;Moderaterna;M;164;19.25
2022;rd;14800412;Centrum, Sten Sturegatan m fl;MoD;MOD;4;0.47
2022;rd;14800412;Centrum, Sten Sturegatan m fl;Miljöpartiet de gröna;MP;36;4.23
2022;rd;14800412;Centrum, Sten Sturegatan m fl;Partiet Nyans;NYANS;7;0.82
2022;rd;14800412;Centrum, Sten Sturegatan m fl;Arbetarepartiet-Socialdemokraterna;S;258;30.28
2022;rd;14800412;Centrum, Sten Sturegatan m fl;Sverigedemokraterna;SD;179;21.01
2022;rd;14800412;Centrum, Sten Sturegatan m fl;Vänsterpartiet;V;71;8.33
2022;rd;14800412;Centrum, Sten Sturegatan m fl;övriga anmälda partier;ÖVR;0;0.00
2022;rd;14800413;Centrum, Heden;Alternativ för Sverige;AFS;1;0.11
2022;rd;14800413;Centrum, Heden;Centerpartiet;C;51;5.43
2022;rd;14800413;Centrum, Heden;Kristdemokraterna;KD;52;5.53
2022;rd;14800413;Centrum, Heden;Klassiskt liberala partiet;KLP;1;0.11
2022;rd;14800413;Centrum, Heden;Liberalerna (tidigare Folkpartiet);L;76;8.09
2022;rd;14800413;Centrum, Heden;Moderaterna;M;268;28.51
2022;rd;14800413;Centrum, Heden;Medborgerlig Samling;MED;2;0.21
2022;rd;14800413;Centrum, Heden;MoD;MOD;1;0.11
2022;rd;14800413;Centrum, Heden;Miljöpartiet de gröna;MP;52;5.53
2022;rd;14800413;Centrum, Heden;Piratpartiet;PP;2;0.21
2022;rd;14800413;Centrum, Heden;Arbetarepartiet-Socialdemokraterna;S;209;22.23
2022;rd;14800413;Centrum, Heden;Sverigedemokraterna;SD;163;17.34
2022;rd;14800413;Centrum, Heden;Vänsterpartiet;V;62;6.60
2022;rd;14800413;Centrum, Heden;övriga anmälda partier;ÖVR;0;0.00
2022;rd;14800414;Centrum, Hedås;Centerpartiet;C;57;5.94
2022;rd;14800414;Centrum, Hedås;Feministiskt initiativ;FI;1;0.10
2022;rd;14800414;Centrum, Hedås;Kristdemokraterna;KD;58;6.05
2022;rd;14800414;Centrum, Hedås;Liberalerna (tidigare Folkpartiet);L;68;7.09
2022;rd;14800414;Centrum, Hedås;Moderaterna;M;353;36.81
2022;rd;14800414;Centrum, Hedås;Medborgerlig Samling;MED;4;0.42
2022;rd;14800414;Centrum, Hedås;Miljöpartiet de gröna;MP;42;4.38
2022;rd;14800414;Centrum, Hedås;Piratpartiet;PP;1;0.10
2022;rd;14800414;Centrum, Hedås;Arbetarepartiet-Socialdemokraterna;S;152;15.85
2022;rd;14800414;Centrum, Hedås;Sverigedemokraterna;SD;172;17.94
2022;rd;14800414;Centrum, Hedås;Vänsterpartiet;V;51;5.32
2022;rd;14800414;Centrum, Hedås;övriga anmälda partier;ÖVR;0;0.00
2022;rd;14800415;Centrum, Götaplatsen;Alternativ för Sverige;AFS;3;0.34
2022;rd;14800415;Centrum, Götaplatsen;Centerpartiet;C;53;5.94
2022;rd;14800415;Centrum, Götaplatsen;Direktdemokraterna;DD;1;0.11
2022;rd;14800415;Centrum, Götaplatsen;Kristdemokraterna;KD;65;7.28
2022;rd;14800415;Centrum, Götaplatsen;Klimatalliansen;KLIMA;1;0.11
2022;rd;14800415;Centrum, Götaplatsen;Liberalerna (tidigare Folkpartiet);L;99;11.09
2022;rd;14800415;Centrum, Götaplatsen;Moderaterna;M;312;34.94
2022;rd;14800415;Centrum, Götaplatsen;Medborgerlig Samling;MED;2;0.22
2022;rd;14800415;Centrum, Götaplatsen;Miljöpartiet de gröna;MP;49;5.49
2022;rd;14800415;Centrum, Götaplatsen;Arbetarepartiet-Socialdemokraterna;S;123;13.77
2022;rd;14800415;Centrum, Götaplatsen;Sverigedemokraterna;SD;148;16.57
2022;rd;14800415;Centrum, Götaplatsen;Vänsterpartiet;V;37;4.14
2022;rd;14800415;Centrum, Götaplatsen;övriga anmälda partier;ÖVR;0;0.00
2022;rd;14800416;Centrum, Carlandersplatsen;Alternativ för Sverige;AFS;2;0.21
2022;rd;14800416;Centrum, Carlandersplatsen;Centerpartiet;C;82;8.65
2022;rd;14800416;Centrum, Carlandersplatsen;Direktdemokraterna;DD;1;0.11
2022;rd;14800416;Centrum, Carlandersplatsen;Enhet;ENH;1;0.11
2022;rd;14800416;Centrum, Carlandersplatsen;Feministiskt initiativ;FI;3;0.32
2022;rd;14800416;Centrum, Carlandersplatsen;Kristdemokraterna;KD;39;4.11
2022;rd;14800416;Centrum, Carlandersplatsen;Liberalerna (tidigare Folkpartiet);L;95;10.02
2022;rd;14800416;Centrum, Carlandersplatsen;Moderaterna;M;253;26.69
2022;rd;14800416;Centrum, Carlandersplatsen;Medborgerlig Samling;MED;3;0.32
2022;rd;14800416;Centrum, Carlandersplatsen;Miljöpartiet de gröna;MP;67;7.07
2022;rd;14800416;Centrum, Carlandersplatsen;Piratpartiet;PP;1;0.11
2022;rd;14800416;Centrum, Carlandersplatsen;Arbetarepartiet-Socialdemokraterna;S;198;20.89
2022;rd;14800416;Centrum, Carlandersplatsen;Sverigedemokraterna;SD;134;14.14
2022;rd;14800416;Centrum, Carlandersplatsen;Vänsterpartiet;V;69;7.28
2022;rd;14800416;Centrum, Carlandersplatsen;övriga anmälda partier;ÖVR;0;0.00
2022;rd;14800417;Centrum, Eklanda Östra;Alternativ för Sverige;AFS;2;0.22
2022;rd;14800417;Centrum, Eklanda Östra;Centerpartiet;C;75;8.40
2022;rd;14800417;Centrum, Eklanda Östra;Feministiskt initiativ;FI;1;0.11
2022;rd;14800417;Centrum, Eklanda Östra;Kristdemokraterna;KD;38;4.26
2022;rd;14800417;Centrum, Eklanda Östra;Knapptryckarna;KNAPP;1;0.11
2022;rd;14800417;Centrum, Eklanda Östra;Liberalerna (tidigare Folkpartiet);L;74;8.29
2022;rd;14800417;Centrum, Eklanda Östra;Moderaterna;M;209;23.40
2022;rd;14800417;Centrum, Eklanda Östra;Medborgerlig Samling;MED;2;0.22
2022;rd;14800417;Centrum, Eklanda Östra;MoD;MOD;1;0.11
2022;rd;14800417;Centrum, Eklanda Östra;Miljöpartiet de gröna;MP;66;7.39
2022;rd;14800417;Centrum, Eklanda Östra;Piratpartiet;PP;1;0.11
2022;rd;14800417;Centrum, Eklanda Östra;Arbetarepartiet-Socialdemokraterna;S;184;20.60
2022;rd;14800417;Centrum, Eklanda Östra;Sverigedemokraterna;SD;139;15.57
2022;rd;14800417;Centrum, Eklanda Östra;Vänsterpartiet;V;100;11.20
2022;rd;14800417;Centrum, Eklanda Östra;övriga anmälda partier;ÖVR;0;0.00
2022;rd;14800418;Centrum, Eklanda Norra;Alternativ för Sverige;AFS;2;0.21
2022;rd;14800418;Centrum, Eklanda Norra;Basinkomstpartiet;BASIP;1;0.10
2022;rd;14800418;Centrum, Eklanda Norra;Centerpartiet;C;76;7.93
2022;rd;14800418;Centrum, Eklanda Norra;Kristdemokraterna;KD;33;3.44
2022;rd;14800418;Centrum, Eklanda Norra;Liberalerna (tidigare Folkpartiet);L;112;11.69
2022;rd;14800418;Centrum, Eklanda Norra;Moderaterna;M;193;20.15
2022;rd;14800418;Centrum, Eklanda Norra;Medborgerlig Samling;MED;4;0.42
2022;rd;14800418;Centrum, Eklanda Norra;MoD;MOD;3;0.31
2022;rd;14800418;Centrum, Eklanda Norra;Miljöpartiet de gröna;MP;116;12.11
2022;rd;14800418;Centrum, Eklanda Norra;Piratpartiet;PP;5;0.52
2022;rd;14800418;Centrum, Eklanda Norra;Arbetarepartiet-Socialdemokraterna;S;229;23.90
2022;rd;14800418;Centrum, Eklanda Norra;Sverigedemokraterna;SD;74;7.72
2022;rd;14800418;Centrum, Eklanda Norra;Vänsterpartiet;V;110;11.48
2022;rd;14800418;Centrum, Eklanda Norra;övriga anmälda partier;ÖVR;0;0.00
2022;rd;14800419;Centrum, Johanneberg Övre;Alternativ för Sverige;AFS;6;0.72
2022;rd;14800419;Centrum, Johanneberg Övre;Centerpartiet;C;78;9.30
2022;rd;14800419;Centrum, Johanneberg Övre;Feministiskt initiativ;FI;2;0.24
2022;rd;14800419;Centrum, Johanneberg Övre;Kristdemokraterna;KD;32;3.81
2022;rd;14800419;Centrum, Johanneberg Övre;Knapptryckarna;KNAPP;1;0.12
2022;rd;14800419;Centrum, Johanneberg Övre;Kristna Värdepartiet;KRVP;2;0.24
2022;rd;14800419;Centrum, Johanneberg Övre;Liberalerna (tidigare Folkpartiet);L;92;10.97
2022;rd;14800419;Centrum, Johanneberg Övre;Moderaterna;M;171;20.38
2022;rd;14800419;Centrum, Johanneberg Övre;Medborgerlig Samling;MED;4;0.48
2022;rd;14800419;Centrum, Johanneberg Övre;MoD;MOD;3;0.36
2022;rd;14800419;Centrum, Johanneberg Övre;Miljöpartiet de gröna;MP;82;9.77
2022;rd;14800419;Centrum, Johanneberg Övre;Piratpartiet;PP;2;0.24
2022;rd;14800419;Centrum, Johanneberg Övre;Arbetarepartiet-Socialdemokraterna;S;176;20.98
2022;rd;14800419;Centrum, Johanneberg Övre;Sverigedemokraterna;SD;109;12.99
2022;rd;14800419;Centrum, Johanneberg Övre;Vänsterpartiet;V;79;9.42
2022;rd;14800419;Centrum, Johanneberg Övre;övriga anmälda partier;ÖVR;0;0.00
2022;rd;14800420;Centrum, Johanneberg Östra;Alternativ för Sverige;AFS;1;0.11
2022;rd;14800420;Centrum, Johanneberg Östra;Centerpartiet;C;72;7.84
2022;rd;14800420;Centrum, Johanneberg Östra;Feministiskt initiativ;FI;1;0.11
2022;rd;14800420;Centrum, Johanneberg Östra;Kristdemokraterna;KD;45;4.90
2022;rd;14800420;Centrum, Johanneberg Östra;Liberalerna (tidigare Folkpartiet);L;80;8.71
2022;rd;14800420;Centrum, Johanneberg Östra;Moderaterna;M;222;24.18
2022;rd;14800420;Centrum, Johanneberg Östra;Medborgerlig Samling;MED;5;0.54
2022;rd;14800420;Centrum, Johanneberg Östra;MoD;MOD;3;0.33
2022;rd;14800420;Centrum, Johanneberg Östra;Miljöpartiet de gröna;MP;62;6.75
2022;rd;14800420;Centrum, Johanneberg Östra;Piratpartiet;PP;1;0.11
2022;rd;14800420;Centrum, Johanneberg Östra;Arbetarepartiet-Socialdemokraterna;S;208;22.66
2022;rd;14800420;Centrum, Johanneberg Östra;Sverigedemokraterna;SD;116;12.64
2022;rd;14800420;Centrum, Johanneberg Östra;Vänsterpartiet;V;102;11.11
2022;rd;14800420;Centrum, Johanneberg Östra;övriga anmälda partier;ÖVR;0;0.00
2022;rd;14800421;Centrum, Eklanda Södra;Alternativ för Sverige;AFS;2;0.22
2022;rd;14800421;Centrum, Eklanda Södra;Centerpartiet;C;62;6.97
2022;rd;14800421;Centrum, Eklanda Södra;Kristdemokraterna;KD;43;4.83
2022;rd;14800421;Centrum, Eklanda Södra;Kristna Värdepartiet;KRVP;1;0.11
2022;rd;14800421;Centrum, Eklanda Södra;Liberalerna (tidigare Folkpartiet);L;78;8.76
2022;rd;14800421;Centrum, Eklanda Södra;Moderaterna;M;229;25.73
2022;rd;14800421;Centrum, Eklanda Södra;Medborgerlig Samling;MED;3;0.34
2022;rd;14800421;Centrum, Eklanda Södra;MoD;MOD;5;0.56
2022;rd;14800421;Centrum, Eklanda Södra;Miljöpartiet de gröna;MP;63;7.08
2022;rd;14800421;Centrum, Eklanda Södra;Nix to the Six;NIX;1;0.11
2022;rd;14800421;Centrum, Eklanda Södra;Piratpartiet;PP;2;0.22
2022;rd;14800421;Centrum, Eklanda Södra;Arbetarepartiet-Socialdemokraterna;S;210;23.60
2022;rd;14800421;Centrum, Eklanda Södra;Sverigedemokraterna;SD;113;12.70
2022;rd;14800421;Centrum, Eklanda Södra;Vänsterpartiet;V;78;8.76
2022;rd;14800421;Centrum, Eklanda Södra;övriga anmälda partier;ÖVR;0;0.00
2022;rd;14800422;Centrum, Kristinehöjd Västra;Alternativ för Sverige;AFS;2;0.22
2022;rd;14800422;Centrum, Kristinehöjd Västra;Centerpartiet;C;50;5.49
2022;rd;14800422;Centrum, Kristinehöjd Västra;Feministiskt initiativ;FI;1;0.11
2022;rd;14800422;Centrum, Kristinehöjd Västra;Kristdemokraterna;KD;50;5.49
2022;rd;14800422;Centrum, Kristinehöjd Västra;Klimatalliansen;KLIMA;2;0.22
2022;rd;14800422;Centrum, Kristinehöjd Västra;Liberalerna (tidigare Folkpartiet);L;85;9.33
2022;rd;14800422;Centrum, Kristinehöjd Västra;Moderaterna;M;195;21.41
2022;rd;14800422;Centrum, Kristinehöjd Västra;Medborgerlig Samling;MED;1;0.11
2022;rd;14800422;Centrum, Kristinehöjd Västra;MoD;MOD;2;0.22
2022;rd;14800422;Centrum, Kristinehöjd Västra;Miljöpartiet de gröna;MP;86;9.44
2022;rd;14800422;Centrum, Kristinehöjd Västra;Arbetarepartiet-Socialdemokraterna;S;236;25.91
2022;rd;14800422;Centrum, Kristinehöjd Västra;Sverigedemokraterna;SD;94;10.32
2022;rd;14800422;Centrum, Kristinehöjd Västra;Vänsterpartiet;V;107;11.75
2022;rd;14800422;Centrum, Kristinehöjd Västra;övriga anmälda partier;ÖVR;0;0.00
2022;rd;14800423;Centrum, Olofshöjd;Centerpartiet;C;54;10.21
2022;rd;14800423;Centrum, Olofshöjd;Kristdemokraterna;KD;20;3.78
2022;rd;14800423;Centrum, Olofshöjd;Liberalerna (tidigare Folkpartiet);L;42;7.94
2022;rd;14800423;Centrum, Olofshöjd;Moderaterna;M;87;16.45
2022;rd;14800423;Centrum, Olofshöjd;Medborgerlig Samling;MED;6;1.13
2022;rd;14800423;Centrum, Olofshöjd;MoD;MOD;1;0.19
2022;rd;14800423;Centrum, Olofshöjd;Miljöpartiet de gröna;MP;53;10.02
2022;rd;14800423;Centrum, Olofshöjd;Piratpartiet;PP;4;0.76
2022;rd;14800423;Centrum, Olofshöjd;Arbetarepartiet-Socialdemokraterna;S;128;24.20
2022;rd;14800423;Centrum, Olofshöjd;Sverigedemokraterna;SD;32;6.05
2022;rd;14800423;Centrum, Olofshöjd;Vänsterpartiet;V;102;19.28
2022;rd;14800423;Centrum, Olofshöjd;övriga anmälda partier;ÖVR;0;0.00
2022;rd;14800424;Centrum, Kristinehöjd Östra;Alternativ för Sverige;AFS;1;0.13
2022;rd;14800424;Centrum, Kristinehöjd Östra;Basinkomstpartiet;BASIP;1;0.13
2022;rd;14800424;Centrum, Kristinehöjd Östra;Centerpartiet;C;50;6.39
2022;rd;14800424;Centrum, Kristinehöjd Östra;Direktdemokraterna;DD;1;0.13
2022;rd;14800424;Centrum, Kristinehöjd Östra;Feministiskt initiativ;FI;2;0.26
2022;rd;14800424;Centrum, Kristinehöjd Östra;Kristdemokraterna;KD;20;2.55
2022;rd;14800424;Centrum, Kristinehöjd Östra;Klimatalliansen;KLIMA;1;0.13
2022;rd;14800424;Centrum, Kristinehöjd Östra;Liberalerna (tidigare Folkpartiet);L;50;6.39
2022;rd;14800424;Centrum, Kristinehöjd Östra;Moderaterna;M;171;21.84
2022;rd;14800424;Centrum, Kristinehöjd Östra;Medborgerlig Samling;MED;4;0.51
2022;rd;14800424;Centrum, Kristinehöjd Östra;Miljöpartiet de gröna;MP;48;6.13
2022;rd;14800424;Centrum, Kristinehöjd Östra;Nordiska motståndsrörelsen;NMR;1;0.13
2022;rd;14800424;Centrum, Kristinehöjd Östra;Partiet Nyans;NYANS;1;0.13
2022;rd;14800424;Centrum, Kristinehöjd Östra;Piratpartiet;PP;2;0.26
2022;rd;14800424;Centrum, Kristinehöjd Östra;Arbetarepartiet-Socialdemokraterna;S;224;28.61
2022;rd;14800424;Centrum, Kristinehöjd Östra;Sverigedemokraterna;SD;110;14.05
2022;rd;14800424;Centrum, Kristinehöjd Östra;Vänsterpartiet;V;96;12.26
2022;rd;14800424;Centrum, Kristinehöjd Östra;övriga anmälda partier;ÖVR;0;0.00
2022;rd;14800425;Centrum, Getebergsäng;Alternativ för Sverige;AFS;1;0.13
2022;rd;14800425;Centrum, Getebergsäng;Centerpartiet;C;67;8.70
2022;rd;14800425;Centrum, Getebergsäng;Kristdemokraterna;KD;31;4.03
2022;rd;14800425;Centrum, Getebergsäng;Klimatalliansen;KLIMA;1;0.13
2022;rd;14800425;Centrum, Getebergsäng;Knapptryckarna;KNAPP;2;0.26
2022;rd;14800425;Centrum, Getebergsäng;Liberalerna (tidigare Folkpartiet);L;49;6.36
2022;rd;14800425;Centrum, Getebergsäng;Moderaterna;M;158;20.52
2022;rd;14800425;Centrum, Getebergsäng;Medborgerlig Samling;MED;2;0.26
2022;rd;14800425;Centrum, Getebergsäng;MoD;MOD;1;0.13
2022;rd;14800425;Centrum, Getebergsäng;Miljöpartiet de gröna;MP;68;8.83
2022;rd;14800425;Centrum, Getebergsäng;Piratpartiet;PP;6;0.78
2022;rd;14800425;Centrum, Getebergsäng;Arbetarepartiet-Socialdemokraterna;S;206;26.75
2022;rd;14800425;Centrum, Getebergsäng;Sverigedemokraterna;SD;84;10.91
2022;rd;14800425;Centrum, Getebergsäng;Vänsterpartiet;V;94;12.21
2022;rd;14800425;Centrum, Getebergsäng;övriga anmälda partier;ÖVR;0;0.00
2022;rd;14800426;Centrum, Krokslätt Norra;Alternativ för Sverige;AFS;2;0.22
2022;rd;14800426;Centrum, Krokslätt Norra;Centerpartiet;C;83;9.22
2022;rd;14800426;Centrum, Krokslätt Norra;Direktdemokraterna;DD;1;0.11
2022;rd;14800426;Centrum, Krokslätt Norra;Kristdemokraterna;KD;41;4.56
2022;rd;14800426;Centrum, Krokslätt Norra;Klassiskt liberala partiet;KLP;1;0.11
2022;rd;14800426;Centrum, Krokslätt Norra;Kristna Värdepartiet;KRVP;1;0.11
2022;rd;14800426;Centrum, Krokslätt Norra;Liberalerna (tidigare Folkpartiet);L;73;8.11
2022;rd;14800426;Centrum, Krokslätt Norra;Moderaterna;M;228;25.33
2022;rd;14800426;Centrum, Krokslätt Norra;Medborgerlig Samling;MED;3;0.33
2022;rd;14800426;Centrum, Krokslätt Norra;Miljöpartiet de gröna;MP;66;7.33
2022;rd;14800426;Centrum, Krokslätt Norra;Piratpartiet;PP;2;0.22
2022;rd;14800426;Centrum, Krokslätt Norra;Arbetarepartiet-Socialdemokraterna;S;228;25.33
2022;rd;14800426;Centrum, Krokslätt Norra;Sverigedemokraterna;SD;73;8.11
2022;rd;14800426;Centrum, Krokslätt Norra;Vänsterpartiet;V;98;10.89
2022;rd;14800426;Centrum, Krokslätt Norra;övriga anmälda partier;ÖVR;0;0.00
2022;rd;14800427;Centrum, Krokslätt Södra;Alternativ för Sverige;AFS;1;0.09
2022;rd;14800427;Centrum, Krokslätt Södra;Centerpartiet;C;104;8.93
2022;rd;14800427;Centrum, Krokslätt Södra;Direktdemokraterna;DD;2;0.17
2022;rd;14800427;Centrum, Krokslätt Södra;Kristdemokraterna;KD;37;3.18
2022;rd;14800427;Centrum, Krokslätt Södra;Liberalerna (tidigare Folkpartiet);L;89;7.65
2022;rd;14800427;Centrum, Krokslätt Södra;Moderaterna;M;388;33.33
2022;rd;14800427;Centrum, Krokslätt Södra;Medborgerlig Samling;MED;4;0.34
2022;rd;14800427;Centrum, Krokslätt Södra;Miljöpartiet de gröna;MP;48;4.12
2022;rd;14800427;Centrum, Krokslätt Södra;Piratpartiet;PP;4;0.34
2022;rd;14800427;Centrum, Krokslätt Södra;Arbetarepartiet-Socialdemokraterna;S;237;20.36
2022;rd;14800427;Centrum, Krokslätt Södra;Sverigedemokraterna;SD;174;14.95
2022;rd;14800427;Centrum, Krokslätt Södra;Vänsterpartiet;V;76;6.53
2022;rd;14800427;Centrum, Krokslätt Södra;övriga anmälda partier;ÖVR;0;0.00
2022;rd;14800428;Centrum, Fredriksdal;Centerpartiet;C;54;8.54
2022;rd;14800428;Centrum, Fredriksdal;Feministiskt initiativ;FI;1;0.16
2022;rd;14800428;Centrum, Fredriksdal;Kristdemokraterna;KD;33;5.22
2022;rd;14800428;Centrum, Fredriksdal;Klimatalliansen;KLIMA;1;0.16
2022;rd;14800428;Centrum, Fredriksdal;Knapptryckarna;KNAPP;1;0.16
2022;rd;14800428;Centrum, Fredriksdal;Kristna Värdepartiet;KRVP;1;0.16
2022;rd;14800428;Centrum, Fredriksdal;Liberalerna (tidigare Folkpartiet);L;64;10.13
2022;rd;14800428;Centrum, Fredriksdal;Moderaterna;M;135;21.36
2022;rd;14800428;Centrum, Fredriksdal;Medborgerlig Samling;MED;1;0.16
2022;rd;14800428;Centrum, Fredriksdal;Miljöpartiet de gröna;MP;62;9.81
2022;rd;14800428;Centrum, Fredriksdal;Piratpartiet;PP;2;0.32
2022;rd;14800428;Centrum, Fredriksdal;Arbetarepartiet-Socialdemokraterna;S;138;21.84
2022;rd;14800428;Centrum, Fredriksdal;Sverigedemokraterna;SD;71;11.23
2022;rd;14800428;Centrum, Fredriksdal;Vänsterpartiet;V;68;10.76
2022;rd;14800428;Centrum, Fredriksdal;övriga anmälda partier;ÖVR;0;0.00
2022;rd;14800429;Centrum, Framnäs;Centerpartiet;C;40;4.65
2022;rd;14800429;Centrum, Framnäs;Kalle ankapartiet;KALLE;1;0.12
2022;rd;14800429;Centrum, Framnäs;Kristdemokraterna;KD;35;4.07
2022;rd;14800429;Centrum, Framnäs;Knapptryckarna;KNAPP;1;0.12
2022;rd;14800429;Centrum, Framnäs;Liberalerna (tidigare Folkpartiet);L;52;6.05
2022;rd;14800429;Centrum, Framnäs;Moderaterna;M;131;15.23
2022;rd;14800429;Centrum, Framnäs;Medborgerlig Samling;MED;2;0.23
2022;rd;14800429;Centrum, Framnäs;MoD;MOD;1;0.12
2022;rd;14800429;Centrum, Framnäs;Miljöpartiet de gröna;MP;71;8.26
2022;rd;14800429;Centrum, Framnäs;Partiet Nyans;NYANS;5;0.58
2022;rd;14800429;Centrum, Framnäs;Piratpartiet;PP;1;0.12
2022;rd;14800429;Centrum, Framnäs;Arbetarepartiet-Socialdemokraterna;S;264;30.70
2022;rd;14800429;Centrum, Framnäs;Sverigedemokraterna;SD;114;13.26
2022;rd;14800429;Centrum, Framnäs;SKP;SKP;1;0.12
2022;rd;14800429;Centrum, Framnäs;Vänsterpartiet;V;141;16.40
2022;rd;14800429;Centrum, Framnäs;övriga anmälda partier;ÖVR;0;0.00
2022;rd;14800430;Centrum, Mossen;Alternativ för Sverige;AFS;2;0.26
2022;rd;14800430;Centrum, Mossen;Centerpartiet;C;87;11.45
2022;rd;14800430;Centrum, Mossen;Direktdemokraterna;DD;2;0.26
2022;rd;14800430;Centrum, Mossen;Feministiskt initiativ;FI;1;0.13
2022;rd;14800430;Centrum, Mossen;Kristdemokraterna;KD;24;3.16
2022;rd;14800430;Centrum, Mossen;Klimatalliansen;KLIMA;1;0.13
2022;rd;14800430;Centrum, Mossen;Liberalerna (tidigare Folkpartiet);L;96;12.63
2022;rd;14800430;Centrum, Mossen;Moderaterna;M;147;19.34
2022;rd;14800430;Centrum, Mossen;Medborgerlig Samling;MED;3;0.39
2022;rd;14800430;Centrum, Mossen;MoD;MOD;1;0.13
2022;rd;14800430;Centrum, Mossen;Miljöpartiet de gröna;MP;79;10.39
2022;rd;14800430;Centrum, Mossen;Partiet Nyans;NYANS;1;0.13
2022;rd;14800430;Centrum, Mossen;Piratpartiet;PP;9;1.18
2022;rd;14800430;Centrum, Mossen;Arbetarepartiet-Socialdemokraterna;S;167;21.97
2022;rd;14800430;Centrum, Mossen;Sverigedemokraterna;SD;53;6.97
2022;rd;14800430;Centrum, Mossen;Vänsterpartiet;V;87;11.45
2022;rd;14800430;Centrum, Mossen;övriga anmälda partier;ÖVR;0;0.00
2022;rd;14800431;Centrum, Fridkullagatan m fl;Alternativ för Sverige;AFS;2;0.20
2022;rd;14800431;Centrum, Fridkullagatan m fl;Centerpartiet;C;76;7.76
2022;rd;14800431;Centrum, Fridkullagatan m fl;Direktdemokraterna;DD;1;0.10
2022;rd;14800431;Centrum, Fridkullagatan m fl;Enhet;ENH;1;0.10
2022;rd;14800431;Centrum, Fridkullagatan m fl;Feministiskt initiativ;FI;1;0.10
2022;rd;14800431;Centrum, Fridkullagatan m fl;Kristdemokraterna;KD;41;4.18
2022;rd;14800431;Centrum, Fridkullagatan m fl;Klimatalliansen;KLIMA;2;0.20
2022;rd;14800431;Centrum, Fridkullagatan m fl;Kristna Värdepartiet;KRVP;2;0.20
2022;rd;14800431;Centrum, Fridkullagatan m fl;Liberalerna (tidigare Folkpartiet);L;80;8.16
2022;rd;14800431;Centrum, Fridkullagatan m fl;Moderaterna;M;205;20.92
2022;rd;14800431;Centrum, Fridkullagatan m fl;Medborgerlig Samling;MED;3;0.31
2022;rd;14800431;Centrum, Fridkullagatan m fl;Miljöpartiet de gröna;MP;116;11.84
2022;rd;14800431;Centrum, Fridkullagatan m fl;Piratpartiet;PP;2;0.20
2022;rd;14800431;Centrum, Fridkullagatan m fl;Arbetarepartiet-Socialdemokraterna;S;223;22.76
2022;rd;14800431;Centrum, Fridkullagatan m fl;Sverigedemokraterna;SD;110;11.22
2022;rd;14800431;Centrum, Fridkullagatan m fl;Vänsterpartiet;V;115;11.73
2022;rd;14800431;Centrum, Fridkullagatan m fl;övriga anmälda partier;ÖVR;0;0.00
2022;rd;14800432;Centrum, Guldheden Östra;Alternativ för Sverige;AFS;4;0.44
2022;rd;14800432;Centrum, Guldheden Östra;Centerpartiet;C;64;7.10
2022;rd;14800432;Centrum, Guldheden Östra;Direktdemokraterna;DD;3;0.33
2022;rd;14800432;Centrum, Guldheden Östra;Kristdemokraterna;KD;36;3.99
2022;rd;14800432;Centrum, Guldheden Östra;Liberalerna (tidigare Folkpartiet);L;73;8.09
2022;rd;14800432;Centrum, Guldheden Östra;Moderaterna;M;134;14.86
2022;rd;14800432;Centrum, Guldheden Östra;Medborgerlig Samling;MED;5;0.55
2022;rd;14800432;Centrum, Guldheden Östra;MoD;MOD;1;0.11
2022;rd;14800432;Centrum, Guldheden Östra;Miljöpartiet de gröna;MP;134;14.86
2022;rd;14800432;Centrum, Guldheden Östra;Piratpartiet;PP;1;0.11
2022;rd;14800432;Centrum, Guldheden Östra;Arbetarepartiet-Socialdemokraterna;S;274;30.38
2022;rd;14800432;Centrum, Guldheden Östra;Sverigedemokraterna;SD;71;7.87
2022;rd;14800432;Centrum, Guldheden Östra;Vänsterpartiet;V;101;11.20
2022;rd;14800432;Centrum, Guldheden Östra;Partiet Vändpunkt;VÄND;1;0.11
2022;rd;14800432;Centrum, Guldheden Östra;övriga anmälda partier;ÖVR;0;0.00
2022;rd;14800433;Centrum, Doktor Forselius Backe m fl;Alternativ för Sverige;AFS;2;0.28
2022;rd;14800433;Centrum, Doktor Forselius Backe m fl;Centerpartiet;C;41;5.82
2022;rd;14800433;Centrum, Doktor Forselius Backe m fl;Direktdemokraterna;DD;1;0.14
2022;rd;14800433;Centrum, Doktor Forselius Backe m fl;Kristdemokraterna;KD;14;1.99
2022;rd;14800433;Centrum, Doktor Forselius Backe m fl;Knapptryckarna;KNAPP;2;0.28
2022;rd;14800433;Centrum, Doktor Forselius Backe m fl;Kristna Värdepartiet;KRVP;2;0.28
2022;rd;14800433;Centrum, Doktor Forselius Backe m fl;Liberalerna (tidigare Folkpartiet);L;39;5.54
2022;rd;14800433;Centrum, Doktor Forselius Backe m fl;Moderaterna;M;75;10.65
2022;rd;14800433;Centrum, Doktor Forselius Backe m fl;Medborgerlig Samling;MED;3;0.43
2022;rd;14800433;Centrum, Doktor Forselius Backe m fl;MoD;MOD;1;0.14
2022;rd;14800433;Centrum, Doktor Forselius Backe m fl;Miljöpartiet de gröna;MP;91;12.93
2022;rd;14800433;Centrum, Doktor Forselius Backe m fl;Piratpartiet;PP;3;0.43
2022;rd;14800433;Centrum, Doktor Forselius Backe m fl;Arbetarepartiet-Socialdemokraterna;S;196;27.84
2022;rd;14800433;Centrum, Doktor Forselius Backe m fl;Sverigedemokraterna;SD;83;11.79
2022;rd;14800433;Centrum, Doktor Forselius Backe m fl;Vänsterpartiet;V;151;21.45
2022;rd;14800433;Centrum, Doktor Forselius Backe m fl;övriga anmälda partier;ÖVR;0;0.00
2022;rd;14800434;Centrum, Guldheden Södra;Alternativ för Sverige;AFS;3;0.35
2022;rd;14800434;Centrum, Guldheden Södra;Centerpartiet;C;34;3.97
2022;rd;14800434;Centrum, Guldheden Södra;Feministiskt initiativ;FI;3;0.35
2022;rd;14800434;Centrum, Guldheden Södra;Kristdemokraterna;KD;18;2.10
2022;rd;14800434;Centrum, Guldheden Södra;Kristna Värdepartiet;KRVP;1;0.12
2022;rd;14800434;Centrum, Guldheden Södra;Liberalerna (tidigare Folkpartiet);L;42;4.91
2022;rd;14800434;Centrum, Guldheden Södra;Moderaterna;M;93;10.86
2022;rd;14800434;Centrum, Guldheden Södra;Medborgerlig Samling;MED;2;0.23
2022;rd;14800434;Centrum, Guldheden Södra;MoD;MOD;2;0.23
2022;rd;14800434;Centrum, Guldheden Södra;Miljöpartiet de gröna;MP;101;11.80
2022;rd;14800434;Centrum, Guldheden Södra;Nordiska motståndsrörelsen;NMR;1;0.12
2022;rd;14800434;Centrum, Guldheden Södra;Piratpartiet;PP;9;1.05
2022;rd;14800434;Centrum, Guldheden Södra;Arbetarepartiet-Socialdemokraterna;S;262;30.61
2022;rd;14800434;Centrum, Guldheden Södra;Sverigedemokraterna;SD;117;13.67
2022;rd;14800434;Centrum, Guldheden Södra;Vänsterpartiet;V;168;19.63
2022;rd;14800434;Centrum, Guldheden Södra;övriga anmälda partier;ÖVR;0;0.00
2022;rd;14800435;Centrum, Guldheden Vattentornet;Alternativ för Sverige;AFS;6;0.70
2022;rd;14800435;Centrum, Guldheden Vattentornet;Basinkomstpartiet;BASIP;1;0.12
2022;rd;14800435;Centrum, Guldheden Vattentornet;Centerpartiet;C;35;4.08
2022;rd;14800435;Centrum, Guldheden Vattentornet;Enhet;ENH;2;0.23
2022;rd;14800435;Centrum, Guldheden Vattentornet;Kristdemokraterna;KD;31;3.61
2022;rd;14800435;Centrum, Guldheden Vattentornet;Klimatalliansen;KLIMA;1;0.12
2022;rd;14800435;Centrum, Guldheden Vattentornet;Liberalerna (tidigare Folkpartiet);L;48;5.59
2022;rd;14800435;Centrum, Guldheden Vattentornet;Moderaterna;M;110;12.82
2022;rd;14800435;Centrum, Guldheden Vattentornet;Medborgerlig Samling;MED;8;0.93
2022;rd;14800435;Centrum, Guldheden Vattentornet;MoD;MOD;2;0.23
2022;rd;14800435;Centrum, Guldheden Vattentornet;Miljöpartiet de gröna;MP;112;13.05
2022;rd;14800435;Centrum, Guldheden Vattentornet;Partiet Nyans;NYANS;3;0.35
2022;rd;14800435;Centrum, Guldheden Vattentornet;Piratpartiet;PP;1;0.12
2022;rd;14800435;Centrum, Guldheden Vattentornet;Arbetarepartiet-Socialdemokraterna;S;244;28.44
2022;rd;14800435;Centrum, Guldheden Vattentornet;Sverigedemokraterna;SD;118;13.75
2022;rd;14800435;Centrum, Guldheden Vattentornet;SKP;SKP;1;0.12
2022;rd;14800435;Centrum, Guldheden Vattentornet;Vänsterpartiet;V;135;15.73
2022;rd;14800435;Centrum, Guldheden Vattentornet;övriga anmälda partier;ÖVR;0;0.00
2022;rd;14800436;Centrum, Doktor Fries Torg;Alternativ för Sverige;AFS;4;0.45
2022;rd;14800436;Centrum, Doktor Fries Torg;Centerpartiet;C;85;9.54
2022;rd;14800436;Centrum, Doktor Fries Torg;Direktdemokraterna;DD;1;0.11
2022;rd;14800436;Centrum, Doktor Fries Torg;Enhet;ENH;1;0.11
2022;rd;14800436;Centrum, Doktor Fries Torg;Kristdemokraterna;KD;32;3.59
2022;rd;14800436;Centrum, Doktor Fries Torg;Klimatalliansen;KLIMA;1;0.11
2022;rd;14800436;Centrum, Doktor Fries Torg;Knapptryckarna;KNAPP;1;0.11
2022;rd;14800436;Centrum, Doktor Fries Torg;Kristna Värdepartiet;KRVP;4;0.45
2022;rd;14800436;Centrum, Doktor Fries Torg;Liberalerna (tidigare Folkpartiet);L;52;5.84
2022;rd;14800436;Centrum, Doktor Fries Torg;Moderaterna;M;69;7.74
2022;rd;14800436;Centrum, Doktor Fries Torg;Medborgerlig Samling;MED;5;0.56
2022;rd;14800436;Centrum, Doktor Fries Torg;Miljöpartiet de gröna;MP;136;15.26
2022;rd;14800436;Centrum, Doktor Fries Torg;Piratpartiet;PP;2;0.22
2022;rd;14800436;Centrum, Doktor Fries Torg;Arbetarepartiet-Socialdemokraterna;S;275;30.86
2022;rd;14800436;Centrum, Doktor Fries Torg;Sverigedemokraterna;SD;90;10.10
2022;rd;14800436;Centrum, Doktor Fries Torg;Vänsterpartiet;V;133;14.93
2022;rd;14800436;Centrum, Doktor Fries Torg;övriga anmälda partier;ÖVR;0;0.00
2022;rd;14800437;Centrum, Guldheden Västra;Alternativ för Sverige;AFS;7;0.77
2022;rd;14800437;Centrum, Guldheden Västra;Centerpartiet;C;36;3.98
2022;rd;14800437;Centrum, Guldheden Västra;Feministiskt initiativ;FI;2;0.22
2022;rd;14800437;Centrum, Guldheden Västra;Kristdemokraterna;KD;36;3.98
2022;rd;14800437;Centrum, Guldheden Västra;Knapptryckarna;KNAPP;1;0.11
2022;rd;14800437;Centrum, Guldheden Västra;Kristna Värdepartiet;KRVP;2;0.22
2022;rd;14800437;Centrum, Guldheden Västra;Liberalerna (tidigare Folkpartiet);L;48;5.31
2022;rd;14800437;Centrum, Guldheden Västra;Moderaterna;M;93;10.29
2022;rd;14800437;Centrum, Guldheden Västra;Medborgerlig Samling;MED;4;0.44
2022;rd;14800437;Centrum, Guldheden Västra;MoD;MOD;1;0.11
2022;rd;14800437;Centrum, Guldheden Västra;Miljöpartiet de gröna;MP;96;10.62
2022;rd;14800437;Centrum, Guldheden Västra;Partiet Nyans;NYANS;2;0.22
2022;rd;14800437;Centrum, Guldheden Västra;Piratpartiet;PP;1;0.11
2022;rd;14800437;Centrum, Guldheden Västra;Arbetarepartiet-Socialdemokraterna;S;287;31.75
2022;rd;14800437;Centrum, Guldheden Västra;Sverigedemokraterna;SD;106;11.73
2022;rd;14800437;Centrum, Guldheden Västra;Vänsterpartiet;V;182;20.13
2022;rd;14800437;Centrum, Guldheden Västra;övriga anmälda partier;ÖVR;0;0.00
2022;rd;14800438;Centrum, Guldheden Norra;Alternativ för Sverige;AFS;1;0.10
2022;rd;14800438;Centrum, Guldheden Norra;Centerpartiet;C;84;8.33
2022;rd;14800438;Centrum, Guldheden Norra;Enhet;ENH;1;0.10
2022;rd;14800438;Centrum, Guldheden Norra;Feministiskt initiativ;FI;2;0.20
2022;rd;14800438;Centrum, Guldheden Norra;Kristdemokraterna;KD;27;2.68
2022;rd;14800438;Centrum, Guldheden Norra;Klassiskt liberala partiet;KLP;1;0.10
2022;rd;14800438;Centrum, Guldheden Norra;Liberalerna (tidigare Folkpartiet);L;111;11.00
2022;rd;14800438;Centrum, Guldheden Norra;Moderaterna;M;190;18.83
2022;rd;14800438;Centrum, Guldheden Norra;Medborgerlig Samling;MED;4;0.40
2022;rd;14800438;Centrum, Guldheden Norra;Miljöpartiet de gröna;MP;162;16.06
2022;rd;14800438;Centrum, Guldheden Norra;Piratpartiet;PP;2;0.20
2022;rd;14800438;Centrum, Guldheden Norra;Arbetarepartiet-Socialdemokraterna;S;232;22.99
2022;rd;14800438;Centrum, Guldheden Norra;Sverigedemokraterna;SD;80;7.93
2022;rd;14800438;Centrum, Guldheden Norra;Vänsterpartiet;V;112;11.10
2022;rd;14800438;Centrum, Guldheden Norra;övriga anmälda partier;ÖVR;0;0.00
2022;rd;14800439;Centrum, Landala Egnahem;Centerpartiet;C;117;11.28
2022;rd;14800439;Centrum, Landala Egnahem;Direktdemokraterna;DD;1;0.10
2022;rd;14800439;Centrum, Landala Egnahem;Feministiskt initiativ;FI;1;0.10
2022;rd;14800439;Centrum, Landala Egnahem;Kristdemokraterna;KD;30;2.89
2022;rd;14800439;Centrum, Landala Egnahem;Liberalerna (tidigare Folkpartiet);L;107;10.32
2022;rd;14800439;Centrum, Landala Egnahem;Moderaterna;M;179;17.26
2022;rd;14800439;Centrum, Landala Egnahem;Medborgerlig Samling;MED;5;0.48
2022;rd;14800439;Centrum, Landala Egnahem;MoD;MOD;2;0.19
2022;rd;14800439;Centrum, Landala Egnahem;Miljöpartiet de gröna;MP;144;13.89
2022;rd;14800439;Centrum, Landala Egnahem;Piratpartiet;PP;3;0.29
2022;rd;14800439;Centrum, Landala Egnahem;Arbetarepartiet-Socialdemokraterna;S;265;25.55
2022;rd;14800439;Centrum, Landala Egnahem;Sverigedemokraterna;SD;65;6.27
2022;rd;14800439;Centrum, Landala Egnahem;Vänsterpartiet;V;118;11.38
2022;rd;14800439;Centrum, Landala Egnahem;övriga anmälda partier;ÖVR;0;0.00
2022;rd;14800440;Centrum, Landalagången m fl;Alternativ för Sverige;AFS;3;0.39
2022;rd;14800440;Centrum, Landalagången m fl;Centerpartiet;C;40;5.22
2022;rd;14800440;Centrum, Landalagången m fl;Kristdemokraterna;KD;24;3.13
2022;rd;14800440;Centrum, Landalagången m fl;Kristna Värdepartiet;KRVP;2;0.26
2022;rd;14800440;Centrum, Landalagången m fl;Liberalerna (tidigare Folkpartiet);L;48;6.27
2022;rd;14800440;Centrum, Landalagången m fl;Moderaterna;M;104;13.58
2022;rd;14800440;Centrum, Landalagången m fl;Medborgerlig Samling;MED;3;0.39
2022;rd;14800440;Centrum, Landalagången m fl;MoD;MOD;1;0.13
2022;rd;14800440;Centrum, Landalagången m fl;Miljöpartiet de gröna;MP;82;10.70
2022;rd;14800440;Centrum, Landalagången m fl;Partiet Nyans;NYANS;1;0.13
2022;rd;14800440;Centrum, Landalagången m fl;Piratpartiet;PP;1;0.13
2022;rd;14800440;Centrum, Landalagången m fl;Arbetarepartiet-Socialdemokraterna;S;226;29.50
2022;rd;14800440;Centrum, Landalagången m fl;Sverigedemokraterna;SD;93;12.14
2022;rd;14800440;Centrum, Landalagången m fl;Vänsterpartiet;V;138;18.02
2022;rd;14800440;Centrum, Landalagången m fl;övriga anmälda partier;ÖVR;0;0.00
2022;rd;14800441;Centrum, Johanneberg Västra;Alternativ för Sverige;AFS;2;0.25
2022;rd;14800441;Centrum, Johanneberg Västra;Centerpartiet;C;92;11.40
2022;rd;14800441;Centrum, Johanneberg Västra;Kristdemokraterna;KD;37;4.58
2022;rd;14800441;Centrum, Johanneberg Västra;Liberalerna (tidigare Folkpartiet);L;99;12.27
2022;rd;14800441;Centrum, Johanneberg Västra;Moderaterna;M;154;19.08
2022;rd;14800441;Centrum, Johanneberg Västra;Medborgerlig Samling;MED;6;0.74
2022;rd;14800441;Centrum, Johanneberg Västra;Miljöpartiet de gröna;MP;71;8.80
2022;rd;14800441;Centrum, Johanneberg Västra;Piratpartiet;PP;6;0.74
2022;rd;14800441;Centrum, Johanneberg Västra;Arbetarepartiet-Socialdemokraterna;S;166;20.57
2022;rd;14800441;Centrum, Johanneberg Västra;Sverigedemokraterna;SD;76;9.42
2022;rd;14800441;Centrum, Johanneberg Västra;SKP;SKP;1;0.12
2022;rd;14800441;Centrum, Johanneberg Västra;Stram Kurs Sverige;SKS;1;0.12
2022;rd;14800441;Centrum, Johanneberg Västra;Vänsterpartiet;V;96;11.90
2022;rd;14800441;Centrum, Johanneberg Västra;övriga anmälda partier;ÖVR;0;0.00
2022;rd;14800442;Centrum, Johanneberg Nedre;Alternativ för Sverige;AFS;2;0.23
2022;rd;14800442;Centrum, Johanneberg Nedre;Centerpartiet;C;71;8.24
2022;rd;14800442;Centrum, Johanneberg Nedre;Kristdemokraterna;KD;43;4.99
2022;rd;14800442;Centrum, Johanneberg Nedre;Klimatalliansen;KLIMA;1;0.12
2022;rd;14800442;Centrum, Johanneberg Nedre;Liberalerna (tidigare Folkpartiet);L;102;11.83
2022;rd;14800442;Centrum, Johanneberg Nedre;Moderaterna;M;277;32.13
2022;rd;14800442;Centrum, Johanneberg Nedre;Medborgerlig Samling;MED;3;0.35
2022;rd;14800442;Centrum, Johanneberg Nedre;MoD;MOD;1;0.12
2022;rd;14800442;Centrum, Johanneberg Nedre;Miljöpartiet de gröna;MP;48;5.57
2022;rd;14800442;Centrum, Johanneberg Nedre;Nordiska motståndsrörelsen;NMR;1;0.12
2022;rd;14800442;Centrum, Johanneberg Nedre;Piratpartiet;PP;2;0.23
2022;rd;14800442;Centrum, Johanneberg Nedre;Arbetarepartiet-Socialdemokraterna;S;171;19.84
2022;rd;14800442;Centrum, Johanneberg Nedre;Sverigedemokraterna;SD;88;10.21
2022;rd;14800442;Centrum, Johanneberg Nedre;Vänsterpartiet;V;52;6.03
2022;rd;14800442;Centrum, Johanneberg Nedre;övriga anmälda partier;ÖVR;0;0.00
2022;rd;14800443;Centrum, Lorensberg;Centerpartiet;C;57;6.71
2022;rd;14800443;Centrum, Lorensberg;Enhet;ENH;1;0.12
2022;rd;14800443;Centrum, Lorensberg;Feministiskt initiativ;FI;1;0.12
2022;rd;14800443;Centrum, Lorensberg;Kristdemokraterna;KD;58;6.82
2022;rd;14800443;Centrum, Lorensberg;Kristna Värdepartiet;KRVP;1;0.12
2022;rd;14800443;Centrum, Lorensberg;Liberalerna (tidigare Folkpartiet);L;88;10.35
2022;rd;14800443;Centrum, Lorensberg;Moderaterna;M;245;28.82
2022;rd;14800443;Centrum, Lorensberg;Medborgerlig Samling;MED;5;0.59
2022;rd;14800443;Centrum, Lorensberg;MoD;MOD;1;0.12
2022;rd;14800443;Centrum, Lorensberg;Miljöpartiet de gröna;MP;61;7.18
2022;rd;14800443;Centrum, Lorensberg;Arbetarepartiet-Socialdemokraterna;S;161;18.94
2022;rd;14800443;Centrum, Lorensberg;Sverigedemokraterna;SD;115;13.53
2022;rd;14800443;Centrum, Lorensberg;Vänsterpartiet;V;56;6.59
2022;rd;14800443;Centrum, Lorensberg;övriga anmälda partier;ÖVR;0;0.00
2022;rd;14800444;Centrum, Vasastaden Södra;Alternativ för Sverige;AFS;1;0.11
2022;rd;14800444;Centrum, Vasastaden Södra;Centerpartiet;C;82;9.09
2022;rd;14800444;Centrum, Vasastaden Södra;Feministiskt initiativ;FI;1;0.11
2022;rd;14800444;Centrum, Vasastaden Södra;Kristdemokraterna;KD;47;5.21
2022;rd;14800444;Centrum, Vasastaden Södra;Knapptryckarna;KNAPP;2;0.22
2022;rd;14800444;Centrum, Vasastaden Södra;Liberalerna (tidigare Folkpartiet);L;78;8.65
2022;rd;14800444;Centrum, Vasastaden Södra;Moderaterna;M;234;25.94
2022;rd;14800444;Centrum, Vasastaden Södra;Medborgerlig Samling;MED;2;0.22
2022;rd;14800444;Centrum, Vasastaden Södra;MoD;MOD;5;0.55
2022;rd;14800444;Centrum, Vasastaden Södra;Miljöpartiet de gröna;MP;81;8.98
2022;rd;14800444;Centrum, Vasastaden Södra;Partiet Nyans;NYANS;2;0.22
2022;rd;14800444;Centrum, Vasastaden Södra;Piratpartiet;PP;1;0.11
2022;rd;14800444;Centrum, Vasastaden Södra;Arbetarepartiet-Socialdemokraterna;S;187;20.73
2022;rd;14800444;Centrum, Vasastaden Södra;Sverigedemokraterna;SD;111;12.31
2022;rd;14800444;Centrum, Vasastaden Södra;Vänsterpartiet;V;68;7.54
2022;rd;14800444;Centrum, Vasastaden Södra;övriga anmälda partier;ÖVR;0;0.00
2022;rd;14800445;Centrum, Kapellplatsen;Alternativ för Sverige;AFS;6;0.78
2022;rd;14800445;Centrum, Kapellplatsen;Centerpartiet;C;25;3.24
2022;rd;14800445;Centrum, Kapellplatsen;Enhet;ENH;1;0.13
2022;rd;14800445;Centrum, Kapellplatsen;Feministiskt initiativ;FI;2;0.26
2022;rd;14800445;Centrum, Kapellplatsen;Kristdemokraterna;KD;27;3.50
2022;rd;14800445;Centrum, Kapellplatsen;Knapptryckarna;KNAPP;1;0.13
2022;rd;14800445;Centrum, Kapellplatsen;Liberalerna (tidigare Folkpartiet);L;50;6.49
2022;rd;14800445;Centrum, Kapellplatsen;Moderaterna;M;126;16.34
2022;rd;14800445;Centrum, Kapellplatsen;Medborgerlig Samling;MED;3;0.39
2022;rd;14800445;Centrum, Kapellplatsen;MoD;MOD;1;0.13
2022;rd;14800445;Centrum, Kapellplatsen;Miljöpartiet de gröna;MP;60;7.78
2022;rd;14800445;Centrum, Kapellplatsen;Nordiska motståndsrörelsen;NMR;1;0.13
2022;rd;14800445;Centrum, Kapellplatsen;Piratpartiet;PP;2;0.26
2022;rd;14800445;Centrum, Kapellplatsen;Arbetarepartiet-Socialdemokraterna;S;245;31.78
2022;rd;14800445;Centrum, Kapellplatsen;Sverigedemokraterna;SD;100;12.97
2022;rd;14800445;Centrum, Kapellplatsen;SKP;SKP;2;0.26
2022;rd;14800445;Centrum, Kapellplatsen;Vänsterpartiet;V;119;15.43
2022;rd;14800445;Centrum, Kapellplatsen;övriga anmälda partier;ÖVR;0;0.00
2022;rd;14800446;Centrum, Landalabergen m fl;Alternativ för Sverige;AFS;3;0.34
2022;rd;14800446;Centrum, Landalabergen m fl;Centerpartiet;C;43;4.86
2022;rd;14800446;Centrum, Landalabergen m fl;Kristdemokraterna;KD;34;3.84
2022;rd;14800446;Centrum, Landalabergen m fl;Knapptryckarna;KNAPP;1;0.11
2022;rd;14800446;Centrum, Landalabergen m fl;Kristna Värdepartiet;KRVP;1;0.11
2022;rd;14800446;Centrum, Landalabergen m fl;Liberalerna (tidigare Folkpartiet);L;48;5.42
2022;rd;14800446;Centrum, Landalabergen m fl;Moderaterna;M;131;14.80
2022;rd;14800446;Centrum, Landalabergen m fl;Medborgerlig Samling;MED;1;0.11
2022;rd;14800446;Centrum, Landalabergen m fl;Miljöpartiet de gröna;MP;76;8.59
2022;rd;14800446;Centrum, Landalabergen m fl;Partiet Nyans;NYANS;2;0.23
2022;rd;14800446;Centrum, Landalabergen m fl;Piratpartiet;PP;3;0.34
2022;rd;14800446;Centrum, Landalabergen m fl;Arbetarepartiet-Socialdemokraterna;S;275;31.07
2022;rd;14800446;Centrum, Landalabergen m fl;Sverigedemokraterna;SD;129;14.58
2022;rd;14800446;Centrum, Landalabergen m fl;Vänsterpartiet;V;138;15.59
2022;rd;14800446;Centrum, Landalabergen m fl;övriga anmälda partier;ÖVR;0;0.00
2022;rd;14800447;Centrum, Fogelbergsparken;Alternativ för Sverige;AFS;1;0.11
2022;rd;14800447;Centrum, Fogelbergsparken;Centerpartiet;C;76;8.36
2022;rd;14800447;Centrum, Fogelbergsparken;Kristdemokraterna;KD;35;3.85
2022;rd;14800447;Centrum, Fogelbergsparken;Liberalerna (tidigare Folkpartiet);L;94;10.34
2022;rd;14800447;Centrum, Fogelbergsparken;Moderaterna;M;228;25.08
2022;rd;14800447;Centrum, Fogelbergsparken;Medborgerlig Samling;MED;1;0.11
2022;rd;14800447;Centrum, Fogelbergsparken;MoD;MOD;2;0.22
2022;rd;14800447;Centrum, Fogelbergsparken;Miljöpartiet de gröna;MP;85;9.35
2022;rd;14800447;Centrum, Fogelbergsparken;Partiet Nyans;NYANS;1;0.11
2022;rd;14800447;Centrum, Fogelbergsparken;Piratpartiet;PP;1;0.11
2022;rd;14800447;Centrum, Fogelbergsparken;Arbetarepartiet-Socialdemokraterna;S;216;23.76
2022;rd;14800447;Centrum, Fogelbergsparken;Sverigedemokraterna;SD;88;9.68
2022;rd;14800447;Centrum, Fogelbergsparken;Vänsterpartiet;V;81;8.91
2022;rd;14800447;Centrum, Fogelbergsparken;övriga anmälda partier;ÖVR;0;0.00
2022;rd;14800448;Centrum, Vasastaden Västra;Alternativ för Sverige;AFS;2;0.21
2022;rd;14800448;Centrum, Vasastaden Västra;Centerpartiet;C;72;7.43
2022;rd;14800448;Centrum, Vasastaden Västra;Kristdemokraterna;KD;52;5.37
2022;rd;14800448;Centrum, Vasastaden Västra;Kristna Värdepartiet;KRVP;2;0.21
2022;rd;14800448;Centrum, Vasastaden Västra;Liberalerna (tidigare Folkpartiet);L;70;7.22
2022;rd;14800448;Centrum, Vasastaden Västra;Landsbygdspartiet Oberoende;LPO;1;0.10
2022;rd;14800448;Centrum, Vasastaden Västra;Moderaterna;M;271;27.97
2022;rd;14800448;Centrum, Vasastaden Västra;Medborgerlig Samling;MED;1;0.10
2022;rd;14800448;Centrum, Vasastaden Västra;Miljöpartiet de gröna;MP;103;10.63
2022;rd;14800448;Centrum, Vasastaden Västra;Piratpartiet;PP;3;0.31
2022;rd;14800448;Centrum, Vasastaden Västra;Arbetarepartiet-Socialdemokraterna;S;185;19.09
2022;rd;14800448;Centrum, Vasastaden Västra;Sverigedemokraterna;SD;118;12.18
2022;rd;14800448;Centrum, Vasastaden Västra;Vänsterpartiet;V;88;9.08
2022;rd;14800448;Centrum, Vasastaden Västra;Volt Sverige;VOLT;1;0.10
2022;rd;14800448;Centrum, Vasastaden Västra;övriga anmälda partier;ÖVR;0;0.00
2022;rd;14800449;Centrum, Vasastaden Östra;Alternativ för Sverige;AFS;2;0.22
2022;rd;14800449;Centrum, Vasastaden Östra;Centerpartiet;C;59;6.40
2022;rd;14800449;Centrum, Vasastaden Östra;Feministiskt initiativ;FI;2;0.22
2022;rd;14800449;Centrum, Vasastaden Östra;Kristdemokraterna;KD;55;5.97
2022;rd;14800449;Centrum, Vasastaden Östra;Liberalerna (tidigare Folkpartiet);L;99;10.74
2022;rd;14800449;Centrum, Vasastaden Östra;Moderaterna;M;305;33.08
2022;rd;14800449;Centrum, Vasastaden Östra;Medborgerlig Samling;MED;2;0.22
2022;rd;14800449;Centrum, Vasastaden Östra;Miljöpartiet de gröna;MP;54;5.86
2022;rd;14800449;Centrum, Vasastaden Östra;Piratpartiet;PP;3;0.33
2022;rd;14800449;Centrum, Vasastaden Östra;Arbetarepartiet-Socialdemokraterna;S;156;16.92
2022;rd;14800449;Centrum, Vasastaden Östra;Sverigedemokraterna;SD;140;15.18
2022;rd;14800449;Centrum, Vasastaden Östra;Vänsterpartiet;V;45;4.88
2022;rd;14800449;Centrum, Vasastaden Östra;övriga anmälda partier;ÖVR;0;0.00
2022;rd;14800450;Centrum, Valand;Alternativ för Sverige;AFS;2;0.23
2022;rd;14800450;Centrum, Valand;Centerpartiet;C;49;5.59
2022;rd;14800450;Centrum, Valand;Direktdemokraterna;DD;1;0.11
2022;rd;14800450;Centrum, Valand;Feministiskt initiativ;FI;1;0.11
2022;rd;14800450;Centrum, Valand;Kristdemokraterna;KD;52;5.93
2022;rd;14800450;Centrum, Valand;Liberalerna (tidigare Folkpartiet);L;77;8.78
2022;rd;14800450;Centrum, Valand;Moderaterna;M;294;33.52
2022;rd;14800450;Centrum, Valand;Medborgerlig Samling;MED;2;0.23
2022;rd;14800450;Centrum, Valand;MoD;MOD;1;0.11
2022;rd;14800450;Centrum, Valand;Miljöpartiet de gröna;MP;59;6.73
2022;rd;14800450;Centrum, Valand;Partiet Nyans;NYANS;1;0.11
2022;rd;14800450;Centrum, Valand;Piratpartiet;PP;1;0.11
2022;rd;14800450;Centrum, Valand;Arbetarepartiet-Socialdemokraterna;S;132;15.05
2022;rd;14800450;Centrum, Valand;Sverigedemokraterna;SD;157;17.90
2022;rd;14800450;Centrum, Valand;Vänsterpartiet;V;48;5.47
2022;rd;14800450;Centrum, Valand;övriga anmälda partier;ÖVR;0;0.00
2022;rd;14800451;Centrum, Vasastaden Norra;Alternativ för Sverige;AFS;5;0.62
2022;rd;14800451;Centrum, Vasastaden Norra;Centerpartiet;C;72;8.86
2022;rd;14800451;Centrum, Vasastaden Norra;Kristdemokraterna;KD;53;6.52
2022;rd;14800451;Centrum, Vasastaden Norra;Klimatalliansen;KLIMA;1;0.12
2022;rd;14800451;Centrum, Vasastaden Norra;Knapptryckarna;KNAPP;2;0.25
2022;rd;14800451;Centrum, Vasastaden Norra;Kristna Värdepartiet;KRVP;3;0.37
2022;rd;14800451;Centrum, Vasastaden Norra;Liberalerna (tidigare Folkpartiet);L;78;9.59
2022;rd;14800451;Centrum, Vasastaden Norra;Moderaterna;M;204;25.09
2022;rd;14800451;Centrum, Vasastaden Norra;Medborgerlig Samling;MED;6;0.74
2022;rd;14800451;Centrum, Vasastaden Norra;Miljöpartiet de gröna;MP;60;7.38
2022;rd;14800451;Centrum, Vasastaden Norra;Arbetarepartiet-Socialdemokraterna;S;155;19.07
2022;rd;14800451;Centrum, Vasastaden Norra;Sverigedemokraterna;SD;113;13.90
2022;rd;14800451;Centrum, Vasastaden Norra;Vänsterpartiet;V;61;7.50
2022;rd;14800451;Centrum, Vasastaden Norra;övriga anmälda partier;ÖVR;0;0.00
2022;rd;14800501;Västra Centrum, Långgatorna;Alternativ för Sverige;AFS;1;0.12
2022;rd;14800501;Västra Centrum, Långgatorna;Centerpartiet;C;58;6.99
2022;rd;14800501;Västra Centrum, Långgatorna;Kristdemokraterna;KD;25;3.01
2022;rd;14800501;Västra Centrum, Långgatorna;Klimatalliansen;KLIMA;3;0.36
2022;rd;14800501;Västra Centrum, Långgatorna;Knapptryckarna;KNAPP;3;0.36
2022;rd;14800501;Västra Centrum, Långgatorna;Liberalerna (tidigare Folkpartiet);L;66;7.95
2022;rd;14800501;Västra Centrum, Långgatorna;Moderaterna;M;170;20.48
2022;rd;14800501;Västra Centrum, Långgatorna;Medborgerlig Samling;MED;2;0.24
2022;rd;14800501;Västra Centrum, Långgatorna;MoD;MOD;1;0.12
2022;rd;14800501;Västra Centrum, Långgatorna;Miljöpartiet de gröna;MP;107;12.89
2022;rd;14800501;Västra Centrum, Långgatorna;Partiet Nyans;NYANS;1;0.12
2022;rd;14800501;Västra Centrum, Långgatorna;Arbetarepartiet-Socialdemokraterna;S;185;22.29
2022;rd;14800501;Västra Centrum, Långgatorna;Sverigedemokraterna;SD;82;9.88
2022;rd;14800501;Västra Centrum, Långgatorna;Vänsterpartiet;V;126;15.18
2022;rd;14800501;Västra Centrum, Långgatorna;övriga anmälda partier;ÖVR;0;0.00
2022;rd;14800502;Västra Centrum, Masthuggstorget;Alternativ för Sverige;AFS;3;0.29
2022;rd;14800502;Västra Centrum, Masthuggstorget;Centerpartiet;C;76;7.35
2022;rd;14800502;Västra Centrum, Masthuggstorget;Direktdemokraterna;DD;2;0.19
2022;rd;14800502;Västra Centrum, Masthuggstorget;Feministiskt initiativ;FI;1;0.10
2022;rd;14800502;Västra Centrum, Masthuggstorget;Kalle ankapartiet;KALLE;1;0.10
2022;rd;14800502;Västra Centrum, Masthuggstorget;Kristdemokraterna;KD;21;2.03
2022;rd;14800502;Västra Centrum, Masthuggstorget;Liberalerna (tidigare Folkpartiet);L;83;8.03
2022;rd;14800502;Västra Centrum, Masthuggstorget;Moderaterna;M;204;19.73
2022;rd;14800502;Västra Centrum, Masthuggstorget;Medborgerlig Samling;MED;3;0.29
2022;rd;14800502;Västra Centrum, Masthuggstorget;Miljöpartiet de gröna;MP;85;8.22
2022;rd;14800502;Västra Centrum, Masthuggstorget;Piratpartiet;PP;2;0.19
2022;rd;14800502;Västra Centrum, Masthuggstorget;Arbetarepartiet-Socialdemokraterna;S;248;23.98
2022;rd;14800502;Västra Centrum, Masthuggstorget;Sverigedemokraterna;SD;144;13.93
2022;rd;14800502;Västra Centrum, Masthuggstorget;SKP;SKP;2;0.19
2022;rd;14800502;Västra Centrum, Masthuggstorget;Stram Kurs Sverige;SKS;1;0.10
2022;rd;14800502;Västra Centrum, Masthuggstorget;Vänsterpartiet;V;157;15.18
2022;rd;14800502;Västra Centrum, Masthuggstorget;övriga anmälda partier;ÖVR;1;0.10
2022;rd;14800503;Västra Centrum, Stigberget;Alternativ för Sverige;AFS;2;0.22
2022;rd;14800503;Västra Centrum, Stigberget;Centerpartiet;C;43;4.83
2022;rd;14800503;Västra Centrum, Stigberget;Feministiskt initiativ;FI;1;0.11
2022;rd;14800503;Västra Centrum, Stigberget;Kristdemokraterna;KD;16;1.80
2022;rd;14800503;Västra Centrum, Stigberget;Klimatalliansen;KLIMA;1;0.11
2022;rd;14800503;Västra Centrum, Stigberget;Knapptryckarna;KNAPP;1;0.11
2022;rd;14800503;Västra Centrum, Stigberget;Kristna Värdepartiet;KRVP;5;0.56
2022;rd;14800503;Västra Centrum, Stigberget;Liberalerna (tidigare Folkpartiet);L;40;4.49
2022;rd;14800503;Västra Centrum, Stigberget;Moderaterna;M;67;7.52
2022;rd;14800503;Västra Centrum, Stigberget;Medborgerlig Samling;MED;5;0.56
2022;rd;14800503;Västra Centrum, Stigberget;MoD;MOD;2;0.22
2022;rd;14800503;Västra Centrum, Stigberget;Miljöpartiet de gröna;MP;143;16.05
2022;rd;14800503;Västra Centrum, Stigberget;Piratpartiet;PP;1;0.11
2022;rd;14800503;Västra Centrum, Stigberget;Arbetarepartiet-Socialdemokraterna;S;225;25.25
2022;rd;14800503;Västra Centrum, Stigberget;Sverigedemokraterna;SD;86;9.65
2022;rd;14800503;Västra Centrum, Stigberget;Vänsterpartiet;V;253;28.40
2022;rd;14800503;Västra Centrum, Stigberget;övriga anmälda partier;ÖVR;0;0.00
2022;rd;14800504;Västra Centrum, Masthugget Övre;Alternativ för Sverige;AFS;6;0.58
2022;rd;14800504;Västra Centrum, Masthugget Övre;Centerpartiet;C;95;9.14
2022;rd;14800504;Västra Centrum, Masthugget Övre;Direktdemokraterna;DD;1;0.10
2022;rd;14800504;Västra Centrum, Masthugget Övre;Feministiskt initiativ;FI;1;0.10
2022;rd;14800504;Västra Centrum, Masthugget Övre;Kristdemokraterna;KD;21;2.02
2022;rd;14800504;Västra Centrum, Masthugget Övre;Klimatalliansen;KLIMA;1;0.10
2022;rd;14800504;Västra Centrum, Masthugget Övre;Knapptryckarna;KNAPP;2;0.19
2022;rd;14800504;Västra Centrum, Masthugget Övre;Liberalerna (tidigare Folkpartiet);L;52;5.00
2022;rd;14800504;Västra Centrum, Masthugget Övre;Landsbygdspartiet Oberoende;LPO;1;0.10
2022;rd;14800504;Västra Centrum, Masthugget Övre;Moderaterna;M;101;9.72
2022;rd;14800504;Västra Centrum, Masthugget Övre;Medborgerlig Samling;MED;4;0.38
2022;rd;14800504;Västra Centrum, Masthugget Övre;Miljöpartiet de gröna;MP;228;21.94
2022;rd;14800504;Västra Centrum, Masthugget Övre;Piratpartiet;PP;4;0.38
2022;rd;14800504;Västra Centrum, Masthugget Övre;Arbetarepartiet-Socialdemokraterna;S;268;25.79
2022;rd;14800504;Västra Centrum, Masthugget Övre;Sverigedemokraterna;SD;56;5.39
2022;rd;14800504;Västra Centrum, Masthugget Övre;Vänsterpartiet;V;198;19.06
2022;rd;14800504;Västra Centrum, Masthugget Övre;övriga anmälda partier;ÖVR;0;0.00
2022;rd;14800505;Västra Centrum, Masthugget Nedre;Alternativ för Sverige;AFS;5;0.51
2022;rd;14800505;Västra Centrum, Masthugget Nedre;Centerpartiet;C;44;4.48
2022;rd;14800505;Västra Centrum, Masthugget Nedre;Kristdemokraterna;KD;34;3.46
2022;rd;14800505;Västra Centrum, Masthugget Nedre;Kristna Värdepartiet;KRVP;2;0.20
2022;rd;14800505;Västra Centrum, Masthugget Nedre;Liberalerna (tidigare Folkpartiet);L;55;5.60
2022;rd;14800505;Västra Centrum, Masthugget Nedre;Moderaterna;M;126;12.82
2022;rd;14800505;Västra Centrum, Masthugget Nedre;Medborgerlig Samling;MED;3;0.31
2022;rd;14800505;Västra Centrum, Masthugget Nedre;MoD;MOD;1;0.10
2022;rd;14800505;Västra Centrum, Masthugget Nedre;Miljöpartiet de gröna;MP;165;16.79
2022;rd;14800505;Västra Centrum, Masthugget Nedre;Partiet Nyans;NYANS;1;0.10
2022;rd;14800505;Västra Centrum, Masthugget Nedre;Arbetarepartiet-Socialdemokraterna;S;279;28.38
2022;rd;14800505;Västra Centrum, Masthugget Nedre;Sverigedemokraterna;SD;82;8.34
2022;rd;14800505;Västra Centrum, Masthugget Nedre;Vänsterpartiet;V;186;18.92
2022;rd;14800505;Västra Centrum, Masthugget Nedre;övriga anmälda partier;ÖVR;0;0.00
2022;rd;14800506;Västra Centrum, Oscar Fredrik;Alternativ för Sverige;AFS;1;0.11
2022;rd;14800506;Västra Centrum, Oscar Fredrik;Centerpartiet;C;78;8.78
2022;rd;14800506;Västra Centrum, Oscar Fredrik;Direktdemokraterna;DD;1;0.11
2022;rd;14800506;Västra Centrum, Oscar Fredrik;Kristdemokraterna;KD;22;2.48
2022;rd;14800506;Västra Centrum, Oscar Fredrik;Liberalerna (tidigare Folkpartiet);L;48;5.41
2022;rd;14800506;Västra Centrum, Oscar Fredrik;Moderaterna;M;111;12.50
2022;rd;14800506;Västra Centrum, Oscar Fredrik;MoD;MOD;2;0.23
2022;rd;14800506;Västra Centrum, Oscar Fredrik;Miljöpartiet de gröna;MP;158;17.79
2022;rd;14800506;Västra Centrum, Oscar Fredrik;Partiet Nyans;NYANS;1;0.11
2022;rd;14800506;Västra Centrum, Oscar Fredrik;Piratpartiet;PP;2;0.23
2022;rd;14800506;Västra Centrum, Oscar Fredrik;Arbetarepartiet-Socialdemokraterna;S;228;25.68
2022;rd;14800506;Västra Centrum, Oscar Fredrik;Sverigedemokraterna;SD;73;8.22
2022;rd;14800506;Västra Centrum, Oscar Fredrik;SKP;SKP;1;0.11
2022;rd;14800506;Västra Centrum, Oscar Fredrik;Vänsterpartiet;V;162;18.24
2022;rd;14800506;Västra Centrum, Oscar Fredrik;övriga anmälda partier;ÖVR;0;0.00
2022;rd;14800507;Västra Centrum, Sjömansgatan m fl;Alternativ för Sverige;AFS;1;0.10
2022;rd;14800507;Västra Centrum, Sjömansgatan m fl;Basinkomstpartiet;BASIP;2;0.21
2022;rd;14800507;Västra Centrum, Sjömansgatan m fl;Centerpartiet;C;47;4.93
2022;rd;14800507;Västra Centrum, Sjömansgatan m fl;Enhet;ENH;1;0.10
2022;rd;14800507;Västra Centrum, Sjömansgatan m fl;Kristdemokraterna;KD;24;2.52
2022;rd;14800507;Västra Centrum, Sjömansgatan m fl;Liberalerna (tidigare Folkpartiet);L;52;5.45
2022;rd;14800507;Västra Centrum, Sjömansgatan m fl;Moderaterna;M;117;12.26
2022;rd;14800507;Västra Centrum, Sjömansgatan m fl;Medborgerlig Samling;MED;1;0.10
2022;rd;14800507;Västra Centrum, Sjömansgatan m fl;MoD;MOD;2;0.21
2022;rd;14800507;Västra Centrum, Sjömansgatan m fl;Miljöpartiet de gröna;MP;160;16.77
2022;rd;14800507;Västra Centrum, Sjömansgatan m fl;Piratpartiet;PP;3;0.31
2022;rd;14800507;Västra Centrum, Sjömansgatan m fl;Arbetarepartiet-Socialdemokraterna;S;254;26.62
2022;rd;14800507;Västra Centrum, Sjömansgatan m fl;Sverigedemokraterna;SD;84;8.81
2022;rd;14800507;Västra Centrum, Sjömansgatan m fl;Vänsterpartiet;V;206;21.59
2022;rd;14800507;Västra Centrum, Sjömansgatan m fl;övriga anmälda partier;ÖVR;0;0.00
2022;rd;14800508;Västra Centrum, Vegastaden;Alternativ för Sverige;AFS;3;0.31
2022;rd;14800508;Västra Centrum, Vegastaden;Basinkomstpartiet;BASIP;1;0.10
2022;rd;14800508;Västra Centrum, Vegastaden;Centerpartiet;C;73;7.61
2022;rd;14800508;Västra Centrum, Vegastaden;Feministiskt initiativ;FI;2;0.21
2022;rd;14800508;Västra Centrum, Vegastaden;Kristdemokraterna;KD;26;2.71
2022;rd;14800508;Västra Centrum, Vegastaden;Liberalerna (tidigare Folkpartiet);L;56;5.84
2022;rd;14800508;Västra Centrum, Vegastaden;Moderaterna;M;131;13.66
2022;rd;14800508;Västra Centrum, Vegastaden;Medborgerlig Samling;MED;3;0.31
2022;rd;14800508;Västra Centrum, Vegastaden;MoD;MOD;1;0.10
2022;rd;14800508;Västra Centrum, Vegastaden;Miljöpartiet de gröna;MP;123;12.83
2022;rd;14800508;Västra Centrum, Vegastaden;Arbetarepartiet-Socialdemokraterna;S;280;29.20
2022;rd;14800508;Västra Centrum, Vegastaden;Sverigedemokraterna;SD;100;10.43
2022;rd;14800508;Västra Centrum, Vegastaden;Vänsterpartiet;V;160;16.68
2022;rd;14800508;Västra Centrum, Vegastaden;övriga anmälda partier;ÖVR;0;0.00
2022;rd;14800509;Västra Centrum, Slottsskogen;Alternativ för Sverige;AFS;2;0.22
2022;rd;14800509;Västra Centrum, Slottsskogen;Centerpartiet;C;44;4.89
2022;rd;14800509;Västra Centrum, Slottsskogen;Feministiskt initiativ;FI;2;0.22
2022;rd;14800509;Västra Centrum, Slottsskogen;Kristdemokraterna;KD;20;2.22
2022;rd;14800509;Västra Centrum, Slottsskogen;Kristna Värdepartiet;KRVP;2;0.22
2022;rd;14800509;Västra Centrum, Slottsskogen;Liberalerna (tidigare Folkpartiet);L;62;6.89
2022;rd;14800509;Västra Centrum, Slottsskogen;Moderaterna;M;137;15.22
2022;rd;14800509;Västra Centrum, Slottsskogen;Medborgerlig Samling;MED;1;0.11
2022;rd;14800509;Västra Centrum, Slottsskogen;MoD;MOD;3;0.33
2022;rd;14800509;Västra Centrum, Slottsskogen;Miljöpartiet de gröna;MP;103;11.44
2022;rd;14800509;Västra Centrum, Slottsskogen;Nordiska motståndsrörelsen;NMR;1;0.11
2022;rd;14800509;Västra Centrum, Slottsskogen;Piratpartiet;PP;4;0.44
2022;rd;14800509;Västra Centrum, Slottsskogen;Arbetarepartiet-Socialdemokraterna;S;262;29.11
2022;rd;14800509;Västra Centrum, Slottsskogen;Sverigedemokraterna;SD;113;12.56
2022;rd;14800509;Västra Centrum, Slottsskogen;Vänsterpartiet;V;143;15.89
2022;rd;14800509;Västra Centrum, Slottsskogen;Partiet Vändpunkt;VÄND;1;0.11
2022;rd;14800509;Västra Centrum, Slottsskogen;övriga anmälda partier;ÖVR;0;0.00
2022;rd;14800510;Västra Centrum, Linnéplatsen;Alternativ för Sverige;AFS;2;0.23
2022;rd;14800510;Västra Centrum, Linnéplatsen;Centerpartiet;C;86;9.87
2022;rd;14800510;Västra Centrum, Linnéplatsen;Kristdemokraterna;KD;35;4.02
2022;rd;14800510;Västra Centrum, Linnéplatsen;Klimatalliansen;KLIMA;2;0.23
2022;rd;14800510;Västra Centrum, Linnéplatsen;Knapptryckarna;KNAPP;1;0.11
2022;rd;14800510;Västra Centrum, Linnéplatsen;Liberalerna (tidigare Folkpartiet);L;88;10.10
2022;rd;14800510;Västra Centrum, Linnéplatsen;Moderaterna;M;165;18.94
2022;rd;14800510;Västra Centrum, Linnéplatsen;MoD;MOD;1;0.11
2022;rd;14800510;Västra Centrum, Linnéplatsen;Miljöpartiet de gröna;MP;81;9.30
2022;rd;14800510;Västra Centrum, Linnéplatsen;Arbetarepartiet-Socialdemokraterna;S;228;26.18
2022;rd;14800510;Västra Centrum, Linnéplatsen;Sverigedemokraterna;SD;89;10.22
2022;rd;14800510;Västra Centrum, Linnéplatsen;Vänsterpartiet;V;93;10.68
2022;rd;14800510;Västra Centrum, Linnéplatsen;övriga anmälda partier;ÖVR;0;0.00
2022;rd;14800511;Västra Centrum, Sveaplan;Centerpartiet;C;57;6.84
2022;rd;14800511;Västra Centrum, Sveaplan;Feministiskt initiativ;FI;2;0.24
2022;rd;14800511;Västra Centrum, Sveaplan;Kristdemokraterna;KD;37;4.44
2022;rd;14800511;Västra Centrum, Sveaplan;Knapptryckarna;KNAPP;1;0.12
2022;rd;14800511;Västra Centrum, Sveaplan;Liberalerna (tidigare Folkpartiet);L;89;10.68
2022;rd;14800511;Västra Centrum, Sveaplan;Moderaterna;M;216;25.93
2022;rd;14800511;Västra Centrum, Sveaplan;Medborgerlig Samling;MED;2;0.24
2022;rd;14800511;Västra Centrum, Sveaplan;MoD;MOD;1;0.12
2022;rd;14800511;Västra Centrum, Sveaplan;Miljöpartiet de gröna;MP;65;7.80
2022;rd;14800511;Västra Centrum, Sveaplan;Piratpartiet;PP;1;0.12
2022;rd;14800511;Västra Centrum, Sveaplan;Arbetarepartiet-Socialdemokraterna;S;219;26.29
2022;rd;14800511;Västra Centrum, Sveaplan;Sverigedemokraterna;SD;91;10.92
2022;rd;14800511;Västra Centrum, Sveaplan;Vänsterpartiet;V;52;6.24
2022;rd;14800511;Västra Centrum, Sveaplan;övriga anmälda partier;ÖVR;0;0.00
2022;rd;14800512;Västra Centrum, Kommendantsängen;Centerpartiet;C;89;8.04
2022;rd;14800512;Västra Centrum, Kommendantsängen;Enhet;ENH;1;0.09
2022;rd;14800512;Västra Centrum, Kommendantsängen;Kristdemokraterna;KD;35;3.16
2022;rd;14800512;Västra Centrum, Kommendantsängen;Klimatalliansen;KLIMA;2;0.18
2022;rd;14800512;Västra Centrum, Kommendantsängen;Liberalerna (tidigare Folkpartiet);L;115;10.39
2022;rd;14800512;Västra Centrum, Kommendantsängen;Moderaterna;M;262;23.67
2022;rd;14800512;Västra Centrum, Kommendantsängen;Medborgerlig Samling;MED;4;0.36
2022;rd;14800512;Västra Centrum, Kommendantsängen;MoD;MOD;1;0.09
2022;rd;14800512;Västra Centrum, Kommendantsängen;Miljöpartiet de gröna;MP;131;11.83
2022;rd;14800512;Västra Centrum, Kommendantsängen;Piratpartiet;PP;1;0.09
2022;rd;14800512;Västra Centrum, Kommendantsängen;Arbetarepartiet-Socialdemokraterna;S;258;23.31
2022;rd;14800512;Västra Centrum, Kommendantsängen;Sverigedemokraterna;SD;99;8.94
2022;rd;14800512;Västra Centrum, Kommendantsängen;Vänsterpartiet;V;109;9.85
2022;rd;14800512;Västra Centrum, Kommendantsängen;övriga anmälda partier;ÖVR;0;0.00
2022;rd;14800513;Västra Centrum, Linné;Alternativ för Sverige;AFS;1;0.12
2022;rd;14800513;Västra Centrum, Linné;Centerpartiet;C;58;6.89
2022;rd;14800513;Västra Centrum, Linné;Enhet;ENH;1;0.12
2022;rd;14800513;Västra Centrum, Linné;Kristdemokraterna;KD;38;4.51
2022;rd;14800513;Västra Centrum, Linné;Klimatalliansen;KLIMA;1;0.12
2022;rd;14800513;Västra Centrum, Linné;Knapptryckarna;KNAPP;2;0.24
2022;rd;14800513;Västra Centrum, Linné;Liberalerna (tidigare Folkpartiet);L;86;10.21
2022;rd;14800513;Västra Centrum, Linné;Moderaterna;M;194;23.04
2022;rd;14800513;Västra Centrum, Linné;Medborgerlig Samling;MED;1;0.12
2022;rd;14800513;Västra Centrum, Linné;MoD;MOD;1;0.12
2022;rd;14800513;Västra Centrum, Linné;Miljöpartiet de gröna;MP;99;11.76
2022;rd;14800513;Västra Centrum, Linné;Arbetarepartiet-Socialdemokraterna;S;209;24.82
2022;rd;14800513;Västra Centrum, Linné;Sverigedemokraterna;SD;81;9.62
2022;rd;14800513;Västra Centrum, Linné;Vänsterpartiet;V;70;8.31
2022;rd;14800513;Västra Centrum, Linné;övriga anmälda partier;ÖVR;0;0.00
2022;rd;14800514;Västra Centrum, Nordhem;Centerpartiet;C;61;6.74
2022;rd;14800514;Västra Centrum, Nordhem;Kristdemokraterna;KD;30;3.31
2022;rd;14800514;Västra Centrum, Nordhem;Knapptryckarna;KNAPP;1;0.11
2022;rd;14800514;Västra Centrum, Nordhem;Kristna Värdepartiet;KRVP;1;0.11
2022;rd;14800514;Västra Centrum, Nordhem;Liberalerna (tidigare Folkpartiet);L;75;8.29
2022;rd;14800514;Västra Centrum, Nordhem;Moderaterna;M;219;24.20
2022;rd;14800514;Västra Centrum, Nordhem;Medborgerlig Samling;MED;2;0.22
2022;rd;14800514;Västra Centrum, Nordhem;MoD;MOD;1;0.11
2022;rd;14800514;Västra Centrum, Nordhem;Miljöpartiet de gröna;MP;98;10.83
2022;rd;14800514;Västra Centrum, Nordhem;Partiet Nyans;NYANS;1;0.11
2022;rd;14800514;Västra Centrum, Nordhem;Arbetarepartiet-Socialdemokraterna;S;242;26.74
2022;rd;14800514;Västra Centrum, Nordhem;Sverigedemokraterna;SD;67;7.40
2022;rd;14800514;Västra Centrum, Nordhem;Vänsterpartiet;V;107;11.82
2022;rd;14800514;Västra Centrum, Nordhem;övriga anmälda partier;ÖVR;0;0.00
2022;rd;14800515;Västra Centrum, Risåsen;Alternativ för Sverige;AFS;1;0.12
2022;rd;14800515;Västra Centrum, Risåsen;Centerpartiet;C;56;6.74
2022;rd;14800515;Västra Centrum, Risåsen;Feministiskt initiativ;FI;1;0.12
2022;rd;14800515;Västra Centrum, Risåsen;Kristdemokraterna;KD;36;4.33
2022;rd;14800515;Västra Centrum, Risåsen;Liberalerna (tidigare Folkpartiet);L;85;10.23
2022;rd;14800515;Västra Centrum, Risåsen;Moderaterna;M;184;22.14
2022;rd;14800515;Västra Centrum, Risåsen;Medborgerlig Samling;MED;1;0.12
2022;rd;14800515;Västra Centrum, Risåsen;MoD;MOD;1;0.12
2022;rd;14800515;Västra Centrum, Risåsen;Miljöpartiet de gröna;MP;86;10.35
2022;rd;14800515;Västra Centrum, Risåsen;Piratpartiet;PP;2;0.24
2022;rd;14800515;Västra Centrum, Risåsen;Arbetarepartiet-Socialdemokraterna;S;173;20.82
2022;rd;14800515;Västra Centrum, Risåsen;Sverigedemokraterna;SD;105;12.64
2022;rd;14800515;Västra Centrum, Risåsen;SKP;SKP;2;0.24
2022;rd;14800515;Västra Centrum, Risåsen;Vänsterpartiet;V;98;11.79
2022;rd;14800515;Västra Centrum, Risåsen;övriga anmälda partier;ÖVR;0;0.00
2022;rd;14800516;Västra Centrum, Olivedal;Alternativ för Sverige;AFS;4;0.47
2022;rd;14800516;Västra Centrum, Olivedal;Centerpartiet;C;65;7.63
2022;rd;14800516;Västra Centrum, Olivedal;Kristdemokraterna;KD;39;4.58
2022;rd;14800516;Västra Centrum, Olivedal;Klimatalliansen;KLIMA;1;0.12
2022;rd;14800516;Västra Centrum, Olivedal;Klassiskt liberala partiet;KLP;1;0.12
2022;rd;14800516;Västra Centrum, Olivedal;Knapptryckarna;KNAPP;1;0.12
2022;rd;14800516;Västra Centrum, Olivedal;Liberalerna (tidigare Folkpartiet);L;70;8.22
2022;rd;14800516;Västra Centrum, Olivedal;Moderaterna;M;174;20.42
2022;rd;14800516;Västra Centrum, Olivedal;Medborgerlig Samling;MED;2;0.23
2022;rd;14800516;Västra Centrum, Olivedal;MoD;MOD;1;0.12
2022;rd;14800516;Västra Centrum, Olivedal;Miljöpartiet de gröna;MP;103;12.09
2022;rd;14800516;Västra Centrum, Olivedal;Nordiska motståndsrörelsen;NMR;1;0.12
2022;rd;14800516;Västra Centrum, Olivedal;Arbetarepartiet-Socialdemokraterna;S;200;23.47
2022;rd;14800516;Västra Centrum, Olivedal;Sverigedemokraterna;SD;84;9.86
2022;rd;14800516;Västra Centrum, Olivedal;Vänsterpartiet;V;106;12.44
2022;rd;14800516;Västra Centrum, Olivedal;övriga anmälda partier;ÖVR;0;0.00
2022;rd;14800517;Västra Centrum, Plantagegatan m fl;Alternativ för Sverige;AFS;3;0.39
2022;rd;14800517;Västra Centrum, Plantagegatan m fl;Centerpartiet;C;49;6.35
2022;rd;14800517;Västra Centrum, Plantagegatan m fl;Enhet;ENH;1;0.13
2022;rd;14800517;Västra Centrum, Plantagegatan m fl;Kristdemokraterna;KD;33;4.27
2022;rd;14800517;Västra Centrum, Plantagegatan m fl;Kristna Värdepartiet;KRVP;1;0.13
2022;rd;14800517;Västra Centrum, Plantagegatan m fl;Liberalerna (tidigare Folkpartiet);L;62;8.03
2022;rd;14800517;Västra Centrum, Plantagegatan m fl;Moderaterna;M;170;22.02
2022;rd;14800517;Västra Centrum, Plantagegatan m fl;Medborgerlig Samling;MED;1;0.13
2022;rd;14800517;Västra Centrum, Plantagegatan m fl;Miljöpartiet de gröna;MP;71;9.20
2022;rd;14800517;Västra Centrum, Plantagegatan m fl;Arbetarepartiet-Socialdemokraterna;S;186;24.09
2022;rd;14800517;Västra Centrum, Plantagegatan m fl;Sverigedemokraterna;SD;98;12.69
2022;rd;14800517;Västra Centrum, Plantagegatan m fl;Vänsterpartiet;V;97;12.56
2022;rd;14800517;Västra Centrum, Plantagegatan m fl;övriga anmälda partier;ÖVR;0;0.00
2022;rd;14800518;Västra Centrum, Skansberget;Alternativ för Sverige;AFS;4;0.47
2022;rd;14800518;Västra Centrum, Skansberget;Centerpartiet;C;29;3.40
2022;rd;14800518;Västra Centrum, Skansberget;Direktdemokraterna;DD;1;0.12
2022;rd;14800518;Västra Centrum, Skansberget;Kristdemokraterna;KD;23;2.70
2022;rd;14800518;Västra Centrum, Skansberget;Klimatalliansen;KLIMA;2;0.23
2022;rd;14800518;Västra Centrum, Skansberget;Kristna Värdepartiet;KRVP;2;0.23
2022;rd;14800518;Västra Centrum, Skansberget;Liberalerna (tidigare Folkpartiet);L;52;6.10
2022;rd;14800518;Västra Centrum, Skansberget;Moderaterna;M;105;12.32
2022;rd;14800518;Västra Centrum, Skansberget;Medborgerlig Samling;MED;3;0.35
2022;rd;14800518;Västra Centrum, Skansberget;MoD;MOD;1;0.12
2022;rd;14800518;Västra Centrum, Skansberget;Miljöpartiet de gröna;MP;95;11.15
2022;rd;14800518;Västra Centrum, Skansberget;Piratpartiet;PP;1;0.12
2022;rd;14800518;Västra Centrum, Skansberget;Arbetarepartiet-Socialdemokraterna;S;279;32.75
2022;rd;14800518;Västra Centrum, Skansberget;Sverigedemokraterna;SD;97;11.38
2022;rd;14800518;Västra Centrum, Skansberget;Vänsterpartiet;V;158;18.54
2022;rd;14800518;Västra Centrum, Skansberget;övriga anmälda partier;ÖVR;0;0.00
2022;rd;14800519;Västra Centrum, Haga Västra;Alternativ för Sverige;AFS;1;0.10
2022;rd;14800519;Västra Centrum, Haga Västra;Centerpartiet;C;43;4.33
2022;rd;14800519;Västra Centrum, Haga Västra;Enhet;ENH;1;0.10
2022;rd;14800519;Västra Centrum, Haga Västra;Förenade Demokratiska Partiet;FDP;2;0.20
2022;rd;14800519;Västra Centrum, Haga Västra;Kristdemokraterna;KD;29;2.92
2022;rd;14800519;Västra Centrum, Haga Västra;Knapptryckarna;KNAPP;3;0.30
2022;rd;14800519;Västra Centrum, Haga Västra;Kristna Värdepartiet;KRVP;1;0.10
2022;rd;14800519;Västra Centrum, Haga Västra;Liberalerna (tidigare Folkpartiet);L;47;4.73
2022;rd;14800519;Västra Centrum, Haga Västra;Moderaterna;M;124;12.49
2022;rd;14800519;Västra Centrum, Haga Västra;Medborgerlig Samling;MED;1;0.10
2022;rd;14800519;Västra Centrum, Haga Västra;MoD;MOD;5;0.50
2022;rd;14800519;Västra Centrum, Haga Västra;Miljöpartiet de gröna;MP;152;15.31
2022;rd;14800519;Västra Centrum, Haga Västra;Partiet Nyans;NYANS;3;0.30
2022;rd;14800519;Västra Centrum, Haga Västra;Piratpartiet;PP;4;0.40
2022;rd;14800519;Västra Centrum, Haga Västra;Arbetarepartiet-Socialdemokraterna;S;271;27.29
2022;rd;14800519;Västra Centrum, Haga Västra;Sverigedemokraterna;SD;107;10.78
2022;rd;14800519;Västra Centrum, Haga Västra;SKP;SKP;1;0.10
2022;rd;14800519;Västra Centrum, Haga Västra;Vänsterpartiet;V;198;19.94
2022;rd;14800519;Västra Centrum, Haga Västra;övriga anmälda partier;ÖVR;0;0.00
2022;rd;14800520;Västra Centrum, Haga Östra;Alternativ för Sverige;AFS;2;0.26
2022;rd;14800520;Västra Centrum, Haga Östra;Centerpartiet;C;45;5.81
2022;rd;14800520;Västra Centrum, Haga Östra;Kristdemokraterna;KD;23;2.97
2022;rd;14800520;Västra Centrum, Haga Östra;Klimatalliansen;KLIMA;1;0.13
2022;rd;14800520;Västra Centrum, Haga Östra;Knapptryckarna;KNAPP;1;0.13
2022;rd;14800520;Västra Centrum, Haga Östra;Liberalerna (tidigare Folkpartiet);L;43;5.56
2022;rd;14800520;Västra Centrum, Haga Östra;Moderaterna;M;103;13.31
2022;rd;14800520;Västra Centrum, Haga Östra;Medborgerlig Samling;MED;2;0.26
2022;rd;14800520;Västra Centrum, Haga Östra;Miljöpartiet de gröna;MP;87;11.24
2022;rd;14800520;Västra Centrum, Haga Östra;Piratpartiet;PP;2;0.26
2022;rd;14800520;Västra Centrum, Haga Östra;Arbetarepartiet-Socialdemokraterna;S;227;29.33
2022;rd;14800520;Västra Centrum, Haga Östra;Sverigedemokraterna;SD;95;12.27
2022;rd;14800520;Västra Centrum, Haga Östra;Vänsterpartiet;V;143;18.48
2022;rd;14800520;Västra Centrum, Haga Östra;övriga anmälda partier;ÖVR;0;0.00
2022;rd;14800521;Västra Centrum, Nilssonsberg Västra;Alternativ för Sverige;AFS;3;0.33
2022;rd;14800521;Västra Centrum, Nilssonsberg Västra;Centerpartiet;C;65;7.25
2022;rd;14800521;Västra Centrum, Nilssonsberg Västra;Enhet;ENH;1;0.11
2022;rd;14800521;Västra Centrum, Nilssonsberg Västra;Kristdemokraterna;KD;42;4.69
2022;rd;14800521;Västra Centrum, Nilssonsberg Västra;Klimatalliansen;KLIMA;1;0.11
2022;rd;14800521;Västra Centrum, Nilssonsberg Västra;Liberalerna (tidigare Folkpartiet);L;91;10.16
2022;rd;14800521;Västra Centrum, Nilssonsberg Västra;Moderaterna;M;236;26.34
2022;rd;14800521;Västra Centrum, Nilssonsberg Västra;Medborgerlig Samling;MED;2;0.22
2022;rd;14800521;Västra Centrum, Nilssonsberg Västra;Miljöpartiet de gröna;MP;81;9.04
2022;rd;14800521;Västra Centrum, Nilssonsberg Västra;Nordiska motståndsrörelsen;NMR;1;0.11
2022;rd;14800521;Västra Centrum, Nilssonsberg Västra;Partiet Nyans;NYANS;2;0.22
2022;rd;14800521;Västra Centrum, Nilssonsberg Västra;Piratpartiet;PP;1;0.11
2022;rd;14800521;Västra Centrum, Nilssonsberg Västra;Arbetarepartiet-Socialdemokraterna;S;201;22.43
2022;rd;14800521;Västra Centrum, Nilssonsberg Västra;Sverigedemokraterna;SD;85;9.49
2022;rd;14800521;Västra Centrum, Nilssonsberg Västra;Vänsterpartiet;V;84;9.38
2022;rd;14800521;Västra Centrum, Nilssonsberg Västra;övriga anmälda partier;ÖVR;0;0.00
2022;rd;14800522;Västra Centrum, Nilssonsberg Östra;Alternativ för Sverige;AFS;3;0.35
2022;rd;14800522;Västra Centrum, Nilssonsberg Östra;Centerpartiet;C;80;9.27
2022;rd;14800522;Västra Centrum, Nilssonsberg Östra;Kalle ankapartiet;KALLE;1;0.12
2022;rd;14800522;Västra Centrum, Nilssonsberg Östra;Kristdemokraterna;KD;33;3.82
2022;rd;14800522;Västra Centrum, Nilssonsberg Östra;Liberalerna (tidigare Folkpartiet);L;73;8.46
2022;rd;14800522;Västra Centrum, Nilssonsberg Östra;Moderaterna;M;187;21.67
2022;rd;14800522;Västra Centrum, Nilssonsberg Östra;Medborgerlig Samling;MED;2;0.23
2022;rd;14800522;Västra Centrum, Nilssonsberg Östra;Miljöpartiet de gröna;MP;109;12.63
2022;rd;14800522;Västra Centrum, Nilssonsberg Östra;Arbetarepartiet-Socialdemokraterna;S;222;25.72
2022;rd;14800522;Västra Centrum, Nilssonsberg Östra;Sverigedemokraterna;SD;83;9.62
2022;rd;14800522;Västra Centrum, Nilssonsberg Östra;Vänsterpartiet;V;70;8.11
2022;rd;14800522;Västra Centrum, Nilssonsberg Östra;övriga anmälda partier;ÖVR;0;0.00
2022;rd;14800523;Västra Centrum, Annedal Östra;Alternativ för Sverige;AFS;4;0.47
2022;rd;14800523;Västra Centrum, Annedal Östra;Centerpartiet;C;49;5.74
2022;rd;14800523;Västra Centrum, Annedal Östra;Enhet;ENH;1;0.12
2022;rd;14800523;Västra Centrum, Annedal Östra;Feministiskt initiativ;FI;3;0.35
2022;rd;14800523;Västra Centrum, Annedal Östra;Kristdemokraterna;KD;27;3.16
2022;rd;14800523;Västra Centrum, Annedal Östra;Liberalerna (tidigare Folkpartiet);L;61;7.14
2022;rd;14800523;Västra Centrum, Annedal Östra;Moderaterna;M;162;18.97
2022;rd;14800523;Västra Centrum, Annedal Östra;Medborgerlig Samling;MED;2;0.23
2022;rd;14800523;Västra Centrum, Annedal Östra;Miljöpartiet de gröna;MP;87;10.19
2022;rd;14800523;Västra Centrum, Annedal Östra;Partiet Nyans;NYANS;1;0.12
2022;rd;14800523;Västra Centrum, Annedal Östra;Piratpartiet;PP;2;0.23
2022;rd;14800523;Västra Centrum, Annedal Östra;Arbetarepartiet-Socialdemokraterna;S;231;27.05
2022;rd;14800523;Västra Centrum, Annedal Östra;Sverigedemokraterna;SD;90;10.54
2022;rd;14800523;Västra Centrum, Annedal Östra;Vänsterpartiet;V;134;15.69
2022;rd;14800523;Västra Centrum, Annedal Östra;övriga anmälda partier;ÖVR;0;0.00
2022;rd;14800524;Västra Centrum, Annedal Västra;Alternativ för Sverige;AFS;6;0.83
2022;rd;14800524;Västra Centrum, Annedal Västra;Centerpartiet;C;41;5.69
2022;rd;14800524;Västra Centrum, Annedal Västra;Direktdemokraterna;DD;1;0.14
2022;rd;14800524;Västra Centrum, Annedal Västra;Kristdemokraterna;KD;21;2.91
2022;rd;14800524;Västra Centrum, Annedal Västra;Kristna Värdepartiet;KRVP;1;0.14
2022;rd;14800524;Västra Centrum, Annedal Västra;Liberalerna (tidigare Folkpartiet);L;42;5.83
2022;rd;14800524;Västra Centrum, Annedal Västra;Moderaterna;M;134;18.59
2022;rd;14800524;Västra Centrum, Annedal Västra;Medborgerlig Samling;MED;1;0.14
2022;rd;14800524;Västra Centrum, Annedal Västra;Miljöpartiet de gröna;MP;47;6.52
2022;rd;14800524;Västra Centrum, Annedal Västra;Piratpartiet;PP;2;0.28
2022;rd;14800524;Västra Centrum, Annedal Västra;Arbetarepartiet-Socialdemokraterna;S;225;31.21
2022;rd;14800524;Västra Centrum, Annedal Västra;Sverigedemokraterna;SD;103;14.29
2022;rd;14800524;Västra Centrum, Annedal Västra;SKP;SKP;1;0.14
2022;rd;14800524;Västra Centrum, Annedal Västra;Vänsterpartiet;V;95;13.18
2022;rd;14800524;Västra Centrum, Annedal Västra;Volt Sverige;VOLT;1;0.14
2022;rd;14800524;Västra Centrum, Annedal Västra;övriga anmälda partier;ÖVR;0;0.00
2022;rd;14800525;Västra Centrum, Änggården;Alternativ för Sverige;AFS;2;0.23
2022;rd;14800525;Västra Centrum, Änggården;Centerpartiet;C;65;7.59
2022;rd;14800525;Västra Centrum, Änggården;Kristdemokraterna;KD;56;6.54
2022;rd;14800525;Västra Centrum, Änggården;Klimatalliansen;KLIMA;2;0.23
2022;rd;14800525;Västra Centrum, Änggården;Liberalerna (tidigare Folkpartiet);L;94;10.98
2022;rd;14800525;Västra Centrum, Änggården;Moderaterna;M;187;21.85
2022;rd;14800525;Västra Centrum, Änggården;Medborgerlig Samling;MED;2;0.23
2022;rd;14800525;Västra Centrum, Änggården;MoD;MOD;1;0.12
2022;rd;14800525;Västra Centrum, Änggården;Miljöpartiet de gröna;MP;137;16.00
2022;rd;14800525;Västra Centrum, Änggården;Partiet Nyans;NYANS;1;0.12
2022;rd;14800525;Västra Centrum, Änggården;Piratpartiet;PP;2;0.23
2022;rd;14800525;Västra Centrum, Änggården;Arbetarepartiet-Socialdemokraterna;S;194;22.66
2022;rd;14800525;Västra Centrum, Änggården;Sverigedemokraterna;SD;54;6.31
2022;rd;14800525;Västra Centrum, Änggården;Vänsterpartiet;V;59;6.89
2022;rd;14800525;Västra Centrum, Änggården;övriga anmälda partier;ÖVR;0;0.00
2022;rd;14800526;Västra Centrum, Svalebo;Alternativ för Sverige;AFS;1;0.13
2022;rd;14800526;Västra Centrum, Svalebo;Centerpartiet;C;43;5.40
2022;rd;14800526;Västra Centrum, Svalebo;Feministiskt initiativ;FI;1;0.13
2022;rd;14800526;Västra Centrum, Svalebo;Kristdemokraterna;KD;25;3.14
2022;rd;14800526;Västra Centrum, Svalebo;Klimatalliansen;KLIMA;1;0.13
2022;rd;14800526;Västra Centrum, Svalebo;Knapptryckarna;KNAPP;2;0.25
2022;rd;14800526;Västra Centrum, Svalebo;Kristna Värdepartiet;KRVP;1;0.13
2022;rd;14800526;Västra Centrum, Svalebo;Liberalerna (tidigare Folkpartiet);L;42;5.27
2022;rd;14800526;Västra Centrum, Svalebo;Moderaterna;M;60;7.53
2022;rd;14800526;Västra Centrum, Svalebo;Medborgerlig Samling;MED;4;0.50
2022;rd;14800526;Västra Centrum, Svalebo;MoD;MOD;1;0.13
2022;rd;14800526;Västra Centrum, Svalebo;Miljöpartiet de gröna;MP;114;14.30
2022;rd;14800526;Västra Centrum, Svalebo;Piratpartiet;PP;4;0.50
2022;rd;14800526;Västra Centrum, Svalebo;Arbetarepartiet-Socialdemokraterna;S;217;27.23
2022;rd;14800526;Västra Centrum, Svalebo;Sverigedemokraterna;SD;102;12.80
2022;rd;14800526;Västra Centrum, Svalebo;Vänsterpartiet;V;179;22.46
2022;rd;14800526;Västra Centrum, Svalebo;övriga anmälda partier;ÖVR;0;0.00
2022;rd;14800527;Västra Centrum, Skytteskogen;Alternativ för Sverige;AFS;2;0.20
2022;rd;14800527;Västra Centrum, Skytteskogen;Centerpartiet;C;76;7.75
2022;rd;14800527;Västra Centrum, Skytteskogen;Enhet;ENH;1;0.10
2022;rd;14800527;Västra Centrum, Skytteskogen;Kristdemokraterna;KD;35;3.57
2022;rd;14800527;Västra Centrum, Skytteskogen;Klimatalliansen;KLIMA;3;0.31
2022;rd;14800527;Västra Centrum, Skytteskogen;Liberalerna (tidigare Folkpartiet);L;71;7.24
2022;rd;14800527;Västra Centrum, Skytteskogen;Moderaterna;M;131;13.35
2022;rd;14800527;Västra Centrum, Skytteskogen;Medborgerlig Samling;MED;1;0.10
2022;rd;14800527;Västra Centrum, Skytteskogen;MoD;MOD;1;0.10
2022;rd;14800527;Västra Centrum, Skytteskogen;Miljöpartiet de gröna;MP;215;21.92
2022;rd;14800527;Västra Centrum, Skytteskogen;Piratpartiet;PP;1;0.10
2022;rd;14800527;Västra Centrum, Skytteskogen;Arbetarepartiet-Socialdemokraterna;S;228;23.24
2022;rd;14800527;Västra Centrum, Skytteskogen;Sverigedemokraterna;SD;60;6.12
2022;rd;14800527;Västra Centrum, Skytteskogen;Vänsterpartiet;V;156;15.90
2022;rd;14800527;Västra Centrum, Skytteskogen;övriga anmälda partier;ÖVR;0;0.00
2022;rd;14800528;Västra Centrum, Kungsladugård Östra;Alternativ för Sverige;AFS;3;0.33
2022;rd;14800528;Västra Centrum, Kungsladugård Östra;Centerpartiet;C;35;3.87
2022;rd;14800528;Västra Centrum, Kungsladugård Östra;Feministiskt initiativ;FI;2;0.22
2022;rd;14800528;Västra Centrum, Kungsladugård Östra;Kristdemokraterna;KD;21;2.32
2022;rd;14800528;Västra Centrum, Kungsladugård Östra;Kristna Värdepartiet;KRVP;1;0.11
2022;rd;14800528;Västra Centrum, Kungsladugård Östra;Liberalerna (tidigare Folkpartiet);L;40;4.42
2022;rd;14800528;Västra Centrum, Kungsladugård Östra;Moderaterna;M;63;6.96
2022;rd;14800528;Västra Centrum, Kungsladugård Östra;Medborgerlig Samling;MED;3;0.33
2022;rd;14800528;Västra Centrum, Kungsladugård Östra;MoD;MOD;4;0.44
2022;rd;14800528;Västra Centrum, Kungsladugård Östra;Miljöpartiet de gröna;MP;138;15.25
2022;rd;14800528;Västra Centrum, Kungsladugård Östra;Partiet Nyans;NYANS;1;0.11
2022;rd;14800528;Västra Centrum, Kungsladugård Östra;Piratpartiet;PP;3;0.33
2022;rd;14800528;Västra Centrum, Kungsladugård Östra;Arbetarepartiet-Socialdemokraterna;S;221;24.42
2022;rd;14800528;Västra Centrum, Kungsladugård Östra;Sverigedemokraterna;SD;104;11.49
2022;rd;14800528;Västra Centrum, Kungsladugård Östra;Vänsterpartiet;V;266;29.39
2022;rd;14800528;Västra Centrum, Kungsladugård Östra;övriga anmälda partier;ÖVR;0;0.00
2022;rd;14800529;Västra Centrum, Kungsladugård Västra;Alternativ för Sverige;AFS;1;0.11
2022;rd;14800529;Västra Centrum, Kungsladugård Västra;Basinkomstpartiet;BASIP;1;0.11
2022;rd;14800529;Västra Centrum, Kungsladugård Västra;Centerpartiet;C;34;3.84
2022;rd;14800529;Västra Centrum, Kungsladugård Västra;Kristdemokraterna;KD;12;1.36
2022;rd;14800529;Västra Centrum, Kungsladugård Västra;Klimatalliansen;KLIMA;1;0.11
2022;rd;14800529;Västra Centrum, Kungsladugård Västra;Liberalerna (tidigare Folkpartiet);L;26;2.94
2022;rd;14800529;Västra Centrum, Kungsladugård Västra;Moderaterna;M;58;6.55
2022;rd;14800529;Västra Centrum, Kungsladugård Västra;Medborgerlig Samling;MED;1;0.11
2022;rd;14800529;Västra Centrum, Kungsladugård Västra;MoD;MOD;1;0.11
2022;rd;14800529;Västra Centrum, Kungsladugård Västra;Miljöpartiet de gröna;MP;184;20.79
2022;rd;14800529;Västra Centrum, Kungsladugård Västra;Piratpartiet;PP;1;0.11
2022;rd;14800529;Västra Centrum, Kungsladugård Västra;Arbetarepartiet-Socialdemokraterna;S;219;24.75
2022;rd;14800529;Västra Centrum, Kungsladugård Västra;Sverigedemokraterna;SD;91;10.28
2022;rd;14800529;Västra Centrum, Kungsladugård Västra;Vänsterpartiet;V;254;28.70
2022;rd;14800529;Västra Centrum, Kungsladugård Västra;Valsamverkanspartiet;VSP;1;0.11
2022;rd;14800529;Västra Centrum, Kungsladugård Västra;övriga anmälda partier;ÖVR;0;0.00
2022;rd;14800530;Västra Centrum, Mariaplan;Alternativ för Sverige;AFS;1;0.12
2022;rd;14800530;Västra Centrum, Mariaplan;Centerpartiet;C;16;1.92
2022;rd;14800530;Västra Centrum, Mariaplan;Enhet;ENH;1;0.12
2022;rd;14800530;Västra Centrum, Mariaplan;Kristdemokraterna;KD;12;1.44
2022;rd;14800530;Västra Centrum, Mariaplan;Klimatalliansen;KLIMA;1;0.12
2022;rd;14800530;Västra Centrum, Mariaplan;Knapptryckarna;KNAPP;1;0.12
2022;rd;14800530;Västra Centrum, Mariaplan;Liberalerna (tidigare Folkpartiet);L;30;3.60
2022;rd;14800530;Västra Centrum, Mariaplan;Moderaterna;M;57;6.84
2022;rd;14800530;Västra Centrum, Mariaplan;Medborgerlig Samling;MED;1;0.12
2022;rd;14800530;Västra Centrum, Mariaplan;MoD;MOD;1;0.12
2022;rd;14800530;Västra Centrum, Mariaplan;Miljöpartiet de gröna;MP;151;18.13
2022;rd;14800530;Västra Centrum, Mariaplan;Partiet Nyans;NYANS;1;0.12
2022;rd;14800530;Västra Centrum, Mariaplan;Piratpartiet;PP;2;0.24
2022;rd;14800530;Västra Centrum, Mariaplan;Arbetarepartiet-Socialdemokraterna;S;199;23.89
2022;rd;14800530;Västra Centrum, Mariaplan;Sverigedemokraterna;SD;72;8.64
2022;rd;14800530;Västra Centrum, Mariaplan;Vänsterpartiet;V;287;34.45
2022;rd;14800530;Västra Centrum, Mariaplan;övriga anmälda partier;ÖVR;0;0.00
2022;rd;14800531;Västra Centrum, Silverkällan;Alternativ för Sverige;AFS;4;0.45
2022;rd;14800531;Västra Centrum, Silverkällan;Centerpartiet;C;44;4.98
2022;rd;14800531;Västra Centrum, Silverkällan;Feministiskt initiativ;FI;2;0.23
2022;rd;14800531;Västra Centrum, Silverkällan;Partiet Frihet;FRIH;1;0.11
2022;rd;14800531;Västra Centrum, Silverkällan;Kristdemokraterna;KD;13;1.47
2022;rd;14800531;Västra Centrum, Silverkällan;Knapptryckarna;KNAPP;3;0.34
2022;rd;14800531;Västra Centrum, Silverkällan;Liberalerna (tidigare Folkpartiet);L;32;3.62
2022;rd;14800531;Västra Centrum, Silverkällan;Moderaterna;M;73;8.26
2022;rd;14800531;Västra Centrum, Silverkällan;Medborgerlig Samling;MED;3;0.34
2022;rd;14800531;Västra Centrum, Silverkällan;MoD;MOD;1;0.11
2022;rd;14800531;Västra Centrum, Silverkällan;Miljöpartiet de gröna;MP;167;18.89
2022;rd;14800531;Västra Centrum, Silverkällan;Piratpartiet;PP;1;0.11
2022;rd;14800531;Västra Centrum, Silverkällan;Arbetarepartiet-Socialdemokraterna;S;224;25.34
2022;rd;14800531;Västra Centrum, Silverkällan;Sverigedemokraterna;SD;68;7.69
2022;rd;14800531;Västra Centrum, Silverkällan;Vänsterpartiet;V;248;28.05
2022;rd;14800531;Västra Centrum, Silverkällan;övriga anmälda partier;ÖVR;0;0.00
2022;rd;14800532;Västra Centrum, Sannaplan;Alternativ för Sverige;AFS;8;0.80
2022;rd;14800532;Västra Centrum, Sannaplan;Centerpartiet;C;33;3.30
2022;rd;14800532;Västra Centrum, Sannaplan;Enhet;ENH;1;0.10
2022;rd;14800532;Västra Centrum, Sannaplan;Feministiskt initiativ;FI;1;0.10
2022;rd;14800532;Västra Centrum, Sannaplan;Kristdemokraterna;KD;26;2.60
2022;rd;14800532;Västra Centrum, Sannaplan;Knapptryckarna;KNAPP;1;0.10
2022;rd;14800532;Västra Centrum, Sannaplan;Kristna Värdepartiet;KRVP;1;0.10
2022;rd;14800532;Västra Centrum, Sannaplan;Liberalerna (tidigare Folkpartiet);L;39;3.90
2022;rd;14800532;Västra Centrum, Sannaplan;Moderaterna;M;66;6.61
2022;rd;14800532;Västra Centrum, Sannaplan;Medborgerlig Samling;MED;4;0.40
2022;rd;14800532;Västra Centrum, Sannaplan;MoD;MOD;2;0.20
2022;rd;14800532;Västra Centrum, Sannaplan;Miljöpartiet de gröna;MP;159;15.92
2022;rd;14800532;Västra Centrum, Sannaplan;Partiet Nyans;NYANS;1;0.10
2022;rd;14800532;Västra Centrum, Sannaplan;Piratpartiet;PP;2;0.20
2022;rd;14800532;Västra Centrum, Sannaplan;Arbetarepartiet-Socialdemokraterna;S;259;25.93
2022;rd;14800532;Västra Centrum, Sannaplan;Sverigedemokraterna;SD;98;9.81
2022;rd;14800532;Västra Centrum, Sannaplan;Vänsterpartiet;V;298;29.83
2022;rd;14800532;Västra Centrum, Sannaplan;övriga anmälda partier;ÖVR;0;0.00
2022;rd;14800533;Västra Centrum, Sandarne;Alternativ för Sverige;AFS;5;0.43
2022;rd;14800533;Västra Centrum, Sandarne;Centerpartiet;C;55;4.73
2022;rd;14800533;Västra Centrum, Sandarne;Partiet Frihet;FRIH;2;0.17
2022;rd;14800533;Västra Centrum, Sandarne;Kristdemokraterna;KD;29;2.50
2022;rd;14800533;Västra Centrum, Sandarne;Klimatalliansen;KLIMA;1;0.09
2022;rd;14800533;Västra Centrum, Sandarne;Liberalerna (tidigare Folkpartiet);L;45;3.87
2022;rd;14800533;Västra Centrum, Sandarne;Moderaterna;M;135;11.62
2022;rd;14800533;Västra Centrum, Sandarne;Medborgerlig Samling;MED;4;0.34
2022;rd;14800533;Västra Centrum, Sandarne;MoD;MOD;3;0.26
2022;rd;14800533;Västra Centrum, Sandarne;Miljöpartiet de gröna;MP;135;11.62
2022;rd;14800533;Västra Centrum, Sandarne;Partiet Nyans;NYANS;2;0.17
2022;rd;14800533;Västra Centrum, Sandarne;Piratpartiet;PP;1;0.09
2022;rd;14800533;Västra Centrum, Sandarne;Arbetarepartiet-Socialdemokraterna;S;315;27.11
2022;rd;14800533;Västra Centrum, Sandarne;Sverigedemokraterna;SD;112;9.64
2022;rd;14800533;Västra Centrum, Sandarne;Vänsterpartiet;V;318;27.37
2022;rd;14800533;Västra Centrum, Sandarne;övriga anmälda partier;ÖVR;0;0.00
2022;rd;14800534;Västra Centrum, Klippan;Alternativ för Sverige;AFS;1;0.12
2022;rd;14800534;Västra Centrum, Klippan;Centerpartiet;C;43;5.06
2022;rd;14800534;Västra Centrum, Klippan;Direktdemokraterna;DD;1;0.12
2022;rd;14800534;Västra Centrum, Klippan;Feministiskt initiativ;FI;2;0.24
2022;rd;14800534;Västra Centrum, Klippan;Kristdemokraterna;KD;32;3.77
2022;rd;14800534;Västra Centrum, Klippan;Klimatalliansen;KLIMA;1;0.12
2022;rd;14800534;Västra Centrum, Klippan;Knapptryckarna;KNAPP;2;0.24
2022;rd;14800534;Västra Centrum, Klippan;Liberalerna (tidigare Folkpartiet);L;48;5.65
2022;rd;14800534;Västra Centrum, Klippan;Moderaterna;M;84;9.89
2022;rd;14800534;Västra Centrum, Klippan;Medborgerlig Samling;MED;2;0.24
2022;rd;14800534;Västra Centrum, Klippan;MoD;MOD;1;0.12
2022;rd;14800534;Västra Centrum, Klippan;Miljöpartiet de gröna;MP;111;13.07
2022;rd;14800534;Västra Centrum, Klippan;Piratpartiet;PP;1;0.12
2022;rd;14800534;Västra Centrum, Klippan;Arbetarepartiet-Socialdemokraterna;S;207;24.38
2022;rd;14800534;Västra Centrum, Klippan;Sverigedemokraterna;SD;108;12.72
2022;rd;14800534;Västra Centrum, Klippan;Vänsterpartiet;V;205;24.15
2022;rd;14800534;Västra Centrum, Klippan;övriga anmälda partier;ÖVR;0;0.00
2022;rd;14800535;Västra Centrum, Gröna Vallen;Alternativ för Sverige;AFS;2;0.25
2022;rd;14800535;Västra Centrum, Gröna Vallen;Centerpartiet;C;32;4.07
2022;rd;14800535;Västra Centrum, Gröna Vallen;Enhet;ENH;1;0.13
2022;rd;14800535;Västra Centrum, Gröna Vallen;Feministiskt initiativ;FI;1;0.13
2022;rd;14800535;Västra Centrum, Gröna Vallen;Kristdemokraterna;KD;8;1.02
2022;rd;14800535;Västra Centrum, Gröna Vallen;Kristna Värdepartiet;KRVP;2;0.25
2022;rd;14800535;Västra Centrum, Gröna Vallen;Liberalerna (tidigare Folkpartiet);L;22;2.80
2022;rd;14800535;Västra Centrum, Gröna Vallen;Moderaterna;M;64;8.13
2022;rd;14800535;Västra Centrum, Gröna Vallen;Medborgerlig Samling;MED;2;0.25
2022;rd;14800535;Västra Centrum, Gröna Vallen;MoD;MOD;1;0.13
2022;rd;14800535;Västra Centrum, Gröna Vallen;Miljöpartiet de gröna;MP;106;13.47
2022;rd;14800535;Västra Centrum, Gröna Vallen;Partiet Nyans;NYANS;1;0.13
2022;rd;14800535;Västra Centrum, Gröna Vallen;Arbetarepartiet-Socialdemokraterna;S;205;26.05
2022;rd;14800535;Västra Centrum, Gröna Vallen;Sverigedemokraterna;SD;92;11.69
2022;rd;14800535;Västra Centrum, Gröna Vallen;Vänsterpartiet;V;248;31.51
2022;rd;14800535;Västra Centrum, Gröna Vallen;övriga anmälda partier;ÖVR;0;0.00
2022;rd;14800536;Västra Centrum, Kusttorget;Alternativ för Sverige;AFS;3;0.33
2022;rd;14800536;Västra Centrum, Kusttorget;Centerpartiet;C;35;3.88
2022;rd;14800536;Västra Centrum, Kusttorget;Direktdemokraterna;DD;1;0.11
2022;rd;14800536;Västra Centrum, Kusttorget;Enhet;ENH;1;0.11
2022;rd;14800536;Västra Centrum, Kusttorget;Feministiskt initiativ;FI;1;0.11
2022;rd;14800536;Västra Centrum, Kusttorget;Kalle ankapartiet;KALLE;1;0.11
2022;rd;14800536;Västra Centrum, Kusttorget;Kristdemokraterna;KD;10;1.11
2022;rd;14800536;Västra Centrum, Kusttorget;Klimatalliansen;KLIMA;1;0.11
2022;rd;14800536;Västra Centrum, Kusttorget;Liberalerna (tidigare Folkpartiet);L;37;4.11
2022;rd;14800536;Västra Centrum, Kusttorget;Moderaterna;M;88;9.77
2022;rd;14800536;Västra Centrum, Kusttorget;Medborgerlig Samling;MED;2;0.22
2022;rd;14800536;Västra Centrum, Kusttorget;MoD;MOD;2;0.22
2022;rd;14800536;Västra Centrum, Kusttorget;Miljöpartiet de gröna;MP;81;8.99
2022;rd;14800536;Västra Centrum, Kusttorget;Partiet Nyans;NYANS;1;0.11
2022;rd;14800536;Västra Centrum, Kusttorget;Piratpartiet;PP;4;0.44
2022;rd;14800536;Västra Centrum, Kusttorget;Arbetarepartiet-Socialdemokraterna;S;251;27.86
2022;rd;14800536;Västra Centrum, Kusttorget;Sverigedemokraterna;SD;122;13.54
2022;rd;14800536;Västra Centrum, Kusttorget;SKP;SKP;1;0.11
2022;rd;14800536;Västra Centrum, Kusttorget;Vänsterpartiet;V;259;28.75
2022;rd;14800536;Västra Centrum, Kusttorget;övriga anmälda partier;ÖVR;0;0.00
2022;rd;14800537;Västra Centrum, Chapmans Torg;Alternativ för Sverige;AFS;1;0.12
2022;rd;14800537;Västra Centrum, Chapmans Torg;Basinkomstpartiet;BASIP;1;0.12
2022;rd;14800537;Västra Centrum, Chapmans Torg;Centerpartiet;C;30;3.70
2022;rd;14800537;Västra Centrum, Chapmans Torg;Direktdemokraterna;DD;2;0.25
2022;rd;14800537;Västra Centrum, Chapmans Torg;Feministiskt initiativ;FI;2;0.25
2022;rd;14800537;Västra Centrum, Chapmans Torg;Kristdemokraterna;KD;30;3.70
2022;rd;14800537;Västra Centrum, Chapmans Torg;Klimatalliansen;KLIMA;2;0.25
2022;rd;14800537;Västra Centrum, Chapmans Torg;Kristna Värdepartiet;KRVP;1;0.12
2022;rd;14800537;Västra Centrum, Chapmans Torg;Liberalerna (tidigare Folkpartiet);L;45;5.55
2022;rd;14800537;Västra Centrum, Chapmans Torg;Moderaterna;M;103;12.70
2022;rd;14800537;Västra Centrum, Chapmans Torg;MoD;MOD;1;0.12
2022;rd;14800537;Västra Centrum, Chapmans Torg;Miljöpartiet de gröna;MP;96;11.84
2022;rd;14800537;Västra Centrum, Chapmans Torg;Partiet Nyans;NYANS;3;0.37
2022;rd;14800537;Västra Centrum, Chapmans Torg;Piratpartiet;PP;1;0.12
2022;rd;14800537;Västra Centrum, Chapmans Torg;Arbetarepartiet-Socialdemokraterna;S;217;26.76
2022;rd;14800537;Västra Centrum, Chapmans Torg;Sverigedemokraterna;SD;99;12.21
2022;rd;14800537;Västra Centrum, Chapmans Torg;Vänsterpartiet;V;177;21.82
2022;rd;14800537;Västra Centrum, Chapmans Torg;övriga anmälda partier;ÖVR;0;0.00
2022;rd;14800538;Västra Centrum, Slottsskogsgat. m fl;Alternativ för Sverige;AFS;1;0.09
2022;rd;14800538;Västra Centrum, Slottsskogsgat. m fl;Basinkomstpartiet;BASIP;1;0.09
2022;rd;14800538;Västra Centrum, Slottsskogsgat. m fl;Centerpartiet;C;45;4.26
2022;rd;14800538;Västra Centrum, Slottsskogsgat. m fl;Enhet;ENH;1;0.09
2022;rd;14800538;Västra Centrum, Slottsskogsgat. m fl;Feministiskt initiativ;FI;1;0.09
2022;rd;14800538;Västra Centrum, Slottsskogsgat. m fl;Kristdemokraterna;KD;26;2.46
2022;rd;14800538;Västra Centrum, Slottsskogsgat. m fl;Klimatalliansen;KLIMA;1;0.09
2022;rd;14800538;Västra Centrum, Slottsskogsgat. m fl;Knapptryckarna;KNAPP;1;0.09
2022;rd;14800538;Västra Centrum, Slottsskogsgat. m fl;Liberalerna (tidigare Folkpartiet);L;49;4.64
2022;rd;14800538;Västra Centrum, Slottsskogsgat. m fl;Moderaterna;M;111;10.51
2022;rd;14800538;Västra Centrum, Slottsskogsgat. m fl;MoD;MOD;3;0.28
2022;rd;14800538;Västra Centrum, Slottsskogsgat. m fl;Miljöpartiet de gröna;MP;159;15.06
2022;rd;14800538;Västra Centrum, Slottsskogsgat. m fl;Piratpartiet;PP;3;0.28
2022;rd;14800538;Västra Centrum, Slottsskogsgat. m fl;Arbetarepartiet-Socialdemokraterna;S;278;26.33
2022;rd;14800538;Västra Centrum, Slottsskogsgat. m fl;Sverigedemokraterna;SD;105;9.94
2022;rd;14800538;Västra Centrum, Slottsskogsgat. m fl;Vänsterpartiet;V;271;25.66
2022;rd;14800538;Västra Centrum, Slottsskogsgat. m fl;övriga anmälda partier;ÖVR;0;0.00
2022;rd;14800539;Västra Centrum, Gråberget Västra;Basinkomstpartiet;BASIP;1;0.11
2022;rd;14800539;Västra Centrum, Gråberget Västra;Centerpartiet;C;42;4.51
2022;rd;14800539;Västra Centrum, Gråberget Västra;Enhet;ENH;1;0.11
2022;rd;14800539;Västra Centrum, Gråberget Västra;Feministiskt initiativ;FI;1;0.11
2022;rd;14800539;Västra Centrum, Gråberget Västra;Kristdemokraterna;KD;27;2.90
2022;rd;14800539;Västra Centrum, Gråberget Västra;Kristna Värdepartiet;KRVP;1;0.11
2022;rd;14800539;Västra Centrum, Gråberget Västra;Liberalerna (tidigare Folkpartiet);L;59;6.34
2022;rd;14800539;Västra Centrum, Gråberget Västra;Moderaterna;M;104;11.17
2022;rd;14800539;Västra Centrum, Gråberget Västra;Medborgerlig Samling;MED;4;0.43
2022;rd;14800539;Västra Centrum, Gråberget Västra;Miljöpartiet de gröna;MP;150;16.11
2022;rd;14800539;Västra Centrum, Gråberget Västra;Piratpartiet;PP;1;0.11
2022;rd;14800539;Västra Centrum, Gråberget Västra;Arbetarepartiet-Socialdemokraterna;S;241;25.89
2022;rd;14800539;Västra Centrum, Gråberget Västra;Sverigedemokraterna;SD;94;10.10
2022;rd;14800539;Västra Centrum, Gråberget Västra;Stram Kurs Sverige;SKS;1;0.11
2022;rd;14800539;Västra Centrum, Gråberget Västra;Vänsterpartiet;V;204;21.91
2022;rd;14800539;Västra Centrum, Gråberget Västra;övriga anmälda partier;ÖVR;0;0.00
2022;rd;14800540;Västra Centrum, Gråberget Östra;Alternativ för Sverige;AFS;3;0.29
2022;rd;14800540;Västra Centrum, Gråberget Östra;Centerpartiet;C;57;5.57
2022;rd;14800540;Västra Centrum, Gråberget Östra;Kristdemokraterna;KD;22;2.15
2022;rd;14800540;Västra Centrum, Gråberget Östra;Klimatalliansen;KLIMA;3;0.29
2022;rd;14800540;Västra Centrum, Gråberget Östra;Liberalerna (tidigare Folkpartiet);L;63;6.16
2022;rd;14800540;Västra Centrum, Gråberget Östra;Moderaterna;M;110;10.75
2022;rd;14800540;Västra Centrum, Gråberget Östra;Medborgerlig Samling;MED;5;0.49
2022;rd;14800540;Västra Centrum, Gråberget Östra;Miljöpartiet de gröna;MP;153;14.96
2022;rd;14800540;Västra Centrum, Gråberget Östra;Partiet Nyans;NYANS;1;0.10
2022;rd;14800540;Västra Centrum, Gråberget Östra;Ond Kyckling Partiet;OKP;1;0.10
2022;rd;14800540;Västra Centrum, Gråberget Östra;Piratpartiet;PP;6;0.59
2022;rd;14800540;Västra Centrum, Gråberget Östra;Arbetarepartiet-Socialdemokraterna;S;272;26.59
2022;rd;14800540;Västra Centrum, Gråberget Östra;Sverigedemokraterna;SD;82;8.02
2022;rd;14800540;Västra Centrum, Gråberget Östra;Vänsterpartiet;V;245;23.95
2022;rd;14800540;Västra Centrum, Gråberget Östra;övriga anmälda partier;ÖVR;0;0.00
2022;rd;14800541;Västra Centrum, Godhem;Alternativ för Sverige;AFS;2;0.23
2022;rd;14800541;Västra Centrum, Godhem;Centerpartiet;C;31;3.62
2022;rd;14800541;Västra Centrum, Godhem;Feministiskt initiativ;FI;2;0.23
2022;rd;14800541;Västra Centrum, Godhem;Partiet Frihet;FRIH;1;0.12
2022;rd;14800541;Västra Centrum, Godhem;Kristdemokraterna;KD;24;2.80
2022;rd;14800541;Västra Centrum, Godhem;Klimatalliansen;KLIMA;1;0.12
2022;rd;14800541;Västra Centrum, Godhem;Kristna Värdepartiet;KRVP;2;0.23
2022;rd;14800541;Västra Centrum, Godhem;Liberalerna (tidigare Folkpartiet);L;41;4.79
2022;rd;14800541;Västra Centrum, Godhem;Moderaterna;M;83;9.70
2022;rd;14800541;Västra Centrum, Godhem;Medborgerlig Samling;MED;1;0.12
2022;rd;14800541;Västra Centrum, Godhem;Miljöpartiet de gröna;MP;149;17.41
2022;rd;14800541;Västra Centrum, Godhem;Arbetarepartiet-Socialdemokraterna;S;215;25.12
2022;rd;14800541;Västra Centrum, Godhem;Sverigedemokraterna;SD;92;10.75
2022;rd;14800541;Västra Centrum, Godhem;Vänsterpartiet;V;212;24.77
2022;rd;14800541;Västra Centrum, Godhem;övriga anmälda partier;ÖVR;0;0.00
2022;rd;14800542;Västra Centrum, Marieberg;Alternativ för Sverige;AFS;2;0.21
2022;rd;14800542;Västra Centrum, Marieberg;Basinkomstpartiet;BASIP;2;0.21
2022;rd;14800542;Västra Centrum, Marieberg;Centerpartiet;C;30;3.09
2022;rd;14800542;Västra Centrum, Marieberg;Enhet;ENH;1;0.10
2022;rd;14800542;Västra Centrum, Marieberg;Feministiskt initiativ;FI;1;0.10
2022;rd;14800542;Västra Centrum, Marieberg;Kristdemokraterna;KD;23;2.37
2022;rd;14800542;Västra Centrum, Marieberg;Klimatalliansen;KLIMA;1;0.10
2022;rd;14800542;Västra Centrum, Marieberg;Kristna Värdepartiet;KRVP;3;0.31
2022;rd;14800542;Västra Centrum, Marieberg;Liberalerna (tidigare Folkpartiet);L;25;2.57
2022;rd;14800542;Västra Centrum, Marieberg;Moderaterna;M;71;7.31
2022;rd;14800542;Västra Centrum, Marieberg;Medborgerlig Samling;MED;3;0.31
2022;rd;14800542;Västra Centrum, Marieberg;Miljöpartiet de gröna;MP;176;18.13
2022;rd;14800542;Västra Centrum, Marieberg;Piratpartiet;PP;2;0.21
2022;rd;14800542;Västra Centrum, Marieberg;Arbetarepartiet-Socialdemokraterna;S;247;25.44
2022;rd;14800542;Västra Centrum, Marieberg;Sverigedemokraterna;SD;97;9.99
2022;rd;14800542;Västra Centrum, Marieberg;Vänsterpartiet;V;287;29.56
2022;rd;14800542;Västra Centrum, Marieberg;övriga anmälda partier;ÖVR;0;0.00
2022;rd;14800543;Västra Centrum, Klareborgsgatan m fl;Alternativ för Sverige;AFS;3;0.31
2022;rd;14800543;Västra Centrum, Klareborgsgatan m fl;Centerpartiet;C;28;2.85
2022;rd;14800543;Västra Centrum, Klareborgsgatan m fl;Kristdemokraterna;KD;17;1.73
2022;rd;14800543;Västra Centrum, Klareborgsgatan m fl;Knapptryckarna;KNAPP;1;0.10
2022;rd;14800543;Västra Centrum, Klareborgsgatan m fl;Liberalerna (tidigare Folkpartiet);L;23;2.34
2022;rd;14800543;Västra Centrum, Klareborgsgatan m fl;Moderaterna;M;68;6.92
2022;rd;14800543;Västra Centrum, Klareborgsgatan m fl;Medborgerlig Samling;MED;2;0.20
2022;rd;14800543;Västra Centrum, Klareborgsgatan m fl;Miljöpartiet de gröna;MP;170;17.29
2022;rd;14800543;Västra Centrum, Klareborgsgatan m fl;Partiet Nyans;NYANS;2;0.20
2022;rd;14800543;Västra Centrum, Klareborgsgatan m fl;Arbetarepartiet-Socialdemokraterna;S;255;25.94
2022;rd;14800543;Västra Centrum, Klareborgsgatan m fl;Sverigedemokraterna;SD;82;8.34
2022;rd;14800543;Västra Centrum, Klareborgsgatan m fl;Vänsterpartiet;V;332;33.77
2022;rd;14800543;Västra Centrum, Klareborgsgatan m fl;övriga anmälda partier;ÖVR;0;0.00
2022;rd;14800544;Västra Centrum, Karl Johan;Centerpartiet;C;41;4.43
2022;rd;14800544;Västra Centrum, Karl Johan;Direktdemokraterna;DD;1;0.11
2022;rd;14800544;Västra Centrum, Karl Johan;Feministiskt initiativ;FI;1;0.11
2022;rd;14800544;Västra Centrum, Karl Johan;Kristdemokraterna;KD;13;1.40
2022;rd;14800544;Västra Centrum, Karl Johan;Knapptryckarna;KNAPP;1;0.11
2022;rd;14800544;Västra Centrum, Karl Johan;Kristna Värdepartiet;KRVP;1;0.11
2022;rd;14800544;Västra Centrum, Karl Johan;Liberalerna (tidigare Folkpartiet);L;31;3.35
2022;rd;14800544;Västra Centrum, Karl Johan;Moderaterna;M;79;8.53
2022;rd;14800544;Västra Centrum, Karl Johan;Medborgerlig Samling;MED;4;0.43
2022;rd;14800544;Västra Centrum, Karl Johan;MoD;MOD;2;0.22
2022;rd;14800544;Västra Centrum, Karl Johan;Miljöpartiet de gröna;MP;183;19.76
2022;rd;14800544;Västra Centrum, Karl Johan;Partiet Nyans;NYANS;1;0.11
2022;rd;14800544;Västra Centrum, Karl Johan;Piratpartiet;PP;2;0.22
2022;rd;14800544;Västra Centrum, Karl Johan;Arbetarepartiet-Socialdemokraterna;S;242;26.13
2022;rd;14800544;Västra Centrum, Karl Johan;Sverigedemokraterna;SD;76;8.21
2022;rd;14800544;Västra Centrum, Karl Johan;Vänsterpartiet;V;247;26.67
2022;rd;14800544;Västra Centrum, Karl Johan;Volt Sverige;VOLT;1;0.11
2022;rd;14800544;Västra Centrum, Karl Johan;övriga anmälda partier;ÖVR;0;0.00
2022;rd;14800545;Västra Centrum, Söderlingska Ängen;Alternativ för Sverige;AFS;3;0.33
2022;rd;14800545;Västra Centrum, Söderlingska Ängen;Centerpartiet;C;33;3.59
2022;rd;14800545;Västra Centrum, Söderlingska Ängen;Feministiskt initiativ;FI;3;0.33
2022;rd;14800545;Västra Centrum, Söderlingska Ängen;Kristdemokraterna;KD;17;1.85
2022;rd;14800545;Västra Centrum, Söderlingska Ängen;Knapptryckarna;KNAPP;1;0.11
2022;rd;14800545;Västra Centrum, Söderlingska Ängen;Liberalerna (tidigare Folkpartiet);L;29;3.16
2022;rd;14800545;Västra Centrum, Söderlingska Ängen;Moderaterna;M;73;7.95
2022;rd;14800545;Västra Centrum, Söderlingska Ängen;Medborgerlig Samling;MED;2;0.22
2022;rd;14800545;Västra Centrum, Söderlingska Ängen;MoD;MOD;2;0.22
2022;rd;14800545;Västra Centrum, Söderlingska Ängen;Miljöpartiet de gröna;MP;140;15.25
2022;rd;14800545;Västra Centrum, Söderlingska Ängen;Partiet Nyans;NYANS;3;0.33
2022;rd;14800545;Västra Centrum, Söderlingska Ängen;Piratpartiet;PP;1;0.11
2022;rd;14800545;Västra Centrum, Söderlingska Ängen;Arbetarepartiet-Socialdemokraterna;S;228;24.84
2022;rd;14800545;Västra Centrum, Söderlingska Ängen;Sverigedemokraterna;SD;99;10.78
2022;rd;14800545;Västra Centrum, Söderlingska Ängen;Vänsterpartiet;V;284;30.94
2022;rd;14800545;Västra Centrum, Söderlingska Ängen;övriga anmälda partier;ÖVR;0;0.00
2022;rd;14800546;Västra Centrum, Kommendörsgatan m fl;Alternativ för Sverige;AFS;2;0.20
2022;rd;14800546;Västra Centrum, Kommendörsgatan m fl;Basinkomstpartiet;BASIP;1;0.10
2022;rd;14800546;Västra Centrum, Kommendörsgatan m fl;Centerpartiet;C;44;4.49
2022;rd;14800546;Västra Centrum, Kommendörsgatan m fl;Feministiskt initiativ;FI;2;0.20
2022;rd;14800546;Västra Centrum, Kommendörsgatan m fl;Kristdemokraterna;KD;18;1.83
2022;rd;14800546;Västra Centrum, Kommendörsgatan m fl;Klimatalliansen;KLIMA;2;0.20
2022;rd;14800546;Västra Centrum, Kommendörsgatan m fl;Liberalerna (tidigare Folkpartiet);L;24;2.45
2022;rd;14800546;Västra Centrum, Kommendörsgatan m fl;Moderaterna;M;66;6.73
2022;rd;14800546;Västra Centrum, Kommendörsgatan m fl;Medborgerlig Samling;MED;2;0.20
2022;rd;14800546;Västra Centrum, Kommendörsgatan m fl;MoD;MOD;5;0.51
2022;rd;14800546;Västra Centrum, Kommendörsgatan m fl;Miljöpartiet de gröna;MP;177;18.04
2022;rd;14800546;Västra Centrum, Kommendörsgatan m fl;Piratpartiet;PP;5;0.51
2022;rd;14800546;Västra Centrum, Kommendörsgatan m fl;Arbetarepartiet-Socialdemokraterna;S;268;27.32
2022;rd;14800546;Västra Centrum, Kommendörsgatan m fl;Sverigedemokraterna;SD;70;7.14
2022;rd;14800546;Västra Centrum, Kommendörsgatan m fl;Vänsterpartiet;V;295;30.07
2022;rd;14800546;Västra Centrum, Kommendörsgatan m fl;övriga anmälda partier;ÖVR;0;0.00
2022;rd;14800547;Västra Centrum, Hängmattan;Alternativ för Sverige;AFS;3;0.33
2022;rd;14800547;Västra Centrum, Hängmattan;Basinkomstpartiet;BASIP;1;0.11
2022;rd;14800547;Västra Centrum, Hängmattan;Centerpartiet;C;44;4.82
2022;rd;14800547;Västra Centrum, Hängmattan;Kristdemokraterna;KD;27;2.96
2022;rd;14800547;Västra Centrum, Hängmattan;Knapptryckarna;KNAPP;4;0.44
2022;rd;14800547;Västra Centrum, Hängmattan;Kristna Värdepartiet;KRVP;2;0.22
2022;rd;14800547;Västra Centrum, Hängmattan;Liberalerna (tidigare Folkpartiet);L;38;4.16
2022;rd;14800547;Västra Centrum, Hängmattan;Moderaterna;M;83;9.09
2022;rd;14800547;Västra Centrum, Hängmattan;Medborgerlig Samling;MED;4;0.44
2022;rd;14800547;Västra Centrum, Hängmattan;MoD;MOD;1;0.11
2022;rd;14800547;Västra Centrum, Hängmattan;Miljöpartiet de gröna;MP;89;9.75
2022;rd;14800547;Västra Centrum, Hängmattan;Partiet Nyans;NYANS;3;0.33
2022;rd;14800547;Västra Centrum, Hängmattan;Piratpartiet;PP;1;0.11
2022;rd;14800547;Västra Centrum, Hängmattan;Arbetarepartiet-Socialdemokraterna;S;258;28.26
2022;rd;14800547;Västra Centrum, Hängmattan;Sverigedemokraterna;SD;125;13.69
2022;rd;14800547;Västra Centrum, Hängmattan;Vänsterpartiet;V;230;25.19
2022;rd;14800547;Västra Centrum, Hängmattan;övriga anmälda partier;ÖVR;0;0.00
2022;rd;14800548;Västra Centrum, Gatenhielmska;Alternativ för Sverige;AFS;2;0.21
2022;rd;14800548;Västra Centrum, Gatenhielmska;Centerpartiet;C;39;4.08
2022;rd;14800548;Västra Centrum, Gatenhielmska;Kristdemokraterna;KD;24;2.51
2022;rd;14800548;Västra Centrum, Gatenhielmska;Knapptryckarna;KNAPP;1;0.10
2022;rd;14800548;Västra Centrum, Gatenhielmska;Liberalerna (tidigare Folkpartiet);L;27;2.82
2022;rd;14800548;Västra Centrum, Gatenhielmska;Moderaterna;M;64;6.69
2022;rd;14800548;Västra Centrum, Gatenhielmska;Medborgerlig Samling;MED;3;0.31
2022;rd;14800548;Västra Centrum, Gatenhielmska;MoD;MOD;1;0.10
2022;rd;14800548;Västra Centrum, Gatenhielmska;Miljöpartiet de gröna;MP;146;15.27
2022;rd;14800548;Västra Centrum, Gatenhielmska;Nu får det fan vara nog;NUFAN;1;0.10
2022;rd;14800548;Västra Centrum, Gatenhielmska;Partiet Nyans;NYANS;2;0.21
2022;rd;14800548;Västra Centrum, Gatenhielmska;Piratpartiet;PP;4;0.42
2022;rd;14800548;Västra Centrum, Gatenhielmska;Arbetarepartiet-Socialdemokraterna;S;249;26.05
2022;rd;14800548;Västra Centrum, Gatenhielmska;Sverigedemokraterna;SD;102;10.67
2022;rd;14800548;Västra Centrum, Gatenhielmska;Vänsterpartiet;V;291;30.44
2022;rd;14800548;Västra Centrum, Gatenhielmska;övriga anmälda partier;ÖVR;0;0.00
2022;rd;14800601;Sydvästra Göteborg, Högsbohöjd Norra;Alternativ för Sverige;AFS;2;0.24
2022;rd;14800601;Sydvästra Göteborg, Högsbohöjd Norra;Centerpartiet;C;35;4.28
2022;rd;14800601;Sydvästra Göteborg, Högsbohöjd Norra;Direktdemokraterna;DD;1;0.12
2022;rd;14800601;Sydvästra Göteborg, Högsbohöjd Norra;Feministiskt initiativ;FI;1;0.12
2022;rd;14800601;Sydvästra Göteborg, Högsbohöjd Norra;Kristdemokraterna;KD;21;2.57
2022;rd;14800601;Sydvästra Göteborg, Högsbohöjd Norra;Liberalerna (tidigare Folkpartiet);L;21;2.57
2022;rd;14800601;Sydvästra Göteborg, Högsbohöjd Norra;Moderaterna;M;89;10.88
2022;rd;14800601;Sydvästra Göteborg, Högsbohöjd Norra;Medborgerlig Samling;MED;3;0.37
2022;rd;14800601;Sydvästra Göteborg, Högsbohöjd Norra;Miljöpartiet de gröna;MP;83;10.15
2022;rd;14800601;Sydvästra Göteborg, Högsbohöjd Norra;Partiet Nyans;NYANS;2;0.24
2022;rd;14800601;Sydvästra Göteborg, Högsbohöjd Norra;Piratpartiet;PP;2;0.24
2022;rd;14800601;Sydvästra Göteborg, Högsbohöjd Norra;Arbetarepartiet-Socialdemokraterna;S;200;24.45
2022;rd;14800601;Sydvästra Göteborg, Högsbohöjd Norra;Sverigedemokraterna;SD;121;14.79
2022;rd;14800601;Sydvästra Göteborg, Högsbohöjd Norra;Vänsterpartiet;V;237;28.97
2022;rd;14800601;Sydvästra Göteborg, Högsbohöjd Norra;övriga anmälda partier;ÖVR;0;0.00
2022;rd;14800602;Sydvästra Göteborg, Högsbohöjd Södra;Alternativ för Sverige;AFS;3;0.36
2022;rd;14800602;Sydvästra Göteborg, Högsbohöjd Södra;Centerpartiet;C;29;3.49
2022;rd;14800602;Sydvästra Göteborg, Högsbohöjd Södra;Kristdemokraterna;KD;22;2.65
2022;rd;14800602;Sydvästra Göteborg, Högsbohöjd Södra;Kristna Värdepartiet;KRVP;1;0.12
2022;rd;14800602;Sydvästra Göteborg, Högsbohöjd Södra;Liberalerna (tidigare Folkpartiet);L;45;5.42
2022;rd;14800602;Sydvästra Göteborg, Högsbohöjd Södra;Moderaterna;M;82;9.88
2022;rd;14800602;Sydvästra Göteborg, Högsbohöjd Södra;Medborgerlig Samling;MED;2;0.24
2022;rd;14800602;Sydvästra Göteborg, Högsbohöjd Södra;MoD;MOD;2;0.24
2022;rd;14800602;Sydvästra Göteborg, Högsbohöjd Södra;Miljöpartiet de gröna;MP;89;10.72
2022;rd;14800602;Sydvästra Göteborg, Högsbohöjd Södra;Partiet Nyans;NYANS;3;0.36
2022;rd;14800602;Sydvästra Göteborg, Högsbohöjd Södra;Piratpartiet;PP;1;0.12
2022;rd;14800602;Sydvästra Göteborg, Högsbohöjd Södra;Arbetarepartiet-Socialdemokraterna;S;251;30.24
2022;rd;14800602;Sydvästra Göteborg, Högsbohöjd Södra;Sverigedemokraterna;SD;118;14.22
2022;rd;14800602;Sydvästra Göteborg, Högsbohöjd Södra;Vänsterpartiet;V;182;21.93
2022;rd;14800602;Sydvästra Göteborg, Högsbohöjd Södra;övriga anmälda partier;ÖVR;0;0.00
2022;rd;14800603;Sydvästra Göteborg, Högsbohöjd Östra;Alternativ för Sverige;AFS;2;0.25
2022;rd;14800603;Sydvästra Göteborg, Högsbohöjd Östra;Centerpartiet;C;16;2.00
2022;rd;14800603;Sydvästra Göteborg, Högsbohöjd Östra;Direktdemokraterna;DD;1;0.12
2022;rd;14800603;Sydvästra Göteborg, Högsbohöjd Östra;Förenade Demokratiska Partiet;FDP;2;0.25
2022;rd;14800603;Sydvästra Göteborg, Högsbohöjd Östra;Feministiskt initiativ;FI;1;0.12
2022;rd;14800603;Sydvästra Göteborg, Högsbohöjd Östra;Kristdemokraterna;KD;22;2.75
2022;rd;14800603;Sydvästra Göteborg, Högsbohöjd Östra;Knapptryckarna;KNAPP;1;0.12
2022;rd;14800603;Sydvästra Göteborg, Högsbohöjd Östra;Kristna Värdepartiet;KRVP;1;0.12
2022;rd;14800603;Sydvästra Göteborg, Högsbohöjd Östra;Liberalerna (tidigare Folkpartiet);L;26;3.25
2022;rd;14800603;Sydvästra Göteborg, Högsbohöjd Östra;Moderaterna;M;48;5.99
2022;rd;14800603;Sydvästra Göteborg, Högsbohöjd Östra;Medborgerlig Samling;MED;2;0.25
2022;rd;14800603;Sydvästra Göteborg, Högsbohöjd Östra;MoD;MOD;2;0.25
2022;rd;14800603;Sydvästra Göteborg, Högsbohöjd Östra;Miljöpartiet de gröna;MP;113;14.11
2022;rd;14800603;Sydvästra Göteborg, Högsbohöjd Östra;Partiet Nyans;NYANS;5;0.62
2022;rd;14800603;Sydvästra Göteborg, Högsbohöjd Östra;Piratpartiet;PP;1;0.12
2022;rd;14800603;Sydvästra Göteborg, Högsbohöjd Östra;Arbetarepartiet-Socialdemokraterna;S;227;28.34
2022;rd;14800603;Sydvästra Göteborg, Högsbohöjd Östra;Sverigedemokraterna;SD;106;13.23
2022;rd;14800603;Sydvästra Göteborg, Högsbohöjd Östra;SKP;SKP;1;0.12
2022;rd;14800603;Sydvästra Göteborg, Högsbohöjd Östra;Vänsterpartiet;V;224;27.97
2022;rd;14800603;Sydvästra Göteborg, Högsbohöjd Östra;övriga anmälda partier;ÖVR;0;0.00
2022;rd;14800604;Sydvästra Göteborg, Högsbotorp V;Centerpartiet;C;70;6.70
2022;rd;14800604;Sydvästra Göteborg, Högsbotorp V;Feministiskt initiativ;FI;1;0.10
2022;rd;14800604;Sydvästra Göteborg, Högsbotorp V;Kristdemokraterna;KD;30;2.87
2022;rd;14800604;Sydvästra Göteborg, Högsbotorp V;Kristna Värdepartiet;KRVP;2;0.19
2022;rd;14800604;Sydvästra Göteborg, Högsbotorp V;Liberalerna (tidigare Folkpartiet);L;70;6.70
2022;rd;14800604;Sydvästra Göteborg, Högsbotorp V;Landsbygdspartiet Oberoende;LPO;1;0.10
2022;rd;14800604;Sydvästra Göteborg, Högsbotorp V;Moderaterna;M;142;13.59
2022;rd;14800604;Sydvästra Göteborg, Högsbotorp V;MoD;MOD;2;0.19
2022;rd;14800604;Sydvästra Göteborg, Högsbotorp V;Miljöpartiet de gröna;MP;144;13.78
2022;rd;14800604;Sydvästra Göteborg, Högsbotorp V;Partiet Nyans;NYANS;1;0.10
2022;rd;14800604;Sydvästra Göteborg, Högsbotorp V;Arbetarepartiet-Socialdemokraterna;S;287;27.46
2022;rd;14800604;Sydvästra Göteborg, Högsbotorp V;Sverigedemokraterna;SD;101;9.67
2022;rd;14800604;Sydvästra Göteborg, Högsbotorp V;Vänsterpartiet;V;194;18.56
2022;rd;14800604;Sydvästra Göteborg, Högsbotorp V;övriga anmälda partier;ÖVR;0;0.00
2022;rd;14800605;Sydvästra Göteborg, Högsbotorp S;Alternativ för Sverige;AFS;2;0.30
2022;rd;14800605;Sydvästra Göteborg, Högsbotorp S;Centerpartiet;C;21;3.13
2022;rd;14800605;Sydvästra Göteborg, Högsbotorp S;Direktdemokraterna;DD;2;0.30
2022;rd;14800605;Sydvästra Göteborg, Högsbotorp S;Feministiskt initiativ;FI;1;0.15
2022;rd;14800605;Sydvästra Göteborg, Högsbotorp S;Kalle ankapartiet;KALLE;1;0.15
2022;rd;14800605;Sydvästra Göteborg, Högsbotorp S;Kristdemokraterna;KD;18;2.69
2022;rd;14800605;Sydvästra Göteborg, Högsbotorp S;Kristna Värdepartiet;KRVP;2;0.30
2022;rd;14800605;Sydvästra Göteborg, Högsbotorp S;Liberalerna (tidigare Folkpartiet);L;22;3.28
2022;rd;14800605;Sydvästra Göteborg, Högsbotorp S;Moderaterna;M;34;5.07
2022;rd;14800605;Sydvästra Göteborg, Högsbotorp S;Medborgerlig Samling;MED;1;0.15
2022;rd;14800605;Sydvästra Göteborg, Högsbotorp S;MoD;MOD;2;0.30
2022;rd;14800605;Sydvästra Göteborg, Högsbotorp S;Miljöpartiet de gröna;MP;74;11.04
2022;rd;14800605;Sydvästra Göteborg, Högsbotorp S;Partiet Nyans;NYANS;4;0.60
2022;rd;14800605;Sydvästra Göteborg, Högsbotorp S;Piratpartiet;PP;3;0.45
2022;rd;14800605;Sydvästra Göteborg, Högsbotorp S;Arbetarepartiet-Socialdemokraterna;S;220;32.84
2022;rd;14800605;Sydvästra Göteborg, Högsbotorp S;Sverigedemokraterna;SD;112;16.72
2022;rd;14800605;Sydvästra Göteborg, Högsbotorp S;Vänsterpartiet;V;151;22.54
2022;rd;14800605;Sydvästra Göteborg, Högsbotorp S;övriga anmälda partier;ÖVR;0;0.00
2022;rd;14800606;Sydvästra Göteborg, Högsbo;Alternativ för Sverige;AFS;2;0.22
2022;rd;14800606;Sydvästra Göteborg, Högsbo;Centerpartiet;C;34;3.68
2022;rd;14800606;Sydvästra Göteborg, Högsbo;Direktdemokraterna;DD;2;0.22
2022;rd;14800606;Sydvästra Göteborg, Högsbo;Förenade Demokratiska Partiet;FDP;1;0.11
2022;rd;14800606;Sydvästra Göteborg, Högsbo;Feministiskt initiativ;FI;1;0.11
2022;rd;14800606;Sydvästra Göteborg, Högsbo;Kristdemokraterna;KD;20;2.16
2022;rd;14800606;Sydvästra Göteborg, Högsbo;Knapptryckarna;KNAPP;2;0.22
2022;rd;14800606;Sydvästra Göteborg, Högsbo;Liberalerna (tidigare Folkpartiet);L;32;3.46
2022;rd;14800606;Sydvästra Göteborg, Högsbo;Moderaterna;M;90;9.74
2022;rd;14800606;Sydvästra Göteborg, Högsbo;Medborgerlig Samling;MED;2;0.22
2022;rd;14800606;Sydvästra Göteborg, Högsbo;Miljöpartiet de gröna;MP;72;7.79
2022;rd;14800606;Sydvästra Göteborg, Högsbo;Partiet Nyans;NYANS;6;0.65
2022;rd;14800606;Sydvästra Göteborg, Högsbo;Piratpartiet;PP;6;0.65
2022;rd;14800606;Sydvästra Göteborg, Högsbo;Arbetarepartiet-Socialdemokraterna;S;288;31.17
2022;rd;14800606;Sydvästra Göteborg, Högsbo;Sverigedemokraterna;SD;143;15.48
2022;rd;14800606;Sydvästra Göteborg, Högsbo;Vänsterpartiet;V;223;24.13
2022;rd;14800606;Sydvästra Göteborg, Högsbo;övriga anmälda partier;ÖVR;0;0.00
2022;rd;14800607;Sydvästra Göteborg, Högsbotorp Östra;Alternativ för Sverige;AFS;6;0.86
2022;rd;14800607;Sydvästra Göteborg, Högsbotorp Östra;Centerpartiet;C;34;4.88
2022;rd;14800607;Sydvästra Göteborg, Högsbotorp Östra;Direktdemokraterna;DD;1;0.14
2022;rd;14800607;Sydvästra Göteborg, Högsbotorp Östra;Kristdemokraterna;KD;17;2.44
2022;rd;14800607;Sydvästra Göteborg, Högsbotorp Östra;Knapptryckarna;KNAPP;2;0.29
2022;rd;14800607;Sydvästra Göteborg, Högsbotorp Östra;Liberalerna (tidigare Folkpartiet);L;27;3.87
2022;rd;14800607;Sydvästra Göteborg, Högsbotorp Östra;Moderaterna;M;67;9.61
2022;rd;14800607;Sydvästra Göteborg, Högsbotorp Östra;Medborgerlig Samling;MED;1;0.14
2022;rd;14800607;Sydvästra Göteborg, Högsbotorp Östra;Miljöpartiet de gröna;MP;61;8.75
2022;rd;14800607;Sydvästra Göteborg, Högsbotorp Östra;Nordiska motståndsrörelsen;NMR;1;0.14
2022;rd;14800607;Sydvästra Göteborg, Högsbotorp Östra;Partiet Nyans;NYANS;3;0.43
2022;rd;14800607;Sydvästra Göteborg, Högsbotorp Östra;Piratpartiet;PP;2;0.29
2022;rd;14800607;Sydvästra Göteborg, Högsbotorp Östra;Arbetarepartiet-Socialdemokraterna;S;246;35.29
2022;rd;14800607;Sydvästra Göteborg, Högsbotorp Östra;Sverigedemokraterna;SD;101;14.49
2022;rd;14800607;Sydvästra Göteborg, Högsbotorp Östra;SKP;SKP;2;0.29
2022;rd;14800607;Sydvästra Göteborg, Högsbotorp Östra;Vänsterpartiet;V;126;18.08
2022;rd;14800607;Sydvästra Göteborg, Högsbotorp Östra;övriga anmälda partier;ÖVR;0;0.00
2022;rd;14800608;Sydvästra Göteborg, Marklandsgatan;Alternativ för Sverige;AFS;3;0.33
2022;rd;14800608;Sydvästra Göteborg, Marklandsgatan;Basinkomstpartiet;BASIP;1;0.11
2022;rd;14800608;Sydvästra Göteborg, Marklandsgatan;Centerpartiet;C;39;4.34
2022;rd;14800608;Sydvästra Göteborg, Marklandsgatan;Kristdemokraterna;KD;51;5.67
2022;rd;14800608;Sydvästra Göteborg, Marklandsgatan;Klassiskt liberala partiet;KLP;2;0.22
2022;rd;14800608;Sydvästra Göteborg, Marklandsgatan;Kristna Värdepartiet;KRVP;1;0.11
2022;rd;14800608;Sydvästra Göteborg, Marklandsgatan;Liberalerna (tidigare Folkpartiet);L;41;4.56
2022;rd;14800608;Sydvästra Göteborg, Marklandsgatan;Moderaterna;M;129;14.35
2022;rd;14800608;Sydvästra Göteborg, Marklandsgatan;Medborgerlig Samling;MED;1;0.11
2022;rd;14800608;Sydvästra Göteborg, Marklandsgatan;MoD;MOD;1;0.11
2022;rd;14800608;Sydvästra Göteborg, Marklandsgatan;Miljöpartiet de gröna;MP;69;7.68
2022;rd;14800608;Sydvästra Göteborg, Marklandsgatan;Partiet Nyans;NYANS;5;0.56
2022;rd;14800608;Sydvästra Göteborg, Marklandsgatan;Piratpartiet;PP;4;0.44
2022;rd;14800608;Sydvästra Göteborg, Marklandsgatan;Arbetarepartiet-Socialdemokraterna;S;265;29.48
2022;rd;14800608;Sydvästra Göteborg, Marklandsgatan;Sverigedemokraterna;SD;139;15.46
2022;rd;14800608;Sydvästra Göteborg, Marklandsgatan;Vänsterpartiet;V;147;16.35
2022;rd;14800608;Sydvästra Göteborg, Marklandsgatan;Valsamverkanspartiet;VSP;1;0.11
2022;rd;14800608;Sydvästra Göteborg, Marklandsgatan;övriga anmälda partier;ÖVR;0;0.00
2022;rd;14800609;Sydvästra Göteborg, Kapplandsgatan;Alternativ för Sverige;AFS;3;0.41
2022;rd;14800609;Sydvästra Göteborg, Kapplandsgatan;Basinkomstpartiet;BASIP;1;0.14
2022;rd;14800609;Sydvästra Göteborg, Kapplandsgatan;Centerpartiet;C;49;6.74
2022;rd;14800609;Sydvästra Göteborg, Kapplandsgatan;Feministiskt initiativ;FI;1;0.14
2022;rd;14800609;Sydvästra Göteborg, Kapplandsgatan;Kristdemokraterna;KD;20;2.75
2022;rd;14800609;Sydvästra Göteborg, Kapplandsgatan;Liberalerna (tidigare Folkpartiet);L;46;6.33
2022;rd;14800609;Sydvästra Göteborg, Kapplandsgatan;Moderaterna;M;123;16.92
2022;rd;14800609;Sydvästra Göteborg, Kapplandsgatan;Miljöpartiet de gröna;MP;74;10.18
2022;rd;14800609;Sydvästra Göteborg, Kapplandsgatan;Piratpartiet;PP;3;0.41
2022;rd;14800609;Sydvästra Göteborg, Kapplandsgatan;Arbetarepartiet-Socialdemokraterna;S;211;29.02
2022;rd;14800609;Sydvästra Göteborg, Kapplandsgatan;Sverigedemokraterna;SD;86;11.83
2022;rd;14800609;Sydvästra Göteborg, Kapplandsgatan;Vänsterpartiet;V;110;15.13
2022;rd;14800609;Sydvästra Göteborg, Kapplandsgatan;övriga anmälda partier;ÖVR;0;0.00
2022;rd;14800610;Sydvästra Göteborg, Flatås Västra;Alternativ för Sverige;AFS;3;0.31
2022;rd;14800610;Sydvästra Göteborg, Flatås Västra;Centerpartiet;C;55;5.60
2022;rd;14800610;Sydvästra Göteborg, Flatås Västra;Enhet;ENH;2;0.20
2022;rd;14800610;Sydvästra Göteborg, Flatås Västra;Feministiskt initiativ;FI;1;0.10
2022;rd;14800610;Sydvästra Göteborg, Flatås Västra;Kristdemokraterna;KD;49;4.99
2022;rd;14800610;Sydvästra Göteborg, Flatås Västra;Klimatalliansen;KLIMA;1;0.10
2022;rd;14800610;Sydvästra Göteborg, Flatås Västra;Liberalerna (tidigare Folkpartiet);L;49;4.99
2022;rd;14800610;Sydvästra Göteborg, Flatås Västra;Moderaterna;M;158;16.09
2022;rd;14800610;Sydvästra Göteborg, Flatås Västra;Medborgerlig Samling;MED;4;0.41
2022;rd;14800610;Sydvästra Göteborg, Flatås Västra;MoD;MOD;3;0.31
2022;rd;14800610;Sydvästra Göteborg, Flatås Västra;Miljöpartiet de gröna;MP;74;7.54
2022;rd;14800610;Sydvästra Göteborg, Flatås Västra;Partiet Nyans;NYANS;1;0.10
2022;rd;14800610;Sydvästra Göteborg, Flatås Västra;Piratpartiet;PP;5;0.51
2022;rd;14800610;Sydvästra Göteborg, Flatås Västra;Arbetarepartiet-Socialdemokraterna;S;267;27.19
2022;rd;14800610;Sydvästra Göteborg, Flatås Västra;Sverigedemokraterna;SD;152;15.48
2022;rd;14800610;Sydvästra Göteborg, Flatås Västra;Vänsterpartiet;V;158;16.09
2022;rd;14800610;Sydvästra Göteborg, Flatås Västra;övriga anmälda partier;ÖVR;0;0.00
2022;rd;14800611;Sydvästra Göteborg, Flatås Södra;Alternativ för Sverige;AFS;3;0.32
2022;rd;14800611;Sydvästra Göteborg, Flatås Södra;Centerpartiet;C;37;3.98
2022;rd;14800611;Sydvästra Göteborg, Flatås Södra;Feministiskt initiativ;FI;1;0.11
2022;rd;14800611;Sydvästra Göteborg, Flatås Södra;Kristdemokraterna;KD;29;3.12
2022;rd;14800611;Sydvästra Göteborg, Flatås Södra;Knapptryckarna;KNAPP;5;0.54
2022;rd;14800611;Sydvästra Göteborg, Flatås Södra;Liberalerna (tidigare Folkpartiet);L;43;4.63
2022;rd;14800611;Sydvästra Göteborg, Flatås Södra;Moderaterna;M;138;14.85
2022;rd;14800611;Sydvästra Göteborg, Flatås Södra;Medborgerlig Samling;MED;3;0.32
2022;rd;14800611;Sydvästra Göteborg, Flatås Södra;Miljöpartiet de gröna;MP;75;8.07
2022;rd;14800611;Sydvästra Göteborg, Flatås Södra;Partiet Nyans;NYANS;2;0.22
2022;rd;14800611;Sydvästra Göteborg, Flatås Södra;Arbetarepartiet-Socialdemokraterna;S;280;30.14
2022;rd;14800611;Sydvästra Göteborg, Flatås Södra;Sverigedemokraterna;SD;179;19.27
2022;rd;14800611;Sydvästra Göteborg, Flatås Södra;Vänsterpartiet;V;134;14.42
2022;rd;14800611;Sydvästra Göteborg, Flatås Södra;övriga anmälda partier;ÖVR;0;0.00
2022;rd;14800612;Sydvästra Göteborg, Kaverös Norra;Alternativ för Sverige;AFS;1;0.13
2022;rd;14800612;Sydvästra Göteborg, Kaverös Norra;Centerpartiet;C;20;2.66
2022;rd;14800612;Sydvästra Göteborg, Kaverös Norra;Direktdemokraterna;DD;1;0.13
2022;rd;14800612;Sydvästra Göteborg, Kaverös Norra;Feministiskt initiativ;FI;1;0.13
2022;rd;14800612;Sydvästra Göteborg, Kaverös Norra;Kristdemokraterna;KD;23;3.06
2022;rd;14800612;Sydvästra Göteborg, Kaverös Norra;Klimatalliansen;KLIMA;1;0.13
2022;rd;14800612;Sydvästra Göteborg, Kaverös Norra;Knapptryckarna;KNAPP;1;0.13
2022;rd;14800612;Sydvästra Göteborg, Kaverös Norra;Liberalerna (tidigare Folkpartiet);L;33;4.39
2022;rd;14800612;Sydvästra Göteborg, Kaverös Norra;Moderaterna;M;75;9.99
2022;rd;14800612;Sydvästra Göteborg, Kaverös Norra;MoD;MOD;3;0.40
2022;rd;14800612;Sydvästra Göteborg, Kaverös Norra;Miljöpartiet de gröna;MP;66;8.79
2022;rd;14800612;Sydvästra Göteborg, Kaverös Norra;Nordiska motståndsrörelsen;NMR;1;0.13
2022;rd;14800612;Sydvästra Göteborg, Kaverös Norra;Partiet Nyans;NYANS;6;0.80
2022;rd;14800612;Sydvästra Göteborg, Kaverös Norra;Piratpartiet;PP;4;0.53
2022;rd;14800612;Sydvästra Göteborg, Kaverös Norra;Arbetarepartiet-Socialdemokraterna;S;238;31.69
2022;rd;14800612;Sydvästra Göteborg, Kaverös Norra;Sverigedemokraterna;SD;116;15.45
2022;rd;14800612;Sydvästra Göteborg, Kaverös Norra;Vänsterpartiet;V;161;21.44
2022;rd;14800612;Sydvästra Göteborg, Kaverös Norra;övriga anmälda partier;ÖVR;0;0.00
2022;rd;14800613;Sydvästra Göteborg, Kavås;Alternativ för Sverige;AFS;4;0.40
2022;rd;14800613;Sydvästra Göteborg, Kavås;Basinkomstpartiet;BASIP;1;0.10
2022;rd;14800613;Sydvästra Göteborg, Kavås;Centerpartiet;C;34;3.39
2022;rd;14800613;Sydvästra Göteborg, Kavås;Direktdemokraterna;DD;1;0.10
2022;rd;14800613;Sydvästra Göteborg, Kavås;Feministiskt initiativ;FI;4;0.40
2022;rd;14800613;Sydvästra Göteborg, Kavås;Kristdemokraterna;KD;35;3.49
2022;rd;14800613;Sydvästra Göteborg, Kavås;Klimatalliansen;KLIMA;2;0.20
2022;rd;14800613;Sydvästra Göteborg, Kavås;Kristna Värdepartiet;KRVP;3;0.30
2022;rd;14800613;Sydvästra Göteborg, Kavås;Liberalerna (tidigare Folkpartiet);L;54;5.38
2022;rd;14800613;Sydvästra Göteborg, Kavås;Moderaterna;M;141;14.06
2022;rd;14800613;Sydvästra Göteborg, Kavås;Medborgerlig Samling;MED;2;0.20
2022;rd;14800613;Sydvästra Göteborg, Kavås;Miljöpartiet de gröna;MP;114;11.37
2022;rd;14800613;Sydvästra Göteborg, Kavås;Piratpartiet;PP;1;0.10
2022;rd;14800613;Sydvästra Göteborg, Kavås;Arbetarepartiet-Socialdemokraterna;S;324;32.30
2022;rd;14800613;Sydvästra Göteborg, Kavås;Sverigedemokraterna;SD;146;14.56
2022;rd;14800613;Sydvästra Göteborg, Kavås;Stram Kurs Sverige;SKS;2;0.20
2022;rd;14800613;Sydvästra Göteborg, Kavås;Vänsterpartiet;V;135;13.46
2022;rd;14800613;Sydvästra Göteborg, Kavås;övriga anmälda partier;ÖVR;0;0.00
2022;rd;14800614;Sydvästra Göteborg, Kaverös Södra;Alternativ för Sverige;AFS;3;0.34
2022;rd;14800614;Sydvästra Göteborg, Kaverös Södra;Basinkomstpartiet;BASIP;1;0.11
2022;rd;14800614;Sydvästra Göteborg, Kaverös Södra;Centerpartiet;C;50;5.72
2022;rd;14800614;Sydvästra Göteborg, Kaverös Södra;Kristdemokraterna;KD;27;3.09
2022;rd;14800614;Sydvästra Göteborg, Kaverös Södra;Knapptryckarna;KNAPP;2;0.23
2022;rd;14800614;Sydvästra Göteborg, Kaverös Södra;Kristna Värdepartiet;KRVP;1;0.11
2022;rd;14800614;Sydvästra Göteborg, Kaverös Södra;Liberalerna (tidigare Folkpartiet);L;41;4.69
2022;rd;14800614;Sydvästra Göteborg, Kaverös Södra;Moderaterna;M;128;14.65
2022;rd;14800614;Sydvästra Göteborg, Kaverös Södra;MoD;MOD;1;0.11
2022;rd;14800614;Sydvästra Göteborg, Kaverös Södra;Miljöpartiet de gröna;MP;72;8.24
2022;rd;14800614;Sydvästra Göteborg, Kaverös Södra;Partiet Nyans;NYANS;2;0.23
2022;rd;14800614;Sydvästra Göteborg, Kaverös Södra;Piratpartiet;PP;1;0.11
2022;rd;14800614;Sydvästra Göteborg, Kaverös Södra;Arbetarepartiet-Socialdemokraterna;S;272;31.12
2022;rd;14800614;Sydvästra Göteborg, Kaverös Södra;Sverigedemokraterna;SD;159;18.19
2022;rd;14800614;Sydvästra Göteborg, Kaverös Södra;Vänsterpartiet;V;114;13.04
2022;rd;14800614;Sydvästra Göteborg, Kaverös Södra;övriga anmälda partier;ÖVR;0;0.00
2022;rd;14800615;Sydvästra Göteborg, Altplatsen;Alternativ för Sverige;AFS;1;0.13
2022;rd;14800615;Sydvästra Göteborg, Altplatsen;Basinkomstpartiet;BASIP;1;0.13
2022;rd;14800615;Sydvästra Göteborg, Altplatsen;Centerpartiet;C;32;4.16
2022;rd;14800615;Sydvästra Göteborg, Altplatsen;Direktdemokraterna;DD;1;0.13
2022;rd;14800615;Sydvästra Göteborg, Altplatsen;Kristdemokraterna;KD;30;3.90
2022;rd;14800615;Sydvästra Göteborg, Altplatsen;Kristna Värdepartiet;KRVP;2;0.26
2022;rd;14800615;Sydvästra Göteborg, Altplatsen;Liberalerna (tidigare Folkpartiet);L;38;4.94
2022;rd;14800615;Sydvästra Göteborg, Altplatsen;Moderaterna;M;102;13.25
2022;rd;14800615;Sydvästra Göteborg, Altplatsen;Medborgerlig Samling;MED;4;0.52
2022;rd;14800615;Sydvästra Göteborg, Altplatsen;Miljöpartiet de gröna;MP;52;6.75
2022;rd;14800615;Sydvästra Göteborg, Altplatsen;Partiet Nyans;NYANS;1;0.13
2022;rd;14800615;Sydvästra Göteborg, Altplatsen;Piratpartiet;PP;3;0.39
2022;rd;14800615;Sydvästra Göteborg, Altplatsen;Arbetarepartiet-Socialdemokraterna;S;265;34.42
2022;rd;14800615;Sydvästra Göteborg, Altplatsen;Sverigedemokraterna;SD;159;20.65
2022;rd;14800615;Sydvästra Göteborg, Altplatsen;Socialisterna-Välfärdspartiet;SOCV;1;0.13
2022;rd;14800615;Sydvästra Göteborg, Altplatsen;Vänsterpartiet;V;78;10.13
2022;rd;14800615;Sydvästra Göteborg, Altplatsen;övriga anmälda partier;ÖVR;0;0.00
2022;rd;14800616;Sydvästra Göteborg, Ruddalen;Alternativ för Sverige;AFS;4;0.50
2022;rd;14800616;Sydvästra Göteborg, Ruddalen;Centerpartiet;C;45;5.62
2022;rd;14800616;Sydvästra Göteborg, Ruddalen;Feministiskt initiativ;FI;1;0.12
2022;rd;14800616;Sydvästra Göteborg, Ruddalen;Kristdemokraterna;KD;36;4.49
2022;rd;14800616;Sydvästra Göteborg, Ruddalen;Klimatalliansen;KLIMA;1;0.12
2022;rd;14800616;Sydvästra Göteborg, Ruddalen;Knapptryckarna;KNAPP;1;0.12
2022;rd;14800616;Sydvästra Göteborg, Ruddalen;Kristna Värdepartiet;KRVP;1;0.12
2022;rd;14800616;Sydvästra Göteborg, Ruddalen;Liberalerna (tidigare Folkpartiet);L;27;3.37
2022;rd;14800616;Sydvästra Göteborg, Ruddalen;Moderaterna;M;116;14.48
2022;rd;14800616;Sydvästra Göteborg, Ruddalen;Medborgerlig Samling;MED;1;0.12
2022;rd;14800616;Sydvästra Göteborg, Ruddalen;Miljöpartiet de gröna;MP;56;6.99
2022;rd;14800616;Sydvästra Göteborg, Ruddalen;Partiet Nyans;NYANS;4;0.50
2022;rd;14800616;Sydvästra Göteborg, Ruddalen;Arbetarepartiet-Socialdemokraterna;S;278;34.71
2022;rd;14800616;Sydvästra Göteborg, Ruddalen;Sverigedemokraterna;SD;140;17.48
2022;rd;14800616;Sydvästra Göteborg, Ruddalen;Vänsterpartiet;V;90;11.24
2022;rd;14800616;Sydvästra Göteborg, Ruddalen;övriga anmälda partier;ÖVR;0;0.00
2022;rd;14800617;Sydvästra Göteborg, Gånglåten;Alternativ för Sverige;AFS;1;0.14
2022;rd;14800617;Sydvästra Göteborg, Gånglåten;Centerpartiet;C;24;3.25
2022;rd;14800617;Sydvästra Göteborg, Gånglåten;Kristdemokraterna;KD;35;4.74
2022;rd;14800617;Sydvästra Göteborg, Gånglåten;Knapptryckarna;KNAPP;2;0.27
2022;rd;14800617;Sydvästra Göteborg, Gånglåten;Kristna Värdepartiet;KRVP;3;0.41
2022;rd;14800617;Sydvästra Göteborg, Gånglåten;Liberalerna (tidigare Folkpartiet);L;21;2.84
2022;rd;14800617;Sydvästra Göteborg, Gånglåten;Moderaterna;M;85;11.50
2022;rd;14800617;Sydvästra Göteborg, Gånglåten;MoD;MOD;9;1.22
2022;rd;14800617;Sydvästra Göteborg, Gånglåten;Miljöpartiet de gröna;MP;28;3.79
2022;rd;14800617;Sydvästra Göteborg, Gånglåten;Nordiska motståndsrörelsen;NMR;1;0.14
2022;rd;14800617;Sydvästra Göteborg, Gånglåten;Partiet Nyans;NYANS;18;2.44
2022;rd;14800617;Sydvästra Göteborg, Gånglåten;Piratpartiet;PP;1;0.14
2022;rd;14800617;Sydvästra Göteborg, Gånglåten;Arbetarepartiet-Socialdemokraterna;S;261;35.32
2022;rd;14800617;Sydvästra Göteborg, Gånglåten;Sverigedemokraterna;SD;150;20.30
2022;rd;14800617;Sydvästra Göteborg, Gånglåten;Vänsterpartiet;V;100;13.53
2022;rd;14800617;Sydvästra Göteborg, Gånglåten;övriga anmälda partier;ÖVR;0;0.00
2022;rd;14800618;Sydvästra Göteborg, Frölunda;Alternativ för Sverige;AFS;4;0.52
2022;rd;14800618;Sydvästra Göteborg, Frölunda;Centerpartiet;C;45;5.80
2022;rd;14800618;Sydvästra Göteborg, Frölunda;Förenade Demokratiska Partiet;FDP;1;0.13
2022;rd;14800618;Sydvästra Göteborg, Frölunda;Kristdemokraterna;KD;41;5.28
2022;rd;14800618;Sydvästra Göteborg, Frölunda;Klimatalliansen;KLIMA;1;0.13
2022;rd;14800618;Sydvästra Göteborg, Frölunda;Kristna Värdepartiet;KRVP;1;0.13
2022;rd;14800618;Sydvästra Göteborg, Frölunda;Liberalerna (tidigare Folkpartiet);L;32;4.12
2022;rd;14800618;Sydvästra Göteborg, Frölunda;Moderaterna;M;126;16.24
2022;rd;14800618;Sydvästra Göteborg, Frölunda;Medborgerlig Samling;MED;2;0.26
2022;rd;14800618;Sydvästra Göteborg, Frölunda;Miljöpartiet de gröna;MP;39;5.03
2022;rd;14800618;Sydvästra Göteborg, Frölunda;Partiet Nyans;NYANS;10;1.29
2022;rd;14800618;Sydvästra Göteborg, Frölunda;Piratpartiet;PP;2;0.26
2022;rd;14800618;Sydvästra Göteborg, Frölunda;Arbetarepartiet-Socialdemokraterna;S;257;33.12
2022;rd;14800618;Sydvästra Göteborg, Frölunda;Sverigedemokraterna;SD;123;15.85
2022;rd;14800618;Sydvästra Göteborg, Frölunda;Vänsterpartiet;V;92;11.86
2022;rd;14800618;Sydvästra Göteborg, Frölunda;övriga anmälda partier;ÖVR;0;0.00
2022;rd;14800619;Sydvästra Göteborg, Frölunda Torg V;Alternativ för Sverige;AFS;2;0.44
2022;rd;14800619;Sydvästra Göteborg, Frölunda Torg V;Centerpartiet;C;19;4.15
2022;rd;14800619;Sydvästra Göteborg, Frölunda Torg V;Förenade Demokratiska Partiet;FDP;1;0.22
2022;rd;14800619;Sydvästra Göteborg, Frölunda Torg V;Feministiskt initiativ;FI;2;0.44
2022;rd;14800619;Sydvästra Göteborg, Frölunda Torg V;Kristdemokraterna;KD;17;3.71
2022;rd;14800619;Sydvästra Göteborg, Frölunda Torg V;Kristna Värdepartiet;KRVP;1;0.22
2022;rd;14800619;Sydvästra Göteborg, Frölunda Torg V;Liberalerna (tidigare Folkpartiet);L;17;3.71
2022;rd;14800619;Sydvästra Göteborg, Frölunda Torg V;Moderaterna;M;54;11.79
2022;rd;14800619;Sydvästra Göteborg, Frölunda Torg V;Medborgerlig Samling;MED;2;0.44
2022;rd;14800619;Sydvästra Göteborg, Frölunda Torg V;MoD;MOD;5;1.09
2022;rd;14800619;Sydvästra Göteborg, Frölunda Torg V;Miljöpartiet de gröna;MP;11;2.40
2022;rd;14800619;Sydvästra Göteborg, Frölunda Torg V;Partiet Nyans;NYANS;12;2.62
2022;rd;14800619;Sydvästra Göteborg, Frölunda Torg V;Piratpartiet;PP;1;0.22
2022;rd;14800619;Sydvästra Göteborg, Frölunda Torg V;Arbetarepartiet-Socialdemokraterna;S;156;34.06
2022;rd;14800619;Sydvästra Göteborg, Frölunda Torg V;Sverigedemokraterna;SD;55;12.01
2022;rd;14800619;Sydvästra Göteborg, Frölunda Torg V;SKP;SKP;1;0.22
2022;rd;14800619;Sydvästra Göteborg, Frölunda Torg V;Vänsterpartiet;V;102;22.27
2022;rd;14800619;Sydvästra Göteborg, Frölunda Torg V;övriga anmälda partier;ÖVR;0;0.00
2022;rd;14800620;Sydvästra Göteborg, Frölunda Torg Ö;Alternativ för Sverige;AFS;1;0.14
2022;rd;14800620;Sydvästra Göteborg, Frölunda Torg Ö;Centerpartiet;C;17;2.43
2022;rd;14800620;Sydvästra Göteborg, Frölunda Torg Ö;Direktdemokraterna;DD;1;0.14
2022;rd;14800620;Sydvästra Göteborg, Frölunda Torg Ö;Kristdemokraterna;KD;32;4.57
2022;rd;14800620;Sydvästra Göteborg, Frölunda Torg Ö;Liberalerna (tidigare Folkpartiet);L;25;3.57
2022;rd;14800620;Sydvästra Göteborg, Frölunda Torg Ö;Moderaterna;M;76;10.86
2022;rd;14800620;Sydvästra Göteborg, Frölunda Torg Ö;Medborgerlig Samling;MED;1;0.14
2022;rd;14800620;Sydvästra Göteborg, Frölunda Torg Ö;Miljöpartiet de gröna;MP;36;5.14
2022;rd;14800620;Sydvästra Göteborg, Frölunda Torg Ö;Partiet Nyans;NYANS;20;2.86
2022;rd;14800620;Sydvästra Göteborg, Frölunda Torg Ö;Piratpartiet;PP;1;0.14
2022;rd;14800620;Sydvästra Göteborg, Frölunda Torg Ö;Arbetarepartiet-Socialdemokraterna;S;259;37.00
2022;rd;14800620;Sydvästra Göteborg, Frölunda Torg Ö;Sverigedemokraterna;SD;131;18.71
2022;rd;14800620;Sydvästra Göteborg, Frölunda Torg Ö;Vänsterpartiet;V;100;14.29
2022;rd;14800620;Sydvästra Göteborg, Frölunda Torg Ö;övriga anmälda partier;ÖVR;0;0.00
2022;rd;14800621;Sydvästra Göteborg, Positivparken;Alternativ för Sverige;AFS;2;0.35
2022;rd;14800621;Sydvästra Göteborg, Positivparken;Basinkomstpartiet;BASIP;1;0.17
2022;rd;14800621;Sydvästra Göteborg, Positivparken;Centerpartiet;C;14;2.45
2022;rd;14800621;Sydvästra Göteborg, Positivparken;Förenade Demokratiska Partiet;FDP;1;0.17
2022;rd;14800621;Sydvästra Göteborg, Positivparken;Kristdemokraterna;KD;10;1.75
2022;rd;14800621;Sydvästra Göteborg, Positivparken;Klimatalliansen;KLIMA;1;0.17
2022;rd;14800621;Sydvästra Göteborg, Positivparken;Liberalerna (tidigare Folkpartiet);L;7;1.22
2022;rd;14800621;Sydvästra Göteborg, Positivparken;Moderaterna;M;45;7.87
2022;rd;14800621;Sydvästra Göteborg, Positivparken;Medborgerlig Samling;MED;1;0.17
2022;rd;14800621;Sydvästra Göteborg, Positivparken;Miljöpartiet de gröna;MP;25;4.37
2022;rd;14800621;Sydvästra Göteborg, Positivparken;Partiet Nyans;NYANS;8;1.40
2022;rd;14800621;Sydvästra Göteborg, Positivparken;Arbetarepartiet-Socialdemokraterna;S;237;41.43
2022;rd;14800621;Sydvästra Göteborg, Positivparken;Sverigedemokraterna;SD;106;18.53
2022;rd;14800621;Sydvästra Göteborg, Positivparken;Vänsterpartiet;V;114;19.93
2022;rd;14800621;Sydvästra Göteborg, Positivparken;övriga anmälda partier;ÖVR;0;0.00
2022;rd;14800622;Sydvästra Göteborg, Spinetten;Alternativ för Sverige;AFS;3;0.40
2022;rd;14800622;Sydvästra Göteborg, Spinetten;Centerpartiet;C;18;2.39
2022;rd;14800622;Sydvästra Göteborg, Spinetten;Feministiskt initiativ;FI;1;0.13
2022;rd;14800622;Sydvästra Göteborg, Spinetten;Kristdemokraterna;KD;21;2.79
2022;rd;14800622;Sydvästra Göteborg, Spinetten;Kristna Värdepartiet;KRVP;1;0.13
2022;rd;14800622;Sydvästra Göteborg, Spinetten;Liberalerna (tidigare Folkpartiet);L;21;2.79
2022;rd;14800622;Sydvästra Göteborg, Spinetten;Moderaterna;M;82;10.90
2022;rd;14800622;Sydvästra Göteborg, Spinetten;Medborgerlig Samling;MED;1;0.13
2022;rd;14800622;Sydvästra Göteborg, Spinetten;MoD;MOD;1;0.13
2022;rd;14800622;Sydvästra Göteborg, Spinetten;Miljöpartiet de gröna;MP;28;3.72
2022;rd;14800622;Sydvästra Göteborg, Spinetten;Nordiska motståndsrörelsen;NMR;1;0.13
2022;rd;14800622;Sydvästra Göteborg, Spinetten;Partiet Nyans;NYANS;13;1.73
2022;rd;14800622;Sydvästra Göteborg, Spinetten;Piratpartiet;PP;1;0.13
2022;rd;14800622;Sydvästra Göteborg, Spinetten;Arbetarepartiet-Socialdemokraterna;S;240;31.91
2022;rd;14800622;Sydvästra Göteborg, Spinetten;Sverigedemokraterna;SD;188;25.00
2022;rd;14800622;Sydvästra Göteborg, Spinetten;Vänsterpartiet;V;132;17.55
2022;rd;14800622;Sydvästra Göteborg, Spinetten;övriga anmälda partier;ÖVR;0;0.00
2022;rd;14800623;Sydvästra Göteborg, Tofta;Alternativ för Sverige;AFS;4;0.56
2022;rd;14800623;Sydvästra Göteborg, Tofta;Centerpartiet;C;25;3.52
2022;rd;14800623;Sydvästra Göteborg, Tofta;Direktdemokraterna;DD;1;0.14
2022;rd;14800623;Sydvästra Göteborg, Tofta;Kristdemokraterna;KD;30;4.23
2022;rd;14800623;Sydvästra Göteborg, Tofta;Klimatalliansen;KLIMA;1;0.14
2022;rd;14800623;Sydvästra Göteborg, Tofta;Kristna Värdepartiet;KRVP;3;0.42
2022;rd;14800623;Sydvästra Göteborg, Tofta;Liberalerna (tidigare Folkpartiet);L;33;4.65
2022;rd;14800623;Sydvästra Göteborg, Tofta;Moderaterna;M;46;6.48
2022;rd;14800623;Sydvästra Göteborg, Tofta;Miljöpartiet de gröna;MP;30;4.23
2022;rd;14800623;Sydvästra Göteborg, Tofta;Partiet Nyans;NYANS;4;0.56
2022;rd;14800623;Sydvästra Göteborg, Tofta;Piratpartiet;PP;1;0.14
2022;rd;14800623;Sydvästra Göteborg, Tofta;Arbetarepartiet-Socialdemokraterna;S;260;36.62
2022;rd;14800623;Sydvästra Göteborg, Tofta;Sverigedemokraterna;SD;151;21.27
2022;rd;14800623;Sydvästra Göteborg, Tofta;Vänsterpartiet;V;121;17.04
2022;rd;14800623;Sydvästra Göteborg, Tofta;övriga anmälda partier;ÖVR;0;0.00
2022;rd;14800624;Sydvästra Göteborg, Järnbrott Västra;Alternativ för Sverige;AFS;1;0.13
2022;rd;14800624;Sydvästra Göteborg, Järnbrott Västra;Centerpartiet;C;37;4.74
2022;rd;14800624;Sydvästra Göteborg, Järnbrott Västra;Direktdemokraterna;DD;1;0.13
2022;rd;14800624;Sydvästra Göteborg, Järnbrott Västra;Kristdemokraterna;KD;32;4.10
2022;rd;14800624;Sydvästra Göteborg, Järnbrott Västra;Klassiskt liberala partiet;KLP;1;0.13
2022;rd;14800624;Sydvästra Göteborg, Järnbrott Västra;Knapptryckarna;KNAPP;1;0.13
2022;rd;14800624;Sydvästra Göteborg, Järnbrott Västra;Kristna Värdepartiet;KRVP;1;0.13
2022;rd;14800624;Sydvästra Göteborg, Järnbrott Västra;Liberalerna (tidigare Folkpartiet);L;27;3.46
2022;rd;14800624;Sydvästra Göteborg, Järnbrott Västra;Moderaterna;M;89;11.41
2022;rd;14800624;Sydvästra Göteborg, Järnbrott Västra;MoD;MOD;1;0.13
2022;rd;14800624;Sydvästra Göteborg, Järnbrott Västra;Miljöpartiet de gröna;MP;59;7.56
2022;rd;14800624;Sydvästra Göteborg, Järnbrott Västra;Partiet Nyans;NYANS;3;0.38
2022;rd;14800624;Sydvästra Göteborg, Järnbrott Västra;Arbetarepartiet-Socialdemokraterna;S;260;33.33
2022;rd;14800624;Sydvästra Göteborg, Järnbrott Västra;Sverigedemokraterna;SD;158;20.26
2022;rd;14800624;Sydvästra Göteborg, Järnbrott Västra;Vänsterpartiet;V;109;13.97
2022;rd;14800624;Sydvästra Göteborg, Järnbrott Västra;övriga anmälda partier;ÖVR;0;0.00
2022;rd;14800625;Sydvästra Göteborg, Järnbrott Östra;Alternativ för Sverige;AFS;4;0.47
2022;rd;14800625;Sydvästra Göteborg, Järnbrott Östra;Centerpartiet;C;24;2.80
2022;rd;14800625;Sydvästra Göteborg, Järnbrott Östra;Direktdemokraterna;DD;1;0.12
2022;rd;14800625;Sydvästra Göteborg, Järnbrott Östra;Enhet;ENH;1;0.12
2022;rd;14800625;Sydvästra Göteborg, Järnbrott Östra;Kristdemokraterna;KD;33;3.85
2022;rd;14800625;Sydvästra Göteborg, Järnbrott Östra;Klimatalliansen;KLIMA;2;0.23
2022;rd;14800625;Sydvästra Göteborg, Järnbrott Östra;Knapptryckarna;KNAPP;1;0.12
2022;rd;14800625;Sydvästra Göteborg, Järnbrott Östra;Liberalerna (tidigare Folkpartiet);L;33;3.85
2022;rd;14800625;Sydvästra Göteborg, Järnbrott Östra;Moderaterna;M;110;12.84
2022;rd;14800625;Sydvästra Göteborg, Järnbrott Östra;Medborgerlig Samling;MED;2;0.23
2022;rd;14800625;Sydvästra Göteborg, Järnbrott Östra;MoD;MOD;1;0.12
2022;rd;14800625;Sydvästra Göteborg, Järnbrott Östra;Miljöpartiet de gröna;MP;47;5.48
2022;rd;14800625;Sydvästra Göteborg, Järnbrott Östra;Partiet Nyans;NYANS;9;1.05
2022;rd;14800625;Sydvästra Göteborg, Järnbrott Östra;Arbetarepartiet-Socialdemokraterna;S;274;31.97
2022;rd;14800625;Sydvästra Göteborg, Järnbrott Östra;Sverigedemokraterna;SD;213;24.85
2022;rd;14800625;Sydvästra Göteborg, Järnbrott Östra;Vänsterpartiet;V;101;11.79
2022;rd;14800625;Sydvästra Göteborg, Järnbrott Östra;Valsamverkanspartiet;VSP;1;0.12
2022;rd;14800625;Sydvästra Göteborg, Järnbrott Östra;övriga anmälda partier;ÖVR;0;0.00
2022;rd;14800626;Sydvästra Göteborg, Järnbrott Södra;Alternativ för Sverige;AFS;2;0.20
2022;rd;14800626;Sydvästra Göteborg, Järnbrott Södra;Centerpartiet;C;63;6.31
2022;rd;14800626;Sydvästra Göteborg, Järnbrott Södra;Kristdemokraterna;KD;52;5.21
2022;rd;14800626;Sydvästra Göteborg, Järnbrott Södra;Klimatalliansen;KLIMA;1;0.10
2022;rd;14800626;Sydvästra Göteborg, Järnbrott Södra;Knapptryckarna;KNAPP;3;0.30
2022;rd;14800626;Sydvästra Göteborg, Järnbrott Södra;Liberalerna (tidigare Folkpartiet);L;62;6.21
2022;rd;14800626;Sydvästra Göteborg, Järnbrott Södra;Moderaterna;M;159;15.93
2022;rd;14800626;Sydvästra Göteborg, Järnbrott Södra;Medborgerlig Samling;MED;3;0.30
2022;rd;14800626;Sydvästra Göteborg, Järnbrott Södra;Miljöpartiet de gröna;MP;91;9.12
2022;rd;14800626;Sydvästra Göteborg, Järnbrott Södra;Piratpartiet;PP;1;0.10
2022;rd;14800626;Sydvästra Göteborg, Järnbrott Södra;Arbetarepartiet-Socialdemokraterna;S;323;32.36
2022;rd;14800626;Sydvästra Göteborg, Järnbrott Södra;Sverigedemokraterna;SD;146;14.63
2022;rd;14800626;Sydvästra Göteborg, Järnbrott Södra;SKP;SKP;1;0.10
2022;rd;14800626;Sydvästra Göteborg, Järnbrott Södra;Vänsterpartiet;V;91;9.12
2022;rd;14800626;Sydvästra Göteborg, Järnbrott Södra;övriga anmälda partier;ÖVR;0;0.00
2022;rd;14800627;Sydvästra Göteborg, Flatås Östra;Centerpartiet;C;22;2.61
2022;rd;14800627;Sydvästra Göteborg, Flatås Östra;Feministiskt initiativ;FI;1;0.12
2022;rd;14800627;Sydvästra Göteborg, Flatås Östra;Kristdemokraterna;KD;31;3.68
2022;rd;14800627;Sydvästra Göteborg, Flatås Östra;Kristna Värdepartiet;KRVP;2;0.24
2022;rd;14800627;Sydvästra Göteborg, Flatås Östra;Liberalerna (tidigare Folkpartiet);L;39;4.63
2022;rd;14800627;Sydvästra Göteborg, Flatås Östra;Moderaterna;M;133;15.78
2022;rd;14800627;Sydvästra Göteborg, Flatås Östra;Miljöpartiet de gröna;MP;39;4.63
2022;rd;14800627;Sydvästra Göteborg, Flatås Östra;Partiet Nyans;NYANS;3;0.36
2022;rd;14800627;Sydvästra Göteborg, Flatås Östra;Piratpartiet;PP;4;0.47
2022;rd;14800627;Sydvästra Göteborg, Flatås Östra;Arbetarepartiet-Socialdemokraterna;S;246;29.18
2022;rd;14800627;Sydvästra Göteborg, Flatås Östra;Sverigedemokraterna;SD;226;26.81
2022;rd;14800627;Sydvästra Göteborg, Flatås Östra;Vänsterpartiet;V;97;11.51
2022;rd;14800627;Sydvästra Göteborg, Flatås Östra;övriga anmälda partier;ÖVR;0;0.00
2022;rd;14800628;Sydvästra Göteborg, Sisjön Norra;Alternativ för Sverige;AFS;1;0.10
2022;rd;14800628;Sydvästra Göteborg, Sisjön Norra;Centerpartiet;C;67;7.00
2022;rd;14800628;Sydvästra Göteborg, Sisjön Norra;Kristdemokraterna;KD;58;6.06
2022;rd;14800628;Sydvästra Göteborg, Sisjön Norra;Knapptryckarna;KNAPP;1;0.10
2022;rd;14800628;Sydvästra Göteborg, Sisjön Norra;Liberalerna (tidigare Folkpartiet);L;65;6.79
2022;rd;14800628;Sydvästra Göteborg, Sisjön Norra;Moderaterna;M;280;29.26
2022;rd;14800628;Sydvästra Göteborg, Sisjön Norra;Medborgerlig Samling;MED;3;0.31
2022;rd;14800628;Sydvästra Göteborg, Sisjön Norra;MoD;MOD;1;0.10
2022;rd;14800628;Sydvästra Göteborg, Sisjön Norra;Miljöpartiet de gröna;MP;44;4.60
2022;rd;14800628;Sydvästra Göteborg, Sisjön Norra;Partiet Nyans;NYANS;2;0.21
2022;rd;14800628;Sydvästra Göteborg, Sisjön Norra;Piratpartiet;PP;1;0.10
2022;rd;14800628;Sydvästra Göteborg, Sisjön Norra;Arbetarepartiet-Socialdemokraterna;S;214;22.36
2022;rd;14800628;Sydvästra Göteborg, Sisjön Norra;Sverigedemokraterna;SD;143;14.94
2022;rd;14800628;Sydvästra Göteborg, Sisjön Norra;Vänsterpartiet;V;77;8.05
2022;rd;14800628;Sydvästra Göteborg, Sisjön Norra;övriga anmälda partier;ÖVR;0;0.00
2022;rd;14800629;Sydvästra Göteborg, Pilegården;Alternativ för Sverige;AFS;3;0.39
2022;rd;14800629;Sydvästra Göteborg, Pilegården;Centerpartiet;C;24;3.10
2022;rd;14800629;Sydvästra Göteborg, Pilegården;Direktdemokraterna;DD;1;0.13
2022;rd;14800629;Sydvästra Göteborg, Pilegården;Kristdemokraterna;KD;31;4.00
2022;rd;14800629;Sydvästra Göteborg, Pilegården;Knapptryckarna;KNAPP;1;0.13
2022;rd;14800629;Sydvästra Göteborg, Pilegården;Kristna Värdepartiet;KRVP;4;0.52
2022;rd;14800629;Sydvästra Göteborg, Pilegården;Liberalerna (tidigare Folkpartiet);L;20;2.58
2022;rd;14800629;Sydvästra Göteborg, Pilegården;Moderaterna;M;127;16.39
2022;rd;14800629;Sydvästra Göteborg, Pilegården;Medborgerlig Samling;MED;2;0.26
2022;rd;14800629;Sydvästra Göteborg, Pilegården;Miljöpartiet de gröna;MP;25;3.23
2022;rd;14800629;Sydvästra Göteborg, Pilegården;Nordiska motståndsrörelsen;NMR;1;0.13
2022;rd;14800629;Sydvästra Göteborg, Pilegården;Partiet Nyans;NYANS;7;0.90
2022;rd;14800629;Sydvästra Göteborg, Pilegården;Piratpartiet;PP;4;0.52
2022;rd;14800629;Sydvästra Göteborg, Pilegården;Arbetarepartiet-Socialdemokraterna;S;225;29.03
2022;rd;14800629;Sydvästra Göteborg, Pilegården;Sverigedemokraterna;SD;225;29.03
2022;rd;14800629;Sydvästra Göteborg, Pilegården;Vänsterpartiet;V;75;9.68
2022;rd;14800629;Sydvästra Göteborg, Pilegården;övriga anmälda partier;ÖVR;0;0.00
2022;rd;14800630;Sydvästra Göteborg, Kobbegården;Alternativ för Sverige;AFS;5;0.70
2022;rd;14800630;Sydvästra Göteborg, Kobbegården;Centerpartiet;C;34;4.76
2022;rd;14800630;Sydvästra Göteborg, Kobbegården;Feministiskt initiativ;FI;1;0.14
2022;rd;14800630;Sydvästra Göteborg, Kobbegården;Kalle ankapartiet;KALLE;1;0.14
2022;rd;14800630;Sydvästra Göteborg, Kobbegården;Kristdemokraterna;KD;33;4.62
2022;rd;14800630;Sydvästra Göteborg, Kobbegården;Liberalerna (tidigare Folkpartiet);L;31;4.34
2022;rd;14800630;Sydvästra Göteborg, Kobbegården;Moderaterna;M;127;17.79
2022;rd;14800630;Sydvästra Göteborg, Kobbegården;Medborgerlig Samling;MED;3;0.42
2022;rd;14800630;Sydvästra Göteborg, Kobbegården;Miljöpartiet de gröna;MP;28;3.92
2022;rd;14800630;Sydvästra Göteborg, Kobbegården;Partiet Nyans;NYANS;3;0.42
2022;rd;14800630;Sydvästra Göteborg, Kobbegården;Piratpartiet;PP;1;0.14
2022;rd;14800630;Sydvästra Göteborg, Kobbegården;Arbetarepartiet-Socialdemokraterna;S;192;26.89
2022;rd;14800630;Sydvästra Göteborg, Kobbegården;Sverigedemokraterna;SD;194;27.17
2022;rd;14800630;Sydvästra Göteborg, Kobbegården;Vänsterpartiet;V;61;8.54
2022;rd;14800630;Sydvästra Göteborg, Kobbegården;övriga anmälda partier;ÖVR;0;0.00
2022;rd;14800631;Sydvästra Göteborg, Askim;Alternativ för Sverige;AFS;4;0.41
2022;rd;14800631;Sydvästra Göteborg, Askim;Basinkomstpartiet;BASIP;1;0.10
2022;rd;14800631;Sydvästra Göteborg, Askim;Centerpartiet;C;54;5.49
2022;rd;14800631;Sydvästra Göteborg, Askim;Enhet;ENH;1;0.10
2022;rd;14800631;Sydvästra Göteborg, Askim;Kristdemokraterna;KD;72;7.32
2022;rd;14800631;Sydvästra Göteborg, Askim;Knapptryckarna;KNAPP;1;0.10
2022;rd;14800631;Sydvästra Göteborg, Askim;Kristna Värdepartiet;KRVP;1;0.10
2022;rd;14800631;Sydvästra Göteborg, Askim;Liberalerna (tidigare Folkpartiet);L;84;8.55
2022;rd;14800631;Sydvästra Göteborg, Askim;Moderaterna;M;292;29.70
2022;rd;14800631;Sydvästra Göteborg, Askim;Medborgerlig Samling;MED;3;0.31
2022;rd;14800631;Sydvästra Göteborg, Askim;MoD;MOD;4;0.41
2022;rd;14800631;Sydvästra Göteborg, Askim;Miljöpartiet de gröna;MP;49;4.98
2022;rd;14800631;Sydvästra Göteborg, Askim;Piratpartiet;PP;1;0.10
2022;rd;14800631;Sydvästra Göteborg, Askim;Arbetarepartiet-Socialdemokraterna;S;217;22.08
2022;rd;14800631;Sydvästra Göteborg, Askim;Sverigedemokraterna;SD;155;15.77
2022;rd;14800631;Sydvästra Göteborg, Askim;SKP;SKP;1;0.10
2022;rd;14800631;Sydvästra Göteborg, Askim;Vänsterpartiet;V;43;4.37
2022;rd;14800631;Sydvästra Göteborg, Askim;övriga anmälda partier;ÖVR;0;0.00
2022;rd;14800632;Sydvästra Göteborg, Sisjön Västra;Alternativ för Sverige;AFS;1;0.10
2022;rd;14800632;Sydvästra Göteborg, Sisjön Västra;Centerpartiet;C;74;7.47
2022;rd;14800632;Sydvästra Göteborg, Sisjön Västra;Kristdemokraterna;KD;58;5.86
2022;rd;14800632;Sydvästra Göteborg, Sisjön Västra;Knapptryckarna;KNAPP;1;0.10
2022;rd;14800632;Sydvästra Göteborg, Sisjön Västra;Liberalerna (tidigare Folkpartiet);L;99;10.00
2022;rd;14800632;Sydvästra Göteborg, Sisjön Västra;Moderaterna;M;328;33.13
2022;rd;14800632;Sydvästra Göteborg, Sisjön Västra;Miljöpartiet de gröna;MP;54;5.45
2022;rd;14800632;Sydvästra Göteborg, Sisjön Västra;Arbetarepartiet-Socialdemokraterna;S;205;20.71
2022;rd;14800632;Sydvästra Göteborg, Sisjön Västra;Sverigedemokraterna;SD;136;13.74
2022;rd;14800632;Sydvästra Göteborg, Sisjön Västra;Vänsterpartiet;V;33;3.33
2022;rd;14800632;Sydvästra Göteborg, Sisjön Västra;Partiet Vändpunkt;VÄND;1;0.10
2022;rd;14800632;Sydvästra Göteborg, Sisjön Västra;övriga anmälda partier;ÖVR;0;0.00
2022;rd;14800633;Sydvästra Göteborg, Sisjön Södra;Alternativ för Sverige;AFS;1;0.10
2022;rd;14800633;Sydvästra Göteborg, Sisjön Södra;Centerpartiet;C;101;9.78
2022;rd;14800633;Sydvästra Göteborg, Sisjön Södra;Direktdemokraterna;DD;1;0.10
2022;rd;14800633;Sydvästra Göteborg, Sisjön Södra;Kristdemokraterna;KD;61;5.91
2022;rd;14800633;Sydvästra Göteborg, Sisjön Södra;Knapptryckarna;KNAPP;1;0.10
2022;rd;14800633;Sydvästra Göteborg, Sisjön Södra;Kristna Värdepartiet;KRVP;1;0.10
2022;rd;14800633;Sydvästra Göteborg, Sisjön Södra;Liberalerna (tidigare Folkpartiet);L;123;11.91
2022;rd;14800633;Sydvästra Göteborg, Sisjön Södra;Moderaterna;M;378;36.59
2022;rd;14800633;Sydvästra Göteborg, Sisjön Södra;Medborgerlig Samling;MED;2;0.19
2022;rd;14800633;Sydvästra Göteborg, Sisjön Södra;Miljöpartiet de gröna;MP;48;4.65
2022;rd;14800633;Sydvästra Göteborg, Sisjön Södra;Arbetarepartiet-Socialdemokraterna;S;171;16.55
2022;rd;14800633;Sydvästra Göteborg, Sisjön Södra;Sverigedemokraterna;SD;126;12.20
2022;rd;14800633;Sydvästra Göteborg, Sisjön Södra;Vänsterpartiet;V;19;1.84
2022;rd;14800633;Sydvästra Göteborg, Sisjön Södra;övriga anmälda partier;ÖVR;0;0.00
2022;rd;14800634;Sydvästra Göteborg, Trollåsen;Centerpartiet;C;85;8.95
2022;rd;14800634;Sydvästra Göteborg, Trollåsen;Direktdemokraterna;DD;1;0.11
2022;rd;14800634;Sydvästra Göteborg, Trollåsen;Kristdemokraterna;KD;68;7.16
2022;rd;14800634;Sydvästra Göteborg, Trollåsen;Kristna Värdepartiet;KRVP;1;0.11
2022;rd;14800634;Sydvästra Göteborg, Trollåsen;Liberalerna (tidigare Folkpartiet);L;84;8.84
2022;rd;14800634;Sydvästra Göteborg, Trollåsen;Moderaterna;M;389;40.95
2022;rd;14800634;Sydvästra Göteborg, Trollåsen;MoD;MOD;1;0.11
2022;rd;14800634;Sydvästra Göteborg, Trollåsen;Miljöpartiet de gröna;MP;32;3.37
2022;rd;14800634;Sydvästra Göteborg, Trollåsen;Arbetarepartiet-Socialdemokraterna;S;99;10.42
2022;rd;14800634;Sydvästra Göteborg, Trollåsen;Sverigedemokraterna;SD;168;17.68
2022;rd;14800634;Sydvästra Göteborg, Trollåsen;Vänsterpartiet;V;22;2.32
2022;rd;14800634;Sydvästra Göteborg, Trollåsen;övriga anmälda partier;ÖVR;0;0.00
2022;rd;14800635;Sydvästra Göteborg, Lyckhem;Centerpartiet;C;77;8.63
2022;rd;14800635;Sydvästra Göteborg, Lyckhem;Kristdemokraterna;KD;60;6.73
2022;rd;14800635;Sydvästra Göteborg, Lyckhem;Liberalerna (tidigare Folkpartiet);L;76;8.52
2022;rd;14800635;Sydvästra Göteborg, Lyckhem;Moderaterna;M;342;38.34
2022;rd;14800635;Sydvästra Göteborg, Lyckhem;Medborgerlig Samling;MED;1;0.11
2022;rd;14800635;Sydvästra Göteborg, Lyckhem;MoD;MOD;1;0.11
2022;rd;14800635;Sydvästra Göteborg, Lyckhem;Miljöpartiet de gröna;MP;23;2.58
2022;rd;14800635;Sydvästra Göteborg, Lyckhem;Piratpartiet;PP;1;0.11
2022;rd;14800635;Sydvästra Göteborg, Lyckhem;Arbetarepartiet-Socialdemokraterna;S;139;15.58
2022;rd;14800635;Sydvästra Göteborg, Lyckhem;Sverigedemokraterna;SD;149;16.70
2022;rd;14800635;Sydvästra Göteborg, Lyckhem;Vänsterpartiet;V;23;2.58
2022;rd;14800635;Sydvästra Göteborg, Lyckhem;övriga anmälda partier;ÖVR;0;0.00
2022;rd;14800636;Sydvästra Göteborg, Lindås;Centerpartiet;C;92;9.49
2022;rd;14800636;Sydvästra Göteborg, Lindås;Kristdemokraterna;KD;90;9.29
2022;rd;14800636;Sydvästra Göteborg, Lindås;Klimatalliansen;KLIMA;1;0.10
2022;rd;14800636;Sydvästra Göteborg, Lindås;Knapptryckarna;KNAPP;1;0.10
2022;rd;14800636;Sydvästra Göteborg, Lindås;Kristna Värdepartiet;KRVP;1;0.10
2022;rd;14800636;Sydvästra Göteborg, Lindås;Liberalerna (tidigare Folkpartiet);L;90;9.29
2022;rd;14800636;Sydvästra Göteborg, Lindås;Moderaterna;M;324;33.44
2022;rd;14800636;Sydvästra Göteborg, Lindås;Medborgerlig Samling;MED;1;0.10
2022;rd;14800636;Sydvästra Göteborg, Lindås;Miljöpartiet de gröna;MP;36;3.72
2022;rd;14800636;Sydvästra Göteborg, Lindås;Arbetarepartiet-Socialdemokraterna;S;161;16.62
2022;rd;14800636;Sydvästra Göteborg, Lindås;Sverigedemokraterna;SD;149;15.38
2022;rd;14800636;Sydvästra Göteborg, Lindås;Vänsterpartiet;V;23;2.37
2022;rd;14800636;Sydvästra Göteborg, Lindås;övriga anmälda partier;ÖVR;0;0.00
2022;rd;14800637;Sydvästra Göteborg, Billdal Södra;Centerpartiet;C;84;9.14
2022;rd;14800637;Sydvästra Göteborg, Billdal Södra;Direktdemokraterna;DD;1;0.11
2022;rd;14800637;Sydvästra Göteborg, Billdal Södra;Kristdemokraterna;KD;87;9.47
2022;rd;14800637;Sydvästra Göteborg, Billdal Södra;Liberalerna (tidigare Folkpartiet);L;94;10.23
2022;rd;14800637;Sydvästra Göteborg, Billdal Södra;Moderaterna;M;308;33.51
2022;rd;14800637;Sydvästra Göteborg, Billdal Södra;Medborgerlig Samling;MED;1;0.11
2022;rd;14800637;Sydvästra Göteborg, Billdal Södra;MoD;MOD;1;0.11
2022;rd;14800637;Sydvästra Göteborg, Billdal Södra;Miljöpartiet de gröna;MP;54;5.88
2022;rd;14800637;Sydvästra Göteborg, Billdal Södra;Arbetarepartiet-Socialdemokraterna;S;154;16.76
2022;rd;14800637;Sydvästra Göteborg, Billdal Södra;Sverigedemokraterna;SD;121;13.17
2022;rd;14800637;Sydvästra Göteborg, Billdal Södra;Vänsterpartiet;V;14;1.52
2022;rd;14800637;Sydvästra Göteborg, Billdal Södra;övriga anmälda partier;ÖVR;0;0.00
2022;rd;14800638;Sydvästra Göteborg, Billdal Norra;Centerpartiet;C;104;9.67
2022;rd;14800638;Sydvästra Göteborg, Billdal Norra;Kristdemokraterna;KD;83;7.72
2022;rd;14800638;Sydvästra Göteborg, Billdal Norra;Liberalerna (tidigare Folkpartiet);L;123;11.44
2022;rd;14800638;Sydvästra Göteborg, Billdal Norra;Moderaterna;M;405;37.67
2022;rd;14800638;Sydvästra Göteborg, Billdal Norra;Medborgerlig Samling;MED;2;0.19
2022;rd;14800638;Sydvästra Göteborg, Billdal Norra;Miljöpartiet de gröna;MP;58;5.40
2022;rd;14800638;Sydvästra Göteborg, Billdal Norra;Arbetarepartiet-Socialdemokraterna;S;137;12.74
2022;rd;14800638;Sydvästra Göteborg, Billdal Norra;Sverigedemokraterna;SD;148;13.77
2022;rd;14800638;Sydvästra Göteborg, Billdal Norra;Vänsterpartiet;V;15;1.40
2022;rd;14800638;Sydvästra Göteborg, Billdal Norra;övriga anmälda partier;ÖVR;0;0.00
2022;rd;14800639;Sydvästra Göteborg, Nygård;Alternativ för Sverige;AFS;2;0.20
2022;rd;14800639;Sydvästra Göteborg, Nygård;Centerpartiet;C;93;9.16
2022;rd;14800639;Sydvästra Göteborg, Nygård;Kristdemokraterna;KD;101;9.95
2022;rd;14800639;Sydvästra Göteborg, Nygård;Klimatalliansen;KLIMA;1;0.10
2022;rd;14800639;Sydvästra Göteborg, Nygård;Kristna Värdepartiet;KRVP;2;0.20
2022;rd;14800639;Sydvästra Göteborg, Nygård;Liberalerna (tidigare Folkpartiet);L;90;8.87
2022;rd;14800639;Sydvästra Göteborg, Nygård;Moderaterna;M;292;28.77
2022;rd;14800639;Sydvästra Göteborg, Nygård;Medborgerlig Samling;MED;2;0.20
2022;rd;14800639;Sydvästra Göteborg, Nygård;Miljöpartiet de gröna;MP;50;4.93
2022;rd;14800639;Sydvästra Göteborg, Nygård;Piratpartiet;PP;1;0.10
2022;rd;14800639;Sydvästra Göteborg, Nygård;Arbetarepartiet-Socialdemokraterna;S;201;19.80
2022;rd;14800639;Sydvästra Göteborg, Nygård;Sverigedemokraterna;SD;155;15.27
2022;rd;14800639;Sydvästra Göteborg, Nygård;Vänsterpartiet;V;25;2.46
2022;rd;14800639;Sydvästra Göteborg, Nygård;övriga anmälda partier;ÖVR;0;0.00
2022;rd;14800640;Sydvästra Göteborg, Skintebo Västra;Alternativ för Sverige;AFS;2;0.19
2022;rd;14800640;Sydvästra Göteborg, Skintebo Västra;Centerpartiet;C;78;7.34
2022;rd;14800640;Sydvästra Göteborg, Skintebo Västra;Direktdemokraterna;DD;1;0.09
2022;rd;14800640;Sydvästra Göteborg, Skintebo Västra;Kristdemokraterna;KD;71;6.69
2022;rd;14800640;Sydvästra Göteborg, Skintebo Västra;Knapptryckarna;KNAPP;3;0.28
2022;rd;14800640;Sydvästra Göteborg, Skintebo Västra;Liberalerna (tidigare Folkpartiet);L;96;9.04
2022;rd;14800640;Sydvästra Göteborg, Skintebo Västra;Moderaterna;M;312;29.38
2022;rd;14800640;Sydvästra Göteborg, Skintebo Västra;Medborgerlig Samling;MED;2;0.19
2022;rd;14800640;Sydvästra Göteborg, Skintebo Västra;MoD;MOD;8;0.75
2022;rd;14800640;Sydvästra Göteborg, Skintebo Västra;Miljöpartiet de gröna;MP;62;5.84
2022;rd;14800640;Sydvästra Göteborg, Skintebo Västra;Arbetarepartiet-Socialdemokraterna;S;227;21.37
2022;rd;14800640;Sydvästra Göteborg, Skintebo Västra;Sverigedemokraterna;SD;161;15.16
2022;rd;14800640;Sydvästra Göteborg, Skintebo Västra;Vänsterpartiet;V;39;3.67
2022;rd;14800640;Sydvästra Göteborg, Skintebo Västra;övriga anmälda partier;ÖVR;0;0.00
2022;rd;14800641;Sydvästra Göteborg, Skintebo Östra;Alternativ för Sverige;AFS;2;0.27
2022;rd;14800641;Sydvästra Göteborg, Skintebo Östra;Centerpartiet;C;48;6.37
2022;rd;14800641;Sydvästra Göteborg, Skintebo Östra;Kristdemokraterna;KD;42;5.57
2022;rd;14800641;Sydvästra Göteborg, Skintebo Östra;Liberalerna (tidigare Folkpartiet);L;66;8.75
2022;rd;14800641;Sydvästra Göteborg, Skintebo Östra;Moderaterna;M;265;35.15
2022;rd;14800641;Sydvästra Göteborg, Skintebo Östra;Miljöpartiet de gröna;MP;36;4.77
2022;rd;14800641;Sydvästra Göteborg, Skintebo Östra;Arbetarepartiet-Socialdemokraterna;S;135;17.90
2022;rd;14800641;Sydvästra Göteborg, Skintebo Östra;Sverigedemokraterna;SD;132;17.51
2022;rd;14800641;Sydvästra Göteborg, Skintebo Östra;Vänsterpartiet;V;28;3.71
2022;rd;14800641;Sydvästra Göteborg, Skintebo Östra;övriga anmälda partier;ÖVR;0;0.00
2022;rd;14800642;Sydvästra Göteborg, Uggleberget;Alternativ för Sverige;AFS;1;0.15
2022;rd;14800642;Sydvästra Göteborg, Uggleberget;Centerpartiet;C;37;5.51
2022;rd;14800642;Sydvästra Göteborg, Uggleberget;Kristdemokraterna;KD;48;7.15
2022;rd;14800642;Sydvästra Göteborg, Uggleberget;Klimatalliansen;KLIMA;1;0.15
2022;rd;14800642;Sydvästra Göteborg, Uggleberget;Knapptryckarna;KNAPP;1;0.15
2022;rd;14800642;Sydvästra Göteborg, Uggleberget;Liberalerna (tidigare Folkpartiet);L;45;6.71
2022;rd;14800642;Sydvästra Göteborg, Uggleberget;Moderaterna;M;198;29.51
2022;rd;14800642;Sydvästra Göteborg, Uggleberget;Medborgerlig Samling;MED;7;1.04
2022;rd;14800642;Sydvästra Göteborg, Uggleberget;MoD;MOD;3;0.45
2022;rd;14800642;Sydvästra Göteborg, Uggleberget;Miljöpartiet de gröna;MP;30;4.47
2022;rd;14800642;Sydvästra Göteborg, Uggleberget;Partiet Nyans;NYANS;1;0.15
2022;rd;14800642;Sydvästra Göteborg, Uggleberget;Piratpartiet;PP;1;0.15
2022;rd;14800642;Sydvästra Göteborg, Uggleberget;Arbetarepartiet-Socialdemokraterna;S;127;18.93
2022;rd;14800642;Sydvästra Göteborg, Uggleberget;Sverigedemokraterna;SD;115;17.14
2022;rd;14800642;Sydvästra Göteborg, Uggleberget;Vänsterpartiet;V;56;8.35
2022;rd;14800642;Sydvästra Göteborg, Uggleberget;övriga anmälda partier;ÖVR;0;0.00
2022;rd;14800643;Sydvästra Göteborg, Brottkärr Östra;Alternativ för Sverige;AFS;1;0.11
2022;rd;14800643;Sydvästra Göteborg, Brottkärr Östra;Centerpartiet;C;55;6.25
2022;rd;14800643;Sydvästra Göteborg, Brottkärr Östra;Feministiskt initiativ;FI;1;0.11
2022;rd;14800643;Sydvästra Göteborg, Brottkärr Östra;Kristdemokraterna;KD;61;6.93
2022;rd;14800643;Sydvästra Göteborg, Brottkärr Östra;Liberalerna (tidigare Folkpartiet);L;91;10.34
2022;rd;14800643;Sydvästra Göteborg, Brottkärr Östra;Moderaterna;M;357;40.57
2022;rd;14800643;Sydvästra Göteborg, Brottkärr Östra;Medborgerlig Samling;MED;1;0.11
2022;rd;14800643;Sydvästra Göteborg, Brottkärr Östra;MoD;MOD;1;0.11
2022;rd;14800643;Sydvästra Göteborg, Brottkärr Östra;Miljöpartiet de gröna;MP;26;2.95
2022;rd;14800643;Sydvästra Göteborg, Brottkärr Östra;Arbetarepartiet-Socialdemokraterna;S;137;15.57
2022;rd;14800643;Sydvästra Göteborg, Brottkärr Östra;Sverigedemokraterna;SD;125;14.20
2022;rd;14800643;Sydvästra Göteborg, Brottkärr Östra;Vänsterpartiet;V;24;2.73
2022;rd;14800643;Sydvästra Göteborg, Brottkärr Östra;övriga anmälda partier;ÖVR;0;0.00
2022;rd;14800644;Sydvästra Göteborg, Brottkärr Västra;Alternativ för Sverige;AFS;1;0.10
2022;rd;14800644;Sydvästra Göteborg, Brottkärr Västra;Centerpartiet;C;82;8.29
2022;rd;14800644;Sydvästra Göteborg, Brottkärr Västra;Kristdemokraterna;KD;65;6.57
2022;rd;14800644;Sydvästra Göteborg, Brottkärr Västra;Liberalerna (tidigare Folkpartiet);L;117;11.83
2022;rd;14800644;Sydvästra Göteborg, Brottkärr Västra;Moderaterna;M;428;43.28
2022;rd;14800644;Sydvästra Göteborg, Brottkärr Västra;Medborgerlig Samling;MED;1;0.10
2022;rd;14800644;Sydvästra Göteborg, Brottkärr Västra;MoD;MOD;3;0.30
2022;rd;14800644;Sydvästra Göteborg, Brottkärr Västra;Miljöpartiet de gröna;MP;32;3.24
2022;rd;14800644;Sydvästra Göteborg, Brottkärr Västra;Partiet Nyans;NYANS;2;0.20
2022;rd;14800644;Sydvästra Göteborg, Brottkärr Västra;Arbetarepartiet-Socialdemokraterna;S;107;10.82
2022;rd;14800644;Sydvästra Göteborg, Brottkärr Västra;Sverigedemokraterna;SD;131;13.25
2022;rd;14800644;Sydvästra Göteborg, Brottkärr Västra;Vänsterpartiet;V;20;2.02
2022;rd;14800644;Sydvästra Göteborg, Brottkärr Västra;övriga anmälda partier;ÖVR;0;0.00
2022;rd;14800645;Sydvästra Göteborg, Hovås Södra;Alternativ för Sverige;AFS;2;0.20
2022;rd;14800645;Sydvästra Göteborg, Hovås Södra;Centerpartiet;C;63;6.44
2022;rd;14800645;Sydvästra Göteborg, Hovås Södra;Kristdemokraterna;KD;97;9.92
2022;rd;14800645;Sydvästra Göteborg, Hovås Södra;Liberalerna (tidigare Folkpartiet);L;81;8.28
2022;rd;14800645;Sydvästra Göteborg, Hovås Södra;Moderaterna;M;484;49.49
2022;rd;14800645;Sydvästra Göteborg, Hovås Södra;Medborgerlig Samling;MED;2;0.20
2022;rd;14800645;Sydvästra Göteborg, Hovås Södra;MoD;MOD;1;0.10
2022;rd;14800645;Sydvästra Göteborg, Hovås Södra;Miljöpartiet de gröna;MP;16;1.64
2022;rd;14800645;Sydvästra Göteborg, Hovås Södra;Partiet Nyans;NYANS;1;0.10
2022;rd;14800645;Sydvästra Göteborg, Hovås Södra;Arbetarepartiet-Socialdemokraterna;S;71;7.26
2022;rd;14800645;Sydvästra Göteborg, Hovås Södra;Sverigedemokraterna;SD;148;15.13
2022;rd;14800645;Sydvästra Göteborg, Hovås Södra;Vänsterpartiet;V;12;1.23
2022;rd;14800645;Sydvästra Göteborg, Hovås Södra;övriga anmälda partier;ÖVR;0;0.00
2022;rd;14800646;Sydvästra Göteborg, Hovås Norra;Alternativ för Sverige;AFS;3;0.29
2022;rd;14800646;Sydvästra Göteborg, Hovås Norra;Centerpartiet;C;95;9.33
2022;rd;14800646;Sydvästra Göteborg, Hovås Norra;Feministiskt initiativ;FI;1;0.10
2022;rd;14800646;Sydvästra Göteborg, Hovås Norra;Kristdemokraterna;KD;60;5.89
2022;rd;14800646;Sydvästra Göteborg, Hovås Norra;Knapptryckarna;KNAPP;1;0.10
2022;rd;14800646;Sydvästra Göteborg, Hovås Norra;Liberalerna (tidigare Folkpartiet);L;101;9.92
2022;rd;14800646;Sydvästra Göteborg, Hovås Norra;Moderaterna;M;331;32.51
2022;rd;14800646;Sydvästra Göteborg, Hovås Norra;Miljöpartiet de gröna;MP;57;5.60
2022;rd;14800646;Sydvästra Göteborg, Hovås Norra;Partiet Nyans;NYANS;1;0.10
2022;rd;14800646;Sydvästra Göteborg, Hovås Norra;Piratpartiet;PP;1;0.10
2022;rd;14800646;Sydvästra Göteborg, Hovås Norra;Arbetarepartiet-Socialdemokraterna;S;166;16.31
2022;rd;14800646;Sydvästra Göteborg, Hovås Norra;Sverigedemokraterna;SD;139;13.65
2022;rd;14800646;Sydvästra Göteborg, Hovås Norra;Vänsterpartiet;V;62;6.09
2022;rd;14800646;Sydvästra Göteborg, Hovås Norra;övriga anmälda partier;ÖVR;0;0.00
2022;rd;14800647;Sydvästra Göteborg, Hult;Centerpartiet;C;96;8.91
2022;rd;14800647;Sydvästra Göteborg, Hult;Kristdemokraterna;KD;72;6.68
2022;rd;14800647;Sydvästra Göteborg, Hult;Liberalerna (tidigare Folkpartiet);L;112;10.39
2022;rd;14800647;Sydvästra Göteborg, Hult;Moderaterna;M;348;32.28
2022;rd;14800647;Sydvästra Göteborg, Hult;Medborgerlig Samling;MED;1;0.09
2022;rd;14800647;Sydvästra Göteborg, Hult;MoD;MOD;2;0.19
2022;rd;14800647;Sydvästra Göteborg, Hult;Miljöpartiet de gröna;MP;60;5.57
2022;rd;14800647;Sydvästra Göteborg, Hult;Partiet Nyans;NYANS;1;0.09
2022;rd;14800647;Sydvästra Göteborg, Hult;Arbetarepartiet-Socialdemokraterna;S;206;19.11
2022;rd;14800647;Sydvästra Göteborg, Hult;Sverigedemokraterna;SD;153;14.19
2022;rd;14800647;Sydvästra Göteborg, Hult;Vänsterpartiet;V;27;2.50
2022;rd;14800647;Sydvästra Göteborg, Hult;övriga anmälda partier;ÖVR;0;0.00
2022;rd;14800701;Västra Göteborg, Långedrag Västra;Centerpartiet;C;69;7.66
2022;rd;14800701;Västra Göteborg, Långedrag Västra;Kristdemokraterna;KD;55;6.10
2022;rd;14800701;Västra Göteborg, Långedrag Västra;Liberalerna (tidigare Folkpartiet);L;121;13.43
2022;rd;14800701;Västra Göteborg, Långedrag Västra;Moderaterna;M;404;44.84
2022;rd;14800701;Västra Göteborg, Långedrag Västra;Miljöpartiet de gröna;MP;34;3.77
2022;rd;14800701;Västra Göteborg, Långedrag Västra;Piratpartiet;PP;2;0.22
2022;rd;14800701;Västra Göteborg, Långedrag Västra;Arbetarepartiet-Socialdemokraterna;S;76;8.44
2022;rd;14800701;Västra Göteborg, Långedrag Västra;Sverigedemokraterna;SD;131;14.54
2022;rd;14800701;Västra Göteborg, Långedrag Västra;Stram Kurs Sverige;SKS;1;0.11
2022;rd;14800701;Västra Göteborg, Långedrag Västra;Vänsterpartiet;V;8;0.89
2022;rd;14800701;Västra Göteborg, Långedrag Västra;övriga anmälda partier;ÖVR;0;0.00
2022;rd;14800702;Västra Göteborg, Långedrag Östra;Centerpartiet;C;74;8.55
2022;rd;14800702;Västra Göteborg, Långedrag Östra;Direktdemokraterna;DD;1;0.12
2022;rd;14800702;Västra Göteborg, Långedrag Östra;Kristdemokraterna;KD;55;6.36
2022;rd;14800702;Västra Göteborg, Långedrag Östra;Kristna Värdepartiet;KRVP;1;0.12
2022;rd;14800702;Västra Göteborg, Långedrag Östra;Liberalerna (tidigare Folkpartiet);L;102;11.79
2022;rd;14800702;Västra Göteborg, Långedrag Östra;Moderaterna;M;327;37.80
2022;rd;14800702;Västra Göteborg, Långedrag Östra;Miljöpartiet de gröna;MP;41;4.74
2022;rd;14800702;Västra Göteborg, Långedrag Östra;Arbetarepartiet-Socialdemokraterna;S;134;15.49
2022;rd;14800702;Västra Göteborg, Långedrag Östra;Sverigedemokraterna;SD;96;11.10
2022;rd;14800702;Västra Göteborg, Långedrag Östra;Vänsterpartiet;V;34;3.93
2022;rd;14800702;Västra Göteborg, Långedrag Östra;övriga anmälda partier;ÖVR;0;0.00
2022;rd;14800703;Västra Göteborg, Tångudden;Alternativ för Sverige;AFS;4;0.44
2022;rd;14800703;Västra Göteborg, Tångudden;Centerpartiet;C;100;11.09
2022;rd;14800703;Västra Göteborg, Tångudden;Kristdemokraterna;KD;52;5.76
2022;rd;14800703;Västra Göteborg, Tångudden;Liberalerna (tidigare Folkpartiet);L;118;13.08
2022;rd;14800703;Västra Göteborg, Tångudden;Moderaterna;M;267;29.60
2022;rd;14800703;Västra Göteborg, Tångudden;Medborgerlig Samling;MED;2;0.22
2022;rd;14800703;Västra Göteborg, Tångudden;MoD;MOD;3;0.33
2022;rd;14800703;Västra Göteborg, Tångudden;Miljöpartiet de gröna;MP;64;7.10
2022;rd;14800703;Västra Göteborg, Tångudden;Piratpartiet;PP;1;0.11
2022;rd;14800703;Västra Göteborg, Tångudden;Arbetarepartiet-Socialdemokraterna;S;159;17.63
2022;rd;14800703;Västra Göteborg, Tångudden;Sverigedemokraterna;SD;104;11.53
2022;rd;14800703;Västra Göteborg, Tångudden;Vänsterpartiet;V;28;3.10
2022;rd;14800703;Västra Göteborg, Tångudden;övriga anmälda partier;ÖVR;0;0.00
2022;rd;14800704;Västra Göteborg, Hagen Norra;Centerpartiet;C;81;9.68
2022;rd;14800704;Västra Göteborg, Hagen Norra;Kristdemokraterna;KD;55;6.57
2022;rd;14800704;Västra Göteborg, Hagen Norra;Klimatalliansen;KLIMA;1;0.12
2022;rd;14800704;Västra Göteborg, Hagen Norra;Liberalerna (tidigare Folkpartiet);L;82;9.80
2022;rd;14800704;Västra Göteborg, Hagen Norra;Moderaterna;M;231;27.60
2022;rd;14800704;Västra Göteborg, Hagen Norra;MoD;MOD;1;0.12
2022;rd;14800704;Västra Göteborg, Hagen Norra;Miljöpartiet de gröna;MP;64;7.65
2022;rd;14800704;Västra Göteborg, Hagen Norra;Arbetarepartiet-Socialdemokraterna;S;178;21.27
2022;rd;14800704;Västra Göteborg, Hagen Norra;Sverigedemokraterna;SD;103;12.31
2022;rd;14800704;Västra Göteborg, Hagen Norra;Vänsterpartiet;V;41;4.90
2022;rd;14800704;Västra Göteborg, Hagen Norra;övriga anmälda partier;ÖVR;0;0.00
2022;rd;14800705;Västra Göteborg, Nya Varvet;Alternativ för Sverige;AFS;1;0.09
2022;rd;14800705;Västra Göteborg, Nya Varvet;Centerpartiet;C;86;7.79
2022;rd;14800705;Västra Göteborg, Nya Varvet;Enhet;ENH;1;0.09
2022;rd;14800705;Västra Göteborg, Nya Varvet;Feministiskt initiativ;FI;2;0.18
2022;rd;14800705;Västra Göteborg, Nya Varvet;Kalle ankapartiet;KALLE;1;0.09
2022;rd;14800705;Västra Göteborg, Nya Varvet;Kristdemokraterna;KD;56;5.07
2022;rd;14800705;Västra Göteborg, Nya Varvet;Knapptryckarna;KNAPP;1;0.09
2022;rd;14800705;Västra Göteborg, Nya Varvet;Liberalerna (tidigare Folkpartiet);L;77;6.97
2022;rd;14800705;Västra Göteborg, Nya Varvet;Moderaterna;M;196;17.75
2022;rd;14800705;Västra Göteborg, Nya Varvet;Medborgerlig Samling;MED;2;0.18
2022;rd;14800705;Västra Göteborg, Nya Varvet;Miljöpartiet de gröna;MP;121;10.96
2022;rd;14800705;Västra Göteborg, Nya Varvet;Partiet Nyans;NYANS;1;0.09
2022;rd;14800705;Västra Göteborg, Nya Varvet;Piratpartiet;PP;1;0.09
2022;rd;14800705;Västra Göteborg, Nya Varvet;Arbetarepartiet-Socialdemokraterna;S;280;25.36
2022;rd;14800705;Västra Göteborg, Nya Varvet;Sverigedemokraterna;SD;192;17.39
2022;rd;14800705;Västra Göteborg, Nya Varvet;Vänsterpartiet;V;86;7.79
2022;rd;14800705;Västra Göteborg, Nya Varvet;övriga anmälda partier;ÖVR;0;0.00
2022;rd;14800706;Västra Göteborg, Kungsten;Alternativ för Sverige;AFS;6;0.62
2022;rd;14800706;Västra Göteborg, Kungsten;Centerpartiet;C;82;8.52
2022;rd;14800706;Västra Göteborg, Kungsten;Feministiskt initiativ;FI;1;0.10
2022;rd;14800706;Västra Göteborg, Kungsten;Kristdemokraterna;KD;39;4.05
2022;rd;14800706;Västra Göteborg, Kungsten;Liberalerna (tidigare Folkpartiet);L;74;7.68
2022;rd;14800706;Västra Göteborg, Kungsten;Moderaterna;M;230;23.88
2022;rd;14800706;Västra Göteborg, Kungsten;Medborgerlig Samling;MED;1;0.10
2022;rd;14800706;Västra Göteborg, Kungsten;MoD;MOD;2;0.21
2022;rd;14800706;Västra Göteborg, Kungsten;Miljöpartiet de gröna;MP;126;13.08
2022;rd;14800706;Västra Göteborg, Kungsten;Partiet Nyans;NYANS;1;0.10
2022;rd;14800706;Västra Göteborg, Kungsten;Arbetarepartiet-Socialdemokraterna;S;218;22.64
2022;rd;14800706;Västra Göteborg, Kungsten;Sverigedemokraterna;SD;95;9.87
2022;rd;14800706;Västra Göteborg, Kungsten;Vänsterpartiet;V;88;9.14
2022;rd;14800706;Västra Göteborg, Kungsten;övriga anmälda partier;ÖVR;0;0.00
2022;rd;14800707;Västra Göteborg, Ekebäck;Alternativ för Sverige;AFS;2;0.18
2022;rd;14800707;Västra Göteborg, Ekebäck;Centerpartiet;C;98;8.88
2022;rd;14800707;Västra Göteborg, Ekebäck;Direktdemokraterna;DD;1;0.09
2022;rd;14800707;Västra Göteborg, Ekebäck;Kristdemokraterna;KD;54;4.89
2022;rd;14800707;Västra Göteborg, Ekebäck;Klimatalliansen;KLIMA;1;0.09
2022;rd;14800707;Västra Göteborg, Ekebäck;Liberalerna (tidigare Folkpartiet);L;117;10.60
2022;rd;14800707;Västra Göteborg, Ekebäck;Moderaterna;M;243;22.01
2022;rd;14800707;Västra Göteborg, Ekebäck;Medborgerlig Samling;MED;3;0.27
2022;rd;14800707;Västra Göteborg, Ekebäck;Miljöpartiet de gröna;MP;152;13.77
2022;rd;14800707;Västra Göteborg, Ekebäck;Piratpartiet;PP;1;0.09
2022;rd;14800707;Västra Göteborg, Ekebäck;Arbetarepartiet-Socialdemokraterna;S;266;24.09
2022;rd;14800707;Västra Göteborg, Ekebäck;Sverigedemokraterna;SD;81;7.34
2022;rd;14800707;Västra Göteborg, Ekebäck;Vänsterpartiet;V;85;7.70
2022;rd;14800707;Västra Göteborg, Ekebäck;övriga anmälda partier;ÖVR;0;0.00
2022;rd;14800708;Västra Göteborg, Hagen Södra;Alternativ för Sverige;AFS;2;0.22
2022;rd;14800708;Västra Göteborg, Hagen Södra;Centerpartiet;C;70;7.83
2022;rd;14800708;Västra Göteborg, Hagen Södra;Kristdemokraterna;KD;33;3.69
2022;rd;14800708;Västra Göteborg, Hagen Södra;Liberalerna (tidigare Folkpartiet);L;111;12.42
2022;rd;14800708;Västra Göteborg, Hagen Södra;Moderaterna;M;289;32.33
2022;rd;14800708;Västra Göteborg, Hagen Södra;Miljöpartiet de gröna;MP;72;8.05
2022;rd;14800708;Västra Göteborg, Hagen Södra;Arbetarepartiet-Socialdemokraterna;S;182;20.36
2022;rd;14800708;Västra Göteborg, Hagen Södra;Sverigedemokraterna;SD;100;11.19
2022;rd;14800708;Västra Göteborg, Hagen Södra;Vänsterpartiet;V;35;3.91
2022;rd;14800708;Västra Göteborg, Hagen Södra;övriga anmälda partier;ÖVR;0;0.00
2022;rd;14800709;Västra Göteborg, Grimmered;Alternativ för Sverige;AFS;3;0.31
2022;rd;14800709;Västra Göteborg, Grimmered;Centerpartiet;C;78;8.02
2022;rd;14800709;Västra Göteborg, Grimmered;Kristdemokraterna;KD;49;5.04
2022;rd;14800709;Västra Göteborg, Grimmered;Kristna Värdepartiet;KRVP;1;0.10
2022;rd;14800709;Västra Göteborg, Grimmered;Liberalerna (tidigare Folkpartiet);L;89;9.15
2022;rd;14800709;Västra Göteborg, Grimmered;Moderaterna;M;258;26.52
2022;rd;14800709;Västra Göteborg, Grimmered;Medborgerlig Samling;MED;2;0.21
2022;rd;14800709;Västra Göteborg, Grimmered;Miljöpartiet de gröna;MP;81;8.32
2022;rd;14800709;Västra Göteborg, Grimmered;Nordiska motståndsrörelsen;NMR;1;0.10
2022;rd;14800709;Västra Göteborg, Grimmered;Arbetarepartiet-Socialdemokraterna;S;249;25.59
2022;rd;14800709;Västra Göteborg, Grimmered;Sverigedemokraterna;SD;102;10.48
2022;rd;14800709;Västra Göteborg, Grimmered;Vänsterpartiet;V;60;6.17
2022;rd;14800709;Västra Göteborg, Grimmered;övriga anmälda partier;ÖVR;0;0.00
2022;rd;14800710;Västra Göteborg, Påvelund;Alternativ för Sverige;AFS;5;0.51
2022;rd;14800710;Västra Göteborg, Påvelund;Centerpartiet;C;99;10.10
2022;rd;14800710;Västra Göteborg, Påvelund;Kristdemokraterna;KD;57;5.82
2022;rd;14800710;Västra Göteborg, Påvelund;Knapptryckarna;KNAPP;1;0.10
2022;rd;14800710;Västra Göteborg, Påvelund;Liberalerna (tidigare Folkpartiet);L;84;8.57
2022;rd;14800710;Västra Göteborg, Påvelund;Moderaterna;M;270;27.55
2022;rd;14800710;Västra Göteborg, Påvelund;Medborgerlig Samling;MED;5;0.51
2022;rd;14800710;Västra Göteborg, Påvelund;Miljöpartiet de gröna;MP;75;7.65
2022;rd;14800710;Västra Göteborg, Påvelund;Piratpartiet;PP;1;0.10
2022;rd;14800710;Västra Göteborg, Påvelund;Arbetarepartiet-Socialdemokraterna;S;222;22.65
2022;rd;14800710;Västra Göteborg, Påvelund;Sverigedemokraterna;SD;114;11.63
2022;rd;14800710;Västra Göteborg, Påvelund;Vänsterpartiet;V;47;4.80
2022;rd;14800710;Västra Göteborg, Påvelund;övriga anmälda partier;ÖVR;0;0.00
2022;rd;14800711;Västra Göteborg, Björnekulla;Alternativ för Sverige;AFS;2;0.21
2022;rd;14800711;Västra Göteborg, Björnekulla;Centerpartiet;C;79;8.33
2022;rd;14800711;Västra Göteborg, Björnekulla;Enhet;ENH;1;0.11
2022;rd;14800711;Västra Göteborg, Björnekulla;Kristdemokraterna;KD;84;8.86
2022;rd;14800711;Västra Göteborg, Björnekulla;Liberalerna (tidigare Folkpartiet);L;70;7.38
2022;rd;14800711;Västra Göteborg, Björnekulla;Moderaterna;M;256;27.00
2022;rd;14800711;Västra Göteborg, Björnekulla;Miljöpartiet de gröna;MP;52;5.49
2022;rd;14800711;Västra Göteborg, Björnekulla;Arbetarepartiet-Socialdemokraterna;S;236;24.89
2022;rd;14800711;Västra Göteborg, Björnekulla;Sverigedemokraterna;SD;131;13.82
2022;rd;14800711;Västra Göteborg, Björnekulla;Vänsterpartiet;V;37;3.90
2022;rd;14800711;Västra Göteborg, Björnekulla;övriga anmälda partier;ÖVR;0;0.00
2022;rd;14800712;Västra Göteborg, Osberget;Alternativ för Sverige;AFS;1;0.11
2022;rd;14800712;Västra Göteborg, Osberget;Centerpartiet;C;80;8.47
2022;rd;14800712;Västra Göteborg, Osberget;Enhet;ENH;1;0.11
2022;rd;14800712;Västra Göteborg, Osberget;Kristdemokraterna;KD;58;6.14
2022;rd;14800712;Västra Göteborg, Osberget;Liberalerna (tidigare Folkpartiet);L;118;12.50
2022;rd;14800712;Västra Göteborg, Osberget;Moderaterna;M;314;33.26
2022;rd;14800712;Västra Göteborg, Osberget;Medborgerlig Samling;MED;1;0.11
2022;rd;14800712;Västra Göteborg, Osberget;Miljöpartiet de gröna;MP;42;4.45
2022;rd;14800712;Västra Göteborg, Osberget;Arbetarepartiet-Socialdemokraterna;S;199;21.08
2022;rd;14800712;Västra Göteborg, Osberget;Sverigedemokraterna;SD;95;10.06
2022;rd;14800712;Västra Göteborg, Osberget;Vänsterpartiet;V;35;3.71
2022;rd;14800712;Västra Göteborg, Osberget;övriga anmälda partier;ÖVR;0;0.00
2022;rd;14800713;Västra Göteborg, Källängen;Alternativ för Sverige;AFS;1;0.11
2022;rd;14800713;Västra Göteborg, Källängen;Centerpartiet;C;70;7.53
2022;rd;14800713;Västra Göteborg, Källängen;Direktdemokraterna;DD;1;0.11
2022;rd;14800713;Västra Göteborg, Källängen;Kristdemokraterna;KD;151;16.25
2022;rd;14800713;Västra Göteborg, Källängen;Klimatalliansen;KLIMA;1;0.11
2022;rd;14800713;Västra Göteborg, Källängen;Kristna Värdepartiet;KRVP;2;0.22
2022;rd;14800713;Västra Göteborg, Källängen;Liberalerna (tidigare Folkpartiet);L;71;7.64
2022;rd;14800713;Västra Göteborg, Källängen;Moderaterna;M;238;25.62
2022;rd;14800713;Västra Göteborg, Källängen;Medborgerlig Samling;MED;1;0.11
2022;rd;14800713;Västra Göteborg, Källängen;MoD;MOD;1;0.11
2022;rd;14800713;Västra Göteborg, Källängen;Miljöpartiet de gröna;MP;42;4.52
2022;rd;14800713;Västra Göteborg, Källängen;Piratpartiet;PP;1;0.11
2022;rd;14800713;Västra Göteborg, Källängen;Arbetarepartiet-Socialdemokraterna;S;191;20.56
2022;rd;14800713;Västra Göteborg, Källängen;Sverigedemokraterna;SD;143;15.39
2022;rd;14800713;Västra Göteborg, Källängen;Vänsterpartiet;V;15;1.61
2022;rd;14800713;Västra Göteborg, Källängen;övriga anmälda partier;ÖVR;0;0.00
2022;rd;14800714;Västra Göteborg, Fiskebäck;Centerpartiet;C;63;6.93
2022;rd;14800714;Västra Göteborg, Fiskebäck;Kristdemokraterna;KD;130;14.30
2022;rd;14800714;Västra Göteborg, Fiskebäck;Knapptryckarna;KNAPP;1;0.11
2022;rd;14800714;Västra Göteborg, Fiskebäck;Kristna Värdepartiet;KRVP;4;0.44
2022;rd;14800714;Västra Göteborg, Fiskebäck;Liberalerna (tidigare Folkpartiet);L;71;7.81
2022;rd;14800714;Västra Göteborg, Fiskebäck;Moderaterna;M;275;30.25
2022;rd;14800714;Västra Göteborg, Fiskebäck;MoD;MOD;6;0.66
2022;rd;14800714;Västra Göteborg, Fiskebäck;Miljöpartiet de gröna;MP;26;2.86
2022;rd;14800714;Västra Göteborg, Fiskebäck;Nix to the Six;NIX;3;0.33
2022;rd;14800714;Västra Göteborg, Fiskebäck;Arbetarepartiet-Socialdemokraterna;S;154;16.94
2022;rd;14800714;Västra Göteborg, Fiskebäck;Sverigedemokraterna;SD;158;17.38
2022;rd;14800714;Västra Göteborg, Fiskebäck;Vänsterpartiet;V;18;1.98
2022;rd;14800714;Västra Göteborg, Fiskebäck;övriga anmälda partier;ÖVR;0;0.00
2022;rd;14800715;Västra Göteborg, Bratthammar;Centerpartiet;C;83;7.47
2022;rd;14800715;Västra Göteborg, Bratthammar;Kristdemokraterna;KD;107;9.63
2022;rd;14800715;Västra Göteborg, Bratthammar;Kristna Värdepartiet;KRVP;4;0.36
2022;rd;14800715;Västra Göteborg, Bratthammar;Liberalerna (tidigare Folkpartiet);L;94;8.46
2022;rd;14800715;Västra Göteborg, Bratthammar;Moderaterna;M;337;30.33
2022;rd;14800715;Västra Göteborg, Bratthammar;Medborgerlig Samling;MED;2;0.18
2022;rd;14800715;Västra Göteborg, Bratthammar;MoD;MOD;2;0.18
2022;rd;14800715;Västra Göteborg, Bratthammar;Miljöpartiet de gröna;MP;47;4.23
2022;rd;14800715;Västra Göteborg, Bratthammar;Arbetarepartiet-Socialdemokraterna;S;268;24.12
2022;rd;14800715;Västra Göteborg, Bratthammar;Sverigedemokraterna;SD;141;12.69
2022;rd;14800715;Västra Göteborg, Bratthammar;Vänsterpartiet;V;26;2.34
2022;rd;14800715;Västra Göteborg, Bratthammar;övriga anmälda partier;ÖVR;0;0.00
2022;rd;14800716;Västra Göteborg, Tynnered Södra;Alternativ för Sverige;AFS;1;0.16
2022;rd;14800716;Västra Göteborg, Tynnered Södra;Centerpartiet;C;28;4.35
2022;rd;14800716;Västra Göteborg, Tynnered Södra;Enhet;ENH;1;0.16
2022;rd;14800716;Västra Göteborg, Tynnered Södra;Kristdemokraterna;KD;88;13.69
2022;rd;14800716;Västra Göteborg, Tynnered Södra;Knapptryckarna;KNAPP;3;0.47
2022;rd;14800716;Västra Göteborg, Tynnered Södra;Kristna Värdepartiet;KRVP;1;0.16
2022;rd;14800716;Västra Göteborg, Tynnered Södra;Liberalerna (tidigare Folkpartiet);L;40;6.22
2022;rd;14800716;Västra Göteborg, Tynnered Södra;Moderaterna;M;123;19.13
2022;rd;14800716;Västra Göteborg, Tynnered Södra;Miljöpartiet de gröna;MP;17;2.64
2022;rd;14800716;Västra Göteborg, Tynnered Södra;Partiet Nyans;NYANS;6;0.93
2022;rd;14800716;Västra Göteborg, Tynnered Södra;Piratpartiet;PP;1;0.16
2022;rd;14800716;Västra Göteborg, Tynnered Södra;Arbetarepartiet-Socialdemokraterna;S;141;21.93
2022;rd;14800716;Västra Göteborg, Tynnered Södra;Sverigedemokraterna;SD;142;22.08
2022;rd;14800716;Västra Göteborg, Tynnered Södra;Vänsterpartiet;V;51;7.93
2022;rd;14800716;Västra Göteborg, Tynnered Södra;övriga anmälda partier;ÖVR;0;0.00
2022;rd;14800717;Västra Göteborg, Tynnered Norra;Centerpartiet;C;59;6.54
2022;rd;14800717;Västra Göteborg, Tynnered Norra;Kristdemokraterna;KD;94;10.42
2022;rd;14800717;Västra Göteborg, Tynnered Norra;Liberalerna (tidigare Folkpartiet);L;50;5.54
2022;rd;14800717;Västra Göteborg, Tynnered Norra;Moderaterna;M;160;17.74
2022;rd;14800717;Västra Göteborg, Tynnered Norra;Medborgerlig Samling;MED;4;0.44
2022;rd;14800717;Västra Göteborg, Tynnered Norra;Miljöpartiet de gröna;MP;25;2.77
2022;rd;14800717;Västra Göteborg, Tynnered Norra;Partiet Nyans;NYANS;5;0.55
2022;rd;14800717;Västra Göteborg, Tynnered Norra;Piratpartiet;PP;2;0.22
2022;rd;14800717;Västra Göteborg, Tynnered Norra;Arbetarepartiet-Socialdemokraterna;S;254;28.16
2022;rd;14800717;Västra Göteborg, Tynnered Norra;Sverigedemokraterna;SD;186;20.62
2022;rd;14800717;Västra Göteborg, Tynnered Norra;SKP;SKP;1;0.11
2022;rd;14800717;Västra Göteborg, Tynnered Norra;Vänsterpartiet;V;62;6.87
2022;rd;14800717;Västra Göteborg, Tynnered Norra;övriga anmälda partier;ÖVR;0;0.00
2022;rd;14800718;Västra Göteborg, Guldringen m fl;Alternativ för Sverige;AFS;3;0.33
2022;rd;14800718;Västra Göteborg, Guldringen m fl;Centerpartiet;C;28;3.07
2022;rd;14800718;Västra Göteborg, Guldringen m fl;Enhet;ENH;1;0.11
2022;rd;14800718;Västra Göteborg, Guldringen m fl;Kristdemokraterna;KD;57;6.25
2022;rd;14800718;Västra Göteborg, Guldringen m fl;Knapptryckarna;KNAPP;1;0.11
2022;rd;14800718;Västra Göteborg, Guldringen m fl;Kristna Värdepartiet;KRVP;1;0.11
2022;rd;14800718;Västra Göteborg, Guldringen m fl;Liberalerna (tidigare Folkpartiet);L;38;4.17
2022;rd;14800718;Västra Göteborg, Guldringen m fl;Landsbygdspartiet Oberoende;LPO;1;0.11
2022;rd;14800718;Västra Göteborg, Guldringen m fl;Moderaterna;M;162;17.76
2022;rd;14800718;Västra Göteborg, Guldringen m fl;MoD;MOD;1;0.11
2022;rd;14800718;Västra Göteborg, Guldringen m fl;Miljöpartiet de gröna;MP;30;3.29
2022;rd;14800718;Västra Göteborg, Guldringen m fl;Partiet Nyans;NYANS;2;0.22
2022;rd;14800718;Västra Göteborg, Guldringen m fl;Piratpartiet;PP;2;0.22
2022;rd;14800718;Västra Göteborg, Guldringen m fl;Arbetarepartiet-Socialdemokraterna;S;264;28.95
2022;rd;14800718;Västra Göteborg, Guldringen m fl;Sverigedemokraterna;SD;247;27.08
2022;rd;14800718;Västra Göteborg, Guldringen m fl;Vänsterpartiet;V;74;8.11
2022;rd;14800718;Västra Göteborg, Guldringen m fl;övriga anmälda partier;ÖVR;0;0.00
2022;rd;14800719;Västra Göteborg, Tynnered Östra;Alternativ för Sverige;AFS;3;0.33
2022;rd;14800719;Västra Göteborg, Tynnered Östra;Centerpartiet;C;42;4.56
2022;rd;14800719;Västra Göteborg, Tynnered Östra;Feministiskt initiativ;FI;1;0.11
2022;rd;14800719;Västra Göteborg, Tynnered Östra;Kristdemokraterna;KD;45;4.88
2022;rd;14800719;Västra Göteborg, Tynnered Östra;Klassiskt liberala partiet;KLP;1;0.11
2022;rd;14800719;Västra Göteborg, Tynnered Östra;Knapptryckarna;KNAPP;1;0.11
2022;rd;14800719;Västra Göteborg, Tynnered Östra;Kristna Värdepartiet;KRVP;2;0.22
2022;rd;14800719;Västra Göteborg, Tynnered Östra;Liberalerna (tidigare Folkpartiet);L;31;3.36
2022;rd;14800719;Västra Göteborg, Tynnered Östra;Moderaterna;M;100;10.85
2022;rd;14800719;Västra Göteborg, Tynnered Östra;Medborgerlig Samling;MED;1;0.11
2022;rd;14800719;Västra Göteborg, Tynnered Östra;Miljöpartiet de gröna;MP;29;3.15
2022;rd;14800719;Västra Göteborg, Tynnered Östra;Partiet Nyans;NYANS;16;1.74
2022;rd;14800719;Västra Göteborg, Tynnered Östra;Arbetarepartiet-Socialdemokraterna;S;286;31.02
2022;rd;14800719;Västra Göteborg, Tynnered Östra;Sverigedemokraterna;SD;239;25.92
2022;rd;14800719;Västra Göteborg, Tynnered Östra;SKP;SKP;2;0.22
2022;rd;14800719;Västra Göteborg, Tynnered Östra;Vänsterpartiet;V;123;13.34
2022;rd;14800719;Västra Göteborg, Tynnered Östra;övriga anmälda partier;ÖVR;0;0.00
2022;rd;14800720;Västra Göteborg, Skattegården;Alternativ för Sverige;AFS;1;0.16
2022;rd;14800720;Västra Göteborg, Skattegården;Centerpartiet;C;16;2.53
2022;rd;14800720;Västra Göteborg, Skattegården;Kristdemokraterna;KD;51;8.06
2022;rd;14800720;Västra Göteborg, Skattegården;Kristna Värdepartiet;KRVP;3;0.47
2022;rd;14800720;Västra Göteborg, Skattegården;Liberalerna (tidigare Folkpartiet);L;17;2.69
2022;rd;14800720;Västra Göteborg, Skattegården;Moderaterna;M;94;14.85
2022;rd;14800720;Västra Göteborg, Skattegården;Medborgerlig Samling;MED;3;0.47
2022;rd;14800720;Västra Göteborg, Skattegården;MoD;MOD;1;0.16
2022;rd;14800720;Västra Göteborg, Skattegården;Miljöpartiet de gröna;MP;21;3.32
2022;rd;14800720;Västra Göteborg, Skattegården;Partiet Nyans;NYANS;10;1.58
2022;rd;14800720;Västra Göteborg, Skattegården;Arbetarepartiet-Socialdemokraterna;S;216;34.12
2022;rd;14800720;Västra Göteborg, Skattegården;Sverigedemokraterna;SD;127;20.06
2022;rd;14800720;Västra Göteborg, Skattegården;Vänsterpartiet;V;73;11.53
2022;rd;14800720;Västra Göteborg, Skattegården;övriga anmälda partier;ÖVR;0;0.00
2022;rd;14800721;Västra Göteborg, Rubingatan m fl;Alternativ för Sverige;AFS;2;0.30
2022;rd;14800721;Västra Göteborg, Rubingatan m fl;Basinkomstpartiet;BASIP;1;0.15
2022;rd;14800721;Västra Göteborg, Rubingatan m fl;Centerpartiet;C;26;3.93
2022;rd;14800721;Västra Göteborg, Rubingatan m fl;Kristdemokraterna;KD;40;6.04
2022;rd;14800721;Västra Göteborg, Rubingatan m fl;Kristna Värdepartiet;KRVP;2;0.30
2022;rd;14800721;Västra Göteborg, Rubingatan m fl;Liberalerna (tidigare Folkpartiet);L;24;3.63
2022;rd;14800721;Västra Göteborg, Rubingatan m fl;Moderaterna;M;73;11.03
2022;rd;14800721;Västra Göteborg, Rubingatan m fl;Medborgerlig Samling;MED;1;0.15
2022;rd;14800721;Västra Göteborg, Rubingatan m fl;MoD;MOD;1;0.15
2022;rd;14800721;Västra Göteborg, Rubingatan m fl;Miljöpartiet de gröna;MP;11;1.66
2022;rd;14800721;Västra Göteborg, Rubingatan m fl;Partiet Nyans;NYANS;25;3.78
2022;rd;14800721;Västra Göteborg, Rubingatan m fl;Arbetarepartiet-Socialdemokraterna;S;243;36.71
2022;rd;14800721;Västra Göteborg, Rubingatan m fl;Sverigedemokraterna;SD;86;12.99
2022;rd;14800721;Västra Göteborg, Rubingatan m fl;Vänsterpartiet;V;127;19.18
2022;rd;14800721;Västra Göteborg, Rubingatan m fl;övriga anmälda partier;ÖVR;0;0.00
2022;rd;14800722;Västra Göteborg, Ängås;Centerpartiet;C;13;2.08
2022;rd;14800722;Västra Göteborg, Ängås;Direktdemokraterna;DD;1;0.16
2022;rd;14800722;Västra Göteborg, Ängås;Feministiskt initiativ;FI;1;0.16
2022;rd;14800722;Västra Göteborg, Ängås;Kristdemokraterna;KD;28;4.47
2022;rd;14800722;Västra Göteborg, Ängås;Klimatalliansen;KLIMA;1;0.16
2022;rd;14800722;Västra Göteborg, Ängås;Knapptryckarna;KNAPP;2;0.32
2022;rd;14800722;Västra Göteborg, Ängås;Kristna Värdepartiet;KRVP;2;0.32
2022;rd;14800722;Västra Göteborg, Ängås;Liberalerna (tidigare Folkpartiet);L;13;2.08
2022;rd;14800722;Västra Göteborg, Ängås;Moderaterna;M;55;8.79
2022;rd;14800722;Västra Göteborg, Ängås;MoD;MOD;1;0.16
2022;rd;14800722;Västra Göteborg, Ängås;Miljöpartiet de gröna;MP;32;5.11
2022;rd;14800722;Västra Göteborg, Ängås;Partiet Nyans;NYANS;17;2.72
2022;rd;14800722;Västra Göteborg, Ängås;Piratpartiet;PP;1;0.16
2022;rd;14800722;Västra Göteborg, Ängås;Arbetarepartiet-Socialdemokraterna;S;227;36.26
2022;rd;14800722;Västra Göteborg, Ängås;Sverigedemokraterna;SD;112;17.89
2022;rd;14800722;Västra Göteborg, Ängås;Vänsterpartiet;V;120;19.17
2022;rd;14800722;Västra Göteborg, Ängås;övriga anmälda partier;ÖVR;0;0.00
2022;rd;14800723;Västra Göteborg, Topasgatan;Alternativ för Sverige;AFS;1;0.17
2022;rd;14800723;Västra Göteborg, Topasgatan;Centerpartiet;C;11;1.83
2022;rd;14800723;Västra Göteborg, Topasgatan;Kristdemokraterna;KD;17;2.82
2022;rd;14800723;Västra Göteborg, Topasgatan;Kristna Värdepartiet;KRVP;1;0.17
2022;rd;14800723;Västra Göteborg, Topasgatan;Liberalerna (tidigare Folkpartiet);L;12;1.99
2022;rd;14800723;Västra Göteborg, Topasgatan;Moderaterna;M;64;10.63
2022;rd;14800723;Västra Göteborg, Topasgatan;Medborgerlig Samling;MED;4;0.66
2022;rd;14800723;Västra Göteborg, Topasgatan;Miljöpartiet de gröna;MP;17;2.82
2022;rd;14800723;Västra Göteborg, Topasgatan;Partiet Nyans;NYANS;28;4.65
2022;rd;14800723;Västra Göteborg, Topasgatan;Piratpartiet;PP;1;0.17
2022;rd;14800723;Västra Göteborg, Topasgatan;Arbetarepartiet-Socialdemokraterna;S;239;39.70
2022;rd;14800723;Västra Göteborg, Topasgatan;Sverigedemokraterna;SD;95;15.78
2022;rd;14800723;Västra Göteborg, Topasgatan;SKP;SKP;1;0.17
2022;rd;14800723;Västra Göteborg, Topasgatan;Vänsterpartiet;V;111;18.44
2022;rd;14800723;Västra Göteborg, Topasgatan;övriga anmälda partier;ÖVR;0;0.00
2022;rd;14800724;Västra Göteborg, Korsåsen;Alternativ för Sverige;AFS;1;0.10
2022;rd;14800724;Västra Göteborg, Korsåsen;Centerpartiet;C;57;5.79
2022;rd;14800724;Västra Göteborg, Korsåsen;Direktdemokraterna;DD;1;0.10
2022;rd;14800724;Västra Göteborg, Korsåsen;Feministiskt initiativ;FI;1;0.10
2022;rd;14800724;Västra Göteborg, Korsåsen;Kristdemokraterna;KD;102;10.36
2022;rd;14800724;Västra Göteborg, Korsåsen;Klimatalliansen;KLIMA;2;0.20
2022;rd;14800724;Västra Göteborg, Korsåsen;Kristna Värdepartiet;KRVP;5;0.51
2022;rd;14800724;Västra Göteborg, Korsåsen;Liberalerna (tidigare Folkpartiet);L;77;7.82
2022;rd;14800724;Västra Göteborg, Korsåsen;Moderaterna;M;206;20.91
2022;rd;14800724;Västra Göteborg, Korsåsen;Medborgerlig Samling;MED;4;0.41
2022;rd;14800724;Västra Göteborg, Korsåsen;Miljöpartiet de gröna;MP;65;6.60
2022;rd;14800724;Västra Göteborg, Korsåsen;Partiet Nyans;NYANS;1;0.10
2022;rd;14800724;Västra Göteborg, Korsåsen;Piratpartiet;PP;1;0.10
2022;rd;14800724;Västra Göteborg, Korsåsen;Arbetarepartiet-Socialdemokraterna;S;256;25.99
2022;rd;14800724;Västra Göteborg, Korsåsen;Sverigedemokraterna;SD;147;14.92
2022;rd;14800724;Västra Göteborg, Korsåsen;Vänsterpartiet;V;59;5.99
2022;rd;14800724;Västra Göteborg, Korsåsen;övriga anmälda partier;ÖVR;0;0.00
2022;rd;14800725;Västra Göteborg, Opaltorget Norra;Centerpartiet;C;9;1.48
2022;rd;14800725;Västra Göteborg, Opaltorget Norra;Direktdemokraterna;DD;1;0.16
2022;rd;14800725;Västra Göteborg, Opaltorget Norra;Enhet;ENH;1;0.16
2022;rd;14800725;Västra Göteborg, Opaltorget Norra;Förenade Demokratiska Partiet;FDP;1;0.16
2022;rd;14800725;Västra Göteborg, Opaltorget Norra;Feministiskt initiativ;FI;1;0.16
2022;rd;14800725;Västra Göteborg, Opaltorget Norra;Kristdemokraterna;KD;28;4.59
2022;rd;14800725;Västra Göteborg, Opaltorget Norra;Klimatalliansen;KLIMA;1;0.16
2022;rd;14800725;Västra Göteborg, Opaltorget Norra;Klassiskt liberala partiet;KLP;1;0.16
2022;rd;14800725;Västra Göteborg, Opaltorget Norra;Knapptryckarna;KNAPP;3;0.49
2022;rd;14800725;Västra Göteborg, Opaltorget Norra;Kristna Värdepartiet;KRVP;2;0.33
2022;rd;14800725;Västra Göteborg, Opaltorget Norra;Liberalerna (tidigare Folkpartiet);L;11;1.80
2022;rd;14800725;Västra Göteborg, Opaltorget Norra;Moderaterna;M;54;8.85
2022;rd;14800725;Västra Göteborg, Opaltorget Norra;Miljöpartiet de gröna;MP;36;5.90
2022;rd;14800725;Västra Göteborg, Opaltorget Norra;Partiet Nyans;NYANS;13;2.13
2022;rd;14800725;Västra Göteborg, Opaltorget Norra;Piratpartiet;PP;1;0.16
2022;rd;14800725;Västra Göteborg, Opaltorget Norra;Arbetarepartiet-Socialdemokraterna;S;206;33.77
2022;rd;14800725;Västra Göteborg, Opaltorget Norra;Sverigedemokraterna;SD;146;23.93
2022;rd;14800725;Västra Göteborg, Opaltorget Norra;Swexitpartiet;SWEXIT;1;0.16
2022;rd;14800725;Västra Göteborg, Opaltorget Norra;Vänsterpartiet;V;94;15.41
2022;rd;14800725;Västra Göteborg, Opaltorget Norra;övriga anmälda partier;ÖVR;0;0.00
2022;rd;14800726;Västra Göteborg, Opaltorget Södra;Alternativ för Sverige;AFS;2;0.38
2022;rd;14800726;Västra Göteborg, Opaltorget Södra;Centerpartiet;C;13;2.48
2022;rd;14800726;Västra Göteborg, Opaltorget Södra;Kristdemokraterna;KD;22;4.19
2022;rd;14800726;Västra Göteborg, Opaltorget Södra;Liberalerna (tidigare Folkpartiet);L;21;4.00
2022;rd;14800726;Västra Göteborg, Opaltorget Södra;Moderaterna;M;53;10.10
2022;rd;14800726;Västra Göteborg, Opaltorget Södra;Miljöpartiet de gröna;MP;25;4.76
2022;rd;14800726;Västra Göteborg, Opaltorget Södra;Partiet Nyans;NYANS;17;3.24
2022;rd;14800726;Västra Göteborg, Opaltorget Södra;Piratpartiet;PP;1;0.19
2022;rd;14800726;Västra Göteborg, Opaltorget Södra;Arbetarepartiet-Socialdemokraterna;S;176;33.52
2022;rd;14800726;Västra Göteborg, Opaltorget Södra;Sverigedemokraterna;SD;93;17.71
2022;rd;14800726;Västra Göteborg, Opaltorget Södra;Vänsterpartiet;V;102;19.43
2022;rd;14800726;Västra Göteborg, Opaltorget Södra;övriga anmälda partier;ÖVR;0;0.00
2022;rd;14800727;Västra Göteborg, Grevegården;Alternativ för Sverige;AFS;2;0.41
2022;rd;14800727;Västra Göteborg, Grevegården;Centerpartiet;C;15;3.04
2022;rd;14800727;Västra Göteborg, Grevegården;Kristdemokraterna;KD;14;2.84
2022;rd;14800727;Västra Göteborg, Grevegården;Liberalerna (tidigare Folkpartiet);L;6;1.22
2022;rd;14800727;Västra Göteborg, Grevegården;Moderaterna;M;48;9.74
2022;rd;14800727;Västra Göteborg, Grevegården;Medborgerlig Samling;MED;2;0.41
2022;rd;14800727;Västra Göteborg, Grevegården;Miljöpartiet de gröna;MP;27;5.48
2022;rd;14800727;Västra Göteborg, Grevegården;Partiet Nyans;NYANS;20;4.06
2022;rd;14800727;Västra Göteborg, Grevegården;Piratpartiet;PP;1;0.20
2022;rd;14800727;Västra Göteborg, Grevegården;Arbetarepartiet-Socialdemokraterna;S;181;36.71
2022;rd;14800727;Västra Göteborg, Grevegården;Sverigedemokraterna;SD;104;21.10
2022;rd;14800727;Västra Göteborg, Grevegården;Vänsterpartiet;V;73;14.81
2022;rd;14800727;Västra Göteborg, Grevegården;övriga anmälda partier;ÖVR;0;0.00
2022;rd;14800728;Västra Göteborg, Önnered Norra;Alternativ för Sverige;AFS;4;0.46
2022;rd;14800728;Västra Göteborg, Önnered Norra;Centerpartiet;C;53;6.12
2022;rd;14800728;Västra Göteborg, Önnered Norra;Kristdemokraterna;KD;149;17.21
2022;rd;14800728;Västra Göteborg, Önnered Norra;Klimatalliansen;KLIMA;1;0.12
2022;rd;14800728;Västra Göteborg, Önnered Norra;Liberalerna (tidigare Folkpartiet);L;48;5.54
2022;rd;14800728;Västra Göteborg, Önnered Norra;Moderaterna;M;187;21.59
2022;rd;14800728;Västra Göteborg, Önnered Norra;Medborgerlig Samling;MED;1;0.12
2022;rd;14800728;Västra Göteborg, Önnered Norra;MoD;MOD;6;0.69
2022;rd;14800728;Västra Göteborg, Önnered Norra;Miljöpartiet de gröna;MP;31;3.58
2022;rd;14800728;Västra Göteborg, Önnered Norra;Partiet Nyans;NYANS;4;0.46
2022;rd;14800728;Västra Göteborg, Önnered Norra;Arbetarepartiet-Socialdemokraterna;S;202;23.33
2022;rd;14800728;Västra Göteborg, Önnered Norra;Sverigedemokraterna;SD;130;15.01
2022;rd;14800728;Västra Göteborg, Önnered Norra;Vänsterpartiet;V;50;5.77
2022;rd;14800728;Västra Göteborg, Önnered Norra;övriga anmälda partier;ÖVR;0;0.00
2022;rd;14800729;Västra Göteborg, Önnered Östra;Centerpartiet;C;83;8.19
2022;rd;14800729;Västra Göteborg, Önnered Östra;Kristdemokraterna;KD;81;8.00
2022;rd;14800729;Västra Göteborg, Önnered Östra;Kristna Värdepartiet;KRVP;2;0.20
2022;rd;14800729;Västra Göteborg, Önnered Östra;Liberalerna (tidigare Folkpartiet);L;73;7.21
2022;rd;14800729;Västra Göteborg, Önnered Östra;Moderaterna;M;250;24.68
2022;rd;14800729;Västra Göteborg, Önnered Östra;MoD;MOD;2;0.20
2022;rd;14800729;Västra Göteborg, Önnered Östra;Miljöpartiet de gröna;MP;60;5.92
2022;rd;14800729;Västra Göteborg, Önnered Östra;Arbetarepartiet-Socialdemokraterna;S;268;26.46
2022;rd;14800729;Västra Göteborg, Önnered Östra;Sverigedemokraterna;SD;125;12.34
2022;rd;14800729;Västra Göteborg, Önnered Östra;Vänsterpartiet;V;69;6.81
2022;rd;14800729;Västra Göteborg, Önnered Östra;övriga anmälda partier;ÖVR;0;0.00
2022;rd;14800730;Västra Göteborg, Önnered Västra;Alternativ för Sverige;AFS;1;0.11
2022;rd;14800730;Västra Göteborg, Önnered Västra;Centerpartiet;C;72;7.96
2022;rd;14800730;Västra Göteborg, Önnered Västra;Kristdemokraterna;KD;124;13.70
2022;rd;14800730;Västra Göteborg, Önnered Västra;Knapptryckarna;KNAPP;1;0.11
2022;rd;14800730;Västra Göteborg, Önnered Västra;Liberalerna (tidigare Folkpartiet);L;85;9.39
2022;rd;14800730;Västra Göteborg, Önnered Västra;Moderaterna;M;246;27.18
2022;rd;14800730;Västra Göteborg, Önnered Västra;MoD;MOD;1;0.11
2022;rd;14800730;Västra Göteborg, Önnered Västra;Miljöpartiet de gröna;MP;41;4.53
2022;rd;14800730;Västra Göteborg, Önnered Västra;Partiet Nyans;NYANS;1;0.11
2022;rd;14800730;Västra Göteborg, Önnered Västra;Arbetarepartiet-Socialdemokraterna;S;177;19.56
2022;rd;14800730;Västra Göteborg, Önnered Västra;Sverigedemokraterna;SD;131;14.48
2022;rd;14800730;Västra Göteborg, Önnered Västra;Vänsterpartiet;V;25;2.76
2022;rd;14800730;Västra Göteborg, Önnered Västra;övriga anmälda partier;ÖVR;0;0.00
2022;rd;14800731;Västra Göteborg, Åkered;Alternativ för Sverige;AFS;1;0.10
2022;rd;14800731;Västra Göteborg, Åkered;Centerpartiet;C;82;8.29
2022;rd;14800731;Västra Göteborg, Åkered;Kristdemokraterna;KD;73;7.38
2022;rd;14800731;Västra Göteborg, Åkered;Klimatalliansen;KLIMA;1;0.10
2022;rd;14800731;Västra Göteborg, Åkered;Kristna Värdepartiet;KRVP;2;0.20
2022;rd;14800731;Västra Göteborg, Åkered;Liberalerna (tidigare Folkpartiet);L;114;11.53
2022;rd;14800731;Västra Göteborg, Åkered;Moderaterna;M;349;35.29
2022;rd;14800731;Västra Göteborg, Åkered;Miljöpartiet de gröna;MP;31;3.13
2022;rd;14800731;Västra Göteborg, Åkered;Piratpartiet;PP;1;0.10
2022;rd;14800731;Västra Göteborg, Åkered;Arbetarepartiet-Socialdemokraterna;S;174;17.59
2022;rd;14800731;Västra Göteborg, Åkered;Sverigedemokraterna;SD;137;13.85
2022;rd;14800731;Västra Göteborg, Åkered;Vänsterpartiet;V;24;2.43
2022;rd;14800731;Västra Göteborg, Åkered;övriga anmälda partier;ÖVR;0;0.00
2022;rd;14800732;Västra Göteborg, Välen;Alternativ för Sverige;AFS;2;0.21
2022;rd;14800732;Västra Göteborg, Välen;Centerpartiet;C;62;6.47
2022;rd;14800732;Västra Göteborg, Välen;Kristdemokraterna;KD;63;6.57
2022;rd;14800732;Västra Göteborg, Välen;Liberalerna (tidigare Folkpartiet);L;112;11.68
2022;rd;14800732;Västra Göteborg, Välen;Moderaterna;M;295;30.76
2022;rd;14800732;Västra Göteborg, Välen;Medborgerlig Samling;MED;1;0.10
2022;rd;14800732;Västra Göteborg, Välen;Miljöpartiet de gröna;MP;42;4.38
2022;rd;14800732;Västra Göteborg, Välen;Arbetarepartiet-Socialdemokraterna;S;207;21.58
2022;rd;14800732;Västra Göteborg, Välen;Sverigedemokraterna;SD;149;15.54
2022;rd;14800732;Västra Göteborg, Välen;Vänsterpartiet;V;26;2.71
2022;rd;14800732;Västra Göteborg, Välen;övriga anmälda partier;ÖVR;0;0.00
2022;rd;14800733;Västra Göteborg, Näset Norra;Alternativ för Sverige;AFS;4;0.37
2022;rd;14800733;Västra Göteborg, Näset Norra;Centerpartiet;C;70;6.44
2022;rd;14800733;Västra Göteborg, Näset Norra;Kristdemokraterna;KD;80;7.36
2022;rd;14800733;Västra Göteborg, Näset Norra;Liberalerna (tidigare Folkpartiet);L;111;10.21
2022;rd;14800733;Västra Göteborg, Näset Norra;Moderaterna;M;419;38.55
2022;rd;14800733;Västra Göteborg, Näset Norra;Miljöpartiet de gröna;MP;42;3.86
2022;rd;14800733;Västra Göteborg, Näset Norra;Piratpartiet;PP;1;0.09
2022;rd;14800733;Västra Göteborg, Näset Norra;Arbetarepartiet-Socialdemokraterna;S;174;16.01
2022;rd;14800733;Västra Göteborg, Näset Norra;Sverigedemokraterna;SD;164;15.09
2022;rd;14800733;Västra Göteborg, Näset Norra;Vänsterpartiet;V;22;2.02
2022;rd;14800733;Västra Göteborg, Näset Norra;övriga anmälda partier;ÖVR;0;0.00
2022;rd;14800734;Västra Göteborg, Näset Södra;Centerpartiet;C;54;5.49
2022;rd;14800734;Västra Göteborg, Näset Södra;Kristdemokraterna;KD;75;7.62
2022;rd;14800734;Västra Göteborg, Näset Södra;Kristna Värdepartiet;KRVP;1;0.10
2022;rd;14800734;Västra Göteborg, Näset Södra;Liberalerna (tidigare Folkpartiet);L;106;10.77
2022;rd;14800734;Västra Göteborg, Näset Södra;Moderaterna;M;376;38.21
2022;rd;14800734;Västra Göteborg, Näset Södra;Medborgerlig Samling;MED;1;0.10
2022;rd;14800734;Västra Göteborg, Näset Södra;MoD;MOD;2;0.20
2022;rd;14800734;Västra Göteborg, Näset Södra;Miljöpartiet de gröna;MP;37;3.76
2022;rd;14800734;Västra Göteborg, Näset Södra;Piratpartiet;PP;2;0.20
2022;rd;14800734;Västra Göteborg, Näset Södra;Arbetarepartiet-Socialdemokraterna;S;139;14.13
2022;rd;14800734;Västra Göteborg, Näset Södra;Sverigedemokraterna;SD;179;18.19
2022;rd;14800734;Västra Göteborg, Näset Södra;Vänsterpartiet;V;12;1.22
2022;rd;14800734;Västra Göteborg, Näset Södra;övriga anmälda partier;ÖVR;0;0.00
2022;rd;14800735;Västra Göteborg, Donsö-Vrångö;Alternativ för Sverige;AFS;3;0.22
2022;rd;14800735;Västra Göteborg, Donsö-Vrångö;Centerpartiet;C;80;5.94
2022;rd;14800735;Västra Göteborg, Donsö-Vrångö;Enhet;ENH;1;0.07
2022;rd;14800735;Västra Göteborg, Donsö-Vrångö;Feministiskt initiativ;FI;2;0.15
2022;rd;14800735;Västra Göteborg, Donsö-Vrångö;Kristdemokraterna;KD;354;26.28
2022;rd;14800735;Västra Göteborg, Donsö-Vrångö;Klimatalliansen;KLIMA;1;0.07
2022;rd;14800735;Västra Göteborg, Donsö-Vrångö;Klassiskt liberala partiet;KLP;1;0.07
2022;rd;14800735;Västra Göteborg, Donsö-Vrångö;Kristna Värdepartiet;KRVP;11;0.82
2022;rd;14800735;Västra Göteborg, Donsö-Vrångö;Liberalerna (tidigare Folkpartiet);L;95;7.05
2022;rd;14800735;Västra Göteborg, Donsö-Vrångö;Moderaterna;M;234;17.37
2022;rd;14800735;Västra Göteborg, Donsö-Vrångö;Medborgerlig Samling;MED;1;0.07
2022;rd;14800735;Västra Göteborg, Donsö-Vrångö;MoD;MOD;1;0.07
2022;rd;14800735;Västra Göteborg, Donsö-Vrångö;Miljöpartiet de gröna;MP;72;5.35
2022;rd;14800735;Västra Göteborg, Donsö-Vrångö;Arbetarepartiet-Socialdemokraterna;S;235;17.45
2022;rd;14800735;Västra Göteborg, Donsö-Vrångö;Sverigedemokraterna;SD;188;13.96
2022;rd;14800735;Västra Göteborg, Donsö-Vrångö;Socialisterna-Välfärdspartiet;SOCV;1;0.07
2022;rd;14800735;Västra Göteborg, Donsö-Vrångö;Vänsterpartiet;V;67;4.97
2022;rd;14800735;Västra Göteborg, Donsö-Vrångö;övriga anmälda partier;ÖVR;0;0.00
2022;rd;14800736;Västra Göteborg, Styrsö-Köpstadsö;Alternativ för Sverige;AFS;2;0.20
2022;rd;14800736;Västra Göteborg, Styrsö-Köpstadsö;Centerpartiet;C;49;4.81
2022;rd;14800736;Västra Göteborg, Styrsö-Köpstadsö;Enhet;ENH;1;0.10
2022;rd;14800736;Västra Göteborg, Styrsö-Köpstadsö;Kristdemokraterna;KD;106;10.40
2022;rd;14800736;Västra Göteborg, Styrsö-Köpstadsö;Klimatalliansen;KLIMA;2;0.20
2022;rd;14800736;Västra Göteborg, Styrsö-Köpstadsö;Knapptryckarna;KNAPP;3;0.29
2022;rd;14800736;Västra Göteborg, Styrsö-Köpstadsö;Kristna Värdepartiet;KRVP;1;0.10
2022;rd;14800736;Västra Göteborg, Styrsö-Köpstadsö;Liberalerna (tidigare Folkpartiet);L;73;7.16
2022;rd;14800736;Västra Göteborg, Styrsö-Köpstadsö;Moderaterna;M;169;16.58
2022;rd;14800736;Västra Göteborg, Styrsö-Köpstadsö;Medborgerlig Samling;MED;1;0.10
2022;rd;14800736;Västra Göteborg, Styrsö-Köpstadsö;MoD;MOD;2;0.20
2022;rd;14800736;Västra Göteborg, Styrsö-Köpstadsö;Miljöpartiet de gröna;MP;120;11.78
2022;rd;14800736;Västra Göteborg, Styrsö-Köpstadsö;Arbetarepartiet-Socialdemokraterna;S;246;24.14
2022;rd;14800736;Västra Göteborg, Styrsö-Köpstadsö;Sverigedemokraterna;SD;143;14.03
2022;rd;14800736;Västra Göteborg, Styrsö-Köpstadsö;Vänsterpartiet;V;101;9.91
2022;rd;14800736;Västra Göteborg, Styrsö-Köpstadsö;övriga anmälda partier;ÖVR;0;0.00
2022;rd;14800737;Västra Göteborg, Brännö-Asperö;Alternativ för Sverige;AFS;6;0.66
2022;rd;14800737;Västra Göteborg, Brännö-Asperö;Basinkomstpartiet;BASIP;1;0.11
2022;rd;14800737;Västra Göteborg, Brännö-Asperö;Centerpartiet;C;52;5.69
2022;rd;14800737;Västra Göteborg, Brännö-Asperö;Kristdemokraterna;KD;35;3.83
2022;rd;14800737;Västra Göteborg, Brännö-Asperö;Knapptryckarna;KNAPP;2;0.22
2022;rd;14800737;Västra Göteborg, Brännö-Asperö;Kristna Värdepartiet;KRVP;1;0.11
2022;rd;14800737;Västra Göteborg, Brännö-Asperö;Liberalerna (tidigare Folkpartiet);L;48;5.25
2022;rd;14800737;Västra Göteborg, Brännö-Asperö;Moderaterna;M;146;15.97
2022;rd;14800737;Västra Göteborg, Brännö-Asperö;Medborgerlig Samling;MED;2;0.22
2022;rd;14800737;Västra Göteborg, Brännö-Asperö;Miljöpartiet de gröna;MP;163;17.83
2022;rd;14800737;Västra Göteborg, Brännö-Asperö;Arbetarepartiet-Socialdemokraterna;S;231;25.27
2022;rd;14800737;Västra Göteborg, Brännö-Asperö;Sverigedemokraterna;SD;100;10.94
2022;rd;14800737;Västra Göteborg, Brännö-Asperö;Vänsterpartiet;V;126;13.79
2022;rd;14800737;Västra Göteborg, Brännö-Asperö;Partiet Vändpunkt;VÄND;1;0.11
2022;rd;14800737;Västra Göteborg, Brännö-Asperö;övriga anmälda partier;ÖVR;0;0.00
2022;rd;14800801;Västra Hisingen, Länsmansgården Ö;Centerpartiet;C;16;2.79
2022;rd;14800801;Västra Hisingen, Länsmansgården Ö;Direktdemokraterna;DD;1;0.17
2022;rd;14800801;Västra Hisingen, Länsmansgården Ö;Förenade Demokratiska Partiet;FDP;2;0.35
2022;rd;14800801;Västra Hisingen, Länsmansgården Ö;Kristdemokraterna;KD;12;2.09
2022;rd;14800801;Västra Hisingen, Länsmansgården Ö;Liberalerna (tidigare Folkpartiet);L;6;1.05
2022;rd;14800801;Västra Hisingen, Länsmansgården Ö;Moderaterna;M;49;8.54
2022;rd;14800801;Västra Hisingen, Länsmansgården Ö;MoD;MOD;1;0.17
2022;rd;14800801;Västra Hisingen, Länsmansgården Ö;Miljöpartiet de gröna;MP;12;2.09
2022;rd;14800801;Västra Hisingen, Länsmansgården Ö;Partiet Nyans;NYANS;43;7.49
2022;rd;14800801;Västra Hisingen, Länsmansgården Ö;Piratpartiet;PP;1;0.17
2022;rd;14800801;Västra Hisingen, Länsmansgården Ö;Arbetarepartiet-Socialdemokraterna;S;258;44.95
2022;rd;14800801;Västra Hisingen, Länsmansgården Ö;Sverigedemokraterna;SD;80;13.94
2022;rd;14800801;Västra Hisingen, Länsmansgården Ö;Vänsterpartiet;V;93;16.20
2022;rd;14800801;Västra Hisingen, Länsmansgården Ö;övriga anmälda partier;ÖVR;0;0.00
2022;rd;14800802;Västra Hisingen, Svartedalen Norra;Centerpartiet;C;28;3.82
2022;rd;14800802;Västra Hisingen, Svartedalen Norra;Feministiskt initiativ;FI;2;0.27
2022;rd;14800802;Västra Hisingen, Svartedalen Norra;Kristdemokraterna;KD;11;1.50
2022;rd;14800802;Västra Hisingen, Svartedalen Norra;Liberalerna (tidigare Folkpartiet);L;17;2.32
2022;rd;14800802;Västra Hisingen, Svartedalen Norra;Moderaterna;M;80;10.91
2022;rd;14800802;Västra Hisingen, Svartedalen Norra;Miljöpartiet de gröna;MP;35;4.77
2022;rd;14800802;Västra Hisingen, Svartedalen Norra;Partiet Nyans;NYANS;21;2.86
2022;rd;14800802;Västra Hisingen, Svartedalen Norra;Piratpartiet;PP;1;0.14
2022;rd;14800802;Västra Hisingen, Svartedalen Norra;Arbetarepartiet-Socialdemokraterna;S;281;38.34
2022;rd;14800802;Västra Hisingen, Svartedalen Norra;Sverigedemokraterna;SD;115;15.69
2022;rd;14800802;Västra Hisingen, Svartedalen Norra;Vänsterpartiet;V;142;19.37
2022;rd;14800802;Västra Hisingen, Svartedalen Norra;övriga anmälda partier;ÖVR;0;0.00
2022;rd;14800803;Västra Hisingen, Väderbodarna m fl;Centerpartiet;C;13;2.17
2022;rd;14800803;Västra Hisingen, Väderbodarna m fl;Förenade Demokratiska Partiet;FDP;1;0.17
2022;rd;14800803;Västra Hisingen, Väderbodarna m fl;Kristdemokraterna;KD;13;2.17
2022;rd;14800803;Västra Hisingen, Väderbodarna m fl;Kristna Värdepartiet;KRVP;2;0.33
2022;rd;14800803;Västra Hisingen, Väderbodarna m fl;Liberalerna (tidigare Folkpartiet);L;6;1.00
2022;rd;14800803;Västra Hisingen, Väderbodarna m fl;Moderaterna;M;56;9.33
2022;rd;14800803;Västra Hisingen, Väderbodarna m fl;Medborgerlig Samling;MED;2;0.33
2022;rd;14800803;Västra Hisingen, Väderbodarna m fl;MoD;MOD;1;0.17
2022;rd;14800803;Västra Hisingen, Väderbodarna m fl;Miljöpartiet de gröna;MP;18;3.00
2022;rd;14800803;Västra Hisingen, Väderbodarna m fl;Nordiska motståndsrörelsen;NMR;1;0.17
2022;rd;14800803;Västra Hisingen, Väderbodarna m fl;Partiet Nyans;NYANS;42;7.00
2022;rd;14800803;Västra Hisingen, Väderbodarna m fl;Piratpartiet;PP;1;0.17
2022;rd;14800803;Västra Hisingen, Väderbodarna m fl;Arbetarepartiet-Socialdemokraterna;S;235;39.17
2022;rd;14800803;Västra Hisingen, Väderbodarna m fl;Sverigedemokraterna;SD;92;15.33
2022;rd;14800803;Västra Hisingen, Väderbodarna m fl;SKP;SKP;1;0.17
2022;rd;14800803;Västra Hisingen, Väderbodarna m fl;Vänsterpartiet;V;116;19.33
2022;rd;14800803;Västra Hisingen, Väderbodarna m fl;övriga anmälda partier;ÖVR;0;0.00
2022;rd;14800804;Västra Hisingen, Önskevädersg. m fl;Basinkomstpartiet;BASIP;1;0.17
2022;rd;14800804;Västra Hisingen, Önskevädersg. m fl;Centerpartiet;C;8;1.40
2022;rd;14800804;Västra Hisingen, Önskevädersg. m fl;Förenade Demokratiska Partiet;FDP;1;0.17
2022;rd;14800804;Västra Hisingen, Önskevädersg. m fl;Feministiskt initiativ;FI;2;0.35
2022;rd;14800804;Västra Hisingen, Önskevädersg. m fl;Kristdemokraterna;KD;12;2.10
2022;rd;14800804;Västra Hisingen, Önskevädersg. m fl;Kristna Värdepartiet;KRVP;1;0.17
2022;rd;14800804;Västra Hisingen, Önskevädersg. m fl;Liberalerna (tidigare Folkpartiet);L;10;1.75
2022;rd;14800804;Västra Hisingen, Önskevädersg. m fl;Moderaterna;M;67;11.71
2022;rd;14800804;Västra Hisingen, Önskevädersg. m fl;MoD;MOD;2;0.35
2022;rd;14800804;Västra Hisingen, Önskevädersg. m fl;Miljöpartiet de gröna;MP;22;3.85
2022;rd;14800804;Västra Hisingen, Önskevädersg. m fl;Partiet Nyans;NYANS;18;3.15
2022;rd;14800804;Västra Hisingen, Önskevädersg. m fl;Piratpartiet;PP;5;0.87
2022;rd;14800804;Västra Hisingen, Önskevädersg. m fl;Arbetarepartiet-Socialdemokraterna;S;231;40.38
2022;rd;14800804;Västra Hisingen, Önskevädersg. m fl;Sverigedemokraterna;SD;107;18.71
2022;rd;14800804;Västra Hisingen, Önskevädersg. m fl;Vänsterpartiet;V;85;14.86
2022;rd;14800804;Västra Hisingen, Önskevädersg. m fl;övriga anmälda partier;ÖVR;0;0.00
2022;rd;14800805;Västra Hisingen, Svartedalen Södra;Alternativ för Sverige;AFS;1;0.19
2022;rd;14800805;Västra Hisingen, Svartedalen Södra;Centerpartiet;C;17;3.23
2022;rd;14800805;Västra Hisingen, Svartedalen Södra;Direktdemokraterna;DD;1;0.19
2022;rd;14800805;Västra Hisingen, Svartedalen Södra;Feministiskt initiativ;FI;1;0.19
2022;rd;14800805;Västra Hisingen, Svartedalen Södra;Kristdemokraterna;KD;10;1.90
2022;rd;14800805;Västra Hisingen, Svartedalen Södra;Klimatalliansen;KLIMA;1;0.19
2022;rd;14800805;Västra Hisingen, Svartedalen Södra;Klassiskt liberala partiet;KLP;1;0.19
2022;rd;14800805;Västra Hisingen, Svartedalen Södra;Knapptryckarna;KNAPP;2;0.38
2022;rd;14800805;Västra Hisingen, Svartedalen Södra;Liberalerna (tidigare Folkpartiet);L;11;2.09
2022;rd;14800805;Västra Hisingen, Svartedalen Södra;Moderaterna;M;65;12.33
2022;rd;14800805;Västra Hisingen, Svartedalen Södra;Miljöpartiet de gröna;MP;39;7.40
2022;rd;14800805;Västra Hisingen, Svartedalen Södra;Partiet Nyans;NYANS;17;3.23
2022;rd;14800805;Västra Hisingen, Svartedalen Södra;Piratpartiet;PP;2;0.38
2022;rd;14800805;Västra Hisingen, Svartedalen Södra;Arbetarepartiet-Socialdemokraterna;S;168;31.88
2022;rd;14800805;Västra Hisingen, Svartedalen Södra;Sverigedemokraterna;SD;98;18.60
2022;rd;14800805;Västra Hisingen, Svartedalen Södra;Vänsterpartiet;V;93;17.65
2022;rd;14800805;Västra Hisingen, Svartedalen Södra;övriga anmälda partier;ÖVR;0;0.00
2022;rd;14800806;Västra Hisingen, Kärrmossen;Alternativ för Sverige;AFS;3;0.32
2022;rd;14800806;Västra Hisingen, Kärrmossen;Centerpartiet;C;68;7.27
2022;rd;14800806;Västra Hisingen, Kärrmossen;Direktdemokraterna;DD;1;0.11
2022;rd;14800806;Västra Hisingen, Kärrmossen;Kristdemokraterna;KD;26;2.78
2022;rd;14800806;Västra Hisingen, Kärrmossen;Klimatalliansen;KLIMA;1;0.11
2022;rd;14800806;Västra Hisingen, Kärrmossen;Kristna Värdepartiet;KRVP;3;0.32
2022;rd;14800806;Västra Hisingen, Kärrmossen;Liberalerna (tidigare Folkpartiet);L;52;5.56
2022;rd;14800806;Västra Hisingen, Kärrmossen;Moderaterna;M;138;14.76
2022;rd;14800806;Västra Hisingen, Kärrmossen;Medborgerlig Samling;MED;3;0.32
2022;rd;14800806;Västra Hisingen, Kärrmossen;MoD;MOD;3;0.32
2022;rd;14800806;Västra Hisingen, Kärrmossen;Miljöpartiet de gröna;MP;107;11.44
2022;rd;14800806;Västra Hisingen, Kärrmossen;Partiet Nyans;NYANS;7;0.75
2022;rd;14800806;Västra Hisingen, Kärrmossen;Piratpartiet;PP;1;0.11
2022;rd;14800806;Västra Hisingen, Kärrmossen;Arbetarepartiet-Socialdemokraterna;S;303;32.41
2022;rd;14800806;Västra Hisingen, Kärrmossen;Sverigedemokraterna;SD;122;13.05
2022;rd;14800806;Västra Hisingen, Kärrmossen;Vänsterpartiet;V;97;10.37
2022;rd;14800806;Västra Hisingen, Kärrmossen;övriga anmälda partier;ÖVR;0;0.00
2022;rd;14800807;Västra Hisingen, Jättesten;Alternativ för Sverige;AFS;4;0.44
2022;rd;14800807;Västra Hisingen, Jättesten;Basinkomstpartiet;BASIP;1;0.11
2022;rd;14800807;Västra Hisingen, Jättesten;Centerpartiet;C;34;3.78
2022;rd;14800807;Västra Hisingen, Jättesten;Förenade Demokratiska Partiet;FDP;1;0.11
2022;rd;14800807;Västra Hisingen, Jättesten;Feministiskt initiativ;FI;1;0.11
2022;rd;14800807;Västra Hisingen, Jättesten;Kristdemokraterna;KD;24;2.67
2022;rd;14800807;Västra Hisingen, Jättesten;Knapptryckarna;KNAPP;1;0.11
2022;rd;14800807;Västra Hisingen, Jättesten;Liberalerna (tidigare Folkpartiet);L;28;3.11
2022;rd;14800807;Västra Hisingen, Jättesten;Moderaterna;M;123;13.67
2022;rd;14800807;Västra Hisingen, Jättesten;Miljöpartiet de gröna;MP;49;5.44
2022;rd;14800807;Västra Hisingen, Jättesten;Partiet Nyans;NYANS;18;2.00
2022;rd;14800807;Västra Hisingen, Jättesten;Piratpartiet;PP;2;0.22
2022;rd;14800807;Västra Hisingen, Jättesten;Arbetarepartiet-Socialdemokraterna;S;307;34.11
2022;rd;14800807;Västra Hisingen, Jättesten;Sverigedemokraterna;SD;177;19.67
2022;rd;14800807;Västra Hisingen, Jättesten;Vänsterpartiet;V;130;14.44
2022;rd;14800807;Västra Hisingen, Jättesten;övriga anmälda partier;ÖVR;0;0.00
2022;rd;14800808;Västra Hisingen, Treröset;Alternativ för Sverige;AFS;2;0.43
2022;rd;14800808;Västra Hisingen, Treröset;Centerpartiet;C;14;2.98
2022;rd;14800808;Västra Hisingen, Treröset;Kristdemokraterna;KD;12;2.55
2022;rd;14800808;Västra Hisingen, Treröset;Liberalerna (tidigare Folkpartiet);L;5;1.06
2022;rd;14800808;Västra Hisingen, Treröset;Moderaterna;M;40;8.51
2022;rd;14800808;Västra Hisingen, Treröset;Medborgerlig Samling;MED;2;0.43
2022;rd;14800808;Västra Hisingen, Treröset;MoD;MOD;1;0.21
2022;rd;14800808;Västra Hisingen, Treröset;Miljöpartiet de gröna;MP;11;2.34
2022;rd;14800808;Västra Hisingen, Treröset;Partiet Nyans;NYANS;35;7.45
2022;rd;14800808;Västra Hisingen, Treröset;Piratpartiet;PP;1;0.21
2022;rd;14800808;Västra Hisingen, Treröset;Arbetarepartiet-Socialdemokraterna;S;157;33.40
2022;rd;14800808;Västra Hisingen, Treröset;Sverigedemokraterna;SD;66;14.04
2022;rd;14800808;Västra Hisingen, Treröset;Vänsterpartiet;V;124;26.38
2022;rd;14800808;Västra Hisingen, Treröset;övriga anmälda partier;ÖVR;0;0.00
2022;rd;14800809;Västra Hisingen, Vårväderstorget;Alternativ för Sverige;AFS;1;0.20
2022;rd;14800809;Västra Hisingen, Vårväderstorget;Centerpartiet;C;11;2.25
2022;rd;14800809;Västra Hisingen, Vårväderstorget;Feministiskt initiativ;FI;1;0.20
2022;rd;14800809;Västra Hisingen, Vårväderstorget;Kristdemokraterna;KD;10;2.05
2022;rd;14800809;Västra Hisingen, Vårväderstorget;Liberalerna (tidigare Folkpartiet);L;5;1.02
2022;rd;14800809;Västra Hisingen, Vårväderstorget;Moderaterna;M;49;10.04
2022;rd;14800809;Västra Hisingen, Vårväderstorget;Miljöpartiet de gröna;MP;10;2.05
2022;rd;14800809;Västra Hisingen, Vårväderstorget;Partiet Nyans;NYANS;27;5.53
2022;rd;14800809;Västra Hisingen, Vårväderstorget;Piratpartiet;PP;3;0.61
2022;rd;14800809;Västra Hisingen, Vårväderstorget;Arbetarepartiet-Socialdemokraterna;S;179;36.68
2022;rd;14800809;Västra Hisingen, Vårväderstorget;Sverigedemokraterna;SD;81;16.60
2022;rd;14800809;Västra Hisingen, Vårväderstorget;Vänsterpartiet;V;111;22.75
2022;rd;14800809;Västra Hisingen, Vårväderstorget;övriga anmälda partier;ÖVR;0;0.00
2022;rd;14800810;Västra Hisingen, Blåsvädersgat. m fl;Alternativ för Sverige;AFS;2;0.44
2022;rd;14800810;Västra Hisingen, Blåsvädersgat. m fl;Centerpartiet;C;10;2.20
2022;rd;14800810;Västra Hisingen, Blåsvädersgat. m fl;Feministiskt initiativ;FI;2;0.44
2022;rd;14800810;Västra Hisingen, Blåsvädersgat. m fl;Kristdemokraterna;KD;13;2.86
2022;rd;14800810;Västra Hisingen, Blåsvädersgat. m fl;Knapptryckarna;KNAPP;2;0.44
2022;rd;14800810;Västra Hisingen, Blåsvädersgat. m fl;Kristna Värdepartiet;KRVP;1;0.22
2022;rd;14800810;Västra Hisingen, Blåsvädersgat. m fl;Liberalerna (tidigare Folkpartiet);L;10;2.20
2022;rd;14800810;Västra Hisingen, Blåsvädersgat. m fl;Moderaterna;M;36;7.93
2022;rd;14800810;Västra Hisingen, Blåsvädersgat. m fl;MoD;MOD;1;0.22
2022;rd;14800810;Västra Hisingen, Blåsvädersgat. m fl;Miljöpartiet de gröna;MP;16;3.52
2022;rd;14800810;Västra Hisingen, Blåsvädersgat. m fl;Partiet Nyans;NYANS;10;2.20
2022;rd;14800810;Västra Hisingen, Blåsvädersgat. m fl;Piratpartiet;PP;1;0.22
2022;rd;14800810;Västra Hisingen, Blåsvädersgat. m fl;Arbetarepartiet-Socialdemokraterna;S;188;41.41
2022;rd;14800810;Västra Hisingen, Blåsvädersgat. m fl;Sverigedemokraterna;SD;67;14.76
2022;rd;14800810;Västra Hisingen, Blåsvädersgat. m fl;SKP;SKP;1;0.22
2022;rd;14800810;Västra Hisingen, Blåsvädersgat. m fl;Vänsterpartiet;V;94;20.70
2022;rd;14800810;Västra Hisingen, Blåsvädersgat. m fl;övriga anmälda partier;ÖVR;0;0.00
2022;rd;14800811;Västra Hisingen, Biskopsgården Södra;Centerpartiet;C;10;2.13
2022;rd;14800811;Västra Hisingen, Biskopsgården Södra;Feministiskt initiativ;FI;2;0.43
2022;rd;14800811;Västra Hisingen, Biskopsgården Södra;Kristdemokraterna;KD;20;4.26
2022;rd;14800811;Västra Hisingen, Biskopsgården Södra;Liberalerna (tidigare Folkpartiet);L;5;1.06
2022;rd;14800811;Västra Hisingen, Biskopsgården Södra;Moderaterna;M;36;7.66
2022;rd;14800811;Västra Hisingen, Biskopsgården Södra;Medborgerlig Samling;MED;1;0.21
2022;rd;14800811;Västra Hisingen, Biskopsgården Södra;Miljöpartiet de gröna;MP;17;3.62
2022;rd;14800811;Västra Hisingen, Biskopsgården Södra;Partiet Nyans;NYANS;47;10.00
2022;rd;14800811;Västra Hisingen, Biskopsgården Södra;Piratpartiet;PP;1;0.21
2022;rd;14800811;Västra Hisingen, Biskopsgården Södra;Arbetarepartiet-Socialdemokraterna;S;159;33.83
2022;rd;14800811;Västra Hisingen, Biskopsgården Södra;Sverigedemokraterna;SD;61;12.98
2022;rd;14800811;Västra Hisingen, Biskopsgården Södra;Vänsterpartiet;V;111;23.62
2022;rd;14800811;Västra Hisingen, Biskopsgården Södra;övriga anmälda partier;ÖVR;0;0.00
2022;rd;14800812;Västra Hisingen, Väderlekstorget;Centerpartiet;C;11;1.90
2022;rd;14800812;Västra Hisingen, Väderlekstorget;Direktdemokraterna;DD;1;0.17
2022;rd;14800812;Västra Hisingen, Väderlekstorget;Europeiska Arbetarpartiet-EAP;EAP;1;0.17
2022;rd;14800812;Västra Hisingen, Väderlekstorget;Feministiskt initiativ;FI;2;0.35
2022;rd;14800812;Västra Hisingen, Väderlekstorget;Kristdemokraterna;KD;19;3.28
2022;rd;14800812;Västra Hisingen, Väderlekstorget;Knapptryckarna;KNAPP;1;0.17
2022;rd;14800812;Västra Hisingen, Väderlekstorget;Liberalerna (tidigare Folkpartiet);L;10;1.73
2022;rd;14800812;Västra Hisingen, Väderlekstorget;Moderaterna;M;40;6.91
2022;rd;14800812;Västra Hisingen, Väderlekstorget;Medborgerlig Samling;MED;1;0.17
2022;rd;14800812;Västra Hisingen, Väderlekstorget;Miljöpartiet de gröna;MP;34;5.87
2022;rd;14800812;Västra Hisingen, Väderlekstorget;Partiet Nyans;NYANS;26;4.49
2022;rd;14800812;Västra Hisingen, Väderlekstorget;Arbetarepartiet-Socialdemokraterna;S;161;27.81
2022;rd;14800812;Västra Hisingen, Väderlekstorget;Sverigedemokraterna;SD;90;15.54
2022;rd;14800812;Västra Hisingen, Väderlekstorget;Vänsterpartiet;V;182;31.43
2022;rd;14800812;Västra Hisingen, Väderlekstorget;övriga anmälda partier;ÖVR;0;0.00
2022;rd;14800813;Västra Hisingen, Biskopsgården Norra;Alternativ för Sverige;AFS;1;0.21
2022;rd;14800813;Västra Hisingen, Biskopsgården Norra;Centerpartiet;C;12;2.48
2022;rd;14800813;Västra Hisingen, Biskopsgården Norra;Kristdemokraterna;KD;3;0.62
2022;rd;14800813;Västra Hisingen, Biskopsgården Norra;Knapptryckarna;KNAPP;1;0.21
2022;rd;14800813;Västra Hisingen, Biskopsgården Norra;Liberalerna (tidigare Folkpartiet);L;12;2.48
2022;rd;14800813;Västra Hisingen, Biskopsgården Norra;Moderaterna;M;56;11.57
2022;rd;14800813;Västra Hisingen, Biskopsgården Norra;Medborgerlig Samling;MED;1;0.21
2022;rd;14800813;Västra Hisingen, Biskopsgården Norra;Miljöpartiet de gröna;MP;25;5.17
2022;rd;14800813;Västra Hisingen, Biskopsgården Norra;Partiet Nyans;NYANS;59;12.19
2022;rd;14800813;Västra Hisingen, Biskopsgården Norra;Piratpartiet;PP;3;0.62
2022;rd;14800813;Västra Hisingen, Biskopsgården Norra;Arbetarepartiet-Socialdemokraterna;S;166;34.30
2022;rd;14800813;Västra Hisingen, Biskopsgården Norra;Sverigedemokraterna;SD;54;11.16
2022;rd;14800813;Västra Hisingen, Biskopsgården Norra;SKP;SKP;1;0.21
2022;rd;14800813;Västra Hisingen, Biskopsgården Norra;Vänsterpartiet;V;90;18.60
2022;rd;14800813;Västra Hisingen, Biskopsgården Norra;övriga anmälda partier;ÖVR;0;0.00
2022;rd;14800814;Västra Hisingen, Svarte Mosse;Centerpartiet;C;5;1.45
2022;rd;14800814;Västra Hisingen, Svarte Mosse;Kristdemokraterna;KD;4;1.16
2022;rd;14800814;Västra Hisingen, Svarte Mosse;Kristna Värdepartiet;KRVP;1;0.29
2022;rd;14800814;Västra Hisingen, Svarte Mosse;Liberalerna (tidigare Folkpartiet);L;2;0.58
2022;rd;14800814;Västra Hisingen, Svarte Mosse;Moderaterna;M;10;2.91
2022;rd;14800814;Västra Hisingen, Svarte Mosse;Miljöpartiet de gröna;MP;15;4.36
2022;rd;14800814;Västra Hisingen, Svarte Mosse;Partiet Nyans;NYANS;73;21.22
2022;rd;14800814;Västra Hisingen, Svarte Mosse;Piratpartiet;PP;1;0.29
2022;rd;14800814;Västra Hisingen, Svarte Mosse;Arbetarepartiet-Socialdemokraterna;S;141;40.99
2022;rd;14800814;Västra Hisingen, Svarte Mosse;Sverigedemokraterna;SD;20;5.81
2022;rd;14800814;Västra Hisingen, Svarte Mosse;Vänsterpartiet;V;72;20.93
2022;rd;14800814;Västra Hisingen, Svarte Mosse;övriga anmälda partier;ÖVR;0;0.00
2022;rd;14800815;Västra Hisingen, Friskväderstorget;Centerpartiet;C;14;3.23
2022;rd;14800815;Västra Hisingen, Friskväderstorget;Kristdemokraterna;KD;7;1.62
2022;rd;14800815;Västra Hisingen, Friskväderstorget;Kristna Värdepartiet;KRVP;2;0.46
2022;rd;14800815;Västra Hisingen, Friskväderstorget;Liberalerna (tidigare Folkpartiet);L;5;1.15
2022;rd;14800815;Västra Hisingen, Friskväderstorget;Moderaterna;M;13;3.00
2022;rd;14800815;Västra Hisingen, Friskväderstorget;MoD;MOD;1;0.23
2022;rd;14800815;Västra Hisingen, Friskväderstorget;Miljöpartiet de gröna;MP;21;4.85
2022;rd;14800815;Västra Hisingen, Friskväderstorget;Partiet Nyans;NYANS;68;15.70
2022;rd;14800815;Västra Hisingen, Friskväderstorget;Piratpartiet;PP;1;0.23
2022;rd;14800815;Västra Hisingen, Friskväderstorget;Arbetarepartiet-Socialdemokraterna;S;197;45.50
2022;rd;14800815;Västra Hisingen, Friskväderstorget;Sverigedemokraterna;SD;19;4.39
2022;rd;14800815;Västra Hisingen, Friskväderstorget;Vänsterpartiet;V;85;19.63
2022;rd;14800815;Västra Hisingen, Friskväderstorget;övriga anmälda partier;ÖVR;0;0.00
2022;rd;14800816;Västra Hisingen, Länsmansgården S;Centerpartiet;C;11;2.14
2022;rd;14800816;Västra Hisingen, Länsmansgården S;Feministiskt initiativ;FI;1;0.19
2022;rd;14800816;Västra Hisingen, Länsmansgården S;Partiet Frihet;FRIH;1;0.19
2022;rd;14800816;Västra Hisingen, Länsmansgården S;Kristdemokraterna;KD;9;1.75
2022;rd;14800816;Västra Hisingen, Länsmansgården S;Kristna Värdepartiet;KRVP;2;0.39
2022;rd;14800816;Västra Hisingen, Länsmansgården S;Liberalerna (tidigare Folkpartiet);L;4;0.78
2022;rd;14800816;Västra Hisingen, Länsmansgården S;Moderaterna;M;27;5.24
2022;rd;14800816;Västra Hisingen, Länsmansgården S;Medborgerlig Samling;MED;1;0.19
2022;rd;14800816;Västra Hisingen, Länsmansgården S;Miljöpartiet de gröna;MP;16;3.11
2022;rd;14800816;Västra Hisingen, Länsmansgården S;Partiet Nyans;NYANS;71;13.79
2022;rd;14800816;Västra Hisingen, Länsmansgården S;Arbetarepartiet-Socialdemokraterna;S;234;45.44
2022;rd;14800816;Västra Hisingen, Länsmansgården S;Sverigedemokraterna;SD;44;8.54
2022;rd;14800816;Västra Hisingen, Länsmansgården S;Vänsterpartiet;V;94;18.25
2022;rd;14800816;Västra Hisingen, Länsmansgården S;övriga anmälda partier;ÖVR;0;0.00
2022;rd;14800817;Västra Hisingen, Länsmansgården V;Alternativ för Sverige;AFS;1;0.20
2022;rd;14800817;Västra Hisingen, Länsmansgården V;Centerpartiet;C;4;0.81
2022;rd;14800817;Västra Hisingen, Länsmansgården V;Feministiskt initiativ;FI;2;0.41
2022;rd;14800817;Västra Hisingen, Länsmansgården V;Kristdemokraterna;KD;9;1.83
2022;rd;14800817;Västra Hisingen, Länsmansgården V;Liberalerna (tidigare Folkpartiet);L;10;2.03
2022;rd;14800817;Västra Hisingen, Länsmansgården V;Moderaterna;M;35;7.10
2022;rd;14800817;Västra Hisingen, Länsmansgården V;MoD;MOD;1;0.20
2022;rd;14800817;Västra Hisingen, Länsmansgården V;Miljöpartiet de gröna;MP;30;6.09
2022;rd;14800817;Västra Hisingen, Länsmansgården V;Partiet Nyans;NYANS;52;10.55
2022;rd;14800817;Västra Hisingen, Länsmansgården V;Arbetarepartiet-Socialdemokraterna;S;210;42.60
2022;rd;14800817;Västra Hisingen, Länsmansgården V;Sverigedemokraterna;SD;56;11.36
2022;rd;14800817;Västra Hisingen, Länsmansgården V;Vänsterpartiet;V;83;16.84
2022;rd;14800817;Västra Hisingen, Länsmansgården V;övriga anmälda partier;ÖVR;0;0.00
2022;rd;14800818;Västra Hisingen, Länsmansgården C;Alternativ för Sverige;AFS;1;0.14
2022;rd;14800818;Västra Hisingen, Länsmansgården C;Basinkomstpartiet;BASIP;1;0.14
2022;rd;14800818;Västra Hisingen, Länsmansgården C;Centerpartiet;C;18;2.60
2022;rd;14800818;Västra Hisingen, Länsmansgården C;Direktdemokraterna;DD;1;0.14
2022;rd;14800818;Västra Hisingen, Länsmansgården C;Feministiskt initiativ;FI;2;0.29
2022;rd;14800818;Västra Hisingen, Länsmansgården C;Kristdemokraterna;KD;18;2.60
2022;rd;14800818;Västra Hisingen, Länsmansgården C;Klimatalliansen;KLIMA;1;0.14
2022;rd;14800818;Västra Hisingen, Länsmansgården C;Klassiskt liberala partiet;KLP;1;0.14
2022;rd;14800818;Västra Hisingen, Länsmansgården C;Knapptryckarna;KNAPP;1;0.14
2022;rd;14800818;Västra Hisingen, Länsmansgården C;Kristna Värdepartiet;KRVP;1;0.14
2022;rd;14800818;Västra Hisingen, Länsmansgården C;Liberalerna (tidigare Folkpartiet);L;8;1.16
2022;rd;14800818;Västra Hisingen, Länsmansgården C;Moderaterna;M;63;9.10
2022;rd;14800818;Västra Hisingen, Länsmansgården C;Medborgerlig Samling;MED;2;0.29
2022;rd;14800818;Västra Hisingen, Länsmansgården C;Miljöpartiet de gröna;MP;25;3.61
2022;rd;14800818;Västra Hisingen, Länsmansgården C;Nordiska motståndsrörelsen;NMR;1;0.14
2022;rd;14800818;Västra Hisingen, Länsmansgården C;Partiet Nyans;NYANS;30;4.34
2022;rd;14800818;Västra Hisingen, Länsmansgården C;Piratpartiet;PP;3;0.43
2022;rd;14800818;Västra Hisingen, Länsmansgården C;Arbetarepartiet-Socialdemokraterna;S;246;35.55
2022;rd;14800818;Västra Hisingen, Länsmansgården C;Sverigedemokraterna;SD;146;21.10
2022;rd;14800818;Västra Hisingen, Länsmansgården C;Vänsterpartiet;V;123;17.77
2022;rd;14800818;Västra Hisingen, Länsmansgården C;övriga anmälda partier;ÖVR;0;0.00
2022;rd;14800819;Västra Hisingen, Länsmansgården N;Alternativ för Sverige;AFS;3;0.49
2022;rd;14800819;Västra Hisingen, Länsmansgården N;Centerpartiet;C;15;2.45
2022;rd;14800819;Västra Hisingen, Länsmansgården N;Feministiskt initiativ;FI;2;0.33
2022;rd;14800819;Västra Hisingen, Länsmansgården N;Kristdemokraterna;KD;22;3.60
2022;rd;14800819;Västra Hisingen, Länsmansgården N;Kristna Värdepartiet;KRVP;1;0.16
2022;rd;14800819;Västra Hisingen, Länsmansgården N;Liberalerna (tidigare Folkpartiet);L;19;3.11
2022;rd;14800819;Västra Hisingen, Länsmansgården N;Moderaterna;M;67;10.97
2022;rd;14800819;Västra Hisingen, Länsmansgården N;MoD;MOD;1;0.16
2022;rd;14800819;Västra Hisingen, Länsmansgården N;Miljöpartiet de gröna;MP;11;1.80
2022;rd;14800819;Västra Hisingen, Länsmansgården N;Partiet Nyans;NYANS;31;5.07
2022;rd;14800819;Västra Hisingen, Länsmansgården N;Arbetarepartiet-Socialdemokraterna;S;206;33.72
2022;rd;14800819;Västra Hisingen, Länsmansgården N;Sverigedemokraterna;SD;132;21.60
2022;rd;14800819;Västra Hisingen, Länsmansgården N;Vänsterpartiet;V;101;16.53
2022;rd;14800819;Västra Hisingen, Länsmansgården N;övriga anmälda partier;ÖVR;0;0.00
2022;rd;14800820;Västra Hisingen, Amhult-Arendal;Alternativ för Sverige;AFS;3;0.37
2022;rd;14800820;Västra Hisingen, Amhult-Arendal;Centerpartiet;C;27;3.32
2022;rd;14800820;Västra Hisingen, Amhult-Arendal;Direktdemokraterna;DD;1;0.12
2022;rd;14800820;Västra Hisingen, Amhult-Arendal;Feministiskt initiativ;FI;2;0.25
2022;rd;14800820;Västra Hisingen, Amhult-Arendal;Kristdemokraterna;KD;58;7.13
2022;rd;14800820;Västra Hisingen, Amhult-Arendal;Knapptryckarna;KNAPP;2;0.25
2022;rd;14800820;Västra Hisingen, Amhult-Arendal;Liberalerna (tidigare Folkpartiet);L;42;5.16
2022;rd;14800820;Västra Hisingen, Amhult-Arendal;Landsbygdspartiet Oberoende;LPO;1;0.12
2022;rd;14800820;Västra Hisingen, Amhult-Arendal;Moderaterna;M;183;22.48
2022;rd;14800820;Västra Hisingen, Amhult-Arendal;Medborgerlig Samling;MED;3;0.37
2022;rd;14800820;Västra Hisingen, Amhult-Arendal;MoD;MOD;1;0.12
2022;rd;14800820;Västra Hisingen, Amhult-Arendal;Miljöpartiet de gröna;MP;23;2.83
2022;rd;14800820;Västra Hisingen, Amhult-Arendal;Piratpartiet;PP;2;0.25
2022;rd;14800820;Västra Hisingen, Amhult-Arendal;Arbetarepartiet-Socialdemokraterna;S;226;27.76
2022;rd;14800820;Västra Hisingen, Amhult-Arendal;Sverigedemokraterna;SD;212;26.04
2022;rd;14800820;Västra Hisingen, Amhult-Arendal;Vänsterpartiet;V;28;3.44
2022;rd;14800820;Västra Hisingen, Amhult-Arendal;övriga anmälda partier;ÖVR;0;0.00
2022;rd;14800821;Västra Hisingen, Andalen;Alternativ för Sverige;AFS;4;0.42
2022;rd;14800821;Västra Hisingen, Andalen;Centerpartiet;C;68;7.20
2022;rd;14800821;Västra Hisingen, Andalen;Kristdemokraterna;KD;53;5.61
2022;rd;14800821;Västra Hisingen, Andalen;Liberalerna (tidigare Folkpartiet);L;67;7.09
2022;rd;14800821;Västra Hisingen, Andalen;Moderaterna;M;349;36.93
2022;rd;14800821;Västra Hisingen, Andalen;Miljöpartiet de gröna;MP;33;3.49
2022;rd;14800821;Västra Hisingen, Andalen;Arbetarepartiet-Socialdemokraterna;S;188;19.89
2022;rd;14800821;Västra Hisingen, Andalen;Sverigedemokraterna;SD;168;17.78
2022;rd;14800821;Västra Hisingen, Andalen;Stram Kurs Sverige;SKS;1;0.11
2022;rd;14800821;Västra Hisingen, Andalen;Vänsterpartiet;V;14;1.48
2022;rd;14800821;Västra Hisingen, Andalen;övriga anmälda partier;ÖVR;0;0.00
2022;rd;14800822;Västra Hisingen, Hjuvik;Centerpartiet;C;85;8.48
2022;rd;14800822;Västra Hisingen, Hjuvik;Kristdemokraterna;KD;80;7.98
2022;rd;14800822;Västra Hisingen, Hjuvik;Klimatalliansen;KLIMA;1;0.10
2022;rd;14800822;Västra Hisingen, Hjuvik;Knapptryckarna;KNAPP;3;0.30
2022;rd;14800822;Västra Hisingen, Hjuvik;Liberalerna (tidigare Folkpartiet);L;85;8.48
2022;rd;14800822;Västra Hisingen, Hjuvik;Moderaterna;M;349;34.83
2022;rd;14800822;Västra Hisingen, Hjuvik;Medborgerlig Samling;MED;2;0.20
2022;rd;14800822;Västra Hisingen, Hjuvik;Miljöpartiet de gröna;MP;46;4.59
2022;rd;14800822;Västra Hisingen, Hjuvik;Arbetarepartiet-Socialdemokraterna;S;182;18.16
2022;rd;14800822;Västra Hisingen, Hjuvik;Sverigedemokraterna;SD;154;15.37
2022;rd;14800822;Västra Hisingen, Hjuvik;Vänsterpartiet;V;14;1.40
2022;rd;14800822;Västra Hisingen, Hjuvik;Volt Sverige;VOLT;1;0.10
2022;rd;14800822;Västra Hisingen, Hjuvik;övriga anmälda partier;ÖVR;0;0.00
2022;rd;14800823;Västra Hisingen, Hällsvik;Centerpartiet;C;92;8.27
2022;rd;14800823;Västra Hisingen, Hällsvik;Direktdemokraterna;DD;1;0.09
2022;rd;14800823;Västra Hisingen, Hällsvik;Kristdemokraterna;KD;48;4.32
2022;rd;14800823;Västra Hisingen, Hällsvik;Liberalerna (tidigare Folkpartiet);L;110;9.89
2022;rd;14800823;Västra Hisingen, Hällsvik;Moderaterna;M;392;35.25
2022;rd;14800823;Västra Hisingen, Hällsvik;Medborgerlig Samling;MED;2;0.18
2022;rd;14800823;Västra Hisingen, Hällsvik;Miljöpartiet de gröna;MP;39;3.51
2022;rd;14800823;Västra Hisingen, Hällsvik;Partiet Nyans;NYANS;1;0.09
2022;rd;14800823;Västra Hisingen, Hällsvik;Piratpartiet;PP;2;0.18
2022;rd;14800823;Västra Hisingen, Hällsvik;Arbetarepartiet-Socialdemokraterna;S;218;19.60
2022;rd;14800823;Västra Hisingen, Hällsvik;Sverigedemokraterna;SD;184;16.55
2022;rd;14800823;Västra Hisingen, Hällsvik;Vänsterpartiet;V;23;2.07
2022;rd;14800823;Västra Hisingen, Hällsvik;övriga anmälda partier;ÖVR;0;0.00
2022;rd;14800824;Västra Hisingen, Trånget;Alternativ för Sverige;AFS;2;0.19
2022;rd;14800824;Västra Hisingen, Trånget;Centerpartiet;C;87;8.46
2022;rd;14800824;Västra Hisingen, Trånget;Kristdemokraterna;KD;75;7.30
2022;rd;14800824;Västra Hisingen, Trånget;Liberalerna (tidigare Folkpartiet);L;73;7.10
2022;rd;14800824;Västra Hisingen, Trånget;Moderaterna;M;345;33.56
2022;rd;14800824;Västra Hisingen, Trånget;Miljöpartiet de gröna;MP;36;3.50
2022;rd;14800824;Västra Hisingen, Trånget;Piratpartiet;PP;1;0.10
2022;rd;14800824;Västra Hisingen, Trånget;Arbetarepartiet-Socialdemokraterna;S;206;20.04
2022;rd;14800824;Västra Hisingen, Trånget;Sverigedemokraterna;SD;189;18.39
2022;rd;14800824;Västra Hisingen, Trånget;Vänsterpartiet;V;14;1.36
2022;rd;14800824;Västra Hisingen, Trånget;övriga anmälda partier;ÖVR;0;0.00
2022;rd;14800825;Västra Hisingen, Tumlehed;Alternativ för Sverige;AFS;2;0.21
2022;rd;14800825;Västra Hisingen, Tumlehed;Centerpartiet;C;81;8.46
2022;rd;14800825;Västra Hisingen, Tumlehed;Kristdemokraterna;KD;44;4.59
2022;rd;14800825;Västra Hisingen, Tumlehed;Liberalerna (tidigare Folkpartiet);L;65;6.78
2022;rd;14800825;Västra Hisingen, Tumlehed;Moderaterna;M;289;30.17
2022;rd;14800825;Västra Hisingen, Tumlehed;Medborgerlig Samling;MED;2;0.21
2022;rd;14800825;Västra Hisingen, Tumlehed;Miljöpartiet de gröna;MP;41;4.28
2022;rd;14800825;Västra Hisingen, Tumlehed;Piratpartiet;PP;1;0.10
2022;rd;14800825;Västra Hisingen, Tumlehed;Arbetarepartiet-Socialdemokraterna;S;230;24.01
2022;rd;14800825;Västra Hisingen, Tumlehed;Sverigedemokraterna;SD;172;17.95
2022;rd;14800825;Västra Hisingen, Tumlehed;Vänsterpartiet;V;31;3.24
2022;rd;14800825;Västra Hisingen, Tumlehed;övriga anmälda partier;ÖVR;0;0.00
2022;rd;14800826;Västra Hisingen, Torslanda Röd;Centerpartiet;C;49;6.06
2022;rd;14800826;Västra Hisingen, Torslanda Röd;Kristdemokraterna;KD;56;6.93
2022;rd;14800826;Västra Hisingen, Torslanda Röd;Liberalerna (tidigare Folkpartiet);L;58;7.18
2022;rd;14800826;Västra Hisingen, Torslanda Röd;Moderaterna;M;194;24.01
2022;rd;14800826;Västra Hisingen, Torslanda Röd;Medborgerlig Samling;MED;2;0.25
2022;rd;14800826;Västra Hisingen, Torslanda Röd;Miljöpartiet de gröna;MP;25;3.09
2022;rd;14800826;Västra Hisingen, Torslanda Röd;Partiet Nyans;NYANS;2;0.25
2022;rd;14800826;Västra Hisingen, Torslanda Röd;Arbetarepartiet-Socialdemokraterna;S;212;26.24
2022;rd;14800826;Västra Hisingen, Torslanda Röd;Sverigedemokraterna;SD;183;22.65
2022;rd;14800826;Västra Hisingen, Torslanda Röd;Vänsterpartiet;V;27;3.34
2022;rd;14800826;Västra Hisingen, Torslanda Röd;övriga anmälda partier;ÖVR;0;0.00
2022;rd;14800827;Västra Hisingen, Gossbydal;Alternativ för Sverige;AFS;1;0.12
2022;rd;14800827;Västra Hisingen, Gossbydal;Centerpartiet;C;51;6.20
2022;rd;14800827;Västra Hisingen, Gossbydal;Kristdemokraterna;KD;63;7.65
2022;rd;14800827;Västra Hisingen, Gossbydal;Knapptryckarna;KNAPP;1;0.12
2022;rd;14800827;Västra Hisingen, Gossbydal;Liberalerna (tidigare Folkpartiet);L;60;7.29
2022;rd;14800827;Västra Hisingen, Gossbydal;Moderaterna;M;235;28.55
2022;rd;14800827;Västra Hisingen, Gossbydal;MoD;MOD;1;0.12
2022;rd;14800827;Västra Hisingen, Gossbydal;Miljöpartiet de gröna;MP;33;4.01
2022;rd;14800827;Västra Hisingen, Gossbydal;Partiet Nyans;NYANS;1;0.12
2022;rd;14800827;Västra Hisingen, Gossbydal;Arbetarepartiet-Socialdemokraterna;S;192;23.33
2022;rd;14800827;Västra Hisingen, Gossbydal;Sverigedemokraterna;SD;166;20.17
2022;rd;14800827;Västra Hisingen, Gossbydal;Vänsterpartiet;V;19;2.31
2022;rd;14800827;Västra Hisingen, Gossbydal;övriga anmälda partier;ÖVR;0;0.00
2022;rd;14800828;Västra Hisingen, Nolered;Alternativ för Sverige;AFS;1;0.10
2022;rd;14800828;Västra Hisingen, Nolered;Centerpartiet;C;65;6.37
2022;rd;14800828;Västra Hisingen, Nolered;Feministiskt initiativ;FI;1;0.10
2022;rd;14800828;Västra Hisingen, Nolered;Kristdemokraterna;KD;55;5.39
2022;rd;14800828;Västra Hisingen, Nolered;Liberalerna (tidigare Folkpartiet);L;63;6.18
2022;rd;14800828;Västra Hisingen, Nolered;Moderaterna;M;286;28.04
2022;rd;14800828;Västra Hisingen, Nolered;Medborgerlig Samling;MED;2;0.20
2022;rd;14800828;Västra Hisingen, Nolered;MoD;MOD;1;0.10
2022;rd;14800828;Västra Hisingen, Nolered;Miljöpartiet de gröna;MP;32;3.14
2022;rd;14800828;Västra Hisingen, Nolered;Partiet Nyans;NYANS;4;0.39
2022;rd;14800828;Västra Hisingen, Nolered;Piratpartiet;PP;4;0.39
2022;rd;14800828;Västra Hisingen, Nolered;Arbetarepartiet-Socialdemokraterna;S;245;24.02
2022;rd;14800828;Västra Hisingen, Nolered;Sverigedemokraterna;SD;222;21.76
2022;rd;14800828;Västra Hisingen, Nolered;Vänsterpartiet;V;39;3.82
2022;rd;14800828;Västra Hisingen, Nolered;övriga anmälda partier;ÖVR;0;0.00
2022;rd;14800829;Västra Hisingen, Torslanda Torg;Alternativ för Sverige;AFS;1;0.12
2022;rd;14800829;Västra Hisingen, Torslanda Torg;Centerpartiet;C;49;5.83
2022;rd;14800829;Västra Hisingen, Torslanda Torg;Feministiskt initiativ;FI;1;0.12
2022;rd;14800829;Västra Hisingen, Torslanda Torg;Kristdemokraterna;KD;36;4.29
2022;rd;14800829;Västra Hisingen, Torslanda Torg;Knapptryckarna;KNAPP;2;0.24
2022;rd;14800829;Västra Hisingen, Torslanda Torg;Liberalerna (tidigare Folkpartiet);L;29;3.45
2022;rd;14800829;Västra Hisingen, Torslanda Torg;Moderaterna;M;212;25.24
2022;rd;14800829;Västra Hisingen, Torslanda Torg;Medborgerlig Samling;MED;4;0.48
2022;rd;14800829;Västra Hisingen, Torslanda Torg;Miljöpartiet de gröna;MP;22;2.62
2022;rd;14800829;Västra Hisingen, Torslanda Torg;Piratpartiet;PP;1;0.12
2022;rd;14800829;Västra Hisingen, Torslanda Torg;Arbetarepartiet-Socialdemokraterna;S;266;31.67
2022;rd;14800829;Västra Hisingen, Torslanda Torg;Sverigedemokraterna;SD;186;22.14
2022;rd;14800829;Västra Hisingen, Torslanda Torg;Vänsterpartiet;V;31;3.69
2022;rd;14800829;Västra Hisingen, Torslanda Torg;övriga anmälda partier;ÖVR;0;0.00
2022;rd;14800830;Västra Hisingen, Torslanda;Alternativ för Sverige;AFS;8;0.75
2022;rd;14800830;Västra Hisingen, Torslanda;Centerpartiet;C;58;5.46
2022;rd;14800830;Västra Hisingen, Torslanda;Feministiskt initiativ;FI;1;0.09
2022;rd;14800830;Västra Hisingen, Torslanda;Kristdemokraterna;KD;79;7.44
2022;rd;14800830;Västra Hisingen, Torslanda;Knapptryckarna;KNAPP;2;0.19
2022;rd;14800830;Västra Hisingen, Torslanda;Kristna Värdepartiet;KRVP;3;0.28
2022;rd;14800830;Västra Hisingen, Torslanda;Liberalerna (tidigare Folkpartiet);L;34;3.20
2022;rd;14800830;Västra Hisingen, Torslanda;Moderaterna;M;209;19.68
2022;rd;14800830;Västra Hisingen, Torslanda;Miljöpartiet de gröna;MP;30;2.82
2022;rd;14800830;Västra Hisingen, Torslanda;Piratpartiet;PP;2;0.19
2022;rd;14800830;Västra Hisingen, Torslanda;Arbetarepartiet-Socialdemokraterna;S;330;31.07
2022;rd;14800830;Västra Hisingen, Torslanda;Sverigedemokraterna;SD;268;25.24
2022;rd;14800830;Västra Hisingen, Torslanda;Vänsterpartiet;V;38;3.58
2022;rd;14800830;Västra Hisingen, Torslanda;övriga anmälda partier;ÖVR;0;0.00
2022;rd;14800831;Västra Hisingen, Domarringen m fl;Centerpartiet;C;55;5.53
2022;rd;14800831;Västra Hisingen, Domarringen m fl;Direktdemokraterna;DD;1;0.10
2022;rd;14800831;Västra Hisingen, Domarringen m fl;Feministiskt initiativ;FI;2;0.20
2022;rd;14800831;Västra Hisingen, Domarringen m fl;Kristdemokraterna;KD;49;4.92
2022;rd;14800831;Västra Hisingen, Domarringen m fl;Knapptryckarna;KNAPP;2;0.20
2022;rd;14800831;Västra Hisingen, Domarringen m fl;Liberalerna (tidigare Folkpartiet);L;62;6.23
2022;rd;14800831;Västra Hisingen, Domarringen m fl;Moderaterna;M;260;26.13
2022;rd;14800831;Västra Hisingen, Domarringen m fl;MoD;MOD;1;0.10
2022;rd;14800831;Västra Hisingen, Domarringen m fl;Miljöpartiet de gröna;MP;27;2.71
2022;rd;14800831;Västra Hisingen, Domarringen m fl;Piratpartiet;PP;2;0.20
2022;rd;14800831;Västra Hisingen, Domarringen m fl;Arbetarepartiet-Socialdemokraterna;S;275;27.64
2022;rd;14800831;Västra Hisingen, Domarringen m fl;Sverigedemokraterna;SD;225;22.61
2022;rd;14800831;Västra Hisingen, Domarringen m fl;Vänsterpartiet;V;34;3.42
2022;rd;14800831;Västra Hisingen, Domarringen m fl;övriga anmälda partier;ÖVR;0;0.00
2022;rd;14800832;Västra Hisingen, Änghagen;Alternativ för Sverige;AFS;2;0.19
2022;rd;14800832;Västra Hisingen, Änghagen;Centerpartiet;C;76;7.38
2022;rd;14800832;Västra Hisingen, Änghagen;Feministiskt initiativ;FI;1;0.10
2022;rd;14800832;Västra Hisingen, Änghagen;Kristdemokraterna;KD;58;5.63
2022;rd;14800832;Västra Hisingen, Änghagen;Kristna Värdepartiet;KRVP;2;0.19
2022;rd;14800832;Västra Hisingen, Änghagen;Liberalerna (tidigare Folkpartiet);L;54;5.24
2022;rd;14800832;Västra Hisingen, Änghagen;Moderaterna;M;295;28.64
2022;rd;14800832;Västra Hisingen, Änghagen;Medborgerlig Samling;MED;1;0.10
2022;rd;14800832;Västra Hisingen, Änghagen;MoD;MOD;4;0.39
2022;rd;14800832;Västra Hisingen, Änghagen;Miljöpartiet de gröna;MP;36;3.50
2022;rd;14800832;Västra Hisingen, Änghagen;Piratpartiet;PP;1;0.10
2022;rd;14800832;Västra Hisingen, Änghagen;Arbetarepartiet-Socialdemokraterna;S;265;25.73
2022;rd;14800832;Västra Hisingen, Änghagen;Sverigedemokraterna;SD;214;20.78
2022;rd;14800832;Västra Hisingen, Änghagen;Vänsterpartiet;V;21;2.04
2022;rd;14800832;Västra Hisingen, Änghagen;övriga anmälda partier;ÖVR;0;0.00
2022;rd;14800833;Västra Hisingen, Älvegården;Alternativ för Sverige;AFS;3;0.26
2022;rd;14800833;Västra Hisingen, Älvegården;Centerpartiet;C;72;6.29
2022;rd;14800833;Västra Hisingen, Älvegården;Kristdemokraterna;KD;63;5.51
2022;rd;14800833;Västra Hisingen, Älvegården;Kristna Värdepartiet;KRVP;1;0.09
2022;rd;14800833;Västra Hisingen, Älvegården;Liberalerna (tidigare Folkpartiet);L;66;5.77
2022;rd;14800833;Västra Hisingen, Älvegården;Moderaterna;M;410;35.84
2022;rd;14800833;Västra Hisingen, Älvegården;MoD;MOD;3;0.26
2022;rd;14800833;Västra Hisingen, Älvegården;Miljöpartiet de gröna;MP;32;2.80
2022;rd;14800833;Västra Hisingen, Älvegården;Arbetarepartiet-Socialdemokraterna;S;240;20.98
2022;rd;14800833;Västra Hisingen, Älvegården;Sverigedemokraterna;SD;222;19.41
2022;rd;14800833;Västra Hisingen, Älvegården;Vänsterpartiet;V;32;2.80
2022;rd;14800833;Västra Hisingen, Älvegården;övriga anmälda partier;ÖVR;0;0.00
2022;rd;14800834;Västra Hisingen, Lilleby;Alternativ för Sverige;AFS;2;0.23
2022;rd;14800834;Västra Hisingen, Lilleby;Centerpartiet;C;70;7.94
2022;rd;14800834;Västra Hisingen, Lilleby;Kristdemokraterna;KD;59;6.69
2022;rd;14800834;Västra Hisingen, Lilleby;Klassiskt liberala partiet;KLP;1;0.11
2022;rd;14800834;Västra Hisingen, Lilleby;Liberalerna (tidigare Folkpartiet);L;59;6.69
2022;rd;14800834;Västra Hisingen, Lilleby;Moderaterna;M;270;30.61
2022;rd;14800834;Västra Hisingen, Lilleby;Medborgerlig Samling;MED;1;0.11
2022;rd;14800834;Västra Hisingen, Lilleby;Miljöpartiet de gröna;MP;34;3.85
2022;rd;14800834;Västra Hisingen, Lilleby;Arbetarepartiet-Socialdemokraterna;S;190;21.54
2022;rd;14800834;Västra Hisingen, Lilleby;Sverigedemokraterna;SD;181;20.52
2022;rd;14800834;Västra Hisingen, Lilleby;Vänsterpartiet;V;15;1.70
2022;rd;14800834;Västra Hisingen, Lilleby;övriga anmälda partier;ÖVR;0;0.00
2022;rd;14800835;Västra Hisingen, Kvisljungeby;Alternativ för Sverige;AFS;1;0.09
2022;rd;14800835;Västra Hisingen, Kvisljungeby;Centerpartiet;C;54;5.00
2022;rd;14800835;Västra Hisingen, Kvisljungeby;Kristdemokraterna;KD;62;5.74
2022;rd;14800835;Västra Hisingen, Kvisljungeby;Knapptryckarna;KNAPP;3;0.28
2022;rd;14800835;Västra Hisingen, Kvisljungeby;Liberalerna (tidigare Folkpartiet);L;70;6.48
2022;rd;14800835;Västra Hisingen, Kvisljungeby;Moderaterna;M;316;29.23
2022;rd;14800835;Västra Hisingen, Kvisljungeby;Medborgerlig Samling;MED;1;0.09
2022;rd;14800835;Västra Hisingen, Kvisljungeby;Miljöpartiet de gröna;MP;32;2.96
2022;rd;14800835;Västra Hisingen, Kvisljungeby;Piratpartiet;PP;2;0.19
2022;rd;14800835;Västra Hisingen, Kvisljungeby;Arbetarepartiet-Socialdemokraterna;S;226;20.91
2022;rd;14800835;Västra Hisingen, Kvisljungeby;Sverigedemokraterna;SD;280;25.90
2022;rd;14800835;Västra Hisingen, Kvisljungeby;Vänsterpartiet;V;34;3.15
2022;rd;14800835;Västra Hisingen, Kvisljungeby;övriga anmälda partier;ÖVR;0;0.00
2022;rd;14800836;Västra Hisingen, Björlanda;Alternativ för Sverige;AFS;2;0.21
2022;rd;14800836;Västra Hisingen, Björlanda;Centerpartiet;C;58;5.96
2022;rd;14800836;Västra Hisingen, Björlanda;Enhet;ENH;1;0.10
2022;rd;14800836;Västra Hisingen, Björlanda;Kristdemokraterna;KD;80;8.22
2022;rd;14800836;Västra Hisingen, Björlanda;Knapptryckarna;KNAPP;1;0.10
2022;rd;14800836;Västra Hisingen, Björlanda;Liberalerna (tidigare Folkpartiet);L;51;5.24
2022;rd;14800836;Västra Hisingen, Björlanda;Moderaterna;M;246;25.28
2022;rd;14800836;Västra Hisingen, Björlanda;Medborgerlig Samling;MED;4;0.41
2022;rd;14800836;Västra Hisingen, Björlanda;Miljöpartiet de gröna;MP;49;5.04
2022;rd;14800836;Västra Hisingen, Björlanda;Piratpartiet;PP;1;0.10
2022;rd;14800836;Västra Hisingen, Björlanda;Arbetarepartiet-Socialdemokraterna;S;191;19.63
2022;rd;14800836;Västra Hisingen, Björlanda;Sverigedemokraterna;SD;266;27.34
2022;rd;14800836;Västra Hisingen, Björlanda;Vänsterpartiet;V;23;2.36
2022;rd;14800836;Västra Hisingen, Björlanda;övriga anmälda partier;ÖVR;0;0.00
2022;rd;14800837;Västra Hisingen, Nolvik;Alternativ för Sverige;AFS;4;0.37
2022;rd;14800837;Västra Hisingen, Nolvik;Centerpartiet;C;67;6.26
2022;rd;14800837;Västra Hisingen, Nolvik;Direktdemokraterna;DD;1;0.09
2022;rd;14800837;Västra Hisingen, Nolvik;Kristdemokraterna;KD;60;5.61
2022;rd;14800837;Västra Hisingen, Nolvik;Liberalerna (tidigare Folkpartiet);L;59;5.51
2022;rd;14800837;Västra Hisingen, Nolvik;Moderaterna;M;238;22.24
2022;rd;14800837;Västra Hisingen, Nolvik;Medborgerlig Samling;MED;2;0.19
2022;rd;14800837;Västra Hisingen, Nolvik;Miljöpartiet de gröna;MP;43;4.02
2022;rd;14800837;Västra Hisingen, Nolvik;Piratpartiet;PP;1;0.09
2022;rd;14800837;Västra Hisingen, Nolvik;Arbetarepartiet-Socialdemokraterna;S;276;25.79
2022;rd;14800837;Västra Hisingen, Nolvik;Sverigedemokraterna;SD;281;26.26
2022;rd;14800837;Västra Hisingen, Nolvik;Vänsterpartiet;V;38;3.55
2022;rd;14800837;Västra Hisingen, Nolvik;övriga anmälda partier;ÖVR;0;0.00
2022;rd;14800901;Centrala Hisingen, Kärrdalen;Alternativ för Sverige;AFS;1;0.10
2022;rd;14800901;Centrala Hisingen, Kärrdalen;Centerpartiet;C;54;5.55
2022;rd;14800901;Centrala Hisingen, Kärrdalen;Feministiskt initiativ;FI;1;0.10
2022;rd;14800901;Centrala Hisingen, Kärrdalen;Kristdemokraterna;KD;33;3.39
2022;rd;14800901;Centrala Hisingen, Kärrdalen;Knapptryckarna;KNAPP;1;0.10
2022;rd;14800901;Centrala Hisingen, Kärrdalen;Liberalerna (tidigare Folkpartiet);L;69;7.09
2022;rd;14800901;Centrala Hisingen, Kärrdalen;Moderaterna;M;189;19.42
2022;rd;14800901;Centrala Hisingen, Kärrdalen;Medborgerlig Samling;MED;2;0.21
2022;rd;14800901;Centrala Hisingen, Kärrdalen;Miljöpartiet de gröna;MP;78;8.02
2022;rd;14800901;Centrala Hisingen, Kärrdalen;Partiet Nyans;NYANS;11;1.13
2022;rd;14800901;Centrala Hisingen, Kärrdalen;Piratpartiet;PP;1;0.10
2022;rd;14800901;Centrala Hisingen, Kärrdalen;Arbetarepartiet-Socialdemokraterna;S;308;31.65
2022;rd;14800901;Centrala Hisingen, Kärrdalen;Sverigedemokraterna;SD;154;15.83
2022;rd;14800901;Centrala Hisingen, Kärrdalen;Vänsterpartiet;V;71;7.30
2022;rd;14800901;Centrala Hisingen, Kärrdalen;övriga anmälda partier;ÖVR;0;0.00
2022;rd;14800902;Centrala Hisingen, Tolered Norra;Alternativ för Sverige;AFS;4;0.41
2022;rd;14800902;Centrala Hisingen, Tolered Norra;Centerpartiet;C;60;6.17
2022;rd;14800902;Centrala Hisingen, Tolered Norra;Feministiskt initiativ;FI;1;0.10
2022;rd;14800902;Centrala Hisingen, Tolered Norra;Kristdemokraterna;KD;54;5.56
2022;rd;14800902;Centrala Hisingen, Tolered Norra;Klimatalliansen;KLIMA;1;0.10
2022;rd;14800902;Centrala Hisingen, Tolered Norra;Liberalerna (tidigare Folkpartiet);L;56;5.76
2022;rd;14800902;Centrala Hisingen, Tolered Norra;Moderaterna;M;208;21.40
2022;rd;14800902;Centrala Hisingen, Tolered Norra;Miljöpartiet de gröna;MP;108;11.11
2022;rd;14800902;Centrala Hisingen, Tolered Norra;Partiet Nyans;NYANS;8;0.82
2022;rd;14800902;Centrala Hisingen, Tolered Norra;Piratpartiet;PP;2;0.21
2022;rd;14800902;Centrala Hisingen, Tolered Norra;Arbetarepartiet-Socialdemokraterna;S;258;26.54
2022;rd;14800902;Centrala Hisingen, Tolered Norra;Sverigedemokraterna;SD;135;13.89
2022;rd;14800902;Centrala Hisingen, Tolered Norra;Vänsterpartiet;V;77;7.92
2022;rd;14800902;Centrala Hisingen, Tolered Norra;övriga anmälda partier;ÖVR;0;0.00
2022;rd;14800903;Centrala Hisingen, Slätta Damm;Alternativ för Sverige;AFS;2;0.23
2022;rd;14800903;Centrala Hisingen, Slätta Damm;Centerpartiet;C;35;3.96
2022;rd;14800903;Centrala Hisingen, Slätta Damm;Direktdemokraterna;DD;1;0.11
2022;rd;14800903;Centrala Hisingen, Slätta Damm;Feministiskt initiativ;FI;1;0.11
2022;rd;14800903;Centrala Hisingen, Slätta Damm;Kristdemokraterna;KD;32;3.62
2022;rd;14800903;Centrala Hisingen, Slätta Damm;Kristna Värdepartiet;KRVP;3;0.34
2022;rd;14800903;Centrala Hisingen, Slätta Damm;Liberalerna (tidigare Folkpartiet);L;39;4.42
2022;rd;14800903;Centrala Hisingen, Slätta Damm;Moderaterna;M;140;15.86
2022;rd;14800903;Centrala Hisingen, Slätta Damm;Medborgerlig Samling;MED;4;0.45
2022;rd;14800903;Centrala Hisingen, Slätta Damm;MoD;MOD;3;0.34
2022;rd;14800903;Centrala Hisingen, Slätta Damm;Miljöpartiet de gröna;MP;65;7.36
2022;rd;14800903;Centrala Hisingen, Slätta Damm;Partiet Nyans;NYANS;11;1.25
2022;rd;14800903;Centrala Hisingen, Slätta Damm;Piratpartiet;PP;1;0.11
2022;rd;14800903;Centrala Hisingen, Slätta Damm;Arbetarepartiet-Socialdemokraterna;S;255;28.88
2022;rd;14800903;Centrala Hisingen, Slätta Damm;Sverigedemokraterna;SD;154;17.44
2022;rd;14800903;Centrala Hisingen, Slätta Damm;Vänsterpartiet;V;137;15.52
2022;rd;14800903;Centrala Hisingen, Slätta Damm;övriga anmälda partier;ÖVR;0;0.00
2022;rd;14800904;Centrala Hisingen, Bjurslätt Norra;Alternativ för Sverige;AFS;1;0.12
2022;rd;14800904;Centrala Hisingen, Bjurslätt Norra;Centerpartiet;C;24;2.92
2022;rd;14800904;Centrala Hisingen, Bjurslätt Norra;Feministiskt initiativ;FI;1;0.12
2022;rd;14800904;Centrala Hisingen, Bjurslätt Norra;Kristdemokraterna;KD;28;3.40
2022;rd;14800904;Centrala Hisingen, Bjurslätt Norra;Klimatalliansen;KLIMA;1;0.12
2022;rd;14800904;Centrala Hisingen, Bjurslätt Norra;Klassiskt liberala partiet;KLP;1;0.12
2022;rd;14800904;Centrala Hisingen, Bjurslätt Norra;Knapptryckarna;KNAPP;1;0.12
2022;rd;14800904;Centrala Hisingen, Bjurslätt Norra;Kristna Värdepartiet;KRVP;2;0.24
2022;rd;14800904;Centrala Hisingen, Bjurslätt Norra;Liberalerna (tidigare Folkpartiet);L;28;3.40
2022;rd;14800904;Centrala Hisingen, Bjurslätt Norra;Moderaterna;M;95;11.54
2022;rd;14800904;Centrala Hisingen, Bjurslätt Norra;Medborgerlig Samling;MED;6;0.73
2022;rd;14800904;Centrala Hisingen, Bjurslätt Norra;MoD;MOD;2;0.24
2022;rd;14800904;Centrala Hisingen, Bjurslätt Norra;Miljöpartiet de gröna;MP;40;4.86
2022;rd;14800904;Centrala Hisingen, Bjurslätt Norra;Partiet Nyans;NYANS;15;1.82
2022;rd;14800904;Centrala Hisingen, Bjurslätt Norra;Piratpartiet;PP;3;0.36
2022;rd;14800904;Centrala Hisingen, Bjurslätt Norra;Arbetarepartiet-Socialdemokraterna;S;259;31.47
2022;rd;14800904;Centrala Hisingen, Bjurslätt Norra;Sverigedemokraterna;SD;174;21.14
2022;rd;14800904;Centrala Hisingen, Bjurslätt Norra;Vänsterpartiet;V;142;17.25
2022;rd;14800904;Centrala Hisingen, Bjurslätt Norra;övriga anmälda partier;ÖVR;0;0.00
2022;rd;14800905;Centrala Hisingen, Hildedal;Alternativ för Sverige;AFS;1;0.11
2022;rd;14800905;Centrala Hisingen, Hildedal;Centerpartiet;C;54;5.88
2022;rd;14800905;Centrala Hisingen, Hildedal;Kristdemokraterna;KD;32;3.48
2022;rd;14800905;Centrala Hisingen, Hildedal;Klimatalliansen;KLIMA;2;0.22
2022;rd;14800905;Centrala Hisingen, Hildedal;Kristna Värdepartiet;KRVP;4;0.44
2022;rd;14800905;Centrala Hisingen, Hildedal;Liberalerna (tidigare Folkpartiet);L;45;4.90
2022;rd;14800905;Centrala Hisingen, Hildedal;Moderaterna;M;177;19.26
2022;rd;14800905;Centrala Hisingen, Hildedal;Medborgerlig Samling;MED;2;0.22
2022;rd;14800905;Centrala Hisingen, Hildedal;MoD;MOD;1;0.11
2022;rd;14800905;Centrala Hisingen, Hildedal;Miljöpartiet de gröna;MP;67;7.29
2022;rd;14800905;Centrala Hisingen, Hildedal;Nordiska motståndsrörelsen;NMR;1;0.11
2022;rd;14800905;Centrala Hisingen, Hildedal;Partiet Nyans;NYANS;8;0.87
2022;rd;14800905;Centrala Hisingen, Hildedal;Piratpartiet;PP;2;0.22
2022;rd;14800905;Centrala Hisingen, Hildedal;Arbetarepartiet-Socialdemokraterna;S;287;31.23
2022;rd;14800905;Centrala Hisingen, Hildedal;Sverigedemokraterna;SD;132;14.36
2022;rd;14800905;Centrala Hisingen, Hildedal;Vänsterpartiet;V;104;11.32
2022;rd;14800905;Centrala Hisingen, Hildedal;övriga anmälda partier;ÖVR;0;0.00
2022;rd;14800906;Centrala Hisingen, Tolered Södra;Alternativ för Sverige;AFS;3;0.32
2022;rd;14800906;Centrala Hisingen, Tolered Södra;Centerpartiet;C;67;7.10
2022;rd;14800906;Centrala Hisingen, Tolered Södra;Kristdemokraterna;KD;37;3.92
2022;rd;14800906;Centrala Hisingen, Tolered Södra;Klimatalliansen;KLIMA;2;0.21
2022;rd;14800906;Centrala Hisingen, Tolered Södra;Knapptryckarna;KNAPP;1;0.11
2022;rd;14800906;Centrala Hisingen, Tolered Södra;Liberalerna (tidigare Folkpartiet);L;49;5.20
2022;rd;14800906;Centrala Hisingen, Tolered Södra;Moderaterna;M;170;18.03
2022;rd;14800906;Centrala Hisingen, Tolered Södra;Medborgerlig Samling;MED;3;0.32
2022;rd;14800906;Centrala Hisingen, Tolered Södra;Miljöpartiet de gröna;MP;100;10.60
2022;rd;14800906;Centrala Hisingen, Tolered Södra;Partiet Nyans;NYANS;5;0.53
2022;rd;14800906;Centrala Hisingen, Tolered Södra;Arbetarepartiet-Socialdemokraterna;S;282;29.90
2022;rd;14800906;Centrala Hisingen, Tolered Södra;Sverigedemokraterna;SD;138;14.63
2022;rd;14800906;Centrala Hisingen, Tolered Södra;Vänsterpartiet;V;85;9.01
2022;rd;14800906;Centrala Hisingen, Tolered Södra;Volt Sverige;VOLT;1;0.11
2022;rd;14800906;Centrala Hisingen, Tolered Södra;övriga anmälda partier;ÖVR;0;0.00
2022;rd;14800907;Centrala Hisingen, Tolered Östra;Alternativ för Sverige;AFS;2;0.26
2022;rd;14800907;Centrala Hisingen, Tolered Östra;Centerpartiet;C;39;5.01
2022;rd;14800907;Centrala Hisingen, Tolered Östra;Direktdemokraterna;DD;2;0.26
2022;rd;14800907;Centrala Hisingen, Tolered Östra;Feministiskt initiativ;FI;4;0.51
2022;rd;14800907;Centrala Hisingen, Tolered Östra;Kristdemokraterna;KD;30;3.86
2022;rd;14800907;Centrala Hisingen, Tolered Östra;Knapptryckarna;KNAPP;1;0.13
2022;rd;14800907;Centrala Hisingen, Tolered Östra;Liberalerna (tidigare Folkpartiet);L;23;2.96
2022;rd;14800907;Centrala Hisingen, Tolered Östra;Moderaterna;M;98;12.60
2022;rd;14800907;Centrala Hisingen, Tolered Östra;Medborgerlig Samling;MED;3;0.39
2022;rd;14800907;Centrala Hisingen, Tolered Östra;MoD;MOD;1;0.13
2022;rd;14800907;Centrala Hisingen, Tolered Östra;Miljöpartiet de gröna;MP;74;9.51
2022;rd;14800907;Centrala Hisingen, Tolered Östra;Partiet Nyans;NYANS;17;2.19
2022;rd;14800907;Centrala Hisingen, Tolered Östra;Piratpartiet;PP;5;0.64
2022;rd;14800907;Centrala Hisingen, Tolered Östra;Arbetarepartiet-Socialdemokraterna;S;243;31.23
2022;rd;14800907;Centrala Hisingen, Tolered Östra;Sverigedemokraterna;SD;117;15.04
2022;rd;14800907;Centrala Hisingen, Tolered Östra;Vänsterpartiet;V;119;15.30
2022;rd;14800907;Centrala Hisingen, Tolered Östra;övriga anmälda partier;ÖVR;0;0.00
2022;rd;14800908;Centrala Hisingen, Flunsås;Centerpartiet;C;29;3.95
2022;rd;14800908;Centrala Hisingen, Flunsås;Feministiskt initiativ;FI;1;0.14
2022;rd;14800908;Centrala Hisingen, Flunsås;Kristdemokraterna;KD;14;1.91
2022;rd;14800908;Centrala Hisingen, Flunsås;Klassiskt liberala partiet;KLP;1;0.14
2022;rd;14800908;Centrala Hisingen, Flunsås;Knapptryckarna;KNAPP;1;0.14
2022;rd;14800908;Centrala Hisingen, Flunsås;Kristna Värdepartiet;KRVP;2;0.27
2022;rd;14800908;Centrala Hisingen, Flunsås;Liberalerna (tidigare Folkpartiet);L;39;5.31
2022;rd;14800908;Centrala Hisingen, Flunsås;Moderaterna;M;86;11.72
2022;rd;14800908;Centrala Hisingen, Flunsås;Medborgerlig Samling;MED;2;0.27
2022;rd;14800908;Centrala Hisingen, Flunsås;MoD;MOD;1;0.14
2022;rd;14800908;Centrala Hisingen, Flunsås;Miljöpartiet de gröna;MP;68;9.26
2022;rd;14800908;Centrala Hisingen, Flunsås;Partiet Nyans;NYANS;4;0.54
2022;rd;14800908;Centrala Hisingen, Flunsås;Piratpartiet;PP;7;0.95
2022;rd;14800908;Centrala Hisingen, Flunsås;Arbetarepartiet-Socialdemokraterna;S;204;27.79
2022;rd;14800908;Centrala Hisingen, Flunsås;Sverigedemokraterna;SD;132;17.98
2022;rd;14800908;Centrala Hisingen, Flunsås;Vänsterpartiet;V;142;19.35
2022;rd;14800908;Centrala Hisingen, Flunsås;Partiet Vändpunkt;VÄND;1;0.14
2022;rd;14800908;Centrala Hisingen, Flunsås;övriga anmälda partier;ÖVR;0;0.00
2022;rd;14800909;Centrala Hisingen, Wieselgrenspl.;Alternativ för Sverige;AFS;1;0.12
2022;rd;14800909;Centrala Hisingen, Wieselgrenspl.;Centerpartiet;C;31;3.63
2022;rd;14800909;Centrala Hisingen, Wieselgrenspl.;Enhet;ENH;1;0.12
2022;rd;14800909;Centrala Hisingen, Wieselgrenspl.;Förenade Demokratiska Partiet;FDP;2;0.23
2022;rd;14800909;Centrala Hisingen, Wieselgrenspl.;Feministiskt initiativ;FI;1;0.12
2022;rd;14800909;Centrala Hisingen, Wieselgrenspl.;Kristdemokraterna;KD;23;2.69
2022;rd;14800909;Centrala Hisingen, Wieselgrenspl.;Knapptryckarna;KNAPP;1;0.12
2022;rd;14800909;Centrala Hisingen, Wieselgrenspl.;Kristna Värdepartiet;KRVP;1;0.12
2022;rd;14800909;Centrala Hisingen, Wieselgrenspl.;Liberalerna (tidigare Folkpartiet);L;19;2.22
2022;rd;14800909;Centrala Hisingen, Wieselgrenspl.;Moderaterna;M;81;9.47
2022;rd;14800909;Centrala Hisingen, Wieselgrenspl.;Miljöpartiet de gröna;MP;75;8.77
2022;rd;14800909;Centrala Hisingen, Wieselgrenspl.;Partiet Nyans;NYANS;3;0.35
2022;rd;14800909;Centrala Hisingen, Wieselgrenspl.;Piratpartiet;PP;2;0.23
2022;rd;14800909;Centrala Hisingen, Wieselgrenspl.;Arbetarepartiet-Socialdemokraterna;S;244;28.54
2022;rd;14800909;Centrala Hisingen, Wieselgrenspl.;Sverigedemokraterna;SD;162;18.95
2022;rd;14800909;Centrala Hisingen, Wieselgrenspl.;SKP;SKP;1;0.12
2022;rd;14800909;Centrala Hisingen, Wieselgrenspl.;Vänsterpartiet;V;207;24.21
2022;rd;14800909;Centrala Hisingen, Wieselgrenspl.;övriga anmälda partier;ÖVR;0;0.00
2022;rd;14800910;Centrala Hisingen, Bjurslätt Södra;Alternativ för Sverige;AFS;7;1.04
2022;rd;14800910;Centrala Hisingen, Bjurslätt Södra;Centerpartiet;C;25;3.73
2022;rd;14800910;Centrala Hisingen, Bjurslätt Södra;Feministiskt initiativ;FI;1;0.15
2022;rd;14800910;Centrala Hisingen, Bjurslätt Södra;Kristdemokraterna;KD;24;3.58
2022;rd;14800910;Centrala Hisingen, Bjurslätt Södra;Liberalerna (tidigare Folkpartiet);L;31;4.63
2022;rd;14800910;Centrala Hisingen, Bjurslätt Södra;Moderaterna;M;81;12.09
2022;rd;14800910;Centrala Hisingen, Bjurslätt Södra;Miljöpartiet de gröna;MP;50;7.46
2022;rd;14800910;Centrala Hisingen, Bjurslätt Södra;Partiet Nyans;NYANS;6;0.90
2022;rd;14800910;Centrala Hisingen, Bjurslätt Södra;Piratpartiet;PP;1;0.15
2022;rd;14800910;Centrala Hisingen, Bjurslätt Södra;Arbetarepartiet-Socialdemokraterna;S;243;36.27
2022;rd;14800910;Centrala Hisingen, Bjurslätt Södra;Sverigedemokraterna;SD;101;15.07
2022;rd;14800910;Centrala Hisingen, Bjurslätt Södra;Vänsterpartiet;V;100;14.93
2022;rd;14800910;Centrala Hisingen, Bjurslätt Södra;övriga anmälda partier;ÖVR;0;0.00
2022;rd;14800911;Centrala Hisingen, Fyrklövern;Basinkomstpartiet;BASIP;1;0.18
2022;rd;14800911;Centrala Hisingen, Fyrklövern;Centerpartiet;C;26;4.61
2022;rd;14800911;Centrala Hisingen, Fyrklövern;Direktdemokraterna;DD;1;0.18
2022;rd;14800911;Centrala Hisingen, Fyrklövern;Feministiskt initiativ;FI;4;0.71
2022;rd;14800911;Centrala Hisingen, Fyrklövern;Kristdemokraterna;KD;14;2.48
2022;rd;14800911;Centrala Hisingen, Fyrklövern;Knapptryckarna;KNAPP;1;0.18
2022;rd;14800911;Centrala Hisingen, Fyrklövern;Liberalerna (tidigare Folkpartiet);L;11;1.95
2022;rd;14800911;Centrala Hisingen, Fyrklövern;Moderaterna;M;68;12.06
2022;rd;14800911;Centrala Hisingen, Fyrklövern;Medborgerlig Samling;MED;2;0.35
2022;rd;14800911;Centrala Hisingen, Fyrklövern;Miljöpartiet de gröna;MP;33;5.85
2022;rd;14800911;Centrala Hisingen, Fyrklövern;Partiet Nyans;NYANS;47;8.33
2022;rd;14800911;Centrala Hisingen, Fyrklövern;Piratpartiet;PP;4;0.71
2022;rd;14800911;Centrala Hisingen, Fyrklövern;Arbetarepartiet-Socialdemokraterna;S;185;32.80
2022;rd;14800911;Centrala Hisingen, Fyrklövern;Sverigedemokraterna;SD;58;10.28
2022;rd;14800911;Centrala Hisingen, Fyrklövern;Vänsterpartiet;V;109;19.33
2022;rd;14800911;Centrala Hisingen, Fyrklövern;övriga anmälda partier;ÖVR;0;0.00
2022;rd;14800912;Centrala Hisingen, Kvillebäcken N;Alternativ för Sverige;AFS;1;0.14
2022;rd;14800912;Centrala Hisingen, Kvillebäcken N;Centerpartiet;C;50;6.83
2022;rd;14800912;Centrala Hisingen, Kvillebäcken N;Direktdemokraterna;DD;1;0.14
2022;rd;14800912;Centrala Hisingen, Kvillebäcken N;Feministiskt initiativ;FI;1;0.14
2022;rd;14800912;Centrala Hisingen, Kvillebäcken N;Kristdemokraterna;KD;14;1.91
2022;rd;14800912;Centrala Hisingen, Kvillebäcken N;Knapptryckarna;KNAPP;2;0.27
2022;rd;14800912;Centrala Hisingen, Kvillebäcken N;Liberalerna (tidigare Folkpartiet);L;36;4.92
2022;rd;14800912;Centrala Hisingen, Kvillebäcken N;Moderaterna;M;97;13.25
2022;rd;14800912;Centrala Hisingen, Kvillebäcken N;Medborgerlig Samling;MED;1;0.14
2022;rd;14800912;Centrala Hisingen, Kvillebäcken N;Miljöpartiet de gröna;MP;69;9.43
2022;rd;14800912;Centrala Hisingen, Kvillebäcken N;Partiet Nyans;NYANS;6;0.82
2022;rd;14800912;Centrala Hisingen, Kvillebäcken N;Arbetarepartiet-Socialdemokraterna;S;234;31.97
2022;rd;14800912;Centrala Hisingen, Kvillebäcken N;Sverigedemokraterna;SD;99;13.52
2022;rd;14800912;Centrala Hisingen, Kvillebäcken N;Vänsterpartiet;V;121;16.53
2022;rd;14800912;Centrala Hisingen, Kvillebäcken N;övriga anmälda partier;ÖVR;0;0.00
2022;rd;14800913;Centrala Hisingen, Kvillebäcken S;Alternativ för Sverige;AFS;2;0.34
2022;rd;14800913;Centrala Hisingen, Kvillebäcken S;Centerpartiet;C;28;4.72
2022;rd;14800913;Centrala Hisingen, Kvillebäcken S;Feministiskt initiativ;FI;3;0.51
2022;rd;14800913;Centrala Hisingen, Kvillebäcken S;Kristdemokraterna;KD;13;2.19
2022;rd;14800913;Centrala Hisingen, Kvillebäcken S;Knapptryckarna;KNAPP;2;0.34
2022;rd;14800913;Centrala Hisingen, Kvillebäcken S;Liberalerna (tidigare Folkpartiet);L;30;5.06
2022;rd;14800913;Centrala Hisingen, Kvillebäcken S;Moderaterna;M;85;14.33
2022;rd;14800913;Centrala Hisingen, Kvillebäcken S;MoD;MOD;3;0.51
2022;rd;14800913;Centrala Hisingen, Kvillebäcken S;Miljöpartiet de gröna;MP;55;9.27
2022;rd;14800913;Centrala Hisingen, Kvillebäcken S;Partiet Nyans;NYANS;3;0.51
2022;rd;14800913;Centrala Hisingen, Kvillebäcken S;Arbetarepartiet-Socialdemokraterna;S;171;28.84
2022;rd;14800913;Centrala Hisingen, Kvillebäcken S;Sverigedemokraterna;SD;73;12.31
2022;rd;14800913;Centrala Hisingen, Kvillebäcken S;Vänsterpartiet;V;125;21.08
2022;rd;14800913;Centrala Hisingen, Kvillebäcken S;övriga anmälda partier;ÖVR;0;0.00
2022;rd;14800914;Centrala Hisingen, Kvillebäcken Ö;Centerpartiet;C;34;4.96
2022;rd;14800914;Centrala Hisingen, Kvillebäcken Ö;Direktdemokraterna;DD;1;0.15
2022;rd;14800914;Centrala Hisingen, Kvillebäcken Ö;Enhet;ENH;1;0.15
2022;rd;14800914;Centrala Hisingen, Kvillebäcken Ö;Feministiskt initiativ;FI;1;0.15
2022;rd;14800914;Centrala Hisingen, Kvillebäcken Ö;Kristdemokraterna;KD;17;2.48
2022;rd;14800914;Centrala Hisingen, Kvillebäcken Ö;Klassiskt liberala partiet;KLP;1;0.15
2022;rd;14800914;Centrala Hisingen, Kvillebäcken Ö;Kristna Värdepartiet;KRVP;1;0.15
2022;rd;14800914;Centrala Hisingen, Kvillebäcken Ö;Liberalerna (tidigare Folkpartiet);L;32;4.67
2022;rd;14800914;Centrala Hisingen, Kvillebäcken Ö;Moderaterna;M;140;20.44
2022;rd;14800914;Centrala Hisingen, Kvillebäcken Ö;Medborgerlig Samling;MED;5;0.73
2022;rd;14800914;Centrala Hisingen, Kvillebäcken Ö;MoD;MOD;1;0.15
2022;rd;14800914;Centrala Hisingen, Kvillebäcken Ö;Miljöpartiet de gröna;MP;38;5.55
2022;rd;14800914;Centrala Hisingen, Kvillebäcken Ö;Partiet Nyans;NYANS;6;0.88
2022;rd;14800914;Centrala Hisingen, Kvillebäcken Ö;Piratpartiet;PP;2;0.29
2022;rd;14800914;Centrala Hisingen, Kvillebäcken Ö;Arbetarepartiet-Socialdemokraterna;S;202;29.49
2022;rd;14800914;Centrala Hisingen, Kvillebäcken Ö;Sverigedemokraterna;SD;74;10.80
2022;rd;14800914;Centrala Hisingen, Kvillebäcken Ö;Vänsterpartiet;V;129;18.83
2022;rd;14800914;Centrala Hisingen, Kvillebäcken Ö;övriga anmälda partier;ÖVR;0;0.00
2022;rd;14800915;Centrala Hisingen, Vågmästareplatsen;Alternativ för Sverige;AFS;1;0.16
2022;rd;14800915;Centrala Hisingen, Vågmästareplatsen;Centerpartiet;C;53;8.41
2022;rd;14800915;Centrala Hisingen, Vågmästareplatsen;Kristdemokraterna;KD;17;2.70
2022;rd;14800915;Centrala Hisingen, Vågmästareplatsen;Knapptryckarna;KNAPP;1;0.16
2022;rd;14800915;Centrala Hisingen, Vågmästareplatsen;Liberalerna (tidigare Folkpartiet);L;34;5.40
2022;rd;14800915;Centrala Hisingen, Vågmästareplatsen;Moderaterna;M;145;23.02
2022;rd;14800915;Centrala Hisingen, Vågmästareplatsen;Miljöpartiet de gröna;MP;33;5.24
2022;rd;14800915;Centrala Hisingen, Vågmästareplatsen;Partiet Nyans;NYANS;2;0.32
2022;rd;14800915;Centrala Hisingen, Vågmästareplatsen;Piratpartiet;PP;4;0.63
2022;rd;14800915;Centrala Hisingen, Vågmästareplatsen;Arbetarepartiet-Socialdemokraterna;S;202;32.06
2022;rd;14800915;Centrala Hisingen, Vågmästareplatsen;Sverigedemokraterna;SD;57;9.05
2022;rd;14800915;Centrala Hisingen, Vågmästareplatsen;Vänsterpartiet;V;81;12.86
2022;rd;14800915;Centrala Hisingen, Vågmästareplatsen;övriga anmälda partier;ÖVR;0;0.00
2022;rd;14800916;Centrala Hisingen, Backaplan;Alternativ för Sverige;AFS;2;0.22
2022;rd;14800916;Centrala Hisingen, Backaplan;Centerpartiet;C;55;5.99
2022;rd;14800916;Centrala Hisingen, Backaplan;Feministiskt initiativ;FI;2;0.22
2022;rd;14800916;Centrala Hisingen, Backaplan;Kristdemokraterna;KD;23;2.51
2022;rd;14800916;Centrala Hisingen, Backaplan;Klimatalliansen;KLIMA;1;0.11
2022;rd;14800916;Centrala Hisingen, Backaplan;Liberalerna (tidigare Folkpartiet);L;37;4.03
2022;rd;14800916;Centrala Hisingen, Backaplan;Moderaterna;M;184;20.04
2022;rd;14800916;Centrala Hisingen, Backaplan;Medborgerlig Samling;MED;2;0.22
2022;rd;14800916;Centrala Hisingen, Backaplan;MoD;MOD;4;0.44
2022;rd;14800916;Centrala Hisingen, Backaplan;Miljöpartiet de gröna;MP;66;7.19
2022;rd;14800916;Centrala Hisingen, Backaplan;Partiet Nyans;NYANS;15;1.63
2022;rd;14800916;Centrala Hisingen, Backaplan;Piratpartiet;PP;2;0.22
2022;rd;14800916;Centrala Hisingen, Backaplan;Arbetarepartiet-Socialdemokraterna;S;282;30.72
2022;rd;14800916;Centrala Hisingen, Backaplan;Sverigedemokraterna;SD;118;12.85
2022;rd;14800916;Centrala Hisingen, Backaplan;Vänsterpartiet;V;125;13.62
2022;rd;14800916;Centrala Hisingen, Backaplan;övriga anmälda partier;ÖVR;0;0.00
2022;rd;14800917;Centrala Hisingen, Lundbyvassen;Alternativ för Sverige;AFS;2;0.29
2022;rd;14800917;Centrala Hisingen, Lundbyvassen;Basinkomstpartiet;BASIP;1;0.14
2022;rd;14800917;Centrala Hisingen, Lundbyvassen;Centerpartiet;C;49;7.10
2022;rd;14800917;Centrala Hisingen, Lundbyvassen;Kristdemokraterna;KD;29;4.20
2022;rd;14800917;Centrala Hisingen, Lundbyvassen;Klimatalliansen;KLIMA;1;0.14
2022;rd;14800917;Centrala Hisingen, Lundbyvassen;Knapptryckarna;KNAPP;1;0.14
2022;rd;14800917;Centrala Hisingen, Lundbyvassen;Liberalerna (tidigare Folkpartiet);L;66;9.57
2022;rd;14800917;Centrala Hisingen, Lundbyvassen;Moderaterna;M;163;23.62
2022;rd;14800917;Centrala Hisingen, Lundbyvassen;Medborgerlig Samling;MED;2;0.29
2022;rd;14800917;Centrala Hisingen, Lundbyvassen;Miljöpartiet de gröna;MP;56;8.12
2022;rd;14800917;Centrala Hisingen, Lundbyvassen;Piratpartiet;PP;5;0.72
2022;rd;14800917;Centrala Hisingen, Lundbyvassen;Arbetarepartiet-Socialdemokraterna;S;157;22.75
2022;rd;14800917;Centrala Hisingen, Lundbyvassen;Sverigedemokraterna;SD;82;11.88
2022;rd;14800917;Centrala Hisingen, Lundbyvassen;Vänsterpartiet;V;76;11.01
2022;rd;14800917;Centrala Hisingen, Lundbyvassen;övriga anmälda partier;ÖVR;0;0.00
2022;rd;14800918;Centrala Hisingen, Porslinsfabriken;Centerpartiet;C;56;6.97
2022;rd;14800918;Centrala Hisingen, Porslinsfabriken;Feministiskt initiativ;FI;1;0.12
2022;rd;14800918;Centrala Hisingen, Porslinsfabriken;Kristdemokraterna;KD;25;3.11
2022;rd;14800918;Centrala Hisingen, Porslinsfabriken;Klimatalliansen;KLIMA;1;0.12
2022;rd;14800918;Centrala Hisingen, Porslinsfabriken;Liberalerna (tidigare Folkpartiet);L;40;4.98
2022;rd;14800918;Centrala Hisingen, Porslinsfabriken;Moderaterna;M;150;18.68
2022;rd;14800918;Centrala Hisingen, Porslinsfabriken;Medborgerlig Samling;MED;1;0.12
2022;rd;14800918;Centrala Hisingen, Porslinsfabriken;Miljöpartiet de gröna;MP;48;5.98
2022;rd;14800918;Centrala Hisingen, Porslinsfabriken;Partiet Nyans;NYANS;8;1.00
2022;rd;14800918;Centrala Hisingen, Porslinsfabriken;Arbetarepartiet-Socialdemokraterna;S;205;25.53
2022;rd;14800918;Centrala Hisingen, Porslinsfabriken;Sverigedemokraterna;SD;131;16.31
2022;rd;14800918;Centrala Hisingen, Porslinsfabriken;Vänsterpartiet;V;137;17.06
2022;rd;14800918;Centrala Hisingen, Porslinsfabriken;övriga anmälda partier;ÖVR;0;0.00
2022;rd;14800919;Centrala Hisingen, Brämaregården S;Alternativ för Sverige;AFS;2;0.26
2022;rd;14800919;Centrala Hisingen, Brämaregården S;Centerpartiet;C;32;4.21
2022;rd;14800919;Centrala Hisingen, Brämaregården S;Feministiskt initiativ;FI;3;0.39
2022;rd;14800919;Centrala Hisingen, Brämaregården S;Kristdemokraterna;KD;9;1.18
2022;rd;14800919;Centrala Hisingen, Brämaregården S;Klimatalliansen;KLIMA;2;0.26
2022;rd;14800919;Centrala Hisingen, Brämaregården S;Liberalerna (tidigare Folkpartiet);L;29;3.82
2022;rd;14800919;Centrala Hisingen, Brämaregården S;Moderaterna;M;86;11.32
2022;rd;14800919;Centrala Hisingen, Brämaregården S;Medborgerlig Samling;MED;3;0.39
2022;rd;14800919;Centrala Hisingen, Brämaregården S;Miljöpartiet de gröna;MP;76;10.00
2022;rd;14800919;Centrala Hisingen, Brämaregården S;Partiet Nyans;NYANS;10;1.32
2022;rd;14800919;Centrala Hisingen, Brämaregården S;Piratpartiet;PP;2;0.26
2022;rd;14800919;Centrala Hisingen, Brämaregården S;Arbetarepartiet-Socialdemokraterna;S;190;25.00
2022;rd;14800919;Centrala Hisingen, Brämaregården S;Sverigedemokraterna;SD;97;12.76
2022;rd;14800919;Centrala Hisingen, Brämaregården S;Vänsterpartiet;V;219;28.82
2022;rd;14800919;Centrala Hisingen, Brämaregården S;övriga anmälda partier;ÖVR;0;0.00
2022;rd;14800920;Centrala Hisingen, Kvillestaden;Alternativ för Sverige;AFS;3;0.37
2022;rd;14800920;Centrala Hisingen, Kvillestaden;Centerpartiet;C;23;2.83
2022;rd;14800920;Centrala Hisingen, Kvillestaden;Feministiskt initiativ;FI;2;0.25
2022;rd;14800920;Centrala Hisingen, Kvillestaden;Kristdemokraterna;KD;14;1.72
2022;rd;14800920;Centrala Hisingen, Kvillestaden;Knapptryckarna;KNAPP;1;0.12
2022;rd;14800920;Centrala Hisingen, Kvillestaden;Liberalerna (tidigare Folkpartiet);L;26;3.19
2022;rd;14800920;Centrala Hisingen, Kvillestaden;Moderaterna;M;65;7.99
2022;rd;14800920;Centrala Hisingen, Kvillestaden;Medborgerlig Samling;MED;1;0.12
2022;rd;14800920;Centrala Hisingen, Kvillestaden;Miljöpartiet de gröna;MP;71;8.72
2022;rd;14800920;Centrala Hisingen, Kvillestaden;Nordiska motståndsrörelsen;NMR;1;0.12
2022;rd;14800920;Centrala Hisingen, Kvillestaden;Partiet Nyans;NYANS;4;0.49
2022;rd;14800920;Centrala Hisingen, Kvillestaden;Arbetarepartiet-Socialdemokraterna;S;199;24.45
2022;rd;14800920;Centrala Hisingen, Kvillestaden;Sverigedemokraterna;SD;137;16.83
2022;rd;14800920;Centrala Hisingen, Kvillestaden;Vänsterpartiet;V;267;32.80
2022;rd;14800920;Centrala Hisingen, Kvillestaden;övriga anmälda partier;ÖVR;0;0.00
2022;rd;14800921;Centrala Hisingen, Brämaregården N;Centerpartiet;C;45;5.93
2022;rd;14800921;Centrala Hisingen, Brämaregården N;Feministiskt initiativ;FI;1;0.13
2022;rd;14800921;Centrala Hisingen, Brämaregården N;Kristdemokraterna;KD;25;3.29
2022;rd;14800921;Centrala Hisingen, Brämaregården N;Liberalerna (tidigare Folkpartiet);L;28;3.69
2022;rd;14800921;Centrala Hisingen, Brämaregården N;Moderaterna;M;75;9.88
2022;rd;14800921;Centrala Hisingen, Brämaregården N;Medborgerlig Samling;MED;3;0.40
2022;rd;14800921;Centrala Hisingen, Brämaregården N;Miljöpartiet de gröna;MP;58;7.64
2022;rd;14800921;Centrala Hisingen, Brämaregården N;Partiet Nyans;NYANS;4;0.53
2022;rd;14800921;Centrala Hisingen, Brämaregården N;Arbetarepartiet-Socialdemokraterna;S;218;28.72
2022;rd;14800921;Centrala Hisingen, Brämaregården N;Sverigedemokraterna;SD;139;18.31
2022;rd;14800921;Centrala Hisingen, Brämaregården N;Stram Kurs Sverige;SKS;1;0.13
2022;rd;14800921;Centrala Hisingen, Brämaregården N;Vänsterpartiet;V;162;21.34
2022;rd;14800921;Centrala Hisingen, Brämaregården N;övriga anmälda partier;ÖVR;0;0.00
2022;rd;14800922;Centrala Hisingen, Rambergsstaden Ö;Alternativ för Sverige;AFS;2;0.25
2022;rd;14800922;Centrala Hisingen, Rambergsstaden Ö;Centerpartiet;C;29;3.68
2022;rd;14800922;Centrala Hisingen, Rambergsstaden Ö;Direktdemokraterna;DD;2;0.25
2022;rd;14800922;Centrala Hisingen, Rambergsstaden Ö;Feministiskt initiativ;FI;1;0.13
2022;rd;14800922;Centrala Hisingen, Rambergsstaden Ö;Kristdemokraterna;KD;28;3.55
2022;rd;14800922;Centrala Hisingen, Rambergsstaden Ö;Klimatalliansen;KLIMA;2;0.25
2022;rd;14800922;Centrala Hisingen, Rambergsstaden Ö;Liberalerna (tidigare Folkpartiet);L;27;3.43
2022;rd;14800922;Centrala Hisingen, Rambergsstaden Ö;Moderaterna;M;102;12.94
2022;rd;14800922;Centrala Hisingen, Rambergsstaden Ö;Medborgerlig Samling;MED;6;0.76
2022;rd;14800922;Centrala Hisingen, Rambergsstaden Ö;MoD;MOD;1;0.13
2022;rd;14800922;Centrala Hisingen, Rambergsstaden Ö;Miljöpartiet de gröna;MP;66;8.38
2022;rd;14800922;Centrala Hisingen, Rambergsstaden Ö;Partiet Nyans;NYANS;3;0.38
2022;rd;14800922;Centrala Hisingen, Rambergsstaden Ö;Piratpartiet;PP;3;0.38
2022;rd;14800922;Centrala Hisingen, Rambergsstaden Ö;Arbetarepartiet-Socialdemokraterna;S;232;29.44
2022;rd;14800922;Centrala Hisingen, Rambergsstaden Ö;Sverigedemokraterna;SD;129;16.37
2022;rd;14800922;Centrala Hisingen, Rambergsstaden Ö;Vänsterpartiet;V;155;19.67
2022;rd;14800922;Centrala Hisingen, Rambergsstaden Ö;övriga anmälda partier;ÖVR;0;0.00
2022;rd;14800923;Centrala Hisingen, Rambergsstaden N;Alternativ för Sverige;AFS;3;0.34
2022;rd;14800923;Centrala Hisingen, Rambergsstaden N;Centerpartiet;C;31;3.52
2022;rd;14800923;Centrala Hisingen, Rambergsstaden N;Direktdemokraterna;DD;1;0.11
2022;rd;14800923;Centrala Hisingen, Rambergsstaden N;Kristdemokraterna;KD;31;3.52
2022;rd;14800923;Centrala Hisingen, Rambergsstaden N;Klimatalliansen;KLIMA;1;0.11
2022;rd;14800923;Centrala Hisingen, Rambergsstaden N;Knapptryckarna;KNAPP;1;0.11
2022;rd;14800923;Centrala Hisingen, Rambergsstaden N;Liberalerna (tidigare Folkpartiet);L;37;4.20
2022;rd;14800923;Centrala Hisingen, Rambergsstaden N;Moderaterna;M;90;10.23
2022;rd;14800923;Centrala Hisingen, Rambergsstaden N;Medborgerlig Samling;MED;1;0.11
2022;rd;14800923;Centrala Hisingen, Rambergsstaden N;MoD;MOD;1;0.11
2022;rd;14800923;Centrala Hisingen, Rambergsstaden N;Miljöpartiet de gröna;MP;61;6.93
2022;rd;14800923;Centrala Hisingen, Rambergsstaden N;Partiet Nyans;NYANS;4;0.45
2022;rd;14800923;Centrala Hisingen, Rambergsstaden N;Arbetarepartiet-Socialdemokraterna;S;315;35.80
2022;rd;14800923;Centrala Hisingen, Rambergsstaden N;Sverigedemokraterna;SD;180;20.45
2022;rd;14800923;Centrala Hisingen, Rambergsstaden N;SKP;SKP;1;0.11
2022;rd;14800923;Centrala Hisingen, Rambergsstaden N;Vänsterpartiet;V;122;13.86
2022;rd;14800923;Centrala Hisingen, Rambergsstaden N;övriga anmälda partier;ÖVR;0;0.00
2022;rd;14800924;Centrala Hisingen, Rambergsvallen;Alternativ för Sverige;AFS;2;0.33
2022;rd;14800924;Centrala Hisingen, Rambergsvallen;Centerpartiet;C;28;4.56
2022;rd;14800924;Centrala Hisingen, Rambergsvallen;Feministiskt initiativ;FI;1;0.16
2022;rd;14800924;Centrala Hisingen, Rambergsvallen;Kristdemokraterna;KD;15;2.44
2022;rd;14800924;Centrala Hisingen, Rambergsvallen;Knapptryckarna;KNAPP;1;0.16
2022;rd;14800924;Centrala Hisingen, Rambergsvallen;Liberalerna (tidigare Folkpartiet);L;41;6.68
2022;rd;14800924;Centrala Hisingen, Rambergsvallen;Moderaterna;M;78;12.70
2022;rd;14800924;Centrala Hisingen, Rambergsvallen;Medborgerlig Samling;MED;4;0.65
2022;rd;14800924;Centrala Hisingen, Rambergsvallen;Miljöpartiet de gröna;MP;48;7.82
2022;rd;14800924;Centrala Hisingen, Rambergsvallen;Partiet Nyans;NYANS;17;2.77
2022;rd;14800924;Centrala Hisingen, Rambergsvallen;Piratpartiet;PP;4;0.65
2022;rd;14800924;Centrala Hisingen, Rambergsvallen;Arbetarepartiet-Socialdemokraterna;S;175;28.50
2022;rd;14800924;Centrala Hisingen, Rambergsvallen;Sverigedemokraterna;SD;62;10.10
2022;rd;14800924;Centrala Hisingen, Rambergsvallen;Vänsterpartiet;V;138;22.48
2022;rd;14800924;Centrala Hisingen, Rambergsvallen;övriga anmälda partier;ÖVR;0;0.00
2022;rd;14800925;Centrala Hisingen, Rambergsstaden S;Alternativ för Sverige;AFS;6;1.10
2022;rd;14800925;Centrala Hisingen, Rambergsstaden S;Centerpartiet;C;21;3.85
2022;rd;14800925;Centrala Hisingen, Rambergsstaden S;Direktdemokraterna;DD;1;0.18
2022;rd;14800925;Centrala Hisingen, Rambergsstaden S;Kristdemokraterna;KD;18;3.30
2022;rd;14800925;Centrala Hisingen, Rambergsstaden S;Knapptryckarna;KNAPP;3;0.55
2022;rd;14800925;Centrala Hisingen, Rambergsstaden S;Liberalerna (tidigare Folkpartiet);L;24;4.40
2022;rd;14800925;Centrala Hisingen, Rambergsstaden S;Moderaterna;M;65;11.93
2022;rd;14800925;Centrala Hisingen, Rambergsstaden S;Medborgerlig Samling;MED;1;0.18
2022;rd;14800925;Centrala Hisingen, Rambergsstaden S;Miljöpartiet de gröna;MP;33;6.06
2022;rd;14800925;Centrala Hisingen, Rambergsstaden S;Partiet Nyans;NYANS;10;1.83
2022;rd;14800925;Centrala Hisingen, Rambergsstaden S;Piratpartiet;PP;2;0.37
2022;rd;14800925;Centrala Hisingen, Rambergsstaden S;Arbetarepartiet-Socialdemokraterna;S;145;26.61
2022;rd;14800925;Centrala Hisingen, Rambergsstaden S;Sverigedemokraterna;SD;80;14.68
2022;rd;14800925;Centrala Hisingen, Rambergsstaden S;Vänsterpartiet;V;136;24.95
2022;rd;14800925;Centrala Hisingen, Rambergsstaden S;övriga anmälda partier;ÖVR;0;0.00
2022;rd;14800926;Centrala Hisingen, Kyrkbyn Norra;Alternativ för Sverige;AFS;4;0.53
2022;rd;14800926;Centrala Hisingen, Kyrkbyn Norra;Centerpartiet;C;18;2.38
2022;rd;14800926;Centrala Hisingen, Kyrkbyn Norra;Feministiskt initiativ;FI;1;0.13
2022;rd;14800926;Centrala Hisingen, Kyrkbyn Norra;Kristdemokraterna;KD;14;1.85
2022;rd;14800926;Centrala Hisingen, Kyrkbyn Norra;Kristna Värdepartiet;KRVP;1;0.13
2022;rd;14800926;Centrala Hisingen, Kyrkbyn Norra;Liberalerna (tidigare Folkpartiet);L;25;3.31
2022;rd;14800926;Centrala Hisingen, Kyrkbyn Norra;Moderaterna;M;70;9.27
2022;rd;14800926;Centrala Hisingen, Kyrkbyn Norra;Medborgerlig Samling;MED;3;0.40
2022;rd;14800926;Centrala Hisingen, Kyrkbyn Norra;MoD;MOD;1;0.13
2022;rd;14800926;Centrala Hisingen, Kyrkbyn Norra;Miljöpartiet de gröna;MP;47;6.23
2022;rd;14800926;Centrala Hisingen, Kyrkbyn Norra;Partiet Nyans;NYANS;8;1.06
2022;rd;14800926;Centrala Hisingen, Kyrkbyn Norra;Piratpartiet;PP;1;0.13
2022;rd;14800926;Centrala Hisingen, Kyrkbyn Norra;Arbetarepartiet-Socialdemokraterna;S;233;30.86
2022;rd;14800926;Centrala Hisingen, Kyrkbyn Norra;Sverigedemokraterna;SD;201;26.62
2022;rd;14800926;Centrala Hisingen, Kyrkbyn Norra;Vänsterpartiet;V;128;16.95
2022;rd;14800926;Centrala Hisingen, Kyrkbyn Norra;övriga anmälda partier;ÖVR;0;0.00
2022;rd;14800927;Centrala Hisingen, Lundby Norra;Alternativ för Sverige;AFS;2;0.27
2022;rd;14800927;Centrala Hisingen, Lundby Norra;Centerpartiet;C;37;5.08
2022;rd;14800927;Centrala Hisingen, Lundby Norra;Feministiskt initiativ;FI;1;0.14
2022;rd;14800927;Centrala Hisingen, Lundby Norra;Kristdemokraterna;KD;28;3.84
2022;rd;14800927;Centrala Hisingen, Lundby Norra;Knapptryckarna;KNAPP;1;0.14
2022;rd;14800927;Centrala Hisingen, Lundby Norra;Liberalerna (tidigare Folkpartiet);L;28;3.84
2022;rd;14800927;Centrala Hisingen, Lundby Norra;Moderaterna;M;109;14.95
2022;rd;14800927;Centrala Hisingen, Lundby Norra;Medborgerlig Samling;MED;1;0.14
2022;rd;14800927;Centrala Hisingen, Lundby Norra;MoD;MOD;1;0.14
2022;rd;14800927;Centrala Hisingen, Lundby Norra;Miljöpartiet de gröna;MP;46;6.31
2022;rd;14800927;Centrala Hisingen, Lundby Norra;Partiet Nyans;NYANS;3;0.41
2022;rd;14800927;Centrala Hisingen, Lundby Norra;Arbetarepartiet-Socialdemokraterna;S;223;30.59
2022;rd;14800927;Centrala Hisingen, Lundby Norra;Sverigedemokraterna;SD;154;21.12
2022;rd;14800927;Centrala Hisingen, Lundby Norra;Socialisterna-Välfärdspartiet;SOCV;1;0.14
2022;rd;14800927;Centrala Hisingen, Lundby Norra;Vänsterpartiet;V;94;12.89
2022;rd;14800927;Centrala Hisingen, Lundby Norra;övriga anmälda partier;ÖVR;0;0.00
2022;rd;14800928;Centrala Hisingen, Kyrkbyn Södra;Alternativ för Sverige;AFS;6;0.90
2022;rd;14800928;Centrala Hisingen, Kyrkbyn Södra;Basinkomstpartiet;BASIP;2;0.30
2022;rd;14800928;Centrala Hisingen, Kyrkbyn Södra;Centerpartiet;C;19;2.86
2022;rd;14800928;Centrala Hisingen, Kyrkbyn Södra;Direktdemokraterna;DD;1;0.15
2022;rd;14800928;Centrala Hisingen, Kyrkbyn Södra;Feministiskt initiativ;FI;1;0.15
2022;rd;14800928;Centrala Hisingen, Kyrkbyn Södra;Kristdemokraterna;KD;28;4.21
2022;rd;14800928;Centrala Hisingen, Kyrkbyn Södra;Knapptryckarna;KNAPP;2;0.30
2022;rd;14800928;Centrala Hisingen, Kyrkbyn Södra;Liberalerna (tidigare Folkpartiet);L;14;2.11
2022;rd;14800928;Centrala Hisingen, Kyrkbyn Södra;Moderaterna;M;72;10.83
2022;rd;14800928;Centrala Hisingen, Kyrkbyn Södra;Medborgerlig Samling;MED;3;0.45
2022;rd;14800928;Centrala Hisingen, Kyrkbyn Södra;MoD;MOD;3;0.45
2022;rd;14800928;Centrala Hisingen, Kyrkbyn Södra;Miljöpartiet de gröna;MP;55;8.27
2022;rd;14800928;Centrala Hisingen, Kyrkbyn Södra;Partiet Nyans;NYANS;2;0.30
2022;rd;14800928;Centrala Hisingen, Kyrkbyn Södra;Piratpartiet;PP;3;0.45
2022;rd;14800928;Centrala Hisingen, Kyrkbyn Södra;Arbetarepartiet-Socialdemokraterna;S;197;29.62
2022;rd;14800928;Centrala Hisingen, Kyrkbyn Södra;Sverigedemokraterna;SD;110;16.54
2022;rd;14800928;Centrala Hisingen, Kyrkbyn Södra;Vänsterpartiet;V;147;22.11
2022;rd;14800928;Centrala Hisingen, Kyrkbyn Södra;övriga anmälda partier;ÖVR;0;0.00
2022;rd;14800929;Centrala Hisingen, Lundby Södra;Alternativ för Sverige;AFS;3;0.39
2022;rd;14800929;Centrala Hisingen, Lundby Södra;Basinkomstpartiet;BASIP;1;0.13
2022;rd;14800929;Centrala Hisingen, Lundby Södra;Centerpartiet;C;39;5.12
2022;rd;14800929;Centrala Hisingen, Lundby Södra;Kristdemokraterna;KD;24;3.15
2022;rd;14800929;Centrala Hisingen, Lundby Södra;Klimatalliansen;KLIMA;2;0.26
2022;rd;14800929;Centrala Hisingen, Lundby Södra;Kristna Värdepartiet;KRVP;1;0.13
2022;rd;14800929;Centrala Hisingen, Lundby Södra;Liberalerna (tidigare Folkpartiet);L;28;3.68
2022;rd;14800929;Centrala Hisingen, Lundby Södra;Moderaterna;M;117;15.37
2022;rd;14800929;Centrala Hisingen, Lundby Södra;Medborgerlig Samling;MED;1;0.13
2022;rd;14800929;Centrala Hisingen, Lundby Södra;Miljöpartiet de gröna;MP;73;9.59
2022;rd;14800929;Centrala Hisingen, Lundby Södra;Nordiska motståndsrörelsen;NMR;1;0.13
2022;rd;14800929;Centrala Hisingen, Lundby Södra;Arbetarepartiet-Socialdemokraterna;S;220;28.91
2022;rd;14800929;Centrala Hisingen, Lundby Södra;Sverigedemokraterna;SD;147;19.32
2022;rd;14800929;Centrala Hisingen, Lundby Södra;Vänsterpartiet;V;104;13.67
2022;rd;14800929;Centrala Hisingen, Lundby Södra;övriga anmälda partier;ÖVR;0;0.00
2022;rd;14800930;Centrala Hisingen, Bräcke Norra;Alternativ för Sverige;AFS;3;0.33
2022;rd;14800930;Centrala Hisingen, Bräcke Norra;Centerpartiet;C;60;6.68
2022;rd;14800930;Centrala Hisingen, Bräcke Norra;Kristdemokraterna;KD;46;5.12
2022;rd;14800930;Centrala Hisingen, Bräcke Norra;Liberalerna (tidigare Folkpartiet);L;41;4.57
2022;rd;14800930;Centrala Hisingen, Bräcke Norra;Moderaterna;M;124;13.81
2022;rd;14800930;Centrala Hisingen, Bräcke Norra;Medborgerlig Samling;MED;5;0.56
2022;rd;14800930;Centrala Hisingen, Bräcke Norra;Miljöpartiet de gröna;MP;100;11.14
2022;rd;14800930;Centrala Hisingen, Bräcke Norra;Partiet Nyans;NYANS;3;0.33
2022;rd;14800930;Centrala Hisingen, Bräcke Norra;Piratpartiet;PP;2;0.22
2022;rd;14800930;Centrala Hisingen, Bräcke Norra;Arbetarepartiet-Socialdemokraterna;S;240;26.73
2022;rd;14800930;Centrala Hisingen, Bräcke Norra;Sverigedemokraterna;SD;183;20.38
2022;rd;14800930;Centrala Hisingen, Bräcke Norra;Vänsterpartiet;V;91;10.13
2022;rd;14800930;Centrala Hisingen, Bräcke Norra;övriga anmälda partier;ÖVR;0;0.00
2022;rd;14800931;Centrala Hisingen, Bräcke Södra;Centerpartiet;C;43;5.35
2022;rd;14800931;Centrala Hisingen, Bräcke Södra;Feministiskt initiativ;FI;1;0.12
2022;rd;14800931;Centrala Hisingen, Bräcke Södra;Kristdemokraterna;KD;27;3.36
2022;rd;14800931;Centrala Hisingen, Bräcke Södra;Liberalerna (tidigare Folkpartiet);L;37;4.61
2022;rd;14800931;Centrala Hisingen, Bräcke Södra;Moderaterna;M;127;15.82
2022;rd;14800931;Centrala Hisingen, Bräcke Södra;Medborgerlig Samling;MED;3;0.37
2022;rd;14800931;Centrala Hisingen, Bräcke Södra;MoD;MOD;1;0.12
2022;rd;14800931;Centrala Hisingen, Bräcke Södra;Miljöpartiet de gröna;MP;51;6.35
2022;rd;14800931;Centrala Hisingen, Bräcke Södra;Partiet Nyans;NYANS;2;0.25
2022;rd;14800931;Centrala Hisingen, Bräcke Södra;Piratpartiet;PP;2;0.25
2022;rd;14800931;Centrala Hisingen, Bräcke Södra;Arbetarepartiet-Socialdemokraterna;S;274;34.12
2022;rd;14800931;Centrala Hisingen, Bräcke Södra;Sverigedemokraterna;SD;157;19.55
2022;rd;14800931;Centrala Hisingen, Bräcke Södra;Vänsterpartiet;V;78;9.71
2022;rd;14800931;Centrala Hisingen, Bräcke Södra;övriga anmälda partier;ÖVR;0;0.00
2022;rd;14800932;Centrala Hisingen, Pölsebo-Bratterås;Alternativ för Sverige;AFS;4;0.39
2022;rd;14800932;Centrala Hisingen, Pölsebo-Bratterås;Centerpartiet;C;67;6.49
2022;rd;14800932;Centrala Hisingen, Pölsebo-Bratterås;Kristdemokraterna;KD;45;4.36
2022;rd;14800932;Centrala Hisingen, Pölsebo-Bratterås;Liberalerna (tidigare Folkpartiet);L;81;7.85
2022;rd;14800932;Centrala Hisingen, Pölsebo-Bratterås;Moderaterna;M;313;30.33
2022;rd;14800932;Centrala Hisingen, Pölsebo-Bratterås;Medborgerlig Samling;MED;3;0.29
2022;rd;14800932;Centrala Hisingen, Pölsebo-Bratterås;MoD;MOD;1;0.10
2022;rd;14800932;Centrala Hisingen, Pölsebo-Bratterås;Miljöpartiet de gröna;MP;40;3.88
2022;rd;14800932;Centrala Hisingen, Pölsebo-Bratterås;Arbetarepartiet-Socialdemokraterna;S;298;28.88
2022;rd;14800932;Centrala Hisingen, Pölsebo-Bratterås;Sverigedemokraterna;SD;137;13.28
2022;rd;14800932;Centrala Hisingen, Pölsebo-Bratterås;Vänsterpartiet;V;43;4.17
2022;rd;14800932;Centrala Hisingen, Pölsebo-Bratterås;övriga anmälda partier;ÖVR;0;0.00
2022;rd;14800933;Centrala Hisingen, Färjenäs;Alternativ för Sverige;AFS;4;0.41
2022;rd;14800933;Centrala Hisingen, Färjenäs;Centerpartiet;C;70;7.25
2022;rd;14800933;Centrala Hisingen, Färjenäs;Kristdemokraterna;KD;59;6.11
2022;rd;14800933;Centrala Hisingen, Färjenäs;Klimatalliansen;KLIMA;1;0.10
2022;rd;14800933;Centrala Hisingen, Färjenäs;Liberalerna (tidigare Folkpartiet);L;66;6.84
2022;rd;14800933;Centrala Hisingen, Färjenäs;Moderaterna;M;280;29.02
2022;rd;14800933;Centrala Hisingen, Färjenäs;Medborgerlig Samling;MED;1;0.10
2022;rd;14800933;Centrala Hisingen, Färjenäs;Miljöpartiet de gröna;MP;37;3.83
2022;rd;14800933;Centrala Hisingen, Färjenäs;Partiet Nyans;NYANS;1;0.10
2022;rd;14800933;Centrala Hisingen, Färjenäs;Piratpartiet;PP;1;0.10
2022;rd;14800933;Centrala Hisingen, Färjenäs;Arbetarepartiet-Socialdemokraterna;S;229;23.73
2022;rd;14800933;Centrala Hisingen, Färjenäs;Sverigedemokraterna;SD;177;18.34
2022;rd;14800933;Centrala Hisingen, Färjenäs;Vänsterpartiet;V;39;4.04
2022;rd;14800933;Centrala Hisingen, Färjenäs;övriga anmälda partier;ÖVR;0;0.00
2022;rd;14800934;Centrala Hisingen, Eriksberg Västra;Alternativ för Sverige;AFS;5;0.48
2022;rd;14800934;Centrala Hisingen, Eriksberg Västra;Centerpartiet;C;57;5.46
2022;rd;14800934;Centrala Hisingen, Eriksberg Västra;Direktdemokraterna;DD;1;0.10
2022;rd;14800934;Centrala Hisingen, Eriksberg Västra;Feministiskt initiativ;FI;2;0.19
2022;rd;14800934;Centrala Hisingen, Eriksberg Västra;Kristdemokraterna;KD;47;4.50
2022;rd;14800934;Centrala Hisingen, Eriksberg Västra;Klimatalliansen;KLIMA;2;0.19
2022;rd;14800934;Centrala Hisingen, Eriksberg Västra;Klassiskt liberala partiet;KLP;1;0.10
2022;rd;14800934;Centrala Hisingen, Eriksberg Västra;Knapptryckarna;KNAPP;1;0.10
2022;rd;14800934;Centrala Hisingen, Eriksberg Västra;Liberalerna (tidigare Folkpartiet);L;76;7.28
2022;rd;14800934;Centrala Hisingen, Eriksberg Västra;Moderaterna;M;220;21.07
2022;rd;14800934;Centrala Hisingen, Eriksberg Västra;Medborgerlig Samling;MED;1;0.10
2022;rd;14800934;Centrala Hisingen, Eriksberg Västra;MoD;MOD;1;0.10
2022;rd;14800934;Centrala Hisingen, Eriksberg Västra;Miljöpartiet de gröna;MP;61;5.84
2022;rd;14800934;Centrala Hisingen, Eriksberg Västra;Partiet Nyans;NYANS;3;0.29
2022;rd;14800934;Centrala Hisingen, Eriksberg Västra;Piratpartiet;PP;2;0.19
2022;rd;14800934;Centrala Hisingen, Eriksberg Västra;Arbetarepartiet-Socialdemokraterna;S;284;27.20
2022;rd;14800934;Centrala Hisingen, Eriksberg Västra;Sverigedemokraterna;SD;198;18.97
2022;rd;14800934;Centrala Hisingen, Eriksberg Västra;Vänsterpartiet;V;82;7.85
2022;rd;14800934;Centrala Hisingen, Eriksberg Västra;övriga anmälda partier;ÖVR;0;0.00
2022;rd;14800935;Centrala Hisingen, Eriksberg Östra;Alternativ för Sverige;AFS;3;0.35
2022;rd;14800935;Centrala Hisingen, Eriksberg Östra;Centerpartiet;C;58;6.81
2022;rd;14800935;Centrala Hisingen, Eriksberg Östra;Feministiskt initiativ;FI;2;0.23
2022;rd;14800935;Centrala Hisingen, Eriksberg Östra;Kristdemokraterna;KD;44;5.16
2022;rd;14800935;Centrala Hisingen, Eriksberg Östra;Liberalerna (tidigare Folkpartiet);L;60;7.04
2022;rd;14800935;Centrala Hisingen, Eriksberg Östra;Moderaterna;M;216;25.35
2022;rd;14800935;Centrala Hisingen, Eriksberg Östra;Medborgerlig Samling;MED;3;0.35
2022;rd;14800935;Centrala Hisingen, Eriksberg Östra;MoD;MOD;1;0.12
2022;rd;14800935;Centrala Hisingen, Eriksberg Östra;Miljöpartiet de gröna;MP;36;4.23
2022;rd;14800935;Centrala Hisingen, Eriksberg Östra;Partiet Nyans;NYANS;1;0.12
2022;rd;14800935;Centrala Hisingen, Eriksberg Östra;Piratpartiet;PP;1;0.12
2022;rd;14800935;Centrala Hisingen, Eriksberg Östra;Arbetarepartiet-Socialdemokraterna;S;239;28.05
2022;rd;14800935;Centrala Hisingen, Eriksberg Östra;Sverigedemokraterna;SD;144;16.90
2022;rd;14800935;Centrala Hisingen, Eriksberg Östra;Vänsterpartiet;V;44;5.16
2022;rd;14800935;Centrala Hisingen, Eriksberg Östra;övriga anmälda partier;ÖVR;0;0.00
2022;rd;14800936;Centrala Hisingen, Sörhallsberget S;Alternativ för Sverige;AFS;5;0.58
2022;rd;14800936;Centrala Hisingen, Sörhallsberget S;Centerpartiet;C;59;6.90
2022;rd;14800936;Centrala Hisingen, Sörhallsberget S;Kristdemokraterna;KD;42;4.91
2022;rd;14800936;Centrala Hisingen, Sörhallsberget S;Liberalerna (tidigare Folkpartiet);L;86;10.06
2022;rd;14800936;Centrala Hisingen, Sörhallsberget S;Moderaterna;M;218;25.50
2022;rd;14800936;Centrala Hisingen, Sörhallsberget S;Medborgerlig Samling;MED;1;0.12
2022;rd;14800936;Centrala Hisingen, Sörhallsberget S;Miljöpartiet de gröna;MP;28;3.27
2022;rd;14800936;Centrala Hisingen, Sörhallsberget S;Partiet Nyans;NYANS;1;0.12
2022;rd;14800936;Centrala Hisingen, Sörhallsberget S;Piratpartiet;PP;1;0.12
2022;rd;14800936;Centrala Hisingen, Sörhallsberget S;Arbetarepartiet-Socialdemokraterna;S;227;26.55
2022;rd;14800936;Centrala Hisingen, Sörhallsberget S;Sverigedemokraterna;SD;157;18.36
2022;rd;14800936;Centrala Hisingen, Sörhallsberget S;SKP;SKP;1;0.12
2022;rd;14800936;Centrala Hisingen, Sörhallsberget S;Stram Kurs Sverige;SKS;1;0.12
2022;rd;14800936;Centrala Hisingen, Sörhallsberget S;Vänsterpartiet;V;27;3.16
2022;rd;14800936;Centrala Hisingen, Sörhallsberget S;Volt Sverige;VOLT;1;0.12
2022;rd;14800936;Centrala Hisingen, Sörhallsberget S;övriga anmälda partier;ÖVR;0;0.00
2022;rd;14800937;Centrala Hisingen, Sörhallsberget N;Alternativ för Sverige;AFS;3;0.34
2022;rd;14800937;Centrala Hisingen, Sörhallsberget N;Centerpartiet;C;66;7.45
2022;rd;14800937;Centrala Hisingen, Sörhallsberget N;Partiet Frihet;FRIH;1;0.11
2022;rd;14800937;Centrala Hisingen, Sörhallsberget N;Kristdemokraterna;KD;50;5.64
2022;rd;14800937;Centrala Hisingen, Sörhallsberget N;Klimatalliansen;KLIMA;2;0.23
2022;rd;14800937;Centrala Hisingen, Sörhallsberget N;Liberalerna (tidigare Folkpartiet);L;59;6.66
2022;rd;14800937;Centrala Hisingen, Sörhallsberget N;Moderaterna;M;214;24.15
2022;rd;14800937;Centrala Hisingen, Sörhallsberget N;Miljöpartiet de gröna;MP;36;4.06
2022;rd;14800937;Centrala Hisingen, Sörhallsberget N;Partiet Nyans;NYANS;4;0.45
2022;rd;14800937;Centrala Hisingen, Sörhallsberget N;Piratpartiet;PP;3;0.34
2022;rd;14800937;Centrala Hisingen, Sörhallsberget N;Arbetarepartiet-Socialdemokraterna;S;278;31.38
2022;rd;14800937;Centrala Hisingen, Sörhallsberget N;Sverigedemokraterna;SD;125;14.11
2022;rd;14800937;Centrala Hisingen, Sörhallsberget N;Vänsterpartiet;V;45;5.08
2022;rd;14800937;Centrala Hisingen, Sörhallsberget N;övriga anmälda partier;ÖVR;0;0.00
2022;rd;14800938;Centrala Hisingen, Sannegården V;Alternativ för Sverige;AFS;2;0.21
2022;rd;14800938;Centrala Hisingen, Sannegården V;Centerpartiet;C;58;6.05
2022;rd;14800938;Centrala Hisingen, Sannegården V;Kristdemokraterna;KD;36;3.75
2022;rd;14800938;Centrala Hisingen, Sannegården V;Knapptryckarna;KNAPP;2;0.21
2022;rd;14800938;Centrala Hisingen, Sannegården V;Kristna Värdepartiet;KRVP;3;0.31
2022;rd;14800938;Centrala Hisingen, Sannegården V;Liberalerna (tidigare Folkpartiet);L;69;7.19
2022;rd;14800938;Centrala Hisingen, Sannegården V;Moderaterna;M;221;23.04
2022;rd;14800938;Centrala Hisingen, Sannegården V;Medborgerlig Samling;MED;3;0.31
2022;rd;14800938;Centrala Hisingen, Sannegården V;MoD;MOD;1;0.10
2022;rd;14800938;Centrala Hisingen, Sannegården V;Miljöpartiet de gröna;MP;56;5.84
2022;rd;14800938;Centrala Hisingen, Sannegården V;Partiet Nyans;NYANS;3;0.31
2022;rd;14800938;Centrala Hisingen, Sannegården V;Arbetarepartiet-Socialdemokraterna;S;281;29.30
2022;rd;14800938;Centrala Hisingen, Sannegården V;Sverigedemokraterna;SD;151;15.75
2022;rd;14800938;Centrala Hisingen, Sannegården V;Vänsterpartiet;V;73;7.61
2022;rd;14800938;Centrala Hisingen, Sannegården V;övriga anmälda partier;ÖVR;0;0.00
2022;rd;14800939;Centrala Hisingen, Sannegården Ö;Alternativ för Sverige;AFS;1;0.12
2022;rd;14800939;Centrala Hisingen, Sannegården Ö;Centerpartiet;C;65;7.51
2022;rd;14800939;Centrala Hisingen, Sannegården Ö;Kristdemokraterna;KD;55;6.35
2022;rd;14800939;Centrala Hisingen, Sannegården Ö;Knapptryckarna;KNAPP;1;0.12
2022;rd;14800939;Centrala Hisingen, Sannegården Ö;Liberalerna (tidigare Folkpartiet);L;74;8.55
2022;rd;14800939;Centrala Hisingen, Sannegården Ö;Moderaterna;M;239;27.60
2022;rd;14800939;Centrala Hisingen, Sannegården Ö;Medborgerlig Samling;MED;1;0.12
2022;rd;14800939;Centrala Hisingen, Sannegården Ö;MoD;MOD;2;0.23
2022;rd;14800939;Centrala Hisingen, Sannegården Ö;Miljöpartiet de gröna;MP;43;4.97
2022;rd;14800939;Centrala Hisingen, Sannegården Ö;Partiet Nyans;NYANS;1;0.12
2022;rd;14800939;Centrala Hisingen, Sannegården Ö;Arbetarepartiet-Socialdemokraterna;S;220;25.40
2022;rd;14800939;Centrala Hisingen, Sannegården Ö;Sverigedemokraterna;SD;117;13.51
2022;rd;14800939;Centrala Hisingen, Sannegården Ö;Vänsterpartiet;V;47;5.43
2022;rd;14800939;Centrala Hisingen, Sannegården Ö;övriga anmälda partier;ÖVR;0;0.00
2022;rd;14800940;Centrala Hisingen, Lindholmen Södra;Centerpartiet;C;44;5.21
2022;rd;14800940;Centrala Hisingen, Lindholmen Södra;Direktdemokraterna;DD;1;0.12
2022;rd;14800940;Centrala Hisingen, Lindholmen Södra;Feministiskt initiativ;FI;1;0.12
2022;rd;14800940;Centrala Hisingen, Lindholmen Södra;Kristdemokraterna;KD;37;4.38
2022;rd;14800940;Centrala Hisingen, Lindholmen Södra;Klimatalliansen;KLIMA;1;0.12
2022;rd;14800940;Centrala Hisingen, Lindholmen Södra;Knapptryckarna;KNAPP;3;0.36
2022;rd;14800940;Centrala Hisingen, Lindholmen Södra;Liberalerna (tidigare Folkpartiet);L;54;6.39
2022;rd;14800940;Centrala Hisingen, Lindholmen Södra;Moderaterna;M;121;14.32
2022;rd;14800940;Centrala Hisingen, Lindholmen Södra;Medborgerlig Samling;MED;3;0.36
2022;rd;14800940;Centrala Hisingen, Lindholmen Södra;MoD;MOD;1;0.12
2022;rd;14800940;Centrala Hisingen, Lindholmen Södra;Miljöpartiet de gröna;MP;102;12.07
2022;rd;14800940;Centrala Hisingen, Lindholmen Södra;Partiet Nyans;NYANS;1;0.12
2022;rd;14800940;Centrala Hisingen, Lindholmen Södra;Arbetarepartiet-Socialdemokraterna;S;254;30.06
2022;rd;14800940;Centrala Hisingen, Lindholmen Södra;Sverigedemokraterna;SD;102;12.07
2022;rd;14800940;Centrala Hisingen, Lindholmen Södra;SKP;SKP;1;0.12
2022;rd;14800940;Centrala Hisingen, Lindholmen Södra;Vänsterpartiet;V;119;14.08
2022;rd;14800940;Centrala Hisingen, Lindholmen Södra;övriga anmälda partier;ÖVR;0;0.00
2022;rd;14800941;Centrala Hisingen, Lindholmen Norra;Centerpartiet;C;74;9.56
2022;rd;14800941;Centrala Hisingen, Lindholmen Norra;Direktdemokraterna;DD;2;0.26
2022;rd;14800941;Centrala Hisingen, Lindholmen Norra;Enhet;ENH;1;0.13
2022;rd;14800941;Centrala Hisingen, Lindholmen Norra;Feministiskt initiativ;FI;1;0.13
2022;rd;14800941;Centrala Hisingen, Lindholmen Norra;Kristdemokraterna;KD;29;3.75
2022;rd;14800941;Centrala Hisingen, Lindholmen Norra;Liberalerna (tidigare Folkpartiet);L;56;7.24
2022;rd;14800941;Centrala Hisingen, Lindholmen Norra;Moderaterna;M;170;21.96
2022;rd;14800941;Centrala Hisingen, Lindholmen Norra;Medborgerlig Samling;MED;6;0.78
2022;rd;14800941;Centrala Hisingen, Lindholmen Norra;Miljöpartiet de gröna;MP;82;10.59
2022;rd;14800941;Centrala Hisingen, Lindholmen Norra;Piratpartiet;PP;2;0.26
2022;rd;14800941;Centrala Hisingen, Lindholmen Norra;Arbetarepartiet-Socialdemokraterna;S;184;23.77
2022;rd;14800941;Centrala Hisingen, Lindholmen Norra;Sverigedemokraterna;SD;57;7.36
2022;rd;14800941;Centrala Hisingen, Lindholmen Norra;Vänsterpartiet;V;110;14.21
2022;rd;14800941;Centrala Hisingen, Lindholmen Norra;övriga anmälda partier;ÖVR;0;0.00
2022;rd;14801001;Norra Hisingen, Rödbo;Alternativ för Sverige;AFS;3;0.34
2022;rd;14801001;Norra Hisingen, Rödbo;Centerpartiet;C;57;6.40
2022;rd;14801001;Norra Hisingen, Rödbo;Direktdemokraterna;DD;1;0.11
2022;rd;14801001;Norra Hisingen, Rödbo;Kristdemokraterna;KD;47;5.27
2022;rd;14801001;Norra Hisingen, Rödbo;Knapptryckarna;KNAPP;1;0.11
2022;rd;14801001;Norra Hisingen, Rödbo;Liberalerna (tidigare Folkpartiet);L;37;4.15
2022;rd;14801001;Norra Hisingen, Rödbo;Moderaterna;M;203;22.78
2022;rd;14801001;Norra Hisingen, Rödbo;Medborgerlig Samling;MED;2;0.22
2022;rd;14801001;Norra Hisingen, Rödbo;Miljöpartiet de gröna;MP;36;4.04
2022;rd;14801001;Norra Hisingen, Rödbo;Arbetarepartiet-Socialdemokraterna;S;203;22.78
2022;rd;14801001;Norra Hisingen, Rödbo;Sverigedemokraterna;SD;262;29.41
2022;rd;14801001;Norra Hisingen, Rödbo;Vänsterpartiet;V;39;4.38
2022;rd;14801001;Norra Hisingen, Rödbo;övriga anmälda partier;ÖVR;0;0.00
2022;rd;14801002;Norra Hisingen, Mysterna-Svankälla;Alternativ för Sverige;AFS;4;0.31
2022;rd;14801002;Norra Hisingen, Mysterna-Svankälla;Centerpartiet;C;66;5.06
2022;rd;14801002;Norra Hisingen, Mysterna-Svankälla;Kristdemokraterna;KD;66;5.06
2022;rd;14801002;Norra Hisingen, Mysterna-Svankälla;Kristna Värdepartiet;KRVP;1;0.08
2022;rd;14801002;Norra Hisingen, Mysterna-Svankälla;Liberalerna (tidigare Folkpartiet);L;69;5.29
2022;rd;14801002;Norra Hisingen, Mysterna-Svankälla;Moderaterna;M;338;25.92
2022;rd;14801002;Norra Hisingen, Mysterna-Svankälla;Medborgerlig Samling;MED;2;0.15
2022;rd;14801002;Norra Hisingen, Mysterna-Svankälla;MoD;MOD;1;0.08
2022;rd;14801002;Norra Hisingen, Mysterna-Svankälla;Miljöpartiet de gröna;MP;46;3.53
2022;rd;14801002;Norra Hisingen, Mysterna-Svankälla;Piratpartiet;PP;1;0.08
2022;rd;14801002;Norra Hisingen, Mysterna-Svankälla;Arbetarepartiet-Socialdemokraterna;S;375;28.76
2022;rd;14801002;Norra Hisingen, Mysterna-Svankälla;Sverigedemokraterna;SD;262;20.09
2022;rd;14801002;Norra Hisingen, Mysterna-Svankälla;Vänsterpartiet;V;73;5.60
2022;rd;14801002;Norra Hisingen, Mysterna-Svankälla;övriga anmälda partier;ÖVR;0;0.00
2022;rd;14801003;Norra Hisingen, Gerrebacka-Ingebäck;Alternativ för Sverige;AFS;1;0.08
2022;rd;14801003;Norra Hisingen, Gerrebacka-Ingebäck;Centerpartiet;C;65;5.25
2022;rd;14801003;Norra Hisingen, Gerrebacka-Ingebäck;Enhet;ENH;1;0.08
2022;rd;14801003;Norra Hisingen, Gerrebacka-Ingebäck;Feministiskt initiativ;FI;3;0.24
2022;rd;14801003;Norra Hisingen, Gerrebacka-Ingebäck;Kristdemokraterna;KD;45;3.64
2022;rd;14801003;Norra Hisingen, Gerrebacka-Ingebäck;Klimatalliansen;KLIMA;1;0.08
2022;rd;14801003;Norra Hisingen, Gerrebacka-Ingebäck;Liberalerna (tidigare Folkpartiet);L;36;2.91
2022;rd;14801003;Norra Hisingen, Gerrebacka-Ingebäck;Moderaterna;M;317;25.63
2022;rd;14801003;Norra Hisingen, Gerrebacka-Ingebäck;Medborgerlig Samling;MED;1;0.08
2022;rd;14801003;Norra Hisingen, Gerrebacka-Ingebäck;Miljöpartiet de gröna;MP;63;5.09
2022;rd;14801003;Norra Hisingen, Gerrebacka-Ingebäck;Arbetarepartiet-Socialdemokraterna;S;355;28.70
2022;rd;14801003;Norra Hisingen, Gerrebacka-Ingebäck;Sverigedemokraterna;SD;273;22.07
2022;rd;14801003;Norra Hisingen, Gerrebacka-Ingebäck;Vänsterpartiet;V;76;6.14
2022;rd;14801003;Norra Hisingen, Gerrebacka-Ingebäck;övriga anmälda partier;ÖVR;0;0.00
2022;rd;14801004;Norra Hisingen, Kärra Norra;Alternativ för Sverige;AFS;3;0.32
2022;rd;14801004;Norra Hisingen, Kärra Norra;Centerpartiet;C;21;2.27
2022;rd;14801004;Norra Hisingen, Kärra Norra;Enhet;ENH;1;0.11
2022;rd;14801004;Norra Hisingen, Kärra Norra;Kristdemokraterna;KD;46;4.98
2022;rd;14801004;Norra Hisingen, Kärra Norra;Liberalerna (tidigare Folkpartiet);L;39;4.22
2022;rd;14801004;Norra Hisingen, Kärra Norra;Moderaterna;M;133;14.39
2022;rd;14801004;Norra Hisingen, Kärra Norra;Medborgerlig Samling;MED;4;0.43
2022;rd;14801004;Norra Hisingen, Kärra Norra;MoD;MOD;1;0.11
2022;rd;14801004;Norra Hisingen, Kärra Norra;Miljöpartiet de gröna;MP;26;2.81
2022;rd;14801004;Norra Hisingen, Kärra Norra;Partiet Nyans;NYANS;6;0.65
2022;rd;14801004;Norra Hisingen, Kärra Norra;Piratpartiet;PP;1;0.11
2022;rd;14801004;Norra Hisingen, Kärra Norra;Arbetarepartiet-Socialdemokraterna;S;359;38.85
2022;rd;14801004;Norra Hisingen, Kärra Norra;Sverigedemokraterna;SD;218;23.59
2022;rd;14801004;Norra Hisingen, Kärra Norra;Vänsterpartiet;V;66;7.14
2022;rd;14801004;Norra Hisingen, Kärra Norra;övriga anmälda partier;ÖVR;0;0.00
2022;rd;14801005;Norra Hisingen, Kärra Östra;Centerpartiet;C;26;2.94
2022;rd;14801005;Norra Hisingen, Kärra Östra;Direktdemokraterna;DD;1;0.11
2022;rd;14801005;Norra Hisingen, Kärra Östra;Feministiskt initiativ;FI;1;0.11
2022;rd;14801005;Norra Hisingen, Kärra Östra;Kristdemokraterna;KD;39;4.41
2022;rd;14801005;Norra Hisingen, Kärra Östra;Liberalerna (tidigare Folkpartiet);L;30;3.39
2022;rd;14801005;Norra Hisingen, Kärra Östra;Moderaterna;M;148;16.72
2022;rd;14801005;Norra Hisingen, Kärra Östra;Miljöpartiet de gröna;MP;27;3.05
2022;rd;14801005;Norra Hisingen, Kärra Östra;Partiet Nyans;NYANS;3;0.34
2022;rd;14801005;Norra Hisingen, Kärra Östra;Arbetarepartiet-Socialdemokraterna;S;341;38.53
2022;rd;14801005;Norra Hisingen, Kärra Östra;Sverigedemokraterna;SD;207;23.39
2022;rd;14801005;Norra Hisingen, Kärra Östra;Vänsterpartiet;V;62;7.01
2022;rd;14801005;Norra Hisingen, Kärra Östra;övriga anmälda partier;ÖVR;0;0.00
2022;rd;14801006;Norra Hisingen, Kärra Södra;Alternativ för Sverige;AFS;2;0.20
2022;rd;14801006;Norra Hisingen, Kärra Södra;Centerpartiet;C;26;2.59
2022;rd;14801006;Norra Hisingen, Kärra Södra;Kristdemokraterna;KD;52;5.17
2022;rd;14801006;Norra Hisingen, Kärra Södra;Kristna Värdepartiet;KRVP;1;0.10
2022;rd;14801006;Norra Hisingen, Kärra Södra;Liberalerna (tidigare Folkpartiet);L;39;3.88
2022;rd;14801006;Norra Hisingen, Kärra Södra;Moderaterna;M;189;18.81
2022;rd;14801006;Norra Hisingen, Kärra Södra;Medborgerlig Samling;MED;4;0.40
2022;rd;14801006;Norra Hisingen, Kärra Södra;MoD;MOD;1;0.10
2022;rd;14801006;Norra Hisingen, Kärra Södra;Miljöpartiet de gröna;MP;18;1.79
2022;rd;14801006;Norra Hisingen, Kärra Södra;Partiet Nyans;NYANS;7;0.70
2022;rd;14801006;Norra Hisingen, Kärra Södra;Arbetarepartiet-Socialdemokraterna;S;313;31.14
2022;rd;14801006;Norra Hisingen, Kärra Södra;Sverigedemokraterna;SD;277;27.56
2022;rd;14801006;Norra Hisingen, Kärra Södra;Vänsterpartiet;V;76;7.56
2022;rd;14801006;Norra Hisingen, Kärra Södra;övriga anmälda partier;ÖVR;0;0.00
2022;rd;14801007;Norra Hisingen, Kärra Västra;Alternativ för Sverige;AFS;6;0.62
2022;rd;14801007;Norra Hisingen, Kärra Västra;Centerpartiet;C;27;2.77
2022;rd;14801007;Norra Hisingen, Kärra Västra;Kristdemokraterna;KD;55;5.65
2022;rd;14801007;Norra Hisingen, Kärra Västra;Klimatalliansen;KLIMA;1;0.10
2022;rd;14801007;Norra Hisingen, Kärra Västra;Kristna Värdepartiet;KRVP;2;0.21
2022;rd;14801007;Norra Hisingen, Kärra Västra;Liberalerna (tidigare Folkpartiet);L;38;3.90
2022;rd;14801007;Norra Hisingen, Kärra Västra;Moderaterna;M;164;16.84
2022;rd;14801007;Norra Hisingen, Kärra Västra;Medborgerlig Samling;MED;2;0.21
2022;rd;14801007;Norra Hisingen, Kärra Västra;Miljöpartiet de gröna;MP;28;2.87
2022;rd;14801007;Norra Hisingen, Kärra Västra;Partiet Nyans;NYANS;1;0.10
2022;rd;14801007;Norra Hisingen, Kärra Västra;Arbetarepartiet-Socialdemokraterna;S;307;31.52
2022;rd;14801007;Norra Hisingen, Kärra Västra;Sverigedemokraterna;SD;288;29.57
2022;rd;14801007;Norra Hisingen, Kärra Västra;Vänsterpartiet;V;55;5.65
2022;rd;14801007;Norra Hisingen, Kärra Västra;övriga anmälda partier;ÖVR;0;0.00
2022;rd;14801008;Norra Hisingen, Skogome;Alternativ för Sverige;AFS;4;0.53
2022;rd;14801008;Norra Hisingen, Skogome;Centerpartiet;C;31;4.09
2022;rd;14801008;Norra Hisingen, Skogome;Feministiskt initiativ;FI;3;0.40
2022;rd;14801008;Norra Hisingen, Skogome;Kristdemokraterna;KD;39;5.15
2022;rd;14801008;Norra Hisingen, Skogome;Liberalerna (tidigare Folkpartiet);L;38;5.01
2022;rd;14801008;Norra Hisingen, Skogome;Moderaterna;M;102;13.46
2022;rd;14801008;Norra Hisingen, Skogome;Medborgerlig Samling;MED;2;0.26
2022;rd;14801008;Norra Hisingen, Skogome;MoD;MOD;1;0.13
2022;rd;14801008;Norra Hisingen, Skogome;Miljöpartiet de gröna;MP;33;4.35
2022;rd;14801008;Norra Hisingen, Skogome;Partiet Nyans;NYANS;3;0.40
2022;rd;14801008;Norra Hisingen, Skogome;Piratpartiet;PP;1;0.13
2022;rd;14801008;Norra Hisingen, Skogome;Arbetarepartiet-Socialdemokraterna;S;262;34.56
2022;rd;14801008;Norra Hisingen, Skogome;Sverigedemokraterna;SD;161;21.24
2022;rd;14801008;Norra Hisingen, Skogome;Vänsterpartiet;V;78;10.29
2022;rd;14801008;Norra Hisingen, Skogome;övriga anmälda partier;ÖVR;0;0.00
2022;rd;14801009;Norra Hisingen, Åketorp;Alternativ för Sverige;AFS;2;0.19
2022;rd;14801009;Norra Hisingen, Åketorp;Centerpartiet;C;45;4.17
2022;rd;14801009;Norra Hisingen, Åketorp;Feministiskt initiativ;FI;1;0.09
2022;rd;14801009;Norra Hisingen, Åketorp;Kristdemokraterna;KD;35;3.25
2022;rd;14801009;Norra Hisingen, Åketorp;Klimatalliansen;KLIMA;1;0.09
2022;rd;14801009;Norra Hisingen, Åketorp;Knapptryckarna;KNAPP;1;0.09
2022;rd;14801009;Norra Hisingen, Åketorp;Kristna Värdepartiet;KRVP;1;0.09
2022;rd;14801009;Norra Hisingen, Åketorp;Liberalerna (tidigare Folkpartiet);L;33;3.06
2022;rd;14801009;Norra Hisingen, Åketorp;Moderaterna;M;205;19.02
2022;rd;14801009;Norra Hisingen, Åketorp;Medborgerlig Samling;MED;3;0.28
2022;rd;14801009;Norra Hisingen, Åketorp;Miljöpartiet de gröna;MP;42;3.90
2022;rd;14801009;Norra Hisingen, Åketorp;Partiet Nyans;NYANS;6;0.56
2022;rd;14801009;Norra Hisingen, Åketorp;Arbetarepartiet-Socialdemokraterna;S;412;38.22
2022;rd;14801009;Norra Hisingen, Åketorp;Sverigedemokraterna;SD;219;20.32
2022;rd;14801009;Norra Hisingen, Åketorp;Vänsterpartiet;V;72;6.68
2022;rd;14801009;Norra Hisingen, Åketorp;övriga anmälda partier;ÖVR;0;0.00
2022;rd;14801010;Norra Hisingen, Bäckebol Norra;Alternativ för Sverige;AFS;3;0.48
2022;rd;14801010;Norra Hisingen, Bäckebol Norra;Centerpartiet;C;19;3.04
2022;rd;14801010;Norra Hisingen, Bäckebol Norra;Direktdemokraterna;DD;1;0.16
2022;rd;14801010;Norra Hisingen, Bäckebol Norra;Kristdemokraterna;KD;18;2.88
2022;rd;14801010;Norra Hisingen, Bäckebol Norra;Liberalerna (tidigare Folkpartiet);L;14;2.24
2022;rd;14801010;Norra Hisingen, Bäckebol Norra;Moderaterna;M;74;11.82
2022;rd;14801010;Norra Hisingen, Bäckebol Norra;Medborgerlig Samling;MED;1;0.16
2022;rd;14801010;Norra Hisingen, Bäckebol Norra;MoD;MOD;2;0.32
2022;rd;14801010;Norra Hisingen, Bäckebol Norra;Miljöpartiet de gröna;MP;9;1.44
2022;rd;14801010;Norra Hisingen, Bäckebol Norra;Partiet Nyans;NYANS;12;1.92
2022;rd;14801010;Norra Hisingen, Bäckebol Norra;Piratpartiet;PP;1;0.16
2022;rd;14801010;Norra Hisingen, Bäckebol Norra;Arbetarepartiet-Socialdemokraterna;S;247;39.46
2022;rd;14801010;Norra Hisingen, Bäckebol Norra;Sverigedemokraterna;SD;158;25.24
2022;rd;14801010;Norra Hisingen, Bäckebol Norra;Vänsterpartiet;V;67;10.70
2022;rd;14801010;Norra Hisingen, Bäckebol Norra;övriga anmälda partier;ÖVR;0;0.00
2022;rd;14801011;Norra Hisingen, Backadalen;Centerpartiet;C;20;3.43
2022;rd;14801011;Norra Hisingen, Backadalen;Feministiskt initiativ;FI;1;0.17
2022;rd;14801011;Norra Hisingen, Backadalen;Kristdemokraterna;KD;30;5.15
2022;rd;14801011;Norra Hisingen, Backadalen;Kristna Värdepartiet;KRVP;1;0.17
2022;rd;14801011;Norra Hisingen, Backadalen;Liberalerna (tidigare Folkpartiet);L;7;1.20
2022;rd;14801011;Norra Hisingen, Backadalen;Moderaterna;M;72;12.35
2022;rd;14801011;Norra Hisingen, Backadalen;Medborgerlig Samling;MED;1;0.17
2022;rd;14801011;Norra Hisingen, Backadalen;Miljöpartiet de gröna;MP;6;1.03
2022;rd;14801011;Norra Hisingen, Backadalen;Partiet Nyans;NYANS;6;1.03
2022;rd;14801011;Norra Hisingen, Backadalen;Ond Kyckling Partiet;OKP;1;0.17
2022;rd;14801011;Norra Hisingen, Backadalen;Piratpartiet;PP;2;0.34
2022;rd;14801011;Norra Hisingen, Backadalen;Arbetarepartiet-Socialdemokraterna;S;222;38.08
2022;rd;14801011;Norra Hisingen, Backadalen;Sverigedemokraterna;SD;150;25.73
2022;rd;14801011;Norra Hisingen, Backadalen;Vänsterpartiet;V;64;10.98
2022;rd;14801011;Norra Hisingen, Backadalen;övriga anmälda partier;ÖVR;0;0.00
2022;rd;14801012;Norra Hisingen, Bäckebol Södra;Alternativ för Sverige;AFS;3;0.53
2022;rd;14801012;Norra Hisingen, Bäckebol Södra;Centerpartiet;C;15;2.66
2022;rd;14801012;Norra Hisingen, Bäckebol Södra;Kristdemokraterna;KD;16;2.84
2022;rd;14801012;Norra Hisingen, Bäckebol Södra;Liberalerna (tidigare Folkpartiet);L;6;1.07
2022;rd;14801012;Norra Hisingen, Bäckebol Södra;Moderaterna;M;58;10.30
2022;rd;14801012;Norra Hisingen, Bäckebol Södra;Medborgerlig Samling;MED;1;0.18
2022;rd;14801012;Norra Hisingen, Bäckebol Södra;MoD;MOD;2;0.36
2022;rd;14801012;Norra Hisingen, Bäckebol Södra;Miljöpartiet de gröna;MP;10;1.78
2022;rd;14801012;Norra Hisingen, Bäckebol Södra;Partiet Nyans;NYANS;25;4.44
2022;rd;14801012;Norra Hisingen, Bäckebol Södra;Piratpartiet;PP;3;0.53
2022;rd;14801012;Norra Hisingen, Bäckebol Södra;Arbetarepartiet-Socialdemokraterna;S;230;40.85
2022;rd;14801012;Norra Hisingen, Bäckebol Södra;Sverigedemokraterna;SD;121;21.49
2022;rd;14801012;Norra Hisingen, Bäckebol Södra;Vänsterpartiet;V;73;12.97
2022;rd;14801012;Norra Hisingen, Bäckebol Södra;övriga anmälda partier;ÖVR;0;0.00
2022;rd;14801013;Norra Hisingen, Skälltorp;Alternativ för Sverige;AFS;1;0.12
2022;rd;14801013;Norra Hisingen, Skälltorp;Centerpartiet;C;31;3.81
2022;rd;14801013;Norra Hisingen, Skälltorp;Feministiskt initiativ;FI;3;0.37
2022;rd;14801013;Norra Hisingen, Skälltorp;Kalle ankapartiet;KALLE;1;0.12
2022;rd;14801013;Norra Hisingen, Skälltorp;Kristdemokraterna;KD;35;4.30
2022;rd;14801013;Norra Hisingen, Skälltorp;Klimatalliansen;KLIMA;1;0.12
2022;rd;14801013;Norra Hisingen, Skälltorp;Knapptryckarna;KNAPP;1;0.12
2022;rd;14801013;Norra Hisingen, Skälltorp;Liberalerna (tidigare Folkpartiet);L;30;3.69
2022;rd;14801013;Norra Hisingen, Skälltorp;Moderaterna;M;101;12.41
2022;rd;14801013;Norra Hisingen, Skälltorp;Medborgerlig Samling;MED;3;0.37
2022;rd;14801013;Norra Hisingen, Skälltorp;Miljöpartiet de gröna;MP;28;3.44
2022;rd;14801013;Norra Hisingen, Skälltorp;Partiet Nyans;NYANS;8;0.98
2022;rd;14801013;Norra Hisingen, Skälltorp;Piratpartiet;PP;3;0.37
2022;rd;14801013;Norra Hisingen, Skälltorp;Arbetarepartiet-Socialdemokraterna;S;288;35.38
2022;rd;14801013;Norra Hisingen, Skälltorp;Sverigedemokraterna;SD;177;21.74
2022;rd;14801013;Norra Hisingen, Skälltorp;Vänsterpartiet;V;103;12.65
2022;rd;14801013;Norra Hisingen, Skälltorp;övriga anmälda partier;ÖVR;0;0.00
2022;rd;14801014;Norra Hisingen, Selma Lagerlöfs Torg;Alternativ för Sverige;AFS;2;0.23
2022;rd;14801014;Norra Hisingen, Selma Lagerlöfs Torg;Centerpartiet;C;54;6.12
2022;rd;14801014;Norra Hisingen, Selma Lagerlöfs Torg;Feministiskt initiativ;FI;1;0.11
2022;rd;14801014;Norra Hisingen, Selma Lagerlöfs Torg;Kristdemokraterna;KD;37;4.19
2022;rd;14801014;Norra Hisingen, Selma Lagerlöfs Torg;Knapptryckarna;KNAPP;1;0.11
2022;rd;14801014;Norra Hisingen, Selma Lagerlöfs Torg;Liberalerna (tidigare Folkpartiet);L;32;3.62
2022;rd;14801014;Norra Hisingen, Selma Lagerlöfs Torg;Moderaterna;M;210;23.78
2022;rd;14801014;Norra Hisingen, Selma Lagerlöfs Torg;Miljöpartiet de gröna;MP;52;5.89
2022;rd;14801014;Norra Hisingen, Selma Lagerlöfs Torg;Partiet Nyans;NYANS;14;1.59
2022;rd;14801014;Norra Hisingen, Selma Lagerlöfs Torg;Piratpartiet;PP;1;0.11
2022;rd;14801014;Norra Hisingen, Selma Lagerlöfs Torg;Arbetarepartiet-Socialdemokraterna;S;290;32.84
2022;rd;14801014;Norra Hisingen, Selma Lagerlöfs Torg;Sverigedemokraterna;SD;143;16.19
2022;rd;14801014;Norra Hisingen, Selma Lagerlöfs Torg;Vänsterpartiet;V;46;5.21
2022;rd;14801014;Norra Hisingen, Selma Lagerlöfs Torg;övriga anmälda partier;ÖVR;0;0.00
2022;rd;14801015;Norra Hisingen, Sankt Jörgen;Alternativ för Sverige;AFS;1;0.11
2022;rd;14801015;Norra Hisingen, Sankt Jörgen;Centerpartiet;C;70;7.36
2022;rd;14801015;Norra Hisingen, Sankt Jörgen;Kristdemokraterna;KD;41;4.31
2022;rd;14801015;Norra Hisingen, Sankt Jörgen;Liberalerna (tidigare Folkpartiet);L;53;5.57
2022;rd;14801015;Norra Hisingen, Sankt Jörgen;Moderaterna;M;222;23.34
2022;rd;14801015;Norra Hisingen, Sankt Jörgen;Medborgerlig Samling;MED;1;0.11
2022;rd;14801015;Norra Hisingen, Sankt Jörgen;Miljöpartiet de gröna;MP;53;5.57
2022;rd;14801015;Norra Hisingen, Sankt Jörgen;Nordiska motståndsrörelsen;NMR;1;0.11
2022;rd;14801015;Norra Hisingen, Sankt Jörgen;Partiet Nyans;NYANS;2;0.21
2022;rd;14801015;Norra Hisingen, Sankt Jörgen;Arbetarepartiet-Socialdemokraterna;S;305;32.07
2022;rd;14801015;Norra Hisingen, Sankt Jörgen;Sverigedemokraterna;SD;140;14.72
2022;rd;14801015;Norra Hisingen, Sankt Jörgen;Vänsterpartiet;V;62;6.52
2022;rd;14801015;Norra Hisingen, Sankt Jörgen;övriga anmälda partier;ÖVR;0;0.00
2022;rd;14801016;Norra Hisingen, Backa Röd;Alternativ för Sverige;AFS;5;0.73
2022;rd;14801016;Norra Hisingen, Backa Röd;Centerpartiet;C;24;3.50
2022;rd;14801016;Norra Hisingen, Backa Röd;Kristdemokraterna;KD;16;2.33
2022;rd;14801016;Norra Hisingen, Backa Röd;Kristna Värdepartiet;KRVP;1;0.15
2022;rd;14801016;Norra Hisingen, Backa Röd;Liberalerna (tidigare Folkpartiet);L;4;0.58
2022;rd;14801016;Norra Hisingen, Backa Röd;Moderaterna;M;64;9.33
2022;rd;14801016;Norra Hisingen, Backa Röd;Medborgerlig Samling;MED;1;0.15
2022;rd;14801016;Norra Hisingen, Backa Röd;Miljöpartiet de gröna;MP;31;4.52
2022;rd;14801016;Norra Hisingen, Backa Röd;Partiet Nyans;NYANS;35;5.10
2022;rd;14801016;Norra Hisingen, Backa Röd;Piratpartiet;PP;2;0.29
2022;rd;14801016;Norra Hisingen, Backa Röd;Arbetarepartiet-Socialdemokraterna;S;244;35.57
2022;rd;14801016;Norra Hisingen, Backa Röd;Sverigedemokraterna;SD;144;20.99
2022;rd;14801016;Norra Hisingen, Backa Röd;Vänsterpartiet;V;115;16.76
2022;rd;14801016;Norra Hisingen, Backa Röd;övriga anmälda partier;ÖVR;0;0.00
2022;rd;14801017;Norra Hisingen, Julias Gata m fl;Alternativ för Sverige;AFS;2;0.40
2022;rd;14801017;Norra Hisingen, Julias Gata m fl;Centerpartiet;C;14;2.81
2022;rd;14801017;Norra Hisingen, Julias Gata m fl;Direktdemokraterna;DD;1;0.20
2022;rd;14801017;Norra Hisingen, Julias Gata m fl;Feministiskt initiativ;FI;2;0.40
2022;rd;14801017;Norra Hisingen, Julias Gata m fl;Kristdemokraterna;KD;12;2.40
2022;rd;14801017;Norra Hisingen, Julias Gata m fl;Klimatalliansen;KLIMA;1;0.20
2022;rd;14801017;Norra Hisingen, Julias Gata m fl;Liberalerna (tidigare Folkpartiet);L;8;1.60
2022;rd;14801017;Norra Hisingen, Julias Gata m fl;Moderaterna;M;43;8.62
2022;rd;14801017;Norra Hisingen, Julias Gata m fl;Medborgerlig Samling;MED;1;0.20
2022;rd;14801017;Norra Hisingen, Julias Gata m fl;Miljöpartiet de gröna;MP;25;5.01
2022;rd;14801017;Norra Hisingen, Julias Gata m fl;Nordiska motståndsrörelsen;NMR;1;0.20
2022;rd;14801017;Norra Hisingen, Julias Gata m fl;Partiet Nyans;NYANS;37;7.41
2022;rd;14801017;Norra Hisingen, Julias Gata m fl;Piratpartiet;PP;1;0.20
2022;rd;14801017;Norra Hisingen, Julias Gata m fl;Arbetarepartiet-Socialdemokraterna;S;179;35.87
2022;rd;14801017;Norra Hisingen, Julias Gata m fl;Sverigedemokraterna;SD;50;10.02
2022;rd;14801017;Norra Hisingen, Julias Gata m fl;Vänsterpartiet;V;122;24.45
2022;rd;14801017;Norra Hisingen, Julias Gata m fl;övriga anmälda partier;ÖVR;0;0.00
2022;rd;14801018;Norra Hisingen, Blendas Gata m fl;Alternativ för Sverige;AFS;4;0.65
2022;rd;14801018;Norra Hisingen, Blendas Gata m fl;Centerpartiet;C;17;2.76
2022;rd;14801018;Norra Hisingen, Blendas Gata m fl;Kristdemokraterna;KD;22;3.58
2022;rd;14801018;Norra Hisingen, Blendas Gata m fl;Liberalerna (tidigare Folkpartiet);L;16;2.60
2022;rd;14801018;Norra Hisingen, Blendas Gata m fl;Moderaterna;M;73;11.87
2022;rd;14801018;Norra Hisingen, Blendas Gata m fl;Medborgerlig Samling;MED;5;0.81
2022;rd;14801018;Norra Hisingen, Blendas Gata m fl;MoD;MOD;2;0.33
2022;rd;14801018;Norra Hisingen, Blendas Gata m fl;Miljöpartiet de gröna;MP;17;2.76
2022;rd;14801018;Norra Hisingen, Blendas Gata m fl;Partiet Nyans;NYANS;14;2.28
2022;rd;14801018;Norra Hisingen, Blendas Gata m fl;Piratpartiet;PP;7;1.14
2022;rd;14801018;Norra Hisingen, Blendas Gata m fl;Arbetarepartiet-Socialdemokraterna;S;231;37.56
2022;rd;14801018;Norra Hisingen, Blendas Gata m fl;Sverigedemokraterna;SD;117;19.02
2022;rd;14801018;Norra Hisingen, Blendas Gata m fl;Vänsterpartiet;V;90;14.63
2022;rd;14801018;Norra Hisingen, Blendas Gata m fl;övriga anmälda partier;ÖVR;0;0.00
2022;rd;14801019;Norra Hisingen, Backa Södra;Alternativ för Sverige;AFS;5;0.65
2022;rd;14801019;Norra Hisingen, Backa Södra;Centerpartiet;C;26;3.39
2022;rd;14801019;Norra Hisingen, Backa Södra;Feministiskt initiativ;FI;1;0.13
2022;rd;14801019;Norra Hisingen, Backa Södra;Kristdemokraterna;KD;37;4.82
2022;rd;14801019;Norra Hisingen, Backa Södra;Liberalerna (tidigare Folkpartiet);L;25;3.26
2022;rd;14801019;Norra Hisingen, Backa Södra;Moderaterna;M;82;10.69
2022;rd;14801019;Norra Hisingen, Backa Södra;Medborgerlig Samling;MED;2;0.26
2022;rd;14801019;Norra Hisingen, Backa Södra;Miljöpartiet de gröna;MP;18;2.35
2022;rd;14801019;Norra Hisingen, Backa Södra;Partiet Nyans;NYANS;10;1.30
2022;rd;14801019;Norra Hisingen, Backa Södra;Piratpartiet;PP;2;0.26
2022;rd;14801019;Norra Hisingen, Backa Södra;Arbetarepartiet-Socialdemokraterna;S;293;38.20
2022;rd;14801019;Norra Hisingen, Backa Södra;Sverigedemokraterna;SD;141;18.38
2022;rd;14801019;Norra Hisingen, Backa Södra;Vänsterpartiet;V;125;16.30
2022;rd;14801019;Norra Hisingen, Backa Södra;övriga anmälda partier;ÖVR;0;0.00
2022;rd;14801020;Norra Hisingen, Backa Norra;Alternativ för Sverige;AFS;1;0.18
2022;rd;14801020;Norra Hisingen, Backa Norra;Basinkomstpartiet;BASIP;1;0.18
2022;rd;14801020;Norra Hisingen, Backa Norra;Centerpartiet;C;20;3.54
2022;rd;14801020;Norra Hisingen, Backa Norra;Feministiskt initiativ;FI;3;0.53
2022;rd;14801020;Norra Hisingen, Backa Norra;Kristdemokraterna;KD;19;3.36
2022;rd;14801020;Norra Hisingen, Backa Norra;Knapptryckarna;KNAPP;1;0.18
2022;rd;14801020;Norra Hisingen, Backa Norra;Liberalerna (tidigare Folkpartiet);L;15;2.65
2022;rd;14801020;Norra Hisingen, Backa Norra;Moderaterna;M;65;11.50
2022;rd;14801020;Norra Hisingen, Backa Norra;Medborgerlig Samling;MED;1;0.18
2022;rd;14801020;Norra Hisingen, Backa Norra;MoD;MOD;4;0.71
2022;rd;14801020;Norra Hisingen, Backa Norra;Miljöpartiet de gröna;MP;25;4.42
2022;rd;14801020;Norra Hisingen, Backa Norra;Partiet Nyans;NYANS;7;1.24
2022;rd;14801020;Norra Hisingen, Backa Norra;Piratpartiet;PP;2;0.35
2022;rd;14801020;Norra Hisingen, Backa Norra;Arbetarepartiet-Socialdemokraterna;S;219;38.76
2022;rd;14801020;Norra Hisingen, Backa Norra;Sverigedemokraterna;SD;94;16.64
2022;rd;14801020;Norra Hisingen, Backa Norra;Vänsterpartiet;V;88;15.58
2022;rd;14801020;Norra Hisingen, Backa Norra;övriga anmälda partier;ÖVR;0;0.00
2022;rd;14801021;Norra Hisingen, Bällskär;Alternativ för Sverige;AFS;1;0.12
2022;rd;14801021;Norra Hisingen, Bällskär;Centerpartiet;C;46;5.35
2022;rd;14801021;Norra Hisingen, Bällskär;Direktdemokraterna;DD;1;0.12
2022;rd;14801021;Norra Hisingen, Bällskär;Förenade Demokratiska Partiet;FDP;1;0.12
2022;rd;14801021;Norra Hisingen, Bällskär;Kristdemokraterna;KD;31;3.60
2022;rd;14801021;Norra Hisingen, Bällskär;Knapptryckarna;KNAPP;1;0.12
2022;rd;14801021;Norra Hisingen, Bällskär;Kristna Värdepartiet;KRVP;2;0.23
2022;rd;14801021;Norra Hisingen, Bällskär;Liberalerna (tidigare Folkpartiet);L;38;4.42
2022;rd;14801021;Norra Hisingen, Bällskär;Moderaterna;M;169;19.65
2022;rd;14801021;Norra Hisingen, Bällskär;MoD;MOD;1;0.12
2022;rd;14801021;Norra Hisingen, Bällskär;Miljöpartiet de gröna;MP;23;2.67
2022;rd;14801021;Norra Hisingen, Bällskär;Partiet Nyans;NYANS;10;1.16
2022;rd;14801021;Norra Hisingen, Bällskär;Piratpartiet;PP;2;0.23
2022;rd;14801021;Norra Hisingen, Bällskär;Arbetarepartiet-Socialdemokraterna;S;300;34.88
2022;rd;14801021;Norra Hisingen, Bällskär;Sverigedemokraterna;SD;151;17.56
2022;rd;14801021;Norra Hisingen, Bällskär;Stram Kurs Sverige;SKS;1;0.12
2022;rd;14801021;Norra Hisingen, Bällskär;Vänsterpartiet;V;82;9.53
2022;rd;14801021;Norra Hisingen, Bällskär;övriga anmälda partier;ÖVR;0;0.00
2022;rd;14801022;Norra Hisingen, Tingstad;Alternativ för Sverige;AFS;2;0.30
2022;rd;14801022;Norra Hisingen, Tingstad;Centerpartiet;C;20;3.01
2022;rd;14801022;Norra Hisingen, Tingstad;Kristdemokraterna;KD;23;3.46
2022;rd;14801022;Norra Hisingen, Tingstad;Knapptryckarna;KNAPP;1;0.15
2022;rd;14801022;Norra Hisingen, Tingstad;Kristna Värdepartiet;KRVP;1;0.15
2022;rd;14801022;Norra Hisingen, Tingstad;Liberalerna (tidigare Folkpartiet);L;17;2.56
2022;rd;14801022;Norra Hisingen, Tingstad;Moderaterna;M;95;14.31
2022;rd;14801022;Norra Hisingen, Tingstad;Medborgerlig Samling;MED;1;0.15
2022;rd;14801022;Norra Hisingen, Tingstad;Miljöpartiet de gröna;MP;20;3.01
2022;rd;14801022;Norra Hisingen, Tingstad;Partiet Nyans;NYANS;22;3.31
2022;rd;14801022;Norra Hisingen, Tingstad;Arbetarepartiet-Socialdemokraterna;S;217;32.68
2022;rd;14801022;Norra Hisingen, Tingstad;Sverigedemokraterna;SD;132;19.88
2022;rd;14801022;Norra Hisingen, Tingstad;Vänsterpartiet;V;112;16.87
2022;rd;14801022;Norra Hisingen, Tingstad;Valsamverkanspartiet;VSP;1;0.15
2022;rd;14801022;Norra Hisingen, Tingstad;övriga anmälda partier;ÖVR;0;0.00
2022;rd;14801023;Norra Hisingen, Brunnsbo Södra;Alternativ för Sverige;AFS;3;0.35
2022;rd;14801023;Norra Hisingen, Brunnsbo Södra;Centerpartiet;C;29;3.36
2022;rd;14801023;Norra Hisingen, Brunnsbo Södra;Direktdemokraterna;DD;2;0.23
2022;rd;14801023;Norra Hisingen, Brunnsbo Södra;Feministiskt initiativ;FI;1;0.12
2022;rd;14801023;Norra Hisingen, Brunnsbo Södra;Kristdemokraterna;KD;12;1.39
2022;rd;14801023;Norra Hisingen, Brunnsbo Södra;Klassiskt liberala partiet;KLP;1;0.12
2022;rd;14801023;Norra Hisingen, Brunnsbo Södra;Liberalerna (tidigare Folkpartiet);L;11;1.27
2022;rd;14801023;Norra Hisingen, Brunnsbo Södra;Moderaterna;M;72;8.33
2022;rd;14801023;Norra Hisingen, Brunnsbo Södra;MoD;MOD;1;0.12
2022;rd;14801023;Norra Hisingen, Brunnsbo Södra;Miljöpartiet de gröna;MP;38;4.40
2022;rd;14801023;Norra Hisingen, Brunnsbo Södra;Nordiska motståndsrörelsen;NMR;1;0.12
2022;rd;14801023;Norra Hisingen, Brunnsbo Södra;Partiet Nyans;NYANS;53;6.13
2022;rd;14801023;Norra Hisingen, Brunnsbo Södra;Piratpartiet;PP;3;0.35
2022;rd;14801023;Norra Hisingen, Brunnsbo Södra;Arbetarepartiet-Socialdemokraterna;S;338;39.12
2022;rd;14801023;Norra Hisingen, Brunnsbo Södra;Sverigedemokraterna;SD;145;16.78
2022;rd;14801023;Norra Hisingen, Brunnsbo Södra;SKP;SKP;1;0.12
2022;rd;14801023;Norra Hisingen, Brunnsbo Södra;Vänsterpartiet;V;153;17.71
2022;rd;14801023;Norra Hisingen, Brunnsbo Södra;övriga anmälda partier;ÖVR;0;0.00
2022;rd;14801024;Norra Hisingen, Folkvisegatan m fl;Alternativ för Sverige;AFS;3;0.59
2022;rd;14801024;Norra Hisingen, Folkvisegatan m fl;Centerpartiet;C;14;2.76
2022;rd;14801024;Norra Hisingen, Folkvisegatan m fl;Kristdemokraterna;KD;18;3.55
2022;rd;14801024;Norra Hisingen, Folkvisegatan m fl;Liberalerna (tidigare Folkpartiet);L;14;2.76
2022;rd;14801024;Norra Hisingen, Folkvisegatan m fl;Moderaterna;M;57;11.24
2022;rd;14801024;Norra Hisingen, Folkvisegatan m fl;MoD;MOD;1;0.20
2022;rd;14801024;Norra Hisingen, Folkvisegatan m fl;Miljöpartiet de gröna;MP;30;5.92
2022;rd;14801024;Norra Hisingen, Folkvisegatan m fl;Partiet Nyans;NYANS;20;3.94
2022;rd;14801024;Norra Hisingen, Folkvisegatan m fl;Arbetarepartiet-Socialdemokraterna;S;173;34.12
2022;rd;14801024;Norra Hisingen, Folkvisegatan m fl;Sverigedemokraterna;SD;105;20.71
2022;rd;14801024;Norra Hisingen, Folkvisegatan m fl;Vänsterpartiet;V;72;14.20
2022;rd;14801024;Norra Hisingen, Folkvisegatan m fl;övriga anmälda partier;ÖVR;0;0.00
2022;rd;14801025;Norra Hisingen, Brunnsbo Norra;Alternativ för Sverige;AFS;1;0.14
2022;rd;14801025;Norra Hisingen, Brunnsbo Norra;Centerpartiet;C;46;6.23
2022;rd;14801025;Norra Hisingen, Brunnsbo Norra;Kristdemokraterna;KD;33;4.47
2022;rd;14801025;Norra Hisingen, Brunnsbo Norra;Liberalerna (tidigare Folkpartiet);L;33;4.47
2022;rd;14801025;Norra Hisingen, Brunnsbo Norra;Moderaterna;M;125;16.94
2022;rd;14801025;Norra Hisingen, Brunnsbo Norra;Medborgerlig Samling;MED;1;0.14
2022;rd;14801025;Norra Hisingen, Brunnsbo Norra;MoD;MOD;2;0.27
2022;rd;14801025;Norra Hisingen, Brunnsbo Norra;Miljöpartiet de gröna;MP;45;6.10
2022;rd;14801025;Norra Hisingen, Brunnsbo Norra;Partiet Nyans;NYANS;7;0.95
2022;rd;14801025;Norra Hisingen, Brunnsbo Norra;Piratpartiet;PP;2;0.27
2022;rd;14801025;Norra Hisingen, Brunnsbo Norra;Arbetarepartiet-Socialdemokraterna;S;228;30.89
2022;rd;14801025;Norra Hisingen, Brunnsbo Norra;Sverigedemokraterna;SD;134;18.16
2022;rd;14801025;Norra Hisingen, Brunnsbo Norra;SKP;SKP;1;0.14
2022;rd;14801025;Norra Hisingen, Brunnsbo Norra;Vänsterpartiet;V;80;10.84
2022;rd;14801025;Norra Hisingen, Brunnsbo Norra;övriga anmälda partier;ÖVR;0;0.00
2022;rd;14801026;Norra Hisingen, Aröd;Alternativ för Sverige;AFS;1;0.12
2022;rd;14801026;Norra Hisingen, Aröd;Centerpartiet;C;69;8.50
2022;rd;14801026;Norra Hisingen, Aröd;Direktdemokraterna;DD;1;0.12
2022;rd;14801026;Norra Hisingen, Aröd;Feministiskt initiativ;FI;1;0.12
2022;rd;14801026;Norra Hisingen, Aröd;Kristdemokraterna;KD;52;6.40
2022;rd;14801026;Norra Hisingen, Aröd;Liberalerna (tidigare Folkpartiet);L;43;5.30
2022;rd;14801026;Norra Hisingen, Aröd;Moderaterna;M;157;19.33
2022;rd;14801026;Norra Hisingen, Aröd;Medborgerlig Samling;MED;1;0.12
2022;rd;14801026;Norra Hisingen, Aröd;MoD;MOD;1;0.12
2022;rd;14801026;Norra Hisingen, Aröd;Miljöpartiet de gröna;MP;57;7.02
2022;rd;14801026;Norra Hisingen, Aröd;Partiet Nyans;NYANS;5;0.62
2022;rd;14801026;Norra Hisingen, Aröd;Politiskt Skifte;POLSK;1;0.12
2022;rd;14801026;Norra Hisingen, Aröd;Arbetarepartiet-Socialdemokraterna;S;223;27.46
2022;rd;14801026;Norra Hisingen, Aröd;Sverigedemokraterna;SD;120;14.78
2022;rd;14801026;Norra Hisingen, Aröd;Vänsterpartiet;V;80;9.85
2022;rd;14801026;Norra Hisingen, Aröd;övriga anmälda partier;ÖVR;0;0.00
2022;rd;14801027;Norra Hisingen, Tuve Södra;Alternativ för Sverige;AFS;6;0.62
2022;rd;14801027;Norra Hisingen, Tuve Södra;Centerpartiet;C;68;7.08
2022;rd;14801027;Norra Hisingen, Tuve Södra;Feministiskt initiativ;FI;1;0.10
2022;rd;14801027;Norra Hisingen, Tuve Södra;Kristdemokraterna;KD;43;4.48
2022;rd;14801027;Norra Hisingen, Tuve Södra;Knapptryckarna;KNAPP;1;0.10
2022;rd;14801027;Norra Hisingen, Tuve Södra;Liberalerna (tidigare Folkpartiet);L;59;6.15
2022;rd;14801027;Norra Hisingen, Tuve Södra;Moderaterna;M;200;20.83
2022;rd;14801027;Norra Hisingen, Tuve Södra;Medborgerlig Samling;MED;4;0.42
2022;rd;14801027;Norra Hisingen, Tuve Södra;MoD;MOD;2;0.21
2022;rd;14801027;Norra Hisingen, Tuve Södra;Miljöpartiet de gröna;MP;63;6.56
2022;rd;14801027;Norra Hisingen, Tuve Södra;Partiet Nyans;NYANS;5;0.52
2022;rd;14801027;Norra Hisingen, Tuve Södra;Piratpartiet;PP;2;0.21
2022;rd;14801027;Norra Hisingen, Tuve Södra;Arbetarepartiet-Socialdemokraterna;S;266;27.71
2022;rd;14801027;Norra Hisingen, Tuve Södra;Sverigedemokraterna;SD;182;18.96
2022;rd;14801027;Norra Hisingen, Tuve Södra;Vänsterpartiet;V;58;6.04
2022;rd;14801027;Norra Hisingen, Tuve Södra;övriga anmälda partier;ÖVR;0;0.00
2022;rd;14801028;Norra Hisingen, Gunnestorp;Centerpartiet;C;43;5.04
2022;rd;14801028;Norra Hisingen, Gunnestorp;Kristdemokraterna;KD;26;3.04
2022;rd;14801028;Norra Hisingen, Gunnestorp;Liberalerna (tidigare Folkpartiet);L;42;4.92
2022;rd;14801028;Norra Hisingen, Gunnestorp;Moderaterna;M;173;20.26
2022;rd;14801028;Norra Hisingen, Gunnestorp;Medborgerlig Samling;MED;1;0.12
2022;rd;14801028;Norra Hisingen, Gunnestorp;Miljöpartiet de gröna;MP;47;5.50
2022;rd;14801028;Norra Hisingen, Gunnestorp;Partiet Nyans;NYANS;3;0.35
2022;rd;14801028;Norra Hisingen, Gunnestorp;Arbetarepartiet-Socialdemokraterna;S;281;32.90
2022;rd;14801028;Norra Hisingen, Gunnestorp;Sverigedemokraterna;SD;174;20.37
2022;rd;14801028;Norra Hisingen, Gunnestorp;Vänsterpartiet;V;64;7.49
2022;rd;14801028;Norra Hisingen, Gunnestorp;övriga anmälda partier;ÖVR;0;0.00
2022;rd;14801029;Norra Hisingen, Arvesgärde m fl;Alternativ för Sverige;AFS;4;0.45
2022;rd;14801029;Norra Hisingen, Arvesgärde m fl;Centerpartiet;C;32;3.56
2022;rd;14801029;Norra Hisingen, Arvesgärde m fl;Feministiskt initiativ;FI;1;0.11
2022;rd;14801029;Norra Hisingen, Arvesgärde m fl;Kristdemokraterna;KD;38;4.23
2022;rd;14801029;Norra Hisingen, Arvesgärde m fl;Klimatalliansen;KLIMA;2;0.22
2022;rd;14801029;Norra Hisingen, Arvesgärde m fl;Knapptryckarna;KNAPP;1;0.11
2022;rd;14801029;Norra Hisingen, Arvesgärde m fl;Kristna Värdepartiet;KRVP;1;0.11
2022;rd;14801029;Norra Hisingen, Arvesgärde m fl;Liberalerna (tidigare Folkpartiet);L;29;3.23
2022;rd;14801029;Norra Hisingen, Arvesgärde m fl;Moderaterna;M;144;16.04
2022;rd;14801029;Norra Hisingen, Arvesgärde m fl;Medborgerlig Samling;MED;1;0.11
2022;rd;14801029;Norra Hisingen, Arvesgärde m fl;Miljöpartiet de gröna;MP;34;3.79
2022;rd;14801029;Norra Hisingen, Arvesgärde m fl;Partiet Nyans;NYANS;5;0.56
2022;rd;14801029;Norra Hisingen, Arvesgärde m fl;Piratpartiet;PP;1;0.11
2022;rd;14801029;Norra Hisingen, Arvesgärde m fl;Arbetarepartiet-Socialdemokraterna;S;325;36.19
2022;rd;14801029;Norra Hisingen, Arvesgärde m fl;Sverigedemokraterna;SD;201;22.38
2022;rd;14801029;Norra Hisingen, Arvesgärde m fl;Vänsterpartiet;V;79;8.80
2022;rd;14801029;Norra Hisingen, Arvesgärde m fl;övriga anmälda partier;ÖVR;0;0.00
2022;rd;14801030;Norra Hisingen, Glöstorp;Alternativ för Sverige;AFS;1;0.11
2022;rd;14801030;Norra Hisingen, Glöstorp;Centerpartiet;C;58;6.60
2022;rd;14801030;Norra Hisingen, Glöstorp;Direktdemokraterna;DD;1;0.11
2022;rd;14801030;Norra Hisingen, Glöstorp;Feministiskt initiativ;FI;2;0.23
2022;rd;14801030;Norra Hisingen, Glöstorp;Kristdemokraterna;KD;33;3.75
2022;rd;14801030;Norra Hisingen, Glöstorp;Knapptryckarna;KNAPP;1;0.11
2022;rd;14801030;Norra Hisingen, Glöstorp;Liberalerna (tidigare Folkpartiet);L;34;3.87
2022;rd;14801030;Norra Hisingen, Glöstorp;Moderaterna;M;157;17.86
2022;rd;14801030;Norra Hisingen, Glöstorp;Miljöpartiet de gröna;MP;31;3.53
2022;rd;14801030;Norra Hisingen, Glöstorp;Partiet Nyans;NYANS;4;0.46
2022;rd;14801030;Norra Hisingen, Glöstorp;Arbetarepartiet-Socialdemokraterna;S;322;36.63
2022;rd;14801030;Norra Hisingen, Glöstorp;Sverigedemokraterna;SD;168;19.11
2022;rd;14801030;Norra Hisingen, Glöstorp;Vänsterpartiet;V;67;7.62
2022;rd;14801030;Norra Hisingen, Glöstorp;övriga anmälda partier;ÖVR;0;0.00
2022;rd;14801031;Norra Hisingen, Tuve Norra;Alternativ för Sverige;AFS;1;0.17
2022;rd;14801031;Norra Hisingen, Tuve Norra;Centerpartiet;C;26;4.33
2022;rd;14801031;Norra Hisingen, Tuve Norra;Feministiskt initiativ;FI;1;0.17
2022;rd;14801031;Norra Hisingen, Tuve Norra;Kristdemokraterna;KD;33;5.50
2022;rd;14801031;Norra Hisingen, Tuve Norra;Knapptryckarna;KNAPP;1;0.17
2022;rd;14801031;Norra Hisingen, Tuve Norra;Liberalerna (tidigare Folkpartiet);L;28;4.67
2022;rd;14801031;Norra Hisingen, Tuve Norra;Moderaterna;M;106;17.67
2022;rd;14801031;Norra Hisingen, Tuve Norra;MoD;MOD;1;0.17
2022;rd;14801031;Norra Hisingen, Tuve Norra;Miljöpartiet de gröna;MP;44;7.33
2022;rd;14801031;Norra Hisingen, Tuve Norra;Partiet Nyans;NYANS;5;0.83
2022;rd;14801031;Norra Hisingen, Tuve Norra;Piratpartiet;PP;1;0.17
2022;rd;14801031;Norra Hisingen, Tuve Norra;Arbetarepartiet-Socialdemokraterna;S;167;27.83
2022;rd;14801031;Norra Hisingen, Tuve Norra;Sverigedemokraterna;SD;127;21.17
2022;rd;14801031;Norra Hisingen, Tuve Norra;Vänsterpartiet;V;59;9.83
2022;rd;14801031;Norra Hisingen, Tuve Norra;övriga anmälda partier;ÖVR;0;0.00
2022;rd;14801032;Norra Hisingen, Norumshöjd;Alternativ för Sverige;AFS;1;0.13
2022;rd;14801032;Norra Hisingen, Norumshöjd;Centerpartiet;C;21;2.73
2022;rd;14801032;Norra Hisingen, Norumshöjd;Feministiskt initiativ;FI;3;0.39
2022;rd;14801032;Norra Hisingen, Norumshöjd;Kalle ankapartiet;KALLE;1;0.13
2022;rd;14801032;Norra Hisingen, Norumshöjd;Kristdemokraterna;KD;22;2.86
2022;rd;14801032;Norra Hisingen, Norumshöjd;Kristna Värdepartiet;KRVP;3;0.39
2022;rd;14801032;Norra Hisingen, Norumshöjd;Liberalerna (tidigare Folkpartiet);L;16;2.08
2022;rd;14801032;Norra Hisingen, Norumshöjd;Moderaterna;M;63;8.20
2022;rd;14801032;Norra Hisingen, Norumshöjd;Medborgerlig Samling;MED;2;0.26
2022;rd;14801032;Norra Hisingen, Norumshöjd;MoD;MOD;1;0.13
2022;rd;14801032;Norra Hisingen, Norumshöjd;Miljöpartiet de gröna;MP;32;4.17
2022;rd;14801032;Norra Hisingen, Norumshöjd;Partiet Nyans;NYANS;27;3.52
2022;rd;14801032;Norra Hisingen, Norumshöjd;Piratpartiet;PP;4;0.52
2022;rd;14801032;Norra Hisingen, Norumshöjd;Arbetarepartiet-Socialdemokraterna;S;266;34.64
2022;rd;14801032;Norra Hisingen, Norumshöjd;Sverigedemokraterna;SD;167;21.74
2022;rd;14801032;Norra Hisingen, Norumshöjd;SKP;SKP;1;0.13
2022;rd;14801032;Norra Hisingen, Norumshöjd;Vänsterpartiet;V;138;17.97
2022;rd;14801032;Norra Hisingen, Norumshöjd;övriga anmälda partier;ÖVR;0;0.00
2022;rd;14801033;Norra Hisingen, Tången;Centerpartiet;C;63;6.30
2022;rd;14801033;Norra Hisingen, Tången;Det minst dåliga partiet;DMDP;1;0.10
2022;rd;14801033;Norra Hisingen, Tången;Kristdemokraterna;KD;36;3.60
2022;rd;14801033;Norra Hisingen, Tången;Liberalerna (tidigare Folkpartiet);L;62;6.20
2022;rd;14801033;Norra Hisingen, Tången;Moderaterna;M;223;22.30
2022;rd;14801033;Norra Hisingen, Tången;Medborgerlig Samling;MED;2;0.20
2022;rd;14801033;Norra Hisingen, Tången;MoD;MOD;1;0.10
2022;rd;14801033;Norra Hisingen, Tången;Miljöpartiet de gröna;MP;64;6.40
2022;rd;14801033;Norra Hisingen, Tången;Partiet Nyans;NYANS;6;0.60
2022;rd;14801033;Norra Hisingen, Tången;Arbetarepartiet-Socialdemokraterna;S;315;31.50
2022;rd;14801033;Norra Hisingen, Tången;Sverigedemokraterna;SD;162;16.20
2022;rd;14801033;Norra Hisingen, Tången;Vänsterpartiet;V;65;6.50
2022;rd;14801033;Norra Hisingen, Tången;övriga anmälda partier;ÖVR;0;0.00
2022;rd;14801034;Norra Hisingen, Säve;Alternativ för Sverige;AFS;1;0.09
2022;rd;14801034;Norra Hisingen, Säve;Centerpartiet;C;66;6.07
2022;rd;14801034;Norra Hisingen, Säve;Kristdemokraterna;KD;61;5.61
2022;rd;14801034;Norra Hisingen, Säve;Knapptryckarna;KNAPP;1;0.09
2022;rd;14801034;Norra Hisingen, Säve;Liberalerna (tidigare Folkpartiet);L;65;5.98
2022;rd;14801034;Norra Hisingen, Säve;Landsbygdspartiet Oberoende;LPO;1;0.09
2022;rd;14801034;Norra Hisingen, Säve;Moderaterna;M;208;19.14
2022;rd;14801034;Norra Hisingen, Säve;Medborgerlig Samling;MED;2;0.18
2022;rd;14801034;Norra Hisingen, Säve;Miljöpartiet de gröna;MP;36;3.31
2022;rd;14801034;Norra Hisingen, Säve;Partiet Nyans;NYANS;3;0.28
2022;rd;14801034;Norra Hisingen, Säve;Arbetarepartiet-Socialdemokraterna;S;293;26.95
2022;rd;14801034;Norra Hisingen, Säve;Sverigedemokraterna;SD;299;27.51
2022;rd;14801034;Norra Hisingen, Säve;Vänsterpartiet;V;51;4.69
2022;rd;14801034;Norra Hisingen, Säve;övriga anmälda partier;ÖVR;0;0.00
