ar;val;kod;namn;kon;medborgarskap;aldersgrupp;antal
2018;rf;14801011;Majorna-Linné, Gröna Vallen;Män;Svenska medborgare;18-29 förstagångsväljare;25
2018;rf;14801011;Majorna-Linné, Gröna Vallen;Kvinnor;Svenska medborgare;18-29 förstagångsväljare;25
2018;rf;14801011;Majorna-Linné, Gröna Vallen;Män;Ej svenska medborgare;18-29 förstagångsväljare;4
2018;rf;14801011;Majorna-Linné, Gröna Vallen;Kvinnor;Ej svenska medborgare;18-29 förstagångsväljare;1
2018;rf;14801011;Majorna-Linné, Gröna Vallen;Män;Svenska medborgare;18-29 ej förstagångsväljare;95
2018;rf;14801011;Majorna-Linné, Gröna Vallen;Kvinnor;Svenska medborgare;18-29 ej förstagångsväljare;112
2018;rf;14801011;Majorna-Linné, Gröna Vallen;Män;Ej svenska medborgare;18-29 ej förstagångsväljare;7
2018;rf;14801011;Majorna-Linné, Gröna Vallen;Kvinnor;Ej svenska medborgare;18-29 ej förstagångsväljare;9
2018;rf;14801011;Majorna-Linné, Gröna Vallen;Män;Svenska medborgare;30-49;261
2018;rf;14801011;Majorna-Linné, Gröna Vallen;Kvinnor;Svenska medborgare;30-49;287
2018;rf;14801011;Majorna-Linné, Gröna Vallen;Män;Ej svenska medborgare;30-49;25
2018;rf;14801011;Majorna-Linné, Gröna Vallen;Kvinnor;Ej svenska medborgare;30-49;12
2018;rf;14801011;Majorna-Linné, Gröna Vallen;Män;Svenska medborgare;50-64;141
2018;rf;14801011;Majorna-Linné, Gröna Vallen;Kvinnor;Svenska medborgare;50-64;176
2018;rf;14801011;Majorna-Linné, Gröna Vallen;Män;Ej svenska medborgare;50-64;9
2018;rf;14801011;Majorna-Linné, Gröna Vallen;Kvinnor;Ej svenska medborgare;50-64;7
2018;rf;14801011;Majorna-Linné, Gröna Vallen;Män;Svenska medborgare;65-;74
2018;rf;14801011;Majorna-Linné, Gröna Vallen;Kvinnor;Svenska medborgare;65-;86
2018;rf;14801011;Majorna-Linné, Gröna Vallen;Män;Ej svenska medborgare;65-;8
2018;rf;14801011;Majorna-Linné, Gröna Vallen;Kvinnor;Ej svenska medborgare;65-;7
2018;rf;14801012;Majorna-Linné, Klippan;Män;Svenska medborgare;18-29 förstagångsväljare;17
2018;rf;14801012;Majorna-Linné, Klippan;Kvinnor;Svenska medborgare;18-29 förstagångsväljare;22
2018;rf;14801012;Majorna-Linné, Klippan;Män;Ej svenska medborgare;18-29 förstagångsväljare;0
2018;rf;14801012;Majorna-Linné, Klippan;Kvinnor;Ej svenska medborgare;18-29 förstagångsväljare;1
2018;rf;14801012;Majorna-Linné, Klippan;Män;Svenska medborgare;18-29 ej förstagångsväljare;73
2018;rf;14801012;Majorna-Linné, Klippan;Kvinnor;Svenska medborgare;18-29 ej förstagångsväljare;84
2018;rf;14801012;Majorna-Linné, Klippan;Män;Ej svenska medborgare;18-29 ej förstagångsväljare;6
2018;rf;14801012;Majorna-Linné, Klippan;Kvinnor;Ej svenska medborgare;18-29 ej förstagångsväljare;8
2018;rf;14801012;Majorna-Linné, Klippan;Män;Svenska medborgare;30-49;207
2018;rf;14801012;Majorna-Linné, Klippan;Kvinnor;Svenska medborgare;30-49;228
2018;rf;14801012;Majorna-Linné, Klippan;Män;Ej svenska medborgare;30-49;19
2018;rf;14801012;Majorna-Linné, Klippan;Kvinnor;Ej svenska medborgare;30-49;17
2018;rf;14801012;Majorna-Linné, Klippan;Män;Svenska medborgare;50-64;132
2018;rf;14801012;Majorna-Linné, Klippan;Kvinnor;Svenska medborgare;50-64;160
2018;rf;14801012;Majorna-Linné, Klippan;Män;Ej svenska medborgare;50-64;4
2018;rf;14801012;Majorna-Linné, Klippan;Kvinnor;Ej svenska medborgare;50-64;3
2018;rf;14801012;Majorna-Linné, Klippan;Män;Svenska medborgare;65-;92
2018;rf;14801012;Majorna-Linné, Klippan;Kvinnor;Svenska medborgare;65-;102
2018;rf;14801012;Majorna-Linné, Klippan;Män;Ej svenska medborgare;65-;3
2018;rf;14801012;Majorna-Linné, Klippan;Kvinnor;Ej svenska medborgare;65-;2
2018;rf;14801013;Majorna-Linné, Kungsladugård, Västra;Män;Svenska medborgare;18-29 förstagångsväljare;19
2018;rf;14801013;Majorna-Linné, Kungsladugård, Västra;Kvinnor;Svenska medborgare;18-29 förstagångsväljare;29
2018;rf;14801013;Majorna-Linné, Kungsladugård, Västra;Män;Ej svenska medborgare;18-29 förstagångsväljare;0
2018;rf;14801013;Majorna-Linné, Kungsladugård, Västra;Kvinnor;Ej svenska medborgare;18-29 förstagångsväljare;1
2018;rf;14801013;Majorna-Linné, Kungsladugård, Västra;Män;Svenska medborgare;18-29 ej förstagångsväljare;140
2018;rf;14801013;Majorna-Linné, Kungsladugård, Västra;Kvinnor;Svenska medborgare;18-29 ej förstagångsväljare;168
2018;rf;14801013;Majorna-Linné, Kungsladugård, Västra;Män;Ej svenska medborgare;18-29 ej förstagångsväljare;5
2018;rf;14801013;Majorna-Linné, Kungsladugård, Västra;Kvinnor;Ej svenska medborgare;18-29 ej förstagångsväljare;10
2018;rf;14801013;Majorna-Linné, Kungsladugård, Västra;Män;Svenska medborgare;30-49;206
2018;rf;14801013;Majorna-Linné, Kungsladugård, Västra;Kvinnor;Svenska medborgare;30-49;251
2018;rf;14801013;Majorna-Linné, Kungsladugård, Västra;Män;Ej svenska medborgare;30-49;18
2018;rf;14801013;Majorna-Linné, Kungsladugård, Västra;Kvinnor;Ej svenska medborgare;30-49;11
2018;rf;14801013;Majorna-Linné, Kungsladugård, Västra;Män;Svenska medborgare;50-64;104
2018;rf;14801013;Majorna-Linné, Kungsladugård, Västra;Kvinnor;Svenska medborgare;50-64;155
2018;rf;14801013;Majorna-Linné, Kungsladugård, Västra;Män;Ej svenska medborgare;50-64;7
2018;rf;14801013;Majorna-Linné, Kungsladugård, Västra;Kvinnor;Ej svenska medborgare;50-64;5
2018;rf;14801013;Majorna-Linné, Kungsladugård, Västra;Män;Svenska medborgare;65-;51
2018;rf;14801013;Majorna-Linné, Kungsladugård, Västra;Kvinnor;Svenska medborgare;65-;81
2018;rf;14801013;Majorna-Linné, Kungsladugård, Västra;Män;Ej svenska medborgare;65-;4
2018;rf;14801013;Majorna-Linné, Kungsladugård, Västra;Kvinnor;Ej svenska medborgare;65-;1
2018;rf;14801014;Majorna-Linné, Kungsladugård, Östra;Män;Svenska medborgare;18-29 förstagångsväljare;16
2018;rf;14801014;Majorna-Linné, Kungsladugård, Östra;Kvinnor;Svenska medborgare;18-29 förstagångsväljare;21
2018;rf;14801014;Majorna-Linné, Kungsladugård, Östra;Män;Ej svenska medborgare;18-29 förstagångsväljare;1
2018;rf;14801014;Majorna-Linné, Kungsladugård, Östra;Kvinnor;Ej svenska medborgare;18-29 förstagångsväljare;0
2018;rf;14801014;Majorna-Linné, Kungsladugård, Östra;Män;Svenska medborgare;18-29 ej förstagångsväljare;99
2018;rf;14801014;Majorna-Linné, Kungsladugård, Östra;Kvinnor;Svenska medborgare;18-29 ej förstagångsväljare;113
2018;rf;14801014;Majorna-Linné, Kungsladugård, Östra;Män;Ej svenska medborgare;18-29 ej förstagångsväljare;5
2018;rf;14801014;Majorna-Linné, Kungsladugård, Östra;Kvinnor;Ej svenska medborgare;18-29 ej förstagångsväljare;10
2018;rf;14801014;Majorna-Linné, Kungsladugård, Östra;Män;Svenska medborgare;30-49;271
2018;rf;14801014;Majorna-Linné, Kungsladugård, Östra;Kvinnor;Svenska medborgare;30-49;246
2018;rf;14801014;Majorna-Linné, Kungsladugård, Östra;Män;Ej svenska medborgare;30-49;17
2018;rf;14801014;Majorna-Linné, Kungsladugård, Östra;Kvinnor;Ej svenska medborgare;30-49;20
2018;rf;14801014;Majorna-Linné, Kungsladugård, Östra;Män;Svenska medborgare;50-64;97
2018;rf;14801014;Majorna-Linné, Kungsladugård, Östra;Kvinnor;Svenska medborgare;50-64;107
2018;rf;14801014;Majorna-Linné, Kungsladugård, Östra;Män;Ej svenska medborgare;50-64;7
2018;rf;14801014;Majorna-Linné, Kungsladugård, Östra;Kvinnor;Ej svenska medborgare;50-64;4
2018;rf;14801014;Majorna-Linné, Kungsladugård, Östra;Män;Svenska medborgare;65-;47
2018;rf;14801014;Majorna-Linné, Kungsladugård, Östra;Kvinnor;Svenska medborgare;65-;75
2018;rf;14801014;Majorna-Linné, Kungsladugård, Östra;Män;Ej svenska medborgare;65-;3
2018;rf;14801014;Majorna-Linné, Kungsladugård, Östra;Kvinnor;Ej svenska medborgare;65-;2
2018;rf;14801015;Majorna-Linné, Mariaplan;Män;Svenska medborgare;18-29 förstagångsväljare;22
2018;rf;14801015;Majorna-Linné, Mariaplan;Kvinnor;Svenska medborgare;18-29 förstagångsväljare;20
2018;rf;14801015;Majorna-Linné, Mariaplan;Män;Ej svenska medborgare;18-29 förstagångsväljare;3
2018;rf;14801015;Majorna-Linné, Mariaplan;Kvinnor;Ej svenska medborgare;18-29 förstagångsväljare;0
2018;rf;14801015;Majorna-Linné, Mariaplan;Män;Svenska medborgare;18-29 ej förstagångsväljare;68
2018;rf;14801015;Majorna-Linné, Mariaplan;Kvinnor;Svenska medborgare;18-29 ej förstagångsväljare;89
2018;rf;14801015;Majorna-Linné, Mariaplan;Män;Ej svenska medborgare;18-29 ej förstagångsväljare;5
2018;rf;14801015;Majorna-Linné, Mariaplan;Kvinnor;Ej svenska medborgare;18-29 ej förstagångsväljare;11
2018;rf;14801015;Majorna-Linné, Mariaplan;Män;Svenska medborgare;30-49;224
2018;rf;14801015;Majorna-Linné, Mariaplan;Kvinnor;Svenska medborgare;30-49;266
2018;rf;14801015;Majorna-Linné, Mariaplan;Män;Ej svenska medborgare;30-49;20
2018;rf;14801015;Majorna-Linné, Mariaplan;Kvinnor;Ej svenska medborgare;30-49;11
2018;rf;14801015;Majorna-Linné, Mariaplan;Män;Svenska medborgare;50-64;125
2018;rf;14801015;Majorna-Linné, Mariaplan;Kvinnor;Svenska medborgare;50-64;136
2018;rf;14801015;Majorna-Linné, Mariaplan;Män;Ej svenska medborgare;50-64;10
2018;rf;14801015;Majorna-Linné, Mariaplan;Kvinnor;Ej svenska medborgare;50-64;4
2018;rf;14801015;Majorna-Linné, Mariaplan;Män;Svenska medborgare;65-;44
2018;rf;14801015;Majorna-Linné, Mariaplan;Kvinnor;Svenska medborgare;65-;44
2018;rf;14801015;Majorna-Linné, Mariaplan;Män;Ej svenska medborgare;65-;2
2018;rf;14801015;Majorna-Linné, Mariaplan;Kvinnor;Ej svenska medborgare;65-;2
2018;rf;14801016;Majorna-Linné, Skytteskogen;Män;Svenska medborgare;18-29 förstagångsväljare;32
2018;rf;14801016;Majorna-Linné, Skytteskogen;Kvinnor;Svenska medborgare;18-29 förstagångsväljare;45
2018;rf;14801016;Majorna-Linné, Skytteskogen;Män;Ej svenska medborgare;18-29 förstagångsväljare;1
2018;rf;14801016;Majorna-Linné, Skytteskogen;Kvinnor;Ej svenska medborgare;18-29 förstagångsväljare;0
2018;rf;14801016;Majorna-Linné, Skytteskogen;Män;Svenska medborgare;18-29 ej förstagångsväljare;69
2018;rf;14801016;Majorna-Linné, Skytteskogen;Kvinnor;Svenska medborgare;18-29 ej förstagångsväljare;90
2018;rf;14801016;Majorna-Linné, Skytteskogen;Män;Ej svenska medborgare;18-29 ej förstagångsväljare;11
2018;rf;14801016;Majorna-Linné, Skytteskogen;Kvinnor;Ej svenska medborgare;18-29 ej förstagångsväljare;6
2018;rf;14801016;Majorna-Linné, Skytteskogen;Män;Svenska medborgare;30-49;168
2018;rf;14801016;Majorna-Linné, Skytteskogen;Kvinnor;Svenska medborgare;30-49;175
2018;rf;14801016;Majorna-Linné, Skytteskogen;Män;Ej svenska medborgare;30-49;25
2018;rf;14801016;Majorna-Linné, Skytteskogen;Kvinnor;Ej svenska medborgare;30-49;15
2018;rf;14801016;Majorna-Linné, Skytteskogen;Män;Svenska medborgare;50-64;179
2018;rf;14801016;Majorna-Linné, Skytteskogen;Kvinnor;Svenska medborgare;50-64;166
2018;rf;14801016;Majorna-Linné, Skytteskogen;Män;Ej svenska medborgare;50-64;10
2018;rf;14801016;Majorna-Linné, Skytteskogen;Kvinnor;Ej svenska medborgare;50-64;6
2018;rf;14801016;Majorna-Linné, Skytteskogen;Män;Svenska medborgare;65-;196
2018;rf;14801016;Majorna-Linné, Skytteskogen;Kvinnor;Svenska medborgare;65-;205
2018;rf;14801016;Majorna-Linné, Skytteskogen;Män;Ej svenska medborgare;65-;12
2018;rf;14801016;Majorna-Linné, Skytteskogen;Kvinnor;Ej svenska medborgare;65-;4
2018;rf;14801017;Majorna-Linné, Svalebo;Män;Svenska medborgare;18-29 förstagångsväljare;34
2018;rf;14801017;Majorna-Linné, Svalebo;Kvinnor;Svenska medborgare;18-29 förstagångsväljare;22
2018;rf;14801017;Majorna-Linné, Svalebo;Män;Ej svenska medborgare;18-29 förstagångsväljare;3
2018;rf;14801017;Majorna-Linné, Svalebo;Kvinnor;Ej svenska medborgare;18-29 förstagångsväljare;1
2018;rf;14801017;Majorna-Linné, Svalebo;Män;Svenska medborgare;18-29 ej förstagångsväljare;85
2018;rf;14801017;Majorna-Linné, Svalebo;Kvinnor;Svenska medborgare;18-29 ej förstagångsväljare;103
2018;rf;14801017;Majorna-Linné, Svalebo;Män;Ej svenska medborgare;18-29 ej förstagångsväljare;15
2018;rf;14801017;Majorna-Linné, Svalebo;Kvinnor;Ej svenska medborgare;18-29 ej förstagångsväljare;18
2018;rf;14801017;Majorna-Linné, Svalebo;Män;Svenska medborgare;30-49;186
2018;rf;14801017;Majorna-Linné, Svalebo;Kvinnor;Svenska medborgare;30-49;160
2018;rf;14801017;Majorna-Linné, Svalebo;Män;Ej svenska medborgare;30-49;31
2018;rf;14801017;Majorna-Linné, Svalebo;Kvinnor;Ej svenska medborgare;30-49;22
2018;rf;14801017;Majorna-Linné, Svalebo;Män;Svenska medborgare;50-64;118
2018;rf;14801017;Majorna-Linné, Svalebo;Kvinnor;Svenska medborgare;50-64;128
2018;rf;14801017;Majorna-Linné, Svalebo;Män;Ej svenska medborgare;50-64;12
2018;rf;14801017;Majorna-Linné, Svalebo;Kvinnor;Ej svenska medborgare;50-64;4
2018;rf;14801017;Majorna-Linné, Svalebo;Män;Svenska medborgare;65-;102
2018;rf;14801017;Majorna-Linné, Svalebo;Kvinnor;Svenska medborgare;65-;169
2018;rf;14801017;Majorna-Linné, Svalebo;Män;Ej svenska medborgare;65-;6
2018;rf;14801017;Majorna-Linné, Svalebo;Kvinnor;Ej svenska medborgare;65-;1
2018;rf;14801021;Majorna-Linné, Sandarne;Män;Svenska medborgare;18-29 förstagångsväljare;19
2018;rf;14801021;Majorna-Linné, Sandarne;Kvinnor;Svenska medborgare;18-29 förstagångsväljare;24
2018;rf;14801021;Majorna-Linné, Sandarne;Män;Ej svenska medborgare;18-29 förstagångsväljare;1
2018;rf;14801021;Majorna-Linné, Sandarne;Kvinnor;Ej svenska medborgare;18-29 förstagångsväljare;0
2018;rf;14801021;Majorna-Linné, Sandarne;Män;Svenska medborgare;18-29 ej förstagångsväljare;135
2018;rf;14801021;Majorna-Linné, Sandarne;Kvinnor;Svenska medborgare;18-29 ej förstagångsväljare;171
2018;rf;14801021;Majorna-Linné, Sandarne;Män;Ej svenska medborgare;18-29 ej förstagångsväljare;10
2018;rf;14801021;Majorna-Linné, Sandarne;Kvinnor;Ej svenska medborgare;18-29 ej förstagångsväljare;8
2018;rf;14801021;Majorna-Linné, Sandarne;Män;Svenska medborgare;30-49;261
2018;rf;14801021;Majorna-Linné, Sandarne;Kvinnor;Svenska medborgare;30-49;238
2018;rf;14801021;Majorna-Linné, Sandarne;Män;Ej svenska medborgare;30-49;22
2018;rf;14801021;Majorna-Linné, Sandarne;Kvinnor;Ej svenska medborgare;30-49;17
2018;rf;14801021;Majorna-Linné, Sandarne;Män;Svenska medborgare;50-64;94
2018;rf;14801021;Majorna-Linné, Sandarne;Kvinnor;Svenska medborgare;50-64;120
2018;rf;14801021;Majorna-Linné, Sandarne;Män;Ej svenska medborgare;50-64;12
2018;rf;14801021;Majorna-Linné, Sandarne;Kvinnor;Ej svenska medborgare;50-64;2
2018;rf;14801021;Majorna-Linné, Sandarne;Män;Svenska medborgare;65-;51
2018;rf;14801021;Majorna-Linné, Sandarne;Kvinnor;Svenska medborgare;65-;65
2018;rf;14801021;Majorna-Linné, Sandarne;Män;Ej svenska medborgare;65-;5
2018;rf;14801021;Majorna-Linné, Sandarne;Kvinnor;Ej svenska medborgare;65-;3
2018;rf;14801022;Majorna-Linné, Silverkällan;Män;Svenska medborgare;18-29 förstagångsväljare;18
2018;rf;14801022;Majorna-Linné, Silverkällan;Kvinnor;Svenska medborgare;18-29 förstagångsväljare;16
2018;rf;14801022;Majorna-Linné, Silverkällan;Män;Ej svenska medborgare;18-29 förstagångsväljare;1
2018;rf;14801022;Majorna-Linné, Silverkällan;Kvinnor;Ej svenska medborgare;18-29 förstagångsväljare;0
2018;rf;14801022;Majorna-Linné, Silverkällan;Män;Svenska medborgare;18-29 ej förstagångsväljare;81
2018;rf;14801022;Majorna-Linné, Silverkällan;Kvinnor;Svenska medborgare;18-29 ej förstagångsväljare;105
2018;rf;14801022;Majorna-Linné, Silverkällan;Män;Ej svenska medborgare;18-29 ej förstagångsväljare;4
2018;rf;14801022;Majorna-Linné, Silverkällan;Kvinnor;Ej svenska medborgare;18-29 ej förstagångsväljare;6
2018;rf;14801022;Majorna-Linné, Silverkällan;Män;Svenska medborgare;30-49;215
2018;rf;14801022;Majorna-Linné, Silverkällan;Kvinnor;Svenska medborgare;30-49;237
2018;rf;14801022;Majorna-Linné, Silverkällan;Män;Ej svenska medborgare;30-49;9
2018;rf;14801022;Majorna-Linné, Silverkällan;Kvinnor;Ej svenska medborgare;30-49;13
2018;rf;14801022;Majorna-Linné, Silverkällan;Män;Svenska medborgare;50-64;130
2018;rf;14801022;Majorna-Linné, Silverkällan;Kvinnor;Svenska medborgare;50-64;142
2018;rf;14801022;Majorna-Linné, Silverkällan;Män;Ej svenska medborgare;50-64;7
2018;rf;14801022;Majorna-Linné, Silverkällan;Kvinnor;Ej svenska medborgare;50-64;6
2018;rf;14801022;Majorna-Linné, Silverkällan;Män;Svenska medborgare;65-;50
2018;rf;14801022;Majorna-Linné, Silverkällan;Kvinnor;Svenska medborgare;65-;59
2018;rf;14801022;Majorna-Linné, Silverkällan;Män;Ej svenska medborgare;65-;2
2018;rf;14801022;Majorna-Linné, Silverkällan;Kvinnor;Ej svenska medborgare;65-;3
2018;rf;14801031;Majorna-Linné, Chapmans Torg;Män;Svenska medborgare;18-29 förstagångsväljare;20
2018;rf;14801031;Majorna-Linné, Chapmans Torg;Kvinnor;Svenska medborgare;18-29 förstagångsväljare;15
2018;rf;14801031;Majorna-Linné, Chapmans Torg;Män;Ej svenska medborgare;18-29 förstagångsväljare;2
2018;rf;14801031;Majorna-Linné, Chapmans Torg;Kvinnor;Ej svenska medborgare;18-29 förstagångsväljare;0
2018;rf;14801031;Majorna-Linné, Chapmans Torg;Män;Svenska medborgare;18-29 ej förstagångsväljare;86
2018;rf;14801031;Majorna-Linné, Chapmans Torg;Kvinnor;Svenska medborgare;18-29 ej förstagångsväljare;78
2018;rf;14801031;Majorna-Linné, Chapmans Torg;Män;Ej svenska medborgare;18-29 ej förstagångsväljare;10
2018;rf;14801031;Majorna-Linné, Chapmans Torg;Kvinnor;Ej svenska medborgare;18-29 ej förstagångsväljare;5
2018;rf;14801031;Majorna-Linné, Chapmans Torg;Män;Svenska medborgare;30-49;169
2018;rf;14801031;Majorna-Linné, Chapmans Torg;Kvinnor;Svenska medborgare;30-49;146
2018;rf;14801031;Majorna-Linné, Chapmans Torg;Män;Ej svenska medborgare;30-49;13
2018;rf;14801031;Majorna-Linné, Chapmans Torg;Kvinnor;Ej svenska medborgare;30-49;20
2018;rf;14801031;Majorna-Linné, Chapmans Torg;Män;Svenska medborgare;50-64;93
2018;rf;14801031;Majorna-Linné, Chapmans Torg;Kvinnor;Svenska medborgare;50-64;106
2018;rf;14801031;Majorna-Linné, Chapmans Torg;Män;Ej svenska medborgare;50-64;9
2018;rf;14801031;Majorna-Linné, Chapmans Torg;Kvinnor;Ej svenska medborgare;50-64;4
2018;rf;14801031;Majorna-Linné, Chapmans Torg;Män;Svenska medborgare;65-;120
2018;rf;14801031;Majorna-Linné, Chapmans Torg;Kvinnor;Svenska medborgare;65-;164
2018;rf;14801031;Majorna-Linné, Chapmans Torg;Män;Ej svenska medborgare;65-;6
2018;rf;14801031;Majorna-Linné, Chapmans Torg;Kvinnor;Ej svenska medborgare;65-;9
2018;rf;14801032;Majorna-Linné, Godhem;Män;Svenska medborgare;18-29 förstagångsväljare;13
2018;rf;14801032;Majorna-Linné, Godhem;Kvinnor;Svenska medborgare;18-29 förstagångsväljare;20
2018;rf;14801032;Majorna-Linné, Godhem;Män;Ej svenska medborgare;18-29 förstagångsväljare;2
2018;rf;14801032;Majorna-Linné, Godhem;Kvinnor;Ej svenska medborgare;18-29 förstagångsväljare;3
2018;rf;14801032;Majorna-Linné, Godhem;Män;Svenska medborgare;18-29 ej förstagångsväljare;88
2018;rf;14801032;Majorna-Linné, Godhem;Kvinnor;Svenska medborgare;18-29 ej förstagångsväljare;97
2018;rf;14801032;Majorna-Linné, Godhem;Män;Ej svenska medborgare;18-29 ej förstagångsväljare;4
2018;rf;14801032;Majorna-Linné, Godhem;Kvinnor;Ej svenska medborgare;18-29 ej förstagångsväljare;5
2018;rf;14801032;Majorna-Linné, Godhem;Män;Svenska medborgare;30-49;230
2018;rf;14801032;Majorna-Linné, Godhem;Kvinnor;Svenska medborgare;30-49;283
2018;rf;14801032;Majorna-Linné, Godhem;Män;Ej svenska medborgare;30-49;18
2018;rf;14801032;Majorna-Linné, Godhem;Kvinnor;Ej svenska medborgare;30-49;16
2018;rf;14801032;Majorna-Linné, Godhem;Män;Svenska medborgare;50-64;128
2018;rf;14801032;Majorna-Linné, Godhem;Kvinnor;Svenska medborgare;50-64;130
2018;rf;14801032;Majorna-Linné, Godhem;Män;Ej svenska medborgare;50-64;7
2018;rf;14801032;Majorna-Linné, Godhem;Kvinnor;Ej svenska medborgare;50-64;3
2018;rf;14801032;Majorna-Linné, Godhem;Män;Svenska medborgare;65-;92
2018;rf;14801032;Majorna-Linné, Godhem;Kvinnor;Svenska medborgare;65-;83
2018;rf;14801032;Majorna-Linné, Godhem;Män;Ej svenska medborgare;65-;5
2018;rf;14801032;Majorna-Linné, Godhem;Kvinnor;Ej svenska medborgare;65-;3
2018;rf;14801033;Majorna-Linné, Gråberget, Västra;Män;Svenska medborgare;18-29 förstagångsväljare;4
2018;rf;14801033;Majorna-Linné, Gråberget, Västra;Kvinnor;Svenska medborgare;18-29 förstagångsväljare;9
2018;rf;14801033;Majorna-Linné, Gråberget, Västra;Män;Ej svenska medborgare;18-29 förstagångsväljare;1
2018;rf;14801033;Majorna-Linné, Gråberget, Västra;Kvinnor;Ej svenska medborgare;18-29 förstagångsväljare;0
2018;rf;14801033;Majorna-Linné, Gråberget, Västra;Män;Svenska medborgare;18-29 ej förstagångsväljare;82
2018;rf;14801033;Majorna-Linné, Gråberget, Västra;Kvinnor;Svenska medborgare;18-29 ej förstagångsväljare;100
2018;rf;14801033;Majorna-Linné, Gråberget, Västra;Män;Ej svenska medborgare;18-29 ej förstagångsväljare;5
2018;rf;14801033;Majorna-Linné, Gråberget, Västra;Kvinnor;Ej svenska medborgare;18-29 ej förstagångsväljare;4
2018;rf;14801033;Majorna-Linné, Gråberget, Västra;Män;Svenska medborgare;30-49;211
2018;rf;14801033;Majorna-Linné, Gråberget, Västra;Kvinnor;Svenska medborgare;30-49;171
2018;rf;14801033;Majorna-Linné, Gråberget, Västra;Män;Ej svenska medborgare;30-49;17
2018;rf;14801033;Majorna-Linné, Gråberget, Västra;Kvinnor;Ej svenska medborgare;30-49;17
2018;rf;14801033;Majorna-Linné, Gråberget, Västra;Män;Svenska medborgare;50-64;75
2018;rf;14801033;Majorna-Linné, Gråberget, Västra;Kvinnor;Svenska medborgare;50-64;78
2018;rf;14801033;Majorna-Linné, Gråberget, Västra;Män;Ej svenska medborgare;50-64;3
2018;rf;14801033;Majorna-Linné, Gråberget, Västra;Kvinnor;Ej svenska medborgare;50-64;5
2018;rf;14801033;Majorna-Linné, Gråberget, Västra;Män;Svenska medborgare;65-;68
2018;rf;14801033;Majorna-Linné, Gråberget, Västra;Kvinnor;Svenska medborgare;65-;99
2018;rf;14801033;Majorna-Linné, Gråberget, Västra;Män;Ej svenska medborgare;65-;3
2018;rf;14801033;Majorna-Linné, Gråberget, Västra;Kvinnor;Ej svenska medborgare;65-;0
2018;rf;14801034;Majorna-Linné, Gråberget, Östra;Män;Svenska medborgare;18-29 förstagångsväljare;4
2018;rf;14801034;Majorna-Linné, Gråberget, Östra;Kvinnor;Svenska medborgare;18-29 förstagångsväljare;12
2018;rf;14801034;Majorna-Linné, Gråberget, Östra;Män;Ej svenska medborgare;18-29 förstagångsväljare;0
2018;rf;14801034;Majorna-Linné, Gråberget, Östra;Kvinnor;Ej svenska medborgare;18-29 förstagångsväljare;0
2018;rf;14801034;Majorna-Linné, Gråberget, Östra;Män;Svenska medborgare;18-29 ej förstagångsväljare;87
2018;rf;14801034;Majorna-Linné, Gråberget, Östra;Kvinnor;Svenska medborgare;18-29 ej förstagångsväljare;77
2018;rf;14801034;Majorna-Linné, Gråberget, Östra;Män;Ej svenska medborgare;18-29 ej förstagångsväljare;2
2018;rf;14801034;Majorna-Linné, Gråberget, Östra;Kvinnor;Ej svenska medborgare;18-29 ej förstagångsväljare;7
2018;rf;14801034;Majorna-Linné, Gråberget, Östra;Män;Svenska medborgare;30-49;192
2018;rf;14801034;Majorna-Linné, Gråberget, Östra;Kvinnor;Svenska medborgare;30-49;159
2018;rf;14801034;Majorna-Linné, Gråberget, Östra;Män;Ej svenska medborgare;30-49;18
2018;rf;14801034;Majorna-Linné, Gråberget, Östra;Kvinnor;Ej svenska medborgare;30-49;9
2018;rf;14801034;Majorna-Linné, Gråberget, Östra;Män;Svenska medborgare;50-64;97
2018;rf;14801034;Majorna-Linné, Gråberget, Östra;Kvinnor;Svenska medborgare;50-64;105
2018;rf;14801034;Majorna-Linné, Gråberget, Östra;Män;Ej svenska medborgare;50-64;2
2018;rf;14801034;Majorna-Linné, Gråberget, Östra;Kvinnor;Ej svenska medborgare;50-64;8
2018;rf;14801034;Majorna-Linné, Gråberget, Östra;Män;Svenska medborgare;65-;150
2018;rf;14801034;Majorna-Linné, Gråberget, Östra;Kvinnor;Svenska medborgare;65-;202
2018;rf;14801034;Majorna-Linné, Gråberget, Östra;Män;Ej svenska medborgare;65-;4
2018;rf;14801034;Majorna-Linné, Gråberget, Östra;Kvinnor;Ej svenska medborgare;65-;4
2018;rf;14801035;Majorna-Linné, Hängmattan;Män;Svenska medborgare;18-29 förstagångsväljare;20
2018;rf;14801035;Majorna-Linné, Hängmattan;Kvinnor;Svenska medborgare;18-29 förstagångsväljare;22
2018;rf;14801035;Majorna-Linné, Hängmattan;Män;Ej svenska medborgare;18-29 förstagångsväljare;2
2018;rf;14801035;Majorna-Linné, Hängmattan;Kvinnor;Ej svenska medborgare;18-29 förstagångsväljare;2
2018;rf;14801035;Majorna-Linné, Hängmattan;Män;Svenska medborgare;18-29 ej förstagångsväljare;61
2018;rf;14801035;Majorna-Linné, Hängmattan;Kvinnor;Svenska medborgare;18-29 ej förstagångsväljare;57
2018;rf;14801035;Majorna-Linné, Hängmattan;Män;Ej svenska medborgare;18-29 ej förstagångsväljare;4
2018;rf;14801035;Majorna-Linné, Hängmattan;Kvinnor;Ej svenska medborgare;18-29 ej förstagångsväljare;8
2018;rf;14801035;Majorna-Linné, Hängmattan;Män;Svenska medborgare;30-49;205
2018;rf;14801035;Majorna-Linné, Hängmattan;Kvinnor;Svenska medborgare;30-49;230
2018;rf;14801035;Majorna-Linné, Hängmattan;Män;Ej svenska medborgare;30-49;21
2018;rf;14801035;Majorna-Linné, Hängmattan;Kvinnor;Ej svenska medborgare;30-49;18
2018;rf;14801035;Majorna-Linné, Hängmattan;Män;Svenska medborgare;50-64;133
2018;rf;14801035;Majorna-Linné, Hängmattan;Kvinnor;Svenska medborgare;50-64;154
2018;rf;14801035;Majorna-Linné, Hängmattan;Män;Ej svenska medborgare;50-64;11
2018;rf;14801035;Majorna-Linné, Hängmattan;Kvinnor;Ej svenska medborgare;50-64;5
2018;rf;14801035;Majorna-Linné, Hängmattan;Män;Svenska medborgare;65-;73
2018;rf;14801035;Majorna-Linné, Hängmattan;Kvinnor;Svenska medborgare;65-;118
2018;rf;14801035;Majorna-Linné, Hängmattan;Män;Ej svenska medborgare;65-;4
2018;rf;14801035;Majorna-Linné, Hängmattan;Kvinnor;Ej svenska medborgare;65-;5
2018;rf;14801036;Majorna-Linné, Majorna;Män;Svenska medborgare;18-29 förstagångsväljare;10
2018;rf;14801036;Majorna-Linné, Majorna;Kvinnor;Svenska medborgare;18-29 förstagångsväljare;16
2018;rf;14801036;Majorna-Linné, Majorna;Män;Ej svenska medborgare;18-29 förstagångsväljare;2
2018;rf;14801036;Majorna-Linné, Majorna;Kvinnor;Ej svenska medborgare;18-29 förstagångsväljare;1
2018;rf;14801036;Majorna-Linné, Majorna;Män;Svenska medborgare;18-29 ej förstagångsväljare;87
2018;rf;14801036;Majorna-Linné, Majorna;Kvinnor;Svenska medborgare;18-29 ej förstagångsväljare;117
2018;rf;14801036;Majorna-Linné, Majorna;Män;Ej svenska medborgare;18-29 ej förstagångsväljare;5
2018;rf;14801036;Majorna-Linné, Majorna;Kvinnor;Ej svenska medborgare;18-29 ej förstagångsväljare;8
2018;rf;14801036;Majorna-Linné, Majorna;Män;Svenska medborgare;30-49;187
2018;rf;14801036;Majorna-Linné, Majorna;Kvinnor;Svenska medborgare;30-49;165
2018;rf;14801036;Majorna-Linné, Majorna;Män;Ej svenska medborgare;30-49;12
2018;rf;14801036;Majorna-Linné, Majorna;Kvinnor;Ej svenska medborgare;30-49;12
2018;rf;14801036;Majorna-Linné, Majorna;Män;Svenska medborgare;50-64;104
2018;rf;14801036;Majorna-Linné, Majorna;Kvinnor;Svenska medborgare;50-64;124
2018;rf;14801036;Majorna-Linné, Majorna;Män;Ej svenska medborgare;50-64;5
2018;rf;14801036;Majorna-Linné, Majorna;Kvinnor;Ej svenska medborgare;50-64;7
2018;rf;14801036;Majorna-Linné, Majorna;Män;Svenska medborgare;65-;113
2018;rf;14801036;Majorna-Linné, Majorna;Kvinnor;Svenska medborgare;65-;179
2018;rf;14801036;Majorna-Linné, Majorna;Män;Ej svenska medborgare;65-;6
2018;rf;14801036;Majorna-Linné, Majorna;Kvinnor;Ej svenska medborgare;65-;9
2018;rf;14801037;Majorna-Linné, Marieberg;Män;Svenska medborgare;18-29 förstagångsväljare;13
2018;rf;14801037;Majorna-Linné, Marieberg;Kvinnor;Svenska medborgare;18-29 förstagångsväljare;15
2018;rf;14801037;Majorna-Linné, Marieberg;Män;Ej svenska medborgare;18-29 förstagångsväljare;1
2018;rf;14801037;Majorna-Linné, Marieberg;Kvinnor;Ej svenska medborgare;18-29 förstagångsväljare;0
2018;rf;14801037;Majorna-Linné, Marieberg;Män;Svenska medborgare;18-29 ej förstagångsväljare;76
2018;rf;14801037;Majorna-Linné, Marieberg;Kvinnor;Svenska medborgare;18-29 ej förstagångsväljare;72
2018;rf;14801037;Majorna-Linné, Marieberg;Män;Ej svenska medborgare;18-29 ej förstagångsväljare;4
2018;rf;14801037;Majorna-Linné, Marieberg;Kvinnor;Ej svenska medborgare;18-29 ej förstagångsväljare;6
2018;rf;14801037;Majorna-Linné, Marieberg;Män;Svenska medborgare;30-49;219
2018;rf;14801037;Majorna-Linné, Marieberg;Kvinnor;Svenska medborgare;30-49;246
2018;rf;14801037;Majorna-Linné, Marieberg;Män;Ej svenska medborgare;30-49;11
2018;rf;14801037;Majorna-Linné, Marieberg;Kvinnor;Ej svenska medborgare;30-49;11
2018;rf;14801037;Majorna-Linné, Marieberg;Män;Svenska medborgare;50-64;118
2018;rf;14801037;Majorna-Linné, Marieberg;Kvinnor;Svenska medborgare;50-64;164
2018;rf;14801037;Majorna-Linné, Marieberg;Män;Ej svenska medborgare;50-64;8
2018;rf;14801037;Majorna-Linné, Marieberg;Kvinnor;Ej svenska medborgare;50-64;3
2018;rf;14801037;Majorna-Linné, Marieberg;Män;Svenska medborgare;65-;54
2018;rf;14801037;Majorna-Linné, Marieberg;Kvinnor;Svenska medborgare;65-;71
2018;rf;14801037;Majorna-Linné, Marieberg;Män;Ej svenska medborgare;65-;3
2018;rf;14801037;Majorna-Linné, Marieberg;Kvinnor;Ej svenska medborgare;65-;2
2018;rf;14801038;Majorna-Linné, Slottsskogsgatan m fl;Män;Svenska medborgare;18-29 förstagångsväljare;13
2018;rf;14801038;Majorna-Linné, Slottsskogsgatan m fl;Kvinnor;Svenska medborgare;18-29 förstagångsväljare;8
2018;rf;14801038;Majorna-Linné, Slottsskogsgatan m fl;Män;Ej svenska medborgare;18-29 förstagångsväljare;5
2018;rf;14801038;Majorna-Linné, Slottsskogsgatan m fl;Kvinnor;Ej svenska medborgare;18-29 förstagångsväljare;1
2018;rf;14801038;Majorna-Linné, Slottsskogsgatan m fl;Män;Svenska medborgare;18-29 ej förstagångsväljare;74
2018;rf;14801038;Majorna-Linné, Slottsskogsgatan m fl;Kvinnor;Svenska medborgare;18-29 ej förstagångsväljare;99
2018;rf;14801038;Majorna-Linné, Slottsskogsgatan m fl;Män;Ej svenska medborgare;18-29 ej förstagångsväljare;2
2018;rf;14801038;Majorna-Linné, Slottsskogsgatan m fl;Kvinnor;Ej svenska medborgare;18-29 ej förstagångsväljare;4
2018;rf;14801038;Majorna-Linné, Slottsskogsgatan m fl;Män;Svenska medborgare;30-49;174
2018;rf;14801038;Majorna-Linné, Slottsskogsgatan m fl;Kvinnor;Svenska medborgare;30-49;167
2018;rf;14801038;Majorna-Linné, Slottsskogsgatan m fl;Män;Ej svenska medborgare;30-49;17
2018;rf;14801038;Majorna-Linné, Slottsskogsgatan m fl;Kvinnor;Ej svenska medborgare;30-49;12
2018;rf;14801038;Majorna-Linné, Slottsskogsgatan m fl;Män;Svenska medborgare;50-64;95
2018;rf;14801038;Majorna-Linné, Slottsskogsgatan m fl;Kvinnor;Svenska medborgare;50-64;117
2018;rf;14801038;Majorna-Linné, Slottsskogsgatan m fl;Män;Ej svenska medborgare;50-64;5
2018;rf;14801038;Majorna-Linné, Slottsskogsgatan m fl;Kvinnor;Ej svenska medborgare;50-64;4
2018;rf;14801038;Majorna-Linné, Slottsskogsgatan m fl;Män;Svenska medborgare;65-;95
2018;rf;14801038;Majorna-Linné, Slottsskogsgatan m fl;Kvinnor;Svenska medborgare;65-;125
2018;rf;14801038;Majorna-Linné, Slottsskogsgatan m fl;Män;Ej svenska medborgare;65-;1
2018;rf;14801038;Majorna-Linné, Slottsskogsgatan m fl;Kvinnor;Ej svenska medborgare;65-;4
2018;rf;14801041;Majorna-Linné, Djurgårdsgatan m fl;Män;Svenska medborgare;18-29 förstagångsväljare;13
2018;rf;14801041;Majorna-Linné, Djurgårdsgatan m fl;Kvinnor;Svenska medborgare;18-29 förstagångsväljare;25
2018;rf;14801041;Majorna-Linné, Djurgårdsgatan m fl;Män;Ej svenska medborgare;18-29 förstagångsväljare;0
2018;rf;14801041;Majorna-Linné, Djurgårdsgatan m fl;Kvinnor;Ej svenska medborgare;18-29 förstagångsväljare;1
2018;rf;14801041;Majorna-Linné, Djurgårdsgatan m fl;Män;Svenska medborgare;18-29 ej förstagångsväljare;63
2018;rf;14801041;Majorna-Linné, Djurgårdsgatan m fl;Kvinnor;Svenska medborgare;18-29 ej förstagångsväljare;94
2018;rf;14801041;Majorna-Linné, Djurgårdsgatan m fl;Män;Ej svenska medborgare;18-29 ej förstagångsväljare;5
2018;rf;14801041;Majorna-Linné, Djurgårdsgatan m fl;Kvinnor;Ej svenska medborgare;18-29 ej förstagångsväljare;5
2018;rf;14801041;Majorna-Linné, Djurgårdsgatan m fl;Män;Svenska medborgare;30-49;260
2018;rf;14801041;Majorna-Linné, Djurgårdsgatan m fl;Kvinnor;Svenska medborgare;30-49;289
2018;rf;14801041;Majorna-Linné, Djurgårdsgatan m fl;Män;Ej svenska medborgare;30-49;24
2018;rf;14801041;Majorna-Linné, Djurgårdsgatan m fl;Kvinnor;Ej svenska medborgare;30-49;12
2018;rf;14801041;Majorna-Linné, Djurgårdsgatan m fl;Män;Svenska medborgare;50-64;96
2018;rf;14801041;Majorna-Linné, Djurgårdsgatan m fl;Kvinnor;Svenska medborgare;50-64;133
2018;rf;14801041;Majorna-Linné, Djurgårdsgatan m fl;Män;Ej svenska medborgare;50-64;7
2018;rf;14801041;Majorna-Linné, Djurgårdsgatan m fl;Kvinnor;Ej svenska medborgare;50-64;7
2018;rf;14801041;Majorna-Linné, Djurgårdsgatan m fl;Män;Svenska medborgare;65-;67
2018;rf;14801041;Majorna-Linné, Djurgårdsgatan m fl;Kvinnor;Svenska medborgare;65-;62
2018;rf;14801041;Majorna-Linné, Djurgårdsgatan m fl;Män;Ej svenska medborgare;65-;3
2018;rf;14801041;Majorna-Linné, Djurgårdsgatan m fl;Kvinnor;Ej svenska medborgare;65-;4
2018;rf;14801042;Majorna-Linné, Gatenhielmska;Män;Svenska medborgare;18-29 förstagångsväljare;30
2018;rf;14801042;Majorna-Linné, Gatenhielmska;Kvinnor;Svenska medborgare;18-29 förstagångsväljare;23
2018;rf;14801042;Majorna-Linné, Gatenhielmska;Män;Ej svenska medborgare;18-29 förstagångsväljare;1
2018;rf;14801042;Majorna-Linné, Gatenhielmska;Kvinnor;Ej svenska medborgare;18-29 förstagångsväljare;0
2018;rf;14801042;Majorna-Linné, Gatenhielmska;Män;Svenska medborgare;18-29 ej förstagångsväljare;103
2018;rf;14801042;Majorna-Linné, Gatenhielmska;Kvinnor;Svenska medborgare;18-29 ej förstagångsväljare;115
2018;rf;14801042;Majorna-Linné, Gatenhielmska;Män;Ej svenska medborgare;18-29 ej förstagångsväljare;10
2018;rf;14801042;Majorna-Linné, Gatenhielmska;Kvinnor;Ej svenska medborgare;18-29 ej förstagångsväljare;5
2018;rf;14801042;Majorna-Linné, Gatenhielmska;Män;Svenska medborgare;30-49;268
2018;rf;14801042;Majorna-Linné, Gatenhielmska;Kvinnor;Svenska medborgare;30-49;276
2018;rf;14801042;Majorna-Linné, Gatenhielmska;Män;Ej svenska medborgare;30-49;20
2018;rf;14801042;Majorna-Linné, Gatenhielmska;Kvinnor;Ej svenska medborgare;30-49;19
2018;rf;14801042;Majorna-Linné, Gatenhielmska;Män;Svenska medborgare;50-64;112
2018;rf;14801042;Majorna-Linné, Gatenhielmska;Kvinnor;Svenska medborgare;50-64;118
2018;rf;14801042;Majorna-Linné, Gatenhielmska;Män;Ej svenska medborgare;50-64;7
2018;rf;14801042;Majorna-Linné, Gatenhielmska;Kvinnor;Ej svenska medborgare;50-64;7
2018;rf;14801042;Majorna-Linné, Gatenhielmska;Män;Svenska medborgare;65-;78
2018;rf;14801042;Majorna-Linné, Gatenhielmska;Kvinnor;Svenska medborgare;65-;95
2018;rf;14801042;Majorna-Linné, Gatenhielmska;Män;Ej svenska medborgare;65-;2
2018;rf;14801042;Majorna-Linné, Gatenhielmska;Kvinnor;Ej svenska medborgare;65-;4
2018;rf;14801043;Majorna-Linné, Karl Johans torg;Män;Svenska medborgare;18-29 förstagångsväljare;26
2018;rf;14801043;Majorna-Linné, Karl Johans torg;Kvinnor;Svenska medborgare;18-29 förstagångsväljare;22
2018;rf;14801043;Majorna-Linné, Karl Johans torg;Män;Ej svenska medborgare;18-29 förstagångsväljare;1
2018;rf;14801043;Majorna-Linné, Karl Johans torg;Kvinnor;Ej svenska medborgare;18-29 förstagångsväljare;2
2018;rf;14801043;Majorna-Linné, Karl Johans torg;Män;Svenska medborgare;18-29 ej förstagångsväljare;91
2018;rf;14801043;Majorna-Linné, Karl Johans torg;Kvinnor;Svenska medborgare;18-29 ej förstagångsväljare;107
2018;rf;14801043;Majorna-Linné, Karl Johans torg;Män;Ej svenska medborgare;18-29 ej förstagångsväljare;6
2018;rf;14801043;Majorna-Linné, Karl Johans torg;Kvinnor;Ej svenska medborgare;18-29 ej förstagångsväljare;3
2018;rf;14801043;Majorna-Linné, Karl Johans torg;Män;Svenska medborgare;30-49;250
2018;rf;14801043;Majorna-Linné, Karl Johans torg;Kvinnor;Svenska medborgare;30-49;270
2018;rf;14801043;Majorna-Linné, Karl Johans torg;Män;Ej svenska medborgare;30-49;18
2018;rf;14801043;Majorna-Linné, Karl Johans torg;Kvinnor;Ej svenska medborgare;30-49;17
2018;rf;14801043;Majorna-Linné, Karl Johans torg;Män;Svenska medborgare;50-64;92
2018;rf;14801043;Majorna-Linné, Karl Johans torg;Kvinnor;Svenska medborgare;50-64;136
2018;rf;14801043;Majorna-Linné, Karl Johans torg;Män;Ej svenska medborgare;50-64;10
2018;rf;14801043;Majorna-Linné, Karl Johans torg;Kvinnor;Ej svenska medborgare;50-64;0
2018;rf;14801043;Majorna-Linné, Karl Johans torg;Män;Svenska medborgare;65-;65
2018;rf;14801043;Majorna-Linné, Karl Johans torg;Kvinnor;Svenska medborgare;65-;81
2018;rf;14801043;Majorna-Linné, Karl Johans torg;Män;Ej svenska medborgare;65-;3
2018;rf;14801043;Majorna-Linné, Karl Johans torg;Kvinnor;Ej svenska medborgare;65-;4
2018;rf;14801044;Majorna-Linné, Klareborgsgatan m fl;Män;Svenska medborgare;18-29 förstagångsväljare;17
2018;rf;14801044;Majorna-Linné, Klareborgsgatan m fl;Kvinnor;Svenska medborgare;18-29 förstagångsväljare;20
2018;rf;14801044;Majorna-Linné, Klareborgsgatan m fl;Män;Ej svenska medborgare;18-29 förstagångsväljare;0
2018;rf;14801044;Majorna-Linné, Klareborgsgatan m fl;Kvinnor;Ej svenska medborgare;18-29 förstagångsväljare;0
2018;rf;14801044;Majorna-Linné, Klareborgsgatan m fl;Män;Svenska medborgare;18-29 ej förstagångsväljare;93
2018;rf;14801044;Majorna-Linné, Klareborgsgatan m fl;Kvinnor;Svenska medborgare;18-29 ej förstagångsväljare;97
2018;rf;14801044;Majorna-Linné, Klareborgsgatan m fl;Män;Ej svenska medborgare;18-29 ej förstagångsväljare;7
2018;rf;14801044;Majorna-Linné, Klareborgsgatan m fl;Kvinnor;Ej svenska medborgare;18-29 ej förstagångsväljare;8
2018;rf;14801044;Majorna-Linné, Klareborgsgatan m fl;Män;Svenska medborgare;30-49;241
2018;rf;14801044;Majorna-Linné, Klareborgsgatan m fl;Kvinnor;Svenska medborgare;30-49;257
2018;rf;14801044;Majorna-Linné, Klareborgsgatan m fl;Män;Ej svenska medborgare;30-49;22
2018;rf;14801044;Majorna-Linné, Klareborgsgatan m fl;Kvinnor;Ej svenska medborgare;30-49;9
2018;rf;14801044;Majorna-Linné, Klareborgsgatan m fl;Män;Svenska medborgare;50-64;84
2018;rf;14801044;Majorna-Linné, Klareborgsgatan m fl;Kvinnor;Svenska medborgare;50-64;124
2018;rf;14801044;Majorna-Linné, Klareborgsgatan m fl;Män;Ej svenska medborgare;50-64;7
2018;rf;14801044;Majorna-Linné, Klareborgsgatan m fl;Kvinnor;Ej svenska medborgare;50-64;4
2018;rf;14801044;Majorna-Linné, Klareborgsgatan m fl;Män;Svenska medborgare;65-;63
2018;rf;14801044;Majorna-Linné, Klareborgsgatan m fl;Kvinnor;Svenska medborgare;65-;73
2018;rf;14801044;Majorna-Linné, Klareborgsgatan m fl;Män;Ej svenska medborgare;65-;6
2018;rf;14801044;Majorna-Linné, Klareborgsgatan m fl;Kvinnor;Ej svenska medborgare;65-;2
2018;rf;14801045;Majorna-Linné, Söderlingska ängen;Män;Svenska medborgare;18-29 förstagångsväljare;28
2018;rf;14801045;Majorna-Linné, Söderlingska ängen;Kvinnor;Svenska medborgare;18-29 förstagångsväljare;21
2018;rf;14801045;Majorna-Linné, Söderlingska ängen;Män;Ej svenska medborgare;18-29 förstagångsväljare;3
2018;rf;14801045;Majorna-Linné, Söderlingska ängen;Kvinnor;Ej svenska medborgare;18-29 förstagångsväljare;2
2018;rf;14801045;Majorna-Linné, Söderlingska ängen;Män;Svenska medborgare;18-29 ej förstagångsväljare;85
2018;rf;14801045;Majorna-Linné, Söderlingska ängen;Kvinnor;Svenska medborgare;18-29 ej förstagångsväljare;122
2018;rf;14801045;Majorna-Linné, Söderlingska ängen;Män;Ej svenska medborgare;18-29 ej förstagångsväljare;10
2018;rf;14801045;Majorna-Linné, Söderlingska ängen;Kvinnor;Ej svenska medborgare;18-29 ej förstagångsväljare;13
2018;rf;14801045;Majorna-Linné, Söderlingska ängen;Män;Svenska medborgare;30-49;234
2018;rf;14801045;Majorna-Linné, Söderlingska ängen;Kvinnor;Svenska medborgare;30-49;274
2018;rf;14801045;Majorna-Linné, Söderlingska ängen;Män;Ej svenska medborgare;30-49;25
2018;rf;14801045;Majorna-Linné, Söderlingska ängen;Kvinnor;Ej svenska medborgare;30-49;20
2018;rf;14801045;Majorna-Linné, Söderlingska ängen;Män;Svenska medborgare;50-64;122
2018;rf;14801045;Majorna-Linné, Söderlingska ängen;Kvinnor;Svenska medborgare;50-64;139
2018;rf;14801045;Majorna-Linné, Söderlingska ängen;Män;Ej svenska medborgare;50-64;9
2018;rf;14801045;Majorna-Linné, Söderlingska ängen;Kvinnor;Ej svenska medborgare;50-64;7
2018;rf;14801045;Majorna-Linné, Söderlingska ängen;Män;Svenska medborgare;65-;55
2018;rf;14801045;Majorna-Linné, Söderlingska ängen;Kvinnor;Svenska medborgare;65-;68
2018;rf;14801045;Majorna-Linné, Söderlingska ängen;Män;Ej svenska medborgare;65-;5
2018;rf;14801045;Majorna-Linné, Söderlingska ängen;Kvinnor;Ej svenska medborgare;65-;4
2018;rf;14801051;Majorna-Linné, Masthugget, Nedre;Män;Svenska medborgare;18-29 förstagångsväljare;17
2018;rf;14801051;Majorna-Linné, Masthugget, Nedre;Kvinnor;Svenska medborgare;18-29 förstagångsväljare;21
2018;rf;14801051;Majorna-Linné, Masthugget, Nedre;Män;Ej svenska medborgare;18-29 förstagångsväljare;5
2018;rf;14801051;Majorna-Linné, Masthugget, Nedre;Kvinnor;Ej svenska medborgare;18-29 förstagångsväljare;0
2018;rf;14801051;Majorna-Linné, Masthugget, Nedre;Män;Svenska medborgare;18-29 ej förstagångsväljare;80
2018;rf;14801051;Majorna-Linné, Masthugget, Nedre;Kvinnor;Svenska medborgare;18-29 ej förstagångsväljare;73
2018;rf;14801051;Majorna-Linné, Masthugget, Nedre;Män;Ej svenska medborgare;18-29 ej förstagångsväljare;3
2018;rf;14801051;Majorna-Linné, Masthugget, Nedre;Kvinnor;Ej svenska medborgare;18-29 ej förstagångsväljare;6
2018;rf;14801051;Majorna-Linné, Masthugget, Nedre;Män;Svenska medborgare;30-49;161
2018;rf;14801051;Majorna-Linné, Masthugget, Nedre;Kvinnor;Svenska medborgare;30-49;122
2018;rf;14801051;Majorna-Linné, Masthugget, Nedre;Män;Ej svenska medborgare;30-49;10
2018;rf;14801051;Majorna-Linné, Masthugget, Nedre;Kvinnor;Ej svenska medborgare;30-49;11
2018;rf;14801051;Majorna-Linné, Masthugget, Nedre;Män;Svenska medborgare;50-64;117
2018;rf;14801051;Majorna-Linné, Masthugget, Nedre;Kvinnor;Svenska medborgare;50-64;122
2018;rf;14801051;Majorna-Linné, Masthugget, Nedre;Män;Ej svenska medborgare;50-64;2
2018;rf;14801051;Majorna-Linné, Masthugget, Nedre;Kvinnor;Ej svenska medborgare;50-64;4
2018;rf;14801051;Majorna-Linné, Masthugget, Nedre;Män;Svenska medborgare;65-;115
2018;rf;14801051;Majorna-Linné, Masthugget, Nedre;Kvinnor;Svenska medborgare;65-;138
2018;rf;14801051;Majorna-Linné, Masthugget, Nedre;Män;Ej svenska medborgare;65-;2
2018;rf;14801051;Majorna-Linné, Masthugget, Nedre;Kvinnor;Ej svenska medborgare;65-;8
2018;rf;14801052;Majorna-Linné, Masthugget, Övre;Män;Svenska medborgare;18-29 förstagångsväljare;16
2018;rf;14801052;Majorna-Linné, Masthugget, Övre;Kvinnor;Svenska medborgare;18-29 förstagångsväljare;28
2018;rf;14801052;Majorna-Linné, Masthugget, Övre;Män;Ej svenska medborgare;18-29 förstagångsväljare;0
2018;rf;14801052;Majorna-Linné, Masthugget, Övre;Kvinnor;Ej svenska medborgare;18-29 förstagångsväljare;1
2018;rf;14801052;Majorna-Linné, Masthugget, Övre;Män;Svenska medborgare;18-29 ej förstagångsväljare;104
2018;rf;14801052;Majorna-Linné, Masthugget, Övre;Kvinnor;Svenska medborgare;18-29 ej förstagångsväljare;163
2018;rf;14801052;Majorna-Linné, Masthugget, Övre;Män;Ej svenska medborgare;18-29 ej förstagångsväljare;8
2018;rf;14801052;Majorna-Linné, Masthugget, Övre;Kvinnor;Ej svenska medborgare;18-29 ej förstagångsväljare;8
2018;rf;14801052;Majorna-Linné, Masthugget, Övre;Män;Svenska medborgare;30-49;258
2018;rf;14801052;Majorna-Linné, Masthugget, Övre;Kvinnor;Svenska medborgare;30-49;261
2018;rf;14801052;Majorna-Linné, Masthugget, Övre;Män;Ej svenska medborgare;30-49;16
2018;rf;14801052;Majorna-Linné, Masthugget, Övre;Kvinnor;Ej svenska medborgare;30-49;19
2018;rf;14801052;Majorna-Linné, Masthugget, Övre;Män;Svenska medborgare;50-64;122
2018;rf;14801052;Majorna-Linné, Masthugget, Övre;Kvinnor;Svenska medborgare;50-64;131
2018;rf;14801052;Majorna-Linné, Masthugget, Övre;Män;Ej svenska medborgare;50-64;1
2018;rf;14801052;Majorna-Linné, Masthugget, Övre;Kvinnor;Ej svenska medborgare;50-64;2
2018;rf;14801052;Majorna-Linné, Masthugget, Övre;Män;Svenska medborgare;65-;84
2018;rf;14801052;Majorna-Linné, Masthugget, Övre;Kvinnor;Svenska medborgare;65-;107
2018;rf;14801052;Majorna-Linné, Masthugget, Övre;Män;Ej svenska medborgare;65-;5
2018;rf;14801052;Majorna-Linné, Masthugget, Övre;Kvinnor;Ej svenska medborgare;65-;6
2018;rf;14801053;Majorna-Linné, Masthuggstorget;Män;Svenska medborgare;18-29 förstagångsväljare;11
2018;rf;14801053;Majorna-Linné, Masthuggstorget;Kvinnor;Svenska medborgare;18-29 förstagångsväljare;14
2018;rf;14801053;Majorna-Linné, Masthuggstorget;Män;Ej svenska medborgare;18-29 förstagångsväljare;1
2018;rf;14801053;Majorna-Linné, Masthuggstorget;Kvinnor;Ej svenska medborgare;18-29 förstagångsväljare;1
2018;rf;14801053;Majorna-Linné, Masthuggstorget;Män;Svenska medborgare;18-29 ej förstagångsväljare;98
2018;rf;14801053;Majorna-Linné, Masthuggstorget;Kvinnor;Svenska medborgare;18-29 ej förstagångsväljare;116
2018;rf;14801053;Majorna-Linné, Masthuggstorget;Män;Ej svenska medborgare;18-29 ej förstagångsväljare;11
2018;rf;14801053;Majorna-Linné, Masthuggstorget;Kvinnor;Ej svenska medborgare;18-29 ej förstagångsväljare;14
2018;rf;14801053;Majorna-Linné, Masthuggstorget;Män;Svenska medborgare;30-49;273
2018;rf;14801053;Majorna-Linné, Masthuggstorget;Kvinnor;Svenska medborgare;30-49;187
2018;rf;14801053;Majorna-Linné, Masthuggstorget;Män;Ej svenska medborgare;30-49;36
2018;rf;14801053;Majorna-Linné, Masthuggstorget;Kvinnor;Ej svenska medborgare;30-49;31
2018;rf;14801053;Majorna-Linné, Masthuggstorget;Män;Svenska medborgare;50-64;121
2018;rf;14801053;Majorna-Linné, Masthuggstorget;Kvinnor;Svenska medborgare;50-64;139
2018;rf;14801053;Majorna-Linné, Masthuggstorget;Män;Ej svenska medborgare;50-64;3
2018;rf;14801053;Majorna-Linné, Masthuggstorget;Kvinnor;Ej svenska medborgare;50-64;7
2018;rf;14801053;Majorna-Linné, Masthuggstorget;Män;Svenska medborgare;65-;108
2018;rf;14801053;Majorna-Linné, Masthuggstorget;Kvinnor;Svenska medborgare;65-;120
2018;rf;14801053;Majorna-Linné, Masthuggstorget;Män;Ej svenska medborgare;65-;5
2018;rf;14801053;Majorna-Linné, Masthuggstorget;Kvinnor;Ej svenska medborgare;65-;4
2018;rf;14801054;Majorna-Linné, Oscar Fredrik;Män;Svenska medborgare;18-29 förstagångsväljare;19
2018;rf;14801054;Majorna-Linné, Oscar Fredrik;Kvinnor;Svenska medborgare;18-29 förstagångsväljare;21
2018;rf;14801054;Majorna-Linné, Oscar Fredrik;Män;Ej svenska medborgare;18-29 förstagångsväljare;0
2018;rf;14801054;Majorna-Linné, Oscar Fredrik;Kvinnor;Ej svenska medborgare;18-29 förstagångsväljare;0
2018;rf;14801054;Majorna-Linné, Oscar Fredrik;Män;Svenska medborgare;18-29 ej förstagångsväljare;107
2018;rf;14801054;Majorna-Linné, Oscar Fredrik;Kvinnor;Svenska medborgare;18-29 ej förstagångsväljare;122
2018;rf;14801054;Majorna-Linné, Oscar Fredrik;Män;Ej svenska medborgare;18-29 ej förstagångsväljare;8
2018;rf;14801054;Majorna-Linné, Oscar Fredrik;Kvinnor;Ej svenska medborgare;18-29 ej förstagångsväljare;6
2018;rf;14801054;Majorna-Linné, Oscar Fredrik;Män;Svenska medborgare;30-49;191
2018;rf;14801054;Majorna-Linné, Oscar Fredrik;Kvinnor;Svenska medborgare;30-49;164
2018;rf;14801054;Majorna-Linné, Oscar Fredrik;Män;Ej svenska medborgare;30-49;10
2018;rf;14801054;Majorna-Linné, Oscar Fredrik;Kvinnor;Ej svenska medborgare;30-49;16
2018;rf;14801054;Majorna-Linné, Oscar Fredrik;Män;Svenska medborgare;50-64;104
2018;rf;14801054;Majorna-Linné, Oscar Fredrik;Kvinnor;Svenska medborgare;50-64;115
2018;rf;14801054;Majorna-Linné, Oscar Fredrik;Män;Ej svenska medborgare;50-64;2
2018;rf;14801054;Majorna-Linné, Oscar Fredrik;Kvinnor;Ej svenska medborgare;50-64;3
2018;rf;14801054;Majorna-Linné, Oscar Fredrik;Män;Svenska medborgare;65-;93
2018;rf;14801054;Majorna-Linné, Oscar Fredrik;Kvinnor;Svenska medborgare;65-;109
2018;rf;14801054;Majorna-Linné, Oscar Fredrik;Män;Ej svenska medborgare;65-;1
2018;rf;14801054;Majorna-Linné, Oscar Fredrik;Kvinnor;Ej svenska medborgare;65-;2
2018;rf;14801055;Majorna-Linné, Sjömansgatan m fl;Män;Svenska medborgare;18-29 förstagångsväljare;15
2018;rf;14801055;Majorna-Linné, Sjömansgatan m fl;Kvinnor;Svenska medborgare;18-29 förstagångsväljare;10
2018;rf;14801055;Majorna-Linné, Sjömansgatan m fl;Män;Ej svenska medborgare;18-29 förstagångsväljare;4
2018;rf;14801055;Majorna-Linné, Sjömansgatan m fl;Kvinnor;Ej svenska medborgare;18-29 förstagångsväljare;0
2018;rf;14801055;Majorna-Linné, Sjömansgatan m fl;Män;Svenska medborgare;18-29 ej förstagångsväljare;76
2018;rf;14801055;Majorna-Linné, Sjömansgatan m fl;Kvinnor;Svenska medborgare;18-29 ej förstagångsväljare;110
2018;rf;14801055;Majorna-Linné, Sjömansgatan m fl;Män;Ej svenska medborgare;18-29 ej förstagångsväljare;5
2018;rf;14801055;Majorna-Linné, Sjömansgatan m fl;Kvinnor;Ej svenska medborgare;18-29 ej förstagångsväljare;9
2018;rf;14801055;Majorna-Linné, Sjömansgatan m fl;Män;Svenska medborgare;30-49;192
2018;rf;14801055;Majorna-Linné, Sjömansgatan m fl;Kvinnor;Svenska medborgare;30-49;196
2018;rf;14801055;Majorna-Linné, Sjömansgatan m fl;Män;Ej svenska medborgare;30-49;18
2018;rf;14801055;Majorna-Linné, Sjömansgatan m fl;Kvinnor;Ej svenska medborgare;30-49;8
2018;rf;14801055;Majorna-Linné, Sjömansgatan m fl;Män;Svenska medborgare;50-64;117
2018;rf;14801055;Majorna-Linné, Sjömansgatan m fl;Kvinnor;Svenska medborgare;50-64;150
2018;rf;14801055;Majorna-Linné, Sjömansgatan m fl;Män;Ej svenska medborgare;50-64;7
2018;rf;14801055;Majorna-Linné, Sjömansgatan m fl;Kvinnor;Ej svenska medborgare;50-64;6
2018;rf;14801055;Majorna-Linné, Sjömansgatan m fl;Män;Svenska medborgare;65-;87
2018;rf;14801055;Majorna-Linné, Sjömansgatan m fl;Kvinnor;Svenska medborgare;65-;118
2018;rf;14801055;Majorna-Linné, Sjömansgatan m fl;Män;Ej svenska medborgare;65-;6
2018;rf;14801055;Majorna-Linné, Sjömansgatan m fl;Kvinnor;Ej svenska medborgare;65-;2
2018;rf;14801056;Majorna-Linné, Slottsskogen;Män;Svenska medborgare;18-29 förstagångsväljare;19
2018;rf;14801056;Majorna-Linné, Slottsskogen;Kvinnor;Svenska medborgare;18-29 förstagångsväljare;15
2018;rf;14801056;Majorna-Linné, Slottsskogen;Män;Ej svenska medborgare;18-29 förstagångsväljare;1
2018;rf;14801056;Majorna-Linné, Slottsskogen;Kvinnor;Ej svenska medborgare;18-29 förstagångsväljare;0
2018;rf;14801056;Majorna-Linné, Slottsskogen;Män;Svenska medborgare;18-29 ej förstagångsväljare;89
2018;rf;14801056;Majorna-Linné, Slottsskogen;Kvinnor;Svenska medborgare;18-29 ej förstagångsväljare;104
2018;rf;14801056;Majorna-Linné, Slottsskogen;Män;Ej svenska medborgare;18-29 ej förstagångsväljare;6
2018;rf;14801056;Majorna-Linné, Slottsskogen;Kvinnor;Ej svenska medborgare;18-29 ej förstagångsväljare;9
2018;rf;14801056;Majorna-Linné, Slottsskogen;Män;Svenska medborgare;30-49;166
2018;rf;14801056;Majorna-Linné, Slottsskogen;Kvinnor;Svenska medborgare;30-49;173
2018;rf;14801056;Majorna-Linné, Slottsskogen;Män;Ej svenska medborgare;30-49;12
2018;rf;14801056;Majorna-Linné, Slottsskogen;Kvinnor;Ej svenska medborgare;30-49;12
2018;rf;14801056;Majorna-Linné, Slottsskogen;Män;Svenska medborgare;50-64;102
2018;rf;14801056;Majorna-Linné, Slottsskogen;Kvinnor;Svenska medborgare;50-64;86
2018;rf;14801056;Majorna-Linné, Slottsskogen;Män;Ej svenska medborgare;50-64;4
2018;rf;14801056;Majorna-Linné, Slottsskogen;Kvinnor;Ej svenska medborgare;50-64;6
2018;rf;14801056;Majorna-Linné, Slottsskogen;Män;Svenska medborgare;65-;107
2018;rf;14801056;Majorna-Linné, Slottsskogen;Kvinnor;Svenska medborgare;65-;202
2018;rf;14801056;Majorna-Linné, Slottsskogen;Män;Ej svenska medborgare;65-;3
2018;rf;14801056;Majorna-Linné, Slottsskogen;Kvinnor;Ej svenska medborgare;65-;7
2018;rf;14801057;Majorna-Linné, Stigberget;Män;Svenska medborgare;18-29 förstagångsväljare;24
2018;rf;14801057;Majorna-Linné, Stigberget;Kvinnor;Svenska medborgare;18-29 förstagångsväljare;32
2018;rf;14801057;Majorna-Linné, Stigberget;Män;Ej svenska medborgare;18-29 förstagångsväljare;0
2018;rf;14801057;Majorna-Linné, Stigberget;Kvinnor;Ej svenska medborgare;18-29 förstagångsväljare;1
2018;rf;14801057;Majorna-Linné, Stigberget;Män;Svenska medborgare;18-29 ej förstagångsväljare;130
2018;rf;14801057;Majorna-Linné, Stigberget;Kvinnor;Svenska medborgare;18-29 ej förstagångsväljare;139
2018;rf;14801057;Majorna-Linné, Stigberget;Män;Ej svenska medborgare;18-29 ej förstagångsväljare;22
2018;rf;14801057;Majorna-Linné, Stigberget;Kvinnor;Ej svenska medborgare;18-29 ej förstagångsväljare;11
2018;rf;14801057;Majorna-Linné, Stigberget;Män;Svenska medborgare;30-49;191
2018;rf;14801057;Majorna-Linné, Stigberget;Kvinnor;Svenska medborgare;30-49;175
2018;rf;14801057;Majorna-Linné, Stigberget;Män;Ej svenska medborgare;30-49;24
2018;rf;14801057;Majorna-Linné, Stigberget;Kvinnor;Ej svenska medborgare;30-49;15
2018;rf;14801057;Majorna-Linné, Stigberget;Män;Svenska medborgare;50-64;118
2018;rf;14801057;Majorna-Linné, Stigberget;Kvinnor;Svenska medborgare;50-64;106
2018;rf;14801057;Majorna-Linné, Stigberget;Män;Ej svenska medborgare;50-64;7
2018;rf;14801057;Majorna-Linné, Stigberget;Kvinnor;Ej svenska medborgare;50-64;1
2018;rf;14801057;Majorna-Linné, Stigberget;Män;Svenska medborgare;65-;65
2018;rf;14801057;Majorna-Linné, Stigberget;Kvinnor;Svenska medborgare;65-;94
2018;rf;14801057;Majorna-Linné, Stigberget;Män;Ej svenska medborgare;65-;4
2018;rf;14801057;Majorna-Linné, Stigberget;Kvinnor;Ej svenska medborgare;65-;2
2018;rf;14801058;Majorna-Linné, Vegastaden;Män;Svenska medborgare;18-29 förstagångsväljare;14
2018;rf;14801058;Majorna-Linné, Vegastaden;Kvinnor;Svenska medborgare;18-29 förstagångsväljare;34
2018;rf;14801058;Majorna-Linné, Vegastaden;Män;Ej svenska medborgare;18-29 förstagångsväljare;0
2018;rf;14801058;Majorna-Linné, Vegastaden;Kvinnor;Ej svenska medborgare;18-29 förstagångsväljare;0
2018;rf;14801058;Majorna-Linné, Vegastaden;Män;Svenska medborgare;18-29 ej förstagångsväljare;109
2018;rf;14801058;Majorna-Linné, Vegastaden;Kvinnor;Svenska medborgare;18-29 ej förstagångsväljare;112
2018;rf;14801058;Majorna-Linné, Vegastaden;Män;Ej svenska medborgare;18-29 ej förstagångsväljare;8
2018;rf;14801058;Majorna-Linné, Vegastaden;Kvinnor;Ej svenska medborgare;18-29 ej förstagångsväljare;8
2018;rf;14801058;Majorna-Linné, Vegastaden;Män;Svenska medborgare;30-49;232
2018;rf;14801058;Majorna-Linné, Vegastaden;Kvinnor;Svenska medborgare;30-49;220
2018;rf;14801058;Majorna-Linné, Vegastaden;Män;Ej svenska medborgare;30-49;23
2018;rf;14801058;Majorna-Linné, Vegastaden;Kvinnor;Ej svenska medborgare;30-49;15
2018;rf;14801058;Majorna-Linné, Vegastaden;Män;Svenska medborgare;50-64;133
2018;rf;14801058;Majorna-Linné, Vegastaden;Kvinnor;Svenska medborgare;50-64;152
2018;rf;14801058;Majorna-Linné, Vegastaden;Män;Ej svenska medborgare;50-64;4
2018;rf;14801058;Majorna-Linné, Vegastaden;Kvinnor;Ej svenska medborgare;50-64;6
2018;rf;14801058;Majorna-Linné, Vegastaden;Män;Svenska medborgare;65-;87
2018;rf;14801058;Majorna-Linné, Vegastaden;Kvinnor;Svenska medborgare;65-;140
2018;rf;14801058;Majorna-Linné, Vegastaden;Män;Ej svenska medborgare;65-;7
2018;rf;14801058;Majorna-Linné, Vegastaden;Kvinnor;Ej svenska medborgare;65-;6
2018;rf;14801061;Majorna-Linné, Änggården;Män;Svenska medborgare;18-29 förstagångsväljare;38
2018;rf;14801061;Majorna-Linné, Änggården;Kvinnor;Svenska medborgare;18-29 förstagångsväljare;45
2018;rf;14801061;Majorna-Linné, Änggården;Män;Ej svenska medborgare;18-29 förstagångsväljare;7
2018;rf;14801061;Majorna-Linné, Änggården;Kvinnor;Ej svenska medborgare;18-29 förstagångsväljare;5
2018;rf;14801061;Majorna-Linné, Änggården;Män;Svenska medborgare;18-29 ej förstagångsväljare;80
2018;rf;14801061;Majorna-Linné, Änggården;Kvinnor;Svenska medborgare;18-29 ej förstagångsväljare;68
2018;rf;14801061;Majorna-Linné, Änggården;Män;Ej svenska medborgare;18-29 ej förstagångsväljare;20
2018;rf;14801061;Majorna-Linné, Änggården;Kvinnor;Ej svenska medborgare;18-29 ej förstagångsväljare;12
2018;rf;14801061;Majorna-Linné, Änggården;Män;Svenska medborgare;30-49;128
2018;rf;14801061;Majorna-Linné, Änggården;Kvinnor;Svenska medborgare;30-49;128
2018;rf;14801061;Majorna-Linné, Änggården;Män;Ej svenska medborgare;30-49;36
2018;rf;14801061;Majorna-Linné, Änggården;Kvinnor;Ej svenska medborgare;30-49;32
2018;rf;14801061;Majorna-Linné, Änggården;Män;Svenska medborgare;50-64;134
2018;rf;14801061;Majorna-Linné, Änggården;Kvinnor;Svenska medborgare;50-64;140
2018;rf;14801061;Majorna-Linné, Änggården;Män;Ej svenska medborgare;50-64;7
2018;rf;14801061;Majorna-Linné, Änggården;Kvinnor;Ej svenska medborgare;50-64;2
2018;rf;14801061;Majorna-Linné, Änggården;Män;Svenska medborgare;65-;157
2018;rf;14801061;Majorna-Linné, Änggården;Kvinnor;Svenska medborgare;65-;220
2018;rf;14801061;Majorna-Linné, Änggården;Män;Ej svenska medborgare;65-;2
2018;rf;14801061;Majorna-Linné, Änggården;Kvinnor;Ej svenska medborgare;65-;3
2018;rf;14801071;Majorna-Linné, Haga Västra;Män;Svenska medborgare;18-29 förstagångsväljare;25
2018;rf;14801071;Majorna-Linné, Haga Västra;Kvinnor;Svenska medborgare;18-29 förstagångsväljare;14
2018;rf;14801071;Majorna-Linné, Haga Västra;Män;Ej svenska medborgare;18-29 förstagångsväljare;0
2018;rf;14801071;Majorna-Linné, Haga Västra;Kvinnor;Ej svenska medborgare;18-29 förstagångsväljare;0
2018;rf;14801071;Majorna-Linné, Haga Västra;Män;Svenska medborgare;18-29 ej förstagångsväljare;62
2018;rf;14801071;Majorna-Linné, Haga Västra;Kvinnor;Svenska medborgare;18-29 ej förstagångsväljare;58
2018;rf;14801071;Majorna-Linné, Haga Västra;Män;Ej svenska medborgare;18-29 ej förstagångsväljare;2
2018;rf;14801071;Majorna-Linné, Haga Västra;Kvinnor;Ej svenska medborgare;18-29 ej förstagångsväljare;4
2018;rf;14801071;Majorna-Linné, Haga Västra;Män;Svenska medborgare;30-49;210
2018;rf;14801071;Majorna-Linné, Haga Västra;Kvinnor;Svenska medborgare;30-49;206
2018;rf;14801071;Majorna-Linné, Haga Västra;Män;Ej svenska medborgare;30-49;21
2018;rf;14801071;Majorna-Linné, Haga Västra;Kvinnor;Ej svenska medborgare;30-49;24
2018;rf;14801071;Majorna-Linné, Haga Västra;Män;Svenska medborgare;50-64;175
2018;rf;14801071;Majorna-Linné, Haga Västra;Kvinnor;Svenska medborgare;50-64;221
2018;rf;14801071;Majorna-Linné, Haga Västra;Män;Ej svenska medborgare;50-64;8
2018;rf;14801071;Majorna-Linné, Haga Västra;Kvinnor;Ej svenska medborgare;50-64;8
2018;rf;14801071;Majorna-Linné, Haga Västra;Män;Svenska medborgare;65-;109
2018;rf;14801071;Majorna-Linné, Haga Västra;Kvinnor;Svenska medborgare;65-;136
2018;rf;14801071;Majorna-Linné, Haga Västra;Män;Ej svenska medborgare;65-;2
2018;rf;14801071;Majorna-Linné, Haga Västra;Kvinnor;Ej svenska medborgare;65-;5
2018;rf;14801072;Majorna-Linné, Haga Östra;Män;Svenska medborgare;18-29 förstagångsväljare;17
2018;rf;14801072;Majorna-Linné, Haga Östra;Kvinnor;Svenska medborgare;18-29 förstagångsväljare;22
2018;rf;14801072;Majorna-Linné, Haga Östra;Män;Ej svenska medborgare;18-29 förstagångsväljare;0
2018;rf;14801072;Majorna-Linné, Haga Östra;Kvinnor;Ej svenska medborgare;18-29 förstagångsväljare;0
2018;rf;14801072;Majorna-Linné, Haga Östra;Män;Svenska medborgare;18-29 ej förstagångsväljare;56
2018;rf;14801072;Majorna-Linné, Haga Östra;Kvinnor;Svenska medborgare;18-29 ej förstagångsväljare;63
2018;rf;14801072;Majorna-Linné, Haga Östra;Män;Ej svenska medborgare;18-29 ej förstagångsväljare;4
2018;rf;14801072;Majorna-Linné, Haga Östra;Kvinnor;Ej svenska medborgare;18-29 ej förstagångsväljare;1
2018;rf;14801072;Majorna-Linné, Haga Östra;Män;Svenska medborgare;30-49;153
2018;rf;14801072;Majorna-Linné, Haga Östra;Kvinnor;Svenska medborgare;30-49;185
2018;rf;14801072;Majorna-Linné, Haga Östra;Män;Ej svenska medborgare;30-49;15
2018;rf;14801072;Majorna-Linné, Haga Östra;Kvinnor;Ej svenska medborgare;30-49;12
2018;rf;14801072;Majorna-Linné, Haga Östra;Män;Svenska medborgare;50-64;106
2018;rf;14801072;Majorna-Linné, Haga Östra;Kvinnor;Svenska medborgare;50-64;155
2018;rf;14801072;Majorna-Linné, Haga Östra;Män;Ej svenska medborgare;50-64;6
2018;rf;14801072;Majorna-Linné, Haga Östra;Kvinnor;Ej svenska medborgare;50-64;1
2018;rf;14801072;Majorna-Linné, Haga Östra;Män;Svenska medborgare;65-;69
2018;rf;14801072;Majorna-Linné, Haga Östra;Kvinnor;Svenska medborgare;65-;81
2018;rf;14801072;Majorna-Linné, Haga Östra;Män;Ej svenska medborgare;65-;4
2018;rf;14801072;Majorna-Linné, Haga Östra;Kvinnor;Ej svenska medborgare;65-;2
2018;rf;14801073;Majorna-Linné, Skansberget;Män;Svenska medborgare;18-29 förstagångsväljare;26
2018;rf;14801073;Majorna-Linné, Skansberget;Kvinnor;Svenska medborgare;18-29 förstagångsväljare;28
2018;rf;14801073;Majorna-Linné, Skansberget;Män;Ej svenska medborgare;18-29 förstagångsväljare;0
2018;rf;14801073;Majorna-Linné, Skansberget;Kvinnor;Ej svenska medborgare;18-29 förstagångsväljare;0
2018;rf;14801073;Majorna-Linné, Skansberget;Män;Svenska medborgare;18-29 ej förstagångsväljare;48
2018;rf;14801073;Majorna-Linné, Skansberget;Kvinnor;Svenska medborgare;18-29 ej förstagångsväljare;37
2018;rf;14801073;Majorna-Linné, Skansberget;Män;Ej svenska medborgare;18-29 ej förstagångsväljare;6
2018;rf;14801073;Majorna-Linné, Skansberget;Kvinnor;Ej svenska medborgare;18-29 ej förstagångsväljare;7
2018;rf;14801073;Majorna-Linné, Skansberget;Män;Svenska medborgare;30-49;169
2018;rf;14801073;Majorna-Linné, Skansberget;Kvinnor;Svenska medborgare;30-49;166
2018;rf;14801073;Majorna-Linné, Skansberget;Män;Ej svenska medborgare;30-49;14
2018;rf;14801073;Majorna-Linné, Skansberget;Kvinnor;Ej svenska medborgare;30-49;13
2018;rf;14801073;Majorna-Linné, Skansberget;Män;Svenska medborgare;50-64;140
2018;rf;14801073;Majorna-Linné, Skansberget;Kvinnor;Svenska medborgare;50-64;178
2018;rf;14801073;Majorna-Linné, Skansberget;Män;Ej svenska medborgare;50-64;3
2018;rf;14801073;Majorna-Linné, Skansberget;Kvinnor;Ej svenska medborgare;50-64;4
2018;rf;14801073;Majorna-Linné, Skansberget;Män;Svenska medborgare;65-;103
2018;rf;14801073;Majorna-Linné, Skansberget;Kvinnor;Svenska medborgare;65-;148
2018;rf;14801073;Majorna-Linné, Skansberget;Män;Ej svenska medborgare;65-;3
2018;rf;14801073;Majorna-Linné, Skansberget;Kvinnor;Ej svenska medborgare;65-;2
2018;rf;14801081;Majorna-Linné, Annedal, Norra;Män;Svenska medborgare;18-29 förstagångsväljare;12
2018;rf;14801081;Majorna-Linné, Annedal, Norra;Kvinnor;Svenska medborgare;18-29 förstagångsväljare;18
2018;rf;14801081;Majorna-Linné, Annedal, Norra;Män;Ej svenska medborgare;18-29 förstagångsväljare;0
2018;rf;14801081;Majorna-Linné, Annedal, Norra;Kvinnor;Ej svenska medborgare;18-29 förstagångsväljare;1
2018;rf;14801081;Majorna-Linné, Annedal, Norra;Män;Svenska medborgare;18-29 ej förstagångsväljare;111
2018;rf;14801081;Majorna-Linné, Annedal, Norra;Kvinnor;Svenska medborgare;18-29 ej förstagångsväljare;124
2018;rf;14801081;Majorna-Linné, Annedal, Norra;Män;Ej svenska medborgare;18-29 ej förstagångsväljare;9
2018;rf;14801081;Majorna-Linné, Annedal, Norra;Kvinnor;Ej svenska medborgare;18-29 ej förstagångsväljare;4
2018;rf;14801081;Majorna-Linné, Annedal, Norra;Män;Svenska medborgare;30-49;218
2018;rf;14801081;Majorna-Linné, Annedal, Norra;Kvinnor;Svenska medborgare;30-49;188
2018;rf;14801081;Majorna-Linné, Annedal, Norra;Män;Ej svenska medborgare;30-49;16
2018;rf;14801081;Majorna-Linné, Annedal, Norra;Kvinnor;Ej svenska medborgare;30-49;12
2018;rf;14801081;Majorna-Linné, Annedal, Norra;Män;Svenska medborgare;50-64;90
2018;rf;14801081;Majorna-Linné, Annedal, Norra;Kvinnor;Svenska medborgare;50-64;123
2018;rf;14801081;Majorna-Linné, Annedal, Norra;Män;Ej svenska medborgare;50-64;5
2018;rf;14801081;Majorna-Linné, Annedal, Norra;Kvinnor;Ej svenska medborgare;50-64;4
2018;rf;14801081;Majorna-Linné, Annedal, Norra;Män;Svenska medborgare;65-;103
2018;rf;14801081;Majorna-Linné, Annedal, Norra;Kvinnor;Svenska medborgare;65-;205
2018;rf;14801081;Majorna-Linné, Annedal, Norra;Män;Ej svenska medborgare;65-;7
2018;rf;14801081;Majorna-Linné, Annedal, Norra;Kvinnor;Ej svenska medborgare;65-;7
2018;rf;14801082;Majorna-Linné, Annedal, Södra;Män;Svenska medborgare;18-29 förstagångsväljare;24
2018;rf;14801082;Majorna-Linné, Annedal, Södra;Kvinnor;Svenska medborgare;18-29 förstagångsväljare;21
2018;rf;14801082;Majorna-Linné, Annedal, Södra;Män;Ej svenska medborgare;18-29 förstagångsväljare;0
2018;rf;14801082;Majorna-Linné, Annedal, Södra;Kvinnor;Ej svenska medborgare;18-29 förstagångsväljare;1
2018;rf;14801082;Majorna-Linné, Annedal, Södra;Män;Svenska medborgare;18-29 ej förstagångsväljare;115
2018;rf;14801082;Majorna-Linné, Annedal, Södra;Kvinnor;Svenska medborgare;18-29 ej förstagångsväljare;114
2018;rf;14801082;Majorna-Linné, Annedal, Södra;Män;Ej svenska medborgare;18-29 ej förstagångsväljare;9
2018;rf;14801082;Majorna-Linné, Annedal, Södra;Kvinnor;Ej svenska medborgare;18-29 ej förstagångsväljare;4
2018;rf;14801082;Majorna-Linné, Annedal, Södra;Män;Svenska medborgare;30-49;188
2018;rf;14801082;Majorna-Linné, Annedal, Södra;Kvinnor;Svenska medborgare;30-49;179
2018;rf;14801082;Majorna-Linné, Annedal, Södra;Män;Ej svenska medborgare;30-49;14
2018;rf;14801082;Majorna-Linné, Annedal, Södra;Kvinnor;Ej svenska medborgare;30-49;15
2018;rf;14801082;Majorna-Linné, Annedal, Södra;Män;Svenska medborgare;50-64;87
2018;rf;14801082;Majorna-Linné, Annedal, Södra;Kvinnor;Svenska medborgare;50-64;127
2018;rf;14801082;Majorna-Linné, Annedal, Södra;Män;Ej svenska medborgare;50-64;3
2018;rf;14801082;Majorna-Linné, Annedal, Södra;Kvinnor;Ej svenska medborgare;50-64;1
2018;rf;14801082;Majorna-Linné, Annedal, Södra;Män;Svenska medborgare;65-;82
2018;rf;14801082;Majorna-Linné, Annedal, Södra;Kvinnor;Svenska medborgare;65-;171
2018;rf;14801082;Majorna-Linné, Annedal, Södra;Män;Ej svenska medborgare;65-;2
2018;rf;14801082;Majorna-Linné, Annedal, Södra;Kvinnor;Ej svenska medborgare;65-;1
2018;rf;14801083;Majorna-Linné, Nilssonsberg;Män;Svenska medborgare;18-29 förstagångsväljare;23
2018;rf;14801083;Majorna-Linné, Nilssonsberg;Kvinnor;Svenska medborgare;18-29 förstagångsväljare;23
2018;rf;14801083;Majorna-Linné, Nilssonsberg;Män;Ej svenska medborgare;18-29 förstagångsväljare;0
2018;rf;14801083;Majorna-Linné, Nilssonsberg;Kvinnor;Ej svenska medborgare;18-29 förstagångsväljare;0
2018;rf;14801083;Majorna-Linné, Nilssonsberg;Män;Svenska medborgare;18-29 ej förstagångsväljare;92
2018;rf;14801083;Majorna-Linné, Nilssonsberg;Kvinnor;Svenska medborgare;18-29 ej förstagångsväljare;111
2018;rf;14801083;Majorna-Linné, Nilssonsberg;Män;Ej svenska medborgare;18-29 ej förstagångsväljare;3
2018;rf;14801083;Majorna-Linné, Nilssonsberg;Kvinnor;Ej svenska medborgare;18-29 ej förstagångsväljare;10
2018;rf;14801083;Majorna-Linné, Nilssonsberg;Män;Svenska medborgare;30-49;222
2018;rf;14801083;Majorna-Linné, Nilssonsberg;Kvinnor;Svenska medborgare;30-49;211
2018;rf;14801083;Majorna-Linné, Nilssonsberg;Män;Ej svenska medborgare;30-49;18
2018;rf;14801083;Majorna-Linné, Nilssonsberg;Kvinnor;Ej svenska medborgare;30-49;12
2018;rf;14801083;Majorna-Linné, Nilssonsberg;Män;Svenska medborgare;50-64;111
2018;rf;14801083;Majorna-Linné, Nilssonsberg;Kvinnor;Svenska medborgare;50-64;128
2018;rf;14801083;Majorna-Linné, Nilssonsberg;Män;Ej svenska medborgare;50-64;2
2018;rf;14801083;Majorna-Linné, Nilssonsberg;Kvinnor;Ej svenska medborgare;50-64;5
2018;rf;14801083;Majorna-Linné, Nilssonsberg;Män;Svenska medborgare;65-;163
2018;rf;14801083;Majorna-Linné, Nilssonsberg;Kvinnor;Svenska medborgare;65-;226
2018;rf;14801083;Majorna-Linné, Nilssonsberg;Män;Ej svenska medborgare;65-;3
2018;rf;14801083;Majorna-Linné, Nilssonsberg;Kvinnor;Ej svenska medborgare;65-;3
2018;rf;14801091;Majorna-Linné, Kommendantsängen;Män;Svenska medborgare;18-29 förstagångsväljare;14
2018;rf;14801091;Majorna-Linné, Kommendantsängen;Kvinnor;Svenska medborgare;18-29 förstagångsväljare;13
2018;rf;14801091;Majorna-Linné, Kommendantsängen;Män;Ej svenska medborgare;18-29 förstagångsväljare;0
2018;rf;14801091;Majorna-Linné, Kommendantsängen;Kvinnor;Ej svenska medborgare;18-29 förstagångsväljare;3
2018;rf;14801091;Majorna-Linné, Kommendantsängen;Män;Svenska medborgare;18-29 ej förstagångsväljare;110
2018;rf;14801091;Majorna-Linné, Kommendantsängen;Kvinnor;Svenska medborgare;18-29 ej förstagångsväljare;128
2018;rf;14801091;Majorna-Linné, Kommendantsängen;Män;Ej svenska medborgare;18-29 ej förstagångsväljare;10
2018;rf;14801091;Majorna-Linné, Kommendantsängen;Kvinnor;Ej svenska medborgare;18-29 ej förstagångsväljare;7
2018;rf;14801091;Majorna-Linné, Kommendantsängen;Män;Svenska medborgare;30-49;216
2018;rf;14801091;Majorna-Linné, Kommendantsängen;Kvinnor;Svenska medborgare;30-49;204
2018;rf;14801091;Majorna-Linné, Kommendantsängen;Män;Ej svenska medborgare;30-49;27
2018;rf;14801091;Majorna-Linné, Kommendantsängen;Kvinnor;Ej svenska medborgare;30-49;21
2018;rf;14801091;Majorna-Linné, Kommendantsängen;Män;Svenska medborgare;50-64;140
2018;rf;14801091;Majorna-Linné, Kommendantsängen;Kvinnor;Svenska medborgare;50-64;136
2018;rf;14801091;Majorna-Linné, Kommendantsängen;Män;Ej svenska medborgare;50-64;8
2018;rf;14801091;Majorna-Linné, Kommendantsängen;Kvinnor;Ej svenska medborgare;50-64;2
2018;rf;14801091;Majorna-Linné, Kommendantsängen;Män;Svenska medborgare;65-;98
2018;rf;14801091;Majorna-Linné, Kommendantsängen;Kvinnor;Svenska medborgare;65-;121
2018;rf;14801091;Majorna-Linné, Kommendantsängen;Män;Ej svenska medborgare;65-;4
2018;rf;14801091;Majorna-Linné, Kommendantsängen;Kvinnor;Ej svenska medborgare;65-;5
2018;rf;14801092;Majorna-Linné, Linné;Män;Svenska medborgare;18-29 förstagångsväljare;20
2018;rf;14801092;Majorna-Linné, Linné;Kvinnor;Svenska medborgare;18-29 förstagångsväljare;22
2018;rf;14801092;Majorna-Linné, Linné;Män;Ej svenska medborgare;18-29 förstagångsväljare;0
2018;rf;14801092;Majorna-Linné, Linné;Kvinnor;Ej svenska medborgare;18-29 förstagångsväljare;0
2018;rf;14801092;Majorna-Linné, Linné;Män;Svenska medborgare;18-29 ej förstagångsväljare;106
2018;rf;14801092;Majorna-Linné, Linné;Kvinnor;Svenska medborgare;18-29 ej förstagångsväljare;119
2018;rf;14801092;Majorna-Linné, Linné;Män;Ej svenska medborgare;18-29 ej förstagångsväljare;7
2018;rf;14801092;Majorna-Linné, Linné;Kvinnor;Ej svenska medborgare;18-29 ej förstagångsväljare;14
2018;rf;14801092;Majorna-Linné, Linné;Män;Svenska medborgare;30-49;229
2018;rf;14801092;Majorna-Linné, Linné;Kvinnor;Svenska medborgare;30-49;211
2018;rf;14801092;Majorna-Linné, Linné;Män;Ej svenska medborgare;30-49;20
2018;rf;14801092;Majorna-Linné, Linné;Kvinnor;Ej svenska medborgare;30-49;17
2018;rf;14801092;Majorna-Linné, Linné;Män;Svenska medborgare;50-64;145
2018;rf;14801092;Majorna-Linné, Linné;Kvinnor;Svenska medborgare;50-64;181
2018;rf;14801092;Majorna-Linné, Linné;Män;Ej svenska medborgare;50-64;8
2018;rf;14801092;Majorna-Linné, Linné;Kvinnor;Ej svenska medborgare;50-64;5
2018;rf;14801092;Majorna-Linné, Linné;Män;Svenska medborgare;65-;120
2018;rf;14801092;Majorna-Linné, Linné;Kvinnor;Svenska medborgare;65-;150
2018;rf;14801092;Majorna-Linné, Linné;Män;Ej svenska medborgare;65-;4
2018;rf;14801092;Majorna-Linné, Linné;Kvinnor;Ej svenska medborgare;65-;3
2018;rf;14801093;Majorna-Linné, Linnéplatsen;Män;Svenska medborgare;18-29 förstagångsväljare;15
2018;rf;14801093;Majorna-Linné, Linnéplatsen;Kvinnor;Svenska medborgare;18-29 förstagångsväljare;21
2018;rf;14801093;Majorna-Linné, Linnéplatsen;Män;Ej svenska medborgare;18-29 förstagångsväljare;0
2018;rf;14801093;Majorna-Linné, Linnéplatsen;Kvinnor;Ej svenska medborgare;18-29 förstagångsväljare;1
2018;rf;14801093;Majorna-Linné, Linnéplatsen;Män;Svenska medborgare;18-29 ej förstagångsväljare;96
2018;rf;14801093;Majorna-Linné, Linnéplatsen;Kvinnor;Svenska medborgare;18-29 ej förstagångsväljare;110
2018;rf;14801093;Majorna-Linné, Linnéplatsen;Män;Ej svenska medborgare;18-29 ej förstagångsväljare;5
2018;rf;14801093;Majorna-Linné, Linnéplatsen;Kvinnor;Ej svenska medborgare;18-29 ej förstagångsväljare;5
2018;rf;14801093;Majorna-Linné, Linnéplatsen;Män;Svenska medborgare;30-49;223
2018;rf;14801093;Majorna-Linné, Linnéplatsen;Kvinnor;Svenska medborgare;30-49;210
2018;rf;14801093;Majorna-Linné, Linnéplatsen;Män;Ej svenska medborgare;30-49;12
2018;rf;14801093;Majorna-Linné, Linnéplatsen;Kvinnor;Ej svenska medborgare;30-49;18
2018;rf;14801093;Majorna-Linné, Linnéplatsen;Män;Svenska medborgare;50-64;148
2018;rf;14801093;Majorna-Linné, Linnéplatsen;Kvinnor;Svenska medborgare;50-64;181
2018;rf;14801093;Majorna-Linné, Linnéplatsen;Män;Ej svenska medborgare;50-64;9
2018;rf;14801093;Majorna-Linné, Linnéplatsen;Kvinnor;Ej svenska medborgare;50-64;5
2018;rf;14801093;Majorna-Linné, Linnéplatsen;Män;Svenska medborgare;65-;148
2018;rf;14801093;Majorna-Linné, Linnéplatsen;Kvinnor;Svenska medborgare;65-;175
2018;rf;14801093;Majorna-Linné, Linnéplatsen;Män;Ej svenska medborgare;65-;3
2018;rf;14801093;Majorna-Linné, Linnéplatsen;Kvinnor;Ej svenska medborgare;65-;1
2018;rf;14801094;Majorna-Linné, Långgatorna;Män;Svenska medborgare;18-29 förstagångsväljare;10
2018;rf;14801094;Majorna-Linné, Långgatorna;Kvinnor;Svenska medborgare;18-29 förstagångsväljare;27
2018;rf;14801094;Majorna-Linné, Långgatorna;Män;Ej svenska medborgare;18-29 förstagångsväljare;1
2018;rf;14801094;Majorna-Linné, Långgatorna;Kvinnor;Ej svenska medborgare;18-29 förstagångsväljare;1
2018;rf;14801094;Majorna-Linné, Långgatorna;Män;Svenska medborgare;18-29 ej förstagångsväljare;118
2018;rf;14801094;Majorna-Linné, Långgatorna;Kvinnor;Svenska medborgare;18-29 ej förstagångsväljare;169
2018;rf;14801094;Majorna-Linné, Långgatorna;Män;Ej svenska medborgare;18-29 ej förstagångsväljare;9
2018;rf;14801094;Majorna-Linné, Långgatorna;Kvinnor;Ej svenska medborgare;18-29 ej förstagångsväljare;11
2018;rf;14801094;Majorna-Linné, Långgatorna;Män;Svenska medborgare;30-49;215
2018;rf;14801094;Majorna-Linné, Långgatorna;Kvinnor;Svenska medborgare;30-49;160
2018;rf;14801094;Majorna-Linné, Långgatorna;Män;Ej svenska medborgare;30-49;37
2018;rf;14801094;Majorna-Linné, Långgatorna;Kvinnor;Ej svenska medborgare;30-49;26
2018;rf;14801094;Majorna-Linné, Långgatorna;Män;Svenska medborgare;50-64;106
2018;rf;14801094;Majorna-Linné, Långgatorna;Kvinnor;Svenska medborgare;50-64;114
2018;rf;14801094;Majorna-Linné, Långgatorna;Män;Ej svenska medborgare;50-64;8
2018;rf;14801094;Majorna-Linné, Långgatorna;Kvinnor;Ej svenska medborgare;50-64;3
2018;rf;14801094;Majorna-Linné, Långgatorna;Män;Svenska medborgare;65-;35
2018;rf;14801094;Majorna-Linné, Långgatorna;Kvinnor;Svenska medborgare;65-;41
2018;rf;14801094;Majorna-Linné, Långgatorna;Män;Ej svenska medborgare;65-;3
2018;rf;14801094;Majorna-Linné, Långgatorna;Kvinnor;Ej svenska medborgare;65-;1
2018;rf;14801095;Majorna-Linné, Olivedal;Män;Svenska medborgare;18-29 förstagångsväljare;23
2018;rf;14801095;Majorna-Linné, Olivedal;Kvinnor;Svenska medborgare;18-29 förstagångsväljare;18
2018;rf;14801095;Majorna-Linné, Olivedal;Män;Ej svenska medborgare;18-29 förstagångsväljare;0
2018;rf;14801095;Majorna-Linné, Olivedal;Kvinnor;Ej svenska medborgare;18-29 förstagångsväljare;0
2018;rf;14801095;Majorna-Linné, Olivedal;Män;Svenska medborgare;18-29 ej förstagångsväljare;78
2018;rf;14801095;Majorna-Linné, Olivedal;Kvinnor;Svenska medborgare;18-29 ej förstagångsväljare;97
2018;rf;14801095;Majorna-Linné, Olivedal;Män;Ej svenska medborgare;18-29 ej förstagångsväljare;6
2018;rf;14801095;Majorna-Linné, Olivedal;Kvinnor;Ej svenska medborgare;18-29 ej förstagångsväljare;8
2018;rf;14801095;Majorna-Linné, Olivedal;Män;Svenska medborgare;30-49;204
2018;rf;14801095;Majorna-Linné, Olivedal;Kvinnor;Svenska medborgare;30-49;200
2018;rf;14801095;Majorna-Linné, Olivedal;Män;Ej svenska medborgare;30-49;23
2018;rf;14801095;Majorna-Linné, Olivedal;Kvinnor;Ej svenska medborgare;30-49;15
2018;rf;14801095;Majorna-Linné, Olivedal;Män;Svenska medborgare;50-64;84
2018;rf;14801095;Majorna-Linné, Olivedal;Kvinnor;Svenska medborgare;50-64;120
2018;rf;14801095;Majorna-Linné, Olivedal;Män;Ej svenska medborgare;50-64;5
2018;rf;14801095;Majorna-Linné, Olivedal;Kvinnor;Ej svenska medborgare;50-64;7
2018;rf;14801095;Majorna-Linné, Olivedal;Män;Svenska medborgare;65-;87
2018;rf;14801095;Majorna-Linné, Olivedal;Kvinnor;Svenska medborgare;65-;110
2018;rf;14801095;Majorna-Linné, Olivedal;Män;Ej svenska medborgare;65-;5
2018;rf;14801095;Majorna-Linné, Olivedal;Kvinnor;Ej svenska medborgare;65-;3
2018;rf;14801096;Majorna-Linné, Plantagegatan, m fl;Män;Svenska medborgare;18-29 förstagångsväljare;19
2018;rf;14801096;Majorna-Linné, Plantagegatan, m fl;Kvinnor;Svenska medborgare;18-29 förstagångsväljare;15
2018;rf;14801096;Majorna-Linné, Plantagegatan, m fl;Män;Ej svenska medborgare;18-29 förstagångsväljare;1
2018;rf;14801096;Majorna-Linné, Plantagegatan, m fl;Kvinnor;Ej svenska medborgare;18-29 förstagångsväljare;1
2018;rf;14801096;Majorna-Linné, Plantagegatan, m fl;Män;Svenska medborgare;18-29 ej förstagångsväljare;56
2018;rf;14801096;Majorna-Linné, Plantagegatan, m fl;Kvinnor;Svenska medborgare;18-29 ej förstagångsväljare;59
2018;rf;14801096;Majorna-Linné, Plantagegatan, m fl;Män;Ej svenska medborgare;18-29 ej förstagångsväljare;5
2018;rf;14801096;Majorna-Linné, Plantagegatan, m fl;Kvinnor;Ej svenska medborgare;18-29 ej förstagångsväljare;1
2018;rf;14801096;Majorna-Linné, Plantagegatan, m fl;Män;Svenska medborgare;30-49;175
2018;rf;14801096;Majorna-Linné, Plantagegatan, m fl;Kvinnor;Svenska medborgare;30-49;156
2018;rf;14801096;Majorna-Linné, Plantagegatan, m fl;Män;Ej svenska medborgare;30-49;17
2018;rf;14801096;Majorna-Linné, Plantagegatan, m fl;Kvinnor;Ej svenska medborgare;30-49;17
2018;rf;14801096;Majorna-Linné, Plantagegatan, m fl;Män;Svenska medborgare;50-64;133
2018;rf;14801096;Majorna-Linné, Plantagegatan, m fl;Kvinnor;Svenska medborgare;50-64;116
2018;rf;14801096;Majorna-Linné, Plantagegatan, m fl;Män;Ej svenska medborgare;50-64;4
2018;rf;14801096;Majorna-Linné, Plantagegatan, m fl;Kvinnor;Ej svenska medborgare;50-64;7
2018;rf;14801096;Majorna-Linné, Plantagegatan, m fl;Män;Svenska medborgare;65-;105
2018;rf;14801096;Majorna-Linné, Plantagegatan, m fl;Kvinnor;Svenska medborgare;65-;125
2018;rf;14801096;Majorna-Linné, Plantagegatan, m fl;Män;Ej svenska medborgare;65-;3
2018;rf;14801096;Majorna-Linné, Plantagegatan, m fl;Kvinnor;Ej svenska medborgare;65-;2
2018;rf;14801097;Majorna-Linné, Risåsen;Män;Svenska medborgare;18-29 förstagångsväljare;22
2018;rf;14801097;Majorna-Linné, Risåsen;Kvinnor;Svenska medborgare;18-29 förstagångsväljare;20
2018;rf;14801097;Majorna-Linné, Risåsen;Män;Ej svenska medborgare;18-29 förstagångsväljare;0
2018;rf;14801097;Majorna-Linné, Risåsen;Kvinnor;Ej svenska medborgare;18-29 förstagångsväljare;1
2018;rf;14801097;Majorna-Linné, Risåsen;Män;Svenska medborgare;18-29 ej förstagångsväljare;135
2018;rf;14801097;Majorna-Linné, Risåsen;Kvinnor;Svenska medborgare;18-29 ej förstagångsväljare;161
2018;rf;14801097;Majorna-Linné, Risåsen;Män;Ej svenska medborgare;18-29 ej förstagångsväljare;13
2018;rf;14801097;Majorna-Linné, Risåsen;Kvinnor;Ej svenska medborgare;18-29 ej förstagångsväljare;7
2018;rf;14801097;Majorna-Linné, Risåsen;Män;Svenska medborgare;30-49;209
2018;rf;14801097;Majorna-Linné, Risåsen;Kvinnor;Svenska medborgare;30-49;175
2018;rf;14801097;Majorna-Linné, Risåsen;Män;Ej svenska medborgare;30-49;17
2018;rf;14801097;Majorna-Linné, Risåsen;Kvinnor;Ej svenska medborgare;30-49;17
2018;rf;14801097;Majorna-Linné, Risåsen;Män;Svenska medborgare;50-64;108
2018;rf;14801097;Majorna-Linné, Risåsen;Kvinnor;Svenska medborgare;50-64;110
2018;rf;14801097;Majorna-Linné, Risåsen;Män;Ej svenska medborgare;50-64;4
2018;rf;14801097;Majorna-Linné, Risåsen;Kvinnor;Ej svenska medborgare;50-64;4
2018;rf;14801097;Majorna-Linné, Risåsen;Män;Svenska medborgare;65-;58
2018;rf;14801097;Majorna-Linné, Risåsen;Kvinnor;Svenska medborgare;65-;107
2018;rf;14801097;Majorna-Linné, Risåsen;Män;Ej svenska medborgare;65-;0
2018;rf;14801097;Majorna-Linné, Risåsen;Kvinnor;Ej svenska medborgare;65-;0
2018;rf;14801098;Majorna-Linné, Sveaplan;Män;Svenska medborgare;18-29 förstagångsväljare;23
2018;rf;14801098;Majorna-Linné, Sveaplan;Kvinnor;Svenska medborgare;18-29 förstagångsväljare;20
2018;rf;14801098;Majorna-Linné, Sveaplan;Män;Ej svenska medborgare;18-29 förstagångsväljare;1
2018;rf;14801098;Majorna-Linné, Sveaplan;Kvinnor;Ej svenska medborgare;18-29 förstagångsväljare;2
2018;rf;14801098;Majorna-Linné, Sveaplan;Män;Svenska medborgare;18-29 ej förstagångsväljare;59
2018;rf;14801098;Majorna-Linné, Sveaplan;Kvinnor;Svenska medborgare;18-29 ej förstagångsväljare;76
2018;rf;14801098;Majorna-Linné, Sveaplan;Män;Ej svenska medborgare;18-29 ej förstagångsväljare;4
2018;rf;14801098;Majorna-Linné, Sveaplan;Kvinnor;Ej svenska medborgare;18-29 ej förstagångsväljare;6
2018;rf;14801098;Majorna-Linné, Sveaplan;Män;Svenska medborgare;30-49;200
2018;rf;14801098;Majorna-Linné, Sveaplan;Kvinnor;Svenska medborgare;30-49;170
2018;rf;14801098;Majorna-Linné, Sveaplan;Män;Ej svenska medborgare;30-49;19
2018;rf;14801098;Majorna-Linné, Sveaplan;Kvinnor;Ej svenska medborgare;30-49;20
2018;rf;14801098;Majorna-Linné, Sveaplan;Män;Svenska medborgare;50-64;127
2018;rf;14801098;Majorna-Linné, Sveaplan;Kvinnor;Svenska medborgare;50-64;171
2018;rf;14801098;Majorna-Linné, Sveaplan;Män;Ej svenska medborgare;50-64;7
2018;rf;14801098;Majorna-Linné, Sveaplan;Kvinnor;Ej svenska medborgare;50-64;4
2018;rf;14801098;Majorna-Linné, Sveaplan;Män;Svenska medborgare;65-;195
2018;rf;14801098;Majorna-Linné, Sveaplan;Kvinnor;Svenska medborgare;65-;242
2018;rf;14801098;Majorna-Linné, Sveaplan;Män;Ej svenska medborgare;65-;4
2018;rf;14801098;Majorna-Linné, Sveaplan;Kvinnor;Ej svenska medborgare;65-;7
2018;rf;14801100;Centrum, Framnäs;Män;Svenska medborgare;18-29 förstagångsväljare;17
2018;rf;14801100;Centrum, Framnäs;Kvinnor;Svenska medborgare;18-29 förstagångsväljare;17
2018;rf;14801100;Centrum, Framnäs;Män;Ej svenska medborgare;18-29 förstagångsväljare;0
2018;rf;14801100;Centrum, Framnäs;Kvinnor;Ej svenska medborgare;18-29 förstagångsväljare;2
2018;rf;14801100;Centrum, Framnäs;Män;Svenska medborgare;18-29 ej förstagångsväljare;130
2018;rf;14801100;Centrum, Framnäs;Kvinnor;Svenska medborgare;18-29 ej förstagångsväljare;127
2018;rf;14801100;Centrum, Framnäs;Män;Ej svenska medborgare;18-29 ej förstagångsväljare;5
2018;rf;14801100;Centrum, Framnäs;Kvinnor;Ej svenska medborgare;18-29 ej förstagångsväljare;4
2018;rf;14801100;Centrum, Framnäs;Män;Svenska medborgare;30-49;206
2018;rf;14801100;Centrum, Framnäs;Kvinnor;Svenska medborgare;30-49;212
2018;rf;14801100;Centrum, Framnäs;Män;Ej svenska medborgare;30-49;20
2018;rf;14801100;Centrum, Framnäs;Kvinnor;Ej svenska medborgare;30-49;18
2018;rf;14801100;Centrum, Framnäs;Män;Svenska medborgare;50-64;87
2018;rf;14801100;Centrum, Framnäs;Kvinnor;Svenska medborgare;50-64;95
2018;rf;14801100;Centrum, Framnäs;Män;Ej svenska medborgare;50-64;5
2018;rf;14801100;Centrum, Framnäs;Kvinnor;Ej svenska medborgare;50-64;2
2018;rf;14801100;Centrum, Framnäs;Män;Svenska medborgare;65-;85
2018;rf;14801100;Centrum, Framnäs;Kvinnor;Svenska medborgare;65-;122
2018;rf;14801100;Centrum, Framnäs;Män;Ej svenska medborgare;65-;3
2018;rf;14801100;Centrum, Framnäs;Kvinnor;Ej svenska medborgare;65-;2
2018;rf;14801101;Centrum, Fredriksdal;Män;Svenska medborgare;18-29 förstagångsväljare;19
2018;rf;14801101;Centrum, Fredriksdal;Kvinnor;Svenska medborgare;18-29 förstagångsväljare;22
2018;rf;14801101;Centrum, Fredriksdal;Män;Ej svenska medborgare;18-29 förstagångsväljare;2
2018;rf;14801101;Centrum, Fredriksdal;Kvinnor;Ej svenska medborgare;18-29 förstagångsväljare;0
2018;rf;14801101;Centrum, Fredriksdal;Män;Svenska medborgare;18-29 ej förstagångsväljare;83
2018;rf;14801101;Centrum, Fredriksdal;Kvinnor;Svenska medborgare;18-29 ej förstagångsväljare;64
2018;rf;14801101;Centrum, Fredriksdal;Män;Ej svenska medborgare;18-29 ej förstagångsväljare;4
2018;rf;14801101;Centrum, Fredriksdal;Kvinnor;Ej svenska medborgare;18-29 ej förstagångsväljare;11
2018;rf;14801101;Centrum, Fredriksdal;Män;Svenska medborgare;30-49;108
2018;rf;14801101;Centrum, Fredriksdal;Kvinnor;Svenska medborgare;30-49;111
2018;rf;14801101;Centrum, Fredriksdal;Män;Ej svenska medborgare;30-49;23
2018;rf;14801101;Centrum, Fredriksdal;Kvinnor;Ej svenska medborgare;30-49;15
2018;rf;14801101;Centrum, Fredriksdal;Män;Svenska medborgare;50-64;80
2018;rf;14801101;Centrum, Fredriksdal;Kvinnor;Svenska medborgare;50-64;83
2018;rf;14801101;Centrum, Fredriksdal;Män;Ej svenska medborgare;50-64;2
2018;rf;14801101;Centrum, Fredriksdal;Kvinnor;Ej svenska medborgare;50-64;7
2018;rf;14801101;Centrum, Fredriksdal;Män;Svenska medborgare;65-;78
2018;rf;14801101;Centrum, Fredriksdal;Kvinnor;Svenska medborgare;65-;101
2018;rf;14801101;Centrum, Fredriksdal;Män;Ej svenska medborgare;65-;2
2018;rf;14801101;Centrum, Fredriksdal;Kvinnor;Ej svenska medborgare;65-;3
2018;rf;14801102;Centrum, Fridkullagatan m fl;Män;Svenska medborgare;18-29 förstagångsväljare;28
2018;rf;14801102;Centrum, Fridkullagatan m fl;Kvinnor;Svenska medborgare;18-29 förstagångsväljare;22
2018;rf;14801102;Centrum, Fridkullagatan m fl;Män;Ej svenska medborgare;18-29 förstagångsväljare;0
2018;rf;14801102;Centrum, Fridkullagatan m fl;Kvinnor;Ej svenska medborgare;18-29 förstagångsväljare;1
2018;rf;14801102;Centrum, Fridkullagatan m fl;Män;Svenska medborgare;18-29 ej förstagångsväljare;175
2018;rf;14801102;Centrum, Fridkullagatan m fl;Kvinnor;Svenska medborgare;18-29 ej förstagångsväljare;157
2018;rf;14801102;Centrum, Fridkullagatan m fl;Män;Ej svenska medborgare;18-29 ej förstagångsväljare;7
2018;rf;14801102;Centrum, Fridkullagatan m fl;Kvinnor;Ej svenska medborgare;18-29 ej förstagångsväljare;10
2018;rf;14801102;Centrum, Fridkullagatan m fl;Män;Svenska medborgare;30-49;171
2018;rf;14801102;Centrum, Fridkullagatan m fl;Kvinnor;Svenska medborgare;30-49;173
2018;rf;14801102;Centrum, Fridkullagatan m fl;Män;Ej svenska medborgare;30-49;28
2018;rf;14801102;Centrum, Fridkullagatan m fl;Kvinnor;Ej svenska medborgare;30-49;17
2018;rf;14801102;Centrum, Fridkullagatan m fl;Män;Svenska medborgare;50-64;91
2018;rf;14801102;Centrum, Fridkullagatan m fl;Kvinnor;Svenska medborgare;50-64;127
2018;rf;14801102;Centrum, Fridkullagatan m fl;Män;Ej svenska medborgare;50-64;3
2018;rf;14801102;Centrum, Fridkullagatan m fl;Kvinnor;Ej svenska medborgare;50-64;4
2018;rf;14801102;Centrum, Fridkullagatan m fl;Män;Svenska medborgare;65-;73
2018;rf;14801102;Centrum, Fridkullagatan m fl;Kvinnor;Svenska medborgare;65-;83
2018;rf;14801102;Centrum, Fridkullagatan m fl;Män;Ej svenska medborgare;65-;4
2018;rf;14801102;Centrum, Fridkullagatan m fl;Kvinnor;Ej svenska medborgare;65-;6
2018;rf;14801103;Centrum, Getebergsäng;Män;Svenska medborgare;18-29 förstagångsväljare;27
2018;rf;14801103;Centrum, Getebergsäng;Kvinnor;Svenska medborgare;18-29 förstagångsväljare;30
2018;rf;14801103;Centrum, Getebergsäng;Män;Ej svenska medborgare;18-29 förstagångsväljare;0
2018;rf;14801103;Centrum, Getebergsäng;Kvinnor;Ej svenska medborgare;18-29 förstagångsväljare;0
2018;rf;14801103;Centrum, Getebergsäng;Män;Svenska medborgare;18-29 ej förstagångsväljare;137
2018;rf;14801103;Centrum, Getebergsäng;Kvinnor;Svenska medborgare;18-29 ej förstagångsväljare;161
2018;rf;14801103;Centrum, Getebergsäng;Män;Ej svenska medborgare;18-29 ej förstagångsväljare;8
2018;rf;14801103;Centrum, Getebergsäng;Kvinnor;Ej svenska medborgare;18-29 ej förstagångsväljare;5
2018;rf;14801103;Centrum, Getebergsäng;Män;Svenska medborgare;30-49;251
2018;rf;14801103;Centrum, Getebergsäng;Kvinnor;Svenska medborgare;30-49;210
2018;rf;14801103;Centrum, Getebergsäng;Män;Ej svenska medborgare;30-49;16
2018;rf;14801103;Centrum, Getebergsäng;Kvinnor;Ej svenska medborgare;30-49;18
2018;rf;14801103;Centrum, Getebergsäng;Män;Svenska medborgare;50-64;136
2018;rf;14801103;Centrum, Getebergsäng;Kvinnor;Svenska medborgare;50-64;163
2018;rf;14801103;Centrum, Getebergsäng;Män;Ej svenska medborgare;50-64;5
2018;rf;14801103;Centrum, Getebergsäng;Kvinnor;Ej svenska medborgare;50-64;6
2018;rf;14801103;Centrum, Getebergsäng;Män;Svenska medborgare;65-;125
2018;rf;14801103;Centrum, Getebergsäng;Kvinnor;Svenska medborgare;65-;164
2018;rf;14801103;Centrum, Getebergsäng;Män;Ej svenska medborgare;65-;3
2018;rf;14801103;Centrum, Getebergsäng;Kvinnor;Ej svenska medborgare;65-;4
2018;rf;14801104;Centrum, Kristinehöjd, Västra;Män;Svenska medborgare;18-29 förstagångsväljare;15
2018;rf;14801104;Centrum, Kristinehöjd, Västra;Kvinnor;Svenska medborgare;18-29 förstagångsväljare;21
2018;rf;14801104;Centrum, Kristinehöjd, Västra;Män;Ej svenska medborgare;18-29 förstagångsväljare;0
2018;rf;14801104;Centrum, Kristinehöjd, Västra;Kvinnor;Ej svenska medborgare;18-29 förstagångsväljare;0
2018;rf;14801104;Centrum, Kristinehöjd, Västra;Män;Svenska medborgare;18-29 ej förstagångsväljare;195
2018;rf;14801104;Centrum, Kristinehöjd, Västra;Kvinnor;Svenska medborgare;18-29 ej förstagångsväljare;235
2018;rf;14801104;Centrum, Kristinehöjd, Västra;Män;Ej svenska medborgare;18-29 ej förstagångsväljare;7
2018;rf;14801104;Centrum, Kristinehöjd, Västra;Kvinnor;Ej svenska medborgare;18-29 ej förstagångsväljare;8
2018;rf;14801104;Centrum, Kristinehöjd, Västra;Män;Svenska medborgare;30-49;243
2018;rf;14801104;Centrum, Kristinehöjd, Västra;Kvinnor;Svenska medborgare;30-49;218
2018;rf;14801104;Centrum, Kristinehöjd, Västra;Män;Ej svenska medborgare;30-49;27
2018;rf;14801104;Centrum, Kristinehöjd, Västra;Kvinnor;Ej svenska medborgare;30-49;31
2018;rf;14801104;Centrum, Kristinehöjd, Västra;Män;Svenska medborgare;50-64;88
2018;rf;14801104;Centrum, Kristinehöjd, Västra;Kvinnor;Svenska medborgare;50-64;103
2018;rf;14801104;Centrum, Kristinehöjd, Västra;Män;Ej svenska medborgare;50-64;3
2018;rf;14801104;Centrum, Kristinehöjd, Västra;Kvinnor;Ej svenska medborgare;50-64;2
2018;rf;14801104;Centrum, Kristinehöjd, Västra;Män;Svenska medborgare;65-;67
2018;rf;14801104;Centrum, Kristinehöjd, Västra;Kvinnor;Svenska medborgare;65-;99
2018;rf;14801104;Centrum, Kristinehöjd, Västra;Män;Ej svenska medborgare;65-;2
2018;rf;14801104;Centrum, Kristinehöjd, Västra;Kvinnor;Ej svenska medborgare;65-;0
2018;rf;14801105;Centrum, Kristinehöjd, Östra;Män;Svenska medborgare;18-29 förstagångsväljare;20
2018;rf;14801105;Centrum, Kristinehöjd, Östra;Kvinnor;Svenska medborgare;18-29 förstagångsväljare;26
2018;rf;14801105;Centrum, Kristinehöjd, Östra;Män;Ej svenska medborgare;18-29 förstagångsväljare;0
2018;rf;14801105;Centrum, Kristinehöjd, Östra;Kvinnor;Ej svenska medborgare;18-29 förstagångsväljare;3
2018;rf;14801105;Centrum, Kristinehöjd, Östra;Män;Svenska medborgare;18-29 ej förstagångsväljare;122
2018;rf;14801105;Centrum, Kristinehöjd, Östra;Kvinnor;Svenska medborgare;18-29 ej förstagångsväljare;148
2018;rf;14801105;Centrum, Kristinehöjd, Östra;Män;Ej svenska medborgare;18-29 ej förstagångsväljare;6
2018;rf;14801105;Centrum, Kristinehöjd, Östra;Kvinnor;Ej svenska medborgare;18-29 ej förstagångsväljare;6
2018;rf;14801105;Centrum, Kristinehöjd, Östra;Män;Svenska medborgare;30-49;215
2018;rf;14801105;Centrum, Kristinehöjd, Östra;Kvinnor;Svenska medborgare;30-49;205
2018;rf;14801105;Centrum, Kristinehöjd, Östra;Män;Ej svenska medborgare;30-49;25
2018;rf;14801105;Centrum, Kristinehöjd, Östra;Kvinnor;Ej svenska medborgare;30-49;20
2018;rf;14801105;Centrum, Kristinehöjd, Östra;Män;Svenska medborgare;50-64;142
2018;rf;14801105;Centrum, Kristinehöjd, Östra;Kvinnor;Svenska medborgare;50-64;151
2018;rf;14801105;Centrum, Kristinehöjd, Östra;Män;Ej svenska medborgare;50-64;7
2018;rf;14801105;Centrum, Kristinehöjd, Östra;Kvinnor;Ej svenska medborgare;50-64;8
2018;rf;14801105;Centrum, Kristinehöjd, Östra;Män;Svenska medborgare;65-;126
2018;rf;14801105;Centrum, Kristinehöjd, Östra;Kvinnor;Svenska medborgare;65-;153
2018;rf;14801105;Centrum, Kristinehöjd, Östra;Män;Ej svenska medborgare;65-;3
2018;rf;14801105;Centrum, Kristinehöjd, Östra;Kvinnor;Ej svenska medborgare;65-;6
2018;rf;14801106;Centrum, Krokslätt, Norra;Män;Svenska medborgare;18-29 förstagångsväljare;16
2018;rf;14801106;Centrum, Krokslätt, Norra;Kvinnor;Svenska medborgare;18-29 förstagångsväljare;30
2018;rf;14801106;Centrum, Krokslätt, Norra;Män;Ej svenska medborgare;18-29 förstagångsväljare;0
2018;rf;14801106;Centrum, Krokslätt, Norra;Kvinnor;Ej svenska medborgare;18-29 förstagångsväljare;0
2018;rf;14801106;Centrum, Krokslätt, Norra;Män;Svenska medborgare;18-29 ej förstagångsväljare;173
2018;rf;14801106;Centrum, Krokslätt, Norra;Kvinnor;Svenska medborgare;18-29 ej förstagångsväljare;209
2018;rf;14801106;Centrum, Krokslätt, Norra;Män;Ej svenska medborgare;18-29 ej förstagångsväljare;16
2018;rf;14801106;Centrum, Krokslätt, Norra;Kvinnor;Ej svenska medborgare;18-29 ej förstagångsväljare;13
2018;rf;14801106;Centrum, Krokslätt, Norra;Män;Svenska medborgare;30-49;199
2018;rf;14801106;Centrum, Krokslätt, Norra;Kvinnor;Svenska medborgare;30-49;136
2018;rf;14801106;Centrum, Krokslätt, Norra;Män;Ej svenska medborgare;30-49;37
2018;rf;14801106;Centrum, Krokslätt, Norra;Kvinnor;Ej svenska medborgare;30-49;22
2018;rf;14801106;Centrum, Krokslätt, Norra;Män;Svenska medborgare;50-64;64
2018;rf;14801106;Centrum, Krokslätt, Norra;Kvinnor;Svenska medborgare;50-64;61
2018;rf;14801106;Centrum, Krokslätt, Norra;Män;Ej svenska medborgare;50-64;3
2018;rf;14801106;Centrum, Krokslätt, Norra;Kvinnor;Ej svenska medborgare;50-64;5
2018;rf;14801106;Centrum, Krokslätt, Norra;Män;Svenska medborgare;65-;55
2018;rf;14801106;Centrum, Krokslätt, Norra;Kvinnor;Svenska medborgare;65-;130
2018;rf;14801106;Centrum, Krokslätt, Norra;Män;Ej svenska medborgare;65-;2
2018;rf;14801106;Centrum, Krokslätt, Norra;Kvinnor;Ej svenska medborgare;65-;4
2018;rf;14801107;Centrum, Krokslätt, Södra;Män;Svenska medborgare;18-29 förstagångsväljare;17
2018;rf;14801107;Centrum, Krokslätt, Södra;Kvinnor;Svenska medborgare;18-29 förstagångsväljare;13
2018;rf;14801107;Centrum, Krokslätt, Södra;Män;Ej svenska medborgare;18-29 förstagångsväljare;0
2018;rf;14801107;Centrum, Krokslätt, Södra;Kvinnor;Ej svenska medborgare;18-29 förstagångsväljare;0
2018;rf;14801107;Centrum, Krokslätt, Södra;Män;Svenska medborgare;18-29 ej förstagångsväljare;101
2018;rf;14801107;Centrum, Krokslätt, Södra;Kvinnor;Svenska medborgare;18-29 ej förstagångsväljare;125
2018;rf;14801107;Centrum, Krokslätt, Södra;Män;Ej svenska medborgare;18-29 ej förstagångsväljare;9
2018;rf;14801107;Centrum, Krokslätt, Södra;Kvinnor;Ej svenska medborgare;18-29 ej förstagångsväljare;10
2018;rf;14801107;Centrum, Krokslätt, Södra;Män;Svenska medborgare;30-49;101
2018;rf;14801107;Centrum, Krokslätt, Södra;Kvinnor;Svenska medborgare;30-49;66
2018;rf;14801107;Centrum, Krokslätt, Södra;Män;Ej svenska medborgare;30-49;17
2018;rf;14801107;Centrum, Krokslätt, Södra;Kvinnor;Ej svenska medborgare;30-49;14
2018;rf;14801107;Centrum, Krokslätt, Södra;Män;Svenska medborgare;50-64;31
2018;rf;14801107;Centrum, Krokslätt, Södra;Kvinnor;Svenska medborgare;50-64;35
2018;rf;14801107;Centrum, Krokslätt, Södra;Män;Ej svenska medborgare;50-64;2
2018;rf;14801107;Centrum, Krokslätt, Södra;Kvinnor;Ej svenska medborgare;50-64;2
2018;rf;14801107;Centrum, Krokslätt, Södra;Män;Svenska medborgare;65-;20
2018;rf;14801107;Centrum, Krokslätt, Södra;Kvinnor;Svenska medborgare;65-;24
2018;rf;14801107;Centrum, Krokslätt, Södra;Män;Ej svenska medborgare;65-;0
2018;rf;14801107;Centrum, Krokslätt, Södra;Kvinnor;Ej svenska medborgare;65-;0
2018;rf;14801108;Centrum, Mossen;Män;Svenska medborgare;18-29 förstagångsväljare;92
2018;rf;14801108;Centrum, Mossen;Kvinnor;Svenska medborgare;18-29 förstagångsväljare;63
2018;rf;14801108;Centrum, Mossen;Män;Ej svenska medborgare;18-29 förstagångsväljare;3
2018;rf;14801108;Centrum, Mossen;Kvinnor;Ej svenska medborgare;18-29 förstagångsväljare;3
2018;rf;14801108;Centrum, Mossen;Män;Svenska medborgare;18-29 ej förstagångsväljare;359
2018;rf;14801108;Centrum, Mossen;Kvinnor;Svenska medborgare;18-29 ej förstagångsväljare;273
2018;rf;14801108;Centrum, Mossen;Män;Ej svenska medborgare;18-29 ej förstagångsväljare;40
2018;rf;14801108;Centrum, Mossen;Kvinnor;Ej svenska medborgare;18-29 ej förstagångsväljare;29
2018;rf;14801108;Centrum, Mossen;Män;Svenska medborgare;30-49;47
2018;rf;14801108;Centrum, Mossen;Kvinnor;Svenska medborgare;30-49;29
2018;rf;14801108;Centrum, Mossen;Män;Ej svenska medborgare;30-49;53
2018;rf;14801108;Centrum, Mossen;Kvinnor;Ej svenska medborgare;30-49;23
2018;rf;14801108;Centrum, Mossen;Män;Svenska medborgare;50-64;1
2018;rf;14801108;Centrum, Mossen;Kvinnor;Svenska medborgare;50-64;0
2018;rf;14801108;Centrum, Mossen;Män;Ej svenska medborgare;50-64;0
2018;rf;14801108;Centrum, Mossen;Kvinnor;Ej svenska medborgare;50-64;0
2018;rf;14801108;Centrum, Mossen;Män;Svenska medborgare;65-;0
2018;rf;14801108;Centrum, Mossen;Kvinnor;Svenska medborgare;65-;0
2018;rf;14801108;Centrum, Mossen;Män;Ej svenska medborgare;65-;0
2018;rf;14801108;Centrum, Mossen;Kvinnor;Ej svenska medborgare;65-;0
2018;rf;14801109;Centrum, Olofshöjd;Män;Svenska medborgare;18-29 förstagångsväljare;94
2018;rf;14801109;Centrum, Olofshöjd;Kvinnor;Svenska medborgare;18-29 förstagångsväljare;48
2018;rf;14801109;Centrum, Olofshöjd;Män;Ej svenska medborgare;18-29 förstagångsväljare;2
2018;rf;14801109;Centrum, Olofshöjd;Kvinnor;Ej svenska medborgare;18-29 förstagångsväljare;6
2018;rf;14801109;Centrum, Olofshöjd;Män;Svenska medborgare;18-29 ej förstagångsväljare;266
2018;rf;14801109;Centrum, Olofshöjd;Kvinnor;Svenska medborgare;18-29 ej förstagångsväljare;205
2018;rf;14801109;Centrum, Olofshöjd;Män;Ej svenska medborgare;18-29 ej förstagångsväljare;132
2018;rf;14801109;Centrum, Olofshöjd;Kvinnor;Ej svenska medborgare;18-29 ej förstagångsväljare;85
2018;rf;14801109;Centrum, Olofshöjd;Män;Svenska medborgare;30-49;51
2018;rf;14801109;Centrum, Olofshöjd;Kvinnor;Svenska medborgare;30-49;31
2018;rf;14801109;Centrum, Olofshöjd;Män;Ej svenska medborgare;30-49;105
2018;rf;14801109;Centrum, Olofshöjd;Kvinnor;Ej svenska medborgare;30-49;51
2018;rf;14801109;Centrum, Olofshöjd;Män;Svenska medborgare;50-64;8
2018;rf;14801109;Centrum, Olofshöjd;Kvinnor;Svenska medborgare;50-64;13
2018;rf;14801109;Centrum, Olofshöjd;Män;Ej svenska medborgare;50-64;5
2018;rf;14801109;Centrum, Olofshöjd;Kvinnor;Ej svenska medborgare;50-64;2
2018;rf;14801109;Centrum, Olofshöjd;Män;Svenska medborgare;65-;9
2018;rf;14801109;Centrum, Olofshöjd;Kvinnor;Svenska medborgare;65-;7
2018;rf;14801109;Centrum, Olofshöjd;Män;Ej svenska medborgare;65-;0
2018;rf;14801109;Centrum, Olofshöjd;Kvinnor;Ej svenska medborgare;65-;0
2018;rf;14801111;Centrum, Eklanda Norra;Män;Svenska medborgare;18-29 förstagångsväljare;18
2018;rf;14801111;Centrum, Eklanda Norra;Kvinnor;Svenska medborgare;18-29 förstagångsväljare;26
2018;rf;14801111;Centrum, Eklanda Norra;Män;Ej svenska medborgare;18-29 förstagångsväljare;0
2018;rf;14801111;Centrum, Eklanda Norra;Kvinnor;Ej svenska medborgare;18-29 förstagångsväljare;0
2018;rf;14801111;Centrum, Eklanda Norra;Män;Svenska medborgare;18-29 ej förstagångsväljare;239
2018;rf;14801111;Centrum, Eklanda Norra;Kvinnor;Svenska medborgare;18-29 ej förstagångsväljare;224
2018;rf;14801111;Centrum, Eklanda Norra;Män;Ej svenska medborgare;18-29 ej förstagångsväljare;14
2018;rf;14801111;Centrum, Eklanda Norra;Kvinnor;Ej svenska medborgare;18-29 ej förstagångsväljare;10
2018;rf;14801111;Centrum, Eklanda Norra;Män;Svenska medborgare;30-49;195
2018;rf;14801111;Centrum, Eklanda Norra;Kvinnor;Svenska medborgare;30-49;136
2018;rf;14801111;Centrum, Eklanda Norra;Män;Ej svenska medborgare;30-49;25
2018;rf;14801111;Centrum, Eklanda Norra;Kvinnor;Ej svenska medborgare;30-49;17
2018;rf;14801111;Centrum, Eklanda Norra;Män;Svenska medborgare;50-64;45
2018;rf;14801111;Centrum, Eklanda Norra;Kvinnor;Svenska medborgare;50-64;48
2018;rf;14801111;Centrum, Eklanda Norra;Män;Ej svenska medborgare;50-64;1
2018;rf;14801111;Centrum, Eklanda Norra;Kvinnor;Ej svenska medborgare;50-64;1
2018;rf;14801111;Centrum, Eklanda Norra;Män;Svenska medborgare;65-;41
2018;rf;14801111;Centrum, Eklanda Norra;Kvinnor;Svenska medborgare;65-;65
2018;rf;14801111;Centrum, Eklanda Norra;Män;Ej svenska medborgare;65-;0
2018;rf;14801111;Centrum, Eklanda Norra;Kvinnor;Ej svenska medborgare;65-;2
2018;rf;14801112;Centrum, Eklanda Södra;Män;Svenska medborgare;18-29 förstagångsväljare;19
2018;rf;14801112;Centrum, Eklanda Södra;Kvinnor;Svenska medborgare;18-29 förstagångsväljare;26
2018;rf;14801112;Centrum, Eklanda Södra;Män;Ej svenska medborgare;18-29 förstagångsväljare;1
2018;rf;14801112;Centrum, Eklanda Södra;Kvinnor;Ej svenska medborgare;18-29 förstagångsväljare;0
2018;rf;14801112;Centrum, Eklanda Södra;Män;Svenska medborgare;18-29 ej förstagångsväljare;125
2018;rf;14801112;Centrum, Eklanda Södra;Kvinnor;Svenska medborgare;18-29 ej förstagångsväljare;173
2018;rf;14801112;Centrum, Eklanda Södra;Män;Ej svenska medborgare;18-29 ej förstagångsväljare;7
2018;rf;14801112;Centrum, Eklanda Södra;Kvinnor;Ej svenska medborgare;18-29 ej förstagångsväljare;8
2018;rf;14801112;Centrum, Eklanda Södra;Män;Svenska medborgare;30-49;186
2018;rf;14801112;Centrum, Eklanda Södra;Kvinnor;Svenska medborgare;30-49;164
2018;rf;14801112;Centrum, Eklanda Södra;Män;Ej svenska medborgare;30-49;32
2018;rf;14801112;Centrum, Eklanda Södra;Kvinnor;Ej svenska medborgare;30-49;14
2018;rf;14801112;Centrum, Eklanda Södra;Män;Svenska medborgare;50-64;90
2018;rf;14801112;Centrum, Eklanda Södra;Kvinnor;Svenska medborgare;50-64;96
2018;rf;14801112;Centrum, Eklanda Södra;Män;Ej svenska medborgare;50-64;2
2018;rf;14801112;Centrum, Eklanda Södra;Kvinnor;Ej svenska medborgare;50-64;2
2018;rf;14801112;Centrum, Eklanda Södra;Män;Svenska medborgare;65-;75
2018;rf;14801112;Centrum, Eklanda Södra;Kvinnor;Svenska medborgare;65-;111
2018;rf;14801112;Centrum, Eklanda Södra;Män;Ej svenska medborgare;65-;1
2018;rf;14801112;Centrum, Eklanda Södra;Kvinnor;Ej svenska medborgare;65-;3
2018;rf;14801113;Centrum, Johanneberg, Nedre;Män;Svenska medborgare;18-29 förstagångsväljare;24
2018;rf;14801113;Centrum, Johanneberg, Nedre;Kvinnor;Svenska medborgare;18-29 förstagångsväljare;34
2018;rf;14801113;Centrum, Johanneberg, Nedre;Män;Ej svenska medborgare;18-29 förstagångsväljare;0
2018;rf;14801113;Centrum, Johanneberg, Nedre;Kvinnor;Ej svenska medborgare;18-29 förstagångsväljare;0
2018;rf;14801113;Centrum, Johanneberg, Nedre;Män;Svenska medborgare;18-29 ej förstagångsväljare;133
2018;rf;14801113;Centrum, Johanneberg, Nedre;Kvinnor;Svenska medborgare;18-29 ej förstagångsväljare;115
2018;rf;14801113;Centrum, Johanneberg, Nedre;Män;Ej svenska medborgare;18-29 ej förstagångsväljare;9
2018;rf;14801113;Centrum, Johanneberg, Nedre;Kvinnor;Ej svenska medborgare;18-29 ej förstagångsväljare;7
2018;rf;14801113;Centrum, Johanneberg, Nedre;Män;Svenska medborgare;30-49;177
2018;rf;14801113;Centrum, Johanneberg, Nedre;Kvinnor;Svenska medborgare;30-49;166
2018;rf;14801113;Centrum, Johanneberg, Nedre;Män;Ej svenska medborgare;30-49;16
2018;rf;14801113;Centrum, Johanneberg, Nedre;Kvinnor;Ej svenska medborgare;30-49;14
2018;rf;14801113;Centrum, Johanneberg, Nedre;Män;Svenska medborgare;50-64;174
2018;rf;14801113;Centrum, Johanneberg, Nedre;Kvinnor;Svenska medborgare;50-64;194
2018;rf;14801113;Centrum, Johanneberg, Nedre;Män;Ej svenska medborgare;50-64;3
2018;rf;14801113;Centrum, Johanneberg, Nedre;Kvinnor;Ej svenska medborgare;50-64;9
2018;rf;14801113;Centrum, Johanneberg, Nedre;Män;Svenska medborgare;65-;156
2018;rf;14801113;Centrum, Johanneberg, Nedre;Kvinnor;Svenska medborgare;65-;206
2018;rf;14801113;Centrum, Johanneberg, Nedre;Män;Ej svenska medborgare;65-;5
2018;rf;14801113;Centrum, Johanneberg, Nedre;Kvinnor;Ej svenska medborgare;65-;2
2018;rf;14801114;Centrum, Johanneberg, Västra;Män;Svenska medborgare;18-29 förstagångsväljare;74
2018;rf;14801114;Centrum, Johanneberg, Västra;Kvinnor;Svenska medborgare;18-29 förstagångsväljare;35
2018;rf;14801114;Centrum, Johanneberg, Västra;Män;Ej svenska medborgare;18-29 förstagångsväljare;1
2018;rf;14801114;Centrum, Johanneberg, Västra;Kvinnor;Ej svenska medborgare;18-29 förstagångsväljare;1
2018;rf;14801114;Centrum, Johanneberg, Västra;Män;Svenska medborgare;18-29 ej förstagångsväljare;341
2018;rf;14801114;Centrum, Johanneberg, Västra;Kvinnor;Svenska medborgare;18-29 ej förstagångsväljare;223
2018;rf;14801114;Centrum, Johanneberg, Västra;Män;Ej svenska medborgare;18-29 ej förstagångsväljare;20
2018;rf;14801114;Centrum, Johanneberg, Västra;Kvinnor;Ej svenska medborgare;18-29 ej förstagångsväljare;13
2018;rf;14801114;Centrum, Johanneberg, Västra;Män;Svenska medborgare;30-49;120
2018;rf;14801114;Centrum, Johanneberg, Västra;Kvinnor;Svenska medborgare;30-49;79
2018;rf;14801114;Centrum, Johanneberg, Västra;Män;Ej svenska medborgare;30-49;27
2018;rf;14801114;Centrum, Johanneberg, Västra;Kvinnor;Ej svenska medborgare;30-49;12
2018;rf;14801114;Centrum, Johanneberg, Västra;Män;Svenska medborgare;50-64;19
2018;rf;14801114;Centrum, Johanneberg, Västra;Kvinnor;Svenska medborgare;50-64;31
2018;rf;14801114;Centrum, Johanneberg, Västra;Män;Ej svenska medborgare;50-64;1
2018;rf;14801114;Centrum, Johanneberg, Västra;Kvinnor;Ej svenska medborgare;50-64;2
2018;rf;14801114;Centrum, Johanneberg, Västra;Män;Svenska medborgare;65-;22
2018;rf;14801114;Centrum, Johanneberg, Västra;Kvinnor;Svenska medborgare;65-;17
2018;rf;14801114;Centrum, Johanneberg, Västra;Män;Ej svenska medborgare;65-;1
2018;rf;14801114;Centrum, Johanneberg, Västra;Kvinnor;Ej svenska medborgare;65-;2
2018;rf;14801115;Centrum, Johanneberg, Östra;Män;Svenska medborgare;18-29 förstagångsväljare;16
2018;rf;14801115;Centrum, Johanneberg, Östra;Kvinnor;Svenska medborgare;18-29 förstagångsväljare;15
2018;rf;14801115;Centrum, Johanneberg, Östra;Män;Ej svenska medborgare;18-29 förstagångsväljare;0
2018;rf;14801115;Centrum, Johanneberg, Östra;Kvinnor;Ej svenska medborgare;18-29 förstagångsväljare;0
2018;rf;14801115;Centrum, Johanneberg, Östra;Män;Svenska medborgare;18-29 ej förstagångsväljare;148
2018;rf;14801115;Centrum, Johanneberg, Östra;Kvinnor;Svenska medborgare;18-29 ej förstagångsväljare;139
2018;rf;14801115;Centrum, Johanneberg, Östra;Män;Ej svenska medborgare;18-29 ej förstagångsväljare;3
2018;rf;14801115;Centrum, Johanneberg, Östra;Kvinnor;Ej svenska medborgare;18-29 ej förstagångsväljare;11
2018;rf;14801115;Centrum, Johanneberg, Östra;Män;Svenska medborgare;30-49;203
2018;rf;14801115;Centrum, Johanneberg, Östra;Kvinnor;Svenska medborgare;30-49;172
2018;rf;14801115;Centrum, Johanneberg, Östra;Män;Ej svenska medborgare;30-49;22
2018;rf;14801115;Centrum, Johanneberg, Östra;Kvinnor;Ej svenska medborgare;30-49;17
2018;rf;14801115;Centrum, Johanneberg, Östra;Män;Svenska medborgare;50-64;92
2018;rf;14801115;Centrum, Johanneberg, Östra;Kvinnor;Svenska medborgare;50-64;110
2018;rf;14801115;Centrum, Johanneberg, Östra;Män;Ej svenska medborgare;50-64;2
2018;rf;14801115;Centrum, Johanneberg, Östra;Kvinnor;Ej svenska medborgare;50-64;2
2018;rf;14801115;Centrum, Johanneberg, Östra;Män;Svenska medborgare;65-;68
2018;rf;14801115;Centrum, Johanneberg, Östra;Kvinnor;Svenska medborgare;65-;96
2018;rf;14801115;Centrum, Johanneberg, Östra;Män;Ej svenska medborgare;65-;1
2018;rf;14801115;Centrum, Johanneberg, Östra;Kvinnor;Ej svenska medborgare;65-;1
2018;rf;14801116;Centrum, Johanneberg, Övre;Män;Svenska medborgare;18-29 förstagångsväljare;43
2018;rf;14801116;Centrum, Johanneberg, Övre;Kvinnor;Svenska medborgare;18-29 förstagångsväljare;48
2018;rf;14801116;Centrum, Johanneberg, Övre;Män;Ej svenska medborgare;18-29 förstagångsväljare;0
2018;rf;14801116;Centrum, Johanneberg, Övre;Kvinnor;Ej svenska medborgare;18-29 förstagångsväljare;3
2018;rf;14801116;Centrum, Johanneberg, Övre;Män;Svenska medborgare;18-29 ej förstagångsväljare;216
2018;rf;14801116;Centrum, Johanneberg, Övre;Kvinnor;Svenska medborgare;18-29 ej förstagångsväljare;167
2018;rf;14801116;Centrum, Johanneberg, Övre;Män;Ej svenska medborgare;18-29 ej förstagångsväljare;39
2018;rf;14801116;Centrum, Johanneberg, Övre;Kvinnor;Ej svenska medborgare;18-29 ej förstagångsväljare;25
2018;rf;14801116;Centrum, Johanneberg, Övre;Män;Svenska medborgare;30-49;104
2018;rf;14801116;Centrum, Johanneberg, Övre;Kvinnor;Svenska medborgare;30-49;96
2018;rf;14801116;Centrum, Johanneberg, Övre;Män;Ej svenska medborgare;30-49;35
2018;rf;14801116;Centrum, Johanneberg, Övre;Kvinnor;Ej svenska medborgare;30-49;26
2018;rf;14801116;Centrum, Johanneberg, Övre;Män;Svenska medborgare;50-64;65
2018;rf;14801116;Centrum, Johanneberg, Övre;Kvinnor;Svenska medborgare;50-64;84
2018;rf;14801116;Centrum, Johanneberg, Övre;Män;Ej svenska medborgare;50-64;3
2018;rf;14801116;Centrum, Johanneberg, Övre;Kvinnor;Ej svenska medborgare;50-64;3
2018;rf;14801116;Centrum, Johanneberg, Övre;Män;Svenska medborgare;65-;51
2018;rf;14801116;Centrum, Johanneberg, Övre;Kvinnor;Svenska medborgare;65-;97
2018;rf;14801116;Centrum, Johanneberg, Övre;Män;Ej svenska medborgare;65-;1
2018;rf;14801116;Centrum, Johanneberg, Övre;Kvinnor;Ej svenska medborgare;65-;0
2018;rf;14801121;Centrum, Landala;Män;Svenska medborgare;18-29 förstagångsväljare;33
2018;rf;14801121;Centrum, Landala;Kvinnor;Svenska medborgare;18-29 förstagångsväljare;27
2018;rf;14801121;Centrum, Landala;Män;Ej svenska medborgare;18-29 förstagångsväljare;0
2018;rf;14801121;Centrum, Landala;Kvinnor;Ej svenska medborgare;18-29 förstagångsväljare;0
2018;rf;14801121;Centrum, Landala;Män;Svenska medborgare;18-29 ej förstagångsväljare;123
2018;rf;14801121;Centrum, Landala;Kvinnor;Svenska medborgare;18-29 ej förstagångsväljare;155
2018;rf;14801121;Centrum, Landala;Män;Ej svenska medborgare;18-29 ej förstagångsväljare;9
2018;rf;14801121;Centrum, Landala;Kvinnor;Ej svenska medborgare;18-29 ej förstagångsväljare;9
2018;rf;14801121;Centrum, Landala;Män;Svenska medborgare;30-49;226
2018;rf;14801121;Centrum, Landala;Kvinnor;Svenska medborgare;30-49;226
2018;rf;14801121;Centrum, Landala;Män;Ej svenska medborgare;30-49;12
2018;rf;14801121;Centrum, Landala;Kvinnor;Ej svenska medborgare;30-49;9
2018;rf;14801121;Centrum, Landala;Män;Svenska medborgare;50-64;133
2018;rf;14801121;Centrum, Landala;Kvinnor;Svenska medborgare;50-64;136
2018;rf;14801121;Centrum, Landala;Män;Ej svenska medborgare;50-64;4
2018;rf;14801121;Centrum, Landala;Kvinnor;Ej svenska medborgare;50-64;5
2018;rf;14801121;Centrum, Landala;Män;Svenska medborgare;65-;108
2018;rf;14801121;Centrum, Landala;Kvinnor;Svenska medborgare;65-;189
2018;rf;14801121;Centrum, Landala;Män;Ej svenska medborgare;65-;5
2018;rf;14801121;Centrum, Landala;Kvinnor;Ej svenska medborgare;65-;6
2018;rf;14801122;Centrum, Landalabergen m fl;Män;Svenska medborgare;18-29 förstagångsväljare;17
2018;rf;14801122;Centrum, Landalabergen m fl;Kvinnor;Svenska medborgare;18-29 förstagångsväljare;28
2018;rf;14801122;Centrum, Landalabergen m fl;Män;Ej svenska medborgare;18-29 förstagångsväljare;0
2018;rf;14801122;Centrum, Landalabergen m fl;Kvinnor;Ej svenska medborgare;18-29 förstagångsväljare;4
2018;rf;14801122;Centrum, Landalabergen m fl;Män;Svenska medborgare;18-29 ej förstagångsväljare;121
2018;rf;14801122;Centrum, Landalabergen m fl;Kvinnor;Svenska medborgare;18-29 ej förstagångsväljare;124
2018;rf;14801122;Centrum, Landalabergen m fl;Män;Ej svenska medborgare;18-29 ej förstagångsväljare;7
2018;rf;14801122;Centrum, Landalabergen m fl;Kvinnor;Ej svenska medborgare;18-29 ej förstagångsväljare;13
2018;rf;14801122;Centrum, Landalabergen m fl;Män;Svenska medborgare;30-49;232
2018;rf;14801122;Centrum, Landalabergen m fl;Kvinnor;Svenska medborgare;30-49;229
2018;rf;14801122;Centrum, Landalabergen m fl;Män;Ej svenska medborgare;30-49;22
2018;rf;14801122;Centrum, Landalabergen m fl;Kvinnor;Ej svenska medborgare;30-49;11
2018;rf;14801122;Centrum, Landalabergen m fl;Män;Svenska medborgare;50-64;141
2018;rf;14801122;Centrum, Landalabergen m fl;Kvinnor;Svenska medborgare;50-64;165
2018;rf;14801122;Centrum, Landalabergen m fl;Män;Ej svenska medborgare;50-64;10
2018;rf;14801122;Centrum, Landalabergen m fl;Kvinnor;Ej svenska medborgare;50-64;5
2018;rf;14801122;Centrum, Landalabergen m fl;Män;Svenska medborgare;65-;133
2018;rf;14801122;Centrum, Landalabergen m fl;Kvinnor;Svenska medborgare;65-;242
2018;rf;14801122;Centrum, Landalabergen m fl;Män;Ej svenska medborgare;65-;8
2018;rf;14801122;Centrum, Landalabergen m fl;Kvinnor;Ej svenska medborgare;65-;4
2018;rf;14801123;Centrum, Landalagången m fl;Män;Svenska medborgare;18-29 förstagångsväljare;28
2018;rf;14801123;Centrum, Landalagången m fl;Kvinnor;Svenska medborgare;18-29 förstagångsväljare;24
2018;rf;14801123;Centrum, Landalagången m fl;Män;Ej svenska medborgare;18-29 förstagångsväljare;1
2018;rf;14801123;Centrum, Landalagången m fl;Kvinnor;Ej svenska medborgare;18-29 förstagångsväljare;2
2018;rf;14801123;Centrum, Landalagången m fl;Män;Svenska medborgare;18-29 ej förstagångsväljare;177
2018;rf;14801123;Centrum, Landalagången m fl;Kvinnor;Svenska medborgare;18-29 ej förstagångsväljare;193
2018;rf;14801123;Centrum, Landalagången m fl;Män;Ej svenska medborgare;18-29 ej förstagångsväljare;13
2018;rf;14801123;Centrum, Landalagången m fl;Kvinnor;Ej svenska medborgare;18-29 ej förstagångsväljare;10
2018;rf;14801123;Centrum, Landalagången m fl;Män;Svenska medborgare;30-49;166
2018;rf;14801123;Centrum, Landalagången m fl;Kvinnor;Svenska medborgare;30-49;127
2018;rf;14801123;Centrum, Landalagången m fl;Män;Ej svenska medborgare;30-49;25
2018;rf;14801123;Centrum, Landalagången m fl;Kvinnor;Ej svenska medborgare;30-49;24
2018;rf;14801123;Centrum, Landalagången m fl;Män;Svenska medborgare;50-64;97
2018;rf;14801123;Centrum, Landalagången m fl;Kvinnor;Svenska medborgare;50-64;102
2018;rf;14801123;Centrum, Landalagången m fl;Män;Ej svenska medborgare;50-64;9
2018;rf;14801123;Centrum, Landalagången m fl;Kvinnor;Ej svenska medborgare;50-64;9
2018;rf;14801123;Centrum, Landalagången m fl;Män;Svenska medborgare;65-;103
2018;rf;14801123;Centrum, Landalagången m fl;Kvinnor;Svenska medborgare;65-;185
2018;rf;14801123;Centrum, Landalagången m fl;Män;Ej svenska medborgare;65-;2
2018;rf;14801123;Centrum, Landalagången m fl;Kvinnor;Ej svenska medborgare;65-;5
2018;rf;14801131;Centrum, Doktor Forselius Backe m fl;Män;Svenska medborgare;18-29 förstagångsväljare;55
2018;rf;14801131;Centrum, Doktor Forselius Backe m fl;Kvinnor;Svenska medborgare;18-29 förstagångsväljare;43
2018;rf;14801131;Centrum, Doktor Forselius Backe m fl;Män;Ej svenska medborgare;18-29 förstagångsväljare;2
2018;rf;14801131;Centrum, Doktor Forselius Backe m fl;Kvinnor;Ej svenska medborgare;18-29 förstagångsväljare;1
2018;rf;14801131;Centrum, Doktor Forselius Backe m fl;Män;Svenska medborgare;18-29 ej förstagångsväljare;168
2018;rf;14801131;Centrum, Doktor Forselius Backe m fl;Kvinnor;Svenska medborgare;18-29 ej förstagångsväljare;163
2018;rf;14801131;Centrum, Doktor Forselius Backe m fl;Män;Ej svenska medborgare;18-29 ej förstagångsväljare;25
2018;rf;14801131;Centrum, Doktor Forselius Backe m fl;Kvinnor;Ej svenska medborgare;18-29 ej förstagångsväljare;17
2018;rf;14801131;Centrum, Doktor Forselius Backe m fl;Män;Svenska medborgare;30-49;205
2018;rf;14801131;Centrum, Doktor Forselius Backe m fl;Kvinnor;Svenska medborgare;30-49;221
2018;rf;14801131;Centrum, Doktor Forselius Backe m fl;Män;Ej svenska medborgare;30-49;25
2018;rf;14801131;Centrum, Doktor Forselius Backe m fl;Kvinnor;Ej svenska medborgare;30-49;29
2018;rf;14801131;Centrum, Doktor Forselius Backe m fl;Män;Svenska medborgare;50-64;93
2018;rf;14801131;Centrum, Doktor Forselius Backe m fl;Kvinnor;Svenska medborgare;50-64;98
2018;rf;14801131;Centrum, Doktor Forselius Backe m fl;Män;Ej svenska medborgare;50-64;10
2018;rf;14801131;Centrum, Doktor Forselius Backe m fl;Kvinnor;Ej svenska medborgare;50-64;4
2018;rf;14801131;Centrum, Doktor Forselius Backe m fl;Män;Svenska medborgare;65-;62
2018;rf;14801131;Centrum, Doktor Forselius Backe m fl;Kvinnor;Svenska medborgare;65-;79
2018;rf;14801131;Centrum, Doktor Forselius Backe m fl;Män;Ej svenska medborgare;65-;1
2018;rf;14801131;Centrum, Doktor Forselius Backe m fl;Kvinnor;Ej svenska medborgare;65-;2
2018;rf;14801132;Centrum, Guldheden Vattentornet;Män;Svenska medborgare;18-29 förstagångsväljare;24
2018;rf;14801132;Centrum, Guldheden Vattentornet;Kvinnor;Svenska medborgare;18-29 förstagångsväljare;15
2018;rf;14801132;Centrum, Guldheden Vattentornet;Män;Ej svenska medborgare;18-29 förstagångsväljare;3
2018;rf;14801132;Centrum, Guldheden Vattentornet;Kvinnor;Ej svenska medborgare;18-29 förstagångsväljare;2
2018;rf;14801132;Centrum, Guldheden Vattentornet;Män;Svenska medborgare;18-29 ej förstagångsväljare;120
2018;rf;14801132;Centrum, Guldheden Vattentornet;Kvinnor;Svenska medborgare;18-29 ej förstagångsväljare;114
2018;rf;14801132;Centrum, Guldheden Vattentornet;Män;Ej svenska medborgare;18-29 ej förstagångsväljare;4
2018;rf;14801132;Centrum, Guldheden Vattentornet;Kvinnor;Ej svenska medborgare;18-29 ej förstagångsväljare;15
2018;rf;14801132;Centrum, Guldheden Vattentornet;Män;Svenska medborgare;30-49;255
2018;rf;14801132;Centrum, Guldheden Vattentornet;Kvinnor;Svenska medborgare;30-49;231
2018;rf;14801132;Centrum, Guldheden Vattentornet;Män;Ej svenska medborgare;30-49;25
2018;rf;14801132;Centrum, Guldheden Vattentornet;Kvinnor;Ej svenska medborgare;30-49;19
2018;rf;14801132;Centrum, Guldheden Vattentornet;Män;Svenska medborgare;50-64;129
2018;rf;14801132;Centrum, Guldheden Vattentornet;Kvinnor;Svenska medborgare;50-64;133
2018;rf;14801132;Centrum, Guldheden Vattentornet;Män;Ej svenska medborgare;50-64;8
2018;rf;14801132;Centrum, Guldheden Vattentornet;Kvinnor;Ej svenska medborgare;50-64;6
2018;rf;14801132;Centrum, Guldheden Vattentornet;Män;Svenska medborgare;65-;123
2018;rf;14801132;Centrum, Guldheden Vattentornet;Kvinnor;Svenska medborgare;65-;165
2018;rf;14801132;Centrum, Guldheden Vattentornet;Män;Ej svenska medborgare;65-;2
2018;rf;14801132;Centrum, Guldheden Vattentornet;Kvinnor;Ej svenska medborgare;65-;2
2018;rf;14801133;Centrum, Guldheden Östra;Män;Svenska medborgare;18-29 förstagångsväljare;22
2018;rf;14801133;Centrum, Guldheden Östra;Kvinnor;Svenska medborgare;18-29 förstagångsväljare;35
2018;rf;14801133;Centrum, Guldheden Östra;Män;Ej svenska medborgare;18-29 förstagångsväljare;1
2018;rf;14801133;Centrum, Guldheden Östra;Kvinnor;Ej svenska medborgare;18-29 förstagångsväljare;0
2018;rf;14801133;Centrum, Guldheden Östra;Män;Svenska medborgare;18-29 ej förstagångsväljare;109
2018;rf;14801133;Centrum, Guldheden Östra;Kvinnor;Svenska medborgare;18-29 ej förstagångsväljare;91
2018;rf;14801133;Centrum, Guldheden Östra;Män;Ej svenska medborgare;18-29 ej förstagångsväljare;4
2018;rf;14801133;Centrum, Guldheden Östra;Kvinnor;Ej svenska medborgare;18-29 ej förstagångsväljare;7
2018;rf;14801133;Centrum, Guldheden Östra;Män;Svenska medborgare;30-49;165
2018;rf;14801133;Centrum, Guldheden Östra;Kvinnor;Svenska medborgare;30-49;155
2018;rf;14801133;Centrum, Guldheden Östra;Män;Ej svenska medborgare;30-49;19
2018;rf;14801133;Centrum, Guldheden Östra;Kvinnor;Ej svenska medborgare;30-49;17
2018;rf;14801133;Centrum, Guldheden Östra;Män;Svenska medborgare;50-64;96
2018;rf;14801133;Centrum, Guldheden Östra;Kvinnor;Svenska medborgare;50-64;93
2018;rf;14801133;Centrum, Guldheden Östra;Män;Ej svenska medborgare;50-64;6
2018;rf;14801133;Centrum, Guldheden Östra;Kvinnor;Ej svenska medborgare;50-64;8
2018;rf;14801133;Centrum, Guldheden Östra;Män;Svenska medborgare;65-;114
2018;rf;14801133;Centrum, Guldheden Östra;Kvinnor;Svenska medborgare;65-;171
2018;rf;14801133;Centrum, Guldheden Östra;Män;Ej svenska medborgare;65-;1
2018;rf;14801133;Centrum, Guldheden Östra;Kvinnor;Ej svenska medborgare;65-;7
2018;rf;14801134;Centrum, Guldheden, Centrala;Män;Svenska medborgare;18-29 förstagångsväljare;26
2018;rf;14801134;Centrum, Guldheden, Centrala;Kvinnor;Svenska medborgare;18-29 förstagångsväljare;20
2018;rf;14801134;Centrum, Guldheden, Centrala;Män;Ej svenska medborgare;18-29 förstagångsväljare;3
2018;rf;14801134;Centrum, Guldheden, Centrala;Kvinnor;Ej svenska medborgare;18-29 förstagångsväljare;0
2018;rf;14801134;Centrum, Guldheden, Centrala;Män;Svenska medborgare;18-29 ej förstagångsväljare;116
2018;rf;14801134;Centrum, Guldheden, Centrala;Kvinnor;Svenska medborgare;18-29 ej förstagångsväljare;112
2018;rf;14801134;Centrum, Guldheden, Centrala;Män;Ej svenska medborgare;18-29 ej förstagångsväljare;14
2018;rf;14801134;Centrum, Guldheden, Centrala;Kvinnor;Ej svenska medborgare;18-29 ej förstagångsväljare;16
2018;rf;14801134;Centrum, Guldheden, Centrala;Män;Svenska medborgare;30-49;203
2018;rf;14801134;Centrum, Guldheden, Centrala;Kvinnor;Svenska medborgare;30-49;207
2018;rf;14801134;Centrum, Guldheden, Centrala;Män;Ej svenska medborgare;30-49;14
2018;rf;14801134;Centrum, Guldheden, Centrala;Kvinnor;Ej svenska medborgare;30-49;12
2018;rf;14801134;Centrum, Guldheden, Centrala;Män;Svenska medborgare;50-64;116
2018;rf;14801134;Centrum, Guldheden, Centrala;Kvinnor;Svenska medborgare;50-64;124
2018;rf;14801134;Centrum, Guldheden, Centrala;Män;Ej svenska medborgare;50-64;7
2018;rf;14801134;Centrum, Guldheden, Centrala;Kvinnor;Ej svenska medborgare;50-64;2
2018;rf;14801134;Centrum, Guldheden, Centrala;Män;Svenska medborgare;65-;85
2018;rf;14801134;Centrum, Guldheden, Centrala;Kvinnor;Svenska medborgare;65-;137
2018;rf;14801134;Centrum, Guldheden, Centrala;Män;Ej svenska medborgare;65-;2
2018;rf;14801134;Centrum, Guldheden, Centrala;Kvinnor;Ej svenska medborgare;65-;1
2018;rf;14801135;Centrum, Guldheden, Norra;Män;Svenska medborgare;18-29 förstagångsväljare;18
2018;rf;14801135;Centrum, Guldheden, Norra;Kvinnor;Svenska medborgare;18-29 förstagångsväljare;33
2018;rf;14801135;Centrum, Guldheden, Norra;Män;Ej svenska medborgare;18-29 förstagångsväljare;0
2018;rf;14801135;Centrum, Guldheden, Norra;Kvinnor;Ej svenska medborgare;18-29 förstagångsväljare;1
2018;rf;14801135;Centrum, Guldheden, Norra;Män;Svenska medborgare;18-29 ej förstagångsväljare;128
2018;rf;14801135;Centrum, Guldheden, Norra;Kvinnor;Svenska medborgare;18-29 ej förstagångsväljare;130
2018;rf;14801135;Centrum, Guldheden, Norra;Män;Ej svenska medborgare;18-29 ej förstagångsväljare;9
2018;rf;14801135;Centrum, Guldheden, Norra;Kvinnor;Ej svenska medborgare;18-29 ej förstagångsväljare;10
2018;rf;14801135;Centrum, Guldheden, Norra;Män;Svenska medborgare;30-49;213
2018;rf;14801135;Centrum, Guldheden, Norra;Kvinnor;Svenska medborgare;30-49;182
2018;rf;14801135;Centrum, Guldheden, Norra;Män;Ej svenska medborgare;30-49;24
2018;rf;14801135;Centrum, Guldheden, Norra;Kvinnor;Ej svenska medborgare;30-49;23
2018;rf;14801135;Centrum, Guldheden, Norra;Män;Svenska medborgare;50-64;78
2018;rf;14801135;Centrum, Guldheden, Norra;Kvinnor;Svenska medborgare;50-64;114
2018;rf;14801135;Centrum, Guldheden, Norra;Män;Ej svenska medborgare;50-64;6
2018;rf;14801135;Centrum, Guldheden, Norra;Kvinnor;Ej svenska medborgare;50-64;3
2018;rf;14801135;Centrum, Guldheden, Norra;Män;Svenska medborgare;65-;73
2018;rf;14801135;Centrum, Guldheden, Norra;Kvinnor;Svenska medborgare;65-;105
2018;rf;14801135;Centrum, Guldheden, Norra;Män;Ej svenska medborgare;65-;2
2018;rf;14801135;Centrum, Guldheden, Norra;Kvinnor;Ej svenska medborgare;65-;4
2018;rf;14801136;Centrum, Guldheden, Södra;Män;Svenska medborgare;18-29 förstagångsväljare;28
2018;rf;14801136;Centrum, Guldheden, Södra;Kvinnor;Svenska medborgare;18-29 förstagångsväljare;29
2018;rf;14801136;Centrum, Guldheden, Södra;Män;Ej svenska medborgare;18-29 förstagångsväljare;2
2018;rf;14801136;Centrum, Guldheden, Södra;Kvinnor;Ej svenska medborgare;18-29 förstagångsväljare;0
2018;rf;14801136;Centrum, Guldheden, Södra;Män;Svenska medborgare;18-29 ej förstagångsväljare;115
2018;rf;14801136;Centrum, Guldheden, Södra;Kvinnor;Svenska medborgare;18-29 ej förstagångsväljare;129
2018;rf;14801136;Centrum, Guldheden, Södra;Män;Ej svenska medborgare;18-29 ej förstagångsväljare;9
2018;rf;14801136;Centrum, Guldheden, Södra;Kvinnor;Ej svenska medborgare;18-29 ej förstagångsväljare;12
2018;rf;14801136;Centrum, Guldheden, Södra;Män;Svenska medborgare;30-49;244
2018;rf;14801136;Centrum, Guldheden, Södra;Kvinnor;Svenska medborgare;30-49;226
2018;rf;14801136;Centrum, Guldheden, Södra;Män;Ej svenska medborgare;30-49;32
2018;rf;14801136;Centrum, Guldheden, Södra;Kvinnor;Ej svenska medborgare;30-49;26
2018;rf;14801136;Centrum, Guldheden, Södra;Män;Svenska medborgare;50-64;106
2018;rf;14801136;Centrum, Guldheden, Södra;Kvinnor;Svenska medborgare;50-64;133
2018;rf;14801136;Centrum, Guldheden, Södra;Män;Ej svenska medborgare;50-64;6
2018;rf;14801136;Centrum, Guldheden, Södra;Kvinnor;Ej svenska medborgare;50-64;6
2018;rf;14801136;Centrum, Guldheden, Södra;Män;Svenska medborgare;65-;94
2018;rf;14801136;Centrum, Guldheden, Södra;Kvinnor;Svenska medborgare;65-;139
2018;rf;14801136;Centrum, Guldheden, Södra;Män;Ej svenska medborgare;65-;4
2018;rf;14801136;Centrum, Guldheden, Södra;Kvinnor;Ej svenska medborgare;65-;4
2018;rf;14801137;Centrum, Landala Egnahem;Män;Svenska medborgare;18-29 förstagångsväljare;13
2018;rf;14801137;Centrum, Landala Egnahem;Kvinnor;Svenska medborgare;18-29 förstagångsväljare;18
2018;rf;14801137;Centrum, Landala Egnahem;Män;Ej svenska medborgare;18-29 förstagångsväljare;0
2018;rf;14801137;Centrum, Landala Egnahem;Kvinnor;Ej svenska medborgare;18-29 förstagångsväljare;2
2018;rf;14801137;Centrum, Landala Egnahem;Män;Svenska medborgare;18-29 ej förstagångsväljare;126
2018;rf;14801137;Centrum, Landala Egnahem;Kvinnor;Svenska medborgare;18-29 ej förstagångsväljare;160
2018;rf;14801137;Centrum, Landala Egnahem;Män;Ej svenska medborgare;18-29 ej förstagångsväljare;8
2018;rf;14801137;Centrum, Landala Egnahem;Kvinnor;Ej svenska medborgare;18-29 ej förstagångsväljare;10
2018;rf;14801137;Centrum, Landala Egnahem;Män;Svenska medborgare;30-49;234
2018;rf;14801137;Centrum, Landala Egnahem;Kvinnor;Svenska medborgare;30-49;197
2018;rf;14801137;Centrum, Landala Egnahem;Män;Ej svenska medborgare;30-49;23
2018;rf;14801137;Centrum, Landala Egnahem;Kvinnor;Ej svenska medborgare;30-49;26
2018;rf;14801137;Centrum, Landala Egnahem;Män;Svenska medborgare;50-64;69
2018;rf;14801137;Centrum, Landala Egnahem;Kvinnor;Svenska medborgare;50-64;96
2018;rf;14801137;Centrum, Landala Egnahem;Män;Ej svenska medborgare;50-64;7
2018;rf;14801137;Centrum, Landala Egnahem;Kvinnor;Ej svenska medborgare;50-64;6
2018;rf;14801137;Centrum, Landala Egnahem;Män;Svenska medborgare;65-;85
2018;rf;14801137;Centrum, Landala Egnahem;Kvinnor;Svenska medborgare;65-;109
2018;rf;14801137;Centrum, Landala Egnahem;Män;Ej svenska medborgare;65-;0
2018;rf;14801137;Centrum, Landala Egnahem;Kvinnor;Ej svenska medborgare;65-;1
2018;rf;14801141;Centrum, Lorensberg;Män;Svenska medborgare;18-29 förstagångsväljare;16
2018;rf;14801141;Centrum, Lorensberg;Kvinnor;Svenska medborgare;18-29 förstagångsväljare;28
2018;rf;14801141;Centrum, Lorensberg;Män;Ej svenska medborgare;18-29 förstagångsväljare;0
2018;rf;14801141;Centrum, Lorensberg;Kvinnor;Ej svenska medborgare;18-29 förstagångsväljare;0
2018;rf;14801141;Centrum, Lorensberg;Män;Svenska medborgare;18-29 ej förstagångsväljare;89
2018;rf;14801141;Centrum, Lorensberg;Kvinnor;Svenska medborgare;18-29 ej förstagångsväljare;96
2018;rf;14801141;Centrum, Lorensberg;Män;Ej svenska medborgare;18-29 ej förstagångsväljare;11
2018;rf;14801141;Centrum, Lorensberg;Kvinnor;Ej svenska medborgare;18-29 ej förstagångsväljare;14
2018;rf;14801141;Centrum, Lorensberg;Män;Svenska medborgare;30-49;153
2018;rf;14801141;Centrum, Lorensberg;Kvinnor;Svenska medborgare;30-49;131
2018;rf;14801141;Centrum, Lorensberg;Män;Ej svenska medborgare;30-49;29
2018;rf;14801141;Centrum, Lorensberg;Kvinnor;Ej svenska medborgare;30-49;16
2018;rf;14801141;Centrum, Lorensberg;Män;Svenska medborgare;50-64;166
2018;rf;14801141;Centrum, Lorensberg;Kvinnor;Svenska medborgare;50-64;178
2018;rf;14801141;Centrum, Lorensberg;Män;Ej svenska medborgare;50-64;10
2018;rf;14801141;Centrum, Lorensberg;Kvinnor;Ej svenska medborgare;50-64;5
2018;rf;14801141;Centrum, Lorensberg;Män;Svenska medborgare;65-;197
2018;rf;14801141;Centrum, Lorensberg;Kvinnor;Svenska medborgare;65-;212
2018;rf;14801141;Centrum, Lorensberg;Män;Ej svenska medborgare;65-;2
2018;rf;14801141;Centrum, Lorensberg;Kvinnor;Ej svenska medborgare;65-;4
2018;rf;14801151;Centrum, Fogelbergsparken;Män;Svenska medborgare;18-29 förstagångsväljare;21
2018;rf;14801151;Centrum, Fogelbergsparken;Kvinnor;Svenska medborgare;18-29 förstagångsväljare;30
2018;rf;14801151;Centrum, Fogelbergsparken;Män;Ej svenska medborgare;18-29 förstagångsväljare;0
2018;rf;14801151;Centrum, Fogelbergsparken;Kvinnor;Ej svenska medborgare;18-29 förstagångsväljare;0
2018;rf;14801151;Centrum, Fogelbergsparken;Män;Svenska medborgare;18-29 ej förstagångsväljare;81
2018;rf;14801151;Centrum, Fogelbergsparken;Kvinnor;Svenska medborgare;18-29 ej förstagångsväljare;100
2018;rf;14801151;Centrum, Fogelbergsparken;Män;Ej svenska medborgare;18-29 ej förstagångsväljare;6
2018;rf;14801151;Centrum, Fogelbergsparken;Kvinnor;Ej svenska medborgare;18-29 ej förstagångsväljare;9
2018;rf;14801151;Centrum, Fogelbergsparken;Män;Svenska medborgare;30-49;167
2018;rf;14801151;Centrum, Fogelbergsparken;Kvinnor;Svenska medborgare;30-49;154
2018;rf;14801151;Centrum, Fogelbergsparken;Män;Ej svenska medborgare;30-49;13
2018;rf;14801151;Centrum, Fogelbergsparken;Kvinnor;Ej svenska medborgare;30-49;13
2018;rf;14801151;Centrum, Fogelbergsparken;Män;Svenska medborgare;50-64;119
2018;rf;14801151;Centrum, Fogelbergsparken;Kvinnor;Svenska medborgare;50-64;124
2018;rf;14801151;Centrum, Fogelbergsparken;Män;Ej svenska medborgare;50-64;6
2018;rf;14801151;Centrum, Fogelbergsparken;Kvinnor;Ej svenska medborgare;50-64;4
2018;rf;14801151;Centrum, Fogelbergsparken;Män;Svenska medborgare;65-;120
2018;rf;14801151;Centrum, Fogelbergsparken;Kvinnor;Svenska medborgare;65-;146
2018;rf;14801151;Centrum, Fogelbergsparken;Män;Ej svenska medborgare;65-;5
2018;rf;14801151;Centrum, Fogelbergsparken;Kvinnor;Ej svenska medborgare;65-;0
2018;rf;14801152;Centrum, Valand;Män;Svenska medborgare;18-29 förstagångsväljare;26
2018;rf;14801152;Centrum, Valand;Kvinnor;Svenska medborgare;18-29 förstagångsväljare;24
2018;rf;14801152;Centrum, Valand;Män;Ej svenska medborgare;18-29 förstagångsväljare;0
2018;rf;14801152;Centrum, Valand;Kvinnor;Ej svenska medborgare;18-29 förstagångsväljare;3
2018;rf;14801152;Centrum, Valand;Män;Svenska medborgare;18-29 ej förstagångsväljare;88
2018;rf;14801152;Centrum, Valand;Kvinnor;Svenska medborgare;18-29 ej förstagångsväljare;124
2018;rf;14801152;Centrum, Valand;Män;Ej svenska medborgare;18-29 ej förstagångsväljare;9
2018;rf;14801152;Centrum, Valand;Kvinnor;Ej svenska medborgare;18-29 ej förstagångsväljare;6
2018;rf;14801152;Centrum, Valand;Män;Svenska medborgare;30-49;177
2018;rf;14801152;Centrum, Valand;Kvinnor;Svenska medborgare;30-49;136
2018;rf;14801152;Centrum, Valand;Män;Ej svenska medborgare;30-49;28
2018;rf;14801152;Centrum, Valand;Kvinnor;Ej svenska medborgare;30-49;19
2018;rf;14801152;Centrum, Valand;Män;Svenska medborgare;50-64;139
2018;rf;14801152;Centrum, Valand;Kvinnor;Svenska medborgare;50-64;130
2018;rf;14801152;Centrum, Valand;Män;Ej svenska medborgare;50-64;9
2018;rf;14801152;Centrum, Valand;Kvinnor;Ej svenska medborgare;50-64;7
2018;rf;14801152;Centrum, Valand;Män;Svenska medborgare;65-;115
2018;rf;14801152;Centrum, Valand;Kvinnor;Svenska medborgare;65-;122
2018;rf;14801152;Centrum, Valand;Män;Ej svenska medborgare;65-;4
2018;rf;14801152;Centrum, Valand;Kvinnor;Ej svenska medborgare;65-;2
2018;rf;14801153;Centrum, Vasastaden, Norra;Män;Svenska medborgare;18-29 förstagångsväljare;20
2018;rf;14801153;Centrum, Vasastaden, Norra;Kvinnor;Svenska medborgare;18-29 förstagångsväljare;27
2018;rf;14801153;Centrum, Vasastaden, Norra;Män;Ej svenska medborgare;18-29 förstagångsväljare;5
2018;rf;14801153;Centrum, Vasastaden, Norra;Kvinnor;Ej svenska medborgare;18-29 förstagångsväljare;2
2018;rf;14801153;Centrum, Vasastaden, Norra;Män;Svenska medborgare;18-29 ej förstagångsväljare;136
2018;rf;14801153;Centrum, Vasastaden, Norra;Kvinnor;Svenska medborgare;18-29 ej förstagångsväljare;140
2018;rf;14801153;Centrum, Vasastaden, Norra;Män;Ej svenska medborgare;18-29 ej förstagångsväljare;10
2018;rf;14801153;Centrum, Vasastaden, Norra;Kvinnor;Ej svenska medborgare;18-29 ej förstagångsväljare;8
2018;rf;14801153;Centrum, Vasastaden, Norra;Män;Svenska medborgare;30-49;208
2018;rf;14801153;Centrum, Vasastaden, Norra;Kvinnor;Svenska medborgare;30-49;175
2018;rf;14801153;Centrum, Vasastaden, Norra;Män;Ej svenska medborgare;30-49;36
2018;rf;14801153;Centrum, Vasastaden, Norra;Kvinnor;Ej svenska medborgare;30-49;19
2018;rf;14801153;Centrum, Vasastaden, Norra;Män;Svenska medborgare;50-64;151
2018;rf;14801153;Centrum, Vasastaden, Norra;Kvinnor;Svenska medborgare;50-64;128
2018;rf;14801153;Centrum, Vasastaden, Norra;Män;Ej svenska medborgare;50-64;8
2018;rf;14801153;Centrum, Vasastaden, Norra;Kvinnor;Ej svenska medborgare;50-64;7
2018;rf;14801153;Centrum, Vasastaden, Norra;Män;Svenska medborgare;65-;90
2018;rf;14801153;Centrum, Vasastaden, Norra;Kvinnor;Svenska medborgare;65-;114
2018;rf;14801153;Centrum, Vasastaden, Norra;Män;Ej svenska medborgare;65-;3
2018;rf;14801153;Centrum, Vasastaden, Norra;Kvinnor;Ej svenska medborgare;65-;2
2018;rf;14801154;Centrum, Vasastaden, Södra;Män;Svenska medborgare;18-29 förstagångsväljare;28
2018;rf;14801154;Centrum, Vasastaden, Södra;Kvinnor;Svenska medborgare;18-29 förstagångsväljare;33
2018;rf;14801154;Centrum, Vasastaden, Södra;Män;Ej svenska medborgare;18-29 förstagångsväljare;1
2018;rf;14801154;Centrum, Vasastaden, Södra;Kvinnor;Ej svenska medborgare;18-29 förstagångsväljare;0
2018;rf;14801154;Centrum, Vasastaden, Södra;Män;Svenska medborgare;18-29 ej förstagångsväljare;117
2018;rf;14801154;Centrum, Vasastaden, Södra;Kvinnor;Svenska medborgare;18-29 ej förstagångsväljare;130
2018;rf;14801154;Centrum, Vasastaden, Södra;Män;Ej svenska medborgare;18-29 ej förstagångsväljare;7
2018;rf;14801154;Centrum, Vasastaden, Södra;Kvinnor;Ej svenska medborgare;18-29 ej förstagångsväljare;9
2018;rf;14801154;Centrum, Vasastaden, Södra;Män;Svenska medborgare;30-49;194
2018;rf;14801154;Centrum, Vasastaden, Södra;Kvinnor;Svenska medborgare;30-49;169
2018;rf;14801154;Centrum, Vasastaden, Södra;Män;Ej svenska medborgare;30-49;21
2018;rf;14801154;Centrum, Vasastaden, Södra;Kvinnor;Ej svenska medborgare;30-49;15
2018;rf;14801154;Centrum, Vasastaden, Södra;Män;Svenska medborgare;50-64;123
2018;rf;14801154;Centrum, Vasastaden, Södra;Kvinnor;Svenska medborgare;50-64;145
2018;rf;14801154;Centrum, Vasastaden, Södra;Män;Ej svenska medborgare;50-64;6
2018;rf;14801154;Centrum, Vasastaden, Södra;Kvinnor;Ej svenska medborgare;50-64;7
2018;rf;14801154;Centrum, Vasastaden, Södra;Män;Svenska medborgare;65-;97
2018;rf;14801154;Centrum, Vasastaden, Södra;Kvinnor;Svenska medborgare;65-;117
2018;rf;14801154;Centrum, Vasastaden, Södra;Män;Ej svenska medborgare;65-;4
2018;rf;14801154;Centrum, Vasastaden, Södra;Kvinnor;Ej svenska medborgare;65-;5
2018;rf;14801155;Centrum, Vasastaden, Östra;Män;Svenska medborgare;18-29 förstagångsväljare;29
2018;rf;14801155;Centrum, Vasastaden, Östra;Kvinnor;Svenska medborgare;18-29 förstagångsväljare;40
2018;rf;14801155;Centrum, Vasastaden, Östra;Män;Ej svenska medborgare;18-29 förstagångsväljare;1
2018;rf;14801155;Centrum, Vasastaden, Östra;Kvinnor;Ej svenska medborgare;18-29 förstagångsväljare;0
2018;rf;14801155;Centrum, Vasastaden, Östra;Män;Svenska medborgare;18-29 ej förstagångsväljare;100
2018;rf;14801155;Centrum, Vasastaden, Östra;Kvinnor;Svenska medborgare;18-29 ej förstagångsväljare;111
2018;rf;14801155;Centrum, Vasastaden, Östra;Män;Ej svenska medborgare;18-29 ej förstagångsväljare;6
2018;rf;14801155;Centrum, Vasastaden, Östra;Kvinnor;Ej svenska medborgare;18-29 ej förstagångsväljare;10
2018;rf;14801155;Centrum, Vasastaden, Östra;Män;Svenska medborgare;30-49;182
2018;rf;14801155;Centrum, Vasastaden, Östra;Kvinnor;Svenska medborgare;30-49;170
2018;rf;14801155;Centrum, Vasastaden, Östra;Män;Ej svenska medborgare;30-49;21
2018;rf;14801155;Centrum, Vasastaden, Östra;Kvinnor;Ej svenska medborgare;30-49;17
2018;rf;14801155;Centrum, Vasastaden, Östra;Män;Svenska medborgare;50-64;150
2018;rf;14801155;Centrum, Vasastaden, Östra;Kvinnor;Svenska medborgare;50-64;151
2018;rf;14801155;Centrum, Vasastaden, Östra;Män;Ej svenska medborgare;50-64;10
2018;rf;14801155;Centrum, Vasastaden, Östra;Kvinnor;Ej svenska medborgare;50-64;10
2018;rf;14801155;Centrum, Vasastaden, Östra;Män;Svenska medborgare;65-;103
2018;rf;14801155;Centrum, Vasastaden, Östra;Kvinnor;Svenska medborgare;65-;107
2018;rf;14801155;Centrum, Vasastaden, Östra;Män;Ej svenska medborgare;65-;7
2018;rf;14801155;Centrum, Vasastaden, Östra;Kvinnor;Ej svenska medborgare;65-;1
2018;rf;14801161;Centrum, Inom Vallgraven;Män;Svenska medborgare;18-29 förstagångsväljare;20
2018;rf;14801161;Centrum, Inom Vallgraven;Kvinnor;Svenska medborgare;18-29 förstagångsväljare;27
2018;rf;14801161;Centrum, Inom Vallgraven;Män;Ej svenska medborgare;18-29 förstagångsväljare;3
2018;rf;14801161;Centrum, Inom Vallgraven;Kvinnor;Ej svenska medborgare;18-29 förstagångsväljare;0
2018;rf;14801161;Centrum, Inom Vallgraven;Män;Svenska medborgare;18-29 ej förstagångsväljare;113
2018;rf;14801161;Centrum, Inom Vallgraven;Kvinnor;Svenska medborgare;18-29 ej förstagångsväljare;109
2018;rf;14801161;Centrum, Inom Vallgraven;Män;Ej svenska medborgare;18-29 ej förstagångsväljare;10
2018;rf;14801161;Centrum, Inom Vallgraven;Kvinnor;Ej svenska medborgare;18-29 ej förstagångsväljare;10
2018;rf;14801161;Centrum, Inom Vallgraven;Män;Svenska medborgare;30-49;228
2018;rf;14801161;Centrum, Inom Vallgraven;Kvinnor;Svenska medborgare;30-49;184
2018;rf;14801161;Centrum, Inom Vallgraven;Män;Ej svenska medborgare;30-49;24
2018;rf;14801161;Centrum, Inom Vallgraven;Kvinnor;Ej svenska medborgare;30-49;22
2018;rf;14801161;Centrum, Inom Vallgraven;Män;Svenska medborgare;50-64;198
2018;rf;14801161;Centrum, Inom Vallgraven;Kvinnor;Svenska medborgare;50-64;179
2018;rf;14801161;Centrum, Inom Vallgraven;Män;Ej svenska medborgare;50-64;12
2018;rf;14801161;Centrum, Inom Vallgraven;Kvinnor;Ej svenska medborgare;50-64;8
2018;rf;14801161;Centrum, Inom Vallgraven;Män;Svenska medborgare;65-;111
2018;rf;14801161;Centrum, Inom Vallgraven;Kvinnor;Svenska medborgare;65-;109
2018;rf;14801161;Centrum, Inom Vallgraven;Män;Ej svenska medborgare;65-;6
2018;rf;14801161;Centrum, Inom Vallgraven;Kvinnor;Ej svenska medborgare;65-;4
2018;rf;14801162;Centrum, Nordstan;Män;Svenska medborgare;18-29 förstagångsväljare;18
2018;rf;14801162;Centrum, Nordstan;Kvinnor;Svenska medborgare;18-29 förstagångsväljare;28
2018;rf;14801162;Centrum, Nordstan;Män;Ej svenska medborgare;18-29 förstagångsväljare;2
2018;rf;14801162;Centrum, Nordstan;Kvinnor;Ej svenska medborgare;18-29 förstagångsväljare;0
2018;rf;14801162;Centrum, Nordstan;Män;Svenska medborgare;18-29 ej förstagångsväljare;140
2018;rf;14801162;Centrum, Nordstan;Kvinnor;Svenska medborgare;18-29 ej förstagångsväljare;147
2018;rf;14801162;Centrum, Nordstan;Män;Ej svenska medborgare;18-29 ej förstagångsväljare;11
2018;rf;14801162;Centrum, Nordstan;Kvinnor;Ej svenska medborgare;18-29 ej förstagångsväljare;12
2018;rf;14801162;Centrum, Nordstan;Män;Svenska medborgare;30-49;174
2018;rf;14801162;Centrum, Nordstan;Kvinnor;Svenska medborgare;30-49;150
2018;rf;14801162;Centrum, Nordstan;Män;Ej svenska medborgare;30-49;34
2018;rf;14801162;Centrum, Nordstan;Kvinnor;Ej svenska medborgare;30-49;20
2018;rf;14801162;Centrum, Nordstan;Män;Svenska medborgare;50-64;154
2018;rf;14801162;Centrum, Nordstan;Kvinnor;Svenska medborgare;50-64;144
2018;rf;14801162;Centrum, Nordstan;Män;Ej svenska medborgare;50-64;8
2018;rf;14801162;Centrum, Nordstan;Kvinnor;Ej svenska medborgare;50-64;8
2018;rf;14801162;Centrum, Nordstan;Män;Svenska medborgare;65-;90
2018;rf;14801162;Centrum, Nordstan;Kvinnor;Svenska medborgare;65-;99
2018;rf;14801162;Centrum, Nordstan;Män;Ej svenska medborgare;65-;3
2018;rf;14801162;Centrum, Nordstan;Kvinnor;Ej svenska medborgare;65-;4
2018;rf;14801163;Centrum, Otterhällan;Män;Svenska medborgare;18-29 förstagångsväljare;13
2018;rf;14801163;Centrum, Otterhällan;Kvinnor;Svenska medborgare;18-29 förstagångsväljare;16
2018;rf;14801163;Centrum, Otterhällan;Män;Ej svenska medborgare;18-29 förstagångsväljare;0
2018;rf;14801163;Centrum, Otterhällan;Kvinnor;Ej svenska medborgare;18-29 förstagångsväljare;0
2018;rf;14801163;Centrum, Otterhällan;Män;Svenska medborgare;18-29 ej förstagångsväljare;81
2018;rf;14801163;Centrum, Otterhällan;Kvinnor;Svenska medborgare;18-29 ej förstagångsväljare;96
2018;rf;14801163;Centrum, Otterhällan;Män;Ej svenska medborgare;18-29 ej förstagångsväljare;6
2018;rf;14801163;Centrum, Otterhällan;Kvinnor;Ej svenska medborgare;18-29 ej förstagångsväljare;8
2018;rf;14801163;Centrum, Otterhällan;Män;Svenska medborgare;30-49;194
2018;rf;14801163;Centrum, Otterhällan;Kvinnor;Svenska medborgare;30-49;143
2018;rf;14801163;Centrum, Otterhällan;Män;Ej svenska medborgare;30-49;24
2018;rf;14801163;Centrum, Otterhällan;Kvinnor;Ej svenska medborgare;30-49;19
2018;rf;14801163;Centrum, Otterhällan;Män;Svenska medborgare;50-64;115
2018;rf;14801163;Centrum, Otterhällan;Kvinnor;Svenska medborgare;50-64;105
2018;rf;14801163;Centrum, Otterhällan;Män;Ej svenska medborgare;50-64;2
2018;rf;14801163;Centrum, Otterhällan;Kvinnor;Ej svenska medborgare;50-64;2
2018;rf;14801163;Centrum, Otterhällan;Män;Svenska medborgare;65-;110
2018;rf;14801163;Centrum, Otterhällan;Kvinnor;Svenska medborgare;65-;105
2018;rf;14801163;Centrum, Otterhällan;Män;Ej svenska medborgare;65-;2
2018;rf;14801163;Centrum, Otterhällan;Kvinnor;Ej svenska medborgare;65-;2
2018;rf;14801171;Centrum, Friggagatan m fl;Män;Svenska medborgare;18-29 förstagångsväljare;11
2018;rf;14801171;Centrum, Friggagatan m fl;Kvinnor;Svenska medborgare;18-29 förstagångsväljare;10
2018;rf;14801171;Centrum, Friggagatan m fl;Män;Ej svenska medborgare;18-29 förstagångsväljare;0
2018;rf;14801171;Centrum, Friggagatan m fl;Kvinnor;Ej svenska medborgare;18-29 förstagångsväljare;0
2018;rf;14801171;Centrum, Friggagatan m fl;Män;Svenska medborgare;18-29 ej förstagångsväljare;81
2018;rf;14801171;Centrum, Friggagatan m fl;Kvinnor;Svenska medborgare;18-29 ej förstagångsväljare;122
2018;rf;14801171;Centrum, Friggagatan m fl;Män;Ej svenska medborgare;18-29 ej förstagångsväljare;4
2018;rf;14801171;Centrum, Friggagatan m fl;Kvinnor;Ej svenska medborgare;18-29 ej förstagångsväljare;6
2018;rf;14801171;Centrum, Friggagatan m fl;Män;Svenska medborgare;30-49;216
2018;rf;14801171;Centrum, Friggagatan m fl;Kvinnor;Svenska medborgare;30-49;179
2018;rf;14801171;Centrum, Friggagatan m fl;Män;Ej svenska medborgare;30-49;13
2018;rf;14801171;Centrum, Friggagatan m fl;Kvinnor;Ej svenska medborgare;30-49;13
2018;rf;14801171;Centrum, Friggagatan m fl;Män;Svenska medborgare;50-64;125
2018;rf;14801171;Centrum, Friggagatan m fl;Kvinnor;Svenska medborgare;50-64;128
2018;rf;14801171;Centrum, Friggagatan m fl;Män;Ej svenska medborgare;50-64;3
2018;rf;14801171;Centrum, Friggagatan m fl;Kvinnor;Ej svenska medborgare;50-64;4
2018;rf;14801171;Centrum, Friggagatan m fl;Män;Svenska medborgare;65-;98
2018;rf;14801171;Centrum, Friggagatan m fl;Kvinnor;Svenska medborgare;65-;153
2018;rf;14801171;Centrum, Friggagatan m fl;Män;Ej svenska medborgare;65-;2
2018;rf;14801171;Centrum, Friggagatan m fl;Kvinnor;Ej svenska medborgare;65-;8
2018;rf;14801172;Centrum, Gårda, Norra;Män;Svenska medborgare;18-29 förstagångsväljare;15
2018;rf;14801172;Centrum, Gårda, Norra;Kvinnor;Svenska medborgare;18-29 förstagångsväljare;13
2018;rf;14801172;Centrum, Gårda, Norra;Män;Ej svenska medborgare;18-29 förstagångsväljare;1
2018;rf;14801172;Centrum, Gårda, Norra;Kvinnor;Ej svenska medborgare;18-29 förstagångsväljare;0
2018;rf;14801172;Centrum, Gårda, Norra;Män;Svenska medborgare;18-29 ej förstagångsväljare;97
2018;rf;14801172;Centrum, Gårda, Norra;Kvinnor;Svenska medborgare;18-29 ej förstagångsväljare;109
2018;rf;14801172;Centrum, Gårda, Norra;Män;Ej svenska medborgare;18-29 ej förstagångsväljare;5
2018;rf;14801172;Centrum, Gårda, Norra;Kvinnor;Ej svenska medborgare;18-29 ej förstagångsväljare;8
2018;rf;14801172;Centrum, Gårda, Norra;Män;Svenska medborgare;30-49;277
2018;rf;14801172;Centrum, Gårda, Norra;Kvinnor;Svenska medborgare;30-49;203
2018;rf;14801172;Centrum, Gårda, Norra;Män;Ej svenska medborgare;30-49;20
2018;rf;14801172;Centrum, Gårda, Norra;Kvinnor;Ej svenska medborgare;30-49;19
2018;rf;14801172;Centrum, Gårda, Norra;Män;Svenska medborgare;50-64;100
2018;rf;14801172;Centrum, Gårda, Norra;Kvinnor;Svenska medborgare;50-64;111
2018;rf;14801172;Centrum, Gårda, Norra;Män;Ej svenska medborgare;50-64;3
2018;rf;14801172;Centrum, Gårda, Norra;Kvinnor;Ej svenska medborgare;50-64;3
2018;rf;14801172;Centrum, Gårda, Norra;Män;Svenska medborgare;65-;74
2018;rf;14801172;Centrum, Gårda, Norra;Kvinnor;Svenska medborgare;65-;59
2018;rf;14801172;Centrum, Gårda, Norra;Män;Ej svenska medborgare;65-;2
2018;rf;14801172;Centrum, Gårda, Norra;Kvinnor;Ej svenska medborgare;65-;1
2018;rf;14801173;Centrum, Odinsgatan m fl;Män;Svenska medborgare;18-29 förstagångsväljare;12
2018;rf;14801173;Centrum, Odinsgatan m fl;Kvinnor;Svenska medborgare;18-29 förstagångsväljare;16
2018;rf;14801173;Centrum, Odinsgatan m fl;Män;Ej svenska medborgare;18-29 förstagångsväljare;0
2018;rf;14801173;Centrum, Odinsgatan m fl;Kvinnor;Ej svenska medborgare;18-29 förstagångsväljare;1
2018;rf;14801173;Centrum, Odinsgatan m fl;Män;Svenska medborgare;18-29 ej förstagångsväljare;123
2018;rf;14801173;Centrum, Odinsgatan m fl;Kvinnor;Svenska medborgare;18-29 ej förstagångsväljare;151
2018;rf;14801173;Centrum, Odinsgatan m fl;Män;Ej svenska medborgare;18-29 ej förstagångsväljare;13
2018;rf;14801173;Centrum, Odinsgatan m fl;Kvinnor;Ej svenska medborgare;18-29 ej förstagångsväljare;11
2018;rf;14801173;Centrum, Odinsgatan m fl;Män;Svenska medborgare;30-49;148
2018;rf;14801173;Centrum, Odinsgatan m fl;Kvinnor;Svenska medborgare;30-49;115
2018;rf;14801173;Centrum, Odinsgatan m fl;Män;Ej svenska medborgare;30-49;21
2018;rf;14801173;Centrum, Odinsgatan m fl;Kvinnor;Ej svenska medborgare;30-49;7
2018;rf;14801173;Centrum, Odinsgatan m fl;Män;Svenska medborgare;50-64;103
2018;rf;14801173;Centrum, Odinsgatan m fl;Kvinnor;Svenska medborgare;50-64;117
2018;rf;14801173;Centrum, Odinsgatan m fl;Män;Ej svenska medborgare;50-64;4
2018;rf;14801173;Centrum, Odinsgatan m fl;Kvinnor;Ej svenska medborgare;50-64;3
2018;rf;14801173;Centrum, Odinsgatan m fl;Män;Svenska medborgare;65-;150
2018;rf;14801173;Centrum, Odinsgatan m fl;Kvinnor;Svenska medborgare;65-;171
2018;rf;14801173;Centrum, Odinsgatan m fl;Män;Ej svenska medborgare;65-;0
2018;rf;14801173;Centrum, Odinsgatan m fl;Kvinnor;Ej svenska medborgare;65-;5
2018;rf;14801174;Centrum, Stampen;Män;Svenska medborgare;18-29 förstagångsväljare;20
2018;rf;14801174;Centrum, Stampen;Kvinnor;Svenska medborgare;18-29 förstagångsväljare;26
2018;rf;14801174;Centrum, Stampen;Män;Ej svenska medborgare;18-29 förstagångsväljare;2
2018;rf;14801174;Centrum, Stampen;Kvinnor;Ej svenska medborgare;18-29 förstagångsväljare;2
2018;rf;14801174;Centrum, Stampen;Män;Svenska medborgare;18-29 ej förstagångsväljare;147
2018;rf;14801174;Centrum, Stampen;Kvinnor;Svenska medborgare;18-29 ej förstagångsväljare;189
2018;rf;14801174;Centrum, Stampen;Män;Ej svenska medborgare;18-29 ej förstagångsväljare;9
2018;rf;14801174;Centrum, Stampen;Kvinnor;Ej svenska medborgare;18-29 ej förstagångsväljare;3
2018;rf;14801174;Centrum, Stampen;Män;Svenska medborgare;30-49;318
2018;rf;14801174;Centrum, Stampen;Kvinnor;Svenska medborgare;30-49;282
2018;rf;14801174;Centrum, Stampen;Män;Ej svenska medborgare;30-49;21
2018;rf;14801174;Centrum, Stampen;Kvinnor;Ej svenska medborgare;30-49;16
2018;rf;14801174;Centrum, Stampen;Män;Svenska medborgare;50-64;123
2018;rf;14801174;Centrum, Stampen;Kvinnor;Svenska medborgare;50-64;100
2018;rf;14801174;Centrum, Stampen;Män;Ej svenska medborgare;50-64;7
2018;rf;14801174;Centrum, Stampen;Kvinnor;Ej svenska medborgare;50-64;1
2018;rf;14801174;Centrum, Stampen;Män;Svenska medborgare;65-;68
2018;rf;14801174;Centrum, Stampen;Kvinnor;Svenska medborgare;65-;76
2018;rf;14801174;Centrum, Stampen;Män;Ej svenska medborgare;65-;2
2018;rf;14801174;Centrum, Stampen;Kvinnor;Ej svenska medborgare;65-;2
2018;rf;14801175;Centrum, Svingeln;Män;Svenska medborgare;18-29 förstagångsväljare;18
2018;rf;14801175;Centrum, Svingeln;Kvinnor;Svenska medborgare;18-29 förstagångsväljare;19
2018;rf;14801175;Centrum, Svingeln;Män;Ej svenska medborgare;18-29 förstagångsväljare;0
2018;rf;14801175;Centrum, Svingeln;Kvinnor;Ej svenska medborgare;18-29 förstagångsväljare;0
2018;rf;14801175;Centrum, Svingeln;Män;Svenska medborgare;18-29 ej förstagångsväljare;228
2018;rf;14801175;Centrum, Svingeln;Kvinnor;Svenska medborgare;18-29 ej förstagångsväljare;278
2018;rf;14801175;Centrum, Svingeln;Män;Ej svenska medborgare;18-29 ej förstagångsväljare;8
2018;rf;14801175;Centrum, Svingeln;Kvinnor;Ej svenska medborgare;18-29 ej förstagångsväljare;9
2018;rf;14801175;Centrum, Svingeln;Män;Svenska medborgare;30-49;229
2018;rf;14801175;Centrum, Svingeln;Kvinnor;Svenska medborgare;30-49;186
2018;rf;14801175;Centrum, Svingeln;Män;Ej svenska medborgare;30-49;31
2018;rf;14801175;Centrum, Svingeln;Kvinnor;Ej svenska medborgare;30-49;13
2018;rf;14801175;Centrum, Svingeln;Män;Svenska medborgare;50-64;63
2018;rf;14801175;Centrum, Svingeln;Kvinnor;Svenska medborgare;50-64;60
2018;rf;14801175;Centrum, Svingeln;Män;Ej svenska medborgare;50-64;3
2018;rf;14801175;Centrum, Svingeln;Kvinnor;Ej svenska medborgare;50-64;2
2018;rf;14801175;Centrum, Svingeln;Män;Svenska medborgare;65-;28
2018;rf;14801175;Centrum, Svingeln;Kvinnor;Svenska medborgare;65-;23
2018;rf;14801175;Centrum, Svingeln;Män;Ej svenska medborgare;65-;1
2018;rf;14801175;Centrum, Svingeln;Kvinnor;Ej svenska medborgare;65-;0
2018;rf;14801181;Centrum, Bohusgatan m fl;Män;Svenska medborgare;18-29 förstagångsväljare;22
2018;rf;14801181;Centrum, Bohusgatan m fl;Kvinnor;Svenska medborgare;18-29 förstagångsväljare;11
2018;rf;14801181;Centrum, Bohusgatan m fl;Män;Ej svenska medborgare;18-29 förstagångsväljare;0
2018;rf;14801181;Centrum, Bohusgatan m fl;Kvinnor;Ej svenska medborgare;18-29 förstagångsväljare;0
2018;rf;14801181;Centrum, Bohusgatan m fl;Män;Svenska medborgare;18-29 ej förstagångsväljare;55
2018;rf;14801181;Centrum, Bohusgatan m fl;Kvinnor;Svenska medborgare;18-29 ej förstagångsväljare;45
2018;rf;14801181;Centrum, Bohusgatan m fl;Män;Ej svenska medborgare;18-29 ej förstagångsväljare;8
2018;rf;14801181;Centrum, Bohusgatan m fl;Kvinnor;Ej svenska medborgare;18-29 ej förstagångsväljare;7
2018;rf;14801181;Centrum, Bohusgatan m fl;Män;Svenska medborgare;30-49;124
2018;rf;14801181;Centrum, Bohusgatan m fl;Kvinnor;Svenska medborgare;30-49;99
2018;rf;14801181;Centrum, Bohusgatan m fl;Män;Ej svenska medborgare;30-49;7
2018;rf;14801181;Centrum, Bohusgatan m fl;Kvinnor;Ej svenska medborgare;30-49;6
2018;rf;14801181;Centrum, Bohusgatan m fl;Män;Svenska medborgare;50-64;89
2018;rf;14801181;Centrum, Bohusgatan m fl;Kvinnor;Svenska medborgare;50-64;98
2018;rf;14801181;Centrum, Bohusgatan m fl;Män;Ej svenska medborgare;50-64;5
2018;rf;14801181;Centrum, Bohusgatan m fl;Kvinnor;Ej svenska medborgare;50-64;3
2018;rf;14801181;Centrum, Bohusgatan m fl;Män;Svenska medborgare;65-;93
2018;rf;14801181;Centrum, Bohusgatan m fl;Kvinnor;Svenska medborgare;65-;110
2018;rf;14801181;Centrum, Bohusgatan m fl;Män;Ej svenska medborgare;65-;4
2018;rf;14801181;Centrum, Bohusgatan m fl;Kvinnor;Ej svenska medborgare;65-;3
2018;rf;14801182;Centrum, Gårda, Södra;Män;Svenska medborgare;18-29 förstagångsväljare;10
2018;rf;14801182;Centrum, Gårda, Södra;Kvinnor;Svenska medborgare;18-29 förstagångsväljare;19
2018;rf;14801182;Centrum, Gårda, Södra;Män;Ej svenska medborgare;18-29 förstagångsväljare;6
2018;rf;14801182;Centrum, Gårda, Södra;Kvinnor;Ej svenska medborgare;18-29 förstagångsväljare;3
2018;rf;14801182;Centrum, Gårda, Södra;Män;Svenska medborgare;18-29 ej förstagångsväljare;157
2018;rf;14801182;Centrum, Gårda, Södra;Kvinnor;Svenska medborgare;18-29 ej förstagångsväljare;144
2018;rf;14801182;Centrum, Gårda, Södra;Män;Ej svenska medborgare;18-29 ej förstagångsväljare;20
2018;rf;14801182;Centrum, Gårda, Södra;Kvinnor;Ej svenska medborgare;18-29 ej förstagångsväljare;16
2018;rf;14801182;Centrum, Gårda, Södra;Män;Svenska medborgare;30-49;146
2018;rf;14801182;Centrum, Gårda, Södra;Kvinnor;Svenska medborgare;30-49;94
2018;rf;14801182;Centrum, Gårda, Södra;Män;Ej svenska medborgare;30-49;27
2018;rf;14801182;Centrum, Gårda, Södra;Kvinnor;Ej svenska medborgare;30-49;9
2018;rf;14801182;Centrum, Gårda, Södra;Män;Svenska medborgare;50-64;70
2018;rf;14801182;Centrum, Gårda, Södra;Kvinnor;Svenska medborgare;50-64;65
2018;rf;14801182;Centrum, Gårda, Södra;Män;Ej svenska medborgare;50-64;2
2018;rf;14801182;Centrum, Gårda, Södra;Kvinnor;Ej svenska medborgare;50-64;5
2018;rf;14801182;Centrum, Gårda, Södra;Män;Svenska medborgare;65-;85
2018;rf;14801182;Centrum, Gårda, Södra;Kvinnor;Svenska medborgare;65-;129
2018;rf;14801182;Centrum, Gårda, Södra;Män;Ej svenska medborgare;65-;6
2018;rf;14801182;Centrum, Gårda, Södra;Kvinnor;Ej svenska medborgare;65-;4
2018;rf;14801183;Centrum, Heden;Män;Svenska medborgare;18-29 förstagångsväljare;18
2018;rf;14801183;Centrum, Heden;Kvinnor;Svenska medborgare;18-29 förstagångsväljare;22
2018;rf;14801183;Centrum, Heden;Män;Ej svenska medborgare;18-29 förstagångsväljare;1
2018;rf;14801183;Centrum, Heden;Kvinnor;Ej svenska medborgare;18-29 förstagångsväljare;0
2018;rf;14801183;Centrum, Heden;Män;Svenska medborgare;18-29 ej förstagångsväljare;81
2018;rf;14801183;Centrum, Heden;Kvinnor;Svenska medborgare;18-29 ej förstagångsväljare;71
2018;rf;14801183;Centrum, Heden;Män;Ej svenska medborgare;18-29 ej förstagångsväljare;8
2018;rf;14801183;Centrum, Heden;Kvinnor;Ej svenska medborgare;18-29 ej förstagångsväljare;3
2018;rf;14801183;Centrum, Heden;Män;Svenska medborgare;30-49;197
2018;rf;14801183;Centrum, Heden;Kvinnor;Svenska medborgare;30-49;176
2018;rf;14801183;Centrum, Heden;Män;Ej svenska medborgare;30-49;25
2018;rf;14801183;Centrum, Heden;Kvinnor;Ej svenska medborgare;30-49;18
2018;rf;14801183;Centrum, Heden;Män;Svenska medborgare;50-64;150
2018;rf;14801183;Centrum, Heden;Kvinnor;Svenska medborgare;50-64;179
2018;rf;14801183;Centrum, Heden;Män;Ej svenska medborgare;50-64;5
2018;rf;14801183;Centrum, Heden;Kvinnor;Ej svenska medborgare;50-64;5
2018;rf;14801183;Centrum, Heden;Män;Svenska medborgare;65-;144
2018;rf;14801183;Centrum, Heden;Kvinnor;Svenska medborgare;65-;160
2018;rf;14801183;Centrum, Heden;Män;Ej svenska medborgare;65-;1
2018;rf;14801183;Centrum, Heden;Kvinnor;Ej svenska medborgare;65-;0
2018;rf;14801184;Centrum, Hedås;Män;Svenska medborgare;18-29 förstagångsväljare;33
2018;rf;14801184;Centrum, Hedås;Kvinnor;Svenska medborgare;18-29 förstagångsväljare;28
2018;rf;14801184;Centrum, Hedås;Män;Ej svenska medborgare;18-29 förstagångsväljare;1
2018;rf;14801184;Centrum, Hedås;Kvinnor;Ej svenska medborgare;18-29 förstagångsväljare;0
2018;rf;14801184;Centrum, Hedås;Män;Svenska medborgare;18-29 ej förstagångsväljare;96
2018;rf;14801184;Centrum, Hedås;Kvinnor;Svenska medborgare;18-29 ej förstagångsväljare;86
2018;rf;14801184;Centrum, Hedås;Män;Ej svenska medborgare;18-29 ej förstagångsväljare;14
2018;rf;14801184;Centrum, Hedås;Kvinnor;Ej svenska medborgare;18-29 ej förstagångsväljare;9
2018;rf;14801184;Centrum, Hedås;Män;Svenska medborgare;30-49;204
2018;rf;14801184;Centrum, Hedås;Kvinnor;Svenska medborgare;30-49;175
2018;rf;14801184;Centrum, Hedås;Män;Ej svenska medborgare;30-49;24
2018;rf;14801184;Centrum, Hedås;Kvinnor;Ej svenska medborgare;30-49;20
2018;rf;14801184;Centrum, Hedås;Män;Svenska medborgare;50-64;166
2018;rf;14801184;Centrum, Hedås;Kvinnor;Svenska medborgare;50-64;198
2018;rf;14801184;Centrum, Hedås;Män;Ej svenska medborgare;50-64;11
2018;rf;14801184;Centrum, Hedås;Kvinnor;Ej svenska medborgare;50-64;5
2018;rf;14801184;Centrum, Hedås;Män;Svenska medborgare;65-;160
2018;rf;14801184;Centrum, Hedås;Kvinnor;Svenska medborgare;65-;192
2018;rf;14801184;Centrum, Hedås;Män;Ej svenska medborgare;65-;4
2018;rf;14801184;Centrum, Hedås;Kvinnor;Ej svenska medborgare;65-;6
2018;rf;14801185;Centrum, Sten Sturegatan m fl;Män;Svenska medborgare;18-29 förstagångsväljare;25
2018;rf;14801185;Centrum, Sten Sturegatan m fl;Kvinnor;Svenska medborgare;18-29 förstagångsväljare;22
2018;rf;14801185;Centrum, Sten Sturegatan m fl;Män;Ej svenska medborgare;18-29 förstagångsväljare;5
2018;rf;14801185;Centrum, Sten Sturegatan m fl;Kvinnor;Ej svenska medborgare;18-29 förstagångsväljare;1
2018;rf;14801185;Centrum, Sten Sturegatan m fl;Män;Svenska medborgare;18-29 ej förstagångsväljare;46
2018;rf;14801185;Centrum, Sten Sturegatan m fl;Kvinnor;Svenska medborgare;18-29 ej förstagångsväljare;43
2018;rf;14801185;Centrum, Sten Sturegatan m fl;Män;Ej svenska medborgare;18-29 ej förstagångsväljare;12
2018;rf;14801185;Centrum, Sten Sturegatan m fl;Kvinnor;Ej svenska medborgare;18-29 ej förstagångsväljare;5
2018;rf;14801185;Centrum, Sten Sturegatan m fl;Män;Svenska medborgare;30-49;115
2018;rf;14801185;Centrum, Sten Sturegatan m fl;Kvinnor;Svenska medborgare;30-49;117
2018;rf;14801185;Centrum, Sten Sturegatan m fl;Män;Ej svenska medborgare;30-49;11
2018;rf;14801185;Centrum, Sten Sturegatan m fl;Kvinnor;Ej svenska medborgare;30-49;11
2018;rf;14801185;Centrum, Sten Sturegatan m fl;Män;Svenska medborgare;50-64;118
2018;rf;14801185;Centrum, Sten Sturegatan m fl;Kvinnor;Svenska medborgare;50-64;138
2018;rf;14801185;Centrum, Sten Sturegatan m fl;Män;Ej svenska medborgare;50-64;6
2018;rf;14801185;Centrum, Sten Sturegatan m fl;Kvinnor;Ej svenska medborgare;50-64;8
2018;rf;14801185;Centrum, Sten Sturegatan m fl;Män;Svenska medborgare;65-;120
2018;rf;14801185;Centrum, Sten Sturegatan m fl;Kvinnor;Svenska medborgare;65-;140
2018;rf;14801185;Centrum, Sten Sturegatan m fl;Män;Ej svenska medborgare;65-;4
2018;rf;14801185;Centrum, Sten Sturegatan m fl;Kvinnor;Ej svenska medborgare;65-;3
2018;rf;14802011;Örgryte-Härlanda, Gubbero;Män;Svenska medborgare;18-29 förstagångsväljare;10
2018;rf;14802011;Örgryte-Härlanda, Gubbero;Kvinnor;Svenska medborgare;18-29 förstagångsväljare;17
2018;rf;14802011;Örgryte-Härlanda, Gubbero;Män;Ej svenska medborgare;18-29 förstagångsväljare;0
2018;rf;14802011;Örgryte-Härlanda, Gubbero;Kvinnor;Ej svenska medborgare;18-29 förstagångsväljare;2
2018;rf;14802011;Örgryte-Härlanda, Gubbero;Män;Svenska medborgare;18-29 ej förstagångsväljare;154
2018;rf;14802011;Örgryte-Härlanda, Gubbero;Kvinnor;Svenska medborgare;18-29 ej förstagångsväljare;177
2018;rf;14802011;Örgryte-Härlanda, Gubbero;Män;Ej svenska medborgare;18-29 ej förstagångsväljare;10
2018;rf;14802011;Örgryte-Härlanda, Gubbero;Kvinnor;Ej svenska medborgare;18-29 ej förstagångsväljare;8
2018;rf;14802011;Örgryte-Härlanda, Gubbero;Män;Svenska medborgare;30-49;250
2018;rf;14802011;Örgryte-Härlanda, Gubbero;Kvinnor;Svenska medborgare;30-49;224
2018;rf;14802011;Örgryte-Härlanda, Gubbero;Män;Ej svenska medborgare;30-49;24
2018;rf;14802011;Örgryte-Härlanda, Gubbero;Kvinnor;Ej svenska medborgare;30-49;12
2018;rf;14802011;Örgryte-Härlanda, Gubbero;Män;Svenska medborgare;50-64;85
2018;rf;14802011;Örgryte-Härlanda, Gubbero;Kvinnor;Svenska medborgare;50-64;113
2018;rf;14802011;Örgryte-Härlanda, Gubbero;Män;Ej svenska medborgare;50-64;7
2018;rf;14802011;Örgryte-Härlanda, Gubbero;Kvinnor;Ej svenska medborgare;50-64;5
2018;rf;14802011;Örgryte-Härlanda, Gubbero;Män;Svenska medborgare;65-;63
2018;rf;14802011;Örgryte-Härlanda, Gubbero;Kvinnor;Svenska medborgare;65-;117
2018;rf;14802011;Örgryte-Härlanda, Gubbero;Män;Ej svenska medborgare;65-;5
2018;rf;14802011;Örgryte-Härlanda, Gubbero;Kvinnor;Ej svenska medborgare;65-;1
2018;rf;14802012;Örgryte-Härlanda, Olskroken;Män;Svenska medborgare;18-29 förstagångsväljare;31
2018;rf;14802012;Örgryte-Härlanda, Olskroken;Kvinnor;Svenska medborgare;18-29 förstagångsväljare;27
2018;rf;14802012;Örgryte-Härlanda, Olskroken;Män;Ej svenska medborgare;18-29 förstagångsväljare;2
2018;rf;14802012;Örgryte-Härlanda, Olskroken;Kvinnor;Ej svenska medborgare;18-29 förstagångsväljare;0
2018;rf;14802012;Örgryte-Härlanda, Olskroken;Män;Svenska medborgare;18-29 ej förstagångsväljare;112
2018;rf;14802012;Örgryte-Härlanda, Olskroken;Kvinnor;Svenska medborgare;18-29 ej förstagångsväljare;105
2018;rf;14802012;Örgryte-Härlanda, Olskroken;Män;Ej svenska medborgare;18-29 ej förstagångsväljare;5
2018;rf;14802012;Örgryte-Härlanda, Olskroken;Kvinnor;Ej svenska medborgare;18-29 ej förstagångsväljare;9
2018;rf;14802012;Örgryte-Härlanda, Olskroken;Män;Svenska medborgare;30-49;210
2018;rf;14802012;Örgryte-Härlanda, Olskroken;Kvinnor;Svenska medborgare;30-49;201
2018;rf;14802012;Örgryte-Härlanda, Olskroken;Män;Ej svenska medborgare;30-49;25
2018;rf;14802012;Örgryte-Härlanda, Olskroken;Kvinnor;Ej svenska medborgare;30-49;21
2018;rf;14802012;Örgryte-Härlanda, Olskroken;Män;Svenska medborgare;50-64;150
2018;rf;14802012;Örgryte-Härlanda, Olskroken;Kvinnor;Svenska medborgare;50-64;155
2018;rf;14802012;Örgryte-Härlanda, Olskroken;Män;Ej svenska medborgare;50-64;8
2018;rf;14802012;Örgryte-Härlanda, Olskroken;Kvinnor;Ej svenska medborgare;50-64;3
2018;rf;14802012;Örgryte-Härlanda, Olskroken;Män;Svenska medborgare;65-;121
2018;rf;14802012;Örgryte-Härlanda, Olskroken;Kvinnor;Svenska medborgare;65-;179
2018;rf;14802012;Örgryte-Härlanda, Olskroken;Män;Ej svenska medborgare;65-;4
2018;rf;14802012;Örgryte-Härlanda, Olskroken;Kvinnor;Ej svenska medborgare;65-;7
2018;rf;14802013;Örgryte-Härlanda, Redberget;Män;Svenska medborgare;18-29 förstagångsväljare;17
2018;rf;14802013;Örgryte-Härlanda, Redberget;Kvinnor;Svenska medborgare;18-29 förstagångsväljare;19
2018;rf;14802013;Örgryte-Härlanda, Redberget;Män;Ej svenska medborgare;18-29 förstagångsväljare;0
2018;rf;14802013;Örgryte-Härlanda, Redberget;Kvinnor;Ej svenska medborgare;18-29 förstagångsväljare;0
2018;rf;14802013;Örgryte-Härlanda, Redberget;Män;Svenska medborgare;18-29 ej förstagångsväljare;154
2018;rf;14802013;Örgryte-Härlanda, Redberget;Kvinnor;Svenska medborgare;18-29 ej förstagångsväljare;158
2018;rf;14802013;Örgryte-Härlanda, Redberget;Män;Ej svenska medborgare;18-29 ej förstagångsväljare;8
2018;rf;14802013;Örgryte-Härlanda, Redberget;Kvinnor;Ej svenska medborgare;18-29 ej förstagångsväljare;10
2018;rf;14802013;Örgryte-Härlanda, Redberget;Män;Svenska medborgare;30-49;252
2018;rf;14802013;Örgryte-Härlanda, Redberget;Kvinnor;Svenska medborgare;30-49;216
2018;rf;14802013;Örgryte-Härlanda, Redberget;Män;Ej svenska medborgare;30-49;27
2018;rf;14802013;Örgryte-Härlanda, Redberget;Kvinnor;Ej svenska medborgare;30-49;22
2018;rf;14802013;Örgryte-Härlanda, Redberget;Män;Svenska medborgare;50-64;91
2018;rf;14802013;Örgryte-Härlanda, Redberget;Kvinnor;Svenska medborgare;50-64;91
2018;rf;14802013;Örgryte-Härlanda, Redberget;Män;Ej svenska medborgare;50-64;8
2018;rf;14802013;Örgryte-Härlanda, Redberget;Kvinnor;Ej svenska medborgare;50-64;6
2018;rf;14802013;Örgryte-Härlanda, Redberget;Män;Svenska medborgare;65-;54
2018;rf;14802013;Örgryte-Härlanda, Redberget;Kvinnor;Svenska medborgare;65-;53
2018;rf;14802013;Örgryte-Härlanda, Redberget;Män;Ej svenska medborgare;65-;3
2018;rf;14802013;Örgryte-Härlanda, Redberget;Kvinnor;Ej svenska medborgare;65-;3
2018;rf;14802014;Örgryte-Härlanda, Redbergsplatsen;Män;Svenska medborgare;18-29 förstagångsväljare;14
2018;rf;14802014;Örgryte-Härlanda, Redbergsplatsen;Kvinnor;Svenska medborgare;18-29 förstagångsväljare;15
2018;rf;14802014;Örgryte-Härlanda, Redbergsplatsen;Män;Ej svenska medborgare;18-29 förstagångsväljare;1
2018;rf;14802014;Örgryte-Härlanda, Redbergsplatsen;Kvinnor;Ej svenska medborgare;18-29 förstagångsväljare;2
2018;rf;14802014;Örgryte-Härlanda, Redbergsplatsen;Män;Svenska medborgare;18-29 ej förstagångsväljare;112
2018;rf;14802014;Örgryte-Härlanda, Redbergsplatsen;Kvinnor;Svenska medborgare;18-29 ej förstagångsväljare;118
2018;rf;14802014;Örgryte-Härlanda, Redbergsplatsen;Män;Ej svenska medborgare;18-29 ej förstagångsväljare;11
2018;rf;14802014;Örgryte-Härlanda, Redbergsplatsen;Kvinnor;Ej svenska medborgare;18-29 ej förstagångsväljare;5
2018;rf;14802014;Örgryte-Härlanda, Redbergsplatsen;Män;Svenska medborgare;30-49;207
2018;rf;14802014;Örgryte-Härlanda, Redbergsplatsen;Kvinnor;Svenska medborgare;30-49;184
2018;rf;14802014;Örgryte-Härlanda, Redbergsplatsen;Män;Ej svenska medborgare;30-49;22
2018;rf;14802014;Örgryte-Härlanda, Redbergsplatsen;Kvinnor;Ej svenska medborgare;30-49;13
2018;rf;14802014;Örgryte-Härlanda, Redbergsplatsen;Män;Svenska medborgare;50-64;106
2018;rf;14802014;Örgryte-Härlanda, Redbergsplatsen;Kvinnor;Svenska medborgare;50-64;123
2018;rf;14802014;Örgryte-Härlanda, Redbergsplatsen;Män;Ej svenska medborgare;50-64;0
2018;rf;14802014;Örgryte-Härlanda, Redbergsplatsen;Kvinnor;Ej svenska medborgare;50-64;2
2018;rf;14802014;Örgryte-Härlanda, Redbergsplatsen;Män;Svenska medborgare;65-;94
2018;rf;14802014;Örgryte-Härlanda, Redbergsplatsen;Kvinnor;Svenska medborgare;65-;166
2018;rf;14802014;Örgryte-Härlanda, Redbergsplatsen;Män;Ej svenska medborgare;65-;2
2018;rf;14802014;Örgryte-Härlanda, Redbergsplatsen;Kvinnor;Ej svenska medborgare;65-;2
2018;rf;14802021;Örgryte-Härlanda, Bagaregården;Män;Svenska medborgare;18-29 förstagångsväljare;29
2018;rf;14802021;Örgryte-Härlanda, Bagaregården;Kvinnor;Svenska medborgare;18-29 förstagångsväljare;19
2018;rf;14802021;Örgryte-Härlanda, Bagaregården;Män;Ej svenska medborgare;18-29 förstagångsväljare;1
2018;rf;14802021;Örgryte-Härlanda, Bagaregården;Kvinnor;Ej svenska medborgare;18-29 förstagångsväljare;0
2018;rf;14802021;Örgryte-Härlanda, Bagaregården;Män;Svenska medborgare;18-29 ej förstagångsväljare;92
2018;rf;14802021;Örgryte-Härlanda, Bagaregården;Kvinnor;Svenska medborgare;18-29 ej förstagångsväljare;127
2018;rf;14802021;Örgryte-Härlanda, Bagaregården;Män;Ej svenska medborgare;18-29 ej förstagångsväljare;8
2018;rf;14802021;Örgryte-Härlanda, Bagaregården;Kvinnor;Ej svenska medborgare;18-29 ej förstagångsväljare;1
2018;rf;14802021;Örgryte-Härlanda, Bagaregården;Män;Svenska medborgare;30-49;235
2018;rf;14802021;Örgryte-Härlanda, Bagaregården;Kvinnor;Svenska medborgare;30-49;275
2018;rf;14802021;Örgryte-Härlanda, Bagaregården;Män;Ej svenska medborgare;30-49;13
2018;rf;14802021;Örgryte-Härlanda, Bagaregården;Kvinnor;Ej svenska medborgare;30-49;11
2018;rf;14802021;Örgryte-Härlanda, Bagaregården;Män;Svenska medborgare;50-64;105
2018;rf;14802021;Örgryte-Härlanda, Bagaregården;Kvinnor;Svenska medborgare;50-64;153
2018;rf;14802021;Örgryte-Härlanda, Bagaregården;Män;Ej svenska medborgare;50-64;9
2018;rf;14802021;Örgryte-Härlanda, Bagaregården;Kvinnor;Ej svenska medborgare;50-64;1
2018;rf;14802021;Örgryte-Härlanda, Bagaregården;Män;Svenska medborgare;65-;49
2018;rf;14802021;Örgryte-Härlanda, Bagaregården;Kvinnor;Svenska medborgare;65-;70
2018;rf;14802021;Örgryte-Härlanda, Bagaregården;Män;Ej svenska medborgare;65-;2
2018;rf;14802021;Örgryte-Härlanda, Bagaregården;Kvinnor;Ej svenska medborgare;65-;5
2018;rf;14802022;Örgryte-Härlanda, Ånäs;Män;Svenska medborgare;18-29 förstagångsväljare;19
2018;rf;14802022;Örgryte-Härlanda, Ånäs;Kvinnor;Svenska medborgare;18-29 förstagångsväljare;27
2018;rf;14802022;Örgryte-Härlanda, Ånäs;Män;Ej svenska medborgare;18-29 förstagångsväljare;2
2018;rf;14802022;Örgryte-Härlanda, Ånäs;Kvinnor;Ej svenska medborgare;18-29 förstagångsväljare;1
2018;rf;14802022;Örgryte-Härlanda, Ånäs;Män;Svenska medborgare;18-29 ej förstagångsväljare;121
2018;rf;14802022;Örgryte-Härlanda, Ånäs;Kvinnor;Svenska medborgare;18-29 ej förstagångsväljare;188
2018;rf;14802022;Örgryte-Härlanda, Ånäs;Män;Ej svenska medborgare;18-29 ej förstagångsväljare;7
2018;rf;14802022;Örgryte-Härlanda, Ånäs;Kvinnor;Ej svenska medborgare;18-29 ej förstagångsväljare;6
2018;rf;14802022;Örgryte-Härlanda, Ånäs;Män;Svenska medborgare;30-49;258
2018;rf;14802022;Örgryte-Härlanda, Ånäs;Kvinnor;Svenska medborgare;30-49;208
2018;rf;14802022;Örgryte-Härlanda, Ånäs;Män;Ej svenska medborgare;30-49;13
2018;rf;14802022;Örgryte-Härlanda, Ånäs;Kvinnor;Ej svenska medborgare;30-49;17
2018;rf;14802022;Örgryte-Härlanda, Ånäs;Män;Svenska medborgare;50-64;112
2018;rf;14802022;Örgryte-Härlanda, Ånäs;Kvinnor;Svenska medborgare;50-64;146
2018;rf;14802022;Örgryte-Härlanda, Ånäs;Män;Ej svenska medborgare;50-64;8
2018;rf;14802022;Örgryte-Härlanda, Ånäs;Kvinnor;Ej svenska medborgare;50-64;3
2018;rf;14802022;Örgryte-Härlanda, Ånäs;Män;Svenska medborgare;65-;96
2018;rf;14802022;Örgryte-Härlanda, Ånäs;Kvinnor;Svenska medborgare;65-;127
2018;rf;14802022;Örgryte-Härlanda, Ånäs;Män;Ej svenska medborgare;65-;3
2018;rf;14802022;Örgryte-Härlanda, Ånäs;Kvinnor;Ej svenska medborgare;65-;2
2018;rf;14802031;Örgryte-Härlanda, Strömmensberg, V;Män;Svenska medborgare;18-29 förstagångsväljare;21
2018;rf;14802031;Örgryte-Härlanda, Strömmensberg, V;Kvinnor;Svenska medborgare;18-29 förstagångsväljare;22
2018;rf;14802031;Örgryte-Härlanda, Strömmensberg, V;Män;Ej svenska medborgare;18-29 förstagångsväljare;2
2018;rf;14802031;Örgryte-Härlanda, Strömmensberg, V;Kvinnor;Ej svenska medborgare;18-29 förstagångsväljare;1
2018;rf;14802031;Örgryte-Härlanda, Strömmensberg, V;Män;Svenska medborgare;18-29 ej förstagångsväljare;157
2018;rf;14802031;Örgryte-Härlanda, Strömmensberg, V;Kvinnor;Svenska medborgare;18-29 ej förstagångsväljare;184
2018;rf;14802031;Örgryte-Härlanda, Strömmensberg, V;Män;Ej svenska medborgare;18-29 ej förstagångsväljare;10
2018;rf;14802031;Örgryte-Härlanda, Strömmensberg, V;Kvinnor;Ej svenska medborgare;18-29 ej förstagångsväljare;9
2018;rf;14802031;Örgryte-Härlanda, Strömmensberg, V;Män;Svenska medborgare;30-49;276
2018;rf;14802031;Örgryte-Härlanda, Strömmensberg, V;Kvinnor;Svenska medborgare;30-49;226
2018;rf;14802031;Örgryte-Härlanda, Strömmensberg, V;Män;Ej svenska medborgare;30-49;25
2018;rf;14802031;Örgryte-Härlanda, Strömmensberg, V;Kvinnor;Ej svenska medborgare;30-49;22
2018;rf;14802031;Örgryte-Härlanda, Strömmensberg, V;Män;Svenska medborgare;50-64;107
2018;rf;14802031;Örgryte-Härlanda, Strömmensberg, V;Kvinnor;Svenska medborgare;50-64;98
2018;rf;14802031;Örgryte-Härlanda, Strömmensberg, V;Män;Ej svenska medborgare;50-64;14
2018;rf;14802031;Örgryte-Härlanda, Strömmensberg, V;Kvinnor;Ej svenska medborgare;50-64;3
2018;rf;14802031;Örgryte-Härlanda, Strömmensberg, V;Män;Svenska medborgare;65-;74
2018;rf;14802031;Örgryte-Härlanda, Strömmensberg, V;Kvinnor;Svenska medborgare;65-;75
2018;rf;14802031;Örgryte-Härlanda, Strömmensberg, V;Män;Ej svenska medborgare;65-;5
2018;rf;14802031;Örgryte-Härlanda, Strömmensberg, V;Kvinnor;Ej svenska medborgare;65-;2
2018;rf;14802032;Örgryte-Härlanda, Strömmensberg, Ö;Män;Svenska medborgare;18-29 förstagångsväljare;23
2018;rf;14802032;Örgryte-Härlanda, Strömmensberg, Ö;Kvinnor;Svenska medborgare;18-29 förstagångsväljare;20
2018;rf;14802032;Örgryte-Härlanda, Strömmensberg, Ö;Män;Ej svenska medborgare;18-29 förstagångsväljare;4
2018;rf;14802032;Örgryte-Härlanda, Strömmensberg, Ö;Kvinnor;Ej svenska medborgare;18-29 förstagångsväljare;0
2018;rf;14802032;Örgryte-Härlanda, Strömmensberg, Ö;Män;Svenska medborgare;18-29 ej förstagångsväljare;184
2018;rf;14802032;Örgryte-Härlanda, Strömmensberg, Ö;Kvinnor;Svenska medborgare;18-29 ej förstagångsväljare;196
2018;rf;14802032;Örgryte-Härlanda, Strömmensberg, Ö;Män;Ej svenska medborgare;18-29 ej förstagångsväljare;9
2018;rf;14802032;Örgryte-Härlanda, Strömmensberg, Ö;Kvinnor;Ej svenska medborgare;18-29 ej förstagångsväljare;2
2018;rf;14802032;Örgryte-Härlanda, Strömmensberg, Ö;Män;Svenska medborgare;30-49;242
2018;rf;14802032;Örgryte-Härlanda, Strömmensberg, Ö;Kvinnor;Svenska medborgare;30-49;226
2018;rf;14802032;Örgryte-Härlanda, Strömmensberg, Ö;Män;Ej svenska medborgare;30-49;23
2018;rf;14802032;Örgryte-Härlanda, Strömmensberg, Ö;Kvinnor;Ej svenska medborgare;30-49;18
2018;rf;14802032;Örgryte-Härlanda, Strömmensberg, Ö;Män;Svenska medborgare;50-64;118
2018;rf;14802032;Örgryte-Härlanda, Strömmensberg, Ö;Kvinnor;Svenska medborgare;50-64;109
2018;rf;14802032;Örgryte-Härlanda, Strömmensberg, Ö;Män;Ej svenska medborgare;50-64;8
2018;rf;14802032;Örgryte-Härlanda, Strömmensberg, Ö;Kvinnor;Ej svenska medborgare;50-64;5
2018;rf;14802032;Örgryte-Härlanda, Strömmensberg, Ö;Män;Svenska medborgare;65-;94
2018;rf;14802032;Örgryte-Härlanda, Strömmensberg, Ö;Kvinnor;Svenska medborgare;65-;153
2018;rf;14802032;Örgryte-Härlanda, Strömmensberg, Ö;Män;Ej svenska medborgare;65-;3
2018;rf;14802032;Örgryte-Härlanda, Strömmensberg, Ö;Kvinnor;Ej svenska medborgare;65-;2
2018;rf;14802041;Örgryte-Härlanda, Kallebäck, Norra;Män;Svenska medborgare;18-29 förstagångsväljare;17
2018;rf;14802041;Örgryte-Härlanda, Kallebäck, Norra;Kvinnor;Svenska medborgare;18-29 förstagångsväljare;20
2018;rf;14802041;Örgryte-Härlanda, Kallebäck, Norra;Män;Ej svenska medborgare;18-29 förstagångsväljare;2
2018;rf;14802041;Örgryte-Härlanda, Kallebäck, Norra;Kvinnor;Ej svenska medborgare;18-29 förstagångsväljare;1
2018;rf;14802041;Örgryte-Härlanda, Kallebäck, Norra;Män;Svenska medborgare;18-29 ej förstagångsväljare;118
2018;rf;14802041;Örgryte-Härlanda, Kallebäck, Norra;Kvinnor;Svenska medborgare;18-29 ej förstagångsväljare;86
2018;rf;14802041;Örgryte-Härlanda, Kallebäck, Norra;Män;Ej svenska medborgare;18-29 ej förstagångsväljare;6
2018;rf;14802041;Örgryte-Härlanda, Kallebäck, Norra;Kvinnor;Ej svenska medborgare;18-29 ej förstagångsväljare;7
2018;rf;14802041;Örgryte-Härlanda, Kallebäck, Norra;Män;Svenska medborgare;30-49;193
2018;rf;14802041;Örgryte-Härlanda, Kallebäck, Norra;Kvinnor;Svenska medborgare;30-49;166
2018;rf;14802041;Örgryte-Härlanda, Kallebäck, Norra;Män;Ej svenska medborgare;30-49;19
2018;rf;14802041;Örgryte-Härlanda, Kallebäck, Norra;Kvinnor;Ej svenska medborgare;30-49;21
2018;rf;14802041;Örgryte-Härlanda, Kallebäck, Norra;Män;Svenska medborgare;50-64;82
2018;rf;14802041;Örgryte-Härlanda, Kallebäck, Norra;Kvinnor;Svenska medborgare;50-64;90
2018;rf;14802041;Örgryte-Härlanda, Kallebäck, Norra;Män;Ej svenska medborgare;50-64;2
2018;rf;14802041;Örgryte-Härlanda, Kallebäck, Norra;Kvinnor;Ej svenska medborgare;50-64;4
2018;rf;14802041;Örgryte-Härlanda, Kallebäck, Norra;Män;Svenska medborgare;65-;72
2018;rf;14802041;Örgryte-Härlanda, Kallebäck, Norra;Kvinnor;Svenska medborgare;65-;119
2018;rf;14802041;Örgryte-Härlanda, Kallebäck, Norra;Män;Ej svenska medborgare;65-;1
2018;rf;14802041;Örgryte-Härlanda, Kallebäck, Norra;Kvinnor;Ej svenska medborgare;65-;2
2018;rf;14802042;Örgryte-Härlanda, Kallebäck, Västra;Män;Svenska medborgare;18-29 förstagångsväljare;36
2018;rf;14802042;Örgryte-Härlanda, Kallebäck, Västra;Kvinnor;Svenska medborgare;18-29 förstagångsväljare;22
2018;rf;14802042;Örgryte-Härlanda, Kallebäck, Västra;Män;Ej svenska medborgare;18-29 förstagångsväljare;1
2018;rf;14802042;Örgryte-Härlanda, Kallebäck, Västra;Kvinnor;Ej svenska medborgare;18-29 förstagångsväljare;1
2018;rf;14802042;Örgryte-Härlanda, Kallebäck, Västra;Män;Svenska medborgare;18-29 ej förstagångsväljare;106
2018;rf;14802042;Örgryte-Härlanda, Kallebäck, Västra;Kvinnor;Svenska medborgare;18-29 ej förstagångsväljare;90
2018;rf;14802042;Örgryte-Härlanda, Kallebäck, Västra;Män;Ej svenska medborgare;18-29 ej förstagångsväljare;59
2018;rf;14802042;Örgryte-Härlanda, Kallebäck, Västra;Kvinnor;Ej svenska medborgare;18-29 ej förstagångsväljare;37
2018;rf;14802042;Örgryte-Härlanda, Kallebäck, Västra;Män;Svenska medborgare;30-49;100
2018;rf;14802042;Örgryte-Härlanda, Kallebäck, Västra;Kvinnor;Svenska medborgare;30-49;102
2018;rf;14802042;Örgryte-Härlanda, Kallebäck, Västra;Män;Ej svenska medborgare;30-49;69
2018;rf;14802042;Örgryte-Härlanda, Kallebäck, Västra;Kvinnor;Ej svenska medborgare;30-49;21
2018;rf;14802042;Örgryte-Härlanda, Kallebäck, Västra;Män;Svenska medborgare;50-64;52
2018;rf;14802042;Örgryte-Härlanda, Kallebäck, Västra;Kvinnor;Svenska medborgare;50-64;66
2018;rf;14802042;Örgryte-Härlanda, Kallebäck, Västra;Män;Ej svenska medborgare;50-64;4
2018;rf;14802042;Örgryte-Härlanda, Kallebäck, Västra;Kvinnor;Ej svenska medborgare;50-64;1
2018;rf;14802042;Örgryte-Härlanda, Kallebäck, Västra;Män;Svenska medborgare;65-;77
2018;rf;14802042;Örgryte-Härlanda, Kallebäck, Västra;Kvinnor;Svenska medborgare;65-;114
2018;rf;14802042;Örgryte-Härlanda, Kallebäck, Västra;Män;Ej svenska medborgare;65-;1
2018;rf;14802042;Örgryte-Härlanda, Kallebäck, Västra;Kvinnor;Ej svenska medborgare;65-;3
2018;rf;14802043;Örgryte-Härlanda, Kallebäck, Östra;Män;Svenska medborgare;18-29 förstagångsväljare;8
2018;rf;14802043;Örgryte-Härlanda, Kallebäck, Östra;Kvinnor;Svenska medborgare;18-29 förstagångsväljare;16
2018;rf;14802043;Örgryte-Härlanda, Kallebäck, Östra;Män;Ej svenska medborgare;18-29 förstagångsväljare;1
2018;rf;14802043;Örgryte-Härlanda, Kallebäck, Östra;Kvinnor;Ej svenska medborgare;18-29 förstagångsväljare;1
2018;rf;14802043;Örgryte-Härlanda, Kallebäck, Östra;Män;Svenska medborgare;18-29 ej förstagångsväljare;111
2018;rf;14802043;Örgryte-Härlanda, Kallebäck, Östra;Kvinnor;Svenska medborgare;18-29 ej förstagångsväljare;132
2018;rf;14802043;Örgryte-Härlanda, Kallebäck, Östra;Män;Ej svenska medborgare;18-29 ej förstagångsväljare;10
2018;rf;14802043;Örgryte-Härlanda, Kallebäck, Östra;Kvinnor;Ej svenska medborgare;18-29 ej förstagångsväljare;7
2018;rf;14802043;Örgryte-Härlanda, Kallebäck, Östra;Män;Svenska medborgare;30-49;208
2018;rf;14802043;Örgryte-Härlanda, Kallebäck, Östra;Kvinnor;Svenska medborgare;30-49;158
2018;rf;14802043;Örgryte-Härlanda, Kallebäck, Östra;Män;Ej svenska medborgare;30-49;18
2018;rf;14802043;Örgryte-Härlanda, Kallebäck, Östra;Kvinnor;Ej svenska medborgare;30-49;16
2018;rf;14802043;Örgryte-Härlanda, Kallebäck, Östra;Män;Svenska medborgare;50-64;98
2018;rf;14802043;Örgryte-Härlanda, Kallebäck, Östra;Kvinnor;Svenska medborgare;50-64;110
2018;rf;14802043;Örgryte-Härlanda, Kallebäck, Östra;Män;Ej svenska medborgare;50-64;5
2018;rf;14802043;Örgryte-Härlanda, Kallebäck, Östra;Kvinnor;Ej svenska medborgare;50-64;3
2018;rf;14802043;Örgryte-Härlanda, Kallebäck, Östra;Män;Svenska medborgare;65-;106
2018;rf;14802043;Örgryte-Härlanda, Kallebäck, Östra;Kvinnor;Svenska medborgare;65-;123
2018;rf;14802043;Örgryte-Härlanda, Kallebäck, Östra;Män;Ej svenska medborgare;65-;5
2018;rf;14802043;Örgryte-Härlanda, Kallebäck, Östra;Kvinnor;Ej svenska medborgare;65-;2
2018;rf;14802051;Örgryte-Härlanda, Jakobsdal;Män;Svenska medborgare;18-29 förstagångsväljare;29
2018;rf;14802051;Örgryte-Härlanda, Jakobsdal;Kvinnor;Svenska medborgare;18-29 förstagångsväljare;27
2018;rf;14802051;Örgryte-Härlanda, Jakobsdal;Män;Ej svenska medborgare;18-29 förstagångsväljare;2
2018;rf;14802051;Örgryte-Härlanda, Jakobsdal;Kvinnor;Ej svenska medborgare;18-29 förstagångsväljare;0
2018;rf;14802051;Örgryte-Härlanda, Jakobsdal;Män;Svenska medborgare;18-29 ej förstagångsväljare;102
2018;rf;14802051;Örgryte-Härlanda, Jakobsdal;Kvinnor;Svenska medborgare;18-29 ej förstagångsväljare;117
2018;rf;14802051;Örgryte-Härlanda, Jakobsdal;Män;Ej svenska medborgare;18-29 ej förstagångsväljare;8
2018;rf;14802051;Örgryte-Härlanda, Jakobsdal;Kvinnor;Ej svenska medborgare;18-29 ej förstagångsväljare;10
2018;rf;14802051;Örgryte-Härlanda, Jakobsdal;Män;Svenska medborgare;30-49;189
2018;rf;14802051;Örgryte-Härlanda, Jakobsdal;Kvinnor;Svenska medborgare;30-49;196
2018;rf;14802051;Örgryte-Härlanda, Jakobsdal;Män;Ej svenska medborgare;30-49;17
2018;rf;14802051;Örgryte-Härlanda, Jakobsdal;Kvinnor;Ej svenska medborgare;30-49;20
2018;rf;14802051;Örgryte-Härlanda, Jakobsdal;Män;Svenska medborgare;50-64;153
2018;rf;14802051;Örgryte-Härlanda, Jakobsdal;Kvinnor;Svenska medborgare;50-64;194
2018;rf;14802051;Örgryte-Härlanda, Jakobsdal;Män;Ej svenska medborgare;50-64;6
2018;rf;14802051;Örgryte-Härlanda, Jakobsdal;Kvinnor;Ej svenska medborgare;50-64;4
2018;rf;14802051;Örgryte-Härlanda, Jakobsdal;Män;Svenska medborgare;65-;137
2018;rf;14802051;Örgryte-Härlanda, Jakobsdal;Kvinnor;Svenska medborgare;65-;159
2018;rf;14802051;Örgryte-Härlanda, Jakobsdal;Män;Ej svenska medborgare;65-;1
2018;rf;14802051;Örgryte-Härlanda, Jakobsdal;Kvinnor;Ej svenska medborgare;65-;3
2018;rf;14802052;Örgryte-Härlanda, Skår, Norra;Män;Svenska medborgare;18-29 förstagångsväljare;43
2018;rf;14802052;Örgryte-Härlanda, Skår, Norra;Kvinnor;Svenska medborgare;18-29 förstagångsväljare;40
2018;rf;14802052;Örgryte-Härlanda, Skår, Norra;Män;Ej svenska medborgare;18-29 förstagångsväljare;1
2018;rf;14802052;Örgryte-Härlanda, Skår, Norra;Kvinnor;Ej svenska medborgare;18-29 förstagångsväljare;0
2018;rf;14802052;Örgryte-Härlanda, Skår, Norra;Män;Svenska medborgare;18-29 ej förstagångsväljare;43
2018;rf;14802052;Örgryte-Härlanda, Skår, Norra;Kvinnor;Svenska medborgare;18-29 ej förstagångsväljare;67
2018;rf;14802052;Örgryte-Härlanda, Skår, Norra;Män;Ej svenska medborgare;18-29 ej förstagångsväljare;8
2018;rf;14802052;Örgryte-Härlanda, Skår, Norra;Kvinnor;Ej svenska medborgare;18-29 ej förstagångsväljare;4
2018;rf;14802052;Örgryte-Härlanda, Skår, Norra;Män;Svenska medborgare;30-49;130
2018;rf;14802052;Örgryte-Härlanda, Skår, Norra;Kvinnor;Svenska medborgare;30-49;166
2018;rf;14802052;Örgryte-Härlanda, Skår, Norra;Män;Ej svenska medborgare;30-49;25
2018;rf;14802052;Örgryte-Härlanda, Skår, Norra;Kvinnor;Ej svenska medborgare;30-49;15
2018;rf;14802052;Örgryte-Härlanda, Skår, Norra;Män;Svenska medborgare;50-64;124
2018;rf;14802052;Örgryte-Härlanda, Skår, Norra;Kvinnor;Svenska medborgare;50-64;146
2018;rf;14802052;Örgryte-Härlanda, Skår, Norra;Män;Ej svenska medborgare;50-64;5
2018;rf;14802052;Örgryte-Härlanda, Skår, Norra;Kvinnor;Ej svenska medborgare;50-64;6
2018;rf;14802052;Örgryte-Härlanda, Skår, Norra;Män;Svenska medborgare;65-;135
2018;rf;14802052;Örgryte-Härlanda, Skår, Norra;Kvinnor;Svenska medborgare;65-;131
2018;rf;14802052;Örgryte-Härlanda, Skår, Norra;Män;Ej svenska medborgare;65-;3
2018;rf;14802052;Örgryte-Härlanda, Skår, Norra;Kvinnor;Ej svenska medborgare;65-;3
2018;rf;14802053;Örgryte-Härlanda, Skår, Södra;Män;Svenska medborgare;18-29 förstagångsväljare;48
2018;rf;14802053;Örgryte-Härlanda, Skår, Södra;Kvinnor;Svenska medborgare;18-29 förstagångsväljare;38
2018;rf;14802053;Örgryte-Härlanda, Skår, Södra;Män;Ej svenska medborgare;18-29 förstagångsväljare;4
2018;rf;14802053;Örgryte-Härlanda, Skår, Södra;Kvinnor;Ej svenska medborgare;18-29 förstagångsväljare;1
2018;rf;14802053;Örgryte-Härlanda, Skår, Södra;Män;Svenska medborgare;18-29 ej förstagångsväljare;79
2018;rf;14802053;Örgryte-Härlanda, Skår, Södra;Kvinnor;Svenska medborgare;18-29 ej förstagångsväljare;81
2018;rf;14802053;Örgryte-Härlanda, Skår, Södra;Män;Ej svenska medborgare;18-29 ej förstagångsväljare;4
2018;rf;14802053;Örgryte-Härlanda, Skår, Södra;Kvinnor;Ej svenska medborgare;18-29 ej förstagångsväljare;9
2018;rf;14802053;Örgryte-Härlanda, Skår, Södra;Män;Svenska medborgare;30-49;152
2018;rf;14802053;Örgryte-Härlanda, Skår, Södra;Kvinnor;Svenska medborgare;30-49;163
2018;rf;14802053;Örgryte-Härlanda, Skår, Södra;Män;Ej svenska medborgare;30-49;28
2018;rf;14802053;Örgryte-Härlanda, Skår, Södra;Kvinnor;Ej svenska medborgare;30-49;31
2018;rf;14802053;Örgryte-Härlanda, Skår, Södra;Män;Svenska medborgare;50-64;165
2018;rf;14802053;Örgryte-Härlanda, Skår, Södra;Kvinnor;Svenska medborgare;50-64;157
2018;rf;14802053;Örgryte-Härlanda, Skår, Södra;Män;Ej svenska medborgare;50-64;6
2018;rf;14802053;Örgryte-Härlanda, Skår, Södra;Kvinnor;Ej svenska medborgare;50-64;10
2018;rf;14802053;Örgryte-Härlanda, Skår, Södra;Män;Svenska medborgare;65-;135
2018;rf;14802053;Örgryte-Härlanda, Skår, Södra;Kvinnor;Svenska medborgare;65-;122
2018;rf;14802053;Örgryte-Härlanda, Skår, Södra;Män;Ej svenska medborgare;65-;3
2018;rf;14802053;Örgryte-Härlanda, Skår, Södra;Kvinnor;Ej svenska medborgare;65-;3
2018;rf;14802061;Örgryte-Härlanda, Bö;Män;Svenska medborgare;18-29 förstagångsväljare;21
2018;rf;14802061;Örgryte-Härlanda, Bö;Kvinnor;Svenska medborgare;18-29 förstagångsväljare;25
2018;rf;14802061;Örgryte-Härlanda, Bö;Män;Ej svenska medborgare;18-29 förstagångsväljare;0
2018;rf;14802061;Örgryte-Härlanda, Bö;Kvinnor;Ej svenska medborgare;18-29 förstagångsväljare;0
2018;rf;14802061;Örgryte-Härlanda, Bö;Män;Svenska medborgare;18-29 ej förstagångsväljare;48
2018;rf;14802061;Örgryte-Härlanda, Bö;Kvinnor;Svenska medborgare;18-29 ej förstagångsväljare;60
2018;rf;14802061;Örgryte-Härlanda, Bö;Män;Ej svenska medborgare;18-29 ej förstagångsväljare;5
2018;rf;14802061;Örgryte-Härlanda, Bö;Kvinnor;Ej svenska medborgare;18-29 ej förstagångsväljare;9
2018;rf;14802061;Örgryte-Härlanda, Bö;Män;Svenska medborgare;30-49;158
2018;rf;14802061;Örgryte-Härlanda, Bö;Kvinnor;Svenska medborgare;30-49;166
2018;rf;14802061;Örgryte-Härlanda, Bö;Män;Ej svenska medborgare;30-49;12
2018;rf;14802061;Örgryte-Härlanda, Bö;Kvinnor;Ej svenska medborgare;30-49;12
2018;rf;14802061;Örgryte-Härlanda, Bö;Män;Svenska medborgare;50-64;121
2018;rf;14802061;Örgryte-Härlanda, Bö;Kvinnor;Svenska medborgare;50-64;149
2018;rf;14802061;Örgryte-Härlanda, Bö;Män;Ej svenska medborgare;50-64;3
2018;rf;14802061;Örgryte-Härlanda, Bö;Kvinnor;Ej svenska medborgare;50-64;1
2018;rf;14802061;Örgryte-Härlanda, Bö;Män;Svenska medborgare;65-;91
2018;rf;14802061;Örgryte-Härlanda, Bö;Kvinnor;Svenska medborgare;65-;102
2018;rf;14802061;Örgryte-Härlanda, Bö;Män;Ej svenska medborgare;65-;2
2018;rf;14802061;Örgryte-Härlanda, Bö;Kvinnor;Ej svenska medborgare;65-;1
2018;rf;14802062;Örgryte-Härlanda, Örgryte;Män;Svenska medborgare;18-29 förstagångsväljare;43
2018;rf;14802062;Örgryte-Härlanda, Örgryte;Kvinnor;Svenska medborgare;18-29 förstagångsväljare;15
2018;rf;14802062;Örgryte-Härlanda, Örgryte;Män;Ej svenska medborgare;18-29 förstagångsväljare;8
2018;rf;14802062;Örgryte-Härlanda, Örgryte;Kvinnor;Ej svenska medborgare;18-29 förstagångsväljare;3
2018;rf;14802062;Örgryte-Härlanda, Örgryte;Män;Svenska medborgare;18-29 ej förstagångsväljare;66
2018;rf;14802062;Örgryte-Härlanda, Örgryte;Kvinnor;Svenska medborgare;18-29 ej förstagångsväljare;59
2018;rf;14802062;Örgryte-Härlanda, Örgryte;Män;Ej svenska medborgare;18-29 ej förstagångsväljare;20
2018;rf;14802062;Örgryte-Härlanda, Örgryte;Kvinnor;Ej svenska medborgare;18-29 ej förstagångsväljare;19
2018;rf;14802062;Örgryte-Härlanda, Örgryte;Män;Svenska medborgare;30-49;112
2018;rf;14802062;Örgryte-Härlanda, Örgryte;Kvinnor;Svenska medborgare;30-49;127
2018;rf;14802062;Örgryte-Härlanda, Örgryte;Män;Ej svenska medborgare;30-49;29
2018;rf;14802062;Örgryte-Härlanda, Örgryte;Kvinnor;Ej svenska medborgare;30-49;15
2018;rf;14802062;Örgryte-Härlanda, Örgryte;Män;Svenska medborgare;50-64;109
2018;rf;14802062;Örgryte-Härlanda, Örgryte;Kvinnor;Svenska medborgare;50-64;126
2018;rf;14802062;Örgryte-Härlanda, Örgryte;Män;Ej svenska medborgare;50-64;6
2018;rf;14802062;Örgryte-Härlanda, Örgryte;Kvinnor;Ej svenska medborgare;50-64;4
2018;rf;14802062;Örgryte-Härlanda, Örgryte;Män;Svenska medborgare;65-;124
2018;rf;14802062;Örgryte-Härlanda, Örgryte;Kvinnor;Svenska medborgare;65-;142
2018;rf;14802062;Örgryte-Härlanda, Örgryte;Män;Ej svenska medborgare;65-;3
2018;rf;14802062;Örgryte-Härlanda, Örgryte;Kvinnor;Ej svenska medborgare;65-;3
2018;rf;14802071;Örgryte-Härlanda, Stora Torp;Män;Svenska medborgare;18-29 förstagångsväljare;9
2018;rf;14802071;Örgryte-Härlanda, Stora Torp;Kvinnor;Svenska medborgare;18-29 förstagångsväljare;16
2018;rf;14802071;Örgryte-Härlanda, Stora Torp;Män;Ej svenska medborgare;18-29 förstagångsväljare;0
2018;rf;14802071;Örgryte-Härlanda, Stora Torp;Kvinnor;Ej svenska medborgare;18-29 förstagångsväljare;1
2018;rf;14802071;Örgryte-Härlanda, Stora Torp;Män;Svenska medborgare;18-29 ej förstagångsväljare;53
2018;rf;14802071;Örgryte-Härlanda, Stora Torp;Kvinnor;Svenska medborgare;18-29 ej förstagångsväljare;69
2018;rf;14802071;Örgryte-Härlanda, Stora Torp;Män;Ej svenska medborgare;18-29 ej förstagångsväljare;4
2018;rf;14802071;Örgryte-Härlanda, Stora Torp;Kvinnor;Ej svenska medborgare;18-29 ej förstagångsväljare;5
2018;rf;14802071;Örgryte-Härlanda, Stora Torp;Män;Svenska medborgare;30-49;164
2018;rf;14802071;Örgryte-Härlanda, Stora Torp;Kvinnor;Svenska medborgare;30-49;159
2018;rf;14802071;Örgryte-Härlanda, Stora Torp;Män;Ej svenska medborgare;30-49;10
2018;rf;14802071;Örgryte-Härlanda, Stora Torp;Kvinnor;Ej svenska medborgare;30-49;9
2018;rf;14802071;Örgryte-Härlanda, Stora Torp;Män;Svenska medborgare;50-64;111
2018;rf;14802071;Örgryte-Härlanda, Stora Torp;Kvinnor;Svenska medborgare;50-64;127
2018;rf;14802071;Örgryte-Härlanda, Stora Torp;Män;Ej svenska medborgare;50-64;2
2018;rf;14802071;Örgryte-Härlanda, Stora Torp;Kvinnor;Ej svenska medborgare;50-64;5
2018;rf;14802071;Örgryte-Härlanda, Stora Torp;Män;Svenska medborgare;65-;107
2018;rf;14802071;Örgryte-Härlanda, Stora Torp;Kvinnor;Svenska medborgare;65-;142
2018;rf;14802071;Örgryte-Härlanda, Stora Torp;Män;Ej svenska medborgare;65-;2
2018;rf;14802071;Örgryte-Härlanda, Stora Torp;Kvinnor;Ej svenska medborgare;65-;1
2018;rf;14802072;Örgryte-Härlanda, Lilla Torp;Män;Svenska medborgare;18-29 förstagångsväljare;34
2018;rf;14802072;Örgryte-Härlanda, Lilla Torp;Kvinnor;Svenska medborgare;18-29 förstagångsväljare;21
2018;rf;14802072;Örgryte-Härlanda, Lilla Torp;Män;Ej svenska medborgare;18-29 förstagångsväljare;2
2018;rf;14802072;Örgryte-Härlanda, Lilla Torp;Kvinnor;Ej svenska medborgare;18-29 förstagångsväljare;0
2018;rf;14802072;Örgryte-Härlanda, Lilla Torp;Män;Svenska medborgare;18-29 ej förstagångsväljare;140
2018;rf;14802072;Örgryte-Härlanda, Lilla Torp;Kvinnor;Svenska medborgare;18-29 ej förstagångsväljare;194
2018;rf;14802072;Örgryte-Härlanda, Lilla Torp;Män;Ej svenska medborgare;18-29 ej förstagångsväljare;17
2018;rf;14802072;Örgryte-Härlanda, Lilla Torp;Kvinnor;Ej svenska medborgare;18-29 ej förstagångsväljare;8
2018;rf;14802072;Örgryte-Härlanda, Lilla Torp;Män;Svenska medborgare;30-49;243
2018;rf;14802072;Örgryte-Härlanda, Lilla Torp;Kvinnor;Svenska medborgare;30-49;227
2018;rf;14802072;Örgryte-Härlanda, Lilla Torp;Män;Ej svenska medborgare;30-49;23
2018;rf;14802072;Örgryte-Härlanda, Lilla Torp;Kvinnor;Ej svenska medborgare;30-49;23
2018;rf;14802072;Örgryte-Härlanda, Lilla Torp;Män;Svenska medborgare;50-64;140
2018;rf;14802072;Örgryte-Härlanda, Lilla Torp;Kvinnor;Svenska medborgare;50-64;182
2018;rf;14802072;Örgryte-Härlanda, Lilla Torp;Män;Ej svenska medborgare;50-64;3
2018;rf;14802072;Örgryte-Härlanda, Lilla Torp;Kvinnor;Ej svenska medborgare;50-64;2
2018;rf;14802072;Örgryte-Härlanda, Lilla Torp;Män;Svenska medborgare;65-;127
2018;rf;14802072;Örgryte-Härlanda, Lilla Torp;Kvinnor;Svenska medborgare;65-;190
2018;rf;14802072;Örgryte-Härlanda, Lilla Torp;Män;Ej svenska medborgare;65-;2
2018;rf;14802072;Örgryte-Härlanda, Lilla Torp;Kvinnor;Ej svenska medborgare;65-;5
2018;rf;14802081;Örgryte-Härlanda, Danska vägen m fl;Män;Svenska medborgare;18-29 förstagångsväljare;20
2018;rf;14802081;Örgryte-Härlanda, Danska vägen m fl;Kvinnor;Svenska medborgare;18-29 förstagångsväljare;22
2018;rf;14802081;Örgryte-Härlanda, Danska vägen m fl;Män;Ej svenska medborgare;18-29 förstagångsväljare;0
2018;rf;14802081;Örgryte-Härlanda, Danska vägen m fl;Kvinnor;Ej svenska medborgare;18-29 förstagångsväljare;1
2018;rf;14802081;Örgryte-Härlanda, Danska vägen m fl;Män;Svenska medborgare;18-29 ej förstagångsväljare;124
2018;rf;14802081;Örgryte-Härlanda, Danska vägen m fl;Kvinnor;Svenska medborgare;18-29 ej förstagångsväljare;149
2018;rf;14802081;Örgryte-Härlanda, Danska vägen m fl;Män;Ej svenska medborgare;18-29 ej förstagångsväljare;3
2018;rf;14802081;Örgryte-Härlanda, Danska vägen m fl;Kvinnor;Ej svenska medborgare;18-29 ej förstagångsväljare;11
2018;rf;14802081;Örgryte-Härlanda, Danska vägen m fl;Män;Svenska medborgare;30-49;220
2018;rf;14802081;Örgryte-Härlanda, Danska vägen m fl;Kvinnor;Svenska medborgare;30-49;211
2018;rf;14802081;Örgryte-Härlanda, Danska vägen m fl;Män;Ej svenska medborgare;30-49;21
2018;rf;14802081;Örgryte-Härlanda, Danska vägen m fl;Kvinnor;Ej svenska medborgare;30-49;10
2018;rf;14802081;Örgryte-Härlanda, Danska vägen m fl;Män;Svenska medborgare;50-64;88
2018;rf;14802081;Örgryte-Härlanda, Danska vägen m fl;Kvinnor;Svenska medborgare;50-64;128
2018;rf;14802081;Örgryte-Härlanda, Danska vägen m fl;Män;Ej svenska medborgare;50-64;4
2018;rf;14802081;Örgryte-Härlanda, Danska vägen m fl;Kvinnor;Ej svenska medborgare;50-64;6
2018;rf;14802081;Örgryte-Härlanda, Danska vägen m fl;Män;Svenska medborgare;65-;90
2018;rf;14802081;Örgryte-Härlanda, Danska vägen m fl;Kvinnor;Svenska medborgare;65-;143
2018;rf;14802081;Örgryte-Härlanda, Danska vägen m fl;Män;Ej svenska medborgare;65-;1
2018;rf;14802081;Örgryte-Härlanda, Danska vägen m fl;Kvinnor;Ej svenska medborgare;65-;3
2018;rf;14802082;Örgryte-Härlanda, Kärralund, Norra;Män;Svenska medborgare;18-29 förstagångsväljare;45
2018;rf;14802082;Örgryte-Härlanda, Kärralund, Norra;Kvinnor;Svenska medborgare;18-29 förstagångsväljare;26
2018;rf;14802082;Örgryte-Härlanda, Kärralund, Norra;Män;Ej svenska medborgare;18-29 förstagångsväljare;1
2018;rf;14802082;Örgryte-Härlanda, Kärralund, Norra;Kvinnor;Ej svenska medborgare;18-29 förstagångsväljare;1
2018;rf;14802082;Örgryte-Härlanda, Kärralund, Norra;Män;Svenska medborgare;18-29 ej förstagångsväljare;108
2018;rf;14802082;Örgryte-Härlanda, Kärralund, Norra;Kvinnor;Svenska medborgare;18-29 ej förstagångsväljare;106
2018;rf;14802082;Örgryte-Härlanda, Kärralund, Norra;Män;Ej svenska medborgare;18-29 ej förstagångsväljare;11
2018;rf;14802082;Örgryte-Härlanda, Kärralund, Norra;Kvinnor;Ej svenska medborgare;18-29 ej förstagångsväljare;6
2018;rf;14802082;Örgryte-Härlanda, Kärralund, Norra;Män;Svenska medborgare;30-49;185
2018;rf;14802082;Örgryte-Härlanda, Kärralund, Norra;Kvinnor;Svenska medborgare;30-49;192
2018;rf;14802082;Örgryte-Härlanda, Kärralund, Norra;Män;Ej svenska medborgare;30-49;30
2018;rf;14802082;Örgryte-Härlanda, Kärralund, Norra;Kvinnor;Ej svenska medborgare;30-49;20
2018;rf;14802082;Örgryte-Härlanda, Kärralund, Norra;Män;Svenska medborgare;50-64;132
2018;rf;14802082;Örgryte-Härlanda, Kärralund, Norra;Kvinnor;Svenska medborgare;50-64;153
2018;rf;14802082;Örgryte-Härlanda, Kärralund, Norra;Män;Ej svenska medborgare;50-64;5
2018;rf;14802082;Örgryte-Härlanda, Kärralund, Norra;Kvinnor;Ej svenska medborgare;50-64;5
2018;rf;14802082;Örgryte-Härlanda, Kärralund, Norra;Män;Svenska medborgare;65-;93
2018;rf;14802082;Örgryte-Härlanda, Kärralund, Norra;Kvinnor;Svenska medborgare;65-;99
2018;rf;14802082;Örgryte-Härlanda, Kärralund, Norra;Män;Ej svenska medborgare;65-;3
2018;rf;14802082;Örgryte-Härlanda, Kärralund, Norra;Kvinnor;Ej svenska medborgare;65-;2
2018;rf;14802083;Örgryte-Härlanda, Kärralund, Södra;Män;Svenska medborgare;18-29 förstagångsväljare;35
2018;rf;14802083;Örgryte-Härlanda, Kärralund, Södra;Kvinnor;Svenska medborgare;18-29 förstagångsväljare;32
2018;rf;14802083;Örgryte-Härlanda, Kärralund, Södra;Män;Ej svenska medborgare;18-29 förstagångsväljare;2
2018;rf;14802083;Örgryte-Härlanda, Kärralund, Södra;Kvinnor;Ej svenska medborgare;18-29 förstagångsväljare;2
2018;rf;14802083;Örgryte-Härlanda, Kärralund, Södra;Män;Svenska medborgare;18-29 ej förstagångsväljare;75
2018;rf;14802083;Örgryte-Härlanda, Kärralund, Södra;Kvinnor;Svenska medborgare;18-29 ej förstagångsväljare;68
2018;rf;14802083;Örgryte-Härlanda, Kärralund, Södra;Män;Ej svenska medborgare;18-29 ej förstagångsväljare;13
2018;rf;14802083;Örgryte-Härlanda, Kärralund, Södra;Kvinnor;Ej svenska medborgare;18-29 ej förstagångsväljare;5
2018;rf;14802083;Örgryte-Härlanda, Kärralund, Södra;Män;Svenska medborgare;30-49;148
2018;rf;14802083;Örgryte-Härlanda, Kärralund, Södra;Kvinnor;Svenska medborgare;30-49;164
2018;rf;14802083;Örgryte-Härlanda, Kärralund, Södra;Män;Ej svenska medborgare;30-49;22
2018;rf;14802083;Örgryte-Härlanda, Kärralund, Södra;Kvinnor;Ej svenska medborgare;30-49;15
2018;rf;14802083;Örgryte-Härlanda, Kärralund, Södra;Män;Svenska medborgare;50-64;137
2018;rf;14802083;Örgryte-Härlanda, Kärralund, Södra;Kvinnor;Svenska medborgare;50-64;152
2018;rf;14802083;Örgryte-Härlanda, Kärralund, Södra;Män;Ej svenska medborgare;50-64;10
2018;rf;14802083;Örgryte-Härlanda, Kärralund, Södra;Kvinnor;Ej svenska medborgare;50-64;8
2018;rf;14802083;Örgryte-Härlanda, Kärralund, Södra;Män;Svenska medborgare;65-;179
2018;rf;14802083;Örgryte-Härlanda, Kärralund, Södra;Kvinnor;Svenska medborgare;65-;229
2018;rf;14802083;Örgryte-Härlanda, Kärralund, Södra;Män;Ej svenska medborgare;65-;1
2018;rf;14802083;Örgryte-Härlanda, Kärralund, Södra;Kvinnor;Ej svenska medborgare;65-;4
2018;rf;14802084;Örgryte-Härlanda, Lunden, Gamla;Män;Svenska medborgare;18-29 förstagångsväljare;15
2018;rf;14802084;Örgryte-Härlanda, Lunden, Gamla;Kvinnor;Svenska medborgare;18-29 förstagångsväljare;17
2018;rf;14802084;Örgryte-Härlanda, Lunden, Gamla;Män;Ej svenska medborgare;18-29 förstagångsväljare;1
2018;rf;14802084;Örgryte-Härlanda, Lunden, Gamla;Kvinnor;Ej svenska medborgare;18-29 förstagångsväljare;1
2018;rf;14802084;Örgryte-Härlanda, Lunden, Gamla;Män;Svenska medborgare;18-29 ej förstagångsväljare;174
2018;rf;14802084;Örgryte-Härlanda, Lunden, Gamla;Kvinnor;Svenska medborgare;18-29 ej förstagångsväljare;206
2018;rf;14802084;Örgryte-Härlanda, Lunden, Gamla;Män;Ej svenska medborgare;18-29 ej förstagångsväljare;10
2018;rf;14802084;Örgryte-Härlanda, Lunden, Gamla;Kvinnor;Ej svenska medborgare;18-29 ej förstagångsväljare;6
2018;rf;14802084;Örgryte-Härlanda, Lunden, Gamla;Män;Svenska medborgare;30-49;258
2018;rf;14802084;Örgryte-Härlanda, Lunden, Gamla;Kvinnor;Svenska medborgare;30-49;196
2018;rf;14802084;Örgryte-Härlanda, Lunden, Gamla;Män;Ej svenska medborgare;30-49;20
2018;rf;14802084;Örgryte-Härlanda, Lunden, Gamla;Kvinnor;Ej svenska medborgare;30-49;14
2018;rf;14802084;Örgryte-Härlanda, Lunden, Gamla;Män;Svenska medborgare;50-64;104
2018;rf;14802084;Örgryte-Härlanda, Lunden, Gamla;Kvinnor;Svenska medborgare;50-64;107
2018;rf;14802084;Örgryte-Härlanda, Lunden, Gamla;Män;Ej svenska medborgare;50-64;3
2018;rf;14802084;Örgryte-Härlanda, Lunden, Gamla;Kvinnor;Ej svenska medborgare;50-64;8
2018;rf;14802084;Örgryte-Härlanda, Lunden, Gamla;Män;Svenska medborgare;65-;52
2018;rf;14802084;Örgryte-Härlanda, Lunden, Gamla;Kvinnor;Svenska medborgare;65-;65
2018;rf;14802084;Örgryte-Härlanda, Lunden, Gamla;Män;Ej svenska medborgare;65-;1
2018;rf;14802084;Örgryte-Härlanda, Lunden, Gamla;Kvinnor;Ej svenska medborgare;65-;5
2018;rf;14802085;Örgryte-Härlanda, Lunden, Nya;Män;Svenska medborgare;18-29 förstagångsväljare;9
2018;rf;14802085;Örgryte-Härlanda, Lunden, Nya;Kvinnor;Svenska medborgare;18-29 förstagångsväljare;12
2018;rf;14802085;Örgryte-Härlanda, Lunden, Nya;Män;Ej svenska medborgare;18-29 förstagångsväljare;0
2018;rf;14802085;Örgryte-Härlanda, Lunden, Nya;Kvinnor;Ej svenska medborgare;18-29 förstagångsväljare;0
2018;rf;14802085;Örgryte-Härlanda, Lunden, Nya;Män;Svenska medborgare;18-29 ej förstagångsväljare;164
2018;rf;14802085;Örgryte-Härlanda, Lunden, Nya;Kvinnor;Svenska medborgare;18-29 ej förstagångsväljare;198
2018;rf;14802085;Örgryte-Härlanda, Lunden, Nya;Män;Ej svenska medborgare;18-29 ej förstagångsväljare;8
2018;rf;14802085;Örgryte-Härlanda, Lunden, Nya;Kvinnor;Ej svenska medborgare;18-29 ej förstagångsväljare;12
2018;rf;14802085;Örgryte-Härlanda, Lunden, Nya;Män;Svenska medborgare;30-49;282
2018;rf;14802085;Örgryte-Härlanda, Lunden, Nya;Kvinnor;Svenska medborgare;30-49;189
2018;rf;14802085;Örgryte-Härlanda, Lunden, Nya;Män;Ej svenska medborgare;30-49;17
2018;rf;14802085;Örgryte-Härlanda, Lunden, Nya;Kvinnor;Ej svenska medborgare;30-49;12
2018;rf;14802085;Örgryte-Härlanda, Lunden, Nya;Män;Svenska medborgare;50-64;73
2018;rf;14802085;Örgryte-Härlanda, Lunden, Nya;Kvinnor;Svenska medborgare;50-64;64
2018;rf;14802085;Örgryte-Härlanda, Lunden, Nya;Män;Ej svenska medborgare;50-64;6
2018;rf;14802085;Örgryte-Härlanda, Lunden, Nya;Kvinnor;Ej svenska medborgare;50-64;2
2018;rf;14802085;Örgryte-Härlanda, Lunden, Nya;Män;Svenska medborgare;65-;58
2018;rf;14802085;Örgryte-Härlanda, Lunden, Nya;Kvinnor;Svenska medborgare;65-;41
2018;rf;14802085;Örgryte-Härlanda, Lunden, Nya;Män;Ej svenska medborgare;65-;3
2018;rf;14802085;Örgryte-Härlanda, Lunden, Nya;Kvinnor;Ej svenska medborgare;65-;2
2018;rf;14802086;Örgryte-Härlanda, Nobelplatsen;Män;Svenska medborgare;18-29 förstagångsväljare;14
2018;rf;14802086;Örgryte-Härlanda, Nobelplatsen;Kvinnor;Svenska medborgare;18-29 förstagångsväljare;20
2018;rf;14802086;Örgryte-Härlanda, Nobelplatsen;Män;Ej svenska medborgare;18-29 förstagångsväljare;0
2018;rf;14802086;Örgryte-Härlanda, Nobelplatsen;Kvinnor;Ej svenska medborgare;18-29 förstagångsväljare;1
2018;rf;14802086;Örgryte-Härlanda, Nobelplatsen;Män;Svenska medborgare;18-29 ej förstagångsväljare;172
2018;rf;14802086;Örgryte-Härlanda, Nobelplatsen;Kvinnor;Svenska medborgare;18-29 ej förstagångsväljare;221
2018;rf;14802086;Örgryte-Härlanda, Nobelplatsen;Män;Ej svenska medborgare;18-29 ej förstagångsväljare;5
2018;rf;14802086;Örgryte-Härlanda, Nobelplatsen;Kvinnor;Ej svenska medborgare;18-29 ej förstagångsväljare;11
2018;rf;14802086;Örgryte-Härlanda, Nobelplatsen;Män;Svenska medborgare;30-49;240
2018;rf;14802086;Örgryte-Härlanda, Nobelplatsen;Kvinnor;Svenska medborgare;30-49;211
2018;rf;14802086;Örgryte-Härlanda, Nobelplatsen;Män;Ej svenska medborgare;30-49;14
2018;rf;14802086;Örgryte-Härlanda, Nobelplatsen;Kvinnor;Ej svenska medborgare;30-49;10
2018;rf;14802086;Örgryte-Härlanda, Nobelplatsen;Män;Svenska medborgare;50-64;73
2018;rf;14802086;Örgryte-Härlanda, Nobelplatsen;Kvinnor;Svenska medborgare;50-64;75
2018;rf;14802086;Örgryte-Härlanda, Nobelplatsen;Män;Ej svenska medborgare;50-64;4
2018;rf;14802086;Örgryte-Härlanda, Nobelplatsen;Kvinnor;Ej svenska medborgare;50-64;2
2018;rf;14802086;Örgryte-Härlanda, Nobelplatsen;Män;Svenska medborgare;65-;41
2018;rf;14802086;Örgryte-Härlanda, Nobelplatsen;Kvinnor;Svenska medborgare;65-;56
2018;rf;14802086;Örgryte-Härlanda, Nobelplatsen;Män;Ej svenska medborgare;65-;3
2018;rf;14802086;Örgryte-Härlanda, Nobelplatsen;Kvinnor;Ej svenska medborgare;65-;1
2018;rf;14802087;Örgryte-Härlanda, Sankt Pauli;Män;Svenska medborgare;18-29 förstagångsväljare;28
2018;rf;14802087;Örgryte-Härlanda, Sankt Pauli;Kvinnor;Svenska medborgare;18-29 förstagångsväljare;27
2018;rf;14802087;Örgryte-Härlanda, Sankt Pauli;Män;Ej svenska medborgare;18-29 förstagångsväljare;1
2018;rf;14802087;Örgryte-Härlanda, Sankt Pauli;Kvinnor;Ej svenska medborgare;18-29 förstagångsväljare;1
2018;rf;14802087;Örgryte-Härlanda, Sankt Pauli;Män;Svenska medborgare;18-29 ej förstagångsväljare;143
2018;rf;14802087;Örgryte-Härlanda, Sankt Pauli;Kvinnor;Svenska medborgare;18-29 ej förstagångsväljare;193
2018;rf;14802087;Örgryte-Härlanda, Sankt Pauli;Män;Ej svenska medborgare;18-29 ej förstagångsväljare;11
2018;rf;14802087;Örgryte-Härlanda, Sankt Pauli;Kvinnor;Ej svenska medborgare;18-29 ej förstagångsväljare;6
2018;rf;14802087;Örgryte-Härlanda, Sankt Pauli;Män;Svenska medborgare;30-49;229
2018;rf;14802087;Örgryte-Härlanda, Sankt Pauli;Kvinnor;Svenska medborgare;30-49;245
2018;rf;14802087;Örgryte-Härlanda, Sankt Pauli;Män;Ej svenska medborgare;30-49;12
2018;rf;14802087;Örgryte-Härlanda, Sankt Pauli;Kvinnor;Ej svenska medborgare;30-49;12
2018;rf;14802087;Örgryte-Härlanda, Sankt Pauli;Män;Svenska medborgare;50-64;91
2018;rf;14802087;Örgryte-Härlanda, Sankt Pauli;Kvinnor;Svenska medborgare;50-64;105
2018;rf;14802087;Örgryte-Härlanda, Sankt Pauli;Män;Ej svenska medborgare;50-64;2
2018;rf;14802087;Örgryte-Härlanda, Sankt Pauli;Kvinnor;Ej svenska medborgare;50-64;2
2018;rf;14802087;Örgryte-Härlanda, Sankt Pauli;Män;Svenska medborgare;65-;84
2018;rf;14802087;Örgryte-Härlanda, Sankt Pauli;Kvinnor;Svenska medborgare;65-;99
2018;rf;14802087;Örgryte-Härlanda, Sankt Pauli;Män;Ej svenska medborgare;65-;3
2018;rf;14802087;Örgryte-Härlanda, Sankt Pauli;Kvinnor;Ej svenska medborgare;65-;2
2018;rf;14802088;Örgryte-Härlanda, Överås;Män;Svenska medborgare;18-29 förstagångsväljare;21
2018;rf;14802088;Örgryte-Härlanda, Överås;Kvinnor;Svenska medborgare;18-29 förstagångsväljare;15
2018;rf;14802088;Örgryte-Härlanda, Överås;Män;Ej svenska medborgare;18-29 förstagångsväljare;1
2018;rf;14802088;Örgryte-Härlanda, Överås;Kvinnor;Ej svenska medborgare;18-29 förstagångsväljare;0
2018;rf;14802088;Örgryte-Härlanda, Överås;Män;Svenska medborgare;18-29 ej förstagångsväljare;119
2018;rf;14802088;Örgryte-Härlanda, Överås;Kvinnor;Svenska medborgare;18-29 ej förstagångsväljare;115
2018;rf;14802088;Örgryte-Härlanda, Överås;Män;Ej svenska medborgare;18-29 ej förstagångsväljare;7
2018;rf;14802088;Örgryte-Härlanda, Överås;Kvinnor;Ej svenska medborgare;18-29 ej förstagångsväljare;4
2018;rf;14802088;Örgryte-Härlanda, Överås;Män;Svenska medborgare;30-49;209
2018;rf;14802088;Örgryte-Härlanda, Överås;Kvinnor;Svenska medborgare;30-49;176
2018;rf;14802088;Örgryte-Härlanda, Överås;Män;Ej svenska medborgare;30-49;7
2018;rf;14802088;Örgryte-Härlanda, Överås;Kvinnor;Ej svenska medborgare;30-49;13
2018;rf;14802088;Örgryte-Härlanda, Överås;Män;Svenska medborgare;50-64;92
2018;rf;14802088;Örgryte-Härlanda, Överås;Kvinnor;Svenska medborgare;50-64;104
2018;rf;14802088;Örgryte-Härlanda, Överås;Män;Ej svenska medborgare;50-64;5
2018;rf;14802088;Örgryte-Härlanda, Överås;Kvinnor;Ej svenska medborgare;50-64;1
2018;rf;14802088;Örgryte-Härlanda, Överås;Män;Svenska medborgare;65-;93
2018;rf;14802088;Örgryte-Härlanda, Överås;Kvinnor;Svenska medborgare;65-;104
2018;rf;14802088;Örgryte-Härlanda, Överås;Män;Ej svenska medborgare;65-;3
2018;rf;14802088;Örgryte-Härlanda, Överås;Kvinnor;Ej svenska medborgare;65-;1
2018;rf;14802091;Örgryte-Härlanda, Härlanda;Män;Svenska medborgare;18-29 förstagångsväljare;31
2018;rf;14802091;Örgryte-Härlanda, Härlanda;Kvinnor;Svenska medborgare;18-29 förstagångsväljare;37
2018;rf;14802091;Örgryte-Härlanda, Härlanda;Män;Ej svenska medborgare;18-29 förstagångsväljare;3
2018;rf;14802091;Örgryte-Härlanda, Härlanda;Kvinnor;Ej svenska medborgare;18-29 förstagångsväljare;1
2018;rf;14802091;Örgryte-Härlanda, Härlanda;Män;Svenska medborgare;18-29 ej förstagångsväljare;90
2018;rf;14802091;Örgryte-Härlanda, Härlanda;Kvinnor;Svenska medborgare;18-29 ej förstagångsväljare;122
2018;rf;14802091;Örgryte-Härlanda, Härlanda;Män;Ej svenska medborgare;18-29 ej förstagångsväljare;9
2018;rf;14802091;Örgryte-Härlanda, Härlanda;Kvinnor;Ej svenska medborgare;18-29 ej förstagångsväljare;3
2018;rf;14802091;Örgryte-Härlanda, Härlanda;Män;Svenska medborgare;30-49;231
2018;rf;14802091;Örgryte-Härlanda, Härlanda;Kvinnor;Svenska medborgare;30-49;239
2018;rf;14802091;Örgryte-Härlanda, Härlanda;Män;Ej svenska medborgare;30-49;18
2018;rf;14802091;Örgryte-Härlanda, Härlanda;Kvinnor;Ej svenska medborgare;30-49;12
2018;rf;14802091;Örgryte-Härlanda, Härlanda;Män;Svenska medborgare;50-64;147
2018;rf;14802091;Örgryte-Härlanda, Härlanda;Kvinnor;Svenska medborgare;50-64;139
2018;rf;14802091;Örgryte-Härlanda, Härlanda;Män;Ej svenska medborgare;50-64;9
2018;rf;14802091;Örgryte-Härlanda, Härlanda;Kvinnor;Ej svenska medborgare;50-64;3
2018;rf;14802091;Örgryte-Härlanda, Härlanda;Män;Svenska medborgare;65-;83
2018;rf;14802091;Örgryte-Härlanda, Härlanda;Kvinnor;Svenska medborgare;65-;97
2018;rf;14802091;Örgryte-Härlanda, Härlanda;Män;Ej svenska medborgare;65-;2
2018;rf;14802091;Örgryte-Härlanda, Härlanda;Kvinnor;Ej svenska medborgare;65-;1
2018;rf;14802101;Örgryte-Härlanda, Kålltorp, Norra;Män;Svenska medborgare;18-29 förstagångsväljare;30
2018;rf;14802101;Örgryte-Härlanda, Kålltorp, Norra;Kvinnor;Svenska medborgare;18-29 förstagångsväljare;18
2018;rf;14802101;Örgryte-Härlanda, Kålltorp, Norra;Män;Ej svenska medborgare;18-29 förstagångsväljare;1
2018;rf;14802101;Örgryte-Härlanda, Kålltorp, Norra;Kvinnor;Ej svenska medborgare;18-29 förstagångsväljare;0
2018;rf;14802101;Örgryte-Härlanda, Kålltorp, Norra;Män;Svenska medborgare;18-29 ej förstagångsväljare;124
2018;rf;14802101;Örgryte-Härlanda, Kålltorp, Norra;Kvinnor;Svenska medborgare;18-29 ej förstagångsväljare;153
2018;rf;14802101;Örgryte-Härlanda, Kålltorp, Norra;Män;Ej svenska medborgare;18-29 ej förstagångsväljare;6
2018;rf;14802101;Örgryte-Härlanda, Kålltorp, Norra;Kvinnor;Ej svenska medborgare;18-29 ej förstagångsväljare;7
2018;rf;14802101;Örgryte-Härlanda, Kålltorp, Norra;Män;Svenska medborgare;30-49;216
2018;rf;14802101;Örgryte-Härlanda, Kålltorp, Norra;Kvinnor;Svenska medborgare;30-49;203
2018;rf;14802101;Örgryte-Härlanda, Kålltorp, Norra;Män;Ej svenska medborgare;30-49;15
2018;rf;14802101;Örgryte-Härlanda, Kålltorp, Norra;Kvinnor;Ej svenska medborgare;30-49;13
2018;rf;14802101;Örgryte-Härlanda, Kålltorp, Norra;Män;Svenska medborgare;50-64;114
2018;rf;14802101;Örgryte-Härlanda, Kålltorp, Norra;Kvinnor;Svenska medborgare;50-64;113
2018;rf;14802101;Örgryte-Härlanda, Kålltorp, Norra;Män;Ej svenska medborgare;50-64;9
2018;rf;14802101;Örgryte-Härlanda, Kålltorp, Norra;Kvinnor;Ej svenska medborgare;50-64;2
2018;rf;14802101;Örgryte-Härlanda, Kålltorp, Norra;Män;Svenska medborgare;65-;55
2018;rf;14802101;Örgryte-Härlanda, Kålltorp, Norra;Kvinnor;Svenska medborgare;65-;111
2018;rf;14802101;Örgryte-Härlanda, Kålltorp, Norra;Män;Ej svenska medborgare;65-;4
2018;rf;14802101;Örgryte-Härlanda, Kålltorp, Norra;Kvinnor;Ej svenska medborgare;65-;0
2018;rf;14802102;Örgryte-Härlanda, Kålltorp, Södra;Män;Svenska medborgare;18-29 förstagångsväljare;14
2018;rf;14802102;Örgryte-Härlanda, Kålltorp, Södra;Kvinnor;Svenska medborgare;18-29 förstagångsväljare;20
2018;rf;14802102;Örgryte-Härlanda, Kålltorp, Södra;Män;Ej svenska medborgare;18-29 förstagångsväljare;4
2018;rf;14802102;Örgryte-Härlanda, Kålltorp, Södra;Kvinnor;Ej svenska medborgare;18-29 förstagångsväljare;1
2018;rf;14802102;Örgryte-Härlanda, Kålltorp, Södra;Män;Svenska medborgare;18-29 ej förstagångsväljare;123
2018;rf;14802102;Örgryte-Härlanda, Kålltorp, Södra;Kvinnor;Svenska medborgare;18-29 ej förstagångsväljare;129
2018;rf;14802102;Örgryte-Härlanda, Kålltorp, Södra;Män;Ej svenska medborgare;18-29 ej förstagångsväljare;9
2018;rf;14802102;Örgryte-Härlanda, Kålltorp, Södra;Kvinnor;Ej svenska medborgare;18-29 ej förstagångsväljare;11
2018;rf;14802102;Örgryte-Härlanda, Kålltorp, Södra;Män;Svenska medborgare;30-49;214
2018;rf;14802102;Örgryte-Härlanda, Kålltorp, Södra;Kvinnor;Svenska medborgare;30-49;196
2018;rf;14802102;Örgryte-Härlanda, Kålltorp, Södra;Män;Ej svenska medborgare;30-49;17
2018;rf;14802102;Örgryte-Härlanda, Kålltorp, Södra;Kvinnor;Ej svenska medborgare;30-49;23
2018;rf;14802102;Örgryte-Härlanda, Kålltorp, Södra;Män;Svenska medborgare;50-64;111
2018;rf;14802102;Örgryte-Härlanda, Kålltorp, Södra;Kvinnor;Svenska medborgare;50-64;143
2018;rf;14802102;Örgryte-Härlanda, Kålltorp, Södra;Män;Ej svenska medborgare;50-64;2
2018;rf;14802102;Örgryte-Härlanda, Kålltorp, Södra;Kvinnor;Ej svenska medborgare;50-64;3
2018;rf;14802102;Örgryte-Härlanda, Kålltorp, Södra;Män;Svenska medborgare;65-;92
2018;rf;14802102;Örgryte-Härlanda, Kålltorp, Södra;Kvinnor;Svenska medborgare;65-;127
2018;rf;14802102;Örgryte-Härlanda, Kålltorp, Södra;Män;Ej svenska medborgare;65-;3
2018;rf;14802102;Örgryte-Härlanda, Kålltorp, Södra;Kvinnor;Ej svenska medborgare;65-;3
2018;rf;14802103;Örgryte-Härlanda, Kålltorp, Västra;Män;Svenska medborgare;18-29 förstagångsväljare;29
2018;rf;14802103;Örgryte-Härlanda, Kålltorp, Västra;Kvinnor;Svenska medborgare;18-29 förstagångsväljare;36
2018;rf;14802103;Örgryte-Härlanda, Kålltorp, Västra;Män;Ej svenska medborgare;18-29 förstagångsväljare;0
2018;rf;14802103;Örgryte-Härlanda, Kålltorp, Västra;Kvinnor;Ej svenska medborgare;18-29 förstagångsväljare;4
2018;rf;14802103;Örgryte-Härlanda, Kålltorp, Västra;Män;Svenska medborgare;18-29 ej förstagångsväljare;154
2018;rf;14802103;Örgryte-Härlanda, Kålltorp, Västra;Kvinnor;Svenska medborgare;18-29 ej förstagångsväljare;185
2018;rf;14802103;Örgryte-Härlanda, Kålltorp, Västra;Män;Ej svenska medborgare;18-29 ej förstagångsväljare;7
2018;rf;14802103;Örgryte-Härlanda, Kålltorp, Västra;Kvinnor;Ej svenska medborgare;18-29 ej förstagångsväljare;11
2018;rf;14802103;Örgryte-Härlanda, Kålltorp, Västra;Män;Svenska medborgare;30-49;215
2018;rf;14802103;Örgryte-Härlanda, Kålltorp, Västra;Kvinnor;Svenska medborgare;30-49;224
2018;rf;14802103;Örgryte-Härlanda, Kålltorp, Västra;Män;Ej svenska medborgare;30-49;19
2018;rf;14802103;Örgryte-Härlanda, Kålltorp, Västra;Kvinnor;Ej svenska medborgare;30-49;15
2018;rf;14802103;Örgryte-Härlanda, Kålltorp, Västra;Män;Svenska medborgare;50-64;119
2018;rf;14802103;Örgryte-Härlanda, Kålltorp, Västra;Kvinnor;Svenska medborgare;50-64;133
2018;rf;14802103;Örgryte-Härlanda, Kålltorp, Västra;Män;Ej svenska medborgare;50-64;5
2018;rf;14802103;Örgryte-Härlanda, Kålltorp, Västra;Kvinnor;Ej svenska medborgare;50-64;5
2018;rf;14802103;Örgryte-Härlanda, Kålltorp, Västra;Män;Svenska medborgare;65-;82
2018;rf;14802103;Örgryte-Härlanda, Kålltorp, Västra;Kvinnor;Svenska medborgare;65-;100
2018;rf;14802103;Örgryte-Härlanda, Kålltorp, Västra;Män;Ej svenska medborgare;65-;8
2018;rf;14802103;Örgryte-Härlanda, Kålltorp, Västra;Kvinnor;Ej svenska medborgare;65-;0
2018;rf;14802104;Örgryte-Härlanda, Kålltorp, Östra;Män;Svenska medborgare;18-29 förstagångsväljare;18
2018;rf;14802104;Örgryte-Härlanda, Kålltorp, Östra;Kvinnor;Svenska medborgare;18-29 förstagångsväljare;29
2018;rf;14802104;Örgryte-Härlanda, Kålltorp, Östra;Män;Ej svenska medborgare;18-29 förstagångsväljare;0
2018;rf;14802104;Örgryte-Härlanda, Kålltorp, Östra;Kvinnor;Ej svenska medborgare;18-29 förstagångsväljare;1
2018;rf;14802104;Örgryte-Härlanda, Kålltorp, Östra;Män;Svenska medborgare;18-29 ej förstagångsväljare;162
2018;rf;14802104;Örgryte-Härlanda, Kålltorp, Östra;Kvinnor;Svenska medborgare;18-29 ej förstagångsväljare;158
2018;rf;14802104;Örgryte-Härlanda, Kålltorp, Östra;Män;Ej svenska medborgare;18-29 ej förstagångsväljare;11
2018;rf;14802104;Örgryte-Härlanda, Kålltorp, Östra;Kvinnor;Ej svenska medborgare;18-29 ej förstagångsväljare;15
2018;rf;14802104;Örgryte-Härlanda, Kålltorp, Östra;Män;Svenska medborgare;30-49;255
2018;rf;14802104;Örgryte-Härlanda, Kålltorp, Östra;Kvinnor;Svenska medborgare;30-49;267
2018;rf;14802104;Örgryte-Härlanda, Kålltorp, Östra;Män;Ej svenska medborgare;30-49;19
2018;rf;14802104;Örgryte-Härlanda, Kålltorp, Östra;Kvinnor;Ej svenska medborgare;30-49;11
2018;rf;14802104;Örgryte-Härlanda, Kålltorp, Östra;Män;Svenska medborgare;50-64;111
2018;rf;14802104;Örgryte-Härlanda, Kålltorp, Östra;Kvinnor;Svenska medborgare;50-64;125
2018;rf;14802104;Örgryte-Härlanda, Kålltorp, Östra;Män;Ej svenska medborgare;50-64;3
2018;rf;14802104;Örgryte-Härlanda, Kålltorp, Östra;Kvinnor;Ej svenska medborgare;50-64;6
2018;rf;14802104;Örgryte-Härlanda, Kålltorp, Östra;Män;Svenska medborgare;65-;76
2018;rf;14802104;Örgryte-Härlanda, Kålltorp, Östra;Kvinnor;Svenska medborgare;65-;85
2018;rf;14802104;Örgryte-Härlanda, Kålltorp, Östra;Män;Ej svenska medborgare;65-;1
2018;rf;14802104;Örgryte-Härlanda, Kålltorp, Östra;Kvinnor;Ej svenska medborgare;65-;3
2018;rf;14802105;Örgryte-Härlanda, Munkebäck, Norra;Män;Svenska medborgare;18-29 förstagångsväljare;10
2018;rf;14802105;Örgryte-Härlanda, Munkebäck, Norra;Kvinnor;Svenska medborgare;18-29 förstagångsväljare;22
2018;rf;14802105;Örgryte-Härlanda, Munkebäck, Norra;Män;Ej svenska medborgare;18-29 förstagångsväljare;0
2018;rf;14802105;Örgryte-Härlanda, Munkebäck, Norra;Kvinnor;Ej svenska medborgare;18-29 förstagångsväljare;4
2018;rf;14802105;Örgryte-Härlanda, Munkebäck, Norra;Män;Svenska medborgare;18-29 ej förstagångsväljare;156
2018;rf;14802105;Örgryte-Härlanda, Munkebäck, Norra;Kvinnor;Svenska medborgare;18-29 ej förstagångsväljare;182
2018;rf;14802105;Örgryte-Härlanda, Munkebäck, Norra;Män;Ej svenska medborgare;18-29 ej förstagångsväljare;4
2018;rf;14802105;Örgryte-Härlanda, Munkebäck, Norra;Kvinnor;Ej svenska medborgare;18-29 ej förstagångsväljare;6
2018;rf;14802105;Örgryte-Härlanda, Munkebäck, Norra;Män;Svenska medborgare;30-49;210
2018;rf;14802105;Örgryte-Härlanda, Munkebäck, Norra;Kvinnor;Svenska medborgare;30-49;184
2018;rf;14802105;Örgryte-Härlanda, Munkebäck, Norra;Män;Ej svenska medborgare;30-49;23
2018;rf;14802105;Örgryte-Härlanda, Munkebäck, Norra;Kvinnor;Ej svenska medborgare;30-49;10
2018;rf;14802105;Örgryte-Härlanda, Munkebäck, Norra;Män;Svenska medborgare;50-64;84
2018;rf;14802105;Örgryte-Härlanda, Munkebäck, Norra;Kvinnor;Svenska medborgare;50-64;81
2018;rf;14802105;Örgryte-Härlanda, Munkebäck, Norra;Män;Ej svenska medborgare;50-64;1
2018;rf;14802105;Örgryte-Härlanda, Munkebäck, Norra;Kvinnor;Ej svenska medborgare;50-64;1
2018;rf;14802105;Örgryte-Härlanda, Munkebäck, Norra;Män;Svenska medborgare;65-;58
2018;rf;14802105;Örgryte-Härlanda, Munkebäck, Norra;Kvinnor;Svenska medborgare;65-;80
2018;rf;14802105;Örgryte-Härlanda, Munkebäck, Norra;Män;Ej svenska medborgare;65-;2
2018;rf;14802105;Örgryte-Härlanda, Munkebäck, Norra;Kvinnor;Ej svenska medborgare;65-;2
2018;rf;14802106;Örgryte-Härlanda, Munkebäck, Södra;Män;Svenska medborgare;18-29 förstagångsväljare;16
2018;rf;14802106;Örgryte-Härlanda, Munkebäck, Södra;Kvinnor;Svenska medborgare;18-29 förstagångsväljare;26
2018;rf;14802106;Örgryte-Härlanda, Munkebäck, Södra;Män;Ej svenska medborgare;18-29 förstagångsväljare;1
2018;rf;14802106;Örgryte-Härlanda, Munkebäck, Södra;Kvinnor;Ej svenska medborgare;18-29 förstagångsväljare;2
2018;rf;14802106;Örgryte-Härlanda, Munkebäck, Södra;Män;Svenska medborgare;18-29 ej förstagångsväljare;102
2018;rf;14802106;Örgryte-Härlanda, Munkebäck, Södra;Kvinnor;Svenska medborgare;18-29 ej förstagångsväljare;131
2018;rf;14802106;Örgryte-Härlanda, Munkebäck, Södra;Män;Ej svenska medborgare;18-29 ej förstagångsväljare;6
2018;rf;14802106;Örgryte-Härlanda, Munkebäck, Södra;Kvinnor;Ej svenska medborgare;18-29 ej förstagångsväljare;3
2018;rf;14802106;Örgryte-Härlanda, Munkebäck, Södra;Män;Svenska medborgare;30-49;148
2018;rf;14802106;Örgryte-Härlanda, Munkebäck, Södra;Kvinnor;Svenska medborgare;30-49;137
2018;rf;14802106;Örgryte-Härlanda, Munkebäck, Södra;Män;Ej svenska medborgare;30-49;14
2018;rf;14802106;Örgryte-Härlanda, Munkebäck, Södra;Kvinnor;Ej svenska medborgare;30-49;12
2018;rf;14802106;Örgryte-Härlanda, Munkebäck, Södra;Män;Svenska medborgare;50-64;80
2018;rf;14802106;Örgryte-Härlanda, Munkebäck, Södra;Kvinnor;Svenska medborgare;50-64;85
2018;rf;14802106;Örgryte-Härlanda, Munkebäck, Södra;Män;Ej svenska medborgare;50-64;5
2018;rf;14802106;Örgryte-Härlanda, Munkebäck, Södra;Kvinnor;Ej svenska medborgare;50-64;3
2018;rf;14802106;Örgryte-Härlanda, Munkebäck, Södra;Män;Svenska medborgare;65-;50
2018;rf;14802106;Örgryte-Härlanda, Munkebäck, Södra;Kvinnor;Svenska medborgare;65-;91
2018;rf;14802106;Örgryte-Härlanda, Munkebäck, Södra;Män;Ej svenska medborgare;65-;1
2018;rf;14802106;Örgryte-Härlanda, Munkebäck, Södra;Kvinnor;Ej svenska medborgare;65-;2
2018;rf;14802111;Örgryte-Härlanda, Fräntorp;Män;Svenska medborgare;18-29 förstagångsväljare;42
2018;rf;14802111;Örgryte-Härlanda, Fräntorp;Kvinnor;Svenska medborgare;18-29 förstagångsväljare;27
2018;rf;14802111;Örgryte-Härlanda, Fräntorp;Män;Ej svenska medborgare;18-29 förstagångsväljare;3
2018;rf;14802111;Örgryte-Härlanda, Fräntorp;Kvinnor;Ej svenska medborgare;18-29 förstagångsväljare;0
2018;rf;14802111;Örgryte-Härlanda, Fräntorp;Män;Svenska medborgare;18-29 ej förstagångsväljare;71
2018;rf;14802111;Örgryte-Härlanda, Fräntorp;Kvinnor;Svenska medborgare;18-29 ej förstagångsväljare;67
2018;rf;14802111;Örgryte-Härlanda, Fräntorp;Män;Ej svenska medborgare;18-29 ej förstagångsväljare;2
2018;rf;14802111;Örgryte-Härlanda, Fräntorp;Kvinnor;Ej svenska medborgare;18-29 ej förstagångsväljare;3
2018;rf;14802111;Örgryte-Härlanda, Fräntorp;Män;Svenska medborgare;30-49;240
2018;rf;14802111;Örgryte-Härlanda, Fräntorp;Kvinnor;Svenska medborgare;30-49;247
2018;rf;14802111;Örgryte-Härlanda, Fräntorp;Män;Ej svenska medborgare;30-49;20
2018;rf;14802111;Örgryte-Härlanda, Fräntorp;Kvinnor;Ej svenska medborgare;30-49;9
2018;rf;14802111;Örgryte-Härlanda, Fräntorp;Män;Svenska medborgare;50-64;176
2018;rf;14802111;Örgryte-Härlanda, Fräntorp;Kvinnor;Svenska medborgare;50-64;182
2018;rf;14802111;Örgryte-Härlanda, Fräntorp;Män;Ej svenska medborgare;50-64;5
2018;rf;14802111;Örgryte-Härlanda, Fräntorp;Kvinnor;Ej svenska medborgare;50-64;2
2018;rf;14802111;Örgryte-Härlanda, Fräntorp;Män;Svenska medborgare;65-;157
2018;rf;14802111;Örgryte-Härlanda, Fräntorp;Kvinnor;Svenska medborgare;65-;184
2018;rf;14802111;Örgryte-Härlanda, Fräntorp;Män;Ej svenska medborgare;65-;1
2018;rf;14802111;Örgryte-Härlanda, Fräntorp;Kvinnor;Ej svenska medborgare;65-;2
2018;rf;14802112;Örgryte-Härlanda, Torpa;Män;Svenska medborgare;18-29 förstagångsväljare;44
2018;rf;14802112;Örgryte-Härlanda, Torpa;Kvinnor;Svenska medborgare;18-29 förstagångsväljare;47
2018;rf;14802112;Örgryte-Härlanda, Torpa;Män;Ej svenska medborgare;18-29 förstagångsväljare;2
2018;rf;14802112;Örgryte-Härlanda, Torpa;Kvinnor;Ej svenska medborgare;18-29 förstagångsväljare;0
2018;rf;14802112;Örgryte-Härlanda, Torpa;Män;Svenska medborgare;18-29 ej förstagångsväljare;107
2018;rf;14802112;Örgryte-Härlanda, Torpa;Kvinnor;Svenska medborgare;18-29 ej förstagångsväljare;138
2018;rf;14802112;Örgryte-Härlanda, Torpa;Män;Ej svenska medborgare;18-29 ej förstagångsväljare;6
2018;rf;14802112;Örgryte-Härlanda, Torpa;Kvinnor;Ej svenska medborgare;18-29 ej förstagångsväljare;3
2018;rf;14802112;Örgryte-Härlanda, Torpa;Män;Svenska medborgare;30-49;251
2018;rf;14802112;Örgryte-Härlanda, Torpa;Kvinnor;Svenska medborgare;30-49;317
2018;rf;14802112;Örgryte-Härlanda, Torpa;Män;Ej svenska medborgare;30-49;29
2018;rf;14802112;Örgryte-Härlanda, Torpa;Kvinnor;Ej svenska medborgare;30-49;16
2018;rf;14802112;Örgryte-Härlanda, Torpa;Män;Svenska medborgare;50-64;194
2018;rf;14802112;Örgryte-Härlanda, Torpa;Kvinnor;Svenska medborgare;50-64;187
2018;rf;14802112;Örgryte-Härlanda, Torpa;Män;Ej svenska medborgare;50-64;14
2018;rf;14802112;Örgryte-Härlanda, Torpa;Kvinnor;Ej svenska medborgare;50-64;7
2018;rf;14802112;Örgryte-Härlanda, Torpa;Män;Svenska medborgare;65-;104
2018;rf;14802112;Örgryte-Härlanda, Torpa;Kvinnor;Svenska medborgare;65-;136
2018;rf;14802112;Örgryte-Härlanda, Torpa;Män;Ej svenska medborgare;65-;1
2018;rf;14802112;Örgryte-Härlanda, Torpa;Kvinnor;Ej svenska medborgare;65-;2
2018;rf;14802121;Örgryte-Härlanda, Björkekärr, Norra;Män;Svenska medborgare;18-29 förstagångsväljare;12
2018;rf;14802121;Örgryte-Härlanda, Björkekärr, Norra;Kvinnor;Svenska medborgare;18-29 förstagångsväljare;10
2018;rf;14802121;Örgryte-Härlanda, Björkekärr, Norra;Män;Ej svenska medborgare;18-29 förstagångsväljare;0
2018;rf;14802121;Örgryte-Härlanda, Björkekärr, Norra;Kvinnor;Ej svenska medborgare;18-29 förstagångsväljare;0
2018;rf;14802121;Örgryte-Härlanda, Björkekärr, Norra;Män;Svenska medborgare;18-29 ej förstagångsväljare;65
2018;rf;14802121;Örgryte-Härlanda, Björkekärr, Norra;Kvinnor;Svenska medborgare;18-29 ej förstagångsväljare;74
2018;rf;14802121;Örgryte-Härlanda, Björkekärr, Norra;Män;Ej svenska medborgare;18-29 ej förstagångsväljare;3
2018;rf;14802121;Örgryte-Härlanda, Björkekärr, Norra;Kvinnor;Ej svenska medborgare;18-29 ej förstagångsväljare;4
2018;rf;14802121;Örgryte-Härlanda, Björkekärr, Norra;Män;Svenska medborgare;30-49;154
2018;rf;14802121;Örgryte-Härlanda, Björkekärr, Norra;Kvinnor;Svenska medborgare;30-49;165
2018;rf;14802121;Örgryte-Härlanda, Björkekärr, Norra;Män;Ej svenska medborgare;30-49;13
2018;rf;14802121;Örgryte-Härlanda, Björkekärr, Norra;Kvinnor;Ej svenska medborgare;30-49;12
2018;rf;14802121;Örgryte-Härlanda, Björkekärr, Norra;Män;Svenska medborgare;50-64;77
2018;rf;14802121;Örgryte-Härlanda, Björkekärr, Norra;Kvinnor;Svenska medborgare;50-64;90
2018;rf;14802121;Örgryte-Härlanda, Björkekärr, Norra;Män;Ej svenska medborgare;50-64;3
2018;rf;14802121;Örgryte-Härlanda, Björkekärr, Norra;Kvinnor;Ej svenska medborgare;50-64;3
2018;rf;14802121;Örgryte-Härlanda, Björkekärr, Norra;Män;Svenska medborgare;65-;100
2018;rf;14802121;Örgryte-Härlanda, Björkekärr, Norra;Kvinnor;Svenska medborgare;65-;165
2018;rf;14802121;Örgryte-Härlanda, Björkekärr, Norra;Män;Ej svenska medborgare;65-;1
2018;rf;14802121;Örgryte-Härlanda, Björkekärr, Norra;Kvinnor;Ej svenska medborgare;65-;3
2018;rf;14802122;Örgryte-Härlanda, Björkekärr, Södra;Män;Svenska medborgare;18-29 förstagångsväljare;45
2018;rf;14802122;Örgryte-Härlanda, Björkekärr, Södra;Kvinnor;Svenska medborgare;18-29 förstagångsväljare;36
2018;rf;14802122;Örgryte-Härlanda, Björkekärr, Södra;Män;Ej svenska medborgare;18-29 förstagångsväljare;2
2018;rf;14802122;Örgryte-Härlanda, Björkekärr, Södra;Kvinnor;Ej svenska medborgare;18-29 förstagångsväljare;1
2018;rf;14802122;Örgryte-Härlanda, Björkekärr, Södra;Män;Svenska medborgare;18-29 ej förstagångsväljare;61
2018;rf;14802122;Örgryte-Härlanda, Björkekärr, Södra;Kvinnor;Svenska medborgare;18-29 ej förstagångsväljare;56
2018;rf;14802122;Örgryte-Härlanda, Björkekärr, Södra;Män;Ej svenska medborgare;18-29 ej förstagångsväljare;7
2018;rf;14802122;Örgryte-Härlanda, Björkekärr, Södra;Kvinnor;Ej svenska medborgare;18-29 ej förstagångsväljare;2
2018;rf;14802122;Örgryte-Härlanda, Björkekärr, Södra;Män;Svenska medborgare;30-49;252
2018;rf;14802122;Örgryte-Härlanda, Björkekärr, Södra;Kvinnor;Svenska medborgare;30-49;301
2018;rf;14802122;Örgryte-Härlanda, Björkekärr, Södra;Män;Ej svenska medborgare;30-49;24
2018;rf;14802122;Örgryte-Härlanda, Björkekärr, Södra;Kvinnor;Ej svenska medborgare;30-49;12
2018;rf;14802122;Örgryte-Härlanda, Björkekärr, Södra;Män;Svenska medborgare;50-64;157
2018;rf;14802122;Örgryte-Härlanda, Björkekärr, Södra;Kvinnor;Svenska medborgare;50-64;158
2018;rf;14802122;Örgryte-Härlanda, Björkekärr, Södra;Män;Ej svenska medborgare;50-64;1
2018;rf;14802122;Örgryte-Härlanda, Björkekärr, Södra;Kvinnor;Ej svenska medborgare;50-64;1
2018;rf;14802122;Örgryte-Härlanda, Björkekärr, Södra;Män;Svenska medborgare;65-;151
2018;rf;14802122;Örgryte-Härlanda, Björkekärr, Södra;Kvinnor;Svenska medborgare;65-;179
2018;rf;14802122;Örgryte-Härlanda, Björkekärr, Södra;Män;Ej svenska medborgare;65-;3
2018;rf;14802122;Örgryte-Härlanda, Björkekärr, Södra;Kvinnor;Ej svenska medborgare;65-;2
2018;rf;14802123;Örgryte-Härlanda, Björkekärr, Västra;Män;Svenska medborgare;18-29 förstagångsväljare;52
2018;rf;14802123;Örgryte-Härlanda, Björkekärr, Västra;Kvinnor;Svenska medborgare;18-29 förstagångsväljare;53
2018;rf;14802123;Örgryte-Härlanda, Björkekärr, Västra;Män;Ej svenska medborgare;18-29 förstagångsväljare;2
2018;rf;14802123;Örgryte-Härlanda, Björkekärr, Västra;Kvinnor;Ej svenska medborgare;18-29 förstagångsväljare;1
2018;rf;14802123;Örgryte-Härlanda, Björkekärr, Västra;Män;Svenska medborgare;18-29 ej förstagångsväljare;226
2018;rf;14802123;Örgryte-Härlanda, Björkekärr, Västra;Kvinnor;Svenska medborgare;18-29 ej förstagångsväljare;233
2018;rf;14802123;Örgryte-Härlanda, Björkekärr, Västra;Män;Ej svenska medborgare;18-29 ej förstagångsväljare;42
2018;rf;14802123;Örgryte-Härlanda, Björkekärr, Västra;Kvinnor;Ej svenska medborgare;18-29 ej förstagångsväljare;35
2018;rf;14802123;Örgryte-Härlanda, Björkekärr, Västra;Män;Svenska medborgare;30-49;96
2018;rf;14802123;Örgryte-Härlanda, Björkekärr, Västra;Kvinnor;Svenska medborgare;30-49;98
2018;rf;14802123;Örgryte-Härlanda, Björkekärr, Västra;Män;Ej svenska medborgare;30-49;60
2018;rf;14802123;Örgryte-Härlanda, Björkekärr, Västra;Kvinnor;Ej svenska medborgare;30-49;39
2018;rf;14802123;Örgryte-Härlanda, Björkekärr, Västra;Män;Svenska medborgare;50-64;87
2018;rf;14802123;Örgryte-Härlanda, Björkekärr, Västra;Kvinnor;Svenska medborgare;50-64;87
2018;rf;14802123;Örgryte-Härlanda, Björkekärr, Västra;Män;Ej svenska medborgare;50-64;6
2018;rf;14802123;Örgryte-Härlanda, Björkekärr, Västra;Kvinnor;Ej svenska medborgare;50-64;2
2018;rf;14802123;Örgryte-Härlanda, Björkekärr, Västra;Män;Svenska medborgare;65-;83
2018;rf;14802123;Örgryte-Härlanda, Björkekärr, Västra;Kvinnor;Svenska medborgare;65-;152
2018;rf;14802123;Örgryte-Härlanda, Björkekärr, Västra;Män;Ej svenska medborgare;65-;1
2018;rf;14802123;Örgryte-Härlanda, Björkekärr, Västra;Kvinnor;Ej svenska medborgare;65-;6
2018;rf;14802124;Örgryte-Härlanda, Björkekärr, Östra;Män;Svenska medborgare;18-29 förstagångsväljare;29
2018;rf;14802124;Örgryte-Härlanda, Björkekärr, Östra;Kvinnor;Svenska medborgare;18-29 förstagångsväljare;25
2018;rf;14802124;Örgryte-Härlanda, Björkekärr, Östra;Män;Ej svenska medborgare;18-29 förstagångsväljare;5
2018;rf;14802124;Örgryte-Härlanda, Björkekärr, Östra;Kvinnor;Ej svenska medborgare;18-29 förstagångsväljare;3
2018;rf;14802124;Örgryte-Härlanda, Björkekärr, Östra;Män;Svenska medborgare;18-29 ej förstagångsväljare;125
2018;rf;14802124;Örgryte-Härlanda, Björkekärr, Östra;Kvinnor;Svenska medborgare;18-29 ej förstagångsväljare;131
2018;rf;14802124;Örgryte-Härlanda, Björkekärr, Östra;Män;Ej svenska medborgare;18-29 ej förstagångsväljare;19
2018;rf;14802124;Örgryte-Härlanda, Björkekärr, Östra;Kvinnor;Ej svenska medborgare;18-29 ej förstagångsväljare;17
2018;rf;14802124;Örgryte-Härlanda, Björkekärr, Östra;Män;Svenska medborgare;30-49;193
2018;rf;14802124;Örgryte-Härlanda, Björkekärr, Östra;Kvinnor;Svenska medborgare;30-49;186
2018;rf;14802124;Örgryte-Härlanda, Björkekärr, Östra;Män;Ej svenska medborgare;30-49;35
2018;rf;14802124;Örgryte-Härlanda, Björkekärr, Östra;Kvinnor;Ej svenska medborgare;30-49;23
2018;rf;14802124;Örgryte-Härlanda, Björkekärr, Östra;Män;Svenska medborgare;50-64;135
2018;rf;14802124;Örgryte-Härlanda, Björkekärr, Östra;Kvinnor;Svenska medborgare;50-64;126
2018;rf;14802124;Örgryte-Härlanda, Björkekärr, Östra;Män;Ej svenska medborgare;50-64;5
2018;rf;14802124;Örgryte-Härlanda, Björkekärr, Östra;Kvinnor;Ej svenska medborgare;50-64;6
2018;rf;14802124;Örgryte-Härlanda, Björkekärr, Östra;Män;Svenska medborgare;65-;99
2018;rf;14802124;Örgryte-Härlanda, Björkekärr, Östra;Kvinnor;Svenska medborgare;65-;182
2018;rf;14802124;Örgryte-Härlanda, Björkekärr, Östra;Män;Ej svenska medborgare;65-;5
2018;rf;14802124;Örgryte-Härlanda, Björkekärr, Östra;Kvinnor;Ej svenska medborgare;65-;3
2018;rf;14802125;Örgryte-Härlanda, Robertshöjd m fl;Män;Svenska medborgare;18-29 förstagångsväljare;22
2018;rf;14802125;Örgryte-Härlanda, Robertshöjd m fl;Kvinnor;Svenska medborgare;18-29 förstagångsväljare;23
2018;rf;14802125;Örgryte-Härlanda, Robertshöjd m fl;Män;Ej svenska medborgare;18-29 förstagångsväljare;2
2018;rf;14802125;Örgryte-Härlanda, Robertshöjd m fl;Kvinnor;Ej svenska medborgare;18-29 förstagångsväljare;0
2018;rf;14802125;Örgryte-Härlanda, Robertshöjd m fl;Män;Svenska medborgare;18-29 ej förstagångsväljare;113
2018;rf;14802125;Örgryte-Härlanda, Robertshöjd m fl;Kvinnor;Svenska medborgare;18-29 ej förstagångsväljare;115
2018;rf;14802125;Örgryte-Härlanda, Robertshöjd m fl;Män;Ej svenska medborgare;18-29 ej förstagångsväljare;5
2018;rf;14802125;Örgryte-Härlanda, Robertshöjd m fl;Kvinnor;Ej svenska medborgare;18-29 ej förstagångsväljare;11
2018;rf;14802125;Örgryte-Härlanda, Robertshöjd m fl;Män;Svenska medborgare;30-49;256
2018;rf;14802125;Örgryte-Härlanda, Robertshöjd m fl;Kvinnor;Svenska medborgare;30-49;238
2018;rf;14802125;Örgryte-Härlanda, Robertshöjd m fl;Män;Ej svenska medborgare;30-49;20
2018;rf;14802125;Örgryte-Härlanda, Robertshöjd m fl;Kvinnor;Ej svenska medborgare;30-49;18
2018;rf;14802125;Örgryte-Härlanda, Robertshöjd m fl;Män;Svenska medborgare;50-64;125
2018;rf;14802125;Örgryte-Härlanda, Robertshöjd m fl;Kvinnor;Svenska medborgare;50-64;169
2018;rf;14802125;Örgryte-Härlanda, Robertshöjd m fl;Män;Ej svenska medborgare;50-64;6
2018;rf;14802125;Örgryte-Härlanda, Robertshöjd m fl;Kvinnor;Ej svenska medborgare;50-64;6
2018;rf;14802125;Örgryte-Härlanda, Robertshöjd m fl;Män;Svenska medborgare;65-;138
2018;rf;14802125;Örgryte-Härlanda, Robertshöjd m fl;Kvinnor;Svenska medborgare;65-;217
2018;rf;14802125;Örgryte-Härlanda, Robertshöjd m fl;Män;Ej svenska medborgare;65-;5
2018;rf;14802125;Örgryte-Härlanda, Robertshöjd m fl;Kvinnor;Ej svenska medborgare;65-;7
2018;rf;14803011;Östra Göteborg, Bellevue;Män;Svenska medborgare;18-29 förstagångsväljare;14
2018;rf;14803011;Östra Göteborg, Bellevue;Kvinnor;Svenska medborgare;18-29 förstagångsväljare;24
2018;rf;14803011;Östra Göteborg, Bellevue;Män;Ej svenska medborgare;18-29 förstagångsväljare;3
2018;rf;14803011;Östra Göteborg, Bellevue;Kvinnor;Ej svenska medborgare;18-29 förstagångsväljare;0
2018;rf;14803011;Östra Göteborg, Bellevue;Män;Svenska medborgare;18-29 ej förstagångsväljare;196
2018;rf;14803011;Östra Göteborg, Bellevue;Kvinnor;Svenska medborgare;18-29 ej förstagångsväljare;236
2018;rf;14803011;Östra Göteborg, Bellevue;Män;Ej svenska medborgare;18-29 ej förstagångsväljare;6
2018;rf;14803011;Östra Göteborg, Bellevue;Kvinnor;Ej svenska medborgare;18-29 ej förstagångsväljare;10
2018;rf;14803011;Östra Göteborg, Bellevue;Män;Svenska medborgare;30-49;228
2018;rf;14803011;Östra Göteborg, Bellevue;Kvinnor;Svenska medborgare;30-49;185
2018;rf;14803011;Östra Göteborg, Bellevue;Män;Ej svenska medborgare;30-49;27
2018;rf;14803011;Östra Göteborg, Bellevue;Kvinnor;Ej svenska medborgare;30-49;13
2018;rf;14803011;Östra Göteborg, Bellevue;Män;Svenska medborgare;50-64;81
2018;rf;14803011;Östra Göteborg, Bellevue;Kvinnor;Svenska medborgare;50-64;56
2018;rf;14803011;Östra Göteborg, Bellevue;Män;Ej svenska medborgare;50-64;8
2018;rf;14803011;Östra Göteborg, Bellevue;Kvinnor;Ej svenska medborgare;50-64;5
2018;rf;14803011;Östra Göteborg, Bellevue;Män;Svenska medborgare;65-;54
2018;rf;14803011;Östra Göteborg, Bellevue;Kvinnor;Svenska medborgare;65-;66
2018;rf;14803011;Östra Göteborg, Bellevue;Män;Ej svenska medborgare;65-;5
2018;rf;14803011;Östra Göteborg, Bellevue;Kvinnor;Ej svenska medborgare;65-;5
2018;rf;14803012;Östra Göteborg, Bellevue Park;Män;Svenska medborgare;18-29 förstagångsväljare;8
2018;rf;14803012;Östra Göteborg, Bellevue Park;Kvinnor;Svenska medborgare;18-29 förstagångsväljare;14
2018;rf;14803012;Östra Göteborg, Bellevue Park;Män;Ej svenska medborgare;18-29 förstagångsväljare;0
2018;rf;14803012;Östra Göteborg, Bellevue Park;Kvinnor;Ej svenska medborgare;18-29 förstagångsväljare;0
2018;rf;14803012;Östra Göteborg, Bellevue Park;Män;Svenska medborgare;18-29 ej förstagångsväljare;151
2018;rf;14803012;Östra Göteborg, Bellevue Park;Kvinnor;Svenska medborgare;18-29 ej förstagångsväljare;165
2018;rf;14803012;Östra Göteborg, Bellevue Park;Män;Ej svenska medborgare;18-29 ej förstagångsväljare;3
2018;rf;14803012;Östra Göteborg, Bellevue Park;Kvinnor;Ej svenska medborgare;18-29 ej förstagångsväljare;9
2018;rf;14803012;Östra Göteborg, Bellevue Park;Män;Svenska medborgare;30-49;237
2018;rf;14803012;Östra Göteborg, Bellevue Park;Kvinnor;Svenska medborgare;30-49;206
2018;rf;14803012;Östra Göteborg, Bellevue Park;Män;Ej svenska medborgare;30-49;19
2018;rf;14803012;Östra Göteborg, Bellevue Park;Kvinnor;Ej svenska medborgare;30-49;15
2018;rf;14803012;Östra Göteborg, Bellevue Park;Män;Svenska medborgare;50-64;64
2018;rf;14803012;Östra Göteborg, Bellevue Park;Kvinnor;Svenska medborgare;50-64;88
2018;rf;14803012;Östra Göteborg, Bellevue Park;Män;Ej svenska medborgare;50-64;4
2018;rf;14803012;Östra Göteborg, Bellevue Park;Kvinnor;Ej svenska medborgare;50-64;5
2018;rf;14803012;Östra Göteborg, Bellevue Park;Män;Svenska medborgare;65-;53
2018;rf;14803012;Östra Göteborg, Bellevue Park;Kvinnor;Svenska medborgare;65-;51
2018;rf;14803012;Östra Göteborg, Bellevue Park;Män;Ej svenska medborgare;65-;1
2018;rf;14803012;Östra Göteborg, Bellevue Park;Kvinnor;Ej svenska medborgare;65-;2
2018;rf;14803013;Östra Göteborg, Gamlestaden, Norra;Män;Svenska medborgare;18-29 förstagångsväljare;31
2018;rf;14803013;Östra Göteborg, Gamlestaden, Norra;Kvinnor;Svenska medborgare;18-29 förstagångsväljare;29
2018;rf;14803013;Östra Göteborg, Gamlestaden, Norra;Män;Ej svenska medborgare;18-29 förstagångsväljare;2
2018;rf;14803013;Östra Göteborg, Gamlestaden, Norra;Kvinnor;Ej svenska medborgare;18-29 förstagångsväljare;3
2018;rf;14803013;Östra Göteborg, Gamlestaden, Norra;Män;Svenska medborgare;18-29 ej förstagångsväljare;163
2018;rf;14803013;Östra Göteborg, Gamlestaden, Norra;Kvinnor;Svenska medborgare;18-29 ej förstagångsväljare;165
2018;rf;14803013;Östra Göteborg, Gamlestaden, Norra;Män;Ej svenska medborgare;18-29 ej förstagångsväljare;16
2018;rf;14803013;Östra Göteborg, Gamlestaden, Norra;Kvinnor;Ej svenska medborgare;18-29 ej förstagångsväljare;16
2018;rf;14803013;Östra Göteborg, Gamlestaden, Norra;Män;Svenska medborgare;30-49;300
2018;rf;14803013;Östra Göteborg, Gamlestaden, Norra;Kvinnor;Svenska medborgare;30-49;291
2018;rf;14803013;Östra Göteborg, Gamlestaden, Norra;Män;Ej svenska medborgare;30-49;46
2018;rf;14803013;Östra Göteborg, Gamlestaden, Norra;Kvinnor;Ej svenska medborgare;30-49;20
2018;rf;14803013;Östra Göteborg, Gamlestaden, Norra;Män;Svenska medborgare;50-64;113
2018;rf;14803013;Östra Göteborg, Gamlestaden, Norra;Kvinnor;Svenska medborgare;50-64;98
2018;rf;14803013;Östra Göteborg, Gamlestaden, Norra;Män;Ej svenska medborgare;50-64;6
2018;rf;14803013;Östra Göteborg, Gamlestaden, Norra;Kvinnor;Ej svenska medborgare;50-64;9
2018;rf;14803013;Östra Göteborg, Gamlestaden, Norra;Män;Svenska medborgare;65-;59
2018;rf;14803013;Östra Göteborg, Gamlestaden, Norra;Kvinnor;Svenska medborgare;65-;58
2018;rf;14803013;Östra Göteborg, Gamlestaden, Norra;Män;Ej svenska medborgare;65-;6
2018;rf;14803013;Östra Göteborg, Gamlestaden, Norra;Kvinnor;Ej svenska medborgare;65-;8
2018;rf;14803014;Östra Göteborg, Gamlestaden, Södra;Män;Svenska medborgare;18-29 förstagångsväljare;20
2018;rf;14803014;Östra Göteborg, Gamlestaden, Södra;Kvinnor;Svenska medborgare;18-29 förstagångsväljare;21
2018;rf;14803014;Östra Göteborg, Gamlestaden, Södra;Män;Ej svenska medborgare;18-29 förstagångsväljare;0
2018;rf;14803014;Östra Göteborg, Gamlestaden, Södra;Kvinnor;Ej svenska medborgare;18-29 förstagångsväljare;2
2018;rf;14803014;Östra Göteborg, Gamlestaden, Södra;Män;Svenska medborgare;18-29 ej förstagångsväljare;141
2018;rf;14803014;Östra Göteborg, Gamlestaden, Södra;Kvinnor;Svenska medborgare;18-29 ej förstagångsväljare;148
2018;rf;14803014;Östra Göteborg, Gamlestaden, Södra;Män;Ej svenska medborgare;18-29 ej förstagångsväljare;14
2018;rf;14803014;Östra Göteborg, Gamlestaden, Södra;Kvinnor;Ej svenska medborgare;18-29 ej förstagångsväljare;16
2018;rf;14803014;Östra Göteborg, Gamlestaden, Södra;Män;Svenska medborgare;30-49;183
2018;rf;14803014;Östra Göteborg, Gamlestaden, Södra;Kvinnor;Svenska medborgare;30-49;163
2018;rf;14803014;Östra Göteborg, Gamlestaden, Södra;Män;Ej svenska medborgare;30-49;33
2018;rf;14803014;Östra Göteborg, Gamlestaden, Södra;Kvinnor;Ej svenska medborgare;30-49;20
2018;rf;14803014;Östra Göteborg, Gamlestaden, Södra;Män;Svenska medborgare;50-64;50
2018;rf;14803014;Östra Göteborg, Gamlestaden, Södra;Kvinnor;Svenska medborgare;50-64;59
2018;rf;14803014;Östra Göteborg, Gamlestaden, Södra;Män;Ej svenska medborgare;50-64;6
2018;rf;14803014;Östra Göteborg, Gamlestaden, Södra;Kvinnor;Ej svenska medborgare;50-64;1
2018;rf;14803014;Östra Göteborg, Gamlestaden, Södra;Män;Svenska medborgare;65-;35
2018;rf;14803014;Östra Göteborg, Gamlestaden, Södra;Kvinnor;Svenska medborgare;65-;39
2018;rf;14803014;Östra Göteborg, Gamlestaden, Södra;Män;Ej svenska medborgare;65-;3
2018;rf;14803014;Östra Göteborg, Gamlestaden, Södra;Kvinnor;Ej svenska medborgare;65-;3
2018;rf;14803015;Östra Göteborg, Kviberg, Västra;Män;Svenska medborgare;18-29 förstagångsväljare;21
2018;rf;14803015;Östra Göteborg, Kviberg, Västra;Kvinnor;Svenska medborgare;18-29 förstagångsväljare;20
2018;rf;14803015;Östra Göteborg, Kviberg, Västra;Män;Ej svenska medborgare;18-29 förstagångsväljare;2
2018;rf;14803015;Östra Göteborg, Kviberg, Västra;Kvinnor;Ej svenska medborgare;18-29 förstagångsväljare;3
2018;rf;14803015;Östra Göteborg, Kviberg, Västra;Män;Svenska medborgare;18-29 ej förstagångsväljare;87
2018;rf;14803015;Östra Göteborg, Kviberg, Västra;Kvinnor;Svenska medborgare;18-29 ej förstagångsväljare;87
2018;rf;14803015;Östra Göteborg, Kviberg, Västra;Män;Ej svenska medborgare;18-29 ej förstagångsväljare;6
2018;rf;14803015;Östra Göteborg, Kviberg, Västra;Kvinnor;Ej svenska medborgare;18-29 ej förstagångsväljare;10
2018;rf;14803015;Östra Göteborg, Kviberg, Västra;Män;Svenska medborgare;30-49;172
2018;rf;14803015;Östra Göteborg, Kviberg, Västra;Kvinnor;Svenska medborgare;30-49;177
2018;rf;14803015;Östra Göteborg, Kviberg, Västra;Män;Ej svenska medborgare;30-49;16
2018;rf;14803015;Östra Göteborg, Kviberg, Västra;Kvinnor;Ej svenska medborgare;30-49;17
2018;rf;14803015;Östra Göteborg, Kviberg, Västra;Män;Svenska medborgare;50-64;96
2018;rf;14803015;Östra Göteborg, Kviberg, Västra;Kvinnor;Svenska medborgare;50-64;105
2018;rf;14803015;Östra Göteborg, Kviberg, Västra;Män;Ej svenska medborgare;50-64;4
2018;rf;14803015;Östra Göteborg, Kviberg, Västra;Kvinnor;Ej svenska medborgare;50-64;7
2018;rf;14803015;Östra Göteborg, Kviberg, Västra;Män;Svenska medborgare;65-;132
2018;rf;14803015;Östra Göteborg, Kviberg, Västra;Kvinnor;Svenska medborgare;65-;238
2018;rf;14803015;Östra Göteborg, Kviberg, Västra;Män;Ej svenska medborgare;65-;9
2018;rf;14803015;Östra Göteborg, Kviberg, Västra;Kvinnor;Ej svenska medborgare;65-;10
2018;rf;14803016;Östra Göteborg, Kviberg, Östra;Män;Svenska medborgare;18-29 förstagångsväljare;44
2018;rf;14803016;Östra Göteborg, Kviberg, Östra;Kvinnor;Svenska medborgare;18-29 förstagångsväljare;51
2018;rf;14803016;Östra Göteborg, Kviberg, Östra;Män;Ej svenska medborgare;18-29 förstagångsväljare;0
2018;rf;14803016;Östra Göteborg, Kviberg, Östra;Kvinnor;Ej svenska medborgare;18-29 förstagångsväljare;3
2018;rf;14803016;Östra Göteborg, Kviberg, Östra;Män;Svenska medborgare;18-29 ej förstagångsväljare;204
2018;rf;14803016;Östra Göteborg, Kviberg, Östra;Kvinnor;Svenska medborgare;18-29 ej förstagångsväljare;293
2018;rf;14803016;Östra Göteborg, Kviberg, Östra;Män;Ej svenska medborgare;18-29 ej förstagångsväljare;21
2018;rf;14803016;Östra Göteborg, Kviberg, Östra;Kvinnor;Ej svenska medborgare;18-29 ej förstagångsväljare;29
2018;rf;14803016;Östra Göteborg, Kviberg, Östra;Män;Svenska medborgare;30-49;105
2018;rf;14803016;Östra Göteborg, Kviberg, Östra;Kvinnor;Svenska medborgare;30-49;96
2018;rf;14803016;Östra Göteborg, Kviberg, Östra;Män;Ej svenska medborgare;30-49;37
2018;rf;14803016;Östra Göteborg, Kviberg, Östra;Kvinnor;Ej svenska medborgare;30-49;27
2018;rf;14803016;Östra Göteborg, Kviberg, Östra;Män;Svenska medborgare;50-64;33
2018;rf;14803016;Östra Göteborg, Kviberg, Östra;Kvinnor;Svenska medborgare;50-64;37
2018;rf;14803016;Östra Göteborg, Kviberg, Östra;Män;Ej svenska medborgare;50-64;4
2018;rf;14803016;Östra Göteborg, Kviberg, Östra;Kvinnor;Ej svenska medborgare;50-64;3
2018;rf;14803016;Östra Göteborg, Kviberg, Östra;Män;Svenska medborgare;65-;31
2018;rf;14803016;Östra Göteborg, Kviberg, Östra;Kvinnor;Svenska medborgare;65-;42
2018;rf;14803016;Östra Göteborg, Kviberg, Östra;Män;Ej svenska medborgare;65-;0
2018;rf;14803016;Östra Göteborg, Kviberg, Östra;Kvinnor;Ej svenska medborgare;65-;2
2018;rf;14803017;Östra Göteborg, Nylöse;Män;Svenska medborgare;18-29 förstagångsväljare;17
2018;rf;14803017;Östra Göteborg, Nylöse;Kvinnor;Svenska medborgare;18-29 förstagångsväljare;17
2018;rf;14803017;Östra Göteborg, Nylöse;Män;Ej svenska medborgare;18-29 förstagångsväljare;4
2018;rf;14803017;Östra Göteborg, Nylöse;Kvinnor;Ej svenska medborgare;18-29 förstagångsväljare;1
2018;rf;14803017;Östra Göteborg, Nylöse;Män;Svenska medborgare;18-29 ej förstagångsväljare;80
2018;rf;14803017;Östra Göteborg, Nylöse;Kvinnor;Svenska medborgare;18-29 ej förstagångsväljare;99
2018;rf;14803017;Östra Göteborg, Nylöse;Män;Ej svenska medborgare;18-29 ej förstagångsväljare;13
2018;rf;14803017;Östra Göteborg, Nylöse;Kvinnor;Ej svenska medborgare;18-29 ej förstagångsväljare;7
2018;rf;14803017;Östra Göteborg, Nylöse;Män;Svenska medborgare;30-49;202
2018;rf;14803017;Östra Göteborg, Nylöse;Kvinnor;Svenska medborgare;30-49;156
2018;rf;14803017;Östra Göteborg, Nylöse;Män;Ej svenska medborgare;30-49;52
2018;rf;14803017;Östra Göteborg, Nylöse;Kvinnor;Ej svenska medborgare;30-49;14
2018;rf;14803017;Östra Göteborg, Nylöse;Män;Svenska medborgare;50-64;120
2018;rf;14803017;Östra Göteborg, Nylöse;Kvinnor;Svenska medborgare;50-64;82
2018;rf;14803017;Östra Göteborg, Nylöse;Män;Ej svenska medborgare;50-64;21
2018;rf;14803017;Östra Göteborg, Nylöse;Kvinnor;Ej svenska medborgare;50-64;7
2018;rf;14803017;Östra Göteborg, Nylöse;Män;Svenska medborgare;65-;76
2018;rf;14803017;Östra Göteborg, Nylöse;Kvinnor;Svenska medborgare;65-;81
2018;rf;14803017;Östra Göteborg, Nylöse;Män;Ej svenska medborgare;65-;6
2018;rf;14803017;Östra Göteborg, Nylöse;Kvinnor;Ej svenska medborgare;65-;5
2018;rf;14803021;Östra Göteborg, Fjällbo;Män;Svenska medborgare;18-29 förstagångsväljare;49
2018;rf;14803021;Östra Göteborg, Fjällbo;Kvinnor;Svenska medborgare;18-29 förstagångsväljare;48
2018;rf;14803021;Östra Göteborg, Fjällbo;Män;Ej svenska medborgare;18-29 förstagångsväljare;1
2018;rf;14803021;Östra Göteborg, Fjällbo;Kvinnor;Ej svenska medborgare;18-29 förstagångsväljare;0
2018;rf;14803021;Östra Göteborg, Fjällbo;Män;Svenska medborgare;18-29 ej förstagångsväljare;78
2018;rf;14803021;Östra Göteborg, Fjällbo;Kvinnor;Svenska medborgare;18-29 ej förstagångsväljare;71
2018;rf;14803021;Östra Göteborg, Fjällbo;Män;Ej svenska medborgare;18-29 ej förstagångsväljare;7
2018;rf;14803021;Östra Göteborg, Fjällbo;Kvinnor;Ej svenska medborgare;18-29 ej förstagångsväljare;2
2018;rf;14803021;Östra Göteborg, Fjällbo;Män;Svenska medborgare;30-49;316
2018;rf;14803021;Östra Göteborg, Fjällbo;Kvinnor;Svenska medborgare;30-49;347
2018;rf;14803021;Östra Göteborg, Fjällbo;Män;Ej svenska medborgare;30-49;23
2018;rf;14803021;Östra Göteborg, Fjällbo;Kvinnor;Ej svenska medborgare;30-49;17
2018;rf;14803021;Östra Göteborg, Fjällbo;Män;Svenska medborgare;50-64;187
2018;rf;14803021;Östra Göteborg, Fjällbo;Kvinnor;Svenska medborgare;50-64;156
2018;rf;14803021;Östra Göteborg, Fjällbo;Män;Ej svenska medborgare;50-64;10
2018;rf;14803021;Östra Göteborg, Fjällbo;Kvinnor;Ej svenska medborgare;50-64;6
2018;rf;14803021;Östra Göteborg, Fjällbo;Män;Svenska medborgare;65-;99
2018;rf;14803021;Östra Göteborg, Fjällbo;Kvinnor;Svenska medborgare;65-;136
2018;rf;14803021;Östra Göteborg, Fjällbo;Män;Ej svenska medborgare;65-;8
2018;rf;14803021;Östra Göteborg, Fjällbo;Kvinnor;Ej svenska medborgare;65-;7
2018;rf;14803022;Östra Göteborg, Utby;Män;Svenska medborgare;18-29 förstagångsväljare;63
2018;rf;14803022;Östra Göteborg, Utby;Kvinnor;Svenska medborgare;18-29 förstagångsväljare;57
2018;rf;14803022;Östra Göteborg, Utby;Män;Ej svenska medborgare;18-29 förstagångsväljare;4
2018;rf;14803022;Östra Göteborg, Utby;Kvinnor;Ej svenska medborgare;18-29 förstagångsväljare;2
2018;rf;14803022;Östra Göteborg, Utby;Män;Svenska medborgare;18-29 ej förstagångsväljare;46
2018;rf;14803022;Östra Göteborg, Utby;Kvinnor;Svenska medborgare;18-29 ej förstagångsväljare;53
2018;rf;14803022;Östra Göteborg, Utby;Män;Ej svenska medborgare;18-29 ej förstagångsväljare;3
2018;rf;14803022;Östra Göteborg, Utby;Kvinnor;Ej svenska medborgare;18-29 ej förstagångsväljare;1
2018;rf;14803022;Östra Göteborg, Utby;Män;Svenska medborgare;30-49;285
2018;rf;14803022;Östra Göteborg, Utby;Kvinnor;Svenska medborgare;30-49;325
2018;rf;14803022;Östra Göteborg, Utby;Män;Ej svenska medborgare;30-49;19
2018;rf;14803022;Östra Göteborg, Utby;Kvinnor;Ej svenska medborgare;30-49;12
2018;rf;14803022;Östra Göteborg, Utby;Män;Svenska medborgare;50-64;191
2018;rf;14803022;Östra Göteborg, Utby;Kvinnor;Svenska medborgare;50-64;162
2018;rf;14803022;Östra Göteborg, Utby;Män;Ej svenska medborgare;50-64;11
2018;rf;14803022;Östra Göteborg, Utby;Kvinnor;Ej svenska medborgare;50-64;9
2018;rf;14803022;Östra Göteborg, Utby;Män;Svenska medborgare;65-;123
2018;rf;14803022;Östra Göteborg, Utby;Kvinnor;Svenska medborgare;65-;123
2018;rf;14803022;Östra Göteborg, Utby;Män;Ej svenska medborgare;65-;4
2018;rf;14803022;Östra Göteborg, Utby;Kvinnor;Ej svenska medborgare;65-;2
2018;rf;14803023;Östra Göteborg, Utbynäs;Män;Svenska medborgare;18-29 förstagångsväljare;48
2018;rf;14803023;Östra Göteborg, Utbynäs;Kvinnor;Svenska medborgare;18-29 förstagångsväljare;40
2018;rf;14803023;Östra Göteborg, Utbynäs;Män;Ej svenska medborgare;18-29 förstagångsväljare;0
2018;rf;14803023;Östra Göteborg, Utbynäs;Kvinnor;Ej svenska medborgare;18-29 förstagångsväljare;3
2018;rf;14803023;Östra Göteborg, Utbynäs;Män;Svenska medborgare;18-29 ej förstagångsväljare;52
2018;rf;14803023;Östra Göteborg, Utbynäs;Kvinnor;Svenska medborgare;18-29 ej förstagångsväljare;52
2018;rf;14803023;Östra Göteborg, Utbynäs;Män;Ej svenska medborgare;18-29 ej förstagångsväljare;7
2018;rf;14803023;Östra Göteborg, Utbynäs;Kvinnor;Ej svenska medborgare;18-29 ej förstagångsväljare;5
2018;rf;14803023;Östra Göteborg, Utbynäs;Män;Svenska medborgare;30-49;187
2018;rf;14803023;Östra Göteborg, Utbynäs;Kvinnor;Svenska medborgare;30-49;197
2018;rf;14803023;Östra Göteborg, Utbynäs;Män;Ej svenska medborgare;30-49;18
2018;rf;14803023;Östra Göteborg, Utbynäs;Kvinnor;Ej svenska medborgare;30-49;13
2018;rf;14803023;Östra Göteborg, Utbynäs;Män;Svenska medborgare;50-64;167
2018;rf;14803023;Östra Göteborg, Utbynäs;Kvinnor;Svenska medborgare;50-64;154
2018;rf;14803023;Östra Göteborg, Utbynäs;Män;Ej svenska medborgare;50-64;8
2018;rf;14803023;Östra Göteborg, Utbynäs;Kvinnor;Ej svenska medborgare;50-64;5
2018;rf;14803023;Östra Göteborg, Utbynäs;Män;Svenska medborgare;65-;105
2018;rf;14803023;Östra Göteborg, Utbynäs;Kvinnor;Svenska medborgare;65-;98
2018;rf;14803023;Östra Göteborg, Utbynäs;Män;Ej svenska medborgare;65-;4
2018;rf;14803023;Östra Göteborg, Utbynäs;Kvinnor;Ej svenska medborgare;65-;9
2018;rf;14803031;Östra Göteborg, Förstamajgatan m fl;Män;Svenska medborgare;18-29 förstagångsväljare;17
2018;rf;14803031;Östra Göteborg, Förstamajgatan m fl;Kvinnor;Svenska medborgare;18-29 förstagångsväljare;22
2018;rf;14803031;Östra Göteborg, Förstamajgatan m fl;Män;Ej svenska medborgare;18-29 förstagångsväljare;5
2018;rf;14803031;Östra Göteborg, Förstamajgatan m fl;Kvinnor;Ej svenska medborgare;18-29 förstagångsväljare;0
2018;rf;14803031;Östra Göteborg, Förstamajgatan m fl;Män;Svenska medborgare;18-29 ej förstagångsväljare;86
2018;rf;14803031;Östra Göteborg, Förstamajgatan m fl;Kvinnor;Svenska medborgare;18-29 ej förstagångsväljare;119
2018;rf;14803031;Östra Göteborg, Förstamajgatan m fl;Män;Ej svenska medborgare;18-29 ej förstagångsväljare;18
2018;rf;14803031;Östra Göteborg, Förstamajgatan m fl;Kvinnor;Ej svenska medborgare;18-29 ej förstagångsväljare;16
2018;rf;14803031;Östra Göteborg, Förstamajgatan m fl;Män;Svenska medborgare;30-49;186
2018;rf;14803031;Östra Göteborg, Förstamajgatan m fl;Kvinnor;Svenska medborgare;30-49;156
2018;rf;14803031;Östra Göteborg, Förstamajgatan m fl;Män;Ej svenska medborgare;30-49;71
2018;rf;14803031;Östra Göteborg, Förstamajgatan m fl;Kvinnor;Ej svenska medborgare;30-49;37
2018;rf;14803031;Östra Göteborg, Förstamajgatan m fl;Män;Svenska medborgare;50-64;110
2018;rf;14803031;Östra Göteborg, Förstamajgatan m fl;Kvinnor;Svenska medborgare;50-64;91
2018;rf;14803031;Östra Göteborg, Förstamajgatan m fl;Män;Ej svenska medborgare;50-64;14
2018;rf;14803031;Östra Göteborg, Förstamajgatan m fl;Kvinnor;Ej svenska medborgare;50-64;10
2018;rf;14803031;Östra Göteborg, Förstamajgatan m fl;Män;Svenska medborgare;65-;84
2018;rf;14803031;Östra Göteborg, Förstamajgatan m fl;Kvinnor;Svenska medborgare;65-;137
2018;rf;14803031;Östra Göteborg, Förstamajgatan m fl;Män;Ej svenska medborgare;65-;8
2018;rf;14803031;Östra Göteborg, Förstamajgatan m fl;Kvinnor;Ej svenska medborgare;65-;10
2018;rf;14803032;Östra Göteborg, Gregorianska g. m fl;Män;Svenska medborgare;18-29 förstagångsväljare;20
2018;rf;14803032;Östra Göteborg, Gregorianska g. m fl;Kvinnor;Svenska medborgare;18-29 förstagångsväljare;27
2018;rf;14803032;Östra Göteborg, Gregorianska g. m fl;Män;Ej svenska medborgare;18-29 förstagångsväljare;8
2018;rf;14803032;Östra Göteborg, Gregorianska g. m fl;Kvinnor;Ej svenska medborgare;18-29 förstagångsväljare;4
2018;rf;14803032;Östra Göteborg, Gregorianska g. m fl;Män;Svenska medborgare;18-29 ej förstagångsväljare;98
2018;rf;14803032;Östra Göteborg, Gregorianska g. m fl;Kvinnor;Svenska medborgare;18-29 ej förstagångsväljare;134
2018;rf;14803032;Östra Göteborg, Gregorianska g. m fl;Män;Ej svenska medborgare;18-29 ej förstagångsväljare;12
2018;rf;14803032;Östra Göteborg, Gregorianska g. m fl;Kvinnor;Ej svenska medborgare;18-29 ej förstagångsväljare;15
2018;rf;14803032;Östra Göteborg, Gregorianska g. m fl;Män;Svenska medborgare;30-49;263
2018;rf;14803032;Östra Göteborg, Gregorianska g. m fl;Kvinnor;Svenska medborgare;30-49;220
2018;rf;14803032;Östra Göteborg, Gregorianska g. m fl;Män;Ej svenska medborgare;30-49;66
2018;rf;14803032;Östra Göteborg, Gregorianska g. m fl;Kvinnor;Ej svenska medborgare;30-49;43
2018;rf;14803032;Östra Göteborg, Gregorianska g. m fl;Män;Svenska medborgare;50-64;137
2018;rf;14803032;Östra Göteborg, Gregorianska g. m fl;Kvinnor;Svenska medborgare;50-64;121
2018;rf;14803032;Östra Göteborg, Gregorianska g. m fl;Män;Ej svenska medborgare;50-64;17
2018;rf;14803032;Östra Göteborg, Gregorianska g. m fl;Kvinnor;Ej svenska medborgare;50-64;11
2018;rf;14803032;Östra Göteborg, Gregorianska g. m fl;Män;Svenska medborgare;65-;104
2018;rf;14803032;Östra Göteborg, Gregorianska g. m fl;Kvinnor;Svenska medborgare;65-;108
2018;rf;14803032;Östra Göteborg, Gregorianska g. m fl;Män;Ej svenska medborgare;65-;8
2018;rf;14803032;Östra Göteborg, Gregorianska g. m fl;Kvinnor;Ej svenska medborgare;65-;11
2018;rf;14803033;Östra Göteborg, Kortedala Centrum;Män;Svenska medborgare;18-29 förstagångsväljare;21
2018;rf;14803033;Östra Göteborg, Kortedala Centrum;Kvinnor;Svenska medborgare;18-29 förstagångsväljare;38
2018;rf;14803033;Östra Göteborg, Kortedala Centrum;Män;Ej svenska medborgare;18-29 förstagångsväljare;5
2018;rf;14803033;Östra Göteborg, Kortedala Centrum;Kvinnor;Ej svenska medborgare;18-29 förstagångsväljare;10
2018;rf;14803033;Östra Göteborg, Kortedala Centrum;Män;Svenska medborgare;18-29 ej förstagångsväljare;82
2018;rf;14803033;Östra Göteborg, Kortedala Centrum;Kvinnor;Svenska medborgare;18-29 ej förstagångsväljare;103
2018;rf;14803033;Östra Göteborg, Kortedala Centrum;Män;Ej svenska medborgare;18-29 ej förstagångsväljare;20
2018;rf;14803033;Östra Göteborg, Kortedala Centrum;Kvinnor;Ej svenska medborgare;18-29 ej förstagångsväljare;13
2018;rf;14803033;Östra Göteborg, Kortedala Centrum;Män;Svenska medborgare;30-49;191
2018;rf;14803033;Östra Göteborg, Kortedala Centrum;Kvinnor;Svenska medborgare;30-49;177
2018;rf;14803033;Östra Göteborg, Kortedala Centrum;Män;Ej svenska medborgare;30-49;53
2018;rf;14803033;Östra Göteborg, Kortedala Centrum;Kvinnor;Ej svenska medborgare;30-49;34
2018;rf;14803033;Östra Göteborg, Kortedala Centrum;Män;Svenska medborgare;50-64;103
2018;rf;14803033;Östra Göteborg, Kortedala Centrum;Kvinnor;Svenska medborgare;50-64;106
2018;rf;14803033;Östra Göteborg, Kortedala Centrum;Män;Ej svenska medborgare;50-64;14
2018;rf;14803033;Östra Göteborg, Kortedala Centrum;Kvinnor;Ej svenska medborgare;50-64;13
2018;rf;14803033;Östra Göteborg, Kortedala Centrum;Män;Svenska medborgare;65-;83
2018;rf;14803033;Östra Göteborg, Kortedala Centrum;Kvinnor;Svenska medborgare;65-;134
2018;rf;14803033;Östra Göteborg, Kortedala Centrum;Män;Ej svenska medborgare;65-;11
2018;rf;14803033;Östra Göteborg, Kortedala Centrum;Kvinnor;Ej svenska medborgare;65-;9
2018;rf;14803034;Östra Göteborg, Kortedala, Södra;Män;Svenska medborgare;18-29 förstagångsväljare;40
2018;rf;14803034;Östra Göteborg, Kortedala, Södra;Kvinnor;Svenska medborgare;18-29 förstagångsväljare;32
2018;rf;14803034;Östra Göteborg, Kortedala, Södra;Män;Ej svenska medborgare;18-29 förstagångsväljare;3
2018;rf;14803034;Östra Göteborg, Kortedala, Södra;Kvinnor;Ej svenska medborgare;18-29 förstagångsväljare;1
2018;rf;14803034;Östra Göteborg, Kortedala, Södra;Män;Svenska medborgare;18-29 ej förstagångsväljare;95
2018;rf;14803034;Östra Göteborg, Kortedala, Södra;Kvinnor;Svenska medborgare;18-29 ej förstagångsväljare;102
2018;rf;14803034;Östra Göteborg, Kortedala, Södra;Män;Ej svenska medborgare;18-29 ej förstagångsväljare;10
2018;rf;14803034;Östra Göteborg, Kortedala, Södra;Kvinnor;Ej svenska medborgare;18-29 ej förstagångsväljare;9
2018;rf;14803034;Östra Göteborg, Kortedala, Södra;Män;Svenska medborgare;30-49;210
2018;rf;14803034;Östra Göteborg, Kortedala, Södra;Kvinnor;Svenska medborgare;30-49;232
2018;rf;14803034;Östra Göteborg, Kortedala, Södra;Män;Ej svenska medborgare;30-49;25
2018;rf;14803034;Östra Göteborg, Kortedala, Södra;Kvinnor;Ej svenska medborgare;30-49;30
2018;rf;14803034;Östra Göteborg, Kortedala, Södra;Män;Svenska medborgare;50-64;143
2018;rf;14803034;Östra Göteborg, Kortedala, Södra;Kvinnor;Svenska medborgare;50-64;143
2018;rf;14803034;Östra Göteborg, Kortedala, Södra;Män;Ej svenska medborgare;50-64;11
2018;rf;14803034;Östra Göteborg, Kortedala, Södra;Kvinnor;Ej svenska medborgare;50-64;7
2018;rf;14803034;Östra Göteborg, Kortedala, Södra;Män;Svenska medborgare;65-;81
2018;rf;14803034;Östra Göteborg, Kortedala, Södra;Kvinnor;Svenska medborgare;65-;128
2018;rf;14803034;Östra Göteborg, Kortedala, Södra;Män;Ej svenska medborgare;65-;1
2018;rf;14803034;Östra Göteborg, Kortedala, Södra;Kvinnor;Ej svenska medborgare;65-;7
2018;rf;14803035;Östra Göteborg, Kortedala, Västra;Män;Svenska medborgare;18-29 förstagångsväljare;26
2018;rf;14803035;Östra Göteborg, Kortedala, Västra;Kvinnor;Svenska medborgare;18-29 förstagångsväljare;35
2018;rf;14803035;Östra Göteborg, Kortedala, Västra;Män;Ej svenska medborgare;18-29 förstagångsväljare;2
2018;rf;14803035;Östra Göteborg, Kortedala, Västra;Kvinnor;Ej svenska medborgare;18-29 förstagångsväljare;5
2018;rf;14803035;Östra Göteborg, Kortedala, Västra;Män;Svenska medborgare;18-29 ej förstagångsväljare;118
2018;rf;14803035;Östra Göteborg, Kortedala, Västra;Kvinnor;Svenska medborgare;18-29 ej förstagångsväljare;112
2018;rf;14803035;Östra Göteborg, Kortedala, Västra;Män;Ej svenska medborgare;18-29 ej förstagångsväljare;15
2018;rf;14803035;Östra Göteborg, Kortedala, Västra;Kvinnor;Ej svenska medborgare;18-29 ej förstagångsväljare;13
2018;rf;14803035;Östra Göteborg, Kortedala, Västra;Män;Svenska medborgare;30-49;218
2018;rf;14803035;Östra Göteborg, Kortedala, Västra;Kvinnor;Svenska medborgare;30-49;215
2018;rf;14803035;Östra Göteborg, Kortedala, Västra;Män;Ej svenska medborgare;30-49;48
2018;rf;14803035;Östra Göteborg, Kortedala, Västra;Kvinnor;Ej svenska medborgare;30-49;26
2018;rf;14803035;Östra Göteborg, Kortedala, Västra;Män;Svenska medborgare;50-64;122
2018;rf;14803035;Östra Göteborg, Kortedala, Västra;Kvinnor;Svenska medborgare;50-64;108
2018;rf;14803035;Östra Göteborg, Kortedala, Västra;Män;Ej svenska medborgare;50-64;11
2018;rf;14803035;Östra Göteborg, Kortedala, Västra;Kvinnor;Ej svenska medborgare;50-64;8
2018;rf;14803035;Östra Göteborg, Kortedala, Västra;Män;Svenska medborgare;65-;112
2018;rf;14803035;Östra Göteborg, Kortedala, Västra;Kvinnor;Svenska medborgare;65-;151
2018;rf;14803035;Östra Göteborg, Kortedala, Västra;Män;Ej svenska medborgare;65-;8
2018;rf;14803035;Östra Göteborg, Kortedala, Västra;Kvinnor;Ej svenska medborgare;65-;10
2018;rf;14803036;Östra Göteborg, Kortedala, Östra;Män;Svenska medborgare;18-29 förstagångsväljare;14
2018;rf;14803036;Östra Göteborg, Kortedala, Östra;Kvinnor;Svenska medborgare;18-29 förstagångsväljare;20
2018;rf;14803036;Östra Göteborg, Kortedala, Östra;Män;Ej svenska medborgare;18-29 förstagångsväljare;5
2018;rf;14803036;Östra Göteborg, Kortedala, Östra;Kvinnor;Ej svenska medborgare;18-29 förstagångsväljare;7
2018;rf;14803036;Östra Göteborg, Kortedala, Östra;Män;Svenska medborgare;18-29 ej förstagångsväljare;117
2018;rf;14803036;Östra Göteborg, Kortedala, Östra;Kvinnor;Svenska medborgare;18-29 ej förstagångsväljare;120
2018;rf;14803036;Östra Göteborg, Kortedala, Östra;Män;Ej svenska medborgare;18-29 ej förstagångsväljare;17
2018;rf;14803036;Östra Göteborg, Kortedala, Östra;Kvinnor;Ej svenska medborgare;18-29 ej förstagångsväljare;25
2018;rf;14803036;Östra Göteborg, Kortedala, Östra;Män;Svenska medborgare;30-49;246
2018;rf;14803036;Östra Göteborg, Kortedala, Östra;Kvinnor;Svenska medborgare;30-49;171
2018;rf;14803036;Östra Göteborg, Kortedala, Östra;Män;Ej svenska medborgare;30-49;53
2018;rf;14803036;Östra Göteborg, Kortedala, Östra;Kvinnor;Ej svenska medborgare;30-49;40
2018;rf;14803036;Östra Göteborg, Kortedala, Östra;Män;Svenska medborgare;50-64;96
2018;rf;14803036;Östra Göteborg, Kortedala, Östra;Kvinnor;Svenska medborgare;50-64;86
2018;rf;14803036;Östra Göteborg, Kortedala, Östra;Män;Ej svenska medborgare;50-64;19
2018;rf;14803036;Östra Göteborg, Kortedala, Östra;Kvinnor;Ej svenska medborgare;50-64;16
2018;rf;14803036;Östra Göteborg, Kortedala, Östra;Män;Svenska medborgare;65-;104
2018;rf;14803036;Östra Göteborg, Kortedala, Östra;Kvinnor;Svenska medborgare;65-;136
2018;rf;14803036;Östra Göteborg, Kortedala, Östra;Män;Ej svenska medborgare;65-;20
2018;rf;14803036;Östra Göteborg, Kortedala, Östra;Kvinnor;Ej svenska medborgare;65-;25
2018;rf;14803041;Östra Göteborg, Adventsparken, V;Män;Svenska medborgare;18-29 förstagångsväljare;26
2018;rf;14803041;Östra Göteborg, Adventsparken, V;Kvinnor;Svenska medborgare;18-29 förstagångsväljare;16
2018;rf;14803041;Östra Göteborg, Adventsparken, V;Män;Ej svenska medborgare;18-29 förstagångsväljare;5
2018;rf;14803041;Östra Göteborg, Adventsparken, V;Kvinnor;Ej svenska medborgare;18-29 förstagångsväljare;2
2018;rf;14803041;Östra Göteborg, Adventsparken, V;Män;Svenska medborgare;18-29 ej förstagångsväljare;102
2018;rf;14803041;Östra Göteborg, Adventsparken, V;Kvinnor;Svenska medborgare;18-29 ej förstagångsväljare;110
2018;rf;14803041;Östra Göteborg, Adventsparken, V;Män;Ej svenska medborgare;18-29 ej förstagångsväljare;29
2018;rf;14803041;Östra Göteborg, Adventsparken, V;Kvinnor;Ej svenska medborgare;18-29 ej förstagångsväljare;20
2018;rf;14803041;Östra Göteborg, Adventsparken, V;Män;Svenska medborgare;30-49;193
2018;rf;14803041;Östra Göteborg, Adventsparken, V;Kvinnor;Svenska medborgare;30-49;163
2018;rf;14803041;Östra Göteborg, Adventsparken, V;Män;Ej svenska medborgare;30-49;48
2018;rf;14803041;Östra Göteborg, Adventsparken, V;Kvinnor;Ej svenska medborgare;30-49;25
2018;rf;14803041;Östra Göteborg, Adventsparken, V;Män;Svenska medborgare;50-64;129
2018;rf;14803041;Östra Göteborg, Adventsparken, V;Kvinnor;Svenska medborgare;50-64;126
2018;rf;14803041;Östra Göteborg, Adventsparken, V;Män;Ej svenska medborgare;50-64;21
2018;rf;14803041;Östra Göteborg, Adventsparken, V;Kvinnor;Ej svenska medborgare;50-64;11
2018;rf;14803041;Östra Göteborg, Adventsparken, V;Män;Svenska medborgare;65-;122
2018;rf;14803041;Östra Göteborg, Adventsparken, V;Kvinnor;Svenska medborgare;65-;185
2018;rf;14803041;Östra Göteborg, Adventsparken, V;Män;Ej svenska medborgare;65-;12
2018;rf;14803041;Östra Göteborg, Adventsparken, V;Kvinnor;Ej svenska medborgare;65-;13
2018;rf;14803042;Östra Göteborg, Adventsparken, Ö;Män;Svenska medborgare;18-29 förstagångsväljare;24
2018;rf;14803042;Östra Göteborg, Adventsparken, Ö;Kvinnor;Svenska medborgare;18-29 förstagångsväljare;22
2018;rf;14803042;Östra Göteborg, Adventsparken, Ö;Män;Ej svenska medborgare;18-29 förstagångsväljare;6
2018;rf;14803042;Östra Göteborg, Adventsparken, Ö;Kvinnor;Ej svenska medborgare;18-29 förstagångsväljare;4
2018;rf;14803042;Östra Göteborg, Adventsparken, Ö;Män;Svenska medborgare;18-29 ej förstagångsväljare;101
2018;rf;14803042;Östra Göteborg, Adventsparken, Ö;Kvinnor;Svenska medborgare;18-29 ej förstagångsväljare;100
2018;rf;14803042;Östra Göteborg, Adventsparken, Ö;Män;Ej svenska medborgare;18-29 ej förstagångsväljare;20
2018;rf;14803042;Östra Göteborg, Adventsparken, Ö;Kvinnor;Ej svenska medborgare;18-29 ej förstagångsväljare;21
2018;rf;14803042;Östra Göteborg, Adventsparken, Ö;Män;Svenska medborgare;30-49;169
2018;rf;14803042;Östra Göteborg, Adventsparken, Ö;Kvinnor;Svenska medborgare;30-49;200
2018;rf;14803042;Östra Göteborg, Adventsparken, Ö;Män;Ej svenska medborgare;30-49;57
2018;rf;14803042;Östra Göteborg, Adventsparken, Ö;Kvinnor;Ej svenska medborgare;30-49;49
2018;rf;14803042;Östra Göteborg, Adventsparken, Ö;Män;Svenska medborgare;50-64;89
2018;rf;14803042;Östra Göteborg, Adventsparken, Ö;Kvinnor;Svenska medborgare;50-64;101
2018;rf;14803042;Östra Göteborg, Adventsparken, Ö;Män;Ej svenska medborgare;50-64;17
2018;rf;14803042;Östra Göteborg, Adventsparken, Ö;Kvinnor;Ej svenska medborgare;50-64;10
2018;rf;14803042;Östra Göteborg, Adventsparken, Ö;Män;Svenska medborgare;65-;64
2018;rf;14803042;Östra Göteborg, Adventsparken, Ö;Kvinnor;Svenska medborgare;65-;101
2018;rf;14803042;Östra Göteborg, Adventsparken, Ö;Män;Ej svenska medborgare;65-;4
2018;rf;14803042;Östra Göteborg, Adventsparken, Ö;Kvinnor;Ej svenska medborgare;65-;6
2018;rf;14803043;Östra Göteborg, Kortedala, Norra;Män;Svenska medborgare;18-29 förstagångsväljare;15
2018;rf;14803043;Östra Göteborg, Kortedala, Norra;Kvinnor;Svenska medborgare;18-29 förstagångsväljare;22
2018;rf;14803043;Östra Göteborg, Kortedala, Norra;Män;Ej svenska medborgare;18-29 förstagångsväljare;3
2018;rf;14803043;Östra Göteborg, Kortedala, Norra;Kvinnor;Ej svenska medborgare;18-29 förstagångsväljare;2
2018;rf;14803043;Östra Göteborg, Kortedala, Norra;Män;Svenska medborgare;18-29 ej förstagångsväljare;99
2018;rf;14803043;Östra Göteborg, Kortedala, Norra;Kvinnor;Svenska medborgare;18-29 ej förstagångsväljare;124
2018;rf;14803043;Östra Göteborg, Kortedala, Norra;Män;Ej svenska medborgare;18-29 ej förstagångsväljare;15
2018;rf;14803043;Östra Göteborg, Kortedala, Norra;Kvinnor;Ej svenska medborgare;18-29 ej förstagångsväljare;13
2018;rf;14803043;Östra Göteborg, Kortedala, Norra;Män;Svenska medborgare;30-49;190
2018;rf;14803043;Östra Göteborg, Kortedala, Norra;Kvinnor;Svenska medborgare;30-49;190
2018;rf;14803043;Östra Göteborg, Kortedala, Norra;Män;Ej svenska medborgare;30-49;63
2018;rf;14803043;Östra Göteborg, Kortedala, Norra;Kvinnor;Ej svenska medborgare;30-49;36
2018;rf;14803043;Östra Göteborg, Kortedala, Norra;Män;Svenska medborgare;50-64;106
2018;rf;14803043;Östra Göteborg, Kortedala, Norra;Kvinnor;Svenska medborgare;50-64;86
2018;rf;14803043;Östra Göteborg, Kortedala, Norra;Män;Ej svenska medborgare;50-64;6
2018;rf;14803043;Östra Göteborg, Kortedala, Norra;Kvinnor;Ej svenska medborgare;50-64;8
2018;rf;14803043;Östra Göteborg, Kortedala, Norra;Män;Svenska medborgare;65-;78
2018;rf;14803043;Östra Göteborg, Kortedala, Norra;Kvinnor;Svenska medborgare;65-;87
2018;rf;14803043;Östra Göteborg, Kortedala, Norra;Män;Ej svenska medborgare;65-;9
2018;rf;14803043;Östra Göteborg, Kortedala, Norra;Kvinnor;Ej svenska medborgare;65-;12
2018;rf;14803044;Östra Göteborg, Månadsgatorna m fl;Män;Svenska medborgare;18-29 förstagångsväljare;24
2018;rf;14803044;Östra Göteborg, Månadsgatorna m fl;Kvinnor;Svenska medborgare;18-29 förstagångsväljare;31
2018;rf;14803044;Östra Göteborg, Månadsgatorna m fl;Män;Ej svenska medborgare;18-29 förstagångsväljare;12
2018;rf;14803044;Östra Göteborg, Månadsgatorna m fl;Kvinnor;Ej svenska medborgare;18-29 förstagångsväljare;6
2018;rf;14803044;Östra Göteborg, Månadsgatorna m fl;Män;Svenska medborgare;18-29 ej förstagångsväljare;103
2018;rf;14803044;Östra Göteborg, Månadsgatorna m fl;Kvinnor;Svenska medborgare;18-29 ej förstagångsväljare;128
2018;rf;14803044;Östra Göteborg, Månadsgatorna m fl;Män;Ej svenska medborgare;18-29 ej förstagångsväljare;28
2018;rf;14803044;Östra Göteborg, Månadsgatorna m fl;Kvinnor;Ej svenska medborgare;18-29 ej förstagångsväljare;35
2018;rf;14803044;Östra Göteborg, Månadsgatorna m fl;Män;Svenska medborgare;30-49;211
2018;rf;14803044;Östra Göteborg, Månadsgatorna m fl;Kvinnor;Svenska medborgare;30-49;200
2018;rf;14803044;Östra Göteborg, Månadsgatorna m fl;Män;Ej svenska medborgare;30-49;83
2018;rf;14803044;Östra Göteborg, Månadsgatorna m fl;Kvinnor;Ej svenska medborgare;30-49;57
2018;rf;14803044;Östra Göteborg, Månadsgatorna m fl;Män;Svenska medborgare;50-64;136
2018;rf;14803044;Östra Göteborg, Månadsgatorna m fl;Kvinnor;Svenska medborgare;50-64;130
2018;rf;14803044;Östra Göteborg, Månadsgatorna m fl;Män;Ej svenska medborgare;50-64;23
2018;rf;14803044;Östra Göteborg, Månadsgatorna m fl;Kvinnor;Ej svenska medborgare;50-64;11
2018;rf;14803044;Östra Göteborg, Månadsgatorna m fl;Män;Svenska medborgare;65-;92
2018;rf;14803044;Östra Göteborg, Månadsgatorna m fl;Kvinnor;Svenska medborgare;65-;113
2018;rf;14803044;Östra Göteborg, Månadsgatorna m fl;Män;Ej svenska medborgare;65-;15
2018;rf;14803044;Östra Göteborg, Månadsgatorna m fl;Kvinnor;Ej svenska medborgare;65-;8
2018;rf;14803051;Östra Göteborg, Bergsjön, Norra;Män;Svenska medborgare;18-29 förstagångsväljare;20
2018;rf;14803051;Östra Göteborg, Bergsjön, Norra;Kvinnor;Svenska medborgare;18-29 förstagångsväljare;26
2018;rf;14803051;Östra Göteborg, Bergsjön, Norra;Män;Ej svenska medborgare;18-29 förstagångsväljare;7
2018;rf;14803051;Östra Göteborg, Bergsjön, Norra;Kvinnor;Ej svenska medborgare;18-29 förstagångsväljare;4
2018;rf;14803051;Östra Göteborg, Bergsjön, Norra;Män;Svenska medborgare;18-29 ej förstagångsväljare;125
2018;rf;14803051;Östra Göteborg, Bergsjön, Norra;Kvinnor;Svenska medborgare;18-29 ej förstagångsväljare;140
2018;rf;14803051;Östra Göteborg, Bergsjön, Norra;Män;Ej svenska medborgare;18-29 ej förstagångsväljare;21
2018;rf;14803051;Östra Göteborg, Bergsjön, Norra;Kvinnor;Ej svenska medborgare;18-29 ej förstagångsväljare;19
2018;rf;14803051;Östra Göteborg, Bergsjön, Norra;Män;Svenska medborgare;30-49;162
2018;rf;14803051;Östra Göteborg, Bergsjön, Norra;Kvinnor;Svenska medborgare;30-49;167
2018;rf;14803051;Östra Göteborg, Bergsjön, Norra;Män;Ej svenska medborgare;30-49;36
2018;rf;14803051;Östra Göteborg, Bergsjön, Norra;Kvinnor;Ej svenska medborgare;30-49;21
2018;rf;14803051;Östra Göteborg, Bergsjön, Norra;Män;Svenska medborgare;50-64;112
2018;rf;14803051;Östra Göteborg, Bergsjön, Norra;Kvinnor;Svenska medborgare;50-64;86
2018;rf;14803051;Östra Göteborg, Bergsjön, Norra;Män;Ej svenska medborgare;50-64;16
2018;rf;14803051;Östra Göteborg, Bergsjön, Norra;Kvinnor;Ej svenska medborgare;50-64;5
2018;rf;14803051;Östra Göteborg, Bergsjön, Norra;Män;Svenska medborgare;65-;67
2018;rf;14803051;Östra Göteborg, Bergsjön, Norra;Kvinnor;Svenska medborgare;65-;66
2018;rf;14803051;Östra Göteborg, Bergsjön, Norra;Män;Ej svenska medborgare;65-;11
2018;rf;14803051;Östra Göteborg, Bergsjön, Norra;Kvinnor;Ej svenska medborgare;65-;15
2018;rf;14803052;Östra Göteborg, Gärdsmosse;Män;Svenska medborgare;18-29 förstagångsväljare;31
2018;rf;14803052;Östra Göteborg, Gärdsmosse;Kvinnor;Svenska medborgare;18-29 förstagångsväljare;39
2018;rf;14803052;Östra Göteborg, Gärdsmosse;Män;Ej svenska medborgare;18-29 förstagångsväljare;11
2018;rf;14803052;Östra Göteborg, Gärdsmosse;Kvinnor;Ej svenska medborgare;18-29 förstagångsväljare;11
2018;rf;14803052;Östra Göteborg, Gärdsmosse;Män;Svenska medborgare;18-29 ej förstagångsväljare;100
2018;rf;14803052;Östra Göteborg, Gärdsmosse;Kvinnor;Svenska medborgare;18-29 ej förstagångsväljare;141
2018;rf;14803052;Östra Göteborg, Gärdsmosse;Män;Ej svenska medborgare;18-29 ej förstagångsväljare;48
2018;rf;14803052;Östra Göteborg, Gärdsmosse;Kvinnor;Ej svenska medborgare;18-29 ej förstagångsväljare;46
2018;rf;14803052;Östra Göteborg, Gärdsmosse;Män;Svenska medborgare;30-49;205
2018;rf;14803052;Östra Göteborg, Gärdsmosse;Kvinnor;Svenska medborgare;30-49;202
2018;rf;14803052;Östra Göteborg, Gärdsmosse;Män;Ej svenska medborgare;30-49;135
2018;rf;14803052;Östra Göteborg, Gärdsmosse;Kvinnor;Ej svenska medborgare;30-49;73
2018;rf;14803052;Östra Göteborg, Gärdsmosse;Män;Svenska medborgare;50-64;120
2018;rf;14803052;Östra Göteborg, Gärdsmosse;Kvinnor;Svenska medborgare;50-64;86
2018;rf;14803052;Östra Göteborg, Gärdsmosse;Män;Ej svenska medborgare;50-64;31
2018;rf;14803052;Östra Göteborg, Gärdsmosse;Kvinnor;Ej svenska medborgare;50-64;23
2018;rf;14803052;Östra Göteborg, Gärdsmosse;Män;Svenska medborgare;65-;73
2018;rf;14803052;Östra Göteborg, Gärdsmosse;Kvinnor;Svenska medborgare;65-;113
2018;rf;14803052;Östra Göteborg, Gärdsmosse;Män;Ej svenska medborgare;65-;16
2018;rf;14803052;Östra Göteborg, Gärdsmosse;Kvinnor;Ej svenska medborgare;65-;13
2018;rf;14803053;Östra Göteborg, Gärdsås;Män;Svenska medborgare;18-29 förstagångsväljare;37
2018;rf;14803053;Östra Göteborg, Gärdsås;Kvinnor;Svenska medborgare;18-29 förstagångsväljare;21
2018;rf;14803053;Östra Göteborg, Gärdsås;Män;Ej svenska medborgare;18-29 förstagångsväljare;5
2018;rf;14803053;Östra Göteborg, Gärdsås;Kvinnor;Ej svenska medborgare;18-29 förstagångsväljare;3
2018;rf;14803053;Östra Göteborg, Gärdsås;Män;Svenska medborgare;18-29 ej förstagångsväljare;52
2018;rf;14803053;Östra Göteborg, Gärdsås;Kvinnor;Svenska medborgare;18-29 ej förstagångsväljare;78
2018;rf;14803053;Östra Göteborg, Gärdsås;Män;Ej svenska medborgare;18-29 ej förstagångsväljare;12
2018;rf;14803053;Östra Göteborg, Gärdsås;Kvinnor;Ej svenska medborgare;18-29 ej förstagångsväljare;13
2018;rf;14803053;Östra Göteborg, Gärdsås;Män;Svenska medborgare;30-49;140
2018;rf;14803053;Östra Göteborg, Gärdsås;Kvinnor;Svenska medborgare;30-49;124
2018;rf;14803053;Östra Göteborg, Gärdsås;Män;Ej svenska medborgare;30-49;32
2018;rf;14803053;Östra Göteborg, Gärdsås;Kvinnor;Ej svenska medborgare;30-49;33
2018;rf;14803053;Östra Göteborg, Gärdsås;Män;Svenska medborgare;50-64;130
2018;rf;14803053;Östra Göteborg, Gärdsås;Kvinnor;Svenska medborgare;50-64;124
2018;rf;14803053;Östra Göteborg, Gärdsås;Män;Ej svenska medborgare;50-64;14
2018;rf;14803053;Östra Göteborg, Gärdsås;Kvinnor;Ej svenska medborgare;50-64;15
2018;rf;14803053;Östra Göteborg, Gärdsås;Män;Svenska medborgare;65-;96
2018;rf;14803053;Östra Göteborg, Gärdsås;Kvinnor;Svenska medborgare;65-;96
2018;rf;14803053;Östra Göteborg, Gärdsås;Män;Ej svenska medborgare;65-;6
2018;rf;14803053;Östra Göteborg, Gärdsås;Kvinnor;Ej svenska medborgare;65-;8
2018;rf;14803054;Östra Göteborg, Siriusgatan;Män;Svenska medborgare;18-29 förstagångsväljare;66
2018;rf;14803054;Östra Göteborg, Siriusgatan;Kvinnor;Svenska medborgare;18-29 förstagångsväljare;54
2018;rf;14803054;Östra Göteborg, Siriusgatan;Män;Ej svenska medborgare;18-29 förstagångsväljare;12
2018;rf;14803054;Östra Göteborg, Siriusgatan;Kvinnor;Ej svenska medborgare;18-29 förstagångsväljare;20
2018;rf;14803054;Östra Göteborg, Siriusgatan;Män;Svenska medborgare;18-29 ej förstagångsväljare;110
2018;rf;14803054;Östra Göteborg, Siriusgatan;Kvinnor;Svenska medborgare;18-29 ej förstagångsväljare;128
2018;rf;14803054;Östra Göteborg, Siriusgatan;Män;Ej svenska medborgare;18-29 ej förstagångsväljare;66
2018;rf;14803054;Östra Göteborg, Siriusgatan;Kvinnor;Ej svenska medborgare;18-29 ej förstagångsväljare;41
2018;rf;14803054;Östra Göteborg, Siriusgatan;Män;Svenska medborgare;30-49;322
2018;rf;14803054;Östra Göteborg, Siriusgatan;Kvinnor;Svenska medborgare;30-49;332
2018;rf;14803054;Östra Göteborg, Siriusgatan;Män;Ej svenska medborgare;30-49;146
2018;rf;14803054;Östra Göteborg, Siriusgatan;Kvinnor;Ej svenska medborgare;30-49;86
2018;rf;14803054;Östra Göteborg, Siriusgatan;Män;Svenska medborgare;50-64;186
2018;rf;14803054;Östra Göteborg, Siriusgatan;Kvinnor;Svenska medborgare;50-64;136
2018;rf;14803054;Östra Göteborg, Siriusgatan;Män;Ej svenska medborgare;50-64;28
2018;rf;14803054;Östra Göteborg, Siriusgatan;Kvinnor;Ej svenska medborgare;50-64;24
2018;rf;14803054;Östra Göteborg, Siriusgatan;Män;Svenska medborgare;65-;107
2018;rf;14803054;Östra Göteborg, Siriusgatan;Kvinnor;Svenska medborgare;65-;101
2018;rf;14803054;Östra Göteborg, Siriusgatan;Män;Ej svenska medborgare;65-;17
2018;rf;14803054;Östra Göteborg, Siriusgatan;Kvinnor;Ej svenska medborgare;65-;23
2018;rf;14803061;Östra Göteborg, Bergsjön, Södra;Män;Svenska medborgare;18-29 förstagångsväljare;68
2018;rf;14803061;Östra Göteborg, Bergsjön, Södra;Kvinnor;Svenska medborgare;18-29 förstagångsväljare;59
2018;rf;14803061;Östra Göteborg, Bergsjön, Södra;Män;Ej svenska medborgare;18-29 förstagångsväljare;15
2018;rf;14803061;Östra Göteborg, Bergsjön, Södra;Kvinnor;Ej svenska medborgare;18-29 förstagångsväljare;9
2018;rf;14803061;Östra Göteborg, Bergsjön, Södra;Män;Svenska medborgare;18-29 ej förstagångsväljare;104
2018;rf;14803061;Östra Göteborg, Bergsjön, Södra;Kvinnor;Svenska medborgare;18-29 ej förstagångsväljare;98
2018;rf;14803061;Östra Göteborg, Bergsjön, Södra;Män;Ej svenska medborgare;18-29 ej förstagångsväljare;45
2018;rf;14803061;Östra Göteborg, Bergsjön, Södra;Kvinnor;Ej svenska medborgare;18-29 ej förstagångsväljare;42
2018;rf;14803061;Östra Göteborg, Bergsjön, Södra;Män;Svenska medborgare;30-49;192
2018;rf;14803061;Östra Göteborg, Bergsjön, Södra;Kvinnor;Svenska medborgare;30-49;235
2018;rf;14803061;Östra Göteborg, Bergsjön, Södra;Män;Ej svenska medborgare;30-49;134
2018;rf;14803061;Östra Göteborg, Bergsjön, Södra;Kvinnor;Ej svenska medborgare;30-49;82
2018;rf;14803061;Östra Göteborg, Bergsjön, Södra;Män;Svenska medborgare;50-64;153
2018;rf;14803061;Östra Göteborg, Bergsjön, Södra;Kvinnor;Svenska medborgare;50-64;146
2018;rf;14803061;Östra Göteborg, Bergsjön, Södra;Män;Ej svenska medborgare;50-64;33
2018;rf;14803061;Östra Göteborg, Bergsjön, Södra;Kvinnor;Ej svenska medborgare;50-64;22
2018;rf;14803061;Östra Göteborg, Bergsjön, Södra;Män;Svenska medborgare;65-;83
2018;rf;14803061;Östra Göteborg, Bergsjön, Södra;Kvinnor;Svenska medborgare;65-;99
2018;rf;14803061;Östra Göteborg, Bergsjön, Södra;Män;Ej svenska medborgare;65-;11
2018;rf;14803061;Östra Göteborg, Bergsjön, Södra;Kvinnor;Ej svenska medborgare;65-;13
2018;rf;14803062;Östra Göteborg, Bergsjön, Östra;Män;Svenska medborgare;18-29 förstagångsväljare;77
2018;rf;14803062;Östra Göteborg, Bergsjön, Östra;Kvinnor;Svenska medborgare;18-29 förstagångsväljare;77
2018;rf;14803062;Östra Göteborg, Bergsjön, Östra;Män;Ej svenska medborgare;18-29 förstagångsväljare;24
2018;rf;14803062;Östra Göteborg, Bergsjön, Östra;Kvinnor;Ej svenska medborgare;18-29 förstagångsväljare;17
2018;rf;14803062;Östra Göteborg, Bergsjön, Östra;Män;Svenska medborgare;18-29 ej förstagångsväljare;90
2018;rf;14803062;Östra Göteborg, Bergsjön, Östra;Kvinnor;Svenska medborgare;18-29 ej förstagångsväljare;93
2018;rf;14803062;Östra Göteborg, Bergsjön, Östra;Män;Ej svenska medborgare;18-29 ej förstagångsväljare;40
2018;rf;14803062;Östra Göteborg, Bergsjön, Östra;Kvinnor;Ej svenska medborgare;18-29 ej förstagångsväljare;33
2018;rf;14803062;Östra Göteborg, Bergsjön, Östra;Män;Svenska medborgare;30-49;200
2018;rf;14803062;Östra Göteborg, Bergsjön, Östra;Kvinnor;Svenska medborgare;30-49;279
2018;rf;14803062;Östra Göteborg, Bergsjön, Östra;Män;Ej svenska medborgare;30-49;147
2018;rf;14803062;Östra Göteborg, Bergsjön, Östra;Kvinnor;Ej svenska medborgare;30-49;106
2018;rf;14803062;Östra Göteborg, Bergsjön, Östra;Män;Svenska medborgare;50-64;133
2018;rf;14803062;Östra Göteborg, Bergsjön, Östra;Kvinnor;Svenska medborgare;50-64;138
2018;rf;14803062;Östra Göteborg, Bergsjön, Östra;Män;Ej svenska medborgare;50-64;40
2018;rf;14803062;Östra Göteborg, Bergsjön, Östra;Kvinnor;Ej svenska medborgare;50-64;30
2018;rf;14803062;Östra Göteborg, Bergsjön, Östra;Män;Svenska medborgare;65-;51
2018;rf;14803062;Östra Göteborg, Bergsjön, Östra;Kvinnor;Svenska medborgare;65-;67
2018;rf;14803062;Östra Göteborg, Bergsjön, Östra;Män;Ej svenska medborgare;65-;12
2018;rf;14803062;Östra Göteborg, Bergsjön, Östra;Kvinnor;Ej svenska medborgare;65-;15
2018;rf;14803063;Östra Göteborg, Komettorget;Män;Svenska medborgare;18-29 förstagångsväljare;33
2018;rf;14803063;Östra Göteborg, Komettorget;Kvinnor;Svenska medborgare;18-29 förstagångsväljare;40
2018;rf;14803063;Östra Göteborg, Komettorget;Män;Ej svenska medborgare;18-29 förstagångsväljare;6
2018;rf;14803063;Östra Göteborg, Komettorget;Kvinnor;Ej svenska medborgare;18-29 förstagångsväljare;6
2018;rf;14803063;Östra Göteborg, Komettorget;Män;Svenska medborgare;18-29 ej förstagångsväljare;87
2018;rf;14803063;Östra Göteborg, Komettorget;Kvinnor;Svenska medborgare;18-29 ej förstagångsväljare;78
2018;rf;14803063;Östra Göteborg, Komettorget;Män;Ej svenska medborgare;18-29 ej förstagångsväljare;14
2018;rf;14803063;Östra Göteborg, Komettorget;Kvinnor;Ej svenska medborgare;18-29 ej förstagångsväljare;16
2018;rf;14803063;Östra Göteborg, Komettorget;Män;Svenska medborgare;30-49;153
2018;rf;14803063;Östra Göteborg, Komettorget;Kvinnor;Svenska medborgare;30-49;143
2018;rf;14803063;Östra Göteborg, Komettorget;Män;Ej svenska medborgare;30-49;73
2018;rf;14803063;Östra Göteborg, Komettorget;Kvinnor;Ej svenska medborgare;30-49;32
2018;rf;14803063;Östra Göteborg, Komettorget;Män;Svenska medborgare;50-64;99
2018;rf;14803063;Östra Göteborg, Komettorget;Kvinnor;Svenska medborgare;50-64;108
2018;rf;14803063;Östra Göteborg, Komettorget;Män;Ej svenska medborgare;50-64;16
2018;rf;14803063;Östra Göteborg, Komettorget;Kvinnor;Ej svenska medborgare;50-64;16
2018;rf;14803063;Östra Göteborg, Komettorget;Män;Svenska medborgare;65-;94
2018;rf;14803063;Östra Göteborg, Komettorget;Kvinnor;Svenska medborgare;65-;93
2018;rf;14803063;Östra Göteborg, Komettorget;Män;Ej svenska medborgare;65-;9
2018;rf;14803063;Östra Göteborg, Komettorget;Kvinnor;Ej svenska medborgare;65-;8
2018;rf;14803064;Östra Göteborg, Rymdtorget;Män;Svenska medborgare;18-29 förstagångsväljare;42
2018;rf;14803064;Östra Göteborg, Rymdtorget;Kvinnor;Svenska medborgare;18-29 förstagångsväljare;22
2018;rf;14803064;Östra Göteborg, Rymdtorget;Män;Ej svenska medborgare;18-29 förstagångsväljare;14
2018;rf;14803064;Östra Göteborg, Rymdtorget;Kvinnor;Ej svenska medborgare;18-29 förstagångsväljare;6
2018;rf;14803064;Östra Göteborg, Rymdtorget;Män;Svenska medborgare;18-29 ej förstagångsväljare;89
2018;rf;14803064;Östra Göteborg, Rymdtorget;Kvinnor;Svenska medborgare;18-29 ej förstagångsväljare;106
2018;rf;14803064;Östra Göteborg, Rymdtorget;Män;Ej svenska medborgare;18-29 ej förstagångsväljare;66
2018;rf;14803064;Östra Göteborg, Rymdtorget;Kvinnor;Ej svenska medborgare;18-29 ej förstagångsväljare;49
2018;rf;14803064;Östra Göteborg, Rymdtorget;Män;Svenska medborgare;30-49;262
2018;rf;14803064;Östra Göteborg, Rymdtorget;Kvinnor;Svenska medborgare;30-49;154
2018;rf;14803064;Östra Göteborg, Rymdtorget;Män;Ej svenska medborgare;30-49;184
2018;rf;14803064;Östra Göteborg, Rymdtorget;Kvinnor;Ej svenska medborgare;30-49;67
2018;rf;14803064;Östra Göteborg, Rymdtorget;Män;Svenska medborgare;50-64;168
2018;rf;14803064;Östra Göteborg, Rymdtorget;Kvinnor;Svenska medborgare;50-64;97
2018;rf;14803064;Östra Göteborg, Rymdtorget;Män;Ej svenska medborgare;50-64;44
2018;rf;14803064;Östra Göteborg, Rymdtorget;Kvinnor;Ej svenska medborgare;50-64;16
2018;rf;14803064;Östra Göteborg, Rymdtorget;Män;Svenska medborgare;65-;117
2018;rf;14803064;Östra Göteborg, Rymdtorget;Kvinnor;Svenska medborgare;65-;87
2018;rf;14803064;Östra Göteborg, Rymdtorget;Män;Ej svenska medborgare;65-;28
2018;rf;14803064;Östra Göteborg, Rymdtorget;Kvinnor;Ej svenska medborgare;65-;18
2018;rf;14804021;Lundby, Bjurslätt, Södra;Män;Svenska medborgare;18-29 förstagångsväljare;57
2018;rf;14804021;Lundby, Bjurslätt, Södra;Kvinnor;Svenska medborgare;18-29 förstagångsväljare;44
2018;rf;14804021;Lundby, Bjurslätt, Södra;Män;Ej svenska medborgare;18-29 förstagångsväljare;3
2018;rf;14804021;Lundby, Bjurslätt, Södra;Kvinnor;Ej svenska medborgare;18-29 förstagångsväljare;6
2018;rf;14804021;Lundby, Bjurslätt, Södra;Män;Svenska medborgare;18-29 ej förstagångsväljare;97
2018;rf;14804021;Lundby, Bjurslätt, Södra;Kvinnor;Svenska medborgare;18-29 ej förstagångsväljare;123
2018;rf;14804021;Lundby, Bjurslätt, Södra;Män;Ej svenska medborgare;18-29 ej förstagångsväljare;25
2018;rf;14804021;Lundby, Bjurslätt, Södra;Kvinnor;Ej svenska medborgare;18-29 ej förstagångsväljare;15
2018;rf;14804021;Lundby, Bjurslätt, Södra;Män;Svenska medborgare;30-49;229
2018;rf;14804021;Lundby, Bjurslätt, Södra;Kvinnor;Svenska medborgare;30-49;259
2018;rf;14804021;Lundby, Bjurslätt, Södra;Män;Ej svenska medborgare;30-49;52
2018;rf;14804021;Lundby, Bjurslätt, Södra;Kvinnor;Ej svenska medborgare;30-49;39
2018;rf;14804021;Lundby, Bjurslätt, Södra;Män;Svenska medborgare;50-64;148
2018;rf;14804021;Lundby, Bjurslätt, Södra;Kvinnor;Svenska medborgare;50-64;142
2018;rf;14804021;Lundby, Bjurslätt, Södra;Män;Ej svenska medborgare;50-64;15
2018;rf;14804021;Lundby, Bjurslätt, Södra;Kvinnor;Ej svenska medborgare;50-64;7
2018;rf;14804021;Lundby, Bjurslätt, Södra;Män;Svenska medborgare;65-;74
2018;rf;14804021;Lundby, Bjurslätt, Södra;Kvinnor;Svenska medborgare;65-;84
2018;rf;14804021;Lundby, Bjurslätt, Södra;Män;Ej svenska medborgare;65-;10
2018;rf;14804021;Lundby, Bjurslätt, Södra;Kvinnor;Ej svenska medborgare;65-;12
2018;rf;14804022;Lundby, Flunsås;Män;Svenska medborgare;18-29 förstagångsväljare;18
2018;rf;14804022;Lundby, Flunsås;Kvinnor;Svenska medborgare;18-29 förstagångsväljare;12
2018;rf;14804022;Lundby, Flunsås;Män;Ej svenska medborgare;18-29 förstagångsväljare;2
2018;rf;14804022;Lundby, Flunsås;Kvinnor;Ej svenska medborgare;18-29 förstagångsväljare;0
2018;rf;14804022;Lundby, Flunsås;Män;Svenska medborgare;18-29 ej förstagångsväljare;161
2018;rf;14804022;Lundby, Flunsås;Kvinnor;Svenska medborgare;18-29 ej förstagångsväljare;186
2018;rf;14804022;Lundby, Flunsås;Män;Ej svenska medborgare;18-29 ej förstagångsväljare;13
2018;rf;14804022;Lundby, Flunsås;Kvinnor;Ej svenska medborgare;18-29 ej förstagångsväljare;15
2018;rf;14804022;Lundby, Flunsås;Män;Svenska medborgare;30-49;291
2018;rf;14804022;Lundby, Flunsås;Kvinnor;Svenska medborgare;30-49;214
2018;rf;14804022;Lundby, Flunsås;Män;Ej svenska medborgare;30-49;35
2018;rf;14804022;Lundby, Flunsås;Kvinnor;Ej svenska medborgare;30-49;18
2018;rf;14804022;Lundby, Flunsås;Män;Svenska medborgare;50-64;131
2018;rf;14804022;Lundby, Flunsås;Kvinnor;Svenska medborgare;50-64;124
2018;rf;14804022;Lundby, Flunsås;Män;Ej svenska medborgare;50-64;11
2018;rf;14804022;Lundby, Flunsås;Kvinnor;Ej svenska medborgare;50-64;6
2018;rf;14804022;Lundby, Flunsås;Män;Svenska medborgare;65-;98
2018;rf;14804022;Lundby, Flunsås;Kvinnor;Svenska medborgare;65-;103
2018;rf;14804022;Lundby, Flunsås;Män;Ej svenska medborgare;65-;10
2018;rf;14804022;Lundby, Flunsås;Kvinnor;Ej svenska medborgare;65-;7
2018;rf;14804023;Lundby, Kvillebäcken, Norra;Män;Svenska medborgare;18-29 förstagångsväljare;20
2018;rf;14804023;Lundby, Kvillebäcken, Norra;Kvinnor;Svenska medborgare;18-29 förstagångsväljare;27
2018;rf;14804023;Lundby, Kvillebäcken, Norra;Män;Ej svenska medborgare;18-29 förstagångsväljare;3
2018;rf;14804023;Lundby, Kvillebäcken, Norra;Kvinnor;Ej svenska medborgare;18-29 förstagångsväljare;3
2018;rf;14804023;Lundby, Kvillebäcken, Norra;Män;Svenska medborgare;18-29 ej förstagångsväljare;151
2018;rf;14804023;Lundby, Kvillebäcken, Norra;Kvinnor;Svenska medborgare;18-29 ej förstagångsväljare;172
2018;rf;14804023;Lundby, Kvillebäcken, Norra;Män;Ej svenska medborgare;18-29 ej förstagångsväljare;14
2018;rf;14804023;Lundby, Kvillebäcken, Norra;Kvinnor;Ej svenska medborgare;18-29 ej förstagångsväljare;11
2018;rf;14804023;Lundby, Kvillebäcken, Norra;Män;Svenska medborgare;30-49;277
2018;rf;14804023;Lundby, Kvillebäcken, Norra;Kvinnor;Svenska medborgare;30-49;209
2018;rf;14804023;Lundby, Kvillebäcken, Norra;Män;Ej svenska medborgare;30-49;29
2018;rf;14804023;Lundby, Kvillebäcken, Norra;Kvinnor;Ej svenska medborgare;30-49;26
2018;rf;14804023;Lundby, Kvillebäcken, Norra;Män;Svenska medborgare;50-64;123
2018;rf;14804023;Lundby, Kvillebäcken, Norra;Kvinnor;Svenska medborgare;50-64;96
2018;rf;14804023;Lundby, Kvillebäcken, Norra;Män;Ej svenska medborgare;50-64;10
2018;rf;14804023;Lundby, Kvillebäcken, Norra;Kvinnor;Ej svenska medborgare;50-64;5
2018;rf;14804023;Lundby, Kvillebäcken, Norra;Män;Svenska medborgare;65-;116
2018;rf;14804023;Lundby, Kvillebäcken, Norra;Kvinnor;Svenska medborgare;65-;166
2018;rf;14804023;Lundby, Kvillebäcken, Norra;Män;Ej svenska medborgare;65-;11
2018;rf;14804023;Lundby, Kvillebäcken, Norra;Kvinnor;Ej svenska medborgare;65-;9
2018;rf;14804024;Lundby, Kvillebäcken, Södra;Män;Svenska medborgare;18-29 förstagångsväljare;19
2018;rf;14804024;Lundby, Kvillebäcken, Södra;Kvinnor;Svenska medborgare;18-29 förstagångsväljare;19
2018;rf;14804024;Lundby, Kvillebäcken, Södra;Män;Ej svenska medborgare;18-29 förstagångsväljare;2
2018;rf;14804024;Lundby, Kvillebäcken, Södra;Kvinnor;Ej svenska medborgare;18-29 förstagångsväljare;2
2018;rf;14804024;Lundby, Kvillebäcken, Södra;Män;Svenska medborgare;18-29 ej förstagångsväljare;188
2018;rf;14804024;Lundby, Kvillebäcken, Södra;Kvinnor;Svenska medborgare;18-29 ej förstagångsväljare;215
2018;rf;14804024;Lundby, Kvillebäcken, Södra;Män;Ej svenska medborgare;18-29 ej förstagångsväljare;13
2018;rf;14804024;Lundby, Kvillebäcken, Södra;Kvinnor;Ej svenska medborgare;18-29 ej förstagångsväljare;13
2018;rf;14804024;Lundby, Kvillebäcken, Södra;Män;Svenska medborgare;30-49;286
2018;rf;14804024;Lundby, Kvillebäcken, Södra;Kvinnor;Svenska medborgare;30-49;228
2018;rf;14804024;Lundby, Kvillebäcken, Södra;Män;Ej svenska medborgare;30-49;43
2018;rf;14804024;Lundby, Kvillebäcken, Södra;Kvinnor;Ej svenska medborgare;30-49;25
2018;rf;14804024;Lundby, Kvillebäcken, Södra;Män;Svenska medborgare;50-64;93
2018;rf;14804024;Lundby, Kvillebäcken, Södra;Kvinnor;Svenska medborgare;50-64;91
2018;rf;14804024;Lundby, Kvillebäcken, Södra;Män;Ej svenska medborgare;50-64;6
2018;rf;14804024;Lundby, Kvillebäcken, Södra;Kvinnor;Ej svenska medborgare;50-64;5
2018;rf;14804024;Lundby, Kvillebäcken, Södra;Män;Svenska medborgare;65-;49
2018;rf;14804024;Lundby, Kvillebäcken, Södra;Kvinnor;Svenska medborgare;65-;65
2018;rf;14804024;Lundby, Kvillebäcken, Södra;Män;Ej svenska medborgare;65-;2
2018;rf;14804024;Lundby, Kvillebäcken, Södra;Kvinnor;Ej svenska medborgare;65-;5
2018;rf;14804025;Lundby, Kvillebäcken, Östra;Män;Svenska medborgare;18-29 förstagångsväljare;7
2018;rf;14804025;Lundby, Kvillebäcken, Östra;Kvinnor;Svenska medborgare;18-29 förstagångsväljare;22
2018;rf;14804025;Lundby, Kvillebäcken, Östra;Män;Ej svenska medborgare;18-29 förstagångsväljare;3
2018;rf;14804025;Lundby, Kvillebäcken, Östra;Kvinnor;Ej svenska medborgare;18-29 förstagångsväljare;1
2018;rf;14804025;Lundby, Kvillebäcken, Östra;Män;Svenska medborgare;18-29 ej förstagångsväljare;257
2018;rf;14804025;Lundby, Kvillebäcken, Östra;Kvinnor;Svenska medborgare;18-29 ej förstagångsväljare;254
2018;rf;14804025;Lundby, Kvillebäcken, Östra;Män;Ej svenska medborgare;18-29 ej förstagångsväljare;22
2018;rf;14804025;Lundby, Kvillebäcken, Östra;Kvinnor;Ej svenska medborgare;18-29 ej förstagångsväljare;25
2018;rf;14804025;Lundby, Kvillebäcken, Östra;Män;Svenska medborgare;30-49;250
2018;rf;14804025;Lundby, Kvillebäcken, Östra;Kvinnor;Svenska medborgare;30-49;161
2018;rf;14804025;Lundby, Kvillebäcken, Östra;Män;Ej svenska medborgare;30-49;45
2018;rf;14804025;Lundby, Kvillebäcken, Östra;Kvinnor;Ej svenska medborgare;30-49;46
2018;rf;14804025;Lundby, Kvillebäcken, Östra;Män;Svenska medborgare;50-64;56
2018;rf;14804025;Lundby, Kvillebäcken, Östra;Kvinnor;Svenska medborgare;50-64;48
2018;rf;14804025;Lundby, Kvillebäcken, Östra;Män;Ej svenska medborgare;50-64;5
2018;rf;14804025;Lundby, Kvillebäcken, Östra;Kvinnor;Ej svenska medborgare;50-64;4
2018;rf;14804025;Lundby, Kvillebäcken, Östra;Män;Svenska medborgare;65-;14
2018;rf;14804025;Lundby, Kvillebäcken, Östra;Kvinnor;Svenska medborgare;65-;23
2018;rf;14804025;Lundby, Kvillebäcken, Östra;Män;Ej svenska medborgare;65-;1
2018;rf;14804025;Lundby, Kvillebäcken, Östra;Kvinnor;Ej svenska medborgare;65-;0
2018;rf;14804026;Lundby, Penselgatan m fl;Män;Svenska medborgare;18-29 förstagångsväljare;9
2018;rf;14804026;Lundby, Penselgatan m fl;Kvinnor;Svenska medborgare;18-29 förstagångsväljare;18
2018;rf;14804026;Lundby, Penselgatan m fl;Män;Ej svenska medborgare;18-29 förstagångsväljare;0
2018;rf;14804026;Lundby, Penselgatan m fl;Kvinnor;Ej svenska medborgare;18-29 förstagångsväljare;1
2018;rf;14804026;Lundby, Penselgatan m fl;Män;Svenska medborgare;18-29 ej förstagångsväljare;206
2018;rf;14804026;Lundby, Penselgatan m fl;Kvinnor;Svenska medborgare;18-29 ej förstagångsväljare;215
2018;rf;14804026;Lundby, Penselgatan m fl;Män;Ej svenska medborgare;18-29 ej förstagångsväljare;12
2018;rf;14804026;Lundby, Penselgatan m fl;Kvinnor;Ej svenska medborgare;18-29 ej förstagångsväljare;12
2018;rf;14804026;Lundby, Penselgatan m fl;Män;Svenska medborgare;30-49;299
2018;rf;14804026;Lundby, Penselgatan m fl;Kvinnor;Svenska medborgare;30-49;211
2018;rf;14804026;Lundby, Penselgatan m fl;Män;Ej svenska medborgare;30-49;57
2018;rf;14804026;Lundby, Penselgatan m fl;Kvinnor;Ej svenska medborgare;30-49;36
2018;rf;14804026;Lundby, Penselgatan m fl;Män;Svenska medborgare;50-64;79
2018;rf;14804026;Lundby, Penselgatan m fl;Kvinnor;Svenska medborgare;50-64;92
2018;rf;14804026;Lundby, Penselgatan m fl;Män;Ej svenska medborgare;50-64;9
2018;rf;14804026;Lundby, Penselgatan m fl;Kvinnor;Ej svenska medborgare;50-64;2
2018;rf;14804026;Lundby, Penselgatan m fl;Män;Svenska medborgare;65-;39
2018;rf;14804026;Lundby, Penselgatan m fl;Kvinnor;Svenska medborgare;65-;40
2018;rf;14804026;Lundby, Penselgatan m fl;Män;Ej svenska medborgare;65-;1
2018;rf;14804026;Lundby, Penselgatan m fl;Kvinnor;Ej svenska medborgare;65-;3
2018;rf;14804027;Lundby, Wieselgrensplatsen;Män;Svenska medborgare;18-29 förstagångsväljare;17
2018;rf;14804027;Lundby, Wieselgrensplatsen;Kvinnor;Svenska medborgare;18-29 förstagångsväljare;28
2018;rf;14804027;Lundby, Wieselgrensplatsen;Män;Ej svenska medborgare;18-29 förstagångsväljare;1
2018;rf;14804027;Lundby, Wieselgrensplatsen;Kvinnor;Ej svenska medborgare;18-29 förstagångsväljare;4
2018;rf;14804027;Lundby, Wieselgrensplatsen;Män;Svenska medborgare;18-29 ej förstagångsväljare;160
2018;rf;14804027;Lundby, Wieselgrensplatsen;Kvinnor;Svenska medborgare;18-29 ej förstagångsväljare;185
2018;rf;14804027;Lundby, Wieselgrensplatsen;Män;Ej svenska medborgare;18-29 ej förstagångsväljare;22
2018;rf;14804027;Lundby, Wieselgrensplatsen;Kvinnor;Ej svenska medborgare;18-29 ej förstagångsväljare;19
2018;rf;14804027;Lundby, Wieselgrensplatsen;Män;Svenska medborgare;30-49;302
2018;rf;14804027;Lundby, Wieselgrensplatsen;Kvinnor;Svenska medborgare;30-49;254
2018;rf;14804027;Lundby, Wieselgrensplatsen;Män;Ej svenska medborgare;30-49;43
2018;rf;14804027;Lundby, Wieselgrensplatsen;Kvinnor;Ej svenska medborgare;30-49;35
2018;rf;14804027;Lundby, Wieselgrensplatsen;Män;Svenska medborgare;50-64;119
2018;rf;14804027;Lundby, Wieselgrensplatsen;Kvinnor;Svenska medborgare;50-64;135
2018;rf;14804027;Lundby, Wieselgrensplatsen;Män;Ej svenska medborgare;50-64;14
2018;rf;14804027;Lundby, Wieselgrensplatsen;Kvinnor;Ej svenska medborgare;50-64;10
2018;rf;14804027;Lundby, Wieselgrensplatsen;Män;Svenska medborgare;65-;129
2018;rf;14804027;Lundby, Wieselgrensplatsen;Kvinnor;Svenska medborgare;65-;192
2018;rf;14804027;Lundby, Wieselgrensplatsen;Män;Ej svenska medborgare;65-;6
2018;rf;14804027;Lundby, Wieselgrensplatsen;Kvinnor;Ej svenska medborgare;65-;12
2018;rf;14804028;Lundby, Vågmästarplatsen;Män;Svenska medborgare;18-29 förstagångsväljare;4
2018;rf;14804028;Lundby, Vågmästarplatsen;Kvinnor;Svenska medborgare;18-29 förstagångsväljare;10
2018;rf;14804028;Lundby, Vågmästarplatsen;Män;Ej svenska medborgare;18-29 förstagångsväljare;1
2018;rf;14804028;Lundby, Vågmästarplatsen;Kvinnor;Ej svenska medborgare;18-29 förstagångsväljare;0
2018;rf;14804028;Lundby, Vågmästarplatsen;Män;Svenska medborgare;18-29 ej förstagångsväljare;127
2018;rf;14804028;Lundby, Vågmästarplatsen;Kvinnor;Svenska medborgare;18-29 ej förstagångsväljare;112
2018;rf;14804028;Lundby, Vågmästarplatsen;Män;Ej svenska medborgare;18-29 ej förstagångsväljare;5
2018;rf;14804028;Lundby, Vågmästarplatsen;Kvinnor;Ej svenska medborgare;18-29 ej förstagångsväljare;12
2018;rf;14804028;Lundby, Vågmästarplatsen;Män;Svenska medborgare;30-49;80
2018;rf;14804028;Lundby, Vågmästarplatsen;Kvinnor;Svenska medborgare;30-49;47
2018;rf;14804028;Lundby, Vågmästarplatsen;Män;Ej svenska medborgare;30-49;9
2018;rf;14804028;Lundby, Vågmästarplatsen;Kvinnor;Ej svenska medborgare;30-49;8
2018;rf;14804028;Lundby, Vågmästarplatsen;Män;Svenska medborgare;50-64;19
2018;rf;14804028;Lundby, Vågmästarplatsen;Kvinnor;Svenska medborgare;50-64;18
2018;rf;14804028;Lundby, Vågmästarplatsen;Män;Ej svenska medborgare;50-64;2
2018;rf;14804028;Lundby, Vågmästarplatsen;Kvinnor;Ej svenska medborgare;50-64;0
2018;rf;14804028;Lundby, Vågmästarplatsen;Män;Svenska medborgare;65-;2
2018;rf;14804028;Lundby, Vågmästarplatsen;Kvinnor;Svenska medborgare;65-;2
2018;rf;14804028;Lundby, Vågmästarplatsen;Män;Ej svenska medborgare;65-;0
2018;rf;14804028;Lundby, Vågmästarplatsen;Kvinnor;Ej svenska medborgare;65-;0
2018;rf;14804031;Lundby, Bjurslätt, Norra;Män;Svenska medborgare;18-29 förstagångsväljare;21
2018;rf;14804031;Lundby, Bjurslätt, Norra;Kvinnor;Svenska medborgare;18-29 förstagångsväljare;21
2018;rf;14804031;Lundby, Bjurslätt, Norra;Män;Ej svenska medborgare;18-29 förstagångsväljare;0
2018;rf;14804031;Lundby, Bjurslätt, Norra;Kvinnor;Ej svenska medborgare;18-29 förstagångsväljare;2
2018;rf;14804031;Lundby, Bjurslätt, Norra;Män;Svenska medborgare;18-29 ej förstagångsväljare;106
2018;rf;14804031;Lundby, Bjurslätt, Norra;Kvinnor;Svenska medborgare;18-29 ej förstagångsväljare;125
2018;rf;14804031;Lundby, Bjurslätt, Norra;Män;Ej svenska medborgare;18-29 ej förstagångsväljare;11
2018;rf;14804031;Lundby, Bjurslätt, Norra;Kvinnor;Ej svenska medborgare;18-29 ej förstagångsväljare;2
2018;rf;14804031;Lundby, Bjurslätt, Norra;Män;Svenska medborgare;30-49;189
2018;rf;14804031;Lundby, Bjurslätt, Norra;Kvinnor;Svenska medborgare;30-49;203
2018;rf;14804031;Lundby, Bjurslätt, Norra;Män;Ej svenska medborgare;30-49;27
2018;rf;14804031;Lundby, Bjurslätt, Norra;Kvinnor;Ej svenska medborgare;30-49;17
2018;rf;14804031;Lundby, Bjurslätt, Norra;Män;Svenska medborgare;50-64;120
2018;rf;14804031;Lundby, Bjurslätt, Norra;Kvinnor;Svenska medborgare;50-64;110
2018;rf;14804031;Lundby, Bjurslätt, Norra;Män;Ej svenska medborgare;50-64;7
2018;rf;14804031;Lundby, Bjurslätt, Norra;Kvinnor;Ej svenska medborgare;50-64;6
2018;rf;14804031;Lundby, Bjurslätt, Norra;Män;Svenska medborgare;65-;92
2018;rf;14804031;Lundby, Bjurslätt, Norra;Kvinnor;Svenska medborgare;65-;91
2018;rf;14804031;Lundby, Bjurslätt, Norra;Män;Ej svenska medborgare;65-;0
2018;rf;14804031;Lundby, Bjurslätt, Norra;Kvinnor;Ej svenska medborgare;65-;5
2018;rf;14804032;Lundby, Hilldedal;Män;Svenska medborgare;18-29 förstagångsväljare;15
2018;rf;14804032;Lundby, Hilldedal;Kvinnor;Svenska medborgare;18-29 förstagångsväljare;34
2018;rf;14804032;Lundby, Hilldedal;Män;Ej svenska medborgare;18-29 förstagångsväljare;1
2018;rf;14804032;Lundby, Hilldedal;Kvinnor;Ej svenska medborgare;18-29 förstagångsväljare;0
2018;rf;14804032;Lundby, Hilldedal;Män;Svenska medborgare;18-29 ej förstagångsväljare;121
2018;rf;14804032;Lundby, Hilldedal;Kvinnor;Svenska medborgare;18-29 ej förstagångsväljare;127
2018;rf;14804032;Lundby, Hilldedal;Män;Ej svenska medborgare;18-29 ej förstagångsväljare;15
2018;rf;14804032;Lundby, Hilldedal;Kvinnor;Ej svenska medborgare;18-29 ej förstagångsväljare;13
2018;rf;14804032;Lundby, Hilldedal;Män;Svenska medborgare;30-49;237
2018;rf;14804032;Lundby, Hilldedal;Kvinnor;Svenska medborgare;30-49;234
2018;rf;14804032;Lundby, Hilldedal;Män;Ej svenska medborgare;30-49;38
2018;rf;14804032;Lundby, Hilldedal;Kvinnor;Ej svenska medborgare;30-49;35
2018;rf;14804032;Lundby, Hilldedal;Män;Svenska medborgare;50-64;135
2018;rf;14804032;Lundby, Hilldedal;Kvinnor;Svenska medborgare;50-64;106
2018;rf;14804032;Lundby, Hilldedal;Män;Ej svenska medborgare;50-64;5
2018;rf;14804032;Lundby, Hilldedal;Kvinnor;Ej svenska medborgare;50-64;7
2018;rf;14804032;Lundby, Hilldedal;Män;Svenska medborgare;65-;93
2018;rf;14804032;Lundby, Hilldedal;Kvinnor;Svenska medborgare;65-;93
2018;rf;14804032;Lundby, Hilldedal;Män;Ej svenska medborgare;65-;4
2018;rf;14804032;Lundby, Hilldedal;Kvinnor;Ej svenska medborgare;65-;4
2018;rf;14804033;Lundby, Slätta Damm;Män;Svenska medborgare;18-29 förstagångsväljare;6
2018;rf;14804033;Lundby, Slätta Damm;Kvinnor;Svenska medborgare;18-29 förstagångsväljare;12
2018;rf;14804033;Lundby, Slätta Damm;Män;Ej svenska medborgare;18-29 förstagångsväljare;1
2018;rf;14804033;Lundby, Slätta Damm;Kvinnor;Ej svenska medborgare;18-29 förstagångsväljare;2
2018;rf;14804033;Lundby, Slätta Damm;Män;Svenska medborgare;18-29 ej förstagångsväljare;125
2018;rf;14804033;Lundby, Slätta Damm;Kvinnor;Svenska medborgare;18-29 ej förstagångsväljare;149
2018;rf;14804033;Lundby, Slätta Damm;Män;Ej svenska medborgare;18-29 ej förstagångsväljare;8
2018;rf;14804033;Lundby, Slätta Damm;Kvinnor;Ej svenska medborgare;18-29 ej förstagångsväljare;8
2018;rf;14804033;Lundby, Slätta Damm;Män;Svenska medborgare;30-49;174
2018;rf;14804033;Lundby, Slätta Damm;Kvinnor;Svenska medborgare;30-49;132
2018;rf;14804033;Lundby, Slätta Damm;Män;Ej svenska medborgare;30-49;17
2018;rf;14804033;Lundby, Slätta Damm;Kvinnor;Ej svenska medborgare;30-49;16
2018;rf;14804033;Lundby, Slätta Damm;Män;Svenska medborgare;50-64;76
2018;rf;14804033;Lundby, Slätta Damm;Kvinnor;Svenska medborgare;50-64;81
2018;rf;14804033;Lundby, Slätta Damm;Män;Ej svenska medborgare;50-64;4
2018;rf;14804033;Lundby, Slätta Damm;Kvinnor;Ej svenska medborgare;50-64;3
2018;rf;14804033;Lundby, Slätta Damm;Män;Svenska medborgare;65-;67
2018;rf;14804033;Lundby, Slätta Damm;Kvinnor;Svenska medborgare;65-;80
2018;rf;14804033;Lundby, Slätta Damm;Män;Ej svenska medborgare;65-;3
2018;rf;14804033;Lundby, Slätta Damm;Kvinnor;Ej svenska medborgare;65-;2
2018;rf;14804041;Lundby, Kärrdalen;Män;Svenska medborgare;18-29 förstagångsväljare;40
2018;rf;14804041;Lundby, Kärrdalen;Kvinnor;Svenska medborgare;18-29 förstagångsväljare;36
2018;rf;14804041;Lundby, Kärrdalen;Män;Ej svenska medborgare;18-29 förstagångsväljare;2
2018;rf;14804041;Lundby, Kärrdalen;Kvinnor;Ej svenska medborgare;18-29 förstagångsväljare;1
2018;rf;14804041;Lundby, Kärrdalen;Män;Svenska medborgare;18-29 ej förstagångsväljare;68
2018;rf;14804041;Lundby, Kärrdalen;Kvinnor;Svenska medborgare;18-29 ej förstagångsväljare;51
2018;rf;14804041;Lundby, Kärrdalen;Män;Ej svenska medborgare;18-29 ej förstagångsväljare;3
2018;rf;14804041;Lundby, Kärrdalen;Kvinnor;Ej svenska medborgare;18-29 ej förstagångsväljare;6
2018;rf;14804041;Lundby, Kärrdalen;Män;Svenska medborgare;30-49;248
2018;rf;14804041;Lundby, Kärrdalen;Kvinnor;Svenska medborgare;30-49;271
2018;rf;14804041;Lundby, Kärrdalen;Män;Ej svenska medborgare;30-49;25
2018;rf;14804041;Lundby, Kärrdalen;Kvinnor;Ej svenska medborgare;30-49;15
2018;rf;14804041;Lundby, Kärrdalen;Män;Svenska medborgare;50-64;213
2018;rf;14804041;Lundby, Kärrdalen;Kvinnor;Svenska medborgare;50-64;186
2018;rf;14804041;Lundby, Kärrdalen;Män;Ej svenska medborgare;50-64;10
2018;rf;14804041;Lundby, Kärrdalen;Kvinnor;Ej svenska medborgare;50-64;8
2018;rf;14804041;Lundby, Kärrdalen;Män;Svenska medborgare;65-;150
2018;rf;14804041;Lundby, Kärrdalen;Kvinnor;Svenska medborgare;65-;144
2018;rf;14804041;Lundby, Kärrdalen;Män;Ej svenska medborgare;65-;12
2018;rf;14804041;Lundby, Kärrdalen;Kvinnor;Ej svenska medborgare;65-;7
2018;rf;14804042;Lundby, Tolered, Norra;Män;Svenska medborgare;18-29 förstagångsväljare;32
2018;rf;14804042;Lundby, Tolered, Norra;Kvinnor;Svenska medborgare;18-29 förstagångsväljare;38
2018;rf;14804042;Lundby, Tolered, Norra;Män;Ej svenska medborgare;18-29 förstagångsväljare;1
2018;rf;14804042;Lundby, Tolered, Norra;Kvinnor;Ej svenska medborgare;18-29 förstagångsväljare;0
2018;rf;14804042;Lundby, Tolered, Norra;Män;Svenska medborgare;18-29 ej förstagångsväljare;56
2018;rf;14804042;Lundby, Tolered, Norra;Kvinnor;Svenska medborgare;18-29 ej förstagångsväljare;49
2018;rf;14804042;Lundby, Tolered, Norra;Män;Ej svenska medborgare;18-29 ej förstagångsväljare;11
2018;rf;14804042;Lundby, Tolered, Norra;Kvinnor;Ej svenska medborgare;18-29 ej förstagångsväljare;3
2018;rf;14804042;Lundby, Tolered, Norra;Män;Svenska medborgare;30-49;176
2018;rf;14804042;Lundby, Tolered, Norra;Kvinnor;Svenska medborgare;30-49;199
2018;rf;14804042;Lundby, Tolered, Norra;Män;Ej svenska medborgare;30-49;23
2018;rf;14804042;Lundby, Tolered, Norra;Kvinnor;Ej svenska medborgare;30-49;12
2018;rf;14804042;Lundby, Tolered, Norra;Män;Svenska medborgare;50-64;164
2018;rf;14804042;Lundby, Tolered, Norra;Kvinnor;Svenska medborgare;50-64;160
2018;rf;14804042;Lundby, Tolered, Norra;Män;Ej svenska medborgare;50-64;10
2018;rf;14804042;Lundby, Tolered, Norra;Kvinnor;Ej svenska medborgare;50-64;9
2018;rf;14804042;Lundby, Tolered, Norra;Män;Svenska medborgare;65-;117
2018;rf;14804042;Lundby, Tolered, Norra;Kvinnor;Svenska medborgare;65-;108
2018;rf;14804042;Lundby, Tolered, Norra;Män;Ej svenska medborgare;65-;12
2018;rf;14804042;Lundby, Tolered, Norra;Kvinnor;Ej svenska medborgare;65-;6
2018;rf;14804043;Lundby, Tolered, Södra;Män;Svenska medborgare;18-29 förstagångsväljare;38
2018;rf;14804043;Lundby, Tolered, Södra;Kvinnor;Svenska medborgare;18-29 förstagångsväljare;46
2018;rf;14804043;Lundby, Tolered, Södra;Män;Ej svenska medborgare;18-29 förstagångsväljare;0
2018;rf;14804043;Lundby, Tolered, Södra;Kvinnor;Ej svenska medborgare;18-29 förstagångsväljare;2
2018;rf;14804043;Lundby, Tolered, Södra;Män;Svenska medborgare;18-29 ej förstagångsväljare;53
2018;rf;14804043;Lundby, Tolered, Södra;Kvinnor;Svenska medborgare;18-29 ej förstagångsväljare;41
2018;rf;14804043;Lundby, Tolered, Södra;Män;Ej svenska medborgare;18-29 ej förstagångsväljare;7
2018;rf;14804043;Lundby, Tolered, Södra;Kvinnor;Ej svenska medborgare;18-29 ej förstagångsväljare;2
2018;rf;14804043;Lundby, Tolered, Södra;Män;Svenska medborgare;30-49;210
2018;rf;14804043;Lundby, Tolered, Södra;Kvinnor;Svenska medborgare;30-49;227
2018;rf;14804043;Lundby, Tolered, Södra;Män;Ej svenska medborgare;30-49;23
2018;rf;14804043;Lundby, Tolered, Södra;Kvinnor;Ej svenska medborgare;30-49;18
2018;rf;14804043;Lundby, Tolered, Södra;Män;Svenska medborgare;50-64;142
2018;rf;14804043;Lundby, Tolered, Södra;Kvinnor;Svenska medborgare;50-64;137
2018;rf;14804043;Lundby, Tolered, Södra;Män;Ej svenska medborgare;50-64;3
2018;rf;14804043;Lundby, Tolered, Södra;Kvinnor;Ej svenska medborgare;50-64;3
2018;rf;14804043;Lundby, Tolered, Södra;Män;Svenska medborgare;65-;107
2018;rf;14804043;Lundby, Tolered, Södra;Kvinnor;Svenska medborgare;65-;94
2018;rf;14804043;Lundby, Tolered, Södra;Män;Ej svenska medborgare;65-;4
2018;rf;14804043;Lundby, Tolered, Södra;Kvinnor;Ej svenska medborgare;65-;6
2018;rf;14804051;Norra Hisingen, Glöstorp;Män;Svenska medborgare;18-29 förstagångsväljare;23
2018;rf;14804051;Norra Hisingen, Glöstorp;Kvinnor;Svenska medborgare;18-29 förstagångsväljare;17
2018;rf;14804051;Norra Hisingen, Glöstorp;Män;Ej svenska medborgare;18-29 förstagångsväljare;2
2018;rf;14804051;Norra Hisingen, Glöstorp;Kvinnor;Ej svenska medborgare;18-29 förstagångsväljare;1
2018;rf;14804051;Norra Hisingen, Glöstorp;Män;Svenska medborgare;18-29 ej förstagångsväljare;144
2018;rf;14804051;Norra Hisingen, Glöstorp;Kvinnor;Svenska medborgare;18-29 ej förstagångsväljare;136
2018;rf;14804051;Norra Hisingen, Glöstorp;Män;Ej svenska medborgare;18-29 ej förstagångsväljare;12
2018;rf;14804051;Norra Hisingen, Glöstorp;Kvinnor;Ej svenska medborgare;18-29 ej förstagångsväljare;8
2018;rf;14804051;Norra Hisingen, Glöstorp;Män;Svenska medborgare;30-49;188
2018;rf;14804051;Norra Hisingen, Glöstorp;Kvinnor;Svenska medborgare;30-49;143
2018;rf;14804051;Norra Hisingen, Glöstorp;Män;Ej svenska medborgare;30-49;25
2018;rf;14804051;Norra Hisingen, Glöstorp;Kvinnor;Ej svenska medborgare;30-49;27
2018;rf;14804051;Norra Hisingen, Glöstorp;Män;Svenska medborgare;50-64;106
2018;rf;14804051;Norra Hisingen, Glöstorp;Kvinnor;Svenska medborgare;50-64;122
2018;rf;14804051;Norra Hisingen, Glöstorp;Män;Ej svenska medborgare;50-64;11
2018;rf;14804051;Norra Hisingen, Glöstorp;Kvinnor;Ej svenska medborgare;50-64;7
2018;rf;14804051;Norra Hisingen, Glöstorp;Män;Svenska medborgare;65-;171
2018;rf;14804051;Norra Hisingen, Glöstorp;Kvinnor;Svenska medborgare;65-;238
2018;rf;14804051;Norra Hisingen, Glöstorp;Män;Ej svenska medborgare;65-;24
2018;rf;14804051;Norra Hisingen, Glöstorp;Kvinnor;Ej svenska medborgare;65-;20
2018;rf;14804052;Norra Hisingen, Gunnestorp;Män;Svenska medborgare;18-29 förstagångsväljare;41
2018;rf;14804052;Norra Hisingen, Gunnestorp;Kvinnor;Svenska medborgare;18-29 förstagångsväljare;38
2018;rf;14804052;Norra Hisingen, Gunnestorp;Män;Ej svenska medborgare;18-29 förstagångsväljare;0
2018;rf;14804052;Norra Hisingen, Gunnestorp;Kvinnor;Ej svenska medborgare;18-29 förstagångsväljare;3
2018;rf;14804052;Norra Hisingen, Gunnestorp;Män;Svenska medborgare;18-29 ej förstagångsväljare;64
2018;rf;14804052;Norra Hisingen, Gunnestorp;Kvinnor;Svenska medborgare;18-29 ej förstagångsväljare;57
2018;rf;14804052;Norra Hisingen, Gunnestorp;Män;Ej svenska medborgare;18-29 ej förstagångsväljare;2
2018;rf;14804052;Norra Hisingen, Gunnestorp;Kvinnor;Ej svenska medborgare;18-29 ej förstagångsväljare;3
2018;rf;14804052;Norra Hisingen, Gunnestorp;Män;Svenska medborgare;30-49;185
2018;rf;14804052;Norra Hisingen, Gunnestorp;Kvinnor;Svenska medborgare;30-49;207
2018;rf;14804052;Norra Hisingen, Gunnestorp;Män;Ej svenska medborgare;30-49;14
2018;rf;14804052;Norra Hisingen, Gunnestorp;Kvinnor;Ej svenska medborgare;30-49;9
2018;rf;14804052;Norra Hisingen, Gunnestorp;Män;Svenska medborgare;50-64;154
2018;rf;14804052;Norra Hisingen, Gunnestorp;Kvinnor;Svenska medborgare;50-64;141
2018;rf;14804052;Norra Hisingen, Gunnestorp;Män;Ej svenska medborgare;50-64;3
2018;rf;14804052;Norra Hisingen, Gunnestorp;Kvinnor;Ej svenska medborgare;50-64;2
2018;rf;14804052;Norra Hisingen, Gunnestorp;Män;Svenska medborgare;65-;118
2018;rf;14804052;Norra Hisingen, Gunnestorp;Kvinnor;Svenska medborgare;65-;141
2018;rf;14804052;Norra Hisingen, Gunnestorp;Män;Ej svenska medborgare;65-;8
2018;rf;14804052;Norra Hisingen, Gunnestorp;Kvinnor;Ej svenska medborgare;65-;8
2018;rf;14804053;Norra Hisingen, Norumshöjd;Män;Svenska medborgare;18-29 förstagångsväljare;50
2018;rf;14804053;Norra Hisingen, Norumshöjd;Kvinnor;Svenska medborgare;18-29 förstagångsväljare;49
2018;rf;14804053;Norra Hisingen, Norumshöjd;Män;Ej svenska medborgare;18-29 förstagångsväljare;6
2018;rf;14804053;Norra Hisingen, Norumshöjd;Kvinnor;Ej svenska medborgare;18-29 förstagångsväljare;9
2018;rf;14804053;Norra Hisingen, Norumshöjd;Män;Svenska medborgare;18-29 ej förstagångsväljare;102
2018;rf;14804053;Norra Hisingen, Norumshöjd;Kvinnor;Svenska medborgare;18-29 ej förstagångsväljare;118
2018;rf;14804053;Norra Hisingen, Norumshöjd;Män;Ej svenska medborgare;18-29 ej förstagångsväljare;15
2018;rf;14804053;Norra Hisingen, Norumshöjd;Kvinnor;Ej svenska medborgare;18-29 ej förstagångsväljare;10
2018;rf;14804053;Norra Hisingen, Norumshöjd;Män;Svenska medborgare;30-49;246
2018;rf;14804053;Norra Hisingen, Norumshöjd;Kvinnor;Svenska medborgare;30-49;272
2018;rf;14804053;Norra Hisingen, Norumshöjd;Män;Ej svenska medborgare;30-49;42
2018;rf;14804053;Norra Hisingen, Norumshöjd;Kvinnor;Ej svenska medborgare;30-49;47
2018;rf;14804053;Norra Hisingen, Norumshöjd;Män;Svenska medborgare;50-64;120
2018;rf;14804053;Norra Hisingen, Norumshöjd;Kvinnor;Svenska medborgare;50-64;138
2018;rf;14804053;Norra Hisingen, Norumshöjd;Män;Ej svenska medborgare;50-64;18
2018;rf;14804053;Norra Hisingen, Norumshöjd;Kvinnor;Ej svenska medborgare;50-64;14
2018;rf;14804053;Norra Hisingen, Norumshöjd;Män;Svenska medborgare;65-;76
2018;rf;14804053;Norra Hisingen, Norumshöjd;Kvinnor;Svenska medborgare;65-;102
2018;rf;14804053;Norra Hisingen, Norumshöjd;Män;Ej svenska medborgare;65-;11
2018;rf;14804053;Norra Hisingen, Norumshöjd;Kvinnor;Ej svenska medborgare;65-;18
2018;rf;14804054;Norra Hisingen, Tuve, Norra;Män;Svenska medborgare;18-29 förstagångsväljare;11
2018;rf;14804054;Norra Hisingen, Tuve, Norra;Kvinnor;Svenska medborgare;18-29 förstagångsväljare;11
2018;rf;14804054;Norra Hisingen, Tuve, Norra;Män;Ej svenska medborgare;18-29 förstagångsväljare;0
2018;rf;14804054;Norra Hisingen, Tuve, Norra;Kvinnor;Ej svenska medborgare;18-29 förstagångsväljare;0
2018;rf;14804054;Norra Hisingen, Tuve, Norra;Män;Svenska medborgare;18-29 ej förstagångsväljare;41
2018;rf;14804054;Norra Hisingen, Tuve, Norra;Kvinnor;Svenska medborgare;18-29 ej förstagångsväljare;44
2018;rf;14804054;Norra Hisingen, Tuve, Norra;Män;Ej svenska medborgare;18-29 ej förstagångsväljare;0
2018;rf;14804054;Norra Hisingen, Tuve, Norra;Kvinnor;Ej svenska medborgare;18-29 ej förstagångsväljare;3
2018;rf;14804054;Norra Hisingen, Tuve, Norra;Män;Svenska medborgare;30-49;95
2018;rf;14804054;Norra Hisingen, Tuve, Norra;Kvinnor;Svenska medborgare;30-49;92
2018;rf;14804054;Norra Hisingen, Tuve, Norra;Män;Ej svenska medborgare;30-49;7
2018;rf;14804054;Norra Hisingen, Tuve, Norra;Kvinnor;Ej svenska medborgare;30-49;8
2018;rf;14804054;Norra Hisingen, Tuve, Norra;Män;Svenska medborgare;50-64;64
2018;rf;14804054;Norra Hisingen, Tuve, Norra;Kvinnor;Svenska medborgare;50-64;67
2018;rf;14804054;Norra Hisingen, Tuve, Norra;Män;Ej svenska medborgare;50-64;2
2018;rf;14804054;Norra Hisingen, Tuve, Norra;Kvinnor;Ej svenska medborgare;50-64;3
2018;rf;14804054;Norra Hisingen, Tuve, Norra;Män;Svenska medborgare;65-;126
2018;rf;14804054;Norra Hisingen, Tuve, Norra;Kvinnor;Svenska medborgare;65-;191
2018;rf;14804054;Norra Hisingen, Tuve, Norra;Män;Ej svenska medborgare;65-;4
2018;rf;14804054;Norra Hisingen, Tuve, Norra;Kvinnor;Ej svenska medborgare;65-;8
2018;rf;14804055;Norra Hisingen, Tuve, Södra;Män;Svenska medborgare;18-29 förstagångsväljare;36
2018;rf;14804055;Norra Hisingen, Tuve, Södra;Kvinnor;Svenska medborgare;18-29 förstagångsväljare;35
2018;rf;14804055;Norra Hisingen, Tuve, Södra;Män;Ej svenska medborgare;18-29 förstagångsväljare;3
2018;rf;14804055;Norra Hisingen, Tuve, Södra;Kvinnor;Ej svenska medborgare;18-29 förstagångsväljare;1
2018;rf;14804055;Norra Hisingen, Tuve, Södra;Män;Svenska medborgare;18-29 ej förstagångsväljare;83
2018;rf;14804055;Norra Hisingen, Tuve, Södra;Kvinnor;Svenska medborgare;18-29 ej förstagångsväljare;75
2018;rf;14804055;Norra Hisingen, Tuve, Södra;Män;Ej svenska medborgare;18-29 ej förstagångsväljare;9
2018;rf;14804055;Norra Hisingen, Tuve, Södra;Kvinnor;Ej svenska medborgare;18-29 ej förstagångsväljare;7
2018;rf;14804055;Norra Hisingen, Tuve, Södra;Män;Svenska medborgare;30-49;225
2018;rf;14804055;Norra Hisingen, Tuve, Södra;Kvinnor;Svenska medborgare;30-49;209
2018;rf;14804055;Norra Hisingen, Tuve, Södra;Män;Ej svenska medborgare;30-49;21
2018;rf;14804055;Norra Hisingen, Tuve, Södra;Kvinnor;Ej svenska medborgare;30-49;23
2018;rf;14804055;Norra Hisingen, Tuve, Södra;Män;Svenska medborgare;50-64;138
2018;rf;14804055;Norra Hisingen, Tuve, Södra;Kvinnor;Svenska medborgare;50-64;161
2018;rf;14804055;Norra Hisingen, Tuve, Södra;Män;Ej svenska medborgare;50-64;10
2018;rf;14804055;Norra Hisingen, Tuve, Södra;Kvinnor;Ej svenska medborgare;50-64;9
2018;rf;14804055;Norra Hisingen, Tuve, Södra;Män;Svenska medborgare;65-;158
2018;rf;14804055;Norra Hisingen, Tuve, Södra;Kvinnor;Svenska medborgare;65-;192
2018;rf;14804055;Norra Hisingen, Tuve, Södra;Män;Ej svenska medborgare;65-;14
2018;rf;14804055;Norra Hisingen, Tuve, Södra;Kvinnor;Ej svenska medborgare;65-;18
2018;rf;14804056;Norra Hisingen, Tången;Män;Svenska medborgare;18-29 förstagångsväljare;32
2018;rf;14804056;Norra Hisingen, Tången;Kvinnor;Svenska medborgare;18-29 förstagångsväljare;31
2018;rf;14804056;Norra Hisingen, Tången;Män;Ej svenska medborgare;18-29 förstagångsväljare;2
2018;rf;14804056;Norra Hisingen, Tången;Kvinnor;Ej svenska medborgare;18-29 förstagångsväljare;1
2018;rf;14804056;Norra Hisingen, Tången;Män;Svenska medborgare;18-29 ej förstagångsväljare;41
2018;rf;14804056;Norra Hisingen, Tången;Kvinnor;Svenska medborgare;18-29 ej förstagångsväljare;41
2018;rf;14804056;Norra Hisingen, Tången;Män;Ej svenska medborgare;18-29 ej förstagångsväljare;12
2018;rf;14804056;Norra Hisingen, Tången;Kvinnor;Ej svenska medborgare;18-29 ej förstagångsväljare;3
2018;rf;14804056;Norra Hisingen, Tången;Män;Svenska medborgare;30-49;189
2018;rf;14804056;Norra Hisingen, Tången;Kvinnor;Svenska medborgare;30-49;187
2018;rf;14804056;Norra Hisingen, Tången;Män;Ej svenska medborgare;30-49;22
2018;rf;14804056;Norra Hisingen, Tången;Kvinnor;Ej svenska medborgare;30-49;13
2018;rf;14804056;Norra Hisingen, Tången;Män;Svenska medborgare;50-64;152
2018;rf;14804056;Norra Hisingen, Tången;Kvinnor;Svenska medborgare;50-64;139
2018;rf;14804056;Norra Hisingen, Tången;Män;Ej svenska medborgare;50-64;9
2018;rf;14804056;Norra Hisingen, Tången;Kvinnor;Ej svenska medborgare;50-64;3
2018;rf;14804056;Norra Hisingen, Tången;Män;Svenska medborgare;65-;188
2018;rf;14804056;Norra Hisingen, Tången;Kvinnor;Svenska medborgare;65-;199
2018;rf;14804056;Norra Hisingen, Tången;Män;Ej svenska medborgare;65-;11
2018;rf;14804056;Norra Hisingen, Tången;Kvinnor;Ej svenska medborgare;65-;8
2018;rf;14804061;Norra Hisingen, Säve;Män;Svenska medborgare;18-29 förstagångsväljare;42
2018;rf;14804061;Norra Hisingen, Säve;Kvinnor;Svenska medborgare;18-29 förstagångsväljare;31
2018;rf;14804061;Norra Hisingen, Säve;Män;Ej svenska medborgare;18-29 förstagångsväljare;1
2018;rf;14804061;Norra Hisingen, Säve;Kvinnor;Ej svenska medborgare;18-29 förstagångsväljare;0
2018;rf;14804061;Norra Hisingen, Säve;Män;Svenska medborgare;18-29 ej förstagångsväljare;63
2018;rf;14804061;Norra Hisingen, Säve;Kvinnor;Svenska medborgare;18-29 ej förstagångsväljare;63
2018;rf;14804061;Norra Hisingen, Säve;Män;Ej svenska medborgare;18-29 ej förstagångsväljare;8
2018;rf;14804061;Norra Hisingen, Säve;Kvinnor;Ej svenska medborgare;18-29 ej förstagångsväljare;4
2018;rf;14804061;Norra Hisingen, Säve;Män;Svenska medborgare;30-49;200
2018;rf;14804061;Norra Hisingen, Säve;Kvinnor;Svenska medborgare;30-49;197
2018;rf;14804061;Norra Hisingen, Säve;Män;Ej svenska medborgare;30-49;34
2018;rf;14804061;Norra Hisingen, Säve;Kvinnor;Ej svenska medborgare;30-49;20
2018;rf;14804061;Norra Hisingen, Säve;Män;Svenska medborgare;50-64;226
2018;rf;14804061;Norra Hisingen, Säve;Kvinnor;Svenska medborgare;50-64;196
2018;rf;14804061;Norra Hisingen, Säve;Män;Ej svenska medborgare;50-64;11
2018;rf;14804061;Norra Hisingen, Säve;Kvinnor;Ej svenska medborgare;50-64;7
2018;rf;14804061;Norra Hisingen, Säve;Män;Svenska medborgare;65-;151
2018;rf;14804061;Norra Hisingen, Säve;Kvinnor;Svenska medborgare;65-;127
2018;rf;14804061;Norra Hisingen, Säve;Män;Ej svenska medborgare;65-;5
2018;rf;14804061;Norra Hisingen, Säve;Kvinnor;Ej svenska medborgare;65-;6
2018;rf;14804071;Norra Hisingen, Gerrebacka-Ingebäck;Män;Svenska medborgare;18-29 förstagångsväljare;44
2018;rf;14804071;Norra Hisingen, Gerrebacka-Ingebäck;Kvinnor;Svenska medborgare;18-29 förstagångsväljare;46
2018;rf;14804071;Norra Hisingen, Gerrebacka-Ingebäck;Män;Ej svenska medborgare;18-29 förstagångsväljare;1
2018;rf;14804071;Norra Hisingen, Gerrebacka-Ingebäck;Kvinnor;Ej svenska medborgare;18-29 förstagångsväljare;0
2018;rf;14804071;Norra Hisingen, Gerrebacka-Ingebäck;Män;Svenska medborgare;18-29 ej förstagångsväljare;80
2018;rf;14804071;Norra Hisingen, Gerrebacka-Ingebäck;Kvinnor;Svenska medborgare;18-29 ej förstagångsväljare;97
2018;rf;14804071;Norra Hisingen, Gerrebacka-Ingebäck;Män;Ej svenska medborgare;18-29 ej förstagångsväljare;3
2018;rf;14804071;Norra Hisingen, Gerrebacka-Ingebäck;Kvinnor;Ej svenska medborgare;18-29 ej förstagångsväljare;4
2018;rf;14804071;Norra Hisingen, Gerrebacka-Ingebäck;Män;Svenska medborgare;30-49;352
2018;rf;14804071;Norra Hisingen, Gerrebacka-Ingebäck;Kvinnor;Svenska medborgare;30-49;353
2018;rf;14804071;Norra Hisingen, Gerrebacka-Ingebäck;Män;Ej svenska medborgare;30-49;11
2018;rf;14804071;Norra Hisingen, Gerrebacka-Ingebäck;Kvinnor;Ej svenska medborgare;30-49;19
2018;rf;14804071;Norra Hisingen, Gerrebacka-Ingebäck;Män;Svenska medborgare;50-64;144
2018;rf;14804071;Norra Hisingen, Gerrebacka-Ingebäck;Kvinnor;Svenska medborgare;50-64;131
2018;rf;14804071;Norra Hisingen, Gerrebacka-Ingebäck;Män;Ej svenska medborgare;50-64;5
2018;rf;14804071;Norra Hisingen, Gerrebacka-Ingebäck;Kvinnor;Ej svenska medborgare;50-64;6
2018;rf;14804071;Norra Hisingen, Gerrebacka-Ingebäck;Män;Svenska medborgare;65-;72
2018;rf;14804071;Norra Hisingen, Gerrebacka-Ingebäck;Kvinnor;Svenska medborgare;65-;70
2018;rf;14804071;Norra Hisingen, Gerrebacka-Ingebäck;Män;Ej svenska medborgare;65-;3
2018;rf;14804071;Norra Hisingen, Gerrebacka-Ingebäck;Kvinnor;Ej svenska medborgare;65-;1
2018;rf;14804072;Norra Hisingen, Kärra, Norra;Män;Svenska medborgare;18-29 förstagångsväljare;23
2018;rf;14804072;Norra Hisingen, Kärra, Norra;Kvinnor;Svenska medborgare;18-29 förstagångsväljare;14
2018;rf;14804072;Norra Hisingen, Kärra, Norra;Män;Ej svenska medborgare;18-29 förstagångsväljare;1
2018;rf;14804072;Norra Hisingen, Kärra, Norra;Kvinnor;Ej svenska medborgare;18-29 förstagångsväljare;0
2018;rf;14804072;Norra Hisingen, Kärra, Norra;Män;Svenska medborgare;18-29 ej förstagångsväljare;60
2018;rf;14804072;Norra Hisingen, Kärra, Norra;Kvinnor;Svenska medborgare;18-29 ej förstagångsväljare;53
2018;rf;14804072;Norra Hisingen, Kärra, Norra;Män;Ej svenska medborgare;18-29 ej förstagångsväljare;7
2018;rf;14804072;Norra Hisingen, Kärra, Norra;Kvinnor;Ej svenska medborgare;18-29 ej förstagångsväljare;3
2018;rf;14804072;Norra Hisingen, Kärra, Norra;Män;Svenska medborgare;30-49;133
2018;rf;14804072;Norra Hisingen, Kärra, Norra;Kvinnor;Svenska medborgare;30-49;139
2018;rf;14804072;Norra Hisingen, Kärra, Norra;Män;Ej svenska medborgare;30-49;15
2018;rf;14804072;Norra Hisingen, Kärra, Norra;Kvinnor;Ej svenska medborgare;30-49;11
2018;rf;14804072;Norra Hisingen, Kärra, Norra;Män;Svenska medborgare;50-64;100
2018;rf;14804072;Norra Hisingen, Kärra, Norra;Kvinnor;Svenska medborgare;50-64;109
2018;rf;14804072;Norra Hisingen, Kärra, Norra;Män;Ej svenska medborgare;50-64;2
2018;rf;14804072;Norra Hisingen, Kärra, Norra;Kvinnor;Ej svenska medborgare;50-64;2
2018;rf;14804072;Norra Hisingen, Kärra, Norra;Män;Svenska medborgare;65-;184
2018;rf;14804072;Norra Hisingen, Kärra, Norra;Kvinnor;Svenska medborgare;65-;247
2018;rf;14804072;Norra Hisingen, Kärra, Norra;Män;Ej svenska medborgare;65-;9
2018;rf;14804072;Norra Hisingen, Kärra, Norra;Kvinnor;Ej svenska medborgare;65-;6
2018;rf;14804073;Norra Hisingen, Kärra, Södra;Män;Svenska medborgare;18-29 förstagångsväljare;41
2018;rf;14804073;Norra Hisingen, Kärra, Södra;Kvinnor;Svenska medborgare;18-29 förstagångsväljare;40
2018;rf;14804073;Norra Hisingen, Kärra, Södra;Män;Ej svenska medborgare;18-29 förstagångsväljare;3
2018;rf;14804073;Norra Hisingen, Kärra, Södra;Kvinnor;Ej svenska medborgare;18-29 förstagångsväljare;2
2018;rf;14804073;Norra Hisingen, Kärra, Södra;Män;Svenska medborgare;18-29 ej förstagångsväljare;96
2018;rf;14804073;Norra Hisingen, Kärra, Södra;Kvinnor;Svenska medborgare;18-29 ej förstagångsväljare;77
2018;rf;14804073;Norra Hisingen, Kärra, Södra;Män;Ej svenska medborgare;18-29 ej förstagångsväljare;5
2018;rf;14804073;Norra Hisingen, Kärra, Södra;Kvinnor;Ej svenska medborgare;18-29 ej förstagångsväljare;2
2018;rf;14804073;Norra Hisingen, Kärra, Södra;Män;Svenska medborgare;30-49;191
2018;rf;14804073;Norra Hisingen, Kärra, Södra;Kvinnor;Svenska medborgare;30-49;214
2018;rf;14804073;Norra Hisingen, Kärra, Södra;Män;Ej svenska medborgare;30-49;20
2018;rf;14804073;Norra Hisingen, Kärra, Södra;Kvinnor;Ej svenska medborgare;30-49;8
2018;rf;14804073;Norra Hisingen, Kärra, Södra;Män;Svenska medborgare;50-64;146
2018;rf;14804073;Norra Hisingen, Kärra, Södra;Kvinnor;Svenska medborgare;50-64;134
2018;rf;14804073;Norra Hisingen, Kärra, Södra;Män;Ej svenska medborgare;50-64;10
2018;rf;14804073;Norra Hisingen, Kärra, Södra;Kvinnor;Ej svenska medborgare;50-64;7
2018;rf;14804073;Norra Hisingen, Kärra, Södra;Män;Svenska medborgare;65-;154
2018;rf;14804073;Norra Hisingen, Kärra, Södra;Kvinnor;Svenska medborgare;65-;200
2018;rf;14804073;Norra Hisingen, Kärra, Södra;Män;Ej svenska medborgare;65-;3
2018;rf;14804073;Norra Hisingen, Kärra, Södra;Kvinnor;Ej svenska medborgare;65-;7
2018;rf;14804074;Norra Hisingen, Kärra, Västra;Män;Svenska medborgare;18-29 förstagångsväljare;37
2018;rf;14804074;Norra Hisingen, Kärra, Västra;Kvinnor;Svenska medborgare;18-29 förstagångsväljare;30
2018;rf;14804074;Norra Hisingen, Kärra, Västra;Män;Ej svenska medborgare;18-29 förstagångsväljare;0
2018;rf;14804074;Norra Hisingen, Kärra, Västra;Kvinnor;Ej svenska medborgare;18-29 förstagångsväljare;1
2018;rf;14804074;Norra Hisingen, Kärra, Västra;Män;Svenska medborgare;18-29 ej förstagångsväljare;81
2018;rf;14804074;Norra Hisingen, Kärra, Västra;Kvinnor;Svenska medborgare;18-29 ej förstagångsväljare;65
2018;rf;14804074;Norra Hisingen, Kärra, Västra;Män;Ej svenska medborgare;18-29 ej förstagångsväljare;1
2018;rf;14804074;Norra Hisingen, Kärra, Västra;Kvinnor;Ej svenska medborgare;18-29 ej förstagångsväljare;3
2018;rf;14804074;Norra Hisingen, Kärra, Västra;Män;Svenska medborgare;30-49;193
2018;rf;14804074;Norra Hisingen, Kärra, Västra;Kvinnor;Svenska medborgare;30-49;202
2018;rf;14804074;Norra Hisingen, Kärra, Västra;Män;Ej svenska medborgare;30-49;14
2018;rf;14804074;Norra Hisingen, Kärra, Västra;Kvinnor;Ej svenska medborgare;30-49;16
2018;rf;14804074;Norra Hisingen, Kärra, Västra;Män;Svenska medborgare;50-64;139
2018;rf;14804074;Norra Hisingen, Kärra, Västra;Kvinnor;Svenska medborgare;50-64;146
2018;rf;14804074;Norra Hisingen, Kärra, Västra;Män;Ej svenska medborgare;50-64;4
2018;rf;14804074;Norra Hisingen, Kärra, Västra;Kvinnor;Ej svenska medborgare;50-64;3
2018;rf;14804074;Norra Hisingen, Kärra, Västra;Män;Svenska medborgare;65-;133
2018;rf;14804074;Norra Hisingen, Kärra, Västra;Kvinnor;Svenska medborgare;65-;183
2018;rf;14804074;Norra Hisingen, Kärra, Västra;Män;Ej svenska medborgare;65-;6
2018;rf;14804074;Norra Hisingen, Kärra, Västra;Kvinnor;Ej svenska medborgare;65-;7
2018;rf;14804075;Norra Hisingen, Kärra, Östra;Män;Svenska medborgare;18-29 förstagångsväljare;40
2018;rf;14804075;Norra Hisingen, Kärra, Östra;Kvinnor;Svenska medborgare;18-29 förstagångsväljare;31
2018;rf;14804075;Norra Hisingen, Kärra, Östra;Män;Ej svenska medborgare;18-29 förstagångsväljare;0
2018;rf;14804075;Norra Hisingen, Kärra, Östra;Kvinnor;Ej svenska medborgare;18-29 förstagångsväljare;0
2018;rf;14804075;Norra Hisingen, Kärra, Östra;Män;Svenska medborgare;18-29 ej förstagångsväljare;86
2018;rf;14804075;Norra Hisingen, Kärra, Östra;Kvinnor;Svenska medborgare;18-29 ej förstagångsväljare;76
2018;rf;14804075;Norra Hisingen, Kärra, Östra;Män;Ej svenska medborgare;18-29 ej förstagångsväljare;1
2018;rf;14804075;Norra Hisingen, Kärra, Östra;Kvinnor;Ej svenska medborgare;18-29 ej förstagångsväljare;5
2018;rf;14804075;Norra Hisingen, Kärra, Östra;Män;Svenska medborgare;30-49;189
2018;rf;14804075;Norra Hisingen, Kärra, Östra;Kvinnor;Svenska medborgare;30-49;208
2018;rf;14804075;Norra Hisingen, Kärra, Östra;Män;Ej svenska medborgare;30-49;14
2018;rf;14804075;Norra Hisingen, Kärra, Östra;Kvinnor;Ej svenska medborgare;30-49;12
2018;rf;14804075;Norra Hisingen, Kärra, Östra;Män;Svenska medborgare;50-64;125
2018;rf;14804075;Norra Hisingen, Kärra, Östra;Kvinnor;Svenska medborgare;50-64;132
2018;rf;14804075;Norra Hisingen, Kärra, Östra;Män;Ej svenska medborgare;50-64;8
2018;rf;14804075;Norra Hisingen, Kärra, Östra;Kvinnor;Ej svenska medborgare;50-64;1
2018;rf;14804075;Norra Hisingen, Kärra, Östra;Män;Svenska medborgare;65-;166
2018;rf;14804075;Norra Hisingen, Kärra, Östra;Kvinnor;Svenska medborgare;65-;243
2018;rf;14804075;Norra Hisingen, Kärra, Östra;Män;Ej svenska medborgare;65-;5
2018;rf;14804075;Norra Hisingen, Kärra, Östra;Kvinnor;Ej svenska medborgare;65-;9
2018;rf;14804076;Norra Hisingen, Mysterna-Svankälla;Män;Svenska medborgare;18-29 förstagångsväljare;73
2018;rf;14804076;Norra Hisingen, Mysterna-Svankälla;Kvinnor;Svenska medborgare;18-29 förstagångsväljare;66
2018;rf;14804076;Norra Hisingen, Mysterna-Svankälla;Män;Ej svenska medborgare;18-29 förstagångsväljare;0
2018;rf;14804076;Norra Hisingen, Mysterna-Svankälla;Kvinnor;Ej svenska medborgare;18-29 förstagångsväljare;0
2018;rf;14804076;Norra Hisingen, Mysterna-Svankälla;Män;Svenska medborgare;18-29 ej förstagångsväljare;53
2018;rf;14804076;Norra Hisingen, Mysterna-Svankälla;Kvinnor;Svenska medborgare;18-29 ej förstagångsväljare;30
2018;rf;14804076;Norra Hisingen, Mysterna-Svankälla;Män;Ej svenska medborgare;18-29 ej förstagångsväljare;0
2018;rf;14804076;Norra Hisingen, Mysterna-Svankälla;Kvinnor;Ej svenska medborgare;18-29 ej förstagångsväljare;2
2018;rf;14804076;Norra Hisingen, Mysterna-Svankälla;Män;Svenska medborgare;30-49;336
2018;rf;14804076;Norra Hisingen, Mysterna-Svankälla;Kvinnor;Svenska medborgare;30-49;361
2018;rf;14804076;Norra Hisingen, Mysterna-Svankälla;Män;Ej svenska medborgare;30-49;12
2018;rf;14804076;Norra Hisingen, Mysterna-Svankälla;Kvinnor;Ej svenska medborgare;30-49;8
2018;rf;14804076;Norra Hisingen, Mysterna-Svankälla;Män;Svenska medborgare;50-64;179
2018;rf;14804076;Norra Hisingen, Mysterna-Svankälla;Kvinnor;Svenska medborgare;50-64;151
2018;rf;14804076;Norra Hisingen, Mysterna-Svankälla;Män;Ej svenska medborgare;50-64;3
2018;rf;14804076;Norra Hisingen, Mysterna-Svankälla;Kvinnor;Ej svenska medborgare;50-64;3
2018;rf;14804076;Norra Hisingen, Mysterna-Svankälla;Män;Svenska medborgare;65-;76
2018;rf;14804076;Norra Hisingen, Mysterna-Svankälla;Kvinnor;Svenska medborgare;65-;62
2018;rf;14804076;Norra Hisingen, Mysterna-Svankälla;Män;Ej svenska medborgare;65-;4
2018;rf;14804076;Norra Hisingen, Mysterna-Svankälla;Kvinnor;Ej svenska medborgare;65-;3
2018;rf;14804081;Norra Hisingen, Rödbo;Män;Svenska medborgare;18-29 förstagångsväljare;30
2018;rf;14804081;Norra Hisingen, Rödbo;Kvinnor;Svenska medborgare;18-29 förstagångsväljare;36
2018;rf;14804081;Norra Hisingen, Rödbo;Män;Ej svenska medborgare;18-29 förstagångsväljare;2
2018;rf;14804081;Norra Hisingen, Rödbo;Kvinnor;Ej svenska medborgare;18-29 förstagångsväljare;1
2018;rf;14804081;Norra Hisingen, Rödbo;Män;Svenska medborgare;18-29 ej förstagångsväljare;38
2018;rf;14804081;Norra Hisingen, Rödbo;Kvinnor;Svenska medborgare;18-29 ej förstagångsväljare;44
2018;rf;14804081;Norra Hisingen, Rödbo;Män;Ej svenska medborgare;18-29 ej förstagångsväljare;2
2018;rf;14804081;Norra Hisingen, Rödbo;Kvinnor;Ej svenska medborgare;18-29 ej förstagångsväljare;1
2018;rf;14804081;Norra Hisingen, Rödbo;Män;Svenska medborgare;30-49;196
2018;rf;14804081;Norra Hisingen, Rödbo;Kvinnor;Svenska medborgare;30-49;180
2018;rf;14804081;Norra Hisingen, Rödbo;Män;Ej svenska medborgare;30-49;18
2018;rf;14804081;Norra Hisingen, Rödbo;Kvinnor;Ej svenska medborgare;30-49;17
2018;rf;14804081;Norra Hisingen, Rödbo;Män;Svenska medborgare;50-64;163
2018;rf;14804081;Norra Hisingen, Rödbo;Kvinnor;Svenska medborgare;50-64;127
2018;rf;14804081;Norra Hisingen, Rödbo;Män;Ej svenska medborgare;50-64;6
2018;rf;14804081;Norra Hisingen, Rödbo;Kvinnor;Ej svenska medborgare;50-64;2
2018;rf;14804081;Norra Hisingen, Rödbo;Män;Svenska medborgare;65-;112
2018;rf;14804081;Norra Hisingen, Rödbo;Kvinnor;Svenska medborgare;65-;93
2018;rf;14804081;Norra Hisingen, Rödbo;Män;Ej svenska medborgare;65-;2
2018;rf;14804081;Norra Hisingen, Rödbo;Kvinnor;Ej svenska medborgare;65-;0
2018;rf;14804091;Norra Hisingen, Sankt Jörgen;Män;Svenska medborgare;18-29 förstagångsväljare;23
2018;rf;14804091;Norra Hisingen, Sankt Jörgen;Kvinnor;Svenska medborgare;18-29 förstagångsväljare;24
2018;rf;14804091;Norra Hisingen, Sankt Jörgen;Män;Ej svenska medborgare;18-29 förstagångsväljare;1
2018;rf;14804091;Norra Hisingen, Sankt Jörgen;Kvinnor;Ej svenska medborgare;18-29 förstagångsväljare;0
2018;rf;14804091;Norra Hisingen, Sankt Jörgen;Män;Svenska medborgare;18-29 ej förstagångsväljare;41
2018;rf;14804091;Norra Hisingen, Sankt Jörgen;Kvinnor;Svenska medborgare;18-29 ej förstagångsväljare;40
2018;rf;14804091;Norra Hisingen, Sankt Jörgen;Män;Ej svenska medborgare;18-29 ej förstagångsväljare;0
2018;rf;14804091;Norra Hisingen, Sankt Jörgen;Kvinnor;Ej svenska medborgare;18-29 ej förstagångsväljare;3
2018;rf;14804091;Norra Hisingen, Sankt Jörgen;Män;Svenska medborgare;30-49;217
2018;rf;14804091;Norra Hisingen, Sankt Jörgen;Kvinnor;Svenska medborgare;30-49;240
2018;rf;14804091;Norra Hisingen, Sankt Jörgen;Män;Ej svenska medborgare;30-49;11
2018;rf;14804091;Norra Hisingen, Sankt Jörgen;Kvinnor;Ej svenska medborgare;30-49;9
2018;rf;14804091;Norra Hisingen, Sankt Jörgen;Män;Svenska medborgare;50-64;107
2018;rf;14804091;Norra Hisingen, Sankt Jörgen;Kvinnor;Svenska medborgare;50-64;100
2018;rf;14804091;Norra Hisingen, Sankt Jörgen;Män;Ej svenska medborgare;50-64;3
2018;rf;14804091;Norra Hisingen, Sankt Jörgen;Kvinnor;Ej svenska medborgare;50-64;5
2018;rf;14804091;Norra Hisingen, Sankt Jörgen;Män;Svenska medborgare;65-;113
2018;rf;14804091;Norra Hisingen, Sankt Jörgen;Kvinnor;Svenska medborgare;65-;136
2018;rf;14804091;Norra Hisingen, Sankt Jörgen;Män;Ej svenska medborgare;65-;5
2018;rf;14804091;Norra Hisingen, Sankt Jörgen;Kvinnor;Ej svenska medborgare;65-;5
2018;rf;14804092;Norra Hisingen, Skogome;Män;Svenska medborgare;18-29 förstagångsväljare;21
2018;rf;14804092;Norra Hisingen, Skogome;Kvinnor;Svenska medborgare;18-29 förstagångsväljare;25
2018;rf;14804092;Norra Hisingen, Skogome;Män;Ej svenska medborgare;18-29 förstagångsväljare;4
2018;rf;14804092;Norra Hisingen, Skogome;Kvinnor;Ej svenska medborgare;18-29 förstagångsväljare;1
2018;rf;14804092;Norra Hisingen, Skogome;Män;Svenska medborgare;18-29 ej förstagångsväljare;76
2018;rf;14804092;Norra Hisingen, Skogome;Kvinnor;Svenska medborgare;18-29 ej förstagångsväljare;71
2018;rf;14804092;Norra Hisingen, Skogome;Män;Ej svenska medborgare;18-29 ej förstagångsväljare;10
2018;rf;14804092;Norra Hisingen, Skogome;Kvinnor;Ej svenska medborgare;18-29 ej förstagångsväljare;7
2018;rf;14804092;Norra Hisingen, Skogome;Män;Svenska medborgare;30-49;119
2018;rf;14804092;Norra Hisingen, Skogome;Kvinnor;Svenska medborgare;30-49;107
2018;rf;14804092;Norra Hisingen, Skogome;Män;Ej svenska medborgare;30-49;18
2018;rf;14804092;Norra Hisingen, Skogome;Kvinnor;Ej svenska medborgare;30-49;15
2018;rf;14804092;Norra Hisingen, Skogome;Män;Svenska medborgare;50-64;106
2018;rf;14804092;Norra Hisingen, Skogome;Kvinnor;Svenska medborgare;50-64;96
2018;rf;14804092;Norra Hisingen, Skogome;Män;Ej svenska medborgare;50-64;3
2018;rf;14804092;Norra Hisingen, Skogome;Kvinnor;Ej svenska medborgare;50-64;1
2018;rf;14804092;Norra Hisingen, Skogome;Män;Svenska medborgare;65-;121
2018;rf;14804092;Norra Hisingen, Skogome;Kvinnor;Svenska medborgare;65-;146
2018;rf;14804092;Norra Hisingen, Skogome;Män;Ej svenska medborgare;65-;1
2018;rf;14804092;Norra Hisingen, Skogome;Kvinnor;Ej svenska medborgare;65-;9
2018;rf;14804101;Norra Hisingen, Aröd;Män;Svenska medborgare;18-29 förstagångsväljare;41
2018;rf;14804101;Norra Hisingen, Aröd;Kvinnor;Svenska medborgare;18-29 förstagångsväljare;29
2018;rf;14804101;Norra Hisingen, Aröd;Män;Ej svenska medborgare;18-29 förstagångsväljare;3
2018;rf;14804101;Norra Hisingen, Aröd;Kvinnor;Ej svenska medborgare;18-29 förstagångsväljare;0
2018;rf;14804101;Norra Hisingen, Aröd;Män;Svenska medborgare;18-29 ej förstagångsväljare;73
2018;rf;14804101;Norra Hisingen, Aröd;Kvinnor;Svenska medborgare;18-29 ej förstagångsväljare;58
2018;rf;14804101;Norra Hisingen, Aröd;Män;Ej svenska medborgare;18-29 ej förstagångsväljare;15
2018;rf;14804101;Norra Hisingen, Aröd;Kvinnor;Ej svenska medborgare;18-29 ej förstagångsväljare;4
2018;rf;14804101;Norra Hisingen, Aröd;Män;Svenska medborgare;30-49;227
2018;rf;14804101;Norra Hisingen, Aröd;Kvinnor;Svenska medborgare;30-49;227
2018;rf;14804101;Norra Hisingen, Aröd;Män;Ej svenska medborgare;30-49;34
2018;rf;14804101;Norra Hisingen, Aröd;Kvinnor;Ej svenska medborgare;30-49;29
2018;rf;14804101;Norra Hisingen, Aröd;Män;Svenska medborgare;50-64;157
2018;rf;14804101;Norra Hisingen, Aröd;Kvinnor;Svenska medborgare;50-64;128
2018;rf;14804101;Norra Hisingen, Aröd;Män;Ej svenska medborgare;50-64;18
2018;rf;14804101;Norra Hisingen, Aröd;Kvinnor;Ej svenska medborgare;50-64;2
2018;rf;14804101;Norra Hisingen, Aröd;Män;Svenska medborgare;65-;92
2018;rf;14804101;Norra Hisingen, Aröd;Kvinnor;Svenska medborgare;65-;80
2018;rf;14804101;Norra Hisingen, Aröd;Män;Ej svenska medborgare;65-;3
2018;rf;14804101;Norra Hisingen, Aröd;Kvinnor;Ej svenska medborgare;65-;4
2018;rf;14804102;Norra Hisingen, Brunnsbo, Norra;Män;Svenska medborgare;18-29 förstagångsväljare;38
2018;rf;14804102;Norra Hisingen, Brunnsbo, Norra;Kvinnor;Svenska medborgare;18-29 förstagångsväljare;40
2018;rf;14804102;Norra Hisingen, Brunnsbo, Norra;Män;Ej svenska medborgare;18-29 förstagångsväljare;0
2018;rf;14804102;Norra Hisingen, Brunnsbo, Norra;Kvinnor;Ej svenska medborgare;18-29 förstagångsväljare;3
2018;rf;14804102;Norra Hisingen, Brunnsbo, Norra;Män;Svenska medborgare;18-29 ej förstagångsväljare;90
2018;rf;14804102;Norra Hisingen, Brunnsbo, Norra;Kvinnor;Svenska medborgare;18-29 ej förstagångsväljare;100
2018;rf;14804102;Norra Hisingen, Brunnsbo, Norra;Män;Ej svenska medborgare;18-29 ej förstagångsväljare;13
2018;rf;14804102;Norra Hisingen, Brunnsbo, Norra;Kvinnor;Ej svenska medborgare;18-29 ej förstagångsväljare;8
2018;rf;14804102;Norra Hisingen, Brunnsbo, Norra;Män;Svenska medborgare;30-49;195
2018;rf;14804102;Norra Hisingen, Brunnsbo, Norra;Kvinnor;Svenska medborgare;30-49;203
2018;rf;14804102;Norra Hisingen, Brunnsbo, Norra;Män;Ej svenska medborgare;30-49;22
2018;rf;14804102;Norra Hisingen, Brunnsbo, Norra;Kvinnor;Ej svenska medborgare;30-49;20
2018;rf;14804102;Norra Hisingen, Brunnsbo, Norra;Män;Svenska medborgare;50-64;148
2018;rf;14804102;Norra Hisingen, Brunnsbo, Norra;Kvinnor;Svenska medborgare;50-64;143
2018;rf;14804102;Norra Hisingen, Brunnsbo, Norra;Män;Ej svenska medborgare;50-64;9
2018;rf;14804102;Norra Hisingen, Brunnsbo, Norra;Kvinnor;Ej svenska medborgare;50-64;6
2018;rf;14804102;Norra Hisingen, Brunnsbo, Norra;Män;Svenska medborgare;65-;127
2018;rf;14804102;Norra Hisingen, Brunnsbo, Norra;Kvinnor;Svenska medborgare;65-;160
2018;rf;14804102;Norra Hisingen, Brunnsbo, Norra;Män;Ej svenska medborgare;65-;7
2018;rf;14804102;Norra Hisingen, Brunnsbo, Norra;Kvinnor;Ej svenska medborgare;65-;10
2018;rf;14804103;Norra Hisingen, Brunnsbo, Södra;Män;Svenska medborgare;18-29 förstagångsväljare;49
2018;rf;14804103;Norra Hisingen, Brunnsbo, Södra;Kvinnor;Svenska medborgare;18-29 förstagångsväljare;42
2018;rf;14804103;Norra Hisingen, Brunnsbo, Södra;Män;Ej svenska medborgare;18-29 förstagångsväljare;6
2018;rf;14804103;Norra Hisingen, Brunnsbo, Södra;Kvinnor;Ej svenska medborgare;18-29 förstagångsväljare;7
2018;rf;14804103;Norra Hisingen, Brunnsbo, Södra;Män;Svenska medborgare;18-29 ej förstagångsväljare;100
2018;rf;14804103;Norra Hisingen, Brunnsbo, Södra;Kvinnor;Svenska medborgare;18-29 ej förstagångsväljare;120
2018;rf;14804103;Norra Hisingen, Brunnsbo, Södra;Män;Ej svenska medborgare;18-29 ej förstagångsväljare;12
2018;rf;14804103;Norra Hisingen, Brunnsbo, Södra;Kvinnor;Ej svenska medborgare;18-29 ej förstagångsväljare;10
2018;rf;14804103;Norra Hisingen, Brunnsbo, Södra;Män;Svenska medborgare;30-49;216
2018;rf;14804103;Norra Hisingen, Brunnsbo, Södra;Kvinnor;Svenska medborgare;30-49;247
2018;rf;14804103;Norra Hisingen, Brunnsbo, Södra;Män;Ej svenska medborgare;30-49;44
2018;rf;14804103;Norra Hisingen, Brunnsbo, Södra;Kvinnor;Ej svenska medborgare;30-49;36
2018;rf;14804103;Norra Hisingen, Brunnsbo, Södra;Män;Svenska medborgare;50-64;139
2018;rf;14804103;Norra Hisingen, Brunnsbo, Södra;Kvinnor;Svenska medborgare;50-64;164
2018;rf;14804103;Norra Hisingen, Brunnsbo, Södra;Män;Ej svenska medborgare;50-64;11
2018;rf;14804103;Norra Hisingen, Brunnsbo, Södra;Kvinnor;Ej svenska medborgare;50-64;10
2018;rf;14804103;Norra Hisingen, Brunnsbo, Södra;Män;Svenska medborgare;65-;129
2018;rf;14804103;Norra Hisingen, Brunnsbo, Södra;Kvinnor;Svenska medborgare;65-;182
2018;rf;14804103;Norra Hisingen, Brunnsbo, Södra;Män;Ej svenska medborgare;65-;4
2018;rf;14804103;Norra Hisingen, Brunnsbo, Södra;Kvinnor;Ej svenska medborgare;65-;8
2018;rf;14804104;Norra Hisingen, Tingstad;Män;Svenska medborgare;18-29 förstagångsväljare;30
2018;rf;14804104;Norra Hisingen, Tingstad;Kvinnor;Svenska medborgare;18-29 förstagångsväljare;27
2018;rf;14804104;Norra Hisingen, Tingstad;Män;Ej svenska medborgare;18-29 förstagångsväljare;4
2018;rf;14804104;Norra Hisingen, Tingstad;Kvinnor;Ej svenska medborgare;18-29 förstagångsväljare;3
2018;rf;14804104;Norra Hisingen, Tingstad;Män;Svenska medborgare;18-29 ej förstagångsväljare;100
2018;rf;14804104;Norra Hisingen, Tingstad;Kvinnor;Svenska medborgare;18-29 ej förstagångsväljare;120
2018;rf;14804104;Norra Hisingen, Tingstad;Män;Ej svenska medborgare;18-29 ej förstagångsväljare;18
2018;rf;14804104;Norra Hisingen, Tingstad;Kvinnor;Ej svenska medborgare;18-29 ej förstagångsväljare;19
2018;rf;14804104;Norra Hisingen, Tingstad;Män;Svenska medborgare;30-49;179
2018;rf;14804104;Norra Hisingen, Tingstad;Kvinnor;Svenska medborgare;30-49;180
2018;rf;14804104;Norra Hisingen, Tingstad;Män;Ej svenska medborgare;30-49;102
2018;rf;14804104;Norra Hisingen, Tingstad;Kvinnor;Ej svenska medborgare;30-49;44
2018;rf;14804104;Norra Hisingen, Tingstad;Män;Svenska medborgare;50-64;129
2018;rf;14804104;Norra Hisingen, Tingstad;Kvinnor;Svenska medborgare;50-64;113
2018;rf;14804104;Norra Hisingen, Tingstad;Män;Ej svenska medborgare;50-64;24
2018;rf;14804104;Norra Hisingen, Tingstad;Kvinnor;Ej svenska medborgare;50-64;6
2018;rf;14804104;Norra Hisingen, Tingstad;Män;Svenska medborgare;65-;129
2018;rf;14804104;Norra Hisingen, Tingstad;Kvinnor;Svenska medborgare;65-;162
2018;rf;14804104;Norra Hisingen, Tingstad;Män;Ej svenska medborgare;65-;4
2018;rf;14804104;Norra Hisingen, Tingstad;Kvinnor;Ej svenska medborgare;65-;10
2018;rf;14804121;Norra Hisingen, Backa Röd;Män;Svenska medborgare;18-29 förstagångsväljare;44
2018;rf;14804121;Norra Hisingen, Backa Röd;Kvinnor;Svenska medborgare;18-29 förstagångsväljare;33
2018;rf;14804121;Norra Hisingen, Backa Röd;Män;Ej svenska medborgare;18-29 förstagångsväljare;2
2018;rf;14804121;Norra Hisingen, Backa Röd;Kvinnor;Ej svenska medborgare;18-29 förstagångsväljare;1
2018;rf;14804121;Norra Hisingen, Backa Röd;Män;Svenska medborgare;18-29 ej förstagångsväljare;81
2018;rf;14804121;Norra Hisingen, Backa Röd;Kvinnor;Svenska medborgare;18-29 ej förstagångsväljare;85
2018;rf;14804121;Norra Hisingen, Backa Röd;Män;Ej svenska medborgare;18-29 ej förstagångsväljare;8
2018;rf;14804121;Norra Hisingen, Backa Röd;Kvinnor;Ej svenska medborgare;18-29 ej förstagångsväljare;12
2018;rf;14804121;Norra Hisingen, Backa Röd;Män;Svenska medborgare;30-49;198
2018;rf;14804121;Norra Hisingen, Backa Röd;Kvinnor;Svenska medborgare;30-49;208
2018;rf;14804121;Norra Hisingen, Backa Röd;Män;Ej svenska medborgare;30-49;30
2018;rf;14804121;Norra Hisingen, Backa Röd;Kvinnor;Ej svenska medborgare;30-49;22
2018;rf;14804121;Norra Hisingen, Backa Röd;Män;Svenska medborgare;50-64;121
2018;rf;14804121;Norra Hisingen, Backa Röd;Kvinnor;Svenska medborgare;50-64;128
2018;rf;14804121;Norra Hisingen, Backa Röd;Män;Ej svenska medborgare;50-64;5
2018;rf;14804121;Norra Hisingen, Backa Röd;Kvinnor;Ej svenska medborgare;50-64;13
2018;rf;14804121;Norra Hisingen, Backa Röd;Män;Svenska medborgare;65-;84
2018;rf;14804121;Norra Hisingen, Backa Röd;Kvinnor;Svenska medborgare;65-;96
2018;rf;14804121;Norra Hisingen, Backa Röd;Män;Ej svenska medborgare;65-;4
2018;rf;14804121;Norra Hisingen, Backa Röd;Kvinnor;Ej svenska medborgare;65-;4
2018;rf;14804122;Norra Hisingen, Backa, Norra;Män;Svenska medborgare;18-29 förstagångsväljare;28
2018;rf;14804122;Norra Hisingen, Backa, Norra;Kvinnor;Svenska medborgare;18-29 förstagångsväljare;28
2018;rf;14804122;Norra Hisingen, Backa, Norra;Män;Ej svenska medborgare;18-29 förstagångsväljare;1
2018;rf;14804122;Norra Hisingen, Backa, Norra;Kvinnor;Ej svenska medborgare;18-29 förstagångsväljare;2
2018;rf;14804122;Norra Hisingen, Backa, Norra;Män;Svenska medborgare;18-29 ej förstagångsväljare;95
2018;rf;14804122;Norra Hisingen, Backa, Norra;Kvinnor;Svenska medborgare;18-29 ej förstagångsväljare;82
2018;rf;14804122;Norra Hisingen, Backa, Norra;Män;Ej svenska medborgare;18-29 ej förstagångsväljare;10
2018;rf;14804122;Norra Hisingen, Backa, Norra;Kvinnor;Ej svenska medborgare;18-29 ej förstagångsväljare;9
2018;rf;14804122;Norra Hisingen, Backa, Norra;Män;Svenska medborgare;30-49;144
2018;rf;14804122;Norra Hisingen, Backa, Norra;Kvinnor;Svenska medborgare;30-49;132
2018;rf;14804122;Norra Hisingen, Backa, Norra;Män;Ej svenska medborgare;30-49;22
2018;rf;14804122;Norra Hisingen, Backa, Norra;Kvinnor;Ej svenska medborgare;30-49;21
2018;rf;14804122;Norra Hisingen, Backa, Norra;Män;Svenska medborgare;50-64;135
2018;rf;14804122;Norra Hisingen, Backa, Norra;Kvinnor;Svenska medborgare;50-64;122
2018;rf;14804122;Norra Hisingen, Backa, Norra;Män;Ej svenska medborgare;50-64;9
2018;rf;14804122;Norra Hisingen, Backa, Norra;Kvinnor;Ej svenska medborgare;50-64;9
2018;rf;14804122;Norra Hisingen, Backa, Norra;Män;Svenska medborgare;65-;144
2018;rf;14804122;Norra Hisingen, Backa, Norra;Kvinnor;Svenska medborgare;65-;192
2018;rf;14804122;Norra Hisingen, Backa, Norra;Män;Ej svenska medborgare;65-;8
2018;rf;14804122;Norra Hisingen, Backa, Norra;Kvinnor;Ej svenska medborgare;65-;12
2018;rf;14804123;Norra Hisingen, Backa, Södra;Män;Svenska medborgare;18-29 förstagångsväljare;24
2018;rf;14804123;Norra Hisingen, Backa, Södra;Kvinnor;Svenska medborgare;18-29 förstagångsväljare;15
2018;rf;14804123;Norra Hisingen, Backa, Södra;Män;Ej svenska medborgare;18-29 förstagångsväljare;2
2018;rf;14804123;Norra Hisingen, Backa, Södra;Kvinnor;Ej svenska medborgare;18-29 förstagångsväljare;0
2018;rf;14804123;Norra Hisingen, Backa, Södra;Män;Svenska medborgare;18-29 ej förstagångsväljare;93
2018;rf;14804123;Norra Hisingen, Backa, Södra;Kvinnor;Svenska medborgare;18-29 ej förstagångsväljare;91
2018;rf;14804123;Norra Hisingen, Backa, Södra;Män;Ej svenska medborgare;18-29 ej förstagångsväljare;16
2018;rf;14804123;Norra Hisingen, Backa, Södra;Kvinnor;Ej svenska medborgare;18-29 ej förstagångsväljare;10
2018;rf;14804123;Norra Hisingen, Backa, Södra;Män;Svenska medborgare;30-49;141
2018;rf;14804123;Norra Hisingen, Backa, Södra;Kvinnor;Svenska medborgare;30-49;142
2018;rf;14804123;Norra Hisingen, Backa, Södra;Män;Ej svenska medborgare;30-49;26
2018;rf;14804123;Norra Hisingen, Backa, Södra;Kvinnor;Ej svenska medborgare;30-49;24
2018;rf;14804123;Norra Hisingen, Backa, Södra;Män;Svenska medborgare;50-64;89
2018;rf;14804123;Norra Hisingen, Backa, Södra;Kvinnor;Svenska medborgare;50-64;112
2018;rf;14804123;Norra Hisingen, Backa, Södra;Män;Ej svenska medborgare;50-64;5
2018;rf;14804123;Norra Hisingen, Backa, Södra;Kvinnor;Ej svenska medborgare;50-64;5
2018;rf;14804123;Norra Hisingen, Backa, Södra;Män;Svenska medborgare;65-;111
2018;rf;14804123;Norra Hisingen, Backa, Södra;Kvinnor;Svenska medborgare;65-;173
2018;rf;14804123;Norra Hisingen, Backa, Södra;Män;Ej svenska medborgare;65-;10
2018;rf;14804123;Norra Hisingen, Backa, Södra;Kvinnor;Ej svenska medborgare;65-;11
2018;rf;14804124;Norra Hisingen, Bällskär;Män;Svenska medborgare;18-29 förstagångsväljare;57
2018;rf;14804124;Norra Hisingen, Bällskär;Kvinnor;Svenska medborgare;18-29 förstagångsväljare;46
2018;rf;14804124;Norra Hisingen, Bällskär;Män;Ej svenska medborgare;18-29 förstagångsväljare;2
2018;rf;14804124;Norra Hisingen, Bällskär;Kvinnor;Ej svenska medborgare;18-29 förstagångsväljare;0
2018;rf;14804124;Norra Hisingen, Bällskär;Män;Svenska medborgare;18-29 ej förstagångsväljare;73
2018;rf;14804124;Norra Hisingen, Bällskär;Kvinnor;Svenska medborgare;18-29 ej förstagångsväljare;69
2018;rf;14804124;Norra Hisingen, Bällskär;Män;Ej svenska medborgare;18-29 ej förstagångsväljare;5
2018;rf;14804124;Norra Hisingen, Bällskär;Kvinnor;Ej svenska medborgare;18-29 ej förstagångsväljare;7
2018;rf;14804124;Norra Hisingen, Bällskär;Män;Svenska medborgare;30-49;166
2018;rf;14804124;Norra Hisingen, Bällskär;Kvinnor;Svenska medborgare;30-49;192
2018;rf;14804124;Norra Hisingen, Bällskär;Män;Ej svenska medborgare;30-49;16
2018;rf;14804124;Norra Hisingen, Bällskär;Kvinnor;Ej svenska medborgare;30-49;9
2018;rf;14804124;Norra Hisingen, Bällskär;Män;Svenska medborgare;50-64;162
2018;rf;14804124;Norra Hisingen, Bällskär;Kvinnor;Svenska medborgare;50-64;146
2018;rf;14804124;Norra Hisingen, Bällskär;Män;Ej svenska medborgare;50-64;5
2018;rf;14804124;Norra Hisingen, Bällskär;Kvinnor;Ej svenska medborgare;50-64;4
2018;rf;14804124;Norra Hisingen, Bällskär;Män;Svenska medborgare;65-;157
2018;rf;14804124;Norra Hisingen, Bällskär;Kvinnor;Svenska medborgare;65-;148
2018;rf;14804124;Norra Hisingen, Bällskär;Män;Ej svenska medborgare;65-;4
2018;rf;14804124;Norra Hisingen, Bällskär;Kvinnor;Ej svenska medborgare;65-;5
2018;rf;14804125;Norra Hisingen, Wadköpingsgatan m fl;Män;Svenska medborgare;18-29 förstagångsväljare;29
2018;rf;14804125;Norra Hisingen, Wadköpingsgatan m fl;Kvinnor;Svenska medborgare;18-29 förstagångsväljare;45
2018;rf;14804125;Norra Hisingen, Wadköpingsgatan m fl;Män;Ej svenska medborgare;18-29 förstagångsväljare;13
2018;rf;14804125;Norra Hisingen, Wadköpingsgatan m fl;Kvinnor;Ej svenska medborgare;18-29 förstagångsväljare;6
2018;rf;14804125;Norra Hisingen, Wadköpingsgatan m fl;Män;Svenska medborgare;18-29 ej förstagångsväljare;151
2018;rf;14804125;Norra Hisingen, Wadköpingsgatan m fl;Kvinnor;Svenska medborgare;18-29 ej förstagångsväljare;171
2018;rf;14804125;Norra Hisingen, Wadköpingsgatan m fl;Män;Ej svenska medborgare;18-29 ej förstagångsväljare;39
2018;rf;14804125;Norra Hisingen, Wadköpingsgatan m fl;Kvinnor;Ej svenska medborgare;18-29 ej förstagångsväljare;28
2018;rf;14804125;Norra Hisingen, Wadköpingsgatan m fl;Män;Svenska medborgare;30-49;229
2018;rf;14804125;Norra Hisingen, Wadköpingsgatan m fl;Kvinnor;Svenska medborgare;30-49;215
2018;rf;14804125;Norra Hisingen, Wadköpingsgatan m fl;Män;Ej svenska medborgare;30-49;80
2018;rf;14804125;Norra Hisingen, Wadköpingsgatan m fl;Kvinnor;Ej svenska medborgare;30-49;53
2018;rf;14804125;Norra Hisingen, Wadköpingsgatan m fl;Män;Svenska medborgare;50-64;88
2018;rf;14804125;Norra Hisingen, Wadköpingsgatan m fl;Kvinnor;Svenska medborgare;50-64;96
2018;rf;14804125;Norra Hisingen, Wadköpingsgatan m fl;Män;Ej svenska medborgare;50-64;15
2018;rf;14804125;Norra Hisingen, Wadköpingsgatan m fl;Kvinnor;Ej svenska medborgare;50-64;13
2018;rf;14804125;Norra Hisingen, Wadköpingsgatan m fl;Män;Svenska medborgare;65-;41
2018;rf;14804125;Norra Hisingen, Wadköpingsgatan m fl;Kvinnor;Svenska medborgare;65-;53
2018;rf;14804125;Norra Hisingen, Wadköpingsgatan m fl;Män;Ej svenska medborgare;65-;11
2018;rf;14804125;Norra Hisingen, Wadköpingsgatan m fl;Kvinnor;Ej svenska medborgare;65-;7
2018;rf;14804131;Norra Hisingen, Backadalen;Män;Svenska medborgare;18-29 förstagångsväljare;37
2018;rf;14804131;Norra Hisingen, Backadalen;Kvinnor;Svenska medborgare;18-29 förstagångsväljare;33
2018;rf;14804131;Norra Hisingen, Backadalen;Män;Ej svenska medborgare;18-29 förstagångsväljare;3
2018;rf;14804131;Norra Hisingen, Backadalen;Kvinnor;Ej svenska medborgare;18-29 förstagångsväljare;1
2018;rf;14804131;Norra Hisingen, Backadalen;Män;Svenska medborgare;18-29 ej förstagångsväljare;151
2018;rf;14804131;Norra Hisingen, Backadalen;Kvinnor;Svenska medborgare;18-29 ej förstagångsväljare;149
2018;rf;14804131;Norra Hisingen, Backadalen;Män;Ej svenska medborgare;18-29 ej förstagångsväljare;37
2018;rf;14804131;Norra Hisingen, Backadalen;Kvinnor;Ej svenska medborgare;18-29 ej förstagångsväljare;21
2018;rf;14804131;Norra Hisingen, Backadalen;Män;Svenska medborgare;30-49;185
2018;rf;14804131;Norra Hisingen, Backadalen;Kvinnor;Svenska medborgare;30-49;145
2018;rf;14804131;Norra Hisingen, Backadalen;Män;Ej svenska medborgare;30-49;60
2018;rf;14804131;Norra Hisingen, Backadalen;Kvinnor;Ej svenska medborgare;30-49;33
2018;rf;14804131;Norra Hisingen, Backadalen;Män;Svenska medborgare;50-64;108
2018;rf;14804131;Norra Hisingen, Backadalen;Kvinnor;Svenska medborgare;50-64;87
2018;rf;14804131;Norra Hisingen, Backadalen;Män;Ej svenska medborgare;50-64;15
2018;rf;14804131;Norra Hisingen, Backadalen;Kvinnor;Ej svenska medborgare;50-64;6
2018;rf;14804131;Norra Hisingen, Backadalen;Män;Svenska medborgare;65-;128
2018;rf;14804131;Norra Hisingen, Backadalen;Kvinnor;Svenska medborgare;65-;206
2018;rf;14804131;Norra Hisingen, Backadalen;Män;Ej svenska medborgare;65-;10
2018;rf;14804131;Norra Hisingen, Backadalen;Kvinnor;Ej svenska medborgare;65-;7
2018;rf;14804132;Norra Hisingen, Bäckebol;Män;Svenska medborgare;18-29 förstagångsväljare;42
2018;rf;14804132;Norra Hisingen, Bäckebol;Kvinnor;Svenska medborgare;18-29 förstagångsväljare;31
2018;rf;14804132;Norra Hisingen, Bäckebol;Män;Ej svenska medborgare;18-29 förstagångsväljare;3
2018;rf;14804132;Norra Hisingen, Bäckebol;Kvinnor;Ej svenska medborgare;18-29 förstagångsväljare;3
2018;rf;14804132;Norra Hisingen, Bäckebol;Män;Svenska medborgare;18-29 ej förstagångsväljare;122
2018;rf;14804132;Norra Hisingen, Bäckebol;Kvinnor;Svenska medborgare;18-29 ej förstagångsväljare;114
2018;rf;14804132;Norra Hisingen, Bäckebol;Män;Ej svenska medborgare;18-29 ej förstagångsväljare;11
2018;rf;14804132;Norra Hisingen, Bäckebol;Kvinnor;Ej svenska medborgare;18-29 ej förstagångsväljare;9
2018;rf;14804132;Norra Hisingen, Bäckebol;Män;Svenska medborgare;30-49;180
2018;rf;14804132;Norra Hisingen, Bäckebol;Kvinnor;Svenska medborgare;30-49;173
2018;rf;14804132;Norra Hisingen, Bäckebol;Män;Ej svenska medborgare;30-49;41
2018;rf;14804132;Norra Hisingen, Bäckebol;Kvinnor;Ej svenska medborgare;30-49;27
2018;rf;14804132;Norra Hisingen, Bäckebol;Män;Svenska medborgare;50-64;139
2018;rf;14804132;Norra Hisingen, Bäckebol;Kvinnor;Svenska medborgare;50-64;141
2018;rf;14804132;Norra Hisingen, Bäckebol;Män;Ej svenska medborgare;50-64;8
2018;rf;14804132;Norra Hisingen, Bäckebol;Kvinnor;Ej svenska medborgare;50-64;11
2018;rf;14804132;Norra Hisingen, Bäckebol;Män;Svenska medborgare;65-;200
2018;rf;14804132;Norra Hisingen, Bäckebol;Kvinnor;Svenska medborgare;65-;270
2018;rf;14804132;Norra Hisingen, Bäckebol;Män;Ej svenska medborgare;65-;9
2018;rf;14804132;Norra Hisingen, Bäckebol;Kvinnor;Ej svenska medborgare;65-;9
2018;rf;14804133;Norra Hisingen, Selma Lagerlöfs torg;Män;Svenska medborgare;18-29 förstagångsväljare;31
2018;rf;14804133;Norra Hisingen, Selma Lagerlöfs torg;Kvinnor;Svenska medborgare;18-29 förstagångsväljare;30
2018;rf;14804133;Norra Hisingen, Selma Lagerlöfs torg;Män;Ej svenska medborgare;18-29 förstagångsväljare;2
2018;rf;14804133;Norra Hisingen, Selma Lagerlöfs torg;Kvinnor;Ej svenska medborgare;18-29 förstagångsväljare;3
2018;rf;14804133;Norra Hisingen, Selma Lagerlöfs torg;Män;Svenska medborgare;18-29 ej förstagångsväljare;82
2018;rf;14804133;Norra Hisingen, Selma Lagerlöfs torg;Kvinnor;Svenska medborgare;18-29 ej förstagångsväljare;74
2018;rf;14804133;Norra Hisingen, Selma Lagerlöfs torg;Män;Ej svenska medborgare;18-29 ej förstagångsväljare;15
2018;rf;14804133;Norra Hisingen, Selma Lagerlöfs torg;Kvinnor;Ej svenska medborgare;18-29 ej förstagångsväljare;13
2018;rf;14804133;Norra Hisingen, Selma Lagerlöfs torg;Män;Svenska medborgare;30-49;182
2018;rf;14804133;Norra Hisingen, Selma Lagerlöfs torg;Kvinnor;Svenska medborgare;30-49;195
2018;rf;14804133;Norra Hisingen, Selma Lagerlöfs torg;Män;Ej svenska medborgare;30-49;54
2018;rf;14804133;Norra Hisingen, Selma Lagerlöfs torg;Kvinnor;Ej svenska medborgare;30-49;36
2018;rf;14804133;Norra Hisingen, Selma Lagerlöfs torg;Män;Svenska medborgare;50-64;153
2018;rf;14804133;Norra Hisingen, Selma Lagerlöfs torg;Kvinnor;Svenska medborgare;50-64;119
2018;rf;14804133;Norra Hisingen, Selma Lagerlöfs torg;Män;Ej svenska medborgare;50-64;16
2018;rf;14804133;Norra Hisingen, Selma Lagerlöfs torg;Kvinnor;Ej svenska medborgare;50-64;9
2018;rf;14804133;Norra Hisingen, Selma Lagerlöfs torg;Män;Svenska medborgare;65-;116
2018;rf;14804133;Norra Hisingen, Selma Lagerlöfs torg;Kvinnor;Svenska medborgare;65-;151
2018;rf;14804133;Norra Hisingen, Selma Lagerlöfs torg;Män;Ej svenska medborgare;65-;7
2018;rf;14804133;Norra Hisingen, Selma Lagerlöfs torg;Kvinnor;Ej svenska medborgare;65-;11
2018;rf;14804134;Norra Hisingen, Skälltorp;Män;Svenska medborgare;18-29 förstagångsväljare;19
2018;rf;14804134;Norra Hisingen, Skälltorp;Kvinnor;Svenska medborgare;18-29 förstagångsväljare;24
2018;rf;14804134;Norra Hisingen, Skälltorp;Män;Ej svenska medborgare;18-29 förstagångsväljare;3
2018;rf;14804134;Norra Hisingen, Skälltorp;Kvinnor;Ej svenska medborgare;18-29 förstagångsväljare;0
2018;rf;14804134;Norra Hisingen, Skälltorp;Män;Svenska medborgare;18-29 ej förstagångsväljare;93
2018;rf;14804134;Norra Hisingen, Skälltorp;Kvinnor;Svenska medborgare;18-29 ej förstagångsväljare;90
2018;rf;14804134;Norra Hisingen, Skälltorp;Män;Ej svenska medborgare;18-29 ej förstagångsväljare;13
2018;rf;14804134;Norra Hisingen, Skälltorp;Kvinnor;Ej svenska medborgare;18-29 ej förstagångsväljare;13
2018;rf;14804134;Norra Hisingen, Skälltorp;Män;Svenska medborgare;30-49;188
2018;rf;14804134;Norra Hisingen, Skälltorp;Kvinnor;Svenska medborgare;30-49;184
2018;rf;14804134;Norra Hisingen, Skälltorp;Män;Ej svenska medborgare;30-49;32
2018;rf;14804134;Norra Hisingen, Skälltorp;Kvinnor;Ej svenska medborgare;30-49;10
2018;rf;14804134;Norra Hisingen, Skälltorp;Män;Svenska medborgare;50-64;149
2018;rf;14804134;Norra Hisingen, Skälltorp;Kvinnor;Svenska medborgare;50-64;154
2018;rf;14804134;Norra Hisingen, Skälltorp;Män;Ej svenska medborgare;50-64;5
2018;rf;14804134;Norra Hisingen, Skälltorp;Kvinnor;Ej svenska medborgare;50-64;8
2018;rf;14804134;Norra Hisingen, Skälltorp;Män;Svenska medborgare;65-;207
2018;rf;14804134;Norra Hisingen, Skälltorp;Kvinnor;Svenska medborgare;65-;291
2018;rf;14804134;Norra Hisingen, Skälltorp;Män;Ej svenska medborgare;65-;17
2018;rf;14804134;Norra Hisingen, Skälltorp;Kvinnor;Ej svenska medborgare;65-;20
2018;rf;14804135;Norra Hisingen, Åketorp;Män;Svenska medborgare;18-29 förstagångsväljare;25
2018;rf;14804135;Norra Hisingen, Åketorp;Kvinnor;Svenska medborgare;18-29 förstagångsväljare;22
2018;rf;14804135;Norra Hisingen, Åketorp;Män;Ej svenska medborgare;18-29 förstagångsväljare;1
2018;rf;14804135;Norra Hisingen, Åketorp;Kvinnor;Ej svenska medborgare;18-29 förstagångsväljare;2
2018;rf;14804135;Norra Hisingen, Åketorp;Män;Svenska medborgare;18-29 ej förstagångsväljare;62
2018;rf;14804135;Norra Hisingen, Åketorp;Kvinnor;Svenska medborgare;18-29 ej förstagångsväljare;37
2018;rf;14804135;Norra Hisingen, Åketorp;Män;Ej svenska medborgare;18-29 ej förstagångsväljare;2
2018;rf;14804135;Norra Hisingen, Åketorp;Kvinnor;Ej svenska medborgare;18-29 ej förstagångsväljare;2
2018;rf;14804135;Norra Hisingen, Åketorp;Män;Svenska medborgare;30-49;204
2018;rf;14804135;Norra Hisingen, Åketorp;Kvinnor;Svenska medborgare;30-49;210
2018;rf;14804135;Norra Hisingen, Åketorp;Män;Ej svenska medborgare;30-49;7
2018;rf;14804135;Norra Hisingen, Åketorp;Kvinnor;Ej svenska medborgare;30-49;11
2018;rf;14804135;Norra Hisingen, Åketorp;Män;Svenska medborgare;50-64;169
2018;rf;14804135;Norra Hisingen, Åketorp;Kvinnor;Svenska medborgare;50-64;183
2018;rf;14804135;Norra Hisingen, Åketorp;Män;Ej svenska medborgare;50-64;3
2018;rf;14804135;Norra Hisingen, Åketorp;Kvinnor;Ej svenska medborgare;50-64;5
2018;rf;14804135;Norra Hisingen, Åketorp;Män;Svenska medborgare;65-;182
2018;rf;14804135;Norra Hisingen, Åketorp;Kvinnor;Svenska medborgare;65-;151
2018;rf;14804135;Norra Hisingen, Åketorp;Män;Ej svenska medborgare;65-;4
2018;rf;14804135;Norra Hisingen, Åketorp;Kvinnor;Ej svenska medborgare;65-;5
2018;rf;14804141;Lundby, Bräcke, Norra;Män;Svenska medborgare;18-29 förstagångsväljare;35
2018;rf;14804141;Lundby, Bräcke, Norra;Kvinnor;Svenska medborgare;18-29 förstagångsväljare;38
2018;rf;14804141;Lundby, Bräcke, Norra;Män;Ej svenska medborgare;18-29 förstagångsväljare;1
2018;rf;14804141;Lundby, Bräcke, Norra;Kvinnor;Ej svenska medborgare;18-29 förstagångsväljare;0
2018;rf;14804141;Lundby, Bräcke, Norra;Män;Svenska medborgare;18-29 ej förstagångsväljare;64
2018;rf;14804141;Lundby, Bräcke, Norra;Kvinnor;Svenska medborgare;18-29 ej förstagångsväljare;91
2018;rf;14804141;Lundby, Bräcke, Norra;Män;Ej svenska medborgare;18-29 ej förstagångsväljare;8
2018;rf;14804141;Lundby, Bräcke, Norra;Kvinnor;Ej svenska medborgare;18-29 ej förstagångsväljare;9
2018;rf;14804141;Lundby, Bräcke, Norra;Män;Svenska medborgare;30-49;256
2018;rf;14804141;Lundby, Bräcke, Norra;Kvinnor;Svenska medborgare;30-49;250
2018;rf;14804141;Lundby, Bräcke, Norra;Män;Ej svenska medborgare;30-49;35
2018;rf;14804141;Lundby, Bräcke, Norra;Kvinnor;Ej svenska medborgare;30-49;22
2018;rf;14804141;Lundby, Bräcke, Norra;Män;Svenska medborgare;50-64;186
2018;rf;14804141;Lundby, Bräcke, Norra;Kvinnor;Svenska medborgare;50-64;150
2018;rf;14804141;Lundby, Bräcke, Norra;Män;Ej svenska medborgare;50-64;11
2018;rf;14804141;Lundby, Bräcke, Norra;Kvinnor;Ej svenska medborgare;50-64;4
2018;rf;14804141;Lundby, Bräcke, Norra;Män;Svenska medborgare;65-;115
2018;rf;14804141;Lundby, Bräcke, Norra;Kvinnor;Svenska medborgare;65-;105
2018;rf;14804141;Lundby, Bräcke, Norra;Män;Ej svenska medborgare;65-;8
2018;rf;14804141;Lundby, Bräcke, Norra;Kvinnor;Ej svenska medborgare;65-;5
2018;rf;14804142;Lundby, Bräcke, Södra;Män;Svenska medborgare;18-29 förstagångsväljare;28
2018;rf;14804142;Lundby, Bräcke, Södra;Kvinnor;Svenska medborgare;18-29 förstagångsväljare;33
2018;rf;14804142;Lundby, Bräcke, Södra;Män;Ej svenska medborgare;18-29 förstagångsväljare;4
2018;rf;14804142;Lundby, Bräcke, Södra;Kvinnor;Ej svenska medborgare;18-29 förstagångsväljare;8
2018;rf;14804142;Lundby, Bräcke, Södra;Män;Svenska medborgare;18-29 ej förstagångsväljare;99
2018;rf;14804142;Lundby, Bräcke, Södra;Kvinnor;Svenska medborgare;18-29 ej förstagångsväljare;83
2018;rf;14804142;Lundby, Bräcke, Södra;Män;Ej svenska medborgare;18-29 ej förstagångsväljare;11
2018;rf;14804142;Lundby, Bräcke, Södra;Kvinnor;Ej svenska medborgare;18-29 ej förstagångsväljare;10
2018;rf;14804142;Lundby, Bräcke, Södra;Män;Svenska medborgare;30-49;221
2018;rf;14804142;Lundby, Bräcke, Södra;Kvinnor;Svenska medborgare;30-49;197
2018;rf;14804142;Lundby, Bräcke, Södra;Män;Ej svenska medborgare;30-49;16
2018;rf;14804142;Lundby, Bräcke, Södra;Kvinnor;Ej svenska medborgare;30-49;10
2018;rf;14804142;Lundby, Bräcke, Södra;Män;Svenska medborgare;50-64;136
2018;rf;14804142;Lundby, Bräcke, Södra;Kvinnor;Svenska medborgare;50-64;122
2018;rf;14804142;Lundby, Bräcke, Södra;Män;Ej svenska medborgare;50-64;8
2018;rf;14804142;Lundby, Bräcke, Södra;Kvinnor;Ej svenska medborgare;50-64;3
2018;rf;14804142;Lundby, Bräcke, Södra;Män;Svenska medborgare;65-;104
2018;rf;14804142;Lundby, Bräcke, Södra;Kvinnor;Svenska medborgare;65-;93
2018;rf;14804142;Lundby, Bräcke, Södra;Män;Ej svenska medborgare;65-;4
2018;rf;14804142;Lundby, Bräcke, Södra;Kvinnor;Ej svenska medborgare;65-;7
2018;rf;14804143;Lundby, Kyrkbyn;Män;Svenska medborgare;18-29 förstagångsväljare;26
2018;rf;14804143;Lundby, Kyrkbyn;Kvinnor;Svenska medborgare;18-29 förstagångsväljare;19
2018;rf;14804143;Lundby, Kyrkbyn;Män;Ej svenska medborgare;18-29 förstagångsväljare;0
2018;rf;14804143;Lundby, Kyrkbyn;Kvinnor;Ej svenska medborgare;18-29 förstagångsväljare;2
2018;rf;14804143;Lundby, Kyrkbyn;Män;Svenska medborgare;18-29 ej förstagångsväljare;147
2018;rf;14804143;Lundby, Kyrkbyn;Kvinnor;Svenska medborgare;18-29 ej förstagångsväljare;145
2018;rf;14804143;Lundby, Kyrkbyn;Män;Ej svenska medborgare;18-29 ej förstagångsväljare;11
2018;rf;14804143;Lundby, Kyrkbyn;Kvinnor;Ej svenska medborgare;18-29 ej förstagångsväljare;21
2018;rf;14804143;Lundby, Kyrkbyn;Män;Svenska medborgare;30-49;268
2018;rf;14804143;Lundby, Kyrkbyn;Kvinnor;Svenska medborgare;30-49;230
2018;rf;14804143;Lundby, Kyrkbyn;Män;Ej svenska medborgare;30-49;41
2018;rf;14804143;Lundby, Kyrkbyn;Kvinnor;Ej svenska medborgare;30-49;28
2018;rf;14804143;Lundby, Kyrkbyn;Män;Svenska medborgare;50-64;141
2018;rf;14804143;Lundby, Kyrkbyn;Kvinnor;Svenska medborgare;50-64;154
2018;rf;14804143;Lundby, Kyrkbyn;Män;Ej svenska medborgare;50-64;14
2018;rf;14804143;Lundby, Kyrkbyn;Kvinnor;Ej svenska medborgare;50-64;6
2018;rf;14804143;Lundby, Kyrkbyn;Män;Svenska medborgare;65-;108
2018;rf;14804143;Lundby, Kyrkbyn;Kvinnor;Svenska medborgare;65-;198
2018;rf;14804143;Lundby, Kyrkbyn;Män;Ej svenska medborgare;65-;8
2018;rf;14804143;Lundby, Kyrkbyn;Kvinnor;Ej svenska medborgare;65-;13
2018;rf;14804144;Lundby, Lundby, Norra;Män;Svenska medborgare;18-29 förstagångsväljare;17
2018;rf;14804144;Lundby, Lundby, Norra;Kvinnor;Svenska medborgare;18-29 förstagångsväljare;20
2018;rf;14804144;Lundby, Lundby, Norra;Män;Ej svenska medborgare;18-29 förstagångsväljare;3
2018;rf;14804144;Lundby, Lundby, Norra;Kvinnor;Ej svenska medborgare;18-29 förstagångsväljare;4
2018;rf;14804144;Lundby, Lundby, Norra;Män;Svenska medborgare;18-29 ej förstagångsväljare;107
2018;rf;14804144;Lundby, Lundby, Norra;Kvinnor;Svenska medborgare;18-29 ej förstagångsväljare;131
2018;rf;14804144;Lundby, Lundby, Norra;Män;Ej svenska medborgare;18-29 ej förstagångsväljare;19
2018;rf;14804144;Lundby, Lundby, Norra;Kvinnor;Ej svenska medborgare;18-29 ej förstagångsväljare;8
2018;rf;14804144;Lundby, Lundby, Norra;Män;Svenska medborgare;30-49;208
2018;rf;14804144;Lundby, Lundby, Norra;Kvinnor;Svenska medborgare;30-49;196
2018;rf;14804144;Lundby, Lundby, Norra;Män;Ej svenska medborgare;30-49;45
2018;rf;14804144;Lundby, Lundby, Norra;Kvinnor;Ej svenska medborgare;30-49;25
2018;rf;14804144;Lundby, Lundby, Norra;Män;Svenska medborgare;50-64;104
2018;rf;14804144;Lundby, Lundby, Norra;Kvinnor;Svenska medborgare;50-64;101
2018;rf;14804144;Lundby, Lundby, Norra;Män;Ej svenska medborgare;50-64;9
2018;rf;14804144;Lundby, Lundby, Norra;Kvinnor;Ej svenska medborgare;50-64;4
2018;rf;14804144;Lundby, Lundby, Norra;Män;Svenska medborgare;65-;113
2018;rf;14804144;Lundby, Lundby, Norra;Kvinnor;Svenska medborgare;65-;166
2018;rf;14804144;Lundby, Lundby, Norra;Män;Ej svenska medborgare;65-;7
2018;rf;14804144;Lundby, Lundby, Norra;Kvinnor;Ej svenska medborgare;65-;9
2018;rf;14804145;Lundby, Lundby, Södra;Män;Svenska medborgare;18-29 förstagångsväljare;18
2018;rf;14804145;Lundby, Lundby, Södra;Kvinnor;Svenska medborgare;18-29 förstagångsväljare;14
2018;rf;14804145;Lundby, Lundby, Södra;Män;Ej svenska medborgare;18-29 förstagångsväljare;2
2018;rf;14804145;Lundby, Lundby, Södra;Kvinnor;Ej svenska medborgare;18-29 förstagångsväljare;1
2018;rf;14804145;Lundby, Lundby, Södra;Män;Svenska medborgare;18-29 ej förstagångsväljare;130
2018;rf;14804145;Lundby, Lundby, Södra;Kvinnor;Svenska medborgare;18-29 ej förstagångsväljare;144
2018;rf;14804145;Lundby, Lundby, Södra;Män;Ej svenska medborgare;18-29 ej förstagångsväljare;14
2018;rf;14804145;Lundby, Lundby, Södra;Kvinnor;Ej svenska medborgare;18-29 ej förstagångsväljare;10
2018;rf;14804145;Lundby, Lundby, Södra;Män;Svenska medborgare;30-49;226
2018;rf;14804145;Lundby, Lundby, Södra;Kvinnor;Svenska medborgare;30-49;172
2018;rf;14804145;Lundby, Lundby, Södra;Män;Ej svenska medborgare;30-49;25
2018;rf;14804145;Lundby, Lundby, Södra;Kvinnor;Ej svenska medborgare;30-49;19
2018;rf;14804145;Lundby, Lundby, Södra;Män;Svenska medborgare;50-64;112
2018;rf;14804145;Lundby, Lundby, Södra;Kvinnor;Svenska medborgare;50-64;89
2018;rf;14804145;Lundby, Lundby, Södra;Män;Ej svenska medborgare;50-64;8
2018;rf;14804145;Lundby, Lundby, Södra;Kvinnor;Ej svenska medborgare;50-64;6
2018;rf;14804145;Lundby, Lundby, Södra;Män;Svenska medborgare;65-;60
2018;rf;14804145;Lundby, Lundby, Södra;Kvinnor;Svenska medborgare;65-;53
2018;rf;14804145;Lundby, Lundby, Södra;Män;Ej svenska medborgare;65-;6
2018;rf;14804145;Lundby, Lundby, Södra;Kvinnor;Ej svenska medborgare;65-;4
2018;rf;14804151;Lundby, Brämaregården, Norra;Män;Svenska medborgare;18-29 förstagångsväljare;16
2018;rf;14804151;Lundby, Brämaregården, Norra;Kvinnor;Svenska medborgare;18-29 förstagångsväljare;21
2018;rf;14804151;Lundby, Brämaregården, Norra;Män;Ej svenska medborgare;18-29 förstagångsväljare;7
2018;rf;14804151;Lundby, Brämaregården, Norra;Kvinnor;Ej svenska medborgare;18-29 förstagångsväljare;1
2018;rf;14804151;Lundby, Brämaregården, Norra;Män;Svenska medborgare;18-29 ej förstagångsväljare;142
2018;rf;14804151;Lundby, Brämaregården, Norra;Kvinnor;Svenska medborgare;18-29 ej förstagångsväljare;155
2018;rf;14804151;Lundby, Brämaregården, Norra;Män;Ej svenska medborgare;18-29 ej förstagångsväljare;13
2018;rf;14804151;Lundby, Brämaregården, Norra;Kvinnor;Ej svenska medborgare;18-29 ej förstagångsväljare;16
2018;rf;14804151;Lundby, Brämaregården, Norra;Män;Svenska medborgare;30-49;339
2018;rf;14804151;Lundby, Brämaregården, Norra;Kvinnor;Svenska medborgare;30-49;262
2018;rf;14804151;Lundby, Brämaregården, Norra;Män;Ej svenska medborgare;30-49;35
2018;rf;14804151;Lundby, Brämaregården, Norra;Kvinnor;Ej svenska medborgare;30-49;32
2018;rf;14804151;Lundby, Brämaregården, Norra;Män;Svenska medborgare;50-64;123
2018;rf;14804151;Lundby, Brämaregården, Norra;Kvinnor;Svenska medborgare;50-64;128
2018;rf;14804151;Lundby, Brämaregården, Norra;Män;Ej svenska medborgare;50-64;16
2018;rf;14804151;Lundby, Brämaregården, Norra;Kvinnor;Ej svenska medborgare;50-64;10
2018;rf;14804151;Lundby, Brämaregården, Norra;Män;Svenska medborgare;65-;106
2018;rf;14804151;Lundby, Brämaregården, Norra;Kvinnor;Svenska medborgare;65-;139
2018;rf;14804151;Lundby, Brämaregården, Norra;Män;Ej svenska medborgare;65-;5
2018;rf;14804151;Lundby, Brämaregården, Norra;Kvinnor;Ej svenska medborgare;65-;7
2018;rf;14804152;Lundby, Brämaregården, Södra;Män;Svenska medborgare;18-29 förstagångsväljare;15
2018;rf;14804152;Lundby, Brämaregården, Södra;Kvinnor;Svenska medborgare;18-29 förstagångsväljare;25
2018;rf;14804152;Lundby, Brämaregården, Södra;Män;Ej svenska medborgare;18-29 förstagångsväljare;5
2018;rf;14804152;Lundby, Brämaregården, Södra;Kvinnor;Ej svenska medborgare;18-29 förstagångsväljare;0
2018;rf;14804152;Lundby, Brämaregården, Södra;Män;Svenska medborgare;18-29 ej förstagångsväljare;173
2018;rf;14804152;Lundby, Brämaregården, Södra;Kvinnor;Svenska medborgare;18-29 ej förstagångsväljare;189
2018;rf;14804152;Lundby, Brämaregården, Södra;Män;Ej svenska medborgare;18-29 ej förstagångsväljare;8
2018;rf;14804152;Lundby, Brämaregården, Södra;Kvinnor;Ej svenska medborgare;18-29 ej förstagångsväljare;14
2018;rf;14804152;Lundby, Brämaregården, Södra;Män;Svenska medborgare;30-49;216
2018;rf;14804152;Lundby, Brämaregården, Södra;Kvinnor;Svenska medborgare;30-49;154
2018;rf;14804152;Lundby, Brämaregården, Södra;Män;Ej svenska medborgare;30-49;38
2018;rf;14804152;Lundby, Brämaregården, Södra;Kvinnor;Ej svenska medborgare;30-49;18
2018;rf;14804152;Lundby, Brämaregården, Södra;Män;Svenska medborgare;50-64;92
2018;rf;14804152;Lundby, Brämaregården, Södra;Kvinnor;Svenska medborgare;50-64;77
2018;rf;14804152;Lundby, Brämaregården, Södra;Män;Ej svenska medborgare;50-64;10
2018;rf;14804152;Lundby, Brämaregården, Södra;Kvinnor;Ej svenska medborgare;50-64;4
2018;rf;14804152;Lundby, Brämaregården, Södra;Män;Svenska medborgare;65-;41
2018;rf;14804152;Lundby, Brämaregården, Södra;Kvinnor;Svenska medborgare;65-;27
2018;rf;14804152;Lundby, Brämaregården, Södra;Män;Ej svenska medborgare;65-;5
2018;rf;14804152;Lundby, Brämaregården, Södra;Kvinnor;Ej svenska medborgare;65-;1
2018;rf;14804153;Lundby, Porslinsfabriken;Män;Svenska medborgare;18-29 förstagångsväljare;16
2018;rf;14804153;Lundby, Porslinsfabriken;Kvinnor;Svenska medborgare;18-29 förstagångsväljare;17
2018;rf;14804153;Lundby, Porslinsfabriken;Män;Ej svenska medborgare;18-29 förstagångsväljare;1
2018;rf;14804153;Lundby, Porslinsfabriken;Kvinnor;Ej svenska medborgare;18-29 förstagångsväljare;0
2018;rf;14804153;Lundby, Porslinsfabriken;Män;Svenska medborgare;18-29 ej förstagångsväljare;145
2018;rf;14804153;Lundby, Porslinsfabriken;Kvinnor;Svenska medborgare;18-29 ej förstagångsväljare;173
2018;rf;14804153;Lundby, Porslinsfabriken;Män;Ej svenska medborgare;18-29 ej förstagångsväljare;11
2018;rf;14804153;Lundby, Porslinsfabriken;Kvinnor;Ej svenska medborgare;18-29 ej förstagångsväljare;6
2018;rf;14804153;Lundby, Porslinsfabriken;Män;Svenska medborgare;30-49;270
2018;rf;14804153;Lundby, Porslinsfabriken;Kvinnor;Svenska medborgare;30-49;202
2018;rf;14804153;Lundby, Porslinsfabriken;Män;Ej svenska medborgare;30-49;32
2018;rf;14804153;Lundby, Porslinsfabriken;Kvinnor;Ej svenska medborgare;30-49;25
2018;rf;14804153;Lundby, Porslinsfabriken;Män;Svenska medborgare;50-64;114
2018;rf;14804153;Lundby, Porslinsfabriken;Kvinnor;Svenska medborgare;50-64;115
2018;rf;14804153;Lundby, Porslinsfabriken;Män;Ej svenska medborgare;50-64;2
2018;rf;14804153;Lundby, Porslinsfabriken;Kvinnor;Ej svenska medborgare;50-64;6
2018;rf;14804153;Lundby, Porslinsfabriken;Män;Svenska medborgare;65-;65
2018;rf;14804153;Lundby, Porslinsfabriken;Kvinnor;Svenska medborgare;65-;56
2018;rf;14804153;Lundby, Porslinsfabriken;Män;Ej svenska medborgare;65-;3
2018;rf;14804153;Lundby, Porslinsfabriken;Kvinnor;Ej svenska medborgare;65-;2
2018;rf;14804154;Lundby, Rambergsstaden, Norra;Män;Svenska medborgare;18-29 förstagångsväljare;19
2018;rf;14804154;Lundby, Rambergsstaden, Norra;Kvinnor;Svenska medborgare;18-29 förstagångsväljare;16
2018;rf;14804154;Lundby, Rambergsstaden, Norra;Män;Ej svenska medborgare;18-29 förstagångsväljare;2
2018;rf;14804154;Lundby, Rambergsstaden, Norra;Kvinnor;Ej svenska medborgare;18-29 förstagångsväljare;3
2018;rf;14804154;Lundby, Rambergsstaden, Norra;Män;Svenska medborgare;18-29 ej förstagångsväljare;89
2018;rf;14804154;Lundby, Rambergsstaden, Norra;Kvinnor;Svenska medborgare;18-29 ej förstagångsväljare;88
2018;rf;14804154;Lundby, Rambergsstaden, Norra;Män;Ej svenska medborgare;18-29 ej förstagångsväljare;16
2018;rf;14804154;Lundby, Rambergsstaden, Norra;Kvinnor;Ej svenska medborgare;18-29 ej förstagångsväljare;8
2018;rf;14804154;Lundby, Rambergsstaden, Norra;Män;Svenska medborgare;30-49;170
2018;rf;14804154;Lundby, Rambergsstaden, Norra;Kvinnor;Svenska medborgare;30-49;148
2018;rf;14804154;Lundby, Rambergsstaden, Norra;Män;Ej svenska medborgare;30-49;18
2018;rf;14804154;Lundby, Rambergsstaden, Norra;Kvinnor;Ej svenska medborgare;30-49;11
2018;rf;14804154;Lundby, Rambergsstaden, Norra;Män;Svenska medborgare;50-64;110
2018;rf;14804154;Lundby, Rambergsstaden, Norra;Kvinnor;Svenska medborgare;50-64;132
2018;rf;14804154;Lundby, Rambergsstaden, Norra;Män;Ej svenska medborgare;50-64;3
2018;rf;14804154;Lundby, Rambergsstaden, Norra;Kvinnor;Ej svenska medborgare;50-64;6
2018;rf;14804154;Lundby, Rambergsstaden, Norra;Män;Svenska medborgare;65-;140
2018;rf;14804154;Lundby, Rambergsstaden, Norra;Kvinnor;Svenska medborgare;65-;214
2018;rf;14804154;Lundby, Rambergsstaden, Norra;Män;Ej svenska medborgare;65-;8
2018;rf;14804154;Lundby, Rambergsstaden, Norra;Kvinnor;Ej svenska medborgare;65-;10
2018;rf;14804155;Lundby, Rambergsstaden, Södra;Män;Svenska medborgare;18-29 förstagångsväljare;23
2018;rf;14804155;Lundby, Rambergsstaden, Södra;Kvinnor;Svenska medborgare;18-29 förstagångsväljare;12
2018;rf;14804155;Lundby, Rambergsstaden, Södra;Män;Ej svenska medborgare;18-29 förstagångsväljare;8
2018;rf;14804155;Lundby, Rambergsstaden, Södra;Kvinnor;Ej svenska medborgare;18-29 förstagångsväljare;5
2018;rf;14804155;Lundby, Rambergsstaden, Södra;Män;Svenska medborgare;18-29 ej förstagångsväljare;171
2018;rf;14804155;Lundby, Rambergsstaden, Södra;Kvinnor;Svenska medborgare;18-29 ej förstagångsväljare;156
2018;rf;14804155;Lundby, Rambergsstaden, Södra;Män;Ej svenska medborgare;18-29 ej förstagångsväljare;32
2018;rf;14804155;Lundby, Rambergsstaden, Södra;Kvinnor;Ej svenska medborgare;18-29 ej förstagångsväljare;28
2018;rf;14804155;Lundby, Rambergsstaden, Södra;Män;Svenska medborgare;30-49;320
2018;rf;14804155;Lundby, Rambergsstaden, Södra;Kvinnor;Svenska medborgare;30-49;184
2018;rf;14804155;Lundby, Rambergsstaden, Södra;Män;Ej svenska medborgare;30-49;86
2018;rf;14804155;Lundby, Rambergsstaden, Södra;Kvinnor;Ej svenska medborgare;30-49;26
2018;rf;14804155;Lundby, Rambergsstaden, Södra;Män;Svenska medborgare;50-64;115
2018;rf;14804155;Lundby, Rambergsstaden, Södra;Kvinnor;Svenska medborgare;50-64;61
2018;rf;14804155;Lundby, Rambergsstaden, Södra;Män;Ej svenska medborgare;50-64;15
2018;rf;14804155;Lundby, Rambergsstaden, Södra;Kvinnor;Ej svenska medborgare;50-64;13
2018;rf;14804155;Lundby, Rambergsstaden, Södra;Män;Svenska medborgare;65-;63
2018;rf;14804155;Lundby, Rambergsstaden, Södra;Kvinnor;Svenska medborgare;65-;30
2018;rf;14804155;Lundby, Rambergsstaden, Södra;Män;Ej svenska medborgare;65-;15
2018;rf;14804155;Lundby, Rambergsstaden, Södra;Kvinnor;Ej svenska medborgare;65-;1
2018;rf;14804156;Lundby, Rambergsstaden, Östra;Män;Svenska medborgare;18-29 förstagångsväljare;30
2018;rf;14804156;Lundby, Rambergsstaden, Östra;Kvinnor;Svenska medborgare;18-29 förstagångsväljare;23
2018;rf;14804156;Lundby, Rambergsstaden, Östra;Män;Ej svenska medborgare;18-29 förstagångsväljare;5
2018;rf;14804156;Lundby, Rambergsstaden, Östra;Kvinnor;Ej svenska medborgare;18-29 förstagångsväljare;1
2018;rf;14804156;Lundby, Rambergsstaden, Östra;Män;Svenska medborgare;18-29 ej förstagångsväljare;149
2018;rf;14804156;Lundby, Rambergsstaden, Östra;Kvinnor;Svenska medborgare;18-29 ej förstagångsväljare;161
2018;rf;14804156;Lundby, Rambergsstaden, Östra;Män;Ej svenska medborgare;18-29 ej förstagångsväljare;9
2018;rf;14804156;Lundby, Rambergsstaden, Östra;Kvinnor;Ej svenska medborgare;18-29 ej förstagångsväljare;9
2018;rf;14804156;Lundby, Rambergsstaden, Östra;Män;Svenska medborgare;30-49;249
2018;rf;14804156;Lundby, Rambergsstaden, Östra;Kvinnor;Svenska medborgare;30-49;219
2018;rf;14804156;Lundby, Rambergsstaden, Östra;Män;Ej svenska medborgare;30-49;35
2018;rf;14804156;Lundby, Rambergsstaden, Östra;Kvinnor;Ej svenska medborgare;30-49;29
2018;rf;14804156;Lundby, Rambergsstaden, Östra;Män;Svenska medborgare;50-64;133
2018;rf;14804156;Lundby, Rambergsstaden, Östra;Kvinnor;Svenska medborgare;50-64;131
2018;rf;14804156;Lundby, Rambergsstaden, Östra;Män;Ej svenska medborgare;50-64;12
2018;rf;14804156;Lundby, Rambergsstaden, Östra;Kvinnor;Ej svenska medborgare;50-64;5
2018;rf;14804156;Lundby, Rambergsstaden, Östra;Män;Svenska medborgare;65-;131
2018;rf;14804156;Lundby, Rambergsstaden, Östra;Kvinnor;Svenska medborgare;65-;160
2018;rf;14804156;Lundby, Rambergsstaden, Östra;Män;Ej svenska medborgare;65-;3
2018;rf;14804156;Lundby, Rambergsstaden, Östra;Kvinnor;Ej svenska medborgare;65-;6
2018;rf;14804161;Lundby, Eriksberg, Västra;Män;Svenska medborgare;18-29 förstagångsväljare;18
2018;rf;14804161;Lundby, Eriksberg, Västra;Kvinnor;Svenska medborgare;18-29 förstagångsväljare;17
2018;rf;14804161;Lundby, Eriksberg, Västra;Män;Ej svenska medborgare;18-29 förstagångsväljare;2
2018;rf;14804161;Lundby, Eriksberg, Västra;Kvinnor;Ej svenska medborgare;18-29 förstagångsväljare;1
2018;rf;14804161;Lundby, Eriksberg, Västra;Män;Svenska medborgare;18-29 ej förstagångsväljare;69
2018;rf;14804161;Lundby, Eriksberg, Västra;Kvinnor;Svenska medborgare;18-29 ej förstagångsväljare;79
2018;rf;14804161;Lundby, Eriksberg, Västra;Män;Ej svenska medborgare;18-29 ej förstagångsväljare;4
2018;rf;14804161;Lundby, Eriksberg, Västra;Kvinnor;Ej svenska medborgare;18-29 ej förstagångsväljare;6
2018;rf;14804161;Lundby, Eriksberg, Västra;Män;Svenska medborgare;30-49;257
2018;rf;14804161;Lundby, Eriksberg, Västra;Kvinnor;Svenska medborgare;30-49;228
2018;rf;14804161;Lundby, Eriksberg, Västra;Män;Ej svenska medborgare;30-49;25
2018;rf;14804161;Lundby, Eriksberg, Västra;Kvinnor;Ej svenska medborgare;30-49;21
2018;rf;14804161;Lundby, Eriksberg, Västra;Män;Svenska medborgare;50-64;177
2018;rf;14804161;Lundby, Eriksberg, Västra;Kvinnor;Svenska medborgare;50-64;209
2018;rf;14804161;Lundby, Eriksberg, Västra;Män;Ej svenska medborgare;50-64;8
2018;rf;14804161;Lundby, Eriksberg, Västra;Kvinnor;Ej svenska medborgare;50-64;1
2018;rf;14804161;Lundby, Eriksberg, Västra;Män;Svenska medborgare;65-;147
2018;rf;14804161;Lundby, Eriksberg, Västra;Kvinnor;Svenska medborgare;65-;170
2018;rf;14804161;Lundby, Eriksberg, Västra;Män;Ej svenska medborgare;65-;1
2018;rf;14804161;Lundby, Eriksberg, Västra;Kvinnor;Ej svenska medborgare;65-;2
2018;rf;14804162;Lundby, Eriksberg, Östra;Män;Svenska medborgare;18-29 förstagångsväljare;15
2018;rf;14804162;Lundby, Eriksberg, Östra;Kvinnor;Svenska medborgare;18-29 förstagångsväljare;21
2018;rf;14804162;Lundby, Eriksberg, Östra;Män;Ej svenska medborgare;18-29 förstagångsväljare;0
2018;rf;14804162;Lundby, Eriksberg, Östra;Kvinnor;Ej svenska medborgare;18-29 förstagångsväljare;1
2018;rf;14804162;Lundby, Eriksberg, Östra;Män;Svenska medborgare;18-29 ej förstagångsväljare;119
2018;rf;14804162;Lundby, Eriksberg, Östra;Kvinnor;Svenska medborgare;18-29 ej förstagångsväljare;141
2018;rf;14804162;Lundby, Eriksberg, Östra;Män;Ej svenska medborgare;18-29 ej förstagångsväljare;4
2018;rf;14804162;Lundby, Eriksberg, Östra;Kvinnor;Ej svenska medborgare;18-29 ej förstagångsväljare;10
2018;rf;14804162;Lundby, Eriksberg, Östra;Män;Svenska medborgare;30-49;223
2018;rf;14804162;Lundby, Eriksberg, Östra;Kvinnor;Svenska medborgare;30-49;179
2018;rf;14804162;Lundby, Eriksberg, Östra;Män;Ej svenska medborgare;30-49;19
2018;rf;14804162;Lundby, Eriksberg, Östra;Kvinnor;Ej svenska medborgare;30-49;14
2018;rf;14804162;Lundby, Eriksberg, Östra;Män;Svenska medborgare;50-64;151
2018;rf;14804162;Lundby, Eriksberg, Östra;Kvinnor;Svenska medborgare;50-64;177
2018;rf;14804162;Lundby, Eriksberg, Östra;Män;Ej svenska medborgare;50-64;5
2018;rf;14804162;Lundby, Eriksberg, Östra;Kvinnor;Ej svenska medborgare;50-64;4
2018;rf;14804162;Lundby, Eriksberg, Östra;Män;Svenska medborgare;65-;150
2018;rf;14804162;Lundby, Eriksberg, Östra;Kvinnor;Svenska medborgare;65-;197
2018;rf;14804162;Lundby, Eriksberg, Östra;Män;Ej svenska medborgare;65-;3
2018;rf;14804162;Lundby, Eriksberg, Östra;Kvinnor;Ej svenska medborgare;65-;6
2018;rf;14804163;Lundby, Färjenäs;Män;Svenska medborgare;18-29 förstagångsväljare;11
2018;rf;14804163;Lundby, Färjenäs;Kvinnor;Svenska medborgare;18-29 förstagångsväljare;6
2018;rf;14804163;Lundby, Färjenäs;Män;Ej svenska medborgare;18-29 förstagångsväljare;0
2018;rf;14804163;Lundby, Färjenäs;Kvinnor;Ej svenska medborgare;18-29 förstagångsväljare;1
2018;rf;14804163;Lundby, Färjenäs;Män;Svenska medborgare;18-29 ej förstagångsväljare;33
2018;rf;14804163;Lundby, Färjenäs;Kvinnor;Svenska medborgare;18-29 ej förstagångsväljare;43
2018;rf;14804163;Lundby, Färjenäs;Män;Ej svenska medborgare;18-29 ej förstagångsväljare;1
2018;rf;14804163;Lundby, Färjenäs;Kvinnor;Ej svenska medborgare;18-29 ej förstagångsväljare;1
2018;rf;14804163;Lundby, Färjenäs;Män;Svenska medborgare;30-49;108
2018;rf;14804163;Lundby, Färjenäs;Kvinnor;Svenska medborgare;30-49;88
2018;rf;14804163;Lundby, Färjenäs;Män;Ej svenska medborgare;30-49;7
2018;rf;14804163;Lundby, Färjenäs;Kvinnor;Ej svenska medborgare;30-49;12
2018;rf;14804163;Lundby, Färjenäs;Män;Svenska medborgare;50-64;110
2018;rf;14804163;Lundby, Färjenäs;Kvinnor;Svenska medborgare;50-64;119
2018;rf;14804163;Lundby, Färjenäs;Män;Ej svenska medborgare;50-64;6
2018;rf;14804163;Lundby, Färjenäs;Kvinnor;Ej svenska medborgare;50-64;2
2018;rf;14804163;Lundby, Färjenäs;Män;Svenska medborgare;65-;90
2018;rf;14804163;Lundby, Färjenäs;Kvinnor;Svenska medborgare;65-;89
2018;rf;14804163;Lundby, Färjenäs;Män;Ej svenska medborgare;65-;3
2018;rf;14804163;Lundby, Färjenäs;Kvinnor;Ej svenska medborgare;65-;3
2018;rf;14804164;Lundby, Pölsebo-Bratterås;Män;Svenska medborgare;18-29 förstagångsväljare;17
2018;rf;14804164;Lundby, Pölsebo-Bratterås;Kvinnor;Svenska medborgare;18-29 förstagångsväljare;23
2018;rf;14804164;Lundby, Pölsebo-Bratterås;Män;Ej svenska medborgare;18-29 förstagångsväljare;1
2018;rf;14804164;Lundby, Pölsebo-Bratterås;Kvinnor;Ej svenska medborgare;18-29 förstagångsväljare;0
2018;rf;14804164;Lundby, Pölsebo-Bratterås;Män;Svenska medborgare;18-29 ej förstagångsväljare;139
2018;rf;14804164;Lundby, Pölsebo-Bratterås;Kvinnor;Svenska medborgare;18-29 ej förstagångsväljare;153
2018;rf;14804164;Lundby, Pölsebo-Bratterås;Män;Ej svenska medborgare;18-29 ej förstagångsväljare;11
2018;rf;14804164;Lundby, Pölsebo-Bratterås;Kvinnor;Ej svenska medborgare;18-29 ej förstagångsväljare;9
2018;rf;14804164;Lundby, Pölsebo-Bratterås;Män;Svenska medborgare;30-49;372
2018;rf;14804164;Lundby, Pölsebo-Bratterås;Kvinnor;Svenska medborgare;30-49;325
2018;rf;14804164;Lundby, Pölsebo-Bratterås;Män;Ej svenska medborgare;30-49;35
2018;rf;14804164;Lundby, Pölsebo-Bratterås;Kvinnor;Ej svenska medborgare;30-49;31
2018;rf;14804164;Lundby, Pölsebo-Bratterås;Män;Svenska medborgare;50-64;118
2018;rf;14804164;Lundby, Pölsebo-Bratterås;Kvinnor;Svenska medborgare;50-64;135
2018;rf;14804164;Lundby, Pölsebo-Bratterås;Män;Ej svenska medborgare;50-64;5
2018;rf;14804164;Lundby, Pölsebo-Bratterås;Kvinnor;Ej svenska medborgare;50-64;5
2018;rf;14804164;Lundby, Pölsebo-Bratterås;Män;Svenska medborgare;65-;75
2018;rf;14804164;Lundby, Pölsebo-Bratterås;Kvinnor;Svenska medborgare;65-;77
2018;rf;14804164;Lundby, Pölsebo-Bratterås;Män;Ej svenska medborgare;65-;1
2018;rf;14804164;Lundby, Pölsebo-Bratterås;Kvinnor;Ej svenska medborgare;65-;0
2018;rf;14804165;Lundby, Sannegården, Västra;Män;Svenska medborgare;18-29 förstagångsväljare;22
2018;rf;14804165;Lundby, Sannegården, Västra;Kvinnor;Svenska medborgare;18-29 förstagångsväljare;18
2018;rf;14804165;Lundby, Sannegården, Västra;Män;Ej svenska medborgare;18-29 förstagångsväljare;2
2018;rf;14804165;Lundby, Sannegården, Västra;Kvinnor;Ej svenska medborgare;18-29 förstagångsväljare;0
2018;rf;14804165;Lundby, Sannegården, Västra;Män;Svenska medborgare;18-29 ej förstagångsväljare;76
2018;rf;14804165;Lundby, Sannegården, Västra;Kvinnor;Svenska medborgare;18-29 ej förstagångsväljare;101
2018;rf;14804165;Lundby, Sannegården, Västra;Män;Ej svenska medborgare;18-29 ej förstagångsväljare;2
2018;rf;14804165;Lundby, Sannegården, Västra;Kvinnor;Ej svenska medborgare;18-29 ej förstagångsväljare;6
2018;rf;14804165;Lundby, Sannegården, Västra;Män;Svenska medborgare;30-49;268
2018;rf;14804165;Lundby, Sannegården, Västra;Kvinnor;Svenska medborgare;30-49;246
2018;rf;14804165;Lundby, Sannegården, Västra;Män;Ej svenska medborgare;30-49;31
2018;rf;14804165;Lundby, Sannegården, Västra;Kvinnor;Ej svenska medborgare;30-49;23
2018;rf;14804165;Lundby, Sannegården, Västra;Män;Svenska medborgare;50-64;193
2018;rf;14804165;Lundby, Sannegården, Västra;Kvinnor;Svenska medborgare;50-64;210
2018;rf;14804165;Lundby, Sannegården, Västra;Män;Ej svenska medborgare;50-64;8
2018;rf;14804165;Lundby, Sannegården, Västra;Kvinnor;Ej svenska medborgare;50-64;9
2018;rf;14804165;Lundby, Sannegården, Västra;Män;Svenska medborgare;65-;127
2018;rf;14804165;Lundby, Sannegården, Västra;Kvinnor;Svenska medborgare;65-;148
2018;rf;14804165;Lundby, Sannegården, Västra;Män;Ej svenska medborgare;65-;1
2018;rf;14804165;Lundby, Sannegården, Västra;Kvinnor;Ej svenska medborgare;65-;3
2018;rf;14804166;Lundby, Södhallsberget;Män;Svenska medborgare;18-29 förstagångsväljare;17
2018;rf;14804166;Lundby, Södhallsberget;Kvinnor;Svenska medborgare;18-29 förstagångsväljare;13
2018;rf;14804166;Lundby, Södhallsberget;Män;Ej svenska medborgare;18-29 förstagångsväljare;1
2018;rf;14804166;Lundby, Södhallsberget;Kvinnor;Ej svenska medborgare;18-29 förstagångsväljare;0
2018;rf;14804166;Lundby, Södhallsberget;Män;Svenska medborgare;18-29 ej förstagångsväljare;60
2018;rf;14804166;Lundby, Södhallsberget;Kvinnor;Svenska medborgare;18-29 ej förstagångsväljare;57
2018;rf;14804166;Lundby, Södhallsberget;Män;Ej svenska medborgare;18-29 ej förstagångsväljare;5
2018;rf;14804166;Lundby, Södhallsberget;Kvinnor;Ej svenska medborgare;18-29 ej förstagångsväljare;4
2018;rf;14804166;Lundby, Södhallsberget;Män;Svenska medborgare;30-49;185
2018;rf;14804166;Lundby, Södhallsberget;Kvinnor;Svenska medborgare;30-49;156
2018;rf;14804166;Lundby, Södhallsberget;Män;Ej svenska medborgare;30-49;16
2018;rf;14804166;Lundby, Södhallsberget;Kvinnor;Ej svenska medborgare;30-49;16
2018;rf;14804166;Lundby, Södhallsberget;Män;Svenska medborgare;50-64;167
2018;rf;14804166;Lundby, Södhallsberget;Kvinnor;Svenska medborgare;50-64;175
2018;rf;14804166;Lundby, Södhallsberget;Män;Ej svenska medborgare;50-64;7
2018;rf;14804166;Lundby, Södhallsberget;Kvinnor;Ej svenska medborgare;50-64;6
2018;rf;14804166;Lundby, Södhallsberget;Män;Svenska medborgare;65-;169
2018;rf;14804166;Lundby, Södhallsberget;Kvinnor;Svenska medborgare;65-;234
2018;rf;14804166;Lundby, Södhallsberget;Män;Ej svenska medborgare;65-;5
2018;rf;14804166;Lundby, Södhallsberget;Kvinnor;Ej svenska medborgare;65-;3
2018;rf;14804171;Lundby, Lindholmen;Män;Svenska medborgare;18-29 förstagångsväljare;26
2018;rf;14804171;Lundby, Lindholmen;Kvinnor;Svenska medborgare;18-29 förstagångsväljare;33
2018;rf;14804171;Lundby, Lindholmen;Män;Ej svenska medborgare;18-29 förstagångsväljare;1
2018;rf;14804171;Lundby, Lindholmen;Kvinnor;Ej svenska medborgare;18-29 förstagångsväljare;2
2018;rf;14804171;Lundby, Lindholmen;Män;Svenska medborgare;18-29 ej förstagångsväljare;120
2018;rf;14804171;Lundby, Lindholmen;Kvinnor;Svenska medborgare;18-29 ej förstagångsväljare;131
2018;rf;14804171;Lundby, Lindholmen;Män;Ej svenska medborgare;18-29 ej förstagångsväljare;14
2018;rf;14804171;Lundby, Lindholmen;Kvinnor;Ej svenska medborgare;18-29 ej förstagångsväljare;15
2018;rf;14804171;Lundby, Lindholmen;Män;Svenska medborgare;30-49;143
2018;rf;14804171;Lundby, Lindholmen;Kvinnor;Svenska medborgare;30-49;134
2018;rf;14804171;Lundby, Lindholmen;Män;Ej svenska medborgare;30-49;16
2018;rf;14804171;Lundby, Lindholmen;Kvinnor;Ej svenska medborgare;30-49;8
2018;rf;14804171;Lundby, Lindholmen;Män;Svenska medborgare;50-64;121
2018;rf;14804171;Lundby, Lindholmen;Kvinnor;Svenska medborgare;50-64;131
2018;rf;14804171;Lundby, Lindholmen;Män;Ej svenska medborgare;50-64;3
2018;rf;14804171;Lundby, Lindholmen;Kvinnor;Ej svenska medborgare;50-64;1
2018;rf;14804171;Lundby, Lindholmen;Män;Svenska medborgare;65-;91
2018;rf;14804171;Lundby, Lindholmen;Kvinnor;Svenska medborgare;65-;113
2018;rf;14804171;Lundby, Lindholmen;Män;Ej svenska medborgare;65-;8
2018;rf;14804171;Lundby, Lindholmen;Kvinnor;Ej svenska medborgare;65-;3
2018;rf;14804172;Lundby, Lundbyvassen;Män;Svenska medborgare;18-29 förstagångsväljare;31
2018;rf;14804172;Lundby, Lundbyvassen;Kvinnor;Svenska medborgare;18-29 förstagångsväljare;16
2018;rf;14804172;Lundby, Lundbyvassen;Män;Ej svenska medborgare;18-29 förstagångsväljare;1
2018;rf;14804172;Lundby, Lundbyvassen;Kvinnor;Ej svenska medborgare;18-29 förstagångsväljare;1
2018;rf;14804172;Lundby, Lundbyvassen;Män;Svenska medborgare;18-29 ej förstagångsväljare;299
2018;rf;14804172;Lundby, Lundbyvassen;Kvinnor;Svenska medborgare;18-29 ej förstagångsväljare;239
2018;rf;14804172;Lundby, Lundbyvassen;Män;Ej svenska medborgare;18-29 ej förstagångsväljare;33
2018;rf;14804172;Lundby, Lundbyvassen;Kvinnor;Ej svenska medborgare;18-29 ej förstagångsväljare;16
2018;rf;14804172;Lundby, Lundbyvassen;Män;Svenska medborgare;30-49;123
2018;rf;14804172;Lundby, Lundbyvassen;Kvinnor;Svenska medborgare;30-49;86
2018;rf;14804172;Lundby, Lundbyvassen;Män;Ej svenska medborgare;30-49;37
2018;rf;14804172;Lundby, Lundbyvassen;Kvinnor;Ej svenska medborgare;30-49;19
2018;rf;14804172;Lundby, Lundbyvassen;Män;Svenska medborgare;50-64;29
2018;rf;14804172;Lundby, Lundbyvassen;Kvinnor;Svenska medborgare;50-64;32
2018;rf;14804172;Lundby, Lundbyvassen;Män;Ej svenska medborgare;50-64;3
2018;rf;14804172;Lundby, Lundbyvassen;Kvinnor;Ej svenska medborgare;50-64;2
2018;rf;14804172;Lundby, Lundbyvassen;Män;Svenska medborgare;65-;11
2018;rf;14804172;Lundby, Lundbyvassen;Kvinnor;Svenska medborgare;65-;10
2018;rf;14804172;Lundby, Lundbyvassen;Män;Ej svenska medborgare;65-;0
2018;rf;14804172;Lundby, Lundbyvassen;Kvinnor;Ej svenska medborgare;65-;0
2018;rf;14804173;Lundby, Sannegården, Östra;Män;Svenska medborgare;18-29 förstagångsväljare;20
2018;rf;14804173;Lundby, Sannegården, Östra;Kvinnor;Svenska medborgare;18-29 förstagångsväljare;15
2018;rf;14804173;Lundby, Sannegården, Östra;Män;Ej svenska medborgare;18-29 förstagångsväljare;0
2018;rf;14804173;Lundby, Sannegården, Östra;Kvinnor;Ej svenska medborgare;18-29 förstagångsväljare;0
2018;rf;14804173;Lundby, Sannegården, Östra;Män;Svenska medborgare;18-29 ej förstagångsväljare;57
2018;rf;14804173;Lundby, Sannegården, Östra;Kvinnor;Svenska medborgare;18-29 ej förstagångsväljare;56
2018;rf;14804173;Lundby, Sannegården, Östra;Män;Ej svenska medborgare;18-29 ej förstagångsväljare;2
2018;rf;14804173;Lundby, Sannegården, Östra;Kvinnor;Ej svenska medborgare;18-29 ej förstagångsväljare;4
2018;rf;14804173;Lundby, Sannegården, Östra;Män;Svenska medborgare;30-49;171
2018;rf;14804173;Lundby, Sannegården, Östra;Kvinnor;Svenska medborgare;30-49;152
2018;rf;14804173;Lundby, Sannegården, Östra;Män;Ej svenska medborgare;30-49;20
2018;rf;14804173;Lundby, Sannegården, Östra;Kvinnor;Ej svenska medborgare;30-49;22
2018;rf;14804173;Lundby, Sannegården, Östra;Män;Svenska medborgare;50-64;154
2018;rf;14804173;Lundby, Sannegården, Östra;Kvinnor;Svenska medborgare;50-64;144
2018;rf;14804173;Lundby, Sannegården, Östra;Män;Ej svenska medborgare;50-64;9
2018;rf;14804173;Lundby, Sannegården, Östra;Kvinnor;Ej svenska medborgare;50-64;5
2018;rf;14804173;Lundby, Sannegården, Östra;Män;Svenska medborgare;65-;126
2018;rf;14804173;Lundby, Sannegården, Östra;Kvinnor;Svenska medborgare;65-;127
2018;rf;14804173;Lundby, Sannegården, Östra;Män;Ej svenska medborgare;65-;4
2018;rf;14804173;Lundby, Sannegården, Östra;Kvinnor;Ej svenska medborgare;65-;2
2018;rf;14805011;Västra Göteborg, Björnekulla;Män;Svenska medborgare;18-29 förstagångsväljare;29
2018;rf;14805011;Västra Göteborg, Björnekulla;Kvinnor;Svenska medborgare;18-29 förstagångsväljare;27
2018;rf;14805011;Västra Göteborg, Björnekulla;Män;Ej svenska medborgare;18-29 förstagångsväljare;1
2018;rf;14805011;Västra Göteborg, Björnekulla;Kvinnor;Ej svenska medborgare;18-29 förstagångsväljare;1
2018;rf;14805011;Västra Göteborg, Björnekulla;Män;Svenska medborgare;18-29 ej förstagångsväljare;29
2018;rf;14805011;Västra Göteborg, Björnekulla;Kvinnor;Svenska medborgare;18-29 ej förstagångsväljare;24
2018;rf;14805011;Västra Göteborg, Björnekulla;Män;Ej svenska medborgare;18-29 ej förstagångsväljare;1
2018;rf;14805011;Västra Göteborg, Björnekulla;Kvinnor;Ej svenska medborgare;18-29 ej förstagångsväljare;2
2018;rf;14805011;Västra Göteborg, Björnekulla;Män;Svenska medborgare;30-49;136
2018;rf;14805011;Västra Göteborg, Björnekulla;Kvinnor;Svenska medborgare;30-49;151
2018;rf;14805011;Västra Göteborg, Björnekulla;Män;Ej svenska medborgare;30-49;3
2018;rf;14805011;Västra Göteborg, Björnekulla;Kvinnor;Ej svenska medborgare;30-49;7
2018;rf;14805011;Västra Göteborg, Björnekulla;Män;Svenska medborgare;50-64;118
2018;rf;14805011;Västra Göteborg, Björnekulla;Kvinnor;Svenska medborgare;50-64;115
2018;rf;14805011;Västra Göteborg, Björnekulla;Män;Ej svenska medborgare;50-64;4
2018;rf;14805011;Västra Göteborg, Björnekulla;Kvinnor;Ej svenska medborgare;50-64;3
2018;rf;14805011;Västra Göteborg, Björnekulla;Män;Svenska medborgare;65-;189
2018;rf;14805011;Västra Göteborg, Björnekulla;Kvinnor;Svenska medborgare;65-;216
2018;rf;14805011;Västra Göteborg, Björnekulla;Män;Ej svenska medborgare;65-;2
2018;rf;14805011;Västra Göteborg, Björnekulla;Kvinnor;Ej svenska medborgare;65-;4
2018;rf;14805012;Västra Göteborg, Fiskebäck,;Män;Svenska medborgare;18-29 förstagångsväljare;29
2018;rf;14805012;Västra Göteborg, Fiskebäck,;Kvinnor;Svenska medborgare;18-29 förstagångsväljare;38
2018;rf;14805012;Västra Göteborg, Fiskebäck,;Män;Ej svenska medborgare;18-29 förstagångsväljare;0
2018;rf;14805012;Västra Göteborg, Fiskebäck,;Kvinnor;Ej svenska medborgare;18-29 förstagångsväljare;0
2018;rf;14805012;Västra Göteborg, Fiskebäck,;Män;Svenska medborgare;18-29 ej förstagångsväljare;31
2018;rf;14805012;Västra Göteborg, Fiskebäck,;Kvinnor;Svenska medborgare;18-29 ej förstagångsväljare;49
2018;rf;14805012;Västra Göteborg, Fiskebäck,;Män;Ej svenska medborgare;18-29 ej förstagångsväljare;0
2018;rf;14805012;Västra Göteborg, Fiskebäck,;Kvinnor;Ej svenska medborgare;18-29 ej förstagångsväljare;0
2018;rf;14805012;Västra Göteborg, Fiskebäck,;Män;Svenska medborgare;30-49;155
2018;rf;14805012;Västra Göteborg, Fiskebäck,;Kvinnor;Svenska medborgare;30-49;157
2018;rf;14805012;Västra Göteborg, Fiskebäck,;Män;Ej svenska medborgare;30-49;8
2018;rf;14805012;Västra Göteborg, Fiskebäck,;Kvinnor;Ej svenska medborgare;30-49;5
2018;rf;14805012;Västra Göteborg, Fiskebäck,;Män;Svenska medborgare;50-64;130
2018;rf;14805012;Västra Göteborg, Fiskebäck,;Kvinnor;Svenska medborgare;50-64;137
2018;rf;14805012;Västra Göteborg, Fiskebäck,;Män;Ej svenska medborgare;50-64;4
2018;rf;14805012;Västra Göteborg, Fiskebäck,;Kvinnor;Ej svenska medborgare;50-64;2
2018;rf;14805012;Västra Göteborg, Fiskebäck,;Män;Svenska medborgare;65-;193
2018;rf;14805012;Västra Göteborg, Fiskebäck,;Kvinnor;Svenska medborgare;65-;222
2018;rf;14805012;Västra Göteborg, Fiskebäck,;Män;Ej svenska medborgare;65-;4
2018;rf;14805012;Västra Göteborg, Fiskebäck,;Kvinnor;Ej svenska medborgare;65-;3
2018;rf;14805013;Västra Göteborg, Källängen;Män;Svenska medborgare;18-29 förstagångsväljare;48
2018;rf;14805013;Västra Göteborg, Källängen;Kvinnor;Svenska medborgare;18-29 förstagångsväljare;31
2018;rf;14805013;Västra Göteborg, Källängen;Män;Ej svenska medborgare;18-29 förstagångsväljare;1
2018;rf;14805013;Västra Göteborg, Källängen;Kvinnor;Ej svenska medborgare;18-29 förstagångsväljare;1
2018;rf;14805013;Västra Göteborg, Källängen;Män;Svenska medborgare;18-29 ej förstagångsväljare;27
2018;rf;14805013;Västra Göteborg, Källängen;Kvinnor;Svenska medborgare;18-29 ej förstagångsväljare;33
2018;rf;14805013;Västra Göteborg, Källängen;Män;Ej svenska medborgare;18-29 ej förstagångsväljare;1
2018;rf;14805013;Västra Göteborg, Källängen;Kvinnor;Ej svenska medborgare;18-29 ej förstagångsväljare;1
2018;rf;14805013;Västra Göteborg, Källängen;Män;Svenska medborgare;30-49;209
2018;rf;14805013;Västra Göteborg, Källängen;Kvinnor;Svenska medborgare;30-49;225
2018;rf;14805013;Västra Göteborg, Källängen;Män;Ej svenska medborgare;30-49;8
2018;rf;14805013;Västra Göteborg, Källängen;Kvinnor;Ej svenska medborgare;30-49;9
2018;rf;14805013;Västra Göteborg, Källängen;Män;Svenska medborgare;50-64;164
2018;rf;14805013;Västra Göteborg, Källängen;Kvinnor;Svenska medborgare;50-64;156
2018;rf;14805013;Västra Göteborg, Källängen;Män;Ej svenska medborgare;50-64;5
2018;rf;14805013;Västra Göteborg, Källängen;Kvinnor;Ej svenska medborgare;50-64;4
2018;rf;14805013;Västra Göteborg, Källängen;Män;Svenska medborgare;65-;160
2018;rf;14805013;Västra Göteborg, Källängen;Kvinnor;Svenska medborgare;65-;179
2018;rf;14805013;Västra Göteborg, Källängen;Män;Ej svenska medborgare;65-;2
2018;rf;14805013;Västra Göteborg, Källängen;Kvinnor;Ej svenska medborgare;65-;1
2018;rf;14805014;Västra Göteborg, Osberget;Män;Svenska medborgare;18-29 förstagångsväljare;30
2018;rf;14805014;Västra Göteborg, Osberget;Kvinnor;Svenska medborgare;18-29 förstagångsväljare;30
2018;rf;14805014;Västra Göteborg, Osberget;Män;Ej svenska medborgare;18-29 förstagångsväljare;4
2018;rf;14805014;Västra Göteborg, Osberget;Kvinnor;Ej svenska medborgare;18-29 förstagångsväljare;0
2018;rf;14805014;Västra Göteborg, Osberget;Män;Svenska medborgare;18-29 ej förstagångsväljare;33
2018;rf;14805014;Västra Göteborg, Osberget;Kvinnor;Svenska medborgare;18-29 ej förstagångsväljare;29
2018;rf;14805014;Västra Göteborg, Osberget;Män;Ej svenska medborgare;18-29 ej förstagångsväljare;2
2018;rf;14805014;Västra Göteborg, Osberget;Kvinnor;Ej svenska medborgare;18-29 ej förstagångsväljare;2
2018;rf;14805014;Västra Göteborg, Osberget;Män;Svenska medborgare;30-49;151
2018;rf;14805014;Västra Göteborg, Osberget;Kvinnor;Svenska medborgare;30-49;170
2018;rf;14805014;Västra Göteborg, Osberget;Män;Ej svenska medborgare;30-49;11
2018;rf;14805014;Västra Göteborg, Osberget;Kvinnor;Ej svenska medborgare;30-49;8
2018;rf;14805014;Västra Göteborg, Osberget;Män;Svenska medborgare;50-64;134
2018;rf;14805014;Västra Göteborg, Osberget;Kvinnor;Svenska medborgare;50-64;131
2018;rf;14805014;Västra Göteborg, Osberget;Män;Ej svenska medborgare;50-64;3
2018;rf;14805014;Västra Göteborg, Osberget;Kvinnor;Ej svenska medborgare;50-64;4
2018;rf;14805014;Västra Göteborg, Osberget;Män;Svenska medborgare;65-;160
2018;rf;14805014;Västra Göteborg, Osberget;Kvinnor;Svenska medborgare;65-;173
2018;rf;14805014;Västra Göteborg, Osberget;Män;Ej svenska medborgare;65-;0
2018;rf;14805014;Västra Göteborg, Osberget;Kvinnor;Ej svenska medborgare;65-;2
2018;rf;14805015;Västra Göteborg, Påvelund;Män;Svenska medborgare;18-29 förstagångsväljare;38
2018;rf;14805015;Västra Göteborg, Påvelund;Kvinnor;Svenska medborgare;18-29 förstagångsväljare;34
2018;rf;14805015;Västra Göteborg, Påvelund;Män;Ej svenska medborgare;18-29 förstagångsväljare;1
2018;rf;14805015;Västra Göteborg, Påvelund;Kvinnor;Ej svenska medborgare;18-29 förstagångsväljare;0
2018;rf;14805015;Västra Göteborg, Påvelund;Män;Svenska medborgare;18-29 ej förstagångsväljare;58
2018;rf;14805015;Västra Göteborg, Påvelund;Kvinnor;Svenska medborgare;18-29 ej förstagångsväljare;45
2018;rf;14805015;Västra Göteborg, Påvelund;Män;Ej svenska medborgare;18-29 ej förstagångsväljare;10
2018;rf;14805015;Västra Göteborg, Påvelund;Kvinnor;Ej svenska medborgare;18-29 ej förstagångsväljare;7
2018;rf;14805015;Västra Göteborg, Påvelund;Män;Svenska medborgare;30-49;163
2018;rf;14805015;Västra Göteborg, Påvelund;Kvinnor;Svenska medborgare;30-49;185
2018;rf;14805015;Västra Göteborg, Påvelund;Män;Ej svenska medborgare;30-49;8
2018;rf;14805015;Västra Göteborg, Påvelund;Kvinnor;Ej svenska medborgare;30-49;6
2018;rf;14805015;Västra Göteborg, Påvelund;Män;Svenska medborgare;50-64;144
2018;rf;14805015;Västra Göteborg, Påvelund;Kvinnor;Svenska medborgare;50-64;148
2018;rf;14805015;Västra Göteborg, Påvelund;Män;Ej svenska medborgare;50-64;4
2018;rf;14805015;Västra Göteborg, Påvelund;Kvinnor;Ej svenska medborgare;50-64;4
2018;rf;14805015;Västra Göteborg, Påvelund;Män;Svenska medborgare;65-;134
2018;rf;14805015;Västra Göteborg, Påvelund;Kvinnor;Svenska medborgare;65-;144
2018;rf;14805015;Västra Göteborg, Påvelund;Män;Ej svenska medborgare;65-;2
2018;rf;14805015;Västra Göteborg, Påvelund;Kvinnor;Ej svenska medborgare;65-;0
2018;rf;14805021;Västra Göteborg, Långedrag;Män;Svenska medborgare;18-29 förstagångsväljare;66
2018;rf;14805021;Västra Göteborg, Långedrag;Kvinnor;Svenska medborgare;18-29 förstagångsväljare;59
2018;rf;14805021;Västra Göteborg, Långedrag;Män;Ej svenska medborgare;18-29 förstagångsväljare;0
2018;rf;14805021;Västra Göteborg, Långedrag;Kvinnor;Ej svenska medborgare;18-29 förstagångsväljare;2
2018;rf;14805021;Västra Göteborg, Långedrag;Män;Svenska medborgare;18-29 ej förstagångsväljare;54
2018;rf;14805021;Västra Göteborg, Långedrag;Kvinnor;Svenska medborgare;18-29 ej förstagångsväljare;42
2018;rf;14805021;Västra Göteborg, Långedrag;Män;Ej svenska medborgare;18-29 ej förstagångsväljare;4
2018;rf;14805021;Västra Göteborg, Långedrag;Kvinnor;Ej svenska medborgare;18-29 ej förstagångsväljare;3
2018;rf;14805021;Västra Göteborg, Långedrag;Män;Svenska medborgare;30-49;190
2018;rf;14805021;Västra Göteborg, Långedrag;Kvinnor;Svenska medborgare;30-49;224
2018;rf;14805021;Västra Göteborg, Långedrag;Män;Ej svenska medborgare;30-49;18
2018;rf;14805021;Västra Göteborg, Långedrag;Kvinnor;Ej svenska medborgare;30-49;18
2018;rf;14805021;Västra Göteborg, Långedrag;Män;Svenska medborgare;50-64;219
2018;rf;14805021;Västra Göteborg, Långedrag;Kvinnor;Svenska medborgare;50-64;209
2018;rf;14805021;Västra Göteborg, Långedrag;Män;Ej svenska medborgare;50-64;18
2018;rf;14805021;Västra Göteborg, Långedrag;Kvinnor;Ej svenska medborgare;50-64;8
2018;rf;14805021;Västra Göteborg, Långedrag;Män;Svenska medborgare;65-;212
2018;rf;14805021;Västra Göteborg, Långedrag;Kvinnor;Svenska medborgare;65-;212
2018;rf;14805021;Västra Göteborg, Långedrag;Män;Ej svenska medborgare;65-;6
2018;rf;14805021;Västra Göteborg, Långedrag;Kvinnor;Ej svenska medborgare;65-;4
2018;rf;14805031;Västra Göteborg, Hagen;Män;Svenska medborgare;18-29 förstagångsväljare;51
2018;rf;14805031;Västra Göteborg, Hagen;Kvinnor;Svenska medborgare;18-29 förstagångsväljare;37
2018;rf;14805031;Västra Göteborg, Hagen;Män;Ej svenska medborgare;18-29 förstagångsväljare;3
2018;rf;14805031;Västra Göteborg, Hagen;Kvinnor;Ej svenska medborgare;18-29 förstagångsväljare;3
2018;rf;14805031;Västra Göteborg, Hagen;Män;Svenska medborgare;18-29 ej förstagångsväljare;62
2018;rf;14805031;Västra Göteborg, Hagen;Kvinnor;Svenska medborgare;18-29 ej förstagångsväljare;55
2018;rf;14805031;Västra Göteborg, Hagen;Män;Ej svenska medborgare;18-29 ej förstagångsväljare;4
2018;rf;14805031;Västra Göteborg, Hagen;Kvinnor;Ej svenska medborgare;18-29 ej förstagångsväljare;4
2018;rf;14805031;Västra Göteborg, Hagen;Män;Svenska medborgare;30-49;214
2018;rf;14805031;Västra Göteborg, Hagen;Kvinnor;Svenska medborgare;30-49;243
2018;rf;14805031;Västra Göteborg, Hagen;Män;Ej svenska medborgare;30-49;19
2018;rf;14805031;Västra Göteborg, Hagen;Kvinnor;Ej svenska medborgare;30-49;16
2018;rf;14805031;Västra Göteborg, Hagen;Män;Svenska medborgare;50-64;191
2018;rf;14805031;Västra Göteborg, Hagen;Kvinnor;Svenska medborgare;50-64;163
2018;rf;14805031;Västra Göteborg, Hagen;Män;Ej svenska medborgare;50-64;8
2018;rf;14805031;Västra Göteborg, Hagen;Kvinnor;Ej svenska medborgare;50-64;6
2018;rf;14805031;Västra Göteborg, Hagen;Män;Svenska medborgare;65-;202
2018;rf;14805031;Västra Göteborg, Hagen;Kvinnor;Svenska medborgare;65-;199
2018;rf;14805031;Västra Göteborg, Hagen;Män;Ej svenska medborgare;65-;10
2018;rf;14805031;Västra Göteborg, Hagen;Kvinnor;Ej svenska medborgare;65-;6
2018;rf;14805032;Västra Göteborg, Nya Varvet;Män;Svenska medborgare;18-29 förstagångsväljare;32
2018;rf;14805032;Västra Göteborg, Nya Varvet;Kvinnor;Svenska medborgare;18-29 förstagångsväljare;40
2018;rf;14805032;Västra Göteborg, Nya Varvet;Män;Ej svenska medborgare;18-29 förstagångsväljare;0
2018;rf;14805032;Västra Göteborg, Nya Varvet;Kvinnor;Ej svenska medborgare;18-29 förstagångsväljare;1
2018;rf;14805032;Västra Göteborg, Nya Varvet;Män;Svenska medborgare;18-29 ej förstagångsväljare;50
2018;rf;14805032;Västra Göteborg, Nya Varvet;Kvinnor;Svenska medborgare;18-29 ej förstagångsväljare;63
2018;rf;14805032;Västra Göteborg, Nya Varvet;Män;Ej svenska medborgare;18-29 ej förstagångsväljare;2
2018;rf;14805032;Västra Göteborg, Nya Varvet;Kvinnor;Ej svenska medborgare;18-29 ej förstagångsväljare;2
2018;rf;14805032;Västra Göteborg, Nya Varvet;Män;Svenska medborgare;30-49;233
2018;rf;14805032;Västra Göteborg, Nya Varvet;Kvinnor;Svenska medborgare;30-49;256
2018;rf;14805032;Västra Göteborg, Nya Varvet;Män;Ej svenska medborgare;30-49;19
2018;rf;14805032;Västra Göteborg, Nya Varvet;Kvinnor;Ej svenska medborgare;30-49;6
2018;rf;14805032;Västra Göteborg, Nya Varvet;Män;Svenska medborgare;50-64;179
2018;rf;14805032;Västra Göteborg, Nya Varvet;Kvinnor;Svenska medborgare;50-64;190
2018;rf;14805032;Västra Göteborg, Nya Varvet;Män;Ej svenska medborgare;50-64;1
2018;rf;14805032;Västra Göteborg, Nya Varvet;Kvinnor;Ej svenska medborgare;50-64;4
2018;rf;14805032;Västra Göteborg, Nya Varvet;Män;Svenska medborgare;65-;175
2018;rf;14805032;Västra Göteborg, Nya Varvet;Kvinnor;Svenska medborgare;65-;266
2018;rf;14805032;Västra Göteborg, Nya Varvet;Män;Ej svenska medborgare;65-;4
2018;rf;14805032;Västra Göteborg, Nya Varvet;Kvinnor;Ej svenska medborgare;65-;5
2018;rf;14805033;Västra Göteborg, Tångudden;Män;Svenska medborgare;18-29 förstagångsväljare;40
2018;rf;14805033;Västra Göteborg, Tångudden;Kvinnor;Svenska medborgare;18-29 förstagångsväljare;45
2018;rf;14805033;Västra Göteborg, Tångudden;Män;Ej svenska medborgare;18-29 förstagångsväljare;0
2018;rf;14805033;Västra Göteborg, Tångudden;Kvinnor;Ej svenska medborgare;18-29 förstagångsväljare;0
2018;rf;14805033;Västra Göteborg, Tångudden;Män;Svenska medborgare;18-29 ej förstagångsväljare;62
2018;rf;14805033;Västra Göteborg, Tångudden;Kvinnor;Svenska medborgare;18-29 ej förstagångsväljare;47
2018;rf;14805033;Västra Göteborg, Tångudden;Män;Ej svenska medborgare;18-29 ej förstagångsväljare;2
2018;rf;14805033;Västra Göteborg, Tångudden;Kvinnor;Ej svenska medborgare;18-29 ej förstagångsväljare;3
2018;rf;14805033;Västra Göteborg, Tångudden;Män;Svenska medborgare;30-49;183
2018;rf;14805033;Västra Göteborg, Tångudden;Kvinnor;Svenska medborgare;30-49;208
2018;rf;14805033;Västra Göteborg, Tångudden;Män;Ej svenska medborgare;30-49;14
2018;rf;14805033;Västra Göteborg, Tångudden;Kvinnor;Ej svenska medborgare;30-49;12
2018;rf;14805033;Västra Göteborg, Tångudden;Män;Svenska medborgare;50-64;173
2018;rf;14805033;Västra Göteborg, Tångudden;Kvinnor;Svenska medborgare;50-64;170
2018;rf;14805033;Västra Göteborg, Tångudden;Män;Ej svenska medborgare;50-64;3
2018;rf;14805033;Västra Göteborg, Tångudden;Kvinnor;Ej svenska medborgare;50-64;6
2018;rf;14805033;Västra Göteborg, Tångudden;Män;Svenska medborgare;65-;159
2018;rf;14805033;Västra Göteborg, Tångudden;Kvinnor;Svenska medborgare;65-;171
2018;rf;14805033;Västra Göteborg, Tångudden;Män;Ej svenska medborgare;65-;4
2018;rf;14805033;Västra Göteborg, Tångudden;Kvinnor;Ej svenska medborgare;65-;2
2018;rf;14805041;Västra Göteborg, Ekebäck;Män;Svenska medborgare;18-29 förstagångsväljare;29
2018;rf;14805041;Västra Göteborg, Ekebäck;Kvinnor;Svenska medborgare;18-29 förstagångsväljare;37
2018;rf;14805041;Västra Göteborg, Ekebäck;Män;Ej svenska medborgare;18-29 förstagångsväljare;2
2018;rf;14805041;Västra Göteborg, Ekebäck;Kvinnor;Ej svenska medborgare;18-29 förstagångsväljare;0
2018;rf;14805041;Västra Göteborg, Ekebäck;Män;Svenska medborgare;18-29 ej förstagångsväljare;53
2018;rf;14805041;Västra Göteborg, Ekebäck;Kvinnor;Svenska medborgare;18-29 ej förstagångsväljare;34
2018;rf;14805041;Västra Göteborg, Ekebäck;Män;Ej svenska medborgare;18-29 ej förstagångsväljare;1
2018;rf;14805041;Västra Göteborg, Ekebäck;Kvinnor;Ej svenska medborgare;18-29 ej förstagångsväljare;3
2018;rf;14805041;Västra Göteborg, Ekebäck;Män;Svenska medborgare;30-49;201
2018;rf;14805041;Västra Göteborg, Ekebäck;Kvinnor;Svenska medborgare;30-49;217
2018;rf;14805041;Västra Göteborg, Ekebäck;Män;Ej svenska medborgare;30-49;12
2018;rf;14805041;Västra Göteborg, Ekebäck;Kvinnor;Ej svenska medborgare;30-49;6
2018;rf;14805041;Västra Göteborg, Ekebäck;Män;Svenska medborgare;50-64;161
2018;rf;14805041;Västra Göteborg, Ekebäck;Kvinnor;Svenska medborgare;50-64;176
2018;rf;14805041;Västra Göteborg, Ekebäck;Män;Ej svenska medborgare;50-64;7
2018;rf;14805041;Västra Göteborg, Ekebäck;Kvinnor;Ej svenska medborgare;50-64;3
2018;rf;14805041;Västra Göteborg, Ekebäck;Män;Svenska medborgare;65-;138
2018;rf;14805041;Västra Göteborg, Ekebäck;Kvinnor;Svenska medborgare;65-;127
2018;rf;14805041;Västra Göteborg, Ekebäck;Män;Ej svenska medborgare;65-;5
2018;rf;14805041;Västra Göteborg, Ekebäck;Kvinnor;Ej svenska medborgare;65-;6
2018;rf;14805042;Västra Göteborg, Grimmered;Män;Svenska medborgare;18-29 förstagångsväljare;34
2018;rf;14805042;Västra Göteborg, Grimmered;Kvinnor;Svenska medborgare;18-29 förstagångsväljare;33
2018;rf;14805042;Västra Göteborg, Grimmered;Män;Ej svenska medborgare;18-29 förstagångsväljare;0
2018;rf;14805042;Västra Göteborg, Grimmered;Kvinnor;Ej svenska medborgare;18-29 förstagångsväljare;0
2018;rf;14805042;Västra Göteborg, Grimmered;Män;Svenska medborgare;18-29 ej förstagångsväljare;35
2018;rf;14805042;Västra Göteborg, Grimmered;Kvinnor;Svenska medborgare;18-29 ej förstagångsväljare;29
2018;rf;14805042;Västra Göteborg, Grimmered;Män;Ej svenska medborgare;18-29 ej förstagångsväljare;1
2018;rf;14805042;Västra Göteborg, Grimmered;Kvinnor;Ej svenska medborgare;18-29 ej förstagångsväljare;2
2018;rf;14805042;Västra Göteborg, Grimmered;Män;Svenska medborgare;30-49;179
2018;rf;14805042;Västra Göteborg, Grimmered;Kvinnor;Svenska medborgare;30-49;188
2018;rf;14805042;Västra Göteborg, Grimmered;Män;Ej svenska medborgare;30-49;9
2018;rf;14805042;Västra Göteborg, Grimmered;Kvinnor;Ej svenska medborgare;30-49;6
2018;rf;14805042;Västra Göteborg, Grimmered;Män;Svenska medborgare;50-64;141
2018;rf;14805042;Västra Göteborg, Grimmered;Kvinnor;Svenska medborgare;50-64;137
2018;rf;14805042;Västra Göteborg, Grimmered;Män;Ej svenska medborgare;50-64;3
2018;rf;14805042;Västra Göteborg, Grimmered;Kvinnor;Ej svenska medborgare;50-64;2
2018;rf;14805042;Västra Göteborg, Grimmered;Män;Svenska medborgare;65-;154
2018;rf;14805042;Västra Göteborg, Grimmered;Kvinnor;Svenska medborgare;65-;146
2018;rf;14805042;Västra Göteborg, Grimmered;Män;Ej svenska medborgare;65-;5
2018;rf;14805042;Västra Göteborg, Grimmered;Kvinnor;Ej svenska medborgare;65-;5
2018;rf;14805043;Västra Göteborg, Kungsten;Män;Svenska medborgare;18-29 förstagångsväljare;40
2018;rf;14805043;Västra Göteborg, Kungsten;Kvinnor;Svenska medborgare;18-29 förstagångsväljare;46
2018;rf;14805043;Västra Göteborg, Kungsten;Män;Ej svenska medborgare;18-29 förstagångsväljare;0
2018;rf;14805043;Västra Göteborg, Kungsten;Kvinnor;Ej svenska medborgare;18-29 förstagångsväljare;2
2018;rf;14805043;Västra Göteborg, Kungsten;Män;Svenska medborgare;18-29 ej förstagångsväljare;42
2018;rf;14805043;Västra Göteborg, Kungsten;Kvinnor;Svenska medborgare;18-29 ej förstagångsväljare;37
2018;rf;14805043;Västra Göteborg, Kungsten;Män;Ej svenska medborgare;18-29 ej förstagångsväljare;6
2018;rf;14805043;Västra Göteborg, Kungsten;Kvinnor;Ej svenska medborgare;18-29 ej förstagångsväljare;6
2018;rf;14805043;Västra Göteborg, Kungsten;Män;Svenska medborgare;30-49;157
2018;rf;14805043;Västra Göteborg, Kungsten;Kvinnor;Svenska medborgare;30-49;178
2018;rf;14805043;Västra Göteborg, Kungsten;Män;Ej svenska medborgare;30-49;12
2018;rf;14805043;Västra Göteborg, Kungsten;Kvinnor;Ej svenska medborgare;30-49;15
2018;rf;14805043;Västra Göteborg, Kungsten;Män;Svenska medborgare;50-64;151
2018;rf;14805043;Västra Göteborg, Kungsten;Kvinnor;Svenska medborgare;50-64;142
2018;rf;14805043;Västra Göteborg, Kungsten;Män;Ej svenska medborgare;50-64;8
2018;rf;14805043;Västra Göteborg, Kungsten;Kvinnor;Ej svenska medborgare;50-64;5
2018;rf;14805043;Västra Göteborg, Kungsten;Män;Svenska medborgare;65-;132
2018;rf;14805043;Västra Göteborg, Kungsten;Kvinnor;Svenska medborgare;65-;115
2018;rf;14805043;Västra Göteborg, Kungsten;Män;Ej svenska medborgare;65-;2
2018;rf;14805043;Västra Göteborg, Kungsten;Kvinnor;Ej svenska medborgare;65-;3
2018;rf;14805051;Västra Göteborg, Brännö-Asperö;Män;Svenska medborgare;18-29 förstagångsväljare;19
2018;rf;14805051;Västra Göteborg, Brännö-Asperö;Kvinnor;Svenska medborgare;18-29 förstagångsväljare;17
2018;rf;14805051;Västra Göteborg, Brännö-Asperö;Män;Ej svenska medborgare;18-29 förstagångsväljare;2
2018;rf;14805051;Västra Göteborg, Brännö-Asperö;Kvinnor;Ej svenska medborgare;18-29 förstagångsväljare;0
2018;rf;14805051;Västra Göteborg, Brännö-Asperö;Män;Svenska medborgare;18-29 ej förstagångsväljare;33
2018;rf;14805051;Västra Göteborg, Brännö-Asperö;Kvinnor;Svenska medborgare;18-29 ej förstagångsväljare;28
2018;rf;14805051;Västra Göteborg, Brännö-Asperö;Män;Ej svenska medborgare;18-29 ej förstagångsväljare;9
2018;rf;14805051;Västra Göteborg, Brännö-Asperö;Kvinnor;Ej svenska medborgare;18-29 ej förstagångsväljare;8
2018;rf;14805051;Västra Göteborg, Brännö-Asperö;Män;Svenska medborgare;30-49;128
2018;rf;14805051;Västra Göteborg, Brännö-Asperö;Kvinnor;Svenska medborgare;30-49;127
2018;rf;14805051;Västra Göteborg, Brännö-Asperö;Män;Ej svenska medborgare;30-49;17
2018;rf;14805051;Västra Göteborg, Brännö-Asperö;Kvinnor;Ej svenska medborgare;30-49;14
2018;rf;14805051;Västra Göteborg, Brännö-Asperö;Män;Svenska medborgare;50-64;154
2018;rf;14805051;Västra Göteborg, Brännö-Asperö;Kvinnor;Svenska medborgare;50-64;164
2018;rf;14805051;Västra Göteborg, Brännö-Asperö;Män;Ej svenska medborgare;50-64;4
2018;rf;14805051;Västra Göteborg, Brännö-Asperö;Kvinnor;Ej svenska medborgare;50-64;8
2018;rf;14805051;Västra Göteborg, Brännö-Asperö;Män;Svenska medborgare;65-;161
2018;rf;14805051;Västra Göteborg, Brännö-Asperö;Kvinnor;Svenska medborgare;65-;163
2018;rf;14805051;Västra Göteborg, Brännö-Asperö;Män;Ej svenska medborgare;65-;2
2018;rf;14805051;Västra Göteborg, Brännö-Asperö;Kvinnor;Ej svenska medborgare;65-;4
2018;rf;14805052;Västra Göteborg, Donsö-Vrångö;Män;Svenska medborgare;18-29 förstagångsväljare;50
2018;rf;14805052;Västra Göteborg, Donsö-Vrångö;Kvinnor;Svenska medborgare;18-29 förstagångsväljare;36
2018;rf;14805052;Västra Göteborg, Donsö-Vrångö;Män;Ej svenska medborgare;18-29 förstagångsväljare;0
2018;rf;14805052;Västra Göteborg, Donsö-Vrångö;Kvinnor;Ej svenska medborgare;18-29 förstagångsväljare;1
2018;rf;14805052;Västra Göteborg, Donsö-Vrångö;Män;Svenska medborgare;18-29 ej förstagångsväljare;56
2018;rf;14805052;Västra Göteborg, Donsö-Vrångö;Kvinnor;Svenska medborgare;18-29 ej förstagångsväljare;40
2018;rf;14805052;Västra Göteborg, Donsö-Vrångö;Män;Ej svenska medborgare;18-29 ej förstagångsväljare;4
2018;rf;14805052;Västra Göteborg, Donsö-Vrångö;Kvinnor;Ej svenska medborgare;18-29 ej förstagångsväljare;2
2018;rf;14805052;Västra Göteborg, Donsö-Vrångö;Män;Svenska medborgare;30-49;187
2018;rf;14805052;Västra Göteborg, Donsö-Vrångö;Kvinnor;Svenska medborgare;30-49;185
2018;rf;14805052;Västra Göteborg, Donsö-Vrångö;Män;Ej svenska medborgare;30-49;10
2018;rf;14805052;Västra Göteborg, Donsö-Vrångö;Kvinnor;Ej svenska medborgare;30-49;9
2018;rf;14805052;Västra Göteborg, Donsö-Vrångö;Män;Svenska medborgare;50-64;190
2018;rf;14805052;Västra Göteborg, Donsö-Vrångö;Kvinnor;Svenska medborgare;50-64;187
2018;rf;14805052;Västra Göteborg, Donsö-Vrångö;Män;Ej svenska medborgare;50-64;4
2018;rf;14805052;Västra Göteborg, Donsö-Vrångö;Kvinnor;Ej svenska medborgare;50-64;1
2018;rf;14805052;Västra Göteborg, Donsö-Vrångö;Män;Svenska medborgare;65-;227
2018;rf;14805052;Västra Göteborg, Donsö-Vrångö;Kvinnor;Svenska medborgare;65-;236
2018;rf;14805052;Västra Göteborg, Donsö-Vrångö;Män;Ej svenska medborgare;65-;0
2018;rf;14805052;Västra Göteborg, Donsö-Vrångö;Kvinnor;Ej svenska medborgare;65-;2
2018;rf;14805053;Västra Göteborg, Styrsö-Köpstadsö;Män;Svenska medborgare;18-29 förstagångsväljare;28
2018;rf;14805053;Västra Göteborg, Styrsö-Köpstadsö;Kvinnor;Svenska medborgare;18-29 förstagångsväljare;20
2018;rf;14805053;Västra Göteborg, Styrsö-Köpstadsö;Män;Ej svenska medborgare;18-29 förstagångsväljare;0
2018;rf;14805053;Västra Göteborg, Styrsö-Köpstadsö;Kvinnor;Ej svenska medborgare;18-29 förstagångsväljare;1
2018;rf;14805053;Västra Göteborg, Styrsö-Köpstadsö;Män;Svenska medborgare;18-29 ej förstagångsväljare;26
2018;rf;14805053;Västra Göteborg, Styrsö-Köpstadsö;Kvinnor;Svenska medborgare;18-29 ej förstagångsväljare;33
2018;rf;14805053;Västra Göteborg, Styrsö-Köpstadsö;Män;Ej svenska medborgare;18-29 ej förstagångsväljare;2
2018;rf;14805053;Västra Göteborg, Styrsö-Köpstadsö;Kvinnor;Ej svenska medborgare;18-29 ej förstagångsväljare;2
2018;rf;14805053;Västra Göteborg, Styrsö-Köpstadsö;Män;Svenska medborgare;30-49;137
2018;rf;14805053;Västra Göteborg, Styrsö-Köpstadsö;Kvinnor;Svenska medborgare;30-49;147
2018;rf;14805053;Västra Göteborg, Styrsö-Köpstadsö;Män;Ej svenska medborgare;30-49;11
2018;rf;14805053;Västra Göteborg, Styrsö-Köpstadsö;Kvinnor;Ej svenska medborgare;30-49;7
2018;rf;14805053;Västra Göteborg, Styrsö-Köpstadsö;Män;Svenska medborgare;50-64;148
2018;rf;14805053;Västra Göteborg, Styrsö-Köpstadsö;Kvinnor;Svenska medborgare;50-64;148
2018;rf;14805053;Västra Göteborg, Styrsö-Köpstadsö;Män;Ej svenska medborgare;50-64;3
2018;rf;14805053;Västra Göteborg, Styrsö-Köpstadsö;Kvinnor;Ej svenska medborgare;50-64;3
2018;rf;14805053;Västra Göteborg, Styrsö-Köpstadsö;Män;Svenska medborgare;65-;217
2018;rf;14805053;Västra Göteborg, Styrsö-Köpstadsö;Kvinnor;Svenska medborgare;65-;218
2018;rf;14805053;Västra Göteborg, Styrsö-Köpstadsö;Män;Ej svenska medborgare;65-;4
2018;rf;14805053;Västra Göteborg, Styrsö-Köpstadsö;Kvinnor;Ej svenska medborgare;65-;4
2018;rf;14805061;Västra Göteborg, Bratthammar;Män;Svenska medborgare;18-29 förstagångsväljare;42
2018;rf;14805061;Västra Göteborg, Bratthammar;Kvinnor;Svenska medborgare;18-29 förstagångsväljare;30
2018;rf;14805061;Västra Göteborg, Bratthammar;Män;Ej svenska medborgare;18-29 förstagångsväljare;2
2018;rf;14805061;Västra Göteborg, Bratthammar;Kvinnor;Ej svenska medborgare;18-29 förstagångsväljare;1
2018;rf;14805061;Västra Göteborg, Bratthammar;Män;Svenska medborgare;18-29 ej förstagångsväljare;44
2018;rf;14805061;Västra Göteborg, Bratthammar;Kvinnor;Svenska medborgare;18-29 ej förstagångsväljare;37
2018;rf;14805061;Västra Göteborg, Bratthammar;Män;Ej svenska medborgare;18-29 ej förstagångsväljare;1
2018;rf;14805061;Västra Göteborg, Bratthammar;Kvinnor;Ej svenska medborgare;18-29 ej förstagångsväljare;2
2018;rf;14805061;Västra Göteborg, Bratthammar;Män;Svenska medborgare;30-49;218
2018;rf;14805061;Västra Göteborg, Bratthammar;Kvinnor;Svenska medborgare;30-49;225
2018;rf;14805061;Västra Göteborg, Bratthammar;Män;Ej svenska medborgare;30-49;5
2018;rf;14805061;Västra Göteborg, Bratthammar;Kvinnor;Ej svenska medborgare;30-49;5
2018;rf;14805061;Västra Göteborg, Bratthammar;Män;Svenska medborgare;50-64;150
2018;rf;14805061;Västra Göteborg, Bratthammar;Kvinnor;Svenska medborgare;50-64;148
2018;rf;14805061;Västra Göteborg, Bratthammar;Män;Ej svenska medborgare;50-64;2
2018;rf;14805061;Västra Göteborg, Bratthammar;Kvinnor;Ej svenska medborgare;50-64;1
2018;rf;14805061;Västra Göteborg, Bratthammar;Män;Svenska medborgare;65-;221
2018;rf;14805061;Västra Göteborg, Bratthammar;Kvinnor;Svenska medborgare;65-;225
2018;rf;14805061;Västra Göteborg, Bratthammar;Män;Ej svenska medborgare;65-;3
2018;rf;14805061;Västra Göteborg, Bratthammar;Kvinnor;Ej svenska medborgare;65-;2
2018;rf;14805071;Västra Göteborg, Guldringen m fl;Män;Svenska medborgare;18-29 förstagångsväljare;30
2018;rf;14805071;Västra Göteborg, Guldringen m fl;Kvinnor;Svenska medborgare;18-29 förstagångsväljare;33
2018;rf;14805071;Västra Göteborg, Guldringen m fl;Män;Ej svenska medborgare;18-29 förstagångsväljare;0
2018;rf;14805071;Västra Göteborg, Guldringen m fl;Kvinnor;Ej svenska medborgare;18-29 förstagångsväljare;1
2018;rf;14805071;Västra Göteborg, Guldringen m fl;Män;Svenska medborgare;18-29 ej förstagångsväljare;117
2018;rf;14805071;Västra Göteborg, Guldringen m fl;Kvinnor;Svenska medborgare;18-29 ej förstagångsväljare;109
2018;rf;14805071;Västra Göteborg, Guldringen m fl;Män;Ej svenska medborgare;18-29 ej förstagångsväljare;3
2018;rf;14805071;Västra Göteborg, Guldringen m fl;Kvinnor;Ej svenska medborgare;18-29 ej förstagångsväljare;12
2018;rf;14805071;Västra Göteborg, Guldringen m fl;Män;Svenska medborgare;30-49;161
2018;rf;14805071;Västra Göteborg, Guldringen m fl;Kvinnor;Svenska medborgare;30-49;181
2018;rf;14805071;Västra Göteborg, Guldringen m fl;Män;Ej svenska medborgare;30-49;17
2018;rf;14805071;Västra Göteborg, Guldringen m fl;Kvinnor;Ej svenska medborgare;30-49;12
2018;rf;14805071;Västra Göteborg, Guldringen m fl;Män;Svenska medborgare;50-64;109
2018;rf;14805071;Västra Göteborg, Guldringen m fl;Kvinnor;Svenska medborgare;50-64;131
2018;rf;14805071;Västra Göteborg, Guldringen m fl;Män;Ej svenska medborgare;50-64;5
2018;rf;14805071;Västra Göteborg, Guldringen m fl;Kvinnor;Ej svenska medborgare;50-64;4
2018;rf;14805071;Västra Göteborg, Guldringen m fl;Män;Svenska medborgare;65-;111
2018;rf;14805071;Västra Göteborg, Guldringen m fl;Kvinnor;Svenska medborgare;65-;155
2018;rf;14805071;Västra Göteborg, Guldringen m fl;Män;Ej svenska medborgare;65-;1
2018;rf;14805071;Västra Göteborg, Guldringen m fl;Kvinnor;Ej svenska medborgare;65-;4
2018;rf;14805072;Västra Göteborg, Tynnered, Norra;Män;Svenska medborgare;18-29 förstagångsväljare;36
2018;rf;14805072;Västra Göteborg, Tynnered, Norra;Kvinnor;Svenska medborgare;18-29 förstagångsväljare;34
2018;rf;14805072;Västra Göteborg, Tynnered, Norra;Män;Ej svenska medborgare;18-29 förstagångsväljare;1
2018;rf;14805072;Västra Göteborg, Tynnered, Norra;Kvinnor;Ej svenska medborgare;18-29 förstagångsväljare;3
2018;rf;14805072;Västra Göteborg, Tynnered, Norra;Män;Svenska medborgare;18-29 ej förstagångsväljare;103
2018;rf;14805072;Västra Göteborg, Tynnered, Norra;Kvinnor;Svenska medborgare;18-29 ej förstagångsväljare;130
2018;rf;14805072;Västra Göteborg, Tynnered, Norra;Män;Ej svenska medborgare;18-29 ej förstagångsväljare;25
2018;rf;14805072;Västra Göteborg, Tynnered, Norra;Kvinnor;Ej svenska medborgare;18-29 ej förstagångsväljare;14
2018;rf;14805072;Västra Göteborg, Tynnered, Norra;Män;Svenska medborgare;30-49;120
2018;rf;14805072;Västra Göteborg, Tynnered, Norra;Kvinnor;Svenska medborgare;30-49;118
2018;rf;14805072;Västra Göteborg, Tynnered, Norra;Män;Ej svenska medborgare;30-49;17
2018;rf;14805072;Västra Göteborg, Tynnered, Norra;Kvinnor;Ej svenska medborgare;30-49;8
2018;rf;14805072;Västra Göteborg, Tynnered, Norra;Män;Svenska medborgare;50-64;94
2018;rf;14805072;Västra Göteborg, Tynnered, Norra;Kvinnor;Svenska medborgare;50-64;93
2018;rf;14805072;Västra Göteborg, Tynnered, Norra;Män;Ej svenska medborgare;50-64;1
2018;rf;14805072;Västra Göteborg, Tynnered, Norra;Kvinnor;Ej svenska medborgare;50-64;1
2018;rf;14805072;Västra Göteborg, Tynnered, Norra;Män;Svenska medborgare;65-;136
2018;rf;14805072;Västra Göteborg, Tynnered, Norra;Kvinnor;Svenska medborgare;65-;185
2018;rf;14805072;Västra Göteborg, Tynnered, Norra;Män;Ej svenska medborgare;65-;3
2018;rf;14805072;Västra Göteborg, Tynnered, Norra;Kvinnor;Ej svenska medborgare;65-;4
2018;rf;14805081;Västra Göteborg, Tynnered Södra;Män;Svenska medborgare;18-29 förstagångsväljare;21
2018;rf;14805081;Västra Göteborg, Tynnered Södra;Kvinnor;Svenska medborgare;18-29 förstagångsväljare;23
2018;rf;14805081;Västra Göteborg, Tynnered Södra;Män;Ej svenska medborgare;18-29 förstagångsväljare;0
2018;rf;14805081;Västra Göteborg, Tynnered Södra;Kvinnor;Ej svenska medborgare;18-29 förstagångsväljare;2
2018;rf;14805081;Västra Göteborg, Tynnered Södra;Män;Svenska medborgare;18-29 ej förstagångsväljare;63
2018;rf;14805081;Västra Göteborg, Tynnered Södra;Kvinnor;Svenska medborgare;18-29 ej förstagångsväljare;50
2018;rf;14805081;Västra Göteborg, Tynnered Södra;Män;Ej svenska medborgare;18-29 ej förstagångsväljare;2
2018;rf;14805081;Västra Göteborg, Tynnered Södra;Kvinnor;Ej svenska medborgare;18-29 ej förstagångsväljare;2
2018;rf;14805081;Västra Göteborg, Tynnered Södra;Män;Svenska medborgare;30-49;103
2018;rf;14805081;Västra Göteborg, Tynnered Södra;Kvinnor;Svenska medborgare;30-49;113
2018;rf;14805081;Västra Göteborg, Tynnered Södra;Män;Ej svenska medborgare;30-49;14
2018;rf;14805081;Västra Göteborg, Tynnered Södra;Kvinnor;Ej svenska medborgare;30-49;7
2018;rf;14805081;Västra Göteborg, Tynnered Södra;Män;Svenska medborgare;50-64;78
2018;rf;14805081;Västra Göteborg, Tynnered Södra;Kvinnor;Svenska medborgare;50-64;98
2018;rf;14805081;Västra Göteborg, Tynnered Södra;Män;Ej svenska medborgare;50-64;2
2018;rf;14805081;Västra Göteborg, Tynnered Södra;Kvinnor;Ej svenska medborgare;50-64;1
2018;rf;14805081;Västra Göteborg, Tynnered Södra;Män;Svenska medborgare;65-;77
2018;rf;14805081;Västra Göteborg, Tynnered Södra;Kvinnor;Svenska medborgare;65-;88
2018;rf;14805081;Västra Göteborg, Tynnered Södra;Män;Ej svenska medborgare;65-;2
2018;rf;14805081;Västra Göteborg, Tynnered Södra;Kvinnor;Ej svenska medborgare;65-;4
2018;rf;14805082;Västra Göteborg, Tynnered, Östra;Män;Svenska medborgare;18-29 förstagångsväljare;28
2018;rf;14805082;Västra Göteborg, Tynnered, Östra;Kvinnor;Svenska medborgare;18-29 förstagångsväljare;27
2018;rf;14805082;Västra Göteborg, Tynnered, Östra;Män;Ej svenska medborgare;18-29 förstagångsväljare;6
2018;rf;14805082;Västra Göteborg, Tynnered, Östra;Kvinnor;Ej svenska medborgare;18-29 förstagångsväljare;1
2018;rf;14805082;Västra Göteborg, Tynnered, Östra;Män;Svenska medborgare;18-29 ej förstagångsväljare;106
2018;rf;14805082;Västra Göteborg, Tynnered, Östra;Kvinnor;Svenska medborgare;18-29 ej förstagångsväljare;110
2018;rf;14805082;Västra Göteborg, Tynnered, Östra;Män;Ej svenska medborgare;18-29 ej förstagångsväljare;11
2018;rf;14805082;Västra Göteborg, Tynnered, Östra;Kvinnor;Ej svenska medborgare;18-29 ej förstagångsväljare;10
2018;rf;14805082;Västra Göteborg, Tynnered, Östra;Män;Svenska medborgare;30-49;234
2018;rf;14805082;Västra Göteborg, Tynnered, Östra;Kvinnor;Svenska medborgare;30-49;231
2018;rf;14805082;Västra Göteborg, Tynnered, Östra;Män;Ej svenska medborgare;30-49;40
2018;rf;14805082;Västra Göteborg, Tynnered, Östra;Kvinnor;Ej svenska medborgare;30-49;25
2018;rf;14805082;Västra Göteborg, Tynnered, Östra;Män;Svenska medborgare;50-64;140
2018;rf;14805082;Västra Göteborg, Tynnered, Östra;Kvinnor;Svenska medborgare;50-64;138
2018;rf;14805082;Västra Göteborg, Tynnered, Östra;Män;Ej svenska medborgare;50-64;15
2018;rf;14805082;Västra Göteborg, Tynnered, Östra;Kvinnor;Ej svenska medborgare;50-64;7
2018;rf;14805082;Västra Göteborg, Tynnered, Östra;Män;Svenska medborgare;65-;129
2018;rf;14805082;Västra Göteborg, Tynnered, Östra;Kvinnor;Svenska medborgare;65-;196
2018;rf;14805082;Västra Göteborg, Tynnered, Östra;Män;Ej svenska medborgare;65-;4
2018;rf;14805082;Västra Göteborg, Tynnered, Östra;Kvinnor;Ej svenska medborgare;65-;5
2018;rf;14805091;Askim-Frölunda-Högsbo, Kaverös, N;Män;Svenska medborgare;18-29 förstagångsväljare;34
2018;rf;14805091;Askim-Frölunda-Högsbo, Kaverös, N;Kvinnor;Svenska medborgare;18-29 förstagångsväljare;25
2018;rf;14805091;Askim-Frölunda-Högsbo, Kaverös, N;Män;Ej svenska medborgare;18-29 förstagångsväljare;0
2018;rf;14805091;Askim-Frölunda-Högsbo, Kaverös, N;Kvinnor;Ej svenska medborgare;18-29 förstagångsväljare;2
2018;rf;14805091;Askim-Frölunda-Högsbo, Kaverös, N;Män;Svenska medborgare;18-29 ej förstagångsväljare;112
2018;rf;14805091;Askim-Frölunda-Högsbo, Kaverös, N;Kvinnor;Svenska medborgare;18-29 ej förstagångsväljare;144
2018;rf;14805091;Askim-Frölunda-Högsbo, Kaverös, N;Män;Ej svenska medborgare;18-29 ej förstagångsväljare;18
2018;rf;14805091;Askim-Frölunda-Högsbo, Kaverös, N;Kvinnor;Ej svenska medborgare;18-29 ej förstagångsväljare;18
2018;rf;14805091;Askim-Frölunda-Högsbo, Kaverös, N;Män;Svenska medborgare;30-49;192
2018;rf;14805091;Askim-Frölunda-Högsbo, Kaverös, N;Kvinnor;Svenska medborgare;30-49;200
2018;rf;14805091;Askim-Frölunda-Högsbo, Kaverös, N;Män;Ej svenska medborgare;30-49;52
2018;rf;14805091;Askim-Frölunda-Högsbo, Kaverös, N;Kvinnor;Ej svenska medborgare;30-49;25
2018;rf;14805091;Askim-Frölunda-Högsbo, Kaverös, N;Män;Svenska medborgare;50-64;124
2018;rf;14805091;Askim-Frölunda-Högsbo, Kaverös, N;Kvinnor;Svenska medborgare;50-64;140
2018;rf;14805091;Askim-Frölunda-Högsbo, Kaverös, N;Män;Ej svenska medborgare;50-64;3
2018;rf;14805091;Askim-Frölunda-Högsbo, Kaverös, N;Kvinnor;Ej svenska medborgare;50-64;7
2018;rf;14805091;Askim-Frölunda-Högsbo, Kaverös, N;Män;Svenska medborgare;65-;68
2018;rf;14805091;Askim-Frölunda-Högsbo, Kaverös, N;Kvinnor;Svenska medborgare;65-;108
2018;rf;14805091;Askim-Frölunda-Högsbo, Kaverös, N;Män;Ej svenska medborgare;65-;1
2018;rf;14805091;Askim-Frölunda-Högsbo, Kaverös, N;Kvinnor;Ej svenska medborgare;65-;1
2018;rf;14805092;Askim-Frölunda-Högsbo, Kaverös, S;Män;Svenska medborgare;18-29 förstagångsväljare;12
2018;rf;14805092;Askim-Frölunda-Högsbo, Kaverös, S;Kvinnor;Svenska medborgare;18-29 förstagångsväljare;11
2018;rf;14805092;Askim-Frölunda-Högsbo, Kaverös, S;Män;Ej svenska medborgare;18-29 förstagångsväljare;0
2018;rf;14805092;Askim-Frölunda-Högsbo, Kaverös, S;Kvinnor;Ej svenska medborgare;18-29 förstagångsväljare;0
2018;rf;14805092;Askim-Frölunda-Högsbo, Kaverös, S;Män;Svenska medborgare;18-29 ej förstagångsväljare;129
2018;rf;14805092;Askim-Frölunda-Högsbo, Kaverös, S;Kvinnor;Svenska medborgare;18-29 ej förstagångsväljare;129
2018;rf;14805092;Askim-Frölunda-Högsbo, Kaverös, S;Män;Ej svenska medborgare;18-29 ej förstagångsväljare;11
2018;rf;14805092;Askim-Frölunda-Högsbo, Kaverös, S;Kvinnor;Ej svenska medborgare;18-29 ej förstagångsväljare;7
2018;rf;14805092;Askim-Frölunda-Högsbo, Kaverös, S;Män;Svenska medborgare;30-49;163
2018;rf;14805092;Askim-Frölunda-Högsbo, Kaverös, S;Kvinnor;Svenska medborgare;30-49;112
2018;rf;14805092;Askim-Frölunda-Högsbo, Kaverös, S;Män;Ej svenska medborgare;30-49;20
2018;rf;14805092;Askim-Frölunda-Högsbo, Kaverös, S;Kvinnor;Ej svenska medborgare;30-49;17
2018;rf;14805092;Askim-Frölunda-Högsbo, Kaverös, S;Män;Svenska medborgare;50-64;86
2018;rf;14805092;Askim-Frölunda-Högsbo, Kaverös, S;Kvinnor;Svenska medborgare;50-64;98
2018;rf;14805092;Askim-Frölunda-Högsbo, Kaverös, S;Män;Ej svenska medborgare;50-64;2
2018;rf;14805092;Askim-Frölunda-Högsbo, Kaverös, S;Kvinnor;Ej svenska medborgare;50-64;3
2018;rf;14805092;Askim-Frölunda-Högsbo, Kaverös, S;Män;Svenska medborgare;65-;135
2018;rf;14805092;Askim-Frölunda-Högsbo, Kaverös, S;Kvinnor;Svenska medborgare;65-;246
2018;rf;14805092;Askim-Frölunda-Högsbo, Kaverös, S;Män;Ej svenska medborgare;65-;2
2018;rf;14805092;Askim-Frölunda-Högsbo, Kaverös, S;Kvinnor;Ej svenska medborgare;65-;6
2018;rf;14805093;Askim-Frölunda-Högsbo, Kavås;Män;Svenska medborgare;18-29 förstagångsväljare;28
2018;rf;14805093;Askim-Frölunda-Högsbo, Kavås;Kvinnor;Svenska medborgare;18-29 förstagångsväljare;18
2018;rf;14805093;Askim-Frölunda-Högsbo, Kavås;Män;Ej svenska medborgare;18-29 förstagångsväljare;0
2018;rf;14805093;Askim-Frölunda-Högsbo, Kavås;Kvinnor;Ej svenska medborgare;18-29 förstagångsväljare;0
2018;rf;14805093;Askim-Frölunda-Högsbo, Kavås;Män;Svenska medborgare;18-29 ej förstagångsväljare;76
2018;rf;14805093;Askim-Frölunda-Högsbo, Kavås;Kvinnor;Svenska medborgare;18-29 ej förstagångsväljare;102
2018;rf;14805093;Askim-Frölunda-Högsbo, Kavås;Män;Ej svenska medborgare;18-29 ej förstagångsväljare;9
2018;rf;14805093;Askim-Frölunda-Högsbo, Kavås;Kvinnor;Ej svenska medborgare;18-29 ej förstagångsväljare;7
2018;rf;14805093;Askim-Frölunda-Högsbo, Kavås;Män;Svenska medborgare;30-49;199
2018;rf;14805093;Askim-Frölunda-Högsbo, Kavås;Kvinnor;Svenska medborgare;30-49;187
2018;rf;14805093;Askim-Frölunda-Högsbo, Kavås;Män;Ej svenska medborgare;30-49;21
2018;rf;14805093;Askim-Frölunda-Högsbo, Kavås;Kvinnor;Ej svenska medborgare;30-49;23
2018;rf;14805093;Askim-Frölunda-Högsbo, Kavås;Män;Svenska medborgare;50-64;94
2018;rf;14805093;Askim-Frölunda-Högsbo, Kavås;Kvinnor;Svenska medborgare;50-64;131
2018;rf;14805093;Askim-Frölunda-Högsbo, Kavås;Män;Ej svenska medborgare;50-64;6
2018;rf;14805093;Askim-Frölunda-Högsbo, Kavås;Kvinnor;Ej svenska medborgare;50-64;3
2018;rf;14805093;Askim-Frölunda-Högsbo, Kavås;Män;Svenska medborgare;65-;149
2018;rf;14805093;Askim-Frölunda-Högsbo, Kavås;Kvinnor;Svenska medborgare;65-;207
2018;rf;14805093;Askim-Frölunda-Högsbo, Kavås;Män;Ej svenska medborgare;65-;3
2018;rf;14805093;Askim-Frölunda-Högsbo, Kavås;Kvinnor;Ej svenska medborgare;65-;2
2018;rf;14805101;Askim-Frölunda-Högsbo, Flatås, S;Män;Svenska medborgare;18-29 förstagångsväljare;36
2018;rf;14805101;Askim-Frölunda-Högsbo, Flatås, S;Kvinnor;Svenska medborgare;18-29 förstagångsväljare;18
2018;rf;14805101;Askim-Frölunda-Högsbo, Flatås, S;Män;Ej svenska medborgare;18-29 förstagångsväljare;2
2018;rf;14805101;Askim-Frölunda-Högsbo, Flatås, S;Kvinnor;Ej svenska medborgare;18-29 förstagångsväljare;2
2018;rf;14805101;Askim-Frölunda-Högsbo, Flatås, S;Män;Svenska medborgare;18-29 ej förstagångsväljare;79
2018;rf;14805101;Askim-Frölunda-Högsbo, Flatås, S;Kvinnor;Svenska medborgare;18-29 ej förstagångsväljare;78
2018;rf;14805101;Askim-Frölunda-Högsbo, Flatås, S;Män;Ej svenska medborgare;18-29 ej förstagångsväljare;7
2018;rf;14805101;Askim-Frölunda-Högsbo, Flatås, S;Kvinnor;Ej svenska medborgare;18-29 ej förstagångsväljare;4
2018;rf;14805101;Askim-Frölunda-Högsbo, Flatås, S;Män;Svenska medborgare;30-49;183
2018;rf;14805101;Askim-Frölunda-Högsbo, Flatås, S;Kvinnor;Svenska medborgare;30-49;162
2018;rf;14805101;Askim-Frölunda-Högsbo, Flatås, S;Män;Ej svenska medborgare;30-49;24
2018;rf;14805101;Askim-Frölunda-Högsbo, Flatås, S;Kvinnor;Ej svenska medborgare;30-49;38
2018;rf;14805101;Askim-Frölunda-Högsbo, Flatås, S;Män;Svenska medborgare;50-64;108
2018;rf;14805101;Askim-Frölunda-Högsbo, Flatås, S;Kvinnor;Svenska medborgare;50-64;125
2018;rf;14805101;Askim-Frölunda-Högsbo, Flatås, S;Män;Ej svenska medborgare;50-64;6
2018;rf;14805101;Askim-Frölunda-Högsbo, Flatås, S;Kvinnor;Ej svenska medborgare;50-64;4
2018;rf;14805101;Askim-Frölunda-Högsbo, Flatås, S;Män;Svenska medborgare;65-;142
2018;rf;14805101;Askim-Frölunda-Högsbo, Flatås, S;Kvinnor;Svenska medborgare;65-;210
2018;rf;14805101;Askim-Frölunda-Högsbo, Flatås, S;Män;Ej svenska medborgare;65-;5
2018;rf;14805101;Askim-Frölunda-Högsbo, Flatås, S;Kvinnor;Ej svenska medborgare;65-;8
2018;rf;14805102;Askim-Frölunda-Högsbo, Flatås, V;Män;Svenska medborgare;18-29 förstagångsväljare;8
2018;rf;14805102;Askim-Frölunda-Högsbo, Flatås, V;Kvinnor;Svenska medborgare;18-29 förstagångsväljare;12
2018;rf;14805102;Askim-Frölunda-Högsbo, Flatås, V;Män;Ej svenska medborgare;18-29 förstagångsväljare;2
2018;rf;14805102;Askim-Frölunda-Högsbo, Flatås, V;Kvinnor;Ej svenska medborgare;18-29 förstagångsväljare;1
2018;rf;14805102;Askim-Frölunda-Högsbo, Flatås, V;Män;Svenska medborgare;18-29 ej förstagångsväljare;75
2018;rf;14805102;Askim-Frölunda-Högsbo, Flatås, V;Kvinnor;Svenska medborgare;18-29 ej förstagångsväljare;81
2018;rf;14805102;Askim-Frölunda-Högsbo, Flatås, V;Män;Ej svenska medborgare;18-29 ej förstagångsväljare;4
2018;rf;14805102;Askim-Frölunda-Högsbo, Flatås, V;Kvinnor;Ej svenska medborgare;18-29 ej förstagångsväljare;3
2018;rf;14805102;Askim-Frölunda-Högsbo, Flatås, V;Män;Svenska medborgare;30-49;106
2018;rf;14805102;Askim-Frölunda-Högsbo, Flatås, V;Kvinnor;Svenska medborgare;30-49;92
2018;rf;14805102;Askim-Frölunda-Högsbo, Flatås, V;Män;Ej svenska medborgare;30-49;11
2018;rf;14805102;Askim-Frölunda-Högsbo, Flatås, V;Kvinnor;Ej svenska medborgare;30-49;15
2018;rf;14805102;Askim-Frölunda-Högsbo, Flatås, V;Män;Svenska medborgare;50-64;63
2018;rf;14805102;Askim-Frölunda-Högsbo, Flatås, V;Kvinnor;Svenska medborgare;50-64;48
2018;rf;14805102;Askim-Frölunda-Högsbo, Flatås, V;Män;Ej svenska medborgare;50-64;9
2018;rf;14805102;Askim-Frölunda-Högsbo, Flatås, V;Kvinnor;Ej svenska medborgare;50-64;2
2018;rf;14805102;Askim-Frölunda-Högsbo, Flatås, V;Män;Svenska medborgare;65-;44
2018;rf;14805102;Askim-Frölunda-Högsbo, Flatås, V;Kvinnor;Svenska medborgare;65-;59
2018;rf;14805102;Askim-Frölunda-Högsbo, Flatås, V;Män;Ej svenska medborgare;65-;1
2018;rf;14805102;Askim-Frölunda-Högsbo, Flatås, V;Kvinnor;Ej svenska medborgare;65-;0
2018;rf;14805103;Askim-Frölunda-Högsbo, Flatås, Ö;Män;Svenska medborgare;18-29 förstagångsväljare;31
2018;rf;14805103;Askim-Frölunda-Högsbo, Flatås, Ö;Kvinnor;Svenska medborgare;18-29 förstagångsväljare;25
2018;rf;14805103;Askim-Frölunda-Högsbo, Flatås, Ö;Män;Ej svenska medborgare;18-29 förstagångsväljare;4
2018;rf;14805103;Askim-Frölunda-Högsbo, Flatås, Ö;Kvinnor;Ej svenska medborgare;18-29 förstagångsväljare;3
2018;rf;14805103;Askim-Frölunda-Högsbo, Flatås, Ö;Män;Svenska medborgare;18-29 ej förstagångsväljare;102
2018;rf;14805103;Askim-Frölunda-Högsbo, Flatås, Ö;Kvinnor;Svenska medborgare;18-29 ej förstagångsväljare;100
2018;rf;14805103;Askim-Frölunda-Högsbo, Flatås, Ö;Män;Ej svenska medborgare;18-29 ej förstagångsväljare;6
2018;rf;14805103;Askim-Frölunda-Högsbo, Flatås, Ö;Kvinnor;Ej svenska medborgare;18-29 ej förstagångsväljare;6
2018;rf;14805103;Askim-Frölunda-Högsbo, Flatås, Ö;Män;Svenska medborgare;30-49;200
2018;rf;14805103;Askim-Frölunda-Högsbo, Flatås, Ö;Kvinnor;Svenska medborgare;30-49;195
2018;rf;14805103;Askim-Frölunda-Högsbo, Flatås, Ö;Män;Ej svenska medborgare;30-49;33
2018;rf;14805103;Askim-Frölunda-Högsbo, Flatås, Ö;Kvinnor;Ej svenska medborgare;30-49;19
2018;rf;14805103;Askim-Frölunda-Högsbo, Flatås, Ö;Män;Svenska medborgare;50-64;129
2018;rf;14805103;Askim-Frölunda-Högsbo, Flatås, Ö;Kvinnor;Svenska medborgare;50-64;98
2018;rf;14805103;Askim-Frölunda-Högsbo, Flatås, Ö;Män;Ej svenska medborgare;50-64;11
2018;rf;14805103;Askim-Frölunda-Högsbo, Flatås, Ö;Kvinnor;Ej svenska medborgare;50-64;6
2018;rf;14805103;Askim-Frölunda-Högsbo, Flatås, Ö;Män;Svenska medborgare;65-;86
2018;rf;14805103;Askim-Frölunda-Högsbo, Flatås, Ö;Kvinnor;Svenska medborgare;65-;107
2018;rf;14805103;Askim-Frölunda-Högsbo, Flatås, Ö;Män;Ej svenska medborgare;65-;2
2018;rf;14805103;Askim-Frölunda-Högsbo, Flatås, Ö;Kvinnor;Ej svenska medborgare;65-;4
2018;rf;14805111;Askim-Frölunda-Högsbo, Högsbohöjd, N;Män;Svenska medborgare;18-29 förstagångsväljare;28
2018;rf;14805111;Askim-Frölunda-Högsbo, Högsbohöjd, N;Kvinnor;Svenska medborgare;18-29 förstagångsväljare;25
2018;rf;14805111;Askim-Frölunda-Högsbo, Högsbohöjd, N;Män;Ej svenska medborgare;18-29 förstagångsväljare;3
2018;rf;14805111;Askim-Frölunda-Högsbo, Högsbohöjd, N;Kvinnor;Ej svenska medborgare;18-29 förstagångsväljare;6
2018;rf;14805111;Askim-Frölunda-Högsbo, Högsbohöjd, N;Män;Svenska medborgare;18-29 ej förstagångsväljare;157
2018;rf;14805111;Askim-Frölunda-Högsbo, Högsbohöjd, N;Kvinnor;Svenska medborgare;18-29 ej förstagångsväljare;140
2018;rf;14805111;Askim-Frölunda-Högsbo, Högsbohöjd, N;Män;Ej svenska medborgare;18-29 ej förstagångsväljare;26
2018;rf;14805111;Askim-Frölunda-Högsbo, Högsbohöjd, N;Kvinnor;Ej svenska medborgare;18-29 ej förstagångsväljare;23
2018;rf;14805111;Askim-Frölunda-Högsbo, Högsbohöjd, N;Män;Svenska medborgare;30-49;271
2018;rf;14805111;Askim-Frölunda-Högsbo, Högsbohöjd, N;Kvinnor;Svenska medborgare;30-49;287
2018;rf;14805111;Askim-Frölunda-Högsbo, Högsbohöjd, N;Män;Ej svenska medborgare;30-49;70
2018;rf;14805111;Askim-Frölunda-Högsbo, Högsbohöjd, N;Kvinnor;Ej svenska medborgare;30-49;42
2018;rf;14805111;Askim-Frölunda-Högsbo, Högsbohöjd, N;Män;Svenska medborgare;50-64;106
2018;rf;14805111;Askim-Frölunda-Högsbo, Högsbohöjd, N;Kvinnor;Svenska medborgare;50-64;105
2018;rf;14805111;Askim-Frölunda-Högsbo, Högsbohöjd, N;Män;Ej svenska medborgare;50-64;9
2018;rf;14805111;Askim-Frölunda-Högsbo, Högsbohöjd, N;Kvinnor;Ej svenska medborgare;50-64;5
2018;rf;14805111;Askim-Frölunda-Högsbo, Högsbohöjd, N;Män;Svenska medborgare;65-;52
2018;rf;14805111;Askim-Frölunda-Högsbo, Högsbohöjd, N;Kvinnor;Svenska medborgare;65-;59
2018;rf;14805111;Askim-Frölunda-Högsbo, Högsbohöjd, N;Män;Ej svenska medborgare;65-;6
2018;rf;14805111;Askim-Frölunda-Högsbo, Högsbohöjd, N;Kvinnor;Ej svenska medborgare;65-;2
2018;rf;14805112;Askim-Frölunda-Högsbo, Högsbohöjd, S;Män;Svenska medborgare;18-29 förstagångsväljare;27
2018;rf;14805112;Askim-Frölunda-Högsbo, Högsbohöjd, S;Kvinnor;Svenska medborgare;18-29 förstagångsväljare;24
2018;rf;14805112;Askim-Frölunda-Högsbo, Högsbohöjd, S;Män;Ej svenska medborgare;18-29 förstagångsväljare;4
2018;rf;14805112;Askim-Frölunda-Högsbo, Högsbohöjd, S;Kvinnor;Ej svenska medborgare;18-29 förstagångsväljare;1
2018;rf;14805112;Askim-Frölunda-Högsbo, Högsbohöjd, S;Män;Svenska medborgare;18-29 ej förstagångsväljare;106
2018;rf;14805112;Askim-Frölunda-Högsbo, Högsbohöjd, S;Kvinnor;Svenska medborgare;18-29 ej förstagångsväljare;127
2018;rf;14805112;Askim-Frölunda-Högsbo, Högsbohöjd, S;Män;Ej svenska medborgare;18-29 ej förstagångsväljare;17
2018;rf;14805112;Askim-Frölunda-Högsbo, Högsbohöjd, S;Kvinnor;Ej svenska medborgare;18-29 ej förstagångsväljare;9
2018;rf;14805112;Askim-Frölunda-Högsbo, Högsbohöjd, S;Män;Svenska medborgare;30-49;297
2018;rf;14805112;Askim-Frölunda-Högsbo, Högsbohöjd, S;Kvinnor;Svenska medborgare;30-49;311
2018;rf;14805112;Askim-Frölunda-Högsbo, Högsbohöjd, S;Män;Ej svenska medborgare;30-49;40
2018;rf;14805112;Askim-Frölunda-Högsbo, Högsbohöjd, S;Kvinnor;Ej svenska medborgare;30-49;40
2018;rf;14805112;Askim-Frölunda-Högsbo, Högsbohöjd, S;Män;Svenska medborgare;50-64;107
2018;rf;14805112;Askim-Frölunda-Högsbo, Högsbohöjd, S;Kvinnor;Svenska medborgare;50-64;111
2018;rf;14805112;Askim-Frölunda-Högsbo, Högsbohöjd, S;Män;Ej svenska medborgare;50-64;6
2018;rf;14805112;Askim-Frölunda-Högsbo, Högsbohöjd, S;Kvinnor;Ej svenska medborgare;50-64;8
2018;rf;14805112;Askim-Frölunda-Högsbo, Högsbohöjd, S;Män;Svenska medborgare;65-;97
2018;rf;14805112;Askim-Frölunda-Högsbo, Högsbohöjd, S;Kvinnor;Svenska medborgare;65-;174
2018;rf;14805112;Askim-Frölunda-Högsbo, Högsbohöjd, S;Män;Ej svenska medborgare;65-;4
2018;rf;14805112;Askim-Frölunda-Högsbo, Högsbohöjd, S;Kvinnor;Ej svenska medborgare;65-;2
2018;rf;14805121;Askim-Frölunda-Högsbo, Högsbo;Män;Svenska medborgare;18-29 förstagångsväljare;13
2018;rf;14805121;Askim-Frölunda-Högsbo, Högsbo;Kvinnor;Svenska medborgare;18-29 förstagångsväljare;15
2018;rf;14805121;Askim-Frölunda-Högsbo, Högsbo;Män;Ej svenska medborgare;18-29 förstagångsväljare;1
2018;rf;14805121;Askim-Frölunda-Högsbo, Högsbo;Kvinnor;Ej svenska medborgare;18-29 förstagångsväljare;2
2018;rf;14805121;Askim-Frölunda-Högsbo, Högsbo;Män;Svenska medborgare;18-29 ej förstagångsväljare;81
2018;rf;14805121;Askim-Frölunda-Högsbo, Högsbo;Kvinnor;Svenska medborgare;18-29 ej förstagångsväljare;107
2018;rf;14805121;Askim-Frölunda-Högsbo, Högsbo;Män;Ej svenska medborgare;18-29 ej förstagångsväljare;7
2018;rf;14805121;Askim-Frölunda-Högsbo, Högsbo;Kvinnor;Ej svenska medborgare;18-29 ej förstagångsväljare;8
2018;rf;14805121;Askim-Frölunda-Högsbo, Högsbo;Män;Svenska medborgare;30-49;170
2018;rf;14805121;Askim-Frölunda-Högsbo, Högsbo;Kvinnor;Svenska medborgare;30-49;138
2018;rf;14805121;Askim-Frölunda-Högsbo, Högsbo;Män;Ej svenska medborgare;30-49;28
2018;rf;14805121;Askim-Frölunda-Högsbo, Högsbo;Kvinnor;Ej svenska medborgare;30-49;27
2018;rf;14805121;Askim-Frölunda-Högsbo, Högsbo;Män;Svenska medborgare;50-64;94
2018;rf;14805121;Askim-Frölunda-Högsbo, Högsbo;Kvinnor;Svenska medborgare;50-64;95
2018;rf;14805121;Askim-Frölunda-Högsbo, Högsbo;Män;Ej svenska medborgare;50-64;8
2018;rf;14805121;Askim-Frölunda-Högsbo, Högsbo;Kvinnor;Ej svenska medborgare;50-64;5
2018;rf;14805121;Askim-Frölunda-Högsbo, Högsbo;Män;Svenska medborgare;65-;106
2018;rf;14805121;Askim-Frölunda-Högsbo, Högsbo;Kvinnor;Svenska medborgare;65-;168
2018;rf;14805121;Askim-Frölunda-Högsbo, Högsbo;Män;Ej svenska medborgare;65-;3
2018;rf;14805121;Askim-Frölunda-Högsbo, Högsbo;Kvinnor;Ej svenska medborgare;65-;3
2018;rf;14805122;Askim-Frölunda-Högsbo, Högsbotorp, S;Män;Svenska medborgare;18-29 förstagångsväljare;12
2018;rf;14805122;Askim-Frölunda-Högsbo, Högsbotorp, S;Kvinnor;Svenska medborgare;18-29 förstagångsväljare;13
2018;rf;14805122;Askim-Frölunda-Högsbo, Högsbotorp, S;Män;Ej svenska medborgare;18-29 förstagångsväljare;0
2018;rf;14805122;Askim-Frölunda-Högsbo, Högsbotorp, S;Kvinnor;Ej svenska medborgare;18-29 förstagångsväljare;3
2018;rf;14805122;Askim-Frölunda-Högsbo, Högsbotorp, S;Män;Svenska medborgare;18-29 ej förstagångsväljare;60
2018;rf;14805122;Askim-Frölunda-Högsbo, Högsbotorp, S;Kvinnor;Svenska medborgare;18-29 ej förstagångsväljare;80
2018;rf;14805122;Askim-Frölunda-Högsbo, Högsbotorp, S;Män;Ej svenska medborgare;18-29 ej förstagångsväljare;4
2018;rf;14805122;Askim-Frölunda-Högsbo, Högsbotorp, S;Kvinnor;Ej svenska medborgare;18-29 ej förstagångsväljare;7
2018;rf;14805122;Askim-Frölunda-Högsbo, Högsbotorp, S;Män;Svenska medborgare;30-49;216
2018;rf;14805122;Askim-Frölunda-Högsbo, Högsbotorp, S;Kvinnor;Svenska medborgare;30-49;203
2018;rf;14805122;Askim-Frölunda-Högsbo, Högsbotorp, S;Män;Ej svenska medborgare;30-49;21
2018;rf;14805122;Askim-Frölunda-Högsbo, Högsbotorp, S;Kvinnor;Ej svenska medborgare;30-49;17
2018;rf;14805122;Askim-Frölunda-Högsbo, Högsbotorp, S;Män;Svenska medborgare;50-64;112
2018;rf;14805122;Askim-Frölunda-Högsbo, Högsbotorp, S;Kvinnor;Svenska medborgare;50-64;131
2018;rf;14805122;Askim-Frölunda-Högsbo, Högsbotorp, S;Män;Ej svenska medborgare;50-64;6
2018;rf;14805122;Askim-Frölunda-Högsbo, Högsbotorp, S;Kvinnor;Ej svenska medborgare;50-64;2
2018;rf;14805122;Askim-Frölunda-Högsbo, Högsbotorp, S;Män;Svenska medborgare;65-;105
2018;rf;14805122;Askim-Frölunda-Högsbo, Högsbotorp, S;Kvinnor;Svenska medborgare;65-;190
2018;rf;14805122;Askim-Frölunda-Högsbo, Högsbotorp, S;Män;Ej svenska medborgare;65-;0
2018;rf;14805122;Askim-Frölunda-Högsbo, Högsbotorp, S;Kvinnor;Ej svenska medborgare;65-;4
2018;rf;14805123;Askim-Frölunda-Högsbo, Högsbotorp, V;Män;Svenska medborgare;18-29 förstagångsväljare;14
2018;rf;14805123;Askim-Frölunda-Högsbo, Högsbotorp, V;Kvinnor;Svenska medborgare;18-29 förstagångsväljare;17
2018;rf;14805123;Askim-Frölunda-Högsbo, Högsbotorp, V;Män;Ej svenska medborgare;18-29 förstagångsväljare;0
2018;rf;14805123;Askim-Frölunda-Högsbo, Högsbotorp, V;Kvinnor;Ej svenska medborgare;18-29 förstagångsväljare;1
2018;rf;14805123;Askim-Frölunda-Högsbo, Högsbotorp, V;Män;Svenska medborgare;18-29 ej förstagångsväljare;91
2018;rf;14805123;Askim-Frölunda-Högsbo, Högsbotorp, V;Kvinnor;Svenska medborgare;18-29 ej förstagångsväljare;92
2018;rf;14805123;Askim-Frölunda-Högsbo, Högsbotorp, V;Män;Ej svenska medborgare;18-29 ej förstagångsväljare;7
2018;rf;14805123;Askim-Frölunda-Högsbo, Högsbotorp, V;Kvinnor;Ej svenska medborgare;18-29 ej förstagångsväljare;8
2018;rf;14805123;Askim-Frölunda-Högsbo, Högsbotorp, V;Män;Svenska medborgare;30-49;200
2018;rf;14805123;Askim-Frölunda-Högsbo, Högsbotorp, V;Kvinnor;Svenska medborgare;30-49;197
2018;rf;14805123;Askim-Frölunda-Högsbo, Högsbotorp, V;Män;Ej svenska medborgare;30-49;30
2018;rf;14805123;Askim-Frölunda-Högsbo, Högsbotorp, V;Kvinnor;Ej svenska medborgare;30-49;17
2018;rf;14805123;Askim-Frölunda-Högsbo, Högsbotorp, V;Män;Svenska medborgare;50-64;86
2018;rf;14805123;Askim-Frölunda-Högsbo, Högsbotorp, V;Kvinnor;Svenska medborgare;50-64;119
2018;rf;14805123;Askim-Frölunda-Högsbo, Högsbotorp, V;Män;Ej svenska medborgare;50-64;3
2018;rf;14805123;Askim-Frölunda-Högsbo, Högsbotorp, V;Kvinnor;Ej svenska medborgare;50-64;1
2018;rf;14805123;Askim-Frölunda-Högsbo, Högsbotorp, V;Män;Svenska medborgare;65-;79
2018;rf;14805123;Askim-Frölunda-Högsbo, Högsbotorp, V;Kvinnor;Svenska medborgare;65-;133
2018;rf;14805123;Askim-Frölunda-Högsbo, Högsbotorp, V;Män;Ej svenska medborgare;65-;6
2018;rf;14805123;Askim-Frölunda-Högsbo, Högsbotorp, V;Kvinnor;Ej svenska medborgare;65-;7
2018;rf;14805124;Askim-Frölunda-Högsbo, Högsbotorp, Ö;Män;Svenska medborgare;18-29 förstagångsväljare;23
2018;rf;14805124;Askim-Frölunda-Högsbo, Högsbotorp, Ö;Kvinnor;Svenska medborgare;18-29 förstagångsväljare;13
2018;rf;14805124;Askim-Frölunda-Högsbo, Högsbotorp, Ö;Män;Ej svenska medborgare;18-29 förstagångsväljare;2
2018;rf;14805124;Askim-Frölunda-Högsbo, Högsbotorp, Ö;Kvinnor;Ej svenska medborgare;18-29 förstagångsväljare;0
2018;rf;14805124;Askim-Frölunda-Högsbo, Högsbotorp, Ö;Män;Svenska medborgare;18-29 ej förstagångsväljare;104
2018;rf;14805124;Askim-Frölunda-Högsbo, Högsbotorp, Ö;Kvinnor;Svenska medborgare;18-29 ej förstagångsväljare;120
2018;rf;14805124;Askim-Frölunda-Högsbo, Högsbotorp, Ö;Män;Ej svenska medborgare;18-29 ej förstagångsväljare;16
2018;rf;14805124;Askim-Frölunda-Högsbo, Högsbotorp, Ö;Kvinnor;Ej svenska medborgare;18-29 ej förstagångsväljare;7
2018;rf;14805124;Askim-Frölunda-Högsbo, Högsbotorp, Ö;Män;Svenska medborgare;30-49;283
2018;rf;14805124;Askim-Frölunda-Högsbo, Högsbotorp, Ö;Kvinnor;Svenska medborgare;30-49;244
2018;rf;14805124;Askim-Frölunda-Högsbo, Högsbotorp, Ö;Män;Ej svenska medborgare;30-49;27
2018;rf;14805124;Askim-Frölunda-Högsbo, Högsbotorp, Ö;Kvinnor;Ej svenska medborgare;30-49;19
2018;rf;14805124;Askim-Frölunda-Högsbo, Högsbotorp, Ö;Män;Svenska medborgare;50-64;101
2018;rf;14805124;Askim-Frölunda-Högsbo, Högsbotorp, Ö;Kvinnor;Svenska medborgare;50-64;105
2018;rf;14805124;Askim-Frölunda-Högsbo, Högsbotorp, Ö;Män;Ej svenska medborgare;50-64;5
2018;rf;14805124;Askim-Frölunda-Högsbo, Högsbotorp, Ö;Kvinnor;Ej svenska medborgare;50-64;4
2018;rf;14805124;Askim-Frölunda-Högsbo, Högsbotorp, Ö;Män;Svenska medborgare;65-;128
2018;rf;14805124;Askim-Frölunda-Högsbo, Högsbotorp, Ö;Kvinnor;Svenska medborgare;65-;237
2018;rf;14805124;Askim-Frölunda-Högsbo, Högsbotorp, Ö;Män;Ej svenska medborgare;65-;1
2018;rf;14805124;Askim-Frölunda-Högsbo, Högsbotorp, Ö;Kvinnor;Ej svenska medborgare;65-;4
2018;rf;14805125;Askim-Frölunda-Högsbo, Marklandsgat.;Män;Svenska medborgare;18-29 förstagångsväljare;13
2018;rf;14805125;Askim-Frölunda-Högsbo, Marklandsgat.;Kvinnor;Svenska medborgare;18-29 förstagångsväljare;23
2018;rf;14805125;Askim-Frölunda-Högsbo, Marklandsgat.;Män;Ej svenska medborgare;18-29 förstagångsväljare;1
2018;rf;14805125;Askim-Frölunda-Högsbo, Marklandsgat.;Kvinnor;Ej svenska medborgare;18-29 förstagångsväljare;1
2018;rf;14805125;Askim-Frölunda-Högsbo, Marklandsgat.;Män;Svenska medborgare;18-29 ej förstagångsväljare;119
2018;rf;14805125;Askim-Frölunda-Högsbo, Marklandsgat.;Kvinnor;Svenska medborgare;18-29 ej förstagångsväljare;143
2018;rf;14805125;Askim-Frölunda-Högsbo, Marklandsgat.;Män;Ej svenska medborgare;18-29 ej förstagångsväljare;9
2018;rf;14805125;Askim-Frölunda-Högsbo, Marklandsgat.;Kvinnor;Ej svenska medborgare;18-29 ej förstagångsväljare;15
2018;rf;14805125;Askim-Frölunda-Högsbo, Marklandsgat.;Män;Svenska medborgare;30-49;177
2018;rf;14805125;Askim-Frölunda-Högsbo, Marklandsgat.;Kvinnor;Svenska medborgare;30-49;158
2018;rf;14805125;Askim-Frölunda-Högsbo, Marklandsgat.;Män;Ej svenska medborgare;30-49;30
2018;rf;14805125;Askim-Frölunda-Högsbo, Marklandsgat.;Kvinnor;Ej svenska medborgare;30-49;27
2018;rf;14805125;Askim-Frölunda-Högsbo, Marklandsgat.;Män;Svenska medborgare;50-64;74
2018;rf;14805125;Askim-Frölunda-Högsbo, Marklandsgat.;Kvinnor;Svenska medborgare;50-64;83
2018;rf;14805125;Askim-Frölunda-Högsbo, Marklandsgat.;Män;Ej svenska medborgare;50-64;3
2018;rf;14805125;Askim-Frölunda-Högsbo, Marklandsgat.;Kvinnor;Ej svenska medborgare;50-64;5
2018;rf;14805125;Askim-Frölunda-Högsbo, Marklandsgat.;Män;Svenska medborgare;65-;112
2018;rf;14805125;Askim-Frölunda-Högsbo, Marklandsgat.;Kvinnor;Svenska medborgare;65-;189
2018;rf;14805125;Askim-Frölunda-Högsbo, Marklandsgat.;Män;Ej svenska medborgare;65-;4
2018;rf;14805125;Askim-Frölunda-Högsbo, Marklandsgat.;Kvinnor;Ej svenska medborgare;65-;10
2018;rf;14805131;Askim-Frölunda-Högsbo, Spinetten;Män;Svenska medborgare;18-29 förstagångsväljare;18
2018;rf;14805131;Askim-Frölunda-Högsbo, Spinetten;Kvinnor;Svenska medborgare;18-29 förstagångsväljare;20
2018;rf;14805131;Askim-Frölunda-Högsbo, Spinetten;Män;Ej svenska medborgare;18-29 förstagångsväljare;2
2018;rf;14805131;Askim-Frölunda-Högsbo, Spinetten;Kvinnor;Ej svenska medborgare;18-29 förstagångsväljare;2
2018;rf;14805131;Askim-Frölunda-Högsbo, Spinetten;Män;Svenska medborgare;18-29 ej förstagångsväljare;42
2018;rf;14805131;Askim-Frölunda-Högsbo, Spinetten;Kvinnor;Svenska medborgare;18-29 ej förstagångsväljare;44
2018;rf;14805131;Askim-Frölunda-Högsbo, Spinetten;Män;Ej svenska medborgare;18-29 ej förstagångsväljare;3
2018;rf;14805131;Askim-Frölunda-Högsbo, Spinetten;Kvinnor;Ej svenska medborgare;18-29 ej förstagångsväljare;9
2018;rf;14805131;Askim-Frölunda-Högsbo, Spinetten;Män;Svenska medborgare;30-49;131
2018;rf;14805131;Askim-Frölunda-Högsbo, Spinetten;Kvinnor;Svenska medborgare;30-49;135
2018;rf;14805131;Askim-Frölunda-Högsbo, Spinetten;Män;Ej svenska medborgare;30-49;22
2018;rf;14805131;Askim-Frölunda-Högsbo, Spinetten;Kvinnor;Ej svenska medborgare;30-49;16
2018;rf;14805131;Askim-Frölunda-Högsbo, Spinetten;Män;Svenska medborgare;50-64;93
2018;rf;14805131;Askim-Frölunda-Högsbo, Spinetten;Kvinnor;Svenska medborgare;50-64;118
2018;rf;14805131;Askim-Frölunda-Högsbo, Spinetten;Män;Ej svenska medborgare;50-64;6
2018;rf;14805131;Askim-Frölunda-Högsbo, Spinetten;Kvinnor;Ej svenska medborgare;50-64;3
2018;rf;14805131;Askim-Frölunda-Högsbo, Spinetten;Män;Svenska medborgare;65-;95
2018;rf;14805131;Askim-Frölunda-Högsbo, Spinetten;Kvinnor;Svenska medborgare;65-;158
2018;rf;14805131;Askim-Frölunda-Högsbo, Spinetten;Män;Ej svenska medborgare;65-;5
2018;rf;14805131;Askim-Frölunda-Högsbo, Spinetten;Kvinnor;Ej svenska medborgare;65-;4
2018;rf;14805132;Askim-Frölunda-Högsbo, Tofta;Män;Svenska medborgare;18-29 förstagångsväljare;30
2018;rf;14805132;Askim-Frölunda-Högsbo, Tofta;Kvinnor;Svenska medborgare;18-29 förstagångsväljare;26
2018;rf;14805132;Askim-Frölunda-Högsbo, Tofta;Män;Ej svenska medborgare;18-29 förstagångsväljare;3
2018;rf;14805132;Askim-Frölunda-Högsbo, Tofta;Kvinnor;Ej svenska medborgare;18-29 förstagångsväljare;2
2018;rf;14805132;Askim-Frölunda-Högsbo, Tofta;Män;Svenska medborgare;18-29 ej förstagångsväljare;64
2018;rf;14805132;Askim-Frölunda-Högsbo, Tofta;Kvinnor;Svenska medborgare;18-29 ej förstagångsväljare;79
2018;rf;14805132;Askim-Frölunda-Högsbo, Tofta;Män;Ej svenska medborgare;18-29 ej förstagångsväljare;4
2018;rf;14805132;Askim-Frölunda-Högsbo, Tofta;Kvinnor;Ej svenska medborgare;18-29 ej förstagångsväljare;6
2018;rf;14805132;Askim-Frölunda-Högsbo, Tofta;Män;Svenska medborgare;30-49;140
2018;rf;14805132;Askim-Frölunda-Högsbo, Tofta;Kvinnor;Svenska medborgare;30-49;150
2018;rf;14805132;Askim-Frölunda-Högsbo, Tofta;Män;Ej svenska medborgare;30-49;13
2018;rf;14805132;Askim-Frölunda-Högsbo, Tofta;Kvinnor;Ej svenska medborgare;30-49;16
2018;rf;14805132;Askim-Frölunda-Högsbo, Tofta;Män;Svenska medborgare;50-64;107
2018;rf;14805132;Askim-Frölunda-Högsbo, Tofta;Kvinnor;Svenska medborgare;50-64;129
2018;rf;14805132;Askim-Frölunda-Högsbo, Tofta;Män;Ej svenska medborgare;50-64;10
2018;rf;14805132;Askim-Frölunda-Högsbo, Tofta;Kvinnor;Ej svenska medborgare;50-64;7
2018;rf;14805132;Askim-Frölunda-Högsbo, Tofta;Män;Svenska medborgare;65-;186
2018;rf;14805132;Askim-Frölunda-Högsbo, Tofta;Kvinnor;Svenska medborgare;65-;273
2018;rf;14805132;Askim-Frölunda-Högsbo, Tofta;Män;Ej svenska medborgare;65-;7
2018;rf;14805132;Askim-Frölunda-Högsbo, Tofta;Kvinnor;Ej svenska medborgare;65-;5
2018;rf;14805141;Askim-Frölunda-Högsbo, Altplatsen;Män;Svenska medborgare;18-29 förstagångsväljare;10
2018;rf;14805141;Askim-Frölunda-Högsbo, Altplatsen;Kvinnor;Svenska medborgare;18-29 förstagångsväljare;11
2018;rf;14805141;Askim-Frölunda-Högsbo, Altplatsen;Män;Ej svenska medborgare;18-29 förstagångsväljare;1
2018;rf;14805141;Askim-Frölunda-Högsbo, Altplatsen;Kvinnor;Ej svenska medborgare;18-29 förstagångsväljare;0
2018;rf;14805141;Askim-Frölunda-Högsbo, Altplatsen;Män;Svenska medborgare;18-29 ej förstagångsväljare;97
2018;rf;14805141;Askim-Frölunda-Högsbo, Altplatsen;Kvinnor;Svenska medborgare;18-29 ej förstagångsväljare;59
2018;rf;14805141;Askim-Frölunda-Högsbo, Altplatsen;Män;Ej svenska medborgare;18-29 ej förstagångsväljare;3
2018;rf;14805141;Askim-Frölunda-Högsbo, Altplatsen;Kvinnor;Ej svenska medborgare;18-29 ej förstagångsväljare;4
2018;rf;14805141;Askim-Frölunda-Högsbo, Altplatsen;Män;Svenska medborgare;30-49;112
2018;rf;14805141;Askim-Frölunda-Högsbo, Altplatsen;Kvinnor;Svenska medborgare;30-49;73
2018;rf;14805141;Askim-Frölunda-Högsbo, Altplatsen;Män;Ej svenska medborgare;30-49;15
2018;rf;14805141;Askim-Frölunda-Högsbo, Altplatsen;Kvinnor;Ej svenska medborgare;30-49;12
2018;rf;14805141;Askim-Frölunda-Högsbo, Altplatsen;Män;Svenska medborgare;50-64;64
2018;rf;14805141;Askim-Frölunda-Högsbo, Altplatsen;Kvinnor;Svenska medborgare;50-64;76
2018;rf;14805141;Askim-Frölunda-Högsbo, Altplatsen;Män;Ej svenska medborgare;50-64;5
2018;rf;14805141;Askim-Frölunda-Högsbo, Altplatsen;Kvinnor;Ej svenska medborgare;50-64;4
2018;rf;14805141;Askim-Frölunda-Högsbo, Altplatsen;Män;Svenska medborgare;65-;127
2018;rf;14805141;Askim-Frölunda-Högsbo, Altplatsen;Kvinnor;Svenska medborgare;65-;230
2018;rf;14805141;Askim-Frölunda-Högsbo, Altplatsen;Män;Ej svenska medborgare;65-;6
2018;rf;14805141;Askim-Frölunda-Högsbo, Altplatsen;Kvinnor;Ej svenska medborgare;65-;4
2018;rf;14805142;Askim-Frölunda-Högsbo, Ruddalen;Män;Svenska medborgare;18-29 förstagångsväljare;9
2018;rf;14805142;Askim-Frölunda-Högsbo, Ruddalen;Kvinnor;Svenska medborgare;18-29 förstagångsväljare;11
2018;rf;14805142;Askim-Frölunda-Högsbo, Ruddalen;Män;Ej svenska medborgare;18-29 förstagångsväljare;0
2018;rf;14805142;Askim-Frölunda-Högsbo, Ruddalen;Kvinnor;Ej svenska medborgare;18-29 förstagångsväljare;0
2018;rf;14805142;Askim-Frölunda-Högsbo, Ruddalen;Män;Svenska medborgare;18-29 ej förstagångsväljare;66
2018;rf;14805142;Askim-Frölunda-Högsbo, Ruddalen;Kvinnor;Svenska medborgare;18-29 ej förstagångsväljare;67
2018;rf;14805142;Askim-Frölunda-Högsbo, Ruddalen;Män;Ej svenska medborgare;18-29 ej förstagångsväljare;7
2018;rf;14805142;Askim-Frölunda-Högsbo, Ruddalen;Kvinnor;Ej svenska medborgare;18-29 ej förstagångsväljare;3
2018;rf;14805142;Askim-Frölunda-Högsbo, Ruddalen;Män;Svenska medborgare;30-49;116
2018;rf;14805142;Askim-Frölunda-Högsbo, Ruddalen;Kvinnor;Svenska medborgare;30-49;95
2018;rf;14805142;Askim-Frölunda-Högsbo, Ruddalen;Män;Ej svenska medborgare;30-49;11
2018;rf;14805142;Askim-Frölunda-Högsbo, Ruddalen;Kvinnor;Ej svenska medborgare;30-49;15
2018;rf;14805142;Askim-Frölunda-Högsbo, Ruddalen;Män;Svenska medborgare;50-64;91
2018;rf;14805142;Askim-Frölunda-Högsbo, Ruddalen;Kvinnor;Svenska medborgare;50-64;93
2018;rf;14805142;Askim-Frölunda-Högsbo, Ruddalen;Män;Ej svenska medborgare;50-64;6
2018;rf;14805142;Askim-Frölunda-Högsbo, Ruddalen;Kvinnor;Ej svenska medborgare;50-64;3
2018;rf;14805142;Askim-Frölunda-Högsbo, Ruddalen;Män;Svenska medborgare;65-;149
2018;rf;14805142;Askim-Frölunda-Högsbo, Ruddalen;Kvinnor;Svenska medborgare;65-;264
2018;rf;14805142;Askim-Frölunda-Högsbo, Ruddalen;Män;Ej svenska medborgare;65-;8
2018;rf;14805142;Askim-Frölunda-Högsbo, Ruddalen;Kvinnor;Ej svenska medborgare;65-;4
2018;rf;14805151;Askim-Frölunda-Högsbo, Järnbrott, S;Män;Svenska medborgare;18-29 förstagångsväljare;38
2018;rf;14805151;Askim-Frölunda-Högsbo, Järnbrott, S;Kvinnor;Svenska medborgare;18-29 förstagångsväljare;24
2018;rf;14805151;Askim-Frölunda-Högsbo, Järnbrott, S;Män;Ej svenska medborgare;18-29 förstagångsväljare;1
2018;rf;14805151;Askim-Frölunda-Högsbo, Järnbrott, S;Kvinnor;Ej svenska medborgare;18-29 förstagångsväljare;0
2018;rf;14805151;Askim-Frölunda-Högsbo, Järnbrott, S;Män;Svenska medborgare;18-29 ej förstagångsväljare;66
2018;rf;14805151;Askim-Frölunda-Högsbo, Järnbrott, S;Kvinnor;Svenska medborgare;18-29 ej förstagångsväljare;56
2018;rf;14805151;Askim-Frölunda-Högsbo, Järnbrott, S;Män;Ej svenska medborgare;18-29 ej förstagångsväljare;5
2018;rf;14805151;Askim-Frölunda-Högsbo, Järnbrott, S;Kvinnor;Ej svenska medborgare;18-29 ej förstagångsväljare;4
2018;rf;14805151;Askim-Frölunda-Högsbo, Järnbrott, S;Män;Svenska medborgare;30-49;161
2018;rf;14805151;Askim-Frölunda-Högsbo, Järnbrott, S;Kvinnor;Svenska medborgare;30-49;190
2018;rf;14805151;Askim-Frölunda-Högsbo, Järnbrott, S;Män;Ej svenska medborgare;30-49;7
2018;rf;14805151;Askim-Frölunda-Högsbo, Järnbrott, S;Kvinnor;Ej svenska medborgare;30-49;5
2018;rf;14805151;Askim-Frölunda-Högsbo, Järnbrott, S;Män;Svenska medborgare;50-64;164
2018;rf;14805151;Askim-Frölunda-Högsbo, Järnbrott, S;Kvinnor;Svenska medborgare;50-64;165
2018;rf;14805151;Askim-Frölunda-Högsbo, Järnbrott, S;Män;Ej svenska medborgare;50-64;3
2018;rf;14805151;Askim-Frölunda-Högsbo, Järnbrott, S;Kvinnor;Ej svenska medborgare;50-64;2
2018;rf;14805151;Askim-Frölunda-Högsbo, Järnbrott, S;Män;Svenska medborgare;65-;124
2018;rf;14805151;Askim-Frölunda-Högsbo, Järnbrott, S;Kvinnor;Svenska medborgare;65-;167
2018;rf;14805151;Askim-Frölunda-Högsbo, Järnbrott, S;Män;Ej svenska medborgare;65-;6
2018;rf;14805151;Askim-Frölunda-Högsbo, Järnbrott, S;Kvinnor;Ej svenska medborgare;65-;7
2018;rf;14805152;Askim-Frölunda-Högsbo, Järnbrott, V;Män;Svenska medborgare;18-29 förstagångsväljare;12
2018;rf;14805152;Askim-Frölunda-Högsbo, Järnbrott, V;Kvinnor;Svenska medborgare;18-29 förstagångsväljare;10
2018;rf;14805152;Askim-Frölunda-Högsbo, Järnbrott, V;Män;Ej svenska medborgare;18-29 förstagångsväljare;2
2018;rf;14805152;Askim-Frölunda-Högsbo, Järnbrott, V;Kvinnor;Ej svenska medborgare;18-29 förstagångsväljare;0
2018;rf;14805152;Askim-Frölunda-Högsbo, Järnbrott, V;Män;Svenska medborgare;18-29 ej förstagångsväljare;62
2018;rf;14805152;Askim-Frölunda-Högsbo, Järnbrott, V;Kvinnor;Svenska medborgare;18-29 ej förstagångsväljare;70
2018;rf;14805152;Askim-Frölunda-Högsbo, Järnbrott, V;Män;Ej svenska medborgare;18-29 ej förstagångsväljare;8
2018;rf;14805152;Askim-Frölunda-Högsbo, Järnbrott, V;Kvinnor;Ej svenska medborgare;18-29 ej förstagångsväljare;5
2018;rf;14805152;Askim-Frölunda-Högsbo, Järnbrott, V;Män;Svenska medborgare;30-49;132
2018;rf;14805152;Askim-Frölunda-Högsbo, Järnbrott, V;Kvinnor;Svenska medborgare;30-49;137
2018;rf;14805152;Askim-Frölunda-Högsbo, Järnbrott, V;Män;Ej svenska medborgare;30-49;28
2018;rf;14805152;Askim-Frölunda-Högsbo, Järnbrott, V;Kvinnor;Ej svenska medborgare;30-49;19
2018;rf;14805152;Askim-Frölunda-Högsbo, Järnbrott, V;Män;Svenska medborgare;50-64;86
2018;rf;14805152;Askim-Frölunda-Högsbo, Järnbrott, V;Kvinnor;Svenska medborgare;50-64;130
2018;rf;14805152;Askim-Frölunda-Högsbo, Järnbrott, V;Män;Ej svenska medborgare;50-64;6
2018;rf;14805152;Askim-Frölunda-Högsbo, Järnbrott, V;Kvinnor;Ej svenska medborgare;50-64;4
2018;rf;14805152;Askim-Frölunda-Högsbo, Järnbrott, V;Män;Svenska medborgare;65-;124
2018;rf;14805152;Askim-Frölunda-Högsbo, Järnbrott, V;Kvinnor;Svenska medborgare;65-;176
2018;rf;14805152;Askim-Frölunda-Högsbo, Järnbrott, V;Män;Ej svenska medborgare;65-;4
2018;rf;14805152;Askim-Frölunda-Högsbo, Järnbrott, V;Kvinnor;Ej svenska medborgare;65-;6
2018;rf;14805153;Askim-Frölunda-Högsbo, Järnbrott, Ö;Män;Svenska medborgare;18-29 förstagångsväljare;15
2018;rf;14805153;Askim-Frölunda-Högsbo, Järnbrott, Ö;Kvinnor;Svenska medborgare;18-29 förstagångsväljare;7
2018;rf;14805153;Askim-Frölunda-Högsbo, Järnbrott, Ö;Män;Ej svenska medborgare;18-29 förstagångsväljare;1
2018;rf;14805153;Askim-Frölunda-Högsbo, Järnbrott, Ö;Kvinnor;Ej svenska medborgare;18-29 förstagångsväljare;1
2018;rf;14805153;Askim-Frölunda-Högsbo, Järnbrott, Ö;Män;Svenska medborgare;18-29 ej förstagångsväljare;89
2018;rf;14805153;Askim-Frölunda-Högsbo, Järnbrott, Ö;Kvinnor;Svenska medborgare;18-29 ej förstagångsväljare;94
2018;rf;14805153;Askim-Frölunda-Högsbo, Järnbrott, Ö;Män;Ej svenska medborgare;18-29 ej förstagångsväljare;4
2018;rf;14805153;Askim-Frölunda-Högsbo, Järnbrott, Ö;Kvinnor;Ej svenska medborgare;18-29 ej förstagångsväljare;8
2018;rf;14805153;Askim-Frölunda-Högsbo, Järnbrott, Ö;Män;Svenska medborgare;30-49;179
2018;rf;14805153;Askim-Frölunda-Högsbo, Järnbrott, Ö;Kvinnor;Svenska medborgare;30-49;154
2018;rf;14805153;Askim-Frölunda-Högsbo, Järnbrott, Ö;Män;Ej svenska medborgare;30-49;21
2018;rf;14805153;Askim-Frölunda-Högsbo, Järnbrott, Ö;Kvinnor;Ej svenska medborgare;30-49;23
2018;rf;14805153;Askim-Frölunda-Högsbo, Järnbrott, Ö;Män;Svenska medborgare;50-64;128
2018;rf;14805153;Askim-Frölunda-Högsbo, Järnbrott, Ö;Kvinnor;Svenska medborgare;50-64;138
2018;rf;14805153;Askim-Frölunda-Högsbo, Järnbrott, Ö;Män;Ej svenska medborgare;50-64;5
2018;rf;14805153;Askim-Frölunda-Högsbo, Järnbrott, Ö;Kvinnor;Ej svenska medborgare;50-64;1
2018;rf;14805153;Askim-Frölunda-Högsbo, Järnbrott, Ö;Män;Svenska medborgare;65-;90
2018;rf;14805153;Askim-Frölunda-Högsbo, Järnbrott, Ö;Kvinnor;Svenska medborgare;65-;173
2018;rf;14805153;Askim-Frölunda-Högsbo, Järnbrott, Ö;Män;Ej svenska medborgare;65-;3
2018;rf;14805153;Askim-Frölunda-Högsbo, Järnbrott, Ö;Kvinnor;Ej svenska medborgare;65-;2
2018;rf;14805171;Askim-Frölunda-Högsbo, Frölunda;Män;Svenska medborgare;18-29 förstagångsväljare;30
2018;rf;14805171;Askim-Frölunda-Högsbo, Frölunda;Kvinnor;Svenska medborgare;18-29 förstagångsväljare;26
2018;rf;14805171;Askim-Frölunda-Högsbo, Frölunda;Män;Ej svenska medborgare;18-29 förstagångsväljare;3
2018;rf;14805171;Askim-Frölunda-Högsbo, Frölunda;Kvinnor;Ej svenska medborgare;18-29 förstagångsväljare;2
2018;rf;14805171;Askim-Frölunda-Högsbo, Frölunda;Män;Svenska medborgare;18-29 ej förstagångsväljare;73
2018;rf;14805171;Askim-Frölunda-Högsbo, Frölunda;Kvinnor;Svenska medborgare;18-29 ej förstagångsväljare;68
2018;rf;14805171;Askim-Frölunda-Högsbo, Frölunda;Män;Ej svenska medborgare;18-29 ej förstagångsväljare;18
2018;rf;14805171;Askim-Frölunda-Högsbo, Frölunda;Kvinnor;Ej svenska medborgare;18-29 ej förstagångsväljare;26
2018;rf;14805171;Askim-Frölunda-Högsbo, Frölunda;Män;Svenska medborgare;30-49;120
2018;rf;14805171;Askim-Frölunda-Högsbo, Frölunda;Kvinnor;Svenska medborgare;30-49;169
2018;rf;14805171;Askim-Frölunda-Högsbo, Frölunda;Män;Ej svenska medborgare;30-49;55
2018;rf;14805171;Askim-Frölunda-Högsbo, Frölunda;Kvinnor;Ej svenska medborgare;30-49;30
2018;rf;14805171;Askim-Frölunda-Högsbo, Frölunda;Män;Svenska medborgare;50-64;96
2018;rf;14805171;Askim-Frölunda-Högsbo, Frölunda;Kvinnor;Svenska medborgare;50-64;109
2018;rf;14805171;Askim-Frölunda-Högsbo, Frölunda;Män;Ej svenska medborgare;50-64;11
2018;rf;14805171;Askim-Frölunda-Högsbo, Frölunda;Kvinnor;Ej svenska medborgare;50-64;9
2018;rf;14805171;Askim-Frölunda-Högsbo, Frölunda;Män;Svenska medborgare;65-;85
2018;rf;14805171;Askim-Frölunda-Högsbo, Frölunda;Kvinnor;Svenska medborgare;65-;96
2018;rf;14805171;Askim-Frölunda-Högsbo, Frölunda;Män;Ej svenska medborgare;65-;3
2018;rf;14805171;Askim-Frölunda-Högsbo, Frölunda;Kvinnor;Ej svenska medborgare;65-;2
2018;rf;14805172;Askim-Frölunda-Högsbo, Frölunda Torg;Män;Svenska medborgare;18-29 förstagångsväljare;37
2018;rf;14805172;Askim-Frölunda-Högsbo, Frölunda Torg;Kvinnor;Svenska medborgare;18-29 förstagångsväljare;31
2018;rf;14805172;Askim-Frölunda-Högsbo, Frölunda Torg;Män;Ej svenska medborgare;18-29 förstagångsväljare;9
2018;rf;14805172;Askim-Frölunda-Högsbo, Frölunda Torg;Kvinnor;Ej svenska medborgare;18-29 förstagångsväljare;4
2018;rf;14805172;Askim-Frölunda-Högsbo, Frölunda Torg;Män;Svenska medborgare;18-29 ej förstagångsväljare;130
2018;rf;14805172;Askim-Frölunda-Högsbo, Frölunda Torg;Kvinnor;Svenska medborgare;18-29 ej förstagångsväljare;128
2018;rf;14805172;Askim-Frölunda-Högsbo, Frölunda Torg;Män;Ej svenska medborgare;18-29 ej förstagångsväljare;30
2018;rf;14805172;Askim-Frölunda-Högsbo, Frölunda Torg;Kvinnor;Ej svenska medborgare;18-29 ej förstagångsväljare;17
2018;rf;14805172;Askim-Frölunda-Högsbo, Frölunda Torg;Män;Svenska medborgare;30-49;187
2018;rf;14805172;Askim-Frölunda-Högsbo, Frölunda Torg;Kvinnor;Svenska medborgare;30-49;164
2018;rf;14805172;Askim-Frölunda-Högsbo, Frölunda Torg;Män;Ej svenska medborgare;30-49;98
2018;rf;14805172;Askim-Frölunda-Högsbo, Frölunda Torg;Kvinnor;Ej svenska medborgare;30-49;57
2018;rf;14805172;Askim-Frölunda-Högsbo, Frölunda Torg;Män;Svenska medborgare;50-64;121
2018;rf;14805172;Askim-Frölunda-Högsbo, Frölunda Torg;Kvinnor;Svenska medborgare;50-64;134
2018;rf;14805172;Askim-Frölunda-Högsbo, Frölunda Torg;Män;Ej svenska medborgare;50-64;11
2018;rf;14805172;Askim-Frölunda-Högsbo, Frölunda Torg;Kvinnor;Ej svenska medborgare;50-64;12
2018;rf;14805172;Askim-Frölunda-Högsbo, Frölunda Torg;Män;Svenska medborgare;65-;138
2018;rf;14805172;Askim-Frölunda-Högsbo, Frölunda Torg;Kvinnor;Svenska medborgare;65-;227
2018;rf;14805172;Askim-Frölunda-Högsbo, Frölunda Torg;Män;Ej svenska medborgare;65-;4
2018;rf;14805172;Askim-Frölunda-Högsbo, Frölunda Torg;Kvinnor;Ej svenska medborgare;65-;9
2018;rf;14805173;Askim-Frölunda-Högsbo, Gånglåten;Män;Svenska medborgare;18-29 förstagångsväljare;34
2018;rf;14805173;Askim-Frölunda-Högsbo, Gånglåten;Kvinnor;Svenska medborgare;18-29 förstagångsväljare;42
2018;rf;14805173;Askim-Frölunda-Högsbo, Gånglåten;Män;Ej svenska medborgare;18-29 förstagångsväljare;5
2018;rf;14805173;Askim-Frölunda-Högsbo, Gånglåten;Kvinnor;Ej svenska medborgare;18-29 förstagångsväljare;2
2018;rf;14805173;Askim-Frölunda-Högsbo, Gånglåten;Män;Svenska medborgare;18-29 ej förstagångsväljare;90
2018;rf;14805173;Askim-Frölunda-Högsbo, Gånglåten;Kvinnor;Svenska medborgare;18-29 ej förstagångsväljare;101
2018;rf;14805173;Askim-Frölunda-Högsbo, Gånglåten;Män;Ej svenska medborgare;18-29 ej förstagångsväljare;25
2018;rf;14805173;Askim-Frölunda-Högsbo, Gånglåten;Kvinnor;Ej svenska medborgare;18-29 ej förstagångsväljare;12
2018;rf;14805173;Askim-Frölunda-Högsbo, Gånglåten;Män;Svenska medborgare;30-49;179
2018;rf;14805173;Askim-Frölunda-Högsbo, Gånglåten;Kvinnor;Svenska medborgare;30-49;187
2018;rf;14805173;Askim-Frölunda-Högsbo, Gånglåten;Män;Ej svenska medborgare;30-49;32
2018;rf;14805173;Askim-Frölunda-Högsbo, Gånglåten;Kvinnor;Ej svenska medborgare;30-49;35
2018;rf;14805173;Askim-Frölunda-Högsbo, Gånglåten;Män;Svenska medborgare;50-64;126
2018;rf;14805173;Askim-Frölunda-Högsbo, Gånglåten;Kvinnor;Svenska medborgare;50-64;122
2018;rf;14805173;Askim-Frölunda-Högsbo, Gånglåten;Män;Ej svenska medborgare;50-64;7
2018;rf;14805173;Askim-Frölunda-Högsbo, Gånglåten;Kvinnor;Ej svenska medborgare;50-64;17
2018;rf;14805173;Askim-Frölunda-Högsbo, Gånglåten;Män;Svenska medborgare;65-;71
2018;rf;14805173;Askim-Frölunda-Högsbo, Gånglåten;Kvinnor;Svenska medborgare;65-;96
2018;rf;14805173;Askim-Frölunda-Högsbo, Gånglåten;Män;Ej svenska medborgare;65-;5
2018;rf;14805173;Askim-Frölunda-Högsbo, Gånglåten;Kvinnor;Ej svenska medborgare;65-;12
2018;rf;14805174;Askim-Frölunda-Högsbo, Mandolingatan;Män;Svenska medborgare;18-29 förstagångsväljare;22
2018;rf;14805174;Askim-Frölunda-Högsbo, Mandolingatan;Kvinnor;Svenska medborgare;18-29 förstagångsväljare;20
2018;rf;14805174;Askim-Frölunda-Högsbo, Mandolingatan;Män;Ej svenska medborgare;18-29 förstagångsväljare;3
2018;rf;14805174;Askim-Frölunda-Högsbo, Mandolingatan;Kvinnor;Ej svenska medborgare;18-29 förstagångsväljare;2
2018;rf;14805174;Askim-Frölunda-Högsbo, Mandolingatan;Män;Svenska medborgare;18-29 ej förstagångsväljare;68
2018;rf;14805174;Askim-Frölunda-Högsbo, Mandolingatan;Kvinnor;Svenska medborgare;18-29 ej förstagångsväljare;84
2018;rf;14805174;Askim-Frölunda-Högsbo, Mandolingatan;Män;Ej svenska medborgare;18-29 ej förstagångsväljare;17
2018;rf;14805174;Askim-Frölunda-Högsbo, Mandolingatan;Kvinnor;Ej svenska medborgare;18-29 ej förstagångsväljare;11
2018;rf;14805174;Askim-Frölunda-Högsbo, Mandolingatan;Män;Svenska medborgare;30-49;102
2018;rf;14805174;Askim-Frölunda-Högsbo, Mandolingatan;Kvinnor;Svenska medborgare;30-49;106
2018;rf;14805174;Askim-Frölunda-Högsbo, Mandolingatan;Män;Ej svenska medborgare;30-49;29
2018;rf;14805174;Askim-Frölunda-Högsbo, Mandolingatan;Kvinnor;Ej svenska medborgare;30-49;20
2018;rf;14805174;Askim-Frölunda-Högsbo, Mandolingatan;Män;Svenska medborgare;50-64;105
2018;rf;14805174;Askim-Frölunda-Högsbo, Mandolingatan;Kvinnor;Svenska medborgare;50-64;120
2018;rf;14805174;Askim-Frölunda-Högsbo, Mandolingatan;Män;Ej svenska medborgare;50-64;7
2018;rf;14805174;Askim-Frölunda-Högsbo, Mandolingatan;Kvinnor;Ej svenska medborgare;50-64;4
2018;rf;14805174;Askim-Frölunda-Högsbo, Mandolingatan;Män;Svenska medborgare;65-;145
2018;rf;14805174;Askim-Frölunda-Högsbo, Mandolingatan;Kvinnor;Svenska medborgare;65-;270
2018;rf;14805174;Askim-Frölunda-Högsbo, Mandolingatan;Män;Ej svenska medborgare;65-;8
2018;rf;14805174;Askim-Frölunda-Högsbo, Mandolingatan;Kvinnor;Ej svenska medborgare;65-;4
2018;rf;14805181;Västra Göteborg, Korsåsen;Män;Svenska medborgare;18-29 förstagångsväljare;49
2018;rf;14805181;Västra Göteborg, Korsåsen;Kvinnor;Svenska medborgare;18-29 förstagångsväljare;37
2018;rf;14805181;Västra Göteborg, Korsåsen;Män;Ej svenska medborgare;18-29 förstagångsväljare;0
2018;rf;14805181;Västra Göteborg, Korsåsen;Kvinnor;Ej svenska medborgare;18-29 förstagångsväljare;2
2018;rf;14805181;Västra Göteborg, Korsåsen;Män;Svenska medborgare;18-29 ej förstagångsväljare;85
2018;rf;14805181;Västra Göteborg, Korsåsen;Kvinnor;Svenska medborgare;18-29 ej förstagångsväljare;73
2018;rf;14805181;Västra Göteborg, Korsåsen;Män;Ej svenska medborgare;18-29 ej förstagångsväljare;9
2018;rf;14805181;Västra Göteborg, Korsåsen;Kvinnor;Ej svenska medborgare;18-29 ej förstagångsväljare;6
2018;rf;14805181;Västra Göteborg, Korsåsen;Män;Svenska medborgare;30-49;209
2018;rf;14805181;Västra Göteborg, Korsåsen;Kvinnor;Svenska medborgare;30-49;225
2018;rf;14805181;Västra Göteborg, Korsåsen;Män;Ej svenska medborgare;30-49;39
2018;rf;14805181;Västra Göteborg, Korsåsen;Kvinnor;Ej svenska medborgare;30-49;18
2018;rf;14805181;Västra Göteborg, Korsåsen;Män;Svenska medborgare;50-64;155
2018;rf;14805181;Västra Göteborg, Korsåsen;Kvinnor;Svenska medborgare;50-64;175
2018;rf;14805181;Västra Göteborg, Korsåsen;Män;Ej svenska medborgare;50-64;13
2018;rf;14805181;Västra Göteborg, Korsåsen;Kvinnor;Ej svenska medborgare;50-64;12
2018;rf;14805181;Västra Göteborg, Korsåsen;Män;Svenska medborgare;65-;186
2018;rf;14805181;Västra Göteborg, Korsåsen;Kvinnor;Svenska medborgare;65-;223
2018;rf;14805181;Västra Göteborg, Korsåsen;Män;Ej svenska medborgare;65-;7
2018;rf;14805181;Västra Göteborg, Korsåsen;Kvinnor;Ej svenska medborgare;65-;7
2018;rf;14805182;Västra Göteborg, Ängås;Män;Svenska medborgare;18-29 förstagångsväljare;44
2018;rf;14805182;Västra Göteborg, Ängås;Kvinnor;Svenska medborgare;18-29 förstagångsväljare;47
2018;rf;14805182;Västra Göteborg, Ängås;Män;Ej svenska medborgare;18-29 förstagångsväljare;4
2018;rf;14805182;Västra Göteborg, Ängås;Kvinnor;Ej svenska medborgare;18-29 förstagångsväljare;5
2018;rf;14805182;Västra Göteborg, Ängås;Män;Svenska medborgare;18-29 ej förstagångsväljare;141
2018;rf;14805182;Västra Göteborg, Ängås;Kvinnor;Svenska medborgare;18-29 ej förstagångsväljare;103
2018;rf;14805182;Västra Göteborg, Ängås;Män;Ej svenska medborgare;18-29 ej förstagångsväljare;20
2018;rf;14805182;Västra Göteborg, Ängås;Kvinnor;Ej svenska medborgare;18-29 ej förstagångsväljare;9
2018;rf;14805182;Västra Göteborg, Ängås;Män;Svenska medborgare;30-49;218
2018;rf;14805182;Västra Göteborg, Ängås;Kvinnor;Svenska medborgare;30-49;215
2018;rf;14805182;Västra Göteborg, Ängås;Män;Ej svenska medborgare;30-49;51
2018;rf;14805182;Västra Göteborg, Ängås;Kvinnor;Ej svenska medborgare;30-49;46
2018;rf;14805182;Västra Göteborg, Ängås;Män;Svenska medborgare;50-64;142
2018;rf;14805182;Västra Göteborg, Ängås;Kvinnor;Svenska medborgare;50-64;168
2018;rf;14805182;Västra Göteborg, Ängås;Män;Ej svenska medborgare;50-64;14
2018;rf;14805182;Västra Göteborg, Ängås;Kvinnor;Ej svenska medborgare;50-64;10
2018;rf;14805182;Västra Göteborg, Ängås;Män;Svenska medborgare;65-;93
2018;rf;14805182;Västra Göteborg, Ängås;Kvinnor;Svenska medborgare;65-;110
2018;rf;14805182;Västra Göteborg, Ängås;Män;Ej svenska medborgare;65-;1
2018;rf;14805182;Västra Göteborg, Ängås;Kvinnor;Ej svenska medborgare;65-;3
2018;rf;14805191;Västra Göteborg, Önnered, Västra;Män;Svenska medborgare;18-29 förstagångsväljare;43
2018;rf;14805191;Västra Göteborg, Önnered, Västra;Kvinnor;Svenska medborgare;18-29 förstagångsväljare;40
2018;rf;14805191;Västra Göteborg, Önnered, Västra;Män;Ej svenska medborgare;18-29 förstagångsväljare;0
2018;rf;14805191;Västra Göteborg, Önnered, Västra;Kvinnor;Ej svenska medborgare;18-29 förstagångsväljare;0
2018;rf;14805191;Västra Göteborg, Önnered, Västra;Män;Svenska medborgare;18-29 ej förstagångsväljare;62
2018;rf;14805191;Västra Göteborg, Önnered, Västra;Kvinnor;Svenska medborgare;18-29 ej förstagångsväljare;45
2018;rf;14805191;Västra Göteborg, Önnered, Västra;Män;Ej svenska medborgare;18-29 ej förstagångsväljare;1
2018;rf;14805191;Västra Göteborg, Önnered, Västra;Kvinnor;Ej svenska medborgare;18-29 ej förstagångsväljare;1
2018;rf;14805191;Västra Göteborg, Önnered, Västra;Män;Svenska medborgare;30-49;181
2018;rf;14805191;Västra Göteborg, Önnered, Västra;Kvinnor;Svenska medborgare;30-49;198
2018;rf;14805191;Västra Göteborg, Önnered, Västra;Män;Ej svenska medborgare;30-49;9
2018;rf;14805191;Västra Göteborg, Önnered, Västra;Kvinnor;Ej svenska medborgare;30-49;7
2018;rf;14805191;Västra Göteborg, Önnered, Västra;Män;Svenska medborgare;50-64;177
2018;rf;14805191;Västra Göteborg, Önnered, Västra;Kvinnor;Svenska medborgare;50-64;177
2018;rf;14805191;Västra Göteborg, Önnered, Västra;Män;Ej svenska medborgare;50-64;3
2018;rf;14805191;Västra Göteborg, Önnered, Västra;Kvinnor;Ej svenska medborgare;50-64;5
2018;rf;14805191;Västra Göteborg, Önnered, Västra;Män;Svenska medborgare;65-;191
2018;rf;14805191;Västra Göteborg, Önnered, Västra;Kvinnor;Svenska medborgare;65-;241
2018;rf;14805191;Västra Göteborg, Önnered, Västra;Män;Ej svenska medborgare;65-;4
2018;rf;14805191;Västra Göteborg, Önnered, Västra;Kvinnor;Ej svenska medborgare;65-;3
2018;rf;14805192;Västra Göteborg, Önnered, Östra;Män;Svenska medborgare;18-29 förstagångsväljare;49
2018;rf;14805192;Västra Göteborg, Önnered, Östra;Kvinnor;Svenska medborgare;18-29 förstagångsväljare;36
2018;rf;14805192;Västra Göteborg, Önnered, Östra;Män;Ej svenska medborgare;18-29 förstagångsväljare;2
2018;rf;14805192;Västra Göteborg, Önnered, Östra;Kvinnor;Ej svenska medborgare;18-29 förstagångsväljare;0
2018;rf;14805192;Västra Göteborg, Önnered, Östra;Män;Svenska medborgare;18-29 ej förstagångsväljare;60
2018;rf;14805192;Västra Göteborg, Önnered, Östra;Kvinnor;Svenska medborgare;18-29 ej förstagångsväljare;48
2018;rf;14805192;Västra Göteborg, Önnered, Östra;Män;Ej svenska medborgare;18-29 ej förstagångsväljare;0
2018;rf;14805192;Västra Göteborg, Önnered, Östra;Kvinnor;Ej svenska medborgare;18-29 ej förstagångsväljare;2
2018;rf;14805192;Västra Göteborg, Önnered, Östra;Män;Svenska medborgare;30-49;241
2018;rf;14805192;Västra Göteborg, Önnered, Östra;Kvinnor;Svenska medborgare;30-49;255
2018;rf;14805192;Västra Göteborg, Önnered, Östra;Män;Ej svenska medborgare;30-49;20
2018;rf;14805192;Västra Göteborg, Önnered, Östra;Kvinnor;Ej svenska medborgare;30-49;6
2018;rf;14805192;Västra Göteborg, Önnered, Östra;Män;Svenska medborgare;50-64;174
2018;rf;14805192;Västra Göteborg, Önnered, Östra;Kvinnor;Svenska medborgare;50-64;175
2018;rf;14805192;Västra Göteborg, Önnered, Östra;Män;Ej svenska medborgare;50-64;5
2018;rf;14805192;Västra Göteborg, Önnered, Östra;Kvinnor;Ej svenska medborgare;50-64;6
2018;rf;14805192;Västra Göteborg, Önnered, Östra;Män;Svenska medborgare;65-;197
2018;rf;14805192;Västra Göteborg, Önnered, Östra;Kvinnor;Svenska medborgare;65-;220
2018;rf;14805192;Västra Göteborg, Önnered, Östra;Män;Ej svenska medborgare;65-;4
2018;rf;14805192;Västra Göteborg, Önnered, Östra;Kvinnor;Ej svenska medborgare;65-;4
2018;rf;14805201;Västra Göteborg, Grevegården;Män;Svenska medborgare;18-29 förstagångsväljare;46
2018;rf;14805201;Västra Göteborg, Grevegården;Kvinnor;Svenska medborgare;18-29 förstagångsväljare;53
2018;rf;14805201;Västra Göteborg, Grevegården;Män;Ej svenska medborgare;18-29 förstagångsväljare;4
2018;rf;14805201;Västra Göteborg, Grevegården;Kvinnor;Ej svenska medborgare;18-29 förstagångsväljare;6
2018;rf;14805201;Västra Göteborg, Grevegården;Män;Svenska medborgare;18-29 ej förstagångsväljare;95
2018;rf;14805201;Västra Göteborg, Grevegården;Kvinnor;Svenska medborgare;18-29 ej förstagångsväljare;98
2018;rf;14805201;Västra Göteborg, Grevegården;Män;Ej svenska medborgare;18-29 ej förstagångsväljare;23
2018;rf;14805201;Västra Göteborg, Grevegården;Kvinnor;Ej svenska medborgare;18-29 ej förstagångsväljare;19
2018;rf;14805201;Västra Göteborg, Grevegården;Män;Svenska medborgare;30-49;203
2018;rf;14805201;Västra Göteborg, Grevegården;Kvinnor;Svenska medborgare;30-49;237
2018;rf;14805201;Västra Göteborg, Grevegården;Män;Ej svenska medborgare;30-49;40
2018;rf;14805201;Västra Göteborg, Grevegården;Kvinnor;Ej svenska medborgare;30-49;59
2018;rf;14805201;Västra Göteborg, Grevegården;Män;Svenska medborgare;50-64;108
2018;rf;14805201;Västra Göteborg, Grevegården;Kvinnor;Svenska medborgare;50-64;110
2018;rf;14805201;Västra Göteborg, Grevegården;Män;Ej svenska medborgare;50-64;14
2018;rf;14805201;Västra Göteborg, Grevegården;Kvinnor;Ej svenska medborgare;50-64;11
2018;rf;14805201;Västra Göteborg, Grevegården;Män;Svenska medborgare;65-;88
2018;rf;14805201;Västra Göteborg, Grevegården;Kvinnor;Svenska medborgare;65-;130
2018;rf;14805201;Västra Göteborg, Grevegården;Män;Ej svenska medborgare;65-;3
2018;rf;14805201;Västra Göteborg, Grevegården;Kvinnor;Ej svenska medborgare;65-;10
2018;rf;14805202;Västra Göteborg, Skattegården;Män;Svenska medborgare;18-29 förstagångsväljare;65
2018;rf;14805202;Västra Göteborg, Skattegården;Kvinnor;Svenska medborgare;18-29 förstagångsväljare;63
2018;rf;14805202;Västra Göteborg, Skattegården;Män;Ej svenska medborgare;18-29 förstagångsväljare;6
2018;rf;14805202;Västra Göteborg, Skattegården;Kvinnor;Ej svenska medborgare;18-29 förstagångsväljare;5
2018;rf;14805202;Västra Göteborg, Skattegården;Män;Svenska medborgare;18-29 ej förstagångsväljare;121
2018;rf;14805202;Västra Göteborg, Skattegården;Kvinnor;Svenska medborgare;18-29 ej förstagångsväljare;100
2018;rf;14805202;Västra Göteborg, Skattegården;Män;Ej svenska medborgare;18-29 ej förstagångsväljare;18
2018;rf;14805202;Västra Göteborg, Skattegården;Kvinnor;Ej svenska medborgare;18-29 ej förstagångsväljare;16
2018;rf;14805202;Västra Göteborg, Skattegården;Män;Svenska medborgare;30-49;214
2018;rf;14805202;Västra Göteborg, Skattegården;Kvinnor;Svenska medborgare;30-49;237
2018;rf;14805202;Västra Göteborg, Skattegården;Män;Ej svenska medborgare;30-49;61
2018;rf;14805202;Västra Göteborg, Skattegården;Kvinnor;Ej svenska medborgare;30-49;44
2018;rf;14805202;Västra Göteborg, Skattegården;Män;Svenska medborgare;50-64;142
2018;rf;14805202;Västra Göteborg, Skattegården;Kvinnor;Svenska medborgare;50-64;169
2018;rf;14805202;Västra Göteborg, Skattegården;Män;Ej svenska medborgare;50-64;10
2018;rf;14805202;Västra Göteborg, Skattegården;Kvinnor;Ej svenska medborgare;50-64;13
2018;rf;14805202;Västra Göteborg, Skattegården;Män;Svenska medborgare;65-;135
2018;rf;14805202;Västra Göteborg, Skattegården;Kvinnor;Svenska medborgare;65-;169
2018;rf;14805202;Västra Göteborg, Skattegården;Män;Ej svenska medborgare;65-;9
2018;rf;14805202;Västra Göteborg, Skattegården;Kvinnor;Ej svenska medborgare;65-;7
2018;rf;14805211;Västra Göteborg, Näset, Norra;Män;Svenska medborgare;18-29 förstagångsväljare;51
2018;rf;14805211;Västra Göteborg, Näset, Norra;Kvinnor;Svenska medborgare;18-29 förstagångsväljare;36
2018;rf;14805211;Västra Göteborg, Näset, Norra;Män;Ej svenska medborgare;18-29 förstagångsväljare;3
2018;rf;14805211;Västra Göteborg, Näset, Norra;Kvinnor;Ej svenska medborgare;18-29 förstagångsväljare;1
2018;rf;14805211;Västra Göteborg, Näset, Norra;Män;Svenska medborgare;18-29 ej förstagångsväljare;48
2018;rf;14805211;Västra Göteborg, Näset, Norra;Kvinnor;Svenska medborgare;18-29 ej förstagångsväljare;44
2018;rf;14805211;Västra Göteborg, Näset, Norra;Män;Ej svenska medborgare;18-29 ej förstagångsväljare;5
2018;rf;14805211;Västra Göteborg, Näset, Norra;Kvinnor;Ej svenska medborgare;18-29 ej förstagångsväljare;1
2018;rf;14805211;Västra Göteborg, Näset, Norra;Män;Svenska medborgare;30-49;180
2018;rf;14805211;Västra Göteborg, Näset, Norra;Kvinnor;Svenska medborgare;30-49;225
2018;rf;14805211;Västra Göteborg, Näset, Norra;Män;Ej svenska medborgare;30-49;7
2018;rf;14805211;Västra Göteborg, Näset, Norra;Kvinnor;Ej svenska medborgare;30-49;5
2018;rf;14805211;Västra Göteborg, Näset, Norra;Män;Svenska medborgare;50-64;184
2018;rf;14805211;Västra Göteborg, Näset, Norra;Kvinnor;Svenska medborgare;50-64;171
2018;rf;14805211;Västra Göteborg, Näset, Norra;Män;Ej svenska medborgare;50-64;3
2018;rf;14805211;Västra Göteborg, Näset, Norra;Kvinnor;Ej svenska medborgare;50-64;10
2018;rf;14805211;Västra Göteborg, Näset, Norra;Män;Svenska medborgare;65-;170
2018;rf;14805211;Västra Göteborg, Näset, Norra;Kvinnor;Svenska medborgare;65-;159
2018;rf;14805211;Västra Göteborg, Näset, Norra;Män;Ej svenska medborgare;65-;3
2018;rf;14805211;Västra Göteborg, Näset, Norra;Kvinnor;Ej svenska medborgare;65-;2
2018;rf;14805212;Västra Göteborg, Näset, Södra;Män;Svenska medborgare;18-29 förstagångsväljare;60
2018;rf;14805212;Västra Göteborg, Näset, Södra;Kvinnor;Svenska medborgare;18-29 förstagångsväljare;35
2018;rf;14805212;Västra Göteborg, Näset, Södra;Män;Ej svenska medborgare;18-29 förstagångsväljare;0
2018;rf;14805212;Västra Göteborg, Näset, Södra;Kvinnor;Ej svenska medborgare;18-29 förstagångsväljare;1
2018;rf;14805212;Västra Göteborg, Näset, Södra;Män;Svenska medborgare;18-29 ej förstagångsväljare;33
2018;rf;14805212;Västra Göteborg, Näset, Södra;Kvinnor;Svenska medborgare;18-29 ej förstagångsväljare;32
2018;rf;14805212;Västra Göteborg, Näset, Södra;Män;Ej svenska medborgare;18-29 ej förstagångsväljare;0
2018;rf;14805212;Västra Göteborg, Näset, Södra;Kvinnor;Ej svenska medborgare;18-29 ej förstagångsväljare;2
2018;rf;14805212;Västra Göteborg, Näset, Södra;Män;Svenska medborgare;30-49;142
2018;rf;14805212;Västra Göteborg, Näset, Södra;Kvinnor;Svenska medborgare;30-49;165
2018;rf;14805212;Västra Göteborg, Näset, Södra;Män;Ej svenska medborgare;30-49;8
2018;rf;14805212;Västra Göteborg, Näset, Södra;Kvinnor;Ej svenska medborgare;30-49;3
2018;rf;14805212;Västra Göteborg, Näset, Södra;Män;Svenska medborgare;50-64;183
2018;rf;14805212;Västra Göteborg, Näset, Södra;Kvinnor;Svenska medborgare;50-64;175
2018;rf;14805212;Västra Göteborg, Näset, Södra;Män;Ej svenska medborgare;50-64;8
2018;rf;14805212;Västra Göteborg, Näset, Södra;Kvinnor;Ej svenska medborgare;50-64;8
2018;rf;14805212;Västra Göteborg, Näset, Södra;Män;Svenska medborgare;65-;138
2018;rf;14805212;Västra Göteborg, Näset, Södra;Kvinnor;Svenska medborgare;65-;126
2018;rf;14805212;Västra Göteborg, Näset, Södra;Män;Ej svenska medborgare;65-;0
2018;rf;14805212;Västra Göteborg, Näset, Södra;Kvinnor;Ej svenska medborgare;65-;1
2018;rf;14805213;Västra Göteborg, Välen;Män;Svenska medborgare;18-29 förstagångsväljare;17
2018;rf;14805213;Västra Göteborg, Välen;Kvinnor;Svenska medborgare;18-29 förstagångsväljare;29
2018;rf;14805213;Västra Göteborg, Välen;Män;Ej svenska medborgare;18-29 förstagångsväljare;0
2018;rf;14805213;Västra Göteborg, Välen;Kvinnor;Ej svenska medborgare;18-29 förstagångsväljare;0
2018;rf;14805213;Västra Göteborg, Välen;Män;Svenska medborgare;18-29 ej förstagångsväljare;34
2018;rf;14805213;Västra Göteborg, Välen;Kvinnor;Svenska medborgare;18-29 ej förstagångsväljare;19
2018;rf;14805213;Västra Göteborg, Välen;Män;Ej svenska medborgare;18-29 ej förstagångsväljare;0
2018;rf;14805213;Västra Göteborg, Välen;Kvinnor;Ej svenska medborgare;18-29 ej förstagångsväljare;0
2018;rf;14805213;Västra Göteborg, Välen;Män;Svenska medborgare;30-49;160
2018;rf;14805213;Västra Göteborg, Välen;Kvinnor;Svenska medborgare;30-49;193
2018;rf;14805213;Västra Göteborg, Välen;Män;Ej svenska medborgare;30-49;6
2018;rf;14805213;Västra Göteborg, Välen;Kvinnor;Ej svenska medborgare;30-49;4
2018;rf;14805213;Västra Göteborg, Välen;Män;Svenska medborgare;50-64;95
2018;rf;14805213;Västra Göteborg, Välen;Kvinnor;Svenska medborgare;50-64;99
2018;rf;14805213;Västra Göteborg, Välen;Män;Ej svenska medborgare;50-64;2
2018;rf;14805213;Västra Göteborg, Välen;Kvinnor;Ej svenska medborgare;50-64;2
2018;rf;14805213;Västra Göteborg, Välen;Män;Svenska medborgare;65-;163
2018;rf;14805213;Västra Göteborg, Välen;Kvinnor;Svenska medborgare;65-;191
2018;rf;14805213;Västra Göteborg, Välen;Män;Ej svenska medborgare;65-;2
2018;rf;14805213;Västra Göteborg, Välen;Kvinnor;Ej svenska medborgare;65-;2
2018;rf;14805214;Västra Göteborg, Åkered;Män;Svenska medborgare;18-29 förstagångsväljare;50
2018;rf;14805214;Västra Göteborg, Åkered;Kvinnor;Svenska medborgare;18-29 förstagångsväljare;25
2018;rf;14805214;Västra Göteborg, Åkered;Män;Ej svenska medborgare;18-29 förstagångsväljare;0
2018;rf;14805214;Västra Göteborg, Åkered;Kvinnor;Ej svenska medborgare;18-29 förstagångsväljare;1
2018;rf;14805214;Västra Göteborg, Åkered;Män;Svenska medborgare;18-29 ej förstagångsväljare;29
2018;rf;14805214;Västra Göteborg, Åkered;Kvinnor;Svenska medborgare;18-29 ej förstagångsväljare;31
2018;rf;14805214;Västra Göteborg, Åkered;Män;Ej svenska medborgare;18-29 ej förstagångsväljare;0
2018;rf;14805214;Västra Göteborg, Åkered;Kvinnor;Ej svenska medborgare;18-29 ej förstagångsväljare;1
2018;rf;14805214;Västra Göteborg, Åkered;Män;Svenska medborgare;30-49;172
2018;rf;14805214;Västra Göteborg, Åkered;Kvinnor;Svenska medborgare;30-49;181
2018;rf;14805214;Västra Göteborg, Åkered;Män;Ej svenska medborgare;30-49;11
2018;rf;14805214;Västra Göteborg, Åkered;Kvinnor;Ej svenska medborgare;30-49;8
2018;rf;14805214;Västra Göteborg, Åkered;Män;Svenska medborgare;50-64;148
2018;rf;14805214;Västra Göteborg, Åkered;Kvinnor;Svenska medborgare;50-64;143
2018;rf;14805214;Västra Göteborg, Åkered;Män;Ej svenska medborgare;50-64;2
2018;rf;14805214;Västra Göteborg, Åkered;Kvinnor;Ej svenska medborgare;50-64;5
2018;rf;14805214;Västra Göteborg, Åkered;Män;Svenska medborgare;65-;133
2018;rf;14805214;Västra Göteborg, Åkered;Kvinnor;Svenska medborgare;65-;141
2018;rf;14805214;Västra Göteborg, Åkered;Män;Ej svenska medborgare;65-;0
2018;rf;14805214;Västra Göteborg, Åkered;Kvinnor;Ej svenska medborgare;65-;3
2018;rf;14805221;Västra Göteborg, Opaltorget, Norra;Män;Svenska medborgare;18-29 förstagångsväljare;25
2018;rf;14805221;Västra Göteborg, Opaltorget, Norra;Kvinnor;Svenska medborgare;18-29 förstagångsväljare;18
2018;rf;14805221;Västra Göteborg, Opaltorget, Norra;Män;Ej svenska medborgare;18-29 förstagångsväljare;1
2018;rf;14805221;Västra Göteborg, Opaltorget, Norra;Kvinnor;Ej svenska medborgare;18-29 förstagångsväljare;3
2018;rf;14805221;Västra Göteborg, Opaltorget, Norra;Män;Svenska medborgare;18-29 ej förstagångsväljare;101
2018;rf;14805221;Västra Göteborg, Opaltorget, Norra;Kvinnor;Svenska medborgare;18-29 ej förstagångsväljare;106
2018;rf;14805221;Västra Göteborg, Opaltorget, Norra;Män;Ej svenska medborgare;18-29 ej förstagångsväljare;9
2018;rf;14805221;Västra Göteborg, Opaltorget, Norra;Kvinnor;Ej svenska medborgare;18-29 ej förstagångsväljare;9
2018;rf;14805221;Västra Göteborg, Opaltorget, Norra;Män;Svenska medborgare;30-49;214
2018;rf;14805221;Västra Göteborg, Opaltorget, Norra;Kvinnor;Svenska medborgare;30-49;182
2018;rf;14805221;Västra Göteborg, Opaltorget, Norra;Män;Ej svenska medborgare;30-49;32
2018;rf;14805221;Västra Göteborg, Opaltorget, Norra;Kvinnor;Ej svenska medborgare;30-49;26
2018;rf;14805221;Västra Göteborg, Opaltorget, Norra;Män;Svenska medborgare;50-64;145
2018;rf;14805221;Västra Göteborg, Opaltorget, Norra;Kvinnor;Svenska medborgare;50-64;146
2018;rf;14805221;Västra Göteborg, Opaltorget, Norra;Män;Ej svenska medborgare;50-64;13
2018;rf;14805221;Västra Göteborg, Opaltorget, Norra;Kvinnor;Ej svenska medborgare;50-64;4
2018;rf;14805221;Västra Göteborg, Opaltorget, Norra;Män;Svenska medborgare;65-;135
2018;rf;14805221;Västra Göteborg, Opaltorget, Norra;Kvinnor;Svenska medborgare;65-;185
2018;rf;14805221;Västra Göteborg, Opaltorget, Norra;Män;Ej svenska medborgare;65-;10
2018;rf;14805221;Västra Göteborg, Opaltorget, Norra;Kvinnor;Ej svenska medborgare;65-;6
2018;rf;14805222;Västra Göteborg, Opaltorget, Södra;Män;Svenska medborgare;18-29 förstagångsväljare;39
2018;rf;14805222;Västra Göteborg, Opaltorget, Södra;Kvinnor;Svenska medborgare;18-29 förstagångsväljare;23
2018;rf;14805222;Västra Göteborg, Opaltorget, Södra;Män;Ej svenska medborgare;18-29 förstagångsväljare;2
2018;rf;14805222;Västra Göteborg, Opaltorget, Södra;Kvinnor;Ej svenska medborgare;18-29 förstagångsväljare;1
2018;rf;14805222;Västra Göteborg, Opaltorget, Södra;Män;Svenska medborgare;18-29 ej förstagångsväljare;49
2018;rf;14805222;Västra Göteborg, Opaltorget, Södra;Kvinnor;Svenska medborgare;18-29 ej förstagångsväljare;68
2018;rf;14805222;Västra Göteborg, Opaltorget, Södra;Män;Ej svenska medborgare;18-29 ej förstagångsväljare;4
2018;rf;14805222;Västra Göteborg, Opaltorget, Södra;Kvinnor;Ej svenska medborgare;18-29 ej förstagångsväljare;3
2018;rf;14805222;Västra Göteborg, Opaltorget, Södra;Män;Svenska medborgare;30-49;156
2018;rf;14805222;Västra Göteborg, Opaltorget, Södra;Kvinnor;Svenska medborgare;30-49;187
2018;rf;14805222;Västra Göteborg, Opaltorget, Södra;Män;Ej svenska medborgare;30-49;22
2018;rf;14805222;Västra Göteborg, Opaltorget, Södra;Kvinnor;Ej svenska medborgare;30-49;26
2018;rf;14805222;Västra Göteborg, Opaltorget, Södra;Män;Svenska medborgare;50-64;120
2018;rf;14805222;Västra Göteborg, Opaltorget, Södra;Kvinnor;Svenska medborgare;50-64;111
2018;rf;14805222;Västra Göteborg, Opaltorget, Södra;Män;Ej svenska medborgare;50-64;4
2018;rf;14805222;Västra Göteborg, Opaltorget, Södra;Kvinnor;Ej svenska medborgare;50-64;4
2018;rf;14805222;Västra Göteborg, Opaltorget, Södra;Män;Svenska medborgare;65-;84
2018;rf;14805222;Västra Göteborg, Opaltorget, Södra;Kvinnor;Svenska medborgare;65-;99
2018;rf;14805222;Västra Göteborg, Opaltorget, Södra;Män;Ej svenska medborgare;65-;5
2018;rf;14805222;Västra Göteborg, Opaltorget, Södra;Kvinnor;Ej svenska medborgare;65-;3
2018;rf;14805231;Askim-Frölunda-Högsbo, Askim;Män;Svenska medborgare;18-29 förstagångsväljare;19
2018;rf;14805231;Askim-Frölunda-Högsbo, Askim;Kvinnor;Svenska medborgare;18-29 förstagångsväljare;28
2018;rf;14805231;Askim-Frölunda-Högsbo, Askim;Män;Ej svenska medborgare;18-29 förstagångsväljare;2
2018;rf;14805231;Askim-Frölunda-Högsbo, Askim;Kvinnor;Ej svenska medborgare;18-29 förstagångsväljare;1
2018;rf;14805231;Askim-Frölunda-Högsbo, Askim;Män;Svenska medborgare;18-29 ej förstagångsväljare;66
2018;rf;14805231;Askim-Frölunda-Högsbo, Askim;Kvinnor;Svenska medborgare;18-29 ej förstagångsväljare;44
2018;rf;14805231;Askim-Frölunda-Högsbo, Askim;Män;Ej svenska medborgare;18-29 ej förstagångsväljare;9
2018;rf;14805231;Askim-Frölunda-Högsbo, Askim;Kvinnor;Ej svenska medborgare;18-29 ej förstagångsväljare;5
2018;rf;14805231;Askim-Frölunda-Högsbo, Askim;Män;Svenska medborgare;30-49;157
2018;rf;14805231;Askim-Frölunda-Högsbo, Askim;Kvinnor;Svenska medborgare;30-49;162
2018;rf;14805231;Askim-Frölunda-Högsbo, Askim;Män;Ej svenska medborgare;30-49;19
2018;rf;14805231;Askim-Frölunda-Högsbo, Askim;Kvinnor;Ej svenska medborgare;30-49;16
2018;rf;14805231;Askim-Frölunda-Högsbo, Askim;Män;Svenska medborgare;50-64;119
2018;rf;14805231;Askim-Frölunda-Högsbo, Askim;Kvinnor;Svenska medborgare;50-64;126
2018;rf;14805231;Askim-Frölunda-Högsbo, Askim;Män;Ej svenska medborgare;50-64;8
2018;rf;14805231;Askim-Frölunda-Högsbo, Askim;Kvinnor;Ej svenska medborgare;50-64;5
2018;rf;14805231;Askim-Frölunda-Högsbo, Askim;Män;Svenska medborgare;65-;152
2018;rf;14805231;Askim-Frölunda-Högsbo, Askim;Kvinnor;Svenska medborgare;65-;243
2018;rf;14805231;Askim-Frölunda-Högsbo, Askim;Män;Ej svenska medborgare;65-;5
2018;rf;14805231;Askim-Frölunda-Högsbo, Askim;Kvinnor;Ej svenska medborgare;65-;5
2018;rf;14805232;Askim-Frölunda-Högsbo, Hovås, Norra;Män;Svenska medborgare;18-29 förstagångsväljare;41
2018;rf;14805232;Askim-Frölunda-Högsbo, Hovås, Norra;Kvinnor;Svenska medborgare;18-29 förstagångsväljare;30
2018;rf;14805232;Askim-Frölunda-Högsbo, Hovås, Norra;Män;Ej svenska medborgare;18-29 förstagångsväljare;0
2018;rf;14805232;Askim-Frölunda-Högsbo, Hovås, Norra;Kvinnor;Ej svenska medborgare;18-29 förstagångsväljare;0
2018;rf;14805232;Askim-Frölunda-Högsbo, Hovås, Norra;Män;Svenska medborgare;18-29 ej förstagångsväljare;55
2018;rf;14805232;Askim-Frölunda-Högsbo, Hovås, Norra;Kvinnor;Svenska medborgare;18-29 ej förstagångsväljare;35
2018;rf;14805232;Askim-Frölunda-Högsbo, Hovås, Norra;Män;Ej svenska medborgare;18-29 ej förstagångsväljare;1
2018;rf;14805232;Askim-Frölunda-Högsbo, Hovås, Norra;Kvinnor;Ej svenska medborgare;18-29 ej förstagångsväljare;6
2018;rf;14805232;Askim-Frölunda-Högsbo, Hovås, Norra;Män;Svenska medborgare;30-49;152
2018;rf;14805232;Askim-Frölunda-Högsbo, Hovås, Norra;Kvinnor;Svenska medborgare;30-49;169
2018;rf;14805232;Askim-Frölunda-Högsbo, Hovås, Norra;Män;Ej svenska medborgare;30-49;13
2018;rf;14805232;Askim-Frölunda-Högsbo, Hovås, Norra;Kvinnor;Ej svenska medborgare;30-49;12
2018;rf;14805232;Askim-Frölunda-Högsbo, Hovås, Norra;Män;Svenska medborgare;50-64;157
2018;rf;14805232;Askim-Frölunda-Högsbo, Hovås, Norra;Kvinnor;Svenska medborgare;50-64;155
2018;rf;14805232;Askim-Frölunda-Högsbo, Hovås, Norra;Män;Ej svenska medborgare;50-64;6
2018;rf;14805232;Askim-Frölunda-Högsbo, Hovås, Norra;Kvinnor;Ej svenska medborgare;50-64;7
2018;rf;14805232;Askim-Frölunda-Högsbo, Hovås, Norra;Män;Svenska medborgare;65-;148
2018;rf;14805232;Askim-Frölunda-Högsbo, Hovås, Norra;Kvinnor;Svenska medborgare;65-;148
2018;rf;14805232;Askim-Frölunda-Högsbo, Hovås, Norra;Män;Ej svenska medborgare;65-;7
2018;rf;14805232;Askim-Frölunda-Högsbo, Hovås, Norra;Kvinnor;Ej svenska medborgare;65-;5
2018;rf;14805233;Askim-Frölunda-Högsbo, Hult;Män;Svenska medborgare;18-29 förstagångsväljare;28
2018;rf;14805233;Askim-Frölunda-Högsbo, Hult;Kvinnor;Svenska medborgare;18-29 förstagångsväljare;31
2018;rf;14805233;Askim-Frölunda-Högsbo, Hult;Män;Ej svenska medborgare;18-29 förstagångsväljare;0
2018;rf;14805233;Askim-Frölunda-Högsbo, Hult;Kvinnor;Ej svenska medborgare;18-29 förstagångsväljare;0
2018;rf;14805233;Askim-Frölunda-Högsbo, Hult;Män;Svenska medborgare;18-29 ej förstagångsväljare;44
2018;rf;14805233;Askim-Frölunda-Högsbo, Hult;Kvinnor;Svenska medborgare;18-29 ej förstagångsväljare;32
2018;rf;14805233;Askim-Frölunda-Högsbo, Hult;Män;Ej svenska medborgare;18-29 ej förstagångsväljare;3
2018;rf;14805233;Askim-Frölunda-Högsbo, Hult;Kvinnor;Ej svenska medborgare;18-29 ej förstagångsväljare;0
2018;rf;14805233;Askim-Frölunda-Högsbo, Hult;Män;Svenska medborgare;30-49;140
2018;rf;14805233;Askim-Frölunda-Högsbo, Hult;Kvinnor;Svenska medborgare;30-49;176
2018;rf;14805233;Askim-Frölunda-Högsbo, Hult;Män;Ej svenska medborgare;30-49;6
2018;rf;14805233;Askim-Frölunda-Högsbo, Hult;Kvinnor;Ej svenska medborgare;30-49;8
2018;rf;14805233;Askim-Frölunda-Högsbo, Hult;Män;Svenska medborgare;50-64;161
2018;rf;14805233;Askim-Frölunda-Högsbo, Hult;Kvinnor;Svenska medborgare;50-64;146
2018;rf;14805233;Askim-Frölunda-Högsbo, Hult;Män;Ej svenska medborgare;50-64;1
2018;rf;14805233;Askim-Frölunda-Högsbo, Hult;Kvinnor;Ej svenska medborgare;50-64;3
2018;rf;14805233;Askim-Frölunda-Högsbo, Hult;Män;Svenska medborgare;65-;194
2018;rf;14805233;Askim-Frölunda-Högsbo, Hult;Kvinnor;Svenska medborgare;65-;197
2018;rf;14805233;Askim-Frölunda-Högsbo, Hult;Män;Ej svenska medborgare;65-;8
2018;rf;14805233;Askim-Frölunda-Högsbo, Hult;Kvinnor;Ej svenska medborgare;65-;7
2018;rf;14805234;Askim-Frölunda-Högsbo, Pilegården;Män;Svenska medborgare;18-29 förstagångsväljare;24
2018;rf;14805234;Askim-Frölunda-Högsbo, Pilegården;Kvinnor;Svenska medborgare;18-29 förstagångsväljare;25
2018;rf;14805234;Askim-Frölunda-Högsbo, Pilegården;Män;Ej svenska medborgare;18-29 förstagångsväljare;0
2018;rf;14805234;Askim-Frölunda-Högsbo, Pilegården;Kvinnor;Ej svenska medborgare;18-29 förstagångsväljare;0
2018;rf;14805234;Askim-Frölunda-Högsbo, Pilegården;Män;Svenska medborgare;18-29 ej förstagångsväljare;125
2018;rf;14805234;Askim-Frölunda-Högsbo, Pilegården;Kvinnor;Svenska medborgare;18-29 ej förstagångsväljare;125
2018;rf;14805234;Askim-Frölunda-Högsbo, Pilegården;Män;Ej svenska medborgare;18-29 ej förstagångsväljare;11
2018;rf;14805234;Askim-Frölunda-Högsbo, Pilegården;Kvinnor;Ej svenska medborgare;18-29 ej förstagångsväljare;2
2018;rf;14805234;Askim-Frölunda-Högsbo, Pilegården;Män;Svenska medborgare;30-49;218
2018;rf;14805234;Askim-Frölunda-Högsbo, Pilegården;Kvinnor;Svenska medborgare;30-49;242
2018;rf;14805234;Askim-Frölunda-Högsbo, Pilegården;Män;Ej svenska medborgare;30-49;27
2018;rf;14805234;Askim-Frölunda-Högsbo, Pilegården;Kvinnor;Ej svenska medborgare;30-49;18
2018;rf;14805234;Askim-Frölunda-Högsbo, Pilegården;Män;Svenska medborgare;50-64;102
2018;rf;14805234;Askim-Frölunda-Högsbo, Pilegården;Kvinnor;Svenska medborgare;50-64;115
2018;rf;14805234;Askim-Frölunda-Högsbo, Pilegården;Män;Ej svenska medborgare;50-64;5
2018;rf;14805234;Askim-Frölunda-Högsbo, Pilegården;Kvinnor;Ej svenska medborgare;50-64;6
2018;rf;14805234;Askim-Frölunda-Högsbo, Pilegården;Män;Svenska medborgare;65-;81
2018;rf;14805234;Askim-Frölunda-Högsbo, Pilegården;Kvinnor;Svenska medborgare;65-;120
2018;rf;14805234;Askim-Frölunda-Högsbo, Pilegården;Män;Ej svenska medborgare;65-;0
2018;rf;14805234;Askim-Frölunda-Högsbo, Pilegården;Kvinnor;Ej svenska medborgare;65-;6
2018;rf;14805235;Askim-Frölunda-Högsbo, Sisjön, N;Män;Svenska medborgare;18-29 förstagångsväljare;12
2018;rf;14805235;Askim-Frölunda-Högsbo, Sisjön, N;Kvinnor;Svenska medborgare;18-29 förstagångsväljare;12
2018;rf;14805235;Askim-Frölunda-Högsbo, Sisjön, N;Män;Ej svenska medborgare;18-29 förstagångsväljare;3
2018;rf;14805235;Askim-Frölunda-Högsbo, Sisjön, N;Kvinnor;Ej svenska medborgare;18-29 förstagångsväljare;1
2018;rf;14805235;Askim-Frölunda-Högsbo, Sisjön, N;Män;Svenska medborgare;18-29 ej förstagångsväljare;13
2018;rf;14805235;Askim-Frölunda-Högsbo, Sisjön, N;Kvinnor;Svenska medborgare;18-29 ej förstagångsväljare;11
2018;rf;14805235;Askim-Frölunda-Högsbo, Sisjön, N;Män;Ej svenska medborgare;18-29 ej förstagångsväljare;4
2018;rf;14805235;Askim-Frölunda-Högsbo, Sisjön, N;Kvinnor;Ej svenska medborgare;18-29 ej förstagångsväljare;0
2018;rf;14805235;Askim-Frölunda-Högsbo, Sisjön, N;Män;Svenska medborgare;30-49;41
2018;rf;14805235;Askim-Frölunda-Högsbo, Sisjön, N;Kvinnor;Svenska medborgare;30-49;45
2018;rf;14805235;Askim-Frölunda-Högsbo, Sisjön, N;Män;Ej svenska medborgare;30-49;7
2018;rf;14805235;Askim-Frölunda-Högsbo, Sisjön, N;Kvinnor;Ej svenska medborgare;30-49;6
2018;rf;14805235;Askim-Frölunda-Högsbo, Sisjön, N;Män;Svenska medborgare;50-64;40
2018;rf;14805235;Askim-Frölunda-Högsbo, Sisjön, N;Kvinnor;Svenska medborgare;50-64;35
2018;rf;14805235;Askim-Frölunda-Högsbo, Sisjön, N;Män;Ej svenska medborgare;50-64;2
2018;rf;14805235;Askim-Frölunda-Högsbo, Sisjön, N;Kvinnor;Ej svenska medborgare;50-64;2
2018;rf;14805235;Askim-Frölunda-Högsbo, Sisjön, N;Män;Svenska medborgare;65-;28
2018;rf;14805235;Askim-Frölunda-Högsbo, Sisjön, N;Kvinnor;Svenska medborgare;65-;19
2018;rf;14805235;Askim-Frölunda-Högsbo, Sisjön, N;Män;Ej svenska medborgare;65-;0
2018;rf;14805235;Askim-Frölunda-Högsbo, Sisjön, N;Kvinnor;Ej svenska medborgare;65-;1
2018;rf;14805236;Askim-Frölunda-Högsbo, Sisjön, S;Män;Svenska medborgare;18-29 förstagångsväljare;41
2018;rf;14805236;Askim-Frölunda-Högsbo, Sisjön, S;Kvinnor;Svenska medborgare;18-29 förstagångsväljare;31
2018;rf;14805236;Askim-Frölunda-Högsbo, Sisjön, S;Män;Ej svenska medborgare;18-29 förstagångsväljare;0
2018;rf;14805236;Askim-Frölunda-Högsbo, Sisjön, S;Kvinnor;Ej svenska medborgare;18-29 förstagångsväljare;1
2018;rf;14805236;Askim-Frölunda-Högsbo, Sisjön, S;Män;Svenska medborgare;18-29 ej förstagångsväljare;43
2018;rf;14805236;Askim-Frölunda-Högsbo, Sisjön, S;Kvinnor;Svenska medborgare;18-29 ej förstagångsväljare;38
2018;rf;14805236;Askim-Frölunda-Högsbo, Sisjön, S;Män;Ej svenska medborgare;18-29 ej förstagångsväljare;2
2018;rf;14805236;Askim-Frölunda-Högsbo, Sisjön, S;Kvinnor;Ej svenska medborgare;18-29 ej förstagångsväljare;3
2018;rf;14805236;Askim-Frölunda-Högsbo, Sisjön, S;Män;Svenska medborgare;30-49;193
2018;rf;14805236;Askim-Frölunda-Högsbo, Sisjön, S;Kvinnor;Svenska medborgare;30-49;208
2018;rf;14805236;Askim-Frölunda-Högsbo, Sisjön, S;Män;Ej svenska medborgare;30-49;7
2018;rf;14805236;Askim-Frölunda-Högsbo, Sisjön, S;Kvinnor;Ej svenska medborgare;30-49;9
2018;rf;14805236;Askim-Frölunda-Högsbo, Sisjön, S;Män;Svenska medborgare;50-64;167
2018;rf;14805236;Askim-Frölunda-Högsbo, Sisjön, S;Kvinnor;Svenska medborgare;50-64;146
2018;rf;14805236;Askim-Frölunda-Högsbo, Sisjön, S;Män;Ej svenska medborgare;50-64;5
2018;rf;14805236;Askim-Frölunda-Högsbo, Sisjön, S;Kvinnor;Ej svenska medborgare;50-64;6
2018;rf;14805236;Askim-Frölunda-Högsbo, Sisjön, S;Män;Svenska medborgare;65-;144
2018;rf;14805236;Askim-Frölunda-Högsbo, Sisjön, S;Kvinnor;Svenska medborgare;65-;141
2018;rf;14805236;Askim-Frölunda-Högsbo, Sisjön, S;Män;Ej svenska medborgare;65-;2
2018;rf;14805236;Askim-Frölunda-Högsbo, Sisjön, S;Kvinnor;Ej svenska medborgare;65-;3
2018;rf;14805237;Askim-Frölunda-Högsbo, Sisjön, V;Män;Svenska medborgare;18-29 förstagångsväljare;50
2018;rf;14805237;Askim-Frölunda-Högsbo, Sisjön, V;Kvinnor;Svenska medborgare;18-29 förstagångsväljare;38
2018;rf;14805237;Askim-Frölunda-Högsbo, Sisjön, V;Män;Ej svenska medborgare;18-29 förstagångsväljare;0
2018;rf;14805237;Askim-Frölunda-Högsbo, Sisjön, V;Kvinnor;Ej svenska medborgare;18-29 förstagångsväljare;2
2018;rf;14805237;Askim-Frölunda-Högsbo, Sisjön, V;Män;Svenska medborgare;18-29 ej förstagångsväljare;60
2018;rf;14805237;Askim-Frölunda-Högsbo, Sisjön, V;Kvinnor;Svenska medborgare;18-29 ej förstagångsväljare;75
2018;rf;14805237;Askim-Frölunda-Högsbo, Sisjön, V;Män;Ej svenska medborgare;18-29 ej förstagångsväljare;5
2018;rf;14805237;Askim-Frölunda-Högsbo, Sisjön, V;Kvinnor;Ej svenska medborgare;18-29 ej förstagångsväljare;3
2018;rf;14805237;Askim-Frölunda-Högsbo, Sisjön, V;Män;Svenska medborgare;30-49;199
2018;rf;14805237;Askim-Frölunda-Högsbo, Sisjön, V;Kvinnor;Svenska medborgare;30-49;241
2018;rf;14805237;Askim-Frölunda-Högsbo, Sisjön, V;Män;Ej svenska medborgare;30-49;27
2018;rf;14805237;Askim-Frölunda-Högsbo, Sisjön, V;Kvinnor;Ej svenska medborgare;30-49;15
2018;rf;14805237;Askim-Frölunda-Högsbo, Sisjön, V;Män;Svenska medborgare;50-64;182
2018;rf;14805237;Askim-Frölunda-Högsbo, Sisjön, V;Kvinnor;Svenska medborgare;50-64;198
2018;rf;14805237;Askim-Frölunda-Högsbo, Sisjön, V;Män;Ej svenska medborgare;50-64;7
2018;rf;14805237;Askim-Frölunda-Högsbo, Sisjön, V;Kvinnor;Ej svenska medborgare;50-64;7
2018;rf;14805237;Askim-Frölunda-Högsbo, Sisjön, V;Män;Svenska medborgare;65-;185
2018;rf;14805237;Askim-Frölunda-Högsbo, Sisjön, V;Kvinnor;Svenska medborgare;65-;189
2018;rf;14805237;Askim-Frölunda-Högsbo, Sisjön, V;Män;Ej svenska medborgare;65-;8
2018;rf;14805237;Askim-Frölunda-Högsbo, Sisjön, V;Kvinnor;Ej svenska medborgare;65-;4
2018;rf;14805241;Askim-Frölunda-Högsbo, Hovås, Södra;Män;Svenska medborgare;18-29 förstagångsväljare;37
2018;rf;14805241;Askim-Frölunda-Högsbo, Hovås, Södra;Kvinnor;Svenska medborgare;18-29 förstagångsväljare;35
2018;rf;14805241;Askim-Frölunda-Högsbo, Hovås, Södra;Män;Ej svenska medborgare;18-29 förstagångsväljare;2
2018;rf;14805241;Askim-Frölunda-Högsbo, Hovås, Södra;Kvinnor;Ej svenska medborgare;18-29 förstagångsväljare;1
2018;rf;14805241;Askim-Frölunda-Högsbo, Hovås, Södra;Män;Svenska medborgare;18-29 ej förstagångsväljare;44
2018;rf;14805241;Askim-Frölunda-Högsbo, Hovås, Södra;Kvinnor;Svenska medborgare;18-29 ej förstagångsväljare;29
2018;rf;14805241;Askim-Frölunda-Högsbo, Hovås, Södra;Män;Ej svenska medborgare;18-29 ej förstagångsväljare;2
2018;rf;14805241;Askim-Frölunda-Högsbo, Hovås, Södra;Kvinnor;Ej svenska medborgare;18-29 ej förstagångsväljare;0
2018;rf;14805241;Askim-Frölunda-Högsbo, Hovås, Södra;Män;Svenska medborgare;30-49;132
2018;rf;14805241;Askim-Frölunda-Högsbo, Hovås, Södra;Kvinnor;Svenska medborgare;30-49;148
2018;rf;14805241;Askim-Frölunda-Högsbo, Hovås, Södra;Män;Ej svenska medborgare;30-49;10
2018;rf;14805241;Askim-Frölunda-Högsbo, Hovås, Södra;Kvinnor;Ej svenska medborgare;30-49;12
2018;rf;14805241;Askim-Frölunda-Högsbo, Hovås, Södra;Män;Svenska medborgare;50-64;144
2018;rf;14805241;Askim-Frölunda-Högsbo, Hovås, Södra;Kvinnor;Svenska medborgare;50-64;135
2018;rf;14805241;Askim-Frölunda-Högsbo, Hovås, Södra;Män;Ej svenska medborgare;50-64;9
2018;rf;14805241;Askim-Frölunda-Högsbo, Hovås, Södra;Kvinnor;Ej svenska medborgare;50-64;6
2018;rf;14805241;Askim-Frölunda-Högsbo, Hovås, Södra;Män;Svenska medborgare;65-;163
2018;rf;14805241;Askim-Frölunda-Högsbo, Hovås, Södra;Kvinnor;Svenska medborgare;65-;196
2018;rf;14805241;Askim-Frölunda-Högsbo, Hovås, Södra;Män;Ej svenska medborgare;65-;2
2018;rf;14805241;Askim-Frölunda-Högsbo, Hovås, Södra;Kvinnor;Ej svenska medborgare;65-;1
2018;rf;14805242;Askim-Frölunda-Högsbo, Trollåsen;Män;Svenska medborgare;18-29 förstagångsväljare;54
2018;rf;14805242;Askim-Frölunda-Högsbo, Trollåsen;Kvinnor;Svenska medborgare;18-29 förstagångsväljare;54
2018;rf;14805242;Askim-Frölunda-Högsbo, Trollåsen;Män;Ej svenska medborgare;18-29 förstagångsväljare;2
2018;rf;14805242;Askim-Frölunda-Högsbo, Trollåsen;Kvinnor;Ej svenska medborgare;18-29 förstagångsväljare;2
2018;rf;14805242;Askim-Frölunda-Högsbo, Trollåsen;Män;Svenska medborgare;18-29 ej förstagångsväljare;58
2018;rf;14805242;Askim-Frölunda-Högsbo, Trollåsen;Kvinnor;Svenska medborgare;18-29 ej förstagångsväljare;52
2018;rf;14805242;Askim-Frölunda-Högsbo, Trollåsen;Män;Ej svenska medborgare;18-29 ej förstagångsväljare;6
2018;rf;14805242;Askim-Frölunda-Högsbo, Trollåsen;Kvinnor;Ej svenska medborgare;18-29 ej förstagångsväljare;8
2018;rf;14805242;Askim-Frölunda-Högsbo, Trollåsen;Män;Svenska medborgare;30-49;205
2018;rf;14805242;Askim-Frölunda-Högsbo, Trollåsen;Kvinnor;Svenska medborgare;30-49;230
2018;rf;14805242;Askim-Frölunda-Högsbo, Trollåsen;Män;Ej svenska medborgare;30-49;29
2018;rf;14805242;Askim-Frölunda-Högsbo, Trollåsen;Kvinnor;Ej svenska medborgare;30-49;15
2018;rf;14805242;Askim-Frölunda-Högsbo, Trollåsen;Män;Svenska medborgare;50-64;189
2018;rf;14805242;Askim-Frölunda-Högsbo, Trollåsen;Kvinnor;Svenska medborgare;50-64;169
2018;rf;14805242;Askim-Frölunda-Högsbo, Trollåsen;Män;Ej svenska medborgare;50-64;6
2018;rf;14805242;Askim-Frölunda-Högsbo, Trollåsen;Kvinnor;Ej svenska medborgare;50-64;7
2018;rf;14805242;Askim-Frölunda-Högsbo, Trollåsen;Män;Svenska medborgare;65-;181
2018;rf;14805242;Askim-Frölunda-Högsbo, Trollåsen;Kvinnor;Svenska medborgare;65-;164
2018;rf;14805242;Askim-Frölunda-Högsbo, Trollåsen;Män;Ej svenska medborgare;65-;4
2018;rf;14805242;Askim-Frölunda-Högsbo, Trollåsen;Kvinnor;Ej svenska medborgare;65-;5
2018;rf;14805251;Askim-Frölunda-Högsbo, Billdal, N;Män;Svenska medborgare;18-29 förstagångsväljare;38
2018;rf;14805251;Askim-Frölunda-Högsbo, Billdal, N;Kvinnor;Svenska medborgare;18-29 förstagångsväljare;48
2018;rf;14805251;Askim-Frölunda-Högsbo, Billdal, N;Män;Ej svenska medborgare;18-29 förstagångsväljare;1
2018;rf;14805251;Askim-Frölunda-Högsbo, Billdal, N;Kvinnor;Ej svenska medborgare;18-29 förstagångsväljare;1
2018;rf;14805251;Askim-Frölunda-Högsbo, Billdal, N;Män;Svenska medborgare;18-29 ej förstagångsväljare;48
2018;rf;14805251;Askim-Frölunda-Högsbo, Billdal, N;Kvinnor;Svenska medborgare;18-29 ej förstagångsväljare;41
2018;rf;14805251;Askim-Frölunda-Högsbo, Billdal, N;Män;Ej svenska medborgare;18-29 ej förstagångsväljare;1
2018;rf;14805251;Askim-Frölunda-Högsbo, Billdal, N;Kvinnor;Ej svenska medborgare;18-29 ej förstagångsväljare;1
2018;rf;14805251;Askim-Frölunda-Högsbo, Billdal, N;Män;Svenska medborgare;30-49;213
2018;rf;14805251;Askim-Frölunda-Högsbo, Billdal, N;Kvinnor;Svenska medborgare;30-49;247
2018;rf;14805251;Askim-Frölunda-Högsbo, Billdal, N;Män;Ej svenska medborgare;30-49;9
2018;rf;14805251;Askim-Frölunda-Högsbo, Billdal, N;Kvinnor;Ej svenska medborgare;30-49;11
2018;rf;14805251;Askim-Frölunda-Högsbo, Billdal, N;Män;Svenska medborgare;50-64;168
2018;rf;14805251;Askim-Frölunda-Högsbo, Billdal, N;Kvinnor;Svenska medborgare;50-64;140
2018;rf;14805251;Askim-Frölunda-Högsbo, Billdal, N;Män;Ej svenska medborgare;50-64;6
2018;rf;14805251;Askim-Frölunda-Högsbo, Billdal, N;Kvinnor;Ej svenska medborgare;50-64;4
2018;rf;14805251;Askim-Frölunda-Högsbo, Billdal, N;Män;Svenska medborgare;65-;146
2018;rf;14805251;Askim-Frölunda-Högsbo, Billdal, N;Kvinnor;Svenska medborgare;65-;143
2018;rf;14805251;Askim-Frölunda-Högsbo, Billdal, N;Män;Ej svenska medborgare;65-;4
2018;rf;14805251;Askim-Frölunda-Högsbo, Billdal, N;Kvinnor;Ej svenska medborgare;65-;1
2018;rf;14805252;Askim-Frölunda-Högsbo, Billdal, S;Män;Svenska medborgare;18-29 förstagångsväljare;44
2018;rf;14805252;Askim-Frölunda-Högsbo, Billdal, S;Kvinnor;Svenska medborgare;18-29 förstagångsväljare;36
2018;rf;14805252;Askim-Frölunda-Högsbo, Billdal, S;Män;Ej svenska medborgare;18-29 förstagångsväljare;0
2018;rf;14805252;Askim-Frölunda-Högsbo, Billdal, S;Kvinnor;Ej svenska medborgare;18-29 förstagångsväljare;0
2018;rf;14805252;Askim-Frölunda-Högsbo, Billdal, S;Män;Svenska medborgare;18-29 ej förstagångsväljare;39
2018;rf;14805252;Askim-Frölunda-Högsbo, Billdal, S;Kvinnor;Svenska medborgare;18-29 ej förstagångsväljare;34
2018;rf;14805252;Askim-Frölunda-Högsbo, Billdal, S;Män;Ej svenska medborgare;18-29 ej förstagångsväljare;2
2018;rf;14805252;Askim-Frölunda-Högsbo, Billdal, S;Kvinnor;Ej svenska medborgare;18-29 ej förstagångsväljare;1
2018;rf;14805252;Askim-Frölunda-Högsbo, Billdal, S;Män;Svenska medborgare;30-49;157
2018;rf;14805252;Askim-Frölunda-Högsbo, Billdal, S;Kvinnor;Svenska medborgare;30-49;193
2018;rf;14805252;Askim-Frölunda-Högsbo, Billdal, S;Män;Ej svenska medborgare;30-49;11
2018;rf;14805252;Askim-Frölunda-Högsbo, Billdal, S;Kvinnor;Ej svenska medborgare;30-49;6
2018;rf;14805252;Askim-Frölunda-Högsbo, Billdal, S;Män;Svenska medborgare;50-64;125
2018;rf;14805252;Askim-Frölunda-Högsbo, Billdal, S;Kvinnor;Svenska medborgare;50-64;136
2018;rf;14805252;Askim-Frölunda-Högsbo, Billdal, S;Män;Ej svenska medborgare;50-64;11
2018;rf;14805252;Askim-Frölunda-Högsbo, Billdal, S;Kvinnor;Ej svenska medborgare;50-64;5
2018;rf;14805252;Askim-Frölunda-Högsbo, Billdal, S;Män;Svenska medborgare;65-;116
2018;rf;14805252;Askim-Frölunda-Högsbo, Billdal, S;Kvinnor;Svenska medborgare;65-;131
2018;rf;14805252;Askim-Frölunda-Högsbo, Billdal, S;Män;Ej svenska medborgare;65-;2
2018;rf;14805252;Askim-Frölunda-Högsbo, Billdal, S;Kvinnor;Ej svenska medborgare;65-;4
2018;rf;14805253;Askim-Frölunda-Högsbo, Brottkärr;Män;Svenska medborgare;18-29 förstagångsväljare;48
2018;rf;14805253;Askim-Frölunda-Högsbo, Brottkärr;Kvinnor;Svenska medborgare;18-29 förstagångsväljare;40
2018;rf;14805253;Askim-Frölunda-Högsbo, Brottkärr;Män;Ej svenska medborgare;18-29 förstagångsväljare;2
2018;rf;14805253;Askim-Frölunda-Högsbo, Brottkärr;Kvinnor;Ej svenska medborgare;18-29 förstagångsväljare;0
2018;rf;14805253;Askim-Frölunda-Högsbo, Brottkärr;Män;Svenska medborgare;18-29 ej förstagångsväljare;34
2018;rf;14805253;Askim-Frölunda-Högsbo, Brottkärr;Kvinnor;Svenska medborgare;18-29 ej förstagångsväljare;42
2018;rf;14805253;Askim-Frölunda-Högsbo, Brottkärr;Män;Ej svenska medborgare;18-29 ej förstagångsväljare;3
2018;rf;14805253;Askim-Frölunda-Högsbo, Brottkärr;Kvinnor;Ej svenska medborgare;18-29 ej förstagångsväljare;1
2018;rf;14805253;Askim-Frölunda-Högsbo, Brottkärr;Män;Svenska medborgare;30-49;189
2018;rf;14805253;Askim-Frölunda-Högsbo, Brottkärr;Kvinnor;Svenska medborgare;30-49;213
2018;rf;14805253;Askim-Frölunda-Högsbo, Brottkärr;Män;Ej svenska medborgare;30-49;20
2018;rf;14805253;Askim-Frölunda-Högsbo, Brottkärr;Kvinnor;Ej svenska medborgare;30-49;14
2018;rf;14805253;Askim-Frölunda-Högsbo, Brottkärr;Män;Svenska medborgare;50-64;148
2018;rf;14805253;Askim-Frölunda-Högsbo, Brottkärr;Kvinnor;Svenska medborgare;50-64;157
2018;rf;14805253;Askim-Frölunda-Högsbo, Brottkärr;Män;Ej svenska medborgare;50-64;5
2018;rf;14805253;Askim-Frölunda-Högsbo, Brottkärr;Kvinnor;Ej svenska medborgare;50-64;7
2018;rf;14805253;Askim-Frölunda-Högsbo, Brottkärr;Män;Svenska medborgare;65-;148
2018;rf;14805253;Askim-Frölunda-Högsbo, Brottkärr;Kvinnor;Svenska medborgare;65-;142
2018;rf;14805253;Askim-Frölunda-Högsbo, Brottkärr;Män;Ej svenska medborgare;65-;2
2018;rf;14805253;Askim-Frölunda-Högsbo, Brottkärr;Kvinnor;Ej svenska medborgare;65-;5
2018;rf;14805254;Askim-Frölunda-Högsbo, Lindås;Män;Svenska medborgare;18-29 förstagångsväljare;28
2018;rf;14805254;Askim-Frölunda-Högsbo, Lindås;Kvinnor;Svenska medborgare;18-29 förstagångsväljare;37
2018;rf;14805254;Askim-Frölunda-Högsbo, Lindås;Män;Ej svenska medborgare;18-29 förstagångsväljare;1
2018;rf;14805254;Askim-Frölunda-Högsbo, Lindås;Kvinnor;Ej svenska medborgare;18-29 förstagångsväljare;2
2018;rf;14805254;Askim-Frölunda-Högsbo, Lindås;Män;Svenska medborgare;18-29 ej förstagångsväljare;38
2018;rf;14805254;Askim-Frölunda-Högsbo, Lindås;Kvinnor;Svenska medborgare;18-29 ej förstagångsväljare;38
2018;rf;14805254;Askim-Frölunda-Högsbo, Lindås;Män;Ej svenska medborgare;18-29 ej förstagångsväljare;1
2018;rf;14805254;Askim-Frölunda-Högsbo, Lindås;Kvinnor;Ej svenska medborgare;18-29 ej förstagångsväljare;2
2018;rf;14805254;Askim-Frölunda-Högsbo, Lindås;Män;Svenska medborgare;30-49;215
2018;rf;14805254;Askim-Frölunda-Högsbo, Lindås;Kvinnor;Svenska medborgare;30-49;242
2018;rf;14805254;Askim-Frölunda-Högsbo, Lindås;Män;Ej svenska medborgare;30-49;6
2018;rf;14805254;Askim-Frölunda-Högsbo, Lindås;Kvinnor;Ej svenska medborgare;30-49;8
2018;rf;14805254;Askim-Frölunda-Högsbo, Lindås;Män;Svenska medborgare;50-64;130
2018;rf;14805254;Askim-Frölunda-Högsbo, Lindås;Kvinnor;Svenska medborgare;50-64;125
2018;rf;14805254;Askim-Frölunda-Högsbo, Lindås;Män;Ej svenska medborgare;50-64;7
2018;rf;14805254;Askim-Frölunda-Högsbo, Lindås;Kvinnor;Ej svenska medborgare;50-64;5
2018;rf;14805254;Askim-Frölunda-Högsbo, Lindås;Män;Svenska medborgare;65-;159
2018;rf;14805254;Askim-Frölunda-Högsbo, Lindås;Kvinnor;Svenska medborgare;65-;167
2018;rf;14805254;Askim-Frölunda-Högsbo, Lindås;Män;Ej svenska medborgare;65-;1
2018;rf;14805254;Askim-Frölunda-Högsbo, Lindås;Kvinnor;Ej svenska medborgare;65-;2
2018;rf;14805255;Askim-Frölunda-Högsbo, Lyckhem;Män;Svenska medborgare;18-29 förstagångsväljare;43
2018;rf;14805255;Askim-Frölunda-Högsbo, Lyckhem;Kvinnor;Svenska medborgare;18-29 förstagångsväljare;28
2018;rf;14805255;Askim-Frölunda-Högsbo, Lyckhem;Män;Ej svenska medborgare;18-29 förstagångsväljare;0
2018;rf;14805255;Askim-Frölunda-Högsbo, Lyckhem;Kvinnor;Ej svenska medborgare;18-29 förstagångsväljare;1
2018;rf;14805255;Askim-Frölunda-Högsbo, Lyckhem;Män;Svenska medborgare;18-29 ej förstagångsväljare;38
2018;rf;14805255;Askim-Frölunda-Högsbo, Lyckhem;Kvinnor;Svenska medborgare;18-29 ej förstagångsväljare;32
2018;rf;14805255;Askim-Frölunda-Högsbo, Lyckhem;Män;Ej svenska medborgare;18-29 ej förstagångsväljare;1
2018;rf;14805255;Askim-Frölunda-Högsbo, Lyckhem;Kvinnor;Ej svenska medborgare;18-29 ej förstagångsväljare;1
2018;rf;14805255;Askim-Frölunda-Högsbo, Lyckhem;Män;Svenska medborgare;30-49;194
2018;rf;14805255;Askim-Frölunda-Högsbo, Lyckhem;Kvinnor;Svenska medborgare;30-49;224
2018;rf;14805255;Askim-Frölunda-Högsbo, Lyckhem;Män;Ej svenska medborgare;30-49;11
2018;rf;14805255;Askim-Frölunda-Högsbo, Lyckhem;Kvinnor;Ej svenska medborgare;30-49;12
2018;rf;14805255;Askim-Frölunda-Högsbo, Lyckhem;Män;Svenska medborgare;50-64;150
2018;rf;14805255;Askim-Frölunda-Högsbo, Lyckhem;Kvinnor;Svenska medborgare;50-64;144
2018;rf;14805255;Askim-Frölunda-Högsbo, Lyckhem;Män;Ej svenska medborgare;50-64;3
2018;rf;14805255;Askim-Frölunda-Högsbo, Lyckhem;Kvinnor;Ej svenska medborgare;50-64;4
2018;rf;14805255;Askim-Frölunda-Högsbo, Lyckhem;Män;Svenska medborgare;65-;170
2018;rf;14805255;Askim-Frölunda-Högsbo, Lyckhem;Kvinnor;Svenska medborgare;65-;205
2018;rf;14805255;Askim-Frölunda-Högsbo, Lyckhem;Män;Ej svenska medborgare;65-;4
2018;rf;14805255;Askim-Frölunda-Högsbo, Lyckhem;Kvinnor;Ej svenska medborgare;65-;2
2018;rf;14805256;Askim-Frölunda-Högsbo, Nygård;Män;Svenska medborgare;18-29 förstagångsväljare;41
2018;rf;14805256;Askim-Frölunda-Högsbo, Nygård;Kvinnor;Svenska medborgare;18-29 förstagångsväljare;22
2018;rf;14805256;Askim-Frölunda-Högsbo, Nygård;Män;Ej svenska medborgare;18-29 förstagångsväljare;0
2018;rf;14805256;Askim-Frölunda-Högsbo, Nygård;Kvinnor;Ej svenska medborgare;18-29 förstagångsväljare;2
2018;rf;14805256;Askim-Frölunda-Högsbo, Nygård;Män;Svenska medborgare;18-29 ej förstagångsväljare;36
2018;rf;14805256;Askim-Frölunda-Högsbo, Nygård;Kvinnor;Svenska medborgare;18-29 ej förstagångsväljare;33
2018;rf;14805256;Askim-Frölunda-Högsbo, Nygård;Män;Ej svenska medborgare;18-29 ej förstagångsväljare;1
2018;rf;14805256;Askim-Frölunda-Högsbo, Nygård;Kvinnor;Ej svenska medborgare;18-29 ej förstagångsväljare;2
2018;rf;14805256;Askim-Frölunda-Högsbo, Nygård;Män;Svenska medborgare;30-49;207
2018;rf;14805256;Askim-Frölunda-Högsbo, Nygård;Kvinnor;Svenska medborgare;30-49;218
2018;rf;14805256;Askim-Frölunda-Högsbo, Nygård;Män;Ej svenska medborgare;30-49;8
2018;rf;14805256;Askim-Frölunda-Högsbo, Nygård;Kvinnor;Ej svenska medborgare;30-49;6
2018;rf;14805256;Askim-Frölunda-Högsbo, Nygård;Män;Svenska medborgare;50-64;139
2018;rf;14805256;Askim-Frölunda-Högsbo, Nygård;Kvinnor;Svenska medborgare;50-64;139
2018;rf;14805256;Askim-Frölunda-Högsbo, Nygård;Män;Ej svenska medborgare;50-64;6
2018;rf;14805256;Askim-Frölunda-Högsbo, Nygård;Kvinnor;Ej svenska medborgare;50-64;5
2018;rf;14805256;Askim-Frölunda-Högsbo, Nygård;Män;Svenska medborgare;65-;157
2018;rf;14805256;Askim-Frölunda-Högsbo, Nygård;Kvinnor;Svenska medborgare;65-;202
2018;rf;14805256;Askim-Frölunda-Högsbo, Nygård;Män;Ej svenska medborgare;65-;3
2018;rf;14805256;Askim-Frölunda-Högsbo, Nygård;Kvinnor;Ej svenska medborgare;65-;3
2018;rf;14805257;Askim-Frölunda-Högsbo, Skintebo;Män;Svenska medborgare;18-29 förstagångsväljare;38
2018;rf;14805257;Askim-Frölunda-Högsbo, Skintebo;Kvinnor;Svenska medborgare;18-29 förstagångsväljare;36
2018;rf;14805257;Askim-Frölunda-Högsbo, Skintebo;Män;Ej svenska medborgare;18-29 förstagångsväljare;0
2018;rf;14805257;Askim-Frölunda-Högsbo, Skintebo;Kvinnor;Ej svenska medborgare;18-29 förstagångsväljare;0
2018;rf;14805257;Askim-Frölunda-Högsbo, Skintebo;Män;Svenska medborgare;18-29 ej förstagångsväljare;47
2018;rf;14805257;Askim-Frölunda-Högsbo, Skintebo;Kvinnor;Svenska medborgare;18-29 ej förstagångsväljare;44
2018;rf;14805257;Askim-Frölunda-Högsbo, Skintebo;Män;Ej svenska medborgare;18-29 ej förstagångsväljare;2
2018;rf;14805257;Askim-Frölunda-Högsbo, Skintebo;Kvinnor;Ej svenska medborgare;18-29 ej förstagångsväljare;0
2018;rf;14805257;Askim-Frölunda-Högsbo, Skintebo;Män;Svenska medborgare;30-49;243
2018;rf;14805257;Askim-Frölunda-Högsbo, Skintebo;Kvinnor;Svenska medborgare;30-49;259
2018;rf;14805257;Askim-Frölunda-Högsbo, Skintebo;Män;Ej svenska medborgare;30-49;5
2018;rf;14805257;Askim-Frölunda-Högsbo, Skintebo;Kvinnor;Ej svenska medborgare;30-49;6
2018;rf;14805257;Askim-Frölunda-Högsbo, Skintebo;Män;Svenska medborgare;50-64;107
2018;rf;14805257;Askim-Frölunda-Högsbo, Skintebo;Kvinnor;Svenska medborgare;50-64;136
2018;rf;14805257;Askim-Frölunda-Högsbo, Skintebo;Män;Ej svenska medborgare;50-64;1
2018;rf;14805257;Askim-Frölunda-Högsbo, Skintebo;Kvinnor;Ej svenska medborgare;50-64;3
2018;rf;14805257;Askim-Frölunda-Högsbo, Skintebo;Män;Svenska medborgare;65-;101
2018;rf;14805257;Askim-Frölunda-Högsbo, Skintebo;Kvinnor;Svenska medborgare;65-;166
2018;rf;14805257;Askim-Frölunda-Högsbo, Skintebo;Män;Ej svenska medborgare;65-;1
2018;rf;14805257;Askim-Frölunda-Högsbo, Skintebo;Kvinnor;Ej svenska medborgare;65-;1
2018;rf;14805258;Askim-Frölunda-Högsbo, Uggleberget;Män;Svenska medborgare;18-29 förstagångsväljare;10
2018;rf;14805258;Askim-Frölunda-Högsbo, Uggleberget;Kvinnor;Svenska medborgare;18-29 förstagångsväljare;9
2018;rf;14805258;Askim-Frölunda-Högsbo, Uggleberget;Män;Ej svenska medborgare;18-29 förstagångsväljare;0
2018;rf;14805258;Askim-Frölunda-Högsbo, Uggleberget;Kvinnor;Ej svenska medborgare;18-29 förstagångsväljare;0
2018;rf;14805258;Askim-Frölunda-Högsbo, Uggleberget;Män;Svenska medborgare;18-29 ej förstagångsväljare;51
2018;rf;14805258;Askim-Frölunda-Högsbo, Uggleberget;Kvinnor;Svenska medborgare;18-29 ej förstagångsväljare;51
2018;rf;14805258;Askim-Frölunda-Högsbo, Uggleberget;Män;Ej svenska medborgare;18-29 ej förstagångsväljare;0
2018;rf;14805258;Askim-Frölunda-Högsbo, Uggleberget;Kvinnor;Ej svenska medborgare;18-29 ej förstagångsväljare;1
2018;rf;14805258;Askim-Frölunda-Högsbo, Uggleberget;Män;Svenska medborgare;30-49;71
2018;rf;14805258;Askim-Frölunda-Högsbo, Uggleberget;Kvinnor;Svenska medborgare;30-49;62
2018;rf;14805258;Askim-Frölunda-Högsbo, Uggleberget;Män;Ej svenska medborgare;30-49;3
2018;rf;14805258;Askim-Frölunda-Högsbo, Uggleberget;Kvinnor;Ej svenska medborgare;30-49;4
2018;rf;14805258;Askim-Frölunda-Högsbo, Uggleberget;Män;Svenska medborgare;50-64;34
2018;rf;14805258;Askim-Frölunda-Högsbo, Uggleberget;Kvinnor;Svenska medborgare;50-64;38
2018;rf;14805258;Askim-Frölunda-Högsbo, Uggleberget;Män;Ej svenska medborgare;50-64;0
2018;rf;14805258;Askim-Frölunda-Högsbo, Uggleberget;Kvinnor;Ej svenska medborgare;50-64;1
2018;rf;14805258;Askim-Frölunda-Högsbo, Uggleberget;Män;Svenska medborgare;65-;50
2018;rf;14805258;Askim-Frölunda-Högsbo, Uggleberget;Kvinnor;Svenska medborgare;65-;69
2018;rf;14805258;Askim-Frölunda-Högsbo, Uggleberget;Män;Ej svenska medborgare;65-;0
2018;rf;14805258;Askim-Frölunda-Högsbo, Uggleberget;Kvinnor;Ej svenska medborgare;65-;1
2018;rf;14806011;Angered, Lövgärdet, Nedre;Män;Svenska medborgare;18-29 förstagångsväljare;57
2018;rf;14806011;Angered, Lövgärdet, Nedre;Kvinnor;Svenska medborgare;18-29 förstagångsväljare;66
2018;rf;14806011;Angered, Lövgärdet, Nedre;Män;Ej svenska medborgare;18-29 förstagångsväljare;15
2018;rf;14806011;Angered, Lövgärdet, Nedre;Kvinnor;Ej svenska medborgare;18-29 förstagångsväljare;8
2018;rf;14806011;Angered, Lövgärdet, Nedre;Män;Svenska medborgare;18-29 ej förstagångsväljare;155
2018;rf;14806011;Angered, Lövgärdet, Nedre;Kvinnor;Svenska medborgare;18-29 ej förstagångsväljare;150
2018;rf;14806011;Angered, Lövgärdet, Nedre;Män;Ej svenska medborgare;18-29 ej förstagångsväljare;47
2018;rf;14806011;Angered, Lövgärdet, Nedre;Kvinnor;Ej svenska medborgare;18-29 ej förstagångsväljare;38
2018;rf;14806011;Angered, Lövgärdet, Nedre;Män;Svenska medborgare;30-49;296
2018;rf;14806011;Angered, Lövgärdet, Nedre;Kvinnor;Svenska medborgare;30-49;277
2018;rf;14806011;Angered, Lövgärdet, Nedre;Män;Ej svenska medborgare;30-49;117
2018;rf;14806011;Angered, Lövgärdet, Nedre;Kvinnor;Ej svenska medborgare;30-49;86
2018;rf;14806011;Angered, Lövgärdet, Nedre;Män;Svenska medborgare;50-64;222
2018;rf;14806011;Angered, Lövgärdet, Nedre;Kvinnor;Svenska medborgare;50-64;189
2018;rf;14806011;Angered, Lövgärdet, Nedre;Män;Ej svenska medborgare;50-64;34
2018;rf;14806011;Angered, Lövgärdet, Nedre;Kvinnor;Ej svenska medborgare;50-64;24
2018;rf;14806011;Angered, Lövgärdet, Nedre;Män;Svenska medborgare;65-;177
2018;rf;14806011;Angered, Lövgärdet, Nedre;Kvinnor;Svenska medborgare;65-;183
2018;rf;14806011;Angered, Lövgärdet, Nedre;Män;Ej svenska medborgare;65-;24
2018;rf;14806011;Angered, Lövgärdet, Nedre;Kvinnor;Ej svenska medborgare;65-;30
2018;rf;14806012;Angered, Lövgärdet, Övre;Män;Svenska medborgare;18-29 förstagångsväljare;49
2018;rf;14806012;Angered, Lövgärdet, Övre;Kvinnor;Svenska medborgare;18-29 förstagångsväljare;71
2018;rf;14806012;Angered, Lövgärdet, Övre;Män;Ej svenska medborgare;18-29 förstagångsväljare;9
2018;rf;14806012;Angered, Lövgärdet, Övre;Kvinnor;Ej svenska medborgare;18-29 förstagångsväljare;11
2018;rf;14806012;Angered, Lövgärdet, Övre;Män;Svenska medborgare;18-29 ej förstagångsväljare;104
2018;rf;14806012;Angered, Lövgärdet, Övre;Kvinnor;Svenska medborgare;18-29 ej förstagångsväljare;127
2018;rf;14806012;Angered, Lövgärdet, Övre;Män;Ej svenska medborgare;18-29 ej förstagångsväljare;28
2018;rf;14806012;Angered, Lövgärdet, Övre;Kvinnor;Ej svenska medborgare;18-29 ej förstagångsväljare;40
2018;rf;14806012;Angered, Lövgärdet, Övre;Män;Svenska medborgare;30-49;272
2018;rf;14806012;Angered, Lövgärdet, Övre;Kvinnor;Svenska medborgare;30-49;268
2018;rf;14806012;Angered, Lövgärdet, Övre;Män;Ej svenska medborgare;30-49;131
2018;rf;14806012;Angered, Lövgärdet, Övre;Kvinnor;Ej svenska medborgare;30-49;70
2018;rf;14806012;Angered, Lövgärdet, Övre;Män;Svenska medborgare;50-64;168
2018;rf;14806012;Angered, Lövgärdet, Övre;Kvinnor;Svenska medborgare;50-64;143
2018;rf;14806012;Angered, Lövgärdet, Övre;Män;Ej svenska medborgare;50-64;26
2018;rf;14806012;Angered, Lövgärdet, Övre;Kvinnor;Ej svenska medborgare;50-64;27
2018;rf;14806012;Angered, Lövgärdet, Övre;Män;Svenska medborgare;65-;101
2018;rf;14806012;Angered, Lövgärdet, Övre;Kvinnor;Svenska medborgare;65-;135
2018;rf;14806012;Angered, Lövgärdet, Övre;Män;Ej svenska medborgare;65-;17
2018;rf;14806012;Angered, Lövgärdet, Övre;Kvinnor;Ej svenska medborgare;65-;17
2018;rf;14806013;Angered, Lövgärdets Centrum;Män;Svenska medborgare;18-29 förstagångsväljare;46
2018;rf;14806013;Angered, Lövgärdets Centrum;Kvinnor;Svenska medborgare;18-29 förstagångsväljare;44
2018;rf;14806013;Angered, Lövgärdets Centrum;Män;Ej svenska medborgare;18-29 förstagångsväljare;10
2018;rf;14806013;Angered, Lövgärdets Centrum;Kvinnor;Ej svenska medborgare;18-29 förstagångsväljare;5
2018;rf;14806013;Angered, Lövgärdets Centrum;Män;Svenska medborgare;18-29 ej förstagångsväljare;73
2018;rf;14806013;Angered, Lövgärdets Centrum;Kvinnor;Svenska medborgare;18-29 ej förstagångsväljare;69
2018;rf;14806013;Angered, Lövgärdets Centrum;Män;Ej svenska medborgare;18-29 ej förstagångsväljare;20
2018;rf;14806013;Angered, Lövgärdets Centrum;Kvinnor;Ej svenska medborgare;18-29 ej förstagångsväljare;33
2018;rf;14806013;Angered, Lövgärdets Centrum;Män;Svenska medborgare;30-49;172
2018;rf;14806013;Angered, Lövgärdets Centrum;Kvinnor;Svenska medborgare;30-49;186
2018;rf;14806013;Angered, Lövgärdets Centrum;Män;Ej svenska medborgare;30-49;72
2018;rf;14806013;Angered, Lövgärdets Centrum;Kvinnor;Ej svenska medborgare;30-49;44
2018;rf;14806013;Angered, Lövgärdets Centrum;Män;Svenska medborgare;50-64;116
2018;rf;14806013;Angered, Lövgärdets Centrum;Kvinnor;Svenska medborgare;50-64;127
2018;rf;14806013;Angered, Lövgärdets Centrum;Män;Ej svenska medborgare;50-64;26
2018;rf;14806013;Angered, Lövgärdets Centrum;Kvinnor;Ej svenska medborgare;50-64;15
2018;rf;14806013;Angered, Lövgärdets Centrum;Män;Svenska medborgare;65-;129
2018;rf;14806013;Angered, Lövgärdets Centrum;Kvinnor;Svenska medborgare;65-;126
2018;rf;14806013;Angered, Lövgärdets Centrum;Män;Ej svenska medborgare;65-;16
2018;rf;14806013;Angered, Lövgärdets Centrum;Kvinnor;Ej svenska medborgare;65-;23
2018;rf;14806021;Angered, Rannebergen, Norra;Män;Svenska medborgare;18-29 förstagångsväljare;68
2018;rf;14806021;Angered, Rannebergen, Norra;Kvinnor;Svenska medborgare;18-29 förstagångsväljare;56
2018;rf;14806021;Angered, Rannebergen, Norra;Män;Ej svenska medborgare;18-29 förstagångsväljare;5
2018;rf;14806021;Angered, Rannebergen, Norra;Kvinnor;Ej svenska medborgare;18-29 förstagångsväljare;5
2018;rf;14806021;Angered, Rannebergen, Norra;Män;Svenska medborgare;18-29 ej förstagångsväljare;101
2018;rf;14806021;Angered, Rannebergen, Norra;Kvinnor;Svenska medborgare;18-29 ej förstagångsväljare;102
2018;rf;14806021;Angered, Rannebergen, Norra;Män;Ej svenska medborgare;18-29 ej förstagångsväljare;20
2018;rf;14806021;Angered, Rannebergen, Norra;Kvinnor;Ej svenska medborgare;18-29 ej förstagångsväljare;23
2018;rf;14806021;Angered, Rannebergen, Norra;Män;Svenska medborgare;30-49;233
2018;rf;14806021;Angered, Rannebergen, Norra;Kvinnor;Svenska medborgare;30-49;230
2018;rf;14806021;Angered, Rannebergen, Norra;Män;Ej svenska medborgare;30-49;53
2018;rf;14806021;Angered, Rannebergen, Norra;Kvinnor;Ej svenska medborgare;30-49;50
2018;rf;14806021;Angered, Rannebergen, Norra;Män;Svenska medborgare;50-64;218
2018;rf;14806021;Angered, Rannebergen, Norra;Kvinnor;Svenska medborgare;50-64;207
2018;rf;14806021;Angered, Rannebergen, Norra;Män;Ej svenska medborgare;50-64;20
2018;rf;14806021;Angered, Rannebergen, Norra;Kvinnor;Ej svenska medborgare;50-64;19
2018;rf;14806021;Angered, Rannebergen, Norra;Män;Svenska medborgare;65-;180
2018;rf;14806021;Angered, Rannebergen, Norra;Kvinnor;Svenska medborgare;65-;147
2018;rf;14806021;Angered, Rannebergen, Norra;Män;Ej svenska medborgare;65-;26
2018;rf;14806021;Angered, Rannebergen, Norra;Kvinnor;Ej svenska medborgare;65-;17
2018;rf;14806022;Angered, Rannebergen, Södra;Män;Svenska medborgare;18-29 förstagångsväljare;42
2018;rf;14806022;Angered, Rannebergen, Södra;Kvinnor;Svenska medborgare;18-29 förstagångsväljare;41
2018;rf;14806022;Angered, Rannebergen, Södra;Män;Ej svenska medborgare;18-29 förstagångsväljare;6
2018;rf;14806022;Angered, Rannebergen, Södra;Kvinnor;Ej svenska medborgare;18-29 förstagångsväljare;7
2018;rf;14806022;Angered, Rannebergen, Södra;Män;Svenska medborgare;18-29 ej förstagångsväljare;84
2018;rf;14806022;Angered, Rannebergen, Södra;Kvinnor;Svenska medborgare;18-29 ej förstagångsväljare;100
2018;rf;14806022;Angered, Rannebergen, Södra;Män;Ej svenska medborgare;18-29 ej förstagångsväljare;31
2018;rf;14806022;Angered, Rannebergen, Södra;Kvinnor;Ej svenska medborgare;18-29 ej förstagångsväljare;29
2018;rf;14806022;Angered, Rannebergen, Södra;Män;Svenska medborgare;30-49;245
2018;rf;14806022;Angered, Rannebergen, Södra;Kvinnor;Svenska medborgare;30-49;257
2018;rf;14806022;Angered, Rannebergen, Södra;Män;Ej svenska medborgare;30-49;86
2018;rf;14806022;Angered, Rannebergen, Södra;Kvinnor;Ej svenska medborgare;30-49;86
2018;rf;14806022;Angered, Rannebergen, Södra;Män;Svenska medborgare;50-64;158
2018;rf;14806022;Angered, Rannebergen, Södra;Kvinnor;Svenska medborgare;50-64;168
2018;rf;14806022;Angered, Rannebergen, Södra;Män;Ej svenska medborgare;50-64;33
2018;rf;14806022;Angered, Rannebergen, Södra;Kvinnor;Ej svenska medborgare;50-64;21
2018;rf;14806022;Angered, Rannebergen, Södra;Män;Svenska medborgare;65-;136
2018;rf;14806022;Angered, Rannebergen, Södra;Kvinnor;Svenska medborgare;65-;156
2018;rf;14806022;Angered, Rannebergen, Södra;Män;Ej svenska medborgare;65-;20
2018;rf;14806022;Angered, Rannebergen, Södra;Kvinnor;Ej svenska medborgare;65-;15
2018;rf;14806031;Angered, Gårdsten, Norra;Män;Svenska medborgare;18-29 förstagångsväljare;31
2018;rf;14806031;Angered, Gårdsten, Norra;Kvinnor;Svenska medborgare;18-29 förstagångsväljare;28
2018;rf;14806031;Angered, Gårdsten, Norra;Män;Ej svenska medborgare;18-29 förstagångsväljare;17
2018;rf;14806031;Angered, Gårdsten, Norra;Kvinnor;Ej svenska medborgare;18-29 förstagångsväljare;19
2018;rf;14806031;Angered, Gårdsten, Norra;Män;Svenska medborgare;18-29 ej förstagångsväljare;72
2018;rf;14806031;Angered, Gårdsten, Norra;Kvinnor;Svenska medborgare;18-29 ej förstagångsväljare;65
2018;rf;14806031;Angered, Gårdsten, Norra;Män;Ej svenska medborgare;18-29 ej förstagångsväljare;84
2018;rf;14806031;Angered, Gårdsten, Norra;Kvinnor;Ej svenska medborgare;18-29 ej förstagångsväljare;63
2018;rf;14806031;Angered, Gårdsten, Norra;Män;Svenska medborgare;30-49;205
2018;rf;14806031;Angered, Gårdsten, Norra;Kvinnor;Svenska medborgare;30-49;148
2018;rf;14806031;Angered, Gårdsten, Norra;Män;Ej svenska medborgare;30-49;262
2018;rf;14806031;Angered, Gårdsten, Norra;Kvinnor;Ej svenska medborgare;30-49;164
2018;rf;14806031;Angered, Gårdsten, Norra;Män;Svenska medborgare;50-64;116
2018;rf;14806031;Angered, Gårdsten, Norra;Kvinnor;Svenska medborgare;50-64;103
2018;rf;14806031;Angered, Gårdsten, Norra;Män;Ej svenska medborgare;50-64;75
2018;rf;14806031;Angered, Gårdsten, Norra;Kvinnor;Ej svenska medborgare;50-64;25
2018;rf;14806031;Angered, Gårdsten, Norra;Män;Svenska medborgare;65-;76
2018;rf;14806031;Angered, Gårdsten, Norra;Kvinnor;Svenska medborgare;65-;60
2018;rf;14806031;Angered, Gårdsten, Norra;Män;Ej svenska medborgare;65-;16
2018;rf;14806031;Angered, Gårdsten, Norra;Kvinnor;Ej svenska medborgare;65-;13
2018;rf;14806032;Angered, Gårdsten, Södra;Män;Svenska medborgare;18-29 förstagångsväljare;42
2018;rf;14806032;Angered, Gårdsten, Södra;Kvinnor;Svenska medborgare;18-29 förstagångsväljare;32
2018;rf;14806032;Angered, Gårdsten, Södra;Män;Ej svenska medborgare;18-29 förstagångsväljare;10
2018;rf;14806032;Angered, Gårdsten, Södra;Kvinnor;Ej svenska medborgare;18-29 förstagångsväljare;8
2018;rf;14806032;Angered, Gårdsten, Södra;Män;Svenska medborgare;18-29 ej förstagångsväljare;67
2018;rf;14806032;Angered, Gårdsten, Södra;Kvinnor;Svenska medborgare;18-29 ej förstagångsväljare;53
2018;rf;14806032;Angered, Gårdsten, Södra;Män;Ej svenska medborgare;18-29 ej förstagångsväljare;22
2018;rf;14806032;Angered, Gårdsten, Södra;Kvinnor;Ej svenska medborgare;18-29 ej förstagångsväljare;24
2018;rf;14806032;Angered, Gårdsten, Södra;Män;Svenska medborgare;30-49;153
2018;rf;14806032;Angered, Gårdsten, Södra;Kvinnor;Svenska medborgare;30-49;146
2018;rf;14806032;Angered, Gårdsten, Södra;Män;Ej svenska medborgare;30-49;77
2018;rf;14806032;Angered, Gårdsten, Södra;Kvinnor;Ej svenska medborgare;30-49;50
2018;rf;14806032;Angered, Gårdsten, Södra;Män;Svenska medborgare;50-64;98
2018;rf;14806032;Angered, Gårdsten, Södra;Kvinnor;Svenska medborgare;50-64;85
2018;rf;14806032;Angered, Gårdsten, Södra;Män;Ej svenska medborgare;50-64;24
2018;rf;14806032;Angered, Gårdsten, Södra;Kvinnor;Ej svenska medborgare;50-64;15
2018;rf;14806032;Angered, Gårdsten, Södra;Män;Svenska medborgare;65-;54
2018;rf;14806032;Angered, Gårdsten, Södra;Kvinnor;Svenska medborgare;65-;47
2018;rf;14806032;Angered, Gårdsten, Södra;Män;Ej svenska medborgare;65-;6
2018;rf;14806032;Angered, Gårdsten, Södra;Kvinnor;Ej svenska medborgare;65-;8
2018;rf;14806033;Angered, Gårdsten, Västra;Män;Svenska medborgare;18-29 förstagångsväljare;49
2018;rf;14806033;Angered, Gårdsten, Västra;Kvinnor;Svenska medborgare;18-29 förstagångsväljare;64
2018;rf;14806033;Angered, Gårdsten, Västra;Män;Ej svenska medborgare;18-29 förstagångsväljare;14
2018;rf;14806033;Angered, Gårdsten, Västra;Kvinnor;Ej svenska medborgare;18-29 förstagångsväljare;15
2018;rf;14806033;Angered, Gårdsten, Västra;Män;Svenska medborgare;18-29 ej förstagångsväljare;138
2018;rf;14806033;Angered, Gårdsten, Västra;Kvinnor;Svenska medborgare;18-29 ej förstagångsväljare;133
2018;rf;14806033;Angered, Gårdsten, Västra;Män;Ej svenska medborgare;18-29 ej förstagångsväljare;53
2018;rf;14806033;Angered, Gårdsten, Västra;Kvinnor;Ej svenska medborgare;18-29 ej förstagångsväljare;62
2018;rf;14806033;Angered, Gårdsten, Västra;Män;Svenska medborgare;30-49;240
2018;rf;14806033;Angered, Gårdsten, Västra;Kvinnor;Svenska medborgare;30-49;254
2018;rf;14806033;Angered, Gårdsten, Västra;Män;Ej svenska medborgare;30-49;195
2018;rf;14806033;Angered, Gårdsten, Västra;Kvinnor;Ej svenska medborgare;30-49;152
2018;rf;14806033;Angered, Gårdsten, Västra;Män;Svenska medborgare;50-64;197
2018;rf;14806033;Angered, Gårdsten, Västra;Kvinnor;Svenska medborgare;50-64;162
2018;rf;14806033;Angered, Gårdsten, Västra;Män;Ej svenska medborgare;50-64;59
2018;rf;14806033;Angered, Gårdsten, Västra;Kvinnor;Ej svenska medborgare;50-64;52
2018;rf;14806033;Angered, Gårdsten, Västra;Män;Svenska medborgare;65-;133
2018;rf;14806033;Angered, Gårdsten, Västra;Kvinnor;Svenska medborgare;65-;131
2018;rf;14806033;Angered, Gårdsten, Västra;Män;Ej svenska medborgare;65-;36
2018;rf;14806033;Angered, Gårdsten, Västra;Kvinnor;Ej svenska medborgare;65-;32
2018;rf;14806034;Angered, Gårdsten, Östra;Män;Svenska medborgare;18-29 förstagångsväljare;56
2018;rf;14806034;Angered, Gårdsten, Östra;Kvinnor;Svenska medborgare;18-29 förstagångsväljare;47
2018;rf;14806034;Angered, Gårdsten, Östra;Män;Ej svenska medborgare;18-29 förstagångsväljare;7
2018;rf;14806034;Angered, Gårdsten, Östra;Kvinnor;Ej svenska medborgare;18-29 förstagångsväljare;19
2018;rf;14806034;Angered, Gårdsten, Östra;Män;Svenska medborgare;18-29 ej förstagångsväljare;92
2018;rf;14806034;Angered, Gårdsten, Östra;Kvinnor;Svenska medborgare;18-29 ej förstagångsväljare;93
2018;rf;14806034;Angered, Gårdsten, Östra;Män;Ej svenska medborgare;18-29 ej förstagångsväljare;30
2018;rf;14806034;Angered, Gårdsten, Östra;Kvinnor;Ej svenska medborgare;18-29 ej förstagångsväljare;31
2018;rf;14806034;Angered, Gårdsten, Östra;Män;Svenska medborgare;30-49;177
2018;rf;14806034;Angered, Gårdsten, Östra;Kvinnor;Svenska medborgare;30-49;194
2018;rf;14806034;Angered, Gårdsten, Östra;Män;Ej svenska medborgare;30-49;127
2018;rf;14806034;Angered, Gårdsten, Östra;Kvinnor;Ej svenska medborgare;30-49;84
2018;rf;14806034;Angered, Gårdsten, Östra;Män;Svenska medborgare;50-64;125
2018;rf;14806034;Angered, Gårdsten, Östra;Kvinnor;Svenska medborgare;50-64;151
2018;rf;14806034;Angered, Gårdsten, Östra;Män;Ej svenska medborgare;50-64;44
2018;rf;14806034;Angered, Gårdsten, Östra;Kvinnor;Ej svenska medborgare;50-64;29
2018;rf;14806034;Angered, Gårdsten, Östra;Män;Svenska medborgare;65-;123
2018;rf;14806034;Angered, Gårdsten, Östra;Kvinnor;Svenska medborgare;65-;124
2018;rf;14806034;Angered, Gårdsten, Östra;Män;Ej svenska medborgare;65-;28
2018;rf;14806034;Angered, Gårdsten, Östra;Kvinnor;Ej svenska medborgare;65-;25
2018;rf;14806041;Angered, Angereds Centrum;Män;Svenska medborgare;18-29 förstagångsväljare;68
2018;rf;14806041;Angered, Angereds Centrum;Kvinnor;Svenska medborgare;18-29 förstagångsväljare;49
2018;rf;14806041;Angered, Angereds Centrum;Män;Ej svenska medborgare;18-29 förstagångsväljare;3
2018;rf;14806041;Angered, Angereds Centrum;Kvinnor;Ej svenska medborgare;18-29 förstagångsväljare;4
2018;rf;14806041;Angered, Angereds Centrum;Män;Svenska medborgare;18-29 ej förstagångsväljare;102
2018;rf;14806041;Angered, Angereds Centrum;Kvinnor;Svenska medborgare;18-29 ej förstagångsväljare;110
2018;rf;14806041;Angered, Angereds Centrum;Män;Ej svenska medborgare;18-29 ej förstagångsväljare;10
2018;rf;14806041;Angered, Angereds Centrum;Kvinnor;Ej svenska medborgare;18-29 ej förstagångsväljare;9
2018;rf;14806041;Angered, Angereds Centrum;Män;Svenska medborgare;30-49;190
2018;rf;14806041;Angered, Angereds Centrum;Kvinnor;Svenska medborgare;30-49;232
2018;rf;14806041;Angered, Angereds Centrum;Män;Ej svenska medborgare;30-49;32
2018;rf;14806041;Angered, Angereds Centrum;Kvinnor;Ej svenska medborgare;30-49;36
2018;rf;14806041;Angered, Angereds Centrum;Män;Svenska medborgare;50-64;209
2018;rf;14806041;Angered, Angereds Centrum;Kvinnor;Svenska medborgare;50-64;206
2018;rf;14806041;Angered, Angereds Centrum;Män;Ej svenska medborgare;50-64;14
2018;rf;14806041;Angered, Angereds Centrum;Kvinnor;Ej svenska medborgare;50-64;13
2018;rf;14806041;Angered, Angereds Centrum;Män;Svenska medborgare;65-;148
2018;rf;14806041;Angered, Angereds Centrum;Kvinnor;Svenska medborgare;65-;175
2018;rf;14806041;Angered, Angereds Centrum;Män;Ej svenska medborgare;65-;16
2018;rf;14806041;Angered, Angereds Centrum;Kvinnor;Ej svenska medborgare;65-;17
2018;rf;14806042;Angered, Trägårdsgärdet;Män;Svenska medborgare;18-29 förstagångsväljare;43
2018;rf;14806042;Angered, Trägårdsgärdet;Kvinnor;Svenska medborgare;18-29 förstagångsväljare;49
2018;rf;14806042;Angered, Trägårdsgärdet;Män;Ej svenska medborgare;18-29 förstagångsväljare;4
2018;rf;14806042;Angered, Trägårdsgärdet;Kvinnor;Ej svenska medborgare;18-29 förstagångsväljare;4
2018;rf;14806042;Angered, Trägårdsgärdet;Män;Svenska medborgare;18-29 ej förstagångsväljare;78
2018;rf;14806042;Angered, Trägårdsgärdet;Kvinnor;Svenska medborgare;18-29 ej förstagångsväljare;64
2018;rf;14806042;Angered, Trägårdsgärdet;Män;Ej svenska medborgare;18-29 ej förstagångsväljare;14
2018;rf;14806042;Angered, Trägårdsgärdet;Kvinnor;Ej svenska medborgare;18-29 ej förstagångsväljare;9
2018;rf;14806042;Angered, Trägårdsgärdet;Män;Svenska medborgare;30-49;166
2018;rf;14806042;Angered, Trägårdsgärdet;Kvinnor;Svenska medborgare;30-49;188
2018;rf;14806042;Angered, Trägårdsgärdet;Män;Ej svenska medborgare;30-49;37
2018;rf;14806042;Angered, Trägårdsgärdet;Kvinnor;Ej svenska medborgare;30-49;27
2018;rf;14806042;Angered, Trägårdsgärdet;Män;Svenska medborgare;50-64;130
2018;rf;14806042;Angered, Trägårdsgärdet;Kvinnor;Svenska medborgare;50-64;173
2018;rf;14806042;Angered, Trägårdsgärdet;Män;Ej svenska medborgare;50-64;15
2018;rf;14806042;Angered, Trägårdsgärdet;Kvinnor;Ej svenska medborgare;50-64;12
2018;rf;14806042;Angered, Trägårdsgärdet;Män;Svenska medborgare;65-;113
2018;rf;14806042;Angered, Trägårdsgärdet;Kvinnor;Svenska medborgare;65-;133
2018;rf;14806042;Angered, Trägårdsgärdet;Män;Ej svenska medborgare;65-;13
2018;rf;14806042;Angered, Trägårdsgärdet;Kvinnor;Ej svenska medborgare;65-;13
2018;rf;14806051;Angered, Agnesberg;Män;Svenska medborgare;18-29 förstagångsväljare;20
2018;rf;14806051;Angered, Agnesberg;Kvinnor;Svenska medborgare;18-29 förstagångsväljare;19
2018;rf;14806051;Angered, Agnesberg;Män;Ej svenska medborgare;18-29 förstagångsväljare;1
2018;rf;14806051;Angered, Agnesberg;Kvinnor;Ej svenska medborgare;18-29 förstagångsväljare;2
2018;rf;14806051;Angered, Agnesberg;Män;Svenska medborgare;18-29 ej förstagångsväljare;48
2018;rf;14806051;Angered, Agnesberg;Kvinnor;Svenska medborgare;18-29 ej förstagångsväljare;58
2018;rf;14806051;Angered, Agnesberg;Män;Ej svenska medborgare;18-29 ej förstagångsväljare;8
2018;rf;14806051;Angered, Agnesberg;Kvinnor;Ej svenska medborgare;18-29 ej förstagångsväljare;8
2018;rf;14806051;Angered, Agnesberg;Män;Svenska medborgare;30-49;104
2018;rf;14806051;Angered, Agnesberg;Kvinnor;Svenska medborgare;30-49;74
2018;rf;14806051;Angered, Agnesberg;Män;Ej svenska medborgare;30-49;23
2018;rf;14806051;Angered, Agnesberg;Kvinnor;Ej svenska medborgare;30-49;13
2018;rf;14806051;Angered, Agnesberg;Män;Svenska medborgare;50-64;86
2018;rf;14806051;Angered, Agnesberg;Kvinnor;Svenska medborgare;50-64;87
2018;rf;14806051;Angered, Agnesberg;Män;Ej svenska medborgare;50-64;11
2018;rf;14806051;Angered, Agnesberg;Kvinnor;Ej svenska medborgare;50-64;6
2018;rf;14806051;Angered, Agnesberg;Män;Svenska medborgare;65-;89
2018;rf;14806051;Angered, Agnesberg;Kvinnor;Svenska medborgare;65-;94
2018;rf;14806051;Angered, Agnesberg;Män;Ej svenska medborgare;65-;16
2018;rf;14806051;Angered, Agnesberg;Kvinnor;Ej svenska medborgare;65-;16
2018;rf;14806061;Angered, Hammarkullen, Centrum;Män;Svenska medborgare;18-29 förstagångsväljare;66
2018;rf;14806061;Angered, Hammarkullen, Centrum;Kvinnor;Svenska medborgare;18-29 förstagångsväljare;56
2018;rf;14806061;Angered, Hammarkullen, Centrum;Män;Ej svenska medborgare;18-29 förstagångsväljare;7
2018;rf;14806061;Angered, Hammarkullen, Centrum;Kvinnor;Ej svenska medborgare;18-29 förstagångsväljare;6
2018;rf;14806061;Angered, Hammarkullen, Centrum;Män;Svenska medborgare;18-29 ej förstagångsväljare;103
2018;rf;14806061;Angered, Hammarkullen, Centrum;Kvinnor;Svenska medborgare;18-29 ej förstagångsväljare;108
2018;rf;14806061;Angered, Hammarkullen, Centrum;Män;Ej svenska medborgare;18-29 ej förstagångsväljare;39
2018;rf;14806061;Angered, Hammarkullen, Centrum;Kvinnor;Ej svenska medborgare;18-29 ej förstagångsväljare;26
2018;rf;14806061;Angered, Hammarkullen, Centrum;Män;Svenska medborgare;30-49;193
2018;rf;14806061;Angered, Hammarkullen, Centrum;Kvinnor;Svenska medborgare;30-49;219
2018;rf;14806061;Angered, Hammarkullen, Centrum;Män;Ej svenska medborgare;30-49;89
2018;rf;14806061;Angered, Hammarkullen, Centrum;Kvinnor;Ej svenska medborgare;30-49;81
2018;rf;14806061;Angered, Hammarkullen, Centrum;Män;Svenska medborgare;50-64;129
2018;rf;14806061;Angered, Hammarkullen, Centrum;Kvinnor;Svenska medborgare;50-64;137
2018;rf;14806061;Angered, Hammarkullen, Centrum;Män;Ej svenska medborgare;50-64;19
2018;rf;14806061;Angered, Hammarkullen, Centrum;Kvinnor;Ej svenska medborgare;50-64;15
2018;rf;14806061;Angered, Hammarkullen, Centrum;Män;Svenska medborgare;65-;53
2018;rf;14806061;Angered, Hammarkullen, Centrum;Kvinnor;Svenska medborgare;65-;60
2018;rf;14806061;Angered, Hammarkullen, Centrum;Män;Ej svenska medborgare;65-;7
2018;rf;14806061;Angered, Hammarkullen, Centrum;Kvinnor;Ej svenska medborgare;65-;9
2018;rf;14806062;Angered, Hammarkullen, Västra;Män;Svenska medborgare;18-29 förstagångsväljare;65
2018;rf;14806062;Angered, Hammarkullen, Västra;Kvinnor;Svenska medborgare;18-29 förstagångsväljare;66
2018;rf;14806062;Angered, Hammarkullen, Västra;Män;Ej svenska medborgare;18-29 förstagångsväljare;9
2018;rf;14806062;Angered, Hammarkullen, Västra;Kvinnor;Ej svenska medborgare;18-29 förstagångsväljare;9
2018;rf;14806062;Angered, Hammarkullen, Västra;Män;Svenska medborgare;18-29 ej förstagångsväljare;101
2018;rf;14806062;Angered, Hammarkullen, Västra;Kvinnor;Svenska medborgare;18-29 ej förstagångsväljare;116
2018;rf;14806062;Angered, Hammarkullen, Västra;Män;Ej svenska medborgare;18-29 ej förstagångsväljare;31
2018;rf;14806062;Angered, Hammarkullen, Västra;Kvinnor;Ej svenska medborgare;18-29 ej förstagångsväljare;18
2018;rf;14806062;Angered, Hammarkullen, Västra;Män;Svenska medborgare;30-49;176
2018;rf;14806062;Angered, Hammarkullen, Västra;Kvinnor;Svenska medborgare;30-49;207
2018;rf;14806062;Angered, Hammarkullen, Västra;Män;Ej svenska medborgare;30-49;60
2018;rf;14806062;Angered, Hammarkullen, Västra;Kvinnor;Ej svenska medborgare;30-49;49
2018;rf;14806062;Angered, Hammarkullen, Västra;Män;Svenska medborgare;50-64;132
2018;rf;14806062;Angered, Hammarkullen, Västra;Kvinnor;Svenska medborgare;50-64;136
2018;rf;14806062;Angered, Hammarkullen, Västra;Män;Ej svenska medborgare;50-64;25
2018;rf;14806062;Angered, Hammarkullen, Västra;Kvinnor;Ej svenska medborgare;50-64;12
2018;rf;14806062;Angered, Hammarkullen, Västra;Män;Svenska medborgare;65-;95
2018;rf;14806062;Angered, Hammarkullen, Västra;Kvinnor;Svenska medborgare;65-;92
2018;rf;14806062;Angered, Hammarkullen, Västra;Män;Ej svenska medborgare;65-;11
2018;rf;14806062;Angered, Hammarkullen, Västra;Kvinnor;Ej svenska medborgare;65-;8
2018;rf;14806063;Angered, Hammarkullen, Östra;Män;Svenska medborgare;18-29 förstagångsväljare;30
2018;rf;14806063;Angered, Hammarkullen, Östra;Kvinnor;Svenska medborgare;18-29 förstagångsväljare;46
2018;rf;14806063;Angered, Hammarkullen, Östra;Män;Ej svenska medborgare;18-29 förstagångsväljare;9
2018;rf;14806063;Angered, Hammarkullen, Östra;Kvinnor;Ej svenska medborgare;18-29 förstagångsväljare;9
2018;rf;14806063;Angered, Hammarkullen, Östra;Män;Svenska medborgare;18-29 ej förstagångsväljare;76
2018;rf;14806063;Angered, Hammarkullen, Östra;Kvinnor;Svenska medborgare;18-29 ej förstagångsväljare;82
2018;rf;14806063;Angered, Hammarkullen, Östra;Män;Ej svenska medborgare;18-29 ej förstagångsväljare;41
2018;rf;14806063;Angered, Hammarkullen, Östra;Kvinnor;Ej svenska medborgare;18-29 ej förstagångsväljare;19
2018;rf;14806063;Angered, Hammarkullen, Östra;Män;Svenska medborgare;30-49;176
2018;rf;14806063;Angered, Hammarkullen, Östra;Kvinnor;Svenska medborgare;30-49;178
2018;rf;14806063;Angered, Hammarkullen, Östra;Män;Ej svenska medborgare;30-49;68
2018;rf;14806063;Angered, Hammarkullen, Östra;Kvinnor;Ej svenska medborgare;30-49;47
2018;rf;14806063;Angered, Hammarkullen, Östra;Män;Svenska medborgare;50-64;123
2018;rf;14806063;Angered, Hammarkullen, Östra;Kvinnor;Svenska medborgare;50-64;96
2018;rf;14806063;Angered, Hammarkullen, Östra;Män;Ej svenska medborgare;50-64;19
2018;rf;14806063;Angered, Hammarkullen, Östra;Kvinnor;Ej svenska medborgare;50-64;15
2018;rf;14806063;Angered, Hammarkullen, Östra;Män;Svenska medborgare;65-;86
2018;rf;14806063;Angered, Hammarkullen, Östra;Kvinnor;Svenska medborgare;65-;108
2018;rf;14806063;Angered, Hammarkullen, Östra;Män;Ej svenska medborgare;65-;17
2018;rf;14806063;Angered, Hammarkullen, Östra;Kvinnor;Ej svenska medborgare;65-;15
2018;rf;14806064;Angered, Sandeslätt;Män;Svenska medborgare;18-29 förstagångsväljare;60
2018;rf;14806064;Angered, Sandeslätt;Kvinnor;Svenska medborgare;18-29 förstagångsväljare;58
2018;rf;14806064;Angered, Sandeslätt;Män;Ej svenska medborgare;18-29 förstagångsväljare;11
2018;rf;14806064;Angered, Sandeslätt;Kvinnor;Ej svenska medborgare;18-29 förstagångsväljare;6
2018;rf;14806064;Angered, Sandeslätt;Män;Svenska medborgare;18-29 ej förstagångsväljare;91
2018;rf;14806064;Angered, Sandeslätt;Kvinnor;Svenska medborgare;18-29 ej förstagångsväljare;85
2018;rf;14806064;Angered, Sandeslätt;Män;Ej svenska medborgare;18-29 ej förstagångsväljare;16
2018;rf;14806064;Angered, Sandeslätt;Kvinnor;Ej svenska medborgare;18-29 ej förstagångsväljare;14
2018;rf;14806064;Angered, Sandeslätt;Män;Svenska medborgare;30-49;146
2018;rf;14806064;Angered, Sandeslätt;Kvinnor;Svenska medborgare;30-49;167
2018;rf;14806064;Angered, Sandeslätt;Män;Ej svenska medborgare;30-49;53
2018;rf;14806064;Angered, Sandeslätt;Kvinnor;Ej svenska medborgare;30-49;31
2018;rf;14806064;Angered, Sandeslätt;Män;Svenska medborgare;50-64;131
2018;rf;14806064;Angered, Sandeslätt;Kvinnor;Svenska medborgare;50-64;139
2018;rf;14806064;Angered, Sandeslätt;Män;Ej svenska medborgare;50-64;20
2018;rf;14806064;Angered, Sandeslätt;Kvinnor;Ej svenska medborgare;50-64;13
2018;rf;14806064;Angered, Sandeslätt;Män;Svenska medborgare;65-;142
2018;rf;14806064;Angered, Sandeslätt;Kvinnor;Svenska medborgare;65-;130
2018;rf;14806064;Angered, Sandeslätt;Män;Ej svenska medborgare;65-;13
2018;rf;14806064;Angered, Sandeslätt;Kvinnor;Ej svenska medborgare;65-;19
2018;rf;14806101;Angered, Gunnilse-Linnarhult;Män;Svenska medborgare;18-29 förstagångsväljare;54
2018;rf;14806101;Angered, Gunnilse-Linnarhult;Kvinnor;Svenska medborgare;18-29 förstagångsväljare;45
2018;rf;14806101;Angered, Gunnilse-Linnarhult;Män;Ej svenska medborgare;18-29 förstagångsväljare;2
2018;rf;14806101;Angered, Gunnilse-Linnarhult;Kvinnor;Ej svenska medborgare;18-29 förstagångsväljare;4
2018;rf;14806101;Angered, Gunnilse-Linnarhult;Män;Svenska medborgare;18-29 ej förstagångsväljare;73
2018;rf;14806101;Angered, Gunnilse-Linnarhult;Kvinnor;Svenska medborgare;18-29 ej förstagångsväljare;87
2018;rf;14806101;Angered, Gunnilse-Linnarhult;Män;Ej svenska medborgare;18-29 ej förstagångsväljare;9
2018;rf;14806101;Angered, Gunnilse-Linnarhult;Kvinnor;Ej svenska medborgare;18-29 ej förstagångsväljare;10
2018;rf;14806101;Angered, Gunnilse-Linnarhult;Män;Svenska medborgare;30-49;243
2018;rf;14806101;Angered, Gunnilse-Linnarhult;Kvinnor;Svenska medborgare;30-49;237
2018;rf;14806101;Angered, Gunnilse-Linnarhult;Män;Ej svenska medborgare;30-49;50
2018;rf;14806101;Angered, Gunnilse-Linnarhult;Kvinnor;Ej svenska medborgare;30-49;36
2018;rf;14806101;Angered, Gunnilse-Linnarhult;Män;Svenska medborgare;50-64;219
2018;rf;14806101;Angered, Gunnilse-Linnarhult;Kvinnor;Svenska medborgare;50-64;189
2018;rf;14806101;Angered, Gunnilse-Linnarhult;Män;Ej svenska medborgare;50-64;20
2018;rf;14806101;Angered, Gunnilse-Linnarhult;Kvinnor;Ej svenska medborgare;50-64;6
2018;rf;14806101;Angered, Gunnilse-Linnarhult;Män;Svenska medborgare;65-;200
2018;rf;14806101;Angered, Gunnilse-Linnarhult;Kvinnor;Svenska medborgare;65-;169
2018;rf;14806101;Angered, Gunnilse-Linnarhult;Män;Ej svenska medborgare;65-;11
2018;rf;14806101;Angered, Gunnilse-Linnarhult;Kvinnor;Ej svenska medborgare;65-;10
2018;rf;14806111;Angered, Bergum;Män;Svenska medborgare;18-29 förstagångsväljare;43
2018;rf;14806111;Angered, Bergum;Kvinnor;Svenska medborgare;18-29 förstagångsväljare;29
2018;rf;14806111;Angered, Bergum;Män;Ej svenska medborgare;18-29 förstagångsväljare;0
2018;rf;14806111;Angered, Bergum;Kvinnor;Ej svenska medborgare;18-29 förstagångsväljare;2
2018;rf;14806111;Angered, Bergum;Män;Svenska medborgare;18-29 ej förstagångsväljare;62
2018;rf;14806111;Angered, Bergum;Kvinnor;Svenska medborgare;18-29 ej förstagångsväljare;60
2018;rf;14806111;Angered, Bergum;Män;Ej svenska medborgare;18-29 ej förstagångsväljare;2
2018;rf;14806111;Angered, Bergum;Kvinnor;Ej svenska medborgare;18-29 ej förstagångsväljare;3
2018;rf;14806111;Angered, Bergum;Män;Svenska medborgare;30-49;213
2018;rf;14806111;Angered, Bergum;Kvinnor;Svenska medborgare;30-49;237
2018;rf;14806111;Angered, Bergum;Män;Ej svenska medborgare;30-49;14
2018;rf;14806111;Angered, Bergum;Kvinnor;Ej svenska medborgare;30-49;12
2018;rf;14806111;Angered, Bergum;Män;Svenska medborgare;50-64;181
2018;rf;14806111;Angered, Bergum;Kvinnor;Svenska medborgare;50-64;153
2018;rf;14806111;Angered, Bergum;Män;Ej svenska medborgare;50-64;7
2018;rf;14806111;Angered, Bergum;Kvinnor;Ej svenska medborgare;50-64;6
2018;rf;14806111;Angered, Bergum;Män;Svenska medborgare;65-;130
2018;rf;14806111;Angered, Bergum;Kvinnor;Svenska medborgare;65-;108
2018;rf;14806111;Angered, Bergum;Män;Ej svenska medborgare;65-;6
2018;rf;14806111;Angered, Bergum;Kvinnor;Ej svenska medborgare;65-;7
2018;rf;14806112;Angered, Björsared;Män;Svenska medborgare;18-29 förstagångsväljare;31
2018;rf;14806112;Angered, Björsared;Kvinnor;Svenska medborgare;18-29 förstagångsväljare;26
2018;rf;14806112;Angered, Björsared;Män;Ej svenska medborgare;18-29 förstagångsväljare;2
2018;rf;14806112;Angered, Björsared;Kvinnor;Ej svenska medborgare;18-29 förstagångsväljare;2
2018;rf;14806112;Angered, Björsared;Män;Svenska medborgare;18-29 ej förstagångsväljare;48
2018;rf;14806112;Angered, Björsared;Kvinnor;Svenska medborgare;18-29 ej förstagångsväljare;59
2018;rf;14806112;Angered, Björsared;Män;Ej svenska medborgare;18-29 ej förstagångsväljare;7
2018;rf;14806112;Angered, Björsared;Kvinnor;Ej svenska medborgare;18-29 ej förstagångsväljare;4
2018;rf;14806112;Angered, Björsared;Män;Svenska medborgare;30-49;214
2018;rf;14806112;Angered, Björsared;Kvinnor;Svenska medborgare;30-49;224
2018;rf;14806112;Angered, Björsared;Män;Ej svenska medborgare;30-49;20
2018;rf;14806112;Angered, Björsared;Kvinnor;Ej svenska medborgare;30-49;15
2018;rf;14806112;Angered, Björsared;Män;Svenska medborgare;50-64;151
2018;rf;14806112;Angered, Björsared;Kvinnor;Svenska medborgare;50-64;121
2018;rf;14806112;Angered, Björsared;Män;Ej svenska medborgare;50-64;9
2018;rf;14806112;Angered, Björsared;Kvinnor;Ej svenska medborgare;50-64;6
2018;rf;14806112;Angered, Björsared;Män;Svenska medborgare;65-;65
2018;rf;14806112;Angered, Björsared;Kvinnor;Svenska medborgare;65-;61
2018;rf;14806112;Angered, Björsared;Män;Ej svenska medborgare;65-;6
2018;rf;14806112;Angered, Björsared;Kvinnor;Ej svenska medborgare;65-;3
2018;rf;14806113;Angered, Olofstorp;Män;Svenska medborgare;18-29 förstagångsväljare;52
2018;rf;14806113;Angered, Olofstorp;Kvinnor;Svenska medborgare;18-29 förstagångsväljare;33
2018;rf;14806113;Angered, Olofstorp;Män;Ej svenska medborgare;18-29 förstagångsväljare;3
2018;rf;14806113;Angered, Olofstorp;Kvinnor;Ej svenska medborgare;18-29 förstagångsväljare;1
2018;rf;14806113;Angered, Olofstorp;Män;Svenska medborgare;18-29 ej förstagångsväljare;69
2018;rf;14806113;Angered, Olofstorp;Kvinnor;Svenska medborgare;18-29 ej förstagångsväljare;48
2018;rf;14806113;Angered, Olofstorp;Män;Ej svenska medborgare;18-29 ej förstagångsväljare;5
2018;rf;14806113;Angered, Olofstorp;Kvinnor;Ej svenska medborgare;18-29 ej förstagångsväljare;7
2018;rf;14806113;Angered, Olofstorp;Män;Svenska medborgare;30-49;233
2018;rf;14806113;Angered, Olofstorp;Kvinnor;Svenska medborgare;30-49;248
2018;rf;14806113;Angered, Olofstorp;Män;Ej svenska medborgare;30-49;28
2018;rf;14806113;Angered, Olofstorp;Kvinnor;Ej svenska medborgare;30-49;20
2018;rf;14806113;Angered, Olofstorp;Män;Svenska medborgare;50-64;183
2018;rf;14806113;Angered, Olofstorp;Kvinnor;Svenska medborgare;50-64;143
2018;rf;14806113;Angered, Olofstorp;Män;Ej svenska medborgare;50-64;9
2018;rf;14806113;Angered, Olofstorp;Kvinnor;Ej svenska medborgare;50-64;5
2018;rf;14806113;Angered, Olofstorp;Män;Svenska medborgare;65-;94
2018;rf;14806113;Angered, Olofstorp;Kvinnor;Svenska medborgare;65-;86
2018;rf;14806113;Angered, Olofstorp;Män;Ej svenska medborgare;65-;6
2018;rf;14806113;Angered, Olofstorp;Kvinnor;Ej svenska medborgare;65-;6
2018;rf;14806121;Angered, Bläsebo;Män;Svenska medborgare;18-29 förstagångsväljare;51
2018;rf;14806121;Angered, Bläsebo;Kvinnor;Svenska medborgare;18-29 förstagångsväljare;48
2018;rf;14806121;Angered, Bläsebo;Män;Ej svenska medborgare;18-29 förstagångsväljare;7
2018;rf;14806121;Angered, Bläsebo;Kvinnor;Ej svenska medborgare;18-29 förstagångsväljare;2
2018;rf;14806121;Angered, Bläsebo;Män;Svenska medborgare;18-29 ej förstagångsväljare;110
2018;rf;14806121;Angered, Bläsebo;Kvinnor;Svenska medborgare;18-29 ej förstagångsväljare;114
2018;rf;14806121;Angered, Bläsebo;Män;Ej svenska medborgare;18-29 ej förstagångsväljare;13
2018;rf;14806121;Angered, Bläsebo;Kvinnor;Ej svenska medborgare;18-29 ej förstagångsväljare;17
2018;rf;14806121;Angered, Bläsebo;Män;Svenska medborgare;30-49;213
2018;rf;14806121;Angered, Bläsebo;Kvinnor;Svenska medborgare;30-49;217
2018;rf;14806121;Angered, Bläsebo;Män;Ej svenska medborgare;30-49;63
2018;rf;14806121;Angered, Bläsebo;Kvinnor;Ej svenska medborgare;30-49;33
2018;rf;14806121;Angered, Bläsebo;Män;Svenska medborgare;50-64;165
2018;rf;14806121;Angered, Bläsebo;Kvinnor;Svenska medborgare;50-64;154
2018;rf;14806121;Angered, Bläsebo;Män;Ej svenska medborgare;50-64;14
2018;rf;14806121;Angered, Bläsebo;Kvinnor;Ej svenska medborgare;50-64;12
2018;rf;14806121;Angered, Bläsebo;Män;Svenska medborgare;65-;89
2018;rf;14806121;Angered, Bläsebo;Kvinnor;Svenska medborgare;65-;89
2018;rf;14806121;Angered, Bläsebo;Män;Ej svenska medborgare;65-;14
2018;rf;14806121;Angered, Bläsebo;Kvinnor;Ej svenska medborgare;65-;15
2018;rf;14806122;Angered, Hjällbo, Norra;Män;Svenska medborgare;18-29 förstagångsväljare;82
2018;rf;14806122;Angered, Hjällbo, Norra;Kvinnor;Svenska medborgare;18-29 förstagångsväljare;74
2018;rf;14806122;Angered, Hjällbo, Norra;Män;Ej svenska medborgare;18-29 förstagångsväljare;5
2018;rf;14806122;Angered, Hjällbo, Norra;Kvinnor;Ej svenska medborgare;18-29 förstagångsväljare;9
2018;rf;14806122;Angered, Hjällbo, Norra;Män;Svenska medborgare;18-29 ej förstagångsväljare;127
2018;rf;14806122;Angered, Hjällbo, Norra;Kvinnor;Svenska medborgare;18-29 ej förstagångsväljare;139
2018;rf;14806122;Angered, Hjällbo, Norra;Män;Ej svenska medborgare;18-29 ej förstagångsväljare;23
2018;rf;14806122;Angered, Hjällbo, Norra;Kvinnor;Ej svenska medborgare;18-29 ej förstagångsväljare;25
2018;rf;14806122;Angered, Hjällbo, Norra;Män;Svenska medborgare;30-49;215
2018;rf;14806122;Angered, Hjällbo, Norra;Kvinnor;Svenska medborgare;30-49;231
2018;rf;14806122;Angered, Hjällbo, Norra;Män;Ej svenska medborgare;30-49;62
2018;rf;14806122;Angered, Hjällbo, Norra;Kvinnor;Ej svenska medborgare;30-49;48
2018;rf;14806122;Angered, Hjällbo, Norra;Män;Svenska medborgare;50-64;121
2018;rf;14806122;Angered, Hjällbo, Norra;Kvinnor;Svenska medborgare;50-64;143
2018;rf;14806122;Angered, Hjällbo, Norra;Män;Ej svenska medborgare;50-64;18
2018;rf;14806122;Angered, Hjällbo, Norra;Kvinnor;Ej svenska medborgare;50-64;4
2018;rf;14806122;Angered, Hjällbo, Norra;Män;Svenska medborgare;65-;87
2018;rf;14806122;Angered, Hjällbo, Norra;Kvinnor;Svenska medborgare;65-;100
2018;rf;14806122;Angered, Hjällbo, Norra;Män;Ej svenska medborgare;65-;8
2018;rf;14806122;Angered, Hjällbo, Norra;Kvinnor;Ej svenska medborgare;65-;11
2018;rf;14806123;Angered, Hjällbo, Södra;Män;Svenska medborgare;18-29 förstagångsväljare;69
2018;rf;14806123;Angered, Hjällbo, Södra;Kvinnor;Svenska medborgare;18-29 förstagångsväljare;50
2018;rf;14806123;Angered, Hjällbo, Södra;Män;Ej svenska medborgare;18-29 förstagångsväljare;11
2018;rf;14806123;Angered, Hjällbo, Södra;Kvinnor;Ej svenska medborgare;18-29 förstagångsväljare;8
2018;rf;14806123;Angered, Hjällbo, Södra;Män;Svenska medborgare;18-29 ej förstagångsväljare;100
2018;rf;14806123;Angered, Hjällbo, Södra;Kvinnor;Svenska medborgare;18-29 ej förstagångsväljare;106
2018;rf;14806123;Angered, Hjällbo, Södra;Män;Ej svenska medborgare;18-29 ej förstagångsväljare;25
2018;rf;14806123;Angered, Hjällbo, Södra;Kvinnor;Ej svenska medborgare;18-29 ej förstagångsväljare;24
2018;rf;14806123;Angered, Hjällbo, Södra;Män;Svenska medborgare;30-49;138
2018;rf;14806123;Angered, Hjällbo, Södra;Kvinnor;Svenska medborgare;30-49;160
2018;rf;14806123;Angered, Hjällbo, Södra;Män;Ej svenska medborgare;30-49;61
2018;rf;14806123;Angered, Hjällbo, Södra;Kvinnor;Ej svenska medborgare;30-49;42
2018;rf;14806123;Angered, Hjällbo, Södra;Män;Svenska medborgare;50-64;79
2018;rf;14806123;Angered, Hjällbo, Södra;Kvinnor;Svenska medborgare;50-64;93
2018;rf;14806123;Angered, Hjällbo, Södra;Män;Ej svenska medborgare;50-64;23
2018;rf;14806123;Angered, Hjällbo, Södra;Kvinnor;Ej svenska medborgare;50-64;9
2018;rf;14806123;Angered, Hjällbo, Södra;Män;Svenska medborgare;65-;42
2018;rf;14806123;Angered, Hjällbo, Södra;Kvinnor;Svenska medborgare;65-;46
2018;rf;14806123;Angered, Hjällbo, Södra;Män;Ej svenska medborgare;65-;3
2018;rf;14806123;Angered, Hjällbo, Södra;Kvinnor;Ej svenska medborgare;65-;4
2018;rf;14806124;Angered, Skolspåret;Män;Svenska medborgare;18-29 förstagångsväljare;52
2018;rf;14806124;Angered, Skolspåret;Kvinnor;Svenska medborgare;18-29 förstagångsväljare;35
2018;rf;14806124;Angered, Skolspåret;Män;Ej svenska medborgare;18-29 förstagångsväljare;5
2018;rf;14806124;Angered, Skolspåret;Kvinnor;Ej svenska medborgare;18-29 förstagångsväljare;6
2018;rf;14806124;Angered, Skolspåret;Män;Svenska medborgare;18-29 ej förstagångsväljare;89
2018;rf;14806124;Angered, Skolspåret;Kvinnor;Svenska medborgare;18-29 ej förstagångsväljare;78
2018;rf;14806124;Angered, Skolspåret;Män;Ej svenska medborgare;18-29 ej förstagångsväljare;25
2018;rf;14806124;Angered, Skolspåret;Kvinnor;Ej svenska medborgare;18-29 ej förstagångsväljare;22
2018;rf;14806124;Angered, Skolspåret;Män;Svenska medborgare;30-49;174
2018;rf;14806124;Angered, Skolspåret;Kvinnor;Svenska medborgare;30-49;166
2018;rf;14806124;Angered, Skolspåret;Män;Ej svenska medborgare;30-49;53
2018;rf;14806124;Angered, Skolspåret;Kvinnor;Ej svenska medborgare;30-49;27
2018;rf;14806124;Angered, Skolspåret;Män;Svenska medborgare;50-64;85
2018;rf;14806124;Angered, Skolspåret;Kvinnor;Svenska medborgare;50-64;111
2018;rf;14806124;Angered, Skolspåret;Män;Ej svenska medborgare;50-64;15
2018;rf;14806124;Angered, Skolspåret;Kvinnor;Ej svenska medborgare;50-64;10
2018;rf;14806124;Angered, Skolspåret;Män;Svenska medborgare;65-;57
2018;rf;14806124;Angered, Skolspåret;Kvinnor;Svenska medborgare;65-;93
2018;rf;14806124;Angered, Skolspåret;Män;Ej svenska medborgare;65-;9
2018;rf;14806124;Angered, Skolspåret;Kvinnor;Ej svenska medborgare;65-;11
2018;rf;14806131;Angered, Eriksbo;Män;Svenska medborgare;18-29 förstagångsväljare;76
2018;rf;14806131;Angered, Eriksbo;Kvinnor;Svenska medborgare;18-29 förstagångsväljare;72
2018;rf;14806131;Angered, Eriksbo;Män;Ej svenska medborgare;18-29 förstagångsväljare;10
2018;rf;14806131;Angered, Eriksbo;Kvinnor;Ej svenska medborgare;18-29 förstagångsväljare;3
2018;rf;14806131;Angered, Eriksbo;Män;Svenska medborgare;18-29 ej förstagångsväljare;115
2018;rf;14806131;Angered, Eriksbo;Kvinnor;Svenska medborgare;18-29 ej förstagångsväljare;142
2018;rf;14806131;Angered, Eriksbo;Män;Ej svenska medborgare;18-29 ej förstagångsväljare;39
2018;rf;14806131;Angered, Eriksbo;Kvinnor;Ej svenska medborgare;18-29 ej förstagångsväljare;25
2018;rf;14806131;Angered, Eriksbo;Män;Svenska medborgare;30-49;307
2018;rf;14806131;Angered, Eriksbo;Kvinnor;Svenska medborgare;30-49;303
2018;rf;14806131;Angered, Eriksbo;Män;Ej svenska medborgare;30-49;117
2018;rf;14806131;Angered, Eriksbo;Kvinnor;Ej svenska medborgare;30-49;63
2018;rf;14806131;Angered, Eriksbo;Män;Svenska medborgare;50-64;196
2018;rf;14806131;Angered, Eriksbo;Kvinnor;Svenska medborgare;50-64;172
2018;rf;14806131;Angered, Eriksbo;Män;Ej svenska medborgare;50-64;25
2018;rf;14806131;Angered, Eriksbo;Kvinnor;Ej svenska medborgare;50-64;20
2018;rf;14806131;Angered, Eriksbo;Män;Svenska medborgare;65-;85
2018;rf;14806131;Angered, Eriksbo;Kvinnor;Svenska medborgare;65-;113
2018;rf;14806131;Angered, Eriksbo;Män;Ej svenska medborgare;65-;17
2018;rf;14806131;Angered, Eriksbo;Kvinnor;Ej svenska medborgare;65-;17
2018;rf;14807011;Västra Hisingen, Biskopsgården, N;Män;Svenska medborgare;18-29 förstagångsväljare;72
2018;rf;14807011;Västra Hisingen, Biskopsgården, N;Kvinnor;Svenska medborgare;18-29 förstagångsväljare;53
2018;rf;14807011;Västra Hisingen, Biskopsgården, N;Män;Ej svenska medborgare;18-29 förstagångsväljare;20
2018;rf;14807011;Västra Hisingen, Biskopsgården, N;Kvinnor;Ej svenska medborgare;18-29 förstagångsväljare;21
2018;rf;14807011;Västra Hisingen, Biskopsgården, N;Män;Svenska medborgare;18-29 ej förstagångsväljare;141
2018;rf;14807011;Västra Hisingen, Biskopsgården, N;Kvinnor;Svenska medborgare;18-29 ej förstagångsväljare;165
2018;rf;14807011;Västra Hisingen, Biskopsgården, N;Män;Ej svenska medborgare;18-29 ej förstagångsväljare;88
2018;rf;14807011;Västra Hisingen, Biskopsgården, N;Kvinnor;Ej svenska medborgare;18-29 ej förstagångsväljare;73
2018;rf;14807011;Västra Hisingen, Biskopsgården, N;Män;Svenska medborgare;30-49;338
2018;rf;14807011;Västra Hisingen, Biskopsgården, N;Kvinnor;Svenska medborgare;30-49;299
2018;rf;14807011;Västra Hisingen, Biskopsgården, N;Män;Ej svenska medborgare;30-49;208
2018;rf;14807011;Västra Hisingen, Biskopsgården, N;Kvinnor;Ej svenska medborgare;30-49;160
2018;rf;14807011;Västra Hisingen, Biskopsgården, N;Män;Svenska medborgare;50-64;202
2018;rf;14807011;Västra Hisingen, Biskopsgården, N;Kvinnor;Svenska medborgare;50-64;145
2018;rf;14807011;Västra Hisingen, Biskopsgården, N;Män;Ej svenska medborgare;50-64;44
2018;rf;14807011;Västra Hisingen, Biskopsgården, N;Kvinnor;Ej svenska medborgare;50-64;34
2018;rf;14807011;Västra Hisingen, Biskopsgården, N;Män;Svenska medborgare;65-;120
2018;rf;14807011;Västra Hisingen, Biskopsgården, N;Kvinnor;Svenska medborgare;65-;103
2018;rf;14807011;Västra Hisingen, Biskopsgården, N;Män;Ej svenska medborgare;65-;15
2018;rf;14807011;Västra Hisingen, Biskopsgården, N;Kvinnor;Ej svenska medborgare;65-;17
2018;rf;14807012;Västra Hisingen, Svarte Mosse;Män;Svenska medborgare;18-29 förstagångsväljare;38
2018;rf;14807012;Västra Hisingen, Svarte Mosse;Kvinnor;Svenska medborgare;18-29 förstagångsväljare;30
2018;rf;14807012;Västra Hisingen, Svarte Mosse;Män;Ej svenska medborgare;18-29 förstagångsväljare;15
2018;rf;14807012;Västra Hisingen, Svarte Mosse;Kvinnor;Ej svenska medborgare;18-29 förstagångsväljare;3
2018;rf;14807012;Västra Hisingen, Svarte Mosse;Män;Svenska medborgare;18-29 ej förstagångsväljare;79
2018;rf;14807012;Västra Hisingen, Svarte Mosse;Kvinnor;Svenska medborgare;18-29 ej förstagångsväljare;61
2018;rf;14807012;Västra Hisingen, Svarte Mosse;Män;Ej svenska medborgare;18-29 ej förstagångsväljare;31
2018;rf;14807012;Västra Hisingen, Svarte Mosse;Kvinnor;Ej svenska medborgare;18-29 ej förstagångsväljare;28
2018;rf;14807012;Västra Hisingen, Svarte Mosse;Män;Svenska medborgare;30-49;193
2018;rf;14807012;Västra Hisingen, Svarte Mosse;Kvinnor;Svenska medborgare;30-49;170
2018;rf;14807012;Västra Hisingen, Svarte Mosse;Män;Ej svenska medborgare;30-49;108
2018;rf;14807012;Västra Hisingen, Svarte Mosse;Kvinnor;Ej svenska medborgare;30-49;52
2018;rf;14807012;Västra Hisingen, Svarte Mosse;Män;Svenska medborgare;50-64;102
2018;rf;14807012;Västra Hisingen, Svarte Mosse;Kvinnor;Svenska medborgare;50-64;82
2018;rf;14807012;Västra Hisingen, Svarte Mosse;Män;Ej svenska medborgare;50-64;15
2018;rf;14807012;Västra Hisingen, Svarte Mosse;Kvinnor;Ej svenska medborgare;50-64;11
2018;rf;14807012;Västra Hisingen, Svarte Mosse;Män;Svenska medborgare;65-;41
2018;rf;14807012;Västra Hisingen, Svarte Mosse;Kvinnor;Svenska medborgare;65-;45
2018;rf;14807012;Västra Hisingen, Svarte Mosse;Män;Ej svenska medborgare;65-;8
2018;rf;14807012;Västra Hisingen, Svarte Mosse;Kvinnor;Ej svenska medborgare;65-;6
2018;rf;14807021;Västra Hisingen, Länsmansgården, C;Män;Svenska medborgare;18-29 förstagångsväljare;36
2018;rf;14807021;Västra Hisingen, Länsmansgården, C;Kvinnor;Svenska medborgare;18-29 förstagångsväljare;49
2018;rf;14807021;Västra Hisingen, Länsmansgården, C;Män;Ej svenska medborgare;18-29 förstagångsväljare;2
2018;rf;14807021;Västra Hisingen, Länsmansgården, C;Kvinnor;Ej svenska medborgare;18-29 förstagångsväljare;8
2018;rf;14807021;Västra Hisingen, Länsmansgården, C;Män;Svenska medborgare;18-29 ej förstagångsväljare;110
2018;rf;14807021;Västra Hisingen, Länsmansgården, C;Kvinnor;Svenska medborgare;18-29 ej förstagångsväljare;112
2018;rf;14807021;Västra Hisingen, Länsmansgården, C;Män;Ej svenska medborgare;18-29 ej förstagångsväljare;39
2018;rf;14807021;Västra Hisingen, Länsmansgården, C;Kvinnor;Ej svenska medborgare;18-29 ej förstagångsväljare;22
2018;rf;14807021;Västra Hisingen, Länsmansgården, C;Män;Svenska medborgare;30-49;227
2018;rf;14807021;Västra Hisingen, Länsmansgården, C;Kvinnor;Svenska medborgare;30-49;220
2018;rf;14807021;Västra Hisingen, Länsmansgården, C;Män;Ej svenska medborgare;30-49;90
2018;rf;14807021;Västra Hisingen, Länsmansgården, C;Kvinnor;Ej svenska medborgare;30-49;55
2018;rf;14807021;Västra Hisingen, Länsmansgården, C;Män;Svenska medborgare;50-64;121
2018;rf;14807021;Västra Hisingen, Länsmansgården, C;Kvinnor;Svenska medborgare;50-64;126
2018;rf;14807021;Västra Hisingen, Länsmansgården, C;Män;Ej svenska medborgare;50-64;18
2018;rf;14807021;Västra Hisingen, Länsmansgården, C;Kvinnor;Ej svenska medborgare;50-64;11
2018;rf;14807021;Västra Hisingen, Länsmansgården, C;Män;Svenska medborgare;65-;91
2018;rf;14807021;Västra Hisingen, Länsmansgården, C;Kvinnor;Svenska medborgare;65-;96
2018;rf;14807021;Västra Hisingen, Länsmansgården, C;Män;Ej svenska medborgare;65-;14
2018;rf;14807021;Västra Hisingen, Länsmansgården, C;Kvinnor;Ej svenska medborgare;65-;13
2018;rf;14807022;Västra Hisingen, Länsmansgården, N;Män;Svenska medborgare;18-29 förstagångsväljare;39
2018;rf;14807022;Västra Hisingen, Länsmansgården, N;Kvinnor;Svenska medborgare;18-29 förstagångsväljare;40
2018;rf;14807022;Västra Hisingen, Länsmansgården, N;Män;Ej svenska medborgare;18-29 förstagångsväljare;3
2018;rf;14807022;Västra Hisingen, Länsmansgården, N;Kvinnor;Ej svenska medborgare;18-29 förstagångsväljare;4
2018;rf;14807022;Västra Hisingen, Länsmansgården, N;Män;Svenska medborgare;18-29 ej förstagångsväljare;103
2018;rf;14807022;Västra Hisingen, Länsmansgården, N;Kvinnor;Svenska medborgare;18-29 ej förstagångsväljare;92
2018;rf;14807022;Västra Hisingen, Länsmansgården, N;Män;Ej svenska medborgare;18-29 ej förstagångsväljare;20
2018;rf;14807022;Västra Hisingen, Länsmansgården, N;Kvinnor;Ej svenska medborgare;18-29 ej förstagångsväljare;17
2018;rf;14807022;Västra Hisingen, Länsmansgården, N;Män;Svenska medborgare;30-49;173
2018;rf;14807022;Västra Hisingen, Länsmansgården, N;Kvinnor;Svenska medborgare;30-49;209
2018;rf;14807022;Västra Hisingen, Länsmansgården, N;Män;Ej svenska medborgare;30-49;42
2018;rf;14807022;Västra Hisingen, Länsmansgården, N;Kvinnor;Ej svenska medborgare;30-49;41
2018;rf;14807022;Västra Hisingen, Länsmansgården, N;Män;Svenska medborgare;50-64;148
2018;rf;14807022;Västra Hisingen, Länsmansgården, N;Kvinnor;Svenska medborgare;50-64;145
2018;rf;14807022;Västra Hisingen, Länsmansgården, N;Män;Ej svenska medborgare;50-64;13
2018;rf;14807022;Västra Hisingen, Länsmansgården, N;Kvinnor;Ej svenska medborgare;50-64;13
2018;rf;14807022;Västra Hisingen, Länsmansgården, N;Män;Svenska medborgare;65-;99
2018;rf;14807022;Västra Hisingen, Länsmansgården, N;Kvinnor;Svenska medborgare;65-;127
2018;rf;14807022;Västra Hisingen, Länsmansgården, N;Män;Ej svenska medborgare;65-;11
2018;rf;14807022;Västra Hisingen, Länsmansgården, N;Kvinnor;Ej svenska medborgare;65-;10
2018;rf;14807023;Västra Hisingen, Länsmansgården, S;Män;Svenska medborgare;18-29 förstagångsväljare;38
2018;rf;14807023;Västra Hisingen, Länsmansgården, S;Kvinnor;Svenska medborgare;18-29 förstagångsväljare;60
2018;rf;14807023;Västra Hisingen, Länsmansgården, S;Män;Ej svenska medborgare;18-29 förstagångsväljare;10
2018;rf;14807023;Västra Hisingen, Länsmansgården, S;Kvinnor;Ej svenska medborgare;18-29 förstagångsväljare;5
2018;rf;14807023;Västra Hisingen, Länsmansgården, S;Män;Svenska medborgare;18-29 ej förstagångsväljare;53
2018;rf;14807023;Västra Hisingen, Länsmansgården, S;Kvinnor;Svenska medborgare;18-29 ej förstagångsväljare;97
2018;rf;14807023;Västra Hisingen, Länsmansgården, S;Män;Ej svenska medborgare;18-29 ej förstagångsväljare;20
2018;rf;14807023;Västra Hisingen, Länsmansgården, S;Kvinnor;Ej svenska medborgare;18-29 ej förstagångsväljare;24
2018;rf;14807023;Västra Hisingen, Länsmansgården, S;Män;Svenska medborgare;30-49;184
2018;rf;14807023;Västra Hisingen, Länsmansgården, S;Kvinnor;Svenska medborgare;30-49;196
2018;rf;14807023;Västra Hisingen, Länsmansgården, S;Män;Ej svenska medborgare;30-49;71
2018;rf;14807023;Västra Hisingen, Länsmansgården, S;Kvinnor;Ej svenska medborgare;30-49;72
2018;rf;14807023;Västra Hisingen, Länsmansgården, S;Män;Svenska medborgare;50-64;102
2018;rf;14807023;Västra Hisingen, Länsmansgården, S;Kvinnor;Svenska medborgare;50-64;80
2018;rf;14807023;Västra Hisingen, Länsmansgården, S;Män;Ej svenska medborgare;50-64;14
2018;rf;14807023;Västra Hisingen, Länsmansgården, S;Kvinnor;Ej svenska medborgare;50-64;7
2018;rf;14807023;Västra Hisingen, Länsmansgården, S;Män;Svenska medborgare;65-;54
2018;rf;14807023;Västra Hisingen, Länsmansgården, S;Kvinnor;Svenska medborgare;65-;82
2018;rf;14807023;Västra Hisingen, Länsmansgården, S;Män;Ej svenska medborgare;65-;8
2018;rf;14807023;Västra Hisingen, Länsmansgården, S;Kvinnor;Ej svenska medborgare;65-;8
2018;rf;14807031;Västra Hisingen, Länsmansgården, Ö;Män;Svenska medborgare;18-29 förstagångsväljare;58
2018;rf;14807031;Västra Hisingen, Länsmansgården, Ö;Kvinnor;Svenska medborgare;18-29 förstagångsväljare;42
2018;rf;14807031;Västra Hisingen, Länsmansgården, Ö;Män;Ej svenska medborgare;18-29 förstagångsväljare;13
2018;rf;14807031;Västra Hisingen, Länsmansgården, Ö;Kvinnor;Ej svenska medborgare;18-29 förstagångsväljare;5
2018;rf;14807031;Västra Hisingen, Länsmansgården, Ö;Män;Svenska medborgare;18-29 ej förstagångsväljare;103
2018;rf;14807031;Västra Hisingen, Länsmansgården, Ö;Kvinnor;Svenska medborgare;18-29 ej förstagångsväljare;95
2018;rf;14807031;Västra Hisingen, Länsmansgården, Ö;Män;Ej svenska medborgare;18-29 ej förstagångsväljare;31
2018;rf;14807031;Västra Hisingen, Länsmansgården, Ö;Kvinnor;Ej svenska medborgare;18-29 ej förstagångsväljare;16
2018;rf;14807031;Västra Hisingen, Länsmansgården, Ö;Män;Svenska medborgare;30-49;185
2018;rf;14807031;Västra Hisingen, Länsmansgården, Ö;Kvinnor;Svenska medborgare;30-49;221
2018;rf;14807031;Västra Hisingen, Länsmansgården, Ö;Män;Ej svenska medborgare;30-49;61
2018;rf;14807031;Västra Hisingen, Länsmansgården, Ö;Kvinnor;Ej svenska medborgare;30-49;45
2018;rf;14807031;Västra Hisingen, Länsmansgården, Ö;Män;Svenska medborgare;50-64;166
2018;rf;14807031;Västra Hisingen, Länsmansgården, Ö;Kvinnor;Svenska medborgare;50-64;133
2018;rf;14807031;Västra Hisingen, Länsmansgården, Ö;Män;Ej svenska medborgare;50-64;16
2018;rf;14807031;Västra Hisingen, Länsmansgården, Ö;Kvinnor;Ej svenska medborgare;50-64;15
2018;rf;14807031;Västra Hisingen, Länsmansgården, Ö;Män;Svenska medborgare;65-;127
2018;rf;14807031;Västra Hisingen, Länsmansgården, Ö;Kvinnor;Svenska medborgare;65-;154
2018;rf;14807031;Västra Hisingen, Länsmansgården, Ö;Män;Ej svenska medborgare;65-;17
2018;rf;14807031;Västra Hisingen, Länsmansgården, Ö;Kvinnor;Ej svenska medborgare;65-;10
2018;rf;14807032;Västra Hisingen, Svartedalen, Norra;Män;Svenska medborgare;18-29 förstagångsväljare;17
2018;rf;14807032;Västra Hisingen, Svartedalen, Norra;Kvinnor;Svenska medborgare;18-29 förstagångsväljare;35
2018;rf;14807032;Västra Hisingen, Svartedalen, Norra;Män;Ej svenska medborgare;18-29 förstagångsväljare;10
2018;rf;14807032;Västra Hisingen, Svartedalen, Norra;Kvinnor;Ej svenska medborgare;18-29 förstagångsväljare;6
2018;rf;14807032;Västra Hisingen, Svartedalen, Norra;Män;Svenska medborgare;18-29 ej förstagångsväljare;105
2018;rf;14807032;Västra Hisingen, Svartedalen, Norra;Kvinnor;Svenska medborgare;18-29 ej förstagångsväljare;108
2018;rf;14807032;Västra Hisingen, Svartedalen, Norra;Män;Ej svenska medborgare;18-29 ej förstagångsväljare;23
2018;rf;14807032;Västra Hisingen, Svartedalen, Norra;Kvinnor;Ej svenska medborgare;18-29 ej förstagångsväljare;26
2018;rf;14807032;Västra Hisingen, Svartedalen, Norra;Män;Svenska medborgare;30-49;193
2018;rf;14807032;Västra Hisingen, Svartedalen, Norra;Kvinnor;Svenska medborgare;30-49;151
2018;rf;14807032;Västra Hisingen, Svartedalen, Norra;Män;Ej svenska medborgare;30-49;54
2018;rf;14807032;Västra Hisingen, Svartedalen, Norra;Kvinnor;Ej svenska medborgare;30-49;44
2018;rf;14807032;Västra Hisingen, Svartedalen, Norra;Män;Svenska medborgare;50-64;133
2018;rf;14807032;Västra Hisingen, Svartedalen, Norra;Kvinnor;Svenska medborgare;50-64;131
2018;rf;14807032;Västra Hisingen, Svartedalen, Norra;Män;Ej svenska medborgare;50-64;14
2018;rf;14807032;Västra Hisingen, Svartedalen, Norra;Kvinnor;Ej svenska medborgare;50-64;12
2018;rf;14807032;Västra Hisingen, Svartedalen, Norra;Män;Svenska medborgare;65-;168
2018;rf;14807032;Västra Hisingen, Svartedalen, Norra;Kvinnor;Svenska medborgare;65-;275
2018;rf;14807032;Västra Hisingen, Svartedalen, Norra;Män;Ej svenska medborgare;65-;15
2018;rf;14807032;Västra Hisingen, Svartedalen, Norra;Kvinnor;Ej svenska medborgare;65-;18
2018;rf;14807041;Västra Hisingen, Andalen;Män;Svenska medborgare;18-29 förstagångsväljare;58
2018;rf;14807041;Västra Hisingen, Andalen;Kvinnor;Svenska medborgare;18-29 förstagångsväljare;58
2018;rf;14807041;Västra Hisingen, Andalen;Män;Ej svenska medborgare;18-29 förstagångsväljare;1
2018;rf;14807041;Västra Hisingen, Andalen;Kvinnor;Ej svenska medborgare;18-29 förstagångsväljare;0
2018;rf;14807041;Västra Hisingen, Andalen;Män;Svenska medborgare;18-29 ej förstagångsväljare;45
2018;rf;14807041;Västra Hisingen, Andalen;Kvinnor;Svenska medborgare;18-29 ej förstagångsväljare;28
2018;rf;14807041;Västra Hisingen, Andalen;Män;Ej svenska medborgare;18-29 ej förstagångsväljare;2
2018;rf;14807041;Västra Hisingen, Andalen;Kvinnor;Ej svenska medborgare;18-29 ej förstagångsväljare;0
2018;rf;14807041;Västra Hisingen, Andalen;Män;Svenska medborgare;30-49;198
2018;rf;14807041;Västra Hisingen, Andalen;Kvinnor;Svenska medborgare;30-49;241
2018;rf;14807041;Västra Hisingen, Andalen;Män;Ej svenska medborgare;30-49;6
2018;rf;14807041;Västra Hisingen, Andalen;Kvinnor;Ej svenska medborgare;30-49;9
2018;rf;14807041;Västra Hisingen, Andalen;Män;Svenska medborgare;50-64;217
2018;rf;14807041;Västra Hisingen, Andalen;Kvinnor;Svenska medborgare;50-64;167
2018;rf;14807041;Västra Hisingen, Andalen;Män;Ej svenska medborgare;50-64;8
2018;rf;14807041;Västra Hisingen, Andalen;Kvinnor;Ej svenska medborgare;50-64;5
2018;rf;14807041;Västra Hisingen, Andalen;Män;Svenska medborgare;65-;101
2018;rf;14807041;Västra Hisingen, Andalen;Kvinnor;Svenska medborgare;65-;81
2018;rf;14807041;Västra Hisingen, Andalen;Män;Ej svenska medborgare;65-;4
2018;rf;14807041;Västra Hisingen, Andalen;Kvinnor;Ej svenska medborgare;65-;2
2018;rf;14807042;Västra Hisingen, Gossbydal-Trånget;Män;Svenska medborgare;18-29 förstagångsväljare;52
2018;rf;14807042;Västra Hisingen, Gossbydal-Trånget;Kvinnor;Svenska medborgare;18-29 förstagångsväljare;34
2018;rf;14807042;Västra Hisingen, Gossbydal-Trånget;Män;Ej svenska medborgare;18-29 förstagångsväljare;0
2018;rf;14807042;Västra Hisingen, Gossbydal-Trånget;Kvinnor;Ej svenska medborgare;18-29 förstagångsväljare;0
2018;rf;14807042;Västra Hisingen, Gossbydal-Trånget;Män;Svenska medborgare;18-29 ej förstagångsväljare;47
2018;rf;14807042;Västra Hisingen, Gossbydal-Trånget;Kvinnor;Svenska medborgare;18-29 ej förstagångsväljare;46
2018;rf;14807042;Västra Hisingen, Gossbydal-Trånget;Män;Ej svenska medborgare;18-29 ej förstagångsväljare;1
2018;rf;14807042;Västra Hisingen, Gossbydal-Trånget;Kvinnor;Ej svenska medborgare;18-29 ej förstagångsväljare;2
2018;rf;14807042;Västra Hisingen, Gossbydal-Trånget;Män;Svenska medborgare;30-49;235
2018;rf;14807042;Västra Hisingen, Gossbydal-Trånget;Kvinnor;Svenska medborgare;30-49;288
2018;rf;14807042;Västra Hisingen, Gossbydal-Trånget;Män;Ej svenska medborgare;30-49;11
2018;rf;14807042;Västra Hisingen, Gossbydal-Trånget;Kvinnor;Ej svenska medborgare;30-49;5
2018;rf;14807042;Västra Hisingen, Gossbydal-Trånget;Män;Svenska medborgare;50-64;167
2018;rf;14807042;Västra Hisingen, Gossbydal-Trånget;Kvinnor;Svenska medborgare;50-64;160
2018;rf;14807042;Västra Hisingen, Gossbydal-Trånget;Män;Ej svenska medborgare;50-64;5
2018;rf;14807042;Västra Hisingen, Gossbydal-Trånget;Kvinnor;Ej svenska medborgare;50-64;5
2018;rf;14807042;Västra Hisingen, Gossbydal-Trånget;Män;Svenska medborgare;65-;101
2018;rf;14807042;Västra Hisingen, Gossbydal-Trånget;Kvinnor;Svenska medborgare;65-;117
2018;rf;14807042;Västra Hisingen, Gossbydal-Trånget;Män;Ej svenska medborgare;65-;1
2018;rf;14807042;Västra Hisingen, Gossbydal-Trånget;Kvinnor;Ej svenska medborgare;65-;3
2018;rf;14807043;Västra Hisingen, Hjuvik;Män;Svenska medborgare;18-29 förstagångsväljare;57
2018;rf;14807043;Västra Hisingen, Hjuvik;Kvinnor;Svenska medborgare;18-29 förstagångsväljare;49
2018;rf;14807043;Västra Hisingen, Hjuvik;Män;Ej svenska medborgare;18-29 förstagångsväljare;0
2018;rf;14807043;Västra Hisingen, Hjuvik;Kvinnor;Ej svenska medborgare;18-29 förstagångsväljare;1
2018;rf;14807043;Västra Hisingen, Hjuvik;Män;Svenska medborgare;18-29 ej förstagångsväljare;66
2018;rf;14807043;Västra Hisingen, Hjuvik;Kvinnor;Svenska medborgare;18-29 ej förstagångsväljare;41
2018;rf;14807043;Västra Hisingen, Hjuvik;Män;Ej svenska medborgare;18-29 ej förstagångsväljare;2
2018;rf;14807043;Västra Hisingen, Hjuvik;Kvinnor;Ej svenska medborgare;18-29 ej förstagångsväljare;0
2018;rf;14807043;Västra Hisingen, Hjuvik;Män;Svenska medborgare;30-49;229
2018;rf;14807043;Västra Hisingen, Hjuvik;Kvinnor;Svenska medborgare;30-49;254
2018;rf;14807043;Västra Hisingen, Hjuvik;Män;Ej svenska medborgare;30-49;9
2018;rf;14807043;Västra Hisingen, Hjuvik;Kvinnor;Ej svenska medborgare;30-49;10
2018;rf;14807043;Västra Hisingen, Hjuvik;Män;Svenska medborgare;50-64;233
2018;rf;14807043;Västra Hisingen, Hjuvik;Kvinnor;Svenska medborgare;50-64;224
2018;rf;14807043;Västra Hisingen, Hjuvik;Män;Ej svenska medborgare;50-64;11
2018;rf;14807043;Västra Hisingen, Hjuvik;Kvinnor;Ej svenska medborgare;50-64;3
2018;rf;14807043;Västra Hisingen, Hjuvik;Män;Svenska medborgare;65-;160
2018;rf;14807043;Västra Hisingen, Hjuvik;Kvinnor;Svenska medborgare;65-;141
2018;rf;14807043;Västra Hisingen, Hjuvik;Män;Ej svenska medborgare;65-;2
2018;rf;14807043;Västra Hisingen, Hjuvik;Kvinnor;Ej svenska medborgare;65-;6
2018;rf;14807044;Västra Hisingen, Hällsvik;Män;Svenska medborgare;18-29 förstagångsväljare;52
2018;rf;14807044;Västra Hisingen, Hällsvik;Kvinnor;Svenska medborgare;18-29 förstagångsväljare;34
2018;rf;14807044;Västra Hisingen, Hällsvik;Män;Ej svenska medborgare;18-29 förstagångsväljare;0
2018;rf;14807044;Västra Hisingen, Hällsvik;Kvinnor;Ej svenska medborgare;18-29 förstagångsväljare;0
2018;rf;14807044;Västra Hisingen, Hällsvik;Män;Svenska medborgare;18-29 ej förstagångsväljare;39
2018;rf;14807044;Västra Hisingen, Hällsvik;Kvinnor;Svenska medborgare;18-29 ej förstagångsväljare;44
2018;rf;14807044;Västra Hisingen, Hällsvik;Män;Ej svenska medborgare;18-29 ej förstagångsväljare;0
2018;rf;14807044;Västra Hisingen, Hällsvik;Kvinnor;Ej svenska medborgare;18-29 ej förstagångsväljare;0
2018;rf;14807044;Västra Hisingen, Hällsvik;Män;Svenska medborgare;30-49;198
2018;rf;14807044;Västra Hisingen, Hällsvik;Kvinnor;Svenska medborgare;30-49;210
2018;rf;14807044;Västra Hisingen, Hällsvik;Män;Ej svenska medborgare;30-49;5
2018;rf;14807044;Västra Hisingen, Hällsvik;Kvinnor;Ej svenska medborgare;30-49;9
2018;rf;14807044;Västra Hisingen, Hällsvik;Män;Svenska medborgare;50-64;180
2018;rf;14807044;Västra Hisingen, Hällsvik;Kvinnor;Svenska medborgare;50-64;180
2018;rf;14807044;Västra Hisingen, Hällsvik;Män;Ej svenska medborgare;50-64;6
2018;rf;14807044;Västra Hisingen, Hällsvik;Kvinnor;Ej svenska medborgare;50-64;2
2018;rf;14807044;Västra Hisingen, Hällsvik;Män;Svenska medborgare;65-;132
2018;rf;14807044;Västra Hisingen, Hällsvik;Kvinnor;Svenska medborgare;65-;113
2018;rf;14807044;Västra Hisingen, Hällsvik;Män;Ej svenska medborgare;65-;4
2018;rf;14807044;Västra Hisingen, Hällsvik;Kvinnor;Ej svenska medborgare;65-;2
2018;rf;14807051;Västra Hisingen, Amhult-Arendal;Män;Svenska medborgare;18-29 förstagångsväljare;33
2018;rf;14807051;Västra Hisingen, Amhult-Arendal;Kvinnor;Svenska medborgare;18-29 förstagångsväljare;22
2018;rf;14807051;Västra Hisingen, Amhult-Arendal;Män;Ej svenska medborgare;18-29 förstagångsväljare;0
2018;rf;14807051;Västra Hisingen, Amhult-Arendal;Kvinnor;Ej svenska medborgare;18-29 förstagångsväljare;2
2018;rf;14807051;Västra Hisingen, Amhult-Arendal;Män;Svenska medborgare;18-29 ej förstagångsväljare;84
2018;rf;14807051;Västra Hisingen, Amhult-Arendal;Kvinnor;Svenska medborgare;18-29 ej förstagångsväljare;79
2018;rf;14807051;Västra Hisingen, Amhult-Arendal;Män;Ej svenska medborgare;18-29 ej förstagångsväljare;9
2018;rf;14807051;Västra Hisingen, Amhult-Arendal;Kvinnor;Ej svenska medborgare;18-29 ej förstagångsväljare;4
2018;rf;14807051;Västra Hisingen, Amhult-Arendal;Män;Svenska medborgare;30-49;216
2018;rf;14807051;Västra Hisingen, Amhult-Arendal;Kvinnor;Svenska medborgare;30-49;232
2018;rf;14807051;Västra Hisingen, Amhult-Arendal;Män;Ej svenska medborgare;30-49;23
2018;rf;14807051;Västra Hisingen, Amhult-Arendal;Kvinnor;Ej svenska medborgare;30-49;12
2018;rf;14807051;Västra Hisingen, Amhult-Arendal;Män;Svenska medborgare;50-64;103
2018;rf;14807051;Västra Hisingen, Amhult-Arendal;Kvinnor;Svenska medborgare;50-64;118
2018;rf;14807051;Västra Hisingen, Amhult-Arendal;Män;Ej svenska medborgare;50-64;6
2018;rf;14807051;Västra Hisingen, Amhult-Arendal;Kvinnor;Ej svenska medborgare;50-64;2
2018;rf;14807051;Västra Hisingen, Amhult-Arendal;Män;Svenska medborgare;65-;161
2018;rf;14807051;Västra Hisingen, Amhult-Arendal;Kvinnor;Svenska medborgare;65-;243
2018;rf;14807051;Västra Hisingen, Amhult-Arendal;Män;Ej svenska medborgare;65-;4
2018;rf;14807051;Västra Hisingen, Amhult-Arendal;Kvinnor;Ej svenska medborgare;65-;9
2018;rf;14807052;Västra Hisingen, Domarringen m fl;Män;Svenska medborgare;18-29 förstagångsväljare;40
2018;rf;14807052;Västra Hisingen, Domarringen m fl;Kvinnor;Svenska medborgare;18-29 förstagångsväljare;34
2018;rf;14807052;Västra Hisingen, Domarringen m fl;Män;Ej svenska medborgare;18-29 förstagångsväljare;1
2018;rf;14807052;Västra Hisingen, Domarringen m fl;Kvinnor;Ej svenska medborgare;18-29 förstagångsväljare;0
2018;rf;14807052;Västra Hisingen, Domarringen m fl;Män;Svenska medborgare;18-29 ej förstagångsväljare;60
2018;rf;14807052;Västra Hisingen, Domarringen m fl;Kvinnor;Svenska medborgare;18-29 ej förstagångsväljare;41
2018;rf;14807052;Västra Hisingen, Domarringen m fl;Män;Ej svenska medborgare;18-29 ej förstagångsväljare;1
2018;rf;14807052;Västra Hisingen, Domarringen m fl;Kvinnor;Ej svenska medborgare;18-29 ej förstagångsväljare;1
2018;rf;14807052;Västra Hisingen, Domarringen m fl;Män;Svenska medborgare;30-49;230
2018;rf;14807052;Västra Hisingen, Domarringen m fl;Kvinnor;Svenska medborgare;30-49;249
2018;rf;14807052;Västra Hisingen, Domarringen m fl;Män;Ej svenska medborgare;30-49;3
2018;rf;14807052;Västra Hisingen, Domarringen m fl;Kvinnor;Ej svenska medborgare;30-49;8
2018;rf;14807052;Västra Hisingen, Domarringen m fl;Män;Svenska medborgare;50-64;164
2018;rf;14807052;Västra Hisingen, Domarringen m fl;Kvinnor;Svenska medborgare;50-64;168
2018;rf;14807052;Västra Hisingen, Domarringen m fl;Män;Ej svenska medborgare;50-64;9
2018;rf;14807052;Västra Hisingen, Domarringen m fl;Kvinnor;Ej svenska medborgare;50-64;4
2018;rf;14807052;Västra Hisingen, Domarringen m fl;Män;Svenska medborgare;65-;102
2018;rf;14807052;Västra Hisingen, Domarringen m fl;Kvinnor;Svenska medborgare;65-;98
2018;rf;14807052;Västra Hisingen, Domarringen m fl;Män;Ej svenska medborgare;65-;6
2018;rf;14807052;Västra Hisingen, Domarringen m fl;Kvinnor;Ej svenska medborgare;65-;1
2018;rf;14807053;Västra Hisingen, Nolered;Män;Svenska medborgare;18-29 förstagångsväljare;42
2018;rf;14807053;Västra Hisingen, Nolered;Kvinnor;Svenska medborgare;18-29 förstagångsväljare;43
2018;rf;14807053;Västra Hisingen, Nolered;Män;Ej svenska medborgare;18-29 förstagångsväljare;0
2018;rf;14807053;Västra Hisingen, Nolered;Kvinnor;Ej svenska medborgare;18-29 förstagångsväljare;1
2018;rf;14807053;Västra Hisingen, Nolered;Män;Svenska medborgare;18-29 ej förstagångsväljare;39
2018;rf;14807053;Västra Hisingen, Nolered;Kvinnor;Svenska medborgare;18-29 ej förstagångsväljare;38
2018;rf;14807053;Västra Hisingen, Nolered;Män;Ej svenska medborgare;18-29 ej förstagångsväljare;1
2018;rf;14807053;Västra Hisingen, Nolered;Kvinnor;Ej svenska medborgare;18-29 ej förstagångsväljare;1
2018;rf;14807053;Västra Hisingen, Nolered;Män;Svenska medborgare;30-49;267
2018;rf;14807053;Västra Hisingen, Nolered;Kvinnor;Svenska medborgare;30-49;288
2018;rf;14807053;Västra Hisingen, Nolered;Män;Ej svenska medborgare;30-49;5
2018;rf;14807053;Västra Hisingen, Nolered;Kvinnor;Ej svenska medborgare;30-49;8
2018;rf;14807053;Västra Hisingen, Nolered;Män;Svenska medborgare;50-64;190
2018;rf;14807053;Västra Hisingen, Nolered;Kvinnor;Svenska medborgare;50-64;151
2018;rf;14807053;Västra Hisingen, Nolered;Män;Ej svenska medborgare;50-64;5
2018;rf;14807053;Västra Hisingen, Nolered;Kvinnor;Ej svenska medborgare;50-64;7
2018;rf;14807053;Västra Hisingen, Nolered;Män;Svenska medborgare;65-;156
2018;rf;14807053;Västra Hisingen, Nolered;Kvinnor;Svenska medborgare;65-;138
2018;rf;14807053;Västra Hisingen, Nolered;Män;Ej svenska medborgare;65-;3
2018;rf;14807053;Västra Hisingen, Nolered;Kvinnor;Ej svenska medborgare;65-;3
2018;rf;14807054;Västra Hisingen, Torslanda;Män;Svenska medborgare;18-29 förstagångsväljare;38
2018;rf;14807054;Västra Hisingen, Torslanda;Kvinnor;Svenska medborgare;18-29 förstagångsväljare;30
2018;rf;14807054;Västra Hisingen, Torslanda;Män;Ej svenska medborgare;18-29 förstagångsväljare;0
2018;rf;14807054;Västra Hisingen, Torslanda;Kvinnor;Ej svenska medborgare;18-29 förstagångsväljare;0
2018;rf;14807054;Västra Hisingen, Torslanda;Män;Svenska medborgare;18-29 ej förstagångsväljare;55
2018;rf;14807054;Västra Hisingen, Torslanda;Kvinnor;Svenska medborgare;18-29 ej förstagångsväljare;56
2018;rf;14807054;Västra Hisingen, Torslanda;Män;Ej svenska medborgare;18-29 ej förstagångsväljare;1
2018;rf;14807054;Västra Hisingen, Torslanda;Kvinnor;Ej svenska medborgare;18-29 ej förstagångsväljare;2
2018;rf;14807054;Västra Hisingen, Torslanda;Män;Svenska medborgare;30-49;243
2018;rf;14807054;Västra Hisingen, Torslanda;Kvinnor;Svenska medborgare;30-49;250
2018;rf;14807054;Västra Hisingen, Torslanda;Män;Ej svenska medborgare;30-49;6
2018;rf;14807054;Västra Hisingen, Torslanda;Kvinnor;Ej svenska medborgare;30-49;8
2018;rf;14807054;Västra Hisingen, Torslanda;Män;Svenska medborgare;50-64;147
2018;rf;14807054;Västra Hisingen, Torslanda;Kvinnor;Svenska medborgare;50-64;142
2018;rf;14807054;Västra Hisingen, Torslanda;Män;Ej svenska medborgare;50-64;8
2018;rf;14807054;Västra Hisingen, Torslanda;Kvinnor;Ej svenska medborgare;50-64;3
2018;rf;14807054;Västra Hisingen, Torslanda;Män;Svenska medborgare;65-;179
2018;rf;14807054;Västra Hisingen, Torslanda;Kvinnor;Svenska medborgare;65-;205
2018;rf;14807054;Västra Hisingen, Torslanda;Män;Ej svenska medborgare;65-;5
2018;rf;14807054;Västra Hisingen, Torslanda;Kvinnor;Ej svenska medborgare;65-;10
2018;rf;14807055;Västra Hisingen, Torslanda Torg;Män;Svenska medborgare;18-29 förstagångsväljare;31
2018;rf;14807055;Västra Hisingen, Torslanda Torg;Kvinnor;Svenska medborgare;18-29 förstagångsväljare;31
2018;rf;14807055;Västra Hisingen, Torslanda Torg;Män;Ej svenska medborgare;18-29 förstagångsväljare;0
2018;rf;14807055;Västra Hisingen, Torslanda Torg;Kvinnor;Ej svenska medborgare;18-29 förstagångsväljare;1
2018;rf;14807055;Västra Hisingen, Torslanda Torg;Män;Svenska medborgare;18-29 ej förstagångsväljare;54
2018;rf;14807055;Västra Hisingen, Torslanda Torg;Kvinnor;Svenska medborgare;18-29 ej förstagångsväljare;49
2018;rf;14807055;Västra Hisingen, Torslanda Torg;Män;Ej svenska medborgare;18-29 ej förstagångsväljare;0
2018;rf;14807055;Västra Hisingen, Torslanda Torg;Kvinnor;Ej svenska medborgare;18-29 ej förstagångsväljare;2
2018;rf;14807055;Västra Hisingen, Torslanda Torg;Män;Svenska medborgare;30-49;179
2018;rf;14807055;Västra Hisingen, Torslanda Torg;Kvinnor;Svenska medborgare;30-49;187
2018;rf;14807055;Västra Hisingen, Torslanda Torg;Män;Ej svenska medborgare;30-49;12
2018;rf;14807055;Västra Hisingen, Torslanda Torg;Kvinnor;Ej svenska medborgare;30-49;14
2018;rf;14807055;Västra Hisingen, Torslanda Torg;Män;Svenska medborgare;50-64;126
2018;rf;14807055;Västra Hisingen, Torslanda Torg;Kvinnor;Svenska medborgare;50-64;134
2018;rf;14807055;Västra Hisingen, Torslanda Torg;Män;Ej svenska medborgare;50-64;2
2018;rf;14807055;Västra Hisingen, Torslanda Torg;Kvinnor;Ej svenska medborgare;50-64;3
2018;rf;14807055;Västra Hisingen, Torslanda Torg;Män;Svenska medborgare;65-;144
2018;rf;14807055;Västra Hisingen, Torslanda Torg;Kvinnor;Svenska medborgare;65-;267
2018;rf;14807055;Västra Hisingen, Torslanda Torg;Män;Ej svenska medborgare;65-;4
2018;rf;14807055;Västra Hisingen, Torslanda Torg;Kvinnor;Ej svenska medborgare;65-;8
2018;rf;14807056;Västra Hisingen, Tumlehed;Män;Svenska medborgare;18-29 förstagångsväljare;38
2018;rf;14807056;Västra Hisingen, Tumlehed;Kvinnor;Svenska medborgare;18-29 förstagångsväljare;40
2018;rf;14807056;Västra Hisingen, Tumlehed;Män;Ej svenska medborgare;18-29 förstagångsväljare;0
2018;rf;14807056;Västra Hisingen, Tumlehed;Kvinnor;Ej svenska medborgare;18-29 förstagångsväljare;0
2018;rf;14807056;Västra Hisingen, Tumlehed;Män;Svenska medborgare;18-29 ej förstagångsväljare;43
2018;rf;14807056;Västra Hisingen, Tumlehed;Kvinnor;Svenska medborgare;18-29 ej förstagångsväljare;31
2018;rf;14807056;Västra Hisingen, Tumlehed;Män;Ej svenska medborgare;18-29 ej förstagångsväljare;2
2018;rf;14807056;Västra Hisingen, Tumlehed;Kvinnor;Ej svenska medborgare;18-29 ej förstagångsväljare;1
2018;rf;14807056;Västra Hisingen, Tumlehed;Män;Svenska medborgare;30-49;208
2018;rf;14807056;Västra Hisingen, Tumlehed;Kvinnor;Svenska medborgare;30-49;235
2018;rf;14807056;Västra Hisingen, Tumlehed;Män;Ej svenska medborgare;30-49;10
2018;rf;14807056;Västra Hisingen, Tumlehed;Kvinnor;Ej svenska medborgare;30-49;8
2018;rf;14807056;Västra Hisingen, Tumlehed;Män;Svenska medborgare;50-64;197
2018;rf;14807056;Västra Hisingen, Tumlehed;Kvinnor;Svenska medborgare;50-64;173
2018;rf;14807056;Västra Hisingen, Tumlehed;Män;Ej svenska medborgare;50-64;5
2018;rf;14807056;Västra Hisingen, Tumlehed;Kvinnor;Ej svenska medborgare;50-64;4
2018;rf;14807056;Västra Hisingen, Tumlehed;Män;Svenska medborgare;65-;169
2018;rf;14807056;Västra Hisingen, Tumlehed;Kvinnor;Svenska medborgare;65-;146
2018;rf;14807056;Västra Hisingen, Tumlehed;Män;Ej svenska medborgare;65-;6
2018;rf;14807056;Västra Hisingen, Tumlehed;Kvinnor;Ej svenska medborgare;65-;4
2018;rf;14807061;Västra Hisingen, Björlanda;Män;Svenska medborgare;18-29 förstagångsväljare;31
2018;rf;14807061;Västra Hisingen, Björlanda;Kvinnor;Svenska medborgare;18-29 förstagångsväljare;35
2018;rf;14807061;Västra Hisingen, Björlanda;Män;Ej svenska medborgare;18-29 förstagångsväljare;0
2018;rf;14807061;Västra Hisingen, Björlanda;Kvinnor;Ej svenska medborgare;18-29 förstagångsväljare;1
2018;rf;14807061;Västra Hisingen, Björlanda;Män;Svenska medborgare;18-29 ej förstagångsväljare;50
2018;rf;14807061;Västra Hisingen, Björlanda;Kvinnor;Svenska medborgare;18-29 ej förstagångsväljare;62
2018;rf;14807061;Västra Hisingen, Björlanda;Män;Ej svenska medborgare;18-29 ej förstagångsväljare;7
2018;rf;14807061;Västra Hisingen, Björlanda;Kvinnor;Ej svenska medborgare;18-29 ej förstagångsväljare;7
2018;rf;14807061;Västra Hisingen, Björlanda;Män;Svenska medborgare;30-49;227
2018;rf;14807061;Västra Hisingen, Björlanda;Kvinnor;Svenska medborgare;30-49;228
2018;rf;14807061;Västra Hisingen, Björlanda;Män;Ej svenska medborgare;30-49;29
2018;rf;14807061;Västra Hisingen, Björlanda;Kvinnor;Ej svenska medborgare;30-49;17
2018;rf;14807061;Västra Hisingen, Björlanda;Män;Svenska medborgare;50-64;171
2018;rf;14807061;Västra Hisingen, Björlanda;Kvinnor;Svenska medborgare;50-64;151
2018;rf;14807061;Västra Hisingen, Björlanda;Män;Ej svenska medborgare;50-64;8
2018;rf;14807061;Västra Hisingen, Björlanda;Kvinnor;Ej svenska medborgare;50-64;4
2018;rf;14807061;Västra Hisingen, Björlanda;Män;Svenska medborgare;65-;94
2018;rf;14807061;Västra Hisingen, Björlanda;Kvinnor;Svenska medborgare;65-;74
2018;rf;14807061;Västra Hisingen, Björlanda;Män;Ej svenska medborgare;65-;1
2018;rf;14807061;Västra Hisingen, Björlanda;Kvinnor;Ej svenska medborgare;65-;1
2018;rf;14807062;Västra Hisingen, Kvisljungeby;Män;Svenska medborgare;18-29 förstagångsväljare;54
2018;rf;14807062;Västra Hisingen, Kvisljungeby;Kvinnor;Svenska medborgare;18-29 förstagångsväljare;54
2018;rf;14807062;Västra Hisingen, Kvisljungeby;Män;Ej svenska medborgare;18-29 förstagångsväljare;0
2018;rf;14807062;Västra Hisingen, Kvisljungeby;Kvinnor;Ej svenska medborgare;18-29 förstagångsväljare;2
2018;rf;14807062;Västra Hisingen, Kvisljungeby;Män;Svenska medborgare;18-29 ej förstagångsväljare;34
2018;rf;14807062;Västra Hisingen, Kvisljungeby;Kvinnor;Svenska medborgare;18-29 ej förstagångsväljare;27
2018;rf;14807062;Västra Hisingen, Kvisljungeby;Män;Ej svenska medborgare;18-29 ej förstagångsväljare;3
2018;rf;14807062;Västra Hisingen, Kvisljungeby;Kvinnor;Ej svenska medborgare;18-29 ej förstagångsväljare;1
2018;rf;14807062;Västra Hisingen, Kvisljungeby;Män;Svenska medborgare;30-49;206
2018;rf;14807062;Västra Hisingen, Kvisljungeby;Kvinnor;Svenska medborgare;30-49;231
2018;rf;14807062;Västra Hisingen, Kvisljungeby;Män;Ej svenska medborgare;30-49;5
2018;rf;14807062;Västra Hisingen, Kvisljungeby;Kvinnor;Ej svenska medborgare;30-49;9
2018;rf;14807062;Västra Hisingen, Kvisljungeby;Män;Svenska medborgare;50-64;196
2018;rf;14807062;Västra Hisingen, Kvisljungeby;Kvinnor;Svenska medborgare;50-64;168
2018;rf;14807062;Västra Hisingen, Kvisljungeby;Män;Ej svenska medborgare;50-64;5
2018;rf;14807062;Västra Hisingen, Kvisljungeby;Kvinnor;Ej svenska medborgare;50-64;3
2018;rf;14807062;Västra Hisingen, Kvisljungeby;Män;Svenska medborgare;65-;88
2018;rf;14807062;Västra Hisingen, Kvisljungeby;Kvinnor;Svenska medborgare;65-;69
2018;rf;14807062;Västra Hisingen, Kvisljungeby;Män;Ej svenska medborgare;65-;5
2018;rf;14807062;Västra Hisingen, Kvisljungeby;Kvinnor;Ej svenska medborgare;65-;3
2018;rf;14807063;Västra Hisingen, Lilleby;Män;Svenska medborgare;18-29 förstagångsväljare;52
2018;rf;14807063;Västra Hisingen, Lilleby;Kvinnor;Svenska medborgare;18-29 förstagångsväljare;47
2018;rf;14807063;Västra Hisingen, Lilleby;Män;Ej svenska medborgare;18-29 förstagångsväljare;0
2018;rf;14807063;Västra Hisingen, Lilleby;Kvinnor;Ej svenska medborgare;18-29 förstagångsväljare;0
2018;rf;14807063;Västra Hisingen, Lilleby;Män;Svenska medborgare;18-29 ej förstagångsväljare;52
2018;rf;14807063;Västra Hisingen, Lilleby;Kvinnor;Svenska medborgare;18-29 ej förstagångsväljare;39
2018;rf;14807063;Västra Hisingen, Lilleby;Män;Ej svenska medborgare;18-29 ej förstagångsväljare;2
2018;rf;14807063;Västra Hisingen, Lilleby;Kvinnor;Ej svenska medborgare;18-29 ej förstagångsväljare;4
2018;rf;14807063;Västra Hisingen, Lilleby;Män;Svenska medborgare;30-49;265
2018;rf;14807063;Västra Hisingen, Lilleby;Kvinnor;Svenska medborgare;30-49;296
2018;rf;14807063;Västra Hisingen, Lilleby;Män;Ej svenska medborgare;30-49;17
2018;rf;14807063;Västra Hisingen, Lilleby;Kvinnor;Ej svenska medborgare;30-49;11
2018;rf;14807063;Västra Hisingen, Lilleby;Män;Svenska medborgare;50-64;214
2018;rf;14807063;Västra Hisingen, Lilleby;Kvinnor;Svenska medborgare;50-64;187
2018;rf;14807063;Västra Hisingen, Lilleby;Män;Ej svenska medborgare;50-64;6
2018;rf;14807063;Västra Hisingen, Lilleby;Kvinnor;Ej svenska medborgare;50-64;5
2018;rf;14807063;Västra Hisingen, Lilleby;Män;Svenska medborgare;65-;82
2018;rf;14807063;Västra Hisingen, Lilleby;Kvinnor;Svenska medborgare;65-;66
2018;rf;14807063;Västra Hisingen, Lilleby;Män;Ej svenska medborgare;65-;4
2018;rf;14807063;Västra Hisingen, Lilleby;Kvinnor;Ej svenska medborgare;65-;5
2018;rf;14807064;Västra Hisingen, Nolvik;Män;Svenska medborgare;18-29 förstagångsväljare;42
2018;rf;14807064;Västra Hisingen, Nolvik;Kvinnor;Svenska medborgare;18-29 förstagångsväljare;45
2018;rf;14807064;Västra Hisingen, Nolvik;Män;Ej svenska medborgare;18-29 förstagångsväljare;0
2018;rf;14807064;Västra Hisingen, Nolvik;Kvinnor;Ej svenska medborgare;18-29 förstagångsväljare;0
2018;rf;14807064;Västra Hisingen, Nolvik;Män;Svenska medborgare;18-29 ej förstagångsväljare;43
2018;rf;14807064;Västra Hisingen, Nolvik;Kvinnor;Svenska medborgare;18-29 ej förstagångsväljare;33
2018;rf;14807064;Västra Hisingen, Nolvik;Män;Ej svenska medborgare;18-29 ej förstagångsväljare;2
2018;rf;14807064;Västra Hisingen, Nolvik;Kvinnor;Ej svenska medborgare;18-29 ej förstagångsväljare;2
2018;rf;14807064;Västra Hisingen, Nolvik;Män;Svenska medborgare;30-49;193
2018;rf;14807064;Västra Hisingen, Nolvik;Kvinnor;Svenska medborgare;30-49;230
2018;rf;14807064;Västra Hisingen, Nolvik;Män;Ej svenska medborgare;30-49;11
2018;rf;14807064;Västra Hisingen, Nolvik;Kvinnor;Ej svenska medborgare;30-49;7
2018;rf;14807064;Västra Hisingen, Nolvik;Män;Svenska medborgare;50-64;186
2018;rf;14807064;Västra Hisingen, Nolvik;Kvinnor;Svenska medborgare;50-64;149
2018;rf;14807064;Västra Hisingen, Nolvik;Män;Ej svenska medborgare;50-64;5
2018;rf;14807064;Västra Hisingen, Nolvik;Kvinnor;Ej svenska medborgare;50-64;5
2018;rf;14807064;Västra Hisingen, Nolvik;Män;Svenska medborgare;65-;88
2018;rf;14807064;Västra Hisingen, Nolvik;Kvinnor;Svenska medborgare;65-;69
2018;rf;14807064;Västra Hisingen, Nolvik;Män;Ej svenska medborgare;65-;3
2018;rf;14807064;Västra Hisingen, Nolvik;Kvinnor;Ej svenska medborgare;65-;1
2018;rf;14807065;Västra Hisingen, Älvegården m fl;Män;Svenska medborgare;18-29 förstagångsväljare;22
2018;rf;14807065;Västra Hisingen, Älvegården m fl;Kvinnor;Svenska medborgare;18-29 förstagångsväljare;17
2018;rf;14807065;Västra Hisingen, Älvegården m fl;Män;Ej svenska medborgare;18-29 förstagångsväljare;0
2018;rf;14807065;Västra Hisingen, Älvegården m fl;Kvinnor;Ej svenska medborgare;18-29 förstagångsväljare;0
2018;rf;14807065;Västra Hisingen, Älvegården m fl;Män;Svenska medborgare;18-29 ej förstagångsväljare;47
2018;rf;14807065;Västra Hisingen, Älvegården m fl;Kvinnor;Svenska medborgare;18-29 ej förstagångsväljare;40
2018;rf;14807065;Västra Hisingen, Älvegården m fl;Män;Ej svenska medborgare;18-29 ej förstagångsväljare;1
2018;rf;14807065;Västra Hisingen, Älvegården m fl;Kvinnor;Ej svenska medborgare;18-29 ej förstagångsväljare;0
2018;rf;14807065;Västra Hisingen, Älvegården m fl;Män;Svenska medborgare;30-49;322
2018;rf;14807065;Västra Hisingen, Älvegården m fl;Kvinnor;Svenska medborgare;30-49;338
2018;rf;14807065;Västra Hisingen, Älvegården m fl;Män;Ej svenska medborgare;30-49;6
2018;rf;14807065;Västra Hisingen, Älvegården m fl;Kvinnor;Ej svenska medborgare;30-49;8
2018;rf;14807065;Västra Hisingen, Älvegården m fl;Män;Svenska medborgare;50-64;94
2018;rf;14807065;Västra Hisingen, Älvegården m fl;Kvinnor;Svenska medborgare;50-64;94
2018;rf;14807065;Västra Hisingen, Älvegården m fl;Män;Ej svenska medborgare;50-64;5
2018;rf;14807065;Västra Hisingen, Älvegården m fl;Kvinnor;Ej svenska medborgare;50-64;2
2018;rf;14807065;Västra Hisingen, Älvegården m fl;Män;Svenska medborgare;65-;44
2018;rf;14807065;Västra Hisingen, Älvegården m fl;Kvinnor;Svenska medborgare;65-;47
2018;rf;14807065;Västra Hisingen, Älvegården m fl;Män;Ej svenska medborgare;65-;2
2018;rf;14807065;Västra Hisingen, Älvegården m fl;Kvinnor;Ej svenska medborgare;65-;0
2018;rf;14807081;Västra Hisingen, Biskopsgården, S;Män;Svenska medborgare;18-29 förstagångsväljare;29
2018;rf;14807081;Västra Hisingen, Biskopsgården, S;Kvinnor;Svenska medborgare;18-29 förstagångsväljare;32
2018;rf;14807081;Västra Hisingen, Biskopsgården, S;Män;Ej svenska medborgare;18-29 förstagångsväljare;6
2018;rf;14807081;Västra Hisingen, Biskopsgården, S;Kvinnor;Ej svenska medborgare;18-29 förstagångsväljare;6
2018;rf;14807081;Västra Hisingen, Biskopsgården, S;Män;Svenska medborgare;18-29 ej förstagångsväljare;92
2018;rf;14807081;Västra Hisingen, Biskopsgården, S;Kvinnor;Svenska medborgare;18-29 ej förstagångsväljare;101
2018;rf;14807081;Västra Hisingen, Biskopsgården, S;Män;Ej svenska medborgare;18-29 ej förstagångsväljare;20
2018;rf;14807081;Västra Hisingen, Biskopsgården, S;Kvinnor;Ej svenska medborgare;18-29 ej förstagångsväljare;19
2018;rf;14807081;Västra Hisingen, Biskopsgården, S;Män;Svenska medborgare;30-49;216
2018;rf;14807081;Västra Hisingen, Biskopsgården, S;Kvinnor;Svenska medborgare;30-49;193
2018;rf;14807081;Västra Hisingen, Biskopsgården, S;Män;Ej svenska medborgare;30-49;80
2018;rf;14807081;Västra Hisingen, Biskopsgården, S;Kvinnor;Ej svenska medborgare;30-49;47
2018;rf;14807081;Västra Hisingen, Biskopsgården, S;Män;Svenska medborgare;50-64;127
2018;rf;14807081;Västra Hisingen, Biskopsgården, S;Kvinnor;Svenska medborgare;50-64;105
2018;rf;14807081;Västra Hisingen, Biskopsgården, S;Män;Ej svenska medborgare;50-64;13
2018;rf;14807081;Västra Hisingen, Biskopsgården, S;Kvinnor;Ej svenska medborgare;50-64;12
2018;rf;14807081;Västra Hisingen, Biskopsgården, S;Män;Svenska medborgare;65-;115
2018;rf;14807081;Västra Hisingen, Biskopsgården, S;Kvinnor;Svenska medborgare;65-;147
2018;rf;14807081;Västra Hisingen, Biskopsgården, S;Män;Ej svenska medborgare;65-;9
2018;rf;14807081;Västra Hisingen, Biskopsgården, S;Kvinnor;Ej svenska medborgare;65-;13
2018;rf;14807082;Västra Hisingen, Treröset;Män;Svenska medborgare;18-29 förstagångsväljare;32
2018;rf;14807082;Västra Hisingen, Treröset;Kvinnor;Svenska medborgare;18-29 förstagångsväljare;37
2018;rf;14807082;Västra Hisingen, Treröset;Män;Ej svenska medborgare;18-29 förstagångsväljare;5
2018;rf;14807082;Västra Hisingen, Treröset;Kvinnor;Ej svenska medborgare;18-29 förstagångsväljare;9
2018;rf;14807082;Västra Hisingen, Treröset;Män;Svenska medborgare;18-29 ej förstagångsväljare;99
2018;rf;14807082;Västra Hisingen, Treröset;Kvinnor;Svenska medborgare;18-29 ej förstagångsväljare;103
2018;rf;14807082;Västra Hisingen, Treröset;Män;Ej svenska medborgare;18-29 ej förstagångsväljare;28
2018;rf;14807082;Västra Hisingen, Treröset;Kvinnor;Ej svenska medborgare;18-29 ej förstagångsväljare;23
2018;rf;14807082;Västra Hisingen, Treröset;Män;Svenska medborgare;30-49;181
2018;rf;14807082;Västra Hisingen, Treröset;Kvinnor;Svenska medborgare;30-49;173
2018;rf;14807082;Västra Hisingen, Treröset;Män;Ej svenska medborgare;30-49;82
2018;rf;14807082;Västra Hisingen, Treröset;Kvinnor;Ej svenska medborgare;30-49;65
2018;rf;14807082;Västra Hisingen, Treröset;Män;Svenska medborgare;50-64;96
2018;rf;14807082;Västra Hisingen, Treröset;Kvinnor;Svenska medborgare;50-64;106
2018;rf;14807082;Västra Hisingen, Treröset;Män;Ej svenska medborgare;50-64;16
2018;rf;14807082;Västra Hisingen, Treröset;Kvinnor;Ej svenska medborgare;50-64;10
2018;rf;14807082;Västra Hisingen, Treröset;Män;Svenska medborgare;65-;56
2018;rf;14807082;Västra Hisingen, Treröset;Kvinnor;Svenska medborgare;65-;52
2018;rf;14807082;Västra Hisingen, Treröset;Män;Ej svenska medborgare;65-;4
2018;rf;14807082;Västra Hisingen, Treröset;Kvinnor;Ej svenska medborgare;65-;6
2018;rf;14807083;Västra Hisingen, Vårväderstorget;Män;Svenska medborgare;18-29 förstagångsväljare;25
2018;rf;14807083;Västra Hisingen, Vårväderstorget;Kvinnor;Svenska medborgare;18-29 förstagångsväljare;19
2018;rf;14807083;Västra Hisingen, Vårväderstorget;Män;Ej svenska medborgare;18-29 förstagångsväljare;4
2018;rf;14807083;Västra Hisingen, Vårväderstorget;Kvinnor;Ej svenska medborgare;18-29 förstagångsväljare;3
2018;rf;14807083;Västra Hisingen, Vårväderstorget;Män;Svenska medborgare;18-29 ej förstagångsväljare;107
2018;rf;14807083;Västra Hisingen, Vårväderstorget;Kvinnor;Svenska medborgare;18-29 ej förstagångsväljare;128
2018;rf;14807083;Västra Hisingen, Vårväderstorget;Män;Ej svenska medborgare;18-29 ej förstagångsväljare;33
2018;rf;14807083;Västra Hisingen, Vårväderstorget;Kvinnor;Ej svenska medborgare;18-29 ej förstagångsväljare;29
2018;rf;14807083;Västra Hisingen, Vårväderstorget;Män;Svenska medborgare;30-49;278
2018;rf;14807083;Västra Hisingen, Vårväderstorget;Kvinnor;Svenska medborgare;30-49;210
2018;rf;14807083;Västra Hisingen, Vårväderstorget;Män;Ej svenska medborgare;30-49;93
2018;rf;14807083;Västra Hisingen, Vårväderstorget;Kvinnor;Ej svenska medborgare;30-49;41
2018;rf;14807083;Västra Hisingen, Vårväderstorget;Män;Svenska medborgare;50-64;180
2018;rf;14807083;Västra Hisingen, Vårväderstorget;Kvinnor;Svenska medborgare;50-64;106
2018;rf;14807083;Västra Hisingen, Vårväderstorget;Män;Ej svenska medborgare;50-64;23
2018;rf;14807083;Västra Hisingen, Vårväderstorget;Kvinnor;Ej svenska medborgare;50-64;28
2018;rf;14807083;Västra Hisingen, Vårväderstorget;Män;Svenska medborgare;65-;143
2018;rf;14807083;Västra Hisingen, Vårväderstorget;Kvinnor;Svenska medborgare;65-;215
2018;rf;14807083;Västra Hisingen, Vårväderstorget;Män;Ej svenska medborgare;65-;28
2018;rf;14807083;Västra Hisingen, Vårväderstorget;Kvinnor;Ej svenska medborgare;65-;25
2018;rf;14807084;Västra Hisingen, Väderlekstorget;Män;Svenska medborgare;18-29 förstagångsväljare;42
2018;rf;14807084;Västra Hisingen, Väderlekstorget;Kvinnor;Svenska medborgare;18-29 förstagångsväljare;25
2018;rf;14807084;Västra Hisingen, Väderlekstorget;Män;Ej svenska medborgare;18-29 förstagångsväljare;13
2018;rf;14807084;Västra Hisingen, Väderlekstorget;Kvinnor;Ej svenska medborgare;18-29 förstagångsväljare;13
2018;rf;14807084;Västra Hisingen, Väderlekstorget;Män;Svenska medborgare;18-29 ej förstagångsväljare;114
2018;rf;14807084;Västra Hisingen, Väderlekstorget;Kvinnor;Svenska medborgare;18-29 ej förstagångsväljare;138
2018;rf;14807084;Västra Hisingen, Väderlekstorget;Män;Ej svenska medborgare;18-29 ej förstagångsväljare;41
2018;rf;14807084;Västra Hisingen, Väderlekstorget;Kvinnor;Ej svenska medborgare;18-29 ej förstagångsväljare;38
2018;rf;14807084;Västra Hisingen, Väderlekstorget;Män;Svenska medborgare;30-49;315
2018;rf;14807084;Västra Hisingen, Väderlekstorget;Kvinnor;Svenska medborgare;30-49;241
2018;rf;14807084;Västra Hisingen, Väderlekstorget;Män;Ej svenska medborgare;30-49;168
2018;rf;14807084;Västra Hisingen, Väderlekstorget;Kvinnor;Ej svenska medborgare;30-49;130
2018;rf;14807084;Västra Hisingen, Väderlekstorget;Män;Svenska medborgare;50-64;115
2018;rf;14807084;Västra Hisingen, Väderlekstorget;Kvinnor;Svenska medborgare;50-64;91
2018;rf;14807084;Västra Hisingen, Väderlekstorget;Män;Ej svenska medborgare;50-64;27
2018;rf;14807084;Västra Hisingen, Väderlekstorget;Kvinnor;Ej svenska medborgare;50-64;20
2018;rf;14807084;Västra Hisingen, Väderlekstorget;Män;Svenska medborgare;65-;46
2018;rf;14807084;Västra Hisingen, Väderlekstorget;Kvinnor;Svenska medborgare;65-;51
2018;rf;14807084;Västra Hisingen, Väderlekstorget;Män;Ej svenska medborgare;65-;6
2018;rf;14807084;Västra Hisingen, Väderlekstorget;Kvinnor;Ej svenska medborgare;65-;5
2018;rf;14807091;Västra Hisingen, Jättesten;Män;Svenska medborgare;18-29 förstagångsväljare;28
2018;rf;14807091;Västra Hisingen, Jättesten;Kvinnor;Svenska medborgare;18-29 förstagångsväljare;28
2018;rf;14807091;Västra Hisingen, Jättesten;Män;Ej svenska medborgare;18-29 förstagångsväljare;0
2018;rf;14807091;Västra Hisingen, Jättesten;Kvinnor;Ej svenska medborgare;18-29 förstagångsväljare;2
2018;rf;14807091;Västra Hisingen, Jättesten;Män;Svenska medborgare;18-29 ej förstagångsväljare;69
2018;rf;14807091;Västra Hisingen, Jättesten;Kvinnor;Svenska medborgare;18-29 ej förstagångsväljare;81
2018;rf;14807091;Västra Hisingen, Jättesten;Män;Ej svenska medborgare;18-29 ej förstagångsväljare;11
2018;rf;14807091;Västra Hisingen, Jättesten;Kvinnor;Ej svenska medborgare;18-29 ej förstagångsväljare;9
2018;rf;14807091;Västra Hisingen, Jättesten;Män;Svenska medborgare;30-49;233
2018;rf;14807091;Västra Hisingen, Jättesten;Kvinnor;Svenska medborgare;30-49;226
2018;rf;14807091;Västra Hisingen, Jättesten;Män;Ej svenska medborgare;30-49;24
2018;rf;14807091;Västra Hisingen, Jättesten;Kvinnor;Ej svenska medborgare;30-49;26
2018;rf;14807091;Västra Hisingen, Jättesten;Män;Svenska medborgare;50-64;131
2018;rf;14807091;Västra Hisingen, Jättesten;Kvinnor;Svenska medborgare;50-64;129
2018;rf;14807091;Västra Hisingen, Jättesten;Män;Ej svenska medborgare;50-64;10
2018;rf;14807091;Västra Hisingen, Jättesten;Kvinnor;Ej svenska medborgare;50-64;10
2018;rf;14807091;Västra Hisingen, Jättesten;Män;Svenska medborgare;65-;119
2018;rf;14807091;Västra Hisingen, Jättesten;Kvinnor;Svenska medborgare;65-;159
2018;rf;14807091;Västra Hisingen, Jättesten;Män;Ej svenska medborgare;65-;3
2018;rf;14807091;Västra Hisingen, Jättesten;Kvinnor;Ej svenska medborgare;65-;10
2018;rf;14807092;Västra Hisingen, Kärrmossen;Män;Svenska medborgare;18-29 förstagångsväljare;37
2018;rf;14807092;Västra Hisingen, Kärrmossen;Kvinnor;Svenska medborgare;18-29 förstagångsväljare;21
2018;rf;14807092;Västra Hisingen, Kärrmossen;Män;Ej svenska medborgare;18-29 förstagångsväljare;4
2018;rf;14807092;Västra Hisingen, Kärrmossen;Kvinnor;Ej svenska medborgare;18-29 förstagångsväljare;1
2018;rf;14807092;Västra Hisingen, Kärrmossen;Män;Svenska medborgare;18-29 ej förstagångsväljare;58
2018;rf;14807092;Västra Hisingen, Kärrmossen;Kvinnor;Svenska medborgare;18-29 ej förstagångsväljare;64
2018;rf;14807092;Västra Hisingen, Kärrmossen;Män;Ej svenska medborgare;18-29 ej förstagångsväljare;20
2018;rf;14807092;Västra Hisingen, Kärrmossen;Kvinnor;Ej svenska medborgare;18-29 ej förstagångsväljare;11
2018;rf;14807092;Västra Hisingen, Kärrmossen;Män;Svenska medborgare;30-49;246
2018;rf;14807092;Västra Hisingen, Kärrmossen;Kvinnor;Svenska medborgare;30-49;243
2018;rf;14807092;Västra Hisingen, Kärrmossen;Män;Ej svenska medborgare;30-49;31
2018;rf;14807092;Västra Hisingen, Kärrmossen;Kvinnor;Ej svenska medborgare;30-49;23
2018;rf;14807092;Västra Hisingen, Kärrmossen;Män;Svenska medborgare;50-64;179
2018;rf;14807092;Västra Hisingen, Kärrmossen;Kvinnor;Svenska medborgare;50-64;132
2018;rf;14807092;Västra Hisingen, Kärrmossen;Män;Ej svenska medborgare;50-64;9
2018;rf;14807092;Västra Hisingen, Kärrmossen;Kvinnor;Ej svenska medborgare;50-64;5
2018;rf;14807092;Västra Hisingen, Kärrmossen;Män;Svenska medborgare;65-;108
2018;rf;14807092;Västra Hisingen, Kärrmossen;Kvinnor;Svenska medborgare;65-;115
2018;rf;14807092;Västra Hisingen, Kärrmossen;Män;Ej svenska medborgare;65-;9
2018;rf;14807092;Västra Hisingen, Kärrmossen;Kvinnor;Ej svenska medborgare;65-;7
2018;rf;14807093;Västra Hisingen, Svartedalen, Södra;Män;Svenska medborgare;18-29 förstagångsväljare;19
2018;rf;14807093;Västra Hisingen, Svartedalen, Södra;Kvinnor;Svenska medborgare;18-29 förstagångsväljare;26
2018;rf;14807093;Västra Hisingen, Svartedalen, Södra;Män;Ej svenska medborgare;18-29 förstagångsväljare;10
2018;rf;14807093;Västra Hisingen, Svartedalen, Södra;Kvinnor;Ej svenska medborgare;18-29 förstagångsväljare;4
2018;rf;14807093;Västra Hisingen, Svartedalen, Södra;Män;Svenska medborgare;18-29 ej förstagångsväljare;111
2018;rf;14807093;Västra Hisingen, Svartedalen, Södra;Kvinnor;Svenska medborgare;18-29 ej förstagångsväljare;104
2018;rf;14807093;Västra Hisingen, Svartedalen, Södra;Män;Ej svenska medborgare;18-29 ej förstagångsväljare;33
2018;rf;14807093;Västra Hisingen, Svartedalen, Södra;Kvinnor;Ej svenska medborgare;18-29 ej förstagångsväljare;11
2018;rf;14807093;Västra Hisingen, Svartedalen, Södra;Män;Svenska medborgare;30-49;183
2018;rf;14807093;Västra Hisingen, Svartedalen, Södra;Kvinnor;Svenska medborgare;30-49;140
2018;rf;14807093;Västra Hisingen, Svartedalen, Södra;Män;Ej svenska medborgare;30-49;64
2018;rf;14807093;Västra Hisingen, Svartedalen, Södra;Kvinnor;Ej svenska medborgare;30-49;37
2018;rf;14807093;Västra Hisingen, Svartedalen, Södra;Män;Svenska medborgare;50-64;115
2018;rf;14807093;Västra Hisingen, Svartedalen, Södra;Kvinnor;Svenska medborgare;50-64;99
2018;rf;14807093;Västra Hisingen, Svartedalen, Södra;Män;Ej svenska medborgare;50-64;19
2018;rf;14807093;Västra Hisingen, Svartedalen, Södra;Kvinnor;Ej svenska medborgare;50-64;14
2018;rf;14807093;Västra Hisingen, Svartedalen, Södra;Män;Svenska medborgare;65-;59
2018;rf;14807093;Västra Hisingen, Svartedalen, Södra;Kvinnor;Svenska medborgare;65-;58
2018;rf;14807093;Västra Hisingen, Svartedalen, Södra;Män;Ej svenska medborgare;65-;13
2018;rf;14807093;Västra Hisingen, Svartedalen, Södra;Kvinnor;Ej svenska medborgare;65-;9
2018;rf;14807094;Västra Hisingen, Önskevädersg. m fl;Män;Svenska medborgare;18-29 förstagångsväljare;13
2018;rf;14807094;Västra Hisingen, Önskevädersg. m fl;Kvinnor;Svenska medborgare;18-29 förstagångsväljare;22
2018;rf;14807094;Västra Hisingen, Önskevädersg. m fl;Män;Ej svenska medborgare;18-29 förstagångsväljare;3
2018;rf;14807094;Västra Hisingen, Önskevädersg. m fl;Kvinnor;Ej svenska medborgare;18-29 förstagångsväljare;4
2018;rf;14807094;Västra Hisingen, Önskevädersg. m fl;Män;Svenska medborgare;18-29 ej förstagångsväljare;95
2018;rf;14807094;Västra Hisingen, Önskevädersg. m fl;Kvinnor;Svenska medborgare;18-29 ej förstagångsväljare;69
2018;rf;14807094;Västra Hisingen, Önskevädersg. m fl;Män;Ej svenska medborgare;18-29 ej förstagångsväljare;29
2018;rf;14807094;Västra Hisingen, Önskevädersg. m fl;Kvinnor;Ej svenska medborgare;18-29 ej förstagångsväljare;12
2018;rf;14807094;Västra Hisingen, Önskevädersg. m fl;Män;Svenska medborgare;30-49;118
2018;rf;14807094;Västra Hisingen, Önskevädersg. m fl;Kvinnor;Svenska medborgare;30-49;98
2018;rf;14807094;Västra Hisingen, Önskevädersg. m fl;Män;Ej svenska medborgare;30-49;48
2018;rf;14807094;Västra Hisingen, Önskevädersg. m fl;Kvinnor;Ej svenska medborgare;30-49;27
2018;rf;14807094;Västra Hisingen, Önskevädersg. m fl;Män;Svenska medborgare;50-64;98
2018;rf;14807094;Västra Hisingen, Önskevädersg. m fl;Kvinnor;Svenska medborgare;50-64;98
2018;rf;14807094;Västra Hisingen, Önskevädersg. m fl;Män;Ej svenska medborgare;50-64;15
2018;rf;14807094;Västra Hisingen, Önskevädersg. m fl;Kvinnor;Ej svenska medborgare;50-64;8
2018;rf;14807094;Västra Hisingen, Önskevädersg. m fl;Män;Svenska medborgare;65-;161
2018;rf;14807094;Västra Hisingen, Önskevädersg. m fl;Kvinnor;Svenska medborgare;65-;194
2018;rf;14807094;Västra Hisingen, Önskevädersg. m fl;Män;Ej svenska medborgare;65-;21
2018;rf;14807094;Västra Hisingen, Önskevädersg. m fl;Kvinnor;Ej svenska medborgare;65-;17
