ar;val;kod;namn;parti_kalla;parti;roster;andel
2006;rd;14800101;Backa-Brunnsbo 1;M;M;253;24.80
2006;rd;14800101;Backa-Brunnsbo 1;C;C;44;4.31
2006;rd;14800101;Backa-Brunnsbo 1;FP;L;86;8.43
2006;rd;14800101;Backa-Brunnsbo 1;KD;KD;84;8.24
2006;rd;14800101;Backa-Brunnsbo 1;S;S;362;35.49
2006;rd;14800101;Backa-Brunnsbo 1;V;V;72;7.06
2006;rd;14800101;Backa-Brunnsbo 1;MP;MP;47;4.61
2006;rd;14800101;Backa-Brunnsbo 1;0524;0524;10;0.98
2006;rd;14800101;Backa-Brunnsbo 1;AKTD;AKTD;1;0.10
2006;rd;14800101;Backa-Brunnsbo 1;ENH;ENH;2;0.20
2006;rd;14800101;Backa-Brunnsbo 1;Fi;FI;13;1.27
2006;rd;14800101;Backa-Brunnsbo 1;JL;JL;2;0.20
2006;rd;14800101;Backa-Brunnsbo 1;ND;ND;3;0.29
2006;rd;14800101;Backa-Brunnsbo 1;NYF;NYF;1;0.10
2006;rd;14800101;Backa-Brunnsbo 1;SD;SD;37;3.63
2006;rd;14800101;Backa-Brunnsbo 1;Sjvåp;SJVÅP;1;0.10
2006;rd;14800101;Backa-Brunnsbo 1;SPI;SPI;2;0.20
2006;rd;14800102;Backa-Brunnsbo 2;M;M;158;14.68
2006;rd;14800102;Backa-Brunnsbo 2;C;C;33;3.07
2006;rd;14800102;Backa-Brunnsbo 2;FP;L;78;7.25
2006;rd;14800102;Backa-Brunnsbo 2;KD;KD;43;4.00
2006;rd;14800102;Backa-Brunnsbo 2;S;S;512;47.58
2006;rd;14800102;Backa-Brunnsbo 2;V;V;130;12.08
2006;rd;14800102;Backa-Brunnsbo 2;MP;MP;53;4.93
2006;rd;14800102;Backa-Brunnsbo 2;0524;0524;13;1.21
2006;rd;14800102;Backa-Brunnsbo 2;0603;0603;1;0.09
2006;rd;14800102;Backa-Brunnsbo 2;AKTD;AKTD;1;0.09
2006;rd;14800102;Backa-Brunnsbo 2;ENH;ENH;1;0.09
2006;rd;14800102;Backa-Brunnsbo 2;Fi;FI;4;0.37
2006;rd;14800102;Backa-Brunnsbo 2;JL;JL;1;0.09
2006;rd;14800102;Backa-Brunnsbo 2;ND;ND;1;0.09
2006;rd;14800102;Backa-Brunnsbo 2;SD;SD;37;3.44
2006;rd;14800102;Backa-Brunnsbo 2;Sjvåp;SJVÅP;5;0.46
2006;rd;14800102;Backa-Brunnsbo 2;SPI;SPI;4;0.37
2006;rd;14800102;Backa-Brunnsbo 2;ÖVR;ÖVR;1;0.09
2006;rd;14800103;Backa-Brunnsbo 3;M;M;236;18.18
2006;rd;14800103;Backa-Brunnsbo 3;C;C;59;4.55
2006;rd;14800103;Backa-Brunnsbo 3;FP;L;115;8.86
2006;rd;14800103;Backa-Brunnsbo 3;KD;KD;75;5.78
2006;rd;14800103;Backa-Brunnsbo 3;S;S;507;39.06
2006;rd;14800103;Backa-Brunnsbo 3;V;V;132;10.17
2006;rd;14800103;Backa-Brunnsbo 3;MP;MP;88;6.78
2006;rd;14800103;Backa-Brunnsbo 3;0524;0524;12;0.92
2006;rd;14800103;Backa-Brunnsbo 3;ENH;ENH;4;0.31
2006;rd;14800103;Backa-Brunnsbo 3;Fi;FI;12;0.92
2006;rd;14800103;Backa-Brunnsbo 3;JL;JL;2;0.15
2006;rd;14800103;Backa-Brunnsbo 3;ND;ND;3;0.23
2006;rd;14800103;Backa-Brunnsbo 3;SD;SD;43;3.31
2006;rd;14800103;Backa-Brunnsbo 3;Sjvåp;SJVÅP;3;0.23
2006;rd;14800103;Backa-Brunnsbo 3;SPI;SPI;7;0.54
2006;rd;14800104;Backa-Brunnsbo 4;M;M;134;14.18
2006;rd;14800104;Backa-Brunnsbo 4;C;C;26;2.75
2006;rd;14800104;Backa-Brunnsbo 4;FP;L;50;5.29
2006;rd;14800104;Backa-Brunnsbo 4;KD;KD;38;4.02
2006;rd;14800104;Backa-Brunnsbo 4;S;S;446;47.20
2006;rd;14800104;Backa-Brunnsbo 4;V;V;93;9.84
2006;rd;14800104;Backa-Brunnsbo 4;MP;MP;71;7.51
2006;rd;14800104;Backa-Brunnsbo 4;0524;0524;23;2.43
2006;rd;14800104;Backa-Brunnsbo 4;Fi;FI;9;0.95
2006;rd;14800104;Backa-Brunnsbo 4;JL;JL;3;0.32
2006;rd;14800104;Backa-Brunnsbo 4;ND;ND;1;0.11
2006;rd;14800104;Backa-Brunnsbo 4;NYF;NYF;2;0.21
2006;rd;14800104;Backa-Brunnsbo 4;RS;RS;2;0.21
2006;rd;14800104;Backa-Brunnsbo 4;SD;SD;41;4.34
2006;rd;14800104;Backa-Brunnsbo 4;Sjvåp;SJVÅP;5;0.53
2006;rd;14800104;Backa-Brunnsbo 4;ÖVR;ÖVR;1;0.11
2006;rd;14800105;Backa-Brunnsbo 5;M;M;140;13.12
2006;rd;14800105;Backa-Brunnsbo 5;C;C;19;1.78
2006;rd;14800105;Backa-Brunnsbo 5;FP;L;61;5.72
2006;rd;14800105;Backa-Brunnsbo 5;KD;KD;47;4.40
2006;rd;14800105;Backa-Brunnsbo 5;S;S;586;54.92
2006;rd;14800105;Backa-Brunnsbo 5;V;V;97;9.09
2006;rd;14800105;Backa-Brunnsbo 5;MP;MP;42;3.94
2006;rd;14800105;Backa-Brunnsbo 5;0524;0524;7;0.66
2006;rd;14800105;Backa-Brunnsbo 5;ENH;ENH;1;0.09
2006;rd;14800105;Backa-Brunnsbo 5;Fi;FI;4;0.37
2006;rd;14800105;Backa-Brunnsbo 5;JL;JL;1;0.09
2006;rd;14800105;Backa-Brunnsbo 5;ND;ND;3;0.28
2006;rd;14800105;Backa-Brunnsbo 5;SD;SD;55;5.15
2006;rd;14800105;Backa-Brunnsbo 5;Sjvåp;SJVÅP;2;0.19
2006;rd;14800105;Backa-Brunnsbo 5;SPI;SPI;2;0.19
2006;rd;14800106;Backa-Brunnsbo 6;M;M;161;20.38
2006;rd;14800106;Backa-Brunnsbo 6;C;C;18;2.28
2006;rd;14800106;Backa-Brunnsbo 6;FP;L;74;9.37
2006;rd;14800106;Backa-Brunnsbo 6;KD;KD;45;5.70
2006;rd;14800106;Backa-Brunnsbo 6;S;S;356;45.06
2006;rd;14800106;Backa-Brunnsbo 6;V;V;64;8.10
2006;rd;14800106;Backa-Brunnsbo 6;MP;MP;22;2.78
2006;rd;14800106;Backa-Brunnsbo 6;0524;0524;4;0.51
2006;rd;14800106;Backa-Brunnsbo 6;Fi;FI;1;0.13
2006;rd;14800106;Backa-Brunnsbo 6;JL;JL;4;0.51
2006;rd;14800106;Backa-Brunnsbo 6;ND;ND;2;0.25
2006;rd;14800106;Backa-Brunnsbo 6;SD;SD;30;3.80
2006;rd;14800106;Backa-Brunnsbo 6;Sjvåp;SJVÅP;3;0.38
2006;rd;14800106;Backa-Brunnsbo 6;SPI;SPI;6;0.76
2006;rd;14800107;Backa-Brunnsbo 7;M;M;243;23.85
2006;rd;14800107;Backa-Brunnsbo 7;C;C;28;2.75
2006;rd;14800107;Backa-Brunnsbo 7;FP;L;84;8.24
2006;rd;14800107;Backa-Brunnsbo 7;KD;KD;63;6.18
2006;rd;14800107;Backa-Brunnsbo 7;S;S;407;39.94
2006;rd;14800107;Backa-Brunnsbo 7;V;V;80;7.85
2006;rd;14800107;Backa-Brunnsbo 7;MP;MP;42;4.12
2006;rd;14800107;Backa-Brunnsbo 7;0524;0524;7;0.69
2006;rd;14800107;Backa-Brunnsbo 7;Fi;FI;8;0.79
2006;rd;14800107;Backa-Brunnsbo 7;JL;JL;5;0.49
2006;rd;14800107;Backa-Brunnsbo 7;ND;ND;1;0.10
2006;rd;14800107;Backa-Brunnsbo 7;RS;RS;3;0.29
2006;rd;14800107;Backa-Brunnsbo 7;SD;SD;35;3.43
2006;rd;14800107;Backa-Brunnsbo 7;Sjvåp;SJVÅP;6;0.59
2006;rd;14800107;Backa-Brunnsbo 7;SPI;SPI;5;0.49
2006;rd;14800107;Backa-Brunnsbo 7;ÖVR;ÖVR;2;0.20
2006;rd;14800201;Biskopsgården 1;M;M;98;10.55
2006;rd;14800201;Biskopsgården 1;C;C;9;0.97
2006;rd;14800201;Biskopsgården 1;FP;L;36;3.88
2006;rd;14800201;Biskopsgården 1;KD;KD;24;2.58
2006;rd;14800201;Biskopsgården 1;S;S;401;43.16
2006;rd;14800201;Biskopsgården 1;V;V;147;15.82
2006;rd;14800201;Biskopsgården 1;MP;MP;140;15.07
2006;rd;14800201;Biskopsgården 1;0524;0524;22;2.37
2006;rd;14800201;Biskopsgården 1;ENH;ENH;1;0.11
2006;rd;14800201;Biskopsgården 1;Fi;FI;18;1.94
2006;rd;14800201;Biskopsgården 1;JL;JL;2;0.22
2006;rd;14800201;Biskopsgården 1;ND;ND;1;0.11
2006;rd;14800201;Biskopsgården 1;NYF;NYF;1;0.11
2006;rd;14800201;Biskopsgården 1;SD;SD;25;2.69
2006;rd;14800201;Biskopsgården 1;Sjvåp;SJVÅP;2;0.22
2006;rd;14800201;Biskopsgården 1;SPI;SPI;1;0.11
2006;rd;14800201;Biskopsgården 1;ÖVR;ÖVR;1;0.11
2006;rd;14800202;Biskopsgården 2;M;M;76;8.59
2006;rd;14800202;Biskopsgården 2;C;C;13;1.47
2006;rd;14800202;Biskopsgården 2;FP;L;39;4.41
2006;rd;14800202;Biskopsgården 2;KD;KD;33;3.73
2006;rd;14800202;Biskopsgården 2;S;S;461;52.09
2006;rd;14800202;Biskopsgården 2;V;V;139;15.71
2006;rd;14800202;Biskopsgården 2;MP;MP;64;7.23
2006;rd;14800202;Biskopsgården 2;0524;0524;7;0.79
2006;rd;14800202;Biskopsgården 2;ENH;ENH;1;0.11
2006;rd;14800202;Biskopsgården 2;Fi;FI;13;1.47
2006;rd;14800202;Biskopsgården 2;JL;JL;1;0.11
2006;rd;14800202;Biskopsgården 2;ND;ND;1;0.11
2006;rd;14800202;Biskopsgården 2;NYF;NYF;1;0.11
2006;rd;14800202;Biskopsgården 2;SD;SD;31;3.50
2006;rd;14800202;Biskopsgården 2;Sjvåp;SJVÅP;5;0.56
2006;rd;14800203;Biskopsgården 3;M;M;98;13.78
2006;rd;14800203;Biskopsgården 3;C;C;8;1.13
2006;rd;14800203;Biskopsgården 3;FP;L;42;5.91
2006;rd;14800203;Biskopsgården 3;KD;KD;34;4.78
2006;rd;14800203;Biskopsgården 3;S;S;344;48.38
2006;rd;14800203;Biskopsgården 3;V;V;83;11.67
2006;rd;14800203;Biskopsgården 3;MP;MP;46;6.47
2006;rd;14800203;Biskopsgården 3;0524;0524;6;0.84
2006;rd;14800203;Biskopsgården 3;0603;0603;1;0.14
2006;rd;14800203;Biskopsgården 3;ENH;ENH;3;0.42
2006;rd;14800203;Biskopsgården 3;Fi;FI;10;1.41
2006;rd;14800203;Biskopsgården 3;JL;JL;4;0.56
2006;rd;14800203;Biskopsgården 3;SD;SD;25;3.52
2006;rd;14800203;Biskopsgården 3;Sjvåp;SJVÅP;3;0.42
2006;rd;14800203;Biskopsgården 3;SPI;SPI;2;0.28
2006;rd;14800203;Biskopsgården 3;ÖVR;ÖVR;2;0.28
2006;rd;14800204;Biskopsgården 4;M;M;75;11.77
2006;rd;14800204;Biskopsgården 4;C;C;14;2.20
2006;rd;14800204;Biskopsgården 4;FP;L;32;5.02
2006;rd;14800204;Biskopsgården 4;KD;KD;28;4.40
2006;rd;14800204;Biskopsgården 4;S;S;216;33.91
2006;rd;14800204;Biskopsgården 4;V;V;135;21.19
2006;rd;14800204;Biskopsgården 4;MP;MP;87;13.66
2006;rd;14800204;Biskopsgården 4;0524;0524;12;1.88
2006;rd;14800204;Biskopsgården 4;Fi;FI;19;2.98
2006;rd;14800204;Biskopsgården 4;JL;JL;1;0.16
2006;rd;14800204;Biskopsgården 4;RS;RS;2;0.31
2006;rd;14800204;Biskopsgården 4;SD;SD;13;2.04
2006;rd;14800204;Biskopsgården 4;Sjvåp;SJVÅP;3;0.47
2006;rd;14800205;Biskopsgården 5;M;M;45;5.88
2006;rd;14800205;Biskopsgården 5;C;C;13;1.70
2006;rd;14800205;Biskopsgården 5;FP;L;25;3.27
2006;rd;14800205;Biskopsgården 5;KD;KD;35;4.58
2006;rd;14800205;Biskopsgården 5;S;S;458;59.87
2006;rd;14800205;Biskopsgården 5;V;V;93;12.16
2006;rd;14800205;Biskopsgården 5;MP;MP;61;7.97
2006;rd;14800205;Biskopsgården 5;0524;0524;10;1.31
2006;rd;14800205;Biskopsgården 5;ENH;ENH;1;0.13
2006;rd;14800205;Biskopsgården 5;Fi;FI;7;0.92
2006;rd;14800205;Biskopsgården 5;JL;JL;3;0.39
2006;rd;14800205;Biskopsgården 5;SD;SD;13;1.70
2006;rd;14800205;Biskopsgården 5;SPI;SPI;1;0.13
2006;rd;14800206;Biskopsgården 6;M;M;31;5.09
2006;rd;14800206;Biskopsgården 6;C;C;11;1.81
2006;rd;14800206;Biskopsgården 6;FP;L;19;3.12
2006;rd;14800206;Biskopsgården 6;KD;KD;17;2.79
2006;rd;14800206;Biskopsgården 6;S;S;325;53.37
2006;rd;14800206;Biskopsgården 6;V;V;80;13.14
2006;rd;14800206;Biskopsgården 6;MP;MP;72;11.82
2006;rd;14800206;Biskopsgården 6;0524;0524;12;1.97
2006;rd;14800206;Biskopsgården 6;ENH;ENH;2;0.33
2006;rd;14800206;Biskopsgården 6;Fi;FI;11;1.81
2006;rd;14800206;Biskopsgården 6;JL;JL;2;0.33
2006;rd;14800206;Biskopsgården 6;KOMM;KOMM;3;0.49
2006;rd;14800206;Biskopsgården 6;ND;ND;1;0.16
2006;rd;14800206;Biskopsgården 6;NYF;NYF;1;0.16
2006;rd;14800206;Biskopsgården 6;SD;SD;17;2.79
2006;rd;14800206;Biskopsgården 6;Sjvåp;SJVÅP;3;0.49
2006;rd;14800206;Biskopsgården 6;SPI;SPI;1;0.16
2006;rd;14800206;Biskopsgården 6;UP;UP;1;0.16
2006;rd;14800301;Björlanda 1;M;M;381;34.73
2006;rd;14800301;Björlanda 1;C;C;67;6.11
2006;rd;14800301;Björlanda 1;FP;L;110;10.03
2006;rd;14800301;Björlanda 1;KD;KD;67;6.11
2006;rd;14800301;Björlanda 1;S;S;314;28.62
2006;rd;14800301;Björlanda 1;V;V;52;4.74
2006;rd;14800301;Björlanda 1;MP;MP;39;3.56
2006;rd;14800301;Björlanda 1;0524;0524;8;0.73
2006;rd;14800301;Björlanda 1;Fi;FI;9;0.82
2006;rd;14800301;Björlanda 1;JL;JL;2;0.18
2006;rd;14800301;Björlanda 1;SD;SD;47;4.28
2006;rd;14800301;Björlanda 1;Sjvåp;SJVÅP;1;0.09
2006;rd;14800302;Björlanda 2;M;M;426;38.14
2006;rd;14800302;Björlanda 2;C;C;92;8.24
2006;rd;14800302;Björlanda 2;FP;L;126;11.28
2006;rd;14800302;Björlanda 2;KD;KD;80;7.16
2006;rd;14800302;Björlanda 2;S;S;254;22.74
2006;rd;14800302;Björlanda 2;V;V;38;3.40
2006;rd;14800302;Björlanda 2;MP;MP;39;3.49
2006;rd;14800302;Björlanda 2;0524;0524;1;0.09
2006;rd;14800302;Björlanda 2;Fi;FI;9;0.81
2006;rd;14800302;Björlanda 2;JL;JL;6;0.54
2006;rd;14800302;Björlanda 2;ND;ND;2;0.18
2006;rd;14800302;Björlanda 2;SD;SD;38;3.40
2006;rd;14800302;Björlanda 2;Sjvåp;SJVÅP;1;0.09
2006;rd;14800302;Björlanda 2;SPI;SPI;5;0.45
2006;rd;14800303;Björlanda 3;M;M;395;31.88
2006;rd;14800303;Björlanda 3;C;C;87;7.02
2006;rd;14800303;Björlanda 3;FP;L;116;9.36
2006;rd;14800303;Björlanda 3;KD;KD;96;7.75
2006;rd;14800303;Björlanda 3;S;S;340;27.44
2006;rd;14800303;Björlanda 3;V;V;64;5.17
2006;rd;14800303;Björlanda 3;MP;MP;58;4.68
2006;rd;14800303;Björlanda 3;0524;0524;12;0.97
2006;rd;14800303;Björlanda 3;Fi;FI;13;1.05
2006;rd;14800303;Björlanda 3;JL;JL;11;0.89
2006;rd;14800303;Björlanda 3;RS;RS;1;0.08
2006;rd;14800303;Björlanda 3;SD;SD;44;3.55
2006;rd;14800303;Björlanda 3;Sjvåp;SJVÅP;1;0.08
2006;rd;14800303;Björlanda 3;SPI;SPI;1;0.08
2006;rd;14800401;Brämaregården 1;M;M;254;20.50
2006;rd;14800401;Brämaregården 1;C;C;60;4.84
2006;rd;14800401;Brämaregården 1;FP;L;123;9.93
2006;rd;14800401;Brämaregården 1;KD;KD;35;2.82
2006;rd;14800401;Brämaregården 1;S;S;338;27.28
2006;rd;14800401;Brämaregården 1;V;V;142;11.46
2006;rd;14800401;Brämaregården 1;MP;MP;180;14.53
2006;rd;14800401;Brämaregården 1;0524;0524;23;1.86
2006;rd;14800401;Brämaregården 1;0603;0603;1;0.08
2006;rd;14800401;Brämaregården 1;Fi;FI;24;1.94
2006;rd;14800401;Brämaregården 1;JL;JL;4;0.32
2006;rd;14800401;Brämaregården 1;RS;RS;2;0.16
2006;rd;14800401;Brämaregården 1;SD;SD;44;3.55
2006;rd;14800401;Brämaregården 1;Sjvåp;SJVÅP;6;0.48
2006;rd;14800401;Brämaregården 1;SPI;SPI;2;0.16
2006;rd;14800401;Brämaregården 1;ÖVR;ÖVR;1;0.08
2006;rd;14800402;Brämaregården 2;M;M;398;29.70
2006;rd;14800402;Brämaregården 2;C;C;89;6.64
2006;rd;14800402;Brämaregården 2;FP;L;147;10.97
2006;rd;14800402;Brämaregården 2;KD;KD;82;6.12
2006;rd;14800402;Brämaregården 2;S;S;289;21.57
2006;rd;14800402;Brämaregården 2;V;V;119;8.88
2006;rd;14800402;Brämaregården 2;MP;MP;148;11.04
2006;rd;14800402;Brämaregården 2;0524;0524;13;0.97
2006;rd;14800402;Brämaregården 2;ENH;ENH;1;0.07
2006;rd;14800402;Brämaregården 2;Fi;FI;22;1.64
2006;rd;14800402;Brämaregården 2;JL;JL;2;0.15
2006;rd;14800402;Brämaregården 2;SD;SD;28;2.09
2006;rd;14800402;Brämaregården 2;Sjvåp;SJVÅP;1;0.07
2006;rd;14800402;Brämaregården 2;SPI;SPI;1;0.07
2006;rd;14800403;Brämaregården 3;M;M;168;16.06
2006;rd;14800403;Brämaregården 3;C;C;32;3.06
2006;rd;14800403;Brämaregården 3;FP;L;86;8.22
2006;rd;14800403;Brämaregården 3;KD;KD;38;3.63
2006;rd;14800403;Brämaregården 3;S;S;390;37.28
2006;rd;14800403;Brämaregården 3;V;V;138;13.19
2006;rd;14800403;Brämaregården 3;MP;MP;98;9.37
2006;rd;14800403;Brämaregården 3;0524;0524;24;2.29
2006;rd;14800403;Brämaregården 3;0603;0603;1;0.10
2006;rd;14800403;Brämaregården 3;Fi;FI;15;1.43
2006;rd;14800403;Brämaregården 3;JL;JL;6;0.57
2006;rd;14800403;Brämaregården 3;ND;ND;1;0.10
2006;rd;14800403;Brämaregården 3;NYF;NYF;1;0.10
2006;rd;14800403;Brämaregården 3;SD;SD;40;3.82
2006;rd;14800403;Brämaregården 3;Sjvåp;SJVÅP;5;0.48
2006;rd;14800403;Brämaregården 3;SPI;SPI;1;0.10
2006;rd;14800403;Brämaregården 3;ÖVR;ÖVR;2;0.19
2006;rd;14800404;Brämaregården 4;M;M;187;15.64
2006;rd;14800404;Brämaregården 4;C;C;34;2.84
2006;rd;14800404;Brämaregården 4;FP;L;108;9.03
2006;rd;14800404;Brämaregården 4;KD;KD;78;6.52
2006;rd;14800404;Brämaregården 4;S;S;464;38.80
2006;rd;14800404;Brämaregården 4;V;V;142;11.87
2006;rd;14800404;Brämaregården 4;MP;MP;101;8.44
2006;rd;14800404;Brämaregården 4;0524;0524;15;1.25
2006;rd;14800404;Brämaregården 4;Fi;FI;13;1.09
2006;rd;14800404;Brämaregården 4;JL;JL;3;0.25
2006;rd;14800404;Brämaregården 4;ND;ND;1;0.08
2006;rd;14800404;Brämaregården 4;SD;SD;45;3.76
2006;rd;14800404;Brämaregården 4;Sjvåp;SJVÅP;2;0.17
2006;rd;14800404;Brämaregården 4;SPI;SPI;3;0.25
2006;rd;14800405;Brämaregården 5;M;M;199;18.06
2006;rd;14800405;Brämaregården 5;C;C;33;2.99
2006;rd;14800405;Brämaregården 5;FP;L;92;8.35
2006;rd;14800405;Brämaregården 5;KD;KD;71;6.44
2006;rd;14800405;Brämaregården 5;S;S;377;34.21
2006;rd;14800405;Brämaregården 5;V;V;121;10.98
2006;rd;14800405;Brämaregården 5;MP;MP;109;9.89
2006;rd;14800405;Brämaregården 5;0518;0518;1;0.09
2006;rd;14800405;Brämaregården 5;0524;0524;22;2.00
2006;rd;14800405;Brämaregården 5;ENH;ENH;1;0.09
2006;rd;14800405;Brämaregården 5;Fi;FI;24;2.18
2006;rd;14800405;Brämaregården 5;JL;JL;3;0.27
2006;rd;14800405;Brämaregården 5;KOMM;KOMM;1;0.09
2006;rd;14800405;Brämaregården 5;ND;ND;1;0.09
2006;rd;14800405;Brämaregården 5;RS;RS;1;0.09
2006;rd;14800405;Brämaregården 5;SD;SD;42;3.81
2006;rd;14800405;Brämaregården 5;Sjvåp;SJVÅP;2;0.18
2006;rd;14800405;Brämaregården 5;SPI;SPI;1;0.09
2006;rd;14800405;Brämaregården 5;ÖVR;ÖVR;1;0.09
2006;rd;14800501;Hjuvik 1;M;M;547;42.44
2006;rd;14800501;Hjuvik 1;C;C;70;5.43
2006;rd;14800501;Hjuvik 1;FP;L;138;10.71
2006;rd;14800501;Hjuvik 1;KD;KD;106;8.22
2006;rd;14800501;Hjuvik 1;S;S;299;23.20
2006;rd;14800501;Hjuvik 1;V;V;33;2.56
2006;rd;14800501;Hjuvik 1;MP;MP;49;3.80
2006;rd;14800501;Hjuvik 1;0524;0524;7;0.54
2006;rd;14800501;Hjuvik 1;ENH;ENH;1;0.08
2006;rd;14800501;Hjuvik 1;Fi;FI;5;0.39
2006;rd;14800501;Hjuvik 1;JL;JL;3;0.23
2006;rd;14800501;Hjuvik 1;SD;SD;28;2.17
2006;rd;14800501;Hjuvik 1;Sjvåp;SJVÅP;1;0.08
2006;rd;14800501;Hjuvik 1;SPI;SPI;2;0.16
2006;rd;14800502;Hjuvik 2;M;M;562;45.25
2006;rd;14800502;Hjuvik 2;C;C;76;6.12
2006;rd;14800502;Hjuvik 2;FP;L;171;13.77
2006;rd;14800502;Hjuvik 2;KD;KD;136;10.95
2006;rd;14800502;Hjuvik 2;S;S;175;14.09
2006;rd;14800502;Hjuvik 2;V;V;29;2.33
2006;rd;14800502;Hjuvik 2;MP;MP;65;5.23
2006;rd;14800502;Hjuvik 2;0524;0524;2;0.16
2006;rd;14800502;Hjuvik 2;0538;0538;1;0.08
2006;rd;14800502;Hjuvik 2;ENH;ENH;1;0.08
2006;rd;14800502;Hjuvik 2;Fi;FI;6;0.48
2006;rd;14800502;Hjuvik 2;JL;JL;2;0.16
2006;rd;14800502;Hjuvik 2;SD;SD;13;1.05
2006;rd;14800502;Hjuvik 2;Sjvåp;SJVÅP;2;0.16
2006;rd;14800502;Hjuvik 2;ÖVR;ÖVR;1;0.08
2006;rd;14800503;Hjuvik 3;M;M;511;42.13
2006;rd;14800503;Hjuvik 3;C;C;72;5.94
2006;rd;14800503;Hjuvik 3;FP;L;153;12.61
2006;rd;14800503;Hjuvik 3;KD;KD;104;8.57
2006;rd;14800503;Hjuvik 3;S;S;251;20.69
2006;rd;14800503;Hjuvik 3;V;V;43;3.54
2006;rd;14800503;Hjuvik 3;MP;MP;43;3.54
2006;rd;14800503;Hjuvik 3;0524;0524;5;0.41
2006;rd;14800503;Hjuvik 3;Fi;FI;6;0.49
2006;rd;14800503;Hjuvik 3;JL;JL;5;0.41
2006;rd;14800503;Hjuvik 3;SD;SD;20;1.65
2006;rd;14800601;Jättesten-Svartedalen 1;M;M;256;24.08
2006;rd;14800601;Jättesten-Svartedalen 1;C;C;43;4.05
2006;rd;14800601;Jättesten-Svartedalen 1;FP;L;116;10.91
2006;rd;14800601;Jättesten-Svartedalen 1;KD;KD;77;7.24
2006;rd;14800601;Jättesten-Svartedalen 1;S;S;329;30.95
2006;rd;14800601;Jättesten-Svartedalen 1;V;V;103;9.69
2006;rd;14800601;Jättesten-Svartedalen 1;MP;MP;79;7.43
2006;rd;14800601;Jättesten-Svartedalen 1;0524;0524;13;1.22
2006;rd;14800601;Jättesten-Svartedalen 1;Fi;FI;11;1.03
2006;rd;14800601;Jättesten-Svartedalen 1;JL;JL;4;0.38
2006;rd;14800601;Jättesten-Svartedalen 1;ND;ND;1;0.09
2006;rd;14800601;Jättesten-Svartedalen 1;SD;SD;31;2.92
2006;rd;14800602;Jättesten-Svartedalen 2;M;M;131;12.93
2006;rd;14800602;Jättesten-Svartedalen 2;C;C;25;2.47
2006;rd;14800602;Jättesten-Svartedalen 2;FP;L;53;5.23
2006;rd;14800602;Jättesten-Svartedalen 2;KD;KD;33;3.26
2006;rd;14800602;Jättesten-Svartedalen 2;S;S;497;49.06
2006;rd;14800602;Jättesten-Svartedalen 2;V;V;121;11.94
2006;rd;14800602;Jättesten-Svartedalen 2;MP;MP;65;6.42
2006;rd;14800602;Jättesten-Svartedalen 2;0524;0524;24;2.37
2006;rd;14800602;Jättesten-Svartedalen 2;ENH;ENH;2;0.20
2006;rd;14800602;Jättesten-Svartedalen 2;Fi;FI;10;0.99
2006;rd;14800602;Jättesten-Svartedalen 2;JL;JL;5;0.49
2006;rd;14800602;Jättesten-Svartedalen 2;SD;SD;39;3.85
2006;rd;14800602;Jättesten-Svartedalen 2;Sjvåp;SJVÅP;4;0.39
2006;rd;14800602;Jättesten-Svartedalen 2;SPI;SPI;4;0.39
2006;rd;14800603;Jättesten-Svartedalen 3;M;M;187;16.28
2006;rd;14800603;Jättesten-Svartedalen 3;C;C;27;2.35
2006;rd;14800603;Jättesten-Svartedalen 3;FP;L;80;6.96
2006;rd;14800603;Jättesten-Svartedalen 3;KD;KD;55;4.79
2006;rd;14800603;Jättesten-Svartedalen 3;S;S;566;49.26
2006;rd;14800603;Jättesten-Svartedalen 3;V;V;104;9.05
2006;rd;14800603;Jättesten-Svartedalen 3;MP;MP;51;4.44
2006;rd;14800603;Jättesten-Svartedalen 3;0524;0524;19;1.65
2006;rd;14800603;Jättesten-Svartedalen 3;ENH;ENH;2;0.17
2006;rd;14800603;Jättesten-Svartedalen 3;Fi;FI;7;0.61
2006;rd;14800603;Jättesten-Svartedalen 3;JL;JL;6;0.52
2006;rd;14800603;Jättesten-Svartedalen 3;SD;SD;35;3.05
2006;rd;14800603;Jättesten-Svartedalen 3;Sjvåp;SJVÅP;3;0.26
2006;rd;14800603;Jättesten-Svartedalen 3;SPI;SPI;6;0.52
2006;rd;14800603;Jättesten-Svartedalen 3;ÖVR;ÖVR;1;0.09
2006;rd;14800604;Jättesten-Svartedalen 4;M;M;94;12.30
2006;rd;14800604;Jättesten-Svartedalen 4;C;C;7;0.92
2006;rd;14800604;Jättesten-Svartedalen 4;FP;L;33;4.32
2006;rd;14800604;Jättesten-Svartedalen 4;KD;KD;52;6.81
2006;rd;14800604;Jättesten-Svartedalen 4;S;S;433;56.68
2006;rd;14800604;Jättesten-Svartedalen 4;V;V;61;7.98
2006;rd;14800604;Jättesten-Svartedalen 4;MP;MP;24;3.14
2006;rd;14800604;Jättesten-Svartedalen 4;0524;0524;3;0.39
2006;rd;14800604;Jättesten-Svartedalen 4;Fi;FI;7;0.92
2006;rd;14800604;Jättesten-Svartedalen 4;JL;JL;2;0.26
2006;rd;14800604;Jättesten-Svartedalen 4;ND;ND;3;0.39
2006;rd;14800604;Jättesten-Svartedalen 4;SD;SD;39;5.10
2006;rd;14800604;Jättesten-Svartedalen 4;Sjvåp;SJVÅP;4;0.52
2006;rd;14800604;Jättesten-Svartedalen 4;SPI;SPI;2;0.26
2006;rd;14800605;Jättesten-Svartedalen 5;M;M;121;13.14
2006;rd;14800605;Jättesten-Svartedalen 5;C;C;18;1.95
2006;rd;14800605;Jättesten-Svartedalen 5;FP;L;45;4.89
2006;rd;14800605;Jättesten-Svartedalen 5;KD;KD;34;3.69
2006;rd;14800605;Jättesten-Svartedalen 5;S;S;456;49.51
2006;rd;14800605;Jättesten-Svartedalen 5;V;V;91;9.88
2006;rd;14800605;Jättesten-Svartedalen 5;MP;MP;59;6.41
2006;rd;14800605;Jättesten-Svartedalen 5;0524;0524;15;1.63
2006;rd;14800605;Jättesten-Svartedalen 5;Fi;FI;8;0.87
2006;rd;14800605;Jättesten-Svartedalen 5;JL;JL;5;0.54
2006;rd;14800605;Jättesten-Svartedalen 5;ND;ND;1;0.11
2006;rd;14800605;Jättesten-Svartedalen 5;SD;SD;59;6.41
2006;rd;14800605;Jättesten-Svartedalen 5;Sjvåp;SJVÅP;4;0.43
2006;rd;14800605;Jättesten-Svartedalen 5;SPI;SPI;3;0.33
2006;rd;14800605;Jättesten-Svartedalen 5;UP;UP;1;0.11
2006;rd;14800605;Jättesten-Svartedalen 5;ÖVR;ÖVR;1;0.11
2006;rd;14800701;Kvillebäcken 1;M;M;170;18.28
2006;rd;14800701;Kvillebäcken 1;C;C;48;5.16
2006;rd;14800701;Kvillebäcken 1;FP;L;74;7.96
2006;rd;14800701;Kvillebäcken 1;KD;KD;32;3.44
2006;rd;14800701;Kvillebäcken 1;S;S;299;32.15
2006;rd;14800701;Kvillebäcken 1;V;V;141;15.16
2006;rd;14800701;Kvillebäcken 1;MP;MP;99;10.65
2006;rd;14800701;Kvillebäcken 1;0524;0524;10;1.08
2006;rd;14800701;Kvillebäcken 1;0603;0603;1;0.11
2006;rd;14800701;Kvillebäcken 1;AKTD;AKTD;1;0.11
2006;rd;14800701;Kvillebäcken 1;ENH;ENH;2;0.22
2006;rd;14800701;Kvillebäcken 1;Fi;FI;15;1.61
2006;rd;14800701;Kvillebäcken 1;JL;JL;1;0.11
2006;rd;14800701;Kvillebäcken 1;ND;ND;1;0.11
2006;rd;14800701;Kvillebäcken 1;RS;RS;2;0.22
2006;rd;14800701;Kvillebäcken 1;SD;SD;33;3.55
2006;rd;14800701;Kvillebäcken 1;Sjvåp;SJVÅP;1;0.11
2006;rd;14800702;Kvillebäcken 2;M;M;119;16.50
2006;rd;14800702;Kvillebäcken 2;C;C;21;2.91
2006;rd;14800702;Kvillebäcken 2;FP;L;60;8.32
2006;rd;14800702;Kvillebäcken 2;KD;KD;31;4.30
2006;rd;14800702;Kvillebäcken 2;S;S;295;40.92
2006;rd;14800702;Kvillebäcken 2;V;V;84;11.65
2006;rd;14800702;Kvillebäcken 2;MP;MP;60;8.32
2006;rd;14800702;Kvillebäcken 2;0524;0524;8;1.11
2006;rd;14800702;Kvillebäcken 2;ENH;ENH;1;0.14
2006;rd;14800702;Kvillebäcken 2;Fi;FI;3;0.42
2006;rd;14800702;Kvillebäcken 2;JL;JL;5;0.69
2006;rd;14800702;Kvillebäcken 2;ND;ND;2;0.28
2006;rd;14800702;Kvillebäcken 2;SD;SD;27;3.74
2006;rd;14800702;Kvillebäcken 2;Sjvåp;SJVÅP;2;0.28
2006;rd;14800702;Kvillebäcken 2;SPI;SPI;2;0.28
2006;rd;14800702;Kvillebäcken 2;ÖVR;ÖVR;1;0.14
2006;rd;14800703;Kvillebäcken 3;M;M;185;19.66
2006;rd;14800703;Kvillebäcken 3;C;C;34;3.61
2006;rd;14800703;Kvillebäcken 3;FP;L;88;9.35
2006;rd;14800703;Kvillebäcken 3;KD;KD;42;4.46
2006;rd;14800703;Kvillebäcken 3;S;S;323;34.33
2006;rd;14800703;Kvillebäcken 3;V;V;100;10.63
2006;rd;14800703;Kvillebäcken 3;MP;MP;98;10.41
2006;rd;14800703;Kvillebäcken 3;0524;0524;5;0.53
2006;rd;14800703;Kvillebäcken 3;ENH;ENH;2;0.21
2006;rd;14800703;Kvillebäcken 3;Fi;FI;17;1.81
2006;rd;14800703;Kvillebäcken 3;JL;JL;3;0.32
2006;rd;14800703;Kvillebäcken 3;ND;ND;1;0.11
2006;rd;14800703;Kvillebäcken 3;RS;RS;1;0.11
2006;rd;14800703;Kvillebäcken 3;SD;SD;36;3.83
2006;rd;14800703;Kvillebäcken 3;Sjvåp;SJVÅP;4;0.43
2006;rd;14800703;Kvillebäcken 3;SPI;SPI;2;0.21
2006;rd;14800704;Kvillebäcken 4;M;M;168;18.10
2006;rd;14800704;Kvillebäcken 4;C;C;30;3.23
2006;rd;14800704;Kvillebäcken 4;FP;L;72;7.76
2006;rd;14800704;Kvillebäcken 4;KD;KD;43;4.63
2006;rd;14800704;Kvillebäcken 4;S;S;366;39.44
2006;rd;14800704;Kvillebäcken 4;V;V;105;11.31
2006;rd;14800704;Kvillebäcken 4;MP;MP;92;9.91
2006;rd;14800704;Kvillebäcken 4;0524;0524;8;0.86
2006;rd;14800704;Kvillebäcken 4;Fi;FI;12;1.29
2006;rd;14800704;Kvillebäcken 4;JL;JL;1;0.11
2006;rd;14800704;Kvillebäcken 4;NYF;NYF;1;0.11
2006;rd;14800704;Kvillebäcken 4;SD;SD;24;2.59
2006;rd;14800704;Kvillebäcken 4;Sjvåp;SJVÅP;5;0.54
2006;rd;14800704;Kvillebäcken 4;SPI;SPI;1;0.11
2006;rd;14800705;Kvillebäcken 5;M;M;189;20.59
2006;rd;14800705;Kvillebäcken 5;C;C;31;3.38
2006;rd;14800705;Kvillebäcken 5;FP;L;71;7.73
2006;rd;14800705;Kvillebäcken 5;KD;KD;46;5.01
2006;rd;14800705;Kvillebäcken 5;S;S;330;35.95
2006;rd;14800705;Kvillebäcken 5;V;V;90;9.80
2006;rd;14800705;Kvillebäcken 5;MP;MP;69;7.52
2006;rd;14800705;Kvillebäcken 5;0524;0524;20;2.18
2006;rd;14800705;Kvillebäcken 5;EAP;EAP;1;0.11
2006;rd;14800705;Kvillebäcken 5;ENH;ENH;1;0.11
2006;rd;14800705;Kvillebäcken 5;Fi;FI;14;1.53
2006;rd;14800705;Kvillebäcken 5;JL;JL;11;1.20
2006;rd;14800705;Kvillebäcken 5;SD;SD;42;4.58
2006;rd;14800705;Kvillebäcken 5;Sjvåp;SJVÅP;2;0.22
2006;rd;14800705;Kvillebäcken 5;SPI;SPI;1;0.11
2006;rd;14800801;Kärra-Rödbo 1;M;M;190;20.06
2006;rd;14800801;Kärra-Rödbo 1;C;C;27;2.85
2006;rd;14800801;Kärra-Rödbo 1;FP;L;81;8.55
2006;rd;14800801;Kärra-Rödbo 1;KD;KD;53;5.60
2006;rd;14800801;Kärra-Rödbo 1;S;S;407;42.98
2006;rd;14800801;Kärra-Rödbo 1;V;V;83;8.76
2006;rd;14800801;Kärra-Rödbo 1;MP;MP;30;3.17
2006;rd;14800801;Kärra-Rödbo 1;0524;0524;5;0.53
2006;rd;14800801;Kärra-Rödbo 1;Fi;FI;7;0.74
2006;rd;14800801;Kärra-Rödbo 1;JL;JL;4;0.42
2006;rd;14800801;Kärra-Rödbo 1;ND;ND;1;0.11
2006;rd;14800801;Kärra-Rödbo 1;NYF;NYF;1;0.11
2006;rd;14800801;Kärra-Rödbo 1;SD;SD;50;5.28
2006;rd;14800801;Kärra-Rödbo 1;Sjvåp;SJVÅP;5;0.53
2006;rd;14800801;Kärra-Rödbo 1;SPI;SPI;3;0.32
2006;rd;14800802;Kärra-Rödbo 2;M;M;215;21.14
2006;rd;14800802;Kärra-Rödbo 2;C;C;27;2.65
2006;rd;14800802;Kärra-Rödbo 2;FP;L;89;8.75
2006;rd;14800802;Kärra-Rödbo 2;KD;KD;49;4.82
2006;rd;14800802;Kärra-Rödbo 2;S;S;444;43.66
2006;rd;14800802;Kärra-Rödbo 2;V;V;84;8.26
2006;rd;14800802;Kärra-Rödbo 2;MP;MP;30;2.95
2006;rd;14800802;Kärra-Rödbo 2;0524;0524;7;0.69
2006;rd;14800802;Kärra-Rödbo 2;Fi;FI;10;0.98
2006;rd;14800802;Kärra-Rödbo 2;JL;JL;9;0.88
2006;rd;14800802;Kärra-Rödbo 2;NYF;NYF;2;0.20
2006;rd;14800802;Kärra-Rödbo 2;SD;SD;48;4.72
2006;rd;14800802;Kärra-Rödbo 2;Sjvåp;SJVÅP;1;0.10
2006;rd;14800802;Kärra-Rödbo 2;SPI;SPI;2;0.20
2006;rd;14800803;Kärra-Rödbo 3;M;M;171;17.03
2006;rd;14800803;Kärra-Rödbo 3;C;C;26;2.59
2006;rd;14800803;Kärra-Rödbo 3;FP;L;84;8.37
2006;rd;14800803;Kärra-Rödbo 3;KD;KD;54;5.38
2006;rd;14800803;Kärra-Rödbo 3;S;S;513;51.10
2006;rd;14800803;Kärra-Rödbo 3;V;V;70;6.97
2006;rd;14800803;Kärra-Rödbo 3;MP;MP;29;2.89
2006;rd;14800803;Kärra-Rödbo 3;0524;0524;6;0.60
2006;rd;14800803;Kärra-Rödbo 3;Fi;FI;7;0.70
2006;rd;14800803;Kärra-Rödbo 3;JL;JL;2;0.20
2006;rd;14800803;Kärra-Rödbo 3;NYF;NYF;1;0.10
2006;rd;14800803;Kärra-Rödbo 3;SD;SD;34;3.39
2006;rd;14800803;Kärra-Rödbo 3;Sjvåp;SJVÅP;7;0.70
2006;rd;14800804;Kärra-Rödbo 4;M;M;142;15.59
2006;rd;14800804;Kärra-Rödbo 4;C;C;22;2.41
2006;rd;14800804;Kärra-Rödbo 4;FP;L;61;6.70
2006;rd;14800804;Kärra-Rödbo 4;KD;KD;56;6.15
2006;rd;14800804;Kärra-Rödbo 4;S;S;456;50.05
2006;rd;14800804;Kärra-Rödbo 4;V;V;82;9.00
2006;rd;14800804;Kärra-Rödbo 4;MP;MP;38;4.17
2006;rd;14800804;Kärra-Rödbo 4;0524;0524;2;0.22
2006;rd;14800804;Kärra-Rödbo 4;ENH;ENH;2;0.22
2006;rd;14800804;Kärra-Rödbo 4;Fi;FI;7;0.77
2006;rd;14800804;Kärra-Rödbo 4;JL;JL;4;0.44
2006;rd;14800804;Kärra-Rödbo 4;SD;SD;34;3.73
2006;rd;14800804;Kärra-Rödbo 4;Sjvåp;SJVÅP;2;0.22
2006;rd;14800804;Kärra-Rödbo 4;SPI;SPI;3;0.33
2006;rd;14800805;Kärra-Rödbo 5;M;M;266;28.18
2006;rd;14800805;Kärra-Rödbo 5;C;C;33;3.50
2006;rd;14800805;Kärra-Rödbo 5;FP;L;79;8.37
2006;rd;14800805;Kärra-Rödbo 5;KD;KD;51;5.40
2006;rd;14800805;Kärra-Rödbo 5;S;S;385;40.78
2006;rd;14800805;Kärra-Rödbo 5;V;V;43;4.56
2006;rd;14800805;Kärra-Rödbo 5;MP;MP;29;3.07
2006;rd;14800805;Kärra-Rödbo 5;0524;0524;2;0.21
2006;rd;14800805;Kärra-Rödbo 5;ENH;ENH;1;0.11
2006;rd;14800805;Kärra-Rödbo 5;Fi;FI;5;0.53
2006;rd;14800805;Kärra-Rödbo 5;JL;JL;1;0.11
2006;rd;14800805;Kärra-Rödbo 5;ND;ND;1;0.11
2006;rd;14800805;Kärra-Rödbo 5;RS;RS;1;0.11
2006;rd;14800805;Kärra-Rödbo 5;SD;SD;42;4.45
2006;rd;14800805;Kärra-Rödbo 5;Sjvåp;SJVÅP;5;0.53
2006;rd;14800806;Kärra-Rödbo 6;M;M;318;30.11
2006;rd;14800806;Kärra-Rödbo 6;C;C;35;3.31
2006;rd;14800806;Kärra-Rödbo 6;FP;L;113;10.70
2006;rd;14800806;Kärra-Rödbo 6;KD;KD;64;6.06
2006;rd;14800806;Kärra-Rödbo 6;S;S;365;34.56
2006;rd;14800806;Kärra-Rödbo 6;V;V;55;5.21
2006;rd;14800806;Kärra-Rödbo 6;MP;MP;57;5.40
2006;rd;14800806;Kärra-Rödbo 6;Fi;FI;5;0.47
2006;rd;14800806;Kärra-Rödbo 6;JL;JL;4;0.38
2006;rd;14800806;Kärra-Rödbo 6;SD;SD;37;3.50
2006;rd;14800806;Kärra-Rödbo 6;Sjvåp;SJVÅP;1;0.09
2006;rd;14800806;Kärra-Rödbo 6;SPI;SPI;2;0.19
2006;rd;14800807;Kärra-Rödbo 7;M;M;147;29.34
2006;rd;14800807;Kärra-Rödbo 7;C;C;40;7.98
2006;rd;14800807;Kärra-Rödbo 7;FP;L;45;8.98
2006;rd;14800807;Kärra-Rödbo 7;KD;KD;35;6.99
2006;rd;14800807;Kärra-Rödbo 7;S;S;136;27.15
2006;rd;14800807;Kärra-Rödbo 7;V;V;31;6.19
2006;rd;14800807;Kärra-Rödbo 7;MP;MP;34;6.79
2006;rd;14800807;Kärra-Rödbo 7;0524;0524;4;0.80
2006;rd;14800807;Kärra-Rödbo 7;JL;JL;3;0.60
2006;rd;14800807;Kärra-Rödbo 7;ND;ND;1;0.20
2006;rd;14800807;Kärra-Rödbo 7;SD;SD;24;4.79
2006;rd;14800807;Kärra-Rödbo 7;SPI;SPI;1;0.20
2006;rd;14800901;Kärrdalen-Slätta Damm 1;M;M;212;24.40
2006;rd;14800901;Kärrdalen-Slätta Damm 1;C;C;41;4.72
2006;rd;14800901;Kärrdalen-Slätta Damm 1;FP;L;98;11.28
2006;rd;14800901;Kärrdalen-Slätta Damm 1;KD;KD;45;5.18
2006;rd;14800901;Kärrdalen-Slätta Damm 1;S;S;320;36.82
2006;rd;14800901;Kärrdalen-Slätta Damm 1;V;V;69;7.94
2006;rd;14800901;Kärrdalen-Slätta Damm 1;MP;MP;42;4.83
2006;rd;14800901;Kärrdalen-Slätta Damm 1;0524;0524;8;0.92
2006;rd;14800901;Kärrdalen-Slätta Damm 1;0538;0538;1;0.12
2006;rd;14800901;Kärrdalen-Slätta Damm 1;Fi;FI;5;0.58
2006;rd;14800901;Kärrdalen-Slätta Damm 1;JL;JL;4;0.46
2006;rd;14800901;Kärrdalen-Slätta Damm 1;SD;SD;21;2.42
2006;rd;14800901;Kärrdalen-Slätta Damm 1;Sjvåp;SJVÅP;1;0.12
2006;rd;14800901;Kärrdalen-Slätta Damm 1;SPI;SPI;2;0.23
2006;rd;14800902;Kärrdalen-Slätta Damm 2;M;M;259;30.58
2006;rd;14800902;Kärrdalen-Slätta Damm 2;C;C;42;4.96
2006;rd;14800902;Kärrdalen-Slätta Damm 2;FP;L;87;10.27
2006;rd;14800902;Kärrdalen-Slätta Damm 2;KD;KD;85;10.04
2006;rd;14800902;Kärrdalen-Slätta Damm 2;S;S;239;28.22
2006;rd;14800902;Kärrdalen-Slätta Damm 2;V;V;63;7.44
2006;rd;14800902;Kärrdalen-Slätta Damm 2;MP;MP;37;4.37
2006;rd;14800902;Kärrdalen-Slätta Damm 2;0524;0524;8;0.94
2006;rd;14800902;Kärrdalen-Slätta Damm 2;ENH;ENH;1;0.12
2006;rd;14800902;Kärrdalen-Slätta Damm 2;Fi;FI;4;0.47
2006;rd;14800902;Kärrdalen-Slätta Damm 2;JL;JL;6;0.71
2006;rd;14800902;Kärrdalen-Slätta Damm 2;SD;SD;14;1.65
2006;rd;14800902;Kärrdalen-Slätta Damm 2;Sjvåp;SJVÅP;1;0.12
2006;rd;14800902;Kärrdalen-Slätta Damm 2;SPI;SPI;1;0.12
2006;rd;14800903;Kärrdalen-Slätta Damm 3;M;M;384;36.26
2006;rd;14800903;Kärrdalen-Slätta Damm 3;C;C;55;5.19
2006;rd;14800903;Kärrdalen-Slätta Damm 3;FP;L;105;9.92
2006;rd;14800903;Kärrdalen-Slätta Damm 3;KD;KD;83;7.84
2006;rd;14800903;Kärrdalen-Slätta Damm 3;S;S;258;24.36
2006;rd;14800903;Kärrdalen-Slätta Damm 3;V;V;58;5.48
2006;rd;14800903;Kärrdalen-Slätta Damm 3;MP;MP;56;5.29
2006;rd;14800903;Kärrdalen-Slätta Damm 3;0524;0524;4;0.38
2006;rd;14800903;Kärrdalen-Slätta Damm 3;Fi;FI;3;0.28
2006;rd;14800903;Kärrdalen-Slätta Damm 3;JL;JL;5;0.47
2006;rd;14800903;Kärrdalen-Slätta Damm 3;ND;ND;4;0.38
2006;rd;14800903;Kärrdalen-Slätta Damm 3;SD;SD;40;3.78
2006;rd;14800903;Kärrdalen-Slätta Damm 3;Sjvåp;SJVÅP;1;0.09
2006;rd;14800903;Kärrdalen-Slätta Damm 3;SPI;SPI;3;0.28
2006;rd;14800904;Kärrdalen-Slätta Damm 4;M;M;160;15.90
2006;rd;14800904;Kärrdalen-Slätta Damm 4;C;C;45;4.47
2006;rd;14800904;Kärrdalen-Slätta Damm 4;FP;L;86;8.55
2006;rd;14800904;Kärrdalen-Slätta Damm 4;KD;KD;47;4.67
2006;rd;14800904;Kärrdalen-Slätta Damm 4;S;S;372;36.98
2006;rd;14800904;Kärrdalen-Slätta Damm 4;V;V;114;11.33
2006;rd;14800904;Kärrdalen-Slätta Damm 4;MP;MP;88;8.75
2006;rd;14800904;Kärrdalen-Slätta Damm 4;0524;0524;11;1.09
2006;rd;14800904;Kärrdalen-Slätta Damm 4;0603;0603;1;0.10
2006;rd;14800904;Kärrdalen-Slätta Damm 4;Fi;FI;9;0.89
2006;rd;14800904;Kärrdalen-Slätta Damm 4;JL;JL;5;0.50
2006;rd;14800904;Kärrdalen-Slätta Damm 4;NYF;NYF;1;0.10
2006;rd;14800904;Kärrdalen-Slätta Damm 4;SD;SD;58;5.77
2006;rd;14800904;Kärrdalen-Slätta Damm 4;Sjvåp;SJVÅP;3;0.30
2006;rd;14800904;Kärrdalen-Slätta Damm 4;SPI;SPI;6;0.60
2006;rd;14800905;Kärrdalen-Slätta Damm 5;M;M;210;23.26
2006;rd;14800905;Kärrdalen-Slätta Damm 5;C;C;29;3.21
2006;rd;14800905;Kärrdalen-Slätta Damm 5;FP;L;80;8.86
2006;rd;14800905;Kärrdalen-Slätta Damm 5;KD;KD;48;5.32
2006;rd;14800905;Kärrdalen-Slätta Damm 5;S;S;327;36.21
2006;rd;14800905;Kärrdalen-Slätta Damm 5;V;V;97;10.74
2006;rd;14800905;Kärrdalen-Slätta Damm 5;MP;MP;54;5.98
2006;rd;14800905;Kärrdalen-Slätta Damm 5;0524;0524;3;0.33
2006;rd;14800905;Kärrdalen-Slätta Damm 5;Fi;FI;8;0.89
2006;rd;14800905;Kärrdalen-Slätta Damm 5;JL;JL;5;0.55
2006;rd;14800905;Kärrdalen-Slätta Damm 5;NYF;NYF;2;0.22
2006;rd;14800905;Kärrdalen-Slätta Damm 5;SD;SD;36;3.99
2006;rd;14800905;Kärrdalen-Slätta Damm 5;Sjvåp;SJVÅP;1;0.11
2006;rd;14800905;Kärrdalen-Slätta Damm 5;SPI;SPI;3;0.33
2006;rd;14801001;Länsmansgården 1;M;M;56;9.93
2006;rd;14801001;Länsmansgården 1;C;C;4;0.71
2006;rd;14801001;Länsmansgården 1;FP;L;35;6.21
2006;rd;14801001;Länsmansgården 1;KD;KD;18;3.19
2006;rd;14801001;Länsmansgården 1;S;S;300;53.19
2006;rd;14801001;Länsmansgården 1;V;V;74;13.12
2006;rd;14801001;Länsmansgården 1;MP;MP;24;4.26
2006;rd;14801001;Länsmansgården 1;0524;0524;9;1.60
2006;rd;14801001;Länsmansgården 1;ENH;ENH;1;0.18
2006;rd;14801001;Länsmansgården 1;Fi;FI;7;1.24
2006;rd;14801001;Länsmansgården 1;JL;JL;2;0.35
2006;rd;14801001;Länsmansgården 1;RS;RS;1;0.18
2006;rd;14801001;Länsmansgården 1;SD;SD;28;4.96
2006;rd;14801001;Länsmansgården 1;Sjvåp;SJVÅP;1;0.18
2006;rd;14801001;Länsmansgården 1;SPI;SPI;4;0.71
2006;rd;14801002;Länsmansgården 2;M;M;74;10.05
2006;rd;14801002;Länsmansgården 2;C;C;17;2.31
2006;rd;14801002;Länsmansgården 2;FP;L;42;5.71
2006;rd;14801002;Länsmansgården 2;KD;KD;23;3.13
2006;rd;14801002;Länsmansgården 2;S;S;385;52.31
2006;rd;14801002;Länsmansgården 2;V;V;83;11.28
2006;rd;14801002;Länsmansgården 2;MP;MP;41;5.57
2006;rd;14801002;Länsmansgården 2;0524;0524;8;1.09
2006;rd;14801002;Länsmansgården 2;ENH;ENH;1;0.14
2006;rd;14801002;Länsmansgården 2;Fi;FI;6;0.82
2006;rd;14801002;Länsmansgården 2;JL;JL;5;0.68
2006;rd;14801002;Länsmansgården 2;ND;ND;4;0.54
2006;rd;14801002;Länsmansgården 2;RS;RS;2;0.27
2006;rd;14801002;Länsmansgården 2;SD;SD;39;5.30
2006;rd;14801002;Länsmansgården 2;Sjvåp;SJVÅP;4;0.54
2006;rd;14801002;Länsmansgården 2;SPI;SPI;2;0.27
2006;rd;14801003;Länsmansgården 3;M;M;73;10.10
2006;rd;14801003;Länsmansgården 3;C;C;20;2.77
2006;rd;14801003;Länsmansgården 3;FP;L;41;5.67
2006;rd;14801003;Länsmansgården 3;KD;KD;34;4.70
2006;rd;14801003;Länsmansgården 3;S;S;383;52.97
2006;rd;14801003;Länsmansgården 3;V;V;61;8.44
2006;rd;14801003;Länsmansgården 3;MP;MP;35;4.84
2006;rd;14801003;Länsmansgården 3;0524;0524;17;2.35
2006;rd;14801003;Länsmansgården 3;Fi;FI;3;0.41
2006;rd;14801003;Länsmansgården 3;JL;JL;5;0.69
2006;rd;14801003;Länsmansgården 3;ND;ND;3;0.41
2006;rd;14801003;Länsmansgården 3;SD;SD;42;5.81
2006;rd;14801003;Länsmansgården 3;Sjvåp;SJVÅP;3;0.41
2006;rd;14801003;Länsmansgården 3;SPI;SPI;3;0.41
2006;rd;14801101;Nolered-Torslanda 1;M;M;269;32.06
2006;rd;14801101;Nolered-Torslanda 1;C;C;46;5.48
2006;rd;14801101;Nolered-Torslanda 1;FP;L;94;11.20
2006;rd;14801101;Nolered-Torslanda 1;KD;KD;59;7.03
2006;rd;14801101;Nolered-Torslanda 1;S;S;253;30.15
2006;rd;14801101;Nolered-Torslanda 1;V;V;31;3.69
2006;rd;14801101;Nolered-Torslanda 1;MP;MP;42;5.01
2006;rd;14801101;Nolered-Torslanda 1;0524;0524;6;0.72
2006;rd;14801101;Nolered-Torslanda 1;Fi;FI;5;0.60
2006;rd;14801101;Nolered-Torslanda 1;JL;JL;2;0.24
2006;rd;14801101;Nolered-Torslanda 1;SD;SD;24;2.86
2006;rd;14801101;Nolered-Torslanda 1;Sjvåp;SJVÅP;4;0.48
2006;rd;14801101;Nolered-Torslanda 1;SPI;SPI;4;0.48
2006;rd;14801102;Nolered-Torslanda 2;M;M;383;31.76
2006;rd;14801102;Nolered-Torslanda 2;C;C;66;5.47
2006;rd;14801102;Nolered-Torslanda 2;FP;L;160;13.27
2006;rd;14801102;Nolered-Torslanda 2;KD;KD;110;9.12
2006;rd;14801102;Nolered-Torslanda 2;S;S;338;28.03
2006;rd;14801102;Nolered-Torslanda 2;V;V;45;3.73
2006;rd;14801102;Nolered-Torslanda 2;MP;MP;50;4.15
2006;rd;14801102;Nolered-Torslanda 2;0524;0524;4;0.33
2006;rd;14801102;Nolered-Torslanda 2;ENH;ENH;1;0.08
2006;rd;14801102;Nolered-Torslanda 2;Fi;FI;9;0.75
2006;rd;14801102;Nolered-Torslanda 2;JL;JL;4;0.33
2006;rd;14801102;Nolered-Torslanda 2;ND;ND;1;0.08
2006;rd;14801102;Nolered-Torslanda 2;SD;SD;34;2.82
2006;rd;14801102;Nolered-Torslanda 2;SPI;SPI;1;0.08
2006;rd;14801103;Nolered-Torslanda 3;M;M;337;29.10
2006;rd;14801103;Nolered-Torslanda 3;C;C;57;4.92
2006;rd;14801103;Nolered-Torslanda 3;FP;L;126;10.88
2006;rd;14801103;Nolered-Torslanda 3;KD;KD;76;6.56
2006;rd;14801103;Nolered-Torslanda 3;S;S;408;35.23
2006;rd;14801103;Nolered-Torslanda 3;V;V;55;4.75
2006;rd;14801103;Nolered-Torslanda 3;MP;MP;47;4.06
2006;rd;14801103;Nolered-Torslanda 3;0524;0524;9;0.78
2006;rd;14801103;Nolered-Torslanda 3;Fi;FI;6;0.52
2006;rd;14801103;Nolered-Torslanda 3;JL;JL;1;0.09
2006;rd;14801103;Nolered-Torslanda 3;ND;ND;1;0.09
2006;rd;14801103;Nolered-Torslanda 3;SD;SD;29;2.50
2006;rd;14801103;Nolered-Torslanda 3;Sjvåp;SJVÅP;4;0.35
2006;rd;14801103;Nolered-Torslanda 3;SPI;SPI;2;0.17
2006;rd;14801104;Nolered-Torslanda 4;M;M;362;29.03
2006;rd;14801104;Nolered-Torslanda 4;C;C;70;5.61
2006;rd;14801104;Nolered-Torslanda 4;FP;L;150;12.03
2006;rd;14801104;Nolered-Torslanda 4;KD;KD;101;8.10
2006;rd;14801104;Nolered-Torslanda 4;S;S;405;32.48
2006;rd;14801104;Nolered-Torslanda 4;V;V;54;4.33
2006;rd;14801104;Nolered-Torslanda 4;MP;MP;49;3.93
2006;rd;14801104;Nolered-Torslanda 4;0524;0524;3;0.24
2006;rd;14801104;Nolered-Torslanda 4;Fi;FI;4;0.32
2006;rd;14801104;Nolered-Torslanda 4;JL;JL;4;0.32
2006;rd;14801104;Nolered-Torslanda 4;SD;SD;42;3.37
2006;rd;14801104;Nolered-Torslanda 4;Sjvåp;SJVÅP;1;0.08
2006;rd;14801104;Nolered-Torslanda 4;SPI;SPI;2;0.16
2006;rd;14801105;Nolered-Torslanda 5;M;M;378;28.15
2006;rd;14801105;Nolered-Torslanda 5;C;C;83;6.18
2006;rd;14801105;Nolered-Torslanda 5;FP;L;158;11.76
2006;rd;14801105;Nolered-Torslanda 5;KD;KD;99;7.37
2006;rd;14801105;Nolered-Torslanda 5;S;S;435;32.39
2006;rd;14801105;Nolered-Torslanda 5;V;V;65;4.84
2006;rd;14801105;Nolered-Torslanda 5;MP;MP;48;3.57
2006;rd;14801105;Nolered-Torslanda 5;0524;0524;3;0.22
2006;rd;14801105;Nolered-Torslanda 5;ENH;ENH;1;0.07
2006;rd;14801105;Nolered-Torslanda 5;Fi;FI;8;0.60
2006;rd;14801105;Nolered-Torslanda 5;SD;SD;58;4.32
2006;rd;14801105;Nolered-Torslanda 5;Sjvåp;SJVÅP;4;0.30
2006;rd;14801105;Nolered-Torslanda 5;SPI;SPI;1;0.07
2006;rd;14801105;Nolered-Torslanda 5;ÖVR;ÖVR;2;0.15
2006;rd;14801201;Sannegården 1;M;M;544;41.03
2006;rd;14801201;Sannegården 1;C;C;72;5.43
2006;rd;14801201;Sannegården 1;FP;L;163;12.29
2006;rd;14801201;Sannegården 1;KD;KD;78;5.88
2006;rd;14801201;Sannegården 1;S;S;313;23.60
2006;rd;14801201;Sannegården 1;V;V;60;4.52
2006;rd;14801201;Sannegården 1;MP;MP;49;3.70
2006;rd;14801201;Sannegården 1;0524;0524;11;0.83
2006;rd;14801201;Sannegården 1;0677;0677;1;0.08
2006;rd;14801201;Sannegården 1;Fi;FI;7;0.53
2006;rd;14801201;Sannegården 1;JL;JL;3;0.23
2006;rd;14801201;Sannegården 1;SD;SD;19;1.43
2006;rd;14801201;Sannegården 1;Sjvåp;SJVÅP;2;0.15
2006;rd;14801201;Sannegården 1;SPI;SPI;4;0.30
2006;rd;14801202;Sannegården 2;M;M;251;42.54
2006;rd;14801202;Sannegården 2;C;C;31;5.25
2006;rd;14801202;Sannegården 2;FP;L;80;13.56
2006;rd;14801202;Sannegården 2;KD;KD;34;5.76
2006;rd;14801202;Sannegården 2;S;S;111;18.81
2006;rd;14801202;Sannegården 2;V;V;26;4.41
2006;rd;14801202;Sannegården 2;MP;MP;34;5.76
2006;rd;14801202;Sannegården 2;0524;0524;1;0.17
2006;rd;14801202;Sannegården 2;Fi;FI;3;0.51
2006;rd;14801202;Sannegården 2;JL;JL;2;0.34
2006;rd;14801202;Sannegården 2;ND;ND;1;0.17
2006;rd;14801202;Sannegården 2;SD;SD;12;2.03
2006;rd;14801202;Sannegården 2;Sjvåp;SJVÅP;2;0.34
2006;rd;14801202;Sannegården 2;SPI;SPI;2;0.34
2006;rd;14801203;Sannegården 3;M;M;165;19.74
2006;rd;14801203;Sannegården 3;C;C;44;5.26
2006;rd;14801203;Sannegården 3;FP;L;75;8.97
2006;rd;14801203;Sannegården 3;KD;KD;36;4.31
2006;rd;14801203;Sannegården 3;S;S;281;33.61
2006;rd;14801203;Sannegården 3;V;V;115;13.76
2006;rd;14801203;Sannegården 3;MP;MP;59;7.06
2006;rd;14801203;Sannegården 3;0524;0524;8;0.96
2006;rd;14801203;Sannegården 3;ENH;ENH;2;0.24
2006;rd;14801203;Sannegården 3;Fi;FI;7;0.84
2006;rd;14801203;Sannegården 3;JL;JL;5;0.60
2006;rd;14801203;Sannegården 3;SD;SD;35;4.19
2006;rd;14801203;Sannegården 3;Sjvåp;SJVÅP;1;0.12
2006;rd;14801203;Sannegården 3;SPI;SPI;3;0.36
2006;rd;14801204;Sannegården 4;M;M;194;20.34
2006;rd;14801204;Sannegården 4;C;C;41;4.30
2006;rd;14801204;Sannegården 4;FP;L;77;8.07
2006;rd;14801204;Sannegården 4;KD;KD;59;6.18
2006;rd;14801204;Sannegården 4;S;S;374;39.20
2006;rd;14801204;Sannegården 4;V;V;90;9.43
2006;rd;14801204;Sannegården 4;MP;MP;49;5.14
2006;rd;14801204;Sannegården 4;0524;0524;8;0.84
2006;rd;14801204;Sannegården 4;ENH;ENH;3;0.31
2006;rd;14801204;Sannegården 4;Fi;FI;9;0.94
2006;rd;14801204;Sannegården 4;JL;JL;3;0.31
2006;rd;14801204;Sannegården 4;SD;SD;43;4.51
2006;rd;14801204;Sannegården 4;SPI;SPI;4;0.42
2006;rd;14801205;Sannegården 5;M;M;112;13.41
2006;rd;14801205;Sannegården 5;C;C;27;3.23
2006;rd;14801205;Sannegården 5;FP;L;44;5.27
2006;rd;14801205;Sannegården 5;KD;KD;30;3.59
2006;rd;14801205;Sannegården 5;S;S;376;45.03
2006;rd;14801205;Sannegården 5;V;V;102;12.22
2006;rd;14801205;Sannegården 5;MP;MP;77;9.22
2006;rd;14801205;Sannegården 5;0524;0524;6;0.72
2006;rd;14801205;Sannegården 5;ENH;ENH;2;0.24
2006;rd;14801205;Sannegården 5;Fi;FI;9;1.08
2006;rd;14801205;Sannegården 5;JL;JL;3;0.36
2006;rd;14801205;Sannegården 5;SD;SD;45;5.39
2006;rd;14801205;Sannegården 5;SPI;SPI;2;0.24
2006;rd;14801206;Sannegården 6;M;M;136;19.13
2006;rd;14801206;Sannegården 6;C;C;33;4.64
2006;rd;14801206;Sannegården 6;FP;L;66;9.28
2006;rd;14801206;Sannegården 6;KD;KD;40;5.63
2006;rd;14801206;Sannegården 6;S;S;253;35.58
2006;rd;14801206;Sannegården 6;V;V;69;9.70
2006;rd;14801206;Sannegården 6;MP;MP;64;9.00
2006;rd;14801206;Sannegården 6;0524;0524;9;1.27
2006;rd;14801206;Sannegården 6;0603;0603;2;0.28
2006;rd;14801206;Sannegården 6;Fi;FI;5;0.70
2006;rd;14801206;Sannegården 6;JL;JL;1;0.14
2006;rd;14801206;Sannegården 6;SD;SD;27;3.80
2006;rd;14801206;Sannegården 6;Sjvåp;SJVÅP;5;0.70
2006;rd;14801206;Sannegården 6;SPI;SPI;1;0.14
2006;rd;14801207;Sannegården 7;M;M;139;19.72
2006;rd;14801207;Sannegården 7;C;C;31;4.40
2006;rd;14801207;Sannegården 7;FP;L;61;8.65
2006;rd;14801207;Sannegården 7;KD;KD;41;5.82
2006;rd;14801207;Sannegården 7;S;S;226;32.06
2006;rd;14801207;Sannegården 7;V;V;95;13.48
2006;rd;14801207;Sannegården 7;MP;MP;58;8.23
2006;rd;14801207;Sannegården 7;0524;0524;15;2.13
2006;rd;14801207;Sannegården 7;0603;0603;1;0.14
2006;rd;14801207;Sannegården 7;Fi;FI;7;0.99
2006;rd;14801207;Sannegården 7;JL;JL;1;0.14
2006;rd;14801207;Sannegården 7;ND;ND;1;0.14
2006;rd;14801207;Sannegården 7;SD;SD;27;3.83
2006;rd;14801207;Sannegården 7;Sjvåp;SJVÅP;1;0.14
2006;rd;14801207;Sannegården 7;ÖVR;ÖVR;1;0.14
2006;rd;14801301;Skälltorp-Skogome 1;M;M;99;15.64
2006;rd;14801301;Skälltorp-Skogome 1;C;C;13;2.05
2006;rd;14801301;Skälltorp-Skogome 1;FP;L;48;7.58
2006;rd;14801301;Skälltorp-Skogome 1;KD;KD;35;5.53
2006;rd;14801301;Skälltorp-Skogome 1;S;S;326;51.50
2006;rd;14801301;Skälltorp-Skogome 1;V;V;44;6.95
2006;rd;14801301;Skälltorp-Skogome 1;MP;MP;24;3.79
2006;rd;14801301;Skälltorp-Skogome 1;0524;0524;5;0.79
2006;rd;14801301;Skälltorp-Skogome 1;0603;0603;1;0.16
2006;rd;14801301;Skälltorp-Skogome 1;Fi;FI;4;0.63
2006;rd;14801301;Skälltorp-Skogome 1;JL;JL;1;0.16
2006;rd;14801301;Skälltorp-Skogome 1;RS;RS;1;0.16
2006;rd;14801301;Skälltorp-Skogome 1;SD;SD;25;3.95
2006;rd;14801301;Skälltorp-Skogome 1;Sjvåp;SJVÅP;3;0.47
2006;rd;14801301;Skälltorp-Skogome 1;SPI;SPI;3;0.47
2006;rd;14801301;Skälltorp-Skogome 1;ÖVR;ÖVR;1;0.16
2006;rd;14801302;Skälltorp-Skogome 2;M;M;144;14.86
2006;rd;14801302;Skälltorp-Skogome 2;C;C;17;1.75
2006;rd;14801302;Skälltorp-Skogome 2;FP;L;81;8.36
2006;rd;14801302;Skälltorp-Skogome 2;KD;KD;64;6.60
2006;rd;14801302;Skälltorp-Skogome 2;S;S;513;52.94
2006;rd;14801302;Skälltorp-Skogome 2;V;V;76;7.84
2006;rd;14801302;Skälltorp-Skogome 2;MP;MP;32;3.30
2006;rd;14801302;Skälltorp-Skogome 2;0524;0524;10;1.03
2006;rd;14801302;Skälltorp-Skogome 2;ENH;ENH;1;0.10
2006;rd;14801302;Skälltorp-Skogome 2;Fi;FI;7;0.72
2006;rd;14801302;Skälltorp-Skogome 2;ND;ND;1;0.10
2006;rd;14801302;Skälltorp-Skogome 2;SD;SD;18;1.86
2006;rd;14801302;Skälltorp-Skogome 2;Sjvåp;SJVÅP;5;0.52
2006;rd;14801303;Skälltorp-Skogome 3;M;M;65;9.95
2006;rd;14801303;Skälltorp-Skogome 3;C;C;9;1.38
2006;rd;14801303;Skälltorp-Skogome 3;FP;L;35;5.36
2006;rd;14801303;Skälltorp-Skogome 3;KD;KD;26;3.98
2006;rd;14801303;Skälltorp-Skogome 3;S;S;325;49.77
2006;rd;14801303;Skälltorp-Skogome 3;V;V;82;12.56
2006;rd;14801303;Skälltorp-Skogome 3;MP;MP;54;8.27
2006;rd;14801303;Skälltorp-Skogome 3;0524;0524;7;1.07
2006;rd;14801303;Skälltorp-Skogome 3;ENH;ENH;1;0.15
2006;rd;14801303;Skälltorp-Skogome 3;Fi;FI;5;0.77
2006;rd;14801303;Skälltorp-Skogome 3;JL;JL;2;0.31
2006;rd;14801303;Skälltorp-Skogome 3;NYF;NYF;1;0.15
2006;rd;14801303;Skälltorp-Skogome 3;RS;RS;1;0.15
2006;rd;14801303;Skälltorp-Skogome 3;SD;SD;32;4.90
2006;rd;14801303;Skälltorp-Skogome 3;Sjvåp;SJVÅP;4;0.61
2006;rd;14801303;Skälltorp-Skogome 3;SPI;SPI;2;0.31
2006;rd;14801303;Skälltorp-Skogome 3;ÖVR;ÖVR;2;0.31
2006;rd;14801304;Skälltorp-Skogome 4;M;M;220;18.29
2006;rd;14801304;Skälltorp-Skogome 4;C;C;32;2.66
2006;rd;14801304;Skälltorp-Skogome 4;FP;L;111;9.23
2006;rd;14801304;Skälltorp-Skogome 4;KD;KD;63;5.24
2006;rd;14801304;Skälltorp-Skogome 4;S;S;561;46.63
2006;rd;14801304;Skälltorp-Skogome 4;V;V;112;9.31
2006;rd;14801304;Skälltorp-Skogome 4;MP;MP;38;3.16
2006;rd;14801304;Skälltorp-Skogome 4;0524;0524;10;0.83
2006;rd;14801304;Skälltorp-Skogome 4;ENH;ENH;2;0.17
2006;rd;14801304;Skälltorp-Skogome 4;Fi;FI;3;0.25
2006;rd;14801304;Skälltorp-Skogome 4;ND;ND;3;0.25
2006;rd;14801304;Skälltorp-Skogome 4;NYF;NYF;1;0.08
2006;rd;14801304;Skälltorp-Skogome 4;RS;RS;1;0.08
2006;rd;14801304;Skälltorp-Skogome 4;SD;SD;38;3.16
2006;rd;14801304;Skälltorp-Skogome 4;Sjvåp;SJVÅP;7;0.58
2006;rd;14801304;Skälltorp-Skogome 4;SPI;SPI;1;0.08
2006;rd;14801305;Skälltorp-Skogome 5;M;M;376;26.88
2006;rd;14801305;Skälltorp-Skogome 5;C;C;52;3.72
2006;rd;14801305;Skälltorp-Skogome 5;FP;L;155;11.08
2006;rd;14801305;Skälltorp-Skogome 5;KD;KD;98;7.01
2006;rd;14801305;Skälltorp-Skogome 5;S;S;505;36.10
2006;rd;14801305;Skälltorp-Skogome 5;V;V;91;6.50
2006;rd;14801305;Skälltorp-Skogome 5;MP;MP;54;3.86
2006;rd;14801305;Skälltorp-Skogome 5;0524;0524;6;0.43
2006;rd;14801305;Skälltorp-Skogome 5;Fi;FI;8;0.57
2006;rd;14801305;Skälltorp-Skogome 5;JL;JL;7;0.50
2006;rd;14801305;Skälltorp-Skogome 5;SD;SD;38;2.72
2006;rd;14801305;Skälltorp-Skogome 5;Sjvåp;SJVÅP;6;0.43
2006;rd;14801305;Skälltorp-Skogome 5;SPI;SPI;3;0.21
2006;rd;14801306;Skälltorp-Skogome 6;M;M;306;23.87
2006;rd;14801306;Skälltorp-Skogome 6;C;C;45;3.51
2006;rd;14801306;Skälltorp-Skogome 6;FP;L;124;9.67
2006;rd;14801306;Skälltorp-Skogome 6;KD;KD;96;7.49
2006;rd;14801306;Skälltorp-Skogome 6;S;S;486;37.91
2006;rd;14801306;Skälltorp-Skogome 6;V;V;102;7.96
2006;rd;14801306;Skälltorp-Skogome 6;MP;MP;59;4.60
2006;rd;14801306;Skälltorp-Skogome 6;0524;0524;8;0.62
2006;rd;14801306;Skälltorp-Skogome 6;ENH;ENH;2;0.16
2006;rd;14801306;Skälltorp-Skogome 6;Fi;FI;12;0.94
2006;rd;14801306;Skälltorp-Skogome 6;JL;JL;3;0.23
2006;rd;14801306;Skälltorp-Skogome 6;ND;ND;2;0.16
2006;rd;14801306;Skälltorp-Skogome 6;SD;SD;33;2.57
2006;rd;14801306;Skälltorp-Skogome 6;Sjvåp;SJVÅP;1;0.08
2006;rd;14801306;Skälltorp-Skogome 6;SPI;SPI;3;0.23
2006;rd;14801401;Tuve-Säve 1;M;M;323;26.80
2006;rd;14801401;Tuve-Säve 1;C;C;64;5.31
2006;rd;14801401;Tuve-Säve 1;FP;L;142;11.78
2006;rd;14801401;Tuve-Säve 1;KD;KD;113;9.38
2006;rd;14801401;Tuve-Säve 1;S;S;378;31.37
2006;rd;14801401;Tuve-Säve 1;V;V;69;5.73
2006;rd;14801401;Tuve-Säve 1;MP;MP;60;4.98
2006;rd;14801401;Tuve-Säve 1;0524;0524;7;0.58
2006;rd;14801401;Tuve-Säve 1;Fi;FI;7;0.58
2006;rd;14801401;Tuve-Säve 1;JL;JL;2;0.17
2006;rd;14801401;Tuve-Säve 1;ND;ND;1;0.08
2006;rd;14801401;Tuve-Säve 1;SD;SD;35;2.90
2006;rd;14801401;Tuve-Säve 1;Sjvåp;SJVÅP;3;0.25
2006;rd;14801401;Tuve-Säve 1;SPI;SPI;1;0.08
2006;rd;14801402;Tuve-Säve 2;M;M;288;23.78
2006;rd;14801402;Tuve-Säve 2;C;C;36;2.97
2006;rd;14801402;Tuve-Säve 2;FP;L;116;9.58
2006;rd;14801402;Tuve-Säve 2;KD;KD;76;6.28
2006;rd;14801402;Tuve-Säve 2;S;S;504;41.62
2006;rd;14801402;Tuve-Säve 2;V;V;82;6.77
2006;rd;14801402;Tuve-Säve 2;MP;MP;54;4.46
2006;rd;14801402;Tuve-Säve 2;0524;0524;3;0.25
2006;rd;14801402;Tuve-Säve 2;Fi;FI;13;1.07
2006;rd;14801402;Tuve-Säve 2;JL;JL;1;0.08
2006;rd;14801402;Tuve-Säve 2;SD;SD;35;2.89
2006;rd;14801402;Tuve-Säve 2;Sjvåp;SJVÅP;1;0.08
2006;rd;14801402;Tuve-Säve 2;SPI;SPI;2;0.17
2006;rd;14801403;Tuve-Säve 3;M;M;139;17.48
2006;rd;14801403;Tuve-Säve 3;C;C;21;2.64
2006;rd;14801403;Tuve-Säve 3;FP;L;62;7.80
2006;rd;14801403;Tuve-Säve 3;KD;KD;50;6.29
2006;rd;14801403;Tuve-Säve 3;S;S;369;46.42
2006;rd;14801403;Tuve-Säve 3;V;V;62;7.80
2006;rd;14801403;Tuve-Säve 3;MP;MP;37;4.65
2006;rd;14801403;Tuve-Säve 3;0524;0524;4;0.50
2006;rd;14801403;Tuve-Säve 3;ENH;ENH;1;0.13
2006;rd;14801403;Tuve-Säve 3;Fi;FI;6;0.75
2006;rd;14801403;Tuve-Säve 3;JL;JL;3;0.38
2006;rd;14801403;Tuve-Säve 3;SD;SD;33;4.15
2006;rd;14801403;Tuve-Säve 3;Sjvåp;SJVÅP;2;0.25
2006;rd;14801403;Tuve-Säve 3;SPI;SPI;6;0.75
2006;rd;14801404;Tuve-Säve 4;M;M;113;14.69
2006;rd;14801404;Tuve-Säve 4;C;C;15;1.95
2006;rd;14801404;Tuve-Säve 4;FP;L;44;5.72
2006;rd;14801404;Tuve-Säve 4;KD;KD;15;1.95
2006;rd;14801404;Tuve-Säve 4;S;S;373;48.50
2006;rd;14801404;Tuve-Säve 4;V;V;85;11.05
2006;rd;14801404;Tuve-Säve 4;MP;MP;41;5.33
2006;rd;14801404;Tuve-Säve 4;0524;0524;10;1.30
2006;rd;14801404;Tuve-Säve 4;0638;0638;1;0.13
2006;rd;14801404;Tuve-Säve 4;ENH;ENH;2;0.26
2006;rd;14801404;Tuve-Säve 4;Fi;FI;8;1.04
2006;rd;14801404;Tuve-Säve 4;JL;JL;5;0.65
2006;rd;14801404;Tuve-Säve 4;SD;SD;49;6.37
2006;rd;14801404;Tuve-Säve 4;Sjvåp;SJVÅP;5;0.65
2006;rd;14801404;Tuve-Säve 4;SPI;SPI;3;0.39
2006;rd;14801405;Tuve-Säve 5;M;M;271;26.13
2006;rd;14801405;Tuve-Säve 5;C;C;70;6.75
2006;rd;14801405;Tuve-Säve 5;FP;L;131;12.63
2006;rd;14801405;Tuve-Säve 5;KD;KD;94;9.06
2006;rd;14801405;Tuve-Säve 5;S;S;319;30.76
2006;rd;14801405;Tuve-Säve 5;V;V;42;4.05
2006;rd;14801405;Tuve-Säve 5;MP;MP;50;4.82
2006;rd;14801405;Tuve-Säve 5;0524;0524;8;0.77
2006;rd;14801405;Tuve-Säve 5;Fi;FI;9;0.87
2006;rd;14801405;Tuve-Säve 5;JL;JL;4;0.39
2006;rd;14801405;Tuve-Säve 5;SD;SD;33;3.18
2006;rd;14801405;Tuve-Säve 5;Sjvåp;SJVÅP;4;0.39
2006;rd;14801405;Tuve-Säve 5;SPI;SPI;1;0.10
2006;rd;14801405;Tuve-Säve 5;ÖVR;ÖVR;1;0.10
2006;rd;14801406;Tuve-Säve 6;M;M;336;26.46
2006;rd;14801406;Tuve-Säve 6;C;C;153;12.05
2006;rd;14801406;Tuve-Säve 6;FP;L;124;9.76
2006;rd;14801406;Tuve-Säve 6;KD;KD;90;7.09
2006;rd;14801406;Tuve-Säve 6;S;S;347;27.32
2006;rd;14801406;Tuve-Säve 6;V;V;69;5.43
2006;rd;14801406;Tuve-Säve 6;MP;MP;64;5.04
2006;rd;14801406;Tuve-Säve 6;0524;0524;11;0.87
2006;rd;14801406;Tuve-Säve 6;Fi;FI;8;0.63
2006;rd;14801406;Tuve-Säve 6;JL;JL;3;0.24
2006;rd;14801406;Tuve-Säve 6;SD;SD;60;4.72
2006;rd;14801406;Tuve-Säve 6;SPI;SPI;1;0.08
2006;rd;14801406;Tuve-Säve 6;ÖVR;ÖVR;4;0.31
2006;rd;1480VK01;I vallokal ej räknade röster;M;M;467;28.06
2006;rd;1480VK01;I vallokal ej räknade röster;C;C;53;3.19
2006;rd;1480VK01;I vallokal ej räknade röster;FP;L;167;10.04
2006;rd;1480VK01;I vallokal ej räknade röster;KD;KD;62;3.73
2006;rd;1480VK01;I vallokal ej räknade röster;S;S;500;30.05
2006;rd;1480VK01;I vallokal ej räknade röster;V;V;132;7.93
2006;rd;1480VK01;I vallokal ej räknade röster;MP;MP;184;11.06
2006;rd;1480VK01;I vallokal ej räknade röster;0524;0524;18;1.08
2006;rd;1480VK01;I vallokal ej räknade röster;ENH;ENH;5;0.30
2006;rd;1480VK01;I vallokal ej räknade röster;Fi;FI;30;1.80
2006;rd;1480VK01;I vallokal ej räknade röster;JL;JL;1;0.06
2006;rd;1480VK01;I vallokal ej räknade röster;RS;RS;1;0.06
2006;rd;1480VK01;I vallokal ej räknade röster;SD;SD;32;1.92
2006;rd;1480VK01;I vallokal ej räknade röster;Sjvåp;SJVÅP;4;0.24
2006;rd;1480VK01;I vallokal ej räknade röster;SPI;SPI;7;0.42
2006;rd;1480VK01;I vallokal ej räknade röster;ÖVR;ÖVR;1;0.06
2006;rd;14802501;Bagaregården-Redbergslid 1;M;M;280;25.16
2006;rd;14802501;Bagaregården-Redbergslid 1;C;C;76;6.83
2006;rd;14802501;Bagaregården-Redbergslid 1;FP;L;132;11.86
2006;rd;14802501;Bagaregården-Redbergslid 1;KD;KD;43;3.86
2006;rd;14802501;Bagaregården-Redbergslid 1;S;S;311;27.94
2006;rd;14802501;Bagaregården-Redbergslid 1;V;V;111;9.97
2006;rd;14802501;Bagaregården-Redbergslid 1;MP;MP;96;8.63
2006;rd;14802501;Bagaregården-Redbergslid 1;0524;0524;9;0.81
2006;rd;14802501;Bagaregården-Redbergslid 1;0638;0638;1;0.09
2006;rd;14802501;Bagaregården-Redbergslid 1;Fi;FI;15;1.35
2006;rd;14802501;Bagaregården-Redbergslid 1;JL;JL;8;0.72
2006;rd;14802501;Bagaregården-Redbergslid 1;ND;ND;1;0.09
2006;rd;14802501;Bagaregården-Redbergslid 1;SD;SD;29;2.61
2006;rd;14802501;Bagaregården-Redbergslid 1;Sjvåp;SJVÅP;1;0.09
2006;rd;14802502;Bagaregården-Redbergslid 2;M;M;223;22.34
2006;rd;14802502;Bagaregården-Redbergslid 2;C;C;59;5.91
2006;rd;14802502;Bagaregården-Redbergslid 2;FP;L;121;12.12
2006;rd;14802502;Bagaregården-Redbergslid 2;KD;KD;78;7.82
2006;rd;14802502;Bagaregården-Redbergslid 2;S;S;243;24.35
2006;rd;14802502;Bagaregården-Redbergslid 2;V;V;85;8.52
2006;rd;14802502;Bagaregården-Redbergslid 2;MP;MP;134;13.43
2006;rd;14802502;Bagaregården-Redbergslid 2;0524;0524;7;0.70
2006;rd;14802502;Bagaregården-Redbergslid 2;ENH;ENH;1;0.10
2006;rd;14802502;Bagaregården-Redbergslid 2;Fi;FI;15;1.50
2006;rd;14802502;Bagaregården-Redbergslid 2;JL;JL;4;0.40
2006;rd;14802502;Bagaregården-Redbergslid 2;ND;ND;1;0.10
2006;rd;14802502;Bagaregården-Redbergslid 2;SD;SD;24;2.40
2006;rd;14802502;Bagaregården-Redbergslid 2;Sjvåp;SJVÅP;3;0.30
2006;rd;14802503;Bagaregården-Redbergslid 3;M;M;191;24.21
2006;rd;14802503;Bagaregården-Redbergslid 3;C;C;50;6.34
2006;rd;14802503;Bagaregården-Redbergslid 3;FP;L;97;12.29
2006;rd;14802503;Bagaregården-Redbergslid 3;KD;KD;32;4.06
2006;rd;14802503;Bagaregården-Redbergslid 3;S;S;187;23.70
2006;rd;14802503;Bagaregården-Redbergslid 3;V;V;89;11.28
2006;rd;14802503;Bagaregården-Redbergslid 3;MP;MP;96;12.17
2006;rd;14802503;Bagaregården-Redbergslid 3;0524;0524;1;0.13
2006;rd;14802503;Bagaregården-Redbergslid 3;0538;0538;1;0.13
2006;rd;14802503;Bagaregården-Redbergslid 3;Fi;FI;23;2.92
2006;rd;14802503;Bagaregården-Redbergslid 3;JL;JL;5;0.63
2006;rd;14802503;Bagaregården-Redbergslid 3;SD;SD;16;2.03
2006;rd;14802503;Bagaregården-Redbergslid 3;Sjvåp;SJVÅP;1;0.13
2006;rd;14802504;Bagaregården-Redbergslid 4;M;M;211;24.82
2006;rd;14802504;Bagaregården-Redbergslid 4;C;C;40;4.71
2006;rd;14802504;Bagaregården-Redbergslid 4;FP;L;107;12.59
2006;rd;14802504;Bagaregården-Redbergslid 4;KD;KD;31;3.65
2006;rd;14802504;Bagaregården-Redbergslid 4;S;S;213;25.06
2006;rd;14802504;Bagaregården-Redbergslid 4;V;V;88;10.35
2006;rd;14802504;Bagaregården-Redbergslid 4;MP;MP;116;13.65
2006;rd;14802504;Bagaregården-Redbergslid 4;0524;0524;10;1.18
2006;rd;14802504;Bagaregården-Redbergslid 4;Fi;FI;14;1.65
2006;rd;14802504;Bagaregården-Redbergslid 4;JL;JL;2;0.24
2006;rd;14802504;Bagaregården-Redbergslid 4;SD;SD;17;2.00
2006;rd;14802504;Bagaregården-Redbergslid 4;SPI;SPI;1;0.12
2006;rd;14802601;Bergsjön 1;M;M;50;9.29
2006;rd;14802601;Bergsjön 1;C;C;9;1.67
2006;rd;14802601;Bergsjön 1;FP;L;24;4.46
2006;rd;14802601;Bergsjön 1;KD;KD;14;2.60
2006;rd;14802601;Bergsjön 1;S;S;272;50.56
2006;rd;14802601;Bergsjön 1;V;V;70;13.01
2006;rd;14802601;Bergsjön 1;MP;MP;49;9.11
2006;rd;14802601;Bergsjön 1;0524;0524;10;1.86
2006;rd;14802601;Bergsjön 1;Fi;FI;9;1.67
2006;rd;14802601;Bergsjön 1;JL;JL;3;0.56
2006;rd;14802601;Bergsjön 1;RS;RS;2;0.37
2006;rd;14802601;Bergsjön 1;SD;SD;23;4.28
2006;rd;14802601;Bergsjön 1;Sjvåp;SJVÅP;1;0.19
2006;rd;14802601;Bergsjön 1;SPI;SPI;2;0.37
2006;rd;14802602;Bergsjön 2;M;M;71;7.83
2006;rd;14802602;Bergsjön 2;C;C;15;1.65
2006;rd;14802602;Bergsjön 2;FP;L;43;4.74
2006;rd;14802602;Bergsjön 2;KD;KD;40;4.41
2006;rd;14802602;Bergsjön 2;S;S;459;50.61
2006;rd;14802602;Bergsjön 2;V;V;120;13.23
2006;rd;14802602;Bergsjön 2;MP;MP;86;9.48
2006;rd;14802602;Bergsjön 2;0524;0524;12;1.32
2006;rd;14802602;Bergsjön 2;0603;0603;1;0.11
2006;rd;14802602;Bergsjön 2;ENH;ENH;2;0.22
2006;rd;14802602;Bergsjön 2;Fi;FI;23;2.54
2006;rd;14802602;Bergsjön 2;JL;JL;3;0.33
2006;rd;14802602;Bergsjön 2;SD;SD;28;3.09
2006;rd;14802602;Bergsjön 2;Sjvåp;SJVÅP;2;0.22
2006;rd;14802602;Bergsjön 2;SPI;SPI;1;0.11
2006;rd;14802602;Bergsjön 2;UP;UP;1;0.11
2006;rd;14802603;Bergsjön 3;M;M;59;10.44
2006;rd;14802603;Bergsjön 3;C;C;19;3.36
2006;rd;14802603;Bergsjön 3;FP;L;31;5.49
2006;rd;14802603;Bergsjön 3;KD;KD;32;5.66
2006;rd;14802603;Bergsjön 3;S;S;192;33.98
2006;rd;14802603;Bergsjön 3;V;V;103;18.23
2006;rd;14802603;Bergsjön 3;MP;MP;74;13.10
2006;rd;14802603;Bergsjön 3;0524;0524;17;3.01
2006;rd;14802603;Bergsjön 3;EAP;EAP;1;0.18
2006;rd;14802603;Bergsjön 3;ENH;ENH;2;0.35
2006;rd;14802603;Bergsjön 3;Fi;FI;20;3.54
2006;rd;14802603;Bergsjön 3;ND;ND;1;0.18
2006;rd;14802603;Bergsjön 3;SD;SD;12;2.12
2006;rd;14802603;Bergsjön 3;Sjvåp;SJVÅP;1;0.18
2006;rd;14802603;Bergsjön 3;ÖVR;ÖVR;1;0.18
2006;rd;14802604;Bergsjön 4;M;M;110;17.03
2006;rd;14802604;Bergsjön 4;C;C;13;2.01
2006;rd;14802604;Bergsjön 4;FP;L;44;6.81
2006;rd;14802604;Bergsjön 4;KD;KD;65;10.06
2006;rd;14802604;Bergsjön 4;S;S;251;38.85
2006;rd;14802604;Bergsjön 4;V;V;55;8.51
2006;rd;14802604;Bergsjön 4;MP;MP;36;5.57
2006;rd;14802604;Bergsjön 4;0524;0524;21;3.25
2006;rd;14802604;Bergsjön 4;Fi;FI;13;2.01
2006;rd;14802604;Bergsjön 4;JL;JL;2;0.31
2006;rd;14802604;Bergsjön 4;SD;SD;20;3.10
2006;rd;14802604;Bergsjön 4;Sjvåp;SJVÅP;10;1.55
2006;rd;14802604;Bergsjön 4;SPI;SPI;5;0.77
2006;rd;14802604;Bergsjön 4;ÖVR;ÖVR;1;0.15
2006;rd;14802605;Bergsjön 5;M;M;59;9.15
2006;rd;14802605;Bergsjön 5;C;C;12;1.86
2006;rd;14802605;Bergsjön 5;FP;L;15;2.33
2006;rd;14802605;Bergsjön 5;KD;KD;45;6.98
2006;rd;14802605;Bergsjön 5;S;S;359;55.66
2006;rd;14802605;Bergsjön 5;V;V;69;10.70
2006;rd;14802605;Bergsjön 5;MP;MP;45;6.98
2006;rd;14802605;Bergsjön 5;0524;0524;11;1.71
2006;rd;14802605;Bergsjön 5;Fi;FI;11;1.71
2006;rd;14802605;Bergsjön 5;JL;JL;3;0.47
2006;rd;14802605;Bergsjön 5;SD;SD;14;2.17
2006;rd;14802605;Bergsjön 5;Sjvåp;SJVÅP;1;0.16
2006;rd;14802605;Bergsjön 5;ÖVR;ÖVR;1;0.16
2006;rd;14802606;Bergsjön 6;M;M;58;8.76
2006;rd;14802606;Bergsjön 6;C;C;3;0.45
2006;rd;14802606;Bergsjön 6;FP;L;22;3.32
2006;rd;14802606;Bergsjön 6;KD;KD;29;4.38
2006;rd;14802606;Bergsjön 6;S;S;430;64.95
2006;rd;14802606;Bergsjön 6;V;V;70;10.57
2006;rd;14802606;Bergsjön 6;MP;MP;24;3.63
2006;rd;14802606;Bergsjön 6;0524;0524;4;0.60
2006;rd;14802606;Bergsjön 6;Fi;FI;3;0.45
2006;rd;14802606;Bergsjön 6;NYF;NYF;1;0.15
2006;rd;14802606;Bergsjön 6;RS;RS;1;0.15
2006;rd;14802606;Bergsjön 6;SD;SD;14;2.11
2006;rd;14802606;Bergsjön 6;Sjvåp;SJVÅP;3;0.45
2006;rd;14802607;Bergsjön 7;M;M;29;6.71
2006;rd;14802607;Bergsjön 7;C;C;6;1.39
2006;rd;14802607;Bergsjön 7;FP;L;15;3.47
2006;rd;14802607;Bergsjön 7;KD;KD;32;7.41
2006;rd;14802607;Bergsjön 7;S;S;222;51.39
2006;rd;14802607;Bergsjön 7;V;V;68;15.74
2006;rd;14802607;Bergsjön 7;MP;MP;38;8.80
2006;rd;14802607;Bergsjön 7;0524;0524;5;1.16
2006;rd;14802607;Bergsjön 7;ENH;ENH;3;0.69
2006;rd;14802607;Bergsjön 7;Fi;FI;3;0.69
2006;rd;14802607;Bergsjön 7;JL;JL;2;0.46
2006;rd;14802607;Bergsjön 7;RS;RS;1;0.23
2006;rd;14802607;Bergsjön 7;SD;SD;8;1.85
2006;rd;14802608;Bergsjön 8;M;M;46;8.01
2006;rd;14802608;Bergsjön 8;C;C;3;0.52
2006;rd;14802608;Bergsjön 8;FP;L;33;5.75
2006;rd;14802608;Bergsjön 8;KD;KD;28;4.88
2006;rd;14802608;Bergsjön 8;S;S;352;61.32
2006;rd;14802608;Bergsjön 8;V;V;53;9.23
2006;rd;14802608;Bergsjön 8;MP;MP;22;3.83
2006;rd;14802608;Bergsjön 8;0524;0524;10;1.74
2006;rd;14802608;Bergsjön 8;Fi;FI;2;0.35
2006;rd;14802608;Bergsjön 8;JL;JL;2;0.35
2006;rd;14802608;Bergsjön 8;ND;ND;1;0.17
2006;rd;14802608;Bergsjön 8;RS;RS;2;0.35
2006;rd;14802608;Bergsjön 8;SD;SD;17;2.96
2006;rd;14802608;Bergsjön 8;Sjvåp;SJVÅP;2;0.35
2006;rd;14802608;Bergsjön 8;SPI;SPI;1;0.17
2006;rd;14802701;Bergum-Gunnilse 1;M;M;261;21.46
2006;rd;14802701;Bergum-Gunnilse 1;C;C;58;4.77
2006;rd;14802701;Bergum-Gunnilse 1;FP;L;114;9.38
2006;rd;14802701;Bergum-Gunnilse 1;KD;KD;106;8.72
2006;rd;14802701;Bergum-Gunnilse 1;S;S;446;36.68
2006;rd;14802701;Bergum-Gunnilse 1;V;V;81;6.66
2006;rd;14802701;Bergum-Gunnilse 1;MP;MP;62;5.10
2006;rd;14802701;Bergum-Gunnilse 1;0524;0524;5;0.41
2006;rd;14802701;Bergum-Gunnilse 1;Fi;FI;7;0.58
2006;rd;14802701;Bergum-Gunnilse 1;JL;JL;6;0.49
2006;rd;14802701;Bergum-Gunnilse 1;SD;SD;63;5.18
2006;rd;14802701;Bergum-Gunnilse 1;Sjvåp;SJVÅP;4;0.33
2006;rd;14802701;Bergum-Gunnilse 1;SPI;SPI;2;0.16
2006;rd;14802701;Bergum-Gunnilse 1;ÖVR;ÖVR;1;0.08
2006;rd;14802702;Bergum-Gunnilse 2;M;M;215;21.74
2006;rd;14802702;Bergum-Gunnilse 2;C;C;68;6.88
2006;rd;14802702;Bergum-Gunnilse 2;FP;L;80;8.09
2006;rd;14802702;Bergum-Gunnilse 2;KD;KD;58;5.86
2006;rd;14802702;Bergum-Gunnilse 2;S;S;355;35.89
2006;rd;14802702;Bergum-Gunnilse 2;V;V;70;7.08
2006;rd;14802702;Bergum-Gunnilse 2;MP;MP;54;5.46
2006;rd;14802702;Bergum-Gunnilse 2;0524;0524;9;0.91
2006;rd;14802702;Bergum-Gunnilse 2;Fi;FI;13;1.31
2006;rd;14802702;Bergum-Gunnilse 2;JL;JL;12;1.21
2006;rd;14802702;Bergum-Gunnilse 2;ND;ND;1;0.10
2006;rd;14802702;Bergum-Gunnilse 2;SD;SD;50;5.06
2006;rd;14802702;Bergum-Gunnilse 2;Sjvåp;SJVÅP;2;0.20
2006;rd;14802702;Bergum-Gunnilse 2;SPI;SPI;1;0.10
2006;rd;14802702;Bergum-Gunnilse 2;ÖVR;ÖVR;1;0.10
2006;rd;14802703;Bergum-Gunnilse 3;M;M;247;22.64
2006;rd;14802703;Bergum-Gunnilse 3;C;C;52;4.77
2006;rd;14802703;Bergum-Gunnilse 3;FP;L;84;7.70
2006;rd;14802703;Bergum-Gunnilse 3;KD;KD;99;9.07
2006;rd;14802703;Bergum-Gunnilse 3;S;S;397;36.39
2006;rd;14802703;Bergum-Gunnilse 3;V;V;65;5.96
2006;rd;14802703;Bergum-Gunnilse 3;MP;MP;56;5.13
2006;rd;14802703;Bergum-Gunnilse 3;0524;0524;11;1.01
2006;rd;14802703;Bergum-Gunnilse 3;Fi;FI;8;0.73
2006;rd;14802703;Bergum-Gunnilse 3;JL;JL;9;0.82
2006;rd;14802703;Bergum-Gunnilse 3;ND;ND;2;0.18
2006;rd;14802703;Bergum-Gunnilse 3;SD;SD;55;5.04
2006;rd;14802703;Bergum-Gunnilse 3;Sjvåp;SJVÅP;5;0.46
2006;rd;14802703;Bergum-Gunnilse 3;SPI;SPI;1;0.09
2006;rd;14802801;Björkekärr 1;M;M;249;19.56
2006;rd;14802801;Björkekärr 1;C;C;85;6.68
2006;rd;14802801;Björkekärr 1;FP;L;153;12.02
2006;rd;14802801;Björkekärr 1;KD;KD;82;6.44
2006;rd;14802801;Björkekärr 1;S;S;291;22.86
2006;rd;14802801;Björkekärr 1;V;V;153;12.02
2006;rd;14802801;Björkekärr 1;MP;MP;181;14.22
2006;rd;14802801;Björkekärr 1;0524;0524;21;1.65
2006;rd;14802801;Björkekärr 1;0603;0603;2;0.16
2006;rd;14802801;Björkekärr 1;0638;0638;1;0.08
2006;rd;14802801;Björkekärr 1;ENH;ENH;3;0.24
2006;rd;14802801;Björkekärr 1;Fi;FI;23;1.81
2006;rd;14802801;Björkekärr 1;JL;JL;2;0.16
2006;rd;14802801;Björkekärr 1;SD;SD;22;1.73
2006;rd;14802801;Björkekärr 1;Sjvåp;SJVÅP;2;0.16
2006;rd;14802801;Björkekärr 1;SPI;SPI;2;0.16
2006;rd;14802801;Björkekärr 1;ÖVR;ÖVR;1;0.08
2006;rd;14802802;Björkekärr 2;M;M;158;21.44
2006;rd;14802802;Björkekärr 2;C;C;35;4.75
2006;rd;14802802;Björkekärr 2;FP;L;89;12.08
2006;rd;14802802;Björkekärr 2;KD;KD;58;7.87
2006;rd;14802802;Björkekärr 2;S;S;237;32.16
2006;rd;14802802;Björkekärr 2;V;V;44;5.97
2006;rd;14802802;Björkekärr 2;MP;MP;69;9.36
2006;rd;14802802;Björkekärr 2;0524;0524;6;0.81
2006;rd;14802802;Björkekärr 2;Fi;FI;4;0.54
2006;rd;14802802;Björkekärr 2;JL;JL;9;1.22
2006;rd;14802802;Björkekärr 2;SD;SD;22;2.99
2006;rd;14802802;Björkekärr 2;Sjvåp;SJVÅP;2;0.27
2006;rd;14802802;Björkekärr 2;SPI;SPI;4;0.54
2006;rd;14802803;Björkekärr 3;M;M;190;15.48
2006;rd;14802803;Björkekärr 3;C;C;53;4.32
2006;rd;14802803;Björkekärr 3;FP;L;101;8.23
2006;rd;14802803;Björkekärr 3;KD;KD;77;6.28
2006;rd;14802803;Björkekärr 3;S;S;462;37.65
2006;rd;14802803;Björkekärr 3;V;V;115;9.37
2006;rd;14802803;Björkekärr 3;MP;MP;124;10.11
2006;rd;14802803;Björkekärr 3;0518;0518;1;0.08
2006;rd;14802803;Björkekärr 3;0524;0524;24;1.96
2006;rd;14802803;Björkekärr 3;0603;0603;1;0.08
2006;rd;14802803;Björkekärr 3;ENH;ENH;2;0.16
2006;rd;14802803;Björkekärr 3;Fi;FI;24;1.96
2006;rd;14802803;Björkekärr 3;JL;JL;3;0.24
2006;rd;14802803;Björkekärr 3;SD;SD;41;3.34
2006;rd;14802803;Björkekärr 3;Sjvåp;SJVÅP;3;0.24
2006;rd;14802803;Björkekärr 3;SPI;SPI;5;0.41
2006;rd;14802803;Björkekärr 3;UP;UP;1;0.08
2006;rd;14802804;Björkekärr 4;M;M;452;28.84
2006;rd;14802804;Björkekärr 4;C;C;96;6.13
2006;rd;14802804;Björkekärr 4;FP;L;232;14.81
2006;rd;14802804;Björkekärr 4;KD;KD;162;10.34
2006;rd;14802804;Björkekärr 4;S;S;321;20.49
2006;rd;14802804;Björkekärr 4;V;V;92;5.87
2006;rd;14802804;Björkekärr 4;MP;MP;158;10.08
2006;rd;14802804;Björkekärr 4;0524;0524;8;0.51
2006;rd;14802804;Björkekärr 4;0638;0638;1;0.06
2006;rd;14802804;Björkekärr 4;Fi;FI;17;1.08
2006;rd;14802804;Björkekärr 4;JL;JL;4;0.26
2006;rd;14802804;Björkekärr 4;SD;SD;17;1.08
2006;rd;14802804;Björkekärr 4;Sjvåp;SJVÅP;2;0.13
2006;rd;14802804;Björkekärr 4;SPI;SPI;5;0.32
2006;rd;14802901;Gamlestaden-Utby 1;M;M;118;12.88
2006;rd;14802901;Gamlestaden-Utby 1;C;C;25;2.73
2006;rd;14802901;Gamlestaden-Utby 1;FP;L;59;6.44
2006;rd;14802901;Gamlestaden-Utby 1;KD;KD;24;2.62
2006;rd;14802901;Gamlestaden-Utby 1;S;S;344;37.55
2006;rd;14802901;Gamlestaden-Utby 1;V;V;172;18.78
2006;rd;14802901;Gamlestaden-Utby 1;MP;MP;106;11.57
2006;rd;14802901;Gamlestaden-Utby 1;0524;0524;13;1.42
2006;rd;14802901;Gamlestaden-Utby 1;ENH;ENH;1;0.11
2006;rd;14802901;Gamlestaden-Utby 1;Fi;FI;15;1.64
2006;rd;14802901;Gamlestaden-Utby 1;JL;JL;7;0.76
2006;rd;14802901;Gamlestaden-Utby 1;ND;ND;1;0.11
2006;rd;14802901;Gamlestaden-Utby 1;RS;RS;1;0.11
2006;rd;14802901;Gamlestaden-Utby 1;SD;SD;26;2.84
2006;rd;14802901;Gamlestaden-Utby 1;Sjvåp;SJVÅP;4;0.44
2006;rd;14802902;Gamlestaden-Utby 2;M;M;167;14.27
2006;rd;14802902;Gamlestaden-Utby 2;C;C;50;4.27
2006;rd;14802902;Gamlestaden-Utby 2;FP;L;107;9.15
2006;rd;14802902;Gamlestaden-Utby 2;KD;KD;28;2.39
2006;rd;14802902;Gamlestaden-Utby 2;S;S;322;27.52
2006;rd;14802902;Gamlestaden-Utby 2;V;V;198;16.92
2006;rd;14802902;Gamlestaden-Utby 2;MP;MP;209;17.86
2006;rd;14802902;Gamlestaden-Utby 2;0524;0524;21;1.79
2006;rd;14802902;Gamlestaden-Utby 2;0638;0638;1;0.09
2006;rd;14802902;Gamlestaden-Utby 2;ENH;ENH;1;0.09
2006;rd;14802902;Gamlestaden-Utby 2;Fi;FI;29;2.48
2006;rd;14802902;Gamlestaden-Utby 2;JL;JL;3;0.26
2006;rd;14802902;Gamlestaden-Utby 2;RS;RS;2;0.17
2006;rd;14802902;Gamlestaden-Utby 2;SD;SD;32;2.74
2006;rd;14802903;Gamlestaden-Utby 3;M;M;190;16.30
2006;rd;14802903;Gamlestaden-Utby 3;C;C;39;3.34
2006;rd;14802903;Gamlestaden-Utby 3;FP;L;103;8.83
2006;rd;14802903;Gamlestaden-Utby 3;KD;KD;72;6.17
2006;rd;14802903;Gamlestaden-Utby 3;S;S;417;35.76
2006;rd;14802903;Gamlestaden-Utby 3;V;V;142;12.18
2006;rd;14802903;Gamlestaden-Utby 3;MP;MP;107;9.18
2006;rd;14802903;Gamlestaden-Utby 3;0524;0524;22;1.89
2006;rd;14802903;Gamlestaden-Utby 3;0638;0638;1;0.09
2006;rd;14802903;Gamlestaden-Utby 3;ENH;ENH;1;0.09
2006;rd;14802903;Gamlestaden-Utby 3;Fi;FI;14;1.20
2006;rd;14802903;Gamlestaden-Utby 3;JL;JL;2;0.17
2006;rd;14802903;Gamlestaden-Utby 3;NYF;NYF;2;0.17
2006;rd;14802903;Gamlestaden-Utby 3;SD;SD;48;4.12
2006;rd;14802903;Gamlestaden-Utby 3;Sjvåp;SJVÅP;1;0.09
2006;rd;14802903;Gamlestaden-Utby 3;SPI;SPI;3;0.26
2006;rd;14802903;Gamlestaden-Utby 3;ÖVR;ÖVR;2;0.17
2006;rd;14802904;Gamlestaden-Utby 4;M;M;144;17.96
2006;rd;14802904;Gamlestaden-Utby 4;C;C;30;3.74
2006;rd;14802904;Gamlestaden-Utby 4;FP;L;76;9.48
2006;rd;14802904;Gamlestaden-Utby 4;KD;KD;35;4.36
2006;rd;14802904;Gamlestaden-Utby 4;S;S;238;29.68
2006;rd;14802904;Gamlestaden-Utby 4;V;V;115;14.34
2006;rd;14802904;Gamlestaden-Utby 4;MP;MP;91;11.35
2006;rd;14802904;Gamlestaden-Utby 4;0524;0524;10;1.25
2006;rd;14802904;Gamlestaden-Utby 4;Fi;FI;26;3.24
2006;rd;14802904;Gamlestaden-Utby 4;JL;JL;4;0.50
2006;rd;14802904;Gamlestaden-Utby 4;RS;RS;1;0.12
2006;rd;14802904;Gamlestaden-Utby 4;SD;SD;29;3.62
2006;rd;14802904;Gamlestaden-Utby 4;Sjvåp;SJVÅP;2;0.25
2006;rd;14802904;Gamlestaden-Utby 4;SPI;SPI;1;0.12
2006;rd;14802905;Gamlestaden-Utby 5;M;M;252;28.47
2006;rd;14802905;Gamlestaden-Utby 5;C;C;41;4.63
2006;rd;14802905;Gamlestaden-Utby 5;FP;L;108;12.20
2006;rd;14802905;Gamlestaden-Utby 5;KD;KD;68;7.68
2006;rd;14802905;Gamlestaden-Utby 5;S;S;273;30.85
2006;rd;14802905;Gamlestaden-Utby 5;V;V;45;5.08
2006;rd;14802905;Gamlestaden-Utby 5;MP;MP;48;5.42
2006;rd;14802905;Gamlestaden-Utby 5;0524;0524;2;0.23
2006;rd;14802905;Gamlestaden-Utby 5;0603;0603;1;0.11
2006;rd;14802905;Gamlestaden-Utby 5;Fi;FI;9;1.02
2006;rd;14802905;Gamlestaden-Utby 5;JL;JL;2;0.23
2006;rd;14802905;Gamlestaden-Utby 5;SD;SD;30;3.39
2006;rd;14802905;Gamlestaden-Utby 5;SPI;SPI;6;0.68
2006;rd;14802906;Gamlestaden-Utby 6;M;M;274;22.95
2006;rd;14802906;Gamlestaden-Utby 6;C;C;56;4.69
2006;rd;14802906;Gamlestaden-Utby 6;FP;L;137;11.47
2006;rd;14802906;Gamlestaden-Utby 6;KD;KD;149;12.48
2006;rd;14802906;Gamlestaden-Utby 6;S;S;358;29.98
2006;rd;14802906;Gamlestaden-Utby 6;V;V;77;6.45
2006;rd;14802906;Gamlestaden-Utby 6;MP;MP;93;7.79
2006;rd;14802906;Gamlestaden-Utby 6;0524;0524;7;0.59
2006;rd;14802906;Gamlestaden-Utby 6;Fi;FI;9;0.75
2006;rd;14802906;Gamlestaden-Utby 6;JL;JL;8;0.67
2006;rd;14802906;Gamlestaden-Utby 6;RS;RS;1;0.08
2006;rd;14802906;Gamlestaden-Utby 6;SD;SD;20;1.68
2006;rd;14802906;Gamlestaden-Utby 6;Sjvåp;SJVÅP;2;0.17
2006;rd;14802906;Gamlestaden-Utby 6;SPI;SPI;2;0.17
2006;rd;14802906;Gamlestaden-Utby 6;ÖVR;ÖVR;1;0.08
2006;rd;14802907;Gamlestaden-Utby 7;M;M;240;20.41
2006;rd;14802907;Gamlestaden-Utby 7;C;C;56;4.76
2006;rd;14802907;Gamlestaden-Utby 7;FP;L;128;10.88
2006;rd;14802907;Gamlestaden-Utby 7;KD;KD;83;7.06
2006;rd;14802907;Gamlestaden-Utby 7;S;S;435;36.99
2006;rd;14802907;Gamlestaden-Utby 7;V;V;97;8.25
2006;rd;14802907;Gamlestaden-Utby 7;MP;MP;82;6.97
2006;rd;14802907;Gamlestaden-Utby 7;0524;0524;9;0.77
2006;rd;14802907;Gamlestaden-Utby 7;0603;0603;2;0.17
2006;rd;14802907;Gamlestaden-Utby 7;Fi;FI;10;0.85
2006;rd;14802907;Gamlestaden-Utby 7;JL;JL;5;0.43
2006;rd;14802907;Gamlestaden-Utby 7;ND;ND;2;0.17
2006;rd;14802907;Gamlestaden-Utby 7;SD;SD;20;1.70
2006;rd;14802907;Gamlestaden-Utby 7;Sjvåp;SJVÅP;5;0.43
2006;rd;14802907;Gamlestaden-Utby 7;SPI;SPI;2;0.17
2006;rd;14803001;Hammarkullen-Agnesberg 1;M;M;88;10.78
2006;rd;14803001;Hammarkullen-Agnesberg 1;C;C;5;0.61
2006;rd;14803001;Hammarkullen-Agnesberg 1;FP;L;15;1.84
2006;rd;14803001;Hammarkullen-Agnesberg 1;KD;KD;35;4.29
2006;rd;14803001;Hammarkullen-Agnesberg 1;S;S;521;63.85
2006;rd;14803001;Hammarkullen-Agnesberg 1;V;V;53;6.50
2006;rd;14803001;Hammarkullen-Agnesberg 1;MP;MP;70;8.58
2006;rd;14803001;Hammarkullen-Agnesberg 1;0524;0524;5;0.61
2006;rd;14803001;Hammarkullen-Agnesberg 1;Fi;FI;3;0.37
2006;rd;14803001;Hammarkullen-Agnesberg 1;JL;JL;1;0.12
2006;rd;14803001;Hammarkullen-Agnesberg 1;ND;ND;1;0.12
2006;rd;14803001;Hammarkullen-Agnesberg 1;RS;RS;2;0.25
2006;rd;14803001;Hammarkullen-Agnesberg 1;SD;SD;9;1.10
2006;rd;14803001;Hammarkullen-Agnesberg 1;Sjvåp;SJVÅP;5;0.61
2006;rd;14803001;Hammarkullen-Agnesberg 1;SPI;SPI;3;0.37
2006;rd;14803002;Hammarkullen-Agnesberg 2;M;M;53;6.21
2006;rd;14803002;Hammarkullen-Agnesberg 2;C;C;8;0.94
2006;rd;14803002;Hammarkullen-Agnesberg 2;FP;L;31;3.63
2006;rd;14803002;Hammarkullen-Agnesberg 2;KD;KD;53;6.21
2006;rd;14803002;Hammarkullen-Agnesberg 2;S;S;516;60.42
2006;rd;14803002;Hammarkullen-Agnesberg 2;V;V;95;11.12
2006;rd;14803002;Hammarkullen-Agnesberg 2;MP;MP;63;7.38
2006;rd;14803002;Hammarkullen-Agnesberg 2;0524;0524;1;0.12
2006;rd;14803002;Hammarkullen-Agnesberg 2;Fi;FI;10;1.17
2006;rd;14803002;Hammarkullen-Agnesberg 2;JL;JL;1;0.12
2006;rd;14803002;Hammarkullen-Agnesberg 2;RS;RS;1;0.12
2006;rd;14803002;Hammarkullen-Agnesberg 2;SD;SD;19;2.22
2006;rd;14803002;Hammarkullen-Agnesberg 2;Sjvåp;SJVÅP;1;0.12
2006;rd;14803002;Hammarkullen-Agnesberg 2;SPI;SPI;2;0.23
2006;rd;14803003;Hammarkullen-Agnesberg 3;M;M;69;8.16
2006;rd;14803003;Hammarkullen-Agnesberg 3;C;C;9;1.06
2006;rd;14803003;Hammarkullen-Agnesberg 3;FP;L;24;2.84
2006;rd;14803003;Hammarkullen-Agnesberg 3;KD;KD;82;9.69
2006;rd;14803003;Hammarkullen-Agnesberg 3;S;S;383;45.27
2006;rd;14803003;Hammarkullen-Agnesberg 3;V;V;158;18.68
2006;rd;14803003;Hammarkullen-Agnesberg 3;MP;MP;66;7.80
2006;rd;14803003;Hammarkullen-Agnesberg 3;0524;0524;4;0.47
2006;rd;14803003;Hammarkullen-Agnesberg 3;0638;0638;1;0.12
2006;rd;14803003;Hammarkullen-Agnesberg 3;Fi;FI;10;1.18
2006;rd;14803003;Hammarkullen-Agnesberg 3;JL;JL;5;0.59
2006;rd;14803003;Hammarkullen-Agnesberg 3;RS;RS;8;0.95
2006;rd;14803003;Hammarkullen-Agnesberg 3;SD;SD;22;2.60
2006;rd;14803003;Hammarkullen-Agnesberg 3;Sjvåp;SJVÅP;3;0.35
2006;rd;14803003;Hammarkullen-Agnesberg 3;SPI;SPI;2;0.24
2006;rd;14803004;Hammarkullen-Agnesberg 4;M;M;91;19.53
2006;rd;14803004;Hammarkullen-Agnesberg 4;C;C;13;2.79
2006;rd;14803004;Hammarkullen-Agnesberg 4;FP;L;31;6.65
2006;rd;14803004;Hammarkullen-Agnesberg 4;KD;KD;38;8.15
2006;rd;14803004;Hammarkullen-Agnesberg 4;S;S;195;41.85
2006;rd;14803004;Hammarkullen-Agnesberg 4;V;V;37;7.94
2006;rd;14803004;Hammarkullen-Agnesberg 4;MP;MP;26;5.58
2006;rd;14803004;Hammarkullen-Agnesberg 4;0524;0524;11;2.36
2006;rd;14803004;Hammarkullen-Agnesberg 4;Fi;FI;3;0.64
2006;rd;14803004;Hammarkullen-Agnesberg 4;JL;JL;1;0.21
2006;rd;14803004;Hammarkullen-Agnesberg 4;RS;RS;1;0.21
2006;rd;14803004;Hammarkullen-Agnesberg 4;SD;SD;16;3.43
2006;rd;14803004;Hammarkullen-Agnesberg 4;Sjvåp;SJVÅP;1;0.21
2006;rd;14803004;Hammarkullen-Agnesberg 4;SPI;SPI;2;0.43
2006;rd;14803101;Hjällbo-Eriksbo 1;M;M;44;10.76
2006;rd;14803101;Hjällbo-Eriksbo 1;C;C;4;0.98
2006;rd;14803101;Hjällbo-Eriksbo 1;FP;L;7;1.71
2006;rd;14803101;Hjällbo-Eriksbo 1;KD;KD;6;1.47
2006;rd;14803101;Hjällbo-Eriksbo 1;S;S;207;50.61
2006;rd;14803101;Hjällbo-Eriksbo 1;V;V;44;10.76
2006;rd;14803101;Hjällbo-Eriksbo 1;MP;MP;83;20.29
2006;rd;14803101;Hjällbo-Eriksbo 1;0524;0524;1;0.24
2006;rd;14803101;Hjällbo-Eriksbo 1;Fi;FI;5;1.22
2006;rd;14803101;Hjällbo-Eriksbo 1;RS;RS;1;0.24
2006;rd;14803101;Hjällbo-Eriksbo 1;SD;SD;5;1.22
2006;rd;14803101;Hjällbo-Eriksbo 1;Sjvåp;SJVÅP;2;0.49
2006;rd;14803102;Hjällbo-Eriksbo 2;M;M;23;4.47
2006;rd;14803102;Hjällbo-Eriksbo 2;C;C;0;0.00
2006;rd;14803102;Hjällbo-Eriksbo 2;FP;L;11;2.14
2006;rd;14803102;Hjällbo-Eriksbo 2;KD;KD;47;9.14
2006;rd;14803102;Hjällbo-Eriksbo 2;S;S;323;62.84
2006;rd;14803102;Hjällbo-Eriksbo 2;V;V;58;11.28
2006;rd;14803102;Hjällbo-Eriksbo 2;MP;MP;41;7.98
2006;rd;14803102;Hjällbo-Eriksbo 2;0524;0524;1;0.19
2006;rd;14803102;Hjällbo-Eriksbo 2;Fi;FI;5;0.97
2006;rd;14803102;Hjällbo-Eriksbo 2;RS;RS;1;0.19
2006;rd;14803102;Hjällbo-Eriksbo 2;SD;SD;3;0.58
2006;rd;14803102;Hjällbo-Eriksbo 2;Sjvåp;SJVÅP;1;0.19
2006;rd;14803103;Hjällbo-Eriksbo 3;M;M;39;5.77
2006;rd;14803103;Hjällbo-Eriksbo 3;C;C;3;0.44
2006;rd;14803103;Hjällbo-Eriksbo 3;FP;L;20;2.96
2006;rd;14803103;Hjällbo-Eriksbo 3;KD;KD;38;5.62
2006;rd;14803103;Hjällbo-Eriksbo 3;S;S;351;51.92
2006;rd;14803103;Hjällbo-Eriksbo 3;V;V;82;12.13
2006;rd;14803103;Hjällbo-Eriksbo 3;MP;MP;109;16.12
2006;rd;14803103;Hjällbo-Eriksbo 3;0524;0524;3;0.44
2006;rd;14803103;Hjällbo-Eriksbo 3;ENH;ENH;1;0.15
2006;rd;14803103;Hjällbo-Eriksbo 3;Fi;FI;13;1.92
2006;rd;14803103;Hjällbo-Eriksbo 3;JL;JL;1;0.15
2006;rd;14803103;Hjällbo-Eriksbo 3;RS;RS;3;0.44
2006;rd;14803103;Hjällbo-Eriksbo 3;SD;SD;10;1.48
2006;rd;14803103;Hjällbo-Eriksbo 3;Sjvåp;SJVÅP;2;0.30
2006;rd;14803103;Hjällbo-Eriksbo 3;SPI;SPI;1;0.15
2006;rd;14803104;Hjällbo-Eriksbo 4;M;M;45;6.81
2006;rd;14803104;Hjällbo-Eriksbo 4;C;C;4;0.61
2006;rd;14803104;Hjällbo-Eriksbo 4;FP;L;16;2.42
2006;rd;14803104;Hjällbo-Eriksbo 4;KD;KD;33;4.99
2006;rd;14803104;Hjällbo-Eriksbo 4;S;S;376;56.88
2006;rd;14803104;Hjällbo-Eriksbo 4;V;V;97;14.67
2006;rd;14803104;Hjällbo-Eriksbo 4;MP;MP;61;9.23
2006;rd;14803104;Hjällbo-Eriksbo 4;0524;0524;5;0.76
2006;rd;14803104;Hjällbo-Eriksbo 4;ENH;ENH;1;0.15
2006;rd;14803104;Hjällbo-Eriksbo 4;Fi;FI;10;1.51
2006;rd;14803104;Hjällbo-Eriksbo 4;RS;RS;1;0.15
2006;rd;14803104;Hjällbo-Eriksbo 4;SD;SD;9;1.36
2006;rd;14803104;Hjällbo-Eriksbo 4;Sjvåp;SJVÅP;3;0.45
2006;rd;14803105;Hjällbo-Eriksbo 5;M;M;96;10.58
2006;rd;14803105;Hjällbo-Eriksbo 5;C;C;15;1.65
2006;rd;14803105;Hjällbo-Eriksbo 5;FP;L;35;3.86
2006;rd;14803105;Hjällbo-Eriksbo 5;KD;KD;46;5.07
2006;rd;14803105;Hjällbo-Eriksbo 5;S;S;426;46.97
2006;rd;14803105;Hjällbo-Eriksbo 5;V;V;121;13.34
2006;rd;14803105;Hjällbo-Eriksbo 5;MP;MP;78;8.60
2006;rd;14803105;Hjällbo-Eriksbo 5;0524;0524;17;1.87
2006;rd;14803105;Hjällbo-Eriksbo 5;Fi;FI;9;0.99
2006;rd;14803105;Hjällbo-Eriksbo 5;JL;JL;4;0.44
2006;rd;14803105;Hjällbo-Eriksbo 5;RS;RS;1;0.11
2006;rd;14803105;Hjällbo-Eriksbo 5;SD;SD;52;5.73
2006;rd;14803105;Hjällbo-Eriksbo 5;Sjvåp;SJVÅP;6;0.66
2006;rd;14803105;Hjällbo-Eriksbo 5;SPI;SPI;1;0.11
2006;rd;14803201;Kortedala 1;M;M;83;7.85
2006;rd;14803201;Kortedala 1;C;C;27;2.55
2006;rd;14803201;Kortedala 1;FP;L;39;3.69
2006;rd;14803201;Kortedala 1;KD;KD;44;4.16
2006;rd;14803201;Kortedala 1;S;S;504;47.68
2006;rd;14803201;Kortedala 1;V;V;181;17.12
2006;rd;14803201;Kortedala 1;MP;MP;102;9.65
2006;rd;14803201;Kortedala 1;0524;0524;17;1.61
2006;rd;14803201;Kortedala 1;Fi;FI;11;1.04
2006;rd;14803201;Kortedala 1;JL;JL;3;0.28
2006;rd;14803201;Kortedala 1;SD;SD;38;3.60
2006;rd;14803201;Kortedala 1;Sjvåp;SJVÅP;5;0.47
2006;rd;14803201;Kortedala 1;SPI;SPI;3;0.28
2006;rd;14803202;Kortedala 2;M;M;133;12.65
2006;rd;14803202;Kortedala 2;C;C;23;2.19
2006;rd;14803202;Kortedala 2;FP;L;90;8.56
2006;rd;14803202;Kortedala 2;KD;KD;28;2.66
2006;rd;14803202;Kortedala 2;S;S;446;42.44
2006;rd;14803202;Kortedala 2;V;V;156;14.84
2006;rd;14803202;Kortedala 2;MP;MP;96;9.13
2006;rd;14803202;Kortedala 2;0524;0524;19;1.81
2006;rd;14803202;Kortedala 2;ENH;ENH;2;0.19
2006;rd;14803202;Kortedala 2;Fi;FI;13;1.24
2006;rd;14803202;Kortedala 2;JL;JL;3;0.29
2006;rd;14803202;Kortedala 2;NYF;NYF;1;0.10
2006;rd;14803202;Kortedala 2;RS;RS;2;0.19
2006;rd;14803202;Kortedala 2;SD;SD;36;3.43
2006;rd;14803202;Kortedala 2;Sjvåp;SJVÅP;2;0.19
2006;rd;14803202;Kortedala 2;SPI;SPI;1;0.10
2006;rd;14803203;Kortedala 3;M;M;142;14.36
2006;rd;14803203;Kortedala 3;C;C;18;1.82
2006;rd;14803203;Kortedala 3;FP;L;52;5.26
2006;rd;14803203;Kortedala 3;KD;KD;52;5.26
2006;rd;14803203;Kortedala 3;S;S;470;47.52
2006;rd;14803203;Kortedala 3;V;V;118;11.93
2006;rd;14803203;Kortedala 3;MP;MP;57;5.76
2006;rd;14803203;Kortedala 3;0524;0524;12;1.21
2006;rd;14803203;Kortedala 3;Fi;FI;9;0.91
2006;rd;14803203;Kortedala 3;JL;JL;5;0.51
2006;rd;14803203;Kortedala 3;KOMM;KOMM;1;0.10
2006;rd;14803203;Kortedala 3;RS;RS;1;0.10
2006;rd;14803203;Kortedala 3;SD;SD;39;3.94
2006;rd;14803203;Kortedala 3;Sjvåp;SJVÅP;5;0.51
2006;rd;14803203;Kortedala 3;SPI;SPI;8;0.81
2006;rd;14803204;Kortedala 4;M;M;115;11.44
2006;rd;14803204;Kortedala 4;C;C;19;1.89
2006;rd;14803204;Kortedala 4;FP;L;55;5.47
2006;rd;14803204;Kortedala 4;KD;KD;42;4.18
2006;rd;14803204;Kortedala 4;S;S;490;48.76
2006;rd;14803204;Kortedala 4;V;V;118;11.74
2006;rd;14803204;Kortedala 4;MP;MP;74;7.36
2006;rd;14803204;Kortedala 4;0524;0524;8;0.80
2006;rd;14803204;Kortedala 4;0538;0538;1;0.10
2006;rd;14803204;Kortedala 4;Fi;FI;8;0.80
2006;rd;14803204;Kortedala 4;JL;JL;4;0.40
2006;rd;14803204;Kortedala 4;RS;RS;3;0.30
2006;rd;14803204;Kortedala 4;SD;SD;51;5.07
2006;rd;14803204;Kortedala 4;Sjvåp;SJVÅP;11;1.09
2006;rd;14803204;Kortedala 4;SPI;SPI;6;0.60
2006;rd;14803205;Kortedala 5;M;M;107;10.69
2006;rd;14803205;Kortedala 5;C;C;28;2.80
2006;rd;14803205;Kortedala 5;FP;L;64;6.39
2006;rd;14803205;Kortedala 5;KD;KD;42;4.20
2006;rd;14803205;Kortedala 5;S;S;429;42.86
2006;rd;14803205;Kortedala 5;V;V;137;13.69
2006;rd;14803205;Kortedala 5;MP;MP;92;9.19
2006;rd;14803205;Kortedala 5;0524;0524;21;2.10
2006;rd;14803205;Kortedala 5;ENH;ENH;1;0.10
2006;rd;14803205;Kortedala 5;Fi;FI;11;1.10
2006;rd;14803205;Kortedala 5;JL;JL;6;0.60
2006;rd;14803205;Kortedala 5;RS;RS;1;0.10
2006;rd;14803205;Kortedala 5;SD;SD;49;4.90
2006;rd;14803205;Kortedala 5;Sjvåp;SJVÅP;8;0.80
2006;rd;14803205;Kortedala 5;SPI;SPI;5;0.50
2006;rd;14803206;Kortedala 6;M;M;64;8.14
2006;rd;14803206;Kortedala 6;C;C;11;1.40
2006;rd;14803206;Kortedala 6;FP;L;34;4.33
2006;rd;14803206;Kortedala 6;KD;KD;19;2.42
2006;rd;14803206;Kortedala 6;S;S;438;55.73
2006;rd;14803206;Kortedala 6;V;V;109;13.87
2006;rd;14803206;Kortedala 6;MP;MP;47;5.98
2006;rd;14803206;Kortedala 6;0524;0524;11;1.40
2006;rd;14803206;Kortedala 6;ENH;ENH;1;0.13
2006;rd;14803206;Kortedala 6;Fi;FI;12;1.53
2006;rd;14803206;Kortedala 6;JL;JL;2;0.25
2006;rd;14803206;Kortedala 6;ND;ND;1;0.13
2006;rd;14803206;Kortedala 6;RS;RS;1;0.13
2006;rd;14803206;Kortedala 6;SD;SD;33;4.20
2006;rd;14803206;Kortedala 6;Sjvåp;SJVÅP;1;0.13
2006;rd;14803206;Kortedala 6;SPI;SPI;2;0.25
2006;rd;14803207;Kortedala 7;M;M;70;8.74
2006;rd;14803207;Kortedala 7;C;C;9;1.12
2006;rd;14803207;Kortedala 7;FP;L;41;5.12
2006;rd;14803207;Kortedala 7;KD;KD;24;3.00
2006;rd;14803207;Kortedala 7;S;S;377;47.07
2006;rd;14803207;Kortedala 7;V;V;118;14.73
2006;rd;14803207;Kortedala 7;MP;MP;90;11.24
2006;rd;14803207;Kortedala 7;0524;0524;11;1.37
2006;rd;14803207;Kortedala 7;Fi;FI;15;1.87
2006;rd;14803207;Kortedala 7;JL;JL;5;0.62
2006;rd;14803207;Kortedala 7;ND;ND;1;0.12
2006;rd;14803207;Kortedala 7;RS;RS;2;0.25
2006;rd;14803207;Kortedala 7;SD;SD;35;4.37
2006;rd;14803207;Kortedala 7;Sjvåp;SJVÅP;3;0.37
2006;rd;14803208;Kortedala 8;M;M;134;14.18
2006;rd;14803208;Kortedala 8;C;C;32;3.39
2006;rd;14803208;Kortedala 8;FP;L;75;7.94
2006;rd;14803208;Kortedala 8;KD;KD;70;7.41
2006;rd;14803208;Kortedala 8;S;S;397;42.01
2006;rd;14803208;Kortedala 8;V;V;105;11.11
2006;rd;14803208;Kortedala 8;MP;MP;76;8.04
2006;rd;14803208;Kortedala 8;0524;0524;9;0.95
2006;rd;14803208;Kortedala 8;Fi;FI;8;0.85
2006;rd;14803208;Kortedala 8;JL;JL;2;0.21
2006;rd;14803208;Kortedala 8;ND;ND;1;0.11
2006;rd;14803208;Kortedala 8;SD;SD;27;2.86
2006;rd;14803208;Kortedala 8;Sjvåp;SJVÅP;6;0.63
2006;rd;14803208;Kortedala 8;SPI;SPI;2;0.21
2006;rd;14803208;Kortedala 8;ÖVR;ÖVR;1;0.11
2006;rd;14803301;Kålltorp-Härlanda 1;M;M;329;25.80
2006;rd;14803301;Kålltorp-Härlanda 1;C;C;72;5.65
2006;rd;14803301;Kålltorp-Härlanda 1;FP;L;133;10.43
2006;rd;14803301;Kålltorp-Härlanda 1;KD;KD;64;5.02
2006;rd;14803301;Kålltorp-Härlanda 1;S;S;373;29.25
2006;rd;14803301;Kålltorp-Härlanda 1;V;V;119;9.33
2006;rd;14803301;Kålltorp-Härlanda 1;MP;MP;106;8.31
2006;rd;14803301;Kålltorp-Härlanda 1;0524;0524;12;0.94
2006;rd;14803301;Kålltorp-Härlanda 1;ENH;ENH;2;0.16
2006;rd;14803301;Kålltorp-Härlanda 1;Fi;FI;17;1.33
2006;rd;14803301;Kålltorp-Härlanda 1;JL;JL;5;0.39
2006;rd;14803301;Kålltorp-Härlanda 1;SD;SD;32;2.51
2006;rd;14803301;Kålltorp-Härlanda 1;Sjvåp;SJVÅP;5;0.39
2006;rd;14803301;Kålltorp-Härlanda 1;SPI;SPI;3;0.24
2006;rd;14803301;Kålltorp-Härlanda 1;ÖVR;ÖVR;3;0.24
2006;rd;14803302;Kålltorp-Härlanda 2;M;M;286;27.85
2006;rd;14803302;Kålltorp-Härlanda 2;C;C;61;5.94
2006;rd;14803302;Kålltorp-Härlanda 2;FP;L;107;10.42
2006;rd;14803302;Kålltorp-Härlanda 2;KD;KD;63;6.13
2006;rd;14803302;Kålltorp-Härlanda 2;S;S;246;23.95
2006;rd;14803302;Kålltorp-Härlanda 2;V;V;77;7.50
2006;rd;14803302;Kålltorp-Härlanda 2;MP;MP;123;11.98
2006;rd;14803302;Kålltorp-Härlanda 2;0524;0524;9;0.88
2006;rd;14803302;Kålltorp-Härlanda 2;ENH;ENH;2;0.19
2006;rd;14803302;Kålltorp-Härlanda 2;Fi;FI;19;1.85
2006;rd;14803302;Kålltorp-Härlanda 2;JL;JL;2;0.19
2006;rd;14803302;Kålltorp-Härlanda 2;SD;SD;28;2.73
2006;rd;14803302;Kålltorp-Härlanda 2;Sjvåp;SJVÅP;1;0.10
2006;rd;14803302;Kålltorp-Härlanda 2;SPI;SPI;3;0.29
2006;rd;14803303;Kålltorp-Härlanda 3;M;M;169;20.71
2006;rd;14803303;Kålltorp-Härlanda 3;C;C;42;5.15
2006;rd;14803303;Kålltorp-Härlanda 3;FP;L;80;9.80
2006;rd;14803303;Kålltorp-Härlanda 3;KD;KD;35;4.29
2006;rd;14803303;Kålltorp-Härlanda 3;S;S;253;31.00
2006;rd;14803303;Kålltorp-Härlanda 3;V;V;92;11.27
2006;rd;14803303;Kålltorp-Härlanda 3;MP;MP;100;12.25
2006;rd;14803303;Kålltorp-Härlanda 3;0524;0524;8;0.98
2006;rd;14803303;Kålltorp-Härlanda 3;0603;0603;1;0.12
2006;rd;14803303;Kålltorp-Härlanda 3;0638;0638;1;0.12
2006;rd;14803303;Kålltorp-Härlanda 3;Fi;FI;18;2.21
2006;rd;14803303;Kålltorp-Härlanda 3;JL;JL;2;0.25
2006;rd;14803303;Kålltorp-Härlanda 3;ND;ND;1;0.12
2006;rd;14803303;Kålltorp-Härlanda 3;SD;SD;10;1.23
2006;rd;14803303;Kålltorp-Härlanda 3;UP;UP;1;0.12
2006;rd;14803303;Kålltorp-Härlanda 3;ÖVR;ÖVR;3;0.37
2006;rd;14803304;Kålltorp-Härlanda 4;M;M;335;27.26
2006;rd;14803304;Kålltorp-Härlanda 4;C;C;89;7.24
2006;rd;14803304;Kålltorp-Härlanda 4;FP;L;158;12.86
2006;rd;14803304;Kålltorp-Härlanda 4;KD;KD;97;7.89
2006;rd;14803304;Kålltorp-Härlanda 4;S;S;254;20.67
2006;rd;14803304;Kålltorp-Härlanda 4;V;V;91;7.40
2006;rd;14803304;Kålltorp-Härlanda 4;MP;MP;133;10.82
2006;rd;14803304;Kålltorp-Härlanda 4;0524;0524;10;0.81
2006;rd;14803304;Kålltorp-Härlanda 4;Fi;FI;19;1.55
2006;rd;14803304;Kålltorp-Härlanda 4;JL;JL;4;0.33
2006;rd;14803304;Kålltorp-Härlanda 4;ND;ND;2;0.16
2006;rd;14803304;Kålltorp-Härlanda 4;SD;SD;32;2.60
2006;rd;14803304;Kålltorp-Härlanda 4;Sjvåp;SJVÅP;4;0.33
2006;rd;14803304;Kålltorp-Härlanda 4;SPI;SPI;1;0.08
2006;rd;14803305;Kålltorp-Härlanda 5;M;M;174;20.96
2006;rd;14803305;Kålltorp-Härlanda 5;C;C;48;5.78
2006;rd;14803305;Kålltorp-Härlanda 5;FP;L;105;12.65
2006;rd;14803305;Kålltorp-Härlanda 5;KD;KD;39;4.70
2006;rd;14803305;Kålltorp-Härlanda 5;S;S;212;25.54
2006;rd;14803305;Kålltorp-Härlanda 5;V;V;89;10.72
2006;rd;14803305;Kålltorp-Härlanda 5;MP;MP;114;13.73
2006;rd;14803305;Kålltorp-Härlanda 5;0524;0524;7;0.84
2006;rd;14803305;Kålltorp-Härlanda 5;Fi;FI;24;2.89
2006;rd;14803305;Kålltorp-Härlanda 5;JL;JL;2;0.24
2006;rd;14803305;Kålltorp-Härlanda 5;SD;SD;13;1.57
2006;rd;14803305;Kålltorp-Härlanda 5;Sjvåp;SJVÅP;2;0.24
2006;rd;14803305;Kålltorp-Härlanda 5;SPI;SPI;1;0.12
2006;rd;14803306;Kålltorp-Härlanda 6;M;M;281;29.00
2006;rd;14803306;Kålltorp-Härlanda 6;C;C;73;7.53
2006;rd;14803306;Kålltorp-Härlanda 6;FP;L;137;14.14
2006;rd;14803306;Kålltorp-Härlanda 6;KD;KD;63;6.50
2006;rd;14803306;Kålltorp-Härlanda 6;S;S;215;22.19
2006;rd;14803306;Kålltorp-Härlanda 6;V;V;58;5.99
2006;rd;14803306;Kålltorp-Härlanda 6;MP;MP;106;10.94
2006;rd;14803306;Kålltorp-Härlanda 6;0524;0524;4;0.41
2006;rd;14803306;Kålltorp-Härlanda 6;ENH;ENH;1;0.10
2006;rd;14803306;Kålltorp-Härlanda 6;Fi;FI;15;1.55
2006;rd;14803306;Kålltorp-Härlanda 6;JL;JL;5;0.52
2006;rd;14803306;Kålltorp-Härlanda 6;SD;SD;11;1.14
2006;rd;14803401;Lövgärdet-Gårdsten 1;M;M;99;9.94
2006;rd;14803401;Lövgärdet-Gårdsten 1;C;C;12;1.20
2006;rd;14803401;Lövgärdet-Gårdsten 1;FP;L;49;4.92
2006;rd;14803401;Lövgärdet-Gårdsten 1;KD;KD;34;3.41
2006;rd;14803401;Lövgärdet-Gårdsten 1;S;S;549;55.12
2006;rd;14803401;Lövgärdet-Gårdsten 1;V;V;97;9.74
2006;rd;14803401;Lövgärdet-Gårdsten 1;MP;MP;96;9.64
2006;rd;14803401;Lövgärdet-Gårdsten 1;0524;0524;10;1.00
2006;rd;14803401;Lövgärdet-Gårdsten 1;Fi;FI;4;0.40
2006;rd;14803401;Lövgärdet-Gårdsten 1;JL;JL;2;0.20
2006;rd;14803401;Lövgärdet-Gårdsten 1;SD;SD;38;3.82
2006;rd;14803401;Lövgärdet-Gårdsten 1;Sjvåp;SJVÅP;2;0.20
2006;rd;14803401;Lövgärdet-Gårdsten 1;SPI;SPI;4;0.40
2006;rd;14803402;Lövgärdet-Gårdsten 2;M;M;53;7.38
2006;rd;14803402;Lövgärdet-Gårdsten 2;C;C;9;1.25
2006;rd;14803402;Lövgärdet-Gårdsten 2;FP;L;25;3.48
2006;rd;14803402;Lövgärdet-Gårdsten 2;KD;KD;16;2.23
2006;rd;14803402;Lövgärdet-Gårdsten 2;S;S;436;60.72
2006;rd;14803402;Lövgärdet-Gårdsten 2;V;V;84;11.70
2006;rd;14803402;Lövgärdet-Gårdsten 2;MP;MP;47;6.55
2006;rd;14803402;Lövgärdet-Gårdsten 2;0524;0524;6;0.84
2006;rd;14803402;Lövgärdet-Gårdsten 2;Fi;FI;7;0.97
2006;rd;14803402;Lövgärdet-Gårdsten 2;JL;JL;1;0.14
2006;rd;14803402;Lövgärdet-Gårdsten 2;ND;ND;1;0.14
2006;rd;14803402;Lövgärdet-Gårdsten 2;RS;RS;2;0.28
2006;rd;14803402;Lövgärdet-Gårdsten 2;SD;SD;28;3.90
2006;rd;14803402;Lövgärdet-Gårdsten 2;Sjvåp;SJVÅP;2;0.28
2006;rd;14803402;Lövgärdet-Gårdsten 2;ÖVR;ÖVR;1;0.14
2006;rd;14803403;Lövgärdet-Gårdsten 3;M;M;56;9.48
2006;rd;14803403;Lövgärdet-Gårdsten 3;C;C;10;1.69
2006;rd;14803403;Lövgärdet-Gårdsten 3;FP;L;36;6.09
2006;rd;14803403;Lövgärdet-Gårdsten 3;KD;KD;32;5.41
2006;rd;14803403;Lövgärdet-Gårdsten 3;S;S;295;49.92
2006;rd;14803403;Lövgärdet-Gårdsten 3;V;V;91;15.40
2006;rd;14803403;Lövgärdet-Gårdsten 3;MP;MP;31;5.25
2006;rd;14803403;Lövgärdet-Gårdsten 3;0524;0524;4;0.68
2006;rd;14803403;Lövgärdet-Gårdsten 3;Fi;FI;6;1.02
2006;rd;14803403;Lövgärdet-Gårdsten 3;JL;JL;1;0.17
2006;rd;14803403;Lövgärdet-Gårdsten 3;ND;ND;2;0.34
2006;rd;14803403;Lövgärdet-Gårdsten 3;SD;SD;24;4.06
2006;rd;14803403;Lövgärdet-Gårdsten 3;Sjvåp;SJVÅP;3;0.51
2006;rd;14803404;Lövgärdet-Gårdsten 4;M;M;54;7.85
2006;rd;14803404;Lövgärdet-Gårdsten 4;C;C;9;1.31
2006;rd;14803404;Lövgärdet-Gårdsten 4;FP;L;28;4.07
2006;rd;14803404;Lövgärdet-Gårdsten 4;KD;KD;20;2.91
2006;rd;14803404;Lövgärdet-Gårdsten 4;S;S;385;55.96
2006;rd;14803404;Lövgärdet-Gårdsten 4;V;V;79;11.48
2006;rd;14803404;Lövgärdet-Gårdsten 4;MP;MP;68;9.88
2006;rd;14803404;Lövgärdet-Gårdsten 4;0524;0524;9;1.31
2006;rd;14803404;Lövgärdet-Gårdsten 4;Fi;FI;6;0.87
2006;rd;14803404;Lövgärdet-Gårdsten 4;SD;SD;26;3.78
2006;rd;14803404;Lövgärdet-Gårdsten 4;Sjvåp;SJVÅP;2;0.29
2006;rd;14803404;Lövgärdet-Gårdsten 4;SPI;SPI;1;0.15
2006;rd;14803404;Lövgärdet-Gårdsten 4;ÖVR;ÖVR;1;0.15
2006;rd;14803405;Lövgärdet-Gårdsten 5;M;M;78;11.42
2006;rd;14803405;Lövgärdet-Gårdsten 5;C;C;5;0.73
2006;rd;14803405;Lövgärdet-Gårdsten 5;FP;L;39;5.71
2006;rd;14803405;Lövgärdet-Gårdsten 5;KD;KD;37;5.42
2006;rd;14803405;Lövgärdet-Gårdsten 5;S;S;340;49.78
2006;rd;14803405;Lövgärdet-Gårdsten 5;V;V;81;11.86
2006;rd;14803405;Lövgärdet-Gårdsten 5;MP;MP;58;8.49
2006;rd;14803405;Lövgärdet-Gårdsten 5;0524;0524;15;2.20
2006;rd;14803405;Lövgärdet-Gårdsten 5;0603;0603;1;0.15
2006;rd;14803405;Lövgärdet-Gårdsten 5;AKTD;AKTD;1;0.15
2006;rd;14803405;Lövgärdet-Gårdsten 5;Fi;FI;5;0.73
2006;rd;14803405;Lövgärdet-Gårdsten 5;NYF;NYF;1;0.15
2006;rd;14803405;Lövgärdet-Gårdsten 5;SD;SD;19;2.78
2006;rd;14803405;Lövgärdet-Gårdsten 5;Sjvåp;SJVÅP;1;0.15
2006;rd;14803405;Lövgärdet-Gårdsten 5;SPI;SPI;2;0.29
2006;rd;14803406;Lövgärdet-Gårdsten 6;M;M;82;10.35
2006;rd;14803406;Lövgärdet-Gårdsten 6;C;C;8;1.01
2006;rd;14803406;Lövgärdet-Gårdsten 6;FP;L;29;3.66
2006;rd;14803406;Lövgärdet-Gårdsten 6;KD;KD;29;3.66
2006;rd;14803406;Lövgärdet-Gårdsten 6;S;S;436;55.05
2006;rd;14803406;Lövgärdet-Gårdsten 6;V;V;99;12.50
2006;rd;14803406;Lövgärdet-Gårdsten 6;MP;MP;49;6.19
2006;rd;14803406;Lövgärdet-Gårdsten 6;0520;0520;1;0.13
2006;rd;14803406;Lövgärdet-Gårdsten 6;0524;0524;7;0.88
2006;rd;14803406;Lövgärdet-Gårdsten 6;Fi;FI;7;0.88
2006;rd;14803406;Lövgärdet-Gårdsten 6;JL;JL;3;0.38
2006;rd;14803406;Lövgärdet-Gårdsten 6;SD;SD;37;4.67
2006;rd;14803406;Lövgärdet-Gårdsten 6;Sjvåp;SJVÅP;3;0.38
2006;rd;14803406;Lövgärdet-Gårdsten 6;SPI;SPI;2;0.25
2006;rd;14803501;Rannebergen-Angered 1;M;M;191;16.52
2006;rd;14803501;Rannebergen-Angered 1;C;C;21;1.82
2006;rd;14803501;Rannebergen-Angered 1;FP;L;78;6.75
2006;rd;14803501;Rannebergen-Angered 1;KD;KD;69;5.97
2006;rd;14803501;Rannebergen-Angered 1;S;S;475;41.09
2006;rd;14803501;Rannebergen-Angered 1;V;V;155;13.41
2006;rd;14803501;Rannebergen-Angered 1;MP;MP;80;6.92
2006;rd;14803501;Rannebergen-Angered 1;0524;0524;15;1.30
2006;rd;14803501;Rannebergen-Angered 1;Fi;FI;12;1.04
2006;rd;14803501;Rannebergen-Angered 1;JL;JL;4;0.35
2006;rd;14803501;Rannebergen-Angered 1;RS;RS;2;0.17
2006;rd;14803501;Rannebergen-Angered 1;SD;SD;45;3.89
2006;rd;14803501;Rannebergen-Angered 1;Sjvåp;SJVÅP;4;0.35
2006;rd;14803501;Rannebergen-Angered 1;SPI;SPI;3;0.26
2006;rd;14803501;Rannebergen-Angered 1;ÖVR;ÖVR;2;0.17
2006;rd;14803502;Rannebergen-Angered 2;M;M;99;10.75
2006;rd;14803502;Rannebergen-Angered 2;C;C;15;1.63
2006;rd;14803502;Rannebergen-Angered 2;FP;L;36;3.91
2006;rd;14803502;Rannebergen-Angered 2;KD;KD;46;4.99
2006;rd;14803502;Rannebergen-Angered 2;S;S;450;48.86
2006;rd;14803502;Rannebergen-Angered 2;V;V;114;12.38
2006;rd;14803502;Rannebergen-Angered 2;MP;MP;51;5.54
2006;rd;14803502;Rannebergen-Angered 2;0524;0524;11;1.19
2006;rd;14803502;Rannebergen-Angered 2;0603;0603;1;0.11
2006;rd;14803502;Rannebergen-Angered 2;ENH;ENH;1;0.11
2006;rd;14803502;Rannebergen-Angered 2;Fi;FI;4;0.43
2006;rd;14803502;Rannebergen-Angered 2;JL;JL;7;0.76
2006;rd;14803502;Rannebergen-Angered 2;ND;ND;1;0.11
2006;rd;14803502;Rannebergen-Angered 2;RS;RS;1;0.11
2006;rd;14803502;Rannebergen-Angered 2;SD;SD;73;7.93
2006;rd;14803502;Rannebergen-Angered 2;Sjvåp;SJVÅP;6;0.65
2006;rd;14803502;Rannebergen-Angered 2;SPI;SPI;5;0.54
2006;rd;14803503;Rannebergen-Angered 3;M;M;78;9.20
2006;rd;14803503;Rannebergen-Angered 3;C;C;10;1.18
2006;rd;14803503;Rannebergen-Angered 3;FP;L;34;4.01
2006;rd;14803503;Rannebergen-Angered 3;KD;KD;67;7.90
2006;rd;14803503;Rannebergen-Angered 3;S;S;445;52.48
2006;rd;14803503;Rannebergen-Angered 3;V;V;134;15.80
2006;rd;14803503;Rannebergen-Angered 3;MP;MP;33;3.89
2006;rd;14803503;Rannebergen-Angered 3;0524;0524;6;0.71
2006;rd;14803503;Rannebergen-Angered 3;Fi;FI;12;1.42
2006;rd;14803503;Rannebergen-Angered 3;JL;JL;3;0.35
2006;rd;14803503;Rannebergen-Angered 3;KOMM;KOMM;1;0.12
2006;rd;14803503;Rannebergen-Angered 3;ND;ND;1;0.12
2006;rd;14803503;Rannebergen-Angered 3;SD;SD;19;2.24
2006;rd;14803503;Rannebergen-Angered 3;Sjvåp;SJVÅP;3;0.35
2006;rd;14803503;Rannebergen-Angered 3;SPI;SPI;2;0.24
2006;rd;14803504;Rannebergen-Angered 4;M;M;79;11.37
2006;rd;14803504;Rannebergen-Angered 4;C;C;13;1.87
2006;rd;14803504;Rannebergen-Angered 4;FP;L;40;5.76
2006;rd;14803504;Rannebergen-Angered 4;KD;KD;46;6.62
2006;rd;14803504;Rannebergen-Angered 4;S;S;334;48.06
2006;rd;14803504;Rannebergen-Angered 4;V;V;100;14.39
2006;rd;14803504;Rannebergen-Angered 4;MP;MP;59;8.49
2006;rd;14803504;Rannebergen-Angered 4;0524;0524;3;0.43
2006;rd;14803504;Rannebergen-Angered 4;Fi;FI;5;0.72
2006;rd;14803504;Rannebergen-Angered 4;JL;JL;1;0.14
2006;rd;14803504;Rannebergen-Angered 4;SD;SD;13;1.87
2006;rd;14803504;Rannebergen-Angered 4;Sjvåp;SJVÅP;1;0.14
2006;rd;14803504;Rannebergen-Angered 4;ÖVR;ÖVR;1;0.14
2006;rd;14803601;Skår-Kallebäck 1;M;M;522;48.11
2006;rd;14803601;Skår-Kallebäck 1;C;C;71;6.54
2006;rd;14803601;Skår-Kallebäck 1;FP;L;150;13.82
2006;rd;14803601;Skår-Kallebäck 1;KD;KD;81;7.47
2006;rd;14803601;Skår-Kallebäck 1;S;S;116;10.69
2006;rd;14803601;Skår-Kallebäck 1;V;V;28;2.58
2006;rd;14803601;Skår-Kallebäck 1;MP;MP;75;6.91
2006;rd;14803601;Skår-Kallebäck 1;0524;0524;11;1.01
2006;rd;14803601;Skår-Kallebäck 1;AKTD;AKTD;1;0.09
2006;rd;14803601;Skår-Kallebäck 1;Fi;FI;13;1.20
2006;rd;14803601;Skår-Kallebäck 1;JL;JL;4;0.37
2006;rd;14803601;Skår-Kallebäck 1;SD;SD;13;1.20
2006;rd;14803602;Skår-Kallebäck 2;M;M;525;56.57
2006;rd;14803602;Skår-Kallebäck 2;C;C;57;6.14
2006;rd;14803602;Skår-Kallebäck 2;FP;L;136;14.66
2006;rd;14803602;Skår-Kallebäck 2;KD;KD;84;9.05
2006;rd;14803602;Skår-Kallebäck 2;S;S;47;5.06
2006;rd;14803602;Skår-Kallebäck 2;V;V;13;1.40
2006;rd;14803602;Skår-Kallebäck 2;MP;MP;49;5.28
2006;rd;14803602;Skår-Kallebäck 2;0524;0524;2;0.22
2006;rd;14803602;Skår-Kallebäck 2;ENH;ENH;1;0.11
2006;rd;14803602;Skår-Kallebäck 2;Fi;FI;7;0.75
2006;rd;14803602;Skår-Kallebäck 2;JL;JL;1;0.11
2006;rd;14803602;Skår-Kallebäck 2;SD;SD;6;0.65
2006;rd;14803603;Skår-Kallebäck 3;M;M;538;55.75
2006;rd;14803603;Skår-Kallebäck 3;C;C;52;5.39
2006;rd;14803603;Skår-Kallebäck 3;FP;L;151;15.65
2006;rd;14803603;Skår-Kallebäck 3;KD;KD;83;8.60
2006;rd;14803603;Skår-Kallebäck 3;S;S;54;5.60
2006;rd;14803603;Skår-Kallebäck 3;V;V;23;2.38
2006;rd;14803603;Skår-Kallebäck 3;MP;MP;42;4.35
2006;rd;14803603;Skår-Kallebäck 3;0524;0524;8;0.83
2006;rd;14803603;Skår-Kallebäck 3;Fi;FI;5;0.52
2006;rd;14803603;Skår-Kallebäck 3;JL;JL;1;0.10
2006;rd;14803603;Skår-Kallebäck 3;SD;SD;7;0.73
2006;rd;14803603;Skår-Kallebäck 3;SPI;SPI;1;0.10
2006;rd;14803604;Skår-Kallebäck 4;M;M;297;25.21
2006;rd;14803604;Skår-Kallebäck 4;C;C;66;5.60
2006;rd;14803604;Skår-Kallebäck 4;FP;L;141;11.97
2006;rd;14803604;Skår-Kallebäck 4;KD;KD;72;6.11
2006;rd;14803604;Skår-Kallebäck 4;S;S;325;27.59
2006;rd;14803604;Skår-Kallebäck 4;V;V;99;8.40
2006;rd;14803604;Skår-Kallebäck 4;MP;MP;112;9.51
2006;rd;14803604;Skår-Kallebäck 4;0524;0524;18;1.53
2006;rd;14803604;Skår-Kallebäck 4;ENH;ENH;1;0.08
2006;rd;14803604;Skår-Kallebäck 4;Fi;FI;15;1.27
2006;rd;14803604;Skår-Kallebäck 4;JL;JL;6;0.51
2006;rd;14803604;Skår-Kallebäck 4;ND;ND;1;0.08
2006;rd;14803604;Skår-Kallebäck 4;NYF;NYF;1;0.08
2006;rd;14803604;Skår-Kallebäck 4;SD;SD;20;1.70
2006;rd;14803604;Skår-Kallebäck 4;Sjvåp;SJVÅP;2;0.17
2006;rd;14803604;Skår-Kallebäck 4;SPI;SPI;2;0.17
2006;rd;14803605;Skår-Kallebäck 5;M;M;257;30.60
2006;rd;14803605;Skår-Kallebäck 5;C;C;28;3.33
2006;rd;14803605;Skår-Kallebäck 5;FP;L;93;11.07
2006;rd;14803605;Skår-Kallebäck 5;KD;KD;49;5.83
2006;rd;14803605;Skår-Kallebäck 5;S;S;235;27.98
2006;rd;14803605;Skår-Kallebäck 5;V;V;73;8.69
2006;rd;14803605;Skår-Kallebäck 5;MP;MP;52;6.19
2006;rd;14803605;Skår-Kallebäck 5;0524;0524;6;0.71
2006;rd;14803605;Skår-Kallebäck 5;Fi;FI;6;0.71
2006;rd;14803605;Skår-Kallebäck 5;JL;JL;5;0.60
2006;rd;14803605;Skår-Kallebäck 5;SD;SD;30;3.57
2006;rd;14803605;Skår-Kallebäck 5;Sjvåp;SJVÅP;2;0.24
2006;rd;14803605;Skår-Kallebäck 5;SPI;SPI;4;0.48
2006;rd;14803701;Torpa 1;M;M;163;21.42
2006;rd;14803701;Torpa 1;C;C;33;4.34
2006;rd;14803701;Torpa 1;FP;L;73;9.59
2006;rd;14803701;Torpa 1;KD;KD;63;8.28
2006;rd;14803701;Torpa 1;S;S;244;32.06
2006;rd;14803701;Torpa 1;V;V;69;9.07
2006;rd;14803701;Torpa 1;MP;MP;64;8.41
2006;rd;14803701;Torpa 1;0524;0524;5;0.66
2006;rd;14803701;Torpa 1;0603;0603;1;0.13
2006;rd;14803701;Torpa 1;0638;0638;1;0.13
2006;rd;14803701;Torpa 1;Fi;FI;6;0.79
2006;rd;14803701;Torpa 1;JL;JL;3;0.39
2006;rd;14803701;Torpa 1;SD;SD;30;3.94
2006;rd;14803701;Torpa 1;Sjvåp;SJVÅP;2;0.26
2006;rd;14803701;Torpa 1;SPI;SPI;3;0.39
2006;rd;14803701;Torpa 1;ÖVR;ÖVR;1;0.13
2006;rd;14803702;Torpa 2;M;M;276;21.00
2006;rd;14803702;Torpa 2;C;C;69;5.25
2006;rd;14803702;Torpa 2;FP;L;148;11.26
2006;rd;14803702;Torpa 2;KD;KD;74;5.63
2006;rd;14803702;Torpa 2;S;S;401;30.52
2006;rd;14803702;Torpa 2;V;V;144;10.96
2006;rd;14803702;Torpa 2;MP;MP;118;8.98
2006;rd;14803702;Torpa 2;0524;0524;12;0.91
2006;rd;14803702;Torpa 2;0538;0538;1;0.08
2006;rd;14803702;Torpa 2;Fi;FI;25;1.90
2006;rd;14803702;Torpa 2;JL;JL;1;0.08
2006;rd;14803702;Torpa 2;NYF;NYF;1;0.08
2006;rd;14803702;Torpa 2;SD;SD;39;2.97
2006;rd;14803702;Torpa 2;Sjvåp;SJVÅP;3;0.23
2006;rd;14803702;Torpa 2;SPI;SPI;2;0.15
2006;rd;14803801;Överås-Kärralund 1;M;M;470;57.11
2006;rd;14803801;Överås-Kärralund 1;C;C;37;4.50
2006;rd;14803801;Överås-Kärralund 1;FP;L;104;12.64
2006;rd;14803801;Överås-Kärralund 1;KD;KD;64;7.78
2006;rd;14803801;Överås-Kärralund 1;S;S;66;8.02
2006;rd;14803801;Överås-Kärralund 1;V;V;18;2.19
2006;rd;14803801;Överås-Kärralund 1;MP;MP;51;6.20
2006;rd;14803801;Överås-Kärralund 1;0524;0524;4;0.49
2006;rd;14803801;Överås-Kärralund 1;ENH;ENH;1;0.12
2006;rd;14803801;Överås-Kärralund 1;Fi;FI;2;0.24
2006;rd;14803801;Överås-Kärralund 1;JL;JL;2;0.24
2006;rd;14803801;Överås-Kärralund 1;SD;SD;3;0.36
2006;rd;14803801;Överås-Kärralund 1;ÖVR;ÖVR;1;0.12
2006;rd;14803802;Överås-Kärralund 2;M;M;355;44.43
2006;rd;14803802;Överås-Kärralund 2;C;C;43;5.38
2006;rd;14803802;Överås-Kärralund 2;FP;L;133;16.65
2006;rd;14803802;Överås-Kärralund 2;KD;KD;62;7.76
2006;rd;14803802;Överås-Kärralund 2;S;S;80;10.01
2006;rd;14803802;Överås-Kärralund 2;V;V;35;4.38
2006;rd;14803802;Överås-Kärralund 2;MP;MP;72;9.01
2006;rd;14803802;Överås-Kärralund 2;0524;0524;1;0.13
2006;rd;14803802;Överås-Kärralund 2;Fi;FI;9;1.13
2006;rd;14803802;Överås-Kärralund 2;JL;JL;1;0.13
2006;rd;14803802;Överås-Kärralund 2;SD;SD;7;0.88
2006;rd;14803802;Överås-Kärralund 2;SPI;SPI;1;0.13
2006;rd;14803803;Överås-Kärralund 3;M;M;494;34.38
2006;rd;14803803;Överås-Kärralund 3;C;C;104;7.24
2006;rd;14803803;Överås-Kärralund 3;FP;L;237;16.49
2006;rd;14803803;Överås-Kärralund 3;KD;KD;98;6.82
2006;rd;14803803;Överås-Kärralund 3;S;S;239;16.63
2006;rd;14803803;Överås-Kärralund 3;V;V;77;5.36
2006;rd;14803803;Överås-Kärralund 3;MP;MP;138;9.60
2006;rd;14803803;Överås-Kärralund 3;0524;0524;2;0.14
2006;rd;14803803;Överås-Kärralund 3;ENH;ENH;2;0.14
2006;rd;14803803;Överås-Kärralund 3;Fi;FI;17;1.18
2006;rd;14803803;Överås-Kärralund 3;JL;JL;5;0.35
2006;rd;14803803;Överås-Kärralund 3;SD;SD;17;1.18
2006;rd;14803803;Överås-Kärralund 3;Sjvåp;SJVÅP;3;0.21
2006;rd;14803803;Överås-Kärralund 3;SPI;SPI;4;0.28
2006;rd;1480VK02;I vallokal ej räknade röster;M;M;446;25.98
2006;rd;1480VK02;I vallokal ej räknade röster;C;C;63;3.67
2006;rd;1480VK02;I vallokal ej räknade röster;FP;L;149;8.68
2006;rd;1480VK02;I vallokal ej räknade röster;KD;KD;85;4.95
2006;rd;1480VK02;I vallokal ej räknade röster;S;S;529;30.81
2006;rd;1480VK02;I vallokal ej räknade röster;V;V;171;9.96
2006;rd;1480VK02;I vallokal ej räknade röster;MP;MP;179;10.43
2006;rd;1480VK02;I vallokal ej räknade röster;0524;0524;20;1.16
2006;rd;1480VK02;I vallokal ej räknade röster;0538;0538;1;0.06
2006;rd;1480VK02;I vallokal ej räknade röster;Fi;FI;30;1.75
2006;rd;1480VK02;I vallokal ej räknade röster;JL;JL;3;0.17
2006;rd;1480VK02;I vallokal ej räknade röster;ND;ND;1;0.06
2006;rd;1480VK02;I vallokal ej räknade röster;RS;RS;1;0.06
2006;rd;1480VK02;I vallokal ej räknade röster;SD;SD;31;1.81
2006;rd;1480VK02;I vallokal ej räknade röster;Sjvåp;SJVÅP;3;0.17
2006;rd;1480VK02;I vallokal ej räknade röster;SPI;SPI;3;0.17
2006;rd;1480VK02;I vallokal ej räknade röster;ÖVR;ÖVR;2;0.12
2006;rd;14805001;Annedal-Haga 1;M;M;341;25.91
2006;rd;14805001;Annedal-Haga 1;C;C;51;3.88
2006;rd;14805001;Annedal-Haga 1;FP;L;144;10.94
2006;rd;14805001;Annedal-Haga 1;KD;KD;57;4.33
2006;rd;14805001;Annedal-Haga 1;S;S;269;20.44
2006;rd;14805001;Annedal-Haga 1;V;V;165;12.54
2006;rd;14805001;Annedal-Haga 1;MP;MP;211;16.03
2006;rd;14805001;Annedal-Haga 1;0524;0524;9;0.68
2006;rd;14805001;Annedal-Haga 1;0638;0638;1;0.08
2006;rd;14805001;Annedal-Haga 1;ENH;ENH;1;0.08
2006;rd;14805001;Annedal-Haga 1;Fi;FI;35;2.66
2006;rd;14805001;Annedal-Haga 1;JL;JL;3;0.23
2006;rd;14805001;Annedal-Haga 1;SD;SD;23;1.75
2006;rd;14805001;Annedal-Haga 1;Sjvåp;SJVÅP;3;0.23
2006;rd;14805001;Annedal-Haga 1;ÖVR;ÖVR;3;0.23
2006;rd;14805002;Annedal-Haga 2;M;M;325;26.13
2006;rd;14805002;Annedal-Haga 2;C;C;75;6.03
2006;rd;14805002;Annedal-Haga 2;FP;L;128;10.29
2006;rd;14805002;Annedal-Haga 2;KD;KD;35;2.81
2006;rd;14805002;Annedal-Haga 2;S;S;267;21.46
2006;rd;14805002;Annedal-Haga 2;V;V;157;12.62
2006;rd;14805002;Annedal-Haga 2;MP;MP;207;16.64
2006;rd;14805002;Annedal-Haga 2;0524;0524;5;0.40
2006;rd;14805002;Annedal-Haga 2;Fi;FI;29;2.33
2006;rd;14805002;Annedal-Haga 2;JL;JL;4;0.32
2006;rd;14805002;Annedal-Haga 2;ND;ND;1;0.08
2006;rd;14805002;Annedal-Haga 2;RS;RS;1;0.08
2006;rd;14805002;Annedal-Haga 2;SD;SD;10;0.80
2006;rd;14805003;Annedal-Haga 3;M;M;521;36.79
2006;rd;14805003;Annedal-Haga 3;C;C;82;5.79
2006;rd;14805003;Annedal-Haga 3;FP;L;182;12.85
2006;rd;14805003;Annedal-Haga 3;KD;KD;95;6.71
2006;rd;14805003;Annedal-Haga 3;S;S;254;17.94
2006;rd;14805003;Annedal-Haga 3;V;V;86;6.07
2006;rd;14805003;Annedal-Haga 3;MP;MP;130;9.18
2006;rd;14805003;Annedal-Haga 3;0524;0524;13;0.92
2006;rd;14805003;Annedal-Haga 3;0538;0538;1;0.07
2006;rd;14805003;Annedal-Haga 3;ENH;ENH;1;0.07
2006;rd;14805003;Annedal-Haga 3;Fi;FI;17;1.20
2006;rd;14805003;Annedal-Haga 3;JL;JL;6;0.42
2006;rd;14805003;Annedal-Haga 3;SD;SD;24;1.69
2006;rd;14805003;Annedal-Haga 3;SPI;SPI;2;0.14
2006;rd;14805003;Annedal-Haga 3;UP;UP;1;0.07
2006;rd;14805003;Annedal-Haga 3;ÖVR;ÖVR;1;0.07
2006;rd;14805004;Annedal-Haga 4;M;M;358;27.95
2006;rd;14805004;Annedal-Haga 4;C;C;67;5.23
2006;rd;14805004;Annedal-Haga 4;FP;L;140;10.93
2006;rd;14805004;Annedal-Haga 4;KD;KD;81;6.32
2006;rd;14805004;Annedal-Haga 4;S;S;305;23.81
2006;rd;14805004;Annedal-Haga 4;V;V;125;9.76
2006;rd;14805004;Annedal-Haga 4;MP;MP;136;10.62
2006;rd;14805004;Annedal-Haga 4;0524;0524;4;0.31
2006;rd;14805004;Annedal-Haga 4;Fi;FI;21;1.64
2006;rd;14805004;Annedal-Haga 4;JL;JL;3;0.23
2006;rd;14805004;Annedal-Haga 4;ND;ND;2;0.16
2006;rd;14805004;Annedal-Haga 4;SD;SD;32;2.50
2006;rd;14805004;Annedal-Haga 4;Sjvåp;SJVÅP;2;0.16
2006;rd;14805004;Annedal-Haga 4;SPI;SPI;4;0.31
2006;rd;14805004;Annedal-Haga 4;ÖVR;ÖVR;1;0.08
2006;rd;14805005;Annedal-Haga 5;M;M;323;36.01
2006;rd;14805005;Annedal-Haga 5;C;C;56;6.24
2006;rd;14805005;Annedal-Haga 5;FP;L;132;14.72
2006;rd;14805005;Annedal-Haga 5;KD;KD;82;9.14
2006;rd;14805005;Annedal-Haga 5;S;S;99;11.04
2006;rd;14805005;Annedal-Haga 5;V;V;57;6.35
2006;rd;14805005;Annedal-Haga 5;MP;MP;123;13.71
2006;rd;14805005;Annedal-Haga 5;0524;0524;3;0.33
2006;rd;14805005;Annedal-Haga 5;AKTD;AKTD;1;0.11
2006;rd;14805005;Annedal-Haga 5;Fi;FI;12;1.34
2006;rd;14805005;Annedal-Haga 5;JL;JL;2;0.22
2006;rd;14805005;Annedal-Haga 5;SD;SD;7;0.78
2006;rd;14805101;Guldheden 1;M;M;382;34.17
2006;rd;14805101;Guldheden 1;C;C;98;8.77
2006;rd;14805101;Guldheden 1;FP;L;192;17.17
2006;rd;14805101;Guldheden 1;KD;KD;61;5.46
2006;rd;14805101;Guldheden 1;S;S;151;13.51
2006;rd;14805101;Guldheden 1;V;V;81;7.25
2006;rd;14805101;Guldheden 1;MP;MP;108;9.66
2006;rd;14805101;Guldheden 1;0524;0524;9;0.81
2006;rd;14805101;Guldheden 1;0638;0638;1;0.09
2006;rd;14805101;Guldheden 1;AKTD;AKTD;1;0.09
2006;rd;14805101;Guldheden 1;Fi;FI;19;1.70
2006;rd;14805101;Guldheden 1;JL;JL;3;0.27
2006;rd;14805101;Guldheden 1;ND;ND;2;0.18
2006;rd;14805101;Guldheden 1;RS;RS;1;0.09
2006;rd;14805101;Guldheden 1;SD;SD;9;0.81
2006;rd;14805102;Guldheden 2;M;M;336;32.62
2006;rd;14805102;Guldheden 2;C;C;79;7.67
2006;rd;14805102;Guldheden 2;FP;L;133;12.91
2006;rd;14805102;Guldheden 2;KD;KD;66;6.41
2006;rd;14805102;Guldheden 2;S;S;148;14.37
2006;rd;14805102;Guldheden 2;V;V;88;8.54
2006;rd;14805102;Guldheden 2;MP;MP;136;13.20
2006;rd;14805102;Guldheden 2;0524;0524;5;0.49
2006;rd;14805102;Guldheden 2;Fi;FI;15;1.46
2006;rd;14805102;Guldheden 2;JL;JL;2;0.19
2006;rd;14805102;Guldheden 2;SD;SD;15;1.46
2006;rd;14805102;Guldheden 2;Sjvåp;SJVÅP;3;0.29
2006;rd;14805102;Guldheden 2;SPI;SPI;4;0.39
2006;rd;14805103;Guldheden 3;M;M;262;26.87
2006;rd;14805103;Guldheden 3;C;C;42;4.31
2006;rd;14805103;Guldheden 3;FP;L;120;12.31
2006;rd;14805103;Guldheden 3;KD;KD;81;8.31
2006;rd;14805103;Guldheden 3;S;S;216;22.15
2006;rd;14805103;Guldheden 3;V;V;96;9.85
2006;rd;14805103;Guldheden 3;MP;MP;104;10.67
2006;rd;14805103;Guldheden 3;0524;0524;3;0.31
2006;rd;14805103;Guldheden 3;Fi;FI;24;2.46
2006;rd;14805103;Guldheden 3;JL;JL;3;0.31
2006;rd;14805103;Guldheden 3;NYF;NYF;1;0.10
2006;rd;14805103;Guldheden 3;SD;SD;18;1.85
2006;rd;14805103;Guldheden 3;Sjvåp;SJVÅP;1;0.10
2006;rd;14805103;Guldheden 3;SPI;SPI;3;0.31
2006;rd;14805103;Guldheden 3;ÖVR;ÖVR;1;0.10
2006;rd;14805104;Guldheden 4;M;M;229;23.42
2006;rd;14805104;Guldheden 4;C;C;80;8.18
2006;rd;14805104;Guldheden 4;FP;L;114;11.66
2006;rd;14805104;Guldheden 4;KD;KD;78;7.98
2006;rd;14805104;Guldheden 4;S;S;219;22.39
2006;rd;14805104;Guldheden 4;V;V;88;9.00
2006;rd;14805104;Guldheden 4;MP;MP;109;11.15
2006;rd;14805104;Guldheden 4;0524;0524;7;0.72
2006;rd;14805104;Guldheden 4;ENH;ENH;2;0.20
2006;rd;14805104;Guldheden 4;Fi;FI;23;2.35
2006;rd;14805104;Guldheden 4;JL;JL;1;0.10
2006;rd;14805104;Guldheden 4;SD;SD;26;2.66
2006;rd;14805104;Guldheden 4;Sjvåp;SJVÅP;2;0.20
2006;rd;14805105;Guldheden 5;M;M;271;22.10
2006;rd;14805105;Guldheden 5;C;C;55;4.49
2006;rd;14805105;Guldheden 5;FP;L;131;10.69
2006;rd;14805105;Guldheden 5;KD;KD;74;6.04
2006;rd;14805105;Guldheden 5;S;S;296;24.14
2006;rd;14805105;Guldheden 5;V;V;143;11.66
2006;rd;14805105;Guldheden 5;MP;MP;168;13.70
2006;rd;14805105;Guldheden 5;0524;0524;14;1.14
2006;rd;14805105;Guldheden 5;0538;0538;1;0.08
2006;rd;14805105;Guldheden 5;0638;0638;1;0.08
2006;rd;14805105;Guldheden 5;ENH;ENH;1;0.08
2006;rd;14805105;Guldheden 5;Fi;FI;25;2.04
2006;rd;14805105;Guldheden 5;JL;JL;3;0.24
2006;rd;14805105;Guldheden 5;RS;RS;1;0.08
2006;rd;14805105;Guldheden 5;SD;SD;36;2.94
2006;rd;14805105;Guldheden 5;Sjvåp;SJVÅP;2;0.16
2006;rd;14805105;Guldheden 5;SPI;SPI;4;0.33
2006;rd;14805106;Guldheden 6;M;M;208;23.24
2006;rd;14805106;Guldheden 6;C;C;44;4.92
2006;rd;14805106;Guldheden 6;FP;L;84;9.39
2006;rd;14805106;Guldheden 6;KD;KD;52;5.81
2006;rd;14805106;Guldheden 6;S;S;230;25.70
2006;rd;14805106;Guldheden 6;V;V;81;9.05
2006;rd;14805106;Guldheden 6;MP;MP;136;15.20
2006;rd;14805106;Guldheden 6;0524;0524;5;0.56
2006;rd;14805106;Guldheden 6;Fi;FI;22;2.46
2006;rd;14805106;Guldheden 6;JL;JL;2;0.22
2006;rd;14805106;Guldheden 6;SD;SD;24;2.68
2006;rd;14805106;Guldheden 6;Sjvåp;SJVÅP;2;0.22
2006;rd;14805106;Guldheden 6;SPI;SPI;5;0.56
2006;rd;14805201;Johanneberg-Landala 1;M;M;475;36.04
2006;rd;14805201;Johanneberg-Landala 1;C;C;120;9.10
2006;rd;14805201;Johanneberg-Landala 1;FP;L;194;14.72
2006;rd;14805201;Johanneberg-Landala 1;KD;KD;77;5.84
2006;rd;14805201;Johanneberg-Landala 1;S;S;207;15.71
2006;rd;14805201;Johanneberg-Landala 1;V;V;64;4.86
2006;rd;14805201;Johanneberg-Landala 1;MP;MP;123;9.33
2006;rd;14805201;Johanneberg-Landala 1;0524;0524;15;1.14
2006;rd;14805201;Johanneberg-Landala 1;Fi;FI;19;1.44
2006;rd;14805201;Johanneberg-Landala 1;JL;JL;1;0.08
2006;rd;14805201;Johanneberg-Landala 1;SD;SD;22;1.67
2006;rd;14805201;Johanneberg-Landala 1;Sjvåp;SJVÅP;1;0.08
2006;rd;14805202;Johanneberg-Landala 2;M;M;423;38.28
2006;rd;14805202;Johanneberg-Landala 2;C;C;80;7.24
2006;rd;14805202;Johanneberg-Landala 2;FP;L;169;15.29
2006;rd;14805202;Johanneberg-Landala 2;KD;KD;58;5.25
2006;rd;14805202;Johanneberg-Landala 2;S;S;180;16.29
2006;rd;14805202;Johanneberg-Landala 2;V;V;43;3.89
2006;rd;14805202;Johanneberg-Landala 2;MP;MP;99;8.96
2006;rd;14805202;Johanneberg-Landala 2;0524;0524;8;0.72
2006;rd;14805202;Johanneberg-Landala 2;Fi;FI;16;1.45
2006;rd;14805202;Johanneberg-Landala 2;JL;JL;4;0.36
2006;rd;14805202;Johanneberg-Landala 2;ND;ND;1;0.09
2006;rd;14805202;Johanneberg-Landala 2;RS;RS;2;0.18
2006;rd;14805202;Johanneberg-Landala 2;SD;SD;16;1.45
2006;rd;14805202;Johanneberg-Landala 2;Sjvåp;SJVÅP;4;0.36
2006;rd;14805202;Johanneberg-Landala 2;SPI;SPI;2;0.18
2006;rd;14805203;Johanneberg-Landala 3;M;M;448;38.06
2006;rd;14805203;Johanneberg-Landala 3;C;C;84;7.14
2006;rd;14805203;Johanneberg-Landala 3;FP;L;173;14.70
2006;rd;14805203;Johanneberg-Landala 3;KD;KD;64;5.44
2006;rd;14805203;Johanneberg-Landala 3;S;S;168;14.27
2006;rd;14805203;Johanneberg-Landala 3;V;V;58;4.93
2006;rd;14805203;Johanneberg-Landala 3;MP;MP;120;10.20
2006;rd;14805203;Johanneberg-Landala 3;0524;0524;18;1.53
2006;rd;14805203;Johanneberg-Landala 3;0603;0603;1;0.08
2006;rd;14805203;Johanneberg-Landala 3;0638;0638;1;0.08
2006;rd;14805203;Johanneberg-Landala 3;AKTD;AKTD;1;0.08
2006;rd;14805203;Johanneberg-Landala 3;ENH;ENH;2;0.17
2006;rd;14805203;Johanneberg-Landala 3;Fi;FI;16;1.36
2006;rd;14805203;Johanneberg-Landala 3;JL;JL;6;0.51
2006;rd;14805203;Johanneberg-Landala 3;RS;RS;1;0.08
2006;rd;14805203;Johanneberg-Landala 3;SD;SD;10;0.85
2006;rd;14805203;Johanneberg-Landala 3;Sjvåp;SJVÅP;3;0.25
2006;rd;14805203;Johanneberg-Landala 3;SPI;SPI;3;0.25
2006;rd;14805204;Johanneberg-Landala 4;M;M;606;50.63
2006;rd;14805204;Johanneberg-Landala 4;C;C;73;6.10
2006;rd;14805204;Johanneberg-Landala 4;FP;L;174;14.54
2006;rd;14805204;Johanneberg-Landala 4;KD;KD;75;6.27
2006;rd;14805204;Johanneberg-Landala 4;S;S;116;9.69
2006;rd;14805204;Johanneberg-Landala 4;V;V;41;3.43
2006;rd;14805204;Johanneberg-Landala 4;MP;MP;75;6.27
2006;rd;14805204;Johanneberg-Landala 4;0524;0524;6;0.50
2006;rd;14805204;Johanneberg-Landala 4;Fi;FI;15;1.25
2006;rd;14805204;Johanneberg-Landala 4;JL;JL;1;0.08
2006;rd;14805204;Johanneberg-Landala 4;SD;SD;15;1.25
2006;rd;14805205;Johanneberg-Landala 5;M;M;173;26.21
2006;rd;14805205;Johanneberg-Landala 5;C;C;29;4.39
2006;rd;14805205;Johanneberg-Landala 5;FP;L;72;10.91
2006;rd;14805205;Johanneberg-Landala 5;KD;KD;32;4.85
2006;rd;14805205;Johanneberg-Landala 5;S;S;177;26.82
2006;rd;14805205;Johanneberg-Landala 5;V;V;67;10.15
2006;rd;14805205;Johanneberg-Landala 5;MP;MP;75;11.36
2006;rd;14805205;Johanneberg-Landala 5;0524;0524;4;0.61
2006;rd;14805205;Johanneberg-Landala 5;0538;0538;1;0.15
2006;rd;14805205;Johanneberg-Landala 5;Fi;FI;12;1.82
2006;rd;14805205;Johanneberg-Landala 5;SD;SD;16;2.42
2006;rd;14805205;Johanneberg-Landala 5;ÖVR;ÖVR;2;0.30
2006;rd;14805206;Johanneberg-Landala 6;M;M;422;40.38
2006;rd;14805206;Johanneberg-Landala 6;C;C;65;6.22
2006;rd;14805206;Johanneberg-Landala 6;FP;L;149;14.26
2006;rd;14805206;Johanneberg-Landala 6;KD;KD;79;7.56
2006;rd;14805206;Johanneberg-Landala 6;S;S;150;14.35
2006;rd;14805206;Johanneberg-Landala 6;V;V;50;4.78
2006;rd;14805206;Johanneberg-Landala 6;MP;MP;86;8.23
2006;rd;14805206;Johanneberg-Landala 6;0524;0524;6;0.57
2006;rd;14805206;Johanneberg-Landala 6;ENH;ENH;2;0.19
2006;rd;14805206;Johanneberg-Landala 6;Fi;FI;14;1.34
2006;rd;14805206;Johanneberg-Landala 6;JL;JL;5;0.48
2006;rd;14805206;Johanneberg-Landala 6;SD;SD;14;1.34
2006;rd;14805206;Johanneberg-Landala 6;SPI;SPI;2;0.19
2006;rd;14805206;Johanneberg-Landala 6;ÖVR;ÖVR;1;0.10
2006;rd;14805207;Johanneberg-Landala 7;M;M;391;28.52
2006;rd;14805207;Johanneberg-Landala 7;C;C;74;5.40
2006;rd;14805207;Johanneberg-Landala 7;FP;L;163;11.89
2006;rd;14805207;Johanneberg-Landala 7;KD;KD;82;5.98
2006;rd;14805207;Johanneberg-Landala 7;S;S;328;23.92
2006;rd;14805207;Johanneberg-Landala 7;V;V;141;10.28
2006;rd;14805207;Johanneberg-Landala 7;MP;MP;130;9.48
2006;rd;14805207;Johanneberg-Landala 7;0524;0524;9;0.66
2006;rd;14805207;Johanneberg-Landala 7;0538;0538;1;0.07
2006;rd;14805207;Johanneberg-Landala 7;Fi;FI;22;1.60
2006;rd;14805207;Johanneberg-Landala 7;JL;JL;3;0.22
2006;rd;14805207;Johanneberg-Landala 7;ND;ND;1;0.07
2006;rd;14805207;Johanneberg-Landala 7;SD;SD;24;1.75
2006;rd;14805207;Johanneberg-Landala 7;ÖVR;ÖVR;2;0.15
2006;rd;14805301;Krokslätt 1;M;M;384;43.34
2006;rd;14805301;Krokslätt 1;C;C;50;5.64
2006;rd;14805301;Krokslätt 1;FP;L;108;12.19
2006;rd;14805301;Krokslätt 1;KD;KD;68;7.67
2006;rd;14805301;Krokslätt 1;S;S;127;14.33
2006;rd;14805301;Krokslätt 1;V;V;39;4.40
2006;rd;14805301;Krokslätt 1;MP;MP;74;8.35
2006;rd;14805301;Krokslätt 1;0524;0524;8;0.90
2006;rd;14805301;Krokslätt 1;ENH;ENH;1;0.11
2006;rd;14805301;Krokslätt 1;Fi;FI;11;1.24
2006;rd;14805301;Krokslätt 1;JL;JL;1;0.11
2006;rd;14805301;Krokslätt 1;SD;SD;13;1.47
2006;rd;14805301;Krokslätt 1;SPI;SPI;2;0.23
2006;rd;14805302;Krokslätt 2;M;M;383;38.80
2006;rd;14805302;Krokslätt 2;C;C;59;5.98
2006;rd;14805302;Krokslätt 2;FP;L;120;12.16
2006;rd;14805302;Krokslätt 2;KD;KD;59;5.98
2006;rd;14805302;Krokslätt 2;S;S;167;16.92
2006;rd;14805302;Krokslätt 2;V;V;66;6.69
2006;rd;14805302;Krokslätt 2;MP;MP;83;8.41
2006;rd;14805302;Krokslätt 2;0524;0524;7;0.71
2006;rd;14805302;Krokslätt 2;0603;0603;1;0.10
2006;rd;14805302;Krokslätt 2;ENH;ENH;1;0.10
2006;rd;14805302;Krokslätt 2;Fi;FI;17;1.72
2006;rd;14805302;Krokslätt 2;JL;JL;5;0.51
2006;rd;14805302;Krokslätt 2;SD;SD;14;1.42
2006;rd;14805302;Krokslätt 2;SPI;SPI;5;0.51
2006;rd;14805303;Krokslätt 3;M;M;409;31.90
2006;rd;14805303;Krokslätt 3;C;C;70;5.46
2006;rd;14805303;Krokslätt 3;FP;L;184;14.35
2006;rd;14805303;Krokslätt 3;KD;KD;81;6.32
2006;rd;14805303;Krokslätt 3;S;S;271;21.14
2006;rd;14805303;Krokslätt 3;V;V;82;6.40
2006;rd;14805303;Krokslätt 3;MP;MP;126;9.83
2006;rd;14805303;Krokslätt 3;0524;0524;10;0.78
2006;rd;14805303;Krokslätt 3;Fi;FI;22;1.72
2006;rd;14805303;Krokslätt 3;JL;JL;1;0.08
2006;rd;14805303;Krokslätt 3;SD;SD;22;1.72
2006;rd;14805303;Krokslätt 3;SPI;SPI;3;0.23
2006;rd;14805303;Krokslätt 3;ÖVR;ÖVR;1;0.08
2006;rd;14805304;Krokslätt 4;M;M;191;24.58
2006;rd;14805304;Krokslätt 4;C;C;67;8.62
2006;rd;14805304;Krokslätt 4;FP;L;94;12.10
2006;rd;14805304;Krokslätt 4;KD;KD;19;2.45
2006;rd;14805304;Krokslätt 4;S;S;110;14.16
2006;rd;14805304;Krokslätt 4;V;V;82;10.55
2006;rd;14805304;Krokslätt 4;MP;MP;131;16.86
2006;rd;14805304;Krokslätt 4;0524;0524;61;7.85
2006;rd;14805304;Krokslätt 4;Fi;FI;14;1.80
2006;rd;14805304;Krokslätt 4;SD;SD;7;0.90
2006;rd;14805304;Krokslätt 4;Sjvåp;SJVÅP;1;0.13
2006;rd;14805305;Krokslätt 5;M;M;411;33.17
2006;rd;14805305;Krokslätt 5;C;C;82;6.62
2006;rd;14805305;Krokslätt 5;FP;L;153;12.35
2006;rd;14805305;Krokslätt 5;KD;KD;72;5.81
2006;rd;14805305;Krokslätt 5;S;S;236;19.05
2006;rd;14805305;Krokslätt 5;V;V;85;6.86
2006;rd;14805305;Krokslätt 5;MP;MP;143;11.54
2006;rd;14805305;Krokslätt 5;0524;0524;16;1.29
2006;rd;14805305;Krokslätt 5;ENH;ENH;3;0.24
2006;rd;14805305;Krokslätt 5;Fi;FI;14;1.13
2006;rd;14805305;Krokslätt 5;JL;JL;3;0.24
2006;rd;14805305;Krokslätt 5;SD;SD;20;1.61
2006;rd;14805305;Krokslätt 5;SPI;SPI;1;0.08
2006;rd;14805306;Krokslätt 6;M;M;368;31.35
2006;rd;14805306;Krokslätt 6;C;C;69;5.88
2006;rd;14805306;Krokslätt 6;FP;L;165;14.05
2006;rd;14805306;Krokslätt 6;KD;KD;96;8.18
2006;rd;14805306;Krokslätt 6;S;S;257;21.89
2006;rd;14805306;Krokslätt 6;V;V;80;6.81
2006;rd;14805306;Krokslätt 6;MP;MP;97;8.26
2006;rd;14805306;Krokslätt 6;0524;0524;5;0.43
2006;rd;14805306;Krokslätt 6;ENH;ENH;1;0.09
2006;rd;14805306;Krokslätt 6;Fi;FI;17;1.45
2006;rd;14805306;Krokslätt 6;NYF;NYF;1;0.09
2006;rd;14805306;Krokslätt 6;SD;SD;11;0.94
2006;rd;14805306;Krokslätt 6;Sjvåp;SJVÅP;2;0.17
2006;rd;14805306;Krokslätt 6;SPI;SPI;3;0.26
2006;rd;14805306;Krokslätt 6;ÖVR;ÖVR;2;0.17
2006;rd;14805307;Krokslätt 7;M;M;283;31.10
2006;rd;14805307;Krokslätt 7;C;C;80;8.79
2006;rd;14805307;Krokslätt 7;FP;L;125;13.74
2006;rd;14805307;Krokslätt 7;KD;KD;41;4.51
2006;rd;14805307;Krokslätt 7;S;S;173;19.01
2006;rd;14805307;Krokslätt 7;V;V;54;5.93
2006;rd;14805307;Krokslätt 7;MP;MP;106;11.65
2006;rd;14805307;Krokslätt 7;0524;0524;24;2.64
2006;rd;14805307;Krokslätt 7;AKTD;AKTD;1;0.11
2006;rd;14805307;Krokslätt 7;Fi;FI;8;0.88
2006;rd;14805307;Krokslätt 7;JL;JL;5;0.55
2006;rd;14805307;Krokslätt 7;ND;ND;1;0.11
2006;rd;14805307;Krokslätt 7;SD;SD;8;0.88
2006;rd;14805307;Krokslätt 7;Sjvåp;SJVÅP;1;0.11
2006;rd;14805401;Lunden 1;M;M;383;30.66
2006;rd;14805401;Lunden 1;C;C;70;5.60
2006;rd;14805401;Lunden 1;FP;L;134;10.73
2006;rd;14805401;Lunden 1;KD;KD;74;5.92
2006;rd;14805401;Lunden 1;S;S;319;25.54
2006;rd;14805401;Lunden 1;V;V;89;7.13
2006;rd;14805401;Lunden 1;MP;MP;120;9.61
2006;rd;14805401;Lunden 1;0524;0524;15;1.20
2006;rd;14805401;Lunden 1;Fi;FI;13;1.04
2006;rd;14805401;Lunden 1;JL;JL;7;0.56
2006;rd;14805401;Lunden 1;SD;SD;18;1.44
2006;rd;14805401;Lunden 1;Sjvåp;SJVÅP;2;0.16
2006;rd;14805401;Lunden 1;SPI;SPI;4;0.32
2006;rd;14805401;Lunden 1;ÖVR;ÖVR;1;0.08
2006;rd;14805402;Lunden 2;M;M;313;28.56
2006;rd;14805402;Lunden 2;C;C;66;6.02
2006;rd;14805402;Lunden 2;FP;L;134;12.23
2006;rd;14805402;Lunden 2;KD;KD;47;4.29
2006;rd;14805402;Lunden 2;S;S;274;25.00
2006;rd;14805402;Lunden 2;V;V;85;7.76
2006;rd;14805402;Lunden 2;MP;MP;118;10.77
2006;rd;14805402;Lunden 2;0524;0524;7;0.64
2006;rd;14805402;Lunden 2;ENH;ENH;1;0.09
2006;rd;14805402;Lunden 2;Fi;FI;16;1.46
2006;rd;14805402;Lunden 2;JL;JL;5;0.46
2006;rd;14805402;Lunden 2;KOMM;KOMM;1;0.09
2006;rd;14805402;Lunden 2;SD;SD;28;2.55
2006;rd;14805402;Lunden 2;Sjvåp;SJVÅP;1;0.09
2006;rd;14805403;Lunden 3;M;M;286;29.58
2006;rd;14805403;Lunden 3;C;C;62;6.41
2006;rd;14805403;Lunden 3;FP;L;112;11.58
2006;rd;14805403;Lunden 3;KD;KD;72;7.45
2006;rd;14805403;Lunden 3;S;S;230;23.78
2006;rd;14805403;Lunden 3;V;V;58;6.00
2006;rd;14805403;Lunden 3;MP;MP;95;9.82
2006;rd;14805403;Lunden 3;0524;0524;6;0.62
2006;rd;14805403;Lunden 3;Fi;FI;13;1.34
2006;rd;14805403;Lunden 3;JL;JL;3;0.31
2006;rd;14805403;Lunden 3;KK;KK;1;0.10
2006;rd;14805403;Lunden 3;RS;RS;1;0.10
2006;rd;14805403;Lunden 3;SD;SD;26;2.69
2006;rd;14805403;Lunden 3;Sjvåp;SJVÅP;1;0.10
2006;rd;14805403;Lunden 3;ÖVR;ÖVR;1;0.10
2006;rd;14805404;Lunden 4;M;M;243;24.90
2006;rd;14805404;Lunden 4;C;C;52;5.33
2006;rd;14805404;Lunden 4;FP;L;118;12.09
2006;rd;14805404;Lunden 4;KD;KD;44;4.51
2006;rd;14805404;Lunden 4;S;S;253;25.92
2006;rd;14805404;Lunden 4;V;V;89;9.12
2006;rd;14805404;Lunden 4;MP;MP;128;13.11
2006;rd;14805404;Lunden 4;0524;0524;8;0.82
2006;rd;14805404;Lunden 4;Fi;FI;15;1.54
2006;rd;14805404;Lunden 4;JL;JL;4;0.41
2006;rd;14805404;Lunden 4;SD;SD;20;2.05
2006;rd;14805404;Lunden 4;SPI;SPI;2;0.20
2006;rd;14805405;Lunden 5;M;M;468;36.73
2006;rd;14805405;Lunden 5;C;C;77;6.04
2006;rd;14805405;Lunden 5;FP;L;162;12.72
2006;rd;14805405;Lunden 5;KD;KD;71;5.57
2006;rd;14805405;Lunden 5;S;S;239;18.76
2006;rd;14805405;Lunden 5;V;V;88;6.91
2006;rd;14805405;Lunden 5;MP;MP;105;8.24
2006;rd;14805405;Lunden 5;0524;0524;9;0.71
2006;rd;14805405;Lunden 5;ENH;ENH;2;0.16
2006;rd;14805405;Lunden 5;Fi;FI;11;0.86
2006;rd;14805405;Lunden 5;JL;JL;10;0.78
2006;rd;14805405;Lunden 5;ND;ND;1;0.08
2006;rd;14805405;Lunden 5;SD;SD;24;1.88
2006;rd;14805405;Lunden 5;Sjvåp;SJVÅP;5;0.39
2006;rd;14805405;Lunden 5;SPI;SPI;2;0.16
2006;rd;14805406;Lunden 6;M;M;490;38.25
2006;rd;14805406;Lunden 6;C;C;67;5.23
2006;rd;14805406;Lunden 6;FP;L;165;12.88
2006;rd;14805406;Lunden 6;KD;KD;84;6.56
2006;rd;14805406;Lunden 6;S;S;216;16.86
2006;rd;14805406;Lunden 6;V;V;93;7.26
2006;rd;14805406;Lunden 6;MP;MP;112;8.74
2006;rd;14805406;Lunden 6;0524;0524;7;0.55
2006;rd;14805406;Lunden 6;ENH;ENH;1;0.08
2006;rd;14805406;Lunden 6;Fi;FI;18;1.41
2006;rd;14805406;Lunden 6;JL;JL;2;0.16
2006;rd;14805406;Lunden 6;SD;SD;23;1.80
2006;rd;14805406;Lunden 6;Sjvåp;SJVÅP;3;0.23
2006;rd;14805501;Masthugget 1;M;M;276;29.68
2006;rd;14805501;Masthugget 1;C;C;42;4.52
2006;rd;14805501;Masthugget 1;FP;L;94;10.11
2006;rd;14805501;Masthugget 1;KD;KD;31;3.33
2006;rd;14805501;Masthugget 1;S;S;245;26.34
2006;rd;14805501;Masthugget 1;V;V;103;11.08
2006;rd;14805501;Masthugget 1;MP;MP;93;10.00
2006;rd;14805501;Masthugget 1;0524;0524;6;0.65
2006;rd;14805501;Masthugget 1;ENH;ENH;1;0.11
2006;rd;14805501;Masthugget 1;Fi;FI;19;2.04
2006;rd;14805501;Masthugget 1;JL;JL;4;0.43
2006;rd;14805501;Masthugget 1;RS;RS;1;0.11
2006;rd;14805501;Masthugget 1;SD;SD;13;1.40
2006;rd;14805501;Masthugget 1;Sjvåp;SJVÅP;1;0.11
2006;rd;14805501;Masthugget 1;ÖVR;ÖVR;1;0.11
2006;rd;14805502;Masthugget 2;M;M;199;20.18
2006;rd;14805502;Masthugget 2;C;C;69;7.00
2006;rd;14805502;Masthugget 2;FP;L;107;10.85
2006;rd;14805502;Masthugget 2;KD;KD;26;2.64
2006;rd;14805502;Masthugget 2;S;S;197;19.98
2006;rd;14805502;Masthugget 2;V;V;176;17.85
2006;rd;14805502;Masthugget 2;MP;MP;168;17.04
2006;rd;14805502;Masthugget 2;0524;0524;14;1.42
2006;rd;14805502;Masthugget 2;ENH;ENH;1;0.10
2006;rd;14805502;Masthugget 2;Fi;FI;16;1.62
2006;rd;14805502;Masthugget 2;JL;JL;1;0.10
2006;rd;14805502;Masthugget 2;ND;ND;1;0.10
2006;rd;14805502;Masthugget 2;SD;SD;9;0.91
2006;rd;14805502;Masthugget 2;Sjvåp;SJVÅP;1;0.10
2006;rd;14805502;Masthugget 2;ÖVR;ÖVR;1;0.10
2006;rd;14805503;Masthugget 3;M;M;219;24.61
2006;rd;14805503;Masthugget 3;C;C;36;4.04
2006;rd;14805503;Masthugget 3;FP;L;82;9.21
2006;rd;14805503;Masthugget 3;KD;KD;34;3.82
2006;rd;14805503;Masthugget 3;S;S;204;22.92
2006;rd;14805503;Masthugget 3;V;V;146;16.40
2006;rd;14805503;Masthugget 3;MP;MP;126;14.16
2006;rd;14805503;Masthugget 3;0524;0524;7;0.79
2006;rd;14805503;Masthugget 3;Fi;FI;15;1.69
2006;rd;14805503;Masthugget 3;JL;JL;3;0.34
2006;rd;14805503;Masthugget 3;SD;SD;16;1.80
2006;rd;14805503;Masthugget 3;Sjvåp;SJVÅP;1;0.11
2006;rd;14805503;Masthugget 3;ÖVR;ÖVR;1;0.11
2006;rd;14805504;Masthugget 4;M;M;200;24.48
2006;rd;14805504;Masthugget 4;C;C;30;3.67
2006;rd;14805504;Masthugget 4;FP;L;81;9.91
2006;rd;14805504;Masthugget 4;KD;KD;32;3.92
2006;rd;14805504;Masthugget 4;S;S;210;25.70
2006;rd;14805504;Masthugget 4;V;V;97;11.87
2006;rd;14805504;Masthugget 4;MP;MP;106;12.97
2006;rd;14805504;Masthugget 4;0524;0524;5;0.61
2006;rd;14805504;Masthugget 4;Fi;FI;22;2.69
2006;rd;14805504;Masthugget 4;JL;JL;3;0.37
2006;rd;14805504;Masthugget 4;SD;SD;24;2.94
2006;rd;14805504;Masthugget 4;Sjvåp;SJVÅP;1;0.12
2006;rd;14805504;Masthugget 4;SPI;SPI;5;0.61
2006;rd;14805504;Masthugget 4;ÖVR;ÖVR;1;0.12
2006;rd;14805505;Masthugget 5;M;M;222;18.30
2006;rd;14805505;Masthugget 5;C;C;55;4.53
2006;rd;14805505;Masthugget 5;FP;L;116;9.56
2006;rd;14805505;Masthugget 5;KD;KD;37;3.05
2006;rd;14805505;Masthugget 5;S;S;247;20.36
2006;rd;14805505;Masthugget 5;V;V;196;16.16
2006;rd;14805505;Masthugget 5;MP;MP;269;22.18
2006;rd;14805505;Masthugget 5;0524;0524;10;0.82
2006;rd;14805505;Masthugget 5;ENH;ENH;1;0.08
2006;rd;14805505;Masthugget 5;Fi;FI;36;2.97
2006;rd;14805505;Masthugget 5;JL;JL;3;0.25
2006;rd;14805505;Masthugget 5;ND;ND;1;0.08
2006;rd;14805505;Masthugget 5;RS;RS;1;0.08
2006;rd;14805505;Masthugget 5;SD;SD;14;1.15
2006;rd;14805505;Masthugget 5;Sjvåp;SJVÅP;3;0.25
2006;rd;14805505;Masthugget 5;SPI;SPI;2;0.16
2006;rd;14805506;Masthugget 6;M;M;227;19.84
2006;rd;14805506;Masthugget 6;C;C;56;4.90
2006;rd;14805506;Masthugget 6;FP;L;98;8.57
2006;rd;14805506;Masthugget 6;KD;KD;63;5.51
2006;rd;14805506;Masthugget 6;S;S;254;22.20
2006;rd;14805506;Masthugget 6;V;V;176;15.38
2006;rd;14805506;Masthugget 6;MP;MP;216;18.88
2006;rd;14805506;Masthugget 6;0524;0524;9;0.79
2006;rd;14805506;Masthugget 6;ENH;ENH;1;0.09
2006;rd;14805506;Masthugget 6;Fi;FI;20;1.75
2006;rd;14805506;Masthugget 6;JL;JL;4;0.35
2006;rd;14805506;Masthugget 6;ND;ND;1;0.09
2006;rd;14805506;Masthugget 6;SD;SD;15;1.31
2006;rd;14805506;Masthugget 6;Sjvåp;SJVÅP;1;0.09
2006;rd;14805506;Masthugget 6;SPI;SPI;3;0.26
2006;rd;14805507;Masthugget 7;M;M;186;17.65
2006;rd;14805507;Masthugget 7;C;C;44;4.17
2006;rd;14805507;Masthugget 7;FP;L;105;9.96
2006;rd;14805507;Masthugget 7;KD;KD;54;5.12
2006;rd;14805507;Masthugget 7;S;S;190;18.03
2006;rd;14805507;Masthugget 7;V;V;216;20.49
2006;rd;14805507;Masthugget 7;MP;MP;195;18.50
2006;rd;14805507;Masthugget 7;0524;0524;8;0.76
2006;rd;14805507;Masthugget 7;0638;0638;1;0.09
2006;rd;14805507;Masthugget 7;Fi;FI;32;3.04
2006;rd;14805507;Masthugget 7;JL;JL;3;0.28
2006;rd;14805507;Masthugget 7;SD;SD;15;1.42
2006;rd;14805507;Masthugget 7;Sjvåp;SJVÅP;2;0.19
2006;rd;14805507;Masthugget 7;ÖVR;ÖVR;3;0.28
2006;rd;14805601;Olivedal 1;M;M;444;34.69
2006;rd;14805601;Olivedal 1;C;C;87;6.80
2006;rd;14805601;Olivedal 1;FP;L;164;12.81
2006;rd;14805601;Olivedal 1;KD;KD;39;3.05
2006;rd;14805601;Olivedal 1;S;S;195;15.23
2006;rd;14805601;Olivedal 1;V;V;111;8.67
2006;rd;14805601;Olivedal 1;MP;MP;179;13.98
2006;rd;14805601;Olivedal 1;0524;0524;9;0.70
2006;rd;14805601;Olivedal 1;ENH;ENH;3;0.23
2006;rd;14805601;Olivedal 1;Fi;FI;26;2.03
2006;rd;14805601;Olivedal 1;JL;JL;2;0.16
2006;rd;14805601;Olivedal 1;SD;SD;16;1.25
2006;rd;14805601;Olivedal 1;Sjvåp;SJVÅP;4;0.31
2006;rd;14805601;Olivedal 1;ÖVR;ÖVR;1;0.08
2006;rd;14805602;Olivedal 2;M;M;314;32.78
2006;rd;14805602;Olivedal 2;C;C;53;5.53
2006;rd;14805602;Olivedal 2;FP;L;137;14.30
2006;rd;14805602;Olivedal 2;KD;KD;48;5.01
2006;rd;14805602;Olivedal 2;S;S;150;15.66
2006;rd;14805602;Olivedal 2;V;V;93;9.71
2006;rd;14805602;Olivedal 2;MP;MP;118;12.32
2006;rd;14805602;Olivedal 2;0524;0524;2;0.21
2006;rd;14805602;Olivedal 2;0538;0538;1;0.10
2006;rd;14805602;Olivedal 2;ENH;ENH;2;0.21
2006;rd;14805602;Olivedal 2;Fi;FI;16;1.67
2006;rd;14805602;Olivedal 2;JL;JL;4;0.42
2006;rd;14805602;Olivedal 2;ND;ND;2;0.21
2006;rd;14805602;Olivedal 2;SD;SD;16;1.67
2006;rd;14805602;Olivedal 2;SPI;SPI;2;0.21
2006;rd;14805603;Olivedal 3;M;M;337;33.80
2006;rd;14805603;Olivedal 3;C;C;60;6.02
2006;rd;14805603;Olivedal 3;FP;L;149;14.94
2006;rd;14805603;Olivedal 3;KD;KD;39;3.91
2006;rd;14805603;Olivedal 3;S;S;188;18.86
2006;rd;14805603;Olivedal 3;V;V;83;8.32
2006;rd;14805603;Olivedal 3;MP;MP;104;10.43
2006;rd;14805603;Olivedal 3;0524;0524;1;0.10
2006;rd;14805603;Olivedal 3;Fi;FI;19;1.91
2006;rd;14805603;Olivedal 3;SD;SD;13;1.30
2006;rd;14805603;Olivedal 3;Sjvåp;SJVÅP;1;0.10
2006;rd;14805603;Olivedal 3;SPI;SPI;3;0.30
2006;rd;14805604;Olivedal 4;M;M;428;38.56
2006;rd;14805604;Olivedal 4;C;C;58;5.23
2006;rd;14805604;Olivedal 4;FP;L;177;15.95
2006;rd;14805604;Olivedal 4;KD;KD;84;7.57
2006;rd;14805604;Olivedal 4;S;S;181;16.31
2006;rd;14805604;Olivedal 4;V;V;78;7.03
2006;rd;14805604;Olivedal 4;MP;MP;76;6.85
2006;rd;14805604;Olivedal 4;0524;0524;4;0.36
2006;rd;14805604;Olivedal 4;AKTD;AKTD;1;0.09
2006;rd;14805604;Olivedal 4;ENH;ENH;1;0.09
2006;rd;14805604;Olivedal 4;Fi;FI;9;0.81
2006;rd;14805604;Olivedal 4;JL;JL;2;0.18
2006;rd;14805604;Olivedal 4;SD;SD;10;0.90
2006;rd;14805604;Olivedal 4;Sjvåp;SJVÅP;1;0.09
2006;rd;14805605;Olivedal 5;M;M;323;38.92
2006;rd;14805605;Olivedal 5;C;C;45;5.42
2006;rd;14805605;Olivedal 5;FP;L;131;15.78
2006;rd;14805605;Olivedal 5;KD;KD;49;5.90
2006;rd;14805605;Olivedal 5;S;S;109;13.13
2006;rd;14805605;Olivedal 5;V;V;57;6.87
2006;rd;14805605;Olivedal 5;MP;MP;83;10.00
2006;rd;14805605;Olivedal 5;0524;0524;7;0.84
2006;rd;14805605;Olivedal 5;Fi;FI;14;1.69
2006;rd;14805605;Olivedal 5;JL;JL;3;0.36
2006;rd;14805605;Olivedal 5;SD;SD;8;0.96
2006;rd;14805605;Olivedal 5;ÖVR;ÖVR;1;0.12
2006;rd;14805606;Olivedal 6;M;M;400;30.30
2006;rd;14805606;Olivedal 6;C;C;68;5.15
2006;rd;14805606;Olivedal 6;FP;L;177;13.41
2006;rd;14805606;Olivedal 6;KD;KD;43;3.26
2006;rd;14805606;Olivedal 6;S;S;252;19.09
2006;rd;14805606;Olivedal 6;V;V;165;12.50
2006;rd;14805606;Olivedal 6;MP;MP;149;11.29
2006;rd;14805606;Olivedal 6;0524;0524;12;0.91
2006;rd;14805606;Olivedal 6;Fi;FI;27;2.05
2006;rd;14805606;Olivedal 6;JL;JL;5;0.38
2006;rd;14805606;Olivedal 6;ND;ND;1;0.08
2006;rd;14805606;Olivedal 6;SD;SD;17;1.29
2006;rd;14805606;Olivedal 6;Sjvåp;SJVÅP;2;0.15
2006;rd;14805606;Olivedal 6;SPI;SPI;1;0.08
2006;rd;14805606;Olivedal 6;ÖVR;ÖVR;1;0.08
2006;rd;14805607;Olivedal 7;M;M;418;35.79
2006;rd;14805607;Olivedal 7;C;C;64;5.48
2006;rd;14805607;Olivedal 7;FP;L;174;14.90
2006;rd;14805607;Olivedal 7;KD;KD;61;5.22
2006;rd;14805607;Olivedal 7;S;S;177;15.15
2006;rd;14805607;Olivedal 7;V;V;122;10.45
2006;rd;14805607;Olivedal 7;MP;MP;104;8.90
2006;rd;14805607;Olivedal 7;0524;0524;9;0.77
2006;rd;14805607;Olivedal 7;Fi;FI;22;1.88
2006;rd;14805607;Olivedal 7;JL;JL;2;0.17
2006;rd;14805607;Olivedal 7;SD;SD;12;1.03
2006;rd;14805607;Olivedal 7;SPI;SPI;3;0.26
2006;rd;14805701;Olskroken 1;M;M;452;32.19
2006;rd;14805701;Olskroken 1;C;C;69;4.91
2006;rd;14805701;Olskroken 1;FP;L;174;12.39
2006;rd;14805701;Olskroken 1;KD;KD;82;5.84
2006;rd;14805701;Olskroken 1;S;S;357;25.43
2006;rd;14805701;Olskroken 1;V;V;86;6.13
2006;rd;14805701;Olskroken 1;MP;MP;130;9.26
2006;rd;14805701;Olskroken 1;0524;0524;5;0.36
2006;rd;14805701;Olskroken 1;ENH;ENH;1;0.07
2006;rd;14805701;Olskroken 1;Fi;FI;18;1.28
2006;rd;14805701;Olskroken 1;JL;JL;3;0.21
2006;rd;14805701;Olskroken 1;SD;SD;22;1.57
2006;rd;14805701;Olskroken 1;Sjvåp;SJVÅP;2;0.14
2006;rd;14805701;Olskroken 1;SPI;SPI;3;0.21
2006;rd;14805702;Olskroken 2;M;M;256;26.26
2006;rd;14805702;Olskroken 2;C;C;29;2.97
2006;rd;14805702;Olskroken 2;FP;L;84;8.62
2006;rd;14805702;Olskroken 2;KD;KD;42;4.31
2006;rd;14805702;Olskroken 2;S;S;359;36.82
2006;rd;14805702;Olskroken 2;V;V;71;7.28
2006;rd;14805702;Olskroken 2;MP;MP;77;7.90
2006;rd;14805702;Olskroken 2;0524;0524;12;1.23
2006;rd;14805702;Olskroken 2;Fi;FI;11;1.13
2006;rd;14805702;Olskroken 2;JL;JL;3;0.31
2006;rd;14805702;Olskroken 2;RS;RS;1;0.10
2006;rd;14805702;Olskroken 2;SD;SD;29;2.97
2006;rd;14805702;Olskroken 2;Sjvåp;SJVÅP;1;0.10
2006;rd;14805703;Olskroken 3;M;M;330;25.38
2006;rd;14805703;Olskroken 3;C;C;59;4.54
2006;rd;14805703;Olskroken 3;FP;L;131;10.08
2006;rd;14805703;Olskroken 3;KD;KD;46;3.54
2006;rd;14805703;Olskroken 3;S;S;390;30.00
2006;rd;14805703;Olskroken 3;V;V;125;9.62
2006;rd;14805703;Olskroken 3;MP;MP;139;10.69
2006;rd;14805703;Olskroken 3;0524;0524;10;0.77
2006;rd;14805703;Olskroken 3;Fi;FI;21;1.62
2006;rd;14805703;Olskroken 3;JL;JL;4;0.31
2006;rd;14805703;Olskroken 3;ND;ND;1;0.08
2006;rd;14805703;Olskroken 3;RS;RS;1;0.08
2006;rd;14805703;Olskroken 3;SD;SD;35;2.69
2006;rd;14805703;Olskroken 3;Sjvåp;SJVÅP;5;0.38
2006;rd;14805703;Olskroken 3;SPI;SPI;3;0.23
2006;rd;14805801;Stampen-Heden 1;M;M;286;32.72
2006;rd;14805801;Stampen-Heden 1;C;C;65;7.44
2006;rd;14805801;Stampen-Heden 1;FP;L;103;11.78
2006;rd;14805801;Stampen-Heden 1;KD;KD;36;4.12
2006;rd;14805801;Stampen-Heden 1;S;S;186;21.28
2006;rd;14805801;Stampen-Heden 1;V;V;57;6.52
2006;rd;14805801;Stampen-Heden 1;MP;MP;108;12.36
2006;rd;14805801;Stampen-Heden 1;0524;0524;11;1.26
2006;rd;14805801;Stampen-Heden 1;ENH;ENH;1;0.11
2006;rd;14805801;Stampen-Heden 1;Fi;FI;9;1.03
2006;rd;14805801;Stampen-Heden 1;JL;JL;2;0.23
2006;rd;14805801;Stampen-Heden 1;SD;SD;10;1.14
2006;rd;14805802;Stampen-Heden 2;M;M;341;31.40
2006;rd;14805802;Stampen-Heden 2;C;C;48;4.42
2006;rd;14805802;Stampen-Heden 2;FP;L;135;12.43
2006;rd;14805802;Stampen-Heden 2;KD;KD;52;4.79
2006;rd;14805802;Stampen-Heden 2;S;S;286;26.34
2006;rd;14805802;Stampen-Heden 2;V;V;80;7.37
2006;rd;14805802;Stampen-Heden 2;MP;MP;84;7.73
2006;rd;14805802;Stampen-Heden 2;0524;0524;6;0.55
2006;rd;14805802;Stampen-Heden 2;ENH;ENH;3;0.28
2006;rd;14805802;Stampen-Heden 2;Fi;FI;12;1.10
2006;rd;14805802;Stampen-Heden 2;JL;JL;3;0.28
2006;rd;14805802;Stampen-Heden 2;ND;ND;2;0.18
2006;rd;14805802;Stampen-Heden 2;NYF;NYF;1;0.09
2006;rd;14805802;Stampen-Heden 2;SD;SD;32;2.95
2006;rd;14805802;Stampen-Heden 2;SPI;SPI;1;0.09
2006;rd;14805803;Stampen-Heden 3;M;M;428;35.70
2006;rd;14805803;Stampen-Heden 3;C;C;40;3.34
2006;rd;14805803;Stampen-Heden 3;FP;L;174;14.51
2006;rd;14805803;Stampen-Heden 3;KD;KD;52;4.34
2006;rd;14805803;Stampen-Heden 3;S;S;295;24.60
2006;rd;14805803;Stampen-Heden 3;V;V;78;6.51
2006;rd;14805803;Stampen-Heden 3;MP;MP;83;6.92
2006;rd;14805803;Stampen-Heden 3;0524;0524;7;0.58
2006;rd;14805803;Stampen-Heden 3;0538;0538;2;0.17
2006;rd;14805803;Stampen-Heden 3;Fi;FI;11;0.92
2006;rd;14805803;Stampen-Heden 3;JL;JL;5;0.42
2006;rd;14805803;Stampen-Heden 3;SD;SD;22;1.83
2006;rd;14805803;Stampen-Heden 3;SPI;SPI;2;0.17
2006;rd;14805804;Stampen-Heden 4;M;M;574;40.71
2006;rd;14805804;Stampen-Heden 4;C;C;58;4.11
2006;rd;14805804;Stampen-Heden 4;FP;L;171;12.13
2006;rd;14805804;Stampen-Heden 4;KD;KD;87;6.17
2006;rd;14805804;Stampen-Heden 4;S;S;290;20.57
2006;rd;14805804;Stampen-Heden 4;V;V;72;5.11
2006;rd;14805804;Stampen-Heden 4;MP;MP;103;7.30
2006;rd;14805804;Stampen-Heden 4;0524;0524;13;0.92
2006;rd;14805804;Stampen-Heden 4;0538;0538;1;0.07
2006;rd;14805804;Stampen-Heden 4;0603;0603;2;0.14
2006;rd;14805804;Stampen-Heden 4;ENH;ENH;1;0.07
2006;rd;14805804;Stampen-Heden 4;Fi;FI;23;1.63
2006;rd;14805804;Stampen-Heden 4;SD;SD;8;0.57
2006;rd;14805804;Stampen-Heden 4;Sjvåp;SJVÅP;3;0.21
2006;rd;14805804;Stampen-Heden 4;SPI;SPI;4;0.28
2006;rd;14805805;Stampen-Heden 5;M;M;535;47.60
2006;rd;14805805;Stampen-Heden 5;C;C;58;5.16
2006;rd;14805805;Stampen-Heden 5;FP;L;152;13.52
2006;rd;14805805;Stampen-Heden 5;KD;KD;60;5.34
2006;rd;14805805;Stampen-Heden 5;S;S;176;15.66
2006;rd;14805805;Stampen-Heden 5;V;V;48;4.27
2006;rd;14805805;Stampen-Heden 5;MP;MP;51;4.54
2006;rd;14805805;Stampen-Heden 5;0524;0524;5;0.44
2006;rd;14805805;Stampen-Heden 5;Fi;FI;9;0.80
2006;rd;14805805;Stampen-Heden 5;JL;JL;9;0.80
2006;rd;14805805;Stampen-Heden 5;SD;SD;19;1.69
2006;rd;14805805;Stampen-Heden 5;Sjvåp;SJVÅP;1;0.09
2006;rd;14805805;Stampen-Heden 5;SPI;SPI;1;0.09
2006;rd;14805806;Stampen-Heden 6;M;M;603;45.13
2006;rd;14805806;Stampen-Heden 6;C;C;58;4.34
2006;rd;14805806;Stampen-Heden 6;FP;L;151;11.30
2006;rd;14805806;Stampen-Heden 6;KD;KD;81;6.06
2006;rd;14805806;Stampen-Heden 6;S;S;198;14.82
2006;rd;14805806;Stampen-Heden 6;V;V;58;4.34
2006;rd;14805806;Stampen-Heden 6;MP;MP;110;8.23
2006;rd;14805806;Stampen-Heden 6;0524;0524;9;0.67
2006;rd;14805806;Stampen-Heden 6;ENH;ENH;1;0.07
2006;rd;14805806;Stampen-Heden 6;Fi;FI;34;2.54
2006;rd;14805806;Stampen-Heden 6;JL;JL;3;0.22
2006;rd;14805806;Stampen-Heden 6;SD;SD;24;1.80
2006;rd;14805806;Stampen-Heden 6;Sjvåp;SJVÅP;2;0.15
2006;rd;14805806;Stampen-Heden 6;SPI;SPI;2;0.15
2006;rd;14805806;Stampen-Heden 6;ÖVR;ÖVR;2;0.15
2006;rd;14805901;Stigberget 1;M;M;177;18.81
2006;rd;14805901;Stigberget 1;C;C;48;5.10
2006;rd;14805901;Stigberget 1;FP;L;72;7.65
2006;rd;14805901;Stigberget 1;KD;KD;34;3.61
2006;rd;14805901;Stigberget 1;S;S;218;23.17
2006;rd;14805901;Stigberget 1;V;V;176;18.70
2006;rd;14805901;Stigberget 1;MP;MP;173;18.38
2006;rd;14805901;Stigberget 1;0524;0524;9;0.96
2006;rd;14805901;Stigberget 1;Fi;FI;17;1.81
2006;rd;14805901;Stigberget 1;JL;JL;5;0.53
2006;rd;14805901;Stigberget 1;ND;ND;1;0.11
2006;rd;14805901;Stigberget 1;SD;SD;10;1.06
2006;rd;14805901;Stigberget 1;ÖVR;ÖVR;1;0.11
2006;rd;14805902;Stigberget 2;M;M;163;13.70
2006;rd;14805902;Stigberget 2;C;C;64;5.38
2006;rd;14805902;Stigberget 2;FP;L;114;9.58
2006;rd;14805902;Stigberget 2;KD;KD;31;2.61
2006;rd;14805902;Stigberget 2;S;S;275;23.11
2006;rd;14805902;Stigberget 2;V;V;227;19.08
2006;rd;14805902;Stigberget 2;MP;MP;242;20.34
2006;rd;14805902;Stigberget 2;0524;0524;12;1.01
2006;rd;14805902;Stigberget 2;0603;0603;1;0.08
2006;rd;14805902;Stigberget 2;AKTD;AKTD;1;0.08
2006;rd;14805902;Stigberget 2;Fi;FI;26;2.18
2006;rd;14805902;Stigberget 2;JL;JL;3;0.25
2006;rd;14805902;Stigberget 2;SD;SD;25;2.10
2006;rd;14805902;Stigberget 2;Sjvåp;SJVÅP;2;0.17
2006;rd;14805902;Stigberget 2;SPI;SPI;1;0.08
2006;rd;14805902;Stigberget 2;ÖVR;ÖVR;3;0.25
2006;rd;14805903;Stigberget 3;M;M;158;15.75
2006;rd;14805903;Stigberget 3;C;C;60;5.98
2006;rd;14805903;Stigberget 3;FP;L;85;8.47
2006;rd;14805903;Stigberget 3;KD;KD;30;2.99
2006;rd;14805903;Stigberget 3;S;S;247;24.63
2006;rd;14805903;Stigberget 3;V;V;190;18.94
2006;rd;14805903;Stigberget 3;MP;MP;180;17.95
2006;rd;14805903;Stigberget 3;0524;0524;8;0.80
2006;rd;14805903;Stigberget 3;Fi;FI;22;2.19
2006;rd;14805903;Stigberget 3;SD;SD;21;2.09
2006;rd;14805903;Stigberget 3;Sjvåp;SJVÅP;1;0.10
2006;rd;14805903;Stigberget 3;SPI;SPI;1;0.10
2006;rd;14805904;Stigberget 4;M;M;157;12.33
2006;rd;14805904;Stigberget 4;C;C;41;3.22
2006;rd;14805904;Stigberget 4;FP;L;105;8.25
2006;rd;14805904;Stigberget 4;KD;KD;39;3.06
2006;rd;14805904;Stigberget 4;S;S;307;24.12
2006;rd;14805904;Stigberget 4;V;V;278;21.84
2006;rd;14805904;Stigberget 4;MP;MP;266;20.90
2006;rd;14805904;Stigberget 4;0524;0524;11;0.86
2006;rd;14805904;Stigberget 4;ENH;ENH;1;0.08
2006;rd;14805904;Stigberget 4;Fi;FI;37;2.91
2006;rd;14805904;Stigberget 4;JL;JL;2;0.16
2006;rd;14805904;Stigberget 4;SD;SD;25;1.96
2006;rd;14805904;Stigberget 4;SPI;SPI;2;0.16
2006;rd;14805904;Stigberget 4;ÖVR;ÖVR;2;0.16
2006;rd;14806001;Vasastaden-Centrum 1;M;M;466;37.89
2006;rd;14806001;Vasastaden-Centrum 1;C;C;59;4.80
2006;rd;14806001;Vasastaden-Centrum 1;FP;L;149;12.11
2006;rd;14806001;Vasastaden-Centrum 1;KD;KD;52;4.23
2006;rd;14806001;Vasastaden-Centrum 1;S;S;229;18.62
2006;rd;14806001;Vasastaden-Centrum 1;V;V;89;7.24
2006;rd;14806001;Vasastaden-Centrum 1;MP;MP;113;9.19
2006;rd;14806001;Vasastaden-Centrum 1;0524;0524;16;1.30
2006;rd;14806001;Vasastaden-Centrum 1;0603;0603;1;0.08
2006;rd;14806001;Vasastaden-Centrum 1;Fi;FI;25;2.03
2006;rd;14806001;Vasastaden-Centrum 1;JL;JL;5;0.41
2006;rd;14806001;Vasastaden-Centrum 1;SD;SD;24;1.95
2006;rd;14806001;Vasastaden-Centrum 1;Sjvåp;SJVÅP;1;0.08
2006;rd;14806001;Vasastaden-Centrum 1;ÖVR;ÖVR;1;0.08
2006;rd;14806002;Vasastaden-Centrum 2;M;M;555;44.61
2006;rd;14806002;Vasastaden-Centrum 2;C;C;84;6.75
2006;rd;14806002;Vasastaden-Centrum 2;FP;L;143;11.50
2006;rd;14806002;Vasastaden-Centrum 2;KD;KD;51;4.10
2006;rd;14806002;Vasastaden-Centrum 2;S;S;190;15.27
2006;rd;14806002;Vasastaden-Centrum 2;V;V;63;5.06
2006;rd;14806002;Vasastaden-Centrum 2;MP;MP;121;9.73
2006;rd;14806002;Vasastaden-Centrum 2;0524;0524;6;0.48
2006;rd;14806002;Vasastaden-Centrum 2;Fi;FI;17;1.37
2006;rd;14806002;Vasastaden-Centrum 2;JL;JL;2;0.16
2006;rd;14806002;Vasastaden-Centrum 2;SD;SD;11;0.88
2006;rd;14806002;Vasastaden-Centrum 2;SPI;SPI;1;0.08
2006;rd;14806003;Vasastaden-Centrum 3;M;M;442;50.28
2006;rd;14806003;Vasastaden-Centrum 3;C;C;39;4.44
2006;rd;14806003;Vasastaden-Centrum 3;FP;L;130;14.79
2006;rd;14806003;Vasastaden-Centrum 3;KD;KD;61;6.94
2006;rd;14806003;Vasastaden-Centrum 3;S;S;86;9.78
2006;rd;14806003;Vasastaden-Centrum 3;V;V;19;2.16
2006;rd;14806003;Vasastaden-Centrum 3;MP;MP;62;7.05
2006;rd;14806003;Vasastaden-Centrum 3;0524;0524;3;0.34
2006;rd;14806003;Vasastaden-Centrum 3;Fi;FI;15;1.71
2006;rd;14806003;Vasastaden-Centrum 3;KOMM;KOMM;1;0.11
2006;rd;14806003;Vasastaden-Centrum 3;ND;ND;1;0.11
2006;rd;14806003;Vasastaden-Centrum 3;SD;SD;18;2.05
2006;rd;14806003;Vasastaden-Centrum 3;SPI;SPI;2;0.23
2006;rd;14806004;Vasastaden-Centrum 4;M;M;537;45.55
2006;rd;14806004;Vasastaden-Centrum 4;C;C;66;5.60
2006;rd;14806004;Vasastaden-Centrum 4;FP;L;134;11.37
2006;rd;14806004;Vasastaden-Centrum 4;KD;KD;108;9.16
2006;rd;14806004;Vasastaden-Centrum 4;S;S;151;12.81
2006;rd;14806004;Vasastaden-Centrum 4;V;V;53;4.50
2006;rd;14806004;Vasastaden-Centrum 4;MP;MP;81;6.87
2006;rd;14806004;Vasastaden-Centrum 4;0524;0524;9;0.76
2006;rd;14806004;Vasastaden-Centrum 4;0538;0538;1;0.08
2006;rd;14806004;Vasastaden-Centrum 4;Fi;FI;22;1.87
2006;rd;14806004;Vasastaden-Centrum 4;JL;JL;3;0.25
2006;rd;14806004;Vasastaden-Centrum 4;SD;SD;13;1.10
2006;rd;14806004;Vasastaden-Centrum 4;SPI;SPI;1;0.08
2006;rd;14806005;Vasastaden-Centrum 5;M;M;508;48.29
2006;rd;14806005;Vasastaden-Centrum 5;C;C;59;5.61
2006;rd;14806005;Vasastaden-Centrum 5;FP;L;144;13.69
2006;rd;14806005;Vasastaden-Centrum 5;KD;KD;54;5.13
2006;rd;14806005;Vasastaden-Centrum 5;S;S;134;12.74
2006;rd;14806005;Vasastaden-Centrum 5;V;V;38;3.61
2006;rd;14806005;Vasastaden-Centrum 5;MP;MP;66;6.27
2006;rd;14806005;Vasastaden-Centrum 5;0524;0524;6;0.57
2006;rd;14806005;Vasastaden-Centrum 5;ENH;ENH;3;0.29
2006;rd;14806005;Vasastaden-Centrum 5;Fi;FI;17;1.62
2006;rd;14806005;Vasastaden-Centrum 5;JL;JL;5;0.48
2006;rd;14806005;Vasastaden-Centrum 5;SD;SD;17;1.62
2006;rd;14806005;Vasastaden-Centrum 5;SPI;SPI;1;0.10
2006;rd;14806006;Vasastaden-Centrum 6;M;M;559;42.06
2006;rd;14806006;Vasastaden-Centrum 6;C;C;70;5.27
2006;rd;14806006;Vasastaden-Centrum 6;FP;L;192;14.45
2006;rd;14806006;Vasastaden-Centrum 6;KD;KD;82;6.17
2006;rd;14806006;Vasastaden-Centrum 6;S;S;168;12.64
2006;rd;14806006;Vasastaden-Centrum 6;V;V;75;5.64
2006;rd;14806006;Vasastaden-Centrum 6;MP;MP;135;10.16
2006;rd;14806006;Vasastaden-Centrum 6;0524;0524;8;0.60
2006;rd;14806006;Vasastaden-Centrum 6;ENH;ENH;1;0.08
2006;rd;14806006;Vasastaden-Centrum 6;Fi;FI;22;1.66
2006;rd;14806006;Vasastaden-Centrum 6;JL;JL;4;0.30
2006;rd;14806006;Vasastaden-Centrum 6;SD;SD;12;0.90
2006;rd;14806006;Vasastaden-Centrum 6;ÖVR;ÖVR;1;0.08
2006;rd;14806007;Vasastaden-Centrum 7;M;M;635;53.23
2006;rd;14806007;Vasastaden-Centrum 7;C;C;53;4.44
2006;rd;14806007;Vasastaden-Centrum 7;FP;L;165;13.83
2006;rd;14806007;Vasastaden-Centrum 7;KD;KD;107;8.97
2006;rd;14806007;Vasastaden-Centrum 7;S;S;90;7.54
2006;rd;14806007;Vasastaden-Centrum 7;V;V;36;3.02
2006;rd;14806007;Vasastaden-Centrum 7;MP;MP;72;6.04
2006;rd;14806007;Vasastaden-Centrum 7;0524;0524;4;0.34
2006;rd;14806007;Vasastaden-Centrum 7;0538;0538;1;0.08
2006;rd;14806007;Vasastaden-Centrum 7;0603;0603;1;0.08
2006;rd;14806007;Vasastaden-Centrum 7;Fi;FI;7;0.59
2006;rd;14806007;Vasastaden-Centrum 7;JL;JL;5;0.42
2006;rd;14806007;Vasastaden-Centrum 7;ND;ND;1;0.08
2006;rd;14806007;Vasastaden-Centrum 7;SD;SD;15;1.26
2006;rd;14806007;Vasastaden-Centrum 7;SPI;SPI;1;0.08
2006;rd;1480VK03;I vallokal ej räknade röster;M;M;1474;42.03
2006;rd;1480VK03;I vallokal ej räknade röster;C;C;209;5.96
2006;rd;1480VK03;I vallokal ej räknade röster;FP;L;437;12.46
2006;rd;1480VK03;I vallokal ej räknade röster;KD;KD;147;4.19
2006;rd;1480VK03;I vallokal ej räknade röster;S;S;504;14.37
2006;rd;1480VK03;I vallokal ej räknade röster;V;V;219;6.24
2006;rd;1480VK03;I vallokal ej räknade röster;MP;MP;350;9.98
2006;rd;1480VK03;I vallokal ej räknade röster;0524;0524;34;0.97
2006;rd;1480VK03;I vallokal ej räknade röster;0677;0677;1;0.03
2006;rd;1480VK03;I vallokal ej räknade röster;ENH;ENH;2;0.06
2006;rd;1480VK03;I vallokal ej räknade röster;Fi;FI;76;2.17
2006;rd;1480VK03;I vallokal ej räknade röster;JL;JL;7;0.20
2006;rd;1480VK03;I vallokal ej räknade röster;KK;KK;1;0.03
2006;rd;1480VK03;I vallokal ej räknade röster;SD;SD;36;1.03
2006;rd;1480VK03;I vallokal ej räknade röster;Sjvåp;SJVÅP;1;0.03
2006;rd;1480VK03;I vallokal ej räknade röster;SPI;SPI;7;0.20
2006;rd;1480VK03;I vallokal ej räknade röster;ÖVR;ÖVR;2;0.06
2006;rd;14807501;Askim-Hovås 1;M;M;512;47.36
2006;rd;14807501;Askim-Hovås 1;C;C;53;4.90
2006;rd;14807501;Askim-Hovås 1;FP;L;150;13.88
2006;rd;14807501;Askim-Hovås 1;KD;KD;122;11.29
2006;rd;14807501;Askim-Hovås 1;S;S;161;14.89
2006;rd;14807501;Askim-Hovås 1;V;V;24;2.22
2006;rd;14807501;Askim-Hovås 1;MP;MP;27;2.50
2006;rd;14807501;Askim-Hovås 1;0524;0524;3;0.28
2006;rd;14807501;Askim-Hovås 1;Fi;FI;7;0.65
2006;rd;14807501;Askim-Hovås 1;JL;JL;8;0.74
2006;rd;14807501;Askim-Hovås 1;SD;SD;11;1.02
2006;rd;14807501;Askim-Hovås 1;Sjvåp;SJVÅP;2;0.19
2006;rd;14807501;Askim-Hovås 1;ÖVR;ÖVR;1;0.09
2006;rd;14807502;Askim-Hovås 2;M;M;247;28.13
2006;rd;14807502;Askim-Hovås 2;C;C;31;3.53
2006;rd;14807502;Askim-Hovås 2;FP;L;73;8.31
2006;rd;14807502;Askim-Hovås 2;KD;KD;49;5.58
2006;rd;14807502;Askim-Hovås 2;S;S;311;35.42
2006;rd;14807502;Askim-Hovås 2;V;V;50;5.69
2006;rd;14807502;Askim-Hovås 2;MP;MP;59;6.72
2006;rd;14807502;Askim-Hovås 2;0524;0524;7;0.80
2006;rd;14807502;Askim-Hovås 2;ENH;ENH;1;0.11
2006;rd;14807502;Askim-Hovås 2;Fi;FI;7;0.80
2006;rd;14807502;Askim-Hovås 2;JL;JL;3;0.34
2006;rd;14807502;Askim-Hovås 2;ND;ND;1;0.11
2006;rd;14807502;Askim-Hovås 2;SD;SD;35;3.99
2006;rd;14807502;Askim-Hovås 2;Sjvåp;SJVÅP;2;0.23
2006;rd;14807502;Askim-Hovås 2;SPI;SPI;2;0.23
2006;rd;14807503;Askim-Hovås 3;M;M;459;37.84
2006;rd;14807503;Askim-Hovås 3;C;C;75;6.18
2006;rd;14807503;Askim-Hovås 3;FP;L;148;12.20
2006;rd;14807503;Askim-Hovås 3;KD;KD;102;8.41
2006;rd;14807503;Askim-Hovås 3;S;S;260;21.43
2006;rd;14807503;Askim-Hovås 3;V;V;62;5.11
2006;rd;14807503;Askim-Hovås 3;MP;MP;57;4.70
2006;rd;14807503;Askim-Hovås 3;0524;0524;6;0.49
2006;rd;14807503;Askim-Hovås 3;0603;0603;1;0.08
2006;rd;14807503;Askim-Hovås 3;Fi;FI;5;0.41
2006;rd;14807503;Askim-Hovås 3;JL;JL;2;0.16
2006;rd;14807503;Askim-Hovås 3;SD;SD;34;2.80
2006;rd;14807503;Askim-Hovås 3;Sjvåp;SJVÅP;1;0.08
2006;rd;14807503;Askim-Hovås 3;SPI;SPI;1;0.08
2006;rd;14807504;Askim-Hovås 4;M;M;416;47.33
2006;rd;14807504;Askim-Hovås 4;C;C;35;3.98
2006;rd;14807504;Askim-Hovås 4;FP;L;111;12.63
2006;rd;14807504;Askim-Hovås 4;KD;KD;91;10.35
2006;rd;14807504;Askim-Hovås 4;S;S;146;16.61
2006;rd;14807504;Askim-Hovås 4;V;V;24;2.73
2006;rd;14807504;Askim-Hovås 4;MP;MP;37;4.21
2006;rd;14807504;Askim-Hovås 4;0524;0524;2;0.23
2006;rd;14807504;Askim-Hovås 4;Fi;FI;5;0.57
2006;rd;14807504;Askim-Hovås 4;JL;JL;1;0.11
2006;rd;14807504;Askim-Hovås 4;ND;ND;1;0.11
2006;rd;14807504;Askim-Hovås 4;SD;SD;8;0.91
2006;rd;14807504;Askim-Hovås 4;SPI;SPI;2;0.23
2006;rd;14807505;Askim-Hovås 5;M;M;422;46.68
2006;rd;14807505;Askim-Hovås 5;C;C;54;5.97
2006;rd;14807505;Askim-Hovås 5;FP;L;129;14.27
2006;rd;14807505;Askim-Hovås 5;KD;KD;103;11.39
2006;rd;14807505;Askim-Hovås 5;S;S;114;12.61
2006;rd;14807505;Askim-Hovås 5;V;V;24;2.65
2006;rd;14807505;Askim-Hovås 5;MP;MP;35;3.87
2006;rd;14807505;Askim-Hovås 5;0524;0524;3;0.33
2006;rd;14807505;Askim-Hovås 5;Fi;FI;4;0.44
2006;rd;14807505;Askim-Hovås 5;JL;JL;2;0.22
2006;rd;14807505;Askim-Hovås 5;SD;SD;14;1.55
2006;rd;14807506;Askim-Hovås 6;M;M;589;47.35
2006;rd;14807506;Askim-Hovås 6;C;C;56;4.50
2006;rd;14807506;Askim-Hovås 6;FP;L;186;14.95
2006;rd;14807506;Askim-Hovås 6;KD;KD;130;10.45
2006;rd;14807506;Askim-Hovås 6;S;S;177;14.23
2006;rd;14807506;Askim-Hovås 6;V;V;23;1.85
2006;rd;14807506;Askim-Hovås 6;MP;MP;46;3.70
2006;rd;14807506;Askim-Hovås 6;0524;0524;5;0.40
2006;rd;14807506;Askim-Hovås 6;Fi;FI;8;0.64
2006;rd;14807506;Askim-Hovås 6;JL;JL;4;0.32
2006;rd;14807506;Askim-Hovås 6;SD;SD;16;1.29
2006;rd;14807506;Askim-Hovås 6;Sjvåp;SJVÅP;1;0.08
2006;rd;14807506;Askim-Hovås 6;SPI;SPI;3;0.24
2006;rd;14807507;Askim-Hovås 7;M;M;526;66.08
2006;rd;14807507;Askim-Hovås 7;C;C;41;5.15
2006;rd;14807507;Askim-Hovås 7;FP;L;86;10.80
2006;rd;14807507;Askim-Hovås 7;KD;KD;94;11.81
2006;rd;14807507;Askim-Hovås 7;S;S;27;3.39
2006;rd;14807507;Askim-Hovås 7;V;V;4;0.50
2006;rd;14807507;Askim-Hovås 7;MP;MP;10;1.26
2006;rd;14807507;Askim-Hovås 7;0524;0524;1;0.13
2006;rd;14807507;Askim-Hovås 7;SD;SD;6;0.75
2006;rd;14807507;Askim-Hovås 7;SPI;SPI;1;0.13
2006;rd;14807508;Askim-Hovås 8;M;M;630;63.00
2006;rd;14807508;Askim-Hovås 8;C;C;68;6.80
2006;rd;14807508;Askim-Hovås 8;FP;L;113;11.30
2006;rd;14807508;Askim-Hovås 8;KD;KD;91;9.10
2006;rd;14807508;Askim-Hovås 8;S;S;54;5.40
2006;rd;14807508;Askim-Hovås 8;V;V;13;1.30
2006;rd;14807508;Askim-Hovås 8;MP;MP;19;1.90
2006;rd;14807508;Askim-Hovås 8;0524;0524;3;0.30
2006;rd;14807508;Askim-Hovås 8;Fi;FI;5;0.50
2006;rd;14807508;Askim-Hovås 8;JL;JL;1;0.10
2006;rd;14807508;Askim-Hovås 8;SD;SD;3;0.30
2006;rd;14807601;Billdal 1;M;M;443;65.05
2006;rd;14807601;Billdal 1;C;C;33;4.85
2006;rd;14807601;Billdal 1;FP;L;77;11.31
2006;rd;14807601;Billdal 1;KD;KD;67;9.84
2006;rd;14807601;Billdal 1;S;S;30;4.41
2006;rd;14807601;Billdal 1;V;V;3;0.44
2006;rd;14807601;Billdal 1;MP;MP;13;1.91
2006;rd;14807601;Billdal 1;Fi;FI;4;0.59
2006;rd;14807601;Billdal 1;JL;JL;1;0.15
2006;rd;14807601;Billdal 1;SD;SD;9;1.32
2006;rd;14807601;Billdal 1;Sjvåp;SJVÅP;1;0.15
2006;rd;14807602;Billdal 2;M;M;481;53.92
2006;rd;14807602;Billdal 2;C;C;30;3.36
2006;rd;14807602;Billdal 2;FP;L;118;13.23
2006;rd;14807602;Billdal 2;KD;KD;78;8.74
2006;rd;14807602;Billdal 2;S;S;104;11.66
2006;rd;14807602;Billdal 2;V;V;26;2.91
2006;rd;14807602;Billdal 2;MP;MP;29;3.25
2006;rd;14807602;Billdal 2;0524;0524;1;0.11
2006;rd;14807602;Billdal 2;ENH;ENH;1;0.11
2006;rd;14807602;Billdal 2;Fi;FI;3;0.34
2006;rd;14807602;Billdal 2;JL;JL;3;0.34
2006;rd;14807602;Billdal 2;SD;SD;15;1.68
2006;rd;14807602;Billdal 2;SPI;SPI;3;0.34
2006;rd;14807603;Billdal 3;M;M;556;53.00
2006;rd;14807603;Billdal 3;C;C;51;4.86
2006;rd;14807603;Billdal 3;FP;L;149;14.20
2006;rd;14807603;Billdal 3;KD;KD;113;10.77
2006;rd;14807603;Billdal 3;S;S;119;11.34
2006;rd;14807603;Billdal 3;V;V;18;1.72
2006;rd;14807603;Billdal 3;MP;MP;24;2.29
2006;rd;14807603;Billdal 3;ENH;ENH;2;0.19
2006;rd;14807603;Billdal 3;Fi;FI;4;0.38
2006;rd;14807603;Billdal 3;JL;JL;6;0.57
2006;rd;14807603;Billdal 3;SD;SD;6;0.57
2006;rd;14807603;Billdal 3;Sjvåp;SJVÅP;1;0.10
2006;rd;14807604;Billdal 4;M;M;714;47.00
2006;rd;14807604;Billdal 4;C;C;98;6.45
2006;rd;14807604;Billdal 4;FP;L;215;14.15
2006;rd;14807604;Billdal 4;KD;KD;161;10.60
2006;rd;14807604;Billdal 4;S;S;185;12.18
2006;rd;14807604;Billdal 4;V;V;32;2.11
2006;rd;14807604;Billdal 4;MP;MP;67;4.41
2006;rd;14807604;Billdal 4;0524;0524;8;0.53
2006;rd;14807604;Billdal 4;Fi;FI;7;0.46
2006;rd;14807604;Billdal 4;JL;JL;5;0.33
2006;rd;14807604;Billdal 4;SD;SD;24;1.58
2006;rd;14807604;Billdal 4;Sjvåp;SJVÅP;2;0.13
2006;rd;14807604;Billdal 4;SPI;SPI;1;0.07
2006;rd;14807605;Billdal 5;M;M;391;38.07
2006;rd;14807605;Billdal 5;C;C;59;5.74
2006;rd;14807605;Billdal 5;FP;L;169;16.46
2006;rd;14807605;Billdal 5;KD;KD;90;8.76
2006;rd;14807605;Billdal 5;S;S;197;19.18
2006;rd;14807605;Billdal 5;V;V;29;2.82
2006;rd;14807605;Billdal 5;MP;MP;50;4.87
2006;rd;14807605;Billdal 5;0524;0524;9;0.88
2006;rd;14807605;Billdal 5;ENH;ENH;2;0.19
2006;rd;14807605;Billdal 5;Fi;FI;7;0.68
2006;rd;14807605;Billdal 5;JL;JL;3;0.29
2006;rd;14807605;Billdal 5;SD;SD;20;1.95
2006;rd;14807605;Billdal 5;Sjvåp;SJVÅP;1;0.10
2006;rd;14807606;Billdal 6;M;M;489;47.80
2006;rd;14807606;Billdal 6;C;C;60;5.87
2006;rd;14807606;Billdal 6;FP;L;119;11.63
2006;rd;14807606;Billdal 6;KD;KD;127;12.41
2006;rd;14807606;Billdal 6;S;S;142;13.88
2006;rd;14807606;Billdal 6;V;V;15;1.47
2006;rd;14807606;Billdal 6;MP;MP;40;3.91
2006;rd;14807606;Billdal 6;0524;0524;4;0.39
2006;rd;14807606;Billdal 6;Fi;FI;4;0.39
2006;rd;14807606;Billdal 6;JL;JL;5;0.49
2006;rd;14807606;Billdal 6;SD;SD;15;1.47
2006;rd;14807606;Billdal 6;Sjvåp;SJVÅP;1;0.10
2006;rd;14807606;Billdal 6;SPI;SPI;2;0.20
2006;rd;14807701;Fiskebäck-Långedrag 1;M;M;616;45.53
2006;rd;14807701;Fiskebäck-Långedrag 1;C;C;73;5.40
2006;rd;14807701;Fiskebäck-Långedrag 1;FP;L;198;14.63
2006;rd;14807701;Fiskebäck-Långedrag 1;KD;KD;151;11.16
2006;rd;14807701;Fiskebäck-Långedrag 1;S;S;178;13.16
2006;rd;14807701;Fiskebäck-Långedrag 1;V;V;60;4.43
2006;rd;14807701;Fiskebäck-Långedrag 1;MP;MP;38;2.81
2006;rd;14807701;Fiskebäck-Långedrag 1;0524;0524;9;0.67
2006;rd;14807701;Fiskebäck-Långedrag 1;Fi;FI;5;0.37
2006;rd;14807701;Fiskebäck-Långedrag 1;JL;JL;3;0.22
2006;rd;14807701;Fiskebäck-Långedrag 1;NYF;NYF;1;0.07
2006;rd;14807701;Fiskebäck-Långedrag 1;SD;SD;17;1.26
2006;rd;14807701;Fiskebäck-Långedrag 1;SPI;SPI;4;0.30
2006;rd;14807702;Fiskebäck-Långedrag 2;M;M;502;39.16
2006;rd;14807702;Fiskebäck-Långedrag 2;C;C;69;5.38
2006;rd;14807702;Fiskebäck-Långedrag 2;FP;L;153;11.93
2006;rd;14807702;Fiskebäck-Långedrag 2;KD;KD;191;14.90
2006;rd;14807702;Fiskebäck-Långedrag 2;S;S;236;18.41
2006;rd;14807702;Fiskebäck-Långedrag 2;V;V;37;2.89
2006;rd;14807702;Fiskebäck-Långedrag 2;MP;MP;50;3.90
2006;rd;14807702;Fiskebäck-Långedrag 2;0524;0524;4;0.31
2006;rd;14807702;Fiskebäck-Långedrag 2;0538;0538;1;0.08
2006;rd;14807702;Fiskebäck-Långedrag 2;Fi;FI;5;0.39
2006;rd;14807702;Fiskebäck-Långedrag 2;JL;JL;3;0.23
2006;rd;14807702;Fiskebäck-Långedrag 2;SD;SD;19;1.48
2006;rd;14807702;Fiskebäck-Långedrag 2;Sjvåp;SJVÅP;4;0.31
2006;rd;14807702;Fiskebäck-Långedrag 2;SPI;SPI;8;0.62
2006;rd;14807703;Fiskebäck-Långedrag 3;M;M;469;37.31
2006;rd;14807703;Fiskebäck-Långedrag 3;C;C;61;4.85
2006;rd;14807703;Fiskebäck-Långedrag 3;FP;L;187;14.88
2006;rd;14807703;Fiskebäck-Långedrag 3;KD;KD;253;20.13
2006;rd;14807703;Fiskebäck-Långedrag 3;S;S;161;12.81
2006;rd;14807703;Fiskebäck-Långedrag 3;V;V;27;2.15
2006;rd;14807703;Fiskebäck-Långedrag 3;MP;MP;63;5.01
2006;rd;14807703;Fiskebäck-Långedrag 3;0524;0524;3;0.24
2006;rd;14807703;Fiskebäck-Långedrag 3;Fi;FI;9;0.72
2006;rd;14807703;Fiskebäck-Långedrag 3;JL;JL;3;0.24
2006;rd;14807703;Fiskebäck-Långedrag 3;NYF;NYF;1;0.08
2006;rd;14807703;Fiskebäck-Långedrag 3;SD;SD;20;1.59
2006;rd;14807704;Fiskebäck-Långedrag 4;M;M;300;37.59
2006;rd;14807704;Fiskebäck-Långedrag 4;C;C;31;3.88
2006;rd;14807704;Fiskebäck-Långedrag 4;FP;L;97;12.16
2006;rd;14807704;Fiskebäck-Långedrag 4;KD;KD;223;27.94
2006;rd;14807704;Fiskebäck-Långedrag 4;S;S;99;12.41
2006;rd;14807704;Fiskebäck-Långedrag 4;V;V;14;1.75
2006;rd;14807704;Fiskebäck-Långedrag 4;MP;MP;17;2.13
2006;rd;14807704;Fiskebäck-Långedrag 4;0524;0524;3;0.38
2006;rd;14807704;Fiskebäck-Långedrag 4;Fi;FI;2;0.25
2006;rd;14807704;Fiskebäck-Långedrag 4;ND;ND;1;0.13
2006;rd;14807704;Fiskebäck-Långedrag 4;SD;SD;9;1.13
2006;rd;14807704;Fiskebäck-Långedrag 4;Sjvåp;SJVÅP;2;0.25
2006;rd;14807705;Fiskebäck-Långedrag 5;M;M;782;60.76
2006;rd;14807705;Fiskebäck-Långedrag 5;C;C;79;6.14
2006;rd;14807705;Fiskebäck-Långedrag 5;FP;L;145;11.27
2006;rd;14807705;Fiskebäck-Långedrag 5;KD;KD;130;10.10
2006;rd;14807705;Fiskebäck-Långedrag 5;S;S;66;5.13
2006;rd;14807705;Fiskebäck-Långedrag 5;V;V;14;1.09
2006;rd;14807705;Fiskebäck-Långedrag 5;MP;MP;44;3.42
2006;rd;14807705;Fiskebäck-Långedrag 5;0520;0520;1;0.08
2006;rd;14807705;Fiskebäck-Långedrag 5;0524;0524;4;0.31
2006;rd;14807705;Fiskebäck-Långedrag 5;ENH;ENH;1;0.08
2006;rd;14807705;Fiskebäck-Långedrag 5;Fi;FI;5;0.39
2006;rd;14807705;Fiskebäck-Långedrag 5;JL;JL;1;0.08
2006;rd;14807705;Fiskebäck-Långedrag 5;ND;ND;1;0.08
2006;rd;14807705;Fiskebäck-Långedrag 5;SD;SD;12;0.93
2006;rd;14807705;Fiskebäck-Långedrag 5;SPI;SPI;2;0.16
2006;rd;14807801;Frölunda-Ruddalen 1;M;M;112;15.43
2006;rd;14807801;Frölunda-Ruddalen 1;C;C;20;2.75
2006;rd;14807801;Frölunda-Ruddalen 1;FP;L;57;7.85
2006;rd;14807801;Frölunda-Ruddalen 1;KD;KD;44;6.06
2006;rd;14807801;Frölunda-Ruddalen 1;S;S;325;44.77
2006;rd;14807801;Frölunda-Ruddalen 1;V;V;72;9.92
2006;rd;14807801;Frölunda-Ruddalen 1;MP;MP;47;6.47
2006;rd;14807801;Frölunda-Ruddalen 1;0524;0524;7;0.96
2006;rd;14807801;Frölunda-Ruddalen 1;ENH;ENH;1;0.14
2006;rd;14807801;Frölunda-Ruddalen 1;Fi;FI;6;0.83
2006;rd;14807801;Frölunda-Ruddalen 1;JL;JL;2;0.28
2006;rd;14807801;Frölunda-Ruddalen 1;SD;SD;28;3.86
2006;rd;14807801;Frölunda-Ruddalen 1;Sjvåp;SJVÅP;1;0.14
2006;rd;14807801;Frölunda-Ruddalen 1;SPI;SPI;3;0.41
2006;rd;14807801;Frölunda-Ruddalen 1;ÖVR;ÖVR;1;0.14
2006;rd;14807802;Frölunda-Ruddalen 2;M;M;112;14.76
2006;rd;14807802;Frölunda-Ruddalen 2;C;C;17;2.24
2006;rd;14807802;Frölunda-Ruddalen 2;FP;L;64;8.43
2006;rd;14807802;Frölunda-Ruddalen 2;KD;KD;33;4.35
2006;rd;14807802;Frölunda-Ruddalen 2;S;S;350;46.11
2006;rd;14807802;Frölunda-Ruddalen 2;V;V;76;10.01
2006;rd;14807802;Frölunda-Ruddalen 2;MP;MP;44;5.80
2006;rd;14807802;Frölunda-Ruddalen 2;0524;0524;3;0.40
2006;rd;14807802;Frölunda-Ruddalen 2;ENH;ENH;1;0.13
2006;rd;14807802;Frölunda-Ruddalen 2;Fi;FI;3;0.40
2006;rd;14807802;Frölunda-Ruddalen 2;JL;JL;4;0.53
2006;rd;14807802;Frölunda-Ruddalen 2;SD;SD;43;5.67
2006;rd;14807802;Frölunda-Ruddalen 2;Sjvåp;SJVÅP;5;0.66
2006;rd;14807802;Frölunda-Ruddalen 2;SPI;SPI;4;0.53
2006;rd;14807803;Frölunda-Ruddalen 3;M;M;138;12.19
2006;rd;14807803;Frölunda-Ruddalen 3;C;C;26;2.30
2006;rd;14807803;Frölunda-Ruddalen 3;FP;L;61;5.39
2006;rd;14807803;Frölunda-Ruddalen 3;KD;KD;81;7.16
2006;rd;14807803;Frölunda-Ruddalen 3;S;S;489;43.20
2006;rd;14807803;Frölunda-Ruddalen 3;V;V;144;12.72
2006;rd;14807803;Frölunda-Ruddalen 3;MP;MP;76;6.71
2006;rd;14807803;Frölunda-Ruddalen 3;0524;0524;14;1.24
2006;rd;14807803;Frölunda-Ruddalen 3;ENH;ENH;2;0.18
2006;rd;14807803;Frölunda-Ruddalen 3;Fi;FI;19;1.68
2006;rd;14807803;Frölunda-Ruddalen 3;JL;JL;8;0.71
2006;rd;14807803;Frölunda-Ruddalen 3;NYF;NYF;4;0.35
2006;rd;14807803;Frölunda-Ruddalen 3;SD;SD;62;5.48
2006;rd;14807803;Frölunda-Ruddalen 3;Sjvåp;SJVÅP;4;0.35
2006;rd;14807803;Frölunda-Ruddalen 3;SPI;SPI;4;0.35
2006;rd;14807804;Frölunda-Ruddalen 4;M;M;289;20.32
2006;rd;14807804;Frölunda-Ruddalen 4;C;C;49;3.45
2006;rd;14807804;Frölunda-Ruddalen 4;FP;L;138;9.70
2006;rd;14807804;Frölunda-Ruddalen 4;KD;KD;118;8.30
2006;rd;14807804;Frölunda-Ruddalen 4;S;S;565;39.73
2006;rd;14807804;Frölunda-Ruddalen 4;V;V;96;6.75
2006;rd;14807804;Frölunda-Ruddalen 4;MP;MP;64;4.50
2006;rd;14807804;Frölunda-Ruddalen 4;0524;0524;9;0.63
2006;rd;14807804;Frölunda-Ruddalen 4;0603;0603;1;0.07
2006;rd;14807804;Frölunda-Ruddalen 4;Fi;FI;7;0.49
2006;rd;14807804;Frölunda-Ruddalen 4;JL;JL;15;1.05
2006;rd;14807804;Frölunda-Ruddalen 4;KOMM;KOMM;1;0.07
2006;rd;14807804;Frölunda-Ruddalen 4;SD;SD;61;4.29
2006;rd;14807804;Frölunda-Ruddalen 4;Sjvåp;SJVÅP;2;0.14
2006;rd;14807804;Frölunda-Ruddalen 4;SPI;SPI;5;0.35
2006;rd;14807804;Frölunda-Ruddalen 4;ÖVR;ÖVR;2;0.14
2006;rd;14807901;Grevegården-Ängås 1;M;M;139;16.65
2006;rd;14807901;Grevegården-Ängås 1;C;C;28;3.35
2006;rd;14807901;Grevegården-Ängås 1;FP;L;76;9.10
2006;rd;14807901;Grevegården-Ängås 1;KD;KD;58;6.95
2006;rd;14807901;Grevegården-Ängås 1;S;S;328;39.28
2006;rd;14807901;Grevegården-Ängås 1;V;V;89;10.66
2006;rd;14807901;Grevegården-Ängås 1;MP;MP;54;6.47
2006;rd;14807901;Grevegården-Ängås 1;0524;0524;12;1.44
2006;rd;14807901;Grevegården-Ängås 1;Fi;FI;6;0.72
2006;rd;14807901;Grevegården-Ängås 1;JL;JL;2;0.24
2006;rd;14807901;Grevegården-Ängås 1;KOMM;KOMM;1;0.12
2006;rd;14807901;Grevegården-Ängås 1;ND;ND;2;0.24
2006;rd;14807901;Grevegården-Ängås 1;SD;SD;35;4.19
2006;rd;14807901;Grevegården-Ängås 1;Sjvåp;SJVÅP;3;0.36
2006;rd;14807901;Grevegården-Ängås 1;SPI;SPI;2;0.24
2006;rd;14807902;Grevegården-Ängås 2;M;M;128;13.22
2006;rd;14807902;Grevegården-Ängås 2;C;C;21;2.17
2006;rd;14807902;Grevegården-Ängås 2;FP;L;56;5.79
2006;rd;14807902;Grevegården-Ängås 2;KD;KD;103;10.64
2006;rd;14807902;Grevegården-Ängås 2;S;S;504;52.07
2006;rd;14807902;Grevegården-Ängås 2;V;V;69;7.13
2006;rd;14807902;Grevegården-Ängås 2;MP;MP;48;4.96
2006;rd;14807902;Grevegården-Ängås 2;0524;0524;3;0.31
2006;rd;14807902;Grevegården-Ängås 2;ENH;ENH;1;0.10
2006;rd;14807902;Grevegården-Ängås 2;Fi;FI;2;0.21
2006;rd;14807902;Grevegården-Ängås 2;JL;JL;4;0.41
2006;rd;14807902;Grevegården-Ängås 2;ND;ND;2;0.21
2006;rd;14807902;Grevegården-Ängås 2;RS;RS;1;0.10
2006;rd;14807902;Grevegården-Ängås 2;SD;SD;20;2.07
2006;rd;14807902;Grevegården-Ängås 2;Sjvåp;SJVÅP;3;0.31
2006;rd;14807902;Grevegården-Ängås 2;SPI;SPI;3;0.31
2006;rd;14807903;Grevegården-Ängås 3;M;M;111;13.44
2006;rd;14807903;Grevegården-Ängås 3;C;C;12;1.45
2006;rd;14807903;Grevegården-Ängås 3;FP;L;31;3.75
2006;rd;14807903;Grevegården-Ängås 3;KD;KD;53;6.42
2006;rd;14807903;Grevegården-Ängås 3;S;S;401;48.55
2006;rd;14807903;Grevegården-Ängås 3;V;V;97;11.74
2006;rd;14807903;Grevegården-Ängås 3;MP;MP;49;5.93
2006;rd;14807903;Grevegården-Ängås 3;0524;0524;13;1.57
2006;rd;14807903;Grevegården-Ängås 3;0603;0603;1;0.12
2006;rd;14807903;Grevegården-Ängås 3;Fi;FI;6;0.73
2006;rd;14807903;Grevegården-Ängås 3;JL;JL;1;0.12
2006;rd;14807903;Grevegården-Ängås 3;RS;RS;2;0.24
2006;rd;14807903;Grevegården-Ängås 3;SD;SD;43;5.21
2006;rd;14807903;Grevegården-Ängås 3;Sjvåp;SJVÅP;5;0.61
2006;rd;14807903;Grevegården-Ängås 3;SPI;SPI;1;0.12
2006;rd;14807904;Grevegården-Ängås 4;M;M;203;22.11
2006;rd;14807904;Grevegården-Ängås 4;C;C;24;2.61
2006;rd;14807904;Grevegården-Ängås 4;FP;L;75;8.17
2006;rd;14807904;Grevegården-Ängås 4;KD;KD;94;10.24
2006;rd;14807904;Grevegården-Ängås 4;S;S;366;39.87
2006;rd;14807904;Grevegården-Ängås 4;V;V;75;8.17
2006;rd;14807904;Grevegården-Ängås 4;MP;MP;45;4.90
2006;rd;14807904;Grevegården-Ängås 4;0524;0524;4;0.44
2006;rd;14807904;Grevegården-Ängås 4;0538;0538;1;0.11
2006;rd;14807904;Grevegården-Ängås 4;0603;0603;1;0.11
2006;rd;14807904;Grevegården-Ängås 4;ENH;ENH;1;0.11
2006;rd;14807904;Grevegården-Ängås 4;Fi;FI;4;0.44
2006;rd;14807904;Grevegården-Ängås 4;JL;JL;2;0.22
2006;rd;14807904;Grevegården-Ängås 4;ND;ND;1;0.11
2006;rd;14807904;Grevegården-Ängås 4;SD;SD;15;1.63
2006;rd;14807904;Grevegården-Ängås 4;Sjvåp;SJVÅP;4;0.44
2006;rd;14807904;Grevegården-Ängås 4;SPI;SPI;2;0.22
2006;rd;14807904;Grevegården-Ängås 4;ÖVR;ÖVR;1;0.11
2006;rd;14808001;Hagen-Grimmered 1;M;M;427;47.55
2006;rd;14808001;Hagen-Grimmered 1;C;C;43;4.79
2006;rd;14808001;Hagen-Grimmered 1;FP;L;118;13.14
2006;rd;14808001;Hagen-Grimmered 1;KD;KD;83;9.24
2006;rd;14808001;Hagen-Grimmered 1;S;S;114;12.69
2006;rd;14808001;Hagen-Grimmered 1;V;V;40;4.45
2006;rd;14808001;Hagen-Grimmered 1;MP;MP;48;5.35
2006;rd;14808001;Hagen-Grimmered 1;0524;0524;5;0.56
2006;rd;14808001;Hagen-Grimmered 1;Fi;FI;5;0.56
2006;rd;14808001;Hagen-Grimmered 1;JL;JL;4;0.45
2006;rd;14808001;Hagen-Grimmered 1;SD;SD;11;1.22
2006;rd;14808002;Hagen-Grimmered 2;M;M;500;45.17
2006;rd;14808002;Hagen-Grimmered 2;C;C;82;7.41
2006;rd;14808002;Hagen-Grimmered 2;FP;L;157;14.18
2006;rd;14808002;Hagen-Grimmered 2;KD;KD;126;11.38
2006;rd;14808002;Hagen-Grimmered 2;S;S;121;10.93
2006;rd;14808002;Hagen-Grimmered 2;V;V;23;2.08
2006;rd;14808002;Hagen-Grimmered 2;MP;MP;57;5.15
2006;rd;14808002;Hagen-Grimmered 2;0524;0524;6;0.54
2006;rd;14808002;Hagen-Grimmered 2;ENH;ENH;2;0.18
2006;rd;14808002;Hagen-Grimmered 2;Fi;FI;10;0.90
2006;rd;14808002;Hagen-Grimmered 2;JL;JL;2;0.18
2006;rd;14808002;Hagen-Grimmered 2;SD;SD;18;1.63
2006;rd;14808002;Hagen-Grimmered 2;SPI;SPI;3;0.27
2006;rd;14808003;Hagen-Grimmered 3;M;M;603;40.23
2006;rd;14808003;Hagen-Grimmered 3;C;C;91;6.07
2006;rd;14808003;Hagen-Grimmered 3;FP;L;165;11.01
2006;rd;14808003;Hagen-Grimmered 3;KD;KD;109;7.27
2006;rd;14808003;Hagen-Grimmered 3;S;S;256;17.08
2006;rd;14808003;Hagen-Grimmered 3;V;V;81;5.40
2006;rd;14808003;Hagen-Grimmered 3;MP;MP;116;7.74
2006;rd;14808003;Hagen-Grimmered 3;0524;0524;6;0.40
2006;rd;14808003;Hagen-Grimmered 3;ENH;ENH;2;0.13
2006;rd;14808003;Hagen-Grimmered 3;Fi;FI;31;2.07
2006;rd;14808003;Hagen-Grimmered 3;JL;JL;5;0.33
2006;rd;14808003;Hagen-Grimmered 3;SD;SD;32;2.13
2006;rd;14808003;Hagen-Grimmered 3;Sjvåp;SJVÅP;1;0.07
2006;rd;14808003;Hagen-Grimmered 3;SPI;SPI;1;0.07
2006;rd;14808004;Hagen-Grimmered 4;M;M;454;36.91
2006;rd;14808004;Hagen-Grimmered 4;C;C;69;5.61
2006;rd;14808004;Hagen-Grimmered 4;FP;L;166;13.50
2006;rd;14808004;Hagen-Grimmered 4;KD;KD;103;8.37
2006;rd;14808004;Hagen-Grimmered 4;S;S;193;15.69
2006;rd;14808004;Hagen-Grimmered 4;V;V;75;6.10
2006;rd;14808004;Hagen-Grimmered 4;MP;MP;112;9.11
2006;rd;14808004;Hagen-Grimmered 4;0524;0524;6;0.49
2006;rd;14808004;Hagen-Grimmered 4;Fi;FI;20;1.63
2006;rd;14808004;Hagen-Grimmered 4;JL;JL;6;0.49
2006;rd;14808004;Hagen-Grimmered 4;ND;ND;1;0.08
2006;rd;14808004;Hagen-Grimmered 4;SD;SD;23;1.87
2006;rd;14808004;Hagen-Grimmered 4;Sjvåp;SJVÅP;1;0.08
2006;rd;14808004;Hagen-Grimmered 4;SPI;SPI;1;0.08
2006;rd;14808005;Hagen-Grimmered 5;M;M;545;39.87
2006;rd;14808005;Hagen-Grimmered 5;C;C;69;5.05
2006;rd;14808005;Hagen-Grimmered 5;FP;L;191;13.97
2006;rd;14808005;Hagen-Grimmered 5;KD;KD;122;8.92
2006;rd;14808005;Hagen-Grimmered 5;S;S;248;18.14
2006;rd;14808005;Hagen-Grimmered 5;V;V;54;3.95
2006;rd;14808005;Hagen-Grimmered 5;MP;MP;94;6.88
2006;rd;14808005;Hagen-Grimmered 5;0524;0524;4;0.29
2006;rd;14808005;Hagen-Grimmered 5;Fi;FI;17;1.24
2006;rd;14808005;Hagen-Grimmered 5;JL;JL;2;0.15
2006;rd;14808005;Hagen-Grimmered 5;RS;RS;1;0.07
2006;rd;14808005;Hagen-Grimmered 5;SD;SD;18;1.32
2006;rd;14808005;Hagen-Grimmered 5;Sjvåp;SJVÅP;2;0.15
2006;rd;14808101;Högsbotorp-Högsbohöjd 1;M;M;257;22.35
2006;rd;14808101;Högsbotorp-Högsbohöjd 1;C;C;50;4.35
2006;rd;14808101;Högsbotorp-Högsbohöjd 1;FP;L;125;10.87
2006;rd;14808101;Högsbotorp-Högsbohöjd 1;KD;KD;101;8.78
2006;rd;14808101;Högsbotorp-Högsbohöjd 1;S;S;373;32.43
2006;rd;14808101;Högsbotorp-Högsbohöjd 1;V;V;86;7.48
2006;rd;14808101;Högsbotorp-Högsbohöjd 1;MP;MP;98;8.52
2006;rd;14808101;Högsbotorp-Högsbohöjd 1;0524;0524;6;0.52
2006;rd;14808101;Högsbotorp-Högsbohöjd 1;Fi;FI;14;1.22
2006;rd;14808101;Högsbotorp-Högsbohöjd 1;JL;JL;5;0.43
2006;rd;14808101;Högsbotorp-Högsbohöjd 1;SD;SD;27;2.35
2006;rd;14808101;Högsbotorp-Högsbohöjd 1;Sjvåp;SJVÅP;1;0.09
2006;rd;14808101;Högsbotorp-Högsbohöjd 1;SPI;SPI;7;0.61
2006;rd;14808102;Högsbotorp-Högsbohöjd 2;M;M;239;23.14
2006;rd;14808102;Högsbotorp-Högsbohöjd 2;C;C;49;4.74
2006;rd;14808102;Högsbotorp-Högsbohöjd 2;FP;L;96;9.29
2006;rd;14808102;Högsbotorp-Högsbohöjd 2;KD;KD;46;4.45
2006;rd;14808102;Högsbotorp-Högsbohöjd 2;S;S;367;35.53
2006;rd;14808102;Högsbotorp-Högsbohöjd 2;V;V;82;7.94
2006;rd;14808102;Högsbotorp-Högsbohöjd 2;MP;MP;81;7.84
2006;rd;14808102;Högsbotorp-Högsbohöjd 2;0524;0524;13;1.26
2006;rd;14808102;Högsbotorp-Högsbohöjd 2;Fi;FI;14;1.36
2006;rd;14808102;Högsbotorp-Högsbohöjd 2;JL;JL;3;0.29
2006;rd;14808102;Högsbotorp-Högsbohöjd 2;NYF;NYF;1;0.10
2006;rd;14808102;Högsbotorp-Högsbohöjd 2;SD;SD;36;3.48
2006;rd;14808102;Högsbotorp-Högsbohöjd 2;Sjvåp;SJVÅP;5;0.48
2006;rd;14808102;Högsbotorp-Högsbohöjd 2;SPI;SPI;1;0.10
2006;rd;14808103;Högsbotorp-Högsbohöjd 3;M;M;139;14.45
2006;rd;14808103;Högsbotorp-Högsbohöjd 3;C;C;30;3.12
2006;rd;14808103;Högsbotorp-Högsbohöjd 3;FP;L;73;7.59
2006;rd;14808103;Högsbotorp-Högsbohöjd 3;KD;KD;62;6.44
2006;rd;14808103;Högsbotorp-Högsbohöjd 3;S;S;392;40.75
2006;rd;14808103;Högsbotorp-Högsbohöjd 3;V;V;111;11.54
2006;rd;14808103;Högsbotorp-Högsbohöjd 3;MP;MP;85;8.84
2006;rd;14808103;Högsbotorp-Högsbohöjd 3;0524;0524;10;1.04
2006;rd;14808103;Högsbotorp-Högsbohöjd 3;ENH;ENH;2;0.21
2006;rd;14808103;Högsbotorp-Högsbohöjd 3;Fi;FI;9;0.94
2006;rd;14808103;Högsbotorp-Högsbohöjd 3;JL;JL;7;0.73
2006;rd;14808103;Högsbotorp-Högsbohöjd 3;ND;ND;3;0.31
2006;rd;14808103;Högsbotorp-Högsbohöjd 3;SD;SD;31;3.22
2006;rd;14808103;Högsbotorp-Högsbohöjd 3;Sjvåp;SJVÅP;4;0.42
2006;rd;14808103;Högsbotorp-Högsbohöjd 3;SPI;SPI;3;0.31
2006;rd;14808103;Högsbotorp-Högsbohöjd 3;ÖVR;ÖVR;1;0.10
2006;rd;14808104;Högsbotorp-Högsbohöjd 4;M;M;139;16.47
2006;rd;14808104;Högsbotorp-Högsbohöjd 4;C;C;38;4.50
2006;rd;14808104;Högsbotorp-Högsbohöjd 4;FP;L;85;10.07
2006;rd;14808104;Högsbotorp-Högsbohöjd 4;KD;KD;33;3.91
2006;rd;14808104;Högsbotorp-Högsbohöjd 4;S;S;269;31.87
2006;rd;14808104;Högsbotorp-Högsbohöjd 4;V;V;113;13.39
2006;rd;14808104;Högsbotorp-Högsbohöjd 4;MP;MP;98;11.61
2006;rd;14808104;Högsbotorp-Högsbohöjd 4;0524;0524;4;0.47
2006;rd;14808104;Högsbotorp-Högsbohöjd 4;Fi;FI;19;2.25
2006;rd;14808104;Högsbotorp-Högsbohöjd 4;JL;JL;8;0.95
2006;rd;14808104;Högsbotorp-Högsbohöjd 4;ND;ND;1;0.12
2006;rd;14808104;Högsbotorp-Högsbohöjd 4;SD;SD;34;4.03
2006;rd;14808104;Högsbotorp-Högsbohöjd 4;SPI;SPI;3;0.36
2006;rd;14808105;Högsbotorp-Högsbohöjd 5;M;M;155;15.00
2006;rd;14808105;Högsbotorp-Högsbohöjd 5;C;C;41;3.97
2006;rd;14808105;Högsbotorp-Högsbohöjd 5;FP;L;87;8.42
2006;rd;14808105;Högsbotorp-Högsbohöjd 5;KD;KD;39;3.78
2006;rd;14808105;Högsbotorp-Högsbohöjd 5;S;S;329;31.85
2006;rd;14808105;Högsbotorp-Högsbohöjd 5;V;V;151;14.62
2006;rd;14808105;Högsbotorp-Högsbohöjd 5;MP;MP;131;12.68
2006;rd;14808105;Högsbotorp-Högsbohöjd 5;0524;0524;32;3.10
2006;rd;14808105;Högsbotorp-Högsbohöjd 5;Fi;FI;25;2.42
2006;rd;14808105;Högsbotorp-Högsbohöjd 5;JL;JL;1;0.10
2006;rd;14808105;Högsbotorp-Högsbohöjd 5;SD;SD;36;3.48
2006;rd;14808105;Högsbotorp-Högsbohöjd 5;Sjvåp;SJVÅP;4;0.39
2006;rd;14808105;Högsbotorp-Högsbohöjd 5;SPI;SPI;2;0.19
2006;rd;14808106;Högsbotorp-Högsbohöjd 6;M;M;219;19.48
2006;rd;14808106;Högsbotorp-Högsbohöjd 6;C;C;64;5.69
2006;rd;14808106;Högsbotorp-Högsbohöjd 6;FP;L;104;9.25
2006;rd;14808106;Högsbotorp-Högsbohöjd 6;KD;KD;68;6.05
2006;rd;14808106;Högsbotorp-Högsbohöjd 6;S;S;375;33.36
2006;rd;14808106;Högsbotorp-Högsbohöjd 6;V;V;122;10.85
2006;rd;14808106;Högsbotorp-Högsbohöjd 6;MP;MP;109;9.70
2006;rd;14808106;Högsbotorp-Högsbohöjd 6;0524;0524;15;1.33
2006;rd;14808106;Högsbotorp-Högsbohöjd 6;AKTD;AKTD;1;0.09
2006;rd;14808106;Högsbotorp-Högsbohöjd 6;ENH;ENH;1;0.09
2006;rd;14808106;Högsbotorp-Högsbohöjd 6;Fi;FI;5;0.44
2006;rd;14808106;Högsbotorp-Högsbohöjd 6;JL;JL;8;0.71
2006;rd;14808106;Högsbotorp-Högsbohöjd 6;ND;ND;2;0.18
2006;rd;14808106;Högsbotorp-Högsbohöjd 6;SD;SD;28;2.49
2006;rd;14808106;Högsbotorp-Högsbohöjd 6;SPI;SPI;3;0.27
2006;rd;14808201;Järnbrott-Tofta 1;M;M;222;21.57
2006;rd;14808201;Järnbrott-Tofta 1;C;C;32;3.11
2006;rd;14808201;Järnbrott-Tofta 1;FP;L;103;10.01
2006;rd;14808201;Järnbrott-Tofta 1;KD;KD;49;4.76
2006;rd;14808201;Järnbrott-Tofta 1;S;S;402;39.07
2006;rd;14808201;Järnbrott-Tofta 1;V;V;102;9.91
2006;rd;14808201;Järnbrott-Tofta 1;MP;MP;62;6.03
2006;rd;14808201;Järnbrott-Tofta 1;0524;0524;4;0.39
2006;rd;14808201;Järnbrott-Tofta 1;0603;0603;2;0.19
2006;rd;14808201;Järnbrott-Tofta 1;ENH;ENH;1;0.10
2006;rd;14808201;Järnbrott-Tofta 1;Fi;FI;8;0.78
2006;rd;14808201;Järnbrott-Tofta 1;JL;JL;4;0.39
2006;rd;14808201;Järnbrott-Tofta 1;ND;ND;1;0.10
2006;rd;14808201;Järnbrott-Tofta 1;SD;SD;35;3.40
2006;rd;14808201;Järnbrott-Tofta 1;Sjvåp;SJVÅP;1;0.10
2006;rd;14808201;Järnbrott-Tofta 1;SPI;SPI;1;0.10
2006;rd;14808202;Järnbrott-Tofta 2;M;M;249;22.87
2006;rd;14808202;Järnbrott-Tofta 2;C;C;47;4.32
2006;rd;14808202;Järnbrott-Tofta 2;FP;L;104;9.55
2006;rd;14808202;Järnbrott-Tofta 2;KD;KD;80;7.35
2006;rd;14808202;Järnbrott-Tofta 2;S;S;351;32.23
2006;rd;14808202;Järnbrott-Tofta 2;V;V;100;9.18
2006;rd;14808202;Järnbrott-Tofta 2;MP;MP;76;6.98
2006;rd;14808202;Järnbrott-Tofta 2;0524;0524;17;1.56
2006;rd;14808202;Järnbrott-Tofta 2;Fi;FI;9;0.83
2006;rd;14808202;Järnbrott-Tofta 2;JL;JL;4;0.37
2006;rd;14808202;Järnbrott-Tofta 2;SD;SD;40;3.67
2006;rd;14808202;Järnbrott-Tofta 2;Sjvåp;SJVÅP;8;0.73
2006;rd;14808202;Järnbrott-Tofta 2;SPI;SPI;4;0.37
2006;rd;14808203;Järnbrott-Tofta 3;M;M;144;18.11
2006;rd;14808203;Järnbrott-Tofta 3;C;C;13;1.64
2006;rd;14808203;Järnbrott-Tofta 3;FP;L;62;7.80
2006;rd;14808203;Järnbrott-Tofta 3;KD;KD;52;6.54
2006;rd;14808203;Järnbrott-Tofta 3;S;S;340;42.77
2006;rd;14808203;Järnbrott-Tofta 3;V;V;77;9.69
2006;rd;14808203;Järnbrott-Tofta 3;MP;MP;36;4.53
2006;rd;14808203;Järnbrott-Tofta 3;0524;0524;7;0.88
2006;rd;14808203;Järnbrott-Tofta 3;Fi;FI;8;1.01
2006;rd;14808203;Järnbrott-Tofta 3;JL;JL;2;0.25
2006;rd;14808203;Järnbrott-Tofta 3;SD;SD;36;4.53
2006;rd;14808203;Järnbrott-Tofta 3;Sjvåp;SJVÅP;5;0.63
2006;rd;14808203;Järnbrott-Tofta 3;SPI;SPI;13;1.64
2006;rd;14808204;Järnbrott-Tofta 4;M;M;89;14.19
2006;rd;14808204;Järnbrott-Tofta 4;C;C;19;3.03
2006;rd;14808204;Järnbrott-Tofta 4;FP;L;57;9.09
2006;rd;14808204;Järnbrott-Tofta 4;KD;KD;45;7.18
2006;rd;14808204;Järnbrott-Tofta 4;S;S;277;44.18
2006;rd;14808204;Järnbrott-Tofta 4;V;V;52;8.29
2006;rd;14808204;Järnbrott-Tofta 4;MP;MP;32;5.10
2006;rd;14808204;Järnbrott-Tofta 4;0524;0524;6;0.96
2006;rd;14808204;Järnbrott-Tofta 4;ENH;ENH;2;0.32
2006;rd;14808204;Järnbrott-Tofta 4;Fi;FI;6;0.96
2006;rd;14808204;Järnbrott-Tofta 4;JL;JL;4;0.64
2006;rd;14808204;Järnbrott-Tofta 4;ND;ND;1;0.16
2006;rd;14808204;Järnbrott-Tofta 4;SD;SD;33;5.26
2006;rd;14808204;Järnbrott-Tofta 4;Sjvåp;SJVÅP;3;0.48
2006;rd;14808204;Järnbrott-Tofta 4;SPI;SPI;1;0.16
2006;rd;14808301;Kaverös-Flatås 1;M;M;220;17.97
2006;rd;14808301;Kaverös-Flatås 1;C;C;52;4.25
2006;rd;14808301;Kaverös-Flatås 1;FP;L;122;9.97
2006;rd;14808301;Kaverös-Flatås 1;KD;KD;97;7.92
2006;rd;14808301;Kaverös-Flatås 1;S;S;445;36.36
2006;rd;14808301;Kaverös-Flatås 1;V;V;105;8.58
2006;rd;14808301;Kaverös-Flatås 1;MP;MP;92;7.52
2006;rd;14808301;Kaverös-Flatås 1;0524;0524;10;0.82
2006;rd;14808301;Kaverös-Flatås 1;Fi;FI;6;0.49
2006;rd;14808301;Kaverös-Flatås 1;JL;JL;2;0.16
2006;rd;14808301;Kaverös-Flatås 1;ND;ND;4;0.33
2006;rd;14808301;Kaverös-Flatås 1;NYF;NYF;2;0.16
2006;rd;14808301;Kaverös-Flatås 1;SD;SD;55;4.49
2006;rd;14808301;Kaverös-Flatås 1;Sjvåp;SJVÅP;7;0.57
2006;rd;14808301;Kaverös-Flatås 1;SPI;SPI;5;0.41
2006;rd;14808302;Kaverös-Flatås 2;M;M;235;18.75
2006;rd;14808302;Kaverös-Flatås 2;C;C;43;3.43
2006;rd;14808302;Kaverös-Flatås 2;FP;L;117;9.34
2006;rd;14808302;Kaverös-Flatås 2;KD;KD;99;7.90
2006;rd;14808302;Kaverös-Flatås 2;S;S;466;37.19
2006;rd;14808302;Kaverös-Flatås 2;V;V;115;9.18
2006;rd;14808302;Kaverös-Flatås 2;MP;MP;96;7.66
2006;rd;14808302;Kaverös-Flatås 2;0524;0524;7;0.56
2006;rd;14808302;Kaverös-Flatås 2;0603;0603;2;0.16
2006;rd;14808302;Kaverös-Flatås 2;Fi;FI;18;1.44
2006;rd;14808302;Kaverös-Flatås 2;JL;JL;5;0.40
2006;rd;14808302;Kaverös-Flatås 2;ND;ND;3;0.24
2006;rd;14808302;Kaverös-Flatås 2;NYF;NYF;1;0.08
2006;rd;14808302;Kaverös-Flatås 2;SD;SD;41;3.27
2006;rd;14808302;Kaverös-Flatås 2;Sjvåp;SJVÅP;4;0.32
2006;rd;14808302;Kaverös-Flatås 2;SPI;SPI;1;0.08
2006;rd;14808303;Kaverös-Flatås 3;M;M;278;23.90
2006;rd;14808303;Kaverös-Flatås 3;C;C;40;3.44
2006;rd;14808303;Kaverös-Flatås 3;FP;L;140;12.04
2006;rd;14808303;Kaverös-Flatås 3;KD;KD;87;7.48
2006;rd;14808303;Kaverös-Flatås 3;S;S;361;31.04
2006;rd;14808303;Kaverös-Flatås 3;V;V;80;6.88
2006;rd;14808303;Kaverös-Flatås 3;MP;MP;90;7.74
2006;rd;14808303;Kaverös-Flatås 3;0524;0524;8;0.69
2006;rd;14808303;Kaverös-Flatås 3;ENH;ENH;1;0.09
2006;rd;14808303;Kaverös-Flatås 3;Fi;FI;17;1.46
2006;rd;14808303;Kaverös-Flatås 3;JL;JL;4;0.34
2006;rd;14808303;Kaverös-Flatås 3;SD;SD;44;3.78
2006;rd;14808303;Kaverös-Flatås 3;Sjvåp;SJVÅP;5;0.43
2006;rd;14808303;Kaverös-Flatås 3;SPI;SPI;8;0.69
2006;rd;14808304;Kaverös-Flatås 4;M;M;167;18.85
2006;rd;14808304;Kaverös-Flatås 4;C;C;25;2.82
2006;rd;14808304;Kaverös-Flatås 4;FP;L;97;10.95
2006;rd;14808304;Kaverös-Flatås 4;KD;KD;44;4.97
2006;rd;14808304;Kaverös-Flatås 4;S;S;348;39.28
2006;rd;14808304;Kaverös-Flatås 4;V;V;79;8.92
2006;rd;14808304;Kaverös-Flatås 4;MP;MP;53;5.98
2006;rd;14808304;Kaverös-Flatås 4;0524;0524;19;2.14
2006;rd;14808304;Kaverös-Flatås 4;ENH;ENH;1;0.11
2006;rd;14808304;Kaverös-Flatås 4;Fi;FI;5;0.56
2006;rd;14808304;Kaverös-Flatås 4;JL;JL;6;0.68
2006;rd;14808304;Kaverös-Flatås 4;SD;SD;31;3.50
2006;rd;14808304;Kaverös-Flatås 4;Sjvåp;SJVÅP;5;0.56
2006;rd;14808304;Kaverös-Flatås 4;SPI;SPI;6;0.68
2006;rd;14808401;Kungsladugård-Sanna 1;M;M;152;14.17
2006;rd;14808401;Kungsladugård-Sanna 1;C;C;32;2.98
2006;rd;14808401;Kungsladugård-Sanna 1;FP;L;87;8.11
2006;rd;14808401;Kungsladugård-Sanna 1;KD;KD;22;2.05
2006;rd;14808401;Kungsladugård-Sanna 1;S;S;282;26.28
2006;rd;14808401;Kungsladugård-Sanna 1;V;V;208;19.38
2006;rd;14808401;Kungsladugård-Sanna 1;MP;MP;217;20.22
2006;rd;14808401;Kungsladugård-Sanna 1;0524;0524;11;1.03
2006;rd;14808401;Kungsladugård-Sanna 1;Fi;FI;40;3.73
2006;rd;14808401;Kungsladugård-Sanna 1;JL;JL;1;0.09
2006;rd;14808401;Kungsladugård-Sanna 1;ND;ND;1;0.09
2006;rd;14808401;Kungsladugård-Sanna 1;SD;SD;17;1.58
2006;rd;14808401;Kungsladugård-Sanna 1;Sjvåp;SJVÅP;3;0.28
2006;rd;14808402;Kungsladugård-Sanna 2;M;M;144;14.27
2006;rd;14808402;Kungsladugård-Sanna 2;C;C;44;4.36
2006;rd;14808402;Kungsladugård-Sanna 2;FP;L;68;6.74
2006;rd;14808402;Kungsladugård-Sanna 2;KD;KD;31;3.07
2006;rd;14808402;Kungsladugård-Sanna 2;S;S;223;22.10
2006;rd;14808402;Kungsladugård-Sanna 2;V;V;194;19.23
2006;rd;14808402;Kungsladugård-Sanna 2;MP;MP;232;22.99
2006;rd;14808402;Kungsladugård-Sanna 2;0524;0524;7;0.69
2006;rd;14808402;Kungsladugård-Sanna 2;Fi;FI;35;3.47
2006;rd;14808402;Kungsladugård-Sanna 2;JL;JL;1;0.10
2006;rd;14808402;Kungsladugård-Sanna 2;SD;SD;27;2.68
2006;rd;14808402;Kungsladugård-Sanna 2;SPI;SPI;2;0.20
2006;rd;14808402;Kungsladugård-Sanna 2;ÖVR;ÖVR;1;0.10
2006;rd;14808403;Kungsladugård-Sanna 3;M;M;138;13.35
2006;rd;14808403;Kungsladugård-Sanna 3;C;C;55;5.32
2006;rd;14808403;Kungsladugård-Sanna 3;FP;L;91;8.80
2006;rd;14808403;Kungsladugård-Sanna 3;KD;KD;31;3.00
2006;rd;14808403;Kungsladugård-Sanna 3;S;S;252;24.37
2006;rd;14808403;Kungsladugård-Sanna 3;V;V;200;19.34
2006;rd;14808403;Kungsladugård-Sanna 3;MP;MP;200;19.34
2006;rd;14808403;Kungsladugård-Sanna 3;0524;0524;8;0.77
2006;rd;14808403;Kungsladugård-Sanna 3;0603;0603;1;0.10
2006;rd;14808403;Kungsladugård-Sanna 3;ENH;ENH;1;0.10
2006;rd;14808403;Kungsladugård-Sanna 3;Fi;FI;37;3.58
2006;rd;14808403;Kungsladugård-Sanna 3;JL;JL;3;0.29
2006;rd;14808403;Kungsladugård-Sanna 3;SD;SD;15;1.45
2006;rd;14808403;Kungsladugård-Sanna 3;Sjvåp;SJVÅP;1;0.10
2006;rd;14808403;Kungsladugård-Sanna 3;SPI;SPI;1;0.10
2006;rd;14808404;Kungsladugård-Sanna 4;M;M;303;23.29
2006;rd;14808404;Kungsladugård-Sanna 4;C;C;81;6.23
2006;rd;14808404;Kungsladugård-Sanna 4;FP;L;150;11.53
2006;rd;14808404;Kungsladugård-Sanna 4;KD;KD;65;5.00
2006;rd;14808404;Kungsladugård-Sanna 4;S;S;214;16.45
2006;rd;14808404;Kungsladugård-Sanna 4;V;V;176;13.53
2006;rd;14808404;Kungsladugård-Sanna 4;MP;MP;251;19.29
2006;rd;14808404;Kungsladugård-Sanna 4;0524;0524;7;0.54
2006;rd;14808404;Kungsladugård-Sanna 4;ENH;ENH;2;0.15
2006;rd;14808404;Kungsladugård-Sanna 4;Fi;FI;31;2.38
2006;rd;14808404;Kungsladugård-Sanna 4;JL;JL;9;0.69
2006;rd;14808404;Kungsladugård-Sanna 4;SD;SD;11;0.85
2006;rd;14808404;Kungsladugård-Sanna 4;SPI;SPI;1;0.08
2006;rd;14808405;Kungsladugård-Sanna 5;M;M;177;18.83
2006;rd;14808405;Kungsladugård-Sanna 5;C;C;63;6.70
2006;rd;14808405;Kungsladugård-Sanna 5;FP;L;86;9.15
2006;rd;14808405;Kungsladugård-Sanna 5;KD;KD;64;6.81
2006;rd;14808405;Kungsladugård-Sanna 5;S;S;219;23.30
2006;rd;14808405;Kungsladugård-Sanna 5;V;V;113;12.02
2006;rd;14808405;Kungsladugård-Sanna 5;MP;MP;154;16.38
2006;rd;14808405;Kungsladugård-Sanna 5;0524;0524;10;1.06
2006;rd;14808405;Kungsladugård-Sanna 5;Fi;FI;19;2.02
2006;rd;14808405;Kungsladugård-Sanna 5;JL;JL;6;0.64
2006;rd;14808405;Kungsladugård-Sanna 5;SD;SD;22;2.34
2006;rd;14808405;Kungsladugård-Sanna 5;Sjvåp;SJVÅP;2;0.21
2006;rd;14808405;Kungsladugård-Sanna 5;SPI;SPI;4;0.43
2006;rd;14808405;Kungsladugård-Sanna 5;ÖVR;ÖVR;1;0.11
2006;rd;14808406;Kungsladugård-Sanna 6;M;M;156;13.97
2006;rd;14808406;Kungsladugård-Sanna 6;C;C;59;5.28
2006;rd;14808406;Kungsladugård-Sanna 6;FP;L;76;6.80
2006;rd;14808406;Kungsladugård-Sanna 6;KD;KD;16;1.43
2006;rd;14808406;Kungsladugård-Sanna 6;S;S;261;23.37
2006;rd;14808406;Kungsladugård-Sanna 6;V;V;246;22.02
2006;rd;14808406;Kungsladugård-Sanna 6;MP;MP;242;21.67
2006;rd;14808406;Kungsladugård-Sanna 6;0524;0524;7;0.63
2006;rd;14808406;Kungsladugård-Sanna 6;Fi;FI;29;2.60
2006;rd;14808406;Kungsladugård-Sanna 6;JL;JL;1;0.09
2006;rd;14808406;Kungsladugård-Sanna 6;ND;ND;3;0.27
2006;rd;14808406;Kungsladugård-Sanna 6;SD;SD;20;1.79
2006;rd;14808406;Kungsladugård-Sanna 6;SPI;SPI;1;0.09
2006;rd;14808407;Kungsladugård-Sanna 7;M;M;199;16.30
2006;rd;14808407;Kungsladugård-Sanna 7;C;C;58;4.75
2006;rd;14808407;Kungsladugård-Sanna 7;FP;L;101;8.27
2006;rd;14808407;Kungsladugård-Sanna 7;KD;KD;45;3.69
2006;rd;14808407;Kungsladugård-Sanna 7;S;S;319;26.13
2006;rd;14808407;Kungsladugård-Sanna 7;V;V;217;17.77
2006;rd;14808407;Kungsladugård-Sanna 7;MP;MP;183;14.99
2006;rd;14808407;Kungsladugård-Sanna 7;0524;0524;18;1.47
2006;rd;14808407;Kungsladugård-Sanna 7;0538;0538;1;0.08
2006;rd;14808407;Kungsladugård-Sanna 7;Fi;FI;37;3.03
2006;rd;14808407;Kungsladugård-Sanna 7;JL;JL;5;0.41
2006;rd;14808407;Kungsladugård-Sanna 7;ND;ND;1;0.08
2006;rd;14808407;Kungsladugård-Sanna 7;SD;SD;34;2.78
2006;rd;14808407;Kungsladugård-Sanna 7;Sjvåp;SJVÅP;3;0.25
2006;rd;14808501;Majorna 1;M;M;222;23.42
2006;rd;14808501;Majorna 1;C;C;38;4.01
2006;rd;14808501;Majorna 1;FP;L;93;9.81
2006;rd;14808501;Majorna 1;KD;KD;54;5.70
2006;rd;14808501;Majorna 1;S;S;251;26.48
2006;rd;14808501;Majorna 1;V;V;128;13.50
2006;rd;14808501;Majorna 1;MP;MP;100;10.55
2006;rd;14808501;Majorna 1;0524;0524;6;0.63
2006;rd;14808501;Majorna 1;ENH;ENH;1;0.11
2006;rd;14808501;Majorna 1;Fi;FI;16;1.69
2006;rd;14808501;Majorna 1;JL;JL;7;0.74
2006;rd;14808501;Majorna 1;ND;ND;2;0.21
2006;rd;14808501;Majorna 1;SD;SD;25;2.64
2006;rd;14808501;Majorna 1;Sjvåp;SJVÅP;3;0.32
2006;rd;14808501;Majorna 1;SPI;SPI;2;0.21
2006;rd;14808502;Majorna 2;M;M;184;22.04
2006;rd;14808502;Majorna 2;C;C;32;3.83
2006;rd;14808502;Majorna 2;FP;L;77;9.22
2006;rd;14808502;Majorna 2;KD;KD;23;2.75
2006;rd;14808502;Majorna 2;S;S;229;27.43
2006;rd;14808502;Majorna 2;V;V;131;15.69
2006;rd;14808502;Majorna 2;MP;MP;110;13.17
2006;rd;14808502;Majorna 2;0524;0524;5;0.60
2006;rd;14808502;Majorna 2;ENH;ENH;1;0.12
2006;rd;14808502;Majorna 2;Fi;FI;14;1.68
2006;rd;14808502;Majorna 2;JL;JL;7;0.84
2006;rd;14808502;Majorna 2;NYF;NYF;1;0.12
2006;rd;14808502;Majorna 2;SD;SD;19;2.28
2006;rd;14808502;Majorna 2;SPI;SPI;1;0.12
2006;rd;14808502;Majorna 2;ÖVR;ÖVR;1;0.12
2006;rd;14808503;Majorna 3;M;M;194;14.12
2006;rd;14808503;Majorna 3;C;C;75;5.46
2006;rd;14808503;Majorna 3;FP;L;123;8.95
2006;rd;14808503;Majorna 3;KD;KD;52;3.78
2006;rd;14808503;Majorna 3;S;S;295;21.47
2006;rd;14808503;Majorna 3;V;V;273;19.87
2006;rd;14808503;Majorna 3;MP;MP;264;19.21
2006;rd;14808503;Majorna 3;0524;0524;13;0.95
2006;rd;14808503;Majorna 3;Fi;FI;50;3.64
2006;rd;14808503;Majorna 3;JL;JL;5;0.36
2006;rd;14808503;Majorna 3;SD;SD;25;1.82
2006;rd;14808503;Majorna 3;Sjvåp;SJVÅP;1;0.07
2006;rd;14808503;Majorna 3;SPI;SPI;2;0.15
2006;rd;14808503;Majorna 3;ÖVR;ÖVR;2;0.15
2006;rd;14808504;Majorna 4;M;M;177;18.97
2006;rd;14808504;Majorna 4;C;C;55;5.89
2006;rd;14808504;Majorna 4;FP;L;83;8.90
2006;rd;14808504;Majorna 4;KD;KD;54;5.79
2006;rd;14808504;Majorna 4;S;S;191;20.47
2006;rd;14808504;Majorna 4;V;V;159;17.04
2006;rd;14808504;Majorna 4;MP;MP;162;17.36
2006;rd;14808504;Majorna 4;0524;0524;11;1.18
2006;rd;14808504;Majorna 4;ENH;ENH;1;0.11
2006;rd;14808504;Majorna 4;Fi;FI;20;2.14
2006;rd;14808504;Majorna 4;JL;JL;4;0.43
2006;rd;14808504;Majorna 4;SD;SD;15;1.61
2006;rd;14808504;Majorna 4;SPI;SPI;1;0.11
2006;rd;14808505;Majorna 5;M;M;311;23.12
2006;rd;14808505;Majorna 5;C;C;66;4.91
2006;rd;14808505;Majorna 5;FP;L;132;9.81
2006;rd;14808505;Majorna 5;KD;KD;63;4.68
2006;rd;14808505;Majorna 5;S;S;349;25.95
2006;rd;14808505;Majorna 5;V;V;164;12.19
2006;rd;14808505;Majorna 5;MP;MP;180;13.38
2006;rd;14808505;Majorna 5;0524;0524;14;1.04
2006;rd;14808505;Majorna 5;0603;0603;1;0.07
2006;rd;14808505;Majorna 5;Fi;FI;25;1.86
2006;rd;14808505;Majorna 5;JL;JL;4;0.30
2006;rd;14808505;Majorna 5;SD;SD;26;1.93
2006;rd;14808505;Majorna 5;Sjvåp;SJVÅP;4;0.30
2006;rd;14808505;Majorna 5;SPI;SPI;6;0.45
2006;rd;14808506;Majorna 6;M;M;312;24.64
2006;rd;14808506;Majorna 6;C;C;57;4.50
2006;rd;14808506;Majorna 6;FP;L;131;10.35
2006;rd;14808506;Majorna 6;KD;KD;77;6.08
2006;rd;14808506;Majorna 6;S;S;337;26.62
2006;rd;14808506;Majorna 6;V;V;145;11.45
2006;rd;14808506;Majorna 6;MP;MP;136;10.74
2006;rd;14808506;Majorna 6;0524;0524;7;0.55
2006;rd;14808506;Majorna 6;0538;0538;1;0.08
2006;rd;14808506;Majorna 6;ENH;ENH;2;0.16
2006;rd;14808506;Majorna 6;Fi;FI;16;1.26
2006;rd;14808506;Majorna 6;JL;JL;6;0.47
2006;rd;14808506;Majorna 6;SD;SD;34;2.69
2006;rd;14808506;Majorna 6;SPI;SPI;2;0.16
2006;rd;14808506;Majorna 6;ÖVR;ÖVR;3;0.24
2006;rd;14808601;Näset-Önnered 1;M;M;557;50.41
2006;rd;14808601;Näset-Önnered 1;C;C;44;3.98
2006;rd;14808601;Näset-Önnered 1;FP;L;163;14.75
2006;rd;14808601;Näset-Önnered 1;KD;KD;141;12.76
2006;rd;14808601;Näset-Önnered 1;S;S;115;10.41
2006;rd;14808601;Näset-Önnered 1;V;V;19;1.72
2006;rd;14808601;Näset-Önnered 1;MP;MP;30;2.71
2006;rd;14808601;Näset-Önnered 1;0524;0524;2;0.18
2006;rd;14808601;Näset-Önnered 1;ENH;ENH;2;0.18
2006;rd;14808601;Näset-Önnered 1;Fi;FI;5;0.45
2006;rd;14808601;Näset-Önnered 1;JL;JL;3;0.27
2006;rd;14808601;Näset-Önnered 1;RS;RS;1;0.09
2006;rd;14808601;Näset-Önnered 1;SD;SD;19;1.72
2006;rd;14808601;Näset-Önnered 1;Sjvåp;SJVÅP;1;0.09
2006;rd;14808601;Näset-Önnered 1;SPI;SPI;2;0.18
2006;rd;14808601;Näset-Önnered 1;ÖVR;ÖVR;1;0.09
2006;rd;14808602;Näset-Önnered 2;M;M;638;43.58
2006;rd;14808602;Näset-Önnered 2;C;C;40;2.73
2006;rd;14808602;Näset-Önnered 2;FP;L;215;14.69
2006;rd;14808602;Näset-Önnered 2;KD;KD;197;13.46
2006;rd;14808602;Näset-Önnered 2;S;S;249;17.01
2006;rd;14808602;Näset-Önnered 2;V;V;29;1.98
2006;rd;14808602;Näset-Önnered 2;MP;MP;55;3.76
2006;rd;14808602;Näset-Önnered 2;0524;0524;5;0.34
2006;rd;14808602;Näset-Önnered 2;0603;0603;1;0.07
2006;rd;14808602;Näset-Önnered 2;Fi;FI;4;0.27
2006;rd;14808602;Näset-Önnered 2;JL;JL;5;0.34
2006;rd;14808602;Näset-Önnered 2;SD;SD;24;1.64
2006;rd;14808602;Näset-Önnered 2;SPI;SPI;2;0.14
2006;rd;14808603;Näset-Önnered 3;M;M;587;45.05
2006;rd;14808603;Näset-Önnered 3;C;C;59;4.53
2006;rd;14808603;Näset-Önnered 3;FP;L;199;15.27
2006;rd;14808603;Näset-Önnered 3;KD;KD;161;12.36
2006;rd;14808603;Näset-Önnered 3;S;S;190;14.58
2006;rd;14808603;Näset-Önnered 3;V;V;25;1.92
2006;rd;14808603;Näset-Önnered 3;MP;MP;41;3.15
2006;rd;14808603;Näset-Önnered 3;0524;0524;3;0.23
2006;rd;14808603;Näset-Önnered 3;Fi;FI;10;0.77
2006;rd;14808603;Näset-Önnered 3;JL;JL;4;0.31
2006;rd;14808603;Näset-Önnered 3;SD;SD;16;1.23
2006;rd;14808603;Näset-Önnered 3;Sjvåp;SJVÅP;3;0.23
2006;rd;14808603;Näset-Önnered 3;SPI;SPI;5;0.38
2006;rd;14808604;Näset-Önnered 4;M;M;438;39.00
2006;rd;14808604;Näset-Önnered 4;C;C;46;4.10
2006;rd;14808604;Näset-Önnered 4;FP;L;142;12.64
2006;rd;14808604;Näset-Önnered 4;KD;KD;271;24.13
2006;rd;14808604;Näset-Önnered 4;S;S;163;14.51
2006;rd;14808604;Näset-Önnered 4;V;V;17;1.51
2006;rd;14808604;Näset-Önnered 4;MP;MP;25;2.23
2006;rd;14808604;Näset-Önnered 4;Fi;FI;5;0.45
2006;rd;14808604;Näset-Önnered 4;JL;JL;4;0.36
2006;rd;14808604;Näset-Önnered 4;SD;SD;10;0.89
2006;rd;14808604;Näset-Önnered 4;Sjvåp;SJVÅP;1;0.09
2006;rd;14808604;Näset-Önnered 4;SPI;SPI;1;0.09
2006;rd;14808605;Näset-Önnered 5;M;M;430;32.95
2006;rd;14808605;Näset-Önnered 5;C;C;56;4.29
2006;rd;14808605;Näset-Önnered 5;FP;L;139;10.65
2006;rd;14808605;Näset-Önnered 5;KD;KD;176;13.49
2006;rd;14808605;Näset-Önnered 5;S;S;333;25.52
2006;rd;14808605;Näset-Önnered 5;V;V;68;5.21
2006;rd;14808605;Näset-Önnered 5;MP;MP;63;4.83
2006;rd;14808605;Näset-Önnered 5;0524;0524;3;0.23
2006;rd;14808605;Näset-Önnered 5;ENH;ENH;1;0.08
2006;rd;14808605;Näset-Önnered 5;Fi;FI;8;0.61
2006;rd;14808605;Näset-Önnered 5;JL;JL;4;0.31
2006;rd;14808605;Näset-Önnered 5;ND;ND;1;0.08
2006;rd;14808605;Näset-Önnered 5;SD;SD;19;1.46
2006;rd;14808605;Näset-Önnered 5;Sjvåp;SJVÅP;2;0.15
2006;rd;14808605;Näset-Önnered 5;SPI;SPI;2;0.15
2006;rd;14808606;Näset-Önnered 6;M;M;175;23.36
2006;rd;14808606;Näset-Önnered 6;C;C;23;3.07
2006;rd;14808606;Näset-Önnered 6;FP;L;73;9.75
2006;rd;14808606;Näset-Önnered 6;KD;KD;61;8.14
2006;rd;14808606;Näset-Önnered 6;S;S;254;33.91
2006;rd;14808606;Näset-Önnered 6;V;V;59;7.88
2006;rd;14808606;Näset-Önnered 6;MP;MP;36;4.81
2006;rd;14808606;Näset-Önnered 6;0524;0524;12;1.60
2006;rd;14808606;Näset-Önnered 6;Fi;FI;6;0.80
2006;rd;14808606;Näset-Önnered 6;JL;JL;9;1.20
2006;rd;14808606;Näset-Önnered 6;SD;SD;33;4.41
2006;rd;14808606;Näset-Önnered 6;Sjvåp;SJVÅP;3;0.40
2006;rd;14808606;Näset-Önnered 6;SPI;SPI;5;0.67
2006;rd;14808607;Näset-Önnered 7;M;M;138;14.11
2006;rd;14808607;Näset-Önnered 7;C;C;33;3.37
2006;rd;14808607;Näset-Önnered 7;FP;L;55;5.62
2006;rd;14808607;Näset-Önnered 7;KD;KD;72;7.36
2006;rd;14808607;Näset-Önnered 7;S;S;437;44.68
2006;rd;14808607;Näset-Önnered 7;V;V;100;10.22
2006;rd;14808607;Näset-Önnered 7;MP;MP;54;5.52
2006;rd;14808607;Näset-Önnered 7;0524;0524;7;0.72
2006;rd;14808607;Näset-Önnered 7;Fi;FI;4;0.41
2006;rd;14808607;Näset-Önnered 7;JL;JL;2;0.20
2006;rd;14808607;Näset-Önnered 7;KOMM;KOMM;1;0.10
2006;rd;14808607;Näset-Önnered 7;SD;SD;65;6.65
2006;rd;14808607;Näset-Önnered 7;Sjvåp;SJVÅP;3;0.31
2006;rd;14808607;Näset-Önnered 7;SPI;SPI;6;0.61
2006;rd;14808607;Näset-Önnered 7;ÖVR;ÖVR;1;0.10
2006;rd;14808701;Skattegården-Guldringen 1;M;M;291;20.70
2006;rd;14808701;Skattegården-Guldringen 1;C;C;42;2.99
2006;rd;14808701;Skattegården-Guldringen 1;FP;L;132;9.39
2006;rd;14808701;Skattegården-Guldringen 1;KD;KD;165;11.74
2006;rd;14808701;Skattegården-Guldringen 1;S;S;517;36.77
2006;rd;14808701;Skattegården-Guldringen 1;V;V;95;6.76
2006;rd;14808701;Skattegården-Guldringen 1;MP;MP;70;4.98
2006;rd;14808701;Skattegården-Guldringen 1;0524;0524;15;1.07
2006;rd;14808701;Skattegården-Guldringen 1;Fi;FI;10;0.71
2006;rd;14808701;Skattegården-Guldringen 1;JL;JL;4;0.28
2006;rd;14808701;Skattegården-Guldringen 1;KK;KK;1;0.07
2006;rd;14808701;Skattegården-Guldringen 1;SD;SD;53;3.77
2006;rd;14808701;Skattegården-Guldringen 1;Sjvåp;SJVÅP;7;0.50
2006;rd;14808701;Skattegården-Guldringen 1;SPI;SPI;4;0.28
2006;rd;14808702;Skattegården-Guldringen 2;M;M;586;35.62
2006;rd;14808702;Skattegården-Guldringen 2;C;C;51;3.10
2006;rd;14808702;Skattegården-Guldringen 2;FP;L;224;13.62
2006;rd;14808702;Skattegården-Guldringen 2;KD;KD;290;17.63
2006;rd;14808702;Skattegården-Guldringen 2;S;S;346;21.03
2006;rd;14808702;Skattegården-Guldringen 2;V;V;44;2.67
2006;rd;14808702;Skattegården-Guldringen 2;MP;MP;62;3.77
2006;rd;14808702;Skattegården-Guldringen 2;0524;0524;4;0.24
2006;rd;14808702;Skattegården-Guldringen 2;Fi;FI;6;0.36
2006;rd;14808702;Skattegården-Guldringen 2;JL;JL;6;0.36
2006;rd;14808702;Skattegården-Guldringen 2;SD;SD;25;1.52
2006;rd;14808702;Skattegården-Guldringen 2;SPI;SPI;1;0.06
2006;rd;14808703;Skattegården-Guldringen 3;M;M;284;19.65
2006;rd;14808703;Skattegården-Guldringen 3;C;C;38;2.63
2006;rd;14808703;Skattegården-Guldringen 3;FP;L;127;8.79
2006;rd;14808703;Skattegården-Guldringen 3;KD;KD;136;9.41
2006;rd;14808703;Skattegården-Guldringen 3;S;S;576;39.86
2006;rd;14808703;Skattegården-Guldringen 3;V;V;111;7.68
2006;rd;14808703;Skattegården-Guldringen 3;MP;MP;73;5.05
2006;rd;14808703;Skattegården-Guldringen 3;0524;0524;11;0.76
2006;rd;14808703;Skattegården-Guldringen 3;Fi;FI;12;0.83
2006;rd;14808703;Skattegården-Guldringen 3;JL;JL;10;0.69
2006;rd;14808703;Skattegården-Guldringen 3;NYF;NYF;2;0.14
2006;rd;14808703;Skattegården-Guldringen 3;SD;SD;58;4.01
2006;rd;14808703;Skattegården-Guldringen 3;Sjvåp;SJVÅP;5;0.35
2006;rd;14808703;Skattegården-Guldringen 3;SPI;SPI;2;0.14
2006;rd;14808801;Styrsö 1;M;M;177;23.20
2006;rd;14808801;Styrsö 1;C;C;37;4.85
2006;rd;14808801;Styrsö 1;FP;L;60;7.86
2006;rd;14808801;Styrsö 1;KD;KD;77;10.09
2006;rd;14808801;Styrsö 1;S;S;161;21.10
2006;rd;14808801;Styrsö 1;V;V;66;8.65
2006;rd;14808801;Styrsö 1;MP;MP;135;17.69
2006;rd;14808801;Styrsö 1;0524;0524;4;0.52
2006;rd;14808801;Styrsö 1;ENH;ENH;2;0.26
2006;rd;14808801;Styrsö 1;Fi;FI;24;3.15
2006;rd;14808801;Styrsö 1;JL;JL;4;0.52
2006;rd;14808801;Styrsö 1;ND;ND;2;0.26
2006;rd;14808801;Styrsö 1;SD;SD;10;1.31
2006;rd;14808801;Styrsö 1;SPI;SPI;4;0.52
2006;rd;14808802;Styrsö 2;M;M;245;26.29
2006;rd;14808802;Styrsö 2;C;C;53;5.69
2006;rd;14808802;Styrsö 2;FP;L;104;11.16
2006;rd;14808802;Styrsö 2;KD;KD;167;17.92
2006;rd;14808802;Styrsö 2;S;S;149;15.99
2006;rd;14808802;Styrsö 2;V;V;84;9.01
2006;rd;14808802;Styrsö 2;MP;MP;78;8.37
2006;rd;14808802;Styrsö 2;0524;0524;6;0.64
2006;rd;14808802;Styrsö 2;ENH;ENH;1;0.11
2006;rd;14808802;Styrsö 2;Fi;FI;17;1.82
2006;rd;14808802;Styrsö 2;JL;JL;9;0.97
2006;rd;14808802;Styrsö 2;SD;SD;17;1.82
2006;rd;14808802;Styrsö 2;SPI;SPI;2;0.21
2006;rd;14808803;Styrsö 3;M;M;224;19.58
2006;rd;14808803;Styrsö 3;C;C;44;3.85
2006;rd;14808803;Styrsö 3;FP;L;136;11.89
2006;rd;14808803;Styrsö 3;KD;KD;534;46.68
2006;rd;14808803;Styrsö 3;S;S;123;10.75
2006;rd;14808803;Styrsö 3;V;V;27;2.36
2006;rd;14808803;Styrsö 3;MP;MP;22;1.92
2006;rd;14808803;Styrsö 3;0524;0524;3;0.26
2006;rd;14808803;Styrsö 3;Fi;FI;10;0.87
2006;rd;14808803;Styrsö 3;JL;JL;4;0.35
2006;rd;14808803;Styrsö 3;SD;SD;15;1.31
2006;rd;14808803;Styrsö 3;SPI;SPI;1;0.09
2006;rd;14808803;Styrsö 3;ÖVR;ÖVR;1;0.09
2006;rd;1480VK04;I vallokal ej räknade röster;M;M;832;41.70
2006;rd;1480VK04;I vallokal ej räknade röster;C;C;84;4.21
2006;rd;1480VK04;I vallokal ej räknade röster;FP;L;212;10.63
2006;rd;1480VK04;I vallokal ej räknade röster;KD;KD;92;4.61
2006;rd;1480VK04;I vallokal ej räknade röster;S;S;344;17.24
2006;rd;1480VK04;I vallokal ej räknade röster;V;V;134;6.72
2006;rd;1480VK04;I vallokal ej räknade röster;MP;MP;201;10.08
2006;rd;1480VK04;I vallokal ej räknade röster;0520;0520;1;0.05
2006;rd;1480VK04;I vallokal ej räknade röster;0524;0524;15;0.75
2006;rd;1480VK04;I vallokal ej räknade röster;0538;0538;1;0.05
2006;rd;1480VK04;I vallokal ej räknade röster;0603;0603;1;0.05
2006;rd;1480VK04;I vallokal ej räknade röster;ENH;ENH;4;0.20
2006;rd;1480VK04;I vallokal ej räknade röster;Fi;FI;34;1.70
2006;rd;1480VK04;I vallokal ej räknade röster;JL;JL;3;0.15
2006;rd;1480VK04;I vallokal ej räknade röster;SD;SD;31;1.55
2006;rd;1480VK04;I vallokal ej räknade röster;Sjvåp;SJVÅP;3;0.15
2006;rd;1480VK04;I vallokal ej räknade röster;SPI;SPI;3;0.15
