ar;val;kod;namn;summa_kategorier;rostberattigade_resultatfil;diff;kalla_fil
2010;rd;14800111;Gunnared, Lövgärdets Centrum;1026;1026;0;slutligt_valresultat_valdistrikt_R.xls
2010;rd;14800112;Gunnared, Övre Lövgärdet;1391;1391;0;slutligt_valresultat_valdistrikt_R.xls
2010;rd;14800113;Gunnared, Nedre Lövgärdet;1691;1691;0;slutligt_valresultat_valdistrikt_R.xls
2010;rd;14800121;Gunnared, Södra Rannebergen;1389;1389;0;slutligt_valresultat_valdistrikt_R.xls
2010;rd;14800122;Gunnared, Norra Rannebergen;1586;1586;0;slutligt_valresultat_valdistrikt_R.xls
2010;rd;14800131;Gunnared, Västra Gårdsten;903;903;0;slutligt_valresultat_valdistrikt_R.xls
2010;rd;14800132;Gunnared, Norra Gårdsten;1376;1376;0;slutligt_valresultat_valdistrikt_R.xls
2010;rd;14800133;Gunnared, Östra Gårdsten;1251;1251;0;slutligt_valresultat_valdistrikt_R.xls
2010;rd;14800134;Gunnared, Södra Gårdsten;894;894;0;slutligt_valresultat_valdistrikt_R.xls
2010;rd;14800141;Gunnared, Angereds Centrum;1372;1372;0;slutligt_valresultat_valdistrikt_R.xls
2010;rd;14800142;Gunnared, Trädgårdsgärdet;1144;1144;0;slutligt_valresultat_valdistrikt_R.xls
2010;rd;14800211;Lärjedalen, Agnesberg;797;797;0;slutligt_valresultat_valdistrikt_R.xls
2010;rd;14800221;Lärjedalen, Västra Hammarkullen;1522;1522;0;slutligt_valresultat_valdistrikt_R.xls
2010;rd;14800222;Lärjedalen, Östra Hammarkullen;1581;1581;0;slutligt_valresultat_valdistrikt_R.xls
2010;rd;14800223;Lärjedalen, Sandeslätt;1278;1278;0;slutligt_valresultat_valdistrikt_R.xls
2010;rd;14800231;Lärjedalen, Gunnilse-Linnarhult;1404;1404;0;slutligt_valresultat_valdistrikt_R.xls
2010;rd;14800251;Lärjedalen, Björsared-Knipared;1396;1396;0;slutligt_valresultat_valdistrikt_R.xls
2010;rd;14800252;Lärjedalen, Olofstorp;1684;1684;0;slutligt_valresultat_valdistrikt_R.xls
2010;rd;14800261;Lärjedalen, Södra Hjällbo;799;799;0;slutligt_valresultat_valdistrikt_R.xls
2010;rd;14800262;Lärjedalen, Skolspåret;933;933;0;slutligt_valresultat_valdistrikt_R.xls
2010;rd;14800263;Lärjedalen, Norra Hjällbo;1263;1263;0;slutligt_valresultat_valdistrikt_R.xls
2010;rd;14800264;Lärjedalen, Bläsebo;1246;1246;0;slutligt_valresultat_valdistrikt_R.xls
2010;rd;14800271;Lärjedalen, Eriksbo;1328;1328;0;slutligt_valresultat_valdistrikt_R.xls
2010;rd;14800311;Kortedala, Gamlestaden;1704;1704;0;slutligt_valresultat_valdistrikt_R.xls
2010;rd;14800312;Kortedala, Nylöse;1514;1514;0;slutligt_valresultat_valdistrikt_R.xls
2010;rd;14800313;Kortedala, Kviberg;1648;1648;0;slutligt_valresultat_valdistrikt_R.xls
2010;rd;14800314;Kortedala, Bellevue;1173;1173;0;slutligt_valresultat_valdistrikt_R.xls
2010;rd;14800321;Kortedala, Utbynäs;1063;1063;0;slutligt_valresultat_valdistrikt_R.xls
2010;rd;14800322;Kortedala, Utby;1423;1423;0;slutligt_valresultat_valdistrikt_R.xls
2010;rd;14800323;Kortedala, Fjällbo;1436;1436;0;slutligt_valresultat_valdistrikt_R.xls
2010;rd;14800331;Kortedala, Gregorianska gatan m fl;1204;1204;0;slutligt_valresultat_valdistrikt_R.xls
2010;rd;14800332;Kortedala, Västra Kortedala;1378;1378;0;slutligt_valresultat_valdistrikt_R.xls
2010;rd;14800333;Kortedala, Östra Kortedala;1471;1471;0;slutligt_valresultat_valdistrikt_R.xls
2010;rd;14800334;Kortedala, Kortedala Centrum;1334;1334;0;slutligt_valresultat_valdistrikt_R.xls
2010;rd;14800335;Kortedala, Södra Kortedala;1250;1250;0;slutligt_valresultat_valdistrikt_R.xls
2010;rd;14800341;Kortedala, Adventsparken;1386;1386;0;slutligt_valresultat_valdistrikt_R.xls
2010;rd;14800342;Kortedala, Norra Kortedala;1659;1659;0;slutligt_valresultat_valdistrikt_R.xls
2010;rd;14800343;Kortedala, Månadsgatorna m fl;1484;1484;0;slutligt_valresultat_valdistrikt_R.xls
2010;rd;14800411;Bergsjön, Gärdsås;942;942;0;slutligt_valresultat_valdistrikt_R.xls
2010;rd;14800412;Bergsjön, Siriusgatan;1392;1392;0;slutligt_valresultat_valdistrikt_R.xls
2010;rd;14800413;Bergsjön, Gärdsmosse;1177;1177;0;slutligt_valresultat_valdistrikt_R.xls
2010;rd;14800414;Bergsjön, Norra Bergsjön;921;921;0;slutligt_valresultat_valdistrikt_R.xls
2010;rd;14800421;Bergsjön, Södra Bergsjön;1163;1163;0;slutligt_valresultat_valdistrikt_R.xls
2010;rd;14800422;Bergsjön, Östra Bergsjön;1238;1238;0;slutligt_valresultat_valdistrikt_R.xls
2010;rd;14800423;Bergsjön, Rymdtorget;780;780;0;slutligt_valresultat_valdistrikt_R.xls
2010;rd;14800424;Bergsjön, Komettorget;1225;1225;0;slutligt_valresultat_valdistrikt_R.xls
2010;rd;14800511;Härlanda, Härlanda;1261;1261;0;slutligt_valresultat_valdistrikt_R.xls
2010;rd;14800521;Härlanda, Södra Kålltorp;1628;1628;0;slutligt_valresultat_valdistrikt_R.xls
2010;rd;14800522;Härlanda, Västra Kålltorp;1057;1057;0;slutligt_valresultat_valdistrikt_R.xls
2010;rd;14800523;Härlanda, Östra Kålltorp;1056;1056;0;slutligt_valresultat_valdistrikt_R.xls
2010;rd;14800524;Härlanda, Vidkärr;1351;1351;0;slutligt_valresultat_valdistrikt_R.xls
2010;rd;14800525;Härlanda, Munkebäck;1683;1683;0;slutligt_valresultat_valdistrikt_R.xls
2010;rd;14800531;Härlanda, Torpa;1752;1752;0;slutligt_valresultat_valdistrikt_R.xls
2010;rd;14800532;Härlanda, Fräntorp;1081;1081;0;slutligt_valresultat_valdistrikt_R.xls
2010;rd;14800541;Härlanda, Södra Björkekärr;1814;1814;0;slutligt_valresultat_valdistrikt_R.xls
2010;rd;14800542;Härlanda, Västra Björkekärr;1649;1649;0;slutligt_valresultat_valdistrikt_R.xls
2010;rd;14800543;Härlanda, Norra Björkekärr;846;846;0;slutligt_valresultat_valdistrikt_R.xls
2010;rd;14800544;Härlanda, Robertshöjd;1671;1671;0;slutligt_valresultat_valdistrikt_R.xls
2010;rd;14800611;Örgryte, Gubbero;1815;1815;0;slutligt_valresultat_valdistrikt_R.xls
2010;rd;14800612;Örgryte, Olskroken;1310;1310;0;slutligt_valresultat_valdistrikt_R.xls
2010;rd;14800613;Örgryte, Redberget;1733;1733;0;slutligt_valresultat_valdistrikt_R.xls
2010;rd;14800621;Örgryte, Bagaregården;1003;1003;0;slutligt_valresultat_valdistrikt_R.xls
2010;rd;14800622;Örgryte, Ånäs;1110;1110;0;slutligt_valresultat_valdistrikt_R.xls
2010;rd;14800631;Örgryte, Strömmensberg;1489;1489;0;slutligt_valresultat_valdistrikt_R.xls
2010;rd;14800632;Örgryte, Redbergslid;1459;1459;0;slutligt_valresultat_valdistrikt_R.xls
2010;rd;14800641;Örgryte, Västra Kallebäck;1466;1466;0;slutligt_valresultat_valdistrikt_R.xls
2010;rd;14800642;Örgryte, Östra Kallebäck;1420;1420;0;slutligt_valresultat_valdistrikt_R.xls
2010;rd;14800651;Örgryte, Södra Skår;1168;1168;0;slutligt_valresultat_valdistrikt_R.xls
2010;rd;14800652;Örgryte, Jakobsdal;1368;1368;0;slutligt_valresultat_valdistrikt_R.xls
2010;rd;14800653;Örgryte, Norra Skår;1083;1083;0;slutligt_valresultat_valdistrikt_R.xls
2010;rd;14800661;Örgryte, Örgryte;956;956;0;slutligt_valresultat_valdistrikt_R.xls
2010;rd;14800662;Örgryte, Bö;941;941;0;slutligt_valresultat_valdistrikt_R.xls
2010;rd;14800671;Örgryte, Torp;1797;1797;0;slutligt_valresultat_valdistrikt_R.xls
2010;rd;14800681;Örgryte, Överås;1911;1911;0;slutligt_valresultat_valdistrikt_R.xls
2010;rd;14800682;Örgryte, Gamla Lunden;1469;1469;0;slutligt_valresultat_valdistrikt_R.xls
2010;rd;14800683;Örgryte, Nobelplatsen;1320;1320;0;slutligt_valresultat_valdistrikt_R.xls
2010;rd;14800684;Örgryte, Sankt Pauli;1320;1320;0;slutligt_valresultat_valdistrikt_R.xls
2010;rd;14800685;Örgryte, Nya Lunden-Prästgårdsängen;1594;1594;0;slutligt_valresultat_valdistrikt_R.xls
2010;rd;14800686;Örgryte, Kärralund;1605;1605;0;slutligt_valresultat_valdistrikt_R.xls
2010;rd;14800711;Centrum, Burås;1449;1449;0;slutligt_valresultat_valdistrikt_R.xls
2010;rd;14800712;Centrum, Mossen;1341;1341;0;slutligt_valresultat_valdistrikt_R.xls
2010;rd;14800713;Centrum, Framnäs;1797;1797;0;slutligt_valresultat_valdistrikt_R.xls
2010;rd;14800714;Centrum, Olofshöjd;887;887;0;slutligt_valresultat_valdistrikt_R.xls
2010;rd;14800715;Centrum, Krokslätt;1752;1752;0;slutligt_valresultat_valdistrikt_R.xls
2010;rd;14800716;Centrum, Kristinehöjd;1345;1345;0;slutligt_valresultat_valdistrikt_R.xls
2010;rd;14800717;Centrum, Getebergsäng;1076;1076;0;slutligt_valresultat_valdistrikt_R.xls
2010;rd;14800721;Centrum, Nedre Johanneberg;1869;1869;0;slutligt_valresultat_valdistrikt_R.xls
2010;rd;14800722;Centrum, Övre Johanneberg;1401;1401;0;slutligt_valresultat_valdistrikt_R.xls
2010;rd;14800723;Centrum, Eklanda;1775;1775;0;slutligt_valresultat_valdistrikt_R.xls
2010;rd;14800724;Centrum, Södra Johanneberg;1445;1445;0;slutligt_valresultat_valdistrikt_R.xls
2010;rd;14800731;Centrum, Landalabergen m fl;1731;1731;0;slutligt_valresultat_valdistrikt_R.xls
2010;rd;14800732;Centrum, Landala;1341;1341;0;slutligt_valresultat_valdistrikt_R.xls
2010;rd;14800733;Centrum, Landalagången m fl;975;975;0;slutligt_valresultat_valdistrikt_R.xls
2010;rd;14800741;Centrum, Guldheden vattentornet;1522;1522;0;slutligt_valresultat_valdistrikt_R.xls
2010;rd;14800742;Centrum, Centrala Guldheden;1163;1163;0;slutligt_valresultat_valdistrikt_R.xls
2010;rd;14800743;Centrum, Norra Guldheden;1417;1417;0;slutligt_valresultat_valdistrikt_R.xls
2010;rd;14800744;Centrum, Landala Egnahem;1280;1280;0;slutligt_valresultat_valdistrikt_R.xls
2010;rd;14800745;Centrum, Södra Guldheden;1276;1276;0;slutligt_valresultat_valdistrikt_R.xls
2010;rd;14800746;Centrum, Doktor Forselius gata m fl;1203;1203;0;slutligt_valresultat_valdistrikt_R.xls
2010;rd;14800751;Centrum, Lorensberg;1725;1725;0;slutligt_valresultat_valdistrikt_R.xls
2010;rd;14800761;Centrum, Södra Vasastaden;1677;1677;0;slutligt_valresultat_valdistrikt_R.xls
2010;rd;14800762;Centrum, Norra Vasastaden;1682;1682;0;slutligt_valresultat_valdistrikt_R.xls
2010;rd;14800763;Centrum, Valand;1129;1129;0;slutligt_valresultat_valdistrikt_R.xls
2010;rd;14800764;Centrum, Östra Vasastaden;1482;1482;0;slutligt_valresultat_valdistrikt_R.xls
2010;rd;14800771;Centrum, Inom Vallgraven;1677;1677;0;slutligt_valresultat_valdistrikt_R.xls
2010;rd;14800772;Centrum, Nordstan-Otterhällan;1655;1655;0;slutligt_valresultat_valdistrikt_R.xls
2010;rd;14800781;Centrum, Odinsgatan-Stampen;1574;1574;0;slutligt_valresultat_valdistrikt_R.xls
2010;rd;14800782;Centrum, Gullbergsvass-Svingeln;1793;1793;0;slutligt_valresultat_valdistrikt_R.xls
2010;rd;14800783;Centrum, Friggagatan-Stampen;1469;1469;0;slutligt_valresultat_valdistrikt_R.xls
2010;rd;14800791;Centrum, Hedås-Gårda;1763;1763;0;slutligt_valresultat_valdistrikt_R.xls
2010;rd;14800792;Centrum, Södra Heden;1471;1471;0;slutligt_valresultat_valdistrikt_R.xls
2010;rd;14800793;Centrum, Norra Heden-Gårda;1899;1899;0;slutligt_valresultat_valdistrikt_R.xls
2010;rd;14800811;Linnéstaden, Övre Masthugget;1473;1473;0;slutligt_valresultat_valdistrikt_R.xls
2010;rd;14800812;Linnéstaden, Stigberget;1547;1547;0;slutligt_valresultat_valdistrikt_R.xls
2010;rd;14800813;Linnéstaden, Masthuggstorget;1327;1327;0;slutligt_valresultat_valdistrikt_R.xls
2010;rd;14800814;Linnéstaden, Nedre Masthugget;1301;1301;0;slutligt_valresultat_valdistrikt_R.xls
2010;rd;14800815;Linnéstaden, Oscar Fredrik;1287;1287;0;slutligt_valresultat_valdistrikt_R.xls
2010;rd;14800816;Linnéstaden, Vegastaden;1192;1192;0;slutligt_valresultat_valdistrikt_R.xls
2010;rd;14800817;Linnéstaden, Slottsskogen;1108;1108;0;slutligt_valresultat_valdistrikt_R.xls
2010;rd;14800821;Linnéstaden, Änggården;1166;1166;0;slutligt_valresultat_valdistrikt_R.xls
2010;rd;14800831;Linnéstaden, Skansberget;1617;1617;0;slutligt_valresultat_valdistrikt_R.xls
2010;rd;14800832;Linnéstaden, Haga;1757;1757;0;slutligt_valresultat_valdistrikt_R.xls
2010;rd;14800841;Linnéstaden, Annedal;1779;1779;0;slutligt_valresultat_valdistrikt_R.xls
2010;rd;14800842;Linnéstaden, Nilssonsberg;1762;1762;0;slutligt_valresultat_valdistrikt_R.xls
2010;rd;14800851;Linnéstaden, Linnéplatsen;1036;1036;0;slutligt_valresultat_valdistrikt_R.xls
2010;rd;14800852;Linnéstaden, Olivedal;1617;1617;0;slutligt_valresultat_valdistrikt_R.xls
2010;rd;14800853;Linnéstaden, Långgatorna;1722;1722;0;slutligt_valresultat_valdistrikt_R.xls
2010;rd;14800854;Linnéstaden, Linné;1489;1489;0;slutligt_valresultat_valdistrikt_R.xls
2010;rd;14800855;Linnéstaden, Risåsen;1339;1339;0;slutligt_valresultat_valdistrikt_R.xls
2010;rd;14800856;Linnéstaden, Kommendantsängen;1247;1247;0;slutligt_valresultat_valdistrikt_R.xls
2010;rd;14800857;Linnéstaden, Sveaplan;1346;1346;0;slutligt_valresultat_valdistrikt_R.xls
2010;rd;14800911;Majorna, Svalebo;1180;1180;0;slutligt_valresultat_valdistrikt_R.xls
2010;rd;14800912;Majorna, Skytteskogen;1648;1648;0;slutligt_valresultat_valdistrikt_R.xls
2010;rd;14800913;Majorna, Kungsladugård;1405;1405;0;slutligt_valresultat_valdistrikt_R.xls
2010;rd;14800914;Majorna, Mariaplan;1287;1287;0;slutligt_valresultat_valdistrikt_R.xls
2010;rd;14800915;Majorna, Silverkällan;1461;1461;0;slutligt_valresultat_valdistrikt_R.xls
2010;rd;14800916;Majorna, Klippan;1700;1700;0;slutligt_valresultat_valdistrikt_R.xls
2010;rd;14800921;Majorna, Sandarne;1697;1697;0;slutligt_valresultat_valdistrikt_R.xls
2010;rd;14800931;Majorna, Slottsskogsgatan m fl;1737;1737;0;slutligt_valresultat_valdistrikt_R.xls
2010;rd;14800932;Majorna, Majorna;1297;1297;0;slutligt_valresultat_valdistrikt_R.xls
2010;rd;14800933;Majorna, Hängmattan;1133;1133;0;slutligt_valresultat_valdistrikt_R.xls
2010;rd;14800934;Majorna, Gråberget;1601;1601;0;slutligt_valresultat_valdistrikt_R.xls
2010;rd;14800935;Majorna, Marieberg;1861;1861;0;slutligt_valresultat_valdistrikt_R.xls
2010;rd;14800936;Majorna, Godhem;1194;1194;0;slutligt_valresultat_valdistrikt_R.xls
2010;rd;14800941;Majorna, Söderlingska ängen;1350;1350;0;slutligt_valresultat_valdistrikt_R.xls
2010;rd;14800942;Majorna, Karl Johans torg;1724;1724;0;slutligt_valresultat_valdistrikt_R.xls
2010;rd;14800943;Majorna, Djurgårdsgatan m fl;1507;1507;0;slutligt_valresultat_valdistrikt_R.xls
2010;rd;14800944;Majorna, Gatenhielmska;1219;1219;0;slutligt_valresultat_valdistrikt_R.xls
2010;rd;14801011;Högsbo, Södra Kaverös;1581;1581;0;slutligt_valresultat_valdistrikt_R.xls
2010;rd;14801012;Högsbo, Norra Kaverös;1771;1771;0;slutligt_valresultat_valdistrikt_R.xls
2010;rd;14801021;Högsbo, Östra Flatås;1230;1230;0;slutligt_valresultat_valdistrikt_R.xls
2010;rd;14801022;Högsbo, Västra Flatås;1489;1489;0;slutligt_valresultat_valdistrikt_R.xls
2010;rd;14801031;Högsbo, Södra Högsbohöjd;1444;1444;0;slutligt_valresultat_valdistrikt_R.xls
2010;rd;14801032;Högsbo, Norra Högsbohöjd;1404;1404;0;slutligt_valresultat_valdistrikt_R.xls
2010;rd;14801041;Högsbo, Högsbo;1320;1320;0;slutligt_valresultat_valdistrikt_R.xls
2010;rd;14801042;Högsbo, Västra Högsbotorp;1358;1358;0;slutligt_valresultat_valdistrikt_R.xls
2010;rd;14801043;Högsbo, Marklandsgatan m fl;1501;1501;0;slutligt_valresultat_valdistrikt_R.xls
2010;rd;14801044;Högsbo, Östra Högsbotorp;1317;1317;0;slutligt_valresultat_valdistrikt_R.xls
2010;rd;14801111;Älvsborg, Södra Fiskebäck;957;957;0;slutligt_valresultat_valdistrikt_R.xls
2010;rd;14801112;Älvsborg, Norra Fiskebäck;1409;1409;0;slutligt_valresultat_valdistrikt_R.xls
2010;rd;14801113;Älvsborg, Påvelund;1626;1626;0;slutligt_valresultat_valdistrikt_R.xls
2010;rd;14801114;Älvsborg, Björnekulla;1437;1437;0;slutligt_valresultat_valdistrikt_R.xls
2010;rd;14801121;Älvsborg, Långedrag;1515;1515;0;slutligt_valresultat_valdistrikt_R.xls
2010;rd;14801131;Älvsborg, Tångudden;1329;1329;0;slutligt_valresultat_valdistrikt_R.xls
2010;rd;14801132;Älvsborg, Nya Varvet;1906;1906;0;slutligt_valresultat_valdistrikt_R.xls
2010;rd;14801133;Älvsborg, Hagen;993;993;0;slutligt_valresultat_valdistrikt_R.xls
2010;rd;14801141;Älvsborg, Grimmered;1628;1628;0;slutligt_valresultat_valdistrikt_R.xls
2010;rd;14801142;Älvsborg, Ekebäck;1448;1448;0;slutligt_valresultat_valdistrikt_R.xls
2010;rd;14801211;Frölunda, Tofta;1063;1063;0;slutligt_valresultat_valdistrikt_R.xls
2010;rd;14801212;Frölunda, Spinetten;860;860;0;slutligt_valresultat_valdistrikt_R.xls
2010;rd;14801221;Frölunda, Ruddalen;1872;1872;0;slutligt_valresultat_valdistrikt_R.xls
2010;rd;14801231;Frölunda, Västra Järnbrott;1372;1372;0;slutligt_valresultat_valdistrikt_R.xls
2010;rd;14801232;Frölunda, Östra Järnbrott;1344;1344;0;slutligt_valresultat_valdistrikt_R.xls
2010;rd;14801241;Frölunda, Frölunda torg;1123;1123;0;slutligt_valresultat_valdistrikt_R.xls
2010;rd;14801242;Frölunda, Gånglåten m fl;1722;1722;0;slutligt_valresultat_valdistrikt_R.xls
2010;rd;14801243;Frölunda, Frölunda;980;980;0;slutligt_valresultat_valdistrikt_R.xls
2010;rd;14801311;Askim, Hult;1351;1351;0;slutligt_valresultat_valdistrikt_R.xls
2010;rd;14801312;Askim, Pilegården;1183;1183;0;slutligt_valresultat_valdistrikt_R.xls
2010;rd;14801313;Askim, Askim;1056;1056;0;slutligt_valresultat_valdistrikt_R.xls
2010;rd;14801314;Askim, Norra Sisjön;1495;1495;0;slutligt_valresultat_valdistrikt_R.xls
2010;rd;14801315;Askim, Södra Sisjön;1456;1456;0;slutligt_valresultat_valdistrikt_R.xls
2010;rd;14801316;Askim, Norra Hovås;1079;1079;0;slutligt_valresultat_valdistrikt_R.xls
2010;rd;14801321;Askim, Södra Hovås;1006;1006;0;slutligt_valresultat_valdistrikt_R.xls
2010;rd;14801322;Askim, Trollåsen;1294;1294;0;slutligt_valresultat_valdistrikt_R.xls
2010;rd;14801331;Askim, Billdal;1816;1816;0;slutligt_valresultat_valdistrikt_R.xls
2010;rd;14801332;Askim, Nygård;1216;1216;0;slutligt_valresultat_valdistrikt_R.xls
2010;rd;14801333;Askim, Skintebo;1192;1192;0;slutligt_valresultat_valdistrikt_R.xls
2010;rd;14801334;Askim, Brottkärr;833;833;0;slutligt_valresultat_valdistrikt_R.xls
2010;rd;14801335;Askim, Lyckhem;1184;1184;0;slutligt_valresultat_valdistrikt_R.xls
2010;rd;14801336;Askim, Lindås;1200;1200;0;slutligt_valresultat_valdistrikt_R.xls
2010;rd;14801411;Tynnered, Bratthammar;1902;1902;0;slutligt_valresultat_valdistrikt_R.xls
2010;rd;14801421;Tynnered, Beryllgatan-Guldringen;1793;1793;0;slutligt_valresultat_valdistrikt_R.xls
2010;rd;14801431;Tynnered, Tynnered;1963;1963;0;slutligt_valresultat_valdistrikt_R.xls
2010;rd;14801441;Tynnered, Korsåsen;1290;1290;0;slutligt_valresultat_valdistrikt_R.xls
2010;rd;14801442;Tynnered, Ängås;1280;1280;0;slutligt_valresultat_valdistrikt_R.xls
2010;rd;14801451;Tynnered, Västra Önnered;1339;1339;0;slutligt_valresultat_valdistrikt_R.xls
2010;rd;14801452;Tynnered, Östra Önnered;1492;1492;0;slutligt_valresultat_valdistrikt_R.xls
2010;rd;14801461;Tynnered, Grevegården;1194;1194;0;slutligt_valresultat_valdistrikt_R.xls
2010;rd;14801462;Tynnered, Skattegården;1542;1542;0;slutligt_valresultat_valdistrikt_R.xls
2010;rd;14801471;Tynnered, Södra Näset;1355;1355;0;slutligt_valresultat_valdistrikt_R.xls
2010;rd;14801472;Tynnered, Norra Näset;1652;1652;0;slutligt_valresultat_valdistrikt_R.xls
2010;rd;14801473;Tynnered, Åkered;1467;1467;0;slutligt_valresultat_valdistrikt_R.xls
2010;rd;14801481;Tynnered, Södra Opaltorget;926;926;0;slutligt_valresultat_valdistrikt_R.xls
2010;rd;14801482;Tynnered, Norra Opaltorget;1326;1326;0;slutligt_valresultat_valdistrikt_R.xls
2010;rd;14801511;Södra Skärgården, Donsö-Vrångö;1367;1367;0;slutligt_valresultat_valdistrikt_R.xls
2010;rd;14801512;Södra Skärgården, Styrsö-Köpstadsö;1149;1149;0;slutligt_valresultat_valdistrikt_R.xls
2010;rd;14801513;Södra Skärgården, Brännö-Asperö;938;938;0;slutligt_valresultat_valdistrikt_R.xls
2010;rd;14801611;Torslanda, Hjuvik;1512;1512;0;slutligt_valresultat_valdistrikt_R.xls
2010;rd;14801612;Torslanda, Hällsvik;1438;1438;0;slutligt_valresultat_valdistrikt_R.xls
2010;rd;14801613;Torslanda, Andalen;1666;1666;0;slutligt_valresultat_valdistrikt_R.xls
2010;rd;14801621;Torslanda, Tumlehed;1512;1512;0;slutligt_valresultat_valdistrikt_R.xls
2010;rd;14801622;Torslanda, Domarringen m fl;1461;1461;0;slutligt_valresultat_valdistrikt_R.xls
2010;rd;14801623;Torslanda, Torslanda;1789;1789;0;slutligt_valresultat_valdistrikt_R.xls
2010;rd;14801624;Torslanda, Nolered;1438;1438;0;slutligt_valresultat_valdistrikt_R.xls
2010;rd;14801625;Torslanda, Amhult-Arendal;1425;1425;0;slutligt_valresultat_valdistrikt_R.xls
2010;rd;14801631;Torslanda, Lilleby;2048;2048;0;slutligt_valresultat_valdistrikt_R.xls
2010;rd;14801632;Torslanda, Björlanda;1541;1541;0;slutligt_valresultat_valdistrikt_R.xls
2010;rd;14801633;Torslanda, Kvisljungeby;1408;1408;0;slutligt_valresultat_valdistrikt_R.xls
2010;rd;14801711;Biskopsgården, Svarte Mosse;1408;1408;0;slutligt_valresultat_valdistrikt_R.xls
2010;rd;14801712;Biskopsgården, Norra Biskopsgården;1144;1144;0;slutligt_valresultat_valdistrikt_R.xls
2010;rd;14801721;Biskopsgården, Södra Länsmansgården;893;893;0;slutligt_valresultat_valdistrikt_R.xls
2010;rd;14801722;Biskopsgården, Länsmansgårdens Centr;1122;1122;0;slutligt_valresultat_valdistrikt_R.xls
2010;rd;14801723;Biskopsgården, Norra Länsmansgården;1048;1048;0;slutligt_valresultat_valdistrikt_R.xls
2010;rd;14801731;Biskopsgården, Stackmolnsgatan m fl;1443;1443;0;slutligt_valresultat_valdistrikt_R.xls
2010;rd;14801732;Biskopsgården, Badvädersgatan m fl;1193;1193;0;slutligt_valresultat_valdistrikt_R.xls
2010;rd;14801741;Biskopsgården, Södra Biskopsgården;1083;1083;0;slutligt_valresultat_valdistrikt_R.xls
2010;rd;14801742;Biskopsgården, Väderlekstorget;1009;1009;0;slutligt_valresultat_valdistrikt_R.xls
2010;rd;14801743;Biskopsgården, Treröset;1420;1420;0;slutligt_valresultat_valdistrikt_R.xls
2010;rd;14801744;Biskopsgården, Vårväderstorget;1594;1594;0;slutligt_valresultat_valdistrikt_R.xls
2010;rd;14801751;Biskopsgården, Jättesten;1636;1636;0;slutligt_valresultat_valdistrikt_R.xls
2010;rd;14801752;Biskopsgården, Svartedalen;1427;1427;0;slutligt_valresultat_valdistrikt_R.xls
2010;rd;14801753;Biskopsgården, Kärrsmossen;1658;1658;0;slutligt_valresultat_valdistrikt_R.xls
2010;rd;14801811;Lundby, Lindholmen;2045;2045;0;slutligt_valresultat_valdistrikt_R.xls
2010;rd;14801812;Lundby, Västra Rambergsstaden;1681;1681;0;slutligt_valresultat_valdistrikt_R.xls
2010;rd;14801813;Lundby, Östra Rambergsstaden;1715;1715;0;slutligt_valresultat_valdistrikt_R.xls
2010;rd;14801814;Lundby, Västra Brämaregården;1508;1508;0;slutligt_valresultat_valdistrikt_R.xls
2010;rd;14801815;Lundby, Östra Brämaregården;1433;1433;0;slutligt_valresultat_valdistrikt_R.xls
2010;rd;14801816;Lundby, Lundbyvassen;665;665;0;slutligt_valresultat_valdistrikt_R.xls
2010;rd;14801821;Lundby, Flunsås;1419;1419;0;slutligt_valresultat_valdistrikt_R.xls
2010;rd;14801822;Lundby, Bjurslätt;1477;1477;0;slutligt_valresultat_valdistrikt_R.xls
2010;rd;14801823;Lundby, Norra Kvillebäcken;1360;1360;0;slutligt_valresultat_valdistrikt_R.xls
2010;rd;14801824;Lundby, Wieselgrensplatsen;1176;1176;0;slutligt_valresultat_valdistrikt_R.xls
2010;rd;14801825;Lundby, Södra Kvillebäcken;1424;1424;0;slutligt_valresultat_valdistrikt_R.xls
2010;rd;14801831;Lundby, Hilldedal;1539;1539;0;slutligt_valresultat_valdistrikt_R.xls
2010;rd;14801832;Lundby, Slätta Damm;1404;1404;0;slutligt_valresultat_valdistrikt_R.xls
2010;rd;14801841;Lundby, Södra Tolered;1093;1093;0;slutligt_valresultat_valdistrikt_R.xls
2010;rd;14801842;Lundby, Norra Tolered;1060;1060;0;slutligt_valresultat_valdistrikt_R.xls
2010;rd;14801843;Lundby, Kärrdalen;1326;1326;0;slutligt_valresultat_valdistrikt_R.xls
2010;rd;14801851;Lundby, Västra Eriksberg;1912;1912;0;slutligt_valresultat_valdistrikt_R.xls
2010;rd;14801852;Lundby, Södra Bräcke;1109;1109;0;slutligt_valresultat_valdistrikt_R.xls
2010;rd;14801853;Lundby, Norra Bräcke;1278;1278;0;slutligt_valresultat_valdistrikt_R.xls
2010;rd;14801854;Lundby, Kyrkbyn;1119;1119;0;slutligt_valresultat_valdistrikt_R.xls
2010;rd;14801855;Lundby, Norra Lundby;1033;1033;0;slutligt_valresultat_valdistrikt_R.xls
2010;rd;14801856;Lundby, Södra Lundby;1066;1066;0;slutligt_valresultat_valdistrikt_R.xls
2010;rd;14801857;Lundby, Östra Eriksberg;1608;1608;0;slutligt_valresultat_valdistrikt_R.xls
2010;rd;14801858;Lundby, Sannegården;1208;1208;0;slutligt_valresultat_valdistrikt_R.xls
2010;rd;14801911;Tuve-Säve, Tången;1177;1177;0;slutligt_valresultat_valdistrikt_R.xls
2010;rd;14801912;Tuve-Säve, Tuve;1588;1588;0;slutligt_valresultat_valdistrikt_R.xls
2010;rd;14801913;Tuve-Säve, Gunnestorp;1503;1503;0;slutligt_valresultat_valdistrikt_R.xls
2010;rd;14801914;Tuve-Säve, Glöstorp;1061;1061;0;slutligt_valresultat_valdistrikt_R.xls
2010;rd;14801915;Tuve-Säve, Norumshöjd;1291;1291;0;slutligt_valresultat_valdistrikt_R.xls
2010;rd;14801921;Tuve-Säve, Säve;1589;1589;0;slutligt_valresultat_valdistrikt_R.xls
2010;rd;14802011;Backa, Tingstad;1448;1448;0;slutligt_valresultat_valdistrikt_R.xls
2010;rd;14802012;Backa, Brunnsbo;1561;1561;0;slutligt_valresultat_valdistrikt_R.xls
2010;rd;14802013;Backa, Aröd;1793;1793;0;slutligt_valresultat_valdistrikt_R.xls
2010;rd;14802021;Backa, Södra Backa;1325;1325;0;slutligt_valresultat_valdistrikt_R.xls
2010;rd;14802022;Backa, Backa Röd;1530;1530;0;slutligt_valresultat_valdistrikt_R.xls
2010;rd;14802023;Backa, Norra Backa;1598;1598;0;slutligt_valresultat_valdistrikt_R.xls
2010;rd;14802024;Backa, Bällskär;975;975;0;slutligt_valresultat_valdistrikt_R.xls
2010;rd;14802031;Backa, Bäckebol;964;964;0;slutligt_valresultat_valdistrikt_R.xls
2010;rd;14802032;Backa, Backadalen;1359;1359;0;slutligt_valresultat_valdistrikt_R.xls
2010;rd;14802033;Backa, Selma Lagerlöfs torg;964;964;0;slutligt_valresultat_valdistrikt_R.xls
2010;rd;14802034;Backa, Skälltorp;1614;1614;0;slutligt_valresultat_valdistrikt_R.xls
2010;rd;14802035;Backa, Åketorp;1634;1634;0;slutligt_valresultat_valdistrikt_R.xls
2010;rd;14802041;Backa, Skogome-Sankt Jörgen;1792;1792;0;slutligt_valresultat_valdistrikt_R.xls
2010;rd;14802111;Kärra-Rödbo, Mysterna-Svankällan;1300;1300;0;slutligt_valresultat_valdistrikt_R.xls
2010;rd;14802112;Kärra-Rödbo, Gerrebacka-Ingebäck;1331;1331;0;slutligt_valresultat_valdistrikt_R.xls
2010;rd;14802113;Kärra-Rödbo, Västra Kärra;1193;1193;0;slutligt_valresultat_valdistrikt_R.xls
2010;rd;14802114;Kärra-Rödbo, Norra Kärra;1131;1131;0;slutligt_valresultat_valdistrikt_R.xls
2010;rd;14802115;Kärra-Rödbo, Östra Kärra;1306;1306;0;slutligt_valresultat_valdistrikt_R.xls
2010;rd;14802116;Kärra-Rödbo, Södra Kärra;1264;1264;0;slutligt_valresultat_valdistrikt_R.xls
2010;rd;14802121;Kärra-Rödbo, Rödbo;662;662;0;slutligt_valresultat_valdistrikt_R.xls
2010;rf;14800111;Gunnared, Lövgärdets Centrum;1242;1242;0;slutligt_valresultat_valdistrikt_L.xls
2010;rf;14800112;Gunnared, Övre Lövgärdet;1638;1638;0;slutligt_valresultat_valdistrikt_L.xls
2010;rf;14800113;Gunnared, Nedre Lövgärdet;2043;2043;0;slutligt_valresultat_valdistrikt_L.xls
2010;rf;14800121;Gunnared, Södra Rannebergen;1609;1609;0;slutligt_valresultat_valdistrikt_L.xls
2010;rf;14800122;Gunnared, Norra Rannebergen;1709;1709;0;slutligt_valresultat_valdistrikt_L.xls
2010;rf;14800131;Gunnared, Västra Gårdsten;1200;1200;0;slutligt_valresultat_valdistrikt_L.xls
2010;rf;14800132;Gunnared, Norra Gårdsten;1894;1894;0;slutligt_valresultat_valdistrikt_L.xls
2010;rf;14800133;Gunnared, Östra Gårdsten;1503;1503;0;slutligt_valresultat_valdistrikt_L.xls
2010;rf;14800134;Gunnared, Södra Gårdsten;958;958;0;slutligt_valresultat_valdistrikt_L.xls
2010;rf;14800141;Gunnared, Angereds Centrum;1493;1493;0;slutligt_valresultat_valdistrikt_L.xls
2010;rf;14800142;Gunnared, Trädgårdsgärdet;1212;1212;0;slutligt_valresultat_valdistrikt_L.xls
2010;rf;14800211;Lärjedalen, Agnesberg;801;801;0;slutligt_valresultat_valdistrikt_L.xls
2010;rf;14800221;Lärjedalen, Västra Hammarkullen;1748;1748;0;slutligt_valresultat_valdistrikt_L.xls
2010;rf;14800222;Lärjedalen, Östra Hammarkullen;1837;1837;0;slutligt_valresultat_valdistrikt_L.xls
2010;rf;14800223;Lärjedalen, Sandeslätt;1437;1437;0;slutligt_valresultat_valdistrikt_L.xls
2010;rf;14800231;Lärjedalen, Gunnilse-Linnarhult;1472;1472;0;slutligt_valresultat_valdistrikt_L.xls
2010;rf;14800251;Lärjedalen, Björsared-Knipared;1467;1467;0;slutligt_valresultat_valdistrikt_L.xls
2010;rf;14800252;Lärjedalen, Olofstorp;1768;1768;0;slutligt_valresultat_valdistrikt_L.xls
2010;rf;14800261;Lärjedalen, Södra Hjällbo;896;896;0;slutligt_valresultat_valdistrikt_L.xls
2010;rf;14800262;Lärjedalen, Skolspåret;1052;1052;0;slutligt_valresultat_valdistrikt_L.xls
2010;rf;14800263;Lärjedalen, Norra Hjällbo;1368;1368;0;slutligt_valresultat_valdistrikt_L.xls
2010;rf;14800264;Lärjedalen, Bläsebo;1355;1355;0;slutligt_valresultat_valdistrikt_L.xls
2010;rf;14800271;Lärjedalen, Eriksbo;1662;1662;0;slutligt_valresultat_valdistrikt_L.xls
2010;rf;14800311;Kortedala, Gamlestaden;1824;1824;0;slutligt_valresultat_valdistrikt_L.xls
2010;rf;14800312;Kortedala, Nylöse;1607;1607;0;slutligt_valresultat_valdistrikt_L.xls
2010;rf;14800313;Kortedala, Kviberg;1728;1728;0;slutligt_valresultat_valdistrikt_L.xls
2010;rf;14800314;Kortedala, Bellevue;1209;1209;0;slutligt_valresultat_valdistrikt_L.xls
2010;rf;14800321;Kortedala, Utbynäs;1092;1092;0;slutligt_valresultat_valdistrikt_L.xls
2010;rf;14800322;Kortedala, Utby;1463;1463;0;slutligt_valresultat_valdistrikt_L.xls
2010;rf;14800323;Kortedala, Fjällbo;1498;1498;0;slutligt_valresultat_valdistrikt_L.xls
2010;rf;14800331;Kortedala, Gregorianska gatan m fl;1363;1363;0;slutligt_valresultat_valdistrikt_L.xls
2010;rf;14800332;Kortedala, Västra Kortedala;1471;1471;0;slutligt_valresultat_valdistrikt_L.xls
2010;rf;14800333;Kortedala, Östra Kortedala;1679;1679;0;slutligt_valresultat_valdistrikt_L.xls
2010;rf;14800334;Kortedala, Kortedala Centrum;1478;1478;0;slutligt_valresultat_valdistrikt_L.xls
2010;rf;14800335;Kortedala, Södra Kortedala;1305;1305;0;slutligt_valresultat_valdistrikt_L.xls
2010;rf;14800341;Kortedala, Adventsparken;1500;1500;0;slutligt_valresultat_valdistrikt_L.xls
2010;rf;14800342;Kortedala, Norra Kortedala;1769;1769;0;slutligt_valresultat_valdistrikt_L.xls
2010;rf;14800343;Kortedala, Månadsgatorna m fl;1672;1672;0;slutligt_valresultat_valdistrikt_L.xls
2010;rf;14800411;Bergsjön, Gärdsås;997;997;0;slutligt_valresultat_valdistrikt_L.xls
2010;rf;14800412;Bergsjön, Siriusgatan;1776;1776;0;slutligt_valresultat_valdistrikt_L.xls
2010;rf;14800413;Bergsjön, Gärdsmosse;1556;1556;0;slutligt_valresultat_valdistrikt_L.xls
2010;rf;14800414;Bergsjön, Norra Bergsjön;1001;1001;0;slutligt_valresultat_valdistrikt_L.xls
2010;rf;14800421;Bergsjön, Södra Bergsjön;1446;1446;0;slutligt_valresultat_valdistrikt_L.xls
2010;rf;14800422;Bergsjön, Östra Bergsjön;1550;1550;0;slutligt_valresultat_valdistrikt_L.xls
2010;rf;14800423;Bergsjön, Rymdtorget;979;979;0;slutligt_valresultat_valdistrikt_L.xls
2010;rf;14800424;Bergsjön, Komettorget;1437;1437;0;slutligt_valresultat_valdistrikt_L.xls
2010;rf;14800511;Härlanda, Härlanda;1223;1223;0;slutligt_valresultat_valdistrikt_L.xls
2010;rf;14800521;Härlanda, Södra Kålltorp;1640;1640;0;slutligt_valresultat_valdistrikt_L.xls
2010;rf;14800522;Härlanda, Västra Kålltorp;1065;1065;0;slutligt_valresultat_valdistrikt_L.xls
2010;rf;14800523;Härlanda, Östra Kålltorp;1074;1074;0;slutligt_valresultat_valdistrikt_L.xls
2010;rf;14800524;Härlanda, Vidkärr;1391;1391;0;slutligt_valresultat_valdistrikt_L.xls
2010;rf;14800525;Härlanda, Munkebäck;1701;1701;0;slutligt_valresultat_valdistrikt_L.xls
2010;rf;14800531;Härlanda, Torpa;1783;1783;0;slutligt_valresultat_valdistrikt_L.xls
2010;rf;14800532;Härlanda, Fräntorp;1087;1087;0;slutligt_valresultat_valdistrikt_L.xls
2010;rf;14800541;Härlanda, Södra Björkekärr;1842;1842;0;slutligt_valresultat_valdistrikt_L.xls
2010;rf;14800542;Härlanda, Västra Björkekärr;1774;1774;0;slutligt_valresultat_valdistrikt_L.xls
2010;rf;14800543;Härlanda, Norra Björkekärr;859;859;0;slutligt_valresultat_valdistrikt_L.xls
2010;rf;14800544;Härlanda, Robertshöjd;1750;1750;0;slutligt_valresultat_valdistrikt_L.xls
2010;rf;14800611;Örgryte, Gubbero;1844;1844;0;slutligt_valresultat_valdistrikt_L.xls
2010;rf;14800612;Örgryte, Olskroken;1351;1351;0;slutligt_valresultat_valdistrikt_L.xls
2010;rf;14800613;Örgryte, Redberget;1743;1743;0;slutligt_valresultat_valdistrikt_L.xls
2010;rf;14800621;Örgryte, Bagaregården;1020;1020;0;slutligt_valresultat_valdistrikt_L.xls
2010;rf;14800622;Örgryte, Ånäs;1129;1129;0;slutligt_valresultat_valdistrikt_L.xls
2010;rf;14800631;Örgryte, Strömmensberg;1381;1381;0;slutligt_valresultat_valdistrikt_L.xls
2010;rf;14800632;Örgryte, Redbergslid;1492;1492;0;slutligt_valresultat_valdistrikt_L.xls
2010;rf;14800641;Örgryte, Västra Kallebäck;1632;1632;0;slutligt_valresultat_valdistrikt_L.xls
2010;rf;14800642;Örgryte, Östra Kallebäck;1448;1448;0;slutligt_valresultat_valdistrikt_L.xls
2010;rf;14800651;Örgryte, Södra Skår;1186;1186;0;slutligt_valresultat_valdistrikt_L.xls
2010;rf;14800652;Örgryte, Jakobsdal;1335;1335;0;slutligt_valresultat_valdistrikt_L.xls
2010;rf;14800653;Örgryte, Norra Skår;1107;1107;0;slutligt_valresultat_valdistrikt_L.xls
2010;rf;14800661;Örgryte, Örgryte;967;967;0;slutligt_valresultat_valdistrikt_L.xls
2010;rf;14800662;Örgryte, Bö;933;933;0;slutligt_valresultat_valdistrikt_L.xls
2010;rf;14800671;Örgryte, Torp;1805;1805;0;slutligt_valresultat_valdistrikt_L.xls
2010;rf;14800681;Örgryte, Överås;1749;1749;0;slutligt_valresultat_valdistrikt_L.xls
2010;rf;14800682;Örgryte, Gamla Lunden;1479;1479;0;slutligt_valresultat_valdistrikt_L.xls
2010;rf;14800683;Örgryte, Nobelplatsen;1317;1317;0;slutligt_valresultat_valdistrikt_L.xls
2010;rf;14800684;Örgryte, Sankt Pauli;1326;1326;0;slutligt_valresultat_valdistrikt_L.xls
2010;rf;14800685;Örgryte, Nya Lunden-Prästgårdsängen;1598;1598;0;slutligt_valresultat_valdistrikt_L.xls
2010;rf;14800686;Örgryte, Kärralund;1615;1615;0;slutligt_valresultat_valdistrikt_L.xls
2010;rf;14800711;Centrum, Burås;1469;1469;0;slutligt_valresultat_valdistrikt_L.xls
2010;rf;14800712;Centrum, Mossen;1516;1516;0;slutligt_valresultat_valdistrikt_L.xls
2010;rf;14800713;Centrum, Framnäs;1851;1851;0;slutligt_valresultat_valdistrikt_L.xls
2010;rf;14800714;Centrum, Olofshöjd;1177;1177;0;slutligt_valresultat_valdistrikt_L.xls
2010;rf;14800715;Centrum, Krokslätt;1759;1759;0;slutligt_valresultat_valdistrikt_L.xls
2010;rf;14800716;Centrum, Kristinehöjd;1354;1354;0;slutligt_valresultat_valdistrikt_L.xls
2010;rf;14800717;Centrum, Getebergsäng;1082;1082;0;slutligt_valresultat_valdistrikt_L.xls
2010;rf;14800721;Centrum, Nedre Johanneberg;1900;1900;0;slutligt_valresultat_valdistrikt_L.xls
2010;rf;14800722;Centrum, Övre Johanneberg;1514;1514;0;slutligt_valresultat_valdistrikt_L.xls
2010;rf;14800723;Centrum, Eklanda;1652;1652;0;slutligt_valresultat_valdistrikt_L.xls
2010;rf;14800724;Centrum, Södra Johanneberg;1426;1426;0;slutligt_valresultat_valdistrikt_L.xls
2010;rf;14800731;Centrum, Landalabergen m fl;1747;1747;0;slutligt_valresultat_valdistrikt_L.xls
2010;rf;14800732;Centrum, Landala;1321;1321;0;slutligt_valresultat_valdistrikt_L.xls
2010;rf;14800733;Centrum, Landalagången m fl;1004;1004;0;slutligt_valresultat_valdistrikt_L.xls
2010;rf;14800741;Centrum, Guldheden vattentornet;1545;1545;0;slutligt_valresultat_valdistrikt_L.xls
2010;rf;14800742;Centrum, Centrala Guldheden;1176;1176;0;slutligt_valresultat_valdistrikt_L.xls
2010;rf;14800743;Centrum, Norra Guldheden;1415;1415;0;slutligt_valresultat_valdistrikt_L.xls
2010;rf;14800744;Centrum, Landala Egnahem;1273;1273;0;slutligt_valresultat_valdistrikt_L.xls
2010;rf;14800745;Centrum, Södra Guldheden;1296;1296;0;slutligt_valresultat_valdistrikt_L.xls
2010;rf;14800746;Centrum, Doktor Forselius gata m fl;1219;1219;0;slutligt_valresultat_valdistrikt_L.xls
2010;rf;14800751;Centrum, Lorensberg;1568;1568;0;slutligt_valresultat_valdistrikt_L.xls
2010;rf;14800761;Centrum, Södra Vasastaden;1648;1648;0;slutligt_valresultat_valdistrikt_L.xls
2010;rf;14800762;Centrum, Norra Vasastaden;1554;1554;0;slutligt_valresultat_valdistrikt_L.xls
2010;rf;14800763;Centrum, Valand;1107;1107;0;slutligt_valresultat_valdistrikt_L.xls
2010;rf;14800764;Centrum, Östra Vasastaden;1497;1497;0;slutligt_valresultat_valdistrikt_L.xls
2010;rf;14800771;Centrum, Inom Vallgraven;1678;1678;0;slutligt_valresultat_valdistrikt_L.xls
2010;rf;14800772;Centrum, Nordstan-Otterhällan;1663;1663;0;slutligt_valresultat_valdistrikt_L.xls
2010;rf;14800781;Centrum, Odinsgatan-Stampen;1589;1589;0;slutligt_valresultat_valdistrikt_L.xls
2010;rf;14800782;Centrum, Gullbergsvass-Svingeln;1859;1859;0;slutligt_valresultat_valdistrikt_L.xls
2010;rf;14800783;Centrum, Friggagatan-Stampen;1491;1491;0;slutligt_valresultat_valdistrikt_L.xls
2010;rf;14800791;Centrum, Hedås-Gårda;1772;1772;0;slutligt_valresultat_valdistrikt_L.xls
2010;rf;14800792;Centrum, Södra Heden;1452;1452;0;slutligt_valresultat_valdistrikt_L.xls
2010;rf;14800793;Centrum, Norra Heden-Gårda;1913;1913;0;slutligt_valresultat_valdistrikt_L.xls
2010;rf;14800811;Linnéstaden, Övre Masthugget;1492;1492;0;slutligt_valresultat_valdistrikt_L.xls
2010;rf;14800812;Linnéstaden, Stigberget;1525;1525;0;slutligt_valresultat_valdistrikt_L.xls
2010;rf;14800813;Linnéstaden, Masthuggstorget;1371;1371;0;slutligt_valresultat_valdistrikt_L.xls
2010;rf;14800814;Linnéstaden, Nedre Masthugget;1323;1323;0;slutligt_valresultat_valdistrikt_L.xls
2010;rf;14800815;Linnéstaden, Oscar Fredrik;1295;1295;0;slutligt_valresultat_valdistrikt_L.xls
2010;rf;14800816;Linnéstaden, Vegastaden;1206;1206;0;slutligt_valresultat_valdistrikt_L.xls
2010;rf;14800817;Linnéstaden, Slottsskogen;1115;1115;0;slutligt_valresultat_valdistrikt_L.xls
2010;rf;14800821;Linnéstaden, Änggården;1228;1228;0;slutligt_valresultat_valdistrikt_L.xls
2010;rf;14800831;Linnéstaden, Skansberget;1597;1597;0;slutligt_valresultat_valdistrikt_L.xls
2010;rf;14800832;Linnéstaden, Haga;1778;1778;0;slutligt_valresultat_valdistrikt_L.xls
2010;rf;14800841;Linnéstaden, Annedal;1773;1773;0;slutligt_valresultat_valdistrikt_L.xls
2010;rf;14800842;Linnéstaden, Nilssonsberg;1765;1765;0;slutligt_valresultat_valdistrikt_L.xls
2010;rf;14800851;Linnéstaden, Linnéplatsen;1046;1046;0;slutligt_valresultat_valdistrikt_L.xls
2010;rf;14800852;Linnéstaden, Olivedal;1635;1635;0;slutligt_valresultat_valdistrikt_L.xls
2010;rf;14800853;Linnéstaden, Långgatorna;1665;1665;0;slutligt_valresultat_valdistrikt_L.xls
2010;rf;14800854;Linnéstaden, Linné;1507;1507;0;slutligt_valresultat_valdistrikt_L.xls
2010;rf;14800855;Linnéstaden, Risåsen;1207;1207;0;slutligt_valresultat_valdistrikt_L.xls
2010;rf;14800856;Linnéstaden, Kommendantsängen;1250;1250;0;slutligt_valresultat_valdistrikt_L.xls
2010;rf;14800857;Linnéstaden, Sveaplan;1351;1351;0;slutligt_valresultat_valdistrikt_L.xls
2010;rf;14800911;Majorna, Svalebo;1195;1195;0;slutligt_valresultat_valdistrikt_L.xls
2010;rf;14800912;Majorna, Skytteskogen;1688;1688;0;slutligt_valresultat_valdistrikt_L.xls
2010;rf;14800913;Majorna, Kungsladugård;1424;1424;0;slutligt_valresultat_valdistrikt_L.xls
2010;rf;14800914;Majorna, Mariaplan;1301;1301;0;slutligt_valresultat_valdistrikt_L.xls
2010;rf;14800915;Majorna, Silverkällan;1486;1486;0;slutligt_valresultat_valdistrikt_L.xls
2010;rf;14800916;Majorna, Klippan;1739;1739;0;slutligt_valresultat_valdistrikt_L.xls
2010;rf;14800921;Majorna, Sandarne;1720;1720;0;slutligt_valresultat_valdistrikt_L.xls
2010;rf;14800931;Majorna, Slottsskogsgatan m fl;1747;1747;0;slutligt_valresultat_valdistrikt_L.xls
2010;rf;14800932;Majorna, Majorna;1334;1334;0;slutligt_valresultat_valdistrikt_L.xls
2010;rf;14800933;Majorna, Hängmattan;1145;1145;0;slutligt_valresultat_valdistrikt_L.xls
2010;rf;14800934;Majorna, Gråberget;1639;1639;0;slutligt_valresultat_valdistrikt_L.xls
2010;rf;14800935;Majorna, Marieberg;1816;1816;0;slutligt_valresultat_valdistrikt_L.xls
2010;rf;14800936;Majorna, Godhem;1204;1204;0;slutligt_valresultat_valdistrikt_L.xls
2010;rf;14800941;Majorna, Söderlingska ängen;1373;1373;0;slutligt_valresultat_valdistrikt_L.xls
2010;rf;14800942;Majorna, Karl Johans torg;1765;1765;0;slutligt_valresultat_valdistrikt_L.xls
2010;rf;14800943;Majorna, Djurgårdsgatan m fl;1538;1538;0;slutligt_valresultat_valdistrikt_L.xls
2010;rf;14800944;Majorna, Gatenhielmska;1239;1239;0;slutligt_valresultat_valdistrikt_L.xls
2010;rf;14801011;Högsbo, Södra Kaverös;1621;1621;0;slutligt_valresultat_valdistrikt_L.xls
2010;rf;14801012;Högsbo, Norra Kaverös;1831;1831;0;slutligt_valresultat_valdistrikt_L.xls
2010;rf;14801021;Högsbo, Östra Flatås;1265;1265;0;slutligt_valresultat_valdistrikt_L.xls
2010;rf;14801022;Högsbo, Västra Flatås;1550;1550;0;slutligt_valresultat_valdistrikt_L.xls
2010;rf;14801031;Högsbo, Södra Högsbohöjd;1513;1513;0;slutligt_valresultat_valdistrikt_L.xls
2010;rf;14801032;Högsbo, Norra Högsbohöjd;1476;1476;0;slutligt_valresultat_valdistrikt_L.xls
2010;rf;14801041;Högsbo, Högsbo;1353;1353;0;slutligt_valresultat_valdistrikt_L.xls
2010;rf;14801042;Högsbo, Västra Högsbotorp;1396;1396;0;slutligt_valresultat_valdistrikt_L.xls
2010;rf;14801043;Högsbo, Marklandsgatan m fl;1477;1477;0;slutligt_valresultat_valdistrikt_L.xls
2010;rf;14801044;Högsbo, Östra Högsbotorp;1348;1348;0;slutligt_valresultat_valdistrikt_L.xls
2010;rf;14801111;Älvsborg, Södra Fiskebäck;973;973;0;slutligt_valresultat_valdistrikt_L.xls
2010;rf;14801112;Älvsborg, Norra Fiskebäck;1413;1413;0;slutligt_valresultat_valdistrikt_L.xls
2010;rf;14801113;Älvsborg, Påvelund;1546;1546;0;slutligt_valresultat_valdistrikt_L.xls
2010;rf;14801114;Älvsborg, Björnekulla;1451;1451;0;slutligt_valresultat_valdistrikt_L.xls
2010;rf;14801121;Älvsborg, Långedrag;1520;1520;0;slutligt_valresultat_valdistrikt_L.xls
2010;rf;14801131;Älvsborg, Tångudden;1314;1314;0;slutligt_valresultat_valdistrikt_L.xls
2010;rf;14801132;Älvsborg, Nya Varvet;1915;1915;0;slutligt_valresultat_valdistrikt_L.xls
2010;rf;14801133;Älvsborg, Hagen;1009;1009;0;slutligt_valresultat_valdistrikt_L.xls
2010;rf;14801141;Älvsborg, Grimmered;1644;1644;0;slutligt_valresultat_valdistrikt_L.xls
2010;rf;14801142;Älvsborg, Ekebäck;1474;1474;0;slutligt_valresultat_valdistrikt_L.xls
2010;rf;14801211;Frölunda, Tofta;1105;1105;0;slutligt_valresultat_valdistrikt_L.xls
2010;rf;14801212;Frölunda, Spinetten;903;903;0;slutligt_valresultat_valdistrikt_L.xls
2010;rf;14801221;Frölunda, Ruddalen;1871;1871;0;slutligt_valresultat_valdistrikt_L.xls
2010;rf;14801231;Frölunda, Västra Järnbrott;1402;1402;0;slutligt_valresultat_valdistrikt_L.xls
2010;rf;14801232;Frölunda, Östra Järnbrott;1369;1369;0;slutligt_valresultat_valdistrikt_L.xls
2010;rf;14801241;Frölunda, Frölunda torg;1261;1261;0;slutligt_valresultat_valdistrikt_L.xls
2010;rf;14801242;Frölunda, Gånglåten m fl;1939;1939;0;slutligt_valresultat_valdistrikt_L.xls
2010;rf;14801243;Frölunda, Frölunda;1039;1039;0;slutligt_valresultat_valdistrikt_L.xls
2010;rf;14801311;Askim, Hult;1255;1255;0;slutligt_valresultat_valdistrikt_L.xls
2010;rf;14801312;Askim, Pilegården;1211;1211;0;slutligt_valresultat_valdistrikt_L.xls
2010;rf;14801313;Askim, Askim;1058;1058;0;slutligt_valresultat_valdistrikt_L.xls
2010;rf;14801314;Askim, Norra Sisjön;1510;1510;0;slutligt_valresultat_valdistrikt_L.xls
2010;rf;14801315;Askim, Södra Sisjön;1470;1470;0;slutligt_valresultat_valdistrikt_L.xls
2010;rf;14801316;Askim, Norra Hovås;1098;1098;0;slutligt_valresultat_valdistrikt_L.xls
2010;rf;14801321;Askim, Södra Hovås;1007;1007;0;slutligt_valresultat_valdistrikt_L.xls
2010;rf;14801322;Askim, Trollåsen;1301;1301;0;slutligt_valresultat_valdistrikt_L.xls
2010;rf;14801331;Askim, Billdal;1825;1825;0;slutligt_valresultat_valdistrikt_L.xls
2010;rf;14801332;Askim, Nygård;1230;1230;0;slutligt_valresultat_valdistrikt_L.xls
2010;rf;14801333;Askim, Skintebo;1199;1199;0;slutligt_valresultat_valdistrikt_L.xls
2010;rf;14801334;Askim, Brottkärr;832;832;0;slutligt_valresultat_valdistrikt_L.xls
2010;rf;14801335;Askim, Lyckhem;1201;1201;0;slutligt_valresultat_valdistrikt_L.xls
2010;rf;14801336;Askim, Lindås;1201;1201;0;slutligt_valresultat_valdistrikt_L.xls
2010;rf;14801411;Tynnered, Bratthammar;1905;1905;0;slutligt_valresultat_valdistrikt_L.xls
2010;rf;14801421;Tynnered, Beryllgatan-Guldringen;1832;1832;0;slutligt_valresultat_valdistrikt_L.xls
2010;rf;14801431;Tynnered, Tynnered;2042;2042;0;slutligt_valresultat_valdistrikt_L.xls
2010;rf;14801441;Tynnered, Korsåsen;1337;1337;0;slutligt_valresultat_valdistrikt_L.xls
2010;rf;14801442;Tynnered, Ängås;1365;1365;0;slutligt_valresultat_valdistrikt_L.xls
2010;rf;14801451;Tynnered, Västra Önnered;1340;1340;0;slutligt_valresultat_valdistrikt_L.xls
2010;rf;14801452;Tynnered, Östra Önnered;1508;1508;0;slutligt_valresultat_valdistrikt_L.xls
2010;rf;14801461;Tynnered, Grevegården;1297;1297;0;slutligt_valresultat_valdistrikt_L.xls
2010;rf;14801462;Tynnered, Skattegården;1596;1596;0;slutligt_valresultat_valdistrikt_L.xls
2010;rf;14801471;Tynnered, Södra Näset;1356;1356;0;slutligt_valresultat_valdistrikt_L.xls
2010;rf;14801472;Tynnered, Norra Näset;1631;1631;0;slutligt_valresultat_valdistrikt_L.xls
2010;rf;14801473;Tynnered, Åkered;1469;1469;0;slutligt_valresultat_valdistrikt_L.xls
2010;rf;14801481;Tynnered, Södra Opaltorget;991;991;0;slutligt_valresultat_valdistrikt_L.xls
2010;rf;14801482;Tynnered, Norra Opaltorget;1379;1379;0;slutligt_valresultat_valdistrikt_L.xls
2010;rf;14801511;Södra Skärgården, Donsö-Vrångö;1372;1372;0;slutligt_valresultat_valdistrikt_L.xls
2010;rf;14801512;Södra Skärgården, Styrsö-Köpstadsö;1153;1153;0;slutligt_valresultat_valdistrikt_L.xls
2010;rf;14801513;Södra Skärgården, Brännö-Asperö;954;954;0;slutligt_valresultat_valdistrikt_L.xls
2010;rf;14801611;Torslanda, Hjuvik;1551;1551;0;slutligt_valresultat_valdistrikt_L.xls
2010;rf;14801612;Torslanda, Hällsvik;1436;1436;0;slutligt_valresultat_valdistrikt_L.xls
2010;rf;14801613;Torslanda, Andalen;1699;1699;0;slutligt_valresultat_valdistrikt_L.xls
2010;rf;14801621;Torslanda, Tumlehed;1498;1498;0;slutligt_valresultat_valdistrikt_L.xls
2010;rf;14801622;Torslanda, Domarringen m fl;1476;1476;0;slutligt_valresultat_valdistrikt_L.xls
2010;rf;14801623;Torslanda, Torslanda;1828;1828;0;slutligt_valresultat_valdistrikt_L.xls
2010;rf;14801624;Torslanda, Nolered;1464;1464;0;slutligt_valresultat_valdistrikt_L.xls
2010;rf;14801625;Torslanda, Amhult-Arendal;1413;1413;0;slutligt_valresultat_valdistrikt_L.xls
2010;rf;14801631;Torslanda, Lilleby;2106;2106;0;slutligt_valresultat_valdistrikt_L.xls
2010;rf;14801632;Torslanda, Björlanda;1577;1577;0;slutligt_valresultat_valdistrikt_L.xls
2010;rf;14801633;Torslanda, Kvisljungeby;1439;1439;0;slutligt_valresultat_valdistrikt_L.xls
2010;rf;14801711;Biskopsgården, Svarte Mosse;1625;1625;0;slutligt_valresultat_valdistrikt_L.xls
2010;rf;14801712;Biskopsgården, Norra Biskopsgården;1310;1310;0;slutligt_valresultat_valdistrikt_L.xls
2010;rf;14801721;Biskopsgården, Södra Länsmansgården;1026;1026;0;slutligt_valresultat_valdistrikt_L.xls
2010;rf;14801722;Biskopsgården, Länsmansgårdens Centr;1284;1284;0;slutligt_valresultat_valdistrikt_L.xls
2010;rf;14801723;Biskopsgården, Norra Länsmansgården;1159;1159;0;slutligt_valresultat_valdistrikt_L.xls
2010;rf;14801731;Biskopsgården, Stackmolnsgatan m fl;1604;1604;0;slutligt_valresultat_valdistrikt_L.xls
2010;rf;14801732;Biskopsgården, Badvädersgatan m fl;1295;1295;0;slutligt_valresultat_valdistrikt_L.xls
2010;rf;14801741;Biskopsgården, Södra Biskopsgården;1183;1183;0;slutligt_valresultat_valdistrikt_L.xls
2010;rf;14801742;Biskopsgården, Väderlekstorget;992;992;0;slutligt_valresultat_valdistrikt_L.xls
2010;rf;14801743;Biskopsgården, Treröset;1556;1556;0;slutligt_valresultat_valdistrikt_L.xls
2010;rf;14801744;Biskopsgården, Vårväderstorget;1704;1704;0;slutligt_valresultat_valdistrikt_L.xls
2010;rf;14801751;Biskopsgården, Jättesten;1780;1780;0;slutligt_valresultat_valdistrikt_L.xls
2010;rf;14801752;Biskopsgården, Svartedalen;1526;1526;0;slutligt_valresultat_valdistrikt_L.xls
2010;rf;14801753;Biskopsgården, Kärrsmossen;1780;1780;0;slutligt_valresultat_valdistrikt_L.xls
2010;rf;14801811;Lundby, Lindholmen;2114;2114;0;slutligt_valresultat_valdistrikt_L.xls
2010;rf;14801812;Lundby, Västra Rambergsstaden;1797;1797;0;slutligt_valresultat_valdistrikt_L.xls
2010;rf;14801813;Lundby, Östra Rambergsstaden;1756;1756;0;slutligt_valresultat_valdistrikt_L.xls
2010;rf;14801814;Lundby, Västra Brämaregården;1584;1584;0;slutligt_valresultat_valdistrikt_L.xls
2010;rf;14801815;Lundby, Östra Brämaregården;1416;1416;0;slutligt_valresultat_valdistrikt_L.xls
2010;rf;14801816;Lundby, Lundbyvassen;701;701;0;slutligt_valresultat_valdistrikt_L.xls
2010;rf;14801821;Lundby, Flunsås;1485;1485;0;slutligt_valresultat_valdistrikt_L.xls
2010;rf;14801822;Lundby, Bjurslätt;1574;1574;0;slutligt_valresultat_valdistrikt_L.xls
2010;rf;14801823;Lundby, Norra Kvillebäcken;1414;1414;0;slutligt_valresultat_valdistrikt_L.xls
2010;rf;14801824;Lundby, Wieselgrensplatsen;1212;1212;0;slutligt_valresultat_valdistrikt_L.xls
2010;rf;14801825;Lundby, Södra Kvillebäcken;1504;1504;0;slutligt_valresultat_valdistrikt_L.xls
2010;rf;14801831;Lundby, Hilldedal;1634;1634;0;slutligt_valresultat_valdistrikt_L.xls
2010;rf;14801832;Lundby, Slätta Damm;1439;1439;0;slutligt_valresultat_valdistrikt_L.xls
2010;rf;14801841;Lundby, Södra Tolered;1131;1131;0;slutligt_valresultat_valdistrikt_L.xls
2010;rf;14801842;Lundby, Norra Tolered;1114;1114;0;slutligt_valresultat_valdistrikt_L.xls
2010;rf;14801843;Lundby, Kärrdalen;1391;1391;0;slutligt_valresultat_valdistrikt_L.xls
2010;rf;14801851;Lundby, Västra Eriksberg;1971;1971;0;slutligt_valresultat_valdistrikt_L.xls
2010;rf;14801852;Lundby, Södra Bräcke;1152;1152;0;slutligt_valresultat_valdistrikt_L.xls
2010;rf;14801853;Lundby, Norra Bräcke;1333;1333;0;slutligt_valresultat_valdistrikt_L.xls
2010;rf;14801854;Lundby, Kyrkbyn;1140;1140;0;slutligt_valresultat_valdistrikt_L.xls
2010;rf;14801855;Lundby, Norra Lundby;1076;1076;0;slutligt_valresultat_valdistrikt_L.xls
2010;rf;14801856;Lundby, Södra Lundby;1137;1137;0;slutligt_valresultat_valdistrikt_L.xls
2010;rf;14801857;Lundby, Östra Eriksberg;1654;1654;0;slutligt_valresultat_valdistrikt_L.xls
2010;rf;14801858;Lundby, Sannegården;1255;1255;0;slutligt_valresultat_valdistrikt_L.xls
2010;rf;14801911;Tuve-Säve, Tången;1211;1211;0;slutligt_valresultat_valdistrikt_L.xls
2010;rf;14801912;Tuve-Säve, Tuve;1608;1608;0;slutligt_valresultat_valdistrikt_L.xls
2010;rf;14801913;Tuve-Säve, Gunnestorp;1602;1602;0;slutligt_valresultat_valdistrikt_L.xls
2010;rf;14801914;Tuve-Säve, Glöstorp;1153;1153;0;slutligt_valresultat_valdistrikt_L.xls
2010;rf;14801915;Tuve-Säve, Norumshöjd;1437;1437;0;slutligt_valresultat_valdistrikt_L.xls
2010;rf;14801921;Tuve-Säve, Säve;1629;1629;0;slutligt_valresultat_valdistrikt_L.xls
2010;rf;14802011;Backa, Tingstad;1445;1445;0;slutligt_valresultat_valdistrikt_L.xls
2010;rf;14802012;Backa, Brunnsbo;1616;1616;0;slutligt_valresultat_valdistrikt_L.xls
2010;rf;14802013;Backa, Aröd;1908;1908;0;slutligt_valresultat_valdistrikt_L.xls
2010;rf;14802021;Backa, Södra Backa;1362;1362;0;slutligt_valresultat_valdistrikt_L.xls
2010;rf;14802022;Backa, Backa Röd;1686;1686;0;slutligt_valresultat_valdistrikt_L.xls
2010;rf;14802023;Backa, Norra Backa;1703;1703;0;slutligt_valresultat_valdistrikt_L.xls
2010;rf;14802024;Backa, Bällskär;1009;1009;0;slutligt_valresultat_valdistrikt_L.xls
2010;rf;14802031;Backa, Bäckebol;1003;1003;0;slutligt_valresultat_valdistrikt_L.xls
2010;rf;14802032;Backa, Backadalen;1432;1432;0;slutligt_valresultat_valdistrikt_L.xls
2010;rf;14802033;Backa, Selma Lagerlöfs torg;1068;1068;0;slutligt_valresultat_valdistrikt_L.xls
2010;rf;14802034;Backa, Skälltorp;1713;1713;0;slutligt_valresultat_valdistrikt_L.xls
2010;rf;14802035;Backa, Åketorp;1668;1668;0;slutligt_valresultat_valdistrikt_L.xls
2010;rf;14802041;Backa, Skogome-Sankt Jörgen;1830;1830;0;slutligt_valresultat_valdistrikt_L.xls
2010;rf;14802111;Kärra-Rödbo, Mysterna-Svankällan;1316;1316;0;slutligt_valresultat_valdistrikt_L.xls
2010;rf;14802112;Kärra-Rödbo, Gerrebacka-Ingebäck;1368;1368;0;slutligt_valresultat_valdistrikt_L.xls
2010;rf;14802113;Kärra-Rödbo, Västra Kärra;1231;1231;0;slutligt_valresultat_valdistrikt_L.xls
2010;rf;14802114;Kärra-Rödbo, Norra Kärra;1153;1153;0;slutligt_valresultat_valdistrikt_L.xls
2010;rf;14802115;Kärra-Rödbo, Östra Kärra;1339;1339;0;slutligt_valresultat_valdistrikt_L.xls
2010;rf;14802116;Kärra-Rödbo, Södra Kärra;1293;1293;0;slutligt_valresultat_valdistrikt_L.xls
2010;rf;14802121;Kärra-Rödbo, Rödbo;673;673;0;slutligt_valresultat_valdistrikt_L.xls
2010;kf;14800111;Gunnared, Lövgärdets Centrum;1242;1242;0;slutligt_valresultat_valdistrikt_K_antal.xls
2010;kf;14800112;Gunnared, Övre Lövgärdet;1638;1638;0;slutligt_valresultat_valdistrikt_K_antal.xls
2010;kf;14800113;Gunnared, Nedre Lövgärdet;2043;2043;0;slutligt_valresultat_valdistrikt_K_antal.xls
2010;kf;14800121;Gunnared, Södra Rannebergen;1609;1609;0;slutligt_valresultat_valdistrikt_K_antal.xls
2010;kf;14800122;Gunnared, Norra Rannebergen;1709;1709;0;slutligt_valresultat_valdistrikt_K_antal.xls
2010;kf;14800131;Gunnared, Västra Gårdsten;1200;1200;0;slutligt_valresultat_valdistrikt_K_antal.xls
2010;kf;14800132;Gunnared, Norra Gårdsten;1894;1894;0;slutligt_valresultat_valdistrikt_K_antal.xls
2010;kf;14800133;Gunnared, Östra Gårdsten;1503;1503;0;slutligt_valresultat_valdistrikt_K_antal.xls
2010;kf;14800134;Gunnared, Södra Gårdsten;958;958;0;slutligt_valresultat_valdistrikt_K_antal.xls
2010;kf;14800141;Gunnared, Angereds Centrum;1493;1493;0;slutligt_valresultat_valdistrikt_K_antal.xls
2010;kf;14800142;Gunnared, Trädgårdsgärdet;1212;1212;0;slutligt_valresultat_valdistrikt_K_antal.xls
2010;kf;14800211;Lärjedalen, Agnesberg;801;801;0;slutligt_valresultat_valdistrikt_K_antal.xls
2010;kf;14800221;Lärjedalen, Västra Hammarkullen;1748;1748;0;slutligt_valresultat_valdistrikt_K_antal.xls
2010;kf;14800222;Lärjedalen, Östra Hammarkullen;1837;1837;0;slutligt_valresultat_valdistrikt_K_antal.xls
2010;kf;14800223;Lärjedalen, Sandeslätt;1437;1437;0;slutligt_valresultat_valdistrikt_K_antal.xls
2010;kf;14800231;Lärjedalen, Gunnilse-Linnarhult;1472;1472;0;slutligt_valresultat_valdistrikt_K_antal.xls
2010;kf;14800251;Lärjedalen, Björsared-Knipared;1467;1467;0;slutligt_valresultat_valdistrikt_K_antal.xls
2010;kf;14800252;Lärjedalen, Olofstorp;1768;1768;0;slutligt_valresultat_valdistrikt_K_antal.xls
2010;kf;14800261;Lärjedalen, Södra Hjällbo;896;896;0;slutligt_valresultat_valdistrikt_K_antal.xls
2010;kf;14800262;Lärjedalen, Skolspåret;1052;1052;0;slutligt_valresultat_valdistrikt_K_antal.xls
2010;kf;14800263;Lärjedalen, Norra Hjällbo;1368;1368;0;slutligt_valresultat_valdistrikt_K_antal.xls
2010;kf;14800264;Lärjedalen, Bläsebo;1355;1355;0;slutligt_valresultat_valdistrikt_K_antal.xls
2010;kf;14800271;Lärjedalen, Eriksbo;1662;1662;0;slutligt_valresultat_valdistrikt_K_antal.xls
2010;kf;14800311;Kortedala, Gamlestaden;1824;1824;0;slutligt_valresultat_valdistrikt_K_antal.xls
2010;kf;14800312;Kortedala, Nylöse;1607;1607;0;slutligt_valresultat_valdistrikt_K_antal.xls
2010;kf;14800313;Kortedala, Kviberg;1728;1728;0;slutligt_valresultat_valdistrikt_K_antal.xls
2010;kf;14800314;Kortedala, Bellevue;1209;1209;0;slutligt_valresultat_valdistrikt_K_antal.xls
2010;kf;14800321;Kortedala, Utbynäs;1092;1092;0;slutligt_valresultat_valdistrikt_K_antal.xls
2010;kf;14800322;Kortedala, Utby;1463;1463;0;slutligt_valresultat_valdistrikt_K_antal.xls
2010;kf;14800323;Kortedala, Fjällbo;1498;1498;0;slutligt_valresultat_valdistrikt_K_antal.xls
2010;kf;14800331;Kortedala, Gregorianska gatan m fl;1363;1363;0;slutligt_valresultat_valdistrikt_K_antal.xls
2010;kf;14800332;Kortedala, Västra Kortedala;1471;1471;0;slutligt_valresultat_valdistrikt_K_antal.xls
2010;kf;14800333;Kortedala, Östra Kortedala;1679;1679;0;slutligt_valresultat_valdistrikt_K_antal.xls
2010;kf;14800334;Kortedala, Kortedala Centrum;1478;1478;0;slutligt_valresultat_valdistrikt_K_antal.xls
2010;kf;14800335;Kortedala, Södra Kortedala;1305;1305;0;slutligt_valresultat_valdistrikt_K_antal.xls
2010;kf;14800341;Kortedala, Adventsparken;1500;1500;0;slutligt_valresultat_valdistrikt_K_antal.xls
2010;kf;14800342;Kortedala, Norra Kortedala;1769;1769;0;slutligt_valresultat_valdistrikt_K_antal.xls
2010;kf;14800343;Kortedala, Månadsgatorna m fl;1672;1672;0;slutligt_valresultat_valdistrikt_K_antal.xls
2010;kf;14800411;Bergsjön, Gärdsås;997;997;0;slutligt_valresultat_valdistrikt_K_antal.xls
2010;kf;14800412;Bergsjön, Siriusgatan;1776;1776;0;slutligt_valresultat_valdistrikt_K_antal.xls
2010;kf;14800413;Bergsjön, Gärdsmosse;1556;1556;0;slutligt_valresultat_valdistrikt_K_antal.xls
2010;kf;14800414;Bergsjön, Norra Bergsjön;1001;1001;0;slutligt_valresultat_valdistrikt_K_antal.xls
2010;kf;14800421;Bergsjön, Södra Bergsjön;1446;1446;0;slutligt_valresultat_valdistrikt_K_antal.xls
2010;kf;14800422;Bergsjön, Östra Bergsjön;1550;1550;0;slutligt_valresultat_valdistrikt_K_antal.xls
2010;kf;14800423;Bergsjön, Rymdtorget;979;979;0;slutligt_valresultat_valdistrikt_K_antal.xls
2010;kf;14800424;Bergsjön, Komettorget;1437;1437;0;slutligt_valresultat_valdistrikt_K_antal.xls
2010;kf;14800511;Härlanda, Härlanda;1223;1223;0;slutligt_valresultat_valdistrikt_K_antal.xls
2010;kf;14800521;Härlanda, Södra Kålltorp;1640;1640;0;slutligt_valresultat_valdistrikt_K_antal.xls
2010;kf;14800522;Härlanda, Västra Kålltorp;1065;1065;0;slutligt_valresultat_valdistrikt_K_antal.xls
2010;kf;14800523;Härlanda, Östra Kålltorp;1074;1074;0;slutligt_valresultat_valdistrikt_K_antal.xls
2010;kf;14800524;Härlanda, Vidkärr;1391;1391;0;slutligt_valresultat_valdistrikt_K_antal.xls
2010;kf;14800525;Härlanda, Munkebäck;1701;1701;0;slutligt_valresultat_valdistrikt_K_antal.xls
2010;kf;14800531;Härlanda, Torpa;1783;1783;0;slutligt_valresultat_valdistrikt_K_antal.xls
2010;kf;14800532;Härlanda, Fräntorp;1087;1087;0;slutligt_valresultat_valdistrikt_K_antal.xls
2010;kf;14800541;Härlanda, Södra Björkekärr;1842;1842;0;slutligt_valresultat_valdistrikt_K_antal.xls
2010;kf;14800542;Härlanda, Västra Björkekärr;1774;1774;0;slutligt_valresultat_valdistrikt_K_antal.xls
2010;kf;14800543;Härlanda, Norra Björkekärr;859;859;0;slutligt_valresultat_valdistrikt_K_antal.xls
2010;kf;14800544;Härlanda, Robertshöjd;1750;1750;0;slutligt_valresultat_valdistrikt_K_antal.xls
2010;kf;14800611;Örgryte, Gubbero;1844;1844;0;slutligt_valresultat_valdistrikt_K_antal.xls
2010;kf;14800612;Örgryte, Olskroken;1351;1351;0;slutligt_valresultat_valdistrikt_K_antal.xls
2010;kf;14800613;Örgryte, Redberget;1743;1743;0;slutligt_valresultat_valdistrikt_K_antal.xls
2010;kf;14800621;Örgryte, Bagaregården;1020;1020;0;slutligt_valresultat_valdistrikt_K_antal.xls
2010;kf;14800622;Örgryte, Ånäs;1129;1129;0;slutligt_valresultat_valdistrikt_K_antal.xls
2010;kf;14800631;Örgryte, Strömmensberg;1381;1381;0;slutligt_valresultat_valdistrikt_K_antal.xls
2010;kf;14800632;Örgryte, Redbergslid;1492;1492;0;slutligt_valresultat_valdistrikt_K_antal.xls
2010;kf;14800641;Örgryte, Västra Kallebäck;1632;1632;0;slutligt_valresultat_valdistrikt_K_antal.xls
2010;kf;14800642;Örgryte, Östra Kallebäck;1448;1448;0;slutligt_valresultat_valdistrikt_K_antal.xls
2010;kf;14800651;Örgryte, Södra Skår;1186;1186;0;slutligt_valresultat_valdistrikt_K_antal.xls
2010;kf;14800652;Örgryte, Jakobsdal;1335;1335;0;slutligt_valresultat_valdistrikt_K_antal.xls
2010;kf;14800653;Örgryte, Norra Skår;1107;1107;0;slutligt_valresultat_valdistrikt_K_antal.xls
2010;kf;14800661;Örgryte, Örgryte;967;967;0;slutligt_valresultat_valdistrikt_K_antal.xls
2010;kf;14800662;Örgryte, Bö;933;933;0;slutligt_valresultat_valdistrikt_K_antal.xls
2010;kf;14800671;Örgryte, Torp;1805;1805;0;slutligt_valresultat_valdistrikt_K_antal.xls
2010;kf;14800681;Örgryte, Överås;1749;1749;0;slutligt_valresultat_valdistrikt_K_antal.xls
2010;kf;14800682;Örgryte, Gamla Lunden;1479;1479;0;slutligt_valresultat_valdistrikt_K_antal.xls
2010;kf;14800683;Örgryte, Nobelplatsen;1317;1317;0;slutligt_valresultat_valdistrikt_K_antal.xls
2010;kf;14800684;Örgryte, Sankt Pauli;1326;1326;0;slutligt_valresultat_valdistrikt_K_antal.xls
2010;kf;14800685;Örgryte, Nya Lunden-Prästgårdsängen;1598;1598;0;slutligt_valresultat_valdistrikt_K_antal.xls
2010;kf;14800686;Örgryte, Kärralund;1615;1615;0;slutligt_valresultat_valdistrikt_K_antal.xls
2010;kf;14800711;Centrum, Burås;1469;1469;0;slutligt_valresultat_valdistrikt_K_antal.xls
2010;kf;14800712;Centrum, Mossen;1516;1516;0;slutligt_valresultat_valdistrikt_K_antal.xls
2010;kf;14800713;Centrum, Framnäs;1851;1851;0;slutligt_valresultat_valdistrikt_K_antal.xls
2010;kf;14800714;Centrum, Olofshöjd;1177;1177;0;slutligt_valresultat_valdistrikt_K_antal.xls
2010;kf;14800715;Centrum, Krokslätt;1759;1759;0;slutligt_valresultat_valdistrikt_K_antal.xls
2010;kf;14800716;Centrum, Kristinehöjd;1354;1354;0;slutligt_valresultat_valdistrikt_K_antal.xls
2010;kf;14800717;Centrum, Getebergsäng;1082;1082;0;slutligt_valresultat_valdistrikt_K_antal.xls
2010;kf;14800721;Centrum, Nedre Johanneberg;1900;1900;0;slutligt_valresultat_valdistrikt_K_antal.xls
2010;kf;14800722;Centrum, Övre Johanneberg;1514;1514;0;slutligt_valresultat_valdistrikt_K_antal.xls
2010;kf;14800723;Centrum, Eklanda;1652;1652;0;slutligt_valresultat_valdistrikt_K_antal.xls
2010;kf;14800724;Centrum, Södra Johanneberg;1426;1426;0;slutligt_valresultat_valdistrikt_K_antal.xls
2010;kf;14800731;Centrum, Landalabergen m fl;1747;1747;0;slutligt_valresultat_valdistrikt_K_antal.xls
2010;kf;14800732;Centrum, Landala;1321;1321;0;slutligt_valresultat_valdistrikt_K_antal.xls
2010;kf;14800733;Centrum, Landalagången m fl;1004;1004;0;slutligt_valresultat_valdistrikt_K_antal.xls
2010;kf;14800741;Centrum, Guldheden vattentornet;1545;1545;0;slutligt_valresultat_valdistrikt_K_antal.xls
2010;kf;14800742;Centrum, Centrala Guldheden;1176;1176;0;slutligt_valresultat_valdistrikt_K_antal.xls
2010;kf;14800743;Centrum, Norra Guldheden;1415;1415;0;slutligt_valresultat_valdistrikt_K_antal.xls
2010;kf;14800744;Centrum, Landala Egnahem;1273;1273;0;slutligt_valresultat_valdistrikt_K_antal.xls
2010;kf;14800745;Centrum, Södra Guldheden;1296;1296;0;slutligt_valresultat_valdistrikt_K_antal.xls
2010;kf;14800746;Centrum, Doktor Forselius gata m fl;1219;1219;0;slutligt_valresultat_valdistrikt_K_antal.xls
2010;kf;14800751;Centrum, Lorensberg;1568;1568;0;slutligt_valresultat_valdistrikt_K_antal.xls
2010;kf;14800761;Centrum, Södra Vasastaden;1648;1648;0;slutligt_valresultat_valdistrikt_K_antal.xls
2010;kf;14800762;Centrum, Norra Vasastaden;1554;1554;0;slutligt_valresultat_valdistrikt_K_antal.xls
2010;kf;14800763;Centrum, Valand;1107;1107;0;slutligt_valresultat_valdistrikt_K_antal.xls
2010;kf;14800764;Centrum, Östra Vasastaden;1497;1497;0;slutligt_valresultat_valdistrikt_K_antal.xls
2010;kf;14800771;Centrum, Inom Vallgraven;1678;1678;0;slutligt_valresultat_valdistrikt_K_antal.xls
2010;kf;14800772;Centrum, Nordstan-Otterhällan;1663;1663;0;slutligt_valresultat_valdistrikt_K_antal.xls
2010;kf;14800781;Centrum, Odinsgatan-Stampen;1589;1589;0;slutligt_valresultat_valdistrikt_K_antal.xls
2010;kf;14800782;Centrum, Gullbergsvass-Svingeln;1859;1859;0;slutligt_valresultat_valdistrikt_K_antal.xls
2010;kf;14800783;Centrum, Friggagatan-Stampen;1491;1491;0;slutligt_valresultat_valdistrikt_K_antal.xls
2010;kf;14800791;Centrum, Hedås-Gårda;1772;1772;0;slutligt_valresultat_valdistrikt_K_antal.xls
2010;kf;14800792;Centrum, Södra Heden;1452;1452;0;slutligt_valresultat_valdistrikt_K_antal.xls
2010;kf;14800793;Centrum, Norra Heden-Gårda;1913;1913;0;slutligt_valresultat_valdistrikt_K_antal.xls
2010;kf;14800811;Linnéstaden, Övre Masthugget;1492;1492;0;slutligt_valresultat_valdistrikt_K_antal.xls
2010;kf;14800812;Linnéstaden, Stigberget;1525;1525;0;slutligt_valresultat_valdistrikt_K_antal.xls
2010;kf;14800813;Linnéstaden, Masthuggstorget;1371;1371;0;slutligt_valresultat_valdistrikt_K_antal.xls
2010;kf;14800814;Linnéstaden, Nedre Masthugget;1323;1323;0;slutligt_valresultat_valdistrikt_K_antal.xls
2010;kf;14800815;Linnéstaden, Oscar Fredrik;1295;1295;0;slutligt_valresultat_valdistrikt_K_antal.xls
2010;kf;14800816;Linnéstaden, Vegastaden;1206;1206;0;slutligt_valresultat_valdistrikt_K_antal.xls
2010;kf;14800817;Linnéstaden, Slottsskogen;1115;1115;0;slutligt_valresultat_valdistrikt_K_antal.xls
2010;kf;14800821;Linnéstaden, Änggården;1228;1228;0;slutligt_valresultat_valdistrikt_K_antal.xls
2010;kf;14800831;Linnéstaden, Skansberget;1597;1597;0;slutligt_valresultat_valdistrikt_K_antal.xls
2010;kf;14800832;Linnéstaden, Haga;1778;1778;0;slutligt_valresultat_valdistrikt_K_antal.xls
2010;kf;14800841;Linnéstaden, Annedal;1773;1773;0;slutligt_valresultat_valdistrikt_K_antal.xls
2010;kf;14800842;Linnéstaden, Nilssonsberg;1765;1765;0;slutligt_valresultat_valdistrikt_K_antal.xls
2010;kf;14800851;Linnéstaden, Linnéplatsen;1046;1046;0;slutligt_valresultat_valdistrikt_K_antal.xls
2010;kf;14800852;Linnéstaden, Olivedal;1635;1635;0;slutligt_valresultat_valdistrikt_K_antal.xls
2010;kf;14800853;Linnéstaden, Långgatorna;1665;1665;0;slutligt_valresultat_valdistrikt_K_antal.xls
2010;kf;14800854;Linnéstaden, Linné;1507;1507;0;slutligt_valresultat_valdistrikt_K_antal.xls
2010;kf;14800855;Linnéstaden, Risåsen;1207;1207;0;slutligt_valresultat_valdistrikt_K_antal.xls
2010;kf;14800856;Linnéstaden, Kommendantsängen;1250;1250;0;slutligt_valresultat_valdistrikt_K_antal.xls
2010;kf;14800857;Linnéstaden, Sveaplan;1351;1351;0;slutligt_valresultat_valdistrikt_K_antal.xls
2010;kf;14800911;Majorna, Svalebo;1195;1195;0;slutligt_valresultat_valdistrikt_K_antal.xls
2010;kf;14800912;Majorna, Skytteskogen;1688;1688;0;slutligt_valresultat_valdistrikt_K_antal.xls
2010;kf;14800913;Majorna, Kungsladugård;1424;1424;0;slutligt_valresultat_valdistrikt_K_antal.xls
2010;kf;14800914;Majorna, Mariaplan;1301;1301;0;slutligt_valresultat_valdistrikt_K_antal.xls
2010;kf;14800915;Majorna, Silverkällan;1486;1486;0;slutligt_valresultat_valdistrikt_K_antal.xls
2010;kf;14800916;Majorna, Klippan;1739;1739;0;slutligt_valresultat_valdistrikt_K_antal.xls
2010;kf;14800921;Majorna, Sandarne;1720;1720;0;slutligt_valresultat_valdistrikt_K_antal.xls
2010;kf;14800931;Majorna, Slottsskogsgatan m fl;1747;1747;0;slutligt_valresultat_valdistrikt_K_antal.xls
2010;kf;14800932;Majorna, Majorna;1334;1334;0;slutligt_valresultat_valdistrikt_K_antal.xls
2010;kf;14800933;Majorna, Hängmattan;1145;1145;0;slutligt_valresultat_valdistrikt_K_antal.xls
2010;kf;14800934;Majorna, Gråberget;1639;1639;0;slutligt_valresultat_valdistrikt_K_antal.xls
2010;kf;14800935;Majorna, Marieberg;1816;1816;0;slutligt_valresultat_valdistrikt_K_antal.xls
2010;kf;14800936;Majorna, Godhem;1204;1204;0;slutligt_valresultat_valdistrikt_K_antal.xls
2010;kf;14800941;Majorna, Söderlingska ängen;1373;1373;0;slutligt_valresultat_valdistrikt_K_antal.xls
2010;kf;14800942;Majorna, Karl Johans torg;1765;1765;0;slutligt_valresultat_valdistrikt_K_antal.xls
2010;kf;14800943;Majorna, Djurgårdsgatan m fl;1538;1538;0;slutligt_valresultat_valdistrikt_K_antal.xls
2010;kf;14800944;Majorna, Gatenhielmska;1239;1239;0;slutligt_valresultat_valdistrikt_K_antal.xls
2010;kf;14801011;Högsbo, Södra Kaverös;1621;1621;0;slutligt_valresultat_valdistrikt_K_antal.xls
2010;kf;14801012;Högsbo, Norra Kaverös;1831;1831;0;slutligt_valresultat_valdistrikt_K_antal.xls
2010;kf;14801021;Högsbo, Östra Flatås;1265;1265;0;slutligt_valresultat_valdistrikt_K_antal.xls
2010;kf;14801022;Högsbo, Västra Flatås;1550;1550;0;slutligt_valresultat_valdistrikt_K_antal.xls
2010;kf;14801031;Högsbo, Södra Högsbohöjd;1513;1513;0;slutligt_valresultat_valdistrikt_K_antal.xls
2010;kf;14801032;Högsbo, Norra Högsbohöjd;1476;1476;0;slutligt_valresultat_valdistrikt_K_antal.xls
2010;kf;14801041;Högsbo, Högsbo;1353;1353;0;slutligt_valresultat_valdistrikt_K_antal.xls
2010;kf;14801042;Högsbo, Västra Högsbotorp;1396;1396;0;slutligt_valresultat_valdistrikt_K_antal.xls
2010;kf;14801043;Högsbo, Marklandsgatan m fl;1477;1477;0;slutligt_valresultat_valdistrikt_K_antal.xls
2010;kf;14801044;Högsbo, Östra Högsbotorp;1348;1348;0;slutligt_valresultat_valdistrikt_K_antal.xls
2010;kf;14801111;Älvsborg, Södra Fiskebäck;973;973;0;slutligt_valresultat_valdistrikt_K_antal.xls
2010;kf;14801112;Älvsborg, Norra Fiskebäck;1413;1413;0;slutligt_valresultat_valdistrikt_K_antal.xls
2010;kf;14801113;Älvsborg, Påvelund;1546;1546;0;slutligt_valresultat_valdistrikt_K_antal.xls
2010;kf;14801114;Älvsborg, Björnekulla;1451;1451;0;slutligt_valresultat_valdistrikt_K_antal.xls
2010;kf;14801121;Älvsborg, Långedrag;1520;1520;0;slutligt_valresultat_valdistrikt_K_antal.xls
2010;kf;14801131;Älvsborg, Tångudden;1314;1314;0;slutligt_valresultat_valdistrikt_K_antal.xls
2010;kf;14801132;Älvsborg, Nya Varvet;1915;1915;0;slutligt_valresultat_valdistrikt_K_antal.xls
2010;kf;14801133;Älvsborg, Hagen;1009;1009;0;slutligt_valresultat_valdistrikt_K_antal.xls
2010;kf;14801141;Älvsborg, Grimmered;1644;1644;0;slutligt_valresultat_valdistrikt_K_antal.xls
2010;kf;14801142;Älvsborg, Ekebäck;1474;1474;0;slutligt_valresultat_valdistrikt_K_antal.xls
2010;kf;14801211;Frölunda, Tofta;1105;1105;0;slutligt_valresultat_valdistrikt_K_antal.xls
2010;kf;14801212;Frölunda, Spinetten;903;903;0;slutligt_valresultat_valdistrikt_K_antal.xls
2010;kf;14801221;Frölunda, Ruddalen;1871;1871;0;slutligt_valresultat_valdistrikt_K_antal.xls
2010;kf;14801231;Frölunda, Västra Järnbrott;1402;1402;0;slutligt_valresultat_valdistrikt_K_antal.xls
2010;kf;14801232;Frölunda, Östra Järnbrott;1369;1369;0;slutligt_valresultat_valdistrikt_K_antal.xls
2010;kf;14801241;Frölunda, Frölunda torg;1261;1261;0;slutligt_valresultat_valdistrikt_K_antal.xls
2010;kf;14801242;Frölunda, Gånglåten m fl;1939;1939;0;slutligt_valresultat_valdistrikt_K_antal.xls
2010;kf;14801243;Frölunda, Frölunda;1039;1039;0;slutligt_valresultat_valdistrikt_K_antal.xls
2010;kf;14801311;Askim, Hult;1255;1255;0;slutligt_valresultat_valdistrikt_K_antal.xls
2010;kf;14801312;Askim, Pilegården;1211;1211;0;slutligt_valresultat_valdistrikt_K_antal.xls
2010;kf;14801313;Askim, Askim;1058;1058;0;slutligt_valresultat_valdistrikt_K_antal.xls
2010;kf;14801314;Askim, Norra Sisjön;1510;1510;0;slutligt_valresultat_valdistrikt_K_antal.xls
2010;kf;14801315;Askim, Södra Sisjön;1470;1470;0;slutligt_valresultat_valdistrikt_K_antal.xls
2010;kf;14801316;Askim, Norra Hovås;1098;1098;0;slutligt_valresultat_valdistrikt_K_antal.xls
2010;kf;14801321;Askim, Södra Hovås;1007;1007;0;slutligt_valresultat_valdistrikt_K_antal.xls
2010;kf;14801322;Askim, Trollåsen;1301;1301;0;slutligt_valresultat_valdistrikt_K_antal.xls
2010;kf;14801331;Askim, Billdal;1825;1825;0;slutligt_valresultat_valdistrikt_K_antal.xls
2010;kf;14801332;Askim, Nygård;1230;1230;0;slutligt_valresultat_valdistrikt_K_antal.xls
2010;kf;14801333;Askim, Skintebo;1199;1199;0;slutligt_valresultat_valdistrikt_K_antal.xls
2010;kf;14801334;Askim, Brottkärr;832;832;0;slutligt_valresultat_valdistrikt_K_antal.xls
2010;kf;14801335;Askim, Lyckhem;1201;1201;0;slutligt_valresultat_valdistrikt_K_antal.xls
2010;kf;14801336;Askim, Lindås;1201;1201;0;slutligt_valresultat_valdistrikt_K_antal.xls
2010;kf;14801411;Tynnered, Bratthammar;1905;1905;0;slutligt_valresultat_valdistrikt_K_antal.xls
2010;kf;14801421;Tynnered, Beryllgatan-Guldringen;1832;1832;0;slutligt_valresultat_valdistrikt_K_antal.xls
2010;kf;14801431;Tynnered, Tynnered;2042;2042;0;slutligt_valresultat_valdistrikt_K_antal.xls
2010;kf;14801441;Tynnered, Korsåsen;1337;1337;0;slutligt_valresultat_valdistrikt_K_antal.xls
2010;kf;14801442;Tynnered, Ängås;1365;1365;0;slutligt_valresultat_valdistrikt_K_antal.xls
2010;kf;14801451;Tynnered, Västra Önnered;1340;1340;0;slutligt_valresultat_valdistrikt_K_antal.xls
2010;kf;14801452;Tynnered, Östra Önnered;1508;1508;0;slutligt_valresultat_valdistrikt_K_antal.xls
2010;kf;14801461;Tynnered, Grevegården;1297;1297;0;slutligt_valresultat_valdistrikt_K_antal.xls
2010;kf;14801462;Tynnered, Skattegården;1596;1596;0;slutligt_valresultat_valdistrikt_K_antal.xls
2010;kf;14801471;Tynnered, Södra Näset;1356;1356;0;slutligt_valresultat_valdistrikt_K_antal.xls
2010;kf;14801472;Tynnered, Norra Näset;1631;1631;0;slutligt_valresultat_valdistrikt_K_antal.xls
2010;kf;14801473;Tynnered, Åkered;1469;1469;0;slutligt_valresultat_valdistrikt_K_antal.xls
2010;kf;14801481;Tynnered, Södra Opaltorget;991;991;0;slutligt_valresultat_valdistrikt_K_antal.xls
2010;kf;14801482;Tynnered, Norra Opaltorget;1379;1379;0;slutligt_valresultat_valdistrikt_K_antal.xls
2010;kf;14801511;Södra Skärgården, Donsö-Vrångö;1372;1372;0;slutligt_valresultat_valdistrikt_K_antal.xls
2010;kf;14801512;Södra Skärgården, Styrsö-Köpstadsö;1153;1153;0;slutligt_valresultat_valdistrikt_K_antal.xls
2010;kf;14801513;Södra Skärgården, Brännö-Asperö;954;954;0;slutligt_valresultat_valdistrikt_K_antal.xls
2010;kf;14801611;Torslanda, Hjuvik;1551;1551;0;slutligt_valresultat_valdistrikt_K_antal.xls
2010;kf;14801612;Torslanda, Hällsvik;1436;1436;0;slutligt_valresultat_valdistrikt_K_antal.xls
2010;kf;14801613;Torslanda, Andalen;1699;1699;0;slutligt_valresultat_valdistrikt_K_antal.xls
2010;kf;14801621;Torslanda, Tumlehed;1498;1498;0;slutligt_valresultat_valdistrikt_K_antal.xls
2010;kf;14801622;Torslanda, Domarringen m fl;1476;1476;0;slutligt_valresultat_valdistrikt_K_antal.xls
2010;kf;14801623;Torslanda, Torslanda;1828;1828;0;slutligt_valresultat_valdistrikt_K_antal.xls
2010;kf;14801624;Torslanda, Nolered;1464;1464;0;slutligt_valresultat_valdistrikt_K_antal.xls
2010;kf;14801625;Torslanda, Amhult-Arendal;1413;1413;0;slutligt_valresultat_valdistrikt_K_antal.xls
2010;kf;14801631;Torslanda, Lilleby;2106;2106;0;slutligt_valresultat_valdistrikt_K_antal.xls
2010;kf;14801632;Torslanda, Björlanda;1577;1577;0;slutligt_valresultat_valdistrikt_K_antal.xls
2010;kf;14801633;Torslanda, Kvisljungeby;1439;1439;0;slutligt_valresultat_valdistrikt_K_antal.xls
2010;kf;14801711;Biskopsgården, Svarte Mosse;1625;1625;0;slutligt_valresultat_valdistrikt_K_antal.xls
2010;kf;14801712;Biskopsgården, Norra Biskopsgården;1310;1310;0;slutligt_valresultat_valdistrikt_K_antal.xls
2010;kf;14801721;Biskopsgården, Södra Länsmansgården;1026;1026;0;slutligt_valresultat_valdistrikt_K_antal.xls
2010;kf;14801722;Biskopsgården, Länsmansgårdens Centr;1284;1284;0;slutligt_valresultat_valdistrikt_K_antal.xls
2010;kf;14801723;Biskopsgården, Norra Länsmansgården;1159;1159;0;slutligt_valresultat_valdistrikt_K_antal.xls
2010;kf;14801731;Biskopsgården, Stackmolnsgatan m fl;1604;1604;0;slutligt_valresultat_valdistrikt_K_antal.xls
2010;kf;14801732;Biskopsgården, Badvädersgatan m fl;1295;1295;0;slutligt_valresultat_valdistrikt_K_antal.xls
2010;kf;14801741;Biskopsgården, Södra Biskopsgården;1183;1183;0;slutligt_valresultat_valdistrikt_K_antal.xls
2010;kf;14801742;Biskopsgården, Väderlekstorget;992;992;0;slutligt_valresultat_valdistrikt_K_antal.xls
2010;kf;14801743;Biskopsgården, Treröset;1556;1556;0;slutligt_valresultat_valdistrikt_K_antal.xls
2010;kf;14801744;Biskopsgården, Vårväderstorget;1704;1704;0;slutligt_valresultat_valdistrikt_K_antal.xls
2010;kf;14801751;Biskopsgården, Jättesten;1780;1780;0;slutligt_valresultat_valdistrikt_K_antal.xls
2010;kf;14801752;Biskopsgården, Svartedalen;1526;1526;0;slutligt_valresultat_valdistrikt_K_antal.xls
2010;kf;14801753;Biskopsgården, Kärrsmossen;1780;1780;0;slutligt_valresultat_valdistrikt_K_antal.xls
2010;kf;14801811;Lundby, Lindholmen;2114;2114;0;slutligt_valresultat_valdistrikt_K_antal.xls
2010;kf;14801812;Lundby, Västra Rambergsstaden;1797;1797;0;slutligt_valresultat_valdistrikt_K_antal.xls
2010;kf;14801813;Lundby, Östra Rambergsstaden;1756;1756;0;slutligt_valresultat_valdistrikt_K_antal.xls
2010;kf;14801814;Lundby, Västra Brämaregården;1584;1584;0;slutligt_valresultat_valdistrikt_K_antal.xls
2010;kf;14801815;Lundby, Östra Brämaregården;1416;1416;0;slutligt_valresultat_valdistrikt_K_antal.xls
2010;kf;14801816;Lundby, Lundbyvassen;701;701;0;slutligt_valresultat_valdistrikt_K_antal.xls
2010;kf;14801821;Lundby, Flunsås;1485;1485;0;slutligt_valresultat_valdistrikt_K_antal.xls
2010;kf;14801822;Lundby, Bjurslätt;1574;1574;0;slutligt_valresultat_valdistrikt_K_antal.xls
2010;kf;14801823;Lundby, Norra Kvillebäcken;1414;1414;0;slutligt_valresultat_valdistrikt_K_antal.xls
2010;kf;14801824;Lundby, Wieselgrensplatsen;1212;1212;0;slutligt_valresultat_valdistrikt_K_antal.xls
2010;kf;14801825;Lundby, Södra Kvillebäcken;1504;1504;0;slutligt_valresultat_valdistrikt_K_antal.xls
2010;kf;14801831;Lundby, Hilldedal;1634;1634;0;slutligt_valresultat_valdistrikt_K_antal.xls
2010;kf;14801832;Lundby, Slätta Damm;1439;1439;0;slutligt_valresultat_valdistrikt_K_antal.xls
2010;kf;14801841;Lundby, Södra Tolered;1131;1131;0;slutligt_valresultat_valdistrikt_K_antal.xls
2010;kf;14801842;Lundby, Norra Tolered;1114;1114;0;slutligt_valresultat_valdistrikt_K_antal.xls
2010;kf;14801843;Lundby, Kärrdalen;1391;1391;0;slutligt_valresultat_valdistrikt_K_antal.xls
2010;kf;14801851;Lundby, Västra Eriksberg;1971;1971;0;slutligt_valresultat_valdistrikt_K_antal.xls
2010;kf;14801852;Lundby, Södra Bräcke;1152;1152;0;slutligt_valresultat_valdistrikt_K_antal.xls
2010;kf;14801853;Lundby, Norra Bräcke;1333;1333;0;slutligt_valresultat_valdistrikt_K_antal.xls
2010;kf;14801854;Lundby, Kyrkbyn;1140;1140;0;slutligt_valresultat_valdistrikt_K_antal.xls
2010;kf;14801855;Lundby, Norra Lundby;1076;1076;0;slutligt_valresultat_valdistrikt_K_antal.xls
2010;kf;14801856;Lundby, Södra Lundby;1137;1137;0;slutligt_valresultat_valdistrikt_K_antal.xls
2010;kf;14801857;Lundby, Östra Eriksberg;1654;1654;0;slutligt_valresultat_valdistrikt_K_antal.xls
2010;kf;14801858;Lundby, Sannegården;1255;1255;0;slutligt_valresultat_valdistrikt_K_antal.xls
2010;kf;14801911;Tuve-Säve, Tången;1211;1211;0;slutligt_valresultat_valdistrikt_K_antal.xls
2010;kf;14801912;Tuve-Säve, Tuve;1608;1608;0;slutligt_valresultat_valdistrikt_K_antal.xls
2010;kf;14801913;Tuve-Säve, Gunnestorp;1602;1602;0;slutligt_valresultat_valdistrikt_K_antal.xls
2010;kf;14801914;Tuve-Säve, Glöstorp;1153;1153;0;slutligt_valresultat_valdistrikt_K_antal.xls
2010;kf;14801915;Tuve-Säve, Norumshöjd;1437;1437;0;slutligt_valresultat_valdistrikt_K_antal.xls
2010;kf;14801921;Tuve-Säve, Säve;1629;1629;0;slutligt_valresultat_valdistrikt_K_antal.xls
2010;kf;14802011;Backa, Tingstad;1445;1445;0;slutligt_valresultat_valdistrikt_K_antal.xls
2010;kf;14802012;Backa, Brunnsbo;1616;1616;0;slutligt_valresultat_valdistrikt_K_antal.xls
2010;kf;14802013;Backa, Aröd;1908;1908;0;slutligt_valresultat_valdistrikt_K_antal.xls
2010;kf;14802021;Backa, Södra Backa;1362;1362;0;slutligt_valresultat_valdistrikt_K_antal.xls
2010;kf;14802022;Backa, Backa Röd;1686;1686;0;slutligt_valresultat_valdistrikt_K_antal.xls
2010;kf;14802023;Backa, Norra Backa;1703;1703;0;slutligt_valresultat_valdistrikt_K_antal.xls
2010;kf;14802024;Backa, Bällskär;1009;1009;0;slutligt_valresultat_valdistrikt_K_antal.xls
2010;kf;14802031;Backa, Bäckebol;1003;1003;0;slutligt_valresultat_valdistrikt_K_antal.xls
2010;kf;14802032;Backa, Backadalen;1432;1432;0;slutligt_valresultat_valdistrikt_K_antal.xls
2010;kf;14802033;Backa, Selma Lagerlöfs torg;1068;1068;0;slutligt_valresultat_valdistrikt_K_antal.xls
2010;kf;14802034;Backa, Skälltorp;1713;1713;0;slutligt_valresultat_valdistrikt_K_antal.xls
2010;kf;14802035;Backa, Åketorp;1668;1668;0;slutligt_valresultat_valdistrikt_K_antal.xls
2010;kf;14802041;Backa, Skogome-Sankt Jörgen;1830;1830;0;slutligt_valresultat_valdistrikt_K_antal.xls
2010;kf;14802111;Kärra-Rödbo, Mysterna-Svankällan;1316;1316;0;slutligt_valresultat_valdistrikt_K_antal.xls
2010;kf;14802112;Kärra-Rödbo, Gerrebacka-Ingebäck;1368;1368;0;slutligt_valresultat_valdistrikt_K_antal.xls
2010;kf;14802113;Kärra-Rödbo, Västra Kärra;1231;1231;0;slutligt_valresultat_valdistrikt_K_antal.xls
2010;kf;14802114;Kärra-Rödbo, Norra Kärra;1153;1153;0;slutligt_valresultat_valdistrikt_K_antal.xls
2010;kf;14802115;Kärra-Rödbo, Östra Kärra;1339;1339;0;slutligt_valresultat_valdistrikt_K_antal.xls
2010;kf;14802116;Kärra-Rödbo, Södra Kärra;1293;1293;0;slutligt_valresultat_valdistrikt_K_antal.xls
2010;kf;14802121;Kärra-Rödbo, Rödbo;673;673;0;slutligt_valresultat_valdistrikt_K_antal.xls
2014;rd;14801011;Majorna-Linné, Klippan;1709;1709;0;2014_riksdagsval_per_valdistrikt.xls
2014;rd;14801012;Majorna-Linné, Kungsladugård;1469;1469;0;2014_riksdagsval_per_valdistrikt.xls
2014;rd;14801013;Majorna-Linné, Mariaplan;1306;1306;0;2014_riksdagsval_per_valdistrikt.xls
2014;rd;14801014;Majorna-Linné, Silverkällan;1448;1448;0;2014_riksdagsval_per_valdistrikt.xls
2014;rd;14801015;Majorna-Linné, Skytteskogen;1675;1675;0;2014_riksdagsval_per_valdistrikt.xls
2014;rd;14801016;Majorna-Linné, Svalebo;1259;1259;0;2014_riksdagsval_per_valdistrikt.xls
2014;rd;14801021;Majorna-Linné, Sandarne;1739;1739;0;2014_riksdagsval_per_valdistrikt.xls
2014;rd;14801031;Majorna-Linné, Godhem;1169;1169;0;2014_riksdagsval_per_valdistrikt.xls
2014;rd;14801032;Majorna-Linné, Gråberget;1585;1585;0;2014_riksdagsval_per_valdistrikt.xls
2014;rd;14801033;Majorna-Linné, Hängmattan;1480;1480;0;2014_riksdagsval_per_valdistrikt.xls
2014;rd;14801034;Majorna-Linné, Majorna;1616;1616;0;2014_riksdagsval_per_valdistrikt.xls
2014;rd;14801035;Majorna-Linné, Marieberg;1355;1355;0;2014_riksdagsval_per_valdistrikt.xls
2014;rd;14801036;Majorna-Linné, Slottsskogsgatan m fl;1649;1649;0;2014_riksdagsval_per_valdistrikt.xls
2014;rd;14801041;Majorna-Linné, Djurgårdsgatan m fl;1639;1639;0;2014_riksdagsval_per_valdistrikt.xls
2014;rd;14801042;Majorna-Linné, Gatenhielmska;1277;1277;0;2014_riksdagsval_per_valdistrikt.xls
2014;rd;14801043;Majorna-Linné, Karl Johans torg;1741;1741;0;2014_riksdagsval_per_valdistrikt.xls
2014;rd;14801044;Majorna-Linné, Söderlingska ängen;1378;1378;0;2014_riksdagsval_per_valdistrikt.xls
2014;rd;14801051;Majorna-Linné, Masthugget, Nedre;1308;1308;0;2014_riksdagsval_per_valdistrikt.xls
2014;rd;14801052;Majorna-Linné, Masthugget, Övre;1522;1522;0;2014_riksdagsval_per_valdistrikt.xls
2014;rd;14801053;Majorna-Linné, Masthuggstorget;1275;1275;0;2014_riksdagsval_per_valdistrikt.xls
2014;rd;14801054;Majorna-Linné, Oscar Fredrik;1335;1335;0;2014_riksdagsval_per_valdistrikt.xls
2014;rd;14801055;Majorna-Linné, Slottsskogen;1112;1112;0;2014_riksdagsval_per_valdistrikt.xls
2014;rd;14801056;Majorna-Linné, Stigberget;1476;1476;0;2014_riksdagsval_per_valdistrikt.xls
2014;rd;14801057;Majorna-Linné, Vegastaden;1251;1251;0;2014_riksdagsval_per_valdistrikt.xls
2014;rd;14801061;Majorna-Linné, Änggården;1185;1185;0;2014_riksdagsval_per_valdistrikt.xls
2014;rd;14801071;Majorna-Linné, Haga;1763;1763;0;2014_riksdagsval_per_valdistrikt.xls
2014;rd;14801072;Majorna-Linné, Skansberget;1580;1580;0;2014_riksdagsval_per_valdistrikt.xls
2014;rd;14801081;Majorna-Linné, Annedal;2070;2070;0;2014_riksdagsval_per_valdistrikt.xls
2014;rd;14801082;Majorna-Linné, Nilssonsberg;1816;1816;0;2014_riksdagsval_per_valdistrikt.xls
2014;rd;14801091;Majorna-Linné, Kommendantsängen;1282;1282;0;2014_riksdagsval_per_valdistrikt.xls
2014;rd;14801092;Majorna-Linné, Linné;1499;1499;0;2014_riksdagsval_per_valdistrikt.xls
2014;rd;14801093;Majorna-Linné, Linnéplatsen;1069;1069;0;2014_riksdagsval_per_valdistrikt.xls
2014;rd;14801094;Majorna-Linné, Långgatorna;1711;1711;0;2014_riksdagsval_per_valdistrikt.xls
2014;rd;14801095;Majorna-Linné, Olivedal;1682;1682;0;2014_riksdagsval_per_valdistrikt.xls
2014;rd;14801096;Majorna-Linné, Risåsen;1145;1145;0;2014_riksdagsval_per_valdistrikt.xls
2014;rd;14801097;Majorna-Linné, Sveaplan;1368;1368;0;2014_riksdagsval_per_valdistrikt.xls
2014;rd;14801101;Centrum, Framnäs;1525;1525;0;2014_riksdagsval_per_valdistrikt.xls
2014;rd;14801102;Centrum, Fredriksdal;1006;1006;0;2014_riksdagsval_per_valdistrikt.xls
2014;rd;14801103;Centrum, Fridkullagatan m fl;1461;1461;0;2014_riksdagsval_per_valdistrikt.xls
2014;rd;14801104;Centrum, Getebergsäng;1470;1470;0;2014_riksdagsval_per_valdistrikt.xls
2014;rd;14801105;Centrum, Kristinehöjd;1334;1334;0;2014_riksdagsval_per_valdistrikt.xls
2014;rd;14801106;Centrum, Krokslätt;1369;1369;0;2014_riksdagsval_per_valdistrikt.xls
2014;rd;14801107;Centrum, Mossen;1094;1094;0;2014_riksdagsval_per_valdistrikt.xls
2014;rd;14801108;Centrum, Olofshöjd;791;791;0;2014_riksdagsval_per_valdistrikt.xls
2014;rd;14801111;Centrum, Eklanda;1703;1703;0;2014_riksdagsval_per_valdistrikt.xls
2014;rd;14801112;Centrum, Johanneberg, Nedre;1934;1934;0;2014_riksdagsval_per_valdistrikt.xls
2014;rd;14801113;Centrum, Johanneberg, Södra;1475;1475;0;2014_riksdagsval_per_valdistrikt.xls
2014;rd;14801114;Centrum, Johanneberg, Övre;1566;1566;0;2014_riksdagsval_per_valdistrikt.xls
2014;rd;14801121;Centrum, Landala;1360;1360;0;2014_riksdagsval_per_valdistrikt.xls
2014;rd;14801122;Centrum, Landalabergen m fl;1504;1504;0;2014_riksdagsval_per_valdistrikt.xls
2014;rd;14801123;Centrum, Landalagången m fl;1134;1134;0;2014_riksdagsval_per_valdistrikt.xls
2014;rd;14801131;Centrum, Doktor Forselius gata m fl;1326;1326;0;2014_riksdagsval_per_valdistrikt.xls
2014;rd;14801132;Centrum, Guldheden vattentornet;1687;1687;0;2014_riksdagsval_per_valdistrikt.xls
2014;rd;14801133;Centrum, Guldheden, Centrala;1189;1189;0;2014_riksdagsval_per_valdistrikt.xls
2014;rd;14801134;Centrum, Guldheden, Norra;1436;1436;0;2014_riksdagsval_per_valdistrikt.xls
2014;rd;14801135;Centrum, Guldheden, Södra;1292;1292;0;2014_riksdagsval_per_valdistrikt.xls
2014;rd;14801136;Centrum, Landala Egnahem;1304;1304;0;2014_riksdagsval_per_valdistrikt.xls
2014;rd;14801141;Centrum, Lorensberg;1817;1817;0;2014_riksdagsval_per_valdistrikt.xls
2014;rd;14801151;Centrum, Valand;1179;1179;0;2014_riksdagsval_per_valdistrikt.xls
2014;rd;14801152;Centrum, Vasastaden, Norra;1511;1511;0;2014_riksdagsval_per_valdistrikt.xls
2014;rd;14801153;Centrum, Vasastaden, Södra;1711;1711;0;2014_riksdagsval_per_valdistrikt.xls
2014;rd;14801154;Centrum, Vasastaden, Östra;1491;1491;0;2014_riksdagsval_per_valdistrikt.xls
2014;rd;14801161;Centrum, Inom Vallgraven;1892;1892;0;2014_riksdagsval_per_valdistrikt.xls
2014;rd;14801162;Centrum, Nordstan-Otterhällan;1756;1756;0;2014_riksdagsval_per_valdistrikt.xls
2014;rd;14801171;Centrum, Friggagatan-Stampen;1440;1440;0;2014_riksdagsval_per_valdistrikt.xls
2014;rd;14801172;Centrum, Gullbergsvass-Svingeln;1674;1674;0;2014_riksdagsval_per_valdistrikt.xls
2014;rd;14801173;Centrum, Gårda, Norra;1110;1110;0;2014_riksdagsval_per_valdistrikt.xls
2014;rd;14801174;Centrum, Odinsgatan-Stampen;1619;1619;0;2014_riksdagsval_per_valdistrikt.xls
2014;rd;14801181;Centrum, Bohusgatan m fl;1451;1451;0;2014_riksdagsval_per_valdistrikt.xls
2014;rd;14801182;Centrum, Gårda, Södra;1183;1183;0;2014_riksdagsval_per_valdistrikt.xls
2014;rd;14801183;Centrum, Heden;1394;1394;0;2014_riksdagsval_per_valdistrikt.xls
2014;rd;14801184;Centrum, Hedås;1203;1203;0;2014_riksdagsval_per_valdistrikt.xls
2014;rd;14802011;Örgryte-Härlanda, Gubbero;1219;1219;0;2014_riksdagsval_per_valdistrikt.xls
2014;rd;14802012;Örgryte-Härlanda, Olskroken;1327;1327;0;2014_riksdagsval_per_valdistrikt.xls
2014;rd;14802013;Örgryte-Härlanda, Redberget;1157;1157;0;2014_riksdagsval_per_valdistrikt.xls
2014;rd;14802014;Örgryte-Härlanda, Redbergsplatsen;1171;1171;0;2014_riksdagsval_per_valdistrikt.xls
2014;rd;14802021;Örgryte-Härlanda, Bagaregården;1031;1031;0;2014_riksdagsval_per_valdistrikt.xls
2014;rd;14802022;Örgryte-Härlanda, Ånäs;1167;1167;0;2014_riksdagsval_per_valdistrikt.xls
2014;rd;14802031;Örgryte-Härlanda, Redbergslid;1661;1661;0;2014_riksdagsval_per_valdistrikt.xls
2014;rd;14802032;Örgryte-Härlanda, Strömmensberg;1380;1380;0;2014_riksdagsval_per_valdistrikt.xls
2014;rd;14802041;Örgryte-Härlanda, Kallebäck, Västra;1241;1241;0;2014_riksdagsval_per_valdistrikt.xls
2014;rd;14802042;Örgryte-Härlanda, Kallebäck, Östra;1653;1653;0;2014_riksdagsval_per_valdistrikt.xls
2014;rd;14802051;Örgryte-Härlanda, Jakobsdal;1392;1392;0;2014_riksdagsval_per_valdistrikt.xls
2014;rd;14802052;Örgryte-Härlanda, Skår, Norra;1067;1067;0;2014_riksdagsval_per_valdistrikt.xls
2014;rd;14802053;Örgryte-Härlanda, Skår, Södra;1182;1182;0;2014_riksdagsval_per_valdistrikt.xls
2014;rd;14802061;Örgryte-Härlanda, Bö;982;982;0;2014_riksdagsval_per_valdistrikt.xls
2014;rd;14802062;Örgryte-Härlanda, Örgryte;971;971;0;2014_riksdagsval_per_valdistrikt.xls
2014;rd;14802071;Örgryte-Härlanda, Torp;1825;1825;0;2014_riksdagsval_per_valdistrikt.xls
2014;rd;14802081;Örgryte-Härlanda, Kärralund;1711;1711;0;2014_riksdagsval_per_valdistrikt.xls
2014;rd;14802082;Örgryte-Härlanda, Lunden, Gamla;1481;1481;0;2014_riksdagsval_per_valdistrikt.xls
2014;rd;14802083;Örgryte-Härlanda, Lunden, Nya;1810;1810;0;2014_riksdagsval_per_valdistrikt.xls
2014;rd;14802084;Örgryte-Härlanda, Nobelplatsen;1396;1396;0;2014_riksdagsval_per_valdistrikt.xls
2014;rd;14802085;Örgryte-Härlanda, Sankt Pauli;1688;1688;0;2014_riksdagsval_per_valdistrikt.xls
2014;rd;14802086;Örgryte-Härlanda, Överås;1748;1748;0;2014_riksdagsval_per_valdistrikt.xls
2014;rd;14802091;Örgryte-Härlanda, Härlanda;1256;1256;0;2014_riksdagsval_per_valdistrikt.xls
2014;rd;14802101;Örgryte-Härlanda, Kålltorp, Norra;1275;1275;0;2014_riksdagsval_per_valdistrikt.xls
2014;rd;14802102;Örgryte-Härlanda, Kålltorp, Södra;1209;1209;0;2014_riksdagsval_per_valdistrikt.xls
2014;rd;14802103;Örgryte-Härlanda, Kålltorp, Västra;1053;1053;0;2014_riksdagsval_per_valdistrikt.xls
2014;rd;14802104;Örgryte-Härlanda, Kålltorp, Östra;1073;1073;0;2014_riksdagsval_per_valdistrikt.xls
2014;rd;14802105;Örgryte-Härlanda, Munkebäck, Norra;1145;1145;0;2014_riksdagsval_per_valdistrikt.xls
2014;rd;14802106;Örgryte-Härlanda, Munkebäck, Södra;1287;1287;0;2014_riksdagsval_per_valdistrikt.xls
2014;rd;14802111;Örgryte-Härlanda, Fräntorp;1109;1109;0;2014_riksdagsval_per_valdistrikt.xls
2014;rd;14802112;Örgryte-Härlanda, Torpa;1911;1911;0;2014_riksdagsval_per_valdistrikt.xls
2014;rd;14802121;Örgryte-Härlanda, Björkekärr, Norra;892;892;0;2014_riksdagsval_per_valdistrikt.xls
2014;rd;14802122;Örgryte-Härlanda, Björkekärr, Södra;1387;1387;0;2014_riksdagsval_per_valdistrikt.xls
2014;rd;14802123;Örgryte-Härlanda, Björkekärr, Västra;1235;1235;0;2014_riksdagsval_per_valdistrikt.xls
2014;rd;14802124;Örgryte-Härlanda, Björkekärr, Östra;1219;1219;0;2014_riksdagsval_per_valdistrikt.xls
2014;rd;14802125;Örgryte-Härlanda, Robertshöjd m fl;1561;1561;0;2014_riksdagsval_per_valdistrikt.xls
2014;rd;14803011;Östra Göteborg, Bellevue;1285;1285;0;2014_riksdagsval_per_valdistrikt.xls
2014;rd;14803012;Östra Göteborg, Gamlestaden;1274;1274;0;2014_riksdagsval_per_valdistrikt.xls
2014;rd;14803013;Östra Göteborg, Kviberg, Västra;1549;1549;0;2014_riksdagsval_per_valdistrikt.xls
2014;rd;14803014;Östra Göteborg, Kviberg, Östra;1139;1139;0;2014_riksdagsval_per_valdistrikt.xls
2014;rd;14803015;Östra Göteborg, Nylöse;1447;1447;0;2014_riksdagsval_per_valdistrikt.xls
2014;rd;14803021;Östra Göteborg, Fjällbo;1526;1526;0;2014_riksdagsval_per_valdistrikt.xls
2014;rd;14803022;Östra Göteborg, Utby;1444;1444;0;2014_riksdagsval_per_valdistrikt.xls
2014;rd;14803023;Östra Göteborg, Utbynäs;1091;1091;0;2014_riksdagsval_per_valdistrikt.xls
2014;rd;14803031;Östra Göteborg, Gregorianska g. m fl;1392;1392;0;2014_riksdagsval_per_valdistrikt.xls
2014;rd;14803032;Östra Göteborg, Kortedala Centrum;1385;1385;0;2014_riksdagsval_per_valdistrikt.xls
2014;rd;14803033;Östra Göteborg, Kortedala, Södra;1248;1248;0;2014_riksdagsval_per_valdistrikt.xls
2014;rd;14803034;Östra Göteborg, Kortedala, Västra;1354;1354;0;2014_riksdagsval_per_valdistrikt.xls
2014;rd;14803035;Östra Göteborg, Kortedala, Östra;1473;1473;0;2014_riksdagsval_per_valdistrikt.xls
2014;rd;14803041;Östra Göteborg, Adventsparken;1387;1387;0;2014_riksdagsval_per_valdistrikt.xls
2014;rd;14803042;Östra Göteborg, Kortedala, Norra;1588;1588;0;2014_riksdagsval_per_valdistrikt.xls
2014;rd;14803043;Östra Göteborg, Månadsgatorna m fl;1442;1442;0;2014_riksdagsval_per_valdistrikt.xls
2014;rd;14803051;Östra Göteborg, Bergsjön, Norra;1023;1023;0;2014_riksdagsval_per_valdistrikt.xls
2014;rd;14803052;Östra Göteborg, Gärdsmosse;1152;1152;0;2014_riksdagsval_per_valdistrikt.xls
2014;rd;14803053;Östra Göteborg, Gärdsås;987;987;0;2014_riksdagsval_per_valdistrikt.xls
2014;rd;14803054;Östra Göteborg, Siriusgatan;1475;1475;0;2014_riksdagsval_per_valdistrikt.xls
2014;rd;14803061;Östra Göteborg, Bergsjön, Södra;1371;1371;0;2014_riksdagsval_per_valdistrikt.xls
2014;rd;14803062;Östra Göteborg, Bergsjön, Östra;1252;1252;0;2014_riksdagsval_per_valdistrikt.xls
2014;rd;14803063;Östra Göteborg, Komettorget;1358;1358;0;2014_riksdagsval_per_valdistrikt.xls
2014;rd;14803064;Östra Göteborg, Rymdtorget;813;813;0;2014_riksdagsval_per_valdistrikt.xls
2014;rd;14804021;Lundby, Bjurslätt;1736;1736;0;2014_riksdagsval_per_valdistrikt.xls
2014;rd;14804022;Lundby, Flunsås;1467;1467;0;2014_riksdagsval_per_valdistrikt.xls
2014;rd;14804023;Lundby, Kvillebäcken, Norra;1411;1411;0;2014_riksdagsval_per_valdistrikt.xls
2014;rd;14804024;Lundby, Kvillebäcken, Södra;1405;1405;0;2014_riksdagsval_per_valdistrikt.xls
2014;rd;14804025;Lundby, Kvillebäcken, Östra;989;989;0;2014_riksdagsval_per_valdistrikt.xls
2014;rd;14804026;Lundby, Wieselgrensplatsen;1160;1160;0;2014_riksdagsval_per_valdistrikt.xls
2014;rd;14804031;Lundby, Hilldedal;1241;1241;0;2014_riksdagsval_per_valdistrikt.xls
2014;rd;14804032;Lundby, Slätta Damm;1728;1728;0;2014_riksdagsval_per_valdistrikt.xls
2014;rd;14804041;Lundby, Kärrdalen;1361;1361;0;2014_riksdagsval_per_valdistrikt.xls
2014;rd;14804042;Lundby, Tolered, Norra;1148;1148;0;2014_riksdagsval_per_valdistrikt.xls
2014;rd;14804043;Lundby, Tolered, Södra;1132;1132;0;2014_riksdagsval_per_valdistrikt.xls
2014;rd;14804051;Norra Hisingen, Glöstorp;1205;1205;0;2014_riksdagsval_per_valdistrikt.xls
2014;rd;14804052;Norra Hisingen, Gunnestorp;1556;1556;0;2014_riksdagsval_per_valdistrikt.xls
2014;rd;14804053;Norra Hisingen, Norumshöjd;1360;1360;0;2014_riksdagsval_per_valdistrikt.xls
2014;rd;14804054;Norra Hisingen, Tuve;1553;1553;0;2014_riksdagsval_per_valdistrikt.xls
2014;rd;14804055;Norra Hisingen, Tången;1236;1236;0;2014_riksdagsval_per_valdistrikt.xls
2014;rd;14804061;Norra Hisingen, Säve;1655;1655;0;2014_riksdagsval_per_valdistrikt.xls
2014;rd;14804071;Norra Hisingen, Gerrebacka-Ingebäck;1385;1385;0;2014_riksdagsval_per_valdistrikt.xls
2014;rd;14804072;Norra Hisingen, Kärra, Norra;1115;1115;0;2014_riksdagsval_per_valdistrikt.xls
2014;rd;14804073;Norra Hisingen, Kärra, Södra;1284;1284;0;2014_riksdagsval_per_valdistrikt.xls
2014;rd;14804074;Norra Hisingen, Kärra, Västra;1211;1211;0;2014_riksdagsval_per_valdistrikt.xls
2014;rd;14804075;Norra Hisingen, Kärra, Östra;1313;1313;0;2014_riksdagsval_per_valdistrikt.xls
2014;rd;14804076;Norra Hisingen, Mysterna-Svankälla;1337;1337;0;2014_riksdagsval_per_valdistrikt.xls
2014;rd;14804081;Norra Hisingen, Rödbo;700;700;0;2014_riksdagsval_per_valdistrikt.xls
2014;rd;14804091;Norra Hisingen, Skogome-Sankt Jörgen;1873;1873;0;2014_riksdagsval_per_valdistrikt.xls
2014;rd;14804101;Norra Hisingen, Aröd;1646;1646;0;2014_riksdagsval_per_valdistrikt.xls
2014;rd;14804102;Norra Hisingen, Backa-Tingstad;1636;1636;0;2014_riksdagsval_per_valdistrikt.xls
2014;rd;14804103;Norra Hisingen, Brunnsbo;1581;1581;0;2014_riksdagsval_per_valdistrikt.xls
2014;rd;14804121;Norra Hisingen, Backa;1485;1485;0;2014_riksdagsval_per_valdistrikt.xls
2014;rd;14804122;Norra Hisingen, Backa Röd;1203;1203;0;2014_riksdagsval_per_valdistrikt.xls
2014;rd;14804123;Norra Hisingen, Bällskär;1607;1607;0;2014_riksdagsval_per_valdistrikt.xls
2014;rd;14804124;Norra Hisingen, Wadköpingsgatan;1290;1290;0;2014_riksdagsval_per_valdistrikt.xls
2014;rd;14804131;Norra Hisingen, Backadalen;1360;1360;0;2014_riksdagsval_per_valdistrikt.xls
2014;rd;14804132;Norra Hisingen, Bäckebol;965;965;0;2014_riksdagsval_per_valdistrikt.xls
2014;rd;14804133;Norra Hisingen, Selma Lagerlöfs torg;1074;1074;0;2014_riksdagsval_per_valdistrikt.xls
2014;rd;14804134;Norra Hisingen, Skälltorp;1614;1614;0;2014_riksdagsval_per_valdistrikt.xls
2014;rd;14804135;Norra Hisingen, Åketorp;1611;1611;0;2014_riksdagsval_per_valdistrikt.xls
2014;rd;14804141;Lundby, Bräcke, Norra;1305;1305;0;2014_riksdagsval_per_valdistrikt.xls
2014;rd;14804142;Lundby, Bräcke, Södra;1133;1133;0;2014_riksdagsval_per_valdistrikt.xls
2014;rd;14804143;Lundby, Kyrkbyn;1337;1337;0;2014_riksdagsval_per_valdistrikt.xls
2014;rd;14804144;Lundby, Lundby, Norra;1158;1158;0;2014_riksdagsval_per_valdistrikt.xls
2014;rd;14804145;Lundby, Lundby, Södra;1062;1062;0;2014_riksdagsval_per_valdistrikt.xls
2014;rd;14804151;Lundby, Brämaregården, Norra;1224;1224;0;2014_riksdagsval_per_valdistrikt.xls
2014;rd;14804152;Lundby, Brämaregården, Östra;1336;1336;0;2014_riksdagsval_per_valdistrikt.xls
2014;rd;14804153;Lundby, Brämaregården-Rambergsstaden;1412;1412;0;2014_riksdagsval_per_valdistrikt.xls
2014;rd;14804154;Lundby, Porslinsfabriken;1241;1241;0;2014_riksdagsval_per_valdistrikt.xls
2014;rd;14804155;Lundby, Rambergsstaden, Norra;1206;1206;0;2014_riksdagsval_per_valdistrikt.xls
2014;rd;14804156;Lundby, Rambergsstaden, Västra;1225;1225;0;2014_riksdagsval_per_valdistrikt.xls
2014;rd;14804161;Lundby, Eriksberg Sjöporten;1430;1430;0;2014_riksdagsval_per_valdistrikt.xls
2014;rd;14804162;Lundby, Eriksberg, Västra;1106;1106;0;2014_riksdagsval_per_valdistrikt.xls
2014;rd;14804163;Lundby, Eriksberg, Östra;1265;1265;0;2014_riksdagsval_per_valdistrikt.xls
2014;rd;14804164;Lundby, Pölsebo-Bratterås;1343;1343;0;2014_riksdagsval_per_valdistrikt.xls
2014;rd;14804165;Lundby, Sannegården;1399;1399;0;2014_riksdagsval_per_valdistrikt.xls
2014;rd;14804171;Lundby, Lindholmen;1548;1548;0;2014_riksdagsval_per_valdistrikt.xls
2014;rd;14804172;Lundby, Lundbyvassen;1261;1261;0;2014_riksdagsval_per_valdistrikt.xls
2014;rd;14805011;Västra Göteborg, Björnekulla;1443;1443;0;2014_riksdagsval_per_valdistrikt.xls
2014;rd;14805012;Västra Göteborg, Fiskebäck, Norra;1404;1404;0;2014_riksdagsval_per_valdistrikt.xls
2014;rd;14805013;Västra Göteborg, Fiskebäck, Södra;1131;1131;0;2014_riksdagsval_per_valdistrikt.xls
2014;rd;14805014;Västra Göteborg, Påvelund;1595;1595;0;2014_riksdagsval_per_valdistrikt.xls
2014;rd;14805021;Västra Göteborg, Långedrag;1509;1509;0;2014_riksdagsval_per_valdistrikt.xls
2014;rd;14805031;Västra Göteborg, Hagen;1526;1526;0;2014_riksdagsval_per_valdistrikt.xls
2014;rd;14805032;Västra Göteborg, Nya Varvet;1496;1496;0;2014_riksdagsval_per_valdistrikt.xls
2014;rd;14805033;Västra Göteborg, Tångudden;1326;1326;0;2014_riksdagsval_per_valdistrikt.xls
2014;rd;14805041;Västra Göteborg, Ekebäck;1424;1424;0;2014_riksdagsval_per_valdistrikt.xls
2014;rd;14805042;Västra Göteborg, Grimmered;1666;1666;0;2014_riksdagsval_per_valdistrikt.xls
2014;rd;14805051;Västra Göteborg, Brännö-Asperö;992;992;0;2014_riksdagsval_per_valdistrikt.xls
2014;rd;14805052;Västra Göteborg, Donsö-Vrångö;1351;1351;0;2014_riksdagsval_per_valdistrikt.xls
2014;rd;14805053;Västra Göteborg, Styrsö-Köpstadsö;1135;1135;0;2014_riksdagsval_per_valdistrikt.xls
2014;rd;14805061;Västra Göteborg, Bratthammar;1990;1990;0;2014_riksdagsval_per_valdistrikt.xls
2014;rd;14805071;Västra Göteborg, Beryllg.-Guldringen;1820;1820;0;2014_riksdagsval_per_valdistrikt.xls
2014;rd;14805081;Västra Göteborg, Tynnered;1948;1948;0;2014_riksdagsval_per_valdistrikt.xls
2014;rd;14805091;Askim-Frölunda-Högsbo, Kavås;1198;1198;0;2014_riksdagsval_per_valdistrikt.xls
2014;rd;14805092;Askim-Frölunda-Högsbo, Kaverös, N;1149;1149;0;2014_riksdagsval_per_valdistrikt.xls
2014;rd;14805093;Askim-Frölunda-Högsbo, Kaverös, S;1129;1129;0;2014_riksdagsval_per_valdistrikt.xls
2014;rd;14805101;Askim-Frölunda-Högsbo, Flatås, V;1519;1519;0;2014_riksdagsval_per_valdistrikt.xls
2014;rd;14805111;Askim-Frölunda-Högsbo, Högsbohöjd, N;1290;1290;0;2014_riksdagsval_per_valdistrikt.xls
2014;rd;14805112;Askim-Frölunda-Högsbo, Högsbohöjd, S;1464;1464;0;2014_riksdagsval_per_valdistrikt.xls
2014;rd;14805121;Askim-Frölunda-Högsbo, Högsbo;1420;1420;0;2014_riksdagsval_per_valdistrikt.xls
2014;rd;14805122;Askim-Frölunda-Högsbo, Högsbotorp, V;1425;1425;0;2014_riksdagsval_per_valdistrikt.xls
2014;rd;14805123;Askim-Frölunda-Högsbo, Högsbotorp, Ö;1351;1351;0;2014_riksdagsval_per_valdistrikt.xls
2014;rd;14805124;Askim-Frölunda-Högsbo, Marklandsg.;1544;1544;0;2014_riksdagsval_per_valdistrikt.xls
2014;rd;14805131;Askim-Frölunda-Högsbo, Spinetten;914;914;0;2014_riksdagsval_per_valdistrikt.xls
2014;rd;14805132;Askim-Frölunda-Högsbo, Tofta;1328;1328;0;2014_riksdagsval_per_valdistrikt.xls
2014;rd;14805141;Askim-Frölunda-Högsbo, Ruddalen;1848;1848;0;2014_riksdagsval_per_valdistrikt.xls
2014;rd;14805151;Askim-Frölunda-Högsbo, Järnbrott, V;1769;1769;0;2014_riksdagsval_per_valdistrikt.xls
2014;rd;14805152;Askim-Frölunda-Högsbo, Järnbrott, Ö;1350;1350;0;2014_riksdagsval_per_valdistrikt.xls
2014;rd;14805161;Askim-Frölunda-Högsbo, Flatås, Ö;1243;1243;0;2014_riksdagsval_per_valdistrikt.xls
2014;rd;14805171;Askim-Frölunda-Högsbo, Frölunda;867;867;0;2014_riksdagsval_per_valdistrikt.xls
2014;rd;14805172;Askim-Frölunda-Högsbo, Frölunda Torg;1266;1266;0;2014_riksdagsval_per_valdistrikt.xls
2014;rd;14805173;Askim-Frölunda-Högsbo, Gånglåten;972;972;0;2014_riksdagsval_per_valdistrikt.xls
2014;rd;14805174;Askim-Frölunda-Högsbo, Mandolingatan;1043;1043;0;2014_riksdagsval_per_valdistrikt.xls
2014;rd;14805181;Västra Göteborg, Korsåsen;1441;1441;0;2014_riksdagsval_per_valdistrikt.xls
2014;rd;14805182;Västra Göteborg, Ängås;1320;1320;0;2014_riksdagsval_per_valdistrikt.xls
2014;rd;14805191;Västra Göteborg, Önnered, Västra;1403;1403;0;2014_riksdagsval_per_valdistrikt.xls
2014;rd;14805192;Västra Göteborg, Önnered, Östra;1514;1514;0;2014_riksdagsval_per_valdistrikt.xls
2014;rd;14805201;Västra Göteborg, Grevegården;1217;1217;0;2014_riksdagsval_per_valdistrikt.xls
2014;rd;14805202;Västra Göteborg, Skattegården;1468;1468;0;2014_riksdagsval_per_valdistrikt.xls
2014;rd;14805211;Västra Göteborg, Näset, Norra;1676;1676;0;2014_riksdagsval_per_valdistrikt.xls
2014;rd;14805212;Västra Göteborg, Näset, Södra;1386;1386;0;2014_riksdagsval_per_valdistrikt.xls
2014;rd;14805213;Västra Göteborg, Åkered;1465;1465;0;2014_riksdagsval_per_valdistrikt.xls
2014;rd;14805221;Västra Göteborg, Opaltorget, Norra;1298;1298;0;2014_riksdagsval_per_valdistrikt.xls
2014;rd;14805222;Västra Göteborg, Opaltorget, Södra;935;935;0;2014_riksdagsval_per_valdistrikt.xls
2014;rd;14805231;Askim-Frölunda-Högsbo, Askim;1334;1334;0;2014_riksdagsval_per_valdistrikt.xls
2014;rd;14805232;Askim-Frölunda-Högsbo, Hovås, Norra;1089;1089;0;2014_riksdagsval_per_valdistrikt.xls
2014;rd;14805233;Askim-Frölunda-Högsbo, Hult;1216;1216;0;2014_riksdagsval_per_valdistrikt.xls
2014;rd;14805234;Askim-Frölunda-Högsbo, Pilegården;1204;1204;0;2014_riksdagsval_per_valdistrikt.xls
2014;rd;14805235;Askim-Frölunda-Högsbo, Sisjön, Norra;1490;1490;0;2014_riksdagsval_per_valdistrikt.xls
2014;rd;14805236;Askim-Frölunda-Högsbo, Sisjön, Södra;1482;1482;0;2014_riksdagsval_per_valdistrikt.xls
2014;rd;14805241;Askim-Frölunda-Högsbo, Hovås, Södra;1061;1061;0;2014_riksdagsval_per_valdistrikt.xls
2014;rd;14805242;Askim-Frölunda-Högsbo, Trollåsen;1360;1360;0;2014_riksdagsval_per_valdistrikt.xls
2014;rd;14805251;Askim-Frölunda-Högsbo, Billdal;1804;1804;0;2014_riksdagsval_per_valdistrikt.xls
2014;rd;14805252;Askim-Frölunda-Högsbo, Brottkärr;946;946;0;2014_riksdagsval_per_valdistrikt.xls
2014;rd;14805253;Askim-Frölunda-Högsbo, Lindås;1487;1487;0;2014_riksdagsval_per_valdistrikt.xls
2014;rd;14805254;Askim-Frölunda-Högsbo, Lyckhem;1169;1169;0;2014_riksdagsval_per_valdistrikt.xls
2014;rd;14805255;Askim-Frölunda-Högsbo, Nygård;1245;1245;0;2014_riksdagsval_per_valdistrikt.xls
2014;rd;14805256;Askim-Frölunda-Högsbo, Skintebo;1211;1211;0;2014_riksdagsval_per_valdistrikt.xls
2014;rd;14806011;Angered, Lövgärdet, Nedre;1952;1952;0;2014_riksdagsval_per_valdistrikt.xls
2014;rd;14806012;Angered, Lövgärdet, Övre;1470;1470;0;2014_riksdagsval_per_valdistrikt.xls
2014;rd;14806013;Angered, Lövgärdets Centrum;1051;1051;0;2014_riksdagsval_per_valdistrikt.xls
2014;rd;14806021;Angered, Rannebergen, Norra;1581;1581;0;2014_riksdagsval_per_valdistrikt.xls
2014;rd;14806022;Angered, Rannebergen, Södra;1376;1376;0;2014_riksdagsval_per_valdistrikt.xls
2014;rd;14806031;Angered, Gårdsten, Norra;1293;1293;0;2014_riksdagsval_per_valdistrikt.xls
2014;rd;14806032;Angered, Gårdsten, Södra;831;831;0;2014_riksdagsval_per_valdistrikt.xls
2014;rd;14806033;Angered, Gårdsten, Västra;961;961;0;2014_riksdagsval_per_valdistrikt.xls
2014;rd;14806034;Angered, Gårdsten, Östra;1240;1240;0;2014_riksdagsval_per_valdistrikt.xls
2014;rd;14806041;Angered, Angereds Centrum;1455;1455;0;2014_riksdagsval_per_valdistrikt.xls
2014;rd;14806042;Angered, Trägårdsgärdet;1151;1151;0;2014_riksdagsval_per_valdistrikt.xls
2014;rd;14806051;Angered, Agnesberg;698;698;0;2014_riksdagsval_per_valdistrikt.xls
2014;rd;14806061;Angered, Hammarkullen, Västra;1609;1609;0;2014_riksdagsval_per_valdistrikt.xls
2014;rd;14806062;Angered, Hammarkullen, Östra;1419;1419;0;2014_riksdagsval_per_valdistrikt.xls
2014;rd;14806063;Angered, Sandeslätt;1563;1563;0;2014_riksdagsval_per_valdistrikt.xls
2014;rd;14806101;Angered, Gunnilse-Linnarhult;1448;1448;0;2014_riksdagsval_per_valdistrikt.xls
2014;rd;14806111;Angered, Björsared-Knipared;1448;1448;0;2014_riksdagsval_per_valdistrikt.xls
2014;rd;14806112;Angered, Olofstorp;1742;1742;0;2014_riksdagsval_per_valdistrikt.xls
2014;rd;14806121;Angered, Bläsebo;1328;1328;0;2014_riksdagsval_per_valdistrikt.xls
2014;rd;14806122;Angered, Hjällbo, Norra;1316;1316;0;2014_riksdagsval_per_valdistrikt.xls
2014;rd;14806123;Angered, Hjällbo, Södra;874;874;0;2014_riksdagsval_per_valdistrikt.xls
2014;rd;14806124;Angered, Skolspåret;1029;1029;0;2014_riksdagsval_per_valdistrikt.xls
2014;rd;14806131;Angered, Eriksbo;1659;1659;0;2014_riksdagsval_per_valdistrikt.xls
2014;rd;14807011;Västra Hisingen, Biskopsgården, N;1330;1330;0;2014_riksdagsval_per_valdistrikt.xls
2014;rd;14807012;Västra Hisingen, Svarte Mosse;1171;1171;0;2014_riksdagsval_per_valdistrikt.xls
2014;rd;14807021;Västra Hisingen, Länsmansgården, C;1155;1155;0;2014_riksdagsval_per_valdistrikt.xls
2014;rd;14807022;Västra Hisingen, Länsmansgården, N;1177;1177;0;2014_riksdagsval_per_valdistrikt.xls
2014;rd;14807023;Västra Hisingen, Länsmansgården, S;853;853;0;2014_riksdagsval_per_valdistrikt.xls
2014;rd;14807031;Västra Hisingen, Badvädersgatan m fl;1155;1155;0;2014_riksdagsval_per_valdistrikt.xls
2014;rd;14807032;Västra Hisingen, Stackmolnsg. m fl;1409;1409;0;2014_riksdagsval_per_valdistrikt.xls
2014;rd;14807041;Västra Hisingen, Andalen;1778;1778;0;2014_riksdagsval_per_valdistrikt.xls
2014;rd;14807042;Västra Hisingen, Hjuvik;1627;1627;0;2014_riksdagsval_per_valdistrikt.xls
2014;rd;14807043;Västra Hisingen, Hällsvik;1469;1469;0;2014_riksdagsval_per_valdistrikt.xls
2014;rd;14807051;Västra Hisingen, Amhult-Arendal;1285;1285;0;2014_riksdagsval_per_valdistrikt.xls
2014;rd;14807052;Västra Hisingen, Domarringen m fl;1468;1468;0;2014_riksdagsval_per_valdistrikt.xls
2014;rd;14807053;Västra Hisingen, Nolered;1456;1456;0;2014_riksdagsval_per_valdistrikt.xls
2014;rd;14807054;Västra Hisingen, Torslanda;1797;1797;0;2014_riksdagsval_per_valdistrikt.xls
2014;rd;14807055;Västra Hisingen, Tumlehed;1532;1532;0;2014_riksdagsval_per_valdistrikt.xls
2014;rd;14807061;Västra Hisingen, Björlanda;1616;1616;0;2014_riksdagsval_per_valdistrikt.xls
2014;rd;14807062;Västra Hisingen, Kvisljungeby;1168;1168;0;2014_riksdagsval_per_valdistrikt.xls
2014;rd;14807063;Västra Hisingen, Lilleby;1482;1482;0;2014_riksdagsval_per_valdistrikt.xls
2014;rd;14807064;Västra Hisingen, Älvegården m fl;1135;1135;0;2014_riksdagsval_per_valdistrikt.xls
2014;rd;14807081;Västra Hisingen, Biskopsgården, S;1125;1125;0;2014_riksdagsval_per_valdistrikt.xls
2014;rd;14807082;Västra Hisingen, Treröset;1323;1323;0;2014_riksdagsval_per_valdistrikt.xls
2014;rd;14807083;Västra Hisingen, Vårväderstorget;1609;1609;0;2014_riksdagsval_per_valdistrikt.xls
2014;rd;14807084;Västra Hisingen, Väderlekstorget;914;914;0;2014_riksdagsval_per_valdistrikt.xls
2014;rd;14807091;Västra Hisingen, Jättesten;1667;1667;0;2014_riksdagsval_per_valdistrikt.xls
2014;rd;14807092;Västra Hisingen, Kärrmossen;1896;1896;0;2014_riksdagsval_per_valdistrikt.xls
2014;rd;14807093;Västra Hisingen, Svartedalen;1409;1409;0;2014_riksdagsval_per_valdistrikt.xls
2014;rf;14801011;Majorna-Linné, Klippan;1738;1738;0;2014_landstingsval_per_valdistrikt.xls
2014;rf;14801012;Majorna-Linné, Kungsladugård;1490;1490;0;2014_landstingsval_per_valdistrikt.xls
2014;rf;14801013;Majorna-Linné, Mariaplan;1338;1338;0;2014_landstingsval_per_valdistrikt.xls
2014;rf;14801014;Majorna-Linné, Silverkällan;1479;1479;0;2014_landstingsval_per_valdistrikt.xls
2014;rf;14801015;Majorna-Linné, Skytteskogen;1715;1715;0;2014_landstingsval_per_valdistrikt.xls
2014;rf;14801016;Majorna-Linné, Svalebo;1298;1298;0;2014_landstingsval_per_valdistrikt.xls
2014;rf;14801021;Majorna-Linné, Sandarne;1780;1780;0;2014_landstingsval_per_valdistrikt.xls
2014;rf;14801031;Majorna-Linné, Godhem;1177;1177;0;2014_landstingsval_per_valdistrikt.xls
2014;rf;14801032;Majorna-Linné, Gråberget;1609;1609;0;2014_landstingsval_per_valdistrikt.xls
2014;rf;14801033;Majorna-Linné, Hängmattan;1508;1508;0;2014_landstingsval_per_valdistrikt.xls
2014;rf;14801034;Majorna-Linné, Majorna;1559;1559;0;2014_landstingsval_per_valdistrikt.xls
2014;rf;14801035;Majorna-Linné, Marieberg;1380;1380;0;2014_landstingsval_per_valdistrikt.xls
2014;rf;14801036;Majorna-Linné, Slottsskogsgatan m fl;1670;1670;0;2014_landstingsval_per_valdistrikt.xls
2014;rf;14801041;Majorna-Linné, Djurgårdsgatan m fl;1613;1613;0;2014_landstingsval_per_valdistrikt.xls
2014;rf;14801042;Majorna-Linné, Gatenhielmska;1297;1297;0;2014_landstingsval_per_valdistrikt.xls
2014;rf;14801043;Majorna-Linné, Karl Johans torg;1778;1778;0;2014_landstingsval_per_valdistrikt.xls
2014;rf;14801044;Majorna-Linné, Söderlingska ängen;1406;1406;0;2014_landstingsval_per_valdistrikt.xls
2014;rf;14801051;Majorna-Linné, Masthugget, Nedre;1336;1336;0;2014_landstingsval_per_valdistrikt.xls
2014;rf;14801052;Majorna-Linné, Masthugget, Övre;1555;1555;0;2014_landstingsval_per_valdistrikt.xls
2014;rf;14801053;Majorna-Linné, Masthuggstorget;1320;1320;0;2014_landstingsval_per_valdistrikt.xls
2014;rf;14801054;Majorna-Linné, Oscar Fredrik;1332;1332;0;2014_landstingsval_per_valdistrikt.xls
2014;rf;14801055;Majorna-Linné, Slottsskogen;1129;1129;0;2014_landstingsval_per_valdistrikt.xls
2014;rf;14801056;Majorna-Linné, Stigberget;1538;1538;0;2014_landstingsval_per_valdistrikt.xls
2014;rf;14801057;Majorna-Linné, Vegastaden;1267;1267;0;2014_landstingsval_per_valdistrikt.xls
2014;rf;14801061;Majorna-Linné, Änggården;1266;1266;0;2014_landstingsval_per_valdistrikt.xls
2014;rf;14801071;Majorna-Linné, Haga;1741;1741;0;2014_landstingsval_per_valdistrikt.xls
2014;rf;14801072;Majorna-Linné, Skansberget;1615;1615;0;2014_landstingsval_per_valdistrikt.xls
2014;rf;14801081;Majorna-Linné, Annedal;1935;1935;0;2014_landstingsval_per_valdistrikt.xls
2014;rf;14801082;Majorna-Linné, Nilssonsberg;1794;1794;0;2014_landstingsval_per_valdistrikt.xls
2014;rf;14801091;Majorna-Linné, Kommendantsängen;1261;1261;0;2014_landstingsval_per_valdistrikt.xls
2014;rf;14801092;Majorna-Linné, Linné;1532;1532;0;2014_landstingsval_per_valdistrikt.xls
2014;rf;14801093;Majorna-Linné, Linnéplatsen;1065;1065;0;2014_landstingsval_per_valdistrikt.xls
2014;rf;14801094;Majorna-Linné, Långgatorna;1641;1641;0;2014_landstingsval_per_valdistrikt.xls
2014;rf;14801095;Majorna-Linné, Olivedal;1698;1698;0;2014_landstingsval_per_valdistrikt.xls
2014;rf;14801096;Majorna-Linné, Risåsen;1149;1149;0;2014_landstingsval_per_valdistrikt.xls
2014;rf;14801097;Majorna-Linné, Sveaplan;1375;1375;0;2014_landstingsval_per_valdistrikt.xls
2014;rf;14801101;Centrum, Framnäs;1574;1574;0;2014_landstingsval_per_valdistrikt.xls
2014;rf;14801102;Centrum, Fredriksdal;1029;1029;0;2014_landstingsval_per_valdistrikt.xls
2014;rf;14801103;Centrum, Fridkullagatan m fl;1516;1516;0;2014_landstingsval_per_valdistrikt.xls
2014;rf;14801104;Centrum, Getebergsäng;1479;1479;0;2014_landstingsval_per_valdistrikt.xls
2014;rf;14801105;Centrum, Kristinehöjd;1345;1345;0;2014_landstingsval_per_valdistrikt.xls
2014;rf;14801106;Centrum, Krokslätt;1406;1406;0;2014_landstingsval_per_valdistrikt.xls
2014;rf;14801107;Centrum, Mossen;1311;1311;0;2014_landstingsval_per_valdistrikt.xls
2014;rf;14801108;Centrum, Olofshöjd;1125;1125;0;2014_landstingsval_per_valdistrikt.xls
2014;rf;14801111;Centrum, Eklanda;1706;1706;0;2014_landstingsval_per_valdistrikt.xls
2014;rf;14801112;Centrum, Johanneberg, Nedre;1958;1958;0;2014_landstingsval_per_valdistrikt.xls
2014;rf;14801113;Centrum, Johanneberg, Södra;1455;1455;0;2014_landstingsval_per_valdistrikt.xls
2014;rf;14801114;Centrum, Johanneberg, Övre;1501;1501;0;2014_landstingsval_per_valdistrikt.xls
2014;rf;14801121;Centrum, Landala;1334;1334;0;2014_landstingsval_per_valdistrikt.xls
2014;rf;14801122;Centrum, Landalabergen m fl;1522;1522;0;2014_landstingsval_per_valdistrikt.xls
2014;rf;14801123;Centrum, Landalagången m fl;1182;1182;0;2014_landstingsval_per_valdistrikt.xls
2014;rf;14801131;Centrum, Doktor Forselius gata m fl;1373;1373;0;2014_landstingsval_per_valdistrikt.xls
2014;rf;14801132;Centrum, Guldheden vattentornet;1727;1727;0;2014_landstingsval_per_valdistrikt.xls
2014;rf;14801133;Centrum, Guldheden, Centrala;1205;1205;0;2014_landstingsval_per_valdistrikt.xls
2014;rf;14801134;Centrum, Guldheden, Norra;1463;1463;0;2014_landstingsval_per_valdistrikt.xls
2014;rf;14801135;Centrum, Guldheden, Södra;1323;1323;0;2014_landstingsval_per_valdistrikt.xls
2014;rf;14801136;Centrum, Landala Egnahem;1310;1310;0;2014_landstingsval_per_valdistrikt.xls
2014;rf;14801141;Centrum, Lorensberg;1661;1661;0;2014_landstingsval_per_valdistrikt.xls
2014;rf;14801151;Centrum, Valand;1169;1169;0;2014_landstingsval_per_valdistrikt.xls
2014;rf;14801152;Centrum, Vasastaden, Norra;1517;1517;0;2014_landstingsval_per_valdistrikt.xls
2014;rf;14801153;Centrum, Vasastaden, Södra;1721;1721;0;2014_landstingsval_per_valdistrikt.xls
2014;rf;14801154;Centrum, Vasastaden, Östra;1492;1492;0;2014_landstingsval_per_valdistrikt.xls
2014;rf;14801161;Centrum, Inom Vallgraven;1811;1811;0;2014_landstingsval_per_valdistrikt.xls
2014;rf;14801162;Centrum, Nordstan-Otterhällan;1787;1787;0;2014_landstingsval_per_valdistrikt.xls
2014;rf;14801171;Centrum, Friggagatan-Stampen;1447;1447;0;2014_landstingsval_per_valdistrikt.xls
2014;rf;14801172;Centrum, Gullbergsvass-Svingeln;1725;1725;0;2014_landstingsval_per_valdistrikt.xls
2014;rf;14801173;Centrum, Gårda, Norra;1152;1152;0;2014_landstingsval_per_valdistrikt.xls
2014;rf;14801174;Centrum, Odinsgatan-Stampen;1628;1628;0;2014_landstingsval_per_valdistrikt.xls
2014;rf;14801181;Centrum, Bohusgatan m fl;1462;1462;0;2014_landstingsval_per_valdistrikt.xls
2014;rf;14801182;Centrum, Gårda, Södra;1204;1204;0;2014_landstingsval_per_valdistrikt.xls
2014;rf;14801183;Centrum, Heden;1390;1390;0;2014_landstingsval_per_valdistrikt.xls
2014;rf;14801184;Centrum, Hedås;1198;1198;0;2014_landstingsval_per_valdistrikt.xls
2014;rf;14802011;Örgryte-Härlanda, Gubbero;1240;1240;0;2014_landstingsval_per_valdistrikt.xls
2014;rf;14802012;Örgryte-Härlanda, Olskroken;1377;1377;0;2014_landstingsval_per_valdistrikt.xls
2014;rf;14802013;Örgryte-Härlanda, Redberget;1189;1189;0;2014_landstingsval_per_valdistrikt.xls
2014;rf;14802014;Örgryte-Härlanda, Redbergsplatsen;1171;1171;0;2014_landstingsval_per_valdistrikt.xls
2014;rf;14802021;Örgryte-Härlanda, Bagaregården;1049;1049;0;2014_landstingsval_per_valdistrikt.xls
2014;rf;14802022;Örgryte-Härlanda, Ånäs;1183;1183;0;2014_landstingsval_per_valdistrikt.xls
2014;rf;14802031;Örgryte-Härlanda, Redbergslid;1709;1709;0;2014_landstingsval_per_valdistrikt.xls
2014;rf;14802032;Örgryte-Härlanda, Strömmensberg;1404;1404;0;2014_landstingsval_per_valdistrikt.xls
2014;rf;14802041;Örgryte-Härlanda, Kallebäck, Västra;1460;1460;0;2014_landstingsval_per_valdistrikt.xls
2014;rf;14802042;Örgryte-Härlanda, Kallebäck, Östra;1692;1692;0;2014_landstingsval_per_valdistrikt.xls
2014;rf;14802051;Örgryte-Härlanda, Jakobsdal;1377;1377;0;2014_landstingsval_per_valdistrikt.xls
2014;rf;14802052;Örgryte-Härlanda, Skår, Norra;1082;1082;0;2014_landstingsval_per_valdistrikt.xls
2014;rf;14802053;Örgryte-Härlanda, Skår, Södra;1226;1226;0;2014_landstingsval_per_valdistrikt.xls
2014;rf;14802061;Örgryte-Härlanda, Bö;983;983;0;2014_landstingsval_per_valdistrikt.xls
2014;rf;14802062;Örgryte-Härlanda, Örgryte;1003;1003;0;2014_landstingsval_per_valdistrikt.xls
2014;rf;14802071;Örgryte-Härlanda, Torp;1812;1812;0;2014_landstingsval_per_valdistrikt.xls
2014;rf;14802081;Örgryte-Härlanda, Kärralund;1732;1732;0;2014_landstingsval_per_valdistrikt.xls
2014;rf;14802082;Örgryte-Härlanda, Lunden, Gamla;1508;1508;0;2014_landstingsval_per_valdistrikt.xls
2014;rf;14802083;Örgryte-Härlanda, Lunden, Nya;1676;1676;0;2014_landstingsval_per_valdistrikt.xls
2014;rf;14802084;Örgryte-Härlanda, Nobelplatsen;1381;1381;0;2014_landstingsval_per_valdistrikt.xls
2014;rf;14802085;Örgryte-Härlanda, Sankt Pauli;1665;1665;0;2014_landstingsval_per_valdistrikt.xls
2014;rf;14802086;Örgryte-Härlanda, Överås;1764;1764;0;2014_landstingsval_per_valdistrikt.xls
2014;rf;14802091;Örgryte-Härlanda, Härlanda;1276;1276;0;2014_landstingsval_per_valdistrikt.xls
2014;rf;14802101;Örgryte-Härlanda, Kålltorp, Norra;1307;1307;0;2014_landstingsval_per_valdistrikt.xls
2014;rf;14802102;Örgryte-Härlanda, Kålltorp, Södra;1220;1220;0;2014_landstingsval_per_valdistrikt.xls
2014;rf;14802103;Örgryte-Härlanda, Kålltorp, Västra;1067;1067;0;2014_landstingsval_per_valdistrikt.xls
2014;rf;14802104;Örgryte-Härlanda, Kålltorp, Östra;1091;1091;0;2014_landstingsval_per_valdistrikt.xls
2014;rf;14802105;Örgryte-Härlanda, Munkebäck, Norra;1158;1158;0;2014_landstingsval_per_valdistrikt.xls
2014;rf;14802106;Örgryte-Härlanda, Munkebäck, Södra;1319;1319;0;2014_landstingsval_per_valdistrikt.xls
2014;rf;14802111;Örgryte-Härlanda, Fräntorp;1126;1126;0;2014_landstingsval_per_valdistrikt.xls
2014;rf;14802112;Örgryte-Härlanda, Torpa;1832;1832;0;2014_landstingsval_per_valdistrikt.xls
2014;rf;14802121;Örgryte-Härlanda, Björkekärr, Norra;904;904;0;2014_landstingsval_per_valdistrikt.xls
2014;rf;14802122;Örgryte-Härlanda, Björkekärr, Södra;1397;1397;0;2014_landstingsval_per_valdistrikt.xls
2014;rf;14802123;Örgryte-Härlanda, Björkekärr, Västra;1375;1375;0;2014_landstingsval_per_valdistrikt.xls
2014;rf;14802124;Örgryte-Härlanda, Björkekärr, Östra;1286;1286;0;2014_landstingsval_per_valdistrikt.xls
2014;rf;14802125;Örgryte-Härlanda, Robertshöjd m fl;1612;1612;0;2014_landstingsval_per_valdistrikt.xls
2014;rf;14803011;Östra Göteborg, Bellevue;1311;1311;0;2014_landstingsval_per_valdistrikt.xls
2014;rf;14803012;Östra Göteborg, Gamlestaden;1352;1352;0;2014_landstingsval_per_valdistrikt.xls
2014;rf;14803013;Östra Göteborg, Kviberg, Västra;1606;1606;0;2014_landstingsval_per_valdistrikt.xls
2014;rf;14803014;Östra Göteborg, Kviberg, Östra;1213;1213;0;2014_landstingsval_per_valdistrikt.xls
2014;rf;14803015;Östra Göteborg, Nylöse;1552;1552;0;2014_landstingsval_per_valdistrikt.xls
2014;rf;14803021;Östra Göteborg, Fjällbo;1539;1539;0;2014_landstingsval_per_valdistrikt.xls
2014;rf;14803022;Östra Göteborg, Utby;1476;1476;0;2014_landstingsval_per_valdistrikt.xls
2014;rf;14803023;Östra Göteborg, Utbynäs;1131;1131;0;2014_landstingsval_per_valdistrikt.xls
2014;rf;14803031;Östra Göteborg, Gregorianska g. m fl;1503;1503;0;2014_landstingsval_per_valdistrikt.xls
2014;rf;14803032;Östra Göteborg, Kortedala Centrum;1560;1560;0;2014_landstingsval_per_valdistrikt.xls
2014;rf;14803033;Östra Göteborg, Kortedala, Södra;1339;1339;0;2014_landstingsval_per_valdistrikt.xls
2014;rf;14803034;Östra Göteborg, Kortedala, Västra;1459;1459;0;2014_landstingsval_per_valdistrikt.xls
2014;rf;14803035;Östra Göteborg, Kortedala, Östra;1760;1760;0;2014_landstingsval_per_valdistrikt.xls
2014;rf;14803041;Östra Göteborg, Adventsparken;1549;1549;0;2014_landstingsval_per_valdistrikt.xls
2014;rf;14803042;Östra Göteborg, Kortedala, Norra;1798;1798;0;2014_landstingsval_per_valdistrikt.xls
2014;rf;14803043;Östra Göteborg, Månadsgatorna m fl;1691;1691;0;2014_landstingsval_per_valdistrikt.xls
2014;rf;14803051;Östra Göteborg, Bergsjön, Norra;1105;1105;0;2014_landstingsval_per_valdistrikt.xls
2014;rf;14803052;Östra Göteborg, Gärdsmosse;1442;1442;0;2014_landstingsval_per_valdistrikt.xls
2014;rf;14803053;Östra Göteborg, Gärdsås;1035;1035;0;2014_landstingsval_per_valdistrikt.xls
2014;rf;14803054;Östra Göteborg, Siriusgatan;1900;1900;0;2014_landstingsval_per_valdistrikt.xls
2014;rf;14803061;Östra Göteborg, Bergsjön, Södra;1614;1614;0;2014_landstingsval_per_valdistrikt.xls
2014;rf;14803062;Östra Göteborg, Bergsjön, Östra;1518;1518;0;2014_landstingsval_per_valdistrikt.xls
2014;rf;14803063;Östra Göteborg, Komettorget;1640;1640;0;2014_landstingsval_per_valdistrikt.xls
2014;rf;14803064;Östra Göteborg, Rymdtorget;1049;1049;0;2014_landstingsval_per_valdistrikt.xls
2014;rf;14804021;Lundby, Bjurslätt;1871;1871;0;2014_landstingsval_per_valdistrikt.xls
2014;rf;14804022;Lundby, Flunsås;1530;1530;0;2014_landstingsval_per_valdistrikt.xls
2014;rf;14804023;Lundby, Kvillebäcken, Norra;1487;1487;0;2014_landstingsval_per_valdistrikt.xls
2014;rf;14804024;Lundby, Kvillebäcken, Södra;1454;1454;0;2014_landstingsval_per_valdistrikt.xls
2014;rf;14804025;Lundby, Kvillebäcken, Östra;1089;1089;0;2014_landstingsval_per_valdistrikt.xls
2014;rf;14804026;Lundby, Wieselgrensplatsen;1212;1212;0;2014_landstingsval_per_valdistrikt.xls
2014;rf;14804031;Lundby, Hilldedal;1332;1332;0;2014_landstingsval_per_valdistrikt.xls
2014;rf;14804032;Lundby, Slätta Damm;1775;1775;0;2014_landstingsval_per_valdistrikt.xls
2014;rf;14804041;Lundby, Kärrdalen;1423;1423;0;2014_landstingsval_per_valdistrikt.xls
2014;rf;14804042;Lundby, Tolered, Norra;1210;1210;0;2014_landstingsval_per_valdistrikt.xls
2014;rf;14804043;Lundby, Tolered, Södra;1162;1162;0;2014_landstingsval_per_valdistrikt.xls
2014;rf;14804051;Norra Hisingen, Glöstorp;1296;1296;0;2014_landstingsval_per_valdistrikt.xls
2014;rf;14804052;Norra Hisingen, Gunnestorp;1642;1642;0;2014_landstingsval_per_valdistrikt.xls
2014;rf;14804053;Norra Hisingen, Norumshöjd;1489;1489;0;2014_landstingsval_per_valdistrikt.xls
2014;rf;14804054;Norra Hisingen, Tuve;1581;1581;0;2014_landstingsval_per_valdistrikt.xls
2014;rf;14804055;Norra Hisingen, Tången;1270;1270;0;2014_landstingsval_per_valdistrikt.xls
2014;rf;14804061;Norra Hisingen, Säve;1683;1683;0;2014_landstingsval_per_valdistrikt.xls
2014;rf;14804071;Norra Hisingen, Gerrebacka-Ingebäck;1425;1425;0;2014_landstingsval_per_valdistrikt.xls
2014;rf;14804072;Norra Hisingen, Kärra, Norra;1144;1144;0;2014_landstingsval_per_valdistrikt.xls
2014;rf;14804073;Norra Hisingen, Kärra, Södra;1312;1312;0;2014_landstingsval_per_valdistrikt.xls
2014;rf;14804074;Norra Hisingen, Kärra, Västra;1249;1249;0;2014_landstingsval_per_valdistrikt.xls
2014;rf;14804075;Norra Hisingen, Kärra, Östra;1353;1353;0;2014_landstingsval_per_valdistrikt.xls
2014;rf;14804076;Norra Hisingen, Mysterna-Svankälla;1357;1357;0;2014_landstingsval_per_valdistrikt.xls
2014;rf;14804081;Norra Hisingen, Rödbo;700;700;0;2014_landstingsval_per_valdistrikt.xls
2014;rf;14804091;Norra Hisingen, Skogome-Sankt Jörgen;1936;1936;0;2014_landstingsval_per_valdistrikt.xls
2014;rf;14804101;Norra Hisingen, Aröd;1756;1756;0;2014_landstingsval_per_valdistrikt.xls
2014;rf;14804102;Norra Hisingen, Backa-Tingstad;1675;1675;0;2014_landstingsval_per_valdistrikt.xls
2014;rf;14804103;Norra Hisingen, Brunnsbo;1675;1675;0;2014_landstingsval_per_valdistrikt.xls
2014;rf;14804121;Norra Hisingen, Backa;1573;1573;0;2014_landstingsval_per_valdistrikt.xls
2014;rf;14804122;Norra Hisingen, Backa Röd;1250;1250;0;2014_landstingsval_per_valdistrikt.xls
2014;rf;14804123;Norra Hisingen, Bällskär;1645;1645;0;2014_landstingsval_per_valdistrikt.xls
2014;rf;14804124;Norra Hisingen, Wadköpingsgatan;1496;1496;0;2014_landstingsval_per_valdistrikt.xls
2014;rf;14804131;Norra Hisingen, Backadalen;1441;1441;0;2014_landstingsval_per_valdistrikt.xls
2014;rf;14804132;Norra Hisingen, Bäckebol;1020;1020;0;2014_landstingsval_per_valdistrikt.xls
2014;rf;14804133;Norra Hisingen, Selma Lagerlöfs torg;1250;1250;0;2014_landstingsval_per_valdistrikt.xls
2014;rf;14804134;Norra Hisingen, Skälltorp;1705;1705;0;2014_landstingsval_per_valdistrikt.xls
2014;rf;14804135;Norra Hisingen, Åketorp;1642;1642;0;2014_landstingsval_per_valdistrikt.xls
2014;rf;14804141;Lundby, Bräcke, Norra;1365;1365;0;2014_landstingsval_per_valdistrikt.xls
2014;rf;14804142;Lundby, Bräcke, Södra;1188;1188;0;2014_landstingsval_per_valdistrikt.xls
2014;rf;14804143;Lundby, Kyrkbyn;1438;1438;0;2014_landstingsval_per_valdistrikt.xls
2014;rf;14804144;Lundby, Lundby, Norra;1221;1221;0;2014_landstingsval_per_valdistrikt.xls
2014;rf;14804145;Lundby, Lundby, Södra;1098;1098;0;2014_landstingsval_per_valdistrikt.xls
2014;rf;14804151;Lundby, Brämaregården, Norra;1218;1218;0;2014_landstingsval_per_valdistrikt.xls
2014;rf;14804152;Lundby, Brämaregården, Östra;1384;1384;0;2014_landstingsval_per_valdistrikt.xls
2014;rf;14804153;Lundby, Brämaregården-Rambergsstaden;1488;1488;0;2014_landstingsval_per_valdistrikt.xls
2014;rf;14804154;Lundby, Porslinsfabriken;1285;1285;0;2014_landstingsval_per_valdistrikt.xls
2014;rf;14804155;Lundby, Rambergsstaden, Norra;1247;1247;0;2014_landstingsval_per_valdistrikt.xls
2014;rf;14804156;Lundby, Rambergsstaden, Västra;1367;1367;0;2014_landstingsval_per_valdistrikt.xls
2014;rf;14804161;Lundby, Eriksberg Sjöporten;1453;1453;0;2014_landstingsval_per_valdistrikt.xls
2014;rf;14804162;Lundby, Eriksberg, Västra;1148;1148;0;2014_landstingsval_per_valdistrikt.xls
2014;rf;14804163;Lundby, Eriksberg, Östra;1281;1281;0;2014_landstingsval_per_valdistrikt.xls
2014;rf;14804164;Lundby, Pölsebo-Bratterås;1379;1379;0;2014_landstingsval_per_valdistrikt.xls
2014;rf;14804165;Lundby, Sannegården;1450;1450;0;2014_landstingsval_per_valdistrikt.xls
2014;rf;14804171;Lundby, Lindholmen;1574;1574;0;2014_landstingsval_per_valdistrikt.xls
2014;rf;14804172;Lundby, Lundbyvassen;1370;1370;0;2014_landstingsval_per_valdistrikt.xls
2014;rf;14805011;Västra Göteborg, Björnekulla;1442;1442;0;2014_landstingsval_per_valdistrikt.xls
2014;rf;14805012;Västra Göteborg, Fiskebäck, Norra;1408;1408;0;2014_landstingsval_per_valdistrikt.xls
2014;rf;14805013;Västra Göteborg, Fiskebäck, Södra;1151;1151;0;2014_landstingsval_per_valdistrikt.xls
2014;rf;14805014;Västra Göteborg, Påvelund;1603;1603;0;2014_landstingsval_per_valdistrikt.xls
2014;rf;14805021;Västra Göteborg, Långedrag;1529;1529;0;2014_landstingsval_per_valdistrikt.xls
2014;rf;14805031;Västra Göteborg, Hagen;1490;1490;0;2014_landstingsval_per_valdistrikt.xls
2014;rf;14805032;Västra Göteborg, Nya Varvet;1492;1492;0;2014_landstingsval_per_valdistrikt.xls
2014;rf;14805033;Västra Göteborg, Tångudden;1317;1317;0;2014_landstingsval_per_valdistrikt.xls
2014;rf;14805041;Västra Göteborg, Ekebäck;1458;1458;0;2014_landstingsval_per_valdistrikt.xls
2014;rf;14805042;Västra Göteborg, Grimmered;1693;1693;0;2014_landstingsval_per_valdistrikt.xls
2014;rf;14805051;Västra Göteborg, Brännö-Asperö;1015;1015;0;2014_landstingsval_per_valdistrikt.xls
2014;rf;14805052;Västra Göteborg, Donsö-Vrångö;1354;1354;0;2014_landstingsval_per_valdistrikt.xls
2014;rf;14805053;Västra Göteborg, Styrsö-Köpstadsö;1140;1140;0;2014_landstingsval_per_valdistrikt.xls
2014;rf;14805061;Västra Göteborg, Bratthammar;1925;1925;0;2014_landstingsval_per_valdistrikt.xls
2014;rf;14805071;Västra Göteborg, Beryllg.-Guldringen;1847;1847;0;2014_landstingsval_per_valdistrikt.xls
2014;rf;14805081;Västra Göteborg, Tynnered;2055;2055;0;2014_landstingsval_per_valdistrikt.xls
2014;rf;14805091;Askim-Frölunda-Högsbo, Kavås;1233;1233;0;2014_landstingsval_per_valdistrikt.xls
2014;rf;14805092;Askim-Frölunda-Högsbo, Kaverös, N;1241;1241;0;2014_landstingsval_per_valdistrikt.xls
2014;rf;14805093;Askim-Frölunda-Högsbo, Kaverös, S;1172;1172;0;2014_landstingsval_per_valdistrikt.xls
2014;rf;14805101;Askim-Frölunda-Högsbo, Flatås, V;1585;1585;0;2014_landstingsval_per_valdistrikt.xls
2014;rf;14805111;Askim-Frölunda-Högsbo, Högsbohöjd, N;1395;1395;0;2014_landstingsval_per_valdistrikt.xls
2014;rf;14805112;Askim-Frölunda-Högsbo, Högsbohöjd, S;1526;1526;0;2014_landstingsval_per_valdistrikt.xls
2014;rf;14805121;Askim-Frölunda-Högsbo, Högsbo;1397;1397;0;2014_landstingsval_per_valdistrikt.xls
2014;rf;14805122;Askim-Frölunda-Högsbo, Högsbotorp, V;1488;1488;0;2014_landstingsval_per_valdistrikt.xls
2014;rf;14805123;Askim-Frölunda-Högsbo, Högsbotorp, Ö;1378;1378;0;2014_landstingsval_per_valdistrikt.xls
2014;rf;14805124;Askim-Frölunda-Högsbo, Marklandsg.;1619;1619;0;2014_landstingsval_per_valdistrikt.xls
2014;rf;14805131;Askim-Frölunda-Högsbo, Spinetten;954;954;0;2014_landstingsval_per_valdistrikt.xls
2014;rf;14805132;Askim-Frölunda-Högsbo, Tofta;1404;1404;0;2014_landstingsval_per_valdistrikt.xls
2014;rf;14805141;Askim-Frölunda-Högsbo, Ruddalen;1920;1920;0;2014_landstingsval_per_valdistrikt.xls
2014;rf;14805151;Askim-Frölunda-Högsbo, Järnbrott, V;1831;1831;0;2014_landstingsval_per_valdistrikt.xls
2014;rf;14805152;Askim-Frölunda-Högsbo, Järnbrott, Ö;1373;1373;0;2014_landstingsval_per_valdistrikt.xls
2014;rf;14805161;Askim-Frölunda-Högsbo, Flatås, Ö;1282;1282;0;2014_landstingsval_per_valdistrikt.xls
2014;rf;14805171;Askim-Frölunda-Högsbo, Frölunda;971;971;0;2014_landstingsval_per_valdistrikt.xls
2014;rf;14805172;Askim-Frölunda-Högsbo, Frölunda Torg;1381;1381;0;2014_landstingsval_per_valdistrikt.xls
2014;rf;14805173;Askim-Frölunda-Högsbo, Gånglåten;1080;1080;0;2014_landstingsval_per_valdistrikt.xls
2014;rf;14805174;Askim-Frölunda-Högsbo, Mandolingatan;1112;1112;0;2014_landstingsval_per_valdistrikt.xls
2014;rf;14805181;Västra Göteborg, Korsåsen;1492;1492;0;2014_landstingsval_per_valdistrikt.xls
2014;rf;14805182;Västra Göteborg, Ängås;1397;1397;0;2014_landstingsval_per_valdistrikt.xls
2014;rf;14805191;Västra Göteborg, Önnered, Västra;1396;1396;0;2014_landstingsval_per_valdistrikt.xls
2014;rf;14805192;Västra Göteborg, Önnered, Östra;1523;1523;0;2014_landstingsval_per_valdistrikt.xls
2014;rf;14805201;Västra Göteborg, Grevegården;1362;1362;0;2014_landstingsval_per_valdistrikt.xls
2014;rf;14805202;Västra Göteborg, Skattegården;1578;1578;0;2014_landstingsval_per_valdistrikt.xls
2014;rf;14805211;Västra Göteborg, Näset, Norra;1666;1666;0;2014_landstingsval_per_valdistrikt.xls
2014;rf;14805212;Västra Göteborg, Näset, Södra;1382;1382;0;2014_landstingsval_per_valdistrikt.xls
2014;rf;14805213;Västra Göteborg, Åkered;1470;1470;0;2014_landstingsval_per_valdistrikt.xls
2014;rf;14805221;Västra Göteborg, Opaltorget, Norra;1386;1386;0;2014_landstingsval_per_valdistrikt.xls
2014;rf;14805222;Västra Göteborg, Opaltorget, Södra;1000;1000;0;2014_landstingsval_per_valdistrikt.xls
2014;rf;14805231;Askim-Frölunda-Högsbo, Askim;1241;1241;0;2014_landstingsval_per_valdistrikt.xls
2014;rf;14805232;Askim-Frölunda-Högsbo, Hovås, Norra;1131;1131;0;2014_landstingsval_per_valdistrikt.xls
2014;rf;14805233;Askim-Frölunda-Högsbo, Hult;1218;1218;0;2014_landstingsval_per_valdistrikt.xls
2014;rf;14805234;Askim-Frölunda-Högsbo, Pilegården;1226;1226;0;2014_landstingsval_per_valdistrikt.xls
2014;rf;14805235;Askim-Frölunda-Högsbo, Sisjön, Norra;1500;1500;0;2014_landstingsval_per_valdistrikt.xls
2014;rf;14805236;Askim-Frölunda-Högsbo, Sisjön, Södra;1499;1499;0;2014_landstingsval_per_valdistrikt.xls
2014;rf;14805241;Askim-Frölunda-Högsbo, Hovås, Södra;1062;1062;0;2014_landstingsval_per_valdistrikt.xls
2014;rf;14805242;Askim-Frölunda-Högsbo, Trollåsen;1380;1380;0;2014_landstingsval_per_valdistrikt.xls
2014;rf;14805251;Askim-Frölunda-Högsbo, Billdal;1809;1809;0;2014_landstingsval_per_valdistrikt.xls
2014;rf;14805252;Askim-Frölunda-Högsbo, Brottkärr;949;949;0;2014_landstingsval_per_valdistrikt.xls
2014;rf;14805253;Askim-Frölunda-Högsbo, Lindås;1488;1488;0;2014_landstingsval_per_valdistrikt.xls
2014;rf;14805254;Askim-Frölunda-Högsbo, Lyckhem;1178;1178;0;2014_landstingsval_per_valdistrikt.xls
2014;rf;14805255;Askim-Frölunda-Högsbo, Nygård;1250;1250;0;2014_landstingsval_per_valdistrikt.xls
2014;rf;14805256;Askim-Frölunda-Högsbo, Skintebo;1212;1212;0;2014_landstingsval_per_valdistrikt.xls
2014;rf;14806011;Angered, Lövgärdet, Nedre;2278;2278;0;2014_landstingsval_per_valdistrikt.xls
2014;rf;14806012;Angered, Lövgärdet, Övre;1739;1739;0;2014_landstingsval_per_valdistrikt.xls
2014;rf;14806013;Angered, Lövgärdets Centrum;1296;1296;0;2014_landstingsval_per_valdistrikt.xls
2014;rf;14806021;Angered, Rannebergen, Norra;1753;1753;0;2014_landstingsval_per_valdistrikt.xls
2014;rf;14806022;Angered, Rannebergen, Södra;1675;1675;0;2014_landstingsval_per_valdistrikt.xls
2014;rf;14806031;Angered, Gårdsten, Norra;2039;2039;0;2014_landstingsval_per_valdistrikt.xls
2014;rf;14806032;Angered, Gårdsten, Södra;985;985;0;2014_landstingsval_per_valdistrikt.xls
2014;rf;14806033;Angered, Gårdsten, Västra;1316;1316;0;2014_landstingsval_per_valdistrikt.xls
2014;rf;14806034;Angered, Gårdsten, Östra;1521;1521;0;2014_landstingsval_per_valdistrikt.xls
2014;rf;14806041;Angered, Angereds Centrum;1550;1550;0;2014_landstingsval_per_valdistrikt.xls
2014;rf;14806042;Angered, Trägårdsgärdet;1218;1218;0;2014_landstingsval_per_valdistrikt.xls
2014;rf;14806051;Angered, Agnesberg;761;761;0;2014_landstingsval_per_valdistrikt.xls
2014;rf;14806061;Angered, Hammarkullen, Västra;1831;1831;0;2014_landstingsval_per_valdistrikt.xls
2014;rf;14806062;Angered, Hammarkullen, Östra;1621;1621;0;2014_landstingsval_per_valdistrikt.xls
2014;rf;14806063;Angered, Sandeslätt;1782;1782;0;2014_landstingsval_per_valdistrikt.xls
2014;rf;14806101;Angered, Gunnilse-Linnarhult;1534;1534;0;2014_landstingsval_per_valdistrikt.xls
2014;rf;14806111;Angered, Björsared-Knipared;1521;1521;0;2014_landstingsval_per_valdistrikt.xls
2014;rf;14806112;Angered, Olofstorp;1831;1831;0;2014_landstingsval_per_valdistrikt.xls
2014;rf;14806121;Angered, Bläsebo;1421;1421;0;2014_landstingsval_per_valdistrikt.xls
2014;rf;14806122;Angered, Hjällbo, Norra;1441;1441;0;2014_landstingsval_per_valdistrikt.xls
2014;rf;14806123;Angered, Hjällbo, Södra;1006;1006;0;2014_landstingsval_per_valdistrikt.xls
2014;rf;14806124;Angered, Skolspåret;1115;1115;0;2014_landstingsval_per_valdistrikt.xls
2014;rf;14806131;Angered, Eriksbo;1860;1860;0;2014_landstingsval_per_valdistrikt.xls
2014;rf;14807011;Västra Hisingen, Biskopsgården, N;1701;1701;0;2014_landstingsval_per_valdistrikt.xls
2014;rf;14807012;Västra Hisingen, Svarte Mosse;1496;1496;0;2014_landstingsval_per_valdistrikt.xls
2014;rf;14807021;Västra Hisingen, Länsmansgården, C;1332;1332;0;2014_landstingsval_per_valdistrikt.xls
2014;rf;14807022;Västra Hisingen, Länsmansgården, N;1315;1315;0;2014_landstingsval_per_valdistrikt.xls
2014;rf;14807023;Västra Hisingen, Länsmansgården, S;1065;1065;0;2014_landstingsval_per_valdistrikt.xls
2014;rf;14807031;Västra Hisingen, Badvädersgatan m fl;1286;1286;0;2014_landstingsval_per_valdistrikt.xls
2014;rf;14807032;Västra Hisingen, Stackmolnsg. m fl;1622;1622;0;2014_landstingsval_per_valdistrikt.xls
2014;rf;14807041;Västra Hisingen, Andalen;1811;1811;0;2014_landstingsval_per_valdistrikt.xls
2014;rf;14807042;Västra Hisingen, Hjuvik;1634;1634;0;2014_landstingsval_per_valdistrikt.xls
2014;rf;14807043;Västra Hisingen, Hällsvik;1480;1480;0;2014_landstingsval_per_valdistrikt.xls
2014;rf;14807051;Västra Hisingen, Amhult-Arendal;1325;1325;0;2014_landstingsval_per_valdistrikt.xls
2014;rf;14807052;Västra Hisingen, Domarringen m fl;1471;1471;0;2014_landstingsval_per_valdistrikt.xls
2014;rf;14807053;Västra Hisingen, Nolered;1484;1484;0;2014_landstingsval_per_valdistrikt.xls
2014;rf;14807054;Västra Hisingen, Torslanda;1817;1817;0;2014_landstingsval_per_valdistrikt.xls
2014;rf;14807055;Västra Hisingen, Tumlehed;1510;1510;0;2014_landstingsval_per_valdistrikt.xls
2014;rf;14807061;Västra Hisingen, Björlanda;1648;1648;0;2014_landstingsval_per_valdistrikt.xls
2014;rf;14807062;Västra Hisingen, Kvisljungeby;1183;1183;0;2014_landstingsval_per_valdistrikt.xls
2014;rf;14807063;Västra Hisingen, Lilleby;1508;1508;0;2014_landstingsval_per_valdistrikt.xls
2014;rf;14807064;Västra Hisingen, Älvegården m fl;1159;1159;0;2014_landstingsval_per_valdistrikt.xls
2014;rf;14807081;Västra Hisingen, Biskopsgården, S;1273;1273;0;2014_landstingsval_per_valdistrikt.xls
2014;rf;14807082;Västra Hisingen, Treröset;1562;1562;0;2014_landstingsval_per_valdistrikt.xls
2014;rf;14807083;Västra Hisingen, Vårväderstorget;1753;1753;0;2014_landstingsval_per_valdistrikt.xls
2014;rf;14807084;Västra Hisingen, Väderlekstorget;1027;1027;0;2014_landstingsval_per_valdistrikt.xls
2014;rf;14807091;Västra Hisingen, Jättesten;1814;1814;0;2014_landstingsval_per_valdistrikt.xls
2014;rf;14807092;Västra Hisingen, Kärrmossen;1972;1972;0;2014_landstingsval_per_valdistrikt.xls
2014;rf;14807093;Västra Hisingen, Svartedalen;1531;1531;0;2014_landstingsval_per_valdistrikt.xls
2014;kf;14801011;Majorna-Linné, Klippan;1738;1738;0;2014_kommunval_per_valdistrikt.xlsx
2014;kf;14801012;Majorna-Linné, Kungsladugård;1490;1490;0;2014_kommunval_per_valdistrikt.xlsx
2014;kf;14801013;Majorna-Linné, Mariaplan;1338;1338;0;2014_kommunval_per_valdistrikt.xlsx
2014;kf;14801014;Majorna-Linné, Silverkällan;1479;1479;0;2014_kommunval_per_valdistrikt.xlsx
2014;kf;14801015;Majorna-Linné, Skytteskogen;1715;1715;0;2014_kommunval_per_valdistrikt.xlsx
2014;kf;14801016;Majorna-Linné, Svalebo;1298;1298;0;2014_kommunval_per_valdistrikt.xlsx
2014;kf;14801021;Majorna-Linné, Sandarne;1780;1780;0;2014_kommunval_per_valdistrikt.xlsx
2014;kf;14801031;Majorna-Linné, Godhem;1177;1177;0;2014_kommunval_per_valdistrikt.xlsx
2014;kf;14801032;Majorna-Linné, Gråberget;1609;1609;0;2014_kommunval_per_valdistrikt.xlsx
2014;kf;14801033;Majorna-Linné, Hängmattan;1508;1508;0;2014_kommunval_per_valdistrikt.xlsx
2014;kf;14801034;Majorna-Linné, Majorna;1559;1559;0;2014_kommunval_per_valdistrikt.xlsx
2014;kf;14801035;Majorna-Linné, Marieberg;1380;1380;0;2014_kommunval_per_valdistrikt.xlsx
2014;kf;14801036;Majorna-Linné, Slottsskogsgatan m fl;1670;1670;0;2014_kommunval_per_valdistrikt.xlsx
2014;kf;14801041;Majorna-Linné, Djurgårdsgatan m fl;1613;1613;0;2014_kommunval_per_valdistrikt.xlsx
2014;kf;14801042;Majorna-Linné, Gatenhielmska;1297;1297;0;2014_kommunval_per_valdistrikt.xlsx
2014;kf;14801043;Majorna-Linné, Karl Johans torg;1778;1778;0;2014_kommunval_per_valdistrikt.xlsx
2014;kf;14801044;Majorna-Linné, Söderlingska ängen;1406;1406;0;2014_kommunval_per_valdistrikt.xlsx
2014;kf;14801051;Majorna-Linné, Masthugget, Nedre;1336;1336;0;2014_kommunval_per_valdistrikt.xlsx
2014;kf;14801052;Majorna-Linné, Masthugget, Övre;1555;1555;0;2014_kommunval_per_valdistrikt.xlsx
2014;kf;14801053;Majorna-Linné, Masthuggstorget;1320;1320;0;2014_kommunval_per_valdistrikt.xlsx
2014;kf;14801054;Majorna-Linné, Oscar Fredrik;1332;1332;0;2014_kommunval_per_valdistrikt.xlsx
2014;kf;14801055;Majorna-Linné, Slottsskogen;1129;1129;0;2014_kommunval_per_valdistrikt.xlsx
2014;kf;14801056;Majorna-Linné, Stigberget;1538;1538;0;2014_kommunval_per_valdistrikt.xlsx
2014;kf;14801057;Majorna-Linné, Vegastaden;1267;1267;0;2014_kommunval_per_valdistrikt.xlsx
2014;kf;14801061;Majorna-Linné, Änggården;1266;1266;0;2014_kommunval_per_valdistrikt.xlsx
2014;kf;14801071;Majorna-Linné, Haga;1741;1741;0;2014_kommunval_per_valdistrikt.xlsx
2014;kf;14801072;Majorna-Linné, Skansberget;1615;1615;0;2014_kommunval_per_valdistrikt.xlsx
2014;kf;14801081;Majorna-Linné, Annedal;1935;1935;0;2014_kommunval_per_valdistrikt.xlsx
2014;kf;14801082;Majorna-Linné, Nilssonsberg;1794;1794;0;2014_kommunval_per_valdistrikt.xlsx
2014;kf;14801091;Majorna-Linné, Kommendantsängen;1261;1261;0;2014_kommunval_per_valdistrikt.xlsx
2014;kf;14801092;Majorna-Linné, Linné;1532;1532;0;2014_kommunval_per_valdistrikt.xlsx
2014;kf;14801093;Majorna-Linné, Linnéplatsen;1065;1065;0;2014_kommunval_per_valdistrikt.xlsx
2014;kf;14801094;Majorna-Linné, Långgatorna;1641;1641;0;2014_kommunval_per_valdistrikt.xlsx
2014;kf;14801095;Majorna-Linné, Olivedal;1698;1698;0;2014_kommunval_per_valdistrikt.xlsx
2014;kf;14801096;Majorna-Linné, Risåsen;1149;1149;0;2014_kommunval_per_valdistrikt.xlsx
2014;kf;14801097;Majorna-Linné, Sveaplan;1375;1375;0;2014_kommunval_per_valdistrikt.xlsx
2014;kf;14801101;Centrum, Framnäs;1574;1574;0;2014_kommunval_per_valdistrikt.xlsx
2014;kf;14801102;Centrum, Fredriksdal;1029;1029;0;2014_kommunval_per_valdistrikt.xlsx
2014;kf;14801103;Centrum, Fridkullagatan m fl;1516;1516;0;2014_kommunval_per_valdistrikt.xlsx
2014;kf;14801104;Centrum, Getebergsäng;1479;1479;0;2014_kommunval_per_valdistrikt.xlsx
2014;kf;14801105;Centrum, Kristinehöjd;1345;1345;0;2014_kommunval_per_valdistrikt.xlsx
2014;kf;14801106;Centrum, Krokslätt;1406;1406;0;2014_kommunval_per_valdistrikt.xlsx
2014;kf;14801107;Centrum, Mossen;1311;1311;0;2014_kommunval_per_valdistrikt.xlsx
2014;kf;14801108;Centrum, Olofshöjd;1125;1125;0;2014_kommunval_per_valdistrikt.xlsx
2014;kf;14801111;Centrum, Eklanda;1706;1706;0;2014_kommunval_per_valdistrikt.xlsx
2014;kf;14801112;Centrum, Johanneberg, Nedre;1958;1958;0;2014_kommunval_per_valdistrikt.xlsx
2014;kf;14801113;Centrum, Johanneberg, Södra;1455;1455;0;2014_kommunval_per_valdistrikt.xlsx
2014;kf;14801114;Centrum, Johanneberg, Övre;1501;1501;0;2014_kommunval_per_valdistrikt.xlsx
2014;kf;14801121;Centrum, Landala;1334;1334;0;2014_kommunval_per_valdistrikt.xlsx
2014;kf;14801122;Centrum, Landalabergen m fl;1522;1522;0;2014_kommunval_per_valdistrikt.xlsx
2014;kf;14801123;Centrum, Landalagången m fl;1182;1182;0;2014_kommunval_per_valdistrikt.xlsx
2014;kf;14801131;Centrum, Doktor Forselius gata m fl;1373;1373;0;2014_kommunval_per_valdistrikt.xlsx
2014;kf;14801132;Centrum, Guldheden vattentornet;1727;1727;0;2014_kommunval_per_valdistrikt.xlsx
2014;kf;14801133;Centrum, Guldheden, Centrala;1205;1205;0;2014_kommunval_per_valdistrikt.xlsx
2014;kf;14801134;Centrum, Guldheden, Norra;1463;1463;0;2014_kommunval_per_valdistrikt.xlsx
2014;kf;14801135;Centrum, Guldheden, Södra;1323;1323;0;2014_kommunval_per_valdistrikt.xlsx
2014;kf;14801136;Centrum, Landala Egnahem;1310;1310;0;2014_kommunval_per_valdistrikt.xlsx
2014;kf;14801141;Centrum, Lorensberg;1661;1661;0;2014_kommunval_per_valdistrikt.xlsx
2014;kf;14801151;Centrum, Valand;1169;1169;0;2014_kommunval_per_valdistrikt.xlsx
2014;kf;14801152;Centrum, Vasastaden, Norra;1517;1517;0;2014_kommunval_per_valdistrikt.xlsx
2014;kf;14801153;Centrum, Vasastaden, Södra;1721;1721;0;2014_kommunval_per_valdistrikt.xlsx
2014;kf;14801154;Centrum, Vasastaden, Östra;1492;1492;0;2014_kommunval_per_valdistrikt.xlsx
2014;kf;14801161;Centrum, Inom Vallgraven;1811;1811;0;2014_kommunval_per_valdistrikt.xlsx
2014;kf;14801162;Centrum, Nordstan-Otterhällan;1787;1787;0;2014_kommunval_per_valdistrikt.xlsx
2014;kf;14801171;Centrum, Friggagatan-Stampen;1447;1447;0;2014_kommunval_per_valdistrikt.xlsx
2014;kf;14801172;Centrum, Gullbergsvass-Svingeln;1725;1725;0;2014_kommunval_per_valdistrikt.xlsx
2014;kf;14801173;Centrum, Gårda, Norra;1152;1152;0;2014_kommunval_per_valdistrikt.xlsx
2014;kf;14801174;Centrum, Odinsgatan-Stampen;1628;1628;0;2014_kommunval_per_valdistrikt.xlsx
2014;kf;14801181;Centrum, Bohusgatan m fl;1462;1462;0;2014_kommunval_per_valdistrikt.xlsx
2014;kf;14801182;Centrum, Gårda, Södra;1204;1204;0;2014_kommunval_per_valdistrikt.xlsx
2014;kf;14801183;Centrum, Heden;1390;1390;0;2014_kommunval_per_valdistrikt.xlsx
2014;kf;14801184;Centrum, Hedås;1198;1198;0;2014_kommunval_per_valdistrikt.xlsx
2014;kf;14802011;Örgryte-Härlanda, Gubbero;1240;1240;0;2014_kommunval_per_valdistrikt.xlsx
2014;kf;14802012;Örgryte-Härlanda, Olskroken;1377;1377;0;2014_kommunval_per_valdistrikt.xlsx
2014;kf;14802013;Örgryte-Härlanda, Redberget;1189;1189;0;2014_kommunval_per_valdistrikt.xlsx
2014;kf;14802014;Örgryte-Härlanda, Redbergsplatsen;1171;1171;0;2014_kommunval_per_valdistrikt.xlsx
2014;kf;14802021;Örgryte-Härlanda, Bagaregården;1049;1049;0;2014_kommunval_per_valdistrikt.xlsx
2014;kf;14802022;Örgryte-Härlanda, Ånäs;1183;1183;0;2014_kommunval_per_valdistrikt.xlsx
2014;kf;14802031;Örgryte-Härlanda, Redbergslid;1709;1709;0;2014_kommunval_per_valdistrikt.xlsx
2014;kf;14802032;Örgryte-Härlanda, Strömmensberg;1404;1404;0;2014_kommunval_per_valdistrikt.xlsx
2014;kf;14802041;Örgryte-Härlanda, Kallebäck, Västra;1460;1460;0;2014_kommunval_per_valdistrikt.xlsx
2014;kf;14802042;Örgryte-Härlanda, Kallebäck, Östra;1692;1692;0;2014_kommunval_per_valdistrikt.xlsx
2014;kf;14802051;Örgryte-Härlanda, Jakobsdal;1377;1377;0;2014_kommunval_per_valdistrikt.xlsx
2014;kf;14802052;Örgryte-Härlanda, Skår, Norra;1082;1082;0;2014_kommunval_per_valdistrikt.xlsx
2014;kf;14802053;Örgryte-Härlanda, Skår, Södra;1226;1226;0;2014_kommunval_per_valdistrikt.xlsx
2014;kf;14802061;Örgryte-Härlanda, Bö;983;983;0;2014_kommunval_per_valdistrikt.xlsx
2014;kf;14802062;Örgryte-Härlanda, Örgryte;1003;1003;0;2014_kommunval_per_valdistrikt.xlsx
2014;kf;14802071;Örgryte-Härlanda, Torp;1812;1812;0;2014_kommunval_per_valdistrikt.xlsx
2014;kf;14802081;Örgryte-Härlanda, Kärralund;1732;1732;0;2014_kommunval_per_valdistrikt.xlsx
2014;kf;14802082;Örgryte-Härlanda, Lunden, Gamla;1508;1508;0;2014_kommunval_per_valdistrikt.xlsx
2014;kf;14802083;Örgryte-Härlanda, Lunden, Nya;1676;1676;0;2014_kommunval_per_valdistrikt.xlsx
2014;kf;14802084;Örgryte-Härlanda, Nobelplatsen;1381;1381;0;2014_kommunval_per_valdistrikt.xlsx
2014;kf;14802085;Örgryte-Härlanda, Sankt Pauli;1665;1665;0;2014_kommunval_per_valdistrikt.xlsx
2014;kf;14802086;Örgryte-Härlanda, Överås;1764;1764;0;2014_kommunval_per_valdistrikt.xlsx
2014;kf;14802091;Örgryte-Härlanda, Härlanda;1276;1276;0;2014_kommunval_per_valdistrikt.xlsx
2014;kf;14802101;Örgryte-Härlanda, Kålltorp, Norra;1307;1307;0;2014_kommunval_per_valdistrikt.xlsx
2014;kf;14802102;Örgryte-Härlanda, Kålltorp, Södra;1220;1220;0;2014_kommunval_per_valdistrikt.xlsx
2014;kf;14802103;Örgryte-Härlanda, Kålltorp, Västra;1067;1067;0;2014_kommunval_per_valdistrikt.xlsx
2014;kf;14802104;Örgryte-Härlanda, Kålltorp, Östra;1091;1091;0;2014_kommunval_per_valdistrikt.xlsx
2014;kf;14802105;Örgryte-Härlanda, Munkebäck, Norra;1158;1158;0;2014_kommunval_per_valdistrikt.xlsx
2014;kf;14802106;Örgryte-Härlanda, Munkebäck, Södra;1319;1319;0;2014_kommunval_per_valdistrikt.xlsx
2014;kf;14802111;Örgryte-Härlanda, Fräntorp;1126;1126;0;2014_kommunval_per_valdistrikt.xlsx
2014;kf;14802112;Örgryte-Härlanda, Torpa;1832;1832;0;2014_kommunval_per_valdistrikt.xlsx
2014;kf;14802121;Örgryte-Härlanda, Björkekärr, Norra;904;904;0;2014_kommunval_per_valdistrikt.xlsx
2014;kf;14802122;Örgryte-Härlanda, Björkekärr, Södra;1397;1397;0;2014_kommunval_per_valdistrikt.xlsx
2014;kf;14802123;Örgryte-Härlanda, Björkekärr, Västra;1375;1375;0;2014_kommunval_per_valdistrikt.xlsx
2014;kf;14802124;Örgryte-Härlanda, Björkekärr, Östra;1286;1286;0;2014_kommunval_per_valdistrikt.xlsx
2014;kf;14802125;Örgryte-Härlanda, Robertshöjd m fl;1612;1612;0;2014_kommunval_per_valdistrikt.xlsx
2014;kf;14803011;Östra Göteborg, Bellevue;1311;1311;0;2014_kommunval_per_valdistrikt.xlsx
2014;kf;14803012;Östra Göteborg, Gamlestaden;1352;1352;0;2014_kommunval_per_valdistrikt.xlsx
2014;kf;14803013;Östra Göteborg, Kviberg, Västra;1606;1606;0;2014_kommunval_per_valdistrikt.xlsx
2014;kf;14803014;Östra Göteborg, Kviberg, Östra;1213;1213;0;2014_kommunval_per_valdistrikt.xlsx
2014;kf;14803015;Östra Göteborg, Nylöse;1552;1552;0;2014_kommunval_per_valdistrikt.xlsx
2014;kf;14803021;Östra Göteborg, Fjällbo;1539;1539;0;2014_kommunval_per_valdistrikt.xlsx
2014;kf;14803022;Östra Göteborg, Utby;1476;1476;0;2014_kommunval_per_valdistrikt.xlsx
2014;kf;14803023;Östra Göteborg, Utbynäs;1131;1131;0;2014_kommunval_per_valdistrikt.xlsx
2014;kf;14803031;Östra Göteborg, Gregorianska g. m fl;1503;1503;0;2014_kommunval_per_valdistrikt.xlsx
2014;kf;14803032;Östra Göteborg, Kortedala Centrum;1560;1560;0;2014_kommunval_per_valdistrikt.xlsx
2014;kf;14803033;Östra Göteborg, Kortedala, Södra;1339;1339;0;2014_kommunval_per_valdistrikt.xlsx
2014;kf;14803034;Östra Göteborg, Kortedala, Västra;1459;1459;0;2014_kommunval_per_valdistrikt.xlsx
2014;kf;14803035;Östra Göteborg, Kortedala, Östra;1760;1760;0;2014_kommunval_per_valdistrikt.xlsx
2014;kf;14803041;Östra Göteborg, Adventsparken;1549;1549;0;2014_kommunval_per_valdistrikt.xlsx
2014;kf;14803042;Östra Göteborg, Kortedala, Norra;1798;1798;0;2014_kommunval_per_valdistrikt.xlsx
2014;kf;14803043;Östra Göteborg, Månadsgatorna m fl;1691;1691;0;2014_kommunval_per_valdistrikt.xlsx
2014;kf;14803051;Östra Göteborg, Bergsjön, Norra;1105;1105;0;2014_kommunval_per_valdistrikt.xlsx
2014;kf;14803052;Östra Göteborg, Gärdsmosse;1442;1442;0;2014_kommunval_per_valdistrikt.xlsx
2014;kf;14803053;Östra Göteborg, Gärdsås;1035;1035;0;2014_kommunval_per_valdistrikt.xlsx
2014;kf;14803054;Östra Göteborg, Siriusgatan;1900;1900;0;2014_kommunval_per_valdistrikt.xlsx
2014;kf;14803061;Östra Göteborg, Bergsjön, Södra;1614;1614;0;2014_kommunval_per_valdistrikt.xlsx
2014;kf;14803062;Östra Göteborg, Bergsjön, Östra;1518;1518;0;2014_kommunval_per_valdistrikt.xlsx
2014;kf;14803063;Östra Göteborg, Komettorget;1640;1640;0;2014_kommunval_per_valdistrikt.xlsx
2014;kf;14803064;Östra Göteborg, Rymdtorget;1049;1049;0;2014_kommunval_per_valdistrikt.xlsx
2014;kf;14804021;Lundby, Bjurslätt;1871;1871;0;2014_kommunval_per_valdistrikt.xlsx
2014;kf;14804022;Lundby, Flunsås;1530;1530;0;2014_kommunval_per_valdistrikt.xlsx
2014;kf;14804023;Lundby, Kvillebäcken, Norra;1487;1487;0;2014_kommunval_per_valdistrikt.xlsx
2014;kf;14804024;Lundby, Kvillebäcken, Södra;1454;1454;0;2014_kommunval_per_valdistrikt.xlsx
2014;kf;14804025;Lundby, Kvillebäcken, Östra;1089;1089;0;2014_kommunval_per_valdistrikt.xlsx
2014;kf;14804026;Lundby, Wieselgrensplatsen;1212;1212;0;2014_kommunval_per_valdistrikt.xlsx
2014;kf;14804031;Lundby, Hilldedal;1332;1332;0;2014_kommunval_per_valdistrikt.xlsx
2014;kf;14804032;Lundby, Slätta Damm;1775;1775;0;2014_kommunval_per_valdistrikt.xlsx
2014;kf;14804041;Lundby, Kärrdalen;1423;1423;0;2014_kommunval_per_valdistrikt.xlsx
2014;kf;14804042;Lundby, Tolered, Norra;1210;1210;0;2014_kommunval_per_valdistrikt.xlsx
2014;kf;14804043;Lundby, Tolered, Södra;1162;1162;0;2014_kommunval_per_valdistrikt.xlsx
2014;kf;14804051;Norra Hisingen, Glöstorp;1296;1296;0;2014_kommunval_per_valdistrikt.xlsx
2014;kf;14804052;Norra Hisingen, Gunnestorp;1642;1642;0;2014_kommunval_per_valdistrikt.xlsx
2014;kf;14804053;Norra Hisingen, Norumshöjd;1489;1489;0;2014_kommunval_per_valdistrikt.xlsx
2014;kf;14804054;Norra Hisingen, Tuve;1581;1581;0;2014_kommunval_per_valdistrikt.xlsx
2014;kf;14804055;Norra Hisingen, Tången;1270;1270;0;2014_kommunval_per_valdistrikt.xlsx
2014;kf;14804061;Norra Hisingen, Säve;1683;1683;0;2014_kommunval_per_valdistrikt.xlsx
2014;kf;14804071;Norra Hisingen, Gerrebacka-Ingebäck;1425;1425;0;2014_kommunval_per_valdistrikt.xlsx
2014;kf;14804072;Norra Hisingen, Kärra, Norra;1144;1144;0;2014_kommunval_per_valdistrikt.xlsx
2014;kf;14804073;Norra Hisingen, Kärra, Södra;1312;1312;0;2014_kommunval_per_valdistrikt.xlsx
2014;kf;14804074;Norra Hisingen, Kärra, Västra;1249;1249;0;2014_kommunval_per_valdistrikt.xlsx
2014;kf;14804075;Norra Hisingen, Kärra, Östra;1353;1353;0;2014_kommunval_per_valdistrikt.xlsx
2014;kf;14804076;Norra Hisingen, Mysterna-Svankälla;1357;1357;0;2014_kommunval_per_valdistrikt.xlsx
2014;kf;14804081;Norra Hisingen, Rödbo;700;700;0;2014_kommunval_per_valdistrikt.xlsx
2014;kf;14804091;Norra Hisingen, Skogome-Sankt Jörgen;1936;1936;0;2014_kommunval_per_valdistrikt.xlsx
2014;kf;14804101;Norra Hisingen, Aröd;1756;1756;0;2014_kommunval_per_valdistrikt.xlsx
2014;kf;14804102;Norra Hisingen, Backa-Tingstad;1675;1675;0;2014_kommunval_per_valdistrikt.xlsx
2014;kf;14804103;Norra Hisingen, Brunnsbo;1675;1675;0;2014_kommunval_per_valdistrikt.xlsx
2014;kf;14804121;Norra Hisingen, Backa;1573;1573;0;2014_kommunval_per_valdistrikt.xlsx
2014;kf;14804122;Norra Hisingen, Backa Röd;1250;1250;0;2014_kommunval_per_valdistrikt.xlsx
2014;kf;14804123;Norra Hisingen, Bällskär;1645;1645;0;2014_kommunval_per_valdistrikt.xlsx
2014;kf;14804124;Norra Hisingen, Wadköpingsgatan;1496;1496;0;2014_kommunval_per_valdistrikt.xlsx
2014;kf;14804131;Norra Hisingen, Backadalen;1441;1441;0;2014_kommunval_per_valdistrikt.xlsx
2014;kf;14804132;Norra Hisingen, Bäckebol;1020;1020;0;2014_kommunval_per_valdistrikt.xlsx
2014;kf;14804133;Norra Hisingen, Selma Lagerlöfs torg;1250;1250;0;2014_kommunval_per_valdistrikt.xlsx
2014;kf;14804134;Norra Hisingen, Skälltorp;1705;1705;0;2014_kommunval_per_valdistrikt.xlsx
2014;kf;14804135;Norra Hisingen, Åketorp;1642;1642;0;2014_kommunval_per_valdistrikt.xlsx
2014;kf;14804141;Lundby, Bräcke, Norra;1365;1365;0;2014_kommunval_per_valdistrikt.xlsx
2014;kf;14804142;Lundby, Bräcke, Södra;1188;1188;0;2014_kommunval_per_valdistrikt.xlsx
2014;kf;14804143;Lundby, Kyrkbyn;1438;1438;0;2014_kommunval_per_valdistrikt.xlsx
2014;kf;14804144;Lundby, Lundby, Norra;1221;1221;0;2014_kommunval_per_valdistrikt.xlsx
2014;kf;14804145;Lundby, Lundby, Södra;1098;1098;0;2014_kommunval_per_valdistrikt.xlsx
2014;kf;14804151;Lundby, Brämaregården, Norra;1218;1218;0;2014_kommunval_per_valdistrikt.xlsx
2014;kf;14804152;Lundby, Brämaregården, Östra;1384;1384;0;2014_kommunval_per_valdistrikt.xlsx
2014;kf;14804153;Lundby, Brämaregården-Rambergsstaden;1488;1488;0;2014_kommunval_per_valdistrikt.xlsx
2014;kf;14804154;Lundby, Porslinsfabriken;1285;1285;0;2014_kommunval_per_valdistrikt.xlsx
2014;kf;14804155;Lundby, Rambergsstaden, Norra;1247;1247;0;2014_kommunval_per_valdistrikt.xlsx
2014;kf;14804156;Lundby, Rambergsstaden, Västra;1367;1367;0;2014_kommunval_per_valdistrikt.xlsx
2014;kf;14804161;Lundby, Eriksberg Sjöporten;1453;1453;0;2014_kommunval_per_valdistrikt.xlsx
2014;kf;14804162;Lundby, Eriksberg, Västra;1148;1148;0;2014_kommunval_per_valdistrikt.xlsx
2014;kf;14804163;Lundby, Eriksberg, Östra;1281;1281;0;2014_kommunval_per_valdistrikt.xlsx
2014;kf;14804164;Lundby, Pölsebo-Bratterås;1379;1379;0;2014_kommunval_per_valdistrikt.xlsx
2014;kf;14804165;Lundby, Sannegården;1450;1450;0;2014_kommunval_per_valdistrikt.xlsx
2014;kf;14804171;Lundby, Lindholmen;1574;1574;0;2014_kommunval_per_valdistrikt.xlsx
2014;kf;14804172;Lundby, Lundbyvassen;1370;1370;0;2014_kommunval_per_valdistrikt.xlsx
2014;kf;14805011;Västra Göteborg, Björnekulla;1442;1442;0;2014_kommunval_per_valdistrikt.xlsx
2014;kf;14805012;Västra Göteborg, Fiskebäck, Norra;1408;1408;0;2014_kommunval_per_valdistrikt.xlsx
2014;kf;14805013;Västra Göteborg, Fiskebäck, Södra;1151;1151;0;2014_kommunval_per_valdistrikt.xlsx
2014;kf;14805014;Västra Göteborg, Påvelund;1603;1603;0;2014_kommunval_per_valdistrikt.xlsx
2014;kf;14805021;Västra Göteborg, Långedrag;1529;1529;0;2014_kommunval_per_valdistrikt.xlsx
2014;kf;14805031;Västra Göteborg, Hagen;1490;1490;0;2014_kommunval_per_valdistrikt.xlsx
2014;kf;14805032;Västra Göteborg, Nya Varvet;1492;1492;0;2014_kommunval_per_valdistrikt.xlsx
2014;kf;14805033;Västra Göteborg, Tångudden;1317;1317;0;2014_kommunval_per_valdistrikt.xlsx
2014;kf;14805041;Västra Göteborg, Ekebäck;1458;1458;0;2014_kommunval_per_valdistrikt.xlsx
2014;kf;14805042;Västra Göteborg, Grimmered;1693;1693;0;2014_kommunval_per_valdistrikt.xlsx
2014;kf;14805051;Västra Göteborg, Brännö-Asperö;1015;1015;0;2014_kommunval_per_valdistrikt.xlsx
2014;kf;14805052;Västra Göteborg, Donsö-Vrångö;1354;1354;0;2014_kommunval_per_valdistrikt.xlsx
2014;kf;14805053;Västra Göteborg, Styrsö-Köpstadsö;1140;1140;0;2014_kommunval_per_valdistrikt.xlsx
2014;kf;14805061;Västra Göteborg, Bratthammar;1925;1925;0;2014_kommunval_per_valdistrikt.xlsx
2014;kf;14805071;Västra Göteborg, Beryllg.-Guldringen;1847;1847;0;2014_kommunval_per_valdistrikt.xlsx
2014;kf;14805081;Västra Göteborg, Tynnered;2055;2055;0;2014_kommunval_per_valdistrikt.xlsx
2014;kf;14805091;Askim-Frölunda-Högsbo, Kavås;1233;1233;0;2014_kommunval_per_valdistrikt.xlsx
2014;kf;14805092;Askim-Frölunda-Högsbo, Kaverös, N;1241;1241;0;2014_kommunval_per_valdistrikt.xlsx
2014;kf;14805093;Askim-Frölunda-Högsbo, Kaverös, S;1172;1172;0;2014_kommunval_per_valdistrikt.xlsx
2014;kf;14805101;Askim-Frölunda-Högsbo, Flatås, V;1585;1585;0;2014_kommunval_per_valdistrikt.xlsx
2014;kf;14805111;Askim-Frölunda-Högsbo, Högsbohöjd, N;1395;1395;0;2014_kommunval_per_valdistrikt.xlsx
2014;kf;14805112;Askim-Frölunda-Högsbo, Högsbohöjd, S;1526;1526;0;2014_kommunval_per_valdistrikt.xlsx
2014;kf;14805121;Askim-Frölunda-Högsbo, Högsbo;1397;1397;0;2014_kommunval_per_valdistrikt.xlsx
2014;kf;14805122;Askim-Frölunda-Högsbo, Högsbotorp, V;1488;1488;0;2014_kommunval_per_valdistrikt.xlsx
2014;kf;14805123;Askim-Frölunda-Högsbo, Högsbotorp, Ö;1378;1378;0;2014_kommunval_per_valdistrikt.xlsx
2014;kf;14805124;Askim-Frölunda-Högsbo, Marklandsg.;1619;1619;0;2014_kommunval_per_valdistrikt.xlsx
2014;kf;14805131;Askim-Frölunda-Högsbo, Spinetten;954;954;0;2014_kommunval_per_valdistrikt.xlsx
2014;kf;14805132;Askim-Frölunda-Högsbo, Tofta;1404;1404;0;2014_kommunval_per_valdistrikt.xlsx
2014;kf;14805141;Askim-Frölunda-Högsbo, Ruddalen;1920;1920;0;2014_kommunval_per_valdistrikt.xlsx
2014;kf;14805151;Askim-Frölunda-Högsbo, Järnbrott, V;1831;1831;0;2014_kommunval_per_valdistrikt.xlsx
2014;kf;14805152;Askim-Frölunda-Högsbo, Järnbrott, Ö;1373;1373;0;2014_kommunval_per_valdistrikt.xlsx
2014;kf;14805161;Askim-Frölunda-Högsbo, Flatås, Ö;1282;1282;0;2014_kommunval_per_valdistrikt.xlsx
2014;kf;14805171;Askim-Frölunda-Högsbo, Frölunda;971;971;0;2014_kommunval_per_valdistrikt.xlsx
2014;kf;14805172;Askim-Frölunda-Högsbo, Frölunda Torg;1381;1381;0;2014_kommunval_per_valdistrikt.xlsx
2014;kf;14805173;Askim-Frölunda-Högsbo, Gånglåten;1080;1080;0;2014_kommunval_per_valdistrikt.xlsx
2014;kf;14805174;Askim-Frölunda-Högsbo, Mandolingatan;1112;1112;0;2014_kommunval_per_valdistrikt.xlsx
2014;kf;14805181;Västra Göteborg, Korsåsen;1492;1492;0;2014_kommunval_per_valdistrikt.xlsx
2014;kf;14805182;Västra Göteborg, Ängås;1397;1397;0;2014_kommunval_per_valdistrikt.xlsx
2014;kf;14805191;Västra Göteborg, Önnered, Västra;1396;1396;0;2014_kommunval_per_valdistrikt.xlsx
2014;kf;14805192;Västra Göteborg, Önnered, Östra;1523;1523;0;2014_kommunval_per_valdistrikt.xlsx
2014;kf;14805201;Västra Göteborg, Grevegården;1362;1362;0;2014_kommunval_per_valdistrikt.xlsx
2014;kf;14805202;Västra Göteborg, Skattegården;1578;1578;0;2014_kommunval_per_valdistrikt.xlsx
2014;kf;14805211;Västra Göteborg, Näset, Norra;1666;1666;0;2014_kommunval_per_valdistrikt.xlsx
2014;kf;14805212;Västra Göteborg, Näset, Södra;1382;1382;0;2014_kommunval_per_valdistrikt.xlsx
2014;kf;14805213;Västra Göteborg, Åkered;1470;1470;0;2014_kommunval_per_valdistrikt.xlsx
2014;kf;14805221;Västra Göteborg, Opaltorget, Norra;1386;1386;0;2014_kommunval_per_valdistrikt.xlsx
2014;kf;14805222;Västra Göteborg, Opaltorget, Södra;1000;1000;0;2014_kommunval_per_valdistrikt.xlsx
2014;kf;14805231;Askim-Frölunda-Högsbo, Askim;1241;1241;0;2014_kommunval_per_valdistrikt.xlsx
2014;kf;14805232;Askim-Frölunda-Högsbo, Hovås, Norra;1131;1131;0;2014_kommunval_per_valdistrikt.xlsx
2014;kf;14805233;Askim-Frölunda-Högsbo, Hult;1218;1218;0;2014_kommunval_per_valdistrikt.xlsx
2014;kf;14805234;Askim-Frölunda-Högsbo, Pilegården;1226;1226;0;2014_kommunval_per_valdistrikt.xlsx
2014;kf;14805235;Askim-Frölunda-Högsbo, Sisjön, Norra;1500;1500;0;2014_kommunval_per_valdistrikt.xlsx
2014;kf;14805236;Askim-Frölunda-Högsbo, Sisjön, Södra;1499;1499;0;2014_kommunval_per_valdistrikt.xlsx
2014;kf;14805241;Askim-Frölunda-Högsbo, Hovås, Södra;1062;1062;0;2014_kommunval_per_valdistrikt.xlsx
2014;kf;14805242;Askim-Frölunda-Högsbo, Trollåsen;1380;1380;0;2014_kommunval_per_valdistrikt.xlsx
2014;kf;14805251;Askim-Frölunda-Högsbo, Billdal;1809;1809;0;2014_kommunval_per_valdistrikt.xlsx
2014;kf;14805252;Askim-Frölunda-Högsbo, Brottkärr;949;949;0;2014_kommunval_per_valdistrikt.xlsx
2014;kf;14805253;Askim-Frölunda-Högsbo, Lindås;1488;1488;0;2014_kommunval_per_valdistrikt.xlsx
2014;kf;14805254;Askim-Frölunda-Högsbo, Lyckhem;1178;1178;0;2014_kommunval_per_valdistrikt.xlsx
2014;kf;14805255;Askim-Frölunda-Högsbo, Nygård;1250;1250;0;2014_kommunval_per_valdistrikt.xlsx
2014;kf;14805256;Askim-Frölunda-Högsbo, Skintebo;1212;1212;0;2014_kommunval_per_valdistrikt.xlsx
2014;kf;14806011;Angered, Lövgärdet, Nedre;2278;2278;0;2014_kommunval_per_valdistrikt.xlsx
2014;kf;14806012;Angered, Lövgärdet, Övre;1739;1739;0;2014_kommunval_per_valdistrikt.xlsx
2014;kf;14806013;Angered, Lövgärdets Centrum;1296;1296;0;2014_kommunval_per_valdistrikt.xlsx
2014;kf;14806021;Angered, Rannebergen, Norra;1753;1753;0;2014_kommunval_per_valdistrikt.xlsx
2014;kf;14806022;Angered, Rannebergen, Södra;1675;1675;0;2014_kommunval_per_valdistrikt.xlsx
2014;kf;14806031;Angered, Gårdsten, Norra;2039;2039;0;2014_kommunval_per_valdistrikt.xlsx
2014;kf;14806032;Angered, Gårdsten, Södra;985;985;0;2014_kommunval_per_valdistrikt.xlsx
2014;kf;14806033;Angered, Gårdsten, Västra;1316;1316;0;2014_kommunval_per_valdistrikt.xlsx
2014;kf;14806034;Angered, Gårdsten, Östra;1521;1521;0;2014_kommunval_per_valdistrikt.xlsx
2014;kf;14806041;Angered, Angereds Centrum;1550;1550;0;2014_kommunval_per_valdistrikt.xlsx
2014;kf;14806042;Angered, Trägårdsgärdet;1218;1218;0;2014_kommunval_per_valdistrikt.xlsx
2014;kf;14806051;Angered, Agnesberg;761;761;0;2014_kommunval_per_valdistrikt.xlsx
2014;kf;14806061;Angered, Hammarkullen, Västra;1831;1831;0;2014_kommunval_per_valdistrikt.xlsx
2014;kf;14806062;Angered, Hammarkullen, Östra;1621;1621;0;2014_kommunval_per_valdistrikt.xlsx
2014;kf;14806063;Angered, Sandeslätt;1782;1782;0;2014_kommunval_per_valdistrikt.xlsx
2014;kf;14806101;Angered, Gunnilse-Linnarhult;1534;1534;0;2014_kommunval_per_valdistrikt.xlsx
2014;kf;14806111;Angered, Björsared-Knipared;1521;1521;0;2014_kommunval_per_valdistrikt.xlsx
2014;kf;14806112;Angered, Olofstorp;1831;1831;0;2014_kommunval_per_valdistrikt.xlsx
2014;kf;14806121;Angered, Bläsebo;1421;1421;0;2014_kommunval_per_valdistrikt.xlsx
2014;kf;14806122;Angered, Hjällbo, Norra;1441;1441;0;2014_kommunval_per_valdistrikt.xlsx
2014;kf;14806123;Angered, Hjällbo, Södra;1006;1006;0;2014_kommunval_per_valdistrikt.xlsx
2014;kf;14806124;Angered, Skolspåret;1115;1115;0;2014_kommunval_per_valdistrikt.xlsx
2014;kf;14806131;Angered, Eriksbo;1860;1860;0;2014_kommunval_per_valdistrikt.xlsx
2014;kf;14807011;Västra Hisingen, Biskopsgården, N;1701;1701;0;2014_kommunval_per_valdistrikt.xlsx
2014;kf;14807012;Västra Hisingen, Svarte Mosse;1496;1496;0;2014_kommunval_per_valdistrikt.xlsx
2014;kf;14807021;Västra Hisingen, Länsmansgården, C;1332;1332;0;2014_kommunval_per_valdistrikt.xlsx
2014;kf;14807022;Västra Hisingen, Länsmansgården, N;1315;1315;0;2014_kommunval_per_valdistrikt.xlsx
2014;kf;14807023;Västra Hisingen, Länsmansgården, S;1065;1065;0;2014_kommunval_per_valdistrikt.xlsx
2014;kf;14807031;Västra Hisingen, Badvädersgatan m fl;1286;1286;0;2014_kommunval_per_valdistrikt.xlsx
2014;kf;14807032;Västra Hisingen, Stackmolnsg. m fl;1622;1622;0;2014_kommunval_per_valdistrikt.xlsx
2014;kf;14807041;Västra Hisingen, Andalen;1811;1811;0;2014_kommunval_per_valdistrikt.xlsx
2014;kf;14807042;Västra Hisingen, Hjuvik;1634;1634;0;2014_kommunval_per_valdistrikt.xlsx
2014;kf;14807043;Västra Hisingen, Hällsvik;1480;1480;0;2014_kommunval_per_valdistrikt.xlsx
2014;kf;14807051;Västra Hisingen, Amhult-Arendal;1325;1325;0;2014_kommunval_per_valdistrikt.xlsx
2014;kf;14807052;Västra Hisingen, Domarringen m fl;1471;1471;0;2014_kommunval_per_valdistrikt.xlsx
2014;kf;14807053;Västra Hisingen, Nolered;1484;1484;0;2014_kommunval_per_valdistrikt.xlsx
2014;kf;14807054;Västra Hisingen, Torslanda;1817;1817;0;2014_kommunval_per_valdistrikt.xlsx
2014;kf;14807055;Västra Hisingen, Tumlehed;1510;1510;0;2014_kommunval_per_valdistrikt.xlsx
2014;kf;14807061;Västra Hisingen, Björlanda;1648;1648;0;2014_kommunval_per_valdistrikt.xlsx
2014;kf;14807062;Västra Hisingen, Kvisljungeby;1183;1183;0;2014_kommunval_per_valdistrikt.xlsx
2014;kf;14807063;Västra Hisingen, Lilleby;1508;1508;0;2014_kommunval_per_valdistrikt.xlsx
2014;kf;14807064;Västra Hisingen, Älvegården m fl;1159;1159;0;2014_kommunval_per_valdistrikt.xlsx
2014;kf;14807081;Västra Hisingen, Biskopsgården, S;1273;1273;0;2014_kommunval_per_valdistrikt.xlsx
2014;kf;14807082;Västra Hisingen, Treröset;1562;1562;0;2014_kommunval_per_valdistrikt.xlsx
2014;kf;14807083;Västra Hisingen, Vårväderstorget;1753;1753;0;2014_kommunval_per_valdistrikt.xlsx
2014;kf;14807084;Västra Hisingen, Väderlekstorget;1027;1027;0;2014_kommunval_per_valdistrikt.xlsx
2014;kf;14807091;Västra Hisingen, Jättesten;1814;1814;0;2014_kommunval_per_valdistrikt.xlsx
2014;kf;14807092;Västra Hisingen, Kärrmossen;1972;1972;0;2014_kommunval_per_valdistrikt.xlsx
2014;kf;14807093;Västra Hisingen, Svartedalen;1531;1531;0;2014_kommunval_per_valdistrikt.xlsx
2018;rd;14801011;Majorna-Linné, Gröna Vallen;1316;1316;0;2018_R_per_valdistrikt.xlsx [R antal]
2018;rd;14801012;Majorna-Linné, Klippan;1161;1161;0;2018_R_per_valdistrikt.xlsx [R antal]
2018;rd;14801013;Majorna-Linné, Kungsladugård, Västra;1237;1237;0;2018_R_per_valdistrikt.xlsx [R antal]
2018;rd;14801014;Majorna-Linné, Kungsladugård, Östra;1130;1130;0;2018_R_per_valdistrikt.xlsx [R antal]
2018;rd;14801015;Majorna-Linné, Mariaplan;1064;1064;0;2018_R_per_valdistrikt.xlsx [R antal]
2018;rd;14801016;Majorna-Linné, Skytteskogen;1389;1389;0;2018_R_per_valdistrikt.xlsx [R antal]
2018;rd;14801017;Majorna-Linné, Svalebo;1149;1149;0;2018_R_per_valdistrikt.xlsx [R antal]
2018;rd;14801021;Majorna-Linné, Sandarne;1212;1212;0;2018_R_per_valdistrikt.xlsx [R antal]
2018;rd;14801022;Majorna-Linné, Silverkällan;1078;1078;0;2018_R_per_valdistrikt.xlsx [R antal]
2018;rd;14801031;Majorna-Linné, Chapmans Torg;1038;1038;0;2018_R_per_valdistrikt.xlsx [R antal]
2018;rd;14801032;Majorna-Linné, Godhem;1199;1199;0;2018_R_per_valdistrikt.xlsx [R antal]
2018;rd;14801033;Majorna-Linné, Gråberget, Västra;923;923;0;2018_R_per_valdistrikt.xlsx [R antal]
2018;rd;14801034;Majorna-Linné, Gråberget, Östra;1174;1174;0;2018_R_per_valdistrikt.xlsx [R antal]
2018;rd;14801035;Majorna-Linné, Hängmattan;1110;1110;0;2018_R_per_valdistrikt.xlsx [R antal]
2018;rd;14801036;Majorna-Linné, Majorna;1131;1131;0;2018_R_per_valdistrikt.xlsx [R antal]
2018;rd;14801037;Majorna-Linné, Marieberg;1090;1090;0;2018_R_per_valdistrikt.xlsx [R antal]
2018;rd;14801038;Majorna-Linné, Slottsskogsgatan m fl;1001;1001;0;2018_R_per_valdistrikt.xlsx [R antal]
2018;rd;14801041;Majorna-Linné, Djurgårdsgatan m fl;1142;1142;0;2018_R_per_valdistrikt.xlsx [R antal]
2018;rd;14801042;Majorna-Linné, Gatenhielmska;1311;1311;0;2018_R_per_valdistrikt.xlsx [R antal]
2018;rd;14801043;Majorna-Linné, Karl Johans torg;1181;1181;0;2018_R_per_valdistrikt.xlsx [R antal]
2018;rd;14801044;Majorna-Linné, Klareborgsgatan m fl;1103;1103;0;2018_R_per_valdistrikt.xlsx [R antal]
2018;rd;14801045;Majorna-Linné, Söderlingska ängen;1192;1192;0;2018_R_per_valdistrikt.xlsx [R antal]
2018;rd;14801051;Majorna-Linné, Masthugget, Nedre;1000;1000;0;2018_R_per_valdistrikt.xlsx [R antal]
2018;rd;14801052;Majorna-Linné, Masthugget, Övre;1307;1307;0;2018_R_per_valdistrikt.xlsx [R antal]
2018;rd;14801053;Majorna-Linné, Masthuggstorget;1238;1238;0;2018_R_per_valdistrikt.xlsx [R antal]
2018;rd;14801054;Majorna-Linné, Oscar Fredrik;1097;1097;0;2018_R_per_valdistrikt.xlsx [R antal]
2018;rd;14801055;Majorna-Linné, Sjömansgatan m fl;1121;1121;0;2018_R_per_valdistrikt.xlsx [R antal]
2018;rd;14801056;Majorna-Linné, Slottsskogen;1105;1105;0;2018_R_per_valdistrikt.xlsx [R antal]
2018;rd;14801057;Majorna-Linné, Stigberget;1109;1109;0;2018_R_per_valdistrikt.xlsx [R antal]
2018;rd;14801058;Majorna-Linné, Vegastaden;1276;1276;0;2018_R_per_valdistrikt.xlsx [R antal]
2018;rd;14801061;Majorna-Linné, Änggården;1189;1189;0;2018_R_per_valdistrikt.xlsx [R antal]
2018;rd;14801071;Majorna-Linné, Haga Västra;1323;1323;0;2018_R_per_valdistrikt.xlsx [R antal]
2018;rd;14801072;Majorna-Linné, Haga Östra;941;941;0;2018_R_per_valdistrikt.xlsx [R antal]
2018;rd;14801073;Majorna-Linné, Skansberget;1082;1082;0;2018_R_per_valdistrikt.xlsx [R antal]
2018;rd;14801081;Majorna-Linné, Annedal, Norra;1244;1244;0;2018_R_per_valdistrikt.xlsx [R antal]
2018;rd;14801082;Majorna-Linné, Annedal, Södra;1156;1156;0;2018_R_per_valdistrikt.xlsx [R antal]
2018;rd;14801083;Majorna-Linné, Nilssonsberg;1371;1371;0;2018_R_per_valdistrikt.xlsx [R antal]
2018;rd;14801091;Majorna-Linné, Kommendantsängen;1291;1291;0;2018_R_per_valdistrikt.xlsx [R antal]
2018;rd;14801092;Majorna-Linné, Linné;1351;1351;0;2018_R_per_valdistrikt.xlsx [R antal]
2018;rd;14801093;Majorna-Linné, Linnéplatsen;1403;1403;0;2018_R_per_valdistrikt.xlsx [R antal]
2018;rd;14801094;Majorna-Linné, Långgatorna;1120;1120;0;2018_R_per_valdistrikt.xlsx [R antal]
2018;rd;14801095;Majorna-Linné, Olivedal;1064;1064;0;2018_R_per_valdistrikt.xlsx [R antal]
2018;rd;14801096;Majorna-Linné, Plantagegatan, m fl;1002;1002;0;2018_R_per_valdistrikt.xlsx [R antal]
2018;rd;14801097;Majorna-Linné, Risåsen;1155;1155;0;2018_R_per_valdistrikt.xlsx [R antal]
2018;rd;14801098;Majorna-Linné, Sveaplan;1344;1344;0;2018_R_per_valdistrikt.xlsx [R antal]
2018;rd;14801100;Centrum, Framnäs;1133;1133;0;2018_R_per_valdistrikt.xlsx [R antal]
2018;rd;14801101;Centrum, Fredriksdal;789;789;0;2018_R_per_valdistrikt.xlsx [R antal]
2018;rd;14801102;Centrum, Fridkullagatan m fl;1144;1144;0;2018_R_per_valdistrikt.xlsx [R antal]
2018;rd;14801103;Centrum, Getebergsäng;1471;1471;0;2018_R_per_valdistrikt.xlsx [R antal]
2018;rd;14801104;Centrum, Kristinehöjd, Västra;1355;1355;0;2018_R_per_valdistrikt.xlsx [R antal]
2018;rd;14801105;Centrum, Kristinehöjd, Östra;1351;1351;0;2018_R_per_valdistrikt.xlsx [R antal]
2018;rd;14801106;Centrum, Krokslätt, Norra;1104;1104;0;2018_R_per_valdistrikt.xlsx [R antal]
2018;rd;14801107;Centrum, Krokslätt, Södra;551;551;0;2018_R_per_valdistrikt.xlsx [R antal]
2018;rd;14801108;Centrum, Mossen;895;895;0;2018_R_per_valdistrikt.xlsx [R antal]
2018;rd;14801109;Centrum, Olofshöjd;799;799;0;2018_R_per_valdistrikt.xlsx [R antal]
2018;rd;14801111;Centrum, Eklanda Norra;1102;1102;0;2018_R_per_valdistrikt.xlsx [R antal]
2018;rd;14801112;Centrum, Eklanda Södra;1106;1106;0;2018_R_per_valdistrikt.xlsx [R antal]
2018;rd;14801113;Centrum, Johanneberg, Nedre;1475;1475;0;2018_R_per_valdistrikt.xlsx [R antal]
2018;rd;14801114;Centrum, Johanneberg, Västra;1009;1009;0;2018_R_per_valdistrikt.xlsx [R antal]
2018;rd;14801115;Centrum, Johanneberg, Östra;1098;1098;0;2018_R_per_valdistrikt.xlsx [R antal]
2018;rd;14801116;Centrum, Johanneberg, Övre;1074;1074;0;2018_R_per_valdistrikt.xlsx [R antal]
2018;rd;14801121;Centrum, Landala;1449;1449;0;2018_R_per_valdistrikt.xlsx [R antal]
2018;rd;14801122;Centrum, Landalabergen m fl;1491;1491;0;2018_R_per_valdistrikt.xlsx [R antal]
2018;rd;14801123;Centrum, Landalagången m fl;1239;1239;0;2018_R_per_valdistrikt.xlsx [R antal]
2018;rd;14801131;Centrum, Doktor Forselius Backe m fl;1234;1234;0;2018_R_per_valdistrikt.xlsx [R antal]
2018;rd;14801132;Centrum, Guldheden Vattentornet;1380;1380;0;2018_R_per_valdistrikt.xlsx [R antal]
2018;rd;14801133;Centrum, Guldheden Östra;1084;1084;0;2018_R_per_valdistrikt.xlsx [R antal]
2018;rd;14801134;Centrum, Guldheden, Centrala;1202;1202;0;2018_R_per_valdistrikt.xlsx [R antal]
2018;rd;14801135;Centrum, Guldheden, Norra;1128;1128;0;2018_R_per_valdistrikt.xlsx [R antal]
2018;rd;14801136;Centrum, Guldheden, Södra;1343;1343;0;2018_R_per_valdistrikt.xlsx [R antal]
2018;rd;14801137;Centrum, Landala Egnahem;1158;1158;0;2018_R_per_valdistrikt.xlsx [R antal]
2018;rd;14801141;Centrum, Lorensberg;1395;1395;0;2018_R_per_valdistrikt.xlsx [R antal]
2018;rd;14801151;Centrum, Fogelbergsparken;1114;1114;0;2018_R_per_valdistrikt.xlsx [R antal]
2018;rd;14801152;Centrum, Valand;1221;1221;0;2018_R_per_valdistrikt.xlsx [R antal]
2018;rd;14801153;Centrum, Vasastaden, Norra;1264;1264;0;2018_R_per_valdistrikt.xlsx [R antal]
2018;rd;14801154;Centrum, Vasastaden, Södra;1223;1223;0;2018_R_per_valdistrikt.xlsx [R antal]
2018;rd;14801155;Centrum, Vasastaden, Östra;1225;1225;0;2018_R_per_valdistrikt.xlsx [R antal]
2018;rd;14801161;Centrum, Inom Vallgraven;1408;1408;0;2018_R_per_valdistrikt.xlsx [R antal]
2018;rd;14801162;Centrum, Nordstan;1196;1196;0;2018_R_per_valdistrikt.xlsx [R antal]
2018;rd;14801163;Centrum, Otterhällan;1018;1018;0;2018_R_per_valdistrikt.xlsx [R antal]
2018;rd;14801171;Centrum, Friggagatan m fl;1174;1174;0;2018_R_per_valdistrikt.xlsx [R antal]
2018;rd;14801172;Centrum, Gårda, Norra;1094;1094;0;2018_R_per_valdistrikt.xlsx [R antal]
2018;rd;14801173;Centrum, Odinsgatan m fl;1151;1151;0;2018_R_per_valdistrikt.xlsx [R antal]
2018;rd;14801174;Centrum, Stampen;1397;1397;0;2018_R_per_valdistrikt.xlsx [R antal]
2018;rd;14801175;Centrum, Svingeln;1162;1162;0;2018_R_per_valdistrikt.xlsx [R antal]
2018;rd;14801181;Centrum, Bohusgatan m fl;775;775;0;2018_R_per_valdistrikt.xlsx [R antal]
2018;rd;14801182;Centrum, Gårda, Södra;1023;1023;0;2018_R_per_valdistrikt.xlsx [R antal]
2018;rd;14801183;Centrum, Heden;1273;1273;0;2018_R_per_valdistrikt.xlsx [R antal]
2018;rd;14801184;Centrum, Hedås;1439;1439;0;2018_R_per_valdistrikt.xlsx [R antal]
2018;rd;14801185;Centrum, Sten Sturegatan m fl;938;938;0;2018_R_per_valdistrikt.xlsx [R antal]
2018;rd;14802011;Örgryte-Härlanda, Gubbero;1251;1251;0;2018_R_per_valdistrikt.xlsx [R antal]
2018;rd;14802012;Örgryte-Härlanda, Olskroken;1333;1333;0;2018_R_per_valdistrikt.xlsx [R antal]
2018;rd;14802013;Örgryte-Härlanda, Redberget;1143;1143;0;2018_R_per_valdistrikt.xlsx [R antal]
2018;rd;14802014;Örgryte-Härlanda, Redbergsplatsen;1183;1183;0;2018_R_per_valdistrikt.xlsx [R antal]
2018;rd;14802021;Örgryte-Härlanda, Bagaregården;1192;1192;0;2018_R_per_valdistrikt.xlsx [R antal]
2018;rd;14802022;Örgryte-Härlanda, Ånäs;1347;1347;0;2018_R_per_valdistrikt.xlsx [R antal]
2018;rd;14802031;Örgryte-Härlanda, Strömmensberg, V;1274;1274;0;2018_R_per_valdistrikt.xlsx [R antal]
2018;rd;14802032;Örgryte-Härlanda, Strömmensberg, Ö;1409;1409;0;2018_R_per_valdistrikt.xlsx [R antal]
2018;rd;14802041;Örgryte-Härlanda, Kallebäck, Norra;999;999;0;2018_R_per_valdistrikt.xlsx [R antal]
2018;rd;14802042;Örgryte-Härlanda, Kallebäck, Västra;790;790;0;2018_R_per_valdistrikt.xlsx [R antal]
2018;rd;14802043;Örgryte-Härlanda, Kallebäck, Östra;1095;1095;0;2018_R_per_valdistrikt.xlsx [R antal]
2018;rd;14802051;Örgryte-Härlanda, Jakobsdal;1364;1364;0;2018_R_per_valdistrikt.xlsx [R antal]
2018;rd;14802052;Örgryte-Härlanda, Skår, Norra;1079;1079;0;2018_R_per_valdistrikt.xlsx [R antal]
2018;rd;14802053;Örgryte-Härlanda, Skår, Södra;1190;1190;0;2018_R_per_valdistrikt.xlsx [R antal]
2018;rd;14802061;Örgryte-Härlanda, Bö;987;987;0;2018_R_per_valdistrikt.xlsx [R antal]
2018;rd;14802062;Örgryte-Härlanda, Örgryte;976;976;0;2018_R_per_valdistrikt.xlsx [R antal]
2018;rd;14802071;Örgryte-Härlanda, Stora Torp;969;969;0;2018_R_per_valdistrikt.xlsx [R antal]
2018;rd;14802072;Örgryte-Härlanda, Lilla Torp;1544;1544;0;2018_R_per_valdistrikt.xlsx [R antal]
2018;rd;14802081;Örgryte-Härlanda, Danska vägen m fl;1224;1224;0;2018_R_per_valdistrikt.xlsx [R antal]
2018;rd;14802082;Örgryte-Härlanda, Kärralund, Norra;1177;1177;0;2018_R_per_valdistrikt.xlsx [R antal]
2018;rd;14802083;Örgryte-Härlanda, Kärralund, Södra;1331;1331;0;2018_R_per_valdistrikt.xlsx [R antal]
2018;rd;14802084;Örgryte-Härlanda, Lunden, Gamla;1240;1240;0;2018_R_per_valdistrikt.xlsx [R antal]
2018;rd;14802085;Örgryte-Härlanda, Lunden, Nya;1194;1194;0;2018_R_per_valdistrikt.xlsx [R antal]
2018;rd;14802086;Örgryte-Härlanda, Nobelplatsen;1169;1169;0;2018_R_per_valdistrikt.xlsx [R antal]
2018;rd;14802087;Örgryte-Härlanda, Sankt Pauli;1291;1291;0;2018_R_per_valdistrikt.xlsx [R antal]
2018;rd;14802088;Örgryte-Härlanda, Överås;1077;1077;0;2018_R_per_valdistrikt.xlsx [R antal]
2018;rd;14802091;Örgryte-Härlanda, Härlanda;1250;1250;0;2018_R_per_valdistrikt.xlsx [R antal]
2018;rd;14802101;Örgryte-Härlanda, Kålltorp, Norra;1162;1162;0;2018_R_per_valdistrikt.xlsx [R antal]
2018;rd;14802102;Örgryte-Härlanda, Kålltorp, Södra;1216;1216;0;2018_R_per_valdistrikt.xlsx [R antal]
2018;rd;14802103;Örgryte-Härlanda, Kålltorp, Västra;1320;1320;0;2018_R_per_valdistrikt.xlsx [R antal]
2018;rd;14802104;Örgryte-Härlanda, Kålltorp, Östra;1327;1327;0;2018_R_per_valdistrikt.xlsx [R antal]
2018;rd;14802105;Örgryte-Härlanda, Munkebäck, Norra;1097;1097;0;2018_R_per_valdistrikt.xlsx [R antal]
2018;rd;14802106;Örgryte-Härlanda, Munkebäck, Södra;893;893;0;2018_R_per_valdistrikt.xlsx [R antal]
2018;rd;14802111;Örgryte-Härlanda, Fräntorp;1412;1412;0;2018_R_per_valdistrikt.xlsx [R antal]
2018;rd;14802112;Örgryte-Härlanda, Torpa;1611;1611;0;2018_R_per_valdistrikt.xlsx [R antal]
2018;rd;14802121;Örgryte-Härlanda, Björkekärr, Norra;929;929;0;2018_R_per_valdistrikt.xlsx [R antal]
2018;rd;14802122;Örgryte-Härlanda, Björkekärr, Södra;1492;1492;0;2018_R_per_valdistrikt.xlsx [R antal]
2018;rd;14802123;Örgryte-Härlanda, Björkekärr, Västra;1219;1219;0;2018_R_per_valdistrikt.xlsx [R antal]
2018;rd;14802124;Örgryte-Härlanda, Björkekärr, Östra;1261;1261;0;2018_R_per_valdistrikt.xlsx [R antal]
2018;rd;14802125;Örgryte-Härlanda, Robertshöjd m fl;1458;1458;0;2018_R_per_valdistrikt.xlsx [R antal]
2018;rd;14803011;Östra Göteborg, Bellevue;1196;1196;0;2018_R_per_valdistrikt.xlsx [R antal]
2018;rd;14803012;Östra Göteborg, Bellevue Park;1043;1043;0;2018_R_per_valdistrikt.xlsx [R antal]
2018;rd;14803013;Östra Göteborg, Gamlestaden, Norra;1342;1342;0;2018_R_per_valdistrikt.xlsx [R antal]
2018;rd;14803014;Östra Göteborg, Gamlestaden, Södra;896;896;0;2018_R_per_valdistrikt.xlsx [R antal]
2018;rd;14803015;Östra Göteborg, Kviberg, Västra;1154;1154;0;2018_R_per_valdistrikt.xlsx [R antal]
2018;rd;14803016;Östra Göteborg, Kviberg, Östra;956;956;0;2018_R_per_valdistrikt.xlsx [R antal]
2018;rd;14803017;Östra Göteborg, Nylöse;963;963;0;2018_R_per_valdistrikt.xlsx [R antal]
2018;rd;14803021;Östra Göteborg, Fjällbo;1565;1565;0;2018_R_per_valdistrikt.xlsx [R antal]
2018;rd;14803022;Östra Göteborg, Utby;1459;1459;0;2018_R_per_valdistrikt.xlsx [R antal]
2018;rd;14803023;Östra Göteborg, Utbynäs;1125;1125;0;2018_R_per_valdistrikt.xlsx [R antal]
2018;rd;14803031;Östra Göteborg, Förstamajgatan m fl;1098;1098;0;2018_R_per_valdistrikt.xlsx [R antal]
2018;rd;14803032;Östra Göteborg, Gregorianska g. m fl;1298;1298;0;2018_R_per_valdistrikt.xlsx [R antal]
2018;rd;14803033;Östra Göteborg, Kortedala Centrum;1085;1085;0;2018_R_per_valdistrikt.xlsx [R antal]
2018;rd;14803034;Östra Göteborg, Kortedala, Södra;1232;1232;0;2018_R_per_valdistrikt.xlsx [R antal]
2018;rd;14803035;Östra Göteborg, Kortedala, Västra;1233;1233;0;2018_R_per_valdistrikt.xlsx [R antal]
2018;rd;14803036;Östra Göteborg, Kortedala, Östra;1159;1159;0;2018_R_per_valdistrikt.xlsx [R antal]
2018;rd;14803041;Östra Göteborg, Adventsparken, V;1219;1219;0;2018_R_per_valdistrikt.xlsx [R antal]
2018;rd;14803042;Östra Göteborg, Adventsparken, Ö;1015;1015;0;2018_R_per_valdistrikt.xlsx [R antal]
2018;rd;14803043;Östra Göteborg, Kortedala, Norra;1040;1040;0;2018_R_per_valdistrikt.xlsx [R antal]
2018;rd;14803044;Östra Göteborg, Månadsgatorna m fl;1204;1204;0;2018_R_per_valdistrikt.xlsx [R antal]
2018;rd;14803051;Östra Göteborg, Bergsjön, Norra;1010;1010;0;2018_R_per_valdistrikt.xlsx [R antal]
2018;rd;14803052;Östra Göteborg, Gärdsmosse;1173;1173;0;2018_R_per_valdistrikt.xlsx [R antal]
2018;rd;14803053;Östra Göteborg, Gärdsås;934;934;0;2018_R_per_valdistrikt.xlsx [R antal]
2018;rd;14803054;Östra Göteborg, Siriusgatan;1661;1661;0;2018_R_per_valdistrikt.xlsx [R antal]
2018;rd;14803061;Östra Göteborg, Bergsjön, Södra;1328;1328;0;2018_R_per_valdistrikt.xlsx [R antal]
2018;rd;14803062;Östra Göteborg, Bergsjön, Östra;1313;1313;0;2018_R_per_valdistrikt.xlsx [R antal]
2018;rd;14803063;Östra Göteborg, Komettorget;983;983;0;2018_R_per_valdistrikt.xlsx [R antal]
2018;rd;14803064;Östra Göteborg, Rymdtorget;1229;1229;0;2018_R_per_valdistrikt.xlsx [R antal]
2018;rd;14804021;Lundby, Bjurslätt, Södra;1321;1321;0;2018_R_per_valdistrikt.xlsx [R antal]
2018;rd;14804022;Lundby, Flunsås;1379;1379;0;2018_R_per_valdistrikt.xlsx [R antal]
2018;rd;14804023;Lundby, Kvillebäcken, Norra;1396;1396;0;2018_R_per_valdistrikt.xlsx [R antal]
2018;rd;14804024;Lundby, Kvillebäcken, Södra;1291;1291;0;2018_R_per_valdistrikt.xlsx [R antal]
2018;rd;14804025;Lundby, Kvillebäcken, Östra;1099;1099;0;2018_R_per_valdistrikt.xlsx [R antal]
2018;rd;14804026;Lundby, Penselgatan m fl;1217;1217;0;2018_R_per_valdistrikt.xlsx [R antal]
2018;rd;14804027;Lundby, Wieselgrensplatsen;1570;1570;0;2018_R_per_valdistrikt.xlsx [R antal]
2018;rd;14804028;Lundby, Vågmästarplatsen;425;425;0;2018_R_per_valdistrikt.xlsx [R antal]
2018;rd;14804031;Lundby, Bjurslätt, Norra;1110;1110;0;2018_R_per_valdistrikt.xlsx [R antal]
2018;rd;14804032;Lundby, Hilldedal;1212;1212;0;2018_R_per_valdistrikt.xlsx [R antal]
2018;rd;14804033;Lundby, Slätta Damm;927;927;0;2018_R_per_valdistrikt.xlsx [R antal]
2018;rd;14804041;Lundby, Kärrdalen;1421;1421;0;2018_R_per_valdistrikt.xlsx [R antal]
2018;rd;14804042;Lundby, Tolered, Norra;1138;1138;0;2018_R_per_valdistrikt.xlsx [R antal]
2018;rd;14804043;Lundby, Tolered, Södra;1122;1122;0;2018_R_per_valdistrikt.xlsx [R antal]
2018;rd;14804051;Norra Hisingen, Glöstorp;1306;1306;0;2018_R_per_valdistrikt.xlsx [R antal]
2018;rd;14804052;Norra Hisingen, Gunnestorp;1169;1169;0;2018_R_per_valdistrikt.xlsx [R antal]
2018;rd;14804053;Norra Hisingen, Norumshöjd;1314;1314;0;2018_R_per_valdistrikt.xlsx [R antal]
2018;rd;14804054;Norra Hisingen, Tuve, Norra;761;761;0;2018_R_per_valdistrikt.xlsx [R antal]
2018;rd;14804055;Norra Hisingen, Tuve, Södra;1343;1343;0;2018_R_per_valdistrikt.xlsx [R antal]
2018;rd;14804056;Norra Hisingen, Tången;1256;1256;0;2018_R_per_valdistrikt.xlsx [R antal]
2018;rd;14804061;Norra Hisingen, Säve;1310;1310;0;2018_R_per_valdistrikt.xlsx [R antal]
2018;rd;14804071;Norra Hisingen, Gerrebacka-Ingebäck;1413;1413;0;2018_R_per_valdistrikt.xlsx [R antal]
2018;rd;14804072;Norra Hisingen, Kärra, Norra;1073;1073;0;2018_R_per_valdistrikt.xlsx [R antal]
2018;rd;14804073;Norra Hisingen, Kärra, Södra;1318;1318;0;2018_R_per_valdistrikt.xlsx [R antal]
2018;rd;14804074;Norra Hisingen, Kärra, Västra;1230;1230;0;2018_R_per_valdistrikt.xlsx [R antal]
2018;rd;14804075;Norra Hisingen, Kärra, Östra;1321;1321;0;2018_R_per_valdistrikt.xlsx [R antal]
2018;rd;14804076;Norra Hisingen, Mysterna-Svankälla;1416;1416;0;2018_R_per_valdistrikt.xlsx [R antal]
2018;rd;14804081;Norra Hisingen, Rödbo;1078;1078;0;2018_R_per_valdistrikt.xlsx [R antal]
2018;rd;14804091;Norra Hisingen, Sankt Jörgen;1063;1063;0;2018_R_per_valdistrikt.xlsx [R antal]
2018;rd;14804092;Norra Hisingen, Skogome;905;905;0;2018_R_per_valdistrikt.xlsx [R antal]
2018;rd;14804101;Norra Hisingen, Aröd;1148;1148;0;2018_R_per_valdistrikt.xlsx [R antal]
2018;rd;14804102;Norra Hisingen, Brunnsbo, Norra;1273;1273;0;2018_R_per_valdistrikt.xlsx [R antal]
2018;rd;14804103;Norra Hisingen, Brunnsbo, Södra;1443;1443;0;2018_R_per_valdistrikt.xlsx [R antal]
2018;rd;14804104;Norra Hisingen, Tingstad;1214;1214;0;2018_R_per_valdistrikt.xlsx [R antal]
2018;rd;14804121;Norra Hisingen, Backa Röd;1164;1164;0;2018_R_per_valdistrikt.xlsx [R antal]
2018;rd;14804122;Norra Hisingen, Backa, Norra;1172;1172;0;2018_R_per_valdistrikt.xlsx [R antal]
2018;rd;14804123;Norra Hisingen, Backa, Södra;1030;1030;0;2018_R_per_valdistrikt.xlsx [R antal]
2018;rd;14804124;Norra Hisingen, Bällskär;1247;1247;0;2018_R_per_valdistrikt.xlsx [R antal]
2018;rd;14804125;Norra Hisingen, Wadköpingsgatan m fl;1155;1155;0;2018_R_per_valdistrikt.xlsx [R antal]
2018;rd;14804131;Norra Hisingen, Backadalen;1271;1271;0;2018_R_per_valdistrikt.xlsx [R antal]
2018;rd;14804132;Norra Hisingen, Bäckebol;1499;1499;0;2018_R_per_valdistrikt.xlsx [R antal]
2018;rd;14804133;Norra Hisingen, Selma Lagerlöfs torg;1163;1163;0;2018_R_per_valdistrikt.xlsx [R antal]
2018;rd;14804134;Norra Hisingen, Skälltorp;1434;1434;0;2018_R_per_valdistrikt.xlsx [R antal]
2018;rd;14804135;Norra Hisingen, Åketorp;1265;1265;0;2018_R_per_valdistrikt.xlsx [R antal]
2018;rd;14804141;Lundby, Bräcke, Norra;1311;1311;0;2018_R_per_valdistrikt.xlsx [R antal]
2018;rd;14804142;Lundby, Bräcke, Södra;1146;1146;0;2018_R_per_valdistrikt.xlsx [R antal]
2018;rd;14804143;Lundby, Kyrkbyn;1468;1468;0;2018_R_per_valdistrikt.xlsx [R antal]
2018;rd;14804144;Lundby, Lundby, Norra;1198;1198;0;2018_R_per_valdistrikt.xlsx [R antal]
2018;rd;14804145;Lundby, Lundby, Södra;1059;1059;0;2018_R_per_valdistrikt.xlsx [R antal]
2018;rd;14804151;Lundby, Brämaregården, Norra;1539;1539;0;2018_R_per_valdistrikt.xlsx [R antal]
2018;rd;14804152;Lundby, Brämaregården, Södra;1055;1055;0;2018_R_per_valdistrikt.xlsx [R antal]
2018;rd;14804153;Lundby, Porslinsfabriken;1208;1208;0;2018_R_per_valdistrikt.xlsx [R antal]
2018;rd;14804154;Lundby, Rambergsstaden, Norra;1151;1151;0;2018_R_per_valdistrikt.xlsx [R antal]
2018;rd;14804155;Lundby, Rambergsstaden, Södra;1197;1197;0;2018_R_per_valdistrikt.xlsx [R antal]
2018;rd;14804156;Lundby, Rambergsstaden, Östra;1427;1427;0;2018_R_per_valdistrikt.xlsx [R antal]
2018;rd;14804161;Lundby, Eriksberg, Västra;1399;1399;0;2018_R_per_valdistrikt.xlsx [R antal]
2018;rd;14804162;Lundby, Eriksberg, Östra;1400;1400;0;2018_R_per_valdistrikt.xlsx [R antal]
2018;rd;14804163;Lundby, Färjenäs;703;703;0;2018_R_per_valdistrikt.xlsx [R antal]
2018;rd;14804164;Lundby, Pölsebo-Bratterås;1459;1459;0;2018_R_per_valdistrikt.xlsx [R antal]
2018;rd;14804165;Lundby, Sannegården, Västra;1441;1441;0;2018_R_per_valdistrikt.xlsx [R antal]
2018;rd;14804166;Lundby, Södhallsberget;1274;1274;0;2018_R_per_valdistrikt.xlsx [R antal]
2018;rd;14804171;Lundby, Lindholmen;1090;1090;0;2018_R_per_valdistrikt.xlsx [R antal]
2018;rd;14804172;Lundby, Lundbyvassen;894;894;0;2018_R_per_valdistrikt.xlsx [R antal]
2018;rd;14804173;Lundby, Sannegården, Östra;1047;1047;0;2018_R_per_valdistrikt.xlsx [R antal]
2018;rd;14805011;Västra Göteborg, Björnekulla;1047;1047;0;2018_R_per_valdistrikt.xlsx [R antal]
2018;rd;14805012;Västra Göteborg, Fiskebäck,;1163;1163;0;2018_R_per_valdistrikt.xlsx [R antal]
2018;rd;14805013;Västra Göteborg, Källängen;1269;1269;0;2018_R_per_valdistrikt.xlsx [R antal]
2018;rd;14805014;Västra Göteborg, Osberget;1076;1076;0;2018_R_per_valdistrikt.xlsx [R antal]
2018;rd;14805015;Västra Göteborg, Påvelund;1135;1135;0;2018_R_per_valdistrikt.xlsx [R antal]
2018;rd;14805021;Västra Göteborg, Långedrag;1557;1557;0;2018_R_per_valdistrikt.xlsx [R antal]
2018;rd;14805031;Västra Göteborg, Hagen;1508;1508;0;2018_R_per_valdistrikt.xlsx [R antal]
2018;rd;14805032;Västra Göteborg, Nya Varvet;1537;1537;0;2018_R_per_valdistrikt.xlsx [R antal]
2018;rd;14805033;Västra Göteborg, Tångudden;1303;1303;0;2018_R_per_valdistrikt.xlsx [R antal]
2018;rd;14805041;Västra Göteborg, Ekebäck;1214;1214;0;2018_R_per_valdistrikt.xlsx [R antal]
2018;rd;14805042;Västra Göteborg, Grimmered;1096;1096;0;2018_R_per_valdistrikt.xlsx [R antal]
2018;rd;14805043;Västra Göteborg, Kungsten;1073;1073;0;2018_R_per_valdistrikt.xlsx [R antal]
2018;rd;14805051;Västra Göteborg, Brännö-Asperö;1086;1086;0;2018_R_per_valdistrikt.xlsx [R antal]
2018;rd;14805052;Västra Göteborg, Donsö-Vrångö;1475;1475;0;2018_R_per_valdistrikt.xlsx [R antal]
2018;rd;14805053;Västra Göteborg, Styrsö-Köpstadsö;1150;1150;0;2018_R_per_valdistrikt.xlsx [R antal]
2018;rd;14805061;Västra Göteborg, Bratthammar;1366;1366;0;2018_R_per_valdistrikt.xlsx [R antal]
2018;rd;14805071;Västra Göteborg, Guldringen m fl;1157;1157;0;2018_R_per_valdistrikt.xlsx [R antal]
2018;rd;14805072;Västra Göteborg, Tynnered, Norra;1061;1061;0;2018_R_per_valdistrikt.xlsx [R antal]
2018;rd;14805081;Västra Göteborg, Tynnered Södra;736;736;0;2018_R_per_valdistrikt.xlsx [R antal]
2018;rd;14805082;Västra Göteborg, Tynnered, Östra;1357;1357;0;2018_R_per_valdistrikt.xlsx [R antal]
2018;rd;14805091;Askim-Frölunda-Högsbo, Kaverös, N;1178;1178;0;2018_R_per_valdistrikt.xlsx [R antal]
2018;rd;14805092;Askim-Frölunda-Högsbo, Kaverös, S;1154;1154;0;2018_R_per_valdistrikt.xlsx [R antal]
2018;rd;14805093;Askim-Frölunda-Högsbo, Kavås;1209;1209;0;2018_R_per_valdistrikt.xlsx [R antal]
2018;rd;14805101;Askim-Frölunda-Högsbo, Flatås, S;1170;1170;0;2018_R_per_valdistrikt.xlsx [R antal]
2018;rd;14805102;Askim-Frölunda-Högsbo, Flatås, V;601;601;0;2018_R_per_valdistrikt.xlsx [R antal]
2018;rd;14805103;Askim-Frölunda-Högsbo, Flatås, Ö;1110;1110;0;2018_R_per_valdistrikt.xlsx [R antal]
2018;rd;14805111;Askim-Frölunda-Högsbo, Högsbohöjd, N;1273;1273;0;2018_R_per_valdistrikt.xlsx [R antal]
2018;rd;14805112;Askim-Frölunda-Högsbo, Högsbohöjd, S;1425;1425;0;2018_R_per_valdistrikt.xlsx [R antal]
2018;rd;14805121;Askim-Frölunda-Högsbo, Högsbo;1076;1076;0;2018_R_per_valdistrikt.xlsx [R antal]
2018;rd;14805122;Askim-Frölunda-Högsbo, Högsbotorp, S;1150;1150;0;2018_R_per_valdistrikt.xlsx [R antal]
2018;rd;14805123;Askim-Frölunda-Högsbo, Högsbotorp, V;1051;1051;0;2018_R_per_valdistrikt.xlsx [R antal]
2018;rd;14805124;Askim-Frölunda-Högsbo, Högsbotorp, Ö;1389;1389;0;2018_R_per_valdistrikt.xlsx [R antal]
2018;rd;14805125;Askim-Frölunda-Högsbo, Marklandsgat.;1122;1122;0;2018_R_per_valdistrikt.xlsx [R antal]
2018;rd;14805131;Askim-Frölunda-Högsbo, Spinetten;878;878;0;2018_R_per_valdistrikt.xlsx [R antal]
2018;rd;14805132;Askim-Frölunda-Högsbo, Tofta;1207;1207;0;2018_R_per_valdistrikt.xlsx [R antal]
2018;rd;14805141;Askim-Frölunda-Högsbo, Altplatsen;870;870;0;2018_R_per_valdistrikt.xlsx [R antal]
2018;rd;14805142;Askim-Frölunda-Högsbo, Ruddalen;975;975;0;2018_R_per_valdistrikt.xlsx [R antal]
2018;rd;14805151;Askim-Frölunda-Högsbo, Järnbrott, S;1174;1174;0;2018_R_per_valdistrikt.xlsx [R antal]
2018;rd;14805152;Askim-Frölunda-Högsbo, Järnbrott, V;949;949;0;2018_R_per_valdistrikt.xlsx [R antal]
2018;rd;14805153;Askim-Frölunda-Högsbo, Järnbrott, Ö;1087;1087;0;2018_R_per_valdistrikt.xlsx [R antal]
2018;rd;14805171;Askim-Frölunda-Högsbo, Frölunda;918;918;0;2018_R_per_valdistrikt.xlsx [R antal]
2018;rd;14805172;Askim-Frölunda-Högsbo, Frölunda Torg;1401;1401;0;2018_R_per_valdistrikt.xlsx [R antal]
2018;rd;14805173;Askim-Frölunda-Högsbo, Gånglåten;1084;1084;0;2018_R_per_valdistrikt.xlsx [R antal]
2018;rd;14805174;Askim-Frölunda-Högsbo, Mandolingatan;1058;1058;0;2018_R_per_valdistrikt.xlsx [R antal]
2018;rd;14805181;Västra Göteborg, Korsåsen;1459;1459;0;2018_R_per_valdistrikt.xlsx [R antal]
2018;rd;14805182;Västra Göteborg, Ängås;1333;1333;0;2018_R_per_valdistrikt.xlsx [R antal]
2018;rd;14805191;Västra Göteborg, Önnered, Västra;1389;1389;0;2018_R_per_valdistrikt.xlsx [R antal]
2018;rd;14805192;Västra Göteborg, Önnered, Östra;1496;1496;0;2018_R_per_valdistrikt.xlsx [R antal]
2018;rd;14805201;Västra Göteborg, Grevegården;1223;1223;0;2018_R_per_valdistrikt.xlsx [R antal]
2018;rd;14805202;Västra Göteborg, Skattegården;1471;1471;0;2018_R_per_valdistrikt.xlsx [R antal]
2018;rd;14805211;Västra Göteborg, Näset, Norra;1298;1298;0;2018_R_per_valdistrikt.xlsx [R antal]
2018;rd;14805212;Västra Göteborg, Näset, Södra;1176;1176;0;2018_R_per_valdistrikt.xlsx [R antal]
2018;rd;14805213;Västra Göteborg, Välen;1022;1022;0;2018_R_per_valdistrikt.xlsx [R antal]
2018;rd;14805214;Västra Göteborg, Åkered;1083;1083;0;2018_R_per_valdistrikt.xlsx [R antal]
2018;rd;14805221;Västra Göteborg, Opaltorget, Norra;1297;1297;0;2018_R_per_valdistrikt.xlsx [R antal]
2018;rd;14805222;Västra Göteborg, Opaltorget, Södra;951;951;0;2018_R_per_valdistrikt.xlsx [R antal]
2018;rd;14805231;Askim-Frölunda-Högsbo, Askim;1232;1232;0;2018_R_per_valdistrikt.xlsx [R antal]
2018;rd;14805232;Askim-Frölunda-Högsbo, Hovås, Norra;1121;1121;0;2018_R_per_valdistrikt.xlsx [R antal]
2018;rd;14805233;Askim-Frölunda-Högsbo, Hult;1194;1194;0;2018_R_per_valdistrikt.xlsx [R antal]
2018;rd;14805234;Askim-Frölunda-Högsbo, Pilegården;1203;1203;0;2018_R_per_valdistrikt.xlsx [R antal]
2018;rd;14805235;Askim-Frölunda-Högsbo, Sisjön, N;267;267;0;2018_R_per_valdistrikt.xlsx [R antal]
2018;rd;14805236;Askim-Frölunda-Högsbo, Sisjön, S;1187;1187;0;2018_R_per_valdistrikt.xlsx [R antal]
2018;rd;14805237;Askim-Frölunda-Högsbo, Sisjön, V;1473;1473;0;2018_R_per_valdistrikt.xlsx [R antal]
2018;rd;14805241;Askim-Frölunda-Högsbo, Hovås, Södra;1115;1115;0;2018_R_per_valdistrikt.xlsx [R antal]
2018;rd;14805242;Askim-Frölunda-Högsbo, Trollåsen;1419;1419;0;2018_R_per_valdistrikt.xlsx [R antal]
2018;rd;14805251;Askim-Frölunda-Högsbo, Billdal, N;1266;1266;0;2018_R_per_valdistrikt.xlsx [R antal]
2018;rd;14805252;Askim-Frölunda-Högsbo, Billdal, S;1035;1035;0;2018_R_per_valdistrikt.xlsx [R antal]
2018;rd;14805253;Askim-Frölunda-Högsbo, Brottkärr;1198;1198;0;2018_R_per_valdistrikt.xlsx [R antal]
2018;rd;14805254;Askim-Frölunda-Högsbo, Lindås;1215;1215;0;2018_R_per_valdistrikt.xlsx [R antal]
2018;rd;14805255;Askim-Frölunda-Högsbo, Lyckhem;1253;1253;0;2018_R_per_valdistrikt.xlsx [R antal]
2018;rd;14805256;Askim-Frölunda-Högsbo, Nygård;1242;1242;0;2018_R_per_valdistrikt.xlsx [R antal]
2018;rd;14805257;Askim-Frölunda-Högsbo, Skintebo;1210;1210;0;2018_R_per_valdistrikt.xlsx [R antal]
2018;rd;14805258;Askim-Frölunda-Högsbo, Uggleberget;445;445;0;2018_R_per_valdistrikt.xlsx [R antal]
2018;rd;14806011;Angered, Lövgärdet, Nedre;1832;1832;0;2018_R_per_valdistrikt.xlsx [R antal]
2018;rd;14806012;Angered, Lövgärdet, Övre;1517;1517;0;2018_R_per_valdistrikt.xlsx [R antal]
2018;rd;14806013;Angered, Lövgärdets Centrum;1167;1167;0;2018_R_per_valdistrikt.xlsx [R antal]
2018;rd;14806021;Angered, Rannebergen, Norra;1591;1591;0;2018_R_per_valdistrikt.xlsx [R antal]
2018;rd;14806022;Angered, Rannebergen, Södra;1427;1427;0;2018_R_per_valdistrikt.xlsx [R antal]
2018;rd;14806031;Angered, Gårdsten, Norra;974;974;0;2018_R_per_valdistrikt.xlsx [R antal]
2018;rd;14806032;Angered, Gårdsten, Södra;842;842;0;2018_R_per_valdistrikt.xlsx [R antal]
2018;rd;14806033;Angered, Gårdsten, Västra;1575;1575;0;2018_R_per_valdistrikt.xlsx [R antal]
2018;rd;14806034;Angered, Gårdsten, Östra;1256;1256;0;2018_R_per_valdistrikt.xlsx [R antal]
2018;rd;14806041;Angered, Angereds Centrum;1586;1586;0;2018_R_per_valdistrikt.xlsx [R antal]
2018;rd;14806042;Angered, Trägårdsgärdet;1174;1174;0;2018_R_per_valdistrikt.xlsx [R antal]
2018;rd;14806051;Angered, Agnesberg;699;699;0;2018_R_per_valdistrikt.xlsx [R antal]
2018;rd;14806061;Angered, Hammarkullen, Centrum;1232;1232;0;2018_R_per_valdistrikt.xlsx [R antal]
2018;rd;14806062;Angered, Hammarkullen, Västra;1250;1250;0;2018_R_per_valdistrikt.xlsx [R antal]
2018;rd;14806063;Angered, Hammarkullen, Östra;1070;1070;0;2018_R_per_valdistrikt.xlsx [R antal]
2018;rd;14806064;Angered, Sandeslätt;1196;1196;0;2018_R_per_valdistrikt.xlsx [R antal]
2018;rd;14806101;Angered, Gunnilse-Linnarhult;1554;1554;0;2018_R_per_valdistrikt.xlsx [R antal]
2018;rd;14806111;Angered, Bergum;1231;1231;0;2018_R_per_valdistrikt.xlsx [R antal]
2018;rd;14806112;Angered, Björsared;1011;1011;0;2018_R_per_valdistrikt.xlsx [R antal]
2018;rd;14806113;Angered, Olofstorp;1207;1207;0;2018_R_per_valdistrikt.xlsx [R antal]
2018;rd;14806121;Angered, Bläsebo;1296;1296;0;2018_R_per_valdistrikt.xlsx [R antal]
2018;rd;14806122;Angered, Hjällbo, Norra;1401;1401;0;2018_R_per_valdistrikt.xlsx [R antal]
2018;rd;14806123;Angered, Hjällbo, Södra;953;953;0;2018_R_per_valdistrikt.xlsx [R antal]
2018;rd;14806124;Angered, Skolspåret;1001;1001;0;2018_R_per_valdistrikt.xlsx [R antal]
2018;rd;14806131;Angered, Eriksbo;1699;1699;0;2018_R_per_valdistrikt.xlsx [R antal]
2018;rd;14807011;Västra Hisingen, Biskopsgården, N;1770;1770;0;2018_R_per_valdistrikt.xlsx [R antal]
2018;rd;14807012;Västra Hisingen, Svarte Mosse;890;890;0;2018_R_per_valdistrikt.xlsx [R antal]
2018;rd;14807021;Västra Hisingen, Länsmansgården, C;1239;1239;0;2018_R_per_valdistrikt.xlsx [R antal]
2018;rd;14807022;Västra Hisingen, Länsmansgården, N;1200;1200;0;2018_R_per_valdistrikt.xlsx [R antal]
2018;rd;14807023;Västra Hisingen, Länsmansgården, S;987;987;0;2018_R_per_valdistrikt.xlsx [R antal]
2018;rd;14807031;Västra Hisingen, Länsmansgården, Ö;1326;1326;0;2018_R_per_valdistrikt.xlsx [R antal]
2018;rd;14807032;Västra Hisingen, Svartedalen, Norra;1355;1355;0;2018_R_per_valdistrikt.xlsx [R antal]
2018;rd;14807041;Västra Hisingen, Andalen;1212;1212;0;2018_R_per_valdistrikt.xlsx [R antal]
2018;rd;14807042;Västra Hisingen, Gossbydal-Trånget;1263;1263;0;2018_R_per_valdistrikt.xlsx [R antal]
2018;rd;14807043;Västra Hisingen, Hjuvik;1503;1503;0;2018_R_per_valdistrikt.xlsx [R antal]
2018;rd;14807044;Västra Hisingen, Hällsvik;1204;1204;0;2018_R_per_valdistrikt.xlsx [R antal]
2018;rd;14807051;Västra Hisingen, Amhult-Arendal;1307;1307;0;2018_R_per_valdistrikt.xlsx [R antal]
2018;rd;14807052;Västra Hisingen, Domarringen m fl;1207;1207;0;2018_R_per_valdistrikt.xlsx [R antal]
2018;rd;14807053;Västra Hisingen, Nolered;1372;1372;0;2018_R_per_valdistrikt.xlsx [R antal]
2018;rd;14807054;Västra Hisingen, Torslanda;1374;1374;0;2018_R_per_valdistrikt.xlsx [R antal]
2018;rd;14807055;Västra Hisingen, Torslanda Torg;1260;1260;0;2018_R_per_valdistrikt.xlsx [R antal]
2018;rd;14807056;Västra Hisingen, Tumlehed;1315;1315;0;2018_R_per_valdistrikt.xlsx [R antal]
2018;rd;14807061;Västra Hisingen, Björlanda;1132;1132;0;2018_R_per_valdistrikt.xlsx [R antal]
2018;rd;14807062;Västra Hisingen, Kvisljungeby;1147;1147;0;2018_R_per_valdistrikt.xlsx [R antal]
2018;rd;14807063;Västra Hisingen, Lilleby;1380;1380;0;2018_R_per_valdistrikt.xlsx [R antal]
2018;rd;14807064;Västra Hisingen, Nolvik;1100;1100;0;2018_R_per_valdistrikt.xlsx [R antal]
2018;rd;14807065;Västra Hisingen, Älvegården m fl;1085;1085;0;2018_R_per_valdistrikt.xlsx [R antal]
2018;rd;14807081;Västra Hisingen, Biskopsgården, S;1203;1203;0;2018_R_per_valdistrikt.xlsx [R antal]
2018;rd;14807082;Västra Hisingen, Treröset;976;976;0;2018_R_per_valdistrikt.xlsx [R antal]
2018;rd;14807083;Västra Hisingen, Vårväderstorget;1469;1469;0;2018_R_per_valdistrikt.xlsx [R antal]
2018;rd;14807084;Västra Hisingen, Väderlekstorget;1291;1291;0;2018_R_per_valdistrikt.xlsx [R antal]
2018;rd;14807091;Västra Hisingen, Jättesten;1224;1224;0;2018_R_per_valdistrikt.xlsx [R antal]
2018;rd;14807092;Västra Hisingen, Kärrmossen;1291;1291;0;2018_R_per_valdistrikt.xlsx [R antal]
2018;rd;14807093;Västra Hisingen, Svartedalen, Södra;949;949;0;2018_R_per_valdistrikt.xlsx [R antal]
2018;rd;14807094;Västra Hisingen, Önskevädersg. m fl;995;995;0;2018_R_per_valdistrikt.xlsx [R antal]
2018;rf;14801011;Majorna-Linné, Gröna Vallen;1371;1371;0;2018_L_per_valdistrikt.xlsx [L antal]
2018;rf;14801012;Majorna-Linné, Klippan;1180;1180;0;2018_L_per_valdistrikt.xlsx [L antal]
2018;rf;14801013;Majorna-Linné, Kungsladugård, Västra;1266;1266;0;2018_L_per_valdistrikt.xlsx [L antal]
2018;rf;14801014;Majorna-Linné, Kungsladugård, Östra;1161;1161;0;2018_L_per_valdistrikt.xlsx [L antal]
2018;rf;14801015;Majorna-Linné, Mariaplan;1106;1106;0;2018_L_per_valdistrikt.xlsx [L antal]
2018;rf;14801016;Majorna-Linné, Skytteskogen;1415;1415;0;2018_L_per_valdistrikt.xlsx [L antal]
2018;rf;14801017;Majorna-Linné, Svalebo;1220;1220;0;2018_L_per_valdistrikt.xlsx [L antal]
2018;rf;14801021;Majorna-Linné, Sandarne;1258;1258;0;2018_L_per_valdistrikt.xlsx [L antal]
2018;rf;14801022;Majorna-Linné, Silverkällan;1104;1104;0;2018_L_per_valdistrikt.xlsx [L antal]
2018;rf;14801031;Majorna-Linné, Chapmans Torg;1075;1075;0;2018_L_per_valdistrikt.xlsx [L antal]
2018;rf;14801032;Majorna-Linné, Godhem;1230;1230;0;2018_L_per_valdistrikt.xlsx [L antal]
2018;rf;14801033;Majorna-Linné, Gråberget, Västra;952;952;0;2018_L_per_valdistrikt.xlsx [L antal]
2018;rf;14801034;Majorna-Linné, Gråberget, Östra;1139;1139;0;2018_L_per_valdistrikt.xlsx [L antal]
2018;rf;14801035;Majorna-Linné, Hängmattan;1153;1153;0;2018_L_per_valdistrikt.xlsx [L antal]
2018;rf;14801036;Majorna-Linné, Majorna;1169;1169;0;2018_L_per_valdistrikt.xlsx [L antal]
2018;rf;14801037;Majorna-Linné, Marieberg;1097;1097;0;2018_L_per_valdistrikt.xlsx [L antal]
2018;rf;14801038;Majorna-Linné, Slottsskogsgatan m fl;1022;1022;0;2018_L_per_valdistrikt.xlsx [L antal]
2018;rf;14801041;Majorna-Linné, Djurgårdsgatan m fl;1170;1170;0;2018_L_per_valdistrikt.xlsx [L antal]
2018;rf;14801042;Majorna-Linné, Gatenhielmska;1293;1293;0;2018_L_per_valdistrikt.xlsx [L antal]
2018;rf;14801043;Majorna-Linné, Karl Johans torg;1204;1204;0;2018_L_per_valdistrikt.xlsx [L antal]
2018;rf;14801044;Majorna-Linné, Klareborgsgatan m fl;1134;1134;0;2018_L_per_valdistrikt.xlsx [L antal]
2018;rf;14801045;Majorna-Linné, Söderlingska ängen;1246;1246;0;2018_L_per_valdistrikt.xlsx [L antal]
2018;rf;14801051;Majorna-Linné, Masthugget, Nedre;1017;1017;0;2018_L_per_valdistrikt.xlsx [L antal]
2018;rf;14801052;Majorna-Linné, Masthugget, Övre;1340;1340;0;2018_L_per_valdistrikt.xlsx [L antal]
2018;rf;14801053;Majorna-Linné, Masthuggstorget;1300;1300;0;2018_L_per_valdistrikt.xlsx [L antal]
2018;rf;14801054;Majorna-Linné, Oscar Fredrik;1093;1093;0;2018_L_per_valdistrikt.xlsx [L antal]
2018;rf;14801055;Majorna-Linné, Sjömansgatan m fl;1136;1136;0;2018_L_per_valdistrikt.xlsx [L antal]
2018;rf;14801056;Majorna-Linné, Slottsskogen;1123;1123;0;2018_L_per_valdistrikt.xlsx [L antal]
2018;rf;14801057;Majorna-Linné, Stigberget;1161;1161;0;2018_L_per_valdistrikt.xlsx [L antal]
2018;rf;14801058;Majorna-Linné, Vegastaden;1310;1310;0;2018_L_per_valdistrikt.xlsx [L antal]
2018;rf;14801061;Majorna-Linné, Änggården;1264;1264;0;2018_L_per_valdistrikt.xlsx [L antal]
2018;rf;14801071;Majorna-Linné, Haga Västra;1290;1290;0;2018_L_per_valdistrikt.xlsx [L antal]
2018;rf;14801072;Majorna-Linné, Haga Östra;952;952;0;2018_L_per_valdistrikt.xlsx [L antal]
2018;rf;14801073;Majorna-Linné, Skansberget;1095;1095;0;2018_L_per_valdistrikt.xlsx [L antal]
2018;rf;14801081;Majorna-Linné, Annedal, Norra;1257;1257;0;2018_L_per_valdistrikt.xlsx [L antal]
2018;rf;14801082;Majorna-Linné, Annedal, Södra;1158;1158;0;2018_L_per_valdistrikt.xlsx [L antal]
2018;rf;14801083;Majorna-Linné, Nilssonsberg;1366;1366;0;2018_L_per_valdistrikt.xlsx [L antal]
2018;rf;14801091;Majorna-Linné, Kommendantsängen;1267;1267;0;2018_L_per_valdistrikt.xlsx [L antal]
2018;rf;14801092;Majorna-Linné, Linné;1381;1381;0;2018_L_per_valdistrikt.xlsx [L antal]
2018;rf;14801093;Majorna-Linné, Linnéplatsen;1386;1386;0;2018_L_per_valdistrikt.xlsx [L antal]
2018;rf;14801094;Majorna-Linné, Långgatorna;1095;1095;0;2018_L_per_valdistrikt.xlsx [L antal]
2018;rf;14801095;Majorna-Linné, Olivedal;1093;1093;0;2018_L_per_valdistrikt.xlsx [L antal]
2018;rf;14801096;Majorna-Linné, Plantagegatan, m fl;1017;1017;0;2018_L_per_valdistrikt.xlsx [L antal]
2018;rf;14801097;Majorna-Linné, Risåsen;1168;1168;0;2018_L_per_valdistrikt.xlsx [L antal]
2018;rf;14801098;Majorna-Linné, Sveaplan;1357;1357;0;2018_L_per_valdistrikt.xlsx [L antal]
2018;rf;14801100;Centrum, Framnäs;1159;1159;0;2018_L_per_valdistrikt.xlsx [L antal]
2018;rf;14801101;Centrum, Fredriksdal;818;818;0;2018_L_per_valdistrikt.xlsx [L antal]
2018;rf;14801102;Centrum, Fridkullagatan m fl;1180;1180;0;2018_L_per_valdistrikt.xlsx [L antal]
2018;rf;14801103;Centrum, Getebergsäng;1469;1469;0;2018_L_per_valdistrikt.xlsx [L antal]
2018;rf;14801104;Centrum, Kristinehöjd, Västra;1364;1364;0;2018_L_per_valdistrikt.xlsx [L antal]
2018;rf;14801105;Centrum, Kristinehöjd, Östra;1392;1392;0;2018_L_per_valdistrikt.xlsx [L antal]
2018;rf;14801106;Centrum, Krokslätt, Norra;1175;1175;0;2018_L_per_valdistrikt.xlsx [L antal]
2018;rf;14801107;Centrum, Krokslätt, Södra;587;587;0;2018_L_per_valdistrikt.xlsx [L antal]
2018;rf;14801108;Centrum, Mossen;1015;1015;0;2018_L_per_valdistrikt.xlsx [L antal]
2018;rf;14801109;Centrum, Olofshöjd;1120;1120;0;2018_L_per_valdistrikt.xlsx [L antal]
2018;rf;14801111;Centrum, Eklanda Norra;1107;1107;0;2018_L_per_valdistrikt.xlsx [L antal]
2018;rf;14801112;Centrum, Eklanda Södra;1135;1135;0;2018_L_per_valdistrikt.xlsx [L antal]
2018;rf;14801113;Centrum, Johanneberg, Nedre;1444;1444;0;2018_L_per_valdistrikt.xlsx [L antal]
2018;rf;14801114;Centrum, Johanneberg, Västra;1041;1041;0;2018_L_per_valdistrikt.xlsx [L antal]
2018;rf;14801115;Centrum, Johanneberg, Östra;1118;1118;0;2018_L_per_valdistrikt.xlsx [L antal]
2018;rf;14801116;Centrum, Johanneberg, Övre;1106;1106;0;2018_L_per_valdistrikt.xlsx [L antal]
2018;rf;14801121;Centrum, Landala;1415;1415;0;2018_L_per_valdistrikt.xlsx [L antal]
2018;rf;14801122;Centrum, Landalabergen m fl;1516;1516;0;2018_L_per_valdistrikt.xlsx [L antal]
2018;rf;14801123;Centrum, Landalagången m fl;1302;1302;0;2018_L_per_valdistrikt.xlsx [L antal]
2018;rf;14801131;Centrum, Doktor Forselius Backe m fl;1303;1303;0;2018_L_per_valdistrikt.xlsx [L antal]
2018;rf;14801132;Centrum, Guldheden Vattentornet;1395;1395;0;2018_L_per_valdistrikt.xlsx [L antal]
2018;rf;14801133;Centrum, Guldheden Östra;1121;1121;0;2018_L_per_valdistrikt.xlsx [L antal]
2018;rf;14801134;Centrum, Guldheden, Centrala;1217;1217;0;2018_L_per_valdistrikt.xlsx [L antal]
2018;rf;14801135;Centrum, Guldheden, Norra;1156;1156;0;2018_L_per_valdistrikt.xlsx [L antal]
2018;rf;14801136;Centrum, Guldheden, Södra;1344;1344;0;2018_L_per_valdistrikt.xlsx [L antal]
2018;rf;14801137;Centrum, Landala Egnahem;1190;1190;0;2018_L_per_valdistrikt.xlsx [L antal]
2018;rf;14801141;Centrum, Lorensberg;1357;1357;0;2018_L_per_valdistrikt.xlsx [L antal]
2018;rf;14801151;Centrum, Fogelbergsparken;1118;1118;0;2018_L_per_valdistrikt.xlsx [L antal]
2018;rf;14801152;Centrum, Valand;1168;1168;0;2018_L_per_valdistrikt.xlsx [L antal]
2018;rf;14801153;Centrum, Vasastaden, Norra;1289;1289;0;2018_L_per_valdistrikt.xlsx [L antal]
2018;rf;14801154;Centrum, Vasastaden, Södra;1228;1228;0;2018_L_per_valdistrikt.xlsx [L antal]
2018;rf;14801155;Centrum, Vasastaden, Östra;1226;1226;0;2018_L_per_valdistrikt.xlsx [L antal]
2018;rf;14801161;Centrum, Inom Vallgraven;1377;1377;0;2018_L_per_valdistrikt.xlsx [L antal]
2018;rf;14801162;Centrum, Nordstan;1246;1246;0;2018_L_per_valdistrikt.xlsx [L antal]
2018;rf;14801163;Centrum, Otterhällan;1043;1043;0;2018_L_per_valdistrikt.xlsx [L antal]
2018;rf;14801171;Centrum, Friggagatan m fl;1176;1176;0;2018_L_per_valdistrikt.xlsx [L antal]
2018;rf;14801172;Centrum, Gårda, Norra;1120;1120;0;2018_L_per_valdistrikt.xlsx [L antal]
2018;rf;14801173;Centrum, Odinsgatan m fl;1171;1171;0;2018_L_per_valdistrikt.xlsx [L antal]
2018;rf;14801174;Centrum, Stampen;1414;1414;0;2018_L_per_valdistrikt.xlsx [L antal]
2018;rf;14801175;Centrum, Svingeln;1199;1199;0;2018_L_per_valdistrikt.xlsx [L antal]
2018;rf;14801181;Centrum, Bohusgatan m fl;789;789;0;2018_L_per_valdistrikt.xlsx [L antal]
2018;rf;14801182;Centrum, Gårda, Södra;1017;1017;0;2018_L_per_valdistrikt.xlsx [L antal]
2018;rf;14801183;Centrum, Heden;1264;1264;0;2018_L_per_valdistrikt.xlsx [L antal]
2018;rf;14801184;Centrum, Hedås;1432;1432;0;2018_L_per_valdistrikt.xlsx [L antal]
2018;rf;14801185;Centrum, Sten Sturegatan m fl;950;950;0;2018_L_per_valdistrikt.xlsx [L antal]
2018;rf;14802011;Örgryte-Härlanda, Gubbero;1284;1284;0;2018_L_per_valdistrikt.xlsx [L antal]
2018;rf;14802012;Örgryte-Härlanda, Olskroken;1375;1375;0;2018_L_per_valdistrikt.xlsx [L antal]
2018;rf;14802013;Örgryte-Härlanda, Redberget;1192;1192;0;2018_L_per_valdistrikt.xlsx [L antal]
2018;rf;14802014;Örgryte-Härlanda, Redbergsplatsen;1199;1199;0;2018_L_per_valdistrikt.xlsx [L antal]
2018;rf;14802021;Örgryte-Härlanda, Bagaregården;1205;1205;0;2018_L_per_valdistrikt.xlsx [L antal]
2018;rf;14802022;Örgryte-Härlanda, Ånäs;1364;1364;0;2018_L_per_valdistrikt.xlsx [L antal]
2018;rf;14802031;Örgryte-Härlanda, Strömmensberg, V;1333;1333;0;2018_L_per_valdistrikt.xlsx [L antal]
2018;rf;14802032;Örgryte-Härlanda, Strömmensberg, Ö;1439;1439;0;2018_L_per_valdistrikt.xlsx [L antal]
2018;rf;14802041;Örgryte-Härlanda, Kallebäck, Norra;1028;1028;0;2018_L_per_valdistrikt.xlsx [L antal]
2018;rf;14802042;Örgryte-Härlanda, Kallebäck, Västra;962;962;0;2018_L_per_valdistrikt.xlsx [L antal]
2018;rf;14802043;Örgryte-Härlanda, Kallebäck, Östra;1138;1138;0;2018_L_per_valdistrikt.xlsx [L antal]
2018;rf;14802051;Örgryte-Härlanda, Jakobsdal;1374;1374;0;2018_L_per_valdistrikt.xlsx [L antal]
2018;rf;14802052;Örgryte-Härlanda, Skår, Norra;1095;1095;0;2018_L_per_valdistrikt.xlsx [L antal]
2018;rf;14802053;Örgryte-Härlanda, Skår, Södra;1239;1239;0;2018_L_per_valdistrikt.xlsx [L antal]
2018;rf;14802061;Örgryte-Härlanda, Bö;986;986;0;2018_L_per_valdistrikt.xlsx [L antal]
2018;rf;14802062;Örgryte-Härlanda, Örgryte;1033;1033;0;2018_L_per_valdistrikt.xlsx [L antal]
2018;rf;14802071;Örgryte-Härlanda, Stora Torp;996;996;0;2018_L_per_valdistrikt.xlsx [L antal]
2018;rf;14802072;Örgryte-Härlanda, Lilla Torp;1583;1583;0;2018_L_per_valdistrikt.xlsx [L antal]
2018;rf;14802081;Örgryte-Härlanda, Danska vägen m fl;1255;1255;0;2018_L_per_valdistrikt.xlsx [L antal]
2018;rf;14802082;Örgryte-Härlanda, Kärralund, Norra;1223;1223;0;2018_L_per_valdistrikt.xlsx [L antal]
2018;rf;14802083;Örgryte-Härlanda, Kärralund, Södra;1301;1301;0;2018_L_per_valdistrikt.xlsx [L antal]
2018;rf;14802084;Örgryte-Härlanda, Lunden, Gamla;1263;1263;0;2018_L_per_valdistrikt.xlsx [L antal]
2018;rf;14802085;Örgryte-Härlanda, Lunden, Nya;1152;1152;0;2018_L_per_valdistrikt.xlsx [L antal]
2018;rf;14802086;Örgryte-Härlanda, Nobelplatsen;1174;1174;0;2018_L_per_valdistrikt.xlsx [L antal]
2018;rf;14802087;Örgryte-Härlanda, Sankt Pauli;1296;1296;0;2018_L_per_valdistrikt.xlsx [L antal]
2018;rf;14802088;Örgryte-Härlanda, Överås;1090;1090;0;2018_L_per_valdistrikt.xlsx [L antal]
2018;rf;14802091;Örgryte-Härlanda, Härlanda;1277;1277;0;2018_L_per_valdistrikt.xlsx [L antal]
2018;rf;14802101;Örgryte-Härlanda, Kålltorp, Norra;1194;1194;0;2018_L_per_valdistrikt.xlsx [L antal]
2018;rf;14802102;Örgryte-Härlanda, Kålltorp, Södra;1245;1245;0;2018_L_per_valdistrikt.xlsx [L antal]
2018;rf;14802103;Örgryte-Härlanda, Kålltorp, Västra;1351;1351;0;2018_L_per_valdistrikt.xlsx [L antal]
2018;rf;14802104;Örgryte-Härlanda, Kålltorp, Östra;1356;1356;0;2018_L_per_valdistrikt.xlsx [L antal]
2018;rf;14802105;Örgryte-Härlanda, Munkebäck, Norra;1120;1120;0;2018_L_per_valdistrikt.xlsx [L antal]
2018;rf;14802106;Örgryte-Härlanda, Munkebäck, Södra;915;915;0;2018_L_per_valdistrikt.xlsx [L antal]
2018;rf;14802111;Örgryte-Härlanda, Fräntorp;1440;1440;0;2018_L_per_valdistrikt.xlsx [L antal]
2018;rf;14802112;Örgryte-Härlanda, Torpa;1605;1605;0;2018_L_per_valdistrikt.xlsx [L antal]
2018;rf;14802121;Örgryte-Härlanda, Björkekärr, Norra;954;954;0;2018_L_per_valdistrikt.xlsx [L antal]
2018;rf;14802122;Örgryte-Härlanda, Björkekärr, Södra;1451;1451;0;2018_L_per_valdistrikt.xlsx [L antal]
2018;rf;14802123;Örgryte-Härlanda, Björkekärr, Västra;1361;1361;0;2018_L_per_valdistrikt.xlsx [L antal]
2018;rf;14802124;Örgryte-Härlanda, Björkekärr, Östra;1352;1352;0;2018_L_per_valdistrikt.xlsx [L antal]
2018;rf;14802125;Örgryte-Härlanda, Robertshöjd m fl;1496;1496;0;2018_L_per_valdistrikt.xlsx [L antal]
2018;rf;14803011;Östra Göteborg, Bellevue;1222;1222;0;2018_L_per_valdistrikt.xlsx [L antal]
2018;rf;14803012;Östra Göteborg, Bellevue Park;1095;1095;0;2018_L_per_valdistrikt.xlsx [L antal]
2018;rf;14803013;Östra Göteborg, Gamlestaden, Norra;1439;1439;0;2018_L_per_valdistrikt.xlsx [L antal]
2018;rf;14803014;Östra Göteborg, Gamlestaden, Södra;957;957;0;2018_L_per_valdistrikt.xlsx [L antal]
2018;rf;14803015;Östra Göteborg, Kviberg, Västra;1219;1219;0;2018_L_per_valdistrikt.xlsx [L antal]
2018;rf;14803016;Östra Göteborg, Kviberg, Östra;1062;1062;0;2018_L_per_valdistrikt.xlsx [L antal]
2018;rf;14803017;Östra Göteborg, Nylöse;1060;1060;0;2018_L_per_valdistrikt.xlsx [L antal]
2018;rf;14803021;Östra Göteborg, Fjällbo;1568;1568;0;2018_L_per_valdistrikt.xlsx [L antal]
2018;rf;14803022;Östra Göteborg, Utby;1495;1495;0;2018_L_per_valdistrikt.xlsx [L antal]
2018;rf;14803023;Östra Göteborg, Utbynäs;1172;1172;0;2018_L_per_valdistrikt.xlsx [L antal]
2018;rf;14803031;Östra Göteborg, Förstamajgatan m fl;1197;1197;0;2018_L_per_valdistrikt.xlsx [L antal]
2018;rf;14803032;Östra Göteborg, Gregorianska g. m fl;1427;1427;0;2018_L_per_valdistrikt.xlsx [L antal]
2018;rf;14803033;Östra Göteborg, Kortedala Centrum;1220;1220;0;2018_L_per_valdistrikt.xlsx [L antal]
2018;rf;14803034;Östra Göteborg, Kortedala, Södra;1310;1310;0;2018_L_per_valdistrikt.xlsx [L antal]
2018;rf;14803035;Östra Göteborg, Kortedala, Västra;1363;1363;0;2018_L_per_valdistrikt.xlsx [L antal]
2018;rf;14803036;Östra Göteborg, Kortedala, Östra;1337;1337;0;2018_L_per_valdistrikt.xlsx [L antal]
2018;rf;14803041;Östra Göteborg, Adventsparken, V;1358;1358;0;2018_L_per_valdistrikt.xlsx [L antal]
2018;rf;14803042;Östra Göteborg, Adventsparken, Ö;1165;1165;0;2018_L_per_valdistrikt.xlsx [L antal]
2018;rf;14803043;Östra Göteborg, Kortedala, Norra;1164;1164;0;2018_L_per_valdistrikt.xlsx [L antal]
2018;rf;14803044;Östra Göteborg, Månadsgatorna m fl;1446;1446;0;2018_L_per_valdistrikt.xlsx [L antal]
2018;rf;14803051;Östra Göteborg, Bergsjön, Norra;1126;1126;0;2018_L_per_valdistrikt.xlsx [L antal]
2018;rf;14803052;Östra Göteborg, Gärdsmosse;1517;1517;0;2018_L_per_valdistrikt.xlsx [L antal]
2018;rf;14803053;Östra Göteborg, Gärdsås;1039;1039;0;2018_L_per_valdistrikt.xlsx [L antal]
2018;rf;14803054;Östra Göteborg, Siriusgatan;2005;2005;0;2018_L_per_valdistrikt.xlsx [L antal]
2018;rf;14803061;Östra Göteborg, Bergsjön, Södra;1643;1643;0;2018_L_per_valdistrikt.xlsx [L antal]
2018;rf;14803062;Östra Göteborg, Bergsjön, Östra;1669;1669;0;2018_L_per_valdistrikt.xlsx [L antal]
2018;rf;14803063;Östra Göteborg, Komettorget;1124;1124;0;2018_L_per_valdistrikt.xlsx [L antal]
2018;rf;14803064;Östra Göteborg, Rymdtorget;1636;1636;0;2018_L_per_valdistrikt.xlsx [L antal]
2018;rf;14804021;Lundby, Bjurslätt, Södra;1441;1441;0;2018_L_per_valdistrikt.xlsx [L antal]
2018;rf;14804022;Lundby, Flunsås;1455;1455;0;2018_L_per_valdistrikt.xlsx [L antal]
2018;rf;14804023;Lundby, Kvillebäcken, Norra;1478;1478;0;2018_L_per_valdistrikt.xlsx [L antal]
2018;rf;14804024;Lundby, Kvillebäcken, Södra;1369;1369;0;2018_L_per_valdistrikt.xlsx [L antal]
2018;rf;14804025;Lundby, Kvillebäcken, Östra;1244;1244;0;2018_L_per_valdistrikt.xlsx [L antal]
2018;rf;14804026;Lundby, Penselgatan m fl;1341;1341;0;2018_L_per_valdistrikt.xlsx [L antal]
2018;rf;14804027;Lundby, Wieselgrensplatsen;1687;1687;0;2018_L_per_valdistrikt.xlsx [L antal]
2018;rf;14804028;Lundby, Vågmästarplatsen;458;458;0;2018_L_per_valdistrikt.xlsx [L antal]
2018;rf;14804031;Lundby, Bjurslätt, Norra;1155;1155;0;2018_L_per_valdistrikt.xlsx [L antal]
2018;rf;14804032;Lundby, Hilldedal;1317;1317;0;2018_L_per_valdistrikt.xlsx [L antal]
2018;rf;14804033;Lundby, Slätta Damm;966;966;0;2018_L_per_valdistrikt.xlsx [L antal]
2018;rf;14804041;Lundby, Kärrdalen;1496;1496;0;2018_L_per_valdistrikt.xlsx [L antal]
2018;rf;14804042;Lundby, Tolered, Norra;1186;1186;0;2018_L_per_valdistrikt.xlsx [L antal]
2018;rf;14804043;Lundby, Tolered, Södra;1163;1163;0;2018_L_per_valdistrikt.xlsx [L antal]
2018;rf;14804051;Norra Hisingen, Glöstorp;1425;1425;0;2018_L_per_valdistrikt.xlsx [L antal]
2018;rf;14804052;Norra Hisingen, Gunnestorp;1198;1198;0;2018_L_per_valdistrikt.xlsx [L antal]
2018;rf;14804053;Norra Hisingen, Norumshöjd;1463;1463;0;2018_L_per_valdistrikt.xlsx [L antal]
2018;rf;14804054;Norra Hisingen, Tuve, Norra;777;777;0;2018_L_per_valdistrikt.xlsx [L antal]
2018;rf;14804055;Norra Hisingen, Tuve, Södra;1427;1427;0;2018_L_per_valdistrikt.xlsx [L antal]
2018;rf;14804056;Norra Hisingen, Tången;1283;1283;0;2018_L_per_valdistrikt.xlsx [L antal]
2018;rf;14804061;Norra Hisingen, Säve;1392;1392;0;2018_L_per_valdistrikt.xlsx [L antal]
2018;rf;14804071;Norra Hisingen, Gerrebacka-Ingebäck;1442;1442;0;2018_L_per_valdistrikt.xlsx [L antal]
2018;rf;14804072;Norra Hisingen, Kärra, Norra;1118;1118;0;2018_L_per_valdistrikt.xlsx [L antal]
2018;rf;14804073;Norra Hisingen, Kärra, Södra;1360;1360;0;2018_L_per_valdistrikt.xlsx [L antal]
2018;rf;14804074;Norra Hisingen, Kärra, Västra;1264;1264;0;2018_L_per_valdistrikt.xlsx [L antal]
2018;rf;14804075;Norra Hisingen, Kärra, Östra;1351;1351;0;2018_L_per_valdistrikt.xlsx [L antal]
2018;rf;14804076;Norra Hisingen, Mysterna-Svankälla;1422;1422;0;2018_L_per_valdistrikt.xlsx [L antal]
2018;rf;14804081;Norra Hisingen, Rödbo;1070;1070;0;2018_L_per_valdistrikt.xlsx [L antal]
2018;rf;14804091;Norra Hisingen, Sankt Jörgen;1083;1083;0;2018_L_per_valdistrikt.xlsx [L antal]
2018;rf;14804092;Norra Hisingen, Skogome;957;957;0;2018_L_per_valdistrikt.xlsx [L antal]
2018;rf;14804101;Norra Hisingen, Aröd;1224;1224;0;2018_L_per_valdistrikt.xlsx [L antal]
2018;rf;14804102;Norra Hisingen, Brunnsbo, Norra;1342;1342;0;2018_L_per_valdistrikt.xlsx [L antal]
2018;rf;14804103;Norra Hisingen, Brunnsbo, Södra;1536;1536;0;2018_L_per_valdistrikt.xlsx [L antal]
2018;rf;14804104;Norra Hisingen, Tingstad;1403;1403;0;2018_L_per_valdistrikt.xlsx [L antal]
2018;rf;14804121;Norra Hisingen, Backa Röd;1179;1179;0;2018_L_per_valdistrikt.xlsx [L antal]
2018;rf;14804122;Norra Hisingen, Backa, Norra;1205;1205;0;2018_L_per_valdistrikt.xlsx [L antal]
2018;rf;14804123;Norra Hisingen, Backa, Södra;1100;1100;0;2018_L_per_valdistrikt.xlsx [L antal]
2018;rf;14804124;Norra Hisingen, Bällskär;1273;1273;0;2018_L_per_valdistrikt.xlsx [L antal]
2018;rf;14804125;Norra Hisingen, Wadköpingsgatan m fl;1383;1383;0;2018_L_per_valdistrikt.xlsx [L antal]
2018;rf;14804131;Norra Hisingen, Backadalen;1422;1422;0;2018_L_per_valdistrikt.xlsx [L antal]
2018;rf;14804132;Norra Hisingen, Bäckebol;1543;1543;0;2018_L_per_valdistrikt.xlsx [L antal]
2018;rf;14804133;Norra Hisingen, Selma Lagerlöfs torg;1299;1299;0;2018_L_per_valdistrikt.xlsx [L antal]
2018;rf;14804134;Norra Hisingen, Skälltorp;1520;1520;0;2018_L_per_valdistrikt.xlsx [L antal]
2018;rf;14804135;Norra Hisingen, Åketorp;1287;1287;0;2018_L_per_valdistrikt.xlsx [L antal]
2018;rf;14804141;Lundby, Bräcke, Norra;1393;1393;0;2018_L_per_valdistrikt.xlsx [L antal]
2018;rf;14804142;Lundby, Bräcke, Södra;1197;1197;0;2018_L_per_valdistrikt.xlsx [L antal]
2018;rf;14804143;Lundby, Kyrkbyn;1580;1580;0;2018_L_per_valdistrikt.xlsx [L antal]
2018;rf;14804144;Lundby, Lundby, Norra;1296;1296;0;2018_L_per_valdistrikt.xlsx [L antal]
2018;rf;14804145;Lundby, Lundby, Södra;1113;1113;0;2018_L_per_valdistrikt.xlsx [L antal]
2018;rf;14804151;Lundby, Brämaregården, Norra;1573;1573;0;2018_L_per_valdistrikt.xlsx [L antal]
2018;rf;14804152;Lundby, Brämaregården, Södra;1112;1112;0;2018_L_per_valdistrikt.xlsx [L antal]
2018;rf;14804153;Lundby, Porslinsfabriken;1261;1261;0;2018_L_per_valdistrikt.xlsx [L antal]
2018;rf;14804154;Lundby, Rambergsstaden, Norra;1211;1211;0;2018_L_per_valdistrikt.xlsx [L antal]
2018;rf;14804155;Lundby, Rambergsstaden, Södra;1364;1364;0;2018_L_per_valdistrikt.xlsx [L antal]
2018;rf;14804156;Lundby, Rambergsstaden, Östra;1500;1500;0;2018_L_per_valdistrikt.xlsx [L antal]
2018;rf;14804161;Lundby, Eriksberg, Västra;1442;1442;0;2018_L_per_valdistrikt.xlsx [L antal]
2018;rf;14804162;Lundby, Eriksberg, Östra;1439;1439;0;2018_L_per_valdistrikt.xlsx [L antal]
2018;rf;14804163;Lundby, Färjenäs;733;733;0;2018_L_per_valdistrikt.xlsx [L antal]
2018;rf;14804164;Lundby, Pölsebo-Bratterås;1532;1532;0;2018_L_per_valdistrikt.xlsx [L antal]
2018;rf;14804165;Lundby, Sannegården, Västra;1494;1494;0;2018_L_per_valdistrikt.xlsx [L antal]
2018;rf;14804166;Lundby, Södhallsberget;1296;1296;0;2018_L_per_valdistrikt.xlsx [L antal]
2018;rf;14804171;Lundby, Lindholmen;1114;1114;0;2018_L_per_valdistrikt.xlsx [L antal]
2018;rf;14804172;Lundby, Lundbyvassen;988;988;0;2018_L_per_valdistrikt.xlsx [L antal]
2018;rf;14804173;Lundby, Sannegården, Östra;1090;1090;0;2018_L_per_valdistrikt.xlsx [L antal]
2018;rf;14805011;Västra Göteborg, Björnekulla;1062;1062;0;2018_L_per_valdistrikt.xlsx [L antal]
2018;rf;14805012;Västra Göteborg, Fiskebäck,;1167;1167;0;2018_L_per_valdistrikt.xlsx [L antal]
2018;rf;14805013;Västra Göteborg, Källängen;1265;1265;0;2018_L_per_valdistrikt.xlsx [L antal]
2018;rf;14805014;Västra Göteborg, Osberget;1077;1077;0;2018_L_per_valdistrikt.xlsx [L antal]
2018;rf;14805015;Västra Göteborg, Påvelund;1135;1135;0;2018_L_per_valdistrikt.xlsx [L antal]
2018;rf;14805021;Västra Göteborg, Långedrag;1568;1568;0;2018_L_per_valdistrikt.xlsx [L antal]
2018;rf;14805031;Västra Göteborg, Hagen;1496;1496;0;2018_L_per_valdistrikt.xlsx [L antal]
2018;rf;14805032;Västra Göteborg, Nya Varvet;1528;1528;0;2018_L_per_valdistrikt.xlsx [L antal]
2018;rf;14805033;Västra Göteborg, Tångudden;1304;1304;0;2018_L_per_valdistrikt.xlsx [L antal]
2018;rf;14805041;Västra Göteborg, Ekebäck;1218;1218;0;2018_L_per_valdistrikt.xlsx [L antal]
2018;rf;14805042;Västra Göteborg, Grimmered;1109;1109;0;2018_L_per_valdistrikt.xlsx [L antal]
2018;rf;14805043;Västra Göteborg, Kungsten;1099;1099;0;2018_L_per_valdistrikt.xlsx [L antal]
2018;rf;14805051;Västra Göteborg, Brännö-Asperö;1062;1062;0;2018_L_per_valdistrikt.xlsx [L antal]
2018;rf;14805052;Västra Göteborg, Donsö-Vrångö;1427;1427;0;2018_L_per_valdistrikt.xlsx [L antal]
2018;rf;14805053;Västra Göteborg, Styrsö-Köpstadsö;1159;1159;0;2018_L_per_valdistrikt.xlsx [L antal]
2018;rf;14805061;Västra Göteborg, Bratthammar;1364;1364;0;2018_L_per_valdistrikt.xlsx [L antal]
2018;rf;14805071;Västra Göteborg, Guldringen m fl;1196;1196;0;2018_L_per_valdistrikt.xlsx [L antal]
2018;rf;14805072;Västra Göteborg, Tynnered, Norra;1126;1126;0;2018_L_per_valdistrikt.xlsx [L antal]
2018;rf;14805081;Västra Göteborg, Tynnered Södra;750;750;0;2018_L_per_valdistrikt.xlsx [L antal]
2018;rf;14805082;Västra Göteborg, Tynnered, Östra;1463;1463;0;2018_L_per_valdistrikt.xlsx [L antal]
2018;rf;14805091;Askim-Frölunda-Högsbo, Kaverös, N;1274;1274;0;2018_L_per_valdistrikt.xlsx [L antal]
2018;rf;14805092;Askim-Frölunda-Högsbo, Kaverös, S;1189;1189;0;2018_L_per_valdistrikt.xlsx [L antal]
2018;rf;14805093;Askim-Frölunda-Högsbo, Kavås;1265;1265;0;2018_L_per_valdistrikt.xlsx [L antal]
2018;rf;14805101;Askim-Frölunda-Högsbo, Flatås, S;1241;1241;0;2018_L_per_valdistrikt.xlsx [L antal]
2018;rf;14805102;Askim-Frölunda-Högsbo, Flatås, V;636;636;0;2018_L_per_valdistrikt.xlsx [L antal]
2018;rf;14805103;Askim-Frölunda-Högsbo, Flatås, Ö;1167;1167;0;2018_L_per_valdistrikt.xlsx [L antal]
2018;rf;14805111;Askim-Frölunda-Högsbo, Högsbohöjd, N;1422;1422;0;2018_L_per_valdistrikt.xlsx [L antal]
2018;rf;14805112;Askim-Frölunda-Högsbo, Högsbohöjd, S;1512;1512;0;2018_L_per_valdistrikt.xlsx [L antal]
2018;rf;14805121;Askim-Frölunda-Högsbo, Högsbo;1079;1079;0;2018_L_per_valdistrikt.xlsx [L antal]
2018;rf;14805122;Askim-Frölunda-Högsbo, Högsbotorp, S;1186;1186;0;2018_L_per_valdistrikt.xlsx [L antal]
2018;rf;14805123;Askim-Frölunda-Högsbo, Högsbotorp, V;1108;1108;0;2018_L_per_valdistrikt.xlsx [L antal]
2018;rf;14805124;Askim-Frölunda-Högsbo, Högsbotorp, Ö;1443;1443;0;2018_L_per_valdistrikt.xlsx [L antal]
2018;rf;14805125;Askim-Frölunda-Högsbo, Marklandsgat.;1196;1196;0;2018_L_per_valdistrikt.xlsx [L antal]
2018;rf;14805131;Askim-Frölunda-Högsbo, Spinetten;926;926;0;2018_L_per_valdistrikt.xlsx [L antal]
2018;rf;14805132;Askim-Frölunda-Högsbo, Tofta;1257;1257;0;2018_L_per_valdistrikt.xlsx [L antal]
2018;rf;14805141;Askim-Frölunda-Högsbo, Altplatsen;913;913;0;2018_L_per_valdistrikt.xlsx [L antal]
2018;rf;14805142;Askim-Frölunda-Högsbo, Ruddalen;1018;1018;0;2018_L_per_valdistrikt.xlsx [L antal]
2018;rf;14805151;Askim-Frölunda-Högsbo, Järnbrott, S;1195;1195;0;2018_L_per_valdistrikt.xlsx [L antal]
2018;rf;14805152;Askim-Frölunda-Högsbo, Järnbrott, V;1021;1021;0;2018_L_per_valdistrikt.xlsx [L antal]
2018;rf;14805153;Askim-Frölunda-Högsbo, Järnbrott, Ö;1136;1136;0;2018_L_per_valdistrikt.xlsx [L antal]
2018;rf;14805171;Askim-Frölunda-Högsbo, Frölunda;1031;1031;0;2018_L_per_valdistrikt.xlsx [L antal]
2018;rf;14805172;Askim-Frölunda-Högsbo, Frölunda Torg;1548;1548;0;2018_L_per_valdistrikt.xlsx [L antal]
2018;rf;14805173;Askim-Frölunda-Högsbo, Gånglåten;1200;1200;0;2018_L_per_valdistrikt.xlsx [L antal]
2018;rf;14805174;Askim-Frölunda-Högsbo, Mandolingatan;1147;1147;0;2018_L_per_valdistrikt.xlsx [L antal]
2018;rf;14805181;Västra Göteborg, Korsåsen;1530;1530;0;2018_L_per_valdistrikt.xlsx [L antal]
2018;rf;14805182;Västra Göteborg, Ängås;1444;1444;0;2018_L_per_valdistrikt.xlsx [L antal]
2018;rf;14805191;Västra Göteborg, Önnered, Västra;1388;1388;0;2018_L_per_valdistrikt.xlsx [L antal]
2018;rf;14805192;Västra Göteborg, Önnered, Östra;1504;1504;0;2018_L_per_valdistrikt.xlsx [L antal]
2018;rf;14805201;Västra Göteborg, Grevegården;1357;1357;0;2018_L_per_valdistrikt.xlsx [L antal]
2018;rf;14805202;Västra Göteborg, Skattegården;1604;1604;0;2018_L_per_valdistrikt.xlsx [L antal]
2018;rf;14805211;Västra Göteborg, Näset, Norra;1308;1308;0;2018_L_per_valdistrikt.xlsx [L antal]
2018;rf;14805212;Västra Göteborg, Näset, Södra;1120;1120;0;2018_L_per_valdistrikt.xlsx [L antal]
2018;rf;14805213;Västra Göteborg, Välen;1018;1018;0;2018_L_per_valdistrikt.xlsx [L antal]
2018;rf;14805214;Västra Göteborg, Åkered;1084;1084;0;2018_L_per_valdistrikt.xlsx [L antal]
2018;rf;14805221;Västra Göteborg, Opaltorget, Norra;1370;1370;0;2018_L_per_valdistrikt.xlsx [L antal]
2018;rf;14805222;Västra Göteborg, Opaltorget, Södra;1010;1010;0;2018_L_per_valdistrikt.xlsx [L antal]
2018;rf;14805231;Askim-Frölunda-Högsbo, Askim;1191;1191;0;2018_L_per_valdistrikt.xlsx [L antal]
2018;rf;14805232;Askim-Frölunda-Högsbo, Hovås, Norra;1147;1147;0;2018_L_per_valdistrikt.xlsx [L antal]
2018;rf;14805233;Askim-Frölunda-Högsbo, Hult;1185;1185;0;2018_L_per_valdistrikt.xlsx [L antal]
2018;rf;14805234;Askim-Frölunda-Högsbo, Pilegården;1252;1252;0;2018_L_per_valdistrikt.xlsx [L antal]
2018;rf;14805235;Askim-Frölunda-Högsbo, Sisjön, N;282;282;0;2018_L_per_valdistrikt.xlsx [L antal]
2018;rf;14805236;Askim-Frölunda-Högsbo, Sisjön, S;1190;1190;0;2018_L_per_valdistrikt.xlsx [L antal]
2018;rf;14805237;Askim-Frölunda-Högsbo, Sisjön, V;1495;1495;0;2018_L_per_valdistrikt.xlsx [L antal]
2018;rf;14805241;Askim-Frölunda-Högsbo, Hovås, Södra;1108;1108;0;2018_L_per_valdistrikt.xlsx [L antal]
2018;rf;14805242;Askim-Frölunda-Högsbo, Trollåsen;1440;1440;0;2018_L_per_valdistrikt.xlsx [L antal]
2018;rf;14805251;Askim-Frölunda-Högsbo, Billdal, N;1271;1271;0;2018_L_per_valdistrikt.xlsx [L antal]
2018;rf;14805252;Askim-Frölunda-Högsbo, Billdal, S;1053;1053;0;2018_L_per_valdistrikt.xlsx [L antal]
2018;rf;14805253;Askim-Frölunda-Högsbo, Brottkärr;1220;1220;0;2018_L_per_valdistrikt.xlsx [L antal]
2018;rf;14805254;Askim-Frölunda-Högsbo, Lindås;1214;1214;0;2018_L_per_valdistrikt.xlsx [L antal]
2018;rf;14805255;Askim-Frölunda-Högsbo, Lyckhem;1267;1267;0;2018_L_per_valdistrikt.xlsx [L antal]
2018;rf;14805256;Askim-Frölunda-Högsbo, Nygård;1230;1230;0;2018_L_per_valdistrikt.xlsx [L antal]
2018;rf;14805257;Askim-Frölunda-Högsbo, Skintebo;1196;1196;0;2018_L_per_valdistrikt.xlsx [L antal]
2018;rf;14805258;Askim-Frölunda-Högsbo, Uggleberget;455;455;0;2018_L_per_valdistrikt.xlsx [L antal]
2018;rf;14806011;Angered, Lövgärdet, Nedre;2195;2195;0;2018_L_per_valdistrikt.xlsx [L antal]
2018;rf;14806012;Angered, Lövgärdet, Övre;1814;1814;0;2018_L_per_valdistrikt.xlsx [L antal]
2018;rf;14806013;Angered, Lövgärdets Centrum;1352;1352;0;2018_L_per_valdistrikt.xlsx [L antal]
2018;rf;14806021;Angered, Rannebergen, Norra;1780;1780;0;2018_L_per_valdistrikt.xlsx [L antal]
2018;rf;14806022;Angered, Rannebergen, Södra;1721;1721;0;2018_L_per_valdistrikt.xlsx [L antal]
2018;rf;14806031;Angered, Gårdsten, Norra;1642;1642;0;2018_L_per_valdistrikt.xlsx [L antal]
2018;rf;14806032;Angered, Gårdsten, Södra;1021;1021;0;2018_L_per_valdistrikt.xlsx [L antal]
2018;rf;14806033;Angered, Gårdsten, Västra;2171;2171;0;2018_L_per_valdistrikt.xlsx [L antal]
2018;rf;14806034;Angered, Gårdsten, Östra;1606;1606;0;2018_L_per_valdistrikt.xlsx [L antal]
2018;rf;14806041;Angered, Angereds Centrum;1643;1643;0;2018_L_per_valdistrikt.xlsx [L antal]
2018;rf;14806042;Angered, Trägårdsgärdet;1285;1285;0;2018_L_per_valdistrikt.xlsx [L antal]
2018;rf;14806051;Angered, Agnesberg;783;783;0;2018_L_per_valdistrikt.xlsx [L antal]
2018;rf;14806061;Angered, Hammarkullen, Centrum;1422;1422;0;2018_L_per_valdistrikt.xlsx [L antal]
2018;rf;14806062;Angered, Hammarkullen, Västra;1418;1418;0;2018_L_per_valdistrikt.xlsx [L antal]
2018;rf;14806063;Angered, Hammarkullen, Östra;1260;1260;0;2018_L_per_valdistrikt.xlsx [L antal]
2018;rf;14806064;Angered, Sandeslätt;1345;1345;0;2018_L_per_valdistrikt.xlsx [L antal]
2018;rf;14806101;Angered, Gunnilse-Linnarhult;1674;1674;0;2018_L_per_valdistrikt.xlsx [L antal]
2018;rf;14806111;Angered, Bergum;1275;1275;0;2018_L_per_valdistrikt.xlsx [L antal]
2018;rf;14806112;Angered, Björsared;1074;1074;0;2018_L_per_valdistrikt.xlsx [L antal]
2018;rf;14806113;Angered, Olofstorp;1279;1279;0;2018_L_per_valdistrikt.xlsx [L antal]
2018;rf;14806121;Angered, Bläsebo;1440;1440;0;2018_L_per_valdistrikt.xlsx [L antal]
2018;rf;14806122;Angered, Hjällbo, Norra;1532;1532;0;2018_L_per_valdistrikt.xlsx [L antal]
2018;rf;14806123;Angered, Hjällbo, Södra;1093;1093;0;2018_L_per_valdistrikt.xlsx [L antal]
2018;rf;14806124;Angered, Skolspåret;1123;1123;0;2018_L_per_valdistrikt.xlsx [L antal]
2018;rf;14806131;Angered, Eriksbo;1917;1917;0;2018_L_per_valdistrikt.xlsx [L antal]
2018;rf;14807011;Västra Hisingen, Biskopsgården, N;2318;2318;0;2018_L_per_valdistrikt.xlsx [L antal]
2018;rf;14807012;Västra Hisingen, Svarte Mosse;1118;1118;0;2018_L_per_valdistrikt.xlsx [L antal]
2018;rf;14807021;Västra Hisingen, Länsmansgården, C;1460;1460;0;2018_L_per_valdistrikt.xlsx [L antal]
2018;rf;14807022;Västra Hisingen, Länsmansgården, N;1349;1349;0;2018_L_per_valdistrikt.xlsx [L antal]
2018;rf;14807023;Västra Hisingen, Länsmansgården, S;1185;1185;0;2018_L_per_valdistrikt.xlsx [L antal]
2018;rf;14807031;Västra Hisingen, Länsmansgården, Ö;1513;1513;0;2018_L_per_valdistrikt.xlsx [L antal]
2018;rf;14807032;Västra Hisingen, Svartedalen, Norra;1538;1538;0;2018_L_per_valdistrikt.xlsx [L antal]
2018;rf;14807041;Västra Hisingen, Andalen;1231;1231;0;2018_L_per_valdistrikt.xlsx [L antal]
2018;rf;14807042;Västra Hisingen, Gossbydal-Trånget;1280;1280;0;2018_L_per_valdistrikt.xlsx [L antal]
2018;rf;14807043;Västra Hisingen, Hjuvik;1498;1498;0;2018_L_per_valdistrikt.xlsx [L antal]
2018;rf;14807044;Västra Hisingen, Hällsvik;1210;1210;0;2018_L_per_valdistrikt.xlsx [L antal]
2018;rf;14807051;Västra Hisingen, Amhult-Arendal;1362;1362;0;2018_L_per_valdistrikt.xlsx [L antal]
2018;rf;14807052;Västra Hisingen, Domarringen m fl;1220;1220;0;2018_L_per_valdistrikt.xlsx [L antal]
2018;rf;14807053;Västra Hisingen, Nolered;1386;1386;0;2018_L_per_valdistrikt.xlsx [L antal]
2018;rf;14807054;Västra Hisingen, Torslanda;1388;1388;0;2018_L_per_valdistrikt.xlsx [L antal]
2018;rf;14807055;Västra Hisingen, Torslanda Torg;1248;1248;0;2018_L_per_valdistrikt.xlsx [L antal]
2018;rf;14807056;Västra Hisingen, Tumlehed;1320;1320;0;2018_L_per_valdistrikt.xlsx [L antal]
2018;rf;14807061;Västra Hisingen, Björlanda;1198;1198;0;2018_L_per_valdistrikt.xlsx [L antal]
2018;rf;14807062;Västra Hisingen, Kvisljungeby;1163;1163;0;2018_L_per_valdistrikt.xlsx [L antal]
2018;rf;14807063;Västra Hisingen, Lilleby;1354;1354;0;2018_L_per_valdistrikt.xlsx [L antal]
2018;rf;14807064;Västra Hisingen, Nolvik;1114;1114;0;2018_L_per_valdistrikt.xlsx [L antal]
2018;rf;14807065;Västra Hisingen, Älvegården m fl;1089;1089;0;2018_L_per_valdistrikt.xlsx [L antal]
2018;rf;14807081;Västra Hisingen, Biskopsgården, S;1382;1382;0;2018_L_per_valdistrikt.xlsx [L antal]
2018;rf;14807082;Västra Hisingen, Treröset;1183;1183;0;2018_L_per_valdistrikt.xlsx [L antal]
2018;rf;14807083;Västra Hisingen, Vårväderstorget;1718;1718;0;2018_L_per_valdistrikt.xlsx [L antal]
2018;rf;14807084;Västra Hisingen, Väderlekstorget;1639;1639;0;2018_L_per_valdistrikt.xlsx [L antal]
2018;rf;14807091;Västra Hisingen, Jättesten;1308;1308;0;2018_L_per_valdistrikt.xlsx [L antal]
2018;rf;14807092;Västra Hisingen, Kärrmossen;1323;1323;0;2018_L_per_valdistrikt.xlsx [L antal]
2018;rf;14807093;Västra Hisingen, Svartedalen, Södra;1128;1128;0;2018_L_per_valdistrikt.xlsx [L antal]
2018;rf;14807094;Västra Hisingen, Önskevädersg. m fl;1150;1150;0;2018_L_per_valdistrikt.xlsx [L antal]
2018;kf;14801011;Majorna-Linné, Gröna Vallen;1371;1371;0;2018_K_per_valdistrikt.xlsx [K antal]
2018;kf;14801012;Majorna-Linné, Klippan;1180;1180;0;2018_K_per_valdistrikt.xlsx [K antal]
2018;kf;14801013;Majorna-Linné, Kungsladugård, Västra;1266;1266;0;2018_K_per_valdistrikt.xlsx [K antal]
2018;kf;14801014;Majorna-Linné, Kungsladugård, Östra;1161;1161;0;2018_K_per_valdistrikt.xlsx [K antal]
2018;kf;14801015;Majorna-Linné, Mariaplan;1106;1106;0;2018_K_per_valdistrikt.xlsx [K antal]
2018;kf;14801016;Majorna-Linné, Skytteskogen;1415;1415;0;2018_K_per_valdistrikt.xlsx [K antal]
2018;kf;14801017;Majorna-Linné, Svalebo;1220;1220;0;2018_K_per_valdistrikt.xlsx [K antal]
2018;kf;14801021;Majorna-Linné, Sandarne;1258;1258;0;2018_K_per_valdistrikt.xlsx [K antal]
2018;kf;14801022;Majorna-Linné, Silverkällan;1104;1104;0;2018_K_per_valdistrikt.xlsx [K antal]
2018;kf;14801031;Majorna-Linné, Chapmans Torg;1075;1075;0;2018_K_per_valdistrikt.xlsx [K antal]
2018;kf;14801032;Majorna-Linné, Godhem;1230;1230;0;2018_K_per_valdistrikt.xlsx [K antal]
2018;kf;14801033;Majorna-Linné, Gråberget, Västra;952;952;0;2018_K_per_valdistrikt.xlsx [K antal]
2018;kf;14801034;Majorna-Linné, Gråberget, Östra;1139;1139;0;2018_K_per_valdistrikt.xlsx [K antal]
2018;kf;14801035;Majorna-Linné, Hängmattan;1153;1153;0;2018_K_per_valdistrikt.xlsx [K antal]
2018;kf;14801036;Majorna-Linné, Majorna;1169;1169;0;2018_K_per_valdistrikt.xlsx [K antal]
2018;kf;14801037;Majorna-Linné, Marieberg;1097;1097;0;2018_K_per_valdistrikt.xlsx [K antal]
2018;kf;14801038;Majorna-Linné, Slottsskogsgatan m fl;1022;1022;0;2018_K_per_valdistrikt.xlsx [K antal]
2018;kf;14801041;Majorna-Linné, Djurgårdsgatan m fl;1170;1170;0;2018_K_per_valdistrikt.xlsx [K antal]
2018;kf;14801042;Majorna-Linné, Gatenhielmska;1293;1293;0;2018_K_per_valdistrikt.xlsx [K antal]
2018;kf;14801043;Majorna-Linné, Karl Johans torg;1204;1204;0;2018_K_per_valdistrikt.xlsx [K antal]
2018;kf;14801044;Majorna-Linné, Klareborgsgatan m fl;1134;1134;0;2018_K_per_valdistrikt.xlsx [K antal]
2018;kf;14801045;Majorna-Linné, Söderlingska ängen;1246;1246;0;2018_K_per_valdistrikt.xlsx [K antal]
2018;kf;14801051;Majorna-Linné, Masthugget, Nedre;1017;1017;0;2018_K_per_valdistrikt.xlsx [K antal]
2018;kf;14801052;Majorna-Linné, Masthugget, Övre;1340;1340;0;2018_K_per_valdistrikt.xlsx [K antal]
2018;kf;14801053;Majorna-Linné, Masthuggstorget;1300;1300;0;2018_K_per_valdistrikt.xlsx [K antal]
2018;kf;14801054;Majorna-Linné, Oscar Fredrik;1093;1093;0;2018_K_per_valdistrikt.xlsx [K antal]
2018;kf;14801055;Majorna-Linné, Sjömansgatan m fl;1136;1136;0;2018_K_per_valdistrikt.xlsx [K antal]
2018;kf;14801056;Majorna-Linné, Slottsskogen;1123;1123;0;2018_K_per_valdistrikt.xlsx [K antal]
2018;kf;14801057;Majorna-Linné, Stigberget;1161;1161;0;2018_K_per_valdistrikt.xlsx [K antal]
2018;kf;14801058;Majorna-Linné, Vegastaden;1310;1310;0;2018_K_per_valdistrikt.xlsx [K antal]
2018;kf;14801061;Majorna-Linné, Änggården;1264;1264;0;2018_K_per_valdistrikt.xlsx [K antal]
2018;kf;14801071;Majorna-Linné, Haga Västra;1290;1290;0;2018_K_per_valdistrikt.xlsx [K antal]
2018;kf;14801072;Majorna-Linné, Haga Östra;952;952;0;2018_K_per_valdistrikt.xlsx [K antal]
2018;kf;14801073;Majorna-Linné, Skansberget;1095;1095;0;2018_K_per_valdistrikt.xlsx [K antal]
2018;kf;14801081;Majorna-Linné, Annedal, Norra;1257;1257;0;2018_K_per_valdistrikt.xlsx [K antal]
2018;kf;14801082;Majorna-Linné, Annedal, Södra;1158;1158;0;2018_K_per_valdistrikt.xlsx [K antal]
2018;kf;14801083;Majorna-Linné, Nilssonsberg;1366;1366;0;2018_K_per_valdistrikt.xlsx [K antal]
2018;kf;14801091;Majorna-Linné, Kommendantsängen;1267;1267;0;2018_K_per_valdistrikt.xlsx [K antal]
2018;kf;14801092;Majorna-Linné, Linné;1381;1381;0;2018_K_per_valdistrikt.xlsx [K antal]
2018;kf;14801093;Majorna-Linné, Linnéplatsen;1386;1386;0;2018_K_per_valdistrikt.xlsx [K antal]
2018;kf;14801094;Majorna-Linné, Långgatorna;1095;1095;0;2018_K_per_valdistrikt.xlsx [K antal]
2018;kf;14801095;Majorna-Linné, Olivedal;1093;1093;0;2018_K_per_valdistrikt.xlsx [K antal]
2018;kf;14801096;Majorna-Linné, Plantagegatan, m fl;1017;1017;0;2018_K_per_valdistrikt.xlsx [K antal]
2018;kf;14801097;Majorna-Linné, Risåsen;1168;1168;0;2018_K_per_valdistrikt.xlsx [K antal]
2018;kf;14801098;Majorna-Linné, Sveaplan;1357;1357;0;2018_K_per_valdistrikt.xlsx [K antal]
2018;kf;14801100;Centrum, Framnäs;1159;1159;0;2018_K_per_valdistrikt.xlsx [K antal]
2018;kf;14801101;Centrum, Fredriksdal;818;818;0;2018_K_per_valdistrikt.xlsx [K antal]
2018;kf;14801102;Centrum, Fridkullagatan m fl;1180;1180;0;2018_K_per_valdistrikt.xlsx [K antal]
2018;kf;14801103;Centrum, Getebergsäng;1469;1469;0;2018_K_per_valdistrikt.xlsx [K antal]
2018;kf;14801104;Centrum, Kristinehöjd, Västra;1364;1364;0;2018_K_per_valdistrikt.xlsx [K antal]
2018;kf;14801105;Centrum, Kristinehöjd, Östra;1392;1392;0;2018_K_per_valdistrikt.xlsx [K antal]
2018;kf;14801106;Centrum, Krokslätt, Norra;1175;1175;0;2018_K_per_valdistrikt.xlsx [K antal]
2018;kf;14801107;Centrum, Krokslätt, Södra;587;587;0;2018_K_per_valdistrikt.xlsx [K antal]
2018;kf;14801108;Centrum, Mossen;1015;1015;0;2018_K_per_valdistrikt.xlsx [K antal]
2018;kf;14801109;Centrum, Olofshöjd;1120;1120;0;2018_K_per_valdistrikt.xlsx [K antal]
2018;kf;14801111;Centrum, Eklanda Norra;1107;1107;0;2018_K_per_valdistrikt.xlsx [K antal]
2018;kf;14801112;Centrum, Eklanda Södra;1135;1135;0;2018_K_per_valdistrikt.xlsx [K antal]
2018;kf;14801113;Centrum, Johanneberg, Nedre;1444;1444;0;2018_K_per_valdistrikt.xlsx [K antal]
2018;kf;14801114;Centrum, Johanneberg, Västra;1041;1041;0;2018_K_per_valdistrikt.xlsx [K antal]
2018;kf;14801115;Centrum, Johanneberg, Östra;1118;1118;0;2018_K_per_valdistrikt.xlsx [K antal]
2018;kf;14801116;Centrum, Johanneberg, Övre;1106;1106;0;2018_K_per_valdistrikt.xlsx [K antal]
2018;kf;14801121;Centrum, Landala;1415;1415;0;2018_K_per_valdistrikt.xlsx [K antal]
2018;kf;14801122;Centrum, Landalabergen m fl;1516;1516;0;2018_K_per_valdistrikt.xlsx [K antal]
2018;kf;14801123;Centrum, Landalagången m fl;1302;1302;0;2018_K_per_valdistrikt.xlsx [K antal]
2018;kf;14801131;Centrum, Doktor Forselius Backe m fl;1303;1303;0;2018_K_per_valdistrikt.xlsx [K antal]
2018;kf;14801132;Centrum, Guldheden Vattentornet;1395;1395;0;2018_K_per_valdistrikt.xlsx [K antal]
2018;kf;14801133;Centrum, Guldheden Östra;1121;1121;0;2018_K_per_valdistrikt.xlsx [K antal]
2018;kf;14801134;Centrum, Guldheden, Centrala;1217;1217;0;2018_K_per_valdistrikt.xlsx [K antal]
2018;kf;14801135;Centrum, Guldheden, Norra;1156;1156;0;2018_K_per_valdistrikt.xlsx [K antal]
2018;kf;14801136;Centrum, Guldheden, Södra;1344;1344;0;2018_K_per_valdistrikt.xlsx [K antal]
2018;kf;14801137;Centrum, Landala Egnahem;1190;1190;0;2018_K_per_valdistrikt.xlsx [K antal]
2018;kf;14801141;Centrum, Lorensberg;1357;1357;0;2018_K_per_valdistrikt.xlsx [K antal]
2018;kf;14801151;Centrum, Fogelbergsparken;1118;1118;0;2018_K_per_valdistrikt.xlsx [K antal]
2018;kf;14801152;Centrum, Valand;1168;1168;0;2018_K_per_valdistrikt.xlsx [K antal]
2018;kf;14801153;Centrum, Vasastaden, Norra;1289;1289;0;2018_K_per_valdistrikt.xlsx [K antal]
2018;kf;14801154;Centrum, Vasastaden, Södra;1228;1228;0;2018_K_per_valdistrikt.xlsx [K antal]
2018;kf;14801155;Centrum, Vasastaden, Östra;1226;1226;0;2018_K_per_valdistrikt.xlsx [K antal]
2018;kf;14801161;Centrum, Inom Vallgraven;1377;1377;0;2018_K_per_valdistrikt.xlsx [K antal]
2018;kf;14801162;Centrum, Nordstan;1246;1246;0;2018_K_per_valdistrikt.xlsx [K antal]
2018;kf;14801163;Centrum, Otterhällan;1043;1043;0;2018_K_per_valdistrikt.xlsx [K antal]
2018;kf;14801171;Centrum, Friggagatan m fl;1176;1176;0;2018_K_per_valdistrikt.xlsx [K antal]
2018;kf;14801172;Centrum, Gårda, Norra;1120;1120;0;2018_K_per_valdistrikt.xlsx [K antal]
2018;kf;14801173;Centrum, Odinsgatan m fl;1171;1171;0;2018_K_per_valdistrikt.xlsx [K antal]
2018;kf;14801174;Centrum, Stampen;1414;1414;0;2018_K_per_valdistrikt.xlsx [K antal]
2018;kf;14801175;Centrum, Svingeln;1199;1199;0;2018_K_per_valdistrikt.xlsx [K antal]
2018;kf;14801181;Centrum, Bohusgatan m fl;789;789;0;2018_K_per_valdistrikt.xlsx [K antal]
2018;kf;14801182;Centrum, Gårda, Södra;1017;1017;0;2018_K_per_valdistrikt.xlsx [K antal]
2018;kf;14801183;Centrum, Heden;1264;1264;0;2018_K_per_valdistrikt.xlsx [K antal]
2018;kf;14801184;Centrum, Hedås;1432;1432;0;2018_K_per_valdistrikt.xlsx [K antal]
2018;kf;14801185;Centrum, Sten Sturegatan m fl;950;950;0;2018_K_per_valdistrikt.xlsx [K antal]
2018;kf;14802011;Örgryte-Härlanda, Gubbero;1284;1284;0;2018_K_per_valdistrikt.xlsx [K antal]
2018;kf;14802012;Örgryte-Härlanda, Olskroken;1375;1375;0;2018_K_per_valdistrikt.xlsx [K antal]
2018;kf;14802013;Örgryte-Härlanda, Redberget;1192;1192;0;2018_K_per_valdistrikt.xlsx [K antal]
2018;kf;14802014;Örgryte-Härlanda, Redbergsplatsen;1199;1199;0;2018_K_per_valdistrikt.xlsx [K antal]
2018;kf;14802021;Örgryte-Härlanda, Bagaregården;1205;1205;0;2018_K_per_valdistrikt.xlsx [K antal]
2018;kf;14802022;Örgryte-Härlanda, Ånäs;1364;1364;0;2018_K_per_valdistrikt.xlsx [K antal]
2018;kf;14802031;Örgryte-Härlanda, Strömmensberg, V;1333;1333;0;2018_K_per_valdistrikt.xlsx [K antal]
2018;kf;14802032;Örgryte-Härlanda, Strömmensberg, Ö;1439;1439;0;2018_K_per_valdistrikt.xlsx [K antal]
2018;kf;14802041;Örgryte-Härlanda, Kallebäck, Norra;1028;1028;0;2018_K_per_valdistrikt.xlsx [K antal]
2018;kf;14802042;Örgryte-Härlanda, Kallebäck, Västra;962;962;0;2018_K_per_valdistrikt.xlsx [K antal]
2018;kf;14802043;Örgryte-Härlanda, Kallebäck, Östra;1138;1138;0;2018_K_per_valdistrikt.xlsx [K antal]
2018;kf;14802051;Örgryte-Härlanda, Jakobsdal;1374;1374;0;2018_K_per_valdistrikt.xlsx [K antal]
2018;kf;14802052;Örgryte-Härlanda, Skår, Norra;1095;1095;0;2018_K_per_valdistrikt.xlsx [K antal]
2018;kf;14802053;Örgryte-Härlanda, Skår, Södra;1239;1239;0;2018_K_per_valdistrikt.xlsx [K antal]
2018;kf;14802061;Örgryte-Härlanda, Bö;986;986;0;2018_K_per_valdistrikt.xlsx [K antal]
2018;kf;14802062;Örgryte-Härlanda, Örgryte;1033;1033;0;2018_K_per_valdistrikt.xlsx [K antal]
2018;kf;14802071;Örgryte-Härlanda, Stora Torp;996;996;0;2018_K_per_valdistrikt.xlsx [K antal]
2018;kf;14802072;Örgryte-Härlanda, Lilla Torp;1583;1583;0;2018_K_per_valdistrikt.xlsx [K antal]
2018;kf;14802081;Örgryte-Härlanda, Danska vägen m fl;1255;1255;0;2018_K_per_valdistrikt.xlsx [K antal]
2018;kf;14802082;Örgryte-Härlanda, Kärralund, Norra;1223;1223;0;2018_K_per_valdistrikt.xlsx [K antal]
2018;kf;14802083;Örgryte-Härlanda, Kärralund, Södra;1301;1301;0;2018_K_per_valdistrikt.xlsx [K antal]
2018;kf;14802084;Örgryte-Härlanda, Lunden, Gamla;1263;1263;0;2018_K_per_valdistrikt.xlsx [K antal]
2018;kf;14802085;Örgryte-Härlanda, Lunden, Nya;1152;1152;0;2018_K_per_valdistrikt.xlsx [K antal]
2018;kf;14802086;Örgryte-Härlanda, Nobelplatsen;1174;1174;0;2018_K_per_valdistrikt.xlsx [K antal]
2018;kf;14802087;Örgryte-Härlanda, Sankt Pauli;1296;1296;0;2018_K_per_valdistrikt.xlsx [K antal]
2018;kf;14802088;Örgryte-Härlanda, Överås;1090;1090;0;2018_K_per_valdistrikt.xlsx [K antal]
2018;kf;14802091;Örgryte-Härlanda, Härlanda;1277;1277;0;2018_K_per_valdistrikt.xlsx [K antal]
2018;kf;14802101;Örgryte-Härlanda, Kålltorp, Norra;1194;1194;0;2018_K_per_valdistrikt.xlsx [K antal]
2018;kf;14802102;Örgryte-Härlanda, Kålltorp, Södra;1245;1245;0;2018_K_per_valdistrikt.xlsx [K antal]
2018;kf;14802103;Örgryte-Härlanda, Kålltorp, Västra;1351;1351;0;2018_K_per_valdistrikt.xlsx [K antal]
2018;kf;14802104;Örgryte-Härlanda, Kålltorp, Östra;1356;1356;0;2018_K_per_valdistrikt.xlsx [K antal]
2018;kf;14802105;Örgryte-Härlanda, Munkebäck, Norra;1120;1120;0;2018_K_per_valdistrikt.xlsx [K antal]
2018;kf;14802106;Örgryte-Härlanda, Munkebäck, Södra;915;915;0;2018_K_per_valdistrikt.xlsx [K antal]
2018;kf;14802111;Örgryte-Härlanda, Fräntorp;1440;1440;0;2018_K_per_valdistrikt.xlsx [K antal]
2018;kf;14802112;Örgryte-Härlanda, Torpa;1605;1605;0;2018_K_per_valdistrikt.xlsx [K antal]
2018;kf;14802121;Örgryte-Härlanda, Björkekärr, Norra;954;954;0;2018_K_per_valdistrikt.xlsx [K antal]
2018;kf;14802122;Örgryte-Härlanda, Björkekärr, Södra;1451;1451;0;2018_K_per_valdistrikt.xlsx [K antal]
2018;kf;14802123;Örgryte-Härlanda, Björkekärr, Västra;1361;1361;0;2018_K_per_valdistrikt.xlsx [K antal]
2018;kf;14802124;Örgryte-Härlanda, Björkekärr, Östra;1352;1352;0;2018_K_per_valdistrikt.xlsx [K antal]
2018;kf;14802125;Örgryte-Härlanda, Robertshöjd m fl;1496;1496;0;2018_K_per_valdistrikt.xlsx [K antal]
2018;kf;14803011;Östra Göteborg, Bellevue;1222;1222;0;2018_K_per_valdistrikt.xlsx [K antal]
2018;kf;14803012;Östra Göteborg, Bellevue Park;1095;1095;0;2018_K_per_valdistrikt.xlsx [K antal]
2018;kf;14803013;Östra Göteborg, Gamlestaden, Norra;1439;1439;0;2018_K_per_valdistrikt.xlsx [K antal]
2018;kf;14803014;Östra Göteborg, Gamlestaden, Södra;957;957;0;2018_K_per_valdistrikt.xlsx [K antal]
2018;kf;14803015;Östra Göteborg, Kviberg, Västra;1219;1219;0;2018_K_per_valdistrikt.xlsx [K antal]
2018;kf;14803016;Östra Göteborg, Kviberg, Östra;1062;1062;0;2018_K_per_valdistrikt.xlsx [K antal]
2018;kf;14803017;Östra Göteborg, Nylöse;1060;1060;0;2018_K_per_valdistrikt.xlsx [K antal]
2018;kf;14803021;Östra Göteborg, Fjällbo;1568;1568;0;2018_K_per_valdistrikt.xlsx [K antal]
2018;kf;14803022;Östra Göteborg, Utby;1495;1495;0;2018_K_per_valdistrikt.xlsx [K antal]
2018;kf;14803023;Östra Göteborg, Utbynäs;1172;1172;0;2018_K_per_valdistrikt.xlsx [K antal]
2018;kf;14803031;Östra Göteborg, Förstamajgatan m fl;1197;1197;0;2018_K_per_valdistrikt.xlsx [K antal]
2018;kf;14803032;Östra Göteborg, Gregorianska g. m fl;1427;1427;0;2018_K_per_valdistrikt.xlsx [K antal]
2018;kf;14803033;Östra Göteborg, Kortedala Centrum;1220;1220;0;2018_K_per_valdistrikt.xlsx [K antal]
2018;kf;14803034;Östra Göteborg, Kortedala, Södra;1310;1310;0;2018_K_per_valdistrikt.xlsx [K antal]
2018;kf;14803035;Östra Göteborg, Kortedala, Västra;1363;1363;0;2018_K_per_valdistrikt.xlsx [K antal]
2018;kf;14803036;Östra Göteborg, Kortedala, Östra;1337;1337;0;2018_K_per_valdistrikt.xlsx [K antal]
2018;kf;14803041;Östra Göteborg, Adventsparken, V;1358;1358;0;2018_K_per_valdistrikt.xlsx [K antal]
2018;kf;14803042;Östra Göteborg, Adventsparken, Ö;1165;1165;0;2018_K_per_valdistrikt.xlsx [K antal]
2018;kf;14803043;Östra Göteborg, Kortedala, Norra;1164;1164;0;2018_K_per_valdistrikt.xlsx [K antal]
2018;kf;14803044;Östra Göteborg, Månadsgatorna m fl;1446;1446;0;2018_K_per_valdistrikt.xlsx [K antal]
2018;kf;14803051;Östra Göteborg, Bergsjön, Norra;1126;1126;0;2018_K_per_valdistrikt.xlsx [K antal]
2018;kf;14803052;Östra Göteborg, Gärdsmosse;1517;1517;0;2018_K_per_valdistrikt.xlsx [K antal]
2018;kf;14803053;Östra Göteborg, Gärdsås;1039;1039;0;2018_K_per_valdistrikt.xlsx [K antal]
2018;kf;14803054;Östra Göteborg, Siriusgatan;2005;2005;0;2018_K_per_valdistrikt.xlsx [K antal]
2018;kf;14803061;Östra Göteborg, Bergsjön, Södra;1643;1643;0;2018_K_per_valdistrikt.xlsx [K antal]
2018;kf;14803062;Östra Göteborg, Bergsjön, Östra;1669;1669;0;2018_K_per_valdistrikt.xlsx [K antal]
2018;kf;14803063;Östra Göteborg, Komettorget;1124;1124;0;2018_K_per_valdistrikt.xlsx [K antal]
2018;kf;14803064;Östra Göteborg, Rymdtorget;1636;1636;0;2018_K_per_valdistrikt.xlsx [K antal]
2018;kf;14804021;Lundby, Bjurslätt, Södra;1441;1441;0;2018_K_per_valdistrikt.xlsx [K antal]
2018;kf;14804022;Lundby, Flunsås;1455;1455;0;2018_K_per_valdistrikt.xlsx [K antal]
2018;kf;14804023;Lundby, Kvillebäcken, Norra;1478;1478;0;2018_K_per_valdistrikt.xlsx [K antal]
2018;kf;14804024;Lundby, Kvillebäcken, Södra;1369;1369;0;2018_K_per_valdistrikt.xlsx [K antal]
2018;kf;14804025;Lundby, Kvillebäcken, Östra;1244;1244;0;2018_K_per_valdistrikt.xlsx [K antal]
2018;kf;14804026;Lundby, Penselgatan m fl;1341;1341;0;2018_K_per_valdistrikt.xlsx [K antal]
2018;kf;14804027;Lundby, Wieselgrensplatsen;1687;1687;0;2018_K_per_valdistrikt.xlsx [K antal]
2018;kf;14804028;Lundby, Vågmästarplatsen;458;458;0;2018_K_per_valdistrikt.xlsx [K antal]
2018;kf;14804031;Lundby, Bjurslätt, Norra;1155;1155;0;2018_K_per_valdistrikt.xlsx [K antal]
2018;kf;14804032;Lundby, Hilldedal;1317;1317;0;2018_K_per_valdistrikt.xlsx [K antal]
2018;kf;14804033;Lundby, Slätta Damm;966;966;0;2018_K_per_valdistrikt.xlsx [K antal]
2018;kf;14804041;Lundby, Kärrdalen;1496;1496;0;2018_K_per_valdistrikt.xlsx [K antal]
2018;kf;14804042;Lundby, Tolered, Norra;1186;1186;0;2018_K_per_valdistrikt.xlsx [K antal]
2018;kf;14804043;Lundby, Tolered, Södra;1163;1163;0;2018_K_per_valdistrikt.xlsx [K antal]
2018;kf;14804051;Norra Hisingen, Glöstorp;1425;1425;0;2018_K_per_valdistrikt.xlsx [K antal]
2018;kf;14804052;Norra Hisingen, Gunnestorp;1198;1198;0;2018_K_per_valdistrikt.xlsx [K antal]
2018;kf;14804053;Norra Hisingen, Norumshöjd;1463;1463;0;2018_K_per_valdistrikt.xlsx [K antal]
2018;kf;14804054;Norra Hisingen, Tuve, Norra;777;777;0;2018_K_per_valdistrikt.xlsx [K antal]
2018;kf;14804055;Norra Hisingen, Tuve, Södra;1427;1427;0;2018_K_per_valdistrikt.xlsx [K antal]
2018;kf;14804056;Norra Hisingen, Tången;1283;1283;0;2018_K_per_valdistrikt.xlsx [K antal]
2018;kf;14804061;Norra Hisingen, Säve;1392;1392;0;2018_K_per_valdistrikt.xlsx [K antal]
2018;kf;14804071;Norra Hisingen, Gerrebacka-Ingebäck;1442;1442;0;2018_K_per_valdistrikt.xlsx [K antal]
2018;kf;14804072;Norra Hisingen, Kärra, Norra;1118;1118;0;2018_K_per_valdistrikt.xlsx [K antal]
2018;kf;14804073;Norra Hisingen, Kärra, Södra;1360;1360;0;2018_K_per_valdistrikt.xlsx [K antal]
2018;kf;14804074;Norra Hisingen, Kärra, Västra;1264;1264;0;2018_K_per_valdistrikt.xlsx [K antal]
2018;kf;14804075;Norra Hisingen, Kärra, Östra;1351;1351;0;2018_K_per_valdistrikt.xlsx [K antal]
2018;kf;14804076;Norra Hisingen, Mysterna-Svankälla;1422;1422;0;2018_K_per_valdistrikt.xlsx [K antal]
2018;kf;14804081;Norra Hisingen, Rödbo;1070;1070;0;2018_K_per_valdistrikt.xlsx [K antal]
2018;kf;14804091;Norra Hisingen, Sankt Jörgen;1083;1083;0;2018_K_per_valdistrikt.xlsx [K antal]
2018;kf;14804092;Norra Hisingen, Skogome;957;957;0;2018_K_per_valdistrikt.xlsx [K antal]
2018;kf;14804101;Norra Hisingen, Aröd;1224;1224;0;2018_K_per_valdistrikt.xlsx [K antal]
2018;kf;14804102;Norra Hisingen, Brunnsbo, Norra;1342;1342;0;2018_K_per_valdistrikt.xlsx [K antal]
2018;kf;14804103;Norra Hisingen, Brunnsbo, Södra;1536;1536;0;2018_K_per_valdistrikt.xlsx [K antal]
2018;kf;14804104;Norra Hisingen, Tingstad;1403;1403;0;2018_K_per_valdistrikt.xlsx [K antal]
2018;kf;14804121;Norra Hisingen, Backa Röd;1179;1179;0;2018_K_per_valdistrikt.xlsx [K antal]
2018;kf;14804122;Norra Hisingen, Backa, Norra;1205;1205;0;2018_K_per_valdistrikt.xlsx [K antal]
2018;kf;14804123;Norra Hisingen, Backa, Södra;1100;1100;0;2018_K_per_valdistrikt.xlsx [K antal]
2018;kf;14804124;Norra Hisingen, Bällskär;1273;1273;0;2018_K_per_valdistrikt.xlsx [K antal]
2018;kf;14804125;Norra Hisingen, Wadköpingsgatan m fl;1383;1383;0;2018_K_per_valdistrikt.xlsx [K antal]
2018;kf;14804131;Norra Hisingen, Backadalen;1422;1422;0;2018_K_per_valdistrikt.xlsx [K antal]
2018;kf;14804132;Norra Hisingen, Bäckebol;1543;1543;0;2018_K_per_valdistrikt.xlsx [K antal]
2018;kf;14804133;Norra Hisingen, Selma Lagerlöfs torg;1299;1299;0;2018_K_per_valdistrikt.xlsx [K antal]
2018;kf;14804134;Norra Hisingen, Skälltorp;1520;1520;0;2018_K_per_valdistrikt.xlsx [K antal]
2018;kf;14804135;Norra Hisingen, Åketorp;1287;1287;0;2018_K_per_valdistrikt.xlsx [K antal]
2018;kf;14804141;Lundby, Bräcke, Norra;1393;1393;0;2018_K_per_valdistrikt.xlsx [K antal]
2018;kf;14804142;Lundby, Bräcke, Södra;1197;1197;0;2018_K_per_valdistrikt.xlsx [K antal]
2018;kf;14804143;Lundby, Kyrkbyn;1580;1580;0;2018_K_per_valdistrikt.xlsx [K antal]
2018;kf;14804144;Lundby, Lundby, Norra;1296;1296;0;2018_K_per_valdistrikt.xlsx [K antal]
2018;kf;14804145;Lundby, Lundby, Södra;1113;1113;0;2018_K_per_valdistrikt.xlsx [K antal]
2018;kf;14804151;Lundby, Brämaregården, Norra;1573;1573;0;2018_K_per_valdistrikt.xlsx [K antal]
2018;kf;14804152;Lundby, Brämaregården, Södra;1112;1112;0;2018_K_per_valdistrikt.xlsx [K antal]
2018;kf;14804153;Lundby, Porslinsfabriken;1261;1261;0;2018_K_per_valdistrikt.xlsx [K antal]
2018;kf;14804154;Lundby, Rambergsstaden, Norra;1211;1211;0;2018_K_per_valdistrikt.xlsx [K antal]
2018;kf;14804155;Lundby, Rambergsstaden, Södra;1364;1364;0;2018_K_per_valdistrikt.xlsx [K antal]
2018;kf;14804156;Lundby, Rambergsstaden, Östra;1500;1500;0;2018_K_per_valdistrikt.xlsx [K antal]
2018;kf;14804161;Lundby, Eriksberg, Västra;1442;1442;0;2018_K_per_valdistrikt.xlsx [K antal]
2018;kf;14804162;Lundby, Eriksberg, Östra;1439;1439;0;2018_K_per_valdistrikt.xlsx [K antal]
2018;kf;14804163;Lundby, Färjenäs;733;733;0;2018_K_per_valdistrikt.xlsx [K antal]
2018;kf;14804164;Lundby, Pölsebo-Bratterås;1532;1532;0;2018_K_per_valdistrikt.xlsx [K antal]
2018;kf;14804165;Lundby, Sannegården, Västra;1494;1494;0;2018_K_per_valdistrikt.xlsx [K antal]
2018;kf;14804166;Lundby, Södhallsberget;1296;1296;0;2018_K_per_valdistrikt.xlsx [K antal]
2018;kf;14804171;Lundby, Lindholmen;1114;1114;0;2018_K_per_valdistrikt.xlsx [K antal]
2018;kf;14804172;Lundby, Lundbyvassen;988;988;0;2018_K_per_valdistrikt.xlsx [K antal]
2018;kf;14804173;Lundby, Sannegården, Östra;1090;1090;0;2018_K_per_valdistrikt.xlsx [K antal]
2018;kf;14805011;Västra Göteborg, Björnekulla;1062;1062;0;2018_K_per_valdistrikt.xlsx [K antal]
2018;kf;14805012;Västra Göteborg, Fiskebäck,;1167;1167;0;2018_K_per_valdistrikt.xlsx [K antal]
2018;kf;14805013;Västra Göteborg, Källängen;1265;1265;0;2018_K_per_valdistrikt.xlsx [K antal]
2018;kf;14805014;Västra Göteborg, Osberget;1077;1077;0;2018_K_per_valdistrikt.xlsx [K antal]
2018;kf;14805015;Västra Göteborg, Påvelund;1135;1135;0;2018_K_per_valdistrikt.xlsx [K antal]
2018;kf;14805021;Västra Göteborg, Långedrag;1568;1568;0;2018_K_per_valdistrikt.xlsx [K antal]
2018;kf;14805031;Västra Göteborg, Hagen;1496;1496;0;2018_K_per_valdistrikt.xlsx [K antal]
2018;kf;14805032;Västra Göteborg, Nya Varvet;1528;1528;0;2018_K_per_valdistrikt.xlsx [K antal]
2018;kf;14805033;Västra Göteborg, Tångudden;1304;1304;0;2018_K_per_valdistrikt.xlsx [K antal]
2018;kf;14805041;Västra Göteborg, Ekebäck;1218;1218;0;2018_K_per_valdistrikt.xlsx [K antal]
2018;kf;14805042;Västra Göteborg, Grimmered;1109;1109;0;2018_K_per_valdistrikt.xlsx [K antal]
2018;kf;14805043;Västra Göteborg, Kungsten;1099;1099;0;2018_K_per_valdistrikt.xlsx [K antal]
2018;kf;14805051;Västra Göteborg, Brännö-Asperö;1062;1062;0;2018_K_per_valdistrikt.xlsx [K antal]
2018;kf;14805052;Västra Göteborg, Donsö-Vrångö;1427;1427;0;2018_K_per_valdistrikt.xlsx [K antal]
2018;kf;14805053;Västra Göteborg, Styrsö-Köpstadsö;1159;1159;0;2018_K_per_valdistrikt.xlsx [K antal]
2018;kf;14805061;Västra Göteborg, Bratthammar;1364;1364;0;2018_K_per_valdistrikt.xlsx [K antal]
2018;kf;14805071;Västra Göteborg, Guldringen m fl;1196;1196;0;2018_K_per_valdistrikt.xlsx [K antal]
2018;kf;14805072;Västra Göteborg, Tynnered, Norra;1126;1126;0;2018_K_per_valdistrikt.xlsx [K antal]
2018;kf;14805081;Västra Göteborg, Tynnered Södra;750;750;0;2018_K_per_valdistrikt.xlsx [K antal]
2018;kf;14805082;Västra Göteborg, Tynnered, Östra;1463;1463;0;2018_K_per_valdistrikt.xlsx [K antal]
2018;kf;14805091;Askim-Frölunda-Högsbo, Kaverös, N;1274;1274;0;2018_K_per_valdistrikt.xlsx [K antal]
2018;kf;14805092;Askim-Frölunda-Högsbo, Kaverös, S;1189;1189;0;2018_K_per_valdistrikt.xlsx [K antal]
2018;kf;14805093;Askim-Frölunda-Högsbo, Kavås;1265;1265;0;2018_K_per_valdistrikt.xlsx [K antal]
2018;kf;14805101;Askim-Frölunda-Högsbo, Flatås, S;1241;1241;0;2018_K_per_valdistrikt.xlsx [K antal]
2018;kf;14805102;Askim-Frölunda-Högsbo, Flatås, V;636;636;0;2018_K_per_valdistrikt.xlsx [K antal]
2018;kf;14805103;Askim-Frölunda-Högsbo, Flatås, Ö;1167;1167;0;2018_K_per_valdistrikt.xlsx [K antal]
2018;kf;14805111;Askim-Frölunda-Högsbo, Högsbohöjd, N;1422;1422;0;2018_K_per_valdistrikt.xlsx [K antal]
2018;kf;14805112;Askim-Frölunda-Högsbo, Högsbohöjd, S;1512;1512;0;2018_K_per_valdistrikt.xlsx [K antal]
2018;kf;14805121;Askim-Frölunda-Högsbo, Högsbo;1079;1079;0;2018_K_per_valdistrikt.xlsx [K antal]
2018;kf;14805122;Askim-Frölunda-Högsbo, Högsbotorp, S;1186;1186;0;2018_K_per_valdistrikt.xlsx [K antal]
2018;kf;14805123;Askim-Frölunda-Högsbo, Högsbotorp, V;1108;1108;0;2018_K_per_valdistrikt.xlsx [K antal]
2018;kf;14805124;Askim-Frölunda-Högsbo, Högsbotorp, Ö;1443;1443;0;2018_K_per_valdistrikt.xlsx [K antal]
2018;kf;14805125;Askim-Frölunda-Högsbo, Marklandsgat.;1196;1196;0;2018_K_per_valdistrikt.xlsx [K antal]
2018;kf;14805131;Askim-Frölunda-Högsbo, Spinetten;926;926;0;2018_K_per_valdistrikt.xlsx [K antal]
2018;kf;14805132;Askim-Frölunda-Högsbo, Tofta;1257;1257;0;2018_K_per_valdistrikt.xlsx [K antal]
2018;kf;14805141;Askim-Frölunda-Högsbo, Altplatsen;913;913;0;2018_K_per_valdistrikt.xlsx [K antal]
2018;kf;14805142;Askim-Frölunda-Högsbo, Ruddalen;1018;1018;0;2018_K_per_valdistrikt.xlsx [K antal]
2018;kf;14805151;Askim-Frölunda-Högsbo, Järnbrott, S;1195;1195;0;2018_K_per_valdistrikt.xlsx [K antal]
2018;kf;14805152;Askim-Frölunda-Högsbo, Järnbrott, V;1021;1021;0;2018_K_per_valdistrikt.xlsx [K antal]
2018;kf;14805153;Askim-Frölunda-Högsbo, Järnbrott, Ö;1136;1136;0;2018_K_per_valdistrikt.xlsx [K antal]
2018;kf;14805171;Askim-Frölunda-Högsbo, Frölunda;1031;1031;0;2018_K_per_valdistrikt.xlsx [K antal]
2018;kf;14805172;Askim-Frölunda-Högsbo, Frölunda Torg;1548;1548;0;2018_K_per_valdistrikt.xlsx [K antal]
2018;kf;14805173;Askim-Frölunda-Högsbo, Gånglåten;1200;1200;0;2018_K_per_valdistrikt.xlsx [K antal]
2018;kf;14805174;Askim-Frölunda-Högsbo, Mandolingatan;1147;1147;0;2018_K_per_valdistrikt.xlsx [K antal]
2018;kf;14805181;Västra Göteborg, Korsåsen;1530;1530;0;2018_K_per_valdistrikt.xlsx [K antal]
2018;kf;14805182;Västra Göteborg, Ängås;1444;1444;0;2018_K_per_valdistrikt.xlsx [K antal]
2018;kf;14805191;Västra Göteborg, Önnered, Västra;1388;1388;0;2018_K_per_valdistrikt.xlsx [K antal]
2018;kf;14805192;Västra Göteborg, Önnered, Östra;1504;1504;0;2018_K_per_valdistrikt.xlsx [K antal]
2018;kf;14805201;Västra Göteborg, Grevegården;1357;1357;0;2018_K_per_valdistrikt.xlsx [K antal]
2018;kf;14805202;Västra Göteborg, Skattegården;1604;1604;0;2018_K_per_valdistrikt.xlsx [K antal]
2018;kf;14805211;Västra Göteborg, Näset, Norra;1308;1308;0;2018_K_per_valdistrikt.xlsx [K antal]
2018;kf;14805212;Västra Göteborg, Näset, Södra;1120;1120;0;2018_K_per_valdistrikt.xlsx [K antal]
2018;kf;14805213;Västra Göteborg, Välen;1018;1018;0;2018_K_per_valdistrikt.xlsx [K antal]
2018;kf;14805214;Västra Göteborg, Åkered;1084;1084;0;2018_K_per_valdistrikt.xlsx [K antal]
2018;kf;14805221;Västra Göteborg, Opaltorget, Norra;1370;1370;0;2018_K_per_valdistrikt.xlsx [K antal]
2018;kf;14805222;Västra Göteborg, Opaltorget, Södra;1010;1010;0;2018_K_per_valdistrikt.xlsx [K antal]
2018;kf;14805231;Askim-Frölunda-Högsbo, Askim;1191;1191;0;2018_K_per_valdistrikt.xlsx [K antal]
2018;kf;14805232;Askim-Frölunda-Högsbo, Hovås, Norra;1147;1147;0;2018_K_per_valdistrikt.xlsx [K antal]
2018;kf;14805233;Askim-Frölunda-Högsbo, Hult;1185;1185;0;2018_K_per_valdistrikt.xlsx [K antal]
2018;kf;14805234;Askim-Frölunda-Högsbo, Pilegården;1252;1252;0;2018_K_per_valdistrikt.xlsx [K antal]
2018;kf;14805235;Askim-Frölunda-Högsbo, Sisjön, N;282;282;0;2018_K_per_valdistrikt.xlsx [K antal]
2018;kf;14805236;Askim-Frölunda-Högsbo, Sisjön, S;1190;1190;0;2018_K_per_valdistrikt.xlsx [K antal]
2018;kf;14805237;Askim-Frölunda-Högsbo, Sisjön, V;1495;1495;0;2018_K_per_valdistrikt.xlsx [K antal]
2018;kf;14805241;Askim-Frölunda-Högsbo, Hovås, Södra;1108;1108;0;2018_K_per_valdistrikt.xlsx [K antal]
2018;kf;14805242;Askim-Frölunda-Högsbo, Trollåsen;1440;1440;0;2018_K_per_valdistrikt.xlsx [K antal]
2018;kf;14805251;Askim-Frölunda-Högsbo, Billdal, N;1271;1271;0;2018_K_per_valdistrikt.xlsx [K antal]
2018;kf;14805252;Askim-Frölunda-Högsbo, Billdal, S;1053;1053;0;2018_K_per_valdistrikt.xlsx [K antal]
2018;kf;14805253;Askim-Frölunda-Högsbo, Brottkärr;1220;1220;0;2018_K_per_valdistrikt.xlsx [K antal]
2018;kf;14805254;Askim-Frölunda-Högsbo, Lindås;1214;1214;0;2018_K_per_valdistrikt.xlsx [K antal]
2018;kf;14805255;Askim-Frölunda-Högsbo, Lyckhem;1267;1267;0;2018_K_per_valdistrikt.xlsx [K antal]
2018;kf;14805256;Askim-Frölunda-Högsbo, Nygård;1230;1230;0;2018_K_per_valdistrikt.xlsx [K antal]
2018;kf;14805257;Askim-Frölunda-Högsbo, Skintebo;1196;1196;0;2018_K_per_valdistrikt.xlsx [K antal]
2018;kf;14805258;Askim-Frölunda-Högsbo, Uggleberget;455;455;0;2018_K_per_valdistrikt.xlsx [K antal]
2018;kf;14806011;Angered, Lövgärdet, Nedre;2195;2195;0;2018_K_per_valdistrikt.xlsx [K antal]
2018;kf;14806012;Angered, Lövgärdet, Övre;1814;1814;0;2018_K_per_valdistrikt.xlsx [K antal]
2018;kf;14806013;Angered, Lövgärdets Centrum;1352;1352;0;2018_K_per_valdistrikt.xlsx [K antal]
2018;kf;14806021;Angered, Rannebergen, Norra;1780;1780;0;2018_K_per_valdistrikt.xlsx [K antal]
2018;kf;14806022;Angered, Rannebergen, Södra;1721;1721;0;2018_K_per_valdistrikt.xlsx [K antal]
2018;kf;14806031;Angered, Gårdsten, Norra;1642;1642;0;2018_K_per_valdistrikt.xlsx [K antal]
2018;kf;14806032;Angered, Gårdsten, Södra;1021;1021;0;2018_K_per_valdistrikt.xlsx [K antal]
2018;kf;14806033;Angered, Gårdsten, Västra;2171;2171;0;2018_K_per_valdistrikt.xlsx [K antal]
2018;kf;14806034;Angered, Gårdsten, Östra;1606;1606;0;2018_K_per_valdistrikt.xlsx [K antal]
2018;kf;14806041;Angered, Angereds Centrum;1643;1643;0;2018_K_per_valdistrikt.xlsx [K antal]
2018;kf;14806042;Angered, Trägårdsgärdet;1285;1285;0;2018_K_per_valdistrikt.xlsx [K antal]
2018;kf;14806051;Angered, Agnesberg;783;783;0;2018_K_per_valdistrikt.xlsx [K antal]
2018;kf;14806061;Angered, Hammarkullen, Centrum;1422;1422;0;2018_K_per_valdistrikt.xlsx [K antal]
2018;kf;14806062;Angered, Hammarkullen, Västra;1418;1418;0;2018_K_per_valdistrikt.xlsx [K antal]
2018;kf;14806063;Angered, Hammarkullen, Östra;1260;1260;0;2018_K_per_valdistrikt.xlsx [K antal]
2018;kf;14806064;Angered, Sandeslätt;1345;1345;0;2018_K_per_valdistrikt.xlsx [K antal]
2018;kf;14806101;Angered, Gunnilse-Linnarhult;1674;1674;0;2018_K_per_valdistrikt.xlsx [K antal]
2018;kf;14806111;Angered, Bergum;1275;1275;0;2018_K_per_valdistrikt.xlsx [K antal]
2018;kf;14806112;Angered, Björsared;1074;1074;0;2018_K_per_valdistrikt.xlsx [K antal]
2018;kf;14806113;Angered, Olofstorp;1279;1279;0;2018_K_per_valdistrikt.xlsx [K antal]
2018;kf;14806121;Angered, Bläsebo;1440;1440;0;2018_K_per_valdistrikt.xlsx [K antal]
2018;kf;14806122;Angered, Hjällbo, Norra;1532;1532;0;2018_K_per_valdistrikt.xlsx [K antal]
2018;kf;14806123;Angered, Hjällbo, Södra;1093;1093;0;2018_K_per_valdistrikt.xlsx [K antal]
2018;kf;14806124;Angered, Skolspåret;1123;1123;0;2018_K_per_valdistrikt.xlsx [K antal]
2018;kf;14806131;Angered, Eriksbo;1917;1917;0;2018_K_per_valdistrikt.xlsx [K antal]
2018;kf;14807011;Västra Hisingen, Biskopsgården, N;2318;2318;0;2018_K_per_valdistrikt.xlsx [K antal]
2018;kf;14807012;Västra Hisingen, Svarte Mosse;1118;1118;0;2018_K_per_valdistrikt.xlsx [K antal]
2018;kf;14807021;Västra Hisingen, Länsmansgården, C;1460;1460;0;2018_K_per_valdistrikt.xlsx [K antal]
2018;kf;14807022;Västra Hisingen, Länsmansgården, N;1349;1349;0;2018_K_per_valdistrikt.xlsx [K antal]
2018;kf;14807023;Västra Hisingen, Länsmansgården, S;1185;1185;0;2018_K_per_valdistrikt.xlsx [K antal]
2018;kf;14807031;Västra Hisingen, Länsmansgården, Ö;1513;1513;0;2018_K_per_valdistrikt.xlsx [K antal]
2018;kf;14807032;Västra Hisingen, Svartedalen, Norra;1538;1538;0;2018_K_per_valdistrikt.xlsx [K antal]
2018;kf;14807041;Västra Hisingen, Andalen;1231;1231;0;2018_K_per_valdistrikt.xlsx [K antal]
2018;kf;14807042;Västra Hisingen, Gossbydal-Trånget;1280;1280;0;2018_K_per_valdistrikt.xlsx [K antal]
2018;kf;14807043;Västra Hisingen, Hjuvik;1498;1498;0;2018_K_per_valdistrikt.xlsx [K antal]
2018;kf;14807044;Västra Hisingen, Hällsvik;1210;1210;0;2018_K_per_valdistrikt.xlsx [K antal]
2018;kf;14807051;Västra Hisingen, Amhult-Arendal;1362;1362;0;2018_K_per_valdistrikt.xlsx [K antal]
2018;kf;14807052;Västra Hisingen, Domarringen m fl;1220;1220;0;2018_K_per_valdistrikt.xlsx [K antal]
2018;kf;14807053;Västra Hisingen, Nolered;1386;1386;0;2018_K_per_valdistrikt.xlsx [K antal]
2018;kf;14807054;Västra Hisingen, Torslanda;1388;1388;0;2018_K_per_valdistrikt.xlsx [K antal]
2018;kf;14807055;Västra Hisingen, Torslanda Torg;1248;1248;0;2018_K_per_valdistrikt.xlsx [K antal]
2018;kf;14807056;Västra Hisingen, Tumlehed;1320;1320;0;2018_K_per_valdistrikt.xlsx [K antal]
2018;kf;14807061;Västra Hisingen, Björlanda;1198;1198;0;2018_K_per_valdistrikt.xlsx [K antal]
2018;kf;14807062;Västra Hisingen, Kvisljungeby;1163;1163;0;2018_K_per_valdistrikt.xlsx [K antal]
2018;kf;14807063;Västra Hisingen, Lilleby;1354;1354;0;2018_K_per_valdistrikt.xlsx [K antal]
2018;kf;14807064;Västra Hisingen, Nolvik;1114;1114;0;2018_K_per_valdistrikt.xlsx [K antal]
2018;kf;14807065;Västra Hisingen, Älvegården m fl;1089;1089;0;2018_K_per_valdistrikt.xlsx [K antal]
2018;kf;14807081;Västra Hisingen, Biskopsgården, S;1382;1382;0;2018_K_per_valdistrikt.xlsx [K antal]
2018;kf;14807082;Västra Hisingen, Treröset;1183;1183;0;2018_K_per_valdistrikt.xlsx [K antal]
2018;kf;14807083;Västra Hisingen, Vårväderstorget;1718;1718;0;2018_K_per_valdistrikt.xlsx [K antal]
2018;kf;14807084;Västra Hisingen, Väderlekstorget;1639;1639;0;2018_K_per_valdistrikt.xlsx [K antal]
2018;kf;14807091;Västra Hisingen, Jättesten;1308;1308;0;2018_K_per_valdistrikt.xlsx [K antal]
2018;kf;14807092;Västra Hisingen, Kärrmossen;1323;1323;0;2018_K_per_valdistrikt.xlsx [K antal]
2018;kf;14807093;Västra Hisingen, Svartedalen, Södra;1128;1128;0;2018_K_per_valdistrikt.xlsx [K antal]
2018;kf;14807094;Västra Hisingen, Önskevädersg. m fl;1150;1150;0;2018_K_per_valdistrikt.xlsx [K antal]
